act_tag,caller,conversation_no,end_ts,pos,ptb_basename,ptb_treenumbers,start_ts,subutterance_index,swda_filename,text,transcript_index,trees,utterance_index
o,A,2175,1.0,Okay/UH ./.,2/sw2175,,0.64,1,sw09utt/sw_0998_2175.utt,Okay. /,0,,1
b^m,B,2175,1.5799999999999998,Okay/UH ./.,2/sw2175,,1.42,1,sw09utt/sw_0998_2175.utt,Okay. /,1,,2
x,A,2175,0.0,,2/sw2175,,0.0,1,sw09utt/sw_0998_2175.utt,<Laughter>.,2,,3
sd^t,B,2175,4.1,I/PRP forgot/VBD all/DT about/IN that/DT that/IN it/PRP had/VBD to/TO be/VB pressed/VBN ./.,2/sw2175,,1.84,1,sw09utt/sw_0998_2175.utt,I forgot all about that that it had to be pressed. /,3,,4
x,A,2175,0.0,,2/sw2175,,0.0,1,sw09utt/sw_0998_2175.utt,<Laughter>.,4,,5
%,B,2175,8.1,"Um/UH ,/, but/CC anyway/UH ,/, so/RB ,/, so/RB as/RB far/RB as/IN ,/,",2/sw2175,,4.62,1,sw09utt/sw_0998_2175.utt,"{F Um, } {C but } {D anyway, } {D so, } {D so } as far as, - /",5,,6
sd,B,2175,12.559999999999999,"w-/PRP ,/, we/PRP really/RB ,/, we/PRP do/VBP n't/RB want/VB to/TO get/VB in/IN the/DT habit/NN of/IN watching/VBG a/DT lot/NN of/IN T/NN V/NN --/:",2/sw2175,,8.26,2,sw09utt/sw_0998_2175.utt,"[ [ w-, + we really, + we ] don't want to get in the habit of watching a lot of T V --",6,,6
b,A,2175,13.120000000000001,Uh-huh/UH ./.,2/sw2175,,12.98,1,sw09utt/sw_0998_2175.utt,Uh-huh. /,7,,7
+,B,2175,19.86,"--/: because/IN we/PRP both/DT were/VBD raised/VBN ,/, you/PRP know/VBP ,/, that/DT way/NN ,/, you/PRP know/VBP ,/, where/WRB our/PRP$ parents/NNS sort/RB of/RB stuck/VBD us/PRP in/IN front/NN of/IN a/DT T/NN V/NN to/TO be/VB the/DT baby-sitter/NN ./.",2/sw2175,,13.28,1,sw09utt/sw_0998_2175.utt,"-- because we both were raised, {D you know, } that way, {D you know, } where our parents sort of stuck us in front of a T V to be the baby-sitter. /",8,,8
b,A,2175,20.5,Uh-huh/UH ./.,2/sw2175,,20.24,1,sw09utt/sw_0998_2175.utt,Uh-huh. /,9,,9
sd,B,2175,21.64,And/CC we/PRP just/RB do/VBP n't/RB want/VB that/DT ./.,2/sw2175,,20.48,1,sw09utt/sw_0998_2175.utt,{C And } we just don't want that.  /,10,,10
sd,B,2175,25.98,"We/PRP want/VBP more/JJR communication/NN and/CC interaction/NN ,/, you/PRP know/VBP ,/, amongst/IN us/PRP as/IN a/DT family/NN ./.",2/sw2175,,21.64,2,sw09utt/sw_0998_2175.utt,"We want more communication and interaction, {D you know, } amongst us as a family.  /",11,,10
sd,B,2175,27.92,"And/CC we/PRP both/DT like/VBP sports/NNS ,/,",2/sw2175,,26.48,3,sw09utt/sw_0998_2175.utt,"{C And } we both like sports,  /",12,,10
sd,B,2175,33.6,"so/RB we/PRP figured/VBD ,/, well/UH what/WP ,/, what/WP better/JJR way/NN to/TO get/VB out/RB and/CC ,/, you/PRP know/VBP ,/, be/VB together/RB as/IN a/DT family/NN --/:",2/sw2175,,27.92,4,sw09utt/sw_0998_2175.utt,"{C so } we figured, {D well } [ what, + what ] better way to get out and, {D you know, } be together as a family --",13,,10
b,A,2175,33.76,Uh-huh/UH ./.,2/sw2175,,33.62,1,sw09utt/sw_0998_2175.utt,Uh-huh. /,14,,11
+,B,2175,36.2,"--/: and/CC also/RB ,/, you/PRP know/VBP ,/, have/VB it/PRP be/VB good/JJ for/IN you/PRP ./.",2/sw2175,,33.74,1,sw09utt/sw_0998_2175.utt,"-- and also, {D you know, } have it be good for you.  /",15,,12
sd,B,2175,38.52,"And/CC plus/CC ,/, we/PRP like/VBP ,/, we/PRP both/DT like/VBP to/TO cook/VB ,/,",2/sw2175,,36.46,2,sw09utt/sw_0998_2175.utt,"{C And } plus, [ we like, + we both like ] to cook,  /",16,,12
sd,B,2175,46.14,"so/RB ,/, you/PRP know/VBP ,/, that/DT 's/BES something/NN we/PRP spend/VBP time/NN together/RB too/RB ,/, is/VBZ ,/, you/PRP know/VBP ,/, cooking/VBG and/CC ,/, uh/UH ,/, preparing/VBG meals/NNS and/CC stuff/NN ./.",2/sw2175,,38.82,3,sw09utt/sw_0998_2175.utt,"{C so, } {D you know, } that's something we spend time together too, is, {D you know, } cooking and, {F uh, } preparing meals and stuff.  /",17,,12
sd,B,2175,50.900000000000006,"So/RB ,/, uh/UH ,/, but/CC as/RB far/RB as/IN that/DT ,/, that/DT 's/BES about/RB all/DT we/PRP 've/VBP discussed/VBN as/RB far/RB as/IN for/IN family/NN ./.",2/sw2175,,46.52,4,sw09utt/sw_0998_2175.utt,"[ {C So, } + {F uh, } {C but } ] [ as far as that <laughter>, + that's about all we've discussed # as far as ] for family. # /",18,,12
b,A,2175,52.08,"Really/UH ,/,",2/sw2175,,51.6,1,sw09utt/sw_0998_2175.utt,"# Really,  /",19,,13
b,A,2175,52.72,"okay/UH ,/,",2/sw2175,,52.5,2,sw09utt/sw_0998_2175.utt,"okay,  /",20,,13
sd,A,2175,55.46,"well/UH see/UH ,/, I/PRP 'm/VBP the/DT third/JJ oldest/JJS of/IN twelve/CD children/NNS ./.",2/sw2175,,52.72,3,sw09utt/sw_0998_2175.utt,"{D well } {D see, } # I'm the third oldest of twelve children.  /",21,,13
x,A,2175,0.0,MUMBLEx/XX ./.,2/sw2175,,0.0,4,sw09utt/sw_0998_2175.utt,((   )) .,22,,13
ba,B,2175,56.92,Oh/UH my/PRP$ gosh/UH ./.,2/sw2175,,56.2,1,sw09utt/sw_0998_2175.utt,{F Oh } my gosh. /,23,,14
%,A,2175,57.940000000000005,"So/RB like/IN I/PRP said/VBD ,/, I/PRP ,/,",2/sw2175,,56.98,1,sw09utt/sw_0998_2175.utt,"{C So } like I said, I, - /",24,,15
sd,A,2175,59.68,and/CC I/PRP 'm/VBP only/RB twenty-one/CD ./.,2/sw2175,,58.28,2,sw09utt/sw_0998_2175.utt,{C and } I'm only twenty-one.  /,25,,15
sd,A,2175,,I/PRP 'll/MD be/VB twenty-two/CD next/JJ month/NN ./.,2/sw2175,,,3,sw09utt/sw_0998_2175.utt,I'll be twenty-two next month.  /,26,,15
sd,A,2175,,So/RB there/EX 's/BES nine/CD that/WDT are/VBP younger/JJR than/IN me/PRP ./.,2/sw2175,,,4,sw09utt/sw_0998_2175.utt,{C So } there's nine that are younger than me.  /,27,,15
sd,A,2175,,My/PRP$ youngest/JJS sister/NN is/VBZ five/CD ./.,2/sw2175,,,5,sw09utt/sw_0998_2175.utt,My youngest sister is five. /,28,,15
b,B,2175,,Oh/UH yeah/UH ./.,2/sw2175,,,1,sw09utt/sw_0998_2175.utt,{F Oh } yeah. /,29,,16
sd,A,2175,,"And/CC like/IN I/PRP sa/VBD ,/, I/PRP do/VBP n't/RB have/VB any/DT children/NNS ./.",2/sw2175,,,1,sw09utt/sw_0998_2175.utt,"{C And } like I sa-, I don't have any children.  /",30,,17
sd,A,2175,,"I/PRP 'm/VBP just/RB engaged/VBN ,/,",2/sw2175,,,2,sw09utt/sw_0998_2175.utt,"I'm just engaged,  /",31,,17
sd,A,2175,,"and/CC I/PRP 'm/VBP getting/VBG married/VBN in/IN October/NNP ,/,",2/sw2175,,,3,sw09utt/sw_0998_2175.utt,"{C and } I'm  getting married in October,  /",32,,17
sd,A,2175,,and/CC we/PRP have/VBP n't/RB discussed/VBN this/DT at/IN all/DT ./. Um/UH ./.,2/sw2175,,,4,sw09utt/sw_0998_2175.utt,{C and } we haven't discussed this at all <laughter>. {F Um. } /,33,,17
b,B,2175,,"Yeah/UH ,/,",2/sw2175,,,1,sw09utt/sw_0998_2175.utt,"Yeah,  /",34,,18
qy^d,B,2175,,"long/JJ way/NN down/IN the/DT road/NN ,/, right/UH ./.",2/sw2175,,,2,sw09utt/sw_0998_2175.utt,"long way down the road, right. /",35,,18
ny,A,2175,,"Yeah/UH ,/,",2/sw2175,,,1,sw09utt/sw_0998_2175.utt,"Yeah,  /",36,,19
sd^e,A,2175,,exactly/UH ./.,2/sw2175,,,2,sw09utt/sw_0998_2175.utt,exactly.  /,37,,19
sd,A,2175,,"But/CC ,/, um/UH ,/, now/RB I/PRP 've/VBP noticed/VBN that/IN like/UH ,/, while/IN I/PRP 'm/VBP at/IN college/NN ,/, and/CC when/WRB I/PRP go/VBP home/RB ,/, my/PRP$ bro-/XX ,/, you/PRP know/VBP ,/, my/PRP$ ,/,",2/sw2175,,,3,sw09utt/sw_0998_2175.utt,"{C But, } {F um, } now I've noticed that {D like, } while I'm at college, and when I go home, [ my bro-, + {D you know, } my, ] - /",38,,19
sd,A,2175,,"I/PRP 'm/VBP really/RB close/JJ to/IN the/DT younger/JJR ones/NNS ,/,",2/sw2175,,,4,sw09utt/sw_0998_2175.utt,"I'm really close to the younger ones,  /",39,,19
sd,A,2175,,"and/CC ,/, um/UH ,/, like/UH ,/, when/WRB ,/, when/WRB ,/, like/UH when/WRB I/PRP do/VBP go/VB home/RB they/PRP enjoy/VBP just/RB laying/VBG around/IN me/PRP ,/, you/PRP know/VBP ,/,",2/sw2175,,,5,sw09utt/sw_0998_2175.utt,"{C and, } {F um, } {D like, } [ [ when, + when, ] + {D like } when ] I do go home they enjoy just laying around me, {D you know, }  /",40,,19
sd,A,2175,,"like/UH if/IN we/PRP do/VBP watch/VB T/NN V/NN at/IN night/NN ,/, they/PRP just/RB like/UH enjoy/VBP just/RB ,/, like/UH laying/VBG on/IN top/NN of/IN me/PRP or/CC something/NN ./.",2/sw2175,,,6,sw09utt/sw_0998_2175.utt,"{D like } if we do watch T V at night, they just {D like } enjoy just, {D like } laying on top of me or something. /",41,,19
b,B,2175,,Yeah/UH ./.,2/sw2175,,,1,sw09utt/sw_0998_2175.utt,Yeah. /,42,,20
sd,A,2175,,They/PRP like/VBP that/DT ./.,2/sw2175,,,1,sw09utt/sw_0998_2175.utt,They like that. /,43,,21
x,B,2175,,,2/sw2175,,,1,sw09utt/sw_0998_2175.utt,<Laughter>.,44,,22
sd,A,2175,,"But/CC ,/, um/UH ,/, as/RB far/RB as/IN that/DT goes/VBZ ,/, like/UH we/PRP play/VBP games/NNS ,/,",2/sw2175,,,1,sw09utt/sw_0998_2175.utt,"{C But, } {F um, } as far as that goes, {D like } we play games,  /",45,,23
sd,A,2175,,"I/PRP play/VBP like/UH Old/NNP Maid/NNP and/CC Fish/NNP with/IN them/PRP ,/,",2/sw2175,,,2,sw09utt/sw_0998_2175.utt,"I play {D like } Old Maid and  Fish with them,  /",46,,23
sd,A,2175,,"and/CC w-/PRP ,/, we/PRP play/VBP board/NN games/NNS ,/,",2/sw2175,,,3,sw09utt/sw_0998_2175.utt,"{C and } [ w-, + we ] play board games,  /",47,,23
%,A,2175,,"and/CC when/WRB it/PRP 's/BES ni/JJ ,/,",2/sw2175,,,4,sw09utt/sw_0998_2175.utt,"{C and } when it's ni-, - /",48,,23
sd,A,2175,,"like/UH I/PRP 'm/VBP from/IN Pennsylvania/NNP ,/,",2/sw2175,,,5,sw09utt/sw_0998_2175.utt,"{D like } I'm from Pennsylvania,  /",49,,23
sd,A,2175,,"so/RB when/WRB it/PRP 's/BES nice/JJ out/RB ,/, we/PRP go/VBP outside/RB ,/,",2/sw2175,,,6,sw09utt/sw_0998_2175.utt,"{C so } when it's nice out, we go outside,  /",50,,23
sd,A,2175,,and/CC we/PRP like/VBP to/TO play/VB like/UH kick/VB ball/NN and/CC softball/NN and/CC stuff/NN ./.,2/sw2175,,,7,sw09utt/sw_0998_2175.utt,{C and } we like to play {D like } kick ball and softball and stuff.  /,51,,23
%@,A,2175,,So/RB ./.,2/sw2175,,,8,sw09utt/sw_0998_2175.utt,{C So. },52,,23
b,B,2175,,Uh-huh/UH ./.,2/sw2175,,,1,sw09utt/sw_0998_2175.utt,Uh-huh. /,53,,24
+@,A,2175,,We/PRP do/VBP a/DT lot/NN of/IN that/DT ./.,2/sw2175,,,1,sw09utt/sw_0998_2175.utt,We do a lot of that.  /,54,,25
sd,A,2175,,"And/CC in/IN the/DT summer/NN everyone/NN is/VBZ like/UH ,/, I/PRP think/VBP there/RB 's/BES like/UH seven/CD of/IN us/PRP still/RB at/IN home/NN ,/,",2/sw2175,,,2,sw09utt/sw_0998_2175.utt,"{C And } in the summer [ everyone is + {D like, } I think there's ] {D like } seven of us still at home,  /",55,,25
sd,A,2175,,"and/CC all/DT seven/CD are/VBP in/IN a/DT sport/NN ,/,",2/sw2175,,,3,sw09utt/sw_0998_2175.utt,"{C and } all seven are in a sport,  /",56,,25
sd,A,2175,,like/UH also/RB MUMBLEx/XX the/DT girls/NNS are/VBP in/IN softball/NN,2/sw2175,,,4,sw09utt/sw_0998_2175.utt,{D like } also  ((   )) the girls are in softball  /,57,,25
sd,A,2175,,and/CC the/DT boys/NNS are/VBP in/IN baseball/NN ./.,2/sw2175,,,5,sw09utt/sw_0998_2175.utt,{C and } the boys are in baseball.  /,58,,25
sd,A,2175,,"So/RB all/DT summer/NN we/PRP live/VBP on/IN hamburgers/NNS and/CC hot/JJ dogs/NNS and/CC sports/NNS ,/,",2/sw2175,,,6,sw09utt/sw_0998_2175.utt,"{C So } all summer we live on hamburgers and hot dogs and sports,  /",59,,25
sd,A,2175,,"that/DT 's/BES it/PRP ,/, you/PRP know/VBP ./.",2/sw2175,,,7,sw09utt/sw_0998_2175.utt,"that's it, {D you know. } /",60,,25
%,B,2175,,"Well/UH do/VBP you/PRP ,/, do/VBP you/PRP ,/,",2/sw2175,,,1,sw09utt/sw_0998_2175.utt,"{D Well } [ do you, + do you, ] - /",61,,26
qy,B,2175,,"so/RB you/PRP go/VBP ,/, if/IN you/PRP 're/VBP ,/, if/IN you/PRP 're/VBP not/RB doing/VBG any/DT kind/NN of/IN sport/NN thing/NN you/PRP go/VBP to/IN one/CD of/IN your/PRP$ sisters/NNS '/POS or/CC brothers/NNS '/POS --/:",2/sw2175,,,2,sw09utt/sw_0998_2175.utt,"{C so } [ you go, + [ if you're, if you're ] not doing any kind of sport thing you go ] to one of your sisters' or brothers' --",62,,26
b,A,2175,,Uh-huh/UH ./.,2/sw2175,,,1,sw09utt/sw_0998_2175.utt,Uh-huh. /,63,,27
+,B,2175,,--/: sporting/NN events/NNS ./.,2/sw2175,,,1,sw09utt/sw_0998_2175.utt,-- sporting events.,64,,28
ny,A,2175,,Yes/UH ./.,2/sw2175,,,1,sw09utt/sw_0998_2175.utt,Yes. /,65,,29
+,B,2175,,And/CC sort/RB of/RB like/UH be/VB there/RB with/IN them/PRP ./.,2/sw2175,,,1,sw09utt/sw_0998_2175.utt,And sort of {D like } be there with them. /,66,,30
na,A,2175,,"Right/UH ,/,",2/sw2175,,,1,sw09utt/sw_0998_2175.utt,"Right,  /",67,,31
ny,A,2175,,"yeah/UH ,/,",2/sw2175,,,2,sw09utt/sw_0998_2175.utt,"yeah,  /",68,,31
sd^e,A,2175,,we/PRP go/VBP and/CC watch/VBP ./.,2/sw2175,,,3,sw09utt/sw_0998_2175.utt,we go and watch. /,69,,31
b,B,2175,,Yeah/UH ./.,2/sw2175,,,1,sw09utt/sw_0998_2175.utt,Yeah. /,70,,32
b,A,2175,,Uh-huh/UH ./.,2/sw2175,,,1,sw09utt/sw_0998_2175.utt,Uh-huh. /,71,,33
sv,B,2175,,"Well/UH ,/, that/DT 's/BES ,/, that/DT 's/BES good/JJ ,/, too/RB ,/, I/PRP mean/VBP ,/, as/RB far/RB as/IN entering/VBG ,/,",2/sw2175,,,1,sw09utt/sw_0998_2175.utt,"{D Well, } [ that's, + that's ] good, too, {E I mean, } as far as entering,  /",72,,34
sv,B,2175,,"I/PRP mean/VBP ,/, you/PRP 're/VBP ,/, you/PRP 're/VBP participating/VBG ,/,",2/sw2175,,,2,sw09utt/sw_0998_2175.utt,"{E I mean, } you're, you're participating,  /",73,,34
sv,B,2175,,"but/CC you/PRP 're/VBP not/RB ,/, you/PRP know/VBP ./.",2/sw2175,,,3,sw09utt/sw_0998_2175.utt,"{C but } you're not, {D you know. } /",74,,34
b,A,2175,,Uh-huh/UH ./.,2/sw2175,,,1,sw09utt/sw_0998_2175.utt,Uh-huh. /,75,,35
sv,B,2175,,I/PRP mean/VBP at/IN least/JJS you/PRP 're/VBP encouraging/VBG them/PRP on/RP and/CC stuff/NN,2/sw2175,,,1,sw09utt/sw_0998_2175.utt,{E I mean } at least you're encouraging them on and stuff  /,76,,36
%,B,2175,,"and/CC that/DT 's/BES ,/,",2/sw2175,,,2,sw09utt/sw_0998_2175.utt,"{C and } that's, -/",77,,36
b,A,2175,,Yeah/UH ./.,2/sw2175,,,1,sw09utt/sw_0998_2175.utt,Yeah. /,78,,37
sd,B,2175,,"because/IN ,/, um/UH ,/, even/RB if/IN our/PRP$ kids/NNS ,/, you/PRP know/VBP ,/, get/VBP into/IN sports/NNS that/WDT we/PRP 're/VBP really/RB not/RB interested/JJ in/IN ,/, I/PRP do/VBP n't/RB ,/, I/PRP want/VBP them/PRP ,/, you/PRP know/VBP ,/, to/TO know/VB that/IN we/PRP 're/VBP still/RB there/RB --/:",2/sw2175,,,1,sw09utt/sw_0998_2175.utt,"{C because, } {F um, } even if our kids, {D you know, } get into sports that we're really not interested in, [ I don't, + I want ] them, {D you know, } to know that we're still there --",79,,38
b,A,2175,,Uh-huh/UH ./.,2/sw2175,,,1,sw09utt/sw_0998_2175.utt,Uh-huh. /,80,,39
+,B,2175,,"--/: so/RB to/TO speak/VB ,/, as/IN a/DT family/NN ./.",2/sw2175,,,1,sw09utt/sw_0998_2175.utt,"-- so to speak, as a family. /",81,,40
sd,A,2175,,"Well/UH ,/, it/PRP 's/BES funny/JJ because/IN ,/, um/UH ,/, well/UH ,/, my/PRP$ mom/NN and/CC dad/NN both/DT were/VBD kind/RB of/RB athletic/JJ ./.",2/sw2175,,,1,sw09utt/sw_0998_2175.utt,"{D Well, } it's funny because, {F um, } {D well, } my mom and dad both were kind of athletic.  /",82,,41
sd,A,2175,,"They/PRP both/DT grew/VBD up/RP on/IN a/DT farm/NN ,/,",2/sw2175,,,2,sw09utt/sw_0998_2175.utt,"They both grew up on a farm,  /",83,,41
sd,A,2175,,"but/CC although/IN ,/, you/PRP know/VBP ,/, it/PRP was/VBD n't/RB them/PRP playing/VBG I/PRP notice/VBP like/UH whenever/WRB I/PRP was/VBD playing/VBG softball/NN and/CC such/JJ ,/, my/PRP$ mom/NN and/CC dad/NN got/VBD into/IN it/PRP more/JJR than/IN I/PRP did/VBD ./.",2/sw2175,,,3,sw09utt/sw_0998_2175.utt,"{C but } although, {D you know, } it wasn't them playing I notice {D like } whenever I was playing softball and such, my mom and dad got into it more than I did.  /",84,,41
sd,A,2175,,"I/PRP mean/VBP ,/, they/PRP 'd/MD be/VB in/IN the/DT audience/NN screaming/VBG and/CC yelling/VBG ,/, you/PRP know/VBP ,/,",2/sw2175,,,4,sw09utt/sw_0998_2175.utt,"{E I mean, } they'd be in the audience screaming and  yelling, # {D you know, }  /",85,,41
%,A,2175,,so/RB ./.,2/sw2175,,,5,sw09utt/sw_0998_2175.utt,{C so. } # -/,86,,41
b,B,2175,,Yeah/UH ./.,2/sw2175,,,1,sw09utt/sw_0998_2175.utt,# Yeah.  /,87,,42
bf,B,2175,,Cheering/VBG you/PRP on/RP and/CC stuff/NN ./.,2/sw2175,,,2,sw09utt/sw_0998_2175.utt,Cheering you on and stuff. # /,88,,42
sv,A,2175,,"A/DT lot/NN of/IN times/NNS the/DT parents/NNS get/VBP into/IN it/PRP just/RB as/RB much/JJ as/IN ,/, as/IN the/DT kids/NNS ,/,",2/sw2175,,,1,sw09utt/sw_0998_2175.utt,"A lot of times the parents get into it just as much [ as, + as ] the kids,  /",89,,43
sd,A,2175,,"and/CC I/PRP found/VBD ,/, like/UH a/DT lot/NN of/IN times/NNS like/UH when/WRB we/PRP went/VBD on/IN to/IN tournaments/NNS and/CC stuff/NN ,/, it/PRP was/VBD really/RB funny/JJ because/IN the/DT crowds/NNS would/MD like/UH get/VB into/IN argu-/NNS ,/, you/PRP know/VBP ,/, get/VB into/IN fights/NNS ,/, who/WP can/MD scream/VB louder/RBR ,/, and/CC you/PRP know/VBP ,/, everything/NN ./.",2/sw2175,,,2,sw09utt/sw_0998_2175.utt,"{C and } I found, {D like } a lot of times {D like } when we went on to tournaments and stuff, it was really funny because the crowds would {D like } [ get into argu-, + {D you know, } get into fights, ] who can scream louder, and {D you know, } everything.  /",90,,43
sd,A,2175,,"So/RB it/PRP 's/BES really/RB pretty/RB funny/JJ to/TO see/VB my/PRP$ parents/NNS get/VB into/IN it/PRP ,/,",2/sw2175,,,3,sw09utt/sw_0998_2175.utt,"{C So } it's really pretty funny to see my parents get into it,  /",91,,43
sd,A,2175,,and/CC they/PRP 're/VBP not/RB really/RB even/RB participating/VBG ./.,2/sw2175,,,4,sw09utt/sw_0998_2175.utt,{C and } they're not really even participating. /,92,,43
b,B,2175,,"Yeah/UH ,/,",2/sw2175,,,1,sw09utt/sw_0998_2175.utt,"Yeah,  /",93,,44
sv,B,2175,,"well/UH ,/, that/DT ,/, that/DT would/MD be/VB fun/NN ./.",2/sw2175,,,2,sw09utt/sw_0998_2175.utt,"{D well, } [ that, + that ] would be fun.  /",94,,44
bf,B,2175,,"Boy/UH ,/, so/RB you/PRP ,/, you/PRP have/VBP a/DT lot/NN of/IN experience/NN as/RB far/RB as/IN ,/, you/PRP know/VBP ,/, different/JJ ways/NNS a/DT family/NN can/MD interact/VB and/CC ,/, and/CC do/VB things/NNS together/RB ,/,",2/sw2175,,,3,sw09utt/sw_0998_2175.utt,"Boy, {C so } [ you, + you ] have a lot of experience as far as, {D you know, } different ways a family can interact [ and, + and ]  do things together,",95,,44
aa,A,2175,,Yeah/UH ./.,2/sw2175,,,1,sw09utt/sw_0998_2175.utt,Yeah. /,96,,45
+,B,2175,,"as/RB far/RB as/IN ,/,",2/sw2175,,,1,sw09utt/sw_0998_2175.utt,"as far as, - /",97,,46
%,B,2175,,"go-/XX ,/,",2/sw2175,,,2,sw09utt/sw_0998_2175.utt,"go-, - /",98,,46
%,B,2175,,twelve/CD ./.,2/sw2175,,,3,sw09utt/sw_0998_2175.utt,twelve. /,99,,46
aa,A,2175,,Uh-huh/UH ./.,2/sw2175,,,1,sw09utt/sw_0998_2175.utt,Uh-huh. /,100,,47
%,B,2175,,But/CC it/PRP 's/BES,2/sw2175,,,1,sw09utt/sw_0998_2175.utt,{C But } it's - /,101,,48
%,B,2175,,"so/RB ,/, if/IN you/PRP 're/VBP not/RB ,/,",2/sw2175,,,2,sw09utt/sw_0998_2175.utt,"{C so, } if you're not, - /",102,,48
%,B,2175,,"i-/XX ,/,",2/sw2175,,,3,sw09utt/sw_0998_2175.utt,"i-, - /",103,,48
%,B,2175,,"what/WP if/IN ,/,",2/sw2175,,,4,sw09utt/sw_0998_2175.utt,"what if, - /",104,,48
qy,B,2175,,do/VBP people/NNS go/VB off/RP in/IN their/PRP$ own/JJ little/JJ groups/NNS with/IN that/RB many/JJ ?/.,2/sw2175,,,5,sw09utt/sw_0998_2175.utt,do people go off in their own little groups with that many?  /,105,,48
qy,B,2175,,"I/PRP mean/VBP ,/, did/VBD like/UH some/DT people/NNS go/VB to/IN their/PRP$ rooms/NNS and/CC MUMBLEx/XX ,/,",2/sw2175,,,6,sw09utt/sw_0998_2175.utt,"{E I mean, } did {D like } some people go to their rooms and ((   )) , -/",106,,48
ny,A,2175,,"Yeah/UH ,/,",2/sw2175,,,1,sw09utt/sw_0998_2175.utt,"Yeah,  /",107,,49
%,A,2175,,"it/PRP 's/BES ,/, um/UH ,/,",2/sw2175,,,2,sw09utt/sw_0998_2175.utt,"it's, {F um, } - /",108,,49
sd^e,A,2175,,"the/DT ,/, the/DT one/CD down/JJ thing/NN about/IN having/VBG that/RB many/JJ people/NNS in/IN our/PRP$ family/NN is/VBZ you/PRP real-/RB ,/, we/PRP really/RB do/VBP n't/RB have/VB any/DT privacy/NN when/WRB we/PRP 're/VBP at/IN home/NN ,/, because/IN you/PRP could/MD n't/RB possibly/RB have/VB a/DT house/NN with/IN twelve/CD bedrooms/NNS ./.",2/sw2175,,,3,sw09utt/sw_0998_2175.utt,"[ the, + the ] one down thing about having that many people in our family is [ you real-, + we really ] don't have any privacy when we're at home, because you couldn't possibly have a house with twelve bedrooms. /",109,,49
b,B,2175,,Yeah/UH ./.,2/sw2175,,,1,sw09utt/sw_0998_2175.utt,Yeah. /,110,,50
sd,A,2175,,"But/CC ,/, um/UH ,/, like/IN I/PRP say/VBP ,/, you/PRP know/VBP ,/, I/PRP 'm/VBP twenty/CD ,/, I/PRP 'll/MD be/VB twenty-two/CD next/JJ month/NN ,/,",2/sw2175,,,1,sw09utt/sw_0998_2175.utt,"{C But, } {F um, } like I say, {D you know, } [ I'm twenty, + I'll be twenty-two ] next month,  /",111,,51
sd,A,2175,,and/CC I/PRP 'm/VBP closer/JJR to/IN the/DT younger/JJR kids/NNS than/IN I/PRP am/VBP the/DT ones/NNS my/PRP$ own/JJ age/NN ./.,2/sw2175,,,2,sw09utt/sw_0998_2175.utt,{C and } I'm closer to the younger kids than I am the ones my own age.  /,112,,51
sd,A,2175,,"And/CC that/DT 's/BES ,/, I/PRP think/VBP ,/,",2/sw2175,,,3,sw09utt/sw_0998_2175.utt,"{C And } [ that's, + I think,",113,,51
b,B,2175,,Huh/UH ./.,2/sw2175,,,1,sw09utt/sw_0998_2175.utt,{F Huh. } /,114,,52
+,A,2175,,"that/DT 's/BES because/IN we-/XX ,/, the/DT ones/NNS that/WDT are/VBP older/JJR all/DT have/VBP their/PRP$ own/JJ little/JJ thing/NN to/TO do/VB ,/,",2/sw2175,,,1,sw09utt/sw_0998_2175.utt,"that's ] because [ we-, + the ones that are older ] all have their own little thing to do,  /",115,,53
sd,A,2175,,"and/CC the/DT younger/JJR kids/NNS are/VBP at/IN home/NN ,/,",2/sw2175,,,2,sw09utt/sw_0998_2175.utt,"{C and } the younger kids are at home,  /",116,,53
sd,A,2175,,and/CC I/PRP like/VBP to/TO spend/VB time/NN with/IN them/PRP ./.,2/sw2175,,,3,sw09utt/sw_0998_2175.utt,{C and } I like to spend time with them.  /,117,,53
%@,A,2175,,So/RB ./.,2/sw2175,,,4,sw09utt/sw_0998_2175.utt,{C So. },118,,53
b,B,2175,,Yeah/UH ./.,2/sw2175,,,1,sw09utt/sw_0998_2175.utt,Yeah. /,119,,54
+@,A,2175,,"I/PRP do/VBP n't/RB ,/, I/PRP do/VBP n't/RB ,/, you/PRP know/VBP ,/,",2/sw2175,,,1,sw09utt/sw_0998_2175.utt,"[ I don't, + I don't, ] {D you know, } -/",120,,55
qw,B,2175,,"But/CC when/WRB you/PRP were/VBD growing/VBG up/RP and/CC they/PRP were/VBD n't/RB ,/, and/CC the/DT younger/JJR ones/NNS were/VBD n't/RB around/RB ,/, what/WP did/VBD you/PRP do/VB ?/.",2/sw2175,,,1,sw09utt/sw_0998_2175.utt,"{C But } when you were growing up [ and they weren't, + and the younger ones weren't ] around, what did you do? /",121,,56
nd,A,2175,,We/PRP were/VBD all/DT pretty/RB close/JJ when/WRB we/PRP were/VBD younger/JJR ./.,2/sw2175,,,1,sw09utt/sw_0998_2175.utt,We were all pretty close when we were younger. /,122,,57
bk,B,2175,,"Oh/UH ,/, I/PRP see/VBP ./.",2/sw2175,,,1,sw09utt/sw_0998_2175.utt,"{F Oh, } I see.  /",123,,58
qy^d,B,2175,,"But/CC now/RB that/IN they/PRP 've/VBP all/DT sort/RB of/RB moved/VBN off/RB ,/,",2/sw2175,,,2,sw09utt/sw_0998_2175.utt,"{C But } now that they've all sort of moved off, -/",124,,58
ny,A,2175,,"Yeah/UH ,/,",2/sw2175,,,1,sw09utt/sw_0998_2175.utt,"Yeah,  /",125,,59
sd^e,A,2175,,"now/RB that/IN we/PRP 're/VBP getting/VBG older/JJR ,/, people/NNS are/VBP get/VBG ,/, you/PRP know/VBP ,/, each/DT one/CD of/IN us/PRP are/VBP going/VBG our/PRP$ own/JJ direction/NN ./.",2/sw2175,,,2,sw09utt/sw_0998_2175.utt,"now that we're getting older, [ people are get-, + {D you know, } each one of us are going ] our own direction. /",126,,59
b,B,2175,,Yeah/UH ./.,2/sw2175,,,1,sw09utt/sw_0998_2175.utt,Yeah. /,127,,60
b,A,2175,,Uh-huh/UH ./.,2/sw2175,,,1,sw09utt/sw_0998_2175.utt,Uh-huh. /,128,,61
%,B,2175,,"So/RB ,/, do/VBP you/PRP think/VB ,/, even/RB ,/,",2/sw2175,,,1,sw09utt/sw_0998_2175.utt,"{C So, } do you think, even, - /",129,,62
qw,B,2175,,"I/PRP mean/VBP ,/, what/WP did/VBD you/PRP do/VB when/WRB you/PRP were/VBD younger/JJR ,/,",2/sw2175,,,2,sw09utt/sw_0998_2175.utt,"{E I mean, } what did you do when you were younger,  /",130,,62
qy,B,2175,,"did/VBD you/PRP go/VB do/VB the/DT board/NN games/NNS and/CC stuff/NN ,/,",2/sw2175,,,3,sw09utt/sw_0998_2175.utt,"did you go do the board games and stuff,  /",131,,62
qy,B,2175,,you/PRP still/RB did/VBD what/WP you/PRP do/VBP now/RB ./.,2/sw2175,,,4,sw09utt/sw_0998_2175.utt,you still did what you do now. /,132,,62
ny,A,2175,,"Oh/UH ,/, yeah/UH ./.",2/sw2175,,,1,sw09utt/sw_0998_2175.utt,"{F Oh, } yeah.  /",133,,63
sd^e,A,2175,,"And/CC ,/, um/UH ,/, we/PRP ,/, you/PRP know/VBP ,/, we/PRP had/VBD blocks/NNS and/CC stuff/NN ,/,",2/sw2175,,,2,sw09utt/sw_0998_2175.utt,"{C And, } {F um, } [ we, + {D you know, } we ] had blocks and stuff,  /",134,,63
sd,A,2175,,"and/CC we/PRP just/RB did/VBD ,/, we/PRP would/MD make/VB ,/,",2/sw2175,,,3,sw09utt/sw_0998_2175.utt,"{C and } <laughter> [ we just did, + we would make, ] - /",135,,63
sd,A,2175,,"like/UH in/IN the/DT winter/NN when/WRB it/PRP wa-/XX ,/,",2/sw2175,,,4,sw09utt/sw_0998_2175.utt,"{D like } in the winter when it wa-, - /",136,,63
sd,A,2175,,we/PRP could/MD n't/RB go/VB outside/RB because/IN of/IN the/DT snow/NN and/CC stuff/NN --/:,2/sw2175,,,5,sw09utt/sw_0998_2175.utt,we couldn't go outside because of the snow and stuff -- /,137,,63
b,B,2175,,Uh-huh/UH ./.,2/sw2175,,,1,sw09utt/sw_0998_2175.utt,Uh-huh. /,138,,64
sd,A,2175,,"--/: we/PRP ,/, uh/UH ,/, we/PRP would/MD ,/, um/UH ,/, clear/VB out/RP our/PRP$ basement/NN ,/,",2/sw2175,,,1,sw09utt/sw_0998_2175.utt,"-- [ we, + {F uh, } <laughter> we ] would, {F um, } <laughter> clear out our basement,  /",139,,65
sd,A,2175,,"and/CC we/PRP would/MD like/UH ,/, do/VB ,/, just/RB ,/, even/RB stupid/JJ things/NNS ,/,",2/sw2175,,,2,sw09utt/sw_0998_2175.utt,"{C and } we would {D like, } do, just, even stupid things,  /",140,,65
sd,A,2175,,"like/UH we/PRP try/VBP hurtling/VBG our/PRP$ couches/NNS and/CC stuff/NN ./. You/PRP know/VBP ,/, and/CC ./.",2/sw2175,,,3,sw09utt/sw_0998_2175.utt,"{D like } we try hurtling our couches and stuff.  {D You know, } and. -/",141,,65
qy^d,B,2175,,Hurling/VBG ./.,2/sw2175,,,1,sw09utt/sw_0998_2175.utt,Hurling. /,142,,66
ny,A,2175,,"Yeah/UH ,/,",2/sw2175,,,1,sw09utt/sw_0998_2175.utt,"Yeah,  /",143,,67
sd^e,A,2175,,we/PRP would/MD just/RB run/VB and/CC jump/VB over/IN the/DT couches/NNS ./.,2/sw2175,,,2,sw09utt/sw_0998_2175.utt,we would just run and jump over the couches. /,144,,67
bk,B,2175,,"Oh/UH ,/, hurtle/VB ,/,",2/sw2175,,,1,sw09utt/sw_0998_2175.utt,"{F Oh, } hurtle,  /",145,,68
bk,B,2175,,"oh/UH ,/, okay/UH ./.",2/sw2175,,,2,sw09utt/sw_0998_2175.utt,"{F oh, } okay. /",146,,68
b,A,2175,,"Yeah/UH ,/,",2/sw2175,,,1,sw09utt/sw_0998_2175.utt,"Yeah,  /",147,,69
sd,A,2175,,"to/TO see/VB who/WP could/MD jump/VB over/RB ,/, you/PRP know/VBP ./.",2/sw2175,,,2,sw09utt/sw_0998_2175.utt,"to see who could jump over, {D you know. }  /",148,,69
sd,A,2175,,We/PRP just/RB made/VBD up/RP our/PRP$ own/JJ stupid/JJ little/JJ games/NNS ./.,2/sw2175,,,3,sw09utt/sw_0998_2175.utt,We just made up our own stupid little games.  /,149,,69
sd,A,2175,,"And/CC like/UH hide/VB and/CC seek/VB ,/,",2/sw2175,,,4,sw09utt/sw_0998_2175.utt,"And {D like } hide and seek,  /",150,,69
sd,A,2175,,"well/UH ,/, we/PRP have/VBP a/DT ,/, a/DT bigger/JJR house/NN than/IN a/DT lot/NN ,/, you/PRP know/VBP ,/,",2/sw2175,,,5,sw09utt/sw_0998_2175.utt,"{D well, } we have [ a, + a ] bigger house than a lot, {D you know, }  /",151,,69
sd,A,2175,,our/PRP$ house/NN is/VBZ n't/RB the/DT average/JJ small/JJ one/NN ./.,2/sw2175,,,6,sw09utt/sw_0998_2175.utt,our house isn't the average small one.  /,152,,69
sd,A,2175,,So/RB we/PRP could/MD like/UH play/VB hide/VB and/CC go/VB seek/VB in/IN our/PRP$ house/NN and/CC even/RB stuff/NN like/IN that/DT ./.,2/sw2175,,,7,sw09utt/sw_0998_2175.utt,{C So } we could {D like } play hide and go seek in our house and even stuff like that. /,153,,69
bf,B,2175,,"So/RB you/PRP ,/, you/PRP had/VBD a/DT lot/NN of/IN games/NNS and/CC things/NNS you/PRP played/VBD --/:",2/sw2175,,,1,sw09utt/sw_0998_2175.utt,"{C So } [ you, + you ] had a lot of games and things you played --",154,,70
aa,A,2175,,Yeah/UH ./.,2/sw2175,,,1,sw09utt/sw_0998_2175.utt,Yeah. /,155,,71
+,B,2175,,"--/: even/RB when/WRB you/PRP were/VBD kids/NNS with/IN the/DT ones/NNS that/WDT you/PRP ,/,",2/sw2175,,,1,sw09utt/sw_0998_2175.utt,"-- even when you were kids with the ones that you, -/",156,,72
sd,A,2175,,"Well/UH see/UH ,/, they/PRP 're/VBP ,/, um/UH ,/, we/PRP 're/VBP all/DT ,/, like/UH we/PRP 're/VBP all/DT pretty/RB close/RB together/RB ./.",2/sw2175,,,1,sw09utt/sw_0998_2175.utt,"{D Well } {D see, } [ they're, + {F um, } [ we're all, + {D like } we're all ] ] pretty close together.  /",157,,73
sd,A,2175,,"Like/UH ,/, m-/PRP$ ,/, my/PRP$ sister/NN that/WDT 's/BES closest/RBS to/IN me/PRP ,/, we/PRP 're/VBP only/RB fourteen/CD months/NNS apart/RB ./.",2/sw2175,,,2,sw09utt/sw_0998_2175.utt,"{D Like, } [ m-, + my ] sister that's closest to me, we're only fourteen months apart. /",158,,73
b,B,2175,,Yeah/UH ./.,2/sw2175,,,1,sw09utt/sw_0998_2175.utt,Yeah. /,159,,74
sd,A,2175,,"So/RB there/EX was/VBD always/RB ,/, there/EX was/VBD never/RB just/RB one/CD alone/RB ,/, you/PRP know/VBP ./.",2/sw2175,,,1,sw09utt/sw_0998_2175.utt,"{C So } [ there was always, + there was never ] just one alone, {D you know. } /",160,,75
b,B,2175,,"Yeah/UH ,/,",2/sw2175,,,1,sw09utt/sw_0998_2175.utt,"Yeah,  /",161,,76
bf,B,2175,,"no/UH ,/, not/RB real/RB spread/JJ in/IN age/NN ./.",2/sw2175,,,2,sw09utt/sw_0998_2175.utt,"[ no, + not ] real spread in age. /",162,,76
aa,A,2175,,Right/UH ./.,2/sw2175,,,1,sw09utt/sw_0998_2175.utt,Right.  /,163,,77
sd,A,2175,,"So/RB we/PRP were/VBD all/DT pretty/RB close/JJ where/WRB we/PRP ,/, we/PRP always/RB had/VBD a/DT buddy/NN to/TO play/VB with/IN ,/,",2/sw2175,,,2,sw09utt/sw_0998_2175.utt,"{C So } we were all pretty close where [ we, + we ] always had a buddy to play with,",164,,77
b,B,2175,,Yeah/UH ./.,2/sw2175,,,1,sw09utt/sw_0998_2175.utt,Yeah. /,165,,78
+,A,2175,,you/PRP know/VBP ./.,2/sw2175,,,1,sw09utt/sw_0998_2175.utt,{D you know. } /,166,,79
ba,B,2175,,"Gosh/UH ,/, twelve/CD ,/,",2/sw2175,,,1,sw09utt/sw_0998_2175.utt,"Gosh, twelve,  /",167,,80
qy,B,2175,,"is/VBZ that/DT ,/, is/VBZ that/DT pretty/RB common/JJ up/IN there/RB ,/, uh/UH ,/, in/IN ,/,",2/sw2175,,,2,sw09utt/sw_0998_2175.utt,"[ is that, + is that ] pretty common up there, {F uh, } in, -/",168,,80
nn,A,2175,,"No/UH ,/,",2/sw2175,,,1,sw09utt/sw_0998_2175.utt,"No,  /",169,,81
nn^r,A,2175,,"no/UH ,/,",2/sw2175,,,2,sw09utt/sw_0998_2175.utt,"no,  /",170,,81
sd^e,A,2175,,not/RB at/IN all/DT ./.,2/sw2175,,,3,sw09utt/sw_0998_2175.utt,not at all. /,171,,81
bk,B,2175,,"Oh/UH ,/, okay/UH ./.",2/sw2175,,,1,sw09utt/sw_0998_2175.utt,"{F Oh, } okay. /",172,,82
sd^e^r,A,2175,,Not/RB at/IN all/DT ./.,2/sw2175,,,1,sw09utt/sw_0998_2175.utt,Not at all <laughter>. /,173,,83
sd,B,2175,,"I/PRP do/VBP n't/RB meet/VB ,/, I/PRP mean/VBP ,/, I/PRP do/VBP n't/RB speak/VB with/IN many/JJ people/NNS that/WDT come/VBP from/IN families/NNS that/RB large/JJ any/GW more/^RB ./.",2/sw2175,,,1,sw09utt/sw_0998_2175.utt,"[ I don't meet, + {E I mean, } I don't speak with ] many people that come from families that large any more.  /",174,,84
sd,B,2175,,I/PRP mean/VBP --/:,2/sw2175,,,2,sw09utt/sw_0998_2175.utt,{E I mean } --,175,,84
b,A,2175,,Uh-huh/UH ./.,2/sw2175,,,1,sw09utt/sw_0998_2175.utt,Uh-huh. /,176,,85
+,B,2175,,"--/: my/PRP$ ,/, my/PRP$ husband/NN 's/POS mother/NN came/VBD from/IN a/DT family/NN of/IN thirteen/CD ,/,",2/sw2175,,,1,sw09utt/sw_0998_2175.utt,"-- [ my, + my ] husband's mother came from a family of thirteen,  /",177,,86
sd,B,2175,,"but/CC ,/, I/PRP mean/VBP ,/, that/DT 's/BES his/PRP$ mother/NN --/:",2/sw2175,,,2,sw09utt/sw_0998_2175.utt,"{C but, } {E I mean, }  that's his mother --",178,,86
b,A,2175,,Uh-huh/UH ./.,2/sw2175,,,1,sw09utt/sw_0998_2175.utt,Uh-huh. /,179,,87
+,B,2175,,"--/: you/PRP know/VBP ,/,",2/sw2175,,,1,sw09utt/sw_0998_2175.utt,"-- {D you know, }  /",180,,88
sv*,B,2175,,"and/CC ,/, and/CC their/PRP$  Catholic/JJ",2/sw2175,,,2,sw09utt/sw_0998_2175.utt,"[ {C and, } + {C and } ] their Catholic  / *[[they're]]",181,,88
%,B,2175,,"and/CC ,/, I/PRP mean/VBP that/DT 's/BES ,/,",2/sw2175,,,3,sw09utt/sw_0998_2175.utt,"{C and, } {E I mean } that's, -/",182,,88
b,A,2175,,"Well/UH ,/, yeah/UH ,/,",2/sw2175,,,1,sw09utt/sw_0998_2175.utt,"{D Well, } yeah,  /",183,,89
sd,A,2175,,I/PRP 'm/VBP Catholic/JJ ./.,2/sw2175,,,2,sw09utt/sw_0998_2175.utt,I'm Catholic <laughter>. /,184,,89
sv,B,2175,,"Well/UH that/DT 's/BES it/PRP then/RB ,/, I/PRP think/VBP ,/,",2/sw2175,,,1,sw09utt/sw_0998_2175.utt,"{D Well } that's it then, I think,  /",185,,90
sv,B,2175,,"probably/RB maybe/RB that/DT ,/, that/DT ./.",2/sw2175,,,2,sw09utt/sw_0998_2175.utt,"probably maybe [ that, + that. ] -/",186,,90
b,A,2175,,Uh-huh/UH ./.,2/sw2175,,,1,sw09utt/sw_0998_2175.utt,Uh-huh. /,187,,91
qr,B,2175,,"But/CC ,/, I/PRP mean/VBP ,/, do/VBP you/PRP see/VB yourself/PRP having/VBG thirteen/CD kids/NNS --/:",2/sw2175,,,1,sw09utt/sw_0998_2175.utt,"{C But, } {E I mean, } do you see yourself having thirteen kids --",188,,92
nn,A,2175,,"No/UH ,/,",2/sw2175,,,1,sw09utt/sw_0998_2175.utt,"No,  /",189,,93
sd^e,A,2175,,not/RB at/IN all/DT ./.,2/sw2175,,,2,sw09utt/sw_0998_2175.utt,not at all. /,190,,93
+,B,2175,,--/: or/CC twelve/CD kids/NNS ?/.,2/sw2175,,,1,sw09utt/sw_0998_2175.utt,-- or twelve kids? /,191,,94
sd^e^r,A,2175,,Not/RB at/IN all/DT ./.,2/sw2175,,,1,sw09utt/sw_0998_2175.utt,Not at all. /,192,,95
b,B,2175,,Yeah/UH ./.,2/sw2175,,,1,sw09utt/sw_0998_2175.utt,Yeah. /,193,,96
sd,A,2175,,"But/CC ,/, see/UH ,/, um/UH ,/, when/WRB I/PRP was/VBD younger/JJR I/PRP used/VBD to/TO say/VB that/IN I/PRP would/MD like/VB to/TO have/VB five/CD ./.",2/sw2175,,,1,sw09utt/sw_0998_2175.utt,"{C But, } {D see, } {F um, } when I was younger I used to say that I would like to have five.  /",194,,97
sd,A,2175,,"Well/UH ,/, I/PRP 've/VBP even/RB cut/VBN that/DT down/RP now/RB ,/,",2/sw2175,,,2,sw09utt/sw_0998_2175.utt,"{D Well, } I've even cut that down now,  /",195,,97
sd,A,2175,,"and/CC ,/, um/UH ,/, but/CC to/IN me/PRP five/CD was/VBD n't/RB even/RB a/DT lot/NN ,/, because/IN I/PRP was/VBD just/RB so/RB used/JJ to/IN twelve/CD ./.",2/sw2175,,,3,sw09utt/sw_0998_2175.utt,"[ {C and, } + {F um, } {C but } ] to me five wasn't even a lot, because I was just so used to twelve. /",196,,97
b,B,2175,,Yeah/UH ./.,2/sw2175,,,1,sw09utt/sw_0998_2175.utt,Yeah. /,197,,98
b,A,2175,,You/PRP know/VBP ./.,2/sw2175,,,1,sw09utt/sw_0998_2175.utt,{D You know. } /,198,,99
sv,B,2175,,"But/CC it/PRP 's/BES so/RB expensive/JJ ,/, man/UH ./.",2/sw2175,,,1,sw09utt/sw_0998_2175.utt,"<Laughter>  {C But } it's so expensive, man. /",199,,100
aa,A,2175,,"But/CC ,/, yeah/UH ,/,",2/sw2175,,,1,sw09utt/sw_0998_2175.utt,"{C But, } yeah,  /",200,,101
sv,A,2175,,"it/PRP 's/BES so/RB ,/, it/PRP would/MD be/VB really/RB hard/JJ now/RB to/TO have/VB twelve/CD children/NNS ./.",2/sw2175,,,2,sw09utt/sw_0998_2175.utt,"[ it's so, + it would be really ] hard now to have twelve children. /",201,,101
sv,B,2175,,"I/PRP would/MD think/VB for/IN your/PRP$ parents/NNS it/PRP would/MD be/VB ,/, it/PRP would/MD still/RB be/VB hard/JJ even/RB nowadays/RB ,/, I/PRP mean/VBP ,/, just/RB to/TO raise/VB twelve/CD kids/NNS ./.",2/sw2175,,,1,sw09utt/sw_0998_2175.utt,"I would think for your parents [ it would be, + it would still be ] hard even nowadays, {E I mean, } just to raise twelve kids. /",202,,102
sd,A,2175,,"Well/UH ,/,",2/sw2175,,,1,sw09utt/sw_0998_2175.utt,"[ [ {D Well, } +",203,,103
sv,B,2175,,"Would/MD be/VB ,/, shoosh/UH ./.",2/sw2175,,,1,sw09utt/sw_0998_2175.utt,"Would be, shoosh. /",204,,104
+,A,2175,,"Well/UH ,/, okay/UH ,/, well/UH like/UH my/PRP$ oldest/JJS brother/NN ,/, he/PRP 's/BES ,/, he/PRP 's/BES twenty-four/CD ,/,",2/sw2175,,,1,sw09utt/sw_0998_2175.utt,"{D Well, } ] +  {D okay, } {D well } ] {D like } my oldest brother, [ he's, + he's ] twenty-four,  /",205,,105
sd,A,2175,,"and/CC he/PRP put/VBD himself/PRP through/IN college/NN ,/,",2/sw2175,,,2,sw09utt/sw_0998_2175.utt,"{C and } he put himself through college,  /",206,,105
sd,A,2175,,"and/CC ,/, um/UH ,/, there/EX 's/BES a/DT sister/NN older/JJR than/IN me/PRP ,/,",2/sw2175,,,3,sw09utt/sw_0998_2175.utt,"{C and, } {F um, } there's a sister older than me,  /",207,,105
sd,A,2175,,"she/PRP 's/BES still/RB living/VBG at/IN home/NN ,/,",2/sw2175,,,4,sw09utt/sw_0998_2175.utt,"she's still living at home,  /",208,,105
sd,A,2175,,but/CC she/PRP works/VBZ --/:,2/sw2175,,,5,sw09utt/sw_0998_2175.utt,{C but } she works --,209,,105
b,B,2175,,Yeah/UH ./.,2/sw2175,,,1,sw09utt/sw_0998_2175.utt,Yeah. /,210,,106
+,A,2175,,"--/: you/PRP know/VBP ,/,",2/sw2175,,,1,sw09utt/sw_0998_2175.utt,"-- {D you know, }  /",211,,107
sd,A,2175,,"and/CC I/PRP think/VBP she/PRP even/RB gives/VBZ mom/NN and/CC dad/NN a/DT little/JJ bit/NN ,/, you/PRP know/VBP ,/, of/IN rent/NN money/NN ./.",2/sw2175,,,2,sw09utt/sw_0998_2175.utt,"{C and } I think she even gives mom and dad a little bit, {D you know, } of rent money. /",212,,107
b,B,2175,,Yeah/UH ./.,2/sw2175,,,1,sw09utt/sw_0998_2175.utt,Yeah. /,213,,108
sd,A,2175,,"And/CC I/PRP 'm/VBP putting/VBG myself/PRP through/IN college/NN ,/,",2/sw2175,,,1,sw09utt/sw_0998_2175.utt,"{C And } I'm putting myself through college,  /",214,,109
sd,A,2175,,"and/CC like/UH I/PRP 'm/VBP getting/VBG married/VBN in/IN October/NNP ,/,",2/sw2175,,,2,sw09utt/sw_0998_2175.utt,"{C and } {D like } I'm getting married in October,  /",215,,109
sd,A,2175,,and/CC my/PRP$ fianc3e/NN and/CC I/PRP are/VBP paying/VBG for/IN most/JJS of/IN the/DT wedding/NN ./.,2/sw2175,,,3,sw09utt/sw_0998_2175.utt,{C and } my fianc3e and I are paying for most of the wedding.  /,216,,109
sd,A,2175,,"And/CC then/RB ,/, then/RB my/PRP$ brother/NN right/RB behind/IN me/PRP ,/, he/PRP moved/VBD out/RB ,/,",2/sw2175,,,4,sw09utt/sw_0998_2175.utt,"{C And [ then, + then ] } my brother right behind me, he moved out,  /",217,,109
sd,A,2175,,"and/CC he/PRP has/VBZ an/DT apartment/NN ,/,",2/sw2175,,,5,sw09utt/sw_0998_2175.utt,"{C and } he has an apartment,  /",218,,109
sd,A,2175,,"and/CC he/PRP works/VBZ ,/,",2/sw2175,,,6,sw09utt/sw_0998_2175.utt,"{C and } he works,  /",219,,109
sd,A,2175,,"and/CC then/RB the/DT next/JJ one/CD down/RP is/VBZ in/IN the/DT Marines/NNPS ,/,",2/sw2175,,,7,sw09utt/sw_0998_2175.utt,"{C and then } the next one down is in the Marines,  /",220,,109
sd,A,2175,,and/CC he/PRP 's/BES out/IN of/IN the/DT house/NN ./.,2/sw2175,,,8,sw09utt/sw_0998_2175.utt,{C and } he's out of the house.  /,221,,109
sd,A,2175,,"So/RB ,/, it/PRP 's/BES kind/RB of/RB like/IN they/PRP do/VBP n't/RB ,/, you/PRP know/VBP ./.",2/sw2175,,,9,sw09utt/sw_0998_2175.utt,"{C So, } it's kind of like they don't, {D you know. } -/",222,,109
sv,B,2175,,"Well/UH sometimes/RB I/PRP think/VBP maybe/RB the/DT larger/JJR families/NNS create/VBP more/JJR independence/NN in/IN the/DT children/NNS though/RB ,/, you/PRP know/VBP ./.",2/sw2175,,,1,sw09utt/sw_0998_2175.utt,"{D Well } sometimes I think maybe the larger families create more independence in the children though, {D you know. }  /",223,,110
sv,B,2175,,I/PRP mean/VBP --/:,2/sw2175,,,2,sw09utt/sw_0998_2175.utt,{E I mean } --,224,,110
aa,A,2175,,"I/PRP ,/, I/PRP think/VBP they/PRP do/VBP ./.",2/sw2175,,,1,sw09utt/sw_0998_2175.utt,"[ I, + I ] think they do. /",225,,111
+,B,2175,,--/: you/PRP do/VBP n't/RB expect/VB anything/NN because/IN there/EX is/VBZ not/RB enough/JJ to/TO go/VB around/RB for/IN everybody/NN --/:,2/sw2175,,,1,sw09utt/sw_0998_2175.utt,-- you don't expect anything because there is not enough to go around for everybody -- /,226,,112
b,A,2175,,Uh-huh/UH ./.,2/sw2175,,,1,sw09utt/sw_0998_2175.utt,Uh-huh. /,227,,113
sv,B,2175,,"--/: so/IN you/PRP ,/, you/PRP kind/RB of/RB have/VBP your/PRP$ own/JJ independence/NN on/IN going/VBG out/RB and/CC getting/VBG it/PRP yourself/PRP ,/,",2/sw2175,,,1,sw09utt/sw_0998_2175.utt,"-- {C so } [ you, + you ] kind of have your own independence on going out and getting it yourself,",228,,114
aa,A,2175,,Exactly/UH ./.,2/sw2175,,,1,sw09utt/sw_0998_2175.utt,Exactly. /,229,,115
+,B,2175,,if/IN you/PRP really/RB want/VBP it/PRP ./.,2/sw2175,,,1,sw09utt/sw_0998_2175.utt,if you really want it. /,230,,116
sd,A,2175,,"Like/UH ,/, uh/UH ,/, well/UH ,/, I/PRP find/VBP it/PRP a/DT lot/NN when/WRB I/PRP 'm/VBP up/IN here/RB at/IN college/NN because/IN I/PRP 've/VBP always/RB had/VBN a/DT bank/NN account/NN ,/,",2/sw2175,,,1,sw09utt/sw_0998_2175.utt,"{D Like, } {F uh, } {D well, } I find it a lot when I'm up here at college because I've always had a bank account,  /",231,,117
sd,A,2175,,I/PRP 've/VBP always/RB had/VBN my/PRP$ own/JJ checking/NN account/NN since/IN I/PRP was/VBD in/IN like/UH tenth/JJ grade/NN ./.,2/sw2175,,,2,sw09utt/sw_0998_2175.utt,I've always had my own checking account since I was in {D like } tenth grade. /,232,,117
b,B,2175,,Uh-huh/UH ./.,2/sw2175,,,1,sw09utt/sw_0998_2175.utt,Uh-huh. /,233,,118
sd,A,2175,,"You/PRP know/VBP ,/, I/PRP would/MD work/VB in/IN the/DT summer/NN ,/,",2/sw2175,,,1,sw09utt/sw_0998_2175.utt,"{D You know, } I would work in the summer,  /",234,,119
sd,A,2175,,"and/CC there/EX 's/BES a/DT lot/NN of/IN kids/NNS up/IN here/RB that/WDT would/MD have/VB no/DT idea/NN how/WRB to/TO even/RB do/VB a/DT checkbook/NN or/CC ,/, you/PRP know/VBP ,/,",2/sw2175,,,2,sw09utt/sw_0998_2175.utt,"{C and } there's a lot of kids up here that would have no idea how to even do a checkbook or, {D you know, }",235,,119
b,B,2175,,Yeah/UH ./.,2/sw2175,,,1,sw09utt/sw_0998_2175.utt,Yeah. /,236,,120
+,A,2175,,"to/TO ,/, to/TO manage/VB money/NN ./.",2/sw2175,,,1,sw09utt/sw_0998_2175.utt,"[ to, + to ] manage money.  /",237,,121
sd,A,2175,,"Like/UH my/PRP$ roommate/NN 's/BES laughing/VBG at/IN ,/, you/PRP know/VBP ,/, at/IN me/PRP ,/, you/PRP know/VBP ,/, because/IN their/PRP$ schooling/NN 's/BES paid/VBN for/IN ./.",2/sw2175,,,2,sw09utt/sw_0998_2175.utt,"{D Like } my roommate's <laughter> laughing [ at, + {D you know, } at ] me, {D you know, } # because their schooling's paid for. # /",238,,121
%,B,2175,,"Or/CC manage/VB money/NN or/CC know/VB ,/,",2/sw2175,,,1,sw09utt/sw_0998_2175.utt,"# Or manage money or know, - /",239,,122
%,B,2175,,"yeah/UH ,/,",2/sw2175,,,2,sw09utt/sw_0998_2175.utt,"# yeah,  /",240,,122
qh,B,2175,,"know/VB ,/, you/PRP know/VBP ,/, how/WRB to/TO get/VB ,/, how/WRB to/TO even/RB go/VB about/IN getting/VBG money/NN ./.",2/sw2175,,,3,sw09utt/sw_0998_2175.utt,"know, {D you know, } [ how to get, + how to even go about getting ] money. /",241,,122
aa,A,2175,,"Yeah/UH ,/,",2/sw2175,,,1,sw09utt/sw_0998_2175.utt,"Yeah,  /",242,,123
aa,A,2175,,uh-huh/UH ./.,2/sw2175,,,2,sw09utt/sw_0998_2175.utt,uh-huh. /,243,,123
qh,B,2175,,"You/PRP know/VBP ,/, how/WRB to/TO get/VB a/DT job/NN or/CC you/PRP know/VBP ,/, just/RB what/WP ,/, you/PRP know/VBP ,/, what/WP ,/, when/WRB you/PRP get/VBP a/DT job/NN ,/, what/WP your/PRP$ responsibility/NN is/NNS ./.",2/sw2175,,,1,sw09utt/sw_0998_2175.utt,"{D You know, } how to get a job or {D you know, } just [ [ what, + {D you know, } what, ] + when you get a job, what ] your responsibility is. /",244,,124
b,A,2175,,Yeah/UH ./.,2/sw2175,,,1,sw09utt/sw_0998_2175.utt,Yeah. /,245,,125
qh,B,2175,,"Are/VBP you/PRP going/VBG to/TO blow/VB all/PDT that/DT money/NN ,/,",2/sw2175,,,1,sw09utt/sw_0998_2175.utt,"Are you going to blow all that money,  /",246,,126
sv,B,2175,,how/WRB easy/JJ it/PRP is/VBZ to/TO blow/VB money/NN you/PRP earn/VBP ./.,2/sw2175,,,2,sw09utt/sw_0998_2175.utt,how easy it is to blow money you earn. /,247,,126
aa,A,2175,,Yeah/UH ./.,2/sw2175,,,1,sw09utt/sw_0998_2175.utt,Yeah.  /,248,,127
sd,A,2175,,"And/CC see/UH ,/, and/CC then/RB ,/, my/PRP$ mom/NN and/CC dad/NN ,/, like/UH whenever/WRB ,/, like/UH we/PRP would/MD go/VB out/RB and/CC we/PRP would/MD get/VB a/DT summer/NN job/NN ,/,",2/sw2175,,,2,sw09utt/sw_0998_2175.utt,"[ {C And } + {D see, } {C and then, } ] my mom and dad, {D like } whenever, {D like } we would go out and we would get a summer job, - /",249,,127
sd,A,2175,,"and/CC then/RB we/PRP would/MD start/VB blowing/VBG money/NN ,/,",2/sw2175,,,3,sw09utt/sw_0998_2175.utt,"{C and then } we would start blowing money,  /",250,,127
sd(^q),A,2175,,"and/CC my/PRP$ mom/NN said/VBD ,/, well/UH that/DT 's/BES stupid/JJ for/IN you/PRP to/TO be/VB blowing/VBG money/NN ./.",2/sw2175,,,4,sw09utt/sw_0998_2175.utt,"{C and } my mom said, {D well } that's stupid for you to be blowing money.  /",251,,127
sd(^q),A,2175,,"She/PRP goes/VBZ ,/, okay/UH if/IN your/PRP$ going/VBG  to/TO blow/VB your/PRP$ money/NN on/IN other/JJ things/NNS ,/, she/PRP goes/VBZ ,/, you/PRP can/MD just/RB pay/VB for/IN your/PRP$ life/NN insurance/NN ./.",2/sw2175,,,5,sw09utt/sw_0998_2175.utt,"She goes, okay if your going to blow your money on other things, she goes, you can just pay for your life insurance.  /",252,,127
sd,A,2175,,"So/RB then/RB we/PRP ,/, when/WRB we/PRP all/DT graduated/VBD from/IN hi/JJ ,/, college/NN ,/, from/IN high/JJ school/NN ,/,",2/sw2175,,,6,sw09utt/sw_0998_2175.utt,"{C So } [ then we, + when we ] all graduated [ from [ hi-, + college, ] + from high ] school,",253,,127
b,B,2175,,Uh-huh/UH ./.,2/sw2175,,,1,sw09utt/sw_0998_2175.utt,Uh-huh. /,254,,128
+,A,2175,,"we/PRP all/DT got/VBD ,/,",2/sw2175,,,1,sw09utt/sw_0998_2175.utt,"we all got, - /",255,,129
sd,A,2175,,"we/PRP 're/VBP still/RB ,/, like/UH I/PRP 'm/VBP still/RB covered/VBN under/IN my/PRP$ mom/NN and/CC dad/NN 's/POS life/NN insurance/NN because/IN I/PRP 'm/VBP still/RB in/IN school/NN ,/,",2/sw2175,,,2,sw09utt/sw_0998_2175.utt,"[ we're still, + {D like } I'm still ] covered under my mom and dad's life insurance because I'm still in school,  /",256,,129
sd,A,2175,,"but/CC I/PRP have/VBP my/PRP$ own/JJ policy/NN ,/, too/RB ./.",2/sw2175,,,3,sw09utt/sw_0998_2175.utt,"{C but } I have my own policy, too.  /",257,,129
%,A,2175,,"So/RB I/PRP had/VBD a/DT poli-/NN ,/,",2/sw2175,,,4,sw09utt/sw_0998_2175.utt,"{C So } I had a poli-, - /",258,,129
sd,A,2175,,"you/PRP know/VBP ,/, my/PRP$ mom/NN and/CC dad/NN got/VBD it/PRP set/VBN up/RP ,/, you/PRP know/VBP ,/, you/PRP know/VBP ,/, helped/VBD me/PRP to/TO get/VB it/PRP and/CC everything/NN ,/,",2/sw2175,,,5,sw09utt/sw_0998_2175.utt,"{D you know, } my mom and dad got it set up, {D you know, } {D you know, } helped me to get it and everything,  /",259,,129
sd,A,2175,,"and/CC I/PRP have/VBP my/PRP$ own/JJ policy/NN ,/,",2/sw2175,,,6,sw09utt/sw_0998_2175.utt,"{C and } I have my own policy,  /",260,,129
sd,A,2175,,and/CC then/RB I/PRP pay/VBP for/IN my/PRP$ own/JJ life/NN insurance/NN too/RB ./.,2/sw2175,,,7,sw09utt/sw_0998_2175.utt,{C and then } I pay for my own life insurance too. /,261,,129
sv,B,2175,,"Wow/UH ,/,",2/sw2175,,,1,sw09utt/sw_0998_2175.utt,"Wow,",262,,130
sd,A,2175,,And/CC then/RB --/:,2/sw2175,,,1,sw09utt/sw_0998_2175.utt,[ {C And then } -- +,263,,131
+,B,2175,,you/PRP 've/VBP really/RB got/VBN responsibilities/NNS ./.,2/sw2175,,,1,sw09utt/sw_0998_2175.utt,you've really got responsibilities. /,264,,132
+,A,2175,,"--/: And/CC then/RB ,/, like/UH ,/, my/PRP$ mom/NN and/CC dad/NN ,/, because/IN there/EX 's/BES so/RB many/NN of/IN us/PRP ,/, and/CC because/IN of/IN the/DT way/NN the/DT laws/NNS are/VBP ,/, you/PRP know/VBP ,/, now/RB ,/, if/IN we/PRP want/VBP to/TO drive/VB ,/, we/PRP have/VBP to/TO pay/VB for/IN our/PRP$ own/JJ insurance/NN on/IN our/PRP$ cars/NNS ./.",2/sw2175,,,1,sw09utt/sw_0998_2175.utt,"-- {C And then, } ] {D like, } my mom and dad, because there's so many of us, and  because of the way the laws are, {D you know, } now, if we want to drive, we have to pay for our own insurance on our cars. /",265,,133
b,B,2175,,Yeah/UH ./.,2/sw2175,,,1,sw09utt/sw_0998_2175.utt,Yeah. /,266,,134
sd,A,2175,,"Because/IN my/PRP$ mom/NN said/VBD ,/, that/DT 's/BES silly/JJ to/TO let/VB one/CD of/IN the/DT older/JJR one/CD 's/POS drive/VB it/PRP ,/,",2/sw2175,,,1,sw09utt/sw_0998_2175.utt,"{C Because } my mom said, that's silly to let one of the older one's drive it,  /",267,,135
sv,A,2175,,"if/IN we/PRP  were/VBD in/IN a/DT wreck/NN ,/, you/PRP know/VBP ,/, you/PRP can/MD be/VB sued/VBN for/IN anything/NN now/RB ./.",2/sw2175,,,2,sw09utt/sw_0998_2175.utt,"if we were in a wreck, {D you know, } you can be sued for anything now.  /",268,,135
sd,A,2175,,And/CC she/PRP said/VBD that/DT 's/BES really/RB not/RB fair/JJ to/IN the/DT younger/JJR kids/NNS ./.,2/sw2175,,,3,sw09utt/sw_0998_2175.utt,{C And } she said that's really not fair to the younger kids.  /,269,,135
sv,A,2175,,If/IN we/PRP were/VBD careless/JJ and/CC was/VBD in/IN a/DT wreck/NN and/CC they/PRP got/VBD sued/VBN,2/sw2175,,,4,sw09utt/sw_0998_2175.utt,If we were careless and was in a wreck and they got sued - /,270,,135
sv,A,2175,,"and/CC then/RB they/PRP can/MD take/VB everything/NN away/RB from/IN my/PRP$ mom/NN and/CC dad/NN ,/,",2/sw2175,,,5,sw09utt/sw_0998_2175.utt,"{C and then } they can take everything away from my mom and dad,  /",271,,135
sv,A,2175,,and/CC the/DT little/JJ kids/NNS would/MD have/VB nothing/NN ./.,2/sw2175,,,6,sw09utt/sw_0998_2175.utt,{C and } the little kids would have nothing.  /,272,,135
aa,A,2175,,"And/CC I/PRP ,/, I/PRP agree/VBP with/IN her/PRP$ ./.",2/sw2175,,,7,sw09utt/sw_0998_2175.utt,"{C And } [ I, + I ] agree with her.  /",273,,135
h,A,2175,,"You/PRP know/VBP ,/, I/PRP just/RB ,/, I/PRP do/VBP n't/RB know/VB ./.",2/sw2175,,,8,sw09utt/sw_0998_2175.utt,"{D You know, } [ I just, + I ] don't know. /",274,,135
b,B,2175,,Yeah/UH ./.,2/sw2175,,,1,sw09utt/sw_0998_2175.utt,Yeah.  /,275,,136
%,B,2175,,"Wh-/XX ,/,",2/sw2175,,,2,sw09utt/sw_0998_2175.utt,"Wh-, -/",276,,136
sd,A,2175,,"So/RB if/IN ,/, you/PRP know/VBP ,/, if/IN we/PRP want/VBP to/TO drive/VB ,/, we/PRP pay/VBP our/PRP$ own/JJ insurance/NN ,/,",2/sw2175,,,1,sw09utt/sw_0998_2175.utt,"{C So } [ if, + {D you know, } if ] we want to drive, we pay our own insurance,  /",277,,137
%,A,2175,,and/CC ./.,2/sw2175,,,2,sw09utt/sw_0998_2175.utt,{C and. } -/,278,,137
sv,B,2175,,"So/RB really/RB ,/, I/PRP think/VBP ,/, sometimes/RB there/EX 's/BES an/DT advantage/NN ,/,",2/sw2175,,,1,sw09utt/sw_0998_2175.utt,"{C So } really, I think, sometimes there's an advantage,  /",279,,138
sv,B,2175,,"I/PRP mean/VBP ,/, sometimes/RB it/PRP 's/BES good/JJ to/TO have/VB a/DT bigger/JJR family/NN because/IN it/PRP does/VBZ make/VB you/PRP more/RBR independent/JJ ./.",2/sw2175,,,2,sw09utt/sw_0998_2175.utt,"{E I mean, } sometimes it's good to have a bigger family because it does make you more independent. /",280,,138
b,A,2175,,Uh-huh/UH ./.,2/sw2175,,,1,sw09utt/sw_0998_2175.utt,Uh-huh. /,281,,139
sv,B,2175,,It/PRP makes/VBZ you/PRP know/VBP that/IN you/PRP ca/MD n't/RB take/VB anything/NN for/IN granted/JJ --/:,2/sw2175,,,1,sw09utt/sw_0998_2175.utt,It makes you know that you can't take anything for granted --,282,,140
b,A,2175,,Yeah/UH ./.,2/sw2175,,,1,sw09utt/sw_0998_2175.utt,Yeah. /,283,,141
+,B,2175,,"--/: that/IN when/WRB you/PRP get/VBP something/NN you/PRP 're/VBP lucky/JJ to/TO get/VB it/PRP ,/, so/RB to/TO speak/VB --/:",2/sw2175,,,1,sw09utt/sw_0998_2175.utt,"-- that when you get something you're lucky to get it, so to speak --",284,,142
b,A,2175,,Uh-huh/UH ./.,2/sw2175,,,1,sw09utt/sw_0998_2175.utt,Uh-huh. /,285,,143
+,B,2175,,--/: you/PRP know/VBP ./.,2/sw2175,,,1,sw09utt/sw_0998_2175.utt,-- {D you know. }  /,286,,144
h,B,2175,,"So/RB ,/, um/UH ,/, I/PRP do/VBP n't/RB know/VB ,/,",2/sw2175,,,2,sw09utt/sw_0998_2175.utt,"{C So, } {F um, } I don't know,  /",287,,144
%,B,2175,,"sometimes/RB ,/,",2/sw2175,,,3,sw09utt/sw_0998_2175.utt,"sometimes, - /",288,,144
sv,B,2175,,"but/CC now/RB ,/, it/PRP ,/, it/PRP is/VBZ hard/JJ ,/, I/PRP can/MD imagine/VB ,/, on/IN your/PRP$ parents/NNS ,/, you/PRP know/VBP .../:",2/sw2175,,,4,sw09utt/sw_0998_2175.utt,"{C but } {D now, } [ it, + it ] is hard, I can imagine, on your parents, {D you know } ... /",289,,144
