act_tag,caller,conversation_no,end_ts,pos,ptb_basename,ptb_treenumbers,start_ts,subutterance_index,swda_filename,text,transcript_index,trees,utterance_index
o,A,2339,1.96,Okay/UH ./.,2/sw2339,,1.56,1,sw09utt/sw_0900_2339.utt,Okay.  /,0,,1
sd,A,2339,6.51,"I/PRP was/VBD thinking/VBG about/IN camping/NN and/CC different/JJ i-/NNS ,/, people/NNS 's/POS ideas/NNS about/IN it/PRP ./.",2/sw2339,,1.96,2,sw09utt/sw_0900_2339.utt,"I was thinking about camping and [ different i-, + people's ideas ] about it. /",1,,1
b,B,2339,7.43,Uh-huh/UH ./.,2/sw2339,,7.21,1,sw09utt/sw_0900_2339.utt,Uh-huh. /,2,,2
sd,A,2339,9.35,We/PRP 've/VBP even/RB seen/VBN people/NNS with/IN these/DT campers/NNS,2/sw2339,,7.61,1,sw09utt/sw_0900_2339.utt,<Throat_clearing> We've even seen people with these campers  /,3,,3
sd,A,2339,12.85,and/CC they/PRP got/VBN the/DT big/JJ old/JJ antennas/NNS up/RB so/IN they/PRP can/MD watch/VB their/PRP$ T/NN V/NN when/WRB they/PRP 're/VBP going/VBG ./.,2/sw2339,,9.35,2,sw09utt/sw_0900_2339.utt,{C and } they got the big old antennas up so they can watch their T V when they're going. /,4,,3
aa,B,2339,13.549999999999999,Right/UH or/CC their/PRP$ --/:,2/sw2339,,12.85,1,sw09utt/sw_0900_2339.utt,Right or # their # --,5,,4
%,A,2339,0.0,"That/DT 's/BES not/RB ,/,",2/sw2339,,0.0,1,sw09utt/sw_0900_2339.utt,"# That's not, # -/",6,,5
+,B,2339,14.510000000000002,--/: satellite/NN dish/NN ./.,2/sw2339,,13.55,1,sw09utt/sw_0900_2339.utt,-- satellite dish <laughter>. /,7,,6
b,A,2339,15.09,Yeah/UH,2/sw2339,,14.79,1,sw09utt/sw_0900_2339.utt,Yeah  /,8,,7
qy^m,A,2339,16.13,./. A/DT satellite/NN dish/NN ?/.,2/sw2339,,15.35,2,sw09utt/sw_0900_2339.utt,<laughter>.  A satellite dish? /,9,,7
sd,B,2339,18.79,On/IN top/NN of/IN the/DT recreational/JJ vehicles/NNS ./.,2/sw2339,,16.41,1,sw09utt/sw_0900_2339.utt,On top of the recreational vehicles. /,10,,8
ba,A,2339,19.330000000000002,"Oh/UH ,/, golly/UH !/. ./.",2/sw2339,,18.79,1,sw09utt/sw_0900_2339.utt,"{F Oh, } golly! <Laughter>. /",11,,9
x,B,2339,0.0,,2/sw2339,,0.0,1,sw09utt/sw_0900_2339.utt,<Laughter>.,12,,10
sd,A,2339,22.729999999999997,That/DT 's/BES not/RB the/DT kind/NN we/PRP do/VBP ./.,2/sw2339,,21.61,1,sw09utt/sw_0900_2339.utt,That's not the kind we do.  /,13,,11
qy,A,2339,23.61,Do/VBP you/PRP go/VB camping/VBG ?/.,2/sw2339,,22.73,2,sw09utt/sw_0900_2339.utt,Do you go camping? /,14,,11
ny,B,2339,23.91,Yeah/UH ./.,2/sw2339,,23.61,1,sw09utt/sw_0900_2339.utt,Yeah.  /,15,,12
sd^e,B,2339,24.63,We/PRP have/VBP a/DT little/JJ bit/NN,2/sw2339,,23.91,2,sw09utt/sw_0900_2339.utt,We have a little bit  /,16,,12
sd,B,2339,26.96,"and/CC we/PRP 've/VBP just/RB gotten/VBN one/CD of/IN those/DT little/JJ tents/NNS ,/,",2/sw2339,,24.63,3,sw09utt/sw_0900_2339.utt,"{C and } we've just gotten one of those little tents <laughter>,",17,,12
x,A,2339,0.0,,2/sw2339,,0.0,1,sw09utt/sw_0900_2339.utt,<Laughter>.,18,,13
+,B,2339,29.04,that/WDT we/PRP throw/VBP out/IN on/IN the/DT ground/NN,2/sw2339,,27.44,1,sw09utt/sw_0900_2339.utt,that we throw out on the ground  /,19,,14
sd,B,2339,30.17,and/CC that/DT 's/BES what/WP we/PRP camp/VBP in/IN ./.,2/sw2339,,29.05,2,sw09utt/sw_0900_2339.utt,{C and } that's what we camp in.  /,20,,14
sd,B,2339,31.24,So/UH we/PRP kind/RB of/RB rough/VBP it/PRP ./.,2/sw2339,,30.16,3,sw09utt/sw_0900_2339.utt,{D So } we kind of rough it. /,21,,14
sd,A,2339,33.11,"Well/UH ,/, so/RB do/VBP we/PRP ./.",2/sw2339,,31.25,1,sw09utt/sw_0900_2339.utt,"{D Well, } so do we.  /",22,,15
sd,A,2339,38.96,"In/IN fact/NN ,/, when/WRB we/PRP first/JJ got/VBD married/VBN ,/, we/PRP would/MD try/VB to/TO take/VB these/DT trips/NNS to/IN Minnesota/NNP to/TO see/VB his/PRP$ family/NN --/:",2/sw2339,,33.99,2,sw09utt/sw_0900_2339.utt,"In fact, when we first got married, <noise> we would try to take these trips to Minnesota to see his family -- /",23,,15
b,B,2339,39.160000000000004,Uh-huh/UH ./.,2/sw2339,,38.96,1,sw09utt/sw_0900_2339.utt,Uh-huh. /,24,,16
sd,A,2339,43.5,--/: and/CC we/PRP did/VBD n't/RB have/VB a/DT tent/NN or/CC any/DT camping/NN supplies/NNS,2/sw2339,,39.36,1,sw09utt/sw_0900_2339.utt,-- <throat_clearing> {C and } we didn't have a tent or any camping supplies  /,25,,17
sd,A,2339,45.739999999999995,so/RB we/PRP 'd/MD sleep/VB on/IN those/DT picnic/NN tables/NNS at/IN roadside/JJ parks/NNS ./.,2/sw2339,,43.5,2,sw09utt/sw_0900_2339.utt,{C so }  we'd sleep on those picnic tables at # roadside parks. # /,26,,17
ba,B,2339,46.26,Oh/UH no/UH ./.,2/sw2339,,45.86,1,sw09utt/sw_0900_2339.utt,# {F Oh } no. # /,27,,18
sd,A,2339,47.66,"I/PRP mean/VBP ,/, I/PRP know/VBP it/PRP 's/BES dangerous/JJ ,/,",2/sw2339,,46.26,1,sw09utt/sw_0900_2339.utt,"{E I mean, } I know it's dangerous,  /",28,,19
sd,A,2339,48.44,I/PRP would/MD n't/RB do/VB it/PRP now/RB,2/sw2339,,47.66,2,sw09utt/sw_0900_2339.utt,I wouldn't do it now  /,29,,19
sd,A,2339,48.86,but/CC we/PRP did/VBD ./.,2/sw2339,,48.44,3,sw09utt/sw_0900_2339.utt,{C but } we did <laughter>. /,30,,19
x,B,2339,0.0,,2/sw2339,,0.0,1,sw09utt/sw_0900_2339.utt,<Laughter>.,31,,20
sd,A,2339,52.699999999999996,And/CC one/CD time/NN we/PRP went/VBD to/IN Yellowstone/NNP,2/sw2339,,48.86,1,sw09utt/sw_0900_2339.utt,<Cough> {C And } one time we went to Yellowstone  /,32,,21
sd,A,2339,53.68,and/CC we/PRP were/VBD doing/VBG the/DT same/JJ thing/NN ./.,2/sw2339,,52.72,2,sw09utt/sw_0900_2339.utt,{C and } we were doing the same thing.  /,33,,21
sd,A,2339,55.36,We/PRP could/MD n't/RB find/VB a/DT place/NN to/TO camp/VB,2/sw2339,,53.86,3,sw09utt/sw_0900_2339.utt,We couldn't find a place to camp  /,34,,21
sd,A,2339,60.559999999999995,"and/CC so/RB we/PRP were/VBD on/IN top/NN of/IN a/DT picnic/NN table/NN with/IN our/PRP$ ,/, our/PRP$ sleeping/NN bags/NNS I/PRP guess/VBP ./.",2/sw2339,,55.36,4,sw09utt/sw_0900_2339.utt,"{C and so } we were on top of a picnic table with [ our, + our ] sleeping bags I guess.  /",35,,21
sd,A,2339,65.96,"And/CC this/DT ranger/NN comes/VBZ up/RP with/IN this/DT light/NN ,/, shines/VBZ it/PRP on/IN us/PRP and/CC said/VBD that/IN we/PRP 're/VBP just/RB bear/NN bait/NN out/IN there/RB ./. We/PRP had/VBD our/PRP$ food/NN --/:",2/sw2339,,61.0,5,sw09utt/sw_0900_2339.utt,"{C And } this ranger comes up with this light, shines it on us and said that we're just bear bait out there. {A We had our # food # --",36,,21
b,B,2339,66.25999999999999,Oh/UH ./.,2/sw2339,,66.16,1,sw09utt/sw_0900_2339.utt,# Oh. # /,37,,22
+,A,2339,66.68,--/: you/PRP know/VBP ./.,2/sw2339,,66.26,1,sw09utt/sw_0900_2339.utt,-- {D you know. } },38,,23
b,B,2339,66.98,Uh-huh/UH ./.,2/sw2339,,66.7,1,sw09utt/sw_0900_2339.utt,Uh-huh. /,39,,24
+,A,2339,69.11999999999999,and/CC told/VBD us/PRP to/IN get/VB inside/IN our/PRP$ car/NN ./.,2/sw2339,,67.48,1,sw09utt/sw_0900_2339.utt,and told us to get inside our car. /,40,,25
b^m,B,2339,70.74,Gosh/UH ./. Bear/NN bait/NN ./.,2/sw2339,,69.58,1,sw09utt/sw_0900_2339.utt,{F Gosh. }  Bear bait <laughter>. /,41,,26
b^r,A,2339,71.71,Bear/NN bait/NN ./.,2/sw2339,,70.94,1,sw09utt/sw_0900_2339.utt,<Laughter> Bear bait. /,42,,27
sd,B,2339,74.92,That/DT would/MD make/VB me/PRP nervous/JJ ./.,2/sw2339,,73.8,1,sw09utt/sw_0900_2339.utt,That would make me nervous <laughter>. /,43,,28
b,A,2339,75.09,Yeah/UH ./.,2/sw2339,,74.91,1,sw09utt/sw_0900_2339.utt,Yeah. /,44,,29
qy,B,2339,77.34,Have/VBP you/PRP done/VBN any/DT camping/NN around/IN here/RB ?/.,2/sw2339,,75.18,1,sw09utt/sw_0900_2339.utt,Have you done any camping around here? /,45,,30
ny,A,2339,77.69,Yeah/UH ./.,2/sw2339,,77.55,1,sw09utt/sw_0900_2339.utt,Yeah.  /,46,,31
sd^e,A,2339,79.39,We/PRP 've/VBP got/VBN some/DT land/NN at/IN Holly/NNP Lake/NNP --/:,2/sw2339,,77.83,2,sw09utt/sw_0900_2339.utt,We've got some land at Holly Lake --,47,,31
b,B,2339,79.78,Uh-huh/UH ./.,2/sw2339,,79.52,1,sw09utt/sw_0900_2339.utt,Uh-huh. /,48,,32
+,A,2339,80.61,--/: outside/IN of/IN Tyler/NNP ./.,2/sw2339,,79.81,1,sw09utt/sw_0900_2339.utt,-- outside of Tyler.  /,49,,33
sd,A,2339,82.91,And/CC we/PRP go/VBP up/IN there/RB fairly/RB often/RB ./.,2/sw2339,,81.31,2,sw09utt/sw_0900_2339.utt,{C And } we go up there fairly often <throat_clearing>.  /,50,,33
sd,A,2339,85.77,Sometimes/RB we/PRP get/VBP a/DT lot/NN of/IN people/NNS together/RB to/TO do/VB it/PRP ./.,2/sw2339,,83.23,3,sw09utt/sw_0900_2339.utt,Sometimes we get a lot of people together to do it. /,51,,33
b,B,2339,85.85,Yeah/UH ./.,2/sw2339,,85.77,1,sw09utt/sw_0900_2339.utt,Yeah.  /,52,,34
ba,B,2339,86.71,That/DT sounds/VBZ fun/JJ ./.,2/sw2339,,85.85,2,sw09utt/sw_0900_2339.utt,That sounds fun. /,53,,34
sd,A,2339,89.63000000000001,"And/CC we/PRP 've/VBP done/VBN things/NNS like/IN when/WRB ,/, when/WRB it/PRP 's/BES kind/RB of/RB cold/JJ ./.",2/sw2339,,87.51,1,sw09utt/sw_0900_2339.utt,"{C And } we've done things {D like } [ when, + when ] it's kind of cold.  /",54,,35
sd,A,2339,91.26,We/PRP take/VBP extension/NN cords/NNS,2/sw2339,,89.63,2,sw09utt/sw_0900_2339.utt,We take extension cords  /,55,,35
sd,A,2339,92.9,and/CC we/PRP 've/VBP all/DT got/VBN heaters/NNS in/IN our/PRP$ tents/NNS ./.,2/sw2339,,91.26,3,sw09utt/sw_0900_2339.utt,{C and } we've all got heaters in our tents. /,56,,35
x,B,2339,0.0,,2/sw2339,,0.0,1,sw09utt/sw_0900_2339.utt,<Laughter>.,57,,36
sd,A,2339,94.5,And/CC in/IN the/DT Summer/NN MUMBLEx/XX ./.,2/sw2339,,93.22,1,sw09utt/sw_0900_2339.utt,{C And } in the Summer  ((   ))  <laughter>.  /,58,,37
sd,A,2339,97.55999999999999,"Same/JJ thing/NN ,/, we/PRP get/VBP our/PRP$ extension/NN cords/NNS running/VBG from/IN all/PDT these/DT tents/NNS",2/sw2339,,95.06,2,sw09utt/sw_0900_2339.utt,"Same thing, we get our extension cords running from all these tents  /",59,,37
sd,A,2339,98.98,but/CC we/PRP 've/VBP got/VBN the/DT fans/NNS going/VBG ./.,2/sw2339,,97.56,3,sw09utt/sw_0900_2339.utt,{C but } we've got the fans going. /,60,,37
b,B,2339,99.58,Right/UH ./.,2/sw2339,,99.1,1,sw09utt/sw_0900_2339.utt,Right <laughter>. /,61,,38
sd,A,2339,101.4,So/UH we/PRP 're/VBP not/RB roughing/VBG it/PRP too/RB much/RB ./.,2/sw2339,,99.72,1,sw09utt/sw_0900_2339.utt,{D So } we're not roughing it too much. /,62,,39
b,B,2339,101.78,Yeah/UH ./.,2/sw2339,,101.42,1,sw09utt/sw_0900_2339.utt,Yeah. /,63,,40
sd,A,2339,104.1,And/CC we/PRP have/VBP taken/VBN T/NN V/NN -s/NNS out/IN there/RB for/IN the/DT kids/NNS ./.,2/sw2339,,101.78,1,sw09utt/sw_0900_2339.utt,{C And } we have taken T V -s out there for the kids # <laughter>. # /,64,,41
b,B,2339,105.08,Yeah/UH ./.,2/sw2339,,104.64,1,sw09utt/sw_0900_2339.utt,# Yeah. # /,65,,42
sd,A,2339,107.61,And/CC they/PRP 've/VBP got/VBN their/PRP$ electrical/JJ hookups/NNS ./.,2/sw2339,,105.64,1,sw09utt/sw_0900_2339.utt,{C And } they've got their electrical hookups.  /,66,,43
ba,A,2339,110.49,So/UH it/PRP 's/BES not/RB so/RB bad/JJ ./.,2/sw2339,,109.53,2,sw09utt/sw_0900_2339.utt,{D So } it's not so bad. /,67,,43
b,B,2339,110.8,Yeah/UH ./.,2/sw2339,,110.5,1,sw09utt/sw_0900_2339.utt,Yeah.  /,68,,44
qy,B,2339,111.86,Do/VBP you/PRP go/VB on/IN long/JJ ?/.,2/sw2339,,111.06,2,sw09utt/sw_0900_2339.utt,Do you go on long? - /,69,,44
qr,B,2339,113.80000000000001,Like/IN a/DT week/NN at/IN a/DT time/NN or/CC just/RB weekends/NNS ?/.,2/sw2339,,111.86,3,sw09utt/sw_0900_2339.utt,{D Like } a week at a time or just weekends? /,70,,44
sd,A,2339,116.25,I/PRP think/VBP the/DT longest/JJS we/PRP 've/VBP stayed/VBN out/IN there/RB is/VBZ like/IN five/CD days/NNS ./.,2/sw2339,,113.93,1,sw09utt/sw_0900_2339.utt,I think the longest we've stayed out there is like five days. /,71,,45
b,B,2339,116.44000000000001,Uh-huh/UH ./.,2/sw2339,,116.26,1,sw09utt/sw_0900_2339.utt,Uh-huh. /,72,,46
sd,A,2339,119.81,"And/CC they/PRP even/RB ,/, they/PRP had/VBD a/DT library/NN at/IN one/CD time/NN out/IN there/RB ./.",2/sw2339,,117.17,1,sw09utt/sw_0900_2339.utt,"{C And } [ they even, + they ] had a library at one time out there. /",73,,47
b,B,2339,120.5,Oh/UH ./.,2/sw2339,,120.42,1,sw09utt/sw_0900_2339.utt,Oh. /,74,,48
bf,A,2339,122.80999999999999,So/UH that/DT 's/BES really/RB not/RB roughing/VBG it/PRP so/RB much/RB,2/sw2339,,120.81,1,sw09utt/sw_0900_2339.utt,{D So } that's really not roughing it so much #  /,75,,49
sd,A,2339,0.0,but/CC --/:,2/sw2339,,0.0,2,sw09utt/sw_0900_2339.utt,{C but } # --,76,,49
ny,B,2339,123.24000000000001,Yeah/UH ./.,2/sw2339,,122.84,1,sw09utt/sw_0900_2339.utt,# Yeah. # /,77,,50
+,A,2339,126.07000000000001,--/: we/PRP have/VBP gone/VBN on/IN trips/NNS where/WRB we/PRP bathed/VBD in/IN streams/NNS ./.,2/sw2339,,124.27,1,sw09utt/sw_0900_2339.utt,-- <lipsmack> we have gone on trips where we bathed in streams. /,78,,51
b,B,2339,126.42,Uh-huh/UH ./.,2/sw2339,,126.08,1,sw09utt/sw_0900_2339.utt,Uh-huh. /,79,,52
ba,A,2339,129.95000000000002,That/DT 's/BES kind/RB of/RB different/JJ ./.,2/sw2339,,127.21,1,sw09utt/sw_0900_2339.utt,That's kind of different. /,80,,53
aa,B,2339,130.3,Yeah/UH,2/sw2339,,129.96,1,sw09utt/sw_0900_2339.utt,Yeah  /,81,,54
sd,B,2339,134.12,./. I/PRP like/VBP the/DT campgrounds/NNS that/WDT have/VBP a/DT nice/JJ shower/NN ./.,2/sw2339,,130.3,2,sw09utt/sw_0900_2339.utt,<laughter>.  I like the campgrounds that have a nice shower <laughter>. /,82,,54
sv,A,2339,136.35,And/CC a/DT pool/NN to/TO go/VB to/IN ./.,2/sw2339,,134.39,1,sw09utt/sw_0900_2339.utt,{C And } a pool to go to. /,83,,55
aa,B,2339,0.0,Uh-huh/UH ./.,2/sw2339,,0.0,1,sw09utt/sw_0900_2339.utt,# Uh-huh. # /,84,,56
ba,A,2339,137.63,That/DT would/MD be/VB nice/JJ ./.,2/sw2339,,136.65,1,sw09utt/sw_0900_2339.utt,# That would be # nice. /,85,,57
aa,B,2339,138.05999999999997,Yeah/UH ./.,2/sw2339,,137.64,1,sw09utt/sw_0900_2339.utt,Yeah.  /,86,,58
sd,B,2339,139.28,"We/PRP 've/VBP ,/, uh/UH ,/,",2/sw2339,,138.8,2,sw09utt/sw_0900_2339.utt,"[ We've, + {F uh, }",87,,58
x,A,2339,0.0,,2/sw2339,,0.0,1,sw09utt/sw_0900_2339.utt,<Noise> <<like ice in glass>>.,88,,59
+,B,2339,141.73999999999998,we/PRP camped/VBD at/IN the/DT DeGray/NNP State/NNP Park/NNP in/IN Arkansas/NNP ./.,2/sw2339,,139.46,1,sw09utt/sw_0900_2339.utt,we ] camped at the DeGray State Park in Arkansas.,89,,60
b,A,2339,142.03,Uh-huh/UH ./.,2/sw2339,,141.73,1,sw09utt/sw_0900_2339.utt,Uh-huh. /,90,,61
+,B,2339,143.1,In/IN the/DT Fall/NN,2/sw2339,,142.5,1,sw09utt/sw_0900_2339.utt,In the Fall  /,91,,62
sd,B,2339,144.1,"and/CC there/EX was/VBD nobody/NN else/RB ,/,",2/sw2339,,143.1,2,sw09utt/sw_0900_2339.utt,"{C and } there was nobody else,",92,,62
x,A,2339,0.0,,2/sw2339,,0.0,1,sw09utt/sw_0900_2339.utt,</Noise> <<ice in glass>>.,93,,63
+,B,2339,144.42,"hardly/RB ,/,",2/sw2339,,144.1,1,sw09utt/sw_0900_2339.utt,"hardly,",94,,64
x,A,2339,0.0,,2/sw2339,,0.0,1,sw09utt/sw_0900_2339.utt,<Noise>.,95,,65
+,B,2339,144.84,around/RB,2/sw2339,,144.44,1,sw09utt/sw_0900_2339.utt,around  /,96,,66
sd,B,2339,147.4,"and/CC it/PRP was/VBD just/RB really/RB nice/JJ ,/, that/DT time/NN of/IN year/NN ./.",2/sw2339,,144.84,2,sw09utt/sw_0900_2339.utt,"{C and } it was just really nice, that time of year.  /",97,,66
sd,B,2339,148.51999999999998,"We/PRP had/VBD taken/VBN our/PRP$ electric/JJ ,/,",2/sw2339,,147.4,3,sw09utt/sw_0900_2339.utt,"We had taken our electric,",98,,66
x,A,2339,0.0,,2/sw2339,,0.0,1,sw09utt/sw_0900_2339.utt,<Breathing>.,99,,67
+,B,2339,150.32,"blanket/NN too/RB ,/, just/RB in/IN case/NN it/PRP was/VBD unbearable/JJ",2/sw2339,,148.52,1,sw09utt/sw_0900_2339.utt,"blanket too, just in case it was unbearable  /",100,,68
sd,B,2339,151.28,but/CC we/PRP did/VBD n't/RB need/VB it/PRP ./.,2/sw2339,,150.32,2,sw09utt/sw_0900_2339.utt,{C but } we didn't need it <<pause>>.  /,101,,68
o,B,2339,0.0,Yeah/UH ./.,2/sw2339,,0.0,3,sw09utt/sw_0900_2339.utt,#  (( Yeah )) . # /,102,,68
sd,A,2339,156.17000000000002,Well/UH my/PRP$ husband/NN has/VBZ even/RB camped/VBN at/IN Lake/NNP Lavon/NNP --/:,2/sw2339,,153.51,1,sw09utt/sw_0900_2339.utt,# {D Well } my # husband has even camped at Lake Lavon --,103,,69
bh,B,2339,157.09,Oh/UH really/UH ?/.,2/sw2339,,156.62,1,sw09utt/sw_0900_2339.utt,# {F Oh } really? # /,104,,70
+,A,2339,0.0,--/: with/IN one/CD of/IN his/PRP$ friends/NNS,2/sw2339,,0.0,1,sw09utt/sw_0900_2339.utt,-- # with one of his friends #  /,105,,71
sd,A,2339,159.19,he/PRP just/RB decided/VBD to/TO take/VB the/DT kids/NNS out/IN there/RB ./.,2/sw2339,,157.09,2,sw09utt/sw_0900_2339.utt,he just decided to take the kids out there. /,106,,71
b,B,2339,159.73,Yeah/UH ./.,2/sw2339,,159.39,1,sw09utt/sw_0900_2339.utt,Yeah. /,107,,72
sd,A,2339,162.49,I/PRP mean/VBP it/PRP 's/BES not/RB very/RB many/JJ miles/NNS from/IN our/PRP$ house/NN at/IN all/DT ./.,2/sw2339,,159.73,1,sw09utt/sw_0900_2339.utt,{E I mean } it's not very many miles from our house at all. /,108,,73
x,B,2339,0.0,,2/sw2339,,0.0,1,sw09utt/sw_0900_2339.utt,<Laughter>.,109,,74
sd,A,2339,164.64999999999998,"But/CC they/PRP had/VBD the/DT time/NN of/IN their/PRP$ lives/NNS ,/, you/PRP know/VBP ./.",2/sw2339,,163.01,1,sw09utt/sw_0900_2339.utt,"{C But } they had <laughter> the time of their lives, {D you know. } /",110,,75
b,B,2339,164.98999999999998,"Oh/UH ,/, yeah/UH",2/sw2339,,164.65,1,sw09utt/sw_0900_2339.utt,"{F Oh, } yeah  /",111,,76
x,B,2339,0.0,./.,2/sw2339.pos,,0.0,2,sw09utt/sw_0900_2339.utt,<laughter>.,112,,76
sd,A,2339,167.53,Had/VBD the/DT boat/NN just/RB pulled/VBN up/RP right/RB by/IN the/DT tents/NNS ./.,2/sw2339,,165.17,1,sw09utt/sw_0900_2339.utt,Had the boat just pulled up right by the tents. /,113,,77
b,B,2339,168.41,Uh-huh/UH ./.,2/sw2339,,168.03,1,sw09utt/sw_0900_2339.utt,Uh-huh. /,114,,78
ba,A,2339,169.75,It/PRP was/VBD n't/RB bad/JJ ./.,2/sw2339,,168.65,1,sw09utt/sw_0900_2339.utt,<Cough> It wasn't bad. /,115,,79
ba,B,2339,170.73000000000002,That/DT sounds/VBZ nice/JJ ./.,2/sw2339,,169.91,1,sw09utt/sw_0900_2339.utt,That sounds nice. /,116,,80
b,A,2339,170.98,Yeah/UH ./.,2/sw2339,,170.72,1,sw09utt/sw_0900_2339.utt,Yeah.  /,117,,81
sd,A,2339,172.18,"And/CC we/PRP 've/VBP taken/VBN ,/,",2/sw2339,,171.54,2,sw09utt/sw_0900_2339.utt,"{C And } we've taken,",118,,81
x,B,2339,0.0,,2/sw2339,,0.0,1,sw09utt/sw_0900_2339.utt,<Noise>.,119,,82
+,A,2339,177.37,"our/PRP$ tents/NNS though/RB ,/, loaded/VBN them/PRP up/RP in/IN car/NN carrier/NN and/CC decided/VBN we/PRP were/VBD going/VBG to/TO tent/VB most/JJS of/IN the/DT way/NN ./.",2/sw2339,,172.36,1,sw09utt/sw_0900_2339.utt,"our tents though, loaded them up in car carrier <lipsmack> and decided we were going to tent most of the way.  /",120,,83
sd,A,2339,182.57,"And/CC it/PRP ended/VBD up/RP ,/, when/WRB it/PRP came/VBD time/NN for/IN us/PRP to/TO pull/VB in/RP for/IN the/DT night/NN ,/, we/PRP 'd/MD take/VB a/DT vote/NN ./.",2/sw2339,,177.37,2,sw09utt/sw_0900_2339.utt,"{C And } it ended up, when it came time for us to pull in for the night, we'd take a vote.  /",121,,83
sd,A,2339,186.07000000000002,And/CC most/JJS of/IN the/DT time/NN we/PRP decided/VBD we/PRP wanted/VBD to/TO stay/VB in/IN a/DT hotel/NN ./.,2/sw2339,,183.21,3,sw09utt/sw_0900_2339.utt,{C And } most of the time we decided we wanted to stay in a hotel. /,122,,83
b,B,2339,186.58,Yeah/UH ./.,2/sw2339,,186.08,1,sw09utt/sw_0900_2339.utt,Yeah. /,123,,84
sd,A,2339,188.71,"Instead/RB of/IN getting/VBG out/RP all/PDT that/DT stuff/NN ,/, you/PRP know/VBP ./.",2/sw2339,,186.57,1,sw09utt/sw_0900_2339.utt,"Instead of getting out all that stuff, {D you know. } /",124,,85
b,B,2339,189.16,"Yeah/UH ,/,",2/sw2339,,189.02,1,sw09utt/sw_0900_2339.utt,"<Laughter> Yeah,  /",125,,86
sv,B,2339,191.28,it/PRP 's/BES a/DT lot/NN of/IN work/NN to/TO set/VB up/RP just/RB for/IN one/CD night/NN ./.,2/sw2339,,189.16,2,sw09utt/sw_0900_2339.utt,it's a lot of work to set up just for one night. /,126,,86
aa,A,2339,191.71,Yeah/UH ./.,2/sw2339,,191.31,1,sw09utt/sw_0900_2339.utt,Yeah.  /,127,,87
sd,A,2339,194.37,Then/RB you/PRP have/VBP to/TO get/VB up/RP the/DT next/JJ day/NN and/CC move/VB it/PRP on/RP ./.,2/sw2339,,191.91,2,sw09utt/sw_0900_2339.utt,Then you have to get up the next day and move it on. /,128,,87
aa,B,2339,195.2,Right/UH ./.,2/sw2339,,194.82,1,sw09utt/sw_0900_2339.utt,Right <laughter>. /,129,,88
b,A,2339,195.67,Huh-uh/UH ./.,2/sw2339,,195.19,1,sw09utt/sw_0900_2339.utt,Huh-uh.  /,130,,89
sd,A,2339,197.23,But/CC we/PRP 're/VBP set/JJ now/RB ./.,2/sw2339,,195.97,2,sw09utt/sw_0900_2339.utt,{C But } we're set now.  /,131,,89
sd,A,2339,198.44,We/PRP 've/VBP got/VBN cook/NN stoves/NNS,2/sw2339,,197.23,3,sw09utt/sw_0900_2339.utt,We've got cook stoves  /,132,,89
sd,A,2339,199.61999999999998,and/CC we/PRP 've/VBP got/VBN our/PRP$ bug/NN light/NN,2/sw2339,,198.44,4,sw09utt/sw_0900_2339.utt,{C and } we've got our bug light  /,133,,89
sd,A,2339,202.4,"and/CC everybody/NN 's/BES got/VBN their/PRP$ sleeping/NN bags/NNS ,/,",2/sw2339,,200.86,5,sw09utt/sw_0900_2339.utt,"{C and } everybody's got their sleeping bags,  /",134,,89
sd,A,2339,203.61999999999998,we/PRP got/VBD air/NN mattresses/NNS ./.,2/sw2339,,202.4,6,sw09utt/sw_0900_2339.utt,we got air mattresses.  /,135,,89
sd,A,2339,206.3,We/PRP decided/VBD that/DT was/VBD easier/JJR than/IN cots/NNS and/CC more/RBR comfortable/JJ ./.,2/sw2339,,203.7,7,sw09utt/sw_0900_2339.utt,We decided that was easier than cots and more comfortable. /,136,,89
aa,B,2339,206.51,Yeah/UH ./.,2/sw2339,,206.31,1,sw09utt/sw_0900_2339.utt,Yeah.  /,137,,90
ba,B,2339,207.19,"Those/DT are/VBP nice/JJ ,/,",2/sw2339,,206.51,2,sw09utt/sw_0900_2339.utt,"Those are nice,  /",138,,90
sd,B,2339,207.83,"we/PRP have/VBP one/CD of/IN those/DT ,/, too/RB ./.",2/sw2339,,207.19,3,sw09utt/sw_0900_2339.utt,"we have one of those, # too. # /",139,,90
b,A,2339,208.1,Yeah/UH ./.,2/sw2339,,207.82,1,sw09utt/sw_0900_2339.utt,# Yeah.  /,140,,91
qy^d,A,2339,209.04,Those/DT double/JJ ones/NNS ?/.,2/sw2339,,208.1,2,sw09utt/sw_0900_2339.utt,#  Those double ones? /,141,,91
ny,B,2339,209.64999999999998,Uh-huh/UH ./.,2/sw2339,,209.23,1,sw09utt/sw_0900_2339.utt,Uh-huh. /,142,,92
ba,A,2339,211.16,Pretty/RB good/JJ ./.,2/sw2339,,210.78,1,sw09utt/sw_0900_2339.utt,Pretty good.  /,143,,93
sd,A,2339,212.35999999999999,We/PRP 're/VBP on/IN our/PRP$ third/JJ one/NN I/PRP think/VBP ./.,2/sw2339,,211.16,2,sw09utt/sw_0900_2339.utt,We're on our third one I think.  /,144,,93
%,A,2339,212.8,"Somehow/RB ,/,",2/sw2339,,212.36,3,sw09utt/sw_0900_2339.utt,"# Somehow, # -/",145,,93
b,B,2339,0.0,Yeah/UH ./.,2/sw2339,,0.0,1,sw09utt/sw_0900_2339.utt,# Yeah.  /,146,,94
qw,B,2339,213.71,How/WRB do/VBP you/PRP blow/VB yours/PRP up/RP ?/.,2/sw2339,,212.81,2,sw09utt/sw_0900_2339.utt,How # do you blow yours up? /,147,,94
sd,A,2339,217.18,We/PRP 've/VBP got/VBN an/DT electric/JJ pump/NN that/WDT hooks/VBP into/IN the/DT cigarette/NN lighter/NN ./.,2/sw2339,,214.02,1,sw09utt/sw_0900_2339.utt,We've got an electric pump that hooks into the cigarette lighter. /,148,,95
bk,B,2339,217.25,Oh/UH ./.,2/sw2339,,217.19,1,sw09utt/sw_0900_2339.utt,Oh.  /,149,,96
sd,B,2339,219.19,"W-/PRP ,/, we/PRP were/VBD looking/VBG at/IN those/DT in/NN a/DT magazine/NN ./.",2/sw2339,,217.63,2,sw09utt/sw_0900_2339.utt,"[ W-, + we ] were looking at those in a magazine.  /",150,,96
sd,B,2339,221.87,"Last/JJ time/NN we/PRP went/VBD ,/, we/PRP took/VBD our/PRP$ vacuum/NN cleaner/NN with/IN us/PRP ./.",2/sw2339,,219.19,3,sw09utt/sw_0900_2339.utt,"Last time we went, we took our vacuum cleaner with us <laughter>. /",151,,96
qy^d,A,2339,223.48000000000002,I/PRP did/VBD n't/RB know/VB you/PRP could/MD do/VB that/DT ./.,2/sw2339,,222.18,1,sw09utt/sw_0900_2339.utt,I didn't know you could do that. /,152,,97
sd,B,2339,225.75,"And/CC ,/, yeah/UH ,/, you/PRP can/MD ,/, if/IN you/PRP can/MD reverse/VB the/DT ,/,",2/sw2339,,223.49,1,sw09utt/sw_0900_2339.utt,"{C And, } yeah, you can, if you can reverse the,",153,,98
x,A,2339,0.0,,2/sw2339,,0.0,1,sw09utt/sw_0900_2339.utt,<Noise>.,154,,99
+,B,2339,227.33,nozzle/NN on/IN your/PRP$ vacuum/NN cleaner/NN --/:,2/sw2339,,225.75,1,sw09utt/sw_0900_2339.utt,nozzle on your vacuum cleaner -- /,155,,100
b,A,2339,227.56,Yeah/UH ./.,2/sw2339,,227.32,1,sw09utt/sw_0900_2339.utt,Yeah. /,156,,101
sd,B,2339,229.81,--/: and/CC it/PRP blows/VBZ air/NN out/RB instead/IN of/IN sucking/VBG it/PRP in/RB,2/sw2339,,227.57,1,sw09utt/sw_0900_2339.utt,-- {C and } it blows air out instead of sucking it in  /,157,,102
sd,B,2339,232.29,and/CC you/PRP can/MD fill/VB them/PRP up/RP that/DT way/NN,2/sw2339,,229.81,2,sw09utt/sw_0900_2339.utt,{C and } you can fill them up that way  /,158,,102
sd,B,2339,235.26999999999998,but/CC something/NN that/WDT 's/BES smaller/JJR would/MD be/VB a/DT lot/NN more/RBR convenient/JJ ./.,2/sw2339,,232.31,3,sw09utt/sw_0900_2339.utt,{C but } something that's smaller would be a lot more convenient. /,159,,102
ba,A,2339,235.76000000000002,No/DT joke/NN ./.,2/sw2339,,235.26,1,sw09utt/sw_0900_2339.utt,No joke <laughter>. /,160,,103
x,B,2339,0.0,,2/sw2339,,0.0,1,sw09utt/sw_0900_2339.utt,<Laughter>.,161,,104
qy^d,A,2339,237.99,I/PRP hope/VBP you/PRP did/VBD n't/RB have/VB a/DT big/JJ vacuum/NN cleaner/NN ./.,2/sw2339,,235.76,1,sw09utt/sw_0900_2339.utt,I hope you didn't have a big vacuum cleaner. /,162,,105
nn,B,2339,238.57,No/UH ./.,2/sw2339,,238.39,1,sw09utt/sw_0900_2339.utt,No.  /,163,,106
%,B,2339,238.97,Uh-huh/UH ./.,2/sw2339,,238.57,2,sw09utt/sw_0900_2339.utt,Uh-huh.  /,164,,106
sd^e,B,2339,239.67000000000002,"We/PRP have/VBP a/DT ,/,",2/sw2339,,239.27,3,sw09utt/sw_0900_2339.utt,"[ We have a, +",165,,106
x,A,2339,0.0,,2/sw2339,,0.0,1,sw09utt/sw_0900_2339.utt,<Cough>.,166,,107
+,B,2339,242.27,"S-/XX ,/, my/PRP$ husband/NN and/CC I/PRP ,/, we/PRP have/VBP a/DT pickup/NN truck/NN",2/sw2339,,239.67,1,sw09utt/sw_0900_2339.utt,"[ S-, + my husband ] and I, we have a ] pickup truck  /",167,,108
sd,B,2339,243.95,so/RB there/EX 's/BES plenty/NN of/IN room/NN to/TO hold/VB things/NNS ./.,2/sw2339,,242.27,2,sw09utt/sw_0900_2339.utt,{C so } there's plenty of room to hold things. /,168,,108
b,A,2339,244.17,Yeah/UH ./.,2/sw2339,,243.97,1,sw09utt/sw_0900_2339.utt,Yeah.  /,169,,109
sd,A,2339,245.85,Now/RB we/PRP 've/VBP used/VBN a/DT hair/NN dryer/NN before/RB ./.,2/sw2339,,244.29,2,sw09utt/sw_0900_2339.utt,{D Now } we've used a hair dryer before. /,170,,109
b,B,2339,246.29000000000002,Uh-huh/UH ./.,2/sw2339,,245.99,1,sw09utt/sw_0900_2339.utt,Uh-huh. /,171,,110
sd,A,2339,248.43,But/CC I/PRP put/VBD it/PRP on/IN hot/JJ and/CC also/RB melted/VBD it/PRP ./.,2/sw2339,,246.51,1,sw09utt/sw_0900_2339.utt,{C But } I put it on hot and also melted it. /,172,,111
ba,B,2339,248.91,Oh/UH no/UH ./.,2/sw2339,,248.45,1,sw09utt/sw_0900_2339.utt,{F Oh } no <laughter>. /,173,,112
sd,A,2339,250.53,I/PRP found/VBD that/IN you/PRP do/VBP n't/RB do/VB that/DT ./.,2/sw2339,,248.89,1,sw09utt/sw_0900_2339.utt,I found that you don't do that. /,174,,113
b,B,2339,251.01,Yeah/UH ./.,2/sw2339,,250.63,1,sw09utt/sw_0900_2339.utt,Yeah. /,175,,114
sd,A,2339,253.10999999999999,I/PRP did/VBD n't/RB realize/VB it/PRP would/MD melt/VB so/RB easily/RB ./.,2/sw2339,,250.99,1,sw09utt/sw_0900_2339.utt,I didn't realize it would melt so easily. /,176,,115
b,B,2339,253.23000000000002,Oh/UH ./.,2/sw2339,,253.15,1,sw09utt/sw_0900_2339.utt,Oh. /,177,,116
sd,A,2339,255.21,I/PRP do/VBP n't/RB know/VB ./.,2/sw2339,,254.55,1,sw09utt/sw_0900_2339.utt,I don't know. /,178,,117
sd,B,2339,257.65000000000003,"We/PRP take/VBP ,/, we/PRP take/VBP our/PRP$ dog/NN camping/VBG ./.",2/sw2339,,256.15,1,sw09utt/sw_0900_2339.utt,"[ We take, + we take ] our dog camping.  /",179,,118
sd,B,2339,259.78999999999996,She/PRP likes/VBZ to/TO go/VB out/RB and/CC stay/VB in/IN the/DT woods/NNS ./.,2/sw2339,,257.65,2,sw09utt/sw_0900_2339.utt,She likes to go out and stay in the woods. /,180,,118
b,A,2339,259.99,Yeah/UH ./.,2/sw2339,,259.77,1,sw09utt/sw_0900_2339.utt,Yeah. /,181,,119
sd,B,2339,261.59000000000003,"She/PRP sleeps/VBZ ,/, she/PRP sleeps/VBZ in/IN the/DT tent/NN with/IN us/PRP ./.",2/sw2339,,260.19,1,sw09utt/sw_0900_2339.utt,"[ She sleeps, + she sleeps ] in the tent with us. /",182,,120
x,A,2339,0.0,,2/sw2339,,0.0,1,sw09utt/sw_0900_2339.utt,<Sniffing>.,183,,121
sd,B,2339,263.25,It/PRP 's/BES fun/JJ ./.,2/sw2339,,261.59,1,sw09utt/sw_0900_2339.utt,It's fun <<very faintly>>. /,184,,122
sd,A,2339,265.96999999999997,I/PRP do/VBP n't/RB like/VB it/PRP when/WRB there/EX 's/BES mosquitos/NNS so/RB bad/JJ ./.,2/sw2339,,263.23,1,sw09utt/sw_0900_2339.utt,I don't like it when there's mosquitos so bad. /,185,,123
sd,B,2339,266.57,"Oh/UH ,/, me/PRP either/RB ./.",2/sw2339,,265.99,1,sw09utt/sw_0900_2339.utt,"{F Oh, } me either. /",186,,124
sd,A,2339,268.99,And/CC then/RB one/CD night/NN we/PRP were/VBD camping/VBG,2/sw2339,,266.55,1,sw09utt/sw_0900_2339.utt,{C And then } one night we were camping  /,187,,125
sd,A,2339,271.23,"and/CC it/PRP came/VBD ,/, just/RB a/DT torrential/JJ downpour/NN ./.",2/sw2339,,268.99,2,sw09utt/sw_0900_2339.utt,"{C and } it came, just a torrential downpour.  /",188,,125
sd,A,2339,272.89,We/PRP had/VBD the/DT steaks/NNS on/IN the/DT grill/NN ./.,2/sw2339,,271.31,3,sw09utt/sw_0900_2339.utt,We had the steaks on the grill.  /,189,,125
sd,A,2339,274.43,These/DT people/NNS were/VBD with/IN us/PRP ./.,2/sw2339,,273.35,4,sw09utt/sw_0900_2339.utt,These people were with us.  /,190,,125
sd,A,2339,278.45000000000005,"And/CC it/PRP ,/, MUMBLEx/XX ,/, I/PRP mean/VBP everything/NN was/VBD sopping/JJ wet/JJ inside/IN the/DT tent/NN ./.",2/sw2339,,274.61,5,sw09utt/sw_0900_2339.utt,"{C And } [ it, +  ((   )) ,  <throat_clearing> {E I mean } everything ] was sopping wet inside the tent.  /",191,,125
sd,A,2339,279.28999999999996,"It/PRP was/VBD just/RB that/RB bad/JJ ,/, you/PRP know/VBP ./.",2/sw2339,,278.45,6,sw09utt/sw_0900_2339.utt,"It was just that # bad, {D you know } <sniffing>. # /",192,,125
ba,B,2339,280.19,Oh/UH no/UH ./.,2/sw2339,,279.31,1,sw09utt/sw_0900_2339.utt,# {F Oh } no. # /,193,,126
sd,A,2339,284.78999999999996,And/CC we/PRP decided/VBD we/PRP 'd/MD just/RB go/VB across/IN the/DT road/NN to/IN the/DT office/NN and/CC see/VB if/IN we/PRP could/MD rent/VB anything/NN ./.,2/sw2339,,280.43,1,sw09utt/sw_0900_2339.utt,{C And } we decided we'd just go across the road to the office and see if we could rent anything. /,194,,127
b,B,2339,285.1,Uh-huh/UH ./.,2/sw2339,,284.8,1,sw09utt/sw_0900_2339.utt,Uh-huh. /,195,,128
sd,A,2339,288.0,So/UH I/PRP got/VBD a/DT condo/NN with/IN a/DT jacuzzi/NN,2/sw2339,,285.09,1,sw09utt/sw_0900_2339.utt,{D So } I got a condo with a jacuzzi  /,196,,129
sd,A,2339,288.94,and/CC it/PRP was/VBD wonderful/JJ ./.,2/sw2339,,288.0,2,sw09utt/sw_0900_2339.utt,{C and } it was wonderful. /,197,,129
ba,B,2339,289.54,Oh/UH boy/UH ./.,2/sw2339,,288.96,1,sw09utt/sw_0900_2339.utt,{F Oh } boy <laughter>. /,198,,130
b,A,2339,289.78,Yeah/UH ./.,2/sw2339,,289.52,1,sw09utt/sw_0900_2339.utt,<Laughter> Yeah. /,199,,131
ba,B,2339,291.54,That/DT was/VBD lucky/JJ ./.,2/sw2339,,290.04,1,sw09utt/sw_0900_2339.utt,That was lucky. /,200,,132
aa,A,2339,291.94000000000005,"Yeah/UH ,/,",2/sw2339,,291.72,1,sw09utt/sw_0900_2339.utt,"Yeah,  /",201,,133
aa,A,2339,292.6,it/PRP was/VBD ./.,2/sw2339,,291.94,2,sw09utt/sw_0900_2339.utt,it was. /,202,,133
sd,B,2339,293.26,We/PRP 've/VBP been/VBN lucky/JJ ./.,2/sw2339,,292.62,1,sw09utt/sw_0900_2339.utt,We've been lucky.  /,203,,134
sd,B,2339,296.44,We/PRP 've/VBP never/RB really/RB been/VBN rained/VBN on/IN the/DT few/JJ times/NNS we/PRP 've/VBP gone/VBN ./.,2/sw2339,,293.26,2,sw09utt/sw_0900_2339.utt,We've never really been rained on the few times we've gone. /,204,,134
sd,A,2339,297.34,It/PRP 's/BES horrible/JJ ./.,2/sw2339,,296.68,1,sw09utt/sw_0900_2339.utt,It's horrible. /,205,,135
ba,B,2339,298.52,"Oh/UH I/PRP bet/VBP it/PRP ,/,",2/sw2339,,297.82,1,sw09utt/sw_0900_2339.utt,"{F Oh } I bet it, - /",206,,136
sd,B,2339,301.66,"when/WRB we/PRP were/VBD younger/JJR ,/, when/WRB I/PRP was/VBD a/DT kid/NN ,/, we/PRP camped/VBD in/IN Virginia/NNP",2/sw2339,,298.52,2,sw09utt/sw_0900_2339.utt,"[ when we were younger, + when I was a kid, ] we camped in Virginia  /",207,,136
sd,B,2339,306.66,"and/CC we/PRP had/VBD one/CD of/IN those/DT little/JJ pop/VB up/RP tents/NNS ,/, which/WDT is/VBZ really/RB nice/JJ because/IN it/PRP kind/RB of/RB gets/VBZ you/PRP off/IN the/DT ground/NN ./.",2/sw2339,,301.66,3,sw09utt/sw_0900_2339.utt,"{C and } we had one of those little pop up tents, which is really nice because it kind of gets you off the ground.  /",208,,136
sd,B,2339,312.04,"But/CC it/PRP seemed/VBD like/IN it/PRP rained/VBD every/DT weekend/NN for/IN about/RB a/DT y-/NN ,/, the/DT year/NN we/PRP were/VBD really/RB into/IN camping/NN ./.",2/sw2339,,307.42,4,sw09utt/sw_0900_2339.utt,"{C But } it seemed like it rained every weekend for about [ a y-, + the year ] we were really into camping. /",209,,136
qy,A,2339,314.28000000000003,You/PRP mean/VBP that/IN you/PRP put/VBP on/IN a/DT truck/NN or/CC what/WP ?/.,2/sw2339,,312.14,1,sw09utt/sw_0900_2339.utt,You mean that you put on a truck or what? /,210,,137
nn,B,2339,314.62,No/UH ./.,2/sw2339,,314.3,1,sw09utt/sw_0900_2339.utt,No.  /,211,,138
sd^e,B,2339,316.54,It/PRP 's/BES a/DT little/JJ trailer/NN you/PRP pull/VBP behind/IN your/PRP$ car/NN,2/sw2339,,314.62,2,sw09utt/sw_0900_2339.utt,It's a little trailer you pull behind your car  /,212,,138
sd,B,2339,317.16,"and/CC ,/, uh/UH ,/,",2/sw2339,,316.54,3,sw09utt/sw_0900_2339.utt,"{C and, } {F uh, }",213,,138
b,A,2339,317.82,"Oh/UH yeah/UH ,/,",2/sw2339,,317.26,1,sw09utt/sw_0900_2339.utt,"{F Oh } yeah,  /",214,,139
b^r,A,2339,0.0,yeah/UH ./.,2/sw2339,,0.0,2,sw09utt/sw_0900_2339.utt,# yeah. # /,215,,139
+,B,2339,319.0,"you/PRP know/VBP ,/, you/PRP ,/, the/DT lid/NN pops/VBZ off/RP ,/,",2/sw2339,,317.84,1,sw09utt/sw_0900_2339.utt,"# {D you # know, } [ you, + ] the lid pops off, /",216,,140
x,A,2339,0.0,,2/sw2339,,0.0,1,sw09utt/sw_0900_2339.utt,<Noise> <<like glass with ice>>.,217,,141
sd,B,2339,320.62,the/DT little/JJ tent/NN comes/VBZ up/IN the/DT top/NN --/:,2/sw2339,,319.0,1,sw09utt/sw_0900_2339.utt,the little tent comes up the top -- /,218,,142
b,A,2339,320.88,Uh-huh/UH ./.,2/sw2339,,320.6,1,sw09utt/sw_0900_2339.utt,Uh-huh. /,219,,143
sd,B,2339,322.92,--/: and/CC it/PRP had/VBD two/CD double/JJ beds/NNS in/IN it/PRP ./.,2/sw2339,,320.96,1,sw09utt/sw_0900_2339.utt,-- {C and } it had two double beds in it. /,220,,144
qw^t,A,2339,327.9,How/WRB many/JJ weeks/NNS have/VBP you/PRP been/VBN doing/VBG these/DT calls/NNS ?/.,2/sw2339,,324.86,1,sw09utt/sw_0900_2339.utt,</Noise> <<glass with ice>> How many weeks have you been doing <noise> these calls? /,221,,145
sd^t,B,2339,329.08,"Oh/UH ,/, since/IN the/DT beginning/NN ./.",2/sw2339,,327.92,1,sw09utt/sw_0900_2339.utt,"{F Oh, } since the beginning.  /",222,,146
sd^t,B,2339,331.52,I/PRP guess/VBP it/PRP 's/HVS been/VBN two/CD or/CC three/CD weeks/NNS ./.,2/sw2339,,330.22,2,sw09utt/sw_0900_2339.utt,I guess it's been two or three weeks. /,223,,146
sd^t,A,2339,333.90000000000003,I/PRP think/VBP this/DT must/MD be/VB into/IN my/PRP$ third/JJ week/NN too/RB ./.,2/sw2339,,331.94,1,sw09utt/sw_0900_2339.utt,I think this must be into my third week too.  /,224,,147
qy,A,2339,336.62,So/UH do/VBP you/PRP work/VB for/IN T/NNP I/NNP ?/.,2/sw2339,,335.66,2,sw09utt/sw_0900_2339.utt,{D So } do you work for T I? /,225,,147
na,B,2339,339.28000000000003,"Uh/UH ,/, well/UH ,/, I/PRP work/VBP as/IN a/DT temporary/NN in/IN the/DT Speech/NNP Lab/NNP ./.",2/sw2339,,337.08,1,sw09utt/sw_0900_2339.utt,"{F Uh, } {D well, } I work as a temporary in the Speech Lab. /",226,,148
qy^m,A,2339,341.14,In/IN a/DT Speech/NNP Lab/NNP ?/.,2/sw2339,,340.24,1,sw09utt/sw_0900_2339.utt,In a Speech Lab? /,227,,149
ny,B,2339,341.38000000000005,Uh-huh/UH ./.,2/sw2339,,341.16,1,sw09utt/sw_0900_2339.utt,Uh-huh.  /,228,,150
sd^e,B,2339,345.62,Where/WRB they/PRP 're/VBP doing/VBG this/DT program/NN ./. The/DT Voice/NNP Recognition/NNP Program/NNP ./.,2/sw2339,,341.38,2,sw09utt/sw_0900_2339.utt,Where they're doing this program. The Voice Recognition Program. /,229,,150
qw,A,2339,347.86,And/CC what/WP exactly/RB are/VBP they/PRP going/VBG to/TO do/VB ?/.,2/sw2339,,345.6,1,sw09utt/sw_0900_2339.utt,{C And } what exactly are they going to do? /,230,,151
sd,B,2339,349.44,"Oh/UH ,/, they/PRP turn/VBP them/PRP over/IN to/IN somebody/NN",2/sw2339,,347.88,1,sw09utt/sw_0900_2339.utt,"{F Oh, } they turn them over to somebody  /",231,,152
sd,B,2339,355.9,"and/CC they/PRP 're/VBP going/VBG to/TO ,/, I/PRP guess/VBP they/PRP 're/VBP going/VBG to/TO try/VB to/TO teach/VB computers/NNS how/WRB to/TO recognize/VB voices/NNS and/CC search/VB for/IN specific/JJ words/NNS and/CC stuff/NN ./.",2/sw2339,,349.44,2,sw09utt/sw_0900_2339.utt,"{C and } [ they're going to, + I guess they're going to ] try to teach computers how to recognize voices and search for specific words and stuff. /",232,,152
bf,A,2339,360.67,"So/UH any/DT voice/NN ,/, no/DT matter/NN what/WP the/DT speech/NN pattern/NN or/CC the/DT dialect/NN --/:",2/sw2339,,356.34,1,sw09utt/sw_0900_2339.utt,"{D So } any voice, no matter what the <<pause>> speech pattern or the # dialect # --",233,,153
aa,B,2339,361.29,Right/UH ./.,2/sw2339,,360.91,1,sw09utt/sw_0900_2339.utt,# Right. # /,234,,154
+,A,2339,361.97,--/: or/CC anything/NN ./.,2/sw2339,,361.27,1,sw09utt/sw_0900_2339.utt,-- or anything. /,235,,155
aa,B,2339,362.40999999999997,Yeah/UH ./.,2/sw2339,,362.15,1,sw09utt/sw_0900_2339.utt,Yeah. /,236,,156
qy^d,A,2339,369.51,"Um/UH ./. I/PRP wonder/VBP if/IN these/DT are/VBP going/VBG to/TO be/VB speaking/VBG ./. The/DT computers/NNS ,/,",2/sw2339,,362.39,1,sw09utt/sw_0900_2339.utt,"<Throat_clearing> {F Um. }  I wonder if these are going to be speaking <<pause>>. The computers, /",237,,157
no,B,2339,370.51000000000005,I/PRP do/VBP n't/RB know/VB ./.,2/sw2339,,369.77,1,sw09utt/sw_0900_2339.utt,I don't know.  /,238,,158
sd,B,2339,375.03,I/PRP type/VBP up/RP the/DT tapes/NNS of/IN what/WP people/NNS talked/VBD about/IN ./.,2/sw2339,,370.51,2,sw09utt/sw_0900_2339.utt,I type up the tapes of what people talked about. /,239,,158
ba,A,2339,376.59,"Oh/UH ,/, that/DT 's/BES kind/RB of/RB neat/JJ ./.",2/sw2339,,375.77,1,sw09utt/sw_0900_2339.utt,"{F Oh, } that's kind of neat. /",240,,159
aa,B,2339,376.81,"Yeah/UH ,/,",2/sw2339,,376.61,1,sw09utt/sw_0900_2339.utt,"Yeah,  /",241,,160
sv,B,2339,377.54999999999995,it/PRP 's/BES sort/RB of/RB interesting/JJ ./.,2/sw2339,,376.81,2,sw09utt/sw_0900_2339.utt,it's sort of interesting. /,242,,160
qy,A,2339,381.45000000000005,"Do/VBP you/PRP put/VB all/PDT the/DT uh-huhs/NNS in/IN here/RB on/IN everything/NN ,/, too/RB ./.",2/sw2339,,379.39,1,sw09utt/sw_0900_2339.utt,"Do you put all the uh-huhs in here on everything, too. /",243,,161
ny,B,2339,381.73,Uh-huh/UH ./.,2/sw2339,,381.47,1,sw09utt/sw_0900_2339.utt,Uh-huh.  /,244,,162
sd^e,B,2339,382.69,Everything/NN like/IN that/DT ./.,2/sw2339,,381.81,2,sw09utt/sw_0900_2339.utt,Everything like that.  /,245,,162
sd,B,2339,384.39,All/DT the/DT little/JJ stutters/NNS and/CC everything/NN ./.,2/sw2339,,382.69,3,sw09utt/sw_0900_2339.utt,All the little stutters and everything. /,246,,162
qw,A,2339,385.90999999999997,What/WP do/VBP you/PRP write/VB for/IN stutter/NN ?/.,2/sw2339,,384.83,1,sw09utt/sw_0900_2339.utt,What do you write for stutter?  /,247,,163
%,A,2339,387.17,"That/DT ,/, uh/UH ,/,",2/sw2339,,386.79,2,sw09utt/sw_0900_2339.utt,"That, {F uh, } -/",248,,163
sd(^q),B,2339,390.11,"Like/IN if/IN they/PRP say/VBP I/PRP ,/, I/PRP ,/, we/PRP just/RB type/VBP it/PRP in/RP like/IN that/DT ./.",2/sw2339,,387.61,1,sw09utt/sw_0900_2339.utt,"{D Like } if they say I, I, we just type it in like that. /",249,,164
b,A,2339,391.15000000000003,Uh-huh/UH ./.,2/sw2339,,390.85,1,sw09utt/sw_0900_2339.utt,Uh-huh. /,250,,165
sv^t,B,2339,394.97,"Well/UH ,/, I/PRP guess/VBP that/DT 's/BES it/PRP for/IN camping/NN ,/, uh/UH ./.",2/sw2339,,392.83,1,sw09utt/sw_0900_2339.utt,"{D Well, } I guess that's it for camping, {F uh } <laughter>. /",251,,166
aa^t,A,2339,,I/PRP guess/VBP so/RB unless/IN you/PRP want/VBP to/TO talk/VB about/IN stakes/NNS ./.,2/sw2339,,,1,sw09utt/sw_0900_2339.utt,<Laughter> <talking> I guess so unless you want to talk about stakes. /,252,,167
x,B,2339,,,2/sw2339,,,1,sw09utt/sw_0900_2339.utt,<Laughter>.,253,,168
qw^d,A,2339,,What/WDT size/NN stakes/NNS to/TO put/VB in/RB ./.,2/sw2339,,,1,sw09utt/sw_0900_2339.utt,What size stakes to put in </talking>./,254,,169
x,B,2339,,,2/sw2339,,,1,sw09utt/sw_0900_2339.utt,<Laughter>.,255,,170
ad,A,2339,,You/PRP need/VBP metal/NN instead/IN of/IN plastic/NN ./.,2/sw2339,,,1,sw09utt/sw_0900_2339.utt,You need metal instead of plastic. /,256,,171
aa,B,2339,,Yeah/UH ./.,2/sw2339,,,1,sw09utt/sw_0900_2339.utt,Yeah. /,257,,172
ad,A,2339,,And/CC you/PRP make/VBP sure/JJ that/IN you/PRP keep/VBP up/RP with/IN them/PRP for/IN the/DT next/JJ time/NN ./.,2/sw2339,,,1,sw09utt/sw_0900_2339.utt,{C And } you make sure that you keep up with them for the next time. /,258,,173
aa,B,2339,,Yeah/UH ./.,2/sw2339,,,1,sw09utt/sw_0900_2339.utt,Yeah. /,259,,174
sd,A,2339,,"We/PRP got/VBD one/CD of/IN those/DT kind/NN that/WDT have/VBP got/VBN the/DT ,/,",2/sw2339,,,1,sw09utt/sw_0900_2339.utt,"We got one of those kind that have got the, - /",260,,175
t1,A,2339,,oh/UH what/WP is/VBZ it/PRP ?/.,2/sw2339,,,2,sw09utt/sw_0900_2339.utt,oh what is it?  /,261,,175
sd,A,2339,,They/PRP 're/VBP plastic/NN,2/sw2339,,,3,sw09utt/sw_0900_2339.utt,They're plastic  /,262,,175
sd,A,2339,,and/CC they/PRP 've/VBP got/VBN the/DT elastic/NN on/IN the/DT inside/NN of/IN the/DT poles/NNS,2/sw2339,,,4,sw09utt/sw_0900_2339.utt,{C and } they've got the elastic on the inside of the poles  /,263,,175
sd,A,2339,,and/CC you/PRP just/RB put/VBP them/PRP together/RB ./.,2/sw2339,,,5,sw09utt/sw_0900_2339.utt,{C and } you just put them together. /,264,,175
b,B,2339,,"Oh/UH ,/, uh-huh/UH ./.",2/sw2339,,,1,sw09utt/sw_0900_2339.utt,"{F Oh, } uh-huh.  /",265,,176
sd,B,2339,,"That/DT 's/BES what/WP we/PRP have/VBP ,/, too/RB ./.",2/sw2339,,,2,sw09utt/sw_0900_2339.utt,"# That's what we have, too. # /",266,,176
sd,A,2339,,And/CC it/PRP 's/BES a/DT dome/NN tent/NN ./.,2/sw2339,,,1,sw09utt/sw_0900_2339.utt,# {C And } it's a dome tent. # /,267,,177
b,B,2339,,"Yeah/UH ,/,",2/sw2339,,,1,sw09utt/sw_0900_2339.utt,"Yeah,  /",268,,178
sd,B,2339,,that/DT 's/BES what/WP ours/PRP is/VBZ ./.,2/sw2339,,,2,sw09utt/sw_0900_2339.utt,that's what ours is. /,269,,178
qy^g,A,2339,,That/DT 's/BES good/NN is/VBZ n't/RB it/PRP ./.,2/sw2339,,,1,sw09utt/sw_0900_2339.utt,That's good isn't it <talking>. /,270,,179
ny,B,2339,,"Yeah/UH ,/,",2/sw2339,,,1,sw09utt/sw_0900_2339.utt,"Yeah,  /",271,,180
ny^r,B,2339,,"yeah/UH ,/,",2/sw2339,,,2,sw09utt/sw_0900_2339.utt,"yeah,  /",272,,180
sd^e,B,2339,,they/PRP pop/VBP up/RP pretty/RB fast/RB ./.,2/sw2339,,,3,sw09utt/sw_0900_2339.utt,they pop up pretty fast. /,273,,180
b,A,2339,,Yeah/UH ./.,2/sw2339,,,1,sw09utt/sw_0900_2339.utt,</Talking> Yeah. /,274,,181
qy,B,2339,,Have/VBP you/PRP ever/RB camped/VBN on/IN sand/NN ?/.,2/sw2339,,,1,sw09utt/sw_0900_2339.utt,Have you ever camped on sand? /,275,,182
nn,A,2339,,"Um/UH ,/, no/UH ./.",2/sw2339,,,1,sw09utt/sw_0900_2339.utt,"<Talking> {F Um, } no. /",276,,183
sd,B,2339,,That/DT can/MD be/VB a/DT mess/NN ./.,2/sw2339,,,1,sw09utt/sw_0900_2339.utt,That can be a mess.  /,277,,184
sd,B,2339,,We/PRP camped/VBD at/IN the/DT beach/NN one/CD time/NN,2/sw2339,,,2,sw09utt/sw_0900_2339.utt,We camped at the beach one time  /,278,,184
sd,B,2339,,and/CC that/DT was/VBD sort/RB of/RB miserable/JJ ./.,2/sw2339,,,3,sw09utt/sw_0900_2339.utt,{C and } that was sort of miserable.  /,279,,184
sd,B,2339,,"You/PRP just/RB couldn-/XX ,/,",2/sw2339,,,4,sw09utt/sw_0900_2339.utt,"You just couldn-, - /",280,,184
sd,B,2339,,everywhere/RB you/PRP went/VBD there/EX was/VBD sand/NN ./.,2/sw2339,,,5,sw09utt/sw_0900_2339.utt,everywhere you went there was sand.  /,281,,184
sd,B,2339,,"You/PRP could/MD n't/RB ,/,",2/sw2339,,,6,sw09utt/sw_0900_2339.utt,"You couldn't, - /",282,,184
sd,B,2339,,"even/RB when/WRB you/PRP 're/VBP eating/VBG ,/,",2/sw2339,,,7,sw09utt/sw_0900_2339.utt,"even when you're eating, - /",283,,184
sd,B,2339,,"it/PRP ,/, it/PRP was/VBD in/IN your/PRP$ bed/NN ./.",2/sw2339,,,8,sw09utt/sw_0900_2339.utt,"[ it, + it ] was in your bed <laughter>. /",284,,184
sd,A,2339,,I/PRP 've/VBP done/VBN it/PRP in/IN a/DT shelter/NN ./.,2/sw2339,,,1,sw09utt/sw_0900_2339.utt,I've done it in a shelter. /,285,,185
b,B,2339,,Uh-huh/UH ./.,2/sw2339,,,1,sw09utt/sw_0900_2339.utt,Uh-huh. /,286,,186
sd,A,2339,,It/PRP was/VBD in/IN Padre/NNP Island/NNP and/CC in/IN a/DT --/:,2/sw2339,,,1,sw09utt/sw_0900_2339.utt,(( It was ))  in Padre Island and # in a # --,287,,187
b,B,2339,,Oh/UH ./.,2/sw2339,,,1,sw09utt/sw_0900_2339.utt,# Oh. # /,288,,188
+,A,2339,,"--/: truck/NN off/IN Corpus/NNP ,/, not/RB ,/,",2/sw2339,,,1,sw09utt/sw_0900_2339.utt,"-- truck off Corpus, [ not, +",289,,189
x,B,2339,,,2/sw2339,,,1,sw09utt/sw_0900_2339.utt,<Laughter>.,290,,190
+,A,2339,,but/CC not/RB in/IN a/DT tent/NN ./.,2/sw2339,,,1,sw09utt/sw_0900_2339.utt,but not ] in a tent. /,291,,191
b,B,2339,,Uh-huh/UH ./.,2/sw2339,,,1,sw09utt/sw_0900_2339.utt,Uh-huh. /,292,,192
fc,A,2339,,"Oh/UH well/UH ,/, that/DT 's/BES about/RB all/DT MUMBLEx/XX ./.",2/sw2339,,,1,sw09utt/sw_0900_2339.utt,"{F Oh } {D well, } that's about all  ((   )) . /",293,,193
fc,B,2339,,Okay/UH ./.,2/sw2339,,,1,sw09utt/sw_0900_2339.utt,Okay. /,294,,194
fc^m,A,2339,,Okay/UH ./.,2/sw2339,,,1,sw09utt/sw_0900_2339.utt,(( Okay )) . /,295,,195
fc,B,2339,,"Well/UH ,/, it/PRP 's/BES good/JJ talking/NN to/IN you/PRP ./.",2/sw2339,,,1,sw09utt/sw_0900_2339.utt,"{D Well, } it's good talking to you. /",296,,196
fc,A,2339,,Uh-huh/UH ./.,2/sw2339,,,1,sw09utt/sw_0900_2339.utt,Uh-huh. /,297,,197
fc,B,2339,,Bye/UH ./.,2/sw2339,,,1,sw09utt/sw_0900_2339.utt,# Bye. # /,298,,198
fc^m,A,2339,,Bye/UH ./.,2/sw2339,,,1,sw09utt/sw_0900_2339.utt,# Bye. # /,299,,199
