swda_filename,ptb_basename,conversation_no,transcript_index,act_tag,caller,utterance_index,subutterance_index,text,pos,trees,ptb_treenumbers,start_ts,end_ts
sw03utt/sw_0335_2589.utt,2/sw2589,2589,0,o,A,1,1,Okay. /,Okay/UH ./.,(INTJ (UH Okay) (. .) (-DFL- E_S)),1,0.16,0.54
sw03utt/sw_0335_2589.utt,2/sw2589,2589,1,sv,B,2,1,"The public school systems, {D well }  everybody's  [ kno-, +  has known ] they've needed renovation for years, but never really had a clear  direction on which way to go with it. /","[ The/DT public/JJ school/NN systems/NNS ] ,/, well/UH  [ everybody/NN ] [ 's/BES kno-/XX ] ,/, has/VBZ known/VBN  [ they/PRP ] 've/VBP needed/VBN  [ renovation/NN ] for/IN  [ years/NNS ] ,/, but/CC never/RB really/RB had/VBN  [ a/DT clear/JJ direction/NN ] on/IN  [ which/WDT way/NN ] to/TO go/VB with/IN  [ it/PRP ] ./.","(S (NP-ADV (DT The) (JJ public) (NN school) (NNS systems)) (, ,) (INTJ (UH well)) (NP-SBJ-1 (NN everybody)) (EDITED (VP (BES 's) (RM (-DFL- \[)) (VP-UNF (XX kno-))) (, ,) (IP (-DFL- \+))) (VP (VBZ has) (VP (VP (VBN known) (RS (-DFL- \])) (SBAR (-NONE- 0) (S (NP-SBJ (PRP they)) (VP (VBP 've) (VP (VBN needed) (NP (NN renovation)) (PP-TMP (IN for) (NP (NNS years)))))))) (, ,) (CC but) (VP (ADVP-TMP (RB never)) (ADVP (RB really)) (VBN had) (NP (NP (DT a) (JJ clear) (NN direction)) (PP (IN on) (SBAR (WHADVP-2 (WDT which) (NN way)) (S (NP-SBJ (-NONE- *-1)) (VP (TO to) (VP (VB go) (ADVP (-NONE- *T*-2)) (PP (IN with) (NP (PRP it)))))))))))) (. .) (-DFL- E_S))",3,1.7,10.86
sw03utt/sw_0335_2589.utt,2/sw2589,2589,2,b,A,3,1,Uh-huh. /,[ Uh-huh/UH ] ./.,(INTJ (UH Uh-huh) (. .) (-DFL- E_S)),5,11.24,11.44
sw03utt/sw_0335_2589.utt,2/sw2589,2589,3,sv,B,4,1,"The first direction that [ I can see, + {E or } [ I wish, +  I would love ] to see ] them go with.  /","[ The/DT first/JJ direction/NN ] that/WDT  [ I/PRP ] can/MD see/VB ,/, or/CC  [ I/PRP ] wish/VBP ,/,  [ I/PRP ] would/MD love/VB to/TO see/VB  [ them/PRP ] go/VB with/IN ./.","(NP (NP (DT The) (JJ first) (NN direction)) (SBAR (WHNP-2 (WDT that)) (S (EDITED (RM (-DFL- \[)) (S (NP-SBJ (PRP I)) (VP (MD can) (VP-UNF (VB see)))) (, ,) (IP (-DFL- \+)) (CC or)) (EDITED (RM (-DFL- \[)) (S (NP-SBJ (PRP I)) (VP-UNF (VBP wish))) (, ,) (IP (-DFL- \+))) (NP-SBJ-1 (PRP I)) (VP (MD would) (VP (VB love) (RS (-DFL- \])) (S (NP-SBJ (-NONE- *-1)) (VP (TO to) (VP (VB see) (RS (-DFL- \])) (S (NP-SBJ (PRP them)) (VP (VB go) (PP (IN with) (NP (-NONE- *T*-2)))))))))))) (. .) (-DFL- E_S))",7,11.68,17.619999999999997
sw03utt/sw_0335_2589.utt,2/sw2589,2589,4,sv,B,4,2,Kids learn at different rates  /,[ Kids/NNS ] learn/VBP at/IN  [ different/JJ rates/NNS ],(S (NP-SBJ (NNS Kids)) (VP (VBP learn) (PP (IN at) (NP (JJ different) (NNS rates)))) (-DFL- E_S)),8,21.2,23.12
sw03utt/sw_0335_2589.utt,2/sw2589,2589,5,sv,B,4,3,{C and } for too long  they've kind of lumped everybody together.  /,and/CC for/IN too/RB long/JJ  [ they/PRP ] 've/VBP  [ kind/RB ] of/RB lumped/VBN  [ everybody/NN ] together/RB ./.,(S (CC and) (PP-TMP (IN for) (ADJP (RB too) (JJ long))) (NP-SBJ (PRP they)) (VP (VBP 've) (ADVP (RB kind) (RB of)) (VP (VBN lumped) (NP (NN everybody)) (ADVP (RB together)))) (. .) (-DFL- E_S)),9,23.12,25.279999999999998
sw03utt/sw_0335_2589.utt,2/sw2589,2589,6,^q,B,4,4,You'd learn at this rate  /,[ You/PRP ] 'd/MD learn/VB at/IN  [ this/DT rate/NN ],(S (NP-SBJ (PRP You)) (VP (MD 'd) (VP (VB learn) (PP (IN at) (NP (DT this) (NN rate))))) (-DFL- E_S)),10,25.28,26.34
sw03utt/sw_0335_2589.utt,2/sw2589,2589,7,^q,B,4,5,{C and }  that's the only way it's going to happen. /,and/CC  [ that/DT ] 's/BES  [ the/DT only/JJ way/NN ] [ it/PRP ] 's/BES going/VBG to/TO happen/VB ./.,(S (CC and) (NP-SBJ (DT that)) (VP (BES 's) (NP-PRD (NP (DT the) (JJ only) (NN way)) (SBAR (WHADVP-2 (-NONE- 0)) (S (NP-SBJ-1 (PRP it)) (VP (BES 's) (VP (VBG going) (S (NP-SBJ (-NONE- *-1)) (VP (TO to) (VP (VB happen) (ADVP-MNR (-NONE- *T*-2))))))))))) (. .) (-DFL- E_S)),11,26.34,27.599999999999998
sw03utt/sw_0335_2589.utt,2/sw2589,2589,8,aa,A,5,1,Yeah.  /,Yeah/UH ./.,(INTJ (UH Yeah) (. .) (-DFL- E_S)),13,27.72,28.08
sw03utt/sw_0335_2589.utt,2/sw2589,2589,9,aa,A,5,2,That's true <laughter>. /,[ That/DT ] 's/BES true/JJ ./.,(S (NP-SBJ (DT That)) (VP (BES 's) (ADJP-PRD (JJ true))) (. .) (-DFL- E_S)),14,28.27,28.849999999999998
sw03utt/sw_0335_2589.utt,2/sw2589,2589,10,sv,B,6,1,"You've got some kids that'll pick up on it in the first three minutes you're talking about it,  /","[ You/PRP ] 've/VBP got/VBN  [ some/DT kids/NNS ] [ that/WDT ] 'll/MD pick/VB up/RP on/IN  [ it/PRP ] in/IN  [ the/DT first/JJ three/CD minutes/NNS you/PRP ] 're/VBP talking/VBG about/IN  [ it/PRP ] ,/,","(S (NP-SBJ (PRP You)) (VP (VBP 've) (VP (VBN got) (NP (NP (DT some) (NNS kids)) (SBAR (WHNP-1 (WDT that)) (S (NP-SBJ (-NONE- *T*-1)) (VP (MD 'll) (VP (VB pick) (PRT (RP up)) (PP (IN on) (NP (PRP it))) (PP-TMP (IN in) (NP (NP (DT the) (JJ first) (CD three) (NNS minutes)) (SBAR (WHADVP-2 (-NONE- 0)) (S (NP-SBJ (PRP you)) (VP (VBP 're) (VP (VBG talking) (PP (IN about) (NP (PRP it))) (ADVP-TMP (-NONE- *T*-2))))))))))))))) (, ,) (-DFL- E_S))",16,28.74,33.059999999999995
sw03utt/sw_0335_2589.utt,2/sw2589,2589,11,sv,B,6,2,"{C and } [ the re-, + the other ] fifty-seven minutes you've been talking about a subject, you've bored them. /","and/CC  [ the/DT re-/XX ] ,/,  [ the/DT other/JJ fifty-seven/CD minutes/NNS you/PRP ] 've/VBP been/VBN talking/VBG about/IN  [ a/DT subject/NN ] ,/,  [ you/PRP ] 've/VBP bored/VBN  [ them/PRP ] ./.","(S (CC and) (EDITED (RM (-DFL- \[)) (NP-TMP-UNF (DT the) (XX re-)) (, ,) (IP (-DFL- \+))) (NP-TMP (NP (DT the) (JJ other) (RS (-DFL- \])) (CD fifty-seven) (NNS minutes)) (SBAR (WHADVP-1 (-NONE- 0)) (S (NP-SBJ (PRP you)) (VP (VBP 've) (VP (VBN been) (VP (VBG talking) (PP (IN about) (NP (DT a) (NN subject))) (ADVP-TMP (-NONE- *T*-1)))))))) (, ,) (NP-SBJ (PRP you)) (VP (VBP 've) (VP (VBN bored) (NP (PRP them)))) (. .) (-DFL- E_S))",17,33.06,36.739999999999995
sw03utt/sw_0335_2589.utt,2/sw2589,2589,12,aa,A,7,1,"Yeah,  /","Yeah/UH ,/,","(INTJ (UH Yeah) (, ,) (-DFL- E_S))",19,37.11,37.51
sw03utt/sw_0335_2589.utt,2/sw2589,2589,13,aa^r,A,7,2,"yeah,  /","yeah/UH ,/,","(INTJ (UH yeah) (, ,) (-DFL- E_S))",20,37.81,38.21
sw03utt/sw_0335_2589.utt,2/sw2589,2589,14,aa,A,7,3,"[ that's, + that's ] very true.  /","[ that/DT ] 's/BES ,/,  [ that/DT ] 's/BES very/RB true/JJ ./.","(S (EDITED (RM (-DFL- \[)) (S (NP-SBJ (DT that)) (VP-UNF (BES 's))) (, ,) (IP (-DFL- \+))) (NP-SBJ (DT that)) (VP (BES 's) (RS (-DFL- \])) (ADJP-PRD (RB very) (JJ true))) (. .) (-DFL- E_S))",21,38.41,40.59
sw03utt/sw_0335_2589.utt,2/sw2589,2589,15,sd,A,7,4,"{F Um, } <sigh> I guess I can relate to that, because I have two kids that are opposites like that.  /","[ Um/UH ] ,/,  [ I/PRP ] guess/VBP  [ I/PRP ] can/MD relate/VB to/IN  [ that/DT ] ,/, because/IN  [ I/PRP ] have/VBP  [ two/CD kids/NNS ] [ that/WDT ] are/VBP  [ opposites/NNS ] like/IN  [ that/DT ] ./.","(S (INTJ (UH Um)) (, ,) (NP-SBJ (PRP I)) (VP (VBP guess) (SBAR (-NONE- 0) (S (NP-SBJ (PRP I)) (VP (MD can) (VP (VB relate) (PP (IN to) (NP (DT that))) (, ,) (SBAR-PRP (IN because) (S (NP-SBJ (PRP I)) (VP (VBP have) (NP (NP (CD two) (NNS kids)) (SBAR (WHNP-1 (WDT that)) (S (NP-SBJ (-NONE- *T*-1)) (VP (VBP are) (NP-PRD (NP (NNS opposites)) (PP (IN like) (NP (DT that)))))))))))))))) (. .) (-DFL- E_S))",22,40.59,48.349999999999994
sw03utt/sw_0335_2589.utt,2/sw2589,2589,16,sd,A,7,5,"<laughter> {F Uh, } one picks up real quick  /","[ Uh/UH ] ,/,  [ one/CD picks/VBZ ] up/RP  [ real/RB quick/RB ]","(S (INTJ (UH Uh)) (, ,) (NP-SBJ (CD one)) (VP (VBZ picks) (PRT (RP up)) (ADVP-MNR (RB real) (RB quick))) (-DFL- E_S))",23,49.33,50.69
sw03utt/sw_0335_2589.utt,2/sw2589,2589,17,sd,A,7,6,{C and } the other one doesn't.  /,and/CC  [ the/DT other/JJ one/CD ] does/VBZ n't/RB ./.,(S (CC and) (NP-SBJ (DT the) (JJ other) (CD one)) (VP (VBZ does) (RB n't)) (. .) (-DFL- E_S)),24,50.69,51.75
sw03utt/sw_0335_2589.utt,2/sw2589,2589,18,aa,A,7,7,"{C And } you're right, they do get bored, {F uh, } really fast, if they already know what  you're talking about.  /","And/CC  [ you/PRP ] 're/VBP right/JJ ,/,  [ they/PRP ] do/VBP get/VB bored/JJ ,/,  [ uh/UH ] ,/, really/RB fast/RB ,/, if/IN  [ they/PRP ] already/RB know/VBP  [ what/WP ] [ you/PRP ] 're/VBP talking/VBG about/IN ./.","(S (CC And) (NP-SBJ (PRP you)) (VP (VBP 're) (ADJP-PRD (JJ right))) (, ,))|||(S (NP-SBJ (PRP they)) (VP (VBP do) (VP (VB get) (ADJP-PRD (JJ bored)) (, ,) (INTJ (UH uh)) (, ,) (ADVP (RB really) (RB fast)) (, ,) (SBAR-ADV (IN if) (S (NP-SBJ (PRP they)) (ADVP-TMP (RB already)) (VP (VBP know) (SBAR (WHNP-1 (WP what)) (S (NP-SBJ (PRP you)) (VP (VBP 're) (VP (VBG talking) (PP (IN about) (NP (-NONE- *T*-1)))))))))))) (. .) (-DFL- E_S))",25|||26,52.03,58.209999999999994
sw03utt/sw_0335_2589.utt,2/sw2589,2589,19,qo,A,7,8,What do you propose that they do?  /,[ What/WP ] do/VBP  [ you/PRP ] propose/VB that/IN  [ they/PRP ] do/VBP ?/.,(SBARQ (WHNP-1 (WP What)) (SQ (VBP do) (NP-SBJ (PRP you)) (VP (VB propose) (SBAR (IN that) (S (NP-SBJ (PRP they)) (VP (VBP do) (NP (-NONE- *T*-1))))))) (. ?) (-DFL- E_S)),27,58.53,60.45
sw03utt/sw_0335_2589.utt,2/sw2589,2589,20,qw,A,7,9,"[ What, + what ]  is your suggestions? /","[ What/WP ] ,/,  [ what/WP ] is/VBZ  [ your/PRP$ suggestions/NNS ] ?/.","(SBARQ (EDITED (RM (-DFL- \[)) (SBARQ-UNF (WP What)) (, ,) (IP (-DFL- \+))) (WHNP-1 (WP what)) (RS (-DFL- \])) (SQ (VBZ is) (NP-SBJ (PRP$ your) (NNS suggestions)) (NP-PRD (-NONE- *T*-1))) (. ?) (-DFL- E_S))",28,60.45,62.13
sw03utt/sw_0335_2589.utt,2/sw2589,2589,21,sv,B,8,1,"The educators need to be a little bit more open minded as well as innovative in dealing with, {F uh, } the various students to get the maximum potential out of the person. /","[ The/DT educators/NNS ] need/VBP to/TO be/VB  [ a/DT little/JJ bit/NN ] more/RBR open/GW minded/^JJ as/RB well/RB as/IN  [ innovative/JJ ] in/IN dealing/VBG with/IN ,/,  [ uh/UH ] ,/,  [ the/DT various/JJ students/NNS ] to/TO get/VB  [ the/DT maximum/JJ potential/NN ] out/IN of/IN  [ the/DT person/NN ] ./.","(S (NP-SBJ-1 (DT The) (NNS educators)) (VP (VBP need) (S (NP-SBJ-2 (-NONE- *-1)) (VP (TO to) (VP (VB be) (ADJP-PRD (ADJP (ADVP (NP (DT a) (JJ little) (NN bit)) (RBR more)) (GW open) (^JJ minded)) (CONJP (RB as) (RB well) (IN as)) (ADJP (JJ innovative)) (PP (IN in) (S-NOM (NP-SBJ (-NONE- *)) (VP (VBG dealing) (PP (IN with) (, ,) (INTJ (UH uh)) (, ,) (NP (DT the) (JJ various) (NNS students))) (S-PRP (NP-SBJ (-NONE- *-2)) (VP (TO to) (VP (VB get) (NP (DT the) (JJ maximum) (NN potential)) (PP (IN out) (PP (IN of) (NP (DT the) (NN person))))))))))))))) (. .) (-DFL- E_S))",30,63.66,85.16000000000001
sw03utt/sw_0335_2589.utt,2/sw2589,2589,22,b,A,9,1,Uh-huh.  /,[ Uh-huh/UH ] ./.,(INTJ (UH Uh-huh) (. .) (-DFL- E_S)),5,85.41,85.61
sw03utt/sw_0335_2589.utt,2/sw2589,2589,23,b,A,9,2,Out of each child. /,Out/IN of/IN  [ each/DT child/NN ] ./.,(PP (IN Out) (PP (IN of) (NP (DT each) (NN child))) (. .) (-DFL- E_S)),33,86.35,87.11
sw03utt/sw_0335_2589.utt,2/sw2589,2589,24,b^m,B,10,1,Out of each child. /,Out/IN of/IN  [ each/DT child/NN ] ./.,(PP (IN Out) (PP (IN of) (NP (DT each) (NN child))) (. .) (-DFL- E_S)),33,87.0,87.69999999999999
sw03utt/sw_0335_2589.utt,2/sw2589,2589,25,b,A,11,1,Each individual child. /,[ Each/DT individual/JJ child/NN ] ./.,(NP (DT Each) (JJ individual) (NN child) (. .) (-DFL- E_S)),37,87.81,88.57000000000001
sw03utt/sw_0335_2589.utt,2/sw2589,2589,26,sv,B,12,1,Some kids are going to be great with mechanical stuff.  /,[ Some/DT kids/NNS ] are/VBP going/VBG to/TO be/VB great/JJ with/IN  [ mechanical/JJ stuff/NN ] ./.,(S (NP-SBJ-1 (DT Some) (NNS kids)) (VP (VBP are) (VP (VBG going) (S (NP-SBJ (-NONE- *-1)) (VP (TO to) (VP (VB be) (ADJP-PRD (JJ great) (PP (IN with) (NP (JJ mechanical) (NN stuff))))))))) (. .) (-DFL- E_S)),39,88.46,90.7
sw03utt/sw_0335_2589.utt,2/sw2589,2589,27,sv,B,12,2,"Other kids are going to be really into math,  /","[ Other/JJ kids/NNS ] are/VBP going/VBG to/TO be/VB really/RB into/IN  [ math/NN ] ,/,","(S (NP-SBJ-1 (JJ Other) (NNS kids)) (VP (VBP are) (VP (VBG going) (S (NP-SBJ (-NONE- *-1)) (VP (TO to) (VP (VB be) (ADVP (RB really)) (PP-PRD (IN into) (NP (NN math)))))))) (, ,) (-DFL- E_S))",40,91.16,94.94
sw03utt/sw_0335_2589.utt,2/sw2589,2589,28,sv,B,12,3,some are really going to be heavy into reading. /,[ some/DT ] are/VBP really/RB going/VBG to/TO be/VB  [ heavy/JJ ] into/IN  [ reading/NN ] ./.,(S (NP-SBJ-1 (DT some)) (VP (VBP are) (ADVP (RB really)) (VP (VBG going) (S (NP-SBJ (-NONE- *-1)) (VP (TO to) (VP (VB be) (ADVP (JJ heavy)) (PP-PRD (IN into) (NP (NN reading)))))))) (. .) (-DFL- E_S)),41,94.94,96.88
sw03utt/sw_0335_2589.utt,2/sw2589,2589,29,b,A,13,1,Right. /,[ Right/UH ] ./.,(INTJ (UH Right) (. .) (-DFL- E_S)),43,97.13,97.58999999999999
sw03utt/sw_0335_2589.utt,2/sw2589,2589,30,sv,B,14,1,"Instead of pushing the scales too far either direction,  {E I mean } it's great to be well rounded and [ hav-, +  be ] exposed to all this stuff. /","Instead/RB of/IN pushing/VBG  [ the/DT scales/NNS ] too/RB far/RB either/DT  [ direction/NN ] ,/,  [ I/PRP ] mean/VBP  [ it/PRP ] 's/BES great/JJ to/TO be/VB well/GW rounded/^JJ and/CC  [ hav-/XX ] ,/, be/VB exposed/VBN to/IN  [ all/PDT this/DT stuff/NN ] ./.","(S (PP (RB Instead) (IN of) (S-NOM (NP-SBJ (-NONE- *)) (VP (VBG pushing) (NP (DT the) (NNS scales)) (ADVP (RB too) (RB far)) (NP-DIR (DT either) (NN direction))))) (PRN (, ,) (S (NP-SBJ (PRP I)) (VP (VBP mean)))) (NP-SBJ (NP (PRP it)) (S (-NONE- *EXP*-1))) (VP (BES 's) (ADJP-PRD (JJ great)) (S-1 (NP-SBJ-2 (-NONE- *)) (VP (TO to) (VP (VP (VB be) (ADJP-PRD (GW well) (^JJ rounded))) (CC and) (EDITED (RM (-DFL- \[)) (VP-UNF (XX hav-)) (, ,) (IP (-DFL- \+))) (VP (VB be) (RS (-DFL- \])) (VP (VBN exposed) (NP (-NONE- *-2)) (PP (IN to) (NP (PDT all) (DT this) (NN stuff))))))))) (. .) (-DFL- E_S))",45,98.12,106.39999999999999
sw03utt/sw_0335_2589.utt,2/sw2589,2589,31,aa,A,15,1,Yeah.  /,Yeah/UH ./.,(INTJ (UH Yeah) (. .) (-DFL- E_S)),13,107.03,107.25
sw03utt/sw_0335_2589.utt,2/sw2589,2589,32,%,A,15,2,"That's, -/","[ That/DT ] 's/BES ,/,","(S (NP-SBJ (DT That)) (VP-UNF (BES 's)) (, ,) (-DFL- N_S))",48,107.25,107.39
sw03utt/sw_0335_2589.utt,2/sw2589,2589,33,qh,B,16,1,{C But } why not hit the points the kid's really  interested in?  /,But/CC why/WRB not/RB hit/VBD  [ the/DT points/NNS ] [ the/DT kid/NN ] 's/BES really/RB interested/JJ in/IN ?/.,(SBARQ (CC But) (WHADVP-2 (WRB why)) (SQ (NP-SBJ (-NONE- *)) (RB not) (VP (VBD hit) (NP (NP (DT the) (NNS points)) (SBAR (WHNP-1 (-NONE- 0)) (S (NP-SBJ (DT the) (NN kid)) (VP (BES 's) (ADJP-PRD (RB really) (JJ interested) (PP (IN in) (NP (-NONE- *T*-1)))))))) (ADVP-PRP (-NONE- *T*-2)))) (. ?) (-DFL- E_S)),50,107.28,109.75999999999999
sw03utt/sw_0335_2589.utt,2/sw2589,2589,34,sv,B,16,2,"{C Because } if he's interested, he's going to study it,  /","Because/IN if/IN  [ he/PRP ] 's/BES interested/JJ ,/,  [ he/PRP ] 's/BES going/VBG to/TO study/VB  [ it/PRP ] ,/,","(SBAR-PRP (IN Because) (S (SBAR-ADV (IN if) (S (NP-SBJ (PRP he)) (VP (BES 's) (ADJP-PRD (JJ interested))))) (, ,) (NP-SBJ-1 (PRP he)) (VP (BES 's) (VP (VBG going) (S (NP-SBJ (-NONE- *-1)) (VP (TO to) (VP (VB study) (NP (PRP it)))))))) (, ,) (-DFL- E_S))",51,109.9,111.82
sw03utt/sw_0335_2589.utt,2/sw2589,2589,35,sv,B,16,3,"{C and } he's going to learn  it,  /","and/CC  [ he/PRP ] 's/BES going/VBG to/TO learn/VB  [ it/PRP ] ,/,","(S (CC and) (NP-SBJ-1 (PRP he)) (VP (BES 's) (VP (VBG going) (S (NP-SBJ (-NONE- *-1)) (VP (TO to) (VP (VB learn) (NP (PRP it))))))) (, ,) (-DFL- E_S))",52,112.0,112.7
sw03utt/sw_0335_2589.utt,2/sw2589,2589,36,sv,B,16,4,{C and } he's going to remember it. /,and/CC  [ he/PRP ] 's/BES going/VBG to/TO remember/VB  [ it/PRP ] ./.,(S (CC and) (NP-SBJ-1 (PRP he)) (VP (BES 's) (VP (VBG going) (S (NP-SBJ (-NONE- *-1)) (VP (TO to) (VP (VB remember) (NP (PRP it))))))) (. .) (-DFL- E_S)),53,112.7,113.72
sw03utt/sw_0335_2589.utt,2/sw2589,2589,37,aa,A,17,1,That's true.  /,[ That/DT ] 's/BES true/JJ ./.,(S (NP-SBJ (DT That)) (VP (BES 's) (ADJP-PRD (JJ true))) (. .) (-DFL- E_S)),14,114.03,114.67
sw03utt/sw_0335_2589.utt,2/sw2589,2589,38,sv,A,17,2,"[ The only, +  I think the only ] thing that they would argue about that, is that, {D you know, } every child needs to learn  every subject.  /","[ The/DT only/JJ ] ,/,  [ I/PRP ] think/VBP  [ the/DT only/JJ thing/NN ] that/WDT  [ they/PRP ] would/MD argue/VB about/IN  [ that/DT ] ,/, is/VBZ  [ that/IN ] ,/,  [ you/PRP ] know/VBP ,/,  [ every/DT child/NN ] needs/VBZ to/TO learn/VB  [ every/DT subject/NN ] ./.","(S (EDITED (RM (-DFL- \[)) (NP-SBJ-UNF (DT The) (JJ only)) (, ,) (IP (-DFL- \+))) (NP-SBJ (PRP I)) (VP (VBP think) (SBAR (-NONE- 0) (S (NP-SBJ (NP (DT the) (JJ only) (RS (-DFL- \])) (NN thing)) (SBAR (WHNP-1 (WDT that)) (S (NP-SBJ (PRP they)) (VP (MD would) (VP (VB argue) (NP (-NONE- *T*-1)) (PP (IN about) (NP (DT that)))))))) (, ,) (VP (VBZ is) (SBAR-PRD (IN that) (PRN (, ,) (S (NP-SBJ (PRP you)) (VP (VBP know))) (, ,)) (S (NP-SBJ-2 (DT every) (NN child)) (VP (VBZ needs) (S (NP-SBJ (-NONE- *-2)) (VP (TO to) (VP (VB learn) (NP (DT every) (NN subject)))))))))))) (. .) (-DFL- E_S))",56,115.03,120.39
sw03utt/sw_0335_2589.utt,2/sw2589,2589,39,sv,A,17,3,"{E I mean, } [ that's, + that might be ] the only thing.  /","[ I/PRP ] mean/VBP ,/,  [ that/DT ] 's/BES ,/,  [ that/DT ] might/MD be/VB  [ the/DT only/JJ thing/NN ] ./.","(S (PRN (S (NP-SBJ (PRP I)) (VP (VBP mean))) (, ,)) (EDITED (RM (-DFL- \[)) (S (NP-SBJ (DT that)) (VP-UNF (BES 's))) (, ,) (IP (-DFL- \+))) (NP-SBJ (DT that)) (VP (MD might) (VP (VB be) (RS (-DFL- \])) (NP-PRD (DT the) (JJ only) (NN thing)))) (. .) (-DFL- E_S))",57,120.75,122.65
sw03utt/sw_0335_2589.utt,2/sw2589,2589,40,aa,A,17,4,"{C But, }  {E I mean, }  [ I, + I ] definitely agree with you.  {F Uh, } /","But/CC ,/,  [ I/PRP ] mean/VBP ,/,  [ I/PRP ] ,/,  [ I/PRP ] definitely/RB agree/VBP with/IN  [ you/PRP ] ./.  [ Uh/UH ] ,/,","(S (CC But) (PRN (, ,) (S (NP-SBJ (PRP I)) (VP (VBP mean))) (, ,)) (EDITED (RM (-DFL- \[)) (NP-SBJ (PRP I)) (, ,) (IP (-DFL- \+))) (NP-SBJ (PRP I)) (RS (-DFL- \])) (ADVP (RB definitely)) (VP (VBP agree) (PP (IN with) (NP (PRP you)))) (. .))|||(INTJ (UH Uh) (, ,) (-DFL- E_S))",58|||59,123.27,126.83
sw03utt/sw_0335_2589.utt,2/sw2589,2589,41,sv,B,18,1,They need exposure to every subject.  /,[ They/PRP ] need/VBP  [ exposure/NN ] to/IN  [ every/DT subject/NN ] ./.,(S (NP-SBJ (PRP They)) (VP (VBP need) (NP (NP (NN exposure)) (PP (IN to) (NP (DT every) (NN subject))))) (. .) (-DFL- E_S)),61,127.28,129.1
sw03utt/sw_0335_2589.utt,2/sw2589,2589,42,sv,B,18,2,"They don't need  to be masters of it, /","[ They/PRP ] do/VBP n't/RB need/VB to/TO be/VB  [ masters/NNS ] of/IN  [ it/PRP ] ,/,","(S (NP-SBJ-1 (PRP They)) (VP (VBP do) (RB n't) (VP (VB need) (S (NP-SBJ (-NONE- *-1)) (VP (TO to) (VP (VB be) (NP-PRD (NP (NNS masters)) (PP (IN of) (NP (PRP it))))))))) (, ,) (-DFL- E_S))",62,129.1,130.98
sw03utt/sw_0335_2589.utt,2/sw2589,2589,43,aa,A,19,1,"Right,  /","Right/UH ,/,","(INTJ (UH Right) (, ,) (-DFL- E_S))",64,131.21,131.75
sw03utt/sw_0335_2589.utt,2/sw2589,2589,44,aa^r,A,19,2,right.  /,right/UH ./.,(INTJ (UH right) (. .) (-DFL- E_S)),65,132.23,132.54999999999998
sw03utt/sw_0335_2589.utt,2/sw2589,2589,45,aa,A,19,3,"That's true.  {F Uh, } /","[ That/DT ] 's/BES true/JJ ./.  [ Uh/UH ] ,/,","(S (NP-SBJ (DT That)) (VP (BES 's) (ADJP-PRD (JJ true))) (. .))|||(INTJ (UH Uh) (, ,) (-DFL- E_S))",66|||67,132.73,134.49
sw03utt/sw_0335_2589.utt,2/sw2589,2589,46,sv,B,20,1,"Everything I learned about ancient Rome  [ ha-, + has ] not helped me anywhere in,","[ Everything/NN I/PRP ] learned/VBD about/IN  [ ancient/JJ Rome/NNP ha/VBZ ] ,/, has/VBZ not/RB helped/VBN  [ me/PRP ] anywhere/RB in/IN ,/,","(S (NP-SBJ (NP (NN Everything)) (SBAR (WHNP-1 (-NONE- 0)) (S (NP-SBJ (PRP I)) (VP (VBD learned) (NP (-NONE- *T*-1)) (PP (IN about) (NP (JJ ancient) (NNP Rome))))))) (EDITED (RM (-DFL- \[)) (VP-UNF (VBZ ha-)) (, ,) (IP (-DFL- \+))) (VP (VBZ has) (RS (-DFL- \])) (RB not) (VP (VBN helped) (NP (PRP me)) (ADVP-LOC (RB anywhere) (PP (IN in) (, ,) (NP (PRP$ my) (NN adult) (NN life)))))) (. .) (-DFL- E_S))",69,134.38,138.44
sw03utt/sw_0335_2589.utt,2/sw2589.pos,2589,47,x,A,21,1,<Laughter>.,./.,,,0.0,0.0
sw03utt/sw_0335_2589.utt,2/sw2589,2589,48,+,B,22,1,my adult life. /,[ my/PRP$ adult/NN life/NN ] ./.,"(S (NP-SBJ (NP (NN Everything)) (SBAR (WHNP-1 (-NONE- 0)) (S (NP-SBJ (PRP I)) (VP (VBD learned) (NP (-NONE- *T*-1)) (PP (IN about) (NP (JJ ancient) (NNP Rome))))))) (EDITED (RM (-DFL- \[)) (VP-UNF (VBZ ha-)) (, ,) (IP (-DFL- \+))) (VP (VBZ has) (RS (-DFL- \])) (RB not) (VP (VBN helped) (NP (PRP me)) (ADVP-LOC (RB anywhere) (PP (IN in) (, ,) (NP (PRP$ my) (NN adult) (NN life)))))) (. .) (-DFL- E_S))",69,138.44,139.44
sw03utt/sw_0335_2589.utt,2/sw2589,2589,49,aa,A,23,1,"Yes,  /","Yes/UH ,/,","(INTJ (UH Yes) (, ,) (-DFL- E_S))",73,139.83,140.09
sw03utt/sw_0335_2589.utt,2/sw2589,2589,50,aa,A,23,2,I definitely agree.  /,[ I/PRP ] definitely/RB agree/VBP ./.,(S (NP-SBJ (PRP I)) (ADVP (RB definitely)) (VP (VBP agree)) (. .) (-DFL- E_S)),74,140.09,141.09
sw03utt/sw_0335_2589.utt,2/sw2589,2589,51,aa,A,23,3,<laughter> There's no doubt about that.  /,[ There/EX ] 's/BES  [ no/DT doubt/NN ] about/IN  [ that/DT ] ./.,(S (NP-SBJ (EX There)) (VP (BES 's) (NP-PRD (NP (DT no) (NN doubt)) (PP (IN about) (NP (DT that))))) (. .) (-DFL- E_S)),75,142.49,144.57
sw03utt/sw_0335_2589.utt,2/sw2589,2589,52,sd,A,23,4,"<laughter>  [ [ [ I, + {F uh, } I, ] + {E I mean, } ] +   I ] can relate to that because [ I'm, + I'm ] going to college right now,  /","[ I/PRP ] ,/,  [ uh/UH ] ,/,  [ I/PRP ] ,/,  [ I/PRP ] mean/VBP ,/,  [ I/PRP ] can/MD relate/VB to/IN  [ that/DT ] because/IN  [ I/PRP ] 'm/VBP ,/,  [ I/PRP ] 'm/VBP going/VBG to/IN  [ college/NN ] right/RB now/RB ,/,","(S (EDITED (RM (-DFL- \[)) (EDITED (RM (-DFL- \[)) (EDITED (RM (-DFL- \[)) (NP-SBJ (PRP I)) (, ,) (IP (-DFL- \+))) (S-UNF (INTJ (UH uh)) (, ,) (NP-SBJ (PRP I))) (, ,) (RS (-DFL- \])) (IP (-DFL- \+))) (PRN (S (NP-SBJ (PRP I)) (VP (VBP mean))) (, ,)) (RS (-DFL- \])) (IP (-DFL- \+))) (NP-SBJ (PRP I)) (RS (-DFL- \])) (VP (MD can) (VP (VB relate) (PP (IN to) (NP (DT that))) (SBAR-PRP (IN because) (S (EDITED (RM (-DFL- \[)) (S (NP-SBJ (PRP I)) (VP-UNF (VBP 'm))) (, ,) (IP (-DFL- \+))) (NP-SBJ (PRP I)) (VP (VBP 'm) (RS (-DFL- \])) (VP (VBG going) (PP (IN to) (NP (NN college))) (ADVP-TMP (RB right) (RB now)))))))) (, ,) (-DFL- E_S))",76,144.95,149.93
sw03utt/sw_0335_2589.utt,2/sw2589,2589,53,sd,A,23,5,"{C and } I feel like, {E I mean, } I'm  taking this history class.  /","and/CC  [ I/PRP ] feel/VBP like/IN ,/,  [ I/PRP ] mean/VBP ,/,  [ I/PRP ] 'm/VBP taking/VBG  [ this/DT history/NN class/NN ] ./.","(S (CC and) (NP-SBJ (PRP I)) (VP (VBP feel) (PP-UNF (IN like) (PRN (, ,) (S (NP-SBJ (PRP I)) (VP (VBP mean)))))) (, ,))|||(S (NP-SBJ (PRP I)) (VP (VBP 'm) (VP (VBG taking) (NP (DT this) (NN history) (NN class)))) (. .) (-DFL- E_S))",77|||78,149.93,152.75
sw03utt/sw_0335_2589.utt,2/sw2589,2589,54,sd,A,23,6,"{C And, }  {E I mean, } it's so boring,  /","And/CC ,/,  [ I/PRP ] mean/VBP ,/,  [ it/PRP ] 's/BES so/RB boring/JJ ,/,","(S (CC And) (PRN (, ,) (S (NP-SBJ (PRP I)) (VP (VBP mean))) (, ,)) (NP-SBJ (PRP it)) (VP (BES 's) (ADJP-PRD (RB so) (JJ boring))) (, ,) (-DFL- E_S))",79,153.37,155.51
sw03utt/sw_0335_2589.utt,2/sw2589,2589,55,sd,A,23,7,{C and } I just hate it.  /,and/CC  [ I/PRP ] just/RB hate/VBP  [ it/PRP ] ./.,(S (CC and) (NP-SBJ (PRP I)) (ADVP (RB just)) (VP (VBP hate) (NP (PRP it))) (. .) (-DFL- E_S)),80,155.51,156.83
sw03utt/sw_0335_2589.utt,2/sw2589,2589,56,sd(^q),A,23,8,"<laughter> {C And } I think, why do they make us take this stuff?  /","And/CC  [ I/PRP ] think/VBP ,/, why/WRB do/VBP  [ they/PRP ] make/VB  [ us/PRP ] take/VB  [ this/DT stuff/NN ] ?/.","(S (CC And) (NP-SBJ (PRP I)) (VP (VBP think) (, ,) (SBARQ-SEZ (WHADVP-1 (WRB why)) (SQ (VBP do) (NP-SBJ (PRP they)) (VP (VB make) (S (NP-SBJ (PRP us)) (VP (VB take) (NP (DT this) (NN stuff)) (ADVP-PRP (-NONE- *T*-1)))))))) (. ?) (-DFL- E_S))",81,156.85,160.07
sw03utt/sw_0335_2589.utt,2/sw2589,2589,57,qh,A,23,9,"{E I mean, } what does this have to do with getting, {D you know, } a computer science degree or whatever,  {D you know? }  /","[ I/PRP ] mean/VBP ,/,  [ what/WP ] does/VBZ  [ this/DT ] have/VB to/TO do/VB with/IN getting/VBG ,/,  [ you/PRP ] know/VBP ,/,  [ a/DT computer/NN science/NN degree/NN ] or/CC  [ whatever/WP ] ,/,  [ you/PRP ] know/VBP ?/.","(SBARQ (PRN (S (NP-SBJ (PRP I)) (VP (VBP mean))) (, ,)) (WHNP-2 (WP what)) (SQ (VBZ does) (NP-SBJ-1 (DT this)) (VP (VB have) (S (NP-SBJ (-NONE- *-1)) (VP (TO to) (VP (VB do) (NP (-NONE- *T*-2)) (PP (IN with) (S-NOM (NP-SBJ (-NONE- *)) (VP (VBG getting) (PRN (, ,) (S (NP-SBJ (PRP you)) (VP (VBP know))) (, ,)) (NP (NP (DT a) (NN computer) (NN science) (NN degree)) (CC or) (NP (WP whatever))) (PRN (, ,) (S (NP-SBJ (PRP you)) (VP (VBP know)))))))))))) (. ?) (-DFL- E_S))",82,160.07,164.59
sw03utt/sw_0335_2589.utt,2/sw2589.pos,2589,58,x,A,23,10,<laughter>.,./.,,,0.0,0.0
sw03utt/sw_0335_2589.utt,2/sw2589,2589,59,qw,B,24,1,"[ What, + what ] type of history class  is it that you're having to take? /","[ What/WDT ] ,/,  [ what/WDT type/NN ] of/IN  [ history/NN class/NN ] is/VBZ  [ it/PRP ] that/WDT  [ you/PRP ] 're/VBP having/VBG to/TO take/VB ?/.","(SBARQ (EDITED (RM (-DFL- \[)) (WHNP-UNF (WDT What)) (, ,) (IP (-DFL- \+))) (WHNP-1 (WHNP (WDT what) (RS (-DFL- \])) (NN type)) (PP (IN of) (NP (NN history) (NN class)))) (SQ-CLF (VBZ is) (NP-SBJ (PRP it)) (NP-PRD (-NONE- *T*-1)) (SBAR (WHNP-3 (WDT that)) (S (NP-SBJ-2 (PRP you)) (VP (VBP 're) (VP (VBG having) (S (NP-SBJ (-NONE- *-2)) (VP (TO to) (VP (VB take) (NP (-NONE- *T*-3)))))))))) (. ?) (-DFL- E_S))",84,164.48,166.42
sw03utt/sw_0335_2589.utt,2/sw2589,2589,60,sd,A,25,1,"{F Uh, } American History.  /","[ Uh/UH ] ,/,  [ American/JJ History/NN ] ./.","(FRAG (INTJ (UH Uh)) (, ,) (NP (JJ American) (NN History)) (. .) (-DFL- E_S))",86,166.97,168.03
sw03utt/sw_0335_2589.utt,2/sw2589,2589,61,sd,A,25,2,"We have to take, {F um, }  {D like } this is like early seventeen hundreds through,  I don't know,  I think like mid eighteen hundreds.  /","[ We/PRP ] have/VBP to/TO take/VB ,/, um/UH ,/, like/UH  [ this/DT ] is/VBZ like/IN  [ early/JJ seventeen/CD hundreds/NNS ] through/IN ,/,  [ I/PRP ] do/VBP n't/RB know/VB ,/,  [ I/PRP ] think/VBP like/IN  [ mid/JJ eighteen/CD hundreds/NNS ] ./.","(S (NP-SBJ-1 (PRP We)) (VP (VBP have) (S (NP-SBJ (-NONE- *-1)) (VP (TO to) (VP (VB take) (PRN (, ,) (S (INTJ (UH um)) (, ,) (INTJ (UH like)) (NP-SBJ (DT this)) (VP (VBZ is) (INTJ (IN like)) (NP-PRD (-NONE- *RNR*-2))))) (NP-2 (NP (JJ early) (CD seventeen) (NNS hundreds)) (PP (IN through) (PRN (, ,) (S (NP-SBJ (PRP I)) (VP (VBP do) (RB n't) (VP (VB know)))) (, ,)) (PRN (S (NP-SBJ (PRP I)) (VP (VBP think)))) (INTJ (IN like)) (NP (JJ mid) (CD eighteen) (NNS hundreds)))))))) (. .) (-DFL- E_S))",87,168.03,175.42
sw03utt/sw_0335_2589.utt,2/sw2589,2589,62,sd,A,25,3,"{C And then } we have to take another one that's mid eighteen  hundreds on up, to basically present. /","And/CC then/RB  [ we/PRP ] have/VBP to/TO take/VB  [ another/DT ] [ one/CD ] [ that/WDT ] 's/BES  [ mid/JJ eighteen/CD hundreds/NNS ] on/IN up/IN ,/, to/IN basically/RB present/NN ./.","(S (CONJP (CC And) (RB then)) (NP-SBJ-1 (PRP we)) (VP (VBP have) (S (NP-SBJ (-NONE- *-1)) (VP (TO to) (VP (VB take) (NP (NP (DT another) (CD one)) (SBAR (WHNP-2 (WDT that)) (S (NP-SBJ (-NONE- *T*-2)) (VP (BES 's) (NP-PRD (NP (JJ mid) (CD eighteen) (NNS hundreds)) (PP (IN on) (PP (IN up) (, ,) (PP (IN to) (ADVP (RB basically)) (NP (NN present)))))))))))))) (. .) (-DFL- E_S))",88,175.42,180.16
sw03utt/sw_0335_2589.utt,2/sw2589,2589,63,sv,B,26,1,"{D Well, } the early ones they could actually combine  [ two, +  two, ]","Well/UH ,/,  [ the/DT early/JJ ones/NNS they/PRP ] could/MD actually/RB combine/VB  [ two/CD ] ,/,  [ two/CD ] ,/,","(S (INTJ (UH Well)) (, ,) (NP-ADV (DT the) (JJ early) (NNS ones)) (NP-SBJ (PRP they)) (VP (MD could) (ADVP (RB actually)) (VP (VB combine) (EDITED (RM (-DFL- \[)) (NP-UNF (CD two)) (, ,) (IP (-DFL- \+))) (NP (NP (NP (CD two) (, ,) (RS (-DFL- \])) (NNS levels)) (PP (IN of) (NP (PRP it)))) (, ,) (NP (NP (DT the) (CD one)) (PP-TMP (IN from) (NP (CD seventeen) (CD hundred))) (PP-TMP (IN til) (INTJ (UH say)) (, ,) (NP (NP (DT the) (NN end)) (PP (IN of) (NP (DT the) (NNP Civil) (NNP War))))))))) (. .) (-DFL- E_S))",90,181.55,185.10999999999999
sw03utt/sw_0335_2589.utt,2/sw2589,2589,64,b,A,27,1,Yeah. /,Yeah/UH ./.,(INTJ (UH Yeah) (. .) (-DFL- E_S)),47,185.76,186.17999999999998
sw03utt/sw_0335_2589.utt,2/sw2589,2589,65,+,B,28,1,"levels of it, the one from seventeen hundred til say, the end of the Civil War.  /","[ levels/NNS ] of/IN  [ it/PRP ] ,/,  [ the/DT one/CD ] from/IN  [ seventeen/CD hundred/CD ] til/IN  [ say/UH ] ,/,  [ the/DT end/NN ] of/IN  [ the/DT Civil/NNP War/NNP ] ./.","(S (INTJ (UH Well)) (, ,) (NP-ADV (DT the) (JJ early) (NNS ones)) (NP-SBJ (PRP they)) (VP (MD could) (ADVP (RB actually)) (VP (VB combine) (EDITED (RM (-DFL- \[)) (NP-UNF (CD two)) (, ,) (IP (-DFL- \+))) (NP (NP (NP (CD two) (, ,) (RS (-DFL- \])) (NNS levels)) (PP (IN of) (NP (PRP it)))) (, ,) (NP (NP (DT the) (CD one)) (PP-TMP (IN from) (NP (CD seventeen) (CD hundred))) (PP-TMP (IN til) (INTJ (UH say)) (, ,) (NP (NP (DT the) (NN end)) (PP (IN of) (NP (DT the) (NNP Civil) (NNP War))))))))) (. .) (-DFL- E_S))",90,186.07,191.20999999999998
sw03utt/sw_0335_2589.utt,2/sw2589,2589,66,sv,B,28,2,"Combine that into one.  And then from eighteen sixty-five to present,  /","Combine/VB that/DT into/IN  [ one/CD ] ./.  And/CC then/RB from/IN  [ eighteen/CD sixty-five/CD ] to/IN present/NN ,/,","(S (NP-SBJ (-NONE- *)) (VP (VB Combine) (NP (DT that)) (PP (IN into) (NP (CD one)))) (. .))|||(FRAG (CONJP (CC And) (RB then)) (PP-TMP (IN from) (NP (CD eighteen) (CD sixty-five))) (PP-TMP (IN to) (NP (NN present))) (, ,) (-DFL- E_S))",94|||95,191.23,194.81
sw03utt/sw_0335_2589.utt,2/sw2589,2589,67,sv,B,28,3,"{C and } make that your second step because,","and/CC make/VB that/DT  [ your/PRP$ second/JJ step/NN ] because/IN ,/,","(S (CC and) (NP-SBJ (-NONE- *)) (VP (VB make) (S (NP-SBJ (DT that)) (NP-PRD (PRP$ your) (JJ second) (NN step))) (SBAR-PRP (IN because) (, ,) (S (EDITED (RM (-DFL- \[)) (PP (IN To) (NP (DT a) (NN point))) (, ,) (IP (-DFL- \+))) (PP (IN to) (NP (DT a) (NN point))) (RS (-DFL- \])) (EDITED (RM (-DFL- \[)) (NP-SBJ (DT the) (NN bottom)) (, ,) (IP (-DFL- \+))) (PRN (S (NP-SBJ (PRP you)) (VP (VBP know))) (, ,)) (NP-ADV (NP (DT the) (JJ early) (NNS parts)) (RS (-DFL- \])) (PP (IN of) (NP (PRP it)))) (, ,) (NP-SBJ (PRP you)) (VP (VBP 're) (VP (VBG giving) (NP (NP (DT the) (NNS foundations)) (PP (IN of) (NP (DT the) (NN nation))))))))) (-DFL- E_S))",96,195.71,197.37
sw03utt/sw_0335_2589.utt,2/sw2589,2589,68,b,A,29,1,Yeah.  /,Yeah/UH ./.,(INTJ (UH Yeah) (. .) (-DFL- E_S)),92,197.96,198.22
sw03utt/sw_0335_2589.utt,2/sw2589,2589,69,sd,A,29,2,"[ That's, + {D well } that's, ]","[ That/DT ] 's/BES ,/, well/UH that/DT  [ 's/BES ] ,/,","(S (EDITED (RM (-DFL- \[)) (S (NP-SBJ (DT That)) (VP-UNF (BES 's))) (, ,) (IP (-DFL- \+))) (INTJ (UH well)) (NP-SBJ (DT that)) (VP (BES 's) (, ,) (RS (-DFL- \])) (ADVP (RB basically)) (SBAR-NOM-PRD (WHNP-1 (WP what)) (S (NP-SBJ (PRP they)) (VP (VBP 're) (VP (VBG doing) (NP (-NONE- *T*-1))))))) (. .) (-DFL- E_S))",99,198.22,198.7
sw03utt/sw_0335_2589.utt,2/sw2589,2589,70,+,B,30,1,"[ To a point, +","To/IN  [ a/DT point/NN ] ,/,","(S (CC and) (NP-SBJ (-NONE- *)) (VP (VB make) (S (NP-SBJ (DT that)) (NP-PRD (PRP$ your) (JJ second) (NN step))) (SBAR-PRP (IN because) (, ,) (S (EDITED (RM (-DFL- \[)) (PP (IN To) (NP (DT a) (NN point))) (, ,) (IP (-DFL- \+))) (PP (IN to) (NP (DT a) (NN point))) (RS (-DFL- \])) (EDITED (RM (-DFL- \[)) (NP-SBJ (DT the) (NN bottom)) (, ,) (IP (-DFL- \+))) (PRN (S (NP-SBJ (PRP you)) (VP (VBP know))) (, ,)) (NP-ADV (NP (DT the) (JJ early) (NNS parts)) (RS (-DFL- \])) (PP (IN of) (NP (PRP it)))) (, ,) (NP-SBJ (PRP you)) (VP (VBP 're) (VP (VBG giving) (NP (NP (DT the) (NNS foundations)) (PP (IN of) (NP (DT the) (NN nation))))))))) (-DFL- E_S))",96,198.61,199.07
sw03utt/sw_0335_2589.utt,2/sw2589,2589,71,+,A,31,1,basically what they're doing. /,basically/RB  [ what/WP ] [ they/PRP ] 're/VBP doing/VBG ./.,"(S (EDITED (RM (-DFL- \[)) (S (NP-SBJ (DT That)) (VP-UNF (BES 's))) (, ,) (IP (-DFL- \+))) (INTJ (UH well)) (NP-SBJ (DT that)) (VP (BES 's) (, ,) (RS (-DFL- \])) (ADVP (RB basically)) (SBAR-NOM-PRD (WHNP-1 (WP what)) (S (NP-SBJ (PRP they)) (VP (VBP 're) (VP (VBG doing) (NP (-NONE- *T*-1))))))) (. .) (-DFL- E_S))",99,199.18,199.94
sw03utt/sw_0335_2589.utt,2/sw2589,2589,72,+,B,32,1,"to a point ] [ the bottom, +  {D you know, }  the early parts ] of it, you're giving the foundations of the nation  /","to/IN  [ a/DT point/NN ] [ the/DT bottom/NN ] ,/,  [ you/PRP ] know/VBP ,/,  [ the/DT early/JJ parts/NNS ] of/IN  [ it/PRP ] ,/,  [ you/PRP ] 're/VBP giving/VBG  [ the/DT foundations/NNS ] of/IN  [ the/DT nation/NN ]","(S (CC and) (NP-SBJ (-NONE- *)) (VP (VB make) (S (NP-SBJ (DT that)) (NP-PRD (PRP$ your) (JJ second) (NN step))) (SBAR-PRP (IN because) (, ,) (S (EDITED (RM (-DFL- \[)) (PP (IN To) (NP (DT a) (NN point))) (, ,) (IP (-DFL- \+))) (PP (IN to) (NP (DT a) (NN point))) (RS (-DFL- \])) (EDITED (RM (-DFL- \[)) (NP-SBJ (DT the) (NN bottom)) (, ,) (IP (-DFL- \+))) (PRN (S (NP-SBJ (PRP you)) (VP (VBP know))) (, ,)) (NP-ADV (NP (DT the) (JJ early) (NNS parts)) (RS (-DFL- \])) (PP (IN of) (NP (PRP it)))) (, ,) (NP-SBJ (PRP you)) (VP (VBP 're) (VP (VBG giving) (NP (NP (DT the) (NNS foundations)) (PP (IN of) (NP (DT the) (NN nation))))))))) (-DFL- E_S))",96,199.83,204.47
sw03utt/sw_0335_2589.utt,2/sw2589,2589,73,sv,B,32,2,"[ {C and, } + {C but } ] even then  they're skimming over,  /","and/CC ,/, but/CC even/RB then/RB  [ they/PRP ] 're/VBP skimming/VBG over/RP ,/,","(S (EDITED (RM (-DFL- \[)) (CC and) (, ,) (IP (-DFL- \+))) (CC but) (RS (-DFL- \])) (ADVP (RB even) (RB then)) (NP-SBJ (PRP they)) (VP (VBP 're) (VP (VBG skimming) (PRT (RP over)))) (, ,) (-DFL- E_S))",103,204.47,208.93
sw03utt/sw_0335_2589.utt,2/sw2589,2589,74,sv,B,32,3,"they're [ very, tri-, + almost trivial ] with it. /","[ they/PRP ] 're/VBP very/RB ,/,  [ tri/JJ ] ,/, almost/RB trivial/JJ with/IN  [ it/PRP ] ./.","(S (NP-SBJ (PRP they)) (VP (VBP 're) (EDITED (RM (-DFL- \[)) (ADJP-PRD-UNF (RB very) (, ,) (JJ tri-)) (, ,) (IP (-DFL- \+))) (ADJP-PRD (RB almost) (JJ trivial) (RS (-DFL- \])) (PP (IN with) (NP (PRP it))))) (. .) (-DFL- E_S))",104,209.51,211.89
sw03utt/sw_0335_2589.utt,2/sw2589,2589,75,aa,A,33,1,"Yeah,  /","[ Yeah/UH ] ,/,","(INTJ (UH Yeah) (, ,) (-DFL- E_S))",106,212.28,212.72
sw03utt/sw_0335_2589.utt,2/sw2589,2589,76,aa,A,33,2,"{F oh, } yes.  /","oh/UH ,/, yes/UH ./.","(INTJ (INTJ (UH oh)) (, ,) (INTJ (UH yes)) (. .) (-DFL- E_S))",107,212.96,213.64
sw03utt/sw_0335_2589.utt,2/sw2589,2589,77,aa,A,33,3,"Definitely,  /","[ Definitely/UH ] ,/,","(INTJ (UH Definitely) (, ,) (-DFL- E_S))",108,213.72,214.34
sw03utt/sw_0335_2589.utt,2/sw2589,2589,78,aa,A,33,4,I agree.  /,[ I/PRP ] agree/VBP ./.,(S (NP-SBJ (PRP I)) (VP (VBP agree)) (. .) (-DFL- E_S)),109,214.34,214.88
sw03utt/sw_0335_2589.utt,2/sw2589,2589,79,aa^r,A,33,5,"Yeah,  /","[ Yeah/UH ] ,/,","(INTJ (UH Yeah) (, ,) (-DFL- E_S))",106,214.88,215.04
sw03utt/sw_0335_2589.utt,2/sw2589,2589,80,%,A,33,6,"there's, -/","[ there/EX ] 's/BES ,/,","(S (NP-SBJ (EX there)) (VP-UNF (BES 's)) (, ,) (-DFL- N_S))",111,215.66,216.04
sw03utt/sw_0335_2589.utt,2/sw2589,2589,81,sv,B,34,1,"{D You know, } {E I mean, }  if they really wanted to get to the meat of the matter, {E I mean, }  [ there's, +  they make ] all these people out to be,  {F oh, } - /","[ You/PRP ] know/VBP ,/,  [ I/PRP ] mean/VBP ,/, if/IN  [ they/PRP ] really/RB wanted/VBD to/TO get/VB to/IN  [ the/DT meat/NN ] of/IN  [ the/DT matter/NN ] ,/,  [ I/PRP ] mean/VBP ,/,  [ there/EX ] 's/BES ,/,  [ they/PRP ] make/VBP  [ all/PDT these/DT people/NNS ] out/IN to/TO be/VB ,/, oh/UH ,/,","(S (PRN (S (NP-SBJ (PRP You)) (VP (VBP know))) (, ,)) (PRN (S (NP-SBJ (PRP I)) (VP (VBP mean))) (, ,)) (SBAR-ADV (IN if) (S (NP-SBJ-1 (PRP they)) (ADVP (RB really)) (VP (VBD wanted) (S (NP-SBJ (-NONE- *-1)) (VP (TO to) (VP (VB get) (PP (IN to) (NP (NP (DT the) (NN meat)) (PP (IN of) (NP (DT the) (NN matter))))))))))) (PRN (, ,) (S (NP-SBJ (PRP I)) (VP (VBP mean))) (, ,)) (EDITED (RM (-DFL- \[)) (S (NP-SBJ (EX there)) (VP-UNF (BES 's))) (, ,) (IP (-DFL- \+))) (NP-SBJ (PRP they)) (VP (VBP make) (RS (-DFL- \])) (NP-2 (PDT all) (DT these) (NNS people)) (PRT (IN out)) (S-ADV (NP-SBJ (-NONE- *-2)) (VP (TO to) (VP-UNF (VB be) (, ,) (INTJ (UH oh)))))) (, ,) (-DFL- N_S))",113,215.93,222.01
sw03utt/sw_0335_2589.utt,2/sw2589,2589,82,sv,B,34,2,"they were great men,  /","[ they/PRP ] were/VBD  [ great/JJ men/NNS ] ,/,","(S (NP-SBJ (PRP they)) (VP (VBD were) (NP-PRD (JJ great) (NNS men))) (, ,) (-DFL- E_S))",114,222.01,222.60999999999999
sw03utt/sw_0335_2589.utt,2/sw2589,2589,83,sv,B,34,3,{C and } they're the father of the country and all this.  /,and/CC  [ they/PRP ] 're/VBP  [ the/DT father/NN ] of/IN  [ the/DT country/NN ] and/CC  [ all/PDT this/DT ] ./.,(S (CC and) (NP-SBJ (PRP they)) (VP (VP (VBP 're) (NP-PRD (NP (DT the) (NN father)) (PP (IN of) (NP (DT the) (NN country))))) (CC and) (NP-ETC (PDT all) (DT this))) (. .) (-DFL- E_S)),115,222.61,224.23000000000002
sw03utt/sw_0335_2589.utt,2/sw2589,2589,84,sv,B,34,4,He had just as much dirt on him as anybody else. /,[ He/PRP ] had/VBD just/RB as/IN  [ much/JJ dirt/NN ] on/IN  [ him/PRP ] as/IN  [ anybody/NN ] else/RB ./.,(S (NP-SBJ (PRP He)) (VP (VBD had) (NP (NP (ADVP (RB just)) (IN as) (JJ much) (NN dirt)) (PP (-NONE- *ICH*-1))) (PP (IN on) (NP (PRP him))) (PP-1 (IN as) (NP (NP (NN anybody)) (ADVP (RB else))))) (. .) (-DFL- E_S)),116,224.69,227.05
sw03utt/sw_0335_2589.utt,2/sw2589.pos,2589,85,x,A,35,1,<Laughter>.,./.,,,0.0,0.0
sw03utt/sw_0335_2589.utt,2/sw2589,2589,86,sv,B,36,1,If not more.  /,If/IN not/RB more/JJR ./.,(SBAR-ADV (IN If) (RB not) (FRAG (NP (JJR more))) (. .) (-DFL- E_S)),119,227.05,227.97
sw03utt/sw_0335_2589.utt,2/sw2589,2589,87,sv,B,36,2,The man was not a saint. /,[ The/DT man/NN ] was/VBD not/RB  [ a/DT saint/NN ] ./.,(S (NP-SBJ (DT The) (NN man)) (VP (VBD was) (RB not) (NP-PRD (DT a) (NN saint))) (. .) (-DFL- E_S)),120,228.45,229.75
sw03utt/sw_0335_2589.utt,2/sw2589,2589,88,aa,A,37,1,Yeah.  /,Yeah/UH ./.,(INTJ (UH Yeah) (. .) (-DFL- E_S)),92,230.06,230.54
sw03utt/sw_0335_2589.utt,2/sw2589,2589,89,aa,A,37,2,"That's true,  /","[ That/DT ] 's/BES true/JJ ,/,","(S (NP-SBJ (DT That)) (VP (BES 's) (ADJP-PRD (JJ true))) (, ,) (-DFL- E_S))",123,230.94,231.60000000000002
sw03utt/sw_0335_2589.utt,2/sw2589,2589,90,aa^r,A,37,3,yeah.  /,yeah/UH ./.,(INTJ (UH yeah) (. .) (-DFL- E_S)),124,232.14,232.55999999999997
sw03utt/sw_0335_2589.utt,2/sw2589,2589,91,%,A,37,4,"{D Any way, } [ this, + this, ] {F um, } school system thing, - /","[ Any/GW way/^UH ] ,/,  [ this/DT ] ,/,  [ this/DT ] ,/, um/UH ,/,  [ school/NN system/NN thing/NN ] ,/,","(S-UNF (INTJ (TYPO (GW Any) (^UH way))) (, ,) (EDITED (RM (-DFL- \[)) (NP-SBJ-UNF (DT this)) (, ,) (IP (-DFL- \+))) (NP-SBJ (DT this) (, ,) (RS (-DFL- \])) (INTJ (UH um)) (, ,) (NN school) (NN system) (NN thing)) (, ,) (-DFL- N_S))",125,233.92,236.74
sw03utt/sw_0335_2589.utt,2/sw2589,2589,92,sd,A,37,5,"[ I, + I ] tell you,  I saw something on the news, {F oh, } I don't know, maybe <sigh> two weeks ago.  /","[ I/PRP ] ,/,  [ I/PRP ] tell/VBP  [ you/PRP ] ,/,  [ I/PRP ] saw/VBD  [ something/NN ] on/IN  [ the/DT news/NN ] ,/, oh/UH ,/,  [ I/PRP ] do/VBP n't/RB know/VB ,/, maybe/RB  [ two/CD weeks/NNS ] ago/RB ./.","(S (EDITED (RM (-DFL- \[)) (NP-SBJ (PRP I)) (, ,) (IP (-DFL- \+))) (NP-SBJ (PRP I)) (RS (-DFL- \])) (VP (VBP tell) (NP (PRP you))) (, ,))|||(S (NP-SBJ (PRP I)) (VP (VBD saw) (NP (NN something)) (PP (IN on) (NP (DT the) (NN news))) (PRN (, ,) (INTJ (UH oh)) (, ,) (S (NP-SBJ (PRP I)) (VP (VBP do) (RB n't) (VP (VB know)))) (, ,)) (ADVP-TMP (NP (QP (RB maybe) (CD two)) (NNS weeks)) (RB ago))) (. .) (-DFL- E_S))",126|||127,236.74,243.48
sw03utt/sw_0335_2589.utt,2/sw2589,2589,93,sd,A,37,6,"{C And } they were talking about, - /","And/CC  [ they/PRP ] were/VBD talking/VBG about/IN ,/,","(S (CC And) (NP-SBJ (PRP they)) (VP (VBD were) (VP (VBG talking) (PP-UNF (IN about)))) (, ,) (-DFL- N_S))",128,243.68,244.7
sw03utt/sw_0335_2589.utt,2/sw2589,2589,94,qw^d,A,37,7,"I don't know where you're from,  /","[ I/PRP ] do/VBP n't/RB know/VB where/WRB  [ you/PRP ] 're/VBP from/IN ,/,","(S (NP-SBJ (PRP I)) (VP (VBP do) (RB n't) (VP (VB know) (SBAR (WHADVP-1 (WRB where)) (S (NP-SBJ (PRP you)) (VP (VBP 're) (PP-PRD (IN from) (ADVP-LOC (-NONE- *T*-1)))))))) (, ,) (-DFL- E_S))",129,245.04,246.72
sw03utt/sw_0335_2589.utt,2/sw2589,2589,95,sd,A,37,8,{C but } I'm from the Dallas area.  /,but/CC  [ I/PRP ] 'm/VBP from/IN  [ the/DT Dallas/NNP area/NN ] ./.,(S (CC but) (NP-SBJ (PRP I)) (VP (VBP 'm) (PP-PRD (IN from) (NP (DT the) (NNP Dallas) (NN area)))) (. .) (-DFL- E_S)),130,246.72,248.18
sw03utt/sw_0335_2589.utt,2/sw2589,2589,96,sd,A,37,9,"{C And } they were talking about the Plano school system, that, they had one school that, {F uh, } if the students did something wrong, {E I mean, } whether it was behavioral or, {F uh, } {D you know, } they weren't learning properly or something.  They took these students and put them basically in a closet.  With no windows.  /","And/CC  [ they/PRP ] were/VBD talking/VBG about/IN  [ the/DT Plano/NNP school/NN system/NN ] ,/, that/IN ,/,  [ they/PRP ] had/VBD  [ one/CD school/NN ] [ that/WDT ] ,/,  [ uh/UH ] ,/, if/IN  [ the/DT students/NNS ] did/VBD  [ something/NN ] wrong/RB ,/,  [ I/PRP ] mean/VBP ,/, whether/IN  [ it/PRP ] was/VBD behavioral/JJ or/CC ,/,  [ uh/UH ] ,/,  [ you/PRP ] know/VBP ,/,  [ they/PRP ] were/VBD n't/RB learning/VBG properly/RB or/CC  [ something/NN ] ./.  [ They/PRP ] took/VBD  [ these/DT students/NNS ] and/CC put/VBD  [ them/PRP ] basically/RB in/IN  [ a/DT closet/NN ] ./.  With/IN  [ no/DT windows/NNS ] ./.","(S (CC And) (NP-SBJ (PRP they)) (VP (VBD were) (VP (VBG talking) (PP (IN about) (NP (DT the) (NNP Plano) (NN school) (NN system))) (, ,) (SBAR (IN that) (, ,) (S (NP-SBJ (PRP they)) (VP (VBD had) (NP (NP (CD one) (NN school)) (SBAR (WHADVP-1 (WDT that)) (, ,) (INTJ (UH uh)) (, ,) (S (SBAR-ADV (IN if) (S (NP-SBJ (DT the) (NNS students)) (VP (VBD did) (NP (NP (NN something)) (ADJP (RB wrong))) (PRN (, ,) (S (NP-SBJ (PRP I)) (VP (VBP mean))) (, ,)) (SBAR-ADV (IN whether) (S (S (NP-SBJ (PRP it)) (VP (VBD was) (ADJP-PRD (JJ behavioral)))) (CC or) (, ,) (INTJ (UH uh)) (PRN (, ,) (S (NP-SBJ (PRP you)) (VP (VBP know))) (, ,)) (S (NP-SBJ (PRP they)) (VP (VBD were) (RB n't) (VP (VP (VBG learning) (ADVP-MNR (RB properly))) (CC or) (NP-ETC (NN something)))))))))) (. .) (NP-SBJ (PRP They)) (VP (VP (VBD took) (NP (DT these) (NNS students))) (CC and) (VP (VBD put) (NP (PRP them)) (ADVP (RB basically)) (PP-PUT (IN in) (NP (NP (DT a) (NN closet)) (. .) (PP (IN With) (NP (DT no) (NNS windows)))))) (ADVP-LOC (-NONE- *T*-1))))))))))) (. .) (-DFL- E_S))",131,248.72,270.06
sw03utt/sw_0335_2589.utt,2/sw2589,2589,97,sd,A,37,10,"They had, [ a, + a ] table,  {E or } not a table, but a desk in this closet,  /","[ They/PRP ] had/VBD ,/,  [ a/DT ] ,/,  [ a/DT table/NN ] ,/, or/CC not/RB  [ a/DT table/NN ] ,/, but/CC  [ a/DT desk/NN ] in/IN  [ this/DT closet/NN ] ,/,","(S (NP-SBJ (PRP They)) (VP (VBD had) (, ,) (EDITED (RM (-DFL- \[)) (NP-UNF (DT a)) (, ,) (IP (-DFL- \+))) (EDITED (NP (DT a) (RS (-DFL- \])) (NN table)) (, ,) (CC or)) (NP (RB not) (NP (DT a) (NN table)) (, ,) (CC but) (NP (DT a) (NN desk))) (PP-LOC (IN in) (NP (DT this) (NN closet)))) (, ,) (-DFL- E_S))",132,270.06,274.14000000000004
sw03utt/sw_0335_2589.utt,2/sw2589,2589,98,sd,A,37,11,{C and } they had to sit in there by themselves.  /,and/CC  [ they/PRP ] had/VBD to/TO sit/VB in/IN there/RB by/IN  [ themselves/PRP ] ./.,(S (CC and) (NP-SBJ-1 (PRP they)) (VP (VBD had) (S (NP-SBJ (-NONE- *-1)) (VP (TO to) (VP (VB sit) (PP-LOC (IN in) (ADVP (RB there))) (PP (IN by) (NP (PRP themselves))))))) (. .) (-DFL- E_S)),133,274.84,277.1
sw03utt/sw_0335_2589.utt,2/sw2589,2589,99,sd(^q),A,37,12,"{D Well, } parents were getting really angry about this, because they said, Why is my child being put in this closet.  /","Well/UH ,/,  [ parents/NNS ] were/VBD getting/VBG really/RB angry/JJ about/IN  [ this/DT ] ,/, because/IN  [ they/PRP ] said/VBD ,/, Why/WRB is/VBZ  [ my/PRP$ child/NN ] being/VBG put/VBN in/IN  [ this/DT closet/NN ] ./.","(S (INTJ (UH Well)) (, ,) (NP-SBJ (NNS parents)) (VP (VBD were) (VP (VBG getting) (ADJP-PRD (RB really) (JJ angry) (PP (IN about) (NP (DT this)))) (, ,) (SBAR-PRP (IN because) (S (NP-SBJ (PRP they)) (VP (VBD said) (, ,) (SBARQ-SEZ (WHADVP-2 (WRB Why)) (SQ (VBZ is) (NP-SBJ-1 (PRP$ my) (NN child)) (VP (VBG being) (VP (VBN put) (NP (-NONE- *-1)) (PP-PUT (IN in) (NP (DT this) (NN closet))) (ADVP-PRP (-NONE- *T*-2))))))))))) (. .) (-DFL- E_S))",134,277.6,284.37
sw03utt/sw_0335_2589.utt,2/sw2589,2589,100,^q,A,37,13,"{D Well, } how is that helping my child, {D you know. }  /","Well/UH ,/, how/WRB is/VBZ that/DT helping/VBG  [ my/PRP$ child/NN ] ,/,  [ you/PRP ] know/VBP ./.","(SBARQ (INTJ (UH Well)) (, ,) (WHADVP-1 (WRB how)) (SQ (VBZ is) (NP-SBJ (DT that)) (VP (VBG helping) (NP (PRP$ my) (NN child)) (PRN (, ,) (S (NP-SBJ (PRP you)) (VP (VBP know)))) (ADVP-MNR (-NONE- *T*-1)))) (. .) (-DFL- E_S))",135,284.37,287.29
sw03utt/sw_0335_2589.utt,2/sw2589,2589,101,%,A,37,14,"{C And, } {F uh, } [ the, + the ] thing, {D you know, } - /","And/CC ,/,  [ uh/UH ] ,/,  [ the/DT ] ,/,  [ the/DT thing/NN ] ,/,  [ you/PRP ] know/VBP ,/,","(S-UNF (CC And) (, ,) (INTJ (UH uh)) (, ,) (EDITED (RM (-DFL- \[)) (NP-SBJ-UNF (DT the)) (, ,) (IP (-DFL- \+))) (NP-SBJ (DT the) (RS (-DFL- \])) (NN thing)) (PRN (, ,) (S (NP-SBJ (PRP you)) (VP (VBP know)))) (, ,) (-DFL- N_S))",136,287.29,290.31
sw03utt/sw_0335_2589.utt,2/sw2589,2589,102,sd(^q),A,37,15,"they said, {D Well, } we're giving them isolation time  /","[ they/PRP ] said/VBD ,/, Well/UH ,/,  [ we/PRP ] 're/VBP giving/VBG  [ them/PRP ] [ isolation/NN time/NN ]","(S (NP-SBJ (PRP they)) (VP (VBD said) (, ,) (S-SEZ (INTJ (UH Well)) (, ,) (NP-SBJ (PRP we)) (VP (VBP 're) (VP (VBG giving) (NP (PRP them)) (NP (NN isolation) (NN time)))))) (-DFL- E_S))",137,290.31,293.21
sw03utt/sw_0335_2589.utt,2/sw2589,2589,103,^q,A,37,16,{C and } this helps them to think.  /,and/CC  [ this/DT ] helps/VBZ  [ them/PRP ] to/TO think/VB ./.,(S (CC and) (NP-SBJ (DT this)) (VP (VBZ helps) (S (NP-SBJ (PRP them)) (VP (TO to) (VP (VB think))))) (. .) (-DFL- E_S)),138,293.21,294.48999999999995
sw03utt/sw_0335_2589.utt,2/sw2589,2589,104,%,A,37,17,"<laughter> {C But } a lot of kids, - /","But/CC  [ a/DT lot/NN ] of/IN  [ kids/NNS ] ,/,","(S-UNF (CC But) (NP-SBJ (NP (DT a) (NN lot)) (PP (IN of) (NP (NNS kids)))) (, ,) (-DFL- N_S))",139,295.33,296.16999999999996
sw03utt/sw_0335_2589.utt,2/sw2589,2589,105,sv,A,37,18,"{E I mean, } if a child has, {F uh, } claustrophobia, {E I mean, } that's just going to terrify him, {D you know }  /","[ I/PRP ] mean/VBP ,/, if/IN  [ a/DT child/NN ] has/VBZ ,/,  [ uh/UH ] ,/,  [ claustrophobia/NN ] ,/,  [ I/PRP ] mean/VBP ,/,  [ that/DT ] 's/BES just/RB going/VBG to/TO terrify/VB  [ him/PRP ] ,/,  [ you/PRP ] know/VBP","(S (PRN (S (NP-SBJ (PRP I)) (VP (VBP mean))) (, ,)) (SBAR-ADV (IN if) (S (NP-SBJ (DT a) (NN child)) (VP (VBZ has) (, ,) (INTJ (UH uh)) (, ,) (NP (NN claustrophobia))))) (PRN (, ,) (S (NP-SBJ (PRP I)) (VP (VBP mean))) (, ,)) (NP-SBJ-1 (DT that)) (VP (BES 's) (ADVP (RB just)) (VP (VBG going) (S (NP-SBJ (-NONE- *-1)) (VP (TO to) (VP (VB terrify) (NP (PRP him))))) (PRN (, ,) (S (NP-SBJ (PRP you)) (VP (VBP know)))))) (-DFL- E_S))",140,296.17,303.11
sw03utt/sw_0335_2589.utt,2/sw2589,2589,106,%,A,37,19,"{C and, } -/","and/CC ,/,","(S-UNF (CC and) (, ,) (-DFL- N_S))",141,303.11,303.15000000000003
sw03utt/sw_0335_2589.utt,2/sw2589,2589,107,qh,B,38,1,"[ If, + if ] the isolation concept really  works that good, why are our prisons overcrowded? /","If/IN ,/, if/IN  [ the/DT isolation/NN concept/NN ] really/RB works/VBZ that/RB  [ good/JJ ] ,/, why/WRB are/VBP  [ our/PRP$ prisons/NNS ] overcrowded/JJ ?/.","(SBARQ (EDITED (RM (-DFL- \[)) (SBAR-ADV-UNF (IN If)) (, ,) (IP (-DFL- \+))) (SBAR-ADV (IN if) (RS (-DFL- \])) (S (NP-SBJ (DT the) (NN isolation) (NN concept)) (ADVP (RB really)) (VP (VBZ works) (ADVP (RB that) (JJ good))))) (, ,) (WHADVP-1 (WRB why)) (SQ (VBP are) (NP-SBJ (PRP$ our) (NNS prisons)) (ADJP-PRD (JJ overcrowded)) (ADVP-PRP (-NONE- *T*-1))) (. ?) (-DFL- E_S))",143,303.05,306.77000000000004
sw03utt/sw_0335_2589.utt,2/sw2589,2589,108,aa,A,39,1,"<Laughter> {F Uh, } that's true.  /","[ Uh/UH ] ,/,  [ that/DT ] 's/BES true/JJ ./.","(S (INTJ (UH Uh)) (, ,) (NP-SBJ (DT that)) (VP (BES 's) (ADJP-PRD (JJ true))) (. .) (-DFL- E_S))",145,307.61,309.13
sw03utt/sw_0335_2589.utt,2/sw2589,2589,109,aa^r,A,39,2,<laughter> That's true.  /,[ That/DT ] 's/BES true/JJ ./.,(S (NP-SBJ (DT That)) (VP (BES 's) (ADJP-PRD (JJ true))) (. .) (-DFL- E_S)),146,310.31,310.81
sw03utt/sw_0335_2589.utt,2/sw2589,2589,110,%,A,39,3,"{C But, }  no,  /","But/CC ,/, no/UH ,/,","(FRAG (CC But) (, ,) (INTJ (UH no)) (, ,) (-DFL- E_S))",147,310.83,311.55
sw03utt/sw_0335_2589.utt,2/sw2589,2589,111,%,A,39,4,"{E I mean, } they were, {F uh, } {E I mean, } - /","[ I/PRP ] mean/VBP ,/,  [ they/PRP ] were/VBD ,/,  [ uh/UH ] ,/,  [ I/PRP ] mean/VBP ,/,","(S (PRN (S (NP-SBJ (PRP I)) (VP (VBP mean))) (, ,)) (NP-SBJ (PRP they)) (VP-UNF (VBD were) (, ,) (INTJ (UH uh)) (PRN (, ,) (S (NP-SBJ (PRP I)) (VP (VBP mean))))) (, ,) (-DFL- N_S))",148,311.55,312.93
sw03utt/sw_0335_2589.utt,2/sw2589,2589,112,sd,A,39,5,I definitely agree with parents.  /,[ I/PRP ] definitely/RB agree/VBP with/IN  [ parents/NNS ] ./.,(S (NP-SBJ (PRP I)) (ADVP (RB definitely)) (VP (VBP agree) (PP (IN with) (NP (NNS parents)))) (. .) (-DFL- E_S)),149,312.93,314.46999999999997
sw03utt/sw_0335_2589.utt,2/sw2589,2589,113,sv,A,39,6,"I think that is a very wrong way to handle, {F uh, } disciplining a child.  /","[ I/PRP ] think/VBP  [ that/DT ] is/VBZ  [ a/DT very/RB wrong/JJ way/NN ] to/TO handle/VB ,/,  [ uh/UH ] ,/, disciplining/VBG  [ a/DT child/NN ] ./.","(S (NP-SBJ (PRP I)) (VP (VBP think) (SBAR (-NONE- 0) (S (NP-SBJ (DT that)) (VP (VBZ is) (NP-PRD (NP (DT a) (ADJP (RB very) (JJ wrong)) (NN way)) (SBAR (WHADVP-2 (-NONE- 0)) (S (NP-SBJ-1 (-NONE- *)) (VP (TO to) (VP (VB handle) (, ,) (INTJ (UH uh)) (, ,) (S (NP-SBJ (-NONE- *-1)) (VP (VBG disciplining) (NP (DT a) (NN child)))) (ADVP-MNR (-NONE- *T*-2))))))))))) (. .) (-DFL- E_S))",150,314.47,318.71
sw03utt/sw_0335_2589.utt,2/sw2589,2589,114,sd,A,39,7,"Putting them in, {E I mean, } [ [ they were, + they were call-, ] + they called ] them their quiet  rooms or their isolation rooms.  /","Putting/VBG  [ them/PRP ] in/IN ,/,  [ I/PRP ] mean/VBP ,/,  [ they/PRP ] were/VBD ,/,  [ they/PRP ] were/VBD call/VBN ,/,  [ they/PRP ] called/VBD  [ them/PRP their/PRP$ quiet/JJ rooms/NNS ] or/CC  [ their/PRP$ isolation/NN rooms/NNS ] ./.","(S (NP-SBJ (-NONE- *)) (VP (VBG Putting) (NP (PRP them)) (PP-PUT (IN in) (PRN (, ,) (S (NP-SBJ (PRP I)) (VP (VBP mean))) (, ,)) (EDITED (RM (-DFL- \[)) (EDITED (RM (-DFL- \[)) (S (NP-SBJ (PRP they)) (VP-UNF (VBD were))) (, ,) (IP (-DFL- \+))) (S (NP-SBJ (PRP they)) (VP (VBD were) (VP-UNF (VBN call-)))) (, ,) (RS (-DFL- \])) (IP (-DFL- \+))) (PRN (S (NP-SBJ (PRP they)) (VP (VBD called) (RS (-DFL- \])) (S (NP-SBJ (PRP them)) (NP-PRD (-NONE- *ICH*-1)))))) (NP-1 (NP (PRP$ their) (JJ quiet) (NNS rooms)) (CC or) (NP (PRP$ their) (NN isolation) (NNS rooms))))) (. .) (-DFL- E_S))",151,318.71,323.53
sw03utt/sw_0335_2589.utt,2/sw2589,2589,115,sd,A,39,8,They didn't call them closets.  /,[ They/PRP ] did/VBD n't/RB call/VB  [ them/PRP closets/NNS ] ./.,(S (NP-SBJ (PRP They)) (VP (VBD did) (RB n't) (VP (VB call) (S (NP-SBJ (PRP them)) (NP-PRD (NNS closets))))) (. .) (-DFL- E_S)),152,323.53,324.55
sw03utt/sw_0335_2589.utt,2/sw2589,2589,116,sd,A,39,9,"{C But } they showed  these rooms [ on, +  {F uh, } {D you know, } on ] the news  /","But/CC  [ they/PRP ] showed/VBD  [ these/DT rooms/NNS ] on/IN ,/,  [ uh/UH ] ,/,  [ you/PRP ] know/VBP ,/, on/IN  [ the/DT news/NN ]","(S (CC But) (NP-SBJ (PRP they)) (VP (VBD showed) (NP (DT these) (NNS rooms)) (EDITED (RM (-DFL- \[)) (PP-UNF (IN on)) (, ,) (IP (-DFL- \+))) (INTJ (UH uh)) (PRN (, ,) (S (NP-SBJ (PRP you)) (VP (VBP know))) (, ,)) (PP (IN on) (RS (-DFL- \])) (NP (DT the) (NN news)))) (-DFL- E_S))",153,324.55,328.43
sw03utt/sw_0335_2589.utt,2/sw2589,2589,117,sd,A,39,10,"{C and, }  {E I mean, }  they looked like a closet to me.   {D You know, } with a desk in it, [ a + ] real small.  /","and/CC ,/,  [ I/PRP ] mean/VBP ,/,  [ they/PRP ] looked/VBD like/IN  [ a/DT closet/NN ] to/IN  [ me/PRP ] ./.  [ You/PRP ] know/VBP ,/, with/IN  [ a/DT desk/NN ] in/IN  [ it/PRP ] ,/,  [ a/DT real/RB small/JJ ] ./.","(S (CC and) (PRN (, ,) (S (NP-SBJ (PRP I)) (VP (VBP mean))) (, ,)) (NP-SBJ (PRP they)) (VP (VBD looked) (UCP (PP (IN like) (NP (NP (DT a) (NN closet)) (PP (-NONE- *ICH*-1)))) (ADJP (-NONE- *ICH*-2))) (PP (IN to) (NP (PRP me))) (PRN (. .) (S (NP-SBJ (PRP You)) (VP (VBP know))) (, ,)) (PP-1 (IN with) (NP (NP (DT a) (NN desk)) (PP-LOC (IN in) (NP (PRP it))))) (, ,) (EDITED (RM (-DFL- \[)) (NP-UNF (DT a)) (IP (-DFL- \+)) (RS (-DFL- \]))) (ADJP-PRD-2 (RB real) (JJ small))) (. .) (-DFL- E_S))",154,328.43,332.81
sw03utt/sw_0335_2589.utt,2/sw2589,2589,118,sd,A,39,11,{C But } they  said that one of the solutions they came up with was to take the doors off of these isolation rooms.  /,But/CC  [ they/PRP ] said/VBD that/IN  [ one/CD ] of/IN  [ the/DT solutions/NNS they/PRP ] came/VBD up/RP with/IN was/VBD to/TO take/VB  [ the/DT doors/NNS ] off/IN of/IN  [ these/DT isolation/NN rooms/NNS ] ./.,(S (CC But) (NP-SBJ (PRP they)) (VP (VBD said) (SBAR (IN that) (S (NP-SBJ (NP (CD one)) (PP (IN of) (NP (DT the) (NNS solutions))) (SBAR (WHNP-1 (-NONE- 0)) (S (NP-SBJ-2 (PRP they)) (VP (VBD came) (PRT (RP up)) (PP (IN with) (NP (-NONE- *T*-1))))))) (VP (VBD was) (S-PRD (NP-SBJ (-NONE- *-2)) (VP (TO to) (VP (VB take) (NP (DT the) (NNS doors)) (PP (IN off) (PP (IN of) (NP (DT these) (NN isolation) (NNS rooms))))))))))) (. .) (-DFL- E_S)),155,333.39,338.59
sw03utt/sw_0335_2589.utt,2/sw2589,2589,119,sd(^q),A,39,12,"I said, [ {D now } what good does thi-, +  {E I mean, } how is this helping? ]  /","[ I/PRP ] said/VBD ,/, now/UH  [ what/WP ] good/NN does/VBZ  [ thi-/DT ] ,/,  [ I/PRP ] mean/VBP ,/, how/WRB is/VBZ  [ this/DT ] helping/VBG ?/.","(S (NP-SBJ (PRP I)) (VP (VBD said) (, ,) (SBARQ-SEZ (EDITED (RM (-DFL- \[)) (SBARQ-SEZ (INTJ (UH now)) (WHNP (WP what) (NN good)) (SQ (VBZ does) (NP-SBJ-UNF (DT thi-)))) (, ,) (IP (-DFL- \+))) (PRN (S (NP-SBJ (PRP I)) (VP (VBP mean))) (, ,)) (WHADVP-1 (WRB how)) (SQ (VBZ is) (NP-SBJ (DT this)) (VP (VBG helping) (ADVP-MNR (-NONE- *T*-1)))))) (. ?) (RS (-DFL- \])) (-DFL- E_S))",156,339.15,342.09000000000003
sw03utt/sw_0335_2589.utt,2/sw2589,2589,120,sd,A,39,13,"{E I mean, }  either way. <laughter> {D You know, } [ I, + I ] definitely had to  disagree with that.  /","[ I/PRP ] mean/VBP ,/, either/DT  [ way/NN ] ./.  [ You/PRP ] know/VBP ,/,  [ I/PRP ] ,/,  [ I/PRP ] definitely/RB had/VBD to/TO disagree/VB with/IN  [ that/DT ] ./.","(S (PRN (S (NP-SBJ (PRP I)) (VP (VBP mean))) (, ,)) (NP-ADV (DT either) (NN way)) (PRN (. .) (S (NP-SBJ (PRP You)) (VP (VBP know))) (, ,)) (EDITED (RM (-DFL- \[)) (NP-SBJ (PRP I)) (, ,) (IP (-DFL- \+))) (NP-SBJ-1 (PRP I)) (RS (-DFL- \])) (ADVP (RB definitely)) (VP (VBD had) (S (NP-SBJ (-NONE- *-1)) (VP (TO to) (VP (VB disagree) (PP (IN with) (NP (DT that))))))) (. .) (-DFL- E_S))",157,342.53,346.99
sw03utt/sw_0335_2589.utt,2/sw2589,2589,121,sv,A,39,14,"I think [ that is, +  that's  ] not the way to [ handle a child, +   {D you know, } discipline a child ] by putting him in a closet <laughter>. /","[ I/PRP ] think/VBP  [ that/DT ] is/VBZ ,/,  [ that/DT ] 's/BES not/RB  [ the/DT way/NN ] to/TO handle/VB  [ a/DT child/NN ] ,/,  [ you/PRP ] know/VBP ,/, discipline/VB  [ a/DT child/NN ] by/IN putting/VBG  [ him/PRP ] in/IN  [ a/DT closet/NN ] ./.","(S (NP-SBJ (PRP I)) (VP (VBP think) (SBAR (-NONE- 0) (S (EDITED (RM (-DFL- \[)) (S (NP-SBJ (DT that)) (VP-UNF (VBZ is))) (, ,) (IP (-DFL- \+))) (NP-SBJ (DT that)) (VP (BES 's) (RS (-DFL- \])) (RB not) (NP-PRD (NP (DT the) (NN way)) (SBAR (WHADVP-1 (-NONE- 0)) (S (NP-SBJ (-NONE- *)) (VP (TO to) (EDITED (RM (-DFL- \[)) (VP (VB handle) (NP (DT a) (NN child))) (, ,) (IP (-DFL- \+))) (PRN (S (NP-SBJ (PRP you)) (VP (VBP know))) (, ,)) (VP (VB discipline) (NP (DT a) (NN child)) (ADVP-MNR (-NONE- *T*-1))))))) (RS (-DFL- \])) (PP-TPC (IN by) (S-NOM (NP-SBJ (-NONE- *)) (VP (VBG putting) (NP (PRP him)) (PP-PUT (IN in) (NP (DT a) (NN closet)))))))))) (. .) (-DFL- E_S))",158,346.99,357.55
sw03utt/sw_0335_2589.utt,2/sw2589,2589,122,sd,B,40,1,"[ [ Th-, +  the ] +  as a part of the ] revamping of the  entire education system on that lev-, the public school system I want to see changed too.  /","[ Th-/XX ] ,/,  [ the/DT ] as/IN  [ a/DT part/NN ] of/IN  [ the/DT ] revamping/VBG of/IN  [ the/DT entire/NN education/NN system/NN ] on/IN  [ that/DT lev-/XX ] ,/,  [ the/DT public/JJ school/NN system/NN ] [ I/PRP ] want/VBP to/TO see/VB changed/VBN too/RB ./.","(S (EDITED (RM (-DFL- \[)) (EDITED (RM (-DFL- \[)) (NP-SBJ-UNF (XX Th-)) (, ,) (IP (-DFL- \+))) (NP-SBJ-UNF (DT the)) (RS (-DFL- \])) (IP (-DFL- \+))) (PP (IN as) (NP (NP (DT a) (NN part)) (PP (IN of) (NP (NP (DT the) (RS (-DFL- \])) (VBG revamping)) (PP (IN of) (NP (DT the) (NN entire) (NN education) (NN system))))))) (PP (IN on) (NP-UNF (DT that) (XX lev-))) (, ,) (NP-TPC-2 (DT the) (JJ public) (NN school) (NN system)) (NP-SBJ-1 (PRP I)) (VP (VBP want) (S (NP-SBJ (-NONE- *-1)) (VP (TO to) (VP (VB see) (S (NP-SBJ-3 (-NONE- *T*-2)) (VP (VBN changed) (NP (-NONE- *-3)) (ADVP (RB too)))))))) (. .) (-DFL- E_S))",160,358.02,366.02
sw03utt/sw_0335_2589.utt,2/sw2589,2589,123,sd,B,40,2,"When I was [ br-, +  brought ] up, if you crossed the line and you broke a rule  bad enough, you were going to get spanked. /","When/WRB  [ I/PRP ] was/VBD br-/XX ,/, brought/VBN up/RP ,/, if/IN  [ you/PRP ] crossed/VBD  [ the/DT line/NN ] and/CC  [ you/PRP ] broke/VBD  [ a/DT rule/NN ] bad/RB enough/RB ,/,  [ you/PRP ] were/VBD going/VBG to/TO get/VB spanked/VBN ./.","(S (SBAR-TMP (WHADVP-1 (WRB When)) (S (NP-SBJ (PRP I)) (VP (VBD was) (EDITED (RM (-DFL- \[)) (VP-UNF (XX br-)) (, ,) (IP (-DFL- \+))) (VP (VBN brought) (RS (-DFL- \])) (PRT (RP up)) (ADVP-TMP (-NONE- *T*-1)))))) (, ,) (SBAR-ADV (IN if) (S (S (NP-SBJ (PRP you)) (VP (VBD crossed) (NP (DT the) (NN line)))) (CC and) (S (NP-SBJ (PRP you)) (VP (VBD broke) (NP (DT a) (NN rule)) (ADVP (RB bad) (RB enough)))))) (, ,) (NP-SBJ-2 (PRP you)) (VP (VBD were) (VP (VBG going) (S (NP-SBJ-3 (-NONE- *-2)) (VP (TO to) (VP (VB get) (VP (VBN spanked) (NP (-NONE- *-3)))))))) (. .) (-DFL- E_S))",161,367.52,374.18
sw03utt/sw_0335_2589.utt,2/sw2589,2589,124,b,A,41,1,Right. /,[ Right/UH ] ./.,(INTJ (UH Right) (. .) (-DFL- E_S)),163,374.29,374.49
sw03utt/sw_0335_2589.utt,2/sw2589,2589,125,sv,B,42,1,"{D Well, } then the extreme came in,  /","Well/UH ,/, then/RB  [ the/DT extreme/NN ] came/VBD in/RB ,/,","(S (INTJ (UH Well)) (, ,) (ADVP-TMP (RB then)) (NP-SBJ (DT the) (NN extreme)) (VP (VBD came) (PRT (RB in))) (, ,) (-DFL- E_S))",165,374.38,375.74
sw03utt/sw_0335_2589.utt,2/sw2589,2589,126,sv,B,42,2,"{C and } now we can no longer,","and/CC now/RB  [ we/PRP ] can/MD no/RB longer/RBR ,/,","(S (CC and) (ADVP-TMP (RB now)) (NP-SBJ (PRP we)) (VP (MD can) (ADVP-TMP (RB no) (RBR longer)) (, ,) (VP (VB spank) (NP (PRP them)))) (, ,) (-DFL- E_S))",166,375.74,376.52
sw03utt/sw_0335_2589.utt,2/sw2589,2589,127,b,A,43,1,Right. /,[ Right/UH ] ./.,(INTJ (UH Right) (. .) (-DFL- E_S)),163,376.63,376.75
sw03utt/sw_0335_2589.utt,2/sw2589,2589,128,+,B,44,1,"spank them,  /","spank/VB  [ them/PRP ] ,/,","(S (CC and) (ADVP-TMP (RB now)) (NP-SBJ (PRP we)) (VP (MD can) (ADVP-TMP (RB no) (RBR longer)) (, ,) (VP (VB spank) (NP (PRP them)))) (, ,) (-DFL- E_S))",166,376.64,377.02000000000004
sw03utt/sw_0335_2589.utt,2/sw2589,2589,129,sv,B,44,2,{C so } we now isolate them. /,so/RB  [ we/PRP ] now/RB isolate/VBP  [ them/PRP ] ./.,(S (RB so) (NP-SBJ (PRP we)) (ADVP-TMP (RB now)) (VP (VBP isolate) (NP (PRP them))) (. .) (-DFL- E_S)),170,377.02,378.32
sw03utt/sw_0335_2589.utt,2/sw2589,2589,130,b,A,45,1,Yep.  /,[ Yep/UH ] ./.,(INTJ (UH Yep) (. .) (-DFL- E_S)),172,378.99,379.29
sw03utt/sw_0335_2589.utt,2/sw2589,2589,131,b,A,45,2,"{F Uh } <<faintly>>, /","[ Uh/UH ] ,/,","(INTJ (UH Uh) (, ,) (-DFL- E_S))",173,379.29,379.33000000000004
sw03utt/sw_0335_2589.utt,2/sw2589,2589,132,b,B,46,1,"Okay,  /","Okay/UH ,/,","(INTJ (UH Okay) (, ,) (-DFL- E_S))",175,379.22,379.64000000000004
sw03utt/sw_0335_2589.utt,2/sw2589,2589,133,sv,B,46,2,we've swung the pendulum both ways.  /,[ we/PRP ] 've/VBP swung/VBN  [ the/DT pendulum/NN ] [ both/DT ] [ ways/NNS ] ./.,(S (NP-SBJ (PRP we)) (VP (VBP 've) (VP (VBN swung) (NP (DT the) (NN pendulum)) (NP-ADV (DT both) (NNS ways)))) (. .) (-DFL- E_S)),176,380.24,381.82
sw03utt/sw_0335_2589.utt,2/sw2589,2589,134,sv,B,46,3,Let's  find a middle ground.  /,Let/VB  [ 's/PRP ] find/VB  [ a/DT middle/JJ ground/NN ] ./.,(S-IMP (NP-SBJ (-NONE- *)) (VP (VB Let) (S (NP-SBJ (PRP 's)) (VP (VB find) (NP (DT a) (JJ middle) (NN ground))))) (. .) (-DFL- E_S)),177,381.82,382.98
sw03utt/sw_0335_2589.utt,2/sw2589,2589,135,sv,B,46,4,"[ Instead of, + ] there has to be some sort of discipline,  /","Instead/RB of/IN ,/,  [ there/EX ] has/VBZ to/TO be/VB  [ some/DT sort/NN ] of/IN  [ discipline/NN ] ,/,","(S (EDITED (RM (-DFL- \[)) (PP-UNF (RB Instead) (IN of)) (, ,) (IP (-DFL- \+)) (RS (-DFL- \]))) (NP-SBJ-1 (EX there)) (VP (VBZ has) (S (NP-SBJ (-NONE- *-1)) (VP (TO to) (VP (VB be) (NP-PRD (NP (DT some) (NN sort)) (PP (IN of) (NP (NN discipline)))))))) (, ,) (-DFL- E_S))",178,382.98,386.59999999999997
sw03utt/sw_0335_2589.utt,2/sw2589,2589,136,sv,B,46,5,{C and } there has to be some sort of punishment.,and/CC  [ there/EX ] has/VBZ to/TO be/VB  [ some/DT sort/NN ] of/IN  [ punishment/NN ] ./.,"(S (CC and) (NP-SBJ-1 (EX there)) (VP (VBZ has) (S (NP-SBJ (-NONE- *-1)) (VP (TO to) (VP (VB be) (NP-PRD (NP (DT some) (NN sort)) (PP (IN of) (NP (NP (NN punishment)) (. .) (ADJP (ADJP (JJ Short) (PP (IN of) (S-NOM (NP-SBJ (-NONE- *)) (ADVP (RB physically)) (VP (VBG isolating) (NP (DT the) (NN child)))))) (, ,) (CC and) (ADJP (JJ short) (PP (IN of) (S-NOM (NP-SBJ (-NONE- *)) (ADVP (RB physically)) (VP (VBG hitting) (NP (DT the) (NN child)))))))))))))) (. .) (-DFL- E_S))",179,386.6,388.3
sw03utt/sw_0335_2589.utt,2/sw2589,2589,137,b,A,47,1,Right. /,[ Right/UH ] ./.,(INTJ (UH Right) (. .) (-DFL- E_S)),163,388.41,388.79
sw03utt/sw_0335_2589.utt,2/sw2589,2589,138,+,B,48,1,"Short of physically isolating the child,  and short of physically hitting the child. /","[ Short/JJ ] of/IN physically/RB isolating/VBG  [ the/DT child/NN ] ,/, and/CC  [ short/JJ ] of/IN physically/RB hitting/VBG  [ the/DT child/NN ] ./.","(S (CC and) (NP-SBJ-1 (EX there)) (VP (VBZ has) (S (NP-SBJ (-NONE- *-1)) (VP (TO to) (VP (VB be) (NP-PRD (NP (DT some) (NN sort)) (PP (IN of) (NP (NP (NN punishment)) (. .) (ADJP (ADJP (JJ Short) (PP (IN of) (S-NOM (NP-SBJ (-NONE- *)) (ADVP (RB physically)) (VP (VBG isolating) (NP (DT the) (NN child)))))) (, ,) (CC and) (ADJP (JJ short) (PP (IN of) (S-NOM (NP-SBJ (-NONE- *)) (ADVP (RB physically)) (VP (VBG hitting) (NP (DT the) (NN child)))))))))))))) (. .) (-DFL- E_S))",179,389.28,393.84000000000003
sw03utt/sw_0335_2589.utt,2/sw2589,2589,139,%,A,49,1,"{D Well, } -/","Well/UH ,/,","(INTJ (UH Well) (, ,) (-DFL- N_S))",184,394.55,394.83
sw03utt/sw_0335_2589.utt,2/sw2589,2589,140,sv,B,50,1,"Let's put him into a situation where, {D okay, }  you crossed the line, you broke the rule, you're going to have to pay for it. /","Let/VB  [ 's/PRP ] put/VB  [ him/PRP ] into/IN  [ a/DT situation/NN ] where/WRB ,/, okay/UH ,/,  [ you/PRP ] crossed/VBD  [ the/DT line/NN ] ,/,  [ you/PRP ] broke/VBD  [ the/DT rule/NN ] ,/,  [ you/PRP ] 're/VBP going/VBG to/TO have/VB to/TO pay/VB for/IN  [ it/PRP ] ./.","(S-IMP (NP-SBJ (-NONE- *)) (VP (VB Let) (S (NP-SBJ (PRP 's)) (VP (VB put) (NP (PRP him)) (PP-PUT (IN into) (NP (NP (DT a) (NN situation)) (SBAR (WHADVP-3 (WRB where)) (, ,) (S-SEZ (INTJ (UH okay)) (, ,) (NP-SBJ (PRP you)) (VP (VBD crossed) (NP (DT the) (NN line)) (ADVP (-NONE- *T*-3)))))))))) (, ,))|||(S (NP-SBJ (PRP you)) (VP (VBD broke) (NP (DT the) (NN rule))) (, ,))|||(S (NP-SBJ-1 (PRP you)) (VP (VBP 're) (VP (VBG going) (S (NP-SBJ-2 (-NONE- *-1)) (VP (TO to) (VP (VB have) (S (NP-SBJ (-NONE- *-2)) (VP (TO to) (VP (VB pay) (PP (IN for) (NP (PRP it))))))))))) (. .) (-DFL- E_S))",186|||187|||188,394.72,400.08000000000004
sw03utt/sw_0335_2589.utt,2/sw2589,2589,141,b,A,51,1,Right. /,[ Right/UH ] ./.,(INTJ (UH Right) (. .) (-DFL- E_S)),163,400.19,400.57
sw03utt/sw_0335_2589.utt,2/sw2589,2589,142,sv,B,52,1,"{C But, }  it's going to tax you physically. /","But/CC ,/,  [ it/PRP ] 's/BES going/VBG to/TO tax/VB  [ you/PRP ] physically/RB ./.","(S (CC But) (, ,) (NP-SBJ-1 (PRP it)) (VP (BES 's) (VP (VBG going) (S (NP-SBJ (-NONE- *-1)) (VP (TO to) (VP (VB tax) (NP (PRP you)) (ADVP-MNR (RB physically))))))) (. .) (-DFL- E_S))",192,400.94,404.65999999999997
sw03utt/sw_0335_2589.utt,2/sw2589,2589,143,b,A,53,1,Uh-huh.  /,[ Uh-huh/UH ] ./.,(INTJ (UH Uh-huh) (. .) (-DFL- E_S)),194,404.77,404.95
sw03utt/sw_0335_2589.utt,2/sw2589,2589,144,%,A,53,2,"[ I, + I ] don't, -/","[ I/PRP ] ,/,  [ I/PRP ] do/VBP n't/RB ,/,","(S (EDITED (RM (-DFL- \[)) (NP-SBJ (PRP I)) (, ,) (IP (-DFL- \+))) (NP-SBJ (PRP I)) (RS (-DFL- \])) (VP-UNF (VBP do) (RB n't)) (, ,) (-DFL- N_S))",195,407.49,408.53
sw03utt/sw_0335_2589.utt,2/sw2589,2589,145,sv,B,54,1,"[ Have th-, + {E I mean, }  [ in-, + instead ] [ ha-, + have ] them ] pick up around the school yard, have them weed a flower bed somewhere on the school  yar-.  Do something to beautify the school property. /","Have/VB  [ th-/XX ] ,/,  [ I/PRP ] mean/VBP ,/,  [ in-/XX ] ,/, instead/RB  [ ha-/XX ] ,/, have/VB  [ them/PRP ] pick/VB up/RP around/IN  [ the/DT school/NN yard/NN ] ,/, have/VB  [ them/PRP ] weed/VB  [ a/DT flower/NN bed/NN ] somewhere/RB on/IN  [ the/DT school/NN yar-/NN ] ./.  Do/VBP  [ something/NN ] to/TO beautify/VB  [ the/DT school/NN property/NN ] ./.","(S (NP-SBJ (-NONE- *)) (EDITED (RM (-DFL- \[)) (VP (VB Have) (S (NP-SBJ-UNF (XX th-)))) (, ,) (IP (-DFL- \+))) (PRN (S (NP-SBJ (PRP I)) (VP (VBP mean))) (, ,)) (EDITED (RM (-DFL- \[)) (ADVP-UNF (XX in-)) (, ,) (IP (-DFL- \+))) (ADVP (RB instead)) (RS (-DFL- \])) (EDITED (RM (-DFL- \[)) (VP-UNF (XX ha-)) (, ,) (IP (-DFL- \+))) (VP (VP (VB have) (RS (-DFL- \])) (S (NP-SBJ (PRP them)) (RS (-DFL- \])) (VP (VB pick) (PRT (RP up)) (PP-LOC (IN around) (NP (DT the) (NN school) (NN yard)))))) (, ,) (VP (VB have) (S (NP-SBJ-1 (PRP them)) (VP (VP (VB weed) (NP (DT a) (NN flower) (NN bed)) (ADVP-LOC (RB somewhere) (PP (IN on) (NP-UNF (DT the) (NN school) (NN yar-))))) (. .) (VP (VBP Do) (NP (NN something)) (S-PRP (NP-SBJ (-NONE- *-1)) (VP (TO to) (VP (VB beautify) (NP (DT the) (NN school) (NN property)))))))))) (. .) (-DFL- E_S))",197,408.42,418.82
sw03utt/sw_0335_2589.utt,2/sw2589,2589,146,aa,A,55,1,"Yeah,  /","Yeah/UH ,/,","(INTJ (UH Yeah) (, ,) (-DFL- E_S))",199,419.39,419.78999999999996
sw03utt/sw_0335_2589.utt,2/sw2589,2589,147,aa,A,55,2,that's true. /,[ that/DT ] 's/BES true/JJ ./.,(S (NP-SBJ (DT that)) (VP (BES 's) (ADJP-PRD (JJ true))) (. .) (-DFL- E_S)),200,420.15,420.83000000000004
sw03utt/sw_0335_2589.utt,2/sw2589,2589,148,%,B,56,1,"{C But } you cut, {D you know, } - /","But/CC  [ you/PRP ] cut/VBP ,/,  [ you/PRP ] know/VBP ,/,","(S (CC But) (NP-SBJ (PRP you)) (VP-UNF (VBP cut) (PRN (, ,) (S (NP-SBJ (PRP you)) (VP (VBP know))))) (, ,) (-DFL- N_S))",202,421.26,422.23999999999995
sw03utt/sw_0335_2589.utt,2/sw2589,2589,149,sv,B,56,2,"[ the, + the ]  kid's having to give up his, quote, play time to pay his debt for what he did wrong. /","[ the/DT ] ,/,  [ the/DT kid/NN ] 's/BES having/VBG to/TO give/VB up/RP  [ his/PRP$ ] ,/, quote/NN ,/, play/NN  [ time/NN ] to/TO pay/VB  [ his/PRP$ debt/NN ] for/IN  [ what/WP ] [ he/PRP ] did/VBD  [ wrong/RB ] ./.","(S (EDITED (RM (-DFL- \[)) (NP-SBJ-UNF (DT the)) (, ,) (IP (-DFL- \+))) (NP-SBJ-1 (DT the) (RS (-DFL- \])) (NN kid)) (VP (BES 's) (VP (VBG having) (S (NP-SBJ-2 (-NONE- *-1)) (VP (TO to) (VP (VB give) (PRT (RP up)) (NP (PRP$ his) (, ,) (ADVP (NN quote)) (, ,) (NN play) (NN time)) (S-PRP (NP-SBJ (-NONE- *-2)) (VP (TO to) (VP (VB pay) (NP (NP (PRP$ his) (NN debt)) (PP (IN for) (SBAR-NOM (WHNP-3 (WP what)) (S (NP-SBJ (PRP he)) (VP (VBD did) (NP (-NONE- *T*-3)) (ADVP (RB wrong))))))))))))))) (. .) (-DFL- E_S))",203,422.24,429.66
sw03utt/sw_0335_2589.utt,2/sw2589,2589,150,%,A,57,1,"{D Well, } -/","Well/UH ,/,","(INTJ (UH Well) (, ,) (-DFL- N_S))",184,431.03,431.21
sw03utt/sw_0335_2589.utt,2/sw2589,2589,151,sv,B,58,1,{C But } he's seeing something constructive come out of it. /,But/CC  [ he/PRP ] 's/BES seeing/VBG  [ something/NN ] [ constructive/JJ ] come/VB out/IN of/IN  [ it/PRP ] ./.,(S (CC But) (NP-SBJ (PRP he)) (VP (BES 's) (VP (VBG seeing) (S (NP-SBJ (NP (NN something)) (ADJP (JJ constructive))) (VP (VB come) (PP (IN out) (PP (IN of) (NP (PRP it)))))))) (. .) (-DFL- E_S)),207,431.1,432.88
sw03utt/sw_0335_2589.utt,2/sw2589,2589,152,%,A,59,1,"{F um, } I have to, - /","um/UH ,/,  [ I/PRP ] have/VBP to/TO ,/,","(S (INTJ (UH um)) (, ,) (NP-SBJ-1 (PRP I)) (VP (VBP have) (S (NP-SBJ (-NONE- *-1)) (VP-UNF (TO to)))) (, ,) (-DFL- N_S))",209,433.27,434.55
sw03utt/sw_0335_2589.utt,2/sw2589,2589,153,sv,A,59,2,"I think [ one of the positive  things, + {E I mean, } one of the things ] that can come out of, {F uh, } is not just [ di-, + discipline, ]  okay?  /","[ I/PRP ] think/VB  [ one/CD ] of/IN  [ the/DT positive/JJ things/NNS ] ,/,  [ I/PRP ] mean/VBP ,/,  [ one/CD ] of/IN  [ the/DT things/NNS ] [ that/WDT ] can/MD come/VB out/IN of/IN ,/,  [ uh/UH ] ,/, is/VBZ not/RB  [ just/JJ di-/NN ] ,/,  [ discipline/NN ] ,/,  [ okay/UH ] ?/.","(S (NP-SBJ (PRP I)) (VP (VB think) (SBAR (-NONE- 0) (S (EDITED (RM (-DFL- \[)) (NP-SBJ (NP (CD one)) (PP (IN of) (NP (DT the) (JJ positive) (NNS things)))) (, ,) (IP (-DFL- \+))) (PRN (S (NP-SBJ (PRP I)) (VP (VBP mean))) (, ,)) (NP-SBJ (NP (CD one)) (PP (IN of) (NP (NP (DT the) (NNS things)) (RS (-DFL- \])) (SBAR (WHNP-1 (WDT that)) (S (NP-SBJ (-NONE- *T*-1)) (VP (MD can) (VP (VB come) (PP (IN out) (PP-UNF (IN of) (, ,) (INTJ (UH uh))))))))))) (, ,) (VP (VBZ is) (RB not) (ADVP (JJ just)) (EDITED (RM (-DFL- \[)) (NP-UNF (NN di-)) (, ,) (IP (-DFL- \+))) (NP-PRD (NN discipline)) (, ,) (RS (-DFL- \])) (INTJ (UH okay)))))) (. ?) (-DFL- E_S))",210,434.93,444.79
sw03utt/sw_0335_2589.utt,2/sw2589,2589,154,%,A,59,3,"{C But, } okay,  /","But/CC ,/, okay/UH ,/,","(FRAG (CC But) (, ,) (INTJ (UH okay)) (, ,) (-DFL- E_S))",211,444.83,445.39
sw03utt/sw_0335_2589.utt,2/sw2589,2589,155,sd,A,59,4,"for instance, one of the things they do at,  {F uh, } my kids school, {F uh, } they have what they call, {F uh, } caught being good slips.  /","for/IN  [ instance/NN ] ,/,  [ one/CD ] of/IN  [ the/DT things/NNS they/PRP ] do/VBP at/IN ,/,  [ uh/UH ] ,/,  [ my/PRP$ kids/^NNS^POS school/NN ] ,/,  [ uh/UH ] ,/,  [ they/PRP ] have/VBP  [ what/WP ] [ they/PRP ] call/VBP ,/,  [ uh/UH ] ,/, caught/VBN being/VBG  [ good/JJ slips/NNS ] ./.","(S (PP (IN for) (NP (NN instance))) (, ,) (NP-ADV (NP (CD one)) (PP (IN of) (NP (NP (DT the) (NNS things)) (SBAR (WHNP-1 (-NONE- 0)) (S (NP-SBJ (PRP they)) (VP (VBP do) (NP (-NONE- *T*-1)) (PP-LOC (IN at) (, ,) (INTJ (UH uh)) (, ,) (NP (PRP$ my) (TYPO (^NNS^POS kids)) (NN school))))))))) (, ,) (INTJ (UH uh)) (, ,) (NP-SBJ (PRP they)) (VP (VBP have) (SBAR-NOM (WHNP-2 (WP what)) (S (NP-SBJ (PRP they)) (VP (VBP call) (S (NP-SBJ (-NONE- *T*-2)) (, ,) (INTJ (UH uh)) (, ,) (NP-PRD (S (NP-SBJ-3 (-NONE- *)) (VP (VBN caught) (S (NP-SBJ (-NONE- *-3)) (VP (VBG being) (ADJP-PRD (JJ good)))))) (NNS slips))))))) (. .) (-DFL- E_S))",212,445.39,453.75
sw03utt/sw_0335_2589.utt,2/sw2589,2589,156,sd,A,59,5,"{C And } when the kids are in halls and stuff, and if they're being really good, {E I mean, } just being excellent, they're not, {D you know, } cutting  up and so on.  /","And/CC when/WRB  [ the/DT kids/NNS ] are/VBP in/IN  [ halls/NNS ] and/CC  [ stuff/NN ] ,/, and/CC if/IN  [ they/PRP ] 're/VBP being/VBG really/RB  [ good/JJ ] ,/,  [ I/PRP ] mean/VBP ,/, just/RB being/VBG  [ excellent/JJ ] ,/,  [ they/PRP ] 're/VBP not/RB ,/,  [ you/PRP ] know/VBP ,/, cutting/VBG up/RP and/CC so/RB on/RP ./.","(S (CC And) (SBAR-TMP (WHADVP-1 (WRB when)) (S (NP-SBJ (DT the) (NNS kids)) (VP (VP (VBP are) (PP-LOC-PRD (IN in) (NP (NNS halls)))) (CC and) (NP-ETC (NN stuff)) (ADVP-TMP (-NONE- *T*-1))))) (, ,) (CC and) (SBAR-ADV (IN if) (S (S (NP-SBJ (PRP they)) (VP (VBP 're) (VP (VP (VBG being) (ADJP-PRD (RB really) (JJ good))) (PRN (, ,) (S (NP-SBJ (PRP I)) (VP (VBP mean))) (, ,)) (ADVP (RB just)) (VP (VBG being) (ADJP-PRD (JJ excellent)))))) (, ,) (S (NP-SBJ (PRP they)) (VP (VBP 're) (RB not) (PRN (, ,) (S (NP-SBJ (PRP you)) (VP (VBP know))) (, ,)) (VP (VP (VBG cutting) (PRT (RP up))) (CC and) (ADVP-ETC (RB so) (RP on))))) (. .) (-DFL- E_S) (S (NP-SBJ (PRP They)) (VP (VBP 're) (ADVP (RB just)) (VP (VP (VBG standing) (PP (IN in) (NP (NN line)))) (, ,) (VP (VBG doing) (SBAR-NOM (WHNP-3 (WDT whatever)) (S (NP-SBJ-2 (PRP they)) (VP (VBP are) (VP (VBN supposed) (S (NP-SBJ (-NONE- *-2)) (VP (IN to) (VP (-NONE- *?*) (NP (-NONE- *T*-3))))))))))))))) (, ,) (-DFL- E_S) (NP-SBJ (PRP they)) (VP (VBP get) (NP (NP (CD one)) (PP (IN of) (NP (DT these) (S (NP-SBJ-4 (-NONE- *)) (VP (VBN caught) (S (NP-SBJ (-NONE- *-4)) (VP (VBG being) (ADJP-PRD (JJ good)))))) (NNS slips))))) (. .) (-DFL- E_S))",213,454.21,461.83000000000004
sw03utt/sw_0335_2589.utt,2/sw2589,2589,157,sd,A,59,6,"They're just standing  in line, doing whatever they are supposed to,  /","[ They/PRP ] 're/VBP just/RB standing/VBG in/IN  [ line/NN ] ,/, doing/VBG  [ whatever/WDT ] [ they/PRP ] are/VBP supposed/VBN to/IN ,/,","(S (CC And) (SBAR-TMP (WHADVP-1 (WRB when)) (S (NP-SBJ (DT the) (NNS kids)) (VP (VP (VBP are) (PP-LOC-PRD (IN in) (NP (NNS halls)))) (CC and) (NP-ETC (NN stuff)) (ADVP-TMP (-NONE- *T*-1))))) (, ,) (CC and) (SBAR-ADV (IN if) (S (S (NP-SBJ (PRP they)) (VP (VBP 're) (VP (VP (VBG being) (ADJP-PRD (RB really) (JJ good))) (PRN (, ,) (S (NP-SBJ (PRP I)) (VP (VBP mean))) (, ,)) (ADVP (RB just)) (VP (VBG being) (ADJP-PRD (JJ excellent)))))) (, ,) (S (NP-SBJ (PRP they)) (VP (VBP 're) (RB not) (PRN (, ,) (S (NP-SBJ (PRP you)) (VP (VBP know))) (, ,)) (VP (VP (VBG cutting) (PRT (RP up))) (CC and) (ADVP-ETC (RB so) (RP on))))) (. .) (-DFL- E_S) (S (NP-SBJ (PRP They)) (VP (VBP 're) (ADVP (RB just)) (VP (VP (VBG standing) (PP (IN in) (NP (NN line)))) (, ,) (VP (VBG doing) (SBAR-NOM (WHNP-3 (WDT whatever)) (S (NP-SBJ-2 (PRP they)) (VP (VBP are) (VP (VBN supposed) (S (NP-SBJ (-NONE- *-2)) (VP (IN to) (VP (-NONE- *?*) (NP (-NONE- *T*-3))))))))))))))) (, ,) (-DFL- E_S) (NP-SBJ (PRP they)) (VP (VBP get) (NP (NP (CD one)) (PP (IN of) (NP (DT these) (S (NP-SBJ-4 (-NONE- *)) (VP (VBN caught) (S (NP-SBJ (-NONE- *-4)) (VP (VBG being) (ADJP-PRD (JJ good)))))) (NNS slips))))) (. .) (-DFL- E_S))",213,461.83,464.39
sw03utt/sw_0335_2589.utt,2/sw2589,2589,158,sd,A,59,7,they get one of these caught being good slips.  /,[ they/PRP ] get/VBP  [ one/CD ] of/IN  [ these/DT ] caught/VBN being/VBG  [ good/JJ slips/NNS ] ./.,"(S (CC And) (SBAR-TMP (WHADVP-1 (WRB when)) (S (NP-SBJ (DT the) (NNS kids)) (VP (VP (VBP are) (PP-LOC-PRD (IN in) (NP (NNS halls)))) (CC and) (NP-ETC (NN stuff)) (ADVP-TMP (-NONE- *T*-1))))) (, ,) (CC and) (SBAR-ADV (IN if) (S (S (NP-SBJ (PRP they)) (VP (VBP 're) (VP (VP (VBG being) (ADJP-PRD (RB really) (JJ good))) (PRN (, ,) (S (NP-SBJ (PRP I)) (VP (VBP mean))) (, ,)) (ADVP (RB just)) (VP (VBG being) (ADJP-PRD (JJ excellent)))))) (, ,) (S (NP-SBJ (PRP they)) (VP (VBP 're) (RB not) (PRN (, ,) (S (NP-SBJ (PRP you)) (VP (VBP know))) (, ,)) (VP (VP (VBG cutting) (PRT (RP up))) (CC and) (ADVP-ETC (RB so) (RP on))))) (. .) (-DFL- E_S) (S (NP-SBJ (PRP They)) (VP (VBP 're) (ADVP (RB just)) (VP (VP (VBG standing) (PP (IN in) (NP (NN line)))) (, ,) (VP (VBG doing) (SBAR-NOM (WHNP-3 (WDT whatever)) (S (NP-SBJ-2 (PRP they)) (VP (VBP are) (VP (VBN supposed) (S (NP-SBJ (-NONE- *-2)) (VP (IN to) (VP (-NONE- *?*) (NP (-NONE- *T*-3))))))))))))))) (, ,) (-DFL- E_S) (NP-SBJ (PRP they)) (VP (VBP get) (NP (NP (CD one)) (PP (IN of) (NP (DT these) (S (NP-SBJ-4 (-NONE- *)) (VP (VBN caught) (S (NP-SBJ (-NONE- *-4)) (VP (VBG being) (ADJP-PRD (JJ good)))))) (NNS slips))))) (. .) (-DFL- E_S))",213,464.39,466.21
sw03utt/sw_0335_2589.utt,2/sw2589,2589,159,sd,A,59,8,"{C And then, } when they collect them at  the end of each week, they get to go to this little, what they call their caught being good store,  /","And/CC then/RB ,/, when/WRB  [ they/PRP ] collect/VBP  [ them/PRP ] at/IN  [ the/DT end/NN ] of/IN  [ each/DT week/NN ] ,/,  [ they/PRP ] get/VBP to/TO go/VB to/IN  [ this/DT little/JJ ] ,/,  [ what/WP ] [ they/PRP ] call/VBP  [ their/PRP$ ] caught/VBN being/VBG  [ good/JJ store/NN ] ,/,","(S (CONJP (CC And) (RB then)) (, ,) (SBAR-TMP (WHADVP-1 (WRB when)) (S (NP-SBJ (PRP they)) (VP (VBP collect) (NP (PRP them)) (PP-TMP (IN at) (NP (NP (DT the) (NN end)) (PP (IN of) (NP (DT each) (NN week))))) (ADVP-TMP (-NONE- *T*-1))))) (, ,) (NP-SBJ-2 (PRP they)) (VP (VBP get) (S (NP-SBJ (-NONE- *-2)) (VP (TO to) (VP (VB go) (PP-DIR (IN to) (EDITED (NP-UNF (DT this) (JJ little))) (, ,) (SBAR-NOM (WHNP-3 (WP what)) (S (NP-SBJ (PRP they)) (VP (VBP call) (S (NP-SBJ (-NONE- *T*-3)) (NP-PRD (PRP$ their) (S (NP-SBJ-4 (-NONE- *)) (VP (VBN caught) (S (NP-SBJ (-NONE- *-4)) (VP (VBG being) (ADJP-PRD (JJ good)))))) (NN store))))))))))) (, ,) (-DFL- E_S))",214,466.83,472.87
sw03utt/sw_0335_2589.utt,2/sw2589,2589,160,sd,A,59,9,{C and then } they get to spend these like money.  /,and/CC then/RB  [ they/PRP ] get/VBP to/TO spend/VB  [ these/DT ] like/IN  [ money/NN ] ./.,(S (CONJP (CC and) (RB then)) (NP-SBJ-1 (PRP they)) (VP (VBP get) (S (NP-SBJ (-NONE- *-1)) (VP (TO to) (VP (VB spend) (NP (DT these)) (PP (IN like) (NP (NN money))))))) (. .) (-DFL- E_S)),215,473.09,474.75
sw03utt/sw_0335_2589.utt,2/sw2589,2589,161,sv,A,59,10,"{D Well, } {D see, }  to me, that's positive reinforcement, is [ much better, + much better ] than  trying to find ways to discipline kids, because they're going to be good and try and earn those things, {D you know, } to get the positive part of it.  /","Well/UH ,/, see/UH ,/, to/IN  [ me/PRP ] ,/, that/DT  [ 's/BES positive/JJ reinforcement/NN ] ,/, is/VBZ much/RB better/JJR ,/, much/RB better/JJR than/IN trying/VBG  to/TO find/VB  [ ways/NNS ] to/IN  [ discipline/VB kids/NNS ] ,/, because/IN  [ they/PRP ] 're/VBP going/VBG to/TO be/VB good/JJ and/CC try/VB and/CC earn/VB  [ those/DT things/NNS ] ,/,  [ you/PRP ] know/VBP ,/, to/TO get/VB  [ the/DT positive/JJ part/NN ] of/IN  [ it/PRP ] ./.","(S (INTJ (UH Well)) (, ,) (INTJ (UH see)) (, ,) (PP (IN to) (NP (PRP me))) (, ,) (NP-SBJ (DT that) (X (BES 's)) (JJ positive) (NN reinforcement)) (, ,) (VP (VBZ is) (EDITED (RM (-DFL- \[)) (ADJP-PRD (RB much) (JJR better)) (, ,) (IP (-DFL- \+))) (ADJP-PRD (ADJP (RB much) (JJR better)) (RS (-DFL- \])) (PP (IN than) (S-NOM (NP-SBJ-1 (-NONE- *)) (VP (VBG trying) (S (NP-SBJ-2 (-NONE- *-1)) (VP (TO to) (VP (VB find) (NP (NP (NNS ways)) (SBAR (WHADVP-3 (-NONE- 0)) (S (NP-SBJ (-NONE- *-2)) (VP (IN to) (VP (VB discipline) (NP (NNS kids)) (ADVP-MNR (-NONE- *T*-3)))))))))))))) (, ,) (SBAR-PRP (IN because) (S (NP-SBJ-4 (PRP they)) (VP (VBP 're) (VP (VBG going) (S (NP-SBJ-5 (-NONE- *-4)) (VP (TO to) (VP (VP (VB be) (ADJP-PRD (JJ good))) (CC and) (VP (VB try)) (CC and) (VP (VB earn) (NP (DT those) (NNS things))) (PRN (, ,) (S (NP-SBJ (PRP you)) (VP (VBP know))) (, ,)) (S-PRP (NP-SBJ (-NONE- *-5)) (VP (TO to) (VP (VB get) (NP (NP (DT the) (JJ positive) (NN part)) (PP (IN of) (NP (PRP it))))))))))))))) (. .) (-DFL- E_S))",216,474.75,493.32
sw03utt/sw_0335_2589.utt,2/sw2589,2589,162,sv,A,59,11,"{E I mean, }  they'd [ ra-, +  much rather ] go in the store and buy something than be spanked.  /","[ I/PRP ] mean/VBP ,/,  [ they/PRP ] 'd/MD  [ ra-/RB ] ,/, much/RB rather/RB go/VB in/IN  [ the/DT store/NN ] and/CC buy/VB  [ something/NN ] than/IN be/VB spanked/VBN ./.","(S (PRN (S (NP-SBJ (PRP I)) (VP (VBP mean))) (, ,)) (NP-SBJ (PRP they)) (VP (MD 'd) (EDITED (RM (-DFL- \[)) (ADVP-UNF (RB ra-)) (, ,) (IP (-DFL- \+))) (ADVP (ADVP (RB much) (RB rather)) (SBAR (-NONE- *ICH*-2))) (RS (-DFL- \])) (VP (VP (VB go) (PP-DIR (IN in) (NP (DT the) (NN store)))) (CC and) (VP (VB buy) (NP (NN something))) (SBAR-2 (IN than) (S (NP-SBJ-1 (-NONE- *)) (VP (VB be) (VP (VBN spanked) (NP (-NONE- *-1)))))))) (. .) (-DFL- E_S))",217,493.76,497.64000000000004
sw03utt/sw_0335_2589.utt,2/sw2589,2589,163,sv,A,59,12,"{C So, } they're definitely going to work towards being good, {D you know, } rather than trying to act up and be bad, {D you know. } /","So/RB ,/,  [ they/PRP ] 're/VBP definitely/RB going/VBG to/TO work/VB towards/IN being/VBG  [ good/JJ ] ,/,  [ you/PRP ] know/VBP ,/, rather/IN than/IN trying/VBG to/TO act/VB up/RP and/CC  be/VB bad/JJ ,/,  [ you/PRP ] know/VBP ./.","(S (RB So) (, ,) (NP-SBJ-1 (PRP they)) (VP (VBP 're) (ADVP (RB definitely)) (VP (VBG going) (S (NP-SBJ-2 (-NONE- *-1)) (VP (TO to) (VP (VB work) (PP (IN towards) (S-NOM (NP-SBJ-3 (-NONE- *-2)) (VP (VP (VBG being) (ADJP-PRD (JJ good))) (PRN (, ,) (S (NP-SBJ (PRP you)) (VP (VBP know))) (, ,)) (CONJP (IN rather) (IN than)) (VP (VBG trying) (S (NP-SBJ (-NONE- *-3)) (VP (TO to) (VP (VP (VB act) (PRT (RP up))) (CC and) (VP (VB be) (ADJP-PRD (JJ bad))))))))))))) (PRN (, ,) (S (NP-SBJ (PRP you)) (VP (VBP know)))))) (. .) (-DFL- E_S))",218,498.0,504.36
sw03utt/sw_0335_2589.utt,2/sw2589,2589,164,sv,B,60,1,"I think that not only applies inside the public school system,  but in society itself.  /","[ I/PRP ] think/VBP that/DT not/RB only/RB applies/VBZ inside/IN  [ the/DT public/JJ school/NN system/NN ] ,/, but/CC in/IN  [ society/NN ] [ itself/PRP ] ./.","(S (NP-SBJ (PRP I)) (VP (VBP think) (SBAR (-NONE- 0) (S (NP-SBJ (DT that)) (CONJP (RB not) (RB only)) (VP (VBZ applies) (PP (IN inside) (NP (DT the) (JJ public) (NN school) (NN system))) (, ,) (CC but) (PP (IN in) (NP (NP (NN society)) (NP (PRP itself)))))))) (. .) (-DFL- E_S))",220,504.25,508.13
sw03utt/sw_0335_2589.utt,2/sw2589,2589,165,sv,B,60,2,"[ We've been too long, +  there's been too much ] negative reinforcement.  /","[ We/PRP ] 've/VBP been/VBN too/RB long/JJ ,/,  [ there/EX ] 's/HVS been/VBN too/RB  [ much/RB negative/JJ reinforcement/NN ] ./.","(S (EDITED (RM (-DFL- \[)) (S (NP-SBJ (PRP We)) (VP (VBP 've) (VP (VBN been) (ADJP-PRD-UNF (RB too) (JJ long))))) (, ,) (IP (-DFL- \+))) (NP-SBJ (EX there)) (VP (HVS 's) (VP (VBN been) (NP-PRD (RB too) (RB much) (RS (-DFL- \])) (JJ negative) (NN reinforcement)))) (. .) (-DFL- E_S))",221,508.13,511.81
sw03utt/sw_0335_2589.utt,2/sw2589,2589,166,%,B,60,3,"How much, [ da-, + ] like,  the caught being good slips. - /","How/WRB  [ much/JJ ] ,/,  [ da-/XX ] ,/, like/IN ,/,  [ the/DT ] caught/VBN being/VBG  [ good/JJ slips/NNS ] ./.","(X (WHADVP (WRB How) (JJ much)) (, ,) (EDITED (RM (-DFL- \[)) (X (XX da-)) (, ,) (IP (-DFL- \+)) (RS (-DFL- \]))) (PP (IN like) (, ,) (NP (DT the) (S (NP-SBJ-1 (-NONE- *)) (VP (VBN caught) (S (NP-SBJ (-NONE- *-1)) (VP (VBG being) (ADJP-PRD (JJ good)))))) (NNS slips))) (. .) (-DFL- N_S))",222,511.81,517.29
sw03utt/sw_0335_2589.utt,2/sw2589,2589,167,qh,B,60,4,"How about, just the John Q citizen out there on the street? /","How/WRB about/IN ,/, just/RB  [ the/DT John/NNP Q/NNP citizen/NNP ] out/IN there/RB on/IN  [ the/DT street/NN ] ?/.","(FRAG (WHADVP (WRB How)) (PP (IN about) (, ,) (ADVP (RB just)) (NP (NP (DT the) (NNP John) (NNP Q) (NNP citizen)) (PP-LOC (IN out) (ADVP (RB there))) (PP-LOC (IN on) (NP (DT the) (NN street))))) (. ?) (-DFL- E_S))",223,517.29,520.11
sw03utt/sw_0335_2589.utt,2/sw2589,2589,168,aa,A,61,1,"Yeah,  /","Yeah/UH ,/,","(INTJ (UH Yeah) (, ,) (-DFL- E_S))",199,520.24,520.58
sw03utt/sw_0335_2589.utt,2/sw2589,2589,169,aa,A,61,2,"{D well } that's true. <laughter> [ I think, +  I think, ] really though,  /","well/UH that/DT 's/BES true/JJ ./.  [ I/PRP ] think/VBP ,/,  [ I/PRP ] think/VBP ,/, really/RB though/RB ,/,","(S (INTJ (UH well)) (NP-SBJ (DT that)) (VP (BES 's) (ADJP-PRD (JJ true))) (. .))|||(S (EDITED (RM (-DFL- \[)) (S (NP-SBJ (PRP I)) (VP-UNF (VBP think))) (, ,) (IP (-DFL- \+))) (NP-SBJ (PRP I)) (VP (VBP think) (, ,) (RS (-DFL- \])) (SBAR (-NONE- 0) (S (ADVP (RB really)) (ADVP (RB though)) (, ,) (-DFL- E_S) (PRN (S (NP-SBJ (PRP I)) (VP (VBP mean))) (, ,)) (NP-SBJ (DT that)) (VP (BES 's) (NP-PRD (NP (CD one) (NN thing)) (SBAR-UNF (WHNP (WDT that)))))))))",226|||227,521.62,525.3599999999999
sw03utt/sw_0335_2589.utt,2/sw2589,2589,170,sd,A,61,3,"{E I mean, } that's one thing that, {E I mean, } my kids definitely get  spanked when [ they need + they need ] to be spanked.  /","[ I/PRP ] mean/VBP ,/, that/DT  [ 's/BES one/CD thing/NN ] that/WDT ,/,  [ I/PRP ] mean/VBP ,/,  [ my/PRP$ kids/NNS ] definitely/RB get/VBP spanked/VBN when/WRB  [ they/PRP ] need/VBP  [ they/PRP ] need/VBP to/TO be/VB spanked/VBN ./.","(S (EDITED (RM (-DFL- \[)) (S (NP-SBJ (PRP I)) (VP-UNF (VBP think))) (, ,) (IP (-DFL- \+))) (NP-SBJ (PRP I)) (VP (VBP think) (, ,) (RS (-DFL- \])) (SBAR (-NONE- 0) (S (ADVP (RB really)) (ADVP (RB though)) (, ,) (-DFL- E_S) (PRN (S (NP-SBJ (PRP I)) (VP (VBP mean))) (, ,)) (NP-SBJ (DT that)) (VP (BES 's) (NP-PRD (NP (CD one) (NN thing)) (SBAR-UNF (WHNP (WDT that)))))))))|||(S (PRN (, ,) (S (NP-SBJ (PRP I)) (VP (VBP mean))) (, ,)) (NP-SBJ-1 (PRP$ my) (NNS kids)) (ADVP (RB definitely)) (VP (VBP get) (VP (VBN spanked) (NP (-NONE- *-1)) (SBAR-TMP (WHADVP-4 (WRB when)) (S (EDITED (RM (-DFL- \[)) (S (NP-SBJ (PRP they)) (VP-UNF (VBP need))) (IP (-DFL- \+))) (NP-SBJ-2 (PRP they)) (VP (VBP need) (RS (-DFL- \])) (S (NP-SBJ-3 (-NONE- *-2)) (VP (TO to) (VP (VB be) (VP (VBN spanked) (NP (-NONE- *-3)) (ADVP-TMP (-NONE- *T*-4))))))))))) (. .) (-DFL- E_S))",227|||228,525.36,529.88
sw03utt/sw_0335_2589.utt,2/sw2589,2589,171,sd,A,61,4,"{C But } I really do try  to use positive, {F uh, } reinforcement with them at home, also.  /","But/CC  [ I/PRP ] really/RB do/VBP try/VB to/TO use/VB  [ positive/JJ ] ,/,  [ uh/UH ] ,/,  [ reinforcement/NN ] with/IN  [ them/PRP ] at/IN  [ home/NN ] ,/, also/RB ./.","(S (CC But) (NP-SBJ-1 (PRP I)) (ADVP (RB really)) (VP (VBP do) (VP (VB try) (S (NP-SBJ (-NONE- *-1)) (VP (TO to) (VP (VB use) (NP (JJ positive) (, ,) (INTJ (UH uh)) (, ,) (NN reinforcement)) (PP (IN with) (NP (PRP them))) (PP-LOC (IN at) (NP (NN home))) (, ,) (ADVP (RB also))))))) (. .) (-DFL- E_S))",229,530.14,535.56
sw03utt/sw_0335_2589.utt,2/sw2589,2589,172,sd,A,61,5,{C And } it really helps.  /,And/CC  [ it/PRP ] really/RB helps/VBZ ./.,(S (CC And) (NP-SBJ (PRP it)) (ADVP (RB really)) (VP (VBZ helps)) (. .) (-DFL- E_S)),230,535.98,536.98
sw03utt/sw_0335_2589.utt,2/sw2589,2589,173,sd,A,61,6,"{C And } {E I mean, } [ they, + they ] don't get spanked very often,  /","And/CC  [ I/PRP ] mean/VBP ,/,  [ they/PRP ] ,/,  [ they/PRP ] do/VBP n't/RB get/VB spanked/VBN very/RB often/RB ,/,","(S (CC And) (PRN (S (NP-SBJ (PRP I)) (VP (VBP mean))) (, ,)) (EDITED (RM (-DFL- \[)) (NP-SBJ (PRP they)) (, ,) (IP (-DFL- \+))) (NP-SBJ-1 (PRP they)) (RS (-DFL- \])) (VP (VBP do) (RB n't) (VP (VB get) (VP (VBN spanked) (NP (-NONE- *-1)) (ADVP-TMP (RB very) (RB often))))) (, ,) (-DFL- E_S))",231,536.98,539.1600000000001
sw03utt/sw_0335_2589.utt,2/sw2589,2589,174,sd,A,61,7,"{C but } [ they, + they ]  do when they deserve it, {D you know. }  /","but/CC  [ they/PRP ] ,/,  [ they/PRP ] do/VBP when/WRB  [ they/PRP ] deserve/VBP  [ it/PRP ] ,/,  [ you/PRP ] know/VBP ./.","(S (CC but) (EDITED (RM (-DFL- \[)) (NP-SBJ (PRP they)) (, ,) (IP (-DFL- \+))) (NP-SBJ (PRP they)) (RS (-DFL- \])) (VP (VBP do) (SBAR-TMP (WHADVP-1 (WRB when)) (S (NP-SBJ (PRP they)) (VP (VBP deserve) (NP (PRP it)) (ADVP-TMP (-NONE- *T*-1))))) (PRN (, ,) (S (NP-SBJ (PRP you)) (VP (VBP know))))) (. .) (-DFL- E_S))",232,539.16,542.5400000000001
sw03utt/sw_0335_2589.utt,2/sw2589,2589,175,sv,A,61,8,"{C But, }  {F uh, } I don't think any kid  should be exempt from being spanked.  /","But/CC ,/,  [ uh/UH ] ,/,  [ I/PRP ] do/VBP n't/RB think/VB  [ any/DT kid/NN ] should/MD be/VB exempt/JJ from/IN being/VBG spanked/VBN ./.","(S (CC But) (, ,) (INTJ (UH uh)) (, ,) (NP-SBJ (PRP I)) (VP (VBP do) (RB n't) (VP (VB think) (SBAR (-NONE- 0) (S (NP-SBJ-1 (DT any) (NN kid)) (VP (MD should) (VP (VB be) (ADJP-PRD (JJ exempt) (PP (IN from) (S-NOM (NP-SBJ-2 (-NONE- *-1)) (VP (VBG being) (VP (VBN spanked) (NP (-NONE- *-2))))))))))))) (. .) (-DFL- E_S))",233,542.54,546.5999999999999
sw03utt/sw_0335_2589.utt,2/sw2589,2589,176,sd,A,61,9,"<laughter>  {E I mean, } [ I, + I ] think I wouldn't  mind if a teacher spanked my child.  /","[ I/PRP ] mean/VBP ,/,  [ I/PRP ] ,/,  [ I/PRP ] think/VBP  [ I/PRP ] would/MD n't/RB mind/VB if/IN  [ a/DT teacher/NN ] spanked/VBD  [ my/PRP$ child/NN ] ./.","(S (PRN (S (NP-SBJ (PRP I)) (VP (VBP mean))) (, ,)) (EDITED (RM (-DFL- \[)) (NP-SBJ (PRP I)) (, ,) (IP (-DFL- \+))) (NP-SBJ (PRP I)) (RS (-DFL- \])) (VP (VBP think) (SBAR (-NONE- 0) (S (NP-SBJ (PRP I)) (VP (MD would) (RB n't) (VP (VB mind) (SBAR-ADV (IN if) (S (NP-SBJ (DT a) (NN teacher)) (VP (VBD spanked) (NP (PRP$ my) (NN child)))))))))) (. .) (-DFL- E_S))",234,547.22,550.36
sw03utt/sw_0335_2589.utt,2/sw2589,2589,177,sd,A,61,10,"{C But, } {D you know, } that's just my personal opinion,  /","But/CC ,/,  [ you/PRP ] know/VBP ,/,  [ that/DT ] 's/BES just/RB  [ my/PRP$ personal/JJ opinion/NN ] ,/,","(S (CC But) (PRN (, ,) (S (NP-SBJ (PRP you)) (VP (VBP know))) (, ,)) (NP-SBJ (DT that)) (VP (BES 's) (ADVP (RB just)) (NP-PRD (PRP$ my) (JJ personal) (NN opinion))) (, ,) (-DFL- E_S))",235,550.36,553.48
sw03utt/sw_0335_2589.utt,2/sw2589,2589,178,%,A,61,11,"{C and } that's not going to, - /","and/CC  [ that/DT ] 's/BES not/RB going/VBG to/IN ,/,","(S (CC and) (NP-SBJ-1 (DT that)) (VP (BES 's) (RB not) (VP (VBG going) (S (NP-SBJ (-NONE- *-1)) (VP-UNF (IN to))))) (, ,) (-DFL- N_S))",236,553.68,554.66
sw03utt/sw_0335_2589.utt,2/sw2589,2589,179,sv,A,61,12,"{E I mean, } I don't think that law will ever change.  /","[ I/PRP ] mean/VBP ,/,  [ I/PRP ] do/VBP n't/RB think/VB  [ that/DT law/NN ] will/MD ever/RB change/VB ./.","(S (PRN (S (NP-SBJ (PRP I)) (VP (VBP mean))) (, ,)) (NP-SBJ (PRP I)) (VP (VBP do) (RB n't) (VP (VB think) (SBAR (-NONE- 0) (S (NP-SBJ (DT that) (NN law)) (VP (MD will) (ADVP-TMP (RB ever)) (VP (VB change))))))) (. .) (-DFL- E_S))",237,554.66,557.36
sw03utt/sw_0335_2589.utt,2/sw2589,2589,180,sv,A,61,13,"They are never going to let [ a, + a ] teacher spank a child again.  /","[ They/PRP ] are/VBP never/RB going/VBG to/TO let/VB  [ a/DT ] ,/,  [ a/DT teacher/NN ] spank/VB  [ a/DT child/NN ] again/RB ./.","(S (NP-SBJ-1 (PRP They)) (VP (VBP are) (ADVP-TMP (RB never)) (VP (VBG going) (S (NP-SBJ (-NONE- *-1)) (VP (TO to) (VP (VB let) (S (EDITED (RM (-DFL- \[)) (NP-SBJ-UNF (DT a)) (, ,) (IP (-DFL- \+))) (NP-SBJ (DT a) (RS (-DFL- \])) (NN teacher)) (VP (VB spank) (NP (DT a) (NN child)) (ADVP (RB again))))))))) (. .) (-DFL- E_S))",238,557.52,560.24
sw03utt/sw_0335_2589.utt,2/sw2589,2589,181,%,A,61,14,"{C But } I don't think, - /","But/CC  [ I/PRP ] do/VBP n't/RB think/VB ,/,","(S (CC But) (NP-SBJ (PRP I)) (VP (VBP do) (RB n't) (VP-UNF (VB think))) (, ,) (-DFL- N_S))",239,560.78,561.36
sw03utt/sw_0335_2589.utt,2/sw2589,2589,182,sv,A,61,15,"{E I mean, } some kids don't get don't get spanked at home  /","[ I/PRP ] mean/VBP ,/,  [ some/DT kids/NNS ] do/VBP n't/RB get/VB do/VBP n't/RB get/VB spanked/VBN at/IN  [ home/NN ]","(S (PRN (S (NP-SBJ (PRP I)) (VP (VBP mean))) (, ,)) (NP-SBJ-1 (DT some) (NNS kids)) (EDITED (VP (VBP do) (RB n't) (VP-UNF (VB get)))) (VP (VBP do) (RB n't) (VP (VB get) (VP (VBN spanked) (NP (-NONE- *-1)) (PP-LOC (IN at) (NP (NN home)))))) (-DFL- E_S))",240,561.42,563.22
sw03utt/sw_0335_2589.utt,2/sw2589,2589,183,sv,A,61,16,{C and } some  kids need to be spanked at home.  /,and/CC  [ some/DT kids/NNS ] need/VBP to/TO be/VB spanked/VBN at/IN  [ home/NN ] ./.,(S (CC and) (NP-SBJ-1 (DT some) (NNS kids)) (VP (VBP need) (S (NP-SBJ-2 (-NONE- *-1)) (VP (TO to) (VP (VB be) (VP (VBN spanked) (NP (-NONE- *-2)) (PP-LOC (IN at) (NP (NN home)))))))) (. .) (-DFL- E_S)),241,563.22,565.54
sw03utt/sw_0335_2589.utt,2/sw2589,2589,184,qy,A,61,17,"<laughter> {E I mean, } don't you think? /","[ I/PRP ] mean/VBP ,/, do/VBP n't/RB  [ you/PRP ] think/VB ?/.","(SQ (PRN (S (NP-SBJ (PRP I)) (VP (VBP mean))) (, ,)) (VBP do) (RB n't) (NP-SBJ (PRP you)) (VP (VB think) (SBAR (-NONE- *?*))) (. ?) (-DFL- E_S))",242,566.3,569.03
sw03utt/sw_0335_2589.utt,2/sw2589,2589,185,na,B,62,1,"I, [ [ m-, + m-, ] + most ] wholeheartedly agree. /","[ I/PRP ] ,/,  [ m-/RBS ] ,/,  [ m-/RBS ] ,/, most/RBS wholeheartedly/RB agree/VBP ./.","(S (NP-SBJ (PRP I)) (, ,) (EDITED (RM (-DFL- \[)) (EDITED (RM (-DFL- \[)) (ADVP-MNR-UNF (RBS m-)) (, ,) (IP (-DFL- \+))) (ADVP-MNR-UNF (RBS m-)) (, ,) (RS (-DFL- \])) (IP (-DFL- \+))) (ADVP-MNR (RBS most) (RS (-DFL- \])) (RB wholeheartedly)) (VP (VBP agree)) (. .) (-DFL- E_S))",244,568.92,570.9
sw03utt/sw_0335_2589.utt,2/sw2589,2589,186,h,A,63,1,<Laughter>  {C But } I don't know. /,But/CC  [ I/PRP ] do/VBP n't/RB know/VB ./.,(S (CC But) (NP-SBJ (PRP I)) (VP (VBP do) (RB n't) (VP (VB know))) (. .) (-DFL- E_S)),246,571.49,573.69
sw03utt/sw_0335_2589.utt,2/sw2589,2589,187,sv,B,64,1,"{E I mean, } there's a point of over kill,  /","[ I/PRP ] mean/VBP ,/,  [ there/EX ] 's/BES  [ a/DT point/NN ] of/IN over/GW  [ kill/^NN ] ,/,","(S (PRN (S (NP-SBJ (PRP I)) (VP (VBP mean))) (, ,)) (NP-SBJ (EX there)) (VP (BES 's) (NP-PRD (NP (DT a) (NN point)) (PP (IN of) (NP (TYPO (GW over) (^NN kill)))))) (, ,) (-DFL- E_S))",248,573.68,575.78
sw03utt/sw_0335_2589.utt,2/sw2589,2589,188,sv,B,64,2,"{C but }  somewhere [ in, + ] you've got to find an even line. /","but/CC somewhere/RB in/IN ,/,  [ you/PRP ] 've/VBP got/VBN to/TO find/VB  [ an/DT even/JJ line/NN ] ./.","(S (CC but) (ADVP-TMP (RB somewhere)) (EDITED (RM (-DFL- \[)) (PP-UNF (IN in)) (, ,) (IP (-DFL- \+)) (RS (-DFL- \]))) (NP-SBJ-1 (PRP you)) (VP (VBP 've) (VP (VBN got) (S (NP-SBJ (-NONE- *-1)) (VP (TO to) (VP (VB find) (NP (DT an) (JJ even) (NN line))))))) (. .) (-DFL- E_S))",249,575.78,578.44
sw03utt/sw_0335_2589.utt,2/sw2589,2589,189,aa,A,65,1,"Right,  /","Right/UH ,/,","(INTJ (UH Right) (, ,) (-DFL- E_S))",251,578.55,579.05
sw03utt/sw_0335_2589.utt,2/sw2589,2589,190,aa^r,A,65,2,right.  /,right/UH ./.,(INTJ (UH right) (. .) (-DFL- E_S)),252,579.35,579.65
sw03utt/sw_0335_2589.utt,2/sw2589,2589,191,sv(^q),A,65,3,"{D Well, } there's so many parents  that say, you can deal with a child without spanking them.  Which is true, you can.  /","Well/UH ,/,  [ there/EX ] 's/BES  [ so/RB many/JJ parents/NNS ] [ that/WDT ] say/VBP ,/,  [ you/PRP ] can/MD deal/VB with/IN  [ a/DT child/NN ] without/IN  [ spanking/VBG ] [ them/PRP ] ./.  [ Which/WDT ] is/VBZ true/JJ ,/,  [ you/PRP ] can/MD ./.","(S (INTJ (UH Well)) (, ,) (NP-SBJ (EX there)) (VP (BES 's) (NP-PRD (NP (ADJP (RB so) (JJ many)) (NNS parents)) (SBAR (WHNP-1 (WDT that)) (S (NP-SBJ (-NONE- *T*-1)) (VP (VBP say) (, ,) (SBAR (-NONE- 0) (S (NP-SBJ-2 (PRP you)) (VP (VP (MD can) (VP (VB deal) (PP (IN with) (NP (DT a) (NN child))) (PP (IN without) (S-NOM (NP-SBJ (-NONE- *-2)) (VP (VBG spanking) (NP (PRP them))))))) (. .) (SBAR (WHNP-3 (WDT Which)) (S (NP-SBJ (-NONE- *T*-3)) (VP (VBZ is) (ADJP-PRD (JJ true))))))))))))) (, ,))|||(S (NP-SBJ (PRP you)) (VP (MD can) (VP (-NONE- *?*))) (. .) (-DFL- E_S))",253|||254,579.65,585.97
sw03utt/sw_0335_2589.utt,2/sw2589,2589,192,sv,A,65,4,{C But } there are times when a child needs to be spanked.  /,But/CC  [ there/EX ] are/VBP  [ times/NNS ] when/WRB  [ a/DT child/NN ] needs/VBZ to/TO be/VB spanked/VBN ./.,(S (CC But) (NP-SBJ (EX there)) (VP (VBP are) (NP-PRD (NP (NNS times)) (SBAR (WHADVP-3 (WRB when)) (S (NP-SBJ-1 (DT a) (NN child)) (VP (VBZ needs) (S (NP-SBJ-2 (-NONE- *-1)) (VP (TO to) (VP (VB be) (VP (VBN spanked) (NP (-NONE- *-2)) (ADVP-TMP (-NONE- *T*-3))))))))))) (. .) (-DFL- E_S)),255,586.27,589.43
sw03utt/sw_0335_2589.utt,2/sw2589,2589,193,sv,A,65,5,"{E I mean, } they do things  that they need that. /","[ I/PRP ] mean/VBP ,/,  [ they/PRP ] do/VBP  [ things/NNS ] that/WDT  [ they/PRP ] need/VBP  [ that/DT ] ./.","(S (PRN (S (NP-SBJ (PRP I)) (VP (VBP mean))) (, ,)) (NP-SBJ (PRP they)) (VP (VBP do) (NP (NNS things)) (SBAR-ADV (WDT that) (S (NP-SBJ (PRP they)) (VP (VBP need) (NP (DT that)))))) (. .) (-DFL- E_S))",256,589.43,591.91
sw03utt/sw_0335_2589.utt,2/sw2589,2589,194,sv,B,66,1,"Need that shock effect, where they equate the shock of  being spanked with the actions they did to get spanked. /","Need/VBP  [ that/DT shock/NN effect/NN ] ,/, where/WRB  [ they/PRP ] equate/VBP  [ the/DT shock/NN ] of/IN being/VBG spanked/VBN with/IN  [ the/DT actions/NNS they/PRP ] did/VBD to/TO get/VB spanked/VBN ./.","(S (NP-SBJ (-NONE- *)) (VP (VBP Need) (NP (NP (DT that) (NN shock) (NN effect)) (, ,) (SBAR (WHADVP-5 (WRB where)) (S (NP-SBJ-2 (PRP they)) (VP (VBP equate) (NP (NP (DT the) (NN shock)) (PP (IN of) (S-NOM (NP-SBJ-1 (-NONE- *-2)) (VP (VBG being) (VP (VBN spanked) (NP (-NONE- *-1))))))) (PP (IN with) (NP (NP (DT the) (NNS actions)) (SBAR (WHNP-3 (-NONE- 0)) (S (NP-SBJ (PRP they)) (VP (VBD did) (S-PRP (NP-SBJ-4 (-NONE- *T*-3)) (VP (TO to) (VP (VB get) (VP (VBN spanked) (NP (-NONE- *-4))))))))))) (ADVP (-NONE- *T*-5))))))) (. .) (-DFL- E_S))",258,592.36,599.3199999999999
sw03utt/sw_0335_2589.utt,2/sw2589,2589,195,b,A,67,1,Right.  <<Tape ends with no further conversation.>> /,[ Right/UH ] ./.,(INTJ (UH Right) (. .) (-DFL- E_S)),260,599.43,599.8299999999999
