swda_filename,ptb_basename,conversation_no,transcript_index,act_tag,caller,utterance_index,subutterance_index,text,pos,trees,ptb_treenumbers,start_ts,end_ts
sw00utt/sw_0066_2593.utt,2/sw2593,2593,0,sd,A,1,1,"{D So, } [ the, + the ] topic is hobbies <laughter>. /","So/UH ,/,  [ the/DT ] ,/,  [ the/DT topic/NN ] is/VBZ  [ hobbies/NNS ] ./.","(S (INTJ (UH So)) (, ,) (EDITED (RM (-DFL- \[)) (NP-UNF-SBJ (DT the)) (, ,) (IP (-DFL- \+))) (NP-SBJ (DT the) (RS (-DFL- \])) (NN topic)) (VP (VBZ is) (NP-PRD (NNS hobbies))) (. .) (-DFL- E_S))",1,1.18,2.9
sw00utt/sw_0066_2593.utt,2/sw2593,2593,1,^2,B,2,1,In your spare time. /,In/IN  [ your/PRP$ spare/JJ time/NN ] ./.,(PP (IN In) (NP (PRP$ your) (JJ spare) (NN time)) (. .) (-DFL- E_S)),3,3.32,4.9
sw00utt/sw_0066_2593.utt,2/sw2593,2593,2,b,A,3,1,Yeah.  /,Yeah/UH ./.,(INTJ (UH Yeah) (. .) (-DFL- E_S)),5,4.98,5.28
sw00utt/sw_0066_2593.utt,2/sw2593,2593,3,qh,A,3,2,Who has spare time <laughter>? /,[ Who/WP ] has/VBZ  [ spare/JJ time/NN ] ?/.,(SBARQ (WHNP-1 (WP Who)) (SQ (NP-SBJ (-NONE- *T*-1)) (VP (VBZ has) (NP (JJ spare) (NN time)))) (. ?) (-DFL- E_S)),6,5.84,6.68
sw00utt/sw_0066_2593.utt,2/sw2593.pos,2593,4,x,B,4,1,<Laughter>.,./.,,,0.0,0.0
sw00utt/sw_0066_2593.utt,2/sw2593,2593,5,sd,A,5,1,"{F Um, } I [ don't really, + don't really ] do any handicraft things like that.  /","[ Um/UH ] ,/,  [ I/PRP ] do/VBP n't/RB really/RB ,/, do/VBP n't/RB really/RB do/VB  [ any/DT handicraft/NN things/NNS ] like/IN  [ that/DT ] ./.","(S (INTJ (UH Um)) (, ,) (NP-SBJ (PRP I)) (EDITED (RM (-DFL- \[)) (VP-UNF (VBP do) (RB n't) (ADVP (RB really))) (, ,) (IP (-DFL- \+))) (VP (VBP do) (RB n't) (ADVP (RB really)) (RS (-DFL- \])) (VP (VB do) (NP (NP (DT any) (NN handicraft) (NNS things)) (PP (IN like) (NP (DT that)))))) (. .) (-DFL- E_S))",9,8.04,11.9
sw00utt/sw_0066_2593.utt,2/sw2593,2593,6,sd,A,5,2,"[ I used to. + I used to ] do, {D like } salt ornaments and things. /","[ I/PRP ] used/VBD to/TO ./.  [ I/PRP ] used/VBD to/TO do/VB ,/, like/IN  [ salt/NN ornaments/NNS ] and/CC  [ things/NNS ] ./.","(S (RM (-DFL- \[)) (NP-SBJ-2 (PRP I)) (VP (VBD used) (S (NP-SBJ (-NONE- *-2)) (VP (TO to) (VP (-NONE- *?*))))) (. .) (IP (-DFL- \+)))|||(S (NP-SBJ-1 (PRP I)) (VP (VBD used) (S (NP-SBJ (-NONE- *-1)) (VP (TO to) (RS (-DFL- \])) (VP (VB do) (, ,) (INTJ (UH like)) (NP (NP (NN salt) (NNS ornaments)) (CC and) (NP (NNS things))))))) (. .) (-DFL- E_S))",10|||11,11.9,15.0
sw00utt/sw_0066_2593.utt,2/sw2593,2593,7,b,B,6,1,Uh-huh. /,[ Uh-huh/UH ] ./.,(INTJ (UH Uh-huh) (. .) (-DFL- E_S)),13,14.94,15.42
sw00utt/sw_0066_2593.utt,2/sw2593,2593,8,sd,A,7,1,"{C But } that was, {F oh, } good [ many, + many ] years ago  /","But/CC  [ that/DT ] was/VBD ,/, oh/UH ,/,  [ good/JJ many/JJ ] ,/,  [ many/JJ years/NNS ] ago/RB","(S (CC But) (NP-SBJ (DT that)) (VP (VBD was) (, ,) (INTJ (UH oh)) (, ,) (ADVP-TMP-PRD (NP (ADJP (JJ good) (EDITED (RM (-DFL- \[)) (JJ many) (, ,) (IP (-DFL- \+))) (JJ many) (RS (-DFL- \]))) (NNS years)) (RB ago))) (-DFL- E_S))",15,15.72,18.26
sw00utt/sw_0066_2593.utt,2/sw2593,2593,9,%,A,7,2,{C and } --,and/CC --/:,"(S (NP-SBJ-1 (PRP I)) (VP (VBD used) (S (NP-SBJ (-NONE- *-1)) (VP (TO to) (RS (-DFL- \])) (VP (VB do) (, ,) (INTJ (UH like)) (NP (NP (NN salt) (NNS ornaments)) (CC and) (NP (NNS things))))))) (. .) (-DFL- E_S))",11,18.26,18.400000000000002
sw00utt/sw_0066_2593.utt,2/sw2593,2593,10,b,B,8,1,Yeah. /,Yeah/UH ./.,(INTJ (UH Yeah) (. .) (-DFL- E_S)),5,18.34,18.44
sw00utt/sw_0066_2593.utt,2/sw2593,2593,11,+,A,9,1,"-- [ [ I have, + I really, ] + my spare time ] - /","--/:  [ I/PRP ] have/VBP ,/,  [ I/PRP ] really/RB ,/,  [ my/PRP$ spare/JJ time/NN ]","(S-UNF (CC and) (RM (-DFL- \[)) (EDITED (RM (-DFL- \[)) (S (NP-SBJ (PRP I)) (VP-UNF (VBP have))) (, ,) (IP (-DFL- \+))) (NP-SBJ (PRP I)) (ADVP (RB really)) (, ,) (RS (-DFL- \])) (IP (-DFL- \+)))|||(NP (PRP$ my) (JJ spare) (NN time) (RS (-DFL- \])) (-DFL- N_S))",16|||17,18.82,21.42
sw00utt/sw_0066_2593.utt,2/sw2593,2593,12,sd,A,9,2,"I <noise> usually go do aerobics and read,  /","[ I/PRP ] usually/RB go/VBP do/VB  [ aerobics/NNS ] and/CC read/VB ,/,","(S (NP-SBJ-1 (PRP I)) (ADVP-TMP (RB usually)) (VP (VBP go) (S (NP-SBJ (-NONE- *-1)) (VP (VP (VB do) (NP (NNS aerobics))) (CC and) (VP (VB read))))) (, ,) (-DFL- E_S))",21,21.42,24.52
sw00utt/sw_0066_2593.utt,2/sw2593,2593,13,sd,A,9,3,"{C and } that's,","and/CC  [ that/DT ] 's/BES ,/,","(S (CC and) (NP-SBJ (DT that)) (VP (BES 's) (, ,) (ADVP (RB about)) (NP-PRD (PRP it))) (. .) (-DFL- E_S))",22,24.54,24.98
sw00utt/sw_0066_2593.utt,2/sw2593,2593,14,b^r,B,10,1,# Yeah. # /,Yeah/UH ./.,(INTJ (UH Yeah) (. .) (-DFL- E_S)),5,24.92,25.200000000000003
sw00utt/sw_0066_2593.utt,2/sw2593,2593,15,+,A,11,1,# about # it <breathing>. /,about/RB  [ it/PRP ] ./.,"(S (CC and) (NP-SBJ (DT that)) (VP (BES 's) (, ,) (ADVP (RB about)) (NP-PRD (PRP it))) (. .) (-DFL- E_S))",22,25.28,25.46
sw00utt/sw_0066_2593.utt,2/sw2593,2593,16,b^r,B,12,1,Yeah.  /,Yeah/UH ./.,(INTJ (UH Yeah) (. .) (-DFL- E_S)),5,25.68,25.9
sw00utt/sw_0066_2593.utt,2/sw2593,2593,17,sd,B,12,2,I understood that.  /,[ I/PRP ] understood/VBD  [ that/DT ] ./.,(S (NP-SBJ (PRP I)) (VP (VBD understood) (NP (DT that))) (. .) (-DFL- E_S)),28,26.44,27.299999999999997
sw00utt/sw_0066_2593.utt,2/sw2593,2593,18,sd,B,12,3,"[ I'm, + <noise> {D you know, } I work ] full time  /","[ I/PRP ] 'm/VBP ,/,  [ you/PRP ] know/VBP ,/,  [ I/PRP ] work/VBP  [ full/GW time/^RB ]","(S (EDITED (RM (-DFL- \[)) (S (NP-SBJ (PRP I)) (VP-UNF (VBP 'm))) (, ,) (IP (-DFL- \+))) (PRN (S (NP-SBJ (PRP you)) (VP (VBP know))) (, ,)) (NP-SBJ (PRP I)) (VP (VBP work) (RS (-DFL- \])) (ADVP-MNR (GW full) (^RB time))) (-DFL- E_S))",29,27.3,29.630000000000003
sw00utt/sw_0066_2593.utt,2/sw2593,2593,19,sd,B,12,4,{C and } I have two kids <lipsmack>  /,and/CC  [ I/PRP ] have/VBP  [ two/CD kids/NNS ],(S (CC and) (NP-SBJ (PRP I)) (VP (VBP have) (NP (CD two) (NNS kids))) (-DFL- E_S)),30,29.63,30.71
sw00utt/sw_0066_2593.utt,2/sw2593,2593,20,sd,B,12,5,{C so } my spare time usually </noise> involves something with the kids. /,[ so/RB my/PRP$ spare/JJ time/NN ] usually/RB involves/VBZ  [ something/NN ] with/IN  [ the/DT kids/NNS ] ./.,(S (RB so) (NP-SBJ (PRP$ my) (JJ spare) (NN time)) (ADVP-TMP (RB usually)) (VP (VBZ involves) (NP (NP (NN something)) (PP (IN with) (NP (DT the) (NNS kids))))) (. .) (-DFL- E_S)),31,30.71,34.57
sw00utt/sw_0066_2593.utt,2/sw2593,2593,21,b,A,13,1,Yeah. /,Yeah/UH ./.,(INTJ (UH Yeah) (. .) (-DFL- E_S)),5,34.63,35.010000000000005
sw00utt/sw_0066_2593.utt,2/sw2593,2593,22,%,B,14,1,"{D You know, } hobbies, - /","[ You/PRP ] know/VBP ,/,  [ hobbies/NNS ] ,/,","(FRAG (PRN (S (NP-SBJ (PRP You)) (VP (VBP know))) (, ,)) (NP (NNS hobbies)) (, ,) (-DFL- N_S))",35,35.33,36.849999999999994
sw00utt/sw_0066_2593.utt,2/sw2593,2593,23,sd,B,14,2,"[ [ we, + I, ] + I ] can't really say that we have hobbies.  /","[ we/PRP ] ,/,  [ I/PRP ] ,/,  [ I/PRP ] ca/MD n't/RB really/RB say/VB that/IN  [ we/PRP ] have/VBP  [ hobbies/NNS ] ./.","(S (EDITED (RM (-DFL- \[)) (EDITED (RM (-DFL- \[)) (NP-SBJ (PRP we)) (, ,) (IP (-DFL- \+))) (NP-SBJ (PRP I)) (, ,) (RS (-DFL- \])) (IP (-DFL- \+))) (NP-SBJ (PRP I)) (RS (-DFL- \])) (VP (MD ca) (RB n't) (ADVP (RB really)) (VP (VB say) (SBAR (IN that) (S (NP-SBJ (PRP we)) (VP (VBP have) (NP (NNS hobbies))))))) (. .) (-DFL- E_S))",36,36.85,40.22
sw00utt/sw_0066_2593.utt,2/sw2593,2593,24,sd,B,14,3,It's more like maybe <noise> projects or something on the weekend.  /,[ It/PRP ] 's/BES more/JJR like/IN maybe/RB  [ projects/NNS ] or/CC  [ something/NN ] on/IN  [ the/DT weekend/NN ] ./.,(S (NP-SBJ (PRP It)) (VP (BES 's) (PP-PRD (ADVP (JJR more)) (IN like) (NP (ADVP (RB maybe)) (NP (NNS projects)) (CC or) (NP (NN something)))) (PP-TMP (IN on) (NP (DT the) (NN weekend)))) (. .) (-DFL- E_S)),37,40.22,44.8
sw00utt/sw_0066_2593.utt,2/sw2593,2593,25,sd,B,14,4,"<noise> {D You know, } we like to [ go out + <<pause>>,","[ You/PRP ] know/VBP ,/,  [ we/PRP ] like/VBP to/TO go/VB out/RB ,/,","(S (PRN (S (NP-SBJ (PRP You)) (VP (VBP know))) (, ,)) (NP-SBJ-1 (PRP we)) (VP (VBP like) (S (NP-SBJ (-NONE- *-1)) (VP (TO to) (EDITED (RM (-DFL- \[)) (VP-UNF (VB go) (ADVP-DIR (RB out))) (IP (-DFL- \+))) (, ,) (VP (VB go) (ADVP-DIR (RB out)))))) (, ,) (RS (-DFL- \])) (-DFL- E_S))",38,45.4,46.54
sw00utt/sw_0066_2593.utt,2/sw2593,2593,26,b^r,A,15,1,"# Yeah, # /","Yeah/UH ,/,","(INTJ (UH Yeah) (, ,) (-DFL- E_S))",40,48.2,48.36
sw00utt/sw_0066_2593.utt,2/sw2593,2593,27,+,B,16,1,"# go # out, ] /","go/VB out/RB ,/,","(S (PRN (S (NP-SBJ (PRP You)) (VP (VBP know))) (, ,)) (NP-SBJ-1 (PRP we)) (VP (VBP like) (S (NP-SBJ (-NONE- *-1)) (VP (TO to) (EDITED (RM (-DFL- \[)) (VP-UNF (VB go) (ADVP-DIR (RB out))) (IP (-DFL- \+))) (, ,) (VP (VB go) (ADVP-DIR (RB out)))))) (, ,) (RS (-DFL- \])) (-DFL- E_S))",38,48.3,48.4
sw00utt/sw_0066_2593.utt,2/sw2593,2593,28,%,A,17,1,family.  /,[ family/NN ] ./.,(NP (NN family) (. .) (-DFL- E_S)),43,48.46,48.9
sw00utt/sw_0066_2593.utt,2/sw2593,2593,29,sd,A,17,2,"{D Well, } {D well, } that's what I meant by salt that [ we, + <noise> we ] did that like as a family, little ornaments and,","Well/UH ,/, well/UH ,/,  [ that/DT ] 's/BES  [ what/WP ] [ I/PRP ] meant/VBD by/IN  [ salt/NN ] that/IN  [ we/PRP ] ,/,  [ we/PRP ] did/VBD that/DT like/UH as/IN  [ a/DT family/NN ] ,/,  [ little/JJ ornaments/NNS ] and/CC ,/,","(S (INTJ (UH Well)) (, ,) (INTJ (UH well)) (, ,) (NP-SBJ (DT that)) (VP (BES 's) (SBAR-NOM-PRD (WHNP-1 (WP what)) (S (NP-SBJ (PRP I)) (VP (VBD meant) (NP (-NONE- *T*-1)) (PP (IN by) (NP (NN salt)))))) (SBAR (IN that) (S (EDITED (RM (-DFL- \[)) (NP-SBJ (PRP we)) (, ,) (IP (-DFL- \+))) (NP-SBJ-2 (PRP we)) (RS (-DFL- \])) (VP (VP (VBD did) (NP (DT that)) (INTJ (UH like)) (PP (IN as) (NP (DT a) (NN family))) (, ,) (NP-TPC (NP (JJ little) (NNS ornaments)) (CC and) (, ,) (NP (NP (NNS things)) (PP (IN like) (NP (DT that)))))) (, ,) (CC and) (VP (ADVP (RB just)) (ADVP (RB kind) (RB of)) (ADVP (RB really)) (VBD got) (PP (IN into) (NP (PRP it))) (. .) (INTJ (UH Like)) (PP-TMP (IN during) (NP (DT the) (NNP Christmas) (NN season)))) (, ,) (S-ADV (NP-SBJ (-NONE- *-2)) (VP (VP (VBG making) (NP (PRP them)) (PRT (RP up)) (PP (IN for) (NP (JJ other) (NNS people)))) (CC and) (NP-ETC (NP (NNS things)) (PP (IN like) (NP (DT that)))))))))) (. .) (-DFL- E_S))",44,49.18,53.8
sw00utt/sw_0066_2593.utt,2/sw2593,2593,30,b,B,18,1,Oh.  /,Oh/UH ./.,(INTJ (UH Oh) (. .) (-DFL- E_S)),46,53.74,53.940000000000005
sw00utt/sw_0066_2593.utt,2/sw2593,2593,31,b,B,18,2,Uh-huh. /,[ Uh-huh/UH ] ./.,(INTJ (UH Uh-huh) (. .) (-DFL- E_S)),13,53.94,54.08
sw00utt/sw_0066_2593.utt,2/sw2593,2593,32,+,A,19,1,"things like that, and just kind of really got into it. {D Like } during the Christmas season,","[ things/NNS ] like/IN  [ that/DT ] ,/, and/CC just/RB  [ kind/RB ] of/RB really/RB got/VBD into/IN  [ it/PRP ] ./.  Like/IN during/IN  [ the/DT Christmas/NNP season/NN ] ,/,","(S (INTJ (UH Well)) (, ,) (INTJ (UH well)) (, ,) (NP-SBJ (DT that)) (VP (BES 's) (SBAR-NOM-PRD (WHNP-1 (WP what)) (S (NP-SBJ (PRP I)) (VP (VBD meant) (NP (-NONE- *T*-1)) (PP (IN by) (NP (NN salt)))))) (SBAR (IN that) (S (EDITED (RM (-DFL- \[)) (NP-SBJ (PRP we)) (, ,) (IP (-DFL- \+))) (NP-SBJ-2 (PRP we)) (RS (-DFL- \])) (VP (VP (VBD did) (NP (DT that)) (INTJ (UH like)) (PP (IN as) (NP (DT a) (NN family))) (, ,) (NP-TPC (NP (JJ little) (NNS ornaments)) (CC and) (, ,) (NP (NP (NNS things)) (PP (IN like) (NP (DT that)))))) (, ,) (CC and) (VP (ADVP (RB just)) (ADVP (RB kind) (RB of)) (ADVP (RB really)) (VBD got) (PP (IN into) (NP (PRP it))) (. .) (INTJ (UH Like)) (PP-TMP (IN during) (NP (DT the) (NNP Christmas) (NN season)))) (, ,) (S-ADV (NP-SBJ (-NONE- *-2)) (VP (VP (VBG making) (NP (PRP them)) (PRT (RP up)) (PP (IN for) (NP (JJ other) (NNS people)))) (CC and) (NP-ETC (NP (NNS things)) (PP (IN like) (NP (DT that)))))))))) (. .) (-DFL- E_S))",44,54.14,58.78
sw00utt/sw_0066_2593.utt,2/sw2593,2593,33,b,B,20,1,Right. /,[ Right/UH ] ./.,(INTJ (UH Right) (. .) (-DFL- E_S)),50,58.74,59.02
sw00utt/sw_0066_2593.utt,2/sw2593,2593,34,+,A,21,1,making them up for other people and things like that.  /,making/VBG  [ them/PRP ] up/RP for/IN  [ other/JJ people/NNS ] and/CC  [ things/NNS ] like/IN  [ that/DT ] ./.,"(S (INTJ (UH Well)) (, ,) (INTJ (UH well)) (, ,) (NP-SBJ (DT that)) (VP (BES 's) (SBAR-NOM-PRD (WHNP-1 (WP what)) (S (NP-SBJ (PRP I)) (VP (VBD meant) (NP (-NONE- *T*-1)) (PP (IN by) (NP (NN salt)))))) (SBAR (IN that) (S (EDITED (RM (-DFL- \[)) (NP-SBJ (PRP we)) (, ,) (IP (-DFL- \+))) (NP-SBJ-2 (PRP we)) (RS (-DFL- \])) (VP (VP (VBD did) (NP (DT that)) (INTJ (UH like)) (PP (IN as) (NP (DT a) (NN family))) (, ,) (NP-TPC (NP (JJ little) (NNS ornaments)) (CC and) (, ,) (NP (NP (NNS things)) (PP (IN like) (NP (DT that)))))) (, ,) (CC and) (VP (ADVP (RB just)) (ADVP (RB kind) (RB of)) (ADVP (RB really)) (VBD got) (PP (IN into) (NP (PRP it))) (. .) (INTJ (UH Like)) (PP-TMP (IN during) (NP (DT the) (NNP Christmas) (NN season)))) (, ,) (S-ADV (NP-SBJ (-NONE- *-2)) (VP (VP (VBG making) (NP (PRP them)) (PRT (RP up)) (PP (IN for) (NP (JJ other) (NNS people)))) (CC and) (NP-ETC (NP (NNS things)) (PP (IN like) (NP (DT that)))))))))) (. .) (-DFL- E_S))",44,59.08,61.56
sw00utt/sw_0066_2593.utt,2/sw2593,2593,35,%,A,21,2,{C But } --,But/CC --/:,"(S-UNF (CC But) (ADVP (ADVP (RB as) (RB far)) (PP-UNF (IN as))) (, ,) (-DFL- N_S))",52,61.56,61.78
sw00utt/sw_0066_2593.utt,2/sw2593,2593,36,b,B,22,1,Uh-huh. /,[ Uh-huh/UH ] ./.,(INTJ (UH Uh-huh) (. .) (-DFL- E_S)),47,62.16,62.379999999999995
sw00utt/sw_0066_2593.utt,2/sw2593,2593,37,+,A,23,1,"-- as far as, - /","--/: as/RB far/RB as/IN ,/,","(S-UNF (CC But) (ADVP (ADVP (RB as) (RB far)) (PP-UNF (IN as))) (, ,) (-DFL- N_S))",52,62.44,63.099999999999994
sw00utt/sw_0066_2593.utt,2/sw2593,2593,38,sd,A,23,2,"I've just never been very skilled at,","[ I/PRP ] 've/VBP just/RB never/RB been/VBN very/RB skilled/JJ at/IN ,/,","(S (NP-SBJ (PRP I)) (VP (VBP 've) (ADVP (RB just)) (ADVP-TMP (RB never)) (VP (VBN been) (ADJP-PRD (RB very) (JJ skilled) (PP (IN at) (, ,) (X (RB far)) (PRN (, ,) (S (NP-SBJ (PRP you)) (VP (VBP know))) (, ,)) (NP (NN needle) (, ,) (NN work) (NNS cloths)))))) (. .) (-DFL- E_S))",56,63.3,65.5
sw00utt/sw_0066_2593.utt,2/sw2593,2593,39,x,B,24,1,# (( )). #,[ MUMBLEx/XX ] ./.,(X (XX MUMBLEx) (. .)),58,0.0,0.0
sw00utt/sw_0066_2593.utt,2/sw2593,2593,40,+,A,25,1,"# far, {D you # know, } needle,","far/RB ,/,  [ you/PRP ] know/VBP ,/, needle/NN ,/,","(S (NP-SBJ (PRP I)) (VP (VBP 've) (ADVP (RB just)) (ADVP-TMP (RB never)) (VP (VBN been) (ADJP-PRD (RB very) (JJ skilled) (PP (IN at) (, ,) (X (RB far)) (PRN (, ,) (S (NP-SBJ (PRP you)) (VP (VBP know))) (, ,)) (NP (NN needle) (, ,) (NN work) (NNS cloths)))))) (. .) (-DFL- E_S))",56,65.5,67.03999999999999
sw00utt/sw_0066_2593.utt,2/sw2593,2593,41,b,B,26,1,Uh-huh. /,[ Uh-huh/UH ] ./.,(INTJ (UH Uh-huh) (. .) (-DFL- E_S)),47,66.98,67.18
sw00utt/sw_0066_2593.utt,2/sw2593,2593,42,+,A,27,1,work </noise> ((cloths)).  /,[ work/NN cloths/NNS ] ./.,"(S (NP-SBJ (PRP I)) (VP (VBP 've) (ADVP (RB just)) (ADVP-TMP (RB never)) (VP (VBN been) (ADJP-PRD (RB very) (JJ skilled) (PP (IN at) (, ,) (X (RB far)) (PRN (, ,) (S (NP-SBJ (PRP you)) (VP (VBP know))) (, ,)) (NP (NN needle) (, ,) (NN work) (NNS cloths)))))) (. .) (-DFL- E_S))",56,67.24,68.06
sw00utt/sw_0066_2593.utt,2/sw2593,2593,43,sd,A,27,2,"{C And } the things I've tried to do just don't look very good <laughter>, /","And/CC  [ the/DT things/NNS I/PRP ] 've/VBP tried/VBN to/TO do/VB just/RB do/VBP n't/RB look/VB very/RB good/JJ ,/,","(S (CC And) (NP-SBJ (NP (DT the) (NNS things)) (SBAR (WHNP-2 (-NONE- 0)) (S (NP-SBJ-1 (PRP I)) (VP (VBP 've) (VP (VBN tried) (S (NP-SBJ (-NONE- *-1)) (VP (TO to) (VP (VB do) (NP (-NONE- *T*-2)))))))))) (ADVP (RB just)) (VP (VBP do) (RB n't) (VP (VB look) (ADJP-PRD (RB very) (JJ good)))) (, ,) (-DFL- E_S))",63,68.06,70.84
sw00utt/sw_0066_2593.utt,2/sw2593.pos,2593,44,x,B,28,1,<Laughter>.,./.,,,0.0,0.0
sw00utt/sw_0066_2593.utt,2/sw2593,2593,45,%,A,29,1,"{C and, } -/","and/CC ,/,","(S-UNF (CC and) (, ,) (-DFL- N_S))",66,70.96,71.36
sw00utt/sw_0066_2593.utt,2/sw2593,2593,46,sd,B,30,1,"[ I, + I ] guess mostly as far [ as, + as ] <noise> crafts go, I've done, {F um, } <lipsmack> some needlepoint.  /","[ I/PRP ] ,/,  [ I/PRP ] guess/VBP mostly/RB as/RB far/RB as/IN ,/, as/IN  [ crafts/NNS ] go/VBP ,/,  [ I/PRP ] 've/VBP done/VBN ,/, um/UH ,/,  [ some/DT needlepoint/NN ] ./.","(S (EDITED (RM (-DFL- \[)) (NP-SBJ (PRP I)) (, ,) (IP (-DFL- \+))) (NP-SBJ (PRP I)) (RS (-DFL- \])) (VP (VBP guess) (SBAR (-NONE- 0) (S (ADVP (RB mostly)) (ADVP (ADVP (RB as) (RB far)) (EDITED (RM (-DFL- \[)) (SBAR-UNF (IN as)) (, ,) (IP (-DFL- \+))) (SBAR (IN as) (RS (-DFL- \])) (S (NP-SBJ (NNS crafts)) (VP (VBP go))))) (, ,) (NP-SBJ (PRP I)) (VP (VBP 've) (VP (VBN done) (, ,) (INTJ (UH um)) (, ,) (NP (DT some) (NN needlepoint))))))) (. .) (-DFL- E_S))",68,71.78,77.24
sw00utt/sw_0066_2593.utt,2/sw2593,2593,47,sd,B,30,2,I've done mostly cross stitching.  /,[ I/PRP ] 've/VBP done/VBN mostly/RB  [ cross/NN stitching/NN ] ./.,(S (NP-SBJ (PRP I)) (VP (VBP 've) (VP (VBN done) (ADVP (RB mostly)) (NP (NN cross) (NN stitching)))) (. .) (-DFL- E_S)),69,77.24,78.91999999999999
sw00utt/sw_0066_2593.utt,2/sw2593,2593,48,sd,B,30,3,"I used to, {F uh, } do {D like, } {F um, } - /","[ I/PRP ] used/VBD to/TO ,/,  [ uh/UH ] ,/, do/VB like/IN ,/, um/UH ,/,","(S (NP-SBJ-1 (PRP I)) (VP (VBD used) (S (NP-SBJ (-NONE- *-1)) (VP (TO to) (, ,) (INTJ (UH uh)) (, ,) (VP-UNF (VB do) (INTJ (UH like)) (, ,) (INTJ (UH um)))))) (, ,) (-DFL- N_S))",70,78.92,82.22
sw00utt/sw_0066_2593.utt,2/sw2593,2593,49,sd,B,30,4,"one that I did for both kids are {D like, } {F oh, } <breathing> - /","[ one/CD ] that/WDT  [ I/PRP ] did/VBD for/IN  [ both/DT ] [ kids/NNS ] are/VBP like/IN ,/, oh/UH ,/,","(S (NP-SBJ (NP (CD one)) (SBAR (WHNP-1 (WDT that)) (S (NP-SBJ (PRP I)) (VP (VBD did) (NP (-NONE- *T*-1)) (PP (IN for) (NP (DT both) (NNS kids))))))) (VP-UNF (VBP are) (INTJ (UH like)) (, ,) (INTJ (UH oh))) (, ,) (-DFL- N_S))",71,83.66,87.0
sw00utt/sw_0066_2593.utt,2/sw2593,2593,50,sd,B,30,5,"they're plaques <noise> with, {D you know, } different kind of animals  /","[ they/PRP ] 're/VBP  [ plaques/NNS ] with/IN ,/,  [ you/PRP ] know/VBP ,/,  [ different/JJ kind/NN ] of/IN  [ animals/NNS ]","(S (NP-SBJ (PRP they)) (VP (VBP 're) (NP-PRD (NP (NNS plaques)) (PP (IN with) (PRN (, ,) (S (NP-SBJ (PRP you)) (VP (VBP know))) (, ,)) (NP (NP (JJ different) (NN kind)) (PP (IN of) (NP (NNS animals))))))) (-DFL- E_S))",72,87.46,90.92
sw00utt/sw_0066_2593.utt,2/sw2593,2593,51,sd,B,30,6,"{C and then } you have their birth date on them, /","and/CC then/RB  [ you/PRP ] have/VBP  [ their/PRP$ birth/NN date/NN ] on/IN  [ them/PRP ] ,/,","(S (CONJP (CC and) (RB then)) (NP-SBJ (PRP you)) (VP (VBP have) (NP (PRP$ their) (NN birth) (NN date)) (PP-LOC (IN on) (NP (PRP them)))) (, ,) (-DFL- E_S))",73,90.92,92.46000000000001
sw00utt/sw_0066_2593.utt,2/sw2593,2593,52,b,A,31,1,Yeah. /,Yeah/UH ./.,(INTJ (UH Yeah) (. .) (-DFL- E_S)),75,92.49,92.57
sw00utt/sw_0066_2593.utt,2/sw2593,2593,53,sd,B,32,1,{C and then } you have a little picture of them  /,and/CC then/RB  [ you/PRP ] have/VBP  [ a/DT little/JJ picture/NN ] of/IN  [ them/PRP ],(S (CONJP (CC and) (RB then)) (NP-SBJ (PRP you)) (VP (VBP have) (NP (NP (DT a) (JJ little) (NN picture)) (PP (IN of) (NP (PRP them))))) (-DFL- E_S)),77,92.54,93.7
sw00utt/sw_0066_2593.utt,2/sw2593,2593,54,sd,B,32,2,"{C and } you frame them and stuff, /","and/CC  [ you/PRP ] frame/VBP  [ them/PRP ] and/CC stuff/NN ,/,","(S (CC and) (NP-SBJ (PRP you)) (VP (VP (VBP frame) (NP (PRP them))) (CC and) (NP-ETC (NN stuff))) (, ,) (-DFL- E_S))",78,93.7,95.24
sw00utt/sw_0066_2593.utt,2/sw2593,2593,55,b,A,33,1,Uh-huh. /,[ Uh-huh/UH ] ./.,(INTJ (UH Uh-huh) (. .) (-DFL- E_S)),54,95.29,95.55000000000001
sw00utt/sw_0066_2593.utt,2/sw2593,2593,56,sd,B,34,1,but nothing steady.  /,but/CC  [ nothing/NN ] steady/JJ ./.,(FRAG (CC but) (NP (NP (NN nothing)) (ADJP (JJ steady))) (. .) (-DFL- E_S)),82,95.52,97.0
sw00utt/sw_0066_2593.utt,2/sw2593,2593,57,sd,B,34,2,"Just when I get some spare time here and there I'll work on it,  /","Just/RB when/WRB  [ I/PRP ] get/VBP  [ some/DT spare/JJ time/NN ] here/RB and/CC there/RB  [ I/PRP ] 'll/MD work/VB on/IN  [ it/PRP ] ,/,","(S (ADVP (RB Just)) (SBAR-TMP (WHADVP-1 (WRB when)) (S (NP-SBJ (PRP I)) (VP (VBP get) (NP (DT some) (JJ spare) (NN time)) (ADVP-LOC (RB here) (CC and) (RB there)) (ADVP-TMP (-NONE- *T*-1))))) (NP-SBJ (PRP I)) (VP (MD 'll) (VP (VB work) (PP (IN on) (NP (PRP it))))) (, ,) (-DFL- E_S))",83,97.0,100.52
sw00utt/sw_0066_2593.utt,2/sw2593,2593,58,sd,B,34,3,"{C but, } {D you know, } it's nothing <noise> that I,","but/CC ,/,  [ you/PRP ] know/VBP ,/,  [ it/PRP ] 's/BES  [ nothing/NN ] that/WDT  [ I/PRP ] ,/,","(S (CC but) (PRN (, ,) (S (NP-SBJ (PRP you)) (VP (VBP know))) (, ,)) (NP-SBJ (PRP it)) (VP (BES 's) (NP-PRD (NP (NN nothing)) (SBAR (WHNP (WDT that)) (S (NP-SBJ (PRP I)) (, ,) (VP-UNF (MD can) (ADVP (RB really))))))) (, ,) (-DFL- N_S))",84,100.52,102.28
sw00utt/sw_0066_2593.utt,2/sw2593,2593,59,bf,A,35,1,"It's not,","[ It/PRP ] 's/BES not/RB ,/,","(S (NP-SBJ (PRP It)) (VP (BES 's) (RB not) (, ,) (SBAR-PRD (IN like) (S (NP-SBJ (PRP you)) (VP (VBP sit) (CC and) (VBP knit) (NP-TMP (DT every) (NN night)))))) (. .) (-DFL- E_S))",86,102.35,102.61
sw00utt/sw_0066_2593.utt,2/sw2593,2593,60,+,B,36,1,"can really, -/","can/MD really/RB ,/,","(S (CC but) (PRN (, ,) (S (NP-SBJ (PRP you)) (VP (VBP know))) (, ,)) (NP-SBJ (PRP it)) (VP (BES 's) (NP-PRD (NP (NN nothing)) (SBAR (WHNP (WDT that)) (S (NP-SBJ (PRP I)) (, ,) (VP-UNF (MD can) (ADVP (RB really))))))) (, ,) (-DFL- N_S))",84,102.58,102.78
sw00utt/sw_0066_2593.utt,2/sw2593,2593,61,+,A,37,1,like you sit and knit every night <laughter>. /,like/IN  [ you/PRP ] sit/VBP and/CC knit/VBP  [ every/DT night/NN ] ./.,"(S (NP-SBJ (PRP It)) (VP (BES 's) (RB not) (, ,) (SBAR-PRD (IN like) (S (NP-SBJ (PRP you)) (VP (VBP sit) (CC and) (VBP knit) (NP-TMP (DT every) (NN night)))))) (. .) (-DFL- E_S))",86,102.93,104.35
sw00utt/sw_0066_2593.utt,2/sw2593,2593,62,aa,B,38,1,No.  /,[ No/UH ] ./.,(INTJ (UH No) (. .) (-DFL- E_S)),90,104.32,104.72
sw00utt/sw_0066_2593.utt,2/sw2593,2593,63,aa,B,38,2,Not at all. /,Not/RB at/IN  [ all/DT ] ./.,(ADVP (RB Not) (IN at) (DT all) (. .) (-DFL- E_S)),91,104.72,105.60000000000001
sw00utt/sw_0066_2593.utt,2/sw2593,2593,64,b,A,39,1,Yeah.  /,Yeah/UH ./.,(INTJ (UH Yeah) (. .) (-DFL- E_S)),75,105.63,105.78999999999999
sw00utt/sw_0066_2593.utt,2/sw2593,2593,65,sd,A,39,2,I don't even know how to knit  /,[ I/PRP ] do/VBP n't/RB even/RB know/VB how/WRB to/TO knit/VB,(S (NP-SBJ (PRP I)) (VP (VBP do) (RB n't) (ADVP (RB even)) (VP (VB know) (SBAR (WHADVP-1 (WRB how)) (S (NP-SBJ (-NONE- *)) (VP (TO to) (VP (VB knit) (ADVP-MNR (-NONE- *T*-1)))))))) (-DFL- E_S)),94,105.79,106.91
sw00utt/sw_0066_2593.utt,2/sw2593,2593,66,sd,A,39,3,"{C and } my mother used to knit, {D you know, }","and/CC  [ my/PRP$ mother/NN ] used/VBD to/TO knit/VB ,/,  [ you/PRP ] know/VBP ,/,","(S (CC and) (NP-SBJ-1 (PRP$ my) (NN mother)) (VP (VBD used) (S (NP-SBJ (-NONE- *-1)) (VP (TO to) (VP (VB knit) (PRN (, ,) (S (NP-SBJ (PRP you)) (VP (VBP know))) (, ,)) (NP-TMP (PDT all) (DT the) (NN time)))))) (-DFL- E_S))",95,106.91,108.77
sw00utt/sw_0066_2593.utt,2/sw2593,2593,67,b,B,40,1,# Uh-huh. # /,[ Uh-huh/UH ] ./.,(INTJ (UH Uh-huh) (. .) (-DFL- E_S)),80,0.0,0.0
sw00utt/sw_0066_2593.utt,2/sw2593,2593,68,+,A,41,1,# all # the time  /,[ all/PDT the/DT time/NN ],"(S (CC and) (NP-SBJ-1 (PRP$ my) (NN mother)) (VP (VBD used) (S (NP-SBJ (-NONE- *-1)) (VP (TO to) (VP (VB knit) (PRN (, ,) (S (NP-SBJ (PRP you)) (VP (VBP know))) (, ,)) (NP-TMP (PDT all) (DT the) (NN time)))))) (-DFL- E_S))",95,108.77,109.52999999999999
sw00utt/sw_0066_2593.utt,2/sw2593,2593,69,sd,A,41,2,"[ {C and, } + {C and } ] I don't even know how to knit <laughter>, /","and/CC ,/, and/CC  [ I/PRP ] do/VBP n't/RB even/RB know/VB how/WRB to/TO knit/VB ,/,","(S (EDITED (RM (-DFL- \[)) (CC and) (, ,) (IP (-DFL- \+))) (CC and) (RS (-DFL- \])) (NP-SBJ (PRP I)) (VP (VBP do) (RB n't) (ADVP (RB even)) (VP (VB know) (SBAR (WHADVP-1 (WRB how)) (S (NP-SBJ (-NONE- *)) (VP (TO to) (VP (VB knit) (ADVP-MNR (-NONE- *T*-1)))))))) (, ,) (-DFL- E_S))",99,109.53,111.61
sw00utt/sw_0066_2593.utt,2/sw2593.pos,2593,70,x,B,42,1,<Laughter>.,./.,,,0.0,0.0
sw00utt/sw_0066_2593.utt,2/sw2593,2593,71,sd,A,43,1,"I'm like, that's a lost art from this family <laughter>. /","[ I/PRP ] 'm/VBP like/IN ,/,  [ that/DT ] 's/BES  [ a/DT lost/JJ art/NN ] from/IN  [ this/DT family/NN ] ./.","(S (NP-SBJ (PRP I)) (VP (VBP 'm) (INTJ (IN like)) (, ,) (S-SEZ (NP-SBJ (DT that)) (VP (BES 's) (NP-PRD (NP (DT a) (JJ lost) (NN art)) (PP (IN from) (NP (DT this) (NN family))))))) (. .) (-DFL- E_S))",102,111.63,115.25
sw00utt/sw_0066_2593.utt,2/sw2593,2593,72,b,B,44,1,Yeah. /,Yeah/UH ./.,(INTJ (UH Yeah) (. .) (-DFL- E_S)),93,115.22,115.67999999999999
sw00utt/sw_0066_2593.utt,2/sw2593,2593,73,%,A,45,1,"{D So, } {F um, } - /","So/RB ,/, um/UH ,/,","(INTJ (INTJ (UH So)) (, ,) (INTJ (UH um)) (, ,) (-DFL- N_S))",106,116.43,117.13
sw00utt/sw_0066_2593.utt,2/sw2593,2593,74,sv,A,45,2,"{C but, } it's not a very good topic  /","but/CC ,/,  [ it/PRP ] 's/BES not/RB  [ a/DT very/RB good/JJ topic/NN ]","(S (CC but) (, ,) (NP-SBJ (PRP it)) (VP (BES 's) (RB not) (NP-PRD (DT a) (ADJP (RB very) (JJ good)) (NN topic))) (-DFL- E_S))",107,117.13,119.83
sw00utt/sw_0066_2593.utt,2/sw2593,2593,75,h,A,45,3,"it feels like,","[ it/PRP ] feels/VBZ like/IN ,/,","(S (NP-SBJ (PRP it)) (VP (VBZ feels) (SBAR (IN like) (, ,) (S (SBAR-ADV-UNF (IN if) (PRN (, ,) (S (NP-SBJ (PRP you)) (VP (VBP know)))))))) (, ,) (-DFL- N_S))",108,119.83,120.63000000000001
sw00utt/sw_0066_2593.utt,2/sw2593,2593,76,aa,B,46,1,# No. # /,[ No/UH ] ./.,(INTJ (UH No) (. .) (-DFL- E_S)),90,120.6,120.97999999999999
sw00utt/sw_0066_2593.utt,2/sw2593,2593,77,+,A,47,1,"# if, # {D you know, } - /","if/IN ,/,  [ you/PRP ] know/VBP ,/,","(S (NP-SBJ (PRP it)) (VP (VBZ feels) (SBAR (IN like) (, ,) (S (SBAR-ADV-UNF (IN if) (PRN (, ,) (S (NP-SBJ (PRP you)) (VP (VBP know)))))))) (, ,) (-DFL- N_S))",108,121.03,121.33
sw00utt/sw_0066_2593.utt,2/sw2593,2593,78,%,A,47,2,"not when you're n-, - /","not/RB when/WRB  [ you/PRP ] 're/VBP  [ n-/DT ] ,/,","(FRAG (RB not) (SBAR-TMP (WHADVP (WRB when)) (S (NP-SBJ (PRP you)) (VP-UNF (VBP 're) (X (DT n-))))) (, ,) (-DFL- N_S))",112,121.33,121.95
sw00utt/sw_0066_2593.utt,2/sw2593,2593,79,sd,A,47,3,"neither one of us are really, - /","neither/DT  [ one/CD ] of/IN  [ us/PRP ] are/VBP really/RB ,/,","(S (NP-SBJ (NP (DT neither) (CD one)) (PP (IN of) (NP (PRP us)))) (VP-UNF (VBP are) (ADVP (RB really))) (, ,) (-DFL- N_S))",113,122.31,123.77000000000001
sw00utt/sw_0066_2593.utt,2/sw2593,2593,80,sd,A,47,4,"[ I, + I ] have seen things I really like,","[ I/PRP ] ,/,  [ I/PRP ] have/VBP seen/VBN  [ things/NNS I/PRP ] really/RB like/VBP ,/,","(S (EDITED (RM (-DFL- \[)) (NP-SBJ (PRP I)) (, ,) (IP (-DFL- \+))) (NP-SBJ (PRP I)) (RS (-DFL- \])) (VP (VBP have) (VP (VBN seen) (NP (NP (NNS things)) (SBAR (SBAR (WHNP-1 (-NONE- 0)) (S (NP-SBJ (PRP I)) (ADVP (RB really)) (VP (VBP like) (NP (-NONE- *T*-1)) (PRN (, ,) (S (NP-SBJ (PRP you)) (VP (VBP know))))))) (, ,) (SBAR (WHNP-3 (WDT that)) (S (NP-SBJ-2 (-NONE- *T*-3)) (VP (VBD were) (VP (VBN done) (NP (-NONE- *-2)))))) (, ,) (PP (ADVP (RB especially)) (IN like) (NP (NN needlepoint))))))) (. .) (-DFL- E_S))",114,124.51,126.57000000000001
sw00utt/sw_0066_2593.utt,2/sw2593,2593,81,b,B,48,1,Uh-huh. /,[ Uh-huh/UH ] ./.,(INTJ (UH Uh-huh) (. .) (-DFL- E_S)),97,126.54,126.78
sw00utt/sw_0066_2593.utt,2/sw2593,2593,82,+,A,49,1,"{D you know, } that were done, especially like needlepoint.  /","[ you/PRP ] know/VBP ,/,  [ that/WDT ] were/VBD done/VBN ,/, especially/RB like/IN  [ needlepoint/NN ] ./.","(S (EDITED (RM (-DFL- \[)) (NP-SBJ (PRP I)) (, ,) (IP (-DFL- \+))) (NP-SBJ (PRP I)) (RS (-DFL- \])) (VP (VBP have) (VP (VBN seen) (NP (NP (NNS things)) (SBAR (SBAR (WHNP-1 (-NONE- 0)) (S (NP-SBJ (PRP I)) (ADVP (RB really)) (VP (VBP like) (NP (-NONE- *T*-1)) (PRN (, ,) (S (NP-SBJ (PRP you)) (VP (VBP know))))))) (, ,) (SBAR (WHNP-3 (WDT that)) (S (NP-SBJ-2 (-NONE- *T*-3)) (VP (VBD were) (VP (VBN done) (NP (-NONE- *-2)))))) (, ,) (PP (ADVP (RB especially)) (IN like) (NP (NN needlepoint))))))) (. .) (-DFL- E_S))",114,126.83,130.25
sw00utt/sw_0066_2593.utt,2/sw2593,2593,83,sd,A,49,2,"Needlepoint,","[ Needlepoint/NN ] ,/,","(NP (NP (NN Needlepoint) (, ,) (NNS cushions)) (CC and) (NP (NNS things)) (. .) (-DFL- E_S))",118,130.35,130.91
sw00utt/sw_0066_2593.utt,2/sw2593,2593,84,b,B,50,1,Yeah. /,Yeah/UH ./.,(INTJ (UH Yeah) (. .) (-DFL- E_S)),93,130.9,130.98000000000002
sw00utt/sw_0066_2593.utt,2/sw2593,2593,85,+,A,51,1,cushions and things.  /,[ cushions/NNS ] and/CC  [ things/NNS ] ./.,"(NP (NP (NN Needlepoint) (, ,) (NNS cushions)) (CC and) (NP (NNS things)) (. .) (-DFL- E_S))",118,131.01,131.89
sw00utt/sw_0066_2593.utt,2/sw2593,2593,86,sv,A,51,2,"{C But, } it just seems like there'd be so much time involved in it,","But/CC ,/,  [ it/PRP ] just/RB seems/VBZ like/IN  [ there/EX ] 'd/MD be/VB  [ so/RB much/JJ time/NN ] involved/VBN in/IN  [ it/PRP ] ,/,","(S (CC But) (, ,) (NP-SBJ (PRP it)) (ADVP (RB just)) (VP (VBZ seems) (SBAR (SBAR (IN like) (S (NP-SBJ (EX there)) (VP (MD 'd) (VP (VB be) (NP-PRD (NP (ADJP (RB so) (JJ much)) (NN time)) (VP (VBN involved) (NP (-NONE- *)) (PP (IN in) (NP (PRP it))))) (PRN (, ,) (S (NP-SBJ (PRP you)) (VP (VBP know)))))))) (, ,) (EDITED (RM (-DFL- \[)) (CC and) (, ,) (IP (-DFL- \+))) (CC and) (RS (-DFL- \])) (SBAR (IN that) (S-UNF (NP-SBJ (NP (DT the) (TYPO (JJ petty)) (NN point)) (CC and) (NP (NP (NNS things)) (PP (IN like) (NP (DT that))))))))) (. .) (-DFL- N_S))",122,132.33,135.76999999999998
sw00utt/sw_0066_2593.utt,2/sw2593,2593,87,b^r,B,52,1,Yeah. /,Yeah/UH ./.,(INTJ (UH Yeah) (. .) (-DFL- E_S)),104,135.74,135.84
sw00utt/sw_0066_2593.utt,2/sw2593,2593,88,+,A,53,1,"{D you know, } [ and, + <noise> and ] that the petty point and things like that. - /","[ you/PRP ] know/VBP ,/, and/CC ,/, and/CC that/IN  [ the/DT petty/JJ point/NN ] and/CC  [ things/NNS ] like/IN  [ that/DT ] ./.","(S (CC But) (, ,) (NP-SBJ (PRP it)) (ADVP (RB just)) (VP (VBZ seems) (SBAR (SBAR (IN like) (S (NP-SBJ (EX there)) (VP (MD 'd) (VP (VB be) (NP-PRD (NP (ADJP (RB so) (JJ much)) (NN time)) (VP (VBN involved) (NP (-NONE- *)) (PP (IN in) (NP (PRP it))))) (PRN (, ,) (S (NP-SBJ (PRP you)) (VP (VBP know)))))))) (, ,) (EDITED (RM (-DFL- \[)) (CC and) (, ,) (IP (-DFL- \+))) (CC and) (RS (-DFL- \])) (SBAR (IN that) (S-UNF (NP-SBJ (NP (DT the) (TYPO (JJ petty)) (NN point)) (CC and) (NP (NP (NNS things)) (PP (IN like) (NP (DT that))))))))) (. .) (-DFL- N_S))",122,135.87,138.85
sw00utt/sw_0066_2593.utt,2/sw2593,2593,89,sv,A,53,2,"[ It's like, + {A God, } [ it, + it ] seems like ] it's easier just to go out and buy it already # made <laughter>. # /","[ It/PRP ] 's/BES like/IN ,/,  [ God/UH ] ,/,  [ it/PRP ] ,/,  [ it/PRP ] seems/VBZ like/IN  [ it/PRP ] 's/BES easier/JJR just/RB to/TO go/VB out/RB and/CC buy/VB  [ it/PRP ] already/RB made/VBN ./.","(S (EDITED (RM (-DFL- \[)) (S (NP-SBJ (PRP It)) (VP (BES 's) (SBAR-PRD-UNF (IN like)))) (, ,) (IP (-DFL- \+))) (INTJ (UH God)) (, ,) (EDITED (RM (-DFL- \[)) (NP-SBJ (PRP it)) (, ,) (IP (-DFL- \+))) (NP-SBJ (PRP it)) (RS (-DFL- \])) (VP (VBZ seems) (SBAR (IN like) (RS (-DFL- \])) (S (NP-SBJ (NP (PRP it)) (S (-NONE- *EXP*-3))) (VP (BES 's) (ADJP-PRD (JJR easier)) (S-3 (NP-SBJ (-NONE- *)) (ADVP (RB just)) (VP (TO to) (VP (VP (VB go) (ADVP-DIR (RB out))) (CC and) (VP (VB buy) (NP-2 (PRP it)) (S-ADV (NP-SBJ-1 (-NONE- *-2)) (ADVP-TMP (RB already)) (VP (VBN made) (NP (-NONE- *-1)))))))))))) (. .) (-DFL- E_S))",126,138.85,143.73000000000002
sw00utt/sw_0066_2593.utt,2/sw2593,2593,90,sd,B,54,1,"# (( )) # I don't know <noise> [ what, + what, ] is, - /","[ MUMBLEx/XX I/PRP ] do/VBP n't/RB know/VB  [ what/WP ] ,/,  [ what/WP ] ,/, is/VBZ ,/,","(S (X (XX MUMBLEx)) (NP-SBJ (PRP I)) (VP (VBP do) (RB n't) (VP (VB know) (SBAR (RM (-DFL- \[)) (EDITED (WHNP (WP what)) (, ,) (IP (-DFL- \+))) (WHNP-1 (WP what)) (, ,) (RS (-DFL- \])) (S (EDITED (VP-UNF (VBZ is))) (, ,) (-DFL- N_S) (NP-SBJ (PRP it)) (VP (BES 's) (PP-PRD (IN like) (NP (-NONE- *T*-1))) (ADVP-LOC (RB there))))))) (, ,) (-DFL- N_S))",128,143.82,145.62
sw00utt/sw_0066_2593.utt,2/sw2593,2593,91,sd,B,54,2,"it's like there, - /","[ it/PRP ] 's/BES like/IN  [ there/RB ] ,/,","(S (X (XX MUMBLEx)) (NP-SBJ (PRP I)) (VP (VBP do) (RB n't) (VP (VB know) (SBAR (RM (-DFL- \[)) (EDITED (WHNP (WP what)) (, ,) (IP (-DFL- \+))) (WHNP-1 (WP what)) (, ,) (RS (-DFL- \])) (S (EDITED (VP-UNF (VBZ is))) (, ,) (-DFL- N_S) (NP-SBJ (PRP it)) (VP (BES 's) (PP-PRD (IN like) (NP (-NONE- *T*-1))) (ADVP-LOC (RB there))))))) (, ,) (-DFL- N_S))",128,145.82,146.64000000000001
sw00utt/sw_0066_2593.utt,2/sw2593,2593,92,sd,B,54,3,"{C but } here a lot of the </noise> country stuff is in, {D you know, } a lot of the woodwork, a lot of, {F uh, } stenciling. /","but/CC here/RB  [ a/DT lot/NN ] of/IN  [ the/DT country/NN stuff/NN ] is/VBZ in/IN ,/,  [ you/PRP ] know/VBP ,/,  [ a/DT lot/NN ] of/IN  [ the/DT woodwork/NN ] ,/,  [ a/DT lot/NN ] of/IN ,/,  [ uh/UH ] ,/, stenciling/NN ./.","(S (CC but) (ADVP-LOC (RB here)) (NP-SBJ (NP (NP (DT a) (NN lot)) (PP (IN of) (NP (DT the) (NN country) (NN stuff)))) (NP (-NONE- *ICH*-1)) (NP (-NONE- *ICH*-2))) (VP (VBZ is) (ADJP-PRD (IN in)) (PRN (, ,) (S (NP-SBJ (PRP you)) (VP (VBP know))) (, ,)) (NP-1 (NP (DT a) (NN lot)) (PP (IN of) (NP (DT the) (NN woodwork)))) (, ,) (NP-2 (NP (DT a) (NN lot)) (PP (IN of) (, ,) (INTJ (UH uh)) (, ,) (NP (NN stenciling))))) (. .) (-DFL- E_S))",129,146.64,153.28
sw00utt/sw_0066_2593.utt,2/sw2593,2593,93,b,A,55,1,Yeah. /,Yeah/UH ./.,(INTJ (UH Yeah) (. .) (-DFL- E_S)),104,153.24,153.76000000000002
sw00utt/sw_0066_2593.utt,2/sw2593,2593,94,sd,B,56,1,"{C And, } {D you know, } you can go to [ any, + {D like } a ] flea market and stuff  /","And/CC ,/,  [ you/PRP ] know/VBP ,/,  [ you/PRP ] can/MD go/VB to/IN  [ any/DT ] ,/, like/IN  [ a/DT flea/NN market/NN ] and/CC  [ stuff/NN ]","(S (CC And) (PRN (, ,) (S (NP-SBJ (PRP you)) (VP (VBP know))) (, ,)) (NP-SBJ (PRP you)) (VP (MD can) (VP (VP (VB go) (PP-DIR (IN to) (EDITED (RM (-DFL- \[)) (NP-UNF (DT any)) (, ,) (IP (-DFL- \+))) (INTJ (UH like)) (NP (DT a) (RS (-DFL- \])) (NN flea) (NN market)))) (CC and) (NP-ETC (NN stuff)))) (-DFL- E_S))",133,154.14,157.72000000000003
sw00utt/sw_0066_2593.utt,2/sw2593,2593,95,sd,B,56,2,{C and } there's just tons of stuff everywhere  /,and/CC  [ there/EX ] 's/BES just/RB  [ tons/NNS ] of/IN  [ stuff/NN ] everywhere/RB,(S (CC and) (NP-SBJ (EX there)) (VP (BES 's) (NP-PRD (NP (RB just) (NNS tons)) (PP (IN of) (NP (NN stuff)))) (ADVP-LOC (RB everywhere))) (-DFL- E_S)),134,157.72,159.72
sw00utt/sw_0066_2593.utt,2/sw2593,2593,96,sd,B,56,3,"{C and, }","and/CC ,/,","(S (CC But) (, ,) (NP-SBJ (PRP it)) (ADVP (RB just)) (VP (VBZ seems) (SBAR (SBAR (IN like) (S (NP-SBJ (EX there)) (VP (MD 'd) (VP (VB be) (NP-PRD (NP (ADJP (RB so) (JJ much)) (NN time)) (VP (VBN involved) (NP (-NONE- *)) (PP (IN in) (NP (PRP it))))) (PRN (, ,) (S (NP-SBJ (PRP you)) (VP (VBP know)))))))) (, ,) (EDITED (RM (-DFL- \[)) (CC and) (, ,) (IP (-DFL- \+))) (CC and) (RS (-DFL- \])) (SBAR (IN that) (S-UNF (NP-SBJ (NP (DT the) (TYPO (JJ petty)) (NN point)) (CC and) (NP (NP (NNS things)) (PP (IN like) (NP (DT that))))))))) (. .) (-DFL- N_S))",122,159.72,159.92
sw00utt/sw_0066_2593.utt,2/sw2593,2593,97,b^r,A,57,1,# Yeah. # /,Yeah/UH ./.,(INTJ (UH Yeah) (. .) (-DFL- E_S)),120,0.0,0.0
sw00utt/sw_0066_2593.utt,2/sw2593,2593,98,+,B,58,1,"# {D you # know, } people just do it in their garage  /","[ you/PRP ] know/VBP ,/,  [ people/NNS ] just/RB do/VBP  [ it/PRP ] in/IN  [ their/PRP$ garage/NN ]","(S (CC and) (PRN (, ,) (S (NP-SBJ (PRP you)) (VP (VBP know))) (, ,)) (NP-SBJ (NNS people)) (ADVP (RB just)) (VP (VBP do) (NP (PRP it)) (PP-LOC (IN in) (NP (PRP$ their) (NN garage)))) (-DFL- E_S))",135,160.28,162.08
sw00utt/sw_0066_2593.utt,2/sw2593,2593,99,sd,B,58,2,{C and then } on weekends they go out and sell it  /,and/CC then/RB on/IN  [ weekends/NNS they/PRP ] go/VBP out/RB and/CC sell/VBP  [ it/PRP ],(S (CONJP (CC and) (RB then)) (PP-TMP (IN on) (NP (NNS weekends))) (NP-SBJ (PRP they)) (VP (VP (VBP go) (ADVP-DIR (RB out)) (CC and)) (VP (VBP sell) (NP (PRP it)))) (-DFL- E_S)),139,162.1,163.98
sw00utt/sw_0066_2593.utt,2/sw2593,2593,100,sd,B,58,3,{C and } during the week they go back and do some more. /,and/CC during/IN  [ the/DT week/NN ] [ they/PRP ] go/VBP back/RB and/CC do/VBP  [ some/DT more/JJR ] ./.,(S (CC and) (PP-TMP (IN during) (NP (DT the) (NN week))) (NP-SBJ (PRP they)) (VP (VP (VBP go) (ADVP (RB back))) (CC and) (VP (VBP do) (NP (DT some) (JJR more)))) (. .) (-DFL- E_S)),140,163.98,165.8
sw00utt/sw_0066_2593.utt,2/sw2593,2593,101,bf,A,59,1,"{C And } {D see, } they do that as their job. Whereas,","And/CC see/UH ,/,  [ they/PRP ] do/VBP that/DT as/IN  [ their/PRP$ job/NN ] ./.  Whereas/IN ,/,","(S (CC And) (INTJ (UH see)) (, ,) (NP-SBJ (PRP they)) (VP (VBP do) (NP (DT that)) (PP (IN as) (NP (PRP$ their) (NN job))) (. .) (SBAR-ADV (IN Whereas) (PRN (, ,) (S (NP-SBJ (PRP you)) (VP (VBP know))) (, ,)) (S-UNF (PP (IN for) (NP (PRP us))) (NP-SBJ (PRP it))))) (, ,) (-DFL- N_S))",142,165.99,168.43
sw00utt/sw_0066_2593.utt,2/sw2593,2593,102,aa,B,60,1,# Right <noise>. # /,[ Right/UH ] ./.,(INTJ (UH Right) (. .) (-DFL- E_S)),144,0.0,0.0
sw00utt/sw_0066_2593.utt,2/sw2593,2593,103,+,A,61,1,"# {D you know, } # for us it, - /","[ you/PRP ] know/VBP ,/, for/IN  [ us/PRP ] [ it/PRP ] ,/,","(S (CC And) (INTJ (UH see)) (, ,) (NP-SBJ (PRP they)) (VP (VBP do) (NP (DT that)) (PP (IN as) (NP (PRP$ their) (NN job))) (. .) (SBAR-ADV (IN Whereas) (PRN (, ,) (S (NP-SBJ (PRP you)) (VP (VBP know))) (, ,)) (S-UNF (PP (IN for) (NP (PRP us))) (NP-SBJ (PRP it))))) (, ,) (-DFL- N_S))",142,168.61,169.65
sw00utt/sw_0066_2593.utt,2/sw2593,2593,104,sd,A,61,2,{C and } they make it cheaper </noise> for us to buy <laughter>. /,and/CC  [ they/PRP ] make/VBP  [ it/PRP ] cheaper/JJR for/IN  [ us/PRP ] to/TO buy/VB ./.,(S (CC and) (NP-SBJ (PRP they)) (VP (VBP make) (S (NP-SBJ (PRP it)) (ADJP-PRD (JJR cheaper) (SBAR (WHNP-1 (-NONE- 0)) (IN for) (S (NP-SBJ (PRP us)) (VP (TO to) (VP (VB buy) (NP (-NONE- *T*-1))))))))) (. .) (-DFL- E_S)),146,169.65,171.60999999999999
sw00utt/sw_0066_2593.utt,2/sw2593,2593,105,aa,B,62,1,Yeah <noise>.  /,Yeah/UH ./.,(INTJ (UH Yeah) (. .) (-DFL- E_S)),120,171.66,172.1
sw00utt/sw_0066_2593.utt,2/sw2593,2593,106,aa,B,62,2,Definitely. /,Definitely/UH ./.,(INTJ (UH Definitely) (. .) (-DFL- E_S)),149,172.66,173.18
sw00utt/sw_0066_2593.utt,2/sw2593,2593,107,%,A,63,1,"{D So, } - /","So/RB ,/,","(INTJ (UH So) (, ,) (-DFL- N_S))",151,173.29,173.42999999999998
sw00utt/sw_0066_2593.utt,2/sw2593,2593,108,sv,A,63,2,"[ {C but, } + {C and, } ] {E I mean, } I'm sure it must be relaxing to do things like that  /","but/CC ,/, and/CC ,/,  [ I/PRP ] mean/VBP ,/,  [ I/PRP ] 'm/VBP sure/JJ  [ it/PRP ] must/MD be/VB relaxing/JJ to/TO do/VB  [ things/NNS ] like/IN that/DT","(S (EDITED (RM (-DFL- \[)) (CC but) (, ,) (IP (-DFL- \+))) (CC and) (, ,) (RS (-DFL- \])) (PRN (S (NP-SBJ (PRP I)) (VP (VBP mean))) (, ,)) (NP-SBJ (PRP I)) (VP (VBP 'm) (ADJP-PRD (JJ sure) (SBAR (-NONE- 0) (S (NP-SBJ (NP (PRP it)) (S (-NONE- *EXP*-1))) (VP (MD must) (VP (VB be) (ADJP-PRD (JJ relaxing)) (S-1 (NP-SBJ (-NONE- *)) (VP (TO to) (VP (VB do) (NP (NP (NNS things)) (PP (IN like) (NP (DT that)))))))))))) (-DFL- E_S) (SBAR-PRP (IN because) (S (NP-SBJ (PRP I)) (VP (MD can) (VP (VB remember) (SBAR-TMP (WHADVP-2 (WRB when)) (S (NP-SBJ-1 (PRP I)) (VP (VBD used) (S (NP-SBJ (-NONE- *-1)) (VP (TO to) (VP (VB do) (PRN (, ,) (S (NP-SBJ (PRP you)) (VP (VBP know))) (, ,)) (NP (EDITED (RM (-DFL- \[)) (NP-UNF (DT those) (JJ little) (NN salt)) (, ,) (IP (-DFL- \+))) (NP (DT those) (NNS figurines)) (RS (-DFL- \])) (CC and) (NP (NNS things))) (ADVP-TMP (-NONE- *T*-2))))))))))))) (. .) (-DFL- E_S))",152,173.43,177.55
sw00utt/sw_0066_2593.utt,2/sw2593,2593,109,sd,A,63,3,"{C because } I can remember when I used to do, {D you know, } [ those little salt, + those figurines ] and things.  /","because/IN  [ I/PRP ] can/MD remember/VB when/WRB  [ I/PRP ] used/VBD to/TO do/VB ,/,  [ you/PRP ] know/VBP ,/,  [ those/DT little/JJ salt/NN ] ,/,  [ those/DT figurines/NNS ] and/CC  [ things/NNS ] ./.","(S (EDITED (RM (-DFL- \[)) (CC but) (, ,) (IP (-DFL- \+))) (CC and) (, ,) (RS (-DFL- \])) (PRN (S (NP-SBJ (PRP I)) (VP (VBP mean))) (, ,)) (NP-SBJ (PRP I)) (VP (VBP 'm) (ADJP-PRD (JJ sure) (SBAR (-NONE- 0) (S (NP-SBJ (NP (PRP it)) (S (-NONE- *EXP*-1))) (VP (MD must) (VP (VB be) (ADJP-PRD (JJ relaxing)) (S-1 (NP-SBJ (-NONE- *)) (VP (TO to) (VP (VB do) (NP (NP (NNS things)) (PP (IN like) (NP (DT that)))))))))))) (-DFL- E_S) (SBAR-PRP (IN because) (S (NP-SBJ (PRP I)) (VP (MD can) (VP (VB remember) (SBAR-TMP (WHADVP-2 (WRB when)) (S (NP-SBJ-1 (PRP I)) (VP (VBD used) (S (NP-SBJ (-NONE- *-1)) (VP (TO to) (VP (VB do) (PRN (, ,) (S (NP-SBJ (PRP you)) (VP (VBP know))) (, ,)) (NP (EDITED (RM (-DFL- \[)) (NP-UNF (DT those) (JJ little) (NN salt)) (, ,) (IP (-DFL- \+))) (NP (DT those) (NNS figurines)) (RS (-DFL- \])) (CC and) (NP (NNS things))) (ADVP-TMP (-NONE- *T*-2))))))))))))) (. .) (-DFL- E_S))",152,177.55,181.79000000000002
sw00utt/sw_0066_2593.utt,2/sw2593,2593,110,sv,A,63,4,"[ It was, + it was ] relaxing, {D you know, } creative,  /","[ It/PRP ] was/VBD ,/,  [ it/PRP ] was/VBD relaxing/JJ ,/,  [ you/PRP ] know/VBP ,/,  [ creative/JJ ] ,/,","(S (EDITED (RM (-DFL- \[)) (S (NP-SBJ (PRP It)) (VP-UNF (VBD was))) (, ,) (IP (-DFL- \+))) (NP-SBJ (PRP it)) (VP (VBD was) (RS (-DFL- \])) (ADJP-PRD (JJ relaxing) (PRN (, ,) (S (NP-SBJ (PRP you)) (VP (VBP know))) (, ,)) (JJ creative))) (, ,) (-DFL- E_S))",153,181.79,184.48999999999998
sw00utt/sw_0066_2593.utt,2/sw2593,2593,111,sv,A,63,5,you felt very creative. /,[ you/PRP ] felt/VBD very/RB creative/JJ ./.,(S (NP-SBJ (PRP you)) (VP (VBD felt) (ADJP-PRD (RB very) (JJ creative))) (. .) (-DFL- E_S)),154,184.49,185.69
sw00utt/sw_0066_2593.utt,2/sw2593,2593,112,b,B,64,1,Uh-huh. /,[ Uh-huh/UH ] ./.,(INTJ (UH Uh-huh) (. .) (-DFL- E_S)),156,186.6,186.73999999999998
sw00utt/sw_0066_2593.utt,2/sw2593,2593,113,sd,A,65,1,"{C But, } it just was [ so [ time, + time, ]","But/CC ,/,  [ it/PRP ] just/RB was/VBD so/RB  [ time/NN ] ,/,  [ time/NN ] ,/,","(S (CC But) (, ,) (NP-SBJ (PRP it)) (ADVP (RB just)) (VP (VBD was) (EDITED (RM (-DFL- \[)) (NP (NP (RB so) (EDITED (RM (-DFL- \[)) (NN time) (, ,) (IP (-DFL- \+))) (NN time)) (, ,) (RS (-DFL- \])) (VP (JJ involved) (NP (-NONE- *)))) (, ,) (IP (-DFL- \+))) (PRN (S (NP-SBJ (PRP you)) (VP (VBP know))) (, ,)) (NP-PRD (NP (NP (ADJP (RB so) (JJ much)) (NN time)) (VP (JJ involved) (NP (-NONE- *)))) (RS (-DFL- \])) (CC and) (NP (NP (DT the) (JJ different) (NNS steps)) (CC and) (NP (NNS things))))) (. .) (-DFL- E_S))",158,186.73,188.71
sw00utt/sw_0066_2593.utt,2/sw2593,2593,114,b,B,66,1,# Yeah. # /,Yeah/UH ./.,(INTJ (UH Yeah) (. .) (-DFL- E_S)),131,0.0,0.0
sw00utt/sw_0066_2593.utt,2/sw2593,2593,115,+,A,67,1,"# involved, + # {D you know, } so much time involved ] <noise> and the different steps and things. /","involved/JJ ,/,  [ you/PRP ] know/VBP ,/,  [ so/RB much/JJ time/NN ] involved/JJ and/CC  [ the/DT different/JJ steps/NNS ] and/CC  [ things/NNS ] ./.","(S (CC But) (, ,) (NP-SBJ (PRP it)) (ADVP (RB just)) (VP (VBD was) (EDITED (RM (-DFL- \[)) (NP (NP (RB so) (EDITED (RM (-DFL- \[)) (NN time) (, ,) (IP (-DFL- \+))) (NN time)) (, ,) (RS (-DFL- \])) (VP (JJ involved) (NP (-NONE- *)))) (, ,) (IP (-DFL- \+))) (PRN (S (NP-SBJ (PRP you)) (VP (VBP know))) (, ,)) (NP-PRD (NP (NP (ADJP (RB so) (JJ much)) (NN time)) (VP (JJ involved) (NP (-NONE- *)))) (RS (-DFL- \])) (CC and) (NP (NP (DT the) (JJ different) (NNS steps)) (CC and) (NP (NNS things))))) (. .) (-DFL- E_S))",158,188.71,193.29
sw00utt/sw_0066_2593.utt,2/sw2593,2593,116,b,B,68,1,Uh-huh. /,[ Uh-huh/UH ] ./.,(INTJ (UH Uh-huh) (. .) (-DFL- E_S)),156,194.56,194.9
sw00utt/sw_0066_2593.utt,2/sw2593,2593,117,%,A,69,1,"{D So, } # - /","So/UH ,/,","(INTJ (UH So) (, ,) (-DFL- N_S))",151,194.87,194.97
sw00utt/sw_0066_2593.utt,2/sw2593,2593,118,%,A,69,2,"{C and, } # -/","and/CC ,/,","(S-UNF (CC and) (, ,) (-DFL- N_S))",166,195.11,195.33
sw00utt/sw_0066_2593.utt,2/sw2593,2593,119,b,B,70,1,# Okay # </noise>.  /,Okay/UH ./.,(INTJ (UH Okay) (. .) (-DFL- E_S)),168,0.0,0.0
sw00utt/sw_0066_2593.utt,2/sw2593,2593,120,sv,B,70,2,"{D Well, } [ I think, + I think ] we're okay.  /","Well/UH ,/,  [ I/PRP ] think/VBP ,/,  [ I/PRP ] think/VBP  [ we/PRP ] 're/VBP okay/JJ ./.","(S (INTJ (UH Well)) (, ,) (EDITED (RM (-DFL- \[)) (S (NP-SBJ (PRP I)) (VP-UNF (VBP think))) (, ,) (IP (-DFL- \+))) (NP-SBJ (PRP I)) (VP (VBP think) (RS (-DFL- \])) (SBAR (-NONE- 0) (S (NP-SBJ (PRP we)) (VP (VBP 're) (ADJP-PRD (JJ okay)))))) (. .) (-DFL- E_S))",169,195.38,198.22
sw00utt/sw_0066_2593.utt,2/sw2593,2593,121,sv,B,70,3,"I think we did <noise> ((the)) five minutes,  /","[ I/PRP ] think/VBP  [ we/PRP ] did/VBD  [ the/DT five/CD minutes/NNS ] ,/,","(S (NP-SBJ (PRP I)) (VP (VBP think) (SBAR (-NONE- 0) (S (NP-SBJ (PRP we)) (VP (VBD did) (NP (DT the) (CD five) (NNS minutes)))))) (, ,) (-DFL- E_S))",170,198.22,199.88
sw00utt/sw_0066_2593.utt,2/sw2593,2593,122,sd,B,70,4,{C so } we don't have to keep talking about nothing anymore <laughter>. /,so/RB  [ we/PRP ] do/VBP n't/RB have/VB to/TO keep/VB talking/VBG about/IN  [ nothing/NN ] anymore/RB ./.,(S (RB so) (NP-SBJ-1 (PRP we)) (VP (VBP do) (RB n't) (VP (VB have) (S (NP-SBJ-2 (-NONE- *-1)) (VP (TO to) (VP (VB keep) (S (NP-SBJ (-NONE- *-2)) (VP (VBG talking) (PP (IN about) (NP (NN nothing)))))))) (ADVP-TMP (RB anymore)))) (. .) (-DFL- E_S)),171,199.88,201.95999999999998
sw00utt/sw_0066_2593.utt,2/sw2593,2593,123,b,A,71,1,Yeah.  /,Yeah/UH ./.,(INTJ (UH Yeah) (. .) (-DFL- E_S)),148,201.96,202.36
sw00utt/sw_0066_2593.utt,2/sw2593,2593,124,%,A,71,2,"# {D So, } # -/","So/RB ,/,","(INTJ (UH So) (, ,) (-DFL- N_S))",151,0.0,0.0
sw00utt/sw_0066_2593.utt,2/sw2593,2593,125,b,B,72,1,# Okay. #  /,Okay/UH ./.,(INTJ (UH Okay) (. .) (-DFL- E_S)),168,202.76,203.23999999999998
sw00utt/sw_0066_2593.utt,2/sw2593,2593,126,ft,B,72,2,"{D Well, } thank you. /","Well/UH ,/, thank/VB  [ you/PRP ] ./.","(S (INTJ (UH Well)) (, ,) (NP-SBJ (-NONE- *)) (VP (VB thank) (NP (PRP you))) (. .) (-DFL- E_S))",177,203.24,204.4
sw00utt/sw_0066_2593.utt,2/sw2593,2593,127,bd,A,73,1,Okay.  /,Okay/UH ./.,(INTJ (UH Okay) (. .) (-DFL- E_S)),168,204.39,204.60999999999999
sw00utt/sw_0066_2593.utt,2/sw2593,2593,128,sd,A,73,2,I hope you have a good rest of your weekend. /,[ I/PRP ] hope/VBP  [ you/PRP ] have/VBP  [ a/DT good/JJ rest/NN ] of/IN  [ your/PRP$ weekend/NN ] ./.,(S (NP-SBJ (PRP I)) (VP (VBP hope) (SBAR (-NONE- 0) (S (NP-SBJ (PRP you)) (VP (VBP have) (NP (NP (DT a) (JJ good) (NN rest)) (PP (IN of) (NP (PRP$ your) (NN weekend)))))))) (. .) (-DFL- E_S)),180,204.61,206.51000000000002
sw00utt/sw_0066_2593.utt,2/sw2593,2593,129,ft,B,74,1,Thanks.  /,[ Thanks/UH ] ./.,(INTJ (UH Thanks) (. .) (-DFL- E_S)),182,206.56,206.88
sw00utt/sw_0066_2593.utt,2/sw2593,2593,130,fc,B,74,2,# Bye-bye. # /,[ Bye-bye/UH ] ./.,(INTJ (UH Bye-bye) (. .) (-DFL- E_S)),183,0.0,0.0
sw00utt/sw_0066_2593.utt,2/sw2593,2593,131,fc,A,75,1,# Okay.  /,Okay/UH ./.,(INTJ (UH Okay) (. .) (-DFL- E_S)),168,207.03,207.29
sw00utt/sw_0066_2593.utt,2/sw2593,2593,132,fc,A,75,2,# Bye-bye. /,[ Bye-bye/UH ] ./.,(INTJ (UH Bye-bye) (. .) (-DFL- E_S)),183,207.39,207.86999999999998
