swda_filename,ptb_basename,conversation_no,transcript_index,act_tag,caller,utterance_index,subutterance_index,text,pos,trees,ptb_treenumbers,start_ts,end_ts
sw09utt/sw_0932_2610.utt,2/sw2610,2610,0,qo,A,1,1,"{D So, } how do you feel about the metric system? /","So/UH ,/, how/WRB do/VBP you/PRP feel/VB about/IN the/DT metric/JJ system/NN ?/.",,,0.6,2.12
sw09utt/sw_0932_2610.utt,2/sw2610,2610,1,sd,B,2,1,"<T V> {F Oh, } I like it.  /","Oh/UH ,/, I/PRP like/VBP it/PRP ./.",,,2.47,3.15
sw09utt/sw_0932_2610.utt,2/sw2610,2610,2,sd,B,2,2,"[ [ [ I, + I, ] + I ] have a foreign, + {D actually } I have more than one foreign ] automobile.  /","I/PRP ,/, I/PRP ,/, I/PRP have/VBP a/DT foreign/JJ ,/, actually/UH I/PRP have/VBP more/JJR than/IN one/CD foreign/JJ automobile/NN ./.",,,3.17,6.87
sw09utt/sw_0932_2610.utt,2/sw2610,2610,3,sd,B,2,3,"{C And } [ [ [ I, + I, ] + I ] find the, + {F uh, } I find [ the, + the ] ] nondecimal system with all the halves and quarters, - /","And/CC I/PRP ,/, I/PRP ,/, I/PRP find/VBP the/DT ,/, uh/UH ,/, I/PRP find/VBP the/DT ,/, the/DT nondecimal/NN system/NN with/IN all/PDT the/DT halves/NNS and/CC quarters/NNS ,/,",,,6.87,13.010000000000002
sw09utt/sw_0932_2610.utt,2/sw2610,2610,4,sd,B,2,4,I was trying to build a shed  /,I/PRP was/VBD trying/VBG to/TO build/VB a/DT shed/NN,,,13.01,14.19
sw09utt/sw_0932_2610.utt,2/sw2610,2610,5,sd,B,2,5,{C and } they give you these measurements like forty-two and three eighths inches  /,and/CC they/PRP give/VBP you/PRP these/DT measurements/NNS like/IN forty-two/CD and/CC three/CD eighths/NNS inches/NNS,,,14.51,18.73
sw09utt/sw_0932_2610.utt,2/sw2610,2610,6,sd,B,2,6,"{C and } we had to go a little less and trying to figure what's less than three eighths, {F uh } ... /","and/CC we/PRP had/VBD to/TO go/VB a/DT little/RB less/JJR and/CC trying/VBG to/TO figure/VB what/WP 's/BES less/JJR than/IN three/CD eighths/NNS ,/, uh/UH .../:",,,19.45,23.349999999999998
sw09utt/sw_0932_2610.utt,2/sw2610,2610,7,b,A,3,1,"Yeah,  /","Yeah/UH ,/,",,,24.73,25.17
sw09utt/sw_0932_2610.utt,2/sw2610,2610,8,%,A,3,2,"{C and } it's, - /","and/CC it/PRP 's/BES ,/,",,,25.41,26.110000000000003
sw09utt/sw_0932_2610.utt,2/sw2610,2610,9,sd,A,3,3,I forget how many millimeters.  /,I/PRP forget/VBP how/WRB many/JJ millimeters/NNS ./.,,,27.21,28.65
sw09utt/sw_0932_2610.utt,2/sw2610,2610,10,qy,A,3,4,{C So } you used the metric? /,So/RB you/PRP used/VBD the/DT metric/JJ ?/.,,,28.65,30.41
sw09utt/sw_0932_2610.utt,2/sw2610,2610,11,nn,B,4,1,"{D Well, } no.  /","Well/UH ,/, no/UH ./.",,,30.99,31.57
sw09utt/sw_0932_2610.utt,2/sw2610,2610,12,sd^e,B,4,2,"What we did was wind up using, - /","What/WP we/PRP did/VBD was/VBZ wind/VB up/RP using/VBG ,/,",,,31.57,32.730000000000004
sw09utt/sw_0932_2610.utt,2/sw2610,2610,13,sd,B,4,3,"{C and } [ you just go, + you just go ] down  /","and/CC you/PRP just/RB go/VBP ,/, you/PRP just/RB go/VBP down/RB",,,32.73,34.43
sw09utt/sw_0932_2610.utt,2/sw2610,2610,14,sd,B,4,4,"[ {C and, } + {C and } ] you get out [ [ the, + the, ] + so many ] inches  /","and/CC ,/, and/CC you/PRP get/VBP out/RP the/DT ,/, the/DT ,/, so/RB many/JJ inches/NNS",,,34.43,36.68
sw09utt/sw_0932_2610.utt,2/sw2610,2610,15,sd,B,4,5,"[ {C and, } + {C and } ] we just marked a little bit less than that, {F uh, } which is somewhat awkward  /","and/CC ,/, and/CC we/PRP just/RB marked/VBD a/DT little/JJ bit/NN less/JJR than/IN that/DT ,/, uh/UH ,/, which/WDT is/VBZ somewhat/RB awkward/JJ",,,37.18,41.46
sw09utt/sw_0932_2610.utt,2/sw2610,2610,16,sd,B,4,6,"{C but } had it been millimeters, you could have done. - /","but/CC had/VBD it/PRP been/VBN millimeters/NNS ,/, you/PRP could/MD have/VB done/VBN ./.",,,41.46,44.06
sw09utt/sw_0932_2610.utt,2/sw2610,2610,17,%,B,4,7,"I think what's interesting, - /","I/PRP think/VBP what/WP 's/BES interesting/JJ ,/,",,,44.06,45.02
sw09utt/sw_0932_2610.utt,2/sw2610,2610,18,sd,B,4,8,"the way engineering people do is they, - /","the/DT way/NN engineering/NN people/NNS do/VBP is/VBZ they/PRP ,/,",,,45.02,47.26
sw09utt/sw_0932_2610.utt,2/sw2610,2610,19,sd,B,4,9,"they, in essence, have gotten around it [ by, + by ] listing, {F uh, } decimal inches. /","they/PRP ,/, in/IN essence/NN ,/, have/VBP gotten/VBN around/IN it/PRP by/IN ,/, by/IN listing/VBG ,/, uh/UH ,/, decimal/NN inches/NNS ./.",,,47.78,52.84
sw09utt/sw_0932_2610.utt,2/sw2610,2610,20,b,A,5,1,"{F Uh, } yeah,  /","Uh/UH ,/, yeah/UH ,/,",,,53.34,53.82
sw09utt/sw_0932_2610.utt,2/sw2610,2610,21,b^r,A,5,2,yeah. /,yeah/UH ./.,,,53.96,54.1
sw09utt/sw_0932_2610.utt,2/sw2610,2610,22,qy,B,6,1,"[ Do you-, + are you ] involved in any engineering drawing stuff that?  <Dishes>  <talking>. /","Do/VBP you-/XX ,/, are/VBP you/PRP involved/JJ in/IN any/DT engineering/NN drawing/NN stuff/NN that/WDT ?/. ./.",,,54.92,57.94
sw09utt/sw_0932_2610.utt,2/sw2610,2610,23,ny,A,7,1,"{F Uh, } yeah,  /","Uh/UH ,/, yeah/UH ,/,",,,58.04,58.54
sw09utt/sw_0932_2610.utt,2/sw2610,2610,24,ny^r,A,7,2,yeah.  /,yeah/UH ./.,,,58.64,58.980000000000004
sw09utt/sw_0932_2610.utt,2/sw2610,2610,25,sd^e,A,7,3,"{F Uh, } I work in metal fab  /","Uh/UH ,/, I/PRP work/VBP in/IN metal/NN fab/NN",,,58.98,60.760000000000005
sw09utt/sw_0932_2610.utt,2/sw2610,2610,26,sd,A,7,4,"{C and } tenths of inches [ are, + are ] normal.  /","and/CC tenths/NNS of/IN inches/NNS are/VBP ,/, are/VBP normal/JJ ./.",,,62.14,65.06
sw09utt/sw_0932_2610.utt,2/sw2610,2610,27,sd,A,7,5,"{C And, } {D you know, } [ [ me-, + {D you know, } it is broken up in, ] + {D you know, } the inch is broken up ] and has been for quite some time [ for, + in ] tenths, hundredths, thousandths, ten thousandths, of an inch. /","And/CC ,/, you/PRP know/VBP ,/, me-/XX ,/, you/PRP know/VBP ,/, it/PRP is/VBZ broken/VBN up/RP in/IN ,/, you/PRP know/VBP ,/, the/DT inch/NN is/VBZ broken/VBN up/RP and/CC has/VBZ been/VBN for/IN quite/PDT some/DT time/NN for/IN ,/, in/IN tenths/NNS ,/, hundredths/NNS ,/, thousandths/NNS ,/, ten/CD thousandths/NNS ,/, of/IN an/DT inch/NN ./.",,,65.06,77.39999999999999
sw09utt/sw_0932_2610.utt,2/sw2610,2610,28,qy,B,8,1,"{D Well, } [ [ [ have, + have you, ] + do you, ] + are you ] involved in any other, {F uh, } metric type things like ... -/","Well/UH ,/, have/VBP ,/, have/VBP you/PRP ,/, do/VBP you/PRP ,/, are/VBP you/PRP involved/JJ in/IN any/DT other/JJ ,/, uh/UH ,/, metric/JJ type/NN things/NNS like/IN .../:",,,77.62,81.31
sw09utt/sw_0932_2610.utt,2/sw2610,2610,29,ny,A,9,1,"Yes,  /","Yes/UH ,/,",,,82.24,82.5
sw09utt/sw_0932_2610.utt,2/sw2610,2610,30,sd^e,A,9,2,I am.  /,I/PRP am/VBP ./.,,,82.5,82.9
sw09utt/sw_0932_2610.utt,2/sw2610,2610,31,sd,A,9,3,"[ I, + I ] have a Suzuki motorcycle  /","I/PRP ,/, I/PRP have/VBP a/DT Suzuki/NNP motorcycle/NN",,,83.0,85.3
sw09utt/sw_0932_2610.utt,2/sw2610,2610,32,sd,A,9,4,"[ {C and, } + {C and } ] I've had motorcycles, Japanese motorcycles for years and years  /","and/CC ,/, and/CC I/PRP 've/VBP had/VBN motorcycles/NNS ,/, Japanese/JJ motorcycles/NNS for/IN years/NNS and/CC years/NNS",,,85.32,91.42
sw09utt/sw_0932_2610.utt,2/sw2610,2610,33,sd,A,9,5,{C and } the metric system comes easy to me.  /,and/CC the/DT metric/JJ system/NN comes/VBZ easy/JJ to/IN me/PRP ./.,,,91.42,93.24000000000001
sw09utt/sw_0932_2610.utt,2/sw2610,2610,34,%,A,9,6,# {C But } my # ... -/,But/CC my/PRP$ .../:,,,94.8,95.24000000000001
sw09utt/sw_0932_2610.utt,2/sw2610,2610,35,sv,B,10,1,"# I think # it's interesting [ you we-, + {D you know, } when [ yo-, + you ] ] go out there  /","I/PRP think/VBP it/PRP 's/BES interesting/JJ you/PRP we-/XX ,/, you/PRP know/VBP ,/, when/WRB yo-/XX ,/, you/PRP go/VBP out/IN there/RB",,,95.25,97.19
sw09utt/sw_0932_2610.utt,2/sw2610,2610,36,sv,B,10,2,{C and } you're looking for a wrench  /,and/CC you/PRP 're/VBP looking/VBG for/IN a/DT wrench/NN,,,97.19,98.09
sw09utt/sw_0932_2610.utt,2/sw2610,2610,37,sv,B,10,3,{C and } you want the next size larger.  /,and/CC you/PRP want/VBP the/DT next/JJ size/NN larger/JJR ./.,,,98.09,99.49000000000001
sw09utt/sw_0932_2610.utt,2/sw2610,2610,38,sd,B,10,4,"[ I've got, + I inherited ] [ some, + some ] stuff like fifteen thirty seconds. /","I/PRP 've/VBP got/VBN ,/, I/PRP inherited/VBD some/DT ,/, some/DT stuff/NN like/IN fifteen/CD thirty/CD seconds/NNS ./.",,,99.97,104.01
sw09utt/sw_0932_2610.utt,2/sw2610,2610,39,b,A,11,1,Right. /,Right/UH ./.,,,104.58,104.89999999999999
sw09utt/sw_0932_2610.utt,2/sw2610,2610,40,sv,B,12,1,"{D Well, } {D now } that one's fairly easy, because that's probably slightly under half an inch.  /","Well/UH ,/, now/UH that/DT one/NN 's/BES fairly/RB easy/JJ ,/, because/IN that/DT 's/BES probably/RB slightly/RB under/IN half/PDT an/DT inch/NN ./.",,,104.91,108.51
sw09utt/sw_0932_2610.utt,2/sw2610,2610,41,sv,B,12,2,"{C But } some of them, [ like, + like, ] twenty-seven - /","But/CC some/DT of/IN them/PRP ,/, like/IN ,/, like/IN ,/, twenty-seven/CD",,,108.85,110.65
sw09utt/sw_0932_2610.utt,2/sw2610,2610,42,sd,B,12,3,"[ {C and, } + {C and } ] there are some thirty seconds and some of the things [ that, + that, ] {F uh, } don't translate. /","and/CC ,/, and/CC there/EX are/VBP some/DT thirty/CD seconds/NNS and/CC some/DT of/IN the/DT things/NNS that/WDT ,/, that/WDT ,/, uh/UH ,/, do/VBP n't/RB translate/VB ./.",,,110.65,116.59
sw09utt/sw_0932_2610.utt,2/sw2610,2610,43,aa,A,13,1,"Yeah,  /","Yeah/UH ,/,",,,116.7,116.98
sw09utt/sw_0932_2610.utt,2/sw2610,2610,44,aa^r,A,13,2,"yeah,  /","yeah/UH ,/,",,,116.98,117.26
sw09utt/sw_0932_2610.utt,2/sw2610,2610,45,%,A,13,3,"trans-, - /","trans-/XX ,/,",,,0.0,0.0
sw09utt/sw_0932_2610.utt,2/sw2610,2610,46,aa^r,A,13,4,yeah.  /,yeah/UH ./.,,,117.26,117.5
sw09utt/sw_0932_2610.utt,2/sw2610,2610,47,sv,A,13,5,"To go [ from, + from ] eighths to sixteenths to, {F uh, } thirty seconds and remember where it falls, it ... -/","To/TO go/VB from/IN ,/, from/IN eighths/NNS to/IN sixteenths/NNS to/IN ,/, uh/UH ,/, thirty/CD seconds/NNS and/CC remember/VB where/WRB it/PRP falls/VBZ ,/, it/PRP .../:",,,117.82,125.10000000000001
sw09utt/sw_0932_2610.utt,2/sw2610,2610,48,aa,B,14,1,Yeah.  /,Yeah/UH ./.,,,125.19,125.33
sw09utt/sw_0932_2610.utt,2/sw2610,2610,49,sv,B,14,2,"[ {C and, } + {C and } ] you've got to go over there and try it  /","and/CC ,/, and/CC you/PRP 've/VBP got/VBN to/TO go/VB over/IN there/RB and/CC try/VB it/PRP",,,125.33,126.57000000000001
sw09utt/sw_0932_2610.utt,2/sw2610,2610,50,sv(^q),B,14,3,"{C and } I suppose, {D you know, } I need a larger one.  /","and/CC I/PRP suppose/VBP ,/, you/PRP know/VBP ,/, I/PRP need/VBP a/DT larger/JJR one/NN ./.",,,126.57,128.21
sw09utt/sw_0932_2610.utt,2/sw2610,2610,51,^q,B,14,4,I need a smaller one.  /,I/PRP need/VBP a/DT smaller/JJR one/NN ./.,,,128.21,129.02999999999997
sw09utt/sw_0932_2610.utt,2/sw2610,2610,52,sv(^q),B,14,5,"{E I mean } obviously you can look at it and say {D well, } {D anyway. } - /","I/PRP mean/VBP obviously/RB you/PRP can/MD look/VB at/IN it/PRP and/CC say/VB well/UH ,/, anyway/UH ./.",,,129.03,131.59
sw09utt/sw_0932_2610.utt,2/sw2610,2610,53,sv,B,14,6,"I think the other thing that's interesting is that a lot of our stuff is already changed that we haven't, - /","I/PRP think/VBP the/DT other/JJ thing/NN that/WDT 's/BES interesting/JJ is/VBZ that/IN a/DT lot/NN of/IN our/PRP$ stuff/NN is/VBZ already/RB changed/VBN that/IN we/PRP have/VBP n't/RB ,/,",,,131.83,136.11
sw09utt/sw_0932_2610.utt,2/sw2610,2610,54,h,B,14,7,"I don't know,  /","I/PRP do/VBP n't/RB know/VB ,/,",,,136.53,136.99
sw09utt/sw_0932_2610.utt,2/sw2610,2610,55,qy,B,14,8,"[ do you, + do you ] drink adult beverages? /","do/VBP you/PRP ,/, do/VBP you/PRP drink/VB adult/NN beverages/NNS ?/.",,,136.99,138.81
sw09utt/sw_0932_2610.utt,2/sw2610,2610,56,ny,A,15,1,"Yeah,  /","Yeah/UH ,/,",,,139.25,139.53
sw09utt/sw_0932_2610.utt,2/sw2610,2610,57,sd^e,A,15,2,I drink beer. /,I/PRP drink/VBP beer/NN ./.,,,139.53,140.71
sw09utt/sw_0932_2610.utt,2/sw2610,2610,58,qy,B,16,1,"[ [ We-, + th-, ] + have ] you noticed [ that, + {F um, } that ] [ a lot of the, + {F um, } # a lot of ] # ... -/","We-/XX ,/, th-/XX ,/, have/VBP you/PRP noticed/VBN that/IN ,/, um/UH ,/, that/IN a/DT lot/NN of/IN the/DT ,/, um/UH ,/, a/DT lot/NN of/IN .../:",,,140.63,144.27
sw09utt/sw_0932_2610.utt,2/sw2610,2610,59,ny,A,17,1,"# Yeah,  /","Yeah/UH ,/,",,,0.0,0.0
sw09utt/sw_0932_2610.utt,2/sw2610,2610,60,^2,A,17,2,whiskey # is in liters. /,whiskey/NN is/VBZ in/IN liters/NNS ./.,,,144.41,145.26999999999998
sw09utt/sw_0932_2610.utt,2/sw2610,2610,61,aa,B,18,1,Yes. /,Yes/UH ./.,,,145.23,145.60999999999999
sw09utt/sw_0932_2610.utt,2/sw2610,2610,62,%,A,19,1,"[ {C And, } + {C and } ] the next, - /","And/CC ,/, and/CC the/DT next/JJ ,/,",,,146.11,147.31
sw09utt/sw_0932_2610.utt,2/sw2610,2610,63,%,A,19,2,"yeah,  /","yeah/UH ,/,",,,147.95,148.17
sw09utt/sw_0932_2610.utt,2/sw2610,2610,64,sd,A,19,3,"point seven five liters and then liters and then one point seven # five liters,  /","point/NN seven/CD five/CD liters/NNS and/CC then/RB liters/NNS and/CC then/RB one/CD point/NN seven/CD five/CD liters/NNS ,/,",,,148.25,153.53
sw09utt/sw_0932_2610.utt,2/sw2610,2610,65,%,A,19,4,yeah. # /,yeah/UH ./.,,,153.53,153.95
sw09utt/sw_0932_2610.utt,2/sw2610,2610,66,sd,B,20,1,"# [ It's {D like } a fifth, + # {D like } fifths of whiskey ] I thought was always kind of strange. /","It/PRP 's/BES like/IN a/DT fifth/NN ,/, like/IN fifths/NNS of/IN whiskey/NN I/PRP thought/VBD was/VBD always/RB kind/RB of/RB strange/JJ ./.",,,153.95,156.64000000000001
sw09utt/sw_0932_2610.utt,2/sw2610,2610,67,b,A,21,1,Yeah. /,Yeah/UH ./.,,,156.99,157.19
sw09utt/sw_0932_2610.utt,2/sw2610,2610,68,qh,B,22,1,What's a fifth of whiskey?  # <Laughter>. # /,What/WP 's/BES a/DT fifth/NN of/IN whiskey/NN ?/. ./.,,,157.34,158.44
sw09utt/sw_0932_2610.utt,2/sw2610,2610,69,aa,A,23,1,# Yeah.  /,Yeah/UH ./.,,,158.95,159.25
sw09utt/sw_0932_2610.utt,2/sw2610,2610,70,sd,A,23,2,"[ I, + I ] always # wondered about that myself. /","I/PRP ,/, I/PRP always/RB wondered/VBD about/IN that/DT myself/PRP ./.",,,159.25,161.35
sw09utt/sw_0932_2610.utt,2/sw2610,2610,71,sv,B,24,1,It was a marketing ploy. /,It/PRP was/VBD a/DT marketing/NN ploy/NN ./.,,,161.24,162.44000000000003
sw09utt/sw_0932_2610.utt,2/sw2610,2610,72,sd,A,25,1,"[ {C And, } + {C and } ] they had quarts at the same time though. /","And/CC ,/, and/CC they/PRP had/VBD quarts/NNS at/IN the/DT same/JJ time/NN though/RB ./.",,,162.81,165.23
sw09utt/sw_0932_2610.utt,2/sw2610,2610,73,b,B,26,1,Yeah.  /,Yeah/UH ./.,,,165.28,165.62
sw09utt/sw_0932_2610.utt,2/sw2610,2610,74,sv,B,26,2,"{C But } the idea was, is that [ by, + with ] five fifths, {F um, } [ [ they could, + {F uh, } they could, ] + {F uh, } they could ] sell five  /","But/CC the/DT idea/NN was/VBD ,/, is/VBZ that/IN by/IN ,/, with/IN five/CD fifths/NNS ,/, um/UH ,/, they/PRP could/MD ,/, uh/UH ,/, they/PRP could/MD ,/, uh/UH ,/, they/PRP could/MD sell/VB five/CD",,,165.78,171.6
sw09utt/sw_0932_2610.utt,2/sw2610,2610,75,sv,B,26,3,"[ {C and, } + {C and, } ] {F um, } it was <laughter> simply a ploy [ to, + to ] get people, {D you know } --","and/CC ,/, and/CC ,/, um/UH ,/, it/PRP was/VBD simply/RB a/DT ploy/NN to/TO ,/, to/TO get/VB people/NNS ,/, you/PRP know/VBP --/:",,,171.6,176.64
sw09utt/sw_0932_2610.utt,2/sw2610,2610,76,b,A,27,1,Yeah. /,Yeah/UH ./.,,,177.21,177.41
sw09utt/sw_0932_2610.utt,2/sw2610,2610,77,+,B,28,1,"-- [ to buy, + to buy ] more for, - /","--/: to/TO buy/VB ,/, to/TO buy/VB more/JJR for/IN ,/,",,,177.54,179.0
sw09utt/sw_0932_2610.utt,2/sw2610,2610,78,sv,B,28,2,"[ it's, + {F uh, } I ] find that interesting. /","it/PRP 's/BES ,/, uh/UH ,/, I/PRP find/VBP that/DT interesting/JJ ./.",,,179.66,180.88
sw09utt/sw_0932_2610.utt,2/sw2610,2610,79,%,A,29,1,It's ... -/,It/PRP 's/BES .../:,,,180.99,181.09
sw09utt/sw_0932_2610.utt,2/sw2610,2610,80,sd,B,30,1,"{C But } it's {D like, } {D you know, } [ [ [ the, + the, ] + the, ] + the ] soda and this kind of things coming in --","But/CC it/PRP 's/BES like/IN ,/, you/PRP know/VBP ,/, the/DT ,/, the/DT ,/, the/DT ,/, the/DT soda/NN and/CC this/DT kind/NN of/IN things/NNS coming/VBG in/IN --/:",,,181.0,185.17999999999998
sw09utt/sw_0932_2610.utt,2/sw2610,2610,81,^2,A,31,1,Liters. /,Liters/NNS ./.,,,185.29,185.75
sw09utt/sw_0932_2610.utt,2/sw2610,2610,82,+,B,32,1,"-- [ on-, + one ] liter bottles  /","--/: on-/XX ,/, one/CD liter/NN bottles/NNS",,,185.74,186.70000000000002
sw09utt/sw_0932_2610.utt,2/sw2610,2610,83,sv,B,32,2,"{C and, } {F um, } [ I, + I ] think it's kind of generational.  /","and/CC ,/, um/UH ,/, I/PRP ,/, I/PRP think/VBP it/PRP 's/BES kind/RB of/RB generational/JJ ./.",,,186.7,189.84
sw09utt/sw_0932_2610.utt,2/sw2610,2610,84,sd@,B,32,3,"Although I must admit [ that, + that ] [ [ I am not, + I ca-, ] + I'm not conversant ] in saying, {D you know, } that's three centimeters away.  # {E I mean, } [ [ or, + or, ] + or ] # ...","Although/IN I/PRP must/MD admit/VB that/IN ,/, that/IN I/PRP am/VBP not/RB ,/, I/PRP ca-/XX ,/, I/PRP 'm/VBP not/RB conversant/JJ in/IN saying/VBG ,/, you/PRP know/VBP ,/, that/DT 's/BES three/CD centimeters/NNS away/RB ./. I/PRP mean/VBP ,/, or/CC ,/, or/CC ,/, or/CC .../:",,,189.84,198.6
sw09utt/sw_0932_2610.utt,2/sw2610,2610,85,b,A,33,1,# Yeah.  /,Yeah/UH ./.,,,0.0,0.0
sw09utt/sw_0932_2610.utt,2/sw2610,2610,86,sd,A,33,2,"[ It, + it's, + ] # like I say, I work in a machine shop  /","It/PRP ,/, it/PRP 's/BES ,/, like/IN I/PRP say/VBP ,/, I/PRP work/VBP in/IN a/DT machine/NN shop/NN",,,199.97,201.97
sw09utt/sw_0932_2610.utt,2/sw2610,2610,87,sd,A,33,3,"{C and, } {F uh, } everything's still inches. /","and/CC ,/, uh/UH ,/, everything/NN 's/BES still/RB inches/NNS ./.",,,201.97,204.58999999999997
sw09utt/sw_0932_2610.utt,2/sw2610,2610,88,+@,B,34,1,Yeah.  /,Yeah/UH ./.,,,204.72,204.96
sw09utt/sw_0932_2610.utt,2/sw2610,2610,89,x,B,34,2,#  ((   )) . # /,MUMBLEx/XX ./.,,,0.0,0.0
sw09utt/sw_0932_2610.utt,2/sw2610,2610,90,sd,A,35,1,"# Everything's # still fractions of inches, # [ or pa-, + or tenths ] # --","Everything/NN 's/BES still/RB fractions/NNS of/IN inches/NNS ,/, or/CC pa-/XX ,/, or/CC tenths/NNS --/:",,,205.51,208.85
sw09utt/sw_0932_2610.utt,2/sw2610,2610,91,aa,B,36,1,# Yeah.  /,Yeah/UH ./.,,,0.0,0.0
sw09utt/sw_0932_2610.utt,2/sw2610,2610,92,sv,B,36,2,"[ It's, + it's ] hard to think # --","It/PRP 's/BES ,/, it/PRP 's/BES hard/JJ to/TO think/VB --/:",,,0.0,0.0
sw09utt/sw_0932_2610.utt,2/sw2610,2610,93,+,A,37,1,"-- or thousandths, [ or, + or ] ... -/","--/: or/CC thousandths/NNS ,/, or/CC ,/, or/CC .../:",,,208.89,210.35
sw09utt/sw_0932_2610.utt,2/sw2610,2610,94,+,B,38,1,-- though. /,--/: though/RB ./.,,,210.24,210.32000000000002
sw09utt/sw_0932_2610.utt,2/sw2610,2610,95,aa,A,39,1,Yes.  /,Yes/UH ./.,,,211.07,211.45
sw09utt/sw_0932_2610.utt,2/sw2610,2610,96,sv,A,39,2,it is a mental thing.  /,it/PRP is/VBZ a/DT mental/JJ thing/NN ./.,,,211.45,212.37
sw09utt/sw_0932_2610.utt,2/sw2610,2610,97,sv,A,39,3,It is a conversion thing. /,It/PRP is/VBZ a/DT conversion/NN thing/NN ./.,,,212.37,213.53
sw09utt/sw_0932_2610.utt,2/sw2610,2610,98,sv,B,40,1,"It's like a mill, {D you know. }  /","It/PRP 's/BES like/IN a/DT mill/NN ,/, you/PRP know/VBP ./.",,,213.58,214.54
sw09utt/sw_0932_2610.utt,2/sw2610,2610,99,sd,B,40,2,"[ [ We, + we do, ] + {F uh, } {F um, } {D well } we use ] a one mill bond wire or one point five mill [ co-, + bond ] wire [ on -- +","We/PRP ,/, we/PRP do/VBP ,/, uh/UH ,/, um/UH ,/, well/UH we/PRP use/VBP a/DT one/CD mill/NN bond/NN wire/NN or/CC one/CD point/NN five/CD mill/NN co-/XX ,/, bond/NN wire/NN on/IN --/:",,,214.54,220.54
sw09utt/sw_0932_2610.utt,2/sw2610,2610,100,b,A,41,1,Right. /,Right/UH ./.,,,220.64,220.76
sw09utt/sw_0932_2610.utt,2/sw2610,2610,101,+,B,42,1,-- on ] semiconductor devices.  /,--/: on/IN semiconductor/NN devices/NNS ./.,,,220.66,222.2
sw09utt/sw_0932_2610.utt,2/sw2610,2610,102,qh,B,42,2,"{C And } {D well, } what's a mill  /","And/CC well/UH ,/, what/WP 's/BES a/DT mill/NN",,,222.97,224.07
sw09utt/sw_0932_2610.utt,2/sw2610,2610,103,%,B,42,3,{C and } ... -/,and/CC .../:,,,224.11,224.47000000000003
sw09utt/sw_0932_2610.utt,2/sw2610,2610,104,b,A,43,1,"Yeah,  /","Yeah/UH ,/,",,,224.88,225.12
sw09utt/sw_0932_2610.utt,2/sw2610,2610,105,b^r,A,43,2,yeah.  /,yeah/UH ./.,,,225.12,225.32
sw09utt/sw_0932_2610.utt,2/sw2610,2610,106,sd,A,43,3,"{C But } what really annoys me is the way we, in the United States, have been converting to metric.  /","But/CC what/WP really/RB annoys/VBZ me/PRP is/VBZ the/DT way/NN we/PRP ,/, in/IN the/DT United/NNP States/NNPS ,/, have/VBP been/VBN converting/VBG to/IN metric/JJ ./.",,,226.58,233.12
sw09utt/sw_0932_2610.utt,2/sw2610,2610,107,sd,A,43,4,We have a eighty-nine Chevy Blazer.  /,We/PRP have/VBP a/DT eighty-nine/CD Chevy/NNP Blazer/NNP ./.,,,234.52,237.28
sw09utt/sw_0932_2610.utt,2/sw2610,2610,108,sd,A,43,5,"{C And } before that we had a Horizon.  {F Uh, } {D you know, } Plymouth Horizon? /","And/CC before/IN that/DT we/PRP had/VBD a/DT Horizon/NNP ./. Uh/UH ,/, you/PRP know/VBP ,/, Plymouth/NNP Horizon/NNP ?/.",,,237.68,241.2
sw09utt/sw_0932_2610.utt,2/sw2610,2610,109,b,B,44,1,Yeah. /,Yeah/UH ./.,,,241.53,241.69
sw09utt/sw_0932_2610.utt,2/sw2610,2610,110,sd,A,45,1,{C And } both of them were a mismatch of both <<pause>> American and metric. /,And/CC both/DT of/IN them/PRP were/VBD a/DT mismatch/NN of/IN both/DT American/JJ and/CC metric/JJ ./.,,,242.0,251.58
sw09utt/sw_0932_2610.utt,2/sw2610,2610,111,qy,B,46,1,"Don't you find that interesting? {F Uh, } [ [ that they, + that ] + <laughter> that they're ] doing that, {F uh, } in any field,  /","Do/VBP n't/RB you/PRP find/VB that/DT interesting/JJ ?/. Uh/UH ,/, that/IN they/PRP ,/, that/IN that/DT they/PRP 're/VBP doing/VBG that/DT ,/, uh/UH ,/, in/IN any/DT field/NN ,/,",,,251.75,257.44
sw09utt/sw_0932_2610.utt,2/sw2610,2610,112,%,B,46,2,"[ for ho-, + ] [ [ why, + why, ] + why ] pieces, - /","for/IN ho-/XX ,/, why/WRB ,/, why/WRB ,/, why/WRB pieces/NNS ,/,",,,257.44,259.36
sw09utt/sw_0932_2610.utt,2/sw2610,2610,113,qy,B,46,3,"[ could you, + could you ] get any connection on which was metric and which wasn't. /","could/MD you/PRP ,/, could/MD you/PRP get/VB any/DT connection/NN on/IN which/WDT was/VBD metric/JJ and/CC which/WDT was/VBD n't/RB ./.",,,259.38,262.04
sw09utt/sw_0932_2610.utt,2/sw2610,2610,114,b,A,47,1,"{F Uh, } okay.  /","Uh/UH ,/, okay/UH ./.",,,262.55,263.25
sw09utt/sw_0932_2610.utt,2/sw2610,2610,115,sd,A,47,2,The engine itself was mostly metric because it came from Canada. /,The/DT engine/NN itself/PRP was/VBD mostly/RB metric/JJ because/IN it/PRP came/VBD from/IN Canada/NNP ./.,,,264.07,270.37
sw09utt/sw_0932_2610.utt,2/sw2610,2610,116,bk,B,48,1,"{F Oh, } okay. /","Oh/UH ,/, okay/UH ./.",,,270.84,271.38
sw09utt/sw_0932_2610.utt,2/sw2610,2610,117,sd,A,49,1,"{C And } the starter was Bosch American,  /","And/CC the/DT starter/NN was/VBD Bosch/NNP American/JJ ,/,",,,272.53,276.69
sw09utt/sw_0932_2610.utt,2/sw2610,2610,118,%,A,49,2,{C so. } -/,so/RB ./.,,,276.69,277.07
sw09utt/sw_0932_2610.utt,2/sw2610,2610,119,bf,B,50,1,"The bolts [ [ [ were, + were Eng-, ] + were, ] + were English ] then. /","The/DT bolts/NNS were/VBD ,/, were/VBD Eng-/XX ,/, were/VBD ,/, were/VBD English/JJ then/RB ./.",,,279.68,282.52
sw09utt/sw_0932_2610.utt,2/sw2610,2610,120,aa,A,51,1,"Yeah,  /","Yeah/UH ,/,",,,282.67,282.97
sw09utt/sw_0932_2610.utt,2/sw2610,2610,121,aa^r,A,51,2,yeah.  /,yeah/UH ./.,,,283.08,283.35999999999996
sw09utt/sw_0932_2610.utt,2/sw2610,2610,122,sd,A,51,3,"[ It was, + it was ] annoying.  /","It/PRP was/VBD ,/, it/PRP was/VBD annoying/JJ ./.",,,284.32,285.52
sw09utt/sw_0932_2610.utt,2/sw2610,2610,123,sd,A,51,4,"[ [ One, + one ] half of the starter wa-, + {D you know, } three bolts on the starter ]  /","One/CD ,/, one/CD half/NN of/IN the/DT starter/NN wa-/XX ,/, you/PRP know/VBP ,/, three/CD bolts/NNS on/IN the/DT starter/NN",,,286.74,290.78
sw09utt/sw_0932_2610.utt,2/sw2610,2610,124,sd,A,51,5,{C and } two of them were American  /,and/CC two/CD of/IN them/PRP were/VBD American/JJ,,,290.78,293.26000000000005
sw09utt/sw_0932_2610.utt,2/sw2610,2610,125,sd,A,51,6,{C and } one of them was metric. /,and/CC one/CD of/IN them/PRP was/VBD metric/JJ ./.,,,293.26,295.03999999999996
sw09utt/sw_0932_2610.utt,2/sw2610,2610,126,ba,B,52,1,Now that's strange. /,Now/UH that/DT 's/BES strange/JJ ./.,,,295.7,296.62
sw09utt/sw_0932_2610.utt,2/sw2610,2610,127,sd,A,53,1,"{C And, } {F uh, } you go from the, {F uh, } water pump up to the radiator  /","And/CC ,/, uh/UH ,/, you/PRP go/VBP from/IN the/DT ,/, uh/UH ,/, water/NN pump/NN up/IN to/IN the/DT radiator/NN",,,296.86,303.44
sw09utt/sw_0932_2610.utt,2/sw2610,2610,128,sd,A,53,2,"{C and } on the water pump, it was all metric.  /","and/CC on/IN the/DT water/NN pump/NN ,/, it/PRP was/VBD all/DT metric/JJ ./.",,,303.68,309.56
sw09utt/sw_0932_2610.utt,2/sw2610,2610,129,sd,A,53,3,"[ {C And, } + {C and } ] on, {D you know, } the factory fittings, # {D you know, } the factory, {F uh } # --","And/CC ,/, and/CC on/IN ,/, you/PRP know/VBP ,/, the/DT factory/NN fittings/NNS ,/, you/PRP know/VBP ,/, the/DT factory/NN ,/, uh/UH --/:",,,309.62,314.78
sw09utt/sw_0932_2610.utt,2/sw2610,2610,130,b,B,54,1,# Yeah.  /,Yeah/UH ./.,,,315.04,315.42
sw09utt/sw_0932_2610.utt,2/sw2610,2610,131,b,B,54,2,Uh-huh. # /,Uh-huh/UH ./.,,,315.72,316.04
sw09utt/sw_0932_2610.utt,2/sw2610,2610,132,+,A,55,1,-- screw lock --,--/: screw/NN lock/NN --/:,,,317.76,318.6
sw09utt/sw_0932_2610.utt,2/sw2610,2610,133,b,B,56,1,Yeah. /,Yeah/UH ./.,,,318.5,318.7
sw09utt/sw_0932_2610.utt,2/sw2610,2610,134,+,A,57,1,"-- {F uh, } {F uh, } radiator # hose clamps. # /","--/: uh/UH ,/, uh/UH ,/, radiator/NN hose/NN clamps/NNS ./.",,,318.8,321.46000000000004
sw09utt/sw_0932_2610.utt,2/sw2610,2610,135,sv,B,58,1,# Essentially # they do that though  /,Essentially/RB they/PRP do/VBP that/DT though/RB,,,321.36,322.64
sw09utt/sw_0932_2610.utt,2/sw2610,2610,136,sv,B,58,2,"{C because } [ if, + if ] you look at General Motors, the size - /","because/IN if/IN ,/, if/IN you/PRP look/VBP at/IN General/NNP Motors/NNPS ,/, the/DT size/NN",,,322.64,325.24
sw09utt/sw_0932_2610.utt,2/sw2610,2610,137,sv,B,58,3,"[ [ and, + and, ] + and ] of course, Ford and Chrysler.  /","and/CC ,/, and/CC ,/, and/CC of/IN course/NN ,/, Ford/NNP and/CC Chrysler/NNP ./.",,,325.24,327.04
sw09utt/sw_0932_2610.utt,2/sw2610,2610,138,%,B,58,4,"[ If they all went, + if they all went ] metric, - /","If/IN they/PRP all/DT went/VBD ,/, if/IN they/PRP all/DT went/VBD metric/JJ ,/,",,,327.04,329.53
sw09utt/sw_0932_2610.utt,2/sw2610,2610,139,sv,B,58,5,"{C but } in a sense, {F um, } {D you know, } it's like  [ [ [ [ [ when yo-, + a measurement though, ] + when, ] + when you put, {F uh, } {D you know, } one point four three two inches, ] + whe-, ] + when you're milling something, ] # {F uh } # --","but/CC in/IN a/DT sense/NN ,/, um/UH ,/, you/PRP know/VBP ,/, it/PRP 's/BES like/IN when/WRB yo-/XX ,/, a/DT measurement/NN though/RB ,/, when/WRB ,/, when/WRB you/PRP put/VBP ,/, uh/UH ,/, you/PRP know/VBP ,/, one/CD point/NN four/CD three/CD two/CD inches/NNS ,/, whe-/XX ,/, when/WRB you/PRP 're/VBP milling/VBG something/NN ,/, uh/UH --/:",,,329.53,340.05
sw09utt/sw_0932_2610.utt,2/sw2610,2610,140,b,A,59,1,# Yeah. # /,Yeah/UH ./.,,,0.0,0.0
sw09utt/sw_0932_2610.utt,2/sw2610,2610,141,+,B,60,1,"-- you simply set your, {F uh, } equipment,  /","--/: you/PRP simply/RB set/VBP your/PRP$ ,/, uh/UH ,/, equipment/NN ,/,",,,340.47,342.69
sw09utt/sw_0932_2610.utt,2/sw2610,2610,142,sv,B,60,2,"[ [ {C or, } + {C or } you measu-, ] + {C or } you got ] your calipers there  /","or/CC ,/, or/CC you/PRP measu/VBP ,/, or/CC you/PRP got/VBN your/PRP$ calipers/NNS there/RB",,,342.69,344.89
sw09utt/sw_0932_2610.utt,2/sw2610,2610,143,sv,B,60,3,"[ {C and, } + {C and } ] you measure, {D you know, }  /","and/CC ,/, and/CC you/PRP measure/VBP ,/, you/PRP know/VBP ,/,",,,345.42,347.06
sw09utt/sw_0932_2610.utt,2/sw2610,2610,144,sv,B,60,4,you mic it to see if it's accurate  /,you/PRP mic/VBP it/PRP to/TO see/VB if/IN it/PRP 's/BES accurate/JJ,,,347.06,348.46
sw09utt/sw_0932_2610.utt,2/sw2610,2610,145,%,B,60,5,{C and. } -/,and/CC ./.,,,348.48,348.52000000000004
sw09utt/sw_0932_2610.utt,2/sw2610,2610,146,aa,A,61,1,Right.  /,Right/UH ./.,,,348.79,349.15000000000003
sw09utt/sw_0932_2610.utt,2/sw2610,2610,147,sv,A,61,2,[ It's + it's ] not a problem either way. /,It/PRP 's/BES it/PRP 's/BES not/RB a/DT problem/NN either/DT way/NN ./.,,,349.15,350.75
sw09utt/sw_0932_2610.utt,2/sw2610,2610,148,aa,B,62,1,No. /,No/UH ./.,,,350.64,351.0
sw09utt/sw_0932_2610.utt,2/sw2610,2610,149,sd,A,63,1,"Like I said, my only complaint is where they mixed them on the same car. /","Like/IN I/PRP said/VBD ,/, my/PRP$ only/JJ complaint/NN is/VBZ where/WRB they/PRP mixed/VBD them/PRP on/IN the/DT same/JJ car/NN ./.",,,351.65,355.35
sw09utt/sw_0932_2610.utt,2/sw2610,2610,150,b,B,64,1,Yeah. /,Yeah/UH ./.,,,355.42,355.74
sw09utt/sw_0932_2610.utt,2/sw2610,2610,151,sv,A,65,1,{C And } you go to look at it  /,And/CC you/PRP go/VBP to/TO look/VB at/IN it/PRP,,,356.35,357.41
sw09utt/sw_0932_2610.utt,2/sw2610,2610,152,sv,A,65,2,"{C and } you don't know which set to reach in, American or metric. /","and/CC you/PRP do/VBP n't/RB know/VB which/WDT set/NN to/TO reach/VB in/IN ,/, American/JJ or/CC metric/JJ ./.",,,357.65,360.59000000000003
sw09utt/sw_0932_2610.utt,2/sw2610,2610,153,b,B,66,1,Yeah. /,Yeah/UH ./.,,,360.7,361.06
sw09utt/sw_0932_2610.utt,2/sw2610,2610,154,sv,A,67,1,"[ {C and, } + {C and, } ] you're never quite sure,  /","and/CC ,/, and/CC ,/, you/PRP 're/VBP never/RB quite/RB sure/JJ ,/,",,,361.85,364.40999999999997
sw09utt/sw_0932_2610.utt,2/sw2610,2610,155,^q,A,67,2,"{D well, } is that a metric bolt. /","well/UH ,/, is/VBZ that/DT a/DT metric/JJ bolt/NN ./.",,,364.41,365.69
sw09utt/sw_0932_2610.utt,2/sw2610,2610,156,qy^g,B,68,1,"You get you a pair of metric pliers, right <laughter>? /","You/PRP get/VBP you/PRP a/DT pair/NN of/IN metric/JJ pliers/NNS ,/, right/UH ?/.",,,366.02,367.8
sw09utt/sw_0932_2610.utt,2/sw2610,2610,157,na,A,69,1,"Right,  /","Right/UH ,/,",,,368.61,368.89
sw09utt/sw_0932_2610.utt,2/sw2610,2610,158,na^r,A,69,2,right. /,right/UH ./.,,,368.89,369.39
sw09utt/sw_0932_2610.utt,2/sw2610,2610,159,qy^d,B,70,1,{C And } you beat on it  /,And/CC you/PRP beat/VBP on/IN it/PRP,,,369.34,370.0
sw09utt/sw_0932_2610.utt,2/sw2610,2610,160,qy^d,B,70,2,and a metric hammer <laughter>. /,and/CC a/DT metric/JJ hammer/NN ./.,,,370.0,371.21999999999997
sw09utt/sw_0932_2610.utt,2/sw2610,2610,161,sv,A,71,1,"[ It, + it ] can be annoying  /","It/PRP ,/, it/PRP can/MD be/VB annoying/JJ",,,371.32,372.46000000000004
sw09utt/sw_0932_2610.utt,2/sw2610,2610,162,qy^d,A,71,2,"{C and } my other [ con-, + concern ] is, + is the American government going to force us to go. /","and/CC my/PRP$ other/JJ con-/NN ,/, concern/NN is/VBZ ,/, is/VBZ the/DT American/JJ government/NN going/VBG to/TO force/VB us/PRP to/TO go/VB ./.",,,372.8,380.22
sw09utt/sw_0932_2610.utt,2/sw2610,2610,163,sv,B,72,1,"{F Oh, } [ I think, + I don't think ] so.  /","Oh/UH ,/, I/PRP think/VBP ,/, I/PRP do/VBP n't/RB think/VB so/RB ./.",,,380.12,381.64
sw09utt/sw_0932_2610.utt,2/sw2610,2610,164,sv,B,72,2,"[ [ I, + I think that, th-, ] + {F uh, } I think they've ] now just taken the attitude that, {D well, } [ if it happens, + if it, ] - /","I/PRP ,/, I/PRP think/VBP that/IN ,/, th-/XX ,/, uh/UH ,/, I/PRP think/VBP they/PRP 've/VBP now/RB just/RB taken/VBN the/DT attitude/NN that/IN ,/, well/UH ,/, if/IN it/PRP happens/VBZ ,/, if/IN it/PRP ,/,",,,381.64,387.12
sw09utt/sw_0932_2610.utt,2/sw2610,2610,165,sv,B,72,3,"{C because } [ it, + there ] a lot of things [ [ that, + that, ] + {F uh, } {F um, } like ] sports, {D you know. }  /","because/IN it/PRP ,/, there/EX a/DT lot/NN of/IN things/NNS that/WDT ,/, that/WDT ,/, uh/UH ,/, um/UH ,/, like/IN sports/NNS ,/, you/PRP know/VBP ./.",,,387.46,392.64
sw09utt/sw_0932_2610.utt,2/sw2610,2610,166,sv,B,72,4,It's a hundred meter. /,It/PRP 's/BES a/DT hundred/CD meter/NN ./.,,,392.94,393.76
sw09utt/sw_0932_2610.utt,2/sw2610,2610,167,aa,A,73,1,"{F Oh, } absolutely. /","Oh/UH ,/, absolutely/UH ./.",,,394.2,394.94
sw09utt/sw_0932_2610.utt,2/sw2610,2610,168,%,B,74,1,"[ {C And, } + {F uh, } {F uh, } {C but } ] automobile races - /","And/CC ,/, uh/UH ,/, uh/UH ,/, but/CC automobile/NN races/NNS",,,395.1,398.09999999999997
sw09utt/sw_0932_2610.utt,2/sw2610,2610,169,%,B,74,2,"if it, - /","if/IN it/PRP ,/,",,,398.16,398.44
sw09utt/sw_0932_2610.utt,2/sw2610,2610,170,sv,B,74,3,"I don't think they'd ever, - /","I/PRP do/VBP n't/RB think/VB they/PRP 'd/MD ever/RB ,/,",,,398.8,399.58
sw09utt/sw_0932_2610.utt,2/sw2610,2610,171,qy^d,B,74,4,it's still going to be the Indianapolis Five Hundred.  /,it/PRP 's/BES still/RB going/VBG to/TO be/VB the/DT Indianapolis/NNP Five/CD Hundred/CD ./.,,,399.58,401.24
sw09utt/sw_0932_2610.utt,2/sw2610,2610,172,qy^d,B,74,5,They're not going to ... -/,They/PRP 're/VBP not/RB going/VBG to/TO .../:,,,401.24,401.62
sw09utt/sw_0932_2610.utt,2/sw2610,2610,173,ny,A,75,1,"Yeah,  /","Yeah/UH ,/,",,,402.04,402.34000000000003
sw09utt/sw_0932_2610.utt,2/sw2610,2610,174,ny^r,A,75,2,Yeah.  /,Yeah/UH ./.,,,402.34,402.56
sw09utt/sw_0932_2610.utt,2/sw2610,2610,175,sd^e,A,75,3,They're not going to change that to meters.  /,They/PRP 're/VBP not/RB going/VBG to/TO change/VB that/DT to/IN meters/NNS ./.,,,402.56,403.86
sw09utt/sw_0932_2610.utt,2/sw2610,2610,176,sd,A,75,4,It will always be. /,It/PRP will/MD always/RB be/VB ./.,,,403.86,404.53999999999996
sw09utt/sw_0932_2610.utt,2/sw2610,2610,177,b,B,76,1,Yeah.  /,Yeah/UH ./.,,,404.78,405.02
sw09utt/sw_0932_2610.utt,2/sw2610,2610,178,sv,B,76,2,"[ {C And, } + {C and } ] [ [ [ [ [ it, + I, ] + I don't think it, ] + I don't, ] + {D you know, } I don't think, ] + I don't think it's ] particularly bothersome because in reality, {F uh, } - /","And/CC ,/, and/CC it/PRP ,/, I/PRP ,/, I/PRP do/VBP n't/RB think/VB it/PRP ,/, I/PRP do/VBP n't/RB ,/, you/PRP know/VBP ,/, I/PRP do/VBP n't/RB think/VB ,/, I/PRP do/VBP n't/RB think/VB it/PRP 's/BES particularly/RB bothersome/JJ because/IN in/IN reality/NN ,/, uh/UH ,/,",,,405.13,411.99
sw09utt/sw_0932_2610.utt,2/sw2610,2610,179,sv,B,76,3,"[ you, + it's ] like troy ounces in ounces of gold.  /","you/PRP ,/, it/PRP 's/BES like/IN troy/NN ounces/NNS in/IN ounces/NNS of/IN gold/NN ./.",,,411.99,414.13
sw09utt/sw_0932_2610.utt,2/sw2610,2610,180,qw,B,76,4,"How many ounces of gold, {D you know. } /","How/WRB many/JJ ounces/NNS of/IN gold/NN ,/, you/PRP know/VBP ./.",,,414.13,415.77000000000004
sw09utt/sw_0932_2610.utt,2/sw2610,2610,181,sd,A,77,1,Twelve. /,Twelve/CD ./.,,,415.88,416.15999999999997
sw09utt/sw_0932_2610.utt,2/sw2610,2610,182,sd,B,78,1,"[ I was trying, + I was trying ] to figure up gold content on something.  /","I/PRP was/VBD trying/VBG ,/, I/PRP was/VBD trying/VBG to/TO figure/VB up/RP gold/NN content/NN on/IN something/NN ./.",,,416.05,420.39
sw09utt/sw_0932_2610.utt,2/sw2610,2610,183,sd,B,78,2,"It [ had, + has, ] {F uh, } gold plated, {F uh, } header.  /","It/PRP had/VBD ,/, has/VBZ ,/, uh/UH ,/, gold/NN plated/VBN ,/, uh/UH ,/, header/NN ./.",,,420.71,423.19
sw09utt/sw_0932_2610.utt,2/sw2610,2610,184,sd,B,78,3,"[ {C And, } + {C and  } ] they're trying to think of what's a Troy ounce. /","And/CC ,/, and/CC they/PRP 're/VBP trying/VBG to/TO think/VB of/IN what/WP 's/BES a/DT Troy/NNP ounce/NN ./.",,,424.07,426.48999999999995
sw09utt/sw_0932_2610.utt,2/sw2610,2610,185,b,A,79,1,Yeah.  /,Yeah/UH ./.,,,426.91,427.07000000000005
sw09utt/sw_0932_2610.utt,2/sw2610,2610,186,sd,A,79,2,There's twelve troy ounces to the pound. /,There/EX 's/BES twelve/CD troy/NN ounces/NNS to/IN the/DT pound/NN ./.,,,427.07,429.05
sw09utt/sw_0932_2610.utt,2/sw2610,2610,187,b,B,80,1,Yeah.  /,Yeah/UH ./.,,,429.21,429.40999999999997
sw09utt/sw_0932_2610.utt,2/sw2610,2610,188,%,B,80,2,"{D Now } that makes, {D you know. } -/","Now/UH that/DT makes/VBZ ,/, you/PRP know/VBP ./.",,,429.41,430.63
sw09utt/sw_0932_2610.utt,2/sw2610,2610,189,b,A,81,1,Yeah.  /,Yeah/UH ./.,,,431.47,431.75
sw09utt/sw_0932_2610.utt,2/sw2610,2610,190,qh,A,81,2,"[ {C And, } + {C and } ] is that going to change too? /","And/CC ,/, and/CC is/VBZ that/DT going/VBG to/TO change/VB too/RB ?/.",,,431.91,434.27
sw09utt/sw_0932_2610.utt,2/sw2610,2610,191,sd,B,82,1,"{D Well, } {E I mean, } [ {C and, } + {C and then } ] there's a metric ton  /","Well/UH ,/, I/PRP mean/VBP ,/, and/CC ,/, and/CC then/RB there/EX 's/BES a/DT metric/JJ ton/NN",,,434.51,437.03
sw09utt/sw_0932_2610.utt,2/sw2610,2610,192,sd,B,82,2,{C and then } there's a ton.  /,and/CC then/RB there/EX 's/BES a/DT ton/NN ./.,,,437.03,437.81
sw09utt/sw_0932_2610.utt,2/sw2610,2610,193,qw,B,82,3,{C But } what's a metric ton? /,But/CC what/WP 's/BES a/DT metric/JJ ton/NN ?/.,,,437.81,438.81
sw09utt/sw_0932_2610.utt,2/sw2610,2610,194,%,A,83,1,"{F Uh, } se-, -- -/","Uh/UH ,/, se-/XX ,/, --/:",,,0.0,0.0
sw09utt/sw_0932_2610.utt,2/sw2610,2610,195,sd,B,84,1,I don't know. /,I/PRP do/VBP n't/RB know/VB ./.,,,439.5,440.48
sw09utt/sw_0932_2610.utt,2/sw2610,2610,196,no,A,85,1,-- I don't remember.  /,--/: I/PRP do/VBP n't/RB remember/VB ./.,,,440.82,441.66
sw09utt/sw_0932_2610.utt,2/sw2610,2610,197,sd,A,85,2,"[ I, + I ] read it.  /","I/PRP ,/, I/PRP read/VBD it/PRP ./.",,,441.66,442.6
sw09utt/sw_0932_2610.utt,2/sw2610,2610,198,qy,A,85,3,{C And } are we still going to maintain drams for perfume? /,And/CC are/VBP we/PRP still/RB going/VBG to/TO maintain/VB drams/NNS for/IN perfume/NN ?/.,,,443.82,448.14
sw09utt/sw_0932_2610.utt,2/sw2610,2610,199,ny,B,86,1,Yeah.  /,Yeah/UH ./.,,,448.72,448.98
sw09utt/sw_0932_2610.utt,2/sw2610,2610,200,sd^e,B,86,2,"[ [ And, + and then, ] + but ] then the medicine.  /","And/CC ,/, and/CC then/RB ,/, but/CC then/RB the/DT medicine/NN ./.",,,449.04,450.78
sw09utt/sw_0932_2610.utt,2/sw2610,2610,201,sd,B,86,3,"[ And, + and ] some of these other things  /","And/CC ,/, and/CC some/DT of/IN these/DT other/JJ things/NNS",,,450.78,452.42
sw09utt/sw_0932_2610.utt,2/sw2610,2610,202,sd,B,86,4,"[ and, + and ] the chemistry in those kinds of areas,  /","and/CC ,/, and/CC the/DT chemistry/NN in/IN those/DT kinds/NNS of/IN areas/NNS ,/,",,,452.42,454.38
sw09utt/sw_0932_2610.utt,2/sw2610,2610,203,sd,B,86,5,# milliliter. # /,milliliter/NN ./.,,,454.76,455.48
sw09utt/sw_0932_2610.utt,2/sw2610,2610,204,qy^d,A,87,1,# It's all metric # all ready. /,It/PRP 's/BES all/DT metric/JJ all/GW ready/^RB ./.,,,455.64,456.02000000000004
sw09utt/sw_0932_2610.utt,2/sw2610,2610,205,ny,B,88,1,Yeah.  /,Yeah/UH ./.,,,456.52,456.65999999999997
sw09utt/sw_0932_2610.utt,2/sw2610,2610,206,sd^e,B,88,2,"[ [ [ {C And, } + {C and so, } ] + {F um, } {C but, } ] + {C but } ] when you go to order a drink, {F um, } {D you know. }   ((   ))  say, [ [ they, + they, ] + I don't know, it's ] {F uh } ... -/","And/CC ,/, and/CC so/RB ,/, um/UH ,/, but/CC ,/, but/CC when/WRB you/PRP go/VBP to/TO order/VB a/DT drink/NN ,/, um/UH ,/, you/PRP know/VBP ./. MUMBLEx/XX say/VB ,/, they/PRP ,/, they/PRP ,/, I/PRP do/VBP n't/RB know/VB ,/, it/PRP 's/BES uh/UH .../:",,,456.66,463.25
sw09utt/sw_0932_2610.utt,2/sw2610,2610,207,qw,A,89,1,{C And } what will a shot be?  /,And/CC what/WP will/MD a/DT shot/NN be/VB ?/.,,,463.35,464.41
sw09utt/sw_0932_2610.utt,2/sw2610,2610,208,qy,A,89,2,Will a shot be an ounce? /,Will/MD a/DT shot/NN be/VB an/DT ounce/NN ?/.,,,464.43,465.45
sw09utt/sw_0932_2610.utt,2/sw2610,2610,209,no,B,90,1,I don't know.  /,I/PRP do/VBP n't/RB know/VB ./.,,,466.75,467.59000000000003
sw09utt/sw_0932_2610.utt,2/sw2610,2610,210,sv(^q),B,90,2,"[ [ {C And, } + {C and, } ] + {C but, } ] {D you know, } when you go to the store [ and, + and ]  you're trying to figure, {D you know, } {D well } this box [ [ [ is, + is, ] + {F uh, } is, ] + is ] twelve ounces - /","And/CC ,/, and/CC ,/, but/CC ,/, you/PRP know/VBP ,/, when/WRB you/PRP go/VBP to/IN the/DT store/NN and/CC ,/, and/CC you/PRP 're/VBP trying/VBG to/TO figure/VB ,/, you/PRP know/VBP ,/, well/UH this/DT box/NN is/VBZ ,/, is/VBZ ,/, uh/UH ,/, is/VBZ ,/, is/VBZ twelve/CD ounces/NNS",,,467.59,475.41
sw09utt/sw_0932_2610.utt,2/sw2610,2610,211,^q,B,90,3,"[ {C and, } + {C and } ] this one's, {F uh, } {F uh, } three pounds, {F um, }  /","and/CC ,/, and/CC this/DT one/NN 's/BES ,/, uh/UH ,/, uh/UH ,/, three/CD pounds/NNS ,/, um/UH ,/,",,,475.83,479.71
sw09utt/sw_0932_2610.utt,2/sw2610,2610,212,%,B,90,4,# {C and } you # ... -/,and/CC you/PRP .../:,,,479.71,479.99
sw09utt/sw_0932_2610.utt,2/sw2610,2610,213,sv,A,91,1,"# {C And } the # other one's two point one kis,  /","And/CC the/DT other/JJ one/NN 's/BES two/CD point/NN one/CD kis/NNS ,/,",,,480.09,482.96999999999997
sw09utt/sw_0932_2610.utt,2/sw2610,2610,214,sv,A,91,2,"[ {C and, } + {C and } ] [ you're, + you're ] lost. /","and/CC ,/, and/CC you/PRP 're/VBP  ,/, you/PRP 're/VBP lost/JJ ./.",,,482.97,485.43
sw09utt/sw_0932_2610.utt,2/sw2610,2610,215,aa,B,92,1,That's right.  /,That/DT 's/BES right/JJ ./.,,,485.71,486.16999999999996
sw09utt/sw_0932_2610.utt,2/sw2610,2610,216,h,B,92,2,"[ {C And, } + {C and } ] I don't know.  /","And/CC ,/, and/CC I/PRP do/VBP n't/RB know/VB ./.",,,486.81,488.71
sw09utt/sw_0932_2610.utt,2/sw2610,2610,217,sv,B,92,3,"[ [ [ [ I, + I think that, ] + I, ] + I think, ] + I think ] the Federal government is going to, more or less, leave it alone.  /","I/PRP ,/, I/PRP think/VBP that/IN ,/, I/PRP ,/, I/PRP think/VBP ,/, I/PRP think/VBP the/DT Federal/NNP government/NN is/VBZ going/VBG to/TO ,/, more/JJR or/CC less/JJR ,/, leave/VB it/PRP alone/RB ./.",,,488.71,492.47
sw09utt/sw_0932_2610.utt,2/sw2610,2610,218,sv,B,92,4,"[ I think they've got, + I think there are ] more pressing problems. /","I/PRP think/VBP they/PRP 've/VBP got/VBN ,/, I/PRP think/VBP there/EX are/VBP more/JJR pressing/JJ problems/NNS ./.",,,492.47,495.02
sw09utt/sw_0932_2610.utt,2/sw2610,2610,219,aa,A,93,1,"{F Oh, } yeah.  /","Oh/UH ,/, yeah/UH ./.",,,495.52,495.97999999999996
sw09utt/sw_0932_2610.utt,2/sw2610,2610,220,sv,A,93,2,The economy. /,The/DT economy/NN ./.,,,496.06,496.64000000000004
sw09utt/sw_0932_2610.utt,2/sw2610,2610,221,aa,B,94,1,Yes. /,Yes/UH ./.,,,497.26,497.32
sw09utt/sw_0932_2610.utt,2/sw2610,2610,222,sd,A,95,1,"{F Uh, } what I was thinking about is an economical issue concerning it.  {F Uh, }  /","Uh/UH ,/, what/WP I/PRP was/VBD thinking/VBG about/IN is/VBZ an/DT economical/JJ issue/NN concerning/VBG it/PRP ./. Uh/UH ,/,",,,497.42,500.96
sw09utt/sw_0932_2610.utt,2/sw2610,2610,223,sv,A,95,2,a machinist has a huge number of dollars invested in tooling.  /,a/DT machinist/NN has/VBZ a/DT huge/JJ number/NN of/IN dollars/NNS invested/VBN in/IN tooling/NN ./.,,,502.12,506.4
sw09utt/sw_0932_2610.utt,2/sw2610,2610,224,sv,A,95,3,Personal tools to be able to do his job. /,Personal/JJ tools/NNS to/TO be/VB able/JJ to/TO do/VB his/PRP$ job/NN ./.,,,507.16,508.84
sw09utt/sw_0932_2610.utt,2/sw2610,2610,225,aa,B,96,1,<Breathing> Yeah.  /,Yeah/UH ./.,,,509.42,509.92
sw09utt/sw_0932_2610.utt,2/sw2610,2610,226,%,B,96,2,"[ {C But, } + {C but } ] [ are, + are ] the tools that, {F uh, } - /","But/CC ,/, but/CC are/VBP ,/, are/VBP the/DT tools/NNS that/WDT ,/, uh/UH ,/,",,,510.12,511.92
sw09utt/sw_0932_2610.utt,2/sw2610,2610,227,%,B,96,3,"if you're cutting, - /","if/IN you/PRP 're/VBP cutting/VBG ,/,",,,512.0,512.9200000000001
sw09utt/sw_0932_2610.utt,2/sw2610,2610,228,qr,B,96,4,"are you talking about cutting equipment or tools [ for tha-, + for set up? ] /","are/VBP you/PRP talking/VBG about/IN cutting/NN equipment/NN or/CC tools/NNS for/IN tha-/XX ,/, for/IN set/GW up/^NN ?/.",,,512.92,515.42
sw09utt/sw_0932_2610.utt,2/sw2610,2610,229,sd,A,97,1,"{F Uh, } tools for set up and for measurement.  /","Uh/UH ,/, tools/NNS for/IN set/GW up/^NN and/CC for/IN measurement/NN ./.",,,516.1,517.76
sw09utt/sw_0932_2610.utt,2/sw2610,2610,230,sv,A,97,2,"{F Uh, } you got to have a one tenth indicator,  /","Uh/UH ,/, you/PRP got/VBN to/TO have/VB a/DT one/CD tenth/JJ indicator/NN ,/,",,,518.72,524.06
sw09utt/sw_0932_2610.utt,2/sw2610,2610,231,sv,A,97,3,"it's a hundred dollars.  {F Uh, }  /","it/PRP 's/BES a/DT hundred/CD dollars/NNS ./. Uh/UH ,/,",,,524.06,526.74
sw09utt/sw_0932_2610.utt,2/sw2610,2610,232,sv,A,97,4,"[ five tenths indic-, + {F uh, } usually two one tenth indicators -- ]","five/CD tenths/NNS indic-/XX ,/, uh/UH ,/, usually/RB two/CD one/CD tenth/NN indicators/NNS --/:",,,527.5,531.3
sw09utt/sw_0932_2610.utt,2/sw2610,2610,233,b,B,98,1,{F Huh. } /,Huh/UH ./.,,,531.46,531.6
sw09utt/sw_0932_2610.utt,2/sw2610,2610,234,+,A,99,1,"-- at a hundred dollars each.  {F Uh, }  /","--/: at/IN a/DT hundred/CD dollars/NNS each/DT ./. Uh/UH ,/,",,,531.7,533.24
sw09utt/sw_0932_2610.utt,2/sw2610,2610,235,sv,A,99,2,five tenths indicator at about a hundred dollars.  /,five/CD tenths/NNS indicator/NN at/IN about/RB a/DT hundred/CD dollars/NNS ./.,,,533.56,536.76
sw09utt/sw_0932_2610.utt,2/sw2610,2610,236,sv,A,99,3,"You got to have, {F uh, } six inch set of calipers at anywhere from sixty to a hundred twenty dollars.  /","You/PRP got/VBN to/TO have/VB ,/, uh/UH ,/, six/CD inch/NN set/NN of/IN calipers/NNS at/IN anywhere/RB from/IN sixty/CD to/IN a/DT hundred/CD twenty/CD dollars/NNS ./.",,,536.76,544.44
sw09utt/sw_0932_2610.utt,2/sw2610,2610,237,sv,A,99,4,"You got to have a zero to one for sixty dollars.  {F Uh, }  /","You/PRP got/VBN to/TO have/VB a/DT zero/CD to/IN one/CD for/IN sixty/CD dollars/NNS ./. Uh/UH ,/,",,,544.54,547.98
sw09utt/sw_0932_2610.utt,2/sw2610,2610,238,sv,A,99,5,one to two inch micrometer for sixty dollars.  /,one/CD to/IN two/CD inch/NN micrometer/NN for/IN sixty/CD dollars/NNS ./.,,,548.48,551.88
sw09utt/sw_0932_2610.utt,2/sw2610,2610,239,sv,A,99,6,A two to three for eighty dollars.  /,A/DT two/CD to/IN three/CD for/IN eighty/CD dollars/NNS ./.,,,552.38,555.22
sw09utt/sw_0932_2610.utt,2/sw2610,2610,240,sv,A,99,7,A three to four for eighty dollars. /,A/DT three/CD to/IN four/CD for/IN eighty/CD dollars/NNS ./.,,,555.98,557.92
sw09utt/sw_0932_2610.utt,2/sw2610,2610,241,bf,B,100,1,{C So } you've got thousands of dollars or so.  /,So/RB you/PRP 've/VBP got/VBN thousands/NNS of/IN dollars/NNS or/CC so/RB ./.,,,558.2,560.72
sw09utt/sw_0932_2610.utt,2/sw2610,2610,242,bf,B,100,2,I mean you get a thousand dollars worth of tools. /,I/PRP mean/VBP you/PRP get/VBP a/DT thousand/CD dollars/NNS worth/JJ of/IN tools/NNS ./.,,,560.72,562.5400000000001
sw09utt/sw_0932_2610.utt,2/sw2610,2610,243,aa,A,101,1,Real fast. /,Real/RB fast/RB ./.,,,562.64,563.3000000000001
sw09utt/sw_0932_2610.utt,2/sw2610,2610,244,b,B,102,1,Yes. /,Yes/UH ./.,,,563.36,563.8000000000001
sw09utt/sw_0932_2610.utt,2/sw2610,2610,245,aa,A,103,1,"Real, real fast.  /","Real/RB ,/, real/RB fast/RB ./.",,,564.32,565.64
sw09utt/sw_0932_2610.utt,2/sw2610,2610,246,%,A,103,2,Edge finders and ... -/,Edge/NN finders/NNS and/CC .../:,,,566.24,567.54
sw09utt/sw_0932_2610.utt,2/sw2610,2610,247,%,B,104,1,"{C But } I was thinking about though [ that, + that ] when you actually get to the milling equipment though, when it starts turning ... -/","But/CC I/PRP was/VBD thinking/VBG about/IN though/RB that/IN ,/, that/IN when/WRB you/PRP actually/RB get/VBP to/IN the/DT milling/NN equipment/NN though/RB ,/, when/WRB it/PRP starts/VBZ turning/VBG .../:",,,567.44,572.38
sw09utt/sw_0932_2610.utt,2/sw2610,2610,248,aa,A,105,1,"{D Well, } I know,  /","Well/UH ,/, I/PRP know/VBP ,/,",,,573.32,573.96
sw09utt/sw_0932_2610.utt,2/sw2610,2610,249,%,A,105,2,"{C because, } okay.  /","because/IN ,/, okay/UH ./.",,,574.02,575.3000000000001
sw09utt/sw_0932_2610.utt,2/sw2610,2610,250,sd,A,105,3,Your end mills will be measured in inches or  fractions of inches. /,Your/PRP$ end/NN mills/NNS will/MD be/VB measured/VBN in/IN inches/NNS or/CC fractions/NNS of/IN inches/NNS ./.,,,576.54,580.9000000000001
sw09utt/sw_0932_2610.utt,2/sw2610,2610,251,b,B,106,1,Yeah. /,Yeah/UH ./.,,,580.92,581.18
sw09utt/sw_0932_2610.utt,2/sw2610,2610,252,qh,A,107,1,{D You know. } /,You/PRP know/VBP ./.,,,582.06,582.44
sw09utt/sw_0932_2610.utt,2/sw2610,2610,253,sv(^q),B,108,1,"{C But } [ [ [ whe-, + you, ] + when you, ] + when you ] simply drilling a hole, {E I mean, } a real simple thing, like gee, - /","But/CC whe/WRB ,/, you/PRP ,/, when/WRB you/PRP ,/, when/WRB you/PRP simply/RB drilling/VBG a/DT hole/NN ,/, I/PRP mean/VBP ,/, a/DT real/RB simple/JJ thing/NN ,/, like/IN gee/UH ,/,",,,582.74,586.55
sw09utt/sw_0932_2610.utt,2/sw2610,2610,254,^q,B,108,2,I need a hole there. /,I/PRP need/VBP a/DT hole/NN there/RB ./.,,,586.57,587.33
sw09utt/sw_0932_2610.utt,2/sw2610,2610,255,qh,A,109,1,What size hole? /,What/WP size/NN hole/NN ?/.,,,587.57,588.21
sw09utt/sw_0932_2610.utt,2/sw2610,2610,256,b,B,110,1,Yeah. /,Yeah/UH ./.,,,590.19,590.37
sw09utt/sw_0932_2610.utt,2/sw2610,2610,257,qh,A,111,1,"As in metric size hole [ or a, + or an ] American sized hole? /","As/IN in/IN metric/JJ size/NN hole/NN or/CC a/DT ,/, or/CC an/DT American/JJ sized/JJ hole/NN ?/.",,,590.47,594.11
sw09utt/sw_0932_2610.utt,2/sw2610,2610,258,aa,B,112,1,Yeah.  /,Yeah/UH ./.,,,594.29,594.61
sw09utt/sw_0932_2610.utt,2/sw2610,2610,259,sv,B,112,2,"[ [ {C And, } + {C and } what, ] + {C but } ] the thing is then you've got to with screws  /","And/CC ,/, and/CC what/WP ,/, but/CC the/DT thing/NN is/VBZ then/RB you/PRP 've/VBP got/VBN to/TO with/IN screws/NNS",,,594.69,596.99
sw09utt/sw_0932_2610.utt,2/sw2610,2610,260,sv,B,112,3,"{C and } that's the other issue.  # {F Uh, }  /","and/CC that/DT 's/BES the/DT other/JJ issue/NN ./. Uh/UH ,/,",,,596.99,597.9300000000001
sw09utt/sw_0932_2610.utt,2/sw2610,2610,261,sv,B,112,4,the pitch and </T V> </dishes> </talking> # ... -/,the/DT pitch/NN and/CC .../:,,,0.0,0.0
sw09utt/sw_0932_2610.utt,2/sw2610,2610,262,aa,A,113,1,"# Yeah,  /","Yeah/UH ,/,",,,598.41,598.73
sw09utt/sw_0932_2610.utt,2/sw2610,2610,263,aa^r,A,113,2,yeah.  /,yeah/UH ./.,,,598.73,598.99
sw09utt/sw_0932_2610.utt,2/sw2610,2610,264,sv,A,113,3,"{D Well } and thread, # /","Well/UH and/CC thread/NN ,/,",,,599.27,599.89
