swda_filename,ptb_basename,conversation_no,transcript_index,act_tag,caller,utterance_index,subutterance_index,text,pos,trees,ptb_treenumbers,start_ts,end_ts
sw02utt/sw_0282_2672.utt,2/sw2672,2672,0,ad,A,1,1,Start. /,[ Start/VB ] ./.,(S-IMP (NP-SBJ (-NONE- *)) (VP (VB Start)) (. .) (-DFL- E_S)),1,1.04,1.4
sw02utt/sw_0282_2672.utt,2/sw2672,2672,1,qw,B,2,1,What kind of recycling programs do you have in Rowlett? /,[ What/WDT kind/NN ] of/IN recycling/NN  [ programs/NNS ] do/VBP  [ you/PRP ] have/VB in/IN  [ Rowlett/NNP ] ?/.,(SBARQ (WHNP-1 (WHNP (WDT What) (NN kind)) (PP (IN of) (NP (NN recycling) (NNS programs)))) (SQ (VBP do) (NP-SBJ (PRP you)) (VP (VB have) (NP (-NONE- *T*-1)) (PP-LOC (IN in) (NP (NNP Rowlett))))) (. ?) (-DFL- E_S)),3,1.29,4.37
sw02utt/sw_0282_2672.utt,2/sw2672,2672,2,%,A,3,1,"{F Um, } th-, - /","[ Um/UH ] ,/,  [ th-/XX ] ,/,","(S (INTJ (UH Um)) (, ,) (NP-SBJ-UNF (XX th-)) (, ,) (-DFL- N_S))",5,0.0,0.0
sw02utt/sw_0282_2672.utt,2/sw2672,2672,3,sd,A,3,2,"{D well } right now they've got a, kind of a central location off of the main highway,  /","well/UH right/RB now/RB  [ they/PRP ] 've/VBP got/VBN  [ a/DT ] ,/,  [ kind/RB ] of/RB  [ a/DT central/JJ location/NN ] off/IN of/IN  [ the/DT main/JJ highway/NN ] ,/,","(S (INTJ (UH well)) (ADVP-TMP (RB right) (RB now)) (NP-SBJ (PRP they)) (VP (VBP 've) (VP (VBN got) (EDITED (NP-UNF (DT a)) (, ,)) (NP (NP (ADVP (RB kind) (RB of)) (DT a) (JJ central) (NN location)) (PP-LOC (IN off) (PP (IN of) (NP (DT the) (JJ main) (NN highway))))))) (, ,) (-DFL- E_S))",6,6.46,11.620000000000001
sw02utt/sw_0282_2672.utt,2/sw2672,2672,4,sd,A,3,3,"{C and } they've got some great big bins there for newspaper, {F um, } plastic, {F um, }  I think three bins for glass, white, green, and [ whatev-, + whatever ] other combination there is. /","and/CC  [ they/PRP ] 've/VBP got/VBN  [ some/DT great/JJ big/JJ bins/NNS ] there/RB for/IN  [ newspaper/NN ] ,/, um/UH ,/,  [ plastic/NN ] ,/, um/UH ,/,  [ I/PRP ] think/VBP  [ three/CD bins/NNS ] for/IN  [ glass/NN ] ,/,  [ white/JJ ] ,/,  [ green/JJ ] ,/, and/CC  [ whatev/WDT ] ,/,  [ whatever/WDT ] [ other/JJ combination/NN ] there/EX is/VBZ ./.","(S (CC and) (NP-SBJ (PRP they)) (VP (VBP 've) (VP (VBN got) (NP (NP (NP (DT some) (ADJP (JJ great) (JJ big)) (NNS bins)) (ADVP-LOC (RB there)) (PP (IN for) (NP (NN newspaper) (, ,) (INTJ (UH um)) (, ,) (NN plastic)))) (, ,) (INTJ (UH um)) (PRN (, ,) (S (NP-SBJ (PRP I)) (VP (VBP think)))) (NP (NP (CD three) (NNS bins)) (PP (IN for) (NP (NN glass))) (, ,) (NP (NP (JJ white)) (, ,) (NP (JJ green)) (, ,) (CC and) (SBAR-NOM (EDITED (RM (-DFL- \[)) (WHNP-UNF (WDT whatev-)) (, ,) (IP (-DFL- \+))) (WHNP-1 (WDT whatever) (RS (-DFL- \])) (JJ other) (NN combination)) (S (NP-SBJ (EX there)) (VP (VBZ is) (NP-PRD (-NONE- *T*-1)))))))))) (. .) (-DFL- E_S))",7,12.8,27.96
sw02utt/sw_0282_2672.utt,2/sw2672.pos,2672,5,x,B,4,1,<Laughter>.,./.,,,0.0,0.0
sw02utt/sw_0282_2672.utt,2/sw2672,2672,6,sd,A,5,1,"[ {C And, } + {C and } ] I think they've got [ a comp-, + ] {F uh, } some kind of container for aluminum. /","And/CC ,/, and/CC  [ I/PRP ] think/VBP  [ they/PRP ] 've/VBP got/VBN  [ a/DT comp-/XX ] ,/,  [ uh/UH ] ,/,  [ some/DT kind/NN ] of/IN  [ container/NN ] for/IN  [ aluminum/NN ] ./.","(S (EDITED (RM (-DFL- \[)) (CC And) (, ,) (IP (-DFL- \+))) (CC and) (RS (-DFL- \])) (NP-SBJ (PRP I)) (VP (VBP think) (SBAR (-NONE- 0) (S (NP-SBJ (PRP they)) (VP (VBP 've) (VP (VBN got) (EDITED (RM (-DFL- \[)) (NP-UNF (DT a) (XX comp-)) (, ,) (IP (-DFL- \+)) (RS (-DFL- \]))) (INTJ (UH uh)) (, ,) (NP (NP (DT some) (NN kind)) (PP (IN of) (NP (NN container))) (PP (IN for) (NP (NN aluminum))))))))) (. .) (-DFL- E_S))",10,29.0,33.3
sw02utt/sw_0282_2672.utt,2/sw2672,2672,7,sd,B,6,1,Plano's doing real good on that.  /,[ Plano/NNP ] 's/BES doing/VBG  [ real/RB good/RB ] on/IN  [ that/DT ] ./.,(S (NP-SBJ (NNP Plano)) (VP (BES 's) (VP (VBG doing) (ADVP-MNR (RB real) (RB good)) (PP (IN on) (NP (DT that))))) (. .) (-DFL- E_S)),12,35.63,37.13
sw02utt/sw_0282_2672.utt,2/sw2672,2672,8,sd,B,6,2,"[ They have, + {F uh, } they ] start off putting out great big huge garbage cans.","[ They/PRP ] have/VBP ,/,  [ uh/UH ] ,/,  [ they/PRP ] start/VBP off/RP putting/VBG out/RB  [ great/JJ big/JJ huge/JJ garbage/NN cans/NNS ] ./.","(S (EDITED (RM (-DFL- \[)) (S (NP-SBJ (PRP They)) (VP-UNF (VBP have))) (, ,) (IP (-DFL- \+))) (INTJ (UH uh)) (, ,) (NP-SBJ-1 (PRP they)) (RS (-DFL- \])) (VP (VBP start) (PRT (RP off)) (S (NP-SBJ (-NONE- *-1)) (VP (VBG putting) (PRT (RB out)) (NP (NP (ADJP (JJ great) (JJ big)) (JJ huge) (NN garbage) (NNS cans)) (. .) (SBAR (WHNP-3 (WDT Which)) (S (NP-SBJ-2 (PRP we)) (VP (VBP 're) (VP (VBN supposed) (S (NP-SBJ (-NONE- *-2)) (VP (TO to) (VP (VB put) (NP (DT all) (PRP$ our) (NP (NN week) (POS 's)) (NN garbage)) (PP-PUT (IN into) (NP (NP (-NONE- *T*-3)) (NP (PRP it))))))))))))))) (, ,) (-DFL- E_S))",13,38.11,42.65
sw02utt/sw_0282_2672.utt,2/sw2672,2672,9,b,A,7,1,Uh-huh. /,[ Uh-huh/UH ] ./.,(INTJ (UH Uh-huh) (. .) (-DFL- E_S)),15,42.76,43.0
sw02utt/sw_0282_2672.utt,2/sw2672,2672,10,+,B,8,1,"Which we're supposed to put all our week's garbage into it,  /","[ Which/WDT ] [ we/PRP ] 're/VBP supposed/VBN to/TO put/VB  [ all/DT our/PRP$ week/NN 's/POS garbage/NN ] into/IN  [ it/PRP ] ,/,","(S (EDITED (RM (-DFL- \[)) (S (NP-SBJ (PRP They)) (VP-UNF (VBP have))) (, ,) (IP (-DFL- \+))) (INTJ (UH uh)) (, ,) (NP-SBJ-1 (PRP they)) (RS (-DFL- \])) (VP (VBP start) (PRT (RP off)) (S (NP-SBJ (-NONE- *-1)) (VP (VBG putting) (PRT (RB out)) (NP (NP (ADJP (JJ great) (JJ big)) (JJ huge) (NN garbage) (NNS cans)) (. .) (SBAR (WHNP-3 (WDT Which)) (S (NP-SBJ-2 (PRP we)) (VP (VBP 're) (VP (VBN supposed) (S (NP-SBJ (-NONE- *-2)) (VP (TO to) (VP (VB put) (NP (DT all) (PRP$ our) (NP (NN week) (POS 's)) (NN garbage)) (PP-PUT (IN into) (NP (NP (-NONE- *T*-3)) (NP (PRP it))))))))))))))) (, ,) (-DFL- E_S))",13,44.02,47.38
sw02utt/sw_0282_2672.utt,2/sw2672,2672,11,sd,B,8,2,{C and } of course it doesn't fit right now. /,and/CC of/IN  [ course/NN ] [ it/PRP ] does/VBZ n't/RB fit/VB right/RB now/RB ./.,(S (CC and) (PP (IN of) (NP (NN course))) (NP-SBJ (PRP it)) (VP (VBZ does) (RB n't) (VP (VB fit) (ADVP-TMP (RB right) (RB now)))) (. .) (-DFL- E_S)),17,47.38,49.54
sw02utt/sw_0282_2672.utt,2/sw2672,2672,12,b,A,9,1,Yeah. /,Yeah/UH ./.,(INTJ (UH Yeah) (. .) (-DFL- E_S)),19,49.92,50.08
sw02utt/sw_0282_2672.utt,2/sw2672,2672,13,sd,B,10,1,"{C But } now we start in May, breaking it down,  /","But/CC now/RB  [ we/PRP ] start/VBP in/IN  [ May/NNP ] ,/, breaking/VBG  [ it/PRP ] down/RP ,/,","(S (CC But) (ADVP-TMP (RB now)) (NP-SBJ-1 (PRP we)) (VP (VBP start) (PP-TMP (IN in) (NP (NNP May))) (, ,) (S-ADV (NP-SBJ (-NONE- *-1)) (VP (VBG breaking) (NP (PRP it)) (PRT (RP down))))) (, ,) (-DFL- E_S))",21,50.04,53.46
sw02utt/sw_0282_2672.utt,2/sw2672,2672,14,sd,B,10,2,{C and } they're picking it all up. /,and/CC  [ they/PRP ] 're/VBP picking/VBG  [ it/PRP ] [ all/DT ] up/RB ./.,(S (CC and) (NP-SBJ (PRP they)) (VP (VBP 're) (VP (VBG picking) (NP (NP (PRP it)) (NP (DT all))) (PRT (RB up)))) (. .) (-DFL- E_S)),22,53.54,54.699999999999996
sw02utt/sw_0282_2672.utt,2/sw2672,2672,15,%,A,11,1,{F Um. } /,Um/UH ./.,(INTJ (UH Um) (. .) (-DFL- E_S)),24,55.04,55.24
sw02utt/sw_0282_2672.utt,2/sw2672,2672,16,sd,B,12,1,"{C So } they're going to by, - /","So/RB  [ they/PRP ] 're/VBP going/VBG to/TO by/^VB ,/,","(S (RB So) (NP-SBJ-1 (PRP they)) (VP (VBP 're) (VP (VBG going) (S (NP-SBJ (-NONE- *-1)) (VP (TO to) (VP-UNF (TYPO (^VB by))))))) (, ,) (-DFL- N_S))",26,55.98,56.82
sw02utt/sw_0282_2672.utt,2/sw2672,2672,17,sd,B,12,2,"{C and } we have to separate our papers, and our glass,  /","and/CC   [ we/PRP ] have/VBP to/TO separate/VB  [ our/PRP$ papers/NNS ] ,/, and/CC  [ our/PRP$ glass/NN ] ,/,","(S (CC and) (NP-SBJ-1 (PRP we)) (VP (VBP have) (S (NP-SBJ (-NONE- *-1)) (VP (TO to) (VP (VB separate) (NP (NP (PRP$ our) (NNS papers)) (, ,) (CC and) (NP (PRP$ our) (NN glass))))))) (, ,) (-DFL- E_S))",27,56.82,60.02
sw02utt/sw_0282_2672.utt,2/sw2672,2672,18,sd,B,12,3,"{C and then, } {F uh, } they have one day for, {D like, } {F um, } {F oh, } everything you picked up from your yard, /","and/CC then/RB ,/,  [ uh/UH ] ,/,  [ they/PRP ] have/VBP  [ one/CD day/NN ] for/IN ,/, like/UH ,/, um/UH ,/, oh/UH ,/,  [ everything/NN ] [ you/PRP ] picked/VBD up/RB from/IN  [ your/PRP$ yard/NN ] ,/,","(S (CONJP (CC and) (RB then)) (, ,) (INTJ (UH uh)) (, ,) (NP-SBJ (PRP they)) (VP (VBP have) (NP (NP (CD one) (NN day)) (PP (IN for) (, ,) (INTJ (UH like)) (, ,) (INTJ (UH um)) (, ,) (INTJ (UH oh)) (, ,) (NP (NP (NN everything)) (SBAR (WHNP-1 (-NONE- 0)) (S (NP-SBJ (PRP you)) (VP (VBD picked) (NP (-NONE- *T*-1)) (PRT (RB up)) (PP (IN from) (NP (PRP$ your) (NN yard)))))))))) (, ,) (-DFL- E_S))",28,60.62,67.38
sw02utt/sw_0282_2672.utt,2/sw2672,2672,19,b,A,13,1,# Uh-huh.  # /,[ Uh-huh/UH ] ./.,(INTJ (UH Uh-huh) (. .) (-DFL- E_S)),15,0.0,0.0
sw02utt/sw_0282_2672.utt,2/sw2672,2672,20,sd,B,14,1,"# {C and } # we put that in disposable bags,  /","and/CC  [ we/PRP ] put/VBP that/DT in/IN  [ disposable/JJ bags/NNS ] ,/,","(S (CC and) (NP-SBJ (PRP we)) (VP (VBP put) (NP (DT that)) (PP-PUT (IN in) (NP (JJ disposable) (NNS bags)))) (, ,) (-DFL- E_S))",32,67.58,70.46
sw02utt/sw_0282_2672.utt,2/sw2672,2672,21,sd,B,14,2,{C and }  they pick that up on Monday. /,and/CC  [ they/PRP ] pick/VBP that/DT up/RB on/IN  [ Monday/NNP ] ./.,(S (CC and) (NP-SBJ (PRP they)) (VP (VBP pick) (NP (DT that)) (PRT (RB up)) (PP-TMP (IN on) (NP (NNP Monday)))) (. .) (-DFL- E_S)),33,70.46,71.62
sw02utt/sw_0282_2672.utt,2/sw2672,2672,22,b,A,15,1,{F Um. } /,Um/UH ./.,(INTJ (UH Um) (. .) (-DFL- E_S)),24,71.98,72.12
sw02utt/sw_0282_2672.utt,2/sw2672,2672,23,sd,B,16,1,{C So } it's really great.  /,So/RB  [ it/PRP ] 's/BES really/RB great/JJ ./.,(S (RB So) (NP-SBJ (PRP it)) (VP (BES 's) (ADJP-PRD (RB really) (JJ great))) (. .) (-DFL- E_S)),37,72.86,73.88000000000001
sw02utt/sw_0282_2672.utt,2/sw2672,2672,24,sd,B,16,2,"[ I, + I'm ] [ really going  head, + {D you know, } completely for it,  ]  /","[ I/PRP ] ,/,  [ I/PRP ] 'm/VBP really/RB going/VBG  [ head/NN ] ,/,  [ you/PRP ] know/VBP ,/, completely/RB for/IN  [ it/PRP ] ,/,","(S (EDITED (RM (-DFL- \[)) (NP-SBJ (PRP I)) (, ,) (IP (-DFL- \+))) (NP-SBJ (PRP I)) (VP (VBP 'm) (RS (-DFL- \])) (EDITED (RM (-DFL- \[)) (VP-UNF (ADVP (RB really)) (VBG going) (X (NN head))) (, ,) (IP (-DFL- \+))) (PRN (S (NP-SBJ (PRP you)) (VP (VBP know))) (, ,)) (ADVP (RB completely)) (PP-PRD (IN for) (NP (PRP it)))) (, ,) (RS (-DFL- \])) (-DFL- E_S))",38,73.88,76.7
sw02utt/sw_0282_2672.utt,2/sw2672,2672,25,sd,B,16,3,I think it's marvelous. /,[ I/PRP ] think/VBP  [ it/PRP ] 's/BES marvelous/JJ ./.,(S (NP-SBJ (PRP I)) (VP (VBP think) (SBAR (-NONE- 0) (S (NP-SBJ (PRP it)) (VP (BES 's) (ADJP-PRD (JJ marvelous)))))) (. .) (-DFL- E_S)),39,76.7,77.55999999999999
sw02utt/sw_0282_2672.utt,2/sw2672,2672,26,ba,A,17,1,"{D Well, } that's good.  /","Well/UH ,/,  [ that/DT ] 's/BES good/JJ ./.","(S (INTJ (UH Well)) (, ,) (NP-SBJ (DT that)) (VP (BES 's) (ADJP-PRD (JJ good))) (. .) (-DFL- E_S))",41,77.84,78.36
sw02utt/sw_0282_2672.utt,2/sw2672,2672,27,sd,A,17,2,"{D Well, } Rowlett had [ sent, + sent ] out a survey, not too long ago, {F um, } in terms in how many people were interested in having [ a, + a ] pick up, I guess, on the days they do trash or something like that.  /","Well/UH ,/,  [ Rowlett/NNP ] had/VBD sent/VBN ,/, sent/VBN out/RB  [ a/DT survey/NN ] ,/, not/RB too/RB long/JJ ago/RB ,/, um/UH ,/, in/IN  [ terms/NNS ] in/IN how/WRB  [ many/JJ people/NNS ] were/VBD interested/JJ in/IN having/VBG  [ a/DT ] ,/,  [ a/DT pick/NN ] up/RP ,/,  [ I/PRP ] guess/VBP ,/, on/IN  [ the/DT days/NNS they/PRP ] do/VBP trash/NN or/CC  [ something/NN ] like/IN  [ that/DT ] ./.","(S (INTJ (UH Well)) (, ,) (NP-SBJ (NNP Rowlett)) (VP (VBD had) (EDITED (RM (-DFL- \[)) (VP-UNF (VBN sent)) (, ,) (IP (-DFL- \+))) (VP (VBN sent) (RS (-DFL- \])) (PRT (RB out)) (NP (NP (DT a) (NN survey)) (PP (-NONE- *ICH*-4))) (, ,) (ADVP-TMP (RB not) (RB too) (JJ long) (RB ago)) (, ,) (INTJ (UH um)) (, ,) (PP-4 (IN in) (NP (NP (NNS terms)) (PP (IN in) (SBAR (WHNP-1 (WHADJP (WRB how) (JJ many)) (NNS people)) (S (NP-SBJ-2 (-NONE- *T*-1)) (VP (VBD were) (ADJP-PRD (JJ interested) (PP (IN in) (S-NOM (NP-SBJ (-NONE- *-2)) (VP (VBG having) (EDITED (RM (-DFL- \[)) (NP-UNF (DT a)) (, ,) (IP (-DFL- \+))) (NP (NP (NP (DT a) (RS (-DFL- \])) (NN pick) (RP up)) (PRN (, ,) (S (NP-SBJ (PRP I)) (VP (VBP guess))) (, ,)) (PP-TMP (IN on) (NP (NP (DT the) (NNS days)) (SBAR (WHADVP-3 (-NONE- 0)) (S (NP-SBJ (PRP they)) (VP (VBP do) (NP (NN trash)) (ADVP-TMP (-NONE- *T*-3)))))))) (CC or) (NP (NP (NN something)) (PP (IN like) (NP (DT that))))))))))))))))) (. .) (-DFL- E_S))",42,79.3,92.2
sw02utt/sw_0282_2672.utt,2/sw2672,2672,28,sd,A,17,3,"{C And } apparently a lot of people responded to it [ favorl-, + favorably, ] because they're going to do it.  /","And/CC apparently/RB  [ a/DT lot/NN ] of/IN  [ people/NNS ] responded/VBD to/IN  [ it/PRP ] [ favorl-/RB ] ,/, favorably/RB ,/, because/IN  [ they/PRP ] 're/VBP going/VBG to/TO do/VB  [ it/PRP ] ./.","(S (CC And) (ADVP (RB apparently)) (NP-SBJ (NP (DT a) (NN lot)) (PP (IN of) (NP (NNS people)))) (VP (VBD responded) (PP (IN to) (NP (PRP it))) (EDITED (RM (-DFL- \[)) (ADVP-MNR-UNF (RB favorl-)) (, ,) (IP (-DFL- \+))) (ADVP-MNR (RB favorably)) (, ,) (RS (-DFL- \])) (SBAR-PRP (IN because) (S (NP-SBJ-1 (PRP they)) (VP (VBP 're) (VP (VBG going) (S (NP-SBJ (-NONE- *-1)) (VP (TO to) (VP (VB do) (NP (PRP it)))))))))) (. .) (-DFL- E_S))",43,93.28,98.73
sw02utt/sw_0282_2672.utt,2/sw2672,2672,29,sd,A,17,4,"I don't know [ how, + how ] soon they're going to do it, or how organized it's going to be,   /","[ I/PRP ] do/VBP n't/RB know/VB how/WRB ,/, how/WRB soon/RB  [ they/PRP ] 're/VBP going/VBG to/TO do/VB  [ it/PRP ] ,/, or/CC how/WRB  [ organized/JJ ] [ it/PRP ] 's/BES going/VBG to/TO be/VB ,/,","(S (NP-SBJ (PRP I)) (VP (VBP do) (RB n't) (VP (VB know) (SBAR (SBAR (EDITED (RM (-DFL- \[)) (WHADVP-UNF (WRB how)) (, ,) (IP (-DFL- \+))) (WHADVP-4 (WRB how) (RS (-DFL- \])) (RB soon)) (S (NP-SBJ-1 (PRP they)) (VP (VBP 're) (VP (VBG going) (S (NP-SBJ (-NONE- *-1)) (VP (TO to) (VP (VB do) (NP (PRP it))))) (ADVP-TMP (-NONE- *T*-4)))))) (, ,) (CC or) (SBAR (WHADJP-3 (WRB how) (JJ organized)) (S (NP-SBJ-2 (PRP it)) (VP (BES 's) (VP (VBG going) (S (NP-SBJ (-NONE- *-2)) (VP (TO to) (VP (VB be) (ADJP-PRD (-NONE- *T*-3)))))))))))) (, ,) (-DFL- E_S))",44,98.73,102.87
sw02utt/sw_0282_2672.utt,2/sw2672,2672,30,sd,A,17,5,"{C but } [ they're, + they're ] supposed to initiate that [ some-, + sometime ] in the next couple of months. /","but/CC  [ they/PRP ] 're/VBP ,/,  [ they/PRP ] 're/VBP supposed/VBN to/TO initiate/VB  [ that/DT some-/RB ] ,/, sometime/RB in/IN  [ the/DT next/JJ couple/NN ] of/IN  [ months/NNS ] ./.","(S (CC but) (EDITED (RM (-DFL- \[)) (S (NP-SBJ (PRP they)) (VP-UNF (VBP 're))) (, ,) (IP (-DFL- \+))) (NP-SBJ-1 (PRP they)) (VP (VBP 're) (RS (-DFL- \])) (VP (VBN supposed) (S (NP-SBJ (-NONE- *-1)) (VP (TO to) (VP (VB initiate) (NP (DT that)) (EDITED (RM (-DFL- \[)) (ADVP-TMP-UNF (RB some-)) (, ,) (IP (-DFL- \+))) (ADVP-TMP (RB sometime) (RS (-DFL- \])) (PP (IN in) (NP (NP (DT the) (JJ next) (NN couple)) (PP (IN of) (NP (NNS months))))))))))) (. .) (-DFL- E_S))",45,102.87,110.72999999999999
sw02utt/sw_0282_2672.utt,2/sw2672,2672,31,qy,B,18,1,"{D Well, } does your, {F uh, } - /","Well/UH ,/, does/VBZ  [ your/PRP$ ] ,/,  [ uh/UH ] ,/,","(SQ (INTJ (UH Well)) (, ,) (VBZ does) (NP-SBJ-UNF (PRP$ your) (, ,) (INTJ (UH uh))) (, ,) (-DFL- N_S))",47,110.64,111.58
sw02utt/sw_0282_2672.utt,2/sw2672,2672,32,qy,B,18,2,"where you work, do they also have aluminum cans pickups and things like that? /","where/WRB  [ you/PRP ] work/VBP ,/, do/VBP  [ they/PRP ] also/RB have/VB  [ aluminum/JJ cans/NNS pickups/NNS ] and/CC  [ things/NNS ] like/IN  [ that/DT ] ?/.","(SQ (SBAR-LOC (WHADVP-1 (WRB where)) (S (NP-SBJ (PRP you)) (VP (VBP work) (ADVP-LOC (-NONE- *T*-1))))) (, ,) (VBP do) (NP-SBJ (PRP they)) (ADVP (RB also)) (VP (VB have) (NP (NP (JJ aluminum) (NNS cans) (NNS pickups)) (CC and) (NP (NP (NNS things)) (PP (IN like) (NP (DT that)))))) (. ?) (-DFL- E_S))",48,113.06,116.6
sw02utt/sw_0282_2672.utt,2/sw2672,2672,33,no,A,19,1,"{F Um, } I've never noticed that.  /","[ Um/UH ] ,/,  [ I/PRP ] 've/VBP never/RB noticed/VBN  [ that/DT ] ./.","(S (INTJ (UH Um)) (, ,) (NP-SBJ (PRP I)) (VP (VBP 've) (ADVP-TMP (RB never)) (VP (VBN noticed) (NP (DT that)))) (. .) (-DFL- E_S))",50,117.19,119.21000000000001
sw02utt/sw_0282_2672.utt,2/sw2672,2672,34,sd,A,19,2,"We don't have [ a, + a ] whole lot, because we're in a hospital setting,  /","[ We/PRP ] do/VBP n't/RB have/VB  [ a/DT ] ,/,  [ a/DT whole/RB lot/NN ] ,/, because/IN  [ we/PRP ] 're/VBP in/IN  [ a/DT hospital/NN setting/NN ] ,/,","(S (NP-SBJ (PRP We)) (VP (VBP do) (RB n't) (VP (VB have) (EDITED (RM (-DFL- \[)) (NP-UNF (DT a)) (, ,) (IP (-DFL- \+))) (NP (DT a) (RS (-DFL- \])) (RB whole) (NN lot)) (, ,) (SBAR-PRP (IN because) (S (NP-SBJ (PRP we)) (VP (VBP 're) (PP-LOC-PRD (IN in) (NP (DT a) (NN hospital) (NN setting)))))))) (, ,) (-DFL- E_S))",51,120.27,124.36999999999999
sw02utt/sw_0282_2672.utt,2/sw2672,2672,35,sd,A,19,3,"{C so } most of the things we have are through our cafeteria.  {F Um, } /","so/RB most/JJS of/IN  [ the/DT things/NNS we/PRP ] have/VBP are/VBP through/IN  [ our/PRP$ cafeteria/NN ] ./.  [ Um/UH ] ,/,","(S (RB so) (NP-SBJ (NP (JJS most)) (PP (IN of) (NP (NP (DT the) (NNS things)) (SBAR (WHNP-1 (-NONE- 0)) (S (NP-SBJ (PRP we)) (VP (VBP have) (NP (-NONE- *T*-1)))))))) (VP (VBP are) (PP-PRD (IN through) (NP (PRP$ our) (NN cafeteria)))) (. .))|||(INTJ (UH Um) (, ,) (-DFL- E_S))",52|||53,124.45,129.71
sw02utt/sw_0282_2672.utt,2/sw2672,2672,36,qy,B,20,1,"{D Well, } down in the cafeteria do they have any place where you can put your, {D you know, } pop cans, and things like that? /","Well/UH ,/, down/IN in/IN  [ the/DT cafeteria/NN ] do/VBP  [ they/PRP ] have/VB  [ any/DT place/NN ] where/WRB  [ you/PRP ] can/MD put/VB  [ your/PRP$ ] ,/,  [ you/PRP ] know/VBP ,/, pop/NN  [ cans/NNS ] ,/, and/CC  [ things/NNS ] like/IN  [ that/DT ] ?/.","(SQ (INTJ (UH Well)) (, ,) (PP-LOC (IN down) (PP (IN in) (NP (DT the) (NN cafeteria)))) (VBP do) (NP-SBJ (PRP they)) (VP (VB have) (NP (NP (DT any) (NN place)) (SBAR (WHADVP-1 (WRB where)) (S (NP-SBJ (PRP you)) (VP (MD can) (VP (VB put) (NP (NP (PRP$ your) (PRN (, ,) (S (NP-SBJ (PRP you)) (VP (VBP know))) (, ,)) (NN pop) (NNS cans)) (, ,) (CC and) (NP (NP (NNS things)) (PP (IN like) (NP (DT that))))) (ADVP-PUT (-NONE- *T*-1)))))))) (. ?) (-DFL- E_S))",55,129.6,135.24
sw02utt/sw_0282_2672.utt,2/sw2672,2672,37,nn,A,21,1,"{F Um, } no.  /","Um/UH ,/, no/UH ./.","(INTJ (INTJ (UH Um)) (, ,) (INTJ (UH no)) (. .) (-DFL- E_S))",57,137.47,137.95
sw02utt/sw_0282_2672.utt,2/sw2672,2672,38,sd^e,A,21,2,"[  There's, + there's ] only one pop machine  /","[ There/EX ] 's/BES ,/,  [ there/EX ] 's/BES only/RB  [ one/CD pop/NN machine/NN ]","(S (EDITED (RM (-DFL- \[)) (S (NP-SBJ (EX There)) (VP-UNF (BES 's))) (, ,) (IP (-DFL- \+))) (NP-SBJ (EX there)) (VP (BES 's) (RS (-DFL- \])) (NP-PRD (QP (RB only) (CD one)) (NN pop) (NN machine))) (-DFL- E_S))",58,138.41,140.47
sw02utt/sw_0282_2672.utt,2/sw2672,2672,39,sd,A,21,3,"{C and } it's not accessible to the cafeteria now,  /","and/CC  [ it/PRP ] 's/BES not/RB accessible/JJ to/IN  [ the/DT cafeteria/NN ] now/RB ,/,","(S (CC and) (NP-SBJ (PRP it)) (VP (BES 's) (RB not) (ADJP-PRD (JJ accessible) (PP (IN to) (NP (DT the) (NN cafeteria)))) (ADVP-TMP (RB now))) (, ,) (-DFL- E_S))",59,140.47,142.55
sw02utt/sw_0282_2672.utt,2/sw2672,2672,40,sd,A,21,4,"{C so, }  {F uh, } mainly what they serve in there is juice and coffee and tea. /","so/RB ,/,  [ uh/UH ] ,/, mainly/RB  [ what/WP ] [ they/PRP ] serve/VBP in/IN  [ there/RB ] is/VBZ  [ juice/NN ] and/CC  [ coffee/NN ] and/CC  [ tea/NN ] ./.","(S (RB so) (, ,) (INTJ (UH uh)) (, ,) (ADVP (RB mainly)) (SBAR-NOM-SBJ (WHNP-1 (WP what)) (S (NP-SBJ (PRP they)) (VP (VBP serve) (NP (-NONE- *T*-1)) (PP-LOC (IN in) (ADVP (RB there)))))) (VP (VBZ is) (NP-PRD (NN juice) (CC and) (NN coffee) (CC and) (NN tea))) (. .) (-DFL- E_S))",60,142.71,146.99
sw02utt/sw_0282_2672.utt,2/sw2672,2672,41,bf,B,22,1,<Laughter>  {C So } you don't have much choice there. /,So/RB  [ you/PRP ] do/VBP n't/RB have/VB  [ much/JJ choice/NN ] there/RB ./.,(S (RB So) (NP-SBJ (PRP you)) (VP (VBP do) (RB n't) (VP (VB have) (NP (JJ much) (NN choice)) (ADVP-LOC (RB there)))) (. .) (-DFL- E_S)),62,147.52,150.62
sw02utt/sw_0282_2672.utt,2/sw2672,2672,42,aa,A,23,1,No <laughter>.  /,[ No/UH ] ./.,(INTJ (UH No) (. .) (-DFL- E_S)),64,150.91,151.07
sw02utt/sw_0282_2672.utt,2/sw2672,2672,43,sd,A,23,2,"[  Not, + not ] really. /","Not/RB ,/, not/RB really/RB ./.","(FRAG (EDITED (RM (-DFL- \[)) (RB Not) (, ,) (IP (-DFL- \+))) (RB not) (RS (-DFL- \])) (ADVP (RB really)) (. .) (-DFL- E_S))",65,151.91,152.93
sw02utt/sw_0282_2672.utt,2/sw2672,2672,44,sd,B,24,1,"{D Well } I work at, {F uh, } J C Penny  /","Well/UH  [ I/PRP ] work/VBP at/IN ,/,  [ uh/UH ] ,/,  [ J/NNP C/NNP Penny/NNP ]","(S (INTJ (UH Well)) (NP-SBJ (PRP I)) (VP (VBP work) (PP-LOC (IN at) (, ,) (INTJ (UH uh)) (, ,) (NP (NNP J) (NNP C) (NNP Penny)))) (-DFL- E_S))",67,153.9,155.88
sw02utt/sw_0282_2672.utt,2/sw2672,2672,45,sd,B,24,2,"{C and } last week they brought, - /","and/CC  [ last/JJ week/NN ] [ they/PRP ] brought/VBD ,/,","(S (CC and) (NP-TMP (JJ last) (NN week)) (NP-SBJ (PRP they)) (VP-UNF (VBD brought)) (, ,) (-DFL- N_S))",68,155.88,158.3
sw02utt/sw_0282_2672.utt,2/sw2672,2672,46,sd,B,24,3,they have a sign up that says for one full week --,[ they/PRP ] have/VBP  [ a/DT sign/NN ] up/IN  [ that/WDT ] says/VBZ for/IN  [ one/CD full/JJ week/NN ] --/:,(S (NP-SBJ (PRP they)) (VP (VBP have) (NP (NP (DT a) (NN sign)) (SBAR (-NONE- *ICH*-2))) (ADVP (IN up)) (SBAR-2 (WHNP-1 (WDT that)) (S (NP-SBJ (-NONE- *T*-1)) (VP (VBZ says) (S (PP-TMP (IN for) (NP (CD one) (JJ full) (NN week))) (NP-SBJ (PRP you)) (VP (VBP bring) (PRT (RB in)) (NP (PRP$ your) (JJ old) (NN wire) (NNS hangers)))))))) (-DFL- E_S)),69,158.46,160.84
sw02utt/sw_0282_2672.utt,2/sw2672,2672,47,b,A,25,1,Uh-huh. /,[ Uh-huh/UH ] ./.,(INTJ (UH Uh-huh) (. .) (-DFL- E_S)),30,161.07,161.32999999999998
sw02utt/sw_0282_2672.utt,2/sw2672,2672,48,+,B,26,1,-- you bring in your old wire hangers  /,--/:  [ you/PRP ] bring/VBP in/RB  [ your/PRP$ old/JJ wire/NN hangers/NNS ],(S (NP-SBJ (PRP they)) (VP (VBP have) (NP (NP (DT a) (NN sign)) (SBAR (-NONE- *ICH*-2))) (ADVP (IN up)) (SBAR-2 (WHNP-1 (WDT that)) (S (NP-SBJ (-NONE- *T*-1)) (VP (VBZ says) (S (PP-TMP (IN for) (NP (CD one) (JJ full) (NN week))) (NP-SBJ (PRP you)) (VP (VBP bring) (PRT (RB in)) (NP (PRP$ your) (JJ old) (NN wire) (NNS hangers)))))))) (-DFL- E_S)),69,162.42,164.42
sw02utt/sw_0282_2672.utt,2/sw2672,2672,49,sd,B,26,2,{C and } they're going to recycle them. /,and/CC  [ they/PRP ] 're/VBP going/VBG to/TO recycle/VB  [ them/PRP ] ./.,(S (CC and) (NP-SBJ-1 (PRP they)) (VP (VBP 're) (VP (VBG going) (S (NP-SBJ (-NONE- *-1)) (VP (TO to) (VP (VB recycle) (NP (PRP them))))))) (. .) (-DFL- E_S)),73,165.72,167.07999999999998
sw02utt/sw_0282_2672.utt,2/sw2672,2672,50,%,A,27,1,{F Um. } /,Um/UH ./.,(INTJ (UH Um) (. .) (-DFL- E_S)),35,167.19,167.41
sw02utt/sw_0282_2672.utt,2/sw2672,2672,51,sd,B,28,1,{C So } it's getting people clean out their closets and such. /,So/RB  [ it/PRP ] 's/BES getting/VBG  [ people/NNS ] clean/VB out/RP  [ their/PRP$ closets/NNS ] and/CC  [ such/JJ ] ./.,(S (RB So) (NP-SBJ (PRP it)) (VP (BES 's) (VP (VBG getting) (S (NP-SBJ (NNS people)) (X (VP (VB clean) (PRT (RP out)) (NP (NP (PRP$ their) (NNS closets)) (CC and) (NP (JJ such)))))))) (. .) (-DFL- E_S)),77,168.24,170.62
sw02utt/sw_0282_2672.utt,2/sw2672,2672,52,b,A,29,1,Uh-huh. /,[ Uh-huh/UH ] ./.,(INTJ (UH Uh-huh) (. .) (-DFL- E_S)),71,171.41,171.59
sw02utt/sw_0282_2672.utt,2/sw2672,2672,53,sd,B,30,1,"{C And then } {D like, }   the week before that, they said go through your cupboards and any food that is still good, bring it in  /","And/CC then/RB like/IN ,/,  [ the/DT week/NN ] before/IN  [ that/DT ] ,/,  [ they/PRP ] said/VBD go/VB through/IN  [ your/PRP$ cupboards/NNS ] and/CC  [ any/DT food/NN ] [ that/WDT ] is/VBZ still/RB  [ good/JJ ] ,/, bring/VB  [ it/PRP ] in/RB","(S (CONJP (CC And) (RB then)) (INTJ (UH like)) (, ,) (NP-TMP (NP (DT the) (NN week)) (PP-TMP (IN before) (NP (DT that)))) (, ,) (NP-SBJ (PRP they)) (VP (VBD said) (S-SEZ-IMP (S (NP-SBJ (-NONE- *)) (VP (VB go) (PP (IN through) (NP (PRP$ your) (NNS cupboards))))) (CC and) (S (NP-TPC (NP (DT any) (NN food)) (SBAR (WHNP-1 (WDT that)) (S (NP-SBJ (-NONE- *T*-1)) (VP (VBZ is) (ADVP-TMP (RB still)) (ADJP-PRD (JJ good)))))) (, ,) (NP-SBJ (-NONE- *)) (VP (VB bring) (NP (PRP it)) (PRT (RB in)))))) (-DFL- E_S))",81,171.48,178.38
sw02utt/sw_0282_2672.utt,2/sw2672,2672,54,sd,B,30,2,{C and } they brought it down to the shelters.  /,and/CC  [ they/PRP ] brought/VBD  [ it/PRP ] down/IN to/IN  [ the/DT shelters/NNS ] ./.,(S (CC and) (NP-SBJ (PRP they)) (VP (VBD brought) (NP (PRP it)) (PP-DIR (IN down) (PP (IN to) (NP (DT the) (NNS shelters))))) (. .) (-DFL- E_S)),82,178.38,180.48
sw02utt/sw_0282_2672.utt,2/sw2672,2672,55,sd,B,30,3,"{C And, }  they  have, one, two, they have three, I think, that I know of --","And/CC ,/,  [ they/PRP ] have/VBP ,/,  [ one/CD ] ,/,  [ two/CD ] ,/,  [ they/PRP ] have/VBP  [ three/CD ] ,/,  [ I/PRP ] think/VBP ,/, that/WDT  [ I/PRP ] know/VBP of/IN --/:","(S (CC And) (, ,) (EDITED (S (NP-SBJ (PRP they)) (VP (VBP have) (, ,) (NP-UNF (QP (CD one) (, ,) (CD two))))) (, ,)) (NP-SBJ (PRP they)) (VP (VBP have) (NP (NP (CD three)) (PRN (, ,) (S (NP-SBJ (PRP I)) (VP (VBP think))) (, ,)) (SBAR (WHNP-1 (WDT that)) (S (NP-SBJ (PRP I)) (VP (VBP know) (PP (IN of) (NP (-NONE- *T*-1)))))) (PP (IN for) (NP (NNS cans))) (PP (IN for) (NP (NP (NNS people)) (SBAR (WHNP-2 (-NONE- 0)) (S (NP-SBJ (-NONE- *T*-2)) (VP (VBP have) (NP (NN pop))))))))) (, ,) (-DFL- E_S))",83,182.16,189.04
sw02utt/sw_0282_2672.utt,2/sw2672,2672,56,b,A,31,1,Uh-huh. /,[ Uh-huh/UH ] ./.,(INTJ (UH Uh-huh) (. .) (-DFL- E_S)),71,189.29,189.42999999999998
sw02utt/sw_0282_2672.utt,2/sw2672,2672,57,+,B,32,1,"-- for cans for people have pop,  /","--/: for/IN  [ cans/NNS ] for/IN  [ people/NNS ] have/VBP  [ pop/NN ] ,/,","(S (CC And) (, ,) (EDITED (S (NP-SBJ (PRP they)) (VP (VBP have) (, ,) (NP-UNF (QP (CD one) (, ,) (CD two))))) (, ,)) (NP-SBJ (PRP they)) (VP (VBP have) (NP (NP (CD three)) (PRN (, ,) (S (NP-SBJ (PRP I)) (VP (VBP think))) (, ,)) (SBAR (WHNP-1 (WDT that)) (S (NP-SBJ (PRP I)) (VP (VBP know) (PP (IN of) (NP (-NONE- *T*-1)))))) (PP (IN for) (NP (NNS cans))) (PP (IN for) (NP (NP (NNS people)) (SBAR (WHNP-2 (-NONE- 0)) (S (NP-SBJ (-NONE- *T*-2)) (VP (VBP have) (NP (NN pop))))))))) (, ,) (-DFL- E_S))",83,189.64,191.14000000000001
sw02utt/sw_0282_2672.utt,2/sw2672,2672,58,sd,B,32,2,{C and } they put them right near where they have the time cards. /,and/CC  [ they/PRP ] put/VBP  [ them/PRP ] right/RB near/RB where/WRB  [ they/PRP ] have/VBP  [ the/DT time/NN cards/NNS ] ./.,(S (CC and) (NP-SBJ (PRP they)) (VP (VBP put) (NP (PRP them)) (ADVP-PUT (RB right) (RB near) (SBAR (WHADVP-1 (WRB where)) (S (NP-SBJ (PRP they)) (VP (VBP have) (NP (DT the) (NN time) (NNS cards)) (ADVP-LOC (-NONE- *T*-1))))))) (. .) (-DFL- E_S)),87,191.22,193.98000000000002
sw02utt/sw_0282_2672.utt,2/sw2672,2672,59,b,A,33,1,Yeah. /,Yeah/UH ./.,(INTJ (UH Yeah) (. .) (-DFL- E_S)),89,194.09,194.29
sw02utt/sw_0282_2672.utt,2/sw2672,2672,60,sd,B,34,1,{C And } it works great.  /,And/CC  [ it/PRP ] works/VBZ  [ great/RB ] ./.,(S (CC And) (NP-SBJ (PRP it)) (VP (VBZ works) (ADVP-MNR (RB great))) (. .) (-DFL- E_S)),91,194.75,195.60999999999999
sw02utt/sw_0282_2672.utt,2/sw2672,2672,61,sd,B,34,2,{C And } they have one in the room where the <clicking> snack machines are too. /,And/CC  [ they/PRP ] have/VBP  [ one/CD ] in/IN  [ the/DT room/NN ] where/WRB  [ the/DT snack/NN machines/NNS ] are/VBP too/RB ./.,(S (CC And) (NP-SBJ (PRP they)) (VP (VBP have) (NP (NP (CD one)) (PP-LOC (IN in) (NP (NP (DT the) (NN room)) (SBAR (WHADVP-1 (WRB where)) (S (NP-SBJ (DT the) (NN snack) (NNS machines)) (VP (VBP are) (ADVP-LOC-PRD (-NONE- *T*-1)))))))) (ADVP (RB too))) (. .) (-DFL- E_S)),92,195.71,199.57
sw02utt/sw_0282_2672.utt,2/sw2672,2672,62,ba,A,35,1,That's good. /,[ That/DT ] 's/BES good/JJ ./.,(S (NP-SBJ (DT That)) (VP (BES 's) (ADJP-PRD (JJ good))) (. .) (-DFL- E_S)),94,199.89,200.37
sw02utt/sw_0282_2672.utt,2/sw2672,2672,63,sd,B,36,1,"{C So } they're really going at it,  /","So/RB  [ they/PRP ] 're/VBP really/RB going/VBG at/IN  [ it/PRP ] ,/,","(S (RB So) (NP-SBJ (PRP they)) (VP (VBP 're) (ADVP (RB really)) (VP (VBG going) (PP (IN at) (NP (PRP it))))) (, ,) (-DFL- E_S))",96,200.73,202.25
sw02utt/sw_0282_2672.utt,2/sw2672,2672,64,sd,B,36,2,"{C and } I think it's marvelous because, -/","and/CC  [ I/PRP ] think/VBP  [ it/PRP ] 's/BES marvelous/JJ because/IN ,/,","(S (CC and) (NP-SBJ (PRP I)) (VP (VBP think) (SBAR (-NONE- 0) (S (NP-SBJ (PRP it)) (VP (BES 's) (ADJP-PRD (JJ marvelous))))) (SBAR-PRP-UNF (IN because))) (, ,) (-DFL- N_S))",97,202.25,203.91
sw02utt/sw_0282_2672.utt,2/sw2672,2672,65,b,A,37,1,Yeah.  /,Yeah/UH ./.,(INTJ (UH Yeah) (. .) (-DFL- E_S)),89,204.03,204.11
sw02utt/sw_0282_2672.utt,2/sw2672,2672,66,sd,A,37,2,"[  I, + I ] guess Rowlett's done a lot for the size town it is. /","[ I/PRP ] ,/,  [ I/PRP ] guess/VBP  [ Rowlett/NNP ] 's/HVS done/VBN  [ a/DT lot/NN ] for/IN  [ the/DT size/NN town/NN ] [ it/PRP ] is/VBZ ./.","(S (EDITED (RM (-DFL- \[)) (NP-SBJ (PRP I)) (, ,) (IP (-DFL- \+))) (NP-SBJ (PRP I)) (RS (-DFL- \])) (VP (VBP guess) (SBAR (-NONE- 0) (S (NP-SBJ (NNP Rowlett)) (VP (HVS 's) (VP (VBN done) (NP (DT a) (NN lot)) (PP (IN for) (NP (NP (DT the) (NN size) (NN town)) (SBAR (WHNP-1 (-NONE- 0)) (S (NP-SBJ (PRP it)) (VP (VBZ is) (NP-PRD (-NONE- *T*-1)))))))))))) (. .) (-DFL- E_S))",100,204.49,207.39000000000001
sw02utt/sw_0282_2672.utt,2/sw2672,2672,67,%,B,38,1,"{D Well, } -/","Well/UH ,/,","(INTJ (UH Well) (, ,) (-DFL- N_S))",102,209.13,209.26999999999998
sw02utt/sw_0282_2672.utt,2/sw2672,2672,68,sd,A,39,1,"{C And } I think they're trying [ to, + to ] make some changes.  /","And/CC  [ I/PRP ] think/VBP  [ they/PRP ] 're/VBP trying/VBG to/TO ,/, to/TO make/VB  [ some/DT changes/NNS ] ./.","(S (CC And) (NP-SBJ (PRP I)) (VP (VBP think) (SBAR (-NONE- 0) (S (NP-SBJ-1 (PRP they)) (VP (VBP 're) (VP (VBG trying) (S (NP-SBJ (-NONE- *-1)) (EDITED (RM (-DFL- \[)) (VP-UNF (TO to)) (, ,) (IP (-DFL- \+))) (VP (TO to) (RS (-DFL- \])) (VP (VB make) (NP (DT some) (NNS changes)))))))))) (. .) (-DFL- E_S))",104,209.39,212.31
sw02utt/sw_0282_2672.utt,2/sw2672,2672,69,sd,A,39,2,"[  I, + I ] noticed at the library or someplace this past, {F uh, } month, month and a half ago, they were having a speaker, {F um, } talk about doing lawn work and, [ h-, + how ] important it is [ to, + to ] cut your lawn without a bag.  Just to kind of mulch it,","[ I/PRP ] ,/,  [ I/PRP ] noticed/VBD at/IN  [ the/DT library/NN ] or/CC someplace/RB  [ this/DT past/JJ ] ,/,  [ uh/UH ] ,/,  [ month/NN ] ,/,  [ month/NN ] and/CC  [ a/DT half/NN ] ago/RB ,/,  [ they/PRP ] were/VBD having/VBG  [ a/DT speaker/NN ] ,/, um/UH ,/, talk/VB about/IN doing/VBG  [ lawn/NN work/NN ] and/CC ,/,  [ h/WRB ] ,/, how/WRB  [ important/JJ ] [ it/PRP ] is/VBZ to/TO ,/, to/TO cut/VB  [ your/PRP$ lawn/NN ] without/IN  [ a/DT bag/NN ] ./.  Just/RB to/TO  [ kind/RB ] of/RB mulch/VB  [ it/PRP ] ,/,","(S (EDITED (RM (-DFL- \[)) (NP-SBJ (PRP I)) (, ,) (IP (-DFL- \+))) (NP-SBJ (PRP I)) (RS (-DFL- \])) (VP (VBD noticed) (UCP-LOC (PP (IN at) (NP (DT the) (NN library))) (CC or) (ADVP (RB someplace))) (UCP-TMP (NP (DT this) (JJ past) (, ,) (INTJ (UH uh)) (, ,) (NN month)) (, ,) (ADVP (NP (NN month) (QP (CC and) (DT a) (NN half))) (RB ago))) (, ,) (SBAR (-NONE- 0) (S (NP-SBJ (PRP they)) (VP (VBD were) (VP (VBG having) (S (NP-SBJ (DT a) (NN speaker)) (, ,) (INTJ (UH um)) (, ,) (VP (VB talk) (PP (IN about) (UCP (S-NOM (NP-SBJ (-NONE- *)) (VP (VBG doing) (NP (NN lawn) (NN work)))) (CC and) (, ,) (SBAR (EDITED (RM (-DFL- \[)) (WHADJP-UNF (WRB h-)) (, ,) (IP (-DFL- \+))) (WHADJP-2 (WRB how) (RS (-DFL- \])) (JJ important)) (S (NP-SBJ (NP (PRP it)) (S (-NONE- *EXP*-1))) (VP (VBZ is) (ADJP-PRD (-NONE- *T*-2)) (S-1 (NP-SBJ (-NONE- *)) (EDITED (RM (-DFL- \[)) (VP-UNF (TO to)) (, ,) (IP (-DFL- \+))) (VP (VP (TO to) (RS (-DFL- \])) (VP (VB cut) (NP (PRP$ your) (NN lawn)) (PP (IN without) (NP (DT a) (NN bag))))) (. .) (VP (ADVP (RB Just)) (TO to) (VP (VP (ADVP (RB kind) (RB of)) (VB mulch) (NP (PRP it))) (, ,) (CONJP (IN rather) (IN than)) (VP (VB bag) (NP (PRP it)) (PRT (RP up))))))) (, ,) (PP-PRP (IN because) (IN of) (EDITED (RM (-DFL- \[)) (NP-UNF (PDT a-)) (, ,) (IP (-DFL- \+))) (NP (NP (PDT all) (RS (-DFL- \])) (EDITED (RM (-DFL- \[)) (DT the) (IP (-DFL- \+))) (DT the) (RS (-DFL- \])) (NN grass)) (SBAR (WHNP-3 (WDT that)) (S (NP-SBJ-4 (-NONE- *T*-3)) (VP (BES 's) (VP (VP (VBG being) (VP (VBN bagged) (NP (-NONE- *-4)))) (CC and) (VP (VBG being) (VP (VBN hauled) (NP (-NONE- *-4)) (ADVP-DIR (RB away)) (PP (IN by) (NP-LGS (DT the) (NN garbage) (NNS trucks))))) (CC and) (NP-ETC (NN stuff)))))))))))))))))))) (, ,) (-DFL- E_S))",105,212.31,233.71
sw02utt/sw_0282_2672.utt,2/sw2672,2672,70,b,B,40,1,# Uh-huh.  # /,[ Uh-huh/UH ] ./.,(INTJ (UH Uh-huh) (. .) (-DFL- E_S)),79,0.0,0.0
sw02utt/sw_0282_2672.utt,2/sw2672,2672,71,+,A,41,1,"# rather # than bag it up, because of [ a-, + all ] [ the + the  ] grass that's being bagged and being hauled away by the garbage trucks and stuff,  /","rather/IN than/IN bag/VB  [ it/PRP ] up/RP ,/, because/IN of/IN  [ a-/PDT ] ,/,  [ all/PDT the/DT ] [ the/DT grass/NN ] [ that/WDT ] 's/BES being/VBG  [ bagged/VBN ] and/CC being/VBG hauled/VBN away/RB by/IN  [ the/DT garbage/NN trucks/NNS ] and/CC  [ stuff/NN ] ,/,","(S (EDITED (RM (-DFL- \[)) (NP-SBJ (PRP I)) (, ,) (IP (-DFL- \+))) (NP-SBJ (PRP I)) (RS (-DFL- \])) (VP (VBD noticed) (UCP-LOC (PP (IN at) (NP (DT the) (NN library))) (CC or) (ADVP (RB someplace))) (UCP-TMP (NP (DT this) (JJ past) (, ,) (INTJ (UH uh)) (, ,) (NN month)) (, ,) (ADVP (NP (NN month) (QP (CC and) (DT a) (NN half))) (RB ago))) (, ,) (SBAR (-NONE- 0) (S (NP-SBJ (PRP they)) (VP (VBD were) (VP (VBG having) (S (NP-SBJ (DT a) (NN speaker)) (, ,) (INTJ (UH um)) (, ,) (VP (VB talk) (PP (IN about) (UCP (S-NOM (NP-SBJ (-NONE- *)) (VP (VBG doing) (NP (NN lawn) (NN work)))) (CC and) (, ,) (SBAR (EDITED (RM (-DFL- \[)) (WHADJP-UNF (WRB h-)) (, ,) (IP (-DFL- \+))) (WHADJP-2 (WRB how) (RS (-DFL- \])) (JJ important)) (S (NP-SBJ (NP (PRP it)) (S (-NONE- *EXP*-1))) (VP (VBZ is) (ADJP-PRD (-NONE- *T*-2)) (S-1 (NP-SBJ (-NONE- *)) (EDITED (RM (-DFL- \[)) (VP-UNF (TO to)) (, ,) (IP (-DFL- \+))) (VP (VP (TO to) (RS (-DFL- \])) (VP (VB cut) (NP (PRP$ your) (NN lawn)) (PP (IN without) (NP (DT a) (NN bag))))) (. .) (VP (ADVP (RB Just)) (TO to) (VP (VP (ADVP (RB kind) (RB of)) (VB mulch) (NP (PRP it))) (, ,) (CONJP (IN rather) (IN than)) (VP (VB bag) (NP (PRP it)) (PRT (RP up))))))) (, ,) (PP-PRP (IN because) (IN of) (EDITED (RM (-DFL- \[)) (NP-UNF (PDT a-)) (, ,) (IP (-DFL- \+))) (NP (NP (PDT all) (RS (-DFL- \])) (EDITED (RM (-DFL- \[)) (DT the) (IP (-DFL- \+))) (DT the) (RS (-DFL- \])) (NN grass)) (SBAR (WHNP-3 (WDT that)) (S (NP-SBJ-4 (-NONE- *T*-3)) (VP (BES 's) (VP (VP (VBG being) (VP (VBN bagged) (NP (-NONE- *-4)))) (CC and) (VP (VBG being) (VP (VBN hauled) (NP (-NONE- *-4)) (ADVP-DIR (RB away)) (PP (IN by) (NP-LGS (DT the) (NN garbage) (NNS trucks))))) (CC and) (NP-ETC (NN stuff)))))))))))))))))))) (, ,) (-DFL- E_S))",105,234.49,242.77
sw02utt/sw_0282_2672.utt,2/sw2672,2672,72,sd,A,41,2,"{C and } it's, {F uh, } I guess a lot more [ e-, + ecological ] to just mow the grass and let it work its way back into the soil. /","and/CC  [ it/PRP ] 's/BES ,/,  [ uh/UH ] ,/,  [ I/PRP ] guess/VBP  [ a/DT lot/NN more/JJR e-/XX ] ,/, ecological/JJ to/TO just/RB mow/VB  [ the/DT grass/NN ] and/CC let/VB  [ it/PRP ] work/VB its/PRP$ way/NN back/RB into/IN  [ the/DT soil/NN ] ./.","(S (CC and) (NP-SBJ (NP (PRP it)) (S (-NONE- *EXP*-1))) (VP (BES 's) (, ,) (INTJ (UH uh)) (PRN (, ,) (S (NP-SBJ (PRP I)) (VP (VBP guess)))) (ADJP-PRD (ADVP (NP (DT a) (NN lot)) (JJR more)) (EDITED (RM (-DFL- \[)) (XX e-) (, ,) (IP (-DFL- \+))) (JJ ecological) (RS (-DFL- \]))) (S-1 (NP-SBJ (-NONE- *)) (VP (TO to) (ADVP (RB just)) (VP (VP (VB mow) (NP (DT the) (NN grass))) (CC and) (VP (VB let) (S (NP-SBJ (PRP it)) (VP (VB work) (NP (PRP$ its) (NN way)) (ADVP-DIR (RB back)) (PP-DIR (IN into) (NP (DT the) (NN soil)))))))))) (. .) (-DFL- E_S))",109,244.63,254.43
sw02utt/sw_0282_2672.utt,2/sw2672,2672,73,qy,B,42,1,"{D Well, } did you watch the program the other night on, {F um, } was it SAVE AMERICA? /","Well/UH ,/, did/VBD  [ you/PRP ] watch/VB  [ the/DT program/NN ] [ the/DT other/JJ night/NN ] on/IN ,/, um/UH ,/, was/VBD  [ it/PRP ] SAVE/NNP  [ AMERICA/NNP ] ?/.","(SQ (INTJ (UH Well)) (, ,) (VBD did) (NP-SBJ (PRP you)) (VP (VB watch) (NP (NP (DT the) (NN program)) (NP-TMP (DT the) (JJ other) (NN night)) (PP (IN on) (, ,) (INTJ (UH um)) (PRN (, ,) (SQ (VBD was) (NP-SBJ (PRP it)) (S-TTL-PRD (-NONE- *RNR*-1)))) (S-TTL-1 (NP-SBJ (-NONE- *)) (VP (NNP SAVE) (NP (NNP AMERICA))))))) (. ?) (-DFL- E_S))",111,254.31,259.51
sw02utt/sw_0282_2672.utt,2/sw2672,2672,74,na,A,43,1,I saw part of that. /,[ I/PRP ] saw/VBD  [ part/NN ] of/IN  [ that/DT ] ./.,(S (NP-SBJ (PRP I)) (VP (VBD saw) (NP (NP (NN part)) (PP (IN of) (NP (DT that))))) (. .) (-DFL- E_S)),113,259.81,260.81
sw02utt/sw_0282_2672.utt,2/sw2672,2672,75,sv,B,44,1,It was good.  /,[ It/PRP ] was/VBD good/JJ ./.,(S (NP-SBJ (PRP It)) (VP (VBD was) (ADJP-PRD (JJ good))) (. .) (-DFL- E_S)),115,261.45,261.90999999999997
sw02utt/sw_0282_2672.utt,2/sw2672,2672,76,sd,B,44,2,"The only thing I [ g-, + ] thought, {F um, } that I haven't been trying, is when I, {D you know, } go to take a shower, to save the water,","[ The/DT only/JJ thing/NN ] [ I/PRP g-/XX ] ,/, thought/VBD ,/, um/UH ,/, that/WDT  [ I/PRP ] have/VBP n't/RB been/VBN trying/VBG ,/, is/VBZ when/WRB  [ I/PRP ] ,/,  [ you/PRP ] know/VBP ,/, go/VB to/TO take/VB  [ a/DT shower/NN ] ,/, to/TO save/VB  [ the/DT water/NN ] ,/,","(S (NP-SBJ (NP (DT The) (JJ only) (NN thing)) (SBAR (WHNP-1 (-NONE- 0)) (S (NP-SBJ (PRP I)) (EDITED (RM (-DFL- \[)) (VP-UNF (XX g-)) (, ,) (IP (-DFL- \+)) (RS (-DFL- \]))) (VP (VBD thought) (, ,) (INTJ (UH um)) (, ,) (SBAR (WDT that) (S (NP-SBJ (PRP I)) (VP (VBP have) (RB n't) (VP (VBN been) (VP (VBG trying) (NP (-NONE- *T*-1))))))))))) (, ,) (VP (VBZ is) (S-PRD (SBAR-TMP (WHADVP-4 (WRB when)) (S (NP-SBJ-2 (PRP I)) (PRN (, ,) (S (NP-SBJ (PRP you)) (VP (VBP know))) (, ,)) (VP (VB go) (S (NP-SBJ (-NONE- *-2)) (VP (TO to) (VP (VB take) (NP (DT a) (NN shower))))) (ADVP-TMP (-NONE- *T*-4))))) (, ,) (NP-SBJ (-NONE- *)) (VP (VP (VP (TO to) (VP (VB save) (NP (DT the) (NN water)))) (, ,) (CC and) (VP (TO to) (VP (VB put) (NP (PRP it)) (PP-PUT (IN on) (NP (PRP$ my) (NNS plants)))))) (. .) (SBAR (WHNP-3 (WDT Which)) (S (NP-SBJ (PRP I)) (VP (VBD had) (ADVP-TMP (RB never)) (VP (VBN thought) (PP (IN about) (NP (-NONE- *T*-3))) (ADVP-TMP (RB before))))))))) (. .) (-DFL- E_S))",116,261.91,270.65000000000003
sw02utt/sw_0282_2672.utt,2/sw2672,2672,77,b,A,45,1,# Uh-huh.  # /,[ Uh-huh/UH ] ./.,(INTJ (UH Uh-huh) (. .) (-DFL- E_S)),107,0.0,0.0
sw02utt/sw_0282_2672.utt,2/sw2672,2672,78,+,B,46,1,# and # to put it on my plants.  Which I had never thought about before. /,and/CC to/TO put/VB  [ it/PRP ] on/IN  [ my/PRP$ plants/NNS ] ./.  [ Which/WDT ] [ I/PRP ] had/VBD never/RB thought/VBN about/IN before/RB ./.,"(S (NP-SBJ (NP (DT The) (JJ only) (NN thing)) (SBAR (WHNP-1 (-NONE- 0)) (S (NP-SBJ (PRP I)) (EDITED (RM (-DFL- \[)) (VP-UNF (XX g-)) (, ,) (IP (-DFL- \+)) (RS (-DFL- \]))) (VP (VBD thought) (, ,) (INTJ (UH um)) (, ,) (SBAR (WDT that) (S (NP-SBJ (PRP I)) (VP (VBP have) (RB n't) (VP (VBN been) (VP (VBG trying) (NP (-NONE- *T*-1))))))))))) (, ,) (VP (VBZ is) (S-PRD (SBAR-TMP (WHADVP-4 (WRB when)) (S (NP-SBJ-2 (PRP I)) (PRN (, ,) (S (NP-SBJ (PRP you)) (VP (VBP know))) (, ,)) (VP (VB go) (S (NP-SBJ (-NONE- *-2)) (VP (TO to) (VP (VB take) (NP (DT a) (NN shower))))) (ADVP-TMP (-NONE- *T*-4))))) (, ,) (NP-SBJ (-NONE- *)) (VP (VP (VP (TO to) (VP (VB save) (NP (DT the) (NN water)))) (, ,) (CC and) (VP (TO to) (VP (VB put) (NP (PRP it)) (PP-PUT (IN on) (NP (PRP$ my) (NNS plants)))))) (. .) (SBAR (WHNP-3 (WDT Which)) (S (NP-SBJ (PRP I)) (VP (VBD had) (ADVP-TMP (RB never)) (VP (VBN thought) (PP (IN about) (NP (-NONE- *T*-3))) (ADVP-TMP (RB before))))))))) (. .) (-DFL- E_S))",116,270.65,274.15
sw02utt/sw_0282_2672.utt,2/sw2672,2672,79,b,A,47,1,Uh-huh. /,[ Uh-huh/UH ] ./.,(INTJ (UH Uh-huh) (. .) (-DFL- E_S)),107,274.27,274.40999999999997
sw02utt/sw_0282_2672.utt,2/sw2672,2672,80,sd,B,48,1,"{C But } I've already gone to, - /","But/CC  [ I/PRP ] 've/VBP already/RB gone/VBN to/IN ,/,","(S (CC But) (NP-SBJ (PRP I)) (VP (VBP 've) (ADVP-TMP (RB already)) (VP-UNF (VBN gone) (X (IN to)))) (, ,) (-DFL- N_S))",123,275.95,277.43
sw02utt/sw_0282_2672.utt,2/sw2672,2672,81,sd,B,48,2,"{F oh } I started years ago, I guess, not years ago, - /","oh/UH  [ I/PRP ] started/VBD  [ years/NNS ] ago/RB ,/,  [ I/PRP ] guess/VBP ,/, not/RB  [ years/NNS ] ago/RB ,/,","(S (INTJ (UH oh)) (S-TPC-1 (NP-SBJ (PRP I)) (VP (VBD started) (ADVP-TMP (NP (NNS years)) (RB ago)))) (, ,) (NP-SBJ (PRP I)) (VP (VBP guess) (SBAR (-NONE- 0) (S (-NONE- *T*-1)))) (, ,))|||(FRAG (RB not) (ADVP-TMP (NP (NNS years)) (RB ago)) (, ,) (-DFL- N_S))",124|||125,278.11,280.47
sw02utt/sw_0282_2672.utt,2/sw2672,2672,82,%,B,48,3,"{C but, }  yeah  /","but/CC ,/, yeah/UH","(FRAG (CC but) (, ,) (INTJ (UH yeah)) (-DFL- E_S))",126,280.47,280.72999999999996
sw02utt/sw_0282_2672.utt,2/sw2672,2672,83,sd,B,48,4,"I would say five years ago, turning off [ my fountain, + {E I mean } my water ] faucet,","[ I/PRP ] would/MD say/VB  [ five/CD years/NNS ] ago/RB ,/, turning/VBG off/RP  [ my/PRP$ fountain/NN ] ,/,  [ I/PRP ] mean/VBP  [ my/PRP$ water/NN faucet/NN ] ,/,","(S (NP-SBJ (PRP I)) (VP (MD would) (VP (VB say) (FRAG (ADVP-TMP (NP (CD five) (NNS years)) (RB ago))))) (, ,))|||(S (NP-SBJ (-NONE- *)) (VP (VBG turning) (PRT (RP off)) (EDITED (RM (-DFL- \[)) (NP (PRP$ my) (NN fountain)) (, ,) (IP (-DFL- \+))) (PRN (S (NP-SBJ (PRP I)) (VP (VBP mean)))) (NP (NP (PRP$ my) (NN water) (RS (-DFL- \])) (NN faucet)) (, ,) (PP-LOC (IN in) (NP (DT the) (NN sink)))) (SBAR-TMP (WHADVP-1 (WRB when)) (S (NP-SBJ (PRP I)) (VP (VBP brush) (NP (PRP$ my) (NNS teeth)) (ADVP-TMP (-NONE- *T*-1)))))) (. .) (-DFL- E_S))",127|||128,280.73,285.55
sw02utt/sw_0282_2672.utt,2/sw2672,2672,84,b,A,49,1,# Uh-huh.  # /,[ Uh-huh/UH ] ./.,(INTJ (UH Uh-huh) (. .) (-DFL- E_S)),107,0.0,0.0
sw02utt/sw_0282_2672.utt,2/sw2672,2672,85,+,B,50,1,# in # the sink when I brush my teeth.  /,in/IN  [ the/DT sink/NN ] when/WRB  [ I/PRP ] brush/VBP  [ my/PRP$ teeth/NNS ] ./.,"(S (NP-SBJ (-NONE- *)) (VP (VBG turning) (PRT (RP off)) (EDITED (RM (-DFL- \[)) (NP (PRP$ my) (NN fountain)) (, ,) (IP (-DFL- \+))) (PRN (S (NP-SBJ (PRP I)) (VP (VBP mean)))) (NP (NP (PRP$ my) (NN water) (RS (-DFL- \])) (NN faucet)) (, ,) (PP-LOC (IN in) (NP (DT the) (NN sink)))) (SBAR-TMP (WHADVP-1 (WRB when)) (S (NP-SBJ (PRP I)) (VP (VBP brush) (NP (PRP$ my) (NNS teeth)) (ADVP-TMP (-NONE- *T*-1)))))) (. .) (-DFL- E_S))",128,285.99,287.42999999999995
sw02utt/sw_0282_2672.utt,2/sw2672,2672,86,sd,B,50,2,{C But } I didn't realize that was the biggest waste of water. /,But/CC  [ I/PRP ] did/VBD n't/RB realize/VB  [ that/DT ] was/VBD  [ the/DT biggest/JJS waste/NN ] of/IN  [ water/NN ] ./.,(S (CC But) (NP-SBJ (PRP I)) (VP (VBD did) (RB n't) (VP (VB realize) (SBAR (-NONE- 0) (S (NP-SBJ (DT that)) (VP (VBD was) (NP-PRD (NP (DT the) (JJS biggest) (NN waste)) (PP (IN of) (NP (NN water))))))))) (. .) (-DFL- E_S)),132,288.35,290.63
sw02utt/sw_0282_2672.utt,2/sw2672,2672,87,b,A,51,1,# Yeah.  # /,Yeah/UH ./.,(INTJ (UH Yeah) (. .) (-DFL- E_S)),134,0.0,0.0
sw02utt/sw_0282_2672.utt,2/sw2672,2672,88,sd,B,52,1,# That # was surprising to me. /,[ That/DT ] was/VBD surprising/JJ to/IN  [ me/PRP ] ./.,(S (NP-SBJ (DT That)) (VP (VBD was) (ADJP-PRD (JJ surprising)) (PP (IN to) (NP (PRP me)))) (. .) (-DFL- E_S)),136,291.07,292.45
sw02utt/sw_0282_2672.utt,2/sw2672,2672,89,%,A,53,1,{F Um. } /,Um/UH ./.,(INTJ (UH Um) (. .) (-DFL- E_S)),138,292.69,292.83
sw02utt/sw_0282_2672.utt,2/sw2672,2672,90,sd,B,54,1,"I missed that question, totally, {E I mean } really bad.  /","[ I/PRP ] missed/VBD  [ that/DT question/NN ] ,/, totally/RB ,/,  [ I/PRP ] mean/VBP really/RB bad/JJ ./.","(S (NP-SBJ (PRP I)) (VP (VBD missed) (NP (DT that) (NN question)) (, ,) (ADVP (RB totally) (PRN (, ,) (S (NP-SBJ (PRP I)) (VP (VBP mean))))) (ADVP-MNR (RB really) (JJ bad))) (. .) (-DFL- E_S))",140,293.29,295.87
sw02utt/sw_0282_2672.utt,2/sw2672,2672,91,sd,B,54,2,"I'm trying to think,  /","[ I/PRP ] 'm/VBP trying/VBG to/TO think/VB ,/,","(S (NP-SBJ-1 (PRP I)) (VP (VBP 'm) (VP (VBG trying) (S (NP-SBJ (-NONE- *-1)) (VP (TO to) (VP (VB think)))))) (, ,) (-DFL- E_S))",141,295.87,297.43
sw02utt/sw_0282_2672.utt,2/sw2672,2672,92,sd,B,54,3,"I didn't miss too many,  /","[ I/PRP ] did/VBD n't/RB miss/VB too/RB many/JJ ,/,","(S (NP-SBJ (PRP I)) (VP (VBD did) (RB n't) (VP (VB miss) (NP (ADJP (RB too) (JJ many))))) (, ,) (-DFL- E_S))",142,297.43,298.27
sw02utt/sw_0282_2672.utt,2/sw2672,2672,93,sd,B,54,4,"I can't remember what my score was,  /","[ I/PRP ] ca/MD n't/RB remember/VB  [ what/WP ] [ my/PRP$ score/NN ] was/VBD ,/,","(S (NP-SBJ (PRP I)) (VP (MD ca) (RB n't) (VP (VB remember) (SBAR (WHNP-1 (WP what)) (S (NP-SBJ (PRP$ my) (NN score)) (VP (VBD was) (NP-PRD (-NONE- *T*-1))))))) (, ,) (-DFL- E_S))",143,298.27,299.51
sw02utt/sw_0282_2672.utt,2/sw2672,2672,94,sd,B,54,5,{C but } I did exceeding well.  /,but/CC  [ I/PRP ] did/VBD exceeding/^RB well/RB ./.,(S (CC but) (NP-SBJ (PRP I)) (VP (VBD did) (ADVP-MNR (^RB exceeding) (RB well))) (. .) (-DFL- E_S)),144,300.01,301.54999999999995
sw02utt/sw_0282_2672.utt,2/sw2672,2672,95,sd,B,54,6,I was surprised.  /,[ I/PRP ] was/VBD surprised/JJ ./.,(S (NP-SBJ (PRP I)) (VP (VBD was) (ADJP-PRD (JJ surprised))) (. .) (-DFL- E_S)),145,302.25,303.13
sw02utt/sw_0282_2672.utt,2/sw2672,2672,96,sd,B,54,7,{C But } I didn't realize that our garbage isn't being decomposed.  /,But/CC  [ I/PRP ] did/VBD n't/RB realize/VB  [ that/IN our/PRP$ garbage/NN ] is/VBZ n't/RB being/VBG  [ decomposed/VBN ] ./.,(S (CC But) (NP-SBJ (PRP I)) (VP (VBD did) (RB n't) (VP (VB realize) (SBAR (IN that) (S (NP-SBJ-1 (PRP$ our) (NN garbage)) (VP (VBZ is) (RB n't) (VP (VBG being) (VP (VBN decomposed) (NP (-NONE- *-1))))))))) (. .) (-DFL- E_S)),146,304.43,308.49
sw02utt/sw_0282_2672.utt,2/sw2672,2672,97,sd,B,54,8,That was a shocker to me. /,[ That/DT ] was/VBD  [ a/DT shocker/NN ] to/IN  [ me/PRP ] ./.,(S (NP-SBJ (DT That)) (VP (VBD was) (NP-PRD (DT a) (NN shocker)) (PP (IN to) (NP (PRP me)))) (. .) (-DFL- E_S)),147,308.49,309.83
sw02utt/sw_0282_2672.utt,2/sw2672,2672,98,b,A,55,1,"Yeah,  /","Yeah/UH ,/,","(INTJ (UH Yeah) (, ,) (-DFL- E_S))",149,311.25,311.43
sw02utt/sw_0282_2672.utt,2/sw2672,2672,99,sd,A,55,2,"{D well } there are a lot of things that aren't,  /","well/UH  [ there/EX ] are/VBP  [ a/DT lot/NN ] of/IN  [ things/NNS ] [ that/WDT ] are/VBP n't/RB ,/,","(S (INTJ (UH well)) (NP-SBJ (EX there)) (VP (VBP are) (NP-PRD (NP (DT a) (NN lot)) (PP (IN of) (NP (NP (NNS things)) (SBAR (WHNP-1 (WDT that)) (S (NP-SBJ (-NONE- *T*-1)) (VP (VBP are) (RB n't) (VP (-NONE- *?*))))))))) (, ,) (-DFL- E_S))",150,311.43,312.91
sw02utt/sw_0282_2672.utt,2/sw2672,2672,100,%,A,55,3,"(( I'm )) , - /","[ I/PRP ] 'm/VBP ,/,","(S (NP-SBJ (PRP I)) (VP-UNF (VBP 'm)) (, ,) (-DFL- N_S))",151,312.93,313.05
sw02utt/sw_0282_2672.utt,2/sw2672,2672,101,sd,A,55,4,"that's, {F uh, } one of the things I wonder about,  /","[ that/DT ] 's/BES ,/,  [ uh/UH ] ,/,  [ one/CD ] of/IN  [ the/DT things/NNS I/PRP ] wonder/VBP about/IN ,/,","(S (NP-SBJ (DT that)) (VP (BES 's) (, ,) (INTJ (UH uh)) (, ,) (NP-PRD (NP (CD one)) (PP (IN of) (NP (NP (DT the) (NNS things)) (SBAR (WHNP-1 (-NONE- 0)) (S (NP-SBJ (PRP I)) (VP (VBP wonder) (PP (IN about) (NP (-NONE- *T*-1)))))))))) (, ,) (-DFL- E_S))",152,313.35,314.83
sw02utt/sw_0282_2672.utt,2/sw2672,2672,102,sd^t,A,55,5,"{F uh, } one of the questions was, do you think more should be done, or something else.  /","[ uh/UH ] ,/,  [ one/CD ] of/IN  [ the/DT questions/NNS ] was/VBD ,/, do/VBP  [ you/PRP ] think/VB more/JJR should/MD be/VB done/VBN ,/, or/CC  [ something/NN ] else/RB ./.","(S (INTJ (UH uh)) (, ,) (NP-SBJ (NP (CD one)) (PP (IN of) (NP (DT the) (NNS questions)))) (VP (VBD was) (, ,) (SQ-PRD (VBP do) (NP-SBJ (PRP you)) (VP (VB think) (SBAR (-NONE- 0) (S (NP-SBJ-1 (NP (JJR more)) (NAC (-NONE- *ICH*-2))) (VP (MD should) (VP (VB be) (VP (VBN done) (NP (-NONE- *-1)) (, ,) (NAC-2 (CC or) (NP (NP (NN something)) (ADVP (RB else)))))))))))) (. .) (-DFL- E_S))",153,314.83,319.03
sw02utt/sw_0282_2672.utt,2/sw2672,2672,103,sd,A,55,6,"[  I, + I ] wonder about some of the  [ prod-, + products  ] that they don't take, like some of the plastics and things that they don't take.  {F Uh, } [ why, + why  ] they couldn't do more recycling with those. /","[ I/PRP ] ,/,  [ I/PRP ] wonder/VBP about/IN  [ some/DT ] of/IN  [ the/DT prod-/NNS ] ,/,  [ products/NNS ] that/WDT  [ they/PRP ] do/VBP n't/RB take/VB ,/, like/IN  [ some/DT ] of/IN  [ the/DT plastics/NNS ] and/CC  [ things/NNS ] that/WDT  [ they/PRP ] do/VBP n't/RB take/VB ./.  [ Uh/UH ] ,/, why/WRB ,/, why/WRB  [ they/PRP ] could/MD n't/RB do/VB  [ more/JJR ] recycling/NN with/IN  [ those/DT ] ./.","(S (EDITED (RM (-DFL- \[)) (NP-SBJ (PRP I)) (, ,) (IP (-DFL- \+))) (NP-SBJ (PRP I)) (RS (-DFL- \])) (VP (VBP wonder) (PP (IN about) (NP (NP (DT some)) (PP (IN of) (NP (NP (DT the) (EDITED (RM (-DFL- \[)) (NNS prod-) (, ,) (IP (-DFL- \+))) (NNS products) (RS (-DFL- \]))) (SBAR (WHNP-1 (WDT that)) (S (NP-SBJ (PRP they)) (VP (VBP do) (RB n't) (VP (VB take) (NP (-NONE- *T*-1)))))) (, ,) (PP (IN like) (NP (NP (DT some)) (PP (IN of) (NP (NP (DT the) (NNS plastics) (CC and) (NNS things)) (SBAR (WHNP-2 (WDT that)) (S (NP-SBJ (PRP they)) (VP (VBP do) (RB n't) (VP (VB take) (NP (-NONE- *T*-2)))))))))))))) (. .) (INTJ (UH Uh)) (, ,) (SBAR (EDITED (RM (-DFL- \[)) (WHADVP (WRB why)) (, ,) (IP (-DFL- \+))) (WHADVP-3 (WRB why)) (RS (-DFL- \])) (S (NP-SBJ (PRP they)) (VP (MD could) (RB n't) (VP (VB do) (NP (JJR more) (NN recycling)) (PP (IN with) (NP (DT those))) (ADVP-PRP (-NONE- *T*-3))))))) (. .) (-DFL- E_S))",154,319.03,330.49
sw02utt/sw_0282_2672.utt,2/sw2672,2672,104,sd,B,56,1,"{D Well, } I was in, {F uh, } Bizmart the other day,  /","Well/UH ,/,  [ I/PRP ] was/VBD in/IN ,/,  [ uh/UH ] ,/,  [ Bizmart/NNP ] [ the/DT other/JJ day/NN ] ,/,","(S (INTJ (UH Well)) (, ,) (NP-SBJ (PRP I)) (VP (VBD was) (PP-LOC-PRD (IN in) (, ,) (INTJ (UH uh)) (, ,) (NP (NNP Bizmart))) (NP-TMP (DT the) (JJ other) (NN day))) (, ,) (-DFL- E_S))",156,330.37,333.07
sw02utt/sw_0282_2672.utt,2/sw2672,2672,105,sd,B,56,2,"{C and, }  what I don't understand is there is recycled paper in there,  /","and/CC ,/,  [ what/WP ] [ I/PRP ] do/VBP n't/RB understand/VB is/VBZ  [ there/EX ] is/VBZ recycled/JJ  [ paper/NN ] in/IN there/RB ,/,","(S (CC and) (, ,) (SBAR-NOM-SBJ (WHNP-1 (WP what)) (S (NP-SBJ (PRP I)) (VP (VBP do) (RB n't) (VP (VB understand) (NP (-NONE- *T*-1)))))) (VP (VBZ is) (SBAR-PRD (-NONE- 0) (S (NP-SBJ (EX there)) (VP (VBZ is) (NP-PRD (NP (JJ recycled) (NN paper)) (PP-LOC (IN in) (ADVP (RB there)))))))) (, ,) (-DFL- E_S))",157,333.43,337.27000000000004
sw02utt/sw_0282_2672.utt,2/sw2672,2672,106,sd,B,56,3,{C and } it cost more than regular paper. /,and/CC  [ it/PRP ] cost/VBD more/JJR than/IN  [ regular/JJ paper/NN ] ./.,(S (CC and) (NP-SBJ (PRP it)) (VP (VBD cost) (ADVP (ADVP (JJR more)) (PP (IN than) (NP (JJ regular) (NN paper))))) (. .) (-DFL- E_S)),158,337.27,340.90999999999997
sw02utt/sw_0282_2672.utt,2/sw2672,2672,107,%,A,57,1,{F Um. } /,Um/UH ./.,(INTJ (UH Um) (. .) (-DFL- E_S)),138,341.19,341.29
sw02utt/sw_0282_2672.utt,2/sw2672,2672,108,sd,B,58,1,"{C And } it was only, I think, {F uh, } forty cents more, {D you know, } fifty cents more,  /","And/CC  [ it/PRP ] was/VBD only/RB ,/,  [ I/PRP ] think/VBP ,/,  [ uh/UH ] ,/,  [ forty/CD cents/NNS ] more/JJR ,/,  [ you/PRP ] know/VBP ,/,  [ fifty/CD cents/NNS ] more/JJR ,/,","(S (CC And) (NP-SBJ (PRP it)) (VP (VBD was) (ADJP-PRD (ADJP (NP-ADV (QP (RB only) (PRN (, ,) (S (NP-SBJ (PRP I)) (VP (VBP think))) (, ,)) (INTJ (UH uh)) (, ,) (CD forty)) (NNS cents)) (JJR more)) (PRN (, ,) (S (NP-SBJ (PRP you)) (VP (VBP know))) (, ,)) (ADJP (NP-ADV (CD fifty) (NNS cents)) (JJR more)))) (, ,) (-DFL- E_S))",162,342.43,346.83000000000004
sw02utt/sw_0282_2672.utt,2/sw2672,2672,109,sd,B,58,2,"{C but, }","but/CC ,/,","(FRAG (CC but) (, ,) (INTJ (UH yeah)) (-DFL- E_S))",126,346.83,346.99
sw02utt/sw_0282_2672.utt,2/sw2672,2672,110,b,A,59,1,Yeah. /,Yeah/UH ./.,(INTJ (UH Yeah) (. .) (-DFL- E_S)),134,347.11,347.33000000000004
sw02utt/sw_0282_2672.utt,2/sw2672,2672,111,+,B,60,1,"It upset me to realize [ that, hey, the recycling + that they're going through the expense of recycling,  ]  /","[ It/PRP ] upset/VBD  [ me/PRP ] to/TO realize/VB that/IN ,/, hey/UH ,/,  [ the/DT ] recycling/NN that/WDT  [ they/PRP ] 're/VBP going/VBG through/IN  [ the/DT expense/NN ] of/IN recycling/NN ,/,","(S (CC but) (, ,) (NP-SBJ (NP (PRP It)) (S (-NONE- *EXP*-1))) (VP (VBD upset) (NP (PRP me)) (S-1 (NP-SBJ (-NONE- *)) (VP (TO to) (VP (VB realize) (SBAR (EDITED (RM (-DFL- \[)) (SBAR-UNF (IN that) (, ,) (INTJ (UH hey)) (, ,) (S-UNF (NP-SBJ (DT the) (NN recycling)))) (IP (-DFL- \+))) (WDT that) (S (NP-SBJ (PRP they)) (VP (VBP 're) (VP (VBG going) (PP (IN through) (NP (NP (DT the) (NN expense)) (PP (IN of) (NP (NN recycling))))))))))))) (, ,) (RS (-DFL- \])) (-DFL- E_S))",163,348.2,354.42
sw02utt/sw_0282_2672.utt,2/sw2672,2672,112,sd,B,60,2,"{C but } people aren't buying it,  /","but/CC  [ people/NNS ] are/VBP n't/RB buying/VBG  [ it/PRP ] ,/,","(S (CC but) (NP-SBJ (NNS people)) (VP (VBP are) (RB n't) (VP (VBG buying) (NP (PRP it)))) (, ,) (-DFL- E_S))",167,355.34,356.86
sw02utt/sw_0282_2672.utt,2/sw2672,2672,113,sd,B,60,3,{C so } the cost of it is higher. /,so/RB  [ the/DT cost/NN ] of/IN  [ it/PRP ] is/VBZ higher/JJR ./.,(S (RB so) (NP-SBJ (NP (DT the) (NN cost)) (PP (IN of) (NP (PRP it)))) (VP (VBZ is) (ADJP-PRD (JJR higher))) (. .) (-DFL- E_S)),168,357.08,358.32
sw02utt/sw_0282_2672.utt,2/sw2672,2672,114,ba,A,61,1,True.  /,[ True/UH ] ./.,(INTJ (UH True) (. .) (-DFL- E_S)),170,358.71,358.95
sw02utt/sw_0282_2672.utt,2/sw2672,2672,115,b,A,61,2,"Yeah,  /","[ Yeah/UH ] ,/,","(INTJ (UH Yeah) (, ,) (-DFL- E_S))",149,358.95,359.03
sw02utt/sw_0282_2672.utt,2/sw2672,2672,116,sd,A,61,3,I noticed that about things like - /,[ I/PRP ] noticed/VBD that/DT about/IN  [ things/NNS ] like/IN,(S (NP-SBJ (PRP I)) (VP (VBD noticed) (NP (DT that)) (PP (IN about) (NP (NP (NNS things)) (PP-UNF (IN like))))) (-DFL- N_S)),172,360.46,361.86
sw02utt/sw_0282_2672.utt,2/sw2672,2672,117,sd,A,61,4,"[ I s-, + I seen  ] a lot of adds recently for organic fertilizers [ and, + and ] lawn additives and that type of thing,  /","[ I/PRP s-/XX ] ,/,  [ I/PRP ] seen/VBN  [ a/DT lot/NN ] of/IN  [ adds/NNS ] recently/RB for/IN  [ organic/JJ fertilizers/NNS ] and/CC ,/, and/CC  [ lawn/NN additives/NNS ] and/CC  [ that/DT type/NN ] of/IN  [ thing/NN ] ,/,","(S (EDITED (RM (-DFL- \[)) (S (NP-SBJ (PRP I)) (VP-UNF (XX s-))) (, ,) (IP (-DFL- \+))) (NP-SBJ (PRP I)) (VP (VBN seen) (RS (-DFL- \])) (NP (NP (DT a) (NN lot)) (PP (IN of) (NP (NP (TYPO (NNS adds))) (PP (-NONE- *ICH*-1))))) (ADVP-TMP (RB recently)) (PP-1 (IN for) (NP (NP (JJ organic) (NNS fertilizers)) (EDITED (RM (-DFL- \[)) (CC and) (, ,) (IP (-DFL- \+))) (CC and) (RS (-DFL- \])) (NP (NN lawn) (NNS additives)) (CC and) (NP (NP (DT that) (NN type)) (PP (IN of) (NP (NN thing))))))) (, ,) (-DFL- E_S))",173,361.86,369.16
sw02utt/sw_0282_2672.utt,2/sw2672,2672,118,sd,A,61,5,"{C but } the cost [ is, + is ] {D like, }  double or sometimes triple,","but/CC  [ the/DT cost/NN ] is/VBZ ,/, is/VBZ like/IN ,/,  [ double/JJ ] or/CC sometimes/RB triple/JJ ,/,","(S (CC but) (NP-SBJ (DT the) (NN cost)) (EDITED (RM (-DFL- \[)) (VP-UNF (VBZ is)) (, ,) (IP (-DFL- \+))) (VP (VBZ is) (RS (-DFL- \])) (INTJ (UH like)) (, ,) (NP-PRD (NP (QP (JJ double) (CC or) (RB sometimes) (JJ triple)) (, ,) (EDITED (RM (-DFL- \[)) (WHNP (WP what)) (IP (-DFL- \+)) (RS (-DFL- \]))) (DT the) (JJ regular) (EDITED (RM (-DFL- \[)) (NP (NP (NNS things)) (SBAR (WHNP (-NONE- 0)) (S-UNF (NP-SBJ (PRP you))))) (, ,) (IP (-DFL- \+))) (NNS fertilizers) (CC and) (NNS things)) (SBAR (WHNP-1 (-NONE- 0)) (S (NP-SBJ (PRP you)) (RS (-DFL- \])) (VP (VBP buy) (NP (-NONE- *T*-1))))))) (. .) (-DFL- E_S))",174,370.38,374.09999999999997
sw02utt/sw_0282_2672.utt,2/sw2672,2672,119,b,B,62,1,# Uh-huh.  # /,[ Uh-huh/UH ] ./.,(INTJ (UH Uh-huh) (. .) (-DFL- E_S)),176,374.68,375.06
sw02utt/sw_0282_2672.utt,2/sw2672,2672,120,+,A,63,1,"# [ what + ] # the regular [ things you, +  fertilizers and things you ] buy.  /","[ what/WP ] [ the/DT regular/JJ things/NNS you/PRP ] ,/,  [ fertilizers/NNS ] and/CC  [ things/NNS you/PRP ] buy/VBP ./.","(S (CC but) (NP-SBJ (DT the) (NN cost)) (EDITED (RM (-DFL- \[)) (VP-UNF (VBZ is)) (, ,) (IP (-DFL- \+))) (VP (VBZ is) (RS (-DFL- \])) (INTJ (UH like)) (, ,) (NP-PRD (NP (QP (JJ double) (CC or) (RB sometimes) (JJ triple)) (, ,) (EDITED (RM (-DFL- \[)) (WHNP (WP what)) (IP (-DFL- \+)) (RS (-DFL- \]))) (DT the) (JJ regular) (EDITED (RM (-DFL- \[)) (NP (NP (NNS things)) (SBAR (WHNP (-NONE- 0)) (S-UNF (NP-SBJ (PRP you))))) (, ,) (IP (-DFL- \+))) (NNS fertilizers) (CC and) (NNS things)) (SBAR (WHNP-1 (-NONE- 0)) (S (NP-SBJ (PRP you)) (RS (-DFL- \])) (VP (VBP buy) (NP (-NONE- *T*-1))))))) (. .) (-DFL- E_S))",174,375.48,378.06
sw02utt/sw_0282_2672.utt,2/sw2672,2672,121,%,A,63,2,"{C So, }  in, in terms of that, - /","So/RB ,/, in/IN ,/, in/IN  [ terms/NNS ] of/IN  [ that/DT ] ,/,","(S (RB So) (, ,) (EDITED (PP-UNF (IN in))) (, ,) (PP (IN in) (NP (NP (NNS terms)) (PP (IN of) (NP (DT that))))) (, ,) (-DFL- N_S) (NP-SBJ (PRP it)) (VP-UNF (BES 's)) (, ,) (-DFL- N_S))",178,379.04,380.36
sw02utt/sw_0282_2672.utt,2/sw2672,2672,122,%,A,63,3,"it's, - /","[ it/PRP ] 's/BES ,/,","(S (RB So) (, ,) (EDITED (PP-UNF (IN in))) (, ,) (PP (IN in) (NP (NP (NNS terms)) (PP (IN of) (NP (DT that))))) (, ,) (-DFL- N_S) (NP-SBJ (PRP it)) (VP-UNF (BES 's)) (, ,) (-DFL- N_S))",178,380.36,380.52000000000004
sw02utt/sw_0282_2672.utt,2/sw2672,2672,123,sv,A,63,4,"{D you know, } {C and, }  for the environment [ [ it's, + it's, ] + there's ] a good reason to do it,  /","[ you/PRP ] know/VBP ,/, and/CC ,/, for/IN  [ the/DT environment/NN ] [ it/PRP ] 's/BES ,/,  [ it/PRP ] 's/BES ,/,  [ there/EX ] 's/BES  [ a/DT good/JJ reason/NN ] to/TO do/VB  [ it/PRP ] ,/,","(S (PRN (S (NP-SBJ (PRP you)) (VP (VBP know))) (, ,)) (CC and) (, ,) (PP (IN for) (NP (DT the) (NN environment))) (EDITED (RM (-DFL- \[)) (EDITED (RM (-DFL- \[)) (S (NP-SBJ (PRP it)) (VP-UNF (BES 's))) (, ,) (IP (-DFL- \+))) (S (NP-SBJ (PRP it)) (VP-UNF (BES 's))) (, ,) (RS (-DFL- \])) (IP (-DFL- \+))) (NP-SBJ (EX there)) (VP (BES 's) (RS (-DFL- \])) (NP-PRD (NP (DT a) (JJ good) (NN reason)) (SBAR (WHADVP-1 (-NONE- 0)) (S (NP-SBJ (-NONE- *)) (VP (TO to) (VP (VB do) (NP (PRP it)) (ADVP-PRP (-NONE- *T*-1)))))))) (, ,) (-DFL- E_S))",179,380.88,385.3
sw02utt/sw_0282_2672.utt,2/sw2672,2672,124,sv,A,63,5,{C but } the cost is kind of prohibitive. /,but/CC  [ the/DT cost/NN ] is/VBZ  [ kind/RB ] of/RB  [ prohibitive/JJ ] ./.,(S (CC but) (NP-SBJ (DT the) (NN cost)) (VP (VBZ is) (ADVP (RB kind) (RB of)) (ADJP-PRD (JJ prohibitive))) (. .) (-DFL- E_S)),180,385.32,387.29999999999995
sw02utt/sw_0282_2672.utt,2/sw2672,2672,125,sd,B,64,1,"{D Now, } {D see } that's recycling, {D you know, }  /","Now/UH ,/, see/UH  [ that/DT ] 's/BES recycling/NN ,/,  [ you/PRP ] know/VBP ,/,","(S (INTJ (UH Now)) (, ,) (INTJ (UH see)) (NP-SBJ (DT that)) (VP (BES 's) (NP-PRD (NN recycling)) (PRN (, ,) (S (NP-SBJ (PRP you)) (VP (VBP know))))) (, ,) (-DFL- E_S))",182,389.22,391.62
sw02utt/sw_0282_2672.utt,2/sw2672,2672,126,sd,B,64,2,"companies that do at least go into it,  /","[ companies/NNS ] [ that/WDT ] do/VBP at/IN  [ least/JJS ] go/VBP into/IN  [ it/PRP ] ,/,","(S (NP-TPC (NP (NNS companies)) (SBAR (WHNP-1 (WDT that)) (S (NP-SBJ (-NONE- *T*-1)) (VP (VBP do) (ADVP (IN at) (JJS least)) (VP (VBP go) (PP (IN into) (NP (PRP it)))))))) (, ,) (-DFL- E_S) (NP-SBJ-1 (PRP I)) (VP (MD 'd) (VP (VB like) (S (NP-SBJ (-NONE- *-1)) (VP (TO to) (VP (VB see) (X (UCP (NP (NP (NP (NN subsidy)) (PP (IN by) (NP (DT the) (NN government)))) (CC or) (NP (NN something))) (, ,) (CC or) (UCP (ADVP (RB tax-wise)) (CC or) (NP (NN something)))) (, ,) (ADVP (RB heavily) (RB enough) (PP (IN to) (SBAR (WHADVP-2 (WRB where)) (S (NP-SBJ (PRP they)) (VP (MD could) (VP (VB get) (S (NP-SBJ (PRP$ their) (NNS prices)) (ADJP-PRD (ADJP (JJR lower)) (PP (IN than) (ADJP (JJ regular))))) (ADVP (-NONE- *T*-2)))))))))))))) (. .) (-DFL- E_S))",183,391.62,393.9
sw02utt/sw_0282_2672.utt,2/sw2672,2672,127,sd,B,64,3,"I'd like to see subsidy by the government or something, or tax-wise or  something, heavily enough to where they could get their prices lower than regular. /","[ I/PRP ] 'd/MD like/VB to/TO see/VB  [ subsidy/NN ] by/IN  [ the/DT government/NN ] or/CC  [ something/NN ] ,/, or/CC  [ tax-wise/RB ] or/CC  [ something/NN ] ,/, heavily/RB enough/RB to/IN where/WRB  [ they/PRP ] could/MD get/VB  [ their/PRP$ prices/NNS ] lower/JJR than/IN  [ regular/JJ ] ./.","(S (NP-TPC (NP (NNS companies)) (SBAR (WHNP-1 (WDT that)) (S (NP-SBJ (-NONE- *T*-1)) (VP (VBP do) (ADVP (IN at) (JJS least)) (VP (VBP go) (PP (IN into) (NP (PRP it)))))))) (, ,) (-DFL- E_S) (NP-SBJ-1 (PRP I)) (VP (MD 'd) (VP (VB like) (S (NP-SBJ (-NONE- *-1)) (VP (TO to) (VP (VB see) (X (UCP (NP (NP (NP (NN subsidy)) (PP (IN by) (NP (DT the) (NN government)))) (CC or) (NP (NN something))) (, ,) (CC or) (UCP (ADVP (RB tax-wise)) (CC or) (NP (NN something)))) (, ,) (ADVP (RB heavily) (RB enough) (PP (IN to) (SBAR (WHADVP-2 (WRB where)) (S (NP-SBJ (PRP they)) (VP (MD could) (VP (VB get) (S (NP-SBJ (PRP$ their) (NNS prices)) (ADJP-PRD (ADJP (JJR lower)) (PP (IN than) (ADJP (JJ regular))))) (ADVP (-NONE- *T*-2)))))))))))))) (. .) (-DFL- E_S))",183,394.6,402.52
sw02utt/sw_0282_2672.utt,2/sw2672,2672,128,b,A,65,1,Uh-huh. /,[ Uh-huh/UH ] ./.,(INTJ (UH Uh-huh) (. .) (-DFL- E_S)),176,402.66,402.8
sw02utt/sw_0282_2672.utt,2/sw2672,2672,129,sd,B,66,1,"{C So } that people would use this stuff [ re-, + ] over again. /","So/IN that/IN  [ people/NNS ] would/MD use/VB  [ this/DT stuff/NN re-/XX ] ,/, over/IN again/RB ./.","(SBAR-PRP (RB So) (IN that) (S (NP-SBJ (NNS people)) (VP (MD would) (VP (VB use) (NP (DT this) (NN stuff)) (EDITED (RM (-DFL- \[)) (X (XX re-)) (, ,) (IP (-DFL- \+)) (RS (-DFL- \]))) (ADVP (IN over)) (ADVP (RB again))))) (. .) (-DFL- E_S))",187,403.5,405.70000000000005
sw02utt/sw_0282_2672.utt,2/sw2672,2672,130,b,A,67,1,"Yeah,  /","Yeah/UH ,/,","(INTJ (UH Yeah) (, ,) (-DFL- E_S))",149,405.96,406.21999999999997
sw02utt/sw_0282_2672.utt,2/sw2672,2672,131,ba,A,67,2,it's a good idea. /,[ it/PRP ] 's/BES  [ a/DT good/JJ idea/NN ] ./.,(S (NP-SBJ (PRP it)) (VP (BES 's) (NP-PRD (DT a) (JJ good) (NN idea))) (. .) (-DFL- E_S)),190,406.22,406.9
sw02utt/sw_0282_2672.utt,2/sw2672,2672,132,sd,B,68,1,"It's like when he was saying, {F uh, } which one was recyclable, which was reusable, /","[ It/PRP ] [ 's/BES ] like/IN when/WRB  [ he/PRP ] was/VBD saying/VBG ,/,  [ uh/UH ] ,/,  [ which/WDT ] [ one/CD ] was/VBD recyclable/JJ ,/,  [ which/WDT ] was/VBD reusable/JJ ,/,","(S (NP-SBJ (PRP It)) (VP (BES 's) (PP-PRD (IN like) (SBAR (WHADVP-3 (WRB when)) (S (NP-SBJ (PRP he)) (VP (VBD was) (VP (VBG saying) (, ,) (INTJ (UH uh)) (, ,) (SBAR-SEZ (SBAR (WHNP-2 (WDT which) (CD one)) (S (NP-SBJ (-NONE- *T*-2)) (VP (VBD was) (ADJP-PRD (JJ recyclable))))) (, ,) (SBAR (WHNP-1 (WDT which)) (S (NP-SBJ (-NONE- *T*-1)) (VP (VBD was) (ADJP-PRD (JJ reusable)))))) (ADVP-TMP (-NONE- *T*-3)))))))) (, ,) (-DFL- E_S))",192,408.62,412.92
sw02utt/sw_0282_2672.utt,2/sw2672,2672,133,b,A,69,1,Uh-huh. /,[ Uh-huh/UH ] ./.,(INTJ (UH Uh-huh) (. .) (-DFL- E_S)),176,413.14,413.28
sw02utt/sw_0282_2672.utt,2/sw2672,2672,134,sd,B,70,1,"{C and } the recycle ones are better to use,  /","and/CC  [ the/DT recycle/NN ones/NNS ] are/VBP better/JJR to/TO use/VB ,/,","(S (CC and) (NP-SBJ (DT the) (NN recycle) (NNS ones)) (VP (VBP are) (ADJP-PRD (JJR better) (SBAR (WHNP-1 (-NONE- 0)) (S (NP-SBJ (-NONE- *)) (VP (TO to) (VP (VB use) (NP (-NONE- *T*-1)))))))) (, ,) (-DFL- E_S))",196,413.16,415.15999999999997
sw02utt/sw_0282_2672.utt,2/sw2672,2672,135,sd,B,70,2,{C  but } lots of times you don't even see the signs on the bottles. /,but/CC  [ lots/NNS ] of/IN  [ times/NNS you/PRP ] do/VBP n't/RB even/RB see/VB  [ the/DT signs/NNS ] on/IN  [ the/DT bottles/NNS ] ./.,(S (CC but) (NP-TMP (NP (NNS lots)) (PP (IN of) (NP (NNS times)))) (NP-SBJ (PRP you)) (VP (VBP do) (RB n't) (ADVP (RB even)) (VP (VB see) (NP (NP (DT the) (NNS signs)) (PP-LOC (IN on) (NP (DT the) (NNS bottles)))))) (. .) (-DFL- E_S)),197,415.78,418.3
sw02utt/sw_0282_2672.utt,2/sw2672,2672,136,b,A,71,1,"Yeah,  /","Yeah/UH ,/,","(INTJ (UH Yeah) (, ,) (-DFL- E_S))",171,418.58,418.82
sw02utt/sw_0282_2672.utt,2/sw2672,2672,137,ba,A,71,2,true. /,[ true/UH ] ./.,(INTJ (UH true) (. .) (-DFL- E_S)),200,419.16,419.24
sw02utt/sw_0282_2672.utt,2/sw2672,2672,138,sv,B,72,1,"{C And } if we're going to really do something, they ought to put that stuff out bigger for people to see it.  /","And/CC if/IN  [ we/PRP ] 're/VBP going/VBG to/TO really/RB do/VB  [ something/NN ] ,/,  [ they/PRP ] ought/MD to/TO put/VB  [ that/DT stuff/NN ] out/RP  [ bigger/JJR ] for/IN  [ people/NNS ] to/TO see/VB  [ it/PRP ] ./.","(S (CC And) (SBAR-ADV (IN if) (S (NP-SBJ-1 (PRP we)) (VP (VBP 're) (VP (VBG going) (S (NP-SBJ (-NONE- *-1)) (VP (TO to) (ADVP (RB really)) (VP (VB do) (NP (NN something))))))))) (, ,) (NP-SBJ-3 (PRP they)) (VP (MD ought) (S (NP-SBJ (-NONE- *-3)) (VP (TO to) (VP (VB put) (NP-2 (DT that) (NN stuff)) (PRT (RP out)) (S-ADV (NP-SBJ (-NONE- *-2)) (ADJP-PRD (JJR bigger))) (SBAR-PRP (IN for) (S (NP-SBJ (NNS people)) (VP (TO to) (VP (VB see) (NP (PRP it)))))))))) (. .) (-DFL- E_S))",202,420.36,424.14
sw02utt/sw_0282_2672.utt,2/sw2672,2672,139,sd,B,72,2,I had to put my bifocals on to see it <laughter>. /,[ I/PRP ] had/VBD to/TO put/VB  [ my/PRP$ bifocals/NNS ] on/RP to/TO see/VB  [ it/PRP ] ./.,(S (NP-SBJ-1 (PRP I)) (VP (VBD had) (S (NP-SBJ (-NONE- *-1)) (VP (TO to) (VP (VB put) (NP (PRP$ my) (NNS bifocals)) (PRT (RP on))))) (S-PRP (NP-SBJ (-NONE- *-1)) (VP (TO to) (VP (VB see) (NP (PRP it)))))) (. .) (-DFL- E_S)),203,424.9,426.88000000000005
sw02utt/sw_0282_2672.utt,2/sw2672,2672,140,%,A,73,1,{F Um. } /,Um/UH ./.,(INTJ (UH Um) (. .) (-DFL- E_S)),205,427.0,427.14
sw02utt/sw_0282_2672.utt,2/sw2672,2672,141,sv,B,74,1,That's hard when you're in a grocery store and you're short anyway. /,[ That/DT ] 's/BES hard/JJ when/WRB  [ you/PRP ] 're/VBP in/IN  [ a/DT grocery/NN store/NN ] and/CC  [ you/PRP ] 're/VBP short/JJ anyway/RB ./.,(S (NP-SBJ (DT That)) (VP (BES 's) (ADJP-PRD (JJ hard)) (SBAR-TMP (WHADVP-1 (WRB when)) (S (S (NP-SBJ (PRP you)) (VP (VBP 're) (PP-LOC-PRD (IN in) (NP (DT a) (NN grocery) (NN store))) (ADVP-TMP (-NONE- *T*-1)))) (CC and) (S (NP-SBJ (PRP you)) (VP (VBP 're) (ADJP-PRD (JJ short)) (ADVP (RB anyway)) (ADVP-TMP (-NONE- *T*-1))))))) (. .) (-DFL- E_S)),207,428.28,430.54
sw02utt/sw_0282_2672.utt,2/sw2672,2672,142,b,A,75,1,Yeah. /,Yeah/UH ./.,(INTJ (UH Yeah) (. .) (-DFL- E_S)),209,430.66,430.84000000000003
sw02utt/sw_0282_2672.utt,2/sw2672,2672,143,sv,B,76,1,<Laughter> You have to get enough nerve to ask somebody to take something off the top shelf.  /,[ You/PRP ] have/VBP to/TO get/VB  [ enough/JJ nerve/NN ] to/TO ask/VB  [ somebody/NN ] to/TO take/VB  [ something/NN ] off/IN  [ the/DT top/JJ shelf/NN ] ./.,(S (NP-SBJ-1 (PRP You)) (VP (VBP have) (S (NP-SBJ (-NONE- *-1)) (VP (TO to) (VP (VB get) (NP (JJ enough) (NN nerve) (S (NP-SBJ (-NONE- *)) (VP (TO to) (VP (VB ask) (NP-2 (NN somebody)) (S (NP-SBJ (-NONE- *-2)) (VP (TO to) (VP (VB take) (NP (NN something)) (PP (IN off) (NP (DT the) (JJ top) (NN shelf)))))))))))))) (. .) (-DFL- E_S)),211,431.42,435.38
sw02utt/sw_0282_2672.utt,2/sw2672,2672,144,sv(^q),B,76,2,"You haven't got enough nerve to say {D well, } put it back,  /","[ You/PRP ] have/VBP n't/RB got/VBN  [ enough/JJ nerve/NN ] to/TO say/VB well/UH ,/, put/VB  [ it/PRP ] back/RB ,/,","(S (NP-SBJ (PRP You)) (VP (VBP have) (RB n't) (VP (VBN got) (NP (JJ enough) (NN nerve) (S (NP-SBJ (-NONE- *)) (VP (TO to) (VP (VB say) (S-IMP (INTJ (UH well)) (, ,) (NP-SBJ (-NONE- *)) (VP (VB put) (NP (PRP it)) (ADVP (RB back)))))))))) (, ,) (-DFL- E_S))",212,435.38,437.36
sw02utt/sw_0282_2672.utt,2/sw2672,2672,145,^q,B,76,3,it's not recyclable. /,[ it/PRP ] 's/BES not/RB recyclable/JJ ./.,(S (NP-SBJ (PRP it)) (VP (BES 's) (RB not) (ADJP-PRD (JJ recyclable))) (. .) (-DFL- E_S)),213,437.36,438.24
sw02utt/sw_0282_2672.utt,2/sw2672,2672,146,sd,A,77,1,"[ I, + I'd ] heard something stranger,  /","[ I/PRP ] ,/,  [ I/PRP ] 'd/VBD heard/VBN  [ something/NN ] stranger/JJR ,/,","(S (EDITED (RM (-DFL- \[)) (NP-SBJ (PRP I)) (, ,) (IP (-DFL- \+))) (NP-SBJ (PRP I)) (VP (VBD 'd) (RS (-DFL- \])) (VP (VBN heard) (NP (NP (NN something)) (ADJP (JJR stranger))))) (, ,) (-DFL- E_S))",215,438.92,440.41999999999996
sw02utt/sw_0282_2672.utt,2/sw2672,2672,147,sd,A,77,2,"talk about bottles the other day  [ on, {F uh, } + on  ] the radio station, {A I think it's K L T Y. }  They were talking about the, - /","[ talk/NN ] about/IN  [ bottles/NNS ] [ the/DT other/JJ day/NN ] on/IN ,/,  [ uh/UH ] ,/, on/IN  [ the/DT radio/NN station/NN ] ,/,  [ I/PRP ] think/VBP  [ it/PRP ] [ 's/BES K/NNP L/NNP T/NNP Y/NNP ] ./.  [ They/PRP ] were/VBD talking/VBG about/IN  [ the/DT ] ,/,","(S (S-ADV (NP-SBJ (-NONE- *)) (VP (NN talk) (PP (IN about) (NP (NNS bottles))))) (NP-TMP (DT the) (JJ other) (NN day)) (EDITED (RM (-DFL- \[)) (PP-UNF (IN on))) (, ,) (INTJ (UH uh)) (, ,) (IP (-DFL- \+)) (PP (IN on) (RS (-DFL- \])) (NP (DT the) (NN radio) (NN station))) (PRN (, ,) (S (NP-SBJ (PRP I)) (VP (VBP think) (SBAR (-NONE- 0) (S (NP-SBJ (PRP it)) (VP (BES 's) (NP-PRD (NNP K) (NNP L) (NNP T) (NNP Y))))))) (. .)) (NP-SBJ (PRP They)) (VP (VBD were) (VP (VBG talking) (PP (IN about) (NP-UNF (DT the))))) (, ,) (-DFL- N_S))",216,440.42,446.64000000000004
sw02utt/sw_0282_2672.utt,2/sw2672,2672,148,sd,A,77,3,"I think it's in Canada they're using, {F oh, } recyclable milk jugs, plastic milk jugs,","[ I/PRP ] think/VBP  [ it/PRP ] 's/BES in/IN  [ Canada/NNP they/PRP ] 're/VBP using/VBG ,/, oh/UH ,/,  [ recyclable/JJ milk/NN jugs/NNS ] ,/,  [ plastic/JJ milk/NN jugs/NNS ] ,/,","(S (NP-SBJ (PRP I)) (VP (VBP think) (SBAR (-NONE- 0) (S-CLF (NP-SBJ (PRP it)) (VP (BES 's) (PP-LOC-PRD (IN in) (NP (NNP Canada))) (SBAR (WHADVP-1 (-NONE- 0)) (S (NP-SBJ (PRP they)) (VP (VBP 're) (VP (VBG using) (, ,) (INTJ (UH oh)) (, ,) (NP (NP (JJ recyclable) (NN milk) (NNS jugs)) (, ,) (NP (JJ plastic) (NN milk) (NNS jugs))) (, ,) (PP (IN as) (EDITED (RM (-DFL- \[)) (NP-UNF (DT a)) (, ,) (IP (-DFL- \+))) (NP (NP (DT a) (RS (-DFL- \])) (NN reinforcement)) (PP (PP (IN for) (NP (NNS roads))) (. .) (PP (IN For) (NP (NN road) (NNS repairs)))))) (ADVP-LOC (-NONE- *T*-1)))))))))) (. .) (-DFL- E_S))",217,446.64,453.41
sw02utt/sw_0282_2672.utt,2/sw2672,2672,149,b,B,78,1,Uh-huh. /,[ Uh-huh/UH ] ./.,(INTJ (UH Uh-huh) (. .) (-DFL- E_S)),194,453.78,454.03999999999996
sw02utt/sw_0282_2672.utt,2/sw2672,2672,150,+,A,79,1,"as [ a, + a ] reinforcement for roads.","as/IN  [ a/DT ] ,/,  [ a/DT reinforcement/NN ] for/IN  [ roads/NNS ] ./.","(S (NP-SBJ (PRP I)) (VP (VBP think) (SBAR (-NONE- 0) (S-CLF (NP-SBJ (PRP it)) (VP (BES 's) (PP-LOC-PRD (IN in) (NP (NNP Canada))) (SBAR (WHADVP-1 (-NONE- 0)) (S (NP-SBJ (PRP they)) (VP (VBP 're) (VP (VBG using) (, ,) (INTJ (UH oh)) (, ,) (NP (NP (JJ recyclable) (NN milk) (NNS jugs)) (, ,) (NP (JJ plastic) (NN milk) (NNS jugs))) (, ,) (PP (IN as) (EDITED (RM (-DFL- \[)) (NP-UNF (DT a)) (, ,) (IP (-DFL- \+))) (NP (NP (DT a) (RS (-DFL- \])) (NN reinforcement)) (PP (PP (IN for) (NP (NNS roads))) (. .) (PP (IN For) (NP (NN road) (NNS repairs)))))) (ADVP-LOC (-NONE- *T*-1)))))))))) (. .) (-DFL- E_S))",217,454.45,457.73
sw02utt/sw_0282_2672.utt,2/sw2672,2672,151,bh,B,80,1,"{F Oh, } really? /","Oh/UH ,/, really/UH ?/.","(INTJ (INTJ (UH Oh)) (, ,) (INTJ (UH really)) (. ?) (-DFL- E_S))",222,458.26,458.5
sw02utt/sw_0282_2672.utt,2/sw2672,2672,152,+,A,81,1,For road repairs.  /,For/IN  [ road/NN repairs/NNS ] ./.,"(S (NP-SBJ (PRP I)) (VP (VBP think) (SBAR (-NONE- 0) (S-CLF (NP-SBJ (PRP it)) (VP (BES 's) (PP-LOC-PRD (IN in) (NP (NNP Canada))) (SBAR (WHADVP-1 (-NONE- 0)) (S (NP-SBJ (PRP they)) (VP (VBP 're) (VP (VBG using) (, ,) (INTJ (UH oh)) (, ,) (NP (NP (JJ recyclable) (NN milk) (NNS jugs)) (, ,) (NP (JJ plastic) (NN milk) (NNS jugs))) (, ,) (PP (IN as) (EDITED (RM (-DFL- \[)) (NP-UNF (DT a)) (, ,) (IP (-DFL- \+))) (NP (NP (DT a) (RS (-DFL- \])) (NN reinforcement)) (PP (PP (IN for) (NP (NNS roads))) (. .) (PP (IN For) (NP (NN road) (NNS repairs)))))) (ADVP-LOC (-NONE- *T*-1)))))))))) (. .) (-DFL- E_S))",217,458.61,459.41
sw02utt/sw_0282_2672.utt,2/sw2672,2672,153,sd,A,81,2,"{C And } apparently [ they, + they ] don't break down very easily,  /","And/CC apparently/RB  [ they/PRP ] ,/,  [ they/PRP ] do/VBP n't/RB break/VB down/RP very/RB easily/RB ,/,","(S (CC And) (ADVP (RB apparently)) (EDITED (RM (-DFL- \[)) (NP-SBJ (PRP they)) (, ,) (IP (-DFL- \+))) (NP-SBJ (PRP they)) (RS (-DFL- \])) (VP (VBP do) (RB n't) (VP (VB break) (PRT (RP down)) (ADVP-MNR (RB very) (RB easily)))) (, ,) (-DFL- E_S))",224,460.77,464.35
sw02utt/sw_0282_2672.utt,2/sw2672,2672,154,sd,A,81,3,"{C and, }","and/CC ,/,","(S (CC and) (, ,) (NP-SBJ (PRP they)) (VP (VBP do) (RB n't) (VP (VB expand) (EDITED (RM (-DFL- \[)) (CC or) (, ,) (IP (-DFL- \+))) (CC or) (RS (-DFL- \])) (VB contract) (SBAR-TMP (WHADVP-1 (WRB when)) (S (NP-SBJ (DT the) (NN weather)) (VP (VBZ changes) (ADVP-TMP (-NONE- *T*-1))))))) (, ,) (-DFL- E_S))",225,465.29,465.39000000000004
sw02utt/sw_0282_2672.utt,2/sw2672,2672,155,b,B,82,1,Oh. /,Oh/UH ./.,(INTJ (UH Oh) (. .) (-DFL- E_S)),227,465.28,465.53999999999996
sw02utt/sw_0282_2672.utt,2/sw2672,2672,156,+,A,83,1,"they don't expand [ or, + or ] contract when the weather changes,  /","[ they/PRP ] do/VBP n't/RB expand/VB or/CC ,/, or/CC contract/VB when/WRB  [ the/DT weather/NN ] changes/VBZ ,/,","(S (CC and) (, ,) (NP-SBJ (PRP they)) (VP (VBP do) (RB n't) (VP (VB expand) (EDITED (RM (-DFL- \[)) (CC or) (, ,) (IP (-DFL- \+))) (CC or) (RS (-DFL- \])) (VB contract) (SBAR-TMP (WHADVP-1 (WRB when)) (S (NP-SBJ (DT the) (NN weather)) (VP (VBZ changes) (ADVP-TMP (-NONE- *T*-1))))))) (, ,) (-DFL- E_S))",225,465.79,469.45
sw02utt/sw_0282_2672.utt,2/sw2672,2672,157,sd,A,83,2,{C and } <laughter> this is kind of an unusual use for that type of thing. /,and/CC  [ this/DT ] is/VBZ  [ kind/RB ] of/RB  [ an/DT unusual/JJ use/NN ] for/IN  [ that/DT type/NN ] of/IN  [ thing/NN ] ./.,(S (CC and) (NP-SBJ (DT this)) (VP (VBZ is) (ADVP (RB kind) (RB of)) (NP-PRD (NP (DT an) (JJ unusual) (NN use)) (PP (IN for) (NP (NP (DT that) (NN type)) (PP (IN of) (NP (NN thing))))))) (. .) (-DFL- E_S)),229,469.45,474.81
sw02utt/sw_0282_2672.utt,2/sw2672,2672,158,%,B,84,1,"{D You know } they're, - /","[ You/PRP ] know/VBP  [ they/PRP ] 're/VBP ,/,","(S (PRN (S (NP-SBJ (PRP You)) (VP (VBP know)))) (NP-SBJ (PRP they)) (VP-UNF (VBP 're)) (, ,) (-DFL- N_S))",231,475.92,476.42
sw02utt/sw_0282_2672.utt,2/sw2672,2672,159,sd,B,84,2,"along that same line,  they said they were using, {F um, } - /","along/IN  [ that/DT same/JJ line/NN ] ,/,  [ they/PRP ] said/VBD  [ they/PRP ] were/VBD using/VBG ,/, um/UH ,/,","(S (PP (IN along) (NP (DT that) (JJ same) (NN line))) (, ,) (NP-SBJ (PRP they)) (VP (VBD said) (SBAR (-NONE- 0) (S (NP-SBJ (PRP they)) (VP (VBD were) (VP-UNF (VBG using) (, ,) (INTJ (UH um))))))) (, ,) (-DFL- N_S))",232,476.74,479.52
sw02utt/sw_0282_2672.utt,2/sw2672,2672,160,^h,B,84,3,"what is, oh, I know, - /","[ what/WP ] is/VBZ ,/, oh/UH ,/,  [ I/PRP ] know/VBP ,/,","(SBARQ (WHNP (WP what)) (SQ-UNF (VBZ is)) (, ,))|||(S (INTJ (UH oh)) (, ,) (NP-SBJ (PRP I)) (VP (VBP know)) (, ,) (-DFL- N_S))",233|||234,481.12,481.90000000000003
sw02utt/sw_0282_2672.utt,2/sw2672,2672,161,sd,B,84,4,"it was toilets.   {A You know, the old ones? }","[ it/PRP ] was/VBD  [ toilets/NNS ] ./.  [ You/PRP ] know/VBP ,/,  [ the/DT old/JJ ones/NNS ] ?/.","(S (NP-SBJ (PRP it)) (VP (VBD was) (NP-PRD (NNS toilets))) (. .))|||(FRAG (PRN (S (NP-SBJ (PRP You)) (VP (VBP know))) (, ,)) (NP (DT the) (JJ old) (NNS ones)) (. ?))",235|||236,482.0,484.79999999999995
sw02utt/sw_0282_2672.utt,2/sw2672,2672,162,b,A,85,1,Uh-huh. /,[ Uh-huh/UH ] ./.,(INTJ (UH Uh-huh) (. .) (-DFL- E_S)),219,484.91,485.17
sw02utt/sw_0282_2672.utt,2/sw2672,2672,163,+,B,86,1,"Smashing them up, because [ they're, + ] that stuff there is great [ for, + in  ] road work. /","Smashing/VBG  [ them/PRP ] up/RP ,/, because/IN  [ they/PRP ] 're/VBP ,/,  [ that/DT stuff/NN ] [ there/RB ] is/VBZ great/JJ for/IN ,/, in/IN  [ road/NN work/NN ] ./.","(S (NP-SBJ (-NONE- *)) (VP (VBG Smashing) (NP (PRP them)) (PRT (RP up)) (, ,) (SBAR-PRP (IN because) (S (EDITED (RM (-DFL- \[)) (S (NP-SBJ (PRP they)) (VP-UNF (VBP 're))) (, ,) (IP (-DFL- \+)) (RS (-DFL- \]))) (NP-SBJ (NP (DT that) (NN stuff)) (ADVP (RB there))) (VP (VBZ is) (ADJP-PRD (JJ great) (EDITED (RM (-DFL- \[)) (PP-UNF (IN for)) (, ,) (IP (-DFL- \+))) (PP-LOC (IN in) (RS (-DFL- \])) (NP (NN road) (NN work)))))))) (. .) (-DFL- E_S))",237,485.72,490.40000000000003
sw02utt/sw_0282_2672.utt,2/sw2672,2672,164,b,A,87,1,Huh. /,Huh/UH ./.,(INTJ (UH Huh) (. .) (-DFL- E_S)),242,490.97,491.19000000000005
sw02utt/sw_0282_2672.utt,2/sw2672,2672,165,sd,B,88,1,"{C And } I thought, {D well, } that's good.  /","And/CC  [ I/PRP ] thought/VBD ,/, well/UH ,/,  [ that/DT ] 's/BES good/JJ ./.","(S (CC And) (NP-SBJ (PRP I)) (VP (VBD thought) (, ,) (S-SEZ (INTJ (UH well)) (, ,) (NP-SBJ (DT that)) (VP (BES 's) (ADJP-PRD (JJ good))))) (. .) (-DFL- E_S))",244,492.0,493.15999999999997
sw02utt/sw_0282_2672.utt,2/sw2672,2672,166,sd,B,88,2,"{C And then } I saw recycling on tires between, {F uh, } - /","And/CC then/RB  [ I/PRP ] saw/VBD recycling/NN on/IN  [ tires/NNS ] between/IN ,/,  [ uh/UH ] ,/,","(S (CONJP (CC And) (RB then)) (NP-SBJ (PRP I)) (VP (VBD saw) (NP (NN recycling)) (X (PP (IN on) (NP (NNS tires))) (PP-UNF (IN between))) (, ,) (INTJ (UH uh))) (, ,) (-DFL- N_S))",245,493.16,498.14
sw02utt/sw_0282_2672.utt,2/sw2672,2672,167,sd,B,88,3,"{D well, } hoses were being used,","well/UH ,/,  [ hoses/NNS ] were/VBD being/VBG used/VBN ,/,","(S (INTJ (UH well)) (, ,) (NP-SBJ-1 (NNS hoses)) (VP (VBD were) (VP (VBG being) (VP (VBN used) (NP (-NONE- *-1))))) (, ,))",246,498.82,500.67999999999995
sw02utt/sw_0282_2672.utt,2/sw2672,2672,168,b,A,89,1,# Uh-huh.  # /,[ Uh-huh/UH ] ./.,(INTJ (UH Uh-huh) (. .) (-DFL- E_S)),219,0.0,0.0
sw02utt/sw_0282_2672.utt,2/sw2672,2672,169,+,B,90,1,"# {C and, }  # {F uh, } {F uh, } soaker hoses, made out of old tires. /","and/CC ,/,  [ uh/UH ] ,/,  [ uh/UH ] ,/,  [ soaker/JJ hoses/NNS ] ,/, made/VBD out/IN of/IN  [ old/JJ tires/NNS ] ./.","(FRAG (CC and) (, ,) (INTJ (UH uh)) (, ,) (INTJ (UH uh)) (, ,) (NP (NP (JJ soaker) (NNS hoses)) (, ,) (VP (VBD made) (NP (-NONE- *)) (PP (IN out) (PP (IN of) (NP (JJ old) (NNS tires)))))) (. .) (-DFL- E_S))",247,501.7,505.52000000000004
sw02utt/sw_0282_2672.utt,2/sw2672,2672,170,b,A,91,1,Yeah. /,Yeah/UH ./.,(INTJ (UH Yeah) (. .) (-DFL- E_S)),252,505.63,505.73
sw02utt/sw_0282_2672.utt,2/sw2672,2672,171,%,B,92,1,"What else, - /","[ What/WP ] else/RB ,/,","(WHNP (WHNP (WP What)) (ADVP (RB else)) (, ,) (-DFL- N_S))",254,505.62,506.96
sw02utt/sw_0282_2672.utt,2/sw2672,2672,172,^h,B,92,2,"something else was made out of old tires,  /","[ something/NN ] else/RB was/VBD made/VBN out/IN of/IN  [ old/JJ tires/NNS ] ,/,","(S (NP-SBJ-1 (NP (NN something)) (ADVP (RB else))) (VP (VBD was) (VP (VBN made) (NP (-NONE- *-1)) (PP (IN out) (PP (IN of) (NP (JJ old) (NNS tires)))))) (, ,) (-DFL- E_S))",255,506.96,508.68
sw02utt/sw_0282_2672.utt,2/sw2672,2672,173,^h,B,92,3,"I was trying to remember what it was.  {F Oh, } I can't think of it now.  /","[ I/PRP ] was/VBD trying/VBG to/TO remember/VB  [ what/WP ] [ it/PRP ] was/VBD ./.  Oh/UH ,/,  [ I/PRP ] ca/MD n't/RB think/VB of/IN  [ it/PRP ] now/RB ./.","(S (NP-SBJ-1 (PRP I)) (VP (VBD was) (VP (VBG trying) (S (NP-SBJ (-NONE- *-1)) (VP (TO to) (VP (VB remember) (SBAR (WHNP-2 (WP what)) (S (NP-SBJ (PRP it)) (VP (VBD was) (NP-PRD (-NONE- *T*-2)))))))))) (. .))|||(S (INTJ (UH Oh)) (, ,) (NP-SBJ (PRP I)) (VP (MD ca) (RB n't) (VP (VB think) (PP (IN of) (NP (PRP it))) (ADVP-TMP (RB now)))) (. .) (-DFL- E_S))",256|||257,508.68,512.96
sw02utt/sw_0282_2672.utt,2/sw2672,2672,174,sd,B,92,4,"{C But } [ I was, + I was ] trying to  get my, {F uh, } kids, {D you know, } to see different things that we could come up with for recycling purposes. /","But/CC  [ I/PRP ] was/VBD ,/,  [ I/PRP ] was/VBD trying/VBG to/TO get/VB  [ my/PRP$ ] ,/,  [ uh/UH ] ,/,  [ kids/NNS ] ,/,  [ you/PRP ] know/VBP ,/, to/TO see/VB  [ different/JJ things/NNS ] that/WDT  [ we/PRP ] could/MD come/VB up/RP with/IN for/IN recycling/NN  [ purposes/NNS ] ./.","(S (CC But) (EDITED (RM (-DFL- \[)) (S (NP-SBJ (PRP I)) (VP-UNF (VBD was))) (, ,) (IP (-DFL- \+))) (NP-SBJ-1 (PRP I)) (VP (VBD was) (RS (-DFL- \])) (VP (VBG trying) (S (NP-SBJ (-NONE- *-1)) (VP (TO to) (VP (VB get) (S (NP-SBJ (PRP$ my) (, ,) (INTJ (UH uh)) (, ,) (NNS kids)) (PRN (, ,) (S (NP-SBJ (PRP you)) (VP (VBP know))) (, ,)) (VP (TO to) (VP (VB see) (NP (NP (JJ different) (NNS things)) (SBAR (WHNP-2 (WDT that)) (S (NP-SBJ (PRP we)) (VP (MD could) (VP (VB come) (PRT (RP up)) (PP (IN with) (NP (-NONE- *T*-2))) (PP (IN for) (NP (NN recycling) (NNS purposes)))))))))))))))) (. .) (-DFL- E_S))",258,514.82,522.92
sw02utt/sw_0282_2672.utt,2/sw2672,2672,175,b,A,93,1,Uh-huh. /,[ Uh-huh/UH ] ./.,(INTJ (UH Uh-huh) (. .) (-DFL- E_S)),239,523.03,523.13
sw02utt/sw_0282_2672.utt,2/sw2672,2672,176,sd,B,94,1,"{C And } just anything, to, {D you know, } recycle rather than keep throwing it away,  /","And/CC just/RB  [ anything/NN ] ,/, to/TO ,/,  [ you/PRP ] know/VBP ,/, recycle/VB rather/IN than/IN keep/VB throwing/VBG  [ it/PRP ] away/RB ,/,","(FRAG (CC And) (ADVP (RB just)) (NP (NP (NN anything)) (, ,) (SBAR (WHNP-1 (-NONE- 0)) (S (NP-SBJ-2 (-NONE- *)) (VP (TO to) (PRN (, ,) (S (NP-SBJ (PRP you)) (VP (VBP know))) (, ,)) (VP (VP (VB recycle) (NP (-NONE- *T*-1))) (CONJP (IN rather) (IN than)) (VP (VB keep) (S (NP-SBJ (-NONE- *-2)) (VP (VBG throwing) (NP (NP (-NONE- *T*-1)) (NP (PRP it))) (ADVP (RB away)))))))))) (, ,) (-DFL- E_S))",262,524.24,528.28
sw02utt/sw_0282_2672.utt,2/sw2672,2672,177,sd,B,94,2,"{C but } my biggest problem is, I take the bags out of the store, buy the bags to bring the back,  /","but/CC  [ my/PRP$ biggest/JJS problem/NN ] is/VBZ ,/,  [ I/PRP ] take/VBP  [ the/DT bags/NNS ] out/IN of/IN  [ the/DT store/NN ] ,/, buy/VB  [ the/DT bags/NNS ] to/TO bring/VB  [ the/DT back/NN ] ,/,","(S (CC but) (NP-SBJ (PRP$ my) (JJS biggest) (NN problem)) (VP (VBZ is) (, ,) (SBAR-PRD (-NONE- 0) (S (NP-SBJ (PRP I)) (VP (VP (VBP take) (NP (DT the) (NNS bags)) (PP-DIR (IN out) (PP (IN of) (NP (DT the) (NN store))))) (, ,) (VP (VB buy) (NP (NP (DT the) (NNS bags)) (S (NP-SBJ (-NONE- *)) (VP (TO to) (VP (VB bring) (NP (TYPO (DT the))) (ADVP-DIR (NN back))))))))))) (, ,) (-DFL- E_S))",263,528.28,533.9
sw02utt/sw_0282_2672.utt,2/sw2672,2672,178,sd,B,94,3,{C and then } I forget to bring them in the store. /,and/CC then/RB  [ I/PRP ] forget/VBP to/TO bring/VB  [ them/PRP ] in/IN  [ the/DT store/NN ] ./.,(S (CONJP (CC and) (RB then)) (NP-SBJ-1 (PRP I)) (VP (VBP forget) (S (NP-SBJ (-NONE- *-1)) (VP (TO to) (VP (VB bring) (NP (PRP them)) (PP-DIR (IN in) (NP (DT the) (NN store))))))) (. .) (-DFL- E_S)),264,534.28,535.6600000000001
sw02utt/sw_0282_2672.utt,2/sw2672,2672,179,b,A,95,1,Yeah. /,Yeah/UH ./.,(INTJ (UH Yeah) (. .) (-DFL- E_S)),252,535.97,536.19
sw02utt/sw_0282_2672.utt,2/sw2672,2672,180,sd,B,96,1,I'm forever going back out to my car to pick up my bags to bring them and  take my garbage back out.  /,[ I/PRP ] 'm/VBP forever/RB going/VBG back/RB out/IN to/IN  [ my/PRP$ car/NN ] to/TO pick/VB up/RB  [ my/PRP$ bags/NNS ] to/TO bring/VB  [ them/PRP ] and/CC take/VB  [ my/PRP$ garbage/NN ] back/RB out/RB ./.,(S (NP-SBJ-1 (PRP I)) (VP (VBP 'm) (ADVP-TMP (RB forever)) (VP (VBG going) (ADVP-DIR (RB back)) (PP-DIR (IN out) (PP (IN to) (NP (PRP$ my) (NN car)))) (S-PRP (NP-SBJ-2 (-NONE- *-1)) (VP (TO to) (VP (VP (VB pick) (PRT (RB up)) (NP (PRP$ my) (NNS bags)) (S-PRP (NP-SBJ (-NONE- *-2)) (VP (TO to) (VP (VB bring) (NP (PRP them)))))) (CC and) (VP (VB take) (NP (PRP$ my) (NN garbage)) (ADVP-DIR (RB back) (RB out)))))))) (. .) (-DFL- E_S)),268,536.42,541.12
sw02utt/sw_0282_2672.utt,2/sw2672,2672,181,sd,B,96,2,"I wish they'd really push this recycling bit, because [ I never realized, + I really didn't realize ] how much stuff I actually throw away. /","[ I/PRP ] wish/VBP  [ they/PRP ] 'd/MD really/RB push/VB  [ this/DT recycling/NN bit/NN ] ,/, because/IN  [ I/PRP ] never/RB realized/VBD ,/,  [ I/PRP ] really/RB did/VBD n't/RB realize/VB how/WRB  [ much/JJ stuff/NN ] [ I/PRP ] actually/RB throw/VBP away/RB ./.","(S (NP-SBJ (PRP I)) (VP (VBP wish) (SBAR (-NONE- 0) (S (NP-SBJ (PRP they)) (VP (MD 'd) (ADVP (RB really)) (VP (VB push) (NP (DT this) (NN recycling) (NN bit)))))) (, ,) (SBAR-PRP (IN because) (S (EDITED (RM (-DFL- \[)) (S (NP-SBJ (PRP I)) (ADVP-TMP (RB never)) (VP-UNF (VBD realized))) (, ,) (IP (-DFL- \+))) (NP-SBJ (PRP I)) (ADVP (RB really)) (VP (VBD did) (RB n't) (VP (VB realize) (RS (-DFL- \])) (SBAR (WHNP-1 (WHADJP (WRB how) (JJ much)) (NN stuff)) (S (NP-SBJ (PRP I)) (ADVP (RB actually)) (VP (VBP throw) (NP (-NONE- *T*-1)) (ADVP (RB away)))))))))) (. .) (-DFL- E_S))",269,542.74,549.86
sw02utt/sw_0282_2672.utt,2/sw2672,2672,182,sv,A,97,1,"{D Well, } I think [ the, + the ] more people are aware of it, [ the, + the ] more they'll do.  /","Well/UH ,/,  [ I/PRP ] think/VBP  [ the/DT ] ,/,  [ the/DT more/JJR people/NNS ] are/VBP aware/JJ of/IN  [ it/PRP ] ,/,  [ the/DT ] ,/,  [ the/DT more/JJR ] [ they/PRP ] 'll/MD do/VB ./.","(S (INTJ (UH Well)) (, ,) (NP-SBJ (PRP I)) (VP (VBP think) (SBAR (-NONE- 0) (S (EDITED (RM (-DFL- \[)) (ADVP-UNF (DT the)) (, ,) (IP (-DFL- \+))) (ADVP (ADVP (DT the) (RS (-DFL- \])) (JJR more)) (SBAR (WHADVP-1 (-NONE- 0)) (S (NP-SBJ (NNS people)) (VP (VBP are) (ADJP-PRD (JJ aware) (PP (IN of) (NP (PRP it)))) (ADVP (-NONE- *T*-1)))))) (, ,) (EDITED (RM (-DFL- \[)) (NP-UNF (DT the)) (, ,) (IP (-DFL- \+))) (NP-TPC-2 (DT the) (RS (-DFL- \])) (JJR more)) (NP-SBJ (PRP they)) (VP (MD 'll) (VP (VB do) (NP (-NONE- *T*-2))))))) (. .) (-DFL- E_S))",271,550.73,554.49
sw02utt/sw_0282_2672.utt,2/sw2672,2672,183,sv,A,97,2,"I think that's just the biggest problem is keeping it [ in, + in ] front of the public so they understand how serious the problem is, and how important it is to do that. /","[ I/PRP ] think/VBP  [ that/DT ] 's/BES just/RB  [ the/DT biggest/JJS problem/NN ] is/VBZ keeping/VBG  [ it/PRP ] in/IN ,/, in/IN  [ front/NN ] of/IN  [ the/DT public/NN ] so/IN  [ they/PRP ] understand/VBP how/WRB  [ serious/JJ the/DT problem/NN ] is/VBZ ,/, and/CC how/WRB  [ important/JJ ] [ it/PRP ] is/VBZ to/TO do/VB  [ that/DT ] ./.","(S (NP-SBJ (PRP I)) (VP (VBP think) (SBAR (-NONE- 0) (S (S-SBJ (NP-SBJ (DT that)) (VP (BES 's) (ADVP (RB just)) (NP-PRD (DT the) (JJS biggest) (NN problem)))) (VP (VBZ is) (VP (VBG keeping) (NP (PRP it)) (EDITED (RM (-DFL- \[)) (PP-UNF (IN in)) (, ,) (IP (-DFL- \+))) (PP (IN in) (RS (-DFL- \])) (NP (NP (NN front)) (PP (IN of) (NP (DT the) (NN public))))) (SBAR-PRP (IN so) (S (NP-SBJ (PRP they)) (VP (VBP understand) (SBAR (SBAR (WHADJP-1 (WRB how) (JJ serious)) (S (NP-SBJ (DT the) (NN problem)) (VP (VBZ is) (ADJP-PRD (-NONE- *T*-1))))) (, ,) (CC and) (SBAR (WHADJP-2 (WRB how) (JJ important)) (S (NP-SBJ (NP (PRP it)) (S (-NONE- *EXP*-3))) (VP (VBZ is) (ADJP-PRD (-NONE- *T*-2)) (S-3 (NP-SBJ (-NONE- *)) (VP (TO to) (VP (VB do) (NP (DT that))))))))))))))))) (. .) (-DFL- E_S))",272,554.49,564.5
sw02utt/sw_0282_2672.utt,2/sw2672,2672,184,sd,B,98,1,{D You know } what I'd like to see a little more. - /,[ You/PRP ] know/VBP  [ what/WP ] [ I/PRP ] 'd/MD like/VB to/TO see/VB  [ a/DT little/RB more/JJR ] ./.,(S (NP-SBJ (PRP You)) (VP (VBP know) (SBAR (WHNP-2 (WP what)) (S (NP-SBJ-1 (PRP I)) (VP (MD 'd) (VP (VB like) (S (NP-SBJ (-NONE- *-1)) (VP (TO to) (VP (VB see) (NP (-NONE- *T*-2)) (ADVP (NP (DT a) (RB little)) (JJR more)))))))))) (. .) (-DFL- N_S)),274,566.06,567.82
sw02utt/sw_0282_2672.utt,2/sw2672,2672,185,sd,B,98,2,"I don't have any little tiny kids, /","[ I/PRP ] do/VBP n't/RB have/VB  [ any/DT ] [ little/JJ tiny/JJ kids/NNS ] ,/,","(S (NP-SBJ (PRP I)) (VP (VBP do) (RB n't) (VP (VB have) (NP (DT any) (JJ little) (JJ tiny) (NNS kids)))) (, ,) (-DFL- E_S))",275,567.82,569.28
sw02utt/sw_0282_2672.utt,2/sw2672,2672,186,b,A,99,1,Uh-huh. /,[ Uh-huh/UH ] ./.,(INTJ (UH Uh-huh) (. .) (-DFL- E_S)),249,569.4,569.52
sw02utt/sw_0282_2672.utt,2/sw2672,2672,187,sv,B,100,1,"{C but } if  they get the little tiny kids saving it now,","but/CC if/IN  [ they/PRP ] get/VBP  [ the/DT little/JJ tiny/JJ kids/NNS ] saving/VBG  [ it/PRP ] now/RB ,/,","(S (CC but) (SBAR-ADV (IN if) (S (NP-SBJ (PRP they)) (VP (VBP get) (S (NP-SBJ (DT the) (JJ little) (JJ tiny) (NNS kids)) (VP (VBG saving) (NP (PRP it)) (ADVP-TMP (RB now))))))) (, ,) (PP-TMP (IN in) (NP (CD five) (NNS years))) (, ,) (SBAR-TMP (WHADVP-1 (WRB when)) (S (NP-SBJ (PRP they)) (VP (VBP get) (ADJP-PRD (JJR bigger)) (ADVP-TMP (-NONE- *T*-1))))) (, ,) (NP-SBJ (PRP it)) (VP (MD 'll) (VP (VB work) (ADVP (NP (DT a) (JJ little) (NN bit)) (RBR more)) (, ,) (ADVP (RB too)))) (. .) (-DFL- E_S))",279,570.14,572.62
sw02utt/sw_0282_2672.utt,2/sw2672,2672,188,b,A,101,1,Yeah. /,Yeah/UH ./.,(INTJ (UH Yeah) (. .) (-DFL- E_S)),252,572.78,573.06
sw02utt/sw_0282_2672.utt,2/sw2672,2672,189,+,B,102,1,"in five years, when they get bigger, it'll work a little bit more, too. /","in/IN  [ five/CD years/NNS ] ,/, when/WRB  [ they/PRP ] get/VBP  [ bigger/JJR ] ,/,  [ it/PRP ] 'll/MD work/VB  [ a/DT little/JJ bit/NN ] more/RBR ,/, too/RB ./.","(S (CC but) (SBAR-ADV (IN if) (S (NP-SBJ (PRP they)) (VP (VBP get) (S (NP-SBJ (DT the) (JJ little) (JJ tiny) (NNS kids)) (VP (VBG saving) (NP (PRP it)) (ADVP-TMP (RB now))))))) (, ,) (PP-TMP (IN in) (NP (CD five) (NNS years))) (, ,) (SBAR-TMP (WHADVP-1 (WRB when)) (S (NP-SBJ (PRP they)) (VP (VBP get) (ADJP-PRD (JJR bigger)) (ADVP-TMP (-NONE- *T*-1))))) (, ,) (NP-SBJ (PRP it)) (VP (MD 'll) (VP (VB work) (ADVP (NP (DT a) (JJ little) (NN bit)) (RBR more)) (, ,) (ADVP (RB too)))) (. .) (-DFL- E_S))",279,573.92,576.78
sw02utt/sw_0282_2672.utt,2/sw2672,2672,190,ba,A,103,1,True. /,[ True/UH ] ./.,(INTJ (UH True) (. .) (-DFL- E_S)),284,576.88,577.06
sw02utt/sw_0282_2672.utt,2/sw2672,2672,191,%,B,104,1,"{C Because } it's, - /","Because/IN  [ it/PRP ] 's/BES ,/,","(SBAR-PRP (IN Because) (S (NP-SBJ (PRP it)) (VP-UNF (BES 's))) (, ,) (-DFL- N_S))",286,578.5,578.92
sw02utt/sw_0282_2672.utt,2/sw2672,2672,192,sv,B,104,2,we've all got to do it right now.  /,[ we/PRP ] 've/VBP  [ all/DT ] got/VBN to/TO do/VB  [ it/PRP ] right/RB now/RB ./.,(S (NP-SBJ-1 (PRP we)) (VP (VBP 've) (DT all) (VP (VBN got) (S (NP-SBJ (-NONE- *-1)) (VP (TO to) (VP (VB do) (NP (PRP it))))) (ADVP-TMP (RB right) (RB now)))) (. .) (-DFL- E_S)),287,580.08,581.44
sw02utt/sw_0282_2672.utt,2/sw2672,2672,193,%,B,104,3,"I just, - /","[ I/PRP ] just/RB ,/,","(S-UNF (NP-SBJ (PRP I)) (ADVP (RB just)) (, ,) (-DFL- N_S))",288,581.44,581.86
sw02utt/sw_0282_2672.utt,2/sw2672,2672,194,sd,B,104,4,"I really amazed to find out that, [ what is it, + ] eighty per cent are filled now, [ in, + in ] garbage fills.  /","[ I/PRP ] really/RB amazed/JJ to/TO find/VB out/RP  [ that/IN ] ,/,  [ what/WP ] is/VBZ  [ it/PRP ] ,/,  [ eighty/CD ] per/GW  [ cent/^NN ]  are/VBP filled/JJ now/RB ,/, in/IN ,/, in/IN  [ garbage/NN fills/NNS ] ./.","(S (NP-SBJ-3 (PRP I)) (ADVP (RB really)) (ADJP-PRD (JJ amazed) (S (NP-SBJ (-NONE- *-3)) (VP (TO to) (VP (VB find) (PRT (RP out)) (SBAR (IN that) (PRN (, ,) (RM (-DFL- \[)) (SBARQ (WHNP-1 (WP what)) (SQ (VBZ is) (NP-SBJ (PRP it)) (NP-PRD (-NONE- *T*-1)))) (, ,) (IP (-DFL- \+)) (RS (-DFL- \]))) (S (NP-SBJ-2 (CD eighty) (GW per) (^NN cent)) (VP (VBP are) (VP (JJ filled) (NP (-NONE- *-2)) (ADVP-TMP (RB now)) (, ,) (EDITED (RM (-DFL- \[)) (PP-LOC-UNF (IN in)) (, ,) (IP (-DFL- \+))) (PP-LOC (IN in) (RS (-DFL- \])) (NP (NN garbage) (NNS fills))))))))))) (. .) (-DFL- E_S))",289,582.62,588.52
sw02utt/sw_0282_2672.utt,2/sw2672,2672,195,sd,B,104,5,In five years we're supposed to be at max. /,In/IN  [ five/CD years/NNS we/PRP ] 're/VBP supposed/VBN to/TO be/VB at/IN  [ max/NN ] ./.,(S (PP-PRP (IN In) (NP (CD five) (NNS years))) (NP-SBJ-1 (PRP we)) (VP (VBP 're) (VP (VBN supposed) (S (NP-SBJ (-NONE- *-1)) (VP (TO to) (VP (VB be) (PP-PRD (IN at) (NP (NN max)))))))) (. .) (-DFL- E_S)),290,589.56,591.3399999999999
sw02utt/sw_0282_2672.utt,2/sw2672,2672,196,b,A,105,1,Uh-huh. /,[ Uh-huh/UH ] ./.,(INTJ (UH Uh-huh) (. .) (-DFL- E_S)),260,592.88,592.98
sw02utt/sw_0282_2672.utt,2/sw2672,2672,197,sd,B,106,1,I don't think I can keep my own garbage.  /,[ I/PRP ] do/VBP n't/RB think/VB  [ I/PRP ] can/MD keep/VB  [ my/PRP$ own/JJ garbage/NN ] ./.,(S (NP-SBJ (PRP I)) (VP (VBP do) (RB n't) (VP (VB think) (SBAR (-NONE- 0) (S (NP-SBJ (PRP I)) (VP (MD can) (VP (VB keep) (NP (PRP$ my) (JJ own) (NN garbage)))))))) (. .) (-DFL- E_S)),294,592.88,594.76
sw02utt/sw_0282_2672.utt,2/sw2672,2672,198,sd,B,106,2,"{E I mean, } I might not have that much,  /","[ I/PRP ] mean/VBP ,/,  [ I/PRP ] might/MD not/RB have/VB that/RB  [ much/JJ ] ,/,","(S (PRN (S (NP-SBJ (PRP I)) (VP (VBP mean))) (, ,)) (NP-SBJ (PRP I)) (VP (MD might) (RB not) (VP (VB have) (NP (ADJP (RB that) (JJ much))))) (, ,) (-DFL- E_S))",295,596.3,597.8199999999999
sw02utt/sw_0282_2672.utt,2/sw2672,2672,199,sd,B,106,3,"{C but } I wouldn't, -/","but/CC  [ I/PRP ] would/MD n't/RB ,/,","(S (CC but) (NP-SBJ (PRP I)) (VP-UNF (MD would) (RB n't)) (, ,) (-DFL- N_S))",296,599.1,599.38
