swda_filename,ptb_basename,conversation_no,transcript_index,act_tag,caller,utterance_index,subutterance_index,text,pos,trees,ptb_treenumbers,start_ts,end_ts
sw07utt/sw_0702_2652.utt,2/sw2652,2652,0,%,A,1,1,Okay.  /,Okay/UH ./.,,,1.14,1.5799999999999998
sw07utt/sw_0702_2652.utt,2/sw2652,2652,1,sd^t,A,1,2,Guess we can go ahead.  /,Guess/VBP we/PRP can/MD go/VB ahead/RB ./.,,,2.66,3.62
sw07utt/sw_0702_2652.utt,2/sw2652,2652,2,sd,A,1,3,"{F Uh, } {D well, }  I guess {D you know } it's, {D you know, } - /","Uh/UH ,/, well/UH ,/, I/PRP guess/VBP you/PRP know/VBP it/PRP 's/BES ,/, you/PRP know/VBP ,/,",,,3.62,6.18
sw07utt/sw_0702_2652.utt,2/sw2652,2652,3,sd,A,1,4,"since living in Dallas it's always so hot,  [ so + ] in the summertime, I just, [ I + ] wear lots of shorts,  [ so + ] because I don't work during the day. /","since/IN living/VBG in/IN Dallas/NNP it/PRP 's/BES always/RB so/RB hot/JJ ,/, so/RB in/IN the/DT summertime/NN ,/, I/PRP just/RB ,/, I/PRP wear/VBP lots/NNS of/IN shorts/NNS ,/, so/RB because/IN I/PRP do/VBP n't/RB work/VB during/IN the/DT day/NN ./.",,,6.18,13.28
sw07utt/sw_0702_2652.utt,2/sw2652,2652,4,b,B,2,1,Uh-huh. /,Uh-huh/UH ./.,,,13.22,13.42
sw07utt/sw_0702_2652.utt,2/sw2652,2652,5,qy,A,3,1,"{C So, } do you work? /","So/RB ,/, do/VBP you/PRP work/VB ?/.",,,13.48,15.76
sw07utt/sw_0702_2652.utt,2/sw2652,2652,6,ny,B,4,1,"<Breathing>  Yes,  /","Yes/UH ,/,",,,16.1,16.560000000000002
sw07utt/sw_0702_2652.utt,2/sw2652,2652,7,ny^r,B,4,2,"uh-huh,  /","uh-huh/UH ,/,",,,16.56,16.779999999999998
sw07utt/sw_0702_2652.utt,2/sw2652,2652,8,ny^r,B,4,3,"yeah,  /","yeah/UH ,/,",,,16.78,16.96
sw07utt/sw_0702_2652.utt,2/sw2652,2652,9,sd^e,B,4,4,I do work. /,I/PRP do/VBP work/NN ./.,,,16.98,17.66
sw07utt/sw_0702_2652.utt,2/sw2652,2652,10,b,A,5,1,Oh. /,Oh/UH ./.,,,17.86,18.04
sw07utt/sw_0702_2652.utt,2/sw2652,2652,11,%,B,6,1,"{F Uh, } {C and, } - /","Uh/UH ,/, and/CC ,/,",,,17.98,19.12
sw07utt/sw_0702_2652.utt,2/sw2652,2652,12,sd,B,6,2,"{C but } I work at a  manufacturing plant,  /","but/CC I/PRP work/VBP at/IN a/DT manufacturing/NN plant/NN ,/,",,,19.12,21.0
sw07utt/sw_0702_2652.utt,2/sw2652,2652,13,sd,B,6,3,"{C so } I wear a lot of blue jeans,","so/RB I/PRP wear/VBP a/DT lot/NN of/IN blue/JJ jeans/NNS ,/,",,,21.0,22.84
sw07utt/sw_0702_2652.utt,2/sw2652,2652,14,b,A,7,1,# Uh-huh. # /,Uh-huh/UH ./.,,,0.0,0.0
sw07utt/sw_0702_2652.utt,2/sw2652,2652,15,+,B,8,1,# and # T-shirts. /,and/CC T-shirts/NNS ./.,,,22.84,23.74
sw07utt/sw_0702_2652.utt,2/sw2652,2652,16,b,A,9,1,Uh-huh. /,Uh-huh/UH ./.,,,23.99,24.27
sw07utt/sw_0702_2652.utt,2/sw2652,2652,17,sd,B,10,1,"{C But } occasionally I have to get dressed up and wear  panty hose and a dress,","But/CC occasionally/RB I/PRP have/VBP to/TO get/VB dressed/JJ up/RP and/CC wear/NN panty/NN hose/NN and/CC a/DT dress/NN ,/,",,,24.22,28.709999999999997
sw07utt/sw_0702_2652.utt,2/sw2652,2652,18,b,A,11,1,# Uh-huh. # /,Uh-huh/UH ./.,,,0.0,0.0
sw07utt/sw_0702_2652.utt,2/sw2652,2652,19,+,B,12,1,# and # high heel shoes  /,and/CC high/JJ heel/NN shoes/NNS,,,28.71,29.87
sw07utt/sw_0702_2652.utt,2/sw2652,2652,20,sd,B,12,2,{C and } I feel really  uncomfortable doing that  /,and/CC I/PRP feel/VBP really/RB uncomfortable/JJ doing/VBG that/DT,,,29.87,31.77
sw07utt/sw_0702_2652.utt,2/sw2652,2652,21,sd,B,12,3,"{C and, }","and/CC ,/,",,,31.77,31.81
sw07utt/sw_0702_2652.utt,2/sw2652,2652,22,b,A,13,1,# Yeah. # /,Yeah/UH ./.,,,31.87,32.27
sw07utt/sw_0702_2652.utt,2/sw2652,2652,23,+,B,14,1,"# in # the plant [ so, + ] {F uh, }  [ it's, + it's ] a problem for me. /","in/IN the/DT plant/NN so/RB ,/, uh/UH ,/, it/PRP 's/BES ,/, it/PRP 's/BES a/DT problem/NN for/IN me/PRP ./.",,,32.47,35.85
sw07utt/sw_0702_2652.utt,2/sw2652,2652,24,b,A,15,1,Uh-huh. /,Uh-huh/UH ./.,,,36.09,36.31
sw07utt/sw_0702_2652.utt,2/sw2652,2652,25,sd,B,16,1,"{C But, } normally I just wear blue jeans and a T-shirt. /","But/CC ,/, normally/RB I/PRP just/RB wear/VBP blue/JJ jeans/NNS and/CC a/DT T-shirt/NN ./.",,,36.25,38.269999999999996
sw07utt/sw_0702_2652.utt,2/sw2652,2652,26,b,A,17,1,Uh-huh. /,Uh-huh/UH ./.,,,38.39,38.51
sw07utt/sw_0702_2652.utt,2/sw2652,2652,27,sd,B,18,1,"Very, very, comfortable.  /","Very/RB ,/, very/RB ,/, comfortable/JJ ./.",,,38.45,39.21
sw07utt/sw_0702_2652.utt,2/sw2652,2652,28,sd,B,18,2,I like that so much better  than having to wear dress clothes. /,I/PRP like/VBP that/DT so/RB much/RB better/RBR than/IN having/VBG to/TO wear/VB dress/NN clothes/NNS ./.,,,39.29,41.97
sw07utt/sw_0702_2652.utt,2/sw2652,2652,29,aa,A,19,1,"Yeah,  /","Yeah/UH ,/,",,,42.03,42.43
sw07utt/sw_0702_2652.utt,2/sw2652,2652,30,aa^r,A,19,2,"yeah,  /","yeah/UH ,/,",,,42.43,42.79
sw07utt/sw_0702_2652.utt,2/sw2652,2652,31,bf,A,19,3,"{C and } buying suits and stuff, {D yeah, } because just being at home - /","and/CC buying/VBG suits/NNS and/CC stuff/NN ,/, yeah/UH ,/, because/IN just/RB being/VBG at/IN home/NN",,,42.79,45.37
sw07utt/sw_0702_2652.utt,2/sw2652,2652,32,sd,A,19,4,"{C and, } I work at home,  /","and/CC ,/, I/PRP work/VBP at/IN home/NN ,/,",,,45.37,47.07
sw07utt/sw_0702_2652.utt,2/sw2652,2652,33,sd,A,19,5,"{C so, }","so/RB ,/,",,,47.07,47.53
sw07utt/sw_0702_2652.utt,2/sw2652,2652,34,b,B,20,1,# Uh-huh. # /,Uh-huh/UH ./.,,,0.0,0.0
sw07utt/sw_0702_2652.utt,2/sw2652,2652,35,+,A,21,1,"# [ I # just have, + ] {D you know, } I just wear [ my, +  {D you know, } my ] shorts and stuff like that.  /","I/PRP just/RB have/VBP ,/, you/PRP know/VBP ,/, I/PRP just/RB wear/VBP my/PRP$ ,/, you/PRP know/VBP ,/, my/PRP$ shorts/NNS and/CC stuff/NN like/IN that/DT ./.",,,48.09,52.63
sw07utt/sw_0702_2652.utt,2/sw2652,2652,36,sd,A,21,2,"I don't go out and spend lots of money  on, {F uh, } different, {D you know, } suits and stuff, {D you know. } /","I/PRP do/VBP n't/RB go/VB out/RB and/CC spend/VB lots/NNS of/IN money/NN on/IN ,/, uh/UH ,/, different/JJ ,/, you/PRP know/VBP ,/, suits/NNS and/CC stuff/NN ,/, you/PRP know/VBP ./.",,,53.21,58.67
sw07utt/sw_0702_2652.utt,2/sw2652,2652,37,b,B,22,1,"Uh-huh,  /","Uh-huh/UH ,/,",,,58.61,58.73
sw07utt/sw_0702_2652.utt,2/sw2652,2652,38,b^r,B,22,2,uh-huh. /,uh-huh/UH ./.,,,59.29,59.47
sw07utt/sw_0702_2652.utt,2/sw2652,2652,39,sd,A,23,1,"{C But } when I, - /","But/CC when/WRB I/PRP ,/,",,,59.53,59.77
sw07utt/sw_0702_2652.utt,2/sw2652,2652,40,sd,A,23,2,"before I got married, {D you know, }  I was working  /","before/IN I/PRP got/VBD married/VBN ,/, you/PRP know/VBP ,/, I/PRP was/VBD working/VBG",,,59.79,61.730000000000004
sw07utt/sw_0702_2652.utt,2/sw2652,2652,41,sd,A,23,3,"{C so } [ I, + {F uh, } <talking> {D you know, } I ] had more suits and stuff  then  /","so/RB I/PRP ,/, uh/UH ,/, you/PRP know/VBP ,/, I/PRP had/VBD more/JJR suits/NNS and/CC stuff/NN then/RB",,,61.81,66.53
sw07utt/sw_0702_2652.utt,2/sw2652,2652,42,%,A,23,4,"{C but, } -/","but/CC ,/,",,,66.53,66.63
sw07utt/sw_0702_2652.utt,2/sw2652,2652,43,b,B,24,1,Right <breathing>. /,Right/UH ./.,,,68.45,68.59
sw07utt/sw_0702_2652.utt,2/sw2652,2652,44,sd,A,25,1,Worry about all that kind of stuff <laughter>. -/,Worry/NN about/IN all/PDT that/DT kind/NN of/IN stuff/NN ./.,,,68.65,70.85000000000001
sw07utt/sw_0702_2652.utt,2/sw2652,2652,45,sd,B,26,1,"<Laughter>  {D Well, } I have plenty of suits and dress  clothes because I'm like  you, when I first started working,","Well/UH ,/, I/PRP have/VBP plenty/NN of/IN suits/NNS and/CC dress/NN clothes/NNS because/IN I/PRP 'm/VBP like/IN you/PRP ,/, when/WRB I/PRP first/RB started/VBD working/VBG ,/,",,,71.11,75.92
sw07utt/sw_0702_2652.utt,2/sw2652,2652,46,b,A,27,1,# Uh-huh. # /,Uh-huh/UH ./.,,,0.0,0.0
sw07utt/sw_0702_2652.utt,2/sw2652,2652,47,+,B,28,1,"# {F uh, } # I have all these suits and blouses and skirts and  mix and match, and that kind of stuff <breathing>, /","uh/UH ,/, I/PRP have/VBP all/PDT these/DT suits/NNS and/CC blouses/NNS and/CC skirts/NNS and/CC mix/NN and/CC match/NN ,/, and/CC that/DT kind/NN of/IN stuff/NN ,/,",,,76.52,81.86
sw07utt/sw_0702_2652.utt,2/sw2652,2652,48,b,A,29,1,# Uh-huh. # /,Uh-huh/UH ./.,,,0.0,0.0
sw07utt/sw_0702_2652.utt,2/sw2652,2652,49,sd,B,30,1,"# {C but } # now that I, {D you know, } work in the manufacturing plant, then it's just, [ it's + ] so much more difficult for me [ to, + to ]  actually get dressed up to come in to work like that. /","but/CC now/RB that/IN I/PRP ,/, you/PRP know/VBP ,/, work/VBP in/IN the/DT manufacturing/NN plant/NN ,/, then/RB it/PRP 's/BES just/RB ,/, it/PRP 's/BES so/RB much/RB more/RBR difficult/JJ for/IN me/PRP to/TO ,/, to/TO actually/RB get/VB dressed/JJ up/RP to/TO come/VB in/IN to/IN work/NN like/IN that/DT ./.",,,82.64,91.24
sw07utt/sw_0702_2652.utt,2/sw2652,2652,50,b,A,31,1,Right. /,Right/UH ./.,,,91.39,91.77
sw07utt/sw_0702_2652.utt,2/sw2652,2652,51,sd,B,32,1,"{F Uh, } {C but } occasionally I have to because, {F uh, } part of my job is teaching,","Uh/UH ,/, but/CC occasionally/RB I/PRP have/VBP to/TO because/IN ,/, uh/UH ,/, part/NN of/IN my/PRP$ job/NN is/VBZ teaching/NN ,/,",,,91.7,95.17999999999999
sw07utt/sw_0702_2652.utt,2/sw2652,2652,52,b,A,33,1,# Uh-huh. # /,Uh-huh/UH ./.,,,0.0,0.0
sw07utt/sw_0702_2652.utt,2/sw2652,2652,53,+,B,34,1,"# and # training,  /","and/CC training/NN ,/,",,,95.48,96.18
sw07utt/sw_0702_2652.utt,2/sw2652,2652,54,sd,B,34,2,"{C and, } {F uh, } {C so } you have to  look just  a little bit nicer than your normal,","and/CC ,/, uh/UH ,/, so/RB you/PRP have/VBP to/TO look/VB just/RB a/DT little/JJ bit/NN nicer/JJR than/IN your/PRP$ normal/JJ ,/,",,,96.47,99.25
sw07utt/sw_0702_2652.utt,2/sw2652,2652,55,bf,A,35,1,"# When you're training, right. # /","When/WRB you/PRP 're/VBP training/VBG ,/, right/UH ./.",,,99.45,100.41
sw07utt/sw_0702_2652.utt,2/sw2652,2652,56,+,B,36,1,# garb <laughter>.  # /,garb/NN ./.,,,0.0,0.0
sw07utt/sw_0702_2652.utt,2/sw2652,2652,57,b,A,37,1,Yeah. /,Yeah/UH ./.,,,100.63,100.72999999999999
sw07utt/sw_0702_2652.utt,2/sw2652,2652,58,sd^r,B,38,1,Than your normal garb <laughter>.  /,Than/IN your/PRP$ normal/JJ garb/NN ./.,,,101.01,102.07
sw07utt/sw_0702_2652.utt,2/sw2652,2652,59,sd,B,38,2,"{C But } I'm like you,  too, {F uh, } I moved from Ohio down to here -- /","But/CC I/PRP 'm/VBP like/IN you/PRP ,/, too/RB ,/, uh/UH ,/, I/PRP moved/VBD from/IN Ohio/NNP down/IN to/IN here/RB --/:",,,102.37,105.43
sw07utt/sw_0702_2652.utt,2/sw2652,2652,60,b,A,39,1,"Uh-huh,  /","Uh-huh/UH ,/,",,,105.63,105.92999999999999
sw07utt/sw_0702_2652.utt,2/sw2652,2652,61,bf,A,39,2,"moved from,","moved/VBD from/IN ,/,",,,106.03,106.23
sw07utt/sw_0702_2652.utt,2/sw2652,2652,62,sd,B,40,1,"-- {C and } I had mostly polyesters and,","--/: and/CC I/PRP had/VBD mostly/JJ polyesters/NNS and/CC ,/,",,,106.15,108.47000000000001
sw07utt/sw_0702_2652.utt,2/sw2652,2652,63,+,A,41,1,# Winter.  # /,Winter/NNP ./.,,,108.89,109.29
sw07utt/sw_0702_2652.utt,2/sw2652,2652,64,+,B,42,1,# wools # and winter clothes --,wools/NNS and/CC winter/NN clothes/NNS --/:,,,109.43,110.80999999999999
sw07utt/sw_0702_2652.utt,2/sw2652,2652,65,b,A,43,1,Uh-huh. /,Uh-huh/UH ./.,,,110.93,111.25
sw07utt/sw_0702_2652.utt,2/sw2652,2652,66,+,B,44,1,"-- and buying all these cotton clothes,  /","--/: and/CC buying/VBG all/PDT these/DT cotton/NN clothes/NNS ,/,",,,111.17,113.13
sw07utt/sw_0702_2652.utt,2/sw2652,2652,67,sd,B,44,2,"{C and then, }  of course, you have to iron them all the time. /","and/CC then/RB ,/, of/IN course/NN ,/, you/PRP have/VBP to/TO iron/VB them/PRP all/PDT the/DT time/NN ./.",,,113.13,115.71000000000001
sw07utt/sw_0702_2652.utt,2/sw2652,2652,68,b,A,45,1,Uh-huh. /,Uh-huh/UH ./.,,,115.79,116.13000000000001
sw07utt/sw_0702_2652.utt,2/sw2652,2652,69,%,B,46,1,"That's really, - /","That/DT 's/BES really/RB ,/,",,,116.05,116.63
sw07utt/sw_0702_2652.utt,2/sw2652,2652,70,sd,B,46,2,that's been a problem for me. /,that/DT 's/HVS been/VBN a/DT problem/NN for/IN me/PRP ./.,,,116.63,117.89
sw07utt/sw_0702_2652.utt,2/sw2652,2652,71,aa,A,47,1,"Yeah,  /","Yeah/UH ,/,",,,118.43,118.75
sw07utt/sw_0702_2652.utt,2/sw2652,2652,72,sd,A,47,2,{C because } I came from Wyoming  /,because/IN I/PRP came/VBD from/IN Wyoming/NNP,,,118.75,119.91
sw07utt/sw_0702_2652.utt,2/sw2652,2652,73,sd,A,47,3,{C and }  I had wool suits and wool skirts  /,and/CC I/PRP had/VBD wool/NN suits/NNS and/CC wool/NN skirts/NNS,,,119.91,121.77000000000001
sw07utt/sw_0702_2652.utt,2/sw2652,2652,74,sd,A,47,4,"{C and, }","and/CC ,/,",,,121.77,121.81
sw07utt/sw_0702_2652.utt,2/sw2652,2652,75,x,B,48,1,<Laughter>.,,,,0.0,0.0
sw07utt/sw_0702_2652.utt,2/sw2652,2652,76,+,A,49,1,"{D You know, } I've got all these clothes that I never wear,","You/PRP know/VBP ,/, I/PRP 've/VBP got/VBN all/PDT these/DT clothes/NNS that/IN I/PRP never/RB wear/VBP ,/,",,,121.81,124.41000000000001
sw07utt/sw_0702_2652.utt,2/sw2652,2652,77,aa,B,50,1,# Right. # /,Right/UH ./.,,,0.0,0.0
sw07utt/sw_0702_2652.utt,2/sw2652,2652,78,+,A,51,1,# because # you can't wear them here. /,because/IN you/PRP ca/MD n't/RB wear/VB them/PRP here/RB ./.,,,124.49,125.85
sw07utt/sw_0702_2652.utt,2/sw2652,2652,79,aa,B,52,1,Right. /,Right/UH ./.,,,126.05,126.23
sw07utt/sw_0702_2652.utt,2/sw2652,2652,80,sd,A,53,1,"{C And, } {F uh, } the seasons are just so much different.  /","And/CC ,/, uh/UH ,/, the/DT seasons/NNS are/VBP just/RB so/RB much/RB different/JJ ./.",,,126.31,128.15
sw07utt/sw_0702_2652.utt,2/sw2652,2652,81,sd,A,53,2,You have so much summer. /,You/PRP have/VBP so/RB much/JJ summer/NN ./.,,,128.15,129.13
sw07utt/sw_0702_2652.utt,2/sw2652,2652,82,b,B,54,1,Uh-huh. /,Uh-huh/UH ./.,,,129.05,129.21
sw07utt/sw_0702_2652.utt,2/sw2652,2652,83,sd,A,55,1,"{C And, } {F uh, } {C so then } when [ I, + {D you know, } I ]  finally get a chance to go out with my husband it's like a real chore to find something  nice to wear <laughter>. /","And/CC ,/, uh/UH ,/, so/RB then/RB when/WRB I/PRP ,/, you/PRP know/VBP ,/, I/PRP finally/RB get/VBP a/DT chance/NN to/TO go/VB out/IN with/IN my/PRP$ husband/NN it/PRP 's/BES like/IN a/DT real/JJ chore/NN to/TO find/VB something/NN nice/JJ to/TO wear/VB ./.",,,130.21,136.79
sw07utt/sw_0702_2652.utt,2/sw2652,2652,84,aa,B,56,1,"<Laughter>  That's true, that's true. /","That/DT 's/BES true/JJ ,/, that/DT 's/BES true/JJ ./.",,,137.43,139.07000000000002
sw07utt/sw_0702_2652.utt,2/sw2652,2652,85,b,A,57,1,Yeah  <noise>. /,Yeah/UH ./.,,,139.14,139.42
sw07utt/sw_0702_2652.utt,2/sw2652,2652,86,sd,B,58,1,"{D Well, } I know, I was just now, {F uh, } {F uh, }  putting away a lot of my winter clothes, /","Well/UH ,/, I/PRP know/VBP ,/, I/PRP was/VBD just/RB now/RB ,/, uh/UH ,/, uh/UH ,/, putting/VBG away/RB a/DT lot/NN of/IN my/PRP$ winter/NN clothes/NNS ,/,",,,139.35,143.54
sw07utt/sw_0702_2652.utt,2/sw2652,2652,87,b,A,59,1,# Uh-huh. # /,Uh-huh/UH ./.,,,0.0,0.0
sw07utt/sw_0702_2652.utt,2/sw2652,2652,88,sd,B,60,1,# {C and } # I was going through here  /,and/CC I/PRP was/VBD going/VBG through/IN here/RB,,,143.96,144.96
sw07utt/sw_0702_2652.utt,2/sw2652,2652,89,sd,B,60,2,"{C and }  I was thinking, I haven't worn this in three years. /","and/CC I/PRP was/VBD thinking/VBG ,/, I/PRP have/VBP n't/RB worn/VBN this/DT in/NN three/CD years/NNS ./.",,,144.96,147.26000000000002
sw07utt/sw_0702_2652.utt,2/sw2652,2652,90,b,A,61,1,Yeah. /,Yeah/UH ./.,,,147.48,147.79999999999998
sw07utt/sw_0702_2652.utt,2/sw2652,2652,91,sd,B,62,1,"{C And, } {C because } it's a wool skirt  /","And/CC ,/, because/IN it/PRP 's/BES a/DT wool/NN skirt/NN",,,147.72,148.9
sw07utt/sw_0702_2652.utt,2/sw2652,2652,92,sd,B,62,2,{C and }  there's just not that many opportunities to wear it. /,and/CC there/EX 's/BES just/RB not/RB that/RB many/JJ opportunities/NNS to/TO wear/VB it/PRP ./.,,,148.9,151.5
sw07utt/sw_0702_2652.utt,2/sw2652,2652,93,b,A,63,1,Yeah. /,Yeah/UH ./.,,,151.62,151.96
sw07utt/sw_0702_2652.utt,2/sw2652,2652,94,sd,B,64,1,"{C And } I have five or six wool skirts, /","And/CC I/PRP have/VBP five/CD or/CC six/CD wool/NN skirts/NNS ,/,",,,151.88,153.92000000000002
sw07utt/sw_0702_2652.utt,2/sw2652,2652,95,b,A,65,1,# Uh-huh. # /,Uh-huh/UH ./.,,,0.0,0.0
sw07utt/sw_0702_2652.utt,2/sw2652,2652,96,sd,B,66,1,"# {C so } # I was thinking {D well, } maybe, {D you know, }  I need to think about getting rid of them,  /","so/RB I/PRP was/VBD thinking/VBG well/UH ,/, maybe/RB ,/, you/PRP know/VBP ,/, I/PRP need/VBP to/TO think/VB about/IN getting/VBG rid/VBN of/IN them/PRP ,/,",,,153.92,156.8
sw07utt/sw_0702_2652.utt,2/sw2652,2652,97,sd,B,66,2,"{C but } <breathing> {D no, } I folded it up neatly and put it away <laughter>, # maybe next year <laughter>.  # /","but/CC no/UH ,/, I/PRP folded/VBD it/PRP up/RP neatly/RB and/CC put/VB it/PRP away/RB ,/, maybe/RB next/JJ year/NN ./.",,,156.8,159.38
sw07utt/sw_0702_2652.utt,2/sw2652,2652,98,aa,A,67,1,# Yeah.  /,Yeah/UH ./.,,,159.62,159.96
sw07utt/sw_0702_2652.utt,2/sw2652,2652,99,bf,A,67,2,"You hate to # get rid of it, because you know how much you spent on them. /","You/PRP hate/VBP to/TO get/VB rid/VBN of/IN it/PRP ,/, because/IN you/PRP know/VBP how/WRB much/JJ you/PRP spent/VBD on/IN them/PRP ./.",,,159.96,162.66
sw07utt/sw_0702_2652.utt,2/sw2652,2652,100,aa,B,68,1,"Uh-huh,  /","Uh-huh/UH ,/,",,,162.58,162.70000000000002
sw07utt/sw_0702_2652.utt,2/sw2652,2652,101,aa^r,B,68,2,uh-huh. /,uh-huh/UH ./.,,,163.68,163.86
sw07utt/sw_0702_2652.utt,2/sw2652,2652,102,sd,A,69,1,"{C And } it's real hard to get rid of some of that stuff, I know. /","And/CC it/PRP 's/BES real/RB hard/JJ to/TO get/VB rid/VBN of/IN some/DT of/IN that/DT stuff/NN ,/, I/PRP know/VBP ./.",,,163.94,166.51999999999998
sw07utt/sw_0702_2652.utt,2/sw2652,2652,103,"aa,o@",B,70,1,"I know, I agree with you <breathing>. /  *[[ 2 slash units? ]]","I/PRP know/VBP ,/, I/PRP agree/VBP with/IN you/PRP ./.",,,166.44,167.86
sw07utt/sw_0702_2652.utt,2/sw2652,2652,104,%,A,71,1,"{D So, } -/","So/RB ,/,",,,167.94,168.06
sw07utt/sw_0702_2652.utt,2/sw2652,2652,105,sd,B,72,1,"{D Well, } I know last year, {F uh, } {D well, } this past winter, it wasn't that cold. /","Well/UH ,/, I/PRP know/VBP last/JJ year/NN ,/, uh/UH ,/, well/UH ,/, this/DT past/JJ winter/NN ,/, it/PRP was/VBD n't/RB that/RB cold/JJ ./.",,,168.56,171.82000000000002
sw07utt/sw_0702_2652.utt,2/sw2652,2652,106,b,A,73,1,Uh-huh. /,Uh-huh/UH ./.,,,172.3,172.56
sw07utt/sw_0702_2652.utt,2/sw2652,2652,107,sd,B,74,1,"{C But } the previous winter we had more, {F uh, } cold weather where I was able to actually wear,","But/CC the/DT previous/JJ winter/NN we/PRP had/VBD more/JJR ,/, uh/UH ,/, cold/JJ weather/NN where/WRB I/PRP was/VBD able/JJ to/TO actually/RB wear/VB ,/,",,,172.48,177.97000000000003
sw07utt/sw_0702_2652.utt,2/sw2652,2652,108,b,A,75,1,# Uh-huh. # /,Uh-huh/UH ./.,,,0.0,0.0
sw07utt/sw_0702_2652.utt,2/sw2652,2652,109,+,B,76,1,"# your # double and triple layerings of, {F uh, } clothes --","your/PRP$ double/JJ and/CC triple/JJ layerings/NNS of/IN ,/, uh/UH ,/, clothes/NNS --/:",,,178.35,180.69
sw07utt/sw_0702_2652.utt,2/sw2652,2652,110,b^m,A,77,1,"Clothes,  /","Clothes/NNS ,/,",,,181.22,181.66
sw07utt/sw_0702_2652.utt,2/sw2652,2652,111,b,A,77,2,yeah. /,yeah/UH ./.,,,181.66,181.76
sw07utt/sw_0702_2652.utt,2/sw2652,2652,112,+,B,78,1,"-- {D yeah, }  like you would when you're up north.  /","--/: yeah/UH ,/, like/IN you/PRP would/MD when/WRB you/PRP 're/VBP up/IN north/RB ./.",,,181.83,183.53
sw07utt/sw_0702_2652.utt,2/sw2652,2652,113,sv,B,78,2,"{C So } <lipsmack>,","So/RB ,/,",,,183.55,183.77
sw07utt/sw_0702_2652.utt,2/sw2652,2652,114,b,A,79,1,# Uh-huh. # /,Uh-huh/UH ./.,,,0.0,0.0
sw07utt/sw_0702_2652.utt,2/sw2652,2652,115,+,B,80,1,# that's # really interesting. /,that/DT 's/BES really/RB interesting/JJ ./.,,,184.75,185.85
sw07utt/sw_0702_2652.utt,2/sw2652,2652,116,aa,A,81,1,"Yeah,  /","Yeah/UH ,/,",,,186.2,186.6
sw07utt/sw_0702_2652.utt,2/sw2652,2652,117,aa^r,A,81,2,"yeah,  /","yeah/UH ,/,",,,186.92,187.22
sw07utt/sw_0702_2652.utt,2/sw2652,2652,118,sd,A,81,3,"{C and } [ I, + I ] just don't  spend, {D you know, } - /","and/CC I/PRP ,/, I/PRP just/RB do/VBP n't/RB spend/VB ,/, you/PRP know/VBP ,/,",,,187.32,188.96
sw07utt/sw_0702_2652.utt,2/sw2652,2652,119,sd,A,81,4,"right now my clothes come from Target, {D you know } <laughter>. /","right/RB now/RB my/PRP$ clothes/NNS come/VBP from/IN Target/NNP ,/, you/PRP know/VBP ./.",,,189.4,191.9
sw07utt/sw_0702_2652.utt,2/sw2652,2652,120,aa,B,82,1,"Yes,  /","Yes/UH ,/,",,,191.81,192.05
sw07utt/sw_0702_2652.utt,2/sw2652,2652,121,aa^r,B,82,2,"yes,  /","yes/UH ,/,",,,192.35,192.73
sw07utt/sw_0702_2652.utt,2/sw2652,2652,122,aa^r,B,82,3,"yes,  /","yes/UH ,/,",,,193.19,193.39
sw07utt/sw_0702_2652.utt,2/sw2652,2652,123,sd,B,82,4,{C and } they're all one hundred  percent cotton  /,and/CC they/PRP 're/VBP all/DT one/CD hundred/CD percent/NN cotton/NN,,,193.39,195.01000000000002
sw07utt/sw_0702_2652.utt,2/sw2652,2652,124,%,B,82,5,"{C and } <laughter>, -/","and/CC ,/,",,,195.55,195.95000000000002
sw07utt/sw_0702_2652.utt,2/sw2652,2652,125,aa,A,83,1,"Yes,  /","Yes/UH ,/,",,,196.04,196.26
sw07utt/sw_0702_2652.utt,2/sw2652,2652,126,%,A,83,2,"{C and } they, - /","and/CC they/PRP ,/,",,,196.26,196.72
sw07utt/sw_0702_2652.utt,2/sw2652,2652,127,sd,A,83,3,you take them out of the  drier  /,you/PRP take/VBP them/PRP out/IN of/IN the/DT drier/NN,,,196.86,197.92000000000002
sw07utt/sw_0702_2652.utt,2/sw2652,2652,128,sd,A,83,4,{C and } they're wadded up in a ball. /,and/CC they/PRP 're/VBP wadded/JJ up/RP in/IN a/DT ball/NN ./.,,,197.92,199.12
sw07utt/sw_0702_2652.utt,2/sw2652,2652,129,aa,B,84,1,"Yes,  /","Yes/UH ,/,",,,199.41,199.89
sw07utt/sw_0702_2652.utt,2/sw2652,2652,130,aa^r,B,84,2,"yes,  /","yes/UH ,/,",,,200.03,200.47
sw07utt/sw_0702_2652.utt,2/sw2652,2652,131,sd,B,84,3,I know.  /,I/PRP know/VBP ./.,,,200.47,200.82999999999998
sw07utt/sw_0702_2652.utt,2/sw2652,2652,132,sd@,B,84,4,"{C So } [ I, + {F uh, } I ]  have my ironing board sitting out all the time,   *[[ Looks like this should be the end of a slash unit, not continue in B's next turn ]]","So/RB I/PRP ,/, uh/UH ,/, I/PRP have/VBP my/PRP$ ironing/NN board/NN sitting/VBG out/RB all/PDT the/DT time/NN ,/,",,,200.83,203.65
sw07utt/sw_0702_2652.utt,2/sw2652,2652,133,b,A,85,1,"# Oh <laughter>,  # /","Oh/UH ,/,",,,203.74,203.86
sw07utt/sw_0702_2652.utt,2/sw2652,2652,134,+@,B,86,1,"# I never # put mine away <laughter>, /  *[[ See note above ]]","I/PRP never/RB put/VBP mine/PRP away/RB ,/,",,,203.77,204.47
sw07utt/sw_0702_2652.utt,2/sw2652,2652,135,sd,A,87,1,"I'm so glad to meet somebody [ that, + that ] their iron  board is their permanent fixture in their house. /","I/PRP 'm/VBP so/RB glad/JJ to/TO meet/VB somebody/NN that/IN ,/, that/IN their/PRP$ iron/NN board/NN is/VBZ their/PRP$ permanent/JJ fixture/NN in/IN their/PRP$ house/NN ./.",,,204.56,209.39999999999998
sw07utt/sw_0702_2652.utt,2/sw2652,2652,136,sd,B,88,1,"It is, it is. /","It/PRP is/VBZ ,/, it/PRP is/VBZ ./.",,,209.31,210.05
sw07utt/sw_0702_2652.utt,2/sw2652,2652,137,sd,A,89,1,"{D You know, } I have very little furniture, /","You/PRP know/VBP ,/, I/PRP have/VBP very/RB little/JJ furniture/NN ,/,",,,210.14,211.78
sw07utt/sw_0702_2652.utt,2/sw2652,2652,138,x,B,90,1,# <Laughter>.  #,,,,0.0,0.0
sw07utt/sw_0702_2652.utt,2/sw2652,2652,139,sd,A,91,1,# {C but } # my ironing board is part of my decor  /,but/CC my/PRP$ ironing/NN board/NN is/VBZ part/NN of/IN my/PRP$ decor/NN,,,211.78,214.62
sw07utt/sw_0702_2652.utt,2/sw2652,2652,140,%,A,91,2,"{C so, } -/","so/RB ,/,",,,214.62,214.78
sw07utt/sw_0702_2652.utt,2/sw2652,2652,141,aa,B,92,1,"<Laughter>  That's true,  /","That/DT 's/BES true/JJ ,/,",,,215.45,215.83
sw07utt/sw_0702_2652.utt,2/sw2652,2652,142,sd,B,92,2,"[ {C and, } + {C and } ]  I've been looking at these, {F uh, } {F uh, } {D like } in Home Depot where you can go and they've got,  [ that + ] ironing boards that will just flip right down off of [ [ [ the + {F uh, } {F uh, }  [ what,  + ] the, ] + the, ] + the ] door. /","and/CC ,/, and/CC I/PRP 've/VBP been/VBN looking/VBG at/IN these/DT ,/, uh/UH ,/, uh/UH ,/, like/IN in/IN Home/NNP Depot/NNP where/WRB you/PRP can/MD go/VB and/CC they/PRP 've/VBP got/VBN ,/, that/DT ironing/NN boards/NNS that/WDT will/MD just/RB flip/VB right/RB down/RB off/IN of/IN the/DT uh/UH ,/, uh/UH ,/, what/WP ,/, the/DT ,/, the/DT ,/, the/DT door/NN ./.",,,215.83,224.87
sw07utt/sw_0702_2652.utt,2/sw2652,2652,143,b,A,93,1,Uh-huh. /,Uh-huh/UH ./.,,,225.44,225.64
sw07utt/sw_0702_2652.utt,2/sw2652,2652,144,%,B,94,1,"{C And, } {F uh, } - /","And/CC ,/, uh/UH ,/,",,,225.55,226.23
sw07utt/sw_0702_2652.utt,2/sw2652,2652,145,sd,B,94,2,"{C and then } you can [ ha-, + ]  actually have one where you can put it inside of a wall, {D you know, } to have it,","and/CC then/RB you/PRP can/MD ha-/XX ,/, actually/RB have/VBP one/CD where/WRB you/PRP can/MD put/VB it/PRP inside/IN of/IN a/DT wall/NN ,/, you/PRP know/VBP ,/, to/TO have/VB it/PRP ,/,",,,226.23,230.37
sw07utt/sw_0702_2652.utt,2/sw2652,2652,146,b,A,95,1,# Uh-huh. # /,Uh-huh/UH ./.,,,230.56,230.74
sw07utt/sw_0702_2652.utt,2/sw2652,2652,147,+,B,96,1,"# permanently # attached,  /","permanently/RB attached/JJ ,/,",,,230.65,231.05
sw07utt/sw_0702_2652.utt,2/sw2652,2652,148,sd,B,96,2,{C and } that's what I'm thinking  I'm going to have to do because <breathing> mine's sitting right out in  front of my bedroom  /,and/CC that/DT 's/BES what/WP I/PRP 'm/VBP thinking/VBG I/PRP 'm/VBP going/VBG to/TO have/VB to/TO do/VB because/IN mine/PRP 's/BES sitting/VBG right/RB out/IN in/IN front/NN of/IN my/PRP$ bedroom/NN,,,231.05,235.58
sw07utt/sw_0702_2652.utt,2/sw2652,2652,149,sd,B,96,3,"{C and } [ it's just, + it's just ] an eyesore, I think,","and/CC it/PRP 's/BES just/RB ,/, it/PRP 's/BES just/RB an/DT eyesore/NN ,/, I/PRP think/VBP ,/,",,,235.58,237.54
sw07utt/sw_0702_2652.utt,2/sw2652,2652,150,b,A,97,1,"# Yeah, # /","Yeah/UH ,/,",,,237.64,237.95999999999998
sw07utt/sw_0702_2652.utt,2/sw2652,2652,151,+,B,98,1,"# with # all the, -/","with/IN all/PDT the/DT ,/,",,,237.86,238.06
sw07utt/sw_0702_2652.utt,2/sw2652,2652,152,aa,A,99,1,"{D well, } yeah  /","well/UH ,/, yeah/UH",,,238.16,238.62
sw07utt/sw_0702_2652.utt,2/sw2652,2652,153,aa,A,99,2,"it is,  it is,  /","it/PRP is/VBZ ,/, it/PRP is/VBZ ,/,",,,238.62,239.32
sw07utt/sw_0702_2652.utt,2/sw2652,2652,154,sd(^q),A,99,3,"{C but } it's like,  {F uh, } I just don't want to do it <<fading>>, /","but/CC it/PRP 's/BES like/IN ,/, uh/UH ,/, I/PRP just/RB do/VBP n't/RB want/VB to/TO do/VB it/PRP ,/,",,,239.32,242.08
sw07utt/sw_0702_2652.utt,2/sw2652,2652,155,aa,B,100,1,"Uh-uh,  /","Uh-uh/UH ,/,",,,242.14,242.27999999999997
sw07utt/sw_0702_2652.utt,2/sw2652,2652,156,aa^r,B,100,2,uh-uh. /,uh-uh/UH ./.,,,242.36,242.46
sw07utt/sw_0702_2652.utt,2/sw2652,2652,157,b,A,101,1,Yeah. /,Yeah/UH ./.,,,243.3,243.5
sw07utt/sw_0702_2652.utt,2/sw2652,2652,158,o,B,102,1,No.  /,No/UH ./.,,,243.4,243.64000000000001
sw07utt/sw_0702_2652.utt,2/sw2652,2652,159,sd,B,102,2,"I've been thinking about putting the ironing board in the closet,","I/PRP 've/VBP been/VBN thinking/VBG about/IN putting/VBG the/DT ironing/NN board/NN in/IN the/DT closet/NN ,/,",,,243.74,246.62
sw07utt/sw_0702_2652.utt,2/sw2652,2652,160,b,A,103,1,# Uh-huh. # /,Uh-huh/UH ./.,,,0.0,0.0
sw07utt/sw_0702_2652.utt,2/sw2652,2652,161,+,B,104,1,"# [ and, + # and ] running, {D you know, } a line in  there for my iron so I could do it in there  /","and/CC ,/, and/CC running/VBG ,/, you/PRP know/VBP ,/, a/DT line/NN in/IN there/RB for/IN my/PRP$ iron/NN so/IN I/PRP could/MD do/VB it/PRP in/IN there/RB",,,247.16,250.79999999999998
sw07utt/sw_0702_2652.utt,2/sw2652,2652,162,sd,B,104,2,{C and } I wouldn't have to have that eyesore <laughter>. /,and/CC I/PRP would/MD n't/RB have/VB to/TO have/VB that/DT eyesore/NN ./.,,,250.8,252.26000000000002
sw07utt/sw_0702_2652.utt,2/sw2652,2652,163,b,A,105,1,Yeah  /,Yeah/UH,,,252.74,253.04000000000002
sw07utt/sw_0702_2652.utt,2/sw2652,2652,164,ba,A,105,2,"<laughter>, that's an idea. /",",/, that/DT 's/BES an/DT idea/NN ./.",,,253.42,255.0
sw07utt/sw_0702_2652.utt,2/sw2652,2652,165,b,B,106,1,Yeah. /,Yeah/UH ./.,,,254.9,255.16
sw07utt/sw_0702_2652.utt,2/sw2652,2652,166,b,A,107,1,Yeah. /,Yeah/UH ./.,,,255.58,255.94000000000003
sw07utt/sw_0702_2652.utt,2/sw2652,2652,167,sd,B,108,1,"{C So, } I have a big closet. /","So/RB ,/, I/PRP have/VBP a/DT big/JJ closet/NN ./.",,,256.06,257.54
sw07utt/sw_0702_2652.utt,2/sw2652,2652,168,b,A,109,1,"Yeah,  /","Yeah/UH ,/,",,,258.0,258.32
sw07utt/sw_0702_2652.utt,2/sw2652,2652,169,%,A,109,2,"I, {D you know, } - /","I/PRP ,/, you/PRP know/VBP ,/,",,,258.32,259.5
sw07utt/sw_0702_2652.utt,2/sw2652,2652,170,%,A,109,3,"if I have, - /","if/IN I/PRP have/VBP ,/,",,,259.5,259.88
sw07utt/sw_0702_2652.utt,2/sw2652,2652,171,sd,A,109,4,"if I know I'm  having somebody come over to the house {C and } there's a possibility they might be going back  into my room,","if/IN I/PRP know/VBP I/PRP 'm/VBP having/VBG somebody/NN come/VB over/IN to/IN the/DT house/NN and/CC there/EX 's/BES a/DT possibility/NN they/PRP might/MD be/VB going/VBG back/RB into/IN my/PRP$ room/NN ,/,",,,260.0,265.44
sw07utt/sw_0702_2652.utt,2/sw2652,2652,172,b,B,110,1,# Uh-huh. # /,Uh-huh/UH ./.,,,0.0,0.0
sw07utt/sw_0702_2652.utt,2/sw2652,2652,173,+,A,111,1,"# I # will put it away, /","I/PRP will/MD put/VB it/PRP away/RB ,/,",,,265.46,266.38
sw07utt/sw_0702_2652.utt,2/sw2652,2652,174,b,B,112,1,# Yeah  /,Yeah/UH,,,0.0,0.0
sw07utt/sw_0702_2652.utt,2/sw2652.pos,2652,175,x,B,112,2,<noise>.  #,./.,,,0.0,0.0
sw07utt/sw_0702_2652.utt,2/sw2652,2652,176,sd,A,113,1,"# {C but } I # iron our clothes as we go along, /","but/CC I/PRP iron/VBP our/PRP$ clothes/NNS as/IN we/PRP go/VBP along/IN ,/,",,,266.38,269.2
sw07utt/sw_0702_2652.utt,2/sw2652,2652,177,b,B,114,1,# Uh-huh. # /,Uh-huh/UH ./.,,,269.1,269.42
sw07utt/sw_0702_2652.utt,2/sw2652,2652,178,%,A,115,1,"# {C so, } # {D you know, } -/","so/RB ,/, you/PRP know/VBP ,/,",,,269.52,270.1
sw07utt/sw_0702_2652.utt,2/sw2652,2652,179,sd,B,116,1,"I no longer do that weekly thing,","I/PRP no/RB longer/RB do/VBP that/DT weekly/JJ thing/NN ,/,",,,270.82,273.47999999999996
sw07utt/sw_0702_2652.utt,2/sw2652,2652,180,aa,A,117,1,"# Right,  /","Right/UH ,/,",,,0.0,0.0
sw07utt/sw_0702_2652.utt,2/sw2652,2652,181,aa,A,117,2,no.  # /,no/UH ./.,,,0.0,0.0
sw07utt/sw_0702_2652.utt,2/sw2652,2652,182,+,B,118,1,"# because I # have so many,  /","because/IN I/PRP have/VBP so/RB many/JJ ,/,",,,273.86,275.35999999999996
sw07utt/sw_0702_2652.utt,2/sw2652,2652,183,sd,B,118,2,"{C and } I'm like you,","and/CC I/PRP 'm/VBP like/IN you/PRP ,/,",,,275.36,275.94
sw07utt/sw_0702_2652.utt,2/sw2652,2652,184,b,A,119,1,# Uh-huh. # /,Uh-huh/UH ./.,,,0.0,0.0
sw07utt/sw_0702_2652.utt,2/sw2652,2652,185,+,B,120,1,"# [ I, + ] # the night before or that day,  I will iron whatever it is that we need  /","I/PRP ,/, the/DT night/NN before/RB or/CC that/DT day/NN ,/, I/PRP will/MD iron/VB whatever/WDT it/PRP is/VBZ that/IN we/PRP need/VBP",,,275.94,279.44
sw07utt/sw_0702_2652.utt,2/sw2652,2652,186,sd,B,120,2,{C and } that's it. /,and/CC that/DT 's/BES it/PRP ./.,,,279.66,280.28
sw07utt/sw_0702_2652.utt,2/sw2652,2652,187,b,A,121,1,Uh-huh. /,Uh-huh/UH ./.,,,280.37,280.57
sw07utt/sw_0702_2652.utt,2/sw2652,2652,188,sd,B,122,1,"{C Because } it's too many, - /","Because/IN it/PRP 's/BES too/RB many/JJ ,/,",,,280.74,281.6
sw07utt/sw_0702_2652.utt,2/sw2652,2652,189,sd,B,122,2,hundred percent cotton. /,hundred/CD percent/NN cotton/NN ./.,,,281.76,282.62
sw07utt/sw_0702_2652.utt,2/sw2652,2652,190,aa,A,123,1,Uh-huh.  /,Uh-huh/UH ./.,,,282.87,283.23
sw07utt/sw_0702_2652.utt,2/sw2652,2652,191,bf,A,123,2,You can't iron it all  /,You/PRP ca/MD n't/RB iron/VB it/PRP all/DT,,,283.39,284.53000000000003
sw07utt/sw_0702_2652.utt,2/sw2652,2652,192,%,A,123,3,"{C and, } -/","and/CC ,/,",,,284.53,284.57
sw07utt/sw_0702_2652.utt,2/sw2652,2652,193,b,B,124,1,Uh-huh. /,Uh-huh/UH ./.,,,284.48,284.70000000000005
sw07utt/sw_0702_2652.utt,2/sw2652,2652,194,b,A,125,1,Yeah.  /,Yeah/UH ./.,,,285.47,285.79
sw07utt/sw_0702_2652.utt,2/sw2652,2652,195,sd,A,125,2,"{C And then } with my kids, they're always getting into, {D you know, } - /","And/CC then/RB with/IN my/PRP$ kids/NNS ,/, they/PRP 're/VBP always/RB getting/VBG into/IN ,/, you/PRP know/VBP ,/,",,,286.03,288.33
sw07utt/sw_0702_2652.utt,2/sw2652,2652,196,sd,A,125,3,"they can't decide what they want to wear so they,","they/PRP ca/MD n't/RB decide/VB what/WP they/PRP want/VBP to/TO wear/VB so/IN they/PRP ,/,",,,288.47,290.37
sw07utt/sw_0702_2652.utt,2/sw2652,2652,197,b,B,126,1,# Uh-huh. # /,Uh-huh/UH ./.,,,0.0,0.0
sw07utt/sw_0702_2652.utt,2/sw2652,2652,198,+,A,127,1,"# change # their minds, {D you know, } I know, {E I mean }  my oldest is only four,  /","change/VBP their/PRP$ minds/NNS ,/, you/PRP know/VBP ,/, I/PRP know/VBP ,/, I/PRP mean/VBP my/PRP$ oldest/JJS is/VBZ only/RB four/CD ,/,",,,290.87,293.87
sw07utt/sw_0702_2652.utt,2/sw2652,2652,199,sd,A,127,2,"{C but } she's still changes her mind two or three times,","but/CC she/PRP 's/BES still/RB changes/VBZ her/PRP$ mind/NN two/CD or/CC three/CD times/NNS ,/,",,,293.87,296.77000000000004
sw07utt/sw_0702_2652.utt,2/sw2652,2652,200,b,B,128,1,# Right. # /,Right/UH ./.,,,0.0,0.0
sw07utt/sw_0702_2652.utt,2/sw2652,2652,201,+,A,129,1,# before # she figures out what she's going to wear  /,before/IN she/PRP figures/VBZ out/RP what/WP she/PRP 's/BES going/VBG to/TO wear/VB,,,296.77,298.47
sw07utt/sw_0702_2652.utt,2/sw2652,2652,202,%,A,129,2,"{C so, } -/","so/RB ,/,",,,298.59,298.71
sw07utt/sw_0702_2652.utt,2/sw2652,2652,203,aa,B,130,1,Right.  /,Right/UH ./.,,,298.62,298.82
sw07utt/sw_0702_2652.utt,2/sw2652,2652,204,aa,B,130,2,"{F Oh, } I know, I know. /","Oh/UH ,/, I/PRP know/VBP ,/, I/PRP know/VBP ./.",,,299.03,299.93
sw07utt/sw_0702_2652.utt,2/sw2652,2652,205,sd,A,131,1,{C And then } they never put anything back. /,And/CC then/RB they/PRP never/RB put/VBD anything/NN back/RB ./.,,,300.21,301.89
sw07utt/sw_0702_2652.utt,2/sw2652,2652,206,aa,B,132,1,"No,  /","No/UH ,/,",,,301.97,302.27000000000004
sw07utt/sw_0702_2652.utt,2/sw2652,2652,207,aa^r,B,132,2,no  /,no/UH,,,302.51,302.67
sw07utt/sw_0702_2652.utt,2/sw2652,2652,208,aa,B,132,3,of course not.  /,of/IN course/NN not/RB ./.,,,302.67,303.15
sw07utt/sw_0702_2652.utt,2/sw2652,2652,209,aa^r,B,132,4,"No,  /","No/UH ,/,",,,303.15,303.22999999999996
sw07utt/sw_0702_2652.utt,2/sw2652,2652,210,sv,B,132,5,"[ that, + {F uh, } that ] would be too simple. /","that/DT ,/, uh/UH ,/, that/DT would/MD be/VB too/RB simple/JJ ./.",,,303.57,304.69
sw07utt/sw_0702_2652.utt,2/sw2652,2652,211,b,A,133,1,Uh-huh. /,Uh-huh/UH ./.,,,305.17,305.37
sw07utt/sw_0702_2652.utt,2/sw2652,2652,212,x,B,134,1,<Laughter>.,,,,0.0,0.0
sw07utt/sw_0702_2652.utt,2/sw2652,2652,213,b,A,135,1,"Yeah,  /","Yeah/UH ,/,",,,305.55,305.91
sw07utt/sw_0702_2652.utt,2/sw2652,2652,214,sv(^q)@,A,135,2,"[ [ that, + that, ] + that's ]  called smart, {D you know, } [ they don't, + ] we don't do that kind of stuff, {D you know. } *[[ Seems this should end in a slash ]]","that/DT ,/, that/DT ,/, that/DT 's/BES called/VBN smart/JJ ,/, you/PRP know/VBP ,/, they/PRP do/VBP n't/RB ,/, we/PRP do/VBP n't/RB do/VB that/DT kind/NN of/IN stuff/NN ,/, you/PRP know/VBP ./.",,,305.91,309.95000000000005
sw07utt/sw_0702_2652.utt,2/sw2652,2652,215,aa,B,136,1,Absolutely not <laughter>. /,Absolutely/RB not/RB ./.,,,309.85,310.61
sw07utt/sw_0702_2652.utt,2/sw2652,2652,216,+@,A,137,1,That's called too easy on mom. /  *[[ See note above; this would seem to be an indep. slash unit ]],That/DT 's/BES called/VBN too/RB easy/JJ on/IN mom/NN ./.,,,310.79,312.59
sw07utt/sw_0702_2652.utt,2/sw2652,2652,217,aa,B,138,1,That's right. /,That/DT 's/BES right/JJ ./.,,,312.49,313.15000000000003
sw07utt/sw_0702_2652.utt,2/sw2652,2652,218,^q,A,139,1,Our lot in life is to make her life miserable  /,Our/PRP$ lot/NN in/IN life/NN is/VBZ to/TO make/VB her/PRP$ life/NN miserable/JJ,,,313.91,316.35
sw07utt/sw_0702_2652.utt,2/sw2652,2652,219,%,A,139,2,"{C so, } -/","so/RB ,/,",,,316.35,316.47
sw07utt/sw_0702_2652.utt,2/sw2652,2652,220,aa,B,140,1,"Uh-huh,  /","Uh-huh/UH ,/,",,,316.37,316.49
sw07utt/sw_0702_2652.utt,2/sw2652,2652,221,aa,B,140,2,"absolutely, absolutely. /","absolutely/UH ,/, absolutely/UH ./.",,,316.49,318.63
sw07utt/sw_0702_2652.utt,2/sw2652,2652,222,%,A,141,1,{F Uh. } /,Uh/UH ./.,,,319.25,319.39
sw07utt/sw_0702_2652.utt,2/sw2652,2652,223,b,B,142,1,Oh. /,Oh/UH ./.,,,319.29,319.35
sw07utt/sw_0702_2652.utt,2/sw2652,2652,224,b,A,143,1,"Yeah,  /","Yeah/UH ,/,",,,320.73,321.07
sw07utt/sw_0702_2652.utt,2/sw2652,2652,225,%,A,143,2,"<lipsmack> {D well } that's, - /","well/UH that/DT 's/BES ,/,",,,321.11,321.65
sw07utt/sw_0702_2652.utt,2/sw2652,2652,226,sd,A,143,3,"it's been good  talking to you, to [ see somebody, + hear somebody ] that does the same thing I do  because I tell people what I do  /","it/PRP 's/BES been/VBN good/JJ talking/NN to/TO you/PRP ,/, to/TO see/VB somebody/NN ,/, hear/VB somebody/NN that/WDT does/VBZ the/DT same/JJ thing/NN I/PRP do/VBP because/IN I/PRP tell/VBP people/NNS what/WP I/PRP do/VBP",,,321.81,326.83000000000004
sw07utt/sw_0702_2652.utt,2/sw2652,2652,227,sd(^q),A,143,4,"{C and } they just go, {F oh, } how do you do that? /","and/CC they/PRP just/RB go/VBP ,/, oh/UH ,/, how/WRB do/VBP you/PRP do/VB that/DT ?/.",,,326.83,328.19
sw07utt/sw_0702_2652.utt,2/sw2652,2652,228,x,B,144,1,<Laughter>.,,,,0.0,0.0
sw07utt/sw_0702_2652.utt,2/sw2652,2652,229,sd(^q),A,145,1,"It's like, it's easy, you just do it, {D you know. } /","It/PRP 's/BES like/IN ,/, it/PRP 's/BES easy/JJ ,/, you/PRP just/RB do/VBP it/PRP ,/, you/PRP know/VBP ./.",,,328.19,330.77
sw07utt/sw_0702_2652.utt,2/sw2652,2652,230,aa,B,146,1,That's right <laughter>.  /,That/DT 's/BES right/JJ ./.,,,330.67,331.15000000000003
sw07utt/sw_0702_2652.utt,2/sw2652,2652,231,"aa^r,o@",B,146,2,"That's right, [ you do, + you do. ] /  *[[ More than 1 slash unit? ]]","That/DT 's/BES right/JJ ,/, you/PRP do/VBP ,/, you/PRP do/VBP ./.",,,331.25,333.09
sw07utt/sw_0702_2652.utt,2/sw2652,2652,232,b,A,147,1,Uh-huh. /,Uh-huh/UH ./.,,,333.19,333.31
sw07utt/sw_0702_2652.utt,2/sw2652,2652,233,%,B,148,1,"{C So, } {F uh, } - /","So/RB ,/, uh/UH ,/,",,,333.21,333.43
sw07utt/sw_0702_2652.utt,2/sw2652,2652,234,%,B,148,2,"{C but, } yeah,  /","but/CC ,/, yeah/UH ,/,",,,333.43,333.95
sw07utt/sw_0702_2652.utt,2/sw2652,2652,235,sd,B,148,3,"[ I, + {F uh, } I ]  know several of my girlfriends, though, [ we, + {F uh, } we ] all keep our ironing boards out  and just, {F uh, } an ever present thing in our household  /","I/PRP ,/, uh/UH ,/, I/PRP know/VBP several/JJ of/IN my/PRP$ girlfriends/NNS ,/, though/RB ,/, we/PRP ,/, uh/UH ,/, we/PRP all/DT keep/VBP our/PRP$ ironing/NN boards/NNS out/IN and/CC just/RB ,/, uh/UH ,/, an/DT ever/RB present/JJ thing/NN in/IN our/PRP$ household/NN",,,333.95,342.01
sw07utt/sw_0702_2652.utt,2/sw2652,2652,236,%,B,148,4,"{C so, } -/","so/RB ,/,",,,342.01,342.28999999999996
sw07utt/sw_0702_2652.utt,2/sw2652,2652,237,b,A,149,1,"Yeah,  /","Yeah/UH ,/,",,,342.39,342.69
sw07utt/sw_0702_2652.utt,2/sw2652,2652,238,b^r,A,149,2,yeah.  /,yeah/UH ./.,,,342.77,343.01
sw07utt/sw_0702_2652.utt,2/sw2652,2652,239,sd,A,149,3,"I don't think I'd know what to  do if it wasn't there, {D you know. } /","I/PRP do/VBP n't/RB think/VB I/PRP 'd/MD know/VB what/WP to/TO do/VB if/IN it/PRP was/VBD n't/RB there/RB ,/, you/PRP know/VBP ./.",,,343.37,345.22999999999996
sw07utt/sw_0702_2652.utt,2/sw2652,2652,240,x,B,150,1,<Laughter>.,,,,0.0,0.0
sw07utt/sw_0702_2652.utt,2/sw2652,2652,241,sd,A,151,1,My husband wouldn't know where to hang his dirty clothes. /,My/PRP$ husband/NN would/MD n't/RB know/VB where/WRB to/TO hang/VB his/PRP$ dirty/JJ clothes/NNS ./.,,,345.39,347.77000000000004
sw07utt/sw_0702_2652.utt,2/sw2652,2652,242,ba,B,152,1,<Laughter>  There you go. /,There/EX you/PRP go/VBP ./.,,,347.67,348.45000000000005
sw07utt/sw_0702_2652.utt,2/sw2652,2652,243,o,A,153,1,You know. /,You/PRP know/VBP ./.,,,348.55,349.21
sw07utt/sw_0702_2652.utt,2/sw2652,2652,244,sd,B,154,1,"Things that need to be mended,","Things/NNS that/WDT need/VBP to/TO be/VB mended/VBN ,/,",,,349.11,350.31
sw07utt/sw_0702_2652.utt,2/sw2652,2652,245,aa,A,155,1,# Yeah. # /,Yeah/UH ./.,,,350.41,350.93
sw07utt/sw_0702_2652.utt,2/sw2652,2652,246,+,B,156,1,"# things # that have to get ironed, /","things/NNS that/WDT have/VBP to/TO get/VB ironed/VBN ,/,",,,351.19,352.31
sw07utt/sw_0702_2652.utt,2/sw2652,2652,247,sd,A,157,1,He wouldn't know where to put things  /,He/PRP would/MD n't/RB know/VB where/WRB to/TO put/VB things/NNS,,,352.41,354.04999999999995
sw07utt/sw_0702_2652.utt,2/sw2652,2652,248,%,A,157,2,"{C so, } -/","so/RB ,/,",,,354.53,354.66999999999996
sw07utt/sw_0702_2652.utt,2/sw2652,2652,249,aa,B,158,1,"Uh-huh,  /","Uh-huh/UH ,/,",,,354.57,354.69
sw07utt/sw_0702_2652.utt,2/sw2652,2652,250,aa^r,B,158,2,"uh-huh,  /","uh-huh/UH ,/,",,,354.69,354.89
sw07utt/sw_0702_2652.utt,2/sw2652,2652,251,aa^r,B,158,3,uh-huh.  /,uh-huh/UH ./.,,,354.89,355.01
sw07utt/sw_0702_2652.utt,2/sw2652,2652,252,aa,B,158,4,That's true. /,That/DT 's/BES true/JJ ./.,,,355.01,355.39
sw07utt/sw_0702_2652.utt,2/sw2652,2652,253,b,A,159,1,Yeah  /,Yeah/UH,,,355.49,355.63
sw07utt/sw_0702_2652.utt,2/sw2652,2652,254,%,A,159,2,"{C so, } -/","so/RB ,/,",,,356.35,356.55
sw07utt/sw_0702_2652.utt,2/sw2652,2652,255,fc,B,160,1,"{F Oh, } {D well, } it was nice talking with you. /","Oh/UH ,/, well/UH ,/, it/PRP was/VBD nice/JJ talking/VBG with/IN you/PRP ./.",,,356.45,357.77000000000004
sw07utt/sw_0702_2652.utt,2/sw2652,2652,256,fc,A,161,1,"{F Oh, } it was nice talking with you, too. /","Oh/UH ,/, it/PRP was/VBD nice/JJ talking/VBG with/IN you/PRP ,/, too/RB ./.",,,357.87,359.22999999999996
sw07utt/sw_0702_2652.utt,2/sw2652,2652,257,fc,B,162,1,"Okay,  /","Okay/UH ,/,",,,359.43,359.67
sw07utt/sw_0702_2652.utt,2/sw2652,2652,258,fc,B,162,2,# take care. # /,take/VB care/NN ./.,,,359.67,360.25
sw07utt/sw_0702_2652.utt,2/sw2652,2652,259,fc,A,163,1,# Take care. #  /,Take/VB care/NN ./.,,,0.0,0.0
sw07utt/sw_0702_2652.utt,2/sw2652,2652,260,fc,A,163,2,Bye-bye. /,Bye-bye/UH ./.,,,360.39,360.72999999999996
sw07utt/sw_0702_2652.utt,2/sw2652,2652,261,fc,B,164,1,"Uh-huh,  /","Uh-huh/UH ,/,",,,360.67,360.93
sw07utt/sw_0702_2652.utt,2/sw2652,2652,262,fc,B,164,2,bye-bye. /,bye-bye/UH ./.,,,361.25,361.53
