act_tag,caller,conversation_no,end_ts,pos,ptb_basename,ptb_treenumbers,start_ts,subutterance_index,swda_filename,text,transcript_index,trees,utterance_index
o,A,2759,1.39,[ All/RB right/JJ ] ./.,2/sw2759,1,1.01,1,sw01utt/sw_0177_2759.utt,All right. /,0,(INTJ (RB All) (JJ right) (. .) (-DFL- E_S)),1
qy,B,2759,3.1599999999999997,Have/VBP  [ you/PRP ] ever/RB been/VBN  [ drug/NN ] tested/VBN ?/.,2/sw2759,3,1.98,1,sw01utt/sw_0177_2759.utt,Have you ever been drug tested? /,1,(SQ (VBP Have) (NP-SBJ-1 (PRP you)) (ADVP-TMP (RB ever)) (VP (VBN been) (VP (NN drug) (VBN tested) (NP (-NONE- *-1)))) (. ?) (-DFL- E_S)),2
nd,A,2759,7.11,"[ Um/UH ] ,/,  [ that/WDT ] 's/BES  [ a/DT good/JJ question/NN ] ./.",2/sw2759,5,3.77,1,sw01utt/sw_0177_2759.utt,"{F Um, } that's a good question.  /",2,"(S (INTJ (UH Um)) (, ,) (NP-SBJ (WDT that)) (VP (BES 's) (NP-PRD (DT a) (JJ good) (NN question))) (. .) (-DFL- E_S))",3
sd,A,2759,7.49,"[ Um/UH ] ,/,",2/sw2759,12,7.41,2,sw01utt/sw_0177_2759.utt,"{F Um, }",3,"(INTJ (UH Um) (, ,) (-DFL- E_S))",3
x,B,2759,0.0,./.,2/sw2759.pos,,0.0,1,sw01utt/sw_0177_2759.utt,# <Laughter>.  #,4,,4
+,A,2759,11.05,[ I/PRP ] had/VBD  [ a/DT job/NN ] [ I/PRP ] had/VBD to/TO go/VB get/VB  [ a/DT blood/NN test/NN ] for/IN ./.,2/sw2759,6,7.49,1,sw01utt/sw_0177_2759.utt,# I # had a job I had to go get a blood test for. /,5,"(S (INTJ (UH Um)) (, ,) (NP-SBJ (PRP I)) (VP (VBD had) (NP (NP (DT a) (NN job)) (SBAR (WHNP-3 (-NONE- 0)) (S (NP-SBJ-1 (PRP I)) (VP (VBD had) (S (NP-SBJ-2 (-NONE- *-1)) (VP (TO to) (VP (VB go) (S (NP-SBJ (-NONE- *-2)) (VP (VB get) (NP (DT a) (NN blood) (NN test)) (PP (IN for) (NP (-NONE- *T*-3))))))))))))) (. .) (-DFL- E_S))",5
b,B,2759,11.59,[ Uh-huh/UH ] ./.,2/sw2759,10,11.23,1,sw01utt/sw_0177_2759.utt,Uh-huh. /,6,(INTJ (UH Uh-huh) (. .) (-DFL- E_S)),6
%,A,2759,12.33,"Um/UH ,/,",2/sw2759,12,12.01,1,sw01utt/sw_0177_2759.utt,"{F Um, } /",7,"(INTJ (UH Um) (, ,) (-DFL- E_S))",7
x,B,2759,0.0,./.,2/sw2759.pos,,0.0,1,sw01utt/sw_0177_2759.utt,# <Throat_clearing>.  #,8,,8
sd,A,2759,15.469999999999999,"and/CC ,/, and/CC  [ they/PRP ] did/VBD  [ a/DT full/JJ blood/NN screen/NN ] on/IN  [ me/PRP ] ,/,",2/sw2759,15,12.35,1,sw01utt/sw_0177_2759.utt,"# [ {C and, } +  # {C and } ] they did a full blood screen <noise>  on me,  /",9,"(S (EDITED (RM (-DFL- \[)) (CC and) (, ,) (IP (-DFL- \+))) (CC and) (RS (-DFL- \])) (NP-SBJ (PRP they)) (VP (VBD did) (NP (DT a) (JJ full) (NN blood) (NN screen)) (PP (IN on) (NP (PRP me)))) (, ,) (-DFL- E_S))",9
sd,A,2759,17.69,but/CC  [ they/PRP ] did/VBD n't/RB  [ call/VB ] that/DT  [ a/DT drug/NN test/NN ] ./.,2/sw2759,16,16.21,2,sw01utt/sw_0177_2759.utt,{C but } they didn't call that a drug test.  /,10,(S (CC but) (NP-SBJ (PRP they)) (VP (VBD did) (RB n't) (VP (VB call) (S (NP-SBJ (DT that)) (NP-PRD (DT a) (NN drug) (NN test))))) (. .) (-DFL- E_S)),9
%,A,2759,0.0,"So/RB  [ tha-/XX ] ,/,",2/sw2759,17,0.0,3,sw01utt/sw_0177_2759.utt,"{D So }  tha-, - /",11,"(S-UNF (UH So) (NP-SBJ-UNF (XX tha-)) (, ,) (-DFL- N_S))",9
sd,A,2759,19.11,[ I/PRP ] think/VBP  [ they/PRP ] checked/VBD for/IN  [ drugs/NNS ] ./.,2/sw2759,18,17.79,4,sw01utt/sw_0177_2759.utt,I think they  checked for drugs.  /,12,(S (NP-SBJ (PRP I)) (VP (VBP think) (SBAR (-NONE- 0) (S (NP-SBJ (PRP they)) (VP (VBD checked) (PP (IN for) (NP (NNS drugs))))))) (. .) (-DFL- E_S)),9
sd,A,2759,20.27,[ They/PRP ] just/RB do/VBP n't/RB tell/VB  [ you/PRP ] [ they/PRP ] did/VBD ./.,2/sw2759,19,19.11,5,sw01utt/sw_0177_2759.utt,They just don't <noise>  tell you they did. /,13,(S (NP-SBJ (PRP They)) (ADVP (RB just)) (VP (VBP do) (RB n't) (VP (VB tell) (NP (PRP you)) (SBAR (-NONE- 0) (S (NP-SBJ (PRP they)) (VP (VBD did)))))) (. .) (-DFL- E_S)),9
b,B,2759,20.91,Yeah/UH ./.,2/sw2759,21,20.45,1,sw01utt/sw_0177_2759.utt,Yeah. /,14,(INTJ (UH Yeah) (. .) (-DFL- E_S)),10
x,A,2759,0.0,./.,2/sw2759.pos,,0.0,1,sw01utt/sw_0177_2759.utt,<Throat_clearing>.,15,,11
sd,B,2759,28.31,"[ I/PRP ] had/VBD ,/,  [ I/PRP ] 've/VBP had/VBN ,/,  [ uh/UH ] ,/,  [ two/CD ] or/CC  [ three/CD drug/NN tests/NNS ] that/WDT  [ I/PRP ] had/VBD to/TO get/VB before/IN  [ I/PRP ] could/MD start/VB working/VBG at/IN  [ a/DT job/NN ] --/:",2/sw2759,24,22.17,1,sw01utt/sw_0177_2759.utt,"[ I had, + I've had, ] {F uh, } <noise>  <<faint>> two or three drug tests that I had to get before I could start working at [ a job </noise>  -- +",16,"(S (EDITED (RM (-DFL- \[)) (S (NP-SBJ (PRP I)) (VP-UNF (VBD had))) (, ,) (IP (-DFL- \+))) (NP-SBJ (PRP I)) (VP (VBP 've) (VP (VBN had) (, ,) (RS (-DFL- \])) (INTJ (UH uh)) (, ,) (NP (NP (QP (CD two) (CC or) (CD three)) (NN drug) (NNS tests)) (SBAR (WHNP-2 (WDT that)) (S (NP-SBJ-1 (PRP I)) (VP (VBD had) (S (NP-SBJ (-NONE- *-1)) (VP (TO to) (VP (VB get) (NP (-NONE- *T*-2))))) (SBAR-TMP (IN before) (S (NP-SBJ-3 (PRP I)) (VP (MD could) (VP (VB start) (S (NP-SBJ (-NONE- *-3)) (VP (VBG working) (PP-LOC (IN at) (EDITED (RM (-DFL- \[)) (NP (DT a) (NN job)) (IP (-DFL- \+))) (INTJ (UH uh)) (, ,) (NP (JJ different) (NNS jobs))))))))))))))) (. .) (RS (-DFL- \])) (-DFL- E_S))",12
b,A,2759,28.81,[ Uh-huh/UH ] ./.,2/sw2759,10,28.49,1,sw01utt/sw_0177_2759.utt,Uh-huh. /,17,(INTJ (UH Uh-huh) (. .) (-DFL- E_S)),13
+,B,2759,30.09,"--/:  [ uh/UH ] ,/,  [ different/JJ jobs/NNS ] ./.",2/sw2759,24,28.97,1,sw01utt/sw_0177_2759.utt,"-- {F uh, } different jobs. ]  /",18,"(S (EDITED (RM (-DFL- \[)) (S (NP-SBJ (PRP I)) (VP-UNF (VBD had))) (, ,) (IP (-DFL- \+))) (NP-SBJ (PRP I)) (VP (VBP 've) (VP (VBN had) (, ,) (RS (-DFL- \])) (INTJ (UH uh)) (, ,) (NP (NP (QP (CD two) (CC or) (CD three)) (NN drug) (NNS tests)) (SBAR (WHNP-2 (WDT that)) (S (NP-SBJ-1 (PRP I)) (VP (VBD had) (S (NP-SBJ (-NONE- *-1)) (VP (TO to) (VP (VB get) (NP (-NONE- *T*-2))))) (SBAR-TMP (IN before) (S (NP-SBJ-3 (PRP I)) (VP (MD could) (VP (VB start) (S (NP-SBJ (-NONE- *-3)) (VP (VBG working) (PP-LOC (IN at) (EDITED (RM (-DFL- \[)) (NP (DT a) (NN job)) (IP (-DFL- \+))) (INTJ (UH uh)) (, ,) (NP (JJ different) (NNS jobs))))))))))))))) (. .) (RS (-DFL- \])) (-DFL- E_S))",14
sd,B,2759,34.49,[ I/PRP ] had/VBD  [ one/CD ] at/IN  [ T/NNP I/NNP ] and/CC then/RB  [ one/CD ] at/IN  [ another/DT engineering/VBG company/NN ] ./.,2/sw2759,28,30.09,2,sw01utt/sw_0177_2759.utt,I had one at T I and then one at another engineering company.  /,19,(S (NP-SBJ (PRP I)) (VP (VBD had) (NP (NP (NP (CD one)) (PP-LOC (IN at) (NP (NNP T) (NNP I)))) (CONJP (CC and) (RB then)) (NP (NP (CD one)) (PP-LOC (IN at) (NP (DT another) (VBG engineering) (NN company)))))) (. .) (-DFL- E_S)),14
sd,B,2759,37.410000000000004,"And/CC ,/, really/RB ,/,  [ I/PRP ] mean/VBP ,/,  [ I/PRP ] do/VBP n't/RB mind/VB  [ them/PRP ] ./.",2/sw2759,29,35.03,3,sw01utt/sw_0177_2759.utt,"{C And, }  really,  {E I mean, } I don't mind them. /",20,"(S (CC And) (, ,) (INTJ (RB really)) (PRN (, ,) (S (NP-SBJ (PRP I)) (VP (VBP mean))) (, ,)) (NP-SBJ (PRP I)) (VP (VBP do) (RB n't) (VP (VB mind) (NP (PRP them)))) (. .) (-DFL- E_S))",14
sd,B,2759,38.53,[ I/PRP ] do/VBP n't/RB do/VB  [ drugs/NNS ] anyway/RB ./.,2/sw2759,30,37.41,4,sw01utt/sw_0177_2759.utt,I don't do drugs anyway.  /,21,(S (NP-SBJ (PRP I)) (VP (VBP do) (RB n't) (VP (VB do) (NP (NNS drugs)) (ADVP (RB anyway)))) (. .) (-DFL- E_S)),14
sd,B,2759,39.87,"[ I/PRP ] guess/VBP if/IN  [ I/PRP ] did/VBD ,/, maybe/RB  [ I/PRP ] would/MD",2/sw2759,31,38.53,5,sw01utt/sw_0177_2759.utt,"I guess if I did, maybe I would  /",22,"(S (NP-SBJ (PRP I)) (VP (VBP guess) (SBAR (-NONE- 0) (S (SBAR-ADV (IN if) (S (NP-SBJ (PRP I)) (VP (VBD did)))) (, ,) (ADVP (RB maybe)) (NP-SBJ (PRP I)) (VP (MD would) (VP (-NONE- *?*)))))) (-DFL- E_S))",14
h,B,2759,41.89,"but/CC ,/, um/UH ,/,  [ I/PRP ] do/VBP n't/RB know/VB ./.",2/sw2759,32,39.87,6,sw01utt/sw_0177_2759.utt,"{C but, }  <breathing> {F um, } I don't know.  /",23,"(S (CC but) (, ,) (INTJ (UH um)) (, ,) (NP-SBJ (PRP I)) (VP (VBP do) (RB n't) (VP (VB know))) (. .) (-DFL- E_S))",14
sd,B,2759,44.39,"[ I/PRP ] know/VBP  [ a/DT girl/NN ] that/WDT ,/,  [ she/PRP ] 's/BES  [ a/DT nurse/NN ] ,/,",2/sw2759,33|||34,41.91,7,sw01utt/sw_0177_2759.utt,"I know a girl that, she's a nurse,  /",24,"(S (NP-SBJ (PRP I)) (VP (VBP know) (NP (NP (DT a) (NN girl)) (SBAR-UNF (WHNP (WDT that))))) (, ,))|||(S (NP-SBJ (PRP she)) (VP (BES 's) (NP-PRD (DT a) (NN nurse))) (, ,) (-DFL- E_S))",14
sd,B,2759,46.58,and/CC  [ they/PRP ] get/VBP  [ drug/NN ] tested/VBN randomly/RB ./.,2/sw2759,35,44.52,8,sw01utt/sw_0177_2759.utt,{C and } they get drug tested randomly.  /,25,(S (CC and) (NP-SBJ-1 (PRP they)) (VP (VBP get) (VP (NN drug) (VBN tested) (NP (-NONE- *-1)) (ADVP-MNR (RB randomly)))) (. .) (-DFL- E_S)),14
sd,B,2759,46.9,"[ I/PRP ] 've/VBP ,/,",2/sw2759,36,46.74,9,sw01utt/sw_0177_2759.utt,"I've,",26,"(S (NP-SBJ-1 (PRP I)) (VP (VBP 've) (, ,) (ADVP-TMP (RB never)) (VP (VBN been) (ADVP-MNR (RB randomly)) (VP (NN drug) (VBN tested) (NP (-NONE- *-1))))) (. .) (-DFL- E_S))",14
b,A,2759,0.0,[ Uh-huh/UH ] ./.,2/sw2759,10,0.0,1,sw01utt/sw_0177_2759.utt,# Uh-huh.  # /,27,(INTJ (UH Uh-huh) (. .) (-DFL- E_S)),15
+,B,2759,48.46,never/RB been/VBN randomly/RB  [ drug/NN ] tested/VBN ./.,2/sw2759,36,46.9,1,sw01utt/sw_0177_2759.utt,# never # been randomly <noise>  drug tested.  /,28,"(S (NP-SBJ-1 (PRP I)) (VP (VBP 've) (, ,) (ADVP-TMP (RB never)) (VP (VBN been) (ADVP-MNR (RB randomly)) (VP (NN drug) (VBN tested) (NP (-NONE- *-1))))) (. .) (-DFL- E_S))",16
sd,B,2759,54.96,But/CC  [ that/DT ] would/MD probably/RB bother/VB  [ me/PRP ] to/TO wake/VB up/RP  [ one/DT day/NN ] and/CC find/VB out/RP halfway/RB through/IN  [ the/DT day/NN ] that/IN  [ you/PRP ] 're/VBP going/VBG to/TO be/VB  [ drug/NN ] tested/VBN and/CC  [ you/PRP ] did/VBD n't/RB know/VB about/IN  [ it/PRP ] ./.,2/sw2759,40,48.98,2,sw01utt/sw_0177_2759.utt,{C But } that would probably bother me to wake up <noise>  one day and find out halfway through the day that you're going to be drug tested  and you didn't know about it. /,29,(S (CC But) (NP-SBJ (DT that)) (VP (MD would) (ADVP (RB probably)) (VP (VB bother) (NP-4 (PRP me)) (S-TPC (NP-SBJ (-NONE- *-4)) (VP (TO to) (VP (VP (VB wake) (PRT (RP up)) (NP-TMP (DT one) (NN day))) (CC and) (VP (VB find) (PRT (RP out)) (PP-TMP (ADVP (RB halfway)) (IN through) (NP (DT the) (NN day))) (SBAR (IN that) (S (S (NP-SBJ-1 (PRP you)) (VP (VBP 're) (VP (VBG going) (S (NP-SBJ-2 (-NONE- *-1)) (VP (TO to) (VP (VB be) (VP (NN drug) (VBN tested) (NP (-NONE- *-2))))))))) (CC and) (S (NP-SBJ (PRP you)) (VP (VBD did) (RB n't) (VP (VB know) (PP (IN about) (NP (PRP it)))))))))))))) (. .) (-DFL- E_S)),16
b,A,2759,55.04,Yeah/UH ./.,2/sw2759,21,54.96,1,sw01utt/sw_0177_2759.utt,Yeah <<pause>> <noise>.  /,30,(INTJ (UH Yeah) (. .) (-DFL- E_S)),17
sv,A,2759,60.5,"Well/UH ,/,  [ I/PRP ] guess/VBP  [ it/PRP ] depends/VBZ on/IN if/IN  [ you/PRP ] got/VBD  [ something/NN ] to/TO worry/VB about/IN ./.",2/sw2759,43,55.04,2,sw01utt/sw_0177_2759.utt,"{D Well, } I guess it depends on if you got something to worry about <throat_clearing>. /",31,"(S (INTJ (UH Well)) (, ,) (NP-SBJ (PRP I)) (VP (VBP guess) (SBAR (-NONE- 0) (S (NP-SBJ (PRP it)) (VP (VBZ depends) (PP (IN on) (SBAR (IN if) (S (NP-SBJ-2 (PRP you)) (VP (VBD got) (NP (NP (NN something)) (SBAR (WHNP-1 (-NONE- 0)) (S (NP-SBJ (-NONE- *-2)) (VP (TO to) (VP (VB worry) (PP (IN about) (NP (-NONE- *T*-1)))))))))))))))) (. .) (-DFL- E_S))",17
aa,B,2759,60.92,Yeah/UH ./.,2/sw2759,21,60.74,1,sw01utt/sw_0177_2759.utt,Yeah.  /,32,(INTJ (UH Yeah) (. .) (-DFL- E_S)),18
sv,B,2759,61.6,[ I/PRP ] guess/VBP so/RB ./.,2/sw2759,46,60.92,2,sw01utt/sw_0177_2759.utt,I guess so.  /,33,(S (NP-SBJ (PRP I)) (VP (VBP guess) (ADVP (RB so))) (. .) (-DFL- E_S)),18
sv^r,B,2759,63.02,[ I/PRP ] guess/VBP so/RB ./.,2/sw2759,46,62.64,3,sw01utt/sw_0177_2759.utt,<breathing>  <<Exhales deeply while saying the first I guess so>> <breathing>  I guess so <<pause>>.  /,34,(S (NP-SBJ (PRP I)) (VP (VBP guess) (ADVP (RB so))) (. .) (-DFL- E_S)),18
qy,B,2759,66.47999999999999,Do/VBP  [ you/PRP ] think/VB that/IN  [ it/PRP ] 's/BES right/JJ ?/.,2/sw2759,48,65.38,4,sw01utt/sw_0177_2759.utt,Do you think that it's right? /,35,(SQ (VBP Do) (NP-SBJ (PRP you)) (VP (VB think) (SBAR (IN that) (S (NP-SBJ (PRP it)) (VP (BES 's) (ADJP-PRD (JJ right)))))) (. ?) (-DFL- E_S)),18
nd,A,2759,73.98,"Well/UH ,/,  [ I/PRP ] ,/,  [ I/PRP ] ,/,  [ I/PRP ] come/VBP from/IN  [ kind/RB ] of/RB  [ a/DT biased/JJ opinion/NN ] because/IN  [ I/PRP ] 'm/VBP  [ a/DT ] ,/,  [ a/DT therapist/NN ] and/CC  [ a/DT drug/NN ] and/CC  [ alcohol/NN counselor/NN ] ./.",2/sw2759,50,66.76,1,sw01utt/sw_0177_2759.utt,"{D Well, } [ [ I, + I, ] + I ]  come from kind of a biased opinion because I'm [ a, + a ] therapist and a drug and alcohol counselor. /",36,"(S (INTJ (UH Well)) (, ,) (EDITED (RM (-DFL- \[)) (EDITED (RM (-DFL- \[)) (NP-SBJ (PRP I)) (, ,) (IP (-DFL- \+))) (NP-SBJ (PRP I)) (, ,) (RS (-DFL- \])) (IP (-DFL- \+))) (NP-SBJ (PRP I)) (RS (-DFL- \])) (VP (VBP come) (PP (IN from) (NP (ADVP (RB kind) (RB of)) (DT a) (JJ biased) (NN opinion))) (SBAR-PRP (IN because) (S (NP-SBJ (PRP I)) (VP (VBP 'm) (EDITED (RM (-DFL- \[)) (NP-PRD-UNF (DT a)) (, ,) (IP (-DFL- \+))) (NP-PRD (NP (DT a) (RS (-DFL- \])) (NN therapist)) (CC and) (NP (DT a) (NN drug) (CC and) (NN alcohol) (NN counselor))))))) (. .) (-DFL- E_S))",19
b,B,2759,74.46,[ Uh-huh/UH ] ./.,2/sw2759,26,74.08,1,sw01utt/sw_0177_2759.utt,Uh-huh. /,37,(INTJ (UH Uh-huh) (. .) (-DFL- E_S)),20
sd,A,2759,77.0,And/CC  [ I/PRP ] 've/VBP done/VBN  [ employee/NN assistant/NN work/NN ],2/sw2759,54,75.08,1,sw01utt/sw_0177_2759.utt,{C And } I've done employee assistant work  /,38,(S (CC And) (NP-SBJ (PRP I)) (VP (VBP 've) (VP (VBN done) (NP (NN employee) (NN assistant) (NN work)))) (-DFL- E_S)),21
sd,A,2759,83.55999999999999,"and/CC  [ I/PRP ] ,/,  [ I/PRP ] know/VBP  [ the/DT kind/NN ] of/IN  [ cost/NN businesses/NNS ] go/VBP through/RB in/IN  [ terms/NNS ] of/IN  [ accidents/NNS ] ,/,",2/sw2759,55,78.6,2,sw01utt/sw_0177_2759.utt,"{C and } [ I, +  I ] know the kind of cost businesses go through in terms of accidents,",39,"(S (CC and) (EDITED (RM (-DFL- \[)) (NP-SBJ (PRP I)) (, ,) (IP (-DFL- \+))) (NP-SBJ (PRP I)) (RS (-DFL- \])) (VP (VBP know) (NP (NP (DT the) (NN kind)) (PP (IN of) (NP (NN cost))) (SBAR (WHNP-1 (-NONE- 0)) (S (NP-SBJ (NNS businesses)) (VP (VBP go) (PP (RB through) (NP (-NONE- *T*-1))) (PP (IN in) (NP (NP (NNS terms)) (PP (IN of) (NP (NP (NNS accidents)) (, ,) (PP-LOC (IN on) (NP (DT the) (NN job))) (SBAR (WHNP-2 (WDT that)) (S (NP-SBJ (-NONE- *T*-2)) (VP (VBP are) (ADVP (RB specifically)) (ADJP-PRD (NN drug) (CC and) (NN alcohol) (JJ related)))))))))))))) (, ,) (-DFL- E_S))",21
b,B,2759,84.36,[ Right/UH ] ./.,2/sw2759,57,83.96,1,sw01utt/sw_0177_2759.utt,# Right.  # /,40,(INTJ (UH Right) (. .) (-DFL- E_S)),22
+,A,2759,88.26,"on/IN  [ the/DT job/NN ] [ that/WDT ] are/VBP specifically/RB  [ drug/NN ] and/CC  [ alcohol/NN ] related/JJ ,/,",2/sw2759,55,84.36,1,sw01utt/sw_0177_2759.utt,"# on # the job that are specifically drug and alcohol <noise>  related, /",41,"(S (CC and) (EDITED (RM (-DFL- \[)) (NP-SBJ (PRP I)) (, ,) (IP (-DFL- \+))) (NP-SBJ (PRP I)) (RS (-DFL- \])) (VP (VBP know) (NP (NP (DT the) (NN kind)) (PP (IN of) (NP (NN cost))) (SBAR (WHNP-1 (-NONE- 0)) (S (NP-SBJ (NNS businesses)) (VP (VBP go) (PP (RB through) (NP (-NONE- *T*-1))) (PP (IN in) (NP (NP (NNS terms)) (PP (IN of) (NP (NP (NNS accidents)) (, ,) (PP-LOC (IN on) (NP (DT the) (NN job))) (SBAR (WHNP-2 (WDT that)) (S (NP-SBJ (-NONE- *T*-2)) (VP (VBP are) (ADVP (RB specifically)) (ADJP-PRD (NN drug) (CC and) (NN alcohol) (JJ related)))))))))))))) (, ,) (-DFL- E_S))",23
b,B,2759,88.8,[ Right/UH ] ./.,2/sw2759,57,88.5,1,sw01utt/sw_0177_2759.utt,Right. /,42,(INTJ (UH Right) (. .) (-DFL- E_S)),24
sd,A,2759,92.18,"and/CC  [ it/PRP ] 's/BES like/UH in/IN  [ the/DT billions/NNS ] of/IN  [ dollars/NNS ] [ every/DT year/NN ] ./.  [ Um/UH ] ,/,",2/sw2759,62|||63,88.8,1,sw01utt/sw_0177_2759.utt,"{C and } it's {D like } in the billions of dollars every year.    {F Um, }  /",43,"(S (CC and) (NP-SBJ (PRP it)) (VP (BES 's) (INTJ (UH like)) (PP-PRD (IN in) (NP (NP (DT the) (NNS billions)) (PP (IN of) (NP (NNS dollars))))) (NP-TMP (DT every) (NN year))) (. .))|||(S (INTJ (UH Um)) (, ,) (-DFL- E_S) (CC and) (EDITED (RM (-DFL- \[)) (NP-SBJ-UNF (DT th-)) (, ,) (IP (-DFL- \+))) (NP-SBJ (NP (DT the) (RS (-DFL- \])) (JJ only) (NN way)) (SBAR (WHADVP-1 (WDT that)) (S (NP-SBJ (PRP they)) (VP (MD can) (VP (VB prevent) (NP (DT that)) (ADVP-MNR (-NONE- *T*-1))))))) (EDITED (RM (-DFL- \[)) (VP-UNF (VBZ is)) (, ,) (IP (-DFL- \+))) (VP (VBZ is) (, ,) (RS (-DFL- \])) (PRN (S (NP-SBJ (PRP you)) (VP (VBP know))) (, ,)) (S-PRD (NP-SBJ (-NONE- *)) (VP (VBG making) (S (NP-SBJ (-NONE- *)) (ADJP-PRD (JJ sure) (SBAR (IN that) (S (NP-SBJ (DT the) (NNS employees)) (VP (VBP are) (ADJP-PRD (NN drug) (CC and) (NN alcohol) (JJ free)))))))))) (. .) (-DFL- E_S))",25
sd,A,2759,98.47999999999999,"and/CC  [ th-/DT ] ,/,  [ the/DT only/JJ way/NN ] that/WDT  [ they/PRP ] can/MD prevent/VB  [ that/DT ] is/VBZ ,/, is/VBZ ,/,  [ you/PRP ] know/VBP ,/, making/VBG sure/JJ that/IN  [ the/DT employees/NNS ] are/VBP  [ drug/NN ] and/CC  [ alcohol/NN ] free/JJ ./.",2/sw2759,63,92.18,2,sw01utt/sw_0177_2759.utt,"{C and } [ th-, + the ] only way that they can prevent that [ is, +   <noise>  is, ] {D you know, } making sure that the employees are drug and alcohol free. /",44,"(S (INTJ (UH Um)) (, ,) (-DFL- E_S) (CC and) (EDITED (RM (-DFL- \[)) (NP-SBJ-UNF (DT th-)) (, ,) (IP (-DFL- \+))) (NP-SBJ (NP (DT the) (RS (-DFL- \])) (JJ only) (NN way)) (SBAR (WHADVP-1 (WDT that)) (S (NP-SBJ (PRP they)) (VP (MD can) (VP (VB prevent) (NP (DT that)) (ADVP-MNR (-NONE- *T*-1))))))) (EDITED (RM (-DFL- \[)) (VP-UNF (VBZ is)) (, ,) (IP (-DFL- \+))) (VP (VBZ is) (, ,) (RS (-DFL- \])) (PRN (S (NP-SBJ (PRP you)) (VP (VBP know))) (, ,)) (S-PRD (NP-SBJ (-NONE- *)) (VP (VBG making) (S (NP-SBJ (-NONE- *)) (ADJP-PRD (JJ sure) (SBAR (IN that) (S (NP-SBJ (DT the) (NNS employees)) (VP (VBP are) (ADJP-PRD (NN drug) (CC and) (NN alcohol) (JJ free)))))))))) (. .) (-DFL- E_S))",25
aa,B,2759,99.46000000000001,[ That/DT ] 's/BES true/JJ ./.,2/sw2759,65,98.84,1,sw01utt/sw_0177_2759.utt,That's true. /,45,(S (NP-SBJ (DT That)) (VP (BES 's) (ADJP-PRD (JJ true))) (. .) (-DFL- E_S)),26
sv,A,2759,103.14,"And/CC ,/,  [ you/PRP ] know/VBP ,/,  [ the/DT ] ,/,  [ the/DT problem/NN ] in/IN  [ the/DT work/NN place/NN ] is/VBZ that/IN ,/, that/IN  [ people/NNS ] are/VBP ,/,",2/sw2759,67,99.62,1,sw01utt/sw_0177_2759.utt,"{C And, } {D you know, } [ the, + the ]  problem in the work place is [ that, +  that ] people are, - /",46,"(S (CC And) (PRN (, ,) (S (NP-SBJ (PRP you)) (VP (VBP know))) (, ,)) (EDITED (RM (-DFL- \[)) (NP-SBJ-UNF (DT the)) (, ,) (IP (-DFL- \+))) (NP-SBJ (NP (DT the) (RS (-DFL- \])) (NN problem)) (PP-LOC (IN in) (NP (DT the) (NN work) (NN place)))) (VP (VBZ is) (SBAR-PRD (EDITED (RM (-DFL- \[)) (SBAR-PRD-UNF (IN that)) (, ,) (IP (-DFL- \+))) (IN that) (RS (-DFL- \])) (S (NP-SBJ (NNS people)) (VP-UNF (VBP are))))) (, ,) (-DFL- N_S))",27
sv,A,2759,109.36,"like/UH if/IN  [ your/PRP$ boss/NN ] is/VBZ  [ your/PRP$ drinking/VBG buddy/NN ] or/CC  [ whatever/WP ] ,/,  [ I/PRP ] mean/VBP ,/,  [ you/PRP ] can/MD come/VB to/IN ,/, come/VB to/IN work/NN  [ drunk/JJ ] and/CC get/VB in/IN  [ an/DT accident/NN ]",2/sw2759,68,103.88,2,sw01utt/sw_0177_2759.utt,"{D like }  if your boss is your drinking buddy  or whatever, {E I mean, }  you can [ come to, +  come to ] work drunk and get in an accident  /",47,"(S (INTJ (UH like)) (SBAR-ADV (IN if) (S (NP-SBJ (PRP$ your) (NN boss)) (VP (VP (VBZ is) (NP-PRD (PRP$ your) (VBG drinking) (NN buddy))) (CC or) (NP-ETC (WP whatever))))) (PRN (, ,) (S (NP-SBJ (PRP I)) (VP (VBP mean))) (, ,)) (NP-SBJ-1 (PRP you)) (VP (MD can) (EDITED (RM (-DFL- \[)) (VP (VB come) (PP-DIR-UNF (IN to))) (, ,) (IP (-DFL- \+))) (VP (VP (VB come) (PP-DIR (IN to) (RS (-DFL- \])) (NP (NN work))) (S-ADV (NP-SBJ (-NONE- *-1)) (ADJP-PRD (JJ drunk)))) (CC and) (VP (VB get) (PP (IN in) (NP (DT an) (NN accident)))))) (-DFL- E_S))",27
sv,A,2759,110.46,and/CC  [ he/PRP ] 'll/MD cover/VB up/RP for/IN  [ you/PRP ],2/sw2759,69,109.36,3,sw01utt/sw_0177_2759.utt,{C and } he'll cover up for you  /,48,(S (CC and) (NP-SBJ (PRP he)) (VP (MD 'll) (VP (VB cover) (PRT (RP up)) (PP (IN for) (NP (PRP you))))) (-DFL- E_S)),27
sv,A,2759,110.61999999999999,"and/CC ,/,",2/sw2759,70,110.46,4,sw01utt/sw_0177_2759.utt,"{C and, }",49,"(S (CC and) (, ,) (NP-SBJ (NN nobody)) (VP (VBZ knows) (PP (IN about) (NP (PRP it)))) (, ,) (-DFL- E_S))",27
b,B,2759,110.98,[ Right/UH ] ./.,2/sw2759,57,110.64,1,sw01utt/sw_0177_2759.utt,# Right.  # /,50,(INTJ (UH Right) (. .) (-DFL- E_S)),28
+,A,2759,111.54,"[ nobody/NN ] knows/VBZ about/IN  [ it/PRP ] ,/,",2/sw2759,70,110.98,1,sw01utt/sw_0177_2759.utt,"# nobody # knows about it,  /",51,"(S (CC and) (, ,) (NP-SBJ (NN nobody)) (VP (VBZ knows) (PP (IN about) (NP (PRP it)))) (, ,) (-DFL- E_S))",29
sd,A,2759,115.66,"but/CC  [ c-/XX ] ,/,  [ you/PRP ] know/VBP ,/,  [ ends/NNS ] up/IN costing/VBG  [ the/DT company/NN lots/NNS ] and/CC  [ lots/NNS ] of/IN  [ money/NN ] ./.",2/sw2759,74,111.54,2,sw01utt/sw_0177_2759.utt,"{C but } [ c-, + {D you know, } ends up costing  ] the company lots and lots of money. /",52,"(S (CC but) (EDITED (RM (-DFL- \[)) (X (XX c-)) (, ,) (IP (-DFL- \+))) (PRN (S (NP-SBJ (PRP you)) (VP (VBP know))) (, ,)) (NP-SBJ-1 (-NONE- *)) (VP (NNS ends) (PRT (IN up)) (S (NP-SBJ (-NONE- *-1)) (VP (VBG costing) (RS (-DFL- \])) (NP (DT the) (NN company)) (NP (NP (NNS lots) (CC and) (NNS lots)) (PP (IN of) (NP (NN money))))))) (. .) (-DFL- E_S))",29
aa,B,2759,116.52000000000001,[ That/DT ] 's/BES true/JJ ./.,2/sw2759,65,115.8,1,sw01utt/sw_0177_2759.utt,That's true. /,53,(S (NP-SBJ (DT That)) (VP (BES 's) (ADJP-PRD (JJ true))) (. .) (-DFL- E_S)),30
%,A,2759,117.28,"So/UH ,/,",2/sw2759,78,117.14,1,sw01utt/sw_0177_2759.utt,"{D So, } -/",54,"(INTJ (UH So) (, ,) (-DFL- N_S))",31
sv,B,2759,118.94,"[ I/PRP ] believe/VBP ,/,",2/sw2759,80,118.48,1,sw01utt/sw_0177_2759.utt,"# I believe, #",55,"(S (NP-SBJ (PRP I)) (VP (VBP believe) (, ,) (SBAR (-NONE- 0) (S (NP-SBJ (PRP it)) (VP (BES 's) (ADJP-PRD (JJ right)) (, ,) (PP (ADVP (RB especially)) (IN for) (NP (JJ certain) (NNS jobs))))))) (. .) (-DFL- E_S))",32
%,A,2759,0.0,"[ you/PRP ] know/VBP ,/,",2/sw2759,82,0.0,1,sw01utt/sw_0177_2759.utt,"#  (( {D you know } )) , # -/",56,"(S-UNF (PRN (S (NP-SBJ (PRP you)) (VP (VBP know)))) (, ,) (-DFL- N_S))",33
+,B,2759,119.38,"[ it/PRP ] 's/BES right/JJ ,/,",2/sw2759,80,118.94,1,sw01utt/sw_0177_2759.utt,"it's right,",57,"(S (NP-SBJ (PRP I)) (VP (VBP believe) (, ,) (SBAR (-NONE- 0) (S (NP-SBJ (PRP it)) (VP (BES 's) (ADJP-PRD (JJ right)) (, ,) (PP (ADVP (RB especially)) (IN for) (NP (JJ certain) (NNS jobs))))))) (. .) (-DFL- E_S))",34
x,A,2759,0.0,./.,2/sw2759.pos,,0.0,1,sw01utt/sw_0177_2759.utt,<Throat_clearing>.,58,,35
+,B,2759,121.48,especially/RB for/IN  [ certain/JJ jobs/NNS ] ./.,2/sw2759,80,119.38,1,sw01utt/sw_0177_2759.utt,especially for certain jobs.  /,59,"(S (NP-SBJ (PRP I)) (VP (VBP believe) (, ,) (SBAR (-NONE- 0) (S (NP-SBJ (PRP it)) (VP (BES 's) (ADJP-PRD (JJ right)) (, ,) (PP (ADVP (RB especially)) (IN for) (NP (JJ certain) (NNS jobs))))))) (. .) (-DFL- E_S))",36
sv,B,2759,126.22000000000001,"[ I/PRP ] think/VBP  [ anyone/NN ] in/IN  [ a/DT ] ,/, in/IN  [ a/DT public/JJ job/NN ] like/IN  [ bus/NN drivers/NNS ] ,/, and/CC  [ cab/NN drivers/NNS ] ,/, and/CC --/:",2/sw2759,86,122.0,2,sw01utt/sw_0177_2759.utt,"I think anyone [ in a, + in a ] public job like bus drivers, and cab drivers, and --",60,"(S (NP-SBJ (PRP I)) (VP (VBP think) (SBAR (-NONE- 0) (S-UNF (NP-SBJ (NP (NN anyone)) (EDITED (RM (-DFL- \[)) (PP (IN in) (NP-UNF (DT a))) (, ,) (IP (-DFL- \+))) (PP (IN in) (NP (DT a) (RS (-DFL- \])) (JJ public) (NN job))) (PP (IN like) (NP (NP (NN bus) (NNS drivers)) (, ,) (CC and) (NP (NN cab) (NNS drivers)) (, ,) (CC and) (NP (NN police) (NNS officers)) (, ,) (CC and) (NP (NP (NNS things)) (PP (IN like) (NP (DT that)))))))))) (, ,) (-DFL- N_S))",36
b,A,2759,126.44,[ Uh-huh/UH ] ./.,2/sw2759,88,126.22,1,sw01utt/sw_0177_2759.utt,Uh-huh. /,61,(INTJ (UH Uh-huh) (. .) (-DFL- E_S)),37
+,B,2759,128.08,"--/:  [ police/NN officers/NNS ] ,/, and/CC  [ things/NNS ] like/IN  [ that/DT ] ,/,",2/sw2759,86,126.58,1,sw01utt/sw_0177_2759.utt,"-- police officers, and <noise> things like that, - /",62,"(S (NP-SBJ (PRP I)) (VP (VBP think) (SBAR (-NONE- 0) (S-UNF (NP-SBJ (NP (NN anyone)) (EDITED (RM (-DFL- \[)) (PP (IN in) (NP-UNF (DT a))) (, ,) (IP (-DFL- \+))) (PP (IN in) (NP (DT a) (RS (-DFL- \])) (JJ public) (NN job))) (PP (IN like) (NP (NP (NN bus) (NNS drivers)) (, ,) (CC and) (NP (NN cab) (NNS drivers)) (, ,) (CC and) (NP (NN police) (NNS officers)) (, ,) (CC and) (NP (NP (NNS things)) (PP (IN like) (NP (DT that)))))))))) (, ,) (-DFL- N_S))",38
sv,B,2759,129.2,[ I/PRP ] think/VBP  [ they/PRP ] should/MD be/VB --/:,2/sw2759,90,128.08,2,sw01utt/sw_0177_2759.utt,I think they should be --,63,(S (NP-SBJ (PRP I)) (VP (VBP think) (SBAR (-NONE- 0) (S (NP-SBJ-1 (PRP they)) (VP (MD should) (VP (VB be) (ADVP (RB randomly)) (VP (NN drug) (VBN tested) (NP (-NONE- *-1)))))))) (. .) (-DFL- E_S)),38
b,A,2759,129.57999999999998,Yeah/UH ./.,2/sw2759,92,129.38,1,sw01utt/sw_0177_2759.utt,Yeah. /,64,(INTJ (UH Yeah) (. .) (-DFL- E_S)),39
+,B,2759,130.62,--/: randomly/RB drug/NN tested/VBN ./.,2/sw2759,90,129.6,1,sw01utt/sw_0177_2759.utt,-- randomly drug tested.  /,65,(S (NP-SBJ (PRP I)) (VP (VBP think) (SBAR (-NONE- 0) (S (NP-SBJ-1 (PRP they)) (VP (MD should) (VP (VB be) (ADVP (RB randomly)) (VP (NN drug) (VBN tested) (NP (-NONE- *-1)))))))) (. .) (-DFL- E_S)),40
sv,B,2759,131.12,"[ I/PRP ] believe/VBP ,/,",2/sw2759,80,130.62,2,sw01utt/sw_0177_2759.utt,"I believe,",66,"(S (NP-SBJ (PRP I)) (VP (VBP believe) (, ,) (SBAR (-NONE- 0) (S (NP-SBJ (PRP it)) (VP (BES 's) (ADJP-PRD (JJ right)) (, ,) (PP (ADVP (RB especially)) (IN for) (NP (JJ certain) (NNS jobs))))))) (. .) (-DFL- E_S))",40
b,A,2759,0.0,Yeah/UH ./.,2/sw2759,92,0.0,1,sw01utt/sw_0177_2759.utt,# Yeah.  # /,67,(INTJ (UH Yeah) (. .) (-DFL- E_S)),41
+,B,2759,132.28,[ full/JJ force/NN ] in/IN  [ that/DT ] ./.,2/sw2759,94,131.26,1,sw01utt/sw_0177_2759.utt,# full # force in that.  /,68,"(S (NP-SBJ (PRP I)) (VP (VBP believe) (, ,) (NP-ADV (JJ full) (NN force)) (PP (IN in) (NP (DT that)))) (. .) (-DFL- E_S))",42
sv,B,2759,136.06,[ I/PRP ] do/VBP n't/RB know/VB that/IN  [ I/PRP ] believe/VBP  [ every/DT secretary/NN ] in/IN  [ every/DT company/NN ] needs/VBZ to/TO be/VB ./.,2/sw2759,98,132.7,2,sw01utt/sw_0177_2759.utt,I don't know that I believe every secretary in every company needs to be. /,69,(S (NP-SBJ (PRP I)) (VP (VBP do) (RB n't) (VP (VB know) (SBAR (IN that) (S (NP-SBJ (PRP I)) (VP (VBP believe) (SBAR (-NONE- 0) (S (NP-SBJ-1 (NP (DT every) (NN secretary)) (PP (IN in) (NP (DT every) (NN company)))) (VP (VBZ needs) (S (NP-SBJ-2 (-NONE- *-1)) (VP (TO to) (VP (VB be) (VP (-NONE- *?*) (NP (-NONE- *-2)))))))))))))) (. .) (-DFL- E_S)),42
aa,A,2759,136.5,[ True/UH ] ./.,2/sw2759,100,136.32,1,sw01utt/sw_0177_2759.utt,True. /,70,(INTJ (UH True) (. .) (-DFL- E_S)),43
sv,B,2759,142.45,"[ You/PRP ] know/VBP ,/,  [ secretaries/NNS ] are/VBP n't/RB ,/, are/VBP n't/RB really/RB going/VBG to/TO cost/VB  [ the/DT company/NN ] that/RB  [ much/JJ money/NN ] if/IN  [ they/PRP ] fall/VBP  [ face/NN ] forward/RB in/IN  [ their/PRP$ typewriter/NN ] or/CC  [ something/NN ] ./.",2/sw2759,102,136.8,1,sw01utt/sw_0177_2759.utt,"{D You know, } secretaries [ aren't, +   aren't ] really going to cost the company that much money if they fall face forward in their typewriter  or something.  /",71,"(S (PRN (S (NP-SBJ (PRP You)) (VP (VBP know))) (, ,)) (NP-SBJ-1 (NNS secretaries)) (EDITED (RM (-DFL- \[)) (VP-UNF (VBP are) (RB n't)) (, ,) (IP (-DFL- \+))) (VP (VBP are) (RB n't) (RS (-DFL- \])) (ADVP (RB really)) (VP (VBG going) (S (NP-SBJ (-NONE- *-1)) (VP (TO to) (VP (VB cost) (NP (DT the) (NN company)) (NP (RB that) (JJ much) (NN money)) (SBAR-ADV (IN if) (S (NP-SBJ (PRP they)) (VP (VP (VBP fall) (ADVP-MNR (NN face) (RB forward)) (PP (IN in) (NP (PRP$ their) (NN typewriter)))) (CC or) (NP-ETC (NN something)))))))))) (. .) (-DFL- E_S))",44
h,B,2759,144.69,"So/RB ,/,  [ I/PRP ] do/VBP n't/RB know/VB ./.",2/sw2759,103,142.77,2,sw01utt/sw_0177_2759.utt,"{C So, } <laughter> I don't know.  /",72,"(S (RB So) (, ,) (NP-SBJ (PRP I)) (VP (VBP do) (RB n't) (VP (VB know))) (. .) (-DFL- E_S))",44
sd,B,2759,148.51000000000002,"[ I/PRP ] ,/,  [ I/PRP ] 'm/VBP kind/RB of/RB  [ biased/JJ ] ,/, too/RB ,/, because/IN  [ I/PRP ] do/VBP n't/RB do/VB  [ drugs/NNS ]",2/sw2759,104,144.69,3,sw01utt/sw_0177_2759.utt,"[ I, + I'm ]  kind of biased, too, because I don't do drugs  /",73,"(S (EDITED (RM (-DFL- \[)) (NP-SBJ (PRP I)) (, ,) (IP (-DFL- \+))) (NP-SBJ (PRP I)) (VP (VBP 'm) (RS (-DFL- \])) (ADJP-PRD (ADVP (RB kind) (RB of)) (JJ biased)) (, ,) (ADVP (RB too)) (, ,) (SBAR-PRP (IN because) (S (NP-SBJ (PRP I)) (VP (VBP do) (RB n't) (VP (VB do) (NP (NNS drugs))))))) (-DFL- E_S))",44
sd,B,2759,148.69,"and/CC ,/,",2/sw2759,105,148.51,4,sw01utt/sw_0177_2759.utt,"{C and,",74,"(S (CONJP (CC and) (, ,) (RB so)) (, ,) (NP-SBJ (PRP I)) (ADVP (RB really)) (VP (VBP do) (RB n't) (VP (VB care) (NP-ADV (NP (DT one) (NN way)) (CC or) (NP (DT another))) (SBAR (IN if) (S (NP-SBJ-1 (NN anybody)) (VP (VBZ wants) (S (NP-SBJ (-NONE- *-1)) (VP (TO to) (VP (VP (VB pull) (NP (PRP me)) (PRT (RP up)) (NP-TMP (RB tomorrow))) (CC and) (VP (VB test) (NP (PRP me))))))))) (. .) (SBAR-PRP (RB Because) (S (NP-SBJ (PRP I)) (VP (VBP have) (NP (NP (NN nothing)) (SBAR (WHNP-2 (-NONE- 0)) (S (NP-SBJ (-NONE- *)) (VP (TO to) (VP (VB worry) (PP (IN about) (NP (-NONE- *T*-2))))))))))))) (. .) (-DFL- E_S))",44
b,A,2759,0.0,[ Uh-huh/UH ] ./.,2/sw2759,88,0.0,1,sw01utt/sw_0177_2759.utt,# Uh-huh.  # /,75,(INTJ (UH Uh-huh) (. .) (-DFL- E_S)),45
+,B,2759,154.10999999999999,"so/RB ,/,  [ I/PRP ] really/RB do/VBP n't/RB care/VB  [ one/DT ] [ way/NN ] or/CC  [ another/DT ] if/IN  [ anybody/NN ] wants/VBZ to/TO pull/VB  [ me/PRP ] up/RP  [ tomorrow/RB ] and/CC test/VB  [ me/PRP ] ./.",2/sw2759,105,148.69,1,sw01utt/sw_0177_2759.utt,"# so, } # I really don't care one way  or another if anybody wants to pull me up tomorrow and test me.",76,"(S (CONJP (CC and) (, ,) (RB so)) (, ,) (NP-SBJ (PRP I)) (ADVP (RB really)) (VP (VBP do) (RB n't) (VP (VB care) (NP-ADV (NP (DT one) (NN way)) (CC or) (NP (DT another))) (SBAR (IN if) (S (NP-SBJ-1 (NN anybody)) (VP (VBZ wants) (S (NP-SBJ (-NONE- *-1)) (VP (TO to) (VP (VP (VB pull) (NP (PRP me)) (PRT (RP up)) (NP-TMP (RB tomorrow))) (CC and) (VP (VB test) (NP (PRP me))))))))) (. .) (SBAR-PRP (RB Because) (S (NP-SBJ (PRP I)) (VP (VBP have) (NP (NP (NN nothing)) (SBAR (WHNP-2 (-NONE- 0)) (S (NP-SBJ (-NONE- *)) (VP (TO to) (VP (VB worry) (PP (IN about) (NP (-NONE- *T*-2))))))))))))) (. .) (-DFL- E_S))",46
b,A,2759,154.53,Yeah/UH ./.,2/sw2759,92,154.45,1,sw01utt/sw_0177_2759.utt,Yeah. /,77,(INTJ (UH Yeah) (. .) (-DFL- E_S)),47
+,B,2759,156.09,Because/RB  [ I/PRP ] have/VBP  [ nothing/NN ] to/TO worry/VB about/IN ./.,2/sw2759,105,154.53,1,sw01utt/sw_0177_2759.utt,Because I have nothing to worry about.  /,78,"(S (CONJP (CC and) (, ,) (RB so)) (, ,) (NP-SBJ (PRP I)) (ADVP (RB really)) (VP (VBP do) (RB n't) (VP (VB care) (NP-ADV (NP (DT one) (NN way)) (CC or) (NP (DT another))) (SBAR (IN if) (S (NP-SBJ-1 (NN anybody)) (VP (VBZ wants) (S (NP-SBJ (-NONE- *-1)) (VP (TO to) (VP (VP (VB pull) (NP (PRP me)) (PRT (RP up)) (NP-TMP (RB tomorrow))) (CC and) (VP (VB test) (NP (PRP me))))))))) (. .) (SBAR-PRP (RB Because) (S (NP-SBJ (PRP I)) (VP (VBP have) (NP (NP (NN nothing)) (SBAR (WHNP-2 (-NONE- 0)) (S (NP-SBJ (-NONE- *)) (VP (TO to) (VP (VB worry) (PP (IN about) (NP (-NONE- *T*-2))))))))))))) (. .) (-DFL- E_S))",48
sd^r,B,2759,159.03,"So/RB ,/,  [ I/PRP ] guess/VBP that/DT  [ 's/BES kind/RB ] of/RB  [ biased/JJ ] ./.",2/sw2759,112,156.57,2,sw01utt/sw_0177_2759.utt,"{C So, }  I guess that's kind of biased. /",79,"(S (RB So) (, ,) (NP-SBJ (PRP I)) (VP (VBP guess) (SBAR (-NONE- 0) (S (NP-SBJ (DT that)) (VP (BES 's) (ADJP-PRD (ADVP (RB kind) (RB of)) (JJ biased)))))) (. .) (-DFL- E_S))",48
b,A,2759,159.29,Yeah/UH ./.,2/sw2759,92,159.17,1,sw01utt/sw_0177_2759.utt,Yeah.  /,80,(INTJ (UH Yeah) (. .) (-DFL- E_S)),49
%,A,2759,160.69,"Well/UH ,/, there/RB ,/,",2/sw2759,115,160.21,2,sw01utt/sw_0177_2759.utt,"{D Well, } there, - /",81,"(S (INTJ (UH Well)) (, ,) (EDITED (NP-SBJ (RB there))) (, ,) (-DFL- N_S) (EDITED (S (NP-SBJ (PRP it)) (VP-UNF (BES 's)))) (, ,) (EDITED (RM (-DFL- \[)) (NP-SBJ (PRP I)) (, ,) (IP (-DFL- \+))) (NP-SBJ (PRP I)) (RS (-DFL- \])) (VP (VBP think) (SBAR (-NONE- 0) (S (NP-SBJ (NP (CD one)) (PP (IN of) (NP (NP (DT the) (NNS problems)) (PP (IN with) (NP (PRP it)))))) (VP (VBZ is) (SBAR-PRD (-NONE- 0) (S (NP-SBJ (PRP it)) (VP (VBZ affects) (NP (NP (DT a) (NN lot)) (PP (IN of) (NP (NP (JJ other) (NNS folks)) (PP (IN on) (NP (DT the) (NN job)))))) (SBAR-ADV (IN if) (S (NP-SBJ (NP (NN somebody)) (ADVP (RB else))) (VP (VBZ is) (ADJP-PRD (JJ impaired)))))))))))) (. .) (-DFL- E_S))",49
sv,A,2759,166.17,"[ it/PRP ] 's/BES ,/,  [ I/PRP ] ,/,  [ I/PRP ] think/VBP  [ one/CD ] of/IN  [ the/DT problems/NNS ] with/IN  [ it/PRP ] is/VBZ  [ it/PRP ] affects/VBZ  [ a/DT lot/NN ] of/IN  [ other/JJ folks/NNS ] on/IN  [ the/DT job/NN ] --/:",2/sw2759,115,160.81,3,sw01utt/sw_0177_2759.utt,"it's,  [ I, +  I ] think one of the problems with it is it affects a lot of other folks on the job --",82,"(S (INTJ (UH Well)) (, ,) (EDITED (NP-SBJ (RB there))) (, ,) (-DFL- N_S) (EDITED (S (NP-SBJ (PRP it)) (VP-UNF (BES 's)))) (, ,) (EDITED (RM (-DFL- \[)) (NP-SBJ (PRP I)) (, ,) (IP (-DFL- \+))) (NP-SBJ (PRP I)) (RS (-DFL- \])) (VP (VBP think) (SBAR (-NONE- 0) (S (NP-SBJ (NP (CD one)) (PP (IN of) (NP (NP (DT the) (NNS problems)) (PP (IN with) (NP (PRP it)))))) (VP (VBZ is) (SBAR-PRD (-NONE- 0) (S (NP-SBJ (PRP it)) (VP (VBZ affects) (NP (NP (DT a) (NN lot)) (PP (IN of) (NP (NP (JJ other) (NNS folks)) (PP (IN on) (NP (DT the) (NN job)))))) (SBAR-ADV (IN if) (S (NP-SBJ (NP (NN somebody)) (ADVP (RB else))) (VP (VBZ is) (ADJP-PRD (JJ impaired)))))))))))) (. .) (-DFL- E_S))",49
aa,B,2759,166.51,Yeah/UH ./.,2/sw2759,92,166.17,1,sw01utt/sw_0177_2759.utt,Yeah.  /,83,(INTJ (UH Yeah) (. .) (-DFL- E_S)),50
aa,B,2759,166.77,[ It/PRP ] does/VBZ ./.,2/sw2759,118,166.51,2,sw01utt/sw_0177_2759.utt,It does. /,84,(S (NP-SBJ (PRP It)) (VP (VBZ does)) (. .) (-DFL- E_S)),50
+,A,2759,168.29,--/: if/IN  [ somebody/NN ] else/RB is/VBZ impaired/JJ ./.,2/sw2759,115,166.77,1,sw01utt/sw_0177_2759.utt,-- if somebody else is impaired.  /,85,"(S (INTJ (UH Well)) (, ,) (EDITED (NP-SBJ (RB there))) (, ,) (-DFL- N_S) (EDITED (S (NP-SBJ (PRP it)) (VP-UNF (BES 's)))) (, ,) (EDITED (RM (-DFL- \[)) (NP-SBJ (PRP I)) (, ,) (IP (-DFL- \+))) (NP-SBJ (PRP I)) (RS (-DFL- \])) (VP (VBP think) (SBAR (-NONE- 0) (S (NP-SBJ (NP (CD one)) (PP (IN of) (NP (NP (DT the) (NNS problems)) (PP (IN with) (NP (PRP it)))))) (VP (VBZ is) (SBAR-PRD (-NONE- 0) (S (NP-SBJ (PRP it)) (VP (VBZ affects) (NP (NP (DT a) (NN lot)) (PP (IN of) (NP (NP (JJ other) (NNS folks)) (PP (IN on) (NP (DT the) (NN job)))))) (SBAR-ADV (IN if) (S (NP-SBJ (NP (NN somebody)) (ADVP (RB else))) (VP (VBZ is) (ADJP-PRD (JJ impaired)))))))))))) (. .) (-DFL- E_S))",51
sv,A,2759,170.67,"Because/RB ,/,  [ MUMBLEx/XX ] generally/RB  [ you/PRP ] know/VBP  [ it/PRP ] ./.",2/sw2759,120,168.89,2,sw01utt/sw_0177_2759.utt,"{C Because, }  ((   ))  generally you know it.  /",86,"(SBAR-PRP (RB Because) (, ,) (X (XX MUMBLEx)) (S (ADVP (RB generally)) (NP-SBJ (PRP you)) (VP (VBP know) (NP (PRP it)))) (. .) (-DFL- E_S))",51
sv,A,2759,176.23,"[ Uh/UH ] ,/,  [ you/PRP ] find/VBP out/RP  [ one/DT way/NN ] or/CC  [ another/DT ] if/IN  [ somebody/NN ] [ 's/HVS ] got/VBN  [ a/DT problem/NN ] on/IN  [ the/DT job/NN ] ./.",2/sw2759,121,171.19,3,sw01utt/sw_0177_2759.utt,"{F Uh, } you find out one way  or another if somebody's got a problem on the job. /",87,"(S (INTJ (UH Uh)) (, ,) (NP-SBJ (PRP you)) (VP (VBP find) (PRT (RP out)) (NP-ADV (NP (DT one) (NN way)) (CC or) (NP (DT another))) (SBAR-ADV (IN if) (S (NP-SBJ (NN somebody)) (VP (HVS 's) (VP (VBN got) (NP (NP (DT a) (NN problem)) (PP (IN on) (NP (DT the) (NN job))))))))) (. .) (-DFL- E_S))",51
aa,B,2759,176.71,Yeah/UH ./.,2/sw2759,96,176.35,1,sw01utt/sw_0177_2759.utt,Yeah.  /,88,(INTJ (UH Yeah) (. .) (-DFL- E_S)),52
aa,B,2759,177.35,[ That/DT ] 's/BES true/JJ ./.,2/sw2759,124,176.71,2,sw01utt/sw_0177_2759.utt,That's true. /,89,(S (NP-SBJ (DT That)) (VP (BES 's) (ADJP-PRD (JJ true))) (. .) (-DFL- E_S)),52
sv,A,2759,181.41,"And/CC if/IN ,/,  [ e-/RB ] ,/, even/RB if/IN ,/, like/IN  [ you/PRP ] say/VBP ,/, even/RB if/IN  [ it/PRP ] 's/BES just/RB  [ the/DT secretary/NN ] ,/,",2/sw2759,126,177.43,1,sw01utt/sw_0177_2759.utt,"{C And } [ [ if, e-, +  even if, ] +   like you say, even if ] it's just the secretary,  /",90,"(S (CC And) (EDITED (RM (-DFL- \[)) (EDITED (RM (-DFL- \[)) (SBAR-ADV-UNF (IN if) (, ,) (X (RB e-))) (, ,) (IP (-DFL- \+))) (SBAR-ADV-UNF (RB even) (IN if)) (, ,) (RS (-DFL- \])) (IP (-DFL- \+))) (SBAR-ADV (IN like) (S (NP-SBJ (PRP you)) (VP (VBP say)))) (, ,) (SBAR-ADV (RB even) (IN if) (RS (-DFL- \])) (S (NP-SBJ (PRP it)) (VP (BES 's) (ADVP (RB just)) (NP-PRD (DT the) (NN secretary))))) (, ,) (-DFL- E_S) (SBAR-ADV (IN if) (S (NP-SBJ-1 (PRP$ her) (NN work) (CC or) (NNS abilities)) (VP (VBP start) (S (NP-SBJ (-NONE- *-1)) (VP (VBG affecting) (NP (PRP$ her) (NNS co-workers))))))) (ADVP (RB then)) (EDITED (RM (-DFL- \[)) (NP-SBJ (PRP it)) (, ,) (IP (-DFL- \+))) (NP-SBJ (PRP it)) (VP (BES 's) (RS (-DFL- \])) (ADVP (RB still)) (NP-PRD (DT a) (NN problem))) (. .) (-DFL- E_S))",53
sv,A,2759,186.15,if/IN  [ her/PRP$ work/NN ] or/CC  [ abilities/NNS ] start/VBP affecting/VBG  [ her/PRP$ co-workers/NNS ] --/:,2/sw2759,126,181.93,2,sw01utt/sw_0177_2759.utt,if her work or abilities start affecting her co-workers --,91,"(S (CC And) (EDITED (RM (-DFL- \[)) (EDITED (RM (-DFL- \[)) (SBAR-ADV-UNF (IN if) (, ,) (X (RB e-))) (, ,) (IP (-DFL- \+))) (SBAR-ADV-UNF (RB even) (IN if)) (, ,) (RS (-DFL- \])) (IP (-DFL- \+))) (SBAR-ADV (IN like) (S (NP-SBJ (PRP you)) (VP (VBP say)))) (, ,) (SBAR-ADV (RB even) (IN if) (RS (-DFL- \])) (S (NP-SBJ (PRP it)) (VP (BES 's) (ADVP (RB just)) (NP-PRD (DT the) (NN secretary))))) (, ,) (-DFL- E_S) (SBAR-ADV (IN if) (S (NP-SBJ-1 (PRP$ her) (NN work) (CC or) (NNS abilities)) (VP (VBP start) (S (NP-SBJ (-NONE- *-1)) (VP (VBG affecting) (NP (PRP$ her) (NNS co-workers))))))) (ADVP (RB then)) (EDITED (RM (-DFL- \[)) (NP-SBJ (PRP it)) (, ,) (IP (-DFL- \+))) (NP-SBJ (PRP it)) (VP (BES 's) (RS (-DFL- \])) (ADVP (RB still)) (NP-PRD (DT a) (NN problem))) (. .) (-DFL- E_S))",53
b,B,2759,186.57,Yeah/UH ./.,2/sw2759,110,186.15,1,sw01utt/sw_0177_2759.utt,Yeah. /,92,(INTJ (UH Yeah) (. .) (-DFL- E_S)),54
+,A,2759,188.61,"--/: then/RB  [ it/PRP ] ,/,  [ it/PRP ] 's/BES still/RB  [ a/DT problem/NN ] ./.",2/sw2759,126,186.97,1,sw01utt/sw_0177_2759.utt,"-- then [ it, +  it's ] still a problem. /",93,"(S (CC And) (EDITED (RM (-DFL- \[)) (EDITED (RM (-DFL- \[)) (SBAR-ADV-UNF (IN if) (, ,) (X (RB e-))) (, ,) (IP (-DFL- \+))) (SBAR-ADV-UNF (RB even) (IN if)) (, ,) (RS (-DFL- \])) (IP (-DFL- \+))) (SBAR-ADV (IN like) (S (NP-SBJ (PRP you)) (VP (VBP say)))) (, ,) (SBAR-ADV (RB even) (IN if) (RS (-DFL- \])) (S (NP-SBJ (PRP it)) (VP (BES 's) (ADVP (RB just)) (NP-PRD (DT the) (NN secretary))))) (, ,) (-DFL- E_S) (SBAR-ADV (IN if) (S (NP-SBJ-1 (PRP$ her) (NN work) (CC or) (NNS abilities)) (VP (VBP start) (S (NP-SBJ (-NONE- *-1)) (VP (VBG affecting) (NP (PRP$ her) (NNS co-workers))))))) (ADVP (RB then)) (EDITED (RM (-DFL- \[)) (NP-SBJ (PRP it)) (, ,) (IP (-DFL- \+))) (NP-SBJ (PRP it)) (VP (BES 's) (RS (-DFL- \])) (ADVP (RB still)) (NP-PRD (DT a) (NN problem))) (. .) (-DFL- E_S))",55
aa,B,2759,189.54,[ That/DT ] 's/BES true/JJ ./.,2/sw2759,124,188.81,1,sw01utt/sw_0177_2759.utt,That's true. /,94,(S (NP-SBJ (DT That)) (VP (BES 's) (ADJP-PRD (JJ true))) (. .) (-DFL- E_S)),56
%,A,2759,189.87,"So/UH ,/,",2/sw2759,133,189.71,1,sw01utt/sw_0177_2759.utt,"{D So, } -/",95,"(INTJ (UH So) (, ,) (-DFL- N_S))",57
qw,B,2759,191.08,"But/CC ,/,  [ what/WP ] do/VBP  [ you/PRP ] do/VB about/IN ,/,",2/sw2759,135,190.2,1,sw01utt/sw_0177_2759.utt,"{C But, }  what do you do about,",96,"(SBARQ (CC But) (, ,) (WHNP-2 (WP what)) (SQ (VBP do) (NP-SBJ (PRP you)) (VP (VB do) (NP (-NONE- *T*-2)) (PP (IN about) (, ,) (NP (NP (DT the) (JJ occasional) (NN user)) (SBAR (WHNP-1 (WDT that)) (S (NP-SBJ (-NONE- *T*-1)) (VP (MD may) (VP (VB have) (VP (VBN gone) (PP (IN to) (NP (DT a) (NN party)) (ADVP-TMP (NP (CD three) (NNS days)) (IN before)))))))))))) (-DFL- E_S))",58
x,A,2759,0.0,./.,2/sw2759.pos,,0.0,1,sw01utt/sw_0177_2759.utt,# <Throat_clearing>.  #,97,,59
+,B,2759,194.76,[ the/DT occasional/JJ user/NN ] [ that/WDT ] may/MD have/VB gone/VBN to/IN  [ a/DT party/NN three/CD days/NNS ] before/IN,2/sw2759,135,191.08,1,sw01utt/sw_0177_2759.utt,# the # occasional user that may have  gone to a party three days before  /,98,"(SBARQ (CC But) (, ,) (WHNP-2 (WP what)) (SQ (VBP do) (NP-SBJ (PRP you)) (VP (VB do) (NP (-NONE- *T*-2)) (PP (IN about) (, ,) (NP (NP (DT the) (JJ occasional) (NN user)) (SBAR (WHNP-1 (WDT that)) (S (NP-SBJ (-NONE- *T*-1)) (VP (MD may) (VP (VB have) (VP (VBN gone) (PP (IN to) (NP (DT a) (NN party)) (ADVP-TMP (NP (CD three) (NNS days)) (IN before)))))))))))) (-DFL- E_S))",60
sd,B,2759,199.38,"and/CC ,/,  [ you/PRP ] know/VBP ,/,  [ it/PRP ] 's/HVS ,/,  [ it/PRP ] 's/HVS been/VBN  [ the/DT whole/JJ weekend/NN ] since/IN  [ they/PRP ] 've/VBP done/VBN  [ anything/NN ]",2/sw2759,138,195.42,2,sw01utt/sw_0177_2759.utt,"{C and, } {D you know, } [ it's, + it's ]  been the whole weekend since they've done anything  /",99,"(S (CC and) (PRN (, ,) (S (NP-SBJ (PRP you)) (VP (VBP know))) (, ,)) (EDITED (RM (-DFL- \[)) (S (NP-SBJ (PRP it)) (VP-UNF (HVS 's))) (, ,) (IP (-DFL- \+))) (NP-SBJ (PRP it)) (VP (HVS 's) (RS (-DFL- \])) (VP (VBN been) (NP-PRD (DT the) (JJ whole) (NN weekend)) (SBAR-TMP (IN since) (S (NP-SBJ (PRP they)) (VP (VBP 've) (VP (VBN done) (NP (NN anything)))))))) (-DFL- E_S))",60
sd,B,2759,201.14,and/CC  [ they/PRP ] happen/VBP to/TO be/VB tested/VBN  [ Monday/NNP morning/NN ],2/sw2759,139,199.38,3,sw01utt/sw_0177_2759.utt,{C and } they happen to be tested Monday morning  /,100,(S (CC and) (NP-SBJ-1 (PRP they)) (VP (VBP happen) (S (NP-SBJ-2 (-NONE- *-1)) (VP (TO to) (VP (VB be) (VP (VBN tested) (NP (-NONE- *-2)) (NP-TMP (NNP Monday) (NN morning))))))) (-DFL- E_S)),60
qy^d,B,2759,203.4,and/CC  [ they/PRP ] could/MD be/VB fired/VBN for/IN  [ that/DT ] ?/.,2/sw2759,140,202.02,4,sw01utt/sw_0177_2759.utt,{C and } they could be fired for that? <<pause>> /,101,(S (CC and) (NP-SBJ-1 (PRP they)) (VP (MD could) (VP (VB be) (VP (VBN fired) (NP (-NONE- *-1)) (PP-PRP (IN for) (NP (DT that)))))) (. ?) (-DFL- E_S)),60
sv,B,2759,207.62,"[ You/PRP ] know/VBP ,/, that/DT ,/, that/DT  [ 's/BES kind/RB ] of/RB  [ unfair/JJ ] ,/, also/RB ./.",2/sw2759,141,205.34,5,sw01utt/sw_0177_2759.utt,"{D You know, } [ that, + that's ] kind of unfair, also. /",102,"(S (PRN (S (NP-SBJ (PRP You)) (VP (VBP know))) (, ,)) (EDITED (RM (-DFL- \[)) (NP-SBJ (DT that)) (, ,) (IP (-DFL- \+))) (NP-SBJ (DT that)) (VP (BES 's) (RS (-DFL- \])) (ADJP-PRD (ADVP (RB kind) (RB of)) (JJ unfair)) (, ,) (ADVP (RB also))) (. .) (-DFL- E_S))",60
aa,A,2759,209.23,"Well/UH ,/, yeah/UH ./.",2/sw2759,143,208.89,1,sw01utt/sw_0177_2759.utt,"(( {D Well, } yeah )) .  /",103,"(INTJ (INTJ (UH Well)) (, ,) (INTJ (UH yeah)) (. .) (-DFL- E_S))",61
sv,A,2759,210.53,[ I/PRP ] guess/VBP  [ it/PRP ] comes/VBZ with/IN  [ the/DT turf/NN ] ./.,2/sw2759,144,209.23,2,sw01utt/sw_0177_2759.utt,I guess it comes with the turf. /,104,(S (NP-SBJ (PRP I)) (VP (VBP guess) (SBAR (-NONE- 0) (S (NP-SBJ (PRP it)) (VP (VBZ comes) (PP (IN with) (NP (DT the) (NN turf))))))) (. .) (-DFL- E_S)),61
aa,B,2759,211.07999999999998,Yeah/UH ./.,2/sw2759,117,210.92,1,sw01utt/sw_0177_2759.utt,Yeah.  /,105,(INTJ (UH Yeah) (. .) (-DFL- E_S)),62
sv,B,2759,211.56,[ I/PRP ] guess/VBP so/RB ./.,2/sw2759,147,211.08,2,sw01utt/sw_0177_2759.utt,I guess so.  /,106,(S (NP-SBJ (PRP I)) (VP (VBP guess) (ADVP (RB so))) (. .) (-DFL- E_S)),62
sv,B,2759,214.16,[ I/PRP ] guess/VBP if/IN  [ you/PRP ] 're/VBP going/VBG to/TO do/VB  [ it/PRP ] [ you/PRP ] need/VBP to/TO suffer/VB  [ the/DT consequences/NNS ] ./.,2/sw2759,148,211.56,3,sw01utt/sw_0177_2759.utt,I  guess if you're  going to do it you need to suffer the consequences <laughter>. /,107,(S (NP-SBJ (PRP I)) (VP (VBP guess) (SBAR (-NONE- 0) (S (SBAR-ADV (IN if) (S (NP-SBJ-1 (PRP you)) (VP (VBP 're) (VP (VBG going) (S (NP-SBJ (-NONE- *-1)) (VP (TO to) (VP (VB do) (NP (PRP it))))))))) (NP-SBJ-2 (PRP you)) (VP (VBP need) (S (NP-SBJ (-NONE- *-2)) (VP (TO to) (VP (VB suffer) (NP (DT the) (NNS consequences))))))))) (. .) (-DFL- E_S)),62
b,A,2759,214.42999999999998,Yeah/UH ./.,2/sw2759,123,214.17,1,sw01utt/sw_0177_2759.utt,Yeah.  /,108,(INTJ (UH Yeah) (. .) (-DFL- E_S)),63
fe,A,2759,216.53,[ Man/UH ] ./.,2/sw2759,151,216.41,2,sw01utt/sw_0177_2759.utt,Man.  /,109,(INTJ (UH Man) (. .) (-DFL- E_S)),63
sd,A,2759,219.91,"And/CC ,/, in/IN  [ terms/NNS ] of/IN  [ drugs/NNS ] ,/,  [ they/PRP ] 're/VBP illegal/JJ ./.",2/sw2759,152,216.55,3,sw01utt/sw_0177_2759.utt,"{C And, }  in terms <noise>  of drugs, they're illegal.  /",110,"(S (CC And) (, ,) (PP (IN in) (NP (NP (NNS terms)) (PP (IN of) (NP (NNS drugs))))) (, ,) (NP-SBJ (PRP they)) (VP (VBP 're) (ADJP-PRD (JJ illegal))) (. .) (-DFL- E_S))",63
sd,A,2759,220.41,"So/IN  [ you/PRP ] 're/VBP ,/,",2/sw2759,153,220.05,4,sw01utt/sw_0177_2759.utt,"{C So } [ you're, +",111,"(S (RB So) (EDITED (RM (-DFL- \[)) (S (NP-SBJ (PRP you)) (VP-UNF (VBP 're))) (, ,) (IP (-DFL- \+))) (NP-SBJ (PRP you)) (VP (VBP 're) (RS (-DFL- \])) (VP (VBG breaking) (NP (DT the) (NN law)) (ADVP (RB anyway)))) (. .) (-DFL- E_S))",63
aa,B,2759,221.48,[ That/DT ] 's/BES true/JJ ./.,2/sw2759,124,220.92,1,sw01utt/sw_0177_2759.utt,# That's true.  # /,112,(S (NP-SBJ (DT That)) (VP (BES 's) (ADJP-PRD (JJ true))) (. .) (-DFL- E_S)),64
+,A,2759,222.24,[ you/PRP ] 're/VBP breaking/VBG  [ the/DT law/NN ] anyway/RB ./.,2/sw2759,153,221.48,1,sw01utt/sw_0177_2759.utt,# you're  ] breaking # the law anyway. /,113,"(S (RB So) (EDITED (RM (-DFL- \[)) (S (NP-SBJ (PRP you)) (VP-UNF (VBP 're))) (, ,) (IP (-DFL- \+))) (NP-SBJ (PRP you)) (VP (VBP 're) (RS (-DFL- \])) (VP (VBG breaking) (NP (DT the) (NN law)) (ADVP (RB anyway)))) (. .) (-DFL- E_S))",65
aa,B,2759,223.3,[ That/DT ] 's/BES true/JJ ./.,2/sw2759,131,222.76,1,sw01utt/sw_0177_2759.utt,That's true. /,114,(S (NP-SBJ (DT That)) (VP (BES 's) (ADJP-PRD (JJ true))) (. .) (-DFL- E_S)),66
sv,A,2759,228.88,"Probably/RB  [ the/DT ] ,/,  [ the/DT biggest/JJS problem/NN ] with/IN  [ those/DT ] is/VBZ  [ they/PRP ] do/VBP n't/RB do/VB  [ a/DT real/RB good/JJ job/NN ] of/IN ,/, of/IN assessing/VBG for/IN  [ alcohol/NN ] ./.",2/sw2759,160,223.72,1,sw01utt/sw_0177_2759.utt,"Probably [ the, + the ]  biggest problem with those is they don't do a real good job [ of, + of ] assessing for alcohol. /",115,"(S (RB Probably) (EDITED (RM (-DFL- \[)) (NP-SBJ-UNF (DT the)) (, ,) (IP (-DFL- \+))) (NP-SBJ (NP (DT the) (RS (-DFL- \])) (JJS biggest) (NN problem)) (PP (IN with) (NP (DT those)))) (VP (VBZ is) (SBAR-PRD (-NONE- 0) (S (NP-SBJ-1 (PRP they)) (VP (VBP do) (RB n't) (VP (VB do) (NP (NP (DT a) (RB real) (JJ good) (NN job)) (EDITED (RM (-DFL- \[)) (PP-UNF (IN of)) (, ,) (IP (-DFL- \+))) (PP (IN of) (RS (-DFL- \])) (S-NOM (NP-SBJ (-NONE- *-1)) (VP (VBG assessing) (PP (IN for) (NP (NN alcohol)))))))))))) (. .) (-DFL- E_S))",67
aa,B,2759,229.89999999999998,[ That/DT ] 's/BES true/JJ ./.,2/sw2759,131,229.28,1,sw01utt/sw_0177_2759.utt,That's true. /,116,(S (NP-SBJ (DT That)) (VP (BES 's) (ADJP-PRD (JJ true))) (. .) (-DFL- E_S)),68
sv,A,2759,232.38,And/CC  [ that/DT ] 's/BES probably/RB  [ the/DT biggest/JJS problem/NN ] there/RB is/VBZ ./.,2/sw2759,164,230.38,1,sw01utt/sw_0177_2759.utt,{C And } that's probably the biggest problem there is # <throat_clearing>. # /,117,(S (CC And) (NP-SBJ (DT that)) (VP (BES 's) (ADVP (RB probably)) (NP-PRD (NP (DT the) (JJS biggest) (NN problem)) (SBAR (WHNP-1 (-NONE- 0)) (S (NP-SBJ (RB there)) (VP (VBZ is) (NP-PRD (-NONE- *T*-1))))))) (. .) (-DFL- E_S)),69
aa,B,2759,233.36,Yeah/UH ./.,2/sw2759,146,232.96,1,sw01utt/sw_0177_2759.utt,# Yeah. #  /,118,(INTJ (UH Yeah) (. .) (-DFL- E_S)),70
sv,B,2759,235.04999999999998,"[ I/PRP ] think/VBP so/RB ,/, more/RBR than/IN  [ drugs/NNS ] ./.",2/sw2759,167|||168,233.57,2,sw01utt/sw_0177_2759.utt,"I think so, more than drugs <throat_clearing>.  /",119,"(S (NP-SBJ (PRP I)) (VP (VBP think) (ADVP (RB so))) (, ,))|||(ADVP (ADVP (RBR more)) (PP (IN than) (NP (NNS drugs))) (. .) (-DFL- E_S))",70
sd,B,2759,245.15,And/CC  [ I/PRP ] know/VBP  [ a/DT lot/NN ] of/IN  [ companies/NNS ] [ that/WDT ] will/MD put/VB  [ you/PRP ] in/IN  [ an/DT alcohol/NN rehabilitation/NN ] before/IN  [ they/PRP ] would/MD put/VB  [ you/PRP ] in/IN  [ a/DT drug/NN rehab/NN ] ./.,2/sw2759,169,236.89,3,sw01utt/sw_0177_2759.utt,{C And } I know a lot of companies that will <noise> put you in an alcohol rehabilitation before they would put you in a drug rehab. /,120,(S (CC And) (NP-SBJ (PRP I)) (VP (VBP know) (NP (NP (DT a) (NN lot)) (PP (IN of) (NP (NP (NNS companies)) (SBAR (WHNP-1 (WDT that)) (S (NP-SBJ (-NONE- *T*-1)) (VP (MD will) (VP (VB put) (NP (PRP you)) (PP-PUT (IN in) (NP (DT an) (NN alcohol) (NN rehabilitation))) (SBAR-TMP (IN before) (S (NP-SBJ (PRP they)) (VP (MD would) (VP (VB put) (NP (PRP you)) (PP-PUT (IN in) (NP (DT a) (NN drug) (NN rehab))))))))))))))) (. .) (-DFL- E_S)),70
b,A,2759,246.0,Yeah/UH ./.,2/sw2759,146,245.72,1,sw01utt/sw_0177_2759.utt,# Yeah. # /,121,(INTJ (UH Yeah) (. .) (-DFL- E_S)),71
sd,B,2759,246.83,[ They/PRP ] would/MD pay/VB for/IN  [ an/DT alcohol/NN ] --/:,2/sw2759,173,246.01,1,sw01utt/sw_0177_2759.utt,# They #  would pay for an alcohol -- /,122,(S (NP-SBJ (PRP They)) (VP (MD would) (VP (VB pay) (PP (IN for) (NP (DT an) (NN alcohol))))) (-DFL- E_S)),72
b,A,2759,246.96,[ Uh-huh/UH ] ./.,2/sw2759,175,246.84,1,sw01utt/sw_0177_2759.utt,Uh-huh. /,123,(INTJ (UH Uh-huh) (. .) (-DFL- E_S)),73
sd,B,2759,249.73,--/: but/CC  [ they/PRP ] do/VBP n't/RB always/RB pay/VB for/IN  [ drug/NN rehabilitation/NN ] ./.,2/sw2759,177,247.67,1,sw01utt/sw_0177_2759.utt,-- {C but } they don't always pay for drug rehabilitation. /,124,(S (CC but) (NP-SBJ (PRP they)) (VP (VBP do) (RB n't) (ADVP-TMP (RB always)) (VP (VB pay) (PP (IN for) (NP (NN drug) (NN rehabilitation))))) (. .) (-DFL- E_S)),74
sv,A,2759,256.0,"Well/UH ,/,  [ I/PRP ] guess/VBP  [ that/DT ] 's/BES  [ one/CD ] of/IN  [ the/DT positive/JJ things/NNS ] [ that/WDT ha/VBP ] ,/, have/VBP come/VBN out/IN of/IN  [ it/PRP ] ,/,  [ some/DT ] of/IN  [ the/DT employee/NN assistance/NN program/NN ] ./.",2/sw2759,179,251.1,1,sw01utt/sw_0177_2759.utt,"{D Well, } I guess that's one of the  positive things that [ ha-, + have ] come out of it, some of the employee assistance program.  /",125,"(S (INTJ (UH Well)) (, ,) (NP-SBJ (PRP I)) (VP (VBP guess) (SBAR (-NONE- 0) (S (NP-SBJ (DT that)) (VP (BES 's) (NP-PRD (NP (CD one)) (PP (IN of) (NP (NP (DT the) (JJ positive) (NNS things)) (SBAR (WHNP-1 (WDT that)) (S (NP-SBJ (-NONE- *T*-1)) (EDITED (RM (-DFL- \[)) (VP-UNF (VBP ha-)) (, ,) (IP (-DFL- \+))) (VP (VBP have) (RS (-DFL- \])) (VP (VBN come) (PP (IN out) (PP (IN of) (NP (PRP it))))))))))) (, ,) (NP-TPC (NP (DT some)) (PP (IN of) (NP (DT the) (NN employee) (NN assistance) (NN program)))))))) (. .) (-DFL- E_S))",75
sd,A,2759,258.52,If/IN  [ you/PRP ] do/VBP test/VB  [ positive/RB ] for/IN  [ something/NN ] --/:,2/sw2759,180,256.24,2,sw01utt/sw_0177_2759.utt,If you do test positive <noise> for something --,126,"(S (SBAR-ADV (IN If) (S (NP-SBJ-1 (PRP you)) (VP (VBP do) (VP (VB test) (S-ADV (NP-SBJ (-NONE- *-1)) (ADJP-PRD (RB positive) (PP (IN for) (NP (NN something))))))))) (NP-SBJ (PRP they)) (VP (MD will) (VP (VB give) (NP (PRP you)) (NP (NP (DT an) (EDITED (RM (-DFL- \[)) (EDITED (RM (-DFL- \[)) (NN op-) (, ,) (IP (-DFL- \+))) (NN o-) (, ,) (RS (-DFL- \])) (IP (-DFL- \+))) (NN opportunity)) (RS (-DFL- \])) (SBAR (WHADVP-2 (-NONE- 0)) (S (NP-SBJ-3 (-NONE- *)) (VP (VP (TO to) (VP (VB go) (S (NP-SBJ (-NONE- *-3)) (VP (VB get) (S (NP-SBJ (PRP$ your) (NN life)) (ADJP-PRD (RB straight))))))) (CONJP (IN rather) (IN than)) (VP (TO to) (VP (VB lose) (NP (PRP$ your) (NN job)))) (ADVP (-NONE- *T*-2)))))))) (. .) (-DFL- E_S))",75
b,B,2759,259.01,Yeah/UH ./.,2/sw2759,166,258.63,1,sw01utt/sw_0177_2759.utt,Yeah. /,127,(INTJ (UH Yeah) (. .) (-DFL- E_S)),76
+,A,2759,265.45,"--/:  [ they/PRP ] will/MD give/VB  [ you/PRP ] [ an/DT op-/NN ] ,/,  [ o-/NN ] ,/,  [ opportunity/NN ] to/TO go/VB get/VB  [ your/PRP$ life/NN ] straight/RB rather/IN than/IN to/TO lose/VB  [ your/PRP$ job/NN ] ./.",2/sw2759,180,259.02,1,sw01utt/sw_0177_2759.utt,"-- they will give you an [ [ op-, +  o-, ] +   opportunity ] to go get your life straight rather than to lose your job. /   *[[you're -> your]]",128,"(S (SBAR-ADV (IN If) (S (NP-SBJ-1 (PRP you)) (VP (VBP do) (VP (VB test) (S-ADV (NP-SBJ (-NONE- *-1)) (ADJP-PRD (RB positive) (PP (IN for) (NP (NN something))))))))) (NP-SBJ (PRP they)) (VP (MD will) (VP (VB give) (NP (PRP you)) (NP (NP (DT an) (EDITED (RM (-DFL- \[)) (EDITED (RM (-DFL- \[)) (NN op-) (, ,) (IP (-DFL- \+))) (NN o-) (, ,) (RS (-DFL- \])) (IP (-DFL- \+))) (NN opportunity)) (RS (-DFL- \])) (SBAR (WHADVP-2 (-NONE- 0)) (S (NP-SBJ-3 (-NONE- *)) (VP (VP (TO to) (VP (VB go) (S (NP-SBJ (-NONE- *-3)) (VP (VB get) (S (NP-SBJ (PRP$ your) (NN life)) (ADJP-PRD (RB straight))))))) (CONJP (IN rather) (IN than)) (VP (TO to) (VP (VB lose) (NP (PRP$ your) (NN job)))) (ADVP (-NONE- *T*-2)))))))) (. .) (-DFL- E_S))",77
aa,B,2759,266.12,[ That/DT ] 's/BES true/JJ ./.,2/sw2759,158,265.61,1,sw01utt/sw_0177_2759.utt,That's true. /,129,(S (NP-SBJ (DT That)) (VP (BES 's) (ADJP-PRD (JJ true))) (. .) (-DFL- E_S)),78
%,A,2759,267.43,"And/CC  [ I/PRP ] ,/,",2/sw2759,187,266.13,1,sw01utt/sw_0177_2759.utt,"{C And } I, -/",130,"(S-UNF (CC And) (NP-SBJ (PRP I)) (, ,) (-DFL- N_S))",79
sv,B,2759,267.58000000000004,"[ I/PRP ] ,/,",2/sw2759,187,267.42,1,sw01utt/sw_0177_2759.utt,"# I, #",131,"(S-UNF (CC And) (NP-SBJ (PRP I)) (, ,) (-DFL- N_S))",80
%,A,2759,0.0,"[ th/VBP ] ,/,",2/sw2759,191,0.0,1,sw01utt/sw_0177_2759.utt,"# th-, # -/",132,"(X (VBP th-) (, ,) (-DFL- N_S))",81
+,B,2759,268.44,think/VBP  [ that/DT ] 's/BES fair/JJ ./.,2/sw2759,189,267.58,1,sw01utt/sw_0177_2759.utt,think that's fair. /,133,"(S (NP-SBJ (PRP I)) (, ,) (VP (VBP think) (SBAR (-NONE- 0) (S (NP-SBJ (DT that)) (VP (BES 's) (ADJP-PRD (JJ fair)))))) (. .) (-DFL- E_S))",82
aa,A,2759,268.85,"[ Yeah/UH ] ,/,",2/sw2759,194,268.55,1,sw01utt/sw_0177_2759.utt,"Yeah,  /",134,"(INTJ (UH Yeah) (, ,) (-DFL- E_S))",83
sv,A,2759,271.79,"[ I/PRP ] think/VBP  [ the/DT benef-/NNS ] ,/,  [ the/DT company/NN benefits/NNS ] in/IN  [ the/DT long/JJ run/NN ] ./.",2/sw2759,195,268.85,2,sw01utt/sw_0177_2759.utt,"I think [ the benef-, + the company benefits ]  in the long run. /",135,"(S (NP-SBJ (PRP I)) (VP (VBP think) (SBAR (-NONE- 0) (S (EDITED (RM (-DFL- \[)) (X (DT the) (NNS benef-)) (, ,) (IP (-DFL- \+))) (NP-SBJ (DT the) (NN company)) (VP (NNS benefits) (RS (-DFL- \])) (PP-TMP (IN in) (NP (DT the) (JJ long) (NN run))))))) (. .) (-DFL- E_S))",83
aa,B,2759,272.56,Yeah/UH ./.,2/sw2759,182,272.18,1,sw01utt/sw_0177_2759.utt,Yeah <<pause>>.  /,136,(INTJ (UH Yeah) (. .) (-DFL- E_S)),84
aa,B,2759,274.86,[ That/DT ] 's/BES true/JJ ./.,2/sw2759,185,274.36,2,sw01utt/sw_0177_2759.utt,That's true <<pause>>.  /,137,(S (NP-SBJ (DT That)) (VP (BES 's) (ADJP-PRD (JJ true))) (. .) (-DFL- E_S)),84
sd^t,B,2759,278.38,"[ That/DT ] 's/BES about/RB  [ all/DT ] [ I/PRP ] have/VBP ,/,",2/sw2759,199,277.46,3,sw01utt/sw_0177_2759.utt,"That's about all I have,",138,"(S (NP-SBJ (DT That)) (VP (BES 's) (ADVP (RB about)) (NP-PRD (NP (DT all)) (SBAR (WHNP-2 (WHNP (-NONE- 0)) (SBAR (-NONE- *ICH*-4))) (S (NP-SBJ-1 (PRP I)) (VP (VBP have) (NP (-NONE- *T*-2)) (, ,) (SBAR-4 (WHNP-3 (-NONE- 0)) (S (NP-SBJ (-NONE- *-1)) (VP (TO to) (VP (VB say) (NP (-NONE- *T*-3)) (PP (IN on) (NP (PRP it)))))))))))) (. .) (-DFL- E_S))",84
x,A,2759,0.0,./.,2/sw2759.pos,,0.0,1,sw01utt/sw_0177_2759.utt,# <Throat_clearing>.  #,139,,85
+,B,2759,279.41999999999996,to/TO say/VB on/IN  [ it/PRP ] ./.,2/sw2759,199,278.4,1,sw01utt/sw_0177_2759.utt,# to # say <noise>  on it <laughter>. /,140,"(S (NP-SBJ (DT That)) (VP (BES 's) (ADVP (RB about)) (NP-PRD (NP (DT all)) (SBAR (WHNP-2 (WHNP (-NONE- 0)) (SBAR (-NONE- *ICH*-4))) (S (NP-SBJ-1 (PRP I)) (VP (VBP have) (NP (-NONE- *T*-2)) (, ,) (SBAR-4 (WHNP-3 (-NONE- 0)) (S (NP-SBJ (-NONE- *-1)) (VP (TO to) (VP (VB say) (NP (-NONE- *T*-3)) (PP (IN on) (NP (PRP it)))))))))))) (. .) (-DFL- E_S))",86
qw,A,2759,282.77,"[ What/WP ] ,/,  [ what/WP kind/NN ] of/IN testing/NN do/VBP  [ they/PRP ] do/VB when/WRB  [ you/PRP ] went/VBD ?/.",2/sw2759,203,279.69,1,sw01utt/sw_0177_2759.utt,"[ What, +  what ] kind of testing do they do when you went? /",141,"(SBARQ (EDITED (RM (-DFL- \[)) (WHNP (WP What)) (, ,) (IP (-DFL- \+))) (WHNP-1 (WHNP (WP what) (RS (-DFL- \])) (NN kind)) (PP (IN of) (NP (NN testing)))) (SQ (VBP do) (NP-SBJ (PRP they)) (VP (VB do) (NP (-NONE- *T*-1)) (SBAR-TMP (WHADVP-2 (WRB when)) (S (NP-SBJ (PRP you)) (VP (VBD went) (ADVP-TMP (-NONE- *T*-2))))))) (. ?) (-DFL- E_S))",87
sd,B,2759,284.28000000000003,"[ Uh/UH ] ,/,  [ it/PRP ] 's/BES  [ a/DT urine/NN test/NN ] ./.",2/sw2759,205,282.98,1,sw01utt/sw_0177_2759.utt,"{F Uh, } it's a urine test. /",142,"(S (INTJ (UH Uh)) (, ,) (NP-SBJ (PRP it)) (VP (BES 's) (NP-PRD (DT a) (NN urine) (NN test))) (. .) (-DFL- E_S))",88
b^m,A,2759,284.90999999999997,[ Urine/NN screen/NN ] ./.,2/sw2759,207,284.29,1,sw01utt/sw_0177_2759.utt,Urine screen. /,143,(NP (NN Urine) (NN screen) (. .) (-DFL- E_S)),89
%,B,2759,285.21999999999997,"And/CC ,/,",2/sw2759,209,284.9,1,sw01utt/sw_0177_2759.utt,"{C And, }",144,"(S-UNF (CC And) (, ,) (NP-SBJ (PRP they)) (, ,) (INTJ (UH uh)) (, ,) (-DFL- N_S))",90
b,A,2759,0.0,"Yeah/UH ,/,",2/sw2759,194,0.0,1,sw01utt/sw_0177_2759.utt,"# Yeah, # /",145,"(INTJ (UH Yeah) (, ,) (-DFL- E_S))",91
+,B,2759,285.86,"[ they/PRP ] ,/,  [ uh/UH ] ,/,",2/sw2759,209,285.22,1,sw01utt/sw_0177_2759.utt,"# they, # {F uh, } - /",146,"(S-UNF (CC And) (, ,) (NP-SBJ (PRP they)) (, ,) (INTJ (UH uh)) (, ,) (-DFL- N_S))",92
sd,B,2759,288.88,[ it/PRP ] was/VBD really/RB very/RB official/JJ ./.,2/sw2759,213,286.66,2,sw01utt/sw_0177_2759.utt,it was really very official.  /,147,(S (NP-SBJ (PRP it)) (VP (VBD was) (ADVP (RB really)) (ADJP-PRD (RB very) (JJ official))) (. .) (-DFL- E_S)),92
sd,B,2759,296.76000000000005,"[ You/PRP ] have/VBP to/TO go/VB in/IN  [ a/DT room/NN ] solely/RB by/IN  [ yourself/PRP ] ,/,  [ sign/NN papers/NNS ] [ that/WDT ] say/VBP  [ you/PRP ] were/VBD totally/RB alone/JJ ,/,  [ sign/NN papers/NNS ] [ that/WDT ] say/VBP  [ this/DT ] is/VBZ yours/PRP ,/,",2/sw2759,214,288.9,3,sw01utt/sw_0177_2759.utt,"You have to go in a room solely by yourself, sign papers that say  you were totally alone, sign papers that <noise> say this is yours, /",148,"(S (NP-SBJ-1 (PRP You)) (VP (VBP have) (S (NP-SBJ (-NONE- *-1)) (VP (TO to) (VP (VP (VB go) (PP-DIR (IN in) (NP (DT a) (NN room))) (ADVP (RB solely)) (PP (IN by) (NP (PRP yourself)))) (, ,) (VP (NN sign) (NP (NP (NNS papers)) (SBAR (WHNP-2 (WDT that)) (S (NP-SBJ (-NONE- *T*-2)) (VP (VBP say) (SBAR (-NONE- 0) (S (NP-SBJ (PRP you)) (VP (VBD were) (ADJP-PRD (RB totally) (JJ alone)))))))))) (, ,) (VP (NN sign) (NP (NP (NNS papers)) (SBAR (WHNP-3 (WDT that)) (S (NP-SBJ (-NONE- *T*-3)) (VP (VBP say) (SBAR (-NONE- 0) (S (NP-SBJ (DT this)) (VP (VBZ is) (NP-PRD (PRP yours)))))))))))))) (, ,) (-DFL- E_S))",92
x,A,2759,0.0,./.,2/sw2759.pos,,0.0,1,sw01utt/sw_0177_2759.utt,<Throat_clearing>.,149,,93
sd,B,2759,300.47999999999996,"and/CC ,/, and/CC  [ you/PRP ] have/VBP to/TO seal/VB  [ the/DT bottle/NN ] [ yourself/PRP ] and/CC label/VB  [ it/PRP ] [ yourself/PRP ] and/CC ,/,",2/sw2759,217,296.76,1,sw01utt/sw_0177_2759.utt,"[ {C and, } + {C and } ] you have to seal  the bottle yourself and label it yourself and,",150,"(S (EDITED (RM (-DFL- \[)) (CC and) (, ,) (IP (-DFL- \+))) (CC and) (RS (-DFL- \])) (NP-SBJ-1 (PRP you)) (VP (VBP have) (S (NP-SBJ (-NONE- *-1)) (VP (TO to) (VP (VP (VB seal) (NP (DT the) (NN bottle)) (NP-ADV (PRP yourself))) (CC and) (VP (VB label) (NP (PRP it)) (NP-ADV (PRP yourself))) (CC and) (, ,) (NP-ETC (NP (DT all)) (PP (IN of) (NP (DT that)))))))) (. .) (-DFL- E_S))",94
b,A,2759,300.67,[ Uh-huh/UH ] ./.,2/sw2759,219,300.49,1,sw01utt/sw_0177_2759.utt,Uh-huh. /,151,(INTJ (UH Uh-huh) (. .) (-DFL- E_S)),95
+,B,2759,301.74,[ all/DT ] of/IN  [ that/DT ] ./.,2/sw2759,217,301.16,1,sw01utt/sw_0177_2759.utt,all of that.  /,152,"(S (EDITED (RM (-DFL- \[)) (CC and) (, ,) (IP (-DFL- \+))) (CC and) (RS (-DFL- \])) (NP-SBJ-1 (PRP you)) (VP (VBP have) (S (NP-SBJ (-NONE- *-1)) (VP (TO to) (VP (VP (VB seal) (NP (DT the) (NN bottle)) (NP-ADV (PRP yourself))) (CC and) (VP (VB label) (NP (PRP it)) (NP-ADV (PRP yourself))) (CC and) (, ,) (NP-ETC (NP (DT all)) (PP (IN of) (NP (DT that)))))))) (. .) (-DFL- E_S))",96
sd,B,2759,305.86,"So/IN that/IN  [ they/PRP ] 're/VBP sure/JJ that/IN  [ you/PRP ] have/VBP n't/RB borrowed/VBN  [ anybody/NN ] 's/POS ,/,  [ I/PRP ] guess/VBP ,/, or/CC  [ something/NN ] ./.",2/sw2759,221,301.74,2,sw01utt/sw_0177_2759.utt,"So that they're sure that  you haven't borrowed anybody's, I guess, or something. /",153,"(SBAR (IN So) (IN that) (S (NP-SBJ (PRP they)) (VP (VBP 're) (ADJP-PRD (JJ sure) (SBAR (IN that) (S (NP-SBJ (PRP you)) (VP (VBP have) (RB n't) (VP (VP (VBN borrowed) (NP (NN anybody) (POS 's))) (PRN (, ,) (S (NP-SBJ (PRP I)) (VP (VBP guess))) (, ,)) (CC or) (NP-ETC (NN something))))))))) (. .) (-DFL- E_S))",96
sd,A,2759,306.53,"Well/UH ,/, that/DT happens/VBZ ./.",2/sw2759,223,305.87,1,sw01utt/sw_0177_2759.utt,"{D Well, } that happens. /",154,"(S (INTJ (UH Well)) (, ,) (NP-SBJ (DT that)) (VP (VBZ happens)) (. .) (-DFL- E_S))",97
aa,B,2759,306.88,Yeah/UH ./.,2/sw2759,225,306.56,1,sw01utt/sw_0177_2759.utt,Yeah.  /,155,(INTJ (UH Yeah) (. .) (-DFL- E_S)),98
sd,B,2759,307.09999999999997,"[ I/PRP ] know/VBP ,/,",2/sw2759,226,306.88,2,sw01utt/sw_0177_2759.utt,"I know, /",156,"(S (NP-SBJ (PRP I)) (VP (VBP know)) (, ,) (-DFL- E_S))",98
x,A,2759,0.0,./.,2/sw2759.pos,,0.0,1,sw01utt/sw_0177_2759.utt,# <Laughter>.  #,157,,99
sv,B,2759,308.32,"[ I/PRP ca/MD ] ,/,  [ it/PRP ] 's/BES hard/JJ to/TO believe/VB ,/,",2/sw2759,229,307.1,1,sw01utt/sw_0177_2759.utt,"# [ I # ca-, + it's hard ] to believe, /",158,"(S (EDITED (RM (-DFL- \[)) (NP-SBJ (PRP I)) (X (MD ca-)) (, ,) (IP (-DFL- \+))) (NP-SBJ (PRP it)) (VP (BES 's) (ADJP-PRD (JJ hard) (RS (-DFL- \])) (SBAR (WHNP-1 (-NONE- 0)) (S (NP-SBJ (-NONE- *)) (VP (TO to) (VP (VB believe) (NP (-NONE- *T*-1)))))))) (, ,) (-DFL- E_S))",100
sd,A,2759,308.85,[ It/PRP ] happens/VBZ  [ a/DT lot/NN ] ./.,2/sw2759,231,308.33,1,sw01utt/sw_0177_2759.utt,It happens a lot. /,159,(S (NP-SBJ (PRP It)) (VP (VBZ happens) (NP-ADV (DT a) (NN lot))) (. .) (-DFL- E_S)),101
sv,B,2759,309.94,but/CC  [ I/PRP ] guess/VBP  [ it/PRP ] does/VBZ ./.,2/sw2759,233,308.84,1,sw01utt/sw_0177_2759.utt,{C but } I guess it does <laughter>. /,160,(S (CC but) (NP-SBJ (PRP I)) (VP (VBP guess) (SBAR (-NONE- 0) (S (NP-SBJ (PRP it)) (VP (VBZ does))))) (. .) (-DFL- E_S)),102
sd,A,2759,313.31,"There/EX ,/,  [ there/EX ] are/VBP  [ people/NNS ] [ that/WDT n-/XX ] ,/, pay/VBP  [ other/JJ people/NNS ] to/TO ,/,",2/sw2759,235,310.61,1,sw01utt/sw_0177_2759.utt,"[ There, + there ] are people that  [ n-, + ] pay other people [ to + <laughter>,",161,"(S (EDITED (RM (-DFL- \[)) (NP-SBJ (EX There)) (, ,) (IP (-DFL- \+))) (NP-SBJ (EX there)) (RS (-DFL- \])) (VP (VBP are) (NP-PRD (NP (NNS people)) (SBAR (WHNP-1 (WDT that)) (S (NP-SBJ (-NONE- *T*-1)) (EDITED (RM (-DFL- \[)) (X (XX n-)) (, ,) (IP (-DFL- \+)) (RS (-DFL- \]))) (VP (VBP pay) (NP-2 (JJ other) (NNS people)) (S-PRP (NP-SBJ (-NONE- *-2)) (EDITED (RM (-DFL- \[)) (VP (TO to)) (IP (-DFL- \+))) (, ,) (VP (TO to) (RS (-DFL- \])) (VP (VB help) (NP (PRP them)) (PRT (RP out)))))))))) (. .) (-DFL- E_S))",103
aa,B,2759,314.09999999999997,[ I/PRP ] know/VBP ./.,2/sw2759,237,313.62,1,sw01utt/sw_0177_2759.utt,# I know.  /,162,(S (NP-SBJ (PRP I)) (VP (VBP know)) (. .) (-DFL- E_S)),104
sd,B,2759,314.74,"[ I/PRP ] 'm/VBP amazed/JJ ,/,",2/sw2759,238,314.1,2,sw01utt/sw_0177_2759.utt,"I'm amazed, #",163,"(S (NP-SBJ (PRP I)) (VP (VBP 'm) (ADJP-PRD (JJ amazed) (, ,) (PP (IN at) (NP (NP (DT the) (NNS things)) (SBAR (WHNP-1 (-NONE- 0)) (S (NP-SBJ (NNS people)) (, ,) (VP (MD will) (VP (VB do) (NP (-NONE- *T*-1)))))))))) (. .) (-DFL- E_S))",104
+,A,2759,0.0,to/TO help/VB  [ them/PRP ] out/RP ./.,2/sw2759,235,0.0,1,sw01utt/sw_0177_2759.utt,# to  ] help them out.  # /,164,"(S (EDITED (RM (-DFL- \[)) (NP-SBJ (EX There)) (, ,) (IP (-DFL- \+))) (NP-SBJ (EX there)) (RS (-DFL- \])) (VP (VBP are) (NP-PRD (NP (NNS people)) (SBAR (WHNP-1 (WDT that)) (S (NP-SBJ (-NONE- *T*-1)) (EDITED (RM (-DFL- \[)) (X (XX n-)) (, ,) (IP (-DFL- \+)) (RS (-DFL- \]))) (VP (VBP pay) (NP-2 (JJ other) (NNS people)) (S-PRP (NP-SBJ (-NONE- *-2)) (EDITED (RM (-DFL- \[)) (VP (TO to)) (IP (-DFL- \+))) (, ,) (VP (TO to) (RS (-DFL- \])) (VP (VB help) (NP (PRP them)) (PRT (RP out)))))))))) (. .) (-DFL- E_S))",105
+,B,2759,315.65999999999997,"at/IN  [ the/DT things/NNS people/NNS ] ,/,",2/sw2759,238,314.74,1,sw01utt/sw_0177_2759.utt,"at the things people,",165,"(S (NP-SBJ (PRP I)) (VP (VBP 'm) (ADJP-PRD (JJ amazed) (, ,) (PP (IN at) (NP (NP (DT the) (NNS things)) (SBAR (WHNP-1 (-NONE- 0)) (S (NP-SBJ (NNS people)) (, ,) (VP (MD will) (VP (VB do) (NP (-NONE- *T*-1)))))))))) (. .) (-DFL- E_S))",106
x,A,2759,0.0,./.,2/sw2759.pos,,0.0,1,sw01utt/sw_0177_2759.utt,<Throat_clearing>.,166,,107
+,B,2759,315.85999999999996,will/MD do/VB ./.,2/sw2759,238,315.66,1,sw01utt/sw_0177_2759.utt,will do. /,167,"(S (NP-SBJ (PRP I)) (VP (VBP 'm) (ADJP-PRD (JJ amazed) (, ,) (PP (IN at) (NP (NP (DT the) (NNS things)) (SBAR (WHNP-1 (-NONE- 0)) (S (NP-SBJ (NNS people)) (, ,) (VP (MD will) (VP (VB do) (NP (-NONE- *T*-1)))))))))) (. .) (-DFL- E_S))",108
b,A,2759,316.17,Yeah/UH ./.,2/sw2759,225,315.87,1,sw01utt/sw_0177_2759.utt,Yeah. /,168,(INTJ (UH Yeah) (. .) (-DFL- E_S)),109
sv,B,2759,318.43,[ It/PRP ] is/VBZ amazing/JJ ./.,2/sw2759,246,317.65,1,sw01utt/sw_0177_2759.utt,It is amazing.  /,169,(S (NP-SBJ (PRP It)) (VP (VBZ is) (ADJP-PRD (JJ amazing))) (. .) (-DFL- E_S)),110
sd,B,2759,319.93,[ I/PRP ] guess/VBP  [ there/EX ] are/VBP  [ people/NNS ] [ that/WDT ] do/VBP  [ that/DT ] ./.,2/sw2759,247,318.43,2,sw01utt/sw_0177_2759.utt,I guess there are  people that do that.  /,170,(S (NP-SBJ (PRP I)) (VP (VBP guess) (SBAR (-NONE- 0) (S (NP-SBJ (EX there)) (VP (VBP are) (NP-PRD (NP (NNS people)) (SBAR (WHNP-1 (WDT that)) (S (NP-SBJ (-NONE- *T*-1)) (VP (VBP do) (NP (DT that)))))))))) (. .) (-DFL- E_S)),110
sv,B,2759,322.13,"And/CC  [ they/PRP ] are/VBP ,/,  [ those/DT ] are/VBP  [ expensive/JJ tests/NNS ] ./.",2/sw2759,248,320.29,3,sw01utt/sw_0177_2759.utt,"{C And } [ they are, + those are ] expensive tests. /",171,"(S (CC And) (EDITED (RM (-DFL- \[)) (S (NP-SBJ (PRP they)) (VP-UNF (VBP are))) (, ,) (IP (-DFL- \+))) (NP-SBJ (DT those)) (VP (VBP are) (RS (-DFL- \])) (NP-PRD (JJ expensive) (NNS tests))) (. .) (-DFL- E_S))",110
sd,B,2759,322.23,"[ I/PRP ] 'm/VBP ,/,",2/sw2759,249,322.13,4,sw01utt/sw_0177_2759.utt,"I'm,",172,"(S (NP-SBJ (PRP I)) (VP (VBP 'm) (, ,) (ADJP-PRD (JJ glad) (SBAR (-NONE- 0) (S (NP-SBJ-1 (PRP I)) (ADVP-TMP (RB never)) (VP (VBD had) (S (NP-SBJ (-NONE- *-1)) (VP (TO to) (VP (VB pay) (PP (IN for) (NP (CD one))))))))))) (. .) (-DFL- E_S))",110
b,A,2759,322.32,Yeah/UH ./.,2/sw2759,244,322.24,1,sw01utt/sw_0177_2759.utt,# Yeah.   # /,173,(INTJ (UH Yeah) (. .) (-DFL- E_S)),111
+,B,2759,,[ glad/JJ I/PRP ] never/RB had/VBD to/TO pay/VB for/IN  [ one/CD ] ./.,2/sw2759,249,,1,sw01utt/sw_0177_2759.utt,# glad # I never had to pay for one. /,174,"(S (NP-SBJ (PRP I)) (VP (VBP 'm) (, ,) (ADJP-PRD (JJ glad) (SBAR (-NONE- 0) (S (NP-SBJ-1 (PRP I)) (ADVP-TMP (RB never)) (VP (VBD had) (S (NP-SBJ (-NONE- *-1)) (VP (TO to) (VP (VB pay) (PP (IN for) (NP (CD one))))))))))) (. .) (-DFL- E_S))",112
b,A,2759,,Yeah/UH ./.,2/sw2759,244,,1,sw01utt/sw_0177_2759.utt,Yeah.  /,175,(INTJ (UH Yeah) (. .) (-DFL- E_S)),113
sd,A,2759,,"[ It/PRP ] depends/VBZ  [ r-/RB ] ,/,  [ r-/RB ] ,/, really/RB on/IN how/WRB ,/, how/WRB  [ strong/JJ a/DT test/NN ] [ it/PRP ] is/VBZ ./.",2/sw2759,255,,2,sw01utt/sw_0177_2759.utt,"It depends [ [ r-, +  r-, ] +  really ]  on [ how, + how ] strong a test it is.  /",176,"(S (NP-SBJ (PRP It)) (VP (VBZ depends) (EDITED (RM (-DFL- \[)) (EDITED (RM (-DFL- \[)) (X (RB r-)) (, ,) (IP (-DFL- \+))) (X (RB r-)) (, ,) (RS (-DFL- \])) (IP (-DFL- \+))) (ADVP (RB really)) (RS (-DFL- \])) (PP (IN on) (SBAR-NOM (EDITED (RM (-DFL- \[)) (WHNP-UNF (WRB how)) (, ,) (IP (-DFL- \+))) (WHNP-1 (WRB how) (RS (-DFL- \])) (JJ strong) (DT a) (NN test)) (S (NP-SBJ (PRP it)) (VP (VBZ is) (NP-PRD (-NONE- *T*-1))))))) (. .) (-DFL- E_S))",113
sd,A,2759,,"[ They/PRP ] 've/VBP got/VBN  [ different/JJ degrees/NNS ] ,/,",2/sw2759,256,,3,sw01utt/sw_0177_2759.utt,"They've got different degrees,",177,"(S (NP-SBJ (PRP They)) (VP (VBP 've) (VP (VBN got) (NP (JJ different) (NNS degrees)) (, ,) (ADVP (ADVP (RB as) (RB far)) (EDITED (RM (-DFL- \[)) (PP-UNF (IN as)) (, ,) (IP (-DFL- \+))) (PP (IN as) (RS (-DFL- \])) (SBAR-NOM (WHADVP-1 (WRB how) (RB far) (RB back)) (S (NP-SBJ (PRP they)) (VP (MD can) (VP (VB check) (ADVP-TMP (-NONE- *T*-1)))))))))) (. .) (-DFL- E_S))",113
aa,B,2759,,Yeah/UH ./.,2/sw2759,244,,1,sw01utt/sw_0177_2759.utt,# Yeah.  /,178,(INTJ (UH Yeah) (. .) (-DFL- E_S)),114
sv,B,2759,,[ I/PRP ] guess/VBP so/RB ./.,2/sw2759,259,,2,sw01utt/sw_0177_2759.utt,I guess so. # /,179,(S (NP-SBJ (PRP I)) (VP (VBP guess) (ADVP (RB so))) (. .) (-DFL- E_S)),114
+,A,2759,,"as/RB far/RB as/IN ,/, as/IN how/WRB far/RB back/RB  [ they/PRP ] can/MD check/VB ./.",2/sw2759,256,,1,sw01utt/sw_0177_2759.utt,"# as far [ as, +  as # ]  how far back they can check.  /",180,"(S (NP-SBJ (PRP They)) (VP (VBP 've) (VP (VBN got) (NP (JJ different) (NNS degrees)) (, ,) (ADVP (ADVP (RB as) (RB far)) (EDITED (RM (-DFL- \[)) (PP-UNF (IN as)) (, ,) (IP (-DFL- \+))) (PP (IN as) (RS (-DFL- \])) (SBAR-NOM (WHADVP-1 (WRB how) (RB far) (RB back)) (S (NP-SBJ (PRP they)) (VP (MD can) (VP (VB check) (ADVP-TMP (-NONE- *T*-1)))))))))) (. .) (-DFL- E_S))",115
sd,A,2759,,[ They/PRP ] got/VBD  [ some/DT unusual/JJ things/NNS ] besides/IN  [ blood/NN ] and/CC  [ urine/NN tests/NNS ] ./.,2/sw2759,261,,2,sw01utt/sw_0177_2759.utt,They got some unusual things besides blood and urine tests.  /,181,(S (NP-SBJ (PRP They)) (VP (VBD got) (NP (NP (DT some) (JJ unusual) (NNS things)) (PP (IN besides) (NP (NN blood) (CC and) (NN urine) (NNS tests))))) (. .) (-DFL- E_S)),115
sd,A,2759,,"[ They/PRP ] 've/VBP MUMBLEx/XX  [ some/DT companies/NNS ] [ that/WDT ] are/VBP doing/VBG ,/,  [ uh/UH ] ,/,  [ hair/NN tests/NNS ] ./.",2/sw2759,262,,3,sw01utt/sw_0177_2759.utt,"They've  ((   ))  some companies that are doing, {F uh, } hair tests. /",182,"(S (NP-SBJ (PRP They)) (VP (VBP 've) (X (XX MUMBLEx)) (NP (NP (DT some) (NNS companies)) (SBAR (WHNP-1 (WDT that)) (S (NP-SBJ (-NONE- *T*-1)) (VP (VBP are) (VP (VBG doing) (, ,) (INTJ (UH uh)) (, ,) (NP (NN hair) (NNS tests)))))))) (. .) (-DFL- E_S))",115
bh,B,2759,,"Oh/UH ,/, really/UH ?/.",2/sw2759,264,,1,sw01utt/sw_0177_2759.utt,"{F Oh, } really? /",183,"(INTJ (INTJ (UH Oh)) (, ,) (INTJ (UH really)) (. ?) (-DFL- E_S))",116
ny,A,2759,,Yeah/UH ./.,2/sw2759,244,,1,sw01utt/sw_0177_2759.utt,Yeah.  /,184,(INTJ (UH Yeah) (. .) (-DFL- E_S)),117
%,A,2759,,"Well/UH ,/, that/IN ,/,",2/sw2759,267,,2,sw01utt/sw_0177_2759.utt,"{D Well, } that, - /",185,"(S-UNF (INTJ (UH Well)) (, ,) (NP-SBJ (IN that)) (, ,) (-DFL- N_S))",117
sd,A,2759,,[ they/PRP ] 'll/MD pull/VB out/RB  [ one/CD ] of/IN  [ your/PRP$ hairs/NNS ],2/sw2759,268,,3,sw01utt/sw_0177_2759.utt,they'll pull out one of your hairs  /,186,(S (NP-SBJ (PRP they)) (VP (MD 'll) (VP (VB pull) (ADVP-DIR (RB out)) (NP (NP (CD one)) (PP (IN of) (NP (PRP$ your) (NNS hairs)))))) (-DFL- E_S)),117
sd,A,2759,,"and/CC  [ they/PRP ] can/MD apparently/RB test/VB ,/, um/UH ,/, back/RB  [ a/DT certain/JJ period/NN ] of/IN  [ time/NN ] ./.",2/sw2759,269,,4,sw01utt/sw_0177_2759.utt,"{C and } they can apparently test, {F um, } <noise> back a certain period of time.",187,"(S (CC and) (NP-SBJ (PRP they)) (VP (MD can) (ADVP (RB apparently)) (VP (VB test) (, ,) (INTJ (UH um)) (, ,) (ADVP (RB back)) (NP (NP (DT a) (JJ certain) (NN period)) (PP (IN of) (NP (NN time)))) (. .) (SBAR-PRP (IN Because) (S (X (XX MUMBLEx)) (NP-SBJ (NP (DT some)) (PP (IN of) (EDITED (RM (-DFL- \[)) (NP-UNF (DT the)) (, ,) (IP (-DFL- \+))) (NP (DT the) (RS (-DFL- \])) (NN residue)))) (VP (VBZ ends) (PRT (RP up)) (PP-LOC (IN in) (NP (PRP$ your) (NN hair) (NNS follicles)))))) (PRN (, ,) (S (NP-SBJ (PRP you)) (VP (VBP know)))))) (, ,) (-DFL- E_S))",117
ba,B,2759,,How/WRB  [ weird/JJ ] ./.,2/sw2759,271,,1,sw01utt/sw_0177_2759.utt,How weird.  /,188,(WHADVP (WRB How) (JJ weird) (. .) (-DFL- E_S)),118
sd,B,2759,,[ I/PRP ] did/VBD n't/RB know/VB  [ that/DT ] ./.,2/sw2759,272,,2,sw01utt/sw_0177_2759.utt,I didn't <noise>  know that. /,189,(S (NP-SBJ (PRP I)) (VP (VBD did) (RB n't) (VP (VB know) (NP (DT that)))) (. .) (-DFL- E_S)),118
+,A,2759,,"Because/IN  [ MUMBLEx/XX ] [ some/DT ] of/IN  [ the/DT ] ,/,  [ the/DT residue/NN ] ends/VBZ up/RP in/IN  [ your/PRP$ hair/NN follicles/NNS ] ,/,  [ you/PRP ] know/VBP ,/,",2/sw2759,269,,1,sw01utt/sw_0177_2759.utt,"Because  ((   ))  some of [ the, + the ]  residue ends up in your hair follicles, {D you know, }  /",190,"(S (CC and) (NP-SBJ (PRP they)) (VP (MD can) (ADVP (RB apparently)) (VP (VB test) (, ,) (INTJ (UH um)) (, ,) (ADVP (RB back)) (NP (NP (DT a) (JJ certain) (NN period)) (PP (IN of) (NP (NN time)))) (. .) (SBAR-PRP (IN Because) (S (X (XX MUMBLEx)) (NP-SBJ (NP (DT some)) (PP (IN of) (EDITED (RM (-DFL- \[)) (NP-UNF (DT the)) (, ,) (IP (-DFL- \+))) (NP (DT the) (RS (-DFL- \])) (NN residue)))) (VP (VBZ ends) (PRT (RP up)) (PP-LOC (IN in) (NP (PRP$ your) (NN hair) (NNS follicles)))))) (PRN (, ,) (S (NP-SBJ (PRP you)) (VP (VBP know)))))) (, ,) (-DFL- E_S))",119
%,A,2759,,"[ it/PRP ] 's/BES  [ kind/RB ] of/RB ,/,",2/sw2759,274,,2,sw01utt/sw_0177_2759.utt,"it's kind of, -/",191,"(S (NP-SBJ (PRP it)) (VP-UNF (BES 's) (ADVP (RB kind) (RB of))) (, ,) (-DFL- N_S))",119
ba,B,2759,,"Oh/UH ,/,  [ that/DT ] 's/BES weird/JJ ./.",2/sw2759,276,,1,sw01utt/sw_0177_2759.utt,"{F Oh, } that's weird. /",192,"(S (INTJ (UH Oh)) (, ,) (NP-SBJ (DT that)) (VP (BES 's) (ADJP-PRD (JJ weird))) (. .) (-DFL- E_S))",120
sd,A,2759,,"[ Hair/NN follicles/NNS ] ,/,  [ I/PRP ] guess/VBP ,/, are/VBP just/RB  [ dead/JJ protein/NN ]",2/sw2759,278,,1,sw01utt/sw_0177_2759.utt,"Hair follicles, I guess, are just dead protein  /",193,"(S (NP-SBJ (NN Hair) (NNS follicles)) (PRN (, ,) (S (NP-SBJ (PRP I)) (VP (VBP guess))) (, ,)) (VP (VBP are) (ADVP (RB just)) (NP-PRD (JJ dead) (NN protein))) (-DFL- E_S))",121
%,A,2759,,"and/CC  [ they/PRP ] ,/,",2/sw2759,279,,2,sw01utt/sw_0177_2759.utt,"{C and } they, -/",194,"(S-UNF (CC and) (NP-SBJ (PRP they)) (, ,) (-DFL- N_S))",121
b,B,2759,,Yeah/UH ./.,2/sw2759,251,,1,sw01utt/sw_0177_2759.utt,Yeah. /,195,(INTJ (UH Yeah) (. .) (-DFL- E_S)),122
sd,A,2759,,"And/CC  [ it/PRP ] ,/,  [ it/PRP ] 's/BES apparently/RB  [ al-/RB ] ,/, almost/RB like/IN  [ a/DT ] ,/,  [ a/DT calendar/NN ] ./.",2/sw2759,283,,1,sw01utt/sw_0177_2759.utt,"<Breathing>  {C And } [ it, +  it's ] apparently [ al-, +  almost ] like [ a, + a ] calendar.  /",196,"(S (CC And) (EDITED (RM (-DFL- \[)) (NP-SBJ (PRP it)) (, ,) (IP (-DFL- \+))) (NP-SBJ (PRP it)) (VP (BES 's) (RS (-DFL- \])) (ADVP (RB apparently)) (EDITED (RM (-DFL- \[)) (X (RB al-)) (, ,) (IP (-DFL- \+))) (ADVP (RB almost)) (RS (-DFL- \])) (PP-PRD (IN like) (EDITED (RM (-DFL- \[)) (NP-UNF (DT a)) (, ,) (IP (-DFL- \+))) (NP (DT a) (RS (-DFL- \])) (NN calendar)))) (. .) (-DFL- E_S))",123
sd,A,2759,,"[ They/PRP ] ,/,  [ they/PRP ] 've/VBP got/VBN  [ it/PRP ] pretty/RB precise/JJ now/RB ./.",2/sw2759,284,,2,sw01utt/sw_0177_2759.utt,"[ They, +  they've ] got it pretty precise now. /",197,"(S (EDITED (RM (-DFL- \[)) (NP-SBJ (PRP They)) (, ,) (IP (-DFL- \+))) (NP-SBJ (PRP they)) (VP (VBP 've) (RS (-DFL- \])) (VP (VBN got) (S (NP-SBJ (PRP it)) (ADJP-PRD (RB pretty) (JJ precise)) (ADVP-TMP (RB now))))) (. .) (-DFL- E_S))",123
sd,A,2759,,"[ They/PRP ] can/MD go/VB back/RB and/CC look/VB at/IN ,/, in/IN  [ terms/NNS ] of/IN  [ growth/NN ] in/IN  [ a/DT ] ,/, in/IN  [ a/DT hair/NN ] ,/, when/WRB  [ you/PRP ] used/VBD and/CC ,/, and/CC  [ that/DT type/NN ] of/IN  [ thing/NN ] ./.",2/sw2759,285,,3,sw01utt/sw_0177_2759.utt,"They can go back and look at, in terms of growth [ in a, + in a ] hair, when you used  [ and, + and ] that type of thing. /",198,"(S (NP-SBJ (PRP They)) (VP (MD can) (VP (VB go) (ADVP (RB back))) (CC and) (VP (VB look) (PP (IN at) (NP (-NONE- *ICH*-1))) (, ,) (PP (IN in) (NP (NP (NNS terms)) (PP (IN of) (NP (NP (NN growth)) (EDITED (RM (-DFL- \[)) (PP-LOC (IN in) (NP-UNF (DT a))) (, ,) (IP (-DFL- \+))) (PP-LOC (IN in) (NP (DT a) (RS (-DFL- \])) (NN hair))))))) (, ,) (NP-1 (SBAR-NOM (WHADVP-2 (WRB when)) (S (NP-SBJ (PRP you)) (VP (VBD used) (ADVP-TMP (-NONE- *T*-2))))) (EDITED (RM (-DFL- \[)) (CC and) (, ,) (IP (-DFL- \+))) (CC and) (RS (-DFL- \])) (NP (NP (DT that) (NN type)) (PP (IN of) (NP (NN thing))))))) (. .) (-DFL- E_S))",123
ba,B,2759,,[ That/DT ] 's/BES wild/JJ ./.,2/sw2759,287,,1,sw01utt/sw_0177_2759.utt,That's wild. /,199,(S (NP-SBJ (DT That)) (VP (BES 's) (ADJP-PRD (JJ wild))) (. .) (-DFL- E_S)),124
%,A,2759,,"So/UH ,/,",2/sw2759,289,,1,sw01utt/sw_0177_2759.utt,"{D So } <<whispering>>, -/",200,"(INTJ (UH So) (, ,) (-DFL- N_S))",125
sv,B,2759,,[ It/PRP ] 's/BES amazing/JJ  [ the/DT things/NNS they/PRP ] can/MD find/VB out/RP from/IN  [ different/JJ things/NNS ] on/IN  [ your/PRP$ body/NN ] ./.,2/sw2759,291,,1,sw01utt/sw_0177_2759.utt,It's amazing the things <noise> they can find out from different things <noise> on your body. /,201,(S (NP-SBJ (PRP It)) (VP (BES 's) (ADJP-PRD (JJ amazing)) (NP-TPC (NP (DT the) (NNS things)) (SBAR (WHNP-1 (-NONE- 0)) (S (NP-SBJ (PRP they)) (VP (MD can) (VP (VB find) (NP (-NONE- *T*-1)) (PRT (RP out)) (PP (IN from) (NP (NP (JJ different) (NNS things)) (PP (IN on) (NP (PRP$ your) (NN body))))))))))) (. .) (-DFL- E_S)),126
aa,A,2759,,Yeah/UH ./.,2/sw2759,266,,1,sw01utt/sw_0177_2759.utt,Yeah <noise>.  /,202,(INTJ (UH Yeah) (. .) (-DFL- E_S)),127
sv,A,2759,,"So/RB ,/,  [ I/PRP ] guess/VBP if/IN  [ they/PRP ] perfect/VBP  [ that/DT MUMBLEx/XX ] is/VBZ not/RB quite/RB as/RB  cumbersome/JJ as/IN having/VBG to/TO go/VB fill/VB  [ a/DT bottle/NN ] or/CC --/:",2/sw2759,294,,2,sw01utt/sw_0177_2759.utt,"{C So, }  I guess  if they perfect that  ((   )) is not quite as cumbersome as having to go fill a bottle or --",203,"(S (RB So) (, ,) (NP-SBJ (PRP I)) (VP (VBP guess) (SBAR (-NONE- 0) (S (SBAR-ADV (IN if) (S (NP-SBJ (PRP they)) (VP-UNF (VBP perfect)))) (NP-SBJ (DT that)) (X (XX MUMBLEx)) (VP (VBZ is) (RB not) (ADVP (RB quite)) (ADJP-PRD (ADJP (RB as) (JJ cumbersome)) (PP (IN as) (S-NOM (NP-SBJ-1 (-NONE- *)) (VP (VBG having) (S (NP-SBJ-2 (-NONE- *-1)) (VP (TO to) (VP (VB go) (S (NP-SBJ (-NONE- *-2)) (VP (VP (VB fill) (NP (DT a) (NN bottle))) (CC or) (VP (VB give) (NP (NN blood))) (CC or) (NP-ETC (NP (NN something)) (PP (IN like) (NP (DT that))))))))))))))))) (. .) (-DFL- E_S))",127
aa,B,2759,,Yeah/UH ./.,2/sw2759,266,,1,sw01utt/sw_0177_2759.utt,Yeah.  /,204,(INTJ (UH Yeah) (. .) (-DFL- E_S)),128
aa,B,2759,,[ That/DT ] 's/BES true/JJ ./.,2/sw2759,297,,2,sw01utt/sw_0177_2759.utt,That's true <laughter>. /,205,(S (NP-SBJ (DT That)) (VP (BES 's) (ADJP-PRD (JJ true))) (. .) (-DFL- E_S)),128
+,A,2759,,--/: give/VB  [ blood/NN ] or/CC  [ something/NN ] like/IN  [ that/DT ] ./.,2/sw2759,294,,1,sw01utt/sw_0177_2759.utt,-- give blood or something like that. /,206,"(S (RB So) (, ,) (NP-SBJ (PRP I)) (VP (VBP guess) (SBAR (-NONE- 0) (S (SBAR-ADV (IN if) (S (NP-SBJ (PRP they)) (VP-UNF (VBP perfect)))) (NP-SBJ (DT that)) (X (XX MUMBLEx)) (VP (VBZ is) (RB not) (ADVP (RB quite)) (ADJP-PRD (ADJP (RB as) (JJ cumbersome)) (PP (IN as) (S-NOM (NP-SBJ-1 (-NONE- *)) (VP (VBG having) (S (NP-SBJ-2 (-NONE- *-1)) (VP (TO to) (VP (VB go) (S (NP-SBJ (-NONE- *-2)) (VP (VP (VB fill) (NP (DT a) (NN bottle))) (CC or) (VP (VB give) (NP (NN blood))) (CC or) (NP-ETC (NP (NN something)) (PP (IN like) (NP (DT that))))))))))))))))) (. .) (-DFL- E_S))",129
aa,B,2759,,[ That/DT ] 's/BES true/JJ ./.,2/sw2759,297,,1,sw01utt/sw_0177_2759.utt,<Laughter>  That's true.  /,207,(S (NP-SBJ (DT That)) (VP (BES 's) (ADJP-PRD (JJ true))) (. .) (-DFL- E_S)),130
sd,B,2759,,[ I/PRP ] 'm/VBP glad/JJ  [ I/PRP ] never/RB had/VBD to/TO do/VB  [ it/PRP ] by/IN  [ giving/VBG blood/NN ] ./.,2/sw2759,301,,2,sw01utt/sw_0177_2759.utt,I'm glad I never had to do it by giving blood.  /,208,(S (NP-SBJ (PRP I)) (VP (VBP 'm) (ADJP-PRD (JJ glad) (SBAR (-NONE- 0) (S (NP-SBJ-1 (PRP I)) (ADVP-TMP (RB never)) (VP (VBD had) (S (NP-SBJ-2 (-NONE- *-1)) (VP (TO to) (VP (VB do) (NP (PRP it)) (PP (IN by) (S-NOM (NP-SBJ (-NONE- *-2)) (VP (VBG giving) (NP (NN blood))))))))))))) (. .) (-DFL- E_S)),130
sd,B,2759,,[ I/PRP ] ca/MD n't/RB stand/VB  [ the/DT thought/NN ] of/IN  [ giving/VBG blood/NN ] ./.,2/sw2759,302,,3,sw01utt/sw_0177_2759.utt,<noise>  I can't stand the thought of giving blood. /,209,(S (NP-SBJ (PRP I)) (VP (MD ca) (RB n't) (VP (VB stand) (NP (NP (DT the) (NN thought)) (PP (IN of) (S-NOM (NP-SBJ (-NONE- *)) (VP (VBG giving) (NP (NN blood)))))))) (. .) (-DFL- E_S)),130
b,A,2759,,[ Uh-huh/UH ] ./.,2/sw2759,304,,1,sw01utt/sw_0177_2759.utt,Uh-huh. /,210,(INTJ (UH Uh-huh) (. .) (-DFL- E_S)),131
sd,B,2759,,"[ I/PRP ] ca/MD n't/RB even/RB do/VB  [ it/PRP ] for/IN  [ Wadley/NNP ] ,/, even/RB though/IN  [ it/PRP ] 's/BES  [ a/DT good/JJ cause/NN ] ./.",2/sw2759,306,,1,sw01utt/sw_0177_2759.utt,"I can't even do it for Wadley,  even though it's a good cause <laughter>. /",211,"(S (NP-SBJ (PRP I)) (VP (MD ca) (RB n't) (ADVP (RB even)) (VP (VB do) (NP (PRP it)) (PP (IN for) (NP (NNP Wadley))) (, ,) (SBAR (ADVP (RB even)) (IN though) (S (NP-SBJ (PRP it)) (VP (BES 's) (NP-PRD (DT a) (JJ good) (NN cause))))))) (. .) (-DFL- E_S))",132
b,A,2759,,Yeah/UH ./.,2/sw2759,281,,1,sw01utt/sw_0177_2759.utt,Yeah. /,212,(INTJ (UH Yeah) (. .) (-DFL- E_S)),133
fc,B,2759,,"Well/UH ,/,  [ I/PRP ] enjoyed/VBD talking/VBG to/IN  [ you/PRP ] ./.",2/sw2759,310,,1,sw01utt/sw_0177_2759.utt,"<<Pause>> {D Well, } I enjoyed talking to you. /",213,"(S (INTJ (UH Well)) (, ,) (NP-SBJ-1 (PRP I)) (VP (VBD enjoyed) (S (NP-SBJ (-NONE- *-1)) (VP (VBG talking) (PP (IN to) (NP (PRP you)))))) (. .) (-DFL- E_S))",134
fc,A,2759,,"Well/UH ,/,  [ I/PRP ] did/VBD ,/, too/RB ./.",2/sw2759,312,,1,sw01utt/sw_0177_2759.utt,"{D Well, } I did, too. /",214,"(S (INTJ (UH Well)) (, ,) (NP-SBJ (PRP I)) (VP (VBD did) (, ,) (ADVP (RB too))) (. .) (-DFL- E_S))",135
ft,B,2759,,Thank/VBP  [ you/PRP ] ./.,2/sw2759,314,,1,sw01utt/sw_0177_2759.utt,Thank you. /,215,(S (NP-SBJ (-NONE- *)) (VP (VBP Thank) (NP (PRP you))) (. .) (-DFL- E_S)),136
fc,A,2759,,[ Uh-huh/UH ] ./.,2/sw2759,304,,1,sw01utt/sw_0177_2759.utt,Uh-huh. /,216,(INTJ (UH Uh-huh) (. .) (-DFL- E_S)),137
fc,B,2759,,[ Bye-bye/UH ] ./.,2/sw2759,318,,1,sw01utt/sw_0177_2759.utt,Bye-bye. /,217,(INTJ (UH Bye-bye) (. .) (-DFL- E_S)),138
fc,A,2759,,[ Bye-bye/UH ] ./.,2/sw2759,318,,1,sw01utt/sw_0177_2759.utt,Bye-bye. /,218,(INTJ (UH Bye-bye) (. .) (-DFL- E_S)),139
