act_tag,caller,conversation_no,end_ts,pos,ptb_basename,ptb_treenumbers,start_ts,subutterance_index,swda_filename,text,transcript_index,trees,utterance_index
o,A,2726,1.6,"Okay/UH ,/,",2/sw2726,,1.22,1,sw07utt/sw_0749_2726.utt,"Okay,  /",0,,1
%,A,2726,1.86,"yeah/UH ,/,",2/sw2726,,1.6,2,sw07utt/sw_0749_2726.utt,"yeah,  /",1,,1
sd,A,2726,2.96,I/PRP 'm/VBP originally/RB from/IN New/NNP York/NNP,2/sw2726,,1.86,3,sw07utt/sw_0749_2726.utt,I'm originally from New York  /,2,,1
sd,A,2726,4.44,and/CC I/PRP go/VBP visit/VB a/DT lot/NN,2/sw2726,,3.0,4,sw07utt/sw_0749_2726.utt,{C and } I go visit a lot  /,3,,1
sv,A,2726,8.87,"and/CC their/PRP$ real/JJ estate/NN up/IN there/RB is/VBZ ,/, I/PRP mean/VBP ridiculous/JJ ,/, absolutely/RB ridiculous/JJ ./.",2/sw2726,,4.44,5,sw07utt/sw_0749_2726.utt,"{C and } their real estate up there is, {E I mean } ridiculous, absolutely ridiculous. /",4,,1
b,B,2726,0.0,Oh/UH ./.,2/sw2726,,0.0,1,sw07utt/sw_0749_2726.utt,# Oh.  # /,5,,2
sd,A,2726,10.59,"An/DT apartment/NN here/RB ,/,",2/sw2726,,9.39,1,sw07utt/sw_0749_2726.utt,"# An # apartment here, - /",6,,3
sd,A,2726,12.27,like/IN I/PRP live/VBP in/IN an/DT apartment/NN,2/sw2726,,11.03,2,sw07utt/sw_0749_2726.utt,{D like } I live in an apartment  /,7,,3
sd,A,2726,14.57,and/CC my/PRP$ apartment/NN is/VBZ three/CD fifteen/CD a/DT month/NN,2/sw2726,,12.27,3,sw07utt/sw_0749_2726.utt,{C and } my apartment is three fifteen a month  /,8,,3
sd,A,2726,15.61,"and/CC it/PRP 's/BES just/RB the/DT one/CD ,/,",2/sw2726,,14.57,4,sw07utt/sw_0749_2726.utt,"{C and } [ it's just the one, +",9,,3
qw,B,2726,0.0,And/CC how/WRB big/JJ is/VBZ it/PRP ?/.,2/sw2726,,0.0,1,sw07utt/sw_0749_2726.utt,# {C And } how big is it? # /,10,,4
+,A,2726,16.53,it/PRP 's/BES a/DT one/CD bedroom/NN ./.,2/sw2726,,15.61,1,sw07utt/sw_0749_2726.utt,# it's a one ] bedroom.  /,11,,5
sv,A,2726,18.35,Which/WDT is/VBZ still/JJ kind/RB of/RB expensive/JJ,2/sw2726,,16.99,2,sw07utt/sw_0749_2726.utt,Which # is still kind of expensive  /,12,,5
sd,A,2726,22.849999999999998,"but/CC I/PRP prefer/VBP to/TO live/VB in/IN ,/, uh/UH ,/, in/IN a/DT nice/JJ part/NN of/IN town/NN because/IN I/PRP feel/VBP safe/JJ here/RB ./.",2/sw2726,,18.49,3,sw07utt/sw_0749_2726.utt,"{C but } I prefer to live [ in, + {F uh, } in ] a nice part of  town because I feel safe here. /",13,,5
b,B,2726,23.07,Yeah/UH ./.,2/sw2726,,22.73,1,sw07utt/sw_0749_2726.utt,# Yeah. # /,14,,6
sd,A,2726,,"And/CC I/PRP ,/, I/PRP ,/, I/PRP pay/VBP more/JJR to/TO feel/VB safe/JJ ,/, you/PRP know/VBP ./.",2/sw2726,,,1,sw07utt/sw_0749_2726.utt,"# {C And } # [ [ I, + I, ] + I ]  pay more to feel safe, {D you know. } /",15,,7
b,B,2726,,"Right/UH ,/,",2/sw2726,,,1,sw07utt/sw_0749_2726.utt,"Right,  /",16,,8
qw,B,2726,,"well/UH wha/WP ,/, what/WP 's/BES included/VBN in/IN that/DT ?/.",2/sw2726,,,2,sw07utt/sw_0749_2726.utt,"{D well } [ wha-, + what's ] included in that? /",17,,8
br,A,2726,,You/PRP mean/VBP in/IN a/DT one/CD bedroom/NN ?/.,2/sw2726,,,1,sw07utt/sw_0749_2726.utt,You mean in a one bedroom? /,18,,9
qr,B,2726,,"Like/IN washer/NN ,/, dryer/NN or/CC ,/,",2/sw2726,,,1,sw07utt/sw_0749_2726.utt,"Like washer, dryer  or, -/",19,,10
sd,A,2726,,"Oh/UH ,/, nothing/NN ./.",2/sw2726,,,1,sw07utt/sw_0749_2726.utt,"{F Oh, } nothing. /",20,,11
b^m,B,2726,,Nothing/NN ./.,2/sw2726,,,1,sw07utt/sw_0749_2726.utt,Nothing. /,21,,12
aa,A,2726,,"Huh-uh/UH ,/,",2/sw2726,,,1,sw07utt/sw_0749_2726.utt,"Huh-uh,  /",22,,13
sd,A,2726,,"I/PRP mean/VBP just/RB nothing/NN ,/, no/DT microwave/NN ,/,",2/sw2726,,,2,sw07utt/sw_0749_2726.utt,"{E I mean } just nothing,  no microwave, - /",23,,13
sd,A,2726,,"we/PRP 've/VBP got/VBN ,/, I/PRP have/VBP ceiling/NN fan/NN ,/,",2/sw2726,,,3,sw07utt/sw_0749_2726.utt,"[ we've got, + I have ] ceiling fan, /",24,,13
ba,B,2726,,Wow/UH ./.,2/sw2726,,,1,sw07utt/sw_0749_2726.utt,# Wow.  # /,25,,14
sd,A,2726,,I/PRP guess/VBP that/DT 's/BES something/NN ./.,2/sw2726,,,1,sw07utt/sw_0749_2726.utt,# I # guess that's something. /,26,,15
b,B,2726,,Yeah/UH ./.,2/sw2726,,,1,sw07utt/sw_0749_2726.utt,# Yeah. # /,27,,16
"sd,o@",A,2726,,"It/PRP 's/BES real/RB cute/JJ it/PRP 's/HVS got/VBN a/DT little/JJ vaulted/JJ ceiling/NN and/CC mirrored/JJ ,/, uh/UH ,/, mirrored/JJ ,/, uh/UH ,/,",2/sw2726,,,1,sw07utt/sw_0749_2726.utt,"# It's # real cute it's got a little vaulted ceiling and [ mirrored, + {F uh, } mirrored, ] {F uh, } -/  *[[ 2 slash units? ]]",28,,17
qw,B,2726,,Which/WDT one/CD is/VBZ it/PRP ?/.,2/sw2726,,,1,sw07utt/sw_0749_2726.utt,Which one is it? /,29,,18
sd,A,2726,,"It/PRP 's/BES Wood/NNP ,/, uh/UH ,/,",2/sw2726,,,1,sw07utt/sw_0749_2726.utt,"It's Wood, {F uh, }  /",30,,19
sd,A,2726,,listen/VB to/IN me/PRP I/PRP ca/MD n't/RB even/RB think/VB of/IN the/DT name/NN of/IN my/PRP$ own/JJ apartment/NN ./.,2/sw2726,,,2,sw07utt/sw_0749_2726.utt,listen to me I can't even think of the name of my own apartment.  /,31,,19
sd,A,2726,,"Woodhollow/NNP ,/,",2/sw2726,,,3,sw07utt/sw_0749_2726.utt,"Woodhollow, -/",32,,19
qw,B,2726,,"Where/WRB is/VBZ tha-/DT ,/,",2/sw2726,,,1,sw07utt/sw_0749_2726.utt,"# Where is tha-, # -/",33,,20
sd,A,2726,,"right/RB next/RB to/IN Village/NNP Green/NNP ,/,",2/sw2726,,,1,sw07utt/sw_0749_2726.utt,"# right next to # Village Green,  /",34,,21
%,A,2726,,"it/PRP 's/BES on/IN ,/,",2/sw2726,,,2,sw07utt/sw_0749_2726.utt,"it's on, -/",35,,21
bk,B,2726,,"Oh/UH ,/, okay/UH ,/,",2/sw2726,,,1,sw07utt/sw_0749_2726.utt,"# {F Oh, } okay,  /",36,,22
bk^r,B,2726,,okay/UH ./.,2/sw2726,,,2,sw07utt/sw_0749_2726.utt,okay.  # /,37,,22
b,A,2726,,"yeah/UH ,/,",2/sw2726,,,1,sw07utt/sw_0749_2726.utt,"# yeah,  /",38,,23
sd,A,2726,,kind/RB of/RB far/RB north/JJ Waco/NNP ./.,2/sw2726,,,2,sw07utt/sw_0749_2726.utt,kind of # far north Waco. /,39,,23
b,B,2726,,"Yeah/UH ,/,",2/sw2726,,,1,sw07utt/sw_0749_2726.utt,"Yeah,  /",40,,24
sd,B,2726,,"I/PRP ,/, I/PRP used/VBD to/TO live/VB in/IN Waco/NNP",2/sw2726,,,2,sw07utt/sw_0749_2726.utt,"[ I, + I ] used to live in Waco  /",41,,24
%,B,2726,,"so/RB ,/,",2/sw2726,,,3,sw07utt/sw_0749_2726.utt,"{C so, } -/",42,,24
bk,A,2726,,"Oh/UH ,/, okay/UH ,/,",2/sw2726,,,1,sw07utt/sw_0749_2726.utt,"{F Oh, } okay,  /",43,,25
b,A,2726,,"yeah/UH ,/,",2/sw2726,,,2,sw07utt/sw_0749_2726.utt,"yeah,  /",44,,25
bf,A,2726,,"far/RB north/RB ,/, like/IN on/IN Lake/NNP Shore/NNP where/WRB all/PDT those/DT apartments/NNS are/VBP ,/,",2/sw2726,,,3,sw07utt/sw_0749_2726.utt,"far north, {D like } on Lake Shore where all those apartments are, /",45,,25
aa,B,2726,,"Yeah/UH ,/,",2/sw2726,,,1,sw07utt/sw_0749_2726.utt,"# Yeah,  /",46,,26
aa,B,2726,,"yes/UH ,/,",2/sw2726,,,2,sw07utt/sw_0749_2726.utt,"yes,  /",47,,26
aa^r,B,2726,,yeah/UH ./.,2/sw2726,,,3,sw07utt/sw_0749_2726.utt,yeah. # /,48,,26
sd,A,2726,,"it/PRP 's/BES right/RB up/IN there/RB ,/,",2/sw2726,,,1,sw07utt/sw_0749_2726.utt,"# it's right up # there,  /",49,,27
%,A,2726,,so/RB ./.,2/sw2726,,,2,sw07utt/sw_0749_2726.utt,{C so. } -/,50,,27
b,B,2726,,"Yeah/UH ,/,",2/sw2726,,,1,sw07utt/sw_0749_2726.utt,"Yeah,  /",51,,28
sd,B,2726,,"uh/UH ,/, we/PRP live/VBP in/IN a/DT house/NN here/RB ,/,",2/sw2726,,,2,sw07utt/sw_0749_2726.utt,"{F uh, } we live in a house here, /",52,,28
b,A,2726,,Uh-huh/UH ./.,2/sw2726,,,1,sw07utt/sw_0749_2726.utt,# Uh-huh. # /,53,,29
sd,B,2726,,"and/CC ,/, uh/UH ,/, it/PRP 's/BES a/DT three/CD bedroom/NN two/CD bath/NN ,/,",2/sw2726,,,1,sw07utt/sw_0749_2726.utt,"# {C and, } # {F uh, } it's a three bedroom two bath, /",54,,30
b,A,2726,,Uh-huh/UH ./.,2/sw2726,,,1,sw07utt/sw_0749_2726.utt,# Uh-huh. # /,55,,31
h,B,2726,,"and/CC ,/, uh/UH ,/, I/PRP ,/, it/PRP 's/BES ,/, it/PRP ,/, I/PRP do/VBP n't/RB know/VB",2/sw2726,,,1,sw07utt/sw_0749_2726.utt,"# {C and, } # {F uh, } [ [ [ I, + it's, ] + it, ] + I ]  don't know  /",56,,32
sd,B,2726,,"I/PRP got/VBD two/CD numbers/NNS today/RB ,/,",2/sw2726,,,2,sw07utt/sw_0749_2726.utt,"I got two numbers today,  /",57,,32
sd,B,2726,,"actually/RB we/PRP were/VBD talking/VBG about/IN mortgage/NN insurance/NN today/RB with/IN my/PRP$ agent/NN ,/,",2/sw2726,,,3,sw07utt/sw_0749_2726.utt,"{D actually } we were talking about mortgage insurance today with my agent,/",58,,32
b,A,2726,,"Uh-huh/UH ,/,",2/sw2726,,,1,sw07utt/sw_0749_2726.utt,"Uh-huh,  /",59,,33
b^r,A,2726,,uh-huh/UH ./.,2/sw2726,,,2,sw07utt/sw_0749_2726.utt,uh-huh. /,60,,33
sd,B,2726,,"and/CC ,/, uh/UH ,/, it/PRP 's/BES about/RB sixteen/CD hundred/CD square/NN feet/NNS ,/,",2/sw2726,,,1,sw07utt/sw_0749_2726.utt,"{C and, } {F uh, } it's about sixteen hundred square feet,",61,,34
b,A,2726,,Uh-huh/UH ./.,2/sw2726,,,1,sw07utt/sw_0749_2726.utt,# Uh-huh. # /,62,,35
+,B,2726,,which/WDT is/VBZ fine/JJ for/IN the/DT two/CD of/IN us/PRP ./.,2/sw2726,,,1,sw07utt/sw_0749_2726.utt,# which # is fine for the two of us. /,63,,36
b,A,2726,,Right/UH ./.,2/sw2726,,,1,sw07utt/sw_0749_2726.utt,Right. /,64,,37
sd,B,2726,,"But/CC it/PRP ,/, it/PRP ,/, you/PRP know/VBP ,/, we/PRP looked/VBD at/IN a/DT lot/NN of/IN houses/NNS that/WDT were/VBD ,/, had/VBD more/JJR square/NN footage/NN ,/,",2/sw2726,,,1,sw07utt/sw_0749_2726.utt,"{C But } [ [ it, + it, ] + {D you know, } we ]  looked at a lot of houses that [ were, + had ] more square footage, /",65,,38
b,A,2726,,Uh-huh/UH ./.,2/sw2726,,,1,sw07utt/sw_0749_2726.utt,# Uh-huh. # /,66,,39
sd,B,2726,,"but/CC they/PRP did/VBD n't/RB use/VB it/PRP right/RB ,/, you/PRP know/VBP ./.",2/sw2726,,,1,sw07utt/sw_0749_2726.utt,"# {C but } # they didn't use it right, {D you know. } /",67,,40
b,A,2726,,"Right/UH ,/,",2/sw2726,,,1,sw07utt/sw_0749_2726.utt,"# Right,  /",68,,41
b,A,2726,,uh-huh/UH ./.,2/sw2726,,,2,sw07utt/sw_0749_2726.utt,uh-huh. # /,69,,41
sd,B,2726,,"It/PRP was/VBD a/DT bunch/NN of/IN empty/JJ ,/, you/PRP know/VBP ,/, hallway/NN and/CC stuff/NN that/WDT cur-/XX ,/,",2/sw2726,,,1,sw07utt/sw_0749_2726.utt,"# It was # a bunch of empty, {D you know, }  hallway and stuff that cur-, -/",70,,42
^2,A,2726,,that/WDT could/MD have/VB been/VBN used/VBN as/IN MUMBLEx/XX,2/sw2726,,,1,sw07utt/sw_0749_2726.utt,that could have been used as  ((   )) - /,71,,43
aa,A,2726,,"yeah/UH ,/,",2/sw2726,,,2,sw07utt/sw_0749_2726.utt,"yeah,  /",72,,43
aa^r,A,2726,,yeah/UH ./.,2/sw2726,,,3,sw07utt/sw_0749_2726.utt,yeah. /,73,,43
aa,B,2726,,"Yeah/UH ,/,",2/sw2726,,,1,sw07utt/sw_0749_2726.utt,"Yeah,  /",74,,44
aa^r,B,2726,,"yeah/UH ,/,",2/sw2726,,,2,sw07utt/sw_0749_2726.utt,"yeah,  /",75,,44
aa,B,2726,,really/RB ./.,2/sw2726,,,3,sw07utt/sw_0749_2726.utt,really.  /,76,,44
sd,B,2726,,So/RB we/PRP 've/VBP used/VBN every/DT bit/NN of/IN it/PRP,2/sw2726,,,4,sw07utt/sw_0749_2726.utt,{C So } we've used  every bit of it  /,77,,44
sd,B,2726,,"and/CC our/PRP$ house/NN ,/, um/UH ,/, we/PRP bought/VBD it/PRP for/IN sixty-four/CD ,/,",2/sw2726,,,5,sw07utt/sw_0749_2726.utt,"{C and } our house, {F um, } we bought it for sixty-four, /",78,,44
%,A,2726,,Um/UH ./.,2/sw2726,,,1,sw07utt/sw_0749_2726.utt,# {F Um. }  # /,79,,45
sd,B,2726,,"and/CC ,/, uh/UH ,/, the/DT neighbors/NNS house/NN next/JJ door/NN to/IN us/PRP sold/VBD for/IN seventy-five/CD ,/,",2/sw2726,,,1,sw07utt/sw_0749_2726.utt,"# {C and, } # {F uh, } the neighbors house next door to us sold for seventy-five, /",80,,46
b,A,2726,,Uh-huh/UH ./.,2/sw2726,,,1,sw07utt/sw_0749_2726.utt,# Uh-huh. # /,81,,47
sd,B,2726,,"so/RB ,/, i-/XX ,/, you/PRP know/VBP ,/, I/PRP think/VBP we/PRP were/VBD d-/XX ,/, you/PRP know/VBP ,/, got/VBD a/DT good/JJ deal/NN on/IN it/PRP ./.",2/sw2726,,,1,sw07utt/sw_0749_2726.utt,"# {C so, } # [ i-, + {D you know, } I ]  think we [ were d-, + {D you know, } got a ] good deal on it. /",82,,48
sv,A,2726,,"So/RB that/DT looks/VBZ good/JJ when/WRB you/PRP all/DT get/VB ready/JJ to/TO sell/VB ,/, you/PRP 'll/MD probably/RB do/VB really/RB well/RB ./.",2/sw2726,,,1,sw07utt/sw_0749_2726.utt,"{C So } that looks good when you all get ready to sell, you'll probably do really well. /",83,,49
aa,B,2726,,"Yeah/UH ,/,",2/sw2726,,,1,sw07utt/sw_0749_2726.utt,"Yeah,  /",84,,50
aa^r,B,2726,,"yeah/UH ,/,",2/sw2726,,,2,sw07utt/sw_0749_2726.utt,"yeah,  /",85,,50
aa^r,B,2726,,yeah/UH ./.,2/sw2726,,,3,sw07utt/sw_0749_2726.utt,yeah. /,86,,50
sd,A,2726,,"My/PRP$ father/NN used/VBD to/TO live/VB in/IN Dallas/NNP ,/, uh/UH ,/,",2/sw2726,,,1,sw07utt/sw_0749_2726.utt,"My father used to live in Dallas, {F uh, }  /",87,,51
sd,A,2726,,"now/RB ,/, he/PRP ,/, he/PRP went/VBD back/RB to/IN New/NNP Jersey/NNP ,/,",2/sw2726,,,2,sw07utt/sw_0749_2726.utt,"{D now, } [ he, + he ] went back to New Jersey,  /",88,,51
sd,A,2726,,we/PRP 're/VBP originally/RB from/IN the/DT East/NNP ./.,2/sw2726,,,3,sw07utt/sw_0749_2726.utt,we're originally from the East.  /,89,,51
%,A,2726,,"But/CC he/PRP ,/,",2/sw2726,,,4,sw07utt/sw_0749_2726.utt,"{C But } he, -/",90,,51
b,B,2726,,"Oh/UH really/UH ,/,",2/sw2726,,,1,sw07utt/sw_0749_2726.utt,"# {F Oh } really,  /",91,,52
sd,B,2726,,my/PRP$ husband/NN 's/BES from/IN New/NNP Jersey/NNP ./.,2/sw2726,,,2,sw07utt/sw_0749_2726.utt,my husband's from New Jersey <laughter>.  # /,92,,52
b,A,2726,,"oh/UH ,/, really/UH ,/,",2/sw2726,,,1,sw07utt/sw_0749_2726.utt,"# {F oh, } really,  /",93,,53
sd,A,2726,,"he/PRP ,/, uh/UH ,/, well/UH actually/RB right/RB now/RB he/PRP lives/VBZ in/IN Rhode/NNP Island/NNP ,/,",2/sw2726,,,2,sw07utt/sw_0749_2726.utt,"[ he, + {F uh, }   {D well } {D actually } right now # he ] lives in Rhode Island,  /",94,,53
sd,A,2726,,"he/PRP lived/VBD in/IN New/NNP Jersey/NNP for/IN a/DT while/NN ,/, now/RB he/PRP 's/BES in/IN Rhode/NNP Island/NNP ./.",2/sw2726,,,3,sw07utt/sw_0749_2726.utt,"he lived in New Jersey for a while, now he's in Rhode Island.  /",95,,53
sd,A,2726,,"And/CC ,/, uh/UH ,/, he/PRP used/VBD to/TO like/VB to/TO go/VB ,/,",2/sw2726,,,4,sw07utt/sw_0749_2726.utt,"{C And, } {F uh, } he used to like to go,  /",96,,53
sd,A,2726,,"and/CC we/PRP used/VBD to/TO go/VB ,/, just/RB every/DT weekend/NN just/RB to/TO look/VB at/IN houses/NNS ,/, for/IN no/DT reason/NN ,/, we/PRP were/VBD n't/RB buying/VBG one/CD every/DT weekend/NN ,/, but/CC just/RB to/TO look/VB at/IN them/PRP ./.",2/sw2726,,,5,sw07utt/sw_0749_2726.utt,"{C and } we used to go,  just every weekend just to look at houses, for no reason,  we weren't buying one every weekend,  but just to look at them.  /",97,,53
sd,A,2726,,"And/CC so/RB I/PRP got/VBD a/DT pretty/RB good/JJ feel/NN of/IN ,/, you/PRP know/VBP ,/, what/WP I/PRP want/VBP when/WRB I/PRP do/VBP ,/, you/PRP know/VBP ,/, get/VB my/PRP$ house/NN ,/, whenever/WRB that/DT is/VBZ ,/, um/UH ./.",2/sw2726,,,6,sw07utt/sw_0749_2726.utt,"{C And so } I got a pretty good  feel of, {D you know, } what I want when I do, {D you know, } get my house, whenever that is, {F um. }  /",98,,53
t1,A,2726,,"What/WP was/VBD I/PRP going/VBG to/TO say/VB about/IN that/DT ,/,",2/sw2726,,,7,sw07utt/sw_0749_2726.utt,"What was I going to say about that,  /",99,,53
sd,A,2726,,"I/PRP completely/RB lost/VBD my/PRP$ train/NN of/IN thought/NN ./. Um/UH ,/,",2/sw2726,,,8,sw07utt/sw_0749_2726.utt,"I completely lost my train of thought.  {F Um, }  /",100,,53
sd,A,2726,,"but/CC we/PRP ,/, we/PRP enjoy/VBP going/VBG looking/VBG at/IN houses/NNS",2/sw2726,,,9,sw07utt/sw_0749_2726.utt,"{C but } [ we, + we ] enjoy going looking at houses  /",101,,53
sd,A,2726,,"and/CC ,/, and/CC ,/, uh/UH ,/, we/PRP now/RB ,/,",2/sw2726,,,10,sw07utt/sw_0749_2726.utt,"[ {C and, } + {C and, } ] {F uh, }  we now, - /",102,,53
sd,A,2726,,I/PRP kind/RB of/RB have/VBP a/DT good/JJ idea/NN of/IN what/WP I/PRP want/VBP ./.,2/sw2726,,,11,sw07utt/sw_0749_2726.utt,I kind of have a good idea of what I want.  /,103,,53
sd,A,2726,,"I/PRP know/VBP I/PRP want/VBP a/DT big/JJ family/NN area/NN ,/,",2/sw2726,,,12,sw07utt/sw_0749_2726.utt,"I know I want a big family area, /",104,,53
aa,B,2726,,"Yeah/UH ,/,",2/sw2726,,,1,sw07utt/sw_0749_2726.utt,"Yeah,  /",105,,54
sd,B,2726,,that/DT 's/BES what/WP we/PRP were/VBD looking/VBG for/IN the/DT first/JJ thing/NN ./.,2/sw2726,,,2,sw07utt/sw_0749_2726.utt,that's what we were looking for the first thing. /,106,,54
b,A,2726,,"uh/UH ,/, yeah/UH ,/,",2/sw2726,,,1,sw07utt/sw_0749_2726.utt,"{F uh, } yeah,  /",107,,55
sd,A,2726,,"fire/NN ,/, a/DT fireplace/NN ,/,",2/sw2726,,,2,sw07utt/sw_0749_2726.utt,"[ fire, + a fireplace, ]  /",108,,55
sd,A,2726,,"I/PRP saw/VBD this/DT awesome/JJ house/NN the/DT other/JJ weekend/NN ,/,",2/sw2726,,,3,sw07utt/sw_0749_2726.utt,"I saw this awesome house the other weekend,  /",109,,55
sd,A,2726,,it/PRP was/VBD a/DT great/JJ big/JJ family/NN room/NN,2/sw2726,,,4,sw07utt/sw_0749_2726.utt,it was a great big family room  /,110,,55
sd,A,2726,,and/CC it/PRP was/VBD circular/JJ,2/sw2726,,,5,sw07utt/sw_0749_2726.utt,{C and } it was circular  /,111,,55
sd,A,2726,,"and/CC the/DT other/JJ side/NN was/VBD the/DT patio/NN and/CC the/DT backyard/NN ,/,",2/sw2726,,,6,sw07utt/sw_0749_2726.utt,"{C and } the other side was the patio and the backyard,  /",112,,55
sd,A,2726,,"and/CC it/PRP had/VBD a/DT built/JJ in/RP ,/, uh/UH ,/, grill/NN",2/sw2726,,,7,sw07utt/sw_0749_2726.utt,"{C and } it had a built  in, {F uh, } grill  /",113,,55
sd,A,2726,,"and/CC every/DT ,/,",2/sw2726,,,8,sw07utt/sw_0749_2726.utt,"{C and } every, -/",114,,55
ba,B,2726,,Wow/UH ./.,2/sw2726,,,1,sw07utt/sw_0749_2726.utt,# Wow.  # /,115,,56
sd,A,2726,,"I/PRP mean/VBP ,/, it/PRP was/VBD ,/, it/PRP was/VBD just/RB ,/, an/DT ul/JJ ,/, the/DT ultimate/JJ party/NN room/NN ,/, you/PRP know/VBP ,/,",2/sw2726,,,1,sw07utt/sw_0749_2726.utt,"# {E I # mean, } [ it was, + it was ]  just, [ an ul-, + the ultimate ] party room, {D you know, } /",116,,57
b,B,2726,,"Uh-huh/UH ,/,",2/sw2726,,,1,sw07utt/sw_0749_2726.utt,"# Uh-huh,  /",117,,58
b,B,2726,,yeah/UH ./.,2/sw2726,,,2,sw07utt/sw_0749_2726.utt,yeah. # /,118,,58
sd(^q),A,2726,,I/PRP was/VBD just/RB going/VBG I/PRP could/MD have/VB a/DT party/NN in/IN here/RB ./.,2/sw2726,,,1,sw07utt/sw_0749_2726.utt,# I was # just going I could have a party in here.  /,119,,59
sd,A,2726,,But/CC that/DT 's/BES pretty/RB nice/JJ ./.,2/sw2726,,,2,sw07utt/sw_0749_2726.utt,{C But } that's pretty nice. /,120,,59
sd,B,2726,,"But/CC that/DT 's/BES what/WP we/PRP had/VBD ,/, uh/UH ,/, uh/UH ,/,",2/sw2726,,,1,sw07utt/sw_0749_2726.utt,"{C But } that's what we had, {F uh, } {F uh, }  /",121,,60
sd,B,2726,,"that/DT 's/BES what/WP we/PRP had/VBD looked/VBN for/IN ,/, was/VBD our/PRP$ main/JJ concern/NN was/VBD a/DT big/JJ living/NN room/NN ,/,",2/sw2726,,,2,sw07utt/sw_0749_2726.utt,"that's what we had looked for, was our main concern was a big living room,",122,,60
b,A,2726,,Uh-huh/UH ./.,2/sw2726,,,1,sw07utt/sw_0749_2726.utt,# Uh-huh. # /,123,,61
+,B,2726,,"you/PRP know/VBP ,/, and/CC big/JJ closet/NN space/NN ,/, you/PRP know/VBP ./.",2/sw2726,,,1,sw07utt/sw_0749_2726.utt,"# {D you # know, } and big closet space, {D you know. } /",124,,62
aa,A,2726,,"Right/UH ,/,",2/sw2726,,,1,sw07utt/sw_0749_2726.utt,"Right,  /",125,,63
aa,A,2726,,yeah/UH,2/sw2726,,,2,sw07utt/sw_0749_2726.utt,yeah  /,126,,63
sd,A,2726,,"I/PRP like/VBP a/DT lot/NN of/IN closet/NN space/NN ,/,",2/sw2726,,,3,sw07utt/sw_0749_2726.utt,"I like a lot of closet space,  /",127,,63
sd,A,2726,,"I/PRP do/VBP n't/RB like/VB because/IN ,/,",2/sw2726,,,4,sw07utt/sw_0749_2726.utt,"I don't like because, - /",128,,63
sd,A,2726,,"I/PRP do/VBP n't/RB like/VB to/TO have/VB a/DT lot/NN of/IN things/NNS out/IN ,/, you/PRP know/VBP ,/, just/RB all/DT over/IN the/DT place/NN ,/,",2/sw2726,,,5,sw07utt/sw_0749_2726.utt,"I don't like to have a lot of things out, {D you know, }  just all over the place, /",129,,63
b,B,2726,,"Yeah/UH ,/,",2/sw2726,,,1,sw07utt/sw_0749_2726.utt,"# Yeah,  /",130,,64
b^r,B,2726,,yeah/UH ./.,2/sw2726,,,2,sw07utt/sw_0749_2726.utt,yeah. # /,131,,64
sd,A,2726,,I/PRP like/VBP to/TO have/VB them/PRP kind/RB of/RB tucked/VBN away/RB ./.,2/sw2726,,,1,sw07utt/sw_0749_2726.utt,# I like # to have them kind of tucked away. /,132,,65
sd,B,2726,,"And/CC ,/, uh/UH ,/, so/RB that/DT 's/BES ,/, that/DT 's/BES what/WP we/PRP went/VBD for/IN first/RB",2/sw2726,,,1,sw07utt/sw_0749_2726.utt,"{C And, } {F uh, } {C so } [ that's, + that's ]  what we went for first  /",133,,66
sd,B,2726,,"and/CC ,/, and/CC it/PRP ,/, you/PRP know/VBP ,/, we/PRP ,/, we/PRP do/VBP n't/RB ,/, we/PRP just/RB have/VBP a/DT big/JJ living/NN room/NN",2/sw2726,,,2,sw07utt/sw_0749_2726.utt,"[ {C and, } + {C and } ]  [ [ [ it, + {D you know, } we, ] + we ] don't, + we just ]  have a big living room  /",134,,66
sd,B,2726,,"an/DT ,/, and/CC a/DT dining/NN room/NN is/VBZ separate/JJ ,/,",2/sw2726,,,3,sw07utt/sw_0749_2726.utt,"[ an, + {C and } ] a dining room is separate, /",135,,66
b,A,2726,,Uh-huh/UH ./.,2/sw2726,,,1,sw07utt/sw_0749_2726.utt,# Uh-huh. # /,136,,67
sd,B,2726,,"and/CC ,/, you/PRP know/VBP ,/, some/DT places/NNS have/VBP ,/,",2/sw2726,,,1,sw07utt/sw_0749_2726.utt,"# {C and, } # {D you know, } some places have, - /",137,,68
sd,B,2726,,"like/IN the/DT house/NN next/JJ door/NN to/IN us/PRP that/WDT we/PRP looked/VBD at/IN ,/,",2/sw2726,,,2,sw07utt/sw_0749_2726.utt,"{D like } the house next door to us that we looked at,",138,,68
b,A,2726,,Uh-huh/UH ./.,2/sw2726,,,1,sw07utt/sw_0749_2726.utt,# Uh-huh. # /,139,,69
+,B,2726,,"had/VBD a/DT living/NN room/NN ,/, a/DT dining/NN room/NN and/CC a/DT den/NN ./.",2/sw2726,,,1,sw07utt/sw_0749_2726.utt,"# had # a living room, a dining room and a den. /",140,,70
b,A,2726,,Right/UH ./.,2/sw2726,,,1,sw07utt/sw_0749_2726.utt,# Right. # /,141,,71
sd,B,2726,,But/CC to/TO stick/VB a/DT wall/NN between/IN two/CD rooms/NNS did/VBD n't/RB do/VB anything/NN for/IN us/PRP just/RB so/IN we/PRP could/MD have/VB a/DT living/NN room/NN and/CC a/DT den/NN ./.,2/sw2726,,,1,sw07utt/sw_0749_2726.utt,# {C But } # to stick a wall between two rooms didn't do anything for us just so  we could have a living room and a den. /,142,,72
b,A,2726,,Uh-huh/UH ./.,2/sw2726,,,1,sw07utt/sw_0749_2726.utt,Uh-huh. /,143,,73
sd,B,2726,,"So/RB ,/, we/PRP opted/VBD for/IN the/DT just/RB ,/, the/DT whole/JJ wide/JJ room/NN ,/,",2/sw2726,,,1,sw07utt/sw_0749_2726.utt,"{C So, } we opted for the just, the whole wide room,",144,,74
b,A,2726,,Uh-huh/UH ./.,2/sw2726,,,1,sw07utt/sw_0749_2726.utt,# Uh-huh. # /,145,,75
+,B,2726,,"that/WDT went/VBD from/IN one/CD end/NN of/IN the/DT house/NN to/IN the/DT other/JJ ,/, just/RB about/RB ./.",2/sw2726,,,1,sw07utt/sw_0749_2726.utt,"# that # went from one end of the house  to the other, just about. /",146,,76
sd,A,2726,,"My/PRP$ father/NN had/VBD ,/, uh/UH ,/,",2/sw2726,,,1,sw07utt/sw_0749_2726.utt,"My father had, {F uh, } - /",147,,77
sd,A,2726,,"I/PRP keep/VBP talking/VBG about/IN my/PRP$ father/NN because/IN he/PRP owned/VBD a/DT house/NN ,/,",2/sw2726,,,2,sw07utt/sw_0749_2726.utt,"I keep talking about my father because he owned a house,  /",148,,77
sd,A,2726,,"uh/UH ,/, he/PRP had/VBD the/DT kitchen/NN ,/, kind/RB of/RB a/DT kitchen/NN and/CC a/DT very/RB long/JJ family/NN room/NN ,/,",2/sw2726,,,3,sw07utt/sw_0749_2726.utt,"{F uh, } he had the kitchen, kind of a kitchen and a very long family room, /",149,,77
b,B,2726,,Yeah/UH ./.,2/sw2726,,,1,sw07utt/sw_0749_2726.utt,# Yeah. # /,150,,78
sd,A,2726,,it/PRP 's/BES just/RB kind/RB of/RB one/CD room/NN,2/sw2726,,,1,sw07utt/sw_0749_2726.utt,# it's # just kind of one room  /,151,,79
sd,A,2726,,"and/CC what/WP he/PRP did/VBD ,/, he/PRP put/VBD ,/, uh/UH ,/, a/DT bar/NN right/RB in/IN the/DT center/NN ,/,",2/sw2726,,,2,sw07utt/sw_0749_2726.utt,"{C and } what he did, he put, {F uh, } a bar right in the center,",152,,79
b,B,2726,,Oh/UH ./.,2/sw2726,,,1,sw07utt/sw_0749_2726.utt,# Oh.  # /,153,,80
+,A,2726,,"and/CC put/VBD some/DT ,/, uh/UH ,/, a/DT glass/NN rack/NN down/RB ,/, so/IN you/PRP had/VBD like/UH wine/NN glasses/NNS hanging/VBG from/IN the/DT ceiling/NN and/CC then/RB the/DT bar/NN",2/sw2726,,,1,sw07utt/sw_0749_2726.utt,"# and # put [ some, + ] {F uh, } a glass rack down,  so you had {D like } wine glasses hanging from the ceiling and then the bar  /",154,,81
sd,A,2726,,"and/CC it/PRP just/RB kind/RB of/RB ,/, it/PRP kind/RB of/RB separated/VBD it/PRP ./.",2/sw2726,,,2,sw07utt/sw_0749_2726.utt,"{C and }  [ it just kind of, + it kind of ] separated it.  /",155,,81
sd,A,2726,,"It/PRP was/VBD still/RB ,/, you/PRP know/VBP ,/, together/RB ,/,",2/sw2726,,,3,sw07utt/sw_0749_2726.utt,"It was still, {D you know, }  together,  /",156,,81
sd,A,2726,,but/CC it/PRP just/RB looked/VBD a/DT lot/NN better/JJR ./.,2/sw2726,,,4,sw07utt/sw_0749_2726.utt,{C but } it just looked a lot better.  /,157,,81
sd,A,2726,,Because/IN I/PRP personally/RB do/VBP n't/RB like/VB the/DT combination/NN rooms/NNS ./.,2/sw2726,,,5,sw07utt/sw_0749_2726.utt,{C Because }  I personally don't like the combination rooms. /,158,,81
aa,B,2726,,"Yeah/UH ,/,",2/sw2726,,,1,sw07utt/sw_0749_2726.utt,"Yeah,  /",159,,82
aa,B,2726,,"right/UH ,/,",2/sw2726,,,2,sw07utt/sw_0749_2726.utt,"right,  /",160,,82
sd,B,2726,,"I/PRP ,/, but/CC I/PRP ,/, I/PRP think/VBP for/IN where/WRB we/PRP are/VBP ,/,",2/sw2726,,,3,sw07utt/sw_0749_2726.utt,"[ [ I, + {C but } I, ] + I ]  think for where we are,",161,,82
b,A,2726,,Uh-huh/UH ./.,2/sw2726,,,1,sw07utt/sw_0749_2726.utt,# Uh-huh. # /,162,,83
+,B,2726,,"um/UH ,/, I/PRP think/VBP we/PRP got/VBD a/DT real/RB good/JJ deal/NN on/IN it/PRP",2/sw2726,,,1,sw07utt/sw_0749_2726.utt,"# {F um, } # I think we got a real  good deal on it  /",163,,84
sd,B,2726,,"and/CC we/PRP ,/, you/PRP know/VBP ,/, we/PRP have/VBP a/DT ,/,",2/sw2726,,,2,sw07utt/sw_0749_2726.utt,"{C and } [ we, + {D you know, } we ] have a, - /",164,,84
sd,B,2726,,"uh/UH ,/, the/DT backyard/NN is/VBZ just/RB huge/JJ ./.",2/sw2726,,,3,sw07utt/sw_0749_2726.utt,"{F uh, } the backyard is just huge. /",165,,84
b,A,2726,,Uh-huh/UH ./.,2/sw2726,,,1,sw07utt/sw_0749_2726.utt,Uh-huh. /,166,,85
sd,B,2726,,"It/PRP is/VBZ just/RB really/RB ,/,",2/sw2726,,,1,sw07utt/sw_0749_2726.utt,"It is just really, - /",167,,86
sd,B,2726,,I/PRP think/VBP another/DT house/NN could/MD fit/VB back/RB there/RB ./.,2/sw2726,,,2,sw07utt/sw_0749_2726.utt,I think another house could fit back there. /,168,,86
b,A,2726,,"Yeah/UH ,/,",2/sw2726,,,1,sw07utt/sw_0749_2726.utt,"# Yeah,  /",169,,87
sd,A,2726,,I/PRP 'd/MD like/VB a/DT big/JJ backyard/NN ./.,2/sw2726,,,2,sw07utt/sw_0749_2726.utt,I'd like a big backyard.  # /,170,,87
sd,B,2726,,"And/CC ,/, uh/UH ,/, we/PRP really/RB liked/VBD it/PRP ,/,",2/sw2726,,,1,sw07utt/sw_0749_2726.utt,"# {C And, } {F uh, } we really liked it, #  /",171,,88
sd,B,2726,,"of/IN course/NN ,/, when/WRB you/PRP have/VBP to/TO mow/VB it/PRP ,/,",2/sw2726,,,2,sw07utt/sw_0749_2726.utt,"of course, when you have to mow it <laughter>,",172,,88
b,A,2726,,Oh/UH really/UH ./.,2/sw2726,,,1,sw07utt/sw_0749_2726.utt,# <Laughter>  {F Oh } really.  # /,173,,89
+,B,2726,,"You/PRP know/VBP in/IN ,/, uh/UH ,/, middle/NN of/IN August/NNP ,/, it/PRP 's/BES ,/, it/PRP 's/BES kind/RB of/RB ,/,",2/sw2726,,,1,sw07utt/sw_0749_2726.utt,"# {D You know } in, # {F uh, } middle of August, [ it's, + it's ] kind of,",174,,90
^2,A,2726,,A/DT little/JJ hot/JJ ./.,2/sw2726,,,1,sw07utt/sw_0749_2726.utt,# A little hot.  # /,175,,91
+,B,2726,,"a/DT little/JJ hot/JJ ,/,",2/sw2726,,,1,sw07utt/sw_0749_2726.utt,"# a little hot,  /",176,,92
aa,B,2726,,yeah/UH ./.,2/sw2726,,,2,sw07utt/sw_0749_2726.utt,# yeah. /,177,,92
ad,A,2726,,Try/VB to/TO do/VB it/PRP early/RB in/IN the/DT mornings/NNS ./.,2/sw2726,,,1,sw07utt/sw_0749_2726.utt,# Try to do it early in the mornings.  # /,178,,93
sd,B,2726,,"But/CC ,/, uh/UH ,/, it/PRP 's/BES ,/, it/PRP 's/BES nice/JJ",2/sw2726,,,1,sw07utt/sw_0749_2726.utt,"# {C But, } {F uh, } [ it's, + it's ]  nice  /",179,,94
sd,B,2726,,"and/CC that/DT was/VBD ,/, you/PRP know/VBP ,/, a/DT big/JJ selling/NN point/NN too/RB ,/,",2/sw2726,,,2,sw07utt/sw_0749_2726.utt,"{C and } that was, # {D you know, }  a big selling point too,  /",180,,94
sd,B,2726,,and/CC I/PRP think/VBP another/DT thing/NN that/WDT was/VBD really/RB nice/JJ was/VBD that/IN our/PRP$ neighbors/NNS on/IN the/DT other/JJ side/NN of/IN us/PRP bought/VBD the/DT lot/NN right/RB next/RB to/IN us/PRP ./.,2/sw2726,,,3,sw07utt/sw_0749_2726.utt,{C and } I think another thing that was really nice was that our neighbors on the other side of us bought the lot right next to us. /,181,,94
b,A,2726,,Uh-huh/UH ./.,2/sw2726,,,1,sw07utt/sw_0749_2726.utt,# Uh-huh. # /,182,,95
sd,B,2726,,"And/CC they/PRP 've/VBP lived/VBN there/RB and/CC have/VBP it/PRP all/RB built/JJ up/RP ,/, you/PRP know/VBP ,/,",2/sw2726,,,1,sw07utt/sw_0749_2726.utt,"# {C And } # they've lived there and have it all built up, {D you know, } /",183,,96
sd,B,2726,,they/PRP 've/VBP got/VBN a/DT whole/JJ garden/NN and/CC trees/NNS and/CC everything/NN,2/sw2726,,,2,sw07utt/sw_0749_2726.utt,they've got a whole garden and trees and everything  /,184,,96
sd,B,2726,,"so/IN it/PRP 's/BES not/RB like/IN ,/, we/PRP 're/VBP ,/, uh/UH ,/,",2/sw2726,,,3,sw07utt/sw_0749_2726.utt,"{C so }  it's not like, we're, {F uh, }",185,,96
ba,A,2726,,Wow/UH ./.,2/sw2726,,,1,sw07utt/sw_0749_2726.utt,# Wow.  # /,186,,97
+,B,2726,,"kind/RB of/RB secluded/JJ ,/, you/PRP know/VBP ,/,",2/sw2726,,,1,sw07utt/sw_0749_2726.utt,"# kind # of secluded, {D you know, } /",187,,98
x,A,2726,,,2/sw2726,,,1,sw07utt/sw_0749_2726.utt,# <Laughter>.  #,188,,99
sd,B,2726,,we/PRP do/VBP n't/RB have/VB a/DT neighbor/NN 's/POS fence/NN coming/VBG up/IN to/IN ours/PRP ./.,2/sw2726,,,1,sw07utt/sw_0749_2726.utt,# we # don't have a neighbor's fence coming up to ours.,189,,100
b,A,2726,,"Uh-huh/UH ,/,",2/sw2726,,,1,sw07utt/sw_0749_2726.utt,"# Uh-huh,  /",190,,101
ba,A,2726,,well/UH that/DT 's/BES good/JJ ./.,2/sw2726,,,2,sw07utt/sw_0749_2726.utt,{D well } that's good.  # /,191,,101
+,B,2726,,"You/PRP know/VBP ,/, right/RB up/IN to/IN our/PRP$ bathroom/NN window/NN or/CC whatever/WDT it/PRP is/VBZ ./.",2/sw2726,,,1,sw07utt/sw_0749_2726.utt,"# {D You know, } right up # to our bathroom window or whatever it is.",192,,102
b,A,2726,,"Yeah/UH ,/,",2/sw2726,,,1,sw07utt/sw_0749_2726.utt,"# Yeah,  /",193,,103
b^r,A,2726,,yeah/UH ./.,2/sw2726,,,2,sw07utt/sw_0749_2726.utt,yeah. # /,194,,103
+,B,2726,,"Like/IN a/DT lot/NN of/IN the/DT little/JJ model/NN homes/NNS that/WDT they/PRP sh-/XX ,/, you/PRP know/VBP throw/VB up/RB in/IN three/CD days/NNS ./.",2/sw2726,,,1,sw07utt/sw_0749_2726.utt,"# {D Like } a # lot of the little model homes that they [ sh-, + ] {D you know } throw up in three days. /",195,,104
aa,A,2726,,"That/DT 's/BES true/JJ ,/,",2/sw2726,,,1,sw07utt/sw_0749_2726.utt,"<Laughter>  That's true,  /",196,,105
sv,A,2726,,they/PRP do/VBP throw/VB those/DT up/RB ./.,2/sw2726,,,2,sw07utt/sw_0749_2726.utt,they do throw those up. /,197,,105
%,B,2726,,"And/CC ,/, uh/UH ./.",2/sw2726,,,1,sw07utt/sw_0749_2726.utt,"{C And, } {F uh. } -/",198,,106
qy,A,2726,,"Are/VBP you/PRP all/DT planning/VBG to/TO move/VB anytime/RB ,/,",2/sw2726,,,1,sw07utt/sw_0749_2726.utt,"Are you all planning to move anytime,  /",199,,107
qr,A,2726,,"are/VBP you/PRP looking/VBG for/IN a/DT house/NN ,/, or/CC not/RB ./.",2/sw2726,,,2,sw07utt/sw_0749_2726.utt,"are you looking for a house, or not. /",200,,107
nn,B,2726,,"No/UH ,/,",2/sw2726,,,1,sw07utt/sw_0749_2726.utt,"No,  /",201,,108
nn^r,B,2726,,"no/UH ,/,",2/sw2726,,,2,sw07utt/sw_0749_2726.utt,"no,  /",202,,108
ng,B,2726,,"not/RB at/IN all/DT ,/,",2/sw2726,,,3,sw07utt/sw_0749_2726.utt,"not at all, /",203,,108
b,A,2726,,Uh-huh/UH ./.,2/sw2726,,,1,sw07utt/sw_0749_2726.utt,# Uh-huh. # /,204,,109
sd,B,2726,,"in/IN fact/NN ,/, uh/UH ,/, we/PRP ,/, we/PRP talked/VBD about/IN that/DT just/RB a/DT little/JJ bit/NN ,/, you/PRP know/VBP ,/,",2/sw2726,,,1,sw07utt/sw_0749_2726.utt,"# in # fact, {F uh, } [ we, + we ]  talked about that just a little bit, {D you know, } /",205,,110
b,A,2726,,Uh-huh/UH ./.,2/sw2726,,,1,sw07utt/sw_0749_2726.utt,# Uh-huh. # /,206,,111
sd,B,2726,,"we/PRP were/VBD joking/VBG around/IN about/IN ,/, uh/UH ,/, winning/VBG a/DT sweepstakes/NN ,/,",2/sw2726,,,1,sw07utt/sw_0749_2726.utt,"# we # were joking around about, {F uh, }  <<pause>> winning a sweepstakes,",207,,112
b,A,2726,,Uh-huh/UH ./.,2/sw2726,,,1,sw07utt/sw_0749_2726.utt,# Uh-huh. # /,208,,113
+,B,2726,,and/CC what/WP would/MD we/PRP do/VB with/IN the/DT money/NN,2/sw2726,,,1,sw07utt/sw_0749_2726.utt,# and # what would we do with the money  /,209,,114
sd(^q),B,2726,,and/CC Steve/NNP said/VBD we/PRP 'll/MD I/PRP 'll/MD buy/VB a/DT bigger/JJR house/NN,2/sw2726,,,2,sw07utt/sw_0749_2726.utt,{C and } Steve said we'll I'll buy a bigger house  /,210,,114
sd(^q),B,2726,,"and/CC I/PRP said/VBD no/UH ,/, I/PRP would/MD just/RB fix/VB this/DT one/CD ./.",2/sw2726,,,3,sw07utt/sw_0749_2726.utt,"{C and } I said no, I would just fix this one <laughter>. /",211,,114
b,A,2726,,"Yeah/UH ,/,",2/sw2726,,,1,sw07utt/sw_0749_2726.utt,"Yeah,  /",212,,115
ba,A,2726,,really/UH ./.,2/sw2726,,,2,sw07utt/sw_0749_2726.utt,really. /,213,,115
sd,B,2726,,"You/PRP know/VBP ,/, there/EX 's/BES ,/, you/PRP know/VBP cause/IN we/PRP ,/, I/PRP like/VBP where/WRB it/PRP is/VBZ",2/sw2726,,,1,sw07utt/sw_0749_2726.utt,"{D You know, } [ there's, + ] {D you know }   {C cause } [ we, + I ] like where it is  /",214,,116
sd,B,2726,,and/CC I/PRP like/VBP how/WRB it/PRP 's/BES laid/VBN out/RP,2/sw2726,,,2,sw07utt/sw_0749_2726.utt,{C and } I like how it's laid out  /,215,,116
sd,B,2726,,and/CC it/PRP took/VBD us/PRP forever/RB to/TO find/VB it/PRP ./.,2/sw2726,,,3,sw07utt/sw_0749_2726.utt,{C and } it took us forever to find it. /,216,,116
b^m,A,2726,,"To/TO find/VB it/PRP ,/,",2/sw2726,,,1,sw07utt/sw_0749_2726.utt,"# To find it,  /",217,,117
b,A,2726,,uh-huh/UH ./.,2/sw2726,,,2,sw07utt/sw_0749_2726.utt,uh-huh. # /,218,,117
sd,B,2726,,"But/CC when/WRB we/PRP found/VBD it/PRP ,/, it/PRP was/VBD ,/, we/PRP knew/VBD it/PRP ./.",2/sw2726,,,1,sw07utt/sw_0749_2726.utt,"# {C But } when we found # it, [ it was, + ] we knew it. /",219,,118
bf,A,2726,,You/PRP knew/VBD that/DT was/VBD it/PRP ./.,2/sw2726,,,1,sw07utt/sw_0749_2726.utt,You knew that was it. /,220,,119
aa,B,2726,,Yeah/UH ./.,2/sw2726,,,1,sw07utt/sw_0749_2726.utt,Yeah. /,221,,120
b,A,2726,,"Uh-huh/UH ,/,",2/sw2726,,,1,sw07utt/sw_0749_2726.utt,"Uh-huh,  /",222,,121
sd,A,2726,,"I/PRP 'll/MD probably/RB ,/, I/PRP 'll/MD probably/RB move/VB ,/,",2/sw2726,,,2,sw07utt/sw_0749_2726.utt,"[ I'll probably, + I'll probably ] move,  /",223,,121
sd,A,2726,,"but/CC I/PRP 'll/MD probably/RB move/VB to/IN another/DT apartment/NN or/CC something/NN because/IN I/PRP 'm/VBP ,/, I/PRP 'm/VBP ,/, I/PRP 'm/VBP really/RB ,/, uh/UH ,/,",2/sw2726,,,3,sw07utt/sw_0749_2726.utt,"{C but } I'll probably move to another apartment or something because [ [ I'm, + I'm, ] + I'm ]  really, {F uh, } - /",224,,121
t1,A,2726,,"what/WP 's/BES the/DT word/NN ,/,",2/sw2726,,,4,sw07utt/sw_0749_2726.utt,"what's the word,  /",225,,121
sd,A,2726,,"I/PRP move/VBP a/DT lot/NN anyway/RB ,/,",2/sw2726,,,5,sw07utt/sw_0749_2726.utt,"I move a lot anyway,",226,,121
b,B,2726,,Yeah/UH ./.,2/sw2726,,,1,sw07utt/sw_0749_2726.utt,# Yeah. # /,227,,122
+,A,2726,,"because/IN the/DT job/NN I/PRP have/VBP I/PRP only/JJ work/VBP ,/,",2/sw2726,,,1,sw07utt/sw_0749_2726.utt,"# because # the job I have I only work, - /",228,,123
sd,A,2726,,"like/IN here/RB ,/, I/PRP 'll/MD be/VB here/RB for/IN like/UH a/DT year/NN",2/sw2726,,,2,sw07utt/sw_0749_2726.utt,"like here, I'll be here for {D like } a year  /",229,,123
sd,A,2726,,"and/CC then/RB I/PRP 'll/MD move/VB off/RP ,/,",2/sw2726,,,3,sw07utt/sw_0749_2726.utt,"{C and then } I'll move off,  /",230,,123
sd,A,2726,,"I/PRP can/MD move/VB up/RP ,/,",2/sw2726,,,4,sw07utt/sw_0749_2726.utt,"I can move up,  /",231,,123
%,A,2726,,and/CC so/RB ./.,2/sw2726,,,5,sw07utt/sw_0749_2726.utt,{C and so. } -/,232,,123
qw,B,2726,,Where/WRB ?/.,2/sw2726,,,1,sw07utt/sw_0749_2726.utt,# Where? # /,233,,124
sd,A,2726,,"I/PRP 'm/VBP a/DT ,/, I/PRP 'm/VBP a/DT news/NN reporter/NN ./.",2/sw2726,,,1,sw07utt/sw_0749_2726.utt,"# [ I'm # a, + I'm a ] news reporter. /",234,,125
bk,B,2726,,"Oh/UH ,/, okay/UH ./.",2/sw2726,,,1,sw07utt/sw_0749_2726.utt,"# {F Oh, } okay.  # /",235,,126
sd,A,2726,,I/PRP work/VBP at/IN Channel/NNP Six/CD ./.,2/sw2726,,,1,sw07utt/sw_0749_2726.utt,# I work # at Channel Six. /,236,,127
bk,B,2726,,"Oh/UH ,/, okay/UH ./.",2/sw2726,,,1,sw07utt/sw_0749_2726.utt,"# {F Oh, } okay.  # /",237,,128
sd,A,2726,,and/CC so/RB this/DT is/VBZ like/UH my/PRP$ first/JJ job/NN,2/sw2726,,,1,sw07utt/sw_0749_2726.utt,# {C and so } # this is {D like } my first job  /,238,,129
sd,A,2726,,"so/RB I/PRP wo/MD n't/RB be/VB here/RB very/RB long/JJ ,/,",2/sw2726,,,2,sw07utt/sw_0749_2726.utt,"{C so }  I won't be here very long, /",239,,129
b,B,2726,,Right/UH ./.,2/sw2726,,,1,sw07utt/sw_0749_2726.utt,# Right. # /,240,,130
sd,A,2726,,"so/RB I/PRP 'm/VBP not/RB even/RB looking/VBG to/TO buy/VB anything/NN as/RB permanent/JJ as/IN house/NN ,/, you/PRP know/VBP ,/,",2/sw2726,,,1,sw07utt/sw_0749_2726.utt,"# {C so } # I'm not even looking to buy anything as permanent as house, {D you know, } /",241,,131
b,B,2726,,Right/UH ./.,2/sw2726,,,1,sw07utt/sw_0749_2726.utt,# Right. # /,242,,132
sd,A,2726,,"so/IN I/PRP 'm/VBP st/VBG ,/, staying/VBG in/IN an/DT apartment/NN",2/sw2726,,,1,sw07utt/sw_0749_2726.utt,"# {C so } # I'm [ st-, + staying ]  in an apartment  /",243,,133
sd,A,2726,,"and/CC I/PRP 'm/VBP not/RB married/JJ or/CC anything/NN ,/,",2/sw2726,,,2,sw07utt/sw_0749_2726.utt,"{C and } I'm not married or anything,  /",244,,133
sd,A,2726,,so/RB ./.,2/sw2726,,,3,sw07utt/sw_0749_2726.utt,{C so. },245,,133
%,B,2726,,Um/UH ./.,2/sw2726,,,1,sw07utt/sw_0749_2726.utt,{F Um. } /,246,,134
+,A,2726,,It/PRP 's/BES no/DT biggie/NN ./.,2/sw2726,,,1,sw07utt/sw_0749_2726.utt,It's no biggie. /,247,,135
b,B,2726,,"Yeah/UH ,/,",2/sw2726,,,1,sw07utt/sw_0749_2726.utt,"Yeah,  /",248,,136
sv,B,2726,,"and/CC that/DT 's/BES ,/, and/CC that/DT 's/BES one/CD thing/NN is/VBZ once/RB you/PRP ,/, you/PRP know/VBP ,/, you/PRP get/VBP into/IN a/DT house/NN it/PRP 's/BES like/IN ,/, you/PRP get/VBP more/JJR stuff/NN ,/,",2/sw2726,,,2,sw07utt/sw_0749_2726.utt,"[ {C and } that's, + {C and } that's ]  one thing is once [ you, + {D you know, } you ] get into a house it's like, you get more stuff, /",249,,136
b,A,2726,,Uh-huh/UH ./.,2/sw2726,,,1,sw07utt/sw_0749_2726.utt,# Uh-huh. # /,250,,137
sv,B,2726,,and/CC to/TO put/VB it/PRP all/DT back/RB into/IN an/DT apartment/NN would/MD just/RB never/RB work/VB MUMBLEx/XX ./.,2/sw2726,,,1,sw07utt/sw_0749_2726.utt,# {C and } # to put it all back into an apartment would just never work ((   )) . /,251,,138
aa,A,2726,,"Yeah/UH ,/,",2/sw2726,,,1,sw07utt/sw_0749_2726.utt,"# Yeah,  /",252,,139
aa^r,A,2726,,yeah/UH ./.,2/sw2726,,,2,sw07utt/sw_0749_2726.utt,yeah. # /,253,,139
sd,B,2726,,"God/NNP ,/, I/PRP ca/MD n't/RB believe/VB we/PRP moved/VBD out/IN of/IN an/DT apartment/NN and/CC had/VBD this/DT much/JJ stuff/NN",2/sw2726,,,1,sw07utt/sw_0749_2726.utt,"# God, I # can't believe we moved out of an apartment and had this much stuff  /",254,,140
sd,B,2726,,"and/CC it/PRP actually/RB fit/VBD ,/, you/PRP know/VBP ./.",2/sw2726,,,2,sw07utt/sw_0749_2726.utt,"{C and } it actually fit, {D you know. } /",255,,140
b,A,2726,,Yeah/UH ./.,2/sw2726,,,1,sw07utt/sw_0749_2726.utt,# Yeah. # /,256,,141
sd,B,2726,,"Of/IN course/NN we/PRP got/VBD it/PRP on/RP ,/, a/DT little/JJ bit/NN of/IN more/JJR furniture/NN and/CC stuff/NN ,/,",2/sw2726,,,1,sw07utt/sw_0749_2726.utt,"# Of # course we got it on, a little bit of more furniture and stuff,  /",257,,142
sd,B,2726,,but/CC it/PRP was/VBD just/RB unreal/JJ ./.,2/sw2726,,,2,sw07utt/sw_0749_2726.utt,{C but } it was just unreal. /,258,,142
aa,A,2726,,"Yeah/UH ,/,",2/sw2726,,,1,sw07utt/sw_0749_2726.utt,"Yeah,  /",259,,143
sd,A,2726,,"like/IN I/PRP 'm/VBP amazed/JJ at/IN how/WRB much/JJ stuff/NN I/PRP 've/VBP accumulated/VBN in/IN my/PRP$ apartment/NN ,/,",2/sw2726,,,2,sw07utt/sw_0749_2726.utt,"{D like } I'm amazed at how much stuff I've accumulated in my apartment,",260,,143
b,B,2726,,Yeah/UH ./.,2/sw2726,,,1,sw07utt/sw_0749_2726.utt,# Yeah. # /,261,,144
+,A,2726,,"because/IN ,/, up/IN to/IN this/DT point/NN I/PRP was/VBD in/IN school/NN so/IN I/PRP 'd/MD go/VB home/NN every/DT summer/NN",2/sw2726,,,1,sw07utt/sw_0749_2726.utt,"# because, # up to this point I was in school so I'd go home every summer /",262,,145
sd,A,2726,,"and/CC I/PRP could/MD take/VB all/DT my/PRP$ stuff/NN home/NN ,/, because/IN I/PRP did/VBD n't/RB have/VB a/DT bed/NN or/CC a/DT couch/NN or/CC any/DT ,/, any/DT of/IN that/DT ,/,",2/sw2726,,,2,sw07utt/sw_0749_2726.utt,"{C and } I could take all my stuff home, because I didn't have a bed or a couch or  [ any, + any ] of that, /",263,,145
b,B,2726,,Yeah/UH ./.,2/sw2726,,,1,sw07utt/sw_0749_2726.utt,# Yeah. # /,264,,146
sd,A,2726,,but/CC now/RB I/PRP could/MD not/RB move/VB back/RB home/NN ./.,2/sw2726,,,1,sw07utt/sw_0749_2726.utt,# {C but } # now I could not move back home.  /,265,,147
sd,A,2726,,"And/CC I/PRP just/RB realized/VBD this/DT ,/, you/PRP know/VBP ,/, the/DT other/JJ day/NN ,/,",2/sw2726,,,2,sw07utt/sw_0749_2726.utt,"{C And } I just realized this, {D you know, }  the other day,  /",266,,147
sd(^q),A,2726,,"I/PRP 'm/VBP going/VBG wait/VB a/DT minute/NN ,/,",2/sw2726,,,3,sw07utt/sw_0749_2726.utt,"I'm going wait a minute,  /",267,,147
^q,A,2726,,"I/PRP ca/MD n't/RB go/VB back/RB home/NN for/IN the/DT summer/NN or/CC anything/NN ,/, I/PRP have/VBP too/RB much/JJ stuff/NN ./.",2/sw2726,,,4,sw07utt/sw_0749_2726.utt,"I can't go back home for the summer or anything,  I have too much stuff. /",268,,147
b,B,2726,,Yeah/UH ./.,2/sw2726,,,1,sw07utt/sw_0749_2726.utt,# Yeah. # /,269,,148
sd,A,2726,,"So/RB ,/, it/PRP was/VBD just/RB like/IN a/DT weird/JJ transition/NN out/IN of/IN home/NN ,/,",2/sw2726,,,1,sw07utt/sw_0749_2726.utt,"# {C So, } # it was just {D like } a weird transition out of home <laughter>,  /",270,,149
sd,A,2726,,so/RB I/PRP have/VBP to/TO move/VB in/IN apartments/NNS just/RB because/IN I/PRP have/VBP so/RB much/JJ stuff/NN ./.,2/sw2726,,,2,sw07utt/sw_0749_2726.utt,{C so } I have to move in apartments just because I have so much stuff. /,271,,149
b,B,2726,,"Yeah/UH ,/,",2/sw2726,,,1,sw07utt/sw_0749_2726.utt,"Yeah,  /",272,,150
%,B,2726,,"and/CC that/DT 's/BES ,/,",2/sw2726,,,2,sw07utt/sw_0749_2726.utt,"{C and } that's, - /",273,,150
sv,B,2726,,"actually/RB three/CD fifteen/CD over/IN there/EX 's/BES probably/RB not/RB real/RB ,/, real/RB bad/JJ ./.",2/sw2726,,,3,sw07utt/sw_0749_2726.utt,"{D actually } three fifteen over there's probably not real, real bad. /",274,,150
aa,A,2726,,"No/UH ,/,",2/sw2726,,,1,sw07utt/sw_0749_2726.utt,"No,  /",275,,151
sv,A,2726,,"it/PRP 's/BES not/RB ,/,",2/sw2726,,,2,sw07utt/sw_0749_2726.utt,"it's not,  /",276,,151
sv^r,A,2726,,it/PRP 's/BES not/RB ./.,2/sw2726,,,3,sw07utt/sw_0749_2726.utt,it's not. /,277,,151
sv,B,2726,,"For/IN ,/, for/IN Waco/NNP",2/sw2726,,,1,sw07utt/sw_0749_2726.utt,"[ For, + for ] Waco  /",278,,152
sd,B,2726,,"and/CC ,/, and/CC for/IN as/IN many/JJ ,/,",2/sw2726,,,2,sw07utt/sw_0749_2726.utt,"[ {C and, } + {C and } ]  for [ as many, +",279,,152
b,A,2726,,Yeah/UH ./.,2/sw2726,,,1,sw07utt/sw_0749_2726.utt,# Yeah. # /,280,,153
+,B,2726,,"gosh/UH as/RB many/JJ as/IN apartments/NNS and/CC condo/GW 's/NNS are/VBP over/IN there/RB ,/,",2/sw2726,,,1,sw07utt/sw_0749_2726.utt,"# gosh # as many ] [ as + ] apartments and condo's are over there, /",281,,154
ba,A,2726,,"Oh/UH my/PRP$ goodness/NN ,/,",2/sw2726,,,1,sw07utt/sw_0749_2726.utt,"# {F Oh } my goodness,  /",282,,155
aa,A,2726,,yeah/UH ./.,2/sw2726,,,2,sw07utt/sw_0749_2726.utt,yeah. # /,283,,155
%,B,2726,,"I/PRP mean/VBP it/PRP ,/, it/PRP 's/BES just/RB ,/,",2/sw2726,,,1,sw07utt/sw_0749_2726.utt,"# {E I mean } [ it, + it's ] # just, - /",284,,156
sd,B,2726,,"and/CC ,/, and/CC especially/RB around/IN Lake/NNP Shore/NNP area/NN ,/, that/DT area/NN 's/HVS picked/VBN up/RP quite/PDT a/DT bit/NN since/IN we/PRP were/VBD there/RB ,/,",2/sw2726,,,2,sw07utt/sw_0749_2726.utt,"[ {C and, } +  {C and } ] especially around Lake Shore area, that area's picked up quite a bit since we were there,  /",285,,156
%,B,2726,,"and/CC ,/, uh/UH ./.",2/sw2726,,,3,sw07utt/sw_0749_2726.utt,"{C and, } {F uh. } -/",286,,156
b,A,2726,,"Uh-huh/UH ,/,",2/sw2726,,,1,sw07utt/sw_0749_2726.utt,"Uh-huh,  /",287,,157
b,A,2726,,"yeah/UH ,/,",2/sw2726,,,2,sw07utt/sw_0749_2726.utt,"yeah,  /",288,,157
b^r,A,2726,,uh-huh/UH ./.,2/sw2726,,,3,sw07utt/sw_0749_2726.utt,uh-huh.  /,289,,157
sd,A,2726,,"There/EX ,/, there/EX are/VBP tons/NNS of/IN apartments/NNS down/IN here/RB ,/, I/PRP mean/VBP ,/,",2/sw2726,,,4,sw07utt/sw_0749_2726.utt,"[ There, + there ]  are tons of apartments down here, {E I mean, }  /",290,,157
%,A,2726,,"and/CC it/PRP ,/,",2/sw2726,,,5,sw07utt/sw_0749_2726.utt,"{C and } it, -/",291,,157
aa,B,2726,,"Yeah/UH ,/,",2/sw2726,,,1,sw07utt/sw_0749_2726.utt,"Yeah,  /",292,,158
sd,B,2726,,"because/IN I/PRP ,/, I/PRP had/VBD lived/VBN in/IN the/DT ,/,",2/sw2726,,,2,sw07utt/sw_0749_2726.utt,"{C because } [ I, + I ]  had lived in the, - /",293,,158
sd,B,2726,,"gosh/UH ,/, I/PRP 'm/VBP not/RB sure/JJ what/WP they/PRP 're/VBP called/VBN now/RB",2/sw2726,,,3,sw07utt/sw_0749_2726.utt,"gosh, I'm not sure what they're called now  /",294,,158
sd,B,2726,,"but/CC they/PRP were/VBD Lake/NNP Shore/NNP Apartments/NNP that/WDT are/VBP like/UH right/RB next/RB to/IN the/DT baseball/NN field/NN ,/, M/NNP C/NNP C/NNP Baseball/NN field/NN ,/,",2/sw2726,,,4,sw07utt/sw_0749_2726.utt,"{C but } they were Lake Shore Apartments that  are {D like } right next to the [ baseball field, + M C C Baseball field, ]  /",295,,158
ar,B,2726,,but/CC ./.,2/sw2726,,,5,sw07utt/sw_0749_2726.utt,{C but. },296,,158
sd,A,2726,,"M/NNP C/NNP C/NNP ,/,",2/sw2726,,,1,sw07utt/sw_0749_2726.utt,"M C C,  /",297,,159
aa,A,2726,,"yeah/UH ,/,",2/sw2726,,,2,sw07utt/sw_0749_2726.utt,"yeah,  /",298,,159
aa,A,2726,,yeah/UH ./.,2/sw2726,,,3,sw07utt/sw_0749_2726.utt,yeah.  /,299,,159
sd,A,2726,,"I/PRP ,/, I/PRP think/VBP they/PRP 're/VBP called/VBN Lake/NNP Shore/NNP Villa/NNP or/CC something/NN ./.",2/sw2726,,,4,sw07utt/sw_0749_2726.utt,"[ I, + I ]  think they're called Lake Shore Villa or  something. /",300,,159
+,B,2726,,"No/UH ,/,",2/sw2726,,,1,sw07utt/sw_0749_2726.utt,"No,  /",301,,160
sd,B,2726,,"the/DT ones/NNS next/JJ door/NN to/IN those/DT ,/,",2/sw2726,,,2,sw07utt/sw_0749_2726.utt,"the ones next door to those,  /",302,,160
sd,B,2726,,"there/EX were/VBD Lake/NNP Shore/NNP ,/,",2/sw2726,,,3,sw07utt/sw_0749_2726.utt,"there were Lake Shore, -/",303,,160
%,A,2726,,Um/UH ./.,2/sw2726,,,1,sw07utt/sw_0749_2726.utt,# {F Um. }  # /,304,,161
%,B,2726,,"there/EX 's/BES a/DT ,/,",2/sw2726,,,1,sw07utt/sw_0749_2726.utt,"# there's # a, - /",305,,162
sd,B,2726,,I/PRP do/VBP n't/RB know/VB what/WP they/PRP look/VBP like/IN now/RB ./.,2/sw2726,,,2,sw07utt/sw_0749_2726.utt,I don't know what they look like now. /,306,,162
sd,A,2726,,And/CC it/PRP 's/BES a/DT nursing/NN,2/sw2726,,,1,sw07utt/sw_0749_2726.utt,{C And } it's a nursing - /,307,,163
sd,A,2726,,there/EX was/VBD a/DT nursing/NN home/NN or/CC something/NN right/RB there/RB ./.,2/sw2726,,,2,sw07utt/sw_0749_2726.utt,there was a nursing home or something right there. /,308,,163
aa,B,2726,,Yeah/UH,2/sw2726,,,1,sw07utt/sw_0749_2726.utt,Yeah  /,309,,164
sd^m,B,2726,,there/EX was/VBD a/DT nursing/NN home/NN,2/sw2726,,,2,sw07utt/sw_0749_2726.utt,there was a nursing home  /,310,,164
sd,B,2726,,and/CC then/RB there/EX 's/BES an/DT apartment/NN,2/sw2726,,,3,sw07utt/sw_0749_2726.utt,{C and then }  there's an apartment  /,311,,164
sd,B,2726,,and/CC then/RB there/EX 's/BES another/DT apartment/NN ./.,2/sw2726,,,4,sw07utt/sw_0749_2726.utt,{C and then } there's another apartment. /,312,,164
b,A,2726,,"Uh-huh/UH ,/,",2/sw2726,,,1,sw07utt/sw_0749_2726.utt,"Uh-huh,  /",313,,165
b^r,A,2726,,uh-huh/UH ./.,2/sw2726,,,2,sw07utt/sw_0749_2726.utt,uh-huh. /,314,,165
sd,B,2726,,"And/CC we/PRP lived/VBD in/IN those/DT ,/, those/DT third/JJ ones/NNS",2/sw2726,,,1,sw07utt/sw_0749_2726.utt,"{C And } we lived in [ those, + those ]  third ones  /",315,,166
sd,B,2726,,"and/CC they/PRP we/PRP moved/VBD in/RB when/WRB they/PRP were/VBD brand/NN new/JJ ,/,",2/sw2726,,,2,sw07utt/sw_0749_2726.utt,"{C and } they we moved in when they were brand new,",316,,166
b,A,2726,,Uh-huh/UH ./.,2/sw2726,,,1,sw07utt/sw_0749_2726.utt,# Uh-huh. # /,317,,167
+,B,2726,,"uh/UH ,/, you/PRP know/VBP ,/,",2/sw2726,,,1,sw07utt/sw_0749_2726.utt,"# {F uh, } # {D you know, }  /",318,,168
sd(^q),B,2726,,"we/PRP drive/VBP by/RP now/RB and/CC think/VBP ,/, gosh/UH ,/, you/PRP know/VBP ,/,",2/sw2726,,,2,sw07utt/sw_0749_2726.utt,"we drive by now and think, gosh, {D you know, }",319,,168
b,A,2726,,Yeah/UH ./.,2/sw2726,,,1,sw07utt/sw_0749_2726.utt,# Yeah. # /,320,,169
+,B,2726,,look/VB how/WRB much/JJ it/PRP 's/HVS changed/VBN an/DT ./.,2/sw2726,,,1,sw07utt/sw_0749_2726.utt,# look # how much it's changed  [ an. + ] /,321,,170
qw,A,2726,,How/WRB often/RB do/VBP you/PRP all/DT come/VB through/IN Waco/NNP ?/.,2/sw2726,,,1,sw07utt/sw_0749_2726.utt,How often do you all come through Waco? /,322,,171
sd,B,2726,,"Oh/UH ,/, every/DT now/RB and/CC then/RB ,/,",2/sw2726,,,1,sw07utt/sw_0749_2726.utt,"{F Oh, } every now and then, /",323,,172
b,A,2726,,Uh-huh/UH ./.,2/sw2726,,,1,sw07utt/sw_0749_2726.utt,# Uh-huh. # /,324,,173
%,B,2726,,"it/PRP just/RB ,/,",2/sw2726,,,1,sw07utt/sw_0749_2726.utt,"# it # just, - /",325,,174
%,B,2726,,"we/PRP ,/,",2/sw2726,,,2,sw07utt/sw_0749_2726.utt,"we, -/",326,,174
bf,A,2726,,Depends/VBZ on/IN what/WP 's/BES going/VBG on/RP ./.,2/sw2726,,,1,sw07utt/sw_0749_2726.utt,Depends on what's going on. /,327,,175
%,B,2726,,"It/PRP 's/BES ,/, uh/UH ,/,",2/sw2726,,,1,sw07utt/sw_0749_2726.utt,"It's, {F uh, } - /",328,,176
aa,B,2726,,"yeah/UH ,/,",2/sw2726,,,2,sw07utt/sw_0749_2726.utt,"yeah,  /",329,,176
%,B,2726,,"and/CC it/PRP 's/BES not/RB really/RB ,/,",2/sw2726,,,3,sw07utt/sw_0749_2726.utt,"{C and } it's not  really, - /",330,,176
sd,B,2726,,"now/RB that/IN it/PRP 's/BES sixty-five/CD it/PRP does/VBZ n't/RB take/VB hardly/RB anytime/RB to/TO get/VB there/RB ,/, you/PRP know/VBP ,/, run/VB to/IN the/DT mall/NN or/CC run/VB to/IN Sam/NNP 's/POS or/CC ,/,",2/sw2726,,,4,sw07utt/sw_0749_2726.utt,"now that it's sixty-five it doesn't take hardly anytime to get there, {D you know, }  run to the mall or run to Sam's [ or, +",331,,176
b,A,2726,,"Uh-huh/UH ,/,",2/sw2726,,,1,sw07utt/sw_0749_2726.utt,"# Uh-huh,  /",332,,177
b^r,A,2726,,"uh-huh/UH ,/,",2/sw2726,,,2,sw07utt/sw_0749_2726.utt,"uh-huh,  /",333,,177
b,A,2726,,yeah/UH ./.,2/sw2726,,,3,sw07utt/sw_0749_2726.utt,yeah. # /,334,,177
+,B,2726,,or/CC whatever/WDT ./.,2/sw2726,,,1,sw07utt/sw_0749_2726.utt,# or ] whatever.  /,335,,178
sd,B,2726,,"We/PRP used/VBD to/TO run/VB to/IN Re-/NNP ,/, you/PRP know/VBP ,/, Red/NNP Lobster/NN",2/sw2726,,,2,sw07utt/sw_0749_2726.utt,"We # used to run to  [ Re-, + {D you know, } Red ] Lobster  /",336,,178
sd,B,2726,,"but/CC now/RB they/PRP 've/VBP got/VBN one/CD in/IN Killeen/NNP ,/,",2/sw2726,,,3,sw07utt/sw_0749_2726.utt,"{C but } now they've got one in Killeen,  /",337,,178
%,B,2726,,"so/RB ,/,",2/sw2726,,,4,sw07utt/sw_0749_2726.utt,"{C so, } -/",338,,178
b,A,2726,,"Uh-huh/UH ,/,",2/sw2726,,,1,sw07utt/sw_0749_2726.utt,"# Uh-huh,  /",339,,179
bk,A,2726,,all/RB right/JJ ./.,2/sw2726,,,2,sw07utt/sw_0749_2726.utt,all right <laughter>.  # /,340,,179
sd,B,2726,,we/PRP do/VBP n't/RB have/VB to/TO run/VB that/RB far/RB ./.,2/sw2726,,,1,sw07utt/sw_0749_2726.utt,# we don't have to # run that far <laughter>.   /,341,,180
sd,B,2726,,"So/RB that/DT 's/BES ,/, that/DT 's/BES about/RB how/WRB things/NNS are/VBP",2/sw2726,,,2,sw07utt/sw_0749_2726.utt,"{C So }  [ that's, + that's ] about how things are  /",342,,180
sv,B,2726,,"and/CC the/DT ,/, seems/VBZ like/IN the/DT market/NN here/RB 's/BES picking/VBG up/RP ./.",2/sw2726,,,3,sw07utt/sw_0749_2726.utt,"{C and } [ the, + ]   seems like the market here's picking up. /",343,,180
bh,A,2726,,"You/PRP think/VBP ,/,",2/sw2726,,,1,sw07utt/sw_0749_2726.utt,"You think,  /",344,,181
b,A,2726,,"uh-huh/UH ,/,",2/sw2726,,,2,sw07utt/sw_0749_2726.utt,"uh-huh,  /",345,,181
b^r,A,2726,,uh-huh/UH ./.,2/sw2726,,,3,sw07utt/sw_0749_2726.utt,uh-huh. /,346,,181
aa,B,2726,,"Yeah/UH ,/,",2/sw2726,,,1,sw07utt/sw_0749_2726.utt,"Yeah,  /",347,,182
sd,B,2726,,I/PRP really/RB think/VBP it/PRP is/VBZ ./.,2/sw2726,,,2,sw07utt/sw_0749_2726.utt,I really think it is. /,348,,182
%,A,2726,,Um/UH ./.,2/sw2726,,,1,sw07utt/sw_0749_2726.utt,{F Um. } /,349,,183
sd,B,2726,,"Just/RB for/IN the/DT fact/NN that/IN the/DT ,/, you/PRP know/VBP ,/,",2/sw2726,,,1,sw07utt/sw_0749_2726.utt,"Just for the fact that the, {D you know, } - /",350,,184
sd,B,2726,,"it/PRP 's/BES ,/, it/PRP seemed/VBD like/IN as/RB soon/RB as/IN we/PRP bought/VBD this/DT house/NN we/PRP saw/VBD all/PDT these/DT houses/NNS for/IN sale/NN ,/,",2/sw2726,,,2,sw07utt/sw_0749_2726.utt,"[ it's, + it ] seemed like as soon as we bought this house we saw all these houses for sale,",351,,184
%,A,2726,,Um/UH ./.,2/sw2726,,,1,sw07utt/sw_0749_2726.utt,# {F Um. }  # /,352,,185
+,B,2726,,"you/PRP know/VBP ,/,",2/sw2726,,,1,sw07utt/sw_0749_2726.utt,"# {D you # know, }  /",353,,186
sd,B,2726,,and/CC I/PRP think/VBP now/RB a/DT lot/NN of/IN them/PRP are/VBP selling/VBG,2/sw2726,,,2,sw07utt/sw_0749_2726.utt,{C and } I think now a lot of them are selling  /,354,,186
sd,B,2726,,"and/CC a/DT lot/NN of/IN sellers/NNS are/VBP getting/VBG close/RB to/IN what/WP they/PRP want/VBP instead/IN of/IN ,/, you/PRP know/VBP ,/, just/RB having/VBG to/TO give/VB it/PRP away/RB ./.",2/sw2726,,,3,sw07utt/sw_0749_2726.utt,"{C and } a lot of sellers are getting close to what they want instead of, {D you know, } just having to give it away. /",355,,186
sv,A,2726,,"Waco/NNP to/IN me/PRP seems/VBZ ,/, seems/VBZ like/IN it/PRP 's/BES pretty/RB steady/JJ ./.",2/sw2726,,,1,sw07utt/sw_0749_2726.utt,"Waco to me [ seems, + seems ] like it's pretty steady.  /",356,,187
sd,A,2726,,"I/PRP mean/VBP I/PRP 'm/VBP not/RB a/DT real/JJ estate/NN person/NN or/CC anything/NN ,/,",2/sw2726,,,2,sw07utt/sw_0749_2726.utt,"{E I mean } I'm not a real estate person or anything, /",357,,187
b,B,2726,,Yeah/UH ./.,2/sw2726,,,1,sw07utt/sw_0749_2726.utt,# Yeah. # /,358,,188
sd,A,2726,,"but/CC it/PRP ,/, it/PRP 's/BES a/DT real/JJ college/NN town/NN",2/sw2726,,,1,sw07utt/sw_0749_2726.utt,"# {C but } # [ it, + it's ]  a real college town /",359,,189
sd,A,2726,,"and/CC so/RB you/PRP know/VBP ,/, you/PRP have/VBP these/DT apartments/NNS",2/sw2726,,,2,sw07utt/sw_0749_2726.utt,"{C and so } {D you know, } you have these apartments  /",360,,189
sv,A,2726,,"and/CC then/RB the/DT ,/, the/DT houses/NNS are/VBP all/DT ,/, most/JJS of/IN the/DT houses/NNS are/VBP pretty/RB nice/JJ ,/,",2/sw2726,,,3,sw07utt/sw_0749_2726.utt,"{C and then } [ [ the, + the ]  houses are all, + most of the houses are ] pretty nice, /",361,,189
b,B,2726,,Yeah/UH ./.,2/sw2726,,,1,sw07utt/sw_0749_2726.utt,# Yeah. # /,362,,190
sd,A,2726,,"and/CC I/PRP do/VBP n't/RB ,/, I/PRP do/VBP n't/RB ,/, you/PRP know/VBP really/RB see/VB a/DT lot/NN on/IN sale/NN or/CC anything/NN",2/sw2726,,,1,sw07utt/sw_0749_2726.utt,"# {C and } # [ I don't, + I don't, ] {D you know }  really see a lot on sale or anything  /",363,,191
sv,A,2726,,and/CC people/NNS are/VBP pretty/RB stable/JJ here/RB ./.,2/sw2726,,,2,sw07utt/sw_0749_2726.utt,{C and } people are pretty stable here. /,364,,191
b,B,2726,,Yeah/UH ./.,2/sw2726,,,1,sw07utt/sw_0749_2726.utt,Yeah. /,365,,192
sd,A,2726,,"You/PRP know/VBP ,/, I/PRP kind/RB of/RB see/VBP this/DT as/JJ kind/RB of/RB a/DT retirement/NN community/NN ,/, as/IN I/PRP always/RB call/VBP it/PRP ./.",2/sw2726,,,1,sw07utt/sw_0749_2726.utt,"{D You know, } I kind of see this as kind of a retirement community, as I always call it. /",366,,193
aa,B,2726,,"Yeah/UH ,/,",2/sw2726,,,1,sw07utt/sw_0749_2726.utt,"Yeah,  /",367,,194
sd,B,2726,,"I/PRP ,/, I/PRP saw/VBD ,/, I/PRP see/VBP that/DT a/DT lot/NN too/RB ,/, there/RB ./.",2/sw2726,,,2,sw07utt/sw_0749_2726.utt,"[ [ I, + I ] saw, + I see ]  that a lot too, there. /",368,,194
b,A,2726,,Yeah/UH ./.,2/sw2726,,,1,sw07utt/sw_0749_2726.utt,Yeah. /,369,,195
sv,B,2726,,And/CC it/PRP 's/BES nice/JJ too/RB ./.,2/sw2726,,,1,sw07utt/sw_0749_2726.utt,{C And } it's nice too. /,370,,196
b,A,2726,,Uh-huh/UH ./.,2/sw2726,,,1,sw07utt/sw_0749_2726.utt,Uh-huh. /,371,,197
sd,B,2726,,I/PRP liked/VBD living/VBG there/RB ./.,2/sw2726,,,1,sw07utt/sw_0749_2726.utt,I liked living there. /,372,,198
sd,A,2726,,"Nice/JJ and/CC quiet/JJ ,/,",2/sw2726,,,1,sw07utt/sw_0749_2726.utt,"Nice and quiet,  /",373,,199
sd,A,2726,,so/RB ./. I/PRP do/VBP n't/RB think/VB I/PRP could/MD live/VB here/RB much/RB longer/RBR,2/sw2726,,,2,sw07utt/sw_0749_2726.utt,{C so. } I don't think I could live here much longer  /,374,,199
sd,A,2726,,"but/CC ,/,",2/sw2726,,,3,sw07utt/sw_0749_2726.utt,"{C but } <laughter>,",375,,199
x,B,2726,,,2/sw2726,,,1,sw07utt/sw_0749_2726.utt,# <Laughter>.  #,376,,200
+,A,2726,,I/PRP 'll/MD deal/VB with/IN it/PRP ./.,2/sw2726,,,1,sw07utt/sw_0749_2726.utt,# I'll # deal with it. /,377,,201
%,B,2726,,"Well/UH ,/,",2/sw2726,,,1,sw07utt/sw_0749_2726.utt,"{D Well, } -/",378,,202
%,A,2726,,"Well/UH it/PRP ,/,",2/sw2726,,,1,sw07utt/sw_0749_2726.utt,"# {D Well }  (( it )) , # -/",379,,203
sv,B,2726,,"I/PRP guess/VBP we/PRP chewed/VBD up/RP the/DT house/NN market/NN ,/,",2/sw2726,,,1,sw07utt/sw_0749_2726.utt,"# I guess # we chewed up the house market,",380,,204
aa,A,2726,,Yeah/UH ./.,2/sw2726,,,1,sw07utt/sw_0749_2726.utt,<Laughter>  Yeah. /,381,,205
+,B,2726,,and/CC apartment/NN market/NN for/IN a/DT while/NN ./.,2/sw2726,,,1,sw07utt/sw_0749_2726.utt,and apartment market for a while. /,382,,206
aa,A,2726,,"Really/UH ,/,",2/sw2726,,,1,sw07utt/sw_0749_2726.utt,"Really,  /",383,,207
fc,A,2726,,okay/UH well/UH it/PRP was/VBD very/RB nice/JJ talking/VBG to/IN you/PRP ./.,2/sw2726,,,2,sw07utt/sw_0749_2726.utt,okay {D well } it was very nice talking to you. /,384,,207
fc,B,2726,,"You/PRP too/RB ,/, Tanya/NNP ./.",2/sw2726,,,1,sw07utt/sw_0749_2726.utt,"You too, Tanya. /",385,,208
fc,A,2726,,"Okay/UH ,/,",2/sw2726,,,1,sw07utt/sw_0749_2726.utt,"Okay,  /",386,,209
fc,A,2726,,"you/PRP take/VBP care/NN ,/,",2/sw2726,,,2,sw07utt/sw_0749_2726.utt,"you take care, /",387,,209
fc,B,2726,,All/RB right/JJ ./.,2/sw2726,,,1,sw07utt/sw_0749_2726.utt,All right. /,388,,210
fc,A,2726,,"Okay/UH ,/,",2/sw2726,,,1,sw07utt/sw_0749_2726.utt,"Okay,  /",389,,211
fc,A,2726,,"bye/UH ,/, bye/UH ./.",2/sw2726,,,2,sw07utt/sw_0749_2726.utt,"bye, bye. /",390,,211
fc,B,2726,,"Bye/UH ,/, bye/UH ./.",2/sw2726,,,1,sw07utt/sw_0749_2726.utt,"Bye, bye. /",391,,212
