swda_filename,ptb_basename,conversation_no,transcript_index,act_tag,caller,utterance_index,subutterance_index,text,pos,trees,ptb_treenumbers,start_ts,end_ts
sw09utt/sw_0908_2844.utt,2/sw2844,2844,0,o,A,1,1,Okay.  /,Okay/UH ./.,,,1.1,1.32
sw09utt/sw_0908_2844.utt,2/sw2844,2844,1,sd,A,1,2,"{D Well, } I heard Dallas is pretty bad with the crime. /","Well/UH ,/, I/PRP heard/VBD Dallas/NNP is/VBZ pretty/RB bad/JJ with/IN the/DT crime/NN ./.",,,1.32,3.54
sw09utt/sw_0908_2844.utt,2/sw2844,2844,2,sd,B,2,1,"{D Well, } {D you know, } {D you know } last night I was listening to the, {F uh, } ten o'clock news. /","Well/UH ,/, you/PRP know/VBP ,/, you/PRP know/VBP last/JJ night/NN I/PRP was/VBD listening/VBG to/IN the/DT ,/, uh/UH ,/, ten/CD o'clock/RB news/NN ./.",,,3.92,7.26
sw09utt/sw_0908_2844.utt,2/sw2844,2844,3,b,A,3,1,Uh-huh. /,Uh-huh/UH ./.,,,7.26,7.46
sw09utt/sw_0908_2844.utt,2/sw2844,2844,4,sd,B,4,1,"{C And } for the first five to seven minutes of a news broadcast all they were talking about was the number of shootings, the number of drug deals that were going on, and crime  /","And/CC for/IN the/DT first/JJ five/CD to/IN seven/CD minutes/NNS of/IN a/DT news/NN broadcast/NN all/DT they/PRP were/VBD talking/VBG about/IN was/VBD the/DT number/NN of/IN shootings/NNS ,/, the/DT number/NN of/IN drug/NN deals/NNS that/WDT were/VBD going/VBG on/RP ,/, and/CC crime/NN",,,7.64,15.82
sw09utt/sw_0908_2844.utt,2/sw2844,2844,5,sv,B,4,2,"[ {C and, } + {C and } ] it's so depressing just to even listen to the news anymore. /","and/CC ,/, and/CC it/PRP 's/BES so/RB depressing/JJ just/RB to/TO even/RB listen/VB to/IN the/DT news/NN anymore/RB ./.",,,15.82,19.040000000000003
sw09utt/sw_0908_2844.utt,2/sw2844,2844,6,aa,A,5,1,Uh-huh <noise>.  /,Uh-huh/UH ./.,,,19.02,19.22
sw09utt/sw_0908_2844.utt,2/sw2844,2844,7,sd,A,5,2,The same way here in Dennison. /,The/DT same/JJ way/NN here/RB in/IN Dennison/NNP ./.,,,19.76,20.96
sw09utt/sw_0908_2844.utt,2/sw2844,2844,8,b,B,6,1,Uh-huh. /,Uh-huh/UH ./.,,,20.98,21.12
sw09utt/sw_0908_2844.utt,2/sw2844,2844,9,sd,A,7,1,"{E I mean, } {F uh, } back a couple weeks ago they found, {F uh, } some people I don't remember at some fast food restaurant.  /","I/PRP mean/VBP ,/, uh/UH ,/, back/RB a/DT couple/NN weeks/NNS ago/RB they/PRP found/VBD ,/, uh/UH ,/, some/DT people/NNS I/PRP do/VBP n't/RB remember/VB at/IN some/DT fast/JJ food/NN restaurant/NN ./.",,,21.64,28.779999999999998
sw09utt/sw_0908_2844.utt,2/sw2844,2844,10,sd,A,7,2,"[ They had been, + I can't remember if they had been shot ] or if they had just been thrown in the freezer  /","They/PRP had/VBD been/VBN ,/, I/PRP ca/MD n't/RB remember/VB if/IN they/PRP had/VBD been/VBN shot/VBN or/CC if/IN they/PRP had/VBD just/RB been/VBN thrown/VBN in/IN the/DT freezer/NN",,,28.78,32.42
sw09utt/sw_0908_2844.utt,2/sw2844,2844,11,sd,A,7,3,"{C but } I'm pretty sure they'd been shot and put the freezer at the fast,","but/CC I/PRP 'm/VBP pretty/RB sure/JJ they/PRP 'd/VBD been/VBN shot/VBN and/CC put/VBN the/DT freezer/NN at/IN the/DT fast/JJ ,/,",,,32.42,35.02
sw09utt/sw_0908_2844.utt,2/sw2844,2844,12,b,B,8,1,Uh-huh. /,Uh-huh/UH ./.,,,35.04,35.32
sw09utt/sw_0908_2844.utt,2/sw2844,2844,13,+,A,9,1,food restaurant. /,food/NN restaurant/NN ./.,,,35.3,35.74
sw09utt/sw_0908_2844.utt,2/sw2844,2844,14,b,B,10,1,Uh-huh. /,Uh-huh/UH ./.,,,35.92,36.22
sw09utt/sw_0908_2844.utt,2/sw2844,2844,15,sd,A,11,1,"{C And } I've [ worked, + worked ] in fast food restaurants.  /","And/CC I/PRP 've/VBP worked/VBN ,/, worked/VBN in/IN fast/JJ food/NN restaurants/NNS ./.",,,36.2,38.300000000000004
sw09utt/sw_0908_2844.utt,2/sw2844,2844,16,sv,A,11,2,"They don't have that much money on hand, /","They/PRP do/VBP n't/RB have/VB that/RB much/JJ money/NN on/IN hand/NN ,/,",,,38.3,39.6
sw09utt/sw_0908_2844.utt,2/sw2844,2844,17,b,B,12,1,Yeah. /,Yeah/UH ./.,,,39.62,39.72
sw09utt/sw_0908_2844.utt,2/sw2844,2844,18,sv,A,13,1,they really don't. /,they/PRP really/RB do/VBP n't/RB ./.,,,39.7,40.440000000000005
sw09utt/sw_0908_2844.utt,2/sw2844,2844,19,aa,B,14,1,Yeah.  /,Yeah/UH ./.,,,40.56,40.800000000000004
sw09utt/sw_0908_2844.utt,2/sw2844,2844,20,sd,B,14,2,I did too.  /,I/PRP did/VBD too/RB ./.,,,41.12,41.54
sw09utt/sw_0908_2844.utt,2/sw2844,2844,21,sd,B,14,3,"I remember [ us-, + I used ] to work at, {F uh, } Kentucky Fried Chicken. /","I/PRP remember/VBP us/VBD ,/, I/PRP used/VBD to/TO work/VB at/IN ,/, uh/UH ,/, Kentucky/NNP Fried/NNP Chicken/NNP ./.",,,41.54,44.519999999999996
sw09utt/sw_0908_2844.utt,2/sw2844,2844,22,b,A,15,1,Uh-huh. /,Uh-huh/UH ./.,,,44.74,44.96
sw09utt/sw_0908_2844.utt,2/sw2844,2844,23,sd,B,16,1,"[ {C And, } + {C and  } ] I just couldn't believe, {F um, } {D you know, }  that - /","And/CC ,/, and/CC I/PRP just/RB could/MD n't/RB believe/VB ,/, um/UH ,/, you/PRP know/VBP ,/, that/IN",,,45.0,47.980000000000004
sw09utt/sw_0908_2844.utt,2/sw2844,2844,24,sd,B,16,2,now I would hate to work at a fast food restaurant or even have my children work in one. /,now/RB I/PRP would/MD hate/VB to/TO work/VB at/IN a/DT fast/JJ food/NN restaurant/NN or/CC even/RB have/VB my/PRP$ children/NNS work/VB in/IN one/NN ./.,,,47.98,51.8
sw09utt/sw_0908_2844.utt,2/sw2844,2844,25,b,A,17,1,Uh-huh. /,Uh-huh/UH ./.,,,51.9,52.059999999999995
sw09utt/sw_0908_2844.utt,2/sw2844,2844,26,sv,B,18,1,"And, {F uh, } because of, {F uh, } the crime - /","And/CC ,/, uh/UH ,/, because/IN of/IN ,/, uh/UH ,/, the/DT crime/NN",,,52.28,54.3
sw09utt/sw_0908_2844.utt,2/sw2844,2844,27,sv,B,18,2,"that they would, {F um, } kill people just for the few couple hundred dollars that they would have in there,","that/IN they/WDT would/MD ,/, um/UH ,/, kill/VB people/NNS just/RB for/IN the/DT few/JJ couple/NN hundred/CD dollars/NNS that/WDT they/PRP would/MD have/VB in/IN there/RB ,/,",,,54.3,58.96
sw09utt/sw_0908_2844.utt,2/sw2844,2844,28,b,A,19,1,Yeah. /,Yeah/UH ./.,,,59.22,59.48
sw09utt/sw_0908_2844.utt,2/sw2844,2844,29,+,B,20,1,"{F uh, } in their cash drawer. -/","uh/UH ,/, in/IN their/PRP$ cash/NN drawer/NN ./.",,,59.5,61.26
sw09utt/sw_0908_2844.utt,2/sw2844,2844,30,aa,A,21,1,Right.  /,Right/UH ./.,,,61.36,61.7
sw09utt/sw_0908_2844.utt,2/sw2844,2844,31,sd,A,21,2,My husband worked at a gas station when he was a teenager. /,My/PRP$ husband/NN worked/VBD at/IN a/DT gas/NN station/NN when/WRB he/PRP was/VBD a/DT teenager/NN ./.,,,61.7,64.2
sw09utt/sw_0908_2844.utt,2/sw2844,2844,32,b,B,22,1,Uh-huh. /,Uh-huh/UH ./.,,,64.52,64.67999999999999
sw09utt/sw_0908_2844.utt,2/sw2844,2844,33,sd,A,23,1,"{C And } [ he, + {D well } I don't know, he ] decided not to work one night or something  /","And/CC he/PRP ,/, well/UH I/PRP do/VBP n't/RB know/VB ,/, he/PRP decided/VBD not/RB to/TO work/VB one/CD night/NN or/CC something/NN",,,64.98,68.96
sw09utt/sw_0908_2844.utt,2/sw2844,2844,34,sd,A,23,2,"{C and } one of the guys that was working was shot, /","and/CC one/CD of/IN the/DT guys/NNS that/WDT was/VBD working/VBG was/VBD shot/VBN ,/,",,,68.96,72.4
sw09utt/sw_0908_2844.utt,2/sw2844,2844,35,b,B,24,1,Uh-huh. /,Uh-huh/UH ./.,,,72.58,72.72
sw09utt/sw_0908_2844.utt,2/sw2844,2844,36,sd,A,25,1,"{C and, } Kenny quit the next day. /","and/CC ,/, Kenny/NNP quit/VBD the/DT next/JJ day/NN ./.",,,72.7,73.75999999999999
sw09utt/sw_0908_2844.utt,2/sw2844,2844,37,b,B,26,1,Uh-huh. /,Uh-huh/UH ./.,,,73.78,73.98
sw09utt/sw_0908_2844.utt,2/sw2844,2844,38,sd,A,27,1,"[ He just, + he couldn't ] deal with it. /","He/PRP just/RB ,/, he/PRP could/MD n't/RB deal/VB with/IN it/PRP ./.",,,74.46,75.88000000000001
sw09utt/sw_0908_2844.utt,2/sw2844,2844,39,b,B,28,1,Yeah.  /,Yeah/UH ./.,,,76.18,76.42
sw09utt/sw_0908_2844.utt,2/sw2844,2844,40,b^r,B,28,2,yeah.  /,yeah/UH ./.,,,76.98,77.22
sw09utt/sw_0908_2844.utt,2/sw2844,2844,41,ba,B,28,3,"{F Oh, } I understand what your talking about.  /","Oh/UH ,/, I/PRP understand/VBP what/WP you/PRP 're/VBP  talking/VBG about/IN ./.",,,77.82,79.14
sw09utt/sw_0908_2844.utt,2/sw2844,2844,42,%,B,28,4,"So, yeah,  /","So/RB ,/, yeah/UH ,/,",,,79.66,80.16
sw09utt/sw_0908_2844.utt,2/sw2844,2844,43,sd,B,28,5,"I have, {F uh, } {F uh, } {D you know, } a real problem, {F uh, }  /","I/PRP have/VBP ,/, uh/UH ,/, uh/UH ,/, you/PRP know/VBP ,/, a/DT real/JJ problem/NN ,/, uh/UH ,/,",,,80.16,82.22
sw09utt/sw_0908_2844.utt,2/sw2844,2844,44,sv,B,28,6,"even though I live further out in the suburbs,","even/RB though/IN I/PRP live/VBP further/JJR out/IN in/IN the/DT suburbs/NNS ,/,",,,82.4,84.36
sw09utt/sw_0908_2844.utt,2/sw2844,2844,45,b,A,29,1,Uh-huh. /,Uh-huh/UH ./.,,,84.49,84.69
sw09utt/sw_0908_2844.utt,2/sw2844,2844,46,+,B,30,1,"the crime follows you anywhere, /","the/DT crime/NN follows/VBZ you/PRP anywhere/RB ,/,",,,84.72,86.51
sw09utt/sw_0908_2844.utt,2/sw2844,2844,47,aa,A,31,1,Everywhere. /,Everywhere/RB ./.,,,86.49,86.80999999999999
sw09utt/sw_0908_2844.utt,2/sw2844,2844,48,sv,B,32,1,"[ it, + it ] doesn't matter [ if you live in a small town or + if you live in a small town or ] if you live in a large city like this. /","it/PRP ,/, it/PRP does/VBZ n't/RB matter/VB if/IN you/PRP live/VBP in/IN a/DT small/JJ town/NN or/CC if/IN you/PRP live/VBP in/IN a/DT small/JJ town/NN or/CC if/IN you/PRP live/VBP in/IN a/DT large/JJ city/NN like/IN this/DT ./.",,,86.83,91.03
sw09utt/sw_0908_2844.utt,2/sw2844,2844,49,b,A,33,1,Uh-huh. /,Uh-huh/UH ./.,,,91.01,91.17
sw09utt/sw_0908_2844.utt,2/sw2844,2844,50,sd,B,34,1,"{F Um, } [ {C so, } + {C but, } ] I just think about [ the + all the ] different ways that we have to protect ourselves from, -/","Um/UH ,/, so/RB ,/, but/CC ,/, I/PRP just/RB think/VBP about/IN the/DT all/PDT the/DT different/JJ ways/NNS that/WDT we/PRP have/VBP to/TO protect/VB ourselves/PRP from/IN ,/,",,,91.19,95.00999999999999
sw09utt/sw_0908_2844.utt,2/sw2844,2844,51,sv,A,35,1,"It just seems like a lot of people are attracted to the bigger cities though, /","It/PRP just/RB seems/VBZ like/IN a/DT lot/NN of/IN people/NNS are/VBP attracted/JJ to/IN the/DT bigger/JJR cities/NNS though/RB ,/,",,,95.27,98.36999999999999
sw09utt/sw_0908_2844.utt,2/sw2844,2844,52,b,B,36,1,Uh-huh. /,Uh-huh/UH ./.,,,98.39,98.51
sw09utt/sw_0908_2844.utt,2/sw2844,2844,53,sv,A,37,1,the worst part of it. -/,the/DT worst/JJS part/NN of/IN it/PRP ./.,,,98.61,99.39
sw09utt/sw_0908_2844.utt,2/sw2844,2844,54,b,B,38,1,Uh-huh. /,Uh-huh/UH ./.,,,99.41,99.67
sw09utt/sw_0908_2844.utt,2/sw2844,2844,55,sd,A,39,1,"{F Um, } I lived in Louisville, Kentucky for a while, /","Um/UH ,/, I/PRP lived/VBD in/IN Louisville/NNP ,/, Kentucky/NNP for/IN a/DT while/NN ,/,",,,100.39,102.59
sw09utt/sw_0908_2844.utt,2/sw2844,2844,56,b,B,40,1,Uh-huh. /,Uh-huh/UH ./.,,,102.85,102.97
sw09utt/sw_0908_2844.utt,2/sw2844,2844,57,sd,A,41,1,"{C but, } I lived on the outskirts too,  /","but/CC ,/, I/PRP lived/VBD on/IN the/DT outskirts/NNS too/RB ,/,",,,102.95,104.41
sw09utt/sw_0908_2844.utt,2/sw2844,2844,58,sd,A,41,2,"{C but } Louisville was pretty bad especially during {D like } the, {F uh, } Kentucky Derby. /","but/CC Louisville/NNP was/VBD pretty/RB bad/JJ especially/RB during/IN like/UH the/DT ,/, uh/UH ,/, Kentucky/NNP Derby/NNP ./.",,,104.41,109.13
sw09utt/sw_0908_2844.utt,2/sw2844,2844,59,b,B,42,1,Yeah. /,Yeah/UH ./.,,,109.33,109.63
sw09utt/sw_0908_2844.utt,2/sw2844,2844,60,sd,A,43,1,At this time of the year it's horrible to live in Louisville. /,At/IN this/DT time/NN of/IN the/DT year/NN it/PRP 's/BES horrible/JJ to/TO live/VB in/IN Louisville/NNP ./.,,,109.69,112.33
sw09utt/sw_0908_2844.utt,2/sw2844,2844,61,b,B,44,1,Uh-huh.  /,Uh-huh/UH ./.,,,112.35,112.47
sw09utt/sw_0908_2844.utt,2/sw2844,2844,62,b^r,B,44,2,Uh-huh. /,Uh-huh/UH ./.,,,112.47,112.59
sw09utt/sw_0908_2844.utt,2/sw2844,2844,63,%,A,45,1,"{C But, } {F uh. } -/","But/CC ,/, uh/UH ./.",,,113.83,113.99
sw09utt/sw_0908_2844.utt,2/sw2844,2844,64,b,B,46,1,Yeah.  /,Yeah/UH ./.,,,114.47,114.81
sw09utt/sw_0908_2844.utt,2/sw2844,2844,65,h,B,46,2,"{D So, } I don't know, {F um, } {D you know, }  /","So/RB ,/, I/PRP do/VBP n't/RB know/VB ,/, um/UH ,/, you/PRP know/VBP ,/,",,,114.81,116.67
sw09utt/sw_0908_2844.utt,2/sw2844,2844,66,sd^t,B,46,3,"it's asking about what kind of steps we can take, {F um, } {F uh, } {D you know, } just as citizens to try and, {F um, } {F uh, } protect ourselves.  /","it/PRP 's/BES asking/VBG about/IN what/WP kind/NN of/IN steps/NNS we/PRP can/MD take/VB ,/, um/UH ,/, uh/UH ,/, you/PRP know/VBP ,/, just/RB as/IN citizens/NNS to/TO try/VB and/CC ,/, um/UH ,/, uh/UH ,/, protect/VB ourselves/PRP ./.",,,116.67,124.21000000000001
sw09utt/sw_0908_2844.utt,2/sw2844,2844,67,sd,B,46,4,"I know I have, {F uh, } {F um, } home security system. /","I/PRP know/VBP I/PRP have/VBP ,/, uh/UH ,/, um/UH ,/, home/NN security/NN system/NN ./.",,,124.53,127.27
sw09utt/sw_0908_2844.utt,2/sw2844,2844,68,b,A,47,1,Uh-huh. /,Uh-huh/UH ./.,,,127.39,127.65
sw09utt/sw_0908_2844.utt,2/sw2844,2844,69,sd,B,48,1,"{C Plus, } I have [ the, + {F uh, } the ] special lights [ on, + on ] the outside.  /","Plus/CC ,/, I/PRP have/VBP the/DT ,/, uh/UH ,/, the/DT special/JJ lights/NNS on/IN ,/, on/IN the/DT outside/NN ./.",,,127.67,131.31
sw09utt/sw_0908_2844.utt,2/sw2844,2844,70,sd,B,48,2,"{C And } I have, -/","And/CC I/PRP have/VBP ,/,",,,131.69,132.23
sw09utt/sw_0908_2844.utt,2/sw2844,2844,71,qy^d,A,49,1,The ones that blink off and on. /,The/DT ones/NNS that/WDT blink/VBP off/RP and/CC on/RP ./.,,,132.31,133.79
sw09utt/sw_0908_2844.utt,2/sw2844,2844,72,ny,B,50,1,"Yeah,  /","Yeah/UH ,/,",,,133.81,134.19
sw09utt/sw_0908_2844.utt,2/sw2844,2844,73,%,B,50,2,"that, {F uh, } -/","that/IN ,/, uh/UH ,/,",,,134.19,134.67
sw09utt/sw_0908_2844.utt,2/sw2844,2844,74,qy^d,A,51,1,By themselves I mean. /,By/IN themselves/PRP I/PRP mean/VBP ./.,,,134.65,135.39
sw09utt/sw_0908_2844.utt,2/sw2844,2844,75,ny,B,52,1,"yeah,  /","yeah/UH ,/,",,,135.49,135.69
sw09utt/sw_0908_2844.utt,2/sw2844,2844,76,ny^r,B,52,2,yeah.  /,yeah/UH ./.,,,135.73,136.09
sw09utt/sw_0908_2844.utt,2/sw2844,2844,77,sd^e^m,B,52,3,By themselves  /,By/IN themselves/PRP,,,136.09,136.65
sw09utt/sw_0908_2844.utt,2/sw2844,2844,78,sd,B,52,4,"[ if you + if there's ] some kind of movement,","if/IN you/PRP if/IN there/EX 's/BES some/DT kind/NN of/IN movement/NN ,/,",,,136.65,138.11
sw09utt/sw_0908_2844.utt,2/sw2844,2844,79,b,A,53,1,Right. /,Right/UH ./.,,,138.09,138.21
sw09utt/sw_0908_2844.utt,2/sw2844,2844,80,+,B,54,1,"then they'll automatically come on. {F Um, }  /","then/RB they/PRP 'll/MD automatically/RB come/VB on/RP ./. Um/UH ,/,",,,138.31,140.29
sw09utt/sw_0908_2844.utt,2/sw2844,2844,81,sd,B,54,2,"{C but, } {E I mean } it's just I'm constantly think about keeping us safe and protected,","but/CC ,/, I/PRP mean/VBP it/PRP 's/BES just/RB I/PRP 'm/VBP constantly/RB think/VBP about/IN keeping/VBG us/PRP safe/JJ and/CC protected/JJ ,/,",,,140.55,145.01
sw09utt/sw_0908_2844.utt,2/sw2844,2844,82,b,A,55,1,Uh-huh. /,Uh-huh/UH ./.,,,145.61,145.89000000000001
sw09utt/sw_0908_2844.utt,2/sw2844,2844,83,+,B,56,1,"verses, {F um, } -/","verses/^IN ,/, um/UH ,/,",,,145.91,146.31
sw09utt/sw_0908_2844.utt,2/sw2844,2844,84,qw,A,57,1,How many kids do you have? /,How/WRB many/JJ kids/NNS do/VBP you/PRP have/VB ?/.,,,146.29,148.09
sw09utt/sw_0908_2844.utt,2/sw2844,2844,85,sd,B,58,1,Two.  /,Two/CD ./.,,,148.15,148.39000000000001
sw09utt/sw_0908_2844.utt,2/sw2844,2844,86,sd^r,B,58,2,Two. /,Two/CD ./.,,,148.93,149.13
sw09utt/sw_0908_2844.utt,2/sw2844,2844,87,bk,A,59,1,Oh  /,Oh/UH,,,149.43,149.63
sw09utt/sw_0908_2844.utt,2/sw2844,2844,88,qy,A,59,2,a boy or? -/,a/DT boy/NN or/CC ?/.,,,149.63,150.23
sw09utt/sw_0908_2844.utt,2/sw2844,2844,89,sd,B,60,1,One of each. /,One/CD of/IN each/DT ./.,,,150.59,151.29000000000002
sw09utt/sw_0908_2844.utt,2/sw2844,2844,90,sd,A,61,1,"{F Oh, } that's what I've got, /","Oh/UH ,/, that/DT 's/BES what/WP I/PRP 've/VBP got/VBN ,/,",,,151.41,152.57
sw09utt/sw_0908_2844.utt,2/sw2844,2844,91,b,B,62,1,<Laughter> Yeah.  /,Yeah/UH ./.,,,152.59,152.67000000000002
sw09utt/sw_0908_2844.utt,2/sw2844,2844,92,b^r,B,62,2,Yeah. /,Yeah/UH ./.,,,153.23,153.35
sw09utt/sw_0908_2844.utt,2/sw2844,2844,93,sv,A,63,1,"It is scary,  /","It/PRP is/VBZ scary/JJ ,/,",,,153.33,154.05
sw09utt/sw_0908_2844.utt,2/sw2844,2844,94,qy,A,63,2,"[ are your ba-, + are they babies ] or, -/","are/VBP your/PRP$ ba-/NNS ,/, are/VBP they/PRP babies/NNS or/CC ,/,",,,154.09,155.54999999999998
sw09utt/sw_0908_2844.utt,2/sw2844,2844,95,nn,B,64,1,"No,  /","No/UH ,/,",,,155.63,155.91
sw09utt/sw_0908_2844.utt,2/sw2844,2844,96,nn^r,B,64,2,"no,  /","no/UH ,/,",,,155.91,156.04999999999998
sw09utt/sw_0908_2844.utt,2/sw2844,2844,97,sd^e,B,64,3,there teenagers now. /,there/^PRP^VBP teenagers/NNS now/RB ./.,,,156.05,157.48999999999998
sw09utt/sw_0908_2844.utt,2/sw2844,2844,98,sv,A,65,1,"{F Oh, } {D well } good.   (( That )) they're a comfort to you.  /","Oh/UH ,/, well/UH good/JJ ./. That/IN they/PRP 're/VBP a/DT comfort/NN to/IN you/PRP ./.",,,157.47,158.99
sw09utt/sw_0908_2844.utt,2/sw2844,2844,99,sd,A,65,2,I've still got babies.  /,I/PRP 've/VBP still/RB got/VBN babies/NNS ./.,,,158.99,159.91
sw09utt/sw_0908_2844.utt,2/sw2844,2844,100,%,A,65,3,Okay <laughter>. /,Okay/UH ./.,,,159.91,160.21
sw09utt/sw_0908_2844.utt,2/sw2844,2844,101,b,B,66,1,Yeah  /,Yeah/UH,,,160.51,160.67
sw09utt/sw_0908_2844.utt,2/sw2844.pos,2844,102,x,B,66,2,<laughter>.,./.,,,0.0,0.0
sw09utt/sw_0908_2844.utt,2/sw2844,2844,103,sd,A,67,1,"I've got [ a, + a ] four year old.  {A He'll be four. } And a three month old. /","I/PRP 've/VBP got/VBN a/DT ,/, a/DT four/CD year/NN old/JJ ./. He/PRP 'll/MD be/VB four/CD ./. And/CC a/DT three/CD month/NN old/JJ ./.",,,161.13,165.37
sw09utt/sw_0908_2844.utt,2/sw2844,2844,104,ba,B,68,1,"{F Oh, } wow. /","Oh/UH ,/, wow/UH ./.",,,165.39,165.63
sw09utt/sw_0908_2844.utt,2/sw2844,2844,105,sv,A,69,1,"{C And } it's scary <laughter>,","And/CC it/PRP 's/BES scary/JJ ,/,",,,165.97,167.01
sw09utt/sw_0908_2844.utt,2/sw2844,2844,106,b,B,70,1,Yeah. /,Yeah/UH ./.,,,167.03,167.31
sw09utt/sw_0908_2844.utt,2/sw2844,2844,107,+,A,71,1,sometimes. /,sometimes/RB ./.,,,167.29,167.65
sw09utt/sw_0908_2844.utt,2/sw2844,2844,108,ba,B,72,1,That's a problem.  /,That/DT 's/BES a/DT problem/NN ./.,,,167.67,168.61
sw09utt/sw_0908_2844.utt,2/sw2844,2844,109,%,B,72,2,Yeah. /,Yeah/UH ./.,,,169.19,169.41
sw09utt/sw_0908_2844.utt,2/sw2844,2844,110,sd,A,73,1,"I'm used to living in, {F uh, } - /","I/PRP 'm/VBP used/JJ to/IN living/VBG in/IN ,/, uh/UH ,/,",,,169.73,170.77
sw09utt/sw_0908_2844.utt,2/sw2844,2844,111,%,A,73,2,which - /,which/WDT,,,171.25,171.41
sw09utt/sw_0908_2844.utt,2/sw2844,2844,112,sd,A,73,3,"we don't live in the city, /","we/PRP do/VBP n't/RB live/VB in/IN the/DT city/NN ,/,",,,171.41,172.71
sw09utt/sw_0908_2844.utt,2/sw2844,2844,113,b,B,74,1,Uh-huh. /,Uh-huh/UH ./.,,,172.77,172.91
sw09utt/sw_0908_2844.utt,2/sw2844,2844,114,%,A,75,1,{C but } we just. - /,but/CC we/PRP just/RB ./.,,,172.89,173.32999999999998
sw09utt/sw_0908_2844.utt,2/sw2844,2844,115,sd,A,75,2,"It's still more crowded than what I'm used to, /","It/PRP 's/BES still/RB more/RBR crowded/JJ than/IN what/WP I/PRP 'm/VBP used/JJ to/IN ,/,",,,174.69,176.25
sw09utt/sw_0908_2844.utt,2/sw2844,2844,116,b,B,76,1,Uh-huh. /,Uh-huh/UH ./.,,,176.27,176.37
sw09utt/sw_0908_2844.utt,2/sw2844,2844,117,sd,A,77,1,"I'm used to having, {D you know, } eight or ten houses on one street  /","I/PRP 'm/VBP used/JJ to/IN having/VBG ,/, you/PRP know/VBP ,/, eight/CD or/CC ten/CD houses/NNS on/IN one/CD street/NN",,,176.35,180.01000000000002
sw09utt/sw_0908_2844.utt,2/sw2844,2844,118,sd,A,77,2,"{C and } this one's got houses on either side and, {D you know, }","and/CC this/DT one/NN 's/HVS got/VBN houses/NNS on/IN either/DT side/NN and/CC ,/, you/PRP know/VBP ,/,",,,180.01,182.47
sw09utt/sw_0908_2844.utt,2/sw2844,2844,119,b,B,78,1,Yeah. /,Yeah/UH ./.,,,182.49,182.59
sw09utt/sw_0908_2844.utt,2/sw2844,2844,120,+,A,79,1,"real close together, /","real/RB close/RB together/RB ,/,",,,182.57,183.23
sw09utt/sw_0908_2844.utt,2/sw2844,2844,121,b,B,80,1,Yeah. /,Yeah/UH ./.,,,183.25,183.33
sw09utt/sw_0908_2844.utt,2/sw2844,2844,122,%,A,81,1,"and just, -/","and/CC just/RB ,/,",,,183.31,183.63
sw09utt/sw_0908_2844.utt,2/sw2844,2844,123,aa,B,82,1,Yeah.  /,Yeah/UH ./.,,,183.65,183.97
sw09utt/sw_0908_2844.utt,2/sw2844,2844,124,aa,B,82,2,"It's different,  /","It/PRP 's/BES different/JJ ,/,",,,184.97,185.63
sw09utt/sw_0908_2844.utt,2/sw2844,2844,125,aa,B,82,3,"yeah, /","yeah/UH ,/,",,,185.63,185.79
sw09utt/sw_0908_2844.utt,2/sw2844,2844,126,x,A,83,1,<Throat_clearing>.,,,,0.0,0.0
sw09utt/sw_0908_2844.utt,2/sw2844,2844,127,%,B,84,1,living down here. - /,living/VBG down/IN here/RB ./.,,,185.79,186.67
sw09utt/sw_0908_2844.utt,2/sw2844,2844,128,%,B,84,2,"[ Now, + now ] the nice thing, {F uh, } - /","Now/UH ,/, now/UH the/DT nice/JJ thing/NN ,/, uh/UH ,/,",,,186.95,188.19
sw09utt/sw_0908_2844.utt,2/sw2844,2844,129,sd,B,84,3,"I feel a little bit more comfort since we're so close together like this.  {F Um, }  /","I/PRP feel/VBP a/DT little/JJ bit/NN more/JJR comfort/NN since/IN we/PRP 're/VBP so/RB close/RB together/RB like/IN this/DT ./. Um/UH ,/,",,,188.19,193.05
sw09utt/sw_0908_2844.utt,2/sw2844,2844,130,sv,B,84,4,"[ I, + I ] feel like that there's going to be, {F uh, } less crime  /","I/PRP ,/, I/PRP feel/VBP like/IN that/DT there/EX 's/BES going/VBG to/TO be/VB ,/, uh/UH ,/, less/JJR crime/NN",,,193.31,195.49
sw09utt/sw_0908_2844.utt,2/sw2844,2844,131,sv,B,84,5,"{C or } your neighbors going to be watching out for you, {F um, }","or/CC your/PRP$ neighbors/^NN^BES  going/VBG to/TO be/VB watching/VBG out/RP for/IN you/PRP ,/, um/UH ,/,",,,195.61,198.2
sw09utt/sw_0908_2844.utt,2/sw2844,2844,132,b,A,85,1,Right. /,Right/UH ./.,,,198.22,198.56
sw09utt/sw_0908_2844.utt,2/sw2844,2844,133,+,B,86,1,"because [ [ it's, + it's practically, ] + it's ] in their backyard, too, /","because/IN it/PRP 's/BES ,/, it/PRP 's/BES practically/RB ,/, it/PRP 's/BES in/IN their/PRP$ backyard/NN ,/, too/RB ,/,",,,198.58,201.26000000000002
sw09utt/sw_0908_2844.utt,2/sw2844,2844,134,b,A,87,1,"{F Oh, } {F oh } {D well, }  /","Oh/UH ,/, oh/UH well/UH ,/,",,,201.57,202.57000000000002
sw09utt/sw_0908_2844.utt,2/sw2844,2844,135,sd,A,87,2,"we think our neighbors are stealing from us, {D actually } my husband.  /","we/PRP think/VBP our/PRP$ neighbors/NNS are/VBP stealing/VBG from/IN us/PRP ,/, actually/UH my/PRP$ husband/NN ./.",,,202.57,205.31
sw09utt/sw_0908_2844.utt,2/sw2844,2844,136,sd,A,87,3,"[ They, {F uh, } + {D well, } [ the + one ] of them's ] a teenager that lives next door  /","They/PRP ,/, uh/UH ,/, well/UH ,/, the/DT one/CD of/IN them/PRP 's/BES a/DT teenager/NN that/WDT lives/VBP next/JJ door/NN",,,206.14,210.14
sw09utt/sw_0908_2844.utt,2/sw2844,2844,137,sd,A,87,4,{C and } her friends are pretty wild.  /,and/CC her/PRP$ friends/NNS are/VBP pretty/RB wild/JJ ./.,,,210.14,211.41
sw09utt/sw_0908_2844.utt,2/sw2844,2844,138,sd,A,87,5,They've stolen gas out of our vehicles. /,They/PRP 've/VBP stolen/VBN gas/NN out/IN of/IN our/PRP$ vehicles/NNS ./.,,,212.21,214.26
sw09utt/sw_0908_2844.utt,2/sw2844,2844,139,ba,B,88,1,{F Oh } goodness. /,Oh/UH goodness/NN ./.,,,214.4,215.12
sw09utt/sw_0908_2844.utt,2/sw2844,2844,140,sd,A,89,1,{C And so } he went and got a locking gas cap for his. /,And/CC so/RB he/PRP went/VBD and/CC got/VBD a/DT locking/JJ gas/NN cap/NN for/IN his/PRP$ ./.,,,215.1,217.46
sw09utt/sw_0908_2844.utt,2/sw2844,2844,141,b,B,90,1,Uh-huh. /,Uh-huh/UH ./.,,,217.48,217.6
sw09utt/sw_0908_2844.utt,2/sw2844,2844,142,sd,A,91,1,"They weren't stealing it out of mine so much, because [ my car, + the gas thing ] is kind of weird where it's hard to,","They/PRP were/VBD n't/RB stealing/VBG it/PRP out/IN of/IN mine/PRP so/RB much/RB ,/, because/IN my/PRP$ car/NN ,/, the/DT gas/NN thing/NN is/VBZ kind/RB of/RB weird/JJ where/WRB it/PRP 's/BES hard/JJ to/TO ,/,",,,217.58,223.35999999999999
sw09utt/sw_0908_2844.utt,2/sw2844,2844,143,b,B,92,1,Uh-huh. /,Uh-huh/UH ./.,,,223.38,223.5
sw09utt/sw_0908_2844.utt,2/sw2844,2844,144,+,A,93,1,syphon gas out. /,syphon/VB gas/NN out/RP ./.,,,223.99,225.07999999999998
sw09utt/sw_0908_2844.utt,2/sw2844,2844,145,b,B,94,1,Uh-huh. /,Uh-huh/UH ./.,,,225.2,225.44
sw09utt/sw_0908_2844.utt,2/sw2844,2844,146,sd,A,95,1,"{C So } [ he, + he ] went and got a locking cap  /","So/RB he/PRP ,/, he/PRP went/VBD and/CC got/VBD a/DT locking/JJ cap/NN",,,225.82,227.84
sw09utt/sw_0908_2844.utt,2/sw2844,2844,147,sd,A,95,2,"{C and } they [ cu-, + tried ] to break that off. /","and/CC they/PRP cu-/XX ,/, tried/VBD to/TO break/VB that/DT off/RP ./.",,,227.85,230.07999999999998
sw09utt/sw_0908_2844.utt,2/sw2844,2844,148,ba,B,96,1,{F Oh } my goodness. /,Oh/UH my/PRP$ goodness/NN ./.,,,230.2,231.26000000000002
sw09utt/sw_0908_2844.utt,2/sw2844,2844,149,sd,A,97,1,"{C And } [ you + <throat_clearing>, {E excuse me. }","And/CC you/PRP ,/, excuse/VB me/PRP ./.",,,231.24,232.22
sw09utt/sw_0908_2844.utt,2/sw2844,2844,150,b,B,98,1,Uh-huh. /,Uh-huh/UH ./.,,,232.24,232.4
sw09utt/sw_0908_2844.utt,2/sw2844,2844,151,+,A,99,1,"He ] went down to  (( Uba )) , and noticed that it was hanging off [ where, + where ] they had tried to break it off. /","He/PRP went/VBD down/IN to/IN Uba/NNP ,/, and/CC noticed/VBD that/IN it/PRP was/VBD hanging/VBG off/RP where/WRB ,/, where/WRB they/PRP had/VBD tried/VBN to/TO break/VB it/PRP off/RP ./.",,,232.85,236.76
sw09utt/sw_0908_2844.utt,2/sw2844,2844,152,b,B,100,1,Uh-huh. /,Uh-huh/UH ./.,,,236.8,237.04000000000002
sw09utt/sw_0908_2844.utt,2/sw2844,2844,153,sd,A,101,1,{C And } they stole our tailgate off his truck <laughter>. /,And/CC they/PRP stole/VBD our/PRP$ tailgate/NN off/IN his/PRP$ truck/NN ./.,,,237.36,239.54999999999998
sw09utt/sw_0908_2844.utt,2/sw2844,2844,154,ba,B,102,1,{F Oh } goodness. /,Oh/UH goodness/NN ./.,,,239.58,240.84
sw09utt/sw_0908_2844.utt,2/sw2844,2844,155,sd,A,103,1,"{D Well, } we can't say they did  /","Well/UH ,/, we/PRP ca/MD n't/RB say/VB they/PRP did/VBD",,,241.14,242.38
sw09utt/sw_0908_2844.utt,2/sw2844,2844,156,%,A,103,2,"{C but, } -/","but/CC ,/,",,,242.38,242.66
sw09utt/sw_0908_2844.utt,2/sw2844,2844,157,^2,B,104,1,"Someone did, /","Someone/NN did/VBD ,/,",,,243.52,244.0
sw09utt/sw_0908_2844.utt,2/sw2844,2844,158,%,A,105,1,"We're pretty, - /","We/PRP 're/VBP pretty/RB ,/,",,,243.99,244.14
sw09utt/sw_0908_2844.utt,2/sw2844,2844,159,%,A,105,2,"yeah, /","yeah/UH ,/,",,,244.14,244.32
sw09utt/sw_0908_2844.utt,2/sw2844,2844,160,b^m,B,106,1,Yeah. /,Yeah/UH ./.,,,244.6,244.79999999999998
sw09utt/sw_0908_2844.utt,2/sw2844,2844,161,sd,A,107,1,"it had to be somebody that, {D you know, } could do it in the middle of the night  /","it/PRP had/VBD to/TO be/VB somebody/NN that/WDT ,/, you/PRP know/VBP ,/, could/MD do/VB it/PRP in/IN the/DT middle/NN of/IN the/DT night/NN",,,244.78,248.3
sw09utt/sw_0908_2844.utt,2/sw2844,2844,162,sd,A,107,2,"{C and, } {D you know, } they'd seen it earlier. /","and/CC ,/, you/PRP know/VBP ,/, they/PRP 'd/VBD seen/VBN it/PRP earlier/RBR ./.",,,248.3,250.48
sw09utt/sw_0908_2844.utt,2/sw2844,2844,163,b,B,108,1,Uh-huh.  /,Uh-huh/UH ./.,,,250.5,250.74
sw09utt/sw_0908_2844.utt,2/sw2844,2844,164,b^r,B,108,2,Uh-huh.  /,Uh-huh/UH ./.,,,250.74,250.94
sw09utt/sw_0908_2844.utt,2/sw2844,2844,165,b,B,108,3,Yeah  /,Yeah/UH,,,252.42,252.64
sw09utt/sw_0908_2844.utt,2/sw2844,2844,166,by,B,108,4,I know that it's a real problem.  /,I/PRP know/VBP that/IN it/PRP 's/BES a/DT real/JJ problem/NN ./.,,,252.64,255.29999999999998
sw09utt/sw_0908_2844.utt,2/sw2844,2844,167,sv,B,108,5,It doesn't matter where you are anymore. /,It/PRP does/VBZ n't/RB matter/VB where/WRB you/PRP are/VBP anymore/RB ./.,,,255.3,257.2
sw09utt/sw_0908_2844.utt,2/sw2844,2844,168,b,A,109,1,Uh-huh. /,Uh-huh/UH ./.,,,257.4,257.59999999999997
sw09utt/sw_0908_2844.utt,2/sw2844,2844,169,sv,B,110,1,"It's, {F uh, } more of a matter of [ what you, + the steps that you ] do to keep yourself safe,  /","It/PRP 's/BES ,/, uh/UH ,/, more/JJR of/IN a/DT matter/NN of/IN what/WP you/PRP ,/, the/DT steps/NNS that/WDT you/PRP do/VBP to/TO keep/VB yourself/PRP safe/JJ ,/,",,,257.66,262.2
sw09utt/sw_0908_2844.utt,2/sw2844,2844,170,%,B,110,2,"[ {C and } + {F um, } {C so } ] [ that's, + that's ] why I try and, {F uh, } do, -/","and/CC um/UH ,/, so/RB that/DT 's/BES ,/, that/DT 's/BES why/WRB I/PRP try/VBP and/CC ,/, uh/UH ,/, do/VBP ,/,",,,262.2,264.88
sw09utt/sw_0908_2844.utt,2/sw2844,2844,171,sv,A,111,1,"{D Well, } the only thing that we can do as citizens is, {D you know, } like, {F uh, } watch groups that they'll have. /","Well/UH ,/, the/DT only/JJ thing/NN that/WDT we/PRP can/MD do/VB as/IN citizens/NNS is/VBZ ,/, you/PRP know/VBP ,/, like/IN ,/, uh/UH ,/, watch/JJ groups/NNS that/WDT they/PRP 'll/MD have/VB ./.",,,264.86,270.26
sw09utt/sw_0908_2844.utt,2/sw2844,2844,172,b,B,112,1,"Uh-huh, /","Uh-huh/UH ,/,",,,270.52,270.76
sw09utt/sw_0908_2844.utt,2/sw2844,2844,173,x,A,113,1,((   )) .,MUMBLEx/XX ./.,,,0.0,0.0
sw09utt/sw_0908_2844.utt,2/sw2844,2844,174,b,B,114,1,uh-huh. /,uh-huh/UH ./.,,,270.84,271.02
sw09utt/sw_0908_2844.utt,2/sw2844,2844,175,sv,A,115,1,{C But } they can be dangerous too. /,But/CC they/PRP can/MD be/VB dangerous/JJ too/RB ./.,,,271.06,272.55999999999995
sw09utt/sw_0908_2844.utt,2/sw2844,2844,176,b,B,116,1,Really. /,Really/UH ./.,,,272.74,273.04
sw09utt/sw_0908_2844.utt,2/sw2844,2844,177,sd,A,117,1,I've thought about it. /,I/PRP 've/VBP thought/VBN about/IN it/PRP ./.,,,273.02,274.06
sw09utt/sw_0908_2844.utt,2/sw2844,2844,178,b,B,118,1,Uh-huh. /,Uh-huh/UH ./.,,,274.08,274.3
sw09utt/sw_0908_2844.utt,2/sw2844,2844,179,sv,A,119,1,"{D You know, } that <<pause>> this isn't like walking around and looking for somebody  /","You/PRP know/VBP ,/, that/IN this/DT is/VBZ n't/RB like/IN walking/VBG around/RB and/CC looking/VBG for/IN somebody/NN",,,274.28,279.26
sw09utt/sw_0908_2844.utt,2/sw2844,2844,180,sv,A,119,2,you can get yourself into trouble. /,you/PRP can/MD get/VB yourself/PRP into/IN trouble/NN ./.,,,279.26,280.52
sw09utt/sw_0908_2844.utt,2/sw2844,2844,181,aa,B,120,1,Yeah.  /,Yeah/UH ./.,,,280.9,281.23999999999995
sw09utt/sw_0908_2844.utt,2/sw2844,2844,182,aa^r,B,120,2,Yeah.  /,Yeah/UH ./.,,,281.54,281.78000000000003
sw09utt/sw_0908_2844.utt,2/sw2844,2844,183,sd,B,120,3,"{D You know, } I was going home the other day  /","You/PRP know/VBP ,/, I/PRP was/VBD going/VBG home/RB the/DT other/JJ day/NN",,,281.82,283.64
sw09utt/sw_0908_2844.utt,2/sw2844,2844,184,sd,B,120,4,"{C and } I saw, {F um, } a guy [ who, + who ] looked like he was breaking into a window, /","and/CC I/PRP saw/VBD ,/, um/UH ,/, a/DT guy/NN who/WP ,/, who/WP looked/VBD like/IN he/PRP was/VBD breaking/VBG into/IN a/DT window/NN ,/,",,,284.08,287.5
sw09utt/sw_0908_2844.utt,2/sw2844,2844,185,b,A,121,1,Uh-huh. /,Uh-huh/UH ./.,,,287.48,287.6
sw09utt/sw_0908_2844.utt,2/sw2844,2844,186,sd,B,122,1,"{C and } I thought, gee whiz, {D you know, } I don't know if he's really doing that or not or if [ he's, th-, + he's the ] person who lives there.  {F Uh, }  /","and/CC I/PRP thought/VBD ,/, gee/UH whiz/UH ,/, you/PRP know/VBP ,/, I/PRP do/VBP n't/RB know/VB if/IN he/PRP 's/BES really/RB doing/VBG that/DT or/CC not/RB or/CC if/IN he/PRP 's/BES ,/, th-/DT ,/, he/PRP 's/BES the/DT person/NN who/WP lives/VBZ there/RB ./. Uh/UH ,/,",,,288.06,294.46000000000004
sw09utt/sw_0908_2844.utt,2/sw2844,2844,187,sd,B,122,2,"{D you know, } [ {C and, } + {C and } ] I was thinking {D well, } I need to call the police when I get back home  /","you/PRP know/VBP ,/, and/CC ,/, and/CC I/PRP was/VBD thinking/VBG well/UH ,/, I/PRP need/VBP to/TO call/VB the/DT police/NN when/WRB I/PRP get/VBP back/RB home/RB",,,294.64,297.7
sw09utt/sw_0908_2844.utt,2/sw2844,2844,188,sd,B,122,3,[ {C and } + {C because } ] it was about {F oh } about four or five blocks from where we live  /,and/CC because/IN it/PRP was/VBD about/RB oh/UH about/RB four/CD or/CC five/CD blocks/NNS from/IN where/WRB we/PRP live/VBP,,,298.28,300.92
sw09utt/sw_0908_2844.utt,2/sw2844,2844,189,sd,B,122,4,"[ {C and, } + {F uh, } {C and } ] I thought no, {D you know, } because I wouldn't know if that was really a robber or not because it was in broad daylight.  /","and/CC ,/, uh/UH ,/, and/CC I/PRP thought/VBD no/UH ,/, you/PRP know/VBP ,/, because/IN I/PRP would/MD n't/RB know/VB if/IN that/DT was/VBD really/RB a/DT robber/NN or/CC not/RB because/IN it/PRP was/VBD in/IN broad/JJ daylight/NN ./.",,,300.92,307.8
sw09utt/sw_0908_2844.utt,2/sw2844,2844,190,sv,B,122,5,"{C But } anymore, {D you know, } the crime happens in daylight,","But/CC anymore/RB ,/, you/PRP know/VBP ,/, the/DT crime/NN happens/VBZ in/IN daylight/NN ,/,",,,307.8,310.88
sw09utt/sw_0908_2844.utt,2/sw2844,2844,191,b,A,123,1,Yeah. /,Yeah/UH ./.,,,310.84,311.2
sw09utt/sw_0908_2844.utt,2/sw2844,2844,192,+,B,124,1,"as it does [ in, + in ] night, /","as/IN it/PRP does/VBZ in/IN ,/, in/IN night/NN ,/,",,,311.24,311.90000000000003
sw09utt/sw_0908_2844.utt,2/sw2844,2844,193,sd,A,125,1,"{D Well, } I watched it on T V, {F oh, } I guess last year sometime.  /","Well/UH ,/, I/PRP watched/VBD it/PRP on/IN T/NN V/NN ,/, oh/UH ,/, I/PRP guess/VBP last/JJ year/NN sometime/RB ./.",,,311.88,316.46
sw09utt/sw_0908_2844.utt,2/sw2844,2844,194,sd,A,125,2,"They'll break in [ at the day, + in the daytime, ] /","They/PRP 'll/MD break/VB in/RP at/IN the/DT day/NN ,/, in/IN the/DT daytime/NN ,/,",,,317.0,318.96
sw09utt/sw_0908_2844.utt,2/sw2844,2844,195,b,B,126,1,Uh-huh. /,Uh-huh/UH ./.,,,319.0,319.2
sw09utt/sw_0908_2844.utt,2/sw2844,2844,196,sd,A,127,1,"{C and, } I hear that, {D you know, } [ it's + if ] you lock yourself out of your house  /","and/CC ,/, I/PRP hear/VBP that/IN ,/, you/PRP know/VBP ,/, it/PRP 's/BES if/IN you/PRP lock/VBP yourself/PRP out/IN of/IN your/PRP$ house/NN",,,319.36,323.88
sw09utt/sw_0908_2844.utt,2/sw2844,2844,197,sd,A,127,2,{C and } you try to get in your house -- /,and/CC you/PRP try/VBP to/TO get/VB in/IN your/PRP$ house/NN --/:,,,323.88,325.12
sw09utt/sw_0908_2844.utt,2/sw2844,2844,198,b,B,128,1,Uh-huh. /,Uh-huh/UH ./.,,,325.88,326.08
sw09utt/sw_0908_2844.utt,2/sw2844,2844,199,%,A,129,1,-- it will - /,--/: it/PRP will/MD,,,326.04,326.09999999999997
sw09utt/sw_0908_2844.utt,2/sw2844,2844,200,%,A,129,2,you give - /,you/PRP give/VBP,,,326.28,326.65999999999997
sw09utt/sw_0908_2844.utt,2/sw2844,2844,201,sd,A,129,3,that half the time it takes you to break in. -/,that/DT half/PDT the/DT time/NN it/PRP takes/VBZ you/PRP to/TO break/VB in/RP ./.,,,326.66,328.84
sw09utt/sw_0908_2844.utt,2/sw2844,2844,202,b,B,130,1,Uh-huh. /,Uh-huh/UH ./.,,,329.72,329.96000000000004
sw09utt/sw_0908_2844.utt,2/sw2844,2844,203,sd,A,131,1,"{F Uh, } a professional could break in, in,","Uh/UH ,/, a/DT professional/NN could/MD break/VB in/RP ,/, in/IN ,/,",,,329.96,332.36
sw09utt/sw_0908_2844.utt,2/sw2844,2844,204,^2,B,132,1,"Half that time, /","Half/PDT that/DT time/NN ,/,",,,332.44,333.0
sw09utt/sw_0908_2844.utt,2/sw2844,2844,205,+,A,133,1,half that time. /,half/PDT that/DT time/NN ./.,,,332.96,333.8
sw09utt/sw_0908_2844.utt,2/sw2844,2844,206,ba,B,134,1,wow.  /,wow/UH ./.,,,334.06,334.28000000000003
sw09utt/sw_0908_2844.utt,2/sw2844,2844,207,sv,B,134,2,I mean that's so scary. /,I/PRP mean/VBP that/DT 's/BES so/RB scary/JJ ./.,,,334.58,335.74
sw09utt/sw_0908_2844.utt,2/sw2844,2844,208,aa,A,135,1,Yeah.  /,Yeah/UH ./.,,,335.7,335.96
sw09utt/sw_0908_2844.utt,2/sw2844,2844,209,aa,A,135,2,It is. /,It/PRP is/VBZ ./.,,,335.96,336.1
sw09utt/sw_0908_2844.utt,2/sw2844,2844,210,sv,B,136,1,"So scary [ you, + you ] think you've got yourself all locked in and safe,  /","So/RB scary/JJ you/PRP ,/, you/PRP think/VBP you/PRP 've/VBP got/VBN yourself/PRP all/DT locked/VBN in/RP and/CC safe/JJ ,/,",,,336.14,339.03999999999996
sw09utt/sw_0908_2844.utt,2/sw2844,2844,211,sv,B,136,2,"[ {C and, } + {C and, } ] {F uh, } somebody could break in, {F uh, }  /","and/CC ,/, and/CC ,/, uh/UH ,/, somebody/NN could/MD break/VB in/RP ,/, uh/UH ,/,",,,339.04,341.47999999999996
sw09utt/sw_0908_2844.utt,2/sw2844,2844,212,sd,B,136,3,"{F oh } I have a dog, /","oh/UH I/PRP have/VBP a/DT dog/NN ,/,",,,341.48,342.64000000000004
sw09utt/sw_0908_2844.utt,2/sw2844,2844,213,b,A,137,1,Uh-huh. /,Uh-huh/UH ./.,,,342.6,342.76000000000005
sw09utt/sw_0908_2844.utt,2/sw2844,2844,214,sd,B,138,1,that's the one thing that I like. /,that/DT 's/BES the/DT one/CD thing/NN that/WDT I/PRP like/VBP ./.,,,343.14,344.44
sw09utt/sw_0908_2844.utt,2/sw2844,2844,215,sd,A,139,1,"[ I'm getting me, + {F uh, } I ] want a German Shepherd. /","I/PRP 'm/VBP getting/VBG me/PRP ,/, uh/UH ,/, I/PRP want/VBP a/DT German/NNP Shepherd/NNP ./.",,,344.4,346.38
sw09utt/sw_0908_2844.utt,2/sw2844,2844,216,b,B,140,1,Uh-huh.  /,Uh-huh/UH ./.,,,346.42,346.6
sw09utt/sw_0908_2844.utt,2/sw2844,2844,217,b^r,B,140,2,Uh-huh. /,Uh-huh/UH ./.,,,347.16,347.3
sw09utt/sw_0908_2844.utt,2/sw2844,2844,218,sd,A,141,1,"{F Um, } I don't want any of those ones that will  ((   ))  up the kids, /","Um/UH ,/, I/PRP do/VBP n't/RB want/VB any/DT of/IN those/DT ones/NNS that/WDT will/MD MUMBLEx/XX up/RP the/DT kids/NNS ,/,",,,347.26,350.44
sw09utt/sw_0908_2844.utt,2/sw2844,2844,219,b,B,142,1,Right. /,Right/UH ./.,,,350.48,350.68
sw09utt/sw_0908_2844.utt,2/sw2844,2844,220,sd,A,143,1,{C but } I do want a German Shepherd. /,but/CC I/PRP do/VBP want/VB a/DT German/NNP Shepherd/NNP ./.,,,350.64,351.82
sw09utt/sw_0908_2844.utt,2/sw2844,2844,221,b,B,144,1,Uh-huh.  /,Uh-huh/UH ./.,,,351.86,352.02000000000004
sw09utt/sw_0908_2844.utt,2/sw2844,2844,222,b^r,B,144,2,Uh-huh. /,Uh-huh/UH ./.,,,352.02,352.14
sw09utt/sw_0908_2844.utt,2/sw2844,2844,223,sd,A,145,1,"{C Because } my husband will leave every once in a while,","Because/IN my/PRP$ husband/NN will/MD leave/VB every/DT once/RB in/IN a/DT while/NN ,/,",,,352.54,354.46
sw09utt/sw_0908_2844.utt,2/sw2844,2844,224,b,B,146,1,Uh-huh. /,Uh-huh/UH ./.,,,354.72,354.86
sw09utt/sw_0908_2844.utt,2/sw2844,2844,225,+,A,147,1,"for, - /","for/IN ,/,",,,354.82,355.02
sw09utt/sw_0908_2844.utt,2/sw2844,2844,226,sd,A,147,2,he works on the railroad. /,he/PRP works/VBZ on/IN the/DT railroad/NN ./.,,,355.02,356.08
sw09utt/sw_0908_2844.utt,2/sw2844,2844,227,b,B,148,1,Uh-huh. /,Uh-huh/UH ./.,,,356.26,356.5
sw09utt/sw_0908_2844.utt,2/sw2844,2844,228,sd,A,149,1,{C And } I'm scared here by myself. /,And/CC I/PRP 'm/VBP scared/JJ here/RB by/IN myself/PRP ./.,,,356.8,358.34
sw09utt/sw_0908_2844.utt,2/sw2844,2844,229,b,B,150,1,{F Oh } yeah.  /,Oh/UH yeah/UH ./.,,,358.38,358.78
sw09utt/sw_0908_2844.utt,2/sw2844,2844,230,b^r,B,150,2,{F Oh } yeah.  /,Oh/UH yeah/UH ./.,,,359.22,359.6
sw09utt/sw_0908_2844.utt,2/sw2844,2844,231,%,B,150,3,"{C So } that's ano-,  {F uh, } - /","So/RB that/DT 's/BES ano/JJ ,/, uh/UH ,/,",,,360.12,360.87
sw09utt/sw_0908_2844.utt,2/sw2844,2844,232,sd,B,150,4,we have a little dog now  /,we/PRP have/VBP a/DT little/JJ dog/NN now/RB,,,361.55,362.75
sw09utt/sw_0908_2844.utt,2/sw2844,2844,233,sd,B,150,5,"{C but } he is just as vicious [ as is, + {D you know, } if you, ] bu-, -/","but/CC he/PRP is/VBZ just/RB as/RB vicious/JJ as/IN is/VBZ ,/, you/PRP know/VBP ,/, if/IN you/PRP ,/, bu-/XX ,/,",,,363.11,366.13
sw09utt/sw_0908_2844.utt,2/sw2844,2844,234,qy^d,A,151,1,And loud. /,And/CC loud/JJ ./.,,,366.26,366.9
sw09utt/sw_0908_2844.utt,2/sw2844,2844,235,na^m,B,152,1,"And loud,  /","And/CC loud/JJ ,/,",,,367.21,367.91
sw09utt/sw_0908_2844.utt,2/sw2844,2844,236,ny,B,152,2,"yeah, <laughter>  /","yeah/UH ,/,",,,368.35,368.53000000000003
sw09utt/sw_0908_2844.utt,2/sw2844,2844,237,sd^e,B,152,3,"{C and } I thought that, {F uh, } {D you know, } we'd have to have a big dog  /","and/CC I/PRP thought/VBD that/IN ,/, uh/UH ,/, you/PRP know/VBP ,/, we/PRP 'd/MD have/VB to/TO have/VB a/DT big/JJ dog/NN",,,368.61,370.55
sw09utt/sw_0908_2844.utt,2/sw2844,2844,238,sd,B,152,4,{C but } we doesn't need a big dog.  /,but/CC we/PRP does/VBZ n't/RB need/VB a/DT big/JJ dog/NN ./.,,,370.55,371.97
sw09utt/sw_0908_2844.utt,2/sw2844,2844,239,sd,B,152,5,"We got this little bitty dog that, {F uh, } - /","We/PRP got/VBD this/DT little/JJ bitty/JJ dog/NN that/WDT ,/, uh/UH ,/,",,,371.97,373.45
sw09utt/sw_0908_2844.utt,2/sw2844,2844,240,sd,B,152,6,part Dachshunds {C and } part Cocker Spaniel. /,part/NN Dachshunds/NNS and/CC part/NN Cocker/NNP Spaniel/NNP ./.,,,374.13,376.07
sw09utt/sw_0908_2844.utt,2/sw2844,2844,241,b,A,153,1,Uh-huh. /,Uh-huh/UH ./.,,,376.1,376.46000000000004
sw09utt/sw_0908_2844.utt,2/sw2844,2844,242,sd,B,154,1,"{C And } [ he, + {F um, } ease ] very protective, /","And/CC he/PRP ,/, um/UH ,/, ease/^PRP^VBZ very/RB  protective/JJ ,/,",,,376.51,377.77000000000004
sw09utt/sw_0908_2844.utt,2/sw2844,2844,243,sv,A,155,1,The Cocker Spaniels are loud <laughter>.  /,The/DT Cocker/NNP Spaniels/NNPS are/VBP loud/JJ ./.,,,377.74,379.34
sw09utt/sw_0908_2844.utt,2/sw2844,2844,244,sv,A,155,2,"{D Well } [ that's, +","Well/UH that/DT 's/BES ,/,",,,379.34,379.94
sw09utt/sw_0908_2844.utt,2/sw2844,2844,245,aa,B,156,1,yeah.  /,yeah/UH ./.,,,380.25,380.45
sw09utt/sw_0908_2844.utt,2/sw2844,2844,246,sv,B,156,2,"Very protective, /","Very/RB protective/JJ ,/,",,,380.45,381.07
sw09utt/sw_0908_2844.utt,2/sw2844,2844,247,+,A,157,1,{D now } that's ] one of the best deterrents for a robber is a noisy neighbor even if the neighbor's got a noisy dog. /,now/UH that/DT 's/BES one/CD of/IN the/DT best/JJS deterrents/NNS for/IN a/DT robber/NN is/VBZ a/DT noisy/JJ neighbor/NN even/RB if/IN the/DT neighbor/NN 's/HVS got/VBN a/DT noisy/JJ dog/NN ./.,,,381.5,386.68
sw09utt/sw_0908_2844.utt,2/sw2844,2844,248,b,B,158,1,Uh-huh. /,Uh-huh/UH ./.,,,387.09,387.25
sw09utt/sw_0908_2844.utt,2/sw2844,2844,249,sv,A,159,1,That's a deterrent. /,That/DT 's/BES a/DT deterrent/NN ./.,,,387.24,388.0
sw09utt/sw_0908_2844.utt,2/sw2844,2844,250,b,B,160,1,Uh-huh. /,Uh-huh/UH ./.,,,388.03,388.19
sw09utt/sw_0908_2844.utt,2/sw2844,2844,251,sv,A,161,1,Because they know that that dog's going to bark. /,Because/IN they/PRP know/VBP that/IN that/DT dog/NN 's/BES going/VBG to/TO bark/VB ./.,,,388.16,389.73999999999995
sw09utt/sw_0908_2844.utt,2/sw2844,2844,252,aa,B,162,1,That's right. /,That/DT 's/BES right/JJ ./.,,,389.77,390.19
sw09utt/sw_0908_2844.utt,2/sw2844,2844,253,sv,A,163,1,{C But } it's easy to fool a dog too. /,But/CC it/PRP 's/BES easy/JJ to/TO fool/VB a/DT dog/NN too/RB ./.,,,390.52,391.86
sw09utt/sw_0908_2844.utt,2/sw2844,2844,254,b,B,164,1,Yeah. /,Yeah/UH ./.,,,391.89,392.15
sw09utt/sw_0908_2844.utt,2/sw2844,2844,255,sv,A,165,1,"{D you know, } throw them meat or -- -/","you/PRP know/VBP ,/, throw/VB them/PRP meat/NN or/CC --/:",,,392.22,393.68
sw09utt/sw_0908_2844.utt,2/sw2844,2844,256,b,B,166,1,Uh-huh. /,Uh-huh/UH ./.,,,394.71,394.89
sw09utt/sw_0908_2844.utt,2/sw2844,2844,257,sv,A,167,1,"-- {F um, } [ a + a ] real intense burglar can just get another dog that's in heat. /","--/: um/UH ,/, a/DT a/DT real/RB intense/JJ burglar/NN can/MD just/RB get/VB another/DT dog/NN that/WDT 's/BES in/IN heat/NN ./.",,,394.86,400.24
sw09utt/sw_0908_2844.utt,2/sw2844,2844,258,b,B,168,1,Right. /,Right/UH ./.,,,400.71,400.89
sw09utt/sw_0908_2844.utt,2/sw2844,2844,259,%,A,169,1,"From what I've he-, - /","From/IN what/WP I/PRP 've/VBP he/VBN ,/,",,,401.36,401.96000000000004
sw09utt/sw_0908_2844.utt,2/sw2844,2844,260,sd,A,169,2,"{D you know, } <laughter> saw it on T V. /","you/PRP know/VBP ,/, saw/VBD it/PRP on/IN T/NN V/NN ./.",,,402.04,403.6
sw09utt/sw_0908_2844.utt,2/sw2844,2844,261,ba,B,170,1,"{F Oh, } wow, gosh.  /","Oh/UH ,/, wow/UH ,/, gosh/UH ./.",,,403.71,406.25
sw09utt/sw_0908_2844.utt,2/sw2844,2844,262,fc,B,170,2,"{D Well, } it was nice talking to you. /","Well/UH ,/, it/PRP was/VBD nice/JJ talking/VBG to/IN you/PRP ./.",,,406.31,407.71000000000004
sw09utt/sw_0908_2844.utt,2/sw2844,2844,263,fc,A,171,1,"Yeah,  /","Yeah/UH ,/,",,,407.92,408.24
sw09utt/sw_0908_2844.utt,2/sw2844,2844,264,fc,A,171,2,it was. /,it/PRP was/VBD ./.,,,408.24,408.76
sw09utt/sw_0908_2844.utt,2/sw2844,2844,265,fc,B,172,1,# Okay. # /,Okay/UH ./.,,,0.0,0.0
sw09utt/sw_0908_2844.utt,2/sw2844,2844,266,fc,A,173,1,"# {C And } [ I, + #  maybe we'll ] meet up again. /","And/CC I/PRP ,/, maybe/RB we/PRP 'll/MD meet/VB up/RP again/RB ./.",,,409.26,411.4
sw09utt/sw_0908_2844.utt,2/sw2844,2844,267,fc,B,174,1,Okay. /,Okay/UH ./.,,,411.46,411.71999999999997
sw09utt/sw_0908_2844.utt,2/sw2844,2844,268,fc,A,175,1,All righty. /,All/DT righty/JJ ./.,,,412.01,412.39
sw09utt/sw_0908_2844.utt,2/sw2844,2844,269,fc,B,176,1,# Bye-bye. # /,Bye-bye/UH ./.,,,412.52,413.02
sw09utt/sw_0908_2844.utt,2/sw2844,2844,270,fc^m,A,177,1,# Bye-bye. # /,Bye-bye/UH ./.,,,0.0,0.0
