swda_filename,ptb_basename,conversation_no,transcript_index,act_tag,caller,utterance_index,subutterance_index,text,pos,trees,ptb_treenumbers,start_ts,end_ts
sw09utt/sw_0937_2950.utt,2/sw2950,2950,0,o,A,1,1,Okay <laughter>.  /,Okay/UH ./.,,,1.94,2.52
sw09utt/sw_0937_2950.utt,2/sw2950,2950,1,ad,A,1,2,You want to get a start? /,You/PRP want/VBP to/TO get/VB a/DT start/NN ?/.,,,3.02,4.08
sw09utt/sw_0937_2950.utt,2/sw2950,2950,2,aa,B,2,1,Certainly.  /,Certainly/UH ./.,,,4.55,5.21
sw09utt/sw_0937_2950.utt,2/sw2950,2950,3,sd,B,2,2,"{F Uh, } the weather here is warm. /","Uh/UH ,/, the/DT weather/NN here/RB is/VBZ warm/JJ ./.",,,5.53,7.97
sw09utt/sw_0937_2950.utt,2/sw2950,2950,4,b,A,3,1,Uh-huh. /,Uh-huh/UH ./.,,,8.6,8.9
sw09utt/sw_0937_2950.utt,2/sw2950,2950,5,sd,B,4,1,{C And } it has been sort of raining on and off. /,And/CC it/PRP has/VBZ been/VBN sort/RB of/RB raining/VBG on/RP and/CC off/RP ./.,,,9.49,12.590000000000002
sw09utt/sw_0937_2950.utt,2/sw2950,2950,6,b,A,5,1,Uh-huh. /,Uh-huh/UH ./.,,,12.78,13.16
sw09utt/sw_0937_2950.utt,2/sw2950,2950,7,sd,B,6,1,"{C And, } {F uh, } I am an avid gardener  /","And/CC ,/, uh/UH ,/, I/PRP am/VBP an/DT avid/JJ gardener/NN",,,13.51,15.87
sw09utt/sw_0937_2950.utt,2/sw2950,2950,8,sd,B,6,2,"{C so } I [ [ m-, + m-, ] + measure ] the rain in our rain gauge [ on a, + on a ] regular basis.  /","so/RB I/PRP m/VBP ,/, m/VBP ,/, measure/VBP the/DT rain/NN in/IN our/PRP$ rain/NN gauge/NN on/IN a/DT ,/, on/IN a/DT regular/JJ basis/NN ./.",,,15.87,19.610000000000003
sw09utt/sw_0937_2950.utt,2/sw2950,2950,9,sd,B,6,3,{C So } --,So/RB --/:,,,19.61,19.689999999999998
sw09utt/sw_0937_2950.utt,2/sw2950,2950,10,ba,A,7,1,"{F Oh, } great,  /","Oh/UH ,/, great/UH ,/,",,,19.7,19.880000000000003
sw09utt/sw_0937_2950.utt,2/sw2950,2950,11,ba^r,A,7,2,great. /,great/UH ./.,,,19.88,20.36
sw09utt/sw_0937_2950.utt,2/sw2950,2950,12,+,B,8,1,"-- I [ can, + can ] avoid wasting money on watering. /","--/: I/PRP can/MD ,/, can/MD avoid/VB wasting/VBG money/NN on/IN watering/VBG ./.",,,20.35,22.51
sw09utt/sw_0937_2950.utt,2/sw2950,2950,13,b,A,9,1,Uh-huh. /,Uh-huh/UH ./.,,,22.64,23.14
sw09utt/sw_0937_2950.utt,2/sw2950,2950,14,sd,B,10,1,"[ {C And, } + {F uh, } {C but } ] it has been threatening to rain for the last couple of days,  /","And/CC ,/, uh/UH ,/, but/CC it/PRP has/VBZ been/VBN threatening/VBG to/TO rain/VB for/IN the/DT last/JJ couple/NN of/IN days/NNS ,/,",,,23.57,26.330000000000002
sw09utt/sw_0937_2950.utt,2/sw2950,2950,15,sd,B,10,2,"{C and } it has not,","and/CC it/PRP has/VBZ not/RB ,/,",,,26.33,26.87
sw09utt/sw_0937_2950.utt,2/sw2950,2950,16,x,A,11,1,<Laughter>.,,,,0.0,0.0
sw09utt/sw_0937_2950.utt,2/sw2950,2950,17,+,B,12,1,really.  Which is a bit of a disappointment.  /,really/RB ./. Which/WDT is/VBZ a/DT bit/NN of/IN a/DT disappointment/NN ./.,,,26.87,29.31
sw09utt/sw_0937_2950.utt,2/sw2950,2950,18,sd,B,12,2,{C But } --,But/CC --/:,,,29.31,29.369999999999997
sw09utt/sw_0937_2950.utt,2/sw2950,2950,19,b,A,13,1,Uh-huh. /,Uh-huh/UH ./.,,,29.38,29.52
sw09utt/sw_0937_2950.utt,2/sw2950,2950,20,+,B,14,1,"-- it is very warm here, which is typical for this [ part of the, + time of the ] year. /","--/: it/PRP is/VBZ very/RB warm/JJ here/RB ,/, which/WDT is/VBZ typical/JJ for/IN this/DT part/NN of/IN the/DT ,/, time/NN of/IN the/DT year/NN ./.",,,29.51,32.91
sw09utt/sw_0937_2950.utt,2/sw2950,2950,21,b,A,15,1,Yeah. /,Yeah/UH ./.,,,33.0,33.22
sw09utt/sw_0937_2950.utt,2/sw2950,2950,22,qo,B,16,1,"How about Pennsyl-, -/","How/WRB about/IN Pennsyl-/NNP ,/,",,,33.21,33.910000000000004
sw09utt/sw_0937_2950.utt,2/sw2950,2950,23,qy^g,A,17,1,"[ I think you are, + I think you are ] earlier than we are, as a rule, aren't you?  /","I/PRP think/VBP you/PRP are/VBP ,/, I/PRP think/VBP you/PRP are/VBP earlier/RBR than/IN we/PRP are/VBP ,/, as/IN a/DT rule/NN ,/, are/VBP n't/RB you/PRP ?/.",,,33.92,37.599999999999994
sw09utt/sw_0937_2950.utt,2/sw2950,2950,24,qy^d,A,17,2,"[ [ Your, + your, ] + your ] [ s-, + growing Summer ] starts a lot earlier than ours. /","Your/PRP$ ,/, your/PRP$ ,/, your/PRP$ s-/NN ,/, growing/NN Summer/NN starts/VBZ a/DT lot/NN earlier/RBR than/IN ours/PRP ./.",,,37.6,42.28
sw09utt/sw_0937_2950.utt,2/sw2950,2950,25,na,B,18,1,"It starts in, {F uh, } March as a rule. /","It/PRP starts/VBZ in/IN ,/, uh/UH ,/, March/NNP as/IN a/DT rule/NN ./.",,,42.25,44.35
sw09utt/sw_0937_2950.utt,2/sw2950,2950,26,b,A,19,1,Uh-huh.  /,Uh-huh/UH ./.,,,44.58,44.98
sw09utt/sw_0937_2950.utt,2/sw2950,2950,27,sv,A,19,2,"See that is quite a bit, - /","See/UH that/DT is/VBZ quite/PDT a/DT bit/NN ,/,",,,45.16,45.96
sw09utt/sw_0937_2950.utt,2/sw2950,2950,28,sd,A,19,3,we are just beginning.  /,we/PRP are/VBP just/RB beginning/VBG ./.,,,46.52,47.419999999999995
sw09utt/sw_0937_2950.utt,2/sw2950,2950,29,sd,A,19,4,"People [ are, + have ] got their gardens in, a lot of them now.  /","People/NNS are/VBP ,/, have/VBP got/VBN their/PRP$ gardens/NNS in/IN ,/, a/DT lot/NN of/IN them/PRP now/RB ./.",,,47.42,50.42
sw09utt/sw_0937_2950.utt,2/sw2950,2950,30,sd,A,19,5,We could still have a frost. /,We/PRP could/MD still/RB have/VB a/DT frost/NN ./.,,,50.86,52.36
sw09utt/sw_0937_2950.utt,2/sw2950,2950,31,bh,B,20,1,"Really,  /","Really/UH ,/,",,,53.41,53.709999999999994
sw09utt/sw_0937_2950.utt,2/sw2950,2950,32,qy,B,20,2,this late? /,this/RB late/RB ?/.,,,53.71,54.209999999999994
sw09utt/sw_0937_2950.utt,2/sw2950,2950,33,ny,A,21,1,Uh-huh. /,Uh-huh/UH ./.,,,54.42,54.6
sw09utt/sw_0937_2950.utt,2/sw2950,2950,34,qy,B,22,1,Could you have snow? /,Could/MD you/PRP have/VB snow/NN ?/.,,,54.68,55.440000000000005
sw09utt/sw_0937_2950.utt,2/sw2950,2950,35,nn,A,23,1,"{F Uh, } probably not.  /","Uh/UH ,/, probably/RB not/RB ./.",,,55.9,57.339999999999996
sw09utt/sw_0937_2950.utt,2/sw2950,2950,36,sd^e,A,23,2,"{C But } [ we have had, + we have had ] a frost as late [ as, + as ] in June. /","But/CC we/PRP have/VBP had/VBN ,/, we/PRP have/VBP had/VBN a/DT frost/NN as/RB late/JJ as/IN ,/, as/IN in/IN June/NNP ./.",,,57.34,61.1
sw09utt/sw_0937_2950.utt,2/sw2950,2950,37,sd,B,24,1,"{F Oh, } {D well, }","Oh/UH ,/, well/UH ,/,",,,62.08,62.5
sw09utt/sw_0937_2950.utt,2/sw2950,2950,38,sd,A,25,1,Early June. /,Early/JJ June/NNP ./.,,,62.54,63.08
sw09utt/sw_0937_2950.utt,2/sw2950,2950,39,+,B,26,1,we do not have that problem <laughter>. /,we/PRP do/VBP not/RB have/VB that/DT problem/NN ./.,,,63.16,65.8
sw09utt/sw_0937_2950.utt,2/sw2950,2950,40,sd,A,27,1,"<Laughter> [ {C So, } + {C but } ] [ w-, + we ] have also had nice weather.  An unusually, {F uh, } nice Spring.  /","So/RB ,/, but/CC w-/PRP ,/, we/PRP have/VBP also/RB had/VBN nice/JJ weather/NN ./. An/DT unusually/RB ,/, uh/UH ,/, nice/JJ Spring/NN ./.",,,65.84,71.0
sw09utt/sw_0937_2950.utt,2/sw2950,2950,41,sd,A,27,2,It is almost like an early Summer for us. /,It/PRP is/VBZ almost/RB like/IN an/DT early/JJ Summer/NN for/IN us/PRP ./.,,,71.0,73.16
sw09utt/sw_0937_2950.utt,2/sw2950,2950,42,ba,B,28,1,"{F Oh, } that is nice. /","Oh/UH ,/, that/DT is/VBZ nice/JJ ./.",,,73.12,74.14
sw09utt/sw_0937_2950.utt,2/sw2950,2950,43,aa,A,29,1,Uh-huh.  /,Uh-huh/UH ./.,,,74.18,74.60000000000001
sw09utt/sw_0937_2950.utt,2/sw2950,2950,44,sd,A,29,2,"We could use a little more rain,","We/PRP could/MD use/VB a/DT little/RB more/JJR rain/NN ,/,",,,75.33,76.9
sw09utt/sw_0937_2950.utt,2/sw2950,2950,45,sd,B,30,1,"{F Uh, } {D well, }","Uh/UH ,/, well/UH ,/,",,,78.24,78.62
sw09utt/sw_0937_2950.utt,2/sw2950,2950,46,+,A,31,1,I believe. /,I/PRP believe/VBP ./.,,,78.65,78.96000000000001
sw09utt/sw_0937_2950.utt,2/sw2950,2950,47,+,B,32,1,"[ we will be glad, + I will be glad ] to give you some of ours <laughter>. /","we/PRP will/MD be/VB glad/JJ ,/, I/PRP will/MD be/VB glad/JJ to/TO give/VB you/PRP some/DT of/IN ours/PRP ./.",,,78.92,81.94
sw09utt/sw_0937_2950.utt,2/sw2950,2950,48,b,A,33,1,{F Uh } <laughter>. /,Uh/UH ./.,,,81.97,82.05
sw09utt/sw_0937_2950.utt,2/sw2950,2950,49,sd,B,34,1,"Usually we get it [ in, + in ] great quantities in --","Usually/RB we/PRP get/VBP it/PRP in/IN ,/, in/IN great/JJ quantities/NNS in/IN --/:",,,82.04,84.30000000000001
sw09utt/sw_0937_2950.utt,2/sw2950,2950,50,b,A,35,1,Uh-huh. /,Uh-huh/UH ./.,,,84.33,84.45
sw09utt/sw_0937_2950.utt,2/sw2950,2950,51,+,B,36,1,-- April and May. /,--/: April/NNP and/CC May/NNP ./.,,,84.42,85.25999999999999
sw09utt/sw_0937_2950.utt,2/sw2950,2950,52,b,A,37,1,Uh-huh. /,Uh-huh/UH ./.,,,85.4,85.78
sw09utt/sw_0937_2950.utt,2/sw2950,2950,53,sd,B,38,1,{C And then } it stops for three months. /,And/CC then/RB it/PRP stops/VBZ for/IN three/CD months/NNS ./.,,,86.4,88.3
sw09utt/sw_0937_2950.utt,2/sw2950,2950,54,b,A,39,1,Yeah.  /,Yeah/UH ./.,,,88.33,88.73
sw09utt/sw_0937_2950.utt,2/sw2950,2950,55,sv,A,39,2,If it could just be spread out a little bit. /,If/IN it/PRP could/MD just/RB be/VB spread/VBN out/RP a/DT little/JJ bit/NN ./.,,,89.08,90.98
sw09utt/sw_0937_2950.utt,2/sw2950,2950,56,b,B,40,1,Right. /,Right/UH ./.,,,91.11,91.57
sw09utt/sw_0937_2950.utt,2/sw2950,2950,57,b,A,41,1,"Uh-huh,  /","Uh-huh/UH ,/,",,,91.69,92.11
sw09utt/sw_0937_2950.utt,2/sw2950,2950,58,b^r,A,41,2,uh-huh.  /,uh-huh/UH ./.,,,92.61,92.79
sw09utt/sw_0937_2950.utt,2/sw2950,2950,59,b,A,41,3,Yeah.  /,Yeah/UH ./.,,,93.6,93.86
sw09utt/sw_0937_2950.utt,2/sw2950,2950,60,sd,A,41,4,"It has really been nice here, {F uh, }  /","It/PRP has/VBZ really/RB been/VBN nice/JJ here/RB ,/, uh/UH ,/,",,,93.86,95.24000000000001
sw09utt/sw_0937_2950.utt,2/sw2950,2950,61,sd,A,41,5,"we are supposed to have some rain this weekend,  /","we/PRP are/VBP supposed/VBN to/TO have/VB some/DT rain/NN this/DT weekend/NN ,/,",,,95.24,98.57000000000001
sw09utt/sw_0937_2950.utt,2/sw2950,2950,62,sd,A,41,6,{C but } I don't know if we'll get it or not.  /,but/CC I/PRP do/VBP n't/RB know/VB if/IN we/PRP 'll/MD get/VB it/PRP or/CC not/RB ./.,,,98.57,99.87
sw09utt/sw_0937_2950.utt,2/sw2950,2950,63,sd,A,41,7,A lot of times in our area the weather forecast has missed us.  /,A/DT lot/NN of/IN times/NNS in/IN our/PRP$ area/NN the/DT weather/NN forecast/NN has/VBZ missed/VBN us/PRP ./.,,,99.87,104.86999999999999
sw09utt/sw_0937_2950.utt,2/sw2950,2950,64,sd,A,41,8,"[ The, + the ] weather they forecast for our area seems to go right past us and misses us.  Just by, {D well } not too many miles. /","The/DT ,/, the/DT weather/NN they/PRP forecast/VBP for/IN our/PRP$ area/NN seems/VBZ to/TO go/VB right/RB past/IN us/PRP and/CC misses/VBZ us/PRP ./. Just/RB by/IN ,/, well/UH not/RB too/RB many/JJ miles/NNS ./.",,,105.43,113.25
sw09utt/sw_0937_2950.utt,2/sw2950,2950,65,b,B,42,1,Uh-huh.  /,Uh-huh/UH ./.,,,113.2,113.34
sw09utt/sw_0937_2950.utt,2/sw2950,2950,66,qy,B,42,2,Are you in an agricultural area? /,Are/VBP you/PRP in/IN an/DT agricultural/JJ area/NN ?/.,,,113.84,115.24000000000001
sw09utt/sw_0937_2950.utt,2/sw2950,2950,67,ny,A,43,1,"Yes,  /","Yes/UH ,/,",,,115.61,115.95
sw09utt/sw_0937_2950.utt,2/sw2950,2950,68,ny,A,43,2,uh-huh.  /,uh-huh/UH ./.,,,116.19,116.39
sw09utt/sw_0937_2950.utt,2/sw2950,2950,69,%,A,43,3,"We have, -/","We/PRP have/VBP ,/,",,,116.39,117.27000000000001
sw09utt/sw_0937_2950.utt,2/sw2950,2950,70,sv,B,44,1,"{D Well, } [ I know the wea-, + I know the weather ] is very important for people who make their living [ off of, +","Well/UH ,/, I/PRP know/VBP the/DT wea-/NN ,/, I/PRP know/VBP the/DT weather/NN is/VBZ very/RB important/JJ for/IN people/NNS who/WP make/VBP their/PRP$ living/NN off/IN of/IN ,/,",,,117.21,120.81
sw09utt/sw_0937_2950.utt,2/sw2950,2950,71,aa,A,45,1,"Uh-huh,  /","Uh-huh/UH ,/,",,,120.87,121.07000000000001
sw09utt/sw_0937_2950.utt,2/sw2950,2950,72,aa^r,A,45,2,uh-huh. /,uh-huh/UH ./.,,,121.07,121.28999999999999
sw09utt/sw_0937_2950.utt,2/sw2950,2950,73,+,B,46,1,off of ] the land. /,off/IN of/IN the/DT land/NN ./.,,,121.45,122.33
sw09utt/sw_0937_2950.utt,2/sw2950,2950,74,aa,A,47,1,Yeah.  /,Yeah/UH ./.,,,122.39,122.71
sw09utt/sw_0937_2950.utt,2/sw2950,2950,75,sd,A,47,2,We have quite a few farmers.  /,We/PRP have/VBP quite/PDT a/DT few/JJ farmers/NNS ./.,,,122.71,123.91
sw09utt/sw_0937_2950.utt,2/sw2950,2950,76,sd,A,47,3,"[ We, + we ] live out in the country.  /","We/PRP ,/, we/PRP live/VBP out/IN in/IN the/DT country/NN ./.",,,123.91,125.49
sw09utt/sw_0937_2950.utt,2/sw2950,2950,77,sd,A,47,4,"We are on a farm,  /","We/PRP are/VBP on/IN a/DT farm/NN ,/,",,,125.49,126.47
sw09utt/sw_0937_2950.utt,2/sw2950,2950,78,sd,A,47,5,{C but } we are not a farming --,but/CC we/PRP are/VBP not/RB a/DT farming/VBG --/:,,,126.47,128.73
sw09utt/sw_0937_2950.utt,2/sw2950,2950,79,b,B,48,1,Uh-huh. /,Uh-huh/UH ./.,,,128.85,129.19
sw09utt/sw_0937_2950.utt,2/sw2950,2950,80,+,A,49,1,-- person <laughter>.  /,--/: person/NN ./.,,,129.71,130.01000000000002
sw09utt/sw_0937_2950.utt,2/sw2950,2950,81,sd,A,49,2,"{F Uh, } we have a garden. /","Uh/UH ,/, we/PRP have/VBP a/DT garden/NN ./.",,,130.31,131.33
sw09utt/sw_0937_2950.utt,2/sw2950,2950,82,b,B,50,1,Uh-huh. /,Uh-huh/UH ./.,,,131.89,132.23
sw09utt/sw_0937_2950.utt,2/sw2950,2950,83,sd,A,51,1,"[ {C But, } + {F uh, } {C but } ] we are not farmers. /","But/CC ,/, uh/UH ,/, but/CC we/PRP are/VBP not/RB farmers/NNS ./.",,,132.41,134.25
sw09utt/sw_0937_2950.utt,2/sw2950,2950,84,b,B,52,1,{F Huh. }  /,Huh/UH ./.,,,134.42,134.55999999999997
sw09utt/sw_0937_2950.utt,2/sw2950,2950,85,sv,B,52,2,"{D Well, } you know there are some disadvantages to being down south. /","Well/UH ,/, you/PRP know/VBP there/EX are/VBP some/DT disadvantages/NNS to/IN being/VBG down/IN south/RB ./.",,,134.56,137.56
sw09utt/sw_0937_2950.utt,2/sw2950,2950,86,b,A,53,1,Uh-huh. /,Uh-huh/UH ./.,,,137.99,138.19
sw09utt/sw_0937_2950.utt,2/sw2950,2950,87,sv,B,54,1,"{C And } that is, it gets so hot that, {D you know, } a lot of things die during the Summer from the heat. /","And/CC that/DT is/VBZ ,/, it/PRP gets/VBZ so/RB hot/JJ that/IN ,/, you/PRP know/VBP ,/, a/DT lot/NN of/IN things/NNS die/VBP during/IN the/DT Summer/NN from/IN the/DT heat/NN ./.",,,138.12,142.20000000000002
sw09utt/sw_0937_2950.utt,2/sw2950,2950,88,aa,A,55,1,"{F Oh, } yeah.  /","Oh/UH ,/, yeah/UH ./.",,,142.29,143.04999999999998
sw09utt/sw_0937_2950.utt,2/sw2950,2950,89,sv,A,55,2,They get burnt off. /,They/PRP get/VBP burnt/VBN off/RP ./.,,,143.31,144.35
sw09utt/sw_0937_2950.utt,2/sw2950,2950,90,aa,B,56,1,"[ They, + they ] really do, /","They/PRP ,/, they/PRP really/RB do/VBP ,/,",,,144.4,145.1
sw09utt/sw_0937_2950.utt,2/sw2950,2950,91,b,A,57,1,Uh-huh. /,Uh-huh/UH ./.,,,145.17,145.29
sw09utt/sw_0937_2950.utt,2/sw2950,2950,92,sv,B,58,1,{C and } you have to be very careful to make sure you keep everything watered. /,and/CC you/PRP have/VBP to/TO be/VB very/RB careful/JJ to/TO make/VB sure/JJ you/PRP keep/VBP everything/NN watered/VBN ./.,,,145.22,147.94
sw09utt/sw_0937_2950.utt,2/sw2950,2950,93,aa,A,59,1,Uh-huh.  /,Uh-huh/UH ./.,,,148.15,148.31
sw09utt/sw_0937_2950.utt,2/sw2950,2950,94,aa,A,59,2,Yeah.  /,Yeah/UH ./.,,,148.65,148.87
sw09utt/sw_0937_2950.utt,2/sw2950,2950,95,sv,A,59,3,"{D Well, } {C and } that makes it bad too, [ [ because, + {F uh, } when more, ] + with ] water being at a premium.  /","Well/UH ,/, and/CC that/DT makes/VBZ it/PRP bad/JJ too/RB ,/, because/IN ,/, uh/UH ,/, when/WRB more/JJR ,/, with/IN water/NN being/VBG at/IN a/DT premium/NN ./.",,,148.87,153.93
sw09utt/sw_0937_2950.utt,2/sw2950,2950,96,sd,A,59,4,"I know our aunt in California, - /","I/PRP know/VBP our/PRP$ aunt/NN in/IN California/NNP ,/,",,,154.51,156.11
sw09utt/sw_0937_2950.utt,2/sw2950,2950,97,sd,A,59,5,"[ they, + they ] have really been rationed on their water.  /","they/PRP ,/, they/PRP have/VBP really/RB been/VBN rationed/VBN on/IN their/PRP$ water/NN ./.",,,156.11,158.39
sw09utt/sw_0937_2950.utt,2/sw2950,2950,98,sv,A,59,6,"{C And } it makes it real hard to have a yard [ or, + <static> {F uh, } or ] anything like that, [ a gar-, + their garden, ] their farms.  /","And/CC it/PRP makes/VBZ it/PRP real/RB hard/JJ to/TO have/VB a/DT yard/NN or/CC ,/, uh/UH ,/, or/CC anything/NN like/IN that/DT ,/, a/DT gar-/NN ,/, their/PRP$ garden/NN ,/, their/PRP$ farms/NNS ./.",,,158.39,164.77
sw09utt/sw_0937_2950.utt,2/sw2950,2950,99,sv,A,59,7,"Their farmers, I guess, are hurting because of that also. /","Their/PRP$ farmers/NNS ,/, I/PRP guess/VBP ,/, are/VBP hurting/VBG because/IN of/IN that/DT also/RB ./.",,,164.77,167.33
sw09utt/sw_0937_2950.utt,2/sw2950,2950,100,aa,B,60,1,Yeah.  /,Yeah/UH ./.,,,167.52,167.74
sw09utt/sw_0937_2950.utt,2/sw2950,2950,101,sd,B,60,2,"{D Well, } my parents are now in San Diego,  /","Well/UH ,/, my/PRP$ parents/NNS are/VBP now/RB in/IN San/NNP Diego/NNP ,/,",,,167.74,169.51999999999998
sw09utt/sw_0937_2950.utt,2/sw2950,2950,102,sd,B,60,3,"[ {C and, } + {C and } ] they've got pebbles in their yard because <laughter> [ they can't, +","and/CC ,/, and/CC they/PRP 've/VBP got/VBN pebbles/NNS in/IN their/PRP$ yard/NN because/IN they/PRP ca/MD n't/RB ,/,",,,169.52,171.9
sw09utt/sw_0937_2950.utt,2/sw2950,2950,103,b,A,61,1,Yeah. /,Yeah/UH ./.,,,172.29,172.63
sw09utt/sw_0937_2950.utt,2/sw2950,2950,104,+,B,62,1,"almost nobody ] there [ has, + has ] lawns. /","almost/JJ nobody/NN there/RB has/VBZ ,/, has/VBZ lawns/NNS ./.",,,172.64,174.44
sw09utt/sw_0937_2950.utt,2/sw2950,2950,105,b,A,63,1,Yeah.  /,Yeah/UH ./.,,,174.51,174.92999999999998
sw09utt/sw_0937_2950.utt,2/sw2950,2950,106,sd,A,63,2,"{D Well, } they are not allowed to water,  /","Well/UH ,/, they/PRP are/VBP not/RB allowed/VBN to/TO water/VB ,/,",,,174.93,176.25
sw09utt/sw_0937_2950.utt,2/sw2950,2950,107,qh,A,63,3,{C so } what do you do? /,so/RB what/WP do/VBP you/PRP do/VB ?/.,,,176.25,177.37
sw09utt/sw_0937_2950.utt,2/sw2950,2950,108,b,B,64,1,Yeah. /,Yeah/UH ./.,,,177.77,177.99
sw09utt/sw_0937_2950.utt,2/sw2950,2950,109,b^m,A,65,1,Yeah. /,Yeah/UH ./.,,,178.07,178.29
sw09utt/sw_0937_2950.utt,2/sw2950,2950,110,sd,B,66,1,"{F Uh, } [ it is very, + it is very ] rough on them  /","Uh/UH ,/, it/PRP is/VBZ very/RB ,/, it/PRP is/VBZ very/RB rough/JJ on/IN them/PRP",,,178.21,180.60999999999999
sw09utt/sw_0937_2950.utt,2/sw2950,2950,111,%,B,66,2,"{C so, } -/","so/RB ,/,",,,180.61,180.73000000000002
sw09utt/sw_0937_2950.utt,2/sw2950,2950,112,b,A,67,1,Uh-huh. /,Uh-huh/UH ./.,,,180.81,180.97
sw09utt/sw_0937_2950.utt,2/sw2950,2950,113,sd,B,68,1,"</Static> {D Actually } [ I think, + I think ] it is pretty moderate here in Dallas.  /","Actually/UH I/PRP think/VBP ,/, I/PRP think/VBP it/PRP is/VBZ pretty/RB moderate/JJ here/RB in/IN Dallas/NNP ./.",,,180.89,183.89000000000001
sw09utt/sw_0937_2950.utt,2/sw2950,2950,114,sd,B,68,2,"{C Because } [ the, + the ] Summers are extremely hot. /","Because/IN the/DT ,/, the/DT Summers/NNS are/VBP extremely/RB hot/JJ ./.",,,183.91,185.99
sw09utt/sw_0937_2950.utt,2/sw2950,2950,115,b,A,69,1,Uh-huh.  /,Uh-huh/UH ./.,,,186.17,186.48999999999998
sw09utt/sw_0937_2950.utt,2/sw2950,2950,116,sd,A,69,2,"{C But } your humidity is different though than ours I think,  /","But/CC your/PRP$ humidity/NN is/VBZ different/JJ though/RB than/IN ours/PRP I/PRP think/VBP ,/,",,,187.17,189.97
sw09utt/sw_0937_2950.utt,2/sw2950,2950,117,sv,A,69,3,"{C and } it makes [ a, + a ] bit of a difference, too. /","and/CC it/PRP makes/VBZ a/DT ,/, a/DT bit/NN of/IN a/DT difference/NN ,/, too/RB ./.",,,189.97,193.47
sw09utt/sw_0937_2950.utt,2/sw2950,2950,118,qw,B,70,1,"{F Um, } what is your humidity like? /","Um/UH ,/, what/WP is/VBZ your/PRP$ humidity/NN like/IN ?/.",,,194.76,196.54
sw09utt/sw_0937_2950.utt,2/sw2950,2950,119,no,A,71,1,"{F Oh, } I don't know.  /","Oh/UH ,/, I/PRP do/VBP n't/RB know/VB ./.",,,197.33,200.26999999999998
sw09utt/sw_0937_2950.utt,2/sw2950,2950,120,sd,A,71,2,I think our humidity is higher normally than what it is in Texas.  /,I/PRP think/VBP our/PRP$ humidity/NN is/VBZ higher/JJR normally/RB than/IN what/WP it/PRP is/VBZ in/IN Texas/NNP ./.,,,200.27,204.53
sw09utt/sw_0937_2950.utt,2/sw2950,2950,121,sd,A,71,3,I could be wrong. /,I/PRP could/MD be/VB wrong/JJ ./.,,,205.15,205.99
sw09utt/sw_0937_2950.utt,2/sw2950,2950,122,sd,B,72,1,"{F Uh, } I do not know [ what, + what ] it is percentage wise  /","Uh/UH ,/, I/PRP do/VBP not/RB know/VB what/WP ,/, what/WP it/PRP is/VBZ percentage/NN wise/RB",,,206.4,208.76
sw09utt/sw_0937_2950.utt,2/sw2950,2950,123,%,B,72,2,"{C but } I, -/","but/CC I/PRP ,/,",,,208.76,208.95999999999998
sw09utt/sw_0937_2950.utt,2/sw2950,2950,124,sd,A,73,1,I do not know for sure either.  /,I/PRP do/VBP not/RB know/VB for/IN sure/JJ either/RB ./.,,,209.05,210.23
sw09utt/sw_0937_2950.utt,2/sw2950,2950,125,sd,A,73,2,"{C But } [ it always seems + <static> {D well, } it just felt ] different {D like } when we were in Texas.  /","But/CC it/PRP always/RB seems/VBZ well/UH ,/, it/PRP just/RB felt/VBD different/JJ like/IN when/WRB we/PRP were/VBD in/IN Texas/NNP ./.",,,210.23,215.48999999999998
sw09utt/sw_0937_2950.utt,2/sw2950,2950,126,sd,A,73,3,It had a different feel to it. /,It/PRP had/VBD a/DT different/JJ feel/NN to/IN it/PRP ./.,,,215.65,217.10999999999999
sw09utt/sw_0937_2950.utt,2/sw2950,2950,127,b,B,74,1,Yeah.  /,Yeah/UH ./.,,,217.41,217.60999999999999
sw09utt/sw_0937_2950.utt,2/sw2950,2950,128,sd,B,74,2,"[ It is, + it is ] drier in Dallas than it is in Houston or San Antonio --","It/PRP is/VBZ ,/, it/PRP is/VBZ drier/JJR in/IN Dallas/NNP than/IN it/PRP is/VBZ in/IN Houston/NNP or/CC San/NNP Antonio/NNP --/:",,,217.61,221.17000000000002
sw09utt/sw_0937_2950.utt,2/sw2950,2950,129,b,A,75,1,{F Uh. } /,Uh/UH ./.,,,221.27,221.33
sw09utt/sw_0937_2950.utt,2/sw2950,2950,130,+,B,76,1,"-- or even Austin,","--/: or/CC even/RB Austin/NNP ,/,",,,221.55,222.20999999999998
sw09utt/sw_0937_2950.utt,2/sw2950,2950,131,b,A,77,1,Uh-huh. /,Uh-huh/UH ./.,,,222.31,222.49
sw09utt/sw_0937_2950.utt,2/sw2950,2950,132,+,B,78,1,which is further south. /,which/WDT is/VBZ further/RBR south/RB ./.,,,222.39,223.37
sw09utt/sw_0937_2950.utt,2/sw2950,2950,133,b,A,79,1,Uh-huh. /,Uh-huh/UH ./.,,,223.57,223.76999999999998
sw09utt/sw_0937_2950.utt,2/sw2950,2950,134,sd,B,80,1,{C But } it is not dry.  /,But/CC it/PRP is/VBZ not/RB dry/JJ ./.,,,224.29,225.45000000000002
sw09utt/sw_0937_2950.utt,2/sw2950,2950,135,sd,B,80,2,"[ {C And, } + {C and } ] I have lived here for many years,  /","And/CC ,/, and/CC I/PRP have/VBP lived/VBN here/RB for/IN many/JJ years/NNS ,/,",,,225.45,227.01000000000002
sw09utt/sw_0937_2950.utt,2/sw2950,2950,136,sd,B,80,3,{C and } I think it has gotten more humid over the years.  /,and/CC I/PRP think/VBP it/PRP has/VBZ gotten/VBN more/RBR humid/JJ over/IN the/DT years/NNS ./.,,,227.01,228.81
sw09utt/sw_0937_2950.utt,2/sw2950,2950,137,sd,B,80,4,"Where the water is coming from, I don't know. /","Where/WRB the/DT water/NN is/VBZ coming/VBG from/IN ,/, I/PRP do/VBP n't/RB know/VB ./.",,,228.81,230.51
sw09utt/sw_0937_2950.utt,2/sw2950,2950,138,b,A,81,1,Uh-huh.  /,Uh-huh/UH ./.,,,230.61,230.81
sw09utt/sw_0937_2950.utt,2/sw2950,2950,139,sv,A,81,2,"{D Well, } it could be.  /","Well/UH ,/, it/PRP could/MD be/VB ./.",,,230.95,231.51
sw09utt/sw_0937_2950.utt,2/sw2950,2950,140,sd,A,81,3,"I know my brother's home has been flooded a couple of times, {F uh, } /","I/PRP know/VBP my/PRP$ brother/NN 's/POS home/NN has/VBZ been/VBN flooded/VBN a/DT couple/NN of/IN times/NNS ,/, uh/UH ,/,",,,231.77,235.08999999999997
sw09utt/sw_0937_2950.utt,2/sw2950,2950,141,qy,B,82,1,"{F Oh, } does he live near the lake? /","Oh/UH ,/, does/VBZ he/PRP live/VB near/RB the/DT lake/NN ?/.",,,234.97,236.29
sw09utt/sw_0937_2950.utt,2/sw2950,2950,142,nd,A,83,1,"{D Well, } there is a lake not far  /","Well/UH ,/, there/EX is/VBZ a/DT lake/NN not/RB far/RB",,,236.61,238.47
sw09utt/sw_0937_2950.utt,2/sw2950,2950,143,sd,A,83,2,{C but } it is more run off --,but/CC it/PRP is/VBZ more/JJR run/GW off/^NN --/:,,,238.47,239.99
sw09utt/sw_0937_2950.utt,2/sw2950,2950,144,b,B,84,1,Uh-huh. /,Uh-huh/UH ./.,,,240.27,240.65
sw09utt/sw_0937_2950.utt,2/sw2950,2950,145,+,A,85,1,"-- from surrounding, {D you know, } areas and that. /","--/: from/IN surrounding/VBG ,/, you/PRP know/VBP ,/, areas/NNS and/CC that/DT ./.",,,240.77,244.25
sw09utt/sw_0937_2950.utt,2/sw2950,2950,146,b,B,86,1,{F Uh. } /,Uh/UH ./.,,,244.2,244.32
sw09utt/sw_0937_2950.utt,2/sw2950,2950,147,sd,A,87,1,"{C And, } {F uh, } he is just in an area where it is just low enough that [ [ it's, + you {D know, } it, ] + it ] collects there. /","And/CC ,/, uh/UH ,/, he/PRP is/VBZ just/RB in/IN an/DT area/NN where/WRB it/PRP is/VBZ just/RB low/JJ enough/RB that/IN it/PRP 's/BES ,/, you/PRP know/VBP ,/, it/PRP ,/, it/PRP collects/VBZ there/RB ./.",,,244.45,250.31
sw09utt/sw_0937_2950.utt,2/sw2950,2950,148,b,B,88,1,Uh-huh. /,Uh-huh/UH ./.,,,250.54,250.85999999999999
sw09utt/sw_0937_2950.utt,2/sw2950,2950,149,sd,A,89,1,"{C And, } {F uh, } he has had a couple of inches in his house several times. /","And/CC ,/, uh/UH ,/, he/PRP has/VBZ had/VBN a/DT couple/NN of/IN inches/NNS in/IN his/PRP$ house/NN several/JJ times/NNS ./.",,,251.29,255.01
sw09utt/sw_0937_2950.utt,2/sw2950,2950,150,ba,B,90,1,"[ That is, + that is ] a problem, {F uh, }  /","That/DT is/VBZ ,/, that/DT is/VBZ a/DT problem/NN ,/, uh/UH ,/,",,,256.06,257.70000000000005
sw09utt/sw_0937_2950.utt,2/sw2950,2950,151,sd,B,90,2,"they tell you when you are looking for a house [ [ or, + or, ] + or ] buying land to build on,","they/PRP tell/VBP you/PRP when/WRB you/PRP are/VBP looking/VBG for/IN a/DT house/NN or/CC ,/, or/CC ,/, or/CC buying/VBG land/NN to/TO build/VB on/IN ,/,",,,257.8,261.16
sw09utt/sw_0937_2950.utt,2/sw2950,2950,152,b,A,91,1,Uh-huh. /,Uh-huh/UH ./.,,,261.29,261.45000000000005
sw09utt/sw_0937_2950.utt,2/sw2950,2950,153,+,B,92,1,to be very careful and check the drainage --,to/TO be/VB very/RB careful/JJ and/CC check/VB the/DT drainage/NN --/:,,,261.32,263.08000000000004
sw09utt/sw_0937_2950.utt,2/sw2950,2950,154,aa,A,93,1,"Uh-huh,  /","Uh-huh/UH ,/,",,,263.21,263.39
sw09utt/sw_0937_2950.utt,2/sw2950,2950,155,aa^r,A,93,2,uh-huh. /,uh-huh/UH ./.,,,263.39,263.65
sw09utt/sw_0937_2950.utt,2/sw2950,2950,156,+,B,94,1,"-- because, {F uh, }","--/: because/IN ,/, uh/UH ,/,",,,263.52,263.92
sw09utt/sw_0937_2950.utt,2/sw2950,2950,157,^2,A,95,1,Because of that. /,Because/IN of/IN that/DT ./.,,,264.05,264.71000000000004
sw09utt/sw_0937_2950.utt,2/sw2950,2950,158,+,B,96,1,"[ it is, + it is ] deceptive. /","it/PRP is/VBZ ,/, it/PRP is/VBZ deceptive/JJ ./.",,,264.58,265.74
sw09utt/sw_0937_2950.utt,2/sw2950,2950,159,b,A,97,1,Uh-huh. /,Uh-huh/UH ./.,,,268.03,268.28999999999996
sw09utt/sw_0937_2950.utt,2/sw2950,2950,160,sd,B,98,1,"{C And, } {F uh, } I know exactly what you mean. /","And/CC ,/, uh/UH ,/, I/PRP know/VBP exactly/RB what/WP you/PRP mean/VBP ./.",,,268.3,269.78
sw09utt/sw_0937_2950.utt,2/sw2950,2950,161,sd,A,99,1,"[ [ We are fortunate + {E or, } {F uh, } we are on a, ] + where we are ] we get flooded, it floods below us <laughter>,","We/PRP are/VBP fortunate/JJ or/CC ,/, uh/UH ,/, we/PRP are/VBP on/IN a/DT ,/, where/WRB we/PRP are/VBP we/PRP get/VBP flooded/VBN ,/, it/PRP floods/VBZ below/IN us/PRP ,/,",,,270.21,276.35
sw09utt/sw_0937_2950.utt,2/sw2950,2950,162,b,B,100,1,Uh-huh. /,Uh-huh/UH ./.,,,276.35,276.65000000000003
sw09utt/sw_0937_2950.utt,2/sw2950,2950,163,+,A,101,1,behind us.  /,behind/IN us/PRP ./.,,,276.97,278.10999999999996
sw09utt/sw_0937_2950.utt,2/sw2950,2950,164,sd,A,101,2,"{C But } [ we are, + {F uh, } we are ] high enough that [ our house itself + we ] never, {D you know, } have had any problem like that. /","But/CC we/PRP are/VBP ,/, uh/UH ,/, we/PRP are/VBP high/JJ enough/RB that/IN our/PRP$ house/NN itself/PRP we/PRP never/RB ,/, you/PRP know/VBP ,/, have/VBP had/VBN any/DT problem/NN like/IN that/DT ./.",,,278.51,284.61
sw09utt/sw_0937_2950.utt,2/sw2950,2950,165,ba,B,102,1,"{F Oh, } {D well, } that is fortunate. /","Oh/UH ,/, well/UH ,/, that/DT is/VBZ fortunate/JJ ./.",,,284.86,285.98
sw09utt/sw_0937_2950.utt,2/sw2950,2950,166,aa,A,103,1,Yeah.  /,Yeah/UH ./.,,,286.13,286.31
sw09utt/sw_0937_2950.utt,2/sw2950,2950,167,sd,A,103,2,It is an old farm house  /,It/PRP is/VBZ an/DT old/JJ farm/NN house/NN,,,286.31,288.17
sw09utt/sw_0937_2950.utt,2/sw2950,2950,168,sd,A,103,3,"{C and, } {F uh, } we really like it here. /","and/CC ,/, uh/UH ,/, we/PRP really/RB like/VBP it/PRP here/RB ./.",,,288.17,291.31
sw09utt/sw_0937_2950.utt,2/sw2950,2950,169,b,B,104,1,Uh-huh.  /,Uh-huh/UH ./.,,,291.56,291.82
sw09utt/sw_0937_2950.utt,2/sw2950,2950,170,sd,B,104,2,"{D Well, } [ [ I, + I like it, ] + I like it ] here.  /","Well/UH ,/, I/PRP ,/, I/PRP like/VBP it/PRP ,/, I/PRP like/VBP it/PRP here/RB ./.",,,292.68,294.84000000000003
sw09utt/sw_0937_2950.utt,2/sw2950,2950,171,sd,B,104,3,"{F Uh, } [ I, + I ] grew up here.  /","Uh/UH ,/, I/PRP ,/, I/PRP grew/VBD up/RP here/RB ./.",,,294.84,296.46000000000004
sw09utt/sw_0937_2950.utt,2/sw2950,2950,172,sd,B,104,4,I have lived other places  /,I/PRP have/VBP lived/VBN other/JJ places/NNS,,,296.46,297.7
sw09utt/sw_0937_2950.utt,2/sw2950,2950,173,sd,B,104,5,"[ [ {C and, } + {C and, } ] +","and/CC ,/, and/CC ,/,",,,297.7,297.86
sw09utt/sw_0937_2950.utt,2/sw2950,2950,174,b,A,105,1,Uh-huh. /,Uh-huh/UH ./.,,,298.01,298.39
sw09utt/sw_0937_2950.utt,2/sw2950,2950,175,+,B,106,1,"{C but } ] [ I, + I ] did grow up here  /","but/CC I/PRP ,/, I/PRP did/VBD grow/VB up/RP here/RB",,,298.5,299.88
sw09utt/sw_0937_2950.utt,2/sw2950,2950,176,sd,B,106,2,{C and } this is very much home for me. /,and/CC this/DT is/VBZ very/RB much/RB home/NN for/IN me/PRP ./.,,,299.88,301.18
sw09utt/sw_0937_2950.utt,2/sw2950,2950,177,b,A,107,1,Uh-huh. /,Uh-huh/UH ./.,,,301.33,301.69
sw09utt/sw_0937_2950.utt,2/sw2950,2950,178,%,B,108,1,"{C And, } -/","And/CC ,/,",,,301.54,301.62
sw09utt/sw_0937_2950.utt,2/sw2950,2950,179,sv,A,109,1,It is nice down there.  /,It/PRP is/VBZ nice/JJ down/IN there/RB ./.,,,302.05,303.15000000000003
sw09utt/sw_0937_2950.utt,2/sw2950,2950,180,sd,A,109,2,"[ [ I, + I, ] + I ] liked it when we visited there. /","I/PRP ,/, I/PRP ,/, I/PRP liked/VBD it/PRP when/WRB we/PRP visited/VBD there/RB ./.",,,303.15,305.75
sw09utt/sw_0937_2950.utt,2/sw2950,2950,181,qy^d,B,110,1,I hope you visited during the winter. /,I/PRP hope/VBP you/PRP visited/VBD during/IN the/DT winter/NN ./.,,,305.82,307.14
sw09utt/sw_0937_2950.utt,2/sw2950,2950,182,ny,A,111,1,Uh-huh. /,Uh-huh/UH ./.,,,307.31,307.49
sw09utt/sw_0937_2950.utt,2/sw2950,2950,183,sv,B,112,1,"[ One of my, + one of my ] theories is that you always go to warm places during the winter  /","One/CD of/IN my/PRP$ ,/, one/CD of/IN my/PRP$ theories/NNS is/VBZ that/IN you/PRP always/RB go/VBP to/IN warm/JJ places/NNS during/IN the/DT winter/NN",,,307.32,312.59999999999997
sw09utt/sw_0937_2950.utt,2/sw2950,2950,184,sv,B,112,2,{C and } --,and/CC --/:,,,312.6,312.70000000000005
sw09utt/sw_0937_2950.utt,2/sw2950,2950,185,b,A,113,1,Right. /,Right/UH ./.,,,312.87,313.01
sw09utt/sw_0937_2950.utt,2/sw2950,2950,186,+,B,114,1,"-- [ you go to [ cold, + cool ] places, that, + {D well, } I go to cool places during the Summer ] if I can anyway. /","--/: you/PRP go/VBP to/IN cold/JJ ,/, cool/JJ places/NNS ,/, that/IN ,/, well/UH ,/, I/PRP go/VBP to/IN cool/JJ places/NNS during/IN the/DT Summer/NN if/IN I/PRP can/MD anyway/RB ./.",,,312.84,316.9
sw09utt/sw_0937_2950.utt,2/sw2950,2950,187,aa,A,115,1,Right.  /,Right/UH ./.,,,317.07,317.34999999999997
sw09utt/sw_0937_2950.utt,2/sw2950,2950,188,aa,A,115,2,That is the best time to go.  /,That/DT is/VBZ the/DT best/JJS time/NN to/TO go/VB ./.,,,317.35,318.54999999999995
sw09utt/sw_0937_2950.utt,2/sw2950,2950,189,%,A,115,3,Yeah.  /,Yeah/UH ./.,,,318.81,319.11
sw09utt/sw_0937_2950.utt,2/sw2950,2950,190,sd,A,115,4,"[ An-, + {C and } ] usually [ it has been + when we have gone, it has been ] nice.  /","An-/CC ,/, and/CC usually/RB it/PRP has/VBZ been/VBN when/WRB we/PRP have/VBP gone/VBN ,/, it/PRP has/VBZ been/VBN nice/JJ ./.",,,319.11,322.19
sw09utt/sw_0937_2950.utt,2/sw2950,2950,191,sd,A,115,5,"It has been hot,  /","It/PRP has/VBZ been/VBN hot/JJ ,/,",,,322.19,322.95
sw09utt/sw_0937_2950.utt,2/sw2950,2950,192,sd,A,115,6,"{C but } [ it is, + it is ] hot to me in the wintertime down there. /","but/CC it/PRP is/VBZ ,/, it/PRP is/VBZ hot/JJ to/IN me/PRP in/IN the/DT wintertime/NN down/IN there/RB ./.",,,322.95,325.71000000000004
sw09utt/sw_0937_2950.utt,2/sw2950,2950,193,b,B,116,1,"{F Oh, } sure.  /","Oh/UH ,/, sure/UH ./.",,,326.2,326.78
sw09utt/sw_0937_2950.utt,2/sw2950,2950,194,%,B,116,2,"{E I mean } <laughter>, -/","I/PRP mean/VBP ,/,",,,326.78,326.96000000000004
sw09utt/sw_0937_2950.utt,2/sw2950,2950,195,qh,A,117,1,{D You know } <laughter>.  /,You/PRP know/VBP ./.,,,327.13,327.29
sw09utt/sw_0937_2950.utt,2/sw2950,2950,196,sv,A,117,2,"{C But } it is nice,  /","But/CC it/PRP is/VBZ nice/JJ ,/,",,,327.59,329.61
sw09utt/sw_0937_2950.utt,2/sw2950,2950,197,sv,A,117,3,"[ it is a, + it is really a ] nice area. /","it/PRP is/VBZ a/DT ,/, it/PRP is/VBZ really/RB a/DT nice/JJ area/NN ./.",,,329.61,331.79
sw09utt/sw_0937_2950.utt,2/sw2950,2950,198,sd,B,118,1,"[ I, + I ] had a friend from England visit once at Christmas,  /","I/PRP ,/, I/PRP had/VBD a/DT friend/NN from/IN England/NNP visit/VB once/RB at/IN Christmas/NNP ,/,",,,331.83,334.97
sw09utt/sw_0937_2950.utt,2/sw2950,2950,199,sd,B,118,2,{C and } we could not get her out of the what she called the <<imitates English accent>> back garden.,and/CC we/PRP could/MD not/RB get/VB her/PRP out/IN of/IN the/DT what/WP she/PRP called/VBD the/DT back/JJ garden/NN ./.,,,334.97,337.95
sw09utt/sw_0937_2950.utt,2/sw2950,2950,200,bh,A,119,1,"{F Oh, } really? /","Oh/UH ,/, really/UH ?/.",,,338.27,338.91
sw09utt/sw_0937_2950.utt,2/sw2950,2950,201,+,B,120,1,Because she wanted to go back with a sunburn. /,Because/IN she/PRP wanted/VBD to/TO go/VB back/RB with/IN a/DT sunburn/NN ./.,,,338.81,341.27
sw09utt/sw_0937_2950.utt,2/sw2950,2950,202,b,A,121,1,Oh. /,Oh/UH ./.,,,341.71,342.04999999999995
sw09utt/sw_0937_2950.utt,2/sw2950,2950,203,sd,B,122,1,{C And } she went back to the north of England with a sunburn <laughter>. /,And/CC she/PRP went/VBD back/RB to/IN the/DT north/NN of/IN England/NNP with/IN a/DT sunburn/NN ./.,,,342.13,344.95
sw09utt/sw_0937_2950.utt,2/sw2950,2950,204,ba,A,123,1,"{F Oh, } good heavens <laughter>.  /","Oh/UH ,/, good/JJ heavens/NNS ./.",,,345.13,346.39
sw09utt/sw_0937_2950.utt,2/sw2950,2950,205,sd,A,123,2,Not me <laughter>.  /,Not/RB me/PRP ./.,,,349.03,349.66999999999996
sw09utt/sw_0937_2950.utt,2/sw2950,2950,206,sd,A,123,3,I avoid the sun <laughter>. /,I/PRP avoid/VBP the/DT sun/NN ./.,,,350.01,351.75
sw09utt/sw_0937_2950.utt,2/sw2950,2950,207,b,B,124,1,"{D Well, } yeah,  /","Well/UH ,/, yeah/UH ,/,",,,352.28,352.76000000000005
sw09utt/sw_0937_2950.utt,2/sw2950,2950,208,sd,B,124,2,"basically I do, too. /","basically/RB I/PRP do/VBP ,/, too/RB ./.",,,352.76,353.78000000000003
sw09utt/sw_0937_2950.utt,2/sw2950,2950,209,b,A,125,1,"Yeah,  /","Yeah/UH ,/,",,,353.97,354.17
sw09utt/sw_0937_2950.utt,2/sw2950,2950,210,sd,A,125,2,"it takes me about four and a half hours [ to do, + to mow ] our grass.  /","it/PRP takes/VBZ me/PRP about/RB four/CD and/CC a/DT half/NN hours/NNS to/TO do/VB ,/, to/TO mow/VB our/PRP$ grass/NN ./.",,,354.17,357.72999999999996
sw09utt/sw_0937_2950.utt,2/sw2950,2950,211,sd,A,125,3,{C And } I try to cover up <laughter> when I do the lawn <laughter>. /,And/CC I/PRP try/VBP to/TO cover/VB up/RP when/WRB I/PRP do/VBP the/DT lawn/NN ./.,,,359.03,361.71
sw09utt/sw_0937_2950.utt,2/sw2950,2950,212,sv,B,126,1,"{D Well, } [ [ I, + that, ] + that ] is really healthier, frankly. /","Well/UH ,/, I/PRP ,/, that/DT ,/, that/DT is/VBZ really/RB healthier/JJR ,/, frankly/RB ./.",,,361.62,363.52
sw09utt/sw_0937_2950.utt,2/sw2950,2950,213,aa,A,127,1,"Yeah,  /","Yeah/UH ,/,",,,363.87,364.29
sw09utt/sw_0937_2950.utt,2/sw2950,2950,214,sd,A,127,2,"{D well, } I have had [ a little, + a couple ] of problems  /","well/UH ,/, I/PRP have/VBP had/VBN a/DT little/JJ ,/, a/DT couple/NN of/IN problems/NNS",,,364.29,366.29
sw09utt/sw_0937_2950.utt,2/sw2950,2950,215,sd,A,127,3,"{C and, } {F uh, } I decided it is not worth it. /","and/CC ,/, uh/UH ,/, I/PRP decided/VBD it/PRP is/VBZ not/RB worth/JJ it/PRP ./.",,,366.29,368.59000000000003
sw09utt/sw_0937_2950.utt,2/sw2950,2950,216,b,B,128,1,Uh-huh.  /,Uh-huh/UH ./.,,,368.39,368.51
sw09utt/sw_0937_2950.utt,2/sw2950,2950,217,%,B,128,2,"That, -/","That/DT ,/,",,,368.51,368.57
sw09utt/sw_0937_2950.utt,2/sw2950,2950,218,sv,A,129,1,"[ I, + I ] like to get tan in the Summer time because I think you look healthier.  /","I/PRP ,/, I/PRP like/VBP to/TO get/VB tan/JJ in/IN the/DT Summer/NN time/NN because/IN I/PRP think/VBP you/PRP look/VBP healthier/JJR ./.",,,369.24,372.67
sw09utt/sw_0937_2950.utt,2/sw2950,2950,219,sv,A,129,2,"{C And, } {F uh, } we are just crazy <laughter>. /","And/CC ,/, uh/UH ,/, we/PRP are/VBP just/RB crazy/JJ ./.",,,373.36,374.84000000000003
sw09utt/sw_0937_2950.utt,2/sw2950,2950,220,sv,B,130,1,"{C But } [ you, + {D you know, } it ] is interesting because you get out in that sun an awful lot.  /","But/CC you/PRP ,/, you/PRP know/VBP ,/, it/PRP is/VBZ interesting/JJ because/IN you/PRP get/VBP out/IN in/IN that/DT sun/NN an/DT awful/JJ lot/NN ./.",,,374.91,378.09
sw09utt/sw_0937_2950.utt,2/sw2950,2950,221,sd,B,130,2,"{D Now } my sister is [ a, + a ] sun fiend. /","Now/UH my/PRP$ sister/NN is/VBZ a/DT ,/, a/DT sun/NN fiend/NN ./.",,,378.09,379.98999999999995
sw09utt/sw_0937_2950.utt,2/sw2950,2950,222,b,A,131,1,Uh-huh. /,Uh-huh/UH ./.,,,380.27,380.60999999999996
sw09utt/sw_0937_2950.utt,2/sw2950,2950,223,sd,B,132,1,"{C And, } {F uh, } she is five years younger than me,  /","And/CC ,/, uh/UH ,/, she/PRP is/VBZ five/CD years/NNS younger/JJR than/IN me/PRP ,/,",,,380.73,382.87
sw09utt/sw_0937_2950.utt,2/sw2950,2950,224,sd,B,132,2,she is more wrinkled. /,she/PRP is/VBZ more/RBR wrinkled/JJ ./.,,,382.87,383.53
sw09utt/sw_0937_2950.utt,2/sw2950,2950,225,bh,A,133,1,Is that right? /,Is/VBZ that/DT right/JJ ?/.,,,383.92,384.65000000000003
sw09utt/sw_0937_2950.utt,2/sw2950,2950,226,ny,B,134,1,"Yeah, /","Yeah/UH ,/,",,,384.65,384.87
sw09utt/sw_0937_2950.utt,2/sw2950,2950,227,sv,A,135,1,"[ It, +","It/PRP ,/,",,,385.07,385.11
sw09utt/sw_0937_2950.utt,2/sw2950,2950,228,sv,B,136,1,{C and } I think that is why. /,and/CC I/PRP think/VBP that/DT is/VBZ why/WRB ./.,,,384.91,385.84999999999997
sw09utt/sw_0937_2950.utt,2/sw2950,2950,229,+,A,137,1,it ] just makes your skin more leathery.  /,it/PRP just/RB makes/VBZ your/PRP$ skin/NN more/RBR leathery/JJ ./.,,,386.12,387.98
sw09utt/sw_0937_2950.utt,2/sw2950,2950,230,%,A,137,2,"[ It, + {F uh, }","It/PRP ,/, uh/UH ,/,",,,387.98,388.34
sw09utt/sw_0937_2950.utt,2/sw2950,2950,231,aa,B,138,1,Exactly. /,Exactly/UH ./.,,,388.86,389.48
sw09utt/sw_0937_2950.utt,2/sw2950,2950,232,+,A,139,1,"it, ] - /","it/PRP ,/,",,,389.68,389.72
sw09utt/sw_0937_2950.utt,2/sw2950,2950,233,%,A,139,2,yeah.  /,yeah/UH ./.,,,389.73,389.91
sw09utt/sw_0937_2950.utt,2/sw2950,2950,234,%,A,139,3,"{C So, } -/","So/RB ,/,",,,389.9,390.02
sw09utt/sw_0937_2950.utt,2/sw2950,2950,235,sv,B,140,1,"I think it burns off the, - /","I/PRP think/VBP it/PRP burns/VBZ off/RP the/DT ,/,",,,390.62,391.62
sw09utt/sw_0937_2950.utt,2/sw2950,2950,236,sd,B,140,2,"I don't know [ [ [ the, + the, ] + the theory, ] + the scientific principle. ]  /","I/PRP do/VBP n't/RB know/VB the/DT ,/, the/DT ,/, the/DT theory/NN ,/, the/DT scientific/JJ principle/NN ./.",,,391.8,394.26
sw09utt/sw_0937_2950.utt,2/sw2950,2950,237,sd,B,140,3,"{C But } it burns something off, the natural oils --","But/CC it/PRP burns/VBZ something/NN off/RP ,/, the/DT natural/JJ oils/NNS --/:",,,394.26,396.28
sw09utt/sw_0937_2950.utt,2/sw2950,2950,238,b,A,141,1,Uh-huh. /,Uh-huh/UH ./.,,,396.48,396.6
sw09utt/sw_0937_2950.utt,2/sw2950,2950,239,+,B,142,1,-- or something like that. /,--/: or/CC something/NN like/IN that/DT ./.,,,396.4,396.94
sw09utt/sw_0937_2950.utt,2/sw2950,2950,240,sd,A,143,1,"{D Well, } the elasticity of your skin, the collagen or whatever they call it.  /","Well/UH ,/, the/DT elasticity/NN of/IN your/PRP$ skin/NN ,/, the/DT collagen/NN or/CC whatever/WP they/PRP call/VBP it/PRP ./.",,,397.14,400.36
sw09utt/sw_0937_2950.utt,2/sw2950,2950,241,sd,A,143,2,They say it destroys a lot of that. /,They/PRP say/VBP it/PRP destroys/VBZ a/DT lot/NN of/IN that/DT ./.,,,400.36,402.18
sw09utt/sw_0937_2950.utt,2/sw2950,2950,242,aa,B,144,1,Yes. /,Yes/UH ./.,,,402.53,402.69
sw09utt/sw_0937_2950.utt,2/sw2950,2950,243,sd,A,145,1,{C And } you lose a lot of that.  /,And/CC you/PRP lose/VBP a/DT lot/NN of/IN that/DT ./.,,,402.9,404.03000000000003
sw09utt/sw_0937_2950.utt,2/sw2950,2950,244,%,A,145,2,"{C So, } {F uh, } -/","So/RB ,/, uh/UH ,/,",,,404.02,404.19
sw09utt/sw_0937_2950.utt,2/sw2950,2950,245,aa,B,146,1,"Yes,  /","Yes/UH ,/,",,,404.57,404.77
sw09utt/sw_0937_2950.utt,2/sw2950,2950,246,ba,B,146,2,"{F uh, } [ that sounds like a good, + that sounds like the right ] theory. /","uh/UH ,/, that/DT sounds/VBZ like/IN a/DT good/JJ ,/, that/DT sounds/VBZ like/IN the/DT right/JJ theory/NN ./.",,,405.27,408.17
sw09utt/sw_0937_2950.utt,2/sw2950,2950,247,b,A,147,1,"Yeah,  /","Yeah/UH ,/,",,,408.51,408.61
sw09utt/sw_0937_2950.utt,2/sw2950,2950,248,sd,A,147,2,"[ {C but, } {F uh, } + {C but } ] we have really had nice, - /","but/CC ,/, uh/UH ,/, but/CC we/PRP have/VBP really/RB had/VBN nice/JJ ,/,",,,408.61,410.62
sw09utt/sw_0937_2950.utt,2/sw2950,2950,249,sd,A,147,3,"the weather, - /","the/DT weather/NN ,/,",,,410.77,411.15000000000003
sw09utt/sw_0937_2950.utt,2/sw2950,2950,250,sd,A,147,4,I can't complain.  /,I/PRP ca/MD n't/RB complain/VB ./.,,,411.14,412.16
sw09utt/sw_0937_2950.utt,2/sw2950,2950,251,sd,A,147,5,We have really had really good weather of late. /,We/PRP have/VBP really/RB had/VBN really/RB good/JJ weather/NN of/IN late/JJ ./.,,,412.16,414.54
sw09utt/sw_0937_2950.utt,2/sw2950,2950,252,ba,B,148,1,Good. /,Good/JJ ./.,,,414.79,414.89000000000004
sw09utt/sw_0937_2950.utt,2/sw2950,2950,253,sd,A,149,1,"{C And } when it has rained, [ it ha-, +  it's ] been a good soaking rain  /","And/CC when/WRB it/PRP has/VBZ rained/VBN ,/, it/PRP ha/VBZ ,/, it/PRP 's/HVS been/VBN a/DT good/JJ soaking/VBG rain/NN",,,415.12,418.67999999999995
sw09utt/sw_0937_2950.utt,2/sw2950,2950,254,sd,A,149,2,"{C and, } {F uh, } it has just been a really nice Spring. /","and/CC ,/, uh/UH ,/, it/PRP has/VBZ just/RB been/VBN a/DT really/RB nice/JJ Spring/NN ./.",,,418.68,422.82
sw09utt/sw_0937_2950.utt,2/sw2950,2950,255,ba,B,150,1,"{D Well, } that is great.  /","Well/UH ,/, that/DT is/VBZ great/JJ ./.",,,423.34,424.02
sw09utt/sw_0937_2950.utt,2/sw2950,2950,256,sd,B,150,2,"[ It has been, + it has been ] very nice here too.  /","It/PRP has/VBZ been/VBN ,/, it/PRP has/VBZ been/VBN very/RB nice/JJ here/RB too/RB ./.",,,424.02,426.04
sw09utt/sw_0937_2950.utt,2/sw2950,2950,257,sd,B,150,3,{C And } I hope it continues because my parents are coming to visit this evening  /,And/CC I/PRP hope/VBP it/PRP continues/VBZ because/IN my/PRP$ parents/NNS are/VBP coming/VBG to/TO visit/VB this/DT evening/NN,,,426.04,429.82
sw09utt/sw_0937_2950.utt,2/sw2950,2950,258,sd,B,150,4,{C and } I want them to have --,and/CC I/PRP want/VBP them/PRP to/TO have/VB --/:,,,429.82,430.76
sw09utt/sw_0937_2950.utt,2/sw2950,2950,259,b,A,151,1,Oh. /,Oh/UH ./.,,,430.98,431.04
sw09utt/sw_0937_2950.utt,2/sw2950,2950,260,+,B,152,1,-- nice weather for their visit  --,--/: nice/JJ weather/NN for/IN their/PRP$ visit/NN --/:,,,430.82,433.2
sw09utt/sw_0937_2950.utt,2/sw2950,2950,261,ba,A,153,1,"{F Oh, } that is great. /","Oh/UH ,/, that/DT is/VBZ great/JJ ./.",,,433.42,433.88
sw09utt/sw_0937_2950.utt,2/sw2950,2950,262,+,B,154,1,-- instead of driving around in the rain. /,--/: instead/IN of/IN driving/VBG around/RB in/IN the/DT rain/NN ./.,,,433.66,434.44
sw09utt/sw_0937_2950.utt,2/sw2950,2950,263,qw,A,155,1,How long will they be there? /,How/WRB long/JJ will/MD they/PRP be/VB there/RB ?/.,,,434.74,435.94
sw09utt/sw_0937_2950.utt,2/sw2950,2950,264,sd,B,156,1,"{F Uh, } probably four or five days. /","Uh/UH ,/, probably/RB four/CD or/CC five/CD days/NNS ./.",,,436.2,437.7
sw09utt/sw_0937_2950.utt,2/sw2950,2950,265,b,A,157,1,Uh-huh.  /,Uh-huh/UH ./.,,,437.92,438.12
sw09utt/sw_0937_2950.utt,2/sw2950,2950,266,ba,A,157,2,"{D Well, } that is great.  /","Well/UH ,/, that/DT is/VBZ great/JJ ./.",,,438.28,439.06
sw09utt/sw_0937_2950.utt,2/sw2950,2950,267,sd,A,157,3,"{D Well, } I hope the weather stays real good for them.  [ And, +","Well/UH ,/, I/PRP hope/VBP the/DT weather/NN stays/VBZ real/RB good/JJ for/IN them/PRP ./. And/CC ,/,",,,439.06,441.09999999999997
sw09utt/sw_0937_2950.utt,2/sw2950,2950,268,ft,B,158,1,"{D Well, } thank you <laughter>. /","Well/UH ,/, thank/VB you/PRP ./.",,,441.05,441.55
sw09utt/sw_0937_2950.utt,2/sw2950,2950,269,+,A,159,1,"and, ] {F uh, } that you have a good visit and everything. /","and/CC ,/, uh/UH ,/, that/IN you/PRP have/VBP a/DT good/JJ visit/NN and/CC everything/NN ./.",,,441.78,444.04
sw09utt/sw_0937_2950.utt,2/sw2950,2950,270,ft,B,160,1,Thanks. /,Thanks/NNS ./.,,,444.03,444.46999999999997
sw09utt/sw_0937_2950.utt,2/sw2950,2950,271,sd,A,161,1,{C And } I hope your garden does good. /,And/CC I/PRP hope/VBP your/PRP$ garden/NN does/VBZ good/RB ./.,,,445.38,446.56
sw09utt/sw_0937_2950.utt,2/sw2950,2950,272,b,B,162,1,Yeah.  /,Yeah/UH ./.,,,446.33,446.53
sw09utt/sw_0937_2950.utt,2/sw2950,2950,273,sd,B,162,2,And the same to you. /,And/CC the/DT same/JJ to/IN you/PRP ./.,,,446.91,447.99
sw09utt/sw_0937_2950.utt,2/sw2950,2950,274,b,A,163,1,"{C And, so. } Okay.  /","And/CC ,/, so/RB ./. Okay/UH ./.",,,448.66,450.78
sw09utt/sw_0937_2950.utt,2/sw2950,2950,275,fc,A,163,2,"{D Well, } it was really nice talking to you. /","Well/UH ,/, it/PRP was/VBD really/RB nice/JJ talking/VBG to/IN you/PRP ./.",,,451.02,452.91999999999996
sw09utt/sw_0937_2950.utt,2/sw2950,2950,276,fc,B,164,1,A pleasure. /,A/DT pleasure/NN ./.,,,452.93,453.53000000000003
sw09utt/sw_0937_2950.utt,2/sw2950,2950,277,fc,A,165,1,"{C And, } {F uh, } good luck in [ your, + this ] venture.  /","And/CC ,/, uh/UH ,/, good/JJ luck/NN in/IN your/PRP$ ,/, this/DT venture/NN ./.",,,454.26,457.24
sw09utt/sw_0937_2950.utt,2/sw2950,2950,278,fc,A,165,2,"It is, {F uh, } like I said,  /","It/PRP is/VBZ ,/, uh/UH ,/, like/IN I/PRP said/VBD ,/,",,,457.24,458.16
sw09utt/sw_0937_2950.utt,2/sw2950,2950,279,fc,A,165,3,it has been real interesting.  /,it/PRP has/VBZ been/VBN real/RB interesting/JJ ./.,,,458.16,459.38
sw09utt/sw_0937_2950.utt,2/sw2950,2950,280,fc,A,165,4,{C So } I hope you enjoy it as much as I have been enjoying it <laughter>. /,So/RB I/PRP hope/VBP you/PRP enjoy/VBP it/PRP as/RB much/JJ as/IN I/PRP have/VBP been/VBN enjoying/VBG it/PRP ./.,,,459.38,461.94
sw09utt/sw_0937_2950.utt,2/sw2950,2950,281,fc,B,166,1,I am sure I will.  /,I/PRP am/VBP sure/JJ I/PRP will/MD ./.,,,461.83,462.84999999999997
sw09utt/sw_0937_2950.utt,2/sw2950,2950,282,fc,B,166,2,"[ In, + in ] fact, if I had not been preparing for [ this, + the out of town visitors, ] I probably would have been making some phone calls in the last couple --","In/IN ,/, in/IN fact/NN ,/, if/IN I/PRP had/VBD not/RB been/VBN preparing/VBG for/IN this/DT ,/, the/DT out/IN of/IN town/NN visitors/NNS ,/, I/PRP probably/RB would/MD have/VB been/VBN making/VBG some/DT phone/NN calls/NNS in/IN the/DT last/JJ couple/NN --/:",,,462.85,467.90999999999997
sw09utt/sw_0937_2950.utt,2/sw2950,2950,283,fc,A,167,1,"Yeah, /","Yeah/UH ,/,",,,468.14,468.21999999999997
sw09utt/sw_0937_2950.utt,2/sw2950,2950,284,+,B,168,1,-- of days. /,--/: of/IN days/NNS ./.,,,467.99,468.13
sw09utt/sw_0937_2950.utt,2/sw2950,2950,285,fc,A,169,1,I forget to.  /,I/PRP forget/VBP to/TO ./.,,,468.36,469.14
sw09utt/sw_0937_2950.utt,2/sw2950,2950,286,fc,A,169,2,"The day goes by,  /","The/DT day/NN goes/VBZ by/RB ,/,",,,469.14,469.96
sw09utt/sw_0937_2950.utt,2/sw2950,2950,287,fc,A,169,3,{C and } I forget to make a call <laughter> usually. /,and/CC I/PRP forget/VBP to/TO make/VB a/DT call/NN usually/RB ./.,,,469.96,472.1
sw09utt/sw_0937_2950.utt,2/sw2950,2950,288,fc,B,170,1,"{D Well, } I am glad you have broken the ice with me because now, [ I will, + I will ] start doing it <laughter>. /","Well/UH ,/, I/PRP am/VBP glad/JJ you/PRP have/VBP broken/VBN the/DT ice/NN with/IN me/PRP because/IN now/RB ,/, I/PRP will/MD ,/, I/PRP will/MD start/VB doing/VBG it/PRP ./.",,,472.48,475.74
sw09utt/sw_0937_2950.utt,2/sw2950,2950,289,fc,A,171,1,"Great,  /","Great/UH ,/,",,,475.98,476.1
sw09utt/sw_0937_2950.utt,2/sw2950,2950,290,fc^r,A,171,2,great. /,great/UH ./.,,,476.1,476.46000000000004
sw09utt/sw_0937_2950.utt,2/sw2950,2950,291,fc,B,172,1,Okay. /,Okay/UH ./.,,,476.42,476.62
sw09utt/sw_0937_2950.utt,2/sw2950,2950,292,fc^m,A,173,1,Okay. /,Okay/UH ./.,,,476.86,477.2
sw09utt/sw_0937_2950.utt,2/sw2950,2950,293,fc,B,174,1,"{D Well, } thanks, Jean. /","Well/UH ,/, thanks/NNS ,/, Jean/NNP ./.",,,476.96,477.88
sw09utt/sw_0937_2950.utt,2/sw2950,2950,294,fc,A,175,1,{F Uh. }  Bye-bye. /,Uh/UH ./. Bye-bye/UH ./.,,,478.24,478.94
sw09utt/sw_0937_2950.utt,2/sw2950,2950,295,fc^m,B,176,1,Bye-bye. /,Bye-bye/UH ./.,,,479.34,479.67999999999995
