act_tag,caller,conversation_no,end_ts,pos,ptb_basename,ptb_treenumbers,start_ts,subutterance_index,swda_filename,text,transcript_index,trees,utterance_index
qw,A,2935,2.62,"Well/UH ,/, what/WDT kind/NN of/IN garden/NN do/VBP you/PRP have/VB ?/.",2/sw2935,,0.98,1,sw10utt/sw_1020_2935.utt,"{D Well, } what kind of garden do you have? /",0,,1
sd,B,2935,4.11,"Well/UH ,/, we/PRP 've/VBP tried/VBN having/VBG ,/,",2/sw2935,,2.81,1,sw10utt/sw_1020_2935.utt,"{D Well, } we've tried having, - /",1,,2
^h,B,2935,5.05,"let/VB me/PRP turn/VB the/DT T/NN V/NN off/RP ,/,",2/sw2935,,4.11,2,sw10utt/sw_1020_2935.utt,"let me turn the T V off,  /",2,,2
sd,B,2935,8.75,"we/PRP 've/VBP tried/VBN having/VBG a/DT vegetable/NN garden/NN ,/,",2/sw2935,,5.31,3,sw10utt/sw_1020_2935.utt,"we've tried having a vegetable garden,  /",3,,2
sd,B,2935,10.19,"and/CC I/PRP 'm/VBP from/IN Chicago/NNP ,/,",2/sw2935,,8.75,4,sw10utt/sw_1020_2935.utt,"{C and } I'm from Chicago,  /",4,,2
sd,B,2935,17.19,"and/CC the/DT way/NN that/IN ,/, uh/UH ,/, bugs/NNS and/CC weeds/NNS grow/VBP down/IN here/RB is/VBZ very/RB different/JJ from/IN Chicago/NNP ./.",2/sw2935,,10.19,5,sw10utt/sw_1020_2935.utt,"{C and } the way that, {F uh, } bugs and weeds grow down here is very different <laughter> from Chicago.",5,,2
x,A,2935,0.0,,2/sw2935,,0.0,1,sw10utt/sw_1020_2935.utt,<Laughter>.,6,,3
+,B,2935,0.0,And/CC,2/sw2935,,0.0,1,sw10utt/sw_1020_2935.utt,/,7,,4
sd,B,2935,,"we/PRP have/VBP tried/VBN several/JJ years/NNS in/IN a/DT row/NN ,/, and/CC",2/sw2935,,,2,sw10utt/sw_1020_2935.utt,"{C And } we have tried several years in a row,  /",8,,4
sd,B,2935,,"we/PRP 've/VBP given/VBN up/RP ,/, between/IN the/DT fire/NN ants/NNS ,/, the/DT pill/NN bugs/NNS ,/, the/DT weeds/NNS ,/, the/DT drought/NN ,/, and/CC a/DT hundred/CD and/CC ten/CD degree/NN heat/NN all/DT Summer/NN ,/, and/CC",2/sw2935,,,3,sw10utt/sw_1020_2935.utt,"{C and } we've given up, between the fire ants, the pill bugs, the weeds, the drought, and a hundred and ten degree heat all Summer,  /",9,,4
sd,B,2935,,"we/PRP just/RB kind/RB of/RB ,/, uh/UH ,/, decided/VBD to/TO go/VB with/IN a/DT few/JJ flowers/NNS and/CC give/VB up/RP on/IN the/DT vegetable/NN garden/NN ./.",2/sw2935,,,4,sw10utt/sw_1020_2935.utt,"{C and } we just kind of, {F uh, } decided to go with a few flowers and  give up on the vegetable garden <laughter>. /",10,,4
b,A,2935,,Oh/UH ./.,2/sw2935,,,1,sw10utt/sw_1020_2935.utt,Oh. /,11,,5
sd,B,2935,,"We/PRP had/VBD to/TO put/VB so/RB much/JJ poison/NN out/IN on/IN everything/NN that/IN we/PRP thought/VBD ,/, Who/WP 'd/MD want/VB to/TO eat/VB that/DT stuff/NN ./.",2/sw2935,,,1,sw10utt/sw_1020_2935.utt,"We had to put so much poison out on everything that we thought, Who'd want to eat that stuff. /",12,,6
b,A,2935,,"Uh-huh/UH ,/,",2/sw2935,,,1,sw10utt/sw_1020_2935.utt,"Uh-huh,  /",13,,7
b^r,A,2935,,uh-huh/UH ./.,2/sw2935,,,2,sw10utt/sw_1020_2935.utt,uh-huh. /,14,,7
sd,B,2935,,"You/PRP know/VBP ,/, so/RB we/PRP have/VBP really/RB been/VBN frustrated/JJ by/IN our/PRP$ gardening/NN attempts/NNS here/RB ,/,",2/sw2935,,,1,sw10utt/sw_1020_2935.utt,"{D You know, } {C so } we have really been frustrated by our gardening attempts here,  /",15,,8
sd,B,2935,,"and/CC ,/, uh/UH ,/, if/IN you/PRP really/RB water/VBP a/DT lot/NN ,/, you/PRP can/MD do/VB it/PRP ,/,",2/sw2935,,,2,sw10utt/sw_1020_2935.utt,"{C and, } {F uh, } if you really water a lot, you can do it,  /",16,,8
sd,B,2935,,"but/CC ,/, you/PRP know/VBP ,/, when/WRB you/PRP have/VBP to/TO pay/VB for/IN water/NN ,/, it/PRP really/RB gets/VBZ to/TO be/VB an/DT annoyance/NN to/TO have/VB to/TO water/VB constantly/RB ./.",2/sw2935,,,3,sw10utt/sw_1020_2935.utt,"{C but, } {D you know, } when you have to pay for water, it really gets to be an annoyance to have to water constantly. /",17,,8
b,A,2935,,Uh-huh/UH ./.,2/sw2935,,,1,sw10utt/sw_1020_2935.utt,Uh-huh. /,18,,9
sd,B,2935,,"So/RB ,/, right/RB now/RB we/PRP 're/VBP just/RB ,/,",2/sw2935,,,1,sw10utt/sw_1020_2935.utt,"{C So, } right now we're just, -/",19,,10
qy,A,2935,,Do/VBP you/PRP have/VB a/DT lawn/NN ?/.,2/sw2935,,,1,sw10utt/sw_1020_2935.utt,Do you have a lawn? /,20,,11
b,B,2935,,"Yeah/UH ,/,",2/sw2935,,,1,sw10utt/sw_1020_2935.utt,"Yeah,  /",21,,12
sd,B,2935,,"we/PRP ,/, we/PRP just/RB try/VBP to/TO maintain/VB the/DT lawn/NN and/CC the/DT shrubs/NNS right/RB now/RB ,/, and/CC the/DT trees/NNS ./.",2/sw2935,,,2,sw10utt/sw_1020_2935.utt,"[ we, + we  ] just try to maintain the <laughter> lawn and the shrubs right now, and the trees. /",22,,12
x,A,2935,,,2/sw2935,,,1,sw10utt/sw_1020_2935.utt,<Laughter>.,23,,13
sd,B,2935,,We/PRP have/VBP a/DT peach/NN tree/NN ./.,2/sw2935,,,1,sw10utt/sw_1020_2935.utt,We have a peach tree.  /,24,,14
sd,B,2935,,"That/DT 's/BES the/DT extent/NN of/IN our/PRP$ ,/, um/UH ,/, contributing/VBG to/IN our/PRP$ food/NN supply/NN ./.",2/sw2935,,,2,sw10utt/sw_1020_2935.utt,"That's the extent of [ our, + {F um, } contributing to our  ] food supply.  /",25,,14
sd,B,2935,,But/CC that/DT 's/BES nice/JJ to/TO have/VB,2/sw2935,,,3,sw10utt/sw_1020_2935.utt,{C But } that's nice to have  /,26,,14
%@,B,2935,,"but/CC ,/,",2/sw2935,,,4,sw10utt/sw_1020_2935.utt,"{C but, }",27,,14
b,A,2935,,"Oh/UH ,/, yeah/UH ./.",2/sw2935,,,1,sw10utt/sw_1020_2935.utt,"{F Oh, } yeah. /",28,,15
+@,B,2935,,"Yeah/UH ,/,",2/sw2935,,,1,sw10utt/sw_1020_2935.utt,"Yeah,  /",29,,16
b^r,B,2935,,yeah/UH ./.,2/sw2935,,,2,sw10utt/sw_1020_2935.utt,yeah.  /,30,,16
qw,B,2935,,So/RB what/WP do/VBP you/PRP do/VB up/IN there/RB ?/.,2/sw2935,,,3,sw10utt/sw_1020_2935.utt,{C So } what do you do up there? /,31,,16
%,A,2935,,"Well/UH ,/, um/UH ,/, actually/UH it/PRP ,/,",2/sw2935,,,1,sw10utt/sw_1020_2935.utt,"{D Well, } {F um, } {D actually } <laughter> it, - /",32,,17
sd,A,2935,,we/PRP 've/VBP sort/RB of/RB had/VBN an/DT ideal/JJ Spring/NN ./.,2/sw2935,,,2,sw10utt/sw_1020_2935.utt,we've sort of had an ideal Spring. /,33,,17
%,B,2935,,Um/UH ./.,2/sw2935,,,1,sw10utt/sw_1020_2935.utt,{F Um. } /,34,,18
sd,A,2935,,"And/CC ,/, um/UH ,/, the/DT ,/, the/DT peonies/NNS have/VBP been/VBN out/RB for/IN now/RB about/RB three/CD weeks/NNS --/:",2/sw2935,,,1,sw10utt/sw_1020_2935.utt,"{C And, } {F um, } [ the, +  the ] peonies have been out for now about three weeks -- /",35,,19
ba,B,2935,,"Oh/UH ,/, wow/UH ./.",2/sw2935,,,1,sw10utt/sw_1020_2935.utt,"{F Oh, } wow. /",36,,20
sd,A,2935,,"--/: and/CC the/DT roses/NNS have/VBP been/VBN blooming/VBG for/IN two/CD weeks/NNS ,/,",2/sw2935,,,1,sw10utt/sw_1020_2935.utt,"-- {C and } the roses have been blooming for two weeks,  /",37,,21
sd,A,2935,,"and/CC the/DT grass/NN is/VBZ ,/, uh/UH ,/, this/DT lush/JJ green/NN ,/,",2/sw2935,,,2,sw10utt/sw_1020_2935.utt,"{C and } the grass is, {F uh, } this lush green,  /",38,,21
sd,A,2935,,"and/CC of/IN course/NN I/PRP 've/VBP got/VBN lots/NNS of/IN weeds/NNS in/IN mine/PRP because/IN ,/,",2/sw2935,,,3,sw10utt/sw_1020_2935.utt,"{C and } of course I've got lots of weeds in mine because,",39,,21
x,B,2935,,,2/sw2935,,,1,sw10utt/sw_1020_2935.utt,<Children_yelling>.,40,,22
+,A,2935,,I/PRP do/VBP n't/RB use/VB any/DT poison/NN either/RB ./.,2/sw2935,,,1,sw10utt/sw_1020_2935.utt,I don't use any poison either. /,41,,23
b,B,2935,,Yeah/UH ./.,2/sw2935,,,1,sw10utt/sw_1020_2935.utt,Yeah. /,42,,24
sd,A,2935,,"But/CC ,/, um/UH ,/, you/PRP know/VBP ,/, I/PRP just/RB keep/VBP looking/VBG at/IN ,/,",2/sw2935,,,1,sw10utt/sw_1020_2935.utt,"{C But, } {F um, } {D you know, } I just keep looking at, - /",43,,25
sd(^q),A,2935,,"and/CC I/PRP say/VBP ,/, Jeez/UH ,/, you/PRP know/VBP ,/, this/DT is/VBZ the/DT first/JJ year/NN it/PRP 's/HVS been/VBN so/RB perfect/JJ ./.",2/sw2935,,,2,sw10utt/sw_1020_2935.utt,"{C and } I say, Jeez, {D you know, } this is the first year it's been so perfect. /",44,,25
b,B,2935,,Really/UH ./.,2/sw2935,,,1,sw10utt/sw_1020_2935.utt,Really.  /,45,,26
ba,B,2935,,Gosh/UH ./.,2/sw2935,,,2,sw10utt/sw_1020_2935.utt,Gosh. /,46,,26
%,A,2935,,"But/CC ,/, and/CC my/PRP$ garden/NN ,/, you/PRP know/VBP ,/,",2/sw2935,,,1,sw10utt/sw_1020_2935.utt,"[ {C But, } + {C and }  ] my garden, {D you know, } <laughter> - /",47,,27
sd,A,2935,,my/PRP$ tomatoes/NNS are/VBP two/CD and/CC a/DT half/NN feet/NNS tall/JJ --/:,2/sw2935,,,2,sw10utt/sw_1020_2935.utt,my tomatoes are two and a half feet tall -- /,48,,27
ba,B,2935,,"Oh/UH ,/, boy/UH --/:",2/sw2935,,,1,sw10utt/sw_1020_2935.utt,"{F Oh, } boy -- /",49,,28
%,A,2935,,"--/: the/DT plants/NNS and/CC ,/,",2/sw2935,,,1,sw10utt/sw_1020_2935.utt,"-- the plants and, -/",50,,29
ba,B,2935,,--/: that/DT sounds/VBZ wonderful/JJ ./.,2/sw2935,,,1,sw10utt/sw_1020_2935.utt,-- that sounds wonderful. /,51,,30
sd(^q),A,2935,,"you/PRP know/VBP ,/, I/PRP 'm/VBP g-/XX ,/, I/PRP 'm/VBP going/VBG ,/, Gee/UH ,/, this/DT ca/MD n't/RB ,/, you/PRP know/VBP ,/,",2/sw2935,,,1,sw10utt/sw_1020_2935.utt,"{D you know, } [ I'm g-, + I'm going,  ] Gee,  this can't, {D you know, } - /",52,,31
^q,A,2935,,we/PRP 'll/MD have/VB a/DT freeze/NN ./.,2/sw2935,,,2,sw10utt/sw_1020_2935.utt,we'll have a freeze. /,53,,31
sd,B,2935,,If/IN you/PRP do/VBP n't/RB have/VB a/DT frost/NN you/PRP 'll/MD be/VB all/RB right/JJ ./.,2/sw2935,,,1,sw10utt/sw_1020_2935.utt,If you don't have a frost you'll be all right <laughter>. /,54,,32
x,A,2935,,,2/sw2935,,,1,sw10utt/sw_1020_2935.utt,<Laughter>.,55,,33
sd,B,2935,,"That/DT 's/BES what/WP I/PRP remember/VBP from/IN living/VBG up/IN north/RB ,/, is/VBZ that/IN you/PRP 'd/MD get/VB everything/NN set/JJ and/CC then/RB you/PRP 'd/MD have/VB a/DT frost/NN",2/sw2935,,,1,sw10utt/sw_1020_2935.utt,"That's what I remember from living up north, is that you'd get everything set and then you'd have a frost  /",56,,34
sd,B,2935,,"and/CC half/PDT the/DT stuff/NN would/MD get/VB frostbitten/JJ ,/,",2/sw2935,,,2,sw10utt/sw_1020_2935.utt,"{C and } half <laughter> the stuff would get frostbitten,  /",57,,34
sd,B,2935,,and/CC you/PRP 'd/MD have/VB to/TO ./.,2/sw2935,,,3,sw10utt/sw_1020_2935.utt,{C and } you'd have to. -/,58,,34
ba,A,2935,,"Well/UH ,/, that/DT 's/BES it/PRP ./.",2/sw2935,,,1,sw10utt/sw_1020_2935.utt,"{D Well, } that's it.  /",59,,35
sd,A,2935,,"Last/JJ year/NN ,/, I/PRP think/VBP it/PRP was/VBD ,/, you/PRP know/VBP ,/, my/PRP$ peonies/NNS were/VBD ,/, were/VBD ,/, budding/VBG in/IN January/NNP ,/,",2/sw2935,,,2,sw10utt/sw_1020_2935.utt,"Last year, I think it was, {D you know, } my peonies  [ were, + were,  ] budding in January,  /",60,,35
sd,A,2935,,"and/CC ,/, you/PRP know/VBP ,/, there/EX was/VBD no/DT way/NN that/DT was/VBD going/VBG to/TO make/VB it/PRP ,/,",2/sw2935,,,3,sw10utt/sw_1020_2935.utt,"{C and, } {D you know, } there was no way that was going to make it,  /",61,,35
sd,A,2935,,"and/CC sure/JJ enough/RB ,/, you/PRP know/VBP ,/, we/PRP d-/XX ,/, had/VBD really/RB mild/JJ weather/NN until/IN --/:",2/sw2935,,,4,sw10utt/sw_1020_2935.utt,"{C and } sure enough, {D you know, } we [ d-, + ] had really mild weather until --",62,,35
ba,B,2935,,Wow/UH ./.,2/sw2935,,,1,sw10utt/sw_1020_2935.utt,Wow. /,63,,36
+,A,2935,,--/: I/PRP think/VBP it/PRP was/VBD May/NNP or/CC something/NN --/:,2/sw2935,,,1,sw10utt/sw_1020_2935.utt,-- I think it was May or something -- /,64,,37
b,B,2935,,Uh-huh/UH ./.,2/sw2935,,,1,sw10utt/sw_1020_2935.utt,Uh-huh. /,65,,38
sd,A,2935,,"--/: and/CC then/RB ,/, you/PRP know/VBP ,/, everything/NN just/RB got/VBD hit/VBN hard/JJ ./.",2/sw2935,,,1,sw10utt/sw_1020_2935.utt,"-- {C and then, } {D you know, } everything just got hit hard <laughter>. /",66,,39
ba,B,2935,,"Oh/UH ,/, boy/UH ,/,",2/sw2935,,,1,sw10utt/sw_1020_2935.utt,"{F Oh, } boy,  /",67,,40
ba,B,2935,,that/DT 's/BES frustrating/JJ ./.,2/sw2935,,,2,sw10utt/sw_1020_2935.utt,that's frustrating. /,68,,40
%,A,2935,,"So/RB ,/, but/CC yeah/UH ,/,",2/sw2935,,,1,sw10utt/sw_1020_2935.utt,"[ {C So, } + {C but }  ] yeah,  /",69,,41
sd,A,2935,,"it/PRP ,/, it/PRP 's/BES interesting/JJ ,/,",2/sw2935,,,2,sw10utt/sw_1020_2935.utt,"[ it, + it's  ] interesting,  /",70,,41
sd,A,2935,,and/CC I/PRP enjoy/VBP gardening/NN ./.,2/sw2935,,,3,sw10utt/sw_1020_2935.utt,{C and } I enjoy gardening.  /,71,,41
sd,A,2935,,My/PRP$ son/NN does/VBZ the/DT mowing/NN of/IN the/DT grass/NN ./.,2/sw2935,,,4,sw10utt/sw_1020_2935.utt,My son does the mowing of the grass. /,72,,41
b,B,2935,,"Oh/UH ,/, yeah/UH ,/,",2/sw2935,,,1,sw10utt/sw_1020_2935.utt,"{F Oh, } yeah,  /",73,,42
sd,B,2935,,"my/PRP$ husband/NN does/VBZ that/DT ,/, thank/VB goodness/NN ,/, because/IN I/PRP ,/, that/DT 's/BES not/RB a/DT pleasure/NN for/IN me/PRP ./.",2/sw2935,,,2,sw10utt/sw_1020_2935.utt,"my husband does that, thank goodness,  because [ I, + ] that's not a pleasure for me <laughter>. /",74,,42
sd,A,2935,,"I/PRP do/VBP n't/RB think/VB that/DT 's/BES a/DT pleasure/NN for/IN anybody/NN ,/, the/DT m-/XX ,/, the/DT mowing/NN ./.",2/sw2935,,,1,sw10utt/sw_1020_2935.utt,"<Laughter> I don't think that's a pleasure for anybody, [ the m-, + the mowing.  ] /",75,,43
sd,B,2935,,"I/PRP love/VBP gardens/NNS that/WDT are/VBP well/RB tended/VBN ,/,",2/sw2935,,,1,sw10utt/sw_1020_2935.utt,"I love gardens that are well tended,  /",76,,44
%,B,2935,,"and/CC I/PRP just/RB ,/,",2/sw2935,,,2,sw10utt/sw_1020_2935.utt,"{C and } I just, - /",77,,44
sd,B,2935,,"there/EX 's/HVS been/VBN a/DT few/JJ different/JJ places/NNS I/PRP 've/VBP lived/VBN where/WRB I/PRP 've/VBP just/RB n-/XX ,/,",2/sw2935,,,3,sw10utt/sw_1020_2935.utt,"there's been a few different places I've lived where I've just n-, - /",78,,44
sd,B,2935,,"I/PRP do/VBP n't/RB know/VB whether/IN it/PRP 's/BES little/JJ old/JJ ladies/NNS living/VBG there/RB or/CC what/WP ,/, but/CC you/PRP could/MD just/RB tell/VB that/IN they/PRP had/VBD a/DT love/NN ,/, uh/UH ,/, a/DT love/NN affair/NN with/IN their/PRP$ gardens/NNS ,/, with/IN beautiful/JJ wild/JJ flowers/NNS ,/,",2/sw2935,,,4,sw10utt/sw_1020_2935.utt,"I don't know whether it's little old ladies living there or what, but you could just tell that they had [ a love, + {F uh, } a love  ] affair with their gardens, with beautiful wild flowers,  /",79,,44
%,B,2935,,"and/CC just/RB ,/,",2/sw2935,,,5,sw10utt/sw_1020_2935.utt,"{C and } just, - /",80,,44
sd,B,2935,,"I/PRP love/VBP the/DT host/NN of/IN colors/NNS that/WDT just/RB keep/VBP coming/VBG all/DT ,/, you/PRP know/VBP ,/, year/NN long/JJ ./.",2/sw2935,,,6,sw10utt/sw_1020_2935.utt,"I love the host of colors that just keep coming all, {D you know, } year long.   /",81,,44
sd,B,2935,,"And/CC ,/, uh/UH ,/, I/PRP ,/, I/PRP was/VBD in/IN England/NNP once/RB ,/,",2/sw2935,,,7,sw10utt/sw_1020_2935.utt,"{C And, } {F uh, } <children> [ I, + I  ] was in England once,  /",82,,44
sd,B,2935,,"and/CC that/DT 's/BES one/CD thing/NN that/WDT impressed/VBD me/PRP so/RB much/JJ is/VBZ no/DT matter/NN what/WP size/NN yard/NN somebody/NN had/VBD ,/, they/PRP had/VBD a/DT beautiful/JJ garden/NN in/IN it/PRP ./.",2/sw2935,,,8,sw10utt/sw_1020_2935.utt,"{C and } that's one thing that impressed me so much is no matter what size yard somebody had, they had a beautiful garden in it.  /",83,,44
sd,B,2935,,"You/PRP know/VBP ,/, it/PRP could/MD be/VB three/CD feet/NNS by/IN four/CD feet/NNS or/CC something/NN ./.",2/sw2935,,,9,sw10utt/sw_1020_2935.utt,"{D You know, } it could be <child_yelling> three feet by four feet or something. /",84,,44
b,A,2935,,Uh-huh/UH ./.,2/sw2935,,,1,sw10utt/sw_1020_2935.utt,Uh-huh. /,85,,45
sd,B,2935,,"So/RB I/PRP do/VBP admire/VB that/DT ,/, but/CC I/PRP have/VBP n't/RB really/RB put/VB ,/, uh/UH ,/, too/RB much/JJ energy/NN into/IN it/PRP ./.",2/sw2935,,,1,sw10utt/sw_1020_2935.utt,"{C So } I do admire that, but I haven't really put, {F uh, } too much energy into it. /",86,,46
x,A,2935,,,2/sw2935,,,1,sw10utt/sw_1020_2935.utt,<Laughter>.,87,,47
sd,B,2935,,Course/IN we/PRP have/VBP two/CD little/JJ kids/NNS that/WDT are/VBP two/CD and/CC three/CD years/NNS old/JJ ./.,2/sw2935,,,1,sw10utt/sw_1020_2935.utt,Course we have two little kids that are two and three years old <laughter>. /,88,,48
sv,A,2935,,"Oh/UH ,/, they/PRP help/VBP you/PRP ./.",2/sw2935,,,1,sw10utt/sw_1020_2935.utt,"{F Oh, } they help you. /",89,,49
sd,B,2935,,"So/RB that/DT has/VBZ put/VBN a/DT crimp/NN in/IN my/PRP$ every/DT activity/NN other/JJ than/IN diapers/NNS and/CC laundry/NN ,/, I/PRP 'll/MD tell/VB you/PRP ./.",2/sw2935,,,1,sw10utt/sw_1020_2935.utt,"{C So } that has put a crimp in my every activity other than diapers and  laundry, I'll tell you <laughter>. /",90,,50
ba,A,2935,,Oh/UH dear/UH ./.,2/sw2935,,,1,sw10utt/sw_1020_2935.utt,<Laughter> {F Oh } dear.  /,91,,51
sv,A,2935,,"Oh/UH but/CC that/DT 's/BES nice/JJ ,/, you/PRP know/VBP ,/,",2/sw2935,,,2,sw10utt/sw_1020_2935.utt,"{F Oh } {C but } that's nice, {D you know, }  /",92,,51
sv,A,2935,,"I/PRP mean/VBP the/DT peach/NN tree/NN is/VBZ ,/, is/VBZ a/DT start/NN",2/sw2935,,,3,sw10utt/sw_1020_2935.utt,"{E I mean } the peach tree [ is, + is  ] a start  /",93,,51
%,A,2935,,"and/CC ,/,",2/sw2935,,,4,sw10utt/sw_1020_2935.utt,"{C and, } -/",94,,51
%,B,2935,,"Tha-/XX ,/,",2/sw2935,,,1,sw10utt/sw_1020_2935.utt,"Tha-, - /",95,,52
%,B,2935,,"yeah/UH ,/,",2/sw2935,,,2,sw10utt/sw_1020_2935.utt,"yeah,  /",96,,52
sd,B,2935,,that/DT 's/BES really/RB lovely/JJ ./.,2/sw2935,,,3,sw10utt/sw_1020_2935.utt,that's really lovely.  /,97,,52
sd,B,2935,,I/PRP would/MD love/VB to/TO have/VB different/JJ fruit/NN trees/NNS ./.,2/sw2935,,,4,sw10utt/sw_1020_2935.utt,I would love to have different fruit trees.  /,98,,52
sd,B,2935,,"It/PRP 's/HVS ,/, it/PRP 's/HVS been/VBN wonderful/JJ to/TO have/VB the/DT peaches/NNS ./.",2/sw2935,,,5,sw10utt/sw_1020_2935.utt,"[ It's, + it's  ] been wonderful to have the peaches.  /",99,,52
sd,B,2935,,They/PRP 're/VBP just/RB delicious/JJ ./.,2/sw2935,,,6,sw10utt/sw_1020_2935.utt,They're just delicious.  /,100,,52
sd,B,2935,,"And/CC ,/, we/PRP ,/, we/PRP ha-/XX ,/, we/PRP have/VBP ,/, still/RB have/VBP to/TO spray/VB some/DT ,/,",2/sw2935,,,7,sw10utt/sw_1020_2935.utt,"{C And, } [ [ we, + we  ] ha-, + we [ have, +  still have ] ] to spray some,  /",101,,52
sd,B,2935,,"but/CC we/PRP do/VBP n't/RB have/VB to/TO just/RB asphyxiate/VB ourself/PRP with/IN the/DT poison/NN ,/, which/WDT is/VBZ good/JJ ,/,",2/sw2935,,,8,sw10utt/sw_1020_2935.utt,"{C but } we don't have to just asphyxiate ourself with the poison, which is good,  /",102,,52
%,B,2935,,"because/IN I/PRP just/RB ,/,",2/sw2935,,,9,sw10utt/sw_1020_2935.utt,"{C because } <laughter> I just, - /",103,,52
sv,B,2935,,I/PRP ca/MD n't/RB see/VB the/DT point/NN in/IN doing/VBG that/DT and/CC eating/VBG anything/NN out/IN of/IN it/PRP afterwards/RB ./.,2/sw2935,,,10,sw10utt/sw_1020_2935.utt,I can't see the point in doing that and eating anything out of it afterwards. /,104,,52
b,A,2935,,Right/UH ./.,2/sw2935,,,1,sw10utt/sw_1020_2935.utt,Right.  /,105,,53
qo,A,2935,,"What/WP about/IN tomatoes/NNS ,/,",2/sw2935,,,2,sw10utt/sw_1020_2935.utt,"What about tomatoes,  /",106,,53
qy,A,2935,,are/VBP n't/RB they/PRP pretty/RB hardy/JJ ?/.,2/sw2935,,,3,sw10utt/sw_1020_2935.utt,aren't they pretty hardy? /,107,,53
sd,B,2935,,"Um/UH ,/, we/PRP 've/VBP tried/VBN them/PRP ,/,",2/sw2935,,,1,sw10utt/sw_1020_2935.utt,"{F Um, } we've tried them,  /",108,,54
sd,B,2935,,"but/CC again/RB ,/, it/PRP 's/BES just/RB like/IN the/DT sun/NN scorch/NN ./.",2/sw2935,,,2,sw10utt/sw_1020_2935.utt,"{C but } again, it's just like the sun scorch. /",109,,54
b,A,2935,,Oh/UH ./.,2/sw2935,,,1,sw10utt/sw_1020_2935.utt,Oh. /,110,,55
sd,B,2935,,"We/PRP 've/VBP tried/VBN them/PRP in/IN kind/RB of/RB halfway/RB in/IN the/DT shade/NN and/CC halfway/RB in/IN the/DT s-/XX ,/,",2/sw2935,,,1,sw10utt/sw_1020_2935.utt,"We've tried them in kind of halfway in the shade and halfway in the s-, - /",111,,56
%,B,2935,,"I/PRP mean/VBP it/PRP 's/BES just/RB ,/,",2/sw2935,,,2,sw10utt/sw_1020_2935.utt,"{E I mean } it's just, - /",112,,56
sv,B,2935,,"you/PRP really/RB ,/, really/RB",2/sw2935,,,3,sw10utt/sw_1020_2935.utt,"you [ really, + really  ]",113,,56
b,A,2935,,Uh-huh/UH ./.,2/sw2935,,,1,sw10utt/sw_1020_2935.utt,Uh-huh. /,114,,57
+,B,2935,,have/VBP to/TO be/VB prepared/JJ to/TO water/VB constantly/RB during/IN the/DT Summer/NN ./.,2/sw2935,,,1,sw10utt/sw_1020_2935.utt,have to be prepared to water constantly during the Summer.  /,115,,58
sd,B,2935,,People/NNS that/WDT have/VBP been/VBN successful/JJ out/IN here/RB have/VBP done/VBN this/DT drip/NN irrigation/NN --/:,2/sw2935,,,2,sw10utt/sw_1020_2935.utt,People that have been successful out here have done this drip irrigation --,116,,58
b,A,2935,,Oh/UH ./.,2/sw2935,,,1,sw10utt/sw_1020_2935.utt,Oh. /,117,,59
+,B,2935,,"--/: and/CC installed/VBN that/DT ,/,",2/sw2935,,,1,sw10utt/sw_1020_2935.utt,"-- and installed that,  /",118,,60
sv,B,2935,,"and/CC um/UH ,/, that/WDT 's/BES really/RB what/WP makes/VBZ the/DT most/JJS sense/NN ,/,",2/sw2935,,,2,sw10utt/sw_1020_2935.utt,"{C and } {F um, } that's really what makes the most sense,  /",119,,60
sv,B,2935,,"because/IN you/PRP do/VBP n't/RB have/VB to/TO use/VB so/RB much/JJ water/NN ,/,",2/sw2935,,,3,sw10utt/sw_1020_2935.utt,"{C because } you don't have to use so much water,  /",120,,60
%,B,2935,,and/CC --/:,2/sw2935,,,4,sw10utt/sw_1020_2935.utt,{C and } -- -/,121,,60
b,A,2935,,Uh-huh/UH ./.,2/sw2935,,,1,sw10utt/sw_1020_2935.utt,Uh-huh. /,122,,61
sv,B,2935,,--/: it/PRP really/RB does/VBZ the/DT job/NN ./.,2/sw2935,,,1,sw10utt/sw_1020_2935.utt,-- it really does the job.  /,123,,62
sd,B,2935,,But/CC it/PRP 's/BES just/RB amazing/JJ how/WRB hot/JJ and/CC dry/JJ and/CC for/IN how/WRB long/JJ it/PRP gets/VBZ out/IN here/RB ./.,2/sw2935,,,2,sw10utt/sw_1020_2935.utt,{C But } it's just amazing how hot and dry and for how long it gets out here. /,124,,62
x,A,2935,,,2/sw2935,,,1,sw10utt/sw_1020_2935.utt,<Laughter>.,125,,63
sv,B,2935,,"And/CC if/IN you/PRP 're/VBP not/RB really/RB committed/JJ to/IN it/PRP ,/,",2/sw2935,,,1,sw10utt/sw_1020_2935.utt,"{C And } if you're not really committed to it, - /",126,,64
sd,B,2935,,"I/PRP mean/VBP ,/, me/PRP ,/, I/PRP 'm/VBP ,/, you/PRP know/VBP ,/, I/PRP 'm/VBP real/RB committed/JJ to/IN it/PRP for/IN about/RB a/DT week/NN ,/, and/CC then/RB I/PRP forget/VBP about/IN it/PRP for/IN a/DT week/NN ,/,",2/sw2935,,,2,sw10utt/sw_1020_2935.utt,"{E I mean, } me, [ I'm, +  {D you know, } I'm ] real committed to it for about a week, and then I forget about it for a week,  /",127,,64
sd(^q),B,2935,,"and/CC then/RB I/PRP go/VBP ,/, Oh/UH ,/, yeah/UH ,/, I/PRP need/VBP to/TO do/VB something/NN ,/,",2/sw2935,,,3,sw10utt/sw_1020_2935.utt,"{C and then } I go, {F Oh, } yeah,  I need to do something,  /",128,,64
sd,B,2935,,"and/CC by/IN then/RB it/PRP 's/HVS burned/VBN up/RP ,/, you/PRP know/VBP ./.",2/sw2935,,,4,sw10utt/sw_1020_2935.utt,"{C and } <laughter> by then it's burned up, {D you know. } /",129,,64
b,A,2935,,Uh-huh/UH ./.,2/sw2935,,,1,sw10utt/sw_1020_2935.utt,Uh-huh. /,130,,65
sd,B,2935,,"It/PRP 's/BES just/RB too/RB distracting/JJ right/RB now/RB with/IN these/DT little/JJ ones/NNS in/IN our/PRP$ lives/NNS ,/,",2/sw2935,,,1,sw10utt/sw_1020_2935.utt,"It's just too distracting right now with these little ones in our lives,  /",131,,66
sd,B,2935,,"so/RB maybe/RB when/WRB I/PRP get/VBP older/JJR I/PRP 'll/MD find/VB ,/, uh/UH ,/, some/DT joy/NN in/IN that/DT ./.",2/sw2935,,,2,sw10utt/sw_1020_2935.utt,"{C so } maybe when I get older <children> I'll find, {F uh, } some joy in that <laughter>. /",132,,66
sv,A,2935,,"Well/UH ,/, I/PRP would/MD a/VB ,/, assume/VB ,/, too/RB ,/,",2/sw2935,,,1,sw10utt/sw_1020_2935.utt,"{D Well, } I would [ a-, + assume,  ] too,  /",133,,67
sv,A,2935,,"I/PRP mean/VBP ,/, you/PRP 've/VBP got/VBN three/CD or/CC four/CD months/NNS you/PRP 're/VBP talking/VBG about/IN --/:",2/sw2935,,,2,sw10utt/sw_1020_2935.utt,"{E I mean, } you've got three or four months you're talking about <laughter> --",134,,67
b,B,2935,,Yeah/UH ./.,2/sw2935,,,1,sw10utt/sw_1020_2935.utt,Yeah. /,135,,68
+,A,2935,,"--/: of/IN ,/, of/IN bad/JJ weather/NN ./.",2/sw2935,,,1,sw10utt/sw_1020_2935.utt,"-- [ of, + of ] bad weather. /",136,,69
b,B,2935,,"Yeah/UH ,/,",2/sw2935,,,1,sw10utt/sw_1020_2935.utt,"Yeah,  /",137,,70
sd,B,2935,,it/PRP just/RB gets/VBZ so/RB hot/JJ so/RB fast/RB here/RB ./.,2/sw2935,,,2,sw10utt/sw_1020_2935.utt,it just gets so hot so fast here.  /,138,,70
sd,B,2935,,We/PRP do/VBP n't/RB have/VB really/RB a/DT Spring/NN or/CC a/DT Fall/NN --/:,2/sw2935,,,3,sw10utt/sw_1020_2935.utt,We don't have really a Spring or a Fall -- /,139,,70
b,A,2935,,Uh-huh/UH ./.,2/sw2935,,,1,sw10utt/sw_1020_2935.utt,Uh-huh. /,140,,71
sd,B,2935,,"--/: and/CC it/PRP just/RB ,/, uh/UH ,/, immediately/RB heats/VBZ up/RP ./.",2/sw2935,,,1,sw10utt/sw_1020_2935.utt,"-- {C and } it just, {F uh, } immediately heats up.  /",141,,72
sd,B,2935,,"So/RB ,/, that/DT 's/BES one/CD thing/NN I/PRP miss/VBP about/IN living/VBG up/IN north/RB ,/, as/IN I/PRP remember/VBP ,/, um/UH ,/, you/PRP know/VBP ,/, the/DT long/JJ Springs/NNS and/CC long/JJ Falls/NNS and/CC the/DT cooler/JJR weather/NN ./.",2/sw2935,,,2,sw10utt/sw_1020_2935.utt,"{C So, } that's one thing I miss about living up north, as I remember, {F um, } {D you know, }  the long Springs and long Falls and the cooler weather.  /",142,,72
sd,B,2935,,It/PRP was/VBD really/RB nice/JJ ./.,2/sw2935,,,3,sw10utt/sw_1020_2935.utt,It was really nice. /,143,,72
b,A,2935,,Uh-huh/UH ./.,2/sw2935,,,1,sw10utt/sw_1020_2935.utt,Uh-huh. /,144,,73
sd,B,2935,,"We/PRP always/RB had/VBD gardens/NNS when/WRB I/PRP was/VBD ,/, uh/UH ,/, living/VBG in/IN Chicago/NNP ./.",2/sw2935,,,1,sw10utt/sw_1020_2935.utt,"We always had gardens when I was, {F uh, } living in Chicago.  /",145,,74
sd,B,2935,,"In/IN fact/NN ,/, my/PRP$ mother/NN once/RB tore/VBD up/RP our/PRP$ entire/JJ back/JJ yard/NN ,/,",2/sw2935,,,2,sw10utt/sw_1020_2935.utt,"In fact, my mother once tore up our entire back yard <laughter>,",146,,74
x,A,2935,,,2/sw2935,,,1,sw10utt/sw_1020_2935.utt,<Laughter>.,147,,75
+,B,2935,,and/CC redid/VBD it/PRP ./.,2/sw2935,,,1,sw10utt/sw_1020_2935.utt,and redid it.  /,148,,76
sd,B,2935,,I/PRP 'll/MD never/RB forget/VB ./.,2/sw2935,,,2,sw10utt/sw_1020_2935.utt,I'll never forget.  /,149,,76
sd,B,2935,,"Got/VBD my/PRP$ stepfather/NN to/TO put/VB in/IN ,/, uh/UH ,/, a/DT waterfall/NN and/CC a/DT little/JJ pond/NN in/IN one/CD corner/NN ./.",2/sw2935,,,3,sw10utt/sw_1020_2935.utt,"Got my stepfather to put in, {F uh, } a waterfall and a little pond in one corner.  /",150,,76
sd,B,2935,,"I/PRP mean/VBP ,/, that/DT was/VBD like/IN the/DT most/JJS energy/NN invested/VBN in/IN anything/NN in/IN the/DT whole/JJ time/NN I/PRP ever/RB knew/VBD him/PRP ./.",2/sw2935,,,4,sw10utt/sw_1020_2935.utt,"{E I mean, } that was {D like } the most energy invested in anything in the whole time I ever knew him <laughter>.  /",151,,76
sd,B,2935,,They/PRP remodeled/VBD the/DT entire/JJ back/JJ yard/NN ./.,2/sw2935,,,5,sw10utt/sw_1020_2935.utt,They remodeled the entire back yard.   /,152,,76
sd,B,2935,,"Then/RB they/PRP sold/VBD the/DT house/NN and/CC got/VBD divorced/VBN ,/,",2/sw2935,,,6,sw10utt/sw_1020_2935.utt,"Then they sold the house and got divorced,  /",153,,76
sd,B,2935,,so/RB I/PRP do/VBP n't/RB know/VB what/WP that/DT says/VBZ about/IN it/PRP all/DT ./.,2/sw2935,,,7,sw10utt/sw_1020_2935.utt,{C so } I don't know what that says about it all <laughter>. /,154,,76
ba,A,2935,,"Oh/UH ,/, dear/UH ./.",2/sw2935,,,1,sw10utt/sw_1020_2935.utt,"<Laughter> {F Oh, } dear. /",155,,77
sd,B,2935,,"Oh/UH ,/, but/CC she/PRP used/VBD to/TO love/VB to/TO do/VB stuff/NN like/IN that/DT ./.",2/sw2935,,,1,sw10utt/sw_1020_2935.utt,"{F Oh, } {C but } she used to love to do stuff like that. /",156,,78
ba,A,2935,,Sounds/VBZ like/IN it/PRP would/MD have/VB been/VBN pretty/RB ./.,2/sw2935,,,1,sw10utt/sw_1020_2935.utt,Sounds like it would have been pretty. /,157,,79
b,B,2935,,"Yeah/UH ,/,",2/sw2935,,,1,sw10utt/sw_1020_2935.utt,"Yeah,  /",158,,80
sd,B,2935,,it/PRP really/RB was/VBD ./.,2/sw2935,,,2,sw10utt/sw_1020_2935.utt,it really was.  /,159,,80
sd,B,2935,,I/PRP enjoyed/VBD it/PRP there/RB ./.,2/sw2935,,,3,sw10utt/sw_1020_2935.utt,I enjoyed it there.  /,160,,80
sd,B,2935,,"But/CC maybe/RB when/WRB the/DT boys/NNS get/VBP a/DT little/RB older/JJR ,/, we/PRP 'll/MD do/VB some/DT more/JJR planting/NN ,/,",2/sw2935,,,4,sw10utt/sw_1020_2935.utt,"{C But } maybe when the boys get a little older, we'll do some more planting,  /",161,,80
sd,B,2935,,because/IN they/PRP like/VBP to/TO see/VB things/NNS grow/VBP ./.,2/sw2935,,,5,sw10utt/sw_1020_2935.utt,{C because } they like to see things grow.  /,162,,80
sd,B,2935,,"They/PRP 've/VBP done/VBN a/DT couple/NN of/IN little/JJ seed/NN projects/NNS ,/,",2/sw2935,,,6,sw10utt/sw_1020_2935.utt,"They've done a couple of little seed projects,  /",163,,80
sd,B,2935,,and/CC so/RB I/PRP think/VBP it/PRP would/MD be/VB fun/JJ for/IN them/PRP ./.,2/sw2935,,,7,sw10utt/sw_1020_2935.utt,{C and so } I think it would be fun for them. /,164,,80
ba,A,2935,,"Oh/UH ,/, sure/UH ,/,",2/sw2935,,,1,sw10utt/sw_1020_2935.utt,"{F Oh, } sure,  /",165,,81
ba^r,A,2935,,sure/UH ./.,2/sw2935,,,2,sw10utt/sw_1020_2935.utt,sure. /,166,,81
b,B,2935,,"Yeah/UH ,/,",2/sw2935,,,1,sw10utt/sw_1020_2935.utt,"Yeah,  /",167,,82
b^r,B,2935,,yeah/UH ./.,2/sw2935,,,2,sw10utt/sw_1020_2935.utt,yeah. /,168,,82
sv,A,2935,,"Well/UH ,/, it/PRP sounds/VBZ like/IN you/PRP ,/, you/PRP 've/VBP got/VBN your/PRP$ hands/NNS full/JJ ./.",2/sw2935,,,1,sw10utt/sw_1020_2935.utt,"{D Well, } it sounds like [ you, + you've  ] got your hands full <laughter>. /",169,,83
aa,B,2935,,"Oh/UH ,/, yes/UH ./.",2/sw2935,,,1,sw10utt/sw_1020_2935.utt,"{F Oh, } yes <laughter>.  /",170,,84
sd,B,2935,,They/PRP 're/VBP both/DT running/VBG around/RB now/RB ./.,2/sw2935,,,2,sw10utt/sw_1020_2935.utt,They're both running around now. /,171,,84
sv,A,2935,,"And/CC ,/, you/PRP know/VBP ,/, gardening/NN is/VBZ n't/RB ,/, is/VBZ n't/RB high/JJ on/IN the/DT list/NN ,/,",2/sw2935,,,1,sw10utt/sw_1020_2935.utt,"<Laughter> {C And, } {D you know, } gardening [ isn't, + isn't  ] high on the list,  /",172,,85
sv,A,2935,,but/CC it/PRP 's/BES not/RB off/IN the/DT list/NN ./.,2/sw2935,,,2,sw10utt/sw_1020_2935.utt,{C but } it's not off the list. /,173,,85
b,B,2935,,"Yeah/UH ,/,",2/sw2935,,,1,sw10utt/sw_1020_2935.utt,"Yeah,  /",174,,86
sv,B,2935,,"well/UH ,/, it/PRP 's/BES very/RB therapeutic/JJ ,/,",2/sw2935,,,2,sw10utt/sw_1020_2935.utt,"{D well, } it's very therapeutic,  /",175,,86
sv,B,2935,,"I/PRP think/VBP ,/, really/RB to/TO get/VB out/IN there/RB and/CC dig/VB in/IN the/DT dirt/NN ,/,",2/sw2935,,,3,sw10utt/sw_1020_2935.utt,"I think, really to get out there and dig in the dirt,",176,,86
b,A,2935,,Uh-huh/UH ./.,2/sw2935,,,1,sw10utt/sw_1020_2935.utt,Uh-huh. /,177,,87
+,B,2935,,you/PRP know/VBP ./.,2/sw2935,,,1,sw10utt/sw_1020_2935.utt,{D you know. }  /,178,,88
sd,B,2935,,They/PRP certainly/RB enjoy/VBP that/DT part/NN of/IN it/PRP ./.,2/sw2935,,,2,sw10utt/sw_1020_2935.utt,They certainly enjoy that part of it <laughter>. /,179,,88
x,A,2935,,,2/sw2935,,,1,sw10utt/sw_1020_2935.utt,<Laughter>.,180,,89
sd,B,2935,,It/PRP 's/BES just/RB trying/VBG to/TO keep/VB anything/NN ./.,2/sw2935,,,1,sw10utt/sw_1020_2935.utt,It's just trying to keep anything.  /,181,,90
sd,B,2935,,"I/PRP planted/VBD bulbs/NNS last/JJ ,/, uh/UH ,/, Fall/NN on/IN the/DT side/NN guard/NN ,/, and/CC when/WRB I/PRP went/VBD out/IN there/RB in/IN the/DT Spring/NN",2/sw2935,,,2,sw10utt/sw_1020_2935.utt,"I planted bulbs last, {F uh, } Fall on the side guard,  and when I went out there in the Spring  /",182,,90
sd,B,2935,,"and/CC the/DT first/JJ day/NN they/PRP came/VBD out/RB the/IN little/JJ one/CD went/VBD and/CC pulled/VBD all/PDT the/DT flowers/NNS off/IN ,/,",2/sw2935,,,3,sw10utt/sw_1020_2935.utt,"{C and } the first day they came out the little one went and pulled all the flowers off,  /",183,,90
sd,B,2935,,and/CC the/DT flower/NN petals/NNS were/VBD scattered/JJ all/RB over/IN the/DT walk/NN ./.,2/sw2935,,,4,sw10utt/sw_1020_2935.utt,{C and } the flower petals were scattered all over the walk <laughter>. /,184,,90
b,A,2935,,Oh/UH ./.,2/sw2935,,,1,sw10utt/sw_1020_2935.utt,Oh. /,185,,91
sd(^q),B,2935,,"He/PRP thought/VBD ,/, what/WP are/VBP these/DT fun/JJ toys/NNS that/WDT mommy/VBP put/VB out/IN here/RB with/IN all/PDT these/DT colors/NNS for/IN me/PRP to/TO play/VB with/IN ?/.",2/sw2935,,,1,sw10utt/sw_1020_2935.utt,"He thought, what are these fun toys that mommy put out here with all these colors for me to play with? /",186,,92
x,A,2935,,,2/sw2935,,,1,sw10utt/sw_1020_2935.utt,<Laughter>.,187,,93
sd,B,2935,,"At/IN least/JJS he/PRP did/VBD n't/RB eat/VB them/PRP ,/,",2/sw2935,,,1,sw10utt/sw_1020_2935.utt,"At least he didn't eat them,  /",188,,94
sd,B,2935,,"I/PRP mean/VBP ,/, I/PRP guess/VBP I/PRP could/MD be/VB thankful/JJ for/IN that/DT ./.",2/sw2935,,,2,sw10utt/sw_1020_2935.utt,"{E I mean, } I guess I could be thankful for that. /",189,,94
b,A,2935,,Right/UH ./.,2/sw2935,,,1,sw10utt/sw_1020_2935.utt,Right.  /,190,,95
sv,A,2935,,Maybe/RB next/JJ year/NN they/PRP 'll/MD do/VB better/JJR ./.,2/sw2935,,,2,sw10utt/sw_1020_2935.utt,Maybe next year they'll do better. /,191,,95
b,B,2935,,"Yeah/UH ,/,",2/sw2935,,,1,sw10utt/sw_1020_2935.utt,"<Laughter> Yeah,  /",192,,96
b,B,2935,,really/UH ./.,2/sw2935,,,2,sw10utt/sw_1020_2935.utt,really.  /,193,,96
sd,B,2935,,If/IN they/PRP survive/VBP this/DT year/NN ./.,2/sw2935,,,3,sw10utt/sw_1020_2935.utt,If they survive this year.  /,194,,96
fc,B,2935,,"Oh/UH ,/, well/UH ,/, good/JJ luck/NN to/IN you/PRP ./.",2/sw2935,,,4,sw10utt/sw_1020_2935.utt,"{F Oh, } {D well, } good luck to you. /",195,,96
fc,A,2935,,"Okay/UH ,/,",2/sw2935,,,1,sw10utt/sw_1020_2935.utt,"Okay,  /",196,,97
fc,A,2935,,"well/UH ,/, thanks/UH ./.",2/sw2935,,,2,sw10utt/sw_1020_2935.utt,"{D well, } thanks. /",197,,97
fc,B,2935,,Nice/JJ talking/VBG to/IN you/PRP ./.,2/sw2935,,,1,sw10utt/sw_1020_2935.utt,Nice talking to you. /,198,,98
fc,A,2935,,It/PRP was/VBD nice/JJ talking/VBG to/IN you/PRP too/RB ./.,2/sw2935,,,1,sw10utt/sw_1020_2935.utt,It was nice talking to you too.  /,199,,99
fc,A,2935,,Bye-bye/UH ./.,2/sw2935,,,2,sw10utt/sw_1020_2935.utt,Bye-bye. /,200,,99
