swda_filename,ptb_basename,conversation_no,transcript_index,act_tag,caller,utterance_index,subutterance_index,text,pos,trees,ptb_treenumbers,start_ts,end_ts
sw03utt/sw_0348_3062.utt,3/sw3062,3062,0,sd,B,1,1,"<Tone> {D Well, } we've talked a little bit about the Plano  school system.  /","Well/UH ,/,  [ we/PRP ] 've/VBP talked/VBN  [ a/DT little/JJ bit/NN ] about/IN  [ the/DT Plano/NNP school/NN system/NN ] ./.","(S (INTJ (UH Well)) (, ,) (NP-SBJ (PRP we)) (VP (VBP 've) (VP (VBN talked) (NP-ADV (DT a) (JJ little) (NN bit)) (PP (IN about) (NP (DT the) (NNP Plano) (NN school) (NN system))))) (. .) (-DFL- E_S))",1,1.65,4.01
sw03utt/sw_0348_3062.utt,3/sw3062,3062,1,sd,B,1,2,"{F Um, } [ I, + I ] really have been pleased with Plano.  /","[ Um/UH ] ,/,  [ I/PRP ] ,/,  [ I/PRP ] really/RB have/VBP been/VBN pleased/JJ with/IN  [ Plano/NNP ] ./.","(S (INTJ (UH Um)) (, ,) (EDITED (RM (-DFL- \[)) (NP-SBJ (PRP I)) (, ,) (IP (-DFL- \+))) (NP-SBJ (PRP I)) (RS (-DFL- \])) (ADVP (RB really)) (VP (VBP have) (VP (VBN been) (ADJP-PRD (JJ pleased) (PP (IN with) (NP (NNP Plano)))))) (. .) (-DFL- E_S))",2,4.23,6.95
sw03utt/sw_0348_3062.utt,3/sw3062,3062,2,sd,B,1,3,"I have a child  who, {F uh, } - /","[ I/PRP ] have/VBP  [ a/DT child/NN ] [ who/WP ] ,/,  [ uh/UH ] ,/,","(S (NP-SBJ (PRP I)) (VP (VBP have) (NP (NP (DT a) (NN child)) (SBAR-UNF (WHNP (WP who)) (, ,) (INTJ (UH uh))))) (, ,) (-DFL- N_S))",3,6.95,8.75
sw03utt/sw_0348_3062.utt,3/sw3062,3062,3,sd,B,1,4,"my son is learning disabled, /","[ my/PRP$ son/NN ] is/VBZ learning/NN disabled/JJ ,/,","(S (NP-SBJ (PRP$ my) (NN son)) (VP (VBZ is) (ADJP-PRD (TYPO (NN learning) (JJ disabled)))) (, ,) (-DFL- E_S))",4,8.99,11.45
sw03utt/sw_0348_3062.utt,3/sw3062,3062,4,b,A,2,1,Uh-huh. /,[ Uh-huh/UH ] ./.,(INTJ (UH Uh-huh) (. .) (-DFL- E_S)),6,12.22,12.38
sw03utt/sw_0348_3062.utt,3/sw3062,3062,5,sd,B,3,1,"{C and, }  {F uh, } I thank God every day that I have  the resources that we have tapped into. /","and/CC ,/,  [ uh/UH ] ,/,  [ I/PRP ] thank/VBP  [ God/NNP ] [ every/DT day/NN ] that/IN  [ I/PRP ] have/VBP  [ the/DT resources/NNS ] that/WDT  [ we/PRP ] have/VBP tapped/VBN into/IN ./.","(S (CC and) (, ,) (INTJ (UH uh)) (, ,) (NP-SBJ (PRP I)) (VP (VBP thank) (NP (NNP God)) (NP-TMP (DT every) (NN day)) (SBAR (IN that) (S (NP-SBJ (PRP I)) (VP (VBP have) (NP (NP (DT the) (NNS resources)) (SBAR (WHNP-1 (WDT that)) (S (NP-SBJ (PRP we)) (VP (VBP have) (VP (VBN tapped) (PP (IN into) (NP (-NONE- *T*-1)))))))))))) (. .) (-DFL- E_S))",8,12.27,17.970000000000002
sw03utt/sw_0348_3062.utt,3/sw3062,3062,6,qy,A,4,1,"{D Now, } is he the elementary school? /","Now/UH ,/, is/VBZ  [ he/PRP ] [ the/DT elementary/JJ school/NN ] ?/.","(SQ (INTJ (UH Now)) (, ,) (VBZ is) (NP-SBJ (PRP he)) (X (NP (DT the) (JJ elementary) (NN school))) (. ?) (-DFL- E_S))",10,18.08,19.400000000000002
sw03utt/sw_0348_3062.utt,3/sw3062,3062,7,na,B,5,1,He's in elementary school. /,[ He/PRP ] 's/BES in/IN  [ elementary/JJ school/NN ] ./.,(S (NP-SBJ (PRP He)) (VP (BES 's) (PP-PRD (IN in) (NP (JJ elementary) (NN school)))) (. .) (-DFL- E_S)),12,19.37,20.67
sw03utt/sw_0348_3062.utt,3/sw3062,3062,8,b,A,6,1,Uh-huh. /,[ Uh-huh/UH ] ./.,(INTJ (UH Uh-huh) (. .) (-DFL- E_S)),6,20.78,20.92
sw03utt/sw_0348_3062.utt,3/sw3062,3062,9,sd,B,7,1,{C And } he's not severely learning disabled. /,And/CC  [ he/PRP ] 's/BES not/RB severely/RB learning/NN disabled/JJ ./.,(S (CC And) (NP-SBJ (PRP he)) (VP (BES 's) (RB not) (ADJP-PRD (RB severely) (TYPO (NN learning) (JJ disabled)))) (. .) (-DFL- E_S)),16,20.81,22.47
sw03utt/sw_0348_3062.utt,3/sw3062,3062,10,b,A,8,1,Uh-huh. /,[ Uh-huh/UH ] ./.,(INTJ (UH Uh-huh) (. .) (-DFL- E_S)),6,22.58,22.74
sw03utt/sw_0348_3062.utt,3/sw3062,3062,11,sd,B,9,1,"{E I mean, } {D you know, } [ he just, +","[ I/PRP ] mean/VBP ,/,  [ you/PRP ] know/VBP ,/,  [ he/PRP ] just/RB ,/,","(S (PRN (S (NP-SBJ (PRP I)) (VP (VBP mean))) (, ,)) (PRN (S (NP-SBJ (PRP you)) (VP (VBP know))) (, ,)) (EDITED (RM (-DFL- \[)) (S-UNF (NP-SBJ (PRP he)) (ADVP (RB just))) (, ,) (IP (-DFL- \+))) (NP-SBJ-1 (PRP He)) (VP (BES 's) (RS (-DFL- \])) (VP (VBG being) (VP (VBN helped) (NP (-NONE- *-1))))) (. .) (-DFL- E_S))",20,22.67,23.310000000000002
sw03utt/sw_0348_3062.utt,3/sw3062,3062,12,^2,A,10,1,{C But } he is being helped. /,But/CC  [ he/PRP ] is/VBZ being/VBG helped/VBN ./.,(S (CC But) (NP-SBJ-1 (PRP he)) (VP (VBZ is) (VP (VBG being) (VP (VBN helped) (NP (-NONE- *-1))))) (. .) (-DFL- E_S)),22,23.42,24.32
sw03utt/sw_0348_3062.utt,3/sw3062,3062,13,+,B,11,1,He's ] being helped.  /,[ He/PRP ] [ 's/BES ] being/VBG helped/VBN ./.,"(S (PRN (S (NP-SBJ (PRP I)) (VP (VBP mean))) (, ,)) (PRN (S (NP-SBJ (PRP you)) (VP (VBP know))) (, ,)) (EDITED (RM (-DFL- \[)) (S-UNF (NP-SBJ (PRP he)) (ADVP (RB just))) (, ,) (IP (-DFL- \+))) (NP-SBJ-1 (PRP He)) (VP (BES 's) (RS (-DFL- \])) (VP (VBG being) (VP (VBN helped) (NP (-NONE- *-1))))) (. .) (-DFL- E_S))",20,24.37,25.15
sw03utt/sw_0348_3062.utt,3/sw3062,3062,14,sd,B,11,2,"[ He, + he ] was in resource  from second grade till fourth grade in math, /","[ He/PRP ] ,/,  [ he/PRP ] was/VBD in/IN  [ resource/NN ] from/IN  [ second/JJ grade/NN ] till/IN  [ fourth/JJ grade/NN ] in/IN  [ math/NN ] ,/,","(S (EDITED (RM (-DFL- \[)) (NP-SBJ (PRP He)) (, ,) (IP (-DFL- \+))) (NP-SBJ (PRP he)) (RS (-DFL- \])) (VP (VBD was) (PP-PRD (IN in) (NP (NN resource))) (PP-TMP (PP (IN from) (NP (JJ second) (NN grade))) (PP (IN till) (NP (JJ fourth) (NN grade)))) (PP (IN in) (NP (NN math)))) (, ,) (-DFL- E_S))",24,25.19,29.97
sw03utt/sw_0348_3062.utt,3/sw3062,3062,15,b,A,12,1,Uh-huh. /,[ Uh-huh/UH ] ./.,(INTJ (UH Uh-huh) (. .) (-DFL- E_S)),6,30.08,30.279999999999998
sw03utt/sw_0348_3062.utt,3/sw3062,3062,16,sd,B,13,1,"{C and } they recently released him from,","and/CC  [ they/PRP ] recently/RB released/VBD  [ him/PRP ] from/IN ,/,","(S (CC and) (NP-SBJ (PRP they)) (ADVP-TMP (RB recently)) (VP (VP (VBD released) (NP (PRP him)) (PP (IN from) (, ,) (NP (NN resource)))) (, ,) (SBAR (WHNP (WDT which)) (S (EDITED (RM (-DFL- \[)) (S (NP-SBJ (PRP I)) (VP-UNF (VBP 'm))) (, ,) (IP (-DFL- \+))) (NP-SBJ-1 (PRP I)) (VP (VBD was) (RS (-DFL- \])) (VP (JJ thrilled) (NP (-NONE- *-1))))))) (, ,) (-DFL- E_S))",28,30.47,32.650000000000006
sw03utt/sw_0348_3062.utt,3/sw3062,3062,17,ba,A,14,1,"{F Oh, } great. /","Oh/UH ,/,  [ great/UH ] ./.","(INTJ (INTJ (UH Oh)) (, ,) (INTJ (UH great)) (. .) (-DFL- E_S))",30,32.76,33.19
sw03utt/sw_0348_3062.utt,3/sw3062,3062,18,+,B,15,1,"resource, which [ I'm, +  I was ] thrilled,  /","[ resource/NN ] ,/,  [ which/WDT ] [ I/PRP ] 'm/VBP ,/,  [ I/PRP ] was/VBD thrilled/JJ ,/,","(S (CC and) (NP-SBJ (PRP they)) (ADVP-TMP (RB recently)) (VP (VP (VBD released) (NP (PRP him)) (PP (IN from) (, ,) (NP (NN resource)))) (, ,) (SBAR (WHNP (WDT which)) (S (EDITED (RM (-DFL- \[)) (S (NP-SBJ (PRP I)) (VP-UNF (VBP 'm))) (, ,) (IP (-DFL- \+))) (NP-SBJ-1 (PRP I)) (VP (VBD was) (RS (-DFL- \])) (VP (JJ thrilled) (NP (-NONE- *-1))))))) (, ,) (-DFL- E_S))",28,33.09,34.49
sw03utt/sw_0348_3062.utt,3/sw3062,3062,19,sd,B,15,2,I really was.  /,[ I/PRP ] really/RB was/VBD ./.,(S (NP-SBJ (PRP I)) (ADVP (RB really)) (VP (VBD was) (VP (-NONE- *?*))) (. .) (-DFL- E_S)),32,34.49,35.269999999999996
sw03utt/sw_0348_3062.utt,3/sw3062,3062,20,sd,B,15,3,"[ I, + I ] just thought that was so neat, that they got him over that hump.  /","[ I/PRP ] ,/,  [ I/PRP ] just/RB thought/VBD that/DT was/VBD so/RB neat/JJ ,/, that/IN  [ they/PRP ] got/VBD  [ him/PRP ] over/IN  [ that/DT hump/NN ] ./.","(S (EDITED (RM (-DFL- \[)) (NP-SBJ (PRP I)) (, ,) (IP (-DFL- \+))) (NP-SBJ (PRP I)) (RS (-DFL- \])) (ADVP (RB just)) (VP (VBD thought) (SBAR (-NONE- 0) (S (NP-SBJ (DT that)) (VP (VBD was) (ADJP-PRD (RB so) (JJ neat)) (, ,) (SBAR-TPC (IN that) (S (NP-SBJ (PRP they)) (VP (VBD got) (NP (PRP him)) (PP (IN over) (NP (DT that) (NN hump)))))))))) (. .) (-DFL- E_S))",33,35.27,38.69
sw03utt/sw_0348_3062.utt,3/sw3062,3062,21,sd,B,15,4,"{C And, }  {F um, } he's in the Herman Method of Reading.  /","And/CC ,/, um/UH ,/,  [ he/PRP ] 's/BES in/IN  [ the/DT Herman/NNP Method/NNP ] of/IN Reading/NNP ./.","(S (CC And) (, ,) (INTJ (UH um)) (, ,) (NP-SBJ (PRP he)) (VP (BES 's) (PP-PRD (IN in) (NP (NP (DT the) (NNP Herman) (NNP Method)) (PP (IN of) (NP (NNP Reading)))))) (. .) (-DFL- E_S))",34,39.33,42.510000000000005
sw03utt/sw_0348_3062.utt,3/sw3062,3062,22,qy^d,B,15,5,"I don't know if you're,","[ I/PRP ] do/VBP n't/RB know/VB if/IN  [ you/PRP ] 're/VBP ,/,","(S (NP-SBJ (PRP I)) (VP (VBP do) (RB n't) (VP (VB know) (SBAR (IN if) (S (NP-SBJ (PRP you)) (VP (VBP 're) (, ,) (ADJP-PRD (JJ familiar) (PP (IN with) (NP (DT that))))))))) (. .) (-DFL- E_S))",35,42.81,43.589999999999996
sw03utt/sw_0348_3062.utt,3/sw3062,3062,23,nn,A,16,1,"No,  /","No/UH ,/,","(INTJ (UH No) (, ,) (-DFL- E_S))",37,43.69,43.809999999999995
sw03utt/sw_0348_3062.utt,3/sw3062,3062,24,sd^e,A,16,2,that's something new to me.  /,[ that/DT ] 's/BES  [ something/NN ] new/JJ to/IN  [ me/PRP ] ./.,(S (NP-SBJ (DT that)) (VP (BES 's) (NP-PRD (NP (NN something)) (ADJP (JJ new) (PP (IN to) (NP (PRP me)))))) (. .) (-DFL- E_S)),38,43.81,44.230000000000004
sw03utt/sw_0348_3062.utt,3/sw3062,3062,25,%,A,16,3,"I'm, -/","[ I/PRP ] 'm/VBP ,/,","(S (NP-SBJ (PRP I)) (VP-UNF (VBP 'm)) (, ,) (-DFL- N_S))",39,44.23,44.41
sw03utt/sw_0348_3062.utt,3/sw3062,3062,26,+,B,17,1,familiar with that.  /,[ familiar/JJ ] with/IN  [ that/DT ] ./.,"(S (NP-SBJ (PRP I)) (VP (VBP do) (RB n't) (VP (VB know) (SBAR (IN if) (S (NP-SBJ (PRP you)) (VP (VBP 're) (, ,) (ADJP-PRD (JJ familiar) (PP (IN with) (NP (DT that))))))))) (. .) (-DFL- E_S))",35,44.31,44.73
sw03utt/sw_0348_3062.utt,3/sw3062,3062,27,sd,B,17,2,"It is something new,  /","[ It/PRP ] is/VBZ  [ something/NN ] new/JJ ,/,","(S (NP-SBJ (PRP It)) (VP (VBZ is) (NP-PRD (NP (NN something)) (ADJP (JJ new)))) (, ,) (-DFL- E_S))",41,44.73,45.71
sw03utt/sw_0348_3062.utt,3/sw3062,3062,28,sd,B,17,3,{C and } basically what they do is they start right from the beginning relearning the sounds of letters. /,and/CC basically/RB  [ what/WP ] [ they/PRP ] do/VBP is/VBZ  [ they/PRP ] start/VBP right/RB from/IN  [ the/DT beginning/NN ] relearning/VBG  [ the/DT sounds/NNS ] of/IN  [ letters/NNS ] ./.,(S (CC and) (ADVP (RB basically)) (SBAR-NOM-SBJ (WHNP-1 (WP what)) (S (NP-SBJ (PRP they)) (VP (VBP do) (NP (-NONE- *T*-1))))) (VP (VBZ is) (S-PRD (NP-SBJ-2 (PRP they)) (VP (VBP start) (PP (ADVP (RB right)) (IN from) (NP (DT the) (NN beginning))) (S (NP-SBJ (-NONE- *-2)) (VP (VBG relearning) (NP (NP (DT the) (NNS sounds)) (PP (IN of) (NP (NNS letters))))))))) (. .) (-DFL- E_S)),42,45.71,52.16
sw03utt/sw_0348_3062.utt,3/sw3062,3062,29,b,A,18,1,<<Faint>> Oh. /,Oh/UH ./.,(INTJ (UH Oh) (. .) (-DFL- E_S)),44,53.17,53.410000000000004
sw03utt/sw_0348_3062.utt,3/sw3062,3062,30,b,B,19,1,"{F Um, } /","Um/UH ,/,","(INTJ (UH Um) (, ,) (-DFL- E_S))",46,53.3,53.54
sw03utt/sw_0348_3062.utt,3/sw3062,3062,31,sd,A,20,1,I think I read about that in the paper. /,[ I/PRP ] think/VBP  [ I/PRP ] read/VBD about/IN  [ that/DT ] in/IN  [ the/DT paper/NN ] ./.,(S (NP-SBJ (PRP I)) (VP (VBP think) (SBAR (-NONE- 0) (S (NP-SBJ (PRP I)) (VP (VBD read) (PP (IN about) (NP (DT that))) (PP (IN in) (NP (DT the) (NN paper))))))) (. .) (-DFL- E_S)),48,53.81,55.13
sw03utt/sw_0348_3062.utt,3/sw3062,3062,32,sd,B,21,1,It's wonderful. /,[ It/PRP ] 's/BES wonderful/JJ ./.,(S (NP-SBJ (PRP It)) (VP (BES 's) (ADJP-PRD (JJ wonderful))) (. .) (-DFL- E_S)),50,55.02,55.5
sw03utt/sw_0348_3062.utt,3/sw3062,3062,33,sd,A,22,1,"Doctor Haggard [ is, + is ] heading that up. /","[ Doctor/NNP Haggard/NNP ] is/VBZ ,/, is/VBZ heading/VBG  [ that/DT ] up/RP ./.","(S (NP-SBJ (NNP Doctor) (NNP Haggard)) (EDITED (RM (-DFL- \[)) (VP-UNF (VBZ is)) (, ,) (IP (-DFL- \+))) (VP (VBZ is) (RS (-DFL- \])) (VP (VBG heading) (NP (DT that)) (PRT (RP up)))) (. .) (-DFL- E_S))",52,55.61,58.75
sw03utt/sw_0348_3062.utt,3/sw3062,3062,34,ny,B,23,1,"Yes,  /","Yes/UH ,/,","(INTJ (UH Yes) (, ,) (-DFL- E_S))",54,58.8,59.279999999999994
sw03utt/sw_0348_3062.utt,3/sw3062,3062,35,sd^e,B,23,2,{C and } it's wonderful.  /,and/CC  [ it/PRP ] 's/BES wonderful/JJ ./.,(S (CC and) (NP-SBJ (PRP it)) (VP (BES 's) (ADJP-PRD (JJ wonderful))) (. .) (-DFL- E_S)),55,59.28,60.32
sw03utt/sw_0348_3062.utt,3/sw3062,3062,36,sd,B,23,3,He didn't have a  problem with reading.  /,[ He/PRP ] did/VBD n't/RB have/VB  [ a/DT problem/NN ] with/IN  [ reading/NN ] ./.,(S (NP-SBJ (PRP He)) (VP (VBD did) (RB n't) (VP (VB have) (NP (NP (DT a) (NN problem)) (PP (IN with) (NP (NN reading)))))) (. .) (-DFL- E_S)),56,60.6,62.440000000000005
sw03utt/sw_0348_3062.utt,3/sw3062,3062,37,sd,B,23,4,"As a matter of fact, he's reading on level.  /","As/IN  [ a/DT matter/NN ] of/IN  [ fact/NN ] ,/,  [ he/PRP ] 's/BES reading/VBG on/IN  [ level/NN ] ./.","(S (PP (IN As) (NP (NP (DT a) (NN matter)) (PP (IN of) (NP (NN fact))))) (, ,) (NP-SBJ (PRP he)) (VP (BES 's) (VP (VBG reading) (PP (IN on) (NP (NN level))))) (. .) (-DFL- E_S))",57,62.44,64.17999999999999
sw03utt/sw_0348_3062.utt,3/sw3062,3062,38,sd,B,23,5,The problem was his  spelling.  /,[ The/DT problem/NN ] was/VBD  [ his/PRP$ spelling/NN ] ./.,(S (NP-SBJ (DT The) (NN problem)) (VP (VBD was) (NP-PRD (PRP$ his) (NN spelling))) (. .) (-DFL- E_S)),58,64.62,65.96000000000001
sw03utt/sw_0348_3062.utt,3/sw3062,3062,39,sd,B,23,6,"{C And, }","And/CC ,/,","(S-UNF (CC And) (, ,) (-DFL- N_S))",67,66.72,67.0
sw03utt/sw_0348_3062.utt,3/sw3062,3062,40,b,A,24,1,Uh-huh. /,[ Uh-huh/UH ] ./.,(INTJ (UH Uh-huh) (. .) (-DFL- E_S)),26,67.11,67.42999999999999
sw03utt/sw_0348_3062.utt,3/sw3062,3062,41,+,B,25,1,"{D you know, } [ in, + in ] watching the way he has  struggled,  /","[ you/PRP ] know/VBP ,/, in/IN ,/, in/IN watching/VBG  [ the/DT way/NN ] [ he/PRP ] has/VBZ struggled/VBN ,/,","(S-UNF (CC And) (PRN (, ,) (S (NP-SBJ (PRP you)) (VP (VBP know))) (, ,)) (EDITED (RM (-DFL- \[)) (PP-UNF (IN in)) (, ,) (IP (-DFL- \+))) (PP (IN in) (RS (-DFL- \])) (S-NOM (NP-SBJ (-NONE- *)) (VP (VBG watching) (NP (NP (DT the) (NN way)) (SBAR (WHADVP-1 (-NONE- 0)) (S (NP-SBJ (PRP he)) (VP (VBZ has) (VP (VBN struggled) (ADVP-MNR (-NONE- *T*-1)))))))))) (, ,) (-DFL- E_S))",59,67.78,70.28
sw03utt/sw_0348_3062.utt,3/sw3062,3062,42,sd,B,25,2,"it's interesting, because I'm convinced I have the same learning disability, or had,","[ it/PRP ] 's/BES interesting/JJ ,/, because/IN  [ I/PRP ] 'm/VBP convinced/VBN  [ I/PRP ] have/VBP  [ the/DT same/JJ learning/NN disability/NN ] ,/, or/CC had/VBD ,/,","(S (NP-SBJ (PRP it)) (VP (BES 's) (ADJP-PRD (JJ interesting)) (, ,) (SBAR-PRP (IN because) (S (NP-SBJ (PRP I)) (VP (VBP 'm) (ADJP-PRD (VBN convinced) (SBAR (-NONE- 0) (S (NP-SBJ (PRP I)) (VP (VBP have) (NP (NP (DT the) (JJ same) (NN learning) (NN disability)) (PRN (, ,) (FRAG (CC or) (VP (VBD had))) (, ,)) (SBAR (WHNP-1 (WDT that)) (S (NP-SBJ-2 (-NONE- *T*-1)) (VP (VBD was) (VP (VBN ignored) (NP (-NONE- *-2))))))))))))))) (. .) (-DFL- E_S))",63,70.28,74.46
sw03utt/sw_0348_3062.utt,3/sw3062,3062,43,b,A,26,1,Oh. /,Oh/UH ./.,(INTJ (UH Oh) (. .) (-DFL- E_S)),44,74.57,74.88999999999999
sw03utt/sw_0348_3062.utt,3/sw3062,3062,44,+,B,27,1,that was ignored.  /,[ that/WDT ] was/VBD ignored/VBN ./.,"(S (NP-SBJ (PRP it)) (VP (BES 's) (ADJP-PRD (JJ interesting)) (, ,) (SBAR-PRP (IN because) (S (NP-SBJ (PRP I)) (VP (VBP 'm) (ADJP-PRD (VBN convinced) (SBAR (-NONE- 0) (S (NP-SBJ (PRP I)) (VP (VBP have) (NP (NP (DT the) (JJ same) (NN learning) (NN disability)) (PRN (, ,) (FRAG (CC or) (VP (VBD had))) (, ,)) (SBAR (WHNP-1 (WDT that)) (S (NP-SBJ-2 (-NONE- *T*-1)) (VP (VBD was) (VP (VBN ignored) (NP (-NONE- *-2))))))))))))))) (. .) (-DFL- E_S))",63,74.98,75.82
sw03utt/sw_0348_3062.utt,3/sw3062,3062,45,%,B,27,2,"{C And, } -/","And/CC ,/,","(S-UNF (CC And) (, ,) (-DFL- N_S))",67,76.0,76.3
sw03utt/sw_0348_3062.utt,3/sw3062,3062,46,b,A,28,1,"Right,  /","Right/UH ,/,","(INTJ (UH Right) (, ,) (-DFL- E_S))",69,76.41,76.67
sw03utt/sw_0348_3062.utt,3/sw3062,3062,47,bf,A,28,2,"{C so } [ you worked, +  you learned ] how to solve your  problems on your own. /","so/RB  [ you/PRP ] worked/VBD ,/,  [ you/PRP ] learned/VBD how/WRB to/TO solve/VB  [ your/PRP$ problems/NNS ] on/IN  [ your/PRP$ own/JJ ] ./.","(S (RB so) (EDITED (RM (-DFL- \[)) (S (NP-SBJ (PRP you)) (VP-UNF (VBD worked))) (, ,) (IP (-DFL- \+))) (NP-SBJ (PRP you)) (VP (VBD learned) (RS (-DFL- \])) (SBAR (WHADVP-1 (WRB how)) (S (NP-SBJ (-NONE- *)) (VP (TO to) (VP (VB solve) (NP (PRP$ your) (NNS problems)) (PP (IN on) (NP (PRP$ your) (JJ own))) (ADVP-MNR (-NONE- *T*-1))))))) (. .) (-DFL- E_S))",70,76.67,80.14999999999999
sw03utt/sw_0348_3062.utt,3/sw3062,3062,48,aa,B,29,1,That's right.  /,[ That/DT ] 's/BES right/JJ ./.,(S (NP-SBJ (DT That)) (VP (BES 's) (ADJP-PRD (JJ right))) (. .) (-DFL- E_S)),72,80.04,80.54
sw03utt/sw_0348_3062.utt,3/sw3062,3062,49,sd,B,29,2,"[ {C And, } +  {C and so } ] [ it's, +  {D you know, } it's ] not an intelligence problem.  /","And/CC ,/, and/CC so/RB  [ it/PRP ] 's/BES ,/,  [ you/PRP ] know/VBP ,/,  [ it/PRP ] 's/BES not/RB  [ an/DT intelligence/NN problem/NN ] ./.","(S (EDITED (RM (-DFL- \[)) (CC And) (, ,) (IP (-DFL- \+))) (CONJP (CC and) (RB so)) (RS (-DFL- \])) (EDITED (RM (-DFL- \[)) (S (NP-SBJ (PRP it)) (VP-UNF (BES 's))) (, ,) (IP (-DFL- \+))) (PRN (S (NP-SBJ (PRP you)) (VP (VBP know))) (, ,)) (NP-SBJ (PRP it)) (VP (BES 's) (RS (-DFL- \])) (RB not) (NP-PRD (DT an) (NN intelligence) (NN problem))) (. .) (-DFL- E_S))",73,80.72,83.32
sw03utt/sw_0348_3062.utt,3/sw3062,3062,50,sd,B,29,3,It's just a problem with learning. /,[ It/PRP ] 's/BES just/RB  [ a/DT problem/NN ] with/IN learning/NN ./.,(S (NP-SBJ (PRP It)) (VP (BES 's) (ADVP (RB just)) (NP-PRD (NP (DT a) (NN problem)) (PP (IN with) (NP (NN learning))))) (. .) (-DFL- E_S)),74,83.32,84.3
sw03utt/sw_0348_3062.utt,3/sw3062,3062,51,qy,A,30,1,"[ Has, + has ] he had this since kindergarten,  /","Has/VBZ ,/, has/VBZ  [ he/PRP ] had/VBN  [ this/DT ] since/IN  [ kindergarten/NN ] ,/,","(SQ (EDITED (RM (-DFL- \[)) (SQ-UNF (VBZ Has)) (, ,) (IP (-DFL- \+))) (VBZ has) (RS (-DFL- \])) (NP-SBJ (PRP he)) (VP (VBN had) (NP (DT this)) (PP-TMP (IN since) (NP (NN kindergarten)))) (, ,) (-DFL- E_S))",76,84.41,86.16999999999999
sw03utt/sw_0348_3062.utt,3/sw3062,3062,52,qrr,A,30,2,"{C or }  is this something that maybe learning phonetics,  /","or/CC is/VBZ  [ this/DT ] [ something/NN ] that/IN maybe/RB learning/VBG  [ phonetics/NNS ] ,/,","(SQ (CC or) (VBZ is) (NP-SBJ (DT this)) (NP-PRD (NN something) (X (IN that) (ADVP (RB maybe)) (S-NOM (NP-SBJ (-NONE- *)) (VP (VBG learning) (NP (NNS phonetics)))))) (, ,) (-DFL- E_S))",77,86.17,88.43
sw03utt/sw_0348_3062.utt,3/sw3062,3062,53,qy,A,30,3,{C and then } he just didn't learn the right way? /,and/CC then/RB  [ he/PRP ] just/RB did/VBD n't/RB learn/VB  [ the/DT right/JJ way/NN ] ?/.,(S (CONJP (CC and) (RB then)) (NP-SBJ (PRP he)) (ADVP (RB just)) (VP (VBD did) (RB n't) (VP (VB learn) (NP-MNR (DT the) (JJ right) (NN way)))) (. ?) (-DFL- E_S)),78,88.43,89.79
sw03utt/sw_0348_3062.utt,3/sw3062,3062,54,sd,B,31,1,"{D Well, } {D you know, } it's funny.  /","Well/UH ,/,  [ you/PRP ] know/VBP ,/,  [ it/PRP ] 's/BES funny/JJ ./.","(S (INTJ (UH Well)) (PRN (, ,) (S (NP-SBJ (PRP you)) (VP (VBP know))) (, ,)) (NP-SBJ (PRP it)) (VP (BES 's) (ADJP-PRD (JJ funny))) (. .) (-DFL- E_S))",80,89.68,91.17999999999999
sw03utt/sw_0348_3062.utt,3/sw3062,3062,55,sd,B,31,2,"[ When, + {F um, } when ]  he was in first grade, he had trouble [ with, + with ] spelling, /","When/WRB ,/, um/UH ,/, when/WRB  [ he/PRP ] was/VBD in/IN  [ first/JJ grade/NN ] ,/,  [ he/PRP ] had/VBD  [ trouble/NN ] with/IN ,/, with/IN spelling/NN ,/,","(S (SBAR-TMP (EDITED (RM (-DFL- \[)) (WHADVP (WRB When)) (, ,) (IP (-DFL- \+))) (INTJ (UH um)) (, ,) (WHADVP-1 (WRB when)) (RS (-DFL- \])) (S (NP-SBJ (PRP he)) (VP (VBD was) (PP-PRD (IN in) (NP (JJ first) (NN grade))) (ADVP-TMP (-NONE- *T*-1))))) (, ,) (NP-SBJ (PRP he)) (VP (VBD had) (NP (NP (NN trouble)) (EDITED (RM (-DFL- \[)) (PP-UNF (IN with)) (, ,) (IP (-DFL- \+))) (PP (IN with) (RS (-DFL- \])) (NP (NN spelling))))) (, ,) (-DFL- E_S))",81,91.18,96.4
sw03utt/sw_0348_3062.utt,3/sw3062,3062,56,b,A,32,1,Uh-huh. /,[ Uh-huh/UH ] ./.,(INTJ (UH Uh-huh) (. .) (-DFL- E_S)),61,96.65,96.87
sw03utt/sw_0348_3062.utt,3/sw3062,3062,57,sd(^q),B,33,1,"{C and } I would say to the teacher,  <lipsmack> {D you know, } it's amazing.  /","and/CC  [ I/PRP ] would/MD say/VB to/IN  [ the/DT teacher/NN ] ,/,  [ you/PRP ] know/VBP ,/,  [ it/PRP ] 's/BES amazing/JJ ./.","(S (CC and) (NP-SBJ (PRP I)) (VP (MD would) (VP-UNF (VB say) (PP (IN to) (NP (DT the) (NN teacher))))) (, ,))|||(S (PRN (S (NP-SBJ (PRP you)) (VP (VBP know))) (, ,)) (NP-SBJ (PRP it)) (VP (BES 's) (ADJP-PRD (JJ amazing))) (. .) (-DFL- E_S))",85|||86,96.76,100.1
sw03utt/sw_0348_3062.utt,3/sw3062,3062,58,sd,B,33,2,"He will be able to, - /","[ He/PRP ] will/MD be/VB able/JJ to/TO ,/,","(S (NP-SBJ-1 (PRP He)) (VP (MD will) (VP (VB be) (ADJP-PRD (JJ able) (S (NP-SBJ (-NONE- *-1)) (VP-UNF (TO to)))))) (, ,) (-DFL- N_S))",87,100.1,101.32
sw03utt/sw_0348_3062.utt,3/sw3062,3062,59,sd,B,33,3,"you'll say to him, spell cat,  /","[ you/PRP ] 'll/MD say/VB to/IN  [ him/PRP ] ,/,  [ spell/VB cat/NN ] ,/,","(S (NP-SBJ (PRP you)) (VP (MD 'll) (VP (VB say) (PP (IN to) (NP (PRP him))) (, ,) (S-IMP-SEZ (NP-SBJ (-NONE- *)) (VP (VB spell) (NP (NN cat)))))) (, ,) (-DFL- E_S))",88,101.64,103.06
sw03utt/sw_0348_3062.utt,3/sw3062,3062,60,sd(^q),B,33,4,"{C and, } {D you know, } he'll say C A T,  /","and/CC ,/,  [ you/PRP ] know/VBP ,/,  [ he/PRP ] 'll/MD say/VB  [ C/NN ] [ A/NN T/NN ] ,/,","(S (CC and) (PRN (, ,) (S (NP-SBJ (PRP you)) (VP (VBP know))) (, ,)) (NP-SBJ (PRP he)) (VP (MD 'll) (VP (VB say) (NP-SEZ (NN C) (NN A) (NN T)))) (, ,) (-DFL- E_S))",89,104.12,107.32000000000001
sw03utt/sw_0348_3062.utt,3/sw3062,3062,61,sd,B,33,5,"{C and then } he would go to write it,  /","and/CC then/RB  [ he/PRP ] would/MD go/VB to/TO write/VB  [ it/PRP ] ,/,","(S (CONJP (CC and) (RB then)) (NP-SBJ-1 (PRP he)) (VP (MD would) (VP (VB go) (S (NP-SBJ (-NONE- *-1)) (VP (TO to) (VP (VB write) (NP (PRP it))))))) (, ,) (-DFL- E_S))",90,107.32,108.5
sw03utt/sw_0348_3062.utt,3/sw3062,3062,62,sd,B,33,6,{C and } he would write C O T. /,and/CC  [ he/PRP ] would/MD write/VB  [ C/NN O/NN T/NN ] ./.,(S (CC and) (NP-SBJ (PRP he)) (VP (MD would) (VP (VB write) (NP (NN C) (NN O) (NN T)))) (. .) (-DFL- E_S)),91,109.14,110.6
sw03utt/sw_0348_3062.utt,3/sw3062,3062,63,b,A,34,1,Okay. /,Okay/UH ./.,(INTJ (UH Okay) (. .) (-DFL- E_S)),93,110.86,111.22
sw03utt/sw_0348_3062.utt,3/sw3062,3062,64,sd(^q),B,35,1,"{C And } I kept saying to the teacher,  something is wrong here.  /","And/CC  [ I/PRP ] kept/VBD saying/VBG to/IN  [ the/DT teacher/NN ] ,/,  [ something/NN ] is/VBZ wrong/JJ here/RB ./.","(S (CC And) (NP-SBJ-1 (PRP I)) (VP (VBD kept) (S (NP-SBJ (-NONE- *-1)) (VP (VBG saying) (PP (IN to) (NP (DT the) (NN teacher))) (, ,) (S-SEZ (NP-SBJ (NN something)) (VP (VBZ is) (ADJP-PRD (JJ wrong)) (ADVP-LOC (RB here))))))) (. .) (-DFL- E_S))",95,111.74,114.66000000000001
sw03utt/sw_0348_3062.utt,3/sw3062,3062,65,^q,B,35,2,Something is wrong here. /,[ Something/NN ] is/VBZ wrong/JJ here/RB ./.,(S (NP-SBJ (NN Something)) (VP (VBZ is) (ADJP-PRD (JJ wrong)) (ADVP-LOC (RB here))) (. .) (-DFL- E_S)),96,114.66,115.4
sw03utt/sw_0348_3062.utt,3/sw3062,3062,66,aa,A,36,1,"You're [ right, + right. ] /","[ You/PRP ] 're/VBP right/JJ ,/,  [ right/JJ ] ./.","(S (NP-SBJ (PRP You)) (VP (VBP 're) (EDITED (RM (-DFL- \[)) (ADJP-PRD (JJ right)) (, ,) (IP (-DFL- \+))) (ADJP-PRD (JJ right))) (. .) (RS (-DFL- \])) (-DFL- E_S))",98,115.5,116.22
sw03utt/sw_0348_3062.utt,3/sw3062,3062,67,sd(^q),B,37,1,"{C And } the teacher kept saying, {F oh, }  he has a May birthday.  /","And/CC  [ the/DT teacher/NN ] kept/VBD saying/VBG ,/, oh/UH ,/,  [ he/PRP ] has/VBZ  [ a/DT May/NNP birthday/NN ] ./.","(S (CC And) (NP-SBJ-1 (DT the) (NN teacher)) (VP (VBD kept) (S (NP-SBJ (-NONE- *-1)) (VP (VBG saying) (, ,) (S-SEZ (INTJ (UH oh)) (, ,) (NP-SBJ (PRP he)) (VP (VBZ has) (NP (DT a) (NNP May) (NN birthday))))))) (. .) (-DFL- E_S))",100,116.14,118.44
sw03utt/sw_0348_3062.utt,3/sw3062,3062,68,^q,B,37,2,He's just immature. /,[ He/PRP ] 's/BES just/RB immature/JJ ./.,(S (NP-SBJ (PRP He)) (VP (BES 's) (ADVP (RB just)) (ADJP-PRD (JJ immature))) (. .) (-DFL- E_S)),101,118.44,119.44000000000001
sw03utt/sw_0348_3062.utt,3/sw3062,3062,69,b,A,38,1,Right. /,[ Right/UH ] ./.,(INTJ (UH Right) (. .) (-DFL- E_S)),103,119.54,119.84
sw03utt/sw_0348_3062.utt,3/sw3062,3062,70,%,B,39,1,"<Breathing> {D Well, } second grade it was, - /","Well/UH ,/,  [ second/JJ grade/NN ] [ it/PRP ] was/VBD ,/,","(SINV (INTJ (UH Well)) (, ,) (NP-PRD-TPC-1 (JJ second) (NN grade)) (NP-SBJ (PRP it)) (VP (VBD was) (NP-PRD (-NONE- *T*-1))) (, ,) (-DFL- N_S))",105,120.32,121.97999999999999
sw03utt/sw_0348_3062.utt,3/sw3062,3062,71,%,B,39,2,"I will, - /","[ I/PRP ] will/MD ,/,","(S (NP-SBJ (PRP I)) (VP-UNF (MD will)) (, ,) (-DFL- N_S))",106,122.08,122.72
sw03utt/sw_0348_3062.utt,3/sw3062,3062,72,sd,B,39,3,"these teachers as far as I'm concerned are absolute saints, because in second grade, it was about the second week of school, I went up there,  /","[ these/DT teachers/NNS ] as/RB far/RB as/IN  [ I/PRP ] 'm/VBP concerned/VBN are/VBP  [ absolute/JJ saints/NNS ] ,/, because/IN in/IN  [ second/JJ grade/NN ] ,/,  [ it/PRP ] was/VBD about/RB  [ the/DT second/JJ week/NN ] of/IN  [ school/NN ] ,/,  [ I/PRP ] went/VBD up/IN there/RB ,/,","(S (NP-SBJ (DT these) (NNS teachers)) (ADVP (ADVP (RB as) (RB far)) (SBAR (IN as) (S (NP-SBJ (PRP I)) (VP (VBP 'm) (ADJP-PRD (VBN concerned)))))) (VP (VBP are) (NP-PRD (JJ absolute) (NNS saints)) (, ,) (SBAR-PRP (IN because) (S (PP-TMP (IN in) (NP (JJ second) (NN grade))) (PRN (, ,) (S (NP-SBJ (PRP it)) (VP (VBD was) (ADVP (RB about)) (NP-PRD (NP (DT the) (JJ second) (NN week)) (PP (IN of) (NP (NN school)))))) (, ,)) (NP-SBJ (PRP I)) (VP (VBD went) (PP-DIR (IN up) (ADVP (RB there))))))) (, ,) (-DFL- E_S))",107,122.89,130.09
sw03utt/sw_0348_3062.utt,3/sw3062,3062,73,sd,B,39,4,"{C and }  [ I, + I ] requested a conference [ and, + ]","and/CC  [ I/PRP ] ,/,  [ I/PRP ] requested/VBD  [ a/DT conference/NN ] and/CC ,/,","(S (CC and) (EDITED (RM (-DFL- \[)) (NP-SBJ (PRP I)) (, ,) (IP (-DFL- \+))) (NP-SBJ (PRP I)) (RS (-DFL- \])) (VP (VBD requested) (NP (DT a) (NN conference)) (SBAR-PRP (EDITED (RM (-DFL- \[)) (CC and) (, ,) (IP (-DFL- \+)) (RS (-DFL- \]))) (IN because) (S (NP-TMP (NP (DT all) (NN year)) (ADVP (RB long))) (NP-SBJ-1 (PRP they)) (VP (VBD kept) (S (NP-SBJ (-NONE- *-1)) (VP (VBG telling) (NP (PRP me)) (SBAR (-NONE- 0) (S (NP-SBJ (PRP I)) (VP (VBD was) (ADJP-PRD (JJ crazy))))))))))) (. .) (-DFL- E_S))",108,130.79,133.82999999999998
sw03utt/sw_0348_3062.utt,3/sw3062,3062,74,ba,A,40,1,"Good,  /","[ Good/UH ] ,/,","(INTJ (UH Good) (, ,) (-DFL- E_S))",110,133.94,134.02
sw03utt/sw_0348_3062.utt,3/sw3062,3062,75,ba^r,A,40,2,"good, /","[ good/UH ] ,/,","(INTJ (UH good) (, ,) (-DFL- E_S))",111,134.02,134.16
sw03utt/sw_0348_3062.utt,3/sw3062,3062,76,+,B,41,1,because all year long they kept telling me I was crazy. /,because/IN  [ all/DT year/NN ] long/RB  [ they/PRP ] kept/VBD telling/VBG  [ me/PRP ] [ I/PRP ] was/VBD crazy/JJ ./.,"(S (CC and) (EDITED (RM (-DFL- \[)) (NP-SBJ (PRP I)) (, ,) (IP (-DFL- \+))) (NP-SBJ (PRP I)) (RS (-DFL- \])) (VP (VBD requested) (NP (DT a) (NN conference)) (SBAR-PRP (EDITED (RM (-DFL- \[)) (CC and) (, ,) (IP (-DFL- \+)) (RS (-DFL- \]))) (IN because) (S (NP-TMP (NP (DT all) (NN year)) (ADVP (RB long))) (NP-SBJ-1 (PRP they)) (VP (VBD kept) (S (NP-SBJ (-NONE- *-1)) (VP (VBG telling) (NP (PRP me)) (SBAR (-NONE- 0) (S (NP-SBJ (PRP I)) (VP (VBD was) (ADJP-PRD (JJ crazy))))))))))) (. .) (-DFL- E_S))",108,134.05,136.55
sw03utt/sw_0348_3062.utt,3/sw3062,3062,77,ba,A,42,1,that's great for parents to be involved. /,[ that/DT ] 's/BES great/JJ for/IN  [ parents/NNS ] to/TO be/VB involved/VBN ./.,(S (NP-SBJ (DT that)) (VP (BES 's) (ADJP-PRD (JJ great)) (SBAR-TPC (IN for) (S (NP-SBJ (NNS parents)) (VP (TO to) (VP (VB be) (ADJP-PRD (VBN involved))))))) (. .) (-DFL- E_S)),114,136.66,137.54
sw03utt/sw_0348_3062.utt,3/sw3062,3062,78,sd,B,43,1,"{D Well, } I was,  /","Well/UH ,/,  [ I/PRP ] was/VBD ,/,","(S (INTJ (UH Well)) (, ,) (NP-SBJ (PRP I)) (VP (VBD was) (ADJP-PRD (-NONE- *?*))) (, ,) (-DFL- E_S))",116,137.43,138.13000000000002
sw03utt/sw_0348_3062.utt,3/sw3062,3062,79,sd,B,43,2,"[ {C and } I, + {C and } I ] went up  there the second week of school  /","and/CC  [ I/PRP ] ,/, and/CC  [ I/PRP ] went/VBD up/IN there/RB  [ the/DT second/JJ week/NN ] of/IN  [ school/NN ]","(S (EDITED (RM (-DFL- \[)) (S-UNF (CC and) (NP-SBJ (PRP I))) (, ,) (IP (-DFL- \+))) (CC and) (NP-SBJ (PRP I)) (RS (-DFL- \])) (VP (VBD went) (PP-DIR (IN up) (ADVP (RB there))) (NP-TMP (NP (DT the) (JJ second) (NN week)) (PP (IN of) (NP (NN school))))) (-DFL- E_S))",117,138.13,140.03
sw03utt/sw_0348_3062.utt,3/sw3062,3062,80,sd(^q),B,43,3,"{C and } I said, {D you know, } something is wrong,  /","and/CC  [ I/PRP ] said/VBD ,/,  [ you/PRP ] know/VBP ,/,  [ something/NN ] is/VBZ wrong/JJ ,/,","(S (CC and) (NP-SBJ (PRP I)) (VP (VBD said) (PRN (, ,) (S (NP-SBJ (PRP you)) (VP (VBP know))) (, ,)) (S-SEZ (NP-SBJ (NN something)) (VP (VBZ is) (ADJP-PRD (JJ wrong))))) (, ,) (-DFL- E_S))",118,140.03,142.19
sw03utt/sw_0348_3062.utt,3/sw3062,3062,81,sd,B,43,4,"{C and } thank God  [ the li-, +  the head ] teacher, the team leader, was a special education major. /","and/CC thank/VB  [ God/NNP ] [ the/DT li-/XX ] ,/,  [ the/DT head/NN teacher/NN ] ,/,  [ the/DT team/NN leader/NN ] ,/, was/VBD  [ a/DT special/JJ education/NN ] major/NN ./.","(S (CC and) (INTJ (VB thank) (NNP God)) (EDITED (RM (-DFL- \[)) (NP-SBJ-UNF (DT the) (XX li-)) (, ,) (IP (-DFL- \+))) (NP-SBJ (NP (DT the) (NN head) (RS (-DFL- \])) (NN teacher)) (, ,) (NP (DT the) (NN team) (NN leader))) (, ,) (VP (VBD was) (NP-PRD (DT a) (JJ special) (NN education) (NN major))) (. .) (-DFL- E_S))",119,142.21,148.27
sw03utt/sw_0348_3062.utt,3/sw3062,3062,82,ba,A,44,1,"{F Oh, } how great. /","Oh/UH ,/, how/WRB great/JJ ./.","(FRAG (INTJ (UH Oh)) (, ,) (WHADVP (WRB how) (JJ great)) (. .) (-DFL- E_S))",121,148.46,149.52
sw03utt/sw_0348_3062.utt,3/sw3062,3062,83,aa,B,45,1,"[ It was, + it was ]  /","[ It/PRP ] was/VBD ,/,  [ it/PRP ] was/VBD","(S (EDITED (RM (-DFL- \[)) (S (NP-SBJ (PRP It)) (VP-UNF (VBD was))) (, ,) (IP (-DFL- \+))) (NP-SBJ (PRP it)) (VP (VBD was) (ADJP-PRD (-NONE- *?*))) (RS (-DFL- \])) (-DFL- E_S))",123,149.41,150.71
sw03utt/sw_0348_3062.utt,3/sw3062,3062,84,sd,B,45,2,"{C and, }","and/CC ,/,","(S (CC and) (PRN (, ,) (S (NP-SBJ (PRP you)) (VP (VBP know))) (, ,)) (NP-SBJ (PRP he)) (VP (MD 'll) (VP (VB say) (NP-SEZ (NN C) (NN A) (NN T)))) (, ,) (-DFL- E_S))",89,150.71,150.99
sw03utt/sw_0348_3062.utt,3/sw3062,3062,85,qy^d,A,46,1,"{C So } [ she, + she ] was able to zero in. /","So/RB  [ she/PRP ] ,/,  [ she/PRP ] was/VBD able/JJ to/TO  [ zero/VB ] in/RP ./.","(S (RB So) (EDITED (RM (-DFL- \[)) (NP-SBJ (PRP she)) (, ,) (IP (-DFL- \+))) (NP-SBJ-1 (PRP she)) (RS (-DFL- \])) (VP (VBD was) (ADJP-PRD (JJ able) (S (NP-SBJ (-NONE- *-1)) (VP (TO to) (VP (VB zero) (PRT (RP in))))))) (. .) (-DFL- E_S))",126,151.1,152.95999999999998
sw03utt/sw_0348_3062.utt,3/sw3062,3062,86,+,B,47,1,"She had picked it up,  /","[ She/PRP ] had/VBD picked/VBN  [ it/PRP ] up/RP ,/,","(S (CC and) (, ,) (NP-SBJ (PRP She)) (VP (VBD had) (VP (VBN picked) (NP (PRP it)) (PRT (RP up)))) (, ,) (-DFL- E_S))",124,152.85,153.25
sw03utt/sw_0348_3062.utt,3/sw3062,3062,87,ny,B,47,2,"yep, /","[ yep/UH ] ,/,","(INTJ (UH yep) (, ,) (-DFL- E_S))",128,153.27,153.47
sw03utt/sw_0348_3062.utt,3/sw3062,3062,88,bk,A,48,1,Oh. /,Oh/UH ./.,(INTJ (UH Oh) (. .) (-DFL- E_S)),130,153.58,153.70000000000002
sw03utt/sw_0348_3062.utt,3/sw3062,3062,89,sd^r,B,49,1,she had already picked it up.  /,[ she/PRP ] had/VBD already/RB picked/VBN  [ it/PRP ] up/RP ./.,(S (NP-SBJ (PRP she)) (VP (VBD had) (ADVP-TMP (RB already)) (VP (VBN picked) (NP (PRP it)) (PRT (RP up)))) (. .) (-DFL- E_S)),132,153.59,154.69
sw03utt/sw_0348_3062.utt,3/sw3062,3062,90,sd(^q),B,49,2,"{C And } she said,  {D you know, } [ we, + we ] were going to call you if you hadn't called us.  /","And/CC  [ she/PRP ] said/VBD ,/,  [ you/PRP ] know/VBP ,/,  [ we/PRP ] ,/,  [ we/PRP ] were/VBD going/VBG to/TO call/VB  [ you/PRP ] if/IN  [ you/PRP ] had/VBD n't/RB called/VBN  [ us/PRP ] ./.","(S (CC And) (NP-SBJ (PRP she)) (VP (VBD said) (PRN (, ,) (S (NP-SBJ (PRP you)) (VP (VBP know))) (, ,)) (S-SEZ (EDITED (RM (-DFL- \[)) (NP-SBJ (PRP we)) (, ,) (IP (-DFL- \+))) (NP-SBJ-1 (PRP we)) (RS (-DFL- \])) (VP (VBD were) (VP (VBG going) (S (NP-SBJ (-NONE- *-1)) (VP (TO to) (VP (VB call) (NP (PRP you))))) (SBAR-ADV (IN if) (S (NP-SBJ (PRP you)) (VP (VBD had) (RB n't) (VP (VBN called) (NP (PRP us)))))))))) (. .) (-DFL- E_S))",133,154.69,158.77
sw03utt/sw_0348_3062.utt,3/sw3062,3062,91,^q,B,49,3,We think there's a  learning disability  /,[ We/PRP ] think/VBP  [ there/EX ] 's/BES  [ a/DT learning/NN disability/NN ],(S (NP-SBJ (PRP We)) (VP (VBP think) (SBAR (-NONE- 0) (S (NP-SBJ (EX there)) (VP (BES 's) (NP-PRD (DT a) (NN learning) (NN disability)))))) (-DFL- E_S)),134,158.77,160.41
sw03utt/sw_0348_3062.utt,3/sw3062,3062,92,sd(^q),B,49,4,"{C and } we think he needs to be tested immediately,  because, {D you know, } once the first report card comes in, they,","and/CC  [ we/PRP ] think/VBP  [ he/PRP ] needs/VBZ to/TO be/VB tested/VBN immediately/RB ,/, because/IN ,/,  [ you/PRP ] know/VBP ,/, once/RB  [ the/DT first/JJ report/NN card/NN ] comes/VBZ in/RB ,/,  [ they/PRP ] ,/,","(S (CC and) (NP-SBJ (PRP we)) (VP (VBP think) (SBAR (-NONE- 0) (S (NP-SBJ-1 (PRP he)) (VP (VBZ needs) (S (NP-SBJ-2 (-NONE- *-1)) (VP (TO to) (VP (VB be) (VP (VBN tested) (NP (-NONE- *-2)) (ADVP-TMP (RB immediately))))))))) (, ,) (SBAR-PRP (IN because) (PRN (, ,) (S (NP-SBJ (PRP you)) (VP (VBP know))) (, ,)) (S (SBAR-TMP (RB once) (S (NP-SBJ (DT the) (JJ first) (NN report) (NN card)) (VP (VBZ comes) (PRT (RB in))))) (, ,) (NP-SBJ (PRP they)) (, ,) (VP (VBP have) (NP (NP (PDT all) (DT these) (NNS people)) (VP (VBG being) (VP (VBN tested) (NP (-NONE- *))))))))) (, ,) (-DFL- E_S))",135,160.41,166.05
sw03utt/sw_0348_3062.utt,3/sw3062,3062,93,b,A,50,1,{F Huh. } /,Huh/UH ./.,(INTJ (UH Huh) (. .) (-DFL- E_S)),137,166.16,166.32
sw03utt/sw_0348_3062.utt,3/sw3062,3062,94,+,B,51,1,"have all these people being tested,  /","have/VBP  [ all/PDT these/DT people/NNS ] being/VBG tested/VBN ,/,","(S (CC and) (NP-SBJ (PRP we)) (VP (VBP think) (SBAR (-NONE- 0) (S (NP-SBJ-1 (PRP he)) (VP (VBZ needs) (S (NP-SBJ-2 (-NONE- *-1)) (VP (TO to) (VP (VB be) (VP (VBN tested) (NP (-NONE- *-2)) (ADVP-TMP (RB immediately))))))))) (, ,) (SBAR-PRP (IN because) (PRN (, ,) (S (NP-SBJ (PRP you)) (VP (VBP know))) (, ,)) (S (SBAR-TMP (RB once) (S (NP-SBJ (DT the) (JJ first) (NN report) (NN card)) (VP (VBZ comes) (PRT (RB in))))) (, ,) (NP-SBJ (PRP they)) (, ,) (VP (VBP have) (NP (NP (PDT all) (DT these) (NNS people)) (VP (VBG being) (VP (VBN tested) (NP (-NONE- *))))))))) (, ,) (-DFL- E_S))",135,166.21,167.89
sw03utt/sw_0348_3062.utt,3/sw3062,3062,95,sd(^q),B,51,2,"{C and } she said,  I think we can get him real fast. /","and/CC  [ she/PRP ] said/VBD ,/,  [ I/PRP ] think/VBP  [ we/PRP ] can/MD get/VB  [ him/PRP ] real/RB fast/RB ./.","(S (CC and) (NP-SBJ (PRP she)) (VP (VBD said) (, ,) (S-SEZ (NP-SBJ (PRP I)) (VP (VBP think) (SBAR (-NONE- 0) (S (NP-SBJ (PRP we)) (VP (MD can) (VP (VB get) (NP (PRP him)) (ADVP (RB real) (RB fast))))))))) (. .) (-DFL- E_S))",139,167.89,169.75
sw03utt/sw_0348_3062.utt,3/sw3062,3062,96,b,A,52,1,"Uh-huh,  /","[ Uh-huh/UH ] ,/,","(INTJ (UH Uh-huh) (, ,) (-DFL- E_S))",141,170.2,170.45999999999998
sw03utt/sw_0348_3062.utt,3/sw3062,3062,97,b^r,A,52,2,<<faint>> uh-huh. /,[ uh-huh/UH ] ./.,(INTJ (UH uh-huh) (. .) (-DFL- E_S)),142,170.74,170.92000000000002
sw03utt/sw_0348_3062.utt,3/sw3062,3062,98,sd,B,53,1,"{C And } sure enough, they tested him  /","And/CC sure/RB enough/RB ,/,  [ they/PRP ] tested/VBD  [ him/PRP ]","(S (CC And) (ADVP (RB sure) (RB enough)) (, ,) (NP-SBJ (PRP they)) (VP (VBD tested) (NP (PRP him))) (-DFL- E_S))",144,170.81,172.82999999999998
sw03utt/sw_0348_3062.utt,3/sw3062,3062,99,sd,B,53,2,"{C and, }  {D you know, } he qualified [ for, + for ] the help,  /","and/CC ,/,  [ you/PRP ] know/VBP ,/,  [ he/PRP ] qualified/VBD for/IN ,/, for/IN  [ the/DT help/NN ] ,/,","(S (CC and) (PRN (, ,) (S (NP-SBJ (PRP you)) (VP (VBP know))) (, ,)) (NP-SBJ (PRP he)) (VP (VBD qualified) (EDITED (RM (-DFL- \[)) (PP-UNF (IN for)) (, ,) (IP (-DFL- \+))) (PP (IN for) (RS (-DFL- \])) (NP (DT the) (NN help)))) (, ,) (-DFL- E_S))",145,172.83,175.79000000000002
sw03utt/sw_0348_3062.utt,3/sw3062,3062,100,sd,B,53,3,"{C and } it's been great,  /","and/CC  [ it/PRP ] 's/HVS been/VBN great/JJ ,/,","(S (CC and) (NP-SBJ (PRP it)) (VP (HVS 's) (VP (VBN been) (ADJP-PRD (JJ great)))) (, ,) (-DFL- E_S))",146,176.39,177.33
sw03utt/sw_0348_3062.utt,3/sw3062,3062,101,sd,B,53,4,"[ {C and } I, + {C and } I ]  thank God I'm here, because [ I, + I ] know I have a sister who has the other extreme.  /","and/CC  [ I/PRP ] ,/, and/CC  [ I/PRP ] thank/VBP  [ God/NNP I/PRP ] 'm/VBP here/RB ,/, because/IN  [ I/PRP ] ,/,  [ I/PRP ] know/VBP  [ I/PRP ] have/VBP  [ a/DT sister/NN ] [ who/WP ] has/VBZ  [ the/DT other/JJ extreme/NN ] ./.","(S (EDITED (RM (-DFL- \[)) (S-UNF (CC and) (NP-SBJ (PRP I))) (, ,) (IP (-DFL- \+))) (CC and) (NP-SBJ (PRP I)) (RS (-DFL- \])) (VP (VBP thank) (NP (NNP God)) (SBAR (-NONE- 0) (S (NP-SBJ (PRP I)) (VP (VBP 'm) (ADVP-LOC-PRD (RB here))))) (, ,) (SBAR-PRP (IN because) (S (EDITED (RM (-DFL- \[)) (NP-SBJ (PRP I)) (, ,) (IP (-DFL- \+))) (NP-SBJ (PRP I)) (RS (-DFL- \])) (VP (VBP know) (SBAR (-NONE- 0) (S (NP-SBJ (PRP I)) (VP (VBP have) (NP (NP (DT a) (NN sister)) (SBAR (WHNP-1 (WP who)) (S (NP-SBJ (-NONE- *T*-1)) (VP (VBZ has) (NP (DT the) (JJ other) (NN extreme))))))))))))) (. .) (-DFL- E_S))",147,177.33,182.69
sw03utt/sw_0348_3062.utt,3/sw3062,3062,102,sd,B,53,5,"She has [ a, + a ]  child in Connecticut who is extremely gifted,  /","[ She/PRP ] has/VBZ  [ a/DT ] ,/,  [ a/DT child/NN ] in/IN  [ Connecticut/NNP ] [ who/WP ] is/VBZ extremely/RB  [ gifted/JJ ] ,/,","(S (NP-SBJ (PRP She)) (VP (VBZ has) (EDITED (RM (-DFL- \[)) (NP-UNF (DT a)) (, ,) (IP (-DFL- \+))) (NP (NP (DT a) (RS (-DFL- \])) (NN child)) (SBAR (-NONE- *ICH*-2))) (PP-LOC (IN in) (NP (NNP Connecticut))) (SBAR-2 (WHNP-1 (WP who)) (S (NP-SBJ (-NONE- *T*-1)) (VP (VBZ is) (ADJP-PRD (RB extremely) (JJ gifted)))))) (, ,) (-DFL- E_S))",148,182.69,185.79
sw03utt/sw_0348_3062.utt,3/sw3062,3062,103,sd,B,53,6,{C and } because of the cutbacks  in the economy --,and/CC because/IN of/IN  [ the/DT cutbacks/NNS ] in/IN  [ the/DT economy/NN ] --/:,(S (CC and) (PP-PRP (IN because) (IN of) (NP (NP (DT the) (NNS cutbacks)) (PP (IN in) (NP (DT the) (NN economy))))) (NP-SBJ (PRP they)) (VP (VBP have) (NP (NP (NN nothing)) (PP (IN for) (NP (PRP her))))) (. .) (-DFL- E_S)),149,186.23,188.48999999999998
sw03utt/sw_0348_3062.utt,3/sw3062,3062,104,b,A,54,1,Right. /,[ Right/UH ] ./.,(INTJ (UH Right) (. .) (-DFL- E_S)),151,188.59,188.85
sw03utt/sw_0348_3062.utt,3/sw3062,3062,105,+,B,55,1,-- they have nothing for her. /,--/:  [ they/PRP ] have/VBP  [ nothing/NN ] for/IN  [ her/PRP ] ./.,(S (CC and) (PP-PRP (IN because) (IN of) (NP (NP (DT the) (NNS cutbacks)) (PP (IN in) (NP (DT the) (NN economy))))) (NP-SBJ (PRP they)) (VP (VBP have) (NP (NP (NN nothing)) (PP (IN for) (NP (PRP her))))) (. .) (-DFL- E_S)),149,189.05,190.47
sw03utt/sw_0348_3062.utt,3/sw3062,3062,106,ba,A,56,1,"{F Oh, } no. /","Oh/UH ,/, no/UH ./.","(INTJ (INTJ (UH Oh)) (, ,) (INTJ (UH no)) (. .) (-DFL- E_S))",154,190.57,191.17
sw03utt/sw_0348_3062.utt,3/sw3062,3062,107,sv,B,57,1,"[ {C And, } + {C and } ] to me that's the same thing.  /","And/CC ,/, and/CC to/IN  [ me/PRP ] [ that/DT ] 's/BES  [ the/DT same/JJ thing/NN ] ./.","(S (EDITED (RM (-DFL- \[)) (CC And) (, ,) (IP (-DFL- \+))) (CC and) (RS (-DFL- \])) (PP (IN to) (NP (PRP me))) (NP-SBJ (DT that)) (VP (BES 's) (NP-PRD (DT the) (JJ same) (NN thing))) (. .) (-DFL- E_S))",156,191.09,193.15
sw03utt/sw_0348_3062.utt,3/sw3062,3062,108,sv,B,57,2,"[ It's, + it's ] like having a child who has a learning disability that's being ignored,","[ It/PRP ] 's/BES ,/,  [ it/PRP ] 's/BES like/IN having/VBG  [ a/DT child/NN ] [ who/WP ] has/VBZ  [ a/DT learning/NN disability/NN ] [ that/WDT ] 's/BES being/VBG ignored/VBN ,/,","(S (EDITED (RM (-DFL- \[)) (S (NP-SBJ (PRP It)) (VP-UNF (BES 's))) (, ,) (IP (-DFL- \+))) (NP-SBJ (PRP it)) (VP (BES 's) (RS (-DFL- \])) (PP-PRD (IN like) (S-NOM (NP-SBJ (-NONE- *)) (VP (VBG having) (NP (NP (DT a) (NN child)) (SBAR (WHNP-1 (WP who)) (S (NP-SBJ (-NONE- *T*-1)) (VP (VBZ has) (NP (DT a) (NN learning) (NN disability))))) (SBAR (WHNP-2 (WDT that)) (S (NP-SBJ-3 (-NONE- *T*-2)) (VP (BES 's) (VP (VBG being) (VP (VBN ignored) (NP (-NONE- *-3)))))))))))) (, ,))",157,193.15,196.99
sw03utt/sw_0348_3062.utt,3/sw3062,3062,109,aa,A,58,1,"Uh-huh,  /","[ Uh-huh/UH ] ,/,","(INTJ (UH Uh-huh) (, ,) (-DFL- E_S))",141,197.09,197.21
sw03utt/sw_0348_3062.utt,3/sw3062,3062,110,aa^r,A,58,2,uh-huh. /,[ uh-huh/UH ] ./.,(INTJ (UH uh-huh) (. .) (-DFL- E_S)),142,197.21,197.37
sw03utt/sw_0348_3062.utt,3/sw3062,3062,111,+,B,59,1,this poor gifted child is being ignored. /,[ this/DT poor/JJ gifted/JJ child/NN ] is/VBZ being/VBG ignored/VBN ./.,(S (NP-SBJ-4 (DT this) (JJ poor) (JJ gifted) (NN child)) (VP (VBZ is) (VP (VBG being) (VP (VBN ignored) (NP (-NONE- *-4))))) (. .) (-DFL- E_S)),158,197.29,200.35
sw03utt/sw_0348_3062.utt,3/sw3062,3062,112,aa,A,60,1,"Right,  /","Right/UH ,/,","(INTJ (UH Right) (, ,) (-DFL- E_S))",164,200.45,200.63
sw03utt/sw_0348_3062.utt,3/sw3062,3062,113,sv,A,60,2,"{C but } that's something that parents,  I think, are able to help the gifted child in the home more than they could help the learning disabled child. /","but/CC  [ that/DT ] 's/BES  [ something/NN ] that/WDT  [ parents/NNS ] ,/,  [ I/PRP ] think/VBP ,/, are/VBP able/JJ to/TO help/VB  [ the/DT gifted/JJ child/NN ] in/IN  [ the/DT home/NN ] more/RBR than/IN  [ they/PRP ] could/MD help/VB  [ the/DT ] learning/NN  [ disabled/JJ child/NN ] ./.","(S (CC but) (NP-SBJ (DT that)) (VP (BES 's) (NP-PRD (NP (NN something)) (SBAR (WHADVP-3 (WDT that)) (S-2 (NP-SBJ-1 (NNS parents)) (PRN (, ,) (S (NP-SBJ (PRP I)) (VP (VBP think) (SBAR (-NONE- 0) (S (-NONE- *T*-2))))) (, ,)) (VP (VBP are) (ADJP-PRD (JJ able) (S (NP-SBJ (-NONE- *-1)) (VP (TO to) (VP (VB help) (NP (DT the) (JJ gifted) (NN child)) (PP-LOC (IN in) (NP (DT the) (NN home))) (ADVP (ADVP (RBR more)) (SBAR (IN than) (S (NP-SBJ (PRP they)) (VP (MD could) (VP (VB help) (NP (DT the) (TYPO (NN learning) (JJ disabled)) (NN child))))))))))) (ADVP (-NONE- *T*-3))))))) (. .) (-DFL- E_S))",165,200.63,207.73000000000002
sw03utt/sw_0348_3062.utt,3/sw3062,3062,114,aa,B,61,1,That's true. /,[ That/DT ] 's/BES true/JJ ./.,(S (NP-SBJ (DT That)) (VP (BES 's) (ADJP-PRD (JJ true))) (. .) (-DFL- E_S)),167,207.63,208.13
sw03utt/sw_0348_3062.utt,3/sw3062,3062,115,sv,A,62,1,"{D So, } {C because, }","So/RB ,/, because/IN ,/,","(FRAG (INTJ (UH So)) (, ,) (SBAR-PRP (IN because) (, ,) (S (NP-SBJ (DT that)) (VP (BES 's) (NP-PRD (NP (NN something)) (SBAR (WHNP-1 (-NONE- 0)) (S (NP-SBJ (PRP you)) (VP (MD can) (VP (VB do) (NP (-NONE- *T*-1)) (PP (IN by) (NP (NP (JJ just) (NN enrichment) (NNS types)) (PP (IN of) (NP (NNS things))))) (PP-LOC (IN in) (NP (DT the) (NN home))))))))))) (-DFL- E_S))",169,208.33,208.98999999999998
sw03utt/sw_0348_3062.utt,3/sw3062,3062,116,aa^r,B,63,1,That's true. /,[ That/DT ] 's/BES true/JJ ./.,(S (NP-SBJ (DT That)) (VP (BES 's) (ADJP-PRD (JJ true))) (. .) (-DFL- E_S)),167,208.89,209.13
sw03utt/sw_0348_3062.utt,3/sw3062,3062,117,+,A,64,1,that's something you can do by just enrichment types of things in the home -- /,[ that/DT ] 's/BES  [ something/NN ] [ you/PRP ] can/MD do/VB by/IN  [ just/JJ enrichment/NN types/NNS ] of/IN  [ things/NNS ] in/IN  [ the/DT home/NN ] --/:,"(FRAG (INTJ (UH So)) (, ,) (SBAR-PRP (IN because) (, ,) (S (NP-SBJ (DT that)) (VP (BES 's) (NP-PRD (NP (NN something)) (SBAR (WHNP-1 (-NONE- 0)) (S (NP-SBJ (PRP you)) (VP (MD can) (VP (VB do) (NP (-NONE- *T*-1)) (PP (IN by) (NP (NP (JJ just) (NN enrichment) (NNS types)) (PP (IN of) (NP (NNS things))))) (PP-LOC (IN in) (NP (DT the) (NN home))))))))))) (-DFL- E_S))",169,209.23,213.55
sw03utt/sw_0348_3062.utt,3/sw3062,3062,118,b,B,65,1,Uh-huh. /,[ Uh-huh/UH ] ./.,(INTJ (UH Uh-huh) (. .) (-DFL- E_S)),174,213.77,214.05
sw03utt/sw_0348_3062.utt,3/sw3062,3062,119,sv,A,66,1,"-- {C but } learning disability, unless you are  schooled in the types of things and ways to help a child like that, then it makes it  real difficult -- /","--/: but/CC  [ learning/NN disability/NN ] ,/, unless/IN  [ you/PRP ] are/VBP schooled/VBN in/IN  [ the/DT types/NNS ] of/IN  [ things/NNS ] and/CC  [ ways/NNS ] to/TO help/VB  [ a/DT child/NN ] like/IN  [ that/DT ] ,/, then/RB  [ it/PRP ] makes/VBZ  [ it/PRP ] real/RB difficult/JJ --/:","(S (CC but) (NP-ADV (NN learning) (NN disability)) (, ,) (SBAR-ADV (IN unless) (S (NP-SBJ-1 (PRP you)) (VP (VBP are) (VP (VBN schooled) (NP (-NONE- *-1)) (PP (IN in) (NP (NP (NP (NP (DT the) (NNS types)) (PP (IN of) (NP (NNS things)))) (CC and) (NP (NNS ways))) (SBAR (WHADVP-2 (-NONE- 0)) (S (NP-SBJ (-NONE- *)) (VP (TO to) (VP (VB help) (NP (NP (DT a) (NN child)) (PP (IN like) (NP (DT that)))) (ADVP-MNR (-NONE- *T*-2)))))))))))) (, ,) (ADVP (RB then)) (NP-SBJ (PRP it)) (VP (VBZ makes) (S (NP-SBJ (PRP it)) (ADJP-PRD (RB real) (JJ difficult)))) (-DFL- E_S))",176,214.15,223.47
sw03utt/sw_0348_3062.utt,3/sw3062,3062,120,b,B,67,1,Uh-huh. /,[ Uh-huh/UH ] ./.,(INTJ (UH Uh-huh) (. .) (-DFL- E_S)),174,223.53,223.71
sw03utt/sw_0348_3062.utt,3/sw3062,3062,121,sv,A,68,1,"-- {C and } [ this is, + this to me is ] the benefit  I see in public schools --","--/: and/CC  [ this/DT ] is/VBZ ,/,  [ this/DT ] to/IN  [ me/PRP ] is/VBZ  [ the/DT benefit/NN ] [ I/PRP ] see/VBP in/IN  [ public/JJ schools/NNS ] --/:","(S (CC and) (S-SBJ (EDITED (RM (-DFL- \[)) (S (NP-SBJ (DT this)) (VP-UNF (VBZ is))) (, ,) (IP (-DFL- \+))) (NP-SBJ (DT this)) (PP (IN to) (NP (PRP me))) (VP (VBZ is) (RS (-DFL- \])) (NP-PRD (NP (DT the) (NN benefit)) (SBAR (WHNP-3 (-NONE- 0)) (S (NP-SBJ (PRP I)) (VP (VBP see) (NP (-NONE- *T*-3)) (PP (IN in) (NP (JJ public) (NNS schools))))))))) (VP (VBZ is) (SBAR-PRD (EDITED (RM (-DFL- \[)) (SBAR-PRD-UNF (IN that)) (, ,) (IP (-DFL- \+))) (IN that) (, ,) (RS (-DFL- \])) (INTJ (UH uh)) (, ,) (S (NP-SBJ (PRP you)) (VP (VBP do) (VP (VB have) (NP (NP (NN government) (NN money)) (SBAR-PRP (WHNP-2 (-NONE- 0)) (S (NP-SBJ (-NONE- *T*-2)) (VP (TO to) (VP (VB fund) (, ,) (NP (NP (DT the) (NNS kinds)) (PP (IN of) (NP (NNS programs))) (SBAR (WHNP-1 (WDT that)) (S (NP-SBJ (DT these) (NNS students)) (VP (VBP need) (NP (-NONE- *T*-1)))))))))))))))) (, ,) (-DFL- E_S))",180,223.81,228.19
sw03utt/sw_0348_3062.utt,3/sw3062,3062,122,aa,B,69,1,Yes. /,Yes/UH ./.,(INTJ (UH Yes) (. .) (-DFL- E_S)),182,228.31,228.67000000000002
sw03utt/sw_0348_3062.utt,3/sw3062,3062,123,+,A,70,1,"-- is [ that, + that, ] {F uh, } you do have  government money to fund,","--/: is/VBZ that/IN ,/, that/IN ,/,  [ uh/UH ] ,/,  [ you/PRP ] do/VBP have/VB  [ government/NN money/NN ] to/TO  [ fund/VB ] ,/,","(S (CC and) (S-SBJ (EDITED (RM (-DFL- \[)) (S (NP-SBJ (DT this)) (VP-UNF (VBZ is))) (, ,) (IP (-DFL- \+))) (NP-SBJ (DT this)) (PP (IN to) (NP (PRP me))) (VP (VBZ is) (RS (-DFL- \])) (NP-PRD (NP (DT the) (NN benefit)) (SBAR (WHNP-3 (-NONE- 0)) (S (NP-SBJ (PRP I)) (VP (VBP see) (NP (-NONE- *T*-3)) (PP (IN in) (NP (JJ public) (NNS schools))))))))) (VP (VBZ is) (SBAR-PRD (EDITED (RM (-DFL- \[)) (SBAR-PRD-UNF (IN that)) (, ,) (IP (-DFL- \+))) (IN that) (, ,) (RS (-DFL- \])) (INTJ (UH uh)) (, ,) (S (NP-SBJ (PRP you)) (VP (VBP do) (VP (VB have) (NP (NP (NN government) (NN money)) (SBAR-PRP (WHNP-2 (-NONE- 0)) (S (NP-SBJ (-NONE- *T*-2)) (VP (TO to) (VP (VB fund) (, ,) (NP (NP (DT the) (NNS kinds)) (PP (IN of) (NP (NNS programs))) (SBAR (WHNP-1 (WDT that)) (S (NP-SBJ (DT these) (NNS students)) (VP (VBP need) (NP (-NONE- *T*-1)))))))))))))))) (, ,) (-DFL- E_S))",180,228.77,233.07
sw03utt/sw_0348_3062.utt,3/sw3062,3062,124,b,B,71,1,Right. /,[ Right/UH ] ./.,(INTJ (UH Right) (. .) (-DFL- E_S)),185,232.97,233.19
sw03utt/sw_0348_3062.utt,3/sw3062,3062,125,+,A,72,1,the kinds of programs --,[ the/DT kinds/NNS ] of/IN  [ programs/NNS ] --/:,"(S (CC and) (S-SBJ (EDITED (RM (-DFL- \[)) (S (NP-SBJ (DT this)) (VP-UNF (VBZ is))) (, ,) (IP (-DFL- \+))) (NP-SBJ (DT this)) (PP (IN to) (NP (PRP me))) (VP (VBZ is) (RS (-DFL- \])) (NP-PRD (NP (DT the) (NN benefit)) (SBAR (WHNP-3 (-NONE- 0)) (S (NP-SBJ (PRP I)) (VP (VBP see) (NP (-NONE- *T*-3)) (PP (IN in) (NP (JJ public) (NNS schools))))))))) (VP (VBZ is) (SBAR-PRD (EDITED (RM (-DFL- \[)) (SBAR-PRD-UNF (IN that)) (, ,) (IP (-DFL- \+))) (IN that) (, ,) (RS (-DFL- \])) (INTJ (UH uh)) (, ,) (S (NP-SBJ (PRP you)) (VP (VBP do) (VP (VB have) (NP (NP (NN government) (NN money)) (SBAR-PRP (WHNP-2 (-NONE- 0)) (S (NP-SBJ (-NONE- *T*-2)) (VP (TO to) (VP (VB fund) (, ,) (NP (NP (DT the) (NNS kinds)) (PP (IN of) (NP (NNS programs))) (SBAR (WHNP-1 (WDT that)) (S (NP-SBJ (DT these) (NNS students)) (VP (VBP need) (NP (-NONE- *T*-1)))))))))))))))) (, ,) (-DFL- E_S))",180,233.29,234.42999999999998
sw03utt/sw_0348_3062.utt,3/sw3062,3062,126,b,B,73,1,Right. /,[ Right/UH ] ./.,(INTJ (UH Right) (. .) (-DFL- E_S)),185,234.83,235.19000000000003
sw03utt/sw_0348_3062.utt,3/sw3062,3062,127,+,A,74,1,"-- that these students need,  /","--/: that/WDT  [ these/DT students/NNS ] need/VBP ,/,","(S (CC and) (S-SBJ (EDITED (RM (-DFL- \[)) (S (NP-SBJ (DT this)) (VP-UNF (VBZ is))) (, ,) (IP (-DFL- \+))) (NP-SBJ (DT this)) (PP (IN to) (NP (PRP me))) (VP (VBZ is) (RS (-DFL- \])) (NP-PRD (NP (DT the) (NN benefit)) (SBAR (WHNP-3 (-NONE- 0)) (S (NP-SBJ (PRP I)) (VP (VBP see) (NP (-NONE- *T*-3)) (PP (IN in) (NP (JJ public) (NNS schools))))))))) (VP (VBZ is) (SBAR-PRD (EDITED (RM (-DFL- \[)) (SBAR-PRD-UNF (IN that)) (, ,) (IP (-DFL- \+))) (IN that) (, ,) (RS (-DFL- \])) (INTJ (UH uh)) (, ,) (S (NP-SBJ (PRP you)) (VP (VBP do) (VP (VB have) (NP (NP (NN government) (NN money)) (SBAR-PRP (WHNP-2 (-NONE- 0)) (S (NP-SBJ (-NONE- *T*-2)) (VP (TO to) (VP (VB fund) (, ,) (NP (NP (DT the) (NNS kinds)) (PP (IN of) (NP (NNS programs))) (SBAR (WHNP-1 (WDT that)) (S (NP-SBJ (DT these) (NNS students)) (VP (VBP need) (NP (-NONE- *T*-1)))))))))))))))) (, ,) (-DFL- E_S))",180,235.29,236.39000000000001
sw03utt/sw_0348_3062.utt,3/sw3062,3062,128,sv,A,74,2,"{C and } I'm not sure that  the private schools or  parochial schools address that problem,","and/CC  [ I/PRP ] 'm/VBP not/RB sure/JJ that/IN  [ the/DT private/JJ schools/NNS ] or/CC  [ parochial/JJ schools/NNS ] address/VBP  [ that/DT problem/NN ] ,/,","(S (CC and) (NP-SBJ (PRP I)) (VP (VBP 'm) (RB not) (ADJP-PRD (JJ sure) (SBAR (IN that) (S (NP-SBJ (NP (DT the) (JJ private) (NNS schools)) (CC or) (NP (JJ parochial) (NNS schools))) (VP (VBP address) (NP (DT that) (NN problem))))))) (, ,))",190,236.39,242.23000000000002
sw03utt/sw_0348_3062.utt,3/sw3062.pos,3062,129,x,B,75,1,<Breathing>.,./.,,,0.0,0.0
sw03utt/sw_0348_3062.utt,3/sw3062,3062,130,+,A,76,1,"they test kids before they take them, /","[ they/PRP ] test/VBP  [ kids/NNS ] before/IN  [ they/PRP ] take/VBP  [ them/PRP ] ,/,","(S (NP-SBJ (PRP they)) (VP (VBP test) (NP (NNS kids)) (SBAR-TMP (IN before) (S (NP-SBJ (PRP they)) (VP (VBP take) (NP (PRP them)))))) (, ,) (-DFL- E_S))",191,242.23,244.35
sw03utt/sw_0348_3062.utt,3/sw3062,3062,131,aa,B,77,1,"Exactly,  /","Exactly/UH ,/,","(INTJ (UH Exactly) (, ,) (-DFL- E_S))",195,244.25,244.85
sw03utt/sw_0348_3062.utt,3/sw3062,3062,132,sv,B,77,2,"{C and, }","and/CC ,/,","(S (CC and) (, ,) (NP-SBJ (PRP They)) (VP (VBP do) (RB n't) (VP (VB take) (NP (PRP them)))) (, ,) (-DFL- E_S))",196,244.85,245.01
sw03utt/sw_0348_3062.utt,3/sw3062,3062,133,sv,A,78,1,"{C and } if they're a behavior problem, they're out. /","and/CC if/IN  [ they/PRP ] 're/VBP  [ a/DT behavior/NN problem/NN ] ,/,  [ they/PRP ] 're/VBP out/RP ./.","(S (CC and) (SBAR-ADV (IN if) (S (NP-SBJ (PRP they)) (VP (VBP 're) (NP-PRD (DT a) (NN behavior) (NN problem))))) (, ,) (NP-SBJ (PRP they)) (VP (VBP 're) (ADVP-PRD (RP out))) (. .) (-DFL- E_S))",198,245.11,246.85
sw03utt/sw_0348_3062.utt,3/sw3062,3062,134,+,B,79,1,"They don't take them,  /","[ They/PRP ] do/VBP n't/RB take/VB  [ them/PRP ] ,/,","(S (CC and) (, ,) (NP-SBJ (PRP They)) (VP (VBP do) (RB n't) (VP (VB take) (NP (PRP them)))) (, ,) (-DFL- E_S))",196,246.75,247.57
sw03utt/sw_0348_3062.utt,3/sw3062,3062,135,aa,B,79,2,that's right. /,[ that/DT ] 's/BES right/JJ ./.,(S (NP-SBJ (DT that)) (VP (BES 's) (ADJP-PRD (JJ right))) (. .) (-DFL- E_S)),200,247.57,247.99
sw03utt/sw_0348_3062.utt,3/sw3062,3062,136,%,A,80,1,"That,  /","[ That/DT ] ,/,","(S-UNF (NP-SBJ (DT That)) (, ,) (-DFL- E_S))",202,248.09,248.17000000000002
sw03utt/sw_0348_3062.utt,3/sw3062,3062,137,sv,A,80,2,"[ {C and, } + {C and, } ]","and/CC ,/, and/CC ,/,","(S (EDITED (RM (-DFL- \[)) (CC and) (, ,) (IP (-DFL- \+))) (CC and) (, ,) (RS (-DFL- \])) (INTJ (UH uh)) (, ,) (NP-SBJ (DT this)) (VP (VBZ is) (ADVP (RB kind) (RB of)) (NP-PRD (NP (DT a) (NN rejection) (NN type)) (PP (IN of) (NP (NN thing))))) (, ,) (-DFL- E_S))",203,248.17,248.67
sw03utt/sw_0348_3062.utt,3/sw3062,3062,138,b,B,81,1,Right. /,[ Right/UH ] ./.,(INTJ (UH Right) (. .) (-DFL- E_S)),185,248.57,248.93
sw03utt/sw_0348_3062.utt,3/sw3062,3062,139,+,A,82,1,"{F uh, } this is kind of a rejection type of thing, /","[ uh/UH ] ,/,  [ this/DT ] is/VBZ  [ kind/RB ] of/RB  [ a/DT rejection/NN type/NN ] of/IN  [ thing/NN ] ,/,","(S (EDITED (RM (-DFL- \[)) (CC and) (, ,) (IP (-DFL- \+))) (CC and) (, ,) (RS (-DFL- \])) (INTJ (UH uh)) (, ,) (NP-SBJ (DT this)) (VP (VBZ is) (ADVP (RB kind) (RB of)) (NP-PRD (NP (DT a) (NN rejection) (NN type)) (PP (IN of) (NP (NN thing))))) (, ,) (-DFL- E_S))",203,250.69,252.97
sw03utt/sw_0348_3062.utt,3/sw3062,3062,140,b,B,83,1,Uh-huh. /,[ Uh-huh/UH ] ./.,(INTJ (UH Uh-huh) (. .) (-DFL- E_S)),208,252.87,253.07
sw03utt/sw_0348_3062.utt,3/sw3062,3062,141,sv,A,84,1,"[ {C and, } + {C and } ] we get it even at our  level [ in, + in, ] - /","and/CC ,/, and/CC  [ we/PRP ] get/VBP  [ it/PRP ] even/RB at/IN  [ our/PRP$ level/NN ] in/IN ,/, in/IN ,/,","(S (EDITED (RM (-DFL- \[)) (CC and) (, ,) (IP (-DFL- \+))) (CC and) (RS (-DFL- \])) (NP-SBJ (PRP we)) (VP (VBP get) (NP (PRP it)) (PP (ADVP (RB even)) (IN at) (NP (NP (PRP$ our) (NN level)) (EDITED (RM (-DFL- \[)) (PP-LOC-UNF (IN in)) (, ,) (IP (-DFL- \+))) (PP-LOC-UNF (IN in))))) (, ,) (RS (-DFL- \])) (-DFL- N_S))",210,253.17,255.57
sw03utt/sw_0348_3062.utt,3/sw3062,3062,142,sd,A,84,2,"I work a nine ten school,  /","[ I/PRP ] work/VBP  [ a/DT nine/CD ten/CD school/NN ] ,/,","(S (NP-SBJ (PRP I)) (VP (VBP work) (NP (DT a) (CD nine) (CD ten) (NN school))) (, ,) (-DFL- E_S))",211,255.75,257.13
sw03utt/sw_0348_3062.utt,3/sw3062,3062,143,sd,A,84,3,"{C and } we get students that come in that have been  kicked out of the, {F uh, } parochial  [ and  pub-, +  and,  {F uh, } private ] schools -- /","and/CC  [ we/PRP ] get/VBP  [ students/NNS ] [ that/WDT ] come/VBP in/RB  [ that/WDT ] have/VBP been/VBN kicked/VBN out/RP of/IN  [ the/DT ] ,/,  [ uh/UH ] ,/,  [ parochial/JJ ] and/CC  [ pub/JJ ] ,/, and/CC ,/,  [ uh/UH ] ,/,  [ private/JJ schools/NNS ] --/:","(S (CC and) (NP-SBJ (PRP we)) (VP (VBP get) (NP (NP (NNS students)) (SBAR (WHNP-1 (WDT that)) (S (NP-SBJ (-NONE- *T*-1)) (VP (VBP come) (PRT (RB in))))) (SBAR (WHNP-2 (WDT that)) (S (NP-SBJ-3 (-NONE- *T*-2)) (VP (VBP have) (VP (VBN been) (VP (VBN kicked) (NP (-NONE- *-3)) (PP (RP out) (PP (IN of) (NP (DT the) (, ,) (INTJ (UH uh)) (, ,) (ADJP (JJ parochial) (EDITED (RM (-DFL- \[)) (CC and) (JJ pub-) (, ,) (IP (-DFL- \+))) (CC and) (, ,) (INTJ (UH uh)) (, ,) (JJ private) (RS (-DFL- \]))) (NNS schools))))))))))) (-DFL- E_S))",212,257.61,263.99
sw03utt/sw_0348_3062.utt,3/sw3062,3062,144,b,B,85,1,Uh-huh. /,[ Uh-huh/UH ] ./.,(INTJ (UH Uh-huh) (. .) (-DFL- E_S)),208,263.97,264.27000000000004
sw03utt/sw_0348_3062.utt,3/sw3062,3062,145,sd,A,86,1,"-- {C and, }  {F uh, } they come in  /","--/: and/CC ,/,  [ uh/UH ] ,/,  [ they/PRP ] come/VBP in/RB","(S (CC and) (, ,) (INTJ (UH uh)) (, ,) (NP-SBJ (PRP they)) (VP (VBP come) (ADVP (RB in))) (-DFL- E_S))",216,264.67,266.21000000000004
sw03utt/sw_0348_3062.utt,3/sw3062,3062,146,sd(^q),A,86,2,"{C and } their  attitude is, ""I'm a bad boy,"" and  proceed to <laughter> prove it. /","and/CC  [ their/PRP$ attitude/NN ] is/VBZ ,/, ``/``  [ I/PRP ] 'm/VBP  [ a/DT bad/JJ boy/NN ] ,/,  [ ''/'' ] and/CC proceed/VB to/TO prove/VB  [ it/PRP ] ./.","(S (CC and) (NP-SBJ (PRP$ their) (NN attitude)) (VP (VBZ is) (, ,) (`` ``) (S-SEZ-PRD (NP-SBJ (PRP I)) (VP (VBP 'm) (NP-PRD (DT a) (JJ bad) (NN boy))))) (, ,) ('' ''))|||(S (CC and) (NP-SBJ-1 (-NONE- *)) (VP (VB proceed) (S (NP-SBJ (-NONE- *-1)) (VP (TO to) (VP (VB prove) (NP (PRP it)))))) (. .) (-DFL- E_S))",217|||218,266.21,269.87
sw03utt/sw_0348_3062.utt,3/sw3062,3062,147,b,B,87,1,"Really,  /","Really/UH ,/,","(INTJ (UH Really) (, ,) (-DFL- E_S))",220,269.77,269.96999999999997
sw03utt/sw_0348_3062.utt,3/sw3062,3062,148,b^r,B,87,2,really. /,really/UH ./.,(INTJ (UH really) (. .) (-DFL- E_S)),221,270.17,270.59000000000003
sw03utt/sw_0348_3062.utt,3/sw3062,3062,149,sd,A,88,1,"{C So } [ I, + I ] really hate that for them.  /","So/RB  [ I/PRP ] ,/,  [ I/PRP ] really/RB hate/VBP that/DT for/IN  [ them/PRP ] ./.","(S (RB So) (EDITED (RM (-DFL- \[)) (NP-SBJ (PRP I)) (, ,) (IP (-DFL- \+))) (NP-SBJ (PRP I)) (RS (-DFL- \])) (ADVP (RB really)) (VP (VBP hate) (NP (DT that)) (PP (IN for) (NP (PRP them)))) (. .) (-DFL- E_S))",223,270.79,272.75
sw03utt/sw_0348_3062.utt,3/sw3062,3062,150,sd,A,88,2,"[ I, + I, ]","[ I/PRP ] ,/,  [ I/PRP ] ,/,","(S (EDITED (RM (-DFL- \[)) (NP-SBJ (PRP I)) (, ,) (IP (-DFL- \+))) (NP-SBJ (PRP I)) (, ,) (RS (-DFL- \])) (VP (MD would) (ADVP (RB rather)) (SBAR (-NONE- 0) (S (NP-SBJ (PRP they)) (RB not) (VP (VBP have) (NP (DT that) (NN attitude)))))) (, ,) (-DFL- E_S))",224,272.95,273.33
sw03utt/sw_0348_3062.utt,3/sw3062,3062,151,b,B,89,1,Yeah. /,Yeah/UH ./.,(INTJ (UH Yeah) (. .) (-DFL- E_S)),226,273.23,273.49
sw03utt/sw_0348_3062.utt,3/sw3062,3062,152,+,A,90,1,"would rather they not have that attitude,  /","would/MD rather/RB  [ they/PRP ] not/RB have/VBP  [ that/DT attitude/NN ] ,/,","(S (EDITED (RM (-DFL- \[)) (NP-SBJ (PRP I)) (, ,) (IP (-DFL- \+))) (NP-SBJ (PRP I)) (, ,) (RS (-DFL- \])) (VP (MD would) (ADVP (RB rather)) (SBAR (-NONE- 0) (S (NP-SBJ (PRP they)) (RB not) (VP (VBP have) (NP (DT that) (NN attitude)))))) (, ,) (-DFL- E_S))",224,273.67,275.29
sw03utt/sw_0348_3062.utt,3/sw3062,3062,153,%,A,90,2,"{C but } <breathing> that's, -/","but/CC  [ that/DT ] 's/BES ,/,","(S (CC but) (NP-SBJ (DT that)) (VP-UNF (BES 's)) (, ,) (-DFL- N_S))",228,275.29,275.89
sw03utt/sw_0348_3062.utt,3/sw3062,3062,154,%,B,91,1,"{D Well, } when comparing test scores, - /","Well/UH ,/, when/WRB  [ comparing/VBG test/NN scores/NNS ] ,/,","(S-UNF (INTJ (UH Well)) (, ,) (SBAR-TMP (WHADVP-1 (WRB when)) (S (NP-SBJ (-NONE- *)) (VP (VBG comparing) (NP (NN test) (NNS scores)) (ADVP-TMP (-NONE- *T*-1))))) (, ,) (-DFL- N_S))",230,276.37,278.15
sw03utt/sw_0348_3062.utt,3/sw3062,3062,155,sd,B,91,2,I know recently I was in a discussion  /,[ I/PRP ] know/VBP recently/RB  [ I/PRP ] was/VBD in/IN  [ a/DT discussion/NN ],(S (PRN (S (NP-SBJ (PRP I)) (VP (VBP know)))) (ADVP-TMP (RB recently)) (NP-SBJ (PRP I)) (VP (VBD was) (PP-PRD (IN in) (NP (DT a) (NN discussion)))) (-DFL- E_S)),231,278.15,279.97
sw03utt/sw_0348_3062.utt,3/sw3062,3062,156,sd,B,91,3,"{C and } they were comparing test scores between private schools and  public schools, /","and/CC  [ they/PRP ] were/VBD comparing/VBG  [ test/NN scores/NNS ] between/IN  [ private/JJ schools/NNS ] and/CC  [ public/JJ schools/NNS ] ,/,","(S (CC and) (NP-SBJ (PRP they)) (VP (VBD were) (VP (VBG comparing) (NP (NN test) (NNS scores)) (PP (IN between) (NP (NP (JJ private) (NNS schools)) (CC and) (NP (JJ public) (NNS schools)))))) (, ,) (-DFL- E_S))",232,279.97,283.17
sw03utt/sw_0348_3062.utt,3/sw3062,3062,157,b,A,92,1,Right. /,[ Right/UH ] ./.,(INTJ (UH Right) (. .) (-DFL- E_S)),205,283.27,283.51
sw03utt/sw_0348_3062.utt,3/sw3062,3062,158,sv,B,93,1,"{C and } that was one of the points that  I made, is that you're not comparing apples to apples. /","and/CC  [ that/DT ] was/VBD  [ one/CD ] of/IN  [ the/DT points/NNS ] that/WDT  [ I/PRP ] made/VBD ,/, is/VBZ that/IN  [ you/PRP ] 're/VBP not/RB comparing/VBG  [ apples/NNS ] to/IN  [ apples/NNS ] ./.","(S (CC and) (S-SBJ (NP-SBJ (DT that)) (VP (VBD was) (NP-PRD (NP (CD one)) (PP (IN of) (NP (NP (DT the) (NNS points)) (SBAR (WHNP-1 (WDT that)) (S (NP-SBJ (PRP I)) (VP (VBD made) (NP (-NONE- *T*-1)))))))))) (, ,) (VP (VBZ is) (SBAR-PRD (IN that) (S (NP-SBJ (PRP you)) (VP (VBP 're) (RB not) (VP (VBG comparing) (NP (NNS apples)) (PP (IN to) (NP (NNS apples)))))))) (. .) (-DFL- E_S))",236,283.41,286.81
sw03utt/sw_0348_3062.utt,3/sw3062,3062,159,aa,A,94,1,That's right. /,[ That/DT ] 's/BES right/JJ ./.,(S (NP-SBJ (DT That)) (VP (BES 's) (ADJP-PRD (JJ right))) (. .) (-DFL- E_S)),238,286.91,287.41
sw03utt/sw_0348_3062.utt,3/sw3062,3062,160,sv(^q),B,95,1,"{D You know, } you can't say, {F um, } {D you know, }  I know Steven probably would not be accepted because he has a learning disability [ and, + ]","[ You/PRP ] know/VBP ,/,  [ you/PRP ] ca/MD n't/RB say/VB ,/, um/UH ,/,  [ you/PRP ] know/VBP ,/,  [ I/PRP ] know/VBP  [ Steven/NNP ] probably/RB would/MD not/RB be/VB accepted/VBN because/IN  [ he/PRP ] has/VBZ  [ a/DT learning/NN disability/NN ] and/CC ,/,","(S (PRN (S (NP-SBJ (PRP You)) (VP (VBP know))) (, ,)) (NP-SBJ (PRP you)) (VP (MD ca) (RB n't) (VP-UNF (VB say) (, ,) (INTJ (UH um)) (PRN (, ,) (S (NP-SBJ (PRP you)) (VP (VBP know)))))) (, ,))|||(S (NP-SBJ (PRP I)) (VP (VBP know) (SBAR (-NONE- 0) (S (NP-SBJ-1 (NNP Steven)) (ADVP (RB probably)) (VP (VP (MD would) (RB not) (VP (VB be) (VP (VBN accepted) (NP (-NONE- *-1)) (SBAR-PRP (IN because) (S (NP-SBJ (PRP he)) (VP (VBZ has) (NP (DT a) (NN learning) (NN disability))))) (EDITED (RM (-DFL- \[)) (CC and) (, ,) (IP (-DFL- \+)) (RS (-DFL- \]))) (PP (IN into) (NP (DT a) (JJ private) (NN school)))))) (. .) (EDITED (RM (-DFL- \[)) (CC And) (, ,) (IP (-DFL- \+)) (RS (-DFL- \]))) (INTJ (UH um)) (, ,) (SBAR (EDITED (RM (-DFL- \[)) (SBAR (WHNP-3 (WDT which)) (S (NP-SBJ (-NONE- *T*-3)) (VP-UNF (VBZ is)))) (, ,) (IP (-DFL- \+))) (WHNP-2 (WDT which)) (S (NP-SBJ (-NONE- *T*-2)) (VP (VBZ is) (RS (-DFL- \])) (ADJP-PRD (RB too) (JJ bad))))))))) (. .) (-DFL- E_S))",240|||241,287.43,294.99
sw03utt/sw_0348_3062.utt,3/sw3062,3062,161,b,A,96,1,Uh-huh. /,[ Uh-huh/UH ] ./.,(INTJ (UH Uh-huh) (. .) (-DFL- E_S)),214,295.07,295.27
sw03utt/sw_0348_3062.utt,3/sw3062,3062,162,+,B,97,1,"into a private school.  [ And, + ] {F um, }  [ which is, + which is ] too bad.   /","into/IN  [ a/DT private/JJ school/NN ] ./.  And/CC ,/, um/UH ,/,  [ which/WDT ] is/VBZ ,/,  [ which/WDT ] is/VBZ too/RB bad/JJ ./.","(S (NP-SBJ (PRP I)) (VP (VBP know) (SBAR (-NONE- 0) (S (NP-SBJ-1 (NNP Steven)) (ADVP (RB probably)) (VP (VP (MD would) (RB not) (VP (VB be) (VP (VBN accepted) (NP (-NONE- *-1)) (SBAR-PRP (IN because) (S (NP-SBJ (PRP he)) (VP (VBZ has) (NP (DT a) (NN learning) (NN disability))))) (EDITED (RM (-DFL- \[)) (CC and) (, ,) (IP (-DFL- \+)) (RS (-DFL- \]))) (PP (IN into) (NP (DT a) (JJ private) (NN school)))))) (. .) (EDITED (RM (-DFL- \[)) (CC And) (, ,) (IP (-DFL- \+)) (RS (-DFL- \]))) (INTJ (UH um)) (, ,) (SBAR (EDITED (RM (-DFL- \[)) (SBAR (WHNP-3 (WDT which)) (S (NP-SBJ (-NONE- *T*-3)) (VP-UNF (VBZ is)))) (, ,) (IP (-DFL- \+))) (WHNP-2 (WDT which)) (S (NP-SBJ (-NONE- *T*-2)) (VP (VBZ is) (RS (-DFL- \])) (ADJP-PRD (RB too) (JJ bad))))))))) (. .) (-DFL- E_S))",241,295.19,299.89
sw03utt/sw_0348_3062.utt,3/sw3062,3062,163,sv,B,97,2,"{C But } on the other hand, [ I, + I ] can't necessarily  blame them,","But/CC on/IN  [ the/DT other/JJ hand/NN ] ,/,  [ I/PRP ] ,/,  [ I/PRP ] ca/MD n't/RB necessarily/RB blame/VB  [ them/PRP ] ,/,","(S (CC But) (PP (IN on) (NP (DT the) (JJ other) (NN hand))) (, ,) (EDITED (RM (-DFL- \[)) (NP-SBJ (PRP I)) (, ,) (IP (-DFL- \+))) (NP-SBJ (PRP I)) (RS (-DFL- \])) (VP (MD ca) (RB n't) (ADVP (RB necessarily)) (VP (VB blame) (NP (PRP them)) (PRN (, ,) (S (NP-SBJ (PRP you)) (VP (VBP know)))))) (, ,))",245,300.59,303.23
sw03utt/sw_0348_3062.utt,3/sw3062,3062,164,aa,A,98,1,No. /,[ No/UH ] ./.,(INTJ (UH No) (. .) (-DFL- E_S)),248,303.31,303.47
sw03utt/sw_0348_3062.utt,3/sw3062,3062,165,+,B,99,1,"{D you know, } [ they, + they ] are a private  school  /","[ you/PRP ] know/VBP ,/,  [ they/PRP ] ,/,  [ they/PRP ] are/VBP  [ a/DT private/JJ school/NN ]","(S (CC But) (PP (IN on) (NP (DT the) (JJ other) (NN hand))) (, ,) (EDITED (RM (-DFL- \[)) (NP-SBJ (PRP I)) (, ,) (IP (-DFL- \+))) (NP-SBJ (PRP I)) (RS (-DFL- \])) (VP (MD ca) (RB n't) (ADVP (RB necessarily)) (VP (VB blame) (NP (PRP them)) (PRN (, ,) (S (NP-SBJ (PRP you)) (VP (VBP know)))))) (, ,))|||(S (EDITED (RM (-DFL- \[)) (NP-SBJ (PRP they)) (, ,) (IP (-DFL- \+))) (NP-SBJ (PRP they)) (RS (-DFL- \])) (VP (VBP are) (NP-PRD (DT a) (JJ private) (NN school))) (-DFL- E_S))",245|||246,303.39,305.25
sw03utt/sw_0348_3062.utt,3/sw3062,3062,166,sv,B,99,2,"{C and } they,","and/CC  [ they/PRP ] ,/,","(S (CC and) (NP-SBJ (PRP they)) (, ,) (VP (MD can) (VP (VB do) (SBAR-NOM (WHNP-1 (WP whatever)) (S (NP-SBJ (PRP they)) (VP (VBP want) (FRAG (NP (-NONE- *T*-1)))))))) (. .) (-DFL- E_S))",250,305.25,305.55
sw03utt/sw_0348_3062.utt,3/sw3062,3062,167,aa,A,100,1,"That's right, /","[ That/DT ] 's/BES right/JJ ,/,","(S (NP-SBJ (DT That)) (VP (BES 's) (ADJP-PRD (JJ right))) (, ,) (-DFL- E_S))",252,305.63,305.89
sw03utt/sw_0348_3062.utt,3/sw3062,3062,168,+,B,101,1,can do whatever they want. /,can/MD do/VB  [ whatever/WP ] [ they/PRP ] want/VBP ./.,"(S (CC and) (NP-SBJ (PRP they)) (, ,) (VP (MD can) (VP (VB do) (SBAR-NOM (WHNP-1 (WP whatever)) (S (NP-SBJ (PRP they)) (VP (VBP want) (FRAG (NP (-NONE- *T*-1)))))))) (. .) (-DFL- E_S))",250,305.81,306.89
sw03utt/sw_0348_3062.utt,3/sw3062,3062,169,sv,A,102,1,"they can be selective,  /","[ they/PRP ] can/MD be/VB selective/JJ ,/,","(S (NP-SBJ (PRP they)) (VP (MD can) (VP (VB be) (ADJP-PRD (JJ selective)))) (, ,) (-DFL- E_S))",255,306.99,307.51
sw03utt/sw_0348_3062.utt,3/sw3062,3062,170,aa,A,102,2,right. /,[ right/UH ] ./.,(INTJ (UH right) (. .) (-DFL- E_S)),256,307.51,307.63
sw03utt/sw_0348_3062.utt,3/sw3062,3062,171,%,B,103,1,"{C And } [ they ca-, +  they, ] - /","And/CC  [ they/PRP ] [ ca/MD ] ,/,  [ they/PRP ] ,/,","(S-UNF (CC And) (EDITED (RM (-DFL- \[)) (S (NP-SBJ (PRP they)) (VP-UNF (MD ca-))) (, ,) (IP (-DFL- \+))) (NP-SBJ (PRP they)) (, ,) (RS (-DFL- \])) (-DFL- N_S))",258,307.55,308.11
sw03utt/sw_0348_3062.utt,3/sw3062,3062,172,aa,B,103,2,"that's right,  /","[ that/DT ] 's/BES right/JJ ,/,","(S (NP-SBJ (DT that)) (VP (BES 's) (ADJP-PRD (JJ right))) (, ,) (-DFL- E_S))",259,308.19,308.63
sw03utt/sw_0348_3062.utt,3/sw3062,3062,173,aa,B,103,3,they have the  ability to be selective.  /,[ they/PRP ] have/VBP  [ the/DT ability/NN ] to/TO be/VB selective/JJ ./.,(S (NP-SBJ (PRP they)) (VP (VBP have) (NP (DT the) (NN ability) (S (NP-SBJ (-NONE- *)) (VP (TO to) (VP (VB be) (ADJP-PRD (JJ selective))))))) (. .) (-DFL- E_S)),260,308.63,310.43
sw03utt/sw_0348_3062.utt,3/sw3062,3062,174,sv,B,103,4,"{C But } you can't say then, {D well, } public schools  [ are, + are ] not as good. /","But/CC  [ you/PRP ] ca/MD n't/RB say/VB then/RB ,/, well/UH ,/,  [ public/JJ schools/NNS ] are/VBP ,/, are/VBP not/RB as/RB good/JJ ./.","(S (CC But) (NP-SBJ (PRP you)) (VP (MD ca) (RB n't) (VP (VB say) (ADVP (RB then)) (, ,) (S-SEZ (INTJ (UH well)) (, ,) (NP-SBJ (JJ public) (NNS schools)) (EDITED (RM (-DFL- \[)) (VP-UNF (VBP are)) (, ,) (IP (-DFL- \+))) (VP (VBP are) (RS (-DFL- \])) (RB not) (ADJP-PRD (RB as) (JJ good)))))) (. .) (-DFL- E_S))",261,310.43,316.07
sw03utt/sw_0348_3062.utt,3/sw3062,3062,175,b,A,104,1,Right. /,[ Right/UH ] ./.,(INTJ (UH Right) (. .) (-DFL- E_S)),234,316.19,316.53
sw03utt/sw_0348_3062.utt,3/sw3062,3062,176,sv,B,105,1,"Perhaps they are, because [ they're, + they're, ] -/","Perhaps/RB  [ they/PRP ] are/VBP ,/, because/IN  [ they/PRP ] 're/VBP ,/,  [ they/PRP ] 're/VBP ,/,","(S (ADVP (RB Perhaps)) (NP-SBJ (PRP they)) (VP (VBP are) (ADJP-PRD (-NONE- *?*)) (, ,) (SBAR-PRP (IN because) (S (EDITED (RM (-DFL- \[)) (S (NP-SBJ (PRP they)) (VP-UNF (VBP 're))) (, ,) (IP (-DFL- \+))) (NP-SBJ (PRP they)) (VP-UNF (VBP 're))))) (, ,) (RS (-DFL- \])) (-DFL- N_S))",265,316.95,318.87
sw03utt/sw_0348_3062.utt,3/sw3062,3062,177,sv,A,106,1,"If you choose the select top group out of the  public schools and tested them, and then compared them [ to the pri-, + to the private ]  school group, then I think you would have a more equitable --","If/IN  [ you/PRP ] choose/VBP  [ the/DT select/JJ top/NN group/NN ] out/IN of/IN  [ the/DT public/JJ schools/NNS ] and/CC tested/VBD  [ them/PRP ] ,/, and/CC then/RB compared/VBD  [ them/PRP ] to/IN  [ the/DT pri/JJ ] ,/, to/IN  [ the/DT private/JJ school/NN group/NN ] ,/, then/RB  [ I/PRP ] think/VBP  [ you/PRP ] would/MD have/VB  [ a/DT more/RBR equitable/JJ ] --/:","(S (SBAR-ADV (IN If) (S (NP-SBJ (PRP you)) (VP (VP (VBP choose) (NP (NP (DT the) (JJ select) (NN top) (NN group)) (PP (IN out) (PP (IN of) (NP (DT the) (JJ public) (NNS schools)))))) (CC and) (VP (VBD tested) (NP (PRP them))) (, ,) (CONJP (CC and) (RB then)) (VP (VBD compared) (NP (PRP them)) (EDITED (RM (-DFL- \[)) (PP (IN to) (NP-UNF (DT the) (JJ pri-))) (, ,) (IP (-DFL- \+))) (PP (IN to) (NP (DT the) (JJ private) (RS (-DFL- \])) (NN school) (NN group))))))) (, ,) (ADVP (RB then)) (NP-SBJ (PRP I)) (VP (VBP think) (SBAR (-NONE- 0) (S (NP-SBJ (PRP you)) (VP (MD would) (VP (VB have) (NP (DT a) (ADJP (RBR more) (JJ equitable)) (NN way))))))) (. .) (-DFL- E_S))",267,318.95,331.67
sw03utt/sw_0348_3062.utt,3/sw3062,3062,178,aa,B,107,1,You're right. /,[ You/PRP ] 're/VBP right/JJ ./.,(S (NP-SBJ (PRP You)) (VP (VBP 're) (ADJP-PRD (JJ right))) (. .) (-DFL- E_S)),269,331.85,332.40999999999997
sw03utt/sw_0348_3062.utt,3/sw3062,3062,179,+,A,108,1,-- way.  /,--/:  [ way/NN ] ./.,"(S (SBAR-ADV (IN If) (S (NP-SBJ (PRP you)) (VP (VP (VBP choose) (NP (NP (DT the) (JJ select) (NN top) (NN group)) (PP (IN out) (PP (IN of) (NP (DT the) (JJ public) (NNS schools)))))) (CC and) (VP (VBD tested) (NP (PRP them))) (, ,) (CONJP (CC and) (RB then)) (VP (VBD compared) (NP (PRP them)) (EDITED (RM (-DFL- \[)) (PP (IN to) (NP-UNF (DT the) (JJ pri-))) (, ,) (IP (-DFL- \+))) (PP (IN to) (NP (DT the) (JJ private) (RS (-DFL- \])) (NN school) (NN group))))))) (, ,) (ADVP (RB then)) (NP-SBJ (PRP I)) (VP (VBP think) (SBAR (-NONE- 0) (S (NP-SBJ (PRP you)) (VP (MD would) (VP (VB have) (NP (DT a) (ADJP (RBR more) (JJ equitable)) (NN way))))))) (. .) (-DFL- E_S))",267,332.71,332.89
sw03utt/sw_0348_3062.utt,3/sw3062,3062,180,sd,A,108,2,{C And } I have a problem when they  compare the kids in Japan or  Germany to the kids here.  /,And/CC  [ I/PRP ] have/VBP  [ a/DT problem/NN ] when/WRB  [ they/PRP ] compare/VBP  [ the/DT kids/NNS ] in/IN  [ Japan/NNP ] or/CC  [ Germany/NNP ] to/IN  [ the/DT kids/NNS ] here/RB ./.,(S (CC And) (NP-SBJ (PRP I)) (VP (VBP have) (NP (DT a) (NN problem)) (SBAR-TMP (WHADVP-1 (WRB when)) (S (NP-SBJ (PRP they)) (VP (VBP compare) (NP (NP (DT the) (NNS kids)) (PP-LOC (IN in) (NP (NNP Japan) (CC or) (NNP Germany)))) (PP (IN to) (NP (NP (DT the) (NNS kids)) (ADVP-LOC (RB here)))) (ADVP-TMP (-NONE- *T*-1)))))) (. .) (-DFL- E_S)),271,332.89,337.11
sw03utt/sw_0348_3062.utt,3/sw3062,3062,181,sd,A,108,3,"[ [ In, + in, ] + in, ] {F uh, }  [ ho-, + honesty, ] the kids in Japan [ are, + they have ] to try out to even get into,  to which kindergarten they're going to get into, /","In/IN ,/, in/IN ,/, in/IN ,/,  [ uh/UH ] ,/,  [ ho-/NN ] ,/,  [ honesty/NN ] ,/,  [ the/DT kids/NNS ] in/IN  [ Japan/NNP ] are/VBP ,/,  [ they/PRP ] have/VBP to/TO try/VB out/RP to/TO even/RB get/VB into/IN ,/,  to/IN  [ which/WDT kindergarten/NN ] [ they/PRP ] 're/VBP going/VBG to/TO get/VB into/IN ,/,","(S (EDITED (RM (-DFL- \[)) (EDITED (RM (-DFL- \[)) (PP-UNF (IN In)) (, ,) (IP (-DFL- \+))) (PP-UNF (IN in)) (, ,) (RS (-DFL- \])) (IP (-DFL- \+))) (PP (IN in) (, ,) (RS (-DFL- \])) (INTJ (UH uh)) (, ,) (EDITED (RM (-DFL- \[)) (NP-UNF (NN ho-)) (, ,) (IP (-DFL- \+))) (NP (NN honesty))) (, ,) (RS (-DFL- \])) (NP-TPC (NP (DT the) (NNS kids)) (PP-LOC (IN in) (NP (NNP Japan)))) (EDITED (RM (-DFL- \[)) (VP-UNF (VBP are)) (, ,) (IP (-DFL- \+))) (NP-SBJ-1 (PRP they)) (VP (VBP have) (RS (-DFL- \])) (S (NP-SBJ-3 (-NONE- *-1)) (VP (TO to) (VP (VB try) (PRT (RP out)) (S-PRP (NP-SBJ (-NONE- *-3)) (VP (TO to) (ADVP (RB even)) (VP (VB get) (EDITED (PP-UNF (IN into)) (, ,)) (PP (IN to) (SBAR-NOM (WHNP-4 (WDT which) (NN kindergarten)) (S (NP-SBJ-2 (PRP they)) (VP (VBP 're) (VP (VBG going) (S (NP-SBJ (-NONE- *-2)) (VP (TO to) (VP (VB get) (PP (IN into) (NP (-NONE- *T*-4)))))))))))))))))) (, ,) (-DFL- E_S))",272,337.43,345.40999999999997
sw03utt/sw_0348_3062.utt,3/sw3062,3062,182,bh,B,109,1,"{F Oh, } really? /","Oh/UH ,/, really/UH ?/.","(INTJ (INTJ (UH Oh)) (, ,) (INTJ (UH really)) (. ?) (-DFL- E_S))",274,345.65,346.09000000000003
sw03utt/sw_0348_3062.utt,3/sw3062,3062,183,%,A,110,1,"{C and then } after, {F uh, } - /","and/CC then/RB after/IN ,/,  [ uh/UH ] ,/,","(SBAR-TMP-UNF (CONJP (CC and) (RB then)) (IN after) (, ,) (INTJ (UH uh)) (, ,) (-DFL- N_S))",276,346.17,347.32
sw03utt/sw_0348_3062.utt,3/sw3062,3062,184,%,A,110,2,"{C and } [ if, + if ] you  only, - /","and/CC if/IN ,/, if/IN  [ you/PRP ] only/RB ,/,","(SBAR-ADV (CC and) (EDITED (RM (-DFL- \[)) (SBAR-ADV-UNF (IN if)) (, ,) (IP (-DFL- \+))) (IN if) (RS (-DFL- \])) (S-UNF (NP-SBJ (PRP you)) (ADVP (RB only))) (, ,) (-DFL- N_S))",277,347.32,348.64
sw03utt/sw_0348_3062.utt,3/sw3062,3062,185,sd,A,110,3,"[ the, + ] in fact, they've had cases in the past where parents have committed suicide because their child has not gotten into the top kindergarten, which means they probably won't get into the top elementary [ and, + and ] high school, /","[ the/DT ] ,/, in/IN  [ fact/NN ] ,/,  [ they/PRP ] 've/VBP had/VBN  [ cases/NNS ] in/IN  [ the/DT past/NN ] where/WRB  [ parents/NNS ] have/VBP committed/VBN  [ suicide/NN ] because/IN  [ their/PRP$ child/NN ] has/VBZ not/RB gotten/VBN into/IN  [ the/DT top/JJ kindergarten/NN ] ,/,  [ which/WDT ] means/VBZ  [ they/PRP ] probably/RB wo/MD n't/RB get/VB into/IN  [ the/DT top/NN ] elementary/JJ and/CC ,/, and/CC  [ high/JJ school/NN ] ,/,","(S (EDITED (RM (-DFL- \[)) (NP-SBJ-UNF (DT the)) (, ,) (IP (-DFL- \+)) (RS (-DFL- \]))) (PP (IN in) (NP (NN fact))) (, ,) (NP-SBJ (PRP they)) (VP (VBP 've) (VP (VBN had) (NP (NP (NNS cases)) (SBAR (-NONE- *ICH*-1))) (PP-TMP (IN in) (NP (DT the) (NN past))) (SBAR-1 (WHADVP-3 (WRB where)) (S (NP-SBJ (NNS parents)) (VP (VBP have) (VP (VBN committed) (NP (NN suicide)) (SBAR-PRP (IN because) (S (NP-SBJ (PRP$ their) (NN child)) (VP (VP (VBZ has) (RB not) (VP (VBN gotten) (PP (IN into) (NP (DT the) (JJ top) (NN kindergarten))))) (, ,) (SBAR (WHNP-2 (WDT which)) (S (NP-SBJ (-NONE- *T*-2)) (VP (VBZ means) (SBAR (-NONE- 0) (S (NP-SBJ (PRP they)) (ADVP (RB probably)) (VP (MD wo) (RB n't) (VP (VB get) (PP (IN into) (NP (DT the) (NN top) (ADJP (JJ elementary) (EDITED (RM (-DFL- \[)) (CC and) (, ,) (IP (-DFL- \+))) (CC and) (RS (-DFL- \])) (JJ high)) (NN school))))))))))))) (ADVP (-NONE- *T*-3)))))))) (, ,) (-DFL- E_S))",278,348.86,360.48
sw03utt/sw_0348_3062.utt,3/sw3062,3062,186,b,B,111,1,Uh-huh. /,[ Uh-huh/UH ] ./.,(INTJ (UH Uh-huh) (. .) (-DFL- E_S)),280,360.67,360.81
sw03utt/sw_0348_3062.utt,3/sw3062,3062,187,sd,A,112,1,"{C and } if they don't, [ then af-, + ] when  they reach a certain age, [ they just, + ] that's the end of their schooling. /","and/CC if/IN  [ they/PRP ] do/VBP n't/RB ,/, then/RB  [ af-/XX ] ,/, when/WRB  [ they/PRP ] reach/VBP  [ a/DT certain/JJ age/NN ] ,/,  [ they/PRP ] just/RB ,/,  [ that/DT ] 's/BES  [ the/DT end/NN ] of/IN  [ their/PRP$ schooling/NN ] ./.","(S (CC and) (SBAR-ADV (IN if) (S (NP-SBJ (PRP they)) (VP (VBP do) (RB n't)))) (, ,) (EDITED (RM (-DFL- \[)) (S (ADVP (RB then)) (PP-TMP-UNF (XX af-))) (, ,) (IP (-DFL- \+)) (RS (-DFL- \]))) (SBAR-TMP (WHADVP-1 (WRB when)) (S (NP-SBJ (PRP they)) (VP (VBP reach) (NP (DT a) (JJ certain) (NN age)) (ADVP-TMP (-NONE- *T*-1))))) (, ,) (EDITED (RM (-DFL- \[)) (S-UNF (NP-SBJ (PRP they)) (ADVP (RB just))) (, ,) (IP (-DFL- \+)) (RS (-DFL- \]))) (NP-SBJ (DT that)) (VP (BES 's) (NP-PRD (NP (DT the) (NN end)) (PP (IN of) (NP (PRP$ their) (NN schooling))))) (. .) (-DFL- E_S))",282,360.88,365.08
sw03utt/sw_0348_3062.utt,3/sw3062,3062,188,b,B,113,1,Uh-huh. /,[ Uh-huh/UH ] ./.,(INTJ (UH Uh-huh) (. .) (-DFL- E_S)),280,365.17,365.57
sw03utt/sw_0348_3062.utt,3/sw3062,3062,189,sd,A,114,1,"[ {C And, } + {C and, } ]  {F uh, }  they don't ever really go on.  /","And/CC ,/, and/CC ,/,  [ uh/UH ] ,/,  [ they/PRP ] do/VBP n't/RB ever/RB really/RB go/VB on/RP ./.","(S (EDITED (RM (-DFL- \[)) (CC And) (, ,) (IP (-DFL- \+))) (CC and) (, ,) (RS (-DFL- \])) (INTJ (UH uh)) (, ,) (NP-SBJ (PRP they)) (VP (VBP do) (RB n't) (ADVP-TMP (RB ever)) (ADVP (RB really)) (VP (VB go) (PRT (RP on)))) (. .) (-DFL- E_S))",286,365.66,368.38
sw03utt/sw_0348_3062.utt,3/sw3062,3062,190,sv,A,114,2,"It's only their top ones that go on, like ours do. /","[ It/PRP ] 's/BES only/RB  [ their/PRP$ top/JJ ones/NNS ] [ that/WDT ] go/VBP on/RP ,/, like/IN  [ ours/PRP ] do/VBP ./.","(S (NP-SBJ (PRP It)) (VP (BES 's) (ADVP (RB only)) (NP-PRD (NP (PRP$ their) (JJ top) (NNS ones)) (SBAR (WHNP-1 (WDT that)) (S (NP-SBJ (-NONE- *T*-1)) (VP (VBP go) (PRT (RP on)) (, ,) (SBAR-MNR (IN like) (S (NP-SBJ (PRP ours)) (VP (VBP do))))))))) (. .) (-DFL- E_S))",287,368.44,371.18
sw03utt/sw_0348_3062.utt,3/sw3062,3062,191,b,B,115,1,"Uh-huh,  /","[ Uh-huh/UH ] ,/,","(INTJ (UH Uh-huh) (, ,) (-DFL- E_S))",289,371.11,371.53000000000003
sw03utt/sw_0348_3062.utt,3/sw3062,3062,192,b^r,B,115,2,uh-huh. /,[ uh-huh/UH ] ./.,(INTJ (UH uh-huh) (. .) (-DFL- E_S)),290,371.79,372.19
sw03utt/sw_0348_3062.utt,3/sw3062,3062,193,sv,A,116,1,"[ [ {C And, } + {C and, } ] + {F uh, } {C so } ] [ that, +  that ] creates a problem.  /","And/CC ,/, and/CC ,/,  [ uh/UH ] ,/, so/RB  [ that/DT ] ,/,  [ that/DT ] creates/VBZ  [ a/DT problem/NN ] ./.","(S (EDITED (RM (-DFL- \[)) (EDITED (RM (-DFL- \[)) (CC And) (, ,) (IP (-DFL- \+))) (CC and) (, ,) (RS (-DFL- \])) (IP (-DFL- \+))) (INTJ (UH uh)) (, ,) (RB so) (RS (-DFL- \])) (EDITED (RM (-DFL- \[)) (NP-SBJ (DT that)) (, ,) (IP (-DFL- \+))) (NP-SBJ (DT that)) (RS (-DFL- \])) (VP (VBZ creates) (NP (DT a) (NN problem))) (. .) (-DFL- E_S))",292,372.26,376.18
sw03utt/sw_0348_3062.utt,3/sw3062,3062,194,sv,A,116,2,"[ {C And, } +","And/CC ,/,","(S (EDITED (RM (-DFL- \[)) (CC And) (, ,) (IP (-DFL- \+))) (CC and) (, ,) (RS (-DFL- \])) (INTJ (UH uh)) (, ,) (NP-SBJ (PRP they)) (VP (VBP do) (RB n't) (ADVP-TMP (RB ever)) (ADVP (RB really)) (VP (VB go) (PRT (RP on)))) (. .) (-DFL- E_S))",286,376.5,376.64
sw03utt/sw_0348_3062.utt,3/sw3062,3062,195,b,B,117,1,Yeah. /,Yeah/UH ./.,(INTJ (UH Yeah) (. .) (-DFL- E_S)),295,376.57,376.81
sw03utt/sw_0348_3062.utt,3/sw3062,3062,196,+,A,118,1,"{C and } ] you can't compare,  because they go so many more hours.  /","and/CC  [ you/PRP ] ca/MD n't/RB compare/VB ,/, because/IN  [ they/PRP ] go/VBP  [ so/RB many/JJ more/JJR hours/NNS ] ./.","(S (EDITED (RM (-DFL- \[)) (CC And) (, ,) (IP (-DFL- \+))) (CC and) (RS (-DFL- \])) (NP-SBJ (PRP you)) (VP (MD ca) (RB n't) (VP (VB compare) (, ,) (SBAR-PRP (IN because) (S (NP-SBJ (PRP they)) (VP (VBP go) (NP-TMP (ADJP (ADVP (RB so) (JJ many)) (JJR more)) (NNS hours))))))) (. .) (-DFL- E_S))",293,376.92,380.26
sw03utt/sw_0348_3062.utt,3/sw3062,3062,197,sd,A,118,2,"The other thing is that the priority in the family is that child's education,","[ The/DT other/JJ thing/NN ] is/VBZ that/IN  [ the/DT priority/NN ] in/IN  [ the/DT family/NN ] is/VBZ  [ that/DT child/NN 's/POS education/NN ] ,/,","(S (NP-SBJ (DT The) (JJ other) (NN thing)) (VP (VBZ is) (SBAR-PRD (IN that) (S (NP-SBJ (NP (DT the) (NN priority)) (PP (IN in) (NP (DT the) (NN family)))) (VP (VP (VBZ is) (NP-PRD (NP (DT that) (NN child) (POS 's)) (NN education))) (, ,) (CC and) (VP (VBZ is) (NP-PRD (DT that) (NN child))))))) (. .) (-DFL- E_S))",297,380.64,385.24
sw03utt/sw_0348_3062.utt,3/sw3062,3062,198,b,B,119,1,"Right, /","Right/UH ,/,","(INTJ (UH Right) (, ,) (-DFL- E_S))",299,385.29,385.59000000000003
sw03utt/sw_0348_3062.utt,3/sw3062,3062,199,+,A,120,1,and is that child. /,and/CC is/VBZ  [ that/DT child/NN ] ./.,"(S (NP-SBJ (DT The) (JJ other) (NN thing)) (VP (VBZ is) (SBAR-PRD (IN that) (S (NP-SBJ (NP (DT the) (NN priority)) (PP (IN in) (NP (DT the) (NN family)))) (VP (VP (VBZ is) (NP-PRD (NP (DT that) (NN child) (POS 's)) (NN education))) (, ,) (CC and) (VP (VBZ is) (NP-PRD (DT that) (NN child))))))) (. .) (-DFL- E_S))",297,385.66,386.02
sw03utt/sw_0348_3062.utt,3/sw3062,3062,200,sv,B,121,1,"{D well, } you see that with the foreigners that come here. /","well/UH ,/,  [ you/PRP ] see/VBP that/DT with/IN  [ the/DT foreigners/NNS ] [ that/WDT ] come/VBP here/RB ./.","(S (INTJ (UH well)) (, ,) (NP-SBJ (PRP you)) (VP (VBP see) (NP (DT that)) (PP (IN with) (NP (NP (DT the) (NNS foreigners)) (SBAR (WHNP-1 (WDT that)) (S (NP-SBJ (-NONE- *T*-1)) (VP (VBP come) (ADVP-DIR (RB here)))))))) (. .) (-DFL- E_S))",302,385.95,388.27000000000004
sw03utt/sw_0348_3062.utt,3/sw3062,3062,201,aa,A,122,1,That's right. /,[ That/DT ] 's/BES right/JJ ./.,(S (NP-SBJ (DT That)) (VP (BES 's) (ADJP-PRD (JJ right))) (. .) (-DFL- E_S)),304,388.4,389.24
sw03utt/sw_0348_3062.utt,3/sw3062,3062,202,sd,B,123,1,"{F Um, } [ I, + I ] was talking to somebody  recently or read somewhere [ where they, + where they ] said that, {D you know, } these children, [ they, + they ]  had to be the best,  /","[ Um/UH ] ,/,  [ I/PRP ] ,/,  [ I/PRP ] was/VBD talking/VBG to/IN  [ somebody/NN ] recently/RB or/CC read/VBD somewhere/RB where/WRB  [ they/PRP ] ,/, where/WRB  [ they/PRP ] said/VBD that/IN ,/,  [ you/PRP ] know/VBP ,/,  [ these/DT children/NNS ] ,/,  [ they/PRP ] ,/,  [ they/PRP ] had/VBD to/TO be/VB  [ the/DT best/JJS ] ,/,","(S (INTJ (UH Um)) (, ,) (EDITED (RM (-DFL- \[)) (NP-SBJ (PRP I)) (, ,) (IP (-DFL- \+))) (NP-SBJ (PRP I)) (RS (-DFL- \])) (VP (VP (VBD was) (VP (VBG talking) (PP (IN to) (NP (NN somebody))) (ADVP-TMP (RB recently)))) (CC or) (VP (VBD read) (ADVP-LOC (RB somewhere))) (SBAR-LOC (EDITED (RM (-DFL- \[)) (SBAR (WHADVP (WRB where)) (S-UNF (NP-SBJ (PRP they)))) (, ,) (IP (-DFL- \+))) (WHADVP-1 (WRB where)) (S (NP-SBJ (PRP they)) (RS (-DFL- \])) (VP (VBD said) (SBAR (IN that) (PRN (, ,) (S (NP-SBJ (PRP you)) (VP (VBP know))) (, ,)) (S (NP-TPC (DT these) (NNS children)) (, ,) (EDITED (RM (-DFL- \[)) (NP-SBJ (PRP they)) (, ,) (IP (-DFL- \+))) (NP-SBJ-2 (PRP they)) (RS (-DFL- \])) (VP (VBD had) (S (NP-SBJ (-NONE- *-2)) (VP (TO to) (VP (VB be) (NP-PRD (DT the) (JJS best)))))))) (ADVP (-NONE- *T*-1)))))) (, ,) (-DFL- E_S))",306,389.17,398.1
sw03utt/sw_0348_3062.utt,3/sw3062,3062,203,sd,B,123,2,"{C and } they put off all social life, all everything,","and/CC  [ they/PRP ] put/VBD off/RP  [ all/DT social/JJ life/NN ] ,/,  [ all/DT ] [ everything/NN ] ,/,","(S (CC and) (NP-SBJ (PRP they)) (VP (VBD put) (PRT (RP off)) (NP (NP (DT all) (JJ social) (NN life)) (, ,) (NP (DT all) (NN everything))) (PRN (, ,) (S (NP-SBJ (PRP you)) (VP (VBP know))))) (. .) (-DFL- E_S))",307,398.56,401.36
sw03utt/sw_0348_3062.utt,3/sw3062,3062,204,aa,A,124,1,"That's right,  /","[ That/DT ] 's/BES right/JJ ,/,","(S (NP-SBJ (DT That)) (VP (BES 's) (ADJP-PRD (JJ right))) (, ,) (-DFL- E_S))",309,401.44,401.96
sw03utt/sw_0348_3062.utt,3/sw3062,3062,205,aa^r,A,124,2,that's right. /,[ that/DT ] 's/BES right/JJ ./.,(S (NP-SBJ (DT that)) (VP (BES 's) (ADJP-PRD (JJ right))) (. .) (-DFL- E_S)),310,402.26,402.66
sw03utt/sw_0348_3062.utt,3/sw3062,3062,206,+,B,125,1,{D you know. }  /,[ you/PRP ] know/VBP ./.,"(S (CC and) (NP-SBJ (PRP they)) (VP (VBD put) (PRT (RP off)) (NP (NP (DT all) (JJ social) (NN life)) (, ,) (NP (DT all) (NN everything))) (PRN (, ,) (S (NP-SBJ (PRP you)) (VP (VBP know))))) (. .) (-DFL- E_S))",307,402.58,403.08
sw03utt/sw_0348_3062.utt,3/sw3062,3062,207,qh,B,125,2,"{D Well, } is that good?  /","Well/UH ,/, is/VBZ that/DT  [ good/JJ ] ?/.","(SQ (INTJ (UH Well)) (, ,) (VBZ is) (NP-SBJ (DT that)) (ADJP-PRD (JJ good)) (. ?) (-DFL- E_S))",312,403.08,404.1
sw03utt/sw_0348_3062.utt,3/sw3062,3062,208,ny,B,125,3,"Yes,  /","Yes/UH ,/,","(INTJ (UH Yes) (, ,) (-DFL- E_S))",313,404.1,404.44
sw03utt/sw_0348_3062.utt,3/sw3062,3062,209,sd^e,B,125,4,"the child is  very bright,  /","[ the/DT child/NN ] is/VBZ very/RB bright/JJ ,/,","(S (NP-SBJ (DT the) (NN child)) (VP (VBZ is) (ADJP-PRD (RB very) (JJ bright))) (, ,) (-DFL- E_S))",314,404.44,405.97999999999996
sw03utt/sw_0348_3062.utt,3/sw3062,3062,210,sv,B,125,5,"{C but } on the other hand, I feel like my children, who are kind of  middle of the road, [ have, +","but/CC on/IN  [ the/DT other/JJ hand/NN ] ,/,  [ I/PRP ] feel/VBP like/IN  [ my/PRP$ children/NNS ] ,/,  [ who/WP ] are/VBP  [ kind/RB ] of/RB  [ middle/NN ] of/IN  [ the/DT road/NN ] ,/, have/VBP ,/,","(S (CC but) (PP (IN on) (NP (DT the) (JJ other) (NN hand))) (, ,) (NP-SBJ (PRP I)) (VP (VBP feel) (SBAR (IN like) (S (NP-SBJ (NP (PRP$ my) (NNS children)) (, ,) (SBAR (WHNP-1 (WP who)) (S (NP-SBJ (-NONE- *T*-1)) (VP (VBP are) (ADJP-PRD (ADVP (RB kind) (RB of)) (TYPO (NN middle) (IN of) (DT the) (NN road))))))) (, ,) (EDITED (RM (-DFL- \[)) (VP-UNF (VBP have)) (, ,) (IP (-DFL- \+))) (VP (VBP are) (RS (-DFL- \])) (ADJP-PRD (RBR more) (JJ rounded)) (PRN (, ,) (S (NP-SBJ (PRP you)) (VP (VBP know)))))))) (. .) (-DFL- E_S))",315,406.5,410.58000000000004
sw03utt/sw_0348_3062.utt,3/sw3062,3062,211,^2,A,126,1,Better coping skills. /,[ Better/JJR coping/NN skills/NNS ] ./.,(NP (JJR Better) (NN coping) (NNS skills) (. .) (-DFL- E_S)),317,411.54,412.14
sw03utt/sw_0348_3062.utt,3/sw3062,3062,212,+,B,127,1,"are ] more rounded, {D you know. } /","are/VBP more/RBR rounded/JJ ,/,  [ you/PRP ] know/VBP ./.","(S (CC but) (PP (IN on) (NP (DT the) (JJ other) (NN hand))) (, ,) (NP-SBJ (PRP I)) (VP (VBP feel) (SBAR (IN like) (S (NP-SBJ (NP (PRP$ my) (NNS children)) (, ,) (SBAR (WHNP-1 (WP who)) (S (NP-SBJ (-NONE- *T*-1)) (VP (VBP are) (ADJP-PRD (ADVP (RB kind) (RB of)) (TYPO (NN middle) (IN of) (DT the) (NN road))))))) (, ,) (EDITED (RM (-DFL- \[)) (VP-UNF (VBP have)) (, ,) (IP (-DFL- \+))) (VP (VBP are) (RS (-DFL- \])) (ADJP-PRD (RBR more) (JJ rounded)) (PRN (, ,) (S (NP-SBJ (PRP you)) (VP (VBP know)))))))) (. .) (-DFL- E_S))",315,412.24,413.91999999999996
sw03utt/sw_0348_3062.utt,3/sw3062,3062,213,aa,A,128,1,Yes. /,Yes/UH ./.,(INTJ (UH Yes) (. .) (-DFL- E_S)),320,414.02,414.2
sw03utt/sw_0348_3062.utt,3/sw3062,3062,214,b,B,129,1,"Sure,  /","Sure/UH ,/,","(INTJ (UH Sure) (, ,) (-DFL- E_S))",322,414.12,414.8
sw03utt/sw_0348_3062.utt,3/sw3062,3062,215,b,B,129,2,"sure,  /","sure/UH ,/,","(INTJ (UH sure) (, ,) (-DFL- E_S))",323,414.96,415.08
sw03utt/sw_0348_3062.utt,3/sw3062,3062,216,sv,B,129,3,I think it's real important to have  friends.  /,[ I/PRP ] think/VBP  [ it/PRP ] 's/BES real/RB important/JJ to/TO have/VB  [ friends/NNS ] ./.,(S (NP-SBJ (PRP I)) (VP (VBP think) (SBAR (-NONE- 0) (S (NP-SBJ (NP (PRP it)) (S (-NONE- *EXP*-1))) (VP (BES 's) (ADJP-PRD (RB real) (JJ important)) (S-1 (NP-SBJ (-NONE- *)) (VP (TO to) (VP (VB have) (NP (NNS friends))))))))) (. .) (-DFL- E_S)),324,415.08,417.28
sw03utt/sw_0348_3062.utt,3/sw3062,3062,217,sv,B,129,4,I think it's real important to play sports.  /,[ I/PRP ] think/VBP  [ it/PRP ] 's/BES real/RB important/JJ to/TO play/VB  [ sports/NNS ] ./.,(S (NP-SBJ (PRP I)) (VP (VBP think) (SBAR (-NONE- 0) (S (NP-SBJ (NP (PRP it)) (S (-NONE- *EXP*-1))) (VP (BES 's) (ADJP-PRD (RB real) (JJ important)) (S-1 (NP-SBJ (-NONE- *)) (VP (TO to) (VP (VB play) (NP (NNS sports))))))))) (. .) (-DFL- E_S)),325,417.28,419.24
sw03utt/sw_0348_3062.utt,3/sw3062,3062,218,sv,B,129,5,I think it's real important  to be part of a team. /,[ I/PRP ] think/VBP  [ it/PRP ] 's/BES real/RB important/JJ to/TO be/VB  [ part/NN ] of/IN  [ a/DT team/NN ] ./.,(S (NP-SBJ (PRP I)) (VP (VBP think) (SBAR (-NONE- 0) (S (NP-SBJ (NP (PRP it)) (S (-NONE- *EXP*-1))) (VP (BES 's) (ADJP-PRD (RB real) (JJ important)) (S-1 (NP-SBJ (-NONE- *)) (VP (TO to) (VP (VB be) (NP-PRD (NP (NN part)) (PP (IN of) (NP (DT a) (NN team))))))))))) (. .) (-DFL- E_S)),326,419.24,421.32
sw03utt/sw_0348_3062.utt,3/sw3062,3062,219,b,A,130,1,Right. /,[ Right/UH ] ./.,(INTJ (UH Right) (. .) (-DFL- E_S)),328,421.54,421.88
sw03utt/sw_0348_3062.utt,3/sw3062,3062,220,sd,B,131,1,"{C And so } that's why I said, their childhood  is extremely different from mine.  /","And/CC so/RB  [ that/DT ] 's/BES why/WRB  [ I/PRP ] said/VBD ,/,  [ their/PRP$ childhood/NN ] is/VBZ extremely/RB different/JJ from/IN  [ mine/PRP ] ./.","(S (CONJP (CC And) (RB so)) (NP-SBJ (DT that)) (VP (BES 's) (SBAR-PRP-PRD (WHADVP-1 (WRB why)) (S (NP-SBJ (PRP I)) (VP (VBD said) (, ,) (SBAR (-NONE- 0) (S (NP-SBJ (PRP$ their) (NN childhood)) (VP (VBZ is) (ADJP-PRD (RB extremely) (JJ different) (PP (IN from) (NP (PRP mine))))))) (ADVP-PRP (-NONE- *T*-1)))))) (. .) (-DFL- E_S))",330,421.96,425.88
sw03utt/sw_0348_3062.utt,3/sw3062,3062,221,sd,B,131,2,We didn't do all that --,[ We/PRP ] did/VBD n't/RB do/VB  [ all/PDT that/DT ] --/:,(S (NP-SBJ (PRP We)) (VP (VBD did) (RB n't) (VP (VB do) (NP (PDT all) (DT that)) (PRN (S (NP-SBJ (PRP you)) (VP (VBP know)))))) (. .) (-DFL- E_S)),331,425.88,426.82
sw03utt/sw_0348_3062.utt,3/sw3062,3062,222,b,A,132,1,Right. /,[ Right/UH ] ./.,(INTJ (UH Right) (. .) (-DFL- E_S)),328,426.9,427.08
sw03utt/sw_0348_3062.utt,3/sw3062,3062,223,+,B,133,1,-- {D you know. }  /,--/:  [ you/PRP ] know/VBP ./.,"(S (CC and) (NP-SBJ (PRP they)) (VP (VBD put) (PRT (RP off)) (NP (NP (DT all) (JJ social) (NN life)) (, ,) (NP (DT all) (NN everything))) (PRN (, ,) (S (NP-SBJ (PRP you)) (VP (VBP know))))) (. .) (-DFL- E_S))",307,427.0,427.64
sw03utt/sw_0348_3062.utt,3/sw3062,3062,224,sd,B,133,2,"<laughter> We certainly didn't  carpool and run the way I do. {F Um, } /","[ We/PRP ] certainly/RB did/VBD n't/RB  [ carpool/VB ] and/CC run/VB  [ the/DT way/NN ] [ I/PRP ] do/VBP ./.  Um/UH ,/,","(S (NP-SBJ (PRP We)) (ADVP (RB certainly)) (VP (VBD did) (RB n't) (VP (VB carpool) (CC and) (VB run) (NP-MNR (NP (DT the) (NN way)) (SBAR (WHADVP-1 (-NONE- 0)) (S (NP-SBJ (PRP I)) (VP (VBP do) (ADVP-MNR (-NONE- *T*-1)))))))) (. .))|||(INTJ (UH Um) (, ,) (-DFL- E_S))",335|||336,428.36,431.32
sw03utt/sw_0348_3062.utt,3/sw3062,3062,225,sv,A,134,1,"{D Well, } {C and } [ you don't, + you don't ] see  the parents, {F uh, } encouraging those students to get on athletic teams or,","Well/UH ,/, and/CC  [ you/PRP ] do/VBP n't/RB ,/,  [ you/PRP ] do/VBP n't/RB see/VB  [ the/DT parents/NNS ] ,/,  [ uh/UH ] ,/, encouraging/VBG  [ those/DT students/NNS ] to/TO get/VB on/IN  [ athletic/JJ teams/NNS ] or/CC ,/,","(S (INTJ (UH Well)) (, ,) (CC and) (EDITED (RM (-DFL- \[)) (S (NP-SBJ (PRP you)) (VP-UNF (VBP do) (RB n't))) (, ,) (IP (-DFL- \+))) (NP-SBJ (PRP you)) (VP (VBP do) (RB n't) (RS (-DFL- \])) (VP (VB see) (S (NP-SBJ (DT the) (NNS parents)) (, ,) (INTJ (UH uh)) (, ,) (VP (VBG encouraging) (S (NP-SBJ (DT those) (NNS students)) (VP (TO to) (VP (VB get) (PP (IN on) (NP (NP (JJ athletic) (NNS teams)) (CC or) (, ,) (NP (NN drill) (NNS teams)) (CC or) (NP (NN band))))))))))) (, ,) (-DFL- E_S))",338,431.4,438.32
sw03utt/sw_0348_3062.utt,3/sw3062,3062,226,aa,B,135,1,No. /,[ No/UH ] ./.,(INTJ (UH No) (. .) (-DFL- E_S)),340,438.24,438.58
sw03utt/sw_0348_3062.utt,3/sw3062,3062,227,+,A,136,1,"drill teams or band, /","[ drill/NN teams/NNS ] or/CC  [ band/NN ] ,/,","(S (INTJ (UH Well)) (, ,) (CC and) (EDITED (RM (-DFL- \[)) (S (NP-SBJ (PRP you)) (VP-UNF (VBP do) (RB n't))) (, ,) (IP (-DFL- \+))) (NP-SBJ (PRP you)) (VP (VBP do) (RB n't) (RS (-DFL- \])) (VP (VB see) (S (NP-SBJ (DT the) (NNS parents)) (, ,) (INTJ (UH uh)) (, ,) (VP (VBG encouraging) (S (NP-SBJ (DT those) (NNS students)) (VP (TO to) (VP (VB get) (PP (IN on) (NP (NP (JJ athletic) (NNS teams)) (CC or) (, ,) (NP (NN drill) (NNS teams)) (CC or) (NP (NN band))))))))))) (, ,) (-DFL- E_S))",338,438.66,439.34000000000003
sw03utt/sw_0348_3062.utt,3/sw3062,3062,228,aa,B,137,1,"Right,  /","Right/UH ,/,","(INTJ (UH Right) (, ,) (-DFL- E_S))",343,439.26,439.38
sw03utt/sw_0348_3062.utt,3/sw3062,3062,229,aa^r,B,137,2,right. /,right/UH ./.,(INTJ (UH right) (. .) (-DFL- E_S)),344,439.38,439.62
sw03utt/sw_0348_3062.utt,3/sw3062,3062,230,sv,A,138,1,"it's strictly stick to the educational,  /","[ it/PRP ] 's/BES strictly/RB  [ stick/VB ] to/IN  [ the/DT educational/JJ ] ,/,","(S (NP-SBJ (PRP it)) (VP (BES 's) (ADVP (RB strictly)) (S-PRD (NP-SBJ (-NONE- *)) (VP (VB stick) (PP (IN to) (NP (DT the) (JJ educational)))))) (, ,) (-DFL- E_S))",346,439.86,441.92
sw03utt/sw_0348_3062.utt,3/sw3062,3062,231,sv,A,138,2,"{C and } it's  interesting to see them as they get older, {F uh, } then that is the type of adult they are. /","and/CC  [ it/PRP ] 's/BES interesting/JJ to/TO see/VB  [ them/PRP ] as/IN  [ they/PRP ] get/VBP  [ older/JJR ] ,/,  [ uh/UH ] ,/, then/RB  [ that/DT ] is/VBZ  [ the/DT type/NN ] of/IN  [ adult/NN ] [ they/PRP ] are/VBP ./.","(S (CC and) (NP-SBJ (NP (PRP it)) (S (-NONE- *EXP*-2))) (VP (BES 's) (ADJP-PRD (JJ interesting)) (S-2 (NP-SBJ (-NONE- *)) (VP (TO to) (VP (VB see) (NP (PRP them)) (SBAR-TMP (IN as) (S (NP-SBJ (PRP they)) (VP (VBP get) (ADJP-PRD (JJR older)))))))) (, ,) (INTJ (UH uh))) (, ,))|||(S (ADVP (RB then)) (NP-SBJ (DT that)) (VP (VBZ is) (NP-PRD (NP (DT the) (NN type)) (PP (IN of) (NP (NN adult))) (SBAR (WHNP-1 (-NONE- 0)) (S (NP-SBJ (PRP they)) (VP (VBP are) (NP-PRD (-NONE- *T*-1))))))) (. .) (-DFL- E_S))",347|||348,442.16,447.82000000000005
sw03utt/sw_0348_3062.utt,3/sw3062,3062,232,b,B,139,1,Uh-huh. /,[ Uh-huh/UH ] ./.,(INTJ (UH Uh-huh) (. .) (-DFL- E_S)),350,448.32,448.64
sw03utt/sw_0348_3062.utt,3/sw3062,3062,233,b,A,140,1,{F Um. } /,Um/UH ./.,(INTJ (UH Um) (. .) (-DFL- E_S)),352,448.72,449.02000000000004
