swda_filename,ptb_basename,conversation_no,transcript_index,act_tag,caller,utterance_index,subutterance_index,text,pos,trees,ptb_treenumbers,start_ts,end_ts
sw07utt/sw_0793_3095.utt,3/sw3095,3095,0,sd^t,A,1,1,"I guess we are just to discuss trials [ and, + and ]  punishment. If it's to be given by the judge or not.  /","I/PRP guess/VBP we/PRP are/VBP just/RB to/TO discuss/VB trials/NNS and/CC ,/, and/CC punishment/NN ./. If/IN it/PRP 's/BES to/TO be/VB given/VBN by/IN the/DT judge/NN or/CC not/RB ./.",,,0.66,7.16
sw07utt/sw_0793_3095.utt,3/sw3095,3095,1,qy^t,A,1,2,"[ Did you, + did you ] catch your explanation of that? /","Did/VBD you/PRP ,/, did/VBD you/PRP catch/VB your/PRP$ explanation/NN of/IN that/DT ?/.",,,7.34,9.26
sw07utt/sw_0793_3095.utt,3/sw3095,3095,2,ny,B,2,1,"<Noise> <static> Yes,  /","Yes/UH ,/,",,,9.15,9.370000000000001
sw07utt/sw_0793_3095.utt,3/sw3095,3095,3,sd^e,B,2,2,I did.  /,I/PRP did/VBD ./.,,,9.39,9.709999999999999
sw07utt/sw_0793_3095.utt,3/sw3095,3095,4,%,B,2,3,"[ It's, + # it's, ] {F uh, } # -/","It/PRP 's/BES ,/, it/PRP 's/BES ,/, uh/UH ,/,",,,9.79,10.41
sw07utt/sw_0793_3095.utt,3/sw3095,3095,5,b,A,3,1,# Okay. # /,Okay/UH ./.,,,0.0,0.0
sw07utt/sw_0793_3095.utt,3/sw3095,3095,6,%,B,4,1,"The, {F uh, } - /","The/DT ,/, uh/UH ,/,",,,11.21,11.81
sw07utt/sw_0793_3095.utt,3/sw3095,3095,7,sd,B,4,2,maybe I'm a hard liner  /,maybe/RB I/PRP 'm/VBP a/DT hard/JJ liner/NN,,,12.91,14.45
sw07utt/sw_0793_3095.utt,3/sw3095,3095,8,sv,B,4,3,"{C but } I think  that there should be some preset penalties in criminal cases.   Rather than, {F uh, } degrees of # sentencing. # /","but/CC I/PRP think/VBP that/IN there/EX should/MD be/VB some/DT preset/JJ penalties/NNS in/IN criminal/NN cases/NNS ./. Rather/RB than/IN ,/, uh/UH ,/, degrees/NNS of/IN sentencing/NN ./.",,,15.01,24.96
sw07utt/sw_0793_3095.utt,3/sw3095,3095,9,qy,A,5,1,# You mean the crimes # or the punishment should fit the crime? /,You/PRP mean/VBP the/DT crimes/NNS or/CC the/DT punishment/NN should/MD fit/VB the/DT crime/NN ?/.,,,25.08,29.22
sw07utt/sw_0793_3095.utt,3/sw3095,3095,10,na,B,6,1,Right.  /,Right/UH ./.,,,29.48,29.84
sw07utt/sw_0793_3095.utt,3/sw3095,3095,11,na^r,B,6,2,# Right. # /,Right/UH ./.,,,30.16,30.44
sw07utt/sw_0793_3095.utt,3/sw3095,3095,12,bk,A,7,1,# Okay # <Lipsmack>. /,Okay/UH ./.,,,0.0,0.0
sw07utt/sw_0793_3095.utt,3/sw3095,3095,13,sd,B,8,1,"{F Uh, } again, having participated in jury duty  myself, # [ I know + <laughter>, #","Uh/UH ,/, again/RB ,/, having/VBG participated/VBN in/IN jury/NN duty/NN myself/PRP ,/, I/PRP know/VBP ,/,",,,31.16,35.21
sw07utt/sw_0793_3095.utt,3/sw3095,3095,14,aa,A,9,1,"# Yes,  /","Yes/UH ,/,",,,35.32,35.6
sw07utt/sw_0793_3095.utt,3/sw3095,3095,15,sd,A,9,2,I did also. # /,I/PRP did/VBD also/RB ./.,,,35.6,36.18
sw07utt/sw_0793_3095.utt,3/sw3095,3095,16,+,B,10,1,"I know ] how such a diverse group of people  get together, the different backgrounds, different ideas, # that # --","I/PRP know/VBP how/WRB such/PDT a/DT diverse/JJ group/NN of/IN people/NNS get/VBP together/RB ,/, the/DT different/JJ backgrounds/NNS ,/, different/JJ ideas/NNS ,/, that/WDT --/:",,,36.87,43.480000000000004
sw07utt/sw_0793_3095.utt,3/sw3095,3095,17,b,A,11,1,# Right. # /,Right/UH ./.,,,0.0,0.0
sw07utt/sw_0793_3095.utt,3/sw3095,3095,18,+,B,12,1,"-- sometimes you can have one person or two,","--/: sometimes/RB you/PRP can/MD have/VB one/CD person/NN or/CC two/CD ,/,",,,44.08,48.28
sw07utt/sw_0793_3095.utt,3/sw3095,3095,19,x,A,13,1,<Noise> <<like a telephone buzzer>>.,,,,0.0,0.0
sw07utt/sw_0793_3095.utt,3/sw3095,3095,20,+,B,14,1,"that can hold up what I consider the proper sentencing,","that/WDT can/MD hold/VB up/RP what/WP I/PRP consider/VBP the/DT proper/JJ sentencing/NN ,/,",,,48.28,51.52
sw07utt/sw_0793_3095.utt,3/sw3095,3095,21,x,A,15,1,</Noise>.,,,,0.0,0.0
sw07utt/sw_0793_3095.utt,3/sw3095,3095,22,+,B,16,1,"of the [ p-, +  person. ] /","of/IN the/DT p-/NN ,/, person/NN ./.",,,51.62,52.440000000000005
sw07utt/sw_0793_3095.utt,3/sw3095,3095,23,ad,A,17,1,Could you hang on one minute Jim? /,Could/MD you/PRP hang/VB on/RP one/CD minute/NN Jim/NNP ?/.,,,52.96,54.3
sw07utt/sw_0793_3095.utt,3/sw3095,3095,24,aa,B,18,1,Yes ma'am. /,Yes/UH ma'am/NN ./.,,,54.38,54.720000000000006
sw07utt/sw_0793_3095.utt,3/sw3095,3095,25,ft,A,19,1,Thank you <<long pause>>. /,Thank/VB you/PRP ./.,,,54.84,55.32
sw07utt/sw_0793_3095.utt,3/sw3095,3095,26,x,B,20,1,<Noise> <swallowing> <cough>.,,,,0.0,0.0
sw07utt/sw_0793_3095.utt,3/sw3095,3095,27,fa,A,21,1,I am so sorry to keep you on hold. /,I/PRP am/VBP so/RB sorry/JJ to/TO keep/VB you/PRP on/IN hold/NN ./.,,,118.24,123.98
sw07utt/sw_0793_3095.utt,3/sw3095,3095,28,bd,B,22,1,<Laughter> No problem. /,No/DT problem/NN ./.,,,124.02,124.84
sw07utt/sw_0793_3095.utt,3/sw3095,3095,29,qy,A,23,1,Are you at work? /,Are/VBP you/PRP at/IN work/NN ?/.,,,124.96,125.44
sw07utt/sw_0793_3095.utt,3/sw3095,3095,30,ny,B,24,1,Yes. /,Yes/UH ./.,,,125.78,126.04
sw07utt/sw_0793_3095.utt,3/sw3095,3095,31,bk,A,25,1,"Okay,  /","Okay/UH ,/,",,,126.26,126.62
sw07utt/sw_0793_3095.utt,3/sw3095,3095,32,sd,A,25,2,"I am too.  <laughter> # {F Um, } # /","I/PRP am/VBP too/RB ./. Um/UH ,/,",,,126.62,127.14
sw07utt/sw_0793_3095.utt,3/sw3095,3095,33,b,B,26,1,# Yeah.  /,Yeah/UH ./.,,,127.26,127.4
sw07utt/sw_0793_3095.utt,3/sw3095,3095,34,sv,B,26,2,"{F Um, } # I think what you have  is, the way [ the, + the ] justice system works is they bend over backwards trying to protect the guilty. /","Um/UH ,/, I/PRP think/VBP what/WP you/PRP have/VBP is/VBZ ,/, the/DT way/NN the/DT ,/, the/DT justice/NN system/NN works/VBZ is/VBZ they/PRP bend/VBP over/IN backwards/RB trying/VBG to/TO protect/VB the/DT guilty/JJ ./.",,,128.36,137.04
sw07utt/sw_0793_3095.utt,3/sw3095,3095,35,sv,A,27,1,"# {F Oh, } it's insane. # /","Oh/UH ,/, it/PRP 's/BES insane/JJ ./.",,,0.0,0.0
sw07utt/sw_0793_3095.utt,3/sw3095,3095,36,sv,B,28,1,"# So many things in their back, #  /","So/RB many/JJ things/NNS in/IN their/PRP$ back/NN ,/,",,,137.74,139.5
sw07utt/sw_0793_3095.utt,3/sw3095,3095,37,br,B,28,2,pardon? /,pardon/VB ?/.,,,139.86,140.20000000000002
sw07utt/sw_0793_3095.utt,3/sw3095,3095,38,sv^r,A,29,1,It's insane. /,It/PRP 's/BES insane/JJ ./.,,,140.32,141.16
sw07utt/sw_0793_3095.utt,3/sw3095,3095,39,aa,B,30,1,Yes.  /,Yes/UH ./.,,,141.18,141.52
sw07utt/sw_0793_3095.utt,3/sw3095,3095,40,sd,B,30,2,"I know, /","I/PRP know/VBP ,/,",,,142.08,142.54
sw07utt/sw_0793_3095.utt,3/sw3095,3095,41,x,A,31,1,<Noise> <<guttural sounds>>.,,,,0.0,0.0
sw07utt/sw_0793_3095.utt,3/sw3095,3095,42,sd,B,32,1,my wife participated in a jury trial <lipsmack>  several years back --,my/PRP$ wife/NN participated/VBD in/IN a/DT jury/NN trial/NN several/JJ years/NNS back/RB --/:,,,142.54,147.26000000000002
sw07utt/sw_0793_3095.utt,3/sw3095,3095,43,b,A,33,1,Yes. /,Yes/UH ./.,,,147.54,148.0
sw07utt/sw_0793_3095.utt,3/sw3095,3095,44,+,B,34,1,"-- wherein the individual after it was over and they,","--/: wherein/WRB the/DT individual/NN after/IN it/PRP was/VBD over/RB and/CC they/PRP ,/,",,,147.88,151.02
sw07utt/sw_0793_3095.utt,3/sw3095,3095,45,x,A,35,1,<Talking>.,,,,0.0,0.0
sw07utt/sw_0793_3095.utt,3/sw3095,3095,46,+,B,36,1,had came up with the maximum sentence --,had/VBD came/VBN up/RP with/IN the/DT maximum/JJ sentence/NN --/:,,,151.02,153.46
sw07utt/sw_0793_3095.utt,3/sw3095,3095,47,b,A,37,1,Yes. /,Yes/UH ./.,,,153.7,153.94
sw07utt/sw_0793_3095.utt,3/sw3095,3095,48,+,B,38,1,"-- in the jury form they found out that, {F uh, }  the gentleman involved had a long history of the same type offense --","--/: in/IN the/DT jury/NN form/NN they/PRP found/VBD out/RP that/IN ,/, uh/UH ,/, the/DT gentleman/NN involved/VBN had/VBD a/DT long/JJ history/NN of/IN the/DT same/JJ type/NN offense/NN --/:",,,153.82,162.04
sw07utt/sw_0793_3095.utt,3/sw3095,3095,49,b,A,39,1,Right. /,Right/UH ./.,,,162.16,162.54
sw07utt/sw_0793_3095.utt,3/sw3095,3095,50,+,B,40,1,-- which was theft # of # --,--/: which/WDT was/VBD theft/NN of/IN --/:,,,162.42,163.76
sw07utt/sw_0793_3095.utt,3/sw3095,3095,51,b,A,41,1,# Uh-huh. # /,Uh-huh/UH ./.,,,0.0,0.0
sw07utt/sw_0793_3095.utt,3/sw3095,3095,52,+,B,42,1,"-- {F uh, } property. /","--/: uh/UH ,/, property/NN ./.",,,163.96,165.1
sw07utt/sw_0793_3095.utt,3/sw3095,3095,53,b,A,43,1,{F Oh } yes. /,Oh/UH yes/UH ./.,,,165.4,165.85999999999999
sw07utt/sw_0793_3095.utt,3/sw3095,3095,54,sd,B,44,1,"{C And } yet, [ the as-, + the attorney, ]","And/CC yet/RB ,/, the/DT as-/XX ,/, the/DT attorney/NN ,/,",,,165.74,167.56
sw07utt/sw_0793_3095.utt,3/sw3095,3095,55,x,A,45,1,<Talking>.,,,,0.0,0.0
sw07utt/sw_0793_3095.utt,3/sw3095,3095,56,+,B,46,1,"for the prosecution could not enter [ these, + {F uh, }  the ] good man's background into it.  /","for/IN the/DT prosecution/NN could/MD not/RB enter/VB these/DT ,/, uh/UH ,/, the/DT good/JJ man/NN 's/POS background/NN into/IN it/PRP ./.",,,167.78,172.34
sw07utt/sw_0793_3095.utt,3/sw3095,3095,57,sd,B,46,2,"It was like,","It/PRP was/VBD like/IN ,/,",,,172.36,172.79999999999998
sw07utt/sw_0793_3095.utt,3/sw3095,3095,58,x,A,47,1,<Noise>.,,,,0.0,0.0
sw07utt/sw_0793_3095.utt,3/sw3095,3095,59,+,B,48,1,this was a first time offender. /,this/DT was/VBD a/DT first/JJ time/NN offender/NN ./.,,,172.8,174.44
sw07utt/sw_0793_3095.utt,3/sw3095,3095,60,b,A,49,1,Yes. /,Yes/UH ./.,,,174.72,175.08
sw07utt/sw_0793_3095.utt,3/sw3095,3095,61,sv,B,50,1,"Whereas, {F uh, }","Whereas/IN ,/, uh/UH ,/,",,,176.0,176.92
sw07utt/sw_0793_3095.utt,3/sw3095,3095,62,x,A,51,1,<Noise>.,,,,0.0,0.0
sw07utt/sw_0793_3095.utt,3/sw3095,3095,63,+,B,52,1,"I think that's, -/","I/PRP think/VBP that/DT 's/BES ,/,",,,176.92,179.79999999999998
sw07utt/sw_0793_3095.utt,3/sw3095,3095,64,sv,A,53,1,"# It seems like ((   )) , # -/","It/PRP seems/VBZ like/IN MUMBLEx/XX ,/,",,,0.0,0.0
sw07utt/sw_0793_3095.utt,3/sw3095,3095,65,sv,B,54,1,# Those that # should be in jail should be in jail <laughter>. /,Those/DT that/WDT should/MD be/VB in/IN jail/NN should/MD be/VB in/IN jail/NN ./.,,,179.8,181.74
sw07utt/sw_0793_3095.utt,3/sw3095,3095,66,aa,A,55,1,That's correct  /,That/DT 's/BES correct/JJ,,,181.98,182.74
sw07utt/sw_0793_3095.utt,3/sw3095,3095,67,sv,A,55,2,"{C and } there's too much leniency,  /","and/CC there/EX 's/BES too/RB much/JJ leniency/NN ,/,",,,182.74,184.22
sw07utt/sw_0793_3095.utt,3/sw3095,3095,68,sv,A,55,3,"there's too much, {F uh, } {F um, } underhanded, {F uh, } things going on that the public are not aware of. /","there/EX 's/BES too/RB much/JJ ,/, uh/UH ,/, um/UH ,/, underhanded/JJ ,/, uh/UH ,/, things/NNS going/VBG on/RP that/WDT the/DT public/JJ are/VBP not/RB aware/JJ of/IN ./.",,,184.22,191.28
sw07utt/sw_0793_3095.utt,3/sw3095,3095,69,b,B,56,1,Yeah  /,Yeah/UH,,,191.36,191.44000000000003
sw07utt/sw_0793_3095.utt,3/sw3095.pos,3095,70,x,B,56,2,<<very faintly>>.,./.,,,0.0,0.0
sw07utt/sw_0793_3095.utt,3/sw3095,3095,71,sv,A,57,1,"{C And } it seems as though we are, {F uh, }  giving the criminal the benefit, more than the victim.  /","And/CC it/PRP seems/VBZ as/IN though/IN we/PRP are/VBP ,/, uh/UH ,/, giving/VBG the/DT criminal/NN the/DT benefit/NN ,/, more/JJR than/IN the/DT victim/NN ./.",,,192.1,198.36
sw07utt/sw_0793_3095.utt,3/sw3095,3095,72,sv,A,57,2,"The victim has been victimized twice,  not only by the perpetrator of the crime but also,","The/DT victim/NN has/VBZ been/VBN victimized/VBN twice/RB ,/, not/RB only/RB by/IN the/DT perpetrator/NN of/IN the/DT crime/NN but/CC also/RB ,/,",,,198.36,205.32
sw07utt/sw_0793_3095.utt,3/sw3095,3095,73,x,B,58,1,<Noise>.,,,,0.0,0.0
sw07utt/sw_0793_3095.utt,3/sw3095,3095,74,+,A,59,1,the courts that try to do the justice. /,the/DT courts/NNS that/WDT try/VBP to/TO do/VB the/DT justice/NN ./.,,,205.32,207.7
sw07utt/sw_0793_3095.utt,3/sw3095,3095,75,sv,B,60,1,"{D Well, } I think this is one of the reasons that  also that attorneys have such [ a, + a, ] unsavory reputation,  /","Well/UH ,/, I/PRP think/VBP this/DT is/VBZ one/CD of/IN the/DT reasons/NNS that/WDT also/RB that/IN attorneys/NNS have/VBP such/PDT a/DT ,/, a/DT ,/, unsavory/JJ reputation/NN ,/,",,,208.36,215.06
sw07utt/sw_0793_3095.utt,3/sw3095,3095,76,qh,B,60,2,shall we say? /,shall/MD we/PRP say/VB ?/.,,,215.06,215.82
sw07utt/sw_0793_3095.utt,3/sw3095,3095,77,sd,A,61,1,"[ I do not have any, + I don't have an ]  ounce in my body of credibility toward [ the, + the ] judicial system in --","I/PRP do/VBP not/RB have/VB any/DT ,/, I/PRP do/VBP n't/RB have/VB an/DT ounce/NN in/IN my/PRP$ body/NN of/IN credibility/NN toward/IN the/DT ,/, the/DT judicial/JJ system/NN in/IN --/:",,,216.08,223.45999999999998
sw07utt/sw_0793_3095.utt,3/sw3095,3095,78,b,B,62,1,Yeah  /,Yeah/UH,,,223.34,223.42000000000002
sw07utt/sw_0793_3095.utt,3/sw3095.pos,3095,79,x,B,62,2,<<very faintly>>.,./.,,,0.0,0.0
sw07utt/sw_0793_3095.utt,3/sw3095,3095,80,+,A,63,1,-- the United States. /,--/: the/DT United/NNP States/NNP ./.,,,223.54,224.36
sw07utt/sw_0793_3095.utt,3/sw3095,3095,81,sv,B,64,1,"{D Well, } what you got is the situation  wherein, {F uh, } if you ever get in trouble, you want to hire the smartest, crookedest, lawyer you can find. /","Well/UH ,/, what/WP you/PRP got/VBD is/VBZ the/DT situation/NN wherein/WRB ,/, uh/UH ,/, if/IN you/PRP ever/RB get/VBP in/IN trouble/NN ,/, you/PRP want/VBP to/TO hire/VB the/DT smartest/JJS ,/, crookedest/JJS ,/, lawyer/NN you/PRP can/MD find/VB ./.",,,224.52,231.96
sw07utt/sw_0793_3095.utt,3/sw3095,3095,82,bh,A,65,1,Isn't that terrible? /,Is/VBZ n't/RB that/DT terrible/JJ ?/.,,,232.08,233.14000000000001
sw07utt/sw_0793_3095.utt,3/sw3095,3095,83,sv,B,66,1,"{C And, } {F uh, } that's not the idea.  /","And/CC ,/, uh/UH ,/, that/DT 's/BES not/RB the/DT idea/NN ./.",,,233.24,235.01999999999998
sw07utt/sw_0793_3095.utt,3/sw3095,3095,84,sv,B,66,2,"[ It's, + ] the idea is not to get the guy off of the crime,","It/PRP 's/BES ,/, the/DT idea/NN is/VBZ not/RB to/TO get/VB the/DT guy/NN off/IN of/IN the/DT crime/NN ,/,",,,235.02,238.32000000000002
sw07utt/sw_0793_3095.utt,3/sw3095,3095,85,x,A,67,1,<Noise>.,,,,0.0,0.0
sw07utt/sw_0793_3095.utt,3/sw3095,3095,86,+@,B,68,1,"that he committed, but to punish him for the  crime # he committed. #   *[[ slash error ]]","that/WDT he/PRP committed/VBD ,/, but/CC to/TO punish/VB him/PRP for/IN the/DT crime/NN he/PRP committed/VBD ./.",,,238.66,242.70000000000002
sw07utt/sw_0793_3095.utt,3/sw3095,3095,87,aap,A,69,1,"# {D Well, } to # punish him for the crime but  also to try and reeducate the man's thinking. /","Well/UH ,/, to/TO punish/VB him/PRP for/IN the/DT crime/NN but/CC also/RB to/TO try/VB and/CC reeducate/VB the/DT man/NN 's/POS thinking/NN ./.",,,242.82,247.42000000000002
sw07utt/sw_0793_3095.utt,3/sw3095,3095,88,+@,B,70,1,Yeah. /   *[[slash error]],Yeah/UH ./.,,,247.88,247.98
sw07utt/sw_0793_3095.utt,3/sw3095,3095,89,sv,A,71,1,"To get him out of that, {F uh, } {F uh, }  criminal mind that he has and to direct,","To/TO get/VB him/PRP out/IN of/IN that/DT ,/, uh/UH ,/, uh/UH ,/, criminal/NN mind/NN that/WDT he/PRP has/VBZ and/CC to/TO direct/VB ,/,",,,248.36,254.66
sw07utt/sw_0793_3095.utt,3/sw3095,3095,90,x,B,72,1,<Noise>.,,,,0.0,0.0
sw07utt/sw_0793_3095.utt,3/sw3095,3095,91,+,A,73,1,him into a more productive life. /,him/PRP into/IN a/DT more/RBR productive/JJ life/NN ./.,,,254.66,256.26
sw07utt/sw_0793_3095.utt,3/sw3095,3095,92,b,B,74,1,Yeah  /,Yeah/UH,,,256.4,256.59999999999997
sw07utt/sw_0793_3095.utt,3/sw3095.pos,3095,93,x,B,74,2,<<faint>>.   /,./.,,,0.0,0.0
sw07utt/sw_0793_3095.utt,3/sw3095,3095,94,sd,B,74,3,"{D Well } we have, {F uh, }  a situation again that I am familiar with where, {F uh, } the son of an acquaintance of mine --","Well/UH we/PRP have/VBP ,/, uh/UH ,/, a/DT situation/NN again/RB that/WDT I/PRP am/VBP familiar/JJ with/IN where/WRB ,/, uh/UH ,/, the/DT son/NN of/IN an/DT acquaintance/NN of/IN mine/PRP --/:",,,257.6,263.96000000000004
sw07utt/sw_0793_3095.utt,3/sw3095,3095,95,b,A,75,1,# Uh-huh. # /,Uh-huh/UH ./.,,,0.0,0.0
sw07utt/sw_0793_3095.utt,3/sw3095,3095,96,+,B,76,1,-- # was # killed --,--/: was/VBD killed/VBN --/:,,,264.08,264.5
sw07utt/sw_0793_3095.utt,3/sw3095,3095,97,b,A,77,1,Oh <<very faintly>>. /,Oh/UH ./.,,,264.68,264.90000000000003
sw07utt/sw_0793_3095.utt,3/sw3095,3095,98,+,B,78,1,-- while trying to stop a robbery. /,--/: while/IN trying/VBG to/TO stop/VB a/DT robbery/NN ./.,,,265.3,267.28
sw07utt/sw_0793_3095.utt,3/sw3095,3095,99,b,A,79,1,"Yes,  /","Yes/UH ,/,",,,267.4,267.64
sw07utt/sw_0793_3095.utt,3/sw3095,3095,100,ba,A,79,2,how # sad. # /,how/WRB sad/JJ ./.,,,0.0,0.0
sw07utt/sw_0793_3095.utt,3/sw3095,3095,101,sd,B,80,1,"# {C And } # the person that killed him was a  young woman <lipsmack> who had left the house with full intent to commit crimes,  carrying a gun in her # purse. # /","And/CC the/DT person/NN that/WDT killed/VBD him/PRP was/VBD a/DT young/JJ woman/NN who/WP had/VBD left/VBN the/DT house/NN with/IN full/JJ intent/NN to/TO commit/VB crimes/NNS ,/, carrying/VBG a/DT gun/NN in/IN her/PRP$ purse/NN ./.",,,268.1,277.46000000000004
sw07utt/sw_0793_3095.utt,3/sw3095,3095,102,b,A,81,1,# Uh-huh. # /,Uh-huh/UH ./.,,,0.0,0.0
sw07utt/sw_0793_3095.utt,3/sw3095,3095,103,sd,B,82,1,"<Noise> {C And, } {D anyway } it'd get to the, - /","And/CC ,/, anyway/RB it/PRP 'd/MD get/VB to/IN the/DT ,/,",,,278.14,281.92
sw07utt/sw_0793_3095.utt,3/sw3095,3095,104,sd,B,82,2,she was sentenced to jail  /,she/PRP was/VBD sentenced/VBN to/IN jail/NN,,,281.92,283.24
sw07utt/sw_0793_3095.utt,3/sw3095,3095,105,sd,B,82,3,"{C but } then due to technicalities, she was going to be out of jail within eighteen months after she was sentenced. /","but/CC then/RB due/IN to/IN technicalities/NNS ,/, she/PRP was/VBD going/VBG to/TO be/VB out/IN of/IN jail/NN within/IN eighteen/CD months/NNS after/IN she/PRP was/VBD sentenced/VBN ./.",,,283.86,290.58
sw07utt/sw_0793_3095.utt,3/sw3095,3095,106,b,A,83,1,Oh. /,Oh/UH ./.,,,291.27,291.33
sw07utt/sw_0793_3095.utt,3/sw3095,3095,107,sd,B,84,1,"Of course it took eighteen months for  [ the thing, + the trial ] to happen. /","Of/IN course/NN it/PRP took/VBD eighteen/CD months/NNS for/IN the/DT thing/NN ,/, the/DT trial/NN to/TO happen/VB ./.",,,291.6,295.14
sw07utt/sw_0793_3095.utt,3/sw3095,3095,108,b,A,85,1,Right. /,Right/UH ./.,,,295.37,295.61
sw07utt/sw_0793_3095.utt,3/sw3095,3095,109,sd,B,86,1,"{C So, } then, {F uh, }","So/RB ,/, then/RB ,/, uh/UH ,/,",,,296.1,297.28000000000003
sw07utt/sw_0793_3095.utt,3/sw3095,3095,110,x,A,87,1,<Noise>.,,,,0.0,0.0
sw07utt/sw_0793_3095.utt,3/sw3095,3095,111,+,B,88,1,"there was a letter writing campaign that  went in, <lipsmack>  /","there/EX was/VBD a/DT letter/NN writing/NN campaign/NN that/WDT went/VBD in/RB ,/,",,,297.28,300.24
sw07utt/sw_0793_3095.utt,3/sw3095,3095,112,sd,B,88,2,{C and } the Parole Board received approximately a thousand letters  protesting putting this person back on the street within eighteen months after killing someone.  /,and/CC the/DT Parole/NNP Board/NNP received/VBD approximately/RB a/DT thousand/CD letters/NNS protesting/VBG putting/VBG this/DT person/NN back/RB on/IN the/DT street/NN within/IN eighteen/CD months/NNS after/IN killing/VBG someone/NN ./.,,,300.84,310.09999999999997
sw07utt/sw_0793_3095.utt,3/sw3095,3095,113,sd,B,88,3,"{C And, } {F uh, } fortunately it worked.  /","And/CC ,/, uh/UH ,/, fortunately/RB it/PRP worked/VBD ./.",,,310.88,313.1
sw07utt/sw_0793_3095.utt,3/sw3095,3095,114,sd,B,88,4,"[ They, {F uh, } elimi-, + they corrected ]  the technicality. /","They/PRP ,/, uh/UH ,/, elimi/VBD ,/, they/PRP corrected/VBD the/DT technicality/NN ./.",,,313.3,316.06
sw07utt/sw_0793_3095.utt,3/sw3095,3095,115,%,A,89,1,"{D Well } # if, # -/","Well/UH if/IN ,/,",,,0.0,0.0
sw07utt/sw_0793_3095.utt,3/sw3095,3095,116,sd,B,90,1,# {C And } # the person now will have to serve   three to four years of the seven or eight they were sentenced # to. # /,And/CC the/DT person/NN now/RB will/MD have/VB to/TO serve/VB three/CD to/IN four/CD years/NNS of/IN the/DT seven/CD or/CC eight/CD they/PRP were/VBD sentenced/VBN to/IN ./.,,,316.54,321.24
sw07utt/sw_0793_3095.utt,3/sw3095,3095,117,b,A,91,1,<Talking> <<Faint>> # Yes. #  /,Yes/UH ./.,,,0.0,0.0
sw07utt/sw_0793_3095.utt,3/sw3095,3095,118,sv,A,91,2,"If enough of the public,","If/IN enough/JJ of/IN the/DT public/NN ,/,",,,322.03,323.63
sw07utt/sw_0793_3095.utt,3/sw3095,3095,119,x,B,92,1,<Cough>.,,,,0.0,0.0
sw07utt/sw_0793_3095.utt,3/sw3095,3095,120,+,A,93,1,"responded to, {F uh, } [ the dir-, + the, {F uh, } parties ]  that are involved, and if enough, - /","responded/VBD to/IN ,/, uh/UH ,/, the/DT dir-/XX ,/, the/DT ,/, uh/UH ,/, parties/NNS that/WDT are/VBP involved/JJ ,/, and/CC if/IN enough/JJ ,/,",,,324.35,331.54999999999995
sw07utt/sw_0793_3095.utt,3/sw3095,3095,121,sv,A,93,2,they will listen to the voice of the people.  /,they/PRP will/MD listen/VB to/IN the/DT voice/NN of/IN the/DT people/NNS ./.,,,331.65,333.45
sw07utt/sw_0793_3095.utt,3/sw3095,3095,122,sd,A,93,3,"I have found that out. That if enough people respond and rise up against the  injustices being done, something is going to change. /","I/PRP have/VBP found/VBN that/DT out/RP ./. That/IN if/IN enough/JJ people/NNS respond/VBP and/CC rise/VBP up/RB against/IN the/DT injustices/NNS being/VBG done/VBN ,/, something/NN is/VBZ going/VBG to/TO change/VB ./.",,,334.15,342.49
sw07utt/sw_0793_3095.utt,3/sw3095,3095,123,b,B,94,1,Right. /,Right/UH ./.,,,342.52,342.78
sw07utt/sw_0793_3095.utt,3/sw3095,3095,124,sv,A,95,1,People have to be involved. /,People/NNS have/VBP to/TO be/VB involved/JJ ./.,,,343.19,344.53000000000003
sw07utt/sw_0793_3095.utt,3/sw3095,3095,125,sv,B,96,1,<Noise> <<Like sipping through a straw>> This is it -- /,This/DT is/VBZ it/PRP --/:,,,344.88,345.44
sw07utt/sw_0793_3095.utt,3/sw3095,3095,126,b,A,97,1,# Yeah. # /,Yeah/UH ./.,,,0.0,0.0
sw07utt/sw_0793_3095.utt,3/sw3095,3095,127,sv,B,98,1,-- # {C and } # most people don't take the time. /,--/: and/CC most/JJS people/NNS do/VBP n't/RB take/VB the/DT time/NN ./.,,,345.5,347.14
sw07utt/sw_0793_3095.utt,3/sw3095,3095,128,aa,A,99,1,That's # right. # /,That/DT 's/BES right/JJ ./.,,,0.0,0.0
sw07utt/sw_0793_3095.utt,3/sw3095,3095,129,sd,B,100,1,# Again # the only reason I took the time is  because I was personally # acquainted # --,Again/RB the/DT only/JJ reason/NN I/PRP took/VBD the/DT time/NN is/VBZ because/IN I/PRP was/VBD personally/RB acquainted/VBN --/:,,,347.42,351.02
sw07utt/sw_0793_3095.utt,3/sw3095,3095,130,aa,A,101,1,# That's right. # /,That/DT 's/BES right/JJ ./.,,,0.0,0.0
sw07utt/sw_0793_3095.utt,3/sw3095,3095,131,+,B,102,1,-- with these people.  /,--/: with/IN these/DT people/NNS ./.,,,351.02,351.68
sw07utt/sw_0793_3095.utt,3/sw3095,3095,132,sd,B,102,2,# I'm just # --,I/PRP 'm/VBP just/RB --/:,,,0.0,0.0
sw07utt/sw_0793_3095.utt,3/sw3095,3095,133,%,A,103,1,"# You were, # -/","You/PRP were/VBD ,/,",,,351.79,352.09
sw07utt/sw_0793_3095.utt,3/sw3095,3095,134,+,B,104,1,-- as guilty as the rest in that respect. /,--/: as/RB guilty/JJ as/IN the/DT rest/NN in/IN that/DT respect/NN ./.,,,352.08,353.8
sw07utt/sw_0793_3095.utt,3/sw3095,3095,135,aa,A,105,1,Yes.  /,Yes/UH ./.,,,353.91,353.99
sw07utt/sw_0793_3095.utt,3/sw3095,3095,136,sd,A,105,2,"{F Uh, } {C but, } <talking> {C and }  I'm not making an excuse  /","Uh/UH ,/, but/CC ,/, and/CC I/PRP 'm/VBP not/RB making/VBG an/DT excuse/NN",,,355.01,357.81
sw07utt/sw_0793_3095.utt,3/sw3095,3095,137,sv,A,105,3,"{C but } [ we, + our ] priorities are a bit backward. /","but/CC we/PRP ,/, our/PRP$ priorities/NNS are/VBP a/DT bit/NN backward/JJ ./.",,,357.99,360.39
sw07utt/sw_0793_3095.utt,3/sw3095,3095,138,aa,B,106,1,{F Oh } yes.  /,Oh/UH yes/UH ./.,,,360.6,361.08
sw07utt/sw_0793_3095.utt,3/sw3095,3095,139,sv,B,106,2,"{D Well, } they, again the, - /","Well/UH ,/, they/PRP ,/, again/RB the/DT ,/,",,,361.82,363.57
sw07utt/sw_0793_3095.utt,3/sw3095,3095,140,sd,B,106,3,"{C and } I'm not knocking the civil rights program or anything like that,  /","and/CC I/PRP 'm/VBP not/RB knocking/VBG the/DT civil/JJ rights/NNS program/NN or/CC anything/NN like/IN that/DT ,/,",,,364.27,367.37
sw07utt/sw_0793_3095.utt,3/sw3095,3095,141,sv,B,106,4,"{C but } we've gone,","but/CC we/PRP 've/VBP gone/VBN ,/,",,,367.37,368.03
sw07utt/sw_0793_3095.utt,3/sw3095,3095,142,x,A,107,1,<Noise>.,,,,0.0,0.0
sw07utt/sw_0793_3095.utt,3/sw3095,3095,143,+,B,108,1,"overboard to, {F uh, } protect persons from  [ being, + having ] their civil rights,","overboard/RB to/TO ,/, uh/UH ,/, protect/VB persons/NNS from/IN being/VBG ,/, having/VBG their/PRP$ civil/JJ rights/NNS ,/,",,,368.59,374.17
sw07utt/sw_0793_3095.utt,3/sw3095,3095,144,x,A,109,1,<Noise>.,,,,0.0,0.0
sw07utt/sw_0793_3095.utt,3/sw3095,3095,145,+,B,110,1,"violated to the point where the person that is damaged,","violated/VBD to/IN the/DT point/NN where/WRB the/DT person/NN that/WDT is/VBZ damaged/JJ ,/,",,,374.17,378.57
sw07utt/sw_0793_3095.utt,3/sw3095,3095,146,x,A,111,1,<Talking>.,,,,0.0,0.0
sw07utt/sw_0793_3095.utt,3/sw3095,3095,147,+,B,112,1,is not protected.  /,is/VBZ not/RB protected/VBN ./.,,,378.57,379.99
sw07utt/sw_0793_3095.utt,3/sw3095,3095,148,sv,B,112,2,"It's again the victim gets worse  punishment then the person,","It/PRP 's/BES again/RB the/DT victim/NN gets/VBZ worse/JJR punishment/NN then/RB the/DT person/NN ,/,",,,380.17,383.66999999999996
sw07utt/sw_0793_3095.utt,3/sw3095,3095,149,x,A,113,1,<Talking> <noise>.,,,,0.0,0.0
sw07utt/sw_0793_3095.utt,3/sw3095,3095,150,+,B,114,1,that commits the crimes. /,that/WDT commits/VBZ the/DT crimes/NNS ./.,,,383.67,384.51
sw07utt/sw_0793_3095.utt,3/sw3095,3095,151,aa,A,115,1,That's correct. /,That/DT 's/BES correct/JJ ./.,,,386.29,386.75
sw07utt/sw_0793_3095.utt,3/sw3095,3095,152,b,B,116,1,Yeah  /,Yeah/UH,,,386.63,386.90999999999997
sw07utt/sw_0793_3095.utt,3/sw3095.pos,3095,153,x,B,116,2,<noise>.,./.,,,0.0,0.0
sw07utt/sw_0793_3095.utt,3/sw3095,3095,154,b,A,117,1,Yeah.  /,Yeah/UH ./.,,,387.61,387.81
sw07utt/sw_0793_3095.utt,3/sw3095,3095,155,b^r,A,117,2,Yeah. /,Yeah/UH ./.,,,387.81,387.97
sw07utt/sw_0793_3095.utt,3/sw3095,3095,156,b,B,118,1,<Sigh> Okay.  /,Okay/UH ./.,,,388.85,389.47
sw07utt/sw_0793_3095.utt,3/sw3095,3095,157,sv,B,118,2,<laughter> I think we're both in  agreement on this subject. /,I/PRP think/VBP we/PRP 're/VBP both/DT in/NN agreement/NN on/IN this/DT subject/NN ./.,,,389.47,392.34999999999997
sw07utt/sw_0793_3095.utt,3/sw3095,3095,158,sd,A,119,1,"{D Well, } I am too. /","Well/UH ,/, I/PRP am/VBP too/RB ./.",,,392.47,393.27
sw07utt/sw_0793_3095.utt,3/sw3095,3095,159,x,B,120,1,# <Laughter>. #,,,,0.0,0.0
sw07utt/sw_0793_3095.utt,3/sw3095,3095,160,sd,A,121,1,"# {E I mean } [ I, + # I ]  just can't.  /","I/PRP mean/VBP I/PRP ,/, I/PRP just/RB ca/MD n't/RB ./.",,,393.33,394.63
sw07utt/sw_0793_3095.utt,3/sw3095,3095,161,sd,A,121,2,"[ I, + {D you know, } I ] served on a jury for a lady that was having a mental problem  /","I/PRP ,/, you/PRP know/VBP ,/, I/PRP served/VBD on/IN a/DT jury/NN for/IN a/DT lady/NN that/WDT was/VBD having/VBG a/DT mental/JJ problem/NN",,,394.95,400.60999999999996
sw07utt/sw_0793_3095.utt,3/sw3095,3095,162,sd,A,121,3,{C and } we found her not   [ guilty + ] because the lady obviously was not in their right mind. /,and/CC we/PRP found/VBD her/PRP$ not/RB guilty/JJ because/IN the/DT lady/NN obviously/RB was/VBD not/RB in/IN their/PRP$ right/JJ mind/NN ./.,,,401.25,405.98999999999995
sw07utt/sw_0793_3095.utt,3/sw3095,3095,163,sd,A,121,4,"{C So } if the person  is not in the right mind, {E I mean } they had to, {F uh, } <lipsmack> put her away. /","So/RB if/IN the/DT person/NN is/VBZ not/RB in/IN the/DT right/JJ mind/NN ,/, I/PRP mean/VBP they/PRP had/VBD to/TO ,/, uh/UH ,/, put/VB her/PRP$ away/RB ./.",,,406.45,412.77
sw07utt/sw_0793_3095.utt,3/sw3095,3095,164,b,B,122,1,Yeah. /,Yeah/UH ./.,,,412.93,413.17
sw07utt/sw_0793_3095.utt,3/sw3095,3095,165,sd,A,123,1,"{C But } for her own safety  and [  for, + ]  because she didn't know what she was doing. /","But/CC for/IN her/PRP$ own/JJ safety/NN and/CC for/IN ,/, because/IN she/PRP did/VBD n't/RB know/VB what/WP she/PRP was/VBD doing/VBG ./.",,,413.67,417.42999999999995
sw07utt/sw_0793_3095.utt,3/sw3095,3095,166,x,B,124,1,<Noise>.,,,,0.0,0.0
sw07utt/sw_0793_3095.utt,3/sw3095,3095,167,sd,A,125,1,"{C And } [ we couldn't, + we just ] dismissed the case.","And/CC we/PRP could/MD n't/RB ,/, we/PRP just/RB dismissed/VBD the/DT case/NN ./.",,,419.29,421.41
sw07utt/sw_0793_3095.utt,3/sw3095,3095,168,b,B,126,1,# Yeah. # /,Yeah/UH ./.,,,421.59,421.78999999999996
sw07utt/sw_0793_3095.utt,3/sw3095,3095,169,+,A,127,1,"# {D You # know, }  /","You/PRP know/VBP ,/,",,,421.91,422.01000000000005
sw07utt/sw_0793_3095.utt,3/sw3095,3095,170,sd,A,127,2,"[ {C and, } + {C and, } ]  she was, {F uh, } taken care of <noise> by the proper facility. /","and/CC ,/, and/CC ,/, she/PRP was/VBD ,/, uh/UH ,/, taken/VBN care/NN of/IN by/IN the/DT proper/JJ facility/NN ./.",,,422.27,427.83
sw07utt/sw_0793_3095.utt,3/sw3095,3095,171,b,B,128,1,Yeah.  /,Yeah/UH ./.,,,427.93,428.07
sw07utt/sw_0793_3095.utt,3/sw3095,3095,172,sv,B,128,2,{D Well } another side of the coin  [ that + ] with our justice system there are a lot of frivolous cases that go to court.  /,Well/UH another/DT side/NN of/IN the/DT coin/NN that/WDT with/IN our/PRP$ justice/NN system/NN there/EX are/VBP a/DT lot/NN of/IN frivolous/JJ cases/NNS that/WDT go/VBP to/IN court/NN ./.,,,429.29,435.19
sw07utt/sw_0793_3095.utt,3/sw3095,3095,173,sv,B,128,3,There are a lot of things that could be settled out of court --,There/EX are/VBP a/DT lot/NN of/IN things/NNS that/WDT could/MD be/VB settled/VBN out/IN of/IN court/NN --/:,,,435.23,437.77
sw07utt/sw_0793_3095.utt,3/sw3095,3095,174,aa,A,129,1,"Yes,  /","Yes/UH ,/,",,,438.07,438.37
sw07utt/sw_0793_3095.utt,3/sw3095,3095,175,aa,A,129,2,that's true. /,that/DT 's/BES true/JJ ./.,,,438.37,438.93
sw07utt/sw_0793_3095.utt,3/sw3095,3095,176,+,B,130,1,"-- [ which, + ] {F uh, } or should never have gone to  court.  /","--/: which/WDT ,/, uh/UH ,/, or/CC should/MD never/RB have/VB gone/VBN to/TO court/NN ./.",,,438.81,441.60999999999996
sw07utt/sw_0793_3095.utt,3/sw3095,3095,177,sv,B,130,2,"{C And then } the amazing thing, of course, is how, {F uh, } some cases can come  to trial in thirty days,  /","And/CC then/RB the/DT amazing/JJ thing/NN ,/, of/IN course/NN ,/, is/VBZ how/WRB ,/, uh/UH ,/, some/DT cases/NNS can/MD come/VB to/IN trial/NN in/IN thirty/CD days/NNS ,/,",,,443.11,449.16999999999996
sw07utt/sw_0793_3095.utt,3/sw3095,3095,178,sv,B,130,3,{C and } others it takes eighteen months </noise> </static>. /,and/CC others/NNS it/PRP takes/VBZ eighteen/CD months/NNS ./.,,,449.17,450.51
