swda_filename,ptb_basename,conversation_no,transcript_index,act_tag,caller,utterance_index,subutterance_index,text,pos,trees,ptb_treenumbers,start_ts,end_ts
sw04utt/sw_0414_3067.utt,3/sw3067,3067,0,o,B,1,1,"Okay, {F uh. } /","Okay/UH ,/,  [ uh/UH ] ./.","(INTJ (UH Okay) (, ,))|||(INTJ (UH uh) (. .) (-DFL- E_S))",1|||2,2.6,3.24
sw04utt/sw_0414_3067.utt,3/sw3067,3067,1,qy,A,2,1,Do you have annual family reunions  /,Do/VBP  [ you/PRP ] have/VB  [ annual/JJ family/NN reunions/NNS ],(SQ (VBP Do) (NP-SBJ (PRP you)) (VP (VB have) (NP (JJ annual) (NN family) (NNS reunions))) (-DFL- E_S)),4,3.36,5.9799999999999995
sw04utt/sw_0414_3067.utt,3/sw3067,3067,2,%,A,2,2,"{C or, } -/","or/CC ,/,","(S-UNF (CC or) (, ,) (-DFL- N_S))",5,6.76,7.02
sw04utt/sw_0414_3067.utt,3/sw3067,3067,3,ny,B,3,1,"{F Uh, } yeah,  /","[ Uh/UH ] ,/, yeah/UH ,/,","(INTJ (INTJ (UH Uh)) (, ,) (INTJ (UH yeah)) (, ,) (-DFL- E_S))",7,6.9,7.4
sw04utt/sw_0414_3067.utt,3/sw3067,3067,4,%,B,3,2,"{F uh, }  our, - /","[ uh/UH ] ,/,  [ our/PRP$ ] ,/,","(S (INTJ (UH uh)) (, ,) (NP-SBJ-UNF (PRP$ our)) (, ,) (-DFL- N_S))",8,7.7,8.32
sw04utt/sw_0414_3067.utt,3/sw3067,3067,5,%,B,3,3,the - /,[ the/DT,(S (NP-SBJ-UNF (DT the)) (-DFL- N_S)),9,9.36,9.639999999999999
sw04utt/sw_0414_3067.utt,3/sw3067,3067,6,sd^e,B,3,4,"my mother's side of the family  [ is quite large, + {E or }  {D well, } was quite large  ] at one time,  <laughter>  /","my/PRP$ mother/NN 's/POS side/NN ] of/IN  [ the/DT family/NN ] is/VBZ quite/RB  [ large/JJ ] ,/, or/CC well/UH ,/, was/VBD quite/RB large/JJ at/IN  [ one/CD time/NN ] ,/,","(S (NP-SBJ (NP (NP (PRP$ my) (NN mother) (POS 's)) (NN side)) (PP (IN of) (NP (DT the) (NN family)))) (EDITED (RM (-DFL- \[)) (VP (VBZ is) (ADJP-PRD (RB quite) (JJ large))) (, ,) (IP (-DFL- \+)) (CC or)) (INTJ (UH well)) (, ,) (VP (VBD was) (ADJP-PRD (RB quite) (JJ large)) (RS (-DFL- \])) (PP-TMP (IN at) (NP (CD one) (NN time)))) (, ,) (-DFL- E_S))",10,10.74,16.44
sw04utt/sw_0414_3067.utt,3/sw3067,3067,7,sd,B,3,5,"{C and, }  {F uh, } <throat_clearing> they, {F uh, } for as long as I can remember, have had, {F uh, } a yearly reunion, {F um, }  /","and/CC ,/,  [ uh/UH ] ,/,  [ they/PRP ] ,/,  [ uh/UH ] ,/, for/IN as/RB long/JJ as/IN  [ I/PRP ] can/MD remember/VB ,/, have/VBP had/VBN ,/,  [ uh/UH ] ,/,  [ a/DT yearly/JJ reunion/NN ] ,/, um/UH ,/,","(S (CC and) (, ,) (INTJ (UH uh)) (, ,) (NP-SBJ (PRP they)) (, ,) (INTJ (UH uh)) (, ,) (PP-TMP (IN for) (ADVP (ADVP (RB as) (JJ long)) (SBAR (IN as) (S (NP-SBJ (PRP I)) (VP (MD can) (VP (VB remember))))))) (, ,) (VP (VBP have) (VP (VBN had) (, ,) (INTJ (UH uh)) (, ,) (NP (DT a) (JJ yearly) (NN reunion)))) (, ,))|||(S (INTJ (UH um)) (, ,) (-DFL- E_S) (ADVP-TMP (RB back) (, ,) (INTJ (UH uh)) (, ,) (RB early) (IN on)) (NP-SBJ-1 (PRP they)) (VP (VBD used) (S (NP-SBJ (-NONE- *-1)) (EDITED (RM (-DFL- \[)) (VP-UNF (TO to)) (, ,) (IP (-DFL- \+))) (VP (TO to) (RS (-DFL- \])) (VP (VB rotate) (NP (PRP them)) (EDITED (RM (-DFL- \[)) (EDITED (RM (-DFL- \[)) (PP (IN from) (NP-UNF (NN hou-))) (, ,) (IP (-DFL- \+))) (PP (IN from) (NP-UNF (NN som-))) (, ,) (RS (-DFL- \])) (IP (-DFL- \+)) (RS (-DFL- \]))) (EDITED (RM (-DFL- \[)) (PP-UNF (IN to)) (, ,) (IP (-DFL- \+))) (PP (IN to) (RS (-DFL- \])) (NP (NP (NP (JJ different) (NNS people) (POS 's)) (NNS houses)) (, ,) (PP (IN in) (NP (DT the) (NN family))))))))) (. .) (-DFL- E_S))",11|||12,17.18,25.78
sw04utt/sw_0414_3067.utt,3/sw3067,3067,8,sd,B,3,6,"back,  {F uh, } early on they used [ to, +  to ] rotate them  [ [ from hou-, +  from som-, ] + ] [ to, +  to ] different people's houses,","back/RB ,/,  [ uh/UH ] ,/, early/RB on/IN  [ they/PRP ] used/VBD to/TO ,/, to/TO rotate/VB  [ them/PRP ] from/IN  [ hou-/NN ] ,/, from/IN  [ som-/NN ] ,/, to/IN ,/, to/IN  [ different/JJ people/NNS 's/POS houses/NNS ] ,/,","(S (INTJ (UH um)) (, ,) (-DFL- E_S) (ADVP-TMP (RB back) (, ,) (INTJ (UH uh)) (, ,) (RB early) (IN on)) (NP-SBJ-1 (PRP they)) (VP (VBD used) (S (NP-SBJ (-NONE- *-1)) (EDITED (RM (-DFL- \[)) (VP-UNF (TO to)) (, ,) (IP (-DFL- \+))) (VP (TO to) (RS (-DFL- \])) (VP (VB rotate) (NP (PRP them)) (EDITED (RM (-DFL- \[)) (EDITED (RM (-DFL- \[)) (PP (IN from) (NP-UNF (NN hou-))) (, ,) (IP (-DFL- \+))) (PP (IN from) (NP-UNF (NN som-))) (, ,) (RS (-DFL- \])) (IP (-DFL- \+)) (RS (-DFL- \]))) (EDITED (RM (-DFL- \[)) (PP-UNF (IN to)) (, ,) (IP (-DFL- \+))) (PP (IN to) (RS (-DFL- \])) (NP (NP (NP (JJ different) (NNS people) (POS 's)) (NNS houses)) (, ,) (PP (IN in) (NP (DT the) (NN family))))))))) (. .) (-DFL- E_S))",12,27.06,38.0
sw04utt/sw_0414_3067.utt,3/sw3067,3067,9,b,A,4,1,Uh-huh. /,[ Uh-huh/UH ] ./.,(INTJ (UH Uh-huh) (. .) (-DFL- E_S)),14,38.14,38.3
sw04utt/sw_0414_3067.utt,3/sw3067,3067,10,+,B,5,1,in the family.  <sigh>  /,in/IN  [ the/DT family/NN ] ./.,"(S (INTJ (UH um)) (, ,) (-DFL- E_S) (ADVP-TMP (RB back) (, ,) (INTJ (UH uh)) (, ,) (RB early) (IN on)) (NP-SBJ-1 (PRP they)) (VP (VBD used) (S (NP-SBJ (-NONE- *-1)) (EDITED (RM (-DFL- \[)) (VP-UNF (TO to)) (, ,) (IP (-DFL- \+))) (VP (TO to) (RS (-DFL- \])) (VP (VB rotate) (NP (PRP them)) (EDITED (RM (-DFL- \[)) (EDITED (RM (-DFL- \[)) (PP (IN from) (NP-UNF (NN hou-))) (, ,) (IP (-DFL- \+))) (PP (IN from) (NP-UNF (NN som-))) (, ,) (RS (-DFL- \])) (IP (-DFL- \+)) (RS (-DFL- \]))) (EDITED (RM (-DFL- \[)) (PP-UNF (IN to)) (, ,) (IP (-DFL- \+))) (PP (IN to) (RS (-DFL- \])) (NP (NP (NP (JJ different) (NNS people) (POS 's)) (NNS houses)) (, ,) (PP (IN in) (NP (DT the) (NN family))))))))) (. .) (-DFL- E_S))",12,38.18,38.62
sw04utt/sw_0414_3067.utt,3/sw3067,3067,11,%,B,5,2,"{C And, } -/","And/CC ,/,","(S-UNF (CC And) (, ,) (-DFL- N_S))",16,39.42,39.74
sw04utt/sw_0414_3067.utt,3/sw3067,3067,12,qy^d,A,6,1,All local.  /,All/DT local/JJ ./.,(NP (NP (DT All)) (ADJP (JJ local)) (. .) (-DFL- E_S)),18,39.88,40.12
sw04utt/sw_0414_3067.utt,3/sw3067,3067,13,qy,A,6,2,Were they {D like } all in Dallas? /,[ Were/VBD ] [ they/PRP ] like/UH  [ all/DT ] in/IN  [ Dallas/NNP ] ?/.,(SQ (VBD Were) (NP-SBJ (NP (PRP they)) (INTJ (UH like)) (NP (DT all))) (PP-LOC-PRD (IN in) (NP (NNP Dallas))) (. ?) (-DFL- E_S)),19,40.34,41.54
sw04utt/sw_0414_3067.utt,3/sw3067,3067,14,nn,B,7,1,"{F Uh, } [ [ [ no, + no ] + not, ] + no, ]  /","[ Uh/UH ] ,/, no/UH ,/, no/UH not/RB ,/,  [ no/UH ] ,/,","(INTJ (INTJ (UH Uh)) (, ,) (EDITED (RM (-DFL- \[)) (EDITED (RM (-DFL- \[)) (EDITED (RM (-DFL- \[)) (INTJ (UH no)) (, ,) (IP (-DFL- \+))) (INTJ (UH no))) (RS (-DFL- \])) (IP (-DFL- \+)) (X (RB not))) (, ,) (RS (-DFL- \])) (IP (-DFL- \+)) (UH no) (, ,) (RS (-DFL- \])) (-DFL- E_S))",21,41.66,42.379999999999995
sw04utt/sw_0414_3067.utt,3/sw3067,3067,15,sd^e,B,7,2,"this was,  {D well, } I am actually from Mississippi,  /","[ this/DT ] was/VBD ,/, well/UH ,/,  [ I/PRP ] am/VBP actually/RB from/IN  [ Mississippi/NNP ] ,/,","(S (NP-SBJ (DT this)) (VP-UNF (VBD was) (, ,) (INTJ (UH well))) (, ,))|||(S (NP-SBJ (PRP I)) (VP (VBP am) (ADVP (RB actually)) (PP-PRD (IN from) (NP (NNP Mississippi)))) (, ,) (-DFL- E_S))",22|||23,42.46,44.76
sw04utt/sw_0414_3067.utt,3/sw3067,3067,16,%,B,7,3,"{C and,","and/CC ,/,","(S (CC and) (, ,) (INTJ (UH uh)) (, ,) (NP-SBJ (PRP they)) (, ,) (INTJ (UH uh)) (, ,) (PP-TMP (IN for) (ADVP (ADVP (RB as) (JJ long)) (SBAR (IN as) (S (NP-SBJ (PRP I)) (VP (MD can) (VP (VB remember))))))) (, ,) (VP (VBP have) (VP (VBN had) (, ,) (INTJ (UH uh)) (, ,) (NP (DT a) (JJ yearly) (NN reunion)))) (, ,))",11,44.76,44.839999999999996
sw04utt/sw_0414_3067.utt,3/sw3067,3067,17,bk,A,8,1,Oh. /,Oh/UH ./.,(INTJ (UH Oh) (. .) (-DFL- E_S)),26,44.98,45.099999999999994
sw04utt/sw_0414_3067.utt,3/sw3067,3067,18,+,B,9,1,"{C so }  that's, - /","so/RB  [ that/DT ] 's/BES ,/,","(S (EDITED (CC and) (, ,)) (RB so) (NP-SBJ (DT that)) (VP-UNF (BES 's)) (, ,) (-DFL- N_S))",24,45.08,45.580000000000005
sw04utt/sw_0414_3067.utt,3/sw3067,3067,19,sd,B,9,2,"[ it,  + it ] was around there generally. /","[ it/PRP ] ,/,  [ it/PRP ] was/VBD around/IN there/RB generally/RB ./.","(S (EDITED (RM (-DFL- \[)) (NP-SBJ (PRP it)) (, ,) (IP (-DFL- \+))) (NP-SBJ (PRP it)) (RS (-DFL- \])) (VP (VBD was) (PP-LOC-PRD (IN around) (ADVP (RB there))) (ADVP (RB generally))) (. .) (-DFL- E_S))",28,45.58,48.83
sw04utt/sw_0414_3067.utt,3/sw3067,3067,20,b,A,10,1,"Uh-huh,  /","[ Uh-huh/UH ] ,/,","(INTJ (UH Uh-huh) (, ,) (-DFL- E_S))",30,48.98,49.199999999999996
sw04utt/sw_0414_3067.utt,3/sw3067,3067,21,b^r,A,10,2,uh-huh. /,[ uh-huh/UH ] ./.,(INTJ (UH uh-huh) (. .) (-DFL- E_S)),31,49.38,49.480000000000004
sw04utt/sw_0414_3067.utt,3/sw3067,3067,22,sd,B,11,1,"{F Uh, } that's where the family --","[ Uh/UH ] ,/,  [ that/DT ] 's/BES where/WRB  [ the/DT family/NN ] --/:","(S (INTJ (UH Uh)) (, ,) (NP-SBJ (DT that)) (VP (BES 's) (SBAR-LOC-PRD (WHADVP-1 (WRB where)) (S (NP-SBJ (DT the) (NN family)) (VP (VBD grew) (ADVP-LOC (-NONE- *T*-1)))))) (. .) (-DFL- E_S))",33,49.35,50.31
sw04utt/sw_0414_3067.utt,3/sw3067,3067,23,qy^d,A,12,1,Just from city to city then  ((   )) . /,Just/RB from/IN  [ city/NN ] to/IN  [ city/NN then/JJ MUMBLEx/XX ] ./.,(FRAG (ADVP (RB Just)) (PP (IN from) (NP (NN city))) (PP (IN to) (NP (NN city))) (ADVP (JJ then)) (X (XX MUMBLEx)) (. .) (-DFL- E_S)),35,50.44,51.84
sw04utt/sw_0414_3067.utt,3/sw3067,3067,24,+,B,13,1,-- grew.  /,--/: grew/VBD ./.,"(S (INTJ (UH Uh)) (, ,) (NP-SBJ (DT that)) (VP (BES 's) (SBAR-LOC-PRD (WHADVP-1 (WRB where)) (S (NP-SBJ (DT the) (NN family)) (VP (VBD grew) (ADVP-LOC (-NONE- *T*-1)))))) (. .) (-DFL- E_S))",33,51.71,51.99
sw04utt/sw_0414_3067.utt,3/sw3067,3067,25,ny,B,13,2,"Yeah,  /","Yeah/UH ,/,","(INTJ (UH Yeah) (, ,) (-DFL- E_S))",37,52.47,52.769999999999996
sw04utt/sw_0414_3067.utt,3/sw3067,3067,26,sd^e,B,13,3,"{C and } it was not only in Mississippi, in some other places,","and/CC  [ it/PRP ] was/VBD not/RB only/RB in/IN  [ Mississippi/NNP ] ,/, in/IN  [ some/DT other/JJ places/NNS ] ,/,","(S (CC and) (NP-SBJ (PRP it)) (VP (VBD was) (PP-LOC-PRD (CONJP (RB not) (RB only)) (PP (IN in) (NP (NNP Mississippi))) (, ,) (PP (IN in) (NP (DT some) (JJ other) (NNS places)) (, ,) (ADVP (IN as) (RB well))))) (, ,) (-DFL- E_S))",38,52.79,55.11
sw04utt/sw_0414_3067.utt,3/sw3067,3067,27,b,A,14,1,"Uh-huh,  /","[ Uh-huh/UH ] ,/,","(INTJ (UH Uh-huh) (, ,) (-DFL- E_S))",30,55.28,55.480000000000004
sw04utt/sw_0414_3067.utt,3/sw3067,3067,28,b^r,A,14,2,uh-huh. /,[ uh-huh/UH ] ./.,(INTJ (UH uh-huh) (. .) (-DFL- E_S)),31,55.48,55.62
sw04utt/sw_0414_3067.utt,3/sw3067,3067,29,+,B,15,1,"as well,  /","as/IN well/RB ,/,","(S (CC and) (NP-SBJ (PRP it)) (VP (VBD was) (PP-LOC-PRD (CONJP (RB not) (RB only)) (PP (IN in) (NP (NNP Mississippi))) (, ,) (PP (IN in) (NP (DT some) (JJ other) (NNS places)) (, ,) (ADVP (IN as) (RB well))))) (, ,) (-DFL- E_S))",38,55.85,56.330000000000005
sw04utt/sw_0414_3067.utt,3/sw3067,3067,30,sd,B,15,2,"{C so. } [ It was, + {F uh, } it was ]  a big deal,  /","so/RB ./.  [ It/PRP ] was/VBD ,/,  [ uh/UH ] ,/,  [ it/PRP ] was/VBD  [ a/DT big/JJ deal/NN ] ,/,","(S (RB so) (. .) (EDITED (RM (-DFL- \[)) (S (NP-SBJ (PRP It)) (VP-UNF (VBD was))) (, ,) (IP (-DFL- \+))) (INTJ (UH uh)) (, ,) (NP-SBJ (PRP it)) (VP (VBD was) (RS (-DFL- \])) (NP-PRD (DT a) (JJ big) (NN deal))) (, ,) (-DFL- E_S))",43,56.53,59.69
sw04utt/sw_0414_3067.utt,3/sw3067,3067,31,sd,B,15,3,"{C but, }  {F uh, } they tried [ to, +  to ] centralize it in one spot.  /","but/CC ,/,  [ uh/UH ] ,/,  [ they/PRP ] tried/VBD to/TO ,/, to/TO centralize/VB  [ it/PRP ] in/IN  [ one/CD spot/NN ] ./.","(S (CC but) (, ,) (INTJ (UH uh)) (, ,) (NP-SBJ-1 (PRP they)) (VP (VBD tried) (S (NP-SBJ (-NONE- *-1)) (EDITED (RM (-DFL- \[)) (VP-UNF (TO to)) (, ,) (IP (-DFL- \+))) (VP (TO to) (RS (-DFL- \])) (VP (VB centralize) (NP (PRP it)) (PP-LOC (IN in) (NP (CD one) (NN spot))))))) (. .) (-DFL- E_S))",44,59.95,64.39
sw04utt/sw_0414_3067.utt,3/sw3067,3067,32,sd,B,15,4,"{C So, } in the past couple of years they had it at a state park every year. /","So/RB ,/, in/IN  [ the/DT past/JJ couple/NN ] of/IN  [ years/NNS they/PRP ] had/VBD  [ it/PRP ] at/IN  [ a/DT state/NN park/NN ] [ every/DT year/NN ] ./.","(S (RB So) (, ,) (PP-TMP (IN in) (NP (NP (DT the) (JJ past) (NN couple)) (PP (IN of) (NP (NNS years))))) (NP-SBJ (PRP they)) (VP (VBD had) (NP (PRP it)) (PP-LOC (IN at) (NP (DT a) (NN state) (NN park))) (NP-TMP (DT every) (NN year))) (. .) (-DFL- E_S))",45,64.39,68.59
sw04utt/sw_0414_3067.utt,3/sw3067,3067,33,b,A,16,1,"Uh-huh,  /","[ Uh-huh/UH ] ,/,","(INTJ (UH Uh-huh) (, ,) (-DFL- E_S))",30,68.72,68.94
sw04utt/sw_0414_3067.utt,3/sw3067,3067,34,b^r,A,16,2,uh-huh. /,[ uh-huh/UH ] ./.,(INTJ (UH uh-huh) (. .) (-DFL- E_S)),31,68.94,69.08
sw04utt/sw_0414_3067.utt,3/sw3067,3067,35,sd,B,17,1,"We rent a pavilion  [ and, +  <inhaling> and ] do that  /","[ We/PRP ] rent/VBP  [ a/DT pavilion/NN ] and/CC ,/, and/CC do/VBP  [ that/DT ]","(S (NP-SBJ (PRP We)) (VP (VP (VBP rent) (NP (DT a) (NN pavilion))) (EDITED (RM (-DFL- \[)) (CC and) (, ,) (IP (-DFL- \+))) (CC and) (RS (-DFL- \])) (VP (VBP do) (NP (DT that)))) (-DFL- E_S))",50,69.75,72.11
sw04utt/sw_0414_3067.utt,3/sw3067,3067,36,sd,B,17,2,{C and } that's usually works out to be pretty  good.  /,and/CC  [ that/DT ] 's/BES usually/RB works/VBZ out/RP to/TO  be/VB pretty/RB good/JJ ./.,(S (CC and) (NP-SBJ-1 (DT that)) (X (BES 's)) (ADVP-TMP (RB usually)) (VP (VBZ works) (PRT (RP out)) (S (NP-SBJ (-NONE- *-1)) (VP (TO to) (VP (VB be) (ADJP-PRD (RB pretty) (JJ good)))))) (. .) (-DFL- E_S)),51,72.13,74.46
sw04utt/sw_0414_3067.utt,3/sw3067,3067,37,sd,B,17,3,"{C And, }  {F uh, } they will rent a pavilion on a weekend,  /","And/CC ,/,  [ uh/UH ] ,/,  [ they/PRP ] will/MD rent/VB  [ a/DT pavilion/NN ] on/IN  [ a/DT weekend/NN ] ,/,","(S (CC And) (, ,) (INTJ (UH uh)) (, ,) (NP-SBJ (PRP they)) (VP (MD will) (VP (VB rent) (NP (DT a) (NN pavilion)) (PP-TMP (IN on) (NP (DT a) (NN weekend))))) (, ,) (-DFL- E_S))",52,74.46,77.46000000000001
sw04utt/sw_0414_3067.utt,3/sw3067,3067,38,%,B,17,4,"{C and }  {F uh } <throat_clearing>, -/","and/CC  [ uh/UH ] ,/,","(S-UNF (CC and) (INTJ (UH uh)) (, ,) (-DFL- N_S))",53,77.46,77.96000000000001
sw04utt/sw_0414_3067.utt,3/sw3067,3067,39,qy,A,18,1,Do you go back? /,Do/VBP  [ you/PRP ] go/VB back/RB ?/.,(SQ (VBP Do) (NP-SBJ (PRP you)) (VP (VB go) (ADVP-DIR (RB back))) (. ?) (-DFL- E_S)),55,78.09,79.39
sw04utt/sw_0414_3067.utt,3/sw3067,3067,40,ng,B,19,1,I have not gone back lately.  /,[ I/PRP ] have/VBP not/RB gone/VBN back/RB lately/RB ./.,(S (NP-SBJ (PRP I)) (VP (VBP have) (RB not) (VP (VBN gone) (ADVP-DIR (RB back)) (ADVP-TMP (RB lately)))) (. .) (-DFL- E_S)),57,80.48,81.64
sw04utt/sw_0414_3067.utt,3/sw3067,3067,41,sd,B,19,2,"In fact, {F uh, } this past Sunday [ was the, +  was the ]  reunion,  /","In/IN  [ fact/NN ] ,/,  [ uh/UH ] ,/,  [ this/DT ] past/JJ  [ Sunday/NNP ] was/VBD  [ the/DT ] ,/, was/VBD  [ the/DT reunion/NN ] ,/,","(S (PP (IN In) (NP (NN fact))) (, ,) (INTJ (UH uh)) (, ,) (NP-SBJ (DT this) (JJ past) (NNP Sunday)) (EDITED (RM (-DFL- \[)) (VP (VBD was) (NP-PRD-UNF (DT the))) (, ,) (IP (-DFL- \+))) (VP (VBD was) (NP-PRD (DT the) (RS (-DFL- \])) (NN reunion))) (, ,) (-DFL- E_S))",58,81.76,86.78
sw04utt/sw_0414_3067.utt,3/sw3067,3067,42,sd,B,19,3,{C but } I did not get to go.  /,but/CC  [ I/PRP ] did/VBD not/RB get/VB to/TO go/VB ./.,(S (CC but) (NP-SBJ-1 (PRP I)) (VP (VBD did) (RB not) (VP (VB get) (S (NP-SBJ (-NONE- *-1)) (VP (TO to) (VP (VB go)))))) (. .) (-DFL- E_S)),59,86.78,88.14
sw04utt/sw_0414_3067.utt,3/sw3067,3067,43,%,B,19,4,"{F Uh, }  I have, -/","[ Uh/UH ] ,/,  [ I/PRP ] have/VBP ,/,","(S (INTJ (UH Uh)) (, ,) (NP-SBJ (PRP I)) (VP-UNF (VBP have)) (, ,) (-DFL- N_S))",60,88.34,88.58000000000001
sw04utt/sw_0414_3067.utt,3/sw3067,3067,44,qr,A,20,1,Is it choice or just business  /,Is/VBZ it/PRP choice/NN or/CC  [ just/JJ business/NN ],(SQ (VBZ Is) (NP-SBJ (PRP it)) (NP-PRD (NP (NN choice)) (CC or) (ADVP (JJ just)) (NP (NN business))) (-DFL- E_S)),62,89.35,90.95
sw04utt/sw_0414_3067.utt,3/sw3067,3067,45,%,A,20,2,"{C or, } -/","or/CC ,/,","(S-UNF (CC or) (, ,) (-DFL- N_S))",63,90.95,91.13000000000001
sw04utt/sw_0414_3067.utt,3/sw3067,3067,46,qy^d^h,B,21,1,Not getting to go. /,Not/RB getting/VBG to/TO go/VB ./.,(VP (RB Not) (VBG getting) (S (NP-SBJ (-NONE- *)) (VP (TO to) (VP (VB go)))) (. .) (-DFL- E_S)),65,91.84,92.66
sw04utt/sw_0414_3067.utt,3/sw3067,3067,47,ny,A,22,1,Uh-huh. /,[ Uh-huh/UH ] ./.,(INTJ (UH Uh-huh) (. .) (-DFL- E_S)),67,92.89,93.17
sw04utt/sw_0414_3067.utt,3/sw3067,3067,48,sd,B,23,1,"{F Uh, } just, {F uh, } the distance involved  /","[ Uh/UH ] ,/, just/RB ,/,  [ uh/UH ] ,/,  [ the/DT distance/NN ] involved/JJ","(FRAG (INTJ (UH Uh)) (, ,) (ADVP (RB just)) (, ,) (INTJ (UH uh)) (, ,) (NP (NP (DT the) (NN distance)) (ADJP (JJ involved))) (-DFL- E_S))",69,93.04,95.86
sw04utt/sw_0414_3067.utt,3/sw3067,3067,49,%,B,23,2,"{C and, } -/","and/CC ,/,","(S-UNF (CC and) (, ,) (-DFL- N_S))",70,95.88,96.14
sw04utt/sw_0414_3067.utt,3/sw3067,3067,50,b,A,24,1,"Uh-huh,  /","[ Uh-huh/UH ] ,/,","(INTJ (UH Uh-huh) (, ,) (-DFL- E_S))",40,96.91,97.14999999999999
sw04utt/sw_0414_3067.utt,3/sw3067,3067,51,b^r,A,24,2,uh-huh. /,[ uh-huh/UH ] ./.,(INTJ (UH uh-huh) (. .) (-DFL- E_S)),41,97.15,97.39
sw04utt/sw_0414_3067.utt,3/sw3067,3067,52,%,B,25,1,"{F uh, } just not, - /","[ uh/UH ] ,/, just/RB not/RB ,/,","(X (INTJ (UH uh)) (, ,) (ADVP (RB just)) (RB not) (, ,) (-DFL- N_S))",75,97.26,98.72
sw04utt/sw_0414_3067.utt,3/sw3067,3067,53,sd,B,25,2,I have a younger daughter now  /,[ I/PRP ] have/VBP  [ a/DT younger/JJR daughter/NN ] now/RB,(S (NP-SBJ (PRP I)) (VP (VBP have) (NP (DT a) (JJR younger) (NN daughter)) (ADVP-TMP (RB now))) (-DFL- E_S)),76,99.3,101.04
sw04utt/sw_0414_3067.utt,3/sw3067,3067,54,%,B,25,3,"{C and, }  {F uh, }  I, - /","and/CC ,/,  [ uh/UH ] ,/,  [ I/PRP ] ,/,","(S-UNF (CC and) (, ,) (INTJ (UH uh)) (, ,) (NP-SBJ (PRP I)) (, ,) (-DFL- N_S))",77,101.04,101.36
sw04utt/sw_0414_3067.utt,3/sw3067,3067,55,sd,B,25,4,"it's kind of hard to [ get her, +  <throat_clearing> get her ] there,","[ it/PRP ] 's/BES  [ kind/RB ] of/RB hard/JJ to/TO get/VB  [ her/PRP ] ,/, get/VB  [ her/PRP ] there/RB ,/,","(S (NP-SBJ (NP (PRP it)) (S (-NONE- *EXP*-1))) (VP (BES 's) (ADVP (RB kind) (RB of)) (ADJP-PRD (JJ hard)) (S-1 (NP-SBJ (-NONE- *)) (VP (TO to) (EDITED (RM (-DFL- \[)) (VP (VB get) (NP (PRP her))) (, ,) (IP (-DFL- \+))) (VP (VP (VB get) (NP (PRP her)) (RS (-DFL- \])) (ADVP-LOC (RB there))) (, ,) (CC and) (NP-ETC (NN everything)))))) (. .) (-DFL- E_S))",78,101.36,104.64
sw04utt/sw_0414_3067.utt,3/sw3067,3067,56,b,A,26,1,Uh-huh. /,[ Uh-huh/UH ] ./.,(INTJ (UH Uh-huh) (. .) (-DFL- E_S)),67,104.77,104.97
sw04utt/sw_0414_3067.utt,3/sw3067,3067,57,+,B,27,1,and everything.   /,and/CC  [ everything/NN ] ./.,"(S (NP-SBJ (NP (PRP it)) (S (-NONE- *EXP*-1))) (VP (BES 's) (ADVP (RB kind) (RB of)) (ADJP-PRD (JJ hard)) (S-1 (NP-SBJ (-NONE- *)) (VP (TO to) (EDITED (RM (-DFL- \[)) (VP (VB get) (NP (PRP her))) (, ,) (IP (-DFL- \+))) (VP (VP (VB get) (NP (PRP her)) (RS (-DFL- \])) (ADVP-LOC (RB there))) (, ,) (CC and) (NP-ETC (NN everything)))))) (. .) (-DFL- E_S))",78,104.84,105.5
sw04utt/sw_0414_3067.utt,3/sw3067,3067,58,sd,B,27,2,"{C But } I am going [ to, + to,  ] {F uh, } hopefully next year get to go back, cause, {F uh, } a lot of the family   [ has not, +  {F uh, }  on  [ her side, +   my mother's side,  ]  has not  ]  seen,   {D you know, } my daughter,  /","But/CC  [ I/PRP ] am/VBP going/VBG to/TO ,/, to/TO ,/,  [ uh/UH ] ,/, hopefully/RB  [ next/JJ year/NN ] get/VB to/TO go/VB back/RB ,/,  [ cause/IN ] ,/,  [ uh/UH ] ,/,  [ a/DT lot/NN ] of/IN  [ the/DT family/NN ] has/VBZ not/RB ,/,  [ uh/UH ] ,/, on/IN  [ her/PRP$ side/NN ] ,/,  [ my/PRP$ mother/NN 's/POS side/NN ] ,/, has/VBZ not/RB seen/VBN ,/,  [ you/PRP ] know/VBP ,/,  [ my/PRP$ daughter/NN ] ,/,","(S (CC But) (NP-SBJ-1 (PRP I)) (VP (VBP am) (VP (VBG going) (S (NP-SBJ-2 (-NONE- *-1)) (EDITED (RM (-DFL- \[)) (VP-UNF (TO to)) (, ,) (IP (-DFL- \+))) (VP (TO to) (, ,) (RS (-DFL- \])) (INTJ (UH uh)) (, ,) (ADVP (RB hopefully)) (NP-TMP (JJ next) (NN year)) (VP (VB get) (S (NP-SBJ (-NONE- *-2)) (VP (TO to) (VP (VB go) (ADVP-DIR (RB back)))))))) (, ,) (SBAR-PRP (IN cause) (, ,) (INTJ (UH uh)) (, ,) (S (NP-SBJ (NP (DT a) (NN lot)) (PP (IN of) (NP (DT the) (NN family))) (EDITED (RM (-DFL- \[)) (VP-UNF (VBZ has) (RB not) (, ,) (IP (-DFL- \+)))) (INTJ (UH uh)) (, ,) (PP (IN on) (EDITED (RM (-DFL- \[)) (NP (PRP$ her) (NN side)) (, ,) (IP (-DFL- \+))) (NP (NP (PRP$ my) (NN mother) (POS 's)) (NN side)))) (, ,) (RS (-DFL- \])) (VP (VBZ has) (RB not) (RS (-DFL- \])) (VP (VBN seen) (PRN (, ,) (S (NP-SBJ (PRP you)) (VP (VBP know))) (, ,)) (NP (PRP$ my) (NN daughter)))))))) (, ,) (-DFL- E_S))",82,105.5,116.74
sw04utt/sw_0414_3067.utt,3/sw3067,3067,59,%,B,27,3,{C so } <inhaling>. -/,so/UH ./.,(S-UNF (RB so) (. .) (-DFL- N_S)),83,116.74,117.0
sw04utt/sw_0414_3067.utt,3/sw3067,3067,60,b,A,28,1,Oh.   /,Oh/UH ./.,(INTJ (UH Oh) (. .) (-DFL- E_S)),85,117.27,117.35
sw04utt/sw_0414_3067.utt,3/sw3067,3067,61,qy,A,28,2,Do you have brothers and sisters? /,Do/VBP  [ you/PRP ] have/VB  [ brothers/NNS ] and/CC  [ sisters/NNS ] ?/.,(SQ (VBP Do) (NP-SBJ (PRP you)) (VP (VB have) (NP (NNS brothers) (CC and) (NNS sisters))) (. ?) (-DFL- E_S)),86,117.35,119.25
sw04utt/sw_0414_3067.utt,3/sw3067,3067,62,sd,B,29,1,"I have one brother,  /","[ I/PRP ] have/VBP  [ one/CD brother/NN ] ,/,","(S (NP-SBJ (PRP I)) (VP (VBP have) (NP (CD one) (NN brother))) (, ,) (-DFL- E_S))",88,119.4,120.19999999999999
sw04utt/sw_0414_3067.utt,3/sw3067,3067,63,%,B,29,2,{C so. } -/,so/RB ./.,(S-UNF (RB so) (. .) (-DFL- N_S)),83,121.08,121.24
sw04utt/sw_0414_3067.utt,3/sw3067,3067,64,b,A,30,1,"Uh-huh,  /","[ Uh-huh/UH ] ,/,","(INTJ (UH Uh-huh) (, ,) (-DFL- E_S))",72,121.37,121.49000000000001
sw04utt/sw_0414_3067.utt,3/sw3067,3067,65,b^r,A,30,2,uh-huh.  /,[ uh-huh/UH ] ./.,(INTJ (UH uh-huh) (. .) (-DFL- E_S)),73,121.49,121.58999999999999
sw04utt/sw_0414_3067.utt,3/sw3067,3067,66,qy,A,30,3,"{C And, }  is your mother still living? /","And/CC ,/, is/VBZ  [ your/PRP$ mother/NN ] still/RB living/VBG ?/.","(SQ (CC And) (, ,) (VBZ is) (NP-SBJ (PRP$ your) (NN mother)) (ADVP-TMP (RB still)) (VP (VBG living)) (. ?) (-DFL- E_S))",93,121.59,122.75
sw04utt/sw_0414_3067.utt,3/sw3067,3067,67,ny,B,31,1,Yes. /,Yes/UH ./.,(INTJ (UH Yes) (. .) (-DFL- E_S)),95,123.12,123.36
sw04utt/sw_0414_3067.utt,3/sw3067,3067,68,qy^d,A,32,1,"{F Oh, } [ {C so, } + {C so } ] you go back and visit with her anyway.  /","Oh/UH ,/, so/RB ,/, so/RB  [ you/PRP ] go/VBP back/RB and/CC visit/VB with/IN  [ her/PRP ] anyway/RB ./.","(S (INTJ (UH Oh)) (, ,) (EDITED (RM (-DFL- \[)) (RB so) (, ,) (IP (-DFL- \+))) (RB so) (RS (-DFL- \])) (NP-SBJ (PRP you)) (VP (VP (VBP go) (ADVP-DIR (RB back))) (CC and) (VP (VB visit) (PP (IN with) (NP (PRP her)))) (ADVP (RB anyway))) (. .) (-DFL- E_S))",97,123.63,125.83000000000001
sw04utt/sw_0414_3067.utt,3/sw3067,3067,69,^g,A,32,2,Would you not? /,Would/MD  [ you/PRP ] not/RB ?/.,(SQ (MD Would) (NP-SBJ (PRP you)) (RB not) (VP (-NONE- *?*)) (. ?) (-DFL- E_S)),98,125.95,126.35
sw04utt/sw_0414_3067.utt,3/sw3067,3067,70,na,B,33,1,"Right,  /","Right/UH ,/,","(INTJ (UH Right) (, ,) (-DFL- E_S))",100,126.54,126.66000000000001
sw04utt/sw_0414_3067.utt,3/sw3067,3067,71,na,B,33,2,yeah. /,yeah/UH ./.,(INTJ (UH yeah) (. .) (-DFL- E_S)),101,126.66,126.74
sw04utt/sw_0414_3067.utt,3/sw3067,3067,72,qr^d,A,34,1,"{E I mean, } either way there was family reunion time,","[ I/PRP ] mean/VBP ,/, either/RB  [ way/NN ] [ there/EX ] was/VBD  [ family/NN reunion/NN time/NN ] ,/,","(S (PRN (S (NP-SBJ (PRP I)) (VP (VBP mean))) (, ,)) (NP-MNR (RB either) (NN way)) (NP-SBJ (EX there)) (VP (VP (VBD was) (NP-PRD (NN family) (NN reunion) (NN time))) (, ,) (CC or) (VP (FRAG (RB not)))) (, ,) (-DFL- E_S))",103,126.87,128.87
sw04utt/sw_0414_3067.utt,3/sw3067,3067,73,na,B,35,1,"Right, [ I, +  I ] usually see her a,","[ Right/UH ] ,/,  [ I/PRP ] ,/,  [ I/PRP ] usually/RB see/VBP  [ her/PRP ] [ a/DT ] ,/,","(INTJ (UH Right) (, ,))|||(S (EDITED (RM (-DFL- \[)) (NP-SBJ (PRP I)) (, ,) (IP (-DFL- \+))) (NP-SBJ (PRP I)) (RS (-DFL- \])) (ADVP-TMP (RB usually)) (VP (VBP see) (NP (PRP her)) (NP-TMP (NP (DT a) (, ,) (NN couple) (NNS times)) (NP-ADV (DT a) (NN year)))) (-DFL- E_S))",105|||106,128.74,129.92
sw04utt/sw_0414_3067.utt,3/sw3067,3067,74,+,A,36,1,"or not, /","or/CC not/RB ,/,","(S (PRN (S (NP-SBJ (PRP I)) (VP (VBP mean))) (, ,)) (NP-MNR (RB either) (NN way)) (NP-SBJ (EX there)) (VP (VP (VBD was) (NP-PRD (NN family) (NN reunion) (NN time))) (, ,) (CC or) (VP (FRAG (RB not)))) (, ,) (-DFL- E_S))",103,130.05,130.25
sw04utt/sw_0414_3067.utt,3/sw3067,3067,75,+,B,37,1,couple times a year  /,[ couple/NN times/NNS ] [ a/DT year/NN ],"(S (EDITED (RM (-DFL- \[)) (NP-SBJ (PRP I)) (, ,) (IP (-DFL- \+))) (NP-SBJ (PRP I)) (RS (-DFL- \])) (ADVP-TMP (RB usually)) (VP (VBP see) (NP (PRP her)) (NP-TMP (NP (DT a) (, ,) (NN couple) (NNS times)) (NP-ADV (DT a) (NN year)))) (-DFL- E_S))",106,130.12,130.94
sw04utt/sw_0414_3067.utt,3/sw3067,3067,76,sd,B,37,2,"{C so } that's [ no, +  no ] (( big ))  thing.  /","so/IN  [ that/DT ] 's/BES no/DT ,/,  [ no/DT big/JJ thing/NN ] ./.","(S (RB so) (NP-SBJ (DT that)) (VP (BES 's) (EDITED (RM (-DFL- \[)) (NP-PRD-UNF (DT no)) (, ,) (IP (-DFL- \+))) (NP-PRD (DT no) (RS (-DFL- \])) (JJ big) (NN thing))) (. .) (-DFL- E_S))",109,130.94,133.22
sw04utt/sw_0414_3067.utt,3/sw3067,3067,77,sd,B,37,3,"{C But, }  {F uh, } [ [ I, + {F uh, } I  do, ] + I do ] enjoy the reunions.  /","But/CC ,/,  [ uh/UH ] ,/,  [ I/PRP ] ,/,  [ uh/UH ] ,/,  [ I/PRP ] do/VBP ,/,  [ I/PRP ] do/VBP enjoy/VB  [ the/DT reunions/NNS ] ./.","(S (CC But) (, ,) (INTJ (UH uh)) (, ,) (EDITED (RM (-DFL- \[)) (EDITED (RM (-DFL- \[)) (NP-SBJ (PRP I)) (, ,) (IP (-DFL- \+))) (S (INTJ (UH uh)) (, ,) (NP-SBJ (PRP I)) (VP-UNF (VBP do))) (, ,) (RS (-DFL- \])) (IP (-DFL- \+))) (NP-SBJ (PRP I)) (VP (VBP do) (RS (-DFL- \])) (VP (VB enjoy) (NP (DT the) (NNS reunions)))) (. .) (-DFL- E_S))",110,133.22,138.82
sw04utt/sw_0414_3067.utt,3/sw3067,3067,78,sd,B,37,4,"The only problem is that now, {F uh, } originally when we had them, {F uh, } they were mainly <sigh> my mother's <sigh>, /","[ The/DT only/JJ problem/NN ] is/VBZ  [ that/IN ] now/RB ,/,  [ uh/UH ] ,/, originally/RB when/WRB  [ we/PRP ] had/VBD  [ them/PRP ] ,/,  [ uh/UH ] ,/,  [ they/PRP ] were/VBD mainly/RB  [ my/PRP$ mother/NN ] 's/POS ,/,","(S (NP-SBJ (DT The) (JJ only) (NN problem)) (VP (VBZ is) (SBAR-PRD (IN that) (S-UNF (ADVP-TMP (RB now)) (, ,) (INTJ (UH uh)) (, ,)))))|||(S (ADVP (RB originally)) (SBAR-TMP (WHADVP-1 (WRB when)) (S (NP-SBJ (PRP we)) (VP (VBD had) (NP (PRP them)) (ADVP-TMP (-NONE- *T*-1))))) (, ,) (INTJ (UH uh)) (, ,) (NP-SBJ (PRP they)) (VP (VBD were) (ADVP (RB mainly)) (NP-PRD-UNF (PRP$ my) (NN mother) (POS 's))) (, ,) (-DFL- E_S))",111|||112,138.84,146.43
sw04utt/sw_0414_3067.utt,3/sw3067,3067,79,^2,A,38,1,"Relatives,  /","[ Relatives/NNS ] ,/,","(NP (NNS Relatives) (, ,) (-DFL- E_S))",114,148.47,148.99
sw04utt/sw_0414_3067.utt,3/sw3067,3067,80,%,A,38,2,right. /,right/UH ./.,(INTJ (UH right) (. .) (-DFL- E_S)),115,148.99,149.19
sw04utt/sw_0414_3067.utt,3/sw3067,3067,81,sd,B,39,1,"{F uh, } father's.  /","[ uh/UH ] ,/,  [ father/NN 's/POS ] ./.","(X (INTJ (UH uh)) (, ,) (NP (NN father) (POS 's)) (. .) (-DFL- E_S))",117,149.05,150.13
sw04utt/sw_0414_3067.utt,3/sw3067,3067,82,sd,B,39,2,"My mother's father's family had quite a few,","[ My/PRP$ mother/NN 's/POS father/NN 's/POS family/NN ] had/VBD quite/PDT  [ a/DT few/JJ ] ,/,","(S (NP-SBJ (NP (NP (PRP$ My) (NN mother) (POS 's)) (NN father) (POS 's)) (NN family)) (VP (VBD had) (NP (PDT quite) (DT a) (JJ few) (, ,) (INTJ (UH uh)) (, ,) (NNS brothers) (CC and) (NNS sisters))) (. .) (-DFL- E_S))",118,150.79,152.91
sw04utt/sw_0414_3067.utt,3/sw3067,3067,83,b,A,40,1,Uh-huh. /,[ Uh-huh/UH ] ./.,(INTJ (UH Uh-huh) (. .) (-DFL- E_S)),120,153.41,153.59
sw04utt/sw_0414_3067.utt,3/sw3067,3067,84,+,B,41,1,"{F uh, } brothers and sisters.  /","[ uh/UH ] ,/,  [ brothers/NNS ] and/CC  [ sisters/NNS ] ./.","(S (NP-SBJ (NP (NP (PRP$ My) (NN mother) (POS 's)) (NN father) (POS 's)) (NN family)) (VP (VBD had) (NP (PDT quite) (DT a) (JJ few) (, ,) (INTJ (UH uh)) (, ,) (NNS brothers) (CC and) (NNS sisters))) (. .) (-DFL- E_S))",118,153.45,155.45000000000002
sw04utt/sw_0414_3067.utt,3/sw3067,3067,85,sd,B,41,2,"{C So, }  it was a large reunion [ [ of, +  of, ] + of ] that group, {F uh, } from that descendants. /","So/RB ,/,  [ it/PRP ] was/VBD  [ a/DT large/JJ reunion/NN ] of/IN ,/, of/IN ,/, of/IN  [ that/DT group/NN ] ,/,  [ uh/UH ] ,/, from/IN that/DT  [ descendants/NNS ] ./.","(S (RB So) (, ,) (NP-SBJ (PRP it)) (VP (VBD was) (NP-PRD (NP (DT a) (JJ large) (NN reunion)) (EDITED (RM (-DFL- \[)) (EDITED (RM (-DFL- \[)) (PP-UNF (IN of)) (, ,) (IP (-DFL- \+))) (PP-UNF (IN of)) (, ,) (RS (-DFL- \])) (IP (-DFL- \+))) (PP (PP (IN of) (RS (-DFL- \])) (NP (DT that) (NN group))) (, ,) (INTJ (UH uh)) (, ,) (PP (IN from) (NP (DT that) (NNS descendants)))))) (. .) (-DFL- E_S))",122,155.45,160.97
sw04utt/sw_0414_3067.utt,3/sw3067,3067,86,b,A,42,1,Uh-huh. /,[ Uh-huh/UH ] ./.,(INTJ (UH Uh-huh) (. .) (-DFL- E_S)),120,161.11,161.33
sw04utt/sw_0414_3067.utt,3/sw3067,3067,87,sd,B,43,1,"{C And, }  {F uh, } a lot of those people have, - /","And/CC ,/,  [ uh/UH ] ,/,  [ a/DT lot/NN ] of/IN  [ those/DT people/NNS ] have/VBP ,/,","(S (CC And) (, ,) (INTJ (UH uh)) (, ,) (NP-SBJ (NP (DT a) (NN lot)) (PP (IN of) (NP (DT those) (NNS people)))) (VP-UNF (VBP have)) (, ,) (-DFL- N_S))",126,161.79,164.70999999999998
sw04utt/sw_0414_3067.utt,3/sw3067,3067,88,sd,B,43,2,"{C and } at time, {D you know, } they all knew one another. /","and/CC at/IN  [ time/NN ] ,/,  [ you/PRP ] know/VBP ,/,  [ they/PRP ] [ all/DT ] knew/VBD  [ one/CD another/DT ] ./.","(S (CC and) (PP-TMP (IN at) (NP (NN time))) (PRN (, ,) (S (NP-SBJ (PRP you)) (VP (VBP know))) (, ,)) (NP-SBJ (NP (PRP they)) (NP (DT all))) (VP (VBD knew) (NP (CD one) (DT another))) (. .) (-DFL- E_S))",127,165.35,167.41000000000003
sw04utt/sw_0414_3067.utt,3/sw3067,3067,89,b,A,44,1,"Right,  /","Right/UH ,/,","(INTJ (UH Right) (, ,) (-DFL- E_S))",100,167.55,167.91000000000003
sw04utt/sw_0414_3067.utt,3/sw3067,3067,90,b^r,A,44,2,right. /,right/UH ./.,(INTJ (UH right) (. .) (-DFL- E_S)),115,168.11,168.29000000000002
sw04utt/sw_0414_3067.utt,3/sw3067,3067,91,sd,B,45,1,"{C And } now it has gotten, {F uh, } that, {F uh, } a lot of those people [ [ are d-, + have, ] + {F uh, } have died ] off,  /","And/CC now/RB  [ it/PRP ] has/VBZ gotten/VBN ,/,  [ uh/UH ] ,/, that/IN ,/,  [ uh/UH ] ,/,  [ a/DT lot/NN ] of/IN  [ those/DT people/NNS ] are/VBP  [ d-/XX ] ,/, have/VBP ,/,  [ uh/UH ] ,/, have/VBP died/VBN off/RP ,/,","(S (CC And) (ADVP-TMP (RB now)) (NP-SBJ (PRP it)) (VP (VBZ has) (VP (VBN gotten) (, ,) (INTJ (UH uh)) (, ,) (SBAR (IN that) (, ,) (INTJ (UH uh)) (, ,) (S (NP-SBJ (NP (DT a) (NN lot)) (PP (IN of) (NP (DT those) (NNS people)))) (EDITED (RM (-DFL- \[)) (EDITED (RM (-DFL- \[)) (VP (VBP are) (ADJP-PRD-UNF (XX d-))) (, ,) (IP (-DFL- \+))) (VP-UNF (VBP have)) (, ,) (RS (-DFL- \])) (IP (-DFL- \+))) (INTJ (UH uh)) (, ,) (VP (VBP have) (VP (VBN died) (RS (-DFL- \])) (ADVP (RP off)))))))) (, ,) (-DFL- E_S))",132,168.15,173.22
sw04utt/sw_0414_3067.utt,3/sw3067,3067,92,sd,B,45,2,"{C or, } {D you know, } what we are left with is [ the, +  the ] relatives [ [ of, +  of, ] +","or/CC ,/,  [ you/PRP ] know/VBP ,/,  [ what/WP ] [ we/PRP ] are/VBP left/VBN with/IN is/VBZ  [ the/DT ] ,/,  [ the/DT relatives/NNS ] of/IN ,/, of/IN ,/,","(S (CC or) (PRN (, ,) (S (NP-SBJ (PRP you)) (VP (VBP know))) (, ,)) (SBAR-NOM-SBJ (WHNP-1 (WP what)) (S (NP-SBJ-2 (PRP we)) (VP (VBP are) (VP (VBN left) (NP (-NONE- *-2)) (PP (IN with) (NP (-NONE- *T*-1))))))) (VP (VBZ is) (EDITED (RM (-DFL- \[)) (NP-PRD-UNF (DT the)) (, ,) (IP (-DFL- \+))) (NP-PRD (NP (DT the) (RS (-DFL- \])) (NNS relatives)) (EDITED (RM (-DFL- \[)) (EDITED (RM (-DFL- \[)) (PP-UNF (IN of)) (, ,) (IP (-DFL- \+))) (PP-UNF (IN of)) (, ,) (RS (-DFL- \])) (IP (-DFL- \+))) (PP (IN of) (RS (-DFL- \])) (NP (DT that) (NN group))))) (. .) (-DFL- E_S))",133,173.22,176.79999999999998
sw04utt/sw_0414_3067.utt,3/sw3067,3067,93,^2,A,46,1,"The next generation,  /","[ The/DT next/JJ generation/NN ] ,/,","(NP (DT The) (JJ next) (NN generation) (, ,) (-DFL- E_S))",135,176.95,177.91000000000003
sw04utt/sw_0414_3067.utt,3/sw3067,3067,94,%,A,46,2,uh-huh. /,[ uh-huh/UH ] ./.,(INTJ (UH uh-huh) (. .) (-DFL- E_S)),136,177.91,178.17
sw04utt/sw_0414_3067.utt,3/sw3067,3067,95,+,B,47,1,of ] that group.  <sigh>  /,of/IN  [ that/DT group/NN ] ./.,"(S (CC or) (PRN (, ,) (S (NP-SBJ (PRP you)) (VP (VBP know))) (, ,)) (SBAR-NOM-SBJ (WHNP-1 (WP what)) (S (NP-SBJ-2 (PRP we)) (VP (VBP are) (VP (VBN left) (NP (-NONE- *-2)) (PP (IN with) (NP (-NONE- *T*-1))))))) (VP (VBZ is) (EDITED (RM (-DFL- \[)) (NP-PRD-UNF (DT the)) (, ,) (IP (-DFL- \+))) (NP-PRD (NP (DT the) (RS (-DFL- \])) (NNS relatives)) (EDITED (RM (-DFL- \[)) (EDITED (RM (-DFL- \[)) (PP-UNF (IN of)) (, ,) (IP (-DFL- \+))) (PP-UNF (IN of)) (, ,) (RS (-DFL- \])) (IP (-DFL- \+))) (PP (IN of) (RS (-DFL- \])) (NP (DT that) (NN group))))) (. .) (-DFL- E_S))",133,178.06,178.4
sw04utt/sw_0414_3067.utt,3/sw3067,3067,96,sd,B,47,2,"{C And  so, } {F uh, } it's not quite as close as it used to be.  /","And/CC so/RB ,/,  [ uh/UH ] ,/,  [ it/PRP ] 's/BES not/RB quite/RB as/RB close/RB as/IN  [ it/PRP ] used/VBD to/TO be/VB ./.","(S (CONJP (CC And) (RB so)) (, ,) (INTJ (UH uh)) (, ,) (NP-SBJ (PRP it)) (VP (BES 's) (RB not) (ADVP (RB quite)) (ADJP-PRD (ADJP (RB as) (RB close)) (SBAR (IN as) (S (NP-SBJ-1 (PRP it)) (VP (VBD used) (S (NP-SBJ (-NONE- *-1)) (VP (TO to) (VP (VB be) (ADJP-PRD (-NONE- *?*)))))))))) (. .) (-DFL- E_S))",138,179.0,183.96
sw04utt/sw_0414_3067.utt,3/sw3067,3067,97,sd,B,47,3,"{C So, }  I think people feel less of a desire to really go.  /","So/RB ,/,  [ I/PRP ] think/VBP  [ people/NNS ] feel/VBP less/JJR of/IN  [ a/DT desire/NN ] to/TO really/RB go/VB ./.","(S (RB So) (, ,) (NP-SBJ (PRP I)) (VP (VBP think) (SBAR (-NONE- 0) (S (NP-SBJ (NNS people)) (VP (VBP feel) (NP (NP (JJR less)) (PP (IN of) (NP (DT a) (NN desire) (S (NP-SBJ (-NONE- *)) (VP (TO to) (ADVP (RB really)) (VP (VB go))))))))))) (. .) (-DFL- E_S))",139,184.26,188.96
sw04utt/sw_0414_3067.utt,3/sw3067,3067,98,%,B,47,4,"I know that, -/","[ I/PRP ] know/VBP that/IN ,/,","(S (NP-SBJ (PRP I)) (VP (VBP know) (SBAR-UNF (IN that))) (, ,) (-DFL- N_S))",140,188.96,189.3
sw04utt/sw_0414_3067.utt,3/sw3067,3067,99,qo,A,48,1,"[ Wh-, + why  ] do you think that it's less close than it used to be? /","[ Wh/WRB ] ,/, why/WRB do/VBP  [ you/PRP ] think/VB that/IN  [ it/PRP ] 's/BES less/RBR close/JJ than/IN  [ it/PRP ] used/VBD to/TO be/VB ?/.","(SBARQ (EDITED (RM (-DFL- \[)) (WHADVP-UNF (WRB Wh-)) (, ,) (IP (-DFL- \+))) (WHADVP-2 (WRB why)) (RS (-DFL- \])) (SQ (VBP do) (NP-SBJ (PRP you)) (VP (VB think) (SBAR (IN that) (S (NP-SBJ (PRP it)) (VP (BES 's) (ADJP-PRD (ADJP (RBR less) (JJ close)) (SBAR (IN than) (S (NP-SBJ-1 (PRP it)) (VP (VBD used) (S (NP-SBJ (-NONE- *-1)) (VP (TO to) (VP (VB be) (ADJP-PRD (-NONE- *?*)))))))))))) (ADVP-PRP (-NONE- *T*-2)))) (. ?) (-DFL- E_S))",142,189.47,192.25
sw04utt/sw_0414_3067.utt,3/sw3067,3067,100,%,B,49,1,"{D Well, } [ I, +  I ] just think [ that, +  {F uh, } {D you know, } at that ] ti-, - /","Well/UH ,/,  [ I/PRP ] ,/,  [ I/PRP ] just/RB think/VBP  [ that/IN ] ,/,  [ uh/UH ] ,/,  [ you/PRP ] know/VBP ,/, at/IN that/DT  [ ti-/NN ] ,/,","(S (INTJ (UH Well)) (, ,) (EDITED (RM (-DFL- \[)) (NP-SBJ (PRP I)) (, ,) (IP (-DFL- \+))) (NP-SBJ (PRP I)) (RS (-DFL- \])) (ADVP (RB just)) (VP (VBP think) (RM (-DFL- \[)) (SBAR (IN that) (, ,) (IP (-DFL- \+)) (INTJ (UH uh)) (PRN (, ,) (S (NP-SBJ (PRP you)) (VP (VBP know))) (, ,)) (S (PP-TMP (IN at) (NP-UNF (DT that) (RS (-DFL- \])) (NN ti-)))))) (, ,) (-DFL- N_S))",144,192.58,195.39999999999998
sw04utt/sw_0414_3067.utt,3/sw3067,3067,101,%,B,49,2,"[ when, <sigh> +  when ]  they were a-, - /","when/WRB ,/, when/WRB  [ they/PRP ] were/VBD a-/XX ,/,","(SBAR-TMP (EDITED (RM (-DFL- \[)) (WHADVP (WRB when)) (, ,) (IP (-DFL- \+))) (WHADVP (WRB when)) (RS (-DFL- \])) (S (NP-SBJ (PRP they)) (VP-UNF (VBD were) (XX a-))) (, ,) (-DFL- N_S))",145,195.4,197.26000000000002
sw04utt/sw_0414_3067.utt,3/sw3067,3067,102,sd,B,49,3,"{D you know, } [ the, + those  ] were all brothers and sisters a lot - /","[ you/PRP ] know/VBP ,/,  [ the/DT ] ,/,  [ those/DT ] were/VBD  [ all/DT brothers/NNS ] and/CC  [ sisters/NNS ] [ a/DT lot/NN ]","(S (PRN (S (NP-SBJ (PRP you)) (VP (VBP know))) (, ,)) (EDITED (RM (-DFL- \[)) (NP-SBJ-UNF (DT the)) (, ,) (IP (-DFL- \+))) (NP-SBJ (DT those)) (RS (-DFL- \])) (VP (VBD were) (DT all) (NP-PRD (NNS brothers) (CC and) (NNS sisters)) (NP-ADV (DT a) (NN lot))) (-DFL- N_S))",146,197.34,201.36
sw04utt/sw_0414_3067.utt,3/sw3067,3067,103,sd,B,49,4,"[ {C and } +  {C or } ] they were all in the same [ ar-, + geographical ] location. /","and/CC or/CC  [ they/PRP ] were/VBD  [ all/DT ] in/IN  [ the/DT same/JJ ar-/XX ] ,/,  [ geographical/JJ location/NN ] ./.","(S (EDITED (RM (-DFL- \[)) (CC and) (IP (-DFL- \+))) (CC or) (RS (-DFL- \])) (NP-SBJ (PRP they)) (VP (VBD were) (DT all) (PP-LOC-PRD (IN in) (NP (DT the) (JJ same) (EDITED (RM (-DFL- \[)) (XX ar-) (, ,) (IP (-DFL- \+))) (JJ geographical) (RS (-DFL- \])) (NN location)))) (. .) (-DFL- E_S))",147,201.5,205.38
sw04utt/sw_0414_3067.utt,3/sw3067,3067,104,b,A,50,1,"Uh-huh,  /","[ Uh-huh/UH ] ,/,","(INTJ (UH Uh-huh) (, ,) (-DFL- E_S))",149,205.53,205.69
sw04utt/sw_0414_3067.utt,3/sw3067,3067,105,b^r,A,50,2,"uh-huh,  /","[ uh-huh/UH ] ,/,","(INTJ (UH uh-huh) (, ,) (-DFL- E_S))",150,205.69,205.87
sw04utt/sw_0414_3067.utt,3/sw3067,3067,106,b^r,A,50,3,uh-huh. /,[ uh-huh/UH ] ./.,(INTJ (UH uh-huh) (. .) (-DFL- E_S)),136,205.87,206.05
sw04utt/sw_0414_3067.utt,3/sw3067,3067,107,sd,B,51,1,"{D You know, } back around, {D you know, } in the twenties and thirties when they were growing up, {F uh, } {D you know, } they were all located together,","[ You/PRP ] know/VBP ,/, back/RB around/RB ,/,  [ you/PRP ] know/VBP ,/, in/IN  [ the/DT twenties/NNS ] and/CC  [ thirties/NNS ] when/WRB  [ they/PRP ] were/VBD growing/VBG up/RP ,/,  [ uh/UH ] ,/,  [ you/PRP ] know/VBP ,/,  [ they/PRP ] were/VBD  [ all/DT ] located/VBN together/RB ,/,","(S (PRN (S (NP-SBJ (PRP You)) (VP (VBP know))) (, ,)) (PP-TMP (ADVP (RB back)) (RB around) (PRN (, ,) (S (NP-SBJ (PRP you)) (VP (VBP know))) (, ,)) (PP (IN in) (NP (DT the) (NNS twenties) (CC and) (NNS thirties)))) (SBAR-TMP (WHADVP-1 (WRB when)) (S (NP-SBJ (PRP they)) (VP (VBD were) (VP (VBG growing) (PRT (RP up)) (ADVP-TMP (-NONE- *T*-1)))))) (, ,) (INTJ (UH uh)) (PRN (, ,) (S (NP-SBJ (PRP you)) (VP (VBP know))) (, ,)) (NP-SBJ-2 (PRP they)) (VP (VBD were) (DT all) (VP (VBN located) (NP (-NONE- *-2)) (ADVP (RB together)) (, ,) (PP-LOC (IN in) (NP (CD one) (JJ small) (NN community))))) (. .) (-DFL- E_S))",153,205.9,212.94
sw04utt/sw_0414_3067.utt,3/sw3067,3067,108,b,A,52,1,"Right,  /","Right/UH ,/,","(INTJ (UH Right) (, ,) (-DFL- E_S))",129,213.09,213.21
sw04utt/sw_0414_3067.utt,3/sw3067,3067,109,b^r,A,52,2,right. /,right/UH ./.,(INTJ (UH right) (. .) (-DFL- E_S)),130,213.21,213.49
sw04utt/sw_0414_3067.utt,3/sw3067,3067,110,+,B,53,1,in one small community. /,in/IN  [ one/CD small/JJ community/NN ] ./.,"(S (PRN (S (NP-SBJ (PRP You)) (VP (VBP know))) (, ,)) (PP-TMP (ADVP (RB back)) (RB around) (PRN (, ,) (S (NP-SBJ (PRP you)) (VP (VBP know))) (, ,)) (PP (IN in) (NP (DT the) (NNS twenties) (CC and) (NNS thirties)))) (SBAR-TMP (WHADVP-1 (WRB when)) (S (NP-SBJ (PRP they)) (VP (VBD were) (VP (VBG growing) (PRT (RP up)) (ADVP-TMP (-NONE- *T*-1)))))) (, ,) (INTJ (UH uh)) (PRN (, ,) (S (NP-SBJ (PRP you)) (VP (VBP know))) (, ,)) (NP-SBJ-2 (PRP they)) (VP (VBD were) (DT all) (VP (VBN located) (NP (-NONE- *-2)) (ADVP (RB together)) (, ,) (PP-LOC (IN in) (NP (CD one) (JJ small) (NN community))))) (. .) (-DFL- E_S))",153,213.34,214.68
sw04utt/sw_0414_3067.utt,3/sw3067,3067,111,b,A,54,1,Right. /,[ Right/UH ] ./.,(INTJ (UH Right) (. .) (-DFL- E_S)),159,215.05,215.17000000000002
sw04utt/sw_0414_3067.utt,3/sw3067,3067,112,sd,B,55,1,"{C And } [ [ as, +  as ] time grew, + {E I mean } when time went on the family grew ]  and moved away and so forth.  /","And/CC as/IN ,/, as/IN  [ time/NN ] grew/VBD ,/,  [ I/PRP ] mean/VBP when/WRB  [ time/NN ] went/VBD on/RP  [ the/DT family/NN ] grew/VBD and/CC moved/VBD away/RB and/CC so/RB forth/RB ./.","(S (CC And) (SBAR-TMP (EDITED (RM (-DFL- \[)) (EDITED (RM (-DFL- \[)) (SBAR-TMP-UNF (IN as)) (, ,) (IP (-DFL- \+))) (SBAR-TMP-UNF (IN as) (RS (-DFL- \])) (S (NP-SBJ (NN time)) (VP (VBD grew)))) (, ,) (IP (-DFL- \+))) (PRN (S (NP-SBJ (PRP I)) (VP (VBP mean)))) (WHADVP-1 (WRB when)) (S (NP-SBJ (NN time)) (VP (VBD went) (ADVP (RP on)) (ADVP-TMP (-NONE- *T*-1))))) (NP-SBJ (DT the) (NN family)) (VP (VP (VBD grew)) (RS (-DFL- \])) (CC and) (VP (VBD moved) (ADVP-DIR (RB away))) (CC and) (ADVP-ETC (RB so) (RB forth))) (. .) (-DFL- E_S))",161,215.64,223.0
sw04utt/sw_0414_3067.utt,3/sw3067,3067,113,sd,B,55,2,"{C And } now <breathing> when they come together [ it's, +  it's ] generally, <inhaling> {D you know, } - /","And/CC now/RB when/WRB  [ they/PRP ] come/VBP together/RB  [ it/PRP ] 's/BES ,/,  [ it/PRP ] 's/BES generally/RB ,/,  [ you/PRP ] know/VBP ,/,","(S (CC And) (ADVP-TMP (RB now)) (SBAR-TMP (WHADVP-1 (WRB when)) (S (NP-SBJ (PRP they)) (VP (VBP come) (ADVP (RB together)) (ADVP-TMP (-NONE- *T*-1))))) (EDITED (RM (-DFL- \[)) (S (NP-SBJ (PRP it)) (VP-UNF (BES 's))) (, ,) (IP (-DFL- \+))) (NP-SBJ (PRP it)) (VP-UNF (BES 's) (RS (-DFL- \])) (ADVP (RB generally)) (PRN (, ,) (S (NP-SBJ (PRP you)) (VP (VBP know))))) (, ,) (-DFL- N_S))",162,223.0,227.94
sw04utt/sw_0414_3067.utt,3/sw3067,3067,114,sd,B,55,3,"{D like } say  the kids of those people who are not, {D you know, } anywhere near one another  {C and } I do not think they feel [ the, +  <inhaling> the ] closeness that they used to be there.","like/UH say/UH  [ the/DT kids/NNS ] of/IN  [ those/DT people/NNS ] [ who/WP ] are/VBP not/RB ,/,  [ you/PRP ] know/VBP ,/, anywhere/RB near/RB  [ one/CD another/DT ] and/CC  [ I/PRP ] do/VBP not/RB think/VB  [ they/PRP ] feel/VBP  [ the/DT ] ,/,  [ the/DT closeness/NN ] that/WDT  [ they/PRP ] used/VBD to/TO be/VB there/RB ./.","(FRAG (INTJ (UH like)) (INTJ (UH say)) (NP (NP (DT the) (NNS kids)) (PP (IN of) (NP (DT those) (NNS people))) (SBAR (WHNP-1 (WP who)) (S (NP-SBJ (-NONE- *T*-1)) (VP (VBP are) (RB not) (PRN (, ,) (S (NP-SBJ (PRP you)) (VP (VBP know))) (, ,)) (ADVP-LOC-PRD (RB anywhere) (RB near) (NP (CD one) (DT another))))))))|||(S (CC and) (NP-SBJ (PRP I)) (VP (VBP do) (RB not) (VP (VB think) (SBAR (-NONE- 0) (S (NP-SBJ (PRP they)) (VP (VP (VBP feel) (EDITED (RM (-DFL- \[)) (NP-UNF (DT the)) (, ,) (IP (-DFL- \+))) (NP (NP (DT the) (RS (-DFL- \])) (NN closeness)) (SBAR (WHNP-3 (WDT that)) (S (EDITED (NP-SBJ (PRP they))) (NP-SBJ-4 (-NONE- *T*-3)) (VP (VBD used) (S (NP-SBJ (-NONE- *-4)) (VP (TO to) (VP (VB be) (ADVP-PRD (RB there)))))))))) (. .) (SBAR (WHNP-2 (WDT Which)) (S (NP-SBJ (-NONE- *T*-2)) (VP (VBZ is) (NP-PRD (DT a) (NN shame)))))))))) (-DFL- E_S))",163|||164,227.94,237.83
sw04utt/sw_0414_3067.utt,3/sw3067,3067,115,b,A,56,1,Uh-huh. /,[ Uh-huh/UH ] ./.,(INTJ (UH Uh-huh) (. .) (-DFL- E_S)),166,237.98,238.14
sw04utt/sw_0414_3067.utt,3/sw3067,3067,116,+,B,57,1,Which is a shame  /,[ Which/WDT ] is/VBZ  [ a/DT shame/NN ],"(S (CC and) (NP-SBJ (PRP I)) (VP (VBP do) (RB not) (VP (VB think) (SBAR (-NONE- 0) (S (NP-SBJ (PRP they)) (VP (VP (VBP feel) (EDITED (RM (-DFL- \[)) (NP-UNF (DT the)) (, ,) (IP (-DFL- \+))) (NP (NP (DT the) (RS (-DFL- \])) (NN closeness)) (SBAR (WHNP-3 (WDT that)) (S (EDITED (NP-SBJ (PRP they))) (NP-SBJ-4 (-NONE- *T*-3)) (VP (VBD used) (S (NP-SBJ (-NONE- *-4)) (VP (TO to) (VP (VB be) (ADVP-PRD (RB there)))))))))) (. .) (SBAR (WHNP-2 (WDT Which)) (S (NP-SBJ (-NONE- *T*-2)) (VP (VBZ is) (NP-PRD (DT a) (NN shame)))))))))) (-DFL- E_S))",164,238.27,239.03
sw04utt/sw_0414_3067.utt,3/sw3067,3067,117,sd,B,57,2,{C but } that's just how it is.  /,but/CC  [ that/DT ] 's/BES just/RB how/WRB  [ it/PRP ] is/VBZ ./.,(S (CC but) (NP-SBJ (DT that)) (VP (BES 's) (ADVP (RB just)) (SBAR-MNR-PRD (WHADVP-1 (WRB how)) (S (NP-SBJ (PRP it)) (VP (VBZ is) (ADVP-MNR-PRD (-NONE- *T*-1)))))) (. .) (-DFL- E_S)),168,239.03,240.17000000000002
sw04utt/sw_0414_3067.utt,3/sw3067,3067,118,sd,B,57,3,"My mother was complaining last year about th-, {D you know, } - /","[ My/PRP$ mother/NN ] was/VBD complaining/VBG [ last/JJ year/NN ] about/IN  [ th-/DT ] ,/,  [ you/PRP ] know/VBP ,/,","(S (NP-SBJ (PRP$ My) (NN mother)) (VP (VBD was) (VP (VBG complaining) (NP-TMP (JJ last) (NN year)) (PP (IN about) (NP-UNF (DT th-) (PRN (, ,) (S (NP-SBJ (PRP you)) (VP (VBP know)))))))) (, ,) (-DFL- N_S))",169,240.17,242.93
sw04utt/sw_0414_3067.utt,3/sw3067,3067,119,sd,B,57,4,"it's dwindling down every year,  /","[ it/PRP ] 's/BES dwindling/VBG down/RP  [ every/DT year/NN ] ,/,","(S (NP-SBJ (PRP it)) (VP (BES 's) (VP (VBG dwindling) (ADVP (RP down)) (NP-TMP (DT every) (NN year)))) (, ,) (-DFL- E_S))",170,242.93,244.35
sw04utt/sw_0414_3067.utt,3/sw3067,3067,120,%,B,57,5,"{D you know, } [ that's just, + I think --","[ you/PRP ] know/VBP ,/,  [ that/DT ] 's/BES just/RB ,/,  [ I/PRP ] think/VBP --/:","(S (PRN (S (NP-SBJ (PRP you)) (VP (VBP know))) (, ,)) (EDITED (RM (-DFL- \[)) (S (NP-SBJ (DT that)) (VP-UNF (BES 's) (ADVP (RB just)))) (, ,) (IP (-DFL- \+))) (NP-SBJ (PRP I)) (VP (VBP think) (SBAR (-NONE- 0) (S (NP-SBJ (DT that)) (VP-UNF (BES 's) (ADVP (RB just)))))) (RS (-DFL- \])) (, ,) (-DFL- N_S))",171,244.65,245.63
sw04utt/sw_0414_3067.utt,3/sw3067,3067,121,qy,A,58,1,"Is that [ just + ] family's lack of priority, anymore, maybe  (( {D yes } )) , /","Is/VBZ  [ that/DT just/JJ family/NN 's/POS lack/NN ] of/IN  [ priority/NN ] ,/, anymore/RB ,/, maybe/RB yes/UH ,/,","(SQ (VBZ Is) (NP-SBJ (DT that)) (RM (-DFL- \[)) (ADVP (JJ just)) (IP (-DFL- \+)) (RS (-DFL- \])) (NP-PRD (NP (NP (NN family) (POS 's)) (NN lack)) (PP (IN of) (NP (NN priority))) (, ,) (ADVP-TMP (RB anymore))) (, ,) (ADVP (RB maybe)))|||(INTJ (UH yes) (, ,) (-DFL- E_S))",173|||174,245.92,249.26
sw04utt/sw_0414_3067.utt,3/sw3067,3067,122,+,B,59,1,"-- that's just ] <throat_clearing>, -/","--/:  [ that/DT ] 's/BES just/RB ,/,","(S (PRN (S (NP-SBJ (PRP you)) (VP (VBP know))) (, ,)) (EDITED (RM (-DFL- \[)) (S (NP-SBJ (DT that)) (VP-UNF (BES 's) (ADVP (RB just)))) (, ,) (IP (-DFL- \+))) (NP-SBJ (PRP I)) (VP (VBP think) (SBAR (-NONE- 0) (S (NP-SBJ (DT that)) (VP-UNF (BES 's) (ADVP (RB just)))))) (RS (-DFL- \])) (, ,) (-DFL- N_S))",171,249.11,249.67
sw04utt/sw_0414_3067.utt,3/sw3067,3067,123,sv,A,60,1,"we get so involved in our work lives and <sigh> just,","[ we/PRP ] get/VBP so/RB involved/JJ in/IN  [ our/PRP$ work/NN lives/NNS ] and/CC just/RB ,/,","(S (NP-SBJ (PRP we)) (VP (VBP get) (ADJP-PRD (RB so) (JJ involved) (PP (IN in) (NP (NP (PRP$ our) (NN work) (NNS lives)) (CC and) (ADVP (RB just)) (, ,) (NP (JJ social) (NNS lives)) (CC and) (ADVP-ETC (RB so) (RB forth)))))) (. .) (-DFL- E_S))",177,249.82,253.0
sw04utt/sw_0414_3067.utt,3/sw3067,3067,124,b,B,61,1,"{D Well, } yeah. /","Well/UH ,/, yeah/UH ./.","(INTJ (INTJ (UH Well)) (, ,) (INTJ (UH yeah)) (. .) (-DFL- E_S))",179,253.31,253.67
sw04utt/sw_0414_3067.utt,3/sw3067,3067,125,+,A,62,1,social lives and so forth. /,[ social/JJ lives/NNS ] and/CC so/RB forth/RB ./.,"(S (NP-SBJ (PRP we)) (VP (VBP get) (ADJP-PRD (RB so) (JJ involved) (PP (IN in) (NP (NP (PRP$ our) (NN work) (NNS lives)) (CC and) (ADVP (RB just)) (, ,) (NP (JJ social) (NNS lives)) (CC and) (ADVP-ETC (RB so) (RB forth)))))) (. .) (-DFL- E_S))",177,253.82,255.14
sw04utt/sw_0414_3067.utt,3/sw3067,3067,126,aa,B,63,1,"Yeah,  /","Yeah/UH ,/,","(INTJ (UH Yeah) (, ,) (-DFL- E_S))",182,255.15,255.49
sw04utt/sw_0414_3067.utt,3/sw3067,3067,127,%,B,63,2,"that's, {F uh, } - /","[ that/DT ] 's/BES ,/,  [ uh/UH ] ,/,","(S (NP-SBJ (DT that)) (VP-UNF (BES 's) (, ,) (INTJ (UH uh))) (, ,) (-DFL- N_S))",183,255.69,256.27
sw04utt/sw_0414_3067.utt,3/sw3067,3067,128,%,B,63,3,"yeah,  /","yeah/UH ,/,","(INTJ (UH yeah) (, ,) (-DFL- E_S))",184,256.59,256.71
sw04utt/sw_0414_3067.utt,3/sw3067,3067,129,aa,B,63,4,I think that's some of it.  /,[ I/PRP ] think/VBP that/DT  [ 's/BES ] [ some/DT ] of/IN  [ it/PRP ] ./.,(S (NP-SBJ (PRP I)) (VP (VBP think) (SBAR (-NONE- 0) (S (NP-SBJ (DT that)) (VP (BES 's) (NP-PRD (NP (DT some)) (PP (IN of) (NP (PRP it)))))))) (. .) (-DFL- E_S)),185,256.71,257.79
sw04utt/sw_0414_3067.utt,3/sw3067,3067,130,%,B,63,5,"{C But, } {D you know, } I have, - /","But/CC ,/,  [ you/PRP ] know/VBP ,/,  [ I/PRP ] have/VBP ,/,","(S (CC But) (PRN (, ,) (S (NP-SBJ (PRP you)) (VP (VBP know))) (, ,)) (NP-SBJ (PRP I)) (VP-UNF (VBP have)) (, ,) (-DFL- N_S))",186,257.79,258.59000000000003
sw04utt/sw_0414_3067.utt,3/sw3067,3067,131,%,B,63,6,"{F uh, }  [ I, + I, ] - /","[ uh/UH ] ,/,  [ I/PRP ] ,/,  [ I/PRP ] ,/,","(S-UNF (INTJ (UH uh)) (, ,) (EDITED (RM (-DFL- \[)) (NP-SBJ (PRP I)) (, ,) (IP (-DFL- \+))) (NP-SBJ (PRP I)) (, ,) (RS (-DFL- \])) (-DFL- N_S))",187,260.15,260.63
sw04utt/sw_0414_3067.utt,3/sw3067,3067,132,sv,B,63,7,"it's  just the way, {D you know, } I think society is now,   is that [ we are not, + we do not ] have the extensive family we used to. /","[ it/PRP ] 's/BES just/RB  [ the/DT way/NN ] ,/,  [ you/PRP ] know/VBP ,/,  [ I/PRP ] think/VBP  [ society/NN ] is/VBZ now/RB ,/, is/VBZ that/IN  [ we/PRP ] are/VBP not/RB ,/,  [ we/PRP ] do/VBP not/RB have/VB  [ the/DT extensive/JJ family/NN ] [ we/PRP ] used/VBD to/TO ./.","(S (S-SBJ (NP-SBJ (PRP it)) (VP (BES 's) (ADVP (RB just)) (NP-PRD (NP (DT the) (NN way)) (PRN (, ,) (S (NP-SBJ (PRP you)) (VP (VBP know))) (, ,)) (SBAR (WHADVP-1 (-NONE- 0)) (S (NP-SBJ (PRP I)) (VP (VBP think) (SBAR (-NONE- 0) (S (NP-SBJ (NN society)) (VP (VBZ is) (ADVP-MNR-PRD (-NONE- *T*-1)) (ADVP-TMP (RB now))))))))))) (, ,) (VP (VBZ is) (SBAR-PRD (IN that) (S (EDITED (RM (-DFL- \[)) (S (NP-SBJ (PRP we)) (VP-UNF (VBP are) (RB not))) (, ,) (IP (-DFL- \+))) (NP-SBJ (PRP we)) (VP (VBP do) (RB not) (RS (-DFL- \])) (VP (VB have) (NP (NP (DT the) (JJ extensive) (NN family)) (SBAR (WHNP-3 (-NONE- 0)) (S (NP-SBJ-2 (PRP we)) (VP (VBD used) (S (NP-SBJ (-NONE- *-2)) (VP (TO to) (VP (-NONE- *?*) (NP (-NONE- *T*-3)))))))))))))) (. .) (-DFL- E_S))",188,260.85,268.59
sw04utt/sw_0414_3067.utt,3/sw3067,3067,133,b,A,64,1,Uh-huh. /,[ Uh-huh/UH ] ./.,(INTJ (UH Uh-huh) (. .) (-DFL- E_S)),166,268.74,268.84000000000003
sw04utt/sw_0414_3067.utt,3/sw3067,3067,134,sv,B,65,1,"It's more of [ a, +  {D you know, } a ] [ smaller, + <inhaling> smaller ] unit,  /","[ It/PRP ] 's/BES more/JJR of/IN  [ a/DT ] ,/,  [ you/PRP ] know/VBP ,/,  [ a/DT smaller/JJR ] ,/,  [ smaller/JJR unit/NN ] ,/,","(S (NP-SBJ (PRP It)) (VP (BES 's) (NP-PRD (NP (JJR more)) (PP (IN of) (EDITED (RM (-DFL- \[)) (NP-UNF (DT a)) (, ,) (IP (-DFL- \+))) (PRN (S (NP-SBJ (PRP you)) (VP (VBP know))) (, ,)) (NP (DT a) (RS (-DFL- \])) (EDITED (RM (-DFL- \[)) (JJR smaller) (, ,) (IP (-DFL- \+))) (JJR smaller) (RS (-DFL- \])) (NN unit))))) (, ,) (-DFL- E_S))",192,268.69,271.83
sw04utt/sw_0414_3067.utt,3/sw3067,3067,135,sv,B,65,2,"{C and } {D you know, } [ we, +  <inhaling> we ] tend to try to do things, I think with our immediate family,","and/CC  [ you/PRP ] know/VBP ,/,  [ we/PRP ] ,/,  [ we/PRP ] tend/VBP to/TO try/VB to/TO do/VB  [ things/NNS ] ,/,  [ I/PRP ] think/VBP with/IN  [ our/PRP$ immediate/JJ family/NN ] ,/,","(S-5 (CC and) (PRN (S (NP-SBJ (PRP you)) (VP (VBP know))) (, ,)) (EDITED (RM (-DFL- \[)) (NP-SBJ (PRP we)) (, ,) (IP (-DFL- \+))) (NP-SBJ-1 (PRP we)) (RS (-DFL- \])) (VP (VBP tend) (S (NP-SBJ-2 (-NONE- *-1)) (VP (TO to) (VP (VB try) (S (NP-SBJ (-NONE- *-2)) (VP (TO to) (VP (VB do) (NP (NNS things)) (PRN (, ,) (S (NP-SBJ (PRP I)) (VP (VBP think) (SBAR (-NONE- 0) (S (-NONE- *T*-5)))))) (PP (IN with) (NP (NP (PRP$ our) (JJ immediate) (NN family)) (, ,) (PP (IN as) (PP (VBN opposed) (PP (IN to) (NP (NP (DT the) (JJ extended) (NN family)) (. .) (PP (IN Of) (NP (NP (NNS people)) (SBAR (WHNP-3 (WDT that)) (S (NP-SBJ (PRP we)) (VP (VP (MD may) (VP (-NONE- *RNR*-4))) (CC or) (VP (MD may) (RB not) (VP (-NONE- *RNR*-4))) (VP-4 (VB remember) (CC or) (VB know) (NP (-NONE- *T*-3)) (PRN (, ,) (S (NP-SBJ (PRP you)) (VP (VBP know))) (, ,)) (ADVP-MNR (RB very) (RB well))))))))))))))))))))) (. .) (-DFL- E_S))",193,271.83,277.02
sw04utt/sw_0414_3067.utt,3/sw3067,3067,136,aa,A,66,1,"Right,  /","Right/UH ,/,","(INTJ (UH Right) (, ,) (-DFL- E_S))",195,277.4,277.59999999999997
sw04utt/sw_0414_3067.utt,3/sw3067,3067,137,aa^r,A,66,2,right. /,right/UH ./.,(INTJ (UH right) (. .) (-DFL- E_S)),196,277.6,277.74
sw04utt/sw_0414_3067.utt,3/sw3067,3067,138,+,B,67,1,"as opposed to the extended family.  Of people that we may or may not remember or know, {D you know, } very well.  /","as/IN opposed/VBN to/IN  [ the/DT extended/JJ family/NN ] ./.  Of/IN  [ people/NNS ] that/WDT  [ we/PRP ] may/MD or/CC may/MD not/RB remember/VB or/CC know/VB ,/,  [ you/PRP ] know/VBP ,/, very/RB well/RB ./.","(S-5 (CC and) (PRN (S (NP-SBJ (PRP you)) (VP (VBP know))) (, ,)) (EDITED (RM (-DFL- \[)) (NP-SBJ (PRP we)) (, ,) (IP (-DFL- \+))) (NP-SBJ-1 (PRP we)) (RS (-DFL- \])) (VP (VBP tend) (S (NP-SBJ-2 (-NONE- *-1)) (VP (TO to) (VP (VB try) (S (NP-SBJ (-NONE- *-2)) (VP (TO to) (VP (VB do) (NP (NNS things)) (PRN (, ,) (S (NP-SBJ (PRP I)) (VP (VBP think) (SBAR (-NONE- 0) (S (-NONE- *T*-5)))))) (PP (IN with) (NP (NP (PRP$ our) (JJ immediate) (NN family)) (, ,) (PP (IN as) (PP (VBN opposed) (PP (IN to) (NP (NP (DT the) (JJ extended) (NN family)) (. .) (PP (IN Of) (NP (NP (NNS people)) (SBAR (WHNP-3 (WDT that)) (S (NP-SBJ (PRP we)) (VP (VP (MD may) (VP (-NONE- *RNR*-4))) (CC or) (VP (MD may) (RB not) (VP (-NONE- *RNR*-4))) (VP-4 (VB remember) (CC or) (VB know) (NP (-NONE- *T*-3)) (PRN (, ,) (S (NP-SBJ (PRP you)) (VP (VBP know))) (, ,)) (ADVP-MNR (RB very) (RB well))))))))))))))))))))) (. .) (-DFL- E_S))",193,277.58,283.21999999999997
sw04utt/sw_0414_3067.utt,3/sw3067,3067,139,%,B,67,2,"{F Uh } <sigh>, -/","[ Uh/UH ] ,/,","(INTJ (UH Uh) (, ,) (-DFL- N_S))",198,283.44,283.52
sw04utt/sw_0414_3067.utt,3/sw3067,3067,140,sv,A,68,1,"((   ))  It really makes an effort [ on, + ]  to,","[ MUMBLEx/XX ] [ It/PRP ] really/RB makes/VBZ  [ an/DT effort/NN ] on/IN ,/, to/TO ,/,","(S (X (XX MUMBLEx)) (NP-SBJ (NP (PRP It)) (S (-NONE- *EXP*-1))) (ADVP (RB really)) (VP (VBZ makes) (NP (DT an) (NN effort)) (EDITED (RM (-DFL- \[)) (PP-UNF (IN on)) (, ,) (IP (-DFL- \+)) (RS (-DFL- \]))) (S-1 (NP-SBJ (-NONE- *)) (VP (TO to) (, ,) (VP (VB do) (NP (DT this)) (ADVP-TMP (RB anymore)))))) (. .) (-DFL- E_S))",200,284.42,286.44
sw04utt/sw_0414_3067.utt,3/sw3067,3067,141,b,B,69,1,"Right, /","Right/UH ,/,","(INTJ (UH Right) (, ,) (-DFL- E_S))",195,286.28,286.4
sw04utt/sw_0414_3067.utt,3/sw3067,3067,142,+,A,70,1,do this anymore. /,do/VB  [ this/DT ] anymore/RB ./.,"(S (X (XX MUMBLEx)) (NP-SBJ (NP (PRP It)) (S (-NONE- *EXP*-1))) (ADVP (RB really)) (VP (VBZ makes) (NP (DT an) (NN effort)) (EDITED (RM (-DFL- \[)) (PP-UNF (IN on)) (, ,) (IP (-DFL- \+)) (RS (-DFL- \]))) (S-1 (NP-SBJ (-NONE- *)) (VP (TO to) (, ,) (VP (VB do) (NP (DT this)) (ADVP-TMP (RB anymore)))))) (. .) (-DFL- E_S))",200,286.56,288.04
sw04utt/sw_0414_3067.utt,3/sw3067,3067,143,sv,B,71,1,"it requires a lot of effort [ [ to, +  to, ] +","[ it/PRP ] requires/VBZ  [ a/DT lot/NN ] of/IN  [ effort/NN ] to/TO ,/, to/TO ,/,","(S (NP-SBJ (NP (PRP it)) (S (-NONE- *EXP*-1))) (VP (VBZ requires) (NP (NP (DT a) (NN lot)) (PP (IN of) (NP (NN effort)))) (S-1 (NP-SBJ (-NONE- *)) (EDITED (RM (-DFL- \[)) (EDITED (RM (-DFL- \[)) (VP-UNF (TO to)) (, ,) (IP (-DFL- \+))) (VP-UNF (TO to)) (, ,) (RS (-DFL- \])) (IP (-DFL- \+))) (VP (TO to) (RS (-DFL- \])) (VP (VB do) (NP (NP (DT that) (NN sort)) (PP (IN of) (NP (NN thing)))))))) (. .) (-DFL- E_S))",205,287.88,289.32
sw04utt/sw_0414_3067.utt,3/sw3067,3067,144,aa,A,72,1,"Right,  /","Right/UH ,/,","(INTJ (UH Right) (, ,) (-DFL- E_S))",195,289.48,289.62
sw04utt/sw_0414_3067.utt,3/sw3067,3067,145,aa^r,A,72,2,right. /,right/UH ./.,(INTJ (UH right) (. .) (-DFL- E_S)),196,289.7,289.88
sw04utt/sw_0414_3067.utt,3/sw3067,3067,146,+,B,73,1,to ] do that sort of thing.  /,to/TO do/VB  [ that/DT sort/NN ] of/IN  [ thing/NN ] ./.,"(S (NP-SBJ (NP (PRP it)) (S (-NONE- *EXP*-1))) (VP (VBZ requires) (NP (NP (DT a) (NN lot)) (PP (IN of) (NP (NN effort)))) (S-1 (NP-SBJ (-NONE- *)) (EDITED (RM (-DFL- \[)) (EDITED (RM (-DFL- \[)) (VP-UNF (TO to)) (, ,) (IP (-DFL- \+))) (VP-UNF (TO to)) (, ,) (RS (-DFL- \])) (IP (-DFL- \+))) (VP (TO to) (RS (-DFL- \])) (VP (VB do) (NP (NP (DT that) (NN sort)) (PP (IN of) (NP (NN thing)))))))) (. .) (-DFL- E_S))",205,289.76,290.7
sw04utt/sw_0414_3067.utt,3/sw3067,3067,147,sd,B,73,2,"{E I mean, } [ I, +  I ] used to enjoy going,  /","[ I/PRP ] mean/VBP ,/,  [ I/PRP ] ,/,  [ I/PRP ] used/VBD to/TO enjoy/VB going/VBG ,/,","(S (PRN (S (NP-SBJ (PRP I)) (VP (VBP mean))) (, ,)) (EDITED (RM (-DFL- \[)) (NP-SBJ (PRP I)) (, ,) (IP (-DFL- \+))) (NP-SBJ-1 (PRP I)) (RS (-DFL- \])) (VP (VBD used) (S (NP-SBJ-2 (-NONE- *-1)) (VP (TO to) (VP (VB enjoy) (S (NP-SBJ (-NONE- *-2)) (VP (VBG going))))))) (, ,) (-DFL- E_S))",210,290.7,293.56
sw04utt/sw_0414_3067.utt,3/sw3067,3067,148,sd,B,73,3,"{E I mean } I still do kind of enjoy it,  /","[ I/PRP ] mean/VBP  [ I/PRP ] still/RB do/VBP  [ kind/RB ] of/RB enjoy/VB  [ it/PRP ] ,/,","(S (PRN (S (NP-SBJ (PRP I)) (VP (VBP mean)))) (NP-SBJ (PRP I)) (ADVP-TMP (RB still)) (VP (VBP do) (ADVP (RB kind) (RB of)) (VP (VB enjoy) (NP (PRP it)))) (, ,) (-DFL- E_S))",211,293.56,295.56
sw04utt/sw_0414_3067.utt,3/sw3067,3067,149,sd,B,73,4,"{C but, }  {F uh, }  [ [ it's, +  it  does not, ] + it's not ] as many people there that I [ really, +  really ] enjoy seeing. /","but/CC ,/,  [ uh/UH ] ,/,  [ it/PRP ] 's/BES ,/,  [ it/PRP ] does/VBZ not/RB ,/,  [ it/PRP ] 's/BES not/RB  [ as/RB many/JJ people/NNS ] there/RB that/WDT  [ I/PRP ] really/RB ,/, really/RB enjoy/VBP seeing/VBG ./.","(S (CC but) (, ,) (INTJ (UH uh)) (, ,) (EDITED (RM (-DFL- \[)) (EDITED (RM (-DFL- \[)) (S (NP-SBJ (PRP it)) (VP-UNF (BES 's))) (, ,) (IP (-DFL- \+))) (S (NP-SBJ (PRP it)) (VP-UNF (VBZ does) (RB not))) (, ,) (RS (-DFL- \])) (IP (-DFL- \+))) (NP-SBJ (PRP it)) (VP (BES 's) (RB not) (RS (-DFL- \])) (NP-PRD (NP (ADJP (RB as) (JJ many)) (NNS people)) (ADVP-LOC (RB there)) (SBAR (WHNP-2 (WDT that)) (S (NP-SBJ-1 (PRP I)) (RM (-DFL- \[)) (ADVP (RB really)) (, ,) (IP (-DFL- \+)) (ADVP (RB really)) (RS (-DFL- \])) (VP (VBP enjoy) (S (NP-SBJ (-NONE- *-1)) (VP (VBG seeing) (NP (-NONE- *T*-2))))))))) (. .) (-DFL- E_S))",212,295.56,302.26
sw04utt/sw_0414_3067.utt,3/sw3067,3067,150,b,A,74,1,"Right,  /","Right/UH ,/,","(INTJ (UH Right) (, ,) (-DFL- E_S))",195,302.48,302.70000000000005
sw04utt/sw_0414_3067.utt,3/sw3067,3067,151,b^r,A,74,2,right. /,right/UH ./.,(INTJ (UH right) (. .) (-DFL- E_S)),196,302.72,302.86
sw04utt/sw_0414_3067.utt,3/sw3067,3067,152,%,B,75,1,"{D You know, }  I, - /","[ You/PRP ] know/VBP ,/,  [ I/PRP ] ,/,","(S-UNF (PRN (S (NP-SBJ (PRP You)) (VP (VBP know))) (, ,)) (NP-SBJ (PRP I)) (, ,) (-DFL- N_S))",217,302.7,302.9
sw04utt/sw_0414_3067.utt,3/sw3067,3067,153,sd,B,75,2,"it's going just for the sake of getting together,  /","[ it/PRP ] 's/BES going/VBG just/RB for/IN  [ the/DT sake/NN ] of/IN getting/VBG together/RB ,/,","(S (NP-SBJ (PRP it)) (VP (BES 's) (S-PRD (NP-SBJ (-NONE- *)) (VP (VBG going) (ADVP (RB just)) (PP (IN for) (NP (NP (DT the) (NN sake)) (PP (IN of) (S-NOM (NP-SBJ (-NONE- *)) (VP (VBG getting) (ADVP (RB together)))))))))) (, ,) (-DFL- E_S))",218,303.38,306.08
sw04utt/sw_0414_3067.utt,3/sw3067,3067,154,sd,B,75,3,I think for the family.  /,[ I/PRP ] think/VBP for/IN  [ the/DT family/NN ] ./.,(S (NP-SBJ (PRP I)) (VP (VBP think) (SBAR (-NONE- 0) (S-UNF (PP (IN for) (NP (DT the) (NN family)))))) (. .) (-DFL- E_S)),219,306.08,307.1
sw04utt/sw_0414_3067.utt,3/sw3067,3067,155,%,B,75,4,"{C And, } -/","And/CC ,/,","(S-UNF (CC And) (, ,) (-DFL- N_S))",220,307.28,307.32
sw04utt/sw_0414_3067.utt,3/sw3067,3067,156,qy,A,76,1,Do you correspond with anybody other than your mother and brother that's in that group?,Do/VBP  [ you/PRP ] correspond/VB with/IN  [ anybody/NN ] other/JJ than/IN  [ your/PRP$ mother/NN ] and/CC  [ brother/NN ]  [ that/WDT ] 's/BES in/IN  [ that/DT group/NN ] ?/.,(SQ (VBP Do) (NP-SBJ (PRP you)) (VP (VB correspond) (PP (IN with) (NP (NP (NN anybody)) (ADVP (JJ other) (PP (IN than) (NP (PRP$ your) (NN mother) (CC and) (NN brother)))) (SBAR (WHNP-1 (WDT that)) (S (NP-SBJ (-NONE- *T*-1)) (VP (BES 's) (PP-PRD (IN in) (NP (DT that) (NN group))))))))) (. ?)),222,307.48,311.08
sw04utt/sw_0414_3067.utt,3/sw3067,3067,157,^h,B,77,1,"<Throat_clearing> {F Uh, } /","[ Uh/UH ] ,/,","(INTJ (UH Uh) (, ,) (-DFL- N_S))",198,311.68,311.82
sw04utt/sw_0414_3067.utt,3/sw3067,3067,158,+,A,78,1,"On a regular basis, not just Christmas cards. /","On/IN  [ a/DT regular/JJ basis/NN ] ,/, not/RB just/RB  [ Christmas/NNP cards/NNS ] ./.","(FRAG (PP (IN On) (NP (DT a) (JJ regular) (NN basis))) (, ,) (RB not) (ADVP (RB just)) (NP (NNP Christmas) (NNS cards)) (. .) (-DFL- E_S))",223,312.14,314.04
sw04utt/sw_0414_3067.utt,3/sw3067,3067,159,nn,B,79,1,"{F Um, } {F um, } no,  /","Um/UH ,/, um/UH ,/, no/UH ,/,","(INTJ (INTJ (UH Um)) (, ,) (INTJ (UH um)) (, ,) (INTJ (UH no)) (, ,) (-DFL- E_S))",228,313.88,315.58
sw04utt/sw_0414_3067.utt,3/sw3067,3067,160,sd^e,B,79,2,not really.  /,not/RB really/RB ./.,(ADVP (RB not) (RB really) (. .) (-DFL- E_S)),229,315.58,316.14
sw04utt/sw_0414_3067.utt,3/sw3067,3067,161,%,B,79,3,"[ Tha-, + in that, ] - /","[ Tha-/DT ] ,/, in/IN  [ that/DT ] ,/,","(S-UNF (EDITED (RM (-DFL- \[)) (NP-UNF (DT Tha-)) (, ,) (IP (-DFL- \+))) (PP (IN in) (NP (DT that))) (, ,) (RS (-DFL- \])) (-DFL- N_S))",230,316.41,316.93
sw04utt/sw_0414_3067.utt,3/sw3067,3067,162,sd,B,79,4,"{C but, }  then again, {F uh, } {D well, } [ I, +  {D you know, } I ]  have some aunts that, {F uh, } [ [ I, + I, ] + I ] do.  /","but/CC ,/, then/RB again/RB ,/,  [ uh/UH ] ,/, well/UH ,/,  [ I/PRP ] ,/,  [ you/PRP ] know/VBP ,/,  [ I/PRP ] have/VBP  [ some/DT aunts/NNS ] [ that/WDT ] ,/,  [ uh/UH ] ,/,  [ I/PRP ] ,/,  [ I/PRP ] ,/,  [ I/PRP ] do/VBP ./.","(S (CC but) (, ,) (ADVP (RB then) (RB again)) (, ,) (INTJ (UH uh)) (, ,) (INTJ (UH well)) (, ,) (EDITED (RM (-DFL- \[)) (NP-SBJ (PRP I)) (, ,) (IP (-DFL- \+))) (PRN (S (NP-SBJ (PRP you)) (VP (VBP know))) (, ,)) (NP-SBJ (PRP I)) (RS (-DFL- \])) (VP (VBP have) (NP (NP (DT some) (NNS aunts)) (SBAR (WHNP-1 (WDT that)) (, ,) (INTJ (UH uh)) (, ,) (S (EDITED (RM (-DFL- \[)) (EDITED (RM (-DFL- \[)) (NP-SBJ (PRP I)) (, ,) (IP (-DFL- \+))) (NP-SBJ (PRP I)) (, ,) (RS (-DFL- \])) (IP (-DFL- \+))) (NP-SBJ (PRP I)) (RS (-DFL- \])) (VP (VBP do) (VP (-NONE- *?*) (NP (-NONE- *T*-1)))))))) (. .) (-DFL- E_S))",231,317.21,323.13
sw04utt/sw_0414_3067.utt,3/sw3067,3067,163,%,B,79,5,"That's about th-, - /","[ That/DT ] 's/BES about/RB  [ th-/XX ] ,/,","(S (NP-SBJ (DT That)) (VP-UNF (BES 's) (ADVP (RB about)) (X (XX th-))) (, ,) (-DFL- N_S))",232,323.13,324.51
sw04utt/sw_0414_3067.utt,3/sw3067,3067,164,sd,B,79,6,"my mother's sisters,","[ my/PRP$ mother/NN 's/POS sisters/NNS ] ,/,","(NP (NP (PRP$ my) (NN mother) (POS 's)) (NNS sisters) (PRN (, ,) (S (NP-SBJ (PRP you)) (VP (VBP know)))) (, ,) (-DFL- N_S))",233,324.91,326.21
sw04utt/sw_0414_3067.utt,3/sw3067,3067,165,b,A,80,1,"Uh-huh,  /","[ Uh-huh/UH ] ,/,","(INTJ (UH Uh-huh) (, ,) (-DFL- E_S))",235,326.38,326.58
sw04utt/sw_0414_3067.utt,3/sw3067,3067,166,b^r,A,80,2,uh-huh. /,[ uh-huh/UH ] ./.,(INTJ (UH uh-huh) (. .) (-DFL- E_S)),236,327.38,327.5
sw04utt/sw_0414_3067.utt,3/sw3067,3067,167,+,B,81,1,"{D you know, } - /","[ you/PRP ] know/VBP ,/,","(S (CC but) (, ,) (ADVP (RB then) (RB again)) (, ,) (INTJ (UH uh)) (, ,) (INTJ (UH well)) (, ,) (EDITED (RM (-DFL- \[)) (NP-SBJ (PRP I)) (, ,) (IP (-DFL- \+))) (PRN (S (NP-SBJ (PRP you)) (VP (VBP know))) (, ,)) (NP-SBJ (PRP I)) (RS (-DFL- \])) (VP (VBP have) (NP (NP (DT some) (NNS aunts)) (SBAR (WHNP-1 (WDT that)) (, ,) (INTJ (UH uh)) (, ,) (S (EDITED (RM (-DFL- \[)) (EDITED (RM (-DFL- \[)) (NP-SBJ (PRP I)) (, ,) (IP (-DFL- \+))) (NP-SBJ (PRP I)) (, ,) (RS (-DFL- \])) (IP (-DFL- \+))) (NP-SBJ (PRP I)) (RS (-DFL- \])) (VP (VBP do) (VP (-NONE- *?*) (NP (-NONE- *T*-1)))))))) (. .) (-DFL- E_S))",231,327.33,327.51000000000005
sw04utt/sw_0414_3067.utt,3/sw3067,3067,168,sd,B,81,2,"{C but } I feel closer to them, because I kind of grew up with them.  /","but/CC  [ I/PRP ] feel/VBP closer/JJR to/IN  [ them/PRP ] ,/, because/IN  [ I/PRP ] [ kind/RB ] of/RB grew/VBD up/RP with/IN  [ them/PRP ] ./.","(S (CC but) (NP-SBJ (PRP I)) (VP (VBP feel) (ADJP-PRD (JJR closer) (PP (IN to) (NP (PRP them)))) (, ,) (SBAR-PRP (IN because) (S (NP-SBJ (PRP I)) (ADVP (RB kind) (RB of)) (VP (VBD grew) (PRT (RP up)) (PP (IN with) (NP (PRP them))))))) (. .) (-DFL- E_S))",238,327.51,330.99
sw04utt/sw_0414_3067.utt,3/sw3067,3067,169,sd,B,81,3,"[ {C But, } +","But/CC ,/,","(FRAG (EDITED (RM (-DFL- \[)) (CC But) (, ,) (IP (-DFL- \+))) (CC But) (, ,) (RS (-DFL- \])) (INTJ (UH uh)) (, ,) (PP (IN as) (PRN (, ,) (S (NP-SBJ (PRP you)) (VP (VBP know))) (, ,)) (PP (IN for) (NP (NP (DT the) (NN rest)) (PP (IN of) (NP (DT that) (NN group)))))) (, ,) (INTJ (UH no)))",239,331.77,332.04999999999995
sw04utt/sw_0414_3067.utt,3/sw3067,3067,170,b,A,82,1,Right. /,[ Right/UH ] ./.,(INTJ (UH Right) (. .) (-DFL- E_S)),242,332.22,332.34000000000003
sw04utt/sw_0414_3067.utt,3/sw3067,3067,171,+,B,83,1,"<Inhaling> {C But, } ] {F uh, } as, {D you know, } for the rest of that group, no not really.  /","But/CC ,/,  [ uh/UH ] ,/, as/IN ,/,  [ you/PRP ] know/VBP ,/, for/IN  [ the/DT rest/NN ] of/IN  [ that/DT group/NN ] ,/, no/UH not/RB really/RB ./.","(FRAG (EDITED (RM (-DFL- \[)) (CC But) (, ,) (IP (-DFL- \+))) (CC But) (, ,) (RS (-DFL- \])) (INTJ (UH uh)) (, ,) (PP (IN as) (PRN (, ,) (S (NP-SBJ (PRP you)) (VP (VBP know))) (, ,)) (PP (IN for) (NP (NP (DT the) (NN rest)) (PP (IN of) (NP (DT that) (NN group)))))) (, ,) (INTJ (UH no)))|||(ADVP (RB not) (RB really) (. .) (-DFL- E_S))",239|||240,332.17,335.59
sw04utt/sw_0414_3067.utt,3/sw3067,3067,172,sd,B,83,2,"{F Uh, } {D you know, }  [ {C and, } + {C and } ] generally when I was growing up a lot of those people, the only time I ever saw them was at the reunion,  /","[ Uh/UH ] ,/,  [ you/PRP ] know/VBP ,/, and/CC ,/, and/CC generally/RB when/WRB  [ I/PRP ] was/VBD growing/VBG up/RP  [ a/DT lot/NN ] of/IN  [ those/DT people/NNS ] ,/,  [ the/DT only/JJ time/NN ] [ I/PRP ] ever/RB saw/VBD  [ them/PRP ] was/VBD at/IN  [ the/DT reunion/NN ] ,/,","(S (INTJ (UH Uh)) (PRN (, ,) (S (NP-SBJ (PRP you)) (VP (VBP know))) (, ,)) (EDITED (RM (-DFL- \[)) (CC and) (, ,) (IP (-DFL- \+))) (CC and) (RS (-DFL- \])) (ADVP (RB generally)) (SBAR-TMP (WHADVP-2 (WRB when)) (S (NP-SBJ (PRP I)) (VP (VBD was) (VP (VBG growing) (PRT (RP up)) (ADVP-TMP (-NONE- *T*-2)))))) (NP-TPC (NP (DT a) (NN lot)) (PP (IN of) (NP (DT those) (NNS people)))) (, ,) (NP-SBJ (NP (DT the) (JJ only) (NN time)) (SBAR (WHADVP-1 (-NONE- 0)) (S (NP-SBJ (PRP I)) (ADVP-TMP (RB ever)) (VP (VBD saw) (NP (PRP them)) (ADVP-TMP (-NONE- *T*-1)))))) (VP (VBD was) (PP-LOC-PRD (IN at) (NP (DT the) (NN reunion)))) (, ,) (-DFL- E_S))",244,336.25,342.1
sw04utt/sw_0414_3067.utt,3/sw3067,3067,173,%,B,83,3,"{C so, }  {F uh } -- -/","so/RB ,/,  [ uh/UH ] --/:","(S-UNF (RB so) (, ,) (INTJ (UH uh)) (-DFL- N_S))",245,342.16,342.56
sw04utt/sw_0414_3067.utt,3/sw3067,3067,174,b,A,84,1,"Right,  /","Right/UH ,/,","(INTJ (UH Right) (, ,) (-DFL- E_S))",207,342.74,342.96000000000004
sw04utt/sw_0414_3067.utt,3/sw3067,3067,175,b^r,A,84,2,right. /,right/UH ./.,(INTJ (UH right) (. .) (-DFL- E_S)),208,343.08,343.2
sw04utt/sw_0414_3067.utt,3/sw3067,3067,176,sd,B,85,1,-- you do not really feel [ that +  <sigh> that ] really close to them. /,--/:  [ you/PRP ] do/VBP not/RB really/RB feel/VB that/RB  [ that/RB ] really/RB close/JJ to/IN  [ them/PRP ] ./.,(S (NP-SBJ (PRP you)) (VP (VBP do) (RB not) (ADVP (RB really)) (VP (VB feel) (EDITED (RM (-DFL- \[)) (ADJP-PRD-UNF (RB that)) (IP (-DFL- \+))) (ADJP-PRD (RB that) (RS (-DFL- \])) (RB really) (JJ close) (PP (IN to) (NP (PRP them)))))) (. .) (-DFL- E_S)),250,343.78,347.08
sw04utt/sw_0414_3067.utt,3/sw3067,3067,177,aa,A,86,1,Right.  /,[ Right/UH ] ./.,(INTJ (UH Right) (. .) (-DFL- E_S)),242,347.46,347.79999999999995
sw04utt/sw_0414_3067.utt,3/sw3067,3067,178,sd,A,86,2,"In [ my, +  my, ] {F uh, } father's family, we get together <throat_clearing> every year at a different location, either Dallas or Oklahoma City.   /","In/IN  [ my/PRP$ ] ,/,  [ my/PRP$ ] ,/,  [ uh/UH ] ,/,  [ father/NN 's/POS family/NN ] ,/,  [ we/PRP ] get/VBP together/RB  [ every/DT year/NN ] at/IN  [ a/DT different/JJ location/NN ] ,/,  [ either/CC Dallas/NNP ] or/CC  [ Oklahoma/NNP City/NNP ] ./.","(S (PP (IN In) (EDITED (RM (-DFL- \[)) (NP-UNF (PRP$ my)) (, ,) (IP (-DFL- \+))) (NP (NP (PRP$ my) (, ,) (RS (-DFL- \])) (INTJ (UH uh)) (, ,) (NN father) (POS 's)) (NN family))) (, ,) (NP-SBJ (PRP we)) (VP (VBP get) (ADVP (RB together)) (NP-TMP (DT every) (NN year)) (PP-LOC (IN at) (NP (NP (DT a) (JJ different) (NN location)) (, ,) (NP (CC either) (NP (NNP Dallas)) (CC or) (NP (NNP Oklahoma) (NNP City)))))) (. .) (-DFL- E_S))",253,348.14,355.52000000000004
sw04utt/sw_0414_3067.utt,3/sw3067,3067,179,sd,A,86,3,"They had chosen Santa Barbara, California for this summer  [ and, + and  ] did not get enough people that were willing to go that far,","[ They/PRP ] had/VBD chosen/VBN  [ Santa/NNP Barbara/NNP ] ,/,  [ California/NNP ] for/IN  [ this/DT summer/NN ] and/CC ,/, and/CC did/VBD not/RB get/VB  [ enough/JJ people/NNS ] [ that/WDT ] were/VBD willing/JJ to/TO go/VB that/RB far/RB ,/,","(S (NP-SBJ (PRP They)) (VP (VP (VBD had) (VP (VBN chosen) (NP (NP (NNP Santa) (NNP Barbara)) (, ,) (NP (NNP California))) (PP (IN for) (NP (DT this) (NN summer))))) (EDITED (RM (-DFL- \[)) (CC and) (, ,) (IP (-DFL- \+))) (CC and) (RS (-DFL- \])) (VP (VBD did) (RB not) (VP (VB get) (NP (NP (JJ enough) (NNS people)) (SBAR (WHNP-1 (WDT that)) (S (NP-SBJ-2 (-NONE- *T*-1)) (VP (VBD were) (ADJP-PRD (JJ willing) (S (NP-SBJ (-NONE- *-2)) (VP (TO to) (VP (VB go) (ADVP (RB that) (RB far)))))))))) (, ,) (SBAR-PRP (IN because) (S (NP-SBJ (NP (JJS most)) (PP (IN of) (NP (PRP us)))) (VP (VBP live) (PP-LOC (CC either) (PP (IN in) (NP (DT the) (NN midwest))) (, ,) (CC or) (INTJ (UH like)) (PP (IN in) (NP (DT the) (TYPO (NNP Texas) (, ,) (NNP Oklahoma)) (NN area)))))))))) (. .) (-DFL- E_S))",254,355.52,361.76000000000005
sw04utt/sw_0414_3067.utt,3/sw3067,3067,180,b,B,87,1,Uh-huh. /,[ Uh-huh/UH ] ./.,(INTJ (UH Uh-huh) (. .) (-DFL- E_S)),256,361.58,361.7
sw04utt/sw_0414_3067.utt,3/sw3067,3067,181,+,A,88,1,"because most of us live either in the midwest, or {D like } in the Texas, Oklahoma area.  /","because/IN  [ most/JJS ] of/IN  [ us/PRP ] live/VBP either/CC in/IN  [ the/DT midwest/NN ] ,/, or/CC like/UH in/IN  [ the/DT Texas/NNP ] ,/,  [ Oklahoma/NNP area/NN ] ./.","(S (NP-SBJ (PRP They)) (VP (VP (VBD had) (VP (VBN chosen) (NP (NP (NNP Santa) (NNP Barbara)) (, ,) (NP (NNP California))) (PP (IN for) (NP (DT this) (NN summer))))) (EDITED (RM (-DFL- \[)) (CC and) (, ,) (IP (-DFL- \+))) (CC and) (RS (-DFL- \])) (VP (VBD did) (RB not) (VP (VB get) (NP (NP (JJ enough) (NNS people)) (SBAR (WHNP-1 (WDT that)) (S (NP-SBJ-2 (-NONE- *T*-1)) (VP (VBD were) (ADJP-PRD (JJ willing) (S (NP-SBJ (-NONE- *-2)) (VP (TO to) (VP (VB go) (ADVP (RB that) (RB far)))))))))) (, ,) (SBAR-PRP (IN because) (S (NP-SBJ (NP (JJS most)) (PP (IN of) (NP (PRP us)))) (VP (VBP live) (PP-LOC (CC either) (PP (IN in) (NP (DT the) (NN midwest))) (, ,) (CC or) (INTJ (UH like)) (PP (IN in) (NP (DT the) (TYPO (NNP Texas) (, ,) (NNP Oklahoma)) (NN area)))))))))) (. .) (-DFL- E_S))",254,361.88,366.09999999999997
sw04utt/sw_0414_3067.utt,3/sw3067,3067,182,sd,A,88,2,"{C And, {F uh, } <swallowing> so } they cancelled that one and, {F uh, } are looking next year bringing it back closer,  /","And/CC ,/,  [ uh/UH ] ,/, so/RB  [ they/PRP ] cancelled/VBD that/DT  [ one/CD ] and/CC ,/,  [ uh/UH ] ,/, are/VBP looking/VBG  [ next/JJ year/NN ] bringing/VBG  [ it/PRP ] back/RB closer/RBR ,/,","(S (EDITED (CC And)) (, ,) (INTJ (UH uh)) (, ,) (RB so) (NP-SBJ-2 (PRP they)) (VP (VP (VBD cancelled) (NP (DT that) (CD one))) (CC and) (, ,) (INTJ (UH uh)) (, ,) (VP (VBP are) (VP (VBG looking) (X (S (NP-TMP (JJ next) (NN year)) (NP-SBJ (-NONE- *-2)) (VP (VBG bringing) (NP-1 (PRP it)) (ADVP (RB back)) (S-ADV (NP-SBJ (-NONE- *-1)) (ADJP-PRD (RBR closer))))))))) (, ,) (-DFL- E_S))",258,366.82,373.44
sw04utt/sw_0414_3067.utt,3/sw3067,3067,183,sd,A,88,3,"{C but } we have [ a letter, +  a family letter, ]","but/CC  [ we/PRP ] have/VBP  [ a/DT letter/NN ] ,/,  [ a/DT family/NN letter/NN ] ,/,","(S (CC but) (NP-SBJ (PRP we)) (VP (VBP have) (RM (-DFL- \[)) (NP (NP (NP (DT a) (NN letter)) (, ,) (IP (-DFL- \+)) (NP (DT a) (NN family) (NN letter))) (, ,) (RS (-DFL- \])) (SBAR (WHNP-1 (WDT that)) (S (NP-SBJ (-NONE- *T*-1)) (VP (VBZ circulates)))))) (, ,) (-DFL- E_S))",259,373.44,375.58
sw04utt/sw_0414_3067.utt,3/sw3067,3067,184,b,B,89,1,Uh-huh. /,[ Uh-huh/UH ] ./.,(INTJ (UH Uh-huh) (. .) (-DFL- E_S)),256,375.4,375.5
sw04utt/sw_0414_3067.utt,3/sw3067,3067,185,+,A,90,1,"that circulates,  /","[ that/WDT ] circulates/VBZ ,/,","(S (CC but) (NP-SBJ (PRP we)) (VP (VBP have) (RM (-DFL- \[)) (NP (NP (NP (DT a) (NN letter)) (, ,) (IP (-DFL- \+)) (NP (DT a) (NN family) (NN letter))) (, ,) (RS (-DFL- \])) (SBAR (WHNP-1 (WDT that)) (S (NP-SBJ (-NONE- *T*-1)) (VP (VBZ circulates)))))) (, ,) (-DFL- E_S))",259,376.36,377.46
sw04utt/sw_0414_3067.utt,3/sw3067,3067,186,sd,A,90,2,{C and } it usually goes through me twice a year  /,and/CC  [ it/PRP ] usually/RB goes/VBZ through/IN  [ me/PRP ] twice/RB  [ a/DT year/NN ],(S (CC and) (NP-SBJ (PRP it)) (ADVP-TMP (RB usually)) (VP (VBZ goes) (PP (IN through) (NP (PRP me))) (ADVP-TMP (RB twice) (NP (DT a) (NN year)))) (-DFL- E_S)),263,377.46,379.88
sw04utt/sw_0414_3067.utt,3/sw3067,3067,187,sd,A,90,3,"{C and } what you do is take out the last letter you wrote that's on the bottom and put [ the, +  your ] new letter on the top,  /","and/CC  [ what/WP ] [ you/PRP ] do/VBP is/VBZ take/VB out/RB  [ the/DT last/JJ letter/NN ] [ you/PRP ] wrote/VBD  [ that/WDT ] 's/BES on/IN  [ the/DT bottom/NN ] and/CC put/VBP  [ the/DT ] ,/,  [ your/PRP$ new/JJ letter/NN ] on/IN  [ the/DT top/NN ] ,/,","(S (CC and) (SBAR-NOM-SBJ (WHNP-1 (WP what)) (S (NP-SBJ (PRP you)) (VP (VBP do) (NP (-NONE- *T*-1))))) (VP (VBZ is) (S-PRD (NP-SBJ (-NONE- *)) (VP (VP (VB take) (PRT (RB out)) (NP (NP (DT the) (JJ last) (NN letter)) (SBAR (WHNP-2 (-NONE- 0)) (S (NP-SBJ (PRP you)) (VP (VBD wrote) (NP (-NONE- *T*-2))))) (SBAR (WHNP-3 (WDT that)) (S (NP-SBJ (-NONE- *T*-3)) (VP (BES 's) (PP-LOC-PRD (IN on) (NP (DT the) (NN bottom)))))))) (CC and) (VP (VBP put) (EDITED (RM (-DFL- \[)) (NP-UNF (DT the)) (, ,) (IP (-DFL- \+))) (NP (PRP$ your) (RS (-DFL- \])) (JJ new) (NN letter)) (PP-PUT (IN on) (NP (DT the) (NN top))))))) (, ,) (-DFL- E_S))",264,380.32,385.84
sw04utt/sw_0414_3067.utt,3/sw3067,3067,188,sd,A,90,4,{C and then } that's the way it's kept in order.  /,and/CC then/RB  [ that/DT ] 's/BES  [ the/DT way/NN ] [ it/PRP ] 's/BES kept/VBN in/IN  [ order/NN ] ./.,(S (CONJP (CC and) (RB then)) (NP-SBJ (DT that)) (VP (BES 's) (NP-MNR-PRD (NP (DT the) (NN way)) (SBAR (WHADVP-2 (-NONE- 0)) (S (NP-SBJ-1 (PRP it)) (VP (BES 's) (VP (VBN kept) (NP (-NONE- *-1)) (PP (IN in) (NP (NN order))) (ADVP-MNR (-NONE- *T*-2)))))))) (. .) (-DFL- E_S)),265,386.32,388.96
sw04utt/sw_0414_3067.utt,3/sw3067,3067,189,sd,A,90,5,"{C And } then, <sigh> about twice a year then you are kept up with what is going on and  when you meet them at the reunion, you do not feel like, I do not know anything about this person.  /","And/CC then/RB ,/, about/RB twice/RB  [ a/DT year/NN ] then/RB  [ you/PRP ] are/VBP kept/VBN up/RP with/IN  [ what/WP ] is/VBZ going/VBG on/RP and/CC when/WRB  [ you/PRP ] meet/VBP  [ them/PRP ] at/IN  [ the/DT reunion/NN ] ,/,  [ you/PRP ] do/VBP not/RB feel/VB like/IN ,/,  [ I/PRP ] do/VBP not/RB know/VB  [ anything/NN ] about/IN  [ this/DT person/NN ] ./.","(S (EDITED (CONJP (CC And) (RB then)) (, ,)) (ADVP-TMP (RB about) (RB twice) (NP (DT a) (NN year))) (ADVP (RB then)) (NP-SBJ-1 (PRP you)) (VP (VBP are) (VP (VBN kept) (NP (-NONE- *-1)) (PRT (RP up)) (PP (IN with) (SBAR-NOM (WHNP-2 (WP what)) (S (NP-SBJ (-NONE- *T*-2)) (VP (VBZ is) (VP (VBG going) (PRT (RP on))))))))))|||(S (CC and) (SBAR-TMP (WHADVP-3 (WRB when)) (S (NP-SBJ (PRP you)) (VP (VBP meet) (NP (PRP them)) (PP-LOC (IN at) (NP (DT the) (NN reunion))) (ADVP-TMP (-NONE- *T*-3))))) (, ,) (NP-SBJ (PRP you)) (VP (VBP do) (RB not) (VP (VB feel) (SBAR (IN like) (, ,) (S (NP-SBJ (PRP I)) (VP (VBP do) (RB not) (VP (VB know) (NP (NP (NN anything)) (PP (IN about) (NP (DT this) (NN person)))))))))) (. .) (-DFL- E_S))",266|||267,389.14,398.58000000000004
sw04utt/sw_0414_3067.utt,3/sw3067,3067,190,sd,A,90,6,"You have,","[ You/PRP ] have/VBP ,/,","(S (NP-SBJ (PRP You)) (VP (VBP have) (, ,) (VP (VB read) (NP (NP (NN something)) (PP (PP (IN about) (SBAR (WHNP-1 (WP what)) (S (NP-SBJ (-NONE- *T*-1)) (VP (VBZ is) (VP (VBG going) (PRT (RP on))))))) (CC and) (PP (IN about) (NP (NP (PRP$ their) (NNS children)) (CC and) (ADVP-ETC (RB so) (RB forth)))))))) (. .) (-DFL- E_S))",268,398.96,399.18
sw04utt/sw_0414_3067.utt,3/sw3067,3067,191,ba,B,91,1,That's a good idea. /,[ That/DT ] 's/BES  [ a/DT good/JJ idea/NN ] ./.,(S (NP-SBJ (DT That)) (VP (BES 's) (NP-PRD (DT a) (JJ good) (NN idea))) (. .) (-DFL- E_S)),270,399.0,399.41999999999996
sw04utt/sw_0414_3067.utt,3/sw3067,3067,192,+,A,92,1,read something about what is going on and <inhaling> about their children and so forth.  /,read/VB  [ something/NN ] about/IN  [ what/WP ] is/VBZ going/VBG on/RP and/CC about/IN  [ their/PRP$ children/NNS ] and/CC so/RB forth/RB ./.,"(S (NP-SBJ (PRP You)) (VP (VBP have) (, ,) (VP (VB read) (NP (NP (NN something)) (PP (PP (IN about) (SBAR (WHNP-1 (WP what)) (S (NP-SBJ (-NONE- *T*-1)) (VP (VBZ is) (VP (VBG going) (PRT (RP on))))))) (CC and) (PP (IN about) (NP (NP (PRP$ their) (NNS children)) (CC and) (ADVP-ETC (RB so) (RB forth)))))))) (. .) (-DFL- E_S))",268,399.6,403.12
sw04utt/sw_0414_3067.utt,3/sw3067,3067,193,sd,A,92,2,"{C So, } you are kind of,","So/UH ,/,  [ you/PRP ] are/VBP kind/RB of/RB ,/,","(S (RB So) (, ,) (NP-SBJ (PRP you)) (VP (VBP are) (ADVP (RB kind) (RB of)) (, ,) (ADJP-PRD (GW half) (^RB way) (VBN acquainted)) (NP-MNR (DT that) (NN way))) (. .) (-DFL- E_S))",272,403.12,403.70000000000005
sw04utt/sw_0414_3067.utt,3/sw3067,3067,194,b,B,93,1,Right. /,[ Right/UH ] ./.,(INTJ (UH Right) (. .) (-DFL- E_S)),242,403.52,403.68
sw04utt/sw_0414_3067.utt,3/sw3067,3067,195,+,A,94,1,half way acquainted that way.  /,[ half/GW way/^RB ] acquainted/VBN  [ that/DT way/NN ] ./.,"(S (RB So) (, ,) (NP-SBJ (PRP you)) (VP (VBP are) (ADVP (RB kind) (RB of)) (, ,) (ADJP-PRD (GW half) (^RB way) (VBN acquainted)) (NP-MNR (DT that) (NN way))) (. .) (-DFL- E_S))",272,403.86,405.32
sw04utt/sw_0414_3067.utt,3/sw3067,3067,196,sd,A,94,2,"<inhaling>  {C And } [ [ that, +","And/CC  [ that/DT ] ,/,","(S (CC And) (S-TPC-1 (EDITED (RM (-DFL- \[)) (EDITED (RM (-DFL- \[)) (NP-SBJ (DT that)) (, ,) (IP (-DFL- \+))) (S (NP-SBJ (DT that)) (VP (HVS 's) (VP (VBN been) (NP-PRD-UNF (DT a))))) (, ,) (RS (-DFL- \])) (IP (-DFL- \+))) (NP-SBJ (DT that)) (VP (HVS 's) (VP (VBN been) (NP-PRD (NP (DT a) (RS (-DFL- \])) (JJ nice) (NN way)) (PP (IN of) (S-NOM (NP-SBJ (-NONE- *)) (VP (VBG keeping) (S (NP-SBJ (NP (PRP us)) (NP (DT all))) (ADJP-PRD (JJ aware) (PP (IN of) (NP (DT each) (JJ other)))))))))))) (, ,) (NP-SBJ (PRP I)) (VP (VBP think) (SBAR (-NONE- 0) (S (-NONE- *T*-1)))) (. .) (-DFL- E_S))",276,405.98,406.15999999999997
sw04utt/sw_0414_3067.utt,3/sw3067,3067,197,ny,B,95,1,Yeah. /,Yeah/UH ./.,(INTJ (UH Yeah) (. .) (-DFL- E_S)),278,405.98,406.16
sw04utt/sw_0414_3067.utt,3/sw3067,3067,198,+,A,96,1,"that's been a, ] + that's been a ] nice way of keeping us all aware of each other, I think. /","[ that/DT ] 's/HVS been/VBN  [ a/DT ] ,/,  [ that/DT ] 's/HVS been/VBN  [ a/DT nice/JJ way/NN ] of/IN keeping/VBG  [ us/PRP ] all/DT aware/JJ of/IN  [ each/DT other/JJ ] ,/,  [ I/PRP ] think/VBP ./.","(S (CC And) (S-TPC-1 (EDITED (RM (-DFL- \[)) (EDITED (RM (-DFL- \[)) (NP-SBJ (DT that)) (, ,) (IP (-DFL- \+))) (S (NP-SBJ (DT that)) (VP (HVS 's) (VP (VBN been) (NP-PRD-UNF (DT a))))) (, ,) (RS (-DFL- \])) (IP (-DFL- \+))) (NP-SBJ (DT that)) (VP (HVS 's) (VP (VBN been) (NP-PRD (NP (DT a) (RS (-DFL- \])) (JJ nice) (NN way)) (PP (IN of) (S-NOM (NP-SBJ (-NONE- *)) (VP (VBG keeping) (S (NP-SBJ (NP (PRP us)) (NP (DT all))) (ADJP-PRD (JJ aware) (PP (IN of) (NP (DT each) (JJ other)))))))))))) (, ,) (NP-SBJ (PRP I)) (VP (VBP think) (SBAR (-NONE- 0) (S (-NONE- *T*-1)))) (. .) (-DFL- E_S))",276,406.34,412.53999999999996
sw04utt/sw_0414_3067.utt,3/sw3067,3067,199,b,B,97,1,Right. /,[ Right/UH ] ./.,(INTJ (UH Right) (. .) (-DFL- E_S)),252,412.64,412.91999999999996
sw04utt/sw_0414_3067.utt,3/sw3067,3067,200,sd,A,98,1,We tried to start that in my husband's  family.  /,[ We/PRP ] tried/VBD to/TO start/VB that/DT in/IN  [ my/PRP$ husband/NN 's/POS family/NN ] ./.,(S (NP-SBJ-1 (PRP We)) (VP (VBD tried) (S (NP-SBJ (-NONE- *-1)) (VP (TO to) (VP (VB start) (NP (DT that))))) (PP (IN in) (NP (NP (PRP$ my) (NN husband) (POS 's)) (NN family)))) (. .) (-DFL- E_S)),283,413.1,415.08000000000004
sw04utt/sw_0414_3067.utt,3/sw3067,3067,201,sd,A,98,2,"His mother's side decided they were going to have a reunion a couple of years ago,  /","[ His/PRP$ mother/NN 's/POS side/NN ] decided/VBD  [ they/PRP ] were/VBD going/VBG to/TO have/VB  [ a/DT reunion/NN ] [ a/DT couple/NN ] of/IN  [ years/NNS ] ago/RB ,/,","(S (NP-SBJ (NP (PRP$ His) (NN mother) (POS 's)) (NN side)) (VP (VBD decided) (SBAR (-NONE- 0) (S (NP-SBJ-1 (PRP they)) (VP (VBD were) (VP (VBG going) (S (NP-SBJ (-NONE- *-1)) (VP (TO to) (VP (VB have) (NP (DT a) (NN reunion))))))))) (ADVP-TMP (NP (NP (DT a) (NN couple)) (PP (IN of) (NP (NNS years)))) (RB ago))) (, ,) (-DFL- E_S))",284,415.08,419.52000000000004
sw04utt/sw_0414_3067.utt,3/sw3067,3067,202,sd(^q),A,98,3,"{C and } I said, {D well } let's start this letter,  /","and/CC  [ I/PRP ] said/VBD ,/, well/UH let/VB  [ 's/PRP ] start/VB  [ this/DT letter/NN ] ,/,","(S (CC and) (NP-SBJ (PRP I)) (VP (VBD said) (, ,) (S-IMP-SEZ (INTJ (UH well)) (NP-SBJ (-NONE- *)) (VP (VB let) (S (NP-SBJ (PRP 's)) (VP (VB start) (NP (DT this) (NN letter))))))) (, ,) (-DFL- E_S))",285,419.52,421.04
sw04utt/sw_0414_3067.utt,3/sw3067,3067,203,sd,A,98,4,{C and } it just never  ((   )) - /,and/CC  [ it/PRP ] just/RB never/RB MUMBLEx/XX,(S-UNF (CC and) (NP-SBJ (PRP it)) (ADVP (RB just)) (ADVP-TMP (RB never)) (X (XX MUMBLEx)) (-DFL- N_S)),286,421.6,422.47999999999996
sw04utt/sw_0414_3067.utt,3/sw3067,3067,204,sd,A,98,5,my husband's sisters started it and sent it to us  /,[ my/PRP$ husband/NN 's/POS sisters/NNS ] started/VBD  [ it/PRP ] and/CC sent/VBD  [ it/PRP ] to/IN  [ us/PRP ],(S (NP-SBJ (NP (PRP$ my) (NN husband) (POS 's)) (NNS sisters)) (VP (VP (VBD started) (NP (PRP it))) (CC and) (VP (VBD sent) (NP (PRP it)) (PP-DTV (IN to) (NP (PRP us))))) (-DFL- E_S)),287,423.54,425.71999999999997
sw04utt/sw_0414_3067.utt,3/sw3067,3067,205,sd,A,98,6,{C and } that's as far as <laughter> it got.  /,and/CC  [ that/DT ] 's/BES as/RB far/RB as/IN  [ it/PRP ] got/VBD ./.,(S (CC and) (NP-SBJ (DT that)) (VP (BES 's) (ADVP-PRD (ADVP (RB as) (RB far)) (SBAR (IN as) (S (NP-SBJ (PRP it)) (VP (VBD got) (ADVP (-NONE- *?*))))))) (. .) (-DFL- E_S)),288,425.72,427.0
sw04utt/sw_0414_3067.utt,3/sw3067,3067,206,sd,A,98,7,"I sent it,","[ I/PRP ] sent/VBD  [ it/PRP ] ,/,","(S (NP-SBJ (PRP I)) (VP (VBD sent) (NP (PRP it)) (, ,) (PP-DIR (IN on) (PP (IN to) (NP (DT the) (JJ next) (NN one))))) (, ,) (-DFL- E_S))",289,427.0,427.36
sw04utt/sw_0414_3067.utt,3/sw3067,3067,207,b,B,99,1,Yeah. /,Yeah/UH ./.,(INTJ (UH Yeah) (. .) (-DFL- E_S)),278,427.18,427.26
sw04utt/sw_0414_3067.utt,3/sw3067,3067,208,+,A,100,1,"on to the next one,  /","on/IN to/IN  [ the/DT next/JJ one/NN ] ,/,","(S (NP-SBJ (PRP I)) (VP (VBD sent) (NP (PRP it)) (, ,) (PP-DIR (IN on) (PP (IN to) (NP (DT the) (JJ next) (NN one))))) (, ,) (-DFL- E_S))",289,427.44,428.22
sw04utt/sw_0414_3067.utt,3/sw3067,3067,209,sd,A,100,2,"[ [ {C and, } + {C and, } ] +  {C but } ] we are going in a couple of weeks to the next one, in Scottsdale, Arizona,","and/CC ,/, and/CC ,/, but/CC  [ we/PRP ] are/VBP going/VBG in/IN  [ a/DT couple/NN ] of/IN  [ weeks/NNS ] to/IN  [ the/DT next/JJ one/NN ] ,/, in/IN  [ Scottsdale/NNP ] ,/,  [ Arizona/NNP ] ,/,","(S (EDITED (RM (-DFL- \[)) (EDITED (RM (-DFL- \[)) (CC and) (, ,) (IP (-DFL- \+))) (CC and) (, ,) (RS (-DFL- \])) (IP (-DFL- \+))) (CC but) (RS (-DFL- \])) (NP-SBJ (PRP we)) (VP (VBP are) (VP (VBG going) (PP-TMP (IN in) (NP (NP (DT a) (NN couple)) (PP (IN of) (NP (NNS weeks))))) (PP-DIR (IN to) (NP (NP (DT the) (JJ next) (NN one)) (, ,) (PP-LOC (IN in) (NP (NP (NNP Scottsdale)) (, ,) (NP (NNP Arizona)))) (, ,) (PP (IN for) (NP (DT that) (NN family))))))) (. .) (-DFL- E_S))",293,428.22,433.36
sw04utt/sw_0414_3067.utt,3/sw3067,3067,210,b,B,101,1,Uh-huh. /,[ Uh-huh/UH ] ./.,(INTJ (UH Uh-huh) (. .) (-DFL- E_S)),261,433.18,433.3
sw04utt/sw_0414_3067.utt,3/sw3067,3067,211,+,A,102,1,for that family.  <inhaling>  /,for/IN  [ that/DT family/NN ] ./.,"(S (EDITED (RM (-DFL- \[)) (EDITED (RM (-DFL- \[)) (CC and) (, ,) (IP (-DFL- \+))) (CC and) (, ,) (RS (-DFL- \])) (IP (-DFL- \+))) (CC but) (RS (-DFL- \])) (NP-SBJ (PRP we)) (VP (VBP are) (VP (VBG going) (PP-TMP (IN in) (NP (NP (DT a) (NN couple)) (PP (IN of) (NP (NNS weeks))))) (PP-DIR (IN to) (NP (NP (DT the) (JJ next) (NN one)) (, ,) (PP-LOC (IN in) (NP (NP (NNP Scottsdale)) (, ,) (NP (NNP Arizona)))) (, ,) (PP (IN for) (NP (DT that) (NN family))))))) (. .) (-DFL- E_S))",293,433.48,434.32
sw04utt/sw_0414_3067.utt,3/sw3067,3067,212,sd,A,102,2,"We are real glad we got together because since [ that, +  that ] time there were only {D like } [ two of the, + ] one sister and one sister-in-law of the original family left.  /","[ We/PRP ] are/VBP real/RB glad/JJ  [ we/PRP ] got/VBD together/RB because/IN since/IN  [ that/DT ] ,/,  [ that/DT time/NN ] [ there/EX ] were/VBD only/JJ like/UH  [ two/CD ] of/IN  [ the/DT ] ,/,  [ one/CD sister/NN ] and/CC  [ one/CD sister-in-law/NN ] of/IN  [ the/DT original/JJ family/NN ] left/VBD ./.","(S (NP-SBJ (PRP We)) (VP (VBP are) (ADJP-PRD (RB real) (JJ glad) (SBAR (-NONE- 0) (S (NP-SBJ (PRP we)) (VP (VBD got) (ADVP (RB together)))))) (SBAR-PRP (IN because) (S (PP-TMP (IN since) (EDITED (RM (-DFL- \[)) (NP-UNF (DT that)) (, ,) (IP (-DFL- \+))) (NP (DT that) (RS (-DFL- \])) (NN time))) (NP-SBJ (EX there)) (VP (VBD were) (ADVP (JJ only)) (INTJ (UH like)) (EDITED (RM (-DFL- \[)) (NP-PRD (NP (CD two)) (PP (IN of) (NP-UNF (DT the)))) (, ,) (IP (-DFL- \+)) (RS (-DFL- \]))) (NP-PRD (NP (NP (CD one) (NN sister)) (CC and) (NP (NP (CD one) (NN sister-in-law)) (PP (IN of) (NP (DT the) (JJ original) (NN family))))) (VP (VBD left) (NP (-NONE- *)))))))) (. .) (-DFL- E_S))",297,435.02,443.9
sw04utt/sw_0414_3067.utt,3/sw3067,3067,213,sd,A,102,3,{C And } the sister-in-law died  /,And/CC  [ the/DT sister-in-law/NN ] died/VBD,(S (CC And) (NP-SBJ (DT the) (NN sister-in-law)) (VP (VBD died)) (-DFL- E_S)),298,443.92,445.0
sw04utt/sw_0414_3067.utt,3/sw3067,3067,214,sd,A,102,4,"{C and } the sister is in a nursing home,  /","and/CC  [ the/DT sister/NN ] is/VBZ in/IN  [ a/DT nursing/VBG home/NN ] ,/,","(S (CC and) (NP-SBJ (DT the) (NN sister)) (VP (VBZ is) (PP-LOC-PRD (IN in) (NP (DT a) (VBG nursing) (NN home)))) (, ,) (-DFL- E_S))",299,445.0,446.3
sw04utt/sw_0414_3067.utt,3/sw3067,3067,215,sd,A,102,5,"{C so, }  we are glad that we took that opportunity two years ago. /","so/RB ,/,  [ we/PRP ] are/VBP glad/JJ that/IN  [ we/PRP ] took/VBD  [ that/DT opportunity/NN two/CD years/NNS ] ago/RB ./.","(S (RB so) (, ,) (NP-SBJ (PRP we)) (VP (VBP are) (ADJP-PRD (JJ glad) (SBAR (IN that) (S (NP-SBJ (PRP we)) (VP (VBD took) (NP (DT that) (NN opportunity)) (ADVP-TMP (NP (CD two) (NNS years)) (RB ago))))))) (. .) (-DFL- E_S))",300,446.3,449.9
