swda_filename,ptb_basename,conversation_no,transcript_index,act_tag,caller,utterance_index,subutterance_index,text,pos,trees,ptb_treenumbers,start_ts,end_ts
sw01utt/sw_0120_3113.utt,3/sw3113,3113,0,o,B,1,1,Okay. /,Okay/UH ./.,(INTJ (UH Okay) (. .) (-DFL- E_S)),1,2.12,2.58
sw01utt/sw_0120_3113.utt,3/sw3113,3113,1,b,A,2,1,Okay.  /,Okay/UH ./.,(INTJ (UH Okay) (. .) (-DFL- E_S)),1,3.42,3.82
sw01utt/sw_0120_3113.utt,3/sw3113,3113,2,sd,A,2,2,"{D Well, } [ I, + {F uh, } I ] guess because I work quite a bit with lawyers, {A I'm not a lawyer, } {F uh, } that I find a lot of things are so specialized that I'm not sure,  /","Well/UH ,/,  [ I/PRP ] ,/,  [ uh/UH ] ,/,  [ I/PRP ] guess/VBP because/IN  [ I/PRP ] work/VBP quite/RB  [ a/DT bit/NN ] with/IN  [ lawyers/NNS ] ,/,  [ I/PRP ] 'm/VBP not/RB  [ a/DT lawyer/NN ] ,/,  [ uh/UH ] ,/, that/DT  [ I/PRP ] find/VBP  [ a/DT lot/NN ] of/IN  [ things/NNS ] are/VBP so/RB specialized/JJ that/IN  [ I/PRP ] 'm/VBP not/RB  [ sure/JJ ] ,/,","(S (INTJ (UH Well)) (, ,) (EDITED (RM (-DFL- \[)) (NP-SBJ (PRP I)) (, ,) (IP (-DFL- \+))) (INTJ (UH uh)) (, ,) (NP-SBJ (PRP I)) (RS (-DFL- \])) (VP (VBP guess) (SBAR-PRP-TPC-1 (IN because) (S (NP-SBJ (PRP I)) (VP (VBP work) (NP-ADV (RB quite) (DT a) (NN bit)) (PP (IN with) (NP (NNS lawyers)))))) (PRN (, ,) (S (NP-SBJ (PRP I)) (VP (VBP 'm) (RB not) (NP-PRD (DT a) (NN lawyer)))) (, ,)) (INTJ (UH uh)) (, ,) (SBAR (DT that) (S (SBAR-PRP (-NONE- *T*-1)) (NP-SBJ (PRP I)) (VP (VBP find) (SBAR (-NONE- 0) (S (NP-SBJ (NP (DT a) (NN lot)) (PP (IN of) (NP (NNS things)))) (VP (VBP are) (ADJP-PRD (ADJP (RB so) (JJ specialized)) (SBAR (IN that) (S (NP-SBJ (PRP I)) (VP (VBP 'm) (RB not) (ADJP-PRD (JJ sure))))))))))))) (, ,) (-DFL- E_S))",4,4.24,15.02
sw01utt/sw_0120_3113.utt,3/sw3113,3113,3,sd,A,2,3,"{C and } [ I, + I ] look at it more from the civil side of things that juries have any sense [ of, + of ] the value of, and worth, so that they have real problems when it comes to, {F uh, } {F uh, } - /","and/CC  [ I/PRP ] ,/,  [ I/PRP ] look/VBP at/IN  [ it/PRP ] more/RBR from/IN  [ the/DT civil/JJ side/NN ] of/IN  [ things/NNS ] that/WDT  [ juries/NNS ] have/VBP  [ any/DT sense/NN ] of/IN ,/, of/IN  [ the/DT value/NN ] of/IN ,/, and/CC  [ worth/JJ ] ,/, so/RB that/IN  [ they/PRP ] have/VBP  [ real/JJ problems/NNS ] when/WRB  [ it/PRP ] comes/VBZ to/IN ,/,  [ uh/UH ] ,/,  [ uh/UH ] ,/,","(S (CC and) (EDITED (RM (-DFL- \[)) (NP-SBJ (PRP I)) (, ,) (IP (-DFL- \+))) (NP-SBJ (PRP I)) (RS (-DFL- \])) (VP (VBP look) (PP (IN at) (NP (PRP it))) (PP (ADVP (RBR more)) (IN from) (NP (NP (DT the) (JJ civil) (NN side)) (PP (IN of) (NP (NNS things))))) (X (SBAR (WDT that) (S (NP-SBJ (NNS juries)) (VP (VBP have) (NP (NP (DT any) (NN sense)) (EDITED (RM (-DFL- \[)) (PP-UNF (IN of)) (, ,) (IP (-DFL- \+))) (PP (IN of) (RS (-DFL- \])) (NP (NP (NP (DT the) (NN value)) (PP-UNF (IN of))) (, ,) (CC and) (NP (JJ worth))))) (, ,) (SBAR-PRP (RB so) (IN that) (S (NP-SBJ (PRP they)) (VP (VBP have) (NP (JJ real) (NNS problems)) (SBAR-TMP (WHADVP-1 (WRB when)) (S (NP-SBJ (PRP it)) (VP (VBZ comes) (PP-UNF (IN to) (, ,) (INTJ (UH uh)) (, ,) (INTJ (UH uh))) (ADVP-TMP (-NONE- *T*-1))))))))))))) (, ,) (-DFL- N_S))",5,15.02,27.45
sw01utt/sw_0120_3113.utt,3/sw3113,3113,4,sd,A,2,4,they can find guilt or innocence -- /,[ they/PRP ] can/MD find/VB  [ guilt/NN ] or/CC  [ innocence/NN ] --/:,(S (NP-SBJ (PRP they)) (VP (MD can) (VP (VB find) (NP (NN guilt) (CC or) (NN innocence)))) (-DFL- E_S)),6,27.75,29.29
sw01utt/sw_0120_3113.utt,3/sw3113,3113,5,b,B,3,1,Right. /,[ Right/UH ] ./.,(INTJ (UH Right) (. .) (-DFL- E_S)),8,29.23,29.41
sw01utt/sw_0120_3113.utt,3/sw3113,3113,6,sv,A,4,1,"-- {F uh, } {C but } then when you quantify  things and [ that + ] might also hold criminal trials for how many years is appropriate, {F uh, }  that they might leave it to somebody else who, {F uh, } has expertise in that. /","--/:  [ uh/UH ] ,/, but/CC then/RB when/WRB  [ you/PRP ] quantify/VBP  [ things/NNS ] and/CC  [ that/DT ] might/MD also/RB hold/VB  [ criminal/JJ trials/NNS ] for/IN how/WRB  [ many/JJ years/NNS ] is/VBZ appropriate/JJ ,/,  [ uh/UH ] ,/, that/IN  [ they/PRP ] might/MD leave/VB  [ it/PRP ] to/IN  [ somebody/NN ] else/RB  [ who/WP ] ,/,  [ uh/UH ] ,/, has/VBZ  [ expertise/NN ] in/IN  [ that/DT ] ./.","(X (INTJ (UH uh)) (, ,) (CONJP (CC but) (RB then)) (SBAR-TMP (WHADVP-3 (WRB when)) (S (NP-SBJ (PRP you)) (VP (VBP quantify) (NP (NNS things)) (ADVP-TMP (-NONE- *T*-3))))) (CC and) (EDITED (RM (-DFL- \[)) (X (DT that)) (IP (-DFL- \+)) (RS (-DFL- \]))) (VP (MD might) (ADVP (RB also)) (VP (VB hold) (NP (JJ criminal) (NNS trials)) (PP (IN for) (SBAR (WHNP-1 (WHADJP (WRB how) (JJ many)) (NNS years)) (S (NP-SBJ (-NONE- *T*-1)) (VP (VBZ is) (ADJP-PRD (JJ appropriate)))))))) (, ,) (INTJ (UH uh)) (, ,) (SBAR (IN that) (S (NP-SBJ (PRP they)) (VP (MD might) (VP (VB leave) (NP (PRP it)) (PP-DTV (IN to) (NP (NP (NN somebody)) (ADVP (RB else)) (SBAR (WHNP-2 (WP who)) (, ,) (INTJ (UH uh)) (, ,) (S (NP-SBJ (-NONE- *T*-2)) (VP (VBZ has) (NP (NP (NN expertise)) (PP (IN in) (NP (DT that))))))))))))) (. .) (-DFL- E_S))",10,30.63,43.45
sw01utt/sw_0120_3113.utt,3/sw3113,3113,7,aa,B,5,1,"Right,  /","[ Right/UH ] ,/,","(INTJ (UH Right) (, ,) (-DFL- E_S))",12,44.01,44.309999999999995
sw01utt/sw_0120_3113.utt,3/sw3113,3113,8,aa,B,5,2,"I agree, too.  /","[ I/PRP ] agree/VBP ,/, too/RB ./.","(S (NP-SBJ (PRP I)) (VP (VBP agree) (, ,) (ADVP (RB too))) (. .) (-DFL- E_S))",13,44.31,44.87
sw01utt/sw_0120_3113.utt,3/sw3113,3113,9,sv,B,5,3,"I don't think the  jury should be the ones [ that, + that ] put the [ sense-, + sentencings ] down.  /","[ I/PRP ] do/VBP n't/RB think/VB  [ the/DT jury/NN ] should/MD be/VB  [ the/DT ones/NNS ] [ that/WDT ] ,/,  [ that/WDT ] put/VBD  [ the/DT sense-/NNS ] ,/,  [ sentencings/NNS ] down/RP ./.","(S (NP-SBJ (PRP I)) (VP (VBP do) (RB n't) (VP (VB think) (SBAR (-NONE- 0) (S (NP-SBJ (DT the) (NN jury)) (VP (MD should) (VP (VB be) (NP-PRD (NP (DT the) (NNS ones)) (SBAR (EDITED (RM (-DFL- \[)) (SBAR-UNF (WDT that)) (, ,) (IP (-DFL- \+))) (WHNP-1 (WDT that)) (RS (-DFL- \])) (S (NP-SBJ (-NONE- *T*-1)) (VP (VBD put) (NP (DT the) (EDITED (RM (-DFL- \[)) (NNS sense-) (, ,) (IP (-DFL- \+))) (NNS sentencings)) (RS (-DFL- \])) (PRT (RP down)))))))))))) (. .) (-DFL- E_S))",14,44.87,50.41
sw01utt/sw_0120_3113.utt,3/sw3113,3113,10,sv,B,5,4,"I think the judges should,  /","[ I/PRP ] think/VBP  [ the/DT judges/NNS ] should/MD ,/,","(S (NP-SBJ (PRP I)) (VP (VBP think) (SBAR (-NONE- 0) (S (NP-SBJ (DT the) (NNS judges)) (VP (MD should) (VP (-NONE- *?*)))))) (, ,) (-DFL- E_S))",15,51.07,52.83
sw01utt/sw_0120_3113.utt,3/sw3113,3113,11,sv,B,5,5,"{C or } even a panel [ of, + of ] lawyers [ if, + if ] it got to that point.    Might be better [ at + ] than just regular civil people.","or/CC even/RB  [ a/DT panel/NN ] of/IN ,/, of/IN  [ lawyers/NNS ] if/IN ,/, if/IN  [ it/PRP ] got/VBD to/IN  [ that/DT point/NN ] ./.  Might/MD be/VB better/JJR at/IN than/IN  [ just/RB regular/JJ civil/JJ people/NNS ] ./.","(S (CC or) (NP-SBJ (NP (RB even) (DT a) (NN panel)) (EDITED (RM (-DFL- \[)) (PP-UNF (IN of)) (, ,) (IP (-DFL- \+))) (PP (IN of) (RS (-DFL- \])) (NP (NNS lawyers)))) (SBAR-ADV (EDITED (RM (-DFL- \[)) (SBAR-ADV-UNF (IN if)) (, ,) (IP (-DFL- \+))) (IN if) (RS (-DFL- \])) (S (NP-SBJ (PRP it)) (VP (VBD got) (PP (IN to) (NP (DT that) (NN point)))))) (. .) (VP (MD Might) (VP (VB be) (ADJP-PRD (ADJP (JJR better)) (EDITED (RM (-DFL- \[)) (PP-UNF (IN at)) (IP (-DFL- \+)) (RS (-DFL- \]))) (PP (IN than) (NP (NP (RB just) (JJ regular) (JJ civil) (NNS people)) (. .) (VP (RB Not) (VBG knowing) (PRN (, ,) (S (NP-SBJ (PRP you)) (VP (VBP know))) (, ,)) (SBAR (WHNP-1 (RB exactly) (WP what)) (S (NP-SBJ (NNS things)) (VP (VBP are) (NP-PRD (-NONE- *T*-1)) (, ,) (EDITED (RM (-DFL- \[)) (PP-UNF (IN from)) (, ,) (IP (-DFL- \+))) (PP (PP (IN from) (RS (-DFL- \])) (NP (NN murder))) (PP (IN on) (PP (IN up) (PP (IN to) (INTJ (IN like)) (NP (NN tax) (NN stuff))))))))))))) (PRN (, ,) (S (NP-SBJ (PRP you)) (VP (VBP know)))))) (. .) (-DFL- E_S))",16,52.97,61.71
sw01utt/sw_0120_3113.utt,3/sw3113,3113,12,b,A,6,1,Uh-huh. /,[ Uh-huh/UH ] ./.,(INTJ (UH Uh-huh) (. .) (-DFL- E_S)),18,61.96,62.28
sw01utt/sw_0120_3113.utt,3/sw3113,3113,13,+,B,7,1,"Not knowing, {D you know, } exactly what things are,  [ from, + from ] murder on up to like tax stuff, {D you know. } /","Not/RB knowing/VBG ,/,  [ you/PRP ] know/VBP ,/, exactly/RB  [ what/WP things/NNS ] are/VBP ,/, from/IN ,/, from/IN  [ murder/NN ] on/IN up/IN to/IN like/IN  [ tax/NN stuff/NN ] ,/,  [ you/PRP ] know/VBP ./.","(S (CC or) (NP-SBJ (NP (RB even) (DT a) (NN panel)) (EDITED (RM (-DFL- \[)) (PP-UNF (IN of)) (, ,) (IP (-DFL- \+))) (PP (IN of) (RS (-DFL- \])) (NP (NNS lawyers)))) (SBAR-ADV (EDITED (RM (-DFL- \[)) (SBAR-ADV-UNF (IN if)) (, ,) (IP (-DFL- \+))) (IN if) (RS (-DFL- \])) (S (NP-SBJ (PRP it)) (VP (VBD got) (PP (IN to) (NP (DT that) (NN point)))))) (. .) (VP (MD Might) (VP (VB be) (ADJP-PRD (ADJP (JJR better)) (EDITED (RM (-DFL- \[)) (PP-UNF (IN at)) (IP (-DFL- \+)) (RS (-DFL- \]))) (PP (IN than) (NP (NP (RB just) (JJ regular) (JJ civil) (NNS people)) (. .) (VP (RB Not) (VBG knowing) (PRN (, ,) (S (NP-SBJ (PRP you)) (VP (VBP know))) (, ,)) (SBAR (WHNP-1 (RB exactly) (WP what)) (S (NP-SBJ (NNS things)) (VP (VBP are) (NP-PRD (-NONE- *T*-1)) (, ,) (EDITED (RM (-DFL- \[)) (PP-UNF (IN from)) (, ,) (IP (-DFL- \+))) (PP (PP (IN from) (RS (-DFL- \])) (NP (NN murder))) (PP (IN on) (PP (IN up) (PP (IN to) (INTJ (IN like)) (NP (NN tax) (NN stuff))))))))))))) (PRN (, ,) (S (NP-SBJ (PRP you)) (VP (VBP know)))))) (. .) (-DFL- E_S))",16,62.95,70.01
sw01utt/sw_0120_3113.utt,3/sw3113,3113,14,aa,A,8,1,Yeah.  /,Yeah/UH ./.,(INTJ (UH Yeah) (. .) (-DFL- E_S)),21,70.5,70.72
sw01utt/sw_0120_3113.utt,3/sw3113,3113,15,sd,A,8,2,"Because I find that, {F uh, } - /","Because/IN  [ I/PRP ] find/VBP  [ that/DT ] ,/,  [ uh/UH ] ,/,","(SBAR-PRP (IN Because) (S (NP-SBJ (PRP I)) (VP (VBP find) (SBAR-UNF (DT that) (, ,) (INTJ (UH uh))))) (, ,) (-DFL- N_S))",22,72.04,73.04
sw01utt/sw_0120_3113.utt,3/sw3113,3113,16,sd,A,8,3,I've been on a few juries  /,[ I/PRP ] 've/VBP been/VBN on/IN  [ a/DT few/JJ juries/NNS ],(S (NP-SBJ (PRP I)) (VP (VBP 've) (VP (VBN been) (PP-PRD (IN on) (NP (DT a) (JJ few) (NNS juries))))) (-DFL- E_S)),23,74.28,75.52
sw01utt/sw_0120_3113.utt,3/sw3113,3113,17,sd,A,8,4,"{C and, }  {F uh, } as a  say, [ I, + I ] tend to be around, {F uh, } civil cases  because I've been an expert witness some, - /","and/CC ,/,  [ uh/UH ] ,/, as/IN  [ a/^PRP say/VBP ]  ,/,  [ I/PRP ] ,/,  [ I/PRP ] tend/VBP to/TO be/VB around/IN ,/,  [ uh/UH ] ,/,  [ civil/JJ cases/NNS ] because/IN  [ I/PRP ] 've/VBP been/VBN  [ an/DT expert/JJ witness/NN ] some/RB ,/,","(S (CC and) (, ,) (INTJ (UH uh)) (, ,) (SBAR-ADV (IN as) (S (NP-SBJ (TYPO (^PRP a))) (VP (VBP say)))) (, ,) (EDITED (RM (-DFL- \[)) (NP-SBJ (PRP I)) (, ,) (IP (-DFL- \+))) (NP-SBJ-1 (PRP I)) (RS (-DFL- \])) (VP (VBP tend) (S (NP-SBJ (-NONE- *-1)) (VP (TO to) (VP (VB be) (PP-PRD (IN around) (, ,) (INTJ (UH uh)) (, ,) (NP (JJ civil) (NNS cases)))))) (SBAR-PRP (IN because) (S (NP-SBJ (PRP I)) (VP (VBP 've) (VP (VBN been) (NP-PRD (DT an) (JJ expert) (NN witness)) (ADVP (RB some))))))) (, ,) (-DFL- N_S))",24,76.1,84.58
sw01utt/sw_0120_3113.utt,3/sw3113,3113,18,sd,A,8,5,"{C and, }  {F uh, } many matters are  so complicated that it's so hard to, {F uh, } come up with the fair value, {F uh, }  or the fair sentence  /","and/CC ,/,  [ uh/UH ] ,/,  [ many/JJ matters/NNS ] are/VBP so/RB complicated/JJ that/IN  [ it/PRP ] 's/BES so/RB hard/JJ to/TO ,/,  [ uh/UH ] ,/, come/VBN up/RP with/IN  [ the/DT fair/JJ value/NN ] ,/,  [ uh/UH ] ,/, or/CC  [ the/DT fair/JJ sentence/NN ]","(S (CC and) (, ,) (INTJ (UH uh)) (, ,) (NP-SBJ (JJ many) (NNS matters)) (VP (VBP are) (ADJP-PRD (ADJP (RB so) (JJ complicated)) (SBAR (IN that) (S (NP-SBJ (NP (PRP it)) (S (-NONE- *EXP*-1))) (VP (BES 's) (ADJP-PRD (RB so) (JJ hard)) (S-1 (NP-SBJ (-NONE- *)) (VP (TO to) (, ,) (INTJ (UH uh)) (, ,) (VP (VBN come) (PRT (RP up)) (PP (IN with) (NP (NP (DT the) (JJ fair) (NN value)) (, ,) (INTJ (UH uh)) (, ,) (CC or) (NP (DT the) (JJ fair) (NN sentence)))))))))))) (-DFL- E_S))",25,85.06,98.02000000000001
sw01utt/sw_0120_3113.utt,3/sw3113,3113,19,sd,A,8,6,"{C and } one thing that you get if you have some expertise is, {F uh, }  {D you know } the range [ of, + of ] possible values or terms or, {D you know, } how heinous was the crime. /","and/CC  [ one/CD thing/NN ] that/WDT  [ you/PRP ] get/VBP if/IN  [ you/PRP ] have/VBP  [ some/DT expertise/NN ] is/VBZ ,/,  [ uh/UH ] ,/,  [ you/PRP ] know/VBP  [ the/DT range/NN ] of/IN ,/, of/IN  [ possible/JJ values/NNS ] or/CC  [ terms/NNS ] or/CC ,/,  [ you/PRP ] know/VBP ,/, how/WRB  [ heinous/JJ ] was/VBD  [ the/DT crime/NN ] ./.","(S (CC and) (NP-SBJ (NP (CD one) (NN thing)) (SBAR (WHNP-2 (WDT that)) (S (NP-SBJ (PRP you)) (VP (VBP get) (NP (-NONE- *T*-2)) (SBAR-ADV (IN if) (S (NP-SBJ (PRP you)) (VP (VBP have) (NP (DT some) (NN expertise))))))))) (VP (VBZ is) (, ,) (INTJ (UH uh)) (PRN (, ,) (S (NP-SBJ (PRP you)) (VP (VBP know)))) (NP-PRD (NP (DT the) (NN range)) (EDITED (RM (-DFL- \[)) (PP-UNF (IN of)) (, ,) (IP (-DFL- \+))) (PP (IN of) (RS (-DFL- \])) (UCP (NP (JJ possible) (NNS values) (CC or) (NNS terms)) (CC or) (PRN (, ,) (S (NP-SBJ (PRP you)) (VP (VBP know))) (, ,)) (SBARQ (WHADJP-1 (WRB how) (JJ heinous)) (SQ (VBD was) (NP-SBJ (DT the) (NN crime)) (ADJP-PRD (-NONE- *T*-1)))))))) (. .) (-DFL- E_S))",26,98.02,111.27000000000001
sw01utt/sw_0120_3113.utt,3/sw3113,3113,20,b,B,9,1,Right. /,[ Right/UH ] ./.,(INTJ (UH Right) (. .) (-DFL- E_S)),8,111.48,111.92
sw01utt/sw_0120_3113.utt,3/sw3113,3113,21,%,A,10,1,"{F Uh, } that, {F uh, } - /","[ Uh/UH ] ,/, that/DT ,/,  [ uh/UH ] ,/,","(FRAG (INTJ (UH Uh)) (, ,) (X (DT that)) (, ,) (INTJ (UH uh)) (, ,) (-DFL- N_S))",30,112.73,113.63
sw01utt/sw_0120_3113.utt,3/sw3113,3113,22,sd,A,10,2,"when I only  do something one, two or three times I'm hardly an expert on it,  /","when/WRB  [ I/PRP ] only/RB do/VBP  [ something/NN ] [ one/CD ] ,/,  [ two/CD ] or/CC  [ three/CD times/NNS I/PRP ] 'm/VBP hardly/RB  [ an/DT expert/NN ] on/IN  [ it/PRP ] ,/,","(S (SBAR-ADV (WHADVP-1 (WRB when)) (S (NP-SBJ (PRP I)) (ADVP (RB only)) (VP (VBP do) (NP (NN something)) (NP-TMP (QP (CD one) (, ,) (CD two) (CC or) (CD three)) (NNS times)) (ADVP (-NONE- *T*-1))))) (NP-SBJ (PRP I)) (VP (VBP 'm) (ADVP (RB hardly)) (NP-PRD (NP (DT an) (NN expert)) (PP (IN on) (NP (PRP it))))) (, ,) (-DFL- E_S))",31,113.63,118.89
sw01utt/sw_0120_3113.utt,3/sw3113,3113,23,sd,A,10,3,{C and } most juries over a period of five  or ten years you might sit on three. /,and/CC  [ most/JJS juries/NNS ] over/IN  [ a/DT period/NN ] of/IN  [ five/CD ] or/CC  [ ten/CD years/NNS you/PRP ] might/MD sit/VB on/IN  [ three/CD ] ./.,(S (CC and) (NP-ADV (JJS most) (NNS juries)) (PP-TMP (IN over) (NP (NP (DT a) (NN period)) (PP (IN of) (NP (QP (CD five) (CC or) (CD ten)) (NNS years))))) (NP-SBJ (PRP you)) (VP (MD might) (VP (VB sit) (PP (IN on) (NP (CD three))))) (. .) (-DFL- E_S)),32,118.89,125.11
sw01utt/sw_0120_3113.utt,3/sw3113,3113,24,b,B,11,1,Yeah  /,Yeah/UH,(INTJ (UH Yeah) (-DFL- E_S)),34,125.45,125.77
sw01utt/sw_0120_3113.utt,3/sw3113,3113,25,%,B,11,2,"{C and, } -/","and/CC ,/,","(S-UNF (CC and) (, ,) (-DFL- N_S))",35,125.77,125.81
sw01utt/sw_0120_3113.utt,3/sw3113,3113,26,qh,A,12,1,"{C And so } how do you relate as to whether  this particular armed robbery was [ a, + ] {D you know, } worth five years or twenty-five. /","And/CC so/RB how/WRB do/VBP  [ you/PRP ] relate/VB as/IN to/IN whether/IN  [ this/DT particular/JJ armed/VBN robbery/NN ] was/VBD  [ a/DT ] ,/,  [ you/PRP ] know/VBP ,/,  [ worth/JJ five/CD years/NNS ] or/CC  [ twenty-five/CD ] ./.","(SBARQ (CONJP (CC And) (RB so)) (WHADVP-1 (WRB how)) (SQ (VBP do) (NP-SBJ (PRP you)) (VP (VB relate) (PP (IN as) (PP (IN to) (SBAR (IN whether) (S (NP-SBJ (DT this) (JJ particular) (VBN armed) (NN robbery)) (VP (VBD was) (EDITED (RM (-DFL- \[)) (X (DT a)) (, ,) (IP (-DFL- \+))) (RS (-DFL- \])) (PRN (S (NP-SBJ (PRP you)) (VP (VBP know))) (, ,)) (ADJP-PRD (JJ worth) (NP (NP (CD five) (NNS years)) (CC or) (NP (CD twenty-five))))))))) (ADVP-MNR (-NONE- *T*-1)))) (. .) (-DFL- E_S))",37,126.09,135.16
sw01utt/sw_0120_3113.utt,3/sw3113,3113,27,aa,B,13,1,"Right,  /","Right/UH ,/,","(INTJ (UH Right) (, ,) (-DFL- E_S))",12,135.51,135.91
sw01utt/sw_0120_3113.utt,3/sw3113,3113,28,%,B,13,2,"that's, - /","[ that/DT ] 's/BES ,/,","(S (NP-SBJ (DT that)) (VP-UNF (BES 's)) (, ,) (-DFL- N_S))",40,135.91,136.15
sw01utt/sw_0120_3113.utt,3/sw3113,3113,29,%,B,13,3,yeah.  /,yeah/UH ./.,(INTJ (UH yeah) (. .) (-DFL- E_S)),41,136.27,136.61
sw01utt/sw_0120_3113.utt,3/sw3113,3113,30,sd,B,13,4,"[ {C And, } +   {C and } ] most people that do sit on juries, - /","And/CC ,/, and/CC  [ most/JJS people/NNS ] [ that/WDT ] do/VBP sit/VB on/IN  [ juries/NNS ] ,/,","(S-UNF (EDITED (RM (-DFL- \[)) (CC And) (, ,) (IP (-DFL- \+))) (CC and) (RS (-DFL- \])) (NP-SBJ (NP (JJS most) (NNS people)) (SBAR (WHNP-1 (WDT that)) (S (NP-SBJ (-NONE- *T*-1)) (VP (VBP do) (VP (VB sit) (PP (IN on) (NP (NNS juries)))))))) (, ,) (-DFL- N_S))",42,136.97,139.81
sw01utt/sw_0120_3113.utt,3/sw3113,3113,31,sd,B,13,5,"some people just sit on them once in their lifetime,  {D you know, } if they're that lucky sometimes <laughter>.","[ some/DT people/NNS ] just/RB sit/VBP on/IN  [ them/PRP ] once/RB in/IN  [ their/PRP$ lifetime/NN ] ,/,  [ you/PRP ] know/VBP ,/, if/IN  [ they/PRP ] 're/VBP that/RB lucky/JJ sometimes/RB ./.","(S (NP-SBJ (DT some) (NNS people)) (VP (VP (ADVP (RB just)) (VBP sit) (PP (IN on) (NP (PRP them))) (ADVP-TMP (RB once)) (PP-TMP (IN in) (NP (PRP$ their) (NN lifetime))) (PRN (, ,) (S (NP-SBJ (PRP you)) (VP (VBP know))) (, ,)) (UCP-ADV (SBAR (IN if) (S (NP-SBJ (PRP they)) (VP (VBP 're) (ADJP-PRD (RB that) (JJ lucky)) (ADVP-TMP (RB sometimes))))) (. .) (CC Or) (PRN (, ,) (S (NP-SBJ (PRP you)) (VP (VBP know))) (, ,)) (SBAR-NOM (EDITED (RM (-DFL- \[)) (WHNP (WP what)) (, ,) (IP (-DFL- \+))) (WHNP-1 (WP whatever)) (RS (-DFL- \])) (S (NP-SBJ (DT the) (NN case)) (VP (MD may) (VP (VB be) (NP-PRD (-NONE- *T*-1)))))))) (. .) (EDITED (RM (-DFL- \[)) (CC And) (, ,) (IP (-DFL- \+))) (CC and) (RS (-DFL- \])) (VP (MD may) (RB not) (VP (VB have) (NP (NP (DT any) (NN idea)) (PP (IN of) (SBAR-NOM (EDITED (RM (-DFL- \[)) (WHNP (WP what)) (, ,) (IP (-DFL- \+))) (WHNP-3 (WP what)) (RS (-DFL- \])) (S (NP-SBJ (NP (DT the) (JJ standard) (NN punishment)) (PP (-NONE- *ICH*-2))) (VP (MD would) (VP (VB be) (NP-PRD (-NONE- *T*-3)) (PP-2 (IN for) (NP (PRP it)))))))))))) (. .) (-DFL- E_S))",43,139.81,144.69
sw01utt/sw_0120_3113.utt,3/sw3113,3113,32,b,A,14,1,Uh-huh. /,[ Uh-huh/UH ] ./.,(INTJ (UH Uh-huh) (. .) (-DFL- E_S)),18,144.76,144.92
sw01utt/sw_0120_3113.utt,3/sw3113,3113,33,+,B,15,1,"Or, {D you know, } [ what, + whatever ]  the case may be.  [ And, + and ] may not have any idea of [ what, + what ] the standard punishment would be for it. /","Or/CC ,/,  [ you/PRP ] know/VBP ,/,  [ what/WP ] ,/,  [ whatever/WP ] [ the/DT case/NN ] may/MD be/VB ./.  And/CC ,/, and/CC may/MD not/RB have/VB  [ any/DT idea/NN ] of/IN  [ what/WP ] ,/,  [ what/WP ] [ the/DT standard/JJ punishment/NN ] would/MD be/VB for/IN  [ it/PRP ] ./.","(S (NP-SBJ (DT some) (NNS people)) (VP (VP (ADVP (RB just)) (VBP sit) (PP (IN on) (NP (PRP them))) (ADVP-TMP (RB once)) (PP-TMP (IN in) (NP (PRP$ their) (NN lifetime))) (PRN (, ,) (S (NP-SBJ (PRP you)) (VP (VBP know))) (, ,)) (UCP-ADV (SBAR (IN if) (S (NP-SBJ (PRP they)) (VP (VBP 're) (ADJP-PRD (RB that) (JJ lucky)) (ADVP-TMP (RB sometimes))))) (. .) (CC Or) (PRN (, ,) (S (NP-SBJ (PRP you)) (VP (VBP know))) (, ,)) (SBAR-NOM (EDITED (RM (-DFL- \[)) (WHNP (WP what)) (, ,) (IP (-DFL- \+))) (WHNP-1 (WP whatever)) (RS (-DFL- \])) (S (NP-SBJ (DT the) (NN case)) (VP (MD may) (VP (VB be) (NP-PRD (-NONE- *T*-1)))))))) (. .) (EDITED (RM (-DFL- \[)) (CC And) (, ,) (IP (-DFL- \+))) (CC and) (RS (-DFL- \])) (VP (MD may) (RB not) (VP (VB have) (NP (NP (DT any) (NN idea)) (PP (IN of) (SBAR-NOM (EDITED (RM (-DFL- \[)) (WHNP (WP what)) (, ,) (IP (-DFL- \+))) (WHNP-3 (WP what)) (RS (-DFL- \])) (S (NP-SBJ (NP (DT the) (JJ standard) (NN punishment)) (PP (-NONE- *ICH*-2))) (VP (MD would) (VP (VB be) (NP-PRD (-NONE- *T*-3)) (PP-2 (IN for) (NP (PRP it)))))))))))) (. .) (-DFL- E_S))",43,145.17,153.83
sw01utt/sw_0120_3113.utt,3/sw3113,3113,34,b,A,16,1,Yeah. /,Yeah/UH ./.,(INTJ (UH Yeah) (. .) (-DFL- E_S)),21,154.08,154.26000000000002
sw01utt/sw_0120_3113.utt,3/sw3113,3113,35,sd,B,17,1,"{C And } [ it, + they ] may have some different idea,  /","And/CC  [ it/PRP ] ,/,  [ they/PRP ] may/MD have/VB  [ some/DT different/JJ idea/NN ] ,/,","(S (CC And) (EDITED (RM (-DFL- \[)) (NP (PRP it)) (, ,) (IP (-DFL- \+))) (NP-SBJ (PRP they)) (RS (-DFL- \])) (VP (MD may) (VP (VB have) (NP (DT some) (JJ different) (NN idea)))) (, ,) (-DFL- E_S))",50,154.55,156.07000000000002
sw01utt/sw_0120_3113.utt,3/sw3113,3113,36,sd,B,17,2,"{E I mean, } it might be more important for them to put a [ [ sen-, + sen-, ] +  sentencing ] down that was, {F uh, } longer, {D you know, } that [ didn't fit, + the punishment didn't fit ] the crime.","[ I/PRP ] mean/VBP ,/,  [ it/PRP ] might/MD be/VB more/RBR important/JJ for/IN  [ them/PRP ] to/TO put/VB  [ a/DT sen-/NN ] ,/,  [ sen-/NN ] ,/, sentencing/NN down/RP  [ that/WDT ] was/VBD ,/,  [ uh/UH ] ,/, longer/RB ,/,  [ you/PRP ] know/VBP ,/,  [ that/WDT ] did/VBD n't/RB fit/VB ,/,  [ the/DT punishment/NN ] did/VBD n't/RB fit/VB  [ the/DT crime/NN ] ./.","(S (PRN (S (NP-SBJ (PRP I)) (VP (VBP mean))) (, ,)) (NP-SBJ (NP (PRP it)) (S (-NONE- *EXP*-4))) (VP (MD might) (VP (VB be) (ADJP-PRD (RBR more) (JJ important) (PP (IN for) (NP (PRP them)))) (S-4 (NP-SBJ (-NONE- *)) (VP (TO to) (VP (VB put) (NP (NP (DT a) (EDITED (RM (-DFL- \[)) (EDITED (RM (-DFL- \[)) (NN sen-) (, ,) (IP (-DFL- \+))) (NN sen-) (, ,) (RS (-DFL- \])) (IP (-DFL- \+))) (NN sentencing) (RS (-DFL- \]))) (SBAR (-NONE- *ICH*-5)) (SBAR (-NONE- *ICH*-2))) (PRT (RP down)) (SBAR-5 (WHNP-1 (WDT that)) (S (NP-SBJ (-NONE- *T*-1)) (VP (VBD was) (, ,) (INTJ (UH uh)) (, ,) (ADJP-PRD (RB longer) (PRN (, ,) (S (NP-SBJ (PRP you)) (VP (VBP know))) (, ,)))))) (SBAR-2 (WHADVP-3 (WDT that)) (S (EDITED (RM (-DFL- \[)) (VP (VBD did) (RB n't) (VP-UNF (VB fit))) (, ,) (IP (-DFL- \+))) (NP-SBJ (DT the) (NN punishment)) (VP (VBD did) (RB n't) (VP (VB fit) (RS (-DFL- \])) (NP (DT the) (NN crime)) (ADVP (-NONE- *T*-3))))))))))) (. .))",51,156.07,167.17000000000002
sw01utt/sw_0120_3113.utt,3/sw3113,3113,37,b,A,18,1,Uh-huh. /,[ Uh-huh/UH ] ./.,(INTJ (UH Uh-huh) (. .) (-DFL- E_S)),18,167.38,167.62
sw01utt/sw_0120_3113.utt,3/sw3113,3113,38,+,B,19,1,"Or not long enough or, {D you know, }  whatever the case may be. /","Or/CC not/RB long/RB enough/RB or/CC ,/,  [ you/PRP ] know/VBP ,/,  [ whatever/WDT ] [ the/DT case/NN ] may/MD be/VB ./.","(FRAG (CC Or) (RB not) (ADJP (RB long) (RB enough)) (CC or) (PRN (, ,) (S (NP-SBJ (PRP you)) (VP (VBP know))) (, ,)) (SBAR-NOM (WHNP-2 (WDT whatever)) (S (NP-SBJ (DT the) (NN case)) (VP (MD may) (VP (VB be) (NP-PRD (-NONE- *T*-2)))))) (. .) (-DFL- E_S))",52,167.79,170.99
sw01utt/sw_0120_3113.utt,3/sw3113,3113,39,b,A,20,1,Yeah. /,Yeah/UH ./.,(INTJ (UH Yeah) (. .) (-DFL- E_S)),21,171.3,171.5
sw01utt/sw_0120_3113.utt,3/sw3113,3113,40,sv,B,21,1,"[ I, + I ] think the judges do have  [ that, + that ] better knowledge of it.  /","[ I/PRP ] ,/,  [ I/PRP ] think/VBP  [ the/DT judges/NNS ] do/VBP have/VB that/DT ,/, that/DT  [ better/JJR knowledge/NN ] of/IN  [ it/PRP ] ./.","(S (EDITED (RM (-DFL- \[)) (NP-SBJ (PRP I)) (, ,) (IP (-DFL- \+))) (NP-SBJ (PRP I)) (RS (-DFL- \])) (VP (VBP think) (SBAR (-NONE- 0) (S (NP-SBJ (DT the) (NNS judges)) (VP (VBP do) (VP (VB have) (EDITED (RM (-DFL- \[)) (NP-UNF (DT that)) (, ,) (IP (-DFL- \+)) (NP-UNF (DT that)) (RS (-DFL- \]))) (NP (NP (JJR better) (NN knowledge)) (PP (IN of) (NP (PRP it))))))))) (. .) (-DFL- E_S))",59,172.65,177.70999999999998
sw01utt/sw_0120_3113.utt,3/sw3113,3113,41,sd,B,21,2,"The only thing I worry about sometimes is [ if, + if ]  you get somebody in there [ that, + that ] has a name, that is the defendant  and, {D you know, } sometimes, might have more pull, which [ that + ] does happen. /","[ The/DT only/JJ thing/NN ] [ I/PRP ] worry/VBP about/IN sometimes/RB is/VBZ if/IN ,/, if/IN  [ you/PRP ] get/VBP  [ somebody/NN ] in/IN  [ there/EX ] [ that/WDT ] ,/,  [ that/WDT ] has/VBZ  [ a/DT name/NN ] ,/,  [ that/DT ] is/VBZ  [ the/DT defendant/NN ] and/CC ,/,  [ you/PRP ] know/VBP ,/, sometimes/RB ,/, might/MD have/VB  [ more/JJR pull/NN ] ,/,  [ which/WDT ] [ that/WDT ] does/VBZ happen/VB ./.","(S (NP-SBJ (NP (DT The) (JJ only) (NN thing)) (SBAR (WHNP-1 (-NONE- 0)) (S (NP-SBJ (PRP I)) (VP (VBP worry) (PP (IN about) (NP (-NONE- *T*-1))) (ADVP-TMP (RB sometimes)))))) (VP (VBZ is) (SBAR-PRD (EDITED (RM (-DFL- \[)) (SBAR-PRD-UNF (IN if)) (, ,) (IP (-DFL- \+))) (IN if) (RS (-DFL- \])) (S (NP-SBJ (PRP you)) (VP (VP (VBP get) (NP (NP (NN somebody)) (SBAR (-NONE- *ICH*-5)) (SBAR (-NONE- *ICH*-6))) (PP-LOC (IN in) (NP (EX there))) (SBAR-5 (EDITED (RM (-DFL- \[)) (SBAR-UNF (WDT that)) (, ,) (IP (-DFL- \+))) (WHNP-2 (WDT that)) (RS (-DFL- \])) (S (NP-SBJ (-NONE- *T*-2)) (VP (VBZ has) (NP (DT a) (NN name))))) (, ,) (SBAR-6 (WHNP-3 (DT that)) (S (NP-SBJ (-NONE- *T*-3)) (VP (VP (VBZ is) (NP-PRD (DT the) (NN defendant))) (CC and) (PRN (, ,) (S (NP-SBJ (PRP you)) (VP (VBP know))) (, ,)) (VP (ADVP-TMP (RB sometimes)) (, ,) (MD might) (VP (VB have) (NP (JJR more) (NN pull)))))))) (, ,) (SBAR (WHNP-4 (WDT which)) (S (RM (-DFL- \[)) (NP-SBJ (NP (-NONE- *T*-4)) (NP (WDT that)) (IP (-DFL- \+)) (RS (-DFL- \]))) (VP (VBZ does) (VP (VB happen))))))))) (. .) (-DFL- E_S))",60,177.71,191.51
sw01utt/sw_0120_3113.utt,3/sw3113,3113,42,b,A,22,1,Uh-huh. /,[ Uh-huh/UH ] ./.,(INTJ (UH Uh-huh) (. .) (-DFL- E_S)),45,191.56,191.66
sw01utt/sw_0120_3113.utt,3/sw3113,3113,43,sv,B,23,1,"{E I mean, } we can't say it doesn't,  because it does happen.  /","[ I/PRP ] mean/VBP ,/,  [ we/PRP ] ca/MD n't/RB say/VB  [ it/PRP ] does/VBZ n't/RB ,/, because/IN  [ it/PRP ] does/VBZ happen/VB ./.","(S (PRN (S (NP-SBJ (PRP I)) (VP (VBP mean))) (, ,)) (NP-SBJ (PRP we)) (VP (MD ca) (RB n't) (VP (VB say) (SBAR (-NONE- 0) (S (NP-SBJ (PRP it)) (VP (VBZ does) (RB n't)))) (, ,) (SBAR-PRP (IN because) (S (NP-SBJ (PRP it)) (VP (VBZ does) (VP (VB happen))))))) (. .) (-DFL- E_S))",64,191.93,194.57
sw01utt/sw_0120_3113.utt,3/sw3113,3113,44,sv,B,23,2,"{E I mean } not everybody [ [ is, + {D you know, } has, ] + has ]  the right morals sometimes.  /","[ I/PRP ] mean/VBP not/RB  [ everybody/NN ] is/VBZ ,/,  [ you/PRP ] know/VBP ,/, has/VBZ ,/, has/VBZ  [ the/DT right/JJ morals/NNS ] sometimes/RB ./.","(S (PRN (S (NP-SBJ (PRP I)) (VP (VBP mean)))) (NP-SBJ (RB not) (NN everybody)) (EDITED (RM (-DFL- \[)) (EDITED (RM (-DFL- \[)) (VP-UNF (VBZ is)) (, ,) (IP (-DFL- \+))) (PRN (S (NP-SBJ (PRP you)) (VP (VBP know))) (, ,)) (VP (VBZ has)) (, ,) (RS (-DFL- \])) (IP (-DFL- \+))) (VP (VBZ has) (RS (-DFL- \])) (NP (DT the) (JJ right) (NNS morals)) (ADVP-TMP (RB sometimes))) (. .) (-DFL- E_S))",65,194.57,200.49
sw01utt/sw_0120_3113.utt,3/sw3113,3113,45,sv,B,23,3,People can be paid off [ or + ] politically --,[ People/NNS ] can/MD be/VB paid/VBN off/RP or/CC politically/RB --/:,(S (NP-SBJ-2 (NNS People)) (VP (MD can) (VP (VB be) (VP (VP (VBN paid) (NP (-NONE- *-2)) (PRT (RP off)) (EDITED (RM (-DFL- \[)) (CC or) (IP (-DFL- \+)) (RS (-DFL- \]))) (ADVP-MNR (RB politically))) (CC or) (SBAR-NOM-ETC (WHNP-1 (WDT whatever)) (S (NP-SBJ (DT the) (NN case)) (VP (MD may) (VP (VB be) (NP-PRD (-NONE- *T*-1))))))))) (-DFL- E_S)),66,201.39,203.89
sw01utt/sw_0120_3113.utt,3/sw3113,3113,46,b,A,24,1,Uh-huh. /,[ Uh-huh/UH ] ./.,(INTJ (UH Uh-huh) (. .) (-DFL- E_S)),45,204.5,204.78
sw01utt/sw_0120_3113.utt,3/sw3113,3113,47,+,B,25,1,-- or whatever the case may be  /,--/: or/CC  [ whatever/WDT ] [ the/DT case/NN ] may/MD be/VB,(S (NP-SBJ-2 (NNS People)) (VP (MD can) (VP (VB be) (VP (VP (VBN paid) (NP (-NONE- *-2)) (PRT (RP off)) (EDITED (RM (-DFL- \[)) (CC or) (IP (-DFL- \+)) (RS (-DFL- \]))) (ADVP-MNR (RB politically))) (CC or) (SBAR-NOM-ETC (WHNP-1 (WDT whatever)) (S (NP-SBJ (DT the) (NN case)) (VP (MD may) (VP (VB be) (NP-PRD (-NONE- *T*-1))))))))) (-DFL- E_S)),66,204.73,206.32999999999998
sw01utt/sw_0120_3113.utt,3/sw3113,3113,48,sv,B,25,2,"{C and } sometimes that's not real fair either,  though  /","and/CC sometimes/RB  [ that/DT ] 's/BES not/RB real/RB fair/JJ either/CC ,/, though/IN","(S (CC and) (ADVP-TMP (RB sometimes)) (NP-SBJ (DT that)) (VP (BES 's) (RB not) (ADJP-PRD (RB real) (JJ fair)) (ADVP (CC either)) (, ,) (ADVP (IN though))) (-DFL- E_S))",70,206.33,209.13
sw01utt/sw_0120_3113.utt,3/sw3113,3113,49,%,B,25,3,"{C so, } -/","so/RB ,/,","(S-UNF (RB so) (, ,) (-DFL- N_S))",71,209.13,209.31
sw01utt/sw_0120_3113.utt,3/sw3113,3113,50,sd,A,26,1,"{D Well, } one of the others things that gets  me [ on, + on ] the juries is that often in the newspaper, [ I, + I ]  tend to hear two things [ that, +  {D well, } that ]  go on.  /","Well/UH ,/,  [ one/CD ] of/IN  [ the/DT others/JJ things/NNS ] [ that/WDT ] gets/VBZ  [ me/PRP ] on/IN ,/, on/IN  [ the/DT juries/NNS ] is/VBZ that/IN often/RB in/IN  [ the/DT newspaper/NN ] ,/,  [ I/PRP ] ,/,  [ I/PRP ] tend/VBP to/TO hear/VB  [ two/CD things/NNS ] that/WDT ,/, well/UH ,/,  [ that/WDT ] go/VBP on/RP ./.","(S (INTJ (UH Well)) (, ,) (NP-SBJ (NP (CD one)) (PP (IN of) (NP (NP (DT the) (JJ others) (NNS things)) (SBAR (WHNP-1 (WDT that)) (S (NP-SBJ (-NONE- *T*-1)) (VP (VBZ gets) (NP (PRP me))))) (EDITED (RM (-DFL- \[)) (PP-UNF (IN on)) (, ,) (IP (-DFL- \+))) (PP (IN on) (RS (-DFL- \])) (NP (DT the) (NNS juries)))))) (VP (VBZ is) (SBAR-PRD (IN that) (S (ADVP-TMP (RB often)) (PP (IN in) (NP (DT the) (NN newspaper))) (, ,) (EDITED (RM (-DFL- \[)) (NP-SBJ (PRP I)) (, ,) (IP (-DFL- \+))) (NP-SBJ-3 (PRP I)) (RS (-DFL- \])) (VP (VBP tend) (S (NP-SBJ (-NONE- *-3)) (VP (TO to) (VP (VB hear) (NP (NP (CD two) (NNS things)) (SBAR (EDITED (RM (-DFL- \[)) (SBAR-UNF (WDT that)) (, ,) (IP (-DFL- \+))) (INTJ (UH well)) (, ,) (WHNP-2 (WDT that)) (RS (-DFL- \])) (S (NP-SBJ (-NONE- *T*-2)) (VP (VBP go) (PRT (RP on))))))))))))) (. .) (-DFL- E_S))",73,209.36,219.32
sw01utt/sw_0120_3113.utt,3/sw3113,3113,51,sd,A,26,2,"One is, you often see in the headlines the big numbers. /","[ One/CD ] is/VBZ ,/,  [ you/PRP ] often/RB see/VBP in/IN  [ the/DT headlines/NNS ] [ the/DT big/JJ numbers/NNS ] ./.","(S (NP-SBJ (CD One)) (VP (VBZ is) (, ,) (SBAR-PRD (-NONE- 0) (S (NP-SBJ (PRP you)) (ADVP-TMP (RB often)) (VP (VBP see) (PP (IN in) (NP (DT the) (NNS headlines))) (NP (DT the) (JJ big) (NNS numbers)))))) (. .) (-DFL- E_S))",74,219.32,223.28
sw01utt/sw_0120_3113.utt,3/sw3113,3113,52,b,B,27,1,Uh-huh. /,[ Uh-huh/UH ] ./.,(INTJ (UH Uh-huh) (. .) (-DFL- E_S)),54,224.21,224.33
sw01utt/sw_0120_3113.utt,3/sw3113,3113,53,sd,A,28,1,"{F Uh, } {C and } many of those get overturned  or get reduced in terms of sentences, or get changed --","[ Uh/UH ] ,/, and/CC  [ many/JJ ] of/IN  [ those/DT ] get/VBP overturned/JJ or/CC get/VB reduced/JJ in/IN  [ terms/NNS ] of/IN  [ sentences/NNS ] ,/, or/CC get/VBP changed/JJ --/:","(S (INTJ (UH Uh)) (, ,) (CC and) (NP-SBJ-1 (NP (JJ many)) (PP (IN of) (NP (DT those)))) (VP (VP (VBP get) (VP (JJ overturned) (NP (-NONE- *-1)))) (CC or) (VP (VB get) (VP (JJ reduced) (NP (-NONE- *-1)) (PP (IN in) (NP (NP (NNS terms)) (PP (IN of) (NP (NNS sentences))))))) (, ,) (CC or) (VP (VBP get) (VP (JJ changed) (NP (-NONE- *-1)) (PP (IN by) (NP-LGS (NP (DT a) (NN judge)) (CC or) (NP (DT an) (NNP Appeals) (NNP Court))))))) (-DFL- E_S))",78,224.38,231.11999999999998
sw01utt/sw_0120_3113.utt,3/sw3113,3113,54,b,B,29,1,Right. /,[ Right/UH ] ./.,(INTJ (UH Right) (. .) (-DFL- E_S)),80,231.08,231.46
sw01utt/sw_0120_3113.utt,3/sw3113,3113,55,+,A,30,1,-- by a judge or an Appeals Court  /,--/: by/IN  [ a/DT judge/NN ] or/CC  [ an/DT Appeals/NNP Court/NNP ],"(S (INTJ (UH Uh)) (, ,) (CC and) (NP-SBJ-1 (NP (JJ many)) (PP (IN of) (NP (DT those)))) (VP (VP (VBP get) (VP (JJ overturned) (NP (-NONE- *-1)))) (CC or) (VP (VB get) (VP (JJ reduced) (NP (-NONE- *-1)) (PP (IN in) (NP (NP (NNS terms)) (PP (IN of) (NP (NNS sentences))))))) (, ,) (CC or) (VP (VBP get) (VP (JJ changed) (NP (-NONE- *-1)) (PP (IN by) (NP-LGS (NP (DT a) (NN judge)) (CC or) (NP (DT an) (NNP Appeals) (NNP Court))))))) (-DFL- E_S))",78,231.52,233.08
sw01utt/sw_0120_3113.utt,3/sw3113,3113,56,sd,A,30,2,"{C and } that never makes [ the, + the ] press  /","and/CC  [ that/WDT ] never/RB makes/VBZ  [ the/DT ] ,/,  [ the/DT press/NN ]","(S (CC and) (NP-SBJ (WDT that)) (ADVP-TMP (RB never)) (VP (VBZ makes) (EDITED (RM (-DFL- \[)) (NP-UNF (DT the)) (, ,) (IP (-DFL- \+))) (NP (DT the) (RS (-DFL- \])) (NN press))) (-DFL- E_S))",82,233.08,235.12
sw01utt/sw_0120_3113.utt,3/sw3113,3113,57,sv,A,30,3,"{C and  so, } when, {F uh, } you or I as an individual gets  on a jury we tend to have certain mental images of what's what  because we see  the headlines, {F uh, }  /","and/CC so/RB ,/, when/WRB ,/,  [ uh/UH ] ,/,  [ you/PRP ] or/CC  [ I/PRP ] as/IN  [ an/DT individual/NN ] gets/VBZ on/IN  [ a/DT jury/NN ] [ we/PRP ] tend/VBP to/TO have/VB  [ certain/JJ mental/JJ images/NNS ] of/IN  [ what/WP ] 's/BES  [ what/WP ] because/IN  [ we/PRP ] see/VBP  [ the/DT headlines/NNS ] ,/,  [ uh/UH ] ,/,","(S (CONJP (CC and) (RB so)) (, ,) (SBAR-TMP (WHADVP-1 (WRB when)) (, ,) (INTJ (UH uh)) (, ,) (S (NP-SBJ (NP (PRP you) (CC or) (PRP I)) (PP (IN as) (NP (DT an) (NN individual)))) (VP (VBZ gets) (PP (IN on) (NP (DT a) (NN jury))) (ADVP-TMP (-NONE- *T*-1))))) (NP-SBJ-2 (PRP we)) (VP (VBP tend) (S (NP-SBJ (-NONE- *-2)) (VP (TO to) (VP (VB have) (NP (NP (JJ certain) (JJ mental) (NNS images)) (PP (IN of) (SBAR (WHNP-3 (WP what)) (S (NP-SBJ (-NONE- *T*-3)) (VP (BES 's) (NP-PRD (WP what))))))) (SBAR-PRP (IN because) (S (NP-SBJ (PRP we)) (VP (VBP see) (NP (DT the) (NNS headlines)))))))) (, ,) (INTJ (UH uh))) (, ,) (-DFL- E_S))",83,235.12,247.10999999999999
sw01utt/sw_0120_3113.utt,3/sw3113,3113,58,sv,A,30,4,"{C and } we don't have, [ a-, + again, ] a lot of knowledge,  /","and/CC  [ we/PRP ] do/VBP n't/RB have/VB ,/,  [ a-/RB ] ,/, again/RB ,/,  [ a/DT lot/NN ] of/IN  [ knowledge/NN ] ,/,","(S (CC and) (NP-SBJ (PRP we)) (VP (VBP do) (RB n't) (VP (VB have) (, ,) (EDITED (RM (-DFL- \[)) (ADVP-UNF (RB a-)) (, ,) (IP (-DFL- \+))) (ADVP (RB again)) (, ,) (RS (-DFL- \])) (NP (NP (DT a) (NN lot)) (PP (IN of) (NP (NN knowledge)))))) (, ,) (-DFL- E_S))",84,247.11,249.17000000000002
sw01utt/sw_0120_3113.utt,3/sw3113,3113,59,sv,A,30,5,"{C so } we don't know what is really going on, what is, {F uh, } really the range of sentences  or awards that [ are, + {F uh, } are ]  actually, {F uh, } in the end --","so/IN  [ we/PRP ] do/VBP n't/RB know/VB  [ what/WP ] is/VBZ really/RB going/VBG on/IN ,/,  [ what/WP ] is/VBZ ,/,  [ uh/UH ] ,/, really/RB  [ the/DT range/NN ] of/IN  [ sentences/NNS ] or/CC  [ awards/NNS ] [ that/WDT ] are/VBP ,/,  [ uh/UH ] ,/, are/VBP actually/RB ,/,  [ uh/UH ] ,/, in/IN  [ the/DT end/NN ] --/:","(S (RB so) (NP-SBJ (PRP we)) (VP (VBP do) (RB n't) (VP (VB know) (SBAR (WHNP-1 (WP what)) (S (NP-SBJ (-NONE- *T*-1)) (VP (VBZ is) (ADVP (RB really)) (VP (VBG going) (PRT (IN on)))))) (, ,) (SBAR (WHNP-2 (WP what)) (S (NP-SBJ (-NONE- *T*-2)) (VP (VBZ is) (, ,) (INTJ (UH uh)) (, ,) (ADVP (RB really)) (NP-PRD (NP (DT the) (NN range)) (PP (IN of) (NP (NP (NNS sentences) (CC or) (NNS awards)) (SBAR (WHNP-3 (WDT that)) (S (NP-SBJ-4 (-NONE- *T*-3)) (EDITED (RM (-DFL- \[)) (VP-UNF (VBP are)) (, ,) (IP (-DFL- \+))) (INTJ (UH uh)) (, ,) (VP (VBP are) (RS (-DFL- \])) (ADVP (RB actually)) (, ,) (INTJ (UH uh)) (, ,) (PP-TMP (IN in) (NP (DT the) (NN end))) (VP (VBN applied) (NP (-NONE- *-4)))))))))))))) (. .) (-DFL- E_S))",85,249.17,262.78999999999996
sw01utt/sw_0120_3113.utt,3/sw3113,3113,60,b,B,31,1,Right. /,[ Right/UH ] ./.,(INTJ (UH Right) (. .) (-DFL- E_S)),80,263.02,263.32
sw01utt/sw_0120_3113.utt,3/sw3113,3113,61,+,A,32,1,-- applied. /,--/: applied/VBN ./.,"(S (RB so) (NP-SBJ (PRP we)) (VP (VBP do) (RB n't) (VP (VB know) (SBAR (WHNP-1 (WP what)) (S (NP-SBJ (-NONE- *T*-1)) (VP (VBZ is) (ADVP (RB really)) (VP (VBG going) (PRT (IN on)))))) (, ,) (SBAR (WHNP-2 (WP what)) (S (NP-SBJ (-NONE- *T*-2)) (VP (VBZ is) (, ,) (INTJ (UH uh)) (, ,) (ADVP (RB really)) (NP-PRD (NP (DT the) (NN range)) (PP (IN of) (NP (NP (NNS sentences) (CC or) (NNS awards)) (SBAR (WHNP-3 (WDT that)) (S (NP-SBJ-4 (-NONE- *T*-3)) (EDITED (RM (-DFL- \[)) (VP-UNF (VBP are)) (, ,) (IP (-DFL- \+))) (INTJ (UH uh)) (, ,) (VP (VBP are) (RS (-DFL- \])) (ADVP (RB actually)) (, ,) (INTJ (UH uh)) (, ,) (PP-TMP (IN in) (NP (DT the) (NN end))) (VP (VBN applied) (NP (-NONE- *-4)))))))))))))) (. .) (-DFL- E_S))",85,263.37,263.79
sw01utt/sw_0120_3113.utt,3/sw3113,3113,62,b,B,33,1,Right.  /,[ Right/UH ] ./.,(INTJ (UH Right) (. .) (-DFL- E_S)),80,264.22,264.58000000000004
sw01utt/sw_0120_3113.utt,3/sw3113,3113,63,sv,B,33,2,"[ {D Well, } + {D well, } ] also what I don't  think is fair, either, is when you have [ {D like } a, + say a ] rapist, come in,  /","Well/UH ,/, well/UH ,/, also/RB  [ what/WP ] [ I/PRP ] do/VBP n't/RB think/VB is/VBZ fair/JJ ,/, either/RB ,/, is/VBZ when/WRB  [ you/PRP ] have/VBP like/IN  [ a/DT ] ,/, say/VBP  [ a/DT rapist/NN ] ,/, come/VB in/IN ,/,","(S (EDITED (RM (-DFL- \[)) (INTJ (UH Well)) (, ,) (IP (-DFL- \+))) (INTJ (UH well)) (, ,) (RS (-DFL- \])) (ADVP (RB also)) (SBAR-NOM-SBJ (WHNP-1 (WP what)) (S (NP-SBJ (PRP I)) (VP (VBP do) (RB n't) (VP (VB think) (SBAR (-NONE- 0) (S (NP-SBJ (-NONE- *T*-1)) (VP (VBZ is) (ADJP-PRD (JJ fair)) (, ,) (ADVP (RB either))))))))) (, ,) (VP (VBZ is) (SBAR-PRD (WHADVP-2 (WRB when)) (S (NP-SBJ (PRP you)) (VP (VBP have) (EDITED (RM (-DFL- \[)) (INTJ (UH like)) (NP-UNF (DT a)) (, ,) (IP (-DFL- \+))) (INTJ (VBP say)) (S (NP-SBJ (DT a) (RS (-DFL- \])) (NN rapist)) (, ,) (VP (VB come) (ADVP (IN in)))) (ADVP-TMP (-NONE- *T*-2)))))) (, ,) (-DFL- E_S))",91,264.86,272.02000000000004
sw01utt/sw_0120_3113.utt,3/sw3113,3113,64,sv,B,33,3,"[ {C and, } + {C and } ] his attorney gets his [ sentences, + sentencing ] reduced because he's gone to a lesser charge,  {D like, } I don't know what, assault or something or, -/","and/CC ,/, and/CC  [ his/PRP$ attorney/NN ] gets/VBZ  [ his/PRP$ sentences/NNS ] ,/, sentencing/NN reduced/JJ because/IN  [ he/PRP ] 's/HVS gone/VBN to/IN  [ a/DT lesser/JJR charge/NN ] ,/, like/IN ,/,  [ I/PRP ] do/VBP n't/RB know/VB  [ what/WP ] ,/,  [ assault/NN ] or/CC  [ something/NN ] or/CC ,/,","(S (EDITED (RM (-DFL- \[)) (CC and) (, ,) (IP (-DFL- \+))) (CC and) (RS (-DFL- \])) (NP-SBJ (PRP$ his) (NN attorney)) (VP (VBZ gets) (S (NP-SBJ-1 (PRP$ his) (EDITED (RM (-DFL- \[)) (NNS sentences) (, ,) (IP (-DFL- \+))) (NN sentencing)) (RS (-DFL- \])) (VP (JJ reduced) (NP (-NONE- *-1)) (SBAR-PRP (IN because) (S (NP-SBJ (PRP he)) (VP (HVS 's) (VP (VBN gone) (PP (IN to) (NP (NP (DT a) (JJR lesser) (NN charge)) (, ,) (PP (UH like) (PRN (, ,) (S (NP-SBJ (PRP I)) (VP (VBP do) (RB n't) (VP (VB know) (NP (WP what))))) (, ,)) (NP-UNF (NN assault) (CC or) (NN something) (CC or)))))))))))) (, ,) (-DFL- N_S))",92,272.42,283.32000000000005
sw01utt/sw_0120_3113.utt,3/sw3113,3113,65,b,A,34,1,Uh-huh. /,[ Uh-huh/UH ] ./.,(INTJ (UH Uh-huh) (. .) (-DFL- E_S)),62,283.52,283.76
sw01utt/sw_0120_3113.utt,3/sw3113,3113,66,sd,B,35,1,"{C But, } which [ that + ] doesn't make any sense to me either.  /","But/CC ,/,  [ which/WDT ] [ that/WDT ] does/VBZ n't/RB make/VB  [ any/DT sense/NN ] to/IN  [ me/PRP ] either/RB ./.","(S (CC But) (, ,) (EDITED (SBAR-UNF (WDT which)) (RM (-DFL- \[))) (NP-SBJ (WDT that)) (IP (-DFL- \+)) (RS (-DFL- \])) (VP (VBZ does) (RB n't) (VP (VB make) (NP (DT any) (NN sense)) (PP (IN to) (NP (PRP me))) (ADVP (RB either)))) (. .) (-DFL- E_S))",96,284.08,286.64000000000004
sw01utt/sw_0120_3113.utt,3/sw3113,3113,67,sd,B,35,2,<+ this is the second time the person has said 'which that' +> I know it's hard to prove rape and whatnot  /,[ I/PRP ] know/VBP  [ it/PRP ] 's/BES hard/JJ to/TO prove/VB  [ rape/NN ] and/CC  [ whatnot/NN ],(S (NP-SBJ (PRP I)) (VP (VBP know) (SBAR (-NONE- 0) (S (NP-SBJ (NP (PRP it)) (S (-NONE- *EXP*-1))) (VP (BES 's) (ADJP-PRD (JJ hard)) (S-1 (NP-SBJ (-NONE- *)) (VP (TO to) (VP (VP (VB prove) (NP (NN rape))) (CC and) (NP-ETC (NN whatnot))))))))) (-DFL- E_S)),97,286.64,289.42
sw01utt/sw_0120_3113.utt,3/sw3113,3113,68,sd,B,35,3,"[ [ {C and, } + {C and, } ] + {C and } ] the person that was raped or whatever doesn't, - /","and/CC ,/, and/CC ,/, and/CC  [ the/DT person/NN ] [ that/WDT ] was/VBD raped/VBN or/CC  [ whatever/WDT ] does/VBZ n't/RB ,/,","(S (EDITED (RM (-DFL- \[)) (EDITED (RM (-DFL- \[)) (CC and) (, ,) (IP (-DFL- \+))) (CC and) (, ,) (RS (-DFL- \])) (IP (-DFL- \+))) (CC and) (RS (-DFL- \])) (NP-SBJ (NP (DT the) (NN person)) (SBAR (WHNP-1 (WDT that)) (S (NP-SBJ-2 (-NONE- *T*-1)) (VP (VBD was) (VP (VP (VBN raped) (NP (-NONE- *-2))) (CC or) (NP-ETC (WDT whatever))))))) (VP (VBZ does) (VP-UNF (RB n't))) (, ,) (-DFL- N_S))",98,289.42,293.26
sw01utt/sw_0120_3113.utt,3/sw3113,3113,69,sv,B,35,4,I mean it's embarrassing --,[ I/PRP ] mean/VBP  [ it/PRP ] 's/BES embarrassing/JJ --/:,(S (PRN (S (NP-SBJ (PRP I)) (VP (VBP mean)))) (NP-SBJ (PRP it)) (VP (VP (BES 's) (ADJP-PRD (JJ embarrassing))) (CC and) (NP-ETC (PDT all) (DT this) (JJ other) (NN stuff))) (-DFL- E_S)),99,294.04,295.0
sw01utt/sw_0120_3113.utt,3/sw3113,3113,70,b,A,36,1,Uh-huh. /,[ Uh-huh/UH ] ./.,(INTJ (UH Uh-huh) (. .) (-DFL- E_S)),68,295.04,295.16
sw01utt/sw_0120_3113.utt,3/sw3113,3113,71,+,B,37,1,-- and all this other stuff  /,--/: and/CC  [ all/PDT this/DT other/JJ stuff/NN ],(S (PRN (S (NP-SBJ (PRP I)) (VP (VBP mean)))) (NP-SBJ (PRP it)) (VP (VP (BES 's) (ADJP-PRD (JJ embarrassing))) (CC and) (NP-ETC (PDT all) (DT this) (JJ other) (NN stuff))) (-DFL- E_S)),99,295.12,296.12
sw01utt/sw_0120_3113.utt,3/sw3113,3113,72,sv,B,37,2,"{C and } [ they, + they're ] put on {D like, } they were the ones that caused it or whatever,  /","and/CC  [ they/PRP ] ,/,  [ they/PRP ] 're/VBP put/VBN on/IN like/IN ,/,  [ they/PRP ] were/VBD  [ the/DT ones/NNS ] [ that/WDT ] caused/VBD  [ it/PRP ] or/CC  [ whatever/WDT ] ,/,","(S (CC and) (EDITED (RM (-DFL- \[)) (NP-SBJ (PRP they)) (, ,) (IP (-DFL- \+))) (NP-SBJ-2 (PRP they)) (VP (VBP 're) (RS (-DFL- \])) (VP (VBN put) (PRT (IN on)) (NP (-NONE- *-2)) (SBAR-ADV (UH like) (, ,) (S (NP-SBJ (PRP they)) (VP (VP (VBD were) (NP-PRD (NP (DT the) (NNS ones)) (SBAR (WHNP-1 (WDT that)) (S (NP-SBJ (-NONE- *T*-1)) (VP (VBD caused) (NP (PRP it))))))) (CC or) (NP-ETC (WDT whatever))))))) (, ,) (-DFL- E_S))",103,296.12,300.3
sw01utt/sw_0120_3113.utt,3/sw3113,3113,73,sv,B,37,3,"{C but, }  to me, when you do the crime, then you should pay for whatever you did,  /","but/CC ,/, to/IN  [ me/PRP ] ,/, when/WRB  [ you/PRP ] do/VBP  [ the/DT crime/NN ] ,/, then/RB  [ you/PRP ] should/MD pay/VB for/IN  [ whatever/WDT ] [ you/PRP ] did/VBD ,/,","(S (CC but) (, ,) (PP (IN to) (NP (PRP me))) (, ,) (SBAR-TMP (WHADVP-1 (WRB when)) (S (NP-SBJ (PRP you)) (VP (VBP do) (NP (DT the) (NN crime)) (ADVP-TMP (-NONE- *T*-1))))) (, ,) (ADVP (RB then)) (NP-SBJ (PRP you)) (VP (MD should) (VP (VB pay) (PP (IN for) (SBAR (WHNP-2 (WDT whatever)) (S (NP-SBJ (PRP you)) (VP (VBD did) (NP (-NONE- *T*-2)))))))) (, ,) (-DFL- E_S))",104,300.3,305.88000000000005
sw01utt/sw_0120_3113.utt,3/sw3113,3113,74,sv,B,37,4,"[ {C and, } + {C and } ]  you shouldn't be able to go on the lesser charge.  /","and/CC ,/, and/CC  [ you/PRP ] should/MD n't/RB be/VB able/JJ to/TO go/VB on/IN  [ the/DT lesser/JJR charge/NN ] ./.","(S (EDITED (RM (-DFL- \[)) (CC and) (, ,) (IP (-DFL- \+))) (CC and) (RS (-DFL- \])) (NP-SBJ-1 (PRP you)) (VP (MD should) (RB n't) (VP (VB be) (ADJP-PRD (JJ able) (S (NP-SBJ (-NONE- *-1)) (VP (TO to) (VP (VB go) (PP (IN on) (NP (DT the) (JJR lesser) (NN charge))))))))) (. .) (-DFL- E_S))",105,305.88,309.56
sw01utt/sw_0120_3113.utt,3/sw3113,3113,75,sv(^q),B,37,5,"[ I don't, + I don't ] think  that's right  because all's that's going to do is say, {F Oh, } {D well, } {D you know, }  that was a breeze,  /","[ I/PRP ] do/VBP n't/RB ,/,  [ I/PRP ] do/VBP n't/RB think/VB  [ that/DT ] 's/BES right/JJ because/IN  [ all/DT ] [ 's/BES ] [ that/WDT ] 's/BES going/VBG to/TO do/VB is/VBZ say/VB ,/, Oh/UH ,/, well/UH ,/,  [ you/PRP ] know/VBP ,/,  [ that/DT ] was/VBD  [ a/DT breeze/NN ] ,/,","(S (EDITED (RM (-DFL- \[)) (S (NP-SBJ (PRP I)) (VP-UNF (VBP do) (RB n't))) (, ,) (IP (-DFL- \+))) (NP-SBJ (PRP I)) (VP (VBP do) (RB n't) (RS (-DFL- \])) (VP (VB think) (SBAR (-NONE- 0) (S (NP-SBJ (DT that)) (VP (BES 's) (ADJP-PRD (JJ right))))) (SBAR-PRP (IN because) (S (NP-SBJ (NP (TYPO (DT all) (BES 's))) (SBAR (WHNP-2 (-NONE- 0)) (S (NP-SBJ-1 (WDT that)) (VP (BES 's) (VP (VBG going) (S (NP-SBJ (-NONE- *-1)) (VP (TO to) (VP (VB do) (NP (-NONE- *T*-2)))))))))) (VP (VBZ is) (S-PRD (NP-SBJ (-NONE- *)) (VP (VB say) (, ,) (S-SEZ (INTJ (UH Oh)) (, ,) (INTJ (UH well)) (PRN (, ,) (S (NP-SBJ (PRP you)) (VP (VBP know))) (, ,)) (NP-SBJ (DT that)) (VP (VBD was) (NP-PRD (DT a) (NN breeze))))))))))) (, ,) (-DFL- E_S))",106,309.92,314.48
sw01utt/sw_0120_3113.utt,3/sw3113,3113,76,^q,B,37,6,"I can go out and do it again and, {D you know } --","[ I/PRP ] can/MD go/VB out/RB and/CC do/VB  [ it/PRP ] again/RB and/CC ,/,  [ you/PRP ] know/VBP --/:","(S (NP-SBJ (PRP I)) (VP (MD can) (VP (VP (VB go) (ADVP-DIR (RB out))) (CC and) (VP (VB do) (NP (PRP it)) (ADVP (RB again))) (CC and) (PRN (, ,) (S (NP-SBJ (PRP you)) (VP (VBP know)))) (VP (VB have) (S (NP-SBJ (DT the) (JJ same) (NN thing)) (VP (VB happen)))))) (. .) (-DFL- E_S))",107,314.48,316.3
sw01utt/sw_0120_3113.utt,3/sw3113,3113,77,b,A,38,1,Yeah. /,Yeah/UH ./.,(INTJ (UH Yeah) (. .) (-DFL- E_S)),109,316.52,316.7
sw01utt/sw_0120_3113.utt,3/sw3113,3113,78,+,B,39,1,-- have the same thing happen.  /,--/: have/VB  [ the/DT same/JJ thing/NN ] happen/VB ./.,"(S (NP-SBJ (PRP I)) (VP (MD can) (VP (VP (VB go) (ADVP-DIR (RB out))) (CC and) (VP (VB do) (NP (PRP it)) (ADVP (RB again))) (CC and) (PRN (, ,) (S (NP-SBJ (PRP you)) (VP (VBP know)))) (VP (VB have) (S (NP-SBJ (DT the) (JJ same) (NN thing)) (VP (VB happen)))))) (. .) (-DFL- E_S))",107,316.9,318.24
sw01utt/sw_0120_3113.utt,3/sw3113,3113,79,sv,B,39,2,"[ That's, + that's ] not right. /","[ That/DT ] 's/BES ,/,  [ that/DT ] 's/BES not/RB right/JJ ./.","(S (EDITED (RM (-DFL- \[)) (S (NP-SBJ (DT That)) (VP-UNF (BES 's))) (, ,) (IP (-DFL- \+))) (NP-SBJ (DT that)) (VP (BES 's) (RS (-DFL- \])) (RB not) (ADJP-PRD (JJ right))) (. .) (-DFL- E_S))",111,318.48,319.76
sw01utt/sw_0120_3113.utt,3/sw3113,3113,80,sd,A,40,1,"{D Well, } that's where, {F uh, } the role of juries  [ is, + is ] restricted  /","Well/UH ,/,  [ that/DT ] 's/BES where/WRB ,/,  [ uh/UH ] ,/,  [ the/DT role/NN ] of/IN  [ juries/NNS ] is/VBZ ,/, is/VBZ restricted/JJ","(S (INTJ (UH Well)) (, ,) (NP-SBJ (DT that)) (VP (BES 's) (SBAR-PRD (WHADVP-2 (WRB where)) (, ,) (INTJ (UH uh)) (, ,) (S (NP-SBJ-1 (NP (DT the) (NN role)) (PP (IN of) (NP (NNS juries)))) (EDITED (RM (-DFL- \[)) (VP-UNF (VBZ is)) (, ,) (IP (-DFL- \+))) (VP (VBZ is) (RS (-DFL- \])) (VP (JJ restricted) (NP (-NONE- *-1)) (ADVP (-NONE- *T*-2))))))) (-DFL- E_S))",113,320.1,326.26
sw01utt/sw_0120_3113.utt,3/sw3113,3113,81,sd,A,40,2,"{C and, }  I'm not sure I'd want to change that aspect of it,  /","and/CC ,/,  [ I/PRP ] 'm/VBP not/RB sure/JJ  [ I/PRP ] 'd/MD want/VB to/TO change/VB  [ that/DT aspect/NN ] of/IN  [ it/PRP ] ,/,","(S (CC and) (, ,) (NP-SBJ (PRP I)) (VP (VBP 'm) (RB not) (ADJP-PRD (JJ sure) (SBAR (-NONE- 0) (S (NP-SBJ-1 (PRP I)) (VP (MD 'd) (VP (VB want) (S (NP-SBJ (-NONE- *-1)) (VP (TO to) (VP (VB change) (NP (NP (DT that) (NN aspect)) (PP (IN of) (NP (PRP it))))))))))))) (, ,) (-DFL- E_S))",114,326.26,328.70000000000005
sw01utt/sw_0120_3113.utt,3/sw3113,3113,82,sd,A,40,3,"one is,  it's restricted in the sense that, juries only decide the charges that are  actually, {F uh, } brought, {D you know } -- /","[ one/CD ] is/VBZ ,/,  [ it/PRP ] 's/BES restricted/JJ in/IN  [ the/DT sense/NN ] that/IN ,/,  [ juries/NNS ] only/RB decide/VBP  [ the/DT charges/NNS ] [ that/WDT ] are/VBP actually/RB ,/,  [ uh/UH ] ,/, brought/VBN ,/,  [ you/PRP ] know/VBP --/:","(S (NP-SBJ (CD one)) (VP (VBZ is) (, ,) (SBAR-PRD (-NONE- 0) (S (NP-SBJ-1 (PRP it)) (VP (BES 's) (VP (JJ restricted) (NP (-NONE- *-1)) (PP (IN in) (NP (NP (DT the) (NN sense)) (SBAR (IN that) (, ,) (S (NP-SBJ (NNS juries)) (ADVP (RB only)) (VP (VBP decide) (NP (NP (DT the) (NNS charges)) (SBAR (WHNP-2 (WDT that)) (S (NP-SBJ-3 (-NONE- *T*-2)) (VP (VBP are) (ADVP (RB actually)) (, ,) (INTJ (UH uh)) (, ,) (VP (VBN brought) (NP (-NONE- *-3)) (PRN (, ,) (S (NP-SBJ (PRP you)) (VP (VBP know))))))))))))))))))) (-DFL- E_S))",115,328.7,340.90000000000003
sw01utt/sw_0120_3113.utt,3/sw3113,3113,83,b,B,41,1,Right. /,[ Right/UH ] ./.,(INTJ (UH Right) (. .) (-DFL- E_S)),80,340.86,340.98
sw01utt/sw_0120_3113.utt,3/sw3113,3113,84,sd,A,42,1,"-- if it's first degree rape, second  [ deg-, + degree ] rape or whatever, they only get to decide on that,  /","--/: if/IN  [ it/PRP ] 's/BES first/JJ  [ degree/NN rape/NN ] ,/,  [ second/JJ deg-/NN ] ,/,  [ degree/NN ] rape/NN or/CC  [ whatever/WDT ] ,/,  [ they/PRP ] only/RB get/VBP to/TO decide/VB on/IN  [ that/DT ] ,/,","(S (SBAR-ADV (IN if) (S (NP-SBJ (PRP it)) (VP (BES 's) (NP-PRD (NP (JJ first) (NN degree) (NN rape)) (, ,) (NP (JJ second) (EDITED (RM (-DFL- \[)) (NP-UNF (NN deg-)) (, ,) (IP (-DFL- \+))) (NN degree) (RS (-DFL- \])) (NN rape)) (CC or) (NP (WDT whatever)))))) (, ,) (NP-SBJ-1 (PRP they)) (ADVP (RB only)) (VP (VBP get) (S (NP-SBJ (-NONE- *-1)) (VP (TO to) (VP (VB decide) (PP (IN on) (NP (DT that))))))) (, ,) (-DFL- E_S))",119,341.02,346.90000000000003
sw01utt/sw_0120_3113.utt,3/sw3113,3113,85,^q,A,42,2,"{D well, } okay this  person has been charged with first degree rape, {F uh, }  /","well/UH ,/, okay/UH  [ this/DT person/NN ] has/VBZ been/VBN charged/VBN with/IN  [ first/JJ degree/NN rape/NN ] ,/,  [ uh/UH ] ,/,","(S (INTJ (UH well)) (, ,) (INTJ (UH okay)) (NP-SBJ-1 (DT this) (NN person)) (VP (VBZ has) (VP (VBN been) (VP (VBN charged) (NP (-NONE- *-1)) (PP (IN with) (NP (JJ first) (NN degree) (NN rape))) (, ,) (INTJ (UH uh))))) (, ,) (-DFL- E_S))",120,346.94,350.86
sw01utt/sw_0120_3113.utt,3/sw3113,3113,86,sd,A,42,3,{C and } you can decide guilt or innocence on that. /,and/CC  [ you/PRP ] can/MD decide/VB  [ guilt/NN ] or/CC  [ innocence/NN ] on/IN  [ that/DT ] ./.,(S (CC and) (NP-SBJ (PRP you)) (VP (MD can) (VP (VB decide) (NP (NP (NN guilt) (CC or) (NN innocence)) (PP (IN on) (NP (DT that)))))) (. .) (-DFL- E_S)),121,350.86,353.0
sw01utt/sw_0120_3113.utt,3/sw3113,3113,87,b,B,43,1,Uh-huh. /,[ Uh-huh/UH ] ./.,(INTJ (UH Uh-huh) (. .) (-DFL- E_S)),94,352.95,353.27
sw01utt/sw_0120_3113.utt,3/sw3113,3113,88,sd,A,44,1,"{F Uh, } such like, maybe in murder  they get to choose whether it's, {F uh, } premeditated or one or two of the lesser degrees.  /","[ Uh/UH ] ,/,  [ such/JJ ] like/IN ,/, maybe/RB in/IN  [ murder/NN ] [ they/PRP ] get/VBP to/TO choose/VB whether/IN  [ it/PRP ] 's/BES ,/,  [ uh/UH ] ,/, premeditated/JJ or/CC  [ one/CD ] or/CC  [ two/CD ] of/IN  [ the/DT lesser/JJR degrees/NNS ] ./.","(SBAR (INTJ (UH Uh)) (, ,) (JJ such) (IN like) (, ,) (S (ADVP (RB maybe)) (PP (IN in) (NP (NN murder))) (NP-SBJ-1 (PRP they)) (VP (VBP get) (S (NP-SBJ (-NONE- *-1)) (VP (TO to) (VP (VB choose) (SBAR (IN whether) (S (NP-SBJ (PRP it)) (VP (BES 's) (, ,) (INTJ (UH uh)) (, ,) (UCP-PRD (ADJP (JJ premeditated)) (CC or) (NP (NP (QP (CD one) (CC or) (CD two))) (PP (IN of) (NP (DT the) (JJR lesser) (NNS degrees))))))))))))) (. .) (-DFL- E_S))",125,353.72,361.03
sw01utt/sw_0120_3113.utt,3/sw3113,3113,89,sd,A,44,2,"The other thing that juries are restricted on [ and, + and ] at least to  me this has been one of the frustrating things [ in my, + even in my ] own experiences,  that you usually don't get to hear all the information. /","[ The/DT other/JJ thing/NN ] that/IN  [ juries/NNS ] are/VBP restricted/JJ on/IN and/CC ,/, and/CC at/IN  [ least/JJS ] to/IN  [ me/PRP ] [ this/DT ] has/VBZ been/VBN  [ one/CD ] of/IN  [ the/DT frustrating/JJ things/NNS ] in/IN  [ my/PRP$ ] ,/, even/RB in/IN  [ my/PRP$ own/JJ experiences/NNS ] ,/, that/IN  [ you/PRP ] usually/RB do/VBP n't/RB get/VB to/TO hear/VB  [ all/PDT the/DT information/NN ] ./.","(X (NP-SBJ (NP (DT The) (JJ other) (NN thing)) (SBAR (WHNP-2 (IN that)) (S (NP-SBJ-1 (NNS juries)) (VP (VBP are) (VP (JJ restricted) (NP (-NONE- *-1)) (PP (IN on) (NP (-NONE- *T*-2)))))))) (EDITED (RM (-DFL- \[)) (CC and) (, ,) (IP (-DFL- \+))) (PRN (S (CC and) (RS (-DFL- \])) (ADVP (IN at) (JJS least)) (PP (IN to) (NP (PRP me))) (NP-SBJ (DT this)) (VP (VBZ has) (VP (VBN been) (NP-PRD (NP (CD one)) (PP (IN of) (NP (DT the) (JJ frustrating) (NNS things)))) (EDITED (RM (-DFL- \[)) (PP (IN in) (NP-UNF (PRP$ my))) (, ,) (IP (-DFL- \+))) (PP (ADVP (RB even)) (IN in) (NP (PRP$ my) (RS (-DFL- \])) (JJ own) (NNS experiences)))))) (, ,)) (SBAR-PRD (IN that) (S (NP-SBJ-3 (PRP you)) (ADVP-TMP (RB usually)) (VP (VBP do) (RB n't) (VP (VB get) (S (NP-SBJ (-NONE- *-3)) (VP (TO to) (VP (VB hear) (NP (PDT all) (DT the) (NN information))))))))) (. .) (-DFL- E_S))",126,361.89,374.95
sw01utt/sw_0120_3113.utt,3/sw3113,3113,90,b,B,45,1,Yeah. /,Yeah/UH ./.,(INTJ (UH Yeah) (. .) (-DFL- E_S)),109,375.98,376.36
sw01utt/sw_0120_3113.utt,3/sw3113,3113,91,sd,A,46,1,It's what information is presented  /,[ It/PRP ] [ 's/BES ] [ what/WP information/NN ] is/VBZ presented/VBN,(S (NP-SBJ (PRP It)) (VP (BES 's) (SBAR-NOM-PRD (WHNP-1 (WP what) (NN information)) (S (NP-SBJ-2 (-NONE- *T*-1)) (VP (VBZ is) (VP (VBN presented) (NP (-NONE- *-2))))))) (-DFL- E_S)),130,376.43,378.27
sw01utt/sw_0120_3113.utt,3/sw3113,3113,92,sd,A,46,2,"{C and, }  {F uh, } I don't know that juries have a right to know more because in a sense we call those safeguards,  /","and/CC ,/,  [ uh/UH ] ,/,  [ I/PRP ] do/VBP n't/RB know/VB that/IN  [ juries/NNS ] have/VBP  [ a/DT right/NN ] to/TO know/VB more/RBR because/RB in/IN  [ a/DT sense/NN ] [ we/PRP ] call/VBP  [ those/DT safeguards/NNS ] ,/,","(S (CC and) (, ,) (INTJ (UH uh)) (, ,) (NP-SBJ (PRP I)) (VP (VBP do) (RB n't) (VP (VB know) (SBAR (IN that) (S (NP-SBJ (NNS juries)) (VP (VBP have) (NP (DT a) (NN right) (S (NP-SBJ (-NONE- *)) (VP (TO to) (VP (VB know) (NP (RBR more))))))))) (SBAR-PRP (RB because) (S (PP (IN in) (NP (DT a) (NN sense))) (NP-SBJ (PRP we)) (VP (VBP call) (S (NP-SBJ (DT those)) (NP-PRD (NNS safeguards)))))))) (, ,) (-DFL- E_S))",131,378.27,385.24
sw01utt/sw_0120_3113.utt,3/sw3113,3113,93,sd,A,46,3,"{C but } often juries hear only a fraction [ of the, + of the ]  story when they have to decide guilt or innocence. /","but/CC often/RB  [ juries/NNS ] hear/VBP only/RB  [ a/DT fraction/NN ] of/IN  [ the/DT ] ,/, of/IN  [ the/DT story/NN ] when/WRB  [ they/PRP ] have/VBP to/TO decide/VB  [ guilt/NN ] or/CC  [ innocence/NN ] ./.","(S (CC but) (ADVP-TMP (RB often)) (NP-SBJ (NNS juries)) (VP (VBP hear) (NP (NP (RB only) (DT a) (NN fraction)) (EDITED (RM (-DFL- \[)) (PP (IN of) (NP-UNF (DT the))) (, ,) (IP (-DFL- \+))) (PP (IN of) (NP (DT the) (RS (-DFL- \])) (NN story)))) (SBAR-TMP (WHADVP-2 (WRB when)) (S (NP-SBJ-1 (PRP they)) (VP (VBP have) (S (NP-SBJ (-NONE- *-1)) (VP (TO to) (VP (VB decide) (NP (NN guilt) (CC or) (NN innocence))))) (ADVP-TMP (-NONE- *T*-2)))))) (. .) (-DFL- E_S))",132,385.38,394.14
sw01utt/sw_0120_3113.utt,3/sw3113,3113,94,qh,B,47,1,"{C And } to me, [ how can you, + how can you ]  make a decision if you don't have all of the evidence in front of,  [ whether it be, +  whether it pertains ] to the case or  not,  /","And/CC to/IN  [ me/PRP ] ,/, how/WRB can/MD  [ you/PRP ] ,/, how/WRB can/MD  [ you/PRP ] make/VB  [ a/DT decision/NN ] if/IN  [ you/PRP ] do/VBP n't/RB have/VB  [ all/DT ] of/IN  [ the/DT evidence/NN ] in/IN  [ front/NN ] of/IN ,/, whether/IN  [ it/PRP ] be/VB ,/, whether/IN  [ it/PRP ] pertains/VBZ to/IN  [ the/DT case/NN ] or/CC not/RB ,/,","(FRAG (CC And) (PP (IN to) (NP (PRP me))) (, ,) (SBARQ (EDITED (RM (-DFL- \[)) (SBARQ (WHADVP (WRB how)) (SQ-UNF (MD can) (NP-SBJ (PRP you)) (, ,) (IP (-DFL- \+))))) (WHADVP-1 (WRB how)) (SQ (MD can) (NP-SBJ (PRP you)) (RS (-DFL- \])) (VP (VB make) (NP (DT a) (NN decision)) (SBAR-ADV (IN if) (S (NP-SBJ (PRP you)) (VP (VBP do) (RB n't) (VP (VB have) (NP (NP (DT all)) (PP (IN of) (NP (DT the) (NN evidence)))) (PP (IN in) (NP (NP (NN front)) (PP-UNF (IN of)))) (, ,) (SBAR-ADV (EDITED (RM (-DFL- \[)) (SBAR (IN whether) (S (NP-SBJ (PRP it)) (VP-UNF (VB be)))) (, ,) (IP (-DFL- \+))) (IN whether) (S (NP-SBJ (PRP it)) (VP (VP (VBZ pertains) (RS (-DFL- \])) (PP (IN to) (NP (DT the) (NN case)))) (CC or) (VP (FRAG (RB not)))))))))) (ADVP-MNR (-NONE- *T*-1))))) (, ,) (-DFL- E_S))",134,394.42,402.65999999999997
sw01utt/sw_0120_3113.utt,3/sw3113,3113,95,sd,B,47,2,"somebody thinks [ it, + it ] had, because they've got it there. /","[ somebody/NN ] thinks/VBZ  [ it/PRP ] ,/,  [ it/PRP ] had/VBD ,/, because/IN  [ they/PRP ] 've/VBP got/VBN  [ it/PRP ] there/RB ./.","(S (NP-SBJ (NN somebody)) (VP (VBZ thinks) (SBAR (-NONE- 0) (S (EDITED (RM (-DFL- \[)) (NP-SBJ (PRP it)) (, ,) (IP (-DFL- \+))) (NP-SBJ (PRP it)) (RS (-DFL- \])) (VP (VBD had) (VP (-NONE- *?*))))) (, ,) (SBAR-PRP (IN because) (S (NP-SBJ (PRP they)) (VP (VBP 've) (VP (VBN got) (NP (PRP it)) (ADVP-LOC (RB there))))))) (. .) (-DFL- E_S))",135,403.02,407.2
sw01utt/sw_0120_3113.utt,3/sw3113,3113,96,b,A,48,1,Uh-huh. /,[ Uh-huh/UH ] ./.,(INTJ (UH Uh-huh) (. .) (-DFL- E_S)),101,407.3,407.6
sw01utt/sw_0120_3113.utt,3/sw3113,3113,97,bf,B,49,1,"{C So } [ the lawyers, + the two lawyers ]  are the ones that have all the information. /","So/RB  [ the/DT lawyers/NNS ] ,/,  [ the/DT two/CD lawyers/NNS ] are/VBP  [ the/DT ones/NNS ] [ that/WDT ] have/VBP  [ all/PDT the/DT information/NN ] ./.","(S (RB So) (EDITED (RM (-DFL- \[)) (NP-SBJ (DT the) (NNS lawyers)) (, ,) (IP (-DFL- \+))) (NP-SBJ (DT the) (CD two) (NNS lawyers)) (RS (-DFL- \])) (VP (VBP are) (NP-PRD (NP (DT the) (NNS ones)) (SBAR (WHNP-1 (WDT that)) (S (NP-SBJ (-NONE- *T*-1)) (VP (VBP have) (NP (PDT all) (DT the) (NN information))))))) (. .) (-DFL- E_S))",139,407.56,412.92
sw01utt/sw_0120_3113.utt,3/sw3113,3113,98,aa,A,50,1,"Yeah,  /","Yeah/UH ,/,","(INTJ (UH Yeah) (, ,) (-DFL- E_S))",141,413.64,413.82
sw01utt/sw_0120_3113.utt,3/sw3113,3113,99,sd,A,50,2,{C and } --,and/CC --/:,"(S (CC and) (, ,) (NP-SBJ (PRP I)) (VP (VBP 'm) (RB not) (ADJP-PRD (JJ sure) (SBAR (-NONE- 0) (S (NP-SBJ-1 (PRP I)) (VP (MD 'd) (VP (VB want) (S (NP-SBJ (-NONE- *-1)) (VP (TO to) (VP (VB change) (NP (NP (DT that) (NN aspect)) (PP (IN of) (NP (PRP it))))))))))))) (, ,) (-DFL- E_S))",114,413.82,413.96
sw01utt/sw_0120_3113.utt,3/sw3113,3113,100,^g,B,51,1,Don't they? /,Do/VBP n't/RB  [ they/PRP ] ?/.,(SQ (VBP Do) (RB n't) (NP-SBJ (PRP they)) (. ?) (-DFL- E_S)),144,413.92,414.14
sw01utt/sw_0120_3113.utt,3/sw3113,3113,101,+,A,52,1,"-- the truth that's brought out is, {F uh, } as I say,  when I've heard about, {D you know, } - /","--/:  [ the/DT truth/NN ] [ that/WDT ] 's/HVS brought/VBN out/RP is/VBZ ,/,  [ uh/UH ] ,/, as/IN  [ I/PRP ] say/VBP ,/, when/WRB  [ I/PRP ] 've/VBP heard/VBN about/IN ,/,  [ you/PRP ] know/VBP ,/,","(S (CC and) (NP-SBJ (NP (DT the) (NN truth)) (SBAR (WHNP-1 (WDT that)) (S (NP-SBJ-2 (-NONE- *T*-1)) (VP (HVS 's) (VP (VBN brought) (NP (-NONE- *-2)) (ADVP (RP out))))))) (VP-UNF (VBZ is) (, ,) (INTJ (UH uh)) (, ,) (SBAR-ADV (IN as) (S (NP-SBJ (PRP I)) (VP (VBP say)))) (, ,) (SBAR-TMP (WHADVP-3 (WRB when)) (S (NP-SBJ (PRP I)) (VP (VBP 've) (VP (VBN heard) (PP-UNF (IN about) (PRN (, ,) (S (NP-SBJ (PRP you)) (VP (VBP know))))) (ADVP-TMP (-NONE- *T*-3))))))) (, ,) (-DFL- N_S))",142,414.88,419.22
sw01utt/sw_0120_3113.utt,3/sw3113,3113,102,sd,A,52,2,"the oath is to tell the truth,  /","[ the/DT oath/NN ] is/VBZ to/TO tell/VB  [ the/DT truth/NN ] ,/,","(S (NP-SBJ (DT the) (NN oath)) (VP (VBZ is) (S-PRD (NP-SBJ (-NONE- *)) (VP (TO to) (VP (VB tell) (NP (DT the) (NN truth)))))) (, ,) (-DFL- E_S))",146,419.22,420.38
sw01utt/sw_0120_3113.utt,3/sw3113,3113,103,sd,A,52,3,"the whole truth  and nothing but the truth, is that they want, {F uh, }  /","[ the/DT whole/JJ truth/NN ] and/CC  [ nothing/NN ] but/IN  [ the/DT truth/NN ] ,/, is/VBZ that/IN  [ they/PRP ] want/VBP ,/, uh/UH ,/,","(S (NP-SBJ (NP (DT the) (JJ whole) (NN truth)) (CC and) (NP (NP (NN nothing)) (PP (IN but) (NP (DT the) (NN truth))))) (, ,) (VP (VBZ is) (SBAR-PRD (IN that) (S (NP-SBJ (PRP they)) (VP-UNF (VBP want) (, ,) (INTJ (UH uh)))))) (, ,) (-DFL- E_S))",147,420.38,423.7
sw01utt/sw_0120_3113.utt,3/sw3113,3113,104,sv,A,52,4,"they don't want,  {F uh, } the whole truth.  /","[ they/PRP ] do/VBP n't/RB want/VB ,/,  [ uh/UH ] ,/,  [ the/DT whole/JJ truth/NN ] ./.","(S (NP-SBJ (PRP they)) (VP (VBP do) (RB n't) (VP (VB want) (, ,) (INTJ (UH uh)) (, ,) (NP (DT the) (JJ whole) (NN truth)))) (. .) (-DFL- E_S))",148,423.7,426.51
sw01utt/sw_0120_3113.utt,3/sw3113,3113,105,sd,A,52,5,{E I mean } --,[ I/PRP ] mean/VBP --/:,"(S (PRN (S (NP-SBJ (PRP I)) (VP (VBP mean)))) (NP-SBJ (PRP you)) (VP (MD can) (VP-UNF (VB say))) (, ,) (-DFL- E_S))",149,426.95,427.27000000000004
sw01utt/sw_0120_3113.utt,3/sw3113,3113,106,bf,B,53,1,They only put part of it. /,[ They/PRP ] only/RB put/VBP  [ part/NN ] of/IN  [ it/PRP ] ./.,(S (NP-SBJ (PRP They)) (ADVP (RB only)) (VP (VBP put) (NP (NP (NN part)) (PP (IN of) (NP (PRP it))))) (. .) (-DFL- E_S)),151,427.24,428.20000000000005
sw01utt/sw_0120_3113.utt,3/sw3113,3113,107,+,A,54,1,"-- you can say,  /","--/:  [ you/PRP ] can/MD say/VB ,/,","(S (PRN (S (NP-SBJ (PRP I)) (VP (VBP mean)))) (NP-SBJ (PRP you)) (VP (MD can) (VP-UNF (VB say))) (, ,) (-DFL- E_S))",149,428.27,428.71
sw01utt/sw_0120_3113.utt,3/sw3113,3113,108,aa,A,54,2,yeah. /,yeah/UH ./.,(INTJ (UH yeah) (. .) (-DFL- E_S)),153,428.75,428.87
sw01utt/sw_0120_3113.utt,3/sw3113,3113,109,b,B,55,1,Yeah. /,Yeah/UH ./.,(INTJ (UH Yeah) (. .) (-DFL- E_S)),128,428.86,429.02000000000004
sw01utt/sw_0120_3113.utt,3/sw3113,3113,110,%,A,56,1,"The, - /","[ The/DT ] ,/,","(S (NP-SBJ-UNF (DT The)) (, ,) (-DFL- N_S))",157,429.09,429.21
sw01utt/sw_0120_3113.utt,3/sw3113,3113,111,sv,A,56,2,"because stories look very different  when you hear different parts [ of the, + of the ] truth. /","because/IN  [ stories/NNS ] look/VBP very/RB different/JJ when/WRB  [ you/PRP ] hear/VBP  [ different/JJ parts/NNS ] of/IN  [ the/DT ] ,/, of/IN  [ the/DT truth/NN ] ./.","(SBAR-PRP (IN because) (S (NP-SBJ (NNS stories)) (VP (VBP look) (ADJP-PRD (RB very) (JJ different)) (SBAR-TMP (WHADVP-1 (WRB when)) (S (NP-SBJ (PRP you)) (VP (VBP hear) (NP (NP (JJ different) (NNS parts)) (EDITED (RM (-DFL- \[)) (PP (IN of) (NP-UNF (DT the))) (, ,) (IP (-DFL- \+))) (PP (IN of) (NP (DT the) (RS (-DFL- \])) (NN truth)))) (ADVP-TMP (-NONE- *T*-1))))))) (. .) (-DFL- E_S))",158,429.21,433.35
sw01utt/sw_0120_3113.utt,3/sw3113,3113,112,aa,B,57,1,Right.  /,[ Right/UH ] ./.,(INTJ (UH Right) (. .) (-DFL- E_S)),160,433.64,433.96
sw01utt/sw_0120_3113.utt,3/sw3113,3113,113,sv,B,57,2,"{D Well, } that's just like  that old witness game,  /","Well/UH ,/,  [ that/DT ] 's/BES just/RB like/JJ that/DT  [ old/JJ witness/NN game/NN ] ,/,","(S (INTJ (UH Well)) (, ,) (NP-SBJ (DT that)) (VP (BES 's) (PP-PRD (ADVP (RB just)) (JJ like) (NP (DT that) (JJ old) (NN witness) (NN game)))) (, ,) (-DFL- E_S))",161,433.96,435.76
sw01utt/sw_0120_3113.utt,3/sw3113,3113,114,sd,B,57,3,"{D well, }  it's a game kids play, too,  /","well/UH ,/,  [ it/PRP ] 's/BES  [ a/DT game/NN kids/NNS ] play/NN ,/, too/RB ,/,","(S (INTJ (UH well)) (, ,) (NP-SBJ (PRP it)) (VP (BES 's) (NP-PRD (DT a) (NN game) (SBAR (WHNP-1 (-NONE- 0)) (S (NP-SBJ (NNS kids)) (VP (NN play) (NP (-NONE- *T*-1)) (, ,) (ADVP (RB too))))))) (, ,) (-DFL- E_S))",162,436.0,437.34000000000003
sw01utt/sw_0120_3113.utt,3/sw3113,3113,115,sd,B,57,4,"{C but, }  {F uh, } somebody did it,  just for your train of thought where [ they, + they ] showed something  /","but/CC ,/,  [ uh/UH ] ,/,  [ somebody/NN ] did/VBD  [ it/PRP ] ,/, just/RB for/IN  [ your/PRP$ train/NN ] of/IN  [ thought/NN ] where/WRB  [ they/PRP ] ,/,  [ they/PRP ] showed/VBD  [ something/NN ]","(S (CC but) (, ,) (INTJ (UH uh)) (, ,) (NP-SBJ (NN somebody)) (VP (VBD did) (NP (PRP it)) (, ,) (PP (ADVP (RB just)) (IN for) (NP (NP (PRP$ your) (NN train)) (PP (IN of) (NP (NN thought))))) (SBAR-ADV (WHADVP-1 (WRB where)) (S (EDITED (RM (-DFL- \[)) (NP-SBJ (PRP they)) (, ,) (IP (-DFL- \+))) (NP-SBJ (PRP they)) (RS (-DFL- \])) (VP (VBD showed) (NP (NN something)) (ADVP (-NONE- *T*-1)))))) (-DFL- E_S))",163,437.34,445.12
sw01utt/sw_0120_3113.utt,3/sw3113,3113,116,sd,B,57,5,"{C and } they asked, - /","and/CC  [ they/PRP ] asked/VBD ,/,","(S (CC and) (NP-SBJ (PRP they)) (VP-UNF (VBD asked)) (, ,) (-DFL- N_S))",164,445.78,446.65999999999997
sw01utt/sw_0120_3113.utt,3/sw3113,3113,117,sd,B,57,6,"[ they, + there ] were,  {F uh, } {D like } four people, /","[ they/PRP ] ,/,  [ there/EX ] were/VBD ,/,  [ uh/UH ] ,/, like/IN  [ four/CD people/NNS ] ,/,","(S (EDITED (RM (-DFL- \[)) (NP-SBJ (PRP they)) (, ,) (IP (-DFL- \+))) (NP-SBJ (EX there)) (RS (-DFL- \])) (VP (VBD were) (, ,) (INTJ (UH uh)) (, ,) (INTJ (UH like)) (NP-PRD (CD four) (NNS people))) (, ,) (-DFL- E_S))",165,447.1,449.67999999999995
