swda_filename,ptb_basename,conversation_no,transcript_index,act_tag,caller,utterance_index,subutterance_index,text,pos,trees,ptb_treenumbers,start_ts,end_ts
sw10utt/sw_1024_3247.utt,3/sw3247,3247,0,o,A,1,1,Okay. /,Okay/UH ./.,,,0.68,1.2000000000000002
sw10utt/sw_1024_3247.utt,3/sw3247,3247,1,o,B,2,1,All right. /,All/RB right/JJ ./.,,,2.18,2.38
sw10utt/sw_1024_3247.utt,3/sw3247,3247,2,sd,A,3,1,Capital punishment. /,Capital/NN punishment/NN ./.,,,2.38,3.08
sw10utt/sw_1024_3247.utt,3/sw3247,3247,3,%,B,4,1,"Okay,  /","Okay/UH ,/,",,,3.82,4.32
sw10utt/sw_1024_3247.utt,3/sw3247,3247,4,qo,B,4,2,what's your views on it? /,what/WP 's/BES your/PRP$ views/NNS on/IN it/PRP ?/.,,,4.36,5.319999999999999
sw10utt/sw_1024_3247.utt,3/sw3247,3247,5,sd,A,5,1,"{F Um, } for myself, I'm personally against it,  /","Um/UH ,/, for/IN myself/PRP ,/, I/PRP 'm/VBP personally/RB against/IN it/PRP ,/,",,,6.3,11.26
sw10utt/sw_1024_3247.utt,3/sw3247,3247,6,sv,A,5,2,"{C but } we seem to have a duality of, in this country where most states in theory have it, [ [ but, + but, ] + but ] do not use it. /","but/CC we/PRP seem/VBP to/TO have/VB a/DT duality/NN of/IN ,/, in/IN this/DT country/NN where/WRB most/JJS states/NNS in/IN theory/NN have/VBP it/PRP ,/, but/CC ,/, but/CC ,/, but/CC do/VBP not/RB use/VB it/PRP ./.",,,11.98,22.560000000000002
sw10utt/sw_1024_3247.utt,3/sw3247,3247,7,aa,B,6,1,Correct.  /,Correct/UH ./.,,,23.34,23.82
sw10utt/sw_1024_3247.utt,3/sw3247,3247,8,%,B,6,2,"Okay,  /","Okay/UH ,/,",,,24.48,24.8
sw10utt/sw_1024_3247.utt,3/sw3247,3247,9,sd,B,6,3,"{D well, } I'm for it.  /","well/UH ,/, I/PRP 'm/VBP for/IN it/PRP ./.",,,24.82,25.78
sw10utt/sw_1024_3247.utt,3/sw3247,3247,10,sv,B,6,4,"I think there are certain crimes that definitely, {F uh, } call for it.  /","I/PRP think/VBP there/EX are/VBP certain/JJ crimes/NNS that/WDT definitely/RB ,/, uh/UH ,/, call/VBP for/IN it/PRP ./.",,,25.88,31.28
sw10utt/sw_1024_3247.utt,3/sw3247,3247,11,sv,B,6,5,"[ I, + I  ] feel {D like } that child molestation and murder - /","I/PRP ,/, I/PRP feel/VBP like/IN that/IN child/NN molestation/NN and/CC murder/NN",,,31.28,35.16
sw10utt/sw_1024_3247.utt,3/sw3247,3247,12,sv,B,6,6,I don't see any sense in someone living that does things like that.  /,I/PRP do/VBP n't/RB see/VB any/DT sense/NN in/IN someone/NN living/VBG that/WDT does/VBZ things/NNS like/IN that/DT ./.,,,35.88,40.4
sw10utt/sw_1024_3247.utt,3/sw3247,3247,13,sv,B,6,7,"[ I, + I  ] don't feel like they're a benefit to society in any way,  /","I/PRP ,/, I/PRP do/VBP n't/RB feel/VB like/IN they/PRP 're/VBP a/DT benefit/NN to/IN society/NN in/IN any/DT way/NN ,/,",,,40.98,44.58
sw10utt/sw_1024_3247.utt,3/sw3247,3247,14,sd,B,6,8,"{C and } of course Texas has it, but  they very seldom, {D you know, } put it into effect.  /","and/CC of/IN course/NN Texas/NNP has/VBZ it/PRP ,/, but/CC they/PRP very/RB seldom/RB ,/, you/PRP know/VBP ,/, put/VBP it/PRP into/IN effect/NN ./.",,,45.4,50.64
sw10utt/sw_1024_3247.utt,3/sw3247,3247,15,sv,B,6,9,"{C So } instead all of our prisons are full of people on, {D you know } --","So/RB instead/RB all/DT of/IN our/PRP$ prisons/NNS are/VBP full/JJ of/IN people/NNS on/IN ,/, you/PRP know/VBP --/:",,,51.04,54.699999999999996
sw10utt/sw_1024_3247.utt,3/sw3247,3247,16,b,A,7,1,"Okay, {D well, } /","Okay/UH ,/, well/UH ,/,",,,55.58,55.94
sw10utt/sw_1024_3247.utt,3/sw3247,3247,17,+,B,8,1,-- a lot of people on death row. /,--/: a/DT lot/NN of/IN people/NNS on/IN death/NN row/NN ./.,,,55.94,57.06
sw10utt/sw_1024_3247.utt,3/sw3247,3247,18,sv,A,9,1,"{F Uh, } Texas uses it [ as, + about as  ] much as any other state. /","Uh/UH ,/, Texas/NNP uses/VBZ it/PRP as/IN ,/, about/RB as/RB much/JJ as/IN any/DT other/JJ state/NN ./.",,,57.62,61.76
sw10utt/sw_1024_3247.utt,3/sw3247,3247,19,b,B,10,1,"{D Well, } {F uh, } yeah -- /","Well/UH ,/, uh/UH ,/, yeah/UH --/:",,,62.1,62.46
sw10utt/sw_1024_3247.utt,3/sw3247,3247,20,sd,A,11,1,"Texas is a big state, /","Texas/NNP is/VBZ a/DT big/JJ state/NN ,/,",,,62.56,63.42
sw10utt/sw_1024_3247.utt,3/sw3247,3247,21,sv,B,12,1,-- which is not very often. - /,--/: which/WDT is/VBZ not/RB very/RB often/RB ./.,,,63.42,64.56
sw10utt/sw_1024_3247.utt,3/sw3247,3247,22,b,B,12,2,Right. /,Right/UH ./.,,,65.28,65.56
sw10utt/sw_1024_3247.utt,3/sw3247,3247,23,%,A,13,1,"{F Um, } here in Maryland to the capital punishment law, - /","Um/UH ,/, here/RB in/IN Maryland/NNP to/IN the/DT capital/NN punishment/NN law/NN ,/,",,,66.76,73.84
sw10utt/sw_1024_3247.utt,3/sw3247,3247,24,sd,A,13,2,"people are sometimes sentenced to capital punishment, but [ no one, + no one  ] [ has, + actually has  ] the sentence carried out.  /","people/NNS are/VBP sometimes/RB sentenced/VBN to/IN capital/NN punishment/NN ,/, but/CC no/DT one/CD ,/, no/DT one/CD has/VBZ ,/, actually/RB has/VBZ the/DT sentence/NN carried/VBN out/RP ./.",,,74.54,81.22
sw10utt/sw_1024_3247.utt,3/sw3247,3247,25,%,A,13,3,"{F Uh, } I'd certainly, -/","Uh/UH ,/, I/PRP 'd/MD certainly/RB ,/,",,,82.22,83.08
sw10utt/sw_1024_3247.utt,3/sw3247,3247,26,qy,B,14,1,"What do they do, just keep them on death row --","What/WP do/VBP they/PRP do/VB ,/, just/RB keep/VB them/PRP on/IN death/NN row/NN --/:",,,83.52,85.26
sw10utt/sw_1024_3247.utt,3/sw3247,3247,27,ny,A,15,1,Uh-huh.  /,Uh-huh/UH ./.,,,85.4,85.54
sw10utt/sw_1024_3247.utt,3/sw3247,3247,28,sd^e,A,15,2,I think so. /,I/PRP think/VBP so/RB ./.,,,85.54,86.38
sw10utt/sw_1024_3247.utt,3/sw3247,3247,29,+,B,16,1,-- for the rest of their life.  /,--/: for/IN the/DT rest/NN of/IN their/PRP$ life/NN ./.,,,86.38,89.66
sw10utt/sw_1024_3247.utt,3/sw3247,3247,30,b,B,16,2,Uh-huh. /,Uh-huh/UH ./.,,,89.68,89.82000000000001
sw10utt/sw_1024_3247.utt,3/sw3247,3247,31,%,A,17,1,"I, {F uh, } - /","I/PRP ,/, uh/UH ,/,",,,89.82,90.32
sw10utt/sw_1024_3247.utt,3/sw3247,3247,32,%,A,17,2,((   ))  {C or } affair number -- -/,MUMBLEx/XX or/CC affair/NN number/NN --/:,,,90.7,91.46000000000001
sw10utt/sw_1024_3247.utt,3/sw3247,3247,33,b,B,18,1,Uh-huh. /,Uh-huh/UH ./.,,,91.98,92.26
sw10utt/sw_1024_3247.utt,3/sw3247,3247,34,sv,A,19,1,"-- {F uh, } in fact, I think that, [ it, + it  ] affected the sentence though capital punishment is available,  /","--/: uh/UH ,/, in/IN fact/NN ,/, I/PRP think/VBP that/IN ,/, it/PRP ,/, it/PRP affected/VBD the/DT sentence/NN though/IN capital/NN punishment/NN is/VBZ available/JJ ,/,",,,92.3,100.72
sw10utt/sw_1024_3247.utt,3/sw3247,3247,35,sv,A,19,2,"the sentence of life without possibility of parole, {F uh, } has become a common one, and  is [ being, + being  ] used much more. /","the/DT sentence/NN of/IN life/NN without/IN possibility/NN of/IN parole/NN ,/, uh/UH ,/, has/VBZ become/VBN a/DT common/JJ one/CD ,/, and/CC is/VBZ being/VBG ,/, being/VBG used/VBN much/RB more/JJR ./.",,,101.26,109.94
sw10utt/sw_1024_3247.utt,3/sw3247,3247,36,qy,B,20,1,Do you have the overcrowding in your prisons that we are facing down here? /,Do/VBP you/PRP have/VB the/DT overcrowding/NN in/IN your/PRP$ prisons/NNS that/WDT we/PRP are/VBP facing/VBG down/IN here/RB ?/.,,,109.94,113.98
sw10utt/sw_1024_3247.utt,3/sw3247,3247,37,sd,A,21,1,"{F Uh, } I don't know the exact numbers,  /","Uh/UH ,/, I/PRP do/VBP n't/RB know/VB the/DT exact/JJ numbers/NNS ,/,",,,115.0,116.98
sw10utt/sw_1024_3247.utt,3/sw3247,3247,38,ny,A,21,2,"[ {C but, } + {C but } ] yes,  /","but/CC ,/, but/CC yes/UH ,/,",,,117.1,118.5
sw10utt/sw_1024_3247.utt,3/sw3247,3247,39,sd^e,A,21,3,prisons are overcrowded. /,prisons/NNS are/VBP overcrowded/JJ ./.,,,118.5,119.58
sw10utt/sw_1024_3247.utt,3/sw3247,3247,40,sd,B,22,1,"I know that we have, {D you know, } - /","I/PRP know/VBP that/IN we/PRP have/VBP ,/, you/PRP know/VBP ,/,",,,120.36,121.53999999999999
sw10utt/sw_1024_3247.utt,3/sw3247,3247,41,sv,B,22,2,"really in fact  [ they're, + they're  ] releasing people, {F uh, } that are in there for, {D you know, } not major crimes, but, {F uh } robberies and assault and things like  that,  /","really/RB in/IN fact/NN they/PRP 're/VBP ,/, they/PRP 're/VBP releasing/VBG people/NNS ,/, uh/UH ,/, that/WDT are/VBP in/IN there/RB for/IN ,/, you/PRP know/VBP ,/, not/RB major/JJ crimes/NNS ,/, but/CC ,/, uh/UH robberies/NNS and/CC assault/NN and/CC things/NNS like/IN that/DT ,/,",,,121.54,132.66
sw10utt/sw_1024_3247.utt,3/sw3247,3247,42,sv,B,22,3,"{C and, } because they don't have room, [ which + ] then they're coming back on the streets and of course, doing it again,  /","and/CC ,/, because/IN they/PRP do/VBP n't/RB have/VB room/NN ,/, which/WDT then/RB they/PRP 're/VBP coming/VBG back/RB on/IN the/DT streets/NNS and/CC of/IN course/NN ,/, doing/VBG it/PRP again/RB ,/,",,,132.66,137.66
sw10utt/sw_1024_3247.utt,3/sw3247,3247,43,sv,B,22,4,"{C and } {F um, } {D you know, } {C so } we're having problems [ in, + in  ] that way,  /","and/CC um/UH ,/, you/PRP know/VBP ,/, so/RB we/PRP 're/VBP having/VBG problems/NNS in/IN ,/, in/IN that/DT way/NN ,/,",,,138.92,142.67999999999998
sw10utt/sw_1024_3247.utt,3/sw3247,3247,44,sv,B,22,5,"{C and } I know that there are some cases that, {F uh, } {D you know, } capital punishment does not fit the crime,  /","and/CC I/PRP know/VBP that/IN there/EX are/VBP some/DT cases/NNS that/WDT ,/, uh/UH ,/, you/PRP know/VBP ,/, capital/NN punishment/NN does/VBZ not/RB fit/VB the/DT crime/NN ,/,",,,143.14,150.6
sw10utt/sw_1024_3247.utt,3/sw3247,3247,45,sv,B,22,6,"{C and } there are extenuating circumstances on certain types, {F um, } but I have to say that I'm honestly for it -- /","and/CC there/EX are/VBP extenuating/JJ circumstances/NNS on/IN certain/JJ types/NNS ,/, um/UH ,/, but/CC I/PRP have/VBP to/TO say/VB that/IN I/PRP 'm/VBP honestly/RB for/IN it/PRP --/:",,,151.06,158.88
sw10utt/sw_1024_3247.utt,3/sw3247,3247,46,%,A,23,1,{F Um. } /,Um/UH ./.,,,160.32,160.51999999999998
sw10utt/sw_1024_3247.utt,3/sw3247,3247,47,sv(^q),B,24,1,"-- {F uh, } almost that eye for an eye and a tooth for a tooth. /","--/: uh/UH ,/, almost/RB that/DT eye/NN for/IN an/DT eye/NN and/CC a/DT tooth/NN for/IN a/DT tooth/NN ./.",,,160.52,163.4
sw10utt/sw_1024_3247.utt,3/sw3247,3247,48,b,A,25,1,"Okay,  /","Okay/UH ,/,",,,164.74,165.18
sw10utt/sw_1024_3247.utt,3/sw3247,3247,49,sd,A,25,2,"[ you're, + you're  ] certainly in the majority --","you/PRP 're/VBP ,/, you/PRP 're/VBP certainly/RB in/IN the/DT majority/NN --/:",,,165.18,166.78
sw10utt/sw_1024_3247.utt,3/sw3247,3247,50,x,B,26,1,<Laughter>.,,,,0.0,0.0
sw10utt/sw_1024_3247.utt,3/sw3247,3247,51,+,A,27,1,"-- {F uh, } at least in this country. /","--/: uh/UH ,/, at/IN least/JJS in/IN this/DT country/NN ./.",,,167.56,168.68
sw10utt/sw_1024_3247.utt,3/sw3247,3247,52,b,B,28,1,Yes. /,Yes/UH ./.,,,169.54,169.62
sw10utt/sw_1024_3247.utt,3/sw3247,3247,53,sv,A,29,1,"{F Uh, } we are, I guess,  the only one of the major Western nations currently with capital punishment. /","Uh/UH ,/, we/PRP are/VBP ,/, I/PRP guess/VBP ,/, the/DT only/RB one/CD of/IN the/DT major/JJ Western/JJ nations/NNS currently/RB with/IN capital/NN punishment/NN ./.",,,169.62,176.8
sw10utt/sw_1024_3247.utt,3/sw3247,3247,54,%,B,30,1,"I know they use it very, {F um, } - /","I/PRP know/VBP they/PRP use/VBP it/PRP very/RB ,/, um/UH ,/,",,,177.78,179.74
sw10utt/sw_1024_3247.utt,3/sw3247,3247,55,sv,B,30,2,"they do not have it in Europe, as I understand. /","they/PRP do/VBP not/RB have/VB it/PRP in/IN Europe/NNP ,/, as/IN I/PRP understand/VBP ./.",,,179.9,181.86
sw10utt/sw_1024_3247.utt,3/sw3247,3247,56,ar,A,31,1,"No,  /","No/UH ,/,",,,182.46,182.62
sw10utt/sw_1024_3247.utt,3/sw3247,3247,57,sd,A,31,2,at least not in Western Europe.  /,at/IN least/JJS not/RB in/IN Western/NNP Europe/NNP ./.,,,182.62,183.6
sw10utt/sw_1024_3247.utt,3/sw3247,3247,58,sv,A,31,3,Probably not in Eastern Europe these days either.  /,Probably/RB not/RB in/IN Eastern/NNP Europe/NNP these/DT days/NNS either/RB ./.,,,184.76,186.82
sw10utt/sw_1024_3247.utt,3/sw3247,3247,59,sv,A,31,4,"{F Um, } there are many reasons for it,  /","Um/UH ,/, there/EX are/VBP many/JJ reasons/NNS for/IN it/PRP ,/,",,,187.9,190.48
sw10utt/sw_1024_3247.utt,3/sw3247,3247,60,sv,A,31,5,"{C but } [ they, + they  ] certainly have lower crime rates and lower murder rates. /","but/CC they/PRP ,/, they/PRP certainly/RB have/VBP lower/JJR crime/NN rates/NNS and/CC lower/JJR murder/NN rates/NNS ./.",,,190.48,193.54
sw10utt/sw_1024_3247.utt,3/sw3247,3247,61,b,B,32,1,"Yes,  /","Yes/UH ,/,",,,194.46,194.52
sw10utt/sw_1024_3247.utt,3/sw3247,3247,62,sv,B,32,2,"you wonder [ what their, + ] {D you know, } how they manage to do that. /","you/PRP wonder/VBP what/WP their/PRP$ ,/, you/PRP know/VBP ,/, how/WRB they/PRP manage/VBP to/TO do/VB that/DT ./.",,,194.6,198.08
sw10utt/sw_1024_3247.utt,3/sw3247,3247,63,sv,A,33,1,"{D Well, } in part [ it's, + {F uh, } it's  ] the nature of societies, perhaps more homogenous society, in many cases, {F uh, }  /","Well/UH ,/, in/IN part/NN it/PRP 's/BES ,/, uh/UH ,/, it/PRP 's/BES the/DT nature/NN of/IN societies/NNS ,/, perhaps/RB more/RBR homogenous/JJ society/NN ,/, in/IN many/JJ cases/NNS ,/, uh/UH ,/,",,,200.58,209.61999999999998
sw10utt/sw_1024_3247.utt,3/sw3247,3247,64,%,A,33,2,"arguably, if - /","arguably/RB ,/, if/IN",,,210.66,212.98
sw10utt/sw_1024_3247.utt,3/sw3247,3247,65,sv,A,33,3,"arguably is because [ [ of, + of,  ] + {F uh, } of,  ] {F uh, } welfare state benefits. - /","arguably/RB is/VBZ because/IN of/IN ,/, of/IN ,/, uh/UH ,/, of/IN ,/, uh/UH ,/, welfare/NN state/NN benefits/NNS ./.",,,212.98,218.57999999999998
sw10utt/sw_1024_3247.utt,3/sw3247,3247,66,sv,A,33,4,"[ Though + ]  [ I tend to be, + we tend to be  ] skeptical. /","Though/IN I/PRP tend/VBP to/TO be/VB ,/, we/PRP tend/VBP to/TO be/VB skeptical/JJ ./.",,,219.2,221.22
sw10utt/sw_1024_3247.utt,3/sw3247,3247,67,qy,B,34,1,"{D Well, } England [ has, + {F uh, }  don't they have  ] a [ large, + fairly large  ] welfare? /","Well/UH ,/, England/NNP has/VBZ ,/, uh/UH ,/, do/VBP n't/RB they/PRP have/VB a/DT large/JJ ,/, fairly/RB large/JJ welfare/NN ?/.",,,222.58,228.42000000000002
sw10utt/sw_1024_3247.utt,3/sw3247,3247,68,ny,A,35,1,"Yes,  /","Yes/UH ,/,",,,230.14,230.44
sw10utt/sw_1024_3247.utt,3/sw3247,3247,69,sv^e,A,35,2,"{F oh } there's no question  [ [ that, + that  ] they, + that, {F uh, } {D you know, } they  ] have, {D you know, } all kinds of cradle to grave, {F uh, } programs, welfare programs providing for everyone some way.  /","oh/UH there/EX 's/BES no/DT question/NN that/IN ,/, that/IN they/PRP ,/, that/IN ,/, uh/UH ,/, you/PRP know/VBP ,/, they/PRP have/VBP ,/, you/PRP know/VBP ,/, all/DT kinds/NNS of/IN cradle/NN to/IN grave/NN ,/, uh/UH ,/, programs/NNS ,/, welfare/NN programs/NNS providing/VBG for/IN everyone/NN some/DT way/NN ./.",,,230.44,239.4
sw10utt/sw_1024_3247.utt,3/sw3247,3247,70,%,A,35,3,"[ [ I, + I,  ] + I,  ] - /","I/PRP ,/, I/PRP ,/, I/PRP ,/,",,,239.88,240.26
sw10utt/sw_1024_3247.utt,3/sw3247,3247,71,qy,A,35,4,however the question is is that making the difference. /,however/RB the/DT question/NN is/VBZ is/VBZ that/DT making/VBG the/DT difference/NN ./.,,,240.4,242.44
sw10utt/sw_1024_3247.utt,3/sw3247,3247,72,no,B,36,1,"{F Oh, } [  I, +  I  ] don't know.  /","Oh/UH ,/, I/PRP ,/, I/PRP do/VBP n't/RB know/VB ./.",,,244.1,245.24
sw10utt/sw_1024_3247.utt,3/sw3247,3247,73,sv,B,36,2,{C But } we have a lot of welfare programs  /,But/CC we/PRP have/VBP a/DT lot/NN of/IN welfare/NN programs/NNS,,,246.44,247.98
sw10utt/sw_1024_3247.utt,3/sw3247,3247,74,%,B,36,3,{C and } -- -/,and/CC --/:,,,247.98,248.01999999999998
sw10utt/sw_1024_3247.utt,3/sw3247,3247,75,b,A,37,1,Oh. /,Oh/UH ./.,,,248.02,248.08
sw10utt/sw_1024_3247.utt,3/sw3247,3247,76,sv,B,38,1,"-- if both do and they tend to have less crime, you wonder if that has anything to do with it then,  /","--/: if/IN both/DT do/VBP and/CC they/PRP tend/VBP to/TO have/VB less/JJR crime/NN ,/, you/PRP wonder/VBP if/IN that/DT has/VBZ anything/NN to/TO do/VB with/IN it/PRP then/RB ,/,",,,248.08,252.94
sw10utt/sw_1024_3247.utt,3/sw3247,3247,77,%,B,38,2,"{D you know, } {C or } is it, - /","you/PRP know/VBP ,/, or/CC is/VBZ it/PRP ,/,",,,254.2,255.48
sw10utt/sw_1024_3247.utt,3/sw3247,3247,78,sv,B,38,3,"in our society, people are brought up over here thinking that, {D you know, } everybody owes them something. /","in/IN our/PRP$ society/NN ,/, people/NNS are/VBP brought/VBN up/RP over/IN here/RB thinking/VBG that/IN ,/, you/PRP know/VBP ,/, everybody/NN owes/VBZ them/PRP something/NN ./.",,,255.86,262.5
sw10utt/sw_1024_3247.utt,3/sw3247,3247,79,sv,A,39,1,"{F Um, } [ I think, + I think  ] that idea is [ even, + even  ] more common in Western Europe. /","Um/UH ,/, I/PRP think/VBP ,/, I/PRP think/VBP that/DT idea/NN is/VBZ even/RB ,/, even/RB more/RBR common/JJ in/IN Western/NNP Europe/NNP ./.",,,265.1,271.52
sw10utt/sw_1024_3247.utt,3/sw3247,3247,80,qy,B,40,1,"{F Oh, } do you? /","Oh/UH ,/, do/VBP you/PRP ?/.",,,272.36,272.8
sw10utt/sw_1024_3247.utt,3/sw3247,3247,81,ny,A,41,1,Uh-huh. /,Uh-huh/UH ./.,,,273.24,273.46000000000004
sw10utt/sw_1024_3247.utt,3/sw3247,3247,82,ba,B,42,1,"{D Well, } that's interesting.  /","Well/UH ,/, that/DT 's/BES interesting/JJ ./.",,,274.56,275.32
sw10utt/sw_1024_3247.utt,3/sw3247,3247,83,sd,B,42,2,"[ I would not have, + I would not have  ] said that.  /","I/PRP would/MD not/RB have/VB ,/, I/PRP would/MD not/RB have/VB said/VB that/DT ./.",,,275.32,277.0
sw10utt/sw_1024_3247.utt,3/sw3247,3247,84,sv,B,42,3,I would have said that it was more prevalent here in the United States.   /,I/PRP would/MD have/VB said/VB that/IN it/PRP was/VBD more/RBR prevalent/JJ here/RB in/IN the/DT United/NNP States/NNPS ./.,,,277.0,281.74
sw10utt/sw_1024_3247.utt,3/sw3247,3247,85,sv,B,42,4,That's an interesting theory.  /,That/DT 's/BES an/DT interesting/JJ theory/NN ./.,,,283.48,284.47999999999996
sw10utt/sw_1024_3247.utt,3/sw3247,3247,86,sd,B,42,5,"I'm not that familiar, {D you know, }  /","I/PRP 'm/VBP not/RB that/RB familiar/JJ ,/, you/PRP know/VBP ,/,",,,285.24,289.04
sw10utt/sw_1024_3247.utt,3/sw3247,3247,87,sd,B,42,6,I've only been over there a couple of times  /,I/PRP 've/VBP only/RB been/VBN over/IN there/RB a/DT couple/NN of/IN times/NNS,,,289.04,290.6
sw10utt/sw_1024_3247.utt,3/sw3247,3247,88,sd,B,42,7,{C and } I'm not that familiar --,and/CC I/PRP 'm/VBP not/RB that/RB familiar/JJ --/:,,,290.62,291.64
sw10utt/sw_1024_3247.utt,3/sw3247,3247,89,sd,A,43,1,"Me, too. /","Me/PRP ,/, too/RB ./.",,,291.7,292.08
sw10utt/sw_1024_3247.utt,3/sw3247,3247,90,+,B,44,1,"-- with, that,  /","--/: with/IN ,/, that/DT ,/,",,,292.08,294.96000000000004
sw10utt/sw_1024_3247.utt,3/sw3247,3247,91,sd,B,44,2,"all I know is that, for instance we were in Germany in, {F uh, } -/","all/DT I/PRP know/VBP is/VBZ that/IN ,/, for/IN instance/NN we/PRP were/VBD in/IN Germany/NNP in/IN ,/, uh/UH ,/,",,,294.96,298.7
