swda_filename,ptb_basename,conversation_no,transcript_index,act_tag,caller,utterance_index,subutterance_index,text,pos,trees,ptb_treenumbers,start_ts,end_ts
sw01utt/sw_0188_3251.utt,3/sw3251,3251,0,o,B,1,1,"Okay,  /","[ Okay/UH ] ,/,","(INTJ (UH Okay) (, ,) (-DFL- E_S))",1,0.2,0.6000000000000001
sw01utt/sw_0188_3251.utt,3/sw3251,3251,1,sd^t,B,1,2,((   ))  I missed a part of it.  /,[ MUMBLEx/XX I/PRP ] missed/VBD  [ a/DT part/NN ] of/IN  [ it/PRP ] ./.,(S (X (XX MUMBLEx)) (NP-SBJ (PRP I)) (VP (VBD missed) (NP (NP (DT a) (NN part)) (PP (IN of) (NP (PRP it))))) (. .) (-DFL- E_S)),2,0.84,2.22
sw01utt/sw_0188_3251.utt,3/sw3251,3251,2,qy^d^t,B,1,3,"We're to talk about what, lawns and gardens? /","[ We/PRP ] 're/VBP to/TO talk/VB about/IN  [ what/WP ] ,/,  [ lawns/NNS ] and/CC  [ gardens/NNS ] ?/.","(S (NP-SBJ-1 (PRP We)) (VP (VBP 're) (S-PRD (NP-SBJ (-NONE- *-1)) (VP (TO to) (VP (VB talk) (PP (IN about) (NP (NP (WP what)) (, ,) (NP (NNS lawns) (CC and) (NNS gardens)))))))) (. ?) (-DFL- E_S))",3,2.22,4.0200000000000005
sw01utt/sw_0188_3251.utt,3/sw3251,3251,3,sd^t,A,2,1,Lawn and garden work and what you enjoy and what kind of work you do.  /,[ Lawn/NN ] and/CC  [ garden/NN ] work/NN and/CC  [ what/WP ] [ you/PRP ] enjoy/VBP and/CC  [ what/WP kind/NN ] of/IN  [ work/NN ] [ you/PRP ] do/VBP ./.,(NP (NP (NN Lawn) (CC and) (NN garden) (NN work)) (CC and) (SBAR-NOM (WHNP-1 (WP what)) (S (NP-SBJ (PRP you)) (VP (VBP enjoy) (NP (-NONE- *T*-1))))) (CC and) (SBAR-NOM (WHNP-2 (WHNP (WP what) (NN kind)) (PP (IN of) (NP (NN work)))) (S (NP-SBJ (PRP you)) (VP (VBP do) (NP (-NONE- *T*-2))))) (. .) (-DFL- E_S)),5,4.02,8.48
sw01utt/sw_0188_3251.utt,3/sw3251,3251,4,sd,A,2,2,"[ I'm, +  I'm ] a putterer.  /","[ I/PRP ] 'm/VBP ,/,  [ I/PRP ] 'm/VBP  [ a/DT putterer/NN ] ./.","(S (EDITED (RM (-DFL- \[)) (S (NP-SBJ (PRP I)) (VP-UNF (VBP 'm))) (, ,) (IP (-DFL- \+))) (NP-SBJ (PRP I)) (VP (VBP 'm) (RS (-DFL- \])) (NP-PRD (DT a) (NN putterer))) (. .) (-DFL- E_S))",6,8.9,10.260000000000002
sw01utt/sw_0188_3251.utt,3/sw3251,3251,5,sd^t,A,2,3,I chose that topic because I really like gardening --,[ I/PRP ] chose/VBD  [ that/DT topic/NN ] because/IN  [ I/PRP ] really/RB like/VBP  [ gardening/NN ] --/:,(S (NP-SBJ (PRP I)) (VP (VBD chose) (NP (DT that) (NN topic)) (SBAR-PRP (IN because) (S (NP-SBJ (PRP I)) (ADVP (RB really)) (VP (VBP like) (NP (NN gardening)) (ADVP (ADVP (RB as) (RB far)) (PP (IN as) (NP (NP (NNS flowers) (CC and) (NNS shrubs)) (CC and) (S-NOM (NP-SBJ (-NONE- *)) (ADVP (RB just)) (VP (VBG keeping) (NP (DT a) (JJ pretty) (NN yard))))))))))) (. .) (-DFL- E_S)),7,10.26,13.1
sw01utt/sw_0188_3251.utt,3/sw3251,3251,6,b,B,3,1,Uh-huh. /,[ Uh-huh/UH ] ./.,(INTJ (UH Uh-huh) (. .) (-DFL- E_S)),9,13.42,13.58
sw01utt/sw_0188_3251.utt,3/sw3251,3251,7,+,A,4,1,-- as far as flowers and shrubs and just keeping a pretty yard. /,--/: as/RB far/RB as/IN  [ flowers/NNS ] and/CC  [ shrubs/NNS ] and/CC just/RB keeping/VBG  [ a/DT pretty/JJ yard/NN ] ./.,(S (NP-SBJ (PRP I)) (VP (VBD chose) (NP (DT that) (NN topic)) (SBAR-PRP (IN because) (S (NP-SBJ (PRP I)) (ADVP (RB really)) (VP (VBP like) (NP (NN gardening)) (ADVP (ADVP (RB as) (RB far)) (PP (IN as) (NP (NP (NNS flowers) (CC and) (NNS shrubs)) (CC and) (S-NOM (NP-SBJ (-NONE- *)) (ADVP (RB just)) (VP (VBG keeping) (NP (DT a) (JJ pretty) (NN yard))))))))))) (. .) (-DFL- E_S)),7,13.6,17.48
sw01utt/sw_0188_3251.utt,3/sw3251,3251,8,b,B,5,1,Uh-huh.  /,[ Uh-huh/UH ] ./.,(INTJ (UH Uh-huh) (. .) (-DFL- E_S)),9,17.56,17.799999999999997
sw01utt/sw_0188_3251.utt,3/sw3251,3251,9,%,B,5,2,"I, {D well, } - /","[ I/PRP ] ,/, well/UH ,/,","(S-UNF (NP-SBJ (PRP I)) (, ,) (INTJ (UH well)) (, ,) (-DFL- N_S))",13,19.1,19.82
sw01utt/sw_0188_3251.utt,3/sw3251,3251,10,sd^t,B,5,3,"[ [ it's, +  it's, ] + it's  ] very <laughter> [ str-, +  strange ] that I got this call because my wife just called me.  /","[ it/PRP ] 's/BES ,/,  [ it/PRP ] 's/BES ,/,  [ it/PRP ] 's/BES very/RB str/JJ ,/, strange/JJ that/IN  [ I/PRP ] got/VBD  [ this/DT call/NN ] because/IN  [ my/PRP$ wife/NN ] just/RB called/VBD  [ me/PRP ] ./.","(S (EDITED (RM (-DFL- \[)) (EDITED (RM (-DFL- \[)) (S (NP-SBJ (PRP it)) (VP-UNF (BES 's))) (, ,) (IP (-DFL- \+))) (S (NP-SBJ (PRP it)) (VP-UNF (BES 's))) (, ,) (RS (-DFL- \])) (IP (-DFL- \+))) (NP-SBJ (NP (PRP it)) (SBAR (-NONE- *EXP*-1))) (VP (BES 's) (RS (-DFL- \])) (ADJP-PRD (RB very) (EDITED (RM (-DFL- \[)) (JJ str-) (, ,) (IP (-DFL- \+))) (JJ strange) (RS (-DFL- \]))) (SBAR-1 (IN that) (S (NP-SBJ (PRP I)) (VP (VBD got) (NP (DT this) (NN call))))) (SBAR-PRP (IN because) (S (NP-SBJ (PRP$ my) (NN wife)) (ADVP (RB just)) (VP (VBD called) (NP (PRP me)))))) (. .) (-DFL- E_S))",14,19.82,23.619999999999997
sw01utt/sw_0188_3251.utt,3/sw3251,3251,11,sd,B,5,4,I was just in the shower after finishing [ mowing the lawn --,[ I/PRP ] was/VBD just/RB in/IN  [ the/DT shower/NN ] after/IN finishing/VBG mowing/VBG [ the/DT lawn/NN ] --/:,"(S (NP-SBJ-1 (PRP I)) (VP (VBD was) (ADVP (RB just)) (PP-LOC-PRD (IN in) (NP (DT the) (NN shower))) (PP-TMP (IN after) (S-NOM (NP-SBJ-2 (-NONE- *-1)) (VP (VBG finishing) (S (EDITED (RM (-DFL- \[)) (S (NP-SBJ (-NONE- *)) (VP-UNF (VP (VBG mowing) (NP (DT the) (NN lawn))) (CC and))) (, ,) (IP (-DFL- \+))) (PRN (S (NP-SBJ (PRP you)) (VP (VBP know))) (, ,)) (NP-SBJ (-NONE- *-2)) (VP (VP (VBG mowing) (NP (DT the) (NN lawn))) (CC and) (RS (-DFL- \])) (VP (VBG removing) (NP (DT some) (JJ old) (NNS petunias)) (PP (IN out) (PP (IN of) (NP (DT the) (NN garden))))))))))) (, ,) (-DFL- E_S))",15,23.62,26.639999999999997
sw01utt/sw_0188_3251.utt,3/sw3251,3251,12,b,A,6,1,<Laughter>  Oh. /,Oh/UH ./.,(INTJ (UH Oh) (. .) (-DFL- E_S)),17,26.76,27.1
sw01utt/sw_0188_3251.utt,3/sw3251,3251,13,+,B,7,1,"--  and, +  {D you know, } mowing the lawn   and ] removing some old petunias out of the garden,  /","--/: and/CC ,/,  [ you/PRP ] know/VBP ,/, mowing/VBG  [ the/DT lawn/NN ] and/CC removing/VBG  [ some/DT old/JJ petunias/NNS ] out/IN of/IN  [ the/DT garden/NN ] ,/,","(S (NP-SBJ-1 (PRP I)) (VP (VBD was) (ADVP (RB just)) (PP-LOC-PRD (IN in) (NP (DT the) (NN shower))) (PP-TMP (IN after) (S-NOM (NP-SBJ-2 (-NONE- *-1)) (VP (VBG finishing) (S (EDITED (RM (-DFL- \[)) (S (NP-SBJ (-NONE- *)) (VP-UNF (VP (VBG mowing) (NP (DT the) (NN lawn))) (CC and))) (, ,) (IP (-DFL- \+))) (PRN (S (NP-SBJ (PRP you)) (VP (VBP know))) (, ,)) (NP-SBJ (-NONE- *-2)) (VP (VP (VBG mowing) (NP (DT the) (NN lawn))) (CC and) (RS (-DFL- \])) (VP (VBG removing) (NP (DT some) (JJ old) (NNS petunias)) (PP (IN out) (PP (IN of) (NP (DT the) (NN garden))))))))))) (, ,) (-DFL- E_S))",15,27.28,31.720000000000002
sw01utt/sw_0188_3251.utt,3/sw3251,3251,14,sd,B,7,2,"this type of thing is working right in to start planting [ fall, + fall ] bulbs. /","[ this/DT type/NN ] of/IN  [ thing/NN ] is/VBZ working/VBG right/RB in/IN to/IN start/NN   [ planting/NN fall/NNP ] ,/,  [ fall/NNP bulbs/NNS ] ./.","(S (NP-SBJ (NP (DT this) (NN type)) (PP (IN of) (NP (NN thing)))) (VP (VBZ is) (VP (VBG working) (ADVP (RB right) (IN in)) (S (NP-SBJ-1 (-NONE- *)) (VP (IN to) (VP (NN start) (S (NP-SBJ (-NONE- *-1)) (VP (NN planting) (EDITED (RM (-DFL- \[)) (NP-UNF (NNP fall)) (, ,) (IP (-DFL- \+))) (NP (NNP fall) (RS (-DFL- \])) (NNS bulbs))))))))) (. .) (-DFL- E_S))",19,31.72,35.26
sw01utt/sw_0188_3251.utt,3/sw3251,3251,15,b,A,8,1,Uh-huh. /,[ Uh-huh/UH ] ./.,(INTJ (UH Uh-huh) (. .) (-DFL- E_S)),9,35.26,35.54
sw01utt/sw_0188_3251.utt,3/sw3251,3251,16,%,B,9,1,{F Uh. } /,[ Uh/UH ] ./.,(INTJ (UH Uh) (. .) (-DFL- E_S)),23,35.54,35.62
sw01utt/sw_0188_3251.utt,3/sw3251,3251,17,sd,A,10,1,We've had a late fall  /,[ We/PRP ] 've/VBP had/VBN  [ a/DT late/JJ fall/NNP ],(S (NP-SBJ (PRP We)) (VP (VBP 've) (VP (VBN had) (NP (DT a) (JJ late) (NNP fall)))) (-DFL- E_S)),25,36.12,38.42
sw01utt/sw_0188_3251.utt,3/sw3251,3251,18,sd,A,10,2,"it seems like,  the weather, - /","[ it/PRP ] seems/VBZ like/IN ,/,  [ the/DT weather/NN ] ,/,","(S (NP-SBJ (PRP it)) (VP (VBZ seems) (SBAR (IN like) (, ,) (S-UNF (NP-SBJ (DT the) (NN weather))))) (, ,) (-DFL- N_S))",26,38.42,39.580000000000005
sw01utt/sw_0188_3251.utt,3/sw3251,3251,19,sd,A,10,3,"in fact today it's really warm,  /","in/IN  [ fact/NN today/NN ] [ it/PRP ] 's/BES really/RB  [ warm/JJ ] ,/,","(S (PP (IN in) (NP (NN fact))) (NP-TMP (NN today)) (NP-SBJ (PRP it)) (VP (BES 's) (ADJP-PRD (RB really) (JJ warm))) (, ,) (-DFL- E_S))",27,39.58,41.42
sw01utt/sw_0188_3251.utt,3/sw3251,3251,20,sd,A,10,4,"{C and so } many of the summer flowers are still pretty enough that you hate to pull them up,  /","and/CC so/RB many/JJ of/IN  [ the/DT summer/NNP flowers/NNS ] are/VBP still/RB pretty/RB enough/RB that/IN  [ you/PRP ] hate/VBP to/TO pull/VB  [ them/PRP ] up/RP ,/,","(S (CONJP (CC and) (RB so)) (NP-SBJ (NP (JJ many)) (PP (IN of) (NP (DT the) (NNP summer) (NNS flowers)))) (VP (VBP are) (ADVP (RB still)) (ADJP-PRD (RB pretty) (RB enough) (SBAR (IN that) (S (NP-SBJ-1 (PRP you)) (VP (VBP hate) (S (NP-SBJ (-NONE- *-1)) (VP (TO to) (VP (VB pull) (NP (PRP them)) (ADVP (RP up)))))))))) (, ,) (-DFL- E_S))",28,41.88,46.06
sw01utt/sw_0188_3251.utt,3/sw3251,3251,21,sv,A,10,5,{C but } {D you know } you need to pretty soon. /,but/CC  [ you/PRP ] know/VBP  [ you/PRP ] need/VBP to/TO pretty/VB soon/RB ./.,(S (CC but) (PRN (S (NP-SBJ (PRP you)) (VP (VBP know)))) (NP-SBJ-1 (PRP you)) (VP (VBP need) (S (NP-SBJ (-NONE- *-1)) (VP (TO to) (VP (-NONE- *?*) (ADVP-TMP (VB pretty) (RB soon)))))) (. .) (-DFL- E_S)),29,46.06,47.779999999999994
sw01utt/sw_0188_3251.utt,3/sw3251,3251,22,sd,B,11,1,"{D Well, } that's the way this was.  /","Well/UH ,/,  [ that/DT ] 's/BES  [ the/DT way/NN ] [ this/DT ] was/VBD ./.","(S (INTJ (UH Well)) (, ,) (NP-SBJ (DT that)) (VP (BES 's) (NP-PRD (NP (DT the) (NN way)) (SBAR (WHADVP-1 (-NONE- 0)) (S (NP-SBJ (DT this)) (VP (VBD was) (ADVP-MNR-PRD (-NONE- *T*-1))))))) (. .) (-DFL- E_S))",31,48.12,49.28
sw01utt/sw_0188_3251.utt,3/sw3251,3251,23,sd,B,11,2,"[ The, +  the ] petunias were really great.  /","[ The/DT ] ,/,  [ the/DT petunias/NNS ] were/VBD really/RB great/JJ ./.","(S (EDITED (RM (-DFL- \[)) (NP-SBJ-UNF (DT The)) (, ,) (IP (-DFL- \+))) (NP-SBJ (DT the) (RS (-DFL- \])) (NNS petunias)) (VP (VBD were) (ADJP-PRD (RB really) (JJ great))) (. .) (-DFL- E_S))",32,49.28,50.720000000000006
sw01utt/sw_0188_3251.utt,3/sw3251,3251,24,sd,B,11,3,"Our mums [ are, +  are ] beautiful, /","[ Our/PRP$ mums/NNS ] are/VBP ,/, are/VBP beautiful/JJ ,/,","(S (NP-SBJ (PRP$ Our) (NNS mums)) (EDITED (RM (-DFL- \[)) (VP-UNF (VBP are)) (, ,) (IP (-DFL- \+))) (VP (VBP are) (RS (-DFL- \])) (ADJP-PRD (JJ beautiful))) (, ,) (-DFL- E_S))",33,50.72,53.24
sw01utt/sw_0188_3251.utt,3/sw3251,3251,25,b,A,12,1,Oh. /,Oh/UH ./.,(INTJ (UH Oh) (. .) (-DFL- E_S)),17,53.24,53.46
sw01utt/sw_0188_3251.utt,3/sw3251,3251,26,sd,B,13,1,"{F Uh, } [ I don't know if we, +  I don't think we've ]  had a frost up here.  /","[ Uh/UH ] ,/,  [ I/PRP ] do/VBP n't/RB know/VB if/IN  [ we/PRP ] ,/,  [ I/PRP ] do/VBP n't/RB think/VB  [ we/PRP ] 've/VBP had/VBN  [ a/DT frost/NN ] up/IN here/RB ./.","(S (INTJ (UH Uh)) (, ,) (EDITED (RM (-DFL- \[)) (S (NP-SBJ (PRP I)) (VP (VBP do) (RB n't) (VP (VB know) (SBAR (IN if) (S-UNF (NP-SBJ (PRP we))))))) (, ,) (IP (-DFL- \+))) (NP-SBJ (PRP I)) (VP (VBP do) (RB n't) (VP (VB think) (SBAR (-NONE- 0) (S (NP-SBJ (PRP we)) (VP (VBP 've) (RS (-DFL- \])) (VP (VBN had) (NP (DT a) (NN frost)) (PP-LOC (IN up) (ADVP (RB here))))))))) (. .) (-DFL- E_S))",37,53.46,56.5
sw01utt/sw_0188_3251.utt,3/sw3251,3251,27,sd,B,13,2,"[ I've been, +  I was ] down in   ((   ))  for a week,  /","[ I/PRP ] 've/VBP been/VBN ,/,  [ I/PRP ] was/VBD down/IN in/IN  [ MUMBLEx/XX ] for/IN  [ a/DT week/NN ] ,/,","(S (EDITED (RM (-DFL- \[)) (S (NP-SBJ (PRP I)) (VP (VBP 've) (VP-UNF (VBN been)))) (, ,) (IP (-DFL- \+))) (NP-SBJ (PRP I)) (VP (VBD was) (RS (-DFL- \])) (PP-LOC-PRD (IN down) (PP (IN in) (NP (XX MUMBLEx)))) (PP-TMP (IN for) (NP (DT a) (NN week)))) (, ,) (-DFL- E_S))",38,56.5,58.74
sw01utt/sw_0188_3251.utt,3/sw3251,3251,28,sd,B,13,3,{C so } I don't know what happened last week -- /,so/RB  [ I/PRP ] do/VBP n't/RB know/VB  [ what/WP ] happened/VBD  [ last/JJ week/NN ] --/:,(S (RB so) (NP-SBJ (PRP I)) (VP (VBP do) (RB n't) (VP (VB know) (SBAR (WHNP-1 (WP what)) (S (NP-SBJ (-NONE- *T*-1)) (VP (VBD happened) (NP-TMP (JJ last) (NN week))))))) (-DFL- E_S)),39,58.74,60.9
sw01utt/sw_0188_3251.utt,3/sw3251,3251,29,b,A,14,1,Uh-huh. /,[ Uh-huh/UH ] ./.,(INTJ (UH Uh-huh) (. .) (-DFL- E_S)),9,60.98,61.279999999999994
sw01utt/sw_0188_3251.utt,3/sw3251,3251,30,sd,B,15,1,"-- {F uh, } {C but, }  {F uh, } [ it seems  like  it's, +  I don't know if it's ] late.  /","--/:  [ uh/UH ] ,/, but/CC ,/,  [ uh/UH ] ,/,  [ it/PRP ] seems/VBZ like/IN  [ it/PRP ] 's/BES ,/,  [ I/PRP ] do/VBP n't/RB know/VB if/IN  [ it/PRP ] 's/BES late/JJ ./.","(S (INTJ (UH uh)) (, ,) (CC but) (, ,) (INTJ (UH uh)) (, ,) (EDITED (RM (-DFL- \[)) (S (NP-SBJ (PRP it)) (VP (VBZ seems) (SBAR (IN like) (S (NP-SBJ (PRP it)) (VP-UNF (BES 's)))))) (, ,) (IP (-DFL- \+))) (NP-SBJ (PRP I)) (VP (VBP do) (RB n't) (VP (VB know) (SBAR (IN if) (S (NP-SBJ (PRP it)) (VP (BES 's) (RS (-DFL- \])) (ADJP-PRD (JJ late))))))) (. .) (-DFL- E_S))",43,61.36,65.14
sw01utt/sw_0188_3251.utt,3/sw3251,3251,31,sd,B,15,2,I'm sort of waiting for Indian Summer  /,[ I/PRP ] 'm/VBP  [ sort/RB ] of/RB waiting/VBG for/IN  [ Indian/JJ Summer/NNP ],(S (NP-SBJ (PRP I)) (VP (VBP 'm) (ADVP (RB sort) (RB of)) (VP (VBG waiting) (PP (IN for) (NP (JJ Indian) (NNP Summer))))) (-DFL- E_S)),44,65.14,66.66000000000001
sw01utt/sw_0188_3251.utt,3/sw3251,3251,32,sd,B,15,3,{C so } I can get a lot of stuff down out here. /,so/IN  [ I/PRP ] can/MD get/VB  [ a/DT lot/NN ] of/IN  [ stuff/NN ] down/RB out/IN here/RB ./.,(S (RB so) (NP-SBJ (PRP I)) (VP (MD can) (VP (VB get) (S (NP-SBJ-1 (NP (DT a) (NN lot)) (PP (IN of) (NP (NN stuff)))) (VP (TYPO (RB down)) (NP (-NONE- *-1)))) (PP-LOC (IN out) (ADVP (RB here))))) (. .) (-DFL- E_S)),45,66.66,68.7
sw01utt/sw_0188_3251.utt,3/sw3251,3251,33,b,A,16,1,Uh-huh. /,[ Uh-huh/UH ] ./.,(INTJ (UH Uh-huh) (. .) (-DFL- E_S)),12,68.76,69.08
sw01utt/sw_0188_3251.utt,3/sw3251,3251,34,sd,B,17,1,"{F Uh, } [ I, +  I ] enjoy it.  /","[ Uh/UH ] ,/,  [ I/PRP ] ,/,  [ I/PRP ] enjoy/VBP  [ it/PRP ] ./.","(S (INTJ (UH Uh)) (, ,) (EDITED (RM (-DFL- \[)) (NP-SBJ (PRP I)) (, ,) (IP (-DFL- \+))) (NP-SBJ (PRP I)) (RS (-DFL- \])) (VP (VBP enjoy) (NP (PRP it))) (. .) (-DFL- E_S))",49,69.08,71.11999999999999
sw01utt/sw_0188_3251.utt,3/sw3251,3251,35,sd,B,17,2,"[ [ We came here, + we just moved into this, ] +  {D well, } we moved ] [ in +  in ]  November   and put [ all, + all ] the landscaping in [ this, + this ] year.  /","[ We/PRP ] came/VBD here/RB ,/,  [ we/PRP ] just/RB moved/VBD into/IN  [ this/DT ] ,/, well/UH ,/,  [ we/PRP ] moved/VBD in/RB in/IN  [ November/NNP ] and/CC put/VBD  [ all/DT ] ,/,  [ all/PDT the/DT ] landscaping/NN in/IN  [ this/DT ] ,/,  [ this/DT year/NN ] ./.","(S (EDITED (RM (-DFL- \[)) (EDITED (RM (-DFL- \[)) (S (NP-SBJ (PRP We)) (VP (VBD came) (ADVP-DIR (RB here)))) (, ,) (IP (-DFL- \+))) (S (NP-SBJ (PRP we)) (ADVP (RB just)) (VP (VBD moved) (PP-DIR-UNF (IN into) (NP-UNF (DT this))))) (, ,) (RS (-DFL- \])) (IP (-DFL- \+))) (INTJ (UH well)) (, ,) (NP-SBJ (PRP we)) (VP (VP (VBD moved) (RS (-DFL- \])) (RM (-DFL- \[)) (ADVP-DIR (RB in)) (IP (-DFL- \+)) (PP-TMP (IN in) (RS (-DFL- \])) (NP (NNP November)))) (CC and) (VP (VBD put) (EDITED (RM (-DFL- \[)) (NP-UNF (DT all)) (, ,) (IP (-DFL- \+))) (NP (PDT all) (RS (-DFL- \])) (DT the) (NN landscaping)) (PRT (IN in)) (EDITED (RM (-DFL- \[)) (NP-TMP-UNF (DT this)) (, ,) (IP (-DFL- \+))) (NP-TMP (DT this) (RS (-DFL- \])) (NN year)))) (. .) (-DFL- E_S))",50,71.22,78.18
sw01utt/sw_0188_3251.utt,3/sw3251,3251,36,sd,B,17,3,"We came from nine years in a condo, {F uh, }  /","[ We/PRP ] came/VBD from/IN  [ nine/CD years/NNS ] in/IN  [ a/DT condo/NN ] ,/,  [ uh/UH ] ,/,","(S (NP-SBJ (PRP We)) (VP (VBD came) (PP (IN from) (NP (NP (CD nine) (NNS years)) (PP-LOC (IN in) (NP (DT a) (NN condo))))) (, ,) (INTJ (UH uh))) (, ,) (-DFL- E_S))",51,78.3,81.46
sw01utt/sw_0188_3251.utt,3/sw3251,3251,37,sd,B,17,4,"{C and } working in that condo, you didn't have to do anything --","and/CC working/VBG in/IN  [ that/DT condo/NN ] ,/,  [ you/PRP ] did/VBD n't/RB have/VB to/TO do/VB  [ anything/NN ] --/:","(S (CC and) (S-ADV (NP-SBJ (-NONE- *-1)) (VP (VBG working) (PP-LOC (IN in) (NP (DT that) (NN condo))))) (, ,) (NP-SBJ-1 (PRP you)) (VP (VBD did) (RB n't) (VP (VB have) (S (NP-SBJ (-NONE- *-1)) (VP (TO to) (VP (VB do) (NP (NN anything))))) (PRN (S (NP-SBJ (PRP you)) (VP (VBP know))) (, ,)) (SBAR-ADV (IN unless) (S (NP-SBJ-2 (PRP you)) (ADVP (RB really)) (VP (VBD wanted) (S (NP-SBJ (-NONE- *-2)) (VP (TO to) (VP (-NONE- *?*))))))))) (, ,) (-DFL- E_S))",52,82.1,85.22
sw01utt/sw_0188_3251.utt,3/sw3251,3251,38,b,A,18,1,Uh-huh. /,[ Uh-huh/UH ] ./.,(INTJ (UH Uh-huh) (. .) (-DFL- E_S)),21,85.44,85.67999999999999
sw01utt/sw_0188_3251.utt,3/sw3251,3251,39,+,B,19,1,"-- {D you know, } unless you really wanted to,  /","--/:  [ you/PRP ] know/VBP ,/, unless/IN  [ you/PRP ] really/RB wanted/VBD to/TO ,/,","(S (CC and) (S-ADV (NP-SBJ (-NONE- *-1)) (VP (VBG working) (PP-LOC (IN in) (NP (DT that) (NN condo))))) (, ,) (NP-SBJ-1 (PRP you)) (VP (VBD did) (RB n't) (VP (VB have) (S (NP-SBJ (-NONE- *-1)) (VP (TO to) (VP (VB do) (NP (NN anything))))) (PRN (S (NP-SBJ (PRP you)) (VP (VBP know))) (, ,)) (SBAR-ADV (IN unless) (S (NP-SBJ-2 (PRP you)) (ADVP (RB really)) (VP (VBD wanted) (S (NP-SBJ (-NONE- *-2)) (VP (TO to) (VP (-NONE- *?*))))))))) (, ,) (-DFL- E_S))",52,85.68,87.1
sw01utt/sw_0188_3251.utt,3/sw3251,3251,40,%,B,19,2,{C so } --,so/RB --/:,"(S (CONJP (CC and) (RB so)) (NP-SBJ (NP (JJ many)) (PP (IN of) (NP (DT the) (NNP summer) (NNS flowers)))) (VP (VBP are) (ADVP (RB still)) (ADJP-PRD (RB pretty) (RB enough) (SBAR (IN that) (S (NP-SBJ-1 (PRP you)) (VP (VBP hate) (S (NP-SBJ (-NONE- *-1)) (VP (TO to) (VP (VB pull) (NP (PRP them)) (ADVP (RP up)))))))))) (, ,) (-DFL- E_S))",28,87.1,87.32
sw01utt/sw_0188_3251.utt,3/sw3251,3251,41,bf,A,20,1,{D So } now --,So/RB now/RB --/:,"(S (INTJ (UH So)) (ADVP-TMP (RB now)) (NP-SBJ (PRP you)) (VP (VBP have) (NP (DT the) (NN chance) (S (NP-SBJ (-NONE- *)) (VP (TO to) (ADVP (RB really)) (VP (VP (VB create)) (EDITED (RM (-DFL- \[)) (CC and) (, ,) (IP (-DFL- \+))) (CC and) (RS (-DFL- \])) (VP (VB spread) (ADVP (RB out)))))))) (. .) (-DFL- E_S))",58,87.32,87.66
sw01utt/sw_0188_3251.utt,3/sw3251,3251,42,+,B,21,1,--  ((   )) . -/,--/:  [ MUMBLEx/XX ] ./.,(S-UNF (RB so) (X (XX MUMBLEx)) (. .) (-DFL- N_S)),56,0.0,0.0
sw01utt/sw_0188_3251.utt,3/sw3251,3251,43,+,A,22,1,"-- you have the chance to really create [ and, +  and ] spread out. /","--/:  [ you/PRP ] have/VBP  [ the/DT chance/NN ] to/TO really/RB create/VB and/CC ,/, and/CC spread/VB out/RB ./.","(S (INTJ (UH So)) (ADVP-TMP (RB now)) (NP-SBJ (PRP you)) (VP (VBP have) (NP (DT the) (NN chance) (S (NP-SBJ (-NONE- *)) (VP (TO to) (ADVP (RB really)) (VP (VP (VB create)) (EDITED (RM (-DFL- \[)) (CC and) (, ,) (IP (-DFL- \+))) (CC and) (RS (-DFL- \])) (VP (VB spread) (ADVP (RB out)))))))) (. .) (-DFL- E_S))",58,87.66,91.69999999999999
sw01utt/sw_0188_3251.utt,3/sw3251,3251,44,aa,B,23,1,Right.  /,[ Right/JJ ] ./.,(INTJ (JJ Right) (. .) (-DFL- E_S)),62,91.82,92.22
sw01utt/sw_0188_3251.utt,3/sw3251,3251,45,%,B,23,2,"{D You know, } I can't, - /","[ You/PRP ] know/VBP ,/,  [ I/PRP ] ca/MD n't/RB ,/,","(S (PRN (S (NP-SBJ (PRP You)) (VP (VBP know))) (, ,)) (NP-SBJ (PRP I)) (VP-UNF (MD ca) (RB n't)) (, ,) (-DFL- N_S))",63,92.38,93.38
sw01utt/sw_0188_3251.utt,3/sw3251,3251,46,sd,B,23,3,"this is my [ third, +  third ] house I think, I've owned, {F um, }  /","[ this/DT ] is/VBZ  [ my/PRP$ third/JJ ] ,/,  [ third/JJ house/NN ] [ I/PRP ] think/VBP ,/,  [ I/PRP ] 've/VBP owned/VBN ,/, um/UH ,/,","(S (NP-SBJ (DT this)) (VP (VBZ is) (NP-PRD (NP (PRP$ my) (EDITED (RM (-DFL- \[)) (JJ third) (, ,) (IP (-DFL- \+))) (JJ third) (RS (-DFL- \])) (NN house)) (PRN (S (NP-SBJ (PRP I)) (VP (VBP think))) (, ,)) (SBAR (WHNP-1 (-NONE- 0)) (S (NP-SBJ (PRP I)) (VP (VBP 've) (VP (VBN owned) (NP (-NONE- *T*-1))))))) (, ,) (INTJ (UH um))) (, ,) (-DFL- E_S))",64,93.38,98.76
sw01utt/sw_0188_3251.utt,3/sw3251,3251,47,sd,B,23,4,"{C but, }  {F uh, } it's interesting, {D you know, }  /","but/CC ,/,  [ uh/UH ] ,/,  [ it/PRP ] 's/BES interesting/JJ ,/,  [ you/PRP ] know/VBP ,/,","(S (CC but) (, ,) (INTJ (UH uh)) (, ,) (NP-SBJ (PRP it)) (VP (BES 's) (ADJP-PRD (JJ interesting)) (PRN (, ,) (S (NP-SBJ (PRP you)) (VP (VBP know))))) (, ,) (-DFL- E_S))",65,99.16,101.11999999999999
sw01utt/sw_0188_3251.utt,3/sw3251,3251,48,sd,B,23,5,"the only problem is that I do quite a bit of traveling,  /","[ the/DT only/JJ problem/NN ] is/VBZ that/IN  [ I/PRP ] do/VBP quite/RB  [ a/DT bit/NN ] of/IN traveling/NN ,/,","(S (NP-SBJ (DT the) (JJ only) (NN problem)) (VP (VBZ is) (SBAR-PRD (IN that) (S (NP-SBJ (PRP I)) (VP (VBP do) (NP (NP (RB quite) (DT a) (NN bit)) (PP (IN of) (NP (NN traveling)))))))) (, ,) (-DFL- E_S))",66,101.12,103.44
sw01utt/sw_0188_3251.utt,3/sw3251,3251,49,sd,B,23,6,{C and } it sort of gets away from me --,and/CC  [ it/PRP ] [ sort/RB ] of/RB gets/VBZ away/RB from/IN  [ me/PRP ] --/:,(S (CC and) (NP-SBJ (PRP it)) (ADVP (RB sort) (RB of)) (VP (VBZ gets) (ADVP (RB away) (PP (IN from) (NP (PRP me)))) (SBAR-ADV (IN if) (S (NP-SBJ (PRP you)) (VP (VBP 're) (RB not) (PP-PRD (IN with) (NP (PRP it))))))) (. .) (-DFL- E_S)),67,103.44,104.97999999999999
sw01utt/sw_0188_3251.utt,3/sw3251,3251,50,b,A,24,1,Uh-huh. /,[ Uh-huh/UH ] ./.,(INTJ (UH Uh-huh) (. .) (-DFL- E_S)),41,104.98,105.08
sw01utt/sw_0188_3251.utt,3/sw3251,3251,51,+,B,25,1,-- if you're not with it.  /,--/: if/IN  [ you/PRP ] 're/VBP not/RB with/IN  [ it/PRP ] ./.,(S (CC and) (NP-SBJ (PRP it)) (ADVP (RB sort) (RB of)) (VP (VBZ gets) (ADVP (RB away) (PP (IN from) (NP (PRP me)))) (SBAR-ADV (IN if) (S (NP-SBJ (PRP you)) (VP (VBP 're) (RB not) (PP-PRD (IN with) (NP (PRP it))))))) (. .) (-DFL- E_S)),67,105.08,105.80000000000001
sw01utt/sw_0188_3251.utt,3/sw3251,3251,52,sd,B,25,2,"[ {C So, } + {C but, } ]   {F uh, } [ I, +  I ] enjoy most of it,  /","So/UH ,/, but/CC ,/,  [ uh/UH ] ,/,  [ I/PRP ] ,/,  [ I/PRP ] enjoy/VBP  [ most/JJS ] of/IN  [ it/PRP ] ,/,","(S (EDITED (RM (-DFL- \[)) (RB So) (, ,) (IP (-DFL- \+))) (CC but) (, ,) (RS (-DFL- \])) (INTJ (UH uh)) (, ,) (EDITED (RM (-DFL- \[)) (NP-SBJ (PRP I)) (, ,) (IP (-DFL- \+))) (NP-SBJ (PRP I)) (RS (-DFL- \])) (VP (VBP enjoy) (NP (NP (JJS most)) (PP (IN of) (NP (PRP it))))) (, ,) (-DFL- E_S))",71,105.8,110.68
sw01utt/sw_0188_3251.utt,3/sw3251,3251,53,sd,B,25,3,"{C and } about this time of year [ there  is, +  it starts ]  getting a little old,  /","and/CC about/RB  [ this/DT time/NN ] of/IN  [ year/NN ] [ there/EX ] is/VBZ ,/,  [ it/PRP ] starts/VBZ getting/VBG  [ a/DT little/RB old/JJ ] ,/,","(S (CC and) (PP-TMP (RB about) (NP (NP (DT this) (NN time)) (PP (IN of) (NP (NN year))))) (EDITED (RM (-DFL- \[)) (S (NP-SBJ (EX there)) (VP-UNF (VBZ is))) (, ,) (IP (-DFL- \+))) (NP-SBJ-1 (PRP it)) (VP (VBZ starts) (RS (-DFL- \])) (S (NP-SBJ (-NONE- *-1)) (VP (VBG getting) (ADJP-PRD (NP-ADV (DT a) (RB little)) (JJ old))))) (, ,) (-DFL- E_S))",72,111.14,114.02
sw01utt/sw_0188_3251.utt,3/sw3251,3251,54,sd,B,25,4,"{C and } I start looking forward to, {D you know, } having other things to do with my --","and/CC  [ I/PRP ] start/VBP looking/VBG forward/RB to/IN ,/,  [ you/PRP ] know/VBP ,/, having/VBG  [ other/JJ things/NNS ] to/TO do/VB with/IN  [ my/PRP$ ] --/:","(S (CC and) (NP-SBJ-1 (PRP I)) (VP (VBP start) (S (NP-SBJ (-NONE- *-1)) (VP (VBG looking) (ADVP (RB forward)) (PP (IN to) (PRN (, ,) (S (NP-SBJ (PRP you)) (VP (VBP know))) (, ,)) (S-NOM (NP-SBJ (-NONE- *)) (VP (VBG having) (NP (NP (JJ other) (NNS things)) (SBAR (WHNP-2 (-NONE- 0)) (S (NP-SBJ (-NONE- *)) (VP (TO to) (VP (VB do) (NP (-NONE- *T*-2)) (PP (IN with) (NP (PRP$ my) (XX MUMBLEx)))))))))))))) (. .) (-DFL- E_S))",73,114.02,117.82
sw01utt/sw_0188_3251.utt,3/sw3251,3251,55,bf,A,26,1,The grass --,[ The/DT grass/NN ] --/:,(S (NP-SBJ (DT The) (NN grass)) (RB not) (VP (VBG growing) (ADVP-MNR (RB so) (RB fast))) (. .) (-DFL- E_S)),75,117.86,118.36
sw01utt/sw_0188_3251.utt,3/sw3251,3251,56,+,B,27,1,--  ((   )) . /,--/:  [ MUMBLEx/XX ] ./.,(S-UNF (RB so) (X (XX MUMBLEx)) (. .) (-DFL- N_S)),56,0.0,0.0
sw01utt/sw_0188_3251.utt,3/sw3251,3251,57,+,A,28,1,-- not growing so fast <laughter>. /,--/: not/RB growing/VBG so/RB fast/RB ./.,(S (NP-SBJ (DT The) (NN grass)) (RB not) (VP (VBG growing) (ADVP-MNR (RB so) (RB fast))) (. .) (-DFL- E_S)),75,118.36,119.96
sw01utt/sw_0188_3251.utt,3/sw3251,3251,58,ar,B,29,1,"{D Well, } [ it is, +  it is ]  for me  /","Well/UH ,/,  [ it/PRP ] is/VBZ ,/,  [ it/PRP ] is/VBZ for/IN  [ me/PRP ]","(S (INTJ (UH Well)) (, ,) (EDITED (RM (-DFL- \[)) (S (NP-SBJ (PRP it)) (VP-UNF (VBZ is))) (, ,) (IP (-DFL- \+))) (NP-SBJ (PRP it)) (VP (VBZ is) (RS (-DFL- \])) (VP (-NONE- *?*) (PP (IN for) (NP (PRP me))))) (-DFL- E_S))",79,120.82,123.32000000000001
sw01utt/sw_0188_3251.utt,3/sw3251,3251,59,sd,B,29,2,{C because } I've been doing a lot of fertilizing.  /,because/IN  [ I/PRP ] 've/VBP been/VBN doing/VBG  [ a/DT lot/NN ] of/IN fertilizing/NN ./.,(SBAR-PRP (IN because) (S (NP-SBJ (PRP I)) (VP (VBP 've) (VP (VBN been) (VP (VBG doing) (NP (NP (DT a) (NN lot)) (PP (IN of) (NP (NN fertilizing)))))))) (. .) (-DFL- E_S)),80,123.32,124.96000000000001
sw01utt/sw_0188_3251.utt,3/sw3251,3251,60,sd,B,29,3,"We had a terrible summer,  /","[ We/PRP ] had/VBD  [ a/DT terrible/JJ summer/NNP ] ,/,","(S (NP-SBJ (PRP We)) (VP (VBD had) (NP (DT a) (JJ terrible) (NNP summer))) (, ,) (-DFL- E_S))",81,124.96,125.86
sw01utt/sw_0188_3251.utt,3/sw3251,3251,61,sd,B,29,4,we had a drought -- /,[ we/PRP ] had/VBD  [ a/DT drought/NN ] --/:,(S (NP-SBJ (PRP we)) (VP (VBD had) (NP (DT a) (NN drought))) (-DFL- E_S)),82,125.86,126.48
sw01utt/sw_0188_3251.utt,3/sw3251,3251,62,b,A,30,1,Oh. /,Oh/UH ./.,(INTJ (UH Oh) (. .) (-DFL- E_S)),84,126.72,126.92
sw01utt/sw_0188_3251.utt,3/sw3251,3251,63,sd,B,31,1,"-- {C and, }  {F uh, } took a lot of watering  and a lot of fertilizing,  /","--/: and/CC ,/,  [ uh/UH ] ,/, took/VBD  [ a/DT lot/NN ] of/IN  [ watering/NN ] and/CC  [ a/DT lot/NN ] of/IN fertilizing/NN ,/,","(S (CC and) (, ,) (INTJ (UH uh)) (, ,) (NP-SBJ (-NONE- *)) (VP (VBD took) (NP (NP (NP (DT a) (NN lot)) (PP (IN of) (NP (NN watering)))) (CC and) (NP (NP (DT a) (NN lot)) (PP (IN of) (NP (NN fertilizing)))))) (, ,) (-DFL- E_S))",86,126.92,130.0
sw01utt/sw_0188_3251.utt,3/sw3251,3251,64,sd,B,31,2,{C and } now it's really growing  /,and/CC now/RB  [ it/PRP ] 's/BES really/RB growing/VBG,(S (CC and) (ADVP-TMP (RB now)) (NP-SBJ (PRP it)) (VP (BES 's) (ADVP (RB really)) (VP (VBG growing))) (-DFL- E_S)),87,130.0,131.26000000000002
sw01utt/sw_0188_3251.utt,3/sw3251,3251,65,sd,B,31,3,"{C and } I'm trying to establish a good [ root, + root ] growth --","and/CC  [ I/PRP ] 'm/VBP trying/VBG to/TO establish/VB  [ a/DT good/JJ root/NN ] ,/,  [ root/NN growth/NN ] --/:","(S (CC and) (NP-SBJ-1 (PRP I)) (VP (VBP 'm) (VP (VBG trying) (S (NP-SBJ (-NONE- *-1)) (VP (TO to) (VP (VB establish) (NP (DT a) (JJ good) (EDITED (RM (-DFL- \[)) (NN root) (, ,) (IP (-DFL- \+))) (NN root) (RS (-DFL- \])) (NN growth)) (PRN (S (NP-SBJ (PRP you)) (VP (VBP know))) (, ,)) (PP (IN for) (NP (DT the) (NNP winter)))))))) (. .) (-DFL- E_S))",88,131.26,133.56
sw01utt/sw_0188_3251.utt,3/sw3251,3251,66,%,A,32,1,{F Um } -- /,Um/UH --/:,(INTJ (UH Um) (-DFL- E_S)),90,133.6,133.68
sw01utt/sw_0188_3251.utt,3/sw3251,3251,67,+,B,33,1,"-- {D you know, } for the winter. /","--/:  [ you/PRP ] know/VBP ,/, for/IN  [ the/DT winter/NNP ] ./.","(S (CC and) (NP-SBJ-1 (PRP I)) (VP (VBP 'm) (VP (VBG trying) (S (NP-SBJ (-NONE- *-1)) (VP (TO to) (VP (VB establish) (NP (DT a) (JJ good) (EDITED (RM (-DFL- \[)) (NN root) (, ,) (IP (-DFL- \+))) (NN root) (RS (-DFL- \])) (NN growth)) (PRN (S (NP-SBJ (PRP you)) (VP (VBP know))) (, ,)) (PP (IN for) (NP (DT the) (NNP winter)))))))) (. .) (-DFL- E_S))",88,133.68,134.4
sw01utt/sw_0188_3251.utt,3/sw3251,3251,68,sd,A,34,1,-- ours seems to have slowed down here.  /,--/:  [ ours/JJ ] seems/VBZ to/TO have/VB slowed/VBN down/RP here/RB ./.,(S (NP-SBJ-1 (JJ ours)) (VP (VBZ seems) (S (NP-SBJ (-NONE- *-1)) (VP (TO to) (VP (VB have) (VP (VBN slowed) (ADVP (RP down)))))) (ADVP-LOC (RB here))) (. .) (-DFL- E_S)),93,134.46,136.28
sw01utt/sw_0188_3251.utt,3/sw3251,3251,69,sd,A,34,2,We're not having to mow every week religiously -- /,[ We/PRP ] 're/VBP not/RB having/VBG to/TO mow/VB  [ every/DT week/NN ] religiously/RB --/:,(S (NP-SBJ-1 (PRP We)) (VP (VBP 're) (RB not) (VP (VBG having) (S (NP-SBJ (-NONE- *-1)) (VP (TO to) (VP (VB mow) (NP-TMP (DT every) (NN week)) (ADVP-MNR (RB religiously))))))) (-DFL- E_S)),94,136.3,138.8
sw01utt/sw_0188_3251.utt,3/sw3251,3251,70,b,B,35,1,Really. /,Really/UH ./.,(INTJ (UH Really) (. .) (-DFL- E_S)),96,138.9,139.3
sw01utt/sw_0188_3251.utt,3/sw3251,3251,71,sd,A,36,1,"-- {C but } we're still fighting bugs, and ready to change some of [ the, +  the ] summer flowers out -- /","--/: but/CC  [ we/PRP ] 're/VBP still/RB fighting/VBG  [ bugs/NNS ] ,/, and/CC ready/JJ to/TO change/VB  [ some/DT ] of/IN  [ the/DT ] ,/,  [ the/DT summer/NN ] flowers/NNS out/RP --/:","(S (CC but) (NP-SBJ-1 (PRP we)) (VP (VBP 're) (ADVP (RB still)) (UCP-PRD (VP (VBG fighting) (NP (NNS bugs))) (, ,) (CC and) (ADJP (JJ ready) (S (NP-SBJ (-NONE- *-1)) (VP (TO to) (VP (VB change) (NP (NP (DT some)) (PP (IN of) (EDITED (RM (-DFL- \[)) (NP-UNF (DT the)) (, ,) (IP (-DFL- \+))) (NP (DT the) (RS (-DFL- \])) (NN summer) (NNS flowers)))) (PRT (RP out)))))))) (-DFL- E_S))",98,139.48,145.66
sw01utt/sw_0188_3251.utt,3/sw3251,3251,72,%,B,37,1,{F Uh. } /,[ Uh/UH ] ./.,(INTJ (UH Uh) (. .) (-DFL- E_S)),100,145.82,145.95999999999998
sw01utt/sw_0188_3251.utt,3/sw3251,3251,73,sd,A,38,1,"-- I still have caladiums that are pretty, which is a surprise this late in the year. /","--/:  [ I/PRP ] still/RB have/VBP  [ caladiums/NNS ] [ that/WDT ] are/VBP pretty/JJ ,/,  [ which/WDT ] is/VBZ  [ a/DT surprise/NN ] [ this/DT late/JJ ] in/IN  [ the/DT year/NN ] ./.","(S (NP-SBJ (PRP I)) (ADVP-TMP (RB still)) (VP (VP (VBP have) (NP (NP (NNS caladiums)) (SBAR (WHNP-1 (WDT that)) (S (NP-SBJ (-NONE- *T*-1)) (VP (VBP are) (ADJP-PRD (JJ pretty))))))) (, ,) (SBAR (WHNP-2 (WDT which)) (S (NP-SBJ (-NONE- *T*-2)) (VP (VBZ is) (NP-PRD (DT a) (NN surprise)) (ADVP-TMP (DT this) (JJ late) (PP (IN in) (NP (DT the) (NN year)))))))) (. .) (-DFL- E_S))",102,145.96,150.07999999999998
sw01utt/sw_0188_3251.utt,3/sw3251,3251,74,bh,B,39,1,"{F Oh, } really? /","Oh/UH ,/, really/UH ?/.","(INTJ (INTJ (UH Oh)) (, ,) (INTJ (UH really)) (. ?) (-DFL- E_S))",104,150.62,151.08
sw01utt/sw_0188_3251.utt,3/sw3251,3251,75,ny,A,40,1,Uh-huh. /,[ Uh-huh/UH ] ./.,(INTJ (UH Uh-huh) (. .) (-DFL- E_S)),106,151.14,151.5
sw01utt/sw_0188_3251.utt,3/sw3251,3251,76,%,B,41,1,{F Um. } /,Um/UH ./.,(INTJ (UH Um) (. .) (-DFL- E_S)),108,151.78,151.92
sw01utt/sw_0188_3251.utt,3/sw3251,3251,77,sd,A,42,1,"{C But } {D like } today, it's eighty-five degrees -- /","But/CC like/UH  [ today/NN ] ,/,  [ it/PRP ] [ 's/BES eighty-five/CD degrees/NNS ] --/:","(S (CC But) (INTJ (UH like)) (NP-TMP (NN today)) (, ,) (NP-SBJ (PRP it)) (VP (BES 's) (NP-PRD (CD eighty-five) (NNS degrees))) (-DFL- E_S))",110,152.56,154.36
sw01utt/sw_0188_3251.utt,3/sw3251,3251,78,b,B,43,1,"{F Oh, } yeah -- /","Oh/UH ,/, yeah/UH --/:","(INTJ (INTJ (UH Oh)) (, ,) (INTJ (UH yeah)) (-DFL- E_S))",112,154.52,154.98000000000002
sw01utt/sw_0188_3251.utt,3/sw3251,3251,79,sd,A,44,1,"-- it's really strange, /","--/:  [ it/PRP ] 's/BES really/RB  [ strange/JJ ] ,/,","(S (NP-SBJ (PRP it)) (VP (BES 's) (ADJP-PRD (RB really) (JJ strange))) (, ,) (-DFL- E_S))",114,154.98,155.6
sw01utt/sw_0188_3251.utt,3/sw3251,3251,80,b,B,45,1,"-- yeah,  /","--/: yeah/UH ,/,","(INTJ (UH yeah) (, ,) (-DFL- E_S))",116,155.62,155.72
sw01utt/sw_0188_3251.utt,3/sw3251,3251,81,sd,B,45,2,"I hear that from, my brother-in-law lives in Plano, /","[ I/PRP ] hear/VBP  [ that/DT ] from/IN ,/,  [ my/PRP$ brother-in-law/NN lives/NNS ] in/IN  [ Plano/NNP ] ,/,","(S (NP-SBJ (PRP I)) (VP (VBP hear) (NP (DT that)) (PP (IN from) (, ,) (NP (NP (PRP$ my) (NN brother-in-law)) (VP (NNS lives) (PP-LOC (IN in) (NP (NNP Plano))))))) (, ,) (-DFL- E_S))",117,155.72,158.18
sw01utt/sw_0188_3251.utt,3/sw3251,3251,82,sd,A,46,1,{C But } that'll change --,But/CC  [ that/DT ] 'll/MD change/VB --/:,(S (CC But) (NP-SBJ (DT that)) (VP (MD 'll) (VP (VB change) (ADVP-MNR (RB real) (JJ quick)))) (. .) (-DFL- E_S)),119,158.52,159.54
sw01utt/sw_0188_3251.utt,3/sw3251,3251,83,b,B,47,1,Yeah <laughter>. /,Yeah/UH ./.,(INTJ (UH Yeah) (. .) (-DFL- E_S)),121,159.66,160.18
sw01utt/sw_0188_3251.utt,3/sw3251,3251,84,+,A,48,1,-- real quick <laughter>. /,--/: real/RB quick/JJ ./.,(S (CC But) (NP-SBJ (DT that)) (VP (MD 'll) (VP (VB change) (ADVP-MNR (RB real) (JJ quick)))) (. .) (-DFL- E_S)),119,160.18,160.94
sw01utt/sw_0188_3251.utt,3/sw3251,3251,85,sd,B,49,1,"{D Well, } he always -- -/","Well/UH ,/,  [ he/PRP ] always/RB --/:","(S-UNF (INTJ (UH Well)) (, ,) (NP-SBJ (PRP he)) (ADVP-TMP (RB always)) (-DFL- N_S))",124,160.94,161.6
sw01utt/sw_0188_3251.utt,3/sw3251,3251,86,sd,A,50,1,We'll wish we'd planted bulbs and pansies already. /,[ We/PRP ] 'll/MD wish/VB  [ we/PRP ] 'd/VBD  [ planted/VBN bulbs/NNS ] and/CC  [ pansies/NNS ] already/RB ./.,(S (NP-SBJ (PRP We)) (VP (MD 'll) (VP (VB wish) (SBAR (-NONE- 0) (S (NP-SBJ (PRP we)) (VP (VBD 'd) (VP (VBN planted) (NP (NNS bulbs) (CC and) (NNS pansies)) (ADVP-TMP (RB already)))))))) (. .) (-DFL- E_S)),126,161.6,164.14
sw01utt/sw_0188_3251.utt,3/sw3251,3251,87,sd,B,51,1,-- <Laughter> he waits until it gets about seventeen below up here  /,--/:  [ he/PRP ] waits/VBZ until/IN  [ it/PRP ] gets/VBZ about/RB  [ seventeen/CD ] below/JJ up/IN here/RB,(S (NP-SBJ (PRP he)) (VP (VBZ waits) (SBAR-TMP (IN until) (S (NP-SBJ (PRP it)) (VP (VBZ gets) (NP-PRD (NP (QP (RB about) (CD seventeen))) (ADVP (JJ below))) (PP-LOC (IN up) (ADVP (RB here))))))) (-DFL- E_S)),128,165.0,167.12
sw01utt/sw_0188_3251.utt,3/sw3251,3251,88,sd,B,51,2,"{C and then } he calls us, /","and/CC then/RB  [ he/PRP ] calls/VBZ  [ us/PRP ] ,/,","(S (CONJP (CC and) (RB then)) (NP-SBJ (PRP he)) (VP (VBZ calls) (NP (PRP us))) (, ,) (-DFL- E_S))",129,167.12,168.1
sw01utt/sw_0188_3251.utt,3/sw3251,3251,89,ba,A,52,1,"{F Oh, } my gosh. /","Oh/UH ,/,  [ my/PRP$ ] gosh/UH ./.","(INTJ (INTJ (UH Oh)) (, ,) (INTJ (PRP$ my) (UH gosh)) (. .) (-DFL- E_S))",131,168.1,168.62
sw01utt/sw_0188_3251.utt,3/sw3251,3251,90,b,B,53,1,yeah  /,yeah/UH,(INTJ (UH yeah) (-DFL- E_S)),133,168.62,168.98000000000002
sw01utt/sw_0188_3251.utt,3/sw3251,3251,91,sd,B,53,2,it's seventy degrees here in the sunshine.  /,[ it/PRP ] [ 's/BES seventy/CD degrees/NNS ] here/RB in/IN  [ the/DT sunshine/NN ] ./.,(S (NP-SBJ (PRP it)) (VP (BES 's) (NP-PRD (CD seventy) (NNS degrees)) (ADVP-LOC (RB here) (PP (IN in) (NP (DT the) (NN sunshine))))) (. .) (-DFL- E_S)),134,168.98,170.24
sw01utt/sw_0188_3251.utt,3/sw3251,3251,92,%,B,53,3,{C  So } <laughter>. -/,So/UH ./.,(S-UNF (RB So) (. .) (-DFL- N_S)),135,170.64,170.79999999999998
sw01utt/sw_0188_3251.utt,3/sw3251,3251,93,sd,A,54,1,"{D Well, } Texas has gotten to where it's a real problem as far as plants, because our summers are so terribly hot -- /","Well/UH ,/,  [ Texas/NNP ] has/VBZ gotten/VBN to/TO where/WRB  [ it/PRP ] 's/BES  [ a/DT real/JJ problem/NN ] as/RB far/RB as/IN  [ plants/NNS ] ,/, because/IN  [ our/PRP$ summers/NNPS ] are/VBP so/RB terribly/RB  [ hot/JJ ] --/:","(S (INTJ (UH Well)) (, ,) (NP-SBJ (NNP Texas)) (VP (VBZ has) (VP (VBN gotten) (PP (TO to) (SBAR (WHADVP-1 (WRB where)) (S (NP-SBJ (PRP it)) (VP (BES 's) (NP-PRD (DT a) (JJ real) (NN problem)) (ADVP (ADVP (RB as) (RB far)) (PP (IN as) (NP (NNS plants)))) (, ,) (SBAR-PRP (IN because) (S (NP-SBJ (PRP$ our) (NNPS summers)) (VP (VBP are) (ADJP-PRD (ADVP (RB so) (RB terribly)) (JJ hot))))) (ADVP (-NONE- *T*-1)))))))) (-DFL- E_S))",137,170.84,176.78
sw01utt/sw_0188_3251.utt,3/sw3251,3251,94,%,B,55,1,((   )) . /,[ MUMBLEx/XX ] ./.,(X (XX MUMBLEx) (. .) (-DFL- E_S)),139,0.0,0.0
sw01utt/sw_0188_3251.utt,3/sw3251,3251,95,sd,A,56,1,-- {C and } we have ice storms every year.  /,--/: and/CC  [ we/PRP ] have/VBP  [ ice/NN ] storms/NNS  [ every/DT year/NN ] ./.,(S (CC and) (NP-SBJ (PRP we)) (VP (VBP have) (NP (NN ice) (NNS storms)) (NP-TMP (DT every) (NN year))) (. .) (-DFL- E_S)),141,177.28,179.14
sw01utt/sw_0188_3251.utt,3/sw3251,3251,96,sd,A,56,2,{C And } there just aren't that many plants and shrubs that can take both of those --,And/CC  [ there/EX ] just/RB are/VBP n't/RB that/RB  [ many/JJ plants/NNS ] and/CC  [ shrubs/NNS ] [ that/WDT ] can/MD take/VB  [ both/DT ] of/IN  [ those/DT ] --/:,(S (CC And) (NP-SBJ (EX there)) (ADVP (RB just)) (VP (VBP are) (RB n't) (NP-PRD (NP (ADJP (RB that) (JJ many)) (NNS plants) (CC and) (NNS shrubs)) (SBAR (WHNP-1 (WDT that)) (S (NP-SBJ (-NONE- *T*-1)) (VP (MD can) (VP (VB take) (NP (NP (DT both)) (PP (IN of) (NP (DT those) (NNS extremes)))))))))) (. .) (-DFL- E_S)),142,179.14,183.07999999999998
sw01utt/sw_0188_3251.utt,3/sw3251,3251,97,b,B,57,1,Uh-huh. /,[ Uh-huh/UH ] ./.,(INTJ (UH Uh-huh) (. .) (-DFL- E_S)),144,183.12,183.32
sw01utt/sw_0188_3251.utt,3/sw3251,3251,98,+,A,58,1,-- extremes.  /,--/:  [ extremes/NNS ] ./.,(S (CC And) (NP-SBJ (EX there)) (ADVP (RB just)) (VP (VBP are) (RB n't) (NP-PRD (NP (ADJP (RB that) (JJ many)) (NNS plants) (CC and) (NNS shrubs)) (SBAR (WHNP-1 (WDT that)) (S (NP-SBJ (-NONE- *T*-1)) (VP (MD can) (VP (VB take) (NP (NP (DT both)) (PP (IN of) (NP (DT those) (NNS extremes)))))))))) (. .) (-DFL- E_S)),142,183.4,183.96
sw01utt/sw_0188_3251.utt,3/sw3251,3251,99,sd,A,58,2,Some of the things that used to be hardy are getting to where they don't make it through the two swings. /,[ Some/DT ] of/IN  [ the/DT things/NNS ] [ that/WDT ] used/VBD to/TO be/VB hardy/JJ are/VBP getting/VBG to/TO where/WRB  [ they/PRP ] do/VBP n't/RB make/VB  [ it/PRP ] through/IN  [ the/DT two/CD swings/NNS ] ./.,(S (NP-SBJ (NP (DT Some)) (PP (IN of) (NP (NP (DT the) (NNS things)) (SBAR (WHNP-1 (WDT that)) (S (NP-SBJ-2 (-NONE- *T*-1)) (VP (VBD used) (S (NP-SBJ (-NONE- *-2)) (VP (TO to) (VP (VB be) (ADJP-PRD (JJ hardy))))))))))) (VP (VBP are) (VP (VBG getting) (PP (TO to) (SBAR (WHADVP-3 (WRB where)) (S (NP-SBJ (PRP they)) (VP (VBP do) (RB n't) (VP (VB make) (NP (PRP it)) (PP (IN through) (NP (DT the) (CD two) (NNS swings))) (ADVP (-NONE- *T*-3))))))))) (. .) (-DFL- E_S)),146,184.48,191.14000000000001
sw01utt/sw_0188_3251.utt,3/sw3251,3251,100,b,B,59,1,"Yeah,  /","Yeah/UH ,/,","(INTJ (UH Yeah) (, ,) (-DFL- E_S))",148,191.3,191.62
sw01utt/sw_0188_3251.utt,3/sw3251,3251,101,%,B,59,2,"that is, - /","[ that/DT ] is/VBZ ,/,","(S (NP-SBJ (DT that)) (VP-UNF (VBZ is)) (, ,) (-DFL- N_S))",149,191.62,191.85999999999999
sw01utt/sw_0188_3251.utt,3/sw3251,3251,102,sd,B,59,3,"[ I was, +   {D you know, } I was ] {D like } conditioned to it -- /","[ I/PRP ] was/VBD ,/,  [ you/PRP ] know/VBP ,/,  [ I/PRP ] was/VBD like/UH conditioned/JJ to/IN  [ it/PRP ] --/:","(S (EDITED (RM (-DFL- \[)) (S (NP-SBJ (PRP I)) (VP-UNF (VBD was))) (, ,) (IP (-DFL- \+))) (PRN (S (NP-SBJ (PRP you)) (VP (VBP know))) (, ,)) (NP-SBJ-1 (PRP I)) (VP (VBD was) (RS (-DFL- \])) (INTJ (UH like)) (VP (JJ conditioned) (NP (-NONE- *-1)) (PP (IN to) (NP (PRP it))))) (-DFL- E_S))",150,191.86,193.56
sw01utt/sw_0188_3251.utt,3/sw3251,3251,103,b,A,60,1,Uh-huh. /,[ Uh-huh/UH ] ./.,(INTJ (UH Uh-huh) (. .) (-DFL- E_S)),144,193.56,193.8
sw01utt/sw_0188_3251.utt,3/sw3251,3251,104,sd,B,61,1,"-- [ they, +  they ] have to be hardened to it  /","--/:  [ they/PRP ] ,/,  [ they/PRP ] have/VBP to/TO be/VB hardened/JJ to/IN  [ it/PRP ]","(S (EDITED (RM (-DFL- \[)) (NP-SBJ (PRP they)) (, ,) (IP (-DFL- \+))) (NP-SBJ-1 (PRP they)) (RS (-DFL- \])) (VP (VBP have) (S (NP-SBJ-2 (-NONE- *-1)) (VP (TO to) (VP (VB be) (VP (JJ hardened) (NP (-NONE- *-2)) (PP (IN to) (NP (PRP it)))))))) (-DFL- E_S))",154,194.1,195.64
sw01utt/sw_0188_3251.utt,3/sw3251,3251,105,sd,B,61,2,"[ that's, +  that's ] strange with me.  /","that/IN  [ 's/BES ] ,/,  [ that/DT ] 's/BES strange/JJ with/IN  [ me/PRP ] ./.","(S (EDITED (RM (-DFL- \[)) (S (NP-SBJ (IN that)) (VP-UNF (BES 's))) (, ,) (IP (-DFL- \+))) (NP-SBJ (DT that)) (VP (BES 's) (RS (-DFL- \])) (ADJP-PRD (JJ strange) (PP (IN with) (NP (PRP me))))) (. .) (-DFL- E_S))",155,195.64,197.48
sw01utt/sw_0188_3251.utt,3/sw3251,3251,106,sd,B,61,3,"{D You know, } you think, Dallas, {D you know, } almost semitropical, you wouldn't have [ that kind of, +  that kind of ] problem,  /","[ You/PRP ] know/VBP ,/,  [ you/PRP ] think/VBP ,/,  [ Dallas/NNP ] ,/,  [ you/PRP ] know/VBP ,/, almost/RB semitropical/JJ ,/,  [ you/PRP ] would/MD n't/RB have/VB  [ that/DT kind/NN ] of/IN ,/, that/DT  [ kind/NN ] of/IN  [ problem/NN ] ,/,","(S (PRN (S (NP-SBJ (PRP You)) (VP (VBP know))) (, ,)) (NP-SBJ (PRP you)) (VP (VBP think) (, ,) (SBAR (-NONE- 0) (S (NP-ADV (NP (NNP Dallas)) (PRN (, ,) (S (NP-SBJ (PRP you)) (VP (VBP know))) (, ,)) (ADJP (RB almost) (JJ semitropical))) (, ,) (NP-SBJ (PRP you)) (VP (MD would) (RB n't) (VP (VB have) (EDITED (RM (-DFL- \[)) (NP (NP (DT that) (NN kind)) (PP-UNF (IN of))) (, ,) (IP (-DFL- \+))) (NP (NP (DT that) (NN kind)) (PP (IN of) (RS (-DFL- \])) (NP (NN problem))))))))) (, ,) (-DFL- E_S))",156,197.48,205.66
sw01utt/sw_0188_3251.utt,3/sw3251,3251,107,%,B,61,4,"{C but, } -/","but/CC ,/,","(S-UNF (CC but) (, ,) (-DFL- N_S))",157,205.8,205.96
sw01utt/sw_0188_3251.utt,3/sw3251,3251,108,sd,A,62,1,"{D Well, } for the most part we don't,  /","Well/UH ,/, for/IN  [ the/DT most/JJS part/NN ] [ we/PRP ] do/VBP n't/RB ,/,","(S (INTJ (UH Well)) (, ,) (PP (IN for) (NP (DT the) (JJS most) (NN part))) (NP-SBJ (PRP we)) (VP (VBP do) (RB n't)) (, ,) (-DFL- E_S))",159,206.32,207.52
sw01utt/sw_0188_3251.utt,3/sw3251,3251,109,sd,A,62,2,{C but } we have usually just a pocket of really bad hot and really bad cold.  /,but/CC  [ we/PRP ] have/VBP usually/RB just/RB  [ a/DT pocket/NN ] of/IN really/RB  [ bad/JJ hot/NN ] and/CC really/RB  [ bad/JJ cold/NN ] ./.,(S (CC but) (NP-SBJ (PRP we)) (VP (VBP have) (ADVP-TMP (RB usually)) (NP (NP (RB just) (DT a) (NN pocket)) (PP (IN of) (NP (NP (ADJP (RB really) (JJ bad)) (NN hot)) (CC and) (NP (ADJP (RB really) (JJ bad)) (NN cold)))))) (. .) (-DFL- E_S)),160,207.52,211.72000000000003
sw01utt/sw_0188_3251.utt,3/sw3251,3251,110,sd,A,62,3,"{D Well, } the summers have gotten where they're a lot hotter -- /","Well/UH ,/,  [ the/DT summers/NNPS ] have/VBP gotten/VBN where/WRB  [ they/PRP ] 're/VBP  [ a/DT lot/RB hotter/JJR ] --/:","(S (INTJ (UH Well)) (, ,) (NP-SBJ (DT the) (NNPS summers)) (VP (VBP have) (VP (VBN gotten) (SBAR (WHADVP-1 (WRB where)) (S (NP-SBJ (PRP they)) (VP (VBP 're) (ADJP-PRD (NP-ADV (DT a) (RB lot)) (JJR hotter)) (ADVP (-NONE- *T*-1))))))) (-DFL- E_S))",161,211.72,213.74
sw01utt/sw_0188_3251.utt,3/sw3251,3251,111,b,B,63,1,Uh-huh. /,[ Uh-huh/UH ] ./.,(INTJ (UH Uh-huh) (. .) (-DFL- E_S)),144,213.88,214.01999999999998
sw01utt/sw_0188_3251.utt,3/sw3251,3251,112,sd,A,64,1,"-- {C but } [ the, +  the ]  ice storms really are stressful on all [ the, +  the ] plants that we have around.  /","--/: but/CC  [ the/DT ] ,/,  [ the/DT ice/NN storms/NNS ] really/RB are/VBP stressful/JJ on/IN  [ all/PDT the/DT ] ,/,  [ the/DT plants/NNS ] that/WDT  [ we/PRP ] have/VBP around/RP ./.","(S (CC but) (EDITED (RM (-DFL- \[)) (NP-SBJ-UNF (DT the)) (, ,) (IP (-DFL- \+))) (NP-SBJ (DT the) (RS (-DFL- \])) (NN ice) (NNS storms)) (ADVP (RB really)) (VP (VBP are) (ADJP-PRD (JJ stressful) (PP (IN on) (NP (NP (PDT all) (EDITED (RM (-DFL- \[)) (DT the) (, ,) (IP (-DFL- \+))) (DT the) (RS (-DFL- \])) (NNS plants)) (SBAR (WHNP-1 (WDT that)) (S (NP-SBJ (PRP we)) (VP (VBP have) (NP (-NONE- *T*-1)) (ADVP (RP around))))))))) (. .) (-DFL- E_S))",165,214.54,220.84
sw01utt/sw_0188_3251.utt,3/sw3251,3251,113,sd,A,64,2,We've noticed that crepe myrtles don't do as well as they used to --,[ We/PRP ] 've/VBP noticed/VBN that/IN  [ crepe/JJ myrtles/NNS ] do/VBP n't/RB do/VB as/RB well/RB as/IN  [ they/PRP ] used/VBD to/TO --/:,"(S (NP-SBJ (PRP We)) (VP (VBP 've) (VP (VBN noticed) (SBAR (IN that) (S (NP-SBJ (NP (JJ crepe) (NNS myrtles)) (NAC (-NONE- *ICH*-2))) (VP (VBP do) (RB n't) (VP (VB do) (ADVP-MNR (ADVP (RB as) (RB well)) (SBAR (IN as) (S (NP-SBJ-1 (PRP they)) (VP (VBD used) (S (NP-SBJ (-NONE- *-1)) (VP (TO to) (VP (-NONE- *?*)))))))) (NAC-2 (CC and) (, ,) (INTJ (UH uh)) (, ,) (NP (NN pittosporum))))))))) (-DFL- E_S))",166,220.84,223.66000000000003
sw01utt/sw_0188_3251.utt,3/sw3251,3251,114,b,B,65,1,"Really,  /","Really/UH ,/,","(INTJ (UH Really) (, ,) (-DFL- E_S))",168,223.66,223.9
sw01utt/sw_0188_3251.utt,3/sw3251,3251,115,bh,B,65,2,{F oh } do they. /,oh/UH do/VBP  [ they/PRP ] ./.,(SQ (INTJ (UH oh)) (VBP do) (NP-SBJ (PRP they)) (. .) (-DFL- E_S)),169,224.12,224.88
sw01utt/sw_0188_3251.utt,3/sw3251,3251,116,+,A,66,1,"-- and, {F uh, } pittosporum  /","--/: and/CC ,/,  [ uh/UH ] ,/,  [ pittosporum/NN ]","(S (NP-SBJ (PRP We)) (VP (VBP 've) (VP (VBN noticed) (SBAR (IN that) (S (NP-SBJ (NP (JJ crepe) (NNS myrtles)) (NAC (-NONE- *ICH*-2))) (VP (VBP do) (RB n't) (VP (VB do) (ADVP-MNR (ADVP (RB as) (RB well)) (SBAR (IN as) (S (NP-SBJ-1 (PRP they)) (VP (VBD used) (S (NP-SBJ (-NONE- *-1)) (VP (TO to) (VP (-NONE- *?*)))))))) (NAC-2 (CC and) (, ,) (INTJ (UH uh)) (, ,) (NP (NN pittosporum))))))))) (-DFL- E_S))",166,224.88,226.0
sw01utt/sw_0188_3251.utt,3/sw3251,3251,117,sd,A,66,2,that used to be the kind of things we could plant all the time -- /,[ that/WDT ] used/VBD to/TO be/VB  [ the/DT kind/NN ] of/IN  [ things/NNS we/PRP ] could/MD plant/VB  [ all/PDT the/DT time/NN ] --/:,(S (NP-SBJ-1 (WDT that)) (VP (VBD used) (S (NP-SBJ (-NONE- *-1)) (VP (TO to) (VP (VB be) (NP-PRD (NP (DT the) (NN kind)) (PP (IN of) (NP (NNS things))) (SBAR (WHNP-2 (-NONE- 0)) (S (NP-SBJ (PRP we)) (VP (MD could) (VP (VB plant) (NP (-NONE- *T*-2)) (NP-TMP (PDT all) (DT the) (NN time))))))))))) (-DFL- E_S)),171,226.02,228.56
sw01utt/sw_0188_3251.utt,3/sw3251,3251,118,b,B,67,1,Uh-huh. /,[ Uh-huh/UH ] ./.,(INTJ (UH Uh-huh) (. .) (-DFL- E_S)),144,228.68,229.0
sw01utt/sw_0188_3251.utt,3/sw3251,3251,119,sd,A,68,1,"-- [ you, +  you -- ]","--/:  [ you/PRP ] ,/,  [ you/PRP ] --/:","(S (EDITED (RM (-DFL- \[)) (NP-SBJ (PRP you)) (, ,) (IP (-DFL- \+))) (NP-SBJ (PRP you)) (RS (-DFL- \])) (ADVP (RB really)) (VP (VBP take) (NP (NP (DT a) (NN chance)) (PP (IN with) (S-NOM (NP-SBJ (PRP them)) (VP (VBG freezing)))))) (, ,) (-DFL- E_S))",175,229.1,230.04
sw01utt/sw_0188_3251.utt,3/sw3251,3251,120,sd,B,69,1,"I love, -/","[ I/PRP ] love/VBP ,/,","(S (NP-SBJ (PRP I)) (VP-UNF (VBP love)) (, ,) (-DFL- N_S))",177,230.06,230.26000000000002
sw01utt/sw_0188_3251.utt,3/sw3251,3251,121,+,A,70,1,"-- really take a chance with them freezing, /","--/: really/RB take/VBP  [ a/DT chance/NN ] with/IN  [ them/PRP ] freezing/VBG ,/,","(S (EDITED (RM (-DFL- \[)) (NP-SBJ (PRP you)) (, ,) (IP (-DFL- \+))) (NP-SBJ (PRP you)) (RS (-DFL- \])) (ADVP (RB really)) (VP (VBP take) (NP (NP (DT a) (NN chance)) (PP (IN with) (S-NOM (NP-SBJ (PRP them)) (VP (VBG freezing)))))) (, ,) (-DFL- E_S))",175,230.26,232.24
sw01utt/sw_0188_3251.utt,3/sw3251,3251,122,b,B,71,1,"Yeah,  /","[ Yeah/UH ] ,/,","(INTJ (UH Yeah) (, ,) (-DFL- E_S))",148,232.56,232.64000000000001
sw01utt/sw_0188_3251.utt,3/sw3251,3251,123,sd,B,71,2,"I love [ the, +  {F uh, } the ]  landscaping,  /","[ I/PRP ] love/VBP  [ the/DT ] ,/,  [ uh/UH ] ,/,  [ the/DT ] landscaping/NN ,/,","(S (NP-SBJ (PRP I)) (VP (VBP love) (EDITED (RM (-DFL- \[)) (NP-UNF (DT the)) (, ,) (IP (-DFL- \+))) (INTJ (UH uh)) (, ,) (NP (DT the) (RS (-DFL- \])) (NN landscaping))) (, ,) (-DFL- E_S))",181,232.64,235.38
sw01utt/sw_0188_3251.utt,3/sw3251,3251,124,sd,B,71,3,"like I say, my brother-in-law  ((   )) .   I get to Carrollton quite a bit. /","like/IN  [ I/PRP ] say/VBP ,/,  [ my/PRP$ brother-in-law/NN MUMBLEx/XX ] ./.  [ I/PRP ] get/VBP to/IN  [ Carrollton/NNP ] quite/RB  [ a/DT bit/NN ] ./.","(S-UNF (SBAR-ADV (IN like) (S (NP-SBJ (PRP I)) (VP (VBP say)))) (, ,) (NP-SBJ (PRP$ my) (NN brother-in-law)) (X (XX MUMBLEx)) (. .))|||(S (NP-SBJ (PRP I)) (VP (VBP get) (PP-LOC (IN to) (NP (NNP Carrollton))) (NP-ADV (RB quite) (DT a) (NN bit))) (. .) (-DFL- E_S))",182|||183,235.38,238.5
sw01utt/sw_0188_3251.utt,3/sw3251,3251,125,b,A,72,1,Uh-huh. /,[ Uh-huh/UH ] ./.,(INTJ (UH Uh-huh) (. .) (-DFL- E_S)),152,238.8,239.14000000000001
sw01utt/sw_0188_3251.utt,3/sw3251,3251,126,sd,B,73,1,"I go there on business,  /","[ I/PRP ] go/VBP there/RB on/IN  [ business/NN ] ,/,","(S (NP-SBJ (PRP I)) (VP (VBP go) (ADVP-DIR (RB there)) (PP (IN on) (NP (NN business)))) (, ,) (-DFL- E_S))",187,239.14,240.44
sw01utt/sw_0188_3251.utt,3/sw3251,3251,127,sd,B,73,2,"{C and } I really enjoy getting around and  seeing the different areas with different gardens,  /","and/CC  [ I/PRP ] really/RB enjoy/VBP getting/VBG around/RB and/CC seeing/VBG  [ the/DT different/JJ areas/NNS ] with/IN  [ different/JJ gardens/NNS ] ,/,","(S (CC and) (NP-SBJ-1 (PRP I)) (ADVP (RB really)) (VP (VBP enjoy) (S (NP-SBJ (-NONE- *-1)) (VP (VP (VBG getting) (ADVP (RB around))) (CC and) (VP (VBG seeing) (NP (NP (DT the) (JJ different) (NNS areas)) (PP (IN with) (NP (JJ different) (NNS gardens)))))))) (, ,) (-DFL- E_S))",188,241.12,245.32
sw01utt/sw_0188_3251.utt,3/sw3251,3251,128,sd,B,73,3,"{C and } Texas is, - /","and/CC  [ Texas/NNP ] is/VBZ ,/,","(S (CC and) (EDITED (S (NP-SBJ (NNP Texas)) (VP-UNF (VBZ is))) (, ,) (-DFL- N_S)) (EDITED (RM (-DFL- \[)) (NP-SBJ-UNF (NNP D-)) (, ,) (IP (-DFL- \+))) (NP-SBJ (NNP Dallas)) (RS (-DFL- \])) (VP (VBZ is) (ADJP-PRD (RB very) (JJ nice))) (. .) (-DFL- E_S))",189,245.32,246.92
sw01utt/sw_0188_3251.utt,3/sw3251,3251,129,sd,B,73,4,"[ D-, +  Dallas ] is very nice.  /","[ D-/NNP ] ,/,  [ Dallas/NNP ] is/VBZ very/RB nice/JJ ./.","(S (CC and) (EDITED (S (NP-SBJ (NNP Texas)) (VP-UNF (VBZ is))) (, ,) (-DFL- N_S)) (EDITED (RM (-DFL- \[)) (NP-SBJ-UNF (NNP D-)) (, ,) (IP (-DFL- \+))) (NP-SBJ (NNP Dallas)) (RS (-DFL- \])) (VP (VBZ is) (ADJP-PRD (RB very) (JJ nice))) (. .) (-DFL- E_S))",189,247.42,248.54
sw01utt/sw_0188_3251.utt,3/sw3251,3251,130,sd,B,73,5,"I really enjoy it there.  The landscaping, the homes, the architecture, the whole thing --","[ I/PRP ] really/RB enjoy/VBP  [ it/PRP ] there/RB ./.  [ The/DT ] landscaping/NN ,/,  [ the/DT homes/NNS ] ,/,  [ the/DT architecture/NN ] ,/,  [ the/DT whole/JJ thing/NN ] --/:","(S (NP-SBJ (PRP I)) (ADVP (RB really)) (VP (VBP enjoy) (NP (PRP it)) (ADVP-LOC (RB there)) (. .) (NP-TPC (NP (DT The) (NN landscaping)) (, ,) (NP (DT the) (NNS homes)) (, ,) (NP (DT the) (NN architecture)) (, ,) (NP (DT the) (JJ whole) (NN thing)))))",190,248.88,252.82
sw01utt/sw_0188_3251.utt,3/sw3251,3251,131,b,A,74,1,Uh-huh. /,[ Uh-huh/UH ] ./.,(INTJ (UH Uh-huh) (. .) (-DFL- E_S)),163,253.12,253.48000000000002
sw01utt/sw_0188_3251.utt,3/sw3251,3251,132,+,B,75,1,"-- very enjoyable gardens,  /","--/:  [ very/RB enjoyable/JJ gardens/NNS ] ,/,","(NP (ADJP (RB very) (JJ enjoyable)) (NNS gardens) (, ,) (-DFL- E_S))",191,253.96,255.04
sw01utt/sw_0188_3251.utt,3/sw3251,3251,133,sd,B,75,2,"{C and } my wife and I, -/","and/CC  [ my/PRP$ wife/NN ] and/CC  [ I/PRP ] ,/,","(S-UNF (CC and) (NP-SBJ (NP (PRP$ my) (NN wife)) (CC and) (NP (PRP I))) (, ,) (-DFL- N_S))",195,255.04,255.58
sw01utt/sw_0188_3251.utt,3/sw3251,3251,134,sd,A,76,1,"Except for the lack of trees, out where we are # <laughter>. #","Except/IN for/IN  [ the/DT lack/NN ] of/IN  [ trees/NNS ] ,/, out/IN where/WRB  [ we/PRP ] are/VBP ./.","(PP (IN Except) (PP (IN for) (NP (NP (DT the) (NN lack)) (PP (IN of) (NP (NNS trees))) (, ,) (PP-LOC (IN out) (SBAR (WHADVP-1 (WRB where)) (S (NP-SBJ (PRP we)) (VP (VBP are) (ADVP-LOC-PRD (-NONE- *T*-1)))))))) (. .))",197,256.32,258.98
sw01utt/sw_0188_3251.utt,3/sw3251,3251,135,%,B,77,1,# {D Well. } # -/,Well/UH ./.,(INTJ (UH Well) (. .) (-DFL- N_S)),200,259.06,259.16
sw01utt/sw_0188_3251.utt,3/sw3251,3251,136,+,A,78,1,"It was all cotton fields,  /","[ It/PRP ] was/VBD  [ all/DT cotton/NN fields/NNS ] ,/,","(S (NP-SBJ (PRP It)) (VP (VBD was) (DT all) (NP-PRD (NN cotton) (NNS fields))) (, ,) (-DFL- E_S))",198,259.24,260.72
sw01utt/sw_0188_3251.utt,3/sw3251,3251,137,sd,A,78,2,"{C and } when we get to other parts of the country where the trees are so beautiful, we really miss it. /","and/CC when/WRB  [ we/PRP ] get/VBP to/IN  [ other/JJ parts/NNS ] of/IN  [ the/DT country/NN ] where/WRB  [ the/DT trees/NNS ] are/VBP so/RB beautiful/JJ ,/,  [ we/PRP ] really/RB miss/VBP  [ it/PRP ] ./.","(S (CC and) (SBAR-TMP (WHADVP-2 (WRB when)) (S (NP-SBJ (PRP we)) (VP (VBP get) (PP-LOC (IN to) (NP (NP (JJ other) (NNS parts)) (PP (IN of) (NP (DT the) (NN country))) (SBAR (WHADVP-1 (WRB where)) (S (NP-SBJ (DT the) (NNS trees)) (VP (VBP are) (ADJP-PRD (RB so) (JJ beautiful)) (ADVP-LOC (-NONE- *T*-1))))))) (ADVP-TMP (-NONE- *T*-2))))) (, ,) (NP-SBJ (PRP we)) (ADVP (RB really)) (VP (VBP miss) (NP (PRP it))) (. .) (-DFL- E_S))",202,260.72,265.7
sw01utt/sw_0188_3251.utt,3/sw3251,3251,138,b,B,79,1,"Yeah,  /","Yeah/UH ,/,","(INTJ (UH Yeah) (, ,) (-DFL- E_S))",180,265.88,266.15999999999997
sw01utt/sw_0188_3251.utt,3/sw3251,3251,139,sd,B,79,2,"that we have, {D you know } -- -/","that/IN  [ we/PRP ] have/VBP ,/,  [ you/PRP ] know/VBP --/:","(SBAR (IN that) (S (NP-SBJ (PRP we)) (VP-UNF (VBP have) (PRN (, ,) (S (NP-SBJ (PRP you)) (VP (VBP know)))))) (-DFL- N_S))",205,266.2,267.46
sw01utt/sw_0188_3251.utt,3/sw3251,3251,140,b,A,80,1,Uh-huh. /,[ Uh-huh/UH ] ./.,(INTJ (UH Uh-huh) (. .) (-DFL- E_S)),185,267.46,267.82
sw01utt/sw_0188_3251.utt,3/sw3251,3251,141,sd,B,81,1,-- Ohio's a very pretty state.  /,--/:  [ Ohio/NNP ] 's/BES  [ a/DT very/RB pretty/JJ state/NN ] ./.,(S (NP-SBJ (NNP Ohio)) (VP (BES 's) (NP-PRD (DT a) (ADJP (RB very) (JJ pretty)) (NN state))) (. .) (-DFL- E_S)),209,267.82,269.26
sw01utt/sw_0188_3251.utt,3/sw3251,3251,142,sd,B,81,2,"[ We moved, +  in seventy-six we moved ] to Chicago,  /","[ We/PRP ] moved/VBD ,/, in/IN  [ seventy-six/CD ] [ we/PRP ] moved/VBD to/IN  [ Chicago/NNP ] ,/,","(S (EDITED (RM (-DFL- \[)) (S (NP-SBJ (PRP We)) (VP-UNF (VBD moved))) (, ,) (IP (-DFL- \+))) (PP-TMP (IN in) (NP (CD seventy-six))) (NP-SBJ (PRP we)) (VP (VBD moved) (RS (-DFL- \])) (PP-DIR (IN to) (NP (NNP Chicago)))) (, ,) (-DFL- E_S))",210,269.32,271.71999999999997
sw01utt/sw_0188_3251.utt,3/sw3251,3251,143,sd,B,81,3,"we lived there for five years,  /","[ we/PRP ] lived/VBD there/RB for/IN  [ five/CD years/NNS ] ,/,","(S (NP-SBJ (PRP we)) (VP (VBD lived) (ADVP-LOC (RB there)) (PP-TMP (IN for) (NP (CD five) (NNS years)))) (, ,) (-DFL- E_S))",211,271.72,272.71999999999997
sw01utt/sw_0188_3251.utt,3/sw3251,3251,144,sd,B,81,4,"{C and } I remember the first time I took my wife there on a house hunt,  /","and/CC  [ I/PRP ] remember/VBP  [ the/DT first/JJ time/NN ] [ I/PRP ] took/VBD  [ my/PRP$ wife/NN ] there/RB on/IN  [ a/DT house/NN hunt/NN ] ,/,","(S (CC and) (NP-SBJ (PRP I)) (VP (VBP remember) (NP (NP (DT the) (JJ first) (NN time)) (SBAR (WHADVP-1 (-NONE- 0)) (S (NP-SBJ (PRP I)) (VP (VBD took) (NP (PRP$ my) (NN wife)) (ADVP-DIR (RB there)) (PP (IN on) (NP (DT a) (NN house) (NN hunt))) (ADVP-TMP (-NONE- *T*-1))))))) (, ,) (-DFL- E_S))",212,273.72,276.74
sw01utt/sw_0188_3251.utt,3/sw3251,3251,145,sd,B,81,5,"{F uh, } we were coming in  /","[ uh/UH ] ,/,  [ we/PRP ] were/VBD coming/VBG in/RB","(S (INTJ (UH uh)) (, ,) (NP-SBJ (PRP we)) (VP (VBD were) (VP (VBG coming) (ADVP-DIR (RB in)))) (-DFL- E_S))",213,277.44,278.34
sw01utt/sw_0188_3251.utt,3/sw3251,3251,146,sd,B,81,6,{C and } before the plane landed she looked out the window  /,and/CC before/IN  [ the/DT plane/NN ] landed/VBD  [ she/PRP ] looked/VBD out/IN  [ the/DT window/NN ],(S (CC and) (SBAR-TMP (IN before) (S (NP-SBJ (DT the) (NN plane)) (VP (VBD landed)))) (NP-SBJ (PRP she)) (VP (VBD looked) (PP (IN out) (NP (DT the) (NN window)))) (-DFL- E_S)),214,278.34,280.46
sw01utt/sw_0188_3251.utt,3/sw3251,3251,147,sd(^q),B,81,7,"{C and } [ she said, +  she said, ] ((   ))  there's no trees down there. /","and/CC  [ she/PRP ] said/VBD ,/,  [ she/PRP ] said/VBD ,/, MUMBLEx/XX  [ there/EX ] 's/BES  [ no/DT trees/NNS ] down/IN there/RB ./.","(S (CC and) (EDITED (RM (-DFL- \[)) (S (NP-SBJ (PRP she)) (VP-UNF (VBD said))) (, ,) (IP (-DFL- \+))) (NP-SBJ (PRP she)) (VP (VBD said) (, ,) (RS (-DFL- \])) (X (XX MUMBLEx)) (S-SEZ (NP-SBJ (EX there)) (VP (BES 's) (NP-PRD (NP (DT no) (NNS trees)) (PP-LOC (IN down) (ADVP (RB there))))))) (. .) (-DFL- E_S))",215,280.46,283.0
sw01utt/sw_0188_3251.utt,3/sw3251.pos,3251,148,x,A,82,1,<Laughter>.,./.,,,0.0,0.0
sw01utt/sw_0188_3251.utt,3/sw3251,3251,149,^q,B,83,1,"((   ))  this is Illinois,  /","MUMBLEx/XX  [ this/DT ] is/VBZ  [ Illinois/NNP ] ,/,","(S (X (XX MUMBLEx)) (NP-SBJ (DT this)) (VP (VBZ is) (NP-PRD (NNP Illinois))) (, ,) (-DFL- E_S))",218,283.12,284.09999999999997
sw01utt/sw_0188_3251.utt,3/sw3251,3251,150,^q,B,83,2,you're not. - /,[ you/PRP ] 're/VBP not/RB ./.,(S (NP-SBJ (PRP you)) (VP-UNF (VBP 're) (RB not)) (. .) (-DFL- N_S)),219,284.1,284.59999999999997
sw01utt/sw_0188_3251.utt,3/sw3251,3251,151,sd,B,83,3,"{C And, }  when we got out to the area where we decided we were going to live and buy a house, there were no trees --","And/CC ,/, when/WRB  [ we/PRP ] got/VBD out/IN to/IN  [ the/DT area/NN ] where/WRB  [ we/PRP ] decided/VBD  [ we/PRP ] were/VBD going/VBG to/TO live/VB and/CC buy/VB  [ a/DT house/NN ] ,/,  [ there/EX ] were/VBD  [ no/DT trees/NNS ] --/:","(S (CC And) (, ,) (SBAR-TMP (WHADVP-3 (WRB when)) (S (NP-SBJ (PRP we)) (VP (VBD got) (PP-LOC (IN out) (PP (IN to) (NP (NP (DT the) (NN area)) (SBAR (WHADVP-2 (WRB where)) (S (NP-SBJ (PRP we)) (VP (VBD decided) (SBAR (-NONE- 0) (S (NP-SBJ-1 (PRP we)) (VP (VBD were) (VP (VBG going) (S (NP-SBJ (-NONE- *-1)) (VP (TO to) (VP (VP (VB live)) (CC and) (VP (VB buy) (NP (DT a) (NN house)))))) (ADVP-LOC (-NONE- *T*-2)))))))))))) (ADVP-TMP (-NONE- *T*-3))))) (, ,) (NP-SBJ (EX there)) (VP (VBD were) (NP-PRD (DT no) (NNS trees)) (SBAR-PRP (IN because) (S (NP-SBJ (DT the) (NNS farmers)) (VP (VBD had) (VP (VBN cleared) (NP (PDT all) (DT the) (NN land))))))) (-DFL- E_S))",220,284.6,291.26
sw01utt/sw_0188_3251.utt,3/sw3251,3251,152,%,A,84,1,{F Um. } /,Um/UH ./.,(INTJ (UH Um) (. .) (-DFL- E_S)),222,291.26,291.38
sw01utt/sw_0188_3251.utt,3/sw3251,3251,153,+,B,85,1,-- because the farmers had cleared all the land -- /,--/: because/IN  [ the/DT farmers/NNS ] had/VBD cleared/VBN  [ all/PDT the/DT land/NN ] --/:,"(S (CC And) (, ,) (SBAR-TMP (WHADVP-3 (WRB when)) (S (NP-SBJ (PRP we)) (VP (VBD got) (PP-LOC (IN out) (PP (IN to) (NP (NP (DT the) (NN area)) (SBAR (WHADVP-2 (WRB where)) (S (NP-SBJ (PRP we)) (VP (VBD decided) (SBAR (-NONE- 0) (S (NP-SBJ-1 (PRP we)) (VP (VBD were) (VP (VBG going) (S (NP-SBJ (-NONE- *-1)) (VP (TO to) (VP (VP (VB live)) (CC and) (VP (VB buy) (NP (DT a) (NN house)))))) (ADVP-LOC (-NONE- *T*-2)))))))))))) (ADVP-TMP (-NONE- *T*-3))))) (, ,) (NP-SBJ (EX there)) (VP (VBD were) (NP-PRD (DT no) (NNS trees)) (SBAR-PRP (IN because) (S (NP-SBJ (DT the) (NNS farmers)) (VP (VBD had) (VP (VBN cleared) (NP (PDT all) (DT the) (NN land))))))) (-DFL- E_S))",220,291.52,293.58000000000004
sw01utt/sw_0188_3251.utt,3/sw3251,3251,154,b,A,86,1,Uh-huh. /,[ Uh-huh/UH ] ./.,(INTJ (UH Uh-huh) (. .) (-DFL- E_S)),193,293.58,294.0
sw01utt/sw_0188_3251.utt,3/sw3251,3251,155,sd,B,87,1,"-- {C and } now all of a sudden it was being developed,  /","--/: and/CC now/RB  [ all/DT ] of/IN  [ a/DT sudden/NN ] [ it/PRP ] was/VBD being/VBG developed/VBN ,/,","(S (CC and) (ADVP-TMP (RB now)) (NP-ADV (NP (DT all)) (PP (IN of) (NP (DT a) (NN sudden)))) (NP-SBJ-1 (PRP it)) (VP (VBD was) (VP (VBG being) (VP (VBN developed) (NP (-NONE- *-1))))) (, ,) (-DFL- E_S))",227,294.5,297.1
sw01utt/sw_0188_3251.utt,3/sw3251,3251,156,sd,B,87,2,"{C and } the first thing I did was planted all kinds of trees, /","and/CC  [ the/DT first/JJ thing/NN ] [ I/PRP ] did/VBD was/VBD planted/VBN  [ all/DT kinds/NNS ] of/IN  [ trees/NNS ] ,/,","(S (CC and) (NP-SBJ (NP (DT the) (JJ first) (NN thing)) (SBAR (WHNP-1 (-NONE- 0)) (S (NP-SBJ (PRP I)) (VP (VBD did) (NP (-NONE- *T*-1)))))) (VP (VBD was) (S-PRD (NP-SBJ (-NONE- *)) (VP (VBN planted) (NP (NP (DT all) (NNS kinds)) (PP (IN of) (NP (NNS trees))))))) (, ,) (-DFL- E_S))",228,297.1,299.72
