swda_filename,ptb_basename,conversation_no,transcript_index,act_tag,caller,utterance_index,subutterance_index,text,pos,trees,ptb_treenumbers,start_ts,end_ts
sw07utt/sw_0794_3234.utt,3/sw3234,3234,0,sd,A,1,1,"Carolyn, I have a [ little Schnauzer, +  little miniature Schnauzer. ] /","Carolyn/NNP ,/, I/PRP have/VBP a/DT little/JJ Schnauzer/NNP ,/, little/JJ miniature/JJ Schnauzer/NNP ./.",,,0.4,4.6
sw07utt/sw_0794_3234.utt,3/sw3234,3234,1,b,B,2,1,Oh. /,Oh/UH ./.,,,5.16,5.34
sw07utt/sw_0794_3234.utt,3/sw3234,3234,2,qw,A,3,1,What do you have? /,What/WP do/VBP you/PRP have/VB ?/.,,,5.34,7.86
sw07utt/sw_0794_3234.utt,3/sw3234,3234,3,sd,B,4,1,"{D Well, } it's kind of a mixed breed that we got  from the Humane Society <laughter>. /","Well/UH ,/, it/PRP 's/BES kind/RB of/RB a/DT mixed/JJ breed/NN that/WDT we/PRP got/VBD from/IN the/DT Humane/NNP Society/NNP ./.",,,8.3,11.6
sw07utt/sw_0794_3234.utt,3/sw3234,3234,4,sv,A,5,1,"You know, those make the  [ best animals, + {F uh, } [ pe-, + best pets. ] ]  /","You/PRP know/VBP ,/, those/DT make/VBP the/DT best/JJS animals/NNS ,/, uh/UH ,/, pe-/NNS ,/, best/JJS pets/NNS ./.",,,12.42,16.54
sw07utt/sw_0794_3234.utt,3/sw3234,3234,5,sd,A,5,2,"My, {F uh, } son has [ a, + ] {F uh, } {F oh, } - /","My/PRP$ ,/, uh/UH ,/, son/NN has/VBZ a/DT ,/, uh/UH ,/, oh/UH ,/,",,,17.46,20.04
sw07utt/sw_0794_3234.utt,3/sw3234,3234,6,sd,A,5,3,"it's a real mixture,  /","it/PRP 's/BES a/DT real/JJ mixture/NN ,/,",,,20.04,21.4
sw07utt/sw_0794_3234.utt,3/sw3234,3234,7,sd,A,5,4,"it's part, {F uh, } Doberman and part Husky <laughter>. /","it/PRP 's/BES part/NN ,/, uh/UH ,/, Doberman/NN and/CC part/NN Husky/NNP ./.",,,21.4,25.8
sw07utt/sw_0794_3234.utt,3/sw3234,3234,8,ba,B,6,1,"{F Oh, } my. /","Oh/UH ,/, my/UH ./.",,,27.24,27.98
sw07utt/sw_0794_3234.utt,3/sw3234,3234,9,b,A,7,1,"<Laughter> Yes,  /","Yes/UH ,/,",,,28.78,29.36
sw07utt/sw_0794_3234.utt,3/sw3234,3234,10,sd,A,7,2,"{C and } [ they, + ]  gentlest dog you ever met,  /","and/CC they/PRP ,/, gentlest/JJS dog/NN you/PRP ever/RB met/VBD ,/,",,,29.36,32.08
sw07utt/sw_0794_3234.utt,3/sw3234,3234,11,sd,A,7,3,"{C and } they got him from the, {F uh, } Humane Society here in Oklahoma City -- /","and/CC they/PRP got/VBD him/PRP from/IN the/DT ,/, uh/UH ,/, Humane/NNP Society/NNP here/RB in/IN Oklahoma/NNP City/NNP --/:",,,32.1,37.14
sw07utt/sw_0794_3234.utt,3/sw3234,3234,12,b,B,8,1,"{F Oh, } /","Oh/UH ,/,",,,38.24,38.54
sw07utt/sw_0794_3234.utt,3/sw3234,3234,13,sd,A,9,1,-- {C and } she's just turned out to be a jewel.  /,--/: and/CC she/PRP 's/HVS just/RB turned/VBN out/RP to/TO be/VB a/DT jewel/NN ./.,,,38.86,40.98
sw07utt/sw_0794_3234.utt,3/sw3234,3234,14,sd,A,9,2,"[  My, + my ] little <child_yelling> Schnauzer [ is, + is ] my friend.  /","My/PRP$ ,/, my/PRP$ little/JJ Schnauzer/NNP is/VBZ ,/, is/VBZ my/PRP$ friend/NN ./.",,,42.12,45.72
sw07utt/sw_0794_3234.utt,3/sw3234,3234,15,sd,A,9,3,She is so spoiled.  /,She/PRP is/VBZ so/RB spoiled/JJ ./.,,,46.74,47.940000000000005
sw07utt/sw_0794_3234.utt,3/sw3234,3234,16,sd,A,9,4,"She's a year and a half old now,  /","She/PRP 's/BES a/DT year/NN and/CC a/DT half/NN old/JJ now/RB ,/,",,,47.94,49.739999999999995
sw07utt/sw_0794_3234.utt,3/sw3234,3234,17,sd,A,9,5,"{C and } being single,  she's become very important in my life -- /","and/CC being/VBG single/JJ ,/, she/PRP 's/HVS become/VBN very/RB important/JJ in/IN my/PRP$ life/NN --/:",,,51.54,56.94
sw07utt/sw_0794_3234.utt,3/sw3234,3234,18,b,B,10,1,Uh-huh. /,Uh-huh/UH ./.,,,57.02,57.42
sw07utt/sw_0794_3234.utt,3/sw3234,3234,19,sd,A,11,1,"-- it's so nice to [ have, + ] come home and  find something, or someone who's really so happy to see you. /","--/: it/PRP 's/BES so/RB nice/JJ to/TO have/VB ,/, come/VB home/NN and/CC find/VB something/NN ,/, or/CC someone/NN who/WP 's/BES really/RB so/RB happy/JJ to/TO see/VB you/PRP ./.",,,57.76,63.54
sw07utt/sw_0794_3234.utt,3/sw3234,3234,20,sd,B,12,1,"{D Well, } my children are the ones that wanted  our pet,  /","Well/UH ,/, my/PRP$ children/NNS are/VBP the/DT ones/NNS that/WDT wanted/VBD our/PRP$ pet/NN ,/,",,,66.38,69.08
sw07utt/sw_0794_3234.utt,3/sw3234,3234,21,sd,B,12,2,{C and } this one is probably the best one that we have had.  /,and/CC this/DT one/NN is/VBZ probably/RB the/DT best/JJS one/NN that/WDT we/PRP have/VBP had/VBN ./.,,,69.34,73.33999999999999
sw07utt/sw_0794_3234.utt,3/sw3234,3234,22,sd,B,12,3,"{F Um, }  as I say, we got it from the Humane Society,  /","Um/UH ,/, as/IN I/PRP say/VBP ,/, we/PRP got/VBD it/PRP from/IN the/DT Humane/NNP Society/NNP ,/,",,,74.46,77.38000000000001
sw07utt/sw_0794_3234.utt,3/sw3234,3234,23,sd,B,12,4,"{C and, } {F uh, } we had lost a pet,  /","and/CC ,/, uh/UH ,/, we/PRP had/VBD lost/VBN a/DT pet/NN ,/,",,,78.04,80.02
sw07utt/sw_0794_3234.utt,3/sw3234,3234,24,sd,B,12,5,{C and } we really went there looking for the one that we had lost.  /,and/CC we/PRP really/RB went/VBD there/RB looking/VBG for/IN the/DT one/NN that/WDT we/PRP had/VBD lost/VBN ./.,,,80.02,82.96
sw07utt/sw_0794_3234.utt,3/sw3234,3234,25,sd,B,12,6,"It got out under the  fence while we were on vacation,  /","It/PRP got/VBD out/RB under/IN the/DT fence/NN while/IN we/PRP were/VBD on/IN vacation/NN ,/,",,,82.98,85.54
sw07utt/sw_0794_3234.utt,3/sw3234,3234,26,sd,B,12,7,"{C and } we just looked all over for it and  couldn't find it,  /","and/CC we/PRP just/RB looked/VBD all/RB over/RB for/IN it/PRP and/CC could/MD n't/RB find/VB it/PRP ,/,",,,85.54,88.6
sw07utt/sw_0794_3234.utt,3/sw3234,3234,27,sd,B,12,8,"{C but, } {F uh, } when we walked in [ to the, + to the ]  Humane Society, this little dog was, {F uh, } in the office and would sit up and beg,  /","but/CC ,/, uh/UH ,/, when/WRB we/PRP walked/VBD in/IN to/IN the/DT ,/, to/IN the/DT Humane/NNP Society/NNP ,/, this/DT little/JJ dog/NN was/VBD ,/, uh/UH ,/, in/IN the/DT office/NN and/CC would/MD sit/VB up/RB and/CC beg/VB ,/,",,,88.6,97.77999999999999
sw07utt/sw_0794_3234.utt,3/sw3234,3234,28,sd,B,12,9,"{C and } just, {F oh, }  he was so cute,  /","and/CC just/RB ,/, oh/UH ,/, he/PRP was/VBD so/RB cute/JJ ,/,",,,97.78,100.16
sw07utt/sw_0794_3234.utt,3/sw3234,3234,29,sd,B,12,10,{C and } the kids just fell in love with it.  /,and/CC the/DT kids/NNS just/RB fell/VBD in/IN love/NN with/IN it/PRP ./.,,,101.04,102.47999999999999
sw07utt/sw_0794_3234.utt,3/sw3234,3234,30,sd,B,12,11,We just couldn't leave without it.  /,We/PRP just/RB could/MD n't/RB leave/VB without/IN it/PRP ./.,,,102.5,103.88
sw07utt/sw_0794_3234.utt,3/sw3234,3234,31,sd,B,12,12,"{C But, } [ it's, + {F um, } whoever had it ]  before must have trained it real well, because [ it's just, + {D you know, } it's, ] {F uh, } a good house dog.  /","But/CC ,/, it/PRP 's/BES ,/, um/UH ,/, whoever/WP had/VBD it/PRP before/RB must/MD have/VB trained/VBN it/PRP real/RB well/RB ,/, because/IN it/PRP 's/BES just/RB ,/, you/PRP know/VBP ,/, it/PRP 's/BES ,/, uh/UH ,/, a/DT good/JJ house/NN dog/NN ./.",,,105.12,113.16
sw07utt/sw_0794_3234.utt,3/sw3234,3234,32,sd,B,12,13,I've never had one that I could keep in the house before and tolerate it <laughter>. /,I/PRP 've/VBP never/RB had/VBN one/CD that/WDT I/PRP could/MD keep/VB in/IN the/DT house/NN before/RB and/CC tolerate/VB it/PRP ./.,,,114.08,117.34
sw07utt/sw_0794_3234.utt,3/sw3234,3234,33,sd,A,13,1,"Sometimes I wish I had not gotten this one,  it's a puppy, because I work  /","Sometimes/RB I/PRP wish/VBP I/PRP had/VBD not/RB gotten/VBN this/DT one/CD ,/, it/PRP 's/BES a/DT puppy/NN ,/, because/IN I/PRP work/VBP",,,118.34,123.69999999999999
sw07utt/sw_0794_3234.utt,3/sw3234,3234,34,sd,A,13,2,{C and } I'm not home -- /,and/CC I/PRP 'm/VBP not/RB home/NN --/:,,,123.7,124.82000000000001
sw07utt/sw_0794_3234.utt,3/sw3234,3234,35,b,B,14,1,Uh-huh. /,Uh-huh/UH ./.,,,125.08,125.42
sw07utt/sw_0794_3234.utt,3/sw3234,3234,36,sd,A,15,1,"-- {C and } unfortunately she's not as well   trained [ as, + as ] I would like her to be -- /","--/: and/CC unfortunately/RB she/PRP 's/BES not/RB as/IN well/RB trained/JJ as/RB ,/, as/IN I/PRP would/MD like/VB her/PRP to/TO be/VB --/:",,,126.04,131.86
sw07utt/sw_0794_3234.utt,3/sw3234,3234,37,b,B,16,1,Uh-huh. /,Uh-huh/UH ./.,,,131.94,132.2
sw07utt/sw_0794_3234.utt,3/sw3234,3234,38,sd,A,17,1,"-- {C and } I realize it's my fault,  /","--/: and/CC I/PRP realize/VBP it/PRP 's/BES my/PRP$ fault/NN ,/,",,,132.7,134.64
sw07utt/sw_0794_3234.utt,3/sw3234,3234,39,sd,A,17,2,"I'm not doing a really great job as a disciplinarian,  /","I/PRP 'm/VBP not/RB doing/VBG a/DT really/RB great/JJ job/NN as/IN a/DT disciplinarian/NN ,/,",,,134.72,139.57999999999998
sw07utt/sw_0794_3234.utt,3/sw3234,3234,40,%,A,17,3,"{C but, } {F uh, } -/","but/CC ,/, uh/UH ,/,",,,140.58,141.38
sw07utt/sw_0794_3234.utt,3/sw3234,3234,41,sv,B,18,1,"It's hard to do that when you're not there constantly, /","It/PRP 's/BES hard/JJ to/TO do/VB that/DT when/WRB you/PRP 're/VBP not/RB there/RB constantly/RB ,/,",,,142.36,144.66
sw07utt/sw_0794_3234.utt,3/sw3234,3234,42,aa,A,19,1,"It is,  /","It/PRP is/VBZ ,/,",,,144.9,145.23999999999998
sw07utt/sw_0794_3234.utt,3/sw3234,3234,43,aa^r,A,19,2,it is.  /,it/PRP is/VBZ ./.,,,145.24,146.54
sw07utt/sw_0794_3234.utt,3/sw3234,3234,44,sd,A,19,3,"[ She's, + {D you know, } she's ]  real good,  /","She/PRP 's/BES ,/, you/PRP know/VBP ,/, she/PRP 's/BES real/RB good/JJ ,/,",,,146.88,149.79999999999998
sw07utt/sw_0794_3234.utt,3/sw3234,3234,45,sd,A,19,4,I can leave her all day in the bathroom --,I/PRP can/MD leave/VB her/PRP$ all/DT day/NN in/IN the/DT bathroom/NN --/:,,,149.8,152.85999999999999
sw07utt/sw_0794_3234.utt,3/sw3234,3234,46,%,B,20,1,{F Um. } /,Um/UH ./.,,,153.82,153.98
sw07utt/sw_0794_3234.utt,3/sw3234,3234,47,+,A,21,1,"-- with her toys and her food and everything,  /","--/: with/IN her/PRP$ toys/NNS and/CC her/PRP$ food/NN and/CC everything/NN ,/,",,,154.14,156.1
sw07utt/sw_0794_3234.utt,3/sw3234,3234,48,sd,A,21,2,"[ {C and, } + {C and, } ] not one mess does she make -- /","and/CC ,/, and/CC ,/, not/RB one/CD mess/NN does/VBZ she/PRP make/VB --/:",,,156.54,158.95999999999998
sw07utt/sw_0794_3234.utt,3/sw3234,3234,49,b,B,22,1,Oh. /,Oh/UH ./.,,,159.52,159.62
sw07utt/sw_0794_3234.utt,3/sw3234,3234,50,sd,A,23,1,"-- {C and then } we go outside,  /","--/: and/CC then/RB we/PRP go/VBP outside/RB ,/,",,,159.62,161.08
sw07utt/sw_0794_3234.utt,3/sw3234,3234,51,sd,A,23,2,"{C and } she'll stay  outside for, {F oh, } thirty minutes to an hour, come inside and use the restroom. /","and/CC she/PRP 'll/MD stay/VB outside/RB for/IN ,/, oh/UH ,/, thirty/CD minutes/NNS to/IN an/DT hour/NN ,/, come/VB inside/RB and/CC use/VB the/DT restroom/NN ./.",,,161.96,168.68
sw07utt/sw_0794_3234.utt,3/sw3234,3234,52,%,B,24,1,{F Um. } /,Um/UH ./.,,,170.28,170.56
sw07utt/sw_0794_3234.utt,3/sw3234,3234,53,sd,A,25,1,I just want to kill her <laughter> at --,I/PRP just/RB want/VBP to/TO kill/VB her/PRP at/IN --/:,,,171.12,172.57999999999998
sw07utt/sw_0794_3234.utt,3/sw3234,3234,54,b,B,26,1,Oh. /,Oh/UH ./.,,,172.58,172.72
sw07utt/sw_0794_3234.utt,3/sw3234,3234,55,+,A,27,1,-- those times.  /,--/: those/DT times/NNS ./.,,,172.98,173.6
sw07utt/sw_0794_3234.utt,3/sw3234,3234,56,sd,A,27,2,"{C But } she's a doll,  /","But/CC she/PRP 's/BES a/DT doll/NN ,/,",,,174.56,175.64000000000001
sw07utt/sw_0794_3234.utt,3/sw3234,3234,57,sd,A,27,3,"she's a love,  /","she/PRP 's/BES a/DT love/NN ,/,",,,175.64,176.36
sw07utt/sw_0794_3234.utt,3/sw3234,3234,58,sd,A,27,4,she really is. /,she/PRP really/RB is/VBZ ./.,,,176.46,177.51999999999998
sw07utt/sw_0794_3234.utt,3/sw3234,3234,59,sd,B,28,1,"About the only time we have, - /","About/RB the/DT only/JJ time/NN we/PRP have/VBP ,/,",,,178.26,179.42
sw07utt/sw_0794_3234.utt,3/sw3234,3234,60,h,B,28,2,"{D well, } I shouldn't say the only time,  /","well/UH ,/, I/PRP should/MD n't/RB say/VB the/DT only/JJ time/NN ,/,",,,179.8,181.35999999999999
sw07utt/sw_0794_3234.utt,3/sw3234,3234,61,sd,B,28,3,"{C but } most of the time when we have problems with restroom is in  the night,  /","but/CC most/JJS of/IN the/DT time/NN when/WRB we/PRP have/VBP problems/NNS with/IN restroom/NN is/VBZ in/IN the/DT night/NN ,/,",,,181.36,184.66
sw07utt/sw_0794_3234.utt,3/sw3234,3234,62,sd,B,28,4,"{C and, } {F uh, } she usually stays inside at night.  /","and/CC ,/, uh/UH ,/, she/PRP usually/RB stays/VBZ inside/RB at/IN night/NN ./.",,,186.3,188.84
sw07utt/sw_0794_3234.utt,3/sw3234,3234,63,sd,B,28,5,"We try to take her out right before we go to sleep,  /","We/PRP try/VBP to/TO take/VB her/PRP out/RB right/RB before/IN we/PRP go/VBP to/TO sleep/VB ,/,",,,188.86,191.84
sw07utt/sw_0794_3234.utt,3/sw3234,3234,64,sd,B,28,6,"{C but, } {F uh, } sometimes it doesn't work <laughter>. /","but/CC ,/, uh/UH ,/, sometimes/RB it/PRP does/VBZ n't/RB work/VB ./.",,,192.74,194.98000000000002
sw07utt/sw_0794_3234.utt,3/sw3234,3234,65,sd,A,29,1,"{D You know, } [ [ I, + I, ] + we ]  always had a pet when I was growing up, {F oh } always had a dog.  /","You/PRP know/VBP ,/, I/PRP ,/, I/PRP ,/, we/PRP always/RB had/VBD a/DT pet/NN when/WRB I/PRP was/VBD growing/VBG up/RP ,/, oh/UH always/RB had/VBD a/DT dog/NN ./.",,,195.98,202.56
sw07utt/sw_0794_3234.utt,3/sw3234,3234,66,sd,A,29,2,My mother did not like cats.  /,My/PRP$ mother/NN did/VBD not/RB like/VB cats/NNS ./.,,,202.56,204.76
sw07utt/sw_0794_3234.utt,3/sw3234,3234,67,sd,A,29,3,"{C So } we always  had a dog,  /","So/RB we/PRP always/RB had/VBD a/DT dog/NN ,/,",,,205.7,207.24
sw07utt/sw_0794_3234.utt,3/sw3234,3234,68,sd,A,29,4,"[ {C and, } + {C and then, } ] course, when my children were growing up,  we always had a dog, and always said it was because the children wanted the pet -- /","and/CC ,/, and/CC then/RB ,/, course/IN ,/, when/WRB my/PRP$ children/NNS were/VBD growing/VBG up/RP ,/, we/PRP always/RB had/VBD a/DT dog/NN ,/, and/CC always/RB said/VBD it/PRP was/VBD because/IN the/DT children/NNS wanted/VBD the/DT pet/NN --/:",,,207.26,215.64000000000001
sw07utt/sw_0794_3234.utt,3/sw3234,3234,69,b,B,30,1,Uh-huh. /,Uh-huh/UH ./.,,,215.88,216.24
sw07utt/sw_0794_3234.utt,3/sw3234,3234,70,sd,A,31,1,"-- {C and } I find that I'm enjoying this one  far more than I ever did when it was the children's dog, /","--/: and/CC I/PRP find/VBP that/IN I/PRP 'm/VBP enjoying/VBG this/DT one/CD far/RB more/JJR than/IN I/PRP ever/RB did/VBD when/WRB it/PRP was/VBD the/DT children/NNS 's/POS dog/NN ,/,",,,216.72,221.84
sw07utt/sw_0794_3234.utt,3/sw3234,3234,71,b,B,32,1,Oh. /,Oh/UH ./.,,,222.14,222.48
sw07utt/sw_0794_3234.utt,3/sw3234,3234,72,sd,A,33,1,"[ I, + ]  {F uh, } in fact my children gave me [ this, + this ]  little puppy for Christmas. /","I/PRP ,/, uh/UH ,/, in/IN fact/NN my/PRP$ children/NNS gave/VBD me/PRP this/DT ,/, this/DT little/JJ puppy/NN for/IN Christmas/NNP ./.",,,223.28,227.92
sw07utt/sw_0794_3234.utt,3/sw3234,3234,73,ba,B,34,1,What a cute idea. /,What/WP a/DT cute/JJ idea/NN ./.,,,228.62,229.64000000000001
sw07utt/sw_0794_3234.utt,3/sw3234,3234,74,aa,A,35,1,"Yeah,  /","Yeah/UH ,/,",,,232.22,232.46
sw07utt/sw_0794_3234.utt,3/sw3234,3234,75,sd,A,35,2,I think so <laughter>. /,I/PRP think/VBP so/RB ./.,,,232.46,233.44000000000003
sw07utt/sw_0794_3234.utt,3/sw3234,3234,76,sd,B,36,1,"{D Well, } we got one one year for Christmas,  /","Well/UH ,/, we/PRP got/VBD one/NN one/CD year/NN for/IN Christmas/NNP ,/,",,,234.78,236.6
sw07utt/sw_0794_3234.utt,3/sw3234,3234,77,sd,B,36,2,"{C and, } {F uh, } I had a baby the next day -- /","and/CC ,/, uh/UH ,/, I/PRP had/VBD a/DT baby/NN the/DT next/JJ day/NN --/:",,,236.66,239.5
sw07utt/sw_0794_3234.utt,3/sw3234,3234,78,ba,A,37,1,"{F Oh, } my goodness. /","Oh/UH ,/, my/PRP$ goodness/NN ./.",,,239.96,240.94
sw07utt/sw_0794_3234.utt,3/sw3234,3234,79,sd,B,38,1,"-- {C and, } {F uh, } {C so } --","--/: and/CC ,/, uh/UH ,/, so/RB --/:",,,240.94,243.1
sw07utt/sw_0794_3234.utt,3/sw3234,3234,80,bf,A,39,1,"Two babies,  /","Two/CD babies/NNS ,/,",,,243.14,244.60000000000002
sw07utt/sw_0794_3234.utt,3/sw3234,3234,81,b,A,39,2,huh. /,huh/UH ./.,,,244.62,244.76
sw07utt/sw_0794_3234.utt,3/sw3234,3234,82,+,B,40,1,-- that one wasn't really well trained <laughter>. /,--/: that/DT one/CD was/VBD n't/RB really/RB well/RB trained/JJ ./.,,,244.84,246.42000000000002
sw07utt/sw_0794_3234.utt,3/sw3234,3234,83,b,A,41,1,Oh. /,Oh/UH ./.,,,247.22,247.42
sw07utt/sw_0794_3234.utt,3/sw3234,3234,84,sd,B,42,1,"{F Oh, } I just didn't have time to take care  of baby and train puppy at the same time,  /","Oh/UH ,/, I/PRP just/RB did/VBD n't/RB have/VB time/NN to/TO take/VB care/NN of/IN baby/NN and/CC train/VB puppy/NN at/IN the/DT same/JJ time/NN ,/,",,,247.42,252.72
sw07utt/sw_0794_3234.utt,3/sw3234,3234,85,%,B,42,2,"{C so, } -/","so/RB ,/,",,,252.72,253.04
sw07utt/sw_0794_3234.utt,3/sw3234,3234,86,sv,A,43,1,"[ That, + that ] is really probably bad timing. /","That/DT ,/, that/DT is/VBZ really/RB probably/RB bad/JJ timing/NN ./.",,,254.18,260.41999999999996
sw07utt/sw_0794_3234.utt,3/sw3234,3234,87,aa,B,44,1,"Yeah,  /","Yeah/UH ,/,",,,260.46,260.85999999999996
sw07utt/sw_0794_3234.utt,3/sw3234,3234,88,%,B,44,2,"I thin-, - /","I/PRP thin/VBP ,/,",,,0.0,0.0
sw07utt/sw_0794_3234.utt,3/sw3234,3234,89,sd,B,44,3,"it was,  /","it/PRP was/VBD ,/,",,,261.18,262.02
sw07utt/sw_0794_3234.utt,3/sw3234,3234,90,sd,B,44,4,it really was.  /,it/PRP really/RB was/VBD ./.,,,262.02,262.79999999999995
sw07utt/sw_0794_3234.utt,3/sw3234,3234,91,sd,B,44,5,"The older kids had wanted one, though,  /","The/DT older/JJR kids/NNS had/VBD wanted/VBN one/CD ,/, though/RB ,/,",,,263.34,264.84
sw07utt/sw_0794_3234.utt,3/sw3234,3234,92,sd,B,44,6,"{C and, } {D you know, } we thought, {D well }  that would be a fun time for them to [ have it, + {D you know, } get it ] at Christmas time.  /","and/CC ,/, you/PRP know/VBP ,/, we/PRP thought/VBD ,/, well/UH that/DT would/MD be/VB a/DT fun/JJ time/NN for/IN them/PRP to/TO have/VB it/PRP ,/, you/PRP know/VBP ,/, get/VB it/PRP at/IN Christmas/NNP time/NN ./.",,,264.84,269.38
sw07utt/sw_0794_3234.utt,3/sw3234,3234,93,sd,B,44,7,"It was a little Spitz, wi-, a little white --","It/PRP was/VBD a/DT little/JJ Spitz/NNP ,/, wi-/IN ,/, a/DT little/JJ white/NN --/:",,,269.38,271.44
sw07utt/sw_0794_3234.utt,3/sw3234,3234,94,ba,A,45,1,"{F Oh, } yes, /","Oh/UH ,/, yes/UH ,/,",,,271.74,272.04
sw07utt/sw_0794_3234.utt,3/sw3234,3234,95,+,B,46,1,"-- fluffy and, {D you know, } looked like it came right  from the north pole, - /","--/: fluffy/JJ and/CC ,/, you/PRP know/VBP ,/, looked/VBD like/IN it/PRP came/VBD right/RB from/IN the/DT north/JJ pole/NN ,/,",,,272.58,275.38
sw07utt/sw_0794_3234.utt,3/sw3234,3234,96,sd,B,46,2,"{C and } that was fun,  /","and/CC that/DT was/VBD fun/JJ ,/,",,,276.52,277.54
sw07utt/sw_0794_3234.utt,3/sw3234,3234,97,sd,B,46,3,"{C but, } {F um, } [ I, + I ]  sure wasn't good at training it -- /","but/CC ,/, um/UH ,/, I/PRP ,/, I/PRP sure/RB was/VBD n't/RB good/JJ at/IN training/VBG it/PRP --/:",,,277.54,280.24
sw07utt/sw_0794_3234.utt,3/sw3234,3234,98,%,A,47,1,Do you -- -/,Do/VBP you/PRP --/:,,,280.24,281.2
sw07utt/sw_0794_3234.utt,3/sw3234,3234,99,sv,B,48,1,"-- I think you have to have time, {D you know } --","--/: I/PRP think/VBP you/PRP have/VBP to/TO have/VB time/NN ,/, you/PRP know/VBP --/:",,,281.2,283.14000000000004
sw07utt/sw_0794_3234.utt,3/sw3234,3234,100,^2,A,49,1,-- and patience -- /,--/: and/CC patience/NN --/:,,,283.56,284.7
sw07utt/sw_0794_3234.utt,3/sw3234,3234,101,+,B,50,1,-- to do those things. /,--/: to/TO do/VB those/DT things/NNS ./.,,,284.7,285.58
sw07utt/sw_0794_3234.utt,3/sw3234,3234,102,sv,A,51,1,"-- {C and } [ you have to, + you really have to ]  be, just like your children,  /","--/: and/CC you/PRP have/VBP to/TO ,/, you/PRP really/RB have/VBP to/TO be/VB ,/, just/RB like/IN your/PRP$ children/NNS ,/,",,,285.58,290.68
sw07utt/sw_0794_3234.utt,3/sw3234,3234,103,sv,A,51,2,"when you set a rule you have to stand by it, and be consistent -- /","when/WRB you/PRP set/VBP a/DT rule/NN you/PRP have/VBP to/TO stand/VB by/IN it/PRP ,/, and/CC be/VB consistent/JJ --/:",,,291.3,297.12
sw07utt/sw_0794_3234.utt,3/sw3234,3234,104,aa,B,52,1,That's right. /,That/DT 's/BES right/JJ ./.,,,297.84,298.62
sw07utt/sw_0794_3234.utt,3/sw3234,3234,105,%,A,53,1,-- {C and } ... -/,--/: and/CC .../:,,,298.66,299.04
