swda_filename,ptb_basename,conversation_no,transcript_index,act_tag,caller,utterance_index,subutterance_index,text,pos,trees,ptb_treenumbers,start_ts,end_ts
sw04utt/sw_0489_3238.utt,3/sw3238,3238,0,fp,A,1,1,Hello /,Hello/UH,(INTJ (UH Hello) (-DFL- E_S)),1.0,0.62,0.98
sw04utt/sw_0489_3238.utt,3/sw3238,3238,1,fp^m,B,2,1,Hello /,Hello/UH,(INTJ (UH Hello) (-DFL- E_S)),1.0,1.26,1.6400000000000001
sw04utt/sw_0489_3238.utt,3/sw3238,3238,2,fp,A,3,1,Hi. /,[ Hi/UH ] ./.,(INTJ (UH Hi) (. .) (-DFL- E_S)),5.0,1.98,2.34
sw04utt/sw_0489_3238.utt,3/sw3238,3238,3,fp^m,B,4,1,Hi. /,[ Hi/UH ] ./.,(INTJ (UH Hi) (. .) (-DFL- E_S)),5.0,2.8,3.04
sw04utt/sw_0489_3238.utt,3/sw3238,3238,4,fp,A,5,1,<Inhaling>  My name's Gail.  /,[ My/PRP$ name/NN 's/BES Gail/NNP ] ./.,(S (NP-SBJ (PRP$ My) (NN name)) (VP (BES 's) (NP-PRD (NNP Gail))) (. .) (-DFL- E_S)),9.0,3.82,4.42
sw04utt/sw_0489_3238.utt,3/sw3238,3238,5,fp,A,5,2,I'm calling from Texas. /,[ I/PRP ] 'm/VBP calling/VBG from/IN  [ Texas/NNP ] ./.,(S (NP-SBJ (PRP I)) (VP (VBP 'm) (VP (VBG calling) (PP (IN from) (NP (NNP Texas))))) (. .) (-DFL- E_S)),10.0,4.42,5.8
sw04utt/sw_0489_3238.utt,3/sw3238,3238,6,fp,B,6,1,I'm Sandy.  /,[ I/PRP ] 'm/VBP Sandy/NNP ./.,(S (NP-SBJ (PRP I)) (VP (VBP 'm) (NP-PRD (NNP Sandy))) (. .) (-DFL- E_S)),12.0,6.2,6.74
sw04utt/sw_0489_3238.utt,3/sw3238,3238,7,fp,B,6,2,"I'm in Texas, too. /","[ I/PRP ] 'm/VBP in/IN  [ Texas/NNP ] ,/, too/RB ./.","(S (NP-SBJ (PRP I)) (VP (VBP 'm) (PP-PRD-LOC (IN in) (NP (NNP Texas))) (, ,) (ADVP (RB too))) (. .) (-DFL- E_S))",13.0,6.74,7.66
sw04utt/sw_0489_3238.utt,3/sw3238,3238,8,ba,A,7,1,"{F Oh, } what a deal. /","Oh/UH ,/,  [ what/WP ] [ a/DT deal/NN ] ./.","(FRAG (INTJ (UH Oh)) (, ,) (WHNP (WP what) (DT a) (NN deal)) (. .) (-DFL- E_S))",15.0,7.84,9.18
sw04utt/sw_0489_3238.utt,3/sw3238.pos,3238,9,x,B,8,1,<Laughter>.,./.,,,0.0,0.0
sw04utt/sw_0489_3238.utt,3/sw3238,3238,10,sd,A,9,1,Took long enough to find you. /,Took/VBD long/RB enough/RB to/TO find/VB  [ you/PRP ] ./.,(S (NP-SBJ (NP (-NONE- *)) (S (-NONE- *EXP*-1))) (VP (VBD Took) (ADVP (RB long) (RB enough)) (S-1 (NP-SBJ (-NONE- *)) (VP (TO to) (VP (VB find) (NP (PRP you)))))) (. .) (-DFL- E_S)),18.0,10.04,11.08
sw04utt/sw_0489_3238.utt,3/sw3238,3238,11,bh,B,10,1,"{F Oh, } really? /","Oh/UH ,/, really/UH ?/.","(INTJ (INTJ (UH Oh)) (, ,) (INTJ (UH really)) (. ?) (-DFL- E_S))",20.0,11.62,12.16
sw04utt/sw_0489_3238.utt,3/sw3238,3238,12,ny,A,11,1,"Yeah,  /","Yeah/UH ,/,","(INTJ (UH Yeah) (, ,) (-DFL- E_S))",22.0,12.52,12.86
sw04utt/sw_0489_3238.utt,3/sw3238,3238,13,sv^e,A,11,2,"seems like they take forever any more,  /","seems/VBZ like/IN  [ they/PRP ] take/VBP forever/RB  [ any/DT more/RBR ] ,/,","(S (NP-SBJ (-NONE- *)) (VP (VBZ seems) (SBAR (IN like) (S (NP-SBJ (PRP they)) (VP (VBP take) (ADVP-TMP (RB forever)) (ADVP-TMP (DT any) (RBR more)))))) (, ,) (-DFL- E_S))",23.0,12.96,14.42
sw04utt/sw_0489_3238.utt,3/sw3238,3238,14,qy^t,A,11,3,"[ {C but, } + {F um, } {D so } ] did you hear what the topic was -- /","but/CC ,/, um/UH ,/, so/UH did/VBD  [ you/PRP ] hear/VB  [ what/WP ] [ the/DT topic/NN ] was/VBD --/:","(SQ (EDITED (RM (-DFL- \[)) (CC but) (, ,) (IP (-DFL- \+))) (INTJ (UH um)) (, ,) (INTJ (UH so)) (RS (-DFL- \])) (VBD did) (NP-SBJ (PRP you)) (VP (VB hear) (SBAR-NOM (WHNP-1 (WP what)) (S (NP-SBJ (DT the) (NN topic)) (VP (VBD was) (NP-PRD (-NONE- *T*-1)))))) (-DFL- E_S))",24.0,14.42,17.46
sw04utt/sw_0489_3238.utt,3/sw3238,3238,15,ny,B,12,1,Yes. /,Yes/UH ./.,(INTJ (UH Yes) (. .) (-DFL- E_S)),26.0,17.7,17.98
sw04utt/sw_0489_3238.utt,3/sw3238,3238,16,qy^t,A,13,1,"-- did she tell you,  /","--/: did/VBD  [ she/PRP ] tell/VB  [ you/PRP ] ,/,","(SQ (VBD did) (NP-SBJ (PRP she)) (VP (VB tell) (NP (PRP you))) (, ,) (-DFL- E_S))",28.0,17.98,18.56
sw04utt/sw_0489_3238.utt,3/sw3238,3238,17,%,A,13,2,okay. /,okay/UH ./.,(INTJ (UH okay) (. .) (-DFL- E_S)),29.0,18.66,18.8
sw04utt/sw_0489_3238.utt,3/sw3238,3238,18,ny,B,14,1,Yeah. /,Yeah/UH ./.,(INTJ (UH Yeah) (. .) (-DFL- E_S)),31.0,18.92,19.16
sw04utt/sw_0489_3238.utt,3/sw3238,3238,19,ba,A,15,1,"Great,  /","[ Great/UH ] ,/,","(INTJ (UH Great) (, ,) (-DFL- E_S))",33.0,19.54,19.82
sw04utt/sw_0489_3238.utt,3/sw3238,3238,20,qy^d^t,A,15,2,"{D well, } if you're ready, then, {F uh, } I'll just go ahead and start. /","well/UH ,/, if/IN  [ you/PRP ] 're/VBP ready/JJ ,/, then/RB ,/,  [ uh/UH ] ,/,  [ I/PRP ] 'll/MD just/RB go/VB ahead/RB and/CC start/VB ./.","(S (INTJ (UH well)) (, ,) (SBAR-ADV (IN if) (S (NP-SBJ (PRP you)) (VP (VBP 're) (ADJP-PRD (JJ ready))))) (, ,) (ADVP (RB then)) (, ,) (INTJ (UH uh)) (, ,) (NP-SBJ (PRP I)) (VP (MD 'll) (ADVP (RB just)) (VP (VP (VB go) (ADVP (RB ahead))) (CC and) (VP (VB start)))) (. .) (-DFL- E_S))",34.0,19.82,22.5
sw04utt/sw_0489_3238.utt,3/sw3238,3238,21,na,B,16,1,"Okay, /","Okay/UH ,/,","(INTJ (UH Okay) (, ,) (-DFL- E_S))",36.0,22.76,23.060000000000002
sw04utt/sw_0489_3238.utt,3/sw3238,3238,22,bk^m,A,17,1,"Okay,  /","[ Okay/UH ] ,/,","(INTJ (UH Okay) (, ,) (-DFL- E_S))",36.0,23.36,23.5
sw04utt/sw_0489_3238.utt,3/sw3238,3238,23,ad,A,17,2,hold on <beep>.  /,hold/VB on/RP ./.,(S-IMP (NP-SBJ (-NONE- *)) (VP (VB hold) (PRT (RP on))) (. .) (-DFL- E_S)),39.0,23.5,23.740000000000002
sw04utt/sw_0489_3238.utt,3/sw3238,3238,24,%,A,17,3,"Okay,  /","[ Okay/UH ] ,/,","(INTJ (UH Okay) (, ,) (-DFL- E_S))",36.0,26.1,26.360000000000003
sw04utt/sw_0489_3238.utt,3/sw3238,3238,25,sd^t,A,17,4,{D well } I guess we're supposed to talk about the changing roles of women. /,well/UH  [ I/PRP ] guess/VBP  [ we/PRP ] 're/VBP supposed/VBN to/TO talk/VB about/IN  [ the/DT changing/VBG roles/NNS ] of/IN  [ women/NNS ] ./.,(S (INTJ (UH well)) (NP-SBJ (PRP I)) (VP (VBP guess) (SBAR (-NONE- 0) (S (NP-SBJ-1 (PRP we)) (VP (VBP 're) (VP (VBN supposed) (S (NP-SBJ (-NONE- *-1)) (VP (TO to) (VP (VB talk) (PP (IN about) (NP (NP (DT the) (VBG changing) (NNS roles)) (PP (IN of) (NP (NNS women))))))))))))) (. .) (-DFL- E_S)),41.0,26.36,29.8
sw04utt/sw_0489_3238.utt,3/sw3238,3238,26,b,B,18,1,Yeah. /,Yeah/UH ./.,(INTJ (UH Yeah) (. .) (-DFL- E_S)),31.0,30.72,30.98
sw04utt/sw_0489_3238.utt,3/sw3238,3238,27,sv,A,19,1,"Seems like, {F um, } to me, everything is just changing so much that it's almost like, {F um, } you can't keep up with things any more,  /","[ Seems/VBZ ] like/IN ,/, um/UH ,/, to/IN  [ me/PRP ] ,/,  [ everything/NN ] is/VBZ just/RB changing/VBG so/RB much/RB that/IN  [ it/PRP ] 's/BES almost/RB like/IN ,/, um/UH ,/,  [ you/PRP ] ca/MD n't/RB keep/VB up/RP with/IN  [ things/NNS ] any/GW more/^RB ,/,","(S (NP-SBJ (-NONE- *)) (VP (VBZ Seems) (SBAR (IN like) (, ,) (INTJ (UH um)) (, ,) (S (PP (IN to) (NP (PRP me))) (, ,) (NP-SBJ (NN everything)) (VP (VBZ is) (ADVP (RB just)) (VP (VBG changing) (ADVP (RB so) (RB much)) (SBAR (IN that) (S (NP-SBJ (PRP it)) (VP (BES 's) (SBAR-PRD (ADVP (RB almost)) (IN like) (, ,) (INTJ (UH um)) (, ,) (S (NP-SBJ (PRP you)) (VP (MD ca) (RB n't) (VP (VB keep) (PRT (RP up)) (PP (IN with) (NP (NNS things))) (ADVP-TMP (GW any) (^RB more)))))))))))))) (, ,) (-DFL- E_S))",45.0,31.28,42.46
sw04utt/sw_0489_3238.utt,3/sw3238,3238,28,sv,A,19,2,"{C and } [ everything is, {F uh, } ther-, + ] everyone's striving so much to make it equal between men and women,  /","and/CC  [ everything/NN ] is/VBZ ,/,  [ uh/UH ] ,/,  [ ther-/XX ] ,/,  [ everyone/NN ] 's/BES striving/VBG so/RB much/RB to/TO make/VB  [ it/PRP ] equal/JJ between/IN  [ men/NNS ] and/CC  [ women/NNS ] ,/,","(S (CC and) (EDITED (RM (-DFL- \[)) (S (NP-SBJ (NN everything)) (VP-UNF (VBZ is) (, ,) (INTJ (UH uh)) (, ,) (X (XX ther-)))) (, ,) (IP (-DFL- \+)) (RS (-DFL- \]))) (NP-SBJ (NN everyone)) (VP (BES 's) (VP (VBG striving) (ADVP (RB so) (RB much)) (S-PRP (NP-SBJ (-NONE- *)) (VP (TO to) (VP (VB make) (S (NP-SBJ (PRP it)) (ADJP-PRD (JJ equal) (PP (IN between) (NP (NNS men) (CC and) (NNS women)))))))))) (, ,) (-DFL- E_S))",46.0,42.46,48.02
sw04utt/sw_0489_3238.utt,3/sw3238,3238,29,sd,A,19,3,"I personally, I'm a stay home mom,  /","[ I/PRP ] personally/RB ,/,  [ I/PRP ] 'm/VBP  [ a/DT stay/VB home/RB mom/NNP ] ,/,","(S (EDITED (NP-SBJ (PRP I))) (ADVP (RB personally)) (, ,) (NP-SBJ (PRP I)) (VP (VBP 'm) (NP-PRD (DT a) (ADJP (VB stay) (RB home)) (NNP mom))) (, ,) (-DFL- E_S))",47.0,48.1,50.480000000000004
sw04utt/sw_0489_3238.utt,3/sw3238,3238,30,sd,A,19,4,{C and } I like it the way it used to be. /,and/CC  [ I/PRP ] like/VBP  [ it/PRP ] [ the/DT way/NN ] [ it/PRP ] used/VBD to/TO be/VB ./.,(S (CC and) (NP-SBJ (PRP I)) (VP (VBP like) (NP (PRP it)) (NP-MNR (NP (DT the) (NN way)) (SBAR (WHADVP-2 (-NONE- 0)) (S (NP-SBJ-1 (PRP it)) (VP (VBD used) (S (NP-SBJ (-NONE- *-1)) (VP (TO to) (VP (VB be) (ADVP-MNR-PRD (-NONE- *T*-2)))))))))) (. .) (-DFL- E_S)),48.0,50.48,51.8
sw04utt/sw_0489_3238.utt,3/sw3238,3238,31,sd,B,20,1,So am I. /,So/RB  [ am/VBP ] [ I/PRP ] ./.,(SINV (ADVP-PRD-TPC-1 (RB So)) (VP (VBP am) (ADVP-PRD (-NONE- *T*-1))) (NP-SBJ (PRP I)) (. .) (-DFL- E_S)),50.0,52.04,52.58
sw04utt/sw_0489_3238.utt,3/sw3238,3238,32,b,A,21,1,"Are you, /","[ Are/VBP you/PRP ] ,/,","(SQ (VBP Are) (NP-SBJ (PRP you)) (NP-PRD (-NONE- *?*)) (, ,) (-DFL- E_S))",52.0,53.2,53.38
sw04utt/sw_0489_3238.utt,3/sw3238,3238,33,sv,B,22,1,"{D You know, } I think it's kind of coming back around to that, don't you,  /","[ You/PRP ] know/VBP ,/,  [ I/PRP ] think/VBP  [ it/PRP ] 's/BES  [ kind/RB ] of/RB coming/VBG back/RB around/IN to/IN  [ that/DT ] ,/, do/VBP n't/RB  [ you/PRP ] ,/,","(SQ (S (PRN (S (NP-SBJ (PRP You)) (VP (VBP know))) (, ,)) (NP-SBJ (PRP I)) (VP (VBP think) (SBAR (-NONE- 0) (S (NP-SBJ (PRP it)) (VP (BES 's) (ADVP (RB kind) (RB of)) (VP (VBG coming) (ADVP (RB back)) (PP (IN around) (PP (IN to) (NP (DT that)))))))))) (, ,) (SQ (VBP do) (RB n't) (NP-SBJ (PRP you))) (, ,) (-DFL- E_S))",54.0,53.38,56.36
sw04utt/sw_0489_3238.utt,3/sw3238,3238,34,sv,B,22,2,"{E I mean, } that there's a lot more people that stay home now than before,  /","[ I/PRP ] mean/VBP ,/, that/IN  [ there/EX ] 's/BES  [ a/DT lot/NN more/JJR people/NNS ] [ that/WDT ] stay/VBP  [ home/RB ] now/RB than/IN before/RB ,/,","(S (NP-SBJ (PRP I)) (VP (VBP mean) (, ,) (SBAR (IN that) (S (NP-SBJ (EX there)) (VP (BES 's) (NP-PRD (NP (ADVP (NP (DT a) (NN lot)) (JJR more)) (NNS people)) (PP (-NONE- *ICH*-2)) (SBAR (WHNP-1 (WDT that)) (S (NP-SBJ (-NONE- *T*-1)) (VP (VBP stay) (ADVP-LOC (RB home)) (ADVP-TMP (RB now)) (PP-2 (IN than) (ADVP-TMP (RB before))))))))))) (, ,) (-DFL- E_S))",55.0,56.36,59.18
sw04utt/sw_0489_3238.utt,3/sw3238,3238,35,sv,B,22,3,"{C but } I guess more than anything I think maybe people were just kind of wanting to have the choice of what they could do, {D you know } -- /","but/CC  [ I/PRP ] guess/VBP more/RBR than/IN  [ anything/NN ] [ I/PRP ] think/VBP maybe/RB  [ people/NNS ] were/VBD just/RB kind/RB of/RB wanting/VBG to/TO have/VB  [ the/DT choice/NN ] of/IN  [ what/WP ] [ they/PRP ] could/MD do/VB ,/,  [ you/PRP ] know/VBP --/:","(S (CC but) (NP-SBJ (PRP I)) (VP (VBP guess) (SBAR (-NONE- 0) (S (NP-ADV (NP (RBR more)) (PP (IN than) (NP (NN anything)))) (NP-SBJ (PRP I)) (VP (VBP think) (SBAR (-NONE- 0) (S (ADVP (RB maybe)) (NP-SBJ-1 (NNS people)) (VP (VBD were) (ADVP (RB just)) (ADVP (RB kind) (RB of)) (VP (VBG wanting) (S (NP-SBJ (-NONE- *-1)) (VP (TO to) (VP (VB have) (NP (NP (DT the) (NN choice)) (PP (IN of) (SBAR (WHNP-2 (WP what)) (S (NP-SBJ (PRP they)) (VP (MD could) (VP (VB do) (NP (-NONE- *T*-2)))))))))))))))))) (PRN (, ,) (S (NP-SBJ (PRP you)) (VP (VBP know))))) (-DFL- E_S))",56.0,59.18,66.52
sw04utt/sw_0489_3238.utt,3/sw3238,3238,36,b,A,23,1,Yeah. /,Yeah/UH ./.,(INTJ (UH Yeah) (. .) (-DFL- E_S)),31.0,66.52,66.82
sw04utt/sw_0489_3238.utt,3/sw3238,3238,37,h,B,24,1,"-- I don't know,  /","--/:  [ I/PRP ] do/VBP n't/RB know/VB ,/,","(S (NP-SBJ (PRP I)) (VP (VBP do) (RB n't) (VP (VB know))) (, ,) (-DFL- E_S))",60.0,67.78,68.16
sw04utt/sw_0489_3238.utt,3/sw3238,3238,38,sv,B,24,2,"{E I mean } I think sometimes some of [ the, + the ] women's lib though, is kind of like they wanted it all, {D you know, }  /","[ I/PRP ] mean/VBP  [ I/PRP ] think/VBP sometimes/RB  [ some/DT ] of/IN  [ the/DT ] ,/,  [ the/DT women/NNS 's/POS lib/NN ] though/IN ,/, is/VBZ  [ kind/RB ] of/RB like/IN  [ they/PRP ] wanted/VBD  [ it/PRP ] [ all/DT ] ,/,  [ you/PRP ] know/VBP ,/,","(S (PRN (S (NP-SBJ (PRP I)) (VP (VBP mean)))) (NP-SBJ (PRP I)) (VP (VBP think) (SBAR (-NONE- 0) (S (ADVP-TMP (RB sometimes)) (NP-SBJ (NP (DT some)) (PP (IN of) (EDITED (RM (-DFL- \[)) (NP-UNF (DT the)) (, ,) (IP (-DFL- \+))) (NP (DT the) (RS (-DFL- \])) (NP (NNS women) (POS 's)) (NN lib)))) (ADVP (IN though)) (, ,) (VP (VBZ is) (ADVP (RB kind) (RB of)) (SBAR-PRD (IN like) (S (NP-SBJ (PRP they)) (VP (VBD wanted) (NP (NP (PRP it)) (NP (DT all))))))))) (PRN (, ,) (S (NP-SBJ (PRP you)) (VP (VBP know))))) (, ,) (-DFL- E_S))",61.0,68.16,74.11999999999999
sw04utt/sw_0489_3238.utt,3/sw3238,3238,39,sv,B,24,3,{C and } you can't have everything -- /,and/CC  [ you/PRP ] ca/MD n't/RB have/VB  [ everything/NN ] --/:,(S (CC and) (NP-SBJ (PRP you)) (VP (MD ca) (RB n't) (VP (VB have) (NP (NN everything)))) (-DFL- E_S)),62.0,74.12,75.58000000000001
sw04utt/sw_0489_3238.utt,3/sw3238,3238,40,b,A,25,1,Uh-huh. /,[ Uh-huh/UH ] ./.,(INTJ (UH Uh-huh) (. .) (-DFL- E_S)),64.0,75.74,75.88
sw04utt/sw_0489_3238.utt,3/sw3238,3238,41,sv,B,26,1,"-- [ [ I don't, + I don't think that you can have, ] +  {E I mean, } there's no way I could have ] a career and then be the kind of mom that I want to be -- /","--/:  [ I/PRP ] do/VBP n't/RB ,/,  [ I/PRP ] do/VBP n't/RB think/VB that/IN  [ you/PRP ] can/MD have/VB ,/,  [ I/PRP ] mean/VBP ,/,  [ there/EX ] 's/BES  [ no/DT way/NN ] [ I/PRP ] could/MD have/VB  [ a/DT career/NN ] and/CC then/RB be/VB  [ the/DT kind/NN ] of/IN  [ mom/NN ] that/WDT  [ I/PRP ] want/VBP to/TO be/VB --/:","(S (EDITED (RM (-DFL- \[)) (S (EDITED (RM (-DFL- \[)) (S (NP-SBJ (PRP I)) (VP-UNF (VBP do) (RB n't))) (, ,) (IP (-DFL- \+))) (NP-SBJ (PRP I)) (VP (VBP do) (RB n't) (VP (VB think) (SBAR (IN that) (S (NP-SBJ (PRP you)) (VP (MD can) (VP-UNF (VB have)))))))) (, ,) (RS (-DFL- \])) (IP (-DFL- \+))) (PRN (S (NP-SBJ (PRP I)) (VP (VBP mean))) (, ,)) (NP-SBJ (EX there)) (VP (BES 's) (NP-PRD (NP (DT no) (NN way)) (SBAR (WHADVP-3 (-NONE- 0)) (S (NP-SBJ (PRP I)) (VP (MD could) (VP (VP (VB have) (RS (-DFL- \])) (NP (DT a) (NN career))) (CONJP (CC and) (RB then)) (VP (VB be) (NP-PRD (NP (DT the) (NN kind)) (PP (IN of) (NP (NN mom))) (SBAR (WHNP-1 (WDT that)) (S (NP-SBJ-2 (PRP I)) (VP (VBP want) (S (NP-SBJ (-NONE- *-2)) (VP (TO to) (VP (VB be) (NP-PRD (-NONE- *T*-1)))))))))) (ADVP-MNR (-NONE- *T*-3)))))))) (-DFL- E_S))",66.0,76.24,83.02000000000001
sw04utt/sw_0489_3238.utt,3/sw3238,3238,42,b,A,27,1,Yeah. /,Yeah/UH ./.,(INTJ (UH Yeah) (. .) (-DFL- E_S)),43.0,83.42,83.78
sw04utt/sw_0489_3238.utt,3/sw3238,3238,43,sv,B,28,1,-- {C and } to me that's more important. /,--/: and/CC to/IN  [ me/PRP ] [ that/DT ] 's/BES more/RBR important/JJ ./.,(S (CC and) (PP (IN to) (NP (PRP me))) (NP-SBJ (DT that)) (VP (BES 's) (ADJP-PRD (RBR more) (JJ important))) (. .) (-DFL- E_S)),70.0,83.92,85.32000000000001
sw04utt/sw_0489_3238.utt,3/sw3238,3238,44,qw,A,29,1,"[ Ho-, + how ] many kids do you have? /","[ Ho/WRB ] ,/, how/WRB  [ many/JJ kids/NNS ] do/VBP  [ you/PRP ] have/VB ?/.","(SBARQ (EDITED (RM (-DFL- \[)) (WHNP-UNF (WRB Ho-)) (, ,) (IP (-DFL- \+))) (WHNP-1 (WHADJP (WRB how) (RS (-DFL- \])) (JJ many)) (NNS kids)) (SQ (VBP do) (NP-SBJ (PRP you)) (VP (VB have) (NP (-NONE- *T*-1)))) (. ?) (-DFL- E_S))",72.0,86.78,87.92
sw04utt/sw_0489_3238.utt,3/sw3238,3238,45,sd,B,30,1,Two. /,[ Two/CD ] ./.,(NP (CD Two) (. .) (-DFL- E_S)),74.0,88.18,88.32000000000001
sw04utt/sw_0489_3238.utt,3/sw3238,3238,46,qy^m,A,31,1,Two? /,[ Two/CD ] ?/.,(NP (CD Two) (. ?) (-DFL- E_S)),76.0,88.58,88.84
sw04utt/sw_0489_3238.utt,3/sw3238,3238,47,ny,B,32,1,Uh-huh. /,[ Uh-huh/UH ] ./.,(INTJ (UH Uh-huh) (. .) (-DFL- E_S)),64.0,89.36,89.54
sw04utt/sw_0489_3238.utt,3/sw3238,3238,48,qy,A,33,1,"Are they young,  /","[ Are/VBP they/PRP ] [ young/JJ ] ,/,","(SQ (VBP Are) (NP-SBJ (PRP they)) (ADJP-PRD (JJ young)) (, ,) (-DFL- E_S))",80.0,89.54,90.02
sw04utt/sw_0489_3238.utt,3/sw3238,3238,49,%,A,33,2,"{C or, } -/","or/CC ,/,","(S-UNF (CC or) (, ,) (-DFL- N_S))",81.0,90.02,90.17999999999999
sw04utt/sw_0489_3238.utt,3/sw3238,3238,50,sd,B,34,1,Five and two. /,[ Five/CD ] and/CC  [ two/CD ] ./.,(NP (CD Five) (CC and) (CD two) (. .) (-DFL- E_S)),83.0,90.42,91.06
sw04utt/sw_0489_3238.utt,3/sw3238,3238,51,b^m,A,35,1,Five and two.  /,[ Five/CD ] and/CC  [ two/CD ] ./.,(NP (CD Five) (CC and) (CD two) (. .) (-DFL- E_S)),83.0,91.2,91.72
sw04utt/sw_0489_3238.utt,3/sw3238,3238,52,sd,A,35,2,"I have two,  /","[ I/PRP ] have/VBP  [ two/CD ] ,/,","(S (NP-SBJ (PRP I)) (VP (VBP have) (NP (CD two))) (, ,) (-DFL- E_S))",86.0,92.06,92.64
sw04utt/sw_0489_3238.utt,3/sw3238,3238,53,sd,A,35,3,"{C and } mine are two and nine months,  /","and/CC  [ mine/PRP ] are/VBP  [ two/CD ] and/CC  [ nine/CD months/NNS ] ,/,","(S (CC and) (NP-SBJ (PRP mine)) (VP (VBP are) (NP-PRD (NP (CD two)) (CC and) (NP (CD nine) (NNS months)))) (, ,) (-DFL- E_S))",87.0,92.64,94.44
sw04utt/sw_0489_3238.utt,3/sw3238,3238,54,%,A,35,4,"{C so, } {F um, } [ being, + being ] home is real, - /","so/RB ,/, um/UH ,/, being/VBG ,/, being/VBG  [ home/RB ] is/VBZ real/RB ,/,","(S (RB so) (, ,) (INTJ (UH um)) (, ,) (S-NOM-SBJ (NP-SBJ (-NONE- *)) (EDITED (RM (-DFL- \[)) (VP-UNF (VBG being)) (, ,) (IP (-DFL- \+))) (VP (VBG being) (RS (-DFL- \])) (ADVP-PRD-LOC (RB home)))) (VP (VBZ is) (ADJP-PRD-UNF (RB real))) (, ,) (-DFL- N_S))",88.0,95.68,98.06
sw04utt/sw_0489_3238.utt,3/sw3238,3238,55,sv,A,35,5,"[ I, + I ] just am fortunate because I don't know a real lot of moms that get to stay home,  /","[ I/PRP ] ,/,  [ I/PRP ] just/RB am/VBP fortunate/JJ because/IN  [ I/PRP ] do/VBP n't/RB know/VB  [ a/DT real/JJ lot/NN ] of/IN  [ moms/NNS ] [ that/WDT ] get/VBP to/TO stay/VB  [ home/RB ] ,/,","(S (EDITED (RM (-DFL- \[)) (NP-SBJ (PRP I)) (, ,) (IP (-DFL- \+))) (NP-SBJ (PRP I)) (RS (-DFL- \])) (ADVP (RB just)) (VP (VBP am) (ADJP-PRD (JJ fortunate)) (SBAR-PRP (IN because) (S (NP-SBJ (PRP I)) (VP (VBP do) (RB n't) (VP (VB know) (NP (NP (DT a) (JJ real) (NN lot)) (PP (IN of) (NP (NNS moms))) (SBAR (WHNP-1 (WDT that)) (S (NP-SBJ-2 (-NONE- *T*-1)) (VP (VBP get) (S (NP-SBJ (-NONE- *-2)) (VP (TO to) (VP (VB stay) (ADVP-LOC (RB home)))))))))))))) (, ,) (-DFL- E_S))",89.0,98.06,102.28
sw04utt/sw_0489_3238.utt,3/sw3238,3238,56,sd,A,35,6,"{C and, }  {F uh, } [ I just, + it's just ] weird that I was just talking to somebody this morning [ who's, + who's ] [ a working, {F uh, } lady, + a working mom, ]  /","and/CC ,/,  [ uh/UH ] ,/,  [ I/PRP ] just/RB ,/,  [ it/PRP ] 's/BES just/RB weird/JJ that/IN  [ I/PRP ] was/VBD just/RB talking/VBG to/IN  [ somebody/NN this/DT morning/NN ] [ who/WP ] 's/BES ,/,  [ who/WP ] 's/BES  [ a/DT ] working/VBG ,/,  [ uh/UH ] ,/,  [ lady/NN ] ,/,  [ a/DT working/VBG mom/NN ] ,/,","(S (CC and) (, ,) (INTJ (UH uh)) (, ,) (EDITED (RM (-DFL- \[)) (S-UNF (NP-SBJ (PRP I)) (ADVP (RB just))) (, ,) (IP (-DFL- \+))) (NP-SBJ (NP (PRP it)) (SBAR (-NONE- *EXP*-4))) (VP (BES 's) (ADVP (RB just)) (RS (-DFL- \])) (ADJP-PRD (JJ weird)) (SBAR-4 (IN that) (S (NP-SBJ (PRP I)) (VP (VBD was) (ADVP (RB just)) (VP (VBG talking) (PP (IN to) (NP (NP (NN somebody)) (SBAR (-NONE- *ICH*-3)))) (NP-TMP (DT this) (NN morning)) (EDITED (RM (-DFL- \[)) (SBAR (WHNP-1 (WP who)) (S (NP-SBJ (-NONE- *T*-1)) (VP-UNF (BES 's)))) (, ,) (IP (-DFL- \+))) (SBAR-3 (WHNP-2 (WP who)) (S (NP-SBJ (-NONE- *T*-2)) (VP (BES 's) (RS (-DFL- \])) (EDITED (RM (-DFL- \[)) (NP-PRD (DT a) (VBG working) (, ,) (INTJ (UH uh)) (, ,) (NN lady)) (, ,) (IP (-DFL- \+))) (NP-PRD (DT a) (VBG working) (NN mom)))))))))) (, ,) (RS (-DFL- \])) (-DFL- E_S))",90.0,102.86,109.97999999999999
sw04utt/sw_0489_3238.utt,3/sw3238,3238,57,sd,A,35,7,"{C and, }  {D you know, } these people have secretaries and these high power jobs,  /","and/CC ,/,  [ you/PRP ] know/VBP ,/,  [ these/DT people/NNS ] have/VBP  [ secretaries/NNS ] and/CC  [ these/DT high/JJ power/NN jobs/NNS ] ,/,","(S (CC and) (PRN (, ,) (S (NP-SBJ (PRP you)) (VP (VBP know))) (, ,)) (NP-SBJ (DT these) (NNS people)) (VP (VBP have) (NP (NP (NNS secretaries)) (CC and) (NP (DT these) (JJ high) (NN power) (NNS jobs)))) (, ,) (-DFL- E_S))",91.0,109.98,113.75999999999999
sw04utt/sw_0489_3238.utt,3/sw3238,3238,58,%,A,35,8,"{C and } it just seems like, {F um, } - /","and/CC  [ it/PRP ] just/RB seems/VBZ like/IN ,/, um/UH ,/,","(S (CC and) (NP-SBJ (PRP it)) (ADVP (RB just)) (VP (VBZ seems) (PP-UNF (IN like) (, ,) (INTJ (UH um)))) (, ,) (-DFL- N_S))",92.0,113.76,115.60000000000001
sw04utt/sw_0489_3238.utt,3/sw3238,3238,59,sd,A,35,9,"[ she, + she ] told me now her daughter took her first steps at the day care,  /","[ she/PRP ] ,/,  [ she/PRP ] told/VBD  [ me/PRP ] now/RB  [ her/PRP$ daughter/NN ] took/VBD  [ her/PRP ] [ first/JJ steps/NNS ] at/IN  [ the/DT day/NN care/NN ] ,/,","(S (EDITED (RM (-DFL- \[)) (NP-SBJ (PRP she)) (, ,) (IP (-DFL- \+))) (NP-SBJ (PRP she)) (RS (-DFL- \])) (VP (VBD told) (NP (PRP me)) (ADVP-TMP (RB now)) (SBAR (-NONE- 0) (S (NP-SBJ (PRP$ her) (NN daughter)) (VP (VBD took) (NP (PRP her) (JJ first) (NNS steps)) (PP-LOC (IN at) (NP (DT the) (NN day) (NN care))))))) (, ,) (-DFL- E_S))",93.0,115.78,118.92
sw04utt/sw_0489_3238.utt,3/sw3238,3238,60,sv,A,35,10,"{C and, }  {F uh, } [ [ [ I just think, + I, ] + I, ] + I just don't agree with that. ]  /","and/CC ,/,  [ uh/UH ] ,/,  [ I/PRP ] just/RB think/VBP ,/,  [ I/PRP ] ,/,  [ I/PRP ] ,/,  [ I/PRP ] just/RB do/VBP n't/RB agree/VB with/IN  [ that/DT ] ./.","(S (CC and) (, ,) (INTJ (UH uh)) (, ,) (EDITED (RM (-DFL- \[)) (EDITED (RM (-DFL- \[)) (EDITED (RM (-DFL- \[)) (S (NP-SBJ (PRP I)) (ADVP (RB just)) (VP-UNF (VBP think))) (, ,) (IP (-DFL- \+))) (NP-SBJ (PRP I)) (, ,) (RS (-DFL- \])) (IP (-DFL- \+))) (NP-SBJ (PRP I)) (, ,) (RS (-DFL- \])) (IP (-DFL- \+))) (NP-SBJ (PRP I)) (ADVP (RB just)) (VP (VBP do) (RB n't) (VP (VB agree) (PP (IN with) (NP (DT that))))) (. .) (RS (-DFL- \])) (-DFL- E_S))",94.0,119.92,123.60000000000001
sw04utt/sw_0489_3238.utt,3/sw3238,3238,61,sv,A,35,11,"I think it should be that people should get back to staying home [ and, + and ] being [ family, + more family ] oriented [ than, + than ] not.  /","[ I/PRP ] think/VBP  [ it/PRP ] should/MD be/VB that/IN  [ people/NNS ] should/MD get/VB back/RB to/IN  [ staying/VBG home/RB ] and/CC ,/, and/CC  [ being/VBG family/NN ] ,/,  [ more/JJR family/NN ] oriented/JJ than/IN ,/, than/IN not/RB ./.","(S (NP-SBJ (PRP I)) (VP (VBP think) (SBAR (-NONE- 0) (S (NP-SBJ (PRP it)) (VP (MD should) (VP (VB be) (SBAR-PRD (IN that) (S (NP-SBJ (NNS people)) (VP (MD should) (VP (VB get) (ADVP (RB back)) (PP (IN to) (S-NOM (NP-SBJ (-NONE- *)) (VP (VP (VBG staying) (ADVP-LOC (RB home))) (EDITED (RM (-DFL- \[)) (CC and) (, ,) (IP (-DFL- \+))) (CC and) (RS (-DFL- \])) (VP (VBG being) (EDITED (RM (-DFL- \[)) (ADJP-PRD-UNF (NN family)) (, ,) (IP (-DFL- \+))) (ADJP-PRD (ADJP (JJR more) (NN family) (RS (-DFL- \])) (JJ oriented)) (EDITED (RM (-DFL- \[)) (PP-UNF (IN than)) (, ,) (IP (-DFL- \+))) (PP (IN than) (RS (-DFL- \])) (ADJP (RB not))))))))))))))))) (. .) (-DFL- E_S))",95.0,123.6,134.24
sw04utt/sw_0489_3238.utt,3/sw3238,3238,62,sv,A,35,12,"{D You know, } it seems like  everybody's always so busy with everything that they're doing that there's no time for this and that and the other,  /","[ You/PRP ] know/VBP ,/,  [ it/PRP ] seems/VBZ like/IN  [ everybody/NN ] 's/BES always/RB so/RB busy/JJ with/IN  [ everything/NN ] that/WDT  [ they/PRP ] 're/VBP doing/VBG that/IN  [ there/EX ] 's/BES  [ no/DT time/NN ] for/IN  [ this/DT ] and/CC  [ that/DT ] and/CC  [ the/DT other/JJ ] ,/,","(S (PRN (S (NP-SBJ (PRP You)) (VP (VBP know))) (, ,)) (NP-SBJ (PRP it)) (VP (VBZ seems) (SBAR (IN like) (S (NP-SBJ (NN everybody)) (VP (BES 's) (ADVP-TMP (RB always)) (ADJP-PRD (RB so) (JJ busy) (PP (IN with) (NP (NP (NN everything)) (SBAR (WHNP-1 (WDT that)) (S (NP-SBJ (PRP they)) (VP (VBP 're) (VP (VBG doing) (NP (-NONE- *T*-1)))))))) (SBAR (IN that) (S (NP-SBJ (EX there)) (VP (BES 's) (NP-PRD (NP (DT no) (NN time)) (PP (IN for) (NP (NP (DT this) (CC and) (DT that)) (CC and) (NP (DT the) (JJ other))))))))))))) (, ,) (-DFL- E_S))",96.0,134.24,140.0
sw04utt/sw_0489_3238.utt,3/sw3238,3238,63,sv,A,35,13,"{C and } I hope it just doesn't get to where, {D you know, } there's [ more women, + more and more women ] going into the work force. /","and/CC  [ I/PRP ] hope/VBP  [ it/PRP ] just/RB does/VBZ n't/RB get/VB to/TO where/WRB ,/,  [ you/PRP ] know/VBP ,/,  [ there/EX ] [ 's/BES more/JJR women/NNS ] ,/,  [ more/JJR ] and/CC  [ more/JJR women/NNS ] going/VBG into/IN  [ the/DT work/NN force/NN ] ./.","(S (CC and) (NP-SBJ (PRP I)) (VP (VBP hope) (SBAR (-NONE- 0) (S (NP-SBJ-1 (PRP it)) (ADVP (RB just)) (VP (VBZ does) (RB n't) (VP (VB get) (S (NP-SBJ (-NONE- *-1)) (VP (TO to) (SBAR-NOM (WHADVP-2 (WRB where)) (PRN (, ,) (S (NP-SBJ (PRP you)) (VP (VBP know))) (, ,)) (S (NP-SBJ (EX there)) (VP (BES 's) (EDITED (RM (-DFL- \[)) (NP-PRD (JJR more) (NNS women)) (, ,) (IP (-DFL- \+))) (NP-PRD (NP (JJR more) (CC and) (JJR more) (NNS women)) (RS (-DFL- \])) (VP (VBG going) (PP (IN into) (NP (DT the) (NN work) (NN force))))) (ADVP (-NONE- *T*-2)))))))))))) (. .) (-DFL- E_S))",97.0,140.0,146.76
sw04utt/sw_0489_3238.utt,3/sw3238,3238,64,aa,B,36,1,"{D Well, } I agree,  /","Well/UH ,/,  [ I/PRP ] agree/VBP ,/,","(S (INTJ (UH Well)) (, ,) (NP-SBJ (PRP I)) (VP (VBP agree)) (, ,) (-DFL- E_S))",99.0,147.5,148.52
sw04utt/sw_0489_3238.utt,3/sw3238,3238,65,sv(^q),B,36,2,"{E I mean, } {C but, }  [ I, + I ] hate for them to make people feel bad that have to work, too, saying, {D you know, } you should stay home, {D you know, } otherwise your children aren't going to, {D you know, } turn out, or whatever --","[ I/PRP ] mean/VBP ,/, but/CC ,/,  [ I/PRP ] ,/,  [ I/PRP ] hate/VBP for/IN  [ them/PRP ] to/TO make/VB  [ people/NNS ] feel/VBP bad/RB that/WDT have/VBP  to/TO work/VB ,/, too/RB ,/, saying/VBG ,/,  [ you/PRP ] know/VBP ,/,  [ you/PRP ] should/MD stay/VB  [ home/RB ] ,/,  [ you/PRP ] know/VBP ,/, otherwise/RB  [ your/PRP$ children/NNS ] are/VBP n't/RB going/VBG to/TO ,/,  [ you/PRP ] know/VBP ,/, turn/VB out/RP ,/, or/CC  [ whatever/WDT ] --/:","(S (PRN (S (NP-SBJ (PRP I)) (VP (VBP mean))) (, ,)) (CC but) (, ,) (EDITED (RM (-DFL- \[)) (NP-SBJ (PRP I)) (, ,) (IP (-DFL- \+))) (NP-SBJ (PRP I)) (RS (-DFL- \])) (VP (VBP hate) (SBAR (IN for) (S (NP-SBJ (PRP them)) (VP (TO to) (VP (VB make) (S (NP-SBJ (NP (NNS people)) (SBAR (-NONE- *ICH*-1))) (VP (VBP feel) (ADJP-PRD (RB bad)) (SBAR-1 (WHNP-2 (WDT that)) (S (NP-SBJ-3 (-NONE- *T*-2)) (VP (VBP have) (S (NP-SBJ (-NONE- *-3)) (VP (TO to) (VP (VB work))))))) (, ,) (ADVP (RB too)) (, ,) (S-ADV (NP-SBJ (-NONE- *)) (VP (VBG saying) (PRN (, ,) (S (NP-SBJ (PRP you)) (VP (VBP know))) (, ,)) (SBAR (-NONE- 0) (S (S (NP-SBJ (PRP you)) (VP (MD should) (VP (VB stay) (ADVP-LOC (RB home)) (PRN (, ,) (S (NP-SBJ (PRP you)) (VP (VBP know))))))) (, ,) (S (ADVP (RB otherwise)) (NP-SBJ-4 (PRP$ your) (NNS children)) (VP (VBP are) (RB n't) (VP (VBG going) (S (NP-SBJ (-NONE- *-4)) (VP (TO to) (PRN (, ,) (S (NP-SBJ (PRP you)) (VP (VBP know))) (, ,)) (VP (VP (VB turn) (PRT (RP out))) (, ,) (CC or) (NP-ETC (WDT whatever)))))))))))))))))) (SBAR-PRP (IN because) (S (NP-SBJ (DT that)) (VP (BES 's) (RB not) (ADJP-PRD (JJ fair) (PP (IN to) (PRN (, ,) (S (NP-SBJ (PRP you)) (VP (VBP know))) (, ,)) (INTJ (UH like)) (NP (NP (DT the) (JJ single) (NNS moms)) (SBAR (WHNP-5 (WDT that)) (S (NP-SBJ-6 (-NONE- *T*-5)) (VP (VBP have) (S (NP-SBJ (-NONE- *-6)) (VP (TO to) (VP (VB work)))))))))))))) (, ,) (-DFL- E_S))",100.0,148.54,156.88000000000002
sw04utt/sw_0489_3238.utt,3/sw3238,3238,66,b,A,37,1,Yeah. /,Yeah/UH ./.,(INTJ (UH Yeah) (. .) (-DFL- E_S)),68.0,156.88,157.1
sw04utt/sw_0489_3238.utt,3/sw3238,3238,67,+,B,38,1,"-- because that's not fair to, {D you know, } {D like } the single moms that have to work,  /","--/: because/IN  [ that/DT ] 's/BES not/RB fair/JJ to/IN ,/,  [ you/PRP ] know/VBP ,/, like/UH  [ the/DT single/JJ moms/NNS ] [ that/WDT ] have/VBP to/TO work/VB ,/,","(S (PRN (S (NP-SBJ (PRP I)) (VP (VBP mean))) (, ,)) (CC but) (, ,) (EDITED (RM (-DFL- \[)) (NP-SBJ (PRP I)) (, ,) (IP (-DFL- \+))) (NP-SBJ (PRP I)) (RS (-DFL- \])) (VP (VBP hate) (SBAR (IN for) (S (NP-SBJ (PRP them)) (VP (TO to) (VP (VB make) (S (NP-SBJ (NP (NNS people)) (SBAR (-NONE- *ICH*-1))) (VP (VBP feel) (ADJP-PRD (RB bad)) (SBAR-1 (WHNP-2 (WDT that)) (S (NP-SBJ-3 (-NONE- *T*-2)) (VP (VBP have) (S (NP-SBJ (-NONE- *-3)) (VP (TO to) (VP (VB work))))))) (, ,) (ADVP (RB too)) (, ,) (S-ADV (NP-SBJ (-NONE- *)) (VP (VBG saying) (PRN (, ,) (S (NP-SBJ (PRP you)) (VP (VBP know))) (, ,)) (SBAR (-NONE- 0) (S (S (NP-SBJ (PRP you)) (VP (MD should) (VP (VB stay) (ADVP-LOC (RB home)) (PRN (, ,) (S (NP-SBJ (PRP you)) (VP (VBP know))))))) (, ,) (S (ADVP (RB otherwise)) (NP-SBJ-4 (PRP$ your) (NNS children)) (VP (VBP are) (RB n't) (VP (VBG going) (S (NP-SBJ (-NONE- *-4)) (VP (TO to) (PRN (, ,) (S (NP-SBJ (PRP you)) (VP (VBP know))) (, ,)) (VP (VP (VB turn) (PRT (RP out))) (, ,) (CC or) (NP-ETC (WDT whatever)))))))))))))))))) (SBAR-PRP (IN because) (S (NP-SBJ (DT that)) (VP (BES 's) (RB not) (ADJP-PRD (JJ fair) (PP (IN to) (PRN (, ,) (S (NP-SBJ (PRP you)) (VP (VBP know))) (, ,)) (INTJ (UH like)) (NP (NP (DT the) (JJ single) (NNS moms)) (SBAR (WHNP-5 (WDT that)) (S (NP-SBJ-6 (-NONE- *T*-5)) (VP (VBP have) (S (NP-SBJ (-NONE- *-6)) (VP (TO to) (VP (VB work)))))))))))))) (, ,) (-DFL- E_S))",100.0,157.1,160.34
sw04utt/sw_0489_3238.utt,3/sw3238,3238,68,sv,B,38,2,"{C or, }  if they wouldn't be able to make ends meet --","or/CC ,/, if/IN  [ they/PRP ] would/MD n't/RB be/VB able/JJ to/TO make/VB  [ ends/NNS ] meet/VB --/:","(SBAR-ADV (CC or) (, ,) (IN if) (S (NP-SBJ-1 (PRP they)) (VP (MD would) (RB n't) (VP (VB be) (ADJP-PRD (JJ able) (S (NP-SBJ (-NONE- *-1)) (VP (TO to) (VP (VB make) (S (NP-SBJ (NNS ends)) (VP (VB meet) (S-ADV (NP-SBJ (-NONE- *)) (VP (VP (RB not) (VBG working)) (CC or) (NP-ETC (WDT whatever))))))))))))) (, ,) (-DFL- E_S))",104.0,160.4,163.38
sw04utt/sw_0489_3238.utt,3/sw3238,3238,69,b,A,39,1,Uh-huh. /,[ Uh-huh/UH ] ./.,(INTJ (UH Uh-huh) (. .) (-DFL- E_S)),78.0,163.4,163.52
sw04utt/sw_0489_3238.utt,3/sw3238,3238,70,+,B,40,1,"-- not working or whatever,  /","--/: not/RB working/VBG or/CC  [ whatever/WDT ] ,/,","(SBAR-ADV (CC or) (, ,) (IN if) (S (NP-SBJ-1 (PRP they)) (VP (MD would) (RB n't) (VP (VB be) (ADJP-PRD (JJ able) (S (NP-SBJ (-NONE- *-1)) (VP (TO to) (VP (VB make) (S (NP-SBJ (NNS ends)) (VP (VB meet) (S-ADV (NP-SBJ (-NONE- *)) (VP (VP (RB not) (VBG working)) (CC or) (NP-ETC (WDT whatever))))))))))))) (, ,) (-DFL- E_S))",104.0,164.36,166.18
sw04utt/sw_0489_3238.utt,3/sw3238,3238,71,sv,B,40,2,"{E I mean, } I think it's got to be a personal choice,  /","[ I/PRP ] mean/VBP ,/,  [ I/PRP ] think/VBP  [ it/PRP ] 's/HVS got/VBN to/TO be/VB  [ a/DT personal/JJ choice/NN ] ,/,","(S (PRN (S (NP-SBJ (PRP I)) (VP (VBP mean))) (, ,)) (NP-SBJ (PRP I)) (VP (VBP think) (SBAR (-NONE- 0) (S (NP-SBJ-1 (PRP it)) (VP (HVS 's) (VP (VBN got) (S (NP-SBJ (-NONE- *-1)) (VP (TO to) (VP (VB be) (NP-PRD (DT a) (JJ personal) (NN choice)))))))))) (, ,) (-DFL- E_S))",108.0,166.18,169.06
sw04utt/sw_0489_3238.utt,3/sw3238,3238,72,sv,B,40,3,"{C and, }  it's nice [ that, + that ] we could have the choice to stay home. /","and/CC ,/,  [ it/PRP ] 's/BES nice/JJ that/IN ,/, that/IN  [ we/PRP ] could/MD have/VB  [ the/DT choice/NN ] to/TO stay/VB  [ home/RB ] ./.","(S (CC and) (, ,) (NP-SBJ (NP (PRP it)) (SBAR (-NONE- *EXP*-1))) (VP (BES 's) (ADJP-PRD (JJ nice)) (SBAR-1 (EDITED (RM (-DFL- \[)) (SBAR-UNF (IN that)) (, ,) (IP (-DFL- \+))) (IN that) (RS (-DFL- \])) (S (NP-SBJ (PRP we)) (VP (MD could) (VP (VB have) (NP (DT the) (NN choice) (S (NP-SBJ (-NONE- *)) (VP (TO to) (VP (VB stay) (ADVP-LOC (RB home))))))))))) (. .) (-DFL- E_S))",109.0,169.06,173.12
sw04utt/sw_0489_3238.utt,3/sw3238,3238,73,aa,A,41,1,"Yeah,  /","Yeah/UH ,/,","(INTJ (UH Yeah) (, ,) (-DFL- E_S))",111.0,173.26,173.64
sw04utt/sw_0489_3238.utt,3/sw3238,3238,74,sd,A,41,2,"{D well } I find that [ [ I, + whenever I have to, ] + whenever I'm ] in a group of people and we're discussing things, - /","well/UH  [ I/PRP ] find/VBP that/IN  [ I/PRP ] ,/, whenever/WRB  [ I/PRP ] have/VBP to/TO ,/, whenever/WRB  [ I/PRP ] 'm/VBP in/IN  [ a/DT group/NN ] of/IN  [ people/NNS ] and/CC  [ we/PRP ] 're/VBP discussing/VBG  [ things/NNS ] ,/,","(S (INTJ (UH well)) (NP-SBJ (PRP I)) (VP (VBP find) (SBAR (IN that) (S-UNF (SBAR-TMP (EDITED (RM (-DFL- \[)) (EDITED (RM (-DFL- \[)) (NP-SBJ (PRP I)) (, ,) (IP (-DFL- \+))) (SBAR-TMP (WHADVP (WRB whenever)) (S (NP-SBJ-1 (PRP I)) (VP (VBP have) (S (NP-SBJ (-NONE- *-1)) (VP-UNF (TO to)))))) (, ,) (RS (-DFL- \])) (IP (-DFL- \+))) (WHADVP-2 (WRB whenever)) (S (S (NP-SBJ (PRP I)) (VP (VBP 'm) (RS (-DFL- \])) (PP-PRD (IN in) (NP (NP (DT a) (NN group)) (PP (IN of) (NP (NNS people))))) (ADVP-TMP (-NONE- *T*-2)))) (CC and) (S (NP-SBJ (PRP we)) (VP (VBP 're) (VP (VBG discussing) (NP (NNS things)) (ADVP-TMP (-NONE- *T*-2)))))))))) (, ,) (-DFL- N_S))",112.0,174.22,179.20000000000002
sw04utt/sw_0489_3238.utt,3/sw3238,3238,75,sd,A,41,3,"{D like } just over the weekend I visited my family, and some cousins I hadn't seen in a long time,  /","like/IN just/RB over/IN  [ the/DT weekend/NN ] [ I/PRP ] visited/VBD  [ my/PRP$ family/NN ] ,/, and/CC  [ some/DT cousins/NNS I/PRP ] had/VBD n't/RB seen/VBN in/IN  [ a/DT long/JJ time/NN ] ,/,","(S (INTJ (UH like)) (PP-TMP (ADVP (RB just)) (IN over) (NP (DT the) (NN weekend))) (NP-SBJ (PRP I)) (VP (VBD visited) (NP (NP (PRP$ my) (NN family)) (, ,) (CC and) (NP (NP (DT some) (NNS cousins)) (SBAR (WHNP-1 (-NONE- 0)) (S (NP-SBJ (PRP I)) (VP (VBD had) (RB n't) (VP (VBN seen) (NP (-NONE- *T*-1)) (PP-TMP (IN in) (NP (DT a) (JJ long) (NN time)))))))))) (, ,) (-DFL- E_S))",113.0,179.2,183.3
sw04utt/sw_0489_3238.utt,3/sw3238,3238,76,sd,A,41,4,"{C and } everyone's all interested in what everybody's doing,  /","and/CC  [ everyone/NN ] 's/BES all/RB interested/JJ in/IN  [ what/WP ] [ everybody/NN ] 's/BES doing/VBG ,/,","(S (CC and) (NP-SBJ (NN everyone)) (VP (BES 's) (RB all) (ADJP-PRD (JJ interested) (PP (IN in) (SBAR-NOM (WHNP-1 (WP what)) (S (NP-SBJ (NN everybody)) (VP (BES 's) (VP (VBG doing) (NP (-NONE- *T*-1))))))))) (, ,) (-DFL- E_S))",114.0,183.3,185.38
sw04utt/sw_0489_3238.utt,3/sw3238,3238,77,sd,A,41,5,"{C and, }  {F uh, } {D you know, } {D well, } I had my baby with me,  /","and/CC ,/,  [ uh/UH ] ,/,  [ you/PRP ] know/VBP ,/, well/UH ,/,  [ I/PRP ] had/VBD  [ my/PRP$ baby/NN ] with/IN  [ me/PRP ] ,/,","(S (CC and) (, ,) (INTJ (UH uh)) (PRN (, ,) (S (NP-SBJ (PRP you)) (VP (VBP know))) (, ,)) (INTJ (UH well)) (, ,) (NP-SBJ (PRP I)) (VP (VBD had) (NP (PRP$ my) (NN baby)) (PP (IN with) (NP (PRP me)))) (, ,) (-DFL- E_S))",115.0,186.0,187.88
sw04utt/sw_0489_3238.utt,3/sw3238,3238,78,sd,A,41,6,"{C and } I found that all I talked about was my baby,","and/CC  [ I/PRP ] found/VBD that/IN  [ all/DT ] [ I/PRP ] talked/VBD about/IN was/VBD  [ my/PRP$ baby/NN ] ,/,","(S (CC and) (NP-SBJ (PRP I)) (VP (VBD found) (SBAR (IN that) (S (NP-SBJ (NP (DT all)) (SBAR (WHNP-1 (-NONE- 0)) (S (NP-SBJ (PRP I)) (VP (VBD talked) (PP (IN about) (NP (-NONE- *T*-1))))))) (VP (VP (VBD was) (NP-PRD (PRP$ my) (NN baby))) (, ,) (SBAR (WHNP-2 (WDT which)) (S (NP-SBJ (-NONE- *T*-2)) (VP (VBD was) (ADJP-PRD (JJ fine) (PP (IN with) (NP (PRP me))))))))))) (, ,) (-DFL- E_S))",116.0,187.88,189.86
sw04utt/sw_0489_3238.utt,3/sw3238.pos,3238,79,x,B,42,1,<Laughter>.,./.,,,0.0,0.0
sw04utt/sw_0489_3238.utt,3/sw3238,3238,80,+,A,43,1,"which was fine with me,  /","[ which/WDT ] was/VBD fine/JJ with/IN  [ me/PRP ] ,/,","(S (CC and) (NP-SBJ (PRP I)) (VP (VBD found) (SBAR (IN that) (S (NP-SBJ (NP (DT all)) (SBAR (WHNP-1 (-NONE- 0)) (S (NP-SBJ (PRP I)) (VP (VBD talked) (PP (IN about) (NP (-NONE- *T*-1))))))) (VP (VP (VBD was) (NP-PRD (PRP$ my) (NN baby))) (, ,) (SBAR (WHNP-2 (WDT which)) (S (NP-SBJ (-NONE- *T*-2)) (VP (VBD was) (ADJP-PRD (JJ fine) (PP (IN with) (NP (PRP me))))))))))) (, ,) (-DFL- E_S))",116.0,189.86,190.86
sw04utt/sw_0489_3238.utt,3/sw3238,3238,81,sd,A,43,2,"{C but } it's like, {D you know, } here these people are,  /","but/CC  [ it/PRP ] 's/BES like/IN ,/,  [ you/PRP ] know/VBP ,/, here/RB  [ these/DT people/NNS ] are/VBP ,/,","(S (CC but) (NP-SBJ (PRP it)) (VP (BES 's) (SBAR-PRD (IN like) (PRN (, ,) (S (NP-SBJ (PRP you)) (VP (VBP know))) (, ,)) (S (ADVP-LOC-TPC-1 (RB here)) (NP-SBJ (DT these) (NNS people)) (VP (VBP are) (ADVP-LOC-PRD (-NONE- *T*-1)))))) (, ,) (-DFL- E_S))",119.0,191.52,193.04000000000002
sw04utt/sw_0489_3238.utt,3/sw3238,3238,82,sd,A,43,3,"they're going to school, getting degrees, making all this money,  /","[ they/PRP ] 're/VBP going/VBG to/IN  [ school/NN ] ,/, getting/VBG  [ degrees/NNS ] ,/, making/VBG  [ all/PDT this/DT money/NN ] ,/,","(S (NP-SBJ (PRP they)) (VP (VBP 're) (VP (VP (VBG going) (PP (IN to) (NP (NN school)))) (, ,) (VP (VBG getting) (NP (NNS degrees))) (, ,) (VP (VBG making) (NP (PDT all) (DT this) (NN money))))) (, ,) (-DFL- E_S))",120.0,193.04,195.66
sw04utt/sw_0489_3238.utt,3/sw3238,3238,83,sd,A,43,4,"{C and, } {D you know, } they kind of looked at me like I was from the dark ages, <laughter> {D you know, } [ like I, + ] because I didn't have really all that much to talk about, {F uh, } where career and things like that were concerned,  /","and/CC ,/,  [ you/PRP ] know/VBP ,/,  [ they/PRP ] [ kind/RB ] of/RB looked/VBD at/IN  [ me/PRP ] like/IN  [ I/PRP ] was/VBD from/IN  [ the/DT dark/JJ ages/NNS ] ,/,  [ you/PRP ] know/VBP ,/, like/IN  [ I/PRP ] ,/, because/IN  [ I/PRP ] did/VBD n't/RB have/VB really/RB  [ all/PDT ] that/DT much/JJ to/TO talk/VB about/IN ,/,  [ uh/UH ] ,/, where/WRB  [ career/NN ] and/CC  [ things/NNS ] like/IN  [ that/DT ] were/VBD concerned/JJ ,/,","(S (CC and) (PRN (, ,) (S (NP-SBJ (PRP you)) (VP (VBP know))) (, ,)) (NP-SBJ (PRP they)) (ADVP (RB kind) (RB of)) (VP (VBD looked) (PP (IN at) (NP (PRP me))) (SBAR (IN like) (S (NP-SBJ (PRP I)) (VP (VBD was) (PP-PRD (IN from) (NP (DT the) (JJ dark) (NNS ages))) (PRN (, ,) (S (NP-SBJ (PRP you)) (VP (VBP know))) (, ,)) (SBAR-PRP (EDITED (RM (-DFL- \[)) (SBAR (IN like) (S-UNF (NP-SBJ (PRP I)))) (, ,) (IP (-DFL- \+)) (RS (-DFL- \]))) (IN because) (S (NP-SBJ (PRP I)) (VP (VBD did) (RB n't) (VP (VB have) (ADVP (RB really)) (NP (NP (PDT all) (DT that) (JJ much)) (SBAR (WHNP-1 (-NONE- 0)) (S (NP-SBJ (-NONE- *)) (VP (TO to) (VP (VB talk) (PP (IN about) (NP (-NONE- *T*-1))) (, ,) (INTJ (UH uh)) (, ,) (SBAR-ADV (WHADVP-2 (WRB where)) (S (NP-SBJ (NP (NN career)) (CC and) (NP (NP (NNS things)) (PP (IN like) (NP (DT that))))) (VP (VBD were) (ADJP-PRD (JJ concerned)) (ADVP (-NONE- *T*-2)))))))))))))))))) (, ,) (-DFL- E_S))",121.0,195.74,207.54000000000002
sw04utt/sw_0489_3238.utt,3/sw3238,3238,84,sv,A,43,5,{C and } you kind of feel little bit like an outcast for a while --,and/CC  [ you/PRP ] [ kind/RB ] of/RB feel/VBP  [ little/JJ bit/NN ] like/IN  [ an/DT outcast/NN ] for/IN  [ a/DT while/NN ] --/:,"(S (CC and) (NP-SBJ (PRP you)) (ADVP (RB kind) (RB of)) (VP (VBP feel) (PP (NP-ADV (JJ little) (NN bit)) (IN like) (NP (DT an) (NN outcast))) (PP-TMP (IN for) (NP (DT a) (NN while))) (PP (IN in) (NP (JJ social) (NNS situations))) (ADVP-TMP (RB sometimes))) (, ,) (-DFL- E_S))",122.0,207.54,211.44
sw04utt/sw_0489_3238.utt,3/sw3238,3238,85,b,B,44,1,Yeah. /,Yeah/UH ./.,(INTJ (UH Yeah) (. .) (-DFL- E_S)),102.0,211.6,211.92
sw04utt/sw_0489_3238.utt,3/sw3238,3238,86,+,A,45,1,"-- in social situations sometimes,  /","--/: in/IN  [ social/JJ situations/NNS ] sometimes/RB ,/,","(S (CC and) (NP-SBJ (PRP you)) (ADVP (RB kind) (RB of)) (VP (VBP feel) (PP (NP-ADV (JJ little) (NN bit)) (IN like) (NP (DT an) (NN outcast))) (PP-TMP (IN for) (NP (DT a) (NN while))) (PP (IN in) (NP (JJ social) (NNS situations))) (ADVP-TMP (RB sometimes))) (, ,) (-DFL- E_S))",122.0,212.34,214.04
sw04utt/sw_0489_3238.utt,3/sw3238,3238,87,sd,A,45,2,"which is too bad, because, {D you know, } [ [ I, + I feel like I don't, ] + obviously I don't ] get paid for my job,  /","[ which/WDT ] is/VBZ too/RB bad/JJ ,/, because/IN ,/,  [ you/PRP ] know/VBP ,/,  [ I/PRP ] ,/,  [ I/PRP ] feel/VBP like/IN  [ I/PRP ] do/VBP n't/RB ,/, obviously/RB  [ I/PRP ] do/VBP n't/RB get/VB paid/VBN for/IN  [ my/PRP$ job/NN ] ,/,","(SBAR (WHNP-1 (WDT which)) (S (NP-SBJ (-NONE- *T*-1)) (VP (VBZ is) (ADJP-PRD (RB too) (JJ bad)) (, ,) (SBAR-PRP (IN because) (PRN (, ,) (S (NP-SBJ (PRP you)) (VP (VBP know))) (, ,)) (S (EDITED (RM (-DFL- \[)) (EDITED (RM (-DFL- \[)) (NP-SBJ (PRP I)) (, ,) (IP (-DFL- \+))) (S (NP-SBJ (PRP I)) (VP (VBP feel) (SBAR (IN like) (S (NP-SBJ (PRP I)) (VP-UNF (VBP do) (RB n't)))))) (, ,) (RS (-DFL- \])) (IP (-DFL- \+))) (ADVP (RB obviously)) (NP-SBJ-2 (PRP I)) (VP (VBP do) (RB n't) (RS (-DFL- \])) (VP (VB get) (VP (VBN paid) (NP (-NONE- *-2)) (PP (IN for) (NP (PRP$ my) (NN job)))))))))) (, ,) (-DFL- E_S))",126.0,215.5,220.07999999999998
sw04utt/sw_0489_3238.utt,3/sw3238,3238,88,sv,A,45,3,{C but } I should get paid at least double what my husband makes <laughter> working in an office for staying home -- /,but/CC  [ I/PRP ] should/MD get/VB paid/VBN at/IN  [ least/JJS double/JJ ] [ what/WP ] [ my/PRP$ husband/NN ] makes/VBZ working/VBG in/IN  [ an/DT office/NN ] for/IN  [ staying/VBG home/RB ] --/:,(S (CC but) (NP-SBJ-1 (PRP I)) (VP (MD should) (VP (VB get) (VP (VBN paid) (NP (-NONE- *-1)) (ADVP (IN at) (JJS least)) (NP (NP (JJ double)) (SBAR (WHNP-3 (WP what)) (S (NP-SBJ-2 (PRP$ my) (NN husband)) (VP (VBZ makes) (NP (-NONE- *T*-3)) (S (NP-SBJ (-NONE- *-2)) (VP (VBG working) (PP-LOC (IN in) (NP (DT an) (NN office))))))))) (PP-PRP (IN for) (S-NOM (NP-SBJ (-NONE- *)) (VP (VBG staying) (ADVP-LOC (RB home)))))))) (-DFL- E_S)),127.0,220.08,224.66
sw04utt/sw_0489_3238.utt,3/sw3238,3238,89,b,B,46,1,Yeah <laughter>. /,Yeah/UH ./.,(INTJ (UH Yeah) (. .) (-DFL- E_S)),102.0,224.72,224.94
sw04utt/sw_0489_3238.utt,3/sw3238,3238,90,aa,A,47,1,"-- that's what I figure,  /","--/:  [ that/DT ] 's/BES  [ what/WP ] [ I/PRP ] figure/VBP ,/,","(S (NP-SBJ (DT that)) (VP (BES 's) (SBAR-NOM-PRD (WHNP-1 (WP what)) (S (NP-SBJ (PRP I)) (VP (VBP figure) (NP (-NONE- *T*-1)))))) (, ,) (-DFL- E_S))",131.0,225.42,226.16
sw04utt/sw_0489_3238.utt,3/sw3238,3238,91,sv,A,47,2,"<laughter> I'm worth a lot just for what I do every day,  /","[ I/PRP ] 'm/VBP worth/JJ  [ a/DT lot/NN ] just/RB for/IN  [ what/WP ] [ I/PRP ] do/VBP  [ every/DT day/NN ] ,/,","(S (NP-SBJ (PRP I)) (VP (VBP 'm) (ADJP-PRD (JJ worth) (NP (DT a) (NN lot))) (PP-PRP (ADVP (RB just)) (IN for) (SBAR-NOM (WHNP-1 (WP what)) (S (NP-SBJ (PRP I)) (VP (VBP do) (NP (-NONE- *T*-1)) (NP-TMP (DT every) (NN day))))))) (, ,) (-DFL- E_S))",132.0,227.38,230.85999999999999
sw04utt/sw_0489_3238.utt,3/sw3238,3238,92,h,A,47,3,"{C but, } {D you know, } I don't know,  /","but/CC ,/,  [ you/PRP ] know/VBP ,/,  [ I/PRP ] do/VBP n't/RB know/VB ,/,","(S (CC but) (PRN (, ,) (S (NP-SBJ (PRP you)) (VP (VBP know))) (, ,)) (NP-SBJ (PRP I)) (VP (VBP do) (RB n't) (VP (VB know))) (, ,) (-DFL- E_S))",133.0,232.16,233.84
sw04utt/sw_0489_3238.utt,3/sw3238,3238,93,%,A,47,4,"this is kind of a, {F um, } - /","[ this/DT ] is/VBZ  [ kind/RB ] of/RB  [ a/DT ] ,/, um/UH ,/,","(S (NP-SBJ (DT this)) (VP (VBZ is) (ADVP (RB kind) (RB of)) (NP-PRD (DT a) (, ,) (INTJ (UH um)))) (, ,) (-DFL- N_S))",134.0,234.96,236.42
sw04utt/sw_0489_3238.utt,3/sw3238,3238,94,%,A,47,5,"[ at, + at ] least here I've noticed, - /","at/IN ,/, at/IN  [ least/JJS ] here/RB  [ I/PRP ] 've/VBP noticed/VBN ,/,","(S (EDITED (RM (-DFL- \[)) (ADVP-UNF (IN at)) (, ,) (IP (-DFL- \+))) (ADVP (IN at) (RS (-DFL- \])) (JJS least)) (ADVP-LOC (RB here)) (NP-SBJ (PRP I)) (VP (VBP 've) (VP-UNF (VBN noticed))) (, ,) (-DFL- N_S))",135.0,237.6,238.76
sw04utt/sw_0489_3238.utt,3/sw3238,3238,95,sd,A,47,6,"I'm not from here,  /","[ I/PRP ] 'm/VBP not/RB from/IN here/RB ,/,","(S (NP-SBJ (PRP I)) (VP (VBP 'm) (RB not) (PP-PRD (IN from) (ADVP-LOC (RB here)))) (, ,) (-DFL- E_S))",136.0,238.76,239.58
sw04utt/sw_0489_3238.utt,3/sw3238,3238,96,sd,A,47,7,"I'm from Colorado,  /","[ I/PRP ] 'm/VBP from/IN  [ Colorado/NNP ] ,/,","(S (NP-SBJ (PRP I)) (VP (VBP 'm) (PP-PRD (IN from) (NP (NNP Colorado)))) (, ,) (-DFL- E_S))",137.0,239.58,240.83999999999997
sw04utt/sw_0489_3238.utt,3/sw3238,3238,97,sv,A,47,8,"{C but } I've really noticed that there are [ a lot of, + {F uh, } a lot more ] people that are more comfortable, at least, with some women being home  [ and, + ] at least in the circles I've travelled and in the church that I go to, {D you know, }  /","but/CC  [ I/PRP ] 've/VBP really/RB noticed/VBN that/IN  [ there/EX ] are/VBP  [ a/DT lot/NN ] of/IN ,/,  [ uh/UH ] ,/,  [ a/DT lot/NN more/JJR people/NNS ] [ that/WDT ] are/VBP more/RBR comfortable/JJ ,/, at/IN  [ least/JJS ] ,/, with/IN  [ some/DT women/NNS ] being/VBG  [ home/RB ] and/CC ,/, at/IN  [ least/JJS ] in/IN  [ the/DT circles/NNS I/PRP ] 've/VBP  [ travelled/VBN ] and/CC in/IN  [ the/DT church/NN ] that/WDT  [ I/PRP ] go/VBP to/IN ,/,  [ you/PRP ] know/VBP ,/,","(S (CC but) (NP-SBJ (PRP I)) (VP (VBP 've) (ADVP (RB really)) (VP (VBN noticed) (SBAR (IN that) (S (NP-SBJ (EX there)) (VP (VBP are) (EDITED (RM (-DFL- \[)) (NP-PRD (NP (DT a) (NN lot)) (PP-UNF (IN of))) (, ,) (IP (-DFL- \+))) (INTJ (UH uh)) (, ,) (NP-PRD (NP (ADVP (NP (DT a) (NN lot)) (JJR more)) (RS (-DFL- \])) (NNS people)) (SBAR (WHNP-1 (WDT that)) (S (NP-SBJ (-NONE- *T*-1)) (VP (VBP are) (ADJP-PRD (RBR more) (JJ comfortable)) (, ,) (ADVP (IN at) (JJS least)) (, ,) (SBAR (IN with) (S (NP-SBJ (DT some) (NNS women)) (VP (VBG being) (ADVP-LOC-PRD (RB home)) (EDITED (RM (-DFL- \[)) (CC and) (, ,) (IP (-DFL- \+)) (RS (-DFL- \]))) (ADVP (IN at) (JJS least)) (PP (PP (IN in) (NP (NP (DT the) (NNS circles)) (SBAR (WHNP-2 (-NONE- 0)) (S (NP-SBJ (PRP I)) (VP (VBP 've) (VP (VBN travelled) (NP (-NONE- *T*-2)))))))) (CC and) (PP (IN in) (NP (NP (DT the) (NN church)) (SBAR (WHNP-3 (WDT that)) (S (NP-SBJ (PRP I)) (VP (VBP go) (PP (IN to) (NP (-NONE- *T*-3))))))))))))))))))) (PRN (, ,) (S (NP-SBJ (PRP you)) (VP (VBP know)))))) (, ,) (-DFL- E_S))",138.0,241.62,252.98000000000002
sw04utt/sw_0489_3238.utt,3/sw3238,3238,98,%,A,47,9,that - /,[ that/DT ],(SBAR-UNF (IN that) (-DFL- N_S)),139.0,252.98,253.16
sw04utt/sw_0489_3238.utt,3/sw3238,3238,99,sv,A,47,10,"men don't treat you like you don't know anything, generally --","[ men/NNS ] do/VBP n't/RB treat/VB  [ you/PRP ] like/IN  [ you/PRP ] do/VBP n't/RB know/VB  [ anything/NN ] ,/, generally/RB --/:","(S (NP-SBJ (NNS men)) (VP (VBP do) (RB n't) (VP (VB treat) (NP (PRP you)) (SBAR (IN like) (S (NP-SBJ (PRP you)) (VP (VBP do) (RB n't) (VP (VB know) (NP (NN anything)))))) (, ,) (S-ADV (NP-SBJ (-NONE- *)) (ADVP (RB generally)) (VP (VBG speaking))))) (. .) (-DFL- E_S))",140.0,253.24,256.34
sw04utt/sw_0489_3238.utt,3/sw3238,3238,100,b,B,48,1,Yeah <laughter>. /,Yeah/UH ./.,(INTJ (UH Yeah) (. .) (-DFL- E_S)),102.0,256.58,257.0
sw04utt/sw_0489_3238.utt,3/sw3238,3238,101,+,A,49,1,-- speaking. /,--/: speaking/VBG ./.,"(S (NP-SBJ (NNS men)) (VP (VBP do) (RB n't) (VP (VB treat) (NP (PRP you)) (SBAR (IN like) (S (NP-SBJ (PRP you)) (VP (VBP do) (RB n't) (VP (VB know) (NP (NN anything)))))) (, ,) (S-ADV (NP-SBJ (-NONE- *)) (ADVP (RB generally)) (VP (VBG speaking))))) (. .) (-DFL- E_S))",140.0,257.48,257.90000000000003
sw04utt/sw_0489_3238.utt,3/sw3238,3238,102,sv,B,50,1,"{D Well, } {C and } I think a lot of companies are realizing this and  offering more opportunities as far as {D like } job sharing or, {D you know, } even having a day care on site and that kind of stuff,  /","Well/UH ,/, and/CC  [ I/PRP ] think/VBP  [ a/DT lot/NN ] of/IN  [ companies/NNS ] are/VBP realizing/VBG  [ this/DT ] and/CC offering/VBG  [ more/JJR opportunities/NNS ] as/RB far/RB as/IN  [ like/UH job/NN ] sharing/NN or/CC ,/,  [ you/PRP ] know/VBP ,/, even/RB having/VBG  [ a/DT day/NN care/NN ] on/IN  [ site/NN ] and/CC  [ that/DT kind/NN ] of/IN  [ stuff/NN ] ,/,","(S (INTJ (UH Well)) (, ,) (CC and) (NP-SBJ (PRP I)) (VP (VBP think) (SBAR (-NONE- 0) (S (NP-SBJ (NP (DT a) (NN lot)) (PP (IN of) (NP (NNS companies)))) (VP (VBP are) (VP (VP (VBG realizing) (NP (DT this))) (CC and) (VP (VBG offering) (NP (JJR more) (NNS opportunities)) (ADVP (ADVP (RB as) (RB far)) (PP (IN as) (INTJ (UH like)) (NP (NN job) (NN sharing))))) (CC or) (PRN (, ,) (S (NP-SBJ (PRP you)) (VP (VBP know))) (, ,)) (VP (ADVP (RB even)) (VBG having) (NP (DT a) (NN day) (NN care)) (PP-LOC (IN on) (NP (NN site)))) (CC and) (NP-ETC (NP (DT that) (NN kind)) (PP (IN of) (NP (NN stuff))))))))) (, ,) (-DFL- E_S))",145.0,258.46,268.41999999999996
sw04utt/sw_0489_3238.utt,3/sw3238,3238,103,sv,B,50,2,{C and } I think that's really important --,and/CC  [ I/PRP ] think/VBP  [ that/DT ] 's/BES really/RB  [ important/JJ ] --/:,"(S (CC and) (NP-SBJ (PRP I)) (VP (VBP think) (SBAR (-NONE- 0) (S (NP-SBJ (DT that)) (VP (BES 's) (ADJP-PRD (RB really) (JJ important) (SBAR (EDITED (RM (-DFL- \[)) (SBAR-UNF (IN that)) (, ,) (IP (-DFL- \+))) (IN that) (RS (-DFL- \])) (S (NP-SBJ (PRP they)) (VP (VBP do) (NP (DT that)))))))))) (-DFL- E_S))",146.0,268.42,269.59999999999997
sw04utt/sw_0489_3238.utt,3/sw3238,3238,104,b,A,51,1,Yeah. /,Yeah/UH ./.,(INTJ (UH Yeah) (. .) (-DFL- E_S)),124.0,270.16,270.56
sw04utt/sw_0489_3238.utt,3/sw3238,3238,105,+,B,52,1,"-- [ that, + that ] they do that  /","--/: that/IN ,/, that/IN  [ they/PRP ] do/VBP  [ that/DT ]","(S (CC and) (NP-SBJ (PRP I)) (VP (VBP think) (SBAR (-NONE- 0) (S (NP-SBJ (DT that)) (VP (BES 's) (ADJP-PRD (RB really) (JJ important) (SBAR (EDITED (RM (-DFL- \[)) (SBAR-UNF (IN that)) (, ,) (IP (-DFL- \+))) (IN that) (RS (-DFL- \])) (S (NP-SBJ (PRP they)) (VP (VBP do) (NP (DT that)))))))))) (-DFL- E_S))",146.0,270.8,271.96000000000004
sw04utt/sw_0489_3238.utt,3/sw3238,3238,106,sv,B,52,2,"{C and } they realize there's a need for that,  /","and/CC  [ they/PRP ] realize/VBP  [ there/EX ] 's/BES  [ a/DT need/NN ] for/IN  [ that/DT ] ,/,","(S (CC and) (NP-SBJ (PRP they)) (VP (VBP realize) (SBAR (-NONE- 0) (S (NP-SBJ (EX there)) (VP (BES 's) (NP-PRD (NP (DT a) (NN need)) (PP (IN for) (NP (DT that)))))))) (, ,) (-DFL- E_S))",150.0,271.96,273.54
sw04utt/sw_0489_3238.utt,3/sw3238,3238,107,h,B,52,3,"{C and, }  {F um, } I don't know,  /","and/CC ,/, um/UH ,/,  [ I/PRP ] do/VBP n't/RB know/VB ,/,","(S (CC and) (, ,) (INTJ (UH um)) (, ,) (NP-SBJ (PRP I)) (VP (VBP do) (RB n't) (VP (VB know))) (, ,) (-DFL- E_S))",151.0,273.8,276.18
sw04utt/sw_0489_3238.utt,3/sw3238,3238,108,sd,B,52,4,"I found when I did do some work when my son was young, it was like contract work,  /","[ I/PRP ] found/VBD when/WRB  [ I/PRP ] did/VBD do/VB  [ some/DT work/NN ] when/WRB  [ my/PRP$ son/NN ] was/VBD young/JJ ,/,  [ it/PRP ] was/VBD like/IN  [ contract/NN work/NN ] ,/,","(S (NP-SBJ (PRP I)) (VP (VBD found) (SBAR (-NONE- 0) (S (SBAR-TMP (WHADVP-1 (WRB when)) (S (NP-SBJ (PRP I)) (VP (VBD did) (VP (VB do) (NP (DT some) (NN work)) (ADVP-TMP (-NONE- *T*-1)))))) (SBAR-TMP (WHADVP-2 (WRB when)) (S (NP-SBJ (PRP$ my) (NN son)) (VP (VBD was) (ADJP-PRD (JJ young)) (ADVP-TMP (-NONE- *T*-2))))) (, ,) (NP-SBJ (PRP it)) (VP (VBD was) (INTJ (IN like)) (NP-PRD (NN contract) (NN work)))))) (, ,) (-DFL- E_S))",152.0,276.18,280.18
sw04utt/sw_0489_3238.utt,3/sw3238,3238,109,sd,B,52,5,"{C and } it wasn't where I had to be there every day,  /","and/CC  [ it/PRP ] [ was/VBD n't/RB ] where/WRB  [ I/PRP ] had/VBD to/TO be/VB there/RB  [ every/DT day/NN ] ,/,","(S (CC and) (NP-SBJ (PRP it)) (VP (VBD was) (RB n't) (SBAR-PRD (WHADVP-2 (WRB where)) (S (NP-SBJ-1 (PRP I)) (VP (VBD had) (S (NP-SBJ (-NONE- *-1)) (VP (TO to) (VP (VB be) (ADVP-LOC-PRD (RB there)) (NP-TMP (DT every) (NN day)) (ADVP (-NONE- *T*-2))))))))) (, ,) (-DFL- E_S))",153.0,280.18,281.84
sw04utt/sw_0489_3238.utt,3/sw3238,3238,110,sd,B,52,6,"{C but, }  {E I mean, } we were going to the doctor once a week,  /","but/CC ,/,  [ I/PRP ] mean/VBP ,/,  [ we/PRP ] were/VBD going/VBG to/IN  [ the/DT doctor/NN ] once/IN  [ a/DT week/NN ] ,/,","(S (CC but) (PRN (, ,) (S (NP-SBJ (PRP I)) (VP (VBP mean))) (, ,)) (NP-SBJ (PRP we)) (VP (VBD were) (VP (VBG going) (PP-DIR (IN to) (NP (DT the) (NN doctor))) (PP-TMP (IN once) (NP (DT a) (NN week))))) (, ,) (-DFL- E_S))",154.0,281.84,284.36
sw04utt/sw_0489_3238.utt,3/sw3238,3238,111,sv,B,52,7,"{C so, } I don't know how you could have a full time job and ever have any vacation time to do anything besides go to the <laughter> doctor. /","so/RB ,/,  [ I/PRP ] do/VBP n't/RB know/VB how/WRB  [ you/PRP ] could/MD have/VB  [ a/DT full/GW time/^JJ job/NN ] and/CC ever/RB have/VB  [ any/DT vacation/NN time/NN ] to/TO do/VB  [ anything/NN ] besides/IN go/VB to/IN  [ the/DT doctor/NN ] ./.","(S (RB so) (, ,) (NP-SBJ (PRP I)) (VP (VBP do) (RB n't) (VP (VB know) (SBAR (WHADVP-2 (WRB how)) (S (NP-SBJ (PRP you)) (VP (MD could) (VP (VP (VB have) (NP (DT a) (GW full) (^JJ time) (NN job))) (CC and) (VP (ADVP-TMP (RB ever)) (VB have) (NP (NP (DT any) (NN vacation) (NN time)) (SBAR (WHADVP-1 (-NONE- 0)) (S (NP-SBJ (-NONE- *)) (VP (TO to) (VP (VB do) (NP (NP (NN anything)) (SBAR (IN besides) (S (NP-SBJ (-NONE- *)) (VP (VB go) (PP-DIR (IN to) (NP (DT the) (NN doctor))))))) (ADVP (-NONE- *T*-1)))))))) (ADVP-MNR (-NONE- *T*-2)))))))) (. .) (-DFL- E_S))",155.0,284.36,290.14
sw04utt/sw_0489_3238.utt,3/sw3238,3238,112,aa,A,53,1,"<Laughter> Yeah,  /","Yeah/UH ,/,","(INTJ (UH Yeah) (, ,) (-DFL- E_S))",111.0,290.14,290.4
sw04utt/sw_0489_3238.utt,3/sw3238,3238,113,aa^r,A,53,2,"yeah,  /","yeah/UH ,/,","(INTJ (UH yeah) (, ,) (-DFL- E_S))",158.0,290.78,290.97999999999996
sw04utt/sw_0489_3238.utt,3/sw3238,3238,114,ba,A,53,3,"I can see where that would definitely hinder the problem,  /","[ I/PRP ] can/MD see/VB where/WRB  [ that/DT ] would/MD definitely/RB hinder/VB  [ the/DT problem/NN ] ,/,","(S (NP-SBJ (PRP I)) (VP (MD can) (VP (VB see) (SBAR (WHADVP-1 (WRB where)) (S (NP-SBJ (DT that)) (VP (MD would) (ADVP (RB definitely)) (VP (VB hinder) (NP (DT the) (NN problem)) (ADVP (-NONE- *T*-1)))))))) (, ,) (-DFL- E_S))",159.0,290.98,295.59999999999997
sw04utt/sw_0489_3238.utt,3/sw3238,3238,115,aa,A,53,4,definitely.  /,definitely/UH ./.,(INTJ (UH definitely) (. .) (-DFL- E_S)),160.0,296.64,297.4
sw04utt/sw_0489_3238.utt,3/sw3238,3238,116,%,A,53,5,"{D Well, } -/","Well/UH ,/,","(INTJ (UH Well) (, ,) (-DFL- N_S))",161.0,298.42,298.54
