swda_filename,ptb_basename,conversation_no,transcript_index,act_tag,caller,utterance_index,subutterance_index,text,pos,trees,ptb_treenumbers,start_ts,end_ts
sw04utt/sw_0423_3325.utt,3/sw3325,3325,0,o,A,1,1,"Okay,  /","Okay/UH ,/,","(INTJ (UH Okay) (, ,) (-DFL- E_S))",1,0.02,0.46
sw04utt/sw_0423_3325.utt,3/sw3325,3325,1,qy,A,1,2,"{D well, }  do you have a pet? /","well/UH ,/, do/VBP  [ you/PRP ] have/VB  [ a/DT pet/NN ] ?/.","(SQ (INTJ (UH well)) (, ,) (VBP do) (NP-SBJ (PRP you)) (VP (VB have) (NP (DT a) (NN pet))) (. ?) (-DFL- E_S))",2,0.46,1.26
sw04utt/sw_0423_3325.utt,3/sw3325,3325,2,na,B,2,1,I have two  cats.,[ I/PRP ] have/VBP  [ two/CD cats/NNS ] ./.,(S (NP-SBJ (PRP I)) (VP (VBP have) (NP (CD two) (NNS cats))) (. .)),4,2.02,3.3200000000000003
sw04utt/sw_0423_3325.utt,3/sw3325,3325,3,b^m,A,3,1,"Two cats,  /","[ Two/CD cats/NNS ] ,/,","(NP (CD Two) (NNS cats) (, ,) (-DFL- E_S))",8,3.32,4.08
sw04utt/sw_0423_3325.utt,3/sw3325,3325,4,ba,A,3,2,you're lucky. /,[ you/PRP ] 're/VBP lucky/JJ ./.,(S (NP-SBJ (PRP you)) (VP (VBP 're) (ADJP-PRD (JJ lucky))) (. .) (-DFL- E_S)),9,4.08,4.68
sw04utt/sw_0423_3325.utt,3/sw3325,3325,5,+,B,4,1,"[ And do, +  [ and, + {F oh, } and ] two  ] fish. /","And/CC do/VBP ,/, and/CC ,/, oh/UH ,/, and/CC  [ two/CD fish/NN ] ./.","(SQ-UNF (RM (-DFL- \[)) (CC And) (VBP do) (, ,) (IP (-DFL- \+)))|||(FRAG (EDITED (RM (-DFL- \[)) (CC and) (, ,) (IP (-DFL- \+))) (INTJ (UH oh)) (, ,) (CC and) (RS (-DFL- \])) (NP (CD two) (RS (-DFL- \])) (NN fish)) (. .) (-DFL- E_S))",5|||6,4.7,6.3
sw04utt/sw_0423_3325.utt,3/sw3325,3325,6,sd,A,5,1,<Laughter>  Your two fish. -/,[ Your/PRP$ two/CD fish/NN ] ./.,(NP (PRP$ Your) (CD two) (NN fish) (. .) (-DFL- N_S)),12,6.5,7.24
sw04utt/sw_0423_3325.utt,3/sw3325,3325,7,qw,B,6,1,{C And } what do you have? /,And/CC  [ what/WP ] do/VBP  [ you/PRP ] have/VB ?/.,(SBARQ (CC And) (WHNP-1 (WP what)) (SQ (VBP do) (NP-SBJ (PRP you)) (VP (VB have) (NP (-NONE- *T*-1)))) (. ?) (-DFL- E_S)),14,7.24,8.06
sw04utt/sw_0423_3325.utt,3/sw3325,3325,8,%,A,7,1,"{D Well, } my husband, - /","Well/UH ,/,  [ my/PRP$ husband/NN ] ,/,","(S-UNF (INTJ (UH Well)) (, ,) (NP-SBJ (PRP$ my) (NN husband)) (, ,) (-DFL- N_S))",16,8.32,9.520000000000001
sw04utt/sw_0423_3325.utt,3/sw3325,3325,9,sv,A,7,2,"you know, how, sometimes when you marry someone that you get along on everything except one major thing. /","[ you/PRP ] know/VBP ,/, how/WRB ,/, sometimes/RB when/WRB  [ you/PRP ] marry/VBP  [ someone/NN ] that/WDT  [ you/PRP ] get/VBP along/RP on/IN  [ everything/NN ] except/IN  [ one/CD ] [ major/JJ thing/NN ] ./.","(S (NP-SBJ (PRP you)) (VP (VBP know) (, ,) (SBAR (WRB how) (, ,) (ADVP-TMP (RB sometimes)) (SBAR-TMP (WHADVP-1 (WRB when)) (S (NP-SBJ (PRP you)) (VP (VBP marry) (NP (NN someone)) (ADVP-TMP (-NONE- *T*-1))))) (SBAR (WDT that) (S (NP-SBJ (PRP you)) (VP (VBP get) (ADVP (RP along)) (PP (IN on) (NP (NP (NN everything)) (PP (IN except) (NP (CD one) (JJ major) (NN thing)))))))))) (. .) (-DFL- E_S))",17,9.52,14.42
sw04utt/sw_0423_3325.utt,3/sw3325,3325,10,b,B,8,1,"{F Oh, } no. /","Oh/UH ,/, no/UH ./.","(INTJ (INTJ (UH Oh)) (, ,) (INTJ (UH no)) (. .) (-DFL- E_S))",19,14.42,15.0
sw04utt/sw_0423_3325.utt,3/sw3325,3325,11,sd,A,9,1,"My husband is a hunter, fisherman, outdoorsman, Marlboro type person who had to have a sporting dog.  /","[ My/PRP$ husband/NN ] is/VBZ  [ a/DT hunter/NN ] ,/,  [ fisherman/NN ] ,/,  [ outdoorsman/NN ] ,/,  [ Marlboro/NNP type/NN person/NN ] [ who/WP ] had/VBD to/TO have/VB  [ a/DT sporting/NN dog/NN ] ./.","(S (NP-SBJ (PRP$ My) (NN husband)) (VP (VBZ is) (NP-PRD (NP (DT a) (NX (NX (NN hunter)) (, ,) (NX (NN fisherman)) (, ,) (NX (NN outdoorsman)) (, ,) (NX (NNP Marlboro) (NN type) (NN person)))) (SBAR (WHNP-1 (WP who)) (S (NP-SBJ-2 (-NONE- *T*-1)) (VP (VBD had) (S (NP-SBJ (-NONE- *-2)) (VP (TO to) (VP (VB have) (NP (DT a) (NN sporting) (NN dog)))))))))) (. .) (-DFL- E_S))",21,15.0,21.3
sw04utt/sw_0423_3325.utt,3/sw3325,3325,12,sd,A,9,2,{C So } we have a black Labrador. /,So/RB  [ we/PRP ] have/VBP  [ a/DT black/JJ Labrador/NNP ] ./.,(S (RB So) (NP-SBJ (PRP we)) (VP (VBP have) (NP (DT a) (JJ black) (NNP Labrador))) (. .) (-DFL- E_S)),22,21.3,23.04
sw04utt/sw_0423_3325.utt,3/sw3325,3325,13,bk,B,10,1,Ooh. /,Ooh/UH ./.,(INTJ (UH Ooh) (. .) (-DFL- E_S)),24,23.5,23.76
sw04utt/sw_0423_3325.utt,3/sw3325,3325,14,sd,A,11,1,"Beautiful, gorgeous black Labrador,  /","[ Beautiful/JJ ] ,/,  [ gorgeous/JJ black/JJ Labrador/NNP ] ,/,","(NP (JJ Beautiful) (, ,) (JJ gorgeous) (JJ black) (NNP Labrador) (, ,) (-DFL- E_S))",26,23.82,25.799999999999997
sw04utt/sw_0423_3325.utt,3/sw3325,3325,15,sd,A,11,2,"{C but } to me, he belongs up [ [ in the field, + {D you know, } in the --","but/CC to/IN  [ me/PRP ] ,/,  [ he/PRP ] belongs/VBZ up/IN in/IN  [ the/DT field/NN ] ,/,  [ you/PRP ] know/VBP ,/, in/IN  [ the/DT ] --/:","(S (CC but) (PP (IN to) (NP (PRP me))) (, ,) (NP-SBJ (PRP he)) (VP (VBZ belongs) (PP-LOC (IN up) (EDITED (RM (-DFL- \[)) (EDITED (RM (-DFL- \[)) (PP (IN in) (NP (DT the) (NN field))) (, ,) (IP (-DFL- \+))) (PRN (S (NP-SBJ (PRP you)) (VP (VBP know))) (, ,)) (PP (IN in) (NP (DT the) (NN ranch))) (, ,) (RS (-DFL- \])) (IP (-DFL- \+))) (PP (IN in) (NP (DT the) (NN farm))))) (RS (-DFL- \])) (-DFL- E_S))",27,25.8,29.56
sw04utt/sw_0423_3325.utt,3/sw3325,3325,16,o@,B,12,1,Right.,[ Right/UH ] ./.,(INTJ (UH Right) (. .)),29,29.56,29.72
sw04utt/sw_0423_3325.utt,3/sw3325,3325,17,+,A,13,1,"-- ranch, ] + in the farm ]  /","--/:  [ ranch/NN ] ,/, in/IN  [ the/DT farm/NN ]","(S (CC but) (PP (IN to) (NP (PRP me))) (, ,) (NP-SBJ (PRP he)) (VP (VBZ belongs) (PP-LOC (IN up) (EDITED (RM (-DFL- \[)) (EDITED (RM (-DFL- \[)) (PP (IN in) (NP (DT the) (NN field))) (, ,) (IP (-DFL- \+))) (PRN (S (NP-SBJ (PRP you)) (VP (VBP know))) (, ,)) (PP (IN in) (NP (DT the) (NN ranch))) (, ,) (RS (-DFL- \])) (IP (-DFL- \+))) (PP (IN in) (NP (DT the) (NN farm))))) (RS (-DFL- \])) (-DFL- E_S))",27,29.72,30.520000000000003
sw04utt/sw_0423_3325.utt,3/sw3325,3325,18,%,A,13,2,"{C and, } -/","and/CC ,/,","(S-UNF (CC and) (, ,) (-DFL- N_S))",32,30.52,30.66
sw04utt/sw_0423_3325.utt,3/sw3325,3325,19,+@,B,14,1,Does he sleep in your house? /,Does/VBZ  [ he/PRP ] sleep/VB in/IN  [ your/PRP$ house/NN ] ?/.,(SQ (VBZ Does) (NP-SBJ (PRP he)) (VP (VB sleep) (PP-LOC (IN in) (NP (PRP$ your) (NN house)))) (. ?) (-DFL- E_S)),30,30.88,32.16
sw04utt/sw_0423_3325.utt,3/sw3325,3325,20,nd,A,15,1,"{D Well, } because we finally negotiated that I was losing my mind,  {F uh, } he sleeps in the laundry room  /","Well/UH ,/, because/IN  [ we/PRP ] finally/RB negotiated/VBD that/IN  [ I/PRP ] was/VBD losing/VBG  [ my/PRP$ mind/NN ] ,/,  [ uh/UH ] ,/,  [ he/PRP ] sleeps/VBZ in/IN  [ the/DT laundry/NN room/NN ]","(S (INTJ (UH Well)) (, ,) (SBAR-PRP (IN because) (S (NP-SBJ (PRP we)) (ADVP (RB finally)) (VP (VBD negotiated) (SBAR (IN that) (S (NP-SBJ (PRP I)) (VP (VBD was) (VP (VBG losing) (NP (PRP$ my) (NN mind))))))))) (, ,) (INTJ (UH uh)) (, ,) (NP-SBJ (PRP he)) (VP (VBZ sleeps) (PP-LOC (IN in) (NP (DT the) (NN laundry) (NN room)))) (-DFL- E_S))",35,32.28,38.06
sw04utt/sw_0423_3325.utt,3/sw3325,3325,21,sd,A,15,2,{C and then } he goes out for the day.  /,and/CC then/RB  [ he/PRP ] goes/VBZ out/RB for/IN  [ the/DT day/NN ] ./.,(S (CONJP (CC and) (RB then)) (NP-SBJ (PRP he)) (VP (VBZ goes) (ADVP-DIR (RB out)) (PP-TMP (IN for) (NP (DT the) (NN day)))) (. .) (-DFL- E_S)),36,38.06,39.42
sw04utt/sw_0423_3325.utt,3/sw3325,3325,22,sd,A,15,3,"{C But } [ this, + this ] is a beautiful dog  /","But/CC  [ this/DT ] ,/,  [ this/DT ] is/VBZ  [ a/DT beautiful/JJ dog/NN ]","(S (CC But) (EDITED (RM (-DFL- \[)) (NP-SBJ (DT this)) (, ,) (IP (-DFL- \+))) (NP-SBJ (DT this)) (RS (-DFL- \])) (VP (VBZ is) (NP-PRD (DT a) (JJ beautiful) (NN dog))) (-DFL- E_S))",37,39.84,42.0
sw04utt/sw_0423_3325.utt,3/sw3325,3325,23,sd,A,15,4,{C and } he is wonderful with our little girls  /,and/CC  [ he/PRP ] is/VBZ wonderful/JJ with/IN  [ our/PRP$ little/JJ girls/NNS ],(S (CC and) (NP-SBJ (PRP he)) (VP (VBZ is) (ADJP-PRD (JJ wonderful) (PP (IN with) (NP (PRP$ our) (JJ little) (NNS girls))))) (-DFL- E_S)),38,42.16,44.5
sw04utt/sw_0423_3325.utt,3/sw3325,3325,24,sd,A,15,5,"{C and } [ he is, + he's, ] comes from a purebred line  /","and/CC  [ he/PRP ] is/VBZ ,/,  [ he/PRP ] 's/BES ,/, comes/VBZ from/IN  [ a/DT purebred/JJ line/NN ]","(S (CC and) (EDITED (RM (-DFL- \[)) (S-UNF (NP-SBJ (PRP he)) (X (VBZ is))) (, ,) (IP (-DFL- \+))) (NP-SBJ (PRP he)) (X (BES 's)) (, ,) (RS (-DFL- \])) (VP (VBZ comes) (PP (IN from) (NP (DT a) (JJ purebred) (NN line)))) (-DFL- E_S))",39,44.5,47.86
sw04utt/sw_0423_3325.utt,3/sw3325,3325,25,sd,A,15,6,"{C and } there's nothing you could say bad about him, except that I was more of a cat or a small dog person --","and/CC  [ there/EX ] 's/BES  [ nothing/NN ] [ you/PRP ] could/MD say/VB  [ bad/JJ ] about/IN  [ him/PRP ] ,/, except/IN that/IN  [ I/PRP ] was/VBD more/JJR of/IN  [ a/DT cat/NN ] or/CC  [ a/DT small/JJ dog/NN person/NN ] --/:","(S (CC and) (NP-SBJ (EX there)) (VP (BES 's) (NP-PRD (NP (NN nothing)) (SBAR (WHNP-1 (-NONE- 0)) (S (NP-SBJ (PRP you)) (VP (MD could) (VP (VB say) (NP (-NONE- *T*-1)))))) (ADJP (JJ bad)) (PP (IN about) (NP (PRP him))) (, ,) (PP (IN except) (SBAR (IN that) (S (NP-SBJ (PRP I)) (VP (VBD was) (NP-PRD (NP (JJR more)) (PP (IN of) (NP (NAC (DT a) (NN cat) (CC or) (DT a) (JJ small) (NN dog) (SBAR (-NONE- *ICH*-2))) (NN person) (SBAR-2 (WHNP-3 (IN that)) (S (NP-SBJ (PRP you)) (VP (MD could) (VP (VP (VB sit) (NP (-NONE- *T*-3)) (PP-LOC (IN in) (NP (DT the) (NN chair)))) (CC and) (VP (VB cuddle) (NP (-NONE- *T*-3)))))))))))))))) (. .) (-DFL- E_S))",40,47.86,54.2
sw04utt/sw_0423_3325.utt,3/sw3325,3325,26,b,B,16,1,Right. /,[ Right/UH ] ./.,(INTJ (UH Right) (. .)),29,54.2,54.34
sw04utt/sw_0423_3325.utt,3/sw3325,3325,27,+,A,17,1,-- that you could sit in the chair and cuddle. /,--/: that/IN  [ you/PRP ] could/MD sit/VB in/IN  [ the/DT chair/NN ] and/CC  [ cuddle/VB ] ./.,"(S (CC and) (NP-SBJ (EX there)) (VP (BES 's) (NP-PRD (NP (NN nothing)) (SBAR (WHNP-1 (-NONE- 0)) (S (NP-SBJ (PRP you)) (VP (MD could) (VP (VB say) (NP (-NONE- *T*-1)))))) (ADJP (JJ bad)) (PP (IN about) (NP (PRP him))) (, ,) (PP (IN except) (SBAR (IN that) (S (NP-SBJ (PRP I)) (VP (VBD was) (NP-PRD (NP (JJR more)) (PP (IN of) (NP (NAC (DT a) (NN cat) (CC or) (DT a) (JJ small) (NN dog) (SBAR (-NONE- *ICH*-2))) (NN person) (SBAR-2 (WHNP-3 (IN that)) (S (NP-SBJ (PRP you)) (VP (MD could) (VP (VP (VB sit) (NP (-NONE- *T*-3)) (PP-LOC (IN in) (NP (DT the) (NN chair)))) (CC and) (VP (VB cuddle) (NP (-NONE- *T*-3)))))))))))))))) (. .) (-DFL- E_S))",40,54.34,55.620000000000005
sw04utt/sw_0423_3325.utt,3/sw3325,3325,28,b,B,18,1,Right. /,[ Right/UH ] ./.,(INTJ (UH Right) (. .)),29,55.92,56.32
sw04utt/sw_0423_3325.utt,3/sw3325,3325,29,sd,A,19,1,{C And } this is huge.  /,And/CC  [ this/DT ] is/VBZ huge/JJ ./.,(S (CC And) (NP-SBJ (DT this)) (VP (VBZ is) (ADJP-PRD (JJ huge))) (. .) (-DFL- E_S)),47,56.32,57.44
sw04utt/sw_0423_3325.utt,3/sw3325,3325,30,sd,A,19,2,"{D You know, } course, when he runs around the yard, he just digs,  /","[ You/PRP ] know/VBP ,/,  [ course/NN ] ,/, when/WRB  [ he/PRP ] runs/VBZ around/IN  [ the/DT yard/NN ] ,/,  [ he/PRP ] just/RB digs/VBZ ,/,","(S (PRN (S (NP-SBJ (PRP You)) (VP (VBP know))) (, ,)) (NP-ADV (NN course)) (, ,) (SBAR-TMP (WHADVP-1 (WRB when)) (S (NP-SBJ (PRP he)) (VP (VBZ runs) (PP-DIR (IN around) (NP (DT the) (NN yard))) (ADVP-TMP (-NONE- *T*-1))))) (, ,) (NP-SBJ (PRP he)) (ADVP (RB just)) (VP (VBZ digs)) (, ,) (-DFL- E_S))",48,57.44,60.019999999999996
sw04utt/sw_0423_3325.utt,3/sw3325,3325,31,sd,A,19,3,"he doesn't know that he's tearing up things,  /","[ he/PRP ] does/VBZ n't/RB know/VB that/IN  [ he/PRP ] 's/BES tearing/VBG up/RP  [ things/NNS ] ,/,","(S (NP-SBJ (PRP he)) (VP (VBZ does) (RB n't) (VP (VB know) (SBAR (IN that) (S (NP-SBJ (PRP he)) (VP (BES 's) (VP (VBG tearing) (PRT (RP up)) (NP (NNS things)))))))) (, ,) (-DFL- E_S))",49,60.02,62.28
sw04utt/sw_0423_3325.utt,3/sw3325,3325,32,sd,A,19,4,{C but } he does. /,but/CC  [ he/PRP ] does/VBZ ./.,(S (CC but) (NP-SBJ (PRP he)) (VP (VBZ does)) (. .) (-DFL- E_S)),50,62.28,62.660000000000004
sw04utt/sw_0423_3325.utt,3/sw3325,3325,33,b,B,20,1,"Yeah,  /","Yeah/UH ,/,","(INTJ (UH Yeah) (, ,) (-DFL- E_S))",52,62.66,62.9
sw04utt/sw_0423_3325.utt,3/sw3325,3325,34,b^r,B,20,2,yeah. /,yeah/UH ./.,(INTJ (UH yeah) (. .) (-DFL- E_S)),53,62.9,63.16
sw04utt/sw_0423_3325.utt,3/sw3325,3325,35,sd,A,21,1,"{C And } the worst part that I had with him, {A [ he's, + he's ] three now } --","And/CC  [ the/DT worst/JJS part/NN ] that/WDT  [ I/PRP ] had/VBD with/IN  [ him/PRP ] ,/,  [ he/PRP ] 's/BES ,/,  [ he/PRP ] 's/BES  [ three/CD ] now/RB --/:","(S (CC And) (NP-SBJ (NP (DT the) (JJS worst) (NN part)) (SBAR (WHNP-1 (WDT that)) (S (NP-SBJ (PRP I)) (VP (VBD had) (NP (-NONE- *T*-1)) (PP (IN with) (NP (PRP him))))))) (PRN (, ,) (S (EDITED (RM (-DFL- \[)) (S (NP-SBJ (PRP he)) (VP-UNF (BES 's))) (, ,) (IP (-DFL- \+))) (NP-SBJ (PRP he)) (VP (BES 's) (RS (-DFL- \])) (NP-PRD (CD three)) (ADVP-TMP (RB now))))) (VP (VBD was) (SBAR-TMP-PRD (WHADVP-2 (WRB when)) (S (NP-SBJ (PRP he)) (VP (VBD was) (, ,) (INTJ (UH uh)) (, ,) (ADJP-PRD (NP-ADV (QP (RB about) (CD eight)) (NNS months)) (JJ old)) (ADVP-TMP (-NONE- *T*-2)))))) (-DFL- E_S))",55,63.52,66.64
sw04utt/sw_0423_3325.utt,3/sw3325,3325,36,b,B,22,1,Uh-huh. /,[ Uh-huh/UH ] ./.,(INTJ (UH Uh-huh) (. .) (-DFL- E_S)),57,66.94,67.08
sw04utt/sw_0423_3325.utt,3/sw3325,3325,37,+,A,23,1,"-- was when he was, {F uh, } about eight months old  /","--/: was/VBD when/WRB  [ he/PRP ] was/VBD ,/,  [ uh/UH ] ,/, about/RB  [ eight/CD months/NNS ] old/JJ","(S (CC And) (NP-SBJ (NP (DT the) (JJS worst) (NN part)) (SBAR (WHNP-1 (WDT that)) (S (NP-SBJ (PRP I)) (VP (VBD had) (NP (-NONE- *T*-1)) (PP (IN with) (NP (PRP him))))))) (PRN (, ,) (S (EDITED (RM (-DFL- \[)) (S (NP-SBJ (PRP he)) (VP-UNF (BES 's))) (, ,) (IP (-DFL- \+))) (NP-SBJ (PRP he)) (VP (BES 's) (RS (-DFL- \])) (NP-PRD (CD three)) (ADVP-TMP (RB now))))) (VP (VBD was) (SBAR-TMP-PRD (WHADVP-2 (WRB when)) (S (NP-SBJ (PRP he)) (VP (VBD was) (, ,) (INTJ (UH uh)) (, ,) (ADJP-PRD (NP-ADV (QP (RB about) (CD eight)) (NNS months)) (JJ old)) (ADVP-TMP (-NONE- *T*-2)))))) (-DFL- E_S))",55,67.08,69.03999999999999
sw04utt/sw_0423_3325.utt,3/sw3325,3325,38,sd,A,23,2,"{C and } I did not know what to expect from a dog having not had one,  /","and/CC  [ I/PRP ] did/VBD not/RB know/VB  [ what/WP ] to/TO expect/VB from/IN  [ a/DT dog/NN ] having/VBG not/RB had/VBN  [ one/CD ] ,/,","(S (CC and) (NP-SBJ-2 (PRP I)) (VP (VBD did) (RB not) (VP (VB know) (SBAR (WHNP-1 (WP what)) (S (NP-SBJ (-NONE- *)) (VP (TO to) (VP (VB expect) (NP (-NONE- *T*-1)) (PP (IN from) (NP (DT a) (NN dog))))))) (S-ADV (NP-SBJ (-NONE- *-2)) (VP (VBG having) (RB not) (VP (VBN had) (NP (CD one))))))) (, ,) (-DFL- E_S))",59,69.04,71.80000000000001
sw04utt/sw_0423_3325.utt,3/sw3325,3325,39,sd,A,23,3,{C and } I left him in the kitchen with the little baby gates up while I was gone for about an hour.   /,and/CC  [ I/PRP ] left/VBD  [ him/PRP ] in/IN  [ the/DT kitchen/NN ] with/IN  [ the/DT little/JJ baby/NN ] gates/VBZ up/RP while/IN  [ I/PRP ] was/VBD gone/VBN for/IN about/RB  [ an/DT hour/NN ] ./.,(S (CC and) (NP-SBJ (PRP I)) (VP (VBD left) (NP (PRP him)) (PP-LOC (IN in) (NP (DT the) (NN kitchen))) (SBAR-ADV (IN with) (S (NP-SBJ (DT the) (JJ little) (NN baby) (VBZ gates)) (ADJP-PRD (RP up)))) (SBAR-TMP (IN while) (S (NP-SBJ (PRP I)) (VP (VBD was) (ADJP-PRD (VBN gone)) (PP-TMP (IN for) (NP (QP (RB about) (DT an)) (NN hour))))))) (. .) (-DFL- E_S)),60,71.8,75.94
sw04utt/sw_0423_3325.utt,3/sw3325,3325,40,sd,A,23,4,{C And } I came home  /,And/CC  [ I/PRP ] came/VBD  [ home/NN ],(S (CC And) (NP-SBJ (PRP I)) (VP (VBD came) (ADVP-DIR (NN home))) (-DFL- E_S)),61,76.32,77.06
sw04utt/sw_0423_3325.utt,3/sw3325,3325,41,sd,A,23,5,{C and } he had ripped my wallpaper off my wall. /,and/CC  [ he/PRP ] had/VBD ripped/VBN  [ my/PRP$ wallpaper/NN ] off/IN  [ my/PRP$ wall/NN ] ./.,(S (CC and) (NP-SBJ (PRP he)) (VP (VBD had) (VP (VBN ripped) (NP (PRP$ my) (NN wallpaper)) (PP-DIR (IN off) (NP (PRP$ my) (NN wall))))) (. .) (-DFL- E_S)),62,77.06,78.9
sw04utt/sw_0423_3325.utt,3/sw3325,3325,42,ba,B,24,1,"{F Oh, } my word. /","Oh/UH ,/,  [ my/PRP$ word/UH ] ./.","(INTJ (INTJ (UH Oh)) (, ,) (INTJ (PRP$ my) (UH word)) (. .) (-DFL- E_S))",64,78.9,79.39999999999999
sw04utt/sw_0423_3325.utt,3/sw3325,3325,43,sd,A,25,1,{C And } it was in the floor  /,And/CC  [ it/PRP ] was/VBD in/IN  [ the/DT floor/NN ],(S (CC And) (NP-SBJ (PRP it)) (VP (VBD was) (PP-PRD (IN in) (NP (DT the) (NN floor)))) (-DFL- E_S)),66,79.84,80.9
sw04utt/sw_0423_3325.utt,3/sw3325,3325,44,sd,A,25,2,{C and } I just about lost it  /,and/CC  [ I/PRP ] just/RB about/RB lost/VBD  [ it/PRP ],(S (CC and) (NP-SBJ (PRP I)) (ADVP (RB just) (RB about)) (VP (VBD lost) (NP (PRP it))) (-DFL- E_S)),67,81.58,83.46
sw04utt/sw_0423_3325.utt,3/sw3325,3325,45,sd,A,25,3,{C and } I called  /,and/CC  [ I/PRP ] called/VBD,(S (CC and) (NP-SBJ (PRP I)) (VP (VBD called)) (-DFL- E_S)),68,83.46,84.02000000000001
sw04utt/sw_0423_3325.utt,3/sw3325,3325,46,sd(^q),A,25,4,"{C and } I said, come home  and get your dog.  /","and/CC  [ I/PRP ] said/VBD ,/, come/VB  [ home/NN ] and/CC get/VB  [ your/PRP$ dog/NN ] ./.","(S (CC and) (NP-SBJ (PRP I)) (VP (VBD said) (, ,) (S-IMP-SEZ (NP-SBJ (-NONE- *)) (VP (VP (VB come) (ADVP-DIR (NN home))) (CC and) (VP (VB get) (NP (PRP$ your) (NN dog)))))) (. .) (-DFL- E_S))",69,84.02,86.02000000000001
sw04utt/sw_0423_3325.utt,3/sw3325,3325,47,sd(^q),A,25,5,"{C And so, } he said, {D well, } puppies just chew when they're nervous  and [ I, + {D well, } I ] wish you had told me --","And/CC so/RB ,/,  [ he/PRP ] said/VBD ,/, well/UH ,/,  [ puppies/NNS ] just/RB chew/VBP when/WRB  [ they/PRP ] 're/VBP nervous/JJ and/CC  [ I/PRP ] ,/, well/UH ,/,  [ I/PRP ] wish/VBP  [ you/PRP ] had/VBD told/VBN  [ me/PRP ] --/:","(S (CONJP (CC And) (RB so)) (, ,) (NP-SBJ (PRP he)) (VP (VBD said) (, ,) (S-SEZ (INTJ (UH well)) (, ,) (NP-SBJ (NNS puppies)) (ADVP (RB just)) (VP (VBP chew) (SBAR-TMP (WHADVP-1 (WRB when)) (S (NP-SBJ (PRP they)) (VP (VBP 're) (ADJP-PRD (JJ nervous)) (ADVP-TMP (-NONE- *T*-1)))))))))|||(S (CC and) (EDITED (RM (-DFL- \[)) (NP-SBJ (PRP I)) (, ,) (IP (-DFL- \+))) (INTJ (UH well)) (, ,) (NP-SBJ (PRP I)) (RS (-DFL- \])) (VP (VBP wish) (SBAR (-NONE- 0) (S (NP-SBJ (PRP you)) (VP (VBD had) (VP (VBN told) (NP (PRP me)))))) (PRN (S (NP-SBJ (PRP you)) (VP (VBP know))))) (, ,) (-DFL- E_S))",70|||71,86.64,90.36
sw04utt/sw_0423_3325.utt,3/sw3325,3325,48,ba,B,26,1,"{F Oh, } dear. /","Oh/UH ,/, dear/UH ./.","(INTJ (INTJ (UH Oh)) (, ,) (INTJ (UH dear)) (. .) (-DFL- E_S))",73,90.36,90.78
sw04utt/sw_0423_3325.utt,3/sw3325,3325,49,+,A,27,1,"-- {D you know, }  /","--/:  [ you/PRP ] know/VBP ,/,","(S (CC and) (EDITED (RM (-DFL- \[)) (NP-SBJ (PRP I)) (, ,) (IP (-DFL- \+))) (INTJ (UH well)) (, ,) (NP-SBJ (PRP I)) (RS (-DFL- \])) (VP (VBP wish) (SBAR (-NONE- 0) (S (NP-SBJ (PRP you)) (VP (VBD had) (VP (VBN told) (NP (PRP me)))))) (PRN (S (NP-SBJ (PRP you)) (VP (VBP know))))) (, ,) (-DFL- E_S))",71,90.78,91.0
sw04utt/sw_0423_3325.utt,3/sw3325,3325,50,sd,A,27,2,"{C and } it was about eight months later,  he ate a piece of the linoleum.  /","and/CC  [ it/PRP ] was/VBD about/RB  [ eight/CD months/NNS ] later/RB ,/,  [ he/PRP ] ate/VBD  [ a/DT piece/NN ] of/IN  [ the/DT linoleum/NN ] ./.","(S-CLF (CC and) (NP-SBJ (PRP it)) (VP (VBD was) (ADVP-TMP-PRD (NP (QP (RB about) (CD eight)) (NNS months)) (RB later)) (, ,) (SBAR (WHADVP-1 (-NONE- 0)) (S (NP-SBJ (PRP he)) (VP (VBD ate) (NP (NP (DT a) (NN piece)) (PP (IN of) (NP (DT the) (NN linoleum)))) (ADVP-TMP (-NONE- *T*-1)))))) (. .) (-DFL- E_S))",75,91.42,94.47999999999999
sw04utt/sw_0423_3325.utt,3/sw3325,3325,51,sd,A,27,3,He kept picking at it  /,[ He/PRP ] kept/VBD picking/VBG at/IN  [ it/PRP ],(S (NP-SBJ-1 (PRP He)) (VP (VBD kept) (S (NP-SBJ (-NONE- *-1)) (VP (VBG picking) (PP (IN at) (NP (PRP it)))))) (-DFL- E_S)),76,94.48,95.62
sw04utt/sw_0423_3325.utt,3/sw3325,3325,52,sd,A,27,4,"{C and } I didn't kn-, - /","and/CC  [ I/PRP ] did/VBD n't/RB  [ kn/VB ] ,/,","(S (CC and) (NP-SBJ (PRP I)) (VP (VBD did) (RB n't) (VP-UNF (VB kn-))) (, ,) (-DFL- N_S))",77,95.62,96.33999999999999
sw04utt/sw_0423_3325.utt,3/sw3325,3325,53,sd,A,27,5,"[ the, + the ] tile in the kitchen and picked a hole in it <lipsmack>. - /","[ the/DT ] ,/,  [ the/DT tile/NN ] in/IN  [ the/DT kitchen/NN ] and/CC picked/VBD  [ a/DT hole/NN ] in/IN  [ it/PRP ] ./.","(NP (EDITED (RM (-DFL- \[)) (NP-UNF (DT the)) (, ,) (IP (-DFL- \+))) (NP (DT the) (RS (-DFL- \])) (NN tile)) (PP-LOC (IN in) (NP (DT the) (NN kitchen))))|||(S (CC and) (NP-SBJ (-NONE- *)) (VP (VBD picked) (NP (DT a) (NN hole)) (PP-LOC (IN in) (NP (PRP it)))) (. .) (-DFL- N_S))",78|||79,96.34,98.82000000000001
sw04utt/sw_0423_3325.utt,3/sw3325,3325,54,sd,A,27,6,"{C So }  the last thing he did was, when I had sat out a whole lot of begonias in the backyard,   [ and + ] he dug them all up and brought them to the porch.  /","So/RB  [ the/DT last/JJ thing/NN ] [ he/PRP ] did/VBD was/VBD ,/, when/WRB  [ I/PRP ] had/VBD sat/VBN out/RP  [ a/DT whole/JJ lot/NN ] of/IN  [ begonias/NNS ] in/IN  [ the/DT backyard/NN ] ,/, and/CC  [ he/PRP ] dug/VBD  [ them/PRP ] [ all/DT ] up/RP and/CC brought/VBD  [ them/PRP ] to/IN  [ the/DT porch/NN ] ./.","(S (RB So) (NP-SBJ (NP (DT the) (JJ last) (NN thing)) (SBAR (WHNP-1 (-NONE- 0)) (S (NP-SBJ (PRP he)) (VP (VBD did) (NP (-NONE- *T*-1)))))) (VP (VBD was) (, ,) (SBAR-TMP-PRD (WHADVP-2 (WRB when)) (S (S (NP-SBJ (PRP I)) (VP (VBD had) (VP (VBN sat) (PRT (RP out)) (NP (NP (DT a) (JJ whole) (NN lot)) (PP (IN of) (NP (NNS begonias)))) (PP-LOC (IN in) (NP (DT the) (NN backyard)))))) (, ,) (RM (-DFL- \[)) (CC and) (IP (-DFL- \+)) (RS (-DFL- \])) (S (NP-SBJ (PRP he)) (VP (VP (VBD dug) (NP (NP (PRP them)) (NP (DT all))) (PRT (RP up))) (CC and) (VP (VBD brought) (NP (PRP them)) (PP-DIR (IN to) (NP (DT the) (NN porch)))))) (ADVP-TMP (-NONE- *T*-2))))) (. .) (-DFL- E_S))",80,99.92,105.94
sw04utt/sw_0423_3325.utt,3/sw3325,3325,55,sd,A,27,7,"{C And } I told my husband,  /","And/CC  [ I/PRP ] told/VBD  [ my/PRP$ husband/NN ] ,/,","(S (CC And) (S (NP-SBJ (PRP I)) (VP (VBD told) (NP (PRP$ my) (NN husband)) (S-SEZ (-NONE- *RNR*-1)))) (, ,) (-DFL- E_S) (S (NP-SBJ (PRP I)) (VP (VBD said) (S-SEZ (-NONE- *RNR*-1)))) (PRN (, ,) (S (NP-SBJ (PRP you)) (VP (VBP know))) (, ,)) (S-SEZ-1 (NP-SBJ (PRP it)) (VP (BES 's) (NP-PRD (CC either) (NP (PRP me)) (CC or) (NP (DT the) (NN dog))))) (, ,) (-DFL- E_S))",81,106.4,107.27999999999999
sw04utt/sw_0423_3325.utt,3/sw3325,3325,56,sd(^q),A,27,8,"I said, {D you know, } it's either me or the dog,  /","[ I/PRP ] said/VBD ,/,  [ you/PRP ] know/VBP ,/,  [ it/PRP ] 's/BES  [ either/CC ] [ me/PRP ] or/CC  [ the/DT dog/NN ] ,/,","(S (CC And) (S (NP-SBJ (PRP I)) (VP (VBD told) (NP (PRP$ my) (NN husband)) (S-SEZ (-NONE- *RNR*-1)))) (, ,) (-DFL- E_S) (S (NP-SBJ (PRP I)) (VP (VBD said) (S-SEZ (-NONE- *RNR*-1)))) (PRN (, ,) (S (NP-SBJ (PRP you)) (VP (VBP know))) (, ,)) (S-SEZ-1 (NP-SBJ (PRP it)) (VP (BES 's) (NP-PRD (CC either) (NP (PRP me)) (CC or) (NP (DT the) (NN dog))))) (, ,) (-DFL- E_S))",81,107.28,108.97999999999999
sw04utt/sw_0423_3325.utt,3/sw3325,3325,57,sd,A,27,9,"{C and } he looked at me like, {F well, } {D you know } - /","and/CC  [ he/PRP ] looked/VBD at/IN  [ me/PRP ] like/IN ,/, well/UH ,/,  [ you/PRP ] know/VBP","(S (CC and) (NP-SBJ (PRP he)) (VP-UNF (VBD looked) (PP (IN at) (NP (PRP me))) (INTJ (IN like)) (, ,) (FRAG (INTJ (UH well)) (PRN (, ,) (S (NP-SBJ (PRP you)) (VP (VBP know)))))) (-DFL- N_S))",82,108.98,110.86000000000001
sw04utt/sw_0423_3325.utt,3/sw3325.pos,3325,58,x,A,27,10,<laughter>.,./.,,,0.0,0.0
sw04utt/sw_0423_3325.utt,3/sw3325,3325,59,^2,B,28,1,Good-bye <laughter>. /,[ Good-bye/UH ] ./.,(INTJ (UH Good-bye) (. .) (-DFL- E_S)),84,110.9,111.38000000000001
sw04utt/sw_0423_3325.utt,3/sw3325,3325,60,sd,A,29,1,He loves this dog  /,[ He/PRP ] loves/VBZ  [ this/DT dog/NN ],(S (NP-SBJ (PRP He)) (VP (VBZ loves) (NP (DT this) (NN dog))) (-DFL- E_S)),86,111.94,113.03999999999999
sw04utt/sw_0423_3325.utt,3/sw3325,3325,61,sd,A,29,2,"{C and } every night when he comes home from work, he hugs it and talks to him  /","and/CC  [ every/DT night/NN ] when/WRB  [ he/PRP ] comes/VBZ  [ home/NN ] from/IN  [ work/NN ] ,/,  [ he/PRP ] hugs/VBZ  [ it/PRP ] and/CC talks/VBZ to/IN  [ him/PRP ]","(S (CC and) (NP-TMP (DT every) (NN night)) (SBAR-TMP (WHADVP-1 (WRB when)) (S (NP-SBJ (PRP he)) (VP (VBZ comes) (ADVP-DIR (NN home)) (PP (IN from) (NP (NN work))) (ADVP-TMP (-NONE- *T*-1))))) (, ,) (NP-SBJ (PRP he)) (VP (VP (VBZ hugs) (NP (PRP it))) (CC and) (VP (VBZ talks) (PP (IN to) (NP (PRP him))))) (-DFL- E_S))",87,113.04,115.96000000000001
sw04utt/sw_0423_3325.utt,3/sw3325,3325,62,sd,A,29,3,"{C and } he's a good dog,  /","and/CC  [ he/PRP ] 's/BES  [ a/DT good/JJ dog/NN ] ,/,","(S (CC and) (NP-SBJ (PRP he)) (VP (BES 's) (NP-PRD (DT a) (JJ good) (NN dog))) (, ,) (-DFL- E_S))",88,115.96,117.02
sw04utt/sw_0423_3325.utt,3/sw3325,3325,63,sd,A,29,4,{C so } it's one of those things I'm just having to get used to  /,so/RB  [ it/PRP ] 's/BES  [ one/CD ] of/IN  [ those/DT things/NNS I/PRP ] 'm/VBP just/RB having/VBG to/TO get/VB used/JJ to/IN,(S (RB so) (NP-SBJ (PRP it)) (VP (BES 's) (NP-PRD (NP (CD one)) (PP (IN of) (NP (NP (DT those) (NNS things)) (SBAR (WHNP-2 (-NONE- 0)) (S (NP-SBJ-1 (PRP I)) (VP (VBP 'm) (ADVP (RB just)) (VP (VBG having) (S (NP-SBJ (-NONE- *-1)) (VP (TO to) (VP (VB get) (ADJP-PRD (JJ used) (PP (IN to) (NP (-NONE- *T*-2))))))))))))))) (-DFL- E_S)),89,117.5,119.48
sw04utt/sw_0423_3325.utt,3/sw3325,3325,64,sd^t,A,29,5,{C and } that's why I laughed when they called with the topic.  /,and/CC  [ that/DT ] 's/BES why/WRB  [ I/PRP ] laughed/VBD when/WRB  [ they/PRP ] called/VBD with/IN  [ the/DT topic/NN ] ./.,(S (CC and) (NP-SBJ (DT that)) (VP (BES 's) (SBAR-PRP-PRD (WHADVP-2 (WRB why)) (S (NP-SBJ (PRP I)) (VP (VBD laughed) (SBAR-TMP (WHADVP-1 (WRB when)) (S (NP-SBJ (PRP they)) (VP (VBD called) (PP (IN with) (NP (DT the) (NN topic))) (ADVP-TMP (-NONE- *T*-1))))) (ADVP-PRP (-NONE- *T*-2)))))) (. .) (-DFL- E_S)),90,119.48,121.64
sw04utt/sw_0423_3325.utt,3/sw3325,3325,65,sd(^q),A,29,6,"I thought, {F oh, } boy, do I have a pet <laughter>. /","[ I/PRP ] thought/VBD ,/, oh/UH ,/,  [ boy/UH ] ,/, do/VBP  [ I/PRP ] have/VB  [ a/DT pet/NN ] ./.","(S (NP-SBJ (PRP I)) (VP (VBD thought) (, ,) (SINV-SEZ (INTJ (UH oh)) (, ,) (INTJ (UH boy)) (, ,) (VBP do) (NP-SBJ (PRP I)) (VP (VB have) (NP (DT a) (NN pet))))) (. .) (-DFL- E_S))",91,121.64,123.26
sw04utt/sw_0423_3325.utt,3/sw3325.pos,3325,66,x,B,30,1,<Sigh>.,./.,,,0.0,0.0
sw04utt/sw_0423_3325.utt,3/sw3325,3325,67,sd,A,31,1,"{C But, } [ I, + I ]  grew up with cats  /","But/CC ,/,  [ I/PRP ] ,/,  [ I/PRP ] grew/VBD up/RP with/IN  [ cats/NNS ]","(S (CC But) (, ,) (EDITED (RM (-DFL- \[)) (NP-SBJ (PRP I)) (, ,) (IP (-DFL- \+))) (NP-SBJ (PRP I)) (RS (-DFL- \])) (VP (VBD grew) (PRT (RP up)) (PP (IN with) (NP (NNS cats)))) (-DFL- E_S))",94,124.68,126.24000000000001
sw04utt/sw_0423_3325.utt,3/sw3325,3325,68,sd,A,31,2,"{C and } I'm very comfortable, -/","and/CC  [ I/PRP ] 'm/VBP very/RB comfortable/JJ ,/,","(S (CC and) (NP-SBJ (PRP I)) (VP (VBP 'm) (ADJP-PRD-UNF (RB very) (JJ comfortable))) (, ,) (-DFL- N_S))",95,126.8,127.66
sw04utt/sw_0423_3325.utt,3/sw3325,3325,69,sd,B,32,1,I love my cats. /,[ I/PRP ] love/VBP  [ my/PRP$ cats/NNS ] ./.,(S (NP-SBJ (PRP I)) (VP (VBP love) (NP (PRP$ my) (NNS cats))) (. .) (-DFL- E_S)),97,127.66,128.34
sw04utt/sw_0423_3325.utt,3/sw3325,3325,70,b,A,33,1,Yeah. /,Yeah/UH ./.,(INTJ (UH Yeah) (. .) (-DFL- E_S)),99,128.34,128.42000000000002
sw04utt/sw_0423_3325.utt,3/sw3325,3325,71,sd,B,34,1,I had one cat for eighteen years.  /,[ I/PRP ] had/VBD  [ one/CD cat/NN ] for/IN  [ eighteen/CD years/NNS ] ./.,(S (NP-SBJ (PRP I)) (VP (VBD had) (NP (CD one) (NN cat)) (PP-TMP (IN for) (NP (CD eighteen) (NNS years)))) (. .) (-DFL- E_S)),101,128.42,129.94
sw04utt/sw_0423_3325.utt,3/sw3325,3325,72,sd,B,34,2,I got her when I lived in Hawaii. /,[ I/PRP ] got/VBD  [ her/PRP ] when/WRB  [ I/PRP ] lived/VBD in/IN  [ Hawaii/NNP ] ./.,(S (NP-SBJ (PRP I)) (VP (VBD got) (NP (PRP her)) (SBAR-TMP (WHADVP-1 (WRB when)) (S (NP-SBJ (PRP I)) (VP (VBD lived) (PP-LOC (IN in) (NP (NNP Hawaii))) (ADVP-TMP (-NONE- *T*-1)))))) (. .) (-DFL- E_S)),102,129.94,132.04
sw04utt/sw_0423_3325.utt,3/sw3325,3325,73,b,A,35,1,Oh. /,Oh/UH ./.,(INTJ (UH Oh) (. .) (-DFL- E_S)),104,132.28,132.48
sw04utt/sw_0423_3325.utt,3/sw3325,3325,74,sd,B,36,1,Before I even got married I had my cat. /,Before/IN  [ I/PRP ] even/RB got/VBD married/VBN  [ I/PRP ] had/VBD  [ my/PRP$ cat/NN ] ./.,(S (SBAR-TMP (IN Before) (S (NP-SBJ-1 (PRP I)) (ADVP (RB even)) (VP (VBD got) (VP (VBN married) (NP (-NONE- *-1)))))) (NP-SBJ (PRP I)) (VP (VBD had) (NP (PRP$ my) (NN cat))) (. .) (-DFL- E_S)),106,132.48,134.73999999999998
sw04utt/sw_0423_3325.utt,3/sw3325,3325,75,qy^d,A,37,1,She's old. /,[ She/PRP ] 's/BES old/JJ ./.,(S (NP-SBJ (PRP She)) (VP (BES 's) (ADJP-PRD (JJ old))) (. .) (-DFL- E_S)),108,135.0,136.04000000000002
sw04utt/sw_0423_3325.utt,3/sw3325,3325,76,sd,B,38,1,"{D Well, } [ she, + I ] --","Well/UH ,/,  [ she/PRP ] ,/,  [ I/PRP ] --/:","(S (INTJ (UH Well)) (, ,) (EDITED (RM (-DFL- \[)) (NP-SBJ (PRP she)) (, ,) (IP (-DFL- \+))) (NP-SBJ-2 (PRP I)) (RS (-DFL- \])) (VP (VBD had) (S (NP-SBJ (-NONE- *-2)) (VP (TO to) (VP (VB have) (S (NP-SBJ-1 (PRP her)) (VP (VBN put) (NP (-NONE- *-1)) (PP (TO to) (NP (VB sleep))))) (NP-TMP (JJ last) (NNP June)))))) (. .) (-DFL- E_S))",110,136.26,136.92
sw04utt/sw_0423_3325.utt,3/sw3325,3325,77,^g,A,39,1,Isn't she? /,Is/VBZ n't/RB  [ she/PRP ] ?/.,(SQ-UNF (VBZ Is) (RB n't) (NP-SBJ (PRP she)) (. ?) (-DFL- E_S)),112,136.92,137.24
sw04utt/sw_0423_3325.utt,3/sw3325,3325,78,+,B,40,1,-- had to have her put to sleep last --,--/: had/VBD to/TO have/VB  [ her/PRP ] put/VBN to/TO sleep/VB  [ last/JJ ] --/:,"(S (INTJ (UH Well)) (, ,) (EDITED (RM (-DFL- \[)) (NP-SBJ (PRP she)) (, ,) (IP (-DFL- \+))) (NP-SBJ-2 (PRP I)) (RS (-DFL- \])) (VP (VBD had) (S (NP-SBJ (-NONE- *-2)) (VP (TO to) (VP (VB have) (S (NP-SBJ-1 (PRP her)) (VP (VBN put) (NP (-NONE- *-1)) (PP (TO to) (NP (VB sleep))))) (NP-TMP (JJ last) (NNP June)))))) (. .) (-DFL- E_S))",110,137.24,138.18
sw04utt/sw_0423_3325.utt,3/sw3325,3325,79,%,A,41,1,"{F Oh, } I started to say -- -/","Oh/UH ,/,  [ I/PRP ] started/VBD to/TO say/VB --/:","(S (INTJ (UH Oh)) (, ,) (NP-SBJ-1 (PRP I)) (VP (VBD started) (S (NP-SBJ (-NONE- *-1)) (VP (TO to) (VP-UNF (VB say))))) (-DFL- N_S))",115,138.18,138.8
sw04utt/sw_0423_3325.utt,3/sw3325,3325,80,+,B,42,1,-- June. /,--/:  [ June/NNP ] ./.,"(S (INTJ (UH Well)) (, ,) (EDITED (RM (-DFL- \[)) (NP-SBJ (PRP she)) (, ,) (IP (-DFL- \+))) (NP-SBJ-2 (PRP I)) (RS (-DFL- \])) (VP (VBD had) (S (NP-SBJ (-NONE- *-2)) (VP (TO to) (VP (VB have) (S (NP-SBJ-1 (PRP her)) (VP (VBN put) (NP (-NONE- *-1)) (PP (TO to) (NP (VB sleep))))) (NP-TMP (JJ last) (NNP June)))))) (. .) (-DFL- E_S))",110,138.8,138.88000000000002
sw04utt/sw_0423_3325.utt,3/sw3325,3325,81,qy^d,A,43,1,-- then you broke your heart. /,--/: then/RB  [ you/PRP ] broke/VBD  [ your/PRP$ heart/NN ] ./.,(S (ADVP (RB then)) (NP-SBJ (PRP you)) (VP (VBD broke) (NP (PRP$ your) (NN heart))) (. .) (-DFL- E_S)),118,138.88,140.1
sw04utt/sw_0423_3325.utt,3/sw3325,3325,82,na,B,44,1,"{F Oh, } it was awful,  /","Oh/UH ,/,  [ it/PRP ] was/VBD awful/JJ ,/,","(S (INTJ (UH Oh)) (, ,) (NP-SBJ (PRP it)) (VP (VBD was) (ADJP-PRD (JJ awful))) (, ,) (-DFL- E_S))",120,140.28,141.06
sw04utt/sw_0423_3325.utt,3/sw3325,3325,83,na^r,B,44,2,it was just awful. /,[ it/PRP ] was/VBD just/RB awful/JJ ./.,(S (NP-SBJ (PRP it)) (VP (VBD was) (ADVP (RB just)) (ADJP-PRD (JJ awful))) (. .) (-DFL- E_S)),121,141.06,141.76
sw04utt/sw_0423_3325.utt,3/sw3325,3325,84,bk,A,45,1,Oh. /,Oh/UH ./.,(INTJ (UH Oh) (. .) (-DFL- E_S)),104,141.76,141.92
sw04utt/sw_0423_3325.utt,3/sw3325,3325,85,sd,B,46,1,"[ {C But, } +  {C and } ] she just sat there on my lap, {D you know. } /","But/CC ,/, and/CC  [ she/PRP ] just/RB sat/VBD there/RB on/IN  [ my/PRP$ lap/NN ] ,/,  [ you/PRP ] know/VBP ./.","(S (EDITED (RM (-DFL- \[)) (CC But) (, ,) (IP (-DFL- \+))) (CC and) (RS (-DFL- \])) (NP-SBJ (PRP she)) (ADVP (RB just)) (VP (VBD sat) (ADVP-LOC (RB there)) (PP-LOC (IN on) (NP (PRP$ my) (NN lap))) (PRN (, ,) (S (NP-SBJ (PRP you)) (VP (VBP know))))) (. .) (-DFL- E_S))",125,141.92,144.16
sw04utt/sw_0423_3325.utt,3/sw3325,3325,86,bk,A,47,1,Oh. /,Oh/UH ./.,(INTJ (UH Oh) (. .) (-DFL- E_S)),104,144.16,144.42
sw04utt/sw_0423_3325.utt,3/sw3325,3325,87,sd,B,48,1,"She [ just, + just ] waited  /","[ She/PRP ] just/RB ,/, just/RB waited/VBD","(S (NP-SBJ (PRP She)) (EDITED (RM (-DFL- \[)) (ADVP (RB just)) (, ,) (IP (-DFL- \+))) (ADVP (RB just)) (RS (-DFL- \])) (VP (VBD waited)) (-DFL- E_S))",129,144.42,145.26
sw04utt/sw_0423_3325.utt,3/sw3325,3325,88,%,B,48,2,"{C and, } -/","and/CC ,/,","(S-UNF (CC and) (, ,) (-DFL- N_S))",130,145.26,145.51999999999998
sw04utt/sw_0423_3325.utt,3/sw3325,3325,89,ba,A,49,1,Bless your heart. /,Bless/VB  [ your/PRP$ heart/NN ] ./.,(S (NP-SBJ (-NONE- *)) (VP (VB Bless) (NP (PRP$ your) (NN heart))) (. .) (-DFL- E_S)),132,145.72,146.58
sw04utt/sw_0423_3325.utt,3/sw3325,3325,90,sd,B,50,1,"{F Oh, } it was awful. /","Oh/UH ,/,  [ it/PRP ] was/VBD awful/JJ ./.","(S (INTJ (UH Oh)) (, ,) (NP-SBJ (PRP it)) (VP (VBD was) (ADJP-PRD (JJ awful))) (. .) (-DFL- E_S))",134,146.58,147.28
sw04utt/sw_0423_3325.utt,3/sw3325,3325,91,sd,A,51,1,That makes me feel so bad. /,[ That/DT ] makes/VBZ  [ me/PRP ] feel/VBP so/RB bad/JJ ./.,(S (NP-SBJ (DT That)) (VP (VBZ makes) (SBAR (-NONE- 0) (S (NP-SBJ (PRP me)) (VP (VBP feel) (ADJP-PRD (RB so) (JJ bad)))))) (. .) (-DFL- E_S)),136,147.28,148.04000000000002
sw04utt/sw_0423_3325.utt,3/sw3325,3325,92,%,B,52,1,"{C But } her hair, - /","But/CC  [ her/PRP$ hair/NN ] ,/,","(S-UNF (CC But) (NP-SBJ (PRP$ her) (NN hair)) (, ,) (-DFL- N_S))",138,148.04,148.34
sw04utt/sw_0423_3325.utt,3/sw3325,3325,93,sd,B,52,2,"{C but } the bad thing was, though, she would pee in my husband's shoes. /","but/CC  [ the/DT bad/JJ thing/NN ] was/VBD ,/, though/RB ,/,  [ she/PRP ] would/MD pee/VB in/IN  [ my/PRP$ husband/NN 's/POS shoes/NNS ] ./.","(S (CC but) (NP-SBJ (DT the) (JJ bad) (NN thing)) (VP (VBD was) (, ,) (ADVP (RB though)) (, ,) (SBAR-PRD (-NONE- 0) (S (NP-SBJ (PRP she)) (VP (MD would) (VP (VB pee) (PP-LOC (IN in) (NP (NP (PRP$ my) (NN husband) (POS 's)) (NNS shoes)))))))) (. .) (-DFL- E_S))",139,148.34,150.44
sw04utt/sw_0423_3325.utt,3/sw3325,3325,94,b,A,53,1,Yeah.  /,Yeah/UH ./.,(INTJ (UH Yeah) (. .) (-DFL- E_S)),141,150.44,150.78
sw04utt/sw_0423_3325.utt,3/sw3325,3325,95,ba,A,53,2,"{F Oh, } no <laughter>. /","Oh/UH ,/, no/UH ./.","(INTJ (INTJ (UH Oh)) (, ,) (INTJ (UH no)) (. .) (-DFL- E_S))",142,150.78,151.0
sw04utt/sw_0423_3325.utt,3/sw3325,3325,96,sd,B,54,1,"{D You know, } {C and } she just liked his shoes  /","[ You/PRP ] know/VBP ,/, and/CC  [ she/PRP ] just/RB liked/VBD  [ his/PRP$ shoes/NNS ]","(S (PRN (S (NP-SBJ (PRP You)) (VP (VBP know))) (, ,)) (CC and) (NP-SBJ (PRP she)) (ADVP (RB just)) (VP (VBD liked) (NP (PRP$ his) (NNS shoes))) (-DFL- E_S))",144,151.88,153.74
sw04utt/sw_0423_3325.utt,3/sw3325,3325,97,sd,B,54,2,"{C and } he'd have these [ dress sh-, -- +","and/CC  [ he/PRP ] 'd/MD have/VB  [ these/DT dress/NN sh-/NNS ] ,/, --/:","(S (CC and) (NP-SBJ (PRP he)) (VP (MD 'd) (VP (VB have) (NP (DT these) (EDITED (RM (-DFL- \[)) (NN dress) (NNS sh-) (, ,) (IP (-DFL- \+))) (ADJP (CD hundred) (NN dollar)) (NNS shoes)))) (. .) (RS (-DFL- \])) (-DFL- E_S))",145,153.74,154.44
sw04utt/sw_0423_3325.utt,3/sw3325,3325,98,b,A,55,1,Oh. /,Oh/UH ./.,(INTJ (UH Oh) (. .) (-DFL- E_S)),123,154.44,154.74
sw04utt/sw_0423_3325.utt,3/sw3325,3325,99,+,B,56,1,-- hundred dollar shoes. ] /,--/:  [ hundred/CD dollar/NN shoes/NNS ] ./.,"(S (CC and) (NP-SBJ (PRP he)) (VP (MD 'd) (VP (VB have) (NP (DT these) (EDITED (RM (-DFL- \[)) (NN dress) (NNS sh-) (, ,) (IP (-DFL- \+))) (ADJP (CD hundred) (NN dollar)) (NNS shoes)))) (. .) (RS (-DFL- \])) (-DFL- E_S))",145,155.08,156.0
sw04utt/sw_0423_3325.utt,3/sw3325,3325,100,ba,A,57,1,"{F Oh, } no <laughter>. /","Oh/UH ,/, no/UH ./.","(INTJ (INTJ (UH Oh)) (, ,) (INTJ (UH no)) (. .) (-DFL- E_S))",142,156.0,156.42000000000002
sw04utt/sw_0423_3325.utt,3/sw3325,3325,101,sd,B,58,1,"{F Oh, } it was just bad. /","Oh/UH ,/,  [ it/PRP ] was/VBD just/RB bad/JJ ./.","(S (INTJ (UH Oh)) (, ,) (NP-SBJ (PRP it)) (VP (VBD was) (ADVP (RB just)) (ADJP-PRD (JJ bad))) (. .) (-DFL- E_S))",152,156.54,158.20000000000002
sw04utt/sw_0423_3325.utt,3/sw3325.pos,3325,102,x,A,59,1,<Laughter>.,./.,,,0.0,0.0
sw04utt/sw_0423_3325.utt,3/sw3325,3325,103,%,B,60,1,{C And } my closet - /,And/CC  [ my/PRP$ closet/NN ],(S-UNF (CC And) (NP-SBJ (PRP$ my) (NN closet)) (-DFL- N_S)),155,158.58,159.64000000000001
sw04utt/sw_0423_3325.utt,3/sw3325,3325,104,sd,B,60,2,"{C and } it was, {F oh, } something. /","and/CC  [ it/PRP ] was/VBD ,/, oh/UH ,/,  [ something/NN ] ./.","(S (CC and) (NP-SBJ (PRP it)) (VP (VBD was) (, ,) (INTJ (UH oh)) (, ,) (NP-PRD (NN something))) (. .) (-DFL- E_S))",156,159.64,160.83999999999997
sw04utt/sw_0423_3325.utt,3/sw3325,3325,105,ba,A,61,1,"{F Oh, } that's awful,  /","Oh/UH ,/,  [ that/DT ] 's/BES awful/JJ ,/,","(S (INTJ (UH Oh)) (, ,) (NP-SBJ (DT that)) (VP (BES 's) (ADJP-PRD (JJ awful))) (, ,) (-DFL- E_S))",158,160.84,161.72
sw04utt/sw_0423_3325.utt,3/sw3325,3325,106,sv,A,61,2,I never heard of that before. /,[ I/PRP ] never/RB heard/VBD of/IN  [ that/DT ] before/RB ./.,(S (NP-SBJ (PRP I)) (ADVP-TMP (RB never)) (VP (VBD heard) (PP (IN of) (NP (DT that))) (ADVP-TMP (RB before))) (. .) (-DFL- E_S)),159,161.72,162.98
sw04utt/sw_0423_3325.utt,3/sw3325,3325,107,sd,B,62,1,"{F Oh, } it was terrible.  /","Oh/UH ,/,  [ it/PRP ] was/VBD terrible/JJ ./.","(S (INTJ (UH Oh)) (, ,) (NP-SBJ (PRP it)) (VP (VBD was) (ADJP-PRD (JJ terrible))) (. .) (-DFL- E_S))",161,162.98,163.38
sw04utt/sw_0423_3325.utt,3/sw3325,3325,108,sd,B,62,2,"{C And } once she did it, {D you know, } then [ she would, + {E I mean, } she wouldn't, ] - /","And/CC once/IN  [ she/PRP ] did/VBD  [ it/PRP ] ,/,  [ you/PRP ] know/VBP ,/, then/RB  [ she/PRP ] would/MD ,/,  [ I/PRP ] mean/VBP ,/,  [ she/PRP ] would/MD n't/RB ,/,","(S (CC And) (SBAR-TMP (IN once) (S (NP-SBJ (PRP she)) (VP (VBD did) (NP (PRP it))))) (PRN (, ,) (S (NP-SBJ (PRP you)) (VP (VBP know))) (, ,)) (ADVP (RB then)) (EDITED (RM (-DFL- \[)) (S (NP-SBJ (PRP she)) (VP-UNF (MD would))) (, ,) (IP (-DFL- \+))) (PRN (S (NP-SBJ (PRP I)) (VP (VBP mean))) (, ,)) (NP-SBJ (PRP she)) (VP-UNF (MD would) (RB n't)) (, ,) (RS (-DFL- \])) (-DFL- N_S))",162,163.38,166.7
sw04utt/sw_0423_3325.utt,3/sw3325,3325,109,sd,B,62,3,"if our shoes sat side by side, she would pee in my husband's shoes. /","if/IN  [ our/PRP$ shoes/NNS ] sat/VBD  [ side/NN ] by/IN  [ side/NN ] ,/,  [ she/PRP ] would/MD pee/VB in/IN  [ my/PRP$ husband/NN 's/POS shoes/NNS ] ./.","(S (SBAR-ADV (IN if) (S (NP-SBJ (PRP$ our) (NNS shoes)) (VP (VBD sat) (NP-ADV (NP (NN side)) (PP (IN by) (NP (NN side))))))) (, ,) (NP-SBJ (PRP she)) (VP (MD would) (VP (VB pee) (PP-LOC (IN in) (NP (NP (PRP$ my) (NN husband) (POS 's)) (NNS shoes))))) (. .) (-DFL- E_S))",163,167.0,170.04
sw04utt/sw_0423_3325.utt,3/sw3325,3325,110,b,A,63,1,Uh-huh. /,[ Uh-huh/UH ] ./.,(INTJ (UH Uh-huh) (. .) (-DFL- E_S)),165,170.04,170.14
sw04utt/sw_0423_3325.utt,3/sw3325,3325,111,sv,B,64,1,She must have known he didn't like her or something. /,[ She/PRP ] must/MD have/VB known/VBN  [ he/PRP ] did/VBD n't/RB like/VB  [ her/PRP$ ] or/CC  [ something/NN ] ./.,(S (NP-SBJ (PRP She)) (VP (MD must) (VP (VB have) (VP (VP (VBN known) (SBAR (-NONE- 0) (S (NP-SBJ (PRP he)) (VP (VBD did) (RB n't) (VP (VB like) (NP (PRP$ her))))))) (CC or) (NP-ETC (NN something))))) (. .) (-DFL- E_S)),167,170.14,171.9
sw04utt/sw_0423_3325.utt,3/sw3325,3325,112,sv,A,65,1,<Laughter> Or the smell or something. /,Or/CC  [ the/DT smell/NN ] or/CC  [ something/NN ] ./.,(NP (CC Or) (NP (DT the) (NN smell)) (CC or) (NP (NN something)) (. .) (-DFL- E_S)),169,172.18,173.24
sw04utt/sw_0423_3325.utt,3/sw3325,3325,113,%,B,66,1,"{F Oh, } anyway, [ I, + I, ] - /","Oh/UH ,/, anyway/RB ,/,  [ I/PRP ] ,/,  [ I/PRP ] ,/,","(S-UNF (INTJ (UH Oh)) (, ,) (INTJ (RB anyway)) (, ,) (EDITED (RM (-DFL- \[)) (NP-SBJ (PRP I)) (, ,) (IP (-DFL- \+))) (NP-SBJ (PRP I)) (, ,) (RS (-DFL- \])) (-DFL- N_S))",171,173.24,174.46
sw04utt/sw_0423_3325.utt,3/sw3325,3325,114,sd,B,66,2,"{C and } [ I would shut, +  I would bar ] the closet doors,","and/CC  [ I/PRP ] would/MD shut/VB ,/,  [ I/PRP ] would/MD bar/VB  [ the/DT closet/NN doors/NNS ] ,/,","(S (CC and) (EDITED (RM (-DFL- \[)) (S (NP-SBJ (PRP I)) (VP (MD would) (VP-UNF (VB shut)))) (, ,) (IP (-DFL- \+))) (NP-SBJ (PRP I)) (VP (VP (MD would) (VP (VB bar) (RS (-DFL- \])) (NP (DT the) (NN closet) (NNS doors)))) (, ,) (CC and) (VP (MD would) (EDITED (RM (-DFL- \[)) (EDITED (RM (-DFL- \[)) (NP-UNF (XX car-)) (, ,) (IP (-DFL- \+))) (VP-UNF (XX vac-)) (, ,) (RS (-DFL- \])) (IP (-DFL- \+))) (INTJ (UH uh)) (, ,) (VP (VB clean) (RS (-DFL- \])) (NP (DT the) (NNS carpets))))) (-DFL- E_S))",172,174.56,177.5
sw04utt/sw_0423_3325.utt,3/sw3325.pos,3325,115,x,A,67,1,<Laughter>.,./.,,,0.0,0.0
sw04utt/sw_0423_3325.utt,3/sw3325,3325,116,+,B,68,1,"and would [ [ car-, + vac-, ] + {F uh, } clean ] the carpets  /","and/CC would/MD  [ car-/XX ] ,/,  [ vac-/XX ] ,/,  [ uh/UH ] ,/, clean/VB  [ the/DT carpets/NNS ]","(S (CC and) (EDITED (RM (-DFL- \[)) (S (NP-SBJ (PRP I)) (VP (MD would) (VP-UNF (VB shut)))) (, ,) (IP (-DFL- \+))) (NP-SBJ (PRP I)) (VP (VP (MD would) (VP (VB bar) (RS (-DFL- \])) (NP (DT the) (NN closet) (NNS doors)))) (, ,) (CC and) (VP (MD would) (EDITED (RM (-DFL- \[)) (EDITED (RM (-DFL- \[)) (NP-UNF (XX car-)) (, ,) (IP (-DFL- \+))) (VP-UNF (XX vac-)) (, ,) (RS (-DFL- \])) (IP (-DFL- \+))) (INTJ (UH uh)) (, ,) (VP (VB clean) (RS (-DFL- \])) (NP (DT the) (NNS carpets))))) (-DFL- E_S))",172,177.5,178.78
sw04utt/sw_0423_3325.utt,3/sw3325,3325,117,%,B,68,2,{C and } -- -/,and/CC --/:,(S-UNF (CC and) (-DFL- N_S)),175,178.78,179.14000000000001
sw04utt/sw_0423_3325.utt,3/sw3325,3325,118,bd,A,69,1,Uh-huh. /,[ Uh-huh/UH ] ./.,(INTJ (UH Uh-huh) (. .) (-DFL- E_S)),165,180.12,180.26
sw04utt/sw_0423_3325.utt,3/sw3325,3325,119,sv,B,70,1,"-- {F oh, } dear, it was just awful. /","--/: oh/UH ,/, dear/UH ,/,  [ it/PRP ] was/VBD just/RB awful/JJ ./.","(INTJ (INTJ (UH oh)) (, ,) (INTJ (UH dear)) (, ,))|||(S (NP-SBJ (PRP it)) (VP (VBD was) (ADVP (RB just)) (ADJP-PRD (JJ awful))) (. .) (-DFL- E_S))",179|||180,180.26,181.5
sw04utt/sw_0423_3325.utt,3/sw3325,3325,120,qy,A,71,1,"{D Well, } [ d-, + now, does -- ]","Well/UH ,/,  [ d/VBZ ] ,/, now/RB ,/, does/VBZ --/:","(SQ (INTJ (UH Well)) (, ,) (EDITED (RM (-DFL- \[)) (VBZ d-) (, ,) (IP (-DFL- \+))) (INTJ (RB now)) (, ,) (VBZ does) (RS (-DFL- \])) (NP-SBJ (PRP$ your) (NN cat)) (VP (VB sleep) (PP-LOC (IN in) (NP (DT the) (NN house)))) (. ?) (-DFL- E_S))",182,181.5,181.96
sw04utt/sw_0423_3325.utt,3/sw3325,3325,121,sd,B,72,1,That was very funny. /,[ That/DT ] was/VBD very/RB funny/JJ ./.,(S (NP-SBJ (DT That)) (VP (VBD was) (ADJP-PRD (RB very) (JJ funny))) (. .) (-DFL- E_S)),184,181.96,183.39999999999998
sw04utt/sw_0423_3325.utt,3/sw3325,3325,122,+,A,73,1,-- your cat sleep in the house?  /,--/:  [ your/PRP$ cat/NN sleep/VB ] in/IN  [ the/DT house/NN ] ?/.,"(SQ (INTJ (UH Well)) (, ,) (EDITED (RM (-DFL- \[)) (VBZ d-) (, ,) (IP (-DFL- \+))) (INTJ (RB now)) (, ,) (VBZ does) (RS (-DFL- \])) (NP-SBJ (PRP$ your) (NN cat)) (VP (VB sleep) (PP-LOC (IN in) (NP (DT the) (NN house)))) (. ?) (-DFL- E_S))",182,183.4,184.48000000000002
sw04utt/sw_0423_3325.utt,3/sw3325,3325,123,qy^d,A,73,2,"[ They are, + they are ] house cats. /","[ They/PRP ] are/VBP ,/,  [ they/PRP ] are/VBP  [ house/NN cats/NNS ] ./.","(S (EDITED (RM (-DFL- \[)) (S (NP-SBJ (PRP They)) (VP-UNF (VBP are))) (, ,) (IP (-DFL- \+))) (NP-SBJ (PRP they)) (VP (VBP are) (RS (-DFL- \])) (NP-PRD (NN house) (NNS cats))) (. .) (-DFL- E_S))",186,185.04,185.72
sw04utt/sw_0423_3325.utt,3/sw3325,3325,124,sd,B,74,1,"[  I, + {F uh, } {D well, } I ] have two cats right now. /","[ I/PRP ] ,/,  [ uh/UH ] ,/, well/UH ,/,  [ I/PRP ] have/VBP  [ two/CD cats/NNS ] right/RB now/RB ./.","(S (EDITED (RM (-DFL- \[)) (NP-SBJ (PRP I)) (, ,) (IP (-DFL- \+))) (INTJ (UH uh)) (, ,) (INTJ (UH well)) (, ,) (NP-SBJ (PRP I)) (RS (-DFL- \])) (VP (VBP have) (NP (CD two) (NNS cats)) (ADVP-TMP (RB right) (RB now))) (. .) (-DFL- E_S))",188,185.72,187.08
sw04utt/sw_0423_3325.utt,3/sw3325,3325,125,b,A,75,1,Yeah. /,Yeah/UH ./.,(INTJ (UH Yeah) (. .) (-DFL- E_S)),190,187.08,187.34
sw04utt/sw_0423_3325.utt,3/sw3325,3325,126,%,B,76,1,"{C And, }  of course. -/","And/CC ,/, of/IN  [ course/NN ] ./.","(S-UNF (CC And) (, ,) (PP (IN of) (NP (NN course))) (. .) (-DFL- N_S))",192,187.34,188.06
sw04utt/sw_0423_3325.utt,3/sw3325,3325,127,b,A,77,1,"{F Oh, } yeah,  /","Oh/UH ,/, yeah/UH ,/,","(INTJ (INTJ (UH Oh)) (, ,) (INTJ (UH yeah)) (, ,) (-DFL- E_S))",194,188.06,188.44
sw04utt/sw_0423_3325.utt,3/sw3325,3325,128,ba,A,77,2,good. /,[ good/JJ ] ./.,(INTJ (JJ good) (. .) (-DFL- E_S)),195,188.44,188.64
sw04utt/sw_0423_3325.utt,3/sw3325,3325,129,na,B,78,1,They sleep with my  kids.  /,[ They/PRP ] sleep/VBP with/IN  [ my/PRP$ kids/NNS ] ./.,(S (NP-SBJ (PRP They)) (VP (VBP sleep) (PP (IN with) (NP (PRP$ my) (NNS kids)))) (. .) (-DFL- E_S)),197,188.64,189.52
sw04utt/sw_0423_3325.utt,3/sw3325,3325,130,sd,B,78,2,"[ [ My kids, + my, ] + my fourteen year old  son ] has an extra pillow on his bed --","[ My/PRP$ kids/NNS ] ,/,  [ my/PRP$ ] ,/,  [ my/PRP$ fourteen/CD year/NN old/JJ son/NN ] has/VBZ  [ an/DT extra/JJ pillow/NN ] on/IN  [ his/PRP$ bed/NN ] --/:","(S (EDITED (RM (-DFL- \[)) (EDITED (RM (-DFL- \[)) (NP-SBJ (PRP$ My) (NNS kids)) (, ,) (IP (-DFL- \+))) (NP-SBJ-UNF (PRP$ my)) (, ,) (RS (-DFL- \])) (IP (-DFL- \+))) (NP-SBJ (PRP$ my) (ADJP (NP-ADV (CD fourteen) (NN year)) (JJ old)) (NN son)) (RS (-DFL- \])) (VP (VBZ has) (NP (NP (DT an) (JJ extra) (NN pillow)) (PP-LOC (IN on) (NP (PRP$ his) (NN bed))) (PP (ADVP (RB just)) (IN for) (NP (DT the) (NN cat))))) (. .) (-DFL- E_S))",198,189.52,193.84
sw04utt/sw_0423_3325.utt,3/sw3325,3325,131,bk,A,79,1,Oh. /,Oh/UH ./.,(INTJ (UH Oh) (. .) (-DFL- E_S)),200,193.84,194.1
sw04utt/sw_0423_3325.utt,3/sw3325,3325,132,+,B,80,1,-- just for the cat. /,--/: just/RB for/IN  [ the/DT cat/NN ] ./.,"(S (EDITED (RM (-DFL- \[)) (EDITED (RM (-DFL- \[)) (NP-SBJ (PRP$ My) (NNS kids)) (, ,) (IP (-DFL- \+))) (NP-SBJ-UNF (PRP$ my)) (, ,) (RS (-DFL- \])) (IP (-DFL- \+))) (NP-SBJ (PRP$ my) (ADJP (NP-ADV (CD fourteen) (NN year)) (JJ old)) (NN son)) (RS (-DFL- \])) (VP (VBZ has) (NP (NP (DT an) (JJ extra) (NN pillow)) (PP-LOC (IN on) (NP (PRP$ his) (NN bed))) (PP (ADVP (RB just)) (IN for) (NP (DT the) (NN cat))))) (. .) (-DFL- E_S))",198,194.1,195.3
sw04utt/sw_0423_3325.utt,3/sw3325,3325,133,qy^g,A,81,1,{C But } the cat doesn't destruct does it?  /,But/CC  [ the/DT cat/NN ] does/VBZ n't/RB  [ destruct/VB ] does/VBZ  [ it/PRP ] ?/.,(SQ (CC But) (S (NP-SBJ (DT the) (NN cat)) (VP (VBZ does) (RB n't) (VP (VB destruct)))) (SQ (VBZ does) (NP-SBJ (PRP it))) (. ?) (-DFL- E_S)),203,195.72,197.5
sw04utt/sw_0423_3325.utt,3/sw3325,3325,134,sv,A,81,2,"{D See, } it doesn't do anything. /","See/VB ,/,  [ it/PRP ] does/VBZ n't/RB do/VB  [ anything/NN ] ./.","(S (INTJ (VB See)) (, ,) (NP-SBJ (PRP it)) (VP (VBZ does) (RB n't) (VP (VB do) (NP (NN anything)))) (. .) (-DFL- E_S))",204,197.5,198.64000000000001
sw04utt/sw_0423_3325.utt,3/sw3325,3325,135,sd,B,82,1,"{F Oh, } no, [ I -- +","Oh/UH ,/, no/UH ,/,  [ I/PRP ] --/:","(INTJ (INTJ (UH Oh)) (, ,) (INTJ (UH no)) (, ,))|||(S (EDITED (RM (-DFL- \[)) (NP-SBJ (PRP I)) (IP (-DFL- \+))) (NP-SBJ-1 (PRP I)) (VP (VBP 'm) (RS (-DFL- \])) (RB not) (VP (VBG going) (S (NP-SBJ (-NONE- *-1)) (VP (TO to) (VP (VB have) (NP (DT a) (NN dog))))))) (. .) (-DFL- E_S))",206|||207,198.84,199.72
sw04utt/sw_0423_3325.utt,3/sw3325,3325,136,b,A,83,1,{D See. } -/,See/UH ./.,(INTJ (UH See) (. .) (-DFL- N_S)),209,199.72,199.84
sw04utt/sw_0423_3325.utt,3/sw3325,3325,137,+,B,84,1,-- I'm ] not going to have a dog.  /,--/:  [ I/PRP ] 'm/VBP not/RB going/VBG to/TO have/VB  [ a/DT dog/NN ] ./.,(S (EDITED (RM (-DFL- \[)) (NP-SBJ (PRP I)) (IP (-DFL- \+))) (NP-SBJ-1 (PRP I)) (VP (VBP 'm) (RS (-DFL- \])) (RB not) (VP (VBG going) (S (NP-SBJ (-NONE- *-1)) (VP (TO to) (VP (VB have) (NP (DT a) (NN dog))))))) (. .) (-DFL- E_S)),207,199.84,201.1
sw04utt/sw_0423_3325.utt,3/sw3325,3325,138,sd,B,84,2,We've had two dogs  /,[ We/PRP ] 've/VBP had/VBN  [ two/CD dogs/NNS ],(S (NP-SBJ (PRP We)) (VP (VBP 've) (VP (VBN had) (NP (CD two) (NNS dogs)))) (-DFL- E_S)),211,201.1,202.22
sw04utt/sw_0423_3325.utt,3/sw3325,3325,139,sd,B,84,3,"{C and, }  {F uh, } they both got ran over.","and/CC ,/,  [ uh/UH ] ,/,  [ they/PRP ] [ both/DT ] got/VBD ran/VBN over/RP ./.","(S (CC and) (, ,) (INTJ (UH uh)) (, ,) (NP-SBJ-1 (NP (PRP they)) (NP (DT both))) (VP (VBD got) (VP (VBN ran) (NP (-NONE- *-1)) (PRT (RP over)) (. .) (SBAR-TMP (IN After) (S (NP-SBJ (PRP we)) (VP (VBD had) (NP (PRP them)) (PP-TMP (IN for) (NP (JJ several) (NNS years)))))) (, ,) (NP-TPC (RB just) (JJ nice) (JJ little) (JJ outside) (NNS dogs)))) (-DFL- E_S))",212,203.0,205.51999999999998
sw04utt/sw_0423_3325.utt,3/sw3325,3325,140,ba,A,85,1,"{F Oh, } no. /","Oh/UH ,/, no/UH ./.","(INTJ (INTJ (UH Oh)) (, ,) (INTJ (UH no)) (. .) (-DFL- E_S))",214,205.52,205.66000000000003
sw04utt/sw_0423_3325.utt,3/sw3325,3325,141,+,B,86,1,"After we had them for several years, just nice little outside dogs  /","After/IN  [ we/PRP ] had/VBD  [ them/PRP ] for/IN  [ several/JJ years/NNS ] ,/, just/RB  [ nice/JJ little/JJ outside/JJ dogs/NNS ]","(S (CC and) (, ,) (INTJ (UH uh)) (, ,) (NP-SBJ-1 (NP (PRP they)) (NP (DT both))) (VP (VBD got) (VP (VBN ran) (NP (-NONE- *-1)) (PRT (RP over)) (. .) (SBAR-TMP (IN After) (S (NP-SBJ (PRP we)) (VP (VBD had) (NP (PRP them)) (PP-TMP (IN for) (NP (JJ several) (NNS years)))))) (, ,) (NP-TPC (RB just) (JJ nice) (JJ little) (JJ outside) (NNS dogs)))) (-DFL- E_S))",212,205.66,208.61999999999998
sw04utt/sw_0423_3325.utt,3/sw3325,3325,142,%,B,86,2,{C but } -- -/,but/CC --/:,(S-UNF (CC but) (-DFL- N_S)),216,208.62,208.70000000000002
sw04utt/sw_0423_3325.utt,3/sw3325,3325,143,b,A,87,1,Yeah. /,Yeah/UH ./.,(INTJ (UH Yeah) (. .) (-DFL- E_S)),190,208.7,208.95999999999998
sw04utt/sw_0423_3325.utt,3/sw3325,3325,144,sd,B,88,1,"-- were just my kids' friends,  /","--/: were/VBD just/RB  [ my/PRP$ kids/NNS '/POS friends/NNS ] ,/,","(S (NP-SBJ (-NONE- *)) (VP (VBD were) (ADVP (RB just)) (NP-PRD (NP (PRP$ my) (NNS kids) (POS ')) (NNS friends))) (, ,) (-DFL- E_S))",220,209.38,210.86
sw04utt/sw_0423_3325.utt,3/sw3325,3325,145,sd,B,88,2,"[ they would go jog-, +  they would go with me ] when I would go running  /","[ they/PRP ] would/MD go/VB  [ jog/VBG ] ,/,  [ they/PRP ] would/MD go/VB with/IN  [ me/PRP ] when/WRB  [ I/PRP ] would/MD go/VB running/VBG","(S (EDITED (RM (-DFL- \[)) (S (NP-SBJ-1 (PRP they)) (VP (MD would) (VP (VB go) (S (NP-SBJ (-NONE- *-1)) (VP-UNF (VBG jog-)))))) (, ,) (IP (-DFL- \+))) (NP-SBJ (PRP they)) (VP (MD would) (VP (VB go) (PP (IN with) (NP (PRP me))) (RS (-DFL- \])) (SBAR-TMP (WHADVP-3 (WRB when)) (S (NP-SBJ-2 (PRP I)) (VP (MD would) (VP (VB go) (S (NP-SBJ (-NONE- *-2)) (VP (VBG running))) (ADVP-TMP (-NONE- *T*-3)))))))) (-DFL- E_S))",221,211.1,214.12
sw04utt/sw_0423_3325.utt,3/sw3325,3325,146,sd,B,88,3,[ {C and } -- +,and/CC --/:,"(S (CC and) (, ,) (INTJ (UH uh)) (, ,) (NP-SBJ-1 (NP (PRP they)) (NP (DT both))) (VP (VBD got) (VP (VBN ran) (NP (-NONE- *-1)) (PRT (RP over)) (. .) (SBAR-TMP (IN After) (S (NP-SBJ (PRP we)) (VP (VBD had) (NP (PRP them)) (PP-TMP (IN for) (NP (JJ several) (NNS years)))))) (, ,) (NP-TPC (RB just) (JJ nice) (JJ little) (JJ outside) (NNS dogs)))) (-DFL- E_S))",212,214.22,214.5
sw04utt/sw_0423_3325.utt,3/sw3325,3325,147,b,A,89,1,Oh. /,Oh/UH ./.,(INTJ (UH Oh) (. .) (-DFL- E_S)),200,215.16,215.22
sw04utt/sw_0423_3325.utt,3/sw3325,3325,148,+,B,90,1,"-- {C and } ] the last one got hit, {F uh, } as she was following [ my, +  one of my sons ] across the road to the school. /","--/: and/CC  [ the/DT last/JJ one/NN ] got/VBD hit/VBN ,/,  [ uh/UH ] ,/, as/IN  [ she/PRP ] was/VBD following/VBG  [ my/PRP$ ] ,/,  [ one/CD ] of/IN  [ my/PRP$ sons/NNS ] across/IN  [ the/DT road/NN ] to/IN  [ the/DT school/NN ] ./.","(S (EDITED (RM (-DFL- \[)) (CC and) (IP (-DFL- \+))) (CC and) (RS (-DFL- \])) (NP-SBJ-1 (DT the) (JJ last) (NN one)) (VP (VBD got) (VP (VBN hit) (NP (-NONE- *-1)) (, ,) (INTJ (UH uh)) (, ,) (SBAR-TMP (IN as) (S (NP-SBJ (PRP she)) (VP (VBD was) (VP (VBG following) (EDITED (RM (-DFL- \[)) (NP-UNF (PRP$ my)) (, ,) (IP (-DFL- \+))) (NP (NP (CD one)) (PP (IN of) (NP (PRP$ my) (NNS sons)))) (RS (-DFL- \])) (PP-DIR (IN across) (NP (DT the) (NN road))) (PP-DIR (IN to) (NP (DT the) (NN school))))))))) (. .) (-DFL- E_S))",222,215.22,220.88000000000002
sw04utt/sw_0423_3325.utt,3/sw3325,3325,149,ba,A,91,1,"{F Oh, } no. /","Oh/UH ,/, no/UH ./.","(INTJ (INTJ (UH Oh)) (, ,) (INTJ (UH no)) (. .) (-DFL- E_S))",214,220.88,221.82000000000002
sw04utt/sw_0423_3325.utt,3/sw3325,3325,150,sd,B,92,1,It was awful.  /,[ It/PRP ] was/VBD awful/JJ ./.,(S (NP-SBJ (PRP It)) (VP (VBD was) (ADJP-PRD (JJ awful))) (. .) (-DFL- E_S)),229,221.82,222.92
sw04utt/sw_0423_3325.utt,3/sw3325,3325,151,%,B,92,2,"It was just, -/","[ It/PRP ] was/VBD just/RB ,/,","(S (NP-SBJ (PRP It)) (VP-UNF (VBD was) (ADVP (RB just))) (, ,) (-DFL- N_S))",230,222.92,223.28
sw04utt/sw_0423_3325.utt,3/sw3325,3325,152,aa,A,93,1,"{F Oh, } that is. /","Oh/UH ,/,  [ that/DT ] is/VBZ ./.","(S (INTJ (UH Oh)) (, ,) (NP-SBJ (DT that)) (VP-UNF (VBZ is)) (. .) (-DFL- E_S))",232,223.28,223.54
sw04utt/sw_0423_3325.utt,3/sw3325,3325,153,sd,B,94,1,"{C And } [ it just, + it's too ] heartbreaking  /","And/CC  [ it/PRP ] just/RB ,/,  [ it/PRP ] 's/BES too/RB heartbreaking/JJ","(S (CC And) (EDITED (RM (-DFL- \[)) (S-UNF (NP-SBJ (PRP it)) (ADVP (RB just))) (, ,) (IP (-DFL- \+))) (NP-SBJ (PRP it)) (VP (BES 's) (ADJP-PRD (RB too) (RS (-DFL- \])) (JJ heartbreaking))) (-DFL- E_S))",234,223.54,224.84
sw04utt/sw_0423_3325.utt,3/sw3325,3325,154,sv,B,94,2,{C but } they do dig up  /,but/CC  [ they/PRP ] do/VBP dig/VB up/RP,"(S (CC but) (S (NP-SBJ (PRP they)) (VP (VBP do) (VP (VB dig) (PRT (RP up)) (NP (-NONE- *RNR*-1))))) (-DFL- E_S) (CC and) (S (EDITED (RM (-DFL- \[)) (S-UNF (NP-SBJ (PRP they)) (ADVP (RB just))) (, ,) (IP (-DFL- \+))) (NP-SBJ (PRP they)) (ADVP (RB just)) (RS (-DFL- \])) (VP (VBP wreck) (NP (-NONE- *RNR*-1)))) (NP-1 (NNS things)) (-DFL- E_S))",235,225.18,225.86
sw04utt/sw_0423_3325.utt,3/sw3325,3325,155,sv,B,94,3,"{C and } [ they just, + they just ] wreck things  /","and/CC  [ they/PRP ] just/RB ,/,  [ they/PRP ] just/RB wreck/VBP  [ things/NNS ]","(S (CC but) (S (NP-SBJ (PRP they)) (VP (VBP do) (VP (VB dig) (PRT (RP up)) (NP (-NONE- *RNR*-1))))) (-DFL- E_S) (CC and) (S (EDITED (RM (-DFL- \[)) (S-UNF (NP-SBJ (PRP they)) (ADVP (RB just))) (, ,) (IP (-DFL- \+))) (NP-SBJ (PRP they)) (ADVP (RB just)) (RS (-DFL- \])) (VP (VBP wreck) (NP (-NONE- *RNR*-1)))) (NP-1 (NNS things)) (-DFL- E_S))",235,225.86,228.34
sw04utt/sw_0423_3325.utt,3/sw3325,3325,156,sd,B,94,4,{C and } I'm not a --,and/CC  [ I/PRP ] 'm/VBP not/RB  [ a/DT ] --/:,(S (CC and) (NP-SBJ (PRP I)) (VP (VBP 'm) (RB not) (NP-PRD (DT a) (NN dog) (NN person))) (. .) (-DFL- E_S)),236,228.34,228.70000000000002
sw04utt/sw_0423_3325.utt,3/sw3325,3325,157,aa,A,95,1,They do wreck things. /,[ They/PRP ] do/VBP wreck/VB  [ things/NNS ] ./.,(S (NP-SBJ (PRP They)) (VP (VBP do) (VP (VB wreck) (NP (NNS things)))) (. .) (-DFL- E_S)),238,228.7,229.26
sw04utt/sw_0423_3325.utt,3/sw3325,3325,158,+,B,96,1,-- dog person. /,--/:  [ dog/NN person/NN ] ./.,(S (CC and) (NP-SBJ (PRP I)) (VP (VBP 'm) (RB not) (NP-PRD (DT a) (NN dog) (NN person))) (. .) (-DFL- E_S)),236,229.26,229.66
sw04utt/sw_0423_3325.utt,3/sw3325,3325,159,sd,A,97,1,"{D Well, } I'm not either. /","Well/UH ,/,  [ I/PRP ] 'm/VBP not/RB either/RB ./.","(S (INTJ (UH Well)) (, ,) (NP-SBJ (PRP I)) (VP (VBP 'm) (RB not) (NP-PRD (-NONE- *?*)) (ADVP (RB either))) (. .) (-DFL- E_S))",241,229.66,230.5
sw04utt/sw_0423_3325.utt,3/sw3325,3325,160,b,B,98,1,Ooh. /,Ooh/UH ./.,(INTJ (UH Ooh) (. .) (-DFL- E_S)),243,230.68,230.8
sw04utt/sw_0423_3325.utt,3/sw3325,3325,161,sd,A,99,1,<Throat_clearing> I'm not either  /,[ I/PRP ] 'm/VBP not/RB either/RB,(S (NP-SBJ (PRP I)) (VP (VBP 'm) (RB not) (NP-PRD (-NONE- *?*)) (ADVP (RB either))) (-DFL- E_S)),245,230.8,231.38
sw04utt/sw_0423_3325.utt,3/sw3325,3325,162,%,A,99,2,"{C and } it's just been, -/","and/CC  [ it/PRP ] 's/HVS just/RB been/VBN ,/,","(S (CC and) (NP-SBJ (PRP it)) (VP (HVS 's) (ADVP (RB just)) (VP-UNF (VBN been))) (, ,) (-DFL- N_S))",246,231.38,231.8
sw04utt/sw_0423_3325.utt,3/sw3325,3325,163,sd,B,100,1,I wouldn't want a Lab.  /,[ I/PRP ] would/MD n't/RB want/VB  [ a/DT Lab/NNP ] ./.,(S (NP-SBJ (PRP I)) (VP (MD would) (RB n't) (VP (VB want) (NP (DT a) (NNP Lab)))) (. .) (-DFL- E_S)),248,231.8,232.73999999999998
sw04utt/sw_0423_3325.utt,3/sw3325,3325,164,sv,B,100,2,"It sounds beautiful, /","[ It/PRP ] sounds/VBZ  [ beautiful/JJ ] ,/,","(S (NP-SBJ (PRP It)) (VP (VBZ sounds) (ADJP-PRD (JJ beautiful))) (, ,) (-DFL- E_S))",249,232.74,233.62
sw04utt/sw_0423_3325.utt,3/sw3325.pos,3325,165,x,A,101,1,<Cough>.,./.,,,0.0,0.0
sw04utt/sw_0423_3325.utt,3/sw3325,3325,166,%,B,102,1,"{C but, } -/","but/CC ,/,","(S-UNF (CC but) (, ,) (-DFL- N_S))",252,233.62,233.74
sw04utt/sw_0423_3325.utt,3/sw3325,3325,167,aa,A,103,1,He's beautiful  /,[ He/PRP ] 's/BES beautiful/JJ,(S (NP-SBJ (PRP He)) (VP (BES 's) (ADJP-PRD (JJ beautiful))) (-DFL- E_S)),254,233.92,234.62
sw04utt/sw_0423_3325.utt,3/sw3325,3325,168,sd,A,103,2,"{C but } it's just one of those concessions,","but/CC  [ it/PRP ] 's/BES just/RB  [ one/CD ] of/IN  [ those/DT concessions/NNS ] ,/,","(S (CC but) (NP-SBJ (PRP it)) (VP (BES 's) (ADVP (RB just)) (NP-PRD (NP (CD one)) (PP (IN of) (NP (NP (DT those) (NNS concessions)) (, ,) (SBAR (WHNP-2 (-NONE- 0)) (S (NP-SBJ-1 (PRP I)) (ADVP (RB just)) (VP (VBD had) (S (NP-SBJ (-NONE- *-1)) (VP (TO to) (VP (VB make) (NP (-NONE- *T*-2)))))))))))) (, ,) (-DFL- E_S))",255,234.62,235.92000000000002
sw04utt/sw_0423_3325.utt,3/sw3325.pos,3325,169,x,B,104,1,<Laughter>.,./.,,,0.0,0.0
sw04utt/sw_0423_3325.utt,3/sw3325,3325,170,+,A,105,1,"I just had to make,  /","[ I/PRP ] just/RB had/VBD to/TO make/VB ,/,","(S (CC but) (NP-SBJ (PRP it)) (VP (BES 's) (ADVP (RB just)) (NP-PRD (NP (CD one)) (PP (IN of) (NP (NP (DT those) (NNS concessions)) (, ,) (SBAR (WHNP-2 (-NONE- 0)) (S (NP-SBJ-1 (PRP I)) (ADVP (RB just)) (VP (VBD had) (S (NP-SBJ (-NONE- *-1)) (VP (TO to) (VP (VB make) (NP (-NONE- *T*-2)))))))))))) (, ,) (-DFL- E_S))",255,235.92,236.82
sw04utt/sw_0423_3325.utt,3/sw3325,3325,171,sd,A,105,2,{C but } I kind of ignore him.  /,but/CC  [ I/PRP ] [ kind/RB ] of/RB ignore/VBP  [ him/PRP ] ./.,(S (CC but) (NP-SBJ (PRP I)) (ADVP (RB kind) (RB of)) (VP (VBP ignore) (NP (PRP him))) (. .) (-DFL- E_S)),258,236.82,237.78
sw04utt/sw_0423_3325.utt,3/sw3325,3325,172,sd,A,105,3,{D Now } today's the first cold we've had in Texas  /,Now/RB  [ today/NN ] 's/BES  [ the/DT ] first/JJ cold/NN  [ we/PRP ] 've/VBP had/VBN in/IN  [ Texas/NNP ],(S (INTJ (RB Now)) (NP-SBJ (NN today)) (VP (BES 's) (NP-PRD (NP (DT the) (JJ first) (NN cold)) (SBAR (WHNP-1 (-NONE- 0)) (S (NP-SBJ (PRP we)) (VP (VBP 've) (VP (VBN had) (NP (-NONE- *T*-1)) (PP-LOC (IN in) (NP (NNP Texas))))))))) (-DFL- E_S)),259,238.04,240.22
sw04utt/sw_0423_3325.utt,3/sw3325,3325,173,sd,A,105,4,{C and } it's really cold and drizzly  /,and/CC  [ it/PRP ] 's/BES really/RB cold/JJ and/CC  [ drizzly/JJ ],(S (CC and) (NP-SBJ (PRP it)) (VP (BES 's) (ADJP-PRD (RB really) (JJ cold) (CC and) (JJ drizzly))) (-DFL- E_S)),260,240.22,241.67999999999998
sw04utt/sw_0423_3325.utt,3/sw3325,3325,174,sd,A,105,5,{C and } it's freezing -- /,and/CC  [ it/PRP ] 's/BES freezing/JJ --/:,(S (CC and) (NP-SBJ (PRP it)) (VP (BES 's) (ADJP-PRD (JJ freezing))) (-DFL- E_S)),261,241.68,242.42
sw04utt/sw_0423_3325.utt,3/sw3325,3325,175,b,B,106,1,{F Um. } /,Um/UH ./.,(INTJ (UH Um) (. .) (-DFL- E_S)),263,242.42,242.51999999999998
sw04utt/sw_0423_3325.utt,3/sw3325,3325,176,sd,A,107,1,-- {C and } people are doing their fires  /,--/: and/CC  [ people/NNS ] are/VBP doing/VBG  [ their/PRP$ fires/NNS ],(S (CC and) (NP-SBJ (NNS people)) (VP (VBP are) (VP (VBG doing) (NP (PRP$ their) (NNS fires)))) (-DFL- E_S)),265,242.52,243.61999999999998
sw04utt/sw_0423_3325.utt,3/sw3325,3325,177,sd,A,107,2,{C and } I brought him in because he's just a wet mess out there  /,and/CC  [ I/PRP ] brought/VBD  [ him/PRP ] in/RB because/IN  [ he/PRP ] 's/BES just/RB  [ a/DT wet/JJ mess/NN ] out/IN there/RB,(S (CC and) (NP-SBJ (PRP I)) (VP (VBD brought) (NP (PRP him)) (ADVP-DIR (RB in)) (SBAR-PRP (IN because) (S (NP-SBJ (PRP he)) (VP (BES 's) (ADVP (RB just)) (NP-PRD (NP (DT a) (JJ wet) (NN mess)) (PP-LOC (IN out) (ADVP (RB there)))))))) (-DFL- E_S)),266,243.86,246.44
sw04utt/sw_0423_3325.utt,3/sw3325,3325,178,sd,A,107,3,{C and } he's in the laundry room with this little carpet square  /,and/CC  [ he/PRP ] 's/BES in/IN  [ the/DT laundry/NN room/NN ] with/IN  [ this/DT little/JJ carpet/NN square/NN ],(S (CC and) (NP-SBJ (PRP he)) (VP (BES 's) (PP-LOC-PRD (IN in) (NP (DT the) (NN laundry) (NN room))) (PP (IN with) (NP (DT this) (JJ little) (NN carpet) (NN square)))) (-DFL- E_S)),267,246.44,248.92000000000002
sw04utt/sw_0423_3325.utt,3/sw3325,3325,179,sd(^q),A,107,4,"{C and } he's just huddled up like, if you'll be nice to me, I won't make <laughter> any trouble, {D you know. } /","and/CC  [ he/PRP ] 's/BES just/RB huddled/VBN up/RP like/IN ,/, if/IN  [ you/PRP ] 'll/MD be/VB nice/JJ to/IN  [ me/PRP ] ,/,  [ I/PRP ] wo/MD n't/RB make/VB  [ any/DT trouble/NN ] ,/,  [ you/PRP ] know/VBP ./.","(S (CC and) (NP-SBJ-1 (PRP he)) (VP (BES 's) (ADVP (RB just)) (VP (VBN huddled) (NP (-NONE- *-1)) (PRT (RP up)) (PP (IN like) (, ,) (S-SEZ (SBAR-ADV (IN if) (S (NP-SBJ (PRP you)) (VP (MD 'll) (VP (VB be) (ADJP-PRD (JJ nice) (PP (IN to) (NP (PRP me)))))))) (, ,) (NP-SBJ (PRP I)) (VP (MD wo) (RB n't) (VP (VB make) (NP (DT any) (NN trouble)))))) (PRN (, ,) (S (NP-SBJ (PRP you)) (VP (VBP know)))))) (. .) (-DFL- E_S))",268,248.92,253.02
sw04utt/sw_0423_3325.utt,3/sw3325.pos,3325,180,x,B,108,1,<Laughter>.,./.,,,0.0,0.0
sw04utt/sw_0423_3325.utt,3/sw3325,3325,181,sd,A,109,1,{C And then } my daughters both have hamsters. /,And/CC then/RB  [ my/PRP$ daughters/NNS ] [ both/DT ] have/VBP  [ hamsters/NNS ] ./.,(S (CONJP (CC And) (RB then)) (NP-SBJ (NP (PRP$ my) (NNS daughters)) (NP (DT both))) (VP (VBP have) (NP (NNS hamsters))) (. .) (-DFL- E_S)),271,253.5,256.06
sw04utt/sw_0423_3325.utt,3/sw3325,3325,182,b,B,110,1,Oh. /,Oh/UH ./.,(INTJ (UH Oh) (. .) (-DFL- E_S)),273,256.82,256.92
sw04utt/sw_0423_3325.utt,3/sw3325,3325,183,%,A,111,1,"{C And } [ I, + I, ] -/","And/CC  [ I/PRP ] ,/,  [ I/PRP ] ,/,","(S-UNF (CC And) (EDITED (RM (-DFL- \[)) (NP-SBJ (PRP I)) (, ,) (IP (-DFL- \+))) (NP-SBJ (PRP I)) (, ,) (RS (-DFL- \])) (-DFL- N_S))",275,256.92,257.20000000000005
sw04utt/sw_0423_3325.utt,3/sw3325,3325,184,qw,B,112,1,{C And } how old are your girls?  <Beep>. /,And/CC how/WRB  [ old/JJ ] are/VBP  [ your/PRP$ girls/NNS ] ?/.  ./.,(SBARQ (CC And) (WHADJP-1 (WRB how) (JJ old)) (SQ (VBP are) (NP-SBJ (PRP$ your) (NNS girls)) (ADJP-PRD (-NONE- *T*-1))) (. ?) (. .) (-DFL- E_S)),277,257.2,258.06
sw04utt/sw_0423_3325.utt,3/sw3325,3325,185,sd,A,113,1,They're eleven and eight  /,[ They/PRP ] 're/VBP  [ eleven/CD ] and/CC  [ eight/CD ],(S (NP-SBJ (PRP They)) (VP (VBP 're) (NP-PRD (QP (CD eleven) (CC and) (CD eight)))) (-DFL- E_S)),279,258.06,259.20000000000005
sw04utt/sw_0423_3325.utt,3/sw3325,3325,186,sd,A,113,2,{C and } I --,and/CC  [ I/PRP ] --/:,(S (CC and) (NP-SBJ (PRP I)) (VP (VBD brought) (NP (PRP him)) (ADVP-DIR (RB in)) (SBAR-PRP (IN because) (S (NP-SBJ (PRP he)) (VP (BES 's) (ADVP (RB just)) (NP-PRD (NP (DT a) (JJ wet) (NN mess)) (PP-LOC (IN out) (ADVP (RB there)))))))) (-DFL- E_S)),266,259.2,259.54
sw04utt/sw_0423_3325.utt,3/sw3325,3325,187,b,B,114,1,"{F Oh, } yeah. /","Oh/UH ,/, yeah/UH ./.","(INTJ (INTJ (UH Oh)) (, ,) (INTJ (UH yeah)) (. .) (-DFL- E_S))",282,259.54,259.76
sw04utt/sw_0423_3325.utt,3/sw3325,3325,188,+,A,115,1,-- gave in at Christmas  /,--/: gave/VBD in/RP at/IN  [ Christmas/NNP ],(S (CC and) (NP-SBJ (PRP I)) (VP (VBD gave) (PRT (RP in)) (PP-TMP (IN at) (NP (NNP Christmas)))) (-DFL- E_S)),280,259.76,260.72
sw04utt/sw_0423_3325.utt,3/sw3325,3325,189,sd,A,115,2,"{C and } [ they have, + they keep ]  their cages real clean.  /","and/CC  [ they/PRP ] have/VBP ,/,  [ they/PRP ] keep/VBP  [ their/PRP$ cages/NNS ] real/RB clean/JJ ./.","(S (CC and) (EDITED (RM (-DFL- \[)) (S (NP-SBJ (PRP they)) (VP-UNF (VBP have))) (, ,) (IP (-DFL- \+))) (NP-SBJ (PRP they)) (VP (VBP keep) (RS (-DFL- \])) (S (NP-SBJ (PRP$ their) (NNS cages)) (ADJP-PRD (RB real) (JJ clean)))) (. .) (-DFL- E_S))",284,260.72,262.76
sw04utt/sw_0423_3325.utt,3/sw3325,3325,190,sd,A,115,3,It always smells of cedar  /,[ It/PRP ] always/RB smells/VBZ of/IN  [ cedar/NN ],(S (NP-SBJ (PRP It)) (ADVP-TMP (RB always)) (VP (VBZ smells) (PP (IN of) (NP (NN cedar)))) (-DFL- E_S)),285,262.76,263.94
sw04utt/sw_0423_3325.utt,3/sw3325,3325,191,sd,A,115,4,"{C and } they just sleep and eat bits of apple and  carrots and, -/","and/CC  [ they/PRP ] just/RB sleep/VBP and/CC eat/VBP  [ bits/NNS ] of/IN  [ apple/NN ] and/CC  [ carrots/NNS ] and/CC ,/,","(S (CC and) (NP-SBJ (PRP they)) (ADVP (RB just)) (VP-UNF (VP (VBP sleep)) (CC and) (VP (VBP eat) (NP (NP (NNS bits)) (PP (IN of) (NP (NN apple) (CC and) (NNS carrots))))) (CC and)) (, ,) (-DFL- N_S))",286,263.94,266.82000000000005
sw04utt/sw_0423_3325.utt,3/sw3325,3325,192,b,B,116,1,Sure. /,[ Sure/UH ] ./.,(INTJ (UH Sure) (. .) (-DFL- E_S)),288,266.82,267.06
sw04utt/sw_0423_3325.utt,3/sw3325,3325,193,sd^t,A,117,1,<<Pause>> I think they're cutting us off. /,[ I/PRP ] think/VBP  [ they/PRP ] 're/VBP cutting/VBG  [ us/PRP ] off/RP ./.,(S (NP-SBJ (PRP I)) (VP (VBP think) (SBAR (-NONE- 0) (S (NP-SBJ (PRP they)) (VP (VBP 're) (VP (VBG cutting) (NP (PRP us)) (PRT (RP off))))))) (. .) (-DFL- E_S)),290,267.72,270.28000000000003
sw04utt/sw_0423_3325.utt,3/sw3325,3325,194,ar,B,118,1,"No,  /","No/UH ,/,","(INTJ (UH No) (, ,) (-DFL- E_S))",292,270.56,270.84
sw04utt/sw_0423_3325.utt,3/sw3325,3325,195,%,B,118,2,that's -- -/,[ that/DT ] 's/BES --/:,(S (NP-SBJ (DT that)) (VP-UNF (BES 's)) (-DFL- N_S)),293,270.84,271.02
sw04utt/sw_0423_3325.utt,3/sw3325,3325,196,b,A,119,1,Oh. /,Oh/UH ./.,(INTJ (UH Oh) (. .) (-DFL- E_S)),273,271.02,271.18
sw04utt/sw_0423_3325.utt,3/sw3325,3325,197,sd,B,120,1,-- somebody's trying to cut in on my line  /,--/:  [ somebody/NN ] 's/BES trying/VBG to/TO cut/VB in/RP on/IN  [ my/PRP$ line/NN ],(S (NP-SBJ-1 (NN somebody)) (VP (BES 's) (VP (VBG trying) (S (NP-SBJ (-NONE- *-1)) (VP (TO to) (VP (VB cut) (PP (RP in) (PP (IN on) (NP (PRP$ my) (NN line))))))))) (-DFL- E_S)),297,271.18,272.68
sw04utt/sw_0423_3325.utt,3/sw3325,3325,198,sd,B,120,2,{C and } I don't want to answer. /,and/CC  [ I/PRP ] do/VBP n't/RB want/VB to/TO answer/VB ./.,(S (CC and) (NP-SBJ-1 (PRP I)) (VP (VBP do) (RB n't) (VP (VB want) (S (NP-SBJ (-NONE- *-1)) (VP (TO to) (VP (VB answer)))))) (. .) (-DFL- E_S)),298,272.68,273.52
sw04utt/sw_0423_3325.utt,3/sw3325,3325,199,b,A,121,1,"{F Oh, } okay. /","Oh/UH ,/, okay/UH ./.","(INTJ (INTJ (UH Oh)) (, ,) (INTJ (UH okay)) (. .) (-DFL- E_S))",300,273.52,273.98
sw04utt/sw_0423_3325.utt,3/sw3325,3325,200,sd,B,122,1,I'll just wait. /,[ I/PRP ] 'll/MD just/RB wait/VB ./.,(S (NP-SBJ (PRP I)) (VP (MD 'll) (ADVP (RB just)) (VP (VB wait))) (. .) (-DFL- E_S)),302,273.98,274.6
sw04utt/sw_0423_3325.utt,3/sw3325,3325,201,b,A,123,1,Okay. /,Okay/UH ./.,(INTJ (UH Okay) (. .) (-DFL- E_S)),304,274.6,274.86
sw04utt/sw_0423_3325.utt,3/sw3325,3325,202,b,B,124,1,"No,  /","No/UH ,/,","(INTJ (UH No) (, ,) (-DFL- E_S))",292,274.86,274.94
sw04utt/sw_0423_3325.utt,3/sw3325,3325,203,sd,B,124,2,"[ I've, + I've ] got incoming calls  /","[ I/PRP ] 've/VBP ,/,  [ I/PRP ] 've/VBP got/VBN  [ incoming/VBG calls/NNS ]","(S (EDITED (RM (-DFL- \[)) (S (NP-SBJ (PRP I)) (VP-UNF (VBP 've))) (, ,) (IP (-DFL- \+))) (NP-SBJ (PRP I)) (VP (VBP 've) (RS (-DFL- \])) (VP (VBN got) (NP (VBG incoming) (NNS calls)))) (-DFL- E_S))",307,274.94,276.28
sw04utt/sw_0423_3325.utt,3/sw3325,3325,204,sd,B,124,3,"{C and } I don't know why, -body's calling. /","and/CC  [ I/PRP ] do/VBP n't/RB know/VB why/WRB ,/,  [ -body/NN 's/BES calling/VBG ] ./.","(S (CC and) (NP-SBJ (PRP I)) (VP (VBP do) (RB n't) (VP (VB know) (SBAR (WHADVP-1 (WRB why)) (, ,) (S (NP-SBJ (NN -body)) (VP (BES 's) (VP (VBG calling) (ADVP-PRP (-NONE- *T*-1)))))))) (. .) (-DFL- E_S))",308,276.28,277.65999999999997
sw04utt/sw_0423_3325.utt,3/sw3325,3325,205,b,A,125,1,"{F Oh, } okay. /","Oh/UH ,/, okay/UH ./.","(INTJ (INTJ (UH Oh)) (, ,) (INTJ (UH okay)) (. .) (-DFL- E_S))",300,277.74,278.66
sw04utt/sw_0423_3325.utt,3/sw3325,3325,206,sd,B,126,1,"[ I, + I ] hate to cut it off,  /","[ I/PRP ] ,/,  [ I/PRP ] hate/VBP to/TO cut/VB  [ it/PRP ] off/RP ,/,","(S (EDITED (RM (-DFL- \[)) (NP-SBJ (PRP I)) (, ,) (IP (-DFL- \+))) (NP-SBJ-1 (PRP I)) (RS (-DFL- \])) (VP (VBP hate) (S (NP-SBJ (-NONE- *-1)) (VP (TO to) (VP (VB cut) (NP (PRP it)) (PRT (RP off)))))) (, ,) (-DFL- E_S))",312,278.66,279.53999999999996
sw04utt/sw_0423_3325.utt,3/sw3325,3325,207,sd,B,126,2,I think --,[ I/PRP ] think/VBP --/:,(S (NP-SBJ (PRP I)) (VP (VBP think) (SBAR (-NONE- 0) (S (NP-SBJ (PRP they)) (VP (VBP 're) (VP (VBG cutting) (NP (PRP us)) (PRT (RP off))))))) (. .) (-DFL- E_S)),290,279.54,279.8
sw04utt/sw_0423_3325.utt,3/sw3325,3325,208,ba,A,127,1,I understand. /,[ I/PRP ] understand/VBP ./.,(S (NP-SBJ (PRP I)) (VP (VBP understand)) (. .) (-DFL- E_S)),315,279.8,280.58
sw04utt/sw_0423_3325.utt,3/sw3325,3325,209,+,B,128,1,"-- they would cut us off,  /","--/:  [ they/PRP ] would/MD cut/VB  [ us/PRP ] off/RP ,/,","(S (NP-SBJ (PRP I)) (VP (VBP think) (SBAR (-NONE- 0) (S (NP-SBJ (PRP they)) (VP (MD would) (VP (VB cut) (NP (PRP us)) (PRT (RP off))))))) (, ,) (-DFL- E_S))",313,280.58,282.0
sw04utt/sw_0423_3325.utt,3/sw3325,3325,210,ad,B,128,2,{C so } we'll just wait. /,so/RB  [ we/PRP ] 'll/MD just/RB wait/VB ./.,(S (RB so) (NP-SBJ (PRP we)) (VP (MD 'll) (ADVP (RB just)) (VP (VB wait))) (. .) (-DFL- E_S)),317,282.0,282.72
sw04utt/sw_0423_3325.utt,3/sw3325,3325,211,aa,A,129,1,"Okay,  /","Okay/UH ,/,","(INTJ (UH Okay) (, ,) (-DFL- E_S))",319,282.72,282.96000000000004
sw04utt/sw_0423_3325.utt,3/sw3325,3325,212,%,A,129,2,{F well } -- -/,well/UH --/:,(INTJ (UH well) (-DFL- N_S)),320,282.96,283.08
sw04utt/sw_0423_3325.utt,3/sw3325,3325,213,sv,B,130,1,Whoever it is will call back. /,[ Whoever/WP ] [ it/PRP ] is/VBZ will/MD call/VB back/RB ./.,(S (SBAR-NOM-SBJ (WHNP-1 (WP Whoever)) (S (NP-SBJ (PRP it)) (VP (VBZ is) (NP-PRD (-NONE- *T*-1))))) (VP (MD will) (VP (VB call) (ADVP (RB back)))) (. .) (-DFL- E_S)),322,283.08,283.64
sw04utt/sw_0423_3325.utt,3/sw3325,3325,214,sd^t,A,131,1,-- they'll cut us off pretty soon. /,--/:  [ they/PRP ] 'll/MD cut/VB  [ us/PRP ] off/RP pretty/RB soon/RB ./.,(S (NP-SBJ (PRP they)) (VP (MD 'll) (VP (VB cut) (NP (PRP us)) (PRT (RP off)) (ADVP-TMP (RB pretty) (RB soon)))) (. .) (-DFL- E_S)),324,283.64,284.47999999999996
sw04utt/sw_0423_3325.utt,3/sw3325,3325,215,sd,B,132,1,"{D Well, } it's somebody calling for my kids, {D you know, }  /","Well/UH ,/,  [ it/PRP ] 's/BES  [ somebody/NN ] calling/VBG for/IN  [ my/PRP$ kids/NNS ] ,/,  [ you/PRP ] know/VBP ,/,","(S (INTJ (UH Well)) (, ,) (NP-SBJ (PRP it)) (VP (BES 's) (NP-PRD (NP (NN somebody)) (VP (VBG calling) (PP (IN for) (NP (PRP$ my) (NNS kids))))) (PRN (, ,) (S (NP-SBJ (PRP you)) (VP (VBP know))))) (, ,) (-DFL- E_S))",326,284.58,286.7
sw04utt/sw_0423_3325.utt,3/sw3325,3325,216,fe,B,132,2,jeez. /,[ jeez/UH ] ./.,(INTJ (UH jeez) (. .) (-DFL- E_S)),327,286.7,286.9
sw04utt/sw_0423_3325.utt,3/sw3325,3325,217,aa,A,133,1,"Yeah,  /","[ Yeah/UH ] ,/,","(INTJ (UH Yeah) (, ,) (-DFL- E_S))",329,286.9,286.97999999999996
sw04utt/sw_0423_3325.utt,3/sw3325,3325,218,aa,A,133,2,I know. /,[ I/PRP ] know/VBP ./.,(S (NP-SBJ (PRP I)) (VP (VBP know)) (. .) (-DFL- E_S)),330,286.98,287.56
sw04utt/sw_0423_3325.utt,3/sw3325,3325,219,sd,B,134,1,"{D Actually, } it's my son,  /","Actually/RB ,/,  [ it/PRP ] 's/BES  [ my/PRP$ son/NN ] ,/,","(S (ADVP (RB Actually)) (, ,) (NP-SBJ (PRP it)) (VP (BES 's) (NP-PRD (PRP$ my) (NN son))) (, ,) (-DFL- E_S))",332,287.58,288.46
sw04utt/sw_0423_3325.utt,3/sw3325,3325,220,sd,B,134,2,I know it is. /,[ I/PRP ] know/VBP  [ it/PRP ] is/VBZ ./.,(S (NP-SBJ (PRP I)) (VP (VBP know) (SBAR (-NONE- 0) (S (NP-SBJ (PRP it)) (VP (VBZ is) (NP-PRD (-NONE- *?*)))))) (. .) (-DFL- E_S)),333,288.46,289.08
sw04utt/sw_0423_3325.utt,3/sw3325.pos,3325,221,x,A,135,1,<Laughter>.,./.,,,0.0,0.0
sw04utt/sw_0423_3325.utt,3/sw3325,3325,222,sd,B,136,1,My older boy.  He never likes to come home from school.  /,[ My/PRP$ older/JJR boy/NN ] ./.  [ He/PRP ] never/RB likes/VBZ to/TO come/VB  [ home/NN ] from/IN  [ school/NN ] ./.,(S (NP-TPC (PRP$ My) (JJR older) (NN boy)) (. .) (NP-SBJ-1 (PRP He)) (ADVP-TMP (RB never)) (VP (VBZ likes) (S (NP-SBJ (-NONE- *-1)) (VP (TO to) (VP (VB come) (ADVP-DIR (NN home)) (PP-DIR (IN from) (NP (NN school))))))) (. .) (-DFL- E_S)),336,289.08,291.48
sw04utt/sw_0423_3325.utt,3/sw3325,3325,223,sd,B,136,2,"Anyway that's what we have,  /","Anyway/RB  [ that/DT ] 's/BES  [ what/WP ] [ we/PRP ] have/VBP ,/,","(S (ADVP (RB Anyway)) (NP-SBJ (DT that)) (VP (BES 's) (SBAR-NOM-PRD (WHNP-1 (WP what)) (S (NP-SBJ (PRP we)) (VP (VBP have) (NP (-NONE- *T*-1)))))) (, ,) (-DFL- E_S))",337,291.98,292.82
sw04utt/sw_0423_3325.utt,3/sw3325,3325,224,sd,B,136,3,"{C and } [ I have, + I've ] tried to start a fish tank -- /","and/CC  [ I/PRP ] have/VBP ,/,  [ I/PRP ] 've/VBP tried/VBN to/TO start/VB  [ a/DT fish/NN tank/NN ] --/:","(S (CC and) (EDITED (RM (-DFL- \[)) (S (NP-SBJ (PRP I)) (VP-UNF (VBP have))) (, ,) (IP (-DFL- \+))) (NP-SBJ-1 (PRP I)) (VP (VBP 've) (RS (-DFL- \])) (VP (VBN tried) (S (NP-SBJ (-NONE- *-1)) (VP (TO to) (VP (VB start) (NP (DT a) (NN fish) (NN tank))))))) (-DFL- E_S))",338,292.82,295.40000000000003
sw04utt/sw_0423_3325.utt,3/sw3325,3325,225,%,A,137,1,"How does, -/","How/WRB does/VBZ ,/,","(SBARQ (WHADVP (WRB How)) (SQ-UNF (VBZ does)) (, ,) (-DFL- N_S))",340,295.94,296.3
sw04utt/sw_0423_3325.utt,3/sw3325,3325,226,sd,B,138,1,-- {C and } I keep --,--/: and/CC  [ I/PRP ] keep/VBP --/:,(S (CC and) (NP-SBJ-1 (PRP I)) (VP (VBP keep) (S (NP-SBJ (-NONE- *T*-1)) (VP (VBG losing) (NP (DT all) (PRP$ my) (NN fish))))) (. .) (-DFL- E_S)),342,296.3,296.68
sw04utt/sw_0423_3325.utt,3/sw3325,3325,227,qy,A,139,1,In the salt water? /,In/IN  [ the/DT salt/NN water/NN ] ?/.,(PP-LOC (IN In) (NP (DT the) (NN salt) (NN water)) (. ?) (-DFL- E_S)),344,296.68,297.18
sw04utt/sw_0423_3325.utt,3/sw3325,3325,228,+,B,140,1,-- losing all my fish. /,--/: losing/VBG  [ all/DT my/PRP$ fish/NN ] ./.,(S (CC and) (NP-SBJ-1 (PRP I)) (VP (VBP keep) (S (NP-SBJ (-NONE- *T*-1)) (VP (VBG losing) (NP (DT all) (PRP$ my) (NN fish))))) (. .) (-DFL- E_S)),342,297.18,297.7
sw04utt/sw_0423_3325.utt,3/sw3325,3325,229,qy^d,A,141,1,"Salt water or, -/","[ Salt/NN water/NN ] or/CC ,/,","(NP-UNF (NP (NN Salt) (NN water)) (CC or) (, ,) (-DFL- N_S))",347,297.7,298.48
sw04utt/sw_0423_3325.utt,3/sw3325,3325,230,nn,B,142,1,No -- /,[ No/UH ] --/:,(INTJ (UH No) (-DFL- E_S)),349,298.5,298.68
sw04utt/sw_0423_3325.utt,3/sw3325,3325,231,b,A,143,1,Yeah. /,Yeah/UH ./.,(INTJ (UH Yeah) (. .) (-DFL- E_S)),351,298.68,298.8
sw04utt/sw_0423_3325.utt,3/sw3325,3325,232,sd^e,B,144,1,-- just regular water. /,--/: just/RB  [ regular/JJ water/NN ] ./.,(NP (RB just) (JJ regular) (NN water) (. .) (-DFL- E_S)),353,298.8,299.52
