swda_filename,ptb_basename,conversation_no,transcript_index,act_tag,caller,utterance_index,subutterance_index,text,pos,trees,ptb_treenumbers,start_ts,end_ts
sw05utt/sw_0558_3342.utt,3/sw3342,3342,0,sd,A,1,1,((   ))  not be a very good conversationalist on fishing. - /,[ MUMBLEx/XX ] not/RB be/VB  [ a/DT very/RB good/JJ conversationalist/NN ] on/IN fishing/NN ./.,(X (X (XX MUMBLEx)) (RB not) (VP (VB be) (NP-PRD (NP (DT a) (ADJP (RB very) (JJ good)) (NN conversationalist)) (PP (IN on) (NP (NN fishing))))) (. .) (-DFL- N_S)),1,0.04,2.02
sw05utt/sw_0558_3342.utt,3/sw3342,3342,1,sd,A,1,2,I don't do a lot of it. /,[ I/PRP ] do/VBP n't/RB do/VB  [ a/DT lot/NN ] of/IN  [ it/PRP ] ./.,(S (NP-SBJ (PRP I)) (VP (VBP do) (RB n't) (VP (VB do) (NP (NP (DT a) (NN lot)) (PP (IN of) (NP (PRP it)))))) (. .) (-DFL- E_S)),2,2.02,3.16
sw05utt/sw_0558_3342.utt,3/sw3342,3342,2,sd,B,2,1,"{D Well, } I do love to fish. /","Well/UH ,/,  [ I/PRP ] do/VBP love/VB to/TO fish/VB ./.","(S (INTJ (UH Well)) (, ,) (NP-SBJ-1 (PRP I)) (VP (VBP do) (VP (VB love) (S (NP-SBJ (-NONE- *-1)) (VP (TO to) (VP (VB fish)))))) (. .) (-DFL- E_S))",4,3.34,4.64
sw05utt/sw_0558_3342.utt,3/sw3342,3342,3,ba,A,3,1,"{D Well } good,  /","Well/UH  [ good/JJ ] ,/,","(FRAG (INTJ (UH Well)) (ADJP (JJ good)) (, ,) (-DFL- E_S))",6,4.66,5.1
sw05utt/sw_0558_3342.utt,3/sw3342,3342,4,sv,A,3,2,maybe I can learn something. /,maybe/RB  [ I/PRP ] can/MD learn/VB  [ something/NN ] ./.,(S (ADVP (RB maybe)) (NP-SBJ (PRP I)) (VP (MD can) (VP (VB learn) (NP (NN something)))) (. .) (-DFL- E_S)),7,5.3,6.58
sw05utt/sw_0558_3342.utt,3/sw3342,3342,5,arp,B,4,1,"{D Well, } I don't know how much you can learn. /","Well/UH ,/,  [ I/PRP ] do/VBP n't/RB know/VB how/WRB  [ much/JJ you/PRP ] can/MD learn/VB ./.","(S (INTJ (UH Well)) (, ,) (NP-SBJ (PRP I)) (VP (VBP do) (RB n't) (VP (VB know) (SBAR (WHNP-1 (WHADJP (WRB how) (JJ much))) (S (NP-SBJ (PRP you)) (VP (MD can) (VP (VB learn) (NP (-NONE- *T*-1)))))))) (. .) (-DFL- E_S))",9,6.92,8.82
sw05utt/sw_0558_3342.utt,3/sw3342.pos,3342,6,x,A,5,1,<Laughter>.,./.,,,0.0,0.0
sw05utt/sw_0558_3342.utt,3/sw3342,3342,7,sd,B,6,1,"<Laughter> I'm not so sure I'm good at  it,  /","[ I/PRP ] 'm/VBP not/RB so/RB sure/JJ  [ I/PRP ] 'm/VBP good/JJ at/IN  [ it/PRP ] ,/,","(S (NP-SBJ (PRP I)) (VP (VBP 'm) (RB not) (ADJP-PRD (RB so) (JJ sure) (SBAR (-NONE- 0) (S (NP-SBJ (PRP I)) (VP (VBP 'm) (ADJP-PRD (JJ good) (PP (IN at) (NP (PRP it))))))))) (, ,) (-DFL- E_S))",12,9.88,11.600000000000001
sw05utt/sw_0558_3342.utt,3/sw3342,3342,8,sd,B,6,2,{C but } I do enjoy doing it. /,but/CC  [ I/PRP ] do/VBP enjoy/VB doing/VBG  [ it/PRP ] ./.,(S (CC but) (NP-SBJ-1 (PRP I)) (VP (VBP do) (VP (VB enjoy) (S (NP-SBJ (-NONE- *-1)) (VP (VBG doing) (NP (PRP it)))))) (. .) (-DFL- E_S)),13,11.6,13.360000000000001
sw05utt/sw_0558_3342.utt,3/sw3342,3342,9,qy,A,7,1,Do you? /,Do/VBP  [ you/PRP ] ?/.,(SQ (VBP Do) (NP-SBJ (PRP you)) (. ?) (-DFL- E_S)),15,13.36,13.68
sw05utt/sw_0558_3342.utt,3/sw3342,3342,10,ny,B,8,1,Yeah. /,Yeah/UH ./.,(INTJ (UH Yeah) (. .) (-DFL- E_S)),17,13.68,13.879999999999999
sw05utt/sw_0558_3342.utt,3/sw3342,3342,11,sd,A,9,1,"{D Well, } it is fun, what little I do.  /","Well/UH ,/,  [ it/PRP ] is/VBZ  [ fun/JJ ] ,/,  [ what/WP ] little/RB  [ I/PRP ] do/VBP ./.","(S (INTJ (UH Well)) (, ,) (NP-SBJ (PRP it)) (VP (VBZ is) (ADJP-PRD (JJ fun)) (, ,) (SBAR-NOM-TPC (WHNP-1 (WP what) (RB little)) (S (NP-SBJ (PRP I)) (VP (VBP do) (NP (-NONE- *T*-1)))))) (. .) (-DFL- E_S))",19,14.0,15.940000000000001
sw05utt/sw_0558_3342.utt,3/sw3342,3342,12,h,A,9,2,"Of course, I don't,  {D you know, } - /","Of/IN  [ course/NN ] ,/,  [ I/PRP ] do/VBP n't/RB ,/,  [ you/PRP ] know/VBP ,/,","(S (PP (IN Of) (NP (NN course))) (, ,) (NP-SBJ (PRP I)) (VP-UNF (VBP do) (RB n't) (PRN (, ,) (S (NP-SBJ (PRP you)) (VP (VBP know))))) (, ,) (-DFL- N_S))",20,15.94,16.900000000000002
sw05utt/sw_0558_3342.utt,3/sw3342,3342,13,sd,A,9,3,I think when they refer to different kinds of fishing - /,[ I/PRP ] think/VBP when/WRB  [ they/PRP ] refer/VBP to/IN  [ different/JJ kinds/NNS ] of/IN fishing/NN,(S (NP-SBJ (PRP I)) (VP (VBP think) (SBAR (-NONE- 0) (S-UNF (SBAR-TMP (WHADVP-1 (WRB when)) (S (NP-SBJ (PRP they)) (VP (VBP refer) (PP (IN to) (NP (NP (JJ different) (NNS kinds)) (PP (IN of) (NP (NN fishing))))) (ADVP-TMP (-NONE- *T*-1)))))))) (-DFL- N_S)),21,16.9,18.94
sw05utt/sw_0558_3342.utt,3/sw3342,3342,14,sd,A,9,4,"I told my husband last night when I had called and they had, told me that this was a topic,  I said, {D well, } I can tell them how to fish with a minnow or how to fish with a worm <laughter>.  /","[ I/PRP ] told/VBD  [ my/PRP$ husband/NN last/JJ night/NN ] when/WRB  [ I/PRP ] had/VBD called/VBN and/CC  [ they/PRP ] had/VBD ,/, told/VBD  [ me/PRP ] that/IN  [ this/DT ] was/VBD  [ a/DT topic/NN ] ,/,  [ I/PRP ] said/VBD ,/, well/UH ,/,  [ I/PRP ] can/MD tell/VB  [ them/PRP ] how/WRB to/TO fish/VB with/IN  [ a/DT minnow/NN ] or/CC how/WRB to/TO fish/VB with/IN  [ a/DT worm/NN ] ./.","(S (NP-SBJ (PRP I)) (VP (VBD told) (NP (PRP$ my) (NN husband)) (NP-TMP (JJ last) (NN night)) (SBAR-TMP (WHADVP-1 (WRB when)) (S (S (NP-SBJ (PRP I)) (VP (VBD had) (VP (VBN called)))) (CC and) (S (NP-SBJ (PRP they)) (VP (VBD had) (, ,) (VP (VBD told) (NP (PRP me)) (SBAR (IN that) (S (NP-SBJ (DT this)) (VP (VBD was) (NP-PRD (DT a) (NN topic)))))))) (ADVP-TMP (-NONE- *T*-1))))) (, ,))|||(S (NP-SBJ (PRP I)) (VP (VBD said) (, ,) (S-SEZ (INTJ (UH well)) (, ,) (NP-SBJ (PRP I)) (VP (MD can) (VP (VB tell) (NP (PRP them)) (SBAR (SBAR (WHADVP-1 (WRB how)) (S (NP-SBJ (-NONE- *)) (VP (TO to) (VP (VB fish) (PP (IN with) (NP (DT a) (NN minnow))) (ADVP-MNR (-NONE- *T*-1)))))) (CC or) (SBAR (WHADVP-2 (WRB how)) (S (NP-SBJ (-NONE- *)) (VP (TO to) (VP (VB fish) (PP (IN with) (NP (DT a) (NN worm))) (ADVP-MNR (-NONE- *T*-2))))))))))) (. .) (-DFL- E_S))",22|||23,18.94,26.82
sw05utt/sw_0558_3342.utt,3/sw3342,3342,15,sd(^q),A,9,5,"He said, I don't think that's the different kinds of fishing they're talking about <laughter>. /","[ He/PRP ] said/VBD ,/,  [ I/PRP ] do/VBP n't/RB think/VB  [ that/DT ] 's/BES  [ the/DT different/JJ kinds/NNS ] of/IN fishing/VBG  [ they/PRP ] 're/VBP talking/VBG about/IN ./.","(S (NP-SBJ (PRP He)) (VP (VBD said) (, ,) (S-SEZ (NP-SBJ (PRP I)) (VP (VBP do) (RB n't) (VP (VB think) (SBAR (-NONE- 0) (S (NP-SBJ (DT that)) (VP (BES 's) (NP-PRD (NP (DT the) (JJ different) (NNS kinds)) (PP (IN of) (NP (VBG fishing))) (SBAR (WHNP-1 (-NONE- 0)) (S (NP-SBJ (PRP they)) (VP (VBP 're) (VP (VBG talking) (PP (IN about) (NP (-NONE- *T*-1))))))))))))))) (. .) (-DFL- E_S))",24,27.76,31.56
sw05utt/sw_0558_3342.utt,3/sw3342,3342,16,sd,B,10,1,"{D Well, } I hope it is, /","Well/UH ,/,  [ I/PRP ] hope/VBP  [ it/PRP ] is/VBZ ,/,","(S (INTJ (UH Well)) (, ,) (NP-SBJ (PRP I)) (VP (VBP hope) (SBAR (-NONE- 0) (S (NP-SBJ (PRP it)) (VP (VBZ is) (NP-PRD (-NONE- *?*)))))) (, ,) (-DFL- E_S))",26,32.02,33.1
sw05utt/sw_0558_3342.utt,3/sw3342.pos,3342,17,x,A,11,1,<Laughter>.,./.,,,0.0,0.0
sw05utt/sw_0558_3342.utt,3/sw3342,3342,18,sd,B,12,1,there's not a whole lot of different kinds. /,[ there/EX ] 's/BES not/RB  [ a/DT whole/JJ lot/NN ] of/IN  [ different/JJ kinds/NNS ] ./.,(S (NP-SBJ (EX there)) (VP (BES 's) (RB not) (NP-PRD (NP (DT a) (JJ whole) (NN lot)) (PP (IN of) (NP (JJ different) (NNS kinds))))) (. .) (-DFL- E_S)),29,33.1,35.02
sw05utt/sw_0558_3342.utt,3/sw3342,3342,19,sd,A,13,1,That's about the only kind I know how to do. /,[ That/DT ] 's/BES about/IN  [ the/DT only/JJ kind/NN ] [ I/PRP ] know/VBP how/WRB to/TO do/VB ./.,(S (NP-SBJ (DT That)) (VP (BES 's) (PP-PRD (IN about) (NP (NP (DT the) (JJ only) (NN kind)) (SBAR (WHNP-1 (-NONE- 0)) (S (NP-SBJ (PRP I)) (VP (VBP know) (SBAR (WHADVP-2 (WRB how)) (S (NP-SBJ (-NONE- *)) (VP (TO to) (VP (VB do) (NP (-NONE- *T*-1)) (ADVP-MNR (-NONE- *T*-2)))))))))))) (. .) (-DFL- E_S)),31,35.22,37.52
sw05utt/sw_0558_3342.utt,3/sw3342,3342,20,sd,B,14,1,"I don't do a lot of deep sea fishing,  /","[ I/PRP ] do/VBP n't/RB do/VB  [ a/DT lot/NN ] of/IN  [ deep/JJ sea/NN ] fishing/VBG ,/,","(S (NP-SBJ (PRP I)) (VP (VBP do) (RB n't) (VP (VB do) (NP (NP (DT a) (NN lot)) (PP (IN of) (NP (JJ deep) (NN sea) (VBG fishing)))) (, ,) (-DFL- E_S) (SBAR-PRP (EDITED (RM (-DFL- \[)) (NP-SBJ (PRP I)) (, ,) (IP (-DFL- \+))) (IN because) (S (NP-SBJ (PRP I)) (RS (-DFL- \])) (VP (VBP get) (ADJP-PRD (JJ seasick))))))) (, ,) (-DFL- E_S))",33,37.94,39.88
sw05utt/sw_0558_3342.utt,3/sw3342,3342,21,sd,B,14,2,"[ I, +  {C because } I ] get seasick,  /","[ I/PRP ] ,/, because/IN  [ I/PRP ] get/VBP  [ seasick/JJ ] ,/,","(S (NP-SBJ (PRP I)) (VP (VBP do) (RB n't) (VP (VB do) (NP (NP (DT a) (NN lot)) (PP (IN of) (NP (JJ deep) (NN sea) (VBG fishing)))) (, ,) (-DFL- E_S) (SBAR-PRP (EDITED (RM (-DFL- \[)) (NP-SBJ (PRP I)) (, ,) (IP (-DFL- \+))) (IN because) (S (NP-SBJ (PRP I)) (RS (-DFL- \])) (VP (VBP get) (ADJP-PRD (JJ seasick))))))) (, ,) (-DFL- E_S))",33,39.88,41.7
sw05utt/sw_0558_3342.utt,3/sw3342,3342,22,sd,B,14,3,{C but } --,but/CC --/:,(S (CC but) (NP-SBJ-1 (PRP I)) (VP (VBP do) (VP (VB enjoy) (S (NP-SBJ (-NONE- *-1)) (VP (VBG doing) (NP (PRP it)))))) (. .) (-DFL- E_S)),13,41.7,41.78
sw05utt/sw_0558_3342.utt,3/sw3342,3342,23,b,A,15,1,Uh-huh. /,[ Uh-huh/UH ] ./.,(INTJ (UH Uh-huh) (. .) (-DFL- E_S)),36,41.78,41.92
sw05utt/sw_0558_3342.utt,3/sw3342,3342,24,+,B,16,1,-- we have a lot of lakes here in this area -- /,--/:  [ we/PRP ] have/VBP  [ a/DT lot/NN ] of/IN  [ lakes/NNS ] here/RB in/IN  [ this/DT area/NN ] --/:,(S (CC but) (NP-SBJ (PRP we)) (VP (VBP have) (NP (NP (DT a) (NN lot)) (PP (IN of) (NP (NNS lakes)))) (ADVP-LOC (RB here) (PP (IN in) (NP (DT this) (NN area))))) (-DFL- E_S)),34,41.92,44.099999999999994
sw05utt/sw_0558_3342.utt,3/sw3342,3342,25,b,A,17,1,Uh-huh. /,[ Uh-huh/UH ] ./.,(INTJ (UH Uh-huh) (. .) (-DFL- E_S)),36,44.28,44.660000000000004
sw05utt/sw_0558_3342.utt,3/sw3342,3342,26,sd,B,18,1,"-- {C and } I do a lot of fishing for, {F uh, } bass.  /","--/: and/CC  [ I/PRP ] do/VBP  [ a/DT lot/NN ] of/IN fishing/VBG for/IN ,/,  [ uh/UH ] ,/,  [ bass/NN ] ./.","(S (CC and) (NP-SBJ (PRP I)) (VP (VBP do) (NP (NP (DT a) (NN lot)) (PP (IN of) (S-NOM (NP-SBJ (-NONE- *)) (VP (VBG fishing) (PP (IN for) (, ,) (INTJ (UH uh)) (, ,) (NP (NN bass)))))))) (. .) (-DFL- E_S))",41,45.18,49.26
sw05utt/sw_0558_3342.utt,3/sw3342,3342,27,sd,B,18,2,"We have a  [ lot of, + {F uh, } {F uh, } couple of ] lakes in our area that are  [ fil-, +  just filled ] with good sized bass. /","[ We/PRP ] have/VBP  [ a/DT lot/NN ] of/IN ,/,  [ uh/UH ] ,/,  [ uh/UH ] ,/,  [ couple/NN ] of/IN  [ lakes/NNS ] in/IN  [ our/PRP$ area/NN ] [ that/WDT ] are/VBP fil/VBN ,/, just/RB filled/VBN with/IN  [ good/JJ sized/JJ bass/NN ] ./.","(S (NP-SBJ (PRP We)) (VP (VBP have) (NP (NP (DT a) (EDITED (RM (-DFL- \[)) (NN lot) (PP-UNF (IN of)) (, ,) (IP (-DFL- \+))) (INTJ (UH uh)) (, ,) (INTJ (UH uh)) (, ,) (NN couple)) (PP (IN of) (RS (-DFL- \])) (NP (NNS lakes))) (PP-LOC (IN in) (NP (PRP$ our) (NN area))) (SBAR (WHNP-1 (WDT that)) (S (NP-SBJ (-NONE- *T*-1)) (VP (VBP are) (EDITED (RM (-DFL- \[)) (ADJP-PRD-UNF (VBN fil-)) (, ,) (IP (-DFL- \+))) (ADVP (RB just)) (ADJP-PRD (VBN filled) (RS (-DFL- \])) (PP (IN with) (NP (JJ good) (JJ sized) (NN bass))))))))) (. .) (-DFL- E_S))",42,49.28,55.64
sw05utt/sw_0558_3342.utt,3/sw3342,3342,28,b,A,19,1,Uh-huh. /,[ Uh-huh/UH ] ./.,(INTJ (UH Uh-huh) (. .) (-DFL- E_S)),36,55.92,56.18
sw05utt/sw_0558_3342.utt,3/sw3342,3342,29,sd,B,20,1,"{C And then } when I get tired of them outwitting me, I fish for catfish -- /","And/CC then/RB when/WRB  [ I/PRP ] get/VBP  [ tired/JJ ] of/IN  [ them/PRP ] outwitting/VBG  [ me/PRP ] ,/,  [ I/PRP ] fish/VBP for/IN  [ catfish/NN ] --/:","(S (CONJP (CC And) (RB then)) (SBAR-TMP (WHADVP-1 (WRB when)) (S (NP-SBJ (PRP I)) (VP (VBP get) (ADJP-PRD (JJ tired) (PP (IN of) (S-NOM (NP-SBJ (PRP them)) (VP (VBG outwitting) (NP (PRP me)))))) (ADVP-TMP (-NONE- *T*-1))))) (, ,) (NP-SBJ (PRP I)) (VP (VBP fish) (PP (IN for) (NP (NN catfish)))) (-DFL- E_S))",46,56.32,60.5
sw05utt/sw_0558_3342.utt,3/sw3342,3342,30,b,A,21,1,Uh-huh. /,[ Uh-huh/UH ] ./.,(INTJ (UH Uh-huh) (. .) (-DFL- E_S)),36,60.58,60.78
sw05utt/sw_0558_3342.utt,3/sw3342,3342,31,sd,B,22,1,"-- {C and } we use worms and shiners, which is pretty much like  minnows --","--/: and/CC  [ we/PRP ] use/VBP  [ worms/NNS ] and/CC  [ shiners/NNS ] ,/,  [ which/WDT ] is/VBZ pretty/RB much/JJ like/IN  [ minnows/NNS ] --/:","(S (CC and) (NP-SBJ (PRP we)) (VP (VBP use) (NP (NP (NNS worms)) (CC and) (NP (NP (NNS shiners)) (, ,) (SBAR (WHNP-1 (WDT which)) (S (NP-SBJ (-NONE- *T*-1)) (VP (VBZ is) (UCP-PRD (PP (ADVP (RB pretty) (JJ much)) (IN like) (NP (NNS minnows))) (ADJP (ADJP (NP-ADV (DT a) (JJ little) (NN bit)) (JJR bigger)) (PP (IN than) (NP (NNS minnows))))))))))) (, ,) (-DFL- E_S))",50,61.72,66.22
sw05utt/sw_0558_3342.utt,3/sw3342,3342,32,b,A,23,1,Uh-huh. /,[ Uh-huh/UH ] ./.,(INTJ (UH Uh-huh) (. .) (-DFL- E_S)),36,66.22,66.32
sw05utt/sw_0558_3342.utt,3/sw3342,3342,33,+,B,24,1,"-- a little bit bigger than minnows,  /","--/:  [ a/DT little/JJ bit/NN ] bigger/JJR than/IN  [ minnows/NNS ] ,/,","(S (CC and) (NP-SBJ (PRP we)) (VP (VBP use) (NP (NP (NNS worms)) (CC and) (NP (NP (NNS shiners)) (, ,) (SBAR (WHNP-1 (WDT which)) (S (NP-SBJ (-NONE- *T*-1)) (VP (VBZ is) (UCP-PRD (PP (ADVP (RB pretty) (JJ much)) (IN like) (NP (NNS minnows))) (ADJP (ADJP (NP-ADV (DT a) (JJ little) (NN bit)) (JJR bigger)) (PP (IN than) (NP (NNS minnows))))))))))) (, ,) (-DFL- E_S))",50,66.32,67.94
sw05utt/sw_0558_3342.utt,3/sw3342,3342,34,sd,B,24,2,{C and then } I also use spinner baits and plastic worms. /,and/CC then/RB  [ I/PRP ] also/RB use/VBP  [ spinner/NN baits/NN ] and/CC  [ plastic/NN worms/NNS ] ./.,(S (CONJP (CC and) (RB then)) (NP-SBJ (PRP I)) (ADVP (RB also)) (VP (VBP use) (NP (NP (NN spinner) (NN baits)) (CC and) (NP (NN plastic) (NNS worms)))) (. .) (-DFL- E_S)),54,67.94,72.3
sw05utt/sw_0558_3342.utt,3/sw3342,3342,35,b,A,25,1,Uh-huh. /,[ Uh-huh/UH ] ./.,(INTJ (UH Uh-huh) (. .) (-DFL- E_S)),36,72.74,73.0
sw05utt/sw_0558_3342.utt,3/sw3342,3342,36,sd,B,26,1,"It all depends on what I'm fishing for, and the time of  day. /","[ It/PRP ] [ all/DT ] depends/VBZ on/IN  [ what/WP ] [ I/PRP ] 'm/VBP fishing/VBG for/IN ,/, and/CC  [ the/DT time/NN ] of/IN  [ day/NN ] ./.","(S (NP-SBJ (PRP It)) (ADVP (DT all)) (VP (VBZ depends) (PP (IN on) (NP (SBAR-NOM (WHNP-1 (WP what)) (S (NP-SBJ (PRP I)) (VP (VBP 'm) (VP (VBG fishing) (PP (IN for) (NP (-NONE- *T*-1))))))) (, ,) (CC and) (NP (NP (DT the) (NN time)) (PP (IN of) (NP (NN day))))))) (. .) (-DFL- E_S))",58,73.2,77.36
sw05utt/sw_0558_3342.utt,3/sw3342,3342,37,bf,A,27,1,"{D Well, } it sounds like you do quite a bit of it. /","Well/UH ,/,  [ it/PRP ] sounds/VBZ like/IN  [ you/PRP ] do/VBP quite/RB  [ a/DT bit/NN ] of/IN  [ it/PRP ] ./.","(S (INTJ (UH Well)) (, ,) (NP-SBJ (PRP it)) (VP (VBZ sounds) (SBAR (IN like) (S (NP-SBJ (PRP you)) (VP (VBP do) (NP (NP (RB quite) (DT a) (NN bit)) (PP (IN of) (NP (PRP it)))))))) (. .) (-DFL- E_S))",60,77.36,80.44
sw05utt/sw_0558_3342.utt,3/sw3342,3342,38,aa,B,28,1,I do.  /,[ I/PRP ] do/VBP ./.,(S (NP-SBJ (PRP I)) (VP (VBP do)) (. .) (-DFL- E_S)),62,80.76,81.25999999999999
sw05utt/sw_0558_3342.utt,3/sw3342,3342,39,sd,B,28,2,"{F Uh, } there's a lake {D like } maybe two or three miles from here,  /","[ Uh/UH ] ,/,  [ there/EX ] 's/BES  [ a/DT lake/NN ] like/IN maybe/RB  [ two/CD ] or/CC  [ three/CD miles/NNS ] from/IN here/RB ,/,","(S (INTJ (UH Uh)) (, ,) (NP-SBJ (EX there)) (VP (BES 's) (NP-PRD (NP (DT a) (NN lake)) (INTJ (UH like)) (NP-LOC (NP (QP (RB maybe) (CD two) (CC or) (CD three)) (NNS miles)) (PP (IN from) (ADVP (RB here)))))) (, ,) (-DFL- E_S))",63,81.32,85.62
sw05utt/sw_0558_3342.utt,3/sw3342,3342,40,sd,B,28,3,{C and } --,and/CC --/:,"(S (CC and) (NP-SBJ (PRP I)) (VP (VBP do) (NP (NP (DT a) (NN lot)) (PP (IN of) (S-NOM (NP-SBJ (-NONE- *)) (VP (VBG fishing) (PP (IN for) (, ,) (INTJ (UH uh)) (, ,) (NP (NN bass)))))))) (. .) (-DFL- E_S))",41,85.62,85.88000000000001
sw05utt/sw_0558_3342.utt,3/sw3342,3342,41,b,A,29,1,Uh-huh. /,[ Uh-huh/UH ] ./.,(INTJ (UH Uh-huh) (. .) (-DFL- E_S)),39,86.08,86.24
sw05utt/sw_0558_3342.utt,3/sw3342,3342,42,+,B,30,1,-- it's very convenient on afternoons when I want to just get away and sit and think.  /,--/:  [ it/PRP ] 's/BES very/RB convenient/JJ on/IN  [ afternoons/NNS ] when/WRB  [ I/PRP ] want/VBP to/TO just/RB get/VB away/RB and/CC sit/VB and/CC think/VB ./.,(S (CC and) (NP-SBJ (PRP it)) (VP (BES 's) (ADJP-PRD (RB very) (JJ convenient)) (PP-TMP (IN on) (NP (NP (NNS afternoons)) (SBAR (WHADVP-2 (WRB when)) (S (NP-SBJ-1 (PRP I)) (VP (VBP want) (S (NP-SBJ (-NONE- *-1)) (VP (TO to) (ADVP (RB just)) (VP (VP (VB get) (ADVP (RB away))) (CC and) (VP (VB sit) (CC and) (VB think))))) (ADVP-TMP (-NONE- *T*-2)))))))) (. .) (-DFL- E_S)),64,87.14,92.74
sw05utt/sw_0558_3342.utt,3/sw3342,3342,43,sd,B,30,2,"Fishing's a good way to do that,  /","Fishing/NN 's/BES  [ a/DT good/JJ way/NN ] to/TO do/VB  [ that/DT ] ,/,","(S (NP-SBJ (NN Fishing)) (VP (BES 's) (NP-PRD (NP (DT a) (JJ good) (NN way)) (SBAR (WHADVP-1 (-NONE- 0)) (S (NP-SBJ (-NONE- *)) (VP (TO to) (VP (VB do) (NP (DT that)) (ADVP (-NONE- *T*-1)))))))) (, ,) (-DFL- E_S))",68,93.18,94.69999999999999
sw05utt/sw_0558_3342.utt,3/sw3342,3342,44,sd,B,30,3,{C and } I have a lot of friends who like to go fishing. /,and/CC  [ I/PRP ] have/VBP  [ a/DT lot/NN ] of/IN  [ friends/NNS ] [ who/WP ] like/VBP to/TO go/VB fishing/VBG ./.,(S (CC and) (NP-SBJ (PRP I)) (VP (VBP have) (NP (NP (DT a) (NN lot)) (PP (IN of) (NP (NNS friends))) (SBAR (WHNP-1 (WP who)) (S (NP-SBJ-2 (-NONE- *T*-1)) (VP (VBP like) (S (NP-SBJ-3 (-NONE- *-2)) (VP (TO to) (VP (VB go) (S (NP-SBJ (-NONE- *-3)) (VP (VBG fishing))))))))))) (. .) (-DFL- E_S)),69,94.8,97.0
sw05utt/sw_0558_3342.utt,3/sw3342,3342,45,qy,A,31,1,Do you have a boat? /,Do/VBP  [ you/PRP ] have/VB  [ a/DT boat/NN ] ?/.,(SQ (VBP Do) (NP-SBJ (PRP you)) (VP (VB have) (NP (DT a) (NN boat))) (. ?) (-DFL- E_S)),71,97.24,98.16
sw05utt/sw_0558_3342.utt,3/sw3342,3342,46,nn,B,32,1,"No,  /","No/UH ,/,","(INTJ (UH No) (, ,) (-DFL- E_S))",73,98.84,99.22
sw05utt/sw_0558_3342.utt,3/sw3342,3342,47,sd^e,B,32,2,I don't.  /,[ I/PRP ] do/VBP n't/RB ./.,(S (NP-SBJ (PRP I)) (VP (VBP do) (RB n't)) (. .) (-DFL- E_S)),74,99.22,99.54
sw05utt/sw_0558_3342.utt,3/sw3342,3342,48,sd,B,32,3,"I have a friend who has a little  [ infla-, + inflatable ] raft,  /","[ I/PRP ] have/VBP  [ a/DT friend/NN ] [ who/WP ] has/VBZ  [ a/DT little/JJ infla/JJ ] ,/,  [ inflatable/JJ raft/NN ] ,/,","(S (NP-SBJ (PRP I)) (VP (VBP have) (NP (NP (DT a) (NN friend)) (SBAR (WHNP-1 (WP who)) (S (NP-SBJ (-NONE- *T*-1)) (VP (VBZ has) (NP (DT a) (JJ little) (EDITED (RM (-DFL- \[)) (JJ infla-) (, ,) (IP (-DFL- \+))) (JJ inflatable) (RS (-DFL- \])) (NN raft))))))) (, ,) (-DFL- E_S))",75,99.54,102.84
sw05utt/sw_0558_3342.utt,3/sw3342,3342,49,sd,B,32,4,{C and } we --,and/CC  [ we/PRP ] --/:,"(S (CC and) (NP-SBJ (PRP we)) (VP (VBP use) (NP (NP (NNS worms)) (CC and) (NP (NP (NNS shiners)) (, ,) (SBAR (WHNP-1 (WDT which)) (S (NP-SBJ (-NONE- *T*-1)) (VP (VBZ is) (UCP-PRD (PP (ADVP (RB pretty) (JJ much)) (IN like) (NP (NNS minnows))) (ADJP (ADJP (NP-ADV (DT a) (JJ little) (NN bit)) (JJR bigger)) (PP (IN than) (NP (NNS minnows))))))))))) (, ,) (-DFL- E_S))",50,102.84,102.96
sw05utt/sw_0558_3342.utt,3/sw3342,3342,50,b,A,33,1,Uh-huh. /,[ Uh-huh/UH ] ./.,(INTJ (UH Uh-huh) (. .) (-DFL- E_S)),48,102.96,103.08
sw05utt/sw_0558_3342.utt,3/sw3342,3342,51,+,B,34,1,-- use that sometimes. /,--/: use/VBP that/DT sometimes/RB ./.,(S (CC and) (NP-SBJ (PRP we)) (VP (VBP use) (NP (DT that)) (ADVP-TMP (RB sometimes))) (. .) (-DFL- E_S)),76,103.08,104.22
sw05utt/sw_0558_3342.utt,3/sw3342,3342,52,b,A,35,1,Uh-huh. /,[ Uh-huh/UH ] ./.,(INTJ (UH Uh-huh) (. .) (-DFL- E_S)),52,105.16,105.32
sw05utt/sw_0558_3342.utt,3/sw3342,3342,53,sd,B,36,1,"I wish I had a boat,  /","[ I/PRP ] wish/VBP  [ I/PRP ] had/VBD  [ a/DT boat/NN ] ,/,","(S (NP-SBJ (PRP I)) (VP (VBP wish) (SBAR (-NONE- 0) (S (NP-SBJ (PRP I)) (VP (VBD had) (NP (DT a) (NN boat)))))) (, ,) (-DFL- E_S))",83,105.5,106.92
sw05utt/sw_0558_3342.utt,3/sw3342,3342,54,sd,B,36,2,{C but } I don't. /,but/CC  [ I/PRP ] do/VBP n't/RB ./.,(S (CC but) (NP-SBJ (PRP I)) (VP (VBP do) (RB n't)) (. .) (-DFL- E_S)),84,106.92,107.38
sw05utt/sw_0558_3342.utt,3/sw3342,3342,55,sd,A,37,1,I think the lakes are probably different in Michigan than they are in Texas.  /,[ I/PRP ] think/VBP  [ the/DT lakes/NNS ] are/VBP probably/RB different/JJ in/IN  [ Michigan/NNP ] than/IN  [ they/PRP ] are/VBP in/IN  [ Texas/NNP ] ./.,(S (NP-SBJ (PRP I)) (VP (VBP think) (SBAR (-NONE- 0) (S (NP-SBJ (DT the) (NNS lakes)) (VP (VBP are) (ADVP (RB probably)) (ADJP-PRD (ADJP (JJ different)) (SBAR (-NONE- *ICH*-1))) (PP-LOC (IN in) (NP (NNP Michigan))) (SBAR-1 (IN than) (S (NP-SBJ (PRP they)) (VP (VBP are) (PP-LOC-PRD (IN in) (NP (NNP Texas)))))))))) (. .) (-DFL- E_S)),86,107.38,110.64
sw05utt/sw_0558_3342.utt,3/sw3342,3342,56,sd,A,37,2,"The ones around here are so big, that you can fish off the dock -- /","[ The/DT ones/NNS ] around/IN here/RB are/VBP so/RB big/JJ ,/, that/IN  [ you/PRP ] can/MD fish/VB off/IN  [ the/DT dock/NN ] --/:","(S (NP-SBJ (NP (DT The) (NNS ones)) (PP-LOC (IN around) (ADVP (RB here)))) (VP (VBP are) (ADJP-PRD (ADJP (RB so) (JJ big)) (, ,) (SBAR (IN that) (S (NP-SBJ (PRP you)) (VP (MD can) (VP (VB fish) (PP-LOC (IN off) (NP (DT the) (NN dock))))))))) (-DFL- E_S))",87,110.64,114.44
sw05utt/sw_0558_3342.utt,3/sw3342,3342,57,b,B,38,1,Uh-huh. /,[ Uh-huh/UH ] ./.,(INTJ (UH Uh-huh) (. .) (-DFL- E_S)),66,114.44,114.62
sw05utt/sw_0558_3342.utt,3/sw3342,3342,58,sd,A,39,1,"-- {C but } unless you have a boat you can't really get into [ the, +  where they call the ] good fishing holes, {D you know. } /","--/: but/CC unless/IN  [ you/PRP ] have/VBP  [ a/DT boat/NN ] [ you/PRP ] ca/MD n't/RB really/RB get/VB into/IN  [ the/DT ] ,/, where/WRB  [ they/PRP ] call/VBP  [ the/DT good/JJ fishing/NN holes/NNS ] ,/,  [ you/PRP ] know/VBP ./.","(S (CC but) (SBAR-ADV (IN unless) (S (NP-SBJ (PRP you)) (VP (VBP have) (NP (DT a) (NN boat))))) (NP-SBJ (PRP you)) (VP (MD ca) (RB n't) (ADVP (RB really)) (VP (VB get) (PP (IN into) (EDITED (RM (-DFL- \[)) (NP-UNF (DT the)) (, ,) (IP (-DFL- \+))) (SBAR (WHADVP-1 (WRB where)) (S (NP-SBJ (PRP they)) (VP (VBP call) (NP (DT the) (RS (-DFL- \])) (JJ good) (NN fishing) (NNS holes)) (ADVP-LOC (-NONE- *T*-1)))))) (PRN (, ,) (S (NP-SBJ (PRP you)) (VP (VBP know)))))) (. .) (-DFL- E_S))",91,115.5,120.62
sw05utt/sw_0558_3342.utt,3/sw3342,3342,59,b,B,40,1,Right.  /,[ Right/UH ] ./.,(INTJ (UH Right) (. .) (-DFL- E_S)),93,120.62,121.08
sw05utt/sw_0558_3342.utt,3/sw3342,3342,60,qy^g,B,40,2,"That's the same way here, isn't it? /","[ That/DT ] 's/BES  [ the/DT same/JJ way/NN ] here/RB ,/, is/VBZ n't/RB  [ it/PRP ] ?/.","(SQ (S (NP-SBJ (DT That)) (VP (BES 's) (NP-PRD (DT the) (JJ same) (NN way)) (ADVP-LOC (RB here)))) (, ,) (SQ (VBZ is) (RB n't) (NP-SBJ (PRP it))) (. ?) (-DFL- E_S))",94,121.08,122.52000000000001
sw05utt/sw_0558_3342.utt,3/sw3342,3342,61,qy,A,41,1,Is it? /,Is/VBZ  [ it/PRP ] ?/.,(SQ (VBZ Is) (NP-SBJ (PRP it)) (NP-PRD (-NONE- *?*)) (. ?) (-DFL- E_S)),96,122.7,123.22
sw05utt/sw_0558_3342.utt,3/sw3342,3342,62,na,B,42,1,"You have to get back in the sticks in the, -/","[ You/PRP ] have/VBP to/TO get/VB back/RB in/IN  [ the/DT sticks/NNS ] in/IN  [ the/DT ] ,/,","(S (NP-SBJ-1 (PRP You)) (VP (VBP have) (S (NP-SBJ (-NONE- *-1)) (VP (TO to) (VP (VB get) (ADVP-LOC (RB back)) (PP-LOC (IN in) (NP (DT the) (NNS sticks))) (PP-LOC (IN in) (NP-UNF (DT the))))))) (, ,) (-DFL- N_S))",98,123.72,125.39999999999999
sw05utt/sw_0558_3342.utt,3/sw3342,3342,63,b,A,43,1,Uh-huh.  /,[ Uh-huh/UH ] ./.,(INTJ (UH Uh-huh) (. .) (-DFL- E_S)),78,125.4,125.84
sw05utt/sw_0558_3342.utt,3/sw3342,3342,64,sd,A,43,2,"My in-laws live on a lake, {F uh, } a little bit east of Dallas, kind of in the Piney Woods,  /","[ My/PRP$ in-laws/NNS ] live/VBP on/IN  [ a/DT lake/NN ] ,/,  [ uh/UH ] ,/,  [ a/DT little/JJ bit/NN ] east/JJ of/IN  [ Dallas/NNP ] ,/,  [ kind/RB ] of/RB in/IN  [ the/DT Piney/NNP Woods/NNP ] ,/,","(S (NP-SBJ (PRP$ My) (NNS in-laws)) (VP (VBP live) (PP-LOC (IN on) (NP (DT a) (NN lake))) (, ,) (INTJ (UH uh)) (, ,) (ADVP-LOC (NP (DT a) (JJ little) (NN bit)) (JJ east) (PP (IN of) (NP (NNP Dallas)))) (, ,) (PP-LOC (ADVP (RB kind) (RB of)) (IN in) (NP (DT the) (NNP Piney) (NNP Woods)))) (, ,) (-DFL- E_S))",101,126.54,131.34
sw05utt/sw_0558_3342.utt,3/sw3342,3342,65,sd,A,43,3,"{C and } the lake is beautiful,  /","and/CC  [ the/DT lake/NN ] is/VBZ beautiful/JJ ,/,","(S (CC and) (NP-SBJ (DT the) (NN lake)) (VP (VBZ is) (ADJP-PRD (JJ beautiful))) (, ,) (-DFL- E_S))",102,131.34,132.84
sw05utt/sw_0558_3342.utt,3/sw3342,3342,66,sd,A,43,4,"{C and } I like to go out and stand at the end of the dock and fish,  /","and/CC  [ I/PRP ] like/VBP to/TO go/VB out/RB and/CC stand/VB at/IN  [ the/DT end/NN ] of/IN  [ the/DT dock/NN ] and/CC  [ fish/NN ] ,/,","(S (CC and) (NP-SBJ-1 (PRP I)) (VP (VBP like) (S (NP-SBJ (-NONE- *-1)) (VP (TO to) (VP (VP (VB go) (ADVP-DIR (RB out))) (CC and) (VP (VB stand) (PP-LOC (IN at) (NP (NP (DT the) (NN end)) (PP (IN of) (NP (DT the) (NN dock)))))) (CC and) (VP (NN fish)))))) (, ,) (-DFL- E_S))",103,133.36,136.06
sw05utt/sw_0558_3342.utt,3/sw3342,3342,67,sd,A,43,5,"{C but } actually catching fish to eat per se, you don't really do much of that right there.  /","but/CC actually/RB catching/NN  [ fish/NN ] to/TO eat/VB per/FW  [ se/FW ] ,/,  [ you/PRP ] do/VBP n't/RB really/RB do/VB much/RB of/IN  [ that/DT right/NN ] there/RB ./.","(S (CC but) (S-TPC (NP-SBJ (-NONE- *)) (ADVP (RB actually)) (VP (NN catching) (NP (NN fish)) (S-PRP (NP-SBJ (-NONE- *)) (VP (TO to) (VP (VB eat) (ADVP (FW per) (FW se))))))) (, ,) (NP-SBJ (PRP you)) (VP (VBP do) (RB n't) (ADVP (RB really)) (VP (VB do) (NP (NP (RB much)) (PP (IN of) (NP (DT that)))) (ADVP-LOC (NN right) (RB there)))) (. .) (-DFL- E_S))",104,136.14,140.88
sw05utt/sw_0558_3342.utt,3/sw3342,3342,68,sd,A,43,6,"I catch a lot of little old, {F uh, } I think they call them perch -- /","[ I/PRP ] catch/VBP  [ a/DT lot/NN ] of/IN  [ little/JJ old/JJ ] ,/,  [ uh/UH ] ,/,  [ I/PRP ] think/VBP  [ they/PRP ] call/VBP  [ them/PRP ] perch/NN --/:","(S (NP-SBJ (PRP I)) (VP (VBP catch) (NP (NP (DT a) (NN lot)) (PP (IN of) (NP (JJ little) (JJ old) (, ,) (INTJ (UH uh)) (PRN (, ,) (S (NP-SBJ (PRP I)) (VP (VBP think) (SBAR (-NONE- 0) (S (NP-SBJ (PRP they)) (VP (VBP call) (S (NP-SBJ (PRP them)) (NP-PRD (NX (-NONE- *RNR*-1)))))))))) (NX-1 (NN perch)))))) (-DFL- E_S))",105,141.34,144.24
sw05utt/sw_0558_3342.utt,3/sw3342,3342,69,aa,B,44,1,Right. /,[ Right/UH ] ./.,(INTJ (UH Right) (. .) (-DFL- E_S)),93,144.58,145.04000000000002
sw05utt/sw_0558_3342.utt,3/sw3342,3342,70,sd,A,45,1,"-- {C and then } [ the, + the, ] {F uh, } turtles try to eat up all my bait <laughter>. /","--/: and/CC then/RB  [ the/DT ] ,/,  [ the/DT ] ,/,  [ uh/UH ] ,/,  [ turtles/NNS ] try/VBP to/TO eat/VB up/RP  [ all/PDT my/PRP$ bait/NN ] ./.","(S (CONJP (CC and) (RB then)) (EDITED (RM (-DFL- \[)) (NP-SBJ-UNF (DT the)) (, ,) (IP (-DFL- \+))) (NP-SBJ-1 (DT the) (, ,) (RS (-DFL- \])) (INTJ (UH uh)) (, ,) (NNS turtles)) (VP (VBP try) (S (NP-SBJ (-NONE- *-1)) (VP (TO to) (VP (VB eat) (PRT (RP up)) (NP (PDT all) (PRP$ my) (NN bait)))))) (. .) (-DFL- E_S))",109,145.36,148.94
sw05utt/sw_0558_3342.utt,3/sw3342,3342,71,b,B,46,1,<Laughter> Oh. /,Oh/UH ./.,(INTJ (UH Oh) (. .) (-DFL- E_S)),111,149.06,149.3
sw05utt/sw_0558_3342.utt,3/sw3342,3342,72,sd,A,47,1,"{C So } [ it's, + it's ] so close to the dock that I think all I do is feed them a little bit -- /","So/RB  [ it/PRP ] 's/BES ,/,  [ it/PRP ] 's/BES so/RB close/RB to/IN  [ the/DT dock/NN ] that/IN  [ I/PRP ] think/VBP  [ all/DT ] [ I/PRP ] do/VBP is/VBZ feed/VB  [ them/PRP ] [ a/DT little/JJ bit/NN ] --/:","(S (RB So) (EDITED (RM (-DFL- \[)) (S (NP-SBJ (PRP it)) (VP-UNF (BES 's))) (, ,) (IP (-DFL- \+))) (NP-SBJ (PRP it)) (VP (BES 's) (RS (-DFL- \])) (ADVP-LOC-PRD (ADVP (RB so) (RB close)) (PP (IN to) (NP (DT the) (NN dock))) (SBAR (IN that) (S (NP-SBJ (PRP I)) (VP (VBP think) (SBAR (-NONE- 0) (S (NP-SBJ (NP (DT all)) (SBAR (WHNP-1 (-NONE- 0)) (S (NP-SBJ (PRP I)) (VP (VBP do) (NP (-NONE- *T*-1)))))) (VP (VBZ is) (VP (VB feed) (NP (PRP them)) (NP-ADV (DT a) (JJ little) (NN bit))))))))))) (-DFL- E_S))",113,150.02,153.54
sw05utt/sw_0558_3342.utt,3/sw3342,3342,73,sd,B,48,1,"[ We don't have, +","[ We/PRP ] do/VBP n't/RB have/VB ,/,","(S (EDITED (RM (-DFL- \[)) (S (NP-SBJ (PRP We)) (VP (VBP do) (RB n't) (VP-UNF (VB have)))) (, ,) (IP (-DFL- \+))) (NP-SBJ (PRP We)) (VP (VBP do) (RB n't) (VP (VB have) (RS (-DFL- \])) (NP (NP (DT a) (JJ big) (NN problem)) (PP (IN with) (NP (NNS turtles)))))) (, ,) (-DFL- E_S))",115,153.54,153.92000000000002
sw05utt/sw_0558_3342.utt,3/sw3342,3342,74,sd,A,49,1,-- {C but } it's kind of fun. /,--/: but/CC  [ it/PRP ] 's/BES  [ kind/RB ] of/RB  [ fun/JJ ] ./.,(S (CC but) (NP-SBJ (PRP it)) (VP (BES 's) (ADJP-PRD (ADVP (RB kind) (RB of)) (JJ fun))) (. .) (-DFL- E_S)),117,153.92,155.0
sw05utt/sw_0558_3342.utt,3/sw3342,3342,75,+,B,50,1,"We don't have  ] a big problem with turtles,  /","[ We/PRP ] do/VBP n't/RB have/VB  [ a/DT big/JJ problem/NN ] with/IN  [ turtles/NNS ] ,/,","(S (EDITED (RM (-DFL- \[)) (S (NP-SBJ (PRP We)) (VP (VBP do) (RB n't) (VP-UNF (VB have)))) (, ,) (IP (-DFL- \+))) (NP-SBJ (PRP We)) (VP (VBP do) (RB n't) (VP (VB have) (RS (-DFL- \])) (NP (NP (DT a) (JJ big) (NN problem)) (PP (IN with) (NP (NNS turtles)))))) (, ,) (-DFL- E_S))",115,155.52,157.44000000000003
sw05utt/sw_0558_3342.utt,3/sw3342,3342,76,sd,B,50,2,{C but } we do have a awful lot of snakes in our lakes. /,but/CC  [ we/PRP ] do/VBP have/VB  [ a/DT awful/JJ lot/NN ] of/IN  [ snakes/NNS ] in/IN  [ our/PRP$ lakes/NNS ] ./.,(S (CC but) (NP-SBJ (PRP we)) (VP (VBP do) (VP (VB have) (NP (NP (DT a) (JJ awful) (NN lot)) (PP (IN of) (NP (NNS snakes)))) (PP-LOC (IN in) (NP (PRP$ our) (NNS lakes))))) (. .) (-DFL- E_S)),119,157.44,162.0
sw05utt/sw_0558_3342.utt,3/sw3342,3342,77,sd,A,51,1,{F Um } --,Um/UH --/:,(S (INTJ (UH Um)) (NP-SBJ (PRP I)) (VP (MD would) (VP (VB be) (ADJP-PRD (JJ afraid) (PP (IN of) (NP (DT that)))))) (. .) (-DFL- E_S)),121,162.0,162.12
sw05utt/sw_0558_3342.utt,3/sw3342,3342,78,sd,B,52,1,"{C And } [ I, +","And/CC  [ I/PRP ] ,/,","(S (CC And) (EDITED (RM (-DFL- \[)) (NP-SBJ (PRP I)) (, ,) (IP (-DFL- \+))) (INTJ (UH Well)) (, ,) (NP-SBJ (PRP I)) (RS (-DFL- \])) (VP (MD ca) (RB n't) (VP (VB think) (PP (IN of) (NP (NP (DT a) (NN time)) (SBAR (WHADVP-1 (IN that)) (S (NP-SBJ (PRP I)) (VP (VBP 've) (VP (VBN been) (VP (VBG fishing) (ADVP-TMP (-NONE- *T*-1))))))) (SBAR (WHADVP-2 (IN that)) (S (NP-SBJ (PRP I)) (VP (VBP have) (RB n't) (VP (VBN run) (PP (IN into) (NP (NP (QP (CD one) (CC or) (CD two))) (PP (IN of) (NP (PRP them))))) (ADVP-TMP (-NONE- *T*-2)))))))))) (. .) (-DFL- E_S))",123,162.12,162.24
sw05utt/sw_0558_3342.utt,3/sw3342,3342,79,+,A,53,1,-- I would be afraid of that. /,--/:  [ I/PRP ] would/MD be/VB afraid/JJ of/IN  [ that/DT ] ./.,(S (INTJ (UH Um)) (NP-SBJ (PRP I)) (VP (MD would) (VP (VB be) (ADJP-PRD (JJ afraid) (PP (IN of) (NP (DT that)))))) (. .) (-DFL- E_S)),121,163.62,164.68
sw05utt/sw_0558_3342.utt,3/sw3342,3342,80,+,B,54,1,"{D Well, } I ] can't think of a time that I've been fishing that I haven't run into one or two of them. /","Well/UH ,/,  [ I/PRP ] ca/MD n't/RB think/VB of/IN  [ a/DT time/NN ] that/IN  [ I/PRP ] 've/VBP been/VBN fishing/VBG that/IN  [ I/PRP ] have/VBP n't/RB run/VBN into/IN  [ one/CD ] or/CC  [ two/CD ] of/IN  [ them/PRP ] ./.","(S (CC And) (EDITED (RM (-DFL- \[)) (NP-SBJ (PRP I)) (, ,) (IP (-DFL- \+))) (INTJ (UH Well)) (, ,) (NP-SBJ (PRP I)) (RS (-DFL- \])) (VP (MD ca) (RB n't) (VP (VB think) (PP (IN of) (NP (NP (DT a) (NN time)) (SBAR (WHADVP-1 (IN that)) (S (NP-SBJ (PRP I)) (VP (VBP 've) (VP (VBN been) (VP (VBG fishing) (ADVP-TMP (-NONE- *T*-1))))))) (SBAR (WHADVP-2 (IN that)) (S (NP-SBJ (PRP I)) (VP (VBP have) (RB n't) (VP (VBN run) (PP (IN into) (NP (NP (QP (CD one) (CC or) (CD two))) (PP (IN of) (NP (PRP them))))) (ADVP-TMP (-NONE- *T*-2)))))))))) (. .) (-DFL- E_S))",123,165.0,168.88
sw05utt/sw_0558_3342.utt,3/sw3342,3342,81,qy,A,55,1,Do they ever get on your hook? /,Do/VBP  [ they/PRP ] ever/RB get/VB on/IN  [ your/PRP$ hook/NN ] ?/.,(SQ (VBP Do) (NP-SBJ (PRP they)) (ADVP-TMP (RB ever)) (VP (VB get) (PP (IN on) (NP (PRP$ your) (NN hook)))) (. ?) (-DFL- E_S)),127,169.02,170.34
sw05utt/sw_0558_3342.utt,3/sw3342,3342,82,nn,B,56,1,"No,  /","No/UH ,/,","(INTJ (UH No) (, ,) (-DFL- E_S))",129,170.74,171.12
sw05utt/sw_0558_3342.utt,3/sw3342,3342,83,%,B,56,2,"we, {F uh, } - /","[ we/PRP ] ,/,  [ uh/UH ] ,/,","(S-UNF (NP-SBJ (PRP we)) (, ,) (INTJ (UH uh)) (, ,) (-DFL- N_S))",130,171.26,171.98
sw05utt/sw_0558_3342.utt,3/sw3342,3342,84,sd,B,56,3,occasionally I'll catch an eel --,occasionally/RB  [ I/PRP ] 'll/MD catch/VB  [ an/DT eel/NN ] --/:,"(S (ADVP (RB occasionally)) (NP-SBJ (PRP I)) (VP (MD 'll) (VP (VP (VB catch) (NP-1 (DT an) (NN eel)) (EDITED (RM (-DFL- \[)) (PP (IN on) (NP-UNF (DT a))) (, ,) (IP (-DFL- \+))) (PP (IN on) (NP (DT a) (RS (-DFL- \])) (NN hook)))) (, ,) (CC but) (VP (ADVP-TMP (RB never)) (NP=1 (DT the) (NNS snakes))))) (. .) (-DFL- E_S))",131,172.24,174.24
sw05utt/sw_0558_3342.utt,3/sw3342,3342,85,b,A,57,1,Uh-huh. /,[ Uh-huh/UH ] ./.,(INTJ (UH Uh-huh) (. .) (-DFL- E_S)),133,174.54,174.84
sw05utt/sw_0558_3342.utt,3/sw3342,3342,86,+,B,58,1,"-- [ on a, + on a ] hook, but never the snakes.  /","--/: on/IN  [ a/DT ] ,/, on/IN  [ a/DT hook/NN ] ,/, but/CC never/RB  [ the/DT snakes/NNS ] ./.","(S (ADVP (RB occasionally)) (NP-SBJ (PRP I)) (VP (MD 'll) (VP (VP (VB catch) (NP-1 (DT an) (NN eel)) (EDITED (RM (-DFL- \[)) (PP (IN on) (NP-UNF (DT a))) (, ,) (IP (-DFL- \+))) (PP (IN on) (NP (DT a) (RS (-DFL- \])) (NN hook)))) (, ,) (CC but) (VP (ADVP-TMP (RB never)) (NP=1 (DT the) (NNS snakes))))) (. .) (-DFL- E_S))",131,175.18,179.0
sw05utt/sw_0558_3342.utt,3/sw3342,3342,87,%,B,58,2,"They just kind of, -/","[ They/PRP ] just/RB  [ kind/RB ] of/RB ,/,","(S-UNF (NP-SBJ (PRP They)) (ADVP (RB just)) (ADVP (RB kind) (RB of)) (, ,) (-DFL- N_S))",135,179.02,179.72
sw05utt/sw_0558_3342.utt,3/sw3342,3342,88,qy,A,59,1,Are they poisonous snakes? /,[ Are/VBP they/PRP ] [ poisonous/JJ snakes/NNS ] ?/.,(SQ (VBP Are) (NP-SBJ (PRP they)) (NP-PRD (JJ poisonous) (NNS snakes)) (. ?) (-DFL- E_S)),137,180.24,181.48
sw05utt/sw_0558_3342.utt,3/sw3342,3342,89,sd,B,60,1,"{F Uh, } we have a lot of cotton mouth,  /","[ Uh/UH ] ,/,  [ we/PRP ] have/VBP  [ a/DT lot/NN ] of/IN  [ cotton/NN mouth/NN ] ,/,","(S (INTJ (UH Uh)) (, ,) (NP-SBJ (PRP we)) (VP (VBP have) (NP (NP (DT a) (NN lot)) (PP (IN of) (NP (NN cotton) (NN mouth))))) (, ,) (-DFL- E_S))",139,181.58,183.56
sw05utt/sw_0558_3342.utt,3/sw3342,3342,90,ny,B,60,2,{C so } yes  /,so/RB yes/UH,(FRAG (RB so) (INTJ (UH yes)) (-DFL- E_S)),140,184.52,185.10000000000002
sw05utt/sw_0558_3342.utt,3/sw3342,3342,91,sd^e,B,60,3,"they are, definitely -- /","[ they/PRP ] are/VBP ,/, definitely/RB --/:","(S (NP-SBJ (PRP they)) (VP (VBP are) (ADJP-PRD (-NONE- *?*)) (, ,) (ADVP (RB definitely))) (-DFL- E_S))",141,185.1,186.18
sw05utt/sw_0558_3342.utt,3/sw3342,3342,92,b,A,61,1,Uh-huh. /,[ Uh-huh/UH ] ./.,(INTJ (UH Uh-huh) (. .) (-DFL- E_S)),133,186.5,186.78
sw05utt/sw_0558_3342.utt,3/sw3342,3342,93,sd,B,62,1,"-- {C and } they live in [ little shallow, +  little ] coves that I like  to fish in,  /","--/: and/CC  [ they/PRP ] live/VBP in/IN  [ little/JJ shallow/NN ] ,/,  [ little/JJ coves/NNS ] that/WDT  [ I/PRP ] like/VBP to/TO fish/VB in/IN ,/,","(S (CC and) (NP-SBJ (PRP they)) (VP (VBP live) (PP-LOC (IN in) (EDITED (RM (-DFL- \[)) (NP-UNF (JJ little) (NN shallow)) (, ,) (IP (-DFL- \+))) (NP (NP (JJ little) (RS (-DFL- \])) (NNS coves)) (SBAR (WHNP-2 (WDT that)) (S (NP-SBJ-1 (PRP I)) (VP (VBP like) (S (NP-SBJ (-NONE- *-1)) (VP (TO to) (VP (VB fish) (PP-LOC (IN in) (NP (-NONE- *T*-2)))))))))))) (, ,) (-DFL- E_S))",145,187.46,191.95999999999998
sw05utt/sw_0558_3342.utt,3/sw3342,3342,94,sd,B,62,2,{C so } I seem them swimming by every once in a while. /,so/RB  [ I/PRP ] seem/^VBN   [ them/PRP ] swimming/VBG by/RB  [ every/DT ] once/RB in/IN  [ a/DT while/NN ] ./.,(S (RB so) (NP-SBJ (PRP I)) (VP (TYPO (^VBN seem)) (S (NP-SBJ (PRP them)) (VP (VBG swimming) (ADVP (RB by)) (ADVP-TMP (DT every) (RB once) (PP (IN in) (NP (DT a) (NN while))))))) (. .) (-DFL- E_S)),146,191.96,194.33999999999997
sw05utt/sw_0558_3342.utt,3/sw3342,3342,95,b,A,63,1,"Yeah,  /","[ Yeah/UH ] ,/,","(INTJ (UH Yeah) (, ,) (-DFL- E_S))",148,194.54,194.85999999999999
sw05utt/sw_0558_3342.utt,3/sw3342,3342,96,sd,A,63,2,I think I'd be a little bit afraid of those. /,[ I/PRP ] think/VBP  [ I/PRP ] 'd/MD be/VB  [ a/DT little/JJ bit/NN ] afraid/JJ of/IN  [ those/DT ] ./.,(S (NP-SBJ (PRP I)) (VP (VBP think) (SBAR (-NONE- 0) (S (NP-SBJ (PRP I)) (VP (MD 'd) (VP (VB be) (ADJP-PRD (NP-ADV (DT a) (JJ little) (NN bit)) (JJ afraid) (PP (IN of) (NP (DT those))))))))) (. .) (-DFL- E_S)),149,194.86,197.7
sw05utt/sw_0558_3342.utt,3/sw3342,3342,97,b,B,64,1,"Yeah,  /","Yeah/UH ,/,","(INTJ (UH Yeah) (, ,) (-DFL- E_S))",148,198.18,198.46
sw05utt/sw_0558_3342.utt,3/sw3342,3342,98,sd,B,64,2,"[ [ they can, +   they're, ] +  they're ] certainly ugly. /","[ they/PRP ] can/MD ,/,  [ they/PRP ] 're/VBP ,/,  [ they/PRP ] 're/VBP certainly/RB ugly/JJ ./.","(S (EDITED (RM (-DFL- \[)) (EDITED (RM (-DFL- \[)) (S (NP-SBJ (PRP they)) (VP-UNF (MD can))) (, ,) (IP (-DFL- \+))) (S (NP-SBJ (PRP they)) (VP-UNF (VBP 're))) (, ,) (RS (-DFL- \])) (IP (-DFL- \+))) (NP-SBJ (PRP they)) (VP (VBP 're) (RS (-DFL- \])) (ADVP (RB certainly)) (ADJP-PRD (JJ ugly))) (. .) (-DFL- E_S))",152,198.46,200.44000000000003
sw05utt/sw_0558_3342.utt,3/sw3342,3342,99,b,A,65,1,Uh-huh.  /,[ Uh-huh/UH ] ./.,(INTJ (UH Uh-huh) (. .) (-DFL- E_S)),133,200.84,201.14000000000001
sw05utt/sw_0558_3342.utt,3/sw3342,3342,100,sd,A,65,2,"We, {F uh, } saw a large snake right off the dock there at my in-laws'   place last year.  /","[ We/PRP ] ,/,  [ uh/UH ] ,/, saw/VBD  [ a/DT large/JJ snake/NN right/RB ] off/IN  [ the/DT dock/NN ] there/RB at/IN  [ my/PRP$ in-laws/NNS '/POS ]  place/NN  [ last/JJ year/NN ] ./.","(S (NP-SBJ (PRP We)) (, ,) (INTJ (UH uh)) (, ,) (VP (VBD saw) (NP (DT a) (JJ large) (NN snake)) (PP-LOC (ADVP (RB right)) (IN off) (NP (DT the) (NN dock))) (ADVP-LOC (RB there)) (PP-LOC (IN at) (NP (NP (PRP$ my) (NNS in-laws) (POS ')) (NN place))) (NP-TMP (JJ last) (NN year))) (. .) (-DFL- E_S))",155,202.58,208.12
sw05utt/sw_0558_3342.utt,3/sw3342,3342,101,sd,A,65,3,It was probably four inches in diameter or something like that {D you know. }  /,[ It/PRP ] was/VBD probably/RB  [ four/CD inches/NNS ] in/IN  [ diameter/NN ] or/CC  [ something/NN ] like/IN that/IN  [ you/PRP ] know/VBP ./.,(S (NP-SBJ (PRP It)) (VP (VBD was) (ADVP (RB probably)) (NP-PRD (NP (NP (CD four) (NNS inches)) (PP (IN in) (NP (NN diameter)))) (CC or) (NP (NP (NN something)) (PP (IN like) (NP (IN that))))) (PRN (S (NP-SBJ (PRP you)) (VP (VBP know))))) (. .) (-DFL- E_S)),156,208.12,212.73999999999998
sw05utt/sw_0558_3342.utt,3/sw3342,3342,102,sd,A,65,4,"Great big snake,  /","[ Great/JJ big/JJ snake/NN ] ,/,","(NP (JJ Great) (JJ big) (NN snake) (, ,) (-DFL- E_S))",157,212.74,213.66000000000003
sw05utt/sw_0558_3342.utt,3/sw3342,3342,103,sd,A,65,5,"{C and } [ it, + of course, it  ] scared the women to death, {D you know, }  /","and/CC  [ it/PRP ] ,/, of/IN  [ course/NN ] ,/,  [ it/PRP ] scared/VBD  [ the/DT women/NNS ] to/IN  [ death/NN ] ,/,  [ you/PRP ] know/VBP ,/,","(S (CC and) (EDITED (RM (-DFL- \[)) (NP-SBJ (PRP it)) (, ,) (IP (-DFL- \+))) (PP (IN of) (NP (NN course))) (, ,) (NP-SBJ (PRP it)) (RS (-DFL- \])) (VP (VBD scared) (NP (DT the) (NNS women)) (PP (IN to) (NP (NN death))) (PRN (, ,) (S (NP-SBJ (PRP you)) (VP (VBP know))))) (, ,) (-DFL- E_S))",158,213.66,216.26000000000002
sw05utt/sw_0558_3342.utt,3/sw3342,3342,104,sd(^q),A,65,6,"{C but } the men come out and said {F oh, } {D well, } that's only [ a, + a  ] king snake, it won't really hurt you, {D you know. }  /","but/CC  [ the/DT men/NNS ] come/VBP out/RB and/CC said/VBD oh/UH ,/, well/UH ,/,  [ that/DT ] 's/BES only/RB  [ a/DT ] ,/,  [ a/DT king/NN snake/NN ] ,/,  [ it/PRP ] wo/MD n't/RB really/RB hurt/VB  [ you/PRP ] ,/,  [ you/PRP ] know/VBP ./.","(S (CC but) (NP-SBJ (DT the) (NNS men)) (VP (VP (VBP come) (ADVP-DIR (RB out))) (CC and) (VP (VBD said) (S-SEZ (INTJ (UH oh)) (, ,) (INTJ (UH well)) (, ,) (NP-SBJ (DT that)) (VP (BES 's) (ADVP (RB only)) (EDITED (RM (-DFL- \[)) (NP-PRD-UNF (DT a)) (, ,) (IP (-DFL- \+))) (NP-PRD (DT a) (RS (-DFL- \])) (NN king) (NN snake)))))) (, ,))|||(S (NP-SBJ (PRP it)) (VP (MD wo) (RB n't) (ADVP (RB really)) (VP (VB hurt) (NP (PRP you)) (PRN (, ,) (S (NP-SBJ (PRP you)) (VP (VBP know)))))) (. .) (-DFL- E_S))",159|||160,216.26,220.58
sw05utt/sw_0558_3342.utt,3/sw3342,3342,105,sd,A,65,7,{C But } it looked so bad -- /,But/CC  [ it/PRP ] looked/VBD so/RB bad/JJ --/:,(S (CC But) (NP-SBJ (PRP it)) (VP (VBD looked) (ADJP-PRD (RB so) (JJ bad))) (-DFL- E_S)),161,221.02,222.17999999999998
sw05utt/sw_0558_3342.utt,3/sw3342,3342,106,b,B,66,1,Yeah. /,Yeah/UH ./.,(INTJ (UH Yeah) (. .) (-DFL- E_S)),163,222.26,222.5
sw05utt/sw_0558_3342.utt,3/sw3342,3342,107,sd,A,67,1,"-- {C and } it was so big, that it might not would have hurt us,  /","--/: and/CC  [ it/PRP ] was/VBD so/RB big/JJ ,/, that/IN  [ it/PRP ] might/MD not/RB would/MD have/VB hurt/VBN  [ us/PRP ] ,/,","(S (CC and) (NP-SBJ (PRP it)) (VP (VBD was) (ADJP-PRD (ADJP (RB so) (JJ big)) (, ,) (SBAR (IN that) (S (S (NP-SBJ (PRP it)) (VP (MD might) (RB not) (VP (MD would) (VP (VB have) (VP (VBN hurt) (NP (PRP us))))))) (, ,) (-DFL- E_S) (CC but) (S (NP-SBJ (PRP we)) (ADVP (RB sure)) (VP (VBD felt) (SBAR (IN like) (S (NP-SBJ-1 (PRP it)) (VP (VBD was) (VP (VBG hurting) (NP (PRP us)) (, ,) (S-ADV (NP-SBJ (-NONE- *-1)) (ADVP (RB just)) (VP (VBG being) (ADVP-LOC-PRD (RB there))))))))))))) (PRN (, ,) (S (NP-SBJ (PRP you)) (VP (VBP know))))) (. .) (-DFL- E_S))",165,222.5,224.86
sw05utt/sw_0558_3342.utt,3/sw3342,3342,108,sd,A,67,2,"{C but } we sure felt like it was hurting us, just being there,  {D you know } <laughter>. /","but/CC  [ we/PRP ] sure/RB felt/VBD like/IN  [ it/PRP ] was/VBD hurting/VBG  [ us/PRP ] ,/, just/RB being/VBG there/RB ,/,  [ you/PRP ] know/VBP ./.","(S (CC and) (NP-SBJ (PRP it)) (VP (VBD was) (ADJP-PRD (ADJP (RB so) (JJ big)) (, ,) (SBAR (IN that) (S (S (NP-SBJ (PRP it)) (VP (MD might) (RB not) (VP (MD would) (VP (VB have) (VP (VBN hurt) (NP (PRP us))))))) (, ,) (-DFL- E_S) (CC but) (S (NP-SBJ (PRP we)) (ADVP (RB sure)) (VP (VBD felt) (SBAR (IN like) (S (NP-SBJ-1 (PRP it)) (VP (VBD was) (VP (VBG hurting) (NP (PRP us)) (, ,) (S-ADV (NP-SBJ (-NONE- *-1)) (ADVP (RB just)) (VP (VBG being) (ADVP-LOC-PRD (RB there))))))))))))) (PRN (, ,) (S (NP-SBJ (PRP you)) (VP (VBP know))))) (. .) (-DFL- E_S))",165,224.86,228.6
sw05utt/sw_0558_3342.utt,3/sw3342,3342,109,aa,B,68,1,Definitely. /,Definitely/RB ./.,(ADVP (RB Definitely) (. .) (-DFL- E_S)),167,228.64,229.05999999999997
sw05utt/sw_0558_3342.utt,3/sw3342,3342,110,sv,A,69,1,{C But } they're scary looking. /,But/CC  [ they/PRP ] 're/VBP  [ scary/JJ ] looking/VBG ./.,(S (CC But) (NP-SBJ (PRP they)) (VP (VBP 're) (ADJP-PRD (JJ scary) (VBG looking))) (. .) (-DFL- E_S)),169,229.68,230.96
sw05utt/sw_0558_3342.utt,3/sw3342,3342,111,qy,B,70,1,Do you have bass? /,Do/VBP  [ you/PRP ] have/VB  [ bass/NN ] ?/.,(SQ (VBP Do) (NP-SBJ (PRP you)) (VP (VB have) (NP (NN bass))) (. ?) (-DFL- E_S)),171,230.96,232.68
sw05utt/sw_0558_3342.utt,3/sw3342,3342,112,ny,A,71,1,"Yes, {F uh, }  /","Yes/UH ,/,  [ uh/UH ] ,/,","(INTJ (INTJ (UH Yes)) (, ,) (INTJ (UH uh)) (, ,) (-DFL- E_S))",173,233.3,234.0
sw05utt/sw_0558_3342.utt,3/sw3342,3342,113,sd^e,A,71,2,"I think that, {F uh, } probably around here people fish for bass and crappie and catfish more than anything else. /","[ I/PRP ] think/VBP  [ that/IN ] ,/,  [ uh/UH ] ,/, probably/RB around/IN here/RB  [ people/NNS fish/VBP ] for/IN  [ bass/NN ] and/CC  [ crappie/NN ] and/CC  [ catfish/NN ] more/RBR than/IN  [ anything/NN ] else/RB ./.","(S (NP-SBJ (PRP I)) (VP (VBP think) (SBAR (IN that) (, ,) (INTJ (UH uh)) (, ,) (S (ADVP (RB probably)) (PP-LOC (IN around) (ADVP (RB here))) (NP-SBJ (NNS people)) (VP (VBP fish) (PP (IN for) (NP (NN bass) (CC and) (NN crappie) (CC and) (NN catfish))) (ADVP (ADVP (RBR more)) (PP (IN than) (NP (NP (NN anything)) (ADVP (RB else))))))))) (. .) (-DFL- E_S))",174,234.06,239.24
sw05utt/sw_0558_3342.utt,3/sw3342,3342,114,b,B,72,1,Right.  /,[ Right/UH ] ./.,(INTJ (UH Right) (. .) (-DFL- E_S)),176,239.24,239.36
sw05utt/sw_0558_3342.utt,3/sw3342,3342,115,sd,B,72,2,"{D Well, } that's pretty much the same way here. /","Well/UH ,/,  [ that/DT ] 's/BES pretty/RB much/JJ  [ the/DT same/JJ way/NN ] here/RB ./.","(S (INTJ (UH Well)) (, ,) (NP-SBJ (DT that)) (VP (BES 's) (ADVP (RB pretty) (JJ much)) (NP-PRD (DT the) (JJ same) (NN way)) (ADVP-LOC (RB here))) (. .) (-DFL- E_S))",177,239.94,241.56
sw05utt/sw_0558_3342.utt,3/sw3342,3342,116,b,A,73,1,Uh-huh. /,[ Uh-huh/UH ] ./.,(INTJ (UH Uh-huh) (. .) (-DFL- E_S)),143,241.76,241.88
sw05utt/sw_0558_3342.utt,3/sw3342,3342,117,%,B,74,1,"I, -/","[ I/PRP ] ,/,","(S-UNF (NP-SBJ (PRP I)) (, ,) (-DFL- N_S))",181,241.88,241.96
sw05utt/sw_0558_3342.utt,3/sw3342,3342,118,sd,A,75,1,"{D Now, } they have a lot of bass tournaments. /","Now/UH ,/,  [ they/PRP ] have/VBP  [ a/DT lot/NN ] of/IN  [ bass/NN tournaments/NNS ] ./.","(S (INTJ (UH Now)) (, ,) (NP-SBJ (PRP they)) (VP (VBP have) (NP (NP (DT a) (NN lot)) (PP (IN of) (NP (NN bass) (NNS tournaments))))) (. .) (-DFL- E_S))",183,242.22,244.64000000000001
sw05utt/sw_0558_3342.utt,3/sw3342,3342,119,sd,B,76,1,"{D Well, } we have those.  /","Well/UH ,/,  [ we/PRP ] have/VBP  [ those/DT ] ./.","(S (INTJ (UH Well)) (, ,) (NP-SBJ (PRP we)) (VP (VBP have) (NP (DT those))) (. .) (-DFL- E_S))",185,245.86,246.39999999999998
sw05utt/sw_0558_3342.utt,3/sw3342,3342,120,%,B,76,2,I don't -- -/,[ I/PRP ] do/VBP n't/RB --/:,(S (NP-SBJ (PRP I)) (VP-UNF (VBP do) (RB n't)) (-DFL- N_S)),186,246.4,246.88
sw05utt/sw_0558_3342.utt,3/sw3342,3342,121,b,A,77,1,Uh-huh. /,[ Uh-huh/UH ] ./.,(INTJ (UH Uh-huh) (. .) (-DFL- E_S)),154,246.88,247.12
sw05utt/sw_0558_3342.utt,3/sw3342,3342,122,sd,B,78,1,"-- [ I +  inevitably, if I ] enter one of those, I never catch a  thing. /","--/:  [ I/PRP ] inevitably/RB ,/, if/IN  [ I/PRP ] enter/VBP  [ one/NN ] of/IN  [ those/DT ] ,/,  [ I/PRP ] never/RB catch/VBP  [ a/DT thing/NN ] ./.","(S (EDITED (RM (-DFL- \[)) (NP-SBJ (PRP I)) (IP (-DFL- \+))) (ADVP (RB inevitably)) (, ,) (SBAR-ADV (IN if) (S (NP-SBJ (PRP I)) (RS (-DFL- \])) (VP (VBP enter) (NP (NP (NN one)) (PP (IN of) (NP (DT those))))))) (, ,) (NP-SBJ (PRP I)) (ADVP-TMP (RB never)) (VP (VBP catch) (NP (DT a) (NN thing))) (. .) (-DFL- E_S))",190,247.64,251.18
sw05utt/sw_0558_3342.utt,3/sw3342,3342,123,ba,A,79,1,"{F Oh, } no. /","Oh/UH ,/, no/UH ./.","(INTJ (INTJ (UH Oh)) (, ,) (INTJ (UH no)) (. .) (-DFL- E_S))",192,251.6,252.42000000000002
sw05utt/sw_0558_3342.utt,3/sw3342,3342,124,sd,B,80,1,I just go out there and sit and watch other people do it. /,[ I/PRP ] just/RB go/VBP out/IN there/RB and/CC sit/VBP and/CC watch/VBP  [ other/JJ people/NNS ] do/VB  [ it/PRP ] ./.,(S (NP-SBJ (PRP I)) (ADVP (RB just)) (VP (VP (VBP go) (PP-DIR (IN out) (ADVP (RB there)))) (CC and) (VP (VBP sit)) (CC and) (VP (VBP watch) (S (NP-SBJ (JJ other) (NNS people)) (VP (VB do) (NP (PRP it)))))) (. .) (-DFL- E_S)),194,252.44,255.17999999999998
sw05utt/sw_0558_3342.utt,3/sw3342,3342,125,b,A,81,1,Uh-huh.  /,[ Uh-huh/UH ] ./.,(INTJ (UH Uh-huh) (. .) (-DFL- E_S)),179,255.34,255.62
sw05utt/sw_0558_3342.utt,3/sw3342,3342,126,%,A,81,2,"{D Well } that's kind of, - /","Well/UH that/IN  [ 's/BES kind/RB ] of/RB ,/,","(S (INTJ (UH Well)) (NP-SBJ (IN that)) (VP-UNF (BES 's) (ADVP (RB kind) (RB of))) (, ,) (-DFL- N_S))",197,255.94,256.47999999999996
sw05utt/sw_0558_3342.utt,3/sw3342,3342,127,sd,A,81,3,we've never entered a tournament or anything.  /,[ we/PRP ] 've/VBP never/RB entered/VBD  [ a/DT tournament/NN ] or/CC  [ anything/NN ] ./.,(S (NP-SBJ (PRP we)) (VP (VBP 've) (ADVP-TMP (RB never)) (VP (VP (VBD entered) (NP (DT a) (NN tournament))) (CC or) (NP-ETC (NN anything)))) (. .) (-DFL- E_S)),198,256.48,258.02000000000004
sw05utt/sw_0558_3342.utt,3/sw3342,3342,128,sd,A,81,4,"We're not that big into fishing,  /","[ We/PRP ] 're/VBP not/RB that/RB  [ big/JJ ] into/IN fishing/NN ,/,","(S (NP-SBJ (PRP We)) (VP (VBP 're) (RB not) (ADJP-PRD (RB that) (JJ big) (PP (IN into) (NP (NN fishing))))) (, ,) (-DFL- E_S))",199,258.02,259.32
sw05utt/sw_0558_3342.utt,3/sw3342,3342,129,sd,A,81,5,"{C but } I see a lot of people,  /","but/CC  [ I/PRP ] see/VBP  [ a/DT lot/NN ] of/IN  [ people/NNS ] ,/,","(S (CC but) (NP-SBJ (PRP I)) (VP-UNF (VBP see) (NP (NP (DT a) (NN lot)) (PP (IN of) (NP (NNS people)))) (, ,) (-DFL- E_S) (PRN (S (NP-SBJ (PRP you)) (VP (VBP know))))) (, ,))",200,259.32,261.21999999999997
sw05utt/sw_0558_3342.utt,3/sw3342,3342,130,sd,A,81,6,"{D you know, } early in the morning there'll be all the boats going out,  /","[ you/PRP ] know/VBP ,/, early/RB in/IN  [ the/DT morning/NN ] [ there/EX ] 'll/MD be/VB  [ all/PDT the/DT boats/NNS ] going/VBG out/RB ,/,","(S (CC but) (NP-SBJ (PRP I)) (VP-UNF (VBP see) (NP (NP (DT a) (NN lot)) (PP (IN of) (NP (NNS people)))) (, ,) (-DFL- E_S) (PRN (S (NP-SBJ (PRP you)) (VP (VBP know))))) (, ,))|||(S (ADVP-TMP (RB early) (PP (IN in) (NP (DT the) (NN morning)))) (NP-SBJ (EX there)) (VP (MD 'll) (VP (VB be) (NP-PRD (NP (PDT all) (DT the) (NNS boats)) (VP (VBG going) (ADVP-DIR (RB out)))))) (, ,) (-DFL- E_S))",200|||201,261.26,263.82000000000005
sw05utt/sw_0558_3342.utt,3/sw3342,3342,131,sd,A,81,7,"{C and } they'll say, {D Well, } there's a big bass tournament this weekend,  /","and/CC  [ they/PRP ] 'll/MD say/VB ,/, Well/UH ,/,  [ there/EX ] 's/BES  [ a/DT big/JJ bass/NN tournament/NN ] [ this/DT weekend/NN ] ,/,","(S (CC and) (NP-SBJ (PRP they)) (VP (MD 'll) (VP (VB say) (, ,) (S-SEZ (INTJ (UH Well)) (, ,) (NP-SBJ (EX there)) (VP (BES 's) (NP-PRD (DT a) (JJ big) (NN bass) (NN tournament)) (NP-TMP (DT this) (NN weekend)))))) (, ,) (-DFL- E_S))",202,263.82,265.94
sw05utt/sw_0558_3342.utt,3/sw3342,3342,132,sd,A,81,8,"{C and } all those people are here for the tournament, {D you know. } /","and/CC  [ all/PDT those/DT people/NNS ] are/VBP here/RB for/IN  [ the/DT tournament/NN ] ,/,  [ you/PRP ] know/VBP ./.","(S (CC and) (NP-SBJ (PDT all) (DT those) (NNS people)) (VP (VBP are) (ADVP-LOC-PRD (RB here)) (PP-PRP (IN for) (NP (DT the) (NN tournament))) (PRN (, ,) (S (NP-SBJ (PRP you)) (VP (VBP know))))) (. .) (-DFL- E_S))",203,265.94,268.94
sw05utt/sw_0558_3342.utt,3/sw3342,3342,133,ba,B,82,1,"{F Oh, } yes. /","Oh/UH ,/, yes/UH ./.","(INTJ (INTJ (UH Oh)) (, ,) (INTJ (UH yes)) (. .) (-DFL- E_S))",205,269.24,269.53999999999996
sw05utt/sw_0558_3342.utt,3/sw3342,3342,134,sv,A,83,1,"{C So } I think there's a lot of people that have, {D you know, } [ really, + I guess that you'd call it really  ] sport fishing,  /","So/RB  [ I/PRP ] think/VBP  [ there/EX ] 's/BES  [ a/DT lot/NN ] of/IN  [ people/NNS ] [ that/WDT ] have/VBP ,/,  [ you/PRP ] know/VBP ,/, really/RB ,/,  [ I/PRP ] guess/VBP that/IN  [ you/PRP ] 'd/MD call/VB  [ it/PRP ] really/RB  [ sport/NN ] fishing/VBG ,/,","(S (RB So) (NP-SBJ (PRP I)) (VP (VBP think) (SBAR (-NONE- 0) (S (NP-SBJ (EX there)) (VP (BES 's) (NP-PRD (NP (DT a) (NN lot)) (PP (IN of) (NP (NNS people))) (SBAR (WHNP-1 (WDT that)) (S (NP-SBJ (-NONE- *T*-1)) (VP-UNF (VBP have) (PRN (, ,) (S (NP-SBJ (PRP you)) (VP (VBP know))) (, ,)) (RM (-DFL- \[)) (ADVP (RB really)) (, ,) (IP (-DFL- \+)))))))))))|||(S (NP-SBJ (PRP I)) (VP (VBP guess) (SBAR (IN that) (S (NP-SBJ (PRP you)) (VP (MD 'd) (VP (VB call) (S (NP-SBJ (PRP it)) (ADVP (RB really)) (RS (-DFL- \])) (NP-PRD (NN sport) (VBG fishing)))))))) (, ,) (-DFL- E_S))",207|||208,269.74,275.74
sw05utt/sw_0558_3342.utt,3/sw3342,3342,135,sv,A,83,2,they're really into it to try to win. /,[ they/PRP ] 're/VBP really/RB into/IN  [ it/PRP ] to/TO try/VB to/TO win/VB ./.,(S (NP-SBJ (PRP they)) (VP (VBP 're) (ADVP (RB really)) (PP-PRD (IN into) (NP (PRP it))) (S-PRP (NP-SBJ-1 (-NONE- *)) (VP (TO to) (VP (VB try) (S (NP-SBJ (-NONE- *-1)) (VP (TO to) (VP (VB win)))))))) (. .) (-DFL- E_S)),209,275.74,277.34000000000003
sw05utt/sw_0558_3342.utt,3/sw3342,3342,136,aa,B,84,1,"Yeah,  /","Yeah/UH ,/,","(INTJ (UH Yeah) (, ,) (-DFL- E_S))",211,277.64,277.9
sw05utt/sw_0558_3342.utt,3/sw3342,3342,137,aa,B,84,2,"{F oh, } definitely.  /","oh/UH ,/, definitely/RB ./.","(FRAG (INTJ (UH oh)) (, ,) (ADVP (RB definitely)) (. .) (-DFL- E_S))",212,277.9,278.85999999999996
sw05utt/sw_0558_3342.utt,3/sw3342,3342,138,%,A,85,1,My. /,[ My/PRP$ ] ./.,(S (NP-SBJ-UNF (PRP$ My)) (. .) (-DFL- E_S)),214,279.46,279.59999999999997
sw05utt/sw_0558_3342.utt,3/sw3342,3342,139,sd,B,86,1,Certainly here they are. /,Certainly/RB here/RB  [ they/PRP ] are/VBP ./.,(S (ADVP (RB Certainly)) (ADVP-LOC (RB here)) (NP-SBJ (PRP they)) (VP (VBP are) (NP-PRD (-NONE- *?*))) (. .) (-DFL- E_S)),216,279.86,281.26
sw05utt/sw_0558_3342.utt,3/sw3342,3342,140,sv,A,87,1,"{C But } [ it is, + it's  ] [ very, + a very  ] relaxing sport to be able to just be out on the water and looking around.  /","But/CC  [ it/PRP ] is/VBZ ,/,  [ it/PRP ] 's/BES very/RB ,/,  [ a/DT very/RB ] [ relaxing/JJ sport/NN ] to/TO be/VB able/JJ to/TO just/RB be/VB out/RB on/IN  [ the/DT water/NN ] and/CC looking/VBG around/RB ./.","(S (CC But) (EDITED (RM (-DFL- \[)) (S (NP-SBJ (PRP it)) (VP-UNF (VBZ is))) (, ,) (IP (-DFL- \+))) (NP-SBJ (PRP it)) (VP (BES 's) (RS (-DFL- \])) (EDITED (RM (-DFL- \[)) (ADJP-PRD-UNF (RB very)) (, ,) (IP (-DFL- \+))) (NP-PRD (DT a) (ADJP (RB very) (RS (-DFL- \])) (JJ relaxing)) (NN sport)) (S-TPC (NP-SBJ (-NONE- *)) (VP (TO to) (VP (VB be) (ADJP-PRD (JJ able) (S (NP-SBJ (-NONE- *)) (VP (TO to) (ADVP (RB just)) (VP (VB be) (UCP-PRD (PP-LOC (RB out) (PP (IN on) (NP (DT the) (NN water)))) (CC and) (VP (VBG looking) (ADVP (RB around)))))))))))) (. .) (-DFL- E_S))",218,281.42,287.65999999999997
sw05utt/sw_0558_3342.utt,3/sw3342,3342,141,sv,A,87,2,The peace and  calmness is really relaxing. /,[ The/DT peace/NN ] and/CC  [ calmness/NN ] is/VBZ really/RB relaxing/JJ ./.,(S (NP-SBJ (DT The) (NN peace) (CC and) (NN calmness)) (VP (VBZ is) (ADJP-PRD (RB really) (JJ relaxing))) (. .) (-DFL- E_S)),219,287.66,289.78000000000003
sw05utt/sw_0558_3342.utt,3/sw3342,3342,142,aa,B,88,1,"Yeah,  /","Yeah/UH ,/,","(INTJ (UH Yeah) (, ,) (-DFL- E_S))",211,289.78,289.85999999999996
sw05utt/sw_0558_3342.utt,3/sw3342,3342,143,sv,B,88,2,it's a good thing to take a nice book and sit back and  read and fish. /,[ it/PRP ] 's/BES  [ a/DT good/JJ thing/NN ] to/TO take/VB  [ a/DT nice/JJ book/NN ] and/CC sit/VB back/RB and/CC read/VB and/CC fish/VB ./.,(S (NP-SBJ (NP (PRP it)) (S (-NONE- *EXP*-1))) (VP (BES 's) (NP-PRD (DT a) (JJ good) (NN thing)) (S-1 (NP-SBJ (-NONE- *)) (VP (TO to) (VP (VP (VB take) (NP (DT a) (JJ nice) (NN book))) (CC and) (VP (VB sit) (ADVP (RB back))) (CC and) (VP (VB read) (CC and) (VB fish)))))) (. .) (-DFL- E_S)),222,289.86,293.52000000000004
sw05utt/sw_0558_3342.utt,3/sw3342,3342,144,b,A,89,1,Uh-huh. /,[ Uh-huh/UH ] ./.,(INTJ (UH Uh-huh) (. .) (-DFL- E_S)),188,293.68,294.06
sw05utt/sw_0558_3342.utt,3/sw3342,3342,145,sd,B,90,1,That's what I do a lot. /,[ That/DT ] 's/BES  [ what/WP ] [ I/PRP ] do/VBP  [ a/DT lot/NN ] ./.,(S (NP-SBJ (DT That)) (VP (BES 's) (SBAR-NOM-PRD (WHNP-1 (WP what)) (S (NP-SBJ (PRP I)) (VP (VBP do) (NP (-NONE- *T*-1)) (NP-TMP (DT a) (NN lot)))))) (. .) (-DFL- E_S)),226,294.42,295.48
sw05utt/sw_0558_3342.utt,3/sw3342,3342,146,sd,A,91,1,I've never tried taking a book with me.  /,[ I/PRP ] 've/VBP never/RB tried/VBN taking/VBG  [ a/DT book/NN ] with/IN  [ me/PRP ] ./.,(S (NP-SBJ-1 (PRP I)) (VP (VBP 've) (ADVP-TMP (RB never)) (VP (VBN tried) (S (NP-SBJ (-NONE- *-1)) (VP (VBG taking) (NP (DT a) (NN book)) (PP (IN with) (NP (PRP me))))))) (. .) (-DFL- E_S)),228,295.48,296.9
sw05utt/sw_0558_3342.utt,3/sw3342,3342,147,sd,A,91,2,I'll have to try that one of these days. /,[ I/PRP ] 'll/MD have/VB to/TO try/VB that/DT  [ one/NN ] of/IN  [ these/DT days/NNS ] ./.,(S (NP-SBJ-1 (PRP I)) (VP (MD 'll) (VP (VB have) (S (NP-SBJ (-NONE- *-1)) (VP (TO to) (VP (VB try) (NP (DT that)) (NP-TMP (NP (NN one)) (PP (IN of) (NP (DT these) (NNS days))))))))) (. .) (-DFL- E_S)),229,296.9,298.5
