swda_filename,ptb_basename,conversation_no,transcript_index,act_tag,caller,utterance_index,subutterance_index,text,pos,trees,ptb_treenumbers,start_ts,end_ts
sw01utt/sw_0158_3327.utt,3/sw3327,3327,0,o,A,1,1,"Okay,  /","Okay/UH ,/,","(INTJ (UH Okay) (, ,) (-DFL- E_S))",1,0.04,0.38
sw01utt/sw_0158_3327.utt,3/sw3327,3327,1,qy,A,1,2,is it Mike? /,is/VBZ  [ it/PRP ] [ Mike/NNP ] ?/.,(SQ (VBZ is) (NP-SBJ (PRP it)) (NP-PRD (NNP Mike)) (. ?) (-DFL- E_S)),2,0.38,0.9
sw01utt/sw_0158_3327.utt,3/sw3327,3327,2,ny,B,2,1,Yes. /,Yes/UH ./.,(INTJ (UH Yes) (. .) (-DFL- E_S)),4,1.04,1.36
sw01utt/sw_0158_3327.utt,3/sw3327,3327,3,qy,A,3,1,Do you repair your own car? /,Do/VBP  [ you/PRP ] repair/VB  [ your/PRP$ own/JJ car/NN ] ?/.,(SQ (VBP Do) (NP-SBJ (PRP you)) (VP (VB repair) (NP (PRP$ your) (JJ own) (NN car))) (. ?) (-DFL- E_S)),6,1.6,2.8600000000000003
sw01utt/sw_0158_3327.utt,3/sw3327,3327,4,na,B,4,1,"I try to, whenever I can.  /","[ I/PRP ] try/VBP to/TO ,/, whenever/WRB  [ I/PRP ] can/MD ./.","(S (NP-SBJ-1 (PRP I)) (VP (VBP try) (S (NP-SBJ (-NONE- *-1)) (VP (TO to) (VP (-NONE- *?*)))) (, ,) (SBAR-TMP (WHADVP-2 (WRB whenever)) (S (NP-SBJ (PRP I)) (VP (MD can) (VP (-NONE- *?*) (ADVP-TMP (-NONE- *T*-2))))))) (. .) (-DFL- E_S))",8,3.18,4.3999999999999995
sw01utt/sw_0158_3327.utt,3/sw3327,3327,5,sd,B,4,2,"I've always been [ [ a, + a ] + <lipsmack>, I guess a ] product of a handyman father. /","[ I/PRP ] 've/VBP always/RB been/VBN  [ a/DT ] ,/,  [ a/DT ] ,/,  [ I/PRP ] guess/VBP  [ a/DT product/NN ] of/IN  [ a/DT handyman/NN father/NN ] ./.","(S (NP-SBJ (PRP I)) (VP (VBP 've) (ADVP-TMP (RB always)) (VP (VBN been) (EDITED (RM (-DFL- \[)) (EDITED (RM (-DFL- \[)) (NP-PRD-UNF (DT a)) (, ,) (IP (-DFL- \+))) (NP-PRD-UNF (DT a)) (RS (-DFL- \])) (IP (-DFL- \+))) (PRN (, ,) (S (NP-SBJ (PRP I)) (VP (VBP guess)))) (NP-PRD (NP (DT a) (RS (-DFL- \])) (NN product)) (PP (IN of) (NP (DT a) (NN handyman) (NN father)))))) (. .) (-DFL- E_S))",9,4.4,8.280000000000001
sw01utt/sw_0158_3327.utt,3/sw3327,3327,6,sv,A,5,1,"{D Well, } I tell you what, [ that's, + ] [ y-, + ] count your blessings because --","Well/UH ,/,  [ I/PRP ] tell/VBP  [ you/PRP ] [ what/WP ] ,/, that/DT  [ 's/BES ] ,/,  [ y-/PRP ] ,/, count/VB  [ your/PRP$ blessings/NNS ] because/IN --/:","(S (INTJ (UH Well)) (, ,) (NP-SBJ (PRP I)) (VP (VBP tell) (NP (PRP you)) (NP (WP what))) (, ,))|||(S-IMP (EDITED (RM (-DFL- \[)) (S (NP-SBJ (DT that)) (VP-UNF (BES 's))) (, ,) (IP (-DFL- \+)) (RS (-DFL- \]))) (EDITED (RM (-DFL- \[)) (NP-SBJ-UNF (PRP y-)) (, ,) (IP (-DFL- \+)) (RS (-DFL- \]))) (NP-SBJ (-NONE- *)) (VP (VB count) (NP (PRP$ your) (NNS blessings)) (SBAR-PRP (IN because) (INTJ (UH uh)) (, ,) (S (NP-SBJ (PRP it)) (ADVP (RB really)) (VP (VBZ is) (ADJP-PRD (JJ good)) (SBAR-TMP (WHADVP-1 (WRB when)) (S (NP-SBJ (NN someone)) (VP (MD can) (VP (VB do) (NP (DT some) (NNS things)) (PP (IN to) (NP (DT a) (NN car))) (NP-ADV (PRP themselves)) (ADVP-TMP (-NONE- *T*-1)))))))))) (. .) (-DFL- E_S))",11|||12,8.36,12.079999999999998
sw01utt/sw_0158_3327.utt,3/sw3327,3327,7,%,B,6,1,"Th-, -/","[ Th-/DT ] ,/,","(NP-UNF (DT Th-) (, ,) (-DFL- N_S))",14,0.0,0.0
sw01utt/sw_0158_3327.utt,3/sw3327,3327,8,+,A,7,1,"-- {F uh, } it really is good when someone can do some --","--/:  [ uh/UH ] ,/,  [ it/PRP ] really/RB is/VBZ good/JJ when/WRB  [ someone/NN ] can/MD do/VB  [ some/DT ] --/:","(S-IMP (EDITED (RM (-DFL- \[)) (S (NP-SBJ (DT that)) (VP-UNF (BES 's))) (, ,) (IP (-DFL- \+)) (RS (-DFL- \]))) (EDITED (RM (-DFL- \[)) (NP-SBJ-UNF (PRP y-)) (, ,) (IP (-DFL- \+)) (RS (-DFL- \]))) (NP-SBJ (-NONE- *)) (VP (VB count) (NP (PRP$ your) (NNS blessings)) (SBAR-PRP (IN because) (INTJ (UH uh)) (, ,) (S (NP-SBJ (PRP it)) (ADVP (RB really)) (VP (VBZ is) (ADJP-PRD (JJ good)) (SBAR-TMP (WHADVP-1 (WRB when)) (S (NP-SBJ (NN someone)) (VP (MD can) (VP (VB do) (NP (DT some) (NNS things)) (PP (IN to) (NP (DT a) (NN car))) (NP-ADV (PRP themselves)) (ADVP-TMP (-NONE- *T*-1)))))))))) (. .) (-DFL- E_S))",12,12.08,14.239999999999998
sw01utt/sw_0158_3327.utt,3/sw3327,3327,9,b,B,8,1,Yeah. /,Yeah/UH ./.,(INTJ (UH Yeah) (. .) (-DFL- E_S)),17,14.7,14.959999999999999
sw01utt/sw_0158_3327.utt,3/sw3327,3327,10,+,A,9,1,-- things to a car themselves. /,--/:  [ things/NNS ] to/IN  [ a/DT car/NN ] [ themselves/PRP ] ./.,"(S-IMP (EDITED (RM (-DFL- \[)) (S (NP-SBJ (DT that)) (VP-UNF (BES 's))) (, ,) (IP (-DFL- \+)) (RS (-DFL- \]))) (EDITED (RM (-DFL- \[)) (NP-SBJ-UNF (PRP y-)) (, ,) (IP (-DFL- \+)) (RS (-DFL- \]))) (NP-SBJ (-NONE- *)) (VP (VB count) (NP (PRP$ your) (NNS blessings)) (SBAR-PRP (IN because) (INTJ (UH uh)) (, ,) (S (NP-SBJ (PRP it)) (ADVP (RB really)) (VP (VBZ is) (ADJP-PRD (JJ good)) (SBAR-TMP (WHADVP-1 (WRB when)) (S (NP-SBJ (NN someone)) (VP (MD can) (VP (VB do) (NP (DT some) (NNS things)) (PP (IN to) (NP (DT a) (NN car))) (NP-ADV (PRP themselves)) (ADVP-TMP (-NONE- *T*-1)))))))))) (. .) (-DFL- E_S))",12,15.1,16.86
sw01utt/sw_0158_3327.utt,3/sw3327,3327,11,aa,B,10,1,Yeah.  /,Yeah/UH ./.,(INTJ (UH Yeah) (. .) (-DFL- E_S)),17,16.98,17.2
sw01utt/sw_0158_3327.utt,3/sw3327,3327,12,%,B,10,2,"There's, - /","[ There/EX ] 's/BES ,/,","(S (NP-SBJ (EX There)) (VP-UNF (BES 's)) (, ,) (-DFL- N_S))",21,17.42,17.66
sw01utt/sw_0158_3327.utt,3/sw3327,3327,13,sv,B,10,3,"[ a-, + although ] I'll tell you, {D you know, } over the years the cars get more complicated. /","a-/IN ,/, although/IN  [ I/PRP ] 'll/MD tell/VB  [ you/PRP ] ,/,  [ you/PRP ] know/VBP ,/, over/IN  [ the/DT years/NNS ] [ the/DT cars/NNS ] get/VBP more/RBR complicated/JJ ./.","(SBAR-ADV (EDITED (RM (-DFL- \[)) (SBAR-ADV-UNF (IN a-)) (, ,) (IP (-DFL- \+))) (IN although) (RS (-DFL- \])) (S (NP-SBJ (PRP I)) (VP (MD 'll) (VP (VB tell) (NP (PRP you)) (PRN (, ,) (S (NP-SBJ (PRP you)) (VP (VBP know))))))) (, ,))|||(S (PP-TMP (IN over) (NP (DT the) (NNS years))) (NP-SBJ (DT the) (NNS cars)) (VP (VBP get) (ADJP-PRD (RBR more) (JJ complicated))) (. .) (-DFL- E_S))",22|||23,17.7,21.18
sw01utt/sw_0158_3327.utt,3/sw3327,3327,14,sd,A,11,1,"{D Well, } that's why I don't do as much as I'd like. /","Well/UH ,/,  [ that/DT ] 's/BES why/WRB  [ I/PRP ] do/VBP n't/RB do/VB as/RB much/RB as/IN  [ I/PRP ] 'd/MD like/VB ./.","(S (INTJ (UH Well)) (, ,) (NP-SBJ (DT that)) (VP (BES 's) (SBAR-PRP-PRD (WHADVP-1 (WRB why)) (S (NP-SBJ (PRP I)) (VP (VBP do) (RB n't) (VP (VB do) (NP (NP (RB as) (RB much)) (SBAR (IN as) (S (NP-SBJ (PRP I)) (VP (MD 'd) (VP (VB like)))))) (ADVP-PRP (-NONE- *T*-1))))))) (. .) (-DFL- E_S))",25,21.18,23.68
sw01utt/sw_0158_3327.utt,3/sw3327,3327,15,b,B,12,1,"Right,  /","Right/UH ,/,","(INTJ (UH Right) (, ,) (-DFL- E_S))",27,23.88,24.22
sw01utt/sw_0158_3327.utt,3/sw3327,3327,16,b,B,12,2,yeah. /,yeah/UH ./.,(INTJ (UH yeah) (. .) (-DFL- E_S)),28,24.34,24.54
sw01utt/sw_0158_3327.utt,3/sw3327,3327,17,qy^g,A,13,1,"Because [ [ they are, + {E I mean } they've got, ] + they've gotten ] complicated haven't they? <Barking>. /","Because/IN  [ they/PRP ] are/VBP ,/,  [ I/PRP ] mean/VBP  [ they/PRP ] 've/VBP got/VBD ,/,  [ they/PRP ] 've/VBP gotten/VBN complicated/JJ have/VBP n't/RB  [ they/PRP ] ?/.  ./.","(SBAR-PRP (IN Because) (SQ (S (EDITED (RM (-DFL- \[)) (EDITED (RM (-DFL- \[)) (S (NP-SBJ (PRP they)) (VP-UNF (VBP are))) (, ,) (IP (-DFL- \+))) (PRN (S (NP-SBJ (PRP I)) (VP (VBP mean)))) (S (NP-SBJ (PRP they)) (VP (VBP 've) (VP-UNF (VBD got)))) (, ,) (RS (-DFL- \])) (IP (-DFL- \+))) (NP-SBJ (PRP they)) (VP (VBP 've) (VP (VBN gotten) (RS (-DFL- \])) (ADJP-PRD (JJ complicated))))) (SQ (VBP have) (RB n't) (NP-SBJ (PRP they)) (VP (-NONE- *?*)))) (. ?) (. .) (-DFL- E_S))",30,24.84,27.58
sw01utt/sw_0158_3327.utt,3/sw3327,3327,18,ny,B,14,1,Yes.  /,Yes/UH ./.,(INTJ (UH Yes) (. .) (-DFL- E_S)),4,27.92,28.240000000000002
sw01utt/sw_0158_3327.utt,3/sw3327,3327,19,sd^e,B,14,2,One of my first cars was a fifty-six Buick.,[ One/CD ] of/IN  [ my/PRP$ first/JJ cars/NNS ] was/VBD  [ a/DT fifty-six/CD Buick/NNP ] ./.,"(S (NP-SBJ (NP (CD One)) (PP (IN of) (NP (PRP$ my) (JJ first) (NNS cars)))) (VP (VBD was) (NP-PRD (NP (DT a) (CD fifty-six) (NNP Buick)) (. .) (SBAR (WHNP-2 (WDT Which)) (, ,) (S (PP-TMP (IN after) (NP (NN awhile))) (NP-SBJ (PRP I)) (VP (MD could) (PRN (, ,) (S (NP-SBJ (PRP you)) (VP (VBP know))) (, ,)) (VP (VB take) (RM (-DFL- \[)) (NP (NP (-NONE- *T*-2)) (NP (PRP it))) (IP (-DFL- \+)) (RS (-DFL- \])) (ADVP (RB apart)) (PP (IN in) (NP (PRP$ my) (NN sleep))) (SBAR-ADV (IN if) (S (NP-SBJ-1 (PRP I)) (VP (VBD needed) (S (NP-SBJ (-NONE- *-1)) (VP (TO to) (VP (-NONE- *?*))))))))))))) (. .) (-DFL- E_S))",33,28.26,30.22
sw01utt/sw_0158_3327.utt,3/sw3327,3327,20,b,A,15,1,Uh-huh. /,[ Uh-huh/UH ] ./.,(INTJ (UH Uh-huh) (. .) (-DFL- E_S)),35,30.54,30.82
sw01utt/sw_0158_3327.utt,3/sw3327,3327,21,+,B,16,1,"Which, after awhile I could, {D you know, } take [ it + ] apart in my sleep if I needed to. /","[ Which/WDT ] ,/, after/IN awhile/NN  [ I/PRP ] could/MD ,/,  [ you/PRP ] know/VBP ,/, take/VB  [ it/PRP ] apart/RB in/IN  [ my/PRP$ sleep/NN ] if/IN  [ I/PRP ] needed/VBD to/TO ./.","(S (NP-SBJ (NP (CD One)) (PP (IN of) (NP (PRP$ my) (JJ first) (NNS cars)))) (VP (VBD was) (NP-PRD (NP (DT a) (CD fifty-six) (NNP Buick)) (. .) (SBAR (WHNP-2 (WDT Which)) (, ,) (S (PP-TMP (IN after) (NP (NN awhile))) (NP-SBJ (PRP I)) (VP (MD could) (PRN (, ,) (S (NP-SBJ (PRP you)) (VP (VBP know))) (, ,)) (VP (VB take) (RM (-DFL- \[)) (NP (NP (-NONE- *T*-2)) (NP (PRP it))) (IP (-DFL- \+)) (RS (-DFL- \])) (ADVP (RB apart)) (PP (IN in) (NP (PRP$ my) (NN sleep))) (SBAR-ADV (IN if) (S (NP-SBJ-1 (PRP I)) (VP (VBD needed) (S (NP-SBJ (-NONE- *-1)) (VP (TO to) (VP (-NONE- *?*))))))))))))) (. .) (-DFL- E_S))",33,30.94,35.02
sw01utt/sw_0158_3327.utt,3/sw3327,3327,22,bh,A,17,1,Is that right? /,Is/VBZ  [ that/DT right/JJ ] ?/.,(SQ (VBZ Is) (NP-SBJ (DT that)) (ADJP-PRD (JJ right)) (. ?) (-DFL- E_S)),38,35.24,35.86
sw01utt/sw_0158_3327.utt,3/sw3327,3327,23,ny,B,18,1,Yeah.  /,Yeah/UH ./.,(INTJ (UH Yeah) (. .) (-DFL- E_S)),17,35.86,36.08
sw01utt/sw_0158_3327.utt,3/sw3327,3327,24,sd^e,B,18,2,"[ It, + it ] got to be pretty straightforward to understand  /","[ It/PRP ] ,/,  [ it/PRP ] got/VBD to/TO be/VB pretty/RB straightforward/JJ to/TO understand/VB","(S (EDITED (RM (-DFL- \[)) (NP-SBJ (PRP It)) (, ,) (IP (-DFL- \+))) (NP-SBJ-2 (PRP it)) (RS (-DFL- \])) (VP (VBD got) (S (NP-SBJ (-NONE- *-2)) (VP (TO to) (VP (VB be) (ADJP-PRD (RB pretty) (JJ straightforward) (SBAR (WHNP-1 (-NONE- 0)) (S (NP-SBJ (-NONE- *)) (VP (TO to) (VP (VB understand) (NP (-NONE- *T*-1))))))))))) (-DFL- E_S))",41,36.08,38.44
sw01utt/sw_0158_3327.utt,3/sw3327,3327,25,sd,B,18,3,"{C and, }  now since then, {D you know, } the closer a car is to a fifty-six Buick, [ the, + the ] more I know about it. /","and/CC ,/, now/RB since/IN then/RB ,/,  [ you/PRP ] know/VBP ,/,  [ the/DT closer/RBR a/DT car/NN ] is/VBZ to/IN  [ a/DT fifty-six/CD Buick/NNP ] ,/,  [ the/DT ] ,/,  [ the/DT more/RBR ] [ I/PRP ] know/VBP about/IN  [ it/PRP ] ./.","(S (CC and) (, ,) (ADVP-TMP (RB now)) (PP-TMP (IN since) (NP (RB then))) (PRN (, ,) (S (NP-SBJ (PRP you)) (VP (VBP know))) (, ,)) (ADVP (ADVP (DT the) (RBR closer)) (SBAR (WHADVP-1 (-NONE- 0)) (S (NP-SBJ (DT a) (NN car)) (VP (VBZ is) (ADVP-PRD (-NONE- *T*-1))))) (PP (IN to) (NP (DT a) (CD fifty-six) (NNP Buick)))) (, ,) (EDITED (RM (-DFL- \[)) (ADVP-UNF (DT the)) (, ,) (IP (-DFL- \+))) (NP-TPC-2 (DT the) (RS (-DFL- \])) (RBR more)) (NP-SBJ (PRP I)) (VP (VBP know) (NP (-NONE- *T*-2)) (PP (IN about) (NP (PRP it)))) (. .) (-DFL- E_S))",42,38.44,43.74
sw01utt/sw_0158_3327.utt,3/sw3327.pos,3327,26,x,A,19,1,<Laughter>.,./.,,,0.0,0.0
sw01utt/sw_0158_3327.utt,3/sw3327,3327,27,sd,B,20,1,{C And then } start getting into these Nissans and the like - /,And/CC then/RB start/VB getting/VBG into/IN  [ these/DT Nissans/NNPS ] and/CC  [ the/DT like/NN ],(S (CONJP (CC And) (RB then)) (NP-SBJ-1 (-NONE- *)) (VP (VB start) (S (NP-SBJ (-NONE- *-1)) (VP (VBG getting) (PP (IN into) (NP (NP (DT these) (NNPS Nissans)) (CC and) (NP (DT the) (NN like))))))) (-DFL- N_S)),45,43.78,45.98
sw01utt/sw_0158_3327.utt,3/sw3327,3327,28,sd,B,20,2,{C and } I just can't keep up. /,and/CC  [ I/PRP ] just/RB ca/MD n't/RB keep/VB up/RP ./.,(S (CC and) (NP-SBJ (PRP I)) (ADVP (RB just)) (VP (MD ca) (RB n't) (VP (VB keep) (PRT (RP up)))) (. .) (-DFL- E_S)),46,45.98,46.96
sw01utt/sw_0158_3327.utt,3/sw3327,3327,29,aa,A,21,1,"Yeah,  /","[ Yeah/UH ] ,/,","(INTJ (UH Yeah) (, ,) (-DFL- E_S))",48,47.16,47.559999999999995
sw01utt/sw_0158_3327.utt,3/sw3327,3327,30,aa,A,21,2,"[ I, + I ] agree.  /","[ I/PRP ] ,/,  [ I/PRP ] agree/VBP ./.","(S (EDITED (RM (-DFL- \[)) (NP-SBJ (PRP I)) (, ,) (IP (-DFL- \+))) (NP-SBJ (PRP I)) (RS (-DFL- \])) (VP (VBP agree)) (. .) (-DFL- E_S))",49,47.74,48.62
sw01utt/sw_0158_3327.utt,3/sw3327,3327,31,sd,A,21,3,"About all I ever, - /","About/RB  [ all/DT ] [ I/PRP ] ever/RB ,/,","(NP (NP (RB About) (DT all)) (SBAR (WHNP (-NONE- 0)) (S-UNF (NP-SBJ (PRP I)) (ADVP-TMP (RB ever)))) (, ,) (-DFL- N_S))",50,49.26,50.220000000000006
sw01utt/sw_0158_3327.utt,3/sw3327,3327,32,sd,A,21,4,"I never was too mechanically inclined,  /","[ I/PRP ] never/RB was/VBD too/RB mechanically/RB inclined/JJ ,/,","(S (NP-SBJ (PRP I)) (ADVP-TMP (RB never)) (VP (VBD was) (ADJP-PRD (RB too) (RB mechanically) (JJ inclined))) (, ,) (-DFL- E_S))",51,50.22,52.68
sw01utt/sw_0158_3327.utt,3/sw3327,3327,33,sd,A,21,5,"{C but } I used to always change my own oil and do the points and plugs and, -/","but/CC  [ I/PRP ] used/VBD to/TO always/RB change/VB  [ my/PRP$ own/JJ oil/NN ] and/CC do/VB  [ the/DT points/NNS ] and/CC  [ plugs/NNS ] and/CC ,/,","(S (CC but) (NP-SBJ-1 (PRP I)) (VP (VBD used) (S (NP-SBJ (-NONE- *-1)) (VP (TO to) (ADVP-TMP (RB always)) (VP (VP (VB change) (NP (PRP$ my) (JJ own) (NN oil))) (CC and) (VP (VB do) (NP-UNF (DT the) (NNS points) (CC and) (NNS plugs) (CC and))))))) (, ,) (-DFL- N_S))",52,52.68,56.1
sw01utt/sw_0158_3327.utt,3/sw3327,3327,34,b,B,22,1,Yeah. /,Yeah/UH ./.,(INTJ (UH Yeah) (. .) (-DFL- E_S)),20,56.1,56.38
sw01utt/sw_0158_3327.utt,3/sw3327,3327,35,sd,A,23,1,"Course, they don't use, {F uh, } <noise> points anymore. /","[ Course/UH ] ,/,  [ they/PRP ] do/VBP n't/RB use/VB ,/,  [ uh/UH ] ,/,  [ points/NNS ] anymore/RB ./.","(S (NP-ADV (UH Course)) (, ,) (NP-SBJ (PRP they)) (VP (VBP do) (RB n't) (VP (VB use) (, ,) (INTJ (UH uh)) (, ,) (NP (NNS points)) (ADVP-TMP (RB anymore)))) (. .) (-DFL- E_S))",56,57.14,59.08
sw01utt/sw_0158_3327.utt,3/sw3327,3327,36,aa,B,24,1,That's right <laughter>. /,[ That/DT ] 's/BES right/JJ ./.,(S (NP-SBJ (DT That)) (VP (BES 's) (ADJP-PRD (JJ right))) (. .) (-DFL- E_S)),58,59.16,59.8
sw01utt/sw_0158_3327.utt,3/sw3327,3327,37,sd,A,25,1,"{C But, }","But/CC ,/,","(S (CC But) (, ,) (INTJ (UH Uh)) (, ,) (NP-SBJ (PRP they)) (VP (VBP do) (ADVP-TMP (RB still)) (VP (VB use) (NP (NNS plugs)))) (. .) (-DFL- E_S))",60,60.24,60.64
sw01utt/sw_0158_3327.utt,3/sw3327,3327,38,b,B,26,1,Yeah. /,Yeah/UH ./.,(INTJ (UH Yeah) (. .) (-DFL- E_S)),40,60.64,60.88
sw01utt/sw_0158_3327.utt,3/sw3327,3327,39,+,A,27,1,"<Laughter> {F Uh, } they do still use plugs. /","[ Uh/UH ] ,/,  [ they/PRP ] do/VBP still/RB use/VB  [ plugs/NNS ] ./.","(S (CC But) (, ,) (INTJ (UH Uh)) (, ,) (NP-SBJ (PRP they)) (VP (VBP do) (ADVP-TMP (RB still)) (VP (VB use) (NP (NNS plugs)))) (. .) (-DFL- E_S))",60,60.88,62.56
sw01utt/sw_0158_3327.utt,3/sw3327,3327,40,b,B,28,1,Yeah. /,Yeah/UH ./.,(INTJ (UH Yeah) (. .) (-DFL- E_S)),40,62.68,62.9
sw01utt/sw_0158_3327.utt,3/sw3327,3327,41,sd,A,29,1,"{C And, } {F uh, } {D now } brakes, I've always done a lot of, {D you know, } changing brakes. /","And/CC ,/,  [ uh/UH ] ,/, now/RB  [ brakes/NNS ] ,/,  [ I/PRP ] 've/VBP always/RB done/VBN  [ a/DT lot/NN ] of/IN ,/,  [ you/PRP ] know/VBP ,/, changing/VBG  [ brakes/NNS ] ./.","(S (CC And) (, ,) (INTJ (UH uh)) (, ,) (ADVP-TMP (RB now)) (NP-ADV (NNS brakes)) (, ,) (NP-SBJ (PRP I)) (VP (VBP 've) (ADVP-TMP (RB always)) (VP (VBN done) (NP (NP (DT a) (NN lot)) (PP (IN of) (PRN (, ,) (S (NP-SBJ (PRP you)) (VP (VBP know))) (, ,)) (S-NOM (NP-SBJ (-NONE- *)) (VP (VBG changing) (NP (NNS brakes)))))))) (. .) (-DFL- E_S))",67,63.32,67.47999999999999
sw01utt/sw_0158_3327.utt,3/sw3327,3327,42,b,B,30,1,Uh-huh. /,[ Uh-huh/UH ] ./.,(INTJ (UH Uh-huh) (. .) (-DFL- E_S)),69,67.7,67.88000000000001
sw01utt/sw_0158_3327.utt,3/sw3327,3327,43,sd,A,31,1,"<Lipsmack>  {C And } [ I used to do, + I could always do ] the alternator, {D you know, } and starter. /","And/CC  [ I/PRP ] used/VBD to/TO do/VB ,/,  [ I/PRP ] could/MD always/RB do/VB  [ the/DT alternator/NN ] ,/,  [ you/PRP ] know/VBP ,/, and/CC  [ starter/NN ] ./.","(S (CC And) (EDITED (RM (-DFL- \[)) (S (NP-SBJ-1 (PRP I)) (VP (VBD used) (S (NP-SBJ (-NONE- *-1)) (VP (TO to) (VP-UNF (VB do)))))) (, ,) (IP (-DFL- \+))) (NP-SBJ (PRP I)) (VP (MD could) (ADVP-TMP (RB always)) (VP (VB do) (RS (-DFL- \])) (NP (DT the) (NN alternator) (PRN (, ,) (S (NP-SBJ (PRP you)) (VP (VBP know))) (, ,)) (CC and) (NN starter)))) (. .) (-DFL- E_S))",71,67.88,74.2
sw01utt/sw_0158_3327.utt,3/sw3327,3327,44,b,B,32,1,Yes. /,Yes/UH ./.,(INTJ (UH Yes) (. .) (-DFL- E_S)),73,74.38,74.66
sw01utt/sw_0158_3327.utt,3/sw3327,3327,45,sd,A,33,1,"I don't anymore,  /","[ I/PRP ] do/VBP n't/RB anymore/RB ,/,","(S (NP-SBJ (PRP I)) (VP (VBP do) (RB n't) (ADVP-TMP (RB anymore))) (, ,) (-DFL- E_S))",75,74.68,75.62
sw01utt/sw_0158_3327.utt,3/sw3327,3327,46,sd,A,33,2,"{C but } I have [ on a lot, + a lot ] of times. /","but/CC  [ I/PRP ] have/VBP on/IN  [ a/DT lot/NN ] ,/,  [ a/DT lot/NN ] of/IN  [ times/NNS ] ./.","(S (CC but) (NP-SBJ (PRP I)) (VP (VBP have) (VP (-NONE- *?*) (EDITED (RM (-DFL- \[)) (PP-TMP (IN on) (NP-UNF (DT a) (NN lot))) (, ,) (IP (-DFL- \+))) (NP-TMP (NP (DT a) (NN lot)) (RS (-DFL- \])) (PP (IN of) (NP (NNS times)))))) (. .) (-DFL- E_S))",76,75.62,77.28
sw01utt/sw_0158_3327.utt,3/sw3327,3327,47,b,B,34,1,"Yes,  /","Yes/UH ,/,","(INTJ (UH Yes) (, ,) (-DFL- E_S))",78,77.42,77.7
sw01utt/sw_0158_3327.utt,3/sw3327,3327,48,ba,B,34,2,I understand.  /,[ I/PRP ] understand/VBP ./.,(S (NP-SBJ (PRP I)) (VP (VBP understand)) (. .) (-DFL- E_S)),79,77.7,78.22
sw01utt/sw_0158_3327.utt,3/sw3327,3327,49,sd,B,34,3,My last car repair actually had to do with brakes  /,[ My/PRP$ last/JJ car/NN repair/NN ] actually/RB had/VBD to/TO do/VB with/IN  [ brakes/NNS ],(S (NP-SBJ-1 (PRP$ My) (JJ last) (NN car) (NN repair)) (ADVP (RB actually)) (VP (VBD had) (S (NP-SBJ (-NONE- *-1)) (VP (TO to) (VP (VB do) (PP (IN with) (NP (NNS brakes))))))) (-DFL- E_S)),80,79.08,82.11999999999999
sw01utt/sw_0158_3327.utt,3/sw3327,3327,50,sd,B,34,4,{C and } it's one I did not do myself.  /,and/CC  [ it/PRP ] 's/BES  [ one/CD ] [ I/PRP ] did/VBD not/RB do/VB  [ myself/PRP ] ./.,(S (CC and) (NP-SBJ (PRP it)) (VP (BES 's) (NP-PRD (NP (CD one)) (SBAR (WHNP-1 (-NONE- 0)) (S (NP-SBJ (PRP I)) (VP (VBD did) (RB not) (VP (VB do) (NP (-NONE- *T*-1)) (NP-ADV (PRP myself)))))))) (. .) (-DFL- E_S)),81,82.12,83.66
sw01utt/sw_0158_3327.utt,3/sw3327,3327,51,sd,B,34,5,"I took the car, my, - /","[ I/PRP ] took/VBD  [ the/DT car/NN ] ,/,  [ my/PRP$ ] ,/,","(S (NP-SBJ (PRP I)) (VP (VBD took) (NP (NP (DT the) (NN car)) (, ,) (NP-UNF (PRP$ my)))) (, ,) (-DFL- N_S))",82,84.22,85.2
sw01utt/sw_0158_3327.utt,3/sw3327,3327,52,sd,B,34,6,"I have a seventy-nine El Dorado, took it to be inspected -- /","[ I/PRP ] have/VBP  [ a/DT seventy-nine/CD El/NNP Dorado/NNP ] ,/, took/VBD  [ it/PRP ] to/TO be/VB inspected/VBN --/:","(S (NP-SBJ (PRP I)) (VP (VBP have) (NP (DT a) (CD seventy-nine) (NNP El) (NNP Dorado))) (, ,))|||(S (NP-SBJ (-NONE- *)) (VP (VBD took) (NP-2 (PRP it)) (S-PRP (NP-SBJ-1 (-NONE- *-2)) (VP (TO to) (VP (VB be) (VP (VBN inspected) (NP (-NONE- *-1))))))) (-DFL- E_S))",83|||84,85.36,88.42
sw01utt/sw_0158_3327.utt,3/sw3327,3327,53,b,A,35,1,Uh-huh. /,[ Uh-huh/UH ] ./.,(INTJ (UH Uh-huh) (. .) (-DFL- E_S)),69,88.6,88.86
sw01utt/sw_0158_3327.utt,3/sw3327,3327,54,sd,B,36,1,-- {C and } the parking brake failed.  /,--/: and/CC  [ the/DT parking/JJ brake/NN ] failed/VBD ./.,(S (CC and) (NP-SBJ (DT the) (JJ parking) (NN brake)) (VP (VBD failed)) (. .) (-DFL- E_S)),88,89.0,90.46
sw01utt/sw_0158_3327.utt,3/sw3327,3327,55,sd,B,36,2,"{C So } I got under there and messed with [ [ the, + the ten-, ] + [ that, + {F uh, } that adjustment -- ] ]","So/RB  [ I/PRP ] got/VBD under/RB there/RB and/CC messed/VBD with/IN  [ the/DT ] ,/,  [ the/DT ten-/NN ] ,/, that/DT ,/,  [ uh/UH ] ,/,  [ that/DT adjustment/NN ] --/:","(S (RB So) (NP-SBJ (PRP I)) (VP (VP (VBD got) (PP-LOC (RB under) (ADVP (RB there)))) (CC and) (VP (VBD messed) (PP (IN with) (EDITED (RM (-DFL- \[)) (EDITED (RM (-DFL- \[)) (NP-UNF (DT the)) (, ,) (IP (-DFL- \+))) (NP-UNF (DT the) (NN ten-)) (, ,) (RS (-DFL- \])) (IP (-DFL- \+))) (EDITED (RM (-DFL- \[)) (NP-UNF (DT that)) (, ,) (IP (-DFL- \+))) (INTJ (UH uh)) (, ,) (NP (NP (DT that) (NN adjustment) (RS (-DFL- \])) (RS (-DFL- \]))) (SBAR-PRP (WHNP-1 (-NONE- 0)) (S (NP-SBJ (-NONE- *T*-1)) (EDITED (RM (-DFL- \[)) (VP (TO to) (VP-UNF (VB make))) (, ,) (IP (-DFL- \+))) (VP (TO to) (EDITED (RM (-DFL- \[)) (VP-UNF (VB t-)) (, ,) (IP (-DFL- \+))) (VP (VB tighten) (RS (-DFL- \])) (RS (-DFL- \])) (NP (PRP it)) (PRT (RP up)))))))))) (-DFL- E_S))",89,90.58,95.74000000000001
sw01utt/sw_0158_3327.utt,3/sw3327,3327,56,b,A,37,1,Uh-huh. /,[ Uh-huh/UH ] ./.,(INTJ (UH Uh-huh) (. .) (-DFL- E_S)),69,95.86,96.12
sw01utt/sw_0158_3327.utt,3/sw3327,3327,57,+,B,38,1,"-- [ to make, + to [ t-, + tighten ] ] it up  /","--/: to/TO make/VB ,/, to/TO  [ t/VB ] ,/, tighten/VB  [ it/PRP ] up/RP","(S (RB So) (NP-SBJ (PRP I)) (VP (VP (VBD got) (PP-LOC (RB under) (ADVP (RB there)))) (CC and) (VP (VBD messed) (PP (IN with) (EDITED (RM (-DFL- \[)) (EDITED (RM (-DFL- \[)) (NP-UNF (DT the)) (, ,) (IP (-DFL- \+))) (NP-UNF (DT the) (NN ten-)) (, ,) (RS (-DFL- \])) (IP (-DFL- \+))) (EDITED (RM (-DFL- \[)) (NP-UNF (DT that)) (, ,) (IP (-DFL- \+))) (INTJ (UH uh)) (, ,) (NP (NP (DT that) (NN adjustment) (RS (-DFL- \])) (RS (-DFL- \]))) (SBAR-PRP (WHNP-1 (-NONE- 0)) (S (NP-SBJ (-NONE- *T*-1)) (EDITED (RM (-DFL- \[)) (VP (TO to) (VP-UNF (VB make))) (, ,) (IP (-DFL- \+))) (VP (TO to) (EDITED (RM (-DFL- \[)) (VP-UNF (VB t-)) (, ,) (IP (-DFL- \+))) (VP (VB tighten) (RS (-DFL- \])) (RS (-DFL- \])) (NP (PRP it)) (PRT (RP up)))))))))) (-DFL- E_S))",89,96.12,97.18
sw01utt/sw_0158_3327.utt,3/sw3327,3327,58,sd,B,38,2,{C and } --,and/CC --/:,"(S (CC And) (EDITED (RM (-DFL- \[)) (S (NP-SBJ-1 (PRP I)) (VP (VBD used) (S (NP-SBJ (-NONE- *-1)) (VP (TO to) (VP-UNF (VB do)))))) (, ,) (IP (-DFL- \+))) (NP-SBJ (PRP I)) (VP (MD could) (ADVP-TMP (RB always)) (VP (VB do) (RS (-DFL- \])) (NP (DT the) (NN alternator) (PRN (, ,) (S (NP-SBJ (PRP you)) (VP (VBP know))) (, ,)) (CC and) (NN starter)))) (. .) (-DFL- E_S))",71,97.18,97.32000000000001
sw01utt/sw_0158_3327.utt,3/sw3327,3327,59,b,A,39,1,Uh-huh. /,[ Uh-huh/UH ] ./.,(INTJ (UH Uh-huh) (. .) (-DFL- E_S)),69,97.6,97.74
sw01utt/sw_0158_3327.utt,3/sw3327,3327,60,+,B,40,1,-- that didn't do the trick  /,--/:  [ that/WDT ] did/VBD n't/RB do/VB  [ the/DT trick/NN ],(S (CC and) (NP-SBJ (WDT that)) (VP (VBD did) (RB n't) (VP (VB do) (NP (DT the) (NN trick)))) (-DFL- E_S)),93,97.74,98.69999999999999
sw01utt/sw_0158_3327.utt,3/sw3327,3327,61,sd,B,40,2,"{C and then } I got there and tried to, -/","and/CC then/RB  [ I/PRP ] got/VBD there/RB and/CC tried/VBD to/TO ,/,","(S (CONJP (CC and) (RB then)) (NP-SBJ-1 (PRP I)) (VP (VP (VBD got) (ADVP-LOC (RB there))) (CC and) (VP (VBD tried) (S (NP-SBJ (-NONE- *-1)) (VP-UNF (TO to))))) (, ,) (-DFL- N_S))",97,98.7,100.06
sw01utt/sw_0158_3327.utt,3/sw3327,3327,62,qy^g,A,41,1,"It probably slipped loose, didn't it? /","[ It/PRP ] probably/RB slipped/VBD loose/RB ,/, did/VBD n't/RB  [ it/PRP ] ?/.","(SQ (S (NP-SBJ-1 (PRP It)) (ADVP (RB probably)) (VP (VBD slipped) (S-ADV (NP-SBJ (-NONE- *-1)) (ADJP-PRD (RB loose))))) (, ,) (SQ (VBD did) (RB n't) (NP-SBJ (PRP it))) (. ?) (-DFL- E_S))",99,100.3,101.82000000000001
sw01utt/sw_0158_3327.utt,3/sw3327,3327,63,nd,B,42,1,"{D Well, } {D actually } that wasn't even eventually the problem.  /","Well/UH ,/, actually/RB  [ that/DT was/VBD n't/RB ] even/RB eventually/RB  [ the/DT problem/NN ] ./.","(S (INTJ (UH Well)) (, ,) (ADVP (RB actually)) (NP-SBJ (DT that)) (VP (VBD was) (RB n't) (ADVP (RB even)) (ADVP-TMP (RB eventually)) (NP-PRD (DT the) (NN problem))) (. .) (-DFL- E_S))",101,102.04,103.86
sw01utt/sw_0158_3327.utt,3/sw3327,3327,64,sd,B,42,2,"[ [ I, + I  did a lot of things that I, ] + I did everything that I ] could think to do. /","[ I/PRP ] ,/,  [ I/PRP ] did/VBD  [ a/DT lot/NN ] of/IN  [ things/NNS ] that/WDT  [ I/PRP ] ,/,  [ I/PRP ] did/VBD  [ everything/NN ] that/IN  [ I/PRP ] could/MD think/VB to/TO do/VB ./.","(S (EDITED (RM (-DFL- \[)) (EDITED (RM (-DFL- \[)) (NP-SBJ (PRP I)) (, ,) (IP (-DFL- \+))) (S (NP-SBJ (PRP I)) (VP (VBD did) (NP (NP (DT a) (NN lot)) (PP (IN of) (NP (NP (NNS things)) (SBAR (WHNP (WDT that)) (S-UNF (NP-SBJ (PRP I))))))))) (, ,) (RS (-DFL- \])) (IP (-DFL- \+))) (NP-SBJ (PRP I)) (VP (VBD did) (NP (NP (NN everything)) (SBAR (WHNP-2 (IN that)) (S (NP-SBJ-1 (PRP I)) (RS (-DFL- \])) (VP (MD could) (VP (VB think) (S (NP-SBJ (-NONE- *-1)) (VP (TO to) (VP (VB do) (NP (-NONE- *T*-2))))))))))) (. .) (-DFL- E_S))",102,103.86,106.68
sw01utt/sw_0158_3327.utt,3/sw3327,3327,65,b,A,43,1,Uh-huh. /,[ Uh-huh/UH ] ./.,(INTJ (UH Uh-huh) (. .) (-DFL- E_S)),86,106.68,106.9
sw01utt/sw_0158_3327.utt,3/sw3327,3327,66,sd,B,44,1,"{C And, }  eventually I brought it up to [ a, + a  ] place called Just Brakes -- /","And/CC ,/, eventually/RB  [ I/PRP ] brought/VBD  [ it/PRP ] up/IN to/TO  [ a/DT ] ,/,  [ a/DT place/NN ] called/VBD Just/NNP  [ Brakes/NNPS ] --/:","(S (CC And) (, ,) (ADVP-TMP (RB eventually)) (NP-SBJ (PRP I)) (VP (VBD brought) (NP (PRP it)) (PP-DIR (IN up) (PP (TO to) (EDITED (RM (-DFL- \[)) (NP-UNF (DT a)) (, ,) (IP (-DFL- \+))) (NP (NP (DT a) (RS (-DFL- \])) (NN place)) (VP (VBD called) (S (NP-SBJ (-NONE- *)) (NP-PRD (NNP Just) (NNPS Brakes)))))))) (-DFL- E_S))",106,107.9,112.14
sw01utt/sw_0158_3327.utt,3/sw3327,3327,67,b,A,45,1,Uh-huh. /,[ Uh-huh/UH ] ./.,(INTJ (UH Uh-huh) (. .) (-DFL- E_S)),86,112.36,112.48
sw01utt/sw_0158_3327.utt,3/sw3327,3327,68,sd,B,46,1,"-- {C and } it turns out that there's a, - /","--/: and/CC  [ it/PRP ] turns/VBZ out/RP that/IN  [ there/EX ] 's/BES  [ a/DT ] ,/,","(S (CC and) (NP-SBJ (PRP it)) (VP (VBZ turns) (PRT (RP out)) (SBAR (IN that) (S (NP-SBJ (EX there)) (VP (BES 's) (NP-PRD-UNF (DT a)))))) (, ,) (-DFL- N_S))",110,112.48,114.14
sw01utt/sw_0158_3327.utt,3/sw3327,3327,69,sd,B,46,2,"the parking brake [ i-, + in  ] the rear, - /","[ the/DT parking/VBG brake/NN i-/IN ] ,/, in/IN  [ the/DT rear/NN ] ,/,","(NP (NP (DT the) (VBG parking) (NN brake)) (EDITED (RM (-DFL- \[)) (PP-LOC-UNF (IN i-)) (, ,) (IP (-DFL- \+))) (PP-LOC (IN in) (RS (-DFL- \])) (NP (DT the) (NN rear))) (, ,) (-DFL- N_S))",111,114.22,116.16
sw01utt/sw_0158_3327.utt,3/sw3327,3327,70,sd,B,46,3,"[ there's a, + there's  ]    disc brakes  /","[ there/EX ] 's/BES  [ a/DT ] ,/,  [ there/EX ] 's/BES  [ disc/NN brakes/NNS ]","(S (EDITED (RM (-DFL- \[)) (S (NP-SBJ (EX there)) (VP (BES 's) (NP-PRD-UNF (DT a)))) (, ,) (IP (-DFL- \+))) (NP-SBJ (EX there)) (VP (BES 's) (RS (-DFL- \])) (NP-PRD (NN disc) (NNS brakes))) (-DFL- E_S))",112,116.16,117.56
sw01utt/sw_0158_3327.utt,3/sw3327,3327,71,sd,B,46,4,{C and } the parking brake is a piston deal. /,and/CC  [ the/DT parking/JJ brake/NN ] is/VBZ  [ a/DT piston/NN deal/NN ] ./.,(S (CC and) (NP-SBJ (DT the) (JJ parking) (NN brake)) (VP (VBZ is) (NP-PRD (DT a) (NN piston) (NN deal))) (. .) (-DFL- E_S)),113,117.56,120.8
sw01utt/sw_0158_3327.utt,3/sw3327,3327,72,%,A,47,1,{F Um. } /,Um/UH ./.,(INTJ (UH Um) (. .) (-DFL- E_S)),115,121.3,121.5
sw01utt/sw_0158_3327.utt,3/sw3327,3327,73,sd,B,48,1,"{C And } because the parking brake hadn't been used in so many years, the piston froze up. /","And/CC because/IN  [ the/DT parking/VBG brake/NN ] had/VBD n't/RB been/VBN used/VBN in/IN  [ so/RB many/JJ years/NNS ] ,/,  [ the/DT piston/NN ] froze/VBD up/RP ./.","(S (CC And) (SBAR-PRP (IN because) (S (NP-SBJ-1 (DT the) (VBG parking) (NN brake)) (VP (VBD had) (RB n't) (VP (VBN been) (VP (VBN used) (NP (-NONE- *-1)) (PP-TMP (IN in) (NP (ADJP (RB so) (JJ many)) (NNS years)))))))) (, ,) (NP-SBJ (DT the) (NN piston)) (VP (VBD froze) (PRT (RP up))) (. .) (-DFL- E_S))",117,121.7,125.24
sw01utt/sw_0158_3327.utt,3/sw3327,3327,74,%,A,49,1,{F Oh. } /,Oh/UH ./.,(INTJ (UH Oh) (. .) (-DFL- E_S)),119,125.44,125.66
sw01utt/sw_0158_3327.utt,3/sw3327,3327,75,sd,B,50,1,{D So } they ended up having to pound it out.   /,So/IN  [ they/PRP ] ended/VBD up/RP having/VBG to/TO pound/VB  [ it/PRP ] out/RP ./.,(S (INTJ (UH So)) (NP-SBJ-1 (PRP they)) (VP (VBD ended) (PRT (RP up)) (S (NP-SBJ-2 (-NONE- *-1)) (VP (VBG having) (S (NP-SBJ (-NONE- *-2)) (VP (TO to) (VP (VB pound) (NP (PRP it)) (ADVP (RP out)))))))) (. .) (-DFL- E_S)),121,125.76,127.39999999999999
sw01utt/sw_0158_3327.utt,3/sw3327,3327,76,sd,B,50,2,"{C And } one of them, they,","And/CC  [ one/CD ] of/IN  [ them/PRP ] ,/,  [ they/PRP ] ,/,","(S (CC And) (NP-TPC-2 (NP (CD one)) (PP (IN of) (NP (PRP them)))) (, ,) (NP-SBJ-1 (PRP they)) (, ,) (VP (VBD were) (ADJP-PRD (JJ able) (S (NP-SBJ (-NONE- *-1)) (VP (TO to) (VP (VB get) (S (NP-SBJ (-NONE- *T*-2)) (VP (VBG running))))))) (, ,) (INTJ (UH uh)) (, ,) (S-MNR (NP-SBJ (-NONE- *-1)) (ADVP (RB kind) (RB of)) (VP (VP (VBG oiling) (NP (PRP it))) (CC and) (VP (VBG playing) (PP (IN with) (NP (PRP it))))))) (-DFL- E_S))",122,127.4,128.62
sw01utt/sw_0158_3327.utt,3/sw3327.pos,3327,77,x,A,51,1,<Throat_clearing>.,./.,,,0.0,0.0
sw01utt/sw_0158_3327.utt,3/sw3327,3327,78,+,B,52,1,"were able to get running, {F uh, } kind of oiling it and playing with it  /","were/VBD able/JJ to/TO get/VB running/VBG ,/,  [ uh/UH ] ,/,  [ kind/RB ] of/RB oiling/VBG  [ it/PRP ] and/CC playing/VBG with/IN  [ it/PRP ]","(S (CC And) (NP-TPC-2 (NP (CD one)) (PP (IN of) (NP (PRP them)))) (, ,) (NP-SBJ-1 (PRP they)) (, ,) (VP (VBD were) (ADJP-PRD (JJ able) (S (NP-SBJ (-NONE- *-1)) (VP (TO to) (VP (VB get) (S (NP-SBJ (-NONE- *T*-2)) (VP (VBG running))))))) (, ,) (INTJ (UH uh)) (, ,) (S-MNR (NP-SBJ (-NONE- *-1)) (ADVP (RB kind) (RB of)) (VP (VP (VBG oiling) (NP (PRP it))) (CC and) (VP (VBG playing) (PP (IN with) (NP (PRP it))))))) (-DFL- E_S))",122,129.14,132.38
sw01utt/sw_0158_3327.utt,3/sw3327,3327,79,sd,B,52,2,"{C and } the other one [ they just, + it was just ] frozen solid,  /","and/CC  [ the/DT other/JJ one/CD ] [ they/PRP ] just/RB ,/,  [ it/PRP ] was/VBD just/RB frozen/VBN  [ solid/JJ ] ,/,","(S (CC and) (NP-TPC (DT the) (JJ other) (CD one)) (EDITED (RM (-DFL- \[)) (S-UNF (NP-SBJ (PRP they)) (ADVP (RB just))) (, ,) (IP (-DFL- \+))) (NP-SBJ-1 (PRP it)) (VP (VBD was) (ADVP (RB just)) (RS (-DFL- \])) (VP (VBN frozen) (NP-2 (-NONE- *-1)) (S (NP-SBJ (-NONE- *-2)) (ADJP-PRD (JJ solid))))) (, ,) (-DFL- E_S))",125,132.38,134.44
sw01utt/sw_0158_3327.utt,3/sw3327,3327,80,sd,B,52,3,{C so } I ended up having to buy one  /,so/RB  [ I/PRP ] ended/VBD up/RP having/VBG to/TO buy/VB  [ one/CD ],(S (RB so) (NP-SBJ-1 (PRP I)) (VP (VBD ended) (PRT (RP up)) (S (NP-SBJ-2 (-NONE- *-1)) (VP (VBG having) (S (NP-SBJ (-NONE- *-2)) (VP (TO to) (VP (VB buy) (NP (CD one)))))))) (-DFL- E_S)),126,134.54,137.0
sw01utt/sw_0158_3327.utt,3/sw3327,3327,81,sd,B,52,4,"{C and } [ altog-, + all total, ] it was just under two hundred dollars, believe it or  not, to get all that done <laughter>. /","and/CC  [ altog-/RB ] ,/, all/RB total/JJ ,/,  [ it/PRP ] was/VBD just/RB under/IN  [ two/CD hundred/CD dollars/NNS ] ,/, believe/VB  [ it/PRP ] or/CC not/RB ,/, to/TO get/VB  [ all/PDT ] that/DT done/VBN ./.","(S (CC and) (EDITED (RM (-DFL- \[)) (ADVP-UNF (RB altog-)) (, ,) (IP (-DFL- \+))) (ADVP (RB all) (JJ total)) (, ,) (RS (-DFL- \])) (NP-SBJ (NP (PRP it)) (S (-NONE- *EXP*-2))) (VP (VBD was) (NP-PRD (QP (RB just) (IN under) (CD two) (CD hundred)) (NNS dollars)) (, ,) (SBAR-ADV (S (NP-SBJ (-NONE- *)) (VP (VP (VB believe) (NP (PRP it))) (CC or) (VP (FRAG (RB not)))))) (, ,) (S-2 (NP-SBJ (-NONE- *)) (VP (TO to) (VP (VB get) (S (NP-SBJ-1 (PDT all) (DT that)) (VP (VBN done) (NP (-NONE- *-1)))))))) (. .) (-DFL- E_S))",127,137.0,140.5
sw01utt/sw_0158_3327.utt,3/sw3327,3327,82,%,A,53,1,"Y-, - /","[ Y-/UH ] ,/,","(INTJ-UNF (UH Y-) (, ,) (-DFL- N_S))",129,0.0,0.0
sw01utt/sw_0158_3327.utt,3/sw3327,3327,83,qy^g,A,53,2,"{D well, } it really wasn't quite, [ s-, + as ] bad as you thought, [ was it, + was it? ] /","well/UH ,/,  [ it/PRP ] really/RB was/VBD n't/RB quite/RB ,/,  [ s-/RB ] ,/, as/RB bad/RB as/IN  [ you/PRP ] thought/VBD ,/, was/VBD  [ it/PRP ] ,/, was/VBD  [ it/PRP ] ?/.","(SQ (INTJ (UH well)) (, ,) (S (NP-SBJ (PRP it)) (ADVP (RB really)) (VP (VBD was) (RB n't) (ADJP-PRD (ADJP (RB quite) (, ,) (EDITED (RM (-DFL- \[)) (X (RB s-)) (, ,) (IP (-DFL- \+))) (RB as) (RS (-DFL- \])) (RB bad)) (SBAR (IN as) (S (NP-SBJ (PRP you)) (VP (VBD thought))))))) (, ,) (SQ (EDITED (RM (-DFL- \[)) (SQ-UNF (VBD was) (NP-SBJ (PRP it))) (, ,) (IP (-DFL- \+))) (VBD was) (NP-SBJ (PRP it)) (ADJP-PRD (-NONE- *?*))) (. ?) (RS (-DFL- \])) (-DFL- E_S))",130,140.96,143.9
sw01utt/sw_0158_3327.utt,3/sw3327,3327,84,ny,B,54,1,"[ Y-, + yeah, ]  /","[ Y-/UH ] ,/, yeah/UH ,/,","(INTJ (EDITED (RM (-DFL- \[)) (UH Y-) (, ,) (IP (-DFL- \+))) (UH yeah) (, ,) (RS (-DFL- \])) (-DFL- E_S))",132,144.02,144.16
sw01utt/sw_0158_3327.utt,3/sw3327,3327,85,sd^e,B,54,2,"actually, [ I, + I ] think it was a lot of money,  /","actually/RB ,/,  [ I/PRP ] ,/,  [ I/PRP ] think/VBP  [ it/PRP ] was/VBD  [ a/DT lot/NN ] of/IN  [ money/NN ] ,/,","(S (ADVP (RB actually)) (, ,) (EDITED (RM (-DFL- \[)) (NP-SBJ (PRP I)) (, ,) (IP (-DFL- \+))) (NP-SBJ (PRP I)) (RS (-DFL- \])) (VP (VBP think) (SBAR (-NONE- 0) (S (NP-SBJ (PRP it)) (VP (VBD was) (NP-PRD (NP (DT a) (NN lot)) (PP (IN of) (NP (NN money)))))))) (, ,) (-DFL- E_S))",133,144.16,145.57999999999998
sw01utt/sw_0158_3327.utt,3/sw3327,3327,86,sd,B,54,3,"{C but } [ I, + I ] don't, like  I s-, -/","but/CC  [ I/PRP ] ,/,  [ I/PRP ] do/VBP n't/RB ,/, like/UH  [ I/PRP s-/XX ] ,/,","(S (CC but) (EDITED (RM (-DFL- \[)) (NP-SBJ (PRP I)) (, ,) (IP (-DFL- \+))) (NP-SBJ (PRP I)) (RS (-DFL- \])) (VP-UNF (VBP do) (RB n't)) (, ,))|||(SBAR-ADV (UH like) (S (NP-SBJ (PRP I)) (VP-UNF (XX s-))) (, ,) (-DFL- N_S))",134|||135,145.58,146.20000000000002
sw01utt/sw_0158_3327.utt,3/sw3327,3327,87,bf,A,55,1,"{D Well, } it was a lot of money,  /","Well/UH ,/,  [ it/PRP ] was/VBD  [ a/DT lot/NN ] of/IN  [ money/NN ] ,/,","(S (INTJ (UH Well)) (, ,) (NP-SBJ (PRP it)) (VP (VBD was) (NP-PRD (NP (DT a) (NN lot)) (PP (IN of) (NP (NN money))))) (, ,) (-DFL- E_S))",137,146.3,147.34
sw01utt/sw_0158_3327.utt,3/sw3327,3327,88,%,A,55,2,"{C but, } -/","but/CC ,/,","(S-UNF (CC but) (, ,) (-DFL- N_S))",138,147.34,147.4
sw01utt/sw_0158_3327.utt,3/sw3327,3327,89,aa,B,56,1,"Yeah,  /","Yeah/UH ,/,","(INTJ (UH Yeah) (, ,) (-DFL- E_S))",140,147.4,147.48000000000002
sw01utt/sw_0158_3327.utt,3/sw3327,3327,90,%,B,56,2,"{C but, }   I, - /","but/CC ,/,  [ I/PRP ] ,/,","(S-UNF (CC but) (, ,) (NP-SBJ (PRP I)) (, ,) (-DFL- N_S))",141,147.48,147.70000000000002
sw01utt/sw_0158_3327.utt,3/sw3327,3327,91,sd,B,56,3,it  got to the point where I didn't know what was going on  /,[ it/PRP ] got/VBD to/IN  [ the/DT point/NN ] where/WRB  [ I/PRP ] did/VBD n't/RB know/VB  [ what/WP ] was/VBD going/VBG on/RB,(S (NP-SBJ (PRP it)) (VP (VBD got) (PP (IN to) (NP (NP (DT the) (NN point)) (SBAR (WHADVP-2 (WRB where)) (S (NP-SBJ (PRP I)) (VP (VBD did) (RB n't) (VP (VB know) (SBAR (WHNP-1 (WP what)) (S (NP-SBJ (-NONE- *T*-1)) (VP (VBD was) (VP (VBG going) (PRT (RB on)))))) (ADVP (-NONE- *T*-2))))))))) (-DFL- E_S)),142,147.86,149.70000000000002
sw01utt/sw_0158_3327.utt,3/sw3327,3327,92,%,B,56,4,"{C so, } -/","so/RB ,/,","(S-UNF (RB so) (, ,) (-DFL- N_S))",143,149.7,149.79999999999998
sw01utt/sw_0158_3327.utt,3/sw3327,3327,93,qy^g,A,57,1,"You had to have the help, didn't you? /","[ You/PRP ] had/VBD to/TO have/VB  [ the/DT help/NN ] ,/, did/VBD n't/RB  [ you/PRP ] ?/.","(SQ (S (NP-SBJ-1 (PRP You)) (VP (VBD had) (S (NP-SBJ (-NONE- *-1)) (VP (TO to) (VP (VB have) (NP (DT the) (NN help))))))) (, ,) (SQ (VBD did) (RB n't) (NP-SBJ (PRP you)) (VP (-NONE- *?*))) (. ?) (-DFL- E_S))",145,149.8,151.07999999999998
sw01utt/sw_0158_3327.utt,3/sw3327,3327,94,na,B,58,1,"That's right,  /","[ That/DT ] 's/BES right/JJ ,/,","(S (NP-SBJ (DT That)) (VP (BES 's) (ADJP-PRD (JJ right))) (, ,) (-DFL- E_S))",147,151.08,151.5
sw01utt/sw_0158_3327.utt,3/sw3327,3327,95,na^r,B,58,2,that's right. /,[ that/DT ] 's/BES right/JJ ./.,(S (NP-SBJ (DT that)) (VP (BES 's) (ADJP-PRD (JJ right))) (. .) (-DFL- E_S)),148,151.5,151.82
sw01utt/sw_0158_3327.utt,3/sw3327,3327,96,b,A,59,1,Yeah.  /,Yeah/UH ./.,(INTJ (UH Yeah) (. .) (-DFL- E_S)),150,151.82,152.04
sw01utt/sw_0158_3327.utt,3/sw3327,3327,97,qy,A,59,2,"{D Well, } do you still do much work on them, then? /","Well/UH ,/, do/VBP  [ you/PRP ] still/RB do/VB much/JJ work/NN on/IN  [ them/PRP ] ,/, then/RB ?/.","(SQ (INTJ (UH Well)) (, ,) (VBP do) (NP-SBJ (PRP you)) (ADVP-TMP (RB still)) (VP (VB do) (NP (JJ much) (NN work)) (PP (IN on) (NP (PRP them))) (, ,) (ADVP (RB then))) (. ?) (-DFL- E_S))",151,153.24,156.1
sw01utt/sw_0158_3327.utt,3/sw3327,3327,98,na,B,60,1,I do.  /,[ I/PRP ] do/VBP ./.,(S (NP-SBJ (PRP I)) (VP (VBP do)) (. .) (-DFL- E_S)),153,156.2,156.38
sw01utt/sw_0158_3327.utt,3/sw3327,3327,99,%,B,60,2,"Th-, - /","[ Th-/DT ] ,/,","(X (DT Th-) (, ,) (-DFL- N_S))",154,0.0,0.0
sw01utt/sw_0158_3327.utt,3/sw3327,3327,100,sd,B,60,3,"[ {D act-, } th-, + {D actually } that  ]  was just [ a, + [ at, + at  ]  ] the beginning of September /","[ act-/RB ] ,/,  [ th-/DT ] ,/, actually/RB that/DT was/VBD just/RB  [ a/DT ] ,/, at/IN ,/, at/IN  [ the/DT beginning/NN ] of/IN  [ September/NNP ]","(S (EDITED (RM (-DFL- \[)) (S (ADVP-UNF (RB act-)) (, ,) (NP-SBJ-UNF (DT th-))) (, ,) (IP (-DFL- \+))) (ADVP (RB actually)) (NP-SBJ (DT that)) (RS (-DFL- \])) (VP (VBD was) (ADVP (RB just)) (EDITED (RM (-DFL- \[)) (PP-TMP-PRD-UNF (DT a)) (, ,) (IP (-DFL- \+))) (EDITED (RM (-DFL- \[)) (PP-TMP-PRD-UNF (IN at)) (, ,) (IP (-DFL- \+))) (PP-TMP-PRD (IN at) (RS (-DFL- \])) (RS (-DFL- \])) (NP (NP (DT the) (NN beginning)) (PP (IN of) (NP (NNP September)))))) (-DFL- E_S))",155,156.4,159.58
sw01utt/sw_0158_3327.utt,3/sw3327,3327,101,sd,B,60,4,"{C and, }  whenever I can, I do try.  /","and/CC ,/, whenever/WRB  [ I/PRP ] can/MD ,/,  [ I/PRP ] do/VBP try/VB ./.","(S (CC and) (, ,) (SBAR-TMP (WHADVP-1 (WRB whenever)) (S (NP-SBJ (PRP I)) (VP (MD can) (VP (-NONE- *?*) (ADVP-TMP (-NONE- *T*-1)))))) (, ,) (NP-SBJ (PRP I)) (VP (VBP do) (VP (VB try))) (. .) (-DFL- E_S))",156,159.58,161.35999999999999
sw01utt/sw_0158_3327.utt,3/sw3327,3327,102,%,B,60,5,I - /,[ I/PRP ],(S-UNF (NP-SBJ (PRP I)) (-DFL- N_S)),157,161.36,161.58
sw01utt/sw_0158_3327.utt,3/sw3327,3327,103,h,B,60,6,"<throat_clearing> [ {D a-, } + {D actually, } ] I'd say this.   /","a-/RB ] ,/, actually/RB ,/,  [ I/PRP ] 'd/MD say/VB  [ this/DT ] ./.","(S (EDITED (RM (-DFL- \[)) (ADVP-UNF (RB a-)) (, ,) (IP (-DFL- \+))) (ADVP (RB actually)) (, ,) (RS (-DFL- \])) (NP-SBJ (PRP I)) (VP (MD 'd) (VP (VB say) (NP (DT this)))) (. .) (-DFL- E_S))",158,162.04,163.26000000000002
sw01utt/sw_0158_3327.utt,3/sw3327,3327,104,sd,B,60,7,"[ I, + I've ] gotten to the point where I don't change the oil anymore.  Only because, -/","[ I/PRP ] ,/,  [ I/PRP ] 've/VBP gotten/VBN to/IN  [ the/DT point/NN ] where/WRB  [ I/PRP ] do/VBP n't/RB change/VB  [ the/DT oil/NN ] anymore/RB ./.  Only/RB because/IN ,/,","(S (EDITED (RM (-DFL- \[)) (NP-SBJ (PRP I)) (, ,) (IP (-DFL- \+))) (NP-SBJ (PRP I)) (VP (VBP 've) (RS (-DFL- \])) (VP (VBN gotten) (PP (IN to) (NP (NP (DT the) (NN point)) (SBAR (WHADVP-1 (WRB where)) (S (NP-SBJ (PRP I)) (VP (VBP do) (RB n't) (VP (VB change) (NP (DT the) (NN oil)) (ADVP-TMP (RB anymore)) (ADVP-TMP (-NONE- *T*-1)) (. .) (SBAR-PRP-UNF (ADVP (RB Only)) (IN because)))))))))) (, ,) (-DFL- N_S))",159,163.26,166.82
sw01utt/sw_0158_3327.utt,3/sw3327,3327,105,^2,A,61,1,Disposal is a problem. /,[ Disposal/NN ] is/VBZ  [ a/DT problem/NN ] ./.,(S (NP-SBJ (NN Disposal)) (VP (VBZ is) (NP-PRD (DT a) (NN problem))) (. .) (-DFL- E_S)),161,166.84,168.0
sw01utt/sw_0158_3327.utt,3/sw3327,3327,106,aap,B,62,1,"{D Well, } that is one problem,  /","Well/UH ,/,  [ that/DT ] is/VBZ  [ one/CD problem/NN ] ,/,","(S (INTJ (UH Well)) (, ,) (NP-SBJ (DT that)) (VP (VBZ is) (NP-PRD (CD one) (NN problem))) (, ,) (-DFL- E_S))",163,168.3,169.20000000000002
sw01utt/sw_0158_3327.utt,3/sw3327,3327,107,sv,B,62,2,"{C but } also [ these, + {F uh, } these ] fast oil change places, you just can't beat them. /","but/CC also/RB  [ these/DT ] ,/,  [ uh/UH ] ,/,  [ these/DT fast/JJ oil/NN change/NN places/NNS ] ,/,  [ you/PRP ] just/RB ca/MD n't/RB beat/VB  [ them/PRP ] ./.","(S (CC but) (ADVP (RB also)) (EDITED (RM (-DFL- \[)) (NP-TPC-UNF (DT these)) (, ,) (IP (-DFL- \+))) (INTJ (UH uh)) (, ,) (NP-TPC (DT these) (RS (-DFL- \])) (JJ fast) (NN oil) (NN change) (NNS places)) (, ,) (NP-SBJ (PRP you)) (ADVP (RB just)) (VP (MD ca) (RB n't) (VP (VB beat) (NP (PRP them)))) (. .) (-DFL- E_S))",164,169.2,173.0
sw01utt/sw_0158_3327.utt,3/sw3327,3327,108,aa,A,63,1,That's true. /,[ That/DT ] 's/BES true/JJ ./.,(S (NP-SBJ (DT That)) (VP (BES 's) (ADJP-PRD (JJ true))) (. .) (-DFL- E_S)),166,173.0,173.20000000000002
sw01utt/sw_0158_3327.utt,3/sw3327,3327,109,sd,B,64,1,For sixteen bucks [ they'll -- +,For/IN  [ sixteen/CD bucks/NNS they/PRP ] 'll/MD --/:,"(S (PP (IN For) (NP (CD sixteen) (NNS bucks))) (EDITED (RM (-DFL- \[)) (S (NP-SBJ (PRP they)) (VP-UNF (MD 'll))) (IP (-DFL- \+))) (CONJP (RB not) (RB only)) (SINV (MD will) (RS (-DFL- \])) (NP-SBJ (PRP they)) (VP (VP (VB change) (NP (DT the) (NN oil)) (PP-TMP (IN in) (NP (CD ten) (NNS minutes)))) (, ,) (CC and) (VP (VB do) (EDITED (RM (-DFL- \[)) (NP-UNF (DT a) (JJ f-)) (, ,) (IP (-DFL- \+))) (PRN (S (NP-SBJ (PRP you)) (VP (VBP know))) (, ,)) (NP (NP (ADJP (RB as) (JJ good)) (DT a) (RS (-DFL- \])) (NN job)) (SBAR (IN as) (S (NP-SBJ (PRP I)) (VP (MD can) (VP (VB do) (NP (-NONE- *?*)))))))))) (, ,) (CC but) (NP-SBJ (PRP they)) (VP (MD 'll) (, ,) (INTJ (UH uh)) (, ,) (VP (VB lube) (, ,) (ADVP (RB too)))) (. .) (-DFL- E_S))",168,173.2,174.38
sw01utt/sw_0158_3327.utt,3/sw3327,3327,110,aa,A,65,1,That's true. /,[ That/DT ] 's/BES true/JJ ./.,(S (NP-SBJ (DT That)) (VP (BES 's) (ADJP-PRD (JJ true))) (. .) (-DFL- E_S)),166,174.38,174.58
sw01utt/sw_0158_3327.utt,3/sw3327,3327,111,+,B,66,1,"-- not only will ] they change the oil in ten minutes, and do [ a f-, + {D you know, } as good a ] job as I can do,  but they'll, {F uh, } lube, too <noise>. /","--/: not/RB only/RB will/MD  [ they/PRP ] change/VB  [ the/DT oil/NN ] in/IN  [ ten/CD minutes/NNS ] ,/, and/CC do/VB  [ a/DT f/JJ ] ,/,  [ you/PRP ] know/VBP ,/, as/RB good/JJ  [ a/DT job/NN ] as/IN  [ I/PRP ] can/MD do/VB ,/, but/CC  [ they/PRP ] 'll/MD ,/,  [ uh/UH ] ,/,  [ lube/VB ] ,/, too/RB ./.","(S (PP (IN For) (NP (CD sixteen) (NNS bucks))) (EDITED (RM (-DFL- \[)) (S (NP-SBJ (PRP they)) (VP-UNF (MD 'll))) (IP (-DFL- \+))) (CONJP (RB not) (RB only)) (SINV (MD will) (RS (-DFL- \])) (NP-SBJ (PRP they)) (VP (VP (VB change) (NP (DT the) (NN oil)) (PP-TMP (IN in) (NP (CD ten) (NNS minutes)))) (, ,) (CC and) (VP (VB do) (EDITED (RM (-DFL- \[)) (NP-UNF (DT a) (JJ f-)) (, ,) (IP (-DFL- \+))) (PRN (S (NP-SBJ (PRP you)) (VP (VBP know))) (, ,)) (NP (NP (ADJP (RB as) (JJ good)) (DT a) (RS (-DFL- \])) (NN job)) (SBAR (IN as) (S (NP-SBJ (PRP I)) (VP (MD can) (VP (VB do) (NP (-NONE- *?*)))))))))) (, ,) (CC but) (NP-SBJ (PRP they)) (VP (MD 'll) (, ,) (INTJ (UH uh)) (, ,) (VP (VB lube) (, ,) (ADVP (RB too)))) (. .) (-DFL- E_S))",168,174.58,181.74
sw01utt/sw_0158_3327.utt,3/sw3327,3327,112,aa,A,67,1,"Right,  /","Right/UH ,/,","(INTJ (UH Right) (, ,) (-DFL- E_S))",173,182.08,182.34
sw01utt/sw_0158_3327.utt,3/sw3327,3327,113,%,A,67,2,"[ that, + that, ] - /","that/DT ,/, that/DT ,/,","(NP (EDITED (RM (-DFL- \[)) (NP (DT that)) (, ,) (IP (-DFL- \+))) (DT that) (, ,) (RS (-DFL- \])) (-DFL- N_S))",174,182.48,182.83999999999997
sw01utt/sw_0158_3327.utt,3/sw3327,3327,114,sd,A,67,3,"[ I've, + I've ] quit doing that myself. /","[ I/PRP ] 've/VBP ,/,  [ I/PRP ] 've/VBP quit/VBN doing/VBG that/DT  [ myself/PRP ] ./.","(S (EDITED (RM (-DFL- \[)) (S (NP-SBJ (PRP I)) (VP-UNF (VBP 've))) (, ,) (IP (-DFL- \+))) (NP-SBJ-1 (PRP I)) (VP (VBP 've) (RS (-DFL- \])) (VP (VBN quit) (S (NP-SBJ (-NONE- *-1)) (VP (VBG doing) (NP (DT that)) (NP-ADV (PRP myself)))))) (. .) (-DFL- E_S))",175,182.84,184.84
sw01utt/sw_0158_3327.utt,3/sw3327,3327,115,b,B,68,1,Yeah. /,Yeah/UH ./.,(INTJ (UH Yeah) (. .) (-DFL- E_S)),150,184.84,185.1
sw01utt/sw_0158_3327.utt,3/sw3327,3327,116,sd,A,69,1,"[ {C And, } + {C but } ] one of the main reasons was the disposal of the oil, {D you know. } /","And/CC ,/, but/IN  [ one/CD ] of/IN  [ the/DT main/JJ reasons/NNS ] was/VBD  [ the/DT disposal/NN ] of/IN  [ the/DT oil/NN ] ,/,  [ you/PRP ] know/VBP ./.","(S (EDITED (RM (-DFL- \[)) (CC And) (, ,) (IP (-DFL- \+))) (IN but) (RS (-DFL- \])) (NP-SBJ (NP (CD one)) (PP (IN of) (NP (DT the) (JJ main) (NNS reasons)))) (VP (VBD was) (NP-PRD (NP (DT the) (NN disposal)) (PP (IN of) (NP (DT the) (NN oil)))) (PRN (, ,) (S (NP-SBJ (PRP you)) (VP (VBP know))))) (. .) (-DFL- E_S))",179,185.62,189.01999999999998
sw01utt/sw_0158_3327.utt,3/sw3327,3327,117,aa,B,70,1,"Yep,  /","[ Yep/NN ] ,/,","(INTJ (NN Yep) (, ,) (-DFL- E_S))",181,189.08,189.32000000000002
sw01utt/sw_0158_3327.utt,3/sw3327,3327,118,aa,B,70,2,that's right. /,[ that/WDT ] 's/BES right/JJ ./.,(S (NP-SBJ (DT that)) (VP (BES 's) (ADJP-PRD (JJ right))) (. .) (-DFL- E_S)),148,189.38,189.78
sw01utt/sw_0158_3327.utt,3/sw3327,3327,119,%,A,71,1,"<Lipsmack>   [ {C And, } +  {F uh, } {C but, } ] it, - /","And/CC ,/,  [ uh/UH ] ,/, but/CC ,/,  [ it/PRP ] ,/,","(S-UNF (EDITED (RM (-DFL- \[)) (CC And) (, ,) (IP (-DFL- \+))) (INTJ (UH uh)) (, ,) (CC but) (, ,) (RS (-DFL- \])) (NP-SBJ (PRP it)) (, ,) (-DFL- N_S))",184,190.18,191.42000000000002
sw01utt/sw_0158_3327.utt,3/sw3327,3327,120,ar,A,71,2,"{C but, } no,  /","but/CC ,/, no/UH ,/,","(FRAG (CC but) (, ,) (INTJ (UH no)) (, ,) (-DFL- E_S))",185,191.42,191.88
sw01utt/sw_0158_3327.utt,3/sw3327,3327,121,%,A,71,3,"I guess,  i-, - /","[ I/PRP ] guess/VBP ,/,  [ i-/PRP ] ,/,","(S (NP-SBJ (PRP I)) (VP-UNF (VBP guess) (, ,) (X (PRP i-))) (, ,) (-DFL- N_S))",186,191.88,192.24
sw01utt/sw_0158_3327.utt,3/sw3327,3327,122,%,A,71,4,"that,  - /","[ that/DT ] ,/,","(X (DT that) (, ,) (-DFL- N_S))",187,192.26,192.67999999999998
sw01utt/sw_0158_3327.utt,3/sw3327,3327,123,sd,A,71,5,"{C and } the main reason that [ it's, + it's ] quick. -/","and/CC  [ the/DT main/JJ reason/NN ] that/IN  [ it/PRP ] 's/BES ,/,  [ it/PRP ] 's/BES quick/JJ ./.","(S (CC and) (NP-SBJ (DT the) (JJ main) (NN reason)) (X (SBAR-PRD (IN that) (S (EDITED (RM (-DFL- \[)) (S (NP-SBJ (PRP it)) (VP-UNF (BES 's))) (, ,) (IP (-DFL- \+))) (NP-SBJ (PRP it)) (VP (BES 's) (RS (-DFL- \])) (ADJP-PRD (JJ quick)))))) (. .) (-DFL- N_S))",188,192.68,195.5
