swda_filename,ptb_basename,conversation_no,transcript_index,act_tag,caller,utterance_index,subutterance_index,text,pos,trees,ptb_treenumbers,start_ts,end_ts
sw05utt/sw_0559_3365.utt,3/sw3365,3365,0,fp,B,1,1,"Hi,  /","Hi/UH ,/,","(INTJ (UH Hi) (, ,) (-DFL- E_S))",1,0.02,0.12000000000000001
sw05utt/sw_0559_3365.utt,3/sw3365,3365,1,fp,B,1,2,this is Donna Donahue. /,[ this/DT ] is/VBZ  [ Donna/NNP Donahue/NNP ] ./.,(S (NP-SBJ (DT this)) (VP (VBZ is) (NP-PRD (NNP Donna) (NNP Donahue))) (. .) (-DFL- E_S)),2,0.12,1.26
sw05utt/sw_0559_3365.utt,3/sw3365,3365,2,fp,A,2,1,"Hi, Donna. /","[ Hi/NNP ] ,/,  [ Donna/NNP ] ./.","(INTJ (INTJ (NNP Hi)) (, ,) (NP-VOC (NNP Donna)) (. .) (-DFL- E_S))",4,1.54,2.16
sw05utt/sw_0559_3365.utt,3/sw3365,3365,3,fp,B,3,1,Hi. /,[ Hi/NN ] ./.,(INTJ (NN Hi) (. .) (-DFL- E_S)),6,2.6,2.7600000000000002
sw05utt/sw_0559_3365.utt,3/sw3365,3365,4,qy^t,A,4,1,Ready to get started? /,[ Ready/JJ ] to/TO get/VB started/VBN ?/.,(FRAG (ADJP-PRD (JJ Ready)) (S (NP-SBJ-1 (-NONE- *)) (VP (TO to) (VB get) (VP (VBN started) (NP (-NONE- *-1))))) (. ?) (-DFL- E_S)),8,2.76,3.52
sw05utt/sw_0559_3365.utt,3/sw3365,3365,5,ny^t,B,5,1,"{F Uh, } yeah,  /","[ Uh/UH ] ,/, yeah/UH ,/,","(INTJ (INTJ (UH Uh)) (, ,) (INTJ (UH yeah)) (, ,) (-DFL- E_S))",10,3.88,4.22
sw05utt/sw_0559_3365.utt,3/sw3365,3365,6,sd^e^t,B,5,2,I think so. /,[ I/PRP ] think/VBP so/RB ./.,(S (NP-SBJ (PRP I)) (VP (VBP think) (ADVP (RB so))) (. .) (-DFL- E_S)),11,4.22,4.92
sw05utt/sw_0559_3365.utt,3/sw3365,3365,7,o,A,6,1,Okay.  <beep>  /,Okay/UH ./.,(INTJ (UH Okay) (. .) (-DFL- E_S)),13,4.96,5.4399999999999995
sw05utt/sw_0559_3365.utt,3/sw3365,3365,8,sd^t,A,6,2,Sort of an interesting topic since I just got back from lunch here  <laughter>. /,[ Sort/RB ] of/RB  [ an/DT interesting/JJ topic/NN ] since/IN  [ I/PRP ] just/RB got/VBD back/RB from/IN  [ lunch/NN ] here/RB ./.,(FRAG (NP (ADVP (RB Sort) (RB of)) (DT an) (JJ interesting) (NN topic)) (SBAR-PRP (IN since) (S (NP-SBJ (PRP I)) (ADVP (RB just)) (VP (VBD got) (ADVP (RB back)) (PP (IN from) (NP (NN lunch))) (ADVP-LOC (RB here))))) (. .) (-DFL- E_S)),14,7.52,10.6
sw05utt/sw_0559_3365.utt,3/sw3365,3365,9,b,B,7,1,Okay.  /,Okay/UH ./.,(INTJ (UH Okay) (. .) (-DFL- E_S)),13,11.14,11.360000000000001
sw05utt/sw_0559_3365.utt,3/sw3365,3365,10,qw,B,7,2,"{D Well, } what did you have for lunch? /","Well/UH ,/,  [ what/WP ] did/VBD  [ you/PRP ] have/VB for/IN  [ lunch/NN ] ?/.","(SBARQ (INTJ (UH Well)) (, ,) (WHNP-1 (WP what)) (SQ (VBD did) (NP-SBJ (PRP you)) (VP (VB have) (NP (-NONE- *T*-1)) (PP (IN for) (NP (NN lunch))))) (. ?) (-DFL- E_S))",17,11.36,13.18
sw05utt/sw_0559_3365.utt,3/sw3365,3365,11,%,A,8,1,"{F Oh, } [ it was, + {F uh, } <laughter> it was,  ] - /","Oh/UH ,/,  [ it/PRP ] was/VBD ,/,  [ uh/UH ] ,/,  [ it/PRP ] was/VBD ,/,","(S (INTJ (UH Oh)) (, ,) (EDITED (RM (-DFL- \[)) (S (NP-SBJ (PRP it)) (VP-UNF (VBD was))) (, ,) (IP (-DFL- \+))) (INTJ (UH uh)) (, ,) (NP-SBJ (PRP it)) (VP-UNF (VBD was)) (, ,) (RS (-DFL- \])) (-DFL- N_S))",19,13.56,15.0
sw05utt/sw_0559_3365.utt,3/sw3365,3365,12,sd,A,8,2,"I'm an officer in the Air Force, /","[ I/PRP ] 'm/VBP  [ an/DT officer/NN ] in/IN  [ the/DT Air/NNP Force/NNP ] ,/,","(S (NP-SBJ (PRP I)) (VP (VBP 'm) (NP-PRD (NP (DT an) (NN officer)) (PP (IN in) (NP (DT the) (NNP Air) (NNP Force))))) (, ,) (-DFL- E_S))",20,15.4,16.66
sw05utt/sw_0559_3365.utt,3/sw3365,3365,13,b,B,9,1,Oh. /,Oh/UH ./.,(INTJ (UH Oh) (. .) (-DFL- E_S)),22,16.66,16.76
sw05utt/sw_0559_3365.utt,3/sw3365,3365,14,sd@,A,10,1,{C and } we went to the Officers' Club for a little Mexican food  /  *[[slash error with utt2: one utt]],and/CC  [ we/PRP ] went/VBD to/IN  [ the/DT Officers/NNS '/POS Club/NNP ] for/IN  [ a/DT little/JJ Mexican/JJ food/NN,(S (CC and) (NP-SBJ (PRP we)) (VP (VBD went) (PP-DIR (IN to) (NP (NP (DT the) (NNS Officers) (POS ')) (NNP Club))) (PP (IN for) (NP (NP-ADV (DT a) (JJ little)) (JJ Mexican) (NN food))) (-DFL- E_S) (NP-TMP (RB today))) (. .)),24,16.76,19.74
sw05utt/sw_0559_3365.utt,3/sw3365,3365,15,%@,A,10,2,today.   *[[slash error]],today/RB ] ./.,(S (CC and) (NP-SBJ (PRP we)) (VP (VBD went) (PP-DIR (IN to) (NP (NP (DT the) (NNS Officers) (POS ')) (NNP Club))) (PP (IN for) (NP (NP-ADV (DT a) (JJ little)) (JJ Mexican) (NN food))) (-DFL- E_S) (NP-TMP (RB today))) (. .)),24,19.82,20.240000000000002
sw05utt/sw_0559_3365.utt,3/sw3365,3365,16,b,B,11,1,Oh.  /,Oh/UH ./.,(INTJ (UH Oh) (. .) (-DFL- E_S)),22,20.52,20.82
sw05utt/sw_0559_3365.utt,3/sw3365,3365,17,ba,B,11,2,"{D Well, } that's interesting. /","Well/UH ,/,  [ that/DT ] 's/BES interesting/JJ ./.","(S (INTJ (UH Well)) (, ,) (NP-SBJ (DT that)) (VP (BES 's) (ADJP-PRD (JJ interesting))) (. .) (-DFL- E_S))",28,20.82,22.04
sw05utt/sw_0559_3365.utt,3/sw3365,3365,18,+,A,12,1,Yeah. /,Yeah/UH ./.,(INTJ (UH Yeah) (. .) (-DFL- E_S)),25,22.12,22.52
sw05utt/sw_0559_3365.utt,3/sw3365,3365,19,b,B,13,1,Okay.  /,Okay/UH ./.,(INTJ (UH Okay) (. .) (-DFL- E_S)),13,22.72,22.959999999999997
sw05utt/sw_0559_3365.utt,3/sw3365,3365,20,sd^t,B,13,2,"{C So } our topic [ is, + is  ] food today,  /","[ So/UH our/PRP$ topic/NN ] is/VBZ ,/, is/VBZ  [ food/NN today/RB ] ,/,","(S (RB So) (NP-SBJ (PRP$ our) (NN topic)) (EDITED (RM (-DFL- \[)) (VP-UNF (VBZ is)) (, ,) (IP (-DFL- \+))) (VP (VBZ is) (RS (-DFL- \])) (NP-PRD (NN food)) (NP-TMP (RB today))) (, ,) (-DFL- E_S))",32,22.96,25.0
sw05utt/sw_0559_3365.utt,3/sw3365,3365,21,%,B,13,3,"is that, -/","is/VBZ that/DT ,/,","(SQ-UNF (VBZ is) (NP-SBJ (DT that)) (, ,) (-DFL- N_S))",33,25.0,25.28
sw05utt/sw_0559_3365.utt,3/sw3365,3365,22,b,A,14,1,Yeah. /,Yeah/UH ./.,(INTJ (UH Yeah) (. .) (-DFL- E_S)),25,25.28,25.68
sw05utt/sw_0559_3365.utt,3/sw3365,3365,23,b,B,15,1,Okay. /,Okay/UH ./.,(INTJ (UH Okay) (. .) (-DFL- E_S)),13,25.96,26.18
sw05utt/sw_0559_3365.utt,3/sw3365,3365,24,qw,A,16,1,"If you're having a dinner party, [ what, + what  ] would you serve? /","If/IN  [ you/PRP ] 're/VBP having/VBG  [ a/DT dinner/NN party/NN ] ,/,  [ what/WP ] ,/,  [ what/WP ] would/MD  [ you/PRP ] serve/VB ?/.","(SBARQ (SBAR-ADV (IN If) (S (NP-SBJ (PRP you)) (VP (VBP 're) (VP (VBG having) (NP (DT a) (NN dinner) (NN party)))))) (, ,) (EDITED (RM (-DFL- \[)) (WHNP (WP what)) (, ,) (IP (-DFL- \+))) (WHNP-1 (WP what)) (RS (-DFL- \])) (SQ (MD would) (NP-SBJ (PRP you)) (VP (VB serve) (NP (-NONE- *T*-1)))) (. ?) (-DFL- E_S))",39,26.18,28.82
sw05utt/sw_0559_3365.utt,3/sw3365,3365,25,^h,B,17,1,"Okay, <lipsmack> {F uh, }  /","Okay/UH ,/,  [ uh/UH ] ,/,","(INTJ (INTJ (UH Okay)) (, ,) (INTJ (UH uh)) (, ,) (-DFL- E_S))",41,28.96,29.419999999999998
sw05utt/sw_0559_3365.utt,3/sw3365,3365,26,qy,B,17,2,do you want me to go first? /,do/VBP  [ you/PRP ] want/VB  [ me/PRP ] to/TO go/VB first/RB ?/.,(SQ (VBP do) (NP-SBJ (PRP you)) (VP (VB want) (S (NP-SBJ (PRP me)) (VP (TO to) (VP (VB go) (ADVP (RB first)))))) (. ?) (-DFL- E_S)),42,29.42,31.419999999999998
sw05utt/sw_0559_3365.utt,3/sw3365,3365,27,na,A,18,1,Sure. /,[ Sure/UH ] ./.,(INTJ (UH Sure) (. .) (-DFL- E_S)),44,31.42,31.880000000000003
sw05utt/sw_0559_3365.utt,3/sw3365,3365,28,^h,B,19,1,Okay.  /,Okay/UH ./.,(INTJ (UH Okay) (. .) (-DFL- E_S)),16,32.04,32.58
sw05utt/sw_0559_3365.utt,3/sw3365,3365,29,sd,B,19,2,"If I was having a dinner party I would probably, {F um, } have [ [ some, + {F um, } some,  ] + {F uh, } {F um, } some  ] fruit to start with with some apples sliced up and maybe some cheddar cheese and crackers and  grapes and, {F um, } probably serve maybe some wine and beer and maybe have some, {F uh, } {F uh, } salsa and chips around and peanuts.  /","If/IN  [ I/PRP ] was/VBD having/VBG  [ a/DT dinner/NN party/NN ] [ I/PRP ] would/MD probably/RB ,/, um/UH ,/, have/VB  [ some/DT ] ,/, um/UH ,/, some/RB ,/,  [ uh/UH ] ,/, um/UH ,/,  [ some/DT fruit/NN ] to/TO start/VB with/IN with/IN  [ some/DT apples/NNS ] sliced/VBD up/RP and/CC maybe/RB  [ some/DT cheddar/NN cheese/NN ] and/CC  [ crackers/NNS ] and/CC  [ grapes/NNS ] and/CC ,/, um/UH ,/, probably/RB serve/VB maybe/RB  [ some/DT wine/NN ] and/CC  [ beer/NN ] and/CC maybe/RB have/VB  [ some/DT ] ,/,  [ uh/UH ] ,/,  [ uh/UH ] ,/,  [ salsa/NN ] and/CC chips/VBZ around/RB and/CC  [ peanuts/NNS ] ./.","(S (SBAR-ADV (IN If) (S (NP-SBJ (PRP I)) (VP (VBD was) (VP (VBG having) (NP (DT a) (NN dinner) (NN party)))))) (NP-SBJ (PRP I)) (VP (MD would) (ADVP (RB probably)) (, ,) (INTJ (UH um)) (, ,) (VP (VP (VB have) (EDITED (RM (-DFL- \[)) (EDITED (RM (-DFL- \[)) (NP-UNF (DT some)) (, ,) (IP (-DFL- \+))) (INTJ (UH um)) (, ,) (NP-UNF (RB some)) (, ,) (RS (-DFL- \])) (IP (-DFL- \+))) (INTJ (UH uh)) (, ,) (INTJ (UH um)) (, ,) (NP (NP (DT some) (RS (-DFL- \])) (NN fruit)) (SBAR (WHNP-1 (-NONE- 0)) (S (NP-SBJ (-NONE- *)) (VP (TO to) (VP (VB start) (PP (IN with) (NP (-NONE- *T*-1))) (PP (IN with) (NP (NP (NP (DT some) (NNS apples)) (VP (VBD sliced) (NP (-NONE- *)) (PRT (RP up)))) (CC and) (ADVP (RB maybe)) (NP (NP (DT some) (NN cheddar) (NN cheese)) (CC and) (NP (NNS crackers)) (CC and) (NP (NNS grapes))))))))))) (CC and) (, ,) (INTJ (UH um)) (, ,) (VP (ADVP (RB probably)) (VB serve) (ADVP (RB maybe)) (NP (DT some) (NN wine) (CC and) (NN beer))) (CC and) (VP (ADVP (RB maybe)) (VB have) (NP (DT some) (, ,) (INTJ (UH uh)) (, ,) (INTJ (UH uh)) (, ,) (NN salsa) (CC and) (VBZ chips) (NAC (-NONE- *ICH*-2))) (ADVP-LOC (RB around)) (NAC-2 (CC and) (NP (NNS peanuts)))))) (. .) (-DFL- E_S))",47,32.58,55.519999999999996
sw05utt/sw_0559_3365.utt,3/sw3365,3365,30,sd,B,19,3,"{C And then } [ I would have, +  {F um, } let's see. I usually have ] {D like } a little theme when I have a dinner party  /","And/CC then/RB  [ I/PRP ] would/MD have/VB ,/, um/UH ,/, let/VB  [ 's/PRP ] see/VB ./.  [ I/PRP ] usually/RB have/VBP like/UH  [ a/DT little/JJ theme/NN ] when/WRB  [ I/PRP ] have/VBP  [ a/DT dinner/NN party/NN ]","(S (CONJP (CC And) (RB then)) (EDITED (RM (-DFL- \[)) (S (NP-SBJ (PRP I)) (VP (MD would) (VP-UNF (VB have)))) (, ,) (IP (-DFL- \+))) (INTJ (UH um)) (PRN (, ,) (S-IMP (NP-SBJ (-NONE- *)) (VP (VB let) (S (NP-SBJ (PRP 's)) (VP (VB see))))) (. .)) (NP-SBJ (PRP I)) (ADVP-TMP (RB usually)) (VP (VBP have) (RS (-DFL- \])) (INTJ (UH like)) (NP (DT a) (JJ little) (NN theme)) (SBAR-TMP (WHADVP-1 (WRB when)) (S (NP-SBJ (PRP I)) (VP (VBP have) (NP (DT a) (NN dinner) (NN party)) (ADVP-TMP (-NONE- *T*-1)))))) (-DFL- E_S))",48,55.52,61.54
sw05utt/sw_0559_3365.utt,3/sw3365,3365,31,%@,B,19,4,{C so. }     *[[slash error]],so/UH ./.,"(S (RB so) (. .) (INTJ (UH Um)) (, ,) (NP-SBJ (PRP I)) (VP (MD would) (VP-UNF (VB have) (ADVP (RB maybe)) (, ,) (INTJ (UH um)))) (, ,))",49,61.54,61.839999999999996
sw05utt/sw_0559_3365.utt,3/sw3365,3365,32,b,A,20,1,Uh-huh. /,[ Uh-huh/UH ] ./.,(INTJ (UH Uh-huh) (. .) (-DFL- E_S)),52,61.84,62.1
sw05utt/sw_0559_3365.utt,3/sw3365,3365,33,+,B,21,1,"{F Um, } I would have maybe, {F um, } say if it was {D like } Greek night or  something --   *[[sd]]","[ Um/UH ] ,/,  [ I/PRP ] would/MD have/VB maybe/RB ,/, um/UH ,/, say/VB if/IN  [ it/PRP ] was/VBD like/UH  [ Greek/JJ night/NN ] or/CC  [ something/NN ] --/:","(S (RB so) (. .) (INTJ (UH Um)) (, ,) (NP-SBJ (PRP I)) (VP (MD would) (VP-UNF (VB have) (ADVP (RB maybe)) (, ,) (INTJ (UH um)))) (, ,))|||(S (INTJ (VB say)) (SBAR-ADV (IN if) (S (NP-SBJ (PRP it)) (VP (VBD was) (INTJ (UH like)) (NP (NP (JJ Greek) (NN night)) (CC or) (NP (NN something)))))) (INTJ (UH um)) (, ,) (ADVP (RB maybe)) (, ,) (INTJ (UH um)) (, ,) (PP-LOC (IN on) (NP (DT the) (NN barbecue))) (NP-SBJ (PRP we)) (VP (MD 'd) (VP (VB put) (, ,) (INTJ (UH uh)) (, ,) (NP (NP (NP (NNS cubes)) (PP (IN of) (NP (NN lamb)))) (CC or) (PRN (S (NP-SBJ (PRP I)) (VP (VBP guess)))) (NP (NP (NP (NN lamb)) (VP (VBN used) (NP (-NONE- *)) (PP (IN for) (NP (JJ Greek))))) (. .) (EDITED (CC And)) (, ,) (INTJ (UH um)) (, ,) (INTJ (UH like)) (NP (DT a) (FW shish) (FW kabob)) (, ,) (CC and) (, ,) (INTJ (UH um)) (, ,) (NP (NNS mushrooms) (CC and) (NNS tomatoes) (CC and) (NNS onions)))))) (-DFL- E_S))",49|||50,62.42,66.44
sw05utt/sw_0559_3365.utt,3/sw3365,3365,34,b,A,22,1,Uh-huh. /,[ Uh-huh/UH ] ./.,(INTJ (UH Uh-huh) (. .) (-DFL- E_S)),52,66.44,66.7
sw05utt/sw_0559_3365.utt,3/sw3365,3365,35,+,B,23,1,"-- {F um, } maybe, {F um, } <lipsmack> on the barbecue we'd put, {F uh, } cubes of lamb or I guess lamb used for Greek.   And, {F um, } {D like } a shish kabob,","--/: um/UH ,/, maybe/RB ,/, um/UH ,/, on/IN  [ the/DT barbecue/NN ] [ we/PRP ] 'd/MD put/VB ,/,  [ uh/UH ] ,/,  [ cubes/NNS ] of/IN  [ lamb/NN ] or/CC  [ I/PRP ] guess/VBP  [ lamb/NN ] used/VBN for/IN  [ Greek/JJ ] ./.  And/CC ,/, um/UH ,/, like/IN  [ a/DT shish/FW kabob/FW ] ,/,","(S (INTJ (VB say)) (SBAR-ADV (IN if) (S (NP-SBJ (PRP it)) (VP (VBD was) (INTJ (UH like)) (NP (NP (JJ Greek) (NN night)) (CC or) (NP (NN something)))))) (INTJ (UH um)) (, ,) (ADVP (RB maybe)) (, ,) (INTJ (UH um)) (, ,) (PP-LOC (IN on) (NP (DT the) (NN barbecue))) (NP-SBJ (PRP we)) (VP (MD 'd) (VP (VB put) (, ,) (INTJ (UH uh)) (, ,) (NP (NP (NP (NNS cubes)) (PP (IN of) (NP (NN lamb)))) (CC or) (PRN (S (NP-SBJ (PRP I)) (VP (VBP guess)))) (NP (NP (NP (NN lamb)) (VP (VBN used) (NP (-NONE- *)) (PP (IN for) (NP (JJ Greek))))) (. .) (EDITED (CC And)) (, ,) (INTJ (UH um)) (, ,) (INTJ (UH like)) (NP (DT a) (FW shish) (FW kabob)) (, ,) (CC and) (, ,) (INTJ (UH um)) (, ,) (NP (NNS mushrooms) (CC and) (NNS tomatoes) (CC and) (NNS onions)))))) (-DFL- E_S))",50,67.06,76.02
sw05utt/sw_0559_3365.utt,3/sw3365,3365,36,b,A,24,1,Uh-huh. /,[ Uh-huh/UH ] ./.,(INTJ (UH Uh-huh) (. .) (-DFL- E_S)),52,76.6,76.86
sw05utt/sw_0559_3365.utt,3/sw3365,3365,37,+,B,25,1,"and, {F um, } mushrooms and tomatoes and onions  /","and/CC ,/, um/UH ,/,  [ mushrooms/NNS ] and/CC  [ tomatoes/NNS ] and/CC  [ onions/NNS ]","(S (INTJ (VB say)) (SBAR-ADV (IN if) (S (NP-SBJ (PRP it)) (VP (VBD was) (INTJ (UH like)) (NP (NP (JJ Greek) (NN night)) (CC or) (NP (NN something)))))) (INTJ (UH um)) (, ,) (ADVP (RB maybe)) (, ,) (INTJ (UH um)) (, ,) (PP-LOC (IN on) (NP (DT the) (NN barbecue))) (NP-SBJ (PRP we)) (VP (MD 'd) (VP (VB put) (, ,) (INTJ (UH uh)) (, ,) (NP (NP (NP (NNS cubes)) (PP (IN of) (NP (NN lamb)))) (CC or) (PRN (S (NP-SBJ (PRP I)) (VP (VBP guess)))) (NP (NP (NP (NN lamb)) (VP (VBN used) (NP (-NONE- *)) (PP (IN for) (NP (JJ Greek))))) (. .) (EDITED (CC And)) (, ,) (INTJ (UH um)) (, ,) (INTJ (UH like)) (NP (DT a) (FW shish) (FW kabob)) (, ,) (CC and) (, ,) (INTJ (UH um)) (, ,) (NP (NNS mushrooms) (CC and) (NNS tomatoes) (CC and) (NNS onions)))))) (-DFL- E_S))",50,76.88,81.5
sw05utt/sw_0559_3365.utt,3/sw3365,3365,38,sd,B,25,2,"{C and then } we'd have, {F um, } <lipsmack> {D like } a big Greek tossed salad kind of like a Caesar salad. /","and/CC then/RB  [ we/PRP ] 'd/MD have/VB ,/, um/UH ,/, like/IN  [ a/DT big/JJ Greek/NN ] tossed/VBN  [ salad/NN kind/RB ] of/RB like/IN  [ a/DT Caesar/NNP salad/NN ] ./.","(S (CONJP (CC and) (RB then)) (NP-SBJ (PRP we)) (VP (MD 'd) (VP (VB have) (, ,) (INTJ (UH um)) (, ,) (INTJ (UH like)) (NP (NP (DT a) (JJ big) (NN Greek) (VBN tossed) (NN salad)) (PP (ADVP (RB kind) (RB of)) (IN like) (NP (DT a) (NNP Caesar) (NN salad)))))) (. .) (-DFL- E_S))",60,81.64,87.14
sw05utt/sw_0559_3365.utt,3/sw3365,3365,39,b,A,26,1,Uh-huh. /,[ Uh-huh/UH ] ./.,(INTJ (UH Uh-huh) (. .) (-DFL- E_S)),52,87.22,87.5
sw05utt/sw_0559_3365.utt,3/sw3365,3365,40,t1,B,27,1,"{C And, } {F um, } let's see what else.  /","And/CC ,/, um/UH ,/, let/VB  [ 's/PRP ] see/VB  [ what/WP ] else/RB ./.","(S-IMP (CC And) (, ,) (INTJ (UH um)) (, ,) (NP-SBJ (-NONE- *)) (VP (VB let) (S (NP-SBJ (PRP 's)) (VP (VB see) (NP (NP (WP what)) (ADVP (RB else)))))) (. .) (-DFL- E_S))",64,87.94,90.10000000000001
sw05utt/sw_0559_3365.utt,3/sw3365,3365,41,sd,B,27,2,"{F Um, } maybe some rolls and, {F um, } I guess some, {F uh, } some rice or something like that.  /","Um/UH ,/, maybe/RB  [ some/DT rolls/NNS ] and/CC ,/, um/UH ,/,  [ I/PRP ] guess/VBP  [ some/DT ] ,/,  [ uh/UH ] ,/,  [ some/DT rice/NN ] or/CC  [ something/NN ] like/IN  [ that/DT ] ./.","(FRAG-1 (INTJ (UH Um)) (, ,) (ADVP (RB maybe)) (NP (NP (DT some) (NNS rolls)) (CC and) (, ,) (INTJ (UH um)) (PRN (, ,) (S (NP-SBJ (PRP I)) (VP (VBP guess) (FRAG (-NONE- *T*-1))))) (EDITED (NP-UNF (DT some))) (, ,) (INTJ (UH uh)) (, ,) (NP (NP (DT some) (NN rice)) (CC or) (NP (NP (NN something)) (PP (IN like) (NP (DT that)))))) (. .) (-DFL- E_S))",65,90.6,96.78
sw05utt/sw_0559_3365.utt,3/sw3365,3365,42,qw,B,27,3,How does that sound?  <laughter>. /,How/WRB does/VBZ  [ that/DT sound/NN ] ?/.  ./.,(SBARQ (WHADVP-1 (WRB How)) (SQ (VBZ does) (NP-SBJ (DT that)) (VP (NN sound) (ADVP-MNR (-NONE- *T*-1)))) (. ?) (. .) (-DFL- E_S)),66,97.66,98.66
sw05utt/sw_0559_3365.utt,3/sw3365,3365,43,fe,A,28,1,"Jeez,  /","[ Jeez/UH ] ,/,","(INTJ (UH Jeez) (, ,) (-DFL- E_S))",68,98.92,99.24
sw05utt/sw_0559_3365.utt,3/sw3365,3365,44,qh,A,28,2,"[ {D well, } +  {D well, } ]  when is the party here?  <laughter>. /","well/UH ,/, well/UH ,/, when/WRB is/VBZ  [ the/DT party/NN ] here/RB ?/.  ./.","(SBARQ (EDITED (RM (-DFL- \[)) (INTJ (UH well)) (, ,) (IP (-DFL- \+))) (INTJ (UH well)) (, ,) (RS (-DFL- \])) (WHADVP (WRB when)) (SQ (VBZ is) (NP-SBJ (DT the) (NN party)) (ADVP-LOC (RB here))) (. ?) (. .) (-DFL- E_S))",69,99.26,100.94
sw05utt/sw_0559_3365.utt,3/sw3365,3365,45,b,B,29,1,Yeah.  /,Yeah/UH ./.,(INTJ (UH Yeah) (. .) (-DFL- E_S)),71,101.74,102.05999999999999
sw05utt/sw_0559_3365.utt,3/sw3365,3365,46,%,B,29,2,"<laughter>  {F Um, } yeah,  /","Um/UH ,/, yeah/UH ,/,","(INTJ (INTJ (UH Um)) (, ,) (INTJ (UH yeah)) (, ,) (-DFL- E_S))",72,102.36,103.84
sw05utt/sw_0559_3365.utt,3/sw3365,3365,47,sd,B,29,3,that would take some planning  /,[ that/DT ] would/MD take/VB  [ some/DT planning/NN ],(S (NP-SBJ (DT that)) (VP (MD would) (VP (VB take) (NP (DT some) (NN planning)))) (-DFL- E_S)),73,103.84,104.68
sw05utt/sw_0559_3365.utt,3/sw3365,3365,48,%,B,29,4,"{C but, } -/","but/CC ,/,","(S-UNF (CC but) (, ,) (-DFL- N_S))",74,104.68,104.78
sw05utt/sw_0559_3365.utt,3/sw3365,3365,49,h,A,30,1,I don't know  /,[ I/PRP ] do/VBP n't/RB know/VB,(S (NP-SBJ (PRP I)) (VP (VBP do) (RB n't) (VP (VB know))) (-DFL- E_S)),76,105.12,105.66000000000001
sw05utt/sw_0559_3365.utt,3/sw3365,3365,50,sd,A,30,2,"[ being a, + being  ] the bachelor here that I am, [ I, + I ] don't think [ I'd, + I'd ] [ be a-, + b-,  ] - /","being/VBG  [ a/DT ] ,/, being/VBG  [ the/DT bachelor/NN ] here/RB that/IN  [ I/PRP ] am/VBP ,/,  [ I/PRP ] ,/,  [ I/PRP ] do/VBP n't/RB think/VB  [ I/PRP ] 'd/MD ,/,  [ I/PRP ] 'd/MD be/VB  [ a-/XX ] ,/,  [ b-/XX ] ,/,","(S (S-ADV (NP-SBJ (-NONE- *-2)) (EDITED (RM (-DFL- \[)) (VP (VBG being) (NP-PRD-UNF (DT a))) (, ,) (IP (-DFL- \+))) (VP (VBG being) (RS (-DFL- \])) (NP-PRD (NP (DT the) (NN bachelor)) (SBAR (-NONE- *ICH*-3))) (ADVP (RB here)) (SBAR-3 (WHNP-1 (IN that)) (S (NP-SBJ (PRP I)) (VP (VBP am) (NP-PRD (-NONE- *T*-1))))))) (, ,) (EDITED (RM (-DFL- \[)) (NP-SBJ (PRP I)) (, ,) (IP (-DFL- \+))) (NP-SBJ-2 (PRP I)) (RS (-DFL- \])) (VP (VBP do) (RB n't) (VP (VB think) (SBAR (-NONE- 0) (S (EDITED (RM (-DFL- \[)) (S (NP-SBJ (PRP I)) (VP-UNF (MD 'd))) (, ,) (IP (-DFL- \+))) (NP-SBJ (PRP I)) (VP (MD 'd) (RS (-DFL- \])) (EDITED (RM (-DFL- \[)) (VP (VB be) (ADJP-PRD-UNF (XX a-))) (, ,) (IP (-DFL- \+))) (VP-UNF (XX b-))))))) (, ,) (RS (-DFL- \])) (-DFL- N_S))",77,105.66,109.52000000000001
sw05utt/sw_0559_3365.utt,3/sw3365,3365,51,sd,A,30,3,"{E I mean } [ it, +  it's ] not a question of capability here to do something like that.  /","[ I/PRP ] mean/VBP  [ it/PRP ] ,/,  [ it/PRP ] 's/BES not/RB  [ a/DT question/NN ] of/IN  [ capability/NN ] here/RB to/TO do/VB  [ something/NN ] like/IN  [ that/DT ] ./.","(S (PRN (S (NP-SBJ (PRP I)) (VP (VBP mean)))) (EDITED (RM (-DFL- \[)) (NP-SBJ (PRP it)) (, ,) (IP (-DFL- \+))) (NP-SBJ (PRP it)) (VP (BES 's) (RS (-DFL- \])) (RB not) (NP-PRD (NP (DT a) (NN question)) (PP (IN of) (NP (NN capability) (S (-NONE- *ICH*-1))))) (ADVP (RB here)) (S-1 (NP-SBJ (-NONE- *)) (VP (TO to) (VP (VB do) (NP (NP (NN something)) (PP (IN like) (NP (DT that)))))))) (. .) (-DFL- E_S))",78,111.36,115.8
sw05utt/sw_0559_3365.utt,3/sw3365,3365,52,sd,A,30,4,"It's just  [ there's, + there's  ] no motivation. /","[ It/PRP ] 's/BES just/RB  [ there/EX ] 's/BES ,/,  [ there/EX ] 's/BES  [ no/DT motivation/NN ] ./.","(S (NP-SBJ (PRP It)) (VP (BES 's) (ADVP (RB just)) (SBAR-PRD (-NONE- 0) (S (EDITED (RM (-DFL- \[)) (S (NP-SBJ (EX there)) (VP-UNF (BES 's))) (, ,) (IP (-DFL- \+))) (NP-SBJ (EX there)) (VP (BES 's) (RS (-DFL- \])) (NP-PRD (DT no) (NN motivation)))))) (. .) (-DFL- E_S))",79,115.8,117.82
sw05utt/sw_0559_3365.utt,3/sw3365,3365,53,aa,B,31,1,That's right. /,[ That/DT ] 's/BES right/JJ ./.,(S (NP-SBJ (DT That)) (VP (BES 's) (ADJP-PRD (JJ right))) (. .) (-DFL- E_S)),81,117.82,118.36
sw05utt/sw_0559_3365.utt,3/sw3365,3365,54,sd,A,32,1,"{D You know, } [ I want to, + I want to ] throw some charcoal on the grill [ and, + and ] throw a steak on there and some baked potatoes and  stuff like that  /","[ You/PRP ] know/VBP ,/,  [ I/PRP ] want/VBP to/TO ,/,  [ I/PRP ] want/VBP to/TO throw/VB  [ some/DT charcoal/NN ] on/IN  [ the/DT grill/NN ] and/CC ,/, and/CC throw/VB  [ a/DT steak/NN ] on/IN there/RB and/CC  [ some/DT baked/VBN potatoes/NNS ] and/CC stuff/NN like/IN  [ that/DT ]","(S (PRN (S (NP-SBJ (PRP You)) (VP (VBP know))) (, ,)) (EDITED (RM (-DFL- \[)) (S (NP-SBJ (PRP I)) (VP (VBP want) (S (NP-SBJ (-NONE- *)) (VP-UNF (TO to))))) (, ,) (IP (-DFL- \+))) (NP-SBJ-1 (PRP I)) (VP (VBP want) (S (NP-SBJ (-NONE- *-1)) (VP (TO to) (RS (-DFL- \])) (VP (VP (VB throw) (NP (DT some) (NN charcoal)) (PP-LOC (IN on) (NP (DT the) (NN grill)))) (EDITED (RM (-DFL- \[)) (CC and) (, ,) (IP (-DFL- \+))) (CC and) (RS (-DFL- \])) (VP (VB throw) (NP (NP (DT a) (NN steak)) (NAC (-NONE- *ICH*-2))) (PP-LOC (IN on) (ADVP (RB there))) (NAC-2 (CC and) (NP (NP (DT some) (VBN baked) (NNS potatoes)) (CC and) (NP (NP (NN stuff)) (PP (IN like) (NP (DT that))))))))))) (-DFL- E_S))",83,118.36,125.24
sw05utt/sw_0559_3365.utt,3/sw3365,3365,55,%,A,32,2,"{C but, } {F um, } -/","but/CC ,/, um/UH ,/,","(S-UNF (CC but) (, ,) (INTJ (UH um)) (, ,) (-DFL- N_S))",84,126.1,126.60000000000001
sw05utt/sw_0559_3365.utt,3/sw3365,3365,56,ba,B,33,1,"{D Well, } that sounds good too.  /","Well/UH ,/,  [ that/WDT ] sounds/VBZ  [ good/JJ ] too/RB ./.","(S (INTJ (UH Well)) (, ,) (NP-SBJ (WDT that)) (VP (VBZ sounds) (ADJP-PRD (JJ good)) (ADVP (RB too))) (. .) (-DFL- E_S))",86,127.22,128.48000000000002
sw05utt/sw_0559_3365.utt,3/sw3365,3365,57,sd,B,33,2,"[ I have, + {F um, } I have  ] three kids -- /","[ I/PRP ] have/VBP ,/, um/UH ,/,  [ I/PRP ] have/VBP  [ three/CD kids/NNS ] --/:","(S (EDITED (RM (-DFL- \[)) (S (NP-SBJ (PRP I)) (VP-UNF (VBP have))) (, ,) (IP (-DFL- \+))) (INTJ (UH um)) (, ,) (NP-SBJ (PRP I)) (VP (VBP have) (RS (-DFL- \])) (NP (CD three) (NNS kids))) (-DFL- E_S))",87,128.84,130.9
sw05utt/sw_0559_3365.utt,3/sw3365,3365,58,b,A,34,1,Uh-huh. /,[ Uh-huh/UH ] ./.,(INTJ (UH Uh-huh) (. .) (-DFL- E_S)),55,131.08,131.34
sw05utt/sw_0559_3365.utt,3/sw3365,3365,59,sd,B,35,1,"-- {C so, } {F um, } when we have friends over I have my oldest kind of baby-sit for the little two younger ones upstairs  /","--/: so/UH ,/, um/UH ,/, when/WRB  [ we/PRP ] have/VBP  [ friends/NNS ] over/RB  [ I/PRP ] have/VBP  [ my/PRP$ oldest/JJS kind/NN ] of/IN  [ baby-sit/NN ] for/IN  [ the/DT little/JJ two/CD younger/JJR ones/NNS upstairs/NN ]","(S (RB so) (, ,) (INTJ (UH um)) (, ,) (SBAR-TMP (WHADVP-1 (WRB when)) (S (NP-SBJ (PRP we)) (VP (VBP have) (NP (NNS friends)) (ADVP (RB over)) (ADVP-TMP (-NONE- *T*-1))))) (NP-SBJ (PRP I)) (VP (VBP have) (S (NP-SBJ (PRP$ my) (JJS oldest)) (ADVP (NN kind) (IN of)) (VP (NN baby-sit) (PP (IN for) (NP (DT the) (JJ little) (CD two) (JJR younger) (NNS ones))) (NP-LOC (NN upstairs))))) (-DFL- E_S))",91,131.34,137.73999999999998
sw05utt/sw_0559_3365.utt,3/sw3365,3365,60,sd,B,35,2,"{C and, } {F um, } usually we just have very plain kind of, {D you know, } [ interesting, + not very interesting  ] meals.","and/CC ,/, um/UH ,/, usually/RB  [ we/PRP ] just/RB have/VBP  [ very/RB plain/JJ kind/RB ] of/RB ,/,  [ you/PRP ] know/VBP ,/,  [ interesting/JJ ] ,/, not/RB  [ very/RB interesting/JJ meals/NNS ] ./.","(S (CC and) (, ,) (INTJ (UH um)) (, ,) (ADVP (RB usually)) (NP-SBJ (PRP we)) (ADVP (RB just)) (VP (VBP have) (NP (NP (ADJP (RB very) (JJ plain)) (ADJP (ADVP (RB kind) (RB of)) (PRN (, ,) (S (NP-SBJ (PRP you)) (VP (VBP know))) (, ,)) (EDITED (RM (-DFL- \[)) (JJ interesting) (, ,) (IP (-DFL- \+))) (RB not) (RB very) (JJ interesting)) (RS (-DFL- \])) (NNS meals)) (. .) (NP (NP (NN Pizza)) (CC and) (NP (IN that) (DT all))))) (-DFL- E_S))",92,137.76,144.23999999999998
sw05utt/sw_0559_3365.utt,3/sw3365,3365,61,b,A,36,1,Uh-huh. /,[ Uh-huh/UH ] ./.,(INTJ (UH Uh-huh) (. .) (-DFL- E_S)),58,144.44,144.64
sw05utt/sw_0559_3365.utt,3/sw3365,3365,62,+,B,37,1,Pizza and that  (( all /,[ Pizza/NN ] and/CC that/IN  [ all/DT ],"(S (CC and) (, ,) (INTJ (UH um)) (, ,) (ADVP (RB usually)) (NP-SBJ (PRP we)) (ADVP (RB just)) (VP (VBP have) (NP (NP (ADJP (RB very) (JJ plain)) (ADJP (ADVP (RB kind) (RB of)) (PRN (, ,) (S (NP-SBJ (PRP you)) (VP (VBP know))) (, ,)) (EDITED (RM (-DFL- \[)) (JJ interesting) (, ,) (IP (-DFL- \+))) (RB not) (RB very) (JJ interesting)) (RS (-DFL- \])) (NNS meals)) (. .) (NP (NP (NN Pizza)) (CC and) (NP (IN that) (DT all))))) (-DFL- E_S))",92,144.64,145.36
sw05utt/sw_0559_3365.utt,3/sw3365,3365,63,sd,B,37,2,"{C so } ))  once in a while when we do something like that it's kind of fun,  /","so/RB once/RB in/IN  [ a/DT while/NN ] when/WRB  [ we/PRP ] do/VBP  [ something/NN ] like/IN that/IN  [ it/PRP ] 's/BES  [ kind/RB ] of/RB  [ fun/JJ ] ,/,","(S (RB so) (ADVP-TMP (RB once) (PP (IN in) (NP (DT a) (NN while)))) (SBAR-TMP (WHADVP-1 (WRB when)) (S (NP-SBJ (PRP we)) (VP (VBP do) (NP (NP (NN something)) (PP (IN like) (NP (IN that)))) (ADVP-TMP (-NONE- *T*-1))))) (NP-SBJ (PRP it)) (VP (BES 's) (ADJP-PRD (ADVP (RB kind) (RB of)) (JJ fun))) (, ,) (-DFL- E_S))",96,145.36,148.48000000000002
sw05utt/sw_0559_3365.utt,3/sw3365,3365,64,sd,B,37,3,"{C but } it's  [ not a, +","but/CC  [ it/PRP ] 's/BES not/RB  [ a/DT ] ,/,","(S (CC but) (NP-SBJ (PRP it)) (VP (BES 's) (EDITED (RM (-DFL- \[)) (RB not) (NP-PRD-UNF (DT a)) (, ,) (IP (-DFL- \+))) (RB not) (NP-PRD (DT a) (RS (-DFL- \])) (JJ regular) (NN thing))) (. .) (-DFL- E_S))",97,148.74,149.20000000000002
sw05utt/sw_0559_3365.utt,3/sw3365,3365,65,b,A,38,1,Yeah. /,Yeah/UH ./.,(INTJ (UH Yeah) (. .) (-DFL- E_S)),71,149.2,149.33999999999997
sw05utt/sw_0559_3365.utt,3/sw3365,3365,66,+,B,39,1,not a ] regular thing.  <laughter>  /,not/RB  [ a/DT regular/JJ thing/NN ] ./.,"(S (CC but) (NP-SBJ (PRP it)) (VP (BES 's) (EDITED (RM (-DFL- \[)) (RB not) (NP-PRD-UNF (DT a)) (, ,) (IP (-DFL- \+))) (RB not) (NP-PRD (DT a) (RS (-DFL- \])) (JJ regular) (NN thing))) (. .) (-DFL- E_S))",97,149.62,150.64
sw05utt/sw_0559_3365.utt,3/sw3365,3365,67,%@,B,39,2,"{F Um, }    *[[slash error]]","Um/UH ,/,","(FRAG-1 (INTJ (UH Um)) (, ,) (ADVP (RB maybe)) (NP (NP (DT some) (NNS rolls)) (CC and) (, ,) (INTJ (UH um)) (PRN (, ,) (S (NP-SBJ (PRP I)) (VP (VBP guess) (FRAG (-NONE- *T*-1))))) (EDITED (NP-UNF (DT some))) (, ,) (INTJ (UH uh)) (, ,) (NP (NP (DT some) (NN rice)) (CC or) (NP (NP (NN something)) (PP (IN like) (NP (DT that)))))) (. .) (-DFL- E_S))",65,150.64,150.79999999999998
sw05utt/sw_0559_3365.utt,3/sw3365,3365,68,b,A,40,1,Yeah. /,Yeah/UH ./.,(INTJ (UH Yeah) (. .) (-DFL- E_S)),71,150.8,151.04000000000002
sw05utt/sw_0559_3365.utt,3/sw3365,3365,69,+,B,41,1,"{D Now } are we supposed to talk for about five minutes,  /","Now/RB are/VBP  [ we/PRP ] supposed/VBN to/TO talk/VB for/IN about/IN  [ five/CD minutes/NNS ] ,/,","(SQ (INTJ (UH Um)) (, ,) (INTJ (RB Now)) (VBP are) (NP-SBJ-1 (PRP we)) (VP (VBN supposed) (S (NP-SBJ (-NONE- *-1)) (VP (TO to) (VP (VB talk) (PP-TMP (IN for) (NP (QP (IN about) (CD five)) (NNS minutes))))))) (, ,) (-DFL- E_S))",101,151.04,154.26000000000002
sw05utt/sw_0559_3365.utt,3/sw3365,3365,70,qy@,B,41,2,is that - / *[[slash error with utt3; one unit]],is/VBZ that/DT,(SQ-UNF (VBZ is) (NP-SBJ (DT that)) (-DFL- N_S) (NP-PRD (PRP it)) (. ?)),105,154.26,154.42000000000002
sw05utt/sw_0559_3365.utt,3/sw3365,3365,71,qy,B,41,3,it?,[ it/PRP ] ?/.,(SQ-UNF (VBZ is) (NP-SBJ (DT that)) (-DFL- N_S) (NP-PRD (PRP it)) (. ?)),105,154.42,154.45999999999998
sw05utt/sw_0559_3365.utt,3/sw3365,3365,72,ny,A,42,1,"Yeah,  /","Yeah/UH ,/,","(INTJ (UH Yeah) (, ,) (-DFL- E_S))",108,154.46,154.76000000000002
sw05utt/sw_0559_3365.utt,3/sw3365,3365,73,sd^e,A,42,2,"that's what [ they, +","[ that/DT ] 's/BES  [ what/WP ] [ they/PRP ] ,/,","(S (NP-SBJ (DT that)) (VP (BES 's) (SBAR-NOM-PRD (WHNP-1 (WP what)) (S (EDITED (RM (-DFL- \[)) (NP-SBJ (PRP they)) (, ,) (IP (-DFL- \+))) (NP-SBJ (PRP they)) (RS (-DFL- \])) (VP (VBP are) (VP (VBG shooting) (PP (IN for) (NP (-NONE- *T*-1))) (ADVP (RB here))))))) (. .) (-DFL- E_S))",109,154.76,155.39999999999998
sw05utt/sw_0559_3365.utt,3/sw3365,3365,74,+@,B,43,1,Okay. /  *[[slash error]],Okay/UH ./.,(INTJ (UH Okay) (. .) (-DFL- E_S)),106,155.42,155.61999999999998
sw05utt/sw_0559_3365.utt,3/sw3365,3365,75,+,A,44,1,they  ] are shooting for here. /,[ they/PRP ] are/VBP shooting/VBG for/IN here/RB ./.,"(S (NP-SBJ (DT that)) (VP (BES 's) (SBAR-NOM-PRD (WHNP-1 (WP what)) (S (EDITED (RM (-DFL- \[)) (NP-SBJ (PRP they)) (, ,) (IP (-DFL- \+))) (NP-SBJ (PRP they)) (RS (-DFL- \])) (VP (VBP are) (VP (VBG shooting) (PP (IN for) (NP (-NONE- *T*-1))) (ADVP (RB here))))))) (. .) (-DFL- E_S))",109,155.68,156.92
sw05utt/sw_0559_3365.utt,3/sw3365,3365,76,bk,B,45,1,Okay.  /,Okay/UH ./.,(INTJ (UH Okay) (. .) (-DFL- E_S)),106,157.36,157.56
sw05utt/sw_0559_3365.utt,3/sw3365,3365,77,^h,B,45,2,"{F Um, } let's see now  /","Um/UH ,/, let/VB  [ 's/PRP ] see/VB now/RB","(S-IMP (INTJ (UH Um)) (, ,) (NP-SBJ (-NONE- *)) (VP (VB let) (S (NP-SBJ (PRP 's)) (VP (VB see) (INTJ (RB now))))) (-DFL- E_S))",114,157.84,158.82000000000002
sw05utt/sw_0559_3365.utt,3/sw3365,3365,78,%,B,45,3,"wh-, - /","[ wh-/XX ] ,/,","(X (XX wh-) (, ,) (-DFL- N_S))",115,0.0,0.0
sw05utt/sw_0559_3365.utt,3/sw3365,3365,79,%,B,45,4,"okay,  /","[ okay/JJ ] ,/,","(INTJ (JJ okay) (, ,) (-DFL- E_S))",116,159.2,159.39999999999998
sw05utt/sw_0559_3365.utt,3/sw3365,3365,80,qy^g,B,45,5,"{D so } you would have a barbecue wouldn-, -/","so/RB  [ you/PRP ] would/MD have/VB  [ a/DT barbecue/NN wouldn-/XX ] ,/,","(SQ (S (INTJ (UH so)) (NP-SBJ (PRP you)) (VP (MD would) (VP (VB have) (NP (DT a) (NN barbecue))))) (SQ-UNF (XX wouldn-)) (, ,) (-DFL- N_S))",117,159.4,160.54000000000002
sw05utt/sw_0559_3365.utt,3/sw3365,3365,81,no,A,46,1,"{D Well, } [ I live on a, + I live on a ] lake here, /","Well/UH ,/,  [ I/PRP ] live/VBP on/IN  [ a/DT ] ,/,  [ I/PRP ] live/VBP on/IN  [ a/DT lake/NN ] here/RB ,/,","(S (INTJ (UH Well)) (, ,) (EDITED (RM (-DFL- \[)) (S (NP-SBJ (PRP I)) (VP (VBP live) (PP-LOC (IN on) (NP-UNF (DT a))))) (, ,) (IP (-DFL- \+))) (NP-SBJ (PRP I)) (VP (VBP live) (PP-LOC (IN on) (NP (DT a) (RS (-DFL- \])) (NN lake))) (ADVP-LOC (RB here))) (, ,) (-DFL- E_S))",119,160.54,163.24
sw05utt/sw_0559_3365.utt,3/sw3365,3365,82,b,B,47,1,Uh-huh. /,[ Uh-huh/UH ] ./.,(INTJ (UH Uh-huh) (. .) (-DFL- E_S)),94,163.36,163.70000000000002
sw05utt/sw_0559_3365.utt,3/sw3365,3365,83,%,A,48,1,"[ {C and, } + {F uh, } {C so }  ] it, - /","and/CC ,/,  [ uh/UH ] ,/, so/RB  [ it/PRP ] ,/,","(S-UNF (EDITED (RM (-DFL- \[)) (CC and) (, ,) (IP (-DFL- \+))) (INTJ (UH uh)) (, ,) (RB so) (RS (-DFL- \])) (NP-SBJ (PRP it)) (, ,) (-DFL- N_S))",123,163.82,165.78
sw05utt/sw_0559_3365.utt,3/sw3365,3365,84,sd,A,48,2,"{C and then } during the summertime it's real nice to be able to entertain outdoors, /","and/CC then/RB during/IN  [ the/DT summertime/NN ] [ it/PRP ] 's/BES real/RB nice/JJ to/TO be/VB able/JJ to/TO entertain/VB outdoors/RB ,/,","(S (CONJP (CC and) (RB then)) (PP-TMP (IN during) (NP (DT the) (NN summertime))) (NP-SBJ (NP (PRP it)) (S (-NONE- *EXP*-1))) (VP (BES 's) (ADJP-PRD (RB real) (JJ nice)) (S-1 (NP-SBJ-2 (-NONE- *)) (VP (TO to) (VP (VB be) (ADJP-PRD (JJ able) (S (NP-SBJ (-NONE- *-2)) (VP (TO to) (VP (VB entertain) (ADVP-LOC (RB outdoors)))))))))) (, ,) (-DFL- E_S))",124,165.88,169.62
sw05utt/sw_0559_3365.utt,3/sw3365,3365,85,ba,B,49,1,"{F Oh, } sure. /","Oh/UH ,/, sure/UH ./.","(INTJ (INTJ (UH Oh)) (, ,) (INTJ (UH sure)) (. .) (-DFL- E_S))",126,169.62,169.8
sw05utt/sw_0559_3365.utt,3/sw3365,3365,86,sd,A,50,1,{D like } that's a little more a casual thing.  /,like/IN  [ that/DT ] 's/BES  [ a/DT little/RB more/RBR a/DT casual/JJ thing/NN ] ./.,(S (INTJ (UH like)) (NP-SBJ (DT that)) (VP (BES 's) (ADVP (NP (DT a) (RB little)) (RBR more)) (NP-PRD (DT a) (JJ casual) (NN thing))) (. .) (-DFL- E_S)),128,169.8,172.38000000000002
sw05utt/sw_0559_3365.utt,3/sw3365,3365,87,sd,A,50,2,"{C But } in  [ (( mine )) + ]  the wintertime it's not bad too because then I've got [ a, + a  ] fireplace and a nice, nice house and all that  /","But/CC in/IN  [ mine/NN ] [ the/DT wintertime/NN ] [ it/PRP ] 's/BES not/RB bad/JJ too/RB because/IN then/RB  [ I/PRP ] 've/VBP got/VBN  [ a/DT ] ,/,  [ a/DT fireplace/NN ] and/CC  [ a/DT nice/JJ ] ,/,  [ nice/JJ house/NN ] and/CC  [ all/PDT that/DT ]","(S (CC But) (PP-TMP (IN in) (EDITED (RM (-DFL- \[)) (NP (NN mine)) (IP (-DFL- \+))) (RS (-DFL- \])) (NP (DT the) (NN wintertime))) (NP-SBJ (PRP it)) (VP (BES 's) (RB not) (ADJP-PRD (JJ bad)) (ADVP (RB too)) (SBAR-PRP (IN because) (S (ADVP-TMP (RB then)) (NP-SBJ (PRP I)) (VP (VBP 've) (VP (VBN got) (EDITED (RM (-DFL- \[)) (NP-UNF (DT a)) (, ,) (IP (-DFL- \+))) (NP (NP (DT a) (RS (-DFL- \])) (NN fireplace)) (CC and) (NP (DT a) (JJ nice) (, ,) (JJ nice) (NN house)) (CC and) (NP (PDT all) (DT that)))))))) (-DFL- E_S))",129,172.38,178.17999999999998
sw05utt/sw_0559_3365.utt,3/sw3365,3365,88,sd,A,50,3,"{C so } we,","so/RB  [ we/PRP ] ,/,","(S-UNF (RB so) (NP-SBJ (PRP we)) (, ,) (ADVP (RB sort) (RB of)) (, ,))",130,178.18,178.46
sw05utt/sw_0559_3365.utt,3/sw3365,3365,89,b,B,51,1,Uh-huh. /,[ Uh-huh/UH ] ./.,(INTJ (UH Uh-huh) (. .) (-DFL- E_S)),121,178.46,178.66
sw05utt/sw_0559_3365.utt,3/sw3365,3365,90,+@,A,52,1,"sort of, a,    *[[slash error with a.54--two utts]]","sort/RB of/RB ,/,  [ a/DT ] ,/,","(S-UNF (RB so) (NP-SBJ (PRP we)) (, ,) (ADVP (RB sort) (RB of)) (, ,))|||(NP (NP (DT a) (, ,) (ADJP (RB really) (JJ good)) (NN place)) (SBAR (WHADVP-1 (-NONE- 0)) (S (NP-SBJ (-NONE- *)) (VP (TO to) (VP (VB do) (NP (NP (JJ entertaining)) (PP (IN like) (NP (DT that)))) (ADVP-LOC (-NONE- *T*-1)))))) (. .) (-DFL- N_S))",130|||131,178.66,178.88000000000002
sw05utt/sw_0559_3365.utt,3/sw3365,3365,91,ba,B,53,1,"{F Oh, } that sounds wonderful. /","Oh/UH ,/,  [ that/WDT ] sounds/VBZ  [ wonderful/JJ ] ./.","(S (INTJ (UH Oh)) (, ,) (NP-SBJ (WDT that)) (VP (VBZ sounds) (ADJP-PRD (JJ wonderful))) (. .) (-DFL- E_S))",136,178.88,180.23999999999998
sw05utt/sw_0559_3365.utt,3/sw3365,3365,92,+,A,54,1,really good place to do entertaining like that. - /,really/RB  [ good/JJ place/NN ] to/TO do/VB entertaining/JJ like/IN  [ that/DT ] ./.,"(NP (NP (DT a) (, ,) (ADJP (RB really) (JJ good)) (NN place)) (SBAR (WHADVP-1 (-NONE- 0)) (S (NP-SBJ (-NONE- *)) (VP (TO to) (VP (VB do) (NP (NP (JJ entertaining)) (PP (IN like) (NP (DT that)))) (ADVP-LOC (-NONE- *T*-1)))))) (. .) (-DFL- N_S))",131,180.24,182.26
sw05utt/sw_0559_3365.utt,3/sw3365,3365,93,sd,A,54,2,"I just haven't, {F uh, } really tried a whole lot  /","[ I/PRP ] just/RB have/VBP n't/RB ,/,  [ uh/UH ] ,/, really/RB tried/VBN  [ a/DT whole/JJ lot/NN ]","(S (NP-SBJ (PRP I)) (ADVP (RB just)) (VP (VBP have) (RB n't) (, ,) (INTJ (UH uh)) (, ,) (ADVP (RB really)) (VP (VBN tried) (NP-ADV (DT a) (JJ whole) (NN lot)))) (-DFL- E_S))",138,182.26,186.0
sw05utt/sw_0559_3365.utt,3/sw3365,3365,94,h,A,54,3,"{C but, } {F uh } --","but/CC ,/,  [ uh/UH ] --/:","(S (CC but) (, ,) (INTJ (UH uh)) (NP-SBJ (PRP I)) (VP (VBP do) (RB n't) (VP (VB know))) (, ,) (-DFL- E_S))",139,186.0,186.44
sw05utt/sw_0559_3365.utt,3/sw3365,3365,95,b,B,55,1,Uh-huh. /,[ Uh-huh/UH ] ./.,(INTJ (UH Uh-huh) (. .) (-DFL- E_S)),121,186.44,186.62
sw05utt/sw_0559_3365.utt,3/sw3365,3365,96,+,A,56,1,"-- I don't know,  /","--/:  [ I/PRP ] do/VBP n't/RB know/VB ,/,","(S (CC but) (, ,) (INTJ (UH uh)) (NP-SBJ (PRP I)) (VP (VBP do) (RB n't) (VP (VB know))) (, ,) (-DFL- E_S))",139,188.26,188.64000000000001
sw05utt/sw_0559_3365.utt,3/sw3365,3365,97,^h,A,56,2,let's see.  /,let/VB  [ 's/PRP ] see/VB ./.,(S-IMP (NP-SBJ (-NONE- *)) (VP (VB let) (S (NP-SBJ (PRP 's)) (VP (VB see)))) (. .) (-DFL- E_S)),143,188.64,188.92000000000002
sw05utt/sw_0559_3365.utt,3/sw3365,3365,98,sd,A,56,3,"[ I have had, +  {D well, } one time I did have ] a dinner party.  /","[ I/PRP ] have/VBP had/VBN ,/, well/UH ,/,  [ one/CD time/NN ] [ I/PRP ] did/VBD have/VB  [ a/DT dinner/NN party/NN ] ./.","(S (EDITED (RM (-DFL- \[)) (S (NP-SBJ (PRP I)) (VP (VBP have) (VP-UNF (VBN had)))) (, ,) (IP (-DFL- \+))) (INTJ (UH well)) (, ,) (NP-TMP (CD one) (NN time)) (NP-SBJ (PRP I)) (VP (VBD did) (VP (VB have) (RS (-DFL- \])) (NP (DT a) (NN dinner) (NN party)))) (. .) (-DFL- E_S))",144,188.92,191.62
sw05utt/sw_0559_3365.utt,3/sw3365,3365,99,%,A,56,4,"I served a, {F uh, } {F uh, } - /","[ I/PRP ] served/VBD  [ a/DT ] ,/,  [ uh/UH ] ,/,  [ uh/UH ] ,/,","(S (NP-SBJ (PRP I)) (VP (VBD served) (NP-UNF (DT a) (, ,) (INTJ (UH uh)) (, ,) (INTJ (UH uh)))) (, ,) (-DFL- N_S))",145,191.62,193.86
sw05utt/sw_0559_3365.utt,3/sw3365,3365,100,sd,A,56,5,"I had a gang of people over and kind of made a fried chicken thing and biscuits,","[ I/PRP ] had/VBD  [ a/DT gang/NN ] of/IN  [ people/NNS ] over/RB and/CC  [ kind/RB ] of/RB made/VBD  [ a/DT fried/JJ chicken/NN thing/NN ] and/CC  [ biscuits/NNS ] ,/,","(S (NP-SBJ (PRP I)) (VP (VP (VBD had) (NP (NP (DT a) (NN gang)) (PP (IN of) (NP (NNS people)))) (ADVP (RB over))) (CC and) (VP (ADVP (RB kind) (RB of)) (VBD made) (NP (NP (DT a) (JJ fried) (NN chicken) (NN thing)) (CC and) (NP (NNS biscuits)) (, ,) (CC and) (ADVP (RB kind) (RB of)) (EDITED (RM (-DFL- \[)) (NP-UNF (JJ southern)) (, ,) (IP (-DFL- \+))) (INTJ (UH uh)) (, ,) (NP (JJ southern) (RS (-DFL- \])) (NN food))) (SBAR-ADV (RB even) (IN though) (S (NP-SBJ (PRP I)) (VP (VBP 'm) (PP-LOC-PRD (IN up) (ADVP (RB here))) (PP-LOC (IN in) (NP (NNP New) (NNP York)))))))) (, ,) (-DFL- E_S))",146,193.86,198.64000000000001
sw05utt/sw_0559_3365.utt,3/sw3365,3365,101,b,B,57,1,Uh-huh. /,[ Uh-huh/UH ] ./.,(INTJ (UH Uh-huh) (. .) (-DFL- E_S)),121,198.64,198.85999999999999
sw05utt/sw_0559_3365.utt,3/sw3365,3365,102,+,A,58,1,"and kind of [ southern, + {F uh, } southern  ] food even though I'm up here in New York,  /","and/CC  [ kind/RB ] of/RB  [ southern/JJ ] ,/,  [ uh/UH ] ,/,  [ southern/JJ food/NN ] even/RB though/IN  [ I/PRP ] 'm/VBP up/IN here/RB in/IN  [ New/NNP York/NNP ] ,/,","(S (NP-SBJ (PRP I)) (VP (VP (VBD had) (NP (NP (DT a) (NN gang)) (PP (IN of) (NP (NNS people)))) (ADVP (RB over))) (CC and) (VP (ADVP (RB kind) (RB of)) (VBD made) (NP (NP (DT a) (JJ fried) (NN chicken) (NN thing)) (CC and) (NP (NNS biscuits)) (, ,) (CC and) (ADVP (RB kind) (RB of)) (EDITED (RM (-DFL- \[)) (NP-UNF (JJ southern)) (, ,) (IP (-DFL- \+))) (INTJ (UH uh)) (, ,) (NP (JJ southern) (RS (-DFL- \])) (NN food))) (SBAR-ADV (RB even) (IN though) (S (NP-SBJ (PRP I)) (VP (VBP 'm) (PP-LOC-PRD (IN up) (ADVP (RB here))) (PP-LOC (IN in) (NP (NNP New) (NNP York)))))))) (, ,) (-DFL- E_S))",146,198.86,203.78
sw05utt/sw_0559_3365.utt,3/sw3365,3365,103,%,A,58,2,{C so } <laughter>. -/,so/RB ./.,(S-UNF (RB so) (. .) (-DFL- N_S)),150,203.78,203.94
sw05utt/sw_0559_3365.utt,3/sw3365,3365,104,qy^d,B,59,1,"{F Oh, } you are in New York right now? /","Oh/UH ,/,  [ you/PRP ] are/VBP in/IN  [ New/NNP York/NNP ] right/RB now/RB ?/.","(S (INTJ (UH Oh)) (, ,) (NP-SBJ (PRP you)) (VP (VBP are) (PP-LOC-PRD (IN in) (NP (NNP New) (NNP York))) (ADVP-TMP (RB right) (RB now))) (. ?) (-DFL- E_S))",152,205.06,206.32000000000002
sw05utt/sw_0559_3365.utt,3/sw3365,3365,105,ny,A,60,1,Yeah. /,Yeah/UH ./.,(INTJ (UH Yeah) (. .) (-DFL- E_S)),154,206.36,206.64000000000001
sw05utt/sw_0559_3365.utt,3/sw3365,3365,106,b,B,61,1,Oh.  /,Oh/UH ./.,(INTJ (UH Oh) (. .) (-DFL- E_S)),156,207.26,207.5
sw05utt/sw_0559_3365.utt,3/sw3365,3365,107,sd,B,61,2,"[ I'm, + I'm  ] in Texas.  /","[ I/PRP ] 'm/VBP ,/,  [ I/PRP ] 'm/VBP in/IN  [ Texas/NNP ] ./.","(S (EDITED (RM (-DFL- \[)) (S (NP-SBJ (PRP I)) (VP-UNF (VBP 'm))) (, ,) (IP (-DFL- \+))) (NP-SBJ (PRP I)) (VP (VBP 'm) (RS (-DFL- \])) (PP-LOC-PRD (IN in) (NP (NNP Texas)))) (. .) (-DFL- E_S))",157,207.78,208.9
sw05utt/sw_0559_3365.utt,3/sw3365,3365,108,sd^t,B,61,3,"I didn't know this was [ all, + from all  ] over the whole country. /","[ I/PRP ] did/VBD n't/RB know/VB  [ this/DT ] was/VBD  [ all/DT ] ,/, from/IN  [ all/DT ] over/IN  [ the/DT whole/JJ country/NN ] ./.","(S (NP-SBJ (PRP I)) (VP (VBD did) (RB n't) (VP (VB know) (SBAR (-NONE- 0) (S (NP-SBJ (DT this)) (VP (VBD was) (EDITED (RM (-DFL- \[)) (DT all) (, ,) (IP (-DFL- \+))) (PP-PRD (IN from) (PP-LOC (DT all) (RS (-DFL- \])) (IN over) (NP (DT the) (JJ whole) (NN country))))))))) (. .) (-DFL- E_S))",158,209.22,211.58
sw05utt/sw_0559_3365.utt,3/sw3365,3365,109,aa,A,62,1,"{F Oh, } yeah.  /","Oh/UH ,/, yeah/UH ./.","(INTJ (INTJ (UH Oh)) (, ,) (INTJ (UH yeah)) (. .) (-DFL- E_S))",160,211.58,212.0
sw05utt/sw_0559_3365.utt,3/sw3365,3365,110,aa^r,A,62,2,"Yeah, /","Yeah/UH ,/,","(INTJ (UH Yeah) (, ,) (-DFL- E_S))",161,212.4,212.6
sw05utt/sw_0559_3365.utt,3/sw3365,3365,111,bk,B,63,1,"{F Oh, } I see. /","Oh/UH ,/,  [ I/PRP ] see/VBP ./.","(S (INTJ (UH Oh)) (, ,) (NP-SBJ (PRP I)) (VP (VBP see)) (. .) (-DFL- E_S))",163,212.6,213.22
sw05utt/sw_0559_3365.utt,3/sw3365,3365,112,sd,A,64,1,it is.  /,[ it/PRP ] is/VBZ ./.,(S (NP-SBJ (PRP it)) (VP (VBZ is) (PP-PRD (-NONE- *?*))) (. .) (-DFL- E_S)),165,213.22,213.34
sw05utt/sw_0559_3365.utt,3/sw3365,3365,113,%,A,64,2,"It's, -/","[ It/PRP ] 's/BES ,/,","(S (NP-SBJ (PRP It)) (VP-UNF (BES 's)) (, ,) (-DFL- N_S))",166,213.34,213.44
sw05utt/sw_0559_3365.utt,3/sw3365,3365,114,sd,B,65,1,"{C And } I'm [ fr-, + originally from  ] Long Island. /","And/CC  [ I/PRP ] 'm/VBP fr-/IN ,/, originally/RB from/IN  [ Long/NNP Island/NNP ] ./.","(S (CC And) (NP-SBJ (PRP I)) (VP (VBP 'm) (EDITED (RM (-DFL- \[)) (PP-PRD-UNF (IN fr-)) (, ,) (IP (-DFL- \+))) (ADVP (RB originally)) (PP-PRD (IN from) (RS (-DFL- \])) (NP (NNP Long) (NNP Island)))) (. .) (-DFL- E_S))",168,213.44,215.4
sw05utt/sw_0559_3365.utt,3/sw3365,3365,115,qy,A,66,1,"{F Oh, } no kidding? /","Oh/UH ,/,  [ no/DT kidding/NN ] ?/.","(FRAG (INTJ (UH Oh)) (, ,) (NP (DT no) (NN kidding)) (. ?) (-DFL- E_S))",170,215.52,216.24
sw05utt/sw_0559_3365.utt,3/sw3365,3365,116,ny,B,67,1,"Yes,  /","Yes/UH ,/,","(INTJ (UH Yes) (, ,) (-DFL- E_S))",172,216.36,216.72000000000003
sw05utt/sw_0559_3365.utt,3/sw3365,3365,117,qw,B,67,2,{C and } {D now } where are you in New York? /,and/CC now/RB where/WRB  [ are/VBP you/PRP ] in/IN  [ New/NNP York/NNP ] ?/.,(SBARQ (CC and) (ADVP-TMP (RB now)) (WHADVP-1 (WRB where)) (SQ (VBP are) (NP-SBJ (PRP you)) (ADVP-LOC (-NONE- *T*-1)) (PP-LOC (IN in) (NP (NNP New) (NNP York)))) (. ?) (-DFL- E_S)),173,216.72,217.82
sw05utt/sw_0559_3365.utt,3/sw3365,3365,118,sd,A,68,1,Upstate. /,Upstate/RB ./.,(ADJP (RB Upstate) (. .) (-DFL- E_S)),175,217.98,218.5
sw05utt/sw_0559_3365.utt,3/sw3365,3365,119,b^m,B,69,1,"{F Oh, } upstate. /","Oh/UH ,/, upstate/RB ./.","(FRAG (INTJ (UH Oh)) (, ,) (ADJP (RB upstate)) (. .) (-DFL- E_S))",177,218.86,219.22
sw05utt/sw_0559_3365.utt,3/sw3365,3365,120,sd,A,70,1,Rome.  /,[ Rome/NNP ] ./.,(NP (NNP Rome) (. .) (-DFL- E_S)),179,219.22,219.54
sw05utt/sw_0559_3365.utt,3/sw3365,3365,121,sd,A,70,2,"In, {F uh, }","[ In/IN ] ,/,  [ uh/UH ] ,/,","(PP-LOC (IN In) (, ,) (INTJ (UH uh)) (, ,) (NP (NNP Griffins) (NNP Air) (NNP Force) (NNP Base)) (. .) (-DFL- E_S))",180,219.74,220.16
sw05utt/sw_0559_3365.utt,3/sw3365,3365,122,bk,B,71,1,"{F Oh, } okay. /","Oh/UH ,/, okay/UH ./.","(INTJ (INTJ (UH Oh)) (, ,) (INTJ (UH okay)) (. .) (-DFL- E_S))",182,220.16,220.35999999999999
sw05utt/sw_0559_3365.utt,3/sw3365,3365,123,+,A,72,1,(( Griffins ))  Air Force Base. /,[ Griffins/NNP Air/NNP Force/NNP Base/NNP ] ./.,"(PP-LOC (IN In) (, ,) (INTJ (UH uh)) (, ,) (NP (NNP Griffins) (NNP Air) (NNP Force) (NNP Base)) (. .) (-DFL- E_S))",180,220.36,221.54
sw05utt/sw_0559_3365.utt,3/sw3365,3365,124,bk,B,73,1,"{F Oh, } okay.  /","Oh/UH ,/, okay/UH ./.","(INTJ (INTJ (UH Oh)) (, ,) (INTJ (UH okay)) (. .) (-DFL- E_S))",182,221.54,221.95999999999998
sw05utt/sw_0559_3365.utt,3/sw3365,3365,125,qy,B,73,2,"Is that where [ you, + you ] are originally from around there? /","Is/VBZ that/DT where/WRB  [ you/PRP ] ,/,  [ you/PRP ] are/VBP originally/RB from/IN around/IN there/RB ?/.","(SQ (VBZ Is) (NP-SBJ (DT that)) (SBAR-LOC-PRD (WHADVP-1 (WRB where)) (S (EDITED (RM (-DFL- \[)) (NP-SBJ (PRP you)) (, ,) (IP (-DFL- \+))) (NP-SBJ (PRP you)) (RS (-DFL- \])) (VP (VBP are) (ADVP (RB originally)) (PP-PRD (IN from) (ADVP (-NONE- *T*-1))) (PP-LOC (IN around) (ADVP (RB there)))))) (. ?) (-DFL- E_S))",186,221.96,224.24
sw05utt/sw_0559_3365.utt,3/sw3365,3365,126,no@,A,74,1,"{D Well, } I was born in Buffalo, /  *[[slash error with a.76; one utt]]","Well/UH ,/,  [ I/PRP ] was/VBD born/VBN in/IN  [ Buffalo/NNP ] ,/,","(S (INTJ (UH Well)) (, ,) (NP-SBJ-1 (PRP I)) (VP (VBD was) (VP (VBN born) (NP (-NONE- *-1)) (PP-LOC (IN in) (NP (NNP Buffalo))))) (, ,) (-DFL- E_S))",188,224.24,225.58
sw05utt/sw_0559_3365.utt,3/sw3365,3365,127,bk,B,75,1,"{F Oh, } okay. /","Oh/UH ,/, okay/UH ./.","(INTJ (INTJ (UH Oh)) (, ,) (INTJ (UH okay)) (. .) (-DFL- E_S))",182,225.74,226.18
sw05utt/sw_0559_3365.utt,3/sw3365,3365,128,sd,A,76,1,"{C and, } {F uh, } been all over the place. /","and/CC ,/,  [ uh/UH ] ,/, been/VBN  [ all/DT ] over/IN  [ the/DT place/NN ] ./.","(FRAG (CC and) (, ,) (INTJ (UH uh)) (, ,) (VP (VBN been) (PP-LOC-PRD (DT all) (IN over) (NP (DT the) (NN place)))) (. .) (-DFL- E_S))",192,226.18,228.06
sw05utt/sw_0559_3365.utt,3/sw3365,3365,129,ba,B,77,1,"{F Oh, } wow.  /","Oh/UH ,/, wow/UH ./.","(INTJ (INTJ (UH Oh)) (, ,) (INTJ (UH wow)) (. .) (-DFL- E_S))",194,228.68,229.06
sw05utt/sw_0559_3365.utt,3/sw3365,3365,130,ba,B,77,2,That's interesting.  /,[ That/DT ] 's/BES interesting/JJ ./.,(S (NP-SBJ (DT That)) (VP (BES 's) (ADJP-PRD (JJ interesting))) (. .) (-DFL- E_S)),195,229.06,229.82000000000002
sw05utt/sw_0559_3365.utt,3/sw3365,3365,131,^h,B,77,3,"Okay,  /","Okay/UH ,/,","(INTJ (UH Okay) (, ,) (-DFL- E_S))",196,230.2,230.51999999999998
sw05utt/sw_0559_3365.utt,3/sw3365,3365,132,^h,B,77,4,let's see.  /,let/VB  [ 's/PRP ] see/VB ./.,(S-IMP (NP-SBJ (-NONE- *)) (VP (VB let) (S (NP-SBJ (PRP 's)) (VP (VB see)))) (. .) (-DFL- E_S)),197,230.8,231.24
sw05utt/sw_0559_3365.utt,3/sw3365,3365,133,sd,B,77,5,"{F Um, } {D well, } [ I like to have, +  {F um, } sometimes when I have a dinner party I'll have, ]   {F um, } everybody bring something, /","Um/UH ,/, well/UH ,/,  [ I/PRP ] like/VBP to/TO have/VB ,/, um/UH ,/, sometimes/RB when/WRB  [ I/PRP ] have/VBP  [ a/DT dinner/NN party/NN ] [ I/PRP ] 'll/MD have/VBP ,/, um/UH ,/,  [ everybody/NN ] bring/VB  [ something/NN ] ,/,","(S (INTJ (UH Um)) (, ,) (INTJ (UH well)) (, ,) (EDITED (RM (-DFL- \[)) (S (NP-SBJ-2 (PRP I)) (VP (VBP like) (S (NP-SBJ (-NONE- *-2)) (VP (TO to) (VP-UNF (VB have)))))) (, ,) (IP (-DFL- \+))) (INTJ (UH um)) (, ,) (ADVP-TMP (RB sometimes)) (SBAR-TMP (WHADVP-1 (WRB when)) (S (NP-SBJ (PRP I)) (VP (VBP have) (NP (DT a) (NN dinner) (NN party)) (ADVP-TMP (-NONE- *T*-1))))) (NP-SBJ (PRP I)) (VP (MD 'll) (VP (VBP have) (, ,) (RS (-DFL- \])) (INTJ (UH um)) (, ,) (S (NP-SBJ (NN everybody)) (VP (VB bring) (NP (NN something)))))) (, ,) (-DFL- E_S))",198,231.32,236.82
sw05utt/sw_0559_3365.utt,3/sw3365,3365,134,b,A,78,1,Yeah. /,Yeah/UH ./.,(INTJ (UH Yeah) (. .) (-DFL- E_S)),200,237.0,237.3
sw05utt/sw_0559_3365.utt,3/sw3365,3365,135,sd,B,79,1,"{C and } that's real interesting because then you get  [ different, + {F um, } different  ] kinds of foods and new recipes  /","and/CC  [ that/DT ] 's/BES real/RB interesting/JJ because/IN then/RB  [ you/PRP ] get/VBP  [ different/JJ ] ,/, um/UH ,/,  [ different/JJ kinds/NNS ] of/IN  [ foods/NNS ] and/CC  [ new/JJ recipes/NNS ]","(S (CC and) (NP-SBJ (DT that)) (VP (BES 's) (ADJP-PRD (RB real) (JJ interesting)) (SBAR-PRP (IN because) (S (ADVP-TMP (RB then)) (NP-SBJ (PRP you)) (VP (VBP get) (EDITED (RM (-DFL- \[)) (NP-UNF (JJ different)) (, ,) (IP (-DFL- \+))) (INTJ (UH um)) (, ,) (NP (NP (NP (JJ different) (RS (-DFL- \])) (NNS kinds)) (PP (IN of) (NP (NNS foods)))) (CC and) (NP (JJ new) (NNS recipes))))))) (-DFL- E_S))",202,237.3,243.78
sw05utt/sw_0559_3365.utt,3/sw3365,3365,136,sd,B,79,2,"{C and, } {F um, } {F uh, } sometimes somebody will be bring something that you really like, /","and/CC ,/, um/UH ,/,  [ uh/UH ] ,/, sometimes/RB  [ somebody/NN ] will/MD be/VB bring/VB  [ something/NN ] that/IN  [ you/PRP ] really/RB like/VBP ,/,","(S (CC and) (, ,) (INTJ (UH um)) (, ,) (INTJ (UH uh)) (, ,) (ADVP-TMP (RB sometimes)) (NP-SBJ (NN somebody)) (VP (MD will) (EDITED (VP-UNF (VB be))) (VP (VB bring) (NP (NP (NN something)) (SBAR (WHNP-1 (IN that)) (S (NP-SBJ (PRP you)) (ADVP (RB really)) (VP (VBP like) (NP (-NONE- *T*-1)))))))) (, ,) (-DFL- E_S))",203,243.78,247.82
sw05utt/sw_0559_3365.utt,3/sw3365,3365,137,b,A,80,1,Right. /,[ Right/UH ] ./.,(INTJ (UH Right) (. .) (-DFL- E_S)),205,248.18,248.44
sw05utt/sw_0559_3365.utt,3/sw3365,3365,138,sd,B,81,1,{C and } get the recipe from them or whatever.  /,and/CC get/VB  [ the/DT recipe/NN ] from/IN  [ them/PRP ] or/CC  [ whatever/WDT ] ./.,(FRAG (CC and) (VP (VP (VB get) (NP (DT the) (NN recipe)) (PP (IN from) (NP (PRP them)))) (CC or) (NP-ETC (WDT whatever))) (. .) (-DFL- E_S)),207,248.44,250.24
sw05utt/sw_0559_3365.utt,3/sw3365,3365,139,sd,B,81,2,"{C And } we are just getting interested [ in, + in  ] Mexican food  /","And/CC  [ we/PRP ] are/VBP just/RB getting/VBG interested/JJ in/IN ,/, in/IN  [ Mexican/JJ food/NN ]","(S (CC And) (NP-SBJ (PRP we)) (VP (VBP are) (ADVP (RB just)) (VP (VBG getting) (ADJP-PRD (JJ interested) (EDITED (RM (-DFL- \[)) (PP-UNF (IN in)) (, ,) (IP (-DFL- \+))) (PP (IN in) (RS (-DFL- \])) (NP (JJ Mexican) (NN food)))))) (-DFL- E_S))",208,250.7,253.44
sw05utt/sw_0559_3365.utt,3/sw3365,3365,140,sd,B,81,3,"{C because } here in Texas they have lots of,","because/IN here/RB in/IN  [ Texas/NNP they/PRP ] have/VBP  [ lots/NNS ] of/IN ,/,","(SBAR-PRP (IN because) (S (ADVP-LOC (RB here) (PP (IN in) (NP (NNP Texas)))) (NP-SBJ (PRP they)) (VP (VBP have) (NP (NP (NNS lots)) (PP (IN of) (, ,) (NP (ADJP (RB really) (JJ good)) (JJ Mexican) (NNS restaurants)))))) (-DFL- E_S))",209,253.44,255.29999999999998
sw05utt/sw_0559_3365.utt,3/sw3365,3365,141,b,A,82,1,Uh-huh. /,[ Uh-huh/UH ] ./.,(INTJ (UH Uh-huh) (. .) (-DFL- E_S)),211,255.74,256.04
sw05utt/sw_0559_3365.utt,3/sw3365,3365,142,+,B,83,1,really good Mexican restaurants  /,really/RB  [ good/JJ Mexican/JJ restaurants/NNS ],"(SBAR-PRP (IN because) (S (ADVP-LOC (RB here) (PP (IN in) (NP (NNP Texas)))) (NP-SBJ (PRP they)) (VP (VBP have) (NP (NP (NNS lots)) (PP (IN of) (, ,) (NP (ADJP (RB really) (JJ good)) (JJ Mexican) (NNS restaurants)))))) (-DFL- E_S))",209,256.04,257.56
sw05utt/sw_0559_3365.utt,3/sw3365,3365,143,sd,B,83,2,"{C and, }","and/CC ,/,","(FRAG (CC and) (, ,) (INTJ (UH uh)) (, ,) (VP (VBN been) (PP-LOC-PRD (DT all) (IN over) (NP (DT the) (NN place)))) (. .) (-DFL- E_S))",192,257.6,257.70000000000005
sw05utt/sw_0559_3365.utt,3/sw3365,3365,144,ba,A,84,1,Sure. /,[ Sure/UH ] ./.,(INTJ (UH Sure) (. .) (-DFL- E_S)),215,257.7,258.09999999999997
sw05utt/sw_0559_3365.utt,3/sw3365,3365,145,+,B,85,1,"{F um, } [ we're, + we're  ] just getting into the fajitas and all that stuff that you could, - /","um/UH ,/,  [ we/PRP ] 're/VBP ,/,  [ we/PRP ] 're/VBP just/RB getting/VBG into/IN  [ the/DT fajitas/NNS ] and/CC  [ all/PDT that/DT stuff/NN ] that/WDT  [ you/PRP ] could/MD ,/,","(S (CC and) (, ,) (INTJ (UH um)) (, ,) (EDITED (RM (-DFL- \[)) (S (NP-SBJ (PRP we)) (VP-UNF (VBP 're))) (, ,) (IP (-DFL- \+))) (NP-SBJ (PRP we)) (VP (VBP 're) (RS (-DFL- \])) (ADVP (RB just)) (VP (VBG getting) (PP (IN into) (NP (NP (DT the) (NNS fajitas)) (CC and) (NP (NP (PDT all) (DT that) (NN stuff)) (SBAR (WHNP (WDT that)) (S (NP-SBJ (PRP you)) (VP-UNF (MD could))))))))) (, ,) (-DFL- N_S))",213,258.6,263.40000000000003
sw05utt/sw_0559_3365.utt,3/sw3365,3365,146,qy,B,85,2,do you know what a fajita is? /,do/VB  [ you/PRP ] know/VBP  [ what/WP ] [ a/DT fajita/NN ] is/VBZ ?/.,(SQ (VB do) (NP-SBJ (PRP you)) (VP (VBP know) (SBAR (WHNP-1 (WP what)) (S (NP-SBJ (DT a) (NN fajita)) (VP (VBZ is) (NP-PRD (-NONE- *T*-1)))))) (. ?) (-DFL- E_S)),217,263.96,264.74
sw05utt/sw_0559_3365.utt,3/sw3365,3365,147,ny,A,86,1,Yeah.  /,[ Yeah/UH ] ./.,(INTJ (UH Yeah) (. .) (-DFL- E_S)),200,264.74,264.82
sw05utt/sw_0559_3365.utt,3/sw3365,3365,148,ny^r,A,86,2,"Yeah, /","[ Yeah/UH ] ,/,","(INTJ (UH Yeah) (, ,) (-DFL- E_S))",220,264.82,265.09999999999997
sw05utt/sw_0559_3365.utt,3/sw3365,3365,149,b,B,87,1,Yeah. /,Yeah/UH ./.,(INTJ (UH Yeah) (. .) (-DFL- E_S)),200,265.22,265.36
sw05utt/sw_0559_3365.utt,3/sw3365,3365,150,sd,A,88,1,"I've been down to Texas a few times,","[ I/PRP ] 've/VBP been/VBN down/RB to/IN  [ Texas/NNP ] [ a/DT few/JJ times/NNS ] ,/,","(S (NP-SBJ (PRP I)) (VP (VBP 've) (VP (VP (VBN been) (PP-DIR-PRD (RB down) (PP (IN to) (NP (NNP Texas)))) (NP-TMP (DT a) (JJ few) (NNS times))) (, ,) (CC and) (, ,) (INTJ (UH uh)) (, ,) (VP (VBD had) (, ,) (INTJ (UH uh)) (, ,) (NP (NP (DT the) (NN pleasure)) (PP (IN of) (NP (PRP$ their) (JJ good) (JJ Mexican) (, ,) (NN cuisine)))) (PP-LOC (IN down) (ADVP (RB there)))))) (. .) (-DFL- E_S))",224,265.36,266.65999999999997
sw05utt/sw_0559_3365.utt,3/sw3365,3365,151,bk,B,89,1,Okay. /,Okay/UH ./.,(INTJ (UH Okay) (. .) (-DFL- E_S)),226,266.66,267.0
sw05utt/sw_0559_3365.utt,3/sw3365,3365,152,+,A,90,1,"and, {F uh, } had, {F uh, } the pleasure of their good Mexican,","and/CC ,/,  [ uh/UH ] ,/, had/VBD ,/,  [ uh/UH ] ,/,  [ the/DT pleasure/NN ] of/IN  [ their/PRP$ good/JJ Mexican/JJ ] ,/,","(S (NP-SBJ (PRP I)) (VP (VBP 've) (VP (VP (VBN been) (PP-DIR-PRD (RB down) (PP (IN to) (NP (NNP Texas)))) (NP-TMP (DT a) (JJ few) (NNS times))) (, ,) (CC and) (, ,) (INTJ (UH uh)) (, ,) (VP (VBD had) (, ,) (INTJ (UH uh)) (, ,) (NP (NP (DT the) (NN pleasure)) (PP (IN of) (NP (PRP$ their) (JJ good) (JJ Mexican) (, ,) (NN cuisine)))) (PP-LOC (IN down) (ADVP (RB there)))))) (. .) (-DFL- E_S))",224,267.0,270.52
sw05utt/sw_0559_3365.utt,3/sw3365,3365,153,b,B,91,1,Yes. /,Yes/UH ./.,(INTJ (UH Yes) (. .) (-DFL- E_S)),229,270.6,270.86
sw05utt/sw_0559_3365.utt,3/sw3365,3365,154,+,A,92,1,cuisine down there. /,[ cuisine/NN ] down/IN there/RB ./.,"(S (NP-SBJ (PRP I)) (VP (VBP 've) (VP (VP (VBN been) (PP-DIR-PRD (RB down) (PP (IN to) (NP (NNP Texas)))) (NP-TMP (DT a) (JJ few) (NNS times))) (, ,) (CC and) (, ,) (INTJ (UH uh)) (, ,) (VP (VBD had) (, ,) (INTJ (UH uh)) (, ,) (NP (NP (DT the) (NN pleasure)) (PP (IN of) (NP (PRP$ their) (JJ good) (JJ Mexican) (, ,) (NN cuisine)))) (PP-LOC (IN down) (ADVP (RB there)))))) (. .) (-DFL- E_S))",224,270.86,271.4
sw05utt/sw_0559_3365.utt,3/sw3365,3365,155,sv,B,93,1,"They have some delicious, delicious things,  /","[ They/PRP ] have/VBP  [ some/DT delicious/JJ ] ,/,  [ delicious/JJ things/NNS ] ,/,","(S (NP-SBJ (PRP They)) (VP (VBP have) (NP (DT some) (JJ delicious) (, ,) (JJ delicious) (NNS things))) (, ,) (-DFL- E_S))",232,271.4,273.35999999999996
sw05utt/sw_0559_3365.utt,3/sw3365,3365,156,%,B,93,2,"{C and } I, {F um, } - /","and/CC  [ I/PRP ] ,/, um/UH ,/,","(S-UNF (CC and) (NP-SBJ (PRP I)) (, ,) (INTJ (UH um)) (, ,) (-DFL- N_S))",233,273.36,274.46000000000004
sw05utt/sw_0559_3365.utt,3/sw3365,3365,157,sd,B,93,3,since I always make chicken burritos and just --,since/IN  [ I/PRP ] always/RB make/VB  [ chicken/NN burritos/NNS ] and/CC just/RB --/:,(SBAR-PRP (IN since) (S (NP-SBJ (PRP I)) (ADVP-TMP (RB always)) (VP (VP (VB make) (NP (NN chicken) (NNS burritos))) (CC and) (VP (ADVP (RB just)) (VB take) (NP (NN chicken) (NNS breasts))))) (-DFL- E_S)),234,274.46,276.54
sw05utt/sw_0559_3365.utt,3/sw3365,3365,158,b,A,94,1,Uh-huh. /,[ Uh-huh/UH ] ./.,(INTJ (UH Uh-huh) (. .) (-DFL- E_S)),211,276.54,276.8
sw05utt/sw_0559_3365.utt,3/sw3365,3365,159,+,B,95,1,-- take chicken breasts  /,--/: take/VB  [ chicken/NN breasts/NNS ],(SBAR-PRP (IN since) (S (NP-SBJ (PRP I)) (ADVP-TMP (RB always)) (VP (VP (VB make) (NP (NN chicken) (NNS burritos))) (CC and) (VP (ADVP (RB just)) (VB take) (NP (NN chicken) (NNS breasts))))) (-DFL- E_S)),234,277.22,278.48
sw05utt/sw_0559_3365.utt,3/sw3365,3365,160,sd,B,95,2,"{C and } you boil them, maybe like four chicken breasts,  /","and/CC  [ you/PRP ] boil/VBP  [ them/PRP ] ,/, maybe/RB like/IN  [ four/CD chicken/NN breasts/NNS ] ,/,","(S (CC and) (NP-SBJ (PRP you)) (VP (VBP boil) (NP (PRP them))) (, ,))|||(NP (QP (RB maybe) (INTJ (IN like)) (CD four)) (NN chicken) (NNS breasts) (, ,) (-DFL- E_S))",238|||239,278.48,280.86
sw05utt/sw_0559_3365.utt,3/sw3365,3365,161,sd,B,95,3,{C and } you boil them until they are cooked.,and/CC  [ you/PRP ] boil/VBP  [ them/PRP ] until/IN  [ they/PRP ] are/VBP cooked/VBN ./.,(S (CC and) (NP-SBJ (PRP you)) (VP (VBP boil) (NP (PRP them)) (SBAR-TMP (IN until) (S (NP-SBJ-1 (PRP they)) (VP (VBP are) (VP (VBN cooked) (NP (-NONE- *-1))))))) (. .)),240,280.86,282.28
sw05utt/sw_0559_3365.utt,3/sw3365,3365,162,b,A,96,1,Uh-huh. /,[ Uh-huh/UH ] ./.,(INTJ (UH Uh-huh) (. .) (-DFL- E_S)),236,282.5,282.66
sw05utt/sw_0559_3365.utt,3/sw3365,3365,163,+,B,97,1,Maybe like thirty minutes  /,Maybe/RB like/IN  [ thirty/CD minutes/NNS ],(NP (QP (RB Maybe) (INTJ (IN like)) (CD thirty)) (NNS minutes) (-DFL- E_S)),241,282.66,284.0
sw05utt/sw_0559_3365.utt,3/sw3365,3365,164,sd,B,97,2,"{C and } then you debone them [ and, + and  ]  kind of shred them up into the meat  (( that has gotten ))  cooled  /","and/CC then/RB  [ you/PRP ] [ debone/NN ] [ them/PRP ] and/CC ,/, and/CC  [ kind/RB ] of/RB shred/VB  [ them/PRP ] up/RP into/IN  [ the/DT meat/NN ] [ that/WDT ] has/VBZ gotten/VBN cooled/VBN","(S (CONJP (CC and) (RB then)) (NP-SBJ (PRP you)) (VP (VP (NN debone) (NP (PRP them))) (EDITED (RM (-DFL- \[)) (CC and) (, ,) (IP (-DFL- \+))) (CC and) (RS (-DFL- \])) (VP (ADVP (RB kind) (RB of)) (VB shred) (NP (PRP them)) (PRT (RP up)) (PP (IN into) (NP (NP (DT the) (NN meat)) (SBAR (WHNP-1 (WDT that)) (S (NP-SBJ-2 (-NONE- *T*-1)) (VP (VBZ has) (VP (VBN gotten) (VP (VBN cooled) (NP (-NONE- *-2))))))))))) (-DFL- E_S))",245,284.14,288.42
sw05utt/sw_0559_3365.utt,3/sw3365,3365,165,sd,B,97,3,"{C and } you take, {F um, } [ s-, + ] little bit, maybe two tablespoons of butter  [ and  a fr-, + ] in a big frying pan.  And chop up some onion and put in oregano and salt, /","and/CC  [ you/PRP ] take/VBP ,/, um/UH ,/,  [ s-/XX ] ,/,  [ little/JJ bit/NN ] ,/, maybe/RB  [ two/CD tablespoons/NNS ] of/IN  [ butter/NN ] and/CC  [ a/DT fr/JJ ] ,/, in/IN  [ a/DT big/JJ frying/JJ pan/NN ] ./.  And/CC chop/VB up/RP  [ some/DT onion/NN ] and/CC put/VBD in/IN  [ oregano/NN ] and/CC  [ salt/NN ] ,/,","(S (CC and) (NP-SBJ (PRP you)) (VP (VP (VBP take) (, ,) (INTJ (UH um)) (, ,) (EDITED (RM (-DFL- \[)) (NP-UNF (XX s-)) (, ,) (IP (-DFL- \+)) (RS (-DFL- \]))) (NP (NP (JJ little) (NN bit)) (, ,) (NP (NP (QP (RB maybe) (CD two)) (NNS tablespoons)) (PP (IN of) (NP (NN butter))))) (EDITED (RM (-DFL- \[)) (CC and) (NP-UNF (DT a) (JJ fr-)) (, ,) (IP (-DFL- \+)) (RS (-DFL- \]))) (PP-LOC (IN in) (NP (DT a) (JJ big) (JJ frying) (NN pan)))) (. .) (CC And) (VP (VB chop) (PRT (RP up)) (NP (DT some) (NN onion))) (CC and) (VP (VBD put) (PRT (IN in)) (NP (NN oregano) (CC and) (NN salt)))) (, ,) (-DFL- E_S))",246,288.8,298.46
