swda_filename,ptb_basename,conversation_no,transcript_index,act_tag,caller,utterance_index,subutterance_index,text,pos,trees,ptb_treenumbers,start_ts,end_ts
sw13utt/sw_1312_3469.utt,,3469,0,o,A,1,1,Okay.  /,,,,0.38,0.8
sw13utt/sw_1312_3469.utt,,3469,1,qo,A,1,2,What do you think about it?   /,,,,0.98,2.14
sw13utt/sw_1312_3469.utt,,3469,2,sd,B,2,1,"Uh, well, immigration,  /",,,,2.8,5.7
sw13utt/sw_1312_3469.utt,,3469,3,sd,B,2,2,"I know they're really strict right now because my hundr-, husband is from out of the country  /",,,,5.7,10.48
sw13utt/sw_1312_3469.utt,,3469,4,sd,B,2,3,"and, uh, we had to go through a whole, very long process to, uh, to, assure the government that he was, uh, marrying me --",,,,10.48,19.240000000000002
sw13utt/sw_1312_3469.utt,,3469,5,b,A,3,1,Uh-huh. /,,,,19.42,19.64
sw13utt/sw_1312_3469.utt,,3469,6,+,B,4,1,-- and not to be a resident here. /,,,,19.66,21.64
sw13utt/sw_1312_3469.utt,,3469,7,sv,A,5,1,"That's interest-, - /",,,,0.0,0.0
sw13utt/sw_1312_3469.utt,,3469,8,b,A,5,2,"yeah,  /",,,,22.92,23.220000000000002
sw13utt/sw_1312_3469.utt,,3469,9,sv,A,5,3,"I think that's, uh, I think it's a little crazy.  /",,,,23.22,25.32
sw13utt/sw_1312_3469.utt,,3469,10,sd,A,5,4,I worked with Spanish people --,,,,25.32,26.64
sw13utt/sw_1312_3469.utt,,3469,11,b,B,6,1,Uh-huh. /,,,,26.92,27.220000000000002
sw13utt/sw_1312_3469.utt,,3469,12,+,A,7,1,-- for about two years  /,,,,27.42,28.560000000000002
sw13utt/sw_1312_3469.utt,,3469,13,sv,A,7,2,"and just, it was incredible to me to see the things that they had to go through when they were really some of the best workers. /",,,,28.6,33.24
sw13utt/sw_1312_3469.utt,,3469,14,aa,B,8,1,"Yeah,  /",,,,33.72,34.14
sw13utt/sw_1312_3469.utt,,3469,15,aa,B,8,2,that's true.  /,,,,34.3,34.88
sw13utt/sw_1312_3469.utt,,3469,16,sv,B,8,3,"I mean, you can't just come over to the country because, uh, you want to. /",,,,34.88,37.72
sw13utt/sw_1312_3469.utt,,3469,17,b,A,9,1,Right. /,,,,38.02,38.2
sw13utt/sw_1312_3469.utt,,3469,18,sv,B,10,1,"You know, that's not good enough.  /",,,,38.2,39.199999999999996
sw13utt/sw_1312_3469.utt,,3469,19,sv,B,10,2,"You have to have a, have to have a darn good reason of, political or whatever. /",,,,39.2,42.5
sw13utt/sw_1312_3469.utt,,3469,20,aa,A,11,1,"Right,  /",,,,42.88,43.06
sw13utt/sw_1312_3469.utt,,3469,21,aa,A,11,2,exactly. /,,,,43.06,43.6
sw13utt/sw_1312_3469.utt,,3469,22,sv,B,12,1,"Not a good, not a good easy way to get in. /",,,,43.9,45.9
sw13utt/sw_1312_3469.utt,,3469,23,b,A,13,1,"Yeah,  /",,,,46.32,46.6
sw13utt/sw_1312_3469.utt,,3469,24,sv,A,13,2,"I think, you know, I think in a lot of ways the law is good because it tries to, to protect, you know, the people who are in the states. /",,,,46.64,51.9
sw13utt/sw_1312_3469.utt,,3469,25,aa,B,14,1,Exactly.  /,,,,52.4,52.8
sw13utt/sw_1312_3469.utt,,3469,26,sd,B,14,2,"My mother, uh, actually knew a woman <breathing> in another state that used to marry men --",,,,52.8,58.38
sw13utt/sw_1312_3469.utt,,3469,27,b,A,15,1,Uh-huh. /,,,,58.68,58.839999999999996
sw13utt/sw_1312_3469.utt,,3469,28,+,B,16,1,"-- just, - /",,,,59.12,59.239999999999995
sw13utt/sw_1312_3469.utt,,3469,29,sd,B,16,2,"n-, she'd never even meet them  /",,,,59.24,60.14
sw13utt/sw_1312_3469.utt,,3469,30,sd,B,16,3,and she'd just get money for it. /,,,,60.14,61.32
sw13utt/sw_1312_3469.utt,,3469,31,bh,A,17,1,"Oh, you're kidding.   /",,,,61.62,62.28
sw13utt/sw_1312_3469.utt,,3469,32,nn,B,18,1,Huh-uh.  /,,,,62.3,62.8
sw13utt/sw_1312_3469.utt,,3469,33,%,B,18,2,"So, uh,-/",,,,63.34,63.98
sw13utt/sw_1312_3469.utt,,3469,34,x,A,19,1,<Laughter>.,,,,0.0,0.0
sw13utt/sw_1312_3469.utt,,3469,35,x,B,20,1,<Breathing>.,,,,0.0,0.0
sw13utt/sw_1312_3469.utt,,3469,36,sv,A,21,1,Sounds like a lot of fun.  /,,,,64.14,66.24
sw13utt/sw_1312_3469.utt,,3469,37,%,A,21,2,"Yeah,  /",,,,66.24,66.42
sw13utt/sw_1312_3469.utt,,3469,38,sv,A,21,3,"it's amazing to me how, how many things they would allow to occur before, you know, you can come in. /",,,,66.42,71.56
sw13utt/sw_1312_3469.utt,,3469,39,aa,B,22,1,Exactly.  /,,,,71.58,72.0
sw13utt/sw_1312_3469.utt,,3469,40,sv,B,22,2,"But, I mean, with the new laws, it's --",,,,72.0,73.52
sw13utt/sw_1312_3469.utt,,3469,41,b,A,23,1,Right.   /,,,,73.52,73.72
sw13utt/sw_1312_3469.utt,,3469,42,+,B,24,1,-- it's tough now.   /,,,,73.72,74.56
sw13utt/sw_1312_3469.utt,,3469,43,b,A,25,1,"Yeah,  /",,,,75.08,75.26
sw13utt/sw_1312_3469.utt,,3469,44,sv,A,25,2,"it's kind of frustrating, too, for those who are legitimate now. /",,,,75.32,77.67999999999999
sw13utt/sw_1312_3469.utt,,3469,45,aa,B,26,1,Exactly. /,,,,77.88,78.53999999999999
sw13utt/sw_1312_3469.utt,,3469,46,%,A,27,1,"You know, I think,  -/",,,,78.54,79.54
sw13utt/sw_1312_3469.utt,,3469,47,sd,B,28,1,"Well, and, you know, uh, my grandparents came to this country just wanting a better life, you know -- /",,,,79.54,82.94000000000001
sw13utt/sw_1312_3469.utt,,3469,48,b,A,29,1,Uh-huh. /,,,,82.94,83.06
sw13utt/sw_1312_3469.utt,,3469,49,sd,B,30,1,"-- and they got here,  /",,,,83.06,83.68
sw13utt/sw_1312_3469.utt,,3469,50,sv,B,30,2,"but now it's a, you know, it's so strict that you can't just do <door> that. /",,,,83.68,87.06
sw13utt/sw_1312_3469.utt,,3469,51,aa,A,31,1,"Right,  /",,,,87.54,87.86
sw13utt/sw_1312_3469.utt,,3469,52,aa,A,31,2,exactly.  /,,,,87.86,88.34
sw13utt/sw_1312_3469.utt,,3469,53,sv,A,31,3,"And I think it's important that they, you know, they allow a good number of people in every year  /",,,,88.34,91.91999999999999
sw13utt/sw_1312_3469.utt,,3469,54,sv,A,31,4,"because really they're the ones who work the hardest and do the jobs that, that we don't want to do. /",,,,91.92,94.96000000000001
sw13utt/sw_1312_3469.utt,,3469,55,aa,B,32,1,I agree. /,,,,95.32,96.12
sw13utt/sw_1312_3469.utt,,3469,56,%,A,33,1,"And I just, - /",,,,96.28,96.84
sw13utt/sw_1312_3469.utt,,3469,57,h,A,33,2,"I don't know,  /",,,,97.06,97.38000000000001
sw13utt/sw_1312_3469.utt,,3469,58,sd,A,33,3,"I have, personally I have a problem with it,  /",,,,97.38,98.76
sw13utt/sw_1312_3469.utt,,3469,59,sv,A,33,4,"I think, that, you know, if someone wants to come in and they can prove that they're going to work and they're going to be a good citizen that --",,,,98.76,103.94
sw13utt/sw_1312_3469.utt,,3469,60,aa,B,34,1,Exactly. /,,,,104.42,104.9
sw13utt/sw_1312_3469.utt,,3469,61,+,A,35,1,-- we shouldn't close our door. /,,,,104.9,105.86
sw13utt/sw_1312_3469.utt,,3469,62,sv,B,36,1,"If they're not going to be on welfare or, or, or whatever.  /",,,,105.86,107.3
sw13utt/sw_1312_3469.utt,,3469,63,sv,B,36,2,They're going to be a productive citizen Zen. /,,,,107.3,108.86
sw13utt/sw_1312_3469.utt,,3469,64,sv,A,37,1,"And, you know, I, I believe that if someone goes on welfare that's when, you, you know, send them back to their country. /",,,,109.06,112.75999999999999
sw13utt/sw_1312_3469.utt,,3469,65,b,B,38,1,Yeah. /,,,,113.58,113.92
sw13utt/sw_1312_3469.utt,,3469,66,sv,A,39,1,"And, I think a lot of times we're so busy trying to keep them out that we're spending twice as much money as we would just allowing them in  /",,,,114.14,119.6
sw13utt/sw_1312_3469.utt,,3469,67,%,A,39,2,"and, -/",,,,119.6,119.75999999999999
sw13utt/sw_1312_3469.utt,,3469,68,sv,B,40,1,"Well, think of how many illegal aliens have, have, have been, uh, uh, sent back to Mexico just to find their way back. /",,,,120.14,125.96000000000001
sw13utt/sw_1312_3469.utt,,3469,69,b,A,41,1,"Yeah,  /",,,,126.3,126.52
sw13utt/sw_1312_3469.utt,,3469,70,sv,A,41,2,"and that's, that's what I think.  /",,,,126.52,127.6
sw13utt/sw_1312_3469.utt,,3469,71,sd,A,41,3,"You know, I, I have to laugh  /",,,,127.6,128.57999999999998
sw13utt/sw_1312_3469.utt,,3469,72,sd,A,41,4,"because, like I said, I worked with a lot of those  /",,,,128.58,130.18
sw13utt/sw_1312_3469.utt,,3469,73,sd,A,41,5,and they'd been deported two or three times  /,,,,130.2,132.16
sw13utt/sw_1312_3469.utt,,3469,74,sd,A,41,6,and just basically what they do is they get caught when they wanted to go home for Christmas.,,,,132.18,134.92000000000002
sw13utt/sw_1312_3469.utt,,3469,75,sv,B,42,1,"That's right,  /",,,,134.92,135.32
sw13utt/sw_1312_3469.utt,,3469,76,sv,B,42,2,that's our money. /,,,,135.6,136.16
sw13utt/sw_1312_3469.utt,,3469,77,+,A,43,1,Or for any other time.  /,,,,136.16,138.18
sw13utt/sw_1312_3469.utt,,3469,78,aa,B,44,1,"Yes, <breathing>  /",,,,138.26,138.39999999999998
sw13utt/sw_1312_3469.utt,,3469,79,sv,B,44,2,that's true. /,,,,138.4,138.72
sw13utt/sw_1312_3469.utt,,3469,80,sv,A,45,1,"But, I think, you know, I think all in all there's a lot of improvements.  /",,,,138.72,141.60000000000002
sw13utt/sw_1312_3469.utt,,3469,81,sv,A,45,2,I think the general idea is good  /,,,,141.6,142.98
sw13utt/sw_1312_3469.utt,,3469,82,sv,A,45,3,"but, but there could be some work done in the area. /",,,,142.98,145.82000000000002
sw13utt/sw_1312_3469.utt,,3469,83,%,B,46,1,"I, I think - /",,,,146.62,148.18
sw13utt/sw_1312_3469.utt,,3469,84,aa,B,46,2,"I, I agree. /",,,,148.18,149.28
sw13utt/sw_1312_3469.utt,,3469,85,ba,A,47,1,Well good <laughter>.   /,,,,149.28,149.76000000000002
sw13utt/sw_1312_3469.utt,,3469,86,x,B,48,1,<Laughter>.,,,,0.0,0.0
sw13utt/sw_1312_3469.utt,,3469,87,qy,A,49,1,"Anyway, do you have anything else in the, the subject, uh --",,,,149.76,153.56
sw13utt/sw_1312_3469.utt,,3469,88,%,B,50,1,"Uh, I, uh, - /",,,,153.58,154.08
sw13utt/sw_1312_3469.utt,,3469,89,fe,B,50,2,boy --  /,,,,154.08,154.24
sw13utt/sw_1312_3469.utt,,3469,90,+,A,51,1,-- that you might want to talk about?  /,,,,154.24,155.0
sw13utt/sw_1312_3469.utt,,3469,91,h,B,52,1,"-- this is spur of the moment, uh,  /",,,,155.0,156.32000000000002
sw13utt/sw_1312_3469.utt,,3469,92,sv,B,52,2,"but, I, I don't really see any, any changes that I think of really blatant right now  /",,,,156.48,161.66000000000003
sw13utt/sw_1312_3469.utt,,3469,93,sv,B,52,3,"other than I think they ought to take, you know, on a case by case basis and not necessarily make it a, uh, political refugee. /",,,,161.66,168.22
sw13utt/sw_1312_3469.utt,,3469,94,aa,A,53,1,"Yeah,  /",,,,168.5,168.68
sw13utt/sw_1312_3469.utt,,3469,95,aa,A,53,2,absolutely.  /,,,,168.68,169.12
sw13utt/sw_1312_3469.utt,,3469,96,sv,A,53,3,"I think a lot of times we take, you know, basically who we want to  /",,,,169.12,172.6
sw13utt/sw_1312_3469.utt,,3469,97,sv,A,53,4,"because if you, if you have connections, it's a lot easier to get in. /",,,,172.6,174.89999999999998
sw13utt/sw_1312_3469.utt,,3469,98,aa,B,54,1,Exactly.  /,,,,175.1,175.54
sw13utt/sw_1312_3469.utt,,3469,99,^2,B,54,2,Connections and money. /,,,,175.54,176.32
sw13utt/sw_1312_3469.utt,,3469,100,aa,A,55,1,"Yeah,  /",,,,176.46,176.66
sw13utt/sw_1312_3469.utt,,3469,101,sv,A,55,2,"and I think, you know, it should be more of a thing that's based upon someone's intent, you know.",,,,176.66,180.6
sw13utt/sw_1312_3469.utt,,3469,102,b,B,56,1,Yeah. /,,,,180.68,180.9
sw13utt/sw_1312_3469.utt,,3469,103,+,A,57,1,And that it should be equal to all  /,,,,181.42,183.0
sw13utt/sw_1312_3469.utt,,3469,104,sv,A,57,2,"and then not like the United States, - /",,,,183.12,184.38000000000002
sw13utt/sw_1312_3469.utt,,3469,105,sv,A,57,3,"basically, it's not who you know,  /",,,,184.38,185.82
sw13utt/sw_1312_3469.utt,,3469,106,sv,A,57,4,"it d-, it doesn't become a thing of who you know, but, but how the type of person you are. /",,,,185.86,189.57999999999998
sw13utt/sw_1312_3469.utt,,3469,107,aa,B,58,1,I agree. /,,,,189.58,189.76
sw13utt/sw_1312_3469.utt,,3469,108,sv,A,59,1,"And it should be based on those kinds of things so the good people, like probably your husband, can get in <laughter>. /",,,,189.76,194.56
sw13utt/sw_1312_3469.utt,,3469,109,b,B,60,1,Yeah <laughter>.  /,,,,194.68,194.98000000000002
sw13utt/sw_1312_3469.utt,,3469,110,sd,B,60,2,"Well, we got him past that,  /",,,,195.56,196.76
sw13utt/sw_1312_3469.utt,,3469,111,%,B,60,3,"but, uh, <laughter> -- -/",,,,196.76,197.20000000000002
sw13utt/sw_1312_3469.utt,,3469,112,ba,A,61,1,"Well, great. /",,,,197.2,197.42
sw13utt/sw_1312_3469.utt,,3469,113,sv,B,62,1,"-- I know there's a lot of other people out there,",,,,197.42,199.48000000000002
sw13utt/sw_1312_3469.utt,,3469,114,x,A,63,1,<Laughter>. /,,,,0.0,0.0
sw13utt/sw_1312_3469.utt,,3469,115,+,B,64,1,would probably do a good job here. /,,,,199.92,201.33999999999997
sw13utt/sw_1312_3469.utt,,3469,116,b,A,65,1,Yep.  /,,,,202.08,202.26000000000002
sw13utt/sw_1312_3469.utt,,3469,117,^h,A,65,2,"Well, let's see,  /",,,,203.12,205.16
sw13utt/sw_1312_3469.utt,,3469,118,qy,A,65,3,is there anything I believe in <laughter>. /,,,,205.16,206.38
sw13utt/sw_1312_3469.utt,,3469,119,sv,B,66,1,I think that's it.  /,,,,206.6,207.46
sw13utt/sw_1312_3469.utt,,3469,120,qy,B,66,2,Is this like a very short call?  <Laughter>. /,,,,207.46,208.78
sw13utt/sw_1312_3469.utt,,3469,121,nn,A,67,1,"No,  /",,,,208.78,208.94
sw13utt/sw_1312_3469.utt,,3469,122,sd,A,67,2,"I'm not sure how long they're supposed to be,  /",,,,208.94,210.76
sw13utt/sw_1312_3469.utt,,3469,123,sd,A,67,3,"but, I've enjoyed it.  /",,,,210.76,212.22
sw13utt/sw_1312_3469.utt,,3469,124,sd,A,67,4,"It's good hearing your, your point of view  /",,,,212.22,213.7
sw13utt/sw_1312_3469.utt,,3469,125,sv,A,67,5,and I think that's neat.  /,,,,213.7,214.34
sw13utt/sw_1312_3469.utt,,3469,126,sv,A,67,6,I think we agree a lot on that  /,,,,214.34,215.54000000000002
sw13utt/sw_1312_3469.utt,,3469,127,sd,A,67,7,and --,,,,215.54,215.72
sw13utt/sw_1312_3469.utt,,3469,128,aa,B,68,1,"I did, too. /",,,,216.4,217.0
sw13utt/sw_1312_3469.utt,,3469,129,+,A,69,1,-- I've learned something from it.  /,,,,217.08,218.06
sw13utt/sw_1312_3469.utt,,3469,130,fc,B,70,1,"<Laughter> Well, it was nice talking to you. /",,,,218.52,219.82
sw13utt/sw_1312_3469.utt,,3469,131,ft,A,71,1,"Well, thanks,  /",,,,220.08,220.48
sw13utt/sw_1312_3469.utt,,3469,132,fc,A,71,2,I'm glad you're home.  /,,,,220.48,220.98
sw13utt/sw_1312_3469.utt,,3469,133,fc,A,71,3,"You have a good evening, all right? /",,,,220.98,221.85999999999999
sw13utt/sw_1312_3469.utt,,3469,134,fc,B,72,1,"You, too.  /",,,,221.86,222.32000000000002
sw13utt/sw_1312_3469.utt,,3469,135,ft,A,73,1,"Thanks,  /",,,,222.32,222.73999999999998
sw13utt/sw_1312_3469.utt,,3469,136,fc,A,73,2,#bye-bye.#  /,,,,222.74,223.10000000000002
sw13utt/sw_1312_3469.utt,,3469,137,fc,B,74,1,#Bye.# /,,,,0.0,0.0
