swda_filename,ptb_basename,conversation_no,transcript_index,act_tag,caller,utterance_index,subutterance_index,text,pos,trees,ptb_treenumbers,start_ts,end_ts
sw09utt/sw_0952_3454.utt,3/sw3454,3454,0,qo,A,1,1,"{F Uh, } what do you think are the major social changes? /","Uh/UH ,/, what/WP do/VBP you/PRP think/VB are/VBP the/DT major/JJ social/JJ changes/NNS ?/.",,,0.04,4.1
sw09utt/sw_0952_3454.utt,3/sw3454,3454,1,%,B,2,1,"{D Well, } -/","Well/UH ,/,",,,4.64,5.08
sw09utt/sw_0952_3454.utt,3/sw3454,3454,2,qw,A,3,1,"What age, {F uh, } if you don't mind me asking. /","What/WP age/NN ,/, uh/UH ,/, if/IN you/PRP do/VBP n't/RB mind/VB me/PRP asking/VBG ./.",,,5.36,7.2
sw09utt/sw_0952_3454.utt,3/sw3454,3454,3,sd,B,4,1,"{D Well, } [ I'm, + I'm, ] {F uh, } thirty-one. /","Well/UH ,/, I/PRP 'm/VBP ,/, I/PRP 'm/VBP ,/, uh/UH ,/, thirty-one/CD ./.",,,7.2,8.76
sw09utt/sw_0952_3454.utt,3/sw3454,3454,4,sv,A,5,1,"{F Oh, } {D well, } [ you're, + you're ] young.  /","Oh/UH ,/, well/UH ,/, you/PRP 're/VBP ,/, you/PRP 're/VBP young/JJ ./.",,,9.04,10.34
sw09utt/sw_0952_3454.utt,3/sw3454,3454,5,sd,A,5,2,I'm in my --,I/PRP 'm/VBP in/IN my/PRP$ --/:,,,10.34,10.88
sw09utt/sw_0952_3454.utt,3/sw3454,3454,6,b,B,6,1,"Yeah,  /","Yeah/UH ,/,",,,10.88,11.020000000000001
sw09utt/sw_0952_3454.utt,3/sw3454,3454,7,b,B,6,2,right <laughter>. /,right/UH ./.,,,11.02,11.139999999999999
sw09utt/sw_0952_3454.utt,3/sw3454,3454,8,+,A,7,1,"-- early fifties <laughter>,  /","--/: early/JJ fifties/NNS ,/,",,,11.14,11.94
sw09utt/sw_0952_3454.utt,3/sw3454,3454,9,ad,A,7,2,{C so } you should take my word  /,so/RB you/PRP should/MD take/VB my/PRP$ word/NN,,,13.04,14.200000000000001
sw09utt/sw_0952_3454.utt,3/sw3454,3454,10,sv,A,7,3,you're young <laughter>. /,you/PRP 're/VBP young/JJ ./.,,,14.58,14.979999999999999
sw09utt/sw_0952_3454.utt,3/sw3454,3454,11,sd,B,8,1,"{F Oh, } [ I, + {D you know, } I've ] seen a social change,  /","Oh/UH ,/, I/PRP ,/, you/PRP know/VBP ,/, I/PRP 've/VBP seen/VBN a/DT social/JJ change/NN ,/,",,,15.66,18.68
sw09utt/sw_0952_3454.utt,3/sw3454,3454,12,%,B,8,2,yeah. /,yeah/UH ./.,,,18.68,18.84
sw09utt/sw_0952_3454.utt,3/sw3454,3454,13,x,A,9,1,<Laughter>.,,,,0.0,0.0
sw09utt/sw_0952_3454.utt,3/sw3454,3454,14,%,B,10,1,"It's definitely, - /","It/PRP 's/BES definitely/RB ,/,",,,19.64,20.28
sw09utt/sw_0952_3454.utt,3/sw3454,3454,15,%,B,10,2,"for sure,  /","for/IN sure/JJ ,/,",,,20.28,20.860000000000003
sw09utt/sw_0952_3454.utt,3/sw3454,3454,16,sv,B,10,3,"[ {C and } it's, + {F uh, } {F uh, } {C and } besides that, I ] came from California where social change is {D like, } {D you know, } -/","and/CC it/PRP 's/BES ,/, uh/UH ,/, uh/UH ,/, and/CC besides/IN that/DT ,/, I/PRP came/VBD from/IN California/NNP where/WRB social/JJ change/NN is/VBZ like/IN ,/, you/PRP know/VBP ,/,",,,21.3,27.82
sw09utt/sw_0952_3454.utt,3/sw3454,3454,17,qy,A,11,1,Every day? /,Every/DT day/NN ?/.,,,28.48,28.9
sw09utt/sw_0952_3454.utt,3/sw3454,3454,18,ny,B,12,1,Yeah. /,Yeah/UH ./.,,,29.0,29.18
sw09utt/sw_0952_3454.utt,3/sw3454,3454,19,x,A,13,1,<Laughter>.,,,,0.0,0.0
sw09utt/sw_0952_3454.utt,3/sw3454,3454,20,sd,B,14,1,{E I mean } every second. /,I/PRP mean/VBP every/DT second/NN ./.,,,29.54,30.58
sw09utt/sw_0952_3454.utt,3/sw3454,3454,21,x,A,15,1,<Laughter>.,,,,0.0,0.0
sw09utt/sw_0952_3454.utt,3/sw3454,3454,22,sd,B,16,1,"{D You know, } social change in California means it takes another two or three minutes longer to get to work. /","You/PRP know/VBP ,/, social/JJ change/NN in/IN California/NNP means/VBZ it/PRP takes/VBZ another/DT two/CD or/CC three/CD minutes/NNS longer/RB to/TO get/VB to/IN work/NN ./.",,,32.16,39.44
sw09utt/sw_0952_3454.utt,3/sw3454,3454,23,b,A,17,1,"<Laughter> Yeah,  /","Yeah/UH ,/,",,,39.44,39.519999999999996
sw09utt/sw_0952_3454.utt,3/sw3454,3454,24,ba,A,17,2,I can believe that <laughter>. /,I/PRP can/MD believe/VB that/DT ./.,,,39.52,40.46
sw09utt/sw_0952_3454.utt,3/sw3454,3454,25,sd,B,18,1,"{C And, } {F uh, } [ when I started work there in, + it started, {D you know, } actually going to work in ] eighty-two,  /","And/CC ,/, uh/UH ,/, when/WRB I/PRP started/VBD work/NN there/RB in/IN ,/, it/PRP started/VBD ,/, you/PRP know/VBP ,/, actually/RB going/VBG to/IN work/NN in/IN eighty-two/CD ,/,",,,40.78,46.800000000000004
sw09utt/sw_0952_3454.utt,3/sw3454,3454,26,sd,B,18,2,I guess that's when it was.  /,I/PRP guess/VBP that/DT 's/BES when/WRB it/PRP was/VBD ./.,,,47.42,48.44
sw09utt/sw_0952_3454.utt,3/sw3454,3454,27,sd,B,18,3,"Between eighty-two and  eighty-five, {F uh, } it started out taking me an hour and fifteen minutes to get to work,  /","Between/IN eighty-two/CD and/CC eighty-five/CD ,/, uh/UH ,/, it/PRP started/VBD out/RP taking/VBG me/PRP an/DT hour/NN and/CC fifteen/CD minutes/NNS to/TO get/VB to/IN work/NN ,/,",,,49.3,55.080000000000005
sw09utt/sw_0952_3454.utt,3/sw3454,3454,28,sd,B,18,4,"{C and then } it became, {D you know, } an hour and a half, to, {D you know, } some days, two hours to get to work. /","and/CC then/RB it/PRP became/VBD ,/, you/PRP know/VBP ,/, an/DT hour/NN and/CC a/DT half/NN ,/, to/IN ,/, you/PRP know/VBP ,/, some/DT days/NNS ,/, two/CD hours/NNS to/TO get/VB to/IN work/NN ./.",,,55.08,59.78
sw09utt/sw_0952_3454.utt,3/sw3454,3454,29,x,A,19,1,<Laughter>.,,,,0.0,0.0
sw09utt/sw_0952_3454.utt,3/sw3454,3454,30,sv,B,20,1,That's social change. /,That/DT 's/BES social/JJ change/NN ./.,,,60.44,61.5
sw09utt/sw_0952_3454.utt,3/sw3454,3454,31,b^m,A,21,1,"[ That's, + that's ] social change. /","That/DT 's/BES ,/, that/DT 's/BES social/JJ change/NN ./.",,,61.5,62.7
sw09utt/sw_0952_3454.utt,3/sw3454,3454,32,x,B,22,1,<Laughter>.,,,,0.0,0.0
sw09utt/sw_0952_3454.utt,3/sw3454,3454,33,qo,A,23,1,"{D Well, } what do you think [ is, + is ] the major social change? /","Well/UH ,/, what/WP do/VBP you/PRP think/VB is/VBZ ,/, is/VBZ the/DT major/JJ social/JJ change/NN ?/.",,,62.7,65.98
sw09utt/sw_0952_3454.utt,3/sw3454,3454,34,^h,B,24,1,"{F Oh, } /","Oh/UH ,/,",,,67.22,67.53999999999999
sw09utt/sw_0952_3454.utt,3/sw3454,3454,35,sd,A,25,1,Right now. /,Right/RB now/RB ./.,,,67.78,68.32000000000001
sw09utt/sw_0952_3454.utt,3/sw3454,3454,36,^h,B,26,1,"Yeah,  /","Yeah/UH ,/,",,,69.42,69.64
sw09utt/sw_0952_3454.utt,3/sw3454,3454,37,sv,B,26,2,"[ [ that's, + that's a, ] + that's a ] tricky one.  /","that/DT 's/BES ,/, that/DT 's/BES a/DT ,/, that/DT 's/BES a/DT tricky/JJ one/NN ./.",,,69.64,71.72
sw09utt/sw_0952_3454.utt,3/sw3454,3454,38,ad,B,26,3,I'll let you go first. /,I/PRP 'll/MD let/VB you/PRP go/VB first/JJ ./.,,,71.92,73.03999999999999
sw09utt/sw_0952_3454.utt,3/sw3454,3454,39,aa,A,27,1,Okay. /,Okay/UH ./.,,,73.06,73.4
sw09utt/sw_0952_3454.utt,3/sw3454,3454,40,x,B,28,1,<Laughter>.,,,,0.0,0.0
sw09utt/sw_0952_3454.utt,3/sw3454,3454,41,sv,A,29,1,I think probably the big major change is the role of women. /,I/PRP think/VBP probably/RB the/DT big/JJ major/JJ change/NN is/VBZ the/DT role/NN of/IN women/NNS ./.,,,73.92,77.46
sw09utt/sw_0952_3454.utt,3/sw3454,3454,42,b,B,30,1,Uh-huh. /,Uh-huh/UH ./.,,,77.78,77.9
sw09utt/sw_0952_3454.utt,3/sw3454,3454,43,sv,A,31,1,"I think, one, the women, {F uh, } in the work force. /","I/PRP think/VBP ,/, one/CD ,/, the/DT women/NNS ,/, uh/UH ,/, in/IN the/DT work/NN force/NN ./.",,,78.3,81.48
sw09utt/sw_0952_3454.utt,3/sw3454,3454,44,b,B,32,1,Uh-huh. /,Uh-huh/UH ./.,,,81.64,81.76
sw09utt/sw_0952_3454.utt,3/sw3454,3454,45,sv,A,33,1,"And I think the fact that they're becoming, {F uh, } more, {F uh, } <breathing> {A how do I want to say, } not necessarily politically inclined,  /","And/CC I/PRP think/VBP the/DT fact/NN that/IN they/PRP 're/VBP becoming/VBG ,/, uh/UH ,/, more/RBR ,/, uh/UH ,/, how/WRB do/VBP I/PRP want/VB to/TO say/VB ,/, not/RB necessarily/RB politically/RB inclined/JJ ,/,",,,82.12,89.34
sw09utt/sw_0952_3454.utt,3/sw3454,3454,46,sv,A,33,2,{C but } they're more apt to be in political offices --,but/CC they/PRP 're/VBP more/RBR apt/JJ to/TO be/VB in/IN political/JJ offices/NNS --/:,,,89.56,91.78
sw09utt/sw_0952_3454.utt,3/sw3454,3454,47,b,B,34,1,Uh-huh. /,Uh-huh/UH ./.,,,92.12,92.22
sw09utt/sw_0952_3454.utt,3/sw3454,3454,48,+,A,35,1,-- now.  /,--/: now/RB ./.,,,92.22,92.53999999999999
sw09utt/sw_0952_3454.utt,3/sw3454,3454,49,sv,A,35,2,"I think, {D you know, } we've made great strides --","I/PRP think/VBP ,/, you/PRP know/VBP ,/, we/PRP 've/VBP made/VBN great/JJ strides/NNS --/:",,,92.98,94.72
sw09utt/sw_0952_3454.utt,3/sw3454,3454,50,b,B,36,1,Uh-huh. /,Uh-huh/UH ./.,,,95.22,95.32
sw09utt/sw_0952_3454.utt,3/sw3454,3454,51,+,A,37,1,-- in that respect.  /,--/: in/IN that/DT respect/NN ./.,,,95.32,96.02
sw09utt/sw_0952_3454.utt,3/sw3454,3454,52,sv,A,37,2,"I think that [ it, + ] thirty years ago, when, {F uh, } I was newly married, family was very, very important. /","I/PRP think/VBP that/IN it/PRP ,/, thirty/CD years/NNS ago/RB ,/, when/WRB ,/, uh/UH ,/, I/PRP was/VBD newly/RB married/JJ ,/, family/NN was/VBD very/RB ,/, very/RB important/JJ ./.",,,96.5,102.96000000000001
sw09utt/sw_0952_3454.utt,3/sw3454,3454,53,b,B,38,1,Uh-huh. /,Uh-huh/UH ./.,,,102.96,103.05999999999999
sw09utt/sw_0952_3454.utt,3/sw3454,3454,54,sv,A,39,1,Then I think we veered where the family was not as important a unit.  /,Then/RB I/PRP think/VBP we/PRP veered/VBD where/WRB the/DT family/NN was/VBD not/RB as/RB important/JJ a/DT unit/NN ./.,,,103.2,108.22
sw09utt/sw_0952_3454.utt,3/sw3454,3454,55,sv,A,39,2,{C And } I think now it's revolving back full circle.  /,And/CC I/PRP think/VBP now/RB it/PRP 's/BES revolving/VBG back/RB full/JJ circle/NN ./.,,,108.22,111.74
sw09utt/sw_0952_3454.utt,3/sw3454,3454,56,sv,A,39,3,I think --,I/PRP think/VBP --/:,,,111.76,112.1
sw09utt/sw_0952_3454.utt,3/sw3454,3454,57,b,B,40,1,Uh-huh. /,Uh-huh/UH ./.,,,112.36,112.48
sw09utt/sw_0952_3454.utt,3/sw3454,3454,58,+,A,41,1,-- the family unit is becoming much more important than it was. /,--/: the/DT family/NN unit/NN is/VBZ becoming/VBG much/RB more/RBR important/JJ than/IN it/PRP was/VBD ./.,,,112.48,115.82
sw09utt/sw_0952_3454.utt,3/sw3454,3454,59,sv,B,42,1,"{F Oh, } I think [ it's, + that's ] probably for two reasons.  /","Oh/UH ,/, I/PRP think/VBP it/PRP 's/BES ,/, that/DT 's/BES probably/RB for/IN two/CD reasons/NNS ./.",,,115.98,118.06
sw09utt/sw_0952_3454.utt,3/sw3454,3454,60,sv,B,42,2,"{F Uh, } {D you know, } the number one is, women wanted to get out of the house.  /","Uh/UH ,/, you/PRP know/VBP ,/, the/DT number/NN one/CD is/VBZ ,/, women/NNS wanted/VBD to/TO get/VB out/IN of/IN the/DT house/NN ./.",,,118.3,122.72
sw09utt/sw_0952_3454.utt,3/sw3454,3454,61,sv,B,42,3,"{C And } the second reason [ was, + is ] everything costs so much more that if you don't have, {D you know, } equal rights so that your wife gets equal pay, you can't make twice as much <laughter>. /","And/CC the/DT second/JJ reason/NN was/VBD ,/, is/VBZ everything/NN costs/VBZ so/RB much/RB more/JJR that/IN if/IN you/PRP do/VBP n't/RB have/VB ,/, you/PRP know/VBP ,/, equal/JJ rights/NNS so/IN that/IN your/PRP$ wife/NN gets/VBZ equal/JJ pay/NN ,/, you/PRP ca/MD n't/RB make/VB twice/RB as/RB much/NN ./.",,,122.72,131.52
sw09utt/sw_0952_3454.utt,3/sw3454,3454,62,aa,A,43,1,"That's true,  /","That/DT 's/BES true/JJ ,/,",,,131.58,132.54
sw09utt/sw_0952_3454.utt,3/sw3454,3454,63,aa^r,A,43,2,that's true <laughter>. /,that/DT 's/BES true/JJ ./.,,,132.84,133.57999999999998
sw09utt/sw_0952_3454.utt,3/sw3454,3454,64,x,B,44,1,<Laughter>.,,,,0.0,0.0
sw09utt/sw_0952_3454.utt,3/sw3454,3454,65,sv,A,45,1,"{D Well, } I know that economically, {F uh, } a wife almost has to work anymore. /","Well/UH ,/, I/PRP know/VBP that/IN economically/RB ,/, uh/UH ,/, a/DT wife/NN almost/RB has/VBZ to/TO work/VB anymore/RB ./.",,,134.24,139.38
sw09utt/sw_0952_3454.utt,3/sw3454,3454,66,b,B,46,1,Uh-huh. /,Uh-huh/UH ./.,,,139.54,139.66
sw09utt/sw_0952_3454.utt,3/sw3454,3454,67,sd,A,47,1,"{C And } yet, I'm also noticing, {F uh, } in the areas that I'm working and stuff, more and more women are wanting now to stay home with the children where fifteen years ago --","And/CC yet/RB ,/, I/PRP 'm/VBP also/RB noticing/VBG ,/, uh/UH ,/, in/IN the/DT areas/NNS that/WDT I/PRP 'm/VBP working/VBG and/CC stuff/NN ,/, more/JJR and/CC more/JJR women/NNS are/VBP wanting/VBG now/RB to/TO stay/VB home/RB with/IN the/DT children/NNS where/WRB fifteen/CD years/NNS ago/RB --/:",,,140.18,149.54
sw09utt/sw_0952_3454.utt,3/sw3454,3454,68,b,B,48,1,Uh-huh. /,Uh-huh/UH ./.,,,149.54,149.66
sw09utt/sw_0952_3454.utt,3/sw3454,3454,69,+,A,49,1,-- they didn't.  /,--/: they/PRP did/VBD n't/RB ./.,,,150.34,150.84
sw09utt/sw_0952_3454.utt,3/sw3454,3454,70,sv,A,49,2,"{E I mean, } {D you know, } they wanted children,  /","I/PRP mean/VBP ,/, you/PRP know/VBP ,/, they/PRP wanted/VBD children/NNS ,/,",,,150.86,152.18
sw09utt/sw_0952_3454.utt,3/sw3454,3454,71,sv,A,49,3,{C but } they still wanted to be their own person out in the work force. /,but/CC they/PRP still/RB wanted/VBD to/TO be/VB their/PRP$ own/JJ person/NN out/IN in/IN the/DT work/NN force/NN ./.,,,152.54,155.42000000000002
sw09utt/sw_0952_3454.utt,3/sw3454,3454,72,b,B,50,1,Uh-huh. /,Uh-huh/UH ./.,,,155.42,155.51999999999998
sw09utt/sw_0952_3454.utt,3/sw3454,3454,73,sd,A,51,1,"{C But } [ I see, + I am seeing ] women now wanting to stay home --","But/CC I/PRP see/VBP ,/, I/PRP am/VBP seeing/VBG women/NNS now/RB wanting/VBG to/TO stay/VB home/RB --/:",,,155.78,159.28
sw09utt/sw_0952_3454.utt,3/sw3454,3454,74,b,B,52,1,Uh-huh. /,Uh-huh/UH ./.,,,159.56,159.72
sw09utt/sw_0952_3454.utt,3/sw3454,3454,75,+,A,53,1,"-- more, at least until the children are up to, {D you know, } school age. /","--/: more/JJR ,/, at/IN least/JJS until/IN the/DT children/NNS are/VBP up/IN to/IN ,/, you/PRP know/VBP ,/, school/NN age/NN ./.",,,160.12,163.52
sw09utt/sw_0952_3454.utt,3/sw3454,3454,76,b,B,54,1,Uh-huh. /,Uh-huh/UH ./.,,,163.52,163.68
sw09utt/sw_0952_3454.utt,3/sw3454,3454,77,sv,A,55,1,"{C And, } {F uh, } I find that very interesting [ that, + that -- ]","And/CC ,/, uh/UH ,/, I/PRP find/VBP that/DT very/RB interesting/JJ that/IN ,/, that/DT --/:",,,164.38,166.7
sw09utt/sw_0952_3454.utt,3/sw3454,3454,78,b,B,56,1,Yeah. /,Yeah/UH ./.,,,166.76,167.0
sw09utt/sw_0952_3454.utt,3/sw3454,3454,79,+,A,57,1,-- it's sort of reverting back. /,--/: it/PRP 's/BES sort/RB of/RB reverting/VBG back/RB ./.,,,167.0,168.20000000000002
sw09utt/sw_0952_3454.utt,3/sw3454,3454,80,aa,B,58,1,"Yeah,  /","Yeah/UH ,/,",,,168.44,168.76
sw09utt/sw_0952_3454.utt,3/sw3454,3454,81,sv,B,58,2,"[ [ [ I, + I've, ] + I've, ] + I've ] found that, too, {D you know, } where the wife is married [ {C and, } + {C and, } ] - /","I/PRP ,/, I/PRP 've/VBP ,/, I/PRP 've/VBP ,/, I/PRP 've/VBP found/VBN that/DT ,/, too/RB ,/, you/PRP know/VBP ,/, where/WRB the/DT wife/NN is/VBZ married/JJ and/CC ,/, and/CC ,/,",,,168.86,173.22
sw09utt/sw_0952_3454.utt,3/sw3454,3454,82,ar,B,58,3,"{E I mean, } [ not, + not ] married,  /","I/PRP mean/VBP ,/, not/RB ,/, not/RB married/JJ ,/,",,,173.22,174.14
sw09utt/sw_0952_3454.utt,3/sw3454,3454,83,fa,B,58,4,"sorry,  /","sorry/JJ ,/,",,,174.14,174.5
sw09utt/sw_0952_3454.utt,3/sw3454,3454,84,sd,B,58,5,wrong word. /,wrong/JJ word/NN ./.,,,174.68,175.14000000000001
sw09utt/sw_0952_3454.utt,3/sw3454,3454,85,x,A,59,1,<Laughter>.,,,,0.0,0.0
sw09utt/sw_0952_3454.utt,3/sw3454,3454,86,sv,B,60,1,"Where the wife has gone <laughter> to school, {D you know } --","Where/WRB the/DT wife/NN has/VBZ gone/VBN to/IN school/NN ,/, you/PRP know/VBP --/:",,,175.5,177.18
sw09utt/sw_0952_3454.utt,3/sw3454,3454,87,b,A,61,1,Uh-huh. /,Uh-huh/UH ./.,,,177.42,177.54
sw09utt/sw_0952_3454.utt,3/sw3454,3454,88,+,B,62,1,"-- and gotten a degree, spent five years out in the work force, found, {D you know, } [ [ the, + the, ] + their ] husband, either at college, or whatever,  /","--/: and/CC gotten/VBN a/DT degree/NN ,/, spent/VBN five/CD years/NNS out/IN in/IN the/DT work/NN force/NN ,/, found/VBN ,/, you/PRP know/VBP ,/, the/DT ,/, the/DT ,/, their/PRP$ husband/NN ,/, either/CC at/IN college/NN ,/, or/CC whatever/WP ,/,",,,177.54,184.26
sw09utt/sw_0952_3454.utt,3/sw3454,3454,89,sv,B,62,2,"{C but } still, {D you know, } after five years, it's like, first kid -- /","but/CC still/RB ,/, you/PRP know/VBP ,/, after/IN five/CD years/NNS ,/, it/PRP 's/BES like/UH ,/, first/JJ kid/NN --/:",,,184.26,186.72
sw09utt/sw_0952_3454.utt,3/sw3454,3454,90,aa,A,63,1,"Uh-huh,  /","Uh-huh/UH ,/,",,,187.0,187.12
sw09utt/sw_0952_3454.utt,3/sw3454,3454,91,aa^r,A,63,2,uh-huh. /,uh-huh/UH ./.,,,187.12,187.34
sw09utt/sw_0952_3454.utt,3/sw3454,3454,92,sv,B,64,1,-- {C and then } they're out of the work force for another ten years. /,--/: and/CC then/RB they/PRP 're/VBP out/IN of/IN the/DT work/NN force/NN for/IN another/DT ten/CD years/NNS ./.,,,187.62,190.68
sw09utt/sw_0952_3454.utt,3/sw3454,3454,93,aa,A,65,1,"Uh-huh,  /","Uh-huh/UH ,/,",,,190.88,190.98
sw09utt/sw_0952_3454.utt,3/sw3454,3454,94,aa^r,A,65,2,uh-huh. /,uh-huh/UH ./.,,,190.98,191.16
sw09utt/sw_0952_3454.utt,3/sw3454,3454,95,sv,B,66,1,"{C But, } I think most of those people are still out <laughter>. /","But/CC ,/, I/PRP think/VBP most/JJS of/IN those/DT people/NNS are/VBP still/RB out/RB ./.",,,191.16,193.34
sw09utt/sw_0952_3454.utt,3/sw3454,3454,96,aa,A,67,1,Probably. /,Probably/RB ./.,,,194.08,194.64000000000001
sw09utt/sw_0952_3454.utt,3/sw3454,3454,97,sv,B,68,1,"I think that generation, they're all at home right now  /","I/PRP think/VBP that/DT generation/NN ,/, they/PRP 're/VBP all/DT at/IN home/NN right/RB now/RB",,,194.64,196.94000000000003
sw09utt/sw_0952_3454.utt,3/sw3454,3454,98,sv,B,68,2,"[ {C and, } + {C and } ] we won't see them back for another two or three years. /","and/CC ,/, and/CC we/PRP wo/MD n't/RB see/VB them/PRP back/RB for/IN another/DT two/CD or/CC three/CD years/NNS ./.",,,196.94,200.60000000000002
sw09utt/sw_0952_3454.utt,3/sw3454,3454,99,aa,A,69,1,"Uh-huh,  /","Uh-huh/UH ,/,",,,200.8,201.08
sw09utt/sw_0952_3454.utt,3/sw3454,3454,100,aa^r,A,69,2,uh-huh. /,uh-huh/UH ./.,,,201.28,201.46
sw09utt/sw_0952_3454.utt,3/sw3454,3454,101,sd,B,70,1,"{F Uh, } [ I'm, + very rarely do I ] meet anybody whose children [ are, + are, ] {D you know, } past that age when they've been away for a few years. /","Uh/UH ,/, I/PRP 'm/VBP ,/, very/RB rarely/RB do/VBP I/PRP meet/VB anybody/NN whose/WP$ children/NNS are/VBP ,/, are/VBP ,/, you/PRP know/VBP ,/, past/IN that/DT age/NN when/WRB they/PRP 've/VBP been/VBN away/RB for/IN a/DT few/JJ years/NNS ./.",,,201.46,207.96
sw09utt/sw_0952_3454.utt,3/sw3454,3454,102,b,A,71,1,Uh-huh. /,Uh-huh/UH ./.,,,208.94,209.1
sw09utt/sw_0952_3454.utt,3/sw3454,3454,103,sv,B,72,1,"{C But, } {F uh, } it's kind of different. /","But/CC ,/, uh/UH ,/, it/PRP 's/BES kind/RB of/RB different/JJ ./.",,,209.1,210.32000000000002
sw09utt/sw_0952_3454.utt,3/sw3454,3454,104,aa,A,73,1,"Yeah,  /","Yeah/UH ,/,",,,211.1,211.35999999999999
sw09utt/sw_0952_3454.utt,3/sw3454,3454,105,aa,A,73,2,"yeah,  /","yeah/UH ,/,",,,211.66,211.92
sw09utt/sw_0952_3454.utt,3/sw3454,3454,106,aa,A,73,3,it is.  /,it/PRP is/VBZ ./.,,,211.92,212.42000000000002
sw09utt/sw_0952_3454.utt,3/sw3454,3454,107,sd,A,73,4,"[ [ It, + {F uh, } I, ] + I ] note that I had, taken care of my grandchildren recently while my daughter and her husband had been out of town. /","It/PRP ,/, uh/UH ,/, I/PRP ,/, I/PRP note/VBP that/IN I/PRP had/VBD ,/, taken/VBN care/NN of/IN my/PRP$ grandchildren/NNS recently/RB while/IN my/PRP$ daughter/NN and/CC her/PRP$ husband/NN had/VBD been/VBN out/IN of/IN town/NN ./.",,,212.42,219.20000000000002
sw09utt/sw_0952_3454.utt,3/sw3454,3454,108,b,B,74,1,Uh-huh. /,Uh-huh/UH ./.,,,219.52,219.62
sw09utt/sw_0952_3454.utt,3/sw3454,3454,109,sd,A,75,1,{C And } I do not envy these mothers --,And/CC I/PRP do/VBP not/RB envy/VB these/DT mothers/NNS --/:,,,219.82,222.08
sw09utt/sw_0952_3454.utt,3/sw3454,3454,110,b,B,76,1,Uh-huh. /,Uh-huh/UH ./.,,,222.08,222.18
sw09utt/sw_0952_3454.utt,3/sw3454,3454,111,+,A,77,1,"-- or these fathers that have [ these, + the ] children that they have to rush home from work and pick them up at day care, get them through their homework, get them to their soccer practice --","--/: or/CC these/DT fathers/NNS that/WDT have/VBP these/DT ,/, the/DT children/NNS that/WDT they/PRP have/VBP to/TO rush/VB home/RB from/IN work/NN and/CC pick/VB them/PRP up/RP at/IN day/NN care/NN ,/, get/VB them/PRP through/IN their/PRP$ homework/NN ,/, get/VB them/PRP to/IN their/PRP$ soccer/NN practice/NN --/:",,,222.74,230.38
sw09utt/sw_0952_3454.utt,3/sw3454,3454,112,b,B,78,1,Uh-huh. /,Uh-huh/UH ./.,,,230.38,230.48
sw09utt/sw_0952_3454.utt,3/sw3454,3454,113,+,A,79,1,-- get them to their piano lessons. /,--/: get/VB them/PRP to/IN their/PRP$ piano/NN lessons/NNS ./.,,,230.48,231.5
sw09utt/sw_0952_3454.utt,3/sw3454,3454,114,x,B,80,1,<Laughter>.,,,,0.0,0.0
sw09utt/sw_0952_3454.utt,3/sw3454,3454,115,sv,A,81,1,"{E I mean, } that's tough. /","I/PRP mean/VBP ,/, that/DT 's/BES tough/JJ ./.",,,231.82,232.78
sw09utt/sw_0952_3454.utt,3/sw3454,3454,116,%,B,82,1,"I, {F uh, } -/","I/PRP ,/, uh/UH ,/,",,,233.06,233.17999999999998
sw09utt/sw_0952_3454.utt,3/sw3454,3454,117,sd,A,83,1,I don't envy these young parents <laughter>. /,I/PRP do/VBP n't/RB envy/VB these/DT young/JJ parents/NNS ./.,,,233.18,234.74
sw09utt/sw_0952_3454.utt,3/sw3454,3454,118,sd,B,84,1,I'm an assistant Scout Master  /,I/PRP 'm/VBP an/DT assistant/NN Scout/NNP Master/NNP,,,234.98,236.6
sw09utt/sw_0952_3454.utt,3/sw3454,3454,119,%,B,84,2,"{C and } [ [ that's, + that's ] + <laughter> it's ] like, {F uh, } - /","and/CC that/DT 's/BES ,/, that/DT 's/BES it/PRP 's/BES like/IN ,/, uh/UH ,/,",,,236.6,238.79999999999998
sw09utt/sw_0952_3454.utt,3/sw3454,3454,120,%,B,84,3,"yeah,  /","yeah/UH ,/,",,,238.98,239.45999999999998
sw09utt/sw_0952_3454.utt,3/sw3454,3454,121,sv,B,84,4,"parents, {F uh, } even rarely see their kids for weekends, which is, {D you know, } kind of rough, too. /","parents/NNS ,/, uh/UH ,/, even/RB rarely/RB see/VBP their/PRP$ kids/NNS for/IN weekends/NNS ,/, which/WDT is/VBZ ,/, you/PRP know/VBP ,/, kind/RB of/RB rough/JJ ,/, too/RB ./.",,,240.3,245.0
sw09utt/sw_0952_3454.utt,3/sw3454,3454,122,aa,A,85,1,That's true. /,That/DT 's/BES true/JJ ./.,,,245.36,245.88
sw09utt/sw_0952_3454.utt,3/sw3454,3454,123,x,B,86,1,<Laughter>.,,,,0.0,0.0
sw09utt/sw_0952_3454.utt,3/sw3454,3454,124,aa^r,A,87,1,That's true. /,That/DT 's/BES true/JJ ./.,,,246.02,246.66000000000003
sw09utt/sw_0952_3454.utt,3/sw3454,3454,125,sv,B,88,1,# Especially now. # /,Especially/RB now/RB ./.,,,0.0,0.0
sw09utt/sw_0952_3454.utt,3/sw3454,3454,126,h,A,89,1,# I don't know. # /,I/PRP do/VBP n't/RB know/VB ./.,,,247.18,247.7
sw09utt/sw_0952_3454.utt,3/sw3454,3454,127,b,B,90,1,Yeah. /,Yeah/UH ./.,,,247.82,248.06
sw09utt/sw_0952_3454.utt,3/sw3454,3454,128,sd(^q),A,91,1,"[ {C And, } + {C and } ] [ I'm finding, + ] {D you know, } running into these, {F uh, } women that are wanting to have their children at the age of thirty-nine, forty, I'm thinking at the age of fifty-two, you're crazy <laughter>. /","And/CC ,/, and/CC I/PRP 'm/VBP finding/VBG ,/, you/PRP know/VBP ,/, running/VBG into/IN these/DT ,/, uh/UH ,/, women/NNS that/WDT are/VBP wanting/VBG to/TO have/VB their/PRP$ children/NNS at/IN the/DT age/NN of/IN thirty-nine/CD ,/, forty/CD ,/, I/PRP 'm/VBP thinking/VBG at/IN the/DT age/NN of/IN fifty-two/CD ,/, you/PRP 're/VBP crazy/JJ ./.",,,248.4,257.9
sw09utt/sw_0952_3454.utt,3/sw3454,3454,129,b,B,92,1,Yeah. /,Yeah/UH ./.,,,258.2,258.4
sw09utt/sw_0952_3454.utt,3/sw3454,3454,130,^q,A,93,1,You're going to be doing your worst running around when you're fifty <laughter>. /,You/PRP 're/VBP going/VBG to/TO be/VB doing/VBG your/PRP$ worst/JJS running/VBG around/RB when/WRB you/PRP 're/VBP fifty/CD ./.,,,258.42,261.36
sw09utt/sw_0952_3454.utt,3/sw3454,3454,131,x,B,94,1,<Laughter>.,,,,0.0,0.0
sw09utt/sw_0952_3454.utt,3/sw3454,3454,132,^q,A,95,1,{C And } you're absolutely nuts <laughter>. /,And/CC you/PRP 're/VBP absolutely/RB nuts/JJ ./.,,,262.72,265.02
sw09utt/sw_0952_3454.utt,3/sw3454,3454,133,sd,B,96,1,"<Laughter> [ I, + I ] know two women [ that, + that, ] {F uh, } - /","I/PRP ,/, I/PRP know/VBP two/CD women/NNS that/WDT ,/, that/WDT ,/, uh/UH ,/,",,,265.02,267.34
sw09utt/sw_0952_3454.utt,3/sw3454,3454,134,^h,B,96,2,"let's see,  /","let/VB 's/PRP see/VB ,/,",,,267.34,267.8
sw09utt/sw_0952_3454.utt,3/sw3454,3454,135,sd,B,96,3,one of them's forty-nine  /,one/CD of/IN them/PRP 's/BES forty-nine/CD,,,267.86,268.85999999999996
sw09utt/sw_0952_3454.utt,3/sw3454,3454,136,sd,B,96,4,"{C and } [ the other one, + {D well, } the other one, ] I don't know what her age is,  /","and/CC the/DT other/JJ one/NN ,/, well/UH ,/, the/DT other/JJ one/NN ,/, I/PRP do/VBP n't/RB know/VB what/WP her/PRP$ age/NN is/VBZ ,/,",,,268.86,271.44
sw09utt/sw_0952_3454.utt,3/sw3454,3454,137,sd,B,96,5,"{C but } I know [ she is, + she is ] somewhere in that hairy age of half a century up there. /","but/CC I/PRP know/VBP she/PRP is/VBZ ,/, she/PRP is/VBZ somewhere/RB in/IN that/DT hairy/JJ age/NN of/IN half/PDT a/DT century/NN up/IN there/RB ./.",,,271.44,276.74
sw09utt/sw_0952_3454.utt,3/sw3454,3454,138,x,A,97,1,<Laughter>.,,,,0.0,0.0
sw09utt/sw_0952_3454.utt,3/sw3454,3454,139,^h,B,98,1,"{C And, } {F uh, } boy, I'll tell you,  /","And/CC ,/, uh/UH ,/, boy/UH ,/, I/PRP 'll/MD tell/VB you/PRP ,/,",,,277.68,278.94
sw09utt/sw_0952_3454.utt,3/sw3454,3454,140,sd,B,98,2,"these are [ the, + the ] go-gettingest, happiest people I've ever met. /","these/DT are/VBP the/DT ,/, the/DT go-gettingest/JJS ,/, happiest/JJS people/NNS I/PRP 've/VBP ever/RB met/VBN ./.",,,278.94,281.98
sw09utt/sw_0952_3454.utt,3/sw3454,3454,141,x,A,99,1,<Laughter>.,,,,0.0,0.0
sw09utt/sw_0952_3454.utt,3/sw3454,3454,142,%,B,100,1,"{D You know, } <laughter> {C because, } -/","You/PRP know/VBP ,/, because/IN ,/,",,,282.36,283.36
sw09utt/sw_0952_3454.utt,3/sw3454,3454,143,sv,A,101,1,"{D Well, } you can be go getting,  /","Well/UH ,/, you/PRP can/MD be/VB go/GW getting/^VBG ,/,",,,283.44,284.46
sw09utt/sw_0952_3454.utt,3/sw3454,3454,144,sv,A,101,2,{C but } you can also get gray hairs and have a nervous breakdown <laughter>. /,but/CC you/PRP can/MD also/RB get/VB gray/JJ hairs/NNS and/CC have/VB a/DT nervous/JJ breakdown/NN ./.,,,284.46,287.42
sw09utt/sw_0952_3454.utt,3/sw3454,3454,145,sd,B,102,1,"<Laughter> I'm thirty,  /","I/PRP 'm/VBP thirty/CD ,/,",,,287.82,288.34000000000003
sw09utt/sw_0952_3454.utt,3/sw3454,3454,146,sd,B,102,2,I'm getting gray hairs already <laughter>. /,I/PRP 'm/VBP getting/VBG gray/JJ hairs/NNS already/RB ./.,,,288.34,289.82
sw09utt/sw_0952_3454.utt,3/sw3454,3454,147,sd,A,103,1,"<Laughter> I just know [ it, + it ] would absolutely exhaust me.  /","I/PRP just/RB know/VBP it/PRP ,/, it/PRP would/MD absolutely/RB exhaust/VB me/PRP ./.",,,289.84,293.88
sw09utt/sw_0952_3454.utt,3/sw3454,3454,148,sv,A,103,2,Maybe it's because it's my grandchildren  /,Maybe/RB it/PRP 's/BES because/IN it/PRP 's/BES my/PRP$ grandchildren/NNS,,,294.14,295.58
sw09utt/sw_0952_3454.utt,3/sw3454,3454,149,sv,A,103,3,{C and } it's not my children. /,and/CC it/PRP 's/BES not/RB my/PRP$ children/NNS ./.,,,295.58,296.66
sw09utt/sw_0952_3454.utt,3/sw3454,3454,150,b,B,104,1,{F Um. } /,Um/UH ./.,,,296.9,297.12
sw09utt/sw_0952_3454.utt,3/sw3454,3454,151,%,A,105,1,"<Laughter>  Maybe that's, -/","Maybe/RB that/DT 's/BES ,/,",,,297.4,297.9
