swda_filename,ptb_basename,conversation_no,transcript_index,act_tag,caller,utterance_index,subutterance_index,text,pos,trees,ptb_treenumbers,start_ts,end_ts
sw01utt/sw_0192_3495.utt,3/sw3495,3495,0,o,B,1,1,"Okay,  /","Okay/UH ,/,","(INTJ (UH Okay) (, ,) (-DFL- E_S))",1,0.1,0.44000000000000006
sw01utt/sw_0192_3495.utt,3/sw3495,3495,1,qw,B,1,2,what do you feel are some of the main problems? /,[ what/WP ] do/VBP  [ you/PRP ] feel/VB are/VBP  [ some/DT ] of/IN  [ the/DT main/JJ problems/NNS ] ?/.,(SBARQ (WHNP-1 (WP what)) (SQ (VBP do) (NP-SBJ (PRP you)) (VP (VB feel) (SBAR (-NONE- 0) (S (NP-SBJ (-NONE- *T*-1)) (VP (VBP are) (NP-PRD (NP (DT some)) (PP (IN of) (NP (DT the) (JJ main) (NNS problems))))))))) (. ?) (-DFL- E_S)),2,0.44,2.62
sw01utt/sw_0192_3495.utt,3/sw3495,3495,2,sd,A,2,1,"{D Well, } [ I'm in a, +  I'm in an ]  urban area.  /","Well/UH ,/,  [ I/PRP ] 'm/VBP in/IN  [ a/DT ] ,/,  [ I/PRP ] 'm/VBP in/IN  [ an/DT urban/JJ area/NN ] ./.","(S (INTJ (UH Well)) (, ,) (EDITED (RM (-DFL- \[)) (S (NP-SBJ (PRP I)) (VP (VBP 'm) (PP-LOC-PRD (IN in) (NP-UNF (DT a))))) (, ,) (IP (-DFL- \+))) (NP-SBJ (PRP I)) (VP (VBP 'm) (PP-LOC-PRD (IN in) (NP (DT an) (RS (-DFL- \])) (JJ urban) (NN area)))) (. .) (-DFL- E_S))",4,3.7,6.02
sw01utt/sw_0192_3495.utt,3/sw3495,3495,3,sd,A,2,2,I'm in Dallas. /,[ I/PRP ] 'm/VBP in/IN  [ Dallas/NNP ] ./.,(S (NP-SBJ (PRP I)) (VP (VBP 'm) (PP-LOC-PRD (IN in) (NP (NNP Dallas)))) (. .) (-DFL- E_S)),5,6.24,7.08
sw01utt/sw_0192_3495.utt,3/sw3495,3495,4,b,B,3,1,Uh-huh. /,[ Uh-huh/UH ] ./.,(INTJ (UH Uh-huh) (. .) (-DFL- E_S)),7,7.82,7.98
sw01utt/sw_0192_3495.utt,3/sw3495,3495,5,sd,A,4,1,"{C And } we're finding that crime is  going up very quickly and has become a major problem, {F uh, } even a more major problem.  /","And/CC  [ we/PRP ] 're/VBP finding/VBG  [ that/IN crime/NN ] is/VBZ going/VBG up/RB very/RB quickly/RB and/CC has/VBZ become/VBN  [ a/DT major/JJ problem/NN ] ,/,  [ uh/UH ] ,/, even/RB  [ a/DT more/RBR major/JJ problem/NN ] ./.","(S (CC And) (NP-SBJ (PRP we)) (VP (VBP 're) (VP (VBG finding) (SBAR (IN that) (S (NP-SBJ (NN crime)) (VP (VP (VBZ is) (VP (VBG going) (ADVP (RB up)) (ADVP-MNR (RB very) (RB quickly)))) (CC and) (VP (VBZ has) (VP (VBN become) (NP-PRD (NP (DT a) (JJ major) (NN problem)) (, ,) (INTJ (UH uh)) (, ,) (NP (RB even) (DT a) (ADJP (RBR more) (JJ major)) (NN problem)))))))))) (. .) (-DFL- E_S))",9,7.98,15.139999999999999
sw01utt/sw_0192_3495.utt,3/sw3495,3495,6,sd,A,4,2,"{F Uh, } in Dallas, some of the major problems, {F uh, } - /","[ Uh/UH ] ,/, in/IN  [ Dallas/NNP ] ,/,  [ some/DT ] of/IN  [ the/DT major/JJ problems/NNS ] ,/,  [ uh/UH ] ,/,","(S-UNF (INTJ (UH Uh)) (, ,) (PP-LOC (IN in) (NP (NNP Dallas))) (, ,) (NP-SBJ (NP (DT some)) (PP (IN of) (NP (DT the) (JJ major) (NNS problems)))) (, ,) (INTJ (UH uh)) (, ,) (-DFL- N_S))",10,16.0,20.44
sw01utt/sw_0192_3495.utt,3/sw3495,3495,7,sd,A,4,3,"drugs seems to be  [ re-, +  related ] to quite a bit of the crime we have now.  /","[ drugs/NNS ] seems/VBZ to/TO be/VB  [ re/VBN ] ,/, related/VBN to/IN quite/RB  [ a/DT bit/NN ] of/IN  [ the/DT crime/NN ] [ we/PRP ] have/VBP now/RB ./.","(S (NP-SBJ-1 (NNS drugs)) (VP (VBZ seems) (S (NP-SBJ (-NONE- *-1)) (VP (TO to) (VP (VB be) (EDITED (RM (-DFL- \[)) (ADJP-PRD-UNF (VBN re-)) (, ,) (IP (-DFL- \+))) (ADJP-PRD (VBN related) (RS (-DFL- \])) (PP (IN to) (NP (NP (RB quite) (DT a) (NN bit)) (PP (IN of) (NP (NP (DT the) (NN crime)) (SBAR (WHNP-2 (-NONE- 0)) (S (NP-SBJ (PRP we)) (VP (VBP have) (NP (-NONE- *T*-2)) (ADVP-TMP (RB now)))))))))))))) (. .) (-DFL- E_S))",11,22.0,25.84
sw01utt/sw_0192_3495.utt,3/sw3495,3495,8,sd,A,4,4,"There is a lot of theft, a lot of  assault dealing with, {F uh, } people trying to get money for drugs. /","[ There/EX ] is/VBZ  [ a/DT lot/NN ] of/IN  [ theft/NN ] ,/,  [ a/DT lot/NN ] of/IN  [ assault/NN ] dealing/VBG with/IN ,/,  [ uh/UH ] ,/,  [ people/NNS ] trying/VBG to/TO get/VB  [ money/NN ] for/IN  [ drugs/NNS ] ./.","(S (NP-SBJ (EX There)) (VP (VBZ is) (NP-PRD (NP (NP (DT a) (NN lot)) (PP (IN of) (NP (NP (NN theft)) (VP (-NONE- *RNR*-1))))) (, ,) (NP (NP (DT a) (NN lot)) (PP (IN of) (NP (NP (NN assault)) (VP (-NONE- *RNR*-1))))) (VP-1 (VBG dealing) (PP (IN with) (, ,) (INTJ (UH uh)) (, ,) (NP (NP (NNS people)) (VP (VBG trying) (S (NP-SBJ (-NONE- *)) (VP (TO to) (VP (VB get) (NP (NP (NN money)) (PP (IN for) (NP (NNS drugs))))))))))))) (. .) (-DFL- E_S))",12,26.04,32.06
sw01utt/sw_0192_3495.utt,3/sw3495,3495,9,b,B,5,1,Yeah. /,Yeah/UH ./.,(INTJ (UH Yeah) (. .) (-DFL- E_S)),14,32.54,32.839999999999996
sw01utt/sw_0192_3495.utt,3/sw3495,3495,10,sv,A,6,1,"{C And, }  {F uh, } I think that's a national problem, though. /","And/CC ,/,  [ uh/UH ] ,/,  [ I/PRP ] think/VBP  [ that/DT ] 's/BES  [ a/DT national/JJ problem/NN ] ,/, though/RB ./.","(S (CC And) (, ,) (INTJ (UH uh)) (, ,) (NP-SBJ (PRP I)) (VP (VBP think) (SBAR (-NONE- 0) (S (NP-SBJ (DT that)) (VP (BES 's) (NP-PRD (DT a) (JJ national) (NN problem))))) (, ,) (ADVP (RB though))) (. .) (-DFL- E_S))",16,33.3,35.54
sw01utt/sw_0192_3495.utt,3/sw3495,3495,11,sd,B,7,1,"[ [ It, +  it, ] +  it's -- ]","[ It/PRP ] ,/,  [ it/PRP ] ,/,  [ it/PRP ] 's/BES --/:","(S (EDITED (RM (-DFL- \[)) (EDITED (RM (-DFL- \[)) (NP-SBJ (PRP It)) (, ,) (IP (-DFL- \+))) (NP-SBJ (PRP it)) (, ,) (RS (-DFL- \])) (IP (-DFL- \+))) (NP-SBJ (PRP it)) (VP (BES 's) (RS (-DFL- \])) (ADJP-PRD (RB pretty) (JJ bad)) (ADVP-LOC (RB here)) (, ,) (ADVP (RB too))) (. .) (-DFL- E_S))",18,35.54,35.86
sw01utt/sw_0192_3495.utt,3/sw3495,3495,12,sv,A,8,1,"It's not unique, /","[ It/PRP ] 's/BES not/RB  [ unique/JJ ] ,/,","(S (NP-SBJ (PRP It)) (VP (BES 's) (RB not) (ADJP-PRD (JJ unique))) (, ,) (-DFL- E_S))",20,35.86,36.3
sw01utt/sw_0192_3495.utt,3/sw3495,3495,13,+,B,9,1,"-- pretty bad here, too.  /","--/: pretty/RB bad/JJ here/RB ,/, too/RB ./.","(S (EDITED (RM (-DFL- \[)) (EDITED (RM (-DFL- \[)) (NP-SBJ (PRP It)) (, ,) (IP (-DFL- \+))) (NP-SBJ (PRP it)) (, ,) (RS (-DFL- \])) (IP (-DFL- \+))) (NP-SBJ (PRP it)) (VP (BES 's) (RS (-DFL- \])) (ADJP-PRD (RB pretty) (JJ bad)) (ADVP-LOC (RB here)) (, ,) (ADVP (RB too))) (. .) (-DFL- E_S))",18,36.4,37.08
sw01utt/sw_0192_3495.utt,3/sw3495,3495,14,sd,B,9,2,We've had a lot of murders drug related and  stuff.,[ We/PRP ] 've/VBP had/VBN  [ a/DT lot/NN ] of/IN  [ murders/NNS drug/NN ] related/JJ and/CC  [ stuff/NN ] ./.,"(S (NP-SBJ (PRP We)) (VP (VBP 've) (VP (VBN had) (NP (NP (DT a) (NN lot)) (PP (IN of) (NP (NP (NNS murders)) (UCP (ADJP (NN drug) (JJ related)) (CC and) (NP (NN stuff)))))) (. .) (PP-LOC (IN In) (NP (NP (NNP Durham)) (, ,) (SBAR (WHNP-1 (WDT which)) (S (NP-SBJ (-NONE- *T*-1)) (VP (VBZ is) (ADVP-LOC-PRD (RB right) (RB next) (PP (IN to) (NP (NNP Raleigh))))))))))) (. .) (-DFL- E_S))",22,37.08,39.78
sw01utt/sw_0192_3495.utt,3/sw3495,3495,15,b,A,10,1,Yes. /,Yes/UH ./.,(INTJ (UH Yes) (. .) (-DFL- E_S)),24,39.8,40.08
sw01utt/sw_0192_3495.utt,3/sw3495,3495,16,+,B,11,1,"In Durham, which is right next to Raleigh. /","In/IN  [ Durham/NNP ] ,/,  [ which/WDT ] is/VBZ right/RB next/RB to/IN Raleigh/NNP ./.","(S (NP-SBJ (PRP We)) (VP (VBP 've) (VP (VBN had) (NP (NP (DT a) (NN lot)) (PP (IN of) (NP (NP (NNS murders)) (UCP (ADJP (NN drug) (JJ related)) (CC and) (NP (NN stuff)))))) (. .) (PP-LOC (IN In) (NP (NP (NNP Durham)) (, ,) (SBAR (WHNP-1 (WDT which)) (S (NP-SBJ (-NONE- *T*-1)) (VP (VBZ is) (ADVP-LOC-PRD (RB right) (RB next) (PP (IN to) (NP (NNP Raleigh))))))))))) (. .) (-DFL- E_S))",22,40.66,42.480000000000004
sw01utt/sw_0192_3495.utt,3/sw3495,3495,17,b,A,12,1,Uh-huh.  /,[ Uh-huh/UH ] ./.,(INTJ (UH Uh-huh) (. .) (-DFL- E_S)),7,42.72,42.94
sw01utt/sw_0192_3495.utt,3/sw3495,3495,18,qy^g,A,12,2,"{D Well, } now, we're pretty  close to the golden triangle, aren't you? /","Well/UH ,/, now/RB ,/,  [ we/PRP ] 're/VBP pretty/RB close/RB to/IN  [ the/DT golden/JJ triangle/NN ] ,/, are/VBP n't/RB  [ you/PRP ] ?/.","(SQ (S (INTJ (UH Well)) (, ,) (INTJ (RB now)) (, ,) (NP-SBJ (PRP we)) (VP (VBP 're) (ADVP-LOC-PRD (RB pretty) (RB close) (PP (IN to) (NP (DT the) (JJ golden) (NN triangle)))))) (, ,) (SQ (VBP are) (RB n't) (NP-SBJ (PRP you)) (ADJP-PRD (-NONE- *?*))) (. ?) (-DFL- E_S))",28,42.94,47.06
sw01utt/sw_0192_3495.utt,3/sw3495,3495,19,ny,B,13,1,"Yeah,  /","Yeah/UH ,/,","(INTJ (UH Yeah) (, ,) (-DFL- E_S))",30,47.28,47.58
sw01utt/sw_0192_3495.utt,3/sw3495,3495,20,%,B,13,2,"[ that, +  that ] - /","that/DT ,/, that/DT","(S-UNF (EDITED (RM (-DFL- \[)) (NP-SBJ (DT that)) (, ,) (IP (-DFL- \+))) (NP-SBJ (DT that)) (RS (-DFL- \])) (-DFL- N_S))",31,47.84,48.34
sw01utt/sw_0192_3495.utt,3/sw3495,3495,21,sd,B,13,3,"Durham, Raleigh, and Chapel Hill is the triangle. /","[ Durham/NNP ] ,/,  [ Raleigh/NNP ] ,/, and/CC  [ Chapel/NNP Hill/NNP ] is/VBZ  [ the/DT triangle/NN ] ./.","(S (NP-SBJ (NP (NNP Durham)) (, ,) (NP (NNP Raleigh)) (, ,) (CC and) (NP (NNP Chapel) (NNP Hill))) (VP (VBZ is) (NP-PRD (DT the) (NN triangle))) (. .) (-DFL- E_S))",32,48.34,50.660000000000004
sw01utt/sw_0192_3495.utt,3/sw3495,3495,22,aa,A,14,1,"Right,  /","Right/UH ,/,","(INTJ (UH Right) (, ,) (-DFL- E_S))",34,50.66,51.0
sw01utt/sw_0192_3495.utt,3/sw3495,3495,23,bf,A,14,2,research triangle --,[ research/NN triangle/NN ] --/:,(NP (NP (NN research) (NN triangle)) (CC and) (NP (NP (DT all)) (PP (IN of) (NP (DT that)))) (. .) (-DFL- E_S)),35,51.0,52.14
sw01utt/sw_0192_3495.utt,3/sw3495,3495,24,aa,B,15,1,Right. /,[ Right/UH ] ./.,(INTJ (UH Right) (. .) (-DFL- E_S)),37,52.14,52.42
sw01utt/sw_0192_3495.utt,3/sw3495,3495,25,+,A,16,1,-- and all of that.  /,--/: and/CC  [ all/DT ] of/IN  [ that/DT ] ./.,(NP (NP (NN research) (NN triangle)) (CC and) (NP (NP (DT all)) (PP (IN of) (NP (DT that)))) (. .) (-DFL- E_S)),35,52.42,52.879999999999995
sw01utt/sw_0192_3495.utt,3/sw3495,3495,26,sv,A,16,2,"{C And, }  {F uh, } I'm sure you have a lot of students there, {F uh, }  and a lot of researchers  /","And/CC ,/,  [ uh/UH ] ,/,  [ I/PRP ] 'm/VBP sure/JJ  [ you/PRP ] have/VBP  [ a/DT lot/NN ] of/IN  [ students/NNS ] [ there/RB ] ,/,  [ uh/UH ] ,/, and/CC  [ a/DT lot/NN ] of/IN  [ researchers/NNS ]","(S (CC And) (, ,) (INTJ (UH uh)) (, ,) (NP-SBJ (PRP I)) (VP (VBP 'm) (ADJP-PRD (JJ sure) (SBAR (-NONE- 0) (S (NP-SBJ (PRP you)) (VP (VBP have) (NP (NP (NP (DT a) (NN lot)) (PP (IN of) (NP (NNS students))) (ADVP-LOC (RB there))) (, ,) (INTJ (UH uh)) (, ,) (CC and) (NP (NP (DT a) (NN lot)) (PP (IN of) (NP (NNS researchers)))))))))) (-DFL- E_S))",39,52.88,58.96
sw01utt/sw_0192_3495.utt,3/sw3495,3495,27,sv,A,16,3,"{C so }  [ you, +  you ] may have [ a, +  {D you know, } perhaps a ] little better economic climate, /","so/RB  [ you/PRP ] ,/,  [ you/PRP ] may/MD have/VB  [ a/DT ] ,/,  [ you/PRP ] know/VBP ,/, perhaps/RB  [ a/DT little/RB better/JJR economic/JJ climate/NN ] ,/,","(S (RB so) (EDITED (RM (-DFL- \[)) (NP-SBJ (PRP you)) (, ,) (IP (-DFL- \+))) (NP-SBJ (PRP you)) (RS (-DFL- \])) (VP (MD may) (VP (VB have) (EDITED (RM (-DFL- \[)) (NP-UNF (DT a)) (, ,) (IP (-DFL- \+))) (PRN (S (NP-SBJ (PRP you)) (VP (VBP know))) (, ,)) (ADVP (RB perhaps)) (NP (ADJP (NP-ADV (DT a) (RS (-DFL- \])) (RB little)) (JJR better)) (JJ economic) (NN climate)))) (, ,) (-DFL- E_S))",40,58.96,63.08
sw01utt/sw_0192_3495.utt,3/sw3495,3495,28,sv,A,16,4,"{C but, }  in all your cities now, it seems like  [ th-, +  there ] is [ a, +  a ] crowd that's really effected by this bill. /","but/CC ,/, in/IN  [ all/DT your/PRP$ cities/NNS ] now/RB ,/,  [ it/PRP ] seems/VBZ like/IN  [ th-/EX ] ,/,  [ there/EX ] is/VBZ  [ a/DT ] ,/,  [ a/DT crowd/NN ] [ that/WDT ] 's/BES really/RB effected/JJ by/IN  [ this/DT bill/NN ] ./.","(S (CC but) (, ,) (PP-LOC (IN in) (NP (DT all) (PRP$ your) (NNS cities))) (ADVP-TMP (RB now)) (, ,) (NP-SBJ (PRP it)) (VP (VBZ seems) (SBAR (IN like) (S (EDITED (RM (-DFL- \[)) (NP-SBJ-UNF (EX th-)) (, ,) (IP (-DFL- \+))) (NP-SBJ (EX there)) (RS (-DFL- \])) (VP (VBZ is) (EDITED (RM (-DFL- \[)) (NP-PRD-UNF (DT a)) (, ,) (IP (-DFL- \+))) (NP-PRD (NP (DT a) (RS (-DFL- \])) (NN crowd)) (SBAR (WHNP-1 (WDT that)) (S (NP-SBJ-2 (-NONE- *T*-1)) (VP (BES 's) (ADVP (RB really)) (VP (TYPO (JJ effected)) (NP (-NONE- *-2)) (PP (IN by) (NP-LGS (DT this) (NN bill)))))))))))) (. .) (-DFL- E_S))",41,63.08,68.16
sw01utt/sw_0192_3495.utt,3/sw3495,3495,29,aa,B,17,1,"Yeah,  /","Yeah/UH ,/,","(INTJ (UH Yeah) (, ,) (-DFL- E_S))",30,68.64,68.96
sw01utt/sw_0192_3495.utt,3/sw3495,3495,30,%,B,17,2,"[ [ it's, +  it's ] + really, it's,  ] - /","[ it/PRP ] 's/BES ,/,  [ it/PRP ] 's/BES really/RB ,/,  [ it/PRP ] 's/BES ,/,","(S (EDITED (RM (-DFL- \[)) (EDITED (RM (-DFL- \[)) (S (NP-SBJ (PRP it)) (VP-UNF (BES 's))) (, ,) (IP (-DFL- \+))) (S (NP-SBJ (PRP it)) (VP-UNF (BES 's))) (RS (-DFL- \])) (IP (-DFL- \+))) (ADVP (RB really)) (, ,) (NP-SBJ (PRP it)) (VP-UNF (BES 's)) (, ,) (RS (-DFL- \])) (-DFL- N_S))",44,68.96,69.84
sw01utt/sw_0192_3495.utt,3/sw3495,3495,31,sd,B,17,3,"{C and } I've seen in more in Durham than I have in Raleigh [ [ or, +  or -- ] +","and/CC  [ I/PRP ] 've/VBP seen/VBN in/IN more/RBR in/IN  [ Durham/NNP ] than/IN  [ I/PRP ] have/VBP in/IN  [ Raleigh/NNP ] or/CC ,/, or/CC --/:","(S (CC and) (NP-SBJ (PRP I)) (VP (VBP 've) (VP (VBN seen) (EDITED (PP-LOC-UNF (IN in))) (ADVP (ADVP (RBR more)) (SBAR (-NONE- *ICH*-1))) (PP-LOC (IN in) (NP (NNP Durham))) (SBAR-1 (IN than) (S (NP-SBJ (PRP I)) (VP (VBP have) (VP (-NONE- *?*) (PP-LOC (IN in) (NP (NP (NNP Raleigh)) (EDITED (RM (-DFL- \[)) (EDITED (RM (-DFL- \[)) (CC or) (, ,) (IP (-DFL- \+))) (CC or) (RS (-DFL- \])) (IP (-DFL- \+))) (CC or) (RS (-DFL- \])) (NP (NNP Chapel) (NNP Hill)))))))))) (. .) (-DFL- E_S))",45,70.08,73.0
sw01utt/sw_0192_3495.utt,3/sw3495,3495,32,bh,A,18,1,Really? /,Really/UH ?/.,(INTJ (UH Really) (. ?) (-DFL- E_S)),47,73.02,73.33999999999999
sw01utt/sw_0192_3495.utt,3/sw3495,3495,33,+,B,19,1,-- or ] Chapel Hill.  /,--/: or/CC  [ Chapel/NNP Hill/NNP ] ./.,"(S (CC and) (NP-SBJ (PRP I)) (VP (VBP 've) (VP (VBN seen) (EDITED (PP-LOC-UNF (IN in))) (ADVP (ADVP (RBR more)) (SBAR (-NONE- *ICH*-1))) (PP-LOC (IN in) (NP (NNP Durham))) (SBAR-1 (IN than) (S (NP-SBJ (PRP I)) (VP (VBP have) (VP (-NONE- *?*) (PP-LOC (IN in) (NP (NP (NNP Raleigh)) (EDITED (RM (-DFL- \[)) (EDITED (RM (-DFL- \[)) (CC or) (, ,) (IP (-DFL- \+))) (CC or) (RS (-DFL- \])) (IP (-DFL- \+))) (CC or) (RS (-DFL- \])) (NP (NNP Chapel) (NNP Hill)))))))))) (. .) (-DFL- E_S))",45,74.1,74.84
sw01utt/sw_0192_3495.utt,3/sw3495,3495,34,sd,B,19,2,"Chapel Hill is kind of [ a, +  a ] ritzy city or whatever.  /","[ Chapel/NNP Hill/NNP ] is/VBZ  [ kind/RB ] of/RB  [ a/DT ] ,/,  [ a/DT ritzy/JJ city/NN ] or/CC  [ whatever/WP ] ./.","(S (NP-SBJ (NNP Chapel) (NNP Hill)) (VP (VBZ is) (ADVP (RB kind) (RB of)) (EDITED (RM (-DFL- \[)) (NP-PRD-UNF (DT a)) (, ,) (IP (-DFL- \+))) (NP-PRD (NP (DT a) (RS (-DFL- \])) (JJ ritzy) (NN city)) (CC or) (NP (WP whatever)))) (. .) (-DFL- E_S))",49,74.86,79.48
sw01utt/sw_0192_3495.utt,3/sw3495,3495,35,sd,B,19,3,"{E I mean, } it's kind of, - /","[ I/PRP ] mean/VBP ,/,  [ it/PRP ] 's/BES  [ kind/RB ] of/RB ,/,","(S (PRN (S (NP-SBJ (PRP I)) (VP (VBP mean))) (, ,)) (NP-SBJ (PRP it)) (VP-UNF (BES 's) (ADVP (RB kind) (RB of))) (, ,) (-DFL- N_S))",50,79.48,80.68
sw01utt/sw_0192_3495.utt,3/sw3495,3495,36,sd,B,19,4,"[ I'm, +  I'm ] sure  there is problems with it,  /","[ I/PRP ] 'm/VBP ,/,  [ I/PRP ] 'm/VBP sure/JJ  [ there/EX ] is/VBZ  [ problems/NNS ] with/IN  [ it/PRP ] ,/,","(S (EDITED (RM (-DFL- \[)) (S (NP-SBJ (PRP I)) (VP-UNF (VBP 'm))) (, ,) (IP (-DFL- \+))) (NP-SBJ (PRP I)) (VP (VBP 'm) (RS (-DFL- \])) (ADJP-PRD (JJ sure) (SBAR (-NONE- 0) (S (NP-SBJ (EX there)) (VP (VBZ is) (NP-PRD (NP (NNS problems)) (PP (IN with) (NP (PRP it))))))))) (, ,) (-DFL- E_S))",51,81.74,83.12
sw01utt/sw_0192_3495.utt,3/sw3495,3495,37,sd,B,19,5,"{C but } it has a pretty low crime rate.  [ Compare, +  compared ]  [ to, +  to, ] Durham has probably got the worst.  /","but/CC  [ it/PRP ] has/VBZ  [ a/DT pretty/RB low/JJ crime/NN rate/NN ] ./.  [ Compare/^VBN ]  ,/, compared/VBN to/IN ,/, to/IN ,/,  [ Durham/NNP ] has/VBZ probably/RB got/VBN  [ the/DT worst/JJS ] ./.","(S (CC but) (NP-SBJ (PRP it)) (VP (VBZ has) (NP (DT a) (ADJP (RB pretty) (JJ low)) (NN crime) (NN rate)) (. .) (EDITED (RM (-DFL- \[)) (PP-UNF (^VBN Compare)) (, ,) (IP (-DFL- \+))) (PP (VBN compared) (RS (-DFL- \])) (EDITED (RM (-DFL- \[)) (PP-UNF (IN to)) (, ,) (IP (-DFL- \+))) (PP-UNF (IN to) (, ,) (RS (-DFL- \]))))))|||(S (NP-SBJ (NNP Durham)) (VP (VBZ has) (ADVP (RB probably)) (VP (VBN got) (NP (DT the) (JJS worst)))) (. .) (-DFL- E_S))",52|||53,83.12,88.4
sw01utt/sw_0192_3495.utt,3/sw3495,3495,38,sd,B,19,6,They've had {D like } forty-eight murders  since the beginning of the year. /,[ They/PRP ] 've/VBP had/VBN like/IN  [ forty-eight/CD murders/NNS ] since/IN  [ the/DT beginning/NN ] of/IN  [ the/DT year/NN ] ./.,(S (NP-SBJ (PRP They)) (VP (VBP 've) (VP (VBN had) (INTJ (UH like)) (NP (CD forty-eight) (NNS murders)) (PP-TMP (IN since) (NP (NP (DT the) (NN beginning)) (PP (IN of) (NP (DT the) (NN year))))))) (. .) (-DFL- E_S)),54,89.46,91.88
sw01utt/sw_0192_3495.utt,3/sw3495,3495,39,bh,A,20,1,Really? /,Really/UH ?/.,(INTJ (UH Really) (. ?) (-DFL- E_S)),47,91.88,92.16
sw01utt/sw_0192_3495.utt,3/sw3495,3495,40,sd,B,21,1,{C And } over half of it has been drug related. /,And/CC over/IN  [ half/NN ] of/IN  [ it/PRP ] has/VBZ been/VBN  [ drug/NN ] related/JJ ./.,(S (CC And) (NP-SBJ (NP (IN over) (NN half)) (PP (IN of) (NP (PRP it)))) (VP (VBZ has) (VP (VBN been) (ADJP-PRD (NN drug) (JJ related)))) (. .) (-DFL- E_S)),58,92.56,94.32
sw01utt/sw_0192_3495.utt,3/sw3495,3495,41,sd,A,22,1,"{F Um. }  {D Well, } here, {F uh, }  I'm not sure how many Dallas has had.  /","Um/UH ./.  Well/UH ,/, here/RB ,/,  [ uh/UH ] ,/,  [ I/PRP ] 'm/VBP not/RB sure/JJ how/WRB  [ many/JJ Dallas/NNP ] has/VBZ had/VBN ./.","(S (INTJ (UH Um)) (. .) (INTJ (UH Well)) (, ,) (ADVP-LOC (RB here)) (, ,) (INTJ (UH uh)) (, ,) (NP-SBJ (PRP I)) (VP (VBP 'm) (RB not) (ADJP-PRD (JJ sure) (SBAR (WHNP-1 (WHADJP (WRB how) (JJ many))) (S (NP-SBJ (NNP Dallas)) (VP (VBZ has) (VP (VBN had) (NP (-NONE- *T*-1)))))))) (. .) (-DFL- E_S))",60,94.86,100.36
sw01utt/sw_0192_3495.utt,3/sw3495,3495,42,%,A,22,2,"I've, {F uh, } - /","[ I/PRP ] 've/VBP ,/,  [ uh/UH ] ,/,","(S (NP-SBJ (PRP I)) (VP-UNF (VBP 've) (, ,) (INTJ (UH uh))) (, ,) (-DFL- N_S))",61,100.36,102.1
sw01utt/sw_0192_3495.utt,3/sw3495,3495,43,sd,A,22,3,"Houston is averaging about two a week or three or four,  /","[ Houston/NNP ] is/VBZ averaging/VBG about/RB  [ two/CD ] [ a/DT week/NN ] or/CC  [ three/CD ] or/CC  [ four/CD ] ,/,","(S (NP-SBJ (NNP Houston)) (VP (VBZ is) (VP (VBG averaging) (NP (NP (QP (RB about) (CD two) (NAC (-NONE- *ICH*-1)))) (NP-ADV (DT a) (NN week)) (NAC-1 (CC or) (CD three) (CC or) (CD four))))) (, ,) (-DFL- E_S))",62,102.1,105.46
sw01utt/sw_0192_3495.utt,3/sw3495,3495,44,h,A,22,4,"[ I, +  I ] don't know.  /","[ I/PRP ] ,/,  [ I/PRP ] do/VBP n't/RB know/VB ./.","(S (EDITED (RM (-DFL- \[)) (NP-SBJ (PRP I)) (, ,) (IP (-DFL- \+))) (NP-SBJ (PRP I)) (RS (-DFL- \])) (VP (VBP do) (RB n't) (VP (VB know))) (. .) (-DFL- E_S))",63,105.46,106.46000000000001
sw01utt/sw_0192_3495.utt,3/sw3495,3495,45,sd,A,22,5,"[ A, + a ] number every week. -/","[ A/DT ] ,/,  [ a/DT number/NN ] [ every/DT week/NN ] ./.","(NP (EDITED (RM (-DFL- \[)) (DT A) (, ,) (IP (-DFL- \+))) (NP (DT a) (RS (-DFL- \])) (NN number)) (NP-ADV (DT every) (NN week)) (. .) (-DFL- N_S))",64,106.66,108.02
sw01utt/sw_0192_3495.utt,3/sw3495,3495,46,b,B,23,1,Yeah. /,Yeah/UH ./.,(INTJ (UH Yeah) (. .) (-DFL- E_S)),66,108.72,109.12
sw01utt/sw_0192_3495.utt,3/sw3495,3495,47,sd,A,24,1,"{F Uh, } Dallas is having quite a few.  /","[ Uh/UH ] ,/,  [ Dallas/NNP ] is/VBZ having/VBG quite/RB  [ a/DT few/JJ ] ./.","(S (INTJ (UH Uh)) (, ,) (NP-SBJ (NNP Dallas)) (VP (VBZ is) (VP (VBG having) (NP (RB quite) (DT a) (JJ few)))) (. .) (-DFL- E_S))",68,109.12,111.02000000000001
sw01utt/sw_0192_3495.utt,3/sw3495,3495,48,sd,A,24,2,"Seems like most of ours are occurring in late at night [ or, + or, ] like I say, drug related.  /","[ Seems/NNP ] like/IN  [ most/JJS ] of/IN  [ ours/PRP$ ] are/VBP occurring/VBG in/IN late/RB at/IN  [ night/NN ] or/CC ,/, or/CC ,/, like/IN  [ I/PRP ] say/VB ,/VBP drug/NN related/JJ ./.","(S (NP-SBJ (-NONE- *)) (VP (NNP Seems) (SBAR (IN like) (S (NP-SBJ (NP (JJS most)) (PP (IN of) (NP (PRP$ ours)))) (VP (VBP are) (UCP-PRD (VP (VBG occurring) (PP-TMP (IN in) (ADVP (RB late) (PP-TMP (IN at) (NP (NN night)))))) (EDITED (RM (-DFL- \[)) (CC or) (, ,) (IP (-DFL- \+))) (CC or) (, ,) (RS (-DFL- \])) (SBAR-ADV (IN like) (S (NP-SBJ (PRP I)) (VP (VB say)))) (VBP ,) (ADJP (NN drug) (JJ related))))))) (. .) (-DFL- E_S))",69,111.04,116.68
sw01utt/sw_0192_3495.utt,3/sw3495,3495,49,sv,A,24,3,"{F Uh, } I guess the other thing was that are causing a lot of the crime now is  the decrease in values.  /","[ Uh/UH ] ,/,  [ I/PRP ] guess/VBP  [ the/DT other/JJ thing/NN ] was/VBD  [ that/WDT ] are/VBP causing/VBG  [ a/DT lot/NN ] of/IN  [ the/DT crime/NN ] now/RB is/VBZ  [ the/DT decrease/NN ] in/IN  [ values/NNS ] ./.","(S (INTJ (UH Uh)) (, ,) (NP-SBJ (PRP I)) (VP (VBP guess) (SBAR (-NONE- 0) (S (NP-SBJ (NP (DT the) (JJ other) (NN thing)) (EDITED (VP-UNF (VBD was))) (SBAR (WHNP-1 (WDT that)) (S (NP-SBJ (-NONE- *T*-1)) (VP (VBP are) (VP (VBG causing) (NP (NP (DT a) (NN lot)) (PP (IN of) (NP (DT the) (NN crime)))) (ADVP-TMP (RB now))))))) (VP (VBZ is) (NP-PRD (NP (DT the) (NN decrease)) (PP (IN in) (NP (NNS values)))))))) (. .) (-DFL- E_S))",70,117.86,123.6
sw01utt/sw_0192_3495.utt,3/sw3495,3495,50,sv,A,24,4,"Seems  like [ a, +  a ] lot of people don't  hold human life quite as high as perhaps they used to. /","[ Seems/NNP ] like/IN  [ a/DT ] ,/,  [ a/DT lot/NN ] of/IN  [ people/NNS ] do/VBP n't/RB hold/VB  [ human/NN life/NN ] quite/RB as/RB high/RB as/IN perhaps/RB  [ they/PRP ] used/VBD to/TO ./.","(S (NP-SBJ (-NONE- *)) (VP (NNP Seems) (SBAR (IN like) (S (EDITED (RM (-DFL- \[)) (NP-SBJ-UNF (DT a)) (, ,) (IP (-DFL- \+))) (NP-SBJ (NP (DT a) (RS (-DFL- \])) (NN lot)) (PP (IN of) (NP (NNS people)))) (VP (VBP do) (RB n't) (VP (VB hold) (NP (NN human) (NN life)) (ADVP (ADVP (RB quite) (RB as) (RB high)) (SBAR (IN as) (S (ADVP (RB perhaps)) (NP-SBJ-1 (PRP they)) (VP (VBD used) (S (NP-SBJ (-NONE- *-1)) (VP (TO to) (VP (-NONE- *?*))))))))))))) (. .) (-DFL- E_S))",71,123.6,131.74
sw01utt/sw_0192_3495.utt,3/sw3495,3495,51,b,B,25,1,Yeah. /,Yeah/UH ./.,(INTJ (UH Yeah) (. .) (-DFL- E_S)),66,132.1,132.46
sw01utt/sw_0192_3495.utt,3/sw3495,3495,52,%,A,26,1,"{F Uh, } I, -/","[ Uh/UH ] ,/,  [ I/PRP ] ,/,","(S-UNF (INTJ (UH Uh)) (, ,) (NP-SBJ (PRP I)) (, ,) (-DFL- N_S))",75,133.98,134.29999999999998
sw01utt/sw_0192_3495.utt,3/sw3495,3495,53,%,B,27,1,"{D Well, } that, - /","Well/UH ,/, that/DT ,/,","(S-UNF (INTJ (UH Well)) (, ,) (NP-SBJ (DT that)) (, ,) (-DFL- N_S))",77,135.78,136.28
sw01utt/sw_0192_3495.utt,3/sw3495,3495,54,sd,B,27,2,"[ {C and } the, +  {C and } the ]  economy is so bad  /","and/CC  [ the/DT ] ,/, and/CC  [ the/DT economy/NN ] is/VBZ so/RB bad/JJ","(S (EDITED (RM (-DFL- \[)) (S-UNF (CC and) (NP-SBJ (DT the))) (, ,) (IP (-DFL- \+))) (CC and) (NP-SBJ (DT the) (RS (-DFL- \])) (NN economy)) (VP (VBZ is) (ADJP-PRD (RB so) (JJ bad))) (-DFL- E_S))",78,136.28,138.3
sw01utt/sw_0192_3495.utt,3/sw3495,3495,55,sd,B,27,3,"[ {C and, } +","and/CC ,/,","(S (EDITED (RM (-DFL- \[)) (CC and) (, ,) (IP (-DFL- \+))) (CC And) (NP-SBJ-1 (ADJP (RB so) (RS (-DFL- \])) (JJ many)) (NNS people)) (VP (VBP have) (VP (VBN been) (VP (VP (VBN laid) (NP (-NONE- *-1)) (PRT (RP off))) (CC and) (NP-ETC (NN stuff))))) (. .) (-DFL- E_S))",79,138.3,138.64000000000001
sw01utt/sw_0192_3495.utt,3/sw3495,3495,56,bf,A,28,1,The economy is lousy <laughter>. /,[ The/DT economy/NN ] is/VBZ lousy/JJ ./.,(S (NP-SBJ (DT The) (NN economy)) (VP (VBZ is) (ADJP-PRD (JJ lousy))) (. .) (-DFL- E_S)),81,139.0,140.05999999999997
sw01utt/sw_0192_3495.utt,3/sw3495,3495,57,+,B,29,1,{C And so } ] many people have been  laid off and stuff.  /,And/CC  [ so/RB many/JJ people/NNS ] have/VBP been/VBN laid/VBN off/RP and/CC stuff/NN ./.,"(S (EDITED (RM (-DFL- \[)) (CC and) (, ,) (IP (-DFL- \+))) (CC And) (NP-SBJ-1 (ADJP (RB so) (RS (-DFL- \])) (JJ many)) (NNS people)) (VP (VBP have) (VP (VBN been) (VP (VP (VBN laid) (NP (-NONE- *-1)) (PRT (RP off))) (CC and) (NP-ETC (NN stuff))))) (. .) (-DFL- E_S))",79,140.06,141.8
sw01utt/sw_0192_3495.utt,3/sw3495,3495,58,sd,B,29,2,"They've done special stories on the news, local news here. /","[ They/PRP ] 've/VBP done/VBN  [ special/JJ stories/NNS ] on/IN  [ the/DT news/NN ] ,/,  [ local/JJ news/NN ] here/RB ./.","(S (NP-SBJ (PRP They)) (VP (VBP 've) (VP (VBN done) (NP (JJ special) (NNS stories)) (PP (IN on) (NP (NP (DT the) (EDITED (NN news) (, ,)) (JJ local) (NN news)) (ADVP-LOC (RB here)))))) (. .) (-DFL- E_S))",83,142.08,145.68
sw01utt/sw_0192_3495.utt,3/sw3495,3495,59,b,A,30,1,Uh-huh. /,[ Uh-huh/UH ] ./.,(INTJ (UH Uh-huh) (. .) (-DFL- E_S)),85,145.68,145.78
sw01utt/sw_0192_3495.utt,3/sw3495,3495,60,sd,B,31,1,"We had a lot of bank robberies and  [ different, +  lot  of ] break ins and stuff.  /","[ We/PRP ] had/VBD  [ a/DT lot/NN ] of/IN  [ bank/NN robberies/NNS ] and/CC  [ different/JJ ] ,/,  [ lot/NN ] of/IN  [ break/GW ins/^NNS ] and/CC  [ stuff/NN ] ./.","(S (NP-SBJ (PRP We)) (VP (VBD had) (NP (NP (NP (DT a) (NN lot)) (PP (IN of) (NP (NN bank) (NNS robberies)))) (CC and) (EDITED (RM (-DFL- \[)) (NP-UNF (JJ different)) (, ,) (IP (-DFL- \+))) (NP (NP (NN lot)) (PP (IN of) (RS (-DFL- \])) (NP (NP (GW break) (^NNS ins)) (CC and) (NP (NN stuff))))))) (. .) (-DFL- E_S))",87,145.78,149.72
sw01utt/sw_0192_3495.utt,3/sw3495,3495,61,sd,B,31,2,"I know, like a week or so ago, - /","[ I/PRP ] know/VBP ,/, like/IN  [ a/DT week/NN ] or/CC so/RB ago/RB ,/,","(S (NP-SBJ (PRP I)) (VP (VBP know) (, ,) (SBAR (-NONE- 0) (S-UNF (INTJ (IN like)) (ADVP-TMP (NP (DT a) (NN week) (QP (CC or) (RB so))) (RB ago))))) (, ,) (-DFL- N_S))",88,150.56,152.22
sw01utt/sw_0192_3495.utt,3/sw3495,3495,62,sd,B,31,3,"I live [ in a, +   in a ] town house, which  is,  {D you know, } - /","[ I/PRP ] live/VBP in/IN  [ a/DT ] ,/, in/IN  [ a/DT town/NN house/NN ] ,/,  [ which/WDT ] is/VBZ ,/,  [ you/PRP ] know/VBP ,/,","(S (NP-SBJ (PRP I)) (VP (VBP live) (EDITED (RM (-DFL- \[)) (PP-LOC (IN in) (NP-UNF (DT a))) (, ,) (IP (-DFL- \+))) (PP-LOC (IN in) (NP (NP (DT a) (RS (-DFL- \])) (NN town) (NN house)) (, ,) (SBAR (WHNP-1 (WDT which)) (S (NP-SBJ (-NONE- *T*-1)) (VP-UNF (VBZ is) (PRN (, ,) (S (NP-SBJ (PRP you)) (VP (VBP know)))))))))) (, ,) (-DFL- N_S))",89,152.22,156.20000000000002
sw01utt/sw_0192_3495.utt,3/sw3495,3495,63,sd,B,31,4,it's a pretty nice neighborhood  /,[ it/PRP ] 's/BES  [ a/DT pretty/RB nice/JJ neighborhood/NN ],(S (NP-SBJ (PRP it)) (VP (BES 's) (NP-PRD (DT a) (ADJP (RB pretty) (JJ nice)) (NN neighborhood))) (-DFL- E_S)),90,156.2,157.74
sw01utt/sw_0192_3495.utt,3/sw3495,3495,64,sd,B,31,5,"{C and } this lady was going to work,  /","and/CC  [ this/DT lady/NN ] was/VBD going/VBG to/IN work/NN ,/,","(S (CC and) (NP-SBJ (DT this) (NN lady)) (VP (VBD was) (VP (VBG going) (PP-DIR (IN to) (NP (NN work))))) (, ,) (-DFL- E_S))",91,158.62,160.17999999999998
sw01utt/sw_0192_3495.utt,3/sw3495,3495,65,sd,B,31,6,"she came home and everything in her house was total gone, light fixtures, everything.  /","[ she/PRP ] came/VBD  [ home/RB ] and/CC  [ everything/NN ] in/IN  [ her/PRP$ house/NN ] was/VBD total/RB gone/JJ ,/,  [ light/JJ fixtures/NNS ] ,/,  [ everything/NN ] ./.","(S (NP-SBJ (PRP she)) (VP (VBD came) (ADVP-DIR (RB home))))|||(S (CC and) (NP-SBJ (NP (NP (NN everything)) (NP (-NONE- *ICH*-1))) (PP-LOC (IN in) (NP (PRP$ her) (NN house)))) (VP (VBD was) (ADVP (RB total)) (VP (JJ gone) (, ,) (NP-1 (NP (JJ light) (NNS fixtures)) (, ,) (NP (NN everything))))) (. .) (-DFL- E_S))",92|||93,160.18,164.6
sw01utt/sw_0192_3495.utt,3/sw3495,3495,66,sd,B,31,7,"{C And } nobody thought any different,  /","And/CC  [ nobody/NN ] thought/VBD  [ any/DT different/JJ ] ,/,","(S (CC And) (NP-SBJ (NN nobody)) (VP (VBD thought) (ADVP-MNR (DT any) (JJ different))) (, ,) (-DFL- E_S))",94,164.8,166.88000000000002
sw01utt/sw_0192_3495.utt,3/sw3495,3495,67,sd,B,31,8,they just thought she was moving.  /,[ they/PRP ] just/RB thought/VBD  [ she/PRP ] was/VBD moving/VBG ./.,(S (NP-SBJ (PRP they)) (ADVP (RB just)) (VP (VBD thought) (SBAR (-NONE- 0) (S (NP-SBJ (PRP she)) (VP (VBD was) (VP (VBG moving)))))) (. .) (-DFL- E_S)),95,166.9,167.84
sw01utt/sw_0192_3495.utt,3/sw3495,3495,68,sd,B,31,9,"It was a moving man pulled  right up to her house, broke in and stole everything she owned <laughter>. /","[ It/PRP ] was/VBD  [ a/DT moving/VBG man/NN ] pulled/VBD right/RB up/IN to/IN  [ her/PRP ] [ house/NN ] ,/, broke/VBD in/IN and/CC stole/VBD  [ everything/NN ] [ she/PRP ] owned/VBD ./.","(S (NP-SBJ (PRP It)) (VP (VBD was) (SBAR-PRD (-NONE- 0) (S (NP-SBJ (DT a) (VBG moving) (NN man)) (VP (VP (VBD pulled) (PP (ADVP (RB right)) (IN up) (PP (IN to) (NP (PRP her) (NN house))))) (, ,) (VP (VBD broke) (PRT (IN in))) (CC and) (VP (VBD stole) (NP (NP (NN everything)) (SBAR (WHNP-1 (-NONE- 0)) (S (NP-SBJ (PRP she)) (VP (VBD owned) (NP (-NONE- *T*-1))))))))))) (. .) (-DFL- E_S))",96,167.84,171.32
sw01utt/sw_0192_3495.utt,3/sw3495,3495,69,sv,A,32,1,"Boy [ that really, + that really ]  takes someone who is bold to do that. /","[ Boy/UH ] that/DT really/RB ,/,  [ that/DT ] really/RB takes/VBZ  [ someone/NN ] [ who/WP ] is/VBZ bold/JJ to/TO do/VB  [ that/DT ] ./.","(S (INTJ (UH Boy)) (EDITED (RM (-DFL- \[)) (S-UNF (NP-SBJ (DT that)) (ADVP (RB really))) (, ,) (IP (-DFL- \+))) (NP-SBJ (DT that)) (ADVP (RB really)) (RS (-DFL- \])) (VP (VBZ takes) (NP (NP (NN someone)) (SBAR (WHNP-1 (WP who)) (S (NP-SBJ (-NONE- *T*-1)) (VP (VBZ is) (ADJP-PRD (JJ bold)))))) (S-TPC (NP-SBJ (-NONE- *)) (VP (TO to) (VP (VB do) (NP (DT that)))))) (. .) (-DFL- E_S))",98,172.54,175.56
sw01utt/sw_0192_3495.utt,3/sw3495,3495,70,aa,B,33,1,"{D Well, } yeah,  /","Well/UH ,/, yeah/UH ,/,","(INTJ (INTJ (UH Well)) (, ,) (INTJ (UH yeah)) (, ,) (-DFL- E_S))",100,175.78,176.38
sw01utt/sw_0192_3495.utt,3/sw3495,3495,71,sv,B,33,2,"[ [ it's, +  it's, ] +  it's ]  pretty bad <laughter>. /","[ it/PRP ] 's/BES ,/,  [ it/PRP ] 's/BES ,/,  [ it/PRP ] 's/BES pretty/RB bad/JJ ./.","(S (EDITED (RM (-DFL- \[)) (EDITED (RM (-DFL- \[)) (S (NP-SBJ (PRP it)) (VP-UNF (BES 's))) (, ,) (IP (-DFL- \+))) (S (NP-SBJ (PRP it)) (VP-UNF (BES 's))) (, ,) (RS (-DFL- \])) (IP (-DFL- \+))) (NP-SBJ (PRP it)) (VP (BES 's) (RS (-DFL- \])) (ADJP-PRD (RB pretty) (JJ bad))) (. .) (-DFL- E_S))",101,176.38,178.24
sw01utt/sw_0192_3495.utt,3/sw3495,3495,72,qy,A,34,1,"{D Well, } now, do you find that security  is very good [ [ in, +  in a, ] +  in a ] town home? /","Well/UH ,/, now/UH ,/, do/VBP  [ you/PRP ] find/VB  [ that/IN security/NN ] is/VBZ very/RB good/JJ in/IN ,/, in/IN  [ a/DT ] ,/, in/IN  [ a/DT town/NN home/NN ] ?/.","(SQ (INTJ (UH Well)) (, ,) (INTJ (UH now)) (, ,) (VBP do) (NP-SBJ (PRP you)) (VP (VB find) (SBAR (IN that) (S (NP-SBJ (NN security)) (VP (VBZ is) (ADJP-PRD (RB very) (JJ good)) (EDITED (RM (-DFL- \[)) (EDITED (RM (-DFL- \[)) (PP-LOC-UNF (IN in)) (, ,) (IP (-DFL- \+))) (PP-LOC (IN in) (NP-UNF (DT a))) (, ,) (RS (-DFL- \])) (IP (-DFL- \+))) (PP-LOC (IN in) (NP (DT a) (RS (-DFL- \])) (NN town) (NN home))))))) (. ?) (-DFL- E_S))",103,179.72,183.74
sw01utt/sw_0192_3495.utt,3/sw3495,3495,73,na,B,35,1,"{F Uh, } I would say so for the majority  [ [ in, +  in  our, ] + in my ] little section of the neighborhood because there is always somebody at home -- /","[ Uh/UH ] ,/,  [ I/PRP ] would/MD say/VB so/RB for/IN  [ the/DT majority/NN ] in/IN ,/, in/IN  [ our/PRP$ ] ,/, in/IN  [ my/PRP$ little/JJ section/NN ] of/IN  [ the/DT neighborhood/NN ] because/IN  [ there/EX ] is/VBZ always/RB  [ somebody/NN ] at/IN  [ home/NN ] --/:","(S (INTJ (UH Uh)) (, ,) (NP-SBJ (PRP I)) (VP (MD would) (VP (VB say) (ADVP (RB so)) (PP (IN for) (NP (NP (DT the) (NN majority)) (EDITED (RM (-DFL- \[)) (EDITED (RM (-DFL- \[)) (PP-LOC-UNF (IN in)) (, ,) (IP (-DFL- \+))) (PP-LOC (IN in) (NP-UNF (PRP$ our))) (, ,) (RS (-DFL- \])) (IP (-DFL- \+))) (PP-LOC (IN in) (NP (NP (PRP$ my) (RS (-DFL- \])) (JJ little) (NN section)) (PP (IN of) (NP (DT the) (NN neighborhood))))))) (SBAR-PRP (IN because) (S (NP-SBJ (EX there)) (VP (VBZ is) (ADVP-TMP (RB always)) (NP-PRD (NP (NN somebody)) (PP-LOC (IN at) (NP (NN home))))))))) (-DFL- E_S))",105,184.36,192.42000000000002
sw01utt/sw_0192_3495.utt,3/sw3495,3495,74,b,A,36,1,Uh-huh. /,[ Uh-huh/UH ] ./.,(INTJ (UH Uh-huh) (. .) (-DFL- E_S)),85,192.86,192.98000000000002
sw01utt/sw_0192_3495.utt,3/sw3495,3495,75,sd,B,37,1,-- {C and } we all know one another  /,--/: and/CC  [ we/PRP ] [ all/DT ] know/VBP  [ one/CD another/DT ],(S (CC and) (NP-SBJ (NP (PRP we)) (NP (DT all))) (VP (VBP know) (NP (CD one) (DT another))) (-DFL- E_S)),109,193.06,194.3
sw01utt/sw_0192_3495.utt,3/sw3495,3495,76,sd,B,37,2,"[ {C and, } +  {C and, } ]  on our one little section of the street we all know one another  and know that we're not moving <laughter> and  different things like that. /","and/CC ,/, and/CC ,/, on/IN  [ our/PRP$ one/CD little/JJ section/NN ] of/IN  [ the/DT street/NN ] [ we/PRP ] [ all/DT ] know/VBP  [ one/CD another/DT ] and/CC know/VBP that/IN  [ we/PRP ] 're/VBP not/RB moving/VBG and/CC  [ different/JJ things/NNS ] like/IN  [ that/DT ] ./.","(S (EDITED (RM (-DFL- \[)) (CC and) (, ,) (IP (-DFL- \+))) (CC and) (, ,) (RS (-DFL- \])) (PP-LOC (IN on) (NP (NP (PRP$ our) (CD one) (JJ little) (NN section)) (PP (IN of) (NP (DT the) (NN street))))) (NP-SBJ (NP (PRP we)) (NP (DT all))) (VP (VP (VBP know) (NP (CD one) (DT another))) (CC and) (VP (VBP know) (UCP (SBAR (IN that) (S (NP-SBJ (PRP we)) (VP (VBP 're) (RB not) (VP (VBG moving))))) (CC and) (NP (NP (JJ different) (NNS things)) (PP (IN like) (NP (DT that))))))) (. .) (-DFL- E_S))",110,194.3,201.64000000000001
sw01utt/sw_0192_3495.utt,3/sw3495,3495,77,%,A,38,1,"{D Well, } that, -/","Well/UH ,/, that/DT ,/,","(S-UNF (INTJ (UH Well)) (, ,) (NP-SBJ (DT that)) (, ,) (-DFL- N_S))",77,202.12,202.5
sw01utt/sw_0192_3495.utt,3/sw3495,3495,78,%,B,39,1,"It's, - /","[ It/PRP ] 's/BES ,/,","(S (NP-SBJ (PRP It)) (VP-UNF (BES 's)) (, ,) (-DFL- N_S))",114,202.5,202.64
sw01utt/sw_0192_3495.utt,3/sw3495,3495,79,sd,B,39,2,"[ [ I, +  I'm, ] +  I'm ]  probably [ the, +  one of the ] youngest people that live over here. /","[ I/PRP ] ,/,  [ I/PRP ] 'm/VBP ,/,  [ I/PRP ] 'm/VBP probably/RB  [ the/DT ] ,/,  [ one/CD ] of/IN  [ the/DT youngest/JJS people/NNS ] [ that/WDT ] live/VBP over/IN here/RB ./.","(S (EDITED (RM (-DFL- \[)) (EDITED (RM (-DFL- \[)) (NP-SBJ (PRP I)) (, ,) (IP (-DFL- \+))) (S (NP-SBJ (PRP I)) (VP-UNF (VBP 'm))) (, ,) (RS (-DFL- \])) (IP (-DFL- \+))) (NP-SBJ (PRP I)) (VP (VBP 'm) (RS (-DFL- \])) (ADVP (RB probably)) (EDITED (RM (-DFL- \[)) (NP-PRD-UNF (DT the)) (, ,) (IP (-DFL- \+))) (NP-PRD (NP (CD one)) (PP (IN of) (NP (NP (DT the) (RS (-DFL- \])) (JJS youngest) (NNS people)) (SBAR (WHNP-1 (WDT that)) (S (NP-SBJ (-NONE- *T*-1)) (VP (VBP live) (PP-LOC (IN over) (ADVP (RB here)))))))))) (. .) (-DFL- E_S))",115,203.1,207.76000000000002
sw01utt/sw_0192_3495.utt,3/sw3495,3495,80,bk,A,40,1,I see. /,[ I/PRP ] see/VBP ./.,(S (NP-SBJ (PRP I)) (VP (VBP see)) (. .) (-DFL- E_S)),117,207.76,208.02
sw01utt/sw_0192_3495.utt,3/sw3495,3495,81,sd,B,41,1,"Most people [ are, +  are, ] retired  /","[ Most/JJS people/NNS ] are/VBP ,/, are/VBP ,/, retired/JJ","(S (NP-SBJ (JJS Most) (NNS people)) (EDITED (RM (-DFL- \[)) (VP-UNF (VBP are)) (, ,) (IP (-DFL- \+))) (VP (VBP are) (, ,) (RS (-DFL- \])) (ADJP-PRD (JJ retired))) (-DFL- E_S))",119,208.02,210.3
sw01utt/sw_0192_3495.utt,3/sw3495,3495,82,sd,B,41,2,"[ [ {C or, } +  {C or, } ] +  {C or, } ]  {D you know, } [ they're, +  they're ] in their forties [ or, +  or ] whatever.  /","or/CC ,/, or/CC ,/, or/CC ,/,  [ you/PRP ] know/VBP ,/,  [ they/PRP ] 're/VBP ,/,  [ they/PRP ] 're/VBP in/IN  [ their/PRP$ forties/NNS ] or/CC ,/, or/CC  [ whatever/WP ] ./.","(S (EDITED (RM (-DFL- \[)) (EDITED (RM (-DFL- \[)) (CC or) (, ,) (IP (-DFL- \+))) (CC or) (, ,) (RS (-DFL- \])) (IP (-DFL- \+))) (CC or) (, ,) (RS (-DFL- \])) (PRN (S (NP-SBJ (PRP you)) (VP (VBP know))) (, ,)) (EDITED (RM (-DFL- \[)) (S (NP-SBJ (PRP they)) (VP-UNF (VBP 're))) (, ,) (IP (-DFL- \+))) (NP-SBJ (PRP they)) (VP (VBP 're) (RS (-DFL- \])) (PP-PRD (IN in) (NP (NP (PRP$ their) (NNS forties)) (EDITED (RM (-DFL- \[)) (CC or) (, ,) (IP (-DFL- \+))) (CC or) (RS (-DFL- \])) (NP (WP whatever))))) (. .) (-DFL- E_S))",120,210.3,215.92000000000002
sw01utt/sw_0192_3495.utt,3/sw3495,3495,83,sd,B,41,3,"[ {C So } +  {C and } ] I'm in my twenties,  /","So/UH and/CC  [ I/PRP ] 'm/VBP in/IN  [ my/PRP$ twenties/NNS ] ,/,","(S (EDITED (RM (-DFL- \[)) (RB So) (IP (-DFL- \+))) (CC and) (RS (-DFL- \])) (NP-SBJ (PRP I)) (VP (VBP 'm) (PP-PRD (IN in) (NP (PRP$ my) (NNS twenties)))) (, ,) (-DFL- E_S))",121,216.3,218.76
sw01utt/sw_0192_3495.utt,3/sw3495,3495,84,sd,B,41,4,"{C so } [ [ I, +  I'm, ] +  I'm ] out more than they are,  /","so/RB  [ I/PRP ] ,/,  [ I/PRP ] 'm/VBP ,/,  [ I/PRP ] 'm/VBP out/RB more/RBR than/IN  [ they/PRP ] are/VBP ,/,","(S (RB so) (EDITED (RM (-DFL- \[)) (EDITED (RM (-DFL- \[)) (NP-SBJ (PRP I)) (, ,) (IP (-DFL- \+))) (S (NP-SBJ (PRP I)) (VP-UNF (VBP 'm))) (, ,) (RS (-DFL- \])) (IP (-DFL- \+))) (NP-SBJ (PRP I)) (VP (VBP 'm) (RS (-DFL- \])) (ADJP-PRD (RB out)) (ADVP (ADVP (RBR more)) (SBAR (IN than) (S (NP-SBJ (PRP they)) (VP (VBP are) (ADJP-PRD (-NONE- *?*))))))) (, ,) (-DFL- E_S))",122,218.76,221.88
sw01utt/sw_0192_3495.utt,3/sw3495,3495,85,sd,B,41,5,{C but } --,but/CC --/:,"(S (CC but) (NP-SBJ (PRP they)) (VP (VBP 're) (PP-LOC-PRD (IN at) (NP (NN home))) (PP-TMP (IN at) (NP (NN night)))) (, ,) (-DFL- E_S))",123,221.9,222.04
sw01utt/sw_0192_3495.utt,3/sw3495,3495,86,b,A,42,1,Yeah. /,Yeah/UH ./.,(INTJ (UH Yeah) (. .) (-DFL- E_S)),125,222.04,222.23999999999998
sw01utt/sw_0192_3495.utt,3/sw3495,3495,87,+,B,43,1,"-- they're at home at night,  /","--/:  [ they/PRP ] 're/VBP at/IN  [ home/NN ] at/IN  [ night/NN ] ,/,","(S (CC but) (NP-SBJ (PRP they)) (VP (VBP 're) (PP-LOC-PRD (IN at) (NP (NN home))) (PP-TMP (IN at) (NP (NN night)))) (, ,) (-DFL- E_S))",123,222.24,223.04
sw01utt/sw_0192_3495.utt,3/sw3495,3495,88,sd,B,43,2,{C so } I really don't worry about anything. /,so/RB  [ I/PRP ] really/RB do/VBP n't/RB worry/VB about/IN  [ anything/NN ] ./.,(S (RB so) (NP-SBJ (PRP I)) (ADVP (RB really)) (VP (VBP do) (RB n't) (VP (VB worry) (PP (IN about) (NP (NN anything))))) (. .) (-DFL- E_S)),127,223.04,224.29999999999998
sw01utt/sw_0192_3495.utt,3/sw3495,3495,89,sv,A,44,1,"{D Well, } I think you hit on one  point there is you know each other. /","Well/UH ,/,  [ I/PRP ] think/VBP  [ you/PRP ] hit/VBP on/IN  [ one/CD ] point/NN  [ there/EX ] is/VBZ  [ you/PRP ] know/VBP  [ each/DT other/JJ ] ./.","(S (INTJ (UH Well)) (, ,) (NP-SBJ (PRP I)) (VP (VBP think) (SBAR (-NONE- 0) (S (NP-SBJ (PRP you)) (VP (VBP hit) (PP (IN on) (NP (NP (CD one) (NN point)) (SBAR (-NONE- *ICH*-2)))) (ADVP (EX there)) (SBAR-2 (WHNP-1 (-NONE- 0)) (S (NP-SBJ (-NONE- *T*-1)) (VP (VBZ is) (SBAR-PRD (-NONE- 0) (S (NP-SBJ (PRP you)) (VP (VBP know) (NP (DT each) (JJ other)))))))))))) (. .) (-DFL- E_S))",129,225.12,228.28
sw01utt/sw_0192_3495.utt,3/sw3495,3495,90,b,B,45,1,Yeah. /,Yeah/UH ./.,(INTJ (UH Yeah) (. .) (-DFL- E_S)),125,228.42,228.51999999999998
sw01utt/sw_0192_3495.utt,3/sw3495,3495,91,sd,A,46,1,"[ I'm, +  I'm ]  in a neighborhood  where we try to keep up with everything.  /","[ I/PRP ] 'm/VBP ,/,  [ I/PRP ] 'm/VBP in/IN  [ a/DT neighborhood/NN ] where/WRB  [ we/PRP ] try/VBP to/TO keep/VB up/RP with/IN  [ everything/NN ] ./.","(S (EDITED (RM (-DFL- \[)) (S (NP-SBJ (PRP I)) (VP-UNF (VBP 'm))) (, ,) (IP (-DFL- \+))) (NP-SBJ (PRP I)) (VP (VBP 'm) (RS (-DFL- \])) (PP-LOC-PRD (IN in) (NP (NP (DT a) (NN neighborhood)) (SBAR (WHADVP-2 (WRB where)) (S (NP-SBJ-1 (PRP we)) (VP (VBP try) (S (NP-SBJ (-NONE- *-1)) (VP (TO to) (VP (VB keep) (PRT (RP up)) (PP (IN with) (NP (NN everything)))))) (ADVP-LOC (-NONE- *T*-2)))))))) (. .) (-DFL- E_S))",133,228.52,231.98000000000002
sw01utt/sw_0192_3495.utt,3/sw3495,3495,92,sd,A,46,2,"{F Uh, } I am, {F oh, } about three blocks off a major road   and, {F uh, } a couple of blocks off another road that kind of runs, - /","[ Uh/UH ] ,/,  [ I/PRP ] am/VBP ,/, oh/UH ,/, about/RB  [ three/CD blocks/NNS ] off/IN  [ a/DT major/JJ road/NN ] and/CC ,/,  [ uh/UH ] ,/,  [ a/DT couple/NN ] of/IN  [ blocks/NNS ] off/IN  [ another/DT road/NN ] [ that/DT kind/RB ] of/RB  [ runs/VBZ ] ,/,","(S (INTJ (UH Uh)) (, ,) (NP-SBJ (PRP I)) (VP (VBP am) (, ,) (INTJ (UH oh)) (, ,) (PP-LOC-PRD (PP (NP-ADV (QP (RB about) (CD three)) (NNS blocks)) (IN off) (NP (DT a) (JJ major) (NN road))) (CC and) (, ,) (INTJ (UH uh)) (, ,) (PP (NP-ADV (NP (DT a) (NN couple)) (PP (IN of) (NP (NNS blocks)))) (IN off) (NP (NP (DT another) (NN road)) (SBAR (WHNP-1 (DT that)) (S (NP-SBJ (-NONE- *T*-1)) (ADVP (RB kind) (RB of)) (VP-UNF (VBZ runs)))))))) (, ,) (-DFL- N_S))",134,232.74,241.16
sw01utt/sw_0192_3495.utt,3/sw3495,3495,93,sd,A,46,3,"I guess you would say the neighborhood road, it runs between the high school and [ the, +  the ] commercial districts  /","[ I/PRP ] guess/VBP  [ you/PRP ] would/MD say/VB  [ the/DT neighborhood/NN road/NN ] ,/,  [ it/PRP ] runs/VBZ between/IN  [ the/DT high/JJ school/NN ] and/CC  [ the/DT ] ,/,  [ the/DT commercial/JJ districts/NNS ]","(S (NP-SBJ (PRP I)) (VP (VBP guess) (SBAR (-NONE- 0) (S (NP-SBJ (PRP you)) (VP (MD would) (VP (VB say) (SBAR (-NONE- 0) (S (NP-TPC (DT the) (NN neighborhood) (NN road)) (, ,) (NP-SBJ (PRP it)) (VP (VBZ runs) (PP-DIR (IN between) (NP (NP (DT the) (JJ high) (NN school)) (CC and) (EDITED (RM (-DFL- \[)) (NP-UNF (DT the)) (, ,) (IP (-DFL- \+))) (NP (DT the) (RS (-DFL- \])) (JJ commercial) (NNS districts)))))))))))) (-DFL- E_S))",135,241.84,247.92000000000002
sw01utt/sw_0192_3495.utt,3/sw3495,3495,94,sd,A,46,4,"{C and, }  {F uh, } I'm over the northeast part of Dallas.  /","and/CC ,/,  [ uh/UH ] ,/,  [ I/PRP ] 'm/VBP over/IN  [ the/DT northeast/JJ part/NN ] of/IN  [ Dallas/NNP ] ./.","(S (CC and) (, ,) (INTJ (UH uh)) (, ,) (NP-SBJ (PRP I)) (VP (VBP 'm) (PP-LOC-PRD (IN over) (NP (NP (DT the) (JJ northeast) (NN part)) (PP (IN of) (NP (NNP Dallas)))))) (. .) (-DFL- E_S))",136,247.94,251.54
sw01utt/sw_0192_3495.utt,3/sw3495,3495,95,sd,A,46,5,"It's [ a, +  in a ]  nice neighborhood.  /","[ It/PRP ] 's/BES  [ a/DT ] ,/, in/IN  [ a/DT nice/JJ neighborhood/NN ] ./.","(S (NP-SBJ (PRP It)) (VP (BES 's) (EDITED (RM (-DFL- \[)) (NP-PRD-UNF (DT a)) (, ,) (IP (-DFL- \+))) (PP-LOC-PRD (IN in) (NP (DT a) (RS (-DFL- \])) (JJ nice) (NN neighborhood)))) (. .) (-DFL- E_S))",137,251.68,253.28
sw01utt/sw_0192_3495.utt,3/sw3495,3495,96,sd,A,46,6,"The houses here, {F uh, }  before the recession  were running two hundred thousand or so  /","[ The/DT houses/NNS ] here/RB ,/,  [ uh/UH ] ,/, before/IN  [ the/DT recession/NN ] were/VBD running/VBG  [ two/CD hundred/CD thousand/CD ] or/CC so/RB","(S (NP-SBJ (NP (DT The) (NNS houses)) (ADVP-LOC (RB here))) (, ,) (INTJ (UH uh)) (, ,) (PP-TMP (IN before) (NP (DT the) (NN recession))) (VP (VBD were) (VP (VBG running) (NP (QP (CD two) (CD hundred) (CD thousand) (CC or) (RB so))))) (-DFL- E_S))",138,253.28,258.78
sw01utt/sw_0192_3495.utt,3/sw3495,3495,97,sd,A,46,7,"{C and, }  course, everything's down ten to twenty percent now. /","and/CC ,/,  [ course/NN ] ,/,  [ everything/NN ] 's/BES down/RB  [ ten/CD ] to/IN  [ twenty/CD percent/NN ] now/RB ./.","(S (CC and) (, ,) (NP-ADV (NN course)) (, ,) (NP-SBJ (NN everything)) (VP (BES 's) (ADVP-PRD (RB down) (NP (QP (CD ten) (IN to) (CD twenty)) (NN percent))) (ADVP-TMP (RB now))) (. .) (-DFL- E_S))",139,258.78,261.88
sw01utt/sw_0192_3495.utt,3/sw3495,3495,98,b,B,47,1,"Yeah,  /","Yeah/UH ,/,","(INTJ (UH Yeah) (, ,) (-DFL- E_S))",141,261.9,262.34
sw01utt/sw_0192_3495.utt,3/sw3495,3495,99,sd,B,47,2,"{D see, } that's the same thing here. /","see/UH ,/,  [ that/DT ] 's/BES  [ the/DT same/JJ thing/NN ] here/RB ./.","(S (INTJ (UH see)) (, ,) (NP-SBJ (DT that)) (VP (BES 's) (NP-PRD (DT the) (JJ same) (NN thing)) (ADVP-LOC (RB here))) (. .) (-DFL- E_S))",142,262.34,263.72
sw01utt/sw_0192_3495.utt,3/sw3495,3495,100,sd,A,48,1,"{C But } we have, {F uh, } - /","But/CC  [ we/PRP ] have/VBP ,/,  [ uh/UH ] ,/,","(S (CC But) (NP-SBJ (PRP we)) (VP-UNF (VBP have) (, ,) (INTJ (UH uh))) (, ,) (-DFL- N_S))",144,264.36,265.28
sw01utt/sw_0192_3495.utt,3/sw3495,3495,101,sd,A,48,2,"[ one, +  one ]  thing that effects us is we have apartments that are probably about a half mile away /","[ one/CD ] ,/,  [ one/CD thing/NN ] [ that/WDT ] effects/VBZ  [ us/PRP ] is/VBZ  [ we/PRP ] have/VBP  [ apartments/NNS ] [ that/WDT ] are/VBP probably/RB about/RB  [ a/DT half/JJ mile/NN ] away/RB","(S (EDITED (RM (-DFL- \[)) (NP-SBJ-UNF (CD one)) (, ,) (IP (-DFL- \+))) (NP-SBJ (NP (CD one) (RS (-DFL- \])) (NN thing)) (SBAR (WHNP-2 (WDT that)) (S (NP-SBJ (-NONE- *T*-2)) (VP (TYPO (VBZ effects)) (NP (PRP us)))))) (VP (VBZ is) (SBAR-PRD (-NONE- 0) (S (NP-SBJ (PRP we)) (VP (VBP have) (NP (NP (NNS apartments)) (SBAR (WHNP-1 (WDT that)) (S (NP-SBJ (-NONE- *T*-1)) (VP (VBP are) (ADVP (RB probably)) (ADVP-LOC-PRD (NP (QP (RB about) (DT a) (JJ half)) (NN mile)) (RB away)))))))))) (-DFL- E_S))",145,266.22,271.6
sw01utt/sw_0192_3495.utt,3/sw3495,3495,102,sd,A,48,3,"{C and } now the economy is bad,  /","and/CC now/RB  [ the/DT economy/NN ] is/VBZ bad/JJ ,/,","(S (CC and) (ADVP-TMP (RB now)) (NP-SBJ (DT the) (NN economy)) (VP (VBZ is) (ADJP-PRD (JJ bad))) (, ,) (-DFL- E_S))",146,272.58,274.90000000000003
sw01utt/sw_0192_3495.utt,3/sw3495,3495,103,sd,A,48,4,they have trouble keeping those full  /,[ they/PRP ] have/VBP  [ trouble/NN ] keeping/VBG  [ those/DT full/JJ ],(S (NP-SBJ-1 (PRP they)) (VP (VBP have) (NP (NP (NN trouble)) (S-NOM (NP-SBJ (-NONE- *-1)) (VP (VBG keeping) (S (NP-SBJ (DT those)) (ADJP-PRD (JJ full))))))) (-DFL- E_S)),147,274.9,276.14
sw01utt/sw_0192_3495.utt,3/sw3495,3495,104,sd,A,48,5,"{C  so } they've dropped the, {F uh, } - /","so/RB  [ they/PRP ] 've/VBP dropped/VBN  [ the/DT ] ,/,  [ uh/UH ] ,/,","(S (RB so) (NP-SBJ (PRP they)) (VP (VBP 've) (VP (VBN dropped) (NP-UNF (DT the) (, ,) (INTJ (UH uh))))) (, ,) (-DFL- N_S))",148,276.14,277.64
sw01utt/sw_0192_3495.utt,3/sw3495,3495,105,sd,A,48,6,they're not nearly as selective as they used to be. /,[ they/PRP ] 're/VBP not/RB nearly/RB as/RB selective/JJ as/IN  [ they/PRP ] used/VBD to/TO be/VB ./.,(S (NP-SBJ (PRP they)) (VP (VBP 're) (RB not) (ADJP-PRD (ADJP (RB nearly) (RB as) (JJ selective)) (SBAR (IN as) (S (NP-SBJ-1 (PRP they)) (VP (VBD used) (S (NP-SBJ (-NONE- *-1)) (VP (TO to) (VP (VB be) (ADJP-PRD (-NONE- *?*)))))))))) (. .) (-DFL- E_S)),149,279.1,281.38
sw01utt/sw_0192_3495.utt,3/sw3495,3495,106,b,B,49,1,Yeah. /,Yeah/UH ./.,(INTJ (UH Yeah) (. .) (-DFL- E_S)),125,281.56,281.94
sw01utt/sw_0192_3495.utt,3/sw3495,3495,107,sv,A,50,1,"{C And, }  course, that's kind of like a cancer in an apartment complex.  /","And/CC ,/,  [ course/NN ] ,/,  [ that/WDT ] 's/BES  [ kind/RB ] of/RB like/IN  [ a/DT cancer/NN ] in/IN  [ an/DT apartment/NN complex/NN ] ./.","(S (CC And) (, ,) (NP-ADV (NN course)) (, ,) (NP-SBJ (WDT that)) (VP (BES 's) (ADVP (RB kind) (RB of)) (PP-PRD (IN like) (NP (NP (DT a) (NN cancer)) (PP-LOC (IN in) (NP (DT an) (NN apartment) (NN complex)))))) (. .) (-DFL- E_S))",153,282.54,285.58
sw01utt/sw_0192_3495.utt,3/sw3495,3495,108,sv,A,50,2,You start letting that happen and they go down  /,[ You/PRP ] start/VBP letting/VBG  [ that/DT ] happen/VB and/CC  [ they/PRP ] go/VBP down/RB,(S (NP-SBJ-1 (PRP You)) (VP (VBP start) (S (NP-SBJ (-NONE- *-1)) (VP (VBG letting) (S (NP-SBJ (DT that)) (VP (VB happen)))))))|||(S (CC and) (NP-SBJ (PRP they)) (VP (VBP go) (ADVP (RB down))) (-DFL- E_S)),154|||155,285.6,287.53999999999996
sw01utt/sw_0192_3495.utt,3/sw3495,3495,109,sv,A,50,3,{C and then } before  you know it you have drugs and a lot of other things  /,and/CC then/RB before/IN  [ you/PRP ] know/VBP  [ it/PRP ] [ you/PRP ] have/VBP  [ drugs/NNS ] and/CC  [ a/DT lot/NN ] of/IN  [ other/JJ things/NNS ],(S (CONJP (CC and) (RB then)) (SBAR-TMP (IN before) (S (NP-SBJ (PRP you)) (VP (VBP know) (NP (PRP it))))) (NP-SBJ (PRP you)) (VP (VBP have) (NP (NP (NNS drugs)) (CC and) (NP (NP (DT a) (NN lot)) (PP (IN of) (NP (JJ other) (NNS things)))))) (-DFL- E_S)),156,287.54,290.9
sw01utt/sw_0192_3495.utt,3/sw3495,3495,110,sv,A,50,4,"{C  so, }  {F uh, } I'm sure that aggravates it also. /","so/UH ,/,  [ uh/UH ] ,/,  [ I/PRP ] 'm/VBP sure/JJ  [ that/DT ] aggravates/VBZ  [ it/PRP ] also/RB ./.","(S (RB so) (, ,) (INTJ (UH uh)) (, ,) (NP-SBJ (PRP I)) (VP (VBP 'm) (ADJP-PRD (JJ sure) (SBAR (-NONE- 0) (S (NP-SBJ (DT that)) (VP (VBZ aggravates) (NP (PRP it)) (ADVP (RB also))))))) (. .) (-DFL- E_S))",157,290.9,293.70000000000005
sw01utt/sw_0192_3495.utt,3/sw3495,3495,111,b,B,51,1,Yeah. /,Yeah/UH ./.,(INTJ (UH Yeah) (. .) (-DFL- E_S)),125,294.16,294.52000000000004
sw01utt/sw_0192_3495.utt,3/sw3495,3495,112,sd,A,52,1,"{C But, }  unemployment now in Dallas,  or in Texas is up around six point, -/","But/CC ,/,  [ unemployment/NN ] now/RB in/IN  [ Dallas/NNP ] ,/, or/CC in/IN  [ Texas/NNP ] is/VBZ up/IN around/IN  [ six/CD point/NN ] ,/,","(S (CC But) (, ,) (NP-SBJ (NP (NN unemployment)) (PP-LOC (-NONE- *ICH*-1))) (ADVP-TMP (RB now)) (PP-LOC-1 (PP (IN in) (NP (NNP Dallas))) (, ,) (CC or) (PP (IN in) (NP (NNP Texas)))) (VP (VBZ is) (PP-PRD (IN up) (PP (IN around) (NP-UNF (QP (CD six) (NN point)))))) (, ,) (-DFL- N_S))",161,295.0,299.08
