swda_filename,ptb_basename,conversation_no,transcript_index,act_tag,caller,utterance_index,subutterance_index,text,pos,trees,ptb_treenumbers,start_ts,end_ts
sw05utt/sw_0505_3569.utt,3/sw3569,3569,0,%,B,1,1,"[ What, + what, ] - /","[ What/WP ] ,/,  [ what/WP ] ,/,","(SBARQ-UNF (EDITED (RM (-DFL- \[)) (WHNP (WP What)) (, ,) (IP (-DFL- \+))) (WHNP (WP what)) (, ,) (RS (-DFL- \])) (-DFL- N_S))",1.0,0.02,0.64
sw05utt/sw_0505_3569.utt,3/sw3569,3569,1,qw,B,1,2,how do you get your main source of current events? /,how/WRB do/VBP  [ you/PRP ] get/VB  [ your/PRP$ main/JJ source/NN ] of/IN  [ current/JJ events/NNS ] ?/.,(SBARQ (WHADVP-1 (WRB how)) (SQ (VBP do) (NP-SBJ (PRP you)) (VP (VB get) (NP (NP (PRP$ your) (JJ main) (NN source)) (PP (IN of) (NP (JJ current) (NNS events)))) (ADVP-MNR (-NONE- *T*-1)))) (. ?) (-DFL- E_S)),2.0,0.64,3.12
sw05utt/sw_0505_3569.utt,3/sw3569,3569,2,sd,A,2,1,"{D Well, } {F uh, } until recently I was taking the WALL STREET JOURNAL,  /","Well/UH ,/,  [ uh/UH ] ,/, until/IN recently/RB  [ I/PRP ] was/VBD taking/VBG  [ the/DT WALL/NNP STREET/NNP JOURNAL/NNP ] ,/,","(S (INTJ (UH Well)) (, ,) (INTJ (UH uh)) (, ,) (PP-TMP (IN until) (ADVP (RB recently))) (NP-SBJ (PRP I)) (VP (VBD was) (VP (VBG taking) (NP (DT the) (NNP WALL) (NNP STREET) (NNP JOURNAL)))) (, ,) (-DFL- E_S))",4.0,4.08,8.1
sw05utt/sw_0505_3569.utt,3/sw3569,3569,3,sd,A,2,2,"{C and } I thought that was a good way,  /","and/CC  [ I/PRP ] thought/VBD  [ that/DT ] was/VBD  [ a/DT good/JJ way/NN ] ,/,","(S (CC and) (NP-SBJ (PRP I)) (VP (VBD thought) (SBAR (-NONE- 0) (S (NP-SBJ (DT that)) (VP (VBD was) (NP-PRD (DT a) (JJ good) (NN way)))))) (, ,) (-DFL- E_S))",5.0,8.1,9.74
sw05utt/sw_0505_3569.utt,3/sw3569,3569,4,sd,A,2,3,{C but } I have about five different magazines that I get that keeps me up on things.  /,but/CC  [ I/PRP ] have/VBP about/RB  [ five/CD different/JJ magazines/NNS ] that/WDT  [ I/PRP ] get/VBP  [ that/DT ] keeps/VBZ  [ me/PRP ] up/RP on/IN  [ things/NNS ] ./.,(S (CC but) (NP-SBJ (PRP I)) (VP (VBP have) (NP (NP (QP (RB about) (CD five)) (JJ different) (NNS magazines)) (SBAR (WHNP-2 (WDT that)) (S (NP-SBJ (PRP I)) (VP (VBP get) (NP (-NONE- *T*-2))))) (SBAR (WHNP-1 (DT that)) (S (NP-SBJ (-NONE- *T*-1)) (VP (VBZ keeps) (NP (PRP me)) (PP (RP up) (PP (IN on) (NP (NNS things))))))))) (. .) (-DFL- E_S)),6.0,9.74,17.82
sw05utt/sw_0505_3569.utt,3/sw3569,3569,5,sd,A,2,4,"{D You know, }  it's a week or two late,  /","[ You/PRP ] know/VBP ,/,  [ it/PRP ] 's/BES  [ a/DT week/NN ] or/CC  [ two/CD late/JJ ] ,/,","(S (PRN (S (NP-SBJ (PRP You)) (VP (VBP know))) (, ,)) (NP-SBJ (PRP it)) (VP (BES 's) (ADJP-PRD (NP-ADV (DT a) (NN week) (QP (CC or) (CD two))) (JJ late))) (, ,) (-DFL- E_S))",7.0,17.84,19.200000000000003
sw05utt/sw_0505_3569.utt,3/sw3569,3569,6,sd,A,2,5,"{C but, } {F uh, } that's how I'm staying up. /","but/CC ,/,  [ uh/UH ] ,/,  [ that/DT ] 's/BES how/WRB  [ I/PRP ] 'm/VBP staying/VBG up/RP ./.","(S (CC but) (, ,) (INTJ (UH uh)) (, ,) (NP-SBJ (DT that)) (VP (BES 's) (SBAR-MNR-PRD (WHADVP-1 (WRB how)) (S (NP-SBJ (PRP I)) (VP (VBP 'm) (VP (VBG staying) (PRT (RP up)) (ADVP-MNR (-NONE- *T*-1))))))) (. .) (-DFL- E_S))",8.0,19.28,21.64
sw05utt/sw_0505_3569.utt,3/sw3569,3569,7,sd,B,3,1,I either watch the news  /,[ I/PRP ] either/RB watch/VBP  [ the/DT news/NN ],(S (NP-SBJ (PRP I)) (RB either) (VP (VBP watch) (NP (DT the) (NN news))) (-DFL- E_S)),10.0,22.8,23.84
sw05utt/sw_0505_3569.utt,3/sw3569,3569,8,sd,B,3,2,"[ {C or, } + {C or } ] occasionally I'll read the paper. /","or/CC ,/, or/CC occasionally/RB  [ I/PRP ] 'll/MD read/VB  [ the/DT paper/NN ] ./.","(S (EDITED (RM (-DFL- \[)) (CC or) (, ,) (IP (-DFL- \+))) (CC or) (RS (-DFL- \])) (ADVP-TMP (RB occasionally)) (NP-SBJ (PRP I)) (VP (MD 'll) (VP (VB read) (NP (DT the) (NN paper)))) (. .) (-DFL- E_S))",11.0,23.84,26.599999999999998
sw05utt/sw_0505_3569.utt,3/sw3569,3569,9,qy,A,4,1,"{F Uh, } do you like how it's presented on the news? /","[ Uh/UH ] ,/, do/VBP  [ you/PRP ] like/VBP how/WRB  [ it/PRP ] 's/BES presented/VBN on/IN  [ the/DT news/NN ] ?/.","(SQ (INTJ (UH Uh)) (, ,) (VBP do) (NP-SBJ (PRP you)) (VP (VBP like) (SBAR-NOM (WHADVP-2 (WRB how)) (S (NP-SBJ-1 (PRP it)) (VP (BES 's) (VP (VBN presented) (NP (-NONE- *-1)) (PP (IN on) (NP (DT the) (NN news))) (ADVP-MNR (-NONE- *T*-2))))))) (. ?) (-DFL- E_S))",13.0,28.18,31.5
sw05utt/sw_0505_3569.utt,3/sw3569,3569,10,nn,B,5,1,"{F Um, } no,  /","Um/UH ,/, no/UH ,/,","(INTJ (INTJ (UH Um)) (, ,) (INTJ (UH no)) (, ,) (-DFL- E_S))",15.0,32.48,33.620000000000005
sw05utt/sw_0505_3569.utt,3/sw3569,3569,11,sv^e,B,5,2,I think the media's a little bit too manipulative.  /,[ I/PRP ] think/VBP  [ the/DT media/NN ] 's/BES  [ a/DT little/JJ bit/NN ] too/RB manipulative/JJ ./.,(S (NP-SBJ (PRP I)) (VP (VBP think) (SBAR (-NONE- 0) (S (NP-SBJ (DT the) (NN media)) (VP (BES 's) (ADJP-PRD (ADVP (NP (DT a) (JJ little) (NN bit)) (RB too)) (JJ manipulative)))))) (. .) (-DFL- E_S)),16.0,33.62,35.68
sw05utt/sw_0505_3569.utt,3/sw3569,3569,12,sv,B,5,3,"They allow you,   {F uh, } - /","[ They/PRP ] allow/VBP  [ you/PRP ] ,/,  [ uh/UH ] ,/,","(S (NP-SBJ (PRP They)) (VP-UNF (VBP allow) (NP (PRP you)) (, ,) (INTJ (UH uh))) (, ,) (-DFL- N_S))",17.0,37.56,40.32
sw05utt/sw_0505_3569.utt,3/sw3569,3569,13,sv,B,5,4,"[ they, + they ] try to lead you too much, I believe,  /","[ they/PRP ] ,/,  [ they/PRP ] try/VBP to/TO lead/VB  [ you/PRP ] too/RB much/RB ,/,  [ I/PRP ] believe/VBP ,/,","(S (S-TPC-2 (EDITED (RM (-DFL- \[)) (NP-SBJ (PRP they)) (, ,) (IP (-DFL- \+))) (NP-SBJ-1 (PRP they)) (RS (-DFL- \])) (VP (VBP try) (S (NP-SBJ (-NONE- *-1)) (VP (TO to) (VP (VB lead) (NP (PRP you)) (ADVP (RB too) (RB much))))))) (, ,) (NP-SBJ (PRP I)) (VP (VBP believe) (SBAR (-NONE- 0) (S (-NONE- *T*-2)))) (, ,) (-DFL- E_S))",18.0,40.94,42.94
sw05utt/sw_0505_3569.utt,3/sw3569,3569,14,sv,B,5,5,"{C and } sometimes they're not very open,  /","and/CC sometimes/RB  [ they/PRP ] 're/VBP not/RB very/RB open/JJ ,/,","(S (CC and) (ADVP-TMP (RB sometimes)) (NP-SBJ (PRP they)) (VP (VBP 're) (RB not) (ADJP-PRD (RB very) (JJ open))) (, ,) (-DFL- E_S))",19.0,43.2,47.2
sw05utt/sw_0505_3569.utt,3/sw3569,3569,15,sd,B,5,6,"[ I, + I don't  ] know,  /","[ I/PRP ] ,/,  [ I/PRP ] do/VBP n't/RB know/VB ,/,","(S (EDITED (RM (-DFL- \[)) (NP-SBJ (PRP I)) (, ,) (IP (-DFL- \+))) (NP-SBJ (PRP I)) (VP (VBP do) (RB n't) (RS (-DFL- \])) (VP (VB know))) (, ,) (-DFL- E_S))",20.0,47.22,47.96
sw05utt/sw_0505_3569.utt,3/sw3569,3569,16,sv,B,5,7,I think they're a little bit biased sometimes.  /,[ I/PRP ] think/VB  [ they/PRP ] 're/VBP  [ a/DT little/JJ bit/NN ] biased/JJ sometimes/RB ./.,(S (NP-SBJ (PRP I)) (VP (VB think) (SBAR (-NONE- 0) (S (NP-SBJ (PRP they)) (VP (VBP 're) (ADJP-PRD (NP-ADV (DT a) (JJ little) (NN bit)) (JJ biased)) (ADVP-TMP (RB sometimes)))))) (. .) (-DFL- E_S)),21.0,47.96,49.5
sw05utt/sw_0505_3569.utt,3/sw3569,3569,17,sd,B,5,8,"Like for example, [ the Kennedy, + the Kennedy ] rape case.  /","Like/IN for/IN  [ example/NN ] ,/,  [ the/DT Kennedy/NNP ] ,/,  [ the/DT Kennedy/NNP rape/NN case/NN ] ./.","(FRAG (PP (IN Like) (PP (IN for) (NP (NN example))) (, ,) (EDITED (RM (-DFL- \[)) (NP-UNF (DT the) (NNP Kennedy)) (, ,) (IP (-DFL- \+))) (NP (DT the) (NNP Kennedy) (RS (-DFL- \])) (NN rape) (NN case))) (. .) (-DFL- E_S))",22.0,49.5,53.12
sw05utt/sw_0505_3569.utt,3/sw3569,3569,18,sv,B,5,9,"The coverage on that was, {D you know, } - /","[ The/DT coverage/NN ] on/IN  [ that/DT ] was/VBD ,/,  [ you/PRP ] know/VBP ,/,","(S (NP-SBJ (NP (DT The) (NN coverage)) (PP (IN on) (NP (DT that)))) (VP-UNF (VBD was) (PRN (, ,) (S (NP-SBJ (PRP you)) (VP (VBP know))))) (, ,) (-DFL- N_S))",23.0,53.12,56.82
sw05utt/sw_0505_3569.utt,3/sw3569,3569,19,sd,B,5,10,"when it first happened   it was,  he was  guilty, he was guilty,  he was guilty.  /","when/WRB  [ it/PRP ] first/RB happened/VBD  [ it/PRP ] was/VBD ,/,  [ he/PRP ] was/VBD guilty/JJ ,/,  [ he/PRP ] was/VBD guilty/JJ ,/,  [ he/PRP ] was/VBD guilty/JJ ./.","(S (SBAR-TMP (WHADVP-1 (WRB when)) (S (NP-SBJ (PRP it)) (ADVP-TMP (RB first)) (VP (VBD happened) (ADVP-TMP (-NONE- *T*-1))))) (NP-SBJ (PRP it)) (VP (VBD was) (, ,) (SBAR-PRD (-NONE- 0) (S (S (NP-SBJ (PRP he)) (VP (VBD was) (ADJP-PRD (JJ guilty)))) (, ,) (S (NP-SBJ (PRP he)) (VP (VBD was) (ADJP-PRD (JJ guilty)))) (, ,) (S (NP-SBJ (PRP he)) (VP (VBD was) (ADJP-PRD (JJ guilty))))))) (. .) (-DFL- E_S))",24.0,57.02,60.72
sw05utt/sw_0505_3569.utt,3/sw3569,3569,20,sv,B,5,11,"{D You know, } they try to have you form opinions or whatever,  /","[ You/PRP ] know/VBP ,/,  [ they/PRP ] try/VBP to/TO have/VB  [ you/PRP ] form/VBP  [ opinions/NNS ] or/CC  [ whatever/WP ] ,/,","(S (PRN (S (NP-SBJ (PRP You)) (VP (VBP know))) (, ,)) (NP-SBJ-1 (PRP they)) (VP (VBP try) (S (NP-SBJ (-NONE- *-1)) (VP (TO to) (VP (VB have) (S (NP-SBJ (PRP you)) (VP (VP (VBP form) (NP (NNS opinions))) (CC or) (NP-ETC (WP whatever)))))))) (, ,) (-DFL- E_S))",25.0,62.1,65.38
sw05utt/sw_0505_3569.utt,3/sw3569,3569,21,sd,B,5,12,"{C and  then } [ I, + I ] didn't like [ the thi-, + the  things ] that were going on when we had Desert Storm and stuff like that.  /","and/CC then/RB  [ I/PRP ] ,/,  [ I/PRP ] did/VBD n't/RB like/VB  [ the/DT thi-/NNS ] ,/,  [ the/DT things/NNS ] [ that/WDT ] were/VBD going/VBG on/RP when/WRB  [ we/PRP ] had/VBD  [ Desert/NNP Storm/NNP ] and/CC stuff/NN like/IN  [ that/DT ] ./.","(S (CONJP (CC and) (RB then)) (EDITED (RM (-DFL- \[)) (NP-SBJ (PRP I)) (, ,) (IP (-DFL- \+))) (NP-SBJ (PRP I)) (RS (-DFL- \])) (VP (VBD did) (RB n't) (VP (VP (VB like) (EDITED (RM (-DFL- \[)) (NP-UNF (DT the) (NNS thi-)) (, ,) (IP (-DFL- \+))) (NP (NP (DT the) (NNS things)) (RS (-DFL- \])) (SBAR (WHNP-1 (WDT that)) (S (NP-SBJ (-NONE- *T*-1)) (VP (VBD were) (VP (VBG going) (PRT (RP on)) (SBAR-TMP (WHADVP-2 (WRB when)) (S (NP-SBJ (PRP we)) (VP (VBD had) (NP (NNP Desert) (NNP Storm)) (ADVP-TMP (-NONE- *T*-2))))))))))) (CC and) (NP-ETC (NP (NN stuff)) (PP (IN like) (NP (DT that)))))) (. .) (-DFL- E_S))",26.0,66.82,72.38
sw05utt/sw_0505_3569.utt,3/sw3569,3569,22,sv,B,5,13,"{D You know, } basically [ [ I, + I, ] + I ] think they don't present [ the, + the ] whole sides [ of, + of ] everything. /","[ You/PRP ] know/VBP ,/, basically/RB  [ I/PRP ] ,/,  [ I/PRP ] ,/,  [ I/PRP ] think/VBP  [ they/PRP ] do/VBP n't/RB present/VB  [ the/DT ] ,/,  [ the/DT whole/JJ sides/NNS ] of/IN ,/, of/IN  [ everything/NN ] ./.","(S (PRN (S (NP-SBJ (PRP You)) (VP (VBP know))) (, ,)) (ADVP (RB basically)) (EDITED (RM (-DFL- \[)) (EDITED (RM (-DFL- \[)) (NP-SBJ (PRP I)) (, ,) (IP (-DFL- \+))) (NP-SBJ (PRP I)) (, ,) (RS (-DFL- \])) (IP (-DFL- \+))) (NP-SBJ (PRP I)) (RS (-DFL- \])) (VP (VBP think) (SBAR (-NONE- 0) (S (NP-SBJ (PRP they)) (VP (VBP do) (RB n't) (VP (VB present) (EDITED (RM (-DFL- \[)) (NP-UNF (DT the)) (, ,) (IP (-DFL- \+))) (NP (NP (DT the) (RS (-DFL- \])) (JJ whole) (NNS sides)) (EDITED (RM (-DFL- \[)) (PP-UNF (IN of)) (, ,) (IP (-DFL- \+))) (PP (IN of) (RS (-DFL- \])) (NP (NN everything))))))))) (. .) (-DFL- E_S))",27.0,73.24,79.94
sw05utt/sw_0505_3569.utt,3/sw3569,3569,23,bf,A,6,1,"{C So, } [ it, + it ] makes you feel like they're, {F uh, } wanting you to take their opinion. /","So/RB ,/,  [ it/PRP ] ,/,  [ it/PRP ] makes/VBZ  [ you/PRP ] feel/VB like/IN  [ they/PRP ] 're/VBP ,/,  [ uh/UH ] ,/, wanting/VBG  [ you/PRP ] to/TO take/VB  [ their/PRP$ opinion/NN ] ./.","(S (RB So) (, ,) (EDITED (RM (-DFL- \[)) (NP-SBJ (PRP it)) (, ,) (IP (-DFL- \+))) (NP-SBJ (PRP it)) (RS (-DFL- \])) (VP (VBZ makes) (S (NP-SBJ (PRP you)) (VP (VB feel) (SBAR (IN like) (S (NP-SBJ (PRP they)) (VP (VBP 're) (, ,) (INTJ (UH uh)) (, ,) (VP (VBG wanting) (S (NP-SBJ (PRP you)) (VP (TO to) (VP (VB take) (NP (PRP$ their) (NN opinion)))))))))))) (. .) (-DFL- E_S))",29.0,80.34,86.74
sw05utt/sw_0505_3569.utt,3/sw3569,3569,24,aa,B,7,1,Right.  /,[ Right/UH ] ./.,(INTJ (UH Right) (. .) (-DFL- E_S)),31.0,86.84,87.24000000000001
sw05utt/sw_0505_3569.utt,3/sw3569,3569,25,sd,B,7,2,"[ [ [ It's, + it's, ] + it's, ] instead of reporting the news, + it's ] more like an editorial, I believe --","[ It/PRP ] 's/BES ,/,  [ it/PRP ] 's/BES ,/,  [ it/PRP ] 's/BES ,/, instead/IN of/IN reporting/VBG  [ the/DT news/NN ] ,/,  [ it/PRP ] 's/BES more/RBR like/IN  [ an/DT editorial/NN ] ,/,  [ I/PRP ] believe/VBP --/:","(S-2 (EDITED (RM (-DFL- \[)) (EDITED (RM (-DFL- \[)) (EDITED (RM (-DFL- \[)) (S (NP-SBJ (PRP It)) (VP-UNF (BES 's))) (, ,) (IP (-DFL- \+))) (S (NP-SBJ (PRP it)) (VP-UNF (BES 's))) (, ,) (RS (-DFL- \])) (IP (-DFL- \+))) (S (NP-SBJ (PRP it)) (VP-UNF (BES 's)))) (, ,) (RS (-DFL- \])) (PP-TPC-1 (IN instead) (IN of) (S-NOM (NP-SBJ (-NONE- *)) (VP (VBG reporting) (NP (DT the) (NN news))))) (, ,) (IP (-DFL- \+)) (NP-SBJ (PRP it)) (VP (BES 's) (RS (-DFL- \])) (ADVP (RBR more)) (PP-PRD (IN like) (NP (NP (DT an) (NN editorial)) (PRN (, ,) (S (NP-SBJ (PRP I)) (VP (VBP believe) (SBAR (-NONE- 0) (S (-NONE- *T*-2)))))) (PP (IN on) (NP (NP (DT a) (NN lot)) (PP (IN of) (NP (NNS issues))))) (PP (-NONE- *T*-1))))) (. .) (-DFL- E_S))",32.0,87.6,92.44
sw05utt/sw_0505_3569.utt,3/sw3569,3569,26,b,A,8,1,Yeah. /,Yeah/UH ./.,(INTJ (UH Yeah) (. .) (-DFL- E_S)),34.0,92.64,92.8
sw05utt/sw_0505_3569.utt,3/sw3569,3569,27,+,B,9,1,-- on a lot of issues. /,--/: on/IN  [ a/DT lot/NN ] of/IN  [ issues/NNS ] ./.,"(S-2 (EDITED (RM (-DFL- \[)) (EDITED (RM (-DFL- \[)) (EDITED (RM (-DFL- \[)) (S (NP-SBJ (PRP It)) (VP-UNF (BES 's))) (, ,) (IP (-DFL- \+))) (S (NP-SBJ (PRP it)) (VP-UNF (BES 's))) (, ,) (RS (-DFL- \])) (IP (-DFL- \+))) (S (NP-SBJ (PRP it)) (VP-UNF (BES 's)))) (, ,) (RS (-DFL- \])) (PP-TPC-1 (IN instead) (IN of) (S-NOM (NP-SBJ (-NONE- *)) (VP (VBG reporting) (NP (DT the) (NN news))))) (, ,) (IP (-DFL- \+)) (NP-SBJ (PRP it)) (VP (BES 's) (RS (-DFL- \])) (ADVP (RBR more)) (PP-PRD (IN like) (NP (NP (DT an) (NN editorial)) (PRN (, ,) (S (NP-SBJ (PRP I)) (VP (VBP believe) (SBAR (-NONE- 0) (S (-NONE- *T*-2)))))) (PP (IN on) (NP (NP (DT a) (NN lot)) (PP (IN of) (NP (NNS issues))))) (PP (-NONE- *T*-1))))) (. .) (-DFL- E_S))",32.0,93.02,94.1
sw05utt/sw_0505_3569.utt,3/sw3569,3569,28,sd,A,10,1,"I've noticed that too,  /","[ I/PRP ] 've/VBP noticed/VBN that/DT too/RB ,/,","(S (NP-SBJ (PRP I)) (VP (VBP 've) (VP (VBN noticed) (NP (DT that)) (ADVP (RB too)))) (, ,) (-DFL- E_S))",37.0,94.46,95.36
sw05utt/sw_0505_3569.utt,3/sw3569,3569,29,qy^g,A,10,2,"{C and } it's kind of distressing, isn't it? /","and/CC  [ it/PRP ] 's/BES  [ kind/RB ] of/RB  [ distressing/JJ ] ,/, is/VBZ n't/RB  [ it/PRP ] ?/.","(SQ (S (CC and) (NP-SBJ (PRP it)) (VP (BES 's) (ADVP (RB kind) (RB of)) (ADJP-PRD (JJ distressing)))) (, ,) (SQ (VBZ is) (RB n't) (NP-SBJ (PRP it)) (ADJP-PRD (-NONE- *?*))) (. ?) (-DFL- E_S))",38.0,95.36,97.05999999999999
sw05utt/sw_0505_3569.utt,3/sw3569,3569,30,ny,B,11,1,Yeah. /,Yeah/UH ./.,(INTJ (UH Yeah) (. .) (-DFL- E_S)),34.0,97.26,97.54
sw05utt/sw_0505_3569.utt,3/sw3569,3569,31,sv,A,12,1,"{C And } [ they just, + I've noticed that they do it just ]  with subtle little words, {F uh, } usually, {F uh, }  just  that sway the whole, {F uh, } report [ that, + ] {D you know, } by just a couple of words. /","And/CC  [ they/PRP ] just/RB ,/,  [ I/PRP ] 've/VBP noticed/VBN that/IN  [ they/PRP ] do/VBP  [ it/PRP ] just/RB with/IN  [ subtle/JJ little/JJ words/NNS ] ,/,  [ uh/UH ] ,/, usually/RB ,/,  [ uh/UH ] ,/, just/RB that/WDT sway/VBP  [ the/DT whole/JJ ] ,/,  [ uh/UH ] ,/, report/NN  [ that/WDT ] ,/,  [ you/PRP ] know/VBP ,/, by/IN just/RB  [ a/DT couple/NN ] of/IN  [ words/NNS ] ./.","(S (CC And) (EDITED (RM (-DFL- \[)) (NP-SBJ (PRP they)) (ADVP (RB just)) (, ,) (IP (-DFL- \+))) (NP-SBJ (PRP I)) (VP (VBP 've) (VP (VBN noticed) (SBAR (IN that) (S (NP-SBJ (PRP they)) (VP (VBP do) (NP (PRP it)) (ADVP (RB just)) (RS (-DFL- \])) (PP (IN with) (NP (NP (JJ subtle) (JJ little) (NNS words)) (SBAR (-NONE- *ICH*-2)))) (, ,) (INTJ (UH uh)) (, ,) (ADVP-TMP (RB usually)) (, ,) (INTJ (UH uh)) (, ,) (ADVP (RB just)) (SBAR-2 (WHNP-1 (WDT that)) (S (NP-SBJ (-NONE- *T*-1)) (VP (VBP sway) (NP (DT the) (JJ whole) (, ,) (INTJ (UH uh)) (, ,) (NN report))))) (EDITED (RM (-DFL- \[)) (WHNP (WDT that)) (, ,) (IP (-DFL- \+)) (RS (-DFL- \]))) (PRN (S (NP-SBJ (PRP you)) (VP (VBP know))) (, ,)) (PP (IN by) (ADVP (RB just)) (NP (NP (DT a) (NN couple)) (PP (IN of) (NP (NNS words)))))))))) (. .) (-DFL- E_S))",42.0,97.84,110.88
sw05utt/sw_0505_3569.utt,3/sw3569,3569,32,sd,B,13,1,"{D Well, } [ when, + when ] I was in school, [ I, + {F um, } I ] was a communications major,  /","Well/UH ,/, when/WRB ,/, when/WRB  [ I/PRP ] was/VBD in/IN  [ school/NN ] ,/,  [ I/PRP ] ,/, um/UH ,/,  [ I/PRP ] was/VBD  [ a/DT communications/NNS ] major/NN ,/,","(S (INTJ (UH Well)) (, ,) (SBAR-TMP (EDITED (RM (-DFL- \[)) (WHADVP (WRB when)) (, ,) (IP (-DFL- \+))) (WHADVP-1 (WRB when)) (RS (-DFL- \])) (S (NP-SBJ (PRP I)) (VP (VBD was) (PP-PRD (IN in) (NP (NN school))) (ADVP-TMP (-NONE- *T*-1))))) (, ,) (EDITED (RM (-DFL- \[)) (NP-SBJ (PRP I)) (, ,) (IP (-DFL- \+))) (INTJ (UH um)) (, ,) (NP-SBJ (PRP I)) (RS (-DFL- \])) (VP (VBD was) (NP-PRD (DT a) (NNS communications) (NN major))) (, ,) (-DFL- E_S))",44.0,112.04,117.38
sw05utt/sw_0505_3569.utt,3/sw3569,3569,33,sd,B,13,2,"{C so }  [ [ I, +  I, ] +  I'm ] well aware of the little subtle words and persuasive speaking, [ and, +  and  ] so forth <laughter>. /","so/RB  [ I/PRP ] ,/,  [ I/PRP ] ,/,  [ I/PRP ] 'm/VBP well/RB aware/JJ of/IN  [ the/DT little/JJ subtle/JJ words/NNS ] and/CC  [ persuasive/JJ ] speaking/NN ,/, and/CC ,/, and/CC so/RB forth/RB ./.","(S (RB so) (EDITED (RM (-DFL- \[)) (EDITED (RM (-DFL- \[)) (NP-SBJ (PRP I)) (, ,) (IP (-DFL- \+))) (NP-SBJ (PRP I)) (, ,) (RS (-DFL- \])) (IP (-DFL- \+))) (NP-SBJ (PRP I)) (VP (VBP 'm) (RS (-DFL- \])) (ADJP-PRD (RB well) (JJ aware) (PP (IN of) (NP (NP (DT the) (JJ little) (JJ subtle) (NNS words)) (CC and) (NP (JJ persuasive) (NN speaking)) (, ,) (EDITED (RM (-DFL- \[)) (CC and) (, ,) (IP (-DFL- \+))) (CC and) (RS (-DFL- \])) (ADVP-ETC (RB so) (RB forth)))))) (. .) (-DFL- E_S))",45.0,117.42,124.3
sw05utt/sw_0505_3569.utt,3/sw3569,3569,34,bf,A,14,1,"{C So, } communications, {F huh. }  /","So/UH ,/,  [ communications/NNS ] ,/, huh/UH ./.","(FRAG (RB So) (, ,) (NP (NNS communications)) (, ,) (INTJ (UH huh)) (. .) (-DFL- E_S))",47.0,125.62,127.34
sw05utt/sw_0505_3569.utt,3/sw3569,3569,35,qy,A,14,2,Were you looking into becoming a reporter  /,[ Were/VBD ] [ you/PRP ] looking/VBG into/IN becoming/VBG  [ a/DT reporter/NN ],(SQ (VBD Were) (NP-SBJ-1 (PRP you)) (VP (VBG looking) (PP (IN into) (S-NOM (NP-SBJ (-NONE- *-1)) (VP (VBG becoming) (NP (DT a) (NN reporter)))))) (-DFL- E_S)),48.0,127.46,130.0
sw05utt/sw_0505_3569.utt,3/sw3569,3569,36,%,A,14,3,"{C or, } -/","or/CC ,/,","(S-UNF (CC or) (, ,) (-DFL- N_S))",49.0,130.08,130.34
sw05utt/sw_0505_3569.utt,3/sw3569,3569,37,na,B,15,1,"I was,  /","[ I/PRP ] was/VBD ,/,","(S (NP-SBJ (PRP I)) (VP (VBD was) (VP (-NONE- *?*))) (, ,) (-DFL- E_S))",51.0,130.44,131.0
sw05utt/sw_0505_3569.utt,3/sw3569,3569,38,sd,B,15,2,"{C and, } {F um, } [ I we-, + I ventured ] off in a whole entire different [ field, + field.  ]  /","and/CC ,/, um/UH ,/,  [ I/PRP we/VBD ] ,/,  [ I/PRP ] ventured/VBD off/IN in/IN  [ a/DT whole/JJ entire/JJ different/JJ field/NN ] ,/,  [ field/NN ] ./.","(S (CC and) (, ,) (INTJ (UH um)) (, ,) (EDITED (RM (-DFL- \[)) (S (NP-SBJ (PRP I)) (VP-UNF (VBD we-))) (, ,) (IP (-DFL- \+))) (NP-SBJ (PRP I)) (VP (VBD ventured) (RS (-DFL- \])) (PP (IN off) (PP (IN in) (NP (DT a) (JJ whole) (JJ entire) (JJ different) (EDITED (RM (-DFL- \[)) (NN field) (, ,) (IP (-DFL- \+))) (NN field))))) (. .) (RS (-DFL- \])) (-DFL- E_S))",52.0,131.9,135.76
sw05utt/sw_0505_3569.utt,3/sw3569,3569,39,sd,B,15,3,I went with the state. /,[ I/PRP ] went/VBD with/IN  [ the/DT state/NN ] ./.,(S (NP-SBJ (PRP I)) (VP (VBD went) (PP (IN with) (NP (DT the) (NN state)))) (. .) (-DFL- E_S)),53.0,136.12,137.18
sw05utt/sw_0505_3569.utt,3/sw3569,3569,40,b,A,16,1,Uh-huh. /,[ Uh-huh/UH ] ./.,(INTJ (UH Uh-huh) (. .) (-DFL- E_S)),55.0,138.12,138.3
sw05utt/sw_0505_3569.utt,3/sw3569,3569,41,sd,B,17,1,"{C And, } {F uh, } I, {F um, } went with the Department of State Treasurer in retirement disability,  /","And/CC ,/,  [ uh/UH ] ,/,  [ I/PRP ] ,/, um/UH ,/, went/VBD with/IN  [ the/DT Department/NNP ] of/IN  [ State/NNP Treasurer/NNP ] in/IN  [ retirement/NN disability/NN ] ,/,","(S (CC And) (, ,) (INTJ (UH uh)) (, ,) (NP-SBJ (PRP I)) (, ,) (INTJ (UH um)) (, ,) (VP (VBD went) (PP (IN with) (NP (NP (DT the) (NNP Department)) (PP (IN of) (NP (NNP State) (NNP Treasurer))))) (PP (IN in) (NP (NN retirement) (NN disability)))) (, ,) (-DFL- E_S))",57.0,138.98,146.04
sw05utt/sw_0505_3569.utt,3/sw3569,3569,42,sd,B,17,2,calculate benefits. /,calculate/VB  [ benefits/NNS ] ./.,(S (NP-SBJ (-NONE- *)) (VP (VB calculate) (NP (NNS benefits))) (. .) (-DFL- E_S)),58.0,146.92,148.34
sw05utt/sw_0505_3569.utt,3/sw3569,3569,43,ba,A,18,1,I bet that's a interesting job. /,[ I/PRP ] bet/VBP  [ that/DT ] 's/BES  [ a/DT interesting/JJ job/NN ] ./.,(S (NP-SBJ (PRP I)) (VP (VBP bet) (SBAR (-NONE- 0) (S (NP-SBJ (DT that)) (VP (BES 's) (NP-PRD (DT a) (JJ interesting) (NN job)))))) (. .) (-DFL- E_S)),60.0,149.88,151.82
sw05utt/sw_0505_3569.utt,3/sw3569,3569,44,aa,B,19,1,Yeah.  /,Yeah/UH ./.,(INTJ (UH Yeah) (. .) (-DFL- E_S)),34.0,152.84,153.18
sw05utt/sw_0505_3569.utt,3/sw3569,3569,45,%,B,19,2,"{C So } the, - /","So/RB  [ the/DT ] ,/,","(S-UNF (RB So) (NP-SBJ (DT the)) (, ,) (-DFL- N_S))",63.0,153.18,153.51999999999998
sw05utt/sw_0505_3569.utt,3/sw3569,3569,46,sd,B,19,3,"[ {C so, } +  {C and, } ] {D you know, }  [ working, + {D you know, } working ] for state government you hear all about current events, about things going on within the state itself.  /","so/RB ,/, and/CC ,/,  [ you/PRP ] know/VBP ,/, working/VBG ,/,  [ you/PRP ] know/VBP ,/, working/VBG for/IN  [ state/NN government/NN ] [ you/PRP ] hear/VBP  [ all/RB ] about/IN  [ current/JJ events/NNS ] ,/, about/IN  [ things/NNS ] going/VBG on/IN within/IN  [ the/DT state/NN ] [ itself/PRP ] ./.","(S (EDITED (RM (-DFL- \[)) (RB so) (, ,) (IP (-DFL- \+))) (CC and) (, ,) (RS (-DFL- \])) (PRN (S (NP-SBJ (PRP you)) (VP (VBP know))) (, ,)) (EDITED (RM (-DFL- \[)) (VP-UNF (VBG working)) (, ,) (IP (-DFL- \+))) (PRN (S (NP-SBJ (PRP you)) (VP (VBP know))) (, ,)) (S-ADV (NP-SBJ (-NONE- *-1)) (VP (VBG working) (RS (-DFL- \])) (PP (IN for) (NP (NN state) (NN government))))) (NP-SBJ-1 (PRP you)) (VP (VBP hear) (PP (RB all) (IN about) (NP (JJ current) (NNS events))) (, ,) (PP (IN about) (NP (NP (NNS things)) (VP (VBG going) (PRT (IN on)) (PP-LOC (IN within) (NP (NP (DT the) (NN state)) (NP (PRP itself)))))))) (. .) (-DFL- E_S))",64.0,154.84,162.02
sw05utt/sw_0505_3569.utt,3/sw3569,3569,47,sd,B,19,4,"{C So } [ that, + that's ] another source [ that [ I, + I, ] + where I ] keep up with current events  /","So/RB  [ that/DT ] ,/,  [ that/DT ] 's/BES  [ another/DT source/NN ] that/WDT  [ I/PRP ] ,/,  [ I/PRP ] ,/, where/WRB  [ I/PRP ] keep/VBP up/RP with/IN  [ current/JJ events/NNS ]","(S (RB So) (EDITED (RM (-DFL- \[)) (NP-SBJ (DT that)) (, ,) (IP (-DFL- \+))) (NP-SBJ (DT that)) (VP (BES 's) (RS (-DFL- \])) (NP-PRD (NP (DT another) (NN source)) (SBAR (EDITED (RM (-DFL- \[)) (SBAR (WHNP (WDT that)) (S-UNF (EDITED (RM (-DFL- \[)) (NP-SBJ (PRP I)) (, ,) (IP (-DFL- \+))) (NP-SBJ (PRP I)))) (, ,) (RS (-DFL- \])) (IP (-DFL- \+))) (WHADVP-1 (WRB where)) (S (NP-SBJ (PRP I)) (RS (-DFL- \])) (VP (VBP keep) (PRT (RP up)) (PP (IN with) (NP (JJ current) (NNS events))) (ADVP (-NONE- *T*-1))))))) (-DFL- E_S))",65.0,162.02,167.18
sw05utt/sw_0505_3569.utt,3/sw3569,3569,48,%,B,19,5,"{C and, } -/","and/CC ,/,","(S-UNF (CC and) (, ,) (-DFL- N_S))",66.0,167.18,167.3
sw05utt/sw_0505_3569.utt,3/sw3569,3569,49,b,A,20,1,"Yeah,  /","Yeah/UH ,/,","(INTJ (UH Yeah) (, ,) (-DFL- E_S))",68.0,168.34,168.46
sw05utt/sw_0505_3569.utt,3/sw3569,3569,50,sd,A,20,2,there's one that I'm reading right now.  /,[ there/EX ] 's/BES  [ one/NN ] that/IN  [ I/PRP ] 'm/VBP reading/VBG right/RB now/RB ./.,(S (NP-SBJ (EX there)) (VP (BES 's) (NP-PRD (NP (NN one)) (SBAR (WHNP-1 (IN that)) (S (NP-SBJ (PRP I)) (VP (VBP 'm) (VP (VBG reading) (NP (-NONE- *T*-1)) (ADVP-TMP (RB right) (RB now)))))))) (. .) (-DFL- E_S)),69.0,168.46,169.86
sw05utt/sw_0505_3569.utt,3/sw3569,3569,51,sd,A,20,3,It's INFORMATION WEEK.  /,[ It/PRP ] [ 's/BES INFORMATION/NNP WEEK/NNP ] ./.,(S (NP-SBJ (PRP It)) (VP (BES 's) (NP-PRD (NNP INFORMATION) (NNP WEEK))) (. .) (-DFL- E_S)),70.0,169.86,171.08
sw05utt/sw_0505_3569.utt,3/sw3569,3569,52,sd,A,20,4,"It says A T and T  to account for [ the, + the ] benefits that the A I C P A now says you have to show as a liability.   /","[ It/PRP ] says/VBZ  [ A/NNP T/NNP ] and/CC  [ T/NNP ] to/TO account/VB for/IN  [ the/DT ] ,/,  [ the/DT benefits/NNS ] that/WDT  [ the/DT ] [ A/NNP ] [ I/NNP C/NNP P/NNP ] [ A/NNP ] now/RB says/VBZ  [ you/PRP ] have/VBP to/TO show/VB as/IN  [ a/DT liability/NN ] ./.","(S (NP-SBJ (PRP It)) (VP (VBZ says) (SBAR (-NONE- 0) (S (NP-SBJ (NNP A) (NNP T) (CC and) (NNP T)) (X (VP (TO to) (VP (VB account) (PP (IN for) (EDITED (RM (-DFL- \[)) (NP-UNF (DT the)) (, ,) (IP (-DFL- \+))) (NP (NP (DT the) (RS (-DFL- \])) (NNS benefits)) (SBAR (WHNP-2 (WDT that)) (S (NP-SBJ (DT the) (NNP A) (NNP I) (NNP C) (NNP P) (NNP A)) (ADVP-TMP (RB now)) (VP (VBZ says) (SBAR (-NONE- 0) (S (NP-SBJ-1 (PRP you)) (VP (VBP have) (S (NP-SBJ (-NONE- *-1)) (VP (TO to) (VP (VB show) (NP (-NONE- *T*-2)) (PP (IN as) (NP (DT a) (NN liability)))))))))))))))))))) (. .) (-DFL- E_S))",71.0,171.12,179.9
sw05utt/sw_0505_3569.utt,3/sw3569,3569,53,sd,A,20,5,"It's going to cost them seven point five billion after tax charge in ninety-three,","[ It/PRP ] 's/BES going/VBG to/TO cost/VB  [ them/PRP ] [ seven/CD point/NN five/CD billion/CD ] after/IN  [ tax/NN charge/NN ] in/IN  [ ninety-three/CD ] ,/,","(S (NP-SBJ-1 (NP (PRP It)) (S (-NONE- *EXP*-2))) (VP (BES 's) (VP (VBG going) (S (NP-SBJ (-NONE- *-1)) (VP (TO to) (VP (VB cost) (NP (PRP them)) (NP (QP (CD seven) (NN point) (CD five) (CD billion))) (PP (IN after) (NP (NN tax) (NN charge))) (PP-TMP (IN in) (NP (CD ninety-three))) (, ,) (S-2 (NP-SBJ (-NONE- *)) (VP (TO to) (VP (VB account) (PP (IN for) (NP (DT that))))))))))) (. .) (-DFL- E_S))",72.0,180.08,185.72
sw05utt/sw_0505_3569.utt,3/sw3569.pos,3569,54,x,B,21,1,<Gasp>.,./.,,,0.0,0.0
sw05utt/sw_0505_3569.utt,3/sw3569,3569,55,+,A,22,1,to account for that. /,to/TO account/VB for/IN  [ that/DT ] ./.,"(S (NP-SBJ-1 (NP (PRP It)) (S (-NONE- *EXP*-2))) (VP (BES 's) (VP (VBG going) (S (NP-SBJ (-NONE- *-1)) (VP (TO to) (VP (VB cost) (NP (PRP them)) (NP (QP (CD seven) (NN point) (CD five) (CD billion))) (PP (IN after) (NP (NN tax) (NN charge))) (PP-TMP (IN in) (NP (CD ninety-three))) (, ,) (S-2 (NP-SBJ (-NONE- *)) (VP (TO to) (VP (VB account) (PP (IN for) (NP (DT that))))))))))) (. .) (-DFL- E_S))",72.0,186.44,187.26
sw05utt/sw_0505_3569.utt,3/sw3569,3569,56,ba,B,23,1,It's a lot of money. /,[ It/PRP ] 's/BES  [ a/DT lot/NN ] of/IN  [ money/NN ] ./.,(S (NP-SBJ (PRP It)) (VP (BES 's) (NP-PRD (NP (DT a) (NN lot)) (PP (IN of) (NP (NN money))))) (. .) (-DFL- E_S)),76.0,187.26,188.92
sw05utt/sw_0505_3569.utt,3/sw3569,3569,57,sd,A,24,1,{C And } it'll drop their earnings by a hundred million a year forever more. /,And/CC  [ it/PRP ] 'll/MD drop/VB  [ their/PRP$ earnings/NNS ] by/IN  [ a/DT hundred/CD million/CD ] [ a/DT year/NN ] forever/RB more/RB ./.,(S (CC And) (NP-SBJ (PRP it)) (VP (MD 'll) (VP (VB drop) (NP (PRP$ their) (NNS earnings)) (PP (IN by) (NP (NP (DT a) (CD hundred) (CD million)) (NP-ADV (DT a) (NN year)))) (ADVP-TMP (RB forever) (RB more)))) (. .) (-DFL- E_S)),78.0,189.02,193.58
sw05utt/sw_0505_3569.utt,3/sw3569,3569,58,ba,B,25,1,<Gasp> It's a lot of money. /,[ It/PRP ] 's/BES  [ a/DT lot/NN ] of/IN  [ money/NN ] ./.,(S (NP-SBJ (PRP It)) (VP (BES 's) (NP-PRD (NP (DT a) (NN lot)) (PP (IN of) (NP (NN money))))) (. .) (-DFL- E_S)),76.0,195.82,198.23999999999998
sw05utt/sw_0505_3569.utt,3/sw3569,3569,59,aa,A,26,1,"Yeah,  /","Yeah/UH ,/,","(INTJ (UH Yeah) (, ,) (-DFL- E_S))",68.0,198.5,198.78
sw05utt/sw_0505_3569.utt,3/sw3569,3569,60,sd^e,A,26,2,it is.  /,[ it/PRP ] is/VBZ ./.,(S (NP-SBJ (PRP it)) (VP (VBZ is) (NP-PRD (-NONE- *?*))) (. .) (-DFL- E_S)),83.0,198.78,199.16
sw05utt/sw_0505_3569.utt,3/sw3569,3569,61,sv,A,26,3,"{C And, } {D yeah, }  you have to stay up on stuff,  /","And/CC ,/, yeah/UH ,/,  [ you/PRP ] have/VBP to/TO stay/VB up/IN on/IN  [ stuff/NN ] ,/,","(S (CC And) (, ,) (INTJ (UH yeah)) (, ,) (NP-SBJ-1 (PRP you)) (VP (VBP have) (S (NP-SBJ (-NONE- *-1)) (VP (TO to) (VP (VB stay) (PP (IN up) (PP (IN on) (NP (NN stuff)))))))) (, ,) (-DFL- E_S))",84.0,200.64,203.14000000000001
sw05utt/sw_0505_3569.utt,3/sw3569,3569,62,sd,A,26,4,"{C and } I bet in [ your, + your  ] job that you have to,  /","and/CC  [ I/PRP ] bet/VBP in/IN  [ your/PRP$ ] ,/,  [ your/PRP$ job/NN ] that/IN  [ you/PRP ] have/VBP to/TO ,/,","(S (CC and) (NP-SBJ (PRP I)) (VP (VBP bet) (SBAR (PP-TPC (IN in) (EDITED (RM (-DFL- \[)) (NP-UNF (PRP$ your)) (, ,) (IP (-DFL- \+))) (NP (PRP$ your) (RS (-DFL- \])) (NN job))) (IN that) (S (NP-SBJ-1 (PRP you)) (VP (VBP have) (S (NP-SBJ (-NONE- *-1)) (VP (TO to) (VP (-NONE- *?*)))))))) (, ,) (-DFL- E_S))",85.0,203.14,205.94
sw05utt/sw_0505_3569.utt,3/sw3569,3569,63,qy,A,26,5,do you read the WALL STREET JOURNAL? /,do/VB  [ you/PRP ] read/VBP  [ the/DT WALL/NNP STREET/NNP JOURNAL/NNP ] ?/.,(SQ (VB do) (NP-SBJ (PRP you)) (VP (VBP read) (NP (DT the) (NNP WALL) (NNP STREET) (NNP JOURNAL))) (. ?) (-DFL- E_S)),86.0,205.94,208.0
sw05utt/sw_0505_3569.utt,3/sw3569,3569,64,nn,B,27,1,"No,  /","No/UH ,/,","(INTJ (UH No) (, ,) (-DFL- E_S))",88.0,208.5,208.96
sw05utt/sw_0505_3569.utt,3/sw3569,3569,65,nn,B,27,2,"{D well, } no,  /","well/UH ,/, no/UH ,/,","(INTJ (INTJ (UH well)) (, ,) (INTJ (UH no)) (, ,) (-DFL- E_S))",89.0,208.98,209.58
sw05utt/sw_0505_3569.utt,3/sw3569,3569,66,sd^e,B,27,3,"[ [ I, + I, ] + I ] primarily deal with the state employees,  /","[ I/PRP ] ,/,  [ I/PRP ] ,/,  [ I/PRP ] primarily/RB deal/VBP with/IN  [ the/DT state/NN ] employees/NNS ,/,","(S (EDITED (RM (-DFL- \[)) (EDITED (RM (-DFL- \[)) (NP-SBJ (PRP I)) (, ,) (IP (-DFL- \+))) (NP-SBJ (PRP I)) (, ,) (RS (-DFL- \])) (IP (-DFL- \+))) (NP-SBJ (PRP I)) (RS (-DFL- \])) (ADVP (RB primarily)) (VP (VBP deal) (PP (IN with) (NP (DT the) (NN state) (NNS employees)))) (, ,) (-DFL- E_S))",90.0,209.58,212.84
sw05utt/sw_0505_3569.utt,3/sw3569,3569,67,sd,B,27,4,"{C but } [ I, + I ] find interesting tidbits in what the news reports as far as [ the, + {D like } the ] state of North Carolina's budget, and stuff like that.   /","but/CC  [ I/PRP ] ,/,  [ I/PRP ] find/VBP  [ interesting/JJ tidbits/NNS ] in/IN  [ what/WP ] [ the/DT news/NN ] reports/VBZ as/RB far/RB as/IN  [ the/DT ] ,/, like/IN  [ the/DT state/NN ] of/IN  [ North/NNP Carolina/NNP 's/POS budget/NN ] ,/, and/CC stuff/NN like/IN  [ that/DT ] ./.","(S (CC but) (EDITED (RM (-DFL- \[)) (NP-SBJ (PRP I)) (, ,) (IP (-DFL- \+))) (NP-SBJ (PRP I)) (RS (-DFL- \])) (VP (VBP find) (NP (NP (JJ interesting) (NNS tidbits)) (PP (IN in) (SBAR-NOM (WHNP-1 (WP what)) (S (NP-SBJ (DT the) (NN news)) (VP (VBZ reports) (NP (-NONE- *T*-1))))))) (ADVP (ADVP (RB as) (RB far)) (PP (IN as) (EDITED (RM (-DFL- \[)) (NP-UNF (DT the)) (, ,) (IP (-DFL- \+))) (INTJ (UH like)) (NP (NP (NP (DT the) (RS (-DFL- \])) (NN state)) (PP (IN of) (NP (NP (NNP North) (NNP Carolina) (POS 's)) (NN budget)))) (, ,) (CC and) (NP (NP (NN stuff)) (PP (IN like) (NP (DT that)))))))) (. .) (-DFL- E_S))",91.0,212.84,221.82
sw05utt/sw_0505_3569.utt,3/sw3569,3569,68,sd,B,27,5,"{C And } I really know what the budget is,   /","And/CC  [ I/PRP ] really/RB know/VBP  [ what/WP ] [ the/DT budget/NN ] is/VBZ ,/,","(S (CC And) (NP-SBJ (PRP I)) (ADVP (RB really)) (VP (VBP know) (SBAR (WHNP-1 (WP what)) (S (NP-SBJ (DT the) (NN budget)) (VP (VBZ is) (NP-PRD (-NONE- *T*-1)))))) (, ,) (-DFL- E_S))",92.0,222.0,224.28
sw05utt/sw_0505_3569.utt,3/sw3569,3569,69,sd,B,27,6,"[ {C and, } + {C and, } ] {F uh, } {F uh, } when they were saying we were so poor and  they couldn't pay taxes, and pay people their income tax refunds and things like that,  /","and/CC ,/, and/CC ,/,  [ uh/UH ] ,/,  [ uh/UH ] ,/, when/WRB  [ they/PRP ] were/VBD saying/VBG  [ we/PRP ] were/VBD so/RB poor/JJ and/CC  [ they/PRP ] could/MD n't/RB pay/VB  [ taxes/NNS ] ,/, and/CC pay/VB  [ people/NNS their/PRP$ income/NN tax/NN refunds/NNS ] and/CC  [ things/NNS ] like/IN  [ that/DT ] ,/,","(S-UNF (EDITED (RM (-DFL- \[)) (CC and) (, ,) (IP (-DFL- \+))) (CC and) (, ,) (RS (-DFL- \])) (INTJ (UH uh)) (, ,) (INTJ (UH uh)) (, ,) (SBAR-TMP (WHADVP-1 (WRB when)) (S (NP-SBJ (PRP they)) (VP (VBD were) (VP (VBG saying) (SBAR (-NONE- 0) (S (S (NP-SBJ (PRP we)) (VP (VBD were) (ADJP-PRD (RB so) (JJ poor)))) (CC and) (S (NP-SBJ (PRP they)) (VP (MD could) (RB n't) (VP (VP (VB pay) (NP (NNS taxes))) (, ,) (CC and) (VP (VB pay) (NP (NNS people)) (NP (NP (PRP$ their) (NN income) (NN tax) (NNS refunds)) (CC and) (NP (NP (NNS things)) (PP (IN like) (NP (DT that))))))))))) (ADVP-TMP (-NONE- *T*-1)))))) (, ,) (-DFL- E_S))",93.0,224.28,232.8
sw05utt/sw_0505_3569.utt,3/sw3569,3569,70,sd,B,27,7,"{C and, } {D you know, } I'm well aware of the billions of assets that the state has,  /","and/CC ,/,  [ you/PRP ] know/VBP ,/,  [ I/PRP ] 'm/VBP well/RB aware/JJ of/IN  [ the/DT billions/NNS ] of/IN  [ assets/NNS ] that/WDT  [ the/DT state/NN ] has/VBZ ,/,","(S (CC and) (PRN (, ,) (S (NP-SBJ (PRP you)) (VP (VBP know))) (, ,)) (NP-SBJ (PRP I)) (VP (VBP 'm) (ADJP (RB well) (JJ aware) (PP (IN of) (NP (NP (DT the) (NNS billions)) (PP (IN of) (NP (NP (NNS assets)) (SBAR (WHNP-1 (WDT that)) (S (NP-SBJ (DT the) (NN state)) (VP (VBZ has) (NP (-NONE- *T*-1))))))))))) (, ,) (-DFL- E_S))",94.0,232.8,237.1
sw05utt/sw_0505_3569.utt,3/sw3569,3569,71,sv,B,27,8,"{C and } [ it, + it's  ] just funny.  /","and/CC  [ it/PRP ] ,/,  [ it/PRP ] 's/BES just/RB funny/JJ ./.","(S (CC and) (EDITED (RM (-DFL- \[)) (NP-SBJ (PRP it)) (, ,) (IP (-DFL- \+))) (NP-SBJ (PRP it)) (VP (BES 's) (RS (-DFL- \])) (ADVP (RB just)) (ADJP-PRD (JJ funny))) (. .) (-DFL- E_S))",95.0,237.1,238.46
sw05utt/sw_0505_3569.utt,3/sw3569,3569,72,%,B,27,9,"{D You know, }  {C so } [ [ that's, + that's, ] + that's, ] - /","[ You/PRP ] know/VBP ,/, so/RB  [ that/DT ] 's/BES ,/,  [ that/DT ] 's/BES ,/,  [ that/DT ] 's/BES ,/,","(S (PRN (S (NP-SBJ (PRP You)) (VP (VBP know))) (, ,)) (RB so) (EDITED (RM (-DFL- \[)) (EDITED (RM (-DFL- \[)) (S (NP-SBJ (DT that)) (VP-UNF (BES 's))) (, ,) (IP (-DFL- \+))) (S (NP-SBJ (DT that)) (VP-UNF (BES 's))) (, ,) (RS (-DFL- \])) (IP (-DFL- \+))) (NP-SBJ (DT that)) (VP-UNF (BES 's)) (, ,) (RS (-DFL- \])) (-DFL- N_S))",96.0,239.34,240.68
sw05utt/sw_0505_3569.utt,3/sw3569,3569,73,sd,B,27,10,"{C so } I don't have a whole lot of faith [ in, +  in, ] {D you know, } the news.   /","so/UH  [ I/PRP ] do/VBP n't/RB have/VB  [ a/DT whole/JJ lot/NN ] of/IN  [ faith/NN ] in/IN ,/, in/IN ,/,  [ you/PRP ] know/VBP ,/,  [ the/DT news/NN ] ./.","(S (RB so) (NP-SBJ (PRP I)) (VP (VBP do) (RB n't) (VP (VB have) (NP (NP (DT a) (JJ whole) (NN lot)) (PP (IN of) (NP (NP (NN faith)) (EDITED (RM (-DFL- \[)) (PP-UNF (IN in)) (, ,) (IP (-DFL- \+))) (PP (IN in) (, ,) (RS (-DFL- \])) (PRN (S (NP-SBJ (PRP you)) (VP (VBP know))) (, ,)) (NP (DT the) (NN news)))))))) (. .) (-DFL- E_S))",97.0,240.84,243.58
sw05utt/sw_0505_3569.utt,3/sw3569,3569,74,%,B,27,11,"Course it's,  - /","[ Course/NN ] [ it/PRP ] 's/BES ,/,","(S (NP-ADV (NN Course)) (NP-SBJ (PRP it)) (VP-UNF (BES 's)) (, ,) (-DFL- N_S))",98.0,243.58,244.08
sw05utt/sw_0505_3569.utt,3/sw3569,3569,75,sv,B,27,12,"[ they, + they ] get what they hear from, - /","[ they/PRP ] ,/,  [ they/PRP ] get/VBP  [ what/WP ] [ they/PRP ] hear/VBP from/IN ,/,","(S (EDITED (RM (-DFL- \[)) (NP-SBJ (PRP they)) (, ,) (IP (-DFL- \+))) (NP-SBJ (PRP they)) (RS (-DFL- \])) (VP (VBP get) (SBAR-NOM (WHNP-1 (WP what)) (S (NP-SBJ (PRP they)) (VP (VBP hear) (NP (-NONE- *T*-1))))) (PP-UNF (IN from))) (, ,) (-DFL- N_S))",99.0,244.66,246.28
sw05utt/sw_0505_3569.utt,3/sw3569,3569,76,sv,B,27,13,"{C but, } {D you know, } it's not always [ I, + I ] think one hundred percent reliable. /","but/CC ,/,  [ you/PRP ] know/VBP ,/,  [ it/PRP ] 's/BES not/RB always/RB  [ I/PRP ] ,/,  [ I/PRP ] think/VBP  [ one/CD hundred/CD percent/NN ] reliable/JJ ./.","(S-1 (CC but) (PRN (, ,) (S (NP-SBJ (PRP you)) (VP (VBP know))) (, ,)) (NP-SBJ (PRP it)) (VP (BES 's) (RB not) (ADVP-TMP (RB always)) (PRN (S (EDITED (RM (-DFL- \[)) (NP-SBJ (PRP I)) (, ,) (IP (-DFL- \+))) (NP-SBJ (PRP I)) (RS (-DFL- \])) (VP (VBP think) (SBAR (-NONE- 0) (S (-NONE- *T*-1)))))) (ADJP-PRD (NP-ADV (QP (CD one) (CD hundred)) (NN percent)) (JJ reliable))) (. .) (-DFL- E_S))",100.0,246.28,250.58
sw05utt/sw_0505_3569.utt,3/sw3569,3569,77,qo,A,28,1,Can you think of anything that could be done to make our news media more accurate and objective? /,Can/MD  [ you/PRP ] think/VB of/IN  [ anything/NN ] [ that/WDT ] could/MD be/VB done/VBN to/TO make/VB  [ our/PRP$ news/NN media/NN ] more/RBR accurate/JJ and/CC  [ objective/JJ ] ?/.,(SQ (MD Can) (NP-SBJ (PRP you)) (VP (VB think) (PP (IN of) (NP (NP (NN anything)) (SBAR (WHNP-1 (WDT that)) (S (NP-SBJ-2 (-NONE- *T*-1)) (VP (MD could) (VP (VB be) (VP (VBN done) (NP (-NONE- *-2)) (S-PRP (NP-SBJ (-NONE- *)) (VP (TO to) (VP (VB make) (S (NP-SBJ (PRP$ our) (NN news) (NN media)) (ADJP-PRD (RBR more) (JJ accurate) (CC and) (JJ objective)))))))))))))) (. ?) (-DFL- E_S)),102.0,252.48,258.65999999999997
sw05utt/sw_0505_3569.utt,3/sw3569,3569,78,sv,B,29,1,"I think they need to [ do a little bit, + go into a little bit ] more depth, {F uh, } before they would just report,  {D like } somebody wants to make a statement or  something like that,  /","[ I/PRP ] think/VBP  [ they/PRP ] need/VBP to/TO do/VB  [ a/DT little/JJ bit/NN ] ,/, go/VB into/IN  [ a/DT little/JJ bit/NN ] more/RBR  [ depth/NN ] ,/,  [ uh/UH ] ,/, before/IN  [ they/PRP ] would/MD just/RB report/VB ,/, like/IN  [ somebody/NN ] wants/VBZ to/TO make/VB  [ a/DT statement/NN ] or/CC  [ something/NN ] like/IN  [ that/DT ] ,/,","(S (NP-SBJ (PRP I)) (VP (VBP think) (SBAR (-NONE- 0) (S (NP-SBJ-1 (PRP they)) (VP (VBP need) (S (NP-SBJ (-NONE- *-1)) (VP (TO to) (EDITED (RM (-DFL- \[)) (VP (VB do) (NP (DT a) (JJ little) (NN bit))) (, ,) (IP (-DFL- \+))) (VP (VB go) (PP (IN into) (NP (ADJP (NP-ADV (DT a) (JJ little) (NN bit)) (RS (-DFL- \])) (RBR more)) (NN depth))) (, ,) (INTJ (UH uh)) (, ,) (SBAR-TMP (IN before) (S (NP-SBJ (PRP they)) (VP (MD would) (ADVP (RB just)) (VP (VB report) (, ,) (INTJ (UH like)) (SBAR (-NONE- 0) (S (NP-SBJ-2 (NN somebody)) (VP (VBZ wants) (S (NP-SBJ (-NONE- *-2)) (VP (TO to) (VP (VP (VB make) (NP (DT a) (NN statement))) (CC or) (NP-ETC (NP (NN something)) (PP (IN like) (NP (DT that))))))))))))))))))))) (, ,) (-DFL- E_S))",104.0,259.28,268.04
sw05utt/sw_0505_3569.utt,3/sw3569,3569,79,sd,B,29,2,"{C because } {E I mean, } another example is the, {F uh, } AIDS issue or  whatever.  /","because/IN  [ I/PRP ] mean/VBP ,/,  [ another/DT example/NN ] is/VBZ  [ the/DT ] ,/,  [ uh/UH ] ,/,  [ AIDS/NN issue/NN ] or/CC  [ whatever/WP ] ./.","(SBAR-PRP (IN because) (PRN (S (NP-SBJ (PRP I)) (VP (VBP mean))) (, ,)) (S (NP-SBJ (DT another) (NN example)) (VP (VBZ is) (NP-PRD (NP (DT the) (, ,) (INTJ (UH uh)) (, ,) (NN AIDS) (NN issue)) (CC or) (NP (WP whatever))))) (. .) (-DFL- E_S))",105.0,268.04,273.15999999999997
sw05utt/sw_0505_3569.utt,3/sw3569,3569,80,sd,B,29,3,"{D You know, } someone said, {F Oh, } I found a cure.  /","[ You/PRP ] know/VBP ,/,  [ someone/NN ] said/VBD ,/, Oh/UH ,/,  [ I/PRP ] found/VBD  [ a/DT cure/NN ] ./.","(S (PRN (S (NP-SBJ (PRP You)) (VP (VBP know))) (, ,)) (NP-SBJ (NN someone)) (VP (VBD said) (, ,) (S-SEZ (INTJ (UH Oh)) (, ,) (NP-SBJ (PRP I)) (VP (VBD found) (NP (DT a) (NN cure))))) (. .) (-DFL- E_S))",106.0,273.16,274.91999999999996
sw05utt/sw_0505_3569.utt,3/sw3569,3569,81,%,B,29,4,"They immediately, - /","[ They/PRP ] immediately/RB ,/,","(S-UNF (NP-SBJ (PRP They)) (ADVP-TMP (RB immediately)) (, ,) (-DFL- N_S))",107.0,274.92,275.53999999999996
sw05utt/sw_0505_3569.utt,3/sw3569,3569,82,sd,B,29,5,"the headlines on the news or whatever is,  Someone says they found a cure for AIDS.  /","[ the/DT headlines/NNS ] on/IN  [ the/DT news/NN ] or/CC  [ whatever/WDT ] is/VBZ ,/,  [ Someone/NN ] says/VBZ  [ they/PRP ] found/VBD  [ a/DT cure/NN ] for/IN  [ AIDS/NN ] ./.","(S (NP-SBJ (NP (NP (DT the) (NNS headlines)) (PP (IN on) (NP (DT the) (NN news)))) (CC or) (NP (WDT whatever))) (VP (VBZ is) (, ,) (SBAR-PRD (-NONE- 0) (S (NP-SBJ (NN Someone)) (VP (VBZ says) (SBAR (-NONE- 0) (S (NP-SBJ (PRP they)) (VP (VBD found) (NP (NP (DT a) (NN cure)) (PP (IN for) (NP (NN AIDS))))))))))) (. .) (-DFL- E_S))",108.0,276.26,280.44
sw05utt/sw_0505_3569.utt,3/sw3569,3569,83,sd,B,29,6,"{C And then } two months later it's discovered it's not, {D you know, }  /","And/CC then/RB  [ two/CD months/NNS ] later/RB  [ it/PRP ] 's/BES discovered/VBN  [ it/PRP ] 's/BES not/RB ,/,  [ you/PRP ] know/VBP ,/,","(S (CONJP (CC And) (RB then)) (ADVP-TMP (NP (CD two) (NNS months)) (RB later)) (NP-SBJ (PRP it)) (VP (BES 's) (VP (VBN discovered) (SBAR (-NONE- 0) (S (NP-SBJ (PRP it)) (VP (BES 's) (RB not) (NP-PRD (-NONE- *?*))))) (PRN (, ,) (S (NP-SBJ (PRP you)) (VP (VBP know)))))) (, ,) (-DFL- E_S))",109.0,280.44,283.06
sw05utt/sw_0505_3569.utt,3/sw3569,3569,84,sd,B,29,7,"[ before they, + before they ] come out with something like that they need [ to, + to ] research the matter, I believe, a little bit more. /","before/IN  [ they/PRP ] ,/, before/IN  [ they/PRP ] come/VBP out/RB with/IN  [ something/NN ] like/IN that/DT  [ they/PRP ] need/VBP to/TO ,/, to/TO research/VB  [ the/DT matter/NN ] ,/,  [ I/PRP ] believe/VBP ,/,  [ a/DT little/JJ bit/NN ] more/RBR ./.","(S-2 (EDITED (RM (-DFL- \[)) (SBAR-TMP (IN before) (S-UNF (NP-SBJ (PRP they)))) (, ,) (IP (-DFL- \+))) (SBAR-TMP (IN before) (S (NP-SBJ (PRP they)) (RS (-DFL- \])) (VP (VBP come) (PRT (RB out)) (PP (IN with) (NP (NP (NN something)) (PP (IN like) (NP (DT that)))))))) (NP-SBJ-1 (PRP they)) (VP (VBP need) (S (NP-SBJ (-NONE- *-1)) (EDITED (RM (-DFL- \[)) (VP-UNF (TO to)) (, ,) (IP (-DFL- \+))) (VP (TO to) (RS (-DFL- \])) (VP (VB research) (NP (DT the) (NN matter)) (PRN (, ,) (S (NP-SBJ (PRP I)) (VP (VBP believe) (SBAR (-NONE- 0) (S (-NONE- *T*-2))))) (, ,)) (ADVP (NP (DT a) (JJ little) (NN bit)) (RBR more)))))) (. .) (-DFL- E_S))",110.0,284.2,290.92
sw05utt/sw_0505_3569.utt,3/sw3569,3569,85,sv,A,30,1,"I guess they do that so they don't get scooped, {D you know, }  /","[ I/PRP ] guess/VBP  [ they/PRP ] do/VBP that/DT so/IN  [ they/PRP ] do/VBP n't/RB get/VB scooped/VBN ,/,  [ you/PRP ] know/VBP ,/,","(S (NP-SBJ (PRP I)) (VP (VBP guess) (SBAR (-NONE- 0) (S (NP-SBJ (PRP they)) (VP (VBP do) (NP (DT that)) (SBAR-PRP (IN so) (S (NP-SBJ-1 (PRP they)) (VP (VBP do) (RB n't) (VP (VB get) (VP (VBN scooped) (NP (-NONE- *-1))))))) (PRN (, ,) (S (NP-SBJ (PRP you)) (VP (VBP know)))) (, ,) (-DFL- E_S) (SBAR-PRP (RB so) (S (NP-SBJ (PRP they)) (VP (VBP have) (NP (DT the) (JJ big) (NN story))))))))) (. .) (-DFL- E_S))",112.0,291.4,294.3
sw05utt/sw_0505_3569.utt,3/sw3569,3569,86,sv,A,30,2,{C so } they have the big story. /,so/IN  [ they/PRP ] have/VBP  [ the/DT big/JJ story/NN ] ./.,"(S (NP-SBJ (PRP I)) (VP (VBP guess) (SBAR (-NONE- 0) (S (NP-SBJ (PRP they)) (VP (VBP do) (NP (DT that)) (SBAR-PRP (IN so) (S (NP-SBJ-1 (PRP they)) (VP (VBP do) (RB n't) (VP (VB get) (VP (VBN scooped) (NP (-NONE- *-1))))))) (PRN (, ,) (S (NP-SBJ (PRP you)) (VP (VBP know)))) (, ,) (-DFL- E_S) (SBAR-PRP (RB so) (S (NP-SBJ (PRP they)) (VP (VBP have) (NP (DT the) (JJ big) (NN story))))))))) (. .) (-DFL- E_S))",112.0,294.3,295.59999999999997
sw05utt/sw_0505_3569.utt,3/sw3569,3569,87,%,B,31,1,"{D Well, }  that, - /","Well/UH ,/, that/DT ,/,","(FRAG (INTJ (UH Well)) (, ,) (NP (DT that)) (, ,) (-DFL- N_S))",114.0,296.1,296.56
sw05utt/sw_0505_3569.utt,3/sw3569,3569,88,aa,B,31,2,"{D well, } yeah  /","well/UH ,/, yeah/UH","(INTJ (INTJ (UH well)) (, ,) (INTJ (UH yeah)) (-DFL- E_S))",115.0,296.56,296.92
sw05utt/sw_0505_3569.utt,3/sw3569,3569,89,%,B,31,3,"[ I, + I, ] - /","[ I/PRP ] ,/,  [ I/PRP ] ,/,","(S-UNF (EDITED (RM (-DFL- \[)) (NP-SBJ (PRP I)) (, ,) (IP (-DFL- \+))) (NP-SBJ (PRP I)) (, ,) (RS (-DFL- \])) (-DFL- N_S))",116.0,296.94,297.24
sw05utt/sw_0505_3569.utt,3/sw3569,3569,90,%,B,31,4,"it, - /","[ it/PRP ] ,/,","(NP (PRP it) (, ,) (-DFL- N_S))",117.0,297.24,297.52
sw05utt/sw_0505_3569.utt,3/sw3569,3569,91,%,B,31,5,"I think the, -/","[ I/PRP ] think/VBP  [ the/DT ] ,/,","(S (NP-SBJ (PRP I)) (VP (VBP think) (SBAR (-NONE- 0) (S-UNF (NP-SBJ (DT the))))) (, ,) (-DFL- N_S))",118.0,297.54,299.6
