swda_filename,ptb_basename,conversation_no,transcript_index,act_tag,caller,utterance_index,subutterance_index,text,pos,trees,ptb_treenumbers,start_ts,end_ts
sw06utt/sw_0625_3573.utt,3/sw3573,3573,0,o,A,1,1,Okay  /,Okay/UH,(INTJ (UH Okay) (-DFL- E_S)),1,0.84,1.26
sw06utt/sw_0625_3573.utt,3/sw3573,3573,1,%,A,1,2,"{D well, } -/","well/UH ,/,","(INTJ (UH well) (, ,) (-DFL- N_S))",2,1.34,1.52
sw06utt/sw_0625_3573.utt,3/sw3573,3573,2,sd,B,2,1,There we are. /,There/EX we/PRP are/VBP ./.,(S (ADVP-TPC-1 (EX There)) (NP-SBJ (PRP we)) (VP (VBP are) (ADVP-PRD (-NONE- *T*-1))) (. .) (-DFL- E_S)),4,1.52,2.0
sw06utt/sw_0625_3573.utt,3/sw3573,3573,3,b,A,3,1,"All right. {F Um, } {F um, }  {D well, } {F uh, }  /","All/RB right/JJ ./. Um/UH ,/, um/UH ,/, well/UH ,/, uh/UH ,/,","(INTJ (RB All) (JJ right) (. .))|||(S-IMP (INTJ (UH Um)) (, ,) (INTJ (UH um)) (, ,) (INTJ (UH well)) (, ,) (INTJ (UH uh)) (, ,) (-DFL- E_S) (NP-SBJ (-NONE- *)) (VP (VB tell) (NP (PRP me)) (PP (IN about) (NP (NP (DT the) (NN car)) (SBAR (WHNP-1 (WDT that)) (S (NP-SBJ (PRP you)) (VP (VBP 've) (VP (VBN got) (NP (-NONE- *T*-1))))))))) (. .) (-DFL- E_S))",6|||7,2.0,5.42
sw06utt/sw_0625_3573.utt,3/sw3573,3573,4,ad,A,3,2,tell me about the car that you've got. /,tell/VB me/PRP about/IN the/DT car/NN that/WDT you/PRP 've/VBP got/VBN ./.,"(S-IMP (INTJ (UH Um)) (, ,) (INTJ (UH um)) (, ,) (INTJ (UH well)) (, ,) (INTJ (UH uh)) (, ,) (-DFL- E_S) (NP-SBJ (-NONE- *)) (VP (VB tell) (NP (PRP me)) (PP (IN about) (NP (NP (DT the) (NN car)) (SBAR (WHNP-1 (WDT that)) (S (NP-SBJ (PRP you)) (VP (VBP 've) (VP (VBN got) (NP (-NONE- *T*-1))))))))) (. .) (-DFL- E_S))",7,5.7,7.54
sw06utt/sw_0625_3573.utt,3/sw3573,3573,5,sd,B,4,1,"<Throat_clearing> {D Well, } I have a Honda,  {F um, } hatchback, nineteen eighty-four. /","Well/UH ,/, I/PRP have/VBP a/DT Honda/NNP ,/, um/UH ,/, hatchback/NN ,/, nineteen/CD eighty-four/CD ./.","(S (INTJ (UH Well)) (, ,) (NP-SBJ (PRP I)) (VP (VBP have) (NP (NP (DT a) (NNP Honda) (, ,) (INTJ (UH um)) (, ,) (NN hatchback)) (, ,) (NP (CD nineteen) (CD eighty-four)))) (. .) (-DFL- E_S))",9,8.1,12.98
sw06utt/sw_0625_3573.utt,3/sw3573,3573,6,b,A,5,1,Uh-huh. /,Uh-huh/UH ./.,(INTJ (UH Uh-huh) (. .) (-DFL- E_S)),11,13.36,13.639999999999999
sw06utt/sw_0625_3573.utt,3/sw3573,3573,7,sd,B,6,1,"{C And } I had a hatchback,  a nineteen seventy-eight version before this one. /","And/CC I/PRP had/VBD a/DT hatchback/NN ,/, a/DT nineteen/CD seventy-eight/CD version/NN before/IN this/DT one/NN ./.","(S (CC And) (NP-SBJ (PRP I)) (VP (VBD had) (NP (NP (DT a) (NN hatchback)) (, ,) (NP (DT a) (CD nineteen) (CD seventy-eight) (NN version))) (PP-TMP (IN before) (NP (DT this) (NN one)))) (. .) (-DFL- E_S))",13,14.06,17.880000000000003
sw06utt/sw_0625_3573.utt,3/sw3573,3573,8,b^r,A,7,1,Uh-huh. /,Uh-huh/UH ./.,(INTJ (UH Uh-huh) (. .) (-DFL- E_S)),11,18.34,18.6
sw06utt/sw_0625_3573.utt,3/sw3573,3573,9,sd,B,8,1,"{C And, } {F uh, } I'll be honest with you.  /","And/CC ,/, uh/UH ,/, I/PRP 'll/MD be/VB honest/JJ with/IN you/PRP ./.","(S (CC And) (, ,) (INTJ (UH uh)) (, ,) (NP-SBJ (PRP I)) (VP (MD 'll) (VP (VB be) (ADJP-PRD (JJ honest) (PP (IN with) (NP (PRP you)))))) (. .) (-DFL- E_S))",17,18.96,20.56
sw06utt/sw_0625_3573.utt,3/sw3573,3573,10,sd,B,8,2,"I have never found any automobile that has been more conscientiously constructed   [ and, +  and, ] {F uh, } put together  /","I/PRP have/VBP never/RB found/VBN any/DT automobile/NN that/WDT has/VBZ been/VBN more/RBR conscientiously/RB constructed/VBN and/CC ,/, and/CC ,/, uh/UH ,/, put/VBN together/RB","(S (NP-SBJ (PRP I)) (VP (VBP have) (ADVP-TMP (RB never)) (VP (VBN found) (NP (NP (DT any) (NN automobile)) (SBAR (WHNP-1 (WDT that)) (S (NP-SBJ-2 (-NONE- *T*-1)) (VP (VBZ has) (VP (VBN been) (ADVP (RBR more) (RB conscientiously)) (VP (VP (VBN constructed) (NP (-NONE- *-2))) (EDITED (RM (-DFL- \[)) (CC and) (, ,) (IP (-DFL- \+))) (CC and) (, ,) (RS (-DFL- \])) (INTJ (UH uh)) (, ,) (VP (VBN put) (NP (-NONE- *-2)) (ADVP (RB together))))))))))) (-DFL- E_S))",18,20.7,28.42
sw06utt/sw_0625_3573.utt,3/sw3573,3573,11,sv,B,8,3,"{C and } [ it, + it ] does its job.  /","and/CC it/PRP ,/, it/PRP does/VBZ its/PRP$ job/NN ./.","(S (CC and) (EDITED (RM (-DFL- \[)) (NP-SBJ (PRP it)) (, ,) (IP (-DFL- \+))) (NP-SBJ (PRP it)) (RS (-DFL- \])) (VP (VBZ does) (NP (PRP$ its) (NN job))) (. .) (-DFL- E_S))",19,28.42,30.0
sw06utt/sw_0625_3573.utt,3/sw3573,3573,12,sd,B,8,4,"All I have to do on my  Honda is change the oil and the filter every thirty-five hundred miles,  /","All/DT I/PRP have/VBP to/TO do/VB on/IN my/PRP$ Honda/NNP is/VBZ change/VB the/DT oil/NN and/CC the/DT filter/NN every/DT thirty-five/CD hundred/CD miles/NNS ,/,","(S (NP-SBJ (NP (DT All)) (SBAR (WHNP-2 (-NONE- 0)) (S (NP-SBJ-1 (PRP I)) (VP (VBP have) (S (NP-SBJ (-NONE- *-1)) (VP (TO to) (VP (VB do) (NP (-NONE- *T*-2)) (PP (IN on) (NP (PRP$ my) (NNP Honda)))))))))) (VP (VBZ is) (VP (VB change) (NP (NP (DT the) (NN oil)) (CC and) (NP (DT the) (NN filter))) (NP-TMP (DT every) (QP (CD thirty-five) (CD hundred)) (NNS miles)))) (, ,) (-DFL- E_S))",20,30.54,35.160000000000004
sw06utt/sw_0625_3573.utt,3/sw3573,3573,13,sd,B,8,5,"{C and } [ I, + I ] did have to put [ two, +  two ] new front tires on at fifty thousand miles,  /","and/CC I/PRP ,/, I/PRP did/VBD have/VBP to/TO put/VB two/CD ,/, two/CD new/JJ front/JJ tires/NNS on/IN at/IN fifty/CD thousand/CD miles/NNS ,/,","(S (CC and) (EDITED (RM (-DFL- \[)) (NP-SBJ (PRP I)) (, ,) (IP (-DFL- \+))) (NP-SBJ-1 (PRP I)) (RS (-DFL- \])) (VP (VBD did) (VP (VBP have) (S (NP-SBJ (-NONE- *-1)) (VP (TO to) (VP (VB put) (EDITED (RM (-DFL- \[)) (NP-UNF (CD two)) (, ,) (IP (-DFL- \+))) (NP (CD two) (RS (-DFL- \])) (JJ new) (JJ front) (NNS tires)) (PRT (IN on)) (PP-TMP (IN at) (NP (QP (CD fifty) (CD thousand)) (NNS miles)))))))) (, ,) (-DFL- E_S))",21,35.88,40.6
sw06utt/sw_0625_3573.utt,3/sw3573,3573,14,sd,B,8,6,{C but } that car just purrs like the day it was built.  /,but/CC that/DT car/NN just/RB purrs/VBZ like/IN the/DT day/NN it/PRP was/VBD built/VBN ./.,(S (CC but) (NP-SBJ (DT that) (NN car)) (ADVP (RB just)) (VP (VBZ purrs) (PP (IN like) (NP (NP (DT the) (NN day)) (SBAR (WHADVP-2 (-NONE- 0)) (S (NP-SBJ-1 (PRP it)) (VP (VBD was) (VP (VBN built) (NP (-NONE- *-1)) (ADVP-TMP (-NONE- *T*-2))))))))) (. .) (-DFL- E_S)),22,41.24,43.92
sw06utt/sw_0625_3573.utt,3/sw3573,3573,15,sd,B,8,7,"I get forty-two miles per  gallon on the highway and {F uh, } [ twen-, +  twenty-eight ] to thirty driving around in town.  /","I/PRP get/VBP forty-two/CD miles/NNS per/IN gallon/NN on/IN the/DT highway/NN and/CC uh/UH ,/, twen-/CD ,/, twenty-eight/CD to/IN thirty/CD driving/VBG around/RB in/IN town/NN ./.","(S (NP-SBJ (PRP I)) (VP (VP (VBP get) (NP (NP-1 (CD forty-two) (NNS miles)) (PP (IN per) (NP (NN gallon)))) (PP-LOC-2 (IN on) (NP (DT the) (NN highway)))) (CC and) (INTJ (UH uh)) (, ,) (VP (EDITED (RM (-DFL- \[)) (NP-UNF (CD twen-)) (, ,) (IP (-DFL- \+))) (NP=1 (QP (CD twenty-eight) (RS (-DFL- \])) (IN to) (CD thirty))) (S-ADV (NP-SBJ (-NONE- *)) (VP (VBG driving) (ADVP-DIR (RB around)) (PP-LOC=2 (IN in) (NP (NN town))))))) (. .) (-DFL- E_S))",23,44.26,51.44
sw06utt/sw_0625_3573.utt,3/sw3573,3573,16,sd,B,8,8,It's a five speed straight stick machine. /,It/PRP 's/BES a/DT five/CD speed/NN straight/JJ stick/NN machine/NN ./.,(S (NP-SBJ (PRP It)) (VP (BES 's) (NP-PRD (DT a) (CD five) (NN speed) (JJ straight) (NN stick) (NN machine))) (. .) (-DFL- E_S)),24,51.58,54.34
sw06utt/sw_0625_3573.utt,3/sw3573,3573,17,b^r,A,9,1,Uh-huh. /,Uh-huh/UH ./.,(INTJ (UH Uh-huh) (. .) (-DFL- E_S)),11,54.56,54.760000000000005
sw06utt/sw_0625_3573.utt,3/sw3573,3573,18,sd,B,10,1,"{C And, } I can carry more in [ that, +  {F uh, } that ] trunk area in my little Honda than I can in the big cars,  /","And/CC ,/, I/PRP can/MD carry/VB more/JJR in/IN that/DT ,/, uh/UH ,/, that/DT trunk/NN area/NN in/IN my/PRP$ little/JJ Honda/NNP than/IN I/PRP can/MD in/IN the/DT big/JJ cars/NNS ,/,","(S (CC And) (, ,) (NP-SBJ (PRP I)) (VP (MD can) (VP (VB carry) (NP (NP (JJR more)) (SBAR (-NONE- *ICH*-1))) (PP-LOC (IN in) (EDITED (RM (-DFL- \[)) (NP-UNF (DT that)) (, ,) (IP (-DFL- \+))) (INTJ (UH uh)) (, ,) (NP (NP (DT that) (RS (-DFL- \])) (NN trunk) (NN area)) (PP-LOC (IN in) (NP (PRP$ my) (JJ little) (NNP Honda))))) (SBAR-1 (IN than) (S (NP-SBJ (PRP I)) (VP (MD can) (VP (-NONE- *?*) (PP-LOC (IN in) (NP (DT the) (JJ big) (NNS cars))))))))) (, ,) (-DFL- E_S))",28,55.22,62.72
sw06utt/sw_0625_3573.utt,3/sw3573,3573,19,sd,B,10,2,"{C and } I have a large,  {F um, } Pontiac,  /","and/CC I/PRP have/VBP a/DT large/JJ ,/, um/UH ,/, Pontiac/NNP ,/,","(S (CC and) (NP-SBJ (PRP I)) (VP (VBP have) (NP (DT a) (JJ large) (, ,) (INTJ (UH um)) (, ,) (NNP Pontiac))) (, ,) (-DFL- E_S))",29,62.72,65.94
sw06utt/sw_0625_3573.utt,3/sw3573,3573,20,sd,B,10,3,"{C and } I have a sixty-nine Cougar, which [ really is, +   I'm saving because [ it's, + it's ] ] old,  /","and/CC I/PRP have/VBP a/DT sixty-nine/CD Cougar/NNP ,/, which/WDT really/RB is/VBZ ,/, I/PRP 'm/VBP saving/VBG because/IN it/PRP 's/BES ,/, it/PRP 's/BES old/JJ ,/,","(S (CC and) (NP-SBJ (PRP I)) (VP (VBP have) (NP (NP (DT a) (CD sixty-nine) (NNP Cougar)) (, ,) (SBAR (WHNP-1 (WDT which)) (S (EDITED (RM (-DFL- \[)) (S (ADVP (RB really)) (NP-SBJ (-NONE- *)) (VP-UNF (VBZ is))) (, ,) (IP (-DFL- \+))) (NP-SBJ (PRP I)) (VP (VBP 'm) (VP (VBG saving) (NP (-NONE- *T*-1)) (SBAR-PRP (IN because) (S (EDITED (RM (-DFL- \[)) (S (NP-SBJ (PRP it)) (VP-UNF (BES 's))) (, ,) (IP (-DFL- \+))) (NP-SBJ (PRP it)) (VP (BES 's) (RS (-DFL- \])) (RS (-DFL- \])) (ADJP-PRD (JJ old))))))))))) (, ,) (-DFL- E_S))",30,67.18,72.66
sw06utt/sw_0625_3573.utt,3/sw3573,3573,21,sd,B,10,4,{C but }  it's in beautiful shape. /,but/CC it/PRP 's/BES in/IN beautiful/JJ shape/NN ./.,(S (CC but) (NP-SBJ (PRP it)) (VP (BES 's) (PP-PRD (IN in) (NP (JJ beautiful) (NN shape)))) (. .) (-DFL- E_S)),31,72.66,73.74
sw06utt/sw_0625_3573.utt,3/sw3573,3573,22,b,A,11,1,Uh-huh. /,Uh-huh/UH ./.,(INTJ (UH Uh-huh) (. .) (-DFL- E_S)),11,73.92,74.14
sw06utt/sw_0625_3573.utt,3/sw3573,3573,23,sd,B,12,1,"{C But } I can carry as much in my Honda  or more than I can [ in, + in ] those other bigger cars. /","But/CC I/PRP can/MD carry/VB as/RB much/JJ in/IN my/PRP$ Honda/NNP or/CC more/JJR than/IN I/PRP can/MD in/IN ,/, in/IN those/DT other/JJ bigger/JJR cars/NNS ./.","(S (CC But) (NP-SBJ (PRP I)) (VP (MD can) (VP (VB carry) (NP (NP (NP (RB as) (JJ much)) (NAC (-NONE- *ICH*-1))) (SBAR (-NONE- *ICH*-2))) (PP-LOC (IN in) (NP (PRP$ my) (NNP Honda))) (NAC-1 (CC or) (NP (JJR more))) (SBAR-2 (IN than) (S (NP-SBJ (PRP I)) (VP (MD can) (VP (-NONE- *?*) (EDITED (RM (-DFL- \[)) (PP-LOC-UNF (IN in)) (, ,) (IP (-DFL- \+))) (PP-LOC (IN in) (RS (-DFL- \])) (NP (DT those) (JJ other) (JJR bigger) (NNS cars))))))))) (. .) (-DFL- E_S))",35,74.5,79.12
sw06utt/sw_0625_3573.utt,3/sw3573,3573,24,ba,A,13,1,"{D Well, } that's very interesting.  /","Well/UH ,/, that/DT 's/BES very/RB interesting/JJ ./.","(S (INTJ (UH Well)) (, ,) (NP-SBJ (DT that)) (VP (BES 's) (ADJP-PRD (RB very) (JJ interesting))) (. .) (-DFL- E_S))",37,79.8,80.77999999999999
sw06utt/sw_0625_3573.utt,3/sw3573,3573,25,sd,A,13,2,"[ I've had, + I've had ] exactly the same experience with the one that I've got.  /","I/PRP 've/VBP had/VBN ,/, I/PRP 've/VBP had/VBN exactly/RB the/DT same/JJ experience/NN with/IN the/DT one/NN that/WDT I/PRP 've/VBP got/VBN ./.","(S (EDITED (RM (-DFL- \[)) (S (NP-SBJ (PRP I)) (VP (VBP 've) (VP-UNF (VBN had)))) (, ,) (IP (-DFL- \+))) (NP-SBJ (PRP I)) (VP (VBP 've) (VP (VBN had) (RS (-DFL- \])) (ADVP (RB exactly)) (NP (NP (DT the) (JJ same) (NN experience)) (PP (IN with) (NP (DT the) (NN one))) (SBAR (WHNP-1 (WDT that)) (S (NP-SBJ (PRP I)) (VP (VBP 've) (VP (VBN got) (NP (-NONE- *T*-1))))))))) (. .) (-DFL- E_S))",38,80.78,84.02
sw06utt/sw_0625_3573.utt,3/sw3573,3573,26,%,A,13,3,"It's a, - /","It/PRP 's/BES a/DT ,/,","(S (EDITED (S (NP-SBJ (PRP It)) (VP (BES 's) (NP-PRD-UNF (DT a)))) (, ,) (-DFL- N_S)) (CC and) (ADVP (RB surprisingly)) (NP-SBJ (PRP it)) (VP (BES 's) (ADVP (RB also)) (NP-PRD (DT an) (CD eighty-four))) (-DFL- E_S))",39,84.2,84.6
sw06utt/sw_0625_3573.utt,3/sw3573,3573,27,sd,A,13,4,{C and } surprisingly it's also an eighty-four -- /,and/CC surprisingly/RB it/PRP 's/BES also/RB an/DT eighty-four/CD --/:,"(S (EDITED (S (NP-SBJ (PRP It)) (VP (BES 's) (NP-PRD-UNF (DT a)))) (, ,) (-DFL- N_S)) (CC and) (ADVP (RB surprisingly)) (NP-SBJ (PRP it)) (VP (BES 's) (ADVP (RB also)) (NP-PRD (DT an) (CD eighty-four))) (-DFL- E_S))",39,84.82,86.78
sw06utt/sw_0625_3573.utt,3/sw3573,3573,28,b,B,14,1,"{F Oh, } {F oh. } /","Oh/UH ,/, oh/UH ./.","(INTJ (INTJ (UH Oh)) (, ,) (INTJ (UH oh)) (. .) (-DFL- E_S))",41,87.28,87.5
sw06utt/sw_0625_3573.utt,3/sw3573,3573,29,%,A,15,1,"-- <Throat_clearing> {C and, } {F uh, } -/","--/: and/CC ,/, uh/UH ,/,","(S-UNF (CC and) (, ,) (INTJ (UH uh)) (, ,) (-DFL- N_S))",43,87.5,89.38
sw06utt/sw_0625_3573.utt,3/sw3573,3573,30,qy^d,B,16,1,<Throat_clearing> L X? /,L/NNP X/NNP ?/.,(NP (NNP L) (NNP X) (. ?) (-DFL- E_S)),45,89.7,90.16
sw06utt/sw_0625_3573.utt,3/sw3573,3573,31,ny,A,17,1,"<Throat_clearing>  Yeah,  /","Yeah/UH ,/,","(INTJ (UH Yeah) (, ,) (-DFL- E_S))",47,91.12,91.28
sw06utt/sw_0625_3573.utt,3/sw3573,3573,32,sd,A,17,2,I'm still here.  /,I/PRP 'm/VBP still/RB here/RB ./.,(S (NP-SBJ (PRP I)) (VP (VBP 'm) (ADVP (RB still)) (ADVP-LOC-PRD (RB here))) (. .) (-DFL- E_S)),48,91.54,92.12
sw06utt/sw_0625_3573.utt,3/sw3573,3573,33,br,A,17,3,"{F Um, } {E I'm sorry } what? /","Um/UH ,/, I/PRP 'm/VBP sorry/JJ what/WP ?/.","(S (INTJ (UH Um)) (, ,) (NP-SBJ (PRP I)) (VP (VBP 'm) (ADJP-PRD (JJ sorry))))|||(WHNP (WP what) (. ?) (-DFL- E_S))",49|||50,92.48,93.39999999999999
sw06utt/sw_0625_3573.utt,3/sw3573,3573,34,qy^d,B,18,1,It was an L X? /,It/PRP was/VBD an/DT L/NNP X/NNP ?/.,(S (NP-SBJ (PRP It)) (VP (VBD was) (NP-PRD (DT an) (NNP L) (NNP X))) (. ?) (-DFL- E_S)),52,93.4,94.44
sw06utt/sw_0625_3573.utt,3/sw3573,3573,35,ny,A,19,1,"Yes,  /","Yes/UH ,/,","(INTJ (UH Yes) (, ,) (-DFL- E_S))",54,94.58,94.88
sw06utt/sw_0625_3573.utt,3/sw3573,3573,36,sd^e,A,19,2,"it's an L X,  /","it/PRP 's/BES an/DT L/NNP X/NNP ,/,","(S (NP-SBJ (PRP it)) (VP (BES 's) (NP-PRD (DT an) (NNP L) (NNP X))) (, ,) (-DFL- E_S))",55,94.88,95.56
sw06utt/sw_0625_3573.utt,3/sw3573,3573,37,sd,A,19,3,"it's not a hatchback,  /","it/PRP 's/BES not/RB a/DT hatchback/NN ,/,","(S (NP-SBJ (PRP it)) (VP (BES 's) (RB not) (NP-PRD (DT a) (NN hatchback))) (, ,) (-DFL- E_S))",56,95.56,96.44
sw06utt/sw_0625_3573.utt,3/sw3573,3573,38,%,A,19,4,"{C but } [ it's, + {F um, } it's, ] {F uh, } -/","but/CC it/PRP 's/BES ,/, um/UH ,/, it/PRP 's/BES ,/, uh/UH ,/,","(S (CC but) (EDITED (RM (-DFL- \[)) (S (NP-SBJ (PRP it)) (VP-UNF (BES 's))) (, ,) (IP (-DFL- \+))) (INTJ (UH um)) (, ,) (NP-SBJ (PRP it)) (VP-UNF (BES 's) (, ,) (RS (-DFL- \])) (INTJ (UH uh))) (, ,) (-DFL- N_S))",57,96.48,97.36
sw06utt/sw_0625_3573.utt,3/sw3573,3573,39,b,B,20,1,"Uh-huh,  /","Uh-huh/UH ,/,","(INTJ (UH Uh-huh) (, ,) (-DFL- E_S))",59,97.36,97.54
sw06utt/sw_0625_3573.utt,3/sw3573,3573,40,qy^d,B,20,2,yours is a four door. /,yours/PRP is/VBZ a/DT four/CD door/NN ./.,(S (NP-SBJ (PRP yours)) (VP (VBZ is) (NP-PRD (DT a) (CD four) (NN door))) (. .) (-DFL- E_S)),60,97.62,98.47999999999999
sw06utt/sw_0625_3573.utt,3/sw3573,3573,41,na^m,A,21,1,"Four door,  /","Four/CD door/NN ,/,","(NP (CD Four) (NN door) (, ,) (-DFL- E_S))",62,98.7,99.3
sw06utt/sw_0625_3573.utt,3/sw3573,3573,42,ny,A,21,2,yeah -- /,yeah/UH --/:,(INTJ (UH yeah) (-DFL- E_S)),63,99.32,99.53999999999999
sw06utt/sw_0625_3573.utt,3/sw3573,3573,43,b,B,22,1,Uh-huh. /,Uh-huh/UH ./.,(INTJ (UH Uh-huh) (. .) (-DFL- E_S)),33,99.54,99.66000000000001
sw06utt/sw_0625_3573.utt,3/sw3573,3573,44,sv,A,23,1,"-- and very, very comfortable car.  /","--/: and/CC very/RB ,/, very/RB comfortable/JJ car/NN ./.","(FRAG (CC and) (NP (ADJP (RB very) (, ,) (RB very) (JJ comfortable)) (NN car)) (. .) (-DFL- E_S))",67,99.96,101.52
sw06utt/sw_0625_3573.utt,3/sw3573,3573,45,sd,A,23,2,Big roomy trunk -- /,Big/JJ roomy/JJ trunk/NN --/:,(NP (JJ Big) (JJ roomy) (NN trunk) (-DFL- E_S)),68,101.68,102.47999999999999
sw06utt/sw_0625_3573.utt,3/sw3573,3573,46,b,B,24,1,Yeah. /,Yeah/UH ./.,(INTJ (UH Yeah) (. .) (-DFL- E_S)),70,102.7,102.96000000000001
sw06utt/sw_0625_3573.utt,3/sw3573,3573,47,sd,A,25,1,"-- {F uh, } [ and, + {F uh, }  and ] very happy with it,  /","--/: uh/UH ,/, and/CC ,/, uh/UH ,/, and/CC very/RB happy/JJ with/IN it/PRP ,/,","(FRAG (INTJ (UH uh)) (, ,) (EDITED (RM (-DFL- \[)) (CC and) (, ,) (IP (-DFL- \+))) (INTJ (UH uh)) (, ,) (CC and) (RS (-DFL- \])) (ADJP-PRD (RB very) (JJ happy) (PP (IN with) (NP (PRP it)))) (, ,) (-DFL- E_S))",72,103.14,105.32000000000001
sw06utt/sw_0625_3573.utt,3/sw3573,3573,48,sd,A,25,2,"{C and } I must admit it's, {D you know, } - /","and/CC I/PRP must/MD admit/VB it/PRP 's/BES ,/, you/PRP know/VBP ,/,","(S (CC and) (NP-SBJ (PRP I)) (VP (MD must) (VP (VB admit) (SBAR (-NONE- 0) (S (NP-SBJ (PRP it)) (VP-UNF (BES 's) (PRN (, ,) (S (NP-SBJ (PRP you)) (VP (VBP know))))))))) (, ,) (-DFL- N_S))",73,105.32,106.74000000000001
sw06utt/sw_0625_3573.utt,3/sw3573,3573,49,%,A,25,3,"[ [ if, + if, ] + if, ] {F uh, } - /","if/IN ,/, if/IN ,/, if/IN ,/, uh/UH ,/,","(S (SBAR-ADV (EDITED (RM (-DFL- \[)) (EDITED (RM (-DFL- \[)) (SBAR-UNF (IN if)) (, ,) (IP (-DFL- \+))) (SBAR-UNF (IN if)) (, ,) (RS (-DFL- \])) (IP (-DFL- \+))) (IN if) (, ,) (RS (-DFL- \])) (INTJ (UH uh)) (, ,) (-DFL- N_S) (S (NP-SBJ (PRP$ my) (JJ only) (NN consideration)) (EDITED (RM (-DFL- \[)) (VP-UNF (VBD were)) (, ,) (IP (-DFL- \+))) (VP (VBD were) (PRN (, ,) (RS (-DFL- \])) (S (NP-SBJ (PRP you)) (VP (VBP know))) (, ,)) (S-PRD (NP-SBJ (-NONE- *)) (VP (VBG buying) (NP (NP (DT another) (NN car)) (SBAR (WHNP-1 (-NONE- 0)) (S (NP-SBJ (-NONE- *)) (ADVP (RB just)) (VP (TO to) (VP (VP (VB tool) (ADVP-DIR (RB around)) (NP (NN town)) (PP (IN in) (NP (-NONE- *T*-1)))) (CC and) (VP (VB make) (PRN (, ,) (S (NP-SBJ (PRP you)) (VP (VBP know))) (, ,)) (NP (NP (JJ brief) (NNS trips)) (CC and) (NP (NP (NNS things)) (PP (IN like) (NP (DT that)))))))))))))))) (, ,) (-DFL- E_S) (NP-SBJ-2 (PRP I)) (VP (MD would) (RM (-DFL- \[)) (ADVP (RB very) (, ,) (IP (-DFL- \+)) (RB very) (RS (-DFL- \])) (RB seriously)) (VP (VB consider) (S (NP-SBJ (-NONE- *-2)) (VP (VBG buying) (NP (CD one)))))) (. .))",74,106.74,107.64
sw06utt/sw_0625_3573.utt,3/sw3573,3573,50,sd,A,25,4,"my only consideration [ were, +  were, ]  {D you know, } buying another car just to tool around town in and make,  {D you know, } brief trips and things like  that,  /","my/PRP$ only/JJ consideration/NN were/VBD ,/, were/VBD ,/, you/PRP know/VBP ,/, buying/VBG another/DT car/NN just/RB to/TO tool/VB around/RB town/NN in/IN and/CC make/VB ,/, you/PRP know/VBP ,/, brief/JJ trips/NNS and/CC things/NNS like/IN that/DT ,/,","(S (SBAR-ADV (EDITED (RM (-DFL- \[)) (EDITED (RM (-DFL- \[)) (SBAR-UNF (IN if)) (, ,) (IP (-DFL- \+))) (SBAR-UNF (IN if)) (, ,) (RS (-DFL- \])) (IP (-DFL- \+))) (IN if) (, ,) (RS (-DFL- \])) (INTJ (UH uh)) (, ,) (-DFL- N_S) (S (NP-SBJ (PRP$ my) (JJ only) (NN consideration)) (EDITED (RM (-DFL- \[)) (VP-UNF (VBD were)) (, ,) (IP (-DFL- \+))) (VP (VBD were) (PRN (, ,) (RS (-DFL- \])) (S (NP-SBJ (PRP you)) (VP (VBP know))) (, ,)) (S-PRD (NP-SBJ (-NONE- *)) (VP (VBG buying) (NP (NP (DT another) (NN car)) (SBAR (WHNP-1 (-NONE- 0)) (S (NP-SBJ (-NONE- *)) (ADVP (RB just)) (VP (TO to) (VP (VP (VB tool) (ADVP-DIR (RB around)) (NP (NN town)) (PP (IN in) (NP (-NONE- *T*-1)))) (CC and) (VP (VB make) (PRN (, ,) (S (NP-SBJ (PRP you)) (VP (VBP know))) (, ,)) (NP (NP (JJ brief) (NNS trips)) (CC and) (NP (NP (NNS things)) (PP (IN like) (NP (DT that)))))))))))))))) (, ,) (-DFL- E_S) (NP-SBJ-2 (PRP I)) (VP (MD would) (RM (-DFL- \[)) (ADVP (RB very) (, ,) (IP (-DFL- \+)) (RB very) (RS (-DFL- \])) (RB seriously)) (VP (VB consider) (S (NP-SBJ (-NONE- *-2)) (VP (VBG buying) (NP (CD one)))))) (. .))",74,107.64,115.06
sw06utt/sw_0625_3573.utt,3/sw3573,3573,51,sd,A,25,5,"I would [ very, + very ]  seriously consider buying one.  {F Uh, }  /","I/PRP would/MD very/RB ,/, very/RB seriously/RB consider/VB buying/VBG one/CD ./. Uh/UH ,/,","(S (SBAR-ADV (EDITED (RM (-DFL- \[)) (EDITED (RM (-DFL- \[)) (SBAR-UNF (IN if)) (, ,) (IP (-DFL- \+))) (SBAR-UNF (IN if)) (, ,) (RS (-DFL- \])) (IP (-DFL- \+))) (IN if) (, ,) (RS (-DFL- \])) (INTJ (UH uh)) (, ,) (-DFL- N_S) (S (NP-SBJ (PRP$ my) (JJ only) (NN consideration)) (EDITED (RM (-DFL- \[)) (VP-UNF (VBD were)) (, ,) (IP (-DFL- \+))) (VP (VBD were) (PRN (, ,) (RS (-DFL- \])) (S (NP-SBJ (PRP you)) (VP (VBP know))) (, ,)) (S-PRD (NP-SBJ (-NONE- *)) (VP (VBG buying) (NP (NP (DT another) (NN car)) (SBAR (WHNP-1 (-NONE- 0)) (S (NP-SBJ (-NONE- *)) (ADVP (RB just)) (VP (TO to) (VP (VP (VB tool) (ADVP-DIR (RB around)) (NP (NN town)) (PP (IN in) (NP (-NONE- *T*-1)))) (CC and) (VP (VB make) (PRN (, ,) (S (NP-SBJ (PRP you)) (VP (VBP know))) (, ,)) (NP (NP (JJ brief) (NNS trips)) (CC and) (NP (NP (NNS things)) (PP (IN like) (NP (DT that)))))))))))))))) (, ,) (-DFL- E_S) (NP-SBJ-2 (PRP I)) (VP (MD would) (RM (-DFL- \[)) (ADVP (RB very) (, ,) (IP (-DFL- \+)) (RB very) (RS (-DFL- \])) (RB seriously)) (VP (VB consider) (S (NP-SBJ (-NONE- *-2)) (VP (VBG buying) (NP (CD one)))))) (. .))|||(S (INTJ (UH Uh)) (, ,) (-DFL- E_S) (NP-SBJ (PRP I)) (VP (VBP think) (SBAR (-NONE- 0) (S (NP-SBJ (PRP they)) (VP (VBP 're) (NP-PRD (ADJP (RB extraordinarily) (JJ reliable)) (NNS cars)))))) (. .) (-DFL- E_S))",74|||75,115.06,118.4
sw06utt/sw_0625_3573.utt,3/sw3573,3573,52,sv,A,25,6,I think they're extraordinarily reliable cars. /,I/PRP think/VBP they/PRP 're/VBP extraordinarily/RB reliable/JJ cars/NNS ./.,"(S (INTJ (UH Uh)) (, ,) (-DFL- E_S) (NP-SBJ (PRP I)) (VP (VBP think) (SBAR (-NONE- 0) (S (NP-SBJ (PRP they)) (VP (VBP 're) (NP-PRD (ADJP (RB extraordinarily) (JJ reliable)) (NNS cars)))))) (. .) (-DFL- E_S))",75,118.72,120.84
sw06utt/sw_0625_3573.utt,3/sw3573,3573,53,aa,B,26,1,"Yes,  /","Yes/UH ,/,","(INTJ (UH Yes) (, ,) (-DFL- E_S))",54,121.02,121.28
sw06utt/sw_0625_3573.utt,3/sw3573,3573,54,sv,B,26,2,they are. /,they/PRP are/VBP ./.,(S (NP-SBJ (PRP they)) (VP (VBP are) (NP-PRD (-NONE- *?*))) (. .) (-DFL- E_S)),78,121.28,121.7
sw06utt/sw_0625_3573.utt,3/sw3573,3573,55,sd,A,27,1,"{F Um, } [ my, + my ] real concern with,  {F uh, } {F uh, } why I'm not sure I want to buy a Honda, is because I have to make a kind of [ a, +   a ] steady, {F um, } trip down the road about once a month, because I'm divorced  /","Um/UH ,/, my/PRP$ ,/, my/PRP$ real/JJ concern/NN with/IN ,/, uh/UH ,/, uh/UH ,/, why/WRB I/PRP 'm/VBP not/RB sure/JJ I/PRP want/VBP to/TO buy/VB a/DT Honda/NNP ,/, is/VBZ because/IN I/PRP have/VBP to/TO make/VB a/DT kind/NN of/IN a/DT ,/, a/DT steady/JJ ,/, um/UH ,/, trip/NN down/IN the/DT road/NN about/RB once/RB a/DT month/NN ,/, because/IN I/PRP 'm/VBP divorced/JJ","(S (INTJ (UH Um)) (, ,) (EDITED (RM (-DFL- \[)) (NP-SBJ-UNF (PRP$ my)) (, ,) (IP (-DFL- \+))) (NP-SBJ (NP (PRP$ my) (RS (-DFL- \])) (JJ real) (NN concern)) (PP-UNF (IN with) (, ,) (INTJ (UH uh)) (, ,) (INTJ (UH uh)))) (, ,))|||(S (SBAR-NOM-SBJ (WHADVP-2 (WRB why)) (S (NP-SBJ (PRP I)) (VP (VBP 'm) (RB not) (ADJP-PRD (JJ sure) (SBAR (-NONE- 0) (S (NP-SBJ-1 (PRP I)) (VP (VBP want) (S (NP-SBJ (-NONE- *-1)) (VP (TO to) (VP (VB buy) (NP (DT a) (NNP Honda))))))))) (ADVP-PRP (-NONE- *T*-2))))) (, ,) (VP (VBZ is) (SBAR-PRP-PRD (IN because) (S (NP-SBJ-3 (PRP I)) (VP (VBP have) (S (NP-SBJ (-NONE- *-3)) (VP (TO to) (VP (VB make) (NP (NP (DT a) (NN kind)) (PP (IN of) (EDITED (RM (-DFL- \[)) (NP-UNF (DT a)) (, ,) (IP (-DFL- \+))) (NP (NP (DT a) (RS (-DFL- \])) (JJ steady) (, ,) (INTJ (UH um)) (, ,) (NN trip)) (PP (IN down) (NP (DT the) (NN road)))))) (ADVP-TMP (RB about) (RB once) (NP-ADV (DT a) (NN month))) (, ,) (SBAR-PRP (IN because) (S (NP-SBJ (PRP I)) (VP (VBP 'm) (ADJP-PRD (JJ divorced)))))))))))) (-DFL- E_S))",80|||81,121.7,136.28
sw06utt/sw_0625_3573.utt,3/sw3573,3573,56,sd,A,27,2,{C and } I have a daughter that lives down in North Carolina -- /,and/CC I/PRP have/VBP a/DT daughter/NN that/WDT lives/VBZ down/IN in/IN North/NNP Carolina/NNP --/:,(S (CC and) (NP-SBJ (PRP I)) (VP (VBP have) (NP (NP (DT a) (NN daughter)) (SBAR (WHNP-1 (WDT that)) (S (NP-SBJ (-NONE- *T*-1)) (VP (VBZ lives) (PP-LOC (IN down) (PP (IN in) (NP (NNP North) (NNP Carolina))))))))) (-DFL- E_S)),82,136.28,138.28
sw06utt/sw_0625_3573.utt,3/sw3573,3573,57,b,B,28,1,"{F Um, } uh-huh. /","Um/UH ,/, uh-huh/UH ./.","(INTJ (INTJ (UH Um)) (, ,) (INTJ (UH uh-huh)) (. .) (-DFL- E_S))",84,138.72,139.28
sw06utt/sw_0625_3573.utt,3/sw3573,3573,58,sd,A,29,1,"-- {C and, } {F uh, } I drive,","--/: and/CC ,/, uh/UH ,/, I/PRP drive/VBP ,/,","(S (CC and) (, ,) (INTJ (UH uh)) (, ,) (NP-SBJ (PRP I)) (VP (VBP drive) (, ,) (PP-DIR (IN down) (NP (NNP Interstate) (CD Ninety-five)))) (, ,) (-DFL- E_S))",86,139.28,140.94
sw06utt/sw_0625_3573.utt,3/sw3573,3573,59,x,B,30,1,<Cough>.,,(S (NP-SBJ (PRP It)) (VP (VBD was) (NP-PRD (DT an) (NNP L) (NNP X))) (. ?) (-DFL- E_S)),52,0.0,0.0
sw06utt/sw_0625_3573.utt,3/sw3573,3573,60,+,A,31,1,"down Interstate Ninety-five,  /","down/IN Interstate/NNP Ninety-five/CD ,/,","(S (CC and) (, ,) (INTJ (UH uh)) (, ,) (NP-SBJ (PRP I)) (VP (VBP drive) (, ,) (PP-DIR (IN down) (NP (NNP Interstate) (CD Ninety-five)))) (, ,) (-DFL- E_S))",86,140.98,142.35999999999999
sw06utt/sw_0625_3573.utt,3/sw3573,3573,61,sv,A,31,2,{C and } it's just an absolutely wild highway. /,and/CC it/PRP 's/BES just/RB an/DT absolutely/RB wild/JJ highway/NN ./.,(S (CC and) (NP-SBJ (PRP it)) (VP (BES 's) (ADVP (RB just)) (NP-PRD (DT an) (ADJP (RB absolutely) (JJ wild)) (NN highway))) (. .) (-DFL- E_S)),89,142.36,144.66
sw06utt/sw_0625_3573.utt,3/sw3573,3573,62,sv,B,32,1,Ninety-five is wild in any car.  /,Ninety-five/CD is/VBZ wild/JJ in/IN any/DT car/NN ./.,(S (NP-SBJ (CD Ninety-five)) (VP (VBZ is) (ADJP-PRD (JJ wild)) (PP-LOC (IN in) (NP (DT any) (NN car)))) (. .) (-DFL- E_S)),91,144.66,146.66
sw06utt/sw_0625_3573.utt,3/sw3573,3573,63,aa,B,32,2,There's no doubt about that -- /,There/EX 's/BES no/DT doubt/NN about/IN that/DT --/:,(S (NP-SBJ (EX There)) (VP (BES 's) (NP-PRD (NP (DT no) (NN doubt)) (PP (IN about) (NP (DT that))))) (-DFL- E_S)),92,146.66,147.55999999999997
sw06utt/sw_0625_3573.utt,3/sw3573,3573,64,b,A,33,1,Yeah  /,Yeah/UH,(INTJ (UH Yeah) (-DFL- E_S)),94,147.56,147.82
sw06utt/sw_0625_3573.utt,3/sw3573,3573,65,%,A,33,2,"{C and, } -/","and/CC ,/,","(S-UNF (CC and) (, ,) (-DFL- N_S))",95,148.04,148.07999999999998
sw06utt/sw_0625_3573.utt,3/sw3573,3573,66,sd,B,34,1,"-- {C because } [ [ I, + I, ] + I ]  run over to Crystal City, {E or } used to,  /","--/: because/IN I/PRP ,/, I/PRP ,/, I/PRP run/VBP over/IN to/IN Crystal/NNP City/NNP ,/, or/CC used/VBD to/TO ,/,","(SBAR-PRP (IN because) (S (EDITED (RM (-DFL- \[)) (EDITED (RM (-DFL- \[)) (NP-SBJ (PRP I)) (, ,) (IP (-DFL- \+))) (NP-SBJ (PRP I)) (, ,) (RS (-DFL- \])) (IP (-DFL- \+))) (NP-SBJ-1 (PRP I)) (RS (-DFL- \])) (VP (VP (VBP run) (PP-DIR (IN over) (PP (IN to) (NP (NNP Crystal) (NNP City))))) (, ,) (CC or) (VP (VBD used) (S (NP-SBJ (-NONE- *-1)) (VP (TO to) (VP (-NONE- *?*))))))) (, ,) (-DFL- E_S))",97,148.18,150.6
sw06utt/sw_0625_3573.utt,3/sw3573,3573,67,sd,B,34,2,I'm retiring the end of this month -- /,I/PRP 'm/VBP retiring/VBG the/DT end/NN of/IN this/DT month/NN --/:,(S (NP-SBJ (PRP I)) (VP (VBP 'm) (VP (VBG retiring) (NP-TMP (NP (DT the) (NN end)) (PP (IN of) (NP (DT this) (NN month)))))) (-DFL- E_S)),98,150.6,152.28
sw06utt/sw_0625_3573.utt,3/sw3573,3573,68,b,A,35,1,Uh-huh. /,Uh-huh/UH ./.,(INTJ (UH Uh-huh) (. .) (-DFL- E_S)),100,152.28,152.48
sw06utt/sw_0625_3573.utt,3/sw3573,3573,69,sd,B,36,1,-- {C but } I'm very much aware of  the crazy driving that goes on over there. /,--/: but/CC I/PRP 'm/VBP very/RB much/RB aware/JJ of/IN the/DT crazy/JJ driving/NN that/WDT goes/VBZ on/RP over/IN there/RB ./.,(S (CC but) (NP-SBJ (PRP I)) (VP (VBP 'm) (ADJP-PRD (ADVP (RB very) (RB much)) (JJ aware) (PP (IN of) (NP (NP (DT the) (JJ crazy) (NN driving)) (SBAR (WHNP-1 (WDT that)) (S (NP-SBJ (-NONE- *T*-1)) (VP (VBZ goes) (PRT (RP on)) (PP-LOC (IN over) (ADVP (RB there)))))))))) (. .) (-DFL- E_S)),102,152.48,156.24
sw06utt/sw_0625_3573.utt,3/sw3573,3573,70,aa,A,37,1,"{C And, } [ you, +  {D well, } you've ]  got it,  /","And/CC ,/, you/PRP ,/, well/UH ,/, you/PRP 've/VBP got/VBN it/PRP ,/,","(S (CC And) (, ,) (EDITED (RM (-DFL- \[)) (NP-SBJ (PRP you)) (, ,) (IP (-DFL- \+))) (INTJ (UH well)) (, ,) (NP-SBJ (PRP you)) (VP (VBP 've) (RS (-DFL- \])) (VP (VBN got) (NP (PRP it)))) (, ,) (-DFL- E_S))",104,156.84,158.3
sw06utt/sw_0625_3573.utt,3/sw3573,3573,71,sd,A,37,2,"[ {C and, } + {F uh, } {C so } ]  having precious cargo in the car with me <laughter>, as you can well imagine,  it's very hard for me to imagine [ that, +  that, ] {F uh, } a Honda's going  to be as safe a car [ as, +  as ] the one that I've got my eye on, which is a Volvo. /","and/CC ,/, uh/UH ,/, so/RB having/VBG precious/JJ cargo/NN in/IN the/DT car/NN with/IN me/PRP ,/, as/IN you/PRP can/MD well/RB imagine/VB ,/, it/PRP 's/BES very/RB hard/JJ for/IN me/PRP to/TO imagine/VB that/IN ,/, that/IN ,/, uh/UH ,/, a/DT Honda/NNP 's/BES going/VBG to/TO be/VB as/RB safe/JJ a/DT car/NN as/IN ,/, as/IN the/DT one/NN that/WDT I/PRP 've/VBP got/VBN my/PRP$ eye/NN on/IN ,/, which/WDT is/VBZ a/DT Volvo/NNP ./.","(S (EDITED (RM (-DFL- \[)) (CC and) (, ,) (IP (-DFL- \+))) (INTJ (UH uh)) (, ,) (RB so) (RS (-DFL- \])) (S-ADV (NP-SBJ (-NONE- *)) (VP (VBG having) (NP (JJ precious) (NN cargo)) (PP-LOC (IN in) (NP (DT the) (NN car))) (PP (IN with) (NP (PRP me))))) (, ,) (SBAR-ADV (IN as) (S (NP-SBJ (PRP you)) (VP (MD can) (ADVP (RB well)) (VP (VB imagine))))) (, ,) (NP-SBJ (NP (PRP it)) (SBAR (-NONE- *EXP*-3))) (VP (BES 's) (ADJP-PRD (RB very) (JJ hard)) (SBAR-3 (IN for) (S (NP-SBJ (PRP me)) (VP (TO to) (VP (VB imagine) (SBAR (EDITED (RM (-DFL- \[)) (SBAR-UNF (IN that)) (, ,) (IP (-DFL- \+))) (IN that) (, ,) (RS (-DFL- \])) (INTJ (UH uh)) (, ,) (S (NP-SBJ-1 (DT a) (NNP Honda)) (VP (BES 's) (VP (VBG going) (S (NP-SBJ (-NONE- *-1)) (VP (TO to) (VP (VB be) (NP-PRD (NP (RB as) (JJ safe) (DT a) (NN car)) (EDITED (RM (-DFL- \[)) (PP-UNF (IN as)) (, ,) (IP (-DFL- \+))) (PP (IN as) (RS (-DFL- \])) (NP (NP (DT the) (NN one)) (SBAR (WHNP-2 (WDT that)) (S (NP-SBJ (PRP I)) (VP (VBP 've) (VP (VBN got) (NP (PRP$ my) (NN eye)) (PP (IN on) (NP (-NONE- *T*-2))))))) (, ,) (SBAR (WHNP-4 (WDT which)) (S (NP-SBJ (-NONE- *T*-4)) (VP (VBZ is) (NP-PRD (DT a) (NNP Volvo)))))))))))))))))))) (. .) (-DFL- E_S))",105,158.42,171.52
sw06utt/sw_0625_3573.utt,3/sw3573,3573,72,b,B,38,1,"Uh-huh,  /","Uh-huh/UH ,/,","(INTJ (UH Uh-huh) (, ,) (-DFL- E_S))",107,171.52,171.66
sw06utt/sw_0625_3573.utt,3/sw3573,3573,73,b^r,B,38,2,uh-huh. /,uh-huh/UH ./.,(INTJ (UH uh-huh) (. .) (-DFL- E_S)),108,172.4,172.58
sw06utt/sw_0625_3573.utt,3/sw3573,3573,74,sd,A,39,1,"[ In, +  in ] fact, quite frankly  I've owned a Volvo in the past,  /","In/IN ,/, in/IN fact/NN ,/, quite/RB frankly/RB I/PRP 've/VBP owned/VBN a/DT Volvo/NNP in/IN the/DT past/NN ,/,","(S (EDITED (RM (-DFL- \[)) (PP-UNF (IN In)) (, ,) (IP (-DFL- \+))) (PP (IN in) (RS (-DFL- \])) (NP (NN fact))) (, ,) (ADVP (RB quite) (RB frankly)) (NP-SBJ (PRP I)) (VP (VBP 've) (VP (VBN owned) (NP (DT a) (NNP Volvo)) (PP-TMP (IN in) (NP (DT the) (NN past))))) (, ,) (-DFL- E_S))",110,172.58,175.48
sw06utt/sw_0625_3573.utt,3/sw3573,3573,75,%,A,39,2,{C and } --,and/CC --/:,(S (CC and) (NP-SBJ (PRP I)) (VP (VBP have) (NP (NP (DT a) (NN daughter)) (SBAR (WHNP-1 (WDT that)) (S (NP-SBJ (-NONE- *T*-1)) (VP (VBZ lives) (PP-LOC (IN down) (PP (IN in) (NP (NNP North) (NNP Carolina))))))))) (-DFL- E_S)),82,176.04,176.22
sw06utt/sw_0625_3573.utt,3/sw3573,3573,76,b,B,40,1,Uh-huh. /,Uh-huh/UH ./.,(INTJ (UH Uh-huh) (. .) (-DFL- E_S)),100,176.24,176.54000000000002
sw06utt/sw_0625_3573.utt,3/sw3573,3573,77,+,A,41,1,"-- {F uh, } [ I've, + I've, ] - /","--/: uh/UH ,/, I/PRP 've/VBP ,/, I/PRP 've/VBP ,/,","(S (CC and) (INTJ (UH uh)) (, ,) (EDITED (RM (-DFL- \[)) (S (NP-SBJ (PRP I)) (VP-UNF (VBP 've))) (, ,) (IP (-DFL- \+))) (NP-SBJ (PRP I)) (VP-UNF (VBP 've)) (, ,) (RS (-DFL- \])) (-DFL- N_S))",111,176.54,177.52
sw06utt/sw_0625_3573.utt,3/sw3573,3573,78,sv,A,41,2,"they're expensive cars to keep up when they need service,  /","they/PRP 're/VBP expensive/JJ cars/NNS to/TO keep/VB up/RP when/WRB they/PRP need/VBP service/NN ,/,","(S (NP-SBJ (PRP they)) (VP (VBP 're) (NP-PRD (NP (JJ expensive) (NNS cars)) (SBAR (WHNP-1 (-NONE- 0)) (S (NP-SBJ (-NONE- *)) (VP (TO to) (VP (VB keep) (NP (-NONE- *T*-1)) (PRT (RP up))))))) (SBAR-TMP (WHADVP-2 (WRB when)) (S (NP-SBJ (PRP they)) (VP (VBP need) (NP (NN service)) (ADVP-TMP (-NONE- *T*-2)))))) (, ,) (-DFL- E_S))",115,177.98,180.57999999999998
sw06utt/sw_0625_3573.utt,3/sw3573,3573,79,sd,A,41,3,"{C but, } {F uh, } <sniffing>  I've found that I've had a lot of luck with them.  /","but/CC ,/, uh/UH ,/, I/PRP 've/VBP found/VBN that/IN I/PRP 've/VBP had/VBN a/DT lot/NN of/IN luck/NN with/IN them/PRP ./.","(S (CC but) (, ,) (INTJ (UH uh)) (, ,) (NP-SBJ (PRP I)) (VP (VBP 've) (VP (VBN found) (SBAR (IN that) (S (NP-SBJ (PRP I)) (VP (VBP 've) (VP (VBN had) (NP (NP (DT a) (NN lot)) (PP (IN of) (NP (NN luck))) (PP (IN with) (NP (PRP them)))))))))) (. .) (-DFL- E_S))",116,180.58,184.08
sw06utt/sw_0625_3573.utt,3/sw3573,3573,80,sd,A,41,4,"{F Uh, } course I'm a mechanically inclined  kind of person,  /","Uh/UH ,/, course/NN I/PRP 'm/VBP a/DT mechanically/RB inclined/JJ kind/RB of/RB person/NN ,/,","(S (INTJ (UH Uh)) (, ,) (NP-ADV (NN course)) (NP-SBJ (PRP I)) (VP (VBP 'm) (NP-PRD (NP (DT a) (ADJP (RB mechanically) (JJ inclined)) (RB kind)) (PP (RB of) (NP (NN person))))) (, ,) (-DFL- E_S))",117,184.68,187.12
sw06utt/sw_0625_3573.utt,3/sw3573,3573,81,sd,A,41,5,"{C and } I always wind up getting under the hood and finding out all  the things that, {D you know, } need to be taken care of, and so forth.  /","and/CC I/PRP always/RB wind/VBP up/RP getting/VBG under/IN the/DT hood/NN and/CC finding/VBG out/RP all/PDT the/DT things/NNS that/WDT ,/, you/PRP know/VBP ,/, need/VBP to/TO be/VB taken/VBN care/NN of/IN ,/, and/CC so/RB forth/RB ./.","(S (CC and) (NP-SBJ-1 (PRP I)) (ADVP-TMP (RB always)) (VP (VBP wind) (PRT (RP up)) (S (NP-SBJ (-NONE- *-1)) (VP (VP (VBG getting) (PP-LOC (IN under) (NP (DT the) (NN hood)))) (CC and) (VP (VBG finding) (PRT (RP out)) (NP (NP (PDT all) (DT the) (NNS things)) (SBAR (WHNP-3 (WDT that)) (S (PRN (, ,) (S (NP-SBJ (PRP you)) (VP (VBP know))) (, ,)) (NP-SBJ (-NONE- *T*-3)) (VP (VBP need) (S (NP-SBJ-2 (-NONE- *)) (VP (TO to) (VP (VB be) (VP (VBN taken) (NP (NN care)) (PP (IN of) (NP (-NONE- *-2)))))))))))) (, ,) (CC and) (ADVP-ETC (RB so) (RB forth))))) (. .) (-DFL- E_S))",118,187.12,192.22
sw06utt/sw_0625_3573.utt,3/sw3573,3573,82,sv,A,41,6,"{C And }  I guess that's one thing [ that, +  that ] recommends the Honda to a lot of people, [ is + is ] there's just very little that you have to do under the hood,  /","And/CC I/PRP guess/VBP that/DT 's/BES one/CD thing/NN that/WDT ,/, that/WDT recommends/VBZ the/DT Honda/NNP to/IN a/DT lot/NN of/IN people/NNS ,/, is/VBZ is/VBZ there/EX 's/BES just/RB very/RB little/JJ that/WDT you/PRP have/VBP to/TO do/VB under/IN the/DT hood/NN ,/,","(S (CC And) (NP-SBJ (PRP I)) (VP (VBP guess) (SBAR (-NONE- 0) (S (SBAR-NOM-SBJ (WHNP-4 (-NONE- 0)) (S (S-SBJ (NP-SBJ (DT that)) (VP (BES 's) (NP-PRD (NP (CD one) (NN thing)) (SBAR (EDITED (RM (-DFL- \[)) (WHNP (WDT that)) (, ,) (IP (-DFL- \+))) (WHNP-1 (WDT that)) (RS (-DFL- \])) (S (NP-SBJ (-NONE- *T*-1)) (VP (VBZ recommends) (NP (DT the) (NNP Honda)) (PP (IN to) (NP (NP (DT a) (NN lot)) (PP (IN of) (NP (NNS people))))))))))) (, ,) (RM (-DFL- \[)) (VP (VBZ is) (IP (-DFL- \+)) (NP-PRD (-NONE- *T*-4))))) (VP (VBZ is) (RS (-DFL- \])) (SBAR-PRD (-NONE- 0) (S (NP-SBJ (EX there)) (VP (BES 's) (ADVP (RB just)) (NP-PRD (NP (RB very) (JJ little)) (SBAR (WHNP-3 (WDT that)) (S (NP-SBJ-2 (PRP you)) (VP (VBP have) (S (NP-SBJ (-NONE- *-2)) (VP (TO to) (VP (VB do) (NP (-NONE- *T*-3)) (PP-LOC (IN under) (NP (DT the) (NN hood))))))))))))))))) (, ,) (-DFL- E_S))",119,192.62,198.72
sw06utt/sw_0625_3573.utt,3/sw3573,3573,83,%,A,41,7,"{C and, } {F uh, } -/","and/CC ,/, uh/UH ,/,","(S-UNF (CC and) (, ,) (INTJ (UH uh)) (, ,) (-DFL- N_S))",120,198.72,198.92
sw06utt/sw_0625_3573.utt,3/sw3573,3573,84,aa,B,42,1,"Yes,  /","Yes/UH ,/,","(INTJ (UH Yes) (, ,) (-DFL- E_S))",122,199.34,199.78
sw06utt/sw_0625_3573.utt,3/sw3573,3573,85,sd,B,42,2,"it [ just, + just ] sits there  and purrs,  /","it/PRP just/RB ,/, just/RB sits/VBZ there/RB and/CC purrs/VBZ ,/,","(S (NP-SBJ (PRP it)) (EDITED (RM (-DFL- \[)) (ADVP (RB just)) (, ,) (IP (-DFL- \+))) (ADVP (RB just)) (RS (-DFL- \])) (VP (VP (VBZ sits) (ADVP-LOC (RB there))) (CC and) (VP (VBZ purrs))) (, ,) (-DFL- E_S))",123,199.78,201.85999999999999
sw06utt/sw_0625_3573.utt,3/sw3573,3573,86,sd,B,42,3,"{C and } [ you, +  all you ] got to do is the main major thing of changing that oil and that filter.  /","and/CC you/PRP ,/, all/DT you/PRP got/VBD to/TO do/VB is/VBZ the/DT main/JJ major/JJ thing/NN of/IN changing/VBG that/DT oil/NN and/CC that/DT filter/NN ./.","(S (CC and) (EDITED (RM (-DFL- \[)) (NP-SBJ (PRP you)) (, ,) (IP (-DFL- \+))) (NP-SBJ (NP (DT all)) (SBAR (WHNP-2 (-NONE- 0)) (S (NP-SBJ-1 (PRP you)) (RS (-DFL- \])) (VP (VBD got) (S (NP-SBJ (-NONE- *-1)) (VP (TO to) (VP (VB do) (NP (-NONE- *T*-2))))))))) (VP (VBZ is) (NP-PRD (NP (DT the) (JJ main) (JJ major) (NN thing)) (PP (IN of) (S-NOM (NP-SBJ (-NONE- *)) (VP (VBG changing) (NP (NP (DT that) (NN oil)) (CC and) (NP (DT that) (NN filter)))))))) (. .) (-DFL- E_S))",124,201.86,205.78
sw06utt/sw_0625_3573.utt,3/sw3573,3573,87,sd,B,42,4,I get six hundred miles on a tank of gas. /,I/PRP get/VBP six/CD hundred/CD miles/NNS on/IN a/DT tank/NN of/IN gas/NN ./.,(S (NP-SBJ (PRP I)) (VP (VBP get) (NP (QP (CD six) (CD hundred)) (NNS miles)) (PP (IN on) (NP (NP (DT a) (NN tank)) (PP (IN of) (NP (NN gas)))))) (. .) (-DFL- E_S)),125,206.4,208.8
sw06utt/sw_0625_3573.utt,3/sw3573,3573,88,aa,A,43,1,"{F Oh, } I know.  /","Oh/UH ,/, I/PRP know/VBP ./.","(S (INTJ (UH Oh)) (, ,) (NP-SBJ (PRP I)) (VP (VBP know)) (. .) (-DFL- E_S))",127,209.16,209.68
sw06utt/sw_0625_3573.utt,3/sw3573,3573,89,sv,A,43,2,It's really amazing. /,It/PRP 's/BES really/RB amazing/JJ ./.,(S (NP-SBJ (PRP It)) (VP (BES 's) (ADVP (RB really)) (ADJP-PRD (JJ amazing))) (. .) (-DFL- E_S)),128,209.68,210.48000000000002
sw06utt/sw_0625_3573.utt,3/sw3573,3573,90,b,B,44,1,Yeah. /,Yeah/UH ./.,(INTJ (UH Yeah) (. .) (-DFL- E_S)),130,211.02,211.16
sw06utt/sw_0625_3573.utt,3/sw3573,3573,91,sv,A,45,1,"It's, {F uh, } <laughter>, -/","It/PRP 's/BES ,/, uh/UH ,/, ,/,","(S (NP-SBJ (PRP It)) (VP-UNF (BES 's) (, ,) (INTJ (UH uh)) (, ,)) (, ,) (-DFL- N_S))",132,211.16,211.7
sw06utt/sw_0625_3573.utt,3/sw3573,3573,92,^2,B,46,1,"Beautiful, beautiful machine. /","Beautiful/JJ ,/, beautiful/JJ machine/NN ./.","(NP (JJ Beautiful) (, ,) (JJ beautiful) (NN machine) (. .) (-DFL- E_S))",134,212.02,213.26
sw06utt/sw_0625_3573.utt,3/sw3573,3573,93,aa,A,47,1,"Absolutely, /","Absolutely/RB ,/,","(INTJ (RB Absolutely) (, ,) (-DFL- E_S))",136,213.6,214.22
sw06utt/sw_0625_3573.utt,3/sw3573,3573,94,x,B,48,1,<Laughter>.,,(S (CC but) (NP-SBJ (PRP I)) (VP (VBP 'm) (ADJP-PRD (ADVP (RB very) (RB much)) (JJ aware) (PP (IN of) (NP (NP (DT the) (JJ crazy) (NN driving)) (SBAR (WHNP-1 (WDT that)) (S (NP-SBJ (-NONE- *T*-1)) (VP (VBZ goes) (PRT (RP on)) (PP-LOC (IN over) (ADVP (RB there)))))))))) (. .) (-DFL- E_S)),102,0.0,0.0
sw06utt/sw_0625_3573.utt,3/sw3573,3573,95,ba,A,49,1,incredible <laughter>.  /,incredible/JJ ./.,(ADJP (JJ incredible) (. .) (-DFL- E_S)),139,214.22,214.68
sw06utt/sw_0625_3573.utt,3/sw3573,3573,96,%,A,49,2,"{D So, }  {F um, } yeah,  /","So/RB ,/, um/UH ,/, yeah/UH ,/,","(INTJ (INTJ (UH So)) (, ,) (INTJ (UH um)) (, ,) (INTJ (UH yeah)) (, ,) (-DFL- E_S))",140,216.4,217.67999999999998
sw06utt/sw_0625_3573.utt,3/sw3573,3573,97,sd,A,49,3,"{D anyway, } I've been looking at the prices of these cars [ and, +  and ] so forth,  /","anyway/UH ,/, I/PRP 've/VBP been/VBN looking/VBG at/IN the/DT prices/NNS of/IN these/DT cars/NNS and/CC ,/, and/CC so/RB forth/RB ,/,","(S (ADVP (UH anyway)) (, ,) (NP-SBJ (PRP I)) (VP (VBP 've) (VP (VBN been) (VP (VP (VBG looking) (PP (IN at) (NP (NP (DT the) (NNS prices)) (PP (IN of) (NP (DT these) (NNS cars)))))) (EDITED (RM (-DFL- \[)) (CC and) (, ,) (IP (-DFL- \+))) (CC and) (RS (-DFL- \])) (ADVP-ETC (RB so) (RB forth))))) (, ,) (-DFL- E_S))",141,217.68,221.44000000000003
sw06utt/sw_0625_3573.utt,3/sw3573,3573,98,sv,A,49,4,"{C and } I think that [ it's, + it's ] very surprising some of these very expensive Volvos  can be gotten for a lot less money than you would think if you're --","and/CC I/PRP think/VBP that/IN it/PRP 's/BES ,/, it/PRP 's/BES very/RB surprising/JJ some/DT of/IN these/DT very/RB expensive/JJ Volvos/NNPS can/MD be/VB gotten/VBN for/IN a/DT lot/NN less/JJR money/NN than/IN you/PRP would/MD think/VB if/IN you/PRP 're/VBP --/:","(S (CC and) (NP-SBJ (PRP I)) (VP (VBP think) (SBAR (IN that) (S (EDITED (RM (-DFL- \[)) (S (NP-SBJ (PRP it)) (VP-UNF (BES 's))) (, ,) (IP (-DFL- \+))) (NP-SBJ (PRP it)) (VP (BES 's) (RS (-DFL- \])) (ADJP-PRD (RB very) (JJ surprising) (SBAR (-NONE- 0) (S (NP-SBJ-1 (NP (DT some)) (PP (IN of) (NP (DT these) (ADJP (RB very) (JJ expensive)) (NNPS Volvos)))) (VP (MD can) (VP (VB be) (VP (VBN gotten) (NP (-NONE- *-1)) (PP (IN for) (NP (NP (DT a) (ADJP (NN lot) (JJR less)) (NN money)) (SBAR (IN than) (S (NP-SBJ (PRP you)) (VP (MD would) (VP (VB think) (SBAR-ADV (IN if) (S (NP-SBJ-2 (PRP you)) (VP (VBP 're) (ADJP-PRD (JJ willing) (S (NP-SBJ (-NONE- *-2)) (VP (TO to) (VP (VB buy) (NP (NP (NNS ones)) (SBAR (WHNP-3 (WDT that)) (S (NP-SBJ (-NONE- *T*-3)) (VP (VBP are) (ADVP (RB about)) (, ,) (NP-PRD (NP (DT the) (NN vintage)) (PP (IN of) (NP (NP (DT the) (NNS cars)) (SBAR (WHNP-4 (WDT that)) (S (NP-SBJ (PRP you) (CC and) (PRP I)) (ADVP-TMP (RB currently)) (VP (VBP own) (NP (-NONE- *T*-4))))))))))))))))))))))))))))))))))) (-DFL- E_S))",142,221.44,227.94
sw06utt/sw_0625_3573.utt,3/sw3573,3573,99,bh,B,50,1,"Is that right,  /","Is/VBZ that/DT right/JJ ,/,","(SQ (VBZ Is) (NP-SBJ (DT that)) (ADJP-PRD (JJ right)) (, ,) (-DFL- E_S))",144,227.94,228.26000000000002
sw06utt/sw_0625_3573.utt,3/sw3573,3573,100,b,B,50,2,uh-huh. /,uh-huh/UH ./.,(INTJ (UH uh-huh) (. .) (-DFL- E_S)),108,228.26,228.38
sw06utt/sw_0625_3573.utt,3/sw3573,3573,101,+,A,51,1,"-- willing to buy ones that are about,","--/: willing/JJ to/TO buy/VB ones/NNS that/WDT are/VBP about/RB ,/,","(S (CC and) (NP-SBJ (PRP I)) (VP (VBP think) (SBAR (IN that) (S (EDITED (RM (-DFL- \[)) (S (NP-SBJ (PRP it)) (VP-UNF (BES 's))) (, ,) (IP (-DFL- \+))) (NP-SBJ (PRP it)) (VP (BES 's) (RS (-DFL- \])) (ADJP-PRD (RB very) (JJ surprising) (SBAR (-NONE- 0) (S (NP-SBJ-1 (NP (DT some)) (PP (IN of) (NP (DT these) (ADJP (RB very) (JJ expensive)) (NNPS Volvos)))) (VP (MD can) (VP (VB be) (VP (VBN gotten) (NP (-NONE- *-1)) (PP (IN for) (NP (NP (DT a) (ADJP (NN lot) (JJR less)) (NN money)) (SBAR (IN than) (S (NP-SBJ (PRP you)) (VP (MD would) (VP (VB think) (SBAR-ADV (IN if) (S (NP-SBJ-2 (PRP you)) (VP (VBP 're) (ADJP-PRD (JJ willing) (S (NP-SBJ (-NONE- *-2)) (VP (TO to) (VP (VB buy) (NP (NP (NNS ones)) (SBAR (WHNP-3 (WDT that)) (S (NP-SBJ (-NONE- *T*-3)) (VP (VBP are) (ADVP (RB about)) (, ,) (NP-PRD (NP (DT the) (NN vintage)) (PP (IN of) (NP (NP (DT the) (NNS cars)) (SBAR (WHNP-4 (WDT that)) (S (NP-SBJ (PRP you) (CC and) (PRP I)) (ADVP-TMP (RB currently)) (VP (VBP own) (NP (-NONE- *T*-4))))))))))))))))))))))))))))))))))) (-DFL- E_S))",142,228.38,229.84
sw06utt/sw_0625_3573.utt,3/sw3573,3573,102,x,B,52,1,<Throat_clearing>.,,(INTJ (UH Uh-huh) (. .) (-DFL- E_S)),113,0.0,0.0
sw06utt/sw_0625_3573.utt,3/sw3573,3573,103,+,A,53,1,the vintage of the cars that you and I currently own -- /,the/DT vintage/NN of/IN the/DT cars/NNS that/WDT you/PRP and/CC I/PRP currently/RB own/VBP --/:,"(S (CC and) (NP-SBJ (PRP I)) (VP (VBP think) (SBAR (IN that) (S (EDITED (RM (-DFL- \[)) (S (NP-SBJ (PRP it)) (VP-UNF (BES 's))) (, ,) (IP (-DFL- \+))) (NP-SBJ (PRP it)) (VP (BES 's) (RS (-DFL- \])) (ADJP-PRD (RB very) (JJ surprising) (SBAR (-NONE- 0) (S (NP-SBJ-1 (NP (DT some)) (PP (IN of) (NP (DT these) (ADJP (RB very) (JJ expensive)) (NNPS Volvos)))) (VP (MD can) (VP (VB be) (VP (VBN gotten) (NP (-NONE- *-1)) (PP (IN for) (NP (NP (DT a) (ADJP (NN lot) (JJR less)) (NN money)) (SBAR (IN than) (S (NP-SBJ (PRP you)) (VP (MD would) (VP (VB think) (SBAR-ADV (IN if) (S (NP-SBJ-2 (PRP you)) (VP (VBP 're) (ADJP-PRD (JJ willing) (S (NP-SBJ (-NONE- *-2)) (VP (TO to) (VP (VB buy) (NP (NP (NNS ones)) (SBAR (WHNP-3 (WDT that)) (S (NP-SBJ (-NONE- *T*-3)) (VP (VBP are) (ADVP (RB about)) (, ,) (NP-PRD (NP (DT the) (NN vintage)) (PP (IN of) (NP (NP (DT the) (NNS cars)) (SBAR (WHNP-4 (WDT that)) (S (NP-SBJ (PRP you) (CC and) (PRP I)) (ADVP-TMP (RB currently)) (VP (VBP own) (NP (-NONE- *T*-4))))))))))))))))))))))))))))))))))) (-DFL- E_S))",142,229.84,232.36
sw06utt/sw_0625_3573.utt,3/sw3573,3573,104,b,B,54,1,Uh-huh. /,Uh-huh/UH ./.,(INTJ (UH Uh-huh) (. .) (-DFL- E_S)),150,232.36,232.48000000000002
sw06utt/sw_0625_3573.utt,3/sw3573,3573,105,%,A,55,1,"-- {C and, } {F um, } -/","--/: and/CC ,/, um/UH ,/,","(S-UNF (CC and) (, ,) (INTJ (UH um)) (, ,) (-DFL- N_S))",152,233.22,233.64
sw06utt/sw_0625_3573.utt,3/sw3573,3573,106,qy^d,B,56,1,"{D Well, } a brand new Volvo costs,  what, thirty thousand dollars? /","Well/UH ,/, a/DT brand/RB new/JJ Volvo/NNP costs/VBZ ,/, what/WP ,/, thirty/CD thousand/CD dollars/NNS ?/.","(S (INTJ (UH Well)) (, ,) (NP-SBJ (DT a) (ADJP (RB brand) (JJ new)) (NNP Volvo)) (VP (VBZ costs) (, ,) (INTJ (WP what)) (, ,) (NP (QP (CD thirty) (CD thousand)) (NNS dollars))) (. ?) (-DFL- E_S))",154,233.94,237.64
sw06utt/sw_0625_3573.utt,3/sw3573,3573,107,na,A,57,1,"{D Well, } certainly some of the top end ones.  /","Well/UH ,/, certainly/RB some/DT of/IN the/DT top/JJ end/NN ones/NNS ./.","(FRAG (INTJ (UH Well)) (, ,) (ADVP (RB certainly)) (NP (NP (DT some)) (PP (IN of) (NP (DT the) (JJ top) (NN end) (NNS ones)))) (. .) (-DFL- E_S))",156,238.24,240.24
sw06utt/sw_0625_3573.utt,3/sw3573,3573,108,sd,A,57,2,"You can still [ get, + get, ] {F uh, } even [ the, + the ] low end wagons, {F um, }  for less than twenty thousand dollars -- /","You/PRP can/MD still/RB get/VB ,/, get/VB ,/, uh/UH ,/, even/RB the/DT ,/, the/DT low/JJ end/NN wagons/NNS ,/, um/UH ,/, for/IN less/JJR than/IN twenty/CD thousand/CD dollars/NNS --/:","(S (NP-SBJ (PRP You)) (VP (MD can) (ADVP-TMP (RB still)) (EDITED (RM (-DFL- \[)) (VP-UNF (VB get)) (, ,) (IP (-DFL- \+))) (VP (VB get) (, ,) (RS (-DFL- \])) (INTJ (UH uh)) (, ,) (ADVP (RB even)) (EDITED (RM (-DFL- \[)) (NP-UNF (DT the)) (, ,) (IP (-DFL- \+))) (NP (DT the) (RS (-DFL- \])) (JJ low) (NN end) (NNS wagons)) (, ,) (INTJ (UH um)) (, ,) (PP (IN for) (NP (QP (JJR less) (IN than) (CD twenty) (CD thousand)) (NNS dollars))))) (-DFL- E_S))",157,240.24,245.92000000000002
sw06utt/sw_0625_3573.utt,3/sw3573,3573,109,b,B,58,1,Uh-huh. /,Uh-huh/UH ./.,(INTJ (UH Uh-huh) (. .) (-DFL- E_S)),150,245.92,246.29999999999998
sw06utt/sw_0625_3573.utt,3/sw3573,3573,110,sd,A,59,1,"-- {C and, } {F uh, } we get, {D you know, } - /","--/: and/CC ,/, uh/UH ,/, we/PRP get/VBP ,/, you/PRP know/VBP ,/,","(S (CC and) (, ,) (INTJ (UH uh)) (, ,) (NP-SBJ (PRP we)) (VP-UNF (VBP get) (PRN (, ,) (S (NP-SBJ (PRP you)) (VP (VBP know))))) (, ,) (-DFL- N_S))",161,246.64,248.06
sw06utt/sw_0625_3573.utt,3/sw3573,3573,111,sd,A,59,2,"in the Washington area, of course, being as affluent as it is, there are lots and   lots of Volvo dealerships down here -- /","in/IN the/DT Washington/NNP area/NN ,/, of/IN course/NN ,/, being/VBG as/RB affluent/JJ as/IN it/PRP is/VBZ ,/, there/EX are/VBP lots/NNS and/CC lots/NNS of/IN Volvo/NNP dealerships/NNS down/IN here/RB --/:","(S (PP-LOC (IN in) (NP (DT the) (NNP Washington) (NN area))) (, ,) (PP (IN of) (NP (NN course))) (, ,) (S-ADV (NP-SBJ (-NONE- *)) (VP (VBG being) (ADJP-PRD (ADJP (RB as) (JJ affluent)) (SBAR (IN as) (S (NP-SBJ (PRP it)) (VP (VBZ is) (ADJP-PRD (-NONE- *?*)))))))) (, ,) (NP-SBJ (EX there)) (VP (VBP are) (NP-PRD (NP (NNS lots) (CC and) (NNS lots)) (PP (IN of) (NP (NNP Volvo) (NNS dealerships)))) (PP-LOC (IN down) (ADVP (RB here)))) (-DFL- E_S))",162,248.06,253.0
sw06utt/sw_0625_3573.utt,3/sw3573,3573,112,b,B,60,1,"{F Um, } uh-huh. /","Um/UH ,/, uh-huh/UH ./.","(INTJ (INTJ (UH Um)) (, ,) (INTJ (UH uh-huh)) (. .) (-DFL- E_S))",164,253.08,253.3
sw06utt/sw_0625_3573.utt,3/sw3573,3573,113,sd,A,61,1,"-- {C so } there're lots and lots of  them available in the paper at [ any, +  any ] week,  /","--/: so/RB there/EX 're/VBP lots/NNS and/CC lots/NNS of/IN them/PRP available/JJ in/IN the/DT paper/NN at/IN any/DT ,/, any/DT week/NN ,/,","(S (RB so) (NP-SBJ (EX there)) (VP (VBP 're) (NP-PRD (NP (NNS lots) (CC and) (NNS lots)) (PP (IN of) (NP (PRP them))) (ADJP (JJ available))) (PP (IN in) (NP (DT the) (NN paper))) (PP-TMP (IN at) (EDITED (RM (-DFL- \[)) (NP-UNF (DT any)) (, ,) (IP (-DFL- \+))) (NP (DT any) (RS (-DFL- \])) (NN week)))) (, ,) (-DFL- E_S))",166,253.5,257.32
sw06utt/sw_0625_3573.utt,3/sw3573,3573,114,sd,A,61,2,"{C and } I sort of, {D you know, }  scan the paper and look at them, and so forth  /","and/CC I/PRP sort/RB of/RB ,/, you/PRP know/VBP ,/, scan/VBP the/DT paper/NN and/CC look/VBP at/IN them/PRP ,/, and/CC so/RB forth/RB","(S (CC and) (NP-SBJ (PRP I)) (ADVP (RB sort) (RB of)) (PRN (, ,) (S (NP-SBJ (PRP you)) (VP (VBP know))) (, ,)) (VP (VP (VBP scan) (NP (DT the) (NN paper))) (CC and) (VP (VBP look) (PP (IN at) (NP (PRP them)))) (, ,) (CC and) (ADVP-ETC (RB so) (RB forth))) (-DFL- E_S))",167,257.32,260.2
sw06utt/sw_0625_3573.utt,3/sw3573,3573,115,sd,A,61,3,[ {C and --,and/CC --/:,"(S (ADVP (UH anyway)) (, ,) (NP-SBJ (PRP I)) (VP (VBP 've) (VP (VBN been) (VP (VP (VBG looking) (PP (IN at) (NP (NP (DT the) (NNS prices)) (PP (IN of) (NP (DT these) (NNS cars)))))) (EDITED (RM (-DFL- \[)) (CC and) (, ,) (IP (-DFL- \+))) (CC and) (RS (-DFL- \])) (ADVP-ETC (RB so) (RB forth))))) (, ,) (-DFL- E_S))",141,260.2,260.28
sw06utt/sw_0625_3573.utt,3/sw3573,3573,116,b,B,62,1,Yeah. /,Yeah/UH ./.,(INTJ (UH Yeah) (. .) (-DFL- E_S)),170,260.28,260.47999999999996
sw06utt/sw_0625_3573.utt,3/sw3573,3573,117,+,A,63,1,"-- so, } +  {F um, } <sniffing> {D anyway, }  {C and } ] [ that's, + that's ] the other thing is that [ I've, + I've ] never really been too terribly  much of a new car person.  /","--/: so/RB ,/, um/UH ,/, anyway/UH ,/, and/CC that/DT 's/BES ,/, that/DT 's/BES the/DT other/JJ thing/NN is/VBZ that/IN I/PRP 've/VBP ,/, I/PRP 've/VBP never/RB really/RB been/VBN too/RB terribly/RB much/RB of/IN a/DT new/JJ car/NN person/NN ./.","(S (EDITED (RM (-DFL- \[)) (CONJP (CC and) (RB so)) (, ,) (IP (-DFL- \+))) (INTJ (UH um)) (, ,) (INTJ (UH anyway)) (, ,) (CC and) (RS (-DFL- \])) (S-SBJ (EDITED (RM (-DFL- \[)) (S-SBJ (NP-SBJ (DT that)) (VP-UNF (BES 's))) (, ,) (IP (-DFL- \+))) (NP-SBJ (DT that)) (VP (BES 's) (RS (-DFL- \])) (NP-PRD (DT the) (JJ other) (NN thing)))) (VP (VBZ is) (SBAR-PRD (IN that) (S (EDITED (RM (-DFL- \[)) (S (NP-SBJ (PRP I)) (VP-UNF (VBP 've))) (, ,) (IP (-DFL- \+))) (NP-SBJ (PRP I)) (VP (VBP 've) (RS (-DFL- \])) (ADVP-TMP (RB never)) (ADVP (RB really)) (VP (VBN been) (NP-PRD (NP (ADJP (RB too) (RB terribly) (RB much))) (PP (IN of) (NP (DT a) (JJ new) (NN car) (NN person))))))))) (. .) (-DFL- E_S))",168,261.12,267.34
sw06utt/sw_0625_3573.utt,3/sw3573,3573,118,sd,A,63,2,"I think I've bought one or two new cars in my life,  /","I/PRP think/VBP I/PRP 've/VBP bought/VBN one/CD or/CC two/CD new/JJ cars/NNS in/IN my/PRP$ life/NN ,/,","(S (NP-SBJ (PRP I)) (VP (VBP think) (SBAR (-NONE- 0) (S (NP-SBJ (PRP I)) (VP (VBP 've) (VP (VBN bought) (NP (QP (CD one) (CC or) (CD two)) (JJ new) (NNS cars)) (PP-TMP (IN in) (NP (PRP$ my) (NN life)))))))) (, ,) (-DFL- E_S))",172,267.34,269.56
sw06utt/sw_0625_3573.utt,3/sw3573,3573,119,sd,A,63,3,"{C and } I've tended [ to, + {F um, } to, ] {F uh, } buy cars that are, {D you know, } two or three,  and sometimes even four and five or  six years old.  /","and/CC I/PRP 've/VBP tended/VBN to/TO ,/, um/UH ,/, to/TO ,/, uh/UH ,/, buy/VB cars/NNS that/WDT are/VBP ,/, you/PRP know/VBP ,/, two/CD or/CC three/CD ,/, and/CC sometimes/RB even/RB four/CD and/CC five/CD or/CC six/CD years/NNS old/JJ ./.","(S (CC and) (NP-SBJ-2 (PRP I)) (VP (VBP 've) (VP (VBN tended) (S (NP-SBJ (-NONE- *-2)) (EDITED (RM (-DFL- \[)) (VP-UNF (TO to)) (, ,) (IP (-DFL- \+))) (INTJ (UH um)) (, ,) (VP (TO to) (, ,) (RS (-DFL- \])) (INTJ (UH uh)) (, ,) (VP (VB buy) (NP (NP (NNS cars)) (SBAR (WHNP-1 (WDT that)) (S (NP-SBJ (-NONE- *T*-1)) (VP (VBP are) (PRN (, ,) (S (NP-SBJ (PRP you)) (VP (VBP know))) (, ,)) (ADJP-PRD (NP-ADV (QP (CD two) (CC or) (CD three) (, ,) (CC and) (RB sometimes) (RB even) (CD four) (CC and) (CD five) (CC or) (CD six)) (NNS years)) (JJ old))))))))))) (. .) (-DFL- E_S))",173,269.68,279.0
sw06utt/sw_0625_3573.utt,3/sw3573,3573,120,sd,A,63,4,"This Honda that I have I bought  used,  /","This/DT Honda/NNP that/WDT I/PRP have/VBP I/PRP bought/VBN used/JJ ,/,","(S (NP-TPC-2 (NP (DT This) (NNP Honda)) (SBAR (WHNP-1 (WDT that)) (S (NP-SBJ (PRP I)) (VP (VBP have) (NP (-NONE- *T*-1)))))) (NP-SBJ (PRP I)) (VP (VBN bought) (NP-3 (-NONE- *T*-2)) (S-ADV (NP-SBJ (-NONE- *-3)) (ADJP-PRD (JJ used)))) (, ,) (-DFL- E_S))",174,279.1,281.23999999999995
sw06utt/sw_0625_3573.utt,3/sw3573,3573,121,sd,A,63,5,"{C and, } in fact, it had an extraordinarily low amount of mileage on it.  /","and/CC ,/, in/IN fact/NN ,/, it/PRP had/VBD an/DT extraordinarily/RB low/JJ amount/NN of/IN mileage/NN on/IN it/PRP ./.","(S (CC and) (, ,) (PP (IN in) (NP (NN fact))) (, ,) (NP-SBJ (PRP it)) (VP (VBD had) (NP (NP (DT an) (ADJP (RB extraordinarily) (JJ low)) (NN amount)) (PP (IN of) (NP (NN mileage))) (PP (IN on) (NP (PRP it))))) (. .) (-DFL- E_S))",175,281.5,284.74
sw06utt/sw_0625_3573.utt,3/sw3573,3573,122,sd,A,63,6,"I've just rolled seventy thousand miles,  /","I/PRP 've/VBP just/RB rolled/VBN seventy/CD thousand/CD miles/NNS ,/,","(S (NP-SBJ (PRP I)) (VP (VBP 've) (ADVP (RB just)) (VP (VBN rolled) (NP (QP (CD seventy) (CD thousand)) (NNS miles)))) (, ,) (-DFL- E_S))",176,284.74,286.82
sw06utt/sw_0625_3573.utt,3/sw3573,3573,123,sd,A,63,7,"{C and } it's [ a seventy-four, +  {E I mean, } an eighty-four. ]  /","and/CC it/PRP 's/BES a/DT seventy-four/CD ,/, I/PRP mean/VBP ,/, an/DT eighty-four/CD ./.","(S (CC and) (NP-SBJ (PRP it)) (VP (BES 's) (EDITED (RM (-DFL- \[)) (NP-PRD (DT a) (CD seventy-four)) (, ,) (IP (-DFL- \+))) (PRN (S (NP-SBJ (PRP I)) (VP (VBP mean))) (, ,)) (NP-PRD (DT an) (CD eighty-four))) (. .) (RS (-DFL- \])) (-DFL- E_S))",177,286.82,288.98
sw06utt/sw_0625_3573.utt,3/sw3573,3573,124,%,A,63,8,{C So }  <laughter>. -/,So/RB ./.,(S-UNF (RB So) (. .) (-DFL- N_S)),178,289.62,289.72
sw06utt/sw_0625_3573.utt,3/sw3573,3573,125,sd,B,64,1,"{D Well, } [ my, + my ]  eighty-four just has seventy-seven on it -- /","Well/UH ,/, my/PRP$ ,/, my/PRP$ eighty-four/CD just/RB has/VBZ seventy-seven/CD on/IN it/PRP --/:","(S (INTJ (UH Well)) (, ,) (EDITED (RM (-DFL- \[)) (NP-SBJ-UNF (PRP$ my)) (, ,) (IP (-DFL- \+))) (NP-SBJ (PRP$ my) (RS (-DFL- \])) (CD eighty-four)) (ADVP (RB just)) (VP (VBZ has) (NP (CD seventy-seven)) (PP (IN on) (NP (PRP it)))) (-DFL- E_S))",180,289.72,292.98
sw06utt/sw_0625_3573.utt,3/sw3573,3573,126,b,A,65,1,Yeah. /,Yeah/UH ./.,(INTJ (UH Yeah) (. .) (-DFL- E_S)),170,293.26,293.59999999999997
sw06utt/sw_0625_3573.utt,3/sw3573,3573,127,sd,B,66,1,"-- {C and } I've made many trips to  Washington and down to Virginia Beach, Virginia, where my mother lives,  and things like that,  /","--/: and/CC I/PRP 've/VBP made/VBN many/JJ trips/NNS to/IN Washington/NNP and/CC down/IN to/IN Virginia/NNP Beach/NNP ,/, Virginia/NNP ,/, where/WRB my/PRP$ mother/NN lives/VBZ ,/, and/CC things/NNS like/IN that/DT ,/,","(S (CC and) (NP-SBJ (PRP I)) (VP (VBP 've) (VP (VP (VBN made) (NP (NP (JJ many) (NNS trips)) (PP-DIR (PP (IN to) (NP (NNP Washington))) (CC and) (PP (IN down) (PP (IN to) (NP (NP (NP (NNP Virginia) (NNP Beach)) (, ,) (NP (NNP Virginia))) (, ,) (SBAR (WHADVP-1 (WRB where)) (S (NP-SBJ (PRP$ my) (NN mother)) (VP (VBZ lives) (ADVP-LOC (-NONE- *T*-1))))))))))) (, ,) (CC and) (NP-ETC (NP (NNS things)) (PP (IN like) (NP (DT that)))))) (, ,) (-DFL- E_S))",184,293.78,299.59999999999997
sw06utt/sw_0625_3573.utt,3/sw3573,3573,128,sd,B,66,2,"{C and } I drive it, /","and/CC I/PRP drive/VBP it/PRP ,/,","(S (CC and) (NP-SBJ (PRP I)) (VP (VBP drive) (NP (PRP it))) (, ,) (-DFL- E_S))",185,299.6,300.0
