swda_filename,ptb_basename,conversation_no,transcript_index,act_tag,caller,utterance_index,subutterance_index,text,pos,trees,ptb_treenumbers,start_ts,end_ts
sw05utt/sw_0506_3576.utt,3/sw3576,3576,0,^h,B,1,1,"Let's see,  /  *[[something missing?  A.1?]]","Let/VB  [ 's/PRP ] see/VB ,/,","(S-IMP (NP-SBJ (-NONE- *)) (VP (VB Let) (S (NP-SBJ (PRP 's)) (VP (VB see)))) (, ,) (-DFL- E_S))",1.0,0.04,0.44
sw05utt/sw_0506_3576.utt,3/sw3576,3576,1,sd,B,1,2,"my husband does the majority of [ the, + {F um, } the, ] {F uh, } gardening, {F uh, } taking care of the lawn and fertilizing,  /","[ my/PRP$ husband/NN ] does/VBZ  [ the/DT majority/NN ] of/IN  [ the/DT ] ,/, um/UH ,/,  [ the/DT ] ,/,  [ uh/UH ] ,/, gardening/VBG ,/,  [ uh/UH ] ,/, taking/VBG  [ care/NN ] of/IN  [ the/DT lawn/NN ] and/CC fertilizing/VBG ,/,","(S (NP-SBJ (PRP$ my) (NN husband)) (VP (VBZ does) (NP (NP (DT the) (NN majority)) (PP (IN of) (EDITED (RM (-DFL- \[)) (NP-UNF (DT the)) (, ,) (IP (-DFL- \+))) (INTJ (UH um)) (, ,) (NP (NP (DT the) (, ,) (RS (-DFL- \])) (INTJ (UH uh)) (, ,) (VBG gardening)) (, ,) (INTJ (UH uh)) (, ,) (S-NOM (NP-SBJ (-NONE- *)) (VP (VP (VBG taking) (NP (NN care)) (PP (IN of) (NP (DT the) (NN lawn)))) (CC and) (VP (VBG fertilizing)))))))) (, ,) (-DFL- E_S))",2.0,0.44,7.62
sw05utt/sw_0506_3576.utt,3/sw3576,3576,2,sd,B,1,3,"{C but, } I, {F um, } tend to all the, planting the annuals [ and, + and ] the spraying --","but/CC ,/,  [ I/PRP ] ,/, um/UH ,/, tend/VBP to/TO  [ all/PDT the/DT ] ,/, planting/NN  [ the/DT annuals/NNS ] and/CC ,/, and/CC  [ the/DT spraying/NN ] --/:","(S (CC but) (, ,) (NP-SBJ-1 (PRP I)) (, ,) (INTJ (UH um)) (, ,) (VP (VBP tend) (PP (TO to) (NP (NP (PDT all) (DT the) (, ,) (NN planting)) (NP (DT the) (NNS annuals)) (EDITED (RM (-DFL- \[)) (CC and) (, ,) (IP (-DFL- \+))) (CC and) (RS (-DFL- \])) (NP (DT the) (NN spraying)) (CC and) (, ,) (INTJ (UH um)) (, ,) (S-NOM (NP-SBJ (-NONE- *-1)) (VP (VP (VBG taking) (NP (NN care)) (PP (IN of) (NP (PRP them)))) (CC and) (ADVP (RB maybe)) (VP (VBG putting) (NP (NNS flowers)) (PRT (RB in)) (PRN (, ,) (S (NP-SBJ (PRP you)) (VP (VBP know))) (, ,)) (PP-TMP (IN throughout) (NP (DT that) (NN season)))) (, ,) (CC and) (ADVP-TMP (RB later) (RB on)) (ADVP (RB maybe)) (VP (VBG planting) (NP (DT some) (NNS mums))))) (CC and) (NP (NP (DT that) (NN kind)) (PP (IN of) (NP (NN stuff)))) (CC and) (, ,) (INTJ (UH um)) (, ,) (NP (NP (DT any) (NN kind)) (PP (IN of) (NP (NP (VBG decorating)) (PP (IN for) (NP (DT the) (NNS holidays)))))))) (PRN (, ,) (S (NP-SBJ (PRP you)) (VP (VBP know))))) (, ,) (-DFL- E_S))",3.0,7.62,13.9
sw05utt/sw_0506_3576.utt,3/sw3576,3576,3,b,A,2,1,Uh-huh. /,[ Uh-huh/UH ] ./.,(INTJ (UH Uh-huh) (. .) (-DFL- E_S)),5.0,14.34,14.5
sw05utt/sw_0506_3576.utt,3/sw3576,3576,4,+,B,3,1,"-- and, {F um, } taking care of them and maybe putting flowers in, {D you know, } throughout that season, and later on maybe planting some mums and that kind of stuff and, {F um, } any kind of decorating for the holidays, {D you know, }  /","--/: and/CC ,/, um/UH ,/, taking/VBG  [ care/NN ] of/IN  [ them/PRP ] and/CC maybe/RB putting/VBG  [ flowers/NNS ] in/RB ,/,  [ you/PRP ] know/VBP ,/, throughout/IN  [ that/DT season/NN ] ,/, and/CC later/RB on/RB maybe/RB planting/VBG  [ some/DT mums/NNS ] and/CC  [ that/DT kind/NN ] of/IN  [ stuff/NN ] and/CC ,/, um/UH ,/,  [ any/DT kind/NN ] of/IN decorating/VBG for/IN  [ the/DT holidays/NNS ] ,/,  [ you/PRP ] know/VBP ,/,","(S (CC but) (, ,) (NP-SBJ-1 (PRP I)) (, ,) (INTJ (UH um)) (, ,) (VP (VBP tend) (PP (TO to) (NP (NP (PDT all) (DT the) (, ,) (NN planting)) (NP (DT the) (NNS annuals)) (EDITED (RM (-DFL- \[)) (CC and) (, ,) (IP (-DFL- \+))) (CC and) (RS (-DFL- \])) (NP (DT the) (NN spraying)) (CC and) (, ,) (INTJ (UH um)) (, ,) (S-NOM (NP-SBJ (-NONE- *-1)) (VP (VP (VBG taking) (NP (NN care)) (PP (IN of) (NP (PRP them)))) (CC and) (ADVP (RB maybe)) (VP (VBG putting) (NP (NNS flowers)) (PRT (RB in)) (PRN (, ,) (S (NP-SBJ (PRP you)) (VP (VBP know))) (, ,)) (PP-TMP (IN throughout) (NP (DT that) (NN season)))) (, ,) (CC and) (ADVP-TMP (RB later) (RB on)) (ADVP (RB maybe)) (VP (VBG planting) (NP (DT some) (NNS mums))))) (CC and) (NP (NP (DT that) (NN kind)) (PP (IN of) (NP (NN stuff)))) (CC and) (, ,) (INTJ (UH um)) (, ,) (NP (NP (DT any) (NN kind)) (PP (IN of) (NP (NP (VBG decorating)) (PP (IN for) (NP (DT the) (NNS holidays)))))))) (PRN (, ,) (S (NP-SBJ (PRP you)) (VP (VBP know))))) (, ,) (-DFL- E_S))",3.0,14.5,28.32
sw05utt/sw_0506_3576.utt,3/sw3576,3576,5,sd,B,3,2,"I'll fix the porch up with pumpkins for Halloween and Christmas,  /","[ I/PRP ] 'll/MD fix/VB  [ the/DT porch/NN ] up/RP with/IN  [ pumpkins/NNS ] for/IN  [ Halloween/NNP ] and/CC  [ Christmas/NNP ] ,/,","(S (NP-SBJ (PRP I)) (VP (MD 'll) (VP (VB fix) (NP (DT the) (NN porch)) (PRT (RP up)) (PP (IN with) (NP (NNS pumpkins))) (PP-PRP (IN for) (NP (NNP Halloween) (CC and) (NNP Christmas))))) (, ,) (-DFL- E_S))",7.0,28.32,33.04
sw05utt/sw_0506_3576.utt,3/sw3576,3576,6,sd,B,3,3,"{C but } basically he does all the heavy stuff,  /","but/CC basically/RB  [ he/PRP ] does/VBZ  [ all/PDT the/DT heavy/NN stuff/NN ] ,/,","(S (CC but) (ADVP (RB basically)) (NP-SBJ (PRP he)) (VP (VBZ does) (NP (PDT all) (DT the) (NN heavy) (NN stuff))) (, ,) (-DFL- E_S))",8.0,33.04,35.3
sw05utt/sw_0506_3576.utt,3/sw3576,3576,7,sd,B,3,4,{C and } I do all the fun stuff <laughter>. /,and/CC  [ I/PRP ] do/VBP  [ all/PDT the/DT fun/JJ stuff/NN ] ./.,(S (CC and) (NP-SBJ (PRP I)) (VP (VBP do) (NP (PDT all) (DT the) (JJ fun) (NN stuff))) (. .) (-DFL- E_S)),9.0,35.3,36.5
sw05utt/sw_0506_3576.utt,3/sw3576,3576,8,sd,A,4,1,"<Laughter> {D Well, } we have it just opposite here.  /","Well/UH ,/,  [ we/PRP ] have/VBP  [ it/PRP ] just/RB opposite/JJ here/RB ./.","(S (INTJ (UH Well)) (, ,) (NP-SBJ (PRP we)) (VP (VBP have) (S (NP-SBJ (PRP it)) (ADJP-PRD (RB just) (JJ opposite))) (ADVP-LOC (RB here))) (. .) (-DFL- E_S))",11.0,36.5,40.72
sw05utt/sw_0506_3576.utt,3/sw3576,3576,9,sd,A,4,2,"My wife works [ [ [ in, {D you know, } at, ] + at, ] + at ] the T I,  /","[ My/PRP$ wife/NN ] works/VBZ in/IN ,/,  [ you/PRP ] know/VBP ,/, at/IN ,/, at/IN ,/, at/IN  [ the/DT T/NNP I/NNP ] ,/,","(S (NP-SBJ (PRP$ My) (NN wife)) (VP (VBZ works) (EDITED (RM (-DFL- \[)) (EDITED (RM (-DFL- \[)) (EDITED (RM (-DFL- \[)) (PP-UNF (IN in)) (PRN (, ,) (S (NP-SBJ (PRP you)) (VP (VBP know))) (, ,)) (PP-LOC-UNF (IN at)) (, ,) (RS (-DFL- \])) (IP (-DFL- \+))) (PP-LOC-UNF (IN at)) (, ,) (RS (-DFL- \])) (IP (-DFL- \+))) (PP-LOC (IN at) (RS (-DFL- \])) (NP (DT the) (NNP T) (NNP I))))) (, ,) (-DFL- E_S))",12.0,40.72,43.660000000000004
sw05utt/sw_0506_3576.utt,3/sw3576,3576,10,sd,A,4,3,"{C and } she's, {F uh, } sedentary all day long --","and/CC  [ she/PRP ] 's/BES ,/,  [ uh/UH ] ,/,  [ sedentary/JJ all/DT day/NN ] long/RB --/:","(S (CC and) (NP-SBJ (PRP she)) (VP (BES 's) (, ,) (INTJ (UH uh)) (, ,) (ADJP-PRD (JJ sedentary)) (ADVP-TMP (NP (DT all) (NN day)) (RB long))))",13.0,43.66,46.74
sw05utt/sw_0506_3576.utt,3/sw3576,3576,11,b,B,5,1,Uh-huh. /,[ Uh-huh/UH ] ./.,(INTJ (UH Uh-huh) (. .) (-DFL- E_S)),5.0,46.86,47.26
sw05utt/sw_0506_3576.utt,3/sw3576,3576,12,+,A,6,1,-- so when she gets home she likes to mow. /,--/: so/RB when/WRB  [ she/PRP ] gets/VBZ  [ home/RB ] [ she/PRP ] likes/VBZ to/TO mow/VB ./.,(S (RB so) (SBAR-TMP (WHADVP-2 (WRB when)) (S (NP-SBJ (PRP she)) (VP (VBZ gets) (ADVP-LOC (RB home)) (ADVP-TMP (-NONE- *T*-2))))) (NP-SBJ-1 (PRP she)) (VP (VBZ likes) (S (NP-SBJ (-NONE- *-1)) (VP (TO to) (VP (VB mow))))) (. .) (-DFL- E_S)),14.0,47.28,49.32
sw05utt/sw_0506_3576.utt,3/sw3576,3576,13,b,B,7,1,I see. /,[ I/PRP ] see/VBP ./.,(S (NP-SBJ (PRP I)) (VP (VBP see)) (. .) (-DFL- E_S)),19.0,49.68,50.04
sw05utt/sw_0506_3576.utt,3/sw3576,3576,14,sd,A,8,1,"{C And } we have about ten acres,  /","And/CC  [ we/PRP ] have/VBP about/RB  [ ten/CD acres/NNS ] ,/,","(S (CC And) (NP-SBJ (PRP we)) (VP (VBP have) (NP (QP (RB about) (CD ten)) (NNS acres))) (, ,) (-DFL- E_S))",21.0,50.04,52.16
sw05utt/sw_0506_3576.utt,3/sw3576,3576,15,sd,A,8,2,{C and } she tries --,and/CC  [ she/PRP ] tries/VBZ --/:,(S (CC and) (NP-SBJ-1 (PRP she)) (VP (VBZ tries) (S (NP-SBJ (-NONE- *-1)) (VP (TO to) (VP (VB mow) (ADVP (RB about)) (NP (NP (NN half)) (PP (IN of) (NP (PRP it)))))))) (. .) (-DFL- E_S)),22.0,52.16,53.04
sw05utt/sw_0506_3576.utt,3/sw3576,3576,16,ba,B,9,1,Wow. /,[ Wow/UH ] ./.,(INTJ (UH Wow) (. .) (-DFL- E_S)),24.0,53.08,53.339999999999996
sw05utt/sw_0506_3576.utt,3/sw3576,3576,17,+,A,10,1,-- to mow about half of it <throat_clearing>. /,--/: to/TO mow/VB about/RB  [ half/NN ] of/IN  [ it/PRP ] ./.,(S (CC and) (NP-SBJ-1 (PRP she)) (VP (VBZ tries) (S (NP-SBJ (-NONE- *-1)) (VP (TO to) (VP (VB mow) (ADVP (RB about)) (NP (NP (NN half)) (PP (IN of) (NP (PRP it)))))))) (. .) (-DFL- E_S)),22.0,53.34,54.78
sw05utt/sw_0506_3576.utt,3/sw3576,3576,18,ba,B,11,1,"Wow.  That's [ a, + a ] big job. /","[ Wow/UH ] ./.  [ That/DT ] 's/BES  [ a/DT ] ,/,  [ a/DT big/JJ job/NN ] ./.","(S (INTJ (UH Wow)) (. .) (NP-SBJ (DT That)) (VP (BES 's) (EDITED (RM (-DFL- \[)) (NP-PRD-UNF (DT a)) (, ,) (IP (-DFL- \+))) (NP-PRD (DT a) (RS (-DFL- \])) (JJ big) (NN job))) (. .) (-DFL- E_S))",27.0,54.78,56.660000000000004
sw05utt/sw_0506_3576.utt,3/sw3576,3576,19,aa,A,12,1,"{D Well, } yeah,  /","Well/UH ,/, yeah/UH ,/,","(INTJ (INTJ (UH Well)) (, ,) (INTJ (UH yeah)) (, ,) (-DFL- E_S))",29.0,57.16,57.879999999999995
sw05utt/sw_0506_3576.utt,3/sw3576,3576,20,%,A,12,2,"it keeps, {F uh, } {D well, } - /","[ it/PRP ] keeps/VBZ ,/,  [ uh/UH ] ,/, well/UH ,/,","(S (NP-SBJ (PRP it)) (VP-UNF (VBZ keeps) (, ,) (INTJ (UH uh)) (, ,) (INTJ (UH well))) (, ,) (-DFL- N_S))",30.0,57.88,59.24
sw05utt/sw_0506_3576.utt,3/sw3576,3576,21,sd,A,12,3,"it's doing real well,  /","[ it/PRP ] 's/BES doing/VBG real/RB well/RB ,/,","(S (NP-SBJ (PRP it)) (VP (BES 's) (VP (VBG doing) (ADVP (RB real) (RB well)))) (, ,) (-DFL- E_S))",31.0,59.32,60.760000000000005
sw05utt/sw_0506_3576.utt,3/sw3576,3576,22,sd,A,12,4,"{C because } when we got this place [ the, + the ] dirt was just overgrazed -- /","because/IN when/WRB  [ we/PRP ] got/VBD  [ this/DT place/NN ] [ the/DT ] ,/,  [ the/DT dirt/NN ] was/VBD just/RB overgrazed/VBN --/:","(SBAR-PRP (IN because) (S (SBAR-TMP (WHADVP-1 (WRB when)) (S (NP-SBJ (PRP we)) (VP (VBD got) (NP (DT this) (NN place)) (ADVP-TMP (-NONE- *T*-1))))) (EDITED (RM (-DFL- \[)) (NP-SBJ-UNF (DT the)) (, ,) (IP (-DFL- \+))) (NP-SBJ (DT the) (RS (-DFL- \])) (NN dirt)) (VP (VBD was) (ADVP (RB just)) (ADJP-PRD (VBN overgrazed)))) (-DFL- E_S))",32.0,60.76,64.16
sw05utt/sw_0506_3576.utt,3/sw3576,3576,23,b,B,13,1,Uh-huh. /,[ Uh-huh/UH ] ./.,(INTJ (UH Uh-huh) (. .) (-DFL- E_S)),5.0,64.6,64.72
sw05utt/sw_0506_3576.utt,3/sw3576,3576,24,sd,A,14,1,"-- {E I mean, } {D you know, } it was bare dirt in a lot of places -- /","--/:  [ I/PRP ] mean/VBP ,/,  [ you/PRP ] know/VBP ,/,  [ it/PRP ] was/VBD  [ bare/JJ dirt/NN ] in/IN  [ a/DT lot/NN ] of/IN  [ places/NNS ] --/:","(S (PRN (S (NP-SBJ (PRP I)) (VP (VBP mean))) (, ,)) (PRN (S (NP-SBJ (PRP you)) (VP (VBP know))) (, ,)) (NP-SBJ (PRP it)) (VP (VBD was) (NP-PRD (JJ bare) (NN dirt)) (PP-LOC (IN in) (NP (NP (DT a) (NN lot)) (PP (IN of) (NP (NNS places)))))) (-DFL- E_S))",36.0,64.72,66.9
sw05utt/sw_0506_3576.utt,3/sw3576,3576,25,b,B,15,1,Uh-huh. /,[ Uh-huh/UH ] ./.,(INTJ (UH Uh-huh) (. .) (-DFL- E_S)),16.0,67.12,67.32000000000001
sw05utt/sw_0506_3576.utt,3/sw3576,3576,26,sd,A,16,1,"-- {C and } now, {D you know, } since we've been mowing it, - /","--/: and/CC now/RB ,/,  [ you/PRP ] know/VBP ,/, since/IN  [ we/PRP ] 've/VBP been/VBN mowing/VBG  [ it/PRP ] ,/,","(S-UNF (CC and) (ADVP-TMP (RB now)) (PRN (, ,) (S (NP-SBJ (PRP you)) (VP (VBP know))) (, ,)) (SBAR-TMP (IN since) (S (NP-SBJ (PRP we)) (VP (VBP 've) (VP (VBN been) (VP (VBG mowing) (NP (PRP it))))))) (, ,) (-DFL- N_S))",40.0,67.66,69.92
sw05utt/sw_0506_3576.utt,3/sw3576,3576,27,sd,A,16,2,"{C and, } {D you know, } of course we water a little bit,  /","and/CC ,/,  [ you/PRP ] know/VBP ,/, of/IN  [ course/NN ] [ we/PRP ] water/VBP  [ a/DT little/JJ bit/NN ] ,/,","(S (CC and) (PRN (, ,) (S (NP-SBJ (PRP you)) (VP (VBP know))) (, ,)) (PP (IN of) (NP (NN course))) (NP-SBJ (PRP we)) (VP (VBP water) (NP-ADV (DT a) (JJ little) (NN bit))) (, ,) (-DFL- E_S))",41.0,69.92,71.82000000000001
sw05utt/sw_0506_3576.utt,3/sw3576,3576,28,sd,A,16,3,"that's just too much to water all at once,  /","[ that/WDT ] 's/BES just/RB too/RB much/JJ to/TO water/VB  [ all/DT ] at/IN once/RB ,/,","(S (NP-SBJ (WDT that)) (VP (BES 's) (ADVP (RB just)) (NP-PRD (NP (RB too) (JJ much)) (SBAR (WHNP-1 (-NONE- 0)) (S (NP-SBJ (-NONE- *)) (VP (TO to) (VP (VB water) (NP (-NONE- *T*-1)) (DT all) (PP-TMP (IN at) (ADVP (RB once))))))))) (, ,) (-DFL- E_S))",42.0,72.62,73.94
sw05utt/sw_0506_3576.utt,3/sw3576,3576,29,sd,A,16,4,[ {C but } -- +,but/CC --/:,"(S (EDITED (RM (-DFL- \[)) (CC but) (IP (-DFL- \+))) (CC but) (RS (-DFL- \])) (ADVP (RB just)) (PP (IN by) (S-NOM (NP-SBJ (-NONE- *)) (VP (VP (VBG keeping) (S (NP-SBJ-1 (PRP it)) (VP (VBN mowed) (NP (-NONE- *-1))))) (CC and) (VP (VBG getting) (S (NP-SBJ-2 (PRP it)) (VP (VBN mulched) (NP (-NONE- *-2)) (PRT (RP in)))))))) (, ,) (NP-SBJ (PRP we)) (VP (VBP 've) (VP (VBN reclaimed) (NP (NP (DT a) (NN lot)) (PP (IN of) (NP (PRP it)))))) (. .) (-DFL- E_S))",43.0,73.94,74.12
sw05utt/sw_0506_3576.utt,3/sw3576,3576,30,ba,B,17,1,"{F Oh, } sure. /","Oh/UH ,/, sure/UH ./.","(INTJ (INTJ (UH Oh)) (, ,) (INTJ (UH sure)) (. .) (-DFL- E_S))",45.0,74.12,74.72
sw05utt/sw_0506_3576.utt,3/sw3576,3576,31,+,A,18,1,"-- {C but } ] just by keeping it mowed and getting it mulched in, we've reclaimed a lot of it. /","--/: but/CC just/RB by/IN keeping/VBG  [ it/PRP ] mowed/VBN and/CC getting/VBG  [ it/PRP ] mulched/VBN in/RP ,/,  [ we/PRP ] 've/VBP reclaimed/VBN  [ a/DT lot/NN ] of/IN  [ it/PRP ] ./.","(S (EDITED (RM (-DFL- \[)) (CC but) (IP (-DFL- \+))) (CC but) (RS (-DFL- \])) (ADVP (RB just)) (PP (IN by) (S-NOM (NP-SBJ (-NONE- *)) (VP (VP (VBG keeping) (S (NP-SBJ-1 (PRP it)) (VP (VBN mowed) (NP (-NONE- *-1))))) (CC and) (VP (VBG getting) (S (NP-SBJ-2 (PRP it)) (VP (VBN mulched) (NP (-NONE- *-2)) (PRT (RP in)))))))) (, ,) (NP-SBJ (PRP we)) (VP (VBP 've) (VP (VBN reclaimed) (NP (NP (DT a) (NN lot)) (PP (IN of) (NP (PRP it)))))) (. .) (-DFL- E_S))",43.0,74.72,79.82
sw05utt/sw_0506_3576.utt,3/sw3576,3576,32,ba,B,19,1,"{F Oh, } I bet it's beautiful. /","Oh/UH ,/,  [ I/PRP ] bet/VBP  [ it/PRP ] 's/BES beautiful/JJ ./.","(S (INTJ (UH Oh)) (, ,) (NP-SBJ (PRP I)) (VP (VBP bet) (SBAR (-NONE- 0) (S (NP-SBJ (PRP it)) (VP (BES 's) (ADJP-PRD (JJ beautiful)))))) (. .) (-DFL- E_S))",48.0,80.28,81.46000000000001
sw05utt/sw_0506_3576.utt,3/sw3576,3576,33,aa,A,20,1,"Yeah,  /","Yeah/UH ,/,","(INTJ (UH Yeah) (, ,) (-DFL- E_S))",50.0,81.82,82.08
sw05utt/sw_0506_3576.utt,3/sw3576,3576,34,sd,A,20,2,"{C but } we don't do much in the way of, {F uh, } flowers.  /","but/CC  [ we/PRP ] do/VBP n't/RB do/VB much/JJ in/IN  [ the/DT way/NN ] of/IN ,/,  [ uh/UH ] ,/,  [ flowers/NNS ] ./.","(S (CC but) (NP-SBJ (PRP we)) (VP (VBP do) (RB n't) (VP (VB do) (NP (NP (JJ much)) (PP (IN in) (NP (NP (DT the) (NN way)) (PP (IN of) (, ,) (INTJ (UH uh)) (, ,) (NP (NNS flowers)))))))) (. .) (-DFL- E_S))",51.0,82.08,85.08
sw05utt/sw_0506_3576.utt,3/sw3576,3576,35,sd,A,20,3,We have one little flower garden --,[ We/PRP ] have/VBP  [ one/CD ] [ little/JJ flower/NN garden/NN ] --/:,"(S (NP-SBJ (PRP We)) (VP (VBP have) (NP (NP (CD one) (JJ little) (NN flower) (NN garden)) (SBAR (EDITED (RM (-DFL- \[)) (SBAR (WHNP (WDT that)) (S-UNF (NP-SBJ (PRP we)))) (, ,) (IP (-DFL- \+))) (WHNP-1 (WDT that)) (S (NP-SBJ (PRP we)) (RS (-DFL- \])) (VP (VBP work) (PP (IN with) (NP (-NONE- *T*-1)))))))) (. .) (-DFL- E_S))",52.0,85.08,86.52
sw05utt/sw_0506_3576.utt,3/sw3576,3576,36,b,B,21,1,Uh-huh. /,[ Uh-huh/UH ] ./.,(INTJ (UH Uh-huh) (. .) (-DFL- E_S)),34.0,86.52,86.7
sw05utt/sw_0506_3576.utt,3/sw3576,3576,37,+,A,22,1,"-- [ that we, + that we ] work with.  /","--/: that/WDT  [ we/PRP ] ,/, that/WDT  [ we/PRP ] work/VBP with/IN ./.","(S (NP-SBJ (PRP We)) (VP (VBP have) (NP (NP (CD one) (JJ little) (NN flower) (NN garden)) (SBAR (EDITED (RM (-DFL- \[)) (SBAR (WHNP (WDT that)) (S-UNF (NP-SBJ (PRP we)))) (, ,) (IP (-DFL- \+))) (WHNP-1 (WDT that)) (S (NP-SBJ (PRP we)) (RS (-DFL- \])) (VP (VBP work) (PP (IN with) (NP (-NONE- *T*-1)))))))) (. .) (-DFL- E_S))",52.0,86.7,88.62
sw05utt/sw_0506_3576.utt,3/sw3576,3576,38,sd,A,22,2,The rest of it is just {D like } wild flowers -- /,[ The/DT rest/NN ] of/IN  [ it/PRP ] is/VBZ just/RB like/IN  [ wild/JJ flowers/NNS ] --/:,(S (NP-SBJ (NP (DT The) (NN rest)) (PP (IN of) (NP (PRP it)))) (VP (VBZ is) (ADVP (RB just)) (INTJ (UH like)) (NP-PRD (JJ wild) (NNS flowers))) (-DFL- E_S)),56.0,88.66,90.44
sw05utt/sw_0506_3576.utt,3/sw3576,3576,39,b^m,B,23,1,Wild flowers. /,[ Wild/JJ flowers/NNS ] ./.,(NP (JJ Wild) (NNS flowers) (. .) (-DFL- E_S)),58.0,90.44,91.36
sw05utt/sw_0506_3576.utt,3/sw3576,3576,40,sd,A,24,1,-- {C and } in the summertime we get the prettiest yellow flowers. /,--/: and/CC in/IN  [ the/DT summertime/NN ] [ we/PRP ] get/VBP  [ the/DT prettiest/JJS yellow/JJ flowers/NNS ] ./.,(S (CC and) (PP-TMP (IN in) (NP (DT the) (NN summertime))) (NP-SBJ (PRP we)) (VP (VBP get) (NP (DT the) (JJS prettiest) (JJ yellow) (NNS flowers))) (. .) (-DFL- E_S)),60.0,91.36,94.82000000000001
sw05utt/sw_0506_3576.utt,3/sw3576,3576,41,b,B,25,1,Uh-huh. /,[ Uh-huh/UH ] ./.,(INTJ (UH Uh-huh) (. .) (-DFL- E_S)),34.0,95.06,95.5
sw05utt/sw_0506_3576.utt,3/sw3576,3576,42,sd,A,26,1,"They're about, {F oh, } I guess, a third the size of [ your, +  palm of your hand ] -- /","[ They/PRP ] 're/VBP about/RB ,/, oh/UH ,/,  [ I/PRP ] guess/VBP ,/,  [ a/DT third/JJ ] [ the/DT size/NN ] of/IN  [ your/PRP$ ] ,/,  [ palm/NN ] of/IN  [ your/PRP$ hand/NN ] --/:","(S (NP-SBJ (PRP They)) (VP (VBP 're) (ADVP (RB about)) (, ,) (INTJ (UH oh)) (PRN (, ,) (S (NP-SBJ (PRP I)) (VP (VBP guess) (FRAG (NP (-NONE- *RNR*-1))))) (, ,)) (NP-PRD-1 (QP (DT a) (JJ third)) (NP (DT the) (NN size)) (PP (IN of) (EDITED (RM (-DFL- \[)) (NP-UNF (PRP$ your)) (, ,) (IP (-DFL- \+))) (NP (NP (NN palm)) (PP (IN of) (NP (PRP$ your) (NN hand))))))) (RS (-DFL- \])) (-DFL- E_S))",64.0,95.5,99.14
sw05utt/sw_0506_3576.utt,3/sw3576,3576,43,b,B,27,1,Uh-huh. /,[ Uh-huh/UH ] ./.,(INTJ (UH Uh-huh) (. .) (-DFL- E_S)),38.0,99.32,99.5
sw05utt/sw_0506_3576.utt,3/sw3576,3576,44,sd,A,28,1,-- {C and } --,--/: and/CC --/:,"(S-UNF (CC and) (ADVP-TMP (RB now)) (PRN (, ,) (S (NP-SBJ (PRP you)) (VP (VBP know))) (, ,)) (SBAR-TMP (IN since) (S (NP-SBJ (PRP we)) (VP (VBP 've) (VP (VBN been) (VP (VBG mowing) (NP (PRP it))))))) (, ,) (-DFL- N_S))",40.0,99.5,99.82
sw05utt/sw_0506_3576.utt,3/sw3576,3576,45,ba,B,29,1,"{F Oh, } that sounds lovely. /","Oh/UH ,/,  [ that/WDT ] sounds/VBZ  [ lovely/JJ ] ./.","(S (INTJ (UH Oh)) (, ,) (NP-SBJ (WDT that)) (VP (VBZ sounds) (ADJP-PRD (JJ lovely))) (. .) (-DFL- E_S))",70.0,100.02,101.02
sw05utt/sw_0506_3576.utt,3/sw3576,3576,46,+,A,30,1,-- {C course } in the spring we get the bluebonnets and Indian paintbrush. /,--/:  [ course/NN ] in/IN  [ the/DT spring/NN ] [ we/PRP ] get/VBP  [ the/DT bluebonnets/NNS ] and/CC  [ Indian/JJ paintbrush/NN ] ./.,(S (CC and) (NP-ADV (NN course)) (PP-TMP (IN in) (NP (DT the) (NN spring))) (NP-SBJ (PRP we)) (VP (VBP get) (NP (NP (DT the) (NNS bluebonnets)) (CC and) (NP (JJ Indian) (NN paintbrush)))) (. .) (-DFL- E_S)),68.0,101.02,104.52000000000001
sw05utt/sw_0506_3576.utt,3/sw3576,3576,47,b,B,31,1,Uh-huh.  /,[ Uh-huh/UH ] ./.,(INTJ (UH Uh-huh) (. .) (-DFL- E_S)),54.0,105.0,105.3
sw05utt/sw_0506_3576.utt,3/sw3576,3576,48,sv,B,31,2,"{F Oh, } the wild flowers are beautiful.  /","Oh/UH ,/,  [ the/DT wild/JJ flowers/NNS ] are/VBP beautiful/JJ ./.","(S (INTJ (UH Oh)) (, ,) (NP-SBJ (DT the) (JJ wild) (NNS flowers)) (VP (VBP are) (ADJP-PRD (JJ beautiful))) (. .) (-DFL- E_S))",74.0,105.92,107.38
sw05utt/sw_0506_3576.utt,3/sw3576,3576,49,sd,B,31,3,"[ I think, + {F um, } I was thinking ] about throwing some [ for, +  in ] the back, [ just where the kids, {F um, } + ] just way in the back, behind the swing sets  /","[ I/PRP ] think/VBP ,/, um/UH ,/,  [ I/PRP ] was/VBD thinking/VBG about/IN throwing/VBG  [ some/DT ] for/IN ,/, in/IN  [ the/DT back/NN ] ,/, just/RB where/WRB  [ the/DT kids/NNS ] ,/, um/UH ,/, just/RB  [ way/NN ] in/IN  [ the/DT back/NN ] ,/, behind/IN  [ the/DT swing/NN sets/NNS ]","(S (EDITED (RM (-DFL- \[)) (S (NP-SBJ (PRP I)) (VP-UNF (VBP think))) (, ,) (IP (-DFL- \+))) (INTJ (UH um)) (, ,) (NP-SBJ-1 (PRP I)) (VP (VBD was) (VP (VBG thinking) (RS (-DFL- \])) (PP (IN about) (S-NOM (NP-SBJ (-NONE- *-1)) (VP (VBG throwing) (NP (DT some)) (EDITED (RM (-DFL- \[)) (PP-UNF (IN for)) (, ,) (IP (-DFL- \+))) (PP-LOC (IN in) (RS (-DFL- \])) (NP (DT the) (NN back))) (, ,) (EDITED (RM (-DFL- \[)) (ADVP (RB just)) (SBAR-LOC (WHADVP (WRB where)) (S-UNF (NP-SBJ (DT the) (NNS kids)))) (, ,) (INTJ (UH um)) (, ,) (IP (-DFL- \+)) (RS (-DFL- \]))) (ADVP (RB just)) (PP-LOC (ADVP (NN way)) (IN in) (NP (DT the) (NN back))) (, ,) (PP-LOC (IN behind) (NP (DT the) (NN swing) (NNS sets)))))))) (-DFL- E_S))",75.0,107.38,114.8
sw05utt/sw_0506_3576.utt,3/sw3576,3576,50,sd,B,31,4,"{C or, } just have some wild flowers growing back there would be real pretty.  /","or/CC ,/, just/RB have/VB  [ some/DT wild/JJ flowers/NNS ] growing/VBG back/RB  [ there/RB ] would/MD be/VB real/RB pretty/JJ ./.","(S (CC or) (, ,) (ADVP (RB just)) (X (VP (VB have) (S (NP-SBJ (DT some) (JJ wild) (NNS flowers)) (VP (VBG growing) (ADVP-LOC (RB back) (RB there))))) (VP (MD would) (VP (VB be) (ADJP-PRD (RB real) (JJ pretty))))) (. .) (-DFL- E_S))",76.0,114.8,118.06
sw05utt/sw_0506_3576.utt,3/sw3576,3576,51,qy^d,B,31,5,Then you don't really have to have much maintenance involved. /,Then/RB  [ you/PRP ] do/VBP n't/RB really/RB have/VB to/TO have/VB  [ much/JJ maintenance/NN ] involved/VBN ./.,(S (ADVP (RB Then)) (NP-SBJ-1 (PRP you)) (VP (VBP do) (RB n't) (ADVP (RB really)) (VP (VB have) (S (NP-SBJ (-NONE- *-1)) (VP (TO to) (VP (VB have) (S (NP-SBJ-2 (JJ much) (NN maintenance)) (VP (VBN involved) (NP (-NONE- *-2))))))))) (. .) (-DFL- E_S)),77.0,118.06,120.56
sw05utt/sw_0506_3576.utt,3/sw3576,3576,52,ny,A,32,1,Yeah.  /,Yeah/UH ./.,(INTJ (UH Yeah) (. .) (-DFL- E_S)),79.0,121.58,121.7
sw05utt/sw_0506_3576.utt,3/sw3576,3576,53,sd,A,32,2,"{D Well, } my wife and I really enjoy that sort of thing. /","Well/UH ,/,  [ my/PRP$ wife/NN ] and/CC  [ I/PRP ] really/RB enjoy/VBP  [ that/DT sort/NN ] of/IN  [ thing/NN ] ./.","(S (INTJ (UH Well)) (, ,) (NP-SBJ (NP (PRP$ my) (NN wife)) (CC and) (NP (PRP I))) (ADVP (RB really)) (VP (VBP enjoy) (NP (NP (DT that) (NN sort)) (PP (IN of) (NP (NN thing))))) (. .) (-DFL- E_S))",80.0,121.72,123.84
sw05utt/sw_0506_3576.utt,3/sw3576,3576,54,b,B,33,1,Uh-huh. /,[ Uh-huh/UH ] ./.,(INTJ (UH Uh-huh) (. .) (-DFL- E_S)),54.0,124.1,124.3
sw05utt/sw_0506_3576.utt,3/sw3576,3576,55,sd,A,34,1,"{F Uh, } she enjoys mowing.  /","[ Uh/UH ] ,/,  [ she/PRP ] enjoys/VBZ  [ mowing/NN ] ./.","(S (INTJ (UH Uh)) (, ,) (NP-SBJ-1 (PRP she)) (VP (VBZ enjoys) (S (NP-SBJ (-NONE- *-1)) (VP (NN mowing)))) (. .) (-DFL- E_S))",84.0,124.66,127.0
sw05utt/sw_0506_3576.utt,3/sw3576,3576,56,sd,A,34,2,I can't believe it. /,[ I/PRP ] ca/MD n't/RB believe/VB  [ it/PRP ] ./.,(S (NP-SBJ (PRP I)) (VP (MD ca) (RB n't) (VP (VB believe) (NP (PRP it)))) (. .) (-DFL- E_S)),85.0,127.0,127.7
sw05utt/sw_0506_3576.utt,3/sw3576,3576,57,b,B,35,1,"Uh-huh,  /","[ Uh-huh/UH ] ,/,","(INTJ (UH Uh-huh) (, ,) (-DFL- E_S))",87.0,127.94,128.3
sw05utt/sw_0506_3576.utt,3/sw3576,3576,58,sd,B,35,2,# I know a lot of # -- -/,[ I/PRP ] know/VBP  [ a/DT lot/NN ] of/IN --/:,(S (NP-SBJ (PRP I)) (VP (VBP know) (NP (NP (DT a) (NN lot)) (PP-UNF (IN of)))) (-DFL- N_S)),88.0,128.64,130.04000000000002
sw05utt/sw_0506_3576.utt,3/sw3576,3576,59,sd,A,36,1,"# {E I mean, } I hate it # <laughter>. /","[ I/PRP ] mean/VBP ,/,  [ I/PRP ] hate/VBP  [ it/PRP ] ./.","(S (PRN (S (NP-SBJ (PRP I)) (VP (VBP mean))) (, ,)) (NP-SBJ (PRP I)) (VP (VBP hate) (NP (PRP it))) (. .) (-DFL- E_S))",90.0,130.3,131.18
sw05utt/sw_0506_3576.utt,3/sw3576,3576,60,b,B,37,1,"-- uh-huh,  /","--/:  [ uh-huh/UH ] ,/,","(INTJ (UH uh-huh) (, ,) (-DFL- E_S))",92.0,131.18,131.28
sw05utt/sw_0506_3576.utt,3/sw3576,3576,61,sd,B,37,2,"a lot of women do.  {F Um, }  /","[ a/DT lot/NN ] of/IN  [ women/NNS ] do/VBP ./.  [ Um/UH ] ,/,","(S (NP-SBJ (NP (DT a) (NN lot)) (PP (IN of) (NP (NNS women)))) (VP (VBP do) (. .) (INTJ (UH Um))) (, ,) (-DFL- E_S))",93.0,131.28,132.76000000000002
sw05utt/sw_0506_3576.utt,3/sw3576,3576,62,sd,B,37,3,"I've just never really, {D you know, } - /","[ I/PRP ] 've/VBP just/RB never/RB really/RB ,/,  [ you/PRP ] know/VBP ,/,","(S (NP-SBJ (PRP I)) (VP-UNF (VBP 've) (ADVP (RB just)) (ADVP-TMP (RB never)) (ADVP (RB really)) (PRN (, ,) (S (NP-SBJ (PRP you)) (VP (VBP know))))) (, ,) (-DFL- N_S))",94.0,133.1,134.88
sw05utt/sw_0506_3576.utt,3/sw3576,3576,63,sd,B,37,4,"maybe one of these days I'll have to get out there and mow,  /","maybe/RB  [ one/CD ] of/IN  [ these/DT days/NNS I/PRP ] 'll/MD have/VB to/TO get/VB out/IN there/RB and/CC mow/VB ,/,","(S (ADVP (RB maybe)) (NP-TMP (NP (CD one)) (PP (IN of) (NP (DT these) (NNS days)))) (NP-SBJ-1 (PRP I)) (VP (MD 'll) (VP (VB have) (S (NP-SBJ (-NONE- *-1)) (VP (TO to) (VP (VP (VB get) (PP-LOC (IN out) (ADVP (RB there)))) (CC and) (VP (VB mow))))))) (, ,) (-DFL- E_S))",95.0,134.88,136.9
sw05utt/sw_0506_3576.utt,3/sw3576,3576,64,sd,B,37,5,"{C but, } {F um, } my husband takes it on,  /","but/CC ,/, um/UH ,/,  [ my/PRP$ husband/NN ] takes/VBZ  [ it/PRP ] on/RP ,/,","(S (CC but) (, ,) (INTJ (UH um)) (, ,) (NP-SBJ (PRP$ my) (NN husband)) (VP (VBZ takes) (NP (PRP it)) (PRT (RP on))) (, ,) (-DFL- E_S))",96.0,136.9,139.04000000000002
sw05utt/sw_0506_3576.utt,3/sw3576,3576,65,sd,B,37,6,"{C and } I'll help rake up the grass,  /","and/CC  [ I/PRP ] 'll/MD help/VB  [ rake/VB ] up/RP  [ the/DT grass/NN ] ,/,","(S (CC and) (NP-SBJ-1 (PRP I)) (VP (MD 'll) (VP (VB help) (S (NP-SBJ (-NONE- *-1)) (VP (VB rake) (PRT (RP up)) (NP (DT the) (NN grass)))))) (, ,) (-DFL- E_S))",97.0,139.04,140.9
sw05utt/sw_0506_3576.utt,3/sw3576,3576,66,sd,B,37,7,"{C and, } {F um, } sometimes I'll help him edge, {F um, }  /","and/CC ,/, um/UH ,/, sometimes/RB  [ I/PRP ] 'll/MD help/VB  [ him/PRP ] [ edge/VB ] ,/, um/UH ,/,","(S (CC and) (, ,) (INTJ (UH um)) (, ,) (ADVP-TMP (RB sometimes)) (NP-SBJ (PRP I)) (VP (MD 'll) (VP (VB help) (S (NP-SBJ (PRP him)) (VP (VB edge))) (, ,) (INTJ (UH um)))) (, ,) (-DFL- E_S))",98.0,141.02,144.58
sw05utt/sw_0506_3576.utt,3/sw3576,3576,67,sd,B,37,8,"{C because, } we don't have that much property,  /","because/RB ,/,  [ we/PRP ] do/VBP n't/RB have/VB  [ that/DT much/JJ property/NN ] ,/,","(SBAR-PRP (RB because) (, ,) (S (NP-SBJ (PRP we)) (VP (VBP do) (RB n't) (VP (VB have) (NP (DT that) (JJ much) (NN property))))) (, ,) (-DFL- E_S))",99.0,144.62,146.52
sw05utt/sw_0506_3576.utt,3/sw3576,3576,68,sd,B,37,9,"{C but } we're on a corner lot,  /","but/CC  [ we/PRP ] 're/VBP on/IN  [ a/DT corner/NN lot/NN ] ,/,","(S (CC but) (NP-SBJ (PRP we)) (VP (VBP 're) (PP-LOC-PRD (IN on) (NP (DT a) (NN corner) (NN lot)))) (, ,) (-DFL- E_S))",100.0,146.52,147.5
sw05utt/sw_0506_3576.utt,3/sw3576,3576,69,sd,B,37,10,{C so } there's a lot of edging to do -- /,so/RB  [ there/EX ] 's/BES  [ a/DT lot/NN ] of/IN edging/NN to/TO do/VB --/:,(S (RB so) (NP-SBJ (EX there)) (VP (BES 's) (NP-PRD (NP (DT a) (NN lot)) (PP (IN of) (NP (NN edging))) (SBAR (WHNP-1 (-NONE- 0)) (S (NP-SBJ (-NONE- *)) (VP (TO to) (VP (VB do) (NP (-NONE- *T*-1)))))))) (-DFL- E_S)),101.0,147.5,148.98
sw05utt/sw_0506_3576.utt,3/sw3576,3576,70,b,A,38,1,Right. /,[ Right/UH ] ./.,(INTJ (UH Right) (. .) (-DFL- E_S)),103.0,148.98,149.17999999999998
sw05utt/sw_0506_3576.utt,3/sw3576,3576,71,sv,B,39,1,"-- {C and, } {F um, } {F uh, } that's what's nice about living more in the country,  /","--/: and/CC ,/, um/UH ,/,  [ uh/UH ] ,/,  [ that/DT ] 's/BES  [ what/WP ] 's/BES nice/JJ about/IN living/VBG  [ more/RBR ] in/IN  [ the/DT country/NN ] ,/,","(S (CC and) (, ,) (INTJ (UH um)) (, ,) (INTJ (UH uh)) (, ,) (NP-SBJ (DT that)) (VP (BES 's) (SBAR-NOM-PRD (WHNP-1 (WHNP (WP what)) (PP (-NONE- *ICH*-2))) (S (NP-SBJ (-NONE- *T*-1)) (VP (BES 's) (ADJP-PRD (JJ nice)) (PP-2 (IN about) (S-NOM (NP-SBJ (-NONE- *)) (VP (VBG living) (PP-LOC (ADVP (RBR more)) (IN in) (NP (DT the) (NN country)))))))))) (, ,) (-DFL- E_S))",105.0,149.46,152.94
sw05utt/sw_0506_3576.utt,3/sw3576,3576,72,sv,B,39,2,you don't have to worry about any of that <laughter>. /,[ you/PRP ] do/VBP n't/RB have/VB to/TO worry/VB about/IN  [ any/DT ] of/IN  [ that/DT ] ./.,(S (NP-SBJ-1 (PRP you)) (VP (VBP do) (RB n't) (VP (VB have) (S (NP-SBJ (-NONE- *-1)) (VP (TO to) (VP (VB worry) (PP (IN about) (NP (NP (DT any)) (PP (IN of) (NP (DT that)))))))))) (. .) (-DFL- E_S)),106.0,152.94,154.5
sw05utt/sw_0506_3576.utt,3/sw3576,3576,73,sd,A,40,1,<Laughter> We don't even have any concrete --,[ We/PRP ] do/VBP n't/RB even/RB have/VB  [ any/DT concrete/NN ] --/:,(S (NP-SBJ (PRP We)) (VP (VBP do) (RB n't) (ADVP (RB even)) (VP (VB have) (NP (DT any) (NN concrete) (CC or) (NN asphalt)))) (. .) (-DFL- E_S)),108.0,154.5,156.68
sw05utt/sw_0506_3576.utt,3/sw3576,3576,74,b,B,41,1,Oh. /,Oh/UH ./.,(INTJ (UH Oh) (. .) (-DFL- E_S)),110.0,156.84,157.0
sw05utt/sw_0506_3576.utt,3/sw3576,3576,75,+,A,42,1,-- or asphalt. /,--/: or/CC  [ asphalt/NN ] ./.,(S (NP-SBJ (PRP We)) (VP (VBP do) (RB n't) (ADVP (RB even)) (VP (VB have) (NP (DT any) (NN concrete) (CC or) (NN asphalt)))) (. .) (-DFL- E_S)),108.0,157.0,157.52
sw05utt/sw_0506_3576.utt,3/sw3576,3576,76,ba,B,43,1,"{F Oh, } that's nice,  /","Oh/UH ,/,  [ that/DT ] 's/BES nice/JJ ,/,","(S (INTJ (UH Oh)) (, ,) (NP-SBJ (DT that)) (VP (BES 's) (ADJP-PRD (JJ nice))) (, ,) (-DFL- E_S))",113.0,157.8,158.70000000000002
sw05utt/sw_0506_3576.utt,3/sw3576,3576,77,%,B,43,2,"I, - /","[ I/PRP ] ,/,","(S-UNF (NP-SBJ (PRP I)) (, ,) (-DFL- N_S))",114.0,158.7,158.83999999999997
sw05utt/sw_0506_3576.utt,3/sw3576,3576,78,sd,B,43,3,"this is different for us because the other, - /","[ this/DT ] is/VBZ different/JJ for/IN  [ us/PRP ] because/IN  [ the/DT other/JJ ] ,/,","(S (NP-SBJ (DT this)) (VP (VBZ is) (ADJP-PRD (JJ different) (PP (IN for) (NP (PRP us)))) (SBAR-PRP (IN because) (S-UNF (NP-SBJ (DT the) (JJ other))))) (, ,) (-DFL- N_S))",115.0,159.26,160.7
sw05utt/sw_0506_3576.utt,3/sw3576,3576,79,sd,B,43,4,"in the past we've had homes that haven't had any side walks,  /","in/IN  [ the/DT past/NN ] [ we/PRP ] 've/VBP had/VBN  [ homes/NNS ] [ that/WDT ] have/VBP n't/RB had/VBN  [ any/DT side/NN ] walks/NNS ,/,","(S (PP-TMP (IN in) (NP (DT the) (NN past))) (NP-SBJ (PRP we)) (VP (VBP 've) (VP (VBN had) (NP (NP (NNS homes)) (SBAR (WHNP-1 (WDT that)) (S (NP-SBJ (-NONE- *T*-1)) (VP (VBP have) (RB n't) (VP (VBN had) (NP (DT any) (NN side) (NNS walks))))))))) (, ,) (-DFL- E_S))",116.0,160.88,164.73999999999998
sw05utt/sw_0506_3576.utt,3/sw3576,3576,80,sd,B,43,5,"{C and, } {F um, } it's been a little more country with the trees,  /","and/CC ,/, um/UH ,/,  [ it/PRP ] 's/HVS been/VBN  [ a/DT little/RB more/RBR country/JJ ] with/IN  [ the/DT trees/NNS ] ,/,","(S (CC and) (, ,) (INTJ (UH um)) (, ,) (NP-SBJ (PRP it)) (VP (HVS 's) (VP (VBN been) (ADJP-PRD (ADVP (NP (DT a) (RB little)) (RBR more)) (JJ country)) (PP (IN with) (NP (DT the) (NNS trees))))) (, ,) (-DFL- E_S))",117.0,164.84,167.14000000000001
sw05utt/sw_0506_3576.utt,3/sw3576,3576,81,sd,B,43,6,{C and } we do miss that.  /,and/CC  [ we/PRP ] do/VBP miss/VB  [ that/DT ] ./.,(S (CC and) (NP-SBJ (PRP we)) (VP (VBP do) (VP (VB miss) (NP (DT that)))) (. .) (-DFL- E_S)),118.0,167.14,168.64
sw05utt/sw_0506_3576.utt,3/sw3576,3576,82,sd,B,43,7,"{F Um, } if we had a chance to move, I think we'd move back to somewhere that was a little more countrified --","Um/UH ,/, if/IN  [ we/PRP ] had/VBD  [ a/DT chance/NN ] to/TO move/VB ,/,  [ I/PRP ] think/VBP  [ we/PRP ] 'd/MD move/VB back/RB to/TO somewhere/RB  [ that/WDT ] was/VBD  [ a/DT little/RB ] [ more/RBR countrified/JJ ] --/:","(S (INTJ (UH Um)) (, ,) (SBAR-ADV-TPC-2 (IN if) (S (NP-SBJ (PRP we)) (VP (VBD had) (NP (DT a) (NN chance) (S (NP-SBJ (-NONE- *)) (VP (TO to) (VP (VB move)))))))) (, ,) (NP-SBJ (PRP I)) (VP (VBP think) (SBAR (-NONE- 0) (S (SBAR-ADV (-NONE- *T*-2)) (NP-SBJ (PRP we)) (VP (MD 'd) (VP (VB move) (ADVP-DIR (RB back)) (PP-DIR (TO to) (ADVP (RB somewhere) (SBAR (WHADVP-1 (WDT that)) (S (ADVP-LOC-SBJ (-NONE- *T*-1)) (VP (VBD was) (ADJP-PRD (ADJP (ADVP (NP (DT a) (RB little)) (RBR more)) (JJ countrified)) (CC and) (ADJP (ADVP (NP (DT a) (RB little)) (JJR less)) (NN maintenance) (VBN required)))))))))))) (EDITED (RM (-DFL- \[)) (ADVP-UNF (RB as)) (, ,) (IP (-DFL- \+))) (ADVP (ADVP (RB as) (RS (-DFL- \])) (RB far)) (SBAR (IN as) (S (NP-SBJ (DT that)) (VP (VBZ goes)))))) (. .) (-DFL- E_S))",119.0,169.1,174.66000000000003
sw05utt/sw_0506_3576.utt,3/sw3576,3576,83,b,A,44,1,Uh-huh. /,[ Uh-huh/UH ] ./.,(INTJ (UH Uh-huh) (. .) (-DFL- E_S)),82.0,174.96,175.16
sw05utt/sw_0506_3576.utt,3/sw3576,3576,84,+,B,45,1,-- and a little less maintenance required --,--/: and/CC  [ a/DT little/RB less/JJR maintenance/NN ] required/VBN --/:,"(S (INTJ (UH Um)) (, ,) (SBAR-ADV-TPC-2 (IN if) (S (NP-SBJ (PRP we)) (VP (VBD had) (NP (DT a) (NN chance) (S (NP-SBJ (-NONE- *)) (VP (TO to) (VP (VB move)))))))) (, ,) (NP-SBJ (PRP I)) (VP (VBP think) (SBAR (-NONE- 0) (S (SBAR-ADV (-NONE- *T*-2)) (NP-SBJ (PRP we)) (VP (MD 'd) (VP (VB move) (ADVP-DIR (RB back)) (PP-DIR (TO to) (ADVP (RB somewhere) (SBAR (WHADVP-1 (WDT that)) (S (ADVP-LOC-SBJ (-NONE- *T*-1)) (VP (VBD was) (ADJP-PRD (ADJP (ADVP (NP (DT a) (RB little)) (RBR more)) (JJ countrified)) (CC and) (ADJP (ADVP (NP (DT a) (RB little)) (JJR less)) (NN maintenance) (VBN required)))))))))))) (EDITED (RM (-DFL- \[)) (ADVP-UNF (RB as)) (, ,) (IP (-DFL- \+))) (ADVP (ADVP (RB as) (RS (-DFL- \])) (RB far)) (SBAR (IN as) (S (NP-SBJ (DT that)) (VP (VBZ goes)))))) (. .) (-DFL- E_S))",119.0,175.18,176.67999999999998
sw05utt/sw_0506_3576.utt,3/sw3576,3576,85,b,A,46,1,Yeah  -- /,Yeah/UH --/:,(INTJ (UH Yeah) (-DFL- E_S)),124.0,177.34,177.58
sw05utt/sw_0506_3576.utt,3/sw3576,3576,86,+,B,47,1,"-- [ as, + as ] far as that goes. /","--/: as/RB ,/, as/RB far/RB as/IN  [ that/DT ] goes/VBZ ./.","(S (INTJ (UH Um)) (, ,) (SBAR-ADV-TPC-2 (IN if) (S (NP-SBJ (PRP we)) (VP (VBD had) (NP (DT a) (NN chance) (S (NP-SBJ (-NONE- *)) (VP (TO to) (VP (VB move)))))))) (, ,) (NP-SBJ (PRP I)) (VP (VBP think) (SBAR (-NONE- 0) (S (SBAR-ADV (-NONE- *T*-2)) (NP-SBJ (PRP we)) (VP (MD 'd) (VP (VB move) (ADVP-DIR (RB back)) (PP-DIR (TO to) (ADVP (RB somewhere) (SBAR (WHADVP-1 (WDT that)) (S (ADVP-LOC-SBJ (-NONE- *T*-1)) (VP (VBD was) (ADJP-PRD (ADJP (ADVP (NP (DT a) (RB little)) (RBR more)) (JJ countrified)) (CC and) (ADJP (ADVP (NP (DT a) (RB little)) (JJR less)) (NN maintenance) (VBN required)))))))))))) (EDITED (RM (-DFL- \[)) (ADVP-UNF (RB as)) (, ,) (IP (-DFL- \+))) (ADVP (ADVP (RB as) (RS (-DFL- \])) (RB far)) (SBAR (IN as) (S (NP-SBJ (DT that)) (VP (VBZ goes)))))) (. .) (-DFL- E_S))",119.0,177.72,178.74
sw05utt/sw_0506_3576.utt,3/sw3576,3576,87,sd,A,48,1,"-- {C but, } {D you know, } we do everything together. /","--/: but/CC ,/,  [ you/PRP ] know/VBP ,/,  [ we/PRP ] do/VBP  [ everything/NN ] together/RB ./.","(S (CC but) (PRN (, ,) (S (NP-SBJ (PRP you)) (VP (VBP know))) (, ,)) (NP-SBJ (PRP we)) (VP (VBP do) (NP (NN everything)) (ADVP (RB together))) (. .) (-DFL- E_S))",127.0,178.74,180.39999999999998
sw05utt/sw_0506_3576.utt,3/sw3576,3576,88,b,B,49,1,Uh-huh. /,[ Uh-huh/UH ] ./.,(INTJ (UH Uh-huh) (. .) (-DFL- E_S)),121.0,180.64,180.85999999999999
sw05utt/sw_0506_3576.utt,3/sw3576,3576,89,sd,A,50,1,"[ This, + this ] spring we got a thousand pine trees from the, - /","[ This/DT ] ,/,  [ this/DT spring/NN ] [ we/PRP ] got/VBD  [ a/DT thousand/CD pine/NN trees/NNS ] from/IN  [ the/DT ] ,/,","(S (EDITED (RM (-DFL- \[)) (NP-TMP-UNF (DT This)) (, ,) (IP (-DFL- \+))) (NP-TMP (DT this) (RS (-DFL- \])) (NN spring)) (NP-SBJ (PRP we)) (VP (VBD got) (NP (DT a) (CD thousand) (NN pine) (NNS trees)) (PP (IN from) (NP-UNF (DT the)))) (, ,) (-DFL- N_S))",131.0,180.86,184.6
sw05utt/sw_0506_3576.utt,3/sw3576,3576,90,sd,A,50,2,"actually this fall, I was talking about, - /","actually/RB  [ this/DT fall/NN ] ,/,  [ I/PRP ] was/VBD talking/VBG about/IN ,/,","(S (ADVP (RB actually)) (NP-TPC-1 (DT this) (NN fall)) (, ,) (NP-SBJ (PRP I)) (VP (VBD was) (VP (VBG talking) (PP (IN about) (NP (-NONE- *T*-1))))) (, ,) (-DFL- N_S))",132.0,184.6,186.66
sw05utt/sw_0506_3576.utt,3/sw3576,3576,91,sd,A,50,3,two weeks ago --,[ two/CD weeks/NNS ] ago/RB --/:,"(S (ADVP-TMP (NP (CD two) (NNS weeks)) (RB ago)) (NP-SBJ (PRP we)) (VP (VBD got) (NP (DT a) (CD thousand) (NN pine) (NNS trees)) (PP (IN from) (NP (DT the) (PRN (, ,) (S (NP-SBJ (PRP you)) (VP (VBP know))) (, ,)) (NN soil) (CC and) (NN conservation) (NNS people)))) (-DFL- E_S))",133.0,186.66,187.26
sw05utt/sw_0506_3576.utt,3/sw3576,3576,92,b,B,51,1,Oh. /,Oh/UH ./.,(INTJ (UH Oh) (. .) (-DFL- E_S)),110.0,187.26,187.32
sw05utt/sw_0506_3576.utt,3/sw3576,3576,93,+,A,52,1,"-- we got a thousand pine trees from the, {D you know, } soil and conservation people -- /","--/:  [ we/PRP ] got/VBD  [ a/DT thousand/CD pine/NN trees/NNS ] from/IN  [ the/DT ] ,/,  [ you/PRP ] know/VBP ,/,  [ soil/NN ] and/CC  [ conservation/NN people/NNS ] --/:","(S (ADVP-TMP (NP (CD two) (NNS weeks)) (RB ago)) (NP-SBJ (PRP we)) (VP (VBD got) (NP (DT a) (CD thousand) (NN pine) (NNS trees)) (PP (IN from) (NP (DT the) (PRN (, ,) (S (NP-SBJ (PRP you)) (VP (VBP know))) (, ,)) (NN soil) (CC and) (NN conservation) (NNS people)))) (-DFL- E_S))",133.0,187.32,191.38
sw05utt/sw_0506_3576.utt,3/sw3576,3576,94,b,B,53,1,Uh-huh. /,[ Uh-huh/UH ] ./.,(INTJ (UH Uh-huh) (. .) (-DFL- E_S)),121.0,191.62,191.76
sw05utt/sw_0506_3576.utt,3/sw3576,3576,95,sd,A,54,1,"-- {C and, } {F uh, } we're in the process [ of, + of ] planting -- /","--/: and/CC ,/,  [ uh/UH ] ,/,  [ we/PRP ] 're/VBP in/IN  [ the/DT process/NN ] of/IN ,/, of/IN  [ planting/NN ] --/:","(S (CC and) (, ,) (INTJ (UH uh)) (, ,) (NP-SBJ-1 (PRP we)) (VP (VBP 're) (PP-PRD (IN in) (NP (NP (DT the) (NN process)) (EDITED (RM (-DFL- \[)) (PP-UNF (IN of)) (, ,) (IP (-DFL- \+))) (PP (IN of) (RS (-DFL- \])) (S-NOM (NP-SBJ (-NONE- *-1)) (VP (NN planting))))))) (-DFL- E_S))",140.0,192.02,195.62
sw05utt/sw_0506_3576.utt,3/sw3576,3576,96,ba,B,55,1,"Wow  that's, -/","Wow/UH  [ that/DT ] 's/BES ,/,","(S (INTJ (UH Wow)) (NP-SBJ (DT that)) (VP-UNF (BES 's)) (, ,) (-DFL- N_S))",142.0,196.06,196.72
sw05utt/sw_0506_3576.utt,3/sw3576,3576,97,sd,A,56,1,"-- {C and } we're building a stand, {F uh,  } just to the north of our house, and  along the east, {F uh, } property line -- /","--/: and/CC  [ we/PRP ] 're/VBP building/VBG  [ a/DT stand/NN ] ,/,  [ uh/UH ] ,/, just/RB to/IN  [ the/DT north/NN ] of/IN  [ our/PRP$ house/NN ] ,/, and/CC along/IN  [ the/DT east/JJ ] ,/,  [ uh/UH ] ,/,  [ property/NN line/NN ] --/:","(S (CC and) (NP-SBJ (PRP we)) (VP (VBP 're) (VP (VBG building) (NP (DT a) (NN stand)) (, ,) (INTJ (UH uh)) (, ,) (PP-LOC (PP (ADVP (RB just)) (IN to) (NP (NP (DT the) (NN north)) (PP (IN of) (NP (PRP$ our) (NN house))))) (, ,) (CC and) (PP (IN along) (NP (DT the) (JJ east) (, ,) (INTJ (UH uh)) (, ,) (NN property) (NN line)))))) (-DFL- E_S))",144.0,196.72,205.32
sw05utt/sw_0506_3576.utt,3/sw3576,3576,98,b,B,57,1,{F Um. } /,Um/UH ./.,(INTJ (UH Um) (. .) (-DFL- E_S)),146.0,205.32,205.48
sw05utt/sw_0506_3576.utt,3/sw3576,3576,99,sd,A,58,1,"-- {C and } [ I, + {F uh, } I ] think [ what  we're, + what we're ] trying to do is create sort of a wind break --","--/: and/CC  [ I/PRP ] ,/,  [ uh/UH ] ,/,  [ I/PRP ] think/VBP  [ what/WP ] [ we/PRP ] 're/VBP ,/,  [ what/WP ] [ we/PRP ] 're/VBP trying/VBG to/TO do/VB is/VBZ create/VB  [ sort/RB ] of/RB  [ a/DT wind/NN break/NN ] --/:","(S (CC and) (EDITED (RM (-DFL- \[)) (NP-SBJ (PRP I)) (, ,) (IP (-DFL- \+))) (INTJ (UH uh)) (, ,) (NP-SBJ (PRP I)) (RS (-DFL- \])) (VP (VBP think) (SBAR (-NONE- 0) (S (EDITED (RM (-DFL- \[)) (SBAR-NOM-SBJ (WHNP (WP what)) (S (NP-SBJ (PRP we)) (VP-UNF (VBP 're)))) (, ,) (IP (-DFL- \+))) (SBAR-NOM-SBJ (WHNP-2 (WP what)) (S (NP-SBJ-1 (PRP we)) (VP (VBP 're) (RS (-DFL- \])) (VP (VBG trying) (S (NP-SBJ (-NONE- *-1)) (VP (TO to) (VP (VB do) (NP (-NONE- *T*-2))))))))) (VP (VBZ is) (S-PRD (NP-SBJ (-NONE- *)) (VP (VB create) (ADVP (RB sort) (RB of)) (NP (DT a) (NN wind) (NN break)) (SBAR-PRP (IN because) (PRN (S (NP-SBJ (PRP I)) (VP (VBP tell) (NP (PRP you)))) (, ,)) (S (PP-TMP (IN in) (NP (DT the) (NN winter) (NN time))) (EDITED (RM (-DFL- \[)) (SBAR-TMP (WHADVP (WRB when)) (S-UNF (NP-SBJ (DT that)))) (, ,) (IP (-DFL- \+))) (SBAR-TMP (WHADVP-3 (WRB when)) (S (NP-SBJ (DT that) (RS (-DFL- \])) (NN wind)) (VP (VBZ comes) (PP-DIR (IN out) (PP (IN of) (NP (DT the) (NN north)))) (ADVP-TMP (-NONE- *T*-3))))) (, ,) (NP-SBJ (PRP it)) (ADVP (RB just)) (VP (VBZ cuts) (ADVP (RB right)) (PP (IN through) (NP (PRP you))) (SBAR-ADV (IN like) (S (NP-SBJ (PRP you)) (VP (VBP 're) (RB not) (ADVP (RB even)) (ADVP-LOC-PRD (RB there)))))))))))))) (. .) (-DFL- E_S))",148.0,205.68,209.29999999999998
sw05utt/sw_0506_3576.utt,3/sw3576,3576,100,b,B,59,1,Uh-huh. /,[ Uh-huh/UH ] ./.,(INTJ (UH Uh-huh) (. .) (-DFL- E_S)),129.0,209.4,209.62
sw05utt/sw_0506_3576.utt,3/sw3576,3576,101,+,A,60,1,"-- because  I tell you, in the winter time [ when that, + when that ] wind comes out of the north, it just cuts right through you like you're not even there. /","--/: because/IN  [ I/PRP ] tell/VBP  [ you/PRP ] ,/, in/IN  [ the/DT winter/NN time/NN ] when/WRB  [ that/DT ] ,/, when/WRB  [ that/DT wind/NN ] comes/VBZ out/IN of/IN  [ the/DT north/NN ] ,/,  [ it/PRP ] just/RB cuts/VBZ  [ right/RB ] through/IN  [ you/PRP ] like/IN  [ you/PRP ] 're/VBP not/RB even/RB there/RB ./.","(S (CC and) (EDITED (RM (-DFL- \[)) (NP-SBJ (PRP I)) (, ,) (IP (-DFL- \+))) (INTJ (UH uh)) (, ,) (NP-SBJ (PRP I)) (RS (-DFL- \])) (VP (VBP think) (SBAR (-NONE- 0) (S (EDITED (RM (-DFL- \[)) (SBAR-NOM-SBJ (WHNP (WP what)) (S (NP-SBJ (PRP we)) (VP-UNF (VBP 're)))) (, ,) (IP (-DFL- \+))) (SBAR-NOM-SBJ (WHNP-2 (WP what)) (S (NP-SBJ-1 (PRP we)) (VP (VBP 're) (RS (-DFL- \])) (VP (VBG trying) (S (NP-SBJ (-NONE- *-1)) (VP (TO to) (VP (VB do) (NP (-NONE- *T*-2))))))))) (VP (VBZ is) (S-PRD (NP-SBJ (-NONE- *)) (VP (VB create) (ADVP (RB sort) (RB of)) (NP (DT a) (NN wind) (NN break)) (SBAR-PRP (IN because) (PRN (S (NP-SBJ (PRP I)) (VP (VBP tell) (NP (PRP you)))) (, ,)) (S (PP-TMP (IN in) (NP (DT the) (NN winter) (NN time))) (EDITED (RM (-DFL- \[)) (SBAR-TMP (WHADVP (WRB when)) (S-UNF (NP-SBJ (DT that)))) (, ,) (IP (-DFL- \+))) (SBAR-TMP (WHADVP-3 (WRB when)) (S (NP-SBJ (DT that) (RS (-DFL- \])) (NN wind)) (VP (VBZ comes) (PP-DIR (IN out) (PP (IN of) (NP (DT the) (NN north)))) (ADVP-TMP (-NONE- *T*-3))))) (, ,) (NP-SBJ (PRP it)) (ADVP (RB just)) (VP (VBZ cuts) (ADVP (RB right)) (PP (IN through) (NP (PRP you))) (SBAR-ADV (IN like) (S (NP-SBJ (PRP you)) (VP (VBP 're) (RB not) (ADVP (RB even)) (ADVP-LOC-PRD (RB there)))))))))))))) (. .) (-DFL- E_S))",148.0,209.84,217.66
sw05utt/sw_0506_3576.utt,3/sw3576,3576,102,b,B,61,1,Right. /,[ Right/UH ] ./.,(INTJ (UH Right) (. .) (-DFL- E_S)),153.0,217.9,218.38
sw05utt/sw_0506_3576.utt,3/sw3576,3576,103,%,A,62,1,{C So. } -/,So/UH ./.,(S-UNF (RB So) (. .) (-DFL- N_S)),155.0,218.5,218.64
sw05utt/sw_0506_3576.utt,3/sw3576,3576,104,b,B,63,1,Right.  /,[ Right/UH ] ./.,(INTJ (UH Right) (. .) (-DFL- E_S)),153.0,218.64,219.07999999999998
sw05utt/sw_0506_3576.utt,3/sw3576,3576,105,%,B,63,2,"# {D Well, } I put, # -/","Well/UH ,/,  [ I/PRP ] put/VBP|VBD ,/,","(S (INTJ (UH Well)) (, ,) (NP-SBJ (PRP I)) (VP-UNF (VBP|VBD put)) (, ,) (-DFL- N_S))",158.0,220.12,220.54000000000002
sw05utt/sw_0506_3576.utt,3/sw3576,3576,106,sd,A,64,1,"# On the # other side of the house, though, that's where we have all [ the, + the ] delicate flowers and the mums,  /","On/IN  [ the/DT other/JJ side/NN ] of/IN  [ the/DT house/NN ] ,/, though/RB ,/,  [ that/DT ] 's/BES where/WRB  [ we/PRP ] have/VB  [ all/PDT the/DT ] ,/,  [ the/DT delicate/JJ flowers/NNS ] and/CC  [ the/DT mums/NNS ] ,/,","(S (PP-LOC (IN On) (NP (NP (DT the) (JJ other) (NN side)) (PP (IN of) (NP (DT the) (NN house))))) (, ,) (ADVP (RB though)) (, ,) (NP-SBJ (DT that)) (VP (BES 's) (SBAR-LOC-PRD (WHADVP-1 (WRB where)) (S (NP-SBJ (PRP we)) (VP (VB have) (NP (NP (PDT all) (EDITED (RM (-DFL- \[)) (DT the) (, ,) (IP (-DFL- \+))) (DT the) (RS (-DFL- \])) (JJ delicate) (NNS flowers)) (CC and) (NP (DT the) (NNS mums))) (ADVP-LOC (-NONE- *T*-1)))))) (, ,) (-DFL- E_S))",160.0,220.54,224.82
sw05utt/sw_0506_3576.utt,3/sw3576,3576,107,sd,A,64,2,{C and } we have morning glory -- /,and/CC  [ we/PRP ] have/VBP  [ morning/NN glory/NN ] --/:,(S (CC and) (NP-SBJ (PRP we)) (VP (VBP have) (NP (NN morning) (NN glory))) (-DFL- E_S)),161.0,224.9,226.24
sw05utt/sw_0506_3576.utt,3/sw3576,3576,108,b,B,65,1,Uh-huh. /,[ Uh-huh/UH ] ./.,(INTJ (UH Uh-huh) (. .) (-DFL- E_S)),138.0,226.24,226.36
sw05utt/sw_0506_3576.utt,3/sw3576,3576,109,sd,A,66,1,"-- {C and } we have trumpet vine and moon flowers,  /","--/: and/CC  [ we/PRP ] have/VBP  [ trumpet/NN vine/NN ] and/CC  [ moon/NN flowers/NNS ] ,/,","(S (CC and) (NP-SBJ (PRP we)) (VP (VBP have) (NP (NP (NN trumpet) (NN vine)) (CC and) (NP (NN moon) (NNS flowers)))) (, ,) (-DFL- E_S))",165.0,226.36,228.9
sw05utt/sw_0506_3576.utt,3/sw3576,3576,110,sd,A,66,2,"{C and } we planted those out by the septic, so that, {F uh, } they get plenty of water -- /","and/CC  [ we/PRP ] planted/VBD  [ those/DT ] out/IN by/IN  [ the/DT septic/NN ] ,/, so/IN  [ that/IN ] ,/,  [ uh/UH ] ,/,  [ they/PRP ] get/VBP plenty/RB of/IN  [ water/NN ] --/:","(S (CC and) (NP-SBJ (PRP we)) (VP (VBD planted) (NP (DT those)) (PP-LOC (IN out) (PP (IN by) (NP (DT the) (NN septic)))) (, ,) (SBAR-PRP (IN so) (IN that) (, ,) (INTJ (UH uh)) (, ,) (S (NP-SBJ (PRP they)) (VP (VBP get) (NP (NP (RB plenty)) (PP (IN of) (NP (NN water)))))))) (-DFL- E_S))",166.0,229.54,233.56
sw05utt/sw_0506_3576.utt,3/sw3576,3576,111,b,B,67,1,Uh-huh. /,[ Uh-huh/UH ] ./.,(INTJ (UH Uh-huh) (. .) (-DFL- E_S)),150.0,233.62,234.06
sw05utt/sw_0506_3576.utt,3/sw3576,3576,112,sd,A,68,1,-- {C and } we get hummingbirds come in the --,--/: and/CC  [ we/PRP ] get/VBP  [ hummingbirds/NNS ] come/VBN in/IN  [ the/DT ] --/:,"(S (CC and) (NP-SBJ (PRP we)) (VP (VBP get) (NP (NP (NNS hummingbirds)) (SBAR (WHNP-1 (-NONE- 0)) (S (NP-SBJ (-NONE- *T*-1)) (VP (VBN come) (PP-TMP (IN in) (NP (DT the) (NN spring))))))) (PRN (, ,) (S (NP-SBJ (PRP you)) (VP (VBP know))) (, ,)) (ADVP-TMP (NP (DT all) (NN summer)) (RB long))) (. .) (-DFL- E_S))",170.0,234.2,235.88
sw05utt/sw_0506_3576.utt,3/sw3576,3576,113,b,B,69,1,Oh. /,Oh/UH ./.,(INTJ (UH Oh) (. .) (-DFL- E_S)),172.0,235.88,236.1
sw05utt/sw_0506_3576.utt,3/sw3576,3576,114,+,A,70,1,"-- spring, {D you know, } all summer long. /","--/:  [ spring/NN ] ,/,  [ you/PRP ] know/VBP ,/,  [ all/DT summer/NN ] long/RB ./.","(S (CC and) (NP-SBJ (PRP we)) (VP (VBP get) (NP (NP (NNS hummingbirds)) (SBAR (WHNP-1 (-NONE- 0)) (S (NP-SBJ (-NONE- *T*-1)) (VP (VBN come) (PP-TMP (IN in) (NP (DT the) (NN spring))))))) (PRN (, ,) (S (NP-SBJ (PRP you)) (VP (VBP know))) (, ,)) (ADVP-TMP (NP (DT all) (NN summer)) (RB long))) (. .) (-DFL- E_S))",170.0,236.16,237.84
sw05utt/sw_0506_3576.utt,3/sw3576,3576,115,ba,B,71,1,"{F Oh, } that sounds so pretty. /","Oh/UH ,/,  [ that/DT ] sounds/VBZ so/RB pretty/JJ ./.","(S (INTJ (UH Oh)) (, ,) (NP-SBJ (DT that)) (VP (VBZ sounds) (ADJP-PRD (RB so) (JJ pretty))) (. .) (-DFL- E_S))",175.0,238.04,239.62
sw05utt/sw_0506_3576.utt,3/sw3576,3576,116,sd,A,72,1,"{C And, } {D well, } when we leave the doors open, they fly in the house. /","And/CC ,/, well/RB ,/, when/WRB  [ we/PRP ] leave/VBP  [ the/DT doors/NNS ] open/JJ ,/,  [ they/PRP ] fly/VBP in/IN  [ the/DT house/NN ] ./.","(S (CC And) (, ,) (INTJ (RB well)) (, ,) (SBAR-TMP (WHADVP-1 (WRB when)) (S (NP-SBJ (PRP we)) (VP (VBP leave) (S (NP-SBJ (DT the) (NNS doors)) (ADJP-PRD (JJ open))) (ADVP-TMP (-NONE- *T*-1))))) (, ,) (NP-SBJ (PRP they)) (VP (VBP fly) (PP-DIR (IN in) (NP (DT the) (NN house)))) (. .) (-DFL- E_S))",177.0,239.62,242.84
sw05utt/sw_0506_3576.utt,3/sw3576,3576,117,ba,B,73,1,{F Oh } really <laughter>. /,Oh/UH really/UH ./.,(INTJ (INTJ (UH Oh)) (INTJ (UH really)) (. .) (-DFL- E_S)),179.0,243.02,244.12
sw05utt/sw_0506_3576.utt,3/sw3576.pos,3576,118,x,A,74,1,<Laughter>.,./.,,,0.0,0.0
sw05utt/sw_0506_3576.utt,3/sw3576,3576,119,qy^d,B,75,1,"[ Do + ] they,  don't do any damage, though,  /","Do/VBP  [ they/PRP ] ,/, do/VBP n't/RB do/VB  [ any/DT damage/NN ] ,/, though/RB ,/,","(S (EDITED (RM (-DFL- \[)) (SQ-UNF (VBP Do)) (IP (-DFL- \+)) (RS (-DFL- \]))) (NP-SBJ (PRP they)) (, ,) (VP (VBP do) (RB n't) (VP (VB do) (NP (DT any) (NN damage)) (, ,) (ADVP (RB though)))) (, ,) (-DFL- E_S))",182.0,244.58,246.01999999999998
sw05utt/sw_0506_3576.utt,3/sw3576,3576,120,qy^d,B,75,2,"they just fly right back out, if you have the, -/","[ they/PRP ] just/RB fly/VBP right/RB back/RB out/RB ,/, if/IN  [ you/PRP ] have/VBP  [ the/DT ] ,/,","(S (NP-SBJ (PRP they)) (ADVP (RB just)) (VP (VBP fly) (ADVP-DIR (RB right) (RB back) (RB out)) (, ,) (SBAR-ADV (IN if) (S (NP-SBJ (PRP you)) (VP (VBP have) (NP-UNF (DT the)))))) (, ,) (-DFL- N_S))",183.0,246.02,247.51999999999998
sw05utt/sw_0506_3576.utt,3/sw3576,3576,121,ny,A,76,1,"{D Well, } yeah,  /","Well/UH ,/, yeah/UH ,/,","(INTJ (INTJ (UH Well)) (, ,) (INTJ (UH yeah)) (, ,) (-DFL- E_S))",185.0,247.52,247.88
sw05utt/sw_0506_3576.utt,3/sw3576,3576,122,sd^e,A,76,2,they don't like it in here because there's nothing to eat -- /,[ they/PRP ] do/VBP n't/RB like/VB  [ it/PRP ] in/IN here/RB because/IN  [ there/EX ] 's/BES  [ nothing/NN ] to/TO eat/VB --/:,(S (NP-SBJ (PRP they)) (VP (VBP do) (RB n't) (VP (VB like) (NP (PRP it)) (PP-LOC (IN in) (ADVP (RB here))) (SBAR-PRP (IN because) (S (NP-SBJ (EX there)) (VP (BES 's) (NP-PRD (NP (NN nothing)) (SBAR (WHNP-1 (-NONE- 0)) (S (NP-SBJ (-NONE- *)) (VP (TO to) (VP (VB eat) (NP (-NONE- *T*-1)))))))))))) (-DFL- E_S)),186.0,247.88,249.62
sw05utt/sw_0506_3576.utt,3/sw3576,3576,123,ba,B,77,1,I see. /,[ I/PRP ] see/VBP ./.,(S (NP-SBJ (PRP I)) (VP (VBP see)) (. .) (-DFL- E_S)),188.0,249.82,250.14
sw05utt/sw_0506_3576.utt,3/sw3576,3576,124,sd,A,78,1,"-- {C and } when you're as busy as one of those babies, you've got to eat most of the time. /","--/: and/CC when/WRB  [ you/PRP ] 're/VBP as/RB busy/JJ as/IN  [ one/CD ] of/IN  [ those/DT babies/NNS ] ,/,  [ you/PRP ] 've/VBP got/VBN to/TO eat/VB  [ most/JJS ] of/IN  [ the/DT time/NN ] ./.","(S (CC and) (SBAR-TMP (WHADVP-1 (WRB when)) (S (NP-SBJ (PRP you)) (VP (VBP 're) (ADJP-PRD (ADJP (RB as) (JJ busy)) (PP (IN as) (NP (NP (CD one)) (PP (IN of) (NP (DT those) (NNS babies)))))) (ADVP-TMP (-NONE- *T*-1))))) (, ,) (NP-SBJ-2 (PRP you)) (VP (VBP 've) (VP (VBN got) (S (NP-SBJ (-NONE- *-2)) (VP (TO to) (VP (VB eat) (NP-TMP (NP (JJS most)) (PP (IN of) (NP (DT the) (NN time))))))))) (. .) (-DFL- E_S))",190.0,250.14,253.7
sw05utt/sw_0506_3576.utt,3/sw3576,3576,125,b,B,79,1,I see. /,[ I/PRP ] see/VBP ./.,(S (NP-SBJ (PRP I)) (VP (VBP see)) (. .) (-DFL- E_S)),188.0,253.7,254.32
sw05utt/sw_0506_3576.utt,3/sw3576,3576,126,sd,A,80,1,"{C And } we got a few, {D you know, }  /","And/CC  [ we/PRP ] got/VBD  [ a/DT few/JJ ] ,/,  [ you/PRP ] know/VBP ,/,","(S (CC And) (NP-SBJ (PRP we)) (VP (VBD got) (NP-UNF (DT a) (JJ few) (PRN (, ,) (S (NP-SBJ (PRP you)) (VP (VBP know)))))) (, ,) (-DFL- E_S))",194.0,254.32,255.79999999999998
sw05utt/sw_0506_3576.utt,3/sw3576,3576,127,sd,A,80,2,we put up some hummingbird feeders and some bird feeders. /,[ we/PRP ] put/VBD up/RP  [ some/DT hummingbird/NN feeders/NNS ] and/CC  [ some/DT bird/NN feeders/NNS ] ./.,(S (NP-SBJ (PRP we)) (VP (VBD put) (PRT (RP up)) (NP (NP (DT some) (NN hummingbird) (NNS feeders)) (CC and) (NP (DT some) (NN bird) (NNS feeders)))) (. .) (-DFL- E_S)),195.0,255.8,258.2
sw05utt/sw_0506_3576.utt,3/sw3576,3576,128,b,B,81,1,Uh-huh. /,[ Uh-huh/UH ] ./.,(INTJ (UH Uh-huh) (. .) (-DFL- E_S)),197.0,258.2,258.34
sw05utt/sw_0506_3576.utt,3/sw3576,3576,129,sd,A,82,1,"{C But, } {D you know, } for the most part, gardening for us is, - /","But/CC ,/,  [ you/PRP ] know/VBP ,/, for/IN  [ the/DT most/JJS part/NN ] ,/, gardening/VBG for/IN  [ us/PRP ] is/VBZ ,/,","(S (CC But) (PRN (, ,) (S (NP-SBJ (PRP you)) (VP (VBP know))) (, ,)) (PP (IN for) (NP (DT the) (JJS most) (NN part))) (, ,) (NP-SBJ (VBG gardening)) (PP (IN for) (NP (PRP us))) (VP-UNF (VBZ is)) (, ,) (-DFL- N_S))",199.0,258.34,261.66
sw05utt/sw_0506_3576.utt,3/sw3576,3576,130,sd,A,82,2,"{D well, }  we got asparagus,  /","well/UH ,/,  [ we/PRP ] got/VBD  [ asparagus/NN ] ,/,","(S (INTJ (UH well)) (, ,) (NP-SBJ (PRP we)) (VP (VBD got) (NP (NN asparagus))) (, ,) (-DFL- E_S))",200.0,262.16,263.28000000000003
sw05utt/sw_0506_3576.utt,3/sw3576,3576,131,sd,A,82,3,"{C and, } {F uh, } we've got some plum trees and some apple trees and some tomato --","and/CC ,/,  [ uh/UH ] ,/,  [ we/PRP ] 've/VBP got/VBD  [ some/DT plum/JJ trees/NNS ] and/CC  [ some/DT apple/NN trees/NNS ] and/CC  [ some/DT tomato/NN ] --/:","(S (CC and) (, ,) (INTJ (UH uh)) (, ,) (NP-SBJ (PRP we)) (VP (VBP 've) (VP (VBD got) (NP (NP (DT some) (JJ plum) (NNS trees)) (CC and) (NP (DT some) (NN apple) (NNS trees)) (CC and) (NP (DT some) (NN tomato)) (CC and) (NP (DT some) (NNS blackberries) (CC and) (NNS strawberries))))) (. .) (-DFL- E_S))",201.0,263.28,269.04
sw05utt/sw_0506_3576.utt,3/sw3576,3576,132,b,B,83,1,Uh-huh. /,[ Uh-huh/UH ] ./.,(INTJ (UH Uh-huh) (. .) (-DFL- E_S)),197.0,269.54,269.96000000000004
sw05utt/sw_0506_3576.utt,3/sw3576,3576,133,+,A,84,1,-- and some blackberries and strawberries.  /,--/: and/CC  [ some/DT blackberries/NNS ] and/CC  [ strawberries/NNS ] ./.,"(S (CC and) (, ,) (INTJ (UH uh)) (, ,) (NP-SBJ (PRP we)) (VP (VBP 've) (VP (VBD got) (NP (NP (DT some) (JJ plum) (NNS trees)) (CC and) (NP (DT some) (NN apple) (NNS trees)) (CC and) (NP (DT some) (NN tomato)) (CC and) (NP (DT some) (NNS blackberries) (CC and) (NNS strawberries))))) (. .) (-DFL- E_S))",201.0,269.96,272.02
sw05utt/sw_0506_3576.utt,3/sw3576,3576,134,sd,A,84,2,"Man, we get the best strawberries, that you just can't believe. /","[ Man/UH ] ,/,  [ we/PRP ] get/VBP  [ the/DT best/JJS strawberries/NNS ] ,/, that/WDT  [ you/PRP ] just/RB ca/MD n't/RB believe/VB ./.","(S (INTJ (UH Man)) (, ,) (NP-SBJ (PRP we)) (VP (VBP get) (NP (NP (DT the) (JJS best) (NNS strawberries)) (, ,) (SBAR (WHNP-1 (WDT that)) (S (NP-SBJ (PRP you)) (ADVP (RB just)) (VP (MD ca) (RB n't) (VP (VB believe) (NP (-NONE- *T*-1)))))))) (. .) (-DFL- E_S))",205.0,272.02,274.34
sw05utt/sw_0506_3576.utt,3/sw3576,3576,135,ba,B,85,1,"{F Oh, } {F oh, } that sounds wonderful. /","Oh/UH ,/, oh/UH ,/,  [ that/DT ] sounds/VBZ  [ wonderful/JJ ] ./.","(S (INTJ (UH Oh)) (, ,) (INTJ (UH oh)) (, ,) (NP-SBJ (DT that)) (VP (VBZ sounds) (ADJP-PRD (JJ wonderful))) (. .) (-DFL- E_S))",207.0,274.62,276.42
sw05utt/sw_0506_3576.utt,3/sw3576,3576,136,sd,A,86,1,We just got our last tomatoes. /,[ We/PRP ] just/RB got/VBD  [ our/PRP$ last/JJ tomatoes/NNS ] ./.,(S (NP-SBJ (PRP We)) (ADVP (RB just)) (VP (VBD got) (NP (PRP$ our) (JJ last) (NNS tomatoes))) (. .) (-DFL- E_S)),209.0,276.9,279.08
sw05utt/sw_0506_3576.utt,3/sw3576,3576,137,ba,B,87,1,"{F Oh, } I love  home [ gro-, + grown ] tomatos. /","Oh/UH ,/,  [ I/PRP ] love/VBP  [ home/NN gro/VBN ] ,/, grown/VBN  [ tomatos/NNS ] ./.","(S (INTJ (UH Oh)) (, ,) (NP-SBJ (PRP I)) (VP (VBP love) (NP (ADJP (NN home) (EDITED (RM (-DFL- \[)) (VBN gro-) (, ,) (IP (-DFL- \+))) (VBN grown)) (RS (-DFL- \])) (TYPO (NNS tomatos)))) (. .) (-DFL- E_S))",211.0,280.34,282.14
sw05utt/sw_0506_3576.utt,3/sw3576,3576,138,aa,A,88,1,Yeah. /,Yeah/UH ./.,(INTJ (UH Yeah) (. .) (-DFL- E_S)),213.0,282.14,282.46
sw05utt/sw_0506_3576.utt,3/sw3576,3576,139,sv,B,89,1,There's nothing like them.  /,[ There/EX ] 's/BES  [ nothing/NN ] like/IN  [ them/PRP ] ./.,(S (NP-SBJ (EX There)) (VP (BES 's) (NP-PRD (NP (NN nothing)) (PP (IN like) (NP (PRP them))))) (. .) (-DFL- E_S)),215.0,282.46,283.42
sw05utt/sw_0506_3576.utt,3/sw3576,3576,140,sv,B,89,2,They just don't have the same ones in the supermarket <laughter>. /,[ They/PRP ] just/RB do/VBP n't/RB have/VB  [ the/DT same/JJ ones/NNS ] in/IN  [ the/DT supermarket/NN ] ./.,(S (NP-SBJ (PRP They)) (ADVP (RB just)) (VP (VBP do) (RB n't) (VP (VB have) (NP (DT the) (JJ same) (NNS ones)) (PP-LOC (IN in) (NP (DT the) (NN supermarket))))) (. .) (-DFL- E_S)),216.0,283.78,285.85999999999996
sw05utt/sw_0506_3576.utt,3/sw3576,3576,141,sd,A,90,1,"{D Well, } these are accidental tomatos. /","Well/UH ,/,  [ these/DT ] are/VBP  [ accidental/JJ tomatos/NNS ] ./.","(S (INTJ (UH Well)) (, ,) (NP-SBJ (DT these)) (VP (VBP are) (NP-PRD (JJ accidental) (TYPO (NNS tomatos)))) (. .) (-DFL- E_S))",218.0,286.18,287.86
sw05utt/sw_0506_3576.utt,3/sw3576,3576,142,qw,B,91,1,"What does that mean, accidental tomatoes? /","[ What/WP ] does/VBZ that/IN  [ mean/JJ ] ,/,  [ accidental/JJ tomatoes/NNS ] ?/.","(SBARQ (WHNP-1 (WP What)) (SQ (VBZ does) (NP-SBJ (IN that)) (VP (JJ mean) (NP (-NONE- *T*-1)) (, ,) (NP-TPC (JJ accidental) (NNS tomatoes)))) (. ?) (-DFL- E_S))",220.0,288.52,290.28000000000003
sw05utt/sw_0506_3576.utt,3/sw3576,3576,143,sd,A,92,1,"{D Well, } last year the birds came and ate a few of the tomatoes,  /","Well/UH ,/,  [ last/JJ year/NN ] [ the/DT birds/NNS ] came/VBD and/CC ate/VBD  [ a/DT few/JJ ] of/IN  [ the/DT tomatoes/NNS ] ,/,","(S (INTJ (UH Well)) (, ,) (NP-TMP (JJ last) (NN year)) (NP-SBJ (DT the) (NNS birds)) (VP (VP (VBD came)) (CC and) (VP (VBD ate) (NP (NP (DT a) (JJ few)) (PP (IN of) (NP (DT the) (NNS tomatoes)))))) (, ,) (-DFL- E_S))",222.0,290.54,293.3
sw05utt/sw_0506_3576.utt,3/sw3576,3576,144,sd,A,92,2,of  course you're going to lose some that way --  /,of/IN  [ course/NN ] [ you/PRP ] 're/VBP going/VBG to/TO lose/VB  [ some/DT ] [ that/DT way/NN ] --/:,(S (PP (IN of) (NP (NN course))) (NP-SBJ-1 (PRP you)) (VP (VBP 're) (VP (VBG going) (S (NP-SBJ (-NONE- *-1)) (VP (TO to) (VP (VB lose) (NP (DT some)) (NP-MNR (DT that) (NN way))))))) (-DFL- E_S)),223.0,293.4,294.64
sw05utt/sw_0506_3576.utt,3/sw3576,3576,145,b,B,93,1,Uh-huh. /,[ Uh-huh/UH ] ./.,(INTJ (UH Uh-huh) (. .) (-DFL- E_S)),197.0,294.74,295.18
sw05utt/sw_0506_3576.utt,3/sw3576,3576,146,sd,A,94,1,-- {C and } the seeds go right through them. /,--/: and/CC  [ the/DT seeds/NNS ] go/VBP right/RB through/IN  [ them/PRP ] ./.,(S (CC and) (NP-SBJ (DT the) (NNS seeds)) (VP (VBP go) (PP (ADVP (RB right)) (IN through) (NP (PRP them)))) (. .) (-DFL- E_S)),227.0,295.52,296.96
sw05utt/sw_0506_3576.utt,3/sw3576,3576,147,b,B,95,1,I see. /,[ I/PRP ] see/VBP ./.,(S (NP-SBJ (PRP I)) (VP (VBP see)) (. .) (-DFL- E_S)),229.0,297.0,297.42
sw05utt/sw_0506_3576.utt,3/sw3576,3576,148,sd,A,96,1,"{C And } wherever they pooped, -/","And/CC wherever/WRB  [ they/PRP ] pooped/VBD ,/,","(S-UNF (CC And) (SBAR-LOC (WHADVP-1 (WRB wherever)) (S (NP-SBJ (PRP they)) (VP (VBD pooped) (ADVP-LOC (-NONE- *T*-1))))) (, ,) (-DFL- N_S))",231.0,297.42,298.91999999999996
