swda_filename,ptb_basename,conversation_no,transcript_index,act_tag,caller,utterance_index,subutterance_index,text,pos,trees,ptb_treenumbers,start_ts,end_ts
sw09utt/sw_0916_3642.utt,3/sw3642,3642,0,%,B,1,1,"W-, -/","W-/XX ,/,",,,0.0,0.0
sw09utt/sw_0916_3642.utt,3/sw3642,3642,1,fp,A,2,1,Hi. /,Hi/UH ./.,,,0.1,0.2
sw09utt/sw_0916_3642.utt,3/sw3642,3642,2,qo,B,3,1,"{D Well, } what do you think? /","Well/UH ,/, what/WP do/VBP you/PRP think/VB ?/.",,,0.76,1.58
sw09utt/sw_0916_3642.utt,3/sw3642,3642,3,sv,A,4,1,"{D Well, } providing universal health care insurance for the whole country is a pretty big task  /","Well/UH ,/, providing/VBG universal/JJ health/NN care/NN insurance/NN for/IN the/DT whole/JJ country/NN is/VBZ a/DT pretty/RB big/JJ task/NN",,,1.78,8.559999999999999
sw09utt/sw_0916_3642.utt,3/sw3642,3642,4,sd,A,4,2,"{C and } [ I, + {F uh, } personally, I ] don't approve of it for two reasons.  /","and/CC I/PRP ,/, uh/UH ,/, personally/RB ,/, I/PRP do/VBP n't/RB approve/VB of/IN it/PRP for/IN two/CD reasons/NNS ./.",,,8.56,12.5
sw09utt/sw_0916_3642.utt,3/sw3642,3642,5,sv,A,4,3,"Number one is that I think that, {F uh, } the federal government has a problem with the deficit right now,  /","Number/NN one/CD is/VBZ that/IN I/PRP think/VBP that/IN ,/, uh/UH ,/, the/DT federal/JJ government/NN has/VBZ a/DT problem/NN with/IN the/DT deficit/NN right/RB now/RB ,/,",,,12.5,19.68
sw09utt/sw_0916_3642.utt,3/sw3642,3642,6,sv,A,4,4,"{C and } if they were to administer this, they would, {F uh, } <laughter> get us more and more into debt, further than we can ever get out ourselves.  /","and/CC if/IN they/PRP were/VBD to/TO administer/VB this/DT ,/, they/PRP would/MD ,/, uh/UH ,/, get/VB us/PRP more/JJR and/CC more/JJR into/IN debt/NN ,/, further/JJ than/IN we/PRP can/MD ever/RB get/VB out/RB ourselves/PRP ./.",,,19.68,26.88
sw09utt/sw_0916_3642.utt,3/sw3642,3642,7,sv,A,4,5,"Number two I think that the quality of health care would go down because the competition [ would, + would ] be dried up  /","Number/NN two/CD I/PRP think/VBP that/IN the/DT quality/NN of/IN health/NN care/NN would/MD go/VB down/RB because/IN the/DT competition/NN would/MD ,/, would/MD be/VB dried/VBN up/RP",,,26.88,35.339999999999996
sw09utt/sw_0916_3642.utt,3/sw3642,3642,8,sv,A,4,6,"{C and } really no one [ would be, + would only ] answer [ [ to, + to the government ] to a big [ bur-, + bureaucratic ] mess. ]  /","and/CC really/RB no/DT one/PRP would/MD be/VB ,/, would/MD only/RB answer/VB to/IN ,/, to/IN the/DT government/NN to/IN a/DT big/JJ bur-/XX ,/, bureaucratic/JJ mess/NN ./.",,,35.34,42.22
sw09utt/sw_0916_3642.utt,3/sw3642,3642,9,sd,A,4,7,"{C And, } {F uh, } I've seen what it has done in other countries  /","And/CC ,/, uh/UH ,/, I/PRP 've/VBP seen/VBN what/WP it/PRP has/VBZ done/VBN in/IN other/JJ countries/NNS",,,43.16,46.0
sw09utt/sw_0916_3642.utt,3/sw3642,3642,10,sv,A,4,8,"{C and so } [ I don't think, + {F uh, } I don't think ] we should head in that direction.  /","and/CC so/RB I/PRP do/VBP n't/RB think/VB ,/, uh/UH ,/, I/PRP do/VBP n't/RB think/VB we/PRP should/MD head/VB in/IN that/DT direction/NN ./.",,,46.0,50.92
sw09utt/sw_0916_3642.utt,3/sw3642,3642,11,sv,A,4,9,Although that we have problems right now - /,Although/IN that/DT we/PRP have/VBP problems/NNS right/RB now/RB,,,51.22,54.56
sw09utt/sw_0916_3642.utt,3/sw3642,3642,12,aa,A,4,10,{C and } I do agree that they exist  /,and/CC I/PRP do/VBP agree/VB that/IN they/PRP exist/VBP,,,54.56,56.4
sw09utt/sw_0916_3642.utt,3/sw3642,3642,13,sv,A,4,11,"{C because } health care insurance [ for, + for ] everyone is skyrocketing  /","because/IN health/NN care/NN insurance/NN for/IN ,/, for/IN everyone/NN is/VBZ skyrocketing/VBG",,,56.4,61.18
sw09utt/sw_0916_3642.utt,3/sw3642,3642,14,sv,A,4,12,{C and } it's become to a point where basically no one can afford it anymore. /,and/CC it/PRP 's/HVS become/VBN to/IN a/DT point/NN where/WRB basically/RB no/DT one/NN can/MD afford/VB it/PRP anymore/RB ./.,,,61.18,65.83999999999999
sw09utt/sw_0916_3642.utt,3/sw3642,3642,15,b,B,5,1,Uh-huh. /,Uh-huh/UH ./.,,,66.12,66.30000000000001
sw09utt/sw_0916_3642.utt,3/sw3642,3642,16,qo,A,6,1,How do you feel about the whole ordeal? /,How/WRB do/VBP you/PRP feel/VB about/IN the/DT whole/JJ ordeal/NN ?/.,,,66.66,68.56
sw09utt/sw_0916_3642.utt,3/sw3642,3642,17,aa,B,7,1,"{D Well, } I agree that it's a big task,  /","Well/UH ,/, I/PRP agree/VBP that/IN it/PRP 's/BES a/DT big/JJ task/NN ,/,",,,69.48,74.0
sw09utt/sw_0916_3642.utt,3/sw3642,3642,18,sv,B,7,2,"{C but } [ I think that, + I think that ] the U S should move toward some kind of national health care plan.  At least as a long term kind of goal. /","but/CC I/PRP think/VBP that/IN ,/, I/PRP think/VBP that/IN the/DT U/NNP S/NNP should/MD move/VB toward/IN some/DT kind/NN of/IN national/JJ health/NN care/NN plan/NN ./. At/IN least/JJS as/IN a/DT long/JJ term/NN kind/NN of/IN goal/NN ./.",,,74.0,83.16
sw09utt/sw_0916_3642.utt,3/sw3642,3642,19,b,A,8,1,Uh-huh. /,Uh-huh/UH ./.,,,83.16,83.34
sw09utt/sw_0916_3642.utt,3/sw3642,3642,20,sv,B,9,1,"{C And } possibly, [ y-, + just ] starting with more regulation of health insurance and that sort of thing, - /","And/CC possibly/RB ,/, y-/XX ,/, just/RB starting/VBG with/IN more/JJR regulation/NN of/IN health/NN insurance/NN and/CC that/DT sort/NN of/IN thing/NN ,/,",,,84.14,90.42
sw09utt/sw_0916_3642.utt,3/sw3642,3642,21,sv,B,9,2,"{C but } I think that ultimately it would be a good idea to, {F uh, } - /","but/CC I/PRP think/VBP that/IN ultimately/RB it/PRP would/MD be/VB a/DT good/JJ idea/NN to/TO ,/, uh/UH ,/,",,,91.14,98.74
sw09utt/sw_0916_3642.utt,3/sw3642,3642,22,sv,B,9,3,"and not have a completely socialized,","and/CC not/RB have/VB a/DT completely/RB socialized/JJ ,/,",,,98.74,101.46
sw09utt/sw_0916_3642.utt,3/sw3642,3642,23,x,A,10,1,<Laughter>.,,,,0.0,0.0
sw09utt/sw_0916_3642.utt,3/sw3642,3642,24,+,B,11,1,medical system --,medical/JJ system/NN --/:,,,101.96,102.92
sw09utt/sw_0916_3642.utt,3/sw3642,3642,25,b,A,12,1,Uh-huh. /,Uh-huh/UH ./.,,,103.28,103.44
sw09utt/sw_0916_3642.utt,3/sw3642,3642,26,+,B,13,1,"-- in the country, maybe something about halfway between that and what we have now. -/","--/: in/IN the/DT country/NN ,/, maybe/RB something/NN about/RB halfway/RB between/IN that/DT and/CC what/WP we/PRP have/VBP now/RB ./.",,,103.44,108.1
sw09utt/sw_0916_3642.utt,3/sw3642,3642,27,bk,A,14,1,Okay. /,Okay/UH ./.,,,108.56,109.0
sw09utt/sw_0916_3642.utt,3/sw3642,3642,28,sv,B,15,1,"[ It, + {F uh, } just {C because } it ] seems that, {F uh, } health insurance costs are sky rocketing, {D well, } as fast as the national deficit --","It/PRP ,/, uh/UH ,/, just/RB because/IN it/PRP seems/VBZ that/IN ,/, uh/UH ,/, health/NN insurance/NN costs/NNS are/VBP sky/GW rocketing/^VBG ,/, well/UH ,/, as/RB fast/RB as/IN the/DT national/JJ deficit/NN --/:",,,109.0,122.7
sw09utt/sw_0916_3642.utt,3/sw3642,3642,29,b,A,16,1,"{F Oh, } yeah. /","Oh/UH ,/, yeah/UH ./.",,,123.02,123.32000000000001
sw09utt/sw_0916_3642.utt,3/sw3642,3642,30,+,B,17,1,-- perhaps  /,--/: perhaps/RB,,,123.48,124.10000000000001
sw09utt/sw_0916_3642.utt,3/sw3642,3642,31,%,B,17,2,"{C and } so that, - /","and/CC so/RB that/DT ,/,",,,124.18,125.66
sw09utt/sw_0916_3642.utt,3/sw3642,3642,32,sv,B,17,3,{C and } --,and/CC --/:,,,127.32,127.61999999999999
sw09utt/sw_0916_3642.utt,3/sw3642,3642,33,%,A,18,1,"# {C But } [ [ what, + # -/","But/CC what/WP ,/,",,,127.74,128.14000000000001
sw09utt/sw_0916_3642.utt,3/sw3642,3642,34,+,B,19,1,-- # [ that's a + # --,--/: that/DT 's/BES a/DT --/:,,,128.42,128.66
sw09utt/sw_0916_3642.utt,3/sw3642,3642,35,%,A,20,1,"# What you're think-, ] + #","What/WP you/PRP 're/VBP think/VBG ,/,",,,0.0,0.0
sw09utt/sw_0916_3642.utt,3/sw3642,3642,36,+,B,21,1,"-- # that's a ] # vicious cycle, of course. /","--/: that/DT 's/BES a/DT vicious/JJ cycle/NN ,/, of/IN course/NN ./.",,,128.66,130.4
sw09utt/sw_0916_3642.utt,3/sw3642,3642,37,+,A,22,1,"Yeah,  /","Yeah/UH ,/,",,,130.52,130.66
sw09utt/sw_0916_3642.utt,3/sw3642,3642,38,bf,A,22,2,{C so } what # you're # --,so/RB what/WP you/PRP 're/VBP --/:,,,130.66,131.5
sw09utt/sw_0916_3642.utt,3/sw3642,3642,39,%,B,23,1,"# Because, # -/","Because/IN ,/,",,,0.0,0.0
sw09utt/sw_0916_3642.utt,3/sw3642,3642,40,+,A,24,1,"-- saying ] though, is instead of having the national [ government, + {F uh, } government ] administer, giving health insurance to every man, woman and child [ with, + throughout ] the whole company, you see more of them as regulating the high costs, {F uh, } that people are forced to pay for it right now.  /","--/: saying/VBG though/RB ,/, is/VBZ instead/IN of/IN having/VBG the/DT national/JJ government/NN ,/, uh/UH ,/, government/NN administer/VB ,/, giving/VBG health/NN insurance/NN to/IN every/DT man/NN ,/, woman/NN and/CC child/NN with/IN ,/, throughout/IN the/DT whole/JJ company/NN ,/, you/PRP see/VBP more/JJR of/IN them/PRP as/IN regulating/VBG the/DT high/JJ costs/NNS ,/, uh/UH ,/, that/WDT people/NNS are/VBP forced/VBN to/TO pay/VB for/IN it/PRP right/RB now/RB ./.",,,131.5,148.0
sw09utt/sw_0916_3642.utt,3/sw3642,3642,41,qy,A,24,2,[ Is that -- +,Is/VBZ that/DT --/:,,,148.88,149.20000000000002
sw09utt/sw_0916_3642.utt,3/sw3642,3642,42,b,B,25,1,"{F Um, } /","Um/UH ,/,",,,149.2,149.45999999999998
sw09utt/sw_0916_3642.utt,3/sw3642,3642,43,+,A,26,1,"-- is that ] correct,  /","--/: is/VBZ that/DT correct/JJ ,/,",,,149.46,149.86
sw09utt/sw_0916_3642.utt,3/sw3642,3642,44,qrr,A,26,2,"{C or } do you think that, /","or/CC do/VBP you/PRP think/VB that/IN ,/,",,,149.86,150.36
sw09utt/sw_0916_3642.utt,3/sw3642,3642,45,nd,B,27,1,"{D Well, } [ I, + {F uh, } {D well, } I ] wouldn't exclude the possibility of the government actually administrating it ultimately.  /","Well/UH ,/, I/PRP ,/, uh/UH ,/, well/UH ,/, I/PRP would/MD n't/RB exclude/VB the/DT possibility/NN of/IN the/DT government/NN actually/RB administrating/VBG it/PRP ultimately/RB ./.",,,150.4,160.5
sw09utt/sw_0916_3642.utt,3/sw3642,3642,46,sv,B,27,2,I don't think that that would necessarily be such a bad idea.  /,I/PRP do/VBP n't/RB think/VB that/IN that/DT would/MD necessarily/RB be/VB such/PDT a/DT bad/JJ idea/NN ./.,,,161.18,164.38
sw09utt/sw_0916_3642.utt,3/sw3642,3642,47,%,B,27,3,"{C And, } <noise>, {F uh } <noise>, -/","And/CC ,/, ,/, uh/UH ,/,",,,165.36,167.48000000000002
sw09utt/sw_0916_3642.utt,3/sw3642,3642,48,qy,A,28,1,"{D Well, } [ with the, + with the ] costs as they are right now, do you think that the government, {F uh, } - /","Well/UH ,/, with/IN the/DT ,/, with/IN the/DT costs/NNS as/IN they/PRP are/VBP right/RB now/RB ,/, do/VBP you/PRP think/VB that/IN the/DT government/NN ,/, uh/UH ,/,",,,169.06,173.64000000000001
sw09utt/sw_0916_3642.utt,3/sw3642,3642,49,sv,A,28,2,"{C because } what that would require is for us to pay, {F uh, } more taxes  /","because/IN what/WP that/DT would/MD require/VB is/VBZ for/IN us/PRP to/TO pay/VB ,/, uh/UH ,/, more/JJR taxes/NNS",,,173.96,178.94
sw09utt/sw_0916_3642.utt,3/sw3642,3642,50,sv,A,28,3,"{C and } [ [ the, + the in-, ] + the people ] that can afford taxes, the middle income and the upper income will be paying more [ c-, + taxes ] [ to, + to ] pay for health insurance for everyone, whereas right now --","and/CC the/DT ,/, the/DT in-/XX ,/, the/DT people/NNS that/WDT can/MD afford/VB taxes/NNS ,/, the/DT middle/NN income/NN and/CC the/DT upper/JJ income/NN will/MD be/VB paying/VBG more/JJR c-/XX ,/, taxes/NNS to/TO ,/, to/TO pay/VB for/IN health/NN insurance/NN for/IN everyone/NN ,/, whereas/IN right/RB now/RB --/:",,,178.94,190.5
sw09utt/sw_0916_3642.utt,3/sw3642,3642,51,b,B,29,1,Right. /,Right/UH ./.,,,190.5,190.62
sw09utt/sw_0916_3642.utt,3/sw3642,3642,52,+,A,30,1,"-- [ the, + the ] public themselves get health insurance  /","--/: the/DT ,/, the/DT public/JJ themselves/PRP get/VBP health/NN insurance/NN",,,191.08,195.28
sw09utt/sw_0916_3642.utt,3/sw3642,3642,53,sv,A,30,2,{C and } they provide their own health insurance. /,and/CC they/PRP provide/VBP their/PRP$ own/JJ health/NN insurance/NN ./.,,,195.36,198.12
sw09utt/sw_0916_3642.utt,3/sw3642,3642,54,sv,B,31,1,"[ The, + {D well, } as it is now, the ] middle and upper classes are paying more than their share for the health care of the whole country because they're the only people that can afford health insurance <whistling>  /","The/DT ,/, well/UH ,/, as/IN it/PRP is/VBZ now/RB ,/, the/DT middle/NN and/CC upper/JJ classes/NNS are/VBP paying/VBG more/JJR than/IN their/PRP$ share/NN for/IN the/DT health/NN care/NN of/IN the/DT whole/JJ country/NN because/IN they/PRP 're/VBP the/DT only/JJ people/NNS that/WDT can/MD afford/VB health/NN insurance/NN",,,198.78,209.12
sw09utt/sw_0916_3642.utt,3/sw3642,3642,55,sv,B,31,2,{C and so } that the other people have no health insurance - /,and/CC so/IN that/IN the/DT other/JJ people/NNS have/VBP no/DT health/NN insurance/NN,,,209.92,214.06
sw09utt/sw_0916_3642.utt,3/sw3642,3642,56,sv,B,31,3,"{C and, } {D you know, } they'll get medical care anyway at least in emergencies  /","and/CC ,/, you/PRP know/VBP ,/, they/PRP 'll/MD get/VB medical/JJ care/NN anyway/RB at/IN least/JJS in/IN emergencies/NNS",,,214.06,218.36
sw09utt/sw_0916_3642.utt,3/sw3642,3642,57,sv,B,31,4,{C and } --,and/CC --/:,,,219.08,219.32000000000002
sw09utt/sw_0916_3642.utt,3/sw3642,3642,58,%,A,32,1,"E-, -/","E-/XX ,/,",,,0.0,0.0
sw09utt/sw_0916_3642.utt,3/sw3642,3642,59,+,B,33,1,-- somebody winds up paying for that  /,--/: somebody/NN winds/VBP up/RP paying/VBG for/IN that/DT,,,219.78,221.60000000000002
sw09utt/sw_0916_3642.utt,3/sw3642,3642,60,sv,B,33,2,{C and } basically the people paying for it are the people who are buying health insurance  /,and/CC basically/RB the/DT people/NNS paying/VBG for/IN it/PRP are/VBP the/DT people/NNS who/WP are/VBP buying/VBG health/NN insurance/NN,,,221.82,227.64
sw09utt/sw_0916_3642.utt,3/sw3642,3642,61,sv,B,33,3,"{C so } I don't see [ that anything, + that this situation ] would get any worse.  /","so/RB I/PRP do/VBP n't/RB see/VB that/IN anything/NN ,/, that/IN this/DT situation/NN would/MD get/VB any/DT worse/JJR ./.",,,228.76,232.84
sw09utt/sw_0916_3642.utt,3/sw3642,3642,62,sv,B,33,4,That way it might get better. /,That/DT way/NN it/PRP might/MD get/VB better/JJR ./.,,,232.96,234.29999999999998
sw09utt/sw_0916_3642.utt,3/sw3642,3642,63,qy^g,A,34,1,"You think it might [ b-, + get better, ] huh?  /","You/PRP think/VBP it/PRP might/MD b-/XX ,/, get/VB better/JJR ,/, huh/UH ?/.",,,235.12,236.58
sw09utt/sw_0916_3642.utt,3/sw3642,3642,64,ar,A,34,2,"[ I, + I ] kind of disagree <laughter>. /","I/PRP ,/, I/PRP kind/RB of/RB disagree/VBP ./.",,,236.7,238.0
sw09utt/sw_0916_3642.utt,3/sw3642,3642,65,b,B,35,1,Uh-huh. /,Uh-huh/UH ./.,,,238.26,238.56
sw09utt/sw_0916_3642.utt,3/sw3642,3642,66,%,A,36,1,"The reason being is, {F uh, } we have, - /","The/DT reason/NN being/VBG is/VBZ ,/, uh/UH ,/, we/PRP have/VBP ,/,",,,238.88,242.70000000000002
sw09utt/sw_0916_3642.utt,3/sw3642,3642,67,h,A,36,2,"I don't know,  /","I/PRP do/VBP n't/RB know/VB ,/,",,,243.56,243.84
sw09utt/sw_0916_3642.utt,3/sw3642,3642,68,sv,A,36,3,"I guess it's [ my, + my ] fear of the national government and also because the bureaucratic --","I/PRP guess/VBP it/PRP 's/BES my/PRP$ ,/, my/PRP$ fear/NN of/IN the/DT national/JJ government/NN and/CC also/RB because/IN the/DT bureaucratic/JJ --/:",,,243.84,248.57999999999998
sw09utt/sw_0916_3642.utt,3/sw3642,3642,69,b,B,37,1,Uh-huh. /,Uh-huh/UH ./.,,,249.5,249.8
sw09utt/sw_0916_3642.utt,3/sw3642,3642,70,+,A,38,1,-- rules that it would take to administer it  /,--/: rules/NNS that/WDT it/PRP would/MD take/VB to/TO administer/VB it/PRP,,,249.8,252.14
sw09utt/sw_0916_3642.utt,3/sw3642,3642,71,sv,A,38,2,"{C and, } {F uh, } [ the, + the ] health insurance companies right now pretty much regulate and are pretty picky [ and, +  and, ] {F uh, } don't allow cases where they might throw them out of business, whereas the federal government if they took over everything, they wouldn't care because they'll never go out of business.  /","and/CC ,/, uh/UH ,/, the/DT ,/, the/DT health/NN insurance/NN companies/NNS right/RB now/RB pretty/RB much/RB regulate/VBP and/CC are/VBP pretty/RB picky/JJ and/CC ,/, and/CC ,/, uh/UH ,/, do/VBP n't/RB allow/VB cases/NNS where/WRB they/PRP might/MD throw/VB them/PRP out/IN of/IN business/NN ,/, whereas/IN the/DT federal/JJ government/NN if/IN they/PRP took/VBD over/RP everything/NN ,/, they/PRP would/MD n't/RB care/VB because/IN they/PRP 'll/MD never/RB go/VB out/IN of/IN business/NN ./.",,,252.78,273.3
sw09utt/sw_0916_3642.utt,3/sw3642,3642,72,sv,A,38,3,"People would still have to pay taxes,  /","People/NNS would/MD still/RB have/VB to/TO pay/VB taxes/NNS ,/,",,,273.36,275.0
sw09utt/sw_0916_3642.utt,3/sw3642,3642,73,sv,A,38,4,the money would have to come from somewhere  /,the/DT money/NN would/MD have/VB to/TO come/VB from/IN somewhere/RB,,,275.0,276.56
sw09utt/sw_0916_3642.utt,3/sw3642,3642,74,%,A,38,5,"{C and } so you'd s-, - /","and/CC so/RB you/PRP 'd/MD s-/XX ,/,",,,277.26,278.46
sw09utt/sw_0916_3642.utt,3/sw3642,3642,75,sv,A,38,6,"[ I, + I ] feel that the cost would increase dramatically also.  /","I/PRP ,/, I/PRP feel/VBP that/IN the/DT cost/NN would/MD increase/VB dramatically/RB also/RB ./.",,,278.78,283.0
sw09utt/sw_0916_3642.utt,3/sw3642,3642,76,sv,A,38,7,"{C But } in the same sense [ the, + the ] care and [ the, + the ] attitude of the doctors and the professionals within the medical, {F uh, } field [ would, + would ] diminish. /","But/CC in/IN the/DT same/JJ sense/NN the/DT ,/, the/DT care/NN and/CC the/DT ,/, the/DT attitude/NN of/IN the/DT doctors/NNS and/CC the/DT professionals/NNS within/IN the/DT medical/JJ ,/, uh/UH ,/, field/NN would/MD ,/, would/MD diminish/VB ./.",,,283.56,295.18
sw09utt/sw_0916_3642.utt,3/sw3642,3642,77,b,B,39,1,Uh-huh. /,Uh-huh/UH ./.,,,296.54,296.78000000000003
sw09utt/sw_0916_3642.utt,3/sw3642,3642,78,b,A,40,1,"{F Uh, } /","Uh/UH ,/,",,,296.78,296.94
sw09utt/sw_0916_3642.utt,3/sw3642,3642,79,b,B,41,1,"Yeah,  /","Yeah/UH ,/,",,,297.82,298.04
sw09utt/sw_0916_3642.utt,3/sw3642,3642,80,%,B,41,2,"{D well, } I think, -/","well/UH ,/, I/PRP think/VBP ,/,",,,298.04,298.56
