swda_filename,ptb_basename,conversation_no,transcript_index,act_tag,caller,utterance_index,subutterance_index,text,pos,trees,ptb_treenumbers,start_ts,end_ts
sw11utt/sw_1106_3662.utt,3/sw3662,3662,0,qo,A,1,1,What do you think? /,What/WP do/VBP you/PRP think/VB ?/.,,,1.08,1.6800000000000002
sw11utt/sw_1106_3662.utt,3/sw3662,3662,1,qy^g^t,B,2,1,"{D Well, } <throat_clearing> {F uh, } [ this is, + this is ] about drug testing right? /","Well/UH ,/, uh/UH ,/, this/DT is/VBZ ,/, this/DT is/VBZ about/IN drug/NN testing/NN right/UH ?/.",,,2.98,6.220000000000001
sw11utt/sw_1106_3662.utt,3/sw3662,3662,2,na,A,3,1,Right. /,Right/UH ./.,,,6.36,6.54
sw11utt/sw_1106_3662.utt,3/sw3662,3662,3,sv,B,4,1,"{D Well, } {F uh, } [ I'm, + I'm ] certainly under [ the, + {F uh, } {F uh, } the ] influence of the idea [ that, + that ] the government needs to have less control on [ what, + {F uh, } what ] the citizens do,  /","Well/UH ,/, uh/UH ,/, I/PRP 'm/VBP ,/, I/PRP 'm/VBP certainly/RB under/IN the/DT ,/, uh/UH ,/, uh/UH ,/, the/DT influence/NN of/IN the/DT idea/NN that/IN ,/, that/IN the/DT government/NN needs/VBZ to/TO have/VB less/JJR control/NN on/IN what/WP ,/, uh/UH ,/, what/WP the/DT citizens/NNS do/VBP ,/,",,,8.42,19.98
sw11utt/sw_1106_3662.utt,3/sw3662,3662,4,sv,B,4,2,"{C although } I do see this as [ a, + ] {F uh, } something that definitely needs to be taken care of.  /","although/IN I/PRP do/VBP see/VB this/DT as/IN a/DT ,/, uh/UH ,/, something/NN that/WDT definitely/RB needs/VBZ to/TO be/VB taken/VBN care/NN of/RB ./.",,,20.16,25.16
sw11utt/sw_1106_3662.utt,3/sw3662,3662,5,sv,B,4,3,"[ Whether that, + whether that ] should be put in the hands of the corporation or [ [ the, + the hands of ] + the, hands of ] the government is [ [ a, + {D you know, } a, ] + a ] different question I think, as far as I'm concerned.  /","Whether/IN that/DT ,/, whether/IN that/DT should/MD be/VB put/VB in/IN the/DT hands/NNS of/IN the/DT corporation/NN or/CC the/DT ,/, the/DT hands/NNS of/IN the/DT ,/, hands/NNS of/IN the/DT government/NN is/VBZ a/DT ,/, you/PRP know/VBP ,/, a/DT ,/, a/DT different/JJ question/NN I/PRP think/VBP ,/, as/RB far/RB as/IN I/PRP 'm/VBP concerned/VBN ./.",,,25.16,32.660000000000004
sw11utt/sw_1106_3662.utt,3/sw3662,3662,6,%,B,4,4,"I-, - /","I-/IN ,/,",,,0.0,0.0
sw11utt/sw_1106_3662.utt,3/sw3662,3662,7,sd,B,4,5,"[ in, + in ] other words, I am [ fa-, + in favor ] of [ drug contro-, + {E or, } {E or, } {E or } drug testing. ]  /","in/IN ,/, in/IN other/JJ words/NNS ,/, I/PRP am/VBP fa/VBG ,/, in/RB favor/RB of/IN drug/NN contro-/NN ,/, or/CC ,/, or/CC ,/, or/CC drug/NN testing/NN ./.",,,32.66,36.44
sw11utt/sw_1106_3662.utt,3/sw3662,3662,8,sd,B,4,6,"{F Uh, } I was drug tested when I came to my job here at T I.  /","Uh/UH ,/, I/PRP was/VBD drug/NN tested/VBN when/WRB I/PRP came/VBD to/IN my/PRP$ job/NN here/RB at/IN T/NNP I/NNP ./.",,,37.12,40.04
sw11utt/sw_1106_3662.utt,3/sw3662,3662,9,sv,B,4,7,[ [ {C Yet } --,Yet/CC --/:,,,40.4,40.6
sw11utt/sw_1106_3662.utt,3/sw3662,3662,10,b,A,5,1,Uh-huh. /,Uh-huh/UH ./.,,,40.72,41.0
sw11utt/sw_1106_3662.utt,3/sw3662,3662,11,+,B,6,1,"-- {C but, } ] + {C but } ] at the same time, I don't think, {F uh, } that should be governed [ by + by ] the government, {F uh, } per se.  /","--/: but/CC ,/, but/CC at/IN the/DT same/JJ time/NN ,/, I/PRP do/VBP n't/RB think/VB ,/, uh/UH ,/, that/WDT should/MD be/VB governed/VBN by/IN by/IN the/DT government/NN ,/, uh/UH ,/, per/FW se/FW ./.",,,41.0,46.22
sw11utt/sw_1106_3662.utt,3/sw3662,3662,12,sv,B,6,2,I think it should be more by the private institution.  /,I/PRP think/VBP it/PRP should/MD be/VB more/JJR by/IN the/DT private/JJ institution/NN ./.,,,46.22,48.22
sw11utt/sw_1106_3662.utt,3/sw3662,3662,13,qo,B,6,3,How about you? /,How/WRB about/IN you/PRP ?/.,,,49.06,49.459999999999994
sw11utt/sw_1106_3662.utt,3/sw3662,3662,14,ny,A,7,1,"Yeah,  /","Yeah/UH ,/,",,,50.04,50.22
sw11utt/sw_1106_3662.utt,3/sw3662,3662,15,sv^e,A,7,2,"I think that the corporations should, {F uh, } do all that.  /","I/PRP think/VBP that/IN the/DT corporations/NNS should/MD ,/, uh/UH ,/, do/VBP all/DT that/DT ./.",,,50.22,53.599999999999994
sw11utt/sw_1106_3662.utt,3/sw3662,3662,16,sv,A,7,3,"They should, {F uh, } have drug screening before they hire --","They/PRP should/MD ,/, uh/UH ,/, have/VB drug/NN screening/NN before/IN they/PRP hire/VBP --/:",,,53.6,56.8
sw11utt/sw_1106_3662.utt,3/sw3662,3662,17,b,B,8,1,Uh-huh. /,Uh-huh/UH ./.,,,57.0,57.22
sw11utt/sw_1106_3662.utt,3/sw3662,3662,18,+,A,9,1,-- an employee  /,--/: an/DT employee/NN,,,57.5,58.22
sw11utt/sw_1106_3662.utt,3/sw3662,3662,19,%,A,9,2,"{C and, } {F uh, } any time that an employee, - /","and/CC ,/, uh/UH ,/, any/DT time/NN that/IN an/DT employee/NN ,/,",,,58.68,61.480000000000004
sw11utt/sw_1106_3662.utt,3/sw3662,3662,20,sd,A,9,3,"{D like } if they're coming to late work all the time and, {F uh } --","like/IN if/IN they/PRP 're/VBP coming/VBG to/IN late/JJ work/NN all/PDT the/DT time/NN and/CC ,/, uh/UH --/:",,,61.56,65.26
sw11utt/sw_1106_3662.utt,3/sw3662,3662,21,b,B,10,1,Uh-huh. /,Uh-huh/UH ./.,,,65.26,65.62
sw11utt/sw_1106_3662.utt,3/sw3662,3662,22,+,A,11,1,"-- [ [ if they, + if they're, ] + especially if [ there's + they're ] ] on the line or any kind of sensitive job where, {D you know, } [ if they can, + if they made a mistake, ] it would cost a lot of money [ or -- +","--/: if/IN they/PRP ,/, if/IN they/PRP 're/VBP ,/, especially/RB if/IN there/EX 's/BES they/PRP 're/VBP on/IN the/DT line/NN or/CC any/DT kind/NN of/IN sensitive/JJ job/NN where/WRB ,/, you/PRP know/VBP ,/, if/IN they/PRP can/MD ,/, if/IN they/PRP made/VBD a/DT mistake/NN ,/, it/PRP would/MD cost/VB a/DT lot/NN of/IN money/NN or/CC --/:",,,65.92,76.6
sw11utt/sw_1106_3662.utt,3/sw3662,3662,23,b,B,12,1,Yeah. /,Yeah/UH ./.,,,76.6,76.67999999999999
sw11utt/sw_1106_3662.utt,3/sw3662,3662,24,+@,A,13,1,-- or ] people's lives.    *[[ slash ]],--/: or/CC people/NNS 's/POS lives/NNS ./.,,,76.68,77.96000000000001
sw11utt/sw_1106_3662.utt,3/sw3662,3662,25,b,B,14,1,Sure. /,Sure/UH ./.,,,78.22,78.58
sw11utt/sw_1106_3662.utt,3/sw3662,3662,26,+@,A,15,1,Then they need to be watched carefully  / *[[ slash ]],Then/RB they/PRP need/VBP to/TO be/VB watched/VBN carefully/RB,,,78.9,80.68
sw11utt/sw_1106_3662.utt,3/sw3662,3662,27,o@,A,15,2,"{D so, }    *[[slash]]","so/IN ,/,",,,80.82,80.97999999999999
sw11utt/sw_1106_3662.utt,3/sw3662,3662,28,b,B,16,1,Uh-huh.  /,Uh-huh/UH ./.,,,80.98,81.16000000000001
sw11utt/sw_1106_3662.utt,3/sw3662,3662,29,aa,B,16,2,"Yeah,  /","Yeah/UH ,/,",,,81.7,81.92
sw11utt/sw_1106_3662.utt,3/sw3662,3662,30,aa,B,16,3,"[ I, + I ] agree with you.  /","I/PRP ,/, I/PRP agree/VBP with/IN you/PRP ./.",,,81.92,82.7
sw11utt/sw_1106_3662.utt,3/sw3662,3662,31,sv,B,16,4,"[ I, + {D you know, } I ] would even think that, {F uh, } {F uh, } I could, in theory take that [ [ a l-, + a, ] + {D you know, } a ] step further and say anybody in any job, {D you know, } if the corporation felt like, {F uh, } [  b-, + b-, ] - /","I/PRP ,/, you/PRP know/VBP ,/, I/PRP would/MD even/RB think/VB that/IN ,/, uh/UH ,/, uh/UH ,/, I/PRP could/MD ,/, in/IN theory/NN take/VB that/DT a/DT l-/NN ,/, a/DT ,/, you/PRP know/VBP ,/, a/DT step/NN further/JJ and/CC say/VB anybody/NN in/IN any/DT job/NN ,/, you/PRP know/VBP ,/, if/IN the/DT corporation/NN felt/VBD like/IN ,/, uh/UH ,/, b-/XX ,/, b-/XX ,/,",,,82.72,91.14
sw11utt/sw_1106_3662.utt,3/sw3662,3662,32,sv,B,16,5,"{C and } this is why, {E I mean, } {F uh, } drugs are <breathing> the biggest problem, I think to face America today.  /","and/CC this/DT is/VBZ why/WRB ,/, I/PRP mean/VBP ,/, uh/UH ,/, drugs/NNS are/VBP the/DT biggest/JJS problem/NN ,/, I/PRP think/VBP to/TO face/VB America/NNP today/RB ./.",,,91.66,99.02
sw11utt/sw_1106_3662.utt,3/sw3662,3662,33,sv,B,16,6,"I mean [ [ i-, + th-, ] + it's ] what drives crime,  /","I/PRP mean/VBP i-/PRP ,/, th-/XX ,/, it/PRP 's/BES what/WP drives/VBZ crime/NN ,/,",,,99.02,101.02
sw11utt/sw_1106_3662.utt,3/sw3662,3662,34,sv,B,16,7,"it's what drives, {F uh, } {F uh, } any sort [ of, + of, ] {F uh, } {F uh, } pain and discomfort in the world, or in America I think [ is some-, + is somewhat, ] {F uh, } {F uh, } driven by drugs  /","it/PRP 's/BES what/WP drives/VBZ ,/, uh/UH ,/, uh/UH ,/, any/DT sort/NN of/IN ,/, of/IN ,/, uh/UH ,/, uh/UH ,/, pain/NN and/CC discomfort/NN in/IN the/DT world/NN ,/, or/CC in/IN America/NNP I/PRP think/VBP is/VBZ some-/RB ,/, is/VBZ somewhat/RB ,/, uh/UH ,/, uh/UH ,/, driven/VBN by/IN drugs/NNS",,,101.02,111.82000000000001
sw11utt/sw_1106_3662.utt,3/sw3662,3662,35,sv,B,16,8,"{C and } I think that, {F uh, } were corporations and, {F uh, } private industry to [ take, + {F uh, } take ] command in this situation, that [ maybe, + maybe ] we might have [ some, + some ] control over that.  /","and/CC I/PRP think/VBP that/IN ,/, uh/UH ,/, were/VBD corporations/NNS and/CC ,/, uh/UH ,/, private/JJ industry/NN to/TO take/VB ,/, uh/UH ,/, take/VB command/NN in/IN this/DT situation/NN ,/, that/IN maybe/RB ,/, maybe/RB we/PRP might/MD have/VB some/DT ,/, some/DT control/NN over/IN that/DT ./.",,,111.82,124.46000000000001
sw11utt/sw_1106_3662.utt,3/sw3662,3662,36,%,B,16,9,"We, {D you know, } - /","We/PRP ,/, you/PRP know/VBP ,/,",,,124.46,124.84
sw11utt/sw_1106_3662.utt,3/sw3662,3662,37,sv,B,16,10,"if you can't work, [ then you can't + <throat_clearing>, ]  be a little bit harder to [ take, + take ] drugs or whatever,  /","if/IN you/PRP ca/MD n't/RB work/VB ,/, then/RB you/PRP ca/MD n't/RB ,/, be/VB a/DT little/JJ bit/NN harder/JJR to/TO take/VB ,/, take/VB drugs/NNS or/CC whatever/WDT ,/,",,,124.84,128.9
sw11utt/sw_1106_3662.utt,3/sw3662,3662,38,h,B,16,11,I don't know. /,I/PRP do/VBP n't/RB know/VB ./.,,,128.9,129.33999999999997
sw11utt/sw_1106_3662.utt,3/sw3662,3662,39,+@,A,17,1,"Right. /  *[[slash, should be aa]]",Right/UH ./.,,,129.58,129.88000000000002
sw11utt/sw_1106_3662.utt,3/sw3662,3662,40,sv,B,18,1,"Course, that might up crime, {D you know, } when, {F uh, } people go in and steal your television and ste-, and sell it just because [ they can't, +  they can't ] work anymore, {D you know. } /","Course/NN ,/, that/WDT might/MD up/VB crime/NN ,/, you/PRP know/VBP ,/, when/WRB ,/, uh/UH ,/, people/NNS go/VBP in/RB and/CC steal/VBP your/PRP$ television/NN and/CC ste/VBP ,/, and/CC sell/VBP it/PRP just/RB because/IN they/PRP ca/MD n't/RB ,/, they/PRP ca/MD n't/RB work/VB anymore/RB ,/, you/PRP know/VBP ./.",,,130.58,137.88
sw11utt/sw_1106_3662.utt,3/sw3662,3662,41,b,A,19,1,"Yeah,  /","Yeah/UH ,/,",,,138.16,138.42
sw11utt/sw_1106_3662.utt,3/sw3662,3662,42,b,A,19,2,"yeah,  /","yeah/UH ,/,",,,139.62,139.86
sw11utt/sw_1106_3662.utt,3/sw3662,3662,43,sv,A,19,3,"{C but } you got to have [ a, + a ] safe work place.  /","but/CC you/PRP got/VBD to/TO have/VB a/DT ,/, a/DT safe/JJ work/NN place/NN ./.",,,139.86,142.06
sw11utt/sw_1106_3662.utt,3/sw3662,3662,44,sv,A,19,4,That's all there is to it. /,That/DT 's/BES all/DT there/EX is/VBZ to/IN it/PRP ./.,,,142.06,142.76
sw11utt/sw_1106_3662.utt,3/sw3662,3662,45,aa,B,20,1,"Definitely,  /","Definitely/UH ,/,",,,142.76,143.23999999999998
sw11utt/sw_1106_3662.utt,3/sw3662,3662,46,aa,B,20,2,"[ you, + you're ] definitely right.  /","you/PRP ,/, you/PRP 're/VBP definitely/RB right/JJ ./.",,,143.24,144.22
sw11utt/sw_1106_3662.utt,3/sw3662,3662,47,sv,B,20,3,"That, {F uh, } [ you can't, + you can't ] have it any other way. /","That/IN ,/, uh/UH ,/, you/PRP ca/MD n't/RB ,/, you/PRP ca/MD n't/RB have/VB it/PRP any/DT other/JJ way/NN ./.",,,144.22,146.28
sw11utt/sw_1106_3662.utt,3/sw3662,3662,48,b,A,21,1,Uh-huh. /,Uh-huh/UH ./.,,,147.4,147.58
sw11utt/sw_1106_3662.utt,3/sw3662,3662,49,%,B,22,1,"{F Uh, } {D you know, } [ [ whether + <throat_clearing>, whether in, ] + in ] the case that you brought up, {D you know, } [ whether, + {F uh, } {D you know, } w-, ] - /","Uh/UH ,/, you/PRP know/VBP ,/, whether/IN ,/, whether/IN in/IN ,/, in/IN the/DT case/NN that/WDT you/PRP brought/VBD up/RB ,/, you/PRP know/VBP ,/, whether/IN ,/, uh/UH ,/, you/PRP know/VBP ,/, w-/IN ,/,",,,147.58,152.98
sw11utt/sw_1106_3662.utt,3/sw3662,3662,50,sv,B,22,2,"if it's a policeman and he's working with, {F uh, } the public [ and he has a, + and has a ] gun in his holster [ or, + or ]  even, {D you know, } if it's a guy at McDonald's cooking a burger, I think, <throat_clearing> they're dangerous in either situation. /","if/IN it/PRP 's/BES a/DT policeman/NN and/CC he/PRP 's/BES working/VBG with/IN ,/, uh/UH ,/, the/DT public/JJ and/CC he/PRP has/VBZ a/DT ,/, and/CC has/VBZ a/DT gun/NN in/IN his/PRP$ holster/NN or/CC ,/, or/CC even/RB ,/, you/PRP know/VBP ,/, if/IN it/PRP 's/BES a/DT guy/NN at/IN McDonald/NNP 's/POS cooking/VBG a/DT burger/NN ,/, I/PRP think/VBP ,/, they/PRP 're/VBP dangerous/JJ in/IN either/DT situation/NN ./.",,,153.04,163.86
sw11utt/sw_1106_3662.utt,3/sw3662,3662,51,b,A,23,1,Uh-huh. /,Uh-huh/UH ./.,,,165.48,165.61999999999998
sw11utt/sw_1106_3662.utt,3/sw3662,3662,52,%,B,24,1,"{F Uh, } I, - /","Uh/UH ,/, I/PRP ,/,",,,165.62,166.74
sw11utt/sw_1106_3662.utt,3/sw3662,3662,53,qo,B,24,2,"[ what, + what ] do you think, {F uh, }  /","what/WP ,/, what/WP do/VBP you/PRP think/VB ,/, uh/UH ,/,",,,166.8,168.02
sw11utt/sw_1106_3662.utt,3/sw3662,3662,54,qw,B,24,3,"what percentage [ of, + of ] corporations and, {F uh, } private industry do you think use, {F uh, } drug testing? /","what/WP percentage/NN of/IN ,/, of/IN corporations/NNS and/CC ,/, uh/UH ,/, private/JJ industry/NN do/VBP you/PRP think/VB use/VBP ,/, uh/UH ,/, drug/NN testing/NN ?/.",,,169.1,176.1
sw11utt/sw_1106_3662.utt,3/sw3662,3662,55,sv,A,25,1,"I think  [ it's, + it's ] more frequent now.  /","I/PRP think/VBP it/PRP 's/BES ,/, it/PRP 's/BES more/RBR frequent/JJ now/RB ./.",,,176.94,178.67999999999998
sw11utt/sw_1106_3662.utt,3/sw3662,3662,56,sv,A,25,2,"It's probably like forty, fifty percent. /","It/PRP 's/BES probably/RB like/RB forty/CD ,/, fifty/CD percent/NN ./.",,,178.68,180.72
sw11utt/sw_1106_3662.utt,3/sw3662,3662,57,bh,B,26,1,"{F Oh, } really? /","Oh/UH ,/, really/RB ?/.",,,181.08,181.52
sw11utt/sw_1106_3662.utt,3/sw3662,3662,58,ny,A,27,1,Yeah. /,Yeah/UH ./.,,,181.78,182.04
sw11utt/sw_1106_3662.utt,3/sw3662,3662,59,b,B,28,1,Uh-huh. /,Uh-huh/UH ./.,,,182.36,182.64000000000001
sw11utt/sw_1106_3662.utt,3/sw3662,3662,60,sd,A,29,1,"Because, {F uh, } all the jobs that I've applied for have, {F uh, } mentioned some type of drug screening. /","Because/IN ,/, uh/UH ,/, all/PDT the/DT jobs/NNS that/WDT I/PRP 've/VBP applied/VBN for/IN have/VBP ,/, uh/UH ,/, mentioned/VBD some/DT type/NN of/IN drug/NN screening/NN ./.",,,182.92,189.06
sw11utt/sw_1106_3662.utt,3/sw3662,3662,61,b,B,30,1,Right. /,Right/UH ./.,,,189.34,189.64000000000001
sw11utt/sw_1106_3662.utt,3/sw3662,3662,62,o@,A,31,1,{D You know. }    *[[slash error]],You/PRP know/VBP ./.,,,189.92,190.28
sw11utt/sw_1106_3662.utt,3/sw3662,3662,63,qw,B,32,1,What kind of work are you in? /,What/WP kind/NN of/IN work/NN are/VBP you/PRP in/RB ?/.,,,190.92,191.83999999999997
sw11utt/sw_1106_3662.utt,3/sw3662,3662,64,+,A,33,1,"{F Uh, } I work at Sears. /","Uh/UH ,/, I/PRP work/VBP at/IN Sears/NNP ./.",,,192.24,193.3
sw11utt/sw_1106_3662.utt,3/sw3662,3662,65,b,B,34,1,Uh-huh. /,Uh-huh/UH ./.,,,193.56,193.86
sw11utt/sw_1106_3662.utt,3/sw3662,3662,66,sd,A,35,1,{C And } I just do warehouse work. /,And/CC I/PRP just/RB do/VBP warehouse/NN work/NN ./.,,,194.22,195.78
sw11utt/sw_1106_3662.utt,3/sw3662,3662,67,b,B,36,1,"Uh-huh,  /","Uh-huh/UH ,/,",,,196.02,196.3
sw11utt/sw_1106_3662.utt,3/sw3662,3662,68,qy,B,36,2,{C and } did they give you drug testing? /,and/CC did/VBD they/PRP give/VBP you/PRP drug/NN testing/NN ?/.,,,196.4,197.60000000000002
sw11utt/sw_1106_3662.utt,3/sw3662,3662,69,ng,A,37,1,"{F Uh, } not, - /","Uh/UH ,/, not/RB ,/,",,,197.84,198.5
sw11utt/sw_1106_3662.utt,3/sw3662,3662,70,sd,A,37,2,they hired me in nineteen eighty-four  /,they/PRP hired/VBD me/PRP in/IN nineteen/CD eighty-four/CD,,,198.56,200.08
sw11utt/sw_1106_3662.utt,3/sw3662,3662,71,o@,A,37,3,"{D so, }    *[[slash error]]","so/RB ,/,",,,200.08,200.3
sw11utt/sw_1106_3662.utt,3/sw3662,3662,72,b,B,38,1,Oh. /,Oh/UH ./.,,,200.3,200.52
sw11utt/sw_1106_3662.utt,3/sw3662,3662,73,+@,A,39,1,Yeah. /   *[[slash error should be 'b']],Yeah/UH ./.,,,200.52,200.60000000000002
sw11utt/sw_1106_3662.utt,3/sw3662,3662,74,bk,B,40,1,Okay. /,Okay/UH ./.,,,200.6,201.07999999999998
sw11utt/sw_1106_3662.utt,3/sw3662,3662,75,sd,A,41,1,"{C But } now [ [ they, + they, ] + {F uh, } they ] issued a statement --","But/CC now/RB they/PRP ,/, they/PRP ,/, uh/UH ,/, they/PRP issued/VBD a/DT statement/NN --/:",,,201.4,204.44
sw11utt/sw_1106_3662.utt,3/sw3662,3662,76,b,B,42,1,Uh-huh. /,Uh-huh/UH ./.,,,204.64,204.98
sw11utt/sw_1106_3662.utt,3/sw3662,3662,77,+,A,43,1,"-- about that, about three months ago. /","--/: about/IN that/DT ,/, about/RB three/CD months/NNS ago/RB ./.",,,204.98,207.92000000000002
sw11utt/sw_1106_3662.utt,3/sw3662,3662,78,qy,B,44,1,"{F Oh, } {D so } are they going to, {F uh, } begin spontaneous, {F uh, } drug testing? /","Oh/UH ,/, so/RB are/VBP they/PRP going/VBG to/TO ,/, uh/UH ,/, begin/VB spontaneous/JJ ,/, uh/UH ,/, drug/NN testing/NN ?/.",,,208.26,211.42
sw11utt/sw_1106_3662.utt,3/sw3662,3662,79,ng,A,45,1,"{F Uh, } not that I know of.  /","Uh/UH ,/, not/RB that/IN I/PRP know/VBP of/RB ./.",,,211.86,212.88
sw11utt/sw_1106_3662.utt,3/sw3662,3662,80,sd,A,45,2,"It was more about, {F uh, } all the people's problems.  /","It/PRP was/VBD more/JJR about/IN ,/, uh/UH ,/, all/PDT the/DT people/NNS 's/POS problems/NNS ./.",,,212.88,215.92
sw11utt/sw_1106_3662.utt,3/sw3662,3662,81,sd,A,45,3,{D Like } --,Like/IN --/:,,,216.28,216.4
sw11utt/sw_1106_3662.utt,3/sw3662,3662,82,b,B,46,1,Uh-huh. /,Uh-huh/UH ./.,,,216.4,216.52
sw11utt/sw_1106_3662.utt,3/sw3662,3662,83,+,A,47,1,-- they've been laying off a lot of people. /,--/: they/PRP 've/VBP been/VBN laying/VBG off/IN a/DT lot/NN of/IN people/NNS ./.,,,216.78,218.06
sw11utt/sw_1106_3662.utt,3/sw3662,3662,84,b,B,48,1,"{F Oh, } yeah. /","Oh/UH ,/, yeah/UH ./.",,,218.36,218.64
sw11utt/sw_1106_3662.utt,3/sw3662,3662,85,sd,A,49,1,"[ {C And, } + {F uh, } {C and, } ] {F uh, } they sent out the employee assistance cards for anyone that had any sort of drug problem or work related problem. /","And/CC ,/, uh/UH ,/, and/CC ,/, uh/UH ,/, they/PRP sent/VBD out/RB the/IN employee/NN assistance/NN cards/NNS for/IN anyone/NN that/WDT had/VBD any/DT sort/NN of/IN drug/NN problem/NN or/CC work/NN related/VBD problem/NN ./.",,,218.72,229.44
sw11utt/sw_1106_3662.utt,3/sw3662,3662,86,b,B,50,1,Sure. /,Sure/UH ./.,,,229.7,229.83999999999997
sw11utt/sw_1106_3662.utt,3/sw3662,3662,87,sd,A,51,1,"Family problems, {D you know. }","Family/NN problems/NNS ,/, you/PRP know/VBP ./.",,,229.84,230.66
sw11utt/sw_1106_3662.utt,3/sw3662,3662,88,b,B,52,1,Uh-huh. /,Uh-huh/UH ./.,,,230.66,230.84
sw11utt/sw_1106_3662.utt,3/sw3662,3662,89,+,A,53,1,They kind of covered everything. /,They/PRP kind/RB of/RB covered/VBD everything/NN ./.,,,231.24,232.42000000000002
sw11utt/sw_1106_3662.utt,3/sw3662,3662,90,b,B,54,1,Uh-huh. /,Uh-huh/UH ./.,,,232.68,232.92000000000002
sw11utt/sw_1106_3662.utt,3/sw3662,3662,91,sd,A,55,1,{C But } I know they have a lot of drug problems  /,But/CC I/PRP know/VBP they/PRP have/VBP a/DT lot/NN of/IN drug/NN problems/NNS,,,233.24,235.18
sw11utt/sw_1106_3662.utt,3/sw3662,3662,92,%,A,55,2,"{D so, } -/","so/RB ,/,",,,235.18,235.4
sw11utt/sw_1106_3662.utt,3/sw3662,3662,93,b,B,56,1,Yeah.  /,Yeah/UH ./.,,,235.52,235.8
sw11utt/sw_1106_3662.utt,3/sw3662,3662,94,qo,B,56,2,"What do you think about, {F uh, } {D you know, } - /","What/WP do/VBP you/PRP think/VB about/IN ,/, uh/UH ,/, you/PRP know/VBP ,/,",,,236.52,238.14
sw11utt/sw_1106_3662.utt,3/sw3662,3662,95,sv,B,56,3,"something that kind of concerns me is, {F uh, } [ y-, + {D you know, } you ] and I are tested [ for, + for ] whatever work we happen to do.  /","something/NN that/WDT kind/RB of/RB concerns/NNS me/PRP is/VBZ ,/, uh/UH ,/, y-/PRP ,/, you/PRP know/VBP ,/, you/PRP and/CC I/PRP are/VBP tested/VBN for/IN ,/, for/IN whatever/WDT work/VBP we/PRP happen/VBP to/TO do/VB ./.",,,238.48,243.68
sw11utt/sw_1106_3662.utt,3/sw3662,3662,96,qy,B,56,4,Do you think there should be drug testing for political officials? /,Do/VBP you/PRP think/VBP there/EX should/MD be/VB drug/NN testing/NN for/IN political/JJ officials/NNS ?/.,,,243.68,246.36
sw11utt/sw_1106_3662.utt,3/sw3662,3662,97,ny,A,57,1,"Yes,  /","Yes/UH ,/,",,,247.0,247.32
sw11utt/sw_1106_3662.utt,3/sw3662,3662,98,sd^e,A,57,2,I do. /,I/PRP do/VBP ./.,,,247.32,247.82
sw11utt/sw_1106_3662.utt,3/sw3662,3662,99,aa,B,58,1,"Yeah,  /","Yeah/UH ,/,",,,247.9,248.16
sw11utt/sw_1106_3662.utt,3/sw3662,3662,100,sd,B,58,2,"I do, too. /","I/PRP do/VBP ,/, too/RB ./.",,,248.34,248.73999999999998
sw11utt/sw_1106_3662.utt,3/sw3662,3662,101,sv,A,59,1,"[ Because, + because ] [ a lot of them are, + {D you know, } they're ] hypocritical.  /","Because/IN ,/, because/IN a/DT lot/NN of/IN them/PRP are/VBP ,/, you/PRP know/VBP ,/, they/PRP 're/VBP hypocritical/JJ ./.",,,248.74,252.14
sw11utt/sw_1106_3662.utt,3/sw3662,3662,102,sd,A,59,2,"[ They, + they ] talk against drugs -- /","They/PRP ,/, they/PRP talk/VBP against/IN drugs/NNS --/:",,,252.14,254.84
sw11utt/sw_1106_3662.utt,3/sw3662,3662,103,b,B,60,1,Yeah. /,Yeah/UH ./.,,,255.04,255.23999999999998
sw11utt/sw_1106_3662.utt,3/sw3662,3662,104,sd,A,61,1,"-- {C and then } they get caught, {D you know. } /","--/: and/CC then/RB they/PRP get/VBP caught/VBN ,/, you/PRP know/VBP ./.",,,255.44,257.46
sw11utt/sw_1106_3662.utt,3/sw3662,3662,105,b,B,62,1,Uh-huh. /,Uh-huh/UH ./.,,,257.5,257.8
sw11utt/sw_1106_3662.utt,3/sw3662,3662,106,sd*,A,63,1,In stings in Washington. /  *[[one utt with a.61]],In/IN stings/NNS in/IN Washington/NNP ./.,,,258.8,260.34000000000003
sw11utt/sw_1106_3662.utt,3/sw3662,3662,107,b,B,64,1,Yeah. /,Yeah/UH ./.,,,260.68,260.84000000000003
sw11utt/sw_1106_3662.utt,3/sw3662,3662,108,sd,A,65,1,"Whether it's drugs or any other kind of, {F uh, } - /","Whether/IN it/PRP 's/BES drugs/NNS or/CC any/DT other/JJ kind/NN of/IN ,/, uh/UH ,/,",,,260.92,264.28000000000003
sw11utt/sw_1106_3662.utt,3/sw3662,3662,109,sv,A,65,2,"like [ the, + the ] money laundering scams.  All that was drug related. /","like/IN the/DT ,/, the/DT money/NN laundering/NN scams/NNS ./. All/PDT that/DT was/VBD drug/NN related/JJ ./.",,,264.28,267.91999999999996
sw11utt/sw_1106_3662.utt,3/sw3662,3662,110,b,B,66,1,"{F Oh, } yeah. /","Oh/UH ,/, yeah/UH ./.",,,268.08,268.44
sw11utt/sw_1106_3662.utt,3/sw3662,3662,111,sv,A,67,1,"[ {C So, } + {C and } ] that cost us, the country, {D you know, } billions of dollars. /","So/UH ,/, and/CC that/DT cost/NN us/PRP ,/, the/DT country/NN ,/, you/PRP know/VBP ,/, billions/NNS of/IN dollars/NNS ./.",,,268.66,273.18
sw11utt/sw_1106_3662.utt,3/sw3662,3662,112,aa,B,68,1,"Sure,  /","Sure/UH ,/,",,,273.18,273.54
sw11utt/sw_1106_3662.utt,3/sw3662,3662,113,aa,B,68,2,"sure,  /","sure/UH ,/,",,,273.66,273.98
sw11utt/sw_1106_3662.utt,3/sw3662,3662,114,aa,B,68,3,yeah. /,yeah/UH ./.,,,274.04,274.40000000000003
sw11utt/sw_1106_3662.utt,3/sw3662,3662,115,%,A,69,1,"{D So, } -/","So/UH ,/,",,,274.4,274.47999999999996
sw11utt/sw_1106_3662.utt,3/sw3662,3662,116,aa,B,70,1,I would agree with you.  /,I/PRP would/MD agree/VB with/IN you/PRP ./.,,,274.78,275.5
sw11utt/sw_1106_3662.utt,3/sw3662,3662,117,sv,B,70,2,"[ [ I, + I can't see, ] + I can't see ] how we can expect the, {D you know, } {F uh, } {F uh, } people working [ [ in the, + in, ] + in ] America [ to, + {F uh, } to ] put any trust into our political officials if they don't, {D you know, } {F uh, } - /","I/PRP ,/, I/PRP ca/MD n't/RB see/VB ,/, I/PRP ca/MD n't/RB see/VB how/WRB we/PRP can/MD expect/VB the/DT ,/, you/PRP know/VBP ,/, uh/UH ,/, uh/UH ,/, people/NNS working/VBG in/IN the/DT ,/, in/IN ,/, in/IN America/NNP to/TO ,/, uh/UH ,/, to/TO put/VB any/DT trust/NN into/IN our/PRP$ political/JJ officials/NNS if/IN they/PRP do/VBP n't/RB ,/, you/PRP know/VBP ,/, uh/UH ,/,",,,275.5,290.1
sw11utt/sw_1106_3662.utt,3/sw3662,3662,118,sv,B,70,3,"just doesn't make sense [ [ to have them <throat_clearing> i-, + to, ] + to ] worry about legislation unless they're doing that themselves. /","just/RB does/VBZ n't/RB make/VB sense/NN to/TO have/VB them/PRP i-/IN ,/, to/TO ,/, to/TO worry/VB about/IN legislation/NN unless/IN they/PRP 're/VBP doing/VBG that/DT themselves/PRP ./.",,,290.1,298.3
