swda_filename,ptb_basename,conversation_no,transcript_index,act_tag,caller,utterance_index,subutterance_index,text,pos,trees,ptb_treenumbers,start_ts,end_ts
sw04utt/sw_0434_3809.utt,3/sw3809,3809,0,o,A,1,1,Okay.  /,Okay/UH ./.,(INTJ (UH Okay) (. .) (-DFL- E_S)),1,0.14,0.62
sw04utt/sw_0434_3809.utt,3/sw3809,3809,1,sv,A,1,2,"You probably, {F uh, } more up on this subject than I am,  /","[ You/PRP ] probably/RB ,/,  [ uh/UH ] ,/, more/RBR up/JJ on/IN  [ this/DT subject/NN ] than/IN  [ I/PRP ] am/VBP ,/,","(S (NP-SBJ (PRP You)) (ADVP (RB probably)) (, ,) (INTJ (UH uh)) (, ,) (ADJP-PRD (ADJP (RBR more) (JJ up) (PP (IN on) (NP (DT this) (NN subject)))) (SBAR (IN than) (S (NP-SBJ (PRP I)) (VP (VBP am) (ADJP-PRD (-NONE- *?*)))))) (, ,) (-DFL- E_S))",2,0.88,3.44
sw04utt/sw_0434_3809.utt,3/sw3809,3809,2,%,A,1,3,"{C but, }  the roles that --","but/CC ,/,  [ the/DT roles/NNS ] that/WDT --/:","(FRAG (CC but) (, ,) (NP (NP (DT the) (NNS roles)) (SBAR (WHNP-1 (WDT that)) (S (NP-SBJ (NNS women)) (VP (VBP have) (VP (VBN played) (NP (-NONE- *T*-1)) (PP-TMP (IN in) (NP (NP (DT the) (JJ last) (EDITED (RM (-DFL- \[)) (XX pup-) (, ,) (IP (-DFL- \+)) (RS (-DFL- \]))) (EDITED (RM (-DFL- \[)) (NN couple) (PP (IN of) (NP (NN year))) (PP (IN in) (NP-UNF (PRP$ our))) (, ,) (IP (-DFL- \+)) (CC or)) (NN couple)) (PP (IN of) (NP (NNS generations)))))))))) (. .) (RS (-DFL- \])) (-DFL- N_S))",3,3.44,5.86
sw04utt/sw_0434_3809.utt,3/sw3809,3809,3,%,B,2,1,"That, -/","[ That/DT ] ,/,","(S-UNF (NP-SBJ (DT That)) (, ,) (-DFL- N_S))",5,6.16,6.42
sw04utt/sw_0434_3809.utt,3/sw3809,3809,4,+,A,3,1,"-- women have played in the last [ pup-, + ] [ couple of year in our, +  {C or } couple of generations.  ] -/","--/:  [ women/NNS ] have/VBP played/VBN in/IN  [ the/DT last/JJ pup-/XX ] ,/,  [ couple/NN ] of/IN  [ year/NN ] in/IN  [ our/PRP$ ] ,/, or/CC  [ couple/NN ] of/IN  [ generations/NNS ] ./.","(FRAG (CC but) (, ,) (NP (NP (DT the) (NNS roles)) (SBAR (WHNP-1 (WDT that)) (S (NP-SBJ (NNS women)) (VP (VBP have) (VP (VBN played) (NP (-NONE- *T*-1)) (PP-TMP (IN in) (NP (NP (DT the) (JJ last) (EDITED (RM (-DFL- \[)) (XX pup-) (, ,) (IP (-DFL- \+)) (RS (-DFL- \]))) (EDITED (RM (-DFL- \[)) (NN couple) (PP (IN of) (NP (NN year))) (PP (IN in) (NP-UNF (PRP$ our))) (, ,) (IP (-DFL- \+)) (CC or)) (NN couple)) (PP (IN of) (NP (NNS generations)))))))))) (. .) (RS (-DFL- \])) (-DFL- N_S))",3,6.68,10.22
sw04utt/sw_0434_3809.utt,3/sw3809,3809,5,b,B,4,1,Right.  /,[ Right/UH ] ./.,(INTJ (UH Right) (. .) (-DFL- E_S)),8,10.4,10.9
sw04utt/sw_0434_3809.utt,3/sw3809,3809,6,sv,B,4,2,"{D Well, } they've entered the work force more, {F uh, } {D you know,  }  since World War Two is when they started. /","Well/UH ,/,  [ they/PRP ] 've/VBP entered/VBN  [ the/DT work/NN force/NN ] more/JJR ,/,  [ uh/UH ] ,/,  [ you/PRP ] know/VBP ,/, since/IN  [ World/NNP War/NNP Two/CD ] is/VBZ when/WRB  [ they/PRP ] started/VBD ./.","(S (INTJ (UH Well)) (, ,) (S-SBJ (NP-SBJ (PRP they)) (VP (VBP 've) (VP (VBN entered) (NP (DT the) (NN work) (NN force)) (ADVP (JJR more)) (, ,) (INTJ (UH uh)) (PRN (, ,) (S (NP-SBJ (PRP you)) (VP (VBP know))) (, ,)) (PP-TMP (IN since) (NP (NNP World) (NNP War) (CD Two)))))) (VP (VBZ is) (SBAR-TMP-PRD (WHADVP-1 (WRB when)) (S (NP-SBJ (PRP they)) (VP (VBD started) (ADVP-TMP (-NONE- *T*-1)))))) (. .) (-DFL- E_S))",9,11.7,16.68
sw04utt/sw_0434_3809.utt,3/sw3809,3809,7,aa,A,5,1,You bet. /,[ You/PRP ] bet/VBP ./.,(S (NP-SBJ (PRP You)) (VP (VBP bet)) (. .) (-DFL- E_S)),11,16.8,17.24
sw04utt/sw_0434_3809.utt,3/sw3809,3809,8,sv,B,6,1,"{C And, }  {F uh, } I think that that is, {D you know, } very significant that the percentage of the work force today consists of such a high percent of women. /","And/CC ,/,  [ uh/UH ] ,/,  [ I/PRP ] think/VBP that/IN  [ that/DT ] is/VBZ ,/,  [ you/PRP ] know/VBP ,/, very/RB significant/JJ that/IN  [ the/DT percentage/NN ] of/IN  [ the/DT work/NN force/NN today/NN ] consists/VBZ of/IN  [ such/PDT a/DT high/JJ percent/NN ] of/IN  [ women/NNS ] ./.","(S (CC And) (, ,) (INTJ (UH uh)) (, ,) (NP-SBJ (PRP I)) (VP (VBP think) (SBAR (IN that) (S (NP-SBJ (DT that)) (VP (VBZ is) (PRN (, ,) (S (NP-SBJ (PRP you)) (VP (VBP know))) (, ,)) (ADJP-PRD (RB very) (JJ significant)) (SBAR-TPC (IN that) (S (NP-SBJ (NP (DT the) (NN percentage)) (PP (IN of) (NP (DT the) (NN work) (NN force))) (NP-TMP (NN today))) (VP (VBZ consists) (PP (IN of) (NP (NP (PDT such) (DT a) (JJ high) (NN percent)) (PP (IN of) (NP (NNS women)))))))))))) (. .) (-DFL- E_S))",13,17.36,26.099999999999998
sw04utt/sw_0434_3809.utt,3/sw3809,3809,9,aa,A,7,1,You bet.  /,[ You/PRP ] bet/VBP ./.,(S (NP-SBJ (PRP You)) (VP (VBP bet)) (. .) (-DFL- E_S)),11,27.42,27.86
sw04utt/sw_0434_3809.utt,3/sw3809,3809,10,%,A,7,2,"{D You know, } where I've noticed it more, I think, is, - /","[ You/PRP ] know/VBP ,/, where/WRB  [ I/PRP ] 've/VBP noticed/VBN  [ it/PRP ] more/RBR ,/,  [ I/PRP ] think/VBP ,/, is/VBZ ,/,","(S-2 (PRN (S (NP-SBJ (PRP You)) (VP (VBP know))) (, ,)) (SBAR-SBJ (WHADVP-1 (WRB where)) (S (NP-SBJ (PRP I)) (VP (VBP 've) (VP (VBN noticed) (NP (PRP it)) (ADVP (RBR more)) (ADVP-LOC (-NONE- *T*-1)))))) (PRN (, ,) (S (NP-SBJ (PRP I)) (VP (VBP think) (SBAR (-NONE- 0) (S (-NONE- *T*-2))))) (, ,)) (VP-UNF (VBZ is)) (, ,) (-DFL- N_S))",16,28.3,30.099999999999998
sw04utt/sw_0434_3809.utt,3/sw3809,3809,11,sd,A,7,3,I'm a traveling salesperson  /,[ I/PRP ] 'm/VBP  [ a/DT traveling/VBG salesperson/NN ],(S (NP-SBJ (PRP I)) (VP (VBP 'm) (NP-PRD (DT a) (VBG traveling) (NN salesperson))) (-DFL- E_S)),17,30.66,32.56
sw04utt/sw_0434_3809.utt,3/sw3809,3809,12,sd,A,7,4,{C and } I have traveled most of my life  /,and/CC  [ I/PRP ] have/VBP traveled/VBN  [ most/JJS ] of/IN  [ my/PRP$ life/NN ],(S (CC and) (NP-SBJ (PRP I)) (VP (VBP have) (VP (VBN traveled) (NP-TMP (NP (JJS most)) (PP (IN of) (NP (PRP$ my) (NN life)))))) (-DFL- E_S)),18,32.56,35.06
sw04utt/sw_0434_3809.utt,3/sw3809,3809,13,sd,A,7,5,"{C and } I know just especially in the last, {F oh, } ten years and really since, - /","and/CC  [ I/PRP ] know/VBP just/RB especially/RB in/IN  [ the/DT last/JJ ] ,/, oh/UH ,/,  [ ten/CD years/NNS ] and/CC really/RB since/IN ,/,","(S (CC and) (NP-SBJ (PRP I)) (VP (VBP know) (SBAR (-NONE- 0) (S (PP-TMP (PP (ADVP (RB just)) (ADVP (RB especially)) (IN in) (NP (DT the) (JJ last) (, ,) (INTJ (UH oh)) (, ,) (CD ten) (NNS years))) (CC and) (ADVP (RB really)) (EDITED (PP-UNF (IN since)) (, ,)) (-DFL- N_S) (PP (IN in) (NP (DT the) (JJ last) (QP (NN half) (IN of) (NN dozen)) (NNS years)))) (NP-SBJ (PRP I)) (VP (VB see) (S (NP-SBJ (ADJP (JJR more) (CC and) (JJR more)) (NNS women)) (VP (VBG traveling))))))) (. .) (-DFL- E_S))",19,35.06,40.08
sw04utt/sw_0434_3809.utt,3/sw3809,3809,14,sd,A,7,6,in the last half of dozen years I see more and more women traveling. /,in/IN  [ the/DT last/JJ half/NN ] of/IN  [ dozen/NN years/NNS I/PRP ] see/VB  [ more/JJR ] and/CC  [ more/JJR women/NNS ] traveling/VBG ./.,"(S (CC and) (NP-SBJ (PRP I)) (VP (VBP know) (SBAR (-NONE- 0) (S (PP-TMP (PP (ADVP (RB just)) (ADVP (RB especially)) (IN in) (NP (DT the) (JJ last) (, ,) (INTJ (UH oh)) (, ,) (CD ten) (NNS years))) (CC and) (ADVP (RB really)) (EDITED (PP-UNF (IN since)) (, ,)) (-DFL- N_S) (PP (IN in) (NP (DT the) (JJ last) (QP (NN half) (IN of) (NN dozen)) (NNS years)))) (NP-SBJ (PRP I)) (VP (VB see) (S (NP-SBJ (ADJP (JJR more) (CC and) (JJR more)) (NNS women)) (VP (VBG traveling))))))) (. .) (-DFL- E_S))",19,40.08,44.08
sw04utt/sw_0434_3809.utt,3/sw3809,3809,15,b,B,8,1,Right. /,[ Right/UH ] ./.,(INTJ (UH Right) (. .) (-DFL- E_S)),8,44.08,44.26
sw04utt/sw_0434_3809.utt,3/sw3809,3809,16,sd,A,9,1,"{D You know, } as far as boarding planes and driving cars and calling on customers.  /","[ You/PRP ] know/VBP ,/, as/RB far/RB as/IN boarding/VBG  [ planes/NNS ] and/CC  [ driving/VBG cars/NNS ] and/CC calling/VBG on/IN  [ customers/NNS ] ./.","(FRAG (PRN (S (NP-SBJ (PRP You)) (VP (VBP know))) (, ,)) (ADVP (ADVP (RB as) (RB far)) (PP (IN as) (S-NOM (NP-SBJ (-NONE- *)) (VP (VP (VBG boarding) (NP (NNS planes))) (CC and) (VP (VBG driving) (NP (NNS cars))) (CC and) (VP (VBG calling) (PP (IN on) (NP (NNS customers)))))))) (. .) (-DFL- E_S))",23,44.92,49.5
sw04utt/sw_0434_3809.utt,3/sw3809,3809,17,sd,A,9,2,I sell sporting goods  /,[ I/PRP ] sell/VBP sporting/NN  [ goods/NNS ],(S (NP-SBJ (PRP I)) (VP (VBP sell) (NP (NN sporting) (NNS goods))) (-DFL- E_S)),24,49.98,51.18
sw04utt/sw_0434_3809.utt,3/sw3809,3809,18,sd,A,9,3,"{C and } even in our industry, {F uh, } there was virtually, really and truly no women as far as selling the type of things I sell  /","and/CC even/RB in/IN  [ our/PRP$ industry/NN ] ,/,  [ uh/UH ] ,/,  [ there/EX ] was/VBD virtually/RB ,/, really/RB and/CC truly/RB  [ no/DT women/NNS ] as/RB far/RB as/IN selling/VBG  [ the/DT type/NN ] of/IN  [ things/NNS I/PRP ] sell/VBP","(S (CC and) (PP-LOC (ADVP (RB even)) (IN in) (NP (PRP$ our) (NN industry))) (, ,) (INTJ (UH uh)) (, ,) (NP-SBJ (EX there)) (VP (VBD was) (EDITED (ADVP (RB virtually)) (, ,)) (ADVP (RB really) (CC and) (RB truly)) (NP-PRD (DT no) (NNS women)) (ADVP (ADVP (RB as) (RB far)) (PP (IN as) (S-NOM (NP-SBJ (-NONE- *)) (VP (VBG selling) (NP (NP (DT the) (NN type)) (PP (IN of) (NP (NNS things))) (SBAR (WHNP-1 (-NONE- 0)) (S (NP-SBJ (PRP I)) (VP (VBP sell) (NP (-NONE- *T*-1))))))))))) (-DFL- E_S))",25,51.18,58.9
sw04utt/sw_0434_3809.utt,3/sw3809,3809,19,sd,A,9,4,"{C and } even in the last five or six years, boy we see more and more women being  involved  /","and/CC even/RB in/IN  [ the/DT last/JJ five/CD ] or/CC  [ six/CD years/NNS ] ,/,  [ boy/UH ] [ we/PRP ] see/VBP  [ more/JJR ] and/CC  [ more/JJR women/NNS ] being/VBG involved/JJ","(S (CC and) (PP-TMP (ADVP (RB even)) (IN in) (NP (DT the) (JJ last) (QP (CD five) (CC or) (CD six)) (NNS years))) (, ,) (INTJ (UH boy)) (NP-SBJ (PRP we)) (VP (VBP see) (S (NP-SBJ (ADJP (JJR more) (CC and) (JJR more)) (NNS women)) (VP (VBG being) (ADJP-PRD (JJ involved))))) (-DFL- E_S))",26,59.5,63.74
sw04utt/sw_0434_3809.utt,3/sw3809,3809,20,sd,A,9,5,"{C and, } {D you know, } [ it's a, + it's  a ] credit to them as far as how they're doing <laughter> things. /","and/CC ,/,  [ you/PRP ] know/VBP ,/,  [ it/PRP ] 's/BES  [ a/DT ] ,/,  [ it/PRP ] 's/BES  [ a/DT credit/NN ] to/IN  [ them/PRP ] as/RB far/RB as/IN how/WRB  [ they/PRP ] 're/VBP doing/VBG  [ things/NNS ] ./.","(S (CC and) (PRN (, ,) (S (NP-SBJ (PRP you)) (VP (VBP know))) (, ,)) (EDITED (RM (-DFL- \[)) (S (NP-SBJ (PRP it)) (VP (BES 's) (NP-PRD-UNF (DT a)))) (, ,) (IP (-DFL- \+))) (NP-SBJ (PRP it)) (VP (BES 's) (NP-PRD (NP (DT a) (RS (-DFL- \])) (NN credit)) (PP (IN to) (NP (PRP them)))) (ADVP (ADVP (RB as) (RB far)) (PP (IN as) (SBAR (WHADVP-1 (WRB how)) (S (NP-SBJ (PRP they)) (VP (VBP 're) (VP (VBG doing) (NP (NNS things)) (ADVP-MNR (-NONE- *T*-1))))))))) (. .) (-DFL- E_S))",27,63.82,68.61999999999999
sw04utt/sw_0434_3809.utt,3/sw3809,3809,21,aa,B,10,1,"Yeah,  /","Yeah/UH ,/,","(INTJ (UH Yeah) (, ,) (-DFL- E_S))",29,70.06,70.4
sw04utt/sw_0434_3809.utt,3/sw3809,3809,22,%,B,10,2,"the, - /","[ the/DT ] ,/,","(S (NP-SBJ-UNF (DT the)) (, ,) (-DFL- N_S))",30,70.58,70.82
sw04utt/sw_0434_3809.utt,3/sw3809,3809,23,sv,B,10,3,"[ you see more of that, + you see more of them, ]  {F uh, } leaving their children in the care of their husbands while they do travel, too. /","[ you/PRP ] see/VBP more/JJR of/IN  [ that/DT ] ,/,  [ you/PRP ] see/VBP  [ more/JJR ] of/IN  [ them/PRP ] ,/,  [ uh/UH ] ,/, leaving/VBG  [ their/PRP$ children/NNS ] in/IN  [ the/DT care/NN ] of/IN  [ their/PRP$ husbands/NNS ] while/IN  [ they/PRP ] do/VBP travel/VB ,/, too/RB ./.","(S (EDITED (RM (-DFL- \[)) (S (NP-SBJ (PRP you)) (VP (VBP see) (NP (NP (JJR more)) (PP (IN of) (NP (DT that)))))) (, ,) (IP (-DFL- \+))) (NP-SBJ (PRP you)) (VP (VBP see) (S (NP-SBJ (NP (JJR more)) (PP (IN of) (NP (PRP them)))) (, ,) (RS (-DFL- \])) (INTJ (UH uh)) (, ,) (VP (VBG leaving) (NP (PRP$ their) (NNS children)) (PP (IN in) (NP (NP (DT the) (NN care)) (PP (IN of) (NP (PRP$ their) (NNS husbands))))) (SBAR-TMP (IN while) (S (NP-SBJ (PRP they)) (VP (VBP do) (VP (VB travel) (, ,) (ADVP (RB too))))))))) (. .) (-DFL- E_S))",31,70.82,76.98
sw04utt/sw_0434_3809.utt,3/sw3809,3809,24,aa,A,11,1,You bet. /,[ You/PRP ] bet/VBP ./.,(S (NP-SBJ (PRP You)) (VP (VBP bet)) (. .) (-DFL- E_S)),11,77.14,77.58
sw04utt/sw_0434_3809.utt,3/sw3809,3809,25,sd,B,12,1,"{D You know, } [ [ I, + I ] go to a, + I have a club that ] I belong to  (( on Tuesday ))  that, - /","[ You/PRP ] know/VBP ,/,  [ I/PRP ] ,/,  [ I/PRP ] go/VBP to/IN  [ a/DT ] ,/,  [ I/PRP ] have/VBP  [ a/DT club/NN ] that/WDT  [ I/PRP ] belong/VBP to/IN on/IN  [ Tuesday/NNP ] that/WDT ,/,","(S (PRN (S (NP-SBJ (PRP You)) (VP (VBP know))) (, ,)) (EDITED (RM (-DFL- \[)) (EDITED (RM (-DFL- \[)) (NP-SBJ (PRP I)) (, ,) (IP (-DFL- \+))) (S (NP-SBJ (PRP I)) (RS (-DFL- \])) (VP (VBP go) (PP-DIR (IN to) (NP-UNF (DT a))))) (, ,) (IP (-DFL- \+))) (NP-SBJ (PRP I)) (VP (VBP have) (NP (NP (DT a) (NN club)) (SBAR (WHNP-1 (WDT that)) (RS (-DFL- \])) (S (NP-SBJ (PRP I)) (VP (VBP belong) (PP (IN to) (NP (-NONE- *T*-1))) (PP-TMP (IN on) (NP (NNP Tuesday)))))) (SBAR-UNF (WHNP (WDT that))))) (, ,) (-DFL- N_S))",35,77.96,81.92
sw04utt/sw_0434_3809.utt,3/sw3809,3809,26,sd,B,12,2,"{D you know, } one of the girls travels quite extensively  /","[ you/PRP ] know/VBP ,/,  [ one/CD ] of/IN  [ the/DT girls/NNS ] travels/VBZ quite/RB extensively/RB","(S (PRN (S (NP-SBJ (PRP you)) (VP (VBP know))) (, ,)) (NP-SBJ (NP (CD one)) (PP (IN of) (NP (DT the) (NNS girls)))) (VP (VBZ travels) (ADVP-MNR (RB quite) (RB extensively))) (-DFL- E_S))",36,82.62,85.02000000000001
sw04utt/sw_0434_3809.utt,3/sw3809,3809,27,sd(^q),B,12,3,"{C and } she says, {D well, } my children have two parents.  /","and/CC  [ she/PRP ] says/VBZ ,/, well/UH ,/,  [ my/PRP$ children/NNS ] have/VBP  [ two/CD parents/NNS ] ./.","(S (CC and) (NP-SBJ (PRP she)) (VP (VBZ says) (, ,) (S-SEZ (INTJ (UH well)) (, ,) (NP-SBJ (PRP$ my) (NNS children)) (VP (VBP have) (NP (CD two) (NNS parents))))) (. .) (-DFL- E_S))",37,85.02,86.84
sw04utt/sw_0434_3809.utt,3/sw3809,3809,28,qh,B,12,4,"{D You know, } why not <laughter>. /","[ You/PRP ] know/VBP ,/, why/WRB not/RB ./.","(FRAG (PRN (S (NP-SBJ (PRP You)) (VP (VBP know))) (, ,)) (WHADVP (WRB why)) (RB not) (. .) (-DFL- E_S))",38,87.46,88.44
sw04utt/sw_0434_3809.utt,3/sw3809,3809,29,aa,A,13,1,You bet.  /,[ You/PRP ] bet/VBP ./.,(S (NP-SBJ (PRP You)) (VP (VBP bet)) (. .) (-DFL- E_S)),11,88.74,89.1
sw04utt/sw_0434_3809.utt,3/sw3809,3809,30,ba,A,13,2,That's sort of neat. /,[ That/DT ] 's/BES  [ sort/RB ] of/RB  [ neat/JJ ] ./.,(S (NP-SBJ (DT That)) (VP (BES 's) (ADVP (RB sort) (RB of)) (ADJP-PRD (JJ neat))) (. .) (-DFL- E_S)),41,89.1,89.8
sw04utt/sw_0434_3809.utt,3/sw3809,3809,31,sv,B,14,1,"{C So } [ [ that, + that's ] a, + I think that's a ] change  /","So/RB  [ that/DT ] ,/,  [ that/DT ] 's/BES  [ a/DT ] ,/,  [ I/PRP ] think/VBP  [ that/DT ] 's/BES  [ a/DT change/NN ]","(S (RB So) (EDITED (RM (-DFL- \[)) (EDITED (RM (-DFL- \[)) (NP-SBJ (DT that)) (, ,) (IP (-DFL- \+))) (S (NP-SBJ (DT that)) (VP (BES 's) (RS (-DFL- \])) (NP-PRD-UNF (DT a)))) (, ,) (IP (-DFL- \+))) (NP-SBJ (PRP I)) (VP (VBP think) (SBAR (-NONE- 0) (S (NP-SBJ (DT that)) (VP (BES 's) (NP-PRD (DT a) (RS (-DFL- \])) (NN change)))))) (-DFL- E_S))",43,89.8,92.36
sw04utt/sw_0434_3809.utt,3/sw3809,3809,32,sv,B,14,2,"{C and } I think that's a change you're going to be seeing more of [ in the, + in the ] future,  people having that kind of attitude that the father's going to take more active role in child rearing. /","and/CC  [ I/PRP ] think/VBP  [ that/DT ] 's/BES  [ a/DT change/NN ] [ you/PRP ] 're/VBP going/VBG to/TO be/VB seeing/VBG more/JJR of/IN in/IN  [ the/DT ] ,/, in/IN  [ the/DT future/NN ] ,/,  [ people/NNS ] having/VBG  [ that/DT kind/NN ] of/IN  [ attitude/NN ] that/IN  [ the/DT father/NN ] 's/BES going/VBG to/TO take/VB  [ more/JJR active/JJ role/NN ] in/IN  [ child/NN rearing/NN ] ./.","(S (CC and) (NP-SBJ (PRP I)) (VP (VBP think) (SBAR (-NONE- 0) (S (NP-SBJ (DT that)) (VP (BES 's) (NP-PRD (NP (DT a) (NN change)) (SBAR (WHNP-2 (-NONE- 0)) (S (NP-SBJ-1 (PRP you)) (VP (VBP 're) (VP (VBG going) (S (NP-SBJ (-NONE- *-1)) (VP (TO to) (VP (VB be) (VP (VBG seeing) (NP (NP (JJR more)) (PP (IN of) (NP (-NONE- *T*-2)))) (EDITED (RM (-DFL- \[)) (PP-TMP (IN in) (NP-UNF (DT the))) (, ,) (IP (-DFL- \+))) (PP-TMP (IN in) (NP (DT the) (RS (-DFL- \])) (NN future))))))))))) (, ,) (S-NOM (NP-SBJ (NNS people)) (VP (VBG having) (NP (NP (DT that) (NN kind)) (PP (IN of) (NP (NP (NN attitude)) (SBAR (IN that) (S (NP-SBJ-3 (DT the) (NN father)) (VP (BES 's) (VP (VBG going) (S (NP-SBJ (-NONE- *-3)) (VP (TO to) (VP (VB take) (NP (NP (ADJP (JJR more) (JJ active)) (NN role)) (PP (IN in) (NP (NN child) (NN rearing))))))))))))))))))))) (. .) (-DFL- E_S))",44,92.36,99.98
sw04utt/sw_0434_3809.utt,3/sw3809,3809,33,aa,A,15,1,Sure.  /,[ Sure/UH ] ./.,(INTJ (UH Sure) (. .) (-DFL- E_S)),46,99.98,100.32000000000001
sw04utt/sw_0434_3809.utt,3/sw3809,3809,34,sv,A,15,2,"I think, {F uh, } it's the age old thing,  /","[ I/PRP ] think/VBP ,/, uh/UH ,/,  [ it/PRP ] 's/BES  [ the/DT age/NN old/JJ thing/NN ] ,/,","(S (NP-SBJ (PRP I)) (VP (VBP think) (, ,) (INTJ (UH uh)) (, ,) (SBAR (-NONE- 0) (S (NP-SBJ (PRP it)) (VP (BES 's) (NP-PRD (DT the) (ADJP (NN age) (JJ old)) (NN thing)))))) (, ,) (-DFL- E_S))",47,100.88,103.32000000000001
sw04utt/sw_0434_3809.utt,3/sw3809,3809,35,sv,A,15,3,"every once in a while you read in the newspaper  or you'll see it on T V  or something where the discussion comes out that, {D you know, } women are paid less than men  /","[ every/DT ] once/RB in/IN  [ a/DT while/NN ] [ you/PRP ] read/VBP in/IN  [ the/DT newspaper/NN ] or/CC  [ you/PRP ] 'll/MD see/VB  [ it/PRP ] on/IN  [ T/NN V/NN ] or/CC  [ something/NN ] where/WRB  [ the/DT discussion/NN ] comes/VBZ out/RP  [ that/DT ] ,/,  [ you/PRP ] know/VBP ,/,  [ women/NNS ] are/VBP paid/VBN less/JJR than/IN  [ men/NNS ]","(S (ADVP-TMP (DT every) (RB once) (PP (IN in) (NP (DT a) (NN while)))) (S (NP-SBJ (PRP you)) (VP (VBP read) (PP (IN in) (NP (DT the) (NN newspaper))) (SBAR (-NONE- *RNR*-3)))) (CC or) (S (NP-SBJ (PRP you)) (VP (MD 'll) (VP (VB see) (NP (PRP it)) (PP (IN on) (NP (NP (NN T) (NN V)) (CC or) (NP (NN something)))) (SBAR (-NONE- *RNR*-3))))) (SBAR-3 (WHADVP-2 (WRB where)) (S (NP-SBJ (DT the) (NN discussion)) (VP (VBZ comes) (ADVP (RP out)) (SBAR (DT that) (PRN (, ,) (S (NP-SBJ (PRP you)) (VP (VBP know))) (, ,)) (S (NP-SBJ-1 (NNS women)) (VP (VBP are) (VP (VBN paid) (NP (-NONE- *-1)) (NP (NP (JJR less)) (PP (IN than) (NP (NNS men)))))))) (ADVP (-NONE- *T*-2))))) (-DFL- E_S))",48,103.32,111.22
sw04utt/sw_0434_3809.utt,3/sw3809,3809,36,sv,A,15,4,"[ {C and } they're, + {C and } they're ] doing the same, {F uh, } or carrying the same job responsibility -- /","and/CC  [ they/PRP ] 're/VBP ,/, and/CC  [ they/PRP ] 're/VBP doing/VBG  [ the/DT same/JJ ] ,/,  [ uh/UH ] ,/, or/CC carrying/VBG  [ the/DT same/JJ job/NN responsibility/NN ] --/:","(S (EDITED (RM (-DFL- \[)) (S (CC and) (NP-SBJ (PRP they)) (VP-UNF (VBP 're))) (, ,) (IP (-DFL- \+))) (CC and) (NP-SBJ (PRP they)) (VP (VBP 're) (RS (-DFL- \])) (EDITED (VP (VBG doing) (NP-UNF (DT the) (JJ same) (, ,) (INTJ (UH uh)))) (, ,) (CC or)) (VP (VBG carrying) (NP (DT the) (JJ same) (NN job) (NN responsibility)))) (-DFL- E_S))",49,111.22,115.12
sw04utt/sw_0434_3809.utt,3/sw3809,3809,37,b,B,16,1,Right. /,[ Right/UH ] ./.,(INTJ (UH Right) (. .) (-DFL- E_S)),8,115.12,115.38000000000001
sw04utt/sw_0434_3809.utt,3/sw3809,3809,38,sv,A,17,1,"-- {C and, } {D you know, } [ I, + that's ]  a very true statement  /","--/: and/CC ,/,  [ you/PRP ] know/VBP ,/,  [ I/PRP ] ,/,  [ that/DT ] 's/BES  [ a/DT very/RB true/JJ statement/NN ]","(S (CC and) (PRN (, ,) (S (NP-SBJ (PRP you)) (VP (VBP know))) (, ,)) (EDITED (RM (-DFL- \[)) (NP-SBJ (PRP I)) (, ,) (IP (-DFL- \+))) (NP-SBJ (DT that)) (VP (BES 's) (RS (-DFL- \])) (NP-PRD (DT a) (ADJP (RB very) (JJ true)) (NN statement))) (-DFL- E_S))",53,115.38,117.42
sw04utt/sw_0434_3809.utt,3/sw3809,3809,39,sv,A,17,2,"{C  and } [ it shouldn't, + {F uh, } it shouldn't ] be that way.","and/CC  [ it/PRP ] should/MD n't/RB ,/,  [ uh/UH ] ,/,  [ it/PRP ] should/MD n't/RB be/VB  [ that/DT way/NN ] ./.","(S (CC and) (EDITED (RM (-DFL- \[)) (S (NP-SBJ (PRP it)) (VP-UNF (MD should) (RB n't))) (, ,) (IP (-DFL- \+))) (INTJ (UH uh)) (, ,) (NP-SBJ (PRP it)) (VP (MD should) (RB n't) (RS (-DFL- \])) (VP (VB be) (NP-MNR-PRD (DT that) (NN way)) (PRN (. .) (S (NP-SBJ (PRP You)) (VP (VBP know)))))) (. .) (-DFL- E_S))",54,117.96,120.22
sw04utt/sw_0434_3809.utt,3/sw3809,3809,40,aa,B,18,1,No. /,[ No/UH ] ./.,(INTJ (UH No) (. .) (-DFL- E_S)),56,120.46,120.66
sw04utt/sw_0434_3809.utt,3/sw3809,3809,41,+,A,19,1,{D You know. } /,[ You/PRP ] know/VBP ./.,"(S (CC and) (EDITED (RM (-DFL- \[)) (S (NP-SBJ (PRP it)) (VP-UNF (MD should) (RB n't))) (, ,) (IP (-DFL- \+))) (INTJ (UH uh)) (, ,) (NP-SBJ (PRP it)) (VP (MD should) (RB n't) (RS (-DFL- \])) (VP (VB be) (NP-MNR-PRD (DT that) (NN way)) (PRN (. .) (S (NP-SBJ (PRP You)) (VP (VBP know)))))) (. .) (-DFL- E_S))",54,120.66,120.8
sw04utt/sw_0434_3809.utt,3/sw3809,3809,42,sv,B,20,1,"[ That, + that ] I think [ should change, + will change ] in the near future also. /","That/DT ,/, that/DT  [ I/PRP ] think/VBP should/MD change/VB ,/, will/MD change/VB in/IN  [ the/DT near/JJ future/NN ] also/RB ./.","(S-1 (EDITED (RM (-DFL- \[)) (NP-SBJ (DT That)) (, ,) (IP (-DFL- \+))) (NP-SBJ (DT that)) (RS (-DFL- \])) (PRN (S (NP-SBJ (PRP I)) (VP (VBP think) (SBAR (-NONE- 0) (S (-NONE- *T*-1)))))) (EDITED (RM (-DFL- \[)) (VP (MD should) (VP-UNF (VB change))) (, ,) (IP (-DFL- \+))) (VP (MD will) (VP (VB change) (RS (-DFL- \])) (PP-TMP (IN in) (NP (DT the) (JJ near) (NN future))) (ADVP (RB also)))) (. .) (-DFL- E_S))",59,120.96,124.58
sw04utt/sw_0434_3809.utt,3/sw3809,3809,43,sv,A,21,1,"I [ think so, + hope so, ]  /","[ I/PRP ] think/VBP so/RB ,/, hope/VBP so/RB ,/,","(S (NP-SBJ (PRP I)) (EDITED (RM (-DFL- \[)) (VP (VBP think) (ADVP (RB so))) (, ,) (IP (-DFL- \+))) (VP (VBP hope) (ADVP (RB so))) (, ,) (RS (-DFL- \])) (-DFL- E_S))",61,124.58,125.6
sw04utt/sw_0434_3809.utt,3/sw3809,3809,44,%,A,21,2,"a-, -/","[ a-/XX ] ,/,","(X (XX a-) (, ,) (-DFL- N_S))",62,0.0,0.0
sw04utt/sw_0434_3809.utt,3/sw3809,3809,45,sv,B,22,1,"It's been changing,  /","[ It/PRP ] 's/HVS been/VBN changing/VBG ,/,","(S (NP-SBJ (PRP It)) (VP (HVS 's) (VP (VBN been) (VP (VBG changing)))) (, ,) (-DFL- E_S))",64,125.6,126.66
sw04utt/sw_0434_3809.utt,3/sw3809,3809,46,sv,B,22,2,"it's been evolving,  /","[ it/PRP ] 's/HVS been/VBN evolving/VBG ,/,","(S (NP-SBJ (PRP it)) (VP (HVS 's) (VP (VBN been) (VP (VBG evolving)))) (, ,) (-DFL- E_S))",65,126.66,127.44
sw04utt/sw_0434_3809.utt,3/sw3809,3809,47,sv,B,22,3,"{C but } there's still [ [ a, + an, ] + an ] inequality in the --","but/CC  [ there/EX ] 's/BES still/RB  [ a/DT ] ,/,  [ an/DT ] ,/,  [ an/DT inequality/NN ] in/IN  [ the/DT ] --/:","(S (CC but) (NP-SBJ (EX there)) (VP (BES 's) (ADVP-TMP (RB still)) (EDITED (RM (-DFL- \[)) (EDITED (RM (-DFL- \[)) (NP-PRD-UNF (DT a)) (, ,) (IP (-DFL- \+))) (NP-PRD-UNF (DT an)) (, ,) (RS (-DFL- \])) (IP (-DFL- \+))) (NP-PRD (NP (DT an) (RS (-DFL- \])) (NN inequality)) (PP (IN in) (NP (DT the) (NX (NX (NN work) (NNS forces)) (CC or) (NX (NNS jobs))))))) (. .) (-DFL- E_S))",66,127.44,131.57999999999998
sw04utt/sw_0434_3809.utt,3/sw3809,3809,48,aa,A,23,1,Absolutely. /,Absolutely/UH ./.,(INTJ (UH Absolutely) (. .) (-DFL- E_S)),68,131.58,131.98000000000002
sw04utt/sw_0434_3809.utt,3/sw3809,3809,49,+,B,24,1,-- work forces or jobs.  /,--/:  [ work/NN forces/NNS ] or/CC  [ jobs/NNS ] ./.,"(S (CC but) (NP-SBJ (EX there)) (VP (BES 's) (ADVP-TMP (RB still)) (EDITED (RM (-DFL- \[)) (EDITED (RM (-DFL- \[)) (NP-PRD-UNF (DT a)) (, ,) (IP (-DFL- \+))) (NP-PRD-UNF (DT an)) (, ,) (RS (-DFL- \])) (IP (-DFL- \+))) (NP-PRD (NP (DT an) (RS (-DFL- \])) (NN inequality)) (PP (IN in) (NP (DT the) (NX (NX (NN work) (NNS forces)) (CC or) (NX (NNS jobs))))))) (. .) (-DFL- E_S))",66,132.18,133.74
sw04utt/sw_0434_3809.utt,3/sw3809,3809,50,%,B,24,2,"It's, {D you know, } -/","[ It/PRP ] 's/BES ,/,  [ you/PRP ] know/VBP ,/,","(S (NP-SBJ (PRP It)) (VP-UNF (BES 's) (PRN (, ,) (S (NP-SBJ (PRP you)) (VP (VBP know))))) (, ,) (-DFL- N_S))",70,133.74,135.08
sw04utt/sw_0434_3809.utt,3/sw3809,3809,51,%,A,25,1,"{D You know, } I've, -/","[ You/PRP ] know/VBP ,/,  [ I/PRP ] 've/VBP ,/,","(S (PRN (S (NP-SBJ (PRP You)) (VP (VBP know))) (, ,)) (NP-SBJ (PRP I)) (VP-UNF (VBP 've)) (, ,) (-DFL- N_S))",72,135.44,135.76
sw04utt/sw_0434_3809.utt,3/sw3809,3809,52,sv(^q),B,26,1,"{C And } you hear some people say, {D you know, } - /","And/CC  [ you/PRP ] hear/VBP  [ some/DT people/NNS ] say/VBP ,/,  [ you/PRP ] know/VBP ,/,","(S (CC And) (NP-SBJ (PRP you)) (VP (VBP hear) (S (NP-SBJ (DT some) (NNS people)) (VP (VBP say) (PRN (, ,) (S (NP-SBJ (PRP you)) (VP (VBP know))) (, ,)) (-DFL- N_S) (S-SEZ (INTJ (UH well)) (, ,) (NP-SBJ (PRP he)) (VP (BES 's) (NP-PRD (DT a) (NN man))))))) (, ,) (-DFL- E_S))",74,135.76,137.22
sw04utt/sw_0434_3809.utt,3/sw3809,3809,53,^q,B,26,2,"{D well, } he's a man,  /","well/UH ,/,  [ he/PRP ] 's/BES  [ a/DT man/NN ] ,/,","(S (CC And) (NP-SBJ (PRP you)) (VP (VBP hear) (S (NP-SBJ (DT some) (NNS people)) (VP (VBP say) (PRN (, ,) (S (NP-SBJ (PRP you)) (VP (VBP know))) (, ,)) (-DFL- N_S) (S-SEZ (INTJ (UH well)) (, ,) (NP-SBJ (PRP he)) (VP (BES 's) (NP-PRD (DT a) (NN man))))))) (, ,) (-DFL- E_S))",74,137.22,138.04000000000002
sw04utt/sw_0434_3809.utt,3/sw3809,3809,54,^q,B,26,3,"[ [ he, + he, ] + he ]  needs that salary. /","[ he/PRP ] ,/,  [ he/PRP ] ,/,  [ he/PRP ] needs/VBZ  [ that/DT salary/NN ] ./.","(S (EDITED (RM (-DFL- \[)) (EDITED (RM (-DFL- \[)) (NP-SBJ (PRP he)) (, ,) (IP (-DFL- \+))) (NP-SBJ (PRP he)) (, ,) (RS (-DFL- \])) (IP (-DFL- \+))) (NP-SBJ (PRP he)) (RS (-DFL- \])) (VP (VBZ needs) (NP (DT that) (NN salary))) (. .) (-DFL- E_S))",75,138.04,139.9
sw04utt/sw_0434_3809.utt,3/sw3809,3809,55,b,A,27,1,Right <laughter>. /,[ Right/UH ] ./.,(INTJ (UH Right) (. .) (-DFL- E_S)),51,140.16,140.42
sw04utt/sw_0434_3809.utt,3/sw3809.pos,3809,56,x,B,28,1,<Laughter>.,./.,,,0.0,0.0
sw04utt/sw_0434_3809.utt,3/sw3809,3809,57,aa,A,29,1,"Yeah,  /","Yeah/UH ,/,","(INTJ (UH Yeah) (, ,) (-DFL- E_S))",80,141.52,141.74
sw04utt/sw_0434_3809.utt,3/sw3809,3809,58,aa,A,29,2,they forget.   /,[ they/PRP ] forget/VBP ./.,(S (NP-SBJ (PRP they)) (VP (VBP forget)) (. .) (-DFL- E_S)),81,141.74,142.28
sw04utt/sw_0434_3809.utt,3/sw3809,3809,59,sv,A,29,3,"Also, I think, {F uh, } a good argument for that is in the area of politics, {D you know, }  /","Also/RB ,/,  [ I/PRP ] think/VBP ,/,  [ uh/UH ] ,/,  [ a/DT good/JJ argument/NN ] for/IN  [ that/DT ] is/VBZ in/IN  [ the/DT area/NN ] of/IN  [ politics/NNS ] ,/,  [ you/PRP ] know/VBP ,/,","(S (ADVP (RB Also)) (, ,) (NP-SBJ (PRP I)) (VP (VBP think) (, ,) (INTJ (UH uh)) (, ,) (SBAR (-NONE- 0) (S (NP-SBJ (NP (DT a) (JJ good) (NN argument)) (PP (IN for) (NP (DT that)))) (VP (VBZ is) (PP-PRD (IN in) (NP (NP (DT the) (NN area)) (PP (IN of) (NP (NNS politics)))))))) (PRN (, ,) (S (NP-SBJ (PRP you)) (VP (VBP know))))) (, ,) (-DFL- E_S))",82,142.28,146.28
sw04utt/sw_0434_3809.utt,3/sw3809,3809,60,%,A,29,4,"if a, - /","if/IN  [ a/DT ] ,/,","(SBAR-ADV (IN if) (S (NP-SBJ-UNF (DT a))) (, ,) (-DFL- N_S))",83,147.54,147.88
sw04utt/sw_0434_3809.utt,3/sw3809,3809,61,sv,A,29,5,"a woman Congressman I'm sure makes as much as a man Congressman [ as, + ] and the same as a senator or whatever. /","[ a/DT woman/NN Congressman/NNP I/PRP ] 'm/VBP sure/RB makes/VBZ as/RB much/JJ as/IN  [ a/DT man/NN Congressman/NNP ] as/IN ,/, and/CC  [ the/DT same/JJ ] as/IN  [ a/DT senator/NN ] or/CC  [ whatever/WDT ] ./.","(S-1 (NP-SBJ (DT a) (NN woman) (NNP Congressman)) (PRN (S (NP-SBJ (PRP I)) (VP (VBP 'm) (ADJP-PRD (RB sure) (SBAR (-NONE- 0) (S (-NONE- *T*-1))))))) (VP (VBZ makes) (NP (NP (NP (ADJP (RB as) (JJ much))) (PP (IN as) (NP (DT a) (NN man) (NNP Congressman)))) (EDITED (RM (-DFL- \[)) (PP-UNF (IN as)) (, ,) (IP (-DFL- \+)) (RS (-DFL- \]))) (CC and) (NP (NP (DT the) (JJ same)) (PP (IN as) (NP (NP (DT a) (NN senator)) (CC or) (NP (WDT whatever))))))) (. .) (-DFL- E_S))",84,147.88,153.11999999999998
sw04utt/sw_0434_3809.utt,3/sw3809,3809,62,b,B,30,1,Right. /,[ Right/UH ] ./.,(INTJ (UH Right) (. .) (-DFL- E_S)),77,153.26,153.76
sw04utt/sw_0434_3809.utt,3/sw3809,3809,63,sv,A,31,1,"{C So, } [ they certainly, + {F uh, } they certainly ] deserve it all the way.  /","So/RB ,/,  [ they/PRP ] certainly/RB ,/,  [ uh/UH ] ,/,  [ they/PRP ] certainly/RB deserve/VBP  [ it/PRP ] [ all/PDT the/DT way/NN ] ./.","(S (RB So) (, ,) (EDITED (RM (-DFL- \[)) (S-UNF (NP-SBJ (PRP they)) (ADVP (RB certainly))) (, ,) (IP (-DFL- \+))) (INTJ (UH uh)) (, ,) (NP-SBJ (PRP they)) (ADVP (RB certainly)) (RS (-DFL- \])) (VP (VBP deserve) (NP (PRP it)) (NP-ADV (PDT all) (DT the) (NN way))) (. .) (-DFL- E_S))",88,153.96,157.20000000000002
sw04utt/sw_0434_3809.utt,3/sw3809,3809,64,sd,A,31,2,"{C But, }  I guess just the most significant thing changed for me, again, as I mentioned, was just in traveling,  /","But/CC ,/,  [ I/PRP ] guess/VBP just/RB  [ the/DT most/RBS significant/JJ thing/NN ] changed/VBD for/IN  [ me/PRP ] ,/, again/RB ,/, as/IN  [ I/PRP ] mentioned/VBD ,/, was/VBD just/RB in/IN traveling/VBG ,/,","(S (CC But) (, ,) (NP-SBJ (PRP I)) (VP (VBP guess) (SBAR (-NONE- 0) (S (ADVP (RB just)) (NP-SBJ (NP (DT the) (ADJP (RBS most) (JJ significant)) (NN thing)) (VP (VBD changed) (NP (-NONE- *)))) (PP (IN for) (NP (PRP me))) (, ,) (ADVP (RB again)) (, ,) (SBAR-ADV (IN as) (S (NP-SBJ (PRP I)) (VP (VBD mentioned)))) (, ,) (VP (VBD was) (ADVP (RB just)) (PP-PRD (IN in) (S-NOM (NP-SBJ (-NONE- *)) (VP (VBG traveling)))))))) (, ,) (-DFL- E_S))",89,157.92,162.17999999999998
sw04utt/sw_0434_3809.utt,3/sw3809,3809,65,sd,A,31,3,"you see, {F uh, } more and more ladies of all ages with briefcases [ and, + {F uh, } and ] in their business suits [ and -- +","[ you/PRP ] see/VBP ,/,  [ uh/UH ] ,/,  [ more/JJR ] and/CC  [ more/JJR ladies/NNS ] of/IN  [ all/DT ages/NNS ] with/IN  [ briefcases/NNS ] and/CC ,/,  [ uh/UH ] ,/, and/CC in/IN  [ their/PRP$ business/NN suits/NNS ] and/CC --/:","(S (NP-SBJ (PRP you)) (VP (VBP see) (, ,) (INTJ (UH uh)) (, ,) (NP (NP (ADJP (JJR more) (CC and) (JJR more)) (NNS ladies)) (PP (IN of) (NP (DT all) (NNS ages))) (UCP (PP (IN with) (NP (NNS briefcases))) (EDITED (RM (-DFL- \[)) (CC and) (, ,) (IP (-DFL- \+))) (INTJ (UH uh)) (, ,) (CC and) (RS (-DFL- \])) (PP (IN in) (NP (PRP$ their) (NN business) (NNS suits))) (EDITED (RM (-DFL- \[)) (CC and) (IP (-DFL- \+))) (CC and) (RS (-DFL- \])) (VP (VBG going))))) (. .) (-DFL- N_S))",90,162.18,168.98000000000002
sw04utt/sw_0434_3809.utt,3/sw3809,3809,66,^2,B,32,1,"And going, - /","And/CC going/VBG ,/,","(S (CC And) (NP-SBJ (-NONE- *)) (VP (VBG going)) (, ,) (-DFL- N_S))",92,169.44,170.1
sw04utt/sw_0434_3809.utt,3/sw3809,3809,67,%,B,32,2,yeah. /,yeah/UH ./.,(INTJ (UH yeah) (. .) (-DFL- E_S)),93,170.12,170.34
sw04utt/sw_0434_3809.utt,3/sw3809,3809,68,+,A,33,1,-- and ] going. -/,--/: and/CC going/VBG ./.,"(S (NP-SBJ (PRP you)) (VP (VBP see) (, ,) (INTJ (UH uh)) (, ,) (NP (NP (ADJP (JJR more) (CC and) (JJR more)) (NNS ladies)) (PP (IN of) (NP (DT all) (NNS ages))) (UCP (PP (IN with) (NP (NNS briefcases))) (EDITED (RM (-DFL- \[)) (CC and) (, ,) (IP (-DFL- \+))) (INTJ (UH uh)) (, ,) (CC and) (RS (-DFL- \])) (PP (IN in) (NP (PRP$ their) (NN business) (NNS suits))) (EDITED (RM (-DFL- \[)) (CC and) (IP (-DFL- \+))) (CC and) (RS (-DFL- \])) (VP (VBG going))))) (. .) (-DFL- N_S))",90,170.34,170.57999999999998
sw04utt/sw_0434_3809.utt,3/sw3809,3809,69,b,B,34,1,Uh-huh. /,[ Uh-huh/UH ] ./.,(INTJ (UH Uh-huh) (. .) (-DFL- E_S)),96,170.88,171.16
sw04utt/sw_0434_3809.utt,3/sw3809,3809,70,aa,A,35,1,{C And } I expect you're right in regards to having two parents now.  /,And/CC  [ I/PRP ] expect/VBP  [ you/PRP ] 're/VBP right/JJ in/IN regards/NNS to/IN having/VBG  [ two/CD parents/NNS ] now/RB ./.,(S (CC And) (NP-SBJ (PRP I)) (VP (VBP expect) (SBAR (-NONE- 0) (S (NP-SBJ (PRP you)) (VP (VBP 're) (ADJP-PRD (JJ right)) (PP (IN in) (NP (NP (NNS regards)) (PP (IN to) (S-NOM (NP-SBJ (-NONE- *)) (VP (VBG having) (NP (CD two) (NNS parents)) (ADVP-TMP (RB now))))))))))) (. .) (-DFL- E_S)),98,171.16,174.94
sw04utt/sw_0434_3809.utt,3/sw3809,3809,71,ba,A,35,2,"That's [ a good, + a good ] statement.  /","[ That/DT ] 's/BES  [ a/DT good/JJ ] ,/,  [ a/DT good/JJ statement/NN ] ./.","(S (NP-SBJ (DT That)) (VP (BES 's) (EDITED (RM (-DFL- \[)) (NP-PRD-UNF (DT a) (JJ good)) (, ,) (IP (-DFL- \+))) (NP-PRD (DT a) (JJ good) (RS (-DFL- \])) (NN statement))) (. .) (-DFL- E_S))",99,175.02,176.88
sw04utt/sw_0434_3809.utt,3/sw3809,3809,72,%,A,35,3,"{C And } I think  if, - /","And/CC  [ I/PRP ] think/VBP if/IN ,/,","(S (CC And) (NP-SBJ (PRP I)) (VP (VBP think) (SBAR (-NONE- 0) (S (SBAR-ADV-UNF (IN if)) (, ,) (-DFL- N_S) (PP-TMP (IN in) (NP (DT the) (NN future))) (NP-SBJ-1 (PRP it)) (VP (BES 's) (ADVP (RB even)) (VP (VBG going) (S (NP-SBJ (-NONE- *-1)) (VP (TO to) (VP (VB be) (, ,) (INTJ (UH uh)) (, ,) (ADJP-PRD (ADJP (RBR more) (JJ noticeable)) (CC and) (ADJP (RBR more) (JJ significant))))))))))) (. .) (-DFL- E_S))",100,177.88,179.29999999999998
sw04utt/sw_0434_3809.utt,3/sw3809,3809,73,sv,A,35,4,"in the future it's even going to be, {F uh, } more noticeable and more significant. /","in/IN  [ the/DT future/NN ] [ it/PRP ] 's/BES even/RB going/VBG to/TO be/VB ,/,  [ uh/UH ] ,/, more/RBR noticeable/JJ and/CC more/RBR significant/JJ ./.","(S (CC And) (NP-SBJ (PRP I)) (VP (VBP think) (SBAR (-NONE- 0) (S (SBAR-ADV-UNF (IN if)) (, ,) (-DFL- N_S) (PP-TMP (IN in) (NP (DT the) (NN future))) (NP-SBJ-1 (PRP it)) (VP (BES 's) (ADVP (RB even)) (VP (VBG going) (S (NP-SBJ (-NONE- *-1)) (VP (TO to) (VP (VB be) (, ,) (INTJ (UH uh)) (, ,) (ADJP-PRD (ADJP (RBR more) (JJ noticeable)) (CC and) (ADJP (RBR more) (JJ significant))))))))))) (. .) (-DFL- E_S))",100,180.16,183.64000000000001
sw04utt/sw_0434_3809.utt,3/sw3809,3809,74,aa,B,36,1,Right.  /,[ Right/UH ] ./.,(INTJ (UH Right) (. .) (-DFL- E_S)),77,184.82,185.14
sw04utt/sw_0434_3809.utt,3/sw3809,3809,75,aa,B,36,2,"Yeah,  /","[ Yeah/UH ] ,/,","(INTJ (UH Yeah) (, ,) (-DFL- E_S))",80,186.1,186.34
sw04utt/sw_0434_3809.utt,3/sw3809,3809,76,aa,B,36,3,"[ I, + I ] think it will be.  /","[ I/PRP ] ,/,  [ I/PRP ] think/VBP  [ it/PRP ] will/MD be/VB ./.","(S (EDITED (RM (-DFL- \[)) (NP-SBJ (PRP I)) (, ,) (IP (-DFL- \+))) (NP-SBJ (PRP I)) (RS (-DFL- \])) (VP (VBP think) (SBAR (-NONE- 0) (S (NP-SBJ (PRP it)) (VP (MD will) (VP (VB be) (ADJP-PRD (-NONE- *?*))))))) (. .) (-DFL- E_S))",104,186.34,187.5
sw04utt/sw_0434_3809.utt,3/sw3809,3809,77,%,B,36,4,"[ I think, + I,  ]  {D well, } - /","[ I/PRP ] think/VBP ,/,  [ I/PRP ] ,/, well/UH ,/,","(S-UNF (EDITED (RM (-DFL- \[)) (S (NP-SBJ (PRP I)) (VP-UNF (VBP think))) (, ,) (IP (-DFL- \+))) (NP-SBJ (PRP I)) (, ,) (RS (-DFL- \])) (INTJ (UH well)) (, ,) (-DFL- N_S))",105,187.64,188.95999999999998
sw04utt/sw_0434_3809.utt,3/sw3809,3809,78,sd,B,36,5,"[ an-, + another ] thing I read, too, the other day, - /","[ an-/DT ] ,/,  [ another/DT thing/NN ] [ I/PRP ] read/VBD ,/, too/RB ,/,  [ the/DT other/JJ day/NN ] ,/,","(S (EDITED (RM (-DFL- \[)) (NP-SBJ-UNF (DT an-)) (, ,) (IP (-DFL- \+))) (NP-SBJ (NP (DT another) (RS (-DFL- \])) (NN thing)) (SBAR (WHNP-1 (-NONE- 0)) (S (NP-SBJ (PRP I)) (VP (VBD read) (NP (-NONE- *T*-1)) (, ,) (ADVP (RB too)) (, ,) (NP-TMP (DT the) (JJ other) (NN day)))))) (PRN (, ,) (-DFL- N_S) (S (NP-SBJ (DT this)) (VP (VBZ is) (RB not) (ADVP (RB just)) (PP-PRD (IN for) (NP (VBG working) (NNS women))))) (-DFL- E_S) (X (CC but) (SBAR (WHADVP-1 (WRB how) (RB much)) (S (NP-SBJ (PRP they)) (VP (VBP 're) (PP-LOC-PRD (IN out) (ADVP (RB there))) (ADVP (-NONE- *T*-1))))) (PRN (, ,) (S (NP-SBJ (PRP I)) (VP (VBP guess)))))) (VP (VBZ is) (-DFL- N_S) (SBAR-PRD (-NONE- 0) (S (NP-SBJ-1 (DT the) (NN car) (NNS designers)) (, ,) (INTJ (UH uh)) (, ,) (VP (VBP are) (VP (VBG starting) (S (NP-SBJ (-NONE- *-1)) (VP (TO to) (VP (VB design) (NP (NNS cars)) (PP (IN with) (NP (NP (NNS women)) (PP (IN in) (NP (NN mind))))))))))))) (. .))",106,189.08,190.8
sw04utt/sw_0434_3809.utt,3/sw3809,3809,79,sd,B,36,6,this is not just for working women  /,[ this/DT ] is/VBZ not/RB just/RB for/IN working/VBG  [ women/NNS ],"(S (EDITED (RM (-DFL- \[)) (NP-SBJ-UNF (DT an-)) (, ,) (IP (-DFL- \+))) (NP-SBJ (NP (DT another) (RS (-DFL- \])) (NN thing)) (SBAR (WHNP-1 (-NONE- 0)) (S (NP-SBJ (PRP I)) (VP (VBD read) (NP (-NONE- *T*-1)) (, ,) (ADVP (RB too)) (, ,) (NP-TMP (DT the) (JJ other) (NN day)))))) (PRN (, ,) (-DFL- N_S) (S (NP-SBJ (DT this)) (VP (VBZ is) (RB not) (ADVP (RB just)) (PP-PRD (IN for) (NP (VBG working) (NNS women))))) (-DFL- E_S) (X (CC but) (SBAR (WHADVP-1 (WRB how) (RB much)) (S (NP-SBJ (PRP they)) (VP (VBP 're) (PP-LOC-PRD (IN out) (ADVP (RB there))) (ADVP (-NONE- *T*-1))))) (PRN (, ,) (S (NP-SBJ (PRP I)) (VP (VBP guess)))))) (VP (VBZ is) (-DFL- N_S) (SBAR-PRD (-NONE- 0) (S (NP-SBJ-1 (DT the) (NN car) (NNS designers)) (, ,) (INTJ (UH uh)) (, ,) (VP (VBP are) (VP (VBG starting) (S (NP-SBJ (-NONE- *-1)) (VP (TO to) (VP (VB design) (NP (NNS cars)) (PP (IN with) (NP (NP (NNS women)) (PP (IN in) (NP (NN mind))))))))))))) (. .))",106,190.8,192.58
sw04utt/sw_0434_3809.utt,3/sw3809,3809,80,%,B,36,7,"{C but } how much they're out there,  I guess is - /","but/CC how/WRB much/RB  [ they/PRP ] 're/VBP out/IN there/RB ,/,  [ I/PRP ] guess/VBP is/VBZ","(S (EDITED (RM (-DFL- \[)) (NP-SBJ-UNF (DT an-)) (, ,) (IP (-DFL- \+))) (NP-SBJ (NP (DT another) (RS (-DFL- \])) (NN thing)) (SBAR (WHNP-1 (-NONE- 0)) (S (NP-SBJ (PRP I)) (VP (VBD read) (NP (-NONE- *T*-1)) (, ,) (ADVP (RB too)) (, ,) (NP-TMP (DT the) (JJ other) (NN day)))))) (PRN (, ,) (-DFL- N_S) (S (NP-SBJ (DT this)) (VP (VBZ is) (RB not) (ADVP (RB just)) (PP-PRD (IN for) (NP (VBG working) (NNS women))))) (-DFL- E_S) (X (CC but) (SBAR (WHADVP-1 (WRB how) (RB much)) (S (NP-SBJ (PRP they)) (VP (VBP 're) (PP-LOC-PRD (IN out) (ADVP (RB there))) (ADVP (-NONE- *T*-1))))) (PRN (, ,) (S (NP-SBJ (PRP I)) (VP (VBP guess)))))) (VP (VBZ is) (-DFL- N_S) (SBAR-PRD (-NONE- 0) (S (NP-SBJ-1 (DT the) (NN car) (NNS designers)) (, ,) (INTJ (UH uh)) (, ,) (VP (VBP are) (VP (VBG starting) (S (NP-SBJ (-NONE- *-1)) (VP (TO to) (VP (VB design) (NP (NNS cars)) (PP (IN with) (NP (NP (NNS women)) (PP (IN in) (NP (NN mind))))))))))))) (. .))",106,192.58,194.98
sw04utt/sw_0434_3809.utt,3/sw3809,3809,81,sd,B,36,8,"the car designers, {F uh, } are starting to design cars with women in mind.  {F Uh, } because in the past the male bought the cars,  /","[ the/DT car/NN designers/NNS ] ,/,  [ uh/UH ] ,/, are/VBP starting/VBG to/TO design/VB  [ cars/NNS ] with/IN  [ women/NNS ] in/IN  [ mind/NN ] ./.  [ Uh/UH ] ,/, because/IN in/IN  [ the/DT past/NN ] [ the/DT male/NN ] bought/VBD  [ the/DT cars/NNS ] ,/,","(S (EDITED (RM (-DFL- \[)) (NP-SBJ-UNF (DT an-)) (, ,) (IP (-DFL- \+))) (NP-SBJ (NP (DT another) (RS (-DFL- \])) (NN thing)) (SBAR (WHNP-1 (-NONE- 0)) (S (NP-SBJ (PRP I)) (VP (VBD read) (NP (-NONE- *T*-1)) (, ,) (ADVP (RB too)) (, ,) (NP-TMP (DT the) (JJ other) (NN day)))))) (PRN (, ,) (-DFL- N_S) (S (NP-SBJ (DT this)) (VP (VBZ is) (RB not) (ADVP (RB just)) (PP-PRD (IN for) (NP (VBG working) (NNS women))))) (-DFL- E_S) (X (CC but) (SBAR (WHADVP-1 (WRB how) (RB much)) (S (NP-SBJ (PRP they)) (VP (VBP 're) (PP-LOC-PRD (IN out) (ADVP (RB there))) (ADVP (-NONE- *T*-1))))) (PRN (, ,) (S (NP-SBJ (PRP I)) (VP (VBP guess)))))) (VP (VBZ is) (-DFL- N_S) (SBAR-PRD (-NONE- 0) (S (NP-SBJ-1 (DT the) (NN car) (NNS designers)) (, ,) (INTJ (UH uh)) (, ,) (VP (VBP are) (VP (VBG starting) (S (NP-SBJ (-NONE- *-1)) (VP (TO to) (VP (VB design) (NP (NNS cars)) (PP (IN with) (NP (NP (NNS women)) (PP (IN in) (NP (NN mind))))))))))))) (. .))|||(SBAR-PRP (INTJ (UH Uh)) (, ,) (IN because) (S (S (PP-TMP (IN in) (NP (DT the) (NN past))) (NP-SBJ (DT the) (NN male)) (VP (VBD bought) (NP (DT the) (NNS cars)))) (, ,) (-DFL- E_S) (CC but) (S (ADVP-TMP (RB now)) (NP-SBJ (PRP they)) (VP (VBP 're) (VP (VBG showing) (SBAR (SBAR (IN that) (S (NP-SBJ (NP (CD fifty-five) (NN percent)) (PP (IN of) (NP (NNS women)))) (VP (VBP are) (ADVP (RB actually)) (VP (VBG making) (NP (DT the) (JJ new) (NN car) (NNS purchases)))))) (. .) (CC And) (SBAR (IN that) (S (NP-SBJ (PRP they)) (VP (VBP are) (VP (VBG looking) (PP (IN for) (, ,) (INTJ (UH uh)) (, ,) (NP (NP (JJ different) (NNS things)) (PP (IN in) (NP (DT the) (NN car)))))))))))))) (. .) (-DFL- E_S))",106|||107,194.98,204.96
sw04utt/sw_0434_3809.utt,3/sw3809,3809,82,sd,B,36,9,{C but } now they're showing that fifty-five percent of women are actually making the new car purchases.,but/CC now/RB  [ they/PRP ] 're/VBP showing/VBG  [ that/IN fifty-five/CD percent/NN ] of/IN  [ women/NNS ] are/VBP actually/RB making/VBG  [ the/DT new/JJ car/NN purchases/NNS ] ./.,"(SBAR-PRP (INTJ (UH Uh)) (, ,) (IN because) (S (S (PP-TMP (IN in) (NP (DT the) (NN past))) (NP-SBJ (DT the) (NN male)) (VP (VBD bought) (NP (DT the) (NNS cars)))) (, ,) (-DFL- E_S) (CC but) (S (ADVP-TMP (RB now)) (NP-SBJ (PRP they)) (VP (VBP 're) (VP (VBG showing) (SBAR (SBAR (IN that) (S (NP-SBJ (NP (CD fifty-five) (NN percent)) (PP (IN of) (NP (NNS women)))) (VP (VBP are) (ADVP (RB actually)) (VP (VBG making) (NP (DT the) (JJ new) (NN car) (NNS purchases)))))) (. .) (CC And) (SBAR (IN that) (S (NP-SBJ (PRP they)) (VP (VBP are) (VP (VBG looking) (PP (IN for) (, ,) (INTJ (UH uh)) (, ,) (NP (NP (JJ different) (NNS things)) (PP (IN in) (NP (DT the) (NN car)))))))))))))) (. .) (-DFL- E_S))",107,205.06,209.2
sw04utt/sw_0434_3809.utt,3/sw3809,3809,83,ba,A,37,1,Wow. /,[ Wow/UH ] ./.,(INTJ (UH Wow) (. .) (-DFL- E_S)),109,209.2,209.66
sw04utt/sw_0434_3809.utt,3/sw3809,3809,84,+,B,38,1,"And that they are looking for, {F uh, } different things in the car.  /","And/CC that/IN  [ they/PRP ] are/VBP looking/VBG for/IN ,/,  [ uh/UH ] ,/,  [ different/JJ things/NNS ] in/IN  [ the/DT car/NN ] ./.","(SBAR-PRP (INTJ (UH Uh)) (, ,) (IN because) (S (S (PP-TMP (IN in) (NP (DT the) (NN past))) (NP-SBJ (DT the) (NN male)) (VP (VBD bought) (NP (DT the) (NNS cars)))) (, ,) (-DFL- E_S) (CC but) (S (ADVP-TMP (RB now)) (NP-SBJ (PRP they)) (VP (VBP 're) (VP (VBG showing) (SBAR (SBAR (IN that) (S (NP-SBJ (NP (CD fifty-five) (NN percent)) (PP (IN of) (NP (NNS women)))) (VP (VBP are) (ADVP (RB actually)) (VP (VBG making) (NP (DT the) (JJ new) (NN car) (NNS purchases)))))) (. .) (CC And) (SBAR (IN that) (S (NP-SBJ (PRP they)) (VP (VBP are) (VP (VBG looking) (PP (IN for) (, ,) (INTJ (UH uh)) (, ,) (NP (NP (JJ different) (NNS things)) (PP (IN in) (NP (DT the) (NN car)))))))))))))) (. .) (-DFL- E_S))",107,210.32,216.92000000000002
sw04utt/sw_0434_3809.utt,3/sw3809,3809,85,sv,B,38,2,"The man is looking [ for  the e-, + in the engine ]  /","[ The/DT man/NN ] is/VBZ looking/VBG for/IN  [ the/DT e-/NN ] ,/, in/IN  [ the/DT engine/NN ]","(S (NP-SBJ (DT The) (NN man)) (VP (VBZ is) (VP (VBG looking) (EDITED (RM (-DFL- \[)) (PP (IN for) (NP-UNF (DT the) (NN e-))) (, ,) (IP (-DFL- \+))) (PP (IN in) (NP (DT the) (NN engine))))) (RS (-DFL- \])) (-DFL- E_S))",111,216.92,218.85999999999999
sw04utt/sw_0434_3809.utt,3/sw3809,3809,86,sv,B,38,3,{C and } the woman is looking to how easy can she slide in under the steering wheel.,and/CC  [ the/DT woman/NN ] is/VBZ looking/VBG to/IN how/WRB  [ easy/JJ ] can/MD  [ she/PRP ] slide/VBP in/IN under/IN  [ the/DT steering/NN wheel/NN ] ./.,"(S (CC and) (NP-SBJ (DT the) (NN woman)) (VP (VBZ is) (VP (VBG looking) (PP (IN to) (SBARQ (WHADVP-1 (WRB how) (JJ easy)) (SQ (SQ (MD can) (NP-SBJ (PRP she)) (VP (VBP slide) (PP-DIR (IN in) (PP (IN under) (NP (DT the) (NN steering) (NN wheel)))))) (. .) (INTJ (UH Uh)) (, ,) (SQ (MD can) (NP-SBJ (PRP her) (NN makeup)) (VP (VBN come) (PP (RP off) (NP (DT the) (NN upholstery))))) (ADVP-MNR (-NONE- *T*-1))))))) (. .) (-DFL- E_S))",112,218.86,222.44
sw04utt/sw_0434_3809.utt,3/sw3809,3809,87,aa,A,39,1,You bet. /,[ You/PRP ] bet/VBP ./.,(S (NP-SBJ (PRP You)) (VP (VBP bet)) (. .) (-DFL- E_S)),114,222.6,223.1
sw04utt/sw_0434_3809.utt,3/sw3809,3809,88,+,B,40,1,"{F Uh, } can her makeup come off the upholstery <laughter>. /","[ Uh/UH ] ,/, can/MD  [ her/PRP ] [ makeup/NN ] come/VBN off/RP  [ the/DT upholstery/NN ] ./.","(S (CC and) (NP-SBJ (DT the) (NN woman)) (VP (VBZ is) (VP (VBG looking) (PP (IN to) (SBARQ (WHADVP-1 (WRB how) (JJ easy)) (SQ (SQ (MD can) (NP-SBJ (PRP she)) (VP (VBP slide) (PP-DIR (IN in) (PP (IN under) (NP (DT the) (NN steering) (NN wheel)))))) (. .) (INTJ (UH Uh)) (, ,) (SQ (MD can) (NP-SBJ (PRP her) (NN makeup)) (VP (VBN come) (PP (RP off) (NP (DT the) (NN upholstery))))) (ADVP-MNR (-NONE- *T*-1))))))) (. .) (-DFL- E_S))",112,223.1,225.6
sw04utt/sw_0434_3809.utt,3/sw3809,3809,89,ba,A,41,1,<Laughter> Good point. /,[ Good/JJ point/NN ] ./.,(NP (JJ Good) (NN point) (. .) (-DFL- E_S)),117,225.7,227.38
sw04utt/sw_0434_3809.utt,3/sw3809,3809,90,sv,B,42,1,"{C And } if they're out there buying that many cars, then there's that many out that are self sufficient and, {D you know, } mobile and working. /","And/CC if/IN  [ they/PRP ] 're/VBP out/IN there/RB buying/VBG that/RB  [ many/JJ cars/NNS ] ,/, then/RB  [ there/EX ] 's/BES  [ that/RB many/JJ ] out/RB  [ that/WDT ] are/VBP  [ self/GW ] sufficient/^JJ and/CC ,/,  [ you/PRP ] know/VBP ,/,  [ mobile/JJ ] and/CC working/VBG ./.","(S (CC And) (SBAR-ADV (IN if) (S (NP-SBJ-1 (PRP they)) (VP (VBP 're) (PP-LOC-PRD (IN out) (ADVP (RB there))) (S-ADV (NP-SBJ (-NONE- *-1)) (VP (VBG buying) (NP (ADJP (RB that) (JJ many)) (NNS cars))))))) (, ,) (ADVP (RB then)) (NP-SBJ (EX there)) (VP (BES 's) (NP-PRD (NP (RB that) (JJ many)) (ADVP-LOC (RB out)) (SBAR (WHNP-2 (WDT that)) (S (NP-SBJ (-NONE- *T*-2)) (VP (VBP are) (UCP-PRD (ADJP (GW self) (^JJ sufficient)) (CC and) (PRN (, ,) (S (NP-SBJ (PRP you)) (VP (VBP know))) (, ,)) (ADJP (JJ mobile)) (CC and) (VP (VBG working)))))))) (. .) (-DFL- E_S))",119,227.38,234.22
sw04utt/sw_0434_3809.utt,3/sw3809,3809,91,sd,A,43,1,Right now I'm self employed  /,Right/RB now/RB  [ I/PRP ] 'm/VBP  [ self/NN ] employed/VBN,(S (ADVP-TMP (RB Right) (RB now)) (NP-SBJ (PRP I)) (VP (VBP 'm) (ADJP-PRD (TYPO (NN self) (VBN employed)))) (-DFL- E_S)),121,235.56,236.79999999999998
sw04utt/sw_0434_3809.utt,3/sw3809,3809,92,sd,A,43,2,"[ {C and, } +  {C and } ] my wife's always worked.  /","and/CC ,/, and/CC  [ my/PRP$ wife/NN ] 's/HVS always/RB worked/VBN ./.","(S (EDITED (RM (-DFL- \[)) (CC and) (, ,) (IP (-DFL- \+))) (CC and) (RS (-DFL- \])) (NP-SBJ (PRP$ my) (NN wife)) (VP (HVS 's) (ADVP-TMP (RB always)) (VP (VBN worked))) (. .) (-DFL- E_S))",122,236.8,238.76
sw04utt/sw_0434_3809.utt,3/sw3809,3809,93,sd,A,43,3,"She's a schoolteacher,  /","[ She/PRP ] 's/BES  [ a/DT schoolteacher/NN ] ,/,","(S (NP-SBJ (PRP She)) (VP (BES 's) (NP-PRD (DT a) (NN schoolteacher))) (, ,) (-DFL- E_S))",123,238.76,239.72
sw04utt/sw_0434_3809.utt,3/sw3809,3809,94,%,A,43,4,"{C but }  for, - /","but/CC for/IN ,/,","(S (CC but) (PP-TMP-UNF (IN for)) (, ,) (-DFL- N_S))",124,239.72,240.4
sw04utt/sw_0434_3809.utt,3/sw3809,3809,95,sd,A,43,5,she started working  /,[ she/PRP ] started/VBD working/VBG,(S (NP-SBJ-1 (PRP she)) (VP (VBD started) (S (NP-SBJ (-NONE- *-1)) (VP (VBG working)))) (-DFL- E_S)),125,241.2,241.92000000000002
sw04utt/sw_0434_3809.utt,3/sw3809,3809,96,sd,A,43,6,"{C and then } when I first started my business, {F uh, } - /","and/CC then/RB when/WRB  [ I/PRP ] first/RB started/VBD  [ my/PRP$ business/NN ] ,/,  [ uh/UH ] ,/,","(S-UNF (CONJP (CC and) (RB then)) (SBAR-TMP (WHADVP-1 (WRB when)) (S (NP-SBJ (PRP I)) (ADVP-TMP (RB first)) (VP (VBD started) (NP (PRP$ my) (NN business)) (ADVP-TMP (-NONE- *T*-1))))) (, ,) (INTJ (UH uh)) (, ,) (-DFL- N_S))",126,241.92,243.68
sw04utt/sw_0434_3809.utt,3/sw3809,3809,97,sd,A,43,7,she was selling real estate at the time  /,[ she/PRP ] was/VBD selling/VBG  [ real/JJ estate/NN ] at/IN  [ the/DT time/NN ],(S (NP-SBJ (PRP she)) (VP (VBD was) (VP (VBG selling) (NP (JJ real) (NN estate)) (PP-TMP (IN at) (NP (DT the) (NN time))))) (-DFL- E_S)),127,243.68,245.18
sw04utt/sw_0434_3809.utt,3/sw3809,3809,98,sd,A,43,8,{C and } hers was the only income we had for three or four months  /,and/CC  [ hers/PRP$ ] was/VBD  [ the/DT only/JJ income/NN ] [ we/PRP ] had/VBD for/IN  [ three/CD ] or/CC  [ four/CD months/NNS ],(S (CC and) (NP-SBJ (PRP$ hers)) (VP (VBD was) (NP-PRD (NP (DT the) (JJ only) (NN income)) (SBAR (WHNP-1 (-NONE- 0)) (S (NP-SBJ (PRP we)) (VP (VBD had) (NP (-NONE- *T*-1)) (PP-TMP (IN for) (NP (QP (CD three) (CC or) (CD four)) (NNS months)))))))) (-DFL- E_S)),128,245.18,247.58
sw04utt/sw_0434_3809.utt,3/sw3809,3809,99,%,A,43,9,"{C so, } -/","so/RB ,/,","(S-UNF (RB so) (, ,) (-DFL- N_S))",129,247.58,247.66000000000003
sw04utt/sw_0434_3809.utt,3/sw3809,3809,100,b,B,44,1,Right. /,[ Right/UH ] ./.,(INTJ (UH Right) (. .) (-DFL- E_S)),102,247.66,248.02
sw04utt/sw_0434_3809.utt,3/sw3809,3809,101,sd,A,45,1,"{D You know, } she certainly did her part in help getting me establishing in my business  /","[ You/PRP ] know/VBP ,/,  [ she/PRP ] certainly/RB did/VBD  [ her/PRP$ part/NN ] in/IN  [ help/VB ] getting/VBG  [ me/PRP ] establishing/VBG in/IN  [ my/PRP$ business/NN ]","(S (PRN (S (NP-SBJ (PRP You)) (VP (VBP know))) (, ,)) (NP-SBJ (PRP she)) (ADVP (RB certainly)) (VP (VBD did) (NP (NP (PRP$ her) (NN part)) (PP (IN in) (S-NOM (NP-SBJ-1 (-NONE- *)) (X (VB help) (S (NP-SBJ (-NONE- *-1)) (VP (VBG getting) (S (NP-SBJ (PRP me)) (X (VBG establishing) (PP (IN in) (NP (PRP$ my) (NN business)))))))))))) (-DFL- E_S))",133,248.94,251.98
sw04utt/sw_0434_3809.utt,3/sw3809,3809,102,sd,A,45,2,{C and } she still works everyday  /,and/CC  [ she/PRP ] still/RB works/VBZ  [ everyday/RB ],(S (CC and) (NP-SBJ (PRP she)) (ADVP-TMP (RB still)) (VP (VBZ works) (NP-TMP (TYPO (RB everyday)))) (-DFL- E_S)),134,251.98,253.94
sw04utt/sw_0434_3809.utt,3/sw3809,3809,103,%,A,45,3,"{C so, } -/","so/RB ,/,","(S-UNF (RB so) (, ,) (-DFL- N_S))",129,253.94,254.2
sw04utt/sw_0434_3809.utt,3/sw3809,3809,104,aa,B,46,1,"Yeah,  /","Yeah/UH ,/,","(INTJ (UH Yeah) (, ,) (-DFL- E_S))",103,255.56,255.8
sw04utt/sw_0434_3809.utt,3/sw3809,3809,105,sv,B,46,2,we all do. /,[ we/PRP ] [ all/DT ] do/VBP ./.,(S (NP-SBJ (NP (PRP we)) (NP (DT all))) (VP (VBP do)) (. .) (-DFL- E_S)),138,255.96,256.62
sw04utt/sw_0434_3809.utt,3/sw3809,3809,106,aa,A,47,1,You bet. /,[ You/PRP ] bet/VBP ./.,(S (NP-SBJ (PRP You)) (VP (VBP bet)) (. .) (-DFL- E_S)),114,256.7,257.2
sw04utt/sw_0434_3809.utt,3/sw3809,3809,107,sd,B,48,1,I just happen to be off today. /,[ I/PRP ] just/RB happen/VBP to/TO be/VB off/RP  [ today/NN ] ./.,(S (NP-SBJ-1 (PRP I)) (ADVP (RB just)) (VP (VBP happen) (S (NP-SBJ (-NONE- *-1)) (VP (TO to) (VP (VB be) (ADJP-PRD (RP off)) (NP-TMP (NN today)))))) (. .) (-DFL- E_S)),142,257.74,259.03999999999996
sw04utt/sw_0434_3809.utt,3/sw3809,3809,108,b,A,49,1,Uh-oh. /,[ Uh-oh/UH ] ./.,(INTJ (UH Uh-oh) (. .) (-DFL- E_S)),144,259.14,259.52
sw04utt/sw_0434_3809.utt,3/sw3809,3809,109,sd,B,50,1,"I work, too. /","[ I/PRP ] work/VBP ,/, too/RB ./.","(S (NP-SBJ (PRP I)) (VP (VBP work) (, ,) (ADVP (RB too))) (. .) (-DFL- E_S))",146,260.02,260.46
sw04utt/sw_0434_3809.utt,3/sw3809,3809,110,b,A,51,1,"[ Enj-, + enjoying ] it <laughter>. -/","[ Enj/VBG ] ,/, enjoying/VBG  [ it/PRP ] ./.","(S (NP-SBJ (-NONE- *)) (EDITED (RM (-DFL- \[)) (VP-UNF (VBG Enj-)) (, ,) (IP (-DFL- \+))) (VP (VBG enjoying) (RS (-DFL- \])) (NP (PRP it))) (. .) (-DFL- N_S))",148,260.48,261.62
sw04utt/sw_0434_3809.utt,3/sw3809.pos,3809,111,x,B,52,1,<Laughter>.,./.,,,0.0,0.0
sw04utt/sw_0434_3809.utt,3/sw3809,3809,112,qw,A,53,1,What kind of work do you do? /,[ What/WDT kind/NN ] of/IN  [ work/NN ] do/VBP  [ you/PRP ] do/VB ?/.,(SBARQ (WHNP-1 (WHNP (WDT What) (NN kind)) (PP (IN of) (NP (NN work)))) (SQ (VBP do) (NP-SBJ (PRP you)) (VP (VB do) (NP (-NONE- *T*-1)))) (. ?) (-DFL- E_S)),151,261.62,262.92
sw04utt/sw_0434_3809.utt,3/sw3809,3809,113,sd,B,54,1,I'm a nurse. /,[ I/PRP ] 'm/VBP  [ a/DT nurse/NN ] ./.,(S (NP-SBJ (PRP I)) (VP (VBP 'm) (NP-PRD (DT a) (NN nurse))) (. .) (-DFL- E_S)),153,263.24,264.09999999999997
sw04utt/sw_0434_3809.utt,3/sw3809,3809,114,ba,A,55,1,"{D Well, } good. /","Well/UH ,/,  [ good/JJ ] ./.","(INTJ (INTJ (UH Well)) (, ,) (INTJ (JJ good)) (. .) (-DFL- E_S))",155,264.1,264.56
sw04utt/sw_0434_3809.utt,3/sw3809,3809,115,sd,B,56,1,"{C And } I work at Medical Treatment Center, {F uh, } which is at [ Garl-, + {F uh, } Jupiter ] and Arapaho. /","And/CC  [ I/PRP ] work/VBP at/IN  [ Medical/NNP Treatment/NNP Center/NNP ] ,/,  [ uh/UH ] ,/,  [ which/WDT ] is/VBZ at/IN  [ Garl-/NNP ] ,/,  [ uh/UH ] ,/,  [ Jupiter/NNP ] and/CC  [ Arapaho/NNP ] ./.","(S (CC And) (NP-SBJ (PRP I)) (VP (VBP work) (PP-LOC (IN at) (NP (NP (NNP Medical) (NNP Treatment) (NNP Center)) (, ,) (INTJ (UH uh)) (, ,) (SBAR (WHNP-1 (WDT which)) (S (NP-SBJ (-NONE- *T*-1)) (VP (VBZ is) (PP-LOC-PRD (IN at) (EDITED (RM (-DFL- \[)) (NP-UNF (NNP Garl-)) (, ,) (IP (-DFL- \+))) (INTJ (UH uh)) (, ,) (NP (NNP Jupiter) (RS (-DFL- \])) (CC and) (NNP Arapaho))))))))) (. .) (-DFL- E_S))",157,264.66,270.09999999999997
sw04utt/sw_0434_3809.utt,3/sw3809,3809,116,b,A,57,1,Right <sniffing>.  /,[ Right/UH ] ./.,(INTJ (UH Right) (. .) (-DFL- E_S)),159,270.1,270.56
sw04utt/sw_0434_3809.utt,3/sw3809,3809,117,qy^d,A,57,2,Married? /,Married/JJ ?/.,(ADJP (JJ Married) (. ?) (-DFL- E_S)),160,271.34,271.76
sw04utt/sw_0434_3809.utt,3/sw3809,3809,118,nn,B,58,1,No. /,[ No/UH ] ./.,(INTJ (UH No) (. .) (-DFL- E_S)),162,272.46,272.71999999999997
sw04utt/sw_0434_3809.utt,3/sw3809,3809,119,b,A,59,1,Yeah.  /,Yeah/UH ./.,(INTJ (UH Yeah) (. .) (-DFL- E_S)),164,273.1,273.36
sw04utt/sw_0434_3809.utt,3/sw3809,3809,120,sd^t,A,59,2,"{D Well, } trying to think what else I can say in <laughter> regards to this subject. /","Well/UH ,/, trying/VBG to/TO think/VB  [ what/WP ] else/RB  [ I/PRP ] can/MD say/VB in/IN  [ regards/NNS ] to/IN  [ this/DT subject/NN ] ./.","(S (INTJ (UH Well)) (, ,) (NP-SBJ-2 (-NONE- *)) (VP (VBG trying) (S (NP-SBJ (-NONE- *-2)) (VP (TO to) (VP (VB think) (SBAR (WHNP-1 (WHNP (WP what)) (ADVP (RB else))) (S (NP-SBJ (PRP I)) (VP (MD can) (VP (VB say) (NP (-NONE- *T*-1)) (PP (IN in) (NP (NP (NNS regards)) (PP (IN to) (NP (DT this) (NN subject))))))))))))) (. .) (-DFL- E_S))",165,275.56,279.08
sw04utt/sw_0434_3809.utt,3/sw3809,3809,121,h,B,60,1,"I don't know,  /","[ I/PRP ] do/VBP n't/RB know/VB ,/,","(S (NP-SBJ (PRP I)) (VP (VBP do) (RB n't) (VP (VB know))) (, ,) (-DFL- E_S))",167,279.32,279.96
sw04utt/sw_0434_3809.utt,3/sw3809,3809,122,sd^t,B,60,2,"I'm kind of [ out of, + out of ] things. /","[ I/PRP ] 'm/VBP kind/RB of/RB out/IN of/IN ,/, out/IN of/IN  [ things/NNS ] ./.","(S (NP-SBJ (PRP I)) (VP (VBP 'm) (ADVP (RB kind) (RB of)) (EDITED (RM (-DFL- \[)) (PP-PRD (IN out) (PP-UNF (IN of))) (, ,) (IP (-DFL- \+))) (PP-PRD (IN out) (PP (IN of) (RS (-DFL- \])) (NP (NNS things))))) (. .) (-DFL- E_S))",168,281.0,282.90000000000003
sw04utt/sw_0434_3809.utt,3/sw3809,3809,123,qy^d,A,61,1,"You see the old, {F uh, } cigarette ads, {D you know, } about you've come a long way. /","[ You/PRP ] see/VBP  [ the/DT old/JJ ] ,/,  [ uh/UH ] ,/,  [ cigarette/NN ads/NNS ] ,/,  [ you/PRP ] know/VBP ,/, about/IN  [ you/PRP ] 've/VBP come/VBN  [ a/DT long/JJ way/NN ] ./.","(S (NP-SBJ (PRP You)) (VP (VBP see) (NP (NP (DT the) (JJ old) (, ,) (INTJ (UH uh)) (, ,) (NN cigarette) (NNS ads)) (PRN (, ,) (S (NP-SBJ (PRP you)) (VP (VBP know))) (, ,)) (PP (IN about) (S-SEZ (NP-SBJ (PRP you)) (VP (VBP 've) (VP (VBN come) (NP (DT a) (JJ long) (NN way)))))))) (. .) (-DFL- E_S))",170,283.28,287.97999999999996
sw04utt/sw_0434_3809.utt,3/sw3809,3809,124,qy^m,B,62,1,You've come a long way baby? /,[ You/PRP ] 've/VBP come/VBN  [ a/DT long/JJ way/NN baby/NN ] ?/.,(S-SEZ (NP-SBJ (PRP You)) (VP (VBP 've) (VP (VBN come) (NP (DT a) (JJ long) (NN way)) (NP-VOC (NN baby)))) (. ?) (-DFL- E_S)),172,287.98,290.32
sw04utt/sw_0434_3809.utt,3/sw3809,3809,125,b^m,A,63,1,"Baby,  /","[ Baby/NN ] ,/,","(NP-VOC (NN Baby) (, ,) (-DFL- E_S))",174,290.32,290.7
sw04utt/sw_0434_3809.utt,3/sw3809,3809,126,na,A,63,2,"right,  /","right/UH ,/,","(INTJ (UH right) (, ,) (-DFL- E_S))",175,290.72,291.14000000000004
sw04utt/sw_0434_3809.utt,3/sw3809,3809,127,%,A,63,3,"{C and, }  {F uh, } -/","and/CC ,/,  [ uh/UH ] ,/,","(S-UNF (CC and) (, ,) (INTJ (UH uh)) (, ,) (-DFL- N_S))",176,291.14,291.36
sw04utt/sw_0434_3809.utt,3/sw3809,3809,128,b,B,64,1,Right. /,[ Right/UH ] ./.,(INTJ (UH Right) (. .) (-DFL- E_S)),159,291.36,291.66
sw04utt/sw_0434_3809.utt,3/sw3809,3809,129,sv,A,65,1,"You think about this [ when you come to, + when it comes to ]  a subject like that  /","[ You/PRP ] think/VBP about/IN  [ this/DT ] when/WRB  [ you/PRP ] come/VBP to/IN ,/, when/WRB  [ it/PRP ] comes/VBZ to/IN  [ a/DT subject/NN ] like/IN that/DT","(S (NP-SBJ (PRP You)) (VP (VBP think) (PP (IN about) (NP (DT this))) (SBAR-TMP (EDITED (RM (-DFL- \[)) (SBAR-TMP (WHADVP (WRB when)) (S (NP-SBJ (PRP you)) (VP (VBP come) (PP-UNF (IN to))))) (, ,) (IP (-DFL- \+))) (WHADVP-1 (WRB when)) (S (NP-SBJ (PRP it)) (VP (VBZ comes) (PP (IN to) (RS (-DFL- \])) (NP (NP (DT a) (NN subject)) (PP (IN like) (NP (DT that))))) (ADVP-TMP (-NONE- *T*-1)))))) (-DFL- E_S))",180,292.14,295.2
sw04utt/sw_0434_3809.utt,3/sw3809,3809,130,sv,A,65,2,{C and } it's really true.  /,and/CC  [ it/PRP ] 's/BES really/RB true/JJ ./.,(S (CC and) (NP-SBJ (PRP it)) (VP (BES 's) (ADJP-PRD (RB really) (JJ true))) (. .) (-DFL- E_S)),181,295.2,297.04
sw04utt/sw_0434_3809.utt,3/sw3809,3809,131,sv,A,65,3,Women have come a long way  /,[ Women/NNS ] have/VBP come/VBN  [ a/DT long/JJ way/NN ],(S (NP-SBJ (NNS Women)) (VP (VBP have) (VP (VBN come) (NP (DT a) (JJ long) (NN way)))) (-DFL- E_S)),182,297.26,298.40000000000003
sw04utt/sw_0434_3809.utt,3/sw3809,3809,132,%,A,65,4,"{C and, } {D you know,  } -/","and/CC ,/,  [ you/PRP ] know/VBP ,/,","(S-UNF (CC and) (PRN (, ,) (S (NP-SBJ (PRP you)) (VP (VBP know)))) (, ,) (-DFL- N_S))",183,298.4,299.12
