swda_filename,ptb_basename,conversation_no,transcript_index,act_tag,caller,utterance_index,subutterance_index,text,pos,trees,ptb_treenumbers,start_ts,end_ts
sw01utt/sw_0136_4099.utt,4/sw4099,4099,0,o,A,1,1,Kay. /,[ Kay/UH ] ./.,(INTJ (UH Kay) (. .) (-DFL- E_S)),1,0.04,0.27999999999999997
sw01utt/sw_0136_4099.utt,4/sw4099,4099,1,b,B,2,1,Okay. /,Okay/UH ./.,(INTJ (UH Okay) (. .) (-DFL- E_S)),3,0.52,0.74
sw01utt/sw_0136_4099.utt,4/sw4099,4099,2,sd^t,A,3,1,"I guess we're talking about exercise, {F huh? } /","[ I/PRP ] guess/VBP  [ we/PRP ] 're/VBP talking/VBG about/IN  [ exercise/NN ] ,/, huh/UH ?/.","(S (NP-SBJ (PRP I)) (VP (VBP guess) (SBAR (-NONE- 0) (S (NP-SBJ (PRP we)) (VP (VBP 're) (VP (VBG talking) (PP (IN about) (NP (NN exercise))))))) (, ,) (INTJ (UH huh))) (. ?) (-DFL- E_S))",5,0.74,2.3000000000000003
sw01utt/sw_0136_4099.utt,4/sw4099,4099,3,aa,B,4,1,"Yeah,  /","Yeah/UH ,/,","(INTJ (UH Yeah) (, ,) (-DFL- E_S))",7,2.54,2.98
sw01utt/sw_0136_4099.utt,4/sw4099,4099,4,aa^r,B,4,2,yeah.  /,yeah/UH ./.,(INTJ (UH yeah) (. .) (-DFL- E_S)),8,3.1,3.3200000000000003
sw01utt/sw_0136_4099.utt,4/sw4099,4099,5,qw,B,4,3,"{D Well } first of all  [ I, + I ] [ ha-, + have ] to ask you [ how, + how ] old you are? /","Well/UH  [ first/JJ ] of/IN  [ all/DT ] [ I/PRP ] ,/,  [ I/PRP ha/VBP ] ,/, have/VBP to/TO ask/VB  [ you/PRP ] how/WRB ,/, how/WRB  [ old/JJ you/PRP ] are/VBP ?/.","(S (INTJ (UH Well)) (ADVP (JJ first) (PP (IN of) (NP (DT all)))) (EDITED (RM (-DFL- \[)) (NP-SBJ (PRP I)) (, ,) (IP (-DFL- \+))) (NP-SBJ-1 (PRP I)) (RS (-DFL- \])) (EDITED (RM (-DFL- \[)) (VP-UNF (VBP ha-)) (, ,) (IP (-DFL- \+))) (VP (VBP have) (RS (-DFL- \])) (S (NP-SBJ (-NONE- *-1)) (VP (TO to) (VP (VB ask) (NP (PRP you)) (SBARQ-SEZ (EDITED (RM (-DFL- \[)) (WHADJP-UNF (WRB how)) (, ,) (IP (-DFL- \+))) (WHADJP-2 (WRB how) (RS (-DFL- \])) (JJ old)) (SQ (NP-SBJ (PRP you)) (VP (VBP are) (ADJP-PRD (-NONE- *T*-2))))))))) (. ?) (-DFL- E_S))",9,3.32,5.56
sw01utt/sw_0136_4099.utt,4/sw4099,4099,6,sd,A,5,1,"{F Oh, } I am twenty-seven. /","Oh/UH ,/,  [ I/PRP ] am/VBP twenty-seven/CD ./.","(S (INTJ (UH Oh)) (, ,) (NP-SBJ (PRP I)) (VP (VBP am) (NP-PRD (CD twenty-seven))) (. .) (-DFL- E_S))",11,5.74,7.04
sw01utt/sw_0136_4099.utt,4/sw4099,4099,7,b^m,B,6,1,"Twenty-seven,  /","[ Twenty-seven/CD ] ,/,","(NP (CD Twenty-seven) (, ,) (-DFL- E_S))",13,7.22,7.779999999999999
sw01utt/sw_0136_4099.utt,4/sw4099,4099,8,b,B,6,2,okay.  /,[ okay/UH ] ./.,(INTJ (UH okay) (. .) (-DFL- E_S)),14,7.78,8.200000000000001
sw01utt/sw_0136_4099.utt,4/sw4099,4099,9,sd,B,6,3,"{D Well, }  I am quite a bit older than you are <laughter>. /","Well/UH ,/,  [ I/PRP ] am/VBP quite/RB  [ a/DT bit/NN ] older/JJR than/IN  [ you/PRP ] are/VBP ./.","(S (INTJ (UH Well)) (, ,) (NP-SBJ (PRP I)) (VP (VBP am) (ADJP-PRD (ADJP (NP-ADV (RB quite) (DT a) (NN bit)) (JJR older)) (SBAR (IN than) (S (NP-SBJ (PRP you)) (VP (VBP are) (ADJP-PRD (-NONE- *?*))))))) (. .) (-DFL- E_S))",15,8.52,10.120000000000001
sw01utt/sw_0136_4099.utt,4/sw4099.pos,4099,10,x,A,7,1,<Laughter>.,./.,,,0.0,0.0
sw01utt/sw_0136_4099.utt,4/sw4099,4099,11,o,B,8,1,"{C But, }  no.  /","But/CC ,/, no/UH ./.","(FRAG (CC But) (, ,) (INTJ (UH no)) (. .) (-DFL- E_S))",18,10.14,12.02
sw01utt/sw_0136_4099.utt,4/sw4099,4099,12,sv,B,8,2,I think exercise is  extremely important  /,[ I/PRP ] think/VBP  [ exercise/NN ] is/VBZ extremely/RB important/JJ,(S (NP-SBJ (PRP I)) (VP (VBP think) (SBAR (-NONE- 0) (S (NP-SBJ (NN exercise)) (VP (VBZ is) (ADJP-PRD (RB extremely) (JJ important)))))) (-DFL- E_S)),19,12.24,14.2
sw01utt/sw_0136_4099.utt,4/sw4099,4099,13,sd,B,8,3,{C and } [ I + I ] do exercise on a regular basis. /,and/CC  [ I/PRP ] [ I/PRP ] do/VBP exercise/VB on/IN  [ a/DT regular/JJ basis/NN ] ./.,(S (CC and) (EDITED (RM (-DFL- \[)) (NP-SBJ (PRP I)) (IP (-DFL- \+))) (NP-SBJ (PRP I)) (RS (-DFL- \])) (VP (VBP do) (VP (VB exercise) (PP (IN on) (NP (DT a) (JJ regular) (NN basis))))) (. .) (-DFL- E_S)),20,14.2,16.779999999999998
sw01utt/sw_0136_4099.utt,4/sw4099,4099,14,bh,A,9,1,You do?  /,[ You/PRP ] do/VBP ?/.,(S (NP-SBJ (PRP You)) (VP (VBP do)) (. ?) (-DFL- E_S)),22,16.78,17.2
sw01utt/sw_0136_4099.utt,4/sw4099,4099,15,qw,A,9,2,What type of exercise do you do? /,[ What/WP type/NN ] of/IN  [ exercise/NN ] do/VBP  [ you/PRP ] do/VB ?/.,(SBARQ (WHNP-1 (WHNP (WP What) (NN type)) (PP (IN of) (NP (NN exercise)))) (SQ (VBP do) (NP-SBJ (PRP you)) (VP (VB do) (NP (-NONE- *T*-1)))) (. ?) (-DFL- E_S)),23,17.2,18.64
sw01utt/sw_0136_4099.utt,4/sw4099,4099,16,sd,B,10,1,"{D Well, } I do, {F uh, } jazzercise --","Well/UH ,/,  [ I/PRP ] do/VBP ,/,  [ uh/UH ] ,/,  [ jazzercise/NN ] --/:","(S (INTJ (UH Well)) (, ,) (NP-SBJ (PRP I)) (VP (VBP do) (, ,) (INTJ (UH uh)) (, ,) (NP (NP (NN jazzercise)) (SBAR (WHNP-1 (WDT which)) (S (NP-SBJ (-NONE- *T*-1)) (VP (VBZ is) (NP-PRD (NP (DT an) (JJ aerobic) (, ,) (INTJ (UH uh)) (, ,) (NN program)) (SBAR-UNF (WHNP (WDT that))))))))) (, ,) (-DFL- N_S))",25,18.68,20.5
sw01utt/sw_0136_4099.utt,4/sw4099,4099,17,bf,A,11,1,{F Oh } you do. /,Oh/UH  [ you/PRP ] do/VBP ./.,(S (INTJ (UH Oh)) (NP-SBJ (PRP you)) (VP (VBP do)) (. .) (-DFL- E_S)),27,20.8,21.04
sw01utt/sw_0136_4099.utt,4/sw4099,4099,18,+,B,12,1,"-- which is an aerobic, {F uh, } <smack> program  that, - /","--/:  [ which/WDT ] is/VBZ  [ an/DT aerobic/JJ ] ,/,  [ uh/UH ] ,/,  [ program/NN ] that/WDT ,/,","(S (INTJ (UH Well)) (, ,) (NP-SBJ (PRP I)) (VP (VBP do) (, ,) (INTJ (UH uh)) (, ,) (NP (NP (NN jazzercise)) (SBAR (WHNP-1 (WDT which)) (S (NP-SBJ (-NONE- *T*-1)) (VP (VBZ is) (NP-PRD (NP (DT an) (JJ aerobic) (, ,) (INTJ (UH uh)) (, ,) (NN program)) (SBAR-UNF (WHNP (WDT that))))))))) (, ,) (-DFL- N_S))",25,21.06,24.86
sw01utt/sw_0136_4099.utt,4/sw4099,4099,19,qy,B,12,2,are you familiar with it? /,are/VBP  [ you/PRP ] familiar/JJ with/IN  [ it/PRP ] ?/.,(SQ (VBP are) (NP-SBJ (PRP you)) (ADJP-PRD (JJ familiar) (PP (IN with) (NP (PRP it)))) (. ?) (-DFL- E_S)),29,24.96,25.94
sw01utt/sw_0136_4099.utt,4/sw4099,4099,20,ny,A,13,1,Yes. /,Yes/UH ./.,(INTJ (UH Yes) (. .) (-DFL- E_S)),31,26.16,26.36
sw01utt/sw_0136_4099.utt,4/sw4099,4099,21,sd,B,14,1,"It's, {F uh, } {D you know, } a national  company  /","[ It/PRP ] [ 's/BES ] ,/,  [ uh/UH ] ,/,  [ you/PRP ] know/VBP ,/,  [ a/DT national/JJ company/NN ]","(S (NP-SBJ (PRP It)) (VP (BES 's) (, ,) (INTJ (UH uh)) (PRN (, ,) (S (NP-SBJ (PRP you)) (VP (VBP know))) (, ,)) (NP-PRD (DT a) (JJ national) (NN company))) (-DFL- E_S))",33,26.84,28.34
sw01utt/sw_0136_4099.utt,4/sw4099,4099,22,sd,B,14,2,{C and } we have a jazzercise center here in Plano that has classes {D like } all day long  /,and/CC  [ we/PRP ] have/VBP  [ a/DT jazzercise/NN center/NN ] here/RB in/IN  [ Plano/NNP ] [ that/WDT ] has/VBZ  [ classes/NNS ] like/IN  [ all/DT day/NN ] long/JJ,(S (CC and) (NP-SBJ (PRP we)) (VP (VBP have) (NP (NP (DT a) (NN jazzercise) (NN center)) (SBAR (-NONE- *ICH*-2))) (ADVP-LOC (RB here) (PP (IN in) (NP (NNP Plano)))) (SBAR-2 (WHNP-1 (WDT that)) (S (NP-SBJ (-NONE- *T*-1)) (VP (VBZ has) (NP (NNS classes)) (INTJ (UH like)) (NP-TMP (NP (DT all) (NN day)) (ADVP (JJ long))))))) (-DFL- E_S)),34,28.34,33.58
sw01utt/sw_0136_4099.utt,4/sw4099,4099,23,%,B,14,3,"{C so } you can, -/","so/RB  [ you/PRP ] can/MD ,/,","(S (RB so) (NP-SBJ (PRP you)) (VP-UNF (MD can)) (, ,) (-DFL- N_S))",35,33.92,34.18
sw01utt/sw_0136_4099.utt,4/sw4099,4099,24,qy,A,15,1,Are they different from aerobics  /,[ Are/VBP they/PRP ] different/JJ from/IN  [ aerobics/NNS ],(SQ (VBP Are) (NP-SBJ (PRP they)) (ADJP-PRD (JJ different) (PP (IN from) (NP (NNS aerobics)))) (-DFL- E_S)),37,34.18,35.699999999999996
sw01utt/sw_0136_4099.utt,4/sw4099,4099,25,qrr,A,15,2,{C or } is it the same thing? /,or/CC is/VBZ  [ it/PRP ] [ the/DT same/JJ thing/NN ] ?/.,(SQ (CC or) (VBZ is) (NP-SBJ (PRP it)) (NP-PRD (DT the) (JJ same) (NN thing)) (. ?) (-DFL- E_S)),38,35.72,36.62
sw01utt/sw_0136_4099.utt,4/sw4099,4099,26,nn,B,16,1,No  /,No/UH,(INTJ (UH No) (-DFL- E_S)),40,36.62,36.86
sw01utt/sw_0136_4099.utt,4/sw4099,4099,27,sd^e,B,16,2,"[ it's really, + it's ]  an aerobic routine.  /","[ it/PRP ] 's/BES really/RB ,/,  [ it/PRP ] 's/BES  [ an/DT aerobic/JJ routine/NN ] ./.","(S (EDITED (RM (-DFL- \[)) (S (NP-SBJ (PRP it)) (VP-UNF (BES 's) (ADVP (RB really)))) (, ,) (IP (-DFL- \+))) (NP-SBJ (PRP it)) (VP (BES 's) (RS (-DFL- \])) (NP-PRD (DT an) (JJ aerobic) (NN routine))) (. .) (-DFL- E_S))",41,36.86,39.52
sw01utt/sw_0136_4099.utt,4/sw4099,4099,28,sd,B,16,3,"[ Yo-, + you ] warm up  /","[ Yo-/PRP ] ,/,  [ you/PRP ] warm/VBP up/RP","(S (EDITED (RM (-DFL- \[)) (NP-SBJ-UNF (PRP Yo-)) (, ,) (IP (-DFL- \+))) (NP-SBJ (PRP you)) (RS (-DFL- \])) (VP (VBP warm) (PRT (RP up))) (-DFL- E_S))",42,39.66,40.4
sw01utt/sw_0136_4099.utt,4/sw4099,4099,29,sd,B,16,4,"{C and then } you have thirty minutes of aerobic activity starting,  {D you know, } slowly and then working up to, {F uh, } {D you know, } a high  heart rate  /","and/CC then/RB  [ you/PRP ] have/VBP  [ thirty/CD minutes/NNS ] of/IN  [ aerobic/JJ activity/NN ] starting/VBG ,/,  [ you/PRP ] know/VBP ,/, slowly/RB and/CC then/RB working/VBG up/IN to/IN ,/,  [ uh/UH ] ,/,  [ you/PRP ] know/VBP ,/,  [ a/DT high/JJ heart/NN rate/NN ]","(S (CONJP (CC and) (RB then)) (NP-SBJ-1 (PRP you)) (VP (VBP have) (NP (NP (CD thirty) (NNS minutes)) (PP (IN of) (NP (JJ aerobic) (NN activity)))) (S-ADV (NP-SBJ (-NONE- *-1)) (VP (VP (VBG starting) (PRN (, ,) (S (NP-SBJ (PRP you)) (VP (VBP know))) (, ,)) (ADVP-MNR (RB slowly))) (CONJP (CC and) (RB then)) (VP (VBG working) (PP (IN up) (PP (IN to) (, ,) (INTJ (UH uh)) (PRN (, ,) (S (NP-SBJ (PRP you)) (VP (VBP know))) (, ,)) (NP (DT a) (JJ high) (NN heart) (NN rate)))))))) (-DFL- E_S))",43,40.4,47.88
sw01utt/sw_0136_4099.utt,4/sw4099,4099,30,sd,B,16,5,{C and then } you gradually go down again. /,and/CC then/RB  [ you/PRP ] gradually/RB go/VBP down/RP again/RB ./.,(S (CONJP (CC and) (RB then)) (NP-SBJ (PRP you)) (ADVP-MNR (RB gradually)) (VP (VBP go) (ADVP (RP down)) (ADVP (RB again))) (. .) (-DFL- E_S)),44,47.88,49.74
sw01utt/sw_0136_4099.utt,4/sw4099,4099,31,qy^d,A,17,1,{C And } you do that every day  /,And/CC  [ you/PRP ] do/VBP that/DT  [ every/DT day/NN ],(S (CC And) (NP-SBJ (PRP you)) (VP (VBP do) (NP (DT that)) (NP-TMP (DT every) (NN day))) (-DFL- E_S)),46,49.88,50.86
sw01utt/sw_0136_4099.utt,4/sw4099,4099,32,%,A,17,2,"{C or, } -/","or/CC ,/,","(S-UNF (CC or) (, ,) (-DFL- N_S))",47,50.86,50.9
sw01utt/sw_0136_4099.utt,4/sw4099,4099,33,nn,B,18,1,"No,  /","No/UH ,/,","(INTJ (UH No) (, ,) (-DFL- E_S))",49,51.32,51.58
sw01utt/sw_0136_4099.utt,4/sw4099,4099,34,sd^e,B,18,2,I only do it <throat_clearing>  probably two or three times a week. /,[ I/PRP ] only/RB do/VBP  [ it/PRP ] probably/RB  [ two/CD ] or/CC  [ three/CD times/NNS ] [ a/DT week/NN ] ./.,(S (NP-SBJ (PRP I)) (ADVP (RB only)) (VP (VBP do) (NP (PRP it)) (ADVP (RB probably)) (NP-TMP (NP (QP (CD two) (CC or) (CD three)) (NNS times)) (NP-ADV (DT a) (NN week)))) (. .) (-DFL- E_S)),50,51.58,54.38
sw01utt/sw_0136_4099.utt,4/sw4099,4099,35,bk,A,19,1,"{F Oh, } okay. /","Oh/UH ,/, okay/UH ./.","(INTJ (INTJ (UH Oh)) (, ,) (INTJ (UH okay)) (. .) (-DFL- E_S))",52,54.54,54.96
sw01utt/sw_0136_4099.utt,4/sw4099,4099,36,sd,B,20,1,The minimum they want you to do is three times a week. /,[ The/DT minimum/NN ] [ they/PRP ] want/VBP  [ you/PRP ] to/TO do/VB is/VBZ  [ three/CD times/NNS ] [ a/DT week/NN ] ./.,(S (NP-SBJ (NP (DT The) (NN minimum)) (SBAR (WHNP-1 (-NONE- 0)) (S (NP-SBJ (PRP they)) (VP (VBP want) (S (NP-SBJ (PRP you)) (VP (TO to) (VP (VB do) (NP (-NONE- *T*-1))))))))) (VP (VBZ is) (NP-PRD (NP (CD three) (NNS times)) (NP-ADV (DT a) (NN week)))) (. .) (-DFL- E_S)),54,55.14,57.4
sw01utt/sw_0136_4099.utt,4/sw4099,4099,37,qy^d,A,21,1,{C And } this is a club  /,And/CC  [ this/DT ] is/VBZ  [ a/DT club/NN ],(S (CC And) (NP-SBJ (DT this)) (VP (VBZ is) (NP-PRD (DT a) (NN club))) (-DFL- E_S)),56,58.58,59.74
sw01utt/sw_0136_4099.utt,4/sw4099,4099,38,qrr,A,21,2,"{C or, }  {F uh, } do you belong to a group? /","or/CC ,/,  [ uh/UH ] ,/, do/VBP  [ you/PRP ] belong/VB to/IN  [ a/DT group/NN ] ?/.","(SQ (CC or) (, ,) (INTJ (UH uh)) (, ,) (VBP do) (NP-SBJ (PRP you)) (VP (VB belong) (PP (IN to) (NP (DT a) (NN group)))) (. ?) (-DFL- E_S))",57,59.74,62.16
sw01utt/sw_0136_4099.utt,4/sw4099,4099,39,sd,B,22,1,"<Smack> {D Well, } it's really a <smack> - /","Well/UH ,/,  [ it/PRP ] 's/BES really/RB  [ a/DT ]","(S (INTJ (UH Well)) (, ,) (NP-SBJ (PRP it)) (VP (BES 's) (ADVP (RB really)) (NP-PRD-UNF (DT a))) (-DFL- N_S))",59,62.62,63.64
sw01utt/sw_0136_4099.utt,4/sw4099,4099,40,sd,B,22,2,{E I mean }  <noise> it's called a center  /,[ I/PRP ] mean/VBP  [ it/PRP ] 's/BES called/VBN  [ a/DT center/NN ],(S (PRN (S (NP-SBJ (PRP I)) (VP (VBP mean)))) (NP-SBJ-1 (PRP it)) (VP (BES 's) (VP (VBN called) (S (NP-SBJ (-NONE- *-1)) (NP-PRD (DT a) (NN center))))) (-DFL- E_S)),60,63.64,66.78
sw01utt/sw_0136_4099.utt,4/sw4099,4099,41,sd,B,22,3,{C and } you buy as many classes as you want to <noise>  at a time  /,and/CC  [ you/PRP ] buy/VBP as/RB  [ many/JJ classes/NNS ] as/IN  [ you/PRP ] want/VBP to/TO at/IN  [ a/DT time/NN ],(S (CC and) (NP-SBJ (PRP you)) (VP (VBP buy) (NP (NP (ADJP (RB as) (JJ many)) (NNS classes)) (SBAR (IN as) (S (NP-SBJ-1 (PRP you)) (VP (VBP want) (S (NP-SBJ (-NONE- *-1)) (VP (TO to) (VP (-NONE- *?*))))))) (PP-TMP (IN at) (NP (DT a) (NN time))))) (-DFL- E_S)),61,66.78,69.53999999999999
sw01utt/sw_0136_4099.utt,4/sw4099,4099,42,sd,B,22,4,{C and then } you just go in whenever you can.  /,and/CC then/RB  [ you/PRP ] just/RB go/VBP in/IN whenever/WP  [ you/PRP ] can/MD ./.,(S (CONJP (CC and) (RB then)) (NP-SBJ (PRP you)) (ADVP (RB just)) (VP (VBP go) (ADVP (IN in)) (SBAR-TMP (WHADVP-1 (WP whenever)) (S (NP-SBJ (PRP you)) (VP (MD can) (VP (-NONE- *?*) (ADVP-TMP (-NONE- *T*-1))))))) (. .) (-DFL- E_S)),62,69.54,71.16000000000001
sw01utt/sw_0136_4099.utt,4/sw4099,4099,43,sd,B,22,5,"{C So, }  {D like }  I usually choose to go at nine thirty in the morning or a nine fifteen class or a ten thirty class in the mornings. /","So/RB ,/, like/IN  [ I/PRP ] usually/RB choose/VBP to/TO go/VB at/IN  [ nine/CD thirty/CD ] in/IN  [ the/DT morning/NN ] or/CC  [ a/DT nine/CD fifteen/CD class/NN ] or/CC  [ a/DT ten/CD thirty/CD class/NN ] in/IN  [ the/DT mornings/NNS ] ./.","(S (RB So) (, ,) (INTJ (UH like)) (NP-SBJ-1 (PRP I)) (ADVP-TMP (RB usually)) (VP (VBP choose) (S (NP-SBJ (-NONE- *-1)) (VP (TO to) (VP (VB go) (PP-TMP (IN at) (NP (NP (CD nine) (CD thirty)) (PP-TMP (IN in) (NP (DT the) (NN morning))))))))))|||(FRAG (CC or) (NP (NP (NP (DT a) (CD nine) (CD fifteen) (NN class)) (CC or) (NP (DT a) (CD ten) (CD thirty) (NN class))) (PP-TMP (IN in) (NP (DT the) (NNS mornings)))) (. .) (-DFL- E_S))",63|||64,71.88,78.42
sw01utt/sw_0136_4099.utt,4/sw4099,4099,44,qy,A,23,1,Do you go with friends  /,Do/VBP  [ you/PRP ] go/VB with/IN  [ friends/NNS ],(SQ (VBP Do) (NP-SBJ (PRP you)) (VP (VB go) (PP (IN with) (NP (NNS friends)))) (-DFL- E_S)),66,78.42,79.52000000000001
sw01utt/sw_0136_4099.utt,4/sw4099,4099,45,qrr,A,23,2,{C or } do you go alone? /,or/CC do/VBP  [ you/PRP ] go/VB alone/JJ ?/.,(SQ (CC or) (VBP do) (NP-SBJ (PRP you)) (VP (VB go) (ADVP-MNR (JJ alone))) (. ?) (-DFL- E_S)),67,79.52,80.16
sw01utt/sw_0136_4099.utt,4/sw4099,4099,46,nn,B,24,1,"<Smack> No,  /","No/UH ,/,","(INTJ (UH No) (, ,) (-DFL- E_S))",49,80.36,80.62
sw01utt/sw_0136_4099.utt,4/sw4099,4099,47,sd^e,B,24,2,I go by myself  /,[ I/PRP ] go/VBP by/IN  [ myself/PRP ],(S (NP-SBJ (PRP I)) (VP (VBP go) (PP (IN by) (NP (PRP myself)))) (-DFL- E_S)),70,80.62,81.64
sw01utt/sw_0136_4099.utt,4/sw4099,4099,48,sd,B,24,3,{C and } that's one of the frustrating things cause I can find very few people to go with me -- /,and/CC  [ that/DT ] 's/BES  [ one/CD ] of/IN  [ the/DT frustrating/JJ things/NNS ] cause/IN  [ I/PRP ] can/MD find/VB  [ very/RB few/JJ people/NNS ] to/TO go/VB with/IN  [ me/PRP ] --/:,(S (CC and) (NP-SBJ (DT that)) (VP (BES 's) (NP-PRD (NP (CD one)) (PP (IN of) (NP (DT the) (JJ frustrating) (NNS things)))) (SBAR-PRP (IN cause) (S (NP-SBJ (PRP I)) (VP (MD can) (VP (VB find) (NP (NP (ADJP (RB very) (JJ few)) (NNS people)) (SBAR (WHNP-1 (-NONE- 0)) (S (NP-SBJ (-NONE- *T*-1)) (VP (TO to) (VP (VB go) (PP (IN with) (NP (PRP me))))))))))))) (-DFL- E_S)),71,81.64,86.22
sw01utt/sw_0136_4099.utt,4/sw4099,4099,49,b,A,25,1,Yeah. /,Yeah/UH ./.,(INTJ (UH Yeah) (. .) (-DFL- E_S)),73,86.54,86.98
sw01utt/sw_0136_4099.utt,4/sw4099,4099,50,sd,B,26,1,-- {C and } most of my friends  that are my age don't exercise <laughter>  /,--/: and/CC  [ most/JJS ] of/IN  [ my/PRP$ friends/NNS ] [ that/WDT ] are/VBP  [ my/PRP$ age/NN ] do/VBP n't/RB exercise/VB,(S (CC and) (NP-SBJ (NP (JJS most)) (PP (IN of) (NP (NP (PRP$ my) (NNS friends)) (SBAR (WHNP-1 (WDT that)) (S (NP-SBJ (-NONE- *T*-1)) (VP (VBP are) (NP-PRD (PRP$ my) (NN age)))))))) (VP (VBP do) (RB n't) (VP (VB exercise))) (-DFL- E_S)),75,87.02,90.62
sw01utt/sw_0136_4099.utt,4/sw4099,4099,51,sd,B,26,2,{C or } they might play tennis -- /,or/CC  [ they/PRP ] might/MD play/VB  [ tennis/NN ] --/:,(S (CC or) (NP-SBJ (PRP they)) (VP (MD might) (VP (VB play) (NP (NN tennis)))) (-DFL- E_S)),76,90.8,91.84
sw01utt/sw_0136_4099.utt,4/sw4099,4099,52,b,A,27,1,<Laughter>  Uh-huh. /,[ Uh-huh/UH ] ./.,(INTJ (UH Uh-huh) (. .) (-DFL- E_S)),78,92.48,92.76
sw01utt/sw_0136_4099.utt,4/sw4099,4099,53,sd,B,28,1,"-- {C and } since I am not a tennis player,  {F uh, } {D you know, } I don't get that,  /","--/: and/CC since/IN  [ I/PRP ] am/VBP not/RB  [ a/DT tennis/NN player/NN ] ,/,  [ uh/UH ] ,/,  [ you/PRP ] know/VBP ,/,  [ I/PRP ] do/VBP n't/RB get/VB  [ that/DT ] ,/,","(S (CC and) (SBAR-PRP (IN since) (S (NP-SBJ (PRP I)) (VP (VBP am) (RB not) (NP-PRD (DT a) (NN tennis) (NN player))))) (, ,) (INTJ (UH uh)) (PRN (, ,) (S (NP-SBJ (PRP you)) (VP (VBP know))) (, ,)) (NP-SBJ (PRP I)) (VP (VBP do) (RB n't) (VP (VB get) (NP (DT that)))) (, ,) (-DFL- E_S))",80,92.76,96.22
sw01utt/sw_0136_4099.utt,4/sw4099,4099,54,sd,B,28,2,"{C but } [ [ I am, + {D you know, } I am between, ] + I am in ] my late forties  -- /","but/CC  [ I/PRP ] am/VBP ,/,  [ you/PRP ] know/VBP ,/,  [ I/PRP ] am/VBP between/IN ,/,  [ I/PRP ] am/VBP in/IN  [ my/PRP$ late/JJ forties/NNS ] --/:","(S (CC but) (EDITED (RM (-DFL- \[)) (EDITED (RM (-DFL- \[)) (S (NP-SBJ (PRP I)) (VP-UNF (VBP am))) (, ,) (IP (-DFL- \+))) (PRN (S (NP-SBJ (PRP you)) (VP (VBP know))) (, ,)) (S (NP-SBJ (PRP I)) (VP (VBP am) (PP-PRD-UNF (IN between)))) (, ,) (RS (-DFL- \])) (IP (-DFL- \+))) (NP-SBJ (PRP I)) (VP (VBP am) (PP-PRD (IN in) (RS (-DFL- \])) (NP (PRP$ my) (JJ late) (NNS forties)))) (-DFL- E_S))",81,96.88,99.22
sw01utt/sw_0136_4099.utt,4/sw4099,4099,55,b,A,29,1,Uh-huh. /,[ Uh-huh/UH ] ./.,(INTJ (UH Uh-huh) (. .) (-DFL- E_S)),78,99.54,99.64
sw01utt/sw_0136_4099.utt,4/sw4099,4099,56,sd,B,30,1,"-- {C so, }  {F uh, } there aren't many people,  {D you know, } that want to do that. /","--/: so/RB ,/,  [ uh/UH ] ,/,  [ there/EX ] are/VBP n't/RB  [ many/JJ people/NNS ] ,/,  [ you/PRP ] know/VBP ,/,  [ that/WDT ] want/VBP to/TO do/VB  [ that/DT ] ./.","(S (RB so) (, ,) (INTJ (UH uh)) (, ,) (NP-SBJ (EX there)) (VP (VBP are) (RB n't) (NP-PRD (NP (JJ many) (NNS people)) (PRN (, ,) (S (NP-SBJ (PRP you)) (VP (VBP know))) (, ,)) (SBAR (WHNP-2 (WDT that)) (S (NP-SBJ-1 (-NONE- *T*-2)) (VP (VBP want) (S (NP-SBJ (-NONE- *-1)) (VP (TO to) (VP (VB do) (NP (DT that)))))))))) (. .) (-DFL- E_S))",85,99.64,103.84
sw01utt/sw_0136_4099.utt,4/sw4099,4099,57,b,A,31,1,Oh <<very faint>>. /,Oh/UH ./.,(INTJ (UH Oh) (. .) (-DFL- E_S)),87,104.18,104.24000000000001
sw01utt/sw_0136_4099.utt,4/sw4099,4099,58,sd,B,32,1,"Most of the people that are in the  classes are young mothers.  {D You know, } [ with + with ] children between the ages, -/","Most/RBS of/IN  [ the/DT people/NNS ] [ that/WDT ] are/VBP in/IN  [ the/DT classes/NNS ] are/VBP  [ young/JJ mothers/NNS ] ./.  [ You/PRP ] know/VBP ,/, with/IN with/IN  [ children/NNS ] between/IN  [ the/DT ages/NNS ] ,/,","(S (NP-SBJ (NP (RBS Most)) (PP (IN of) (NP (NP (DT the) (NNS people)) (SBAR (WHNP-1 (WDT that)) (S (NP-SBJ (-NONE- *T*-1)) (VP (VBP are) (PP-PRD (IN in) (NP (DT the) (NNS classes))))))))) (VP (VBP are) (NP-PRD (NP (JJ young) (NNS mothers)) (PRN (. .) (S (NP-SBJ (PRP You)) (VP (VBP know))) (, ,)) (EDITED (RM (-DFL- \[)) (PP-UNF (IN with)) (IP (-DFL- \+))) (PP (IN with) (RS (-DFL- \])) (NP (NP (NNS children)) (PP (IN between) (NP-UNF (DT the) (NNS ages))))))) (, ,) (-DFL- N_S))",89,104.24,109.14
sw01utt/sw_0136_4099.utt,4/sw4099,4099,59,aa,A,33,1,{F Oh } yeah  /,Oh/UH yeah/UH,(INTJ (INTJ (UH Oh)) (INTJ (UH yeah)) (-DFL- E_S)),91,109.14,109.38
sw01utt/sw_0136_4099.utt,4/sw4099,4099,60,b^m,A,33,2,"<laughter> young mothers or, -/","[ young/JJ mothers/NNS ] or/CC ,/,","(NP-UNF (NP (JJ young) (NNS mothers)) (CC or) (, ,) (-DFL- N_S))",92,109.82,110.55999999999999
sw01utt/sw_0136_4099.utt,4/sw4099,4099,61,sd^r,B,34,1,Young mothers.  /,[ Young/JJ mothers/NNS ] ./.,(NP (JJ Young) (NNS mothers) (. .) (-DFL- E_S)),94,111.02,111.72
sw01utt/sw_0136_4099.utt,4/sw4099,4099,62,sd,B,34,2,"{D You know, } young women,","[ You/PRP ] know/VBP ,/,  [ young/JJ women/NNS ] ,/,","(S (PRN (S (NP-SBJ (PRP You)) (VP (VBP know))) (, ,)) (NP-SBJ (NP (JJ young) (NNS women)) (, ,) (PP (IN with) (NP (JJ small) (NNS children)))) (VP (VBP are) (NP-PRD (NP (DT the) (NNS ones)) (SBAR (WHNP-1 (WDT that)) (S (NP-SBJ (PRP I)) (VP (VBP find) (NP (-NONE- *T*-1))))))) (. .) (-DFL- E_S))",95,111.72,113.52
sw01utt/sw_0136_4099.utt,4/sw4099.pos,4099,63,x,A,35,1,<Laughter>.,./.,,,0.0,0.0
sw01utt/sw_0136_4099.utt,4/sw4099,4099,64,+,B,36,1,with small children --,with/IN  [ small/JJ children/NNS ] --/:,"(S (PRN (S (NP-SBJ (PRP You)) (VP (VBP know))) (, ,)) (NP-SBJ (NP (JJ young) (NNS women)) (, ,) (PP (IN with) (NP (JJ small) (NNS children)))) (VP (VBP are) (NP-PRD (NP (DT the) (NNS ones)) (SBAR (WHNP-1 (WDT that)) (S (NP-SBJ (PRP I)) (VP (VBP find) (NP (-NONE- *T*-1))))))) (. .) (-DFL- E_S))",95,113.58,114.66
sw01utt/sw_0136_4099.utt,4/sw4099,4099,65,b,A,37,1,Uh-huh. /,[ Uh-huh/UH ] ./.,(INTJ (UH Uh-huh) (. .) (-DFL- E_S)),78,114.78,115.1
sw01utt/sw_0136_4099.utt,4/sw4099,4099,66,+,B,38,1,-- are the ones that I find.  /,--/: are/VBP  [ the/DT ones/NNS ] that/WDT  [ I/PRP ] find/VBP ./.,"(S (PRN (S (NP-SBJ (PRP You)) (VP (VBP know))) (, ,)) (NP-SBJ (NP (JJ young) (NNS women)) (, ,) (PP (IN with) (NP (JJ small) (NNS children)))) (VP (VBP are) (NP-PRD (NP (DT the) (NNS ones)) (SBAR (WHNP-1 (WDT that)) (S (NP-SBJ (PRP I)) (VP (VBP find) (NP (-NONE- *T*-1))))))) (. .) (-DFL- E_S))",95,115.3,116.25999999999999
sw01utt/sw_0136_4099.utt,4/sw4099,4099,67,qw,B,38,2,"{D Well, } what do you do? /","Well/UH ,/,  [ what/WP ] do/VBP  [ you/PRP ] do/VB ?/.","(SBARQ (INTJ (UH Well)) (, ,) (WHNP-1 (WP what)) (SQ (VBP do) (NP-SBJ (PRP you)) (VP (VB do) (NP (-NONE- *T*-1)))) (. ?) (-DFL- E_S))",101,116.26,116.96000000000001
sw01utt/sw_0136_4099.utt,4/sw4099,4099,68,sd,A,39,1,"{F Uh, } I really don't have a routine.  /","[ Uh/UH ] ,/,  [ I/PRP ] really/RB do/VBP n't/RB have/VB  [ a/DT routine/NN ] ./.","(S (INTJ (UH Uh)) (, ,) (NP-SBJ (PRP I)) (ADVP (RB really)) (VP (VBP do) (RB n't) (VP (VB have) (NP (DT a) (NN routine)))) (. .) (-DFL- E_S))",103,117.38,118.91999999999999
sw01utt/sw_0136_4099.utt,4/sw4099,4099,69,sd,A,39,2,I  like playing basketball.  /,[ I/PRP ] like/VBP  [ playing/VBG basketball/NN ] ./.,(S (NP-SBJ-1 (PRP I)) (VP (VBP like) (S (NP-SBJ (-NONE- *-1)) (VP (VBG playing) (NP (NN basketball))))) (. .) (-DFL- E_S)),104,118.92,119.92
sw01utt/sw_0136_4099.utt,4/sw4099,4099,70,sd,A,39,3,We just bought a new home with a basketball hoop  /,[ We/PRP ] just/RB bought/VBD  [ a/DT new/JJ home/NN ] with/IN  [ a/DT basketball/NN hoop/NN ],(S (NP-SBJ (PRP We)) (ADVP (RB just)) (VP (VBD bought) (NP (NP (DT a) (JJ new) (NN home)) (PP (IN with) (NP (DT a) (NN basketball) (NN hoop))))) (-DFL- E_S)),105,119.92,122.0
sw01utt/sw_0136_4099.utt,4/sw4099,4099,71,sd,A,39,4,{C and } --,and/CC --/:,"(S (CC and) (SBAR-PRP (IN since) (S (NP-SBJ (PRP I)) (VP (VBP am) (RB not) (NP-PRD (DT a) (NN tennis) (NN player))))) (, ,) (INTJ (UH uh)) (PRN (, ,) (S (NP-SBJ (PRP you)) (VP (VBP know))) (, ,)) (NP-SBJ (PRP I)) (VP (VBP do) (RB n't) (VP (VB get) (NP (DT that)))) (, ,) (-DFL- E_S))",80,122.0,122.04
sw01utt/sw_0136_4099.utt,4/sw4099,4099,72,ba,B,40,1,"{F Oh, } great. /","Oh/UH ,/,  [ great/JJ ] ./.","(INTJ (INTJ (UH Oh)) (, ,) (INTJ (JJ great)) (. .) (-DFL- E_S))",108,122.26,123.2
sw01utt/sw_0136_4099.utt,4/sw4099,4099,73,+,A,41,1,-- that's what I do every day. /,--/:  [ that/DT ] 's/BES  [ what/WP ] [ I/PRP ] do/VBP  [ every/DT day/NN ] ./.,(S (CC and) (NP-SBJ (DT that)) (VP (BES 's) (SBAR-NOM-PRD (WHNP-1 (WP what)) (S (NP-SBJ (PRP I)) (VP (VBP do) (NP (-NONE- *T*-1)) (NP-TMP (DT every) (NN day)))))) (. .) (-DFL- E_S)),106,123.34,124.46
sw01utt/sw_0136_4099.utt,4/sw4099,4099,74,b,B,42,1,Yeah.  /,Yeah/UH ./.,(INTJ (UH Yeah) (. .) (-DFL- E_S)),111,124.8,125.02
sw01utt/sw_0136_4099.utt,4/sw4099,4099,75,qy,B,42,2,Do you play every day? /,Do/VBP  [ you/PRP ] play/VB  [ every/DT day/NN ] ?/.,(SQ (VBP Do) (NP-SBJ (PRP you)) (VP (VB play) (NP-TMP (DT every) (NN day))) (. ?) (-DFL- E_S)),112,125.02,125.94000000000001
sw01utt/sw_0136_4099.utt,4/sw4099,4099,76,ny,A,43,1,"Yeah,  /","Yeah/UH ,/,","(INTJ (UH Yeah) (, ,) (-DFL- E_S))",114,126.1,126.46
sw01utt/sw_0136_4099.utt,4/sw4099,4099,77,sd^e,A,43,2,pretty much.  /,pretty/RB much/RB ./.,(ADVP (RB pretty) (RB much) (. .) (-DFL- E_S)),115,126.46,127.10000000000001
sw01utt/sw_0136_4099.utt,4/sw4099,4099,78,sd,A,43,3,When my wife lets me. /,When/WRB  [ my/PRP$ wife/NN ] [ lets/VBZ ]  [ me/PRP ] ./.,(SBAR-TMP (WHADVP-1 (WRB When)) (S (NP-SBJ (PRP$ my) (NN wife)) (VP (VBZ lets) (NP (PRP me)) (ADVP-TMP (-NONE- *T*-1)))) (. .) (-DFL- E_S)),116,127.1,127.82
sw01utt/sw_0136_4099.utt,4/sw4099,4099,79,qw,B,44,1,"{D Well, } {D now } who do you play with?  /","Well/UH ,/, now/RB  [ who/WP ] do/VBP  [ you/PRP ] play/VB with/IN ?/.","(SBARQ (INTJ (UH Well)) (, ,) (INTJ (RB now)) (WHNP-1 (WP who)) (SQ (VBP do) (NP-SBJ (PRP you)) (VP (VB play) (PP (IN with) (NP (-NONE- *T*-1))))) (. ?) (-DFL- E_S))",118,127.82,128.72
sw01utt/sw_0136_4099.utt,4/sw4099,4099,80,qy,B,44,2,Do you have friends that play with you  /,Do/VBP  [ you/PRP ] have/VB  [ friends/NNS ] [ that/WDT ] play/VBP with/IN  [ you/PRP ],(SQ (VBP Do) (NP-SBJ (PRP you)) (VP (VB have) (NP (NP (NNS friends)) (SBAR (WHNP-1 (WDT that)) (S (NP-SBJ (-NONE- *T*-1)) (VP (VBP play) (PP (IN with) (NP (PRP you)))))))) (-DFL- E_S)),119,128.72,129.74
sw01utt/sw_0136_4099.utt,4/sw4099,4099,81,%,B,44,3,"{C or } just, -/","or/CC just/RB ,/,","(X (CC or) (ADVP (RB just)) (, ,) (-DFL- N_S))",120,129.74,130.06
sw01utt/sw_0136_4099.utt,4/sw4099,4099,82,nn,A,45,1,"No,  /","No/UH ,/,","(INTJ (UH No) (, ,) (-DFL- E_S))",122,131.04,131.16
sw01utt/sw_0136_4099.utt,4/sw4099,4099,83,sd^e,A,45,2,I just shoot around by myself. /,[ I/PRP ] just/RB shoot/VBP around/RB by/IN  [ myself/PRP ] ./.,(S (NP-SBJ (PRP I)) (ADVP (RB just)) (VP (VBP shoot) (ADVP (RB around)) (PP (IN by) (NP (PRP myself)))) (. .) (-DFL- E_S)),123,131.16,132.58
sw01utt/sw_0136_4099.utt,4/sw4099,4099,84,b,B,46,1,Yeah. /,Yeah/UH ./.,(INTJ (UH Yeah) (. .) (-DFL- E_S)),111,133.04,133.34
sw01utt/sw_0136_4099.utt,4/sw4099,4099,85,sd,A,47,1,"{C And, } {F uh, } that's about it.  /","And/CC ,/,  [ uh/UH ] ,/,  [ that/WDT ] 's/BES about/RB  [ it/PRP ] ./.","(S (CC And) (, ,) (INTJ (UH uh)) (, ,) (NP-SBJ (WDT that)) (VP (BES 's) (ADVP (RB about)) (NP-PRD (PRP it))) (. .) (-DFL- E_S))",127,134.2,135.28
sw01utt/sw_0136_4099.utt,4/sw4099,4099,86,sd,A,47,2,"I use to play soccer a lot in high school,  /","[ I/PRP ] use/VBP to/TO play/VB  [ soccer/NN ] [ a/DT lot/NN ] in/IN  [ high/JJ school/NN ] ,/,","(S (NP-SBJ-1 (PRP I)) (VP (VBP use) (S (NP-SBJ (-NONE- *-1)) (VP (TO to) (VP (VB play) (NP (NN soccer)) (NP-ADV (DT a) (NN lot)) (PP-TMP (IN in) (NP (JJ high) (NN school))))))) (, ,) (-DFL- E_S))",128,135.28,136.84
sw01utt/sw_0136_4099.utt,4/sw4099,4099,87,sd,A,47,3,{C but } when I graduated I haven't done much.  /,but/CC when/WRB  [ I/PRP ] graduated/VBD  [ I/PRP ] have/VBP n't/RB done/VBN much/RB ./.,(S (CC but) (SBAR-TMP (WHADVP-1 (WRB when)) (S (NP-SBJ (PRP I)) (VP (VBD graduated) (ADVP-TMP (-NONE- *T*-1))))) (NP-SBJ (PRP I)) (VP (VBP have) (RB n't) (VP (VBN done) (NP (RB much)))) (. .) (-DFL- E_S)),129,136.84,139.0
sw01utt/sw_0136_4099.utt,4/sw4099,4099,88,sd,A,47,4,I don't have a problem.  /,[ I/PRP ] do/VBP n't/RB have/VB  [ a/DT problem/NN ] ./.,(S (NP-SBJ (PRP I)) (VP (VBP do) (RB n't) (VP (VB have) (NP (DT a) (NN problem)))) (. .) (-DFL- E_S)),130,139.0,139.73999999999998
sw01utt/sw_0136_4099.utt,4/sw4099,4099,89,sd,A,47,5,"I know I have to do more aerobics,  /","[ I/PRP ] know/VBP  [ I/PRP ] have/VBP to/TO do/VB  [ more/JJR aerobics/NNS ] ,/,","(S (NP-SBJ (PRP I)) (VP (VBP know) (SBAR (-NONE- 0) (S (NP-SBJ-1 (PRP I)) (VP (VBP have) (S (NP-SBJ (-NONE- *-1)) (VP (TO to) (VP (VB do) (NP (JJR more) (NNS aerobics))))))))) (, ,) (-DFL- E_S))",131,139.84,141.26
sw01utt/sw_0136_4099.utt,4/sw4099,4099,90,sd,A,47,6,{C but } I don't have a  problem  with weight.  /,but/CC  [ I/PRP ] do/VBP n't/RB have/VB  [ a/DT problem/NN ] with/IN  [ weight/NN ] ./.,(S (CC but) (NP-SBJ (PRP I)) (VP (VBP do) (RB n't) (VP (VB have) (NP (NP (DT a) (NN problem)) (PP (IN with) (NP (NN weight)))))) (. .) (-DFL- E_S)),132,141.26,142.54000000000002
sw01utt/sw_0136_4099.utt,4/sw4099,4099,91,sd,A,47,7,I could eat all day and not gain an ounce <laughter>. /,[ I/PRP ] could/MD eat/VB  [ all/DT day/NN ] and/CC not/RB gain/VB  [ an/DT ounce/NN ] ./.,(S (NP-SBJ (PRP I)) (VP (MD could) (VP (VP (VB eat) (NP-TMP (DT all) (NN day))) (CC and) (VP (RB not) (VB gain) (NP (DT an) (NN ounce))))) (. .) (-DFL- E_S)),133,143.12,144.72000000000003
sw01utt/sw_0136_4099.utt,4/sw4099,4099,92,sv,B,48,1,"{D Well } {D see, } [ that's, + that's ]  [ th-, + ] really good  /","Well/UH see/VB ,/,  [ that/DT ] 's/BES ,/,  [ that/DT ] 's/BES th-/XX ,/, really/RB good/JJ","(S (INTJ (UH Well)) (INTJ (VB see)) (, ,) (EDITED (RM (-DFL- \[)) (S (NP-SBJ (DT that)) (VP-UNF (BES 's))) (, ,) (IP (-DFL- \+))) (NP-SBJ (DT that)) (VP (BES 's) (RS (-DFL- \])) (EDITED (RM (-DFL- \[)) (NP-PRD-UNF (XX th-)) (, ,) (IP (-DFL- \+)) (RS (-DFL- \]))) (ADJP-PRD (RB really) (JJ good))) (-DFL- E_S))",135,144.78,147.24
sw01utt/sw_0136_4099.utt,4/sw4099,4099,93,sv,B,48,2,"{C and } I think that keeps [ a lot, + some ] people from exercising. /","and/CC  [ I/PRP ] think/VBP  [ that/DT ] keeps/VBZ  [ a/DT lot/NN ] ,/,  [ some/DT people/NNS ] from/IN exercising/VBG ./.","(S (CC and) (NP-SBJ (PRP I)) (VP (VBP think) (SBAR (-NONE- 0) (S (NP-SBJ (DT that)) (VP (VBZ keeps) (EDITED (RM (-DFL- \[)) (NP-UNF (DT a) (NN lot)) (, ,) (IP (-DFL- \+))) (NP-1 (DT some) (RS (-DFL- \])) (NNS people)) (PP (IN from) (S-NOM (NP-SBJ (-NONE- *-1)) (VP (VBG exercising)))))))) (. .) (-DFL- E_S))",136,147.24,150.3
sw01utt/sw_0136_4099.utt,4/sw4099,4099,94,b,A,49,1,Uh-huh. /,[ Uh-huh/UH ] ./.,(INTJ (UH Uh-huh) (. .) (-DFL- E_S)),99,150.5,150.7
sw01utt/sw_0136_4099.utt,4/sw4099,4099,95,sd,B,50,1,"{E I mean, } I don't have a problem with  weight either,  /","[ I/PRP ] mean/VBP ,/,  [ I/PRP ] do/VBP n't/RB have/VB  [ a/DT problem/NN ] with/IN  [ weight/NN ] either/RB ,/,","(S (PRN (S (NP-SBJ (PRP I)) (VP (VBP mean))) (, ,)) (NP-SBJ (PRP I)) (VP (VBP do) (RB n't) (VP (VB have) (NP (NP (DT a) (NN problem)) (PP (IN with) (NP (NN weight)))) (ADVP (RB either)))) (, ,) (-DFL- E_S))",140,150.7,152.46
sw01utt/sw_0136_4099.utt,4/sw4099,4099,96,sd,B,50,2,{C but } I think I don't have a problem because I exercise.,but/CC  [ I/PRP ] think/VBP  [ I/PRP ] do/VBP n't/RB have/VB  [ a/DT problem/NN ] because/IN  [ I/PRP ] exercise/VBP ./.,(S (CC but) (NP-SBJ (PRP I)) (VP (VBP think) (SBAR (-NONE- 0) (S (NP-SBJ (PRP I)) (VP (VBP do) (RB n't) (VP (VB have) (NP (DT a) (NN problem)) (SBAR-PRP (IN because) (S (NP-SBJ (PRP I)) (VP (VBP exercise)))))))) (PRN (. .) (S (NP-SBJ (PRP You)) (VP (VBP know))))) (-DFL- E_S)),141,152.62,154.78
sw01utt/sw_0136_4099.utt,4/sw4099,4099,97,bf,A,51,1,You # do exercise. # /,[ You/PRP ] do/VBP exercise/VB ./.,(S (NP-SBJ (PRP You)) (VP (VBP do) (VP (VB exercise))) (. .) (-DFL- E_S)),143,0.0,0.0
sw01utt/sw_0136_4099.utt,4/sw4099,4099,98,+,B,52,1,# {D You know } #  /,[ You/PRP ] know/VBP,(S (CC but) (NP-SBJ (PRP I)) (VP (VBP think) (SBAR (-NONE- 0) (S (NP-SBJ (PRP I)) (VP (VBP do) (RB n't) (VP (VB have) (NP (DT a) (NN problem)) (SBAR-PRP (IN because) (S (NP-SBJ (PRP I)) (VP (VBP exercise)))))))) (PRN (. .) (S (NP-SBJ (PRP You)) (VP (VBP know))))) (-DFL- E_S)),141,155.26,155.5
sw01utt/sw_0136_4099.utt,4/sw4099,4099,99,sd(^q),B,52,2,"{E I mean, } people are  always saying to me, how do you stay thin <noise>  /","[ I/PRP ] mean/VBP ,/,  [ people/NNS ] are/VBP always/RB saying/VBG to/IN  [ me/PRP ] ,/, how/WRB do/VBP  [ you/PRP ] stay/VB  [ thin/JJ ]","(S (PRN (S (NP-SBJ (PRP I)) (VP (VBP mean))) (, ,)) (NP-SBJ (NNS people)) (VP (VBP are) (ADVP-TMP (RB always)) (VP (VBG saying) (PP (IN to) (NP (PRP me))) (, ,) (SBARQ-SEZ (WHADVP-1 (WRB how)) (SQ (VBP do) (NP-SBJ (PRP you)) (VP (VB stay) (ADJP-PRD (JJ thin)) (ADVP-MNR (-NONE- *T*-1))))))) (-DFL- E_S))",145,155.5,157.79999999999998
sw01utt/sw_0136_4099.utt,4/sw4099,4099,100,sd^r,B,52,3,{C and } it's because I <noise> exercise -- /,and/CC  [ it/PRP ] 's/BES because/IN  [ I/PRP ] exercise/VBP --/:,(S (CC and) (NP-SBJ (PRP it)) (VP (BES 's) (SBAR-PRP-PRD (IN because) (S (NP-SBJ (PRP I)) (VP (VBP exercise))))) (-DFL- E_S)),146,157.8,159.1
sw01utt/sw_0136_4099.utt,4/sw4099,4099,101,bf,A,53,1,"You do it <noise>, /","[ You/PRP ] do/VBP  [ it/PRP ] ,/,","(S (NP-SBJ (PRP You)) (VP (VBP do) (NP (PRP it))) (, ,) (-DFL- E_S))",148,159.22,159.57999999999998
sw01utt/sw_0136_4099.utt,4/sw4099,4099,102,sd,B,54,1,-- {C but } I also watch what I eat.,--/: but/CC  [ I/PRP ] also/RB watch/VBP  [ what/WP ] [ I/PRP ] eat/VBP ./.,"(S (CC but) (NP-SBJ (PRP I)) (ADVP (RB also)) (VP (VBP watch) (SBAR-NOM (WHNP-1 (WP what)) (S (NP-SBJ (PRP I)) (VP (VBP eat) (NP (-NONE- *T*-1))))) (PRN (. .) (S (NP-SBJ (PRP You)) (VP (VBP know))))) (, ,) (-DFL- E_S))",150,159.66,160.96
sw01utt/sw_0136_4099.utt,4/sw4099,4099,103,b,A,55,1,Uh-huh. /,[ Uh-huh/UH ] ./.,(INTJ (UH Uh-huh) (. .) (-DFL- E_S)),138,161.36,161.64000000000001
sw01utt/sw_0136_4099.utt,4/sw4099,4099,104,+,B,56,1,"{D You know, }  /","[ You/PRP ] know/VBP ,/,","(S (CC but) (NP-SBJ (PRP I)) (ADVP (RB also)) (VP (VBP watch) (SBAR-NOM (WHNP-1 (WP what)) (S (NP-SBJ (PRP I)) (VP (VBP eat) (NP (-NONE- *T*-1))))) (PRN (. .) (S (NP-SBJ (PRP You)) (VP (VBP know))))) (, ,) (-DFL- E_S))",150,161.76,162.07999999999998
sw01utt/sw_0136_4099.utt,4/sw4099,4099,105,sv,B,56,2,"{C but } you'll come,  /","but/CC  [ you/PRP ] 'll/MD come/VB ,/,","(S (CC but) (NP-SBJ (PRP you)) (VP (MD 'll) (VP (VB come))) (, ,) (-DFL- E_S))",154,162.64,163.23999999999998
sw01utt/sw_0136_4099.utt,4/sw4099,4099,106,sv,B,56,3,"being twenty-seven, you don't really have to worry about your heart rate  and that yet -- /","being/VBG  [ twenty-seven/CD ] ,/,  [ you/PRP ] do/VBP n't/RB really/RB have/VB to/TO worry/VB about/IN  [ your/PRP$ heart/NN rate/NN ] and/CC that/DT yet/RB --/:","(S (S-ADV (NP-SBJ (-NONE- *-1)) (VP (VBG being) (NP-PRD (CD twenty-seven)))) (, ,) (NP-SBJ-1 (PRP you)) (VP (VBP do) (RB n't) (ADVP (RB really)) (VP (VB have) (S (NP-SBJ (-NONE- *-1)) (VP (TO to) (VP (VB worry) (PP (IN about) (NP (NP (PRP$ your) (NN heart) (NN rate)) (CC and) (NP (DT that))))))) (ADVP-TMP (RB yet)))) (-DFL- E_S))",155,163.7,166.98
sw01utt/sw_0136_4099.utt,4/sw4099,4099,107,b,A,57,1,Yeah  /,[ Yeah/UH ],(INTJ (UH Yeah) (-DFL- E_S)),157,167.06,167.14000000000001
sw01utt/sw_0136_4099.utt,4/sw4099,4099,108,%,A,57,2,{C and } I -- -/,and/CC  [ I/PRP ] --/:,(S-UNF (CC and) (NP-SBJ (PRP I)) (-DFL- N_S)),158,167.14,167.26000000000002
sw01utt/sw_0136_4099.utt,4/sw4099,4099,109,sv,B,58,1,-- {C but } as you get older you will. /,--/: but/CC as/IN  [ you/PRP ] get/VBP  [ older/JJR you/PRP ] will/MD ./.,(S (CC but) (SBAR-TMP (IN as) (S (NP-SBJ (PRP you)) (VP (VBP get) (ADJP-PRD (JJR older))))) (NP-SBJ (PRP you)) (VP (MD will) (VP (-NONE- *?*))) (. .) (-DFL- E_S)),160,167.26,168.20000000000002
sw01utt/sw_0136_4099.utt,4/sw4099,4099,110,sd,A,59,1,"-- {D well } everyone's told me my waist  line is going to expand one of these days,  /","--/: well/UH  [ everyone/NN ] [ 's/HVS ] told/VBN  [ me/PRP my/PRP$ waist/NN line/NN ] is/VBZ going/VBG to/TO expand/VB  [ one/CD ] of/IN  [ these/DT days/NNS ] ,/,","(S (INTJ (UH well)) (NP-SBJ (NN everyone)) (VP (HVS 's) (VP (VBN told) (NP (PRP me)) (SBAR (-NONE- 0) (S (NP-SBJ-1 (PRP$ my) (NN waist) (NN line)) (VP (VBZ is) (VP (VBG going) (S (NP-SBJ (-NONE- *-1)) (VP (TO to) (VP (VB expand)))) (NP-TMP (NP (CD one)) (PP (IN of) (NP (DT these) (NNS days)))))))))) (, ,) (-DFL- E_S))",162,168.6,171.3
sw01utt/sw_0136_4099.utt,4/sw4099,4099,111,sd,A,59,2,{C but } <noise> I don't know <laughter>. /,but/CC  [ I/PRP ] do/VBP n't/RB know/VB ./.,(S (CC but) (NP-SBJ (PRP I)) (VP (VBP do) (RB n't) (VP (VB know))) (. .) (-DFL- E_S)),163,171.4,173.22
sw01utt/sw_0136_4099.utt,4/sw4099,4099,112,sv,B,60,1,"{D Well, } it might not <laughter>. /","Well/UH ,/,  [ it/PRP ] might/MD not/RB ./.","(S (INTJ (UH Well)) (, ,) (NP-SBJ (PRP it)) (VP (MD might) (RB not) (VP (-NONE- *?*))) (. .) (-DFL- E_S))",165,173.22,174.54
sw01utt/sw_0136_4099.utt,4/sw4099.pos,4099,113,x,A,61,1,<Laughter>.,./.,,,0.0,0.0
sw01utt/sw_0136_4099.utt,4/sw4099,4099,114,%,B,62,1,"Mine, - /","[ Mine/PRP$ ] ,/,","(NP-UNF (PRP$ Mine) (, ,) (-DFL- N_S))",168,174.9,175.20000000000002
sw01utt/sw_0136_4099.utt,4/sw4099,4099,115,sd,B,62,2,{C because } everybody's been  telling me that too  /,because/IN  [ everybody/NN ] 's/HVS been/VBN telling/VBG  [ me/PRP ] that/DT too/RB,(SBAR-PRP (IN because) (S (NP-SBJ (NN everybody)) (VP (HVS 's) (VP (VBN been) (VP (VBG telling) (NP (PRP me)) (NP (DT that)) (ADVP (RB too)))))) (-DFL- E_S)),169,175.2,176.68
sw01utt/sw_0136_4099.utt,4/sw4099,4099,116,sd,B,62,3,"{C and } so far it hasn't happened, {D you know, }  /","and/CC so/RB far/RB  [ it/PRP ] [ has/VBZ n't/RB ] happened/VBN ,/,  [ you/PRP ] know/VBP ,/,","(S (CC and) (ADVP (RB so) (RB far)) (NP-SBJ (PRP it)) (VP (VBZ has) (RB n't) (VP (VBN happened) (PRN (, ,) (S (NP-SBJ (PRP you)) (VP (VBP know)))))) (, ,) (-DFL- E_S))",170,176.68,178.32
sw01utt/sw_0136_4099.utt,4/sw4099,4099,117,sv,B,62,4,"{C and }  [ I, + I ] just feel like, {D you know, } <noise> you have to constantly <noise> weigh yourself --","and/CC  [ I/PRP ] ,/,  [ I/PRP ] just/RB feel/VBP like/IN ,/,  [ you/PRP ] know/VBP ,/,  [ you/PRP ] have/VBP to/TO constantly/RB weigh/VB  [ yourself/PRP ] --/:","(S (CC and) (EDITED (RM (-DFL- \[)) (NP-SBJ (PRP I)) (, ,) (IP (-DFL- \+))) (NP-SBJ (PRP I)) (RS (-DFL- \])) (ADVP (RB just)) (VP (VBP feel) (SBAR (IN like) (PRN (, ,) (S (NP-SBJ (PRP you)) (VP (VBP know))) (, ,)) (S (NP-SBJ-1 (PRP you)) (VP (VBP have) (S (NP-SBJ (-NONE- *-1)) (VP (TO to) (ADVP (RB constantly)) (VP (VP (VB weigh) (NP (PRP yourself))) (CC and) (VP (ADVP (RB just)) (VB keep) (NP (DT an) (NN eye)) (PP (IN on) (NP (PRP it)))) (CC and) (VP (VB cut) (ADVP (RB back)) (SBAR-ADV (IN if) (S (NP-SBJ-2 (PRP it)) (VP (VBZ starts) (S (NP-SBJ (-NONE- *-2)) (VP (TO to) (VP (VB get) (PRN (S (NP-SBJ (PRP you)) (VP (VBP know))) (, ,)) (ADJP-PRD (RB too) (JJ high)))))))))))))))) (. .) (-DFL- E_S))",171,178.32,182.92
sw01utt/sw_0136_4099.utt,4/sw4099,4099,118,b,A,63,1,Uh-huh. /,[ Uh-huh/UH ] ./.,(INTJ (UH Uh-huh) (. .) (-DFL- E_S)),152,183.4,183.72
sw01utt/sw_0136_4099.utt,4/sw4099,4099,119,+,B,64,1,"-- and just keep an eye on it  and cut back if it <talking> starts to get {D you know, } too high. /","--/: and/CC just/RB keep/VB  [ an/DT eye/NN ] on/IN  [ it/PRP ] and/CC cut/VB back/RB if/IN  [ it/PRP ] starts/VBZ to/TO get/VB  [ you/PRP ] know/VBP ,/, too/RB high/JJ ./.","(S (CC and) (EDITED (RM (-DFL- \[)) (NP-SBJ (PRP I)) (, ,) (IP (-DFL- \+))) (NP-SBJ (PRP I)) (RS (-DFL- \])) (ADVP (RB just)) (VP (VBP feel) (SBAR (IN like) (PRN (, ,) (S (NP-SBJ (PRP you)) (VP (VBP know))) (, ,)) (S (NP-SBJ-1 (PRP you)) (VP (VBP have) (S (NP-SBJ (-NONE- *-1)) (VP (TO to) (ADVP (RB constantly)) (VP (VP (VB weigh) (NP (PRP yourself))) (CC and) (VP (ADVP (RB just)) (VB keep) (NP (DT an) (NN eye)) (PP (IN on) (NP (PRP it)))) (CC and) (VP (VB cut) (ADVP (RB back)) (SBAR-ADV (IN if) (S (NP-SBJ-2 (PRP it)) (VP (VBZ starts) (S (NP-SBJ (-NONE- *-2)) (VP (TO to) (VP (VB get) (PRN (S (NP-SBJ (PRP you)) (VP (VBP know))) (, ,)) (ADJP-PRD (RB too) (JJ high)))))))))))))))) (. .) (-DFL- E_S))",171,184.1,189.76
sw01utt/sw_0136_4099.utt,4/sw4099,4099,120,b,A,65,1,"Yeah,  /","[ Yeah/UH ] ,/,","(INTJ (UH Yeah) (, ,) (-DFL- E_S))",176,189.94,190.02
sw01utt/sw_0136_4099.utt,4/sw4099,4099,121,sd,A,65,2,I guess I enjoy sports a lot  /,[ I/PRP ] guess/VBP  [ I/PRP ] enjoy/VBP  [ sports/NNS ] [ a/DT lot/NN ],(S (NP-SBJ (PRP I)) (VP (VBP guess) (SBAR (-NONE- 0) (S (NP-SBJ (PRP I)) (VP (VBP enjoy) (NP (NNS sports)) (NP-ADV (DT a) (NN lot)))))) (-DFL- E_S)),177,190.02,191.34
sw01utt/sw_0136_4099.utt,4/sw4099,4099,122,sd,A,65,3,{C so } that's why I've kept active in that way. /,so/RB  [ that/DT ] 's/BES why/WRB  [ I/PRP ] 've/VBP kept/VBN  [ active/JJ ] in/IN  [ that/DT way/NN ] ./.,(S (RB so) (NP-SBJ (DT that)) (VP (BES 's) (SBAR-PRP-PRD (WHADVP-1 (WRB why)) (S (NP-SBJ (PRP I)) (VP (VBP 've) (VP (VBN kept) (ADJP-PRD (JJ active)) (PP-MNR (IN in) (NP (DT that) (NN way))) (ADVP-PRP (-NONE- *T*-1))))))) (. .) (-DFL- E_S)),178,191.34,193.48000000000002
sw01utt/sw_0136_4099.utt,4/sw4099,4099,123,b,B,66,1,Yeah.   /,Yeah/UH ./.,(INTJ (UH Yeah) (. .) (-DFL- E_S)),180,193.76,194.1
sw01utt/sw_0136_4099.utt,4/sw4099,4099,124,qy^d,B,66,2,{C But } you don't play any other sports but basketball? /,But/CC  [ you/PRP ] do/VBP n't/RB play/VB  [ any/DT other/JJ sports/NNS ] but/CC  [ basketball/NN ] ?/.,(S (CC But) (NP-SBJ (PRP you)) (VP (VBP do) (RB n't) (VP (VB play) (NP (NP (DT any) (JJ other) (NNS sports)) (PP (CC but) (NP (NN basketball)))))) (. ?) (-DFL- E_S)),181,194.46,196.42000000000002
sw01utt/sw_0136_4099.utt,4/sw4099,4099,125,sd,A,67,1,"{F Uh, } basketball,  /","[ Uh/UH ] ,/,  [ basketball/NN ] ,/,","(FRAG (INTJ (UH Uh)) (, ,) (NP (NN basketball)) (, ,) (-DFL- E_S))",183,196.42,197.26000000000002
sw01utt/sw_0136_4099.utt,4/sw4099,4099,126,sd,A,67,2,"volleyball, {F uh, }  /","[ volleyball/NN ] ,/,  [ uh/UH ] ,/,","(FRAG (NP (NN volleyball)) (, ,) (INTJ (UH uh)) (, ,) (-DFL- E_S))",184,197.26,198.5
sw01utt/sw_0136_4099.utt,4/sw4099,4099,127,sd,A,67,3,"too bad it's not <noise> really heavy as far as recreation or hobby,  /","too/RB bad/JJ  [ it/PRP ] 's/BES not/RB really/RB  [ heavy/JJ ] as/RB far/RB as/IN  [ recreation/NN ] or/CC  [ hobby/NN ] ,/,","(FRAG (ADJP-PRD (RB too) (JJ bad) (SBAR (-NONE- 0) (S (NP-SBJ (PRP it)) (VP (BES 's) (RB not) (ADJP-PRD (RB really) (JJ heavy)) (ADVP (ADVP (RB as) (RB far)) (PP (IN as) (NP (NN recreation) (CC or) (NN hobby)))))))) (, ,) (-DFL- E_S))",185,198.5,203.24
sw01utt/sw_0136_4099.utt,4/sw4099,4099,128,sd,A,67,4,I do that. /,[ I/PRP ] do/VBP  [ that/DT ] ./.,(S (NP-SBJ (PRP I)) (VP (VBP do) (NP (DT that))) (. .) (-DFL- E_S)),186,203.24,203.76
sw01utt/sw_0136_4099.utt,4/sw4099,4099,129,qy,B,68,1,"{C But, }  do you ski?  /","But/CC ,/, do/VBP  [ you/PRP ] ski/VB ?/.","(SQ (CC But) (, ,) (VBP do) (NP-SBJ (PRP you)) (VP (VB ski)) (. ?) (-DFL- E_S))",188,204.04,204.84
sw01utt/sw_0136_4099.utt,4/sw4099,4099,130,qy^d,B,68,2,"Being in Utah,  I was wondering # if you ski. # /","Being/VBG in/IN  [ Utah/NNP ] ,/,  [ I/PRP ] was/VBD wondering/VBG if/IN  [ you/PRP ] ski/VB ./.","(S (S-ADV (NP-SBJ (-NONE- *-1)) (VP (VBG Being) (PP-LOC-PRD (IN in) (NP (NNP Utah))))) (, ,) (NP-SBJ (PRP I)) (VP (VBD was) (VP (VBG wondering) (SBAR (IN if) (S (NP-SBJ-1 (PRP you)) (VP (VB ski)))))) (. .) (-DFL- E_S))",189,204.84,205.96
sw01utt/sw_0136_4099.utt,4/sw4099,4099,131,sd,A,69,1,"# {F Uh, } I use # to,  /","[ Uh/UH ] ,/,  [ I/PRP ] use/VBP to/TO ,/,","(S (INTJ (UH Uh)) (, ,) (NP-SBJ-1 (PRP I)) (VP (VBP use) (S (NP-SBJ (-NONE- *-1)) (VP (TO to) (VP (-NONE- *?*))))) (, ,) (-DFL- E_S))",191,205.96,206.78
sw01utt/sw_0136_4099.utt,4/sw4099,4099,132,sd,A,69,2,"{C but } it got too expensive,  /","but/CC  [ it/PRP ] got/VBD too/RB expensive/JJ ,/,","(S (CC but) (NP-SBJ (PRP it)) (VP (VBD got) (ADJP-PRD (RB too) (JJ expensive))) (, ,) (-DFL- E_S))",192,206.78,208.20000000000002
sw01utt/sw_0136_4099.utt,4/sw4099,4099,133,%,A,69,3,{C so. } -/,so/RB ./.,(S-UNF (RB so) (. .) (-DFL- N_S)),193,208.2,208.39999999999998
sw01utt/sw_0136_4099.utt,4/sw4099,4099,134,bh,B,70,1,{F Oh } did it really? /,Oh/UH did/VBD  [ it/PRP ] really/RB ?/.,(SQ (INTJ (UH Oh)) (VBD did) (NP-SBJ (PRP it)) (ADVP (RB really)) (. ?) (-DFL- E_S)),195,208.4,209.38
sw01utt/sw_0136_4099.utt,4/sw4099,4099,135,ny,A,71,1,Yeah. /,Yeah/UH ./.,(INTJ (UH Yeah) (. .) (-DFL- E_S)),180,209.38,209.56
sw01utt/sw_0136_4099.utt,4/sw4099,4099,136,sd,B,72,1,"{C Cause } I know that skiing in Utah  [ is, + is ] suppose to be <static> great. /","[ Cause/IN I/PRP ] know/VBP that/IN skiing/NN in/IN  [ Utah/NNP ] is/VBZ ,/, is/VBZ suppose/VBN to/TO be/VB great/JJ ./.","(SBAR-PRP (IN Cause) (S (NP-SBJ (PRP I)) (VP (VBP know) (SBAR (IN that) (S (NP-SBJ-1 (NP (NN skiing)) (PP-LOC (IN in) (NP (NNP Utah)))) (EDITED (RM (-DFL- \[)) (VP-UNF (VBZ is)) (, ,) (IP (-DFL- \+))) (VP (VBZ is) (RS (-DFL- \])) (VP (VBN suppose) (S (NP-SBJ (-NONE- *-1)) (VP (TO to) (VP (VB be) (ADJP-PRD (JJ great))))))))))) (. .) (-DFL- E_S))",199,209.98,212.66
sw01utt/sw_0136_4099.utt,4/sw4099,4099,137,aa,A,73,1,"Yeah,  /","Yeah/UH ,/,","(INTJ (UH Yeah) (, ,) (-DFL- E_S))",176,213.0,213.24
sw01utt/sw_0136_4099.utt,4/sw4099,4099,138,sd,A,73,2,a lot of people do that -- /,[ a/DT lot/NN ] of/IN  [ people/NNS ] do/VBP  [ that/DT ] --/:,(S (NP-SBJ (NP (DT a) (NN lot)) (PP (IN of) (NP (NNS people)))) (VP (VBP do) (NP (DT that))) (-DFL- E_S)),202,213.24,214.39999999999998
sw01utt/sw_0136_4099.utt,4/sw4099,4099,139,b,B,74,1,Yeah. /,Yeah/UH ./.,(INTJ (UH Yeah) (. .) (-DFL- E_S)),180,214.72,215.02
sw01utt/sw_0136_4099.utt,4/sw4099,4099,140,sd,A,75,1,"-- [ {C and } + <noise> {C but, } ]   <noise> {D well } [ I just + <<sounds like>> I ] never find the time.  /","--/: and/CC but/CC ,/, well/UH  [ I/PRP ] just/RB  [ I/PRP ] never/RB find/VBP  [ the/DT time/NN ] ./.","(S (EDITED (RM (-DFL- \[)) (CC and) (IP (-DFL- \+))) (CC but) (, ,) (RS (-DFL- \])) (INTJ (UH well)) (EDITED (RM (-DFL- \[)) (S-UNF (NP-SBJ (PRP I)) (ADVP (RB just))) (IP (-DFL- \+))) (NP-SBJ (PRP I)) (RS (-DFL- \])) (ADVP-TMP (RB never)) (VP (VBP find) (NP (DT the) (NN time))) (. .) (-DFL- E_S))",206,215.02,218.82
sw01utt/sw_0136_4099.utt,4/sw4099,4099,141,sd,A,75,2,I had rather do other things. /,[ I/PRP ] had/VBD rather/RB do/VB  [ other/JJ things/NNS ] ./.,(S (NP-SBJ (PRP I)) (VP (VBD had) (ADVP (RB rather)) (VP (VB do) (NP (JJ other) (NNS things)))) (. .) (-DFL- E_S)),207,218.82,219.8
sw01utt/sw_0136_4099.utt,4/sw4099,4099,142,b,B,76,1,Yeah.  /,Yeah/UH ./.,(INTJ (UH Yeah) (. .) (-DFL- E_S)),180,220.28,220.66
sw01utt/sw_0136_4099.utt,4/sw4099,4099,143,sd,B,76,2,"{D Well, } I have never skied before,  /","Well/UH ,/,  [ I/PRP ] have/VBP never/RB skied/VBN before/IN ,/,","(S (INTJ (UH Well)) (, ,) (NP-SBJ (PRP I)) (VP (VBP have) (ADVP-TMP (RB never)) (VP (VBN skied) (ADVP-TMP (IN before)))) (, ,) (-DFL- E_S))",210,221.24,222.44
sw01utt/sw_0136_4099.utt,4/sw4099,4099,144,sd,B,76,3,{C but } I have friends that go to Utah all the time #  /,but/CC  [ I/PRP ] have/VBP  [ friends/NNS ] [ that/WDT ] go/VBP to/IN  [ Utah/NNP all/PDT the/DT time/NN ],(S (CC but) (NP-SBJ (PRP I)) (VP (VBP have) (NP (NP (NNS friends)) (SBAR (WHNP-1 (WDT that)) (S (NP-SBJ (-NONE- *T*-1)) (VP (VBP go) (PP (IN to) (NP (NNP Utah))) (NP-TMP (PDT all) (DT the) (NN time))))))) (-DFL- E_S)),211,222.46,224.26
sw01utt/sw_0136_4099.utt,4/sw4099,4099,145,sd,B,76,4,{C and } they think it's really # -- -/,and/CC  [ they/PRP ] think/VBP  [ it/PRP ] 's/BES really/RB --/:,(S (CC and) (NP-SBJ (PRP they)) (VP (VBP think) (SBAR (-NONE- 0) (S (NP-SBJ (PRP it)) (VP-UNF (BES 's) (ADVP (RB really)))))) (-DFL- N_S)),212,0.0,0.0
sw01utt/sw_0136_4099.utt,4/sw4099,4099,146,bf,A,77,1,# {F Oh } they come up here. # /,Oh/UH  [ they/PRP ] come/VBP up/IN here/RB ./.,(S (INTJ (UH Oh)) (NP-SBJ (PRP they)) (VP (VBP come) (PP-DIR (IN up) (ADVP (RB here)))) (. .) (-DFL- E_S)),214,224.38,225.18
sw01utt/sw_0136_4099.utt,4/sw4099,4099,147,sd,B,78,1,-- {C and } they ski.  /,--/: and/CC  [ they/PRP ] ski/VBP ./.,(S (CC and) (NP-SBJ (PRP they)) (VP (VBP ski)) (. .) (-DFL- E_S)),216,225.18,226.78
sw01utt/sw_0136_4099.utt,4/sw4099,4099,148,sd,B,78,2,"I guess there's  a place where you can ski,  /","[ I/PRP ] guess/VBP  [ there/EX ] 's/BES  [ a/DT place/NN ] where/WRB  [ you/PRP ] can/MD ski/VB ,/,","(S (NP-SBJ (PRP I)) (VP (VBP guess) (SBAR (-NONE- 0) (S (NP-SBJ (EX there)) (VP (BES 's) (NP-PRD (NP (DT a) (NN place)) (SBAR (WHADVP-1 (WRB where)) (S (NP-SBJ (PRP you)) (VP (MD can) (VP (VB ski) (ADVP-LOC (-NONE- *T*-1))))))))))) (, ,) (-DFL- E_S))",217,226.88,228.7
sw01utt/sw_0136_4099.utt,4/sw4099,4099,149,qy,B,78,3,"{D well }  is it Tahoe? Where you ski from,  /","well/UH is/VBZ it/PRP Tahoe/NNP ?/.  Where/WRB  [ you/PRP ] ski/VBP from/IN ,/,","(SQ (INTJ (UH well)) (VBZ is) (NP-SBJ (NP (PRP it)) (SBAR (-NONE- *ICH*-2))) (NP-PRD (NNP Tahoe)) (. ?) (SBAR-2 (WHADVP-1 (WRB Where)) (S (NP-SBJ (PRP you)) (VP (VBP ski) (PP-DIR (IN from) (ADVP (-NONE- *T*-1)))))) (, ,) (-DFL- E_S))",218,228.7,230.70000000000002
sw01utt/sw_0136_4099.utt,4/sw4099,4099,150,ar,B,78,4,no  /,no/RB,(INTJ (RB no) (-DFL- E_S)),219,230.76,230.84
sw01utt/sw_0136_4099.utt,4/sw4099,4099,151,sd,B,78,5,that's Nevada to # California # --,that/DT  [ 's/BES Nevada/NNP ] to/IN  [ California/NNP ] --/:,(S (S-TPC-1 (NP-SBJ (DT that)) (VP (BES 's) (NP-PRD (NP (NNP Nevada)) (PP (IN to) (NP (NNP California)))))) (NP-SBJ (PRP I)) (VP (VBP guess) (SBAR (-NONE- 0) (S (-NONE- *T*-1)))) (. .) (-DFL- E_S)),220,231.74,233.16
sw01utt/sw_0136_4099.utt,4/sw4099,4099,152,sd,A,79,1,# That's in Nevada. # /,[ That/DT ] 's/BES in/IN  [ Nevada/NNP ] ./.,(S (NP-SBJ (DT That)) (VP (BES 's) (PP-LOC-PRD (IN in) (NP (NNP Nevada)))) (. .) (-DFL- E_S)),222,0.0,0.0
sw01utt/sw_0136_4099.utt,4/sw4099,4099,153,+,B,80,1,-- I guess. /,--/:  [ I/PRP ] guess/VBP ./.,(S (S-TPC-1 (NP-SBJ (DT that)) (VP (BES 's) (NP-PRD (NP (NNP Nevada)) (PP (IN to) (NP (NNP California)))))) (NP-SBJ (PRP I)) (VP (VBP guess) (SBAR (-NONE- 0) (S (-NONE- *T*-1)))) (. .) (-DFL- E_S)),220,233.16,233.54000000000002
sw01utt/sw_0136_4099.utt,4/sw4099,4099,154,b,A,81,1,Uh-huh. /,[ Uh-huh/UH ] ./.,(INTJ (UH Uh-huh) (. .) (-DFL- E_S)),225,233.54,233.67999999999998
sw01utt/sw_0136_4099.utt,4/sw4099,4099,155,b,B,82,1,"Yeah,  /","[ Yeah/UH ] ,/,","(INTJ (UH Yeah) (, ,) (-DFL- E_S))",201,233.9,234.04
sw01utt/sw_0136_4099.utt,4/sw4099,4099,156,sd,B,82,2,I am thinking about where you can ski over the state line. /,[ I/PRP ] am/VBP thinking/VBG about/IN where/WRB  [ you/PRP ] can/MD ski/VB over/IN  [ the/DT state/NN line/NN ] ./.,(S (NP-SBJ (PRP I)) (VP (VBP am) (VP (VBG thinking) (PP (IN about) (SBAR (WHADVP-1 (WRB where)) (S (NP-SBJ (PRP you)) (VP (MD can) (VP (VB ski) (PP-DIR (IN over) (NP (DT the) (NN state) (NN line))) (ADVP-LOC (-NONE- *T*-1))))))))) (. .) (-DFL- E_S)),228,234.04,236.44
sw01utt/sw_0136_4099.utt,4/sw4099,4099,157,b,A,83,1,"{F Oh, } yeah  /","Oh/UH ,/, yeah/UH","(INTJ (INTJ (UH Oh)) (, ,) (INTJ (UH yeah)) (-DFL- E_S))",230,237.0,237.62
sw01utt/sw_0136_4099.utt,4/sw4099,4099,158,%,A,83,2,"{C but, } -/","but/CC ,/,","(S-UNF (CC but) (, ,) (-DFL- N_S))",231,237.62,237.70000000000002
sw01utt/sw_0136_4099.utt,4/sw4099,4099,159,sd,B,84,1,"{C But } [ there's a fun-, +  there is a place in Utah called a funny ] name. /","But/CC  [ there/EX ] 's/BES  [ a/DT fun-/XX ] ,/,  [ there/EX ] is/VBZ  [ a/DT place/NN ] in/IN  [ Utah/NNP ] called/VBD  [ a/DT funny/JJ name/NN ] ./.","(S (CC But) (EDITED (RM (-DFL- \[)) (S (NP-SBJ (EX there)) (VP (BES 's) (NP-PRD-UNF (DT a) (XX fun-)))) (, ,) (IP (-DFL- \+))) (NP-SBJ (EX there)) (VP (VBZ is) (NP-PRD (NP (DT a) (NN place)) (PP-LOC (IN in) (NP (NNP Utah))) (VP (VBD called) (S (NP-SBJ (-NONE- *)) (NP-PRD (DT a) (JJ funny) (RS (-DFL- \])) (NN name)))))) (. .) (-DFL- E_S))",233,237.7,240.64000000000001
sw01utt/sw_0136_4099.utt,4/sw4099,4099,160,sd,A,85,1,There's Snow Bird or Alta. /,[ There/EX ] [ 's/BES Snow/NNP Bird/NNP ] or/CC  [ Alta/NNP ] ./.,(S (NP-SBJ (EX There)) (VP (BES 's) (NP-PRD (NP (NNP Snow) (NNP Bird)) (CC or) (NP (NNP Alta)))) (. .) (-DFL- E_S)),235,240.98,242.48000000000002
sw01utt/sw_0136_4099.utt,4/sw4099,4099,161,sd,B,86,1,"{C But } it's like, {F Oh, } Heavenly.  /","But/CC  [ it/PRP ] 's/BES like/IN ,/, Oh/UH ,/,  [ Heavenly/NNP ] ./.","(S (CC But) (NP-SBJ (PRP it)) (VP (BES 's) (PP-PRD (IN like) (, ,) (INTJ (UH Oh)) (, ,) (NP (NNP Heavenly)))) (. .) (-DFL- E_S))",237,242.88,244.64
sw01utt/sw_0136_4099.utt,4/sw4099,4099,162,qy,B,86,2,Is that it? /,Is/VBZ  [ that/DT ] [ it/PRP ] ?/.,(SQ (VBZ Is) (NP-SBJ (DT that)) (NP-PRD (PRP it)) (. ?) (-DFL- E_S)),238,245.26,245.72
sw01utt/sw_0136_4099.utt,4/sw4099,4099,163,br^m,A,87,1,Heavenly? /,[ Heavenly/NNP ] ?/.,(NP (NNP Heavenly) (. ?) (-DFL- E_S)),240,245.92,246.35999999999999
sw01utt/sw_0136_4099.utt,4/sw4099,4099,164,aa,B,88,1,"Yeah,  /","[ Yeah/UH ] ,/,","(INTJ (UH Yeah) (, ,) (-DFL- E_S))",227,246.54,246.66
sw01utt/sw_0136_4099.utt,4/sw4099,4099,165,sd,B,88,2,I think it's called Heavenly. /,[ I/PRP ] think/VBP  [ it/PRP ] 's/BES called/VBN  [ Heavenly/NNP ] ./.,(S (NP-SBJ (PRP I)) (VP (VBP think) (SBAR (-NONE- 0) (S (NP-SBJ-1 (PRP it)) (VP (BES 's) (VP (VBN called) (S (NP-SBJ (-NONE- *-1)) (NP-PRD (NNP Heavenly)))))))) (. .) (-DFL- E_S)),243,246.66,247.92
sw01utt/sw_0136_4099.utt,4/sw4099,4099,166,sd,A,89,1,{F Huh. }  I've never heard # of that one. # /,Huh/UH ./.  [ I/PRP ] 've/VBP never/RB heard/VBN of/IN  [ that/DT one/NN ] ./.,(S (INTJ (UH Huh)) (. .) (NP-SBJ (PRP I)) (VP (VBP 've) (ADVP-TMP (RB never)) (VP (VBN heard) (PP (IN of) (NP (DT that) (NN one))))) (. .) (-DFL- E_S)),245,248.48,249.35999999999999
sw01utt/sw_0136_4099.utt,4/sw4099,4099,167,qy^d,B,90,1,# You've never # heard of that? /,[ You/PRP ] 've/VBP never/RB heard/VBN of/IN  [ that/DT ] ?/.,(S (NP-SBJ (PRP You)) (VP (VBP 've) (ADVP-TMP (RB never)) (VP (VBN heard) (PP (IN of) (NP (DT that))))) (. ?) (-DFL- E_S)),247,249.38,250.26
sw01utt/sw_0136_4099.utt,4/sw4099,4099,168,nn,A,91,1,Huh-uh. /,[ Huh-uh/UH ] ./.,(INTJ (UH Huh-uh) (. .) (-DFL- E_S)),249,250.26,250.44
sw01utt/sw_0136_4099.utt,4/sw4099,4099,169,sd,B,92,1,"{D Well, } maybe it isn't in Utah. /","Well/UH ,/, maybe/RB  [ it/PRP ] is/VBZ n't/RB in/IN  [ Utah/NNP ] ./.","(S (INTJ (UH Well)) (, ,) (ADVP (RB maybe)) (NP-SBJ (PRP it)) (VP (VBZ is) (RB n't) (PP-LOC-PRD (IN in) (NP (NNP Utah)))) (. .) (-DFL- E_S))",251,250.44,253.0
sw01utt/sw_0136_4099.utt,4/sw4099.pos,4099,170,x,A,93,1,<Laughter>.,./.,,,0.0,0.0
sw01utt/sw_0136_4099.utt,4/sw4099,4099,171,sd,B,94,1,{C But } they said they've skied Heavenly  /,But/CC  [ they/PRP ] said/VBD  [ they/PRP ] 've/VBP skied/VBN  [ Heavenly/NNP ],(S (CC But) (NP-SBJ (PRP they)) (VP (VBD said) (SBAR (-NONE- 0) (S (NP-SBJ (PRP they)) (VP (VBP 've) (VP (VBN skied) (NP (NNP Heavenly))))))) (-DFL- E_S)),254,253.66,255.32000000000002
sw01utt/sw_0136_4099.utt,4/sw4099,4099,172,sd,B,94,2,"{C and } <laughter> it sounded like,  <laughter> {D you know, } that they skied really  well, [ and + ]  when they are actually talking about a place.  /","and/CC  [ it/PRP ] sounded/VBD like/IN ,/,  [ you/PRP ] know/VBP ,/, that/IN  [ they/PRP ] skied/VBN really/RB well/RB ,/, and/CC when/WRB  [ they/PRP ] are/VBP actually/RB talking/VBG about/IN  [ a/DT place/NN ] ./.","(S (CC and) (NP-SBJ (PRP it)) (VP (VBD sounded) (PP (IN like) (PRN (, ,) (S (NP-SBJ (PRP you)) (VP (VBP know))) (, ,)) (SBAR (IN that) (S (NP-SBJ (PRP they)) (VP (VBN skied) (ADVP-MNR (RB really) (RB well)))))) (, ,) (SBAR-TMP (EDITED (RM (-DFL- \[)) (CC and) (IP (-DFL- \+)) (RS (-DFL- \]))) (WHADVP-1 (WRB when)) (S (NP-SBJ (PRP they)) (VP (VBP are) (ADVP (RB actually)) (VP (VBG talking) (PP (IN about) (NP (DT a) (NN place))) (ADVP-TMP (-NONE- *T*-1))))))) (. .) (-DFL- E_S))",255,255.48,261.16
sw01utt/sw_0136_4099.utt,4/sw4099,4099,173,sv,B,94,3,It's kind of funny. /,[ It/PRP ] [ 's/BES kind/RB ] of/RB  [ funny/JJ ] ./.,(S (NP-SBJ (PRP It)) (VP (BES 's) (ADVP (RB kind) (RB of)) (ADJP-PRD (JJ funny))) (. .) (-DFL- E_S)),256,261.16,262.09999999999997
sw01utt/sw_0136_4099.utt,4/sw4099,4099,174,qy,A,95,1,"Do they exercise much [ or, + ]  {E I mean } for skiing?  /","Do/VBP  [ they/PRP ] exercise/VB much/RB or/CC ,/,  [ I/PRP ] mean/VBP for/IN  [ skiing/NN ] ?/.","(SQ (VBP Do) (NP-SBJ (PRP they)) (VP (VB exercise) (ADVP (RB much)) (EDITED (RM (-DFL- \[)) (CC or) (, ,) (IP (-DFL- \+)) (RS (-DFL- \]))) (PRN (S (NP-SBJ (PRP I)) (VP (VBP mean)))) (PP (IN for) (NP (NN skiing)))) (. ?) (-DFL- E_S))",258,262.26,265.02
sw01utt/sw_0136_4099.utt,4/sw4099,4099,175,sd,A,95,2,"I know when I went, you can get sore easily  /","[ I/PRP ] know/VBP when/WRB  [ I/PRP ] went/VBD ,/,  [ you/PRP ] can/MD get/VB  [ sore/JJ ] easily/RB","(S (NP-SBJ (PRP I)) (VP (VBP know) (SBAR-TMP (WHADVP-1 (WRB when)) (S (NP-SBJ (PRP I)) (VP (VBD went) (ADVP-TMP (-NONE- *T*-1))))) (, ,) (SBAR (-NONE- 0) (S (NP-SBJ (PRP you)) (VP (MD can) (VP (VB get) (ADJP-PRD (JJ sore)) (ADVP-MNR (RB easily))))))) (-DFL- E_S))",259,265.1,266.98
sw01utt/sw_0136_4099.utt,4/sw4099,4099,176,%,A,95,3,"{C but, } -/","but/CC ,/,","(S-UNF (CC but) (, ,) (-DFL- N_S))",231,267.0,267.18
sw01utt/sw_0136_4099.utt,4/sw4099,4099,177,aa,B,96,1,{F Oh } yeah.  /,Oh/UH yeah/UH ./.,(INTJ (INTJ (UH Oh)) (INTJ (UH yeah)) (. .) (-DFL- E_S)),262,267.7,268.23999999999995
sw01utt/sw_0136_4099.utt,4/sw4099,4099,178,sd,B,96,2,You can get really sore.  /,[ You/PRP ] can/MD get/VB really/RB sore/JJ ./.,(S (NP-SBJ (PRP You)) (VP (MD can) (VP (VB get) (ADJP-PRD (RB really) (JJ sore)))) (. .) (-DFL- E_S)),263,268.24,269.38
sw01utt/sw_0136_4099.utt,4/sw4099,4099,179,%,B,96,3,"I know you, - /","[ I/PRP ] know/VBP  [ you/PRP ] ,/,","(S (NP-SBJ (PRP I)) (VP (VBP know) (SBAR (-NONE- 0) (S-UNF (NP-SBJ (PRP you))))) (, ,) (-DFL- N_S))",264,269.54,270.02
sw01utt/sw_0136_4099.utt,4/sw4099,4099,180,sd,B,96,4,"{E I mean }  I've talked to people,  /","[ I/PRP ] mean/VBP  [ I/PRP ] 've/VBP talked/VBN to/IN  [ people/NNS ] ,/,","(S (PRN (S (NP-SBJ (PRP I)) (VP (VBP mean)))) (NP-SBJ (PRP I)) (VP (VBP 've) (VP (VBN talked) (PP (IN to) (NP (NNS people))))) (, ,) (-DFL- E_S))",265,270.12,271.4
sw01utt/sw_0136_4099.utt,4/sw4099,4099,181,sd,B,96,5,{C but } most of these people ski enough  so that they don't get sore. /,but/CC  [ most/JJS ] of/IN  [ these/DT people/NNS ] ski/VB enough/RB so/RB that/IN  [ they/PRP ] do/VBP n't/RB get/VB  [ sore/JJ ] ./.,(S (CC but) (NP-SBJ (NP (JJS most)) (PP (IN of) (NP (DT these) (NNS people)))) (VP (VB ski) (ADVP (RB enough)) (SBAR-PRP (RB so) (IN that) (S (NP-SBJ (PRP they)) (VP (VBP do) (RB n't) (VP (VB get) (ADJP-PRD (JJ sore))))))) (. .) (-DFL- E_S)),266,271.4,273.82
sw01utt/sw_0136_4099.utt,4/sw4099,4099,182,b,A,97,1,{F Oh } yeah.  /,Oh/UH yeah/UH ./.,(INTJ (INTJ (UH Oh)) (INTJ (UH yeah)) (. .) (-DFL- E_S)),262,273.98,274.74
sw01utt/sw_0136_4099.utt,4/sw4099,4099,183,sd,A,97,2,((   ))  is one or two timer a year  if I do go on them  /,[ MUMBLEx/XX ] is/VBZ  [ one/CD ] or/CC  [ two/CD timer/NN ] [ a/DT year/NN ] if/IN  [ I/PRP ] do/VBP go/VB on/IN  [ them/PRP ],(S (NP-SBJ (XX MUMBLEx)) (VP (VBZ is) (NP-PRD (NP (QP (CD one) (CC or) (CD two)) (TYPO (NN timer))) (NP-ADV (DT a) (NN year))) (SBAR-ADV (IN if) (S (NP-SBJ (PRP I)) (VP (VBP do) (VP (VB go) (PP (IN on) (NP (PRP them)))))))) (-DFL- E_S)),269,274.74,277.88
sw01utt/sw_0136_4099.utt,4/sw4099,4099,184,sd,A,97,3,{C and } I am really sore after. /,and/CC  [ I/PRP ] am/VBP really/RB sore/JJ after/IN ./.,(S (CC and) (NP-SBJ (PRP I)) (VP (VBP am) (ADJP-PRD (RB really) (JJ sore)) (ADVP-TMP (IN after))) (. .) (-DFL- E_S)),270,277.88,278.76000000000005
sw01utt/sw_0136_4099.utt,4/sw4099,4099,185,qy,B,98,1,"{C And then, } is it your quadriceps that are the worst? /","And/CC then/RB ,/, is/VBZ it/PRP  [ your/PRP$ quadriceps/NN ] [ that/WDT ] are/VBP  [ the/DT worst/JJS ] ?/.","(SQ-CLF (CONJP (CC And) (RB then)) (, ,) (VBZ is) (NP-SBJ (PRP it)) (NP-PRD (PRP$ your) (NN quadriceps)) (SBAR (WHNP-1 (WDT that)) (S (NP-SBJ (-NONE- *T*-1)) (VP (VBP are) (NP-PRD (DT the) (JJS worst))))) (. ?) (-DFL- E_S))",272,278.76,281.21999999999997
sw01utt/sw_0136_4099.utt,4/sw4099,4099,186,ny,A,99,1,Yeah. /,Yeah/UH ./.,(INTJ (UH Yeah) (. .) (-DFL- E_S)),274,281.64,281.91999999999996
sw01utt/sw_0136_4099.utt,4/sw4099,4099,187,qy^d,B,100,1,"In your legs and, -/","In/IN  [ your/PRP$ legs/NNS ] and/CC ,/,","(PP-LOC (IN In) (NP-UNF (NP (PRP$ your) (NNS legs)) (CC and)) (, ,) (-DFL- N_S))",276,281.92,282.5
sw01utt/sw_0136_4099.utt,4/sw4099,4099,188,sd,A,101,1,"My legs really, really ache. /","[ My/PRP$ legs/NNS ] really/RB ,/, really/RB  [ ache/VBP ] ./.","(S (NP-SBJ (PRP$ My) (NNS legs)) (ADVP (RB really) (, ,) (RB really)) (VP (VBP ache)) (. .) (-DFL- E_S))",278,282.62,284.26
sw01utt/sw_0136_4099.utt,4/sw4099,4099,189,b,B,102,1,Yeah.  /,[ Yeah/UH ] ./.,(INTJ (UH Yeah) (. .) (-DFL- E_S)),274,284.5,284.84
sw01utt/sw_0136_4099.utt,4/sw4099,4099,190,b^r,B,102,2,Yeah. /,[ Yeah/UH ] ./.,(INTJ (UH Yeah) (. .) (-DFL- E_S)),274,285.54,285.82
sw01utt/sw_0136_4099.utt,4/sw4099,4099,191,%,A,103,1,"{C But, }  that's, <noise> - /","But/CC ,/,  [ that/DT ] 's/BES ,/,","(S (CC But) (, ,) (NP-SBJ (DT that)) (VP-UNF (BES 's)) (, ,) (-DFL- N_S))",283,285.82,286.08
sw01utt/sw_0136_4099.utt,4/sw4099,4099,192,sd,A,103,2,I am using <noise> muscles that I have never used before. /,[ I/PRP ] am/VBP using/VBG  [ muscles/NNS ] that/WDT  [ I/PRP ] have/VBP never/RB used/VBN before/IN ./.,(S (NP-SBJ (PRP I)) (VP (VBP am) (VP (VBG using) (NP (NP (NNS muscles)) (SBAR (WHNP-1 (WDT that)) (S (NP-SBJ (PRP I)) (VP (VBP have) (ADVP-TMP (RB never)) (VP (VBN used) (NP (-NONE- *T*-1)) (ADVP-TMP (IN before))))))))) (. .) (-DFL- E_S)),284,286.28,288.24
sw01utt/sw_0136_4099.utt,4/sw4099,4099,193,%,B,104,1,"{D Well, } - /","Well/UH ,/,","(INTJ (UH Well) (, ,) (-DFL- N_S))",286,288.94,289.08
sw01utt/sw_0136_4099.utt,4/sw4099,4099,194,sd,B,104,2,"{C and } it's strange that you  can do, like I did aerobics, {D you know, } all the time  /","and/CC  [ it/PRP ] 's/BES strange/JJ that/IN  [ you/PRP ] can/MD do/VB ,/, like/IN  [ I/PRP ] did/VBD  [ aerobics/NNS ] ,/,  [ you/PRP ] know/VBP ,/,  [ all/PDT the/DT time/NN ]","(S (CC and) (NP-SBJ (NP (PRP it)) (SBAR (-NONE- *EXP*-1))) (VP (BES 's) (ADJP-PRD (JJ strange)) (SBAR-1 (IN that) (S (NP-SBJ (PRP you)) (VP (MD can) (VP-UNF (VB do)))))) (, ,))|||(S (INTJ (IN like)) (NP-SBJ (PRP I)) (VP (VBD did) (NP (NNS aerobics)) (PRN (, ,) (S (NP-SBJ (PRP you)) (VP (VBP know))) (, ,)) (NP-TMP (PDT all) (DT the) (NN time))) (-DFL- E_S))",287|||288,289.08,293.67999999999995
sw01utt/sw_0136_4099.utt,4/sw4099,4099,195,sd,B,104,3,{C and then } I went horseback riding  /,and/CC then/RB  [ I/PRP ] went/VBD  [ horseback/NN ] riding/NN,(S (CONJP (CC and) (RB then)) (NP-SBJ (PRP I)) (VP (VBD went) (NP (NN horseback) (NN riding))) (-DFL- E_S)),289,293.68,294.9
sw01utt/sw_0136_4099.utt,4/sw4099,4099,196,sd,B,104,4,{C and } still I was so sore  /,and/CC still/RB  [ I/PRP ] was/VBD so/RB sore/JJ,(S (CC and) (ADVP (RB still)) (NP-SBJ (PRP I)) (VP (VBD was) (ADJP-PRD (RB so) (JJ sore))) (-DFL- E_S)),290,295.72,298.06
sw01utt/sw_0136_4099.utt,4/sw4099,4099,197,sd,B,104,5,"{C and } I couldn't get over, -/","and/CC  [ I/PRP ] could/MD n't/RB get/VB over/RP ,/,","(S (CC and) (NP-SBJ (PRP I)) (VP (MD could) (RB n't) (VP-UNF (VB get) (X (RP over)))) (, ,) (-DFL- N_S))",291,298.78,299.52
