act_tag,caller,conversation_no,end_ts,pos,ptb_basename,ptb_treenumbers,start_ts,subutterance_index,swda_filename,text,transcript_index,trees,utterance_index
qy,A,4356,2.4,So/UH ./.  Have/VBP  [ you/PRP ] heard/VBN about/IN  [ Saturns/NNPS ] ?/.,4/sw4356,1.0,0.02,1,sw00utt/sw_0010_4356.utt,{D So. }  Have you heard about Saturns? /,0,(SQ (INTJ (UH So)) (. .) (VBP Have) (NP-SBJ (PRP you)) (VP (VBN heard) (PP (IN about) (NP (NNPS Saturns)))) (. ?) (-DFL- E_S)),1
^h,B,4356,4.74,[ I/PRP ] 've/VBP heard/VBN  [ some/DT ] about/IN  [ Saturns/NNPS ] ./.,4/sw4356,3.0,3.14,1,sw00utt/sw_0010_4356.utt,<Swallowing> <hum> <breathing> <<he seems to be out of breath>> I've heard some about Saturns.  /,1,(S (NP-SBJ (PRP I)) (VP (VBP 've) (VP (VBN heard) (NP (NP (DT some)) (PP (IN about) (NP (NNPS Saturns)))))) (. .) (-DFL- E_S)),2
sd,B,4356,7.16,[ I/PRP ] do/VBP n't/RB know/VB  [ a/DT lot/NN ] about/IN  [ them/PRP ] ./.,4/sw4356,4.0,4.74,2,sw00utt/sw_0010_4356.utt,I don't know <inhaling> a lot about them.  /,2,(S (NP-SBJ (PRP I)) (VP (VBP do) (RB n't) (VP (VB know) (NP (NP (DT a) (NN lot)) (PP (IN about) (NP (PRP them)))))) (. .) (-DFL- E_S)),2
sd,B,4356,17.58,"[ I/PRP ] have/VBP n't/RB been/VBN over/IN ,/,  [ uh/UH ] ,/, to/IN  [ a/DT dealer/NN ] to/TO look/VB at/IN  [ them/PRP ] although/IN  [ I/PRP ] did/VBD see/VB  [ something/NN ] in/IN  [ tonight/NN 's/POS paper/NN ] [ that/WDT ] said/VBD  [ that/IN their/PRP$ ] ,/,  [ uh/UH reliability/NN ] is/VBZ rated/VBN to/TO be/VB equal/JJ to/IN  [ that/DT ] of/IN  [ the/DT ] ,/,  [ I/PRP ] guess/VBP ,/,  [ the/DT Japanese/JJ cars/NNS ] ./.",4/sw4356,5.0,7.16,3,sw00utt/sw_0010_4356.utt,"I haven't been over, {F uh, } to a dealer to look at them although I did see something in tonight's paper that said that their, {F uh } reliability is rated to be equal to that of [ the, + I guess, the ] Japanese cars.  /",3,"(S (NP-SBJ-2 (PRP I)) (VP (VBP have) (RB n't) (VP (VBN been) (PP-DIR-PRD (IN over) (, ,) (INTJ (UH uh)) (, ,) (PP (IN to) (NP (DT a) (NN dealer)))) (S-PRP (NP-SBJ (-NONE- *-2)) (VP (TO to) (VP (VB look) (PP (IN at) (NP (PRP them)))))) (SBAR-ADV (IN although) (S (NP-SBJ (PRP I)) (VP (VBD did) (VP (VB see) (NP (NP (NN something)) (PP (IN in) (NP (NP (NN tonight) (POS 's)) (NN paper))) (SBAR (WHNP-1 (WDT that)) (S (NP-SBJ (-NONE- *T*-1)) (VP (VBD said) (SBAR (IN that) (S (NP-SBJ-3 (PRP$ their) (, ,) (INTJ (UH uh)) (NN reliability)) (VP (VBZ is) (VP (VBN rated) (S (NP-SBJ (-NONE- *-3)) (VP (TO to) (VP (VB be) (ADJP-PRD (JJ equal) (PP (IN to) (NP (NP (DT that)) (PP (IN of) (EDITED (RM (-DFL- \[)) (NP-UNF (DT the)) (, ,) (IP (-DFL- \+))) (PRN (S (NP-SBJ (PRP I)) (VP (VBP guess))) (, ,)) (NP (DT the) (RS (-DFL- \])) (JJ Japanese) (NNS cars))))))))))))))))))))))) (. .) (-DFL- E_S))",2
o@,B,4356,0.0,/PRP ],4/sw4356,,0.0,4,sw00utt/sw_0010_4356.utt,<+ what to do about these I guess's +> *[[comment on trans. -? delete line?]],4,,2
ba,A,4356,,"Ooh/UH ,/,  [ that/DT ] 's/BES great/JJ ./.",4/sw4356,7.0,,1,sw00utt/sw_0010_4356.utt,"{F Ooh, } that's great.  /",5,"(S (INTJ (UH Ooh)) (, ,) (NP-SBJ (DT that)) (VP (BES 's) (ADJP-PRD (JJ great))) (. .) (-DFL- E_S))",3
sd,A,4356,,"Actually/RB that/DT  [ 's/BES kind/RB ] of/RB  [ the/DT type/NN ] of/IN  [ car/NN ] that/WDT  [ I/PRP ] ,/,  [ I/PRP ] 'm/VBP thinking/VBG about/IN  [ we/PRP ] might/MD get/VB ./.",4/sw4356,8.0,,2,sw00utt/sw_0010_4356.utt,"{D Actually } that's kind of the type of car that [ I, + I'm ] thinking about we might get.  /",6,"(S (ADVP (RB Actually)) (NP-SBJ (DT that)) (VP (BES 's) (ADVP (RB kind) (RB of)) (NP-PRD (NP (DT the) (NN type)) (PP (IN of) (NP (NN car))) (SBAR (WHNP-1 (WDT that)) (S (EDITED (RM (-DFL- \[)) (NP-SBJ (PRP I)) (, ,) (IP (-DFL- \+))) (NP-SBJ (PRP I)) (VP (VBP 'm) (RS (-DFL- \])) (VP (VBG thinking) (PP (IN about) (SBAR (-NONE- 0) (S (NP-SBJ (PRP we)) (VP (MD might) (VP (VB get) (NP (-NONE- *T*-1))))))))))))) (. .) (-DFL- E_S))",3
sd,A,4356,,"[ Saturns/NNPS ] ,/,  [ you/PRP ] ca/MD n't/RB go/VB to/IN  [ a/DT dealer/NN ] unless/IN  [ you/PRP ] go/VBP to/IN  [ a/DT ] ,/,  [ a/DT Saturn/NNP dealer/NN ] ./.",4/sw4356,9.0,,3,sw00utt/sw_0010_4356.utt,"Saturns, you can't go to a dealer unless you go to [ a, + a ] Saturn dealer.",7,"(S (NP-ADV (NNPS Saturns)) (, ,) (NP-SBJ (PRP you)) (VP (MD ca) (RB n't) (VP (VB go) (PP-DIR (IN to) (NP (DT a) (NN dealer))) (SBAR-ADV (IN unless) (S (NP-SBJ (PRP you)) (VP (VBP go) (PP-DIR (IN to) (EDITED (RM (-DFL- \[)) (NP-UNF (DT a)) (, ,) (IP (-DFL- \+))) (NP (NP (DT a) (RS (-DFL- \])) (NNP Saturn) (NN dealer)) (. .) (EDITED (RM (-DFL- \[)) (NP-UNF (DT This)) (, ,) (IP (-DFL- \+))) (NP (NP (DT this) (RS (-DFL- \])) (NN offshoot)) (PP (IN of) (NP (NNP G) (NNP M))))))))))) (. .) (-DFL- E_S))",3
+@,B,4356,,[ Uh-huh/UH ] ./.,4/sw4356,11.0,,1,sw00utt/sw_0010_4356.utt,Uh-huh. /,8,(INTJ (UH Uh-huh) (. .) (-DFL- E_S)),4
+,A,4356,,"[ This/DT ] ,/,  [ this/DT offshoot/NN ] of/IN  [ G/NNP M/NNP ] ./.",4/sw4356,9.0,,1,sw00utt/sw_0010_4356.utt,"[ This, + this ] offshoot of G M <thumping>. /",9,"(S (NP-ADV (NNPS Saturns)) (, ,) (NP-SBJ (PRP you)) (VP (MD ca) (RB n't) (VP (VB go) (PP-DIR (IN to) (NP (DT a) (NN dealer))) (SBAR-ADV (IN unless) (S (NP-SBJ (PRP you)) (VP (VBP go) (PP-DIR (IN to) (EDITED (RM (-DFL- \[)) (NP-UNF (DT a)) (, ,) (IP (-DFL- \+))) (NP (NP (DT a) (RS (-DFL- \])) (NNP Saturn) (NN dealer)) (. .) (EDITED (RM (-DFL- \[)) (NP-UNF (DT This)) (, ,) (IP (-DFL- \+))) (NP (NP (DT this) (RS (-DFL- \])) (NN offshoot)) (PP (IN of) (NP (NNP G) (NNP M))))))))))) (. .) (-DFL- E_S))",5
b,B,4356,,Yeah/UH ./.,4/sw4356,14.0,,1,sw00utt/sw_0010_4356.utt,<Laughter> Yeah.  /,10,(INTJ (UH Yeah) (. .) (-DFL- E_S)),6
sv,A,4356,,"And/CC ,/,  [ uh/UH ] ,/, supposedly/RB ,/,  [ they/PRP ] 've/VBP got/VBN  [ great/JJ customer/NN satisfaction/NN ] from/IN  [ what/WDT things/NNS I/PRP ] 've/VBP heard/VBN ./.",4/sw4356,16.0,,1,sw00utt/sw_0010_4356.utt,"{C And, } {F uh, } supposedly, they've got great customer <sniffing> satisfaction from what things I've heard. /",11,"(S (CC And) (, ,) (INTJ (UH uh)) (, ,) (ADVP (RB supposedly)) (, ,) (NP-SBJ (PRP they)) (VP (VBP 've) (VP (VBN got) (NP (JJ great) (NN customer) (NN satisfaction)) (PP (IN from) (SBAR-NOM (WHNP-1 (WDT what) (NNS things)) (S (NP-SBJ (PRP I)) (VP (VBP 've) (VP (VBN heard) (NP (-NONE- *T*-1))))))))) (. .) (-DFL- E_S))",7
aa,B,4356,,"Um/UH ./.  [ Yeah/UH ] ,/,",4/sw4356,18.0,,1,sw00utt/sw_0010_4356.utt,"{F Um. } Yeah,  /",12,"(INTJ (INTJ (UH Um)) (. .) (INTJ (UH Yeah)) (, ,) (-DFL- E_S))",8
sd,B,4356,,[ I/PRP ] 've/VBP heard/VBN  [ a/DT lot/NN ] of/IN  [ people/NNS ] like/VBP  [ them/PRP ] ./.,4/sw4356,19.0,,2,sw00utt/sw_0010_4356.utt,I've heard a lot of people like them.  /,13,(S (NP-SBJ (PRP I)) (VP (VBP 've) (VP (VBN heard) (SBAR (-NONE- 0) (S (NP-SBJ (NP (DT a) (NN lot)) (PP (IN of) (NP (NNS people)))) (VP (VBP like) (NP (PRP them))))))) (. .) (-DFL- E_S)),8
sd,B,4356,,"[ Uh/UH ] ,/, yet/CC  [ I/PRP ] do/VBP n't/RB know/VB  [ wh-/IN ] ,/, whether/IN  [ I/PRP ] would/MD buy/VB  [ Saturn/NNP ] or/CC not/RB at/IN  [ this/DT point/NN ] ./.",4/sw4356,20.0,,3,sw00utt/sw_0010_4356.utt,"{F Uh, } yet I don't know [ wh-, + whether ] I would buy Saturn or not at this point.  /",14,"(S (INTJ (UH Uh)) (, ,) (ADVP (CC yet)) (NP-SBJ (PRP I)) (VP (VBP do) (RB n't) (VP (VB know) (SBAR (EDITED (RM (-DFL- \[)) (SBAR-UNF (IN wh-)) (, ,) (IP (-DFL- \+))) (IN whether) (RS (-DFL- \])) (S (NP-SBJ (PRP I)) (VP (MD would) (VP (VP (VB buy) (NP (NNP Saturn))) (CC or) (VP (FRAG (RB not))))))) (PP-TMP (IN at) (NP (DT this) (NN point))))) (. .) (-DFL- E_S))",8
%,B,4356,,"[ I/PRP ] 'm/VBP kind/RB of/RB ,/,",4/sw4356,21.0,,4,sw00utt/sw_0010_4356.utt,"I'm kind of, - /",15,"(S (NP-SBJ (PRP I)) (VP-UNF (VBP 'm) (ADVP (RB kind) (RB of))) (, ,) (-DFL- N_S))",8
sv,B,4356,,"[ my/PRP$ card/NN ] and/CC ,/,  [ uh/UH ] ,/,  [ desires/NNS ] tend/VBP to/TO be/VB pretty/RB picky/JJ",4/sw4356,22.0,,5,sw00utt/sw_0010_4356.utt,"my card and, {F uh, } desires tend to be pretty picky  /",16,"(S (NP-SBJ-1 (PRP$ my) (NN card) (CC and) (, ,) (INTJ (UH uh)) (, ,) (NNS desires)) (VP (VBP tend) (S (NP-SBJ (-NONE- *-1)) (VP (TO to) (VP (VB be) (ADJP-PRD (RB pretty) (JJ picky)))))) (-DFL- E_S))",8
%,B,4356,,"and/CC so/RB ,/,  [ uh/UH ] ./.",4/sw4356,23.0,,6,sw00utt/sw_0010_4356.utt,"{C and so, } {F uh. } -/",17,"(S-UNF (CONJP (CC and) (RB so)) (, ,) (INTJ (UH uh)) (. .) (-DFL- N_S))",8
qy^d,A,4356,,"Well/UH ,/, like/IN  [ what/WP ] ?/.",4/sw4356,25.0,,1,sw00utt/sw_0010_4356.utt,"{D Well, } like what? /",18,"(FRAG (INTJ (UH Well)) (, ,) (PP (IN like) (NP (WP what))) (. ?) (-DFL- E_S))",9
^h,B,4356,,"Well/UH ,/, let/VB  [ 's/PRP ] see/VB ./.",4/sw4356,27.0,,1,sw00utt/sw_0010_4356.utt,"{D Well, } let's see.  /",19,"(S-IMP (INTJ (UH Well)) (, ,) (NP-SBJ (-NONE- *)) (VP (VB let) (S (NP-SBJ (PRP 's)) (VP (VB see)))) (. .) (-DFL- E_S))",10
sd,B,4356,,"[ I/PRP li/VBP ] ,/,  [ I/PRP ] like/VBP  [ cars/NNS ] [ that/WDT ] are/VBP designed/VBN with/IN ,/, with/IN  [ human/JJ beings/NNS ]  in/IN  [ mind/NN ] ,/,",4/sw4356,28.0,,2,sw00utt/sw_0010_4356.utt,"[ I li-, + I like ] cars that are designed [ with, + with ] human beings in mind, /",20,"(S (EDITED (RM (-DFL- \[)) (S (NP-SBJ (PRP I)) (VP-UNF (VBP li-))) (, ,) (IP (-DFL- \+))) (NP-SBJ (PRP I)) (VP (VBP like) (RS (-DFL- \])) (NP (NP (NNS cars)) (SBAR (WHNP-1 (WDT that)) (S (NP-SBJ-2 (-NONE- *T*-1)) (VP (VBP are) (VP (VBN designed) (NP (-NONE- *-2)) (EDITED (RM (-DFL- \[)) (PP-UNF (IN with)) (, ,) (IP (-DFL- \+))) (SBAR-ADV (IN with) (RS (-DFL- \])) (S (NP-SBJ (JJ human) (NNS beings)) (PP-PRD (IN in) (NP (NN mind))))))))))) (, ,) (-DFL- E_S))",10
x,A,4356,,./.,4/sw4356.pos,,,1,sw00utt/sw_0010_4356.utt,<Thumping>.,21,,11
sd,B,4356,,and/CC  [ that/DT ] 's/BES not/RB just/RB  [ the/DT driver/NN ] and/CC  [ the/DT passenger/NN ],4/sw4356,31.0,,1,sw00utt/sw_0010_4356.utt,{C and } that's not just the driver and the passenger  /,22,(S (CC and) (NP-SBJ (DT that)) (VP (BES 's) (RB not) (ADVP (RB just)) (NP-PRD (NP (DT the) (NN driver)) (CC and) (NP (DT the) (NN passenger)))) (-DFL- E_S)),12
sd,B,4356,,"but/CC  [ that/DT ] 's/BES  [ the/DT person/NN ] [ who/WP 's/BES ]  working/VBG on/IN  [ it/PRP ] ,/,",4/sw4356,32.0,,2,sw00utt/sw_0010_4356.utt,"{C but } that's the person who's working on it,  /",23,"(S (CC but) (NP-SBJ (DT that)) (VP (BES 's) (NP-PRD (NP (DT the) (NN person)) (SBAR (WHNP-1 (WP who)) (S (NP-SBJ (-NONE- *T*-1)) (VP (BES 's) (VP (VBG working) (PP (IN on) (NP (PRP it))))))))) (, ,) (-DFL- E_S))",12
sd,B,4356,,"cause/IN  [ I/PRP ] do/VBP al-/RB ,/, almost/RB  [ all/DT my/PRP$ own/JJ maintenance/NN ] and/CC ,/,  [ uh/UH ] --/:",4/sw4356,33.0,,3,sw00utt/sw_0010_4356.utt,"{C cause } I do [ al-, + almost ] all my own maintenance # and, {F uh } # --",24,"(SBAR-PRP (IN cause) (S (NP-SBJ (PRP I)) (VP (VBP do) (EDITED (RM (-DFL- \[)) (NP-UNF (RB al-)) (, ,) (IP (-DFL- \+))) (NP (NP (ADJP (RB almost) (RS (-DFL- \])) (DT all)) (ADJP (PRP$ my) (JJ own)) (NN maintenance)) (CC and) (, ,) (INTJ (UH uh)) (NP (NP (DT those) (NNS types)) (PP (IN of) (NP (NNS things))))))) (. .) (-DFL- E_S))",12
b,A,4356,,[ Uh-huh/UH ] ./.,4/sw4356,11.0,,1,sw00utt/sw_0010_4356.utt,# ((Uh-huh)). # /,25,(INTJ (UH Uh-huh) (. .) (-DFL- E_S)),13
+,B,4356,,--/:  [ those/DT types/NNS ] of/IN  [ things/NNS ] ./.,4/sw4356,33.0,,1,sw00utt/sw_0010_4356.utt,-- those types of things.  /,26,"(SBAR-PRP (IN cause) (S (NP-SBJ (PRP I)) (VP (VBP do) (EDITED (RM (-DFL- \[)) (NP-UNF (RB al-)) (, ,) (IP (-DFL- \+))) (NP (NP (ADJP (RB almost) (RS (-DFL- \])) (DT all)) (ADJP (PRP$ my) (JJ own)) (NN maintenance)) (CC and) (, ,) (INTJ (UH uh)) (NP (NP (DT those) (NNS types)) (PP (IN of) (NP (NNS things))))))) (. .) (-DFL- E_S))",14
sd,B,4356,,"And/CC  [ I/PRP ] found/VBD that/IN while/IN  [ you/PRP ] can/MD find/VB  [ some/DT cars/NNS ] [ that/WDT ] are/VBP comfortable/JJ to/TO ride/VB in/IN ,/,  [ uh/UH ] ,/, finding/VBG  [ a/DT ca-/NN ] ,/,  [ car/NN ] anymore/RB  [ that/WDT ] 's/BES ,/,  [ that/WDT ] 's/BES fairly/RB easy/JJ for/IN  [ me/PRP ] to/TO work/VB on/IN ,/,  [ it/PRP ] 's/BES just/RB not/RB very/RB eas/JJ ,/,  [ it/PRP ] 's/BES not/RB very/RB ,/,",4/sw4356,37.0,,2,sw00utt/sw_0010_4356.utt,"{C And } I found that while you can find some cars that are comfortable to ride in, {F uh, } finding a [ ca-, + car ] anymore [ that's, + that's ] fairly easy for me to work on, [ it's just not very eas-, +  it's not very, ] - /",27,"(S (CC And) (NP-SBJ (PRP I)) (VP (VBD found) (SBAR (IN that) (S (SBAR-ADV (IN while) (S (NP-SBJ (PRP you)) (VP (MD can) (VP (VB find) (NP (NP (DT some) (NNS cars)) (SBAR (WHNP-1 (WDT that)) (S (NP-SBJ (-NONE- *T*-1)) (VP (VBP are) (ADJP-PRD (JJ comfortable) (SBAR (WHNP-2 (-NONE- 0)) (S (NP-SBJ (-NONE- *)) (VP (TO to) (VP (VB ride) (PP-LOC (IN in) (NP (-NONE- *T*-2)))))))))))))))) (, ,) (INTJ (UH uh)) (, ,) (S-NOM-TPC (NP-SBJ (-NONE- *)) (VP (VBG finding) (NP (NP (DT a) (EDITED (RM (-DFL- \[)) (NN ca-) (, ,) (IP (-DFL- \+))) (NN car) (RS (-DFL- \]))) (SBAR (-NONE- *ICH*-5))) (ADVP-TMP (RB anymore)) (SBAR-5 (EDITED (RM (-DFL- \[)) (SBAR (WHNP-3 (WDT that)) (S (NP-SBJ (-NONE- *T*-3)) (VP-UNF (BES 's)))) (, ,) (IP (-DFL- \+))) (WHNP-4 (WDT that)) (S (NP-SBJ (-NONE- *T*-4)) (VP (BES 's) (RS (-DFL- \])) (ADJP-PRD (RB fairly) (JJ easy) (SBAR (WHNP-6 (-NONE- 0)) (IN for) (S (NP-SBJ (PRP me)) (VP (TO to) (VP (VB work) (PP (IN on) (NP (-NONE- *T*-6))))))))))))) (, ,) (EDITED (RM (-DFL- \[)) (S (NP-SBJ (PRP it)) (VP (BES 's) (ADVP (RB just)) (RB not) (ADJP-PRD-UNF (RB very) (JJ eas-)))) (, ,) (IP (-DFL- \+))) (NP-SBJ (PRP it)) (VP (BES 's) (RB not) (ADVP-PRD-UNF (RB very)))))) (, ,) (RS (-DFL- \])) (-DFL- N_S))",14
sv,B,4356,,almost/RB unlikely/JJ at/IN  [ this/DT point/NN ] ./.,4/sw4356,38.0,,3,sw00utt/sw_0010_4356.utt,almost unlikely at this point. /,28,(FRAG (ADJP (RB almost) (JJ unlikely)) (PP-TMP (IN at) (NP (DT this) (NN point))) (. .) (-DFL- E_S)),14
b,A,4356,,Yeah/UH ./.,4/sw4356,14.0,,1,sw00utt/sw_0010_4356.utt,Yeah. /,29,(INTJ (UH Yeah) (. .) (-DFL- E_S)),15
%,B,4356,,"And/CC ,/,  [ uh/UH ] ,/,  [ yo-/PRP ] ,/,",4/sw4356,42.0,,1,sw00utt/sw_0010_4356.utt,"{C And, } {F uh, } yo-, -/",30,"(S (CC And) (, ,) (INTJ (UH uh)) (, ,) (NP-SBJ-UNF (PRP yo-)) (, ,) (-DFL- N_S))",16
b^r,A,4356,,Yeah/UH ./.,4/sw4356,14.0,,1,sw00utt/sw_0010_4356.utt,Yeah.  /,31,(INTJ (UH Yeah) (. .) (-DFL- E_S)),17
sd,A,4356,,[ I/PRP ] 've/VBP got/VBN  [ a/DT sixty-five/CD Mustang/NNP ],4/sw4356,45.0,,2,sw00utt/sw_0010_4356.utt,I've got a sixty-five Mustang  /,32,(S (NP-SBJ (PRP I)) (VP (VBP 've) (VP (VBN got) (NP (DT a) (CD sixty-five) (NNP Mustang)))) (-DFL- E_S)),17
sd,A,4356,,and/CC --/:,4/sw4356,22.0,,3,sw00utt/sw_0010_4356.utt,# [ {C and } # --,33,"(S (NP-SBJ-1 (PRP$ my) (NN card) (CC and) (, ,) (INTJ (UH uh)) (, ,) (NNS desires)) (VP (VBP tend) (S (NP-SBJ (-NONE- *-1)) (VP (TO to) (VP (VB be) (ADJP-PRD (RB pretty) (JJ picky)))))) (-DFL- E_S))",17
ba,B,4356,,Ooh/UH ./.,4/sw4356,48.0,,1,sw00utt/sw_0010_4356.utt,# Ooh. # /,34,(INTJ (UH Ooh) (. .) (-DFL- E_S)),18
+,A,4356,,"--/:  [ I/PRP ] ,/, and/CC  [ I/PRP ] do/VBP  [ the/DT work/NN ] on/IN ,/, most/JJS of/IN  [ the/DT work/NN ] on/IN  [ that/DT ] [ myself/PRP ] ./.",4/sw4356,46.0,,1,sw00utt/sw_0010_4356.utt,"-- I, + {C and } I ] do [ the work on, + most of the work on ] that myself. /",35,"(S (EDITED (RM (-DFL- \[)) (S-UNF (CC and) (NP-SBJ (PRP I))) (, ,) (IP (-DFL- \+))) (CC and) (NP-SBJ (PRP I)) (RS (-DFL- \])) (VP (VBP do) (EDITED (RM (-DFL- \[)) (NP (NP (DT the) (NN work)) (PP-UNF (IN on))) (, ,) (IP (-DFL- \+))) (NP (NP (JJS most)) (PP (IN of) (NP (DT the) (NN work)))) (PP (IN on) (RS (-DFL- \])) (NP (DT that))) (NP-ADV (PRP myself))) (. .) (-DFL- E_S))",19
b,B,4356,,[ Uh-huh/UH ] ./.,4/sw4356,35.0,,1,sw00utt/sw_0010_4356.utt,Uh-huh. /,36,(INTJ (UH Uh-huh) (. .) (-DFL- E_S)),20
sd,A,4356,,"And/CC when/WRB  [ I/PRP ] look/VBP at/IN  [ modern/JJ cars/NNS ] and/CC stuff/NN like/IN  [ that/DT ] ,/,  [ I/PRP ] just/RB say/VBP  [ I/PRP ] will/MD never/RB do/VB  [ that/DT ] with/IN  [ the/DT modern/JJ cars/NNS ] ./.",4/sw4356,53.0,,1,sw00utt/sw_0010_4356.utt,"{C And } when I look at modern cars and stuff like that, I just say I will never do that with the modern cars.  /",37,"(S (CC And) (SBAR-TMP (WHADVP-1 (WRB when)) (S (NP-SBJ (PRP I)) (VP (VBP look) (PP (IN at) (NP (NP (JJ modern) (NNS cars)) (CC and) (NP (NP (NN stuff)) (PP (IN like) (NP (DT that)))))) (ADVP-TMP (-NONE- *T*-1))))) (, ,) (NP-SBJ (PRP I)) (ADVP (RB just)) (VP (VBP say) (S-SEZ (NP-SBJ (PRP I)) (VP (MD will) (ADVP-TMP (RB never)) (VP (VB do) (NP (DT that)) (PP (IN with) (NP (DT the) (JJ modern) (NNS cars))))))) (. .) (-DFL- E_S))",21
sv,A,4356,,[ It/PRP ] 's/BES not/RB  [ worth/JJ my/PRP$ time/NN ] ./.,4/sw4356,54.0,,2,sw00utt/sw_0010_4356.utt,It's not worth my time.  /,38,(S (NP-SBJ (PRP It)) (VP (BES 's) (RB not) (ADJP-PRD (JJ worth) (NP (PRP$ my) (NN time)))) (. .) (-DFL- E_S)),21
sv,A,4356,,[ You/PRP ] ca/MD n't/RB get/VB in/IN there/RB ./.,4/sw4356,55.0,,3,sw00utt/sw_0010_4356.utt,You can't get in there.  /,39,(S (NP-SBJ (PRP You)) (VP (MD ca) (RB n't) (VP (VB get) (PP-LOC (IN in) (ADVP (RB there))))) (. .) (-DFL- E_S)),21
sv,A,4356,,[ You/PRP ] ca/MD n't/RB do/VB  [ anything/NN ] ./.,4/sw4356,56.0,,4,sw00utt/sw_0010_4356.utt,You can't do anything. /,40,(S (NP-SBJ (PRP You)) (VP (MD ca) (RB n't) (VP (VB do) (NP (NN anything)))) (. .) (-DFL- E_S)),21
b,B,4356,,Yeah/UH ./.,4/sw4356,40.0,,1,sw00utt/sw_0010_4356.utt,Yeah. /,41,(INTJ (UH Yeah) (. .) (-DFL- E_S)),22
sv,A,4356,,And/CC  [ it/PRP ] 's/BES so/RB complicated/JJ too/RB ./.,4/sw4356,60.0,,1,sw00utt/sw_0010_4356.utt,{C And } it's so complicated too.  /,42,(S (CC And) (NP-SBJ (PRP it)) (VP (BES 's) (ADJP-PRD (RB so) (JJ complicated)) (ADVP (RB too))) (. .) (-DFL- E_S)),23
sd,A,4356,,[ I/PRP ] look/VBP at/IN  [ it/PRP ],4/sw4356,61.0,,2,sw00utt/sw_0010_4356.utt,I look at it  /,43,(S (NP-SBJ (PRP I)) (VP (VBP look) (PP (IN at) (NP (PRP it)))) (-DFL- E_S)),23
sd(^q),A,4356,,"and/CC  [ I/PRP ] say/VBP ,/,  [ boy/UH ] ,/,  [ you/PRP ] know/VBP ,/,",4/sw4356,62.0,,3,sw00utt/sw_0010_4356.utt,"{C and } I say, boy, {D you know, }  /",44,"(S (CC and) (NP-SBJ (PRP I)) (VP (VBP say) (, ,) (INTJ-SEZ (UH boy)) (PRN (, ,) (S (NP-SBJ (PRP you)) (VP (VBP know))))) (, ,) (-DFL- E_S))",23
sd,A,4356,,"[ I/PRP ] ,/,  [ I/PRP ] 'd/MD have/VB to/TO almost/RB go/VB take/VB  [ a/DT class/NN ] or/CC  [ something/NN ] like/IN  [ that/DT ] ./.",4/sw4356,63.0,,4,sw00utt/sw_0010_4356.utt,"[ I, + I'd ] have to almost go take a class or something like that. /",45,"(S (EDITED (RM (-DFL- \[)) (NP-SBJ (PRP I)) (, ,) (IP (-DFL- \+))) (NP-SBJ-1 (PRP I)) (VP (MD 'd) (RS (-DFL- \])) (VP (VB have) (S (NP-SBJ-2 (-NONE- *-1)) (VP (TO to) (ADVP (RB almost)) (VP (VB go) (S (NP-SBJ (-NONE- *-2)) (VP (VP (VB take) (NP (DT a) (NN class))) (CC or) (NP-ETC (NP (NN something)) (PP (IN like) (NP (DT that))))))))))) (. .) (-DFL- E_S))",23
sd,B,4356,,Well/UH  [ I/PRP ] 've/VBP got/VBN  [ an/DT eighty-three/CD Saab/NNP ] ./.,4/sw4356,65.0,,1,sw00utt/sw_0010_4356.utt,<Laughter> {D Well } I've got an eighty-three Saab. /,46,(S (INTJ (UH Well)) (NP-SBJ (PRP I)) (VP (VBP 've) (VP (VBN got) (NP (DT an) (CD eighty-three) (NNP Saab)))) (. .) (-DFL- E_S)),24
b,A,4356,,[ Uh-huh/UH ] ./.,4/sw4356,35.0,,1,sw00utt/sw_0010_4356.utt,Uh-huh. /,47,(INTJ (UH Uh-huh) (. .) (-DFL- E_S)),25
sv,B,4356,,"And/CC  [ I/PRP ] find/VBP that/IN for/IN  [ a/DT normal/JJ ] ,/,  [ you/PRP ] know/VBP ,/,  [ everyday/JJ things/NNS ] ./.  [ It/PRP ] 's/BES really/RB very/RB easy/JJ to/TO work/VB on/IN",4/sw4356,69.0,,1,sw00utt/sw_0010_4356.utt,"{C And } I find that for [ a normal, + {D you know, } everyday things. ] It's really very easy to work on  /",48,"(S (CC And) (NP-SBJ (PRP I)) (VP (VBP find) (SBAR (IN that) (S (PP (IN for) (EDITED (RM (-DFL- \[)) (NP-UNF (DT a) (JJ normal)) (, ,) (IP (-DFL- \+))) (PRN (S (NP-SBJ (PRP you)) (VP (VBP know))) (, ,)) (NP (JJ everyday) (NNS things))) (. .) (RS (-DFL- \])) (NP-SBJ (PRP It)) (VP (BES 's) (ADVP (RB really)) (ADJP-PRD (RB very) (JJ easy) (SBAR (WHNP-1 (-NONE- 0)) (S (NP-SBJ (-NONE- *)) (VP (TO to) (VP (VB work) (PP (IN on) (NP (-NONE- *T*-1)))))))))))) (-DFL- E_S))",26
sd,B,4356,,"and/CC so/RB ,/,  [ uh/UH ] ,/,  [ you/PRP ] know/VBP ,/,  [ I/PRP ] 'm/VBP kind/RB of/RB spoiled/JJ ./.",4/sw4356,70.0,,2,sw00utt/sw_0010_4356.utt,"{C and so, } {F uh, } {D you know, } I'm kind of spoiled.  /",49,"(S (CC and) (INTJ (RB so)) (, ,) (INTJ (UH uh)) (PRN (, ,) (S (NP-SBJ (PRP you)) (VP (VBP know))) (, ,)) (NP-SBJ (PRP I)) (VP (VBP 'm) (ADJP-PRD (ADVP (RB kind) (RB of)) (JJ spoiled))) (. .) (-DFL- E_S))",26
sd,B,4356,,[ I/PRP ] used/VBD to/TO have/VB  [ a/DT MUMBLEx/XX Chevy/NNP ] ./.,4/sw4356,71.0,,3,sw00utt/sw_0010_4356.utt,I used to have a (( )) Chevy. /,50,(S (NP-SBJ-1 (PRP I)) (VP (VBD used) (S (NP-SBJ (-NONE- *-1)) (VP (TO to) (VP (VB have) (NP (DT a) (X (XX MUMBLEx)) (NNP Chevy)))))) (. .) (-DFL- E_S)),26
b,A,4356,,[ Uh-huh/UH ] ./.,4/sw4356,51.0,,1,sw00utt/sw_0010_4356.utt,# Uh-huh. # /,51,(INTJ (UH Uh-huh) (. .) (-DFL- E_S)),27
sd,B,4356,,With/IN  [ a/DT three/CD fifty/CD ] in/IN  [ it/PRP ] ./.,4/sw4356,75.0,,1,sw00utt/sw_0010_4356.utt,# With a # three fifty in it. /,52,(FRAG (PP (IN With) (NP (DT a) (CD three) (CD fifty))) (PP-LOC (IN in) (NP (PRP it))) (. .) (-DFL- E_S)),28
b,A,4356,,Yeah/UH ./.,4/sw4356,44.0,,1,sw00utt/sw_0010_4356.utt,Yeah. /,53,(INTJ (UH Yeah) (. .) (-DFL- E_S)),29
sd,B,4356,,"And/CC ,/,  [ uh/UH ] ,/,  [ I/PRP ] really/RB liked/VBD working/VBG on/IN  [ it/PRP ] ./.  [ Uh/UH ] ,/, cause/IN  [ it/PRP ] was/VBD pretty/RB easy/JJ too/RB ./.",4/sw4356,79.0,,1,sw00utt/sw_0010_4356.utt,"{C And, } {F uh, } I really liked working on it. {F Uh, } cause it was pretty easy too.  /",54,"(S (CC And) (, ,) (INTJ (UH uh)) (, ,) (NP-SBJ-1 (PRP I)) (ADVP (RB really)) (VP (VBD liked) (S (NP-SBJ (-NONE- *-1)) (VP (VBG working) (PP (IN on) (NP (PRP it))))) (. .) (INTJ (UH Uh)) (, ,) (SBAR-PRP (IN cause) (S (NP-SBJ (PRP it)) (VP (VBD was) (ADJP-PRD (RB pretty) (JJ easy)) (ADVP (RB too)))))) (. .) (-DFL- E_S))",30
sd,B,4356,,[ It/PRP ] was/VBD about/RB  [ a/DT nineteen/CD seventy/CD ] ./.,4/sw4356,80.0,,2,sw00utt/sw_0010_4356.utt,It was about a nineteen seventy.  /,55,(S (NP-SBJ (PRP It)) (VP (VBD was) (NP-PRD (RB about) (DT a) (CD nineteen) (CD seventy))) (. .) (-DFL- E_S)),30
sd,B,4356,,"So/UH  [ I/PRP ] 'm/VBP kind/RB of/RB ,/,  [ uh/UH ] ,/, biased/JJ in/IN  [ that/DT ]",4/sw4356,81.0,,3,sw00utt/sw_0010_4356.utt,"{C So } I'm kind of, {F uh, } biased in that  /",56,"(S (RB So) (NP-SBJ (PRP I)) (VP (VBP 'm) (ADJP-PRD (ADVP (RB kind) (RB of)) (, ,) (INTJ (UH uh)) (, ,) (JJ biased) (PP (IN in) (NP (DT that))))) (-DFL- E_S))",30
sv,B,4356,,"and/CC ,/,  [ you/PRP ] know/VBP ,/,  [ I/PRP ] want/VBP  [ a/DT car/NN ] that/WDT  [ I/PRP ] can/MD work/VB on/IN because/IN  [ I/PRP ] think/VBP  [ it/PRP ] just/RB costs/VBZ too/RB much/RB even/RB to/TO get/VB  [ the/DT oil/NN ] changed/VBN anymore/RB ./.",4/sw4356,82.0,,4,sw00utt/sw_0010_4356.utt,"{C and, } {D you know, } I want a car that I can work on because I think it just costs too much even to get the oil changed anymore. /",57,"(S (CC and) (PRN (, ,) (S (NP-SBJ (PRP you)) (VP (VBP know))) (, ,)) (NP-SBJ (PRP I)) (VP (VBP want) (NP (NP (DT a) (NN car)) (SBAR (WHNP-1 (WDT that)) (S (NP-SBJ (PRP I)) (VP (MD can) (VP (VB work) (PP (IN on) (NP (-NONE- *T*-1)))))))) (SBAR-PRP (IN because) (S (NP-SBJ (PRP I)) (VP (VBP think) (SBAR (-NONE- 0) (S (NP-SBJ (PRP it)) (ADVP (RB just)) (VP (VBZ costs) (NP (ADJP (RB too) (RB much))) (S-PRP (NP-SBJ (-NONE- *)) (ADVP (RB even)) (VP (TO to) (VP (VB get) (S (NP-SBJ-2 (DT the) (NN oil)) (VP (VBN changed) (NP (-NONE- *-2))))))) (ADVP-TMP (RB anymore))))))))) (. .) (-DFL- E_S))",30
b,A,4356,,Yeah/UH ./.,4/sw4356,58.0,,1,sw00utt/sw_0010_4356.utt,Yeah <thumping>.  /,58,(INTJ (UH Yeah) (. .) (-DFL- E_S)),31
sv,B,4356,,"And/CC  [ that/DT ] 's/BES  [ kind/RB ] of/RB ,/,  [ that/DT ] 's/BES ,/,  [ that/DT ] 's/BES probably/RB  [ one/CD thing/NN ] [ I/PRP ] 'd/MD look/VB at/IN ./.",4/sw4356,86.0,,1,sw00utt/sw_0010_4356.utt,"{C And } [ [ that's kind of, + that's, ] + that's ] probably one thing I'd look at.  /",59,"(S (CC And) (EDITED (RM (-DFL- \[)) (EDITED (RM (-DFL- \[)) (S (NP-SBJ (DT that)) (VP-UNF (BES 's) (ADVP (RB kind) (RB of)))) (, ,) (IP (-DFL- \+))) (S (NP-SBJ (DT that)) (VP-UNF (BES 's))) (, ,) (RS (-DFL- \])) (IP (-DFL- \+))) (NP-SBJ (DT that)) (VP (BES 's) (RS (-DFL- \])) (ADVP (RB probably)) (NP-PRD (NP (CD one) (NN thing)) (SBAR (WHNP-1 (-NONE- 0)) (S (NP-SBJ (PRP I)) (VP (MD 'd) (VP (VB look) (PP (IN at) (NP (-NONE- *T*-1))))))))) (. .) (-DFL- E_S))",32
sv,B,4356,,[ I/PRP ] think/VBP  [ another/DT thing/NN ] [ I/PRP ] 'd/MD look/VB at/IN is/VBZ  [ safety/NN ] ./.,4/sw4356,87.0,,2,sw00utt/sw_0010_4356.utt,I think another thing I'd look at is safety. /,60,(S (NP-SBJ (PRP I)) (VP (VBP think) (SBAR (-NONE- 0) (S (NP-SBJ (NP (DT another) (NN thing)) (SBAR (WHNP-1 (-NONE- 0)) (S (NP-SBJ (PRP I)) (VP (MD 'd) (VP (VB look) (PP (IN at) (NP (-NONE- *T*-1)))))))) (VP (VBZ is) (NP-PRD (NN safety)))))) (. .) (-DFL- E_S)),32
aa,A,4356,,Yeah/UH ./.,4/sw4356,58.0,,1,sw00utt/sw_0010_4356.utt,Yeah.  /,61,(INTJ (UH Yeah) (. .) (-DFL- E_S)),33
sd,A,4356,,[ That/DT ] 's/BES  [ one/CD ] of/IN  [ the/DT things/NNS ] that/WDT  [ my/PRP$ wife/NN ] and/CC  [ I/PRP ] have/VBP thought/VBN about/IN ./.,4/sw4356,90.0,,2,sw00utt/sw_0010_4356.utt,That's one of the things that my wife and I have thought about.  /,62,(S (NP-SBJ (DT That)) (VP (BES 's) (NP-PRD (NP (CD one)) (PP (IN of) (NP (NP (DT the) (NNS things)) (SBAR (WHNP-1 (WDT that)) (S (NP-SBJ (NP (PRP$ my) (NN wife)) (CC and) (NP (PRP I))) (VP (VBP have) (VP (VBN thought) (PP (IN about) (NP (-NONE- *T*-1))))))))))) (. .) (-DFL- E_S)),33
sd,A,4356,,"Actually/RB ,/,  [ the/DT car/NN ] ,/,  [ one/CD ] of/IN  [ the/DT cars/NNS we/PRP ] 'd/MD most/RBS like/VB to/TO get/VB would/MD be/VB  [ the/DT new/JJ ninety-one/CD Ford/NNP Taurus/NNP ] cause/IN  [ they/PRP ] 're/VBP actually/RB  [ one/CD ] of/IN  [ the/DT cheaper/JJR cars/NNS ] [ that/WDT ] have/VBP  [ dual/JJ ] --/:",4/sw4356,91.0,,3,sw00utt/sw_0010_4356.utt,"{D Actually, } [ the car, + one of the cars ] we'd most like to get would be the new ninety-one Ford Taurus cause they're actually one of the cheaper cars that have # dual # --",63,"(S (ADVP (RB Actually)) (, ,) (EDITED (RM (-DFL- \[)) (NP-SBJ (DT the) (NN car)) (, ,) (IP (-DFL- \+))) (NP-SBJ (NP (CD one)) (PP (IN of) (NP (NP (DT the) (NNS cars)) (RS (-DFL- \])) (SBAR (WHNP-3 (-NONE- 0)) (S (NP-SBJ-2 (PRP we)) (VP (MD 'd) (ADVP (RBS most)) (VP (VB like) (S (NP-SBJ (-NONE- *-2)) (VP (TO to) (VP (VB get) (NP (-NONE- *T*-3)))))))))))) (VP (MD would) (VP (VB be) (NP-PRD (DT the) (JJ new) (CD ninety-one) (NNP Ford) (NNP Taurus)) (SBAR-PRP (IN cause) (S (NP-SBJ (PRP they)) (VP (VBP 're) (ADVP (RB actually)) (NP-PRD (NP (CD one)) (PP (IN of) (NP (NP (DT the) (JJR cheaper) (NNS cars)) (SBAR (WHNP-1 (WDT that)) (S (NP-SBJ (-NONE- *T*-1)) (VP (VBP have) (NP (JJ dual) (NN side) (NN air) (NNS bags))))))))))))) (. .) (-DFL- E_S))",33
b,B,4356,,Huh/UH ./.,4/sw4356,93.0,,1,sw00utt/sw_0010_4356.utt,# Huh. # /,64,(INTJ (UH Huh) (. .) (-DFL- E_S)),34
+,A,4356,,--/:  [ side/NN air/NN bags/NNS ] ./.,4/sw4356,91.0,,1,sw00utt/sw_0010_4356.utt,-- side air bags. /,65,"(S (ADVP (RB Actually)) (, ,) (EDITED (RM (-DFL- \[)) (NP-SBJ (DT the) (NN car)) (, ,) (IP (-DFL- \+))) (NP-SBJ (NP (CD one)) (PP (IN of) (NP (NP (DT the) (NNS cars)) (RS (-DFL- \])) (SBAR (WHNP-3 (-NONE- 0)) (S (NP-SBJ-2 (PRP we)) (VP (MD 'd) (ADVP (RBS most)) (VP (VB like) (S (NP-SBJ (-NONE- *-2)) (VP (TO to) (VP (VB get) (NP (-NONE- *T*-3)))))))))))) (VP (MD would) (VP (VB be) (NP-PRD (DT the) (JJ new) (CD ninety-one) (NNP Ford) (NNP Taurus)) (SBAR-PRP (IN cause) (S (NP-SBJ (PRP they)) (VP (VBP 're) (ADVP (RB actually)) (NP-PRD (NP (CD one)) (PP (IN of) (NP (NP (DT the) (JJR cheaper) (NNS cars)) (SBAR (WHNP-1 (WDT that)) (S (NP-SBJ (-NONE- *T*-1)) (VP (VBP have) (NP (JJ dual) (NN side) (NN air) (NNS bags))))))))))))) (. .) (-DFL- E_S))",35
sv,B,4356,,"[ That/DT ] 's/BES  [ a/DT real/RB nice/JJ car/NN ] ,/,  [ I/PRP ] think/VBP ./.",4/sw4356,96.0,,1,sw00utt/sw_0010_4356.utt,"That's a real nice car, I think. /",66,"(S (S-TPC-1 (NP-SBJ (DT That)) (VP (BES 's) (NP-PRD (DT a) (ADJP (RB real) (JJ nice)) (NN car)))) (, ,) (NP-SBJ (PRP I)) (VP (VBP think) (SBAR (-NONE- 0) (S (-NONE- *T*-1)))) (. .) (-DFL- E_S))",36
b,A,4356,,Yeah/UH ./.,4/sw4356,77.0,,1,sw00utt/sw_0010_4356.utt,Yeah <clicking>. /,67,(INTJ (UH Yeah) (. .) (-DFL- E_S)),37
sd,B,4356,,"[ I/PRP ] 've/VBP driven/VBN  [ some/DT ] ,/,  [ uh/UH ] ,/,  [ Tauruses/NNPS ] over/IN  [ the/DT last/JJ couple/NN ] of/IN  [ years/NNS ] when/WRB  [ I/PRP ] 've/VBP been/VBN on/IN  [ business/NN trips/NNS ] ./.",4/sw4356,100.0,,1,sw00utt/sw_0010_4356.utt,"I've driven some, {F uh, } Tauruses over the last couple of years when I've been on business trips.",68,"(S (NP-SBJ (PRP I)) (VP (VBP 've) (VP (VBN driven) (NP (NP (DT some) (, ,) (INTJ (UH uh)) (, ,) (NNPS Tauruses)) (PP (-NONE- *ICH*-2))) (PP-TMP (IN over) (NP (NP (DT the) (JJ last) (NN couple)) (PP (IN of) (NP (NNS years))))) (SBAR-TMP (WHADVP-1 (WRB when)) (S (NP-SBJ (PRP I)) (VP (VBP 've) (VP (VBN been) (PP-PRD (IN on) (NP (NN business) (NNS trips))) (ADVP-TMP (-NONE- *T*-1)))))) (. .) (INTJ (UH Uh)) (, ,) (PP-2 (IN as) (NP (JJ rental) (NNS cars))))) (. .) (-DFL- E_S))",38
b,A,4356,,[ Uh-huh/UH ] ./.,4/sw4356,73.0,,1,sw00utt/sw_0010_4356.utt,Uh-huh <thumping>. /,69,(INTJ (UH Uh-huh) (. .) (-DFL- E_S)),39
+,B,4356,,"[ Uh/UH ] ,/, as/IN  [ rental/JJ cars/NNS ] ./.",4/sw4356,100.0,,1,sw00utt/sw_0010_4356.utt,"{F Uh, } as rental cars.  /",70,"(S (NP-SBJ (PRP I)) (VP (VBP 've) (VP (VBN driven) (NP (NP (DT some) (, ,) (INTJ (UH uh)) (, ,) (NNPS Tauruses)) (PP (-NONE- *ICH*-2))) (PP-TMP (IN over) (NP (NP (DT the) (JJ last) (NN couple)) (PP (IN of) (NP (NNS years))))) (SBAR-TMP (WHADVP-1 (WRB when)) (S (NP-SBJ (PRP I)) (VP (VBP 've) (VP (VBN been) (PP-PRD (IN on) (NP (NN business) (NNS trips))) (ADVP-TMP (-NONE- *T*-1)))))) (. .) (INTJ (UH Uh)) (, ,) (PP-2 (IN as) (NP (JJ rental) (NNS cars))))) (. .) (-DFL- E_S))",40
sd,B,4356,,And/CC  [ I/PRP ] 've/VBP always/RB been/VBN very/RB impressed/JJ with/IN  [ the/DT Taurus/NNP ] ./.,4/sw4356,104.0,,2,sw00utt/sw_0010_4356.utt,{C And } I've always been very impressed <swallowing> with the Taurus.  /,71,(S (CC And) (NP-SBJ (PRP I)) (VP (VBP 've) (ADVP-TMP (RB always)) (VP (VBN been) (ADJP-PRD (RB very) (JJ impressed) (PP (IN with) (NP (DT the) (NNP Taurus)))))) (. .) (-DFL- E_S)),40
sv,B,4356,,[ It/PRP ] 's/BES  [ a/DT ] really/RB  [ nice/JJ car/NN ] ./.,4/sw4356,105.0,,3,sw00utt/sw_0010_4356.utt,It's a really nice car.  /,72,(S (NP-SBJ (PRP It)) (VP (BES 's) (NP-PRD (DT a) (ADJP (RB really) (JJ nice)) (NN car))) (. .) (-DFL- E_S)),40
sv,B,4356,,"[ I/PRP ] think/VBP  [ it/PRP ] 's/BES very/RB ,/,  [ it/PRP ] 's/BES  [ a/DT stylish/JJ car/NN ] [ both/CC ] inside/RB and/CC out/RB ./.",4/sw4356,106.0,,4,sw00utt/sw_0010_4356.utt,"I think [ it's very + <inhaling>, it's a ] stylish car both inside and out.  /",73,"(S (NP-SBJ (PRP I)) (VP (VBP think) (SBAR (-NONE- 0) (S (EDITED (RM (-DFL- \[)) (S (NP-SBJ (PRP it)) (VP (BES 's) (ADJP-PRD-UNF (RB very)))) (IP (-DFL- \+))) (, ,) (NP-SBJ (PRP it)) (VP (BES 's) (NP-PRD (DT a) (RS (-DFL- \])) (JJ stylish) (NN car)) (ADVP-LOC (CC both) (RB inside) (CC and) (RB out)))))) (. .) (-DFL- E_S))",40
sv,B,4356,,[ It/PRP ] 's/BES comfortable/JJ to/TO drive/VB ./.,4/sw4356,107.0,,5,sw00utt/sw_0010_4356.utt,It's comfortable to drive.  /,74,(S (NP-SBJ (PRP It)) (VP (BES 's) (ADJP-PRD (JJ comfortable) (SBAR (WHNP-2 (-NONE- 0)) (S (NP-SBJ (-NONE- *)) (VP (TO to) (VP (VB drive) (NP (-NONE- *T*-2)))))))) (. .) (-DFL- E_S)),40
sv,B,4356,,"[ Uh/UH ] ,/,  [ reasonable/JJ performance/NN ] ,/,",4/sw4356,108.0,,6,sw00utt/sw_0010_4356.utt,"{F Uh, } reasonable performance,  /",75,"(FRAG (INTJ (UH Uh)) (, ,) (NP (JJ reasonable) (NN performance)) (, ,) (-DFL- E_S))",40
sv,B,4356,,"and/CC  [ this/DT ] is/VBZ out/IN in/IN  [ California/NNP ] where/WRB ,/, where/WRB  [ they/PRP ] do/VBP n't/RB make/VB  [ a/DT car/NN ] [ that/WDT ] 's/HVS got/VBN  [ reasonable/JJ performance/NN ] anymore/RB ./.",4/sw4356,109.0,,7,sw00utt/sw_0010_4356.utt,"{C and } this is out in California [ where, + <laughter> where ] they don't make a car that's got reasonable performance anymore. /",76,"(S (CC and) (NP-SBJ (DT this)) (VP (VBZ is) (PP-LOC-PRD (IN out) (PP (IN in) (NP (NP (NNP California)) (SBAR (EDITED (RM (-DFL- \[)) (WHADVP (WRB where)) (, ,) (IP (-DFL- \+))) (WHADVP-2 (WRB where)) (RS (-DFL- \])) (S (NP-SBJ (PRP they)) (VP (VBP do) (RB n't) (VP (VB make) (NP (NP (DT a) (NN car)) (SBAR (WHNP-1 (WDT that)) (S (NP-SBJ (-NONE- *T*-1)) (VP (HVS 's) (VP (VBN got) (NP (JJ reasonable) (NN performance))))))) (ADVP-TMP (RB anymore)) (ADVP-LOC (-NONE- *T*-2)))))))))) (. .) (-DFL- E_S))",40
b,A,4356,,Yeah/UH ./.,4/sw4356,77.0,,1,sw00utt/sw_0010_4356.utt,Yeah. /,77,(INTJ (UH Yeah) (. .) (-DFL- E_S)),41
sd,B,4356,,"[ Uh/UH ] ,/,  [ I/PRP ] 've/VBP been/VBN real/RB impressed/JJ with/IN  [ that/DT ] ./.",4/sw4356,113.0,,1,sw00utt/sw_0010_4356.utt,"{F Uh, } I've been real impressed with that.  /",78,"(S (INTJ (UH Uh)) (, ,) (NP-SBJ (PRP I)) (VP (VBP 've) (VP (VBN been) (ADJP-PRD (RB real) (JJ impressed) (PP (IN with) (NP (DT that)))))) (. .) (-DFL- E_S))",42
%,B,4356,,"[ Yo-/PRP ] ,/,",4/sw4356,114.0,,2,sw00utt/sw_0010_4356.utt,"Yo-, - /",79,"(S (NP-SBJ-UNF (PRP Yo-)) (, ,) (-DFL- N_S))",42
sd,B,4356,,"and/CC  [ I/PRP ] did/VBD n't/RB realize/VB that/IN  [ they/PRP ] were/VBD putting/VBG  [ dual/JJ ] ,/,  [ uh/UH ] ,/,  [ air/NN bags/NNS ] in/IN  [ that/DT car/NN ] now/RB ./.",4/sw4356,115.0,,3,sw00utt/sw_0010_4356.utt,"{C and } I didn't realize that they were putting dual, {F uh, } air bags in that # car now. # /",80,"(S (CC and) (NP-SBJ (PRP I)) (VP (VBD did) (RB n't) (VP (VB realize) (SBAR (IN that) (S (NP-SBJ (PRP they)) (VP (VBD were) (VP (VBG putting) (NP (JJ dual) (, ,) (INTJ (UH uh)) (, ,) (NN air) (NNS bags)) (PP-PUT (IN in) (NP (DT that) (NN car))) (ADVP-TMP (RB now)))))))) (. .) (-DFL- E_S))",42
sd,A,4356,,"[ Ninety/CD ] ,/,",4/sw4356,117.0,,1,sw00utt/sw_0010_4356.utt,"# Ninety,  /",81,"(NP (CD Ninety) (, ,) (-DFL- E_S))",43
%,A,4356,,yeah/UH ./.,4/sw4356,118.0,,2,sw00utt/sw_0010_4356.utt,yeah. #  /,82,(INTJ (UH yeah) (. .) (-DFL- E_S)),43
sd,A,4356,,"Or/CC ,/, excuse/VB  [ me/PRP ] ,/,  [ the/DT ninety-twos/NNS ] ./.",4/sw4356,119.0,,3,sw00utt/sw_0010_4356.utt,"{E Or, excuse me, } the ninety-twos. #  /",83,"(FRAG (CC Or) (PRN (, ,) (S-IMP (NP-SBJ (-NONE- *)) (VP (VB excuse) (NP (PRP me)))) (, ,)) (NP (DT the) (NNS ninety-twos)) (. .) (-DFL- E_S))",43
sd^r,A,4356,,[ The/DT ] --/:,4/sw4356,120.0,,4,sw00utt/sw_0010_4356.utt,The # --,84,(S (NP-SBJ (DT The) (NNS ninety-twos)) (VP (VBD had) (NP (JJ dual) (NN air) (NNS bags))) (. .) (-DFL- E_S)),43
b,B,4356,,[ Uh-huh/UH ] ./.,4/sw4356,102.0,,1,sw00utt/sw_0010_4356.utt,# Uh-huh. # /,85,(INTJ (UH Uh-huh) (. .) (-DFL- E_S)),44
+,A,4356,,--/:  [ ninety-twos/NNS ] had/VBD  [ dual/JJ air/NN bags/NNS ] ./.,4/sw4356,120.0,,1,sw00utt/sw_0010_4356.utt,-- ninety-twos had dual air bags.  /,86,(S (NP-SBJ (DT The) (NNS ninety-twos)) (VP (VBD had) (NP (JJ dual) (NN air) (NNS bags))) (. .) (-DFL- E_S)),45
sd,A,4356,,[ This/DT newest/JJS model/NN ] ./.,4/sw4356,124.0,,2,sw00utt/sw_0010_4356.utt,This newest model.  /,87,(S (NP-TPC (DT This) (JJS newest) (NN model)) (. .) (-DFL- E_S) (NP-SBJ (PRP You)) (VP (MD could) (VP (VB get) (NP (PRP them)) (PP (IN with) (NP (NNS duals))))) (. .) (-DFL- E_S)),45
sd,A,4356,,[ You/PRP ] could/MD --/:,4/sw4356,124.0,,3,sw00utt/sw_0010_4356.utt,# You could # --,88,(S (NP-TPC (DT This) (JJS newest) (NN model)) (. .) (-DFL- E_S) (NP-SBJ (PRP You)) (VP (MD could) (VP (VB get) (NP (PRP them)) (PP (IN with) (NP (NNS duals))))) (. .) (-DFL- E_S)),45
sv,B,4356,,"Oh/UH ,/,  [ I/PRP ] think/VBP that/IN ,/,",4/sw4356,126.0,,1,sw00utt/sw_0010_4356.utt,"# {F ((Oh, } I think [ that)), # +",89,"(S (INTJ (UH Oh)) (, ,) (NP-SBJ (PRP I)) (VP (VBP think) (RM (-DFL- \[)) (SBAR (IN that) (, ,) (IP (-DFL- \+)) (S (NP-SBJ (DT That)) (VP (BES 's) (RS (-DFL- \])) (ADJP-PRD (JJ excellent)))))) (. .) (-DFL- E_S))",46
+,A,4356,,--/: get/VB  [ them/PRP ] with/IN  [ duals/NNS ] ./.,4/sw4356,124.0,,1,sw00utt/sw_0010_4356.utt,-- get them with duals <thumping>.  /,90,(S (NP-TPC (DT This) (JJS newest) (NN model)) (. .) (-DFL- E_S) (NP-SBJ (PRP You)) (VP (MD could) (VP (VB get) (NP (PRP them)) (PP (IN with) (NP (NNS duals))))) (. .) (-DFL- E_S)),47
+,B,4356,,[ That/DT ] 's/BES excellent/JJ ./.,4/sw4356,126.0,,1,sw00utt/sw_0010_4356.utt,That's ] excellent.  /,91,"(S (INTJ (UH Oh)) (, ,) (NP-SBJ (PRP I)) (VP (VBP think) (RM (-DFL- \[)) (SBAR (IN that) (, ,) (IP (-DFL- \+)) (S (NP-SBJ (DT That)) (VP (BES 's) (RS (-DFL- \])) (ADJP-PRD (JJ excellent)))))) (. .) (-DFL- E_S))",48
sv^r,B,4356,,"[ That/DT ] 's/BES excellent/JJ because/IN ,/,",4/sw4356,129.0,,2,sw00utt/sw_0010_4356.utt,"That's excellent # because, # -/",92,"(S (NP-SBJ (DT That)) (VP (BES 's) (ADJP-PRD (JJ excellent)) (SBAR-PRP-UNF (IN because))) (, ,) (-DFL- N_S))",48
b,A,4356,,Yeah/UH ./.,4/sw4356,98.0,,1,sw00utt/sw_0010_4356.utt,# Yeah. #  /,93,(INTJ (UH Yeah) (. .) (-DFL- E_S)),49
sd,A,4356,,But/CC  [ the/DT thing/NN ] is/VBZ that/IN  [ it/PRP ] 's/BES  [ twenty/CD thousand/CD dollars/NNS ] ./.,4/sw4356,132.0,,2,sw00utt/sw_0010_4356.utt,{C But } the thing is that it's twenty thousand dollars.  /,94,(S (CC But) (NP-SBJ (DT the) (NN thing)) (VP (VBZ is) (SBAR-PRD (IN that) (S (NP-SBJ (PRP it)) (VP (BES 's) (NP-PRD (QP (CD twenty) (CD thousand)) (NNS dollars)))))) (. .) (-DFL- E_S)),49
sd,A,4356,,"Actually/RB ,/,  [ my/PRP$ ] ,/,  [ my/PRP$ wife/NN ] and/CC  [ I/PRP ] are/VBP actually/RB thinking/VBG ,/, contemplating/VBG buying/VBG  [ a/DT new/JJ car/NN ] in/IN  [ the/DT next/JJ year/NN ] and/CC  [ a/DT half/NN ] or/CC so/RB ./.",4/sw4356,133.0,,3,sw00utt/sw_0010_4356.utt,"{D Actually, } [ my, + my ] wife and I are actually [ thinking, + contemplating ] buying a new car in the next year and a half or so.  /",95,"(S (ADVP (RB Actually)) (, ,) (EDITED (RM (-DFL- \[)) (NP-SBJ-UNF (PRP$ my)) (, ,) (IP (-DFL- \+))) (NP-SBJ-1 (NP (PRP$ my) (RS (-DFL- \])) (NN wife)) (CC and) (NP (PRP I))) (VP (VBP are) (ADVP (RB actually)) (EDITED (RM (-DFL- \[)) (VP-UNF (VBG thinking)) (, ,) (IP (-DFL- \+))) (VP (VBG contemplating) (RS (-DFL- \])) (S (NP-SBJ (-NONE- *-1)) (VP (VBG buying) (NP (DT a) (JJ new) (NN car)) (PP-TMP (IN in) (NP (DT the) (JJ next) (NN year) (QP (CC and) (DT a) (NN half) (CC or) (RB so)))))))) (. .) (-DFL- E_S))",49
sd,A,4356,,So/RB  [ we/PRP ] 're/VBP actually/RB --/:,4/sw4356,134.0,,4,sw00utt/sw_0010_4356.utt,{C So } we're # actually # --,96,(S (RB So) (NP-SBJ (PRP we)) (VP (TYPO (VBP 're)) (ADVP (RB actually)) (VP (VBN been) (VP (VP (VBG looking) (ADVP (RB around))) (CC and) (VP (VBG thinking) (PP (IN about) (NP (NNS things))))))) (. .) (-DFL- E_S)),49
b,B,4356,,Oh/UH ./.,4/sw4356,136.0,,1,sw00utt/sw_0010_4356.utt,# Oh. # /,97,(INTJ (UH Oh) (. .) (-DFL- E_S)),50
+,A,4356,,--/: been/VBN looking/VBG around/RB and/CC thinking/VBG about/IN  [ things/NNS ] ./.,4/sw4356,134.0,,1,sw00utt/sw_0010_4356.utt,-- been looking around and thinking about things.  /,98,(S (RB So) (NP-SBJ (PRP we)) (VP (TYPO (VBP 're)) (ADVP (RB actually)) (VP (VBN been) (VP (VP (VBG looking) (ADVP (RB around))) (CC and) (VP (VBG thinking) (PP (IN about) (NP (NNS things))))))) (. .) (-DFL- E_S)),51
sd,A,4356,,[ We/PRP ] 'd/MD like/VB to/TO get/VB like/UH  [ a/DT ],4/sw4356,138.0,,2,sw00utt/sw_0010_4356.utt,We'd like to get {D like } a <whistling> - /,99,(S (NP-SBJ-1 (PRP We)) (VP (MD 'd) (VP (VB like) (S (NP-SBJ (-NONE- *-1)) (VP (TO to) (VP (VB get) (INTJ (UH like)) (NP-UNF (DT a))))))) (-DFL- N_S)),51
h,A,4356,,"oh/UH ,/,  [ I/PRP ] do/VBP n't/RB know/VB ./.",4/sw4356,139.0,,3,sw00utt/sw_0010_4356.utt,"{F oh, } I don't know.  /",100,"(S (INTJ (UH oh)) (, ,) (NP-SBJ (PRP I)) (VP (VBP do) (RB n't) (VP (VB know))) (. .) (-DFL- E_S))",51
qw,A,4356,,[ What/WP ] do/VBP  [ you/PRP ] call/VB  [ it/PRP ] ?/.,4/sw4356,140.0,,4,sw00utt/sw_0010_4356.utt,What do you call it?  /,101,(SBARQ (WHNP-1 (WP What)) (SQ (VBP do) (NP-SBJ (PRP you)) (VP (VB call) (S (NP-SBJ (PRP it)) (NP-PRD (-NONE- *T*-1))))) (. ?) (-DFL- E_S)),51
sd,A,4356,,[ A/DT dealer/NN return/NN type/NN thing/NN ] on/IN  [ a/DT ninety-two/CD ] and/CC  [ ninety-three/CD ] or/CC  [ something/NN ] like/IN that/DT  [ you/PRP ] know/VBP ./.,4/sw4356,141.0,,5,sw00utt/sw_0010_4356.utt,A dealer return type thing on a ninety-two and ninety-three or something like that {D you know. } /,102,(FRAG (NP (NP (NP (DT A) (NN dealer) (NN return) (NN type) (NN thing)) (PP (IN on) (NP (DT a) (CD ninety-two) (CC and) (CD ninety-three)))) (CC or) (NP (NP (NN something)) (PP (IN like) (NP (DT that))))) (PRN (S (NP-SBJ (PRP you)) (VP (VBP know)))) (. .) (-DFL- E_S)),51
b,B,4356,,[ Uh-huh/UH ] ./.,4/sw4356,122.0,,1,sw00utt/sw_0010_4356.utt,Uh-huh. /,103,(INTJ (UH Uh-huh) (. .) (-DFL- E_S)),52
sd,A,4356,,[ Year/NN old/JJ ninety-two/CD ] or/CC  [ something/NN ] like/IN  [ that/DT ] ./.,4/sw4356,145.0,,1,sw00utt/sw_0010_4356.utt,Year old ninety-two or something like that.  /,104,(NP (NP (ADJP (NN Year) (JJ old)) (CD ninety-two)) (CC or) (NP (NP (NN something)) (PP (IN like) (NP (DT that)))) (. .) (-DFL- E_S)),53
b,B,4356,,[ Uh-huh/UH ] ./.,4/sw4356,122.0,,1,sw00utt/sw_0010_4356.utt,Uh-huh.  /,105,(INTJ (UH Uh-huh) (. .) (-DFL- E_S)),54
b,B,4356,,[ Sure/UH ] ./.,4/sw4356,148.0,,2,sw00utt/sw_0010_4356.utt,Sure.  /,106,(INTJ (UH Sure) (. .) (-DFL- E_S)),54
%,B,4356,,[ Those/DT ] are/VBP --/:,4/sw4356,149.0,,3,sw00utt/sw_0010_4356.utt,# Those are # -- -/,107,(S (NP-SBJ (DT Those)) (VP-UNF (VBP are)) (-DFL- N_S)),54
%,A,4356,,"See/UH if/IN  [ we/PRP ] ,/,",4/sw4356,151.0,,1,sw00utt/sw_0010_4356.utt,"# {D See } if we, # -/",108,"(S-UNF (INTJ (UH See)) (SBAR-ADV (IN if) (S-UNF (NP-SBJ (PRP we)))) (, ,) (-DFL- N_S))",55
b,B,4356,,"--/: yeah/UH ,/,",4/sw4356,153.0,,1,sw00utt/sw_0010_4356.utt,"-- yeah,  /",109,"(INTJ (UH yeah) (, ,) (-DFL- E_S))",56
sv,B,4356,,"that/DT ,/, that/DT would/MD be/VB  [ a/DT good/JJ deal/NN ] to/TO go/VB with/IN ./.",4/sw4356,154.0,,2,sw00utt/sw_0010_4356.utt,"[ that, + that ] would be a good deal to go with.  /",110,"(S (EDITED (RM (-DFL- \[)) (NP-SBJ (DT that)) (, ,) (IP (-DFL- \+))) (NP-SBJ (DT that)) (RS (-DFL- \])) (VP (MD would) (VP (VB be) (NP-PRD (NP (DT a) (JJ good) (NN deal)) (SBAR (WHNP-1 (-NONE- 0)) (S (NP-SBJ (-NONE- *)) (VP (TO to) (VP (VB go) (PP (IN with) (NP (-NONE- *T*-1)))))))))) (. .) (-DFL- E_S))",56
sd,A,4356,,And/CC  [ the/DT other/JJ thing/NN ] [ we/PRP ] 're/VBP looking/VBG at/IN is/VBZ  [ the/DT Saturns/NNPS ] too/RB ./.,4/sw4356,156.0,,1,sw00utt/sw_0010_4356.utt,{C And } the other thing we're looking at is the Saturns # too. # /,111,(S (CC And) (NP-SBJ (NP (DT the) (JJ other) (NN thing)) (SBAR (WHNP-1 (-NONE- 0)) (S (NP-SBJ (PRP we)) (VP (VBP 're) (VP (VBG looking) (PP (IN at) (NP (-NONE- *T*-1)))))))) (VP (VBZ is) (NP-PRD (DT the) (NNPS Saturns)) (ADVP (RB too))) (. .) (-DFL- E_S)),57
b,B,4356,,Okay/UH ./.,4/sw4356,158.0,,1,sw00utt/sw_0010_4356.utt,# Okay. # /,112,(INTJ (UH Okay) (. .) (-DFL- E_S)),58
sv,A,4356,,Because/IN  [ they/PRP ] looked/VBD really/RB nice/JJ ./.,4/sw4356,160.0,,1,sw00utt/sw_0010_4356.utt,{C Because } they looked really nice. /,113,(SBAR-PRP (IN Because) (S (NP-SBJ (PRP they)) (VP (VBD looked) (ADJP-PRD (RB really) (JJ nice)))) (. .) (-DFL- E_S)),59
b,B,4356,,[ Uh-huh/UH ] ./.,4/sw4356,143.0,,1,sw00utt/sw_0010_4356.utt,Uh-huh.  /,114,(INTJ (UH Uh-huh) (. .) (-DFL- E_S)),60
qw,B,4356,,"[ What/WP ] do/VBP  [ you/PRP ] ,/,  [ what/WP ] do/VBP  [ you/PRP ] looking/VBG for/IN in/IN ,/, in/IN  [ those/DT ] ?/.",4/sw4356,163.0,,2,sw00utt/sw_0010_4356.utt,"[ What do you, + what do you ] looking for [ in, + in ] those?  /",115,"(SBARQ (EDITED (RM (-DFL- \[)) (SBARQ (WHNP (WP What)) (SQ-UNF (VBP do) (NP-SBJ (PRP you)))) (, ,) (IP (-DFL- \+))) (WHNP-1 (WP what)) (SQ (VBP do) (NP-SBJ (PRP you)) (RS (-DFL- \])) (VP (VBG looking) (PP (IN for) (NP (-NONE- *T*-1))) (EDITED (RM (-DFL- \[)) (PP-UNF (IN in)) (, ,) (IP (-DFL- \+))) (PP (IN in) (RS (-DFL- \])) (NP (DT those))))) (. ?) (-DFL- E_S))",60
qw,B,4356,,"[ What/WP ] ,/,  [ what/WP ] attracts/VBZ  [ you/PRP ] to/IN  [ the/DT Saturns/NNPS ] ?/.",4/sw4356,164.0,,3,sw00utt/sw_0010_4356.utt,"[ What, + what ] attracts you to the Saturns?  /",116,"(SBARQ (EDITED (RM (-DFL- \[)) (WHNP (WP What)) (, ,) (IP (-DFL- \+))) (WHNP-1 (WP what)) (RS (-DFL- \])) (SQ (NP-SBJ (-NONE- *T*-1)) (VP (VBZ attracts) (NP (PRP you)) (PP (IN to) (NP (DT the) (NNPS Saturns))))) (. ?) (-DFL- E_S))",60
sd,B,4356,,"Or/CC ,/, or/CC ,/, of/IN  [ course/NN ] ,/,  [ we/PRP ] 've/VBP already/RB talked/VBN ,/,  [ you/PRP ] know/VBP ,/,",4/sw4356,165.0,,4,sw00utt/sw_0010_4356.utt,"[ {C Or, } + {C or, } ] of course, we've already talked, {D you know, } - /",117,"(S (EDITED (RM (-DFL- \[)) (CC Or) (, ,) (IP (-DFL- \+))) (CC or) (, ,) (RS (-DFL- \])) (PP (IN of) (NP (NN course))) (, ,) (NP-SBJ (PRP we)) (VP (VBP 've) (ADVP-TMP (RB already)) (VP-UNF (VBN talked) (PRN (, ,) (S (NP-SBJ (PRP you)) (VP (VBP know)))))) (, ,) (-DFL- N_S))",60
sv,B,4356,,[ the/DT Taurus/NNP ] is/VBZ safe/JJ ./.,4/sw4356,166.0,,5,sw00utt/sw_0010_4356.utt,the Taurus is safe.  /,118,(S (NP-SBJ (DT the) (NNP Taurus)) (VP (VBZ is) (ADJP-PRD (JJ safe))) (. .) (-DFL- E_S)),60
qo,B,4356,,"But/CC  [ wh/WDT ] ,/,  [ what/WDT kind/NN ] of/IN  [ things/NNS ] are/VBP  [ you/PRP ] looking/VBG for/IN ?/.",4/sw4356,167.0,,6,sw00utt/sw_0010_4356.utt,"{C But } [ wh-, + what ] kind of things are you # looking for? # /",119,"(SBARQ (CC But) (EDITED (RM (-DFL- \[)) (WHNP-UNF (WDT wh-)) (, ,) (IP (-DFL- \+))) (WHNP-1 (WHNP (WDT what) (RS (-DFL- \])) (NN kind)) (PP (IN of) (NP (NNS things)))) (SQ (VBP are) (NP-SBJ (PRP you)) (VP (VBG looking) (PP (IN for) (NP (-NONE- *T*-1))))) (. ?) (-DFL- E_S))",60
sd,A,4356,,"Well/UH ,/,  [ the/DT Saturns/NNPS you/PRP ] can/MD get/VB  [ air/NN bags/NNS ] in/IN  [ them/PRP ] ./.",4/sw4356,169.0,,1,sw00utt/sw_0010_4356.utt,"# {D Well, } the # Saturns you can get air bags in them.  /",120,"(S (INTJ (UH Well)) (, ,) (NP-TPC (DT the) (NNPS Saturns)) (NP-SBJ (PRP you)) (VP (MD can) (VP (VB get) (NP (NN air) (NNS bags)) (PP-LOC (IN in) (NP (PRP them))))) (. .) (-DFL- E_S))",61
sd,A,4356,,[ I/PRP ] do/VBP n't/RB think/VB  [ you/PRP ] can/MD get/VB  [ dual/JJ side/NN air/NN bags/NNS ] ./.,4/sw4356,170.0,,2,sw00utt/sw_0010_4356.utt,I don't think you can get dual side air bags. /,121,(S (NP-SBJ (PRP I)) (VP (VBP do) (RB n't) (VP (VB think) (SBAR (-NONE- 0) (S (NP-SBJ (PRP you)) (VP (MD can) (VP (VB get) (NP (JJ dual) (NN side) (NN air) (NNS bags)))))))) (. .) (-DFL- E_S)),61
b,B,4356,,[ Uh-huh/UH ] ./.,4/sw4356,143.0,,1,sw00utt/sw_0010_4356.utt,Uh-huh. /,122,(INTJ (UH Uh-huh) (. .) (-DFL- E_S)),62
sd,A,4356,,"But/CC  [ one/CD ] of/IN  [ the/DT ] ,/,  [ the/DT two/CD things/NNS ] that/WDT  [ I/PRP ] 'm/VBP really/RB ,/,",4/sw4356,174.0,,1,sw00utt/sw_0010_4356.utt,"{C But } one of [ the, + the ] two things that <thumping> I'm really, - /",123,"(S (CC But) (NP-SBJ (NP (CD one)) (PP (IN of) (EDITED (RM (-DFL- \[)) (NP-UNF (DT the)) (, ,) (IP (-DFL- \+))) (NP (NP (DT the) (RS (-DFL- \])) (CD two) (NNS things)) (SBAR (WHNP (WDT that)) (S (NP-SBJ (PRP I)) (VP-UNF (VBP 'm) (ADVP (RB really)))))))) (, ,) (-DFL- N_S))",63
sv,A,4356,,"[ the/DT ] ,/,  [ the/DT ] [ I/PRP ] 'd/MD say/VB  [ the/DT most/RBS important/JJ thing/NN ] is/VBZ  [ a/DT car/NN ] [ that/WDT ] 's/BES not/RB going/VBG to/TO fall/VB apart/RB ./.  [ That/DT ] does/VBZ n't/RB have/VB  [ problems/NNS ] ./.",4/sw4356,175.0,,2,sw00utt/sw_0010_4356.utt,"[ [ the, + the ] + I'd say the ] most important thing is a car that's not going to fall apart. That doesn't have problems. /",124,"(S (EDITED (RM (-DFL- \[)) (EDITED (RM (-DFL- \[)) (NP-SBJ-UNF (DT the)) (, ,) (IP (-DFL- \+))) (NP-SBJ-UNF (DT the)) (RS (-DFL- \])) (IP (-DFL- \+))) (NP-SBJ (PRP I)) (VP (MD 'd) (VP (VB say) (SBAR (-NONE- 0) (S (NP-SBJ (DT the) (RS (-DFL- \])) (ADJP (RBS most) (JJ important)) (NN thing)) (VP (VBZ is) (NP-PRD (NP (DT a) (NN car)) (SBAR (WHNP-1 (WDT that)) (S (NP-SBJ-2 (-NONE- *T*-1)) (VP (BES 's) (RB not) (VP (VBG going) (S (NP-SBJ (-NONE- *-2)) (VP (TO to) (VP (VB fall) (ADVP (RB apart))))))))) (. .) (SBAR (WHNP-3 (DT That)) (S (NP-SBJ (-NONE- *T*-3)) (VP (VBZ does) (RB n't) (VP (VB have) (NP (NNS problems)))))))))))) (. .) (-DFL- E_S))",63
b,B,4356,,[ Uh-huh/UH ] ./.,4/sw4356,143.0,,1,sw00utt/sw_0010_4356.utt,Uh-huh. /,125,(INTJ (UH Uh-huh) (. .) (-DFL- E_S)),64
sd,A,4356,,[ You/PRP ] set/VBP down/RB ./.,4/sw4356,179.0,,1,sw00utt/sw_0010_4356.utt,You set down.  /,126,(S (NP-SBJ (PRP You)) (VP (VBP set) (PRT (RB down))) (. .) (-DFL- E_S)),65
sd,A,4356,,[ You/PRP ] look/VBP at/IN  [ consumer/NN reports/NNS ] ./.,4/sw4356,180.0,,2,sw00utt/sw_0010_4356.utt,You look at consumer reports.  /,127,(S (NP-SBJ (PRP You)) (VP (VBP look) (PP (IN at) (NP (NN consumer) (NNS reports)))) (. .) (-DFL- E_S)),65
sd,A,4356,,[ We/PRP ] 've/VBP been/VBN pouring/VBG over/RP [ consumer/NN reports/NNS ],4/sw4356,181.0,,3,sw00utt/sw_0010_4356.utt,We've been pouring over consumer reports  /,128,(S (NP-SBJ (PRP We)) (VP (VBP 've) (VP (VBN been) (VP (TYPO (VBG pouring)) (PP (RP over) (NP (NN consumer) (NNS reports)))))) (-DFL- E_S)),65
sv,A,4356,,and/CC  [ you/PRP ] just/RB get/VBP so/RB depressed/JJ for/IN  [ the/DT U/NNP S/NNP auto/NN ] --/:,4/sw4356,182.0,,4,sw00utt/sw_0010_4356.utt,{C and } you just get so depressed for the U S auto --,129,(S (CC and) (NP-SBJ (PRP you)) (ADVP (RB just)) (VP (VBP get) (ADJP-PRD (RB so) (JJ depressed) (PP (IN for) (NP (DT the) (NNP U) (NNP S) (NN auto) (NNS makers)))) (SBAR-TMP (WHADVP-1 (WRB when)) (S (NP-SBJ (PRP you)) (VP (VBP do) (NP (DT that)) (ADVP-TMP (-NONE- *T*-1)))))) (. .) (-DFL- E_S)),65
b,B,4356,,Yeah/UH ./.,4/sw4356,184.0,,1,sw00utt/sw_0010_4356.utt,Yeah. /,130,(INTJ (UH Yeah) (. .) (-DFL- E_S)),66
+,A,4356,,--/:  [ makers/NNS ] when/WRB  [ you/PRP ] do/VBP  [ that/DT ] ./.,4/sw4356,182.0,,1,sw00utt/sw_0010_4356.utt,-- makers when you do that.  /,131,(S (CC and) (NP-SBJ (PRP you)) (ADVP (RB just)) (VP (VBP get) (ADJP-PRD (RB so) (JJ depressed) (PP (IN for) (NP (DT the) (NNP U) (NNP S) (NN auto) (NNS makers)))) (SBAR-TMP (WHADVP-1 (WRB when)) (S (NP-SBJ (PRP you)) (VP (VBP do) (NP (DT that)) (ADVP-TMP (-NONE- *T*-1)))))) (. .) (-DFL- E_S)),67
sd,A,4356,,Because/IN  [ you/PRP ] see/VBP  [ the/DT reliability/NN ] and/CC  [ the/DT types/NNS ] of/IN  [ problems/NNS they/PRP ] have/VBP,4/sw4356,186.0,,2,sw00utt/sw_0010_4356.utt,{C Because } you see the reliability and the types of problems they have  /,132,(SBAR-PRP (IN Because) (S (NP-SBJ (PRP you)) (VP (VBP see) (NP (NP (DT the) (NN reliability)) (CC and) (NP (NP (DT the) (NNS types)) (PP (IN of) (NP (NNS problems))) (SBAR (WHNP-1 (-NONE- 0)) (S (NP-SBJ (PRP they)) (VP (VBP have) (NP (-NONE- *T*-1))))))))) (-DFL- E_S)),67
sd,A,4356,,"and/CC ,/, and/CC  [ the/DT two/CD cars/NNS ] [ that/WDT ] apparently/RB are/VBP close/RB to/IN  [ that/DT ] ./.  That/WDT actually/RB have/VBP  [ high/JJ reliability/NN ] ,/,  [ the/DT Taurus/NNP ] is/VBZ  [ one/CD ] of/IN  [ the/DT highest/JJS U/NNP S/NNP cars/NNS ] ./.",4/sw4356,187.0,,3,sw00utt/sw_0010_4356.utt,"[ {C and, } + <talking> {C and } ] the two cars that apparently are close to that.  That actually have high reliability, the Taurus is one of the highest U S cars. /",133,"(S (EDITED (RM (-DFL- \[)) (CC and) (, ,) (IP (-DFL- \+))) (CC and) (RS (-DFL- \])) (NP-ADV (NP (DT the) (CD two) (NNS cars)) (SBAR (WHNP-1 (WDT that)) (S (NP-SBJ (-NONE- *T*-1)) (ADVP (RB apparently)) (VP (VBP are) (ADVP-PRD (RB close) (PP (IN to) (NP (DT that))))))) (. .) (SBAR (WHNP-2 (WDT That)) (S (NP-SBJ (-NONE- *T*-2)) (ADVP (RB actually)) (VP (VBP have) (NP (JJ high) (NN reliability)))))) (, ,) (NP-SBJ (DT the) (NNP Taurus)) (VP (VBZ is) (NP-PRD (NP (CD one)) (PP (IN of) (NP (DT the) (JJS highest) (NNP U) (NNP S) (NNS cars))))) (. .) (-DFL- E_S))",67
b,B,4356,,[ Uh-huh/UH ] ./.,4/sw4356,162.0,,1,sw00utt/sw_0010_4356.utt,Uh-huh. /,134,(INTJ (UH Uh-huh) (. .) (-DFL- E_S)),68
sd,A,4356,,"And/CC the/DT other/JJ one/CD is/VBZ ,/, are/VBP  [ the/DT Saturns/NNPS ] ./.",4/sw4356,191.0,,1,sw00utt/sw_0010_4356.utt,"{C And } the other one [ is, + <thumping> are ] the Saturns. /",135,"(S (CC And) (NP-SBJ (DT the) (JJ other) (CD one)) (EDITED (RM (-DFL- \[)) (VP-UNF (VBZ is)) (, ,) (IP (-DFL- \+))) (VP (VBP are) (RS (-DFL- \])) (NP-PRD (DT the) (NNPS Saturns))) (. .) (-DFL- E_S))",69
b,B,4356,,[ Uh-huh/UH ] ./.,4/sw4356,162.0,,1,sw00utt/sw_0010_4356.utt,Uh-huh. /,136,(INTJ (UH Uh-huh) (. .) (-DFL- E_S)),70
sd,A,4356,,So/RB [ those/DT two/CD things/NNS ] ./.,4/sw4356,195.0,,1,sw00utt/sw_0010_4356.utt,{C So } those two things.  /,137,(S-UNF (RB So) (NP-SBJ (DT those) (CD two) (NNS things)) (. .) (-DFL- E_S)),71
sd,A,4356,,"And/CC then/RB ,/,  [ you/PRP ] know/VBP ,/,  [ we/PRP ] [ kind/RB ] of/RB want/VBP  [ a/DT four/CD door/NN ] ./.",4/sw4356,196.0,,2,sw00utt/sw_0010_4356.utt,"{C And then, } {D you know, } <sigh> we kind of want a four door. /",138,"(S (CONJP (CC And) (RB then)) (PRN (, ,) (S (NP-SBJ (PRP you)) (VP (VBP know))) (, ,)) (NP-SBJ (PRP we)) (ADVP (RB kind) (RB of)) (VP (VBP want) (NP (DT a) (CD four) (NN door))) (. .) (-DFL- E_S))",71
b,B,4356,,Okay/UH ./.,4/sw4356,198.0,,1,sw00utt/sw_0010_4356.utt,Okay </hum> </breathing>. /,139,(INTJ (UH Okay) (. .) (-DFL- E_S)),72
