swda_filename,ptb_basename,conversation_no,transcript_index,act_tag,caller,utterance_index,subutterance_index,text,pos,trees,ptb_treenumbers,start_ts,end_ts
sw02utt/sw_0201_4311.utt,4/sw4311,4311,0,ad,A,1,1,Go ahead <laughter>. /,Go/VB ahead/RB ./.,(S-IMP (NP-SBJ (-NONE- *)) (VP (VB Go) (ADVP (RB ahead))) (. .) (-DFL- E_S)),1,2.18,2.5999999999999996
sw02utt/sw_0201_4311.utt,4/sw4311,4311,1,aa,B,2,1,"{F Oh, } okay <laughter>.  /","Oh/UH ,/, okay/UH ./.","(INTJ (INTJ (UH Oh)) (, ,) (INTJ (UH okay)) (. .) (-DFL- E_S))",3,2.68,3.6199999999999997
sw02utt/sw_0201_4311.utt,4/sw4311,4311,2,%,B,2,2,"Yeah,  /","Yeah/UH ,/,","(INTJ (UH Yeah) (, ,) (-DFL- E_S))",4,4.46,4.92
sw02utt/sw_0201_4311.utt,4/sw4311,4311,3,sd,B,2,3,"the, {F uh, } subject is child care and how to determine child care,  /","[ the/DT ] ,/,  [ uh/UH ] ,/,  [ subject/NN ] is/VBZ  [ child/NN ] care/NN and/CC how/WRB to/TO determine/VB  [ child/NN care/NN ] ,/,","(S (NP-SBJ (DT the) (, ,) (INTJ (UH uh)) (, ,) (NN subject)) (VP (VBZ is) (UCP-PRD (NP (NN child) (NN care)) (CC and) (SBAR (WHADVP-1 (WRB how)) (S (NP-SBJ (-NONE- *)) (VP (TO to) (VP (VB determine) (NP (NN child) (NN care)) (ADVP-MNR (-NONE- *T*-1)))))))) (, ,) (-DFL- E_S))",5,4.98,9.42
sw02utt/sw_0201_4311.utt,4/sw4311,4311,4,sd,B,2,4,"{C and } that's, {F uh, } an interesting one for me to talk about since I have no children,  /","and/CC  [ that/DT ] 's/BES ,/,  [ uh/UH ] ,/,  [ an/DT interesting/JJ one/NN ] for/IN  [ me/PRP ] to/TO talk/VB about/IN since/IN  [ I/PRP ] have/VBP  [ no/DT children/NNS ] ,/,","(S (CC and) (NP-SBJ (DT that)) (VP (BES 's) (, ,) (INTJ (UH uh)) (, ,) (NP-PRD (NP (DT an) (JJ interesting) (NN one)) (SBAR (WHNP-1 (-NONE- 0)) (IN for) (S (NP-SBJ (PRP me)) (VP (TO to) (VP (VB talk) (PP (IN about) (NP (-NONE- *T*-1)))))))) (SBAR-PRP (IN since) (S (NP-SBJ (PRP I)) (VP (VBP have) (NP (DT no) (NNS children)))))) (, ,) (-DFL- E_S))",6,9.42,14.0
sw02utt/sw_0201_4311.utt,4/sw4311,4311,5,sd,B,2,5,{C but } I did run a child care facility for a while. /,but/CC  [ I/PRP ] did/VBD run/VBN  [ a/DT child/NN care/NN facility/NN ] for/IN  [ a/DT while/NN ] ./.,(S (CC but) (NP-SBJ (PRP I)) (VP (VBD did) (VP (VBN run) (NP (DT a) (NN child) (NN care) (NN facility)) (PP-TMP (IN for) (NP (DT a) (NN while))))) (. .) (-DFL- E_S)),7,14.0,17.08
sw02utt/sw_0201_4311.utt,4/sw4311,4311,6,%,A,3,1,{F Um. } /,Um/UH ./.,(INTJ (UH Um) (. .) (-DFL- E_S)),9,17.46,17.8
sw02utt/sw_0201_4311.utt,4/sw4311,4311,7,%,B,4,1,"{C And, } {F uh, } have some, -/","And/CC ,/,  [ uh/UH ] ,/, have/VBP  [ some/DT ] ,/,","(S (CC And) (, ,) (INTJ (UH uh)) (, ,) (NP-SBJ (-NONE- *)) (VP (VBP have) (NP-UNF (DT some))) (, ,) (-DFL- N_S))",11,18.3,20.44
sw02utt/sw_0201_4311.utt,4/sw4311,4311,8,qy^d,A,5,1,"{D Well, } [ (( you ))  should, + you should ] have some opinions on that, then. /","Well/UH ,/,  [ you/PRP ] should/MD ,/,  [ you/PRP ] should/MD have/VB  [ some/DT opinions/NNS ] on/IN  [ that/DT ] ,/, then/RB ./.","(S (INTJ (UH Well)) (, ,) (EDITED (RM (-DFL- \[)) (S (NP-SBJ (PRP you)) (VP-UNF (MD should))) (, ,) (IP (-DFL- \+))) (NP-SBJ (PRP you)) (VP (MD should) (RS (-DFL- \])) (VP (VB have) (NP (NP (DT some) (NNS opinions)) (PP (IN on) (NP (DT that)))) (, ,) (ADVP (RB then)))) (. .) (-DFL- E_S))",13,20.44,22.28
sw02utt/sw_0201_4311.utt,4/sw4311,4311,9,na,B,6,1,"I do have some thoughts on that,  /","[ I/PRP ] do/VBP have/VB  [ some/DT thoughts/NNS ] on/IN  [ that/DT ] ,/,","(S (NP-SBJ (PRP I)) (VP (VBP do) (VP (VB have) (NP (NP (DT some) (NNS thoughts)) (PP (IN on) (NP (DT that)))))) (, ,) (-DFL- E_S))",15,22.28,24.24
sw02utt/sw_0201_4311.utt,4/sw4311,4311,10,ny,B,6,2,yeah.  /,yeah/UH ./.,(INTJ (UH yeah) (. .) (-DFL- E_S)),16,24.26,24.540000000000003
sw02utt/sw_0201_4311.utt,4/sw4311,4311,11,sv,B,6,3,"{F Uh, } it's, {F uh, } an interesting experience to be a surrogate [ parent  for, + {E or } parent  for ] a lot of people there,  /","[ Uh/UH ] ,/,  [ it/PRP ] 's/BES ,/,  [ uh/UH ] ,/,  [ an/DT interesting/JJ experience/NN ] to/TO be/VB  [ a/DT surrogate/NN parent/NN ] for/IN ,/, or/CC  [ parent/NN ] for/IN  [ a/DT lot/NN ] of/IN  [ people/NNS ] [ there/RB ] ,/,","(S (INTJ (UH Uh)) (, ,) (NP-SBJ (NP (PRP it)) (S (-NONE- *EXP*-1))) (VP (BES 's) (, ,) (INTJ (UH uh)) (, ,) (NP-PRD (DT an) (JJ interesting) (NN experience)) (S-1 (NP-SBJ (-NONE- *)) (VP (TO to) (VP (VB be) (NP-PRD (NP (NP (DT a) (NN surrogate) (RM (-DFL- \[)) (NN parent)) (EDITED (PP-UNF (IN for)) (, ,) (IP (-DFL- \+))) (CC or) (NP (NN parent))) (PP (IN for) (RS (-DFL- \])) (NP (NP (DT a) (NN lot)) (PP (IN of) (NP (NNS people)))))) (ADVP-LOC (RB there)))))) (, ,) (-DFL- E_S))",17,24.54,33.46
sw02utt/sw_0201_4311.utt,4/sw4311,4311,12,sv,B,6,4,"{C and, }  {F uh, } it's also very interesting in terms of how people choose the child care facilities <screeching>. /","and/CC ,/,  [ uh/UH ] ,/,  [ it/PRP ] 's/BES also/RB very/RB interesting/JJ in/IN  [ terms/NNS ] of/IN how/WRB  [ people/NNS ] choose/VBP  [ the/DT child/NN care/NN facilities/NNS ] ./.","(S (CC and) (, ,) (INTJ (UH uh)) (, ,) (NP-SBJ (PRP it)) (VP (BES 's) (ADVP (RB also)) (ADJP-PRD (RB very) (JJ interesting)) (PP (IN in) (NP (NP (NNS terms)) (PP (IN of) (SBAR (WHADVP-1 (WRB how)) (S (NP-SBJ (NNS people)) (VP (VBP choose) (NP (DT the) (NN child) (NN care) (NNS facilities)) (ADVP-MNR (-NONE- *T*-1))))))))) (. .) (-DFL- E_S))",18,34.46,41.9
sw02utt/sw_0201_4311.utt,4/sw4311,4311,13,sd,A,7,1,"{D Well, } I guess if I were going to choose, {E I mean, } my first consideration would be safety. /","Well/UH ,/,  [ I/PRP ] guess/VBP if/IN  [ I/PRP ] were/VBD going/VBG to/TO choose/VB ,/,  [ I/PRP ] mean/VBP ,/,  [ my/PRP$ first/JJ consideration/NN ] would/MD be/VB  [ safety/NN ] ./.","(S (INTJ (UH Well)) (, ,) (NP-SBJ (PRP I)) (VP (VBP guess) (SBAR (-NONE- 0) (S (SBAR-ADV (IN if) (S (NP-SBJ-1 (PRP I)) (VP (VBD were) (VP (VBG going) (S (NP-SBJ (-NONE- *-1)) (VP (TO to) (VP (VB choose)))))))) (PRN (, ,) (S (NP-SBJ (PRP I)) (VP (VBP mean))) (, ,)) (NP-SBJ (PRP$ my) (JJ first) (NN consideration)) (VP (MD would) (VP (VB be) (NP-PRD (NN safety))))))) (. .) (-DFL- E_S))",20,41.9,46.519999999999996
sw02utt/sw_0201_4311.utt,4/sw4311,4311,14,b,B,8,1,Right. /,[ Right/UH ] ./.,(INTJ (UH Right) (. .) (-DFL- E_S)),22,47.12,47.559999999999995
sw02utt/sw_0201_4311.utt,4/sw4311,4311,15,sd,A,9,1,"<Lipsmack> My second consideration would be, {F uh, } <lipsmack> {F uh, } health. /","[ My/PRP$ second/JJ consideration/NN ] would/MD be/VB ,/,  [ uh/UH ] ,/,  [ uh/UH ] ,/,  [ health/NN ] ./.","(S (NP-SBJ (PRP$ My) (JJ second) (NN consideration)) (VP (MD would) (VP (VB be) (, ,) (INTJ (UH uh)) (, ,) (INTJ (UH uh)) (, ,) (NP-PRD (NN health)))) (. .) (-DFL- E_S))",24,47.6,52.86000000000001
sw02utt/sw_0201_4311.utt,4/sw4311,4311,16,b^r,B,10,1,Right. /,[ Right/UH ] ./.,(INTJ (UH Right) (. .) (-DFL- E_S)),22,53.56,53.980000000000004
sw02utt/sw_0201_4311.utt,4/sw4311,4311,17,sd,A,11,1,"{C And, }  {F uh, } I guess my third consideration would be, {F uh, }","And/CC ,/,  [ uh/UH ] ,/,  [ I/PRP ] guess/VBP  [ my/PRP$ third/JJ consideration/NN ] would/MD be/VB ,/,  [ uh/UH ] ,/,","(S (CC And) (, ,) (INTJ (UH uh)) (, ,) (NP-SBJ (PRP I)) (VP (VBP guess) (SBAR (-NONE- 0) (S (NP-SBJ (PRP$ my) (JJ third) (NN consideration)) (VP (MD would) (VP (VB be) (, ,) (INTJ (UH uh)) (, ,) (EDITED (RM (-DFL- \[)) (NP (JJ warm) (, ,) (NN environment)) (, ,) (IP (-DFL- \+))) (NP-PRD (JJ warm) (JJ personal) (NN environment))))))) (. .) (RS (-DFL- \])) (-DFL- E_S))",28,54.06,56.98
sw02utt/sw_0201_4311.utt,4/sw4311.pos,4311,18,x,B,12,1,<Thumping>.,./.,,,0.0,0.0
sw02utt/sw_0201_4311.utt,4/sw4311,4311,19,+,A,13,1,"[ warm,","[ warm/JJ ] ,/,","(S (CC And) (, ,) (INTJ (UH uh)) (, ,) (NP-SBJ (PRP I)) (VP (VBP guess) (SBAR (-NONE- 0) (S (NP-SBJ (PRP$ my) (JJ third) (NN consideration)) (VP (MD would) (VP (VB be) (, ,) (INTJ (UH uh)) (, ,) (EDITED (RM (-DFL- \[)) (NP (JJ warm) (, ,) (NN environment)) (, ,) (IP (-DFL- \+))) (NP-PRD (JJ warm) (JJ personal) (NN environment))))))) (. .) (RS (-DFL- \])) (-DFL- E_S))",28,58.0,58.42
sw02utt/sw_0201_4311.utt,4/sw4311.pos,4311,20,x,B,14,1,<Screeching>.,./.,,,0.0,0.0
sw02utt/sw_0201_4311.utt,4/sw4311,4311,21,+,A,15,1,"environment, + warm personal environment. ] /","[ environment/NN ] ,/,  [ warm/JJ personal/JJ environment/NN ] ./.","(S (CC And) (, ,) (INTJ (UH uh)) (, ,) (NP-SBJ (PRP I)) (VP (VBP guess) (SBAR (-NONE- 0) (S (NP-SBJ (PRP$ my) (JJ third) (NN consideration)) (VP (MD would) (VP (VB be) (, ,) (INTJ (UH uh)) (, ,) (EDITED (RM (-DFL- \[)) (NP (JJ warm) (, ,) (NN environment)) (, ,) (IP (-DFL- \+))) (NP-PRD (JJ warm) (JJ personal) (NN environment))))))) (. .) (RS (-DFL- \])) (-DFL- E_S))",28,59.9,61.7
sw02utt/sw_0201_4311.utt,4/sw4311,4311,22,b,B,16,1,"{D Well, } right.  /","Well/UH ,/, right/UH ./.","(INTJ (INTJ (UH Well)) (, ,) (INTJ (UH right)) (. .) (-DFL- E_S))",34,62.8,64.12
sw02utt/sw_0201_4311.utt,4/sw4311,4311,23,sd,B,16,2,"{F Uh, } in Texas, we have to meet certain state standards in order to operate [ on a, + at an ] institutional level and at [ a, + {D like } a ] small home level  /","[ Uh/UH ] ,/, in/IN  [ Texas/NNP ] ,/,  [ we/PRP ] have/VBP to/TO meet/VB  [ certain/JJ state/NN standards/NNS ] in/IN  [ order/NN ] to/TO operate/VB on/IN  [ a/DT ] ,/, at/IN  [ an/DT institutional/JJ level/NN ] and/CC at/IN  [ a/DT ] ,/, like/UH  [ a/DT small/JJ home/NN level/NN ]","(S (INTJ (UH Uh)) (, ,) (PP-LOC (IN in) (NP (NNP Texas))) (, ,) (NP-SBJ-1 (PRP we)) (VP (VBP have) (S (NP-SBJ-2 (-NONE- *-1)) (VP (TO to) (VP (VB meet) (NP (JJ certain) (NN state) (NNS standards))))) (SBAR-PRP (IN in) (NN order) (S (NP-SBJ (-NONE- *-2)) (VP (TO to) (VP (VB operate) (EDITED (RM (-DFL- \[)) (PP (IN on) (NP-UNF (DT a))) (, ,) (IP (-DFL- \+))) (PP (PP (IN at) (NP (DT an) (RS (-DFL- \])) (JJ institutional) (NN level))) (CC and) (PP (IN at) (EDITED (RM (-DFL- \[)) (NP-UNF (DT a)) (, ,) (IP (-DFL- \+))) (INTJ (UH like)) (NP (DT a) (RS (-DFL- \])) (JJ small) (NN home) (NN level))))))))) (-DFL- E_S))",35,64.18,75.58
sw02utt/sw_0201_4311.utt,4/sw4311,4311,24,sd,B,16,3,"{C so } <inhaling> <breathing> you meet the standards,  /","so/RB  [ you/PRP ] meet/VBP  [ the/DT standards/NNS ] ,/,","(S (RB so) (NP-SBJ (PRP you)) (VP (VBP meet) (NP (DT the) (NNS standards))) (, ,) (-DFL- E_S))",36,75.58,79.54
sw02utt/sw_0201_4311.utt,4/sw4311,4311,25,sv,B,16,4,"{C but } then after that [ there's, + there's ] a lot more.  /","but/CC then/RB after/IN that/DT  [ there/EX ] 's/BES ,/,  [ there/EX ] 's/BES  [ a/DT lot/NN ] more/JJR ./.","(S (CONJP (CC but) (RB then)) (PP (IN after) (NP (DT that))) (EDITED (RM (-DFL- \[)) (S (NP-SBJ (EX there)) (VP-UNF (BES 's))) (, ,) (IP (-DFL- \+))) (NP-SBJ (EX there)) (VP (BES 's) (RS (-DFL- \])) (NP-PRD (ADJP (NP-ADV (DT a) (NN lot)) (JJR more)))) (. .) (-DFL- E_S))",37,79.54,82.56
sw02utt/sw_0201_4311.utt,4/sw4311,4311,26,sv,B,16,5,"I think it's important  (( as ))  the safety and  health and that kind of stuff, is qualification of people who work there,  and  in hiring people who would work at [ the,  {F uh, } day care, + the child care ] facility was very difficult to find qualified people, {F uh, } in terms of, not [ just, + just ] - /","[ I/PRP ] think/VBP  [ it/PRP ] 's/BES important/JJ as/IN  [ the/DT safety/NN ] and/CC  [ health/NN ] and/CC  [ that/DT kind/NN ] of/IN  [ stuff/NN ] ,/, is/VBZ  [ qualification/NN ] of/IN  [ people/NNS ] [ who/WP ] work/VBP there/RB ,/, and/CC in/IN hiring/VBG  [ people/NNS ] [ who/WP ] would/MD work/VB at/IN  [ the/DT ] ,/,  [ uh/UH ] ,/,  [ day/NN care/NN ] ,/,  [ the/DT child/NN care/NN facility/NN ] was/VBD very/RB difficult/JJ to/TO find/VB  [ qualified/JJ people/NNS ] ,/,  [ uh/UH ] ,/, in/IN  [ terms/NNS ] of/IN ,/, not/RB just/RB ,/, just/RB","(S (NP-SBJ (PRP I)) (VP (VBP think) (SBAR (-NONE- 0) (S (S-SBJ (NP-SBJ (PRP it)) (VP (BES 's) (ADJP-PRD (ADJP (JJ important)) (PP (IN as) (NP (NP (DT the) (NN safety) (CC and) (NN health)) (CC and) (NP (NP (DT that) (NN kind)) (PP (IN of) (NP (NN stuff))))))))) (, ,) (VP (VBZ is) (NP-PRD (NP (NN qualification)) (PP (IN of) (NP (NP (NNS people)) (SBAR (WHNP-1 (WP who)) (S (NP-SBJ (-NONE- *T*-1)) (VP (VBP work) (ADVP-LOC (RB there)))))))))))) (, ,))|||(S (CC and) (PP (IN in) (S-NOM (NP-SBJ (-NONE- *)) (VP (VBG hiring) (NP (NP (NNS people)) (SBAR (WHNP-2 (WP who)) (S (NP-SBJ (-NONE- *T*-2)) (VP (MD would) (VP (VB work) (PP-LOC (IN at) (EDITED (RM (-DFL- \[)) (NP-UNF (DT the) (, ,) (INTJ (UH uh)) (, ,) (NN day) (NN care)) (, ,) (IP (-DFL- \+))) (NP (DT the) (NN child) (NN care) (RS (-DFL- \])) (NN facility))))))))))) (NP-SBJ (-NONE- *)) (VP (VBD was) (ADJP-PRD (RB very) (JJ difficult) (S (NP-SBJ (-NONE- *)) (VP (TO to) (VP (VB find) (NP (JJ qualified) (NNS people)) (, ,) (INTJ (UH uh)) (, ,) (PP (IN in) (NP (NP (NNS terms)) (PP-UNF (IN of) (, ,) (RB not) (EDITED (RM (-DFL- \[)) (ADVP (RB just)) (, ,) (IP (-DFL- \+))) (ADVP (RB just)))))))))) (RS (-DFL- \])) (-DFL- N_S))",38|||39,82.56,104.30000000000001
sw02utt/sw_0201_4311.utt,4/sw4311,4311,27,sv,B,16,6,"because somebody has a child or, {F uh, } likes children doesn't really mean that they're qualified to give the child the kind of supervision and training [ that + --","because/IN  [ somebody/NN ] has/VBZ  [ a/DT child/NN ] or/CC ,/,  [ uh/UH ] ,/, likes/VBZ  [ children/NNS ] does/VBZ n't/RB really/RB mean/VB that/IN  [ they/PRP ] 're/VBP qualified/JJ to/TO give/VB  [ the/DT child/NN ] [ the/DT kind/NN ] of/IN  [ supervision/NN ] and/CC training/NN that/WDT --/:","(S (SBAR-SBJ (IN because) (S (NP-SBJ (NN somebody)) (VP (VP (VBZ has) (NP (DT a) (NN child))) (CC or) (, ,) (INTJ (UH uh)) (, ,) (VP (VBZ likes) (NP (NNS children)))))) (VP (VBZ does) (RB n't) (ADVP (RB really)) (VP (VB mean) (SBAR (IN that) (S (NP-SBJ-1 (PRP they)) (VP (VBP 're) (ADJP-PRD (JJ qualified) (S (NP-SBJ (-NONE- *-1)) (VP (TO to) (VP (VB give) (NP (DT the) (NN child)) (NP (NP (DT the) (NN kind)) (PP (IN of) (NP (NP (NN supervision) (CC and) (NN training)) (SBAR-UNF (EDITED (RM (-DFL- \[)) (WHNP (WDT that)) (IP (-DFL- \+))) (WHNP (DT that)) (, ,) (RS (-DFL- \])) (INTJ (UH uh))))))))))))))) (, ,) (-DFL- N_S))",40,104.3,114.26
sw02utt/sw_0201_4311.utt,4/sw4311,4311,28,aa,A,17,1,"{F Oh, } absolutely <throat_clearing>. /","Oh/UH ,/, absolutely/UH ./.","(FRAG (INTJ (UH Oh)) (, ,) (ADVP (UH absolutely)) (. .) (-DFL- E_S))",42,114.26,114.92
sw02utt/sw_0201_4311.utt,4/sw4311,4311,29,+,B,18,1,"-- that, ] {F uh, } -/","--/:  [ that/DT ] ,/,  [ uh/UH ] ,/,","(S (SBAR-SBJ (IN because) (S (NP-SBJ (NN somebody)) (VP (VP (VBZ has) (NP (DT a) (NN child))) (CC or) (, ,) (INTJ (UH uh)) (, ,) (VP (VBZ likes) (NP (NNS children)))))) (VP (VBZ does) (RB n't) (ADVP (RB really)) (VP (VB mean) (SBAR (IN that) (S (NP-SBJ-1 (PRP they)) (VP (VBP 're) (ADJP-PRD (JJ qualified) (S (NP-SBJ (-NONE- *-1)) (VP (TO to) (VP (VB give) (NP (DT the) (NN child)) (NP (NP (DT the) (NN kind)) (PP (IN of) (NP (NP (NN supervision) (CC and) (NN training)) (SBAR-UNF (EDITED (RM (-DFL- \[)) (WHNP (WDT that)) (IP (-DFL- \+))) (WHNP (DT that)) (, ,) (RS (-DFL- \])) (INTJ (UH uh))))))))))))))) (, ,) (-DFL- N_S))",40,115.24,115.53999999999999
sw02utt/sw_0201_4311.utt,4/sw4311,4311,30,sv,A,19,1,"As a matter of fact, I believe that the safety [ and, + and ] health,  {F uh, } issues, {F uh, } depend in a very direct way on the people who are working with the children. /","As/IN  [ a/DT matter/NN ] of/IN  [ fact/NN ] ,/,  [ I/PRP ] believe/VBP that/IN  [ the/DT safety/NN ] and/CC ,/, and/CC  [ health/NN ] ,/,  [ uh/UH ] ,/,  [ issues/NNS ] ,/,  [ uh/UH ] ,/, depend/VBP in/IN  [ a/DT very/RB direct/JJ way/NN ] on/IN  [ the/DT people/NNS ] [ who/WP ] are/VBP working/VBG with/IN  [ the/DT children/NNS ] ./.","(S (PP (IN As) (NP (NP (DT a) (NN matter)) (PP (IN of) (NP (NN fact))))) (, ,) (NP-SBJ (PRP I)) (VP (VBP believe) (SBAR (IN that) (S (NP-SBJ (DT the) (NN safety) (EDITED (RM (-DFL- \[)) (CC and) (, ,) (IP (-DFL- \+))) (CC and) (RS (-DFL- \])) (NN health) (, ,) (INTJ (UH uh)) (, ,) (NNS issues)) (, ,) (INTJ (UH uh)) (, ,) (VP (VBP depend) (PP-MNR (IN in) (NP (DT a) (ADJP (RB very) (JJ direct)) (NN way))) (PP (IN on) (NP (NP (DT the) (NNS people)) (SBAR (WHNP-1 (WP who)) (S (NP-SBJ (-NONE- *T*-1)) (VP (VBP are) (VP (VBG working) (PP (IN with) (NP (DT the) (NNS children))))))))))))) (. .) (-DFL- E_S))",45,115.54,125.36
sw02utt/sw_0201_4311.utt,4/sw4311,4311,31,aa,B,20,1,Exactly.  /,Exactly/UH ./.,(INTJ (UH Exactly) (. .) (-DFL- E_S)),47,125.88,126.53999999999999
sw02utt/sw_0201_4311.utt,4/sw4311,4311,32,sv,B,20,2,"{C And } that was the most difficult thing of all, to find [ the, + the ] right people, the qualified people. /","And/CC  [ that/DT ] was/VBD  [ the/DT most/RBS difficult/JJ thing/NN ] of/IN  [ all/DT ] ,/, to/TO find/VB  [ the/DT ] ,/,  [ the/DT right/JJ people/NNS ] ,/,  [ the/DT qualified/JJ people/NNS ] ./.","(S (CC And) (NP-SBJ (DT that)) (VP (VBD was) (NP-PRD (NP (DT the) (ADJP (RBS most) (JJ difficult)) (NN thing)) (PP (IN of) (NP (DT all)))) (, ,) (S-TPC (NP-SBJ (-NONE- *)) (VP (TO to) (VP (VB find) (EDITED (RM (-DFL- \[)) (NP-UNF (DT the)) (, ,) (IP (-DFL- \+))) (NP (NP (DT the) (RS (-DFL- \])) (JJ right) (NNS people)) (, ,) (NP (DT the) (JJ qualified) (NNS people))))))) (. .) (-DFL- E_S))",48,126.54,133.2
sw02utt/sw_0201_4311.utt,4/sw4311,4311,33,sv,A,21,1,"{C And } it's the most difficult of all for a parent, judge, {F uh } --","And/CC  [ it/PRP ] 's/BES  [ the/DT most/RBS difficult/JJ ] of/IN  [ all/DT ] for/IN  [ a/DT parent/NN ] ,/,  [ judge/VB ] ,/,  [ uh/UH ] --/:","(S (CC And) (NP-SBJ (NP (PRP it)) (SBAR (-NONE- *EXP*-1))) (VP (BES 's) (NP-PRD (NP (DT the) (ADJP (RBS most) (JJ difficult))) (PP (IN of) (NP (DT all)))) (SBAR-1 (IN for) (S (NP-SBJ (DT a) (NN parent)) (, ,) (X (VP (VB judge))))) (, ,) (INTJ (UH uh)) (SBAR-PRP (IN because) (S (NP-SBJ (DT a) (NN person)) (VP (MD can) (VP (VB be) (ADJP-PRD (ADJP (RB very) (JJ nice)) (CC and) (ADJP (JJ warm)) (CC and) (ADJP (JJ loving)))))))) (, ,) (-DFL- E_S))",50,133.38,138.32
sw02utt/sw_0201_4311.utt,4/sw4311,4311,34,%,B,22,1,"{F Oh, } /","Oh/UH ,/,","(INTJ (UH Oh) (, ,) (-DFL- E_S))",52,138.32,138.62
sw02utt/sw_0201_4311.utt,4/sw4311,4311,35,+,A,23,1,"-- because a person can be very nice and warm and loving,  /","--/: because/IN  [ a/DT person/NN ] can/MD be/VB very/RB nice/JJ and/CC  [ warm/JJ ] and/CC loving/JJ ,/,","(S (CC And) (NP-SBJ (NP (PRP it)) (SBAR (-NONE- *EXP*-1))) (VP (BES 's) (NP-PRD (NP (DT the) (ADJP (RBS most) (JJ difficult))) (PP (IN of) (NP (DT all)))) (SBAR-1 (IN for) (S (NP-SBJ (DT a) (NN parent)) (, ,) (X (VP (VB judge))))) (, ,) (INTJ (UH uh)) (SBAR-PRP (IN because) (S (NP-SBJ (DT a) (NN person)) (VP (MD can) (VP (VB be) (ADJP-PRD (ADJP (RB very) (JJ nice)) (CC and) (ADJP (JJ warm)) (CC and) (ADJP (JJ loving)))))))) (, ,) (-DFL- E_S))",50,138.78,141.78
sw02utt/sw_0201_4311.utt,4/sw4311,4311,36,sd,A,23,2,"{C but } if he's a space cadet and doesn't watch the children, and be aware of what the safety hazards are, -/","but/CC if/IN  [ he/PRP ] 's/BES  [ a/DT space/NN cadet/NN ] and/CC does/VBZ n't/RB watch/VB  [ the/DT children/NNS ] ,/, and/CC be/VB aware/JJ of/IN  [ what/WP ] [ the/DT safety/NN hazards/NNS ] are/VBP ,/,","(S-UNF (CC but) (SBAR-ADV (IN if) (S (NP-SBJ (PRP he)) (VP (VP (BES 's) (NP-PRD (DT a) (NN space) (NN cadet))) (CC and) (VP (VBZ does) (RB n't) (VP (VP (VB watch) (NP (DT the) (NNS children))) (, ,) (CC and) (VP (VB be) (ADJP-PRD (JJ aware) (PP (IN of) (SBAR-NOM (WHNP-1 (WP what)) (S (NP-SBJ (DT the) (NN safety) (NNS hazards)) (VP (VBP are) (NP-PRD (-NONE- *T*-1))))))))))))) (, ,) (-DFL- N_S))",54,141.78,147.64
sw02utt/sw_0201_4311.utt,4/sw4311,4311,37,aa,B,24,1,"{F Oh, } exactly.  /","Oh/UH ,/, exactly/UH ./.","(INTJ (INTJ (UH Oh)) (, ,) (INTJ (UH exactly)) (. .) (-DFL- E_S))",56,148.2,149.02
sw02utt/sw_0201_4311.utt,4/sw4311,4311,38,sv,B,24,2,"{C And } the other thing that's difficult in, {F uh, } {A it's a  (( too small ))  setting, } {D like } a day care center is to find the right program of enrichment for the child, because you don't want to just warehouse the child,  /","And/CC  [ the/DT other/JJ thing/NN ] [ that/WDT ] 's/BES difficult/JJ in/IN ,/,  [ uh/UH ] ,/,  [ it/PRP ] 's/BES  [ a/DT too/RB small/JJ setting/NN ] ,/, like/IN  [ a/DT day/NN care/NN center/NN ] is/VBZ to/TO find/VB  [ the/DT right/JJ program/NN ] of/IN  [ enrichment/NN ] for/IN  [ the/DT child/NN ] ,/, because/IN  [ you/PRP ] do/VBP n't/RB want/VB to/TO just/RB warehouse/VB  [ the/DT child/NN ] ,/,","(S (CC And) (NP-SBJ (NP (DT the) (JJ other) (NN thing)) (SBAR (WHNP-1 (WDT that)) (S (NP-SBJ (-NONE- *T*-1)) (VP (BES 's) (ADJP-PRD (JJ difficult)) (PP-LOC (IN in) (, ,) (INTJ (UH uh)) (PRN (, ,) (S (NP-SBJ (PRP it)) (VP (BES 's) (NP-PRD (-NONE- *RNR*-2))))) (NP-2 (NP (DT a) (ADJP (RB too) (JJ small)) (NN setting)) (, ,) (PP (UH like) (NP (DT a) (NN day) (NN care) (NN center))))))))) (VP (VBZ is) (S-PRD (NP-SBJ (-NONE- *)) (VP (TO to) (VP (VB find) (NP (NP (DT the) (JJ right) (NN program)) (PP (IN of) (NP (NN enrichment)))) (PP-BNF (IN for) (NP (DT the) (NN child)))))) (, ,) (SBAR-PRP (IN because) (S (NP-SBJ-3 (PRP you)) (VP (VBP do) (RB n't) (VP (VB want) (S (NP-SBJ (-NONE- *-3)) (VP (TO to) (ADVP (RB just)) (VP (VB warehouse) (NP (DT the) (NN child)))))))))) (, ,) (-DFL- E_S))",57,149.6,161.78
sw02utt/sw_0201_4311.utt,4/sw4311,4311,39,sd,B,24,3,"{C and } I didn't want to run an institution where that was the case, where all we were doing were warehousing because the first four, five years or so important  /","and/CC  [ I/PRP ] did/VBD n't/RB want/VB to/TO run/VB  [ an/DT institution/NN ] where/WRB  [ that/DT ] was/VBD  [ the/DT case/NN ] ,/, where/WRB  [ all/DT ] [ we/PRP ] were/VBD doing/VBG were/VBD warehousing/VBG because/IN  [ the/DT first/JJ four/CD ] ,/,  [ five/CD years/NNS ] or/^VBP so/RB important/JJ","(S (CC and) (NP-SBJ-1 (PRP I)) (VP (VBD did) (RB n't) (VP (VB want) (S (NP-SBJ (-NONE- *-1)) (VP (TO to) (VP (VB run) (NP (NP (DT an) (NN institution)) (SBAR (SBAR (WHADVP-2 (WRB where)) (S (NP-SBJ (DT that)) (VP (VBD was) (NP-PRD (DT the) (NN case)) (ADVP-LOC (-NONE- *T*-2))))) (, ,) (SBAR (WHADVP-4 (WRB where)) (S (NP-SBJ (NP (DT all)) (SBAR (WHNP-3 (-NONE- 0)) (S (NP-SBJ (PRP we)) (VP (VBD were) (VP (VBG doing) (NP (-NONE- *T*-3))))))) (VP (VBD were) (NP-PRD (VBG warehousing)) (ADVP-LOC (-NONE- *T*-4)))))))))) (SBAR-PRP (IN because) (S (NP-SBJ (DT the) (JJ first) (QP (CD four) (, ,) (CD five)) (NNS years)) (VP (TYPO (^VBP or)) (ADJP-PRD (RB so) (JJ important))))))) (-DFL- E_S))",58,162.4,172.92
sw02utt/sw_0201_4311.utt,4/sw4311,4311,40,sv,B,24,4,{C and } you have to have the right kind of enrichment  /,and/CC [ you/PRP ] have/VBP to/TO have/VB  [ the/DT right/JJ kind/NN ] of/IN  [ enrichment/NN ],(S (CC and) (NP-SBJ-1 (PRP you)) (VP (VBP have) (S (NP-SBJ (-NONE- *-1)) (VP (TO to) (VP (VB have) (NP (NP (DT the) (JJ right) (NN kind)) (PP (IN of) (NP (NN enrichment)))))))) (-DFL- E_S)),59,172.92,177.96
sw02utt/sw_0201_4311.utt,4/sw4311,4311,41,sv,B,24,5,"{C and } [ that, + that ] includes, {F uh, } an atmosphere in which the child is safe [ and, + and ] he's watched and his physical needs are cared for,  /","and/CC that/DT ,/, that/DT includes/VBZ ,/,  [ uh/UH ] ,/,  [ an/DT atmosphere/NN ] in/IN  [ which/WDT ] [ the/DT child/NN ] is/VBZ safe/JJ and/CC ,/, and/CC  [ he/PRP ] 's/BES watched/VBN and/CC  [ his/PRP$ physical/JJ needs/NNS ] are/VBP cared/VBN for/IN ,/,","(S (CC and) (EDITED (RM (-DFL- \[)) (NP-SBJ (DT that)) (, ,) (IP (-DFL- \+))) (NP-SBJ (DT that)) (RS (-DFL- \])) (VP (VBZ includes) (, ,) (INTJ (UH uh)) (, ,) (NP (NP (DT an) (NN atmosphere)) (SBAR (WHPP-3 (IN in) (WHNP (WDT which))) (S (S (NP-SBJ (DT the) (NN child)) (VP (VBZ is) (ADJP-PRD (JJ safe)))) (EDITED (RM (-DFL- \[)) (CC and) (, ,) (IP (-DFL- \+))) (CC and) (RS (-DFL- \])) (S (NP-SBJ-1 (PRP he)) (VP (BES 's) (VP (VBN watched) (NP (-NONE- *-1))))) (CC and) (S (NP-SBJ-2 (PRP$ his) (JJ physical) (NNS needs)) (VP (VBP are) (VP (VBN cared) (PP (IN for) (NP (-NONE- *-2)))))) (PP-LOC (-NONE- *T*-3)))))) (, ,) (-DFL- E_S))",60,177.96,187.22
sw02utt/sw_0201_4311.utt,4/sw4311,4311,42,sv,B,24,6,"{C but } also his, {F uh, } developmental needs are cared for, too. /","but/CC also/RB  [ his/PRP$ ] ,/,  [ uh/UH ] ,/,  [ developmental/JJ needs/NNS ] are/VBP cared/VBN for/IN ,/, too/RB ./.","(S (CC but) (ADVP (RB also)) (NP-SBJ-1 (PRP$ his) (, ,) (INTJ (UH uh)) (, ,) (JJ developmental) (NNS needs)) (VP (VBP are) (VP (VBN cared) (PP (IN for) (NP (-NONE- *-1))) (, ,) (ADVP (RB too)))) (. .) (-DFL- E_S))",61,187.22,190.78
sw02utt/sw_0201_4311.utt,4/sw4311,4311,43,sv,A,25,1,"Maybe the right thing to do is to, {F uh, } <lipsmack> when a couple has a child, <lipsmack> then [ they should both take, + {A you say the first four or five years are the most important, and I think I would agree with that, }  they both take ] four or five years off and devote to parenting. /","Maybe/RB  [ the/DT right/JJ thing/NN ] to/TO do/VB is/VBZ to/TO ,/,  [ uh/UH ] ,/, when/WRB  [ a/DT couple/NN ] has/VBZ  [ a/DT child/NN ] ,/, then/RB  [ they/PRP ] should/MD  [ both/DT ] take/VB ,/,  [ you/PRP ] say/VBP  [ the/DT first/JJ four/CD ] or/CC  [ five/CD years/NNS ] are/VBP  [ the/DT most/RBS important/JJ ] ,/, and/CC  [ I/PRP ] think/VBP  [ I/PRP ] would/MD agree/VB with/IN  [ that/DT ] ,/,  [ they/PRP ] [ both/DT ] take/VBP  [ four/CD ] or/CC  [ five/CD years/NNS ] off/RP and/CC devote/VB to/IN parenting/NN ./.","(S (ADVP (RB Maybe)) (NP-SBJ (NP (DT the) (JJ right) (NN thing)) (SBAR (WHNP-1 (-NONE- 0)) (S (NP-SBJ (-NONE- *)) (VP (TO to) (VP (VB do) (NP (-NONE- *T*-1))))))) (VP (VBZ is) (S-PRD (NP-SBJ (-NONE- *)) (VP-UNF (TO to) (, ,) (INTJ (UH uh))))) (, ,))|||(S (SBAR-TMP (WHADVP-2 (WRB when)) (S (NP-SBJ (DT a) (NN couple)) (VP (VBZ has) (NP (DT a) (NN child)) (ADVP-TMP (-NONE- *T*-2))))) (, ,) (ADVP (RB then)) (EDITED (RM (-DFL- \[)) (S (NP-SBJ (PRP they)) (VP (MD should) (DT both) (VP-UNF (VB take)))) (, ,) (IP (-DFL- \+))) (PRN (S (S (NP-SBJ (PRP you)) (VP (VBP say) (SBAR (-NONE- 0) (S (NP-SBJ (DT the) (JJ first) (QP (CD four) (CC or) (CD five)) (NNS years)) (VP (VBP are) (NP-PRD (DT the) (RBS most) (JJ important))))))) (, ,) (CC and) (S (NP-SBJ (PRP I)) (VP (VBP think) (SBAR (-NONE- 0) (S (NP-SBJ (PRP I)) (VP (MD would) (VP (VB agree) (PP (IN with) (NP (DT that)))))))))) (, ,)) (NP-SBJ (NP (PRP they)) (NP (DT both))) (VP (VP (VBP take) (RS (-DFL- \])) (NP (QP (CD four) (CC or) (CD five)) (NNS years)) (PRT (RP off))) (CC and) (VP (VB devote) (PP (IN to) (NP (NN parenting))))) (. .) (-DFL- E_S))",63|||64,190.78,207.82
sw02utt/sw_0201_4311.utt,4/sw4311,4311,44,ba,B,26,1,That would be lovely. /,[ That/DT ] would/MD be/VB lovely/JJ ./.,(S (NP-SBJ (DT That)) (VP (MD would) (VP (VB be) (ADJP-PRD (JJ lovely)))) (. .) (-DFL- E_S)),66,208.72,209.66
sw02utt/sw_0201_4311.utt,4/sw4311,4311,45,sv,A,27,1,"Get rid of all these child care centers, at least for young kids below the age of six. /","Get/VB  [ rid/VBN ] of/IN  [ all/PDT these/DT child/NN care/NN centers/NNS ] ,/, at/IN  [ least/JJS ] for/IN  [ young/JJ kids/NNS ] below/IN  [ the/DT age/NN ] of/IN  [ six/CD ] ./.","(S (NP-SBJ-1 (-NONE- *)) (VP (VB Get) (VP (VBN rid) (NP (-NONE- *-1)) (PP (IN of) (NP (PDT all) (DT these) (NN child) (NN care) (NNS centers))) (, ,) (PP (ADVP (IN at) (JJS least)) (IN for) (NP (NP (JJ young) (NNS kids)) (PP (IN below) (NP (NP (DT the) (NN age)) (PP (IN of) (NP (CD six))))))))) (. .) (-DFL- E_S))",68,209.72,216.9
sw02utt/sw_0201_4311.utt,4/sw4311,4311,46,b,B,28,1,Uh-huh. /,[ Uh-huh/UH ] ./.,(INTJ (UH Uh-huh) (. .) (-DFL- E_S)),70,216.9,217.12
sw02utt/sw_0201_4311.utt,4/sw4311,4311,47,sv,A,29,1,"[ {C And then } + <throat_clearing>, {F uh, } {C and then, } ] of course, to make up for that, {F uh, } the, {F uh, } parents would have to work in their later years longer, {D you know, }  /","And/CC then/RB ,/,  [ uh/UH ] ,/, and/CC then/RB ,/, of/IN  [ course/NN ] ,/, to/TO make/VB up/RP for/IN  [ that/DT ] ,/,  [ uh/UH ] ,/,  [ the/DT ] ,/,  [ uh/UH ] ,/,  [ parents/NNS ] would/MD have/VB to/TO work/VB in/IN  [ their/PRP$ later/JJ years/NNS ] longer/RBR ,/,  [ you/PRP ] know/VBP ,/,","(S (EDITED (RM (-DFL- \[)) (CONJP (CC And) (RB then)) (IP (-DFL- \+))) (, ,) (INTJ (UH uh)) (, ,) (CONJP (CC and) (RB then)) (, ,) (RS (-DFL- \])) (PP (IN of) (NP (NN course))) (, ,) (S-ADV (NP-SBJ (-NONE- *)) (VP (TO to) (VP (VB make) (PRT (RP up)) (PP (IN for) (NP (DT that)))))) (, ,) (INTJ (UH uh)) (, ,) (NP-SBJ-1 (DT the) (, ,) (INTJ (UH uh)) (, ,) (NNS parents)) (VP (MD would) (VP (VB have) (S (NP-SBJ (-NONE- *-1)) (VP (TO to) (VP (VB work) (PP-TMP (IN in) (NP (PRP$ their) (JJ later) (NNS years))) (ADVP-TMP (RBR longer))))) (PRN (, ,) (S (NP-SBJ (PRP you)) (VP (VBP know)))))) (, ,) (-DFL- E_S))",72,217.12,227.72
sw02utt/sw_0201_4311.utt,4/sw4311,4311,48,sv,A,29,2,"in other words, they probably [  would not work, + ] [ may not, en-,  + may end ] up not working  at all [ d-, + ] in the twenties.  {F Uh, } /","in/IN  [ other/JJ words/NNS ] ,/,  [ they/PRP ] probably/RB would/MD not/RB work/VB ,/, may/MD not/RB ,/,  [ en/VB ] ,/, may/MD end/VB up/RP not/RB working/VBG at/IN  [ all/DT d-/IN ] ,/, in/IN  [ the/DT twenties/NNS ] ./.  [ Uh/UH ] ,/,","(S (PP (IN in) (NP (JJ other) (NNS words))) (, ,) (NP-SBJ-1 (PRP they)) (ADVP (RB probably)) (EDITED (RM (-DFL- \[)) (VP (MD would) (RB not) (VP (VB work))) (, ,) (IP (-DFL- \+)) (RS (-DFL- \]))) (EDITED (RM (-DFL- \[)) (VP (MD may) (RB not) (, ,) (X (VB en-))) (, ,) (IP (-DFL- \+))) (VP (MD may) (VP (VB end) (RS (-DFL- \])) (PRT (RP up)) (S (NP-SBJ (-NONE- *-1)) (RB not) (VP (VBG working) (ADVP (IN at) (DT all)) (EDITED (RM (-DFL- \[)) (X (IN d-)) (, ,) (IP (-DFL- \+)) (RS (-DFL- \]))) (PP-TMP (IN in) (NP (DT the) (NNS twenties))))))) (. .))|||(INTJ (UH Uh) (, ,) (-DFL- E_S))",73|||74,227.72,233.56
sw02utt/sw_0201_4311.utt,4/sw4311,4311,49,sv,B,30,1,"{D Well, } that's an interesting thought because, -/","Well/UH ,/,  [ that/DT ] 's/BES  [ an/DT interesting/JJ thought/NN ] because/IN ,/,","(S (INTJ (UH Well)) (, ,) (NP-SBJ (DT that)) (VP (BES 's) (NP-PRD (DT an) (JJ interesting) (NN thought)) (SBAR-PRP-UNF (IN because))) (, ,) (-DFL- N_S))",76,234.88,236.76
sw02utt/sw_0201_4311.utt,4/sw4311,4311,50,sv,A,31,1,"{C But then } they have to work from age thirty [ or, + or ] forty to age seventy or  eighty or ninety. /","But/CC then/RB  [ they/PRP ] have/VBP to/TO work/VB from/IN  [ age/NN thirty/CD ] or/CC ,/, or/CC  [ forty/CD ] to/TO age/NN  [ seventy/CD ] or/CC  [ eighty/CD ] or/CC  [ ninety/CD ] ./.","(S (CONJP (CC But) (RB then)) (NP-SBJ-1 (PRP they)) (VP (VBP have) (S (NP-SBJ (-NONE- *-1)) (VP (TO to) (VP (VB work) (PP-DIR (IN from) (NP (NN age) (CD thirty) (EDITED (RM (-DFL- \[)) (CC or) (, ,) (IP (-DFL- \+))) (CC or) (RS (-DFL- \])) (CD forty))) (PP-DIR (TO to) (NP (NN age) (CD seventy) (CC or) (CD eighty) (CC or) (CD ninety))))))) (. .) (-DFL- E_S))",78,236.76,242.22
sw02utt/sw_0201_4311.utt,4/sw4311,4311,51,sv,B,32,1,That would be okay <laughter>. /,[ That/DT ] would/MD be/VB okay/JJ ./.,(S (NP-SBJ (DT That)) (VP (MD would) (VP (VB be) (ADJP-PRD (JJ okay)))) (. .) (-DFL- E_S)),80,243.3,244.16000000000003
sw02utt/sw_0201_4311.utt,4/sw4311.pos,4311,52,x,A,33,1,<Laughter>.,./.,,,0.0,0.0
sw02utt/sw_0201_4311.utt,4/sw4311,4311,53,sv,B,34,1,"[ That would, + that would ] help on the other end, too, [ in, + in ] terms of not warehousing people and letting people be productive for as long as they can be. /","[ That/DT ] would/MD ,/,  [ that/DT ] would/MD help/VB on/IN  [ the/DT other/JJ end/NN ] ,/, too/RB ,/, in/IN ,/, in/IN  [ terms/NNS ] of/IN not/RB warehousing/VBG  [ people/NNS ] and/CC  [ letting/VBG people/NNS ] be/VB productive/JJ for/IN as/RB long/JJ as/IN  [ they/PRP ] can/MD be/VB ./.","(S (EDITED (RM (-DFL- \[)) (S (NP-SBJ (DT That)) (VP-UNF (MD would))) (, ,) (IP (-DFL- \+))) (NP-SBJ (DT that)) (VP (MD would) (RS (-DFL- \])) (VP (VB help) (PP (IN on) (NP (DT the) (JJ other) (NN end))) (, ,) (ADVP (RB too)) (, ,) (EDITED (RM (-DFL- \[)) (PP-UNF (IN in)) (, ,) (IP (-DFL- \+))) (PP (IN in) (RS (-DFL- \])) (NP (NP (NNS terms)) (PP (IN of) (S-NOM (NP-SBJ (-NONE- *)) (VP (VP (RB not) (VBG warehousing) (NP (NNS people))) (CC and) (VP (VBG letting) (S (NP-SBJ (NNS people)) (VP (VB be) (ADJP-PRD (JJ productive)) (PP-TMP (IN for) (NP (NP (RB as) (JJ long)) (SBAR (IN as) (S (NP-SBJ (PRP they)) (VP (MD can) (VP (VB be) (ADJP-PRD (-NONE- *?*)))))))))))))))))) (. .) (-DFL- E_S))",83,244.44,253.56
sw02utt/sw_0201_4311.utt,4/sw4311,4311,54,b,A,35,1,"Right,  /","Right/UH ,/,","(INTJ (UH Right) (, ,) (-DFL- E_S))",85,253.64,254.01999999999998
sw02utt/sw_0201_4311.utt,4/sw4311,4311,55,sv,A,35,2,"{D well, } {D you know, } [ the, + {F uh, } {F uh, } the ] world is changing [ [ f-, + {F uh, } from  instit-, ] + from, {F uh, } industrial, ] {F uh, } base to, {F uh, } information base  /","well/UH ,/,  [ you/PRP ] know/VBP ,/,  [ the/DT ] ,/,  [ uh/UH ] ,/,  [ uh/UH ] ,/,  [ the/DT world/NN ] is/VBZ changing/VBG  [ f-/IN ] ,/,  [ uh/UH ] ,/, from/IN  [ instit-/XX ] ,/, from/IN ,/,  [ uh/UH ] ,/,  [ industrial/JJ ] ,/,  [ uh/UH ] ,/, base/NN to/IN ,/,  [ uh/UH ] ,/,  [ information/NN base/NN ]","(S (INTJ (UH well)) (PRN (, ,) (S (NP-SBJ (PRP you)) (VP (VBP know))) (, ,)) (EDITED (RM (-DFL- \[)) (NP-SBJ-UNF (DT the)) (, ,) (IP (-DFL- \+))) (INTJ (UH uh)) (, ,) (INTJ (UH uh)) (, ,) (NP-SBJ (DT the) (RS (-DFL- \])) (NN world)) (VP (VBZ is) (VP (VBG changing) (EDITED (RM (-DFL- \[)) (EDITED (RM (-DFL- \[)) (X (IN f-)) (, ,) (IP (-DFL- \+))) (INTJ (UH uh)) (, ,) (PP (IN from) (ADJP-UNF (XX instit-))) (, ,) (RS (-DFL- \])) (IP (-DFL- \+))) (PP-DIR (IN from) (, ,) (INTJ (UH uh)) (, ,) (NP (JJ industrial) (, ,) (RS (-DFL- \])) (INTJ (UH uh)) (, ,) (NN base))) (PP-DIR (IN to) (, ,) (INTJ (UH uh)) (, ,) (NP (NN information) (NN base))))) (-DFL- E_S))",86,254.04,263.86
sw02utt/sw_0201_4311.utt,4/sw4311,4311,56,sv,A,35,3,{C and so } --,and/CC so/RB --/:,(S (CONJP (CC and) (RB so)) (SBAR-NOM-SBJ (WHNP-1 (WP what)) (S (NP-SBJ (DT that)) (VP (VBZ means) (NP (-NONE- *T*-1))))) (VP (VBZ is) (SBAR-PRD (-NONE- 0) (S (NP-SBJ-2 (PRP you)) (VP (VBP do) (RB n't) (VP (VB have) (S (NP-SBJ-3 (-NONE- *-2)) (VP (TO to) (VP (VB be) (ADJP-PRD (RB physically) (JJ powerful)) (S-ADV (NP-SBJ (-NONE- *-3)) (VP (TO to) (VP (VB work)))))))))))) (. .) (-DFL- E_S)),87,263.86,264.42
sw02utt/sw_0201_4311.utt,4/sw4311,4311,57,b,B,36,1,Uh-huh. /,[ Uh-huh/UH ] ./.,(INTJ (UH Uh-huh) (. .) (-DFL- E_S)),70,264.52,264.7
sw02utt/sw_0201_4311.utt,4/sw4311,4311,58,+,A,37,1,-- what that means is you don't have to be physically powerful to work. /,--/:  [ what/WP ] [ that/DT means/VBZ ] is/VBZ  [ you/PRP ] do/VBP n't/RB have/VB to/TO be/VB  physically/RB powerful/JJ to/TO work/VB ./.,(S (CONJP (CC and) (RB so)) (SBAR-NOM-SBJ (WHNP-1 (WP what)) (S (NP-SBJ (DT that)) (VP (VBZ means) (NP (-NONE- *T*-1))))) (VP (VBZ is) (SBAR-PRD (-NONE- 0) (S (NP-SBJ-2 (PRP you)) (VP (VBP do) (RB n't) (VP (VB have) (S (NP-SBJ-3 (-NONE- *-2)) (VP (TO to) (VP (VB be) (ADJP-PRD (RB physically) (JJ powerful)) (S-ADV (NP-SBJ (-NONE- *-3)) (VP (TO to) (VP (VB work)))))))))))) (. .) (-DFL- E_S)),87,265.16,270.12
sw02utt/sw_0201_4311.utt,4/sw4311,4311,59,aa,B,38,1,That's exactly right. /,[ That/DT ] 's/BES exactly/RB right/JJ ./.,(S (NP-SBJ (DT That)) (VP (BES 's) (ADJP-PRD (RB exactly) (JJ right))) (. .) (-DFL- E_S)),92,270.44,271.42
sw02utt/sw_0201_4311.utt,4/sw4311,4311,60,sv,A,39,1,"All you have to do is have a sharp mind,  /","[ All/DT ] [ you/PRP ] have/VBP to/TO do/VB is/VBZ have/VB  [ a/DT sharp/JJ mind/NN ] ,/,","(S (NP-SBJ (NP (DT All)) (SBAR (WHNP-2 (-NONE- 0)) (S (NP-SBJ-1 (PRP you)) (VP (VBP have) (S (NP-SBJ (-NONE- *-1)) (VP (TO to) (VP (VB do) (NP (-NONE- *T*-2))))))))) (VP (VBZ is) (S-PRD (NP-SBJ (-NONE- *)) (VP (VB have) (NP (DT a) (JJ sharp) (NN mind))))) (, ,) (-DFL- E_S))",94,271.78,273.26
sw02utt/sw_0201_4311.utt,4/sw4311,4311,61,sv,A,39,2,"{C and } I believe that, {F uh, } mental acuity is easy to [ sustain, + maintain, ] if you just simply continue to exercise your mind. /","and/CC  [ I/PRP ] believe/VBP that/IN ,/,  [ uh/UH ] ,/,  [ mental/JJ acuity/NN ] is/VBZ easy/JJ to/TO sustain/VB ,/, maintain/VB ,/, if/IN  [ you/PRP ] just/RB simply/RB continue/VBP to/TO exercise/VB  [ your/PRP$ mind/NN ] ./.","(S (CC and) (NP-SBJ (PRP I)) (VP (VBP believe) (SBAR (IN that) (, ,) (INTJ (UH uh)) (, ,) (S (NP-SBJ (JJ mental) (NN acuity)) (VP (VBZ is) (ADJP-PRD (JJ easy) (SBAR (WHNP-1 (-NONE- 0)) (S (NP-SBJ (-NONE- *)) (VP (TO to) (EDITED (RM (-DFL- \[)) (VP-UNF (VB sustain)) (, ,) (IP (-DFL- \+))) (VP (VB maintain) (NP (-NONE- *T*-1))))))) (, ,) (RS (-DFL- \])) (SBAR-ADV (IN if) (S (NP-SBJ-2 (PRP you)) (ADVP (RB just)) (ADVP (RB simply)) (VP (VBP continue) (S (NP-SBJ (-NONE- *-2)) (VP (TO to) (VP (VB exercise) (NP (PRP$ your) (NN mind)))))))))))) (. .) (-DFL- E_S))",95,273.28,283.67999999999995
sw02utt/sw_0201_4311.utt,4/sw4311,4311,62,b,B,40,1,Oh. /,Oh/UH ./.,(INTJ (UH Oh) (. .) (-DFL- E_S)),97,284.34,284.67999999999995
sw02utt/sw_0201_4311.utt,4/sw4311,4311,63,sv,A,41,1,"<Breathing> {C So } I think a person could work, <breathing> {F uh, } into the seventies, eighties, even nineties for that matter,  /","So/RB  [ I/PRP ] think/VBP  [ a/DT person/NN ] could/MD work/VB ,/,  [ uh/UH ] ,/, into/IN  [ the/DT seventies/NNS ] ,/,  [ eighties/NNS ] ,/, even/RB  [ nineties/NNS ] for/IN  [ that/DT matter/NN ] ,/,","(S (RB So) (NP-SBJ (PRP I)) (VP (VBP think) (SBAR (-NONE- 0) (S (NP-SBJ (DT a) (NN person)) (VP (MD could) (VP (VB work) (, ,) (INTJ (UH uh)) (, ,) (PP (IN into) (NP (DT the) (NNS seventies) (, ,) (NNS eighties) (, ,) (RB even) (NNS nineties))) (PP (IN for) (NP (DT that) (NN matter)))))))) (, ,) (-DFL- E_S))",99,285.34,291.32
sw02utt/sw_0201_4311.utt,4/sw4311,4311,64,sv,A,41,2,"if they didn't have to do a lot of physical, {F uh, } labor, they could [ main-, + maintain, ] {F uh, } -/","if/IN  [ they/PRP ] did/VBD n't/RB have/VB to/TO do/VB  [ a/DT lot/NN ] of/IN  [ physical/JJ ] ,/,  [ uh/UH ] ,/,  [ labor/NN ] ,/,  [ they/PRP ] could/MD main/VB ,/, maintain/VB ,/, uh/UH ,/,","(S (SBAR-ADV (IN if) (S (NP-SBJ-1 (PRP they)) (VP (VBD did) (RB n't) (VP (VB have) (S (NP-SBJ (-NONE- *-1)) (VP (TO to) (VP (VB do) (NP (NP (DT a) (NN lot)) (PP (IN of) (NP (JJ physical) (, ,) (INTJ (UH uh)) (, ,) (NN labor))))))))))) (, ,) (NP-SBJ (PRP they)) (VP (MD could) (EDITED (RM (-DFL- \[)) (VP-UNF (VB main-)) (, ,) (IP (-DFL- \+))) (VP-UNF (VB maintain) (, ,) (RS (-DFL- \])) (INTJ (UH uh)))) (, ,) (-DFL- N_S))",100,291.32,296.26000000000005
