swda_filename,ptb_basename,conversation_no,transcript_index,act_tag,caller,utterance_index,subutterance_index,text,pos,trees,ptb_treenumbers,start_ts,end_ts
sw00utt/sw_0038_4611.utt,4/sw4611,4611,0,fp,A,1,1,Hi <laughter>. /,[ Hi/UH ] ./.,(INTJ (UH Hi) (. .) (-DFL- E_S)),1,0.02,0.19999999999999998
sw00utt/sw_0038_4611.utt,4/sw4611,4611,1,fp,B,2,1,Hi. /,[ Hi/UH ] ./.,(INTJ (UH Hi) (. .) (-DFL- E_S)),1,0.2,0.44
sw00utt/sw_0038_4611.utt,4/sw4611,4611,2,sd,A,3,1,"{F Uh, } {F uh } <throat_clearing> [ I, + I ] should say something. /","[ Uh/UH ] ,/, uh/UH  [ I/PRP ] ,/,  [ I/PRP ] should/MD say/VB  [ something/NN ] ./.","(S (INTJ (UH Uh)) (, ,) (INTJ (UH uh)) (EDITED (RM (-DFL- \[)) (NP-SBJ (PRP I)) (, ,) (IP (-DFL- \+))) (NP-SBJ (PRP I)) (RS (-DFL- \])) (VP (MD should) (VP (VB say) (NP (NN something)))) (. .) (-DFL- E_S))",5,0.78,4.720000000000001
sw00utt/sw_0038_4611.utt,4/sw4611,4611,3,b,B,4,1,Uh-huh. /,[ Uh-huh/UH ] ./.,(INTJ (UH Uh-huh) (. .) (-DFL- E_S)),7,5.08,5.28
sw00utt/sw_0038_4611.utt,4/sw4611,4611,4,sv,A,5,1,"That I'm the, {F uh, } least informed, - /","That/IN  [ I/PRP ] 'm/VBP  [ the/DT ] ,/,  [ uh/UH ] ,/,  [ least/RBS ] informed/JJ ,/,","(SBAR (IN That) (S (NP-SBJ (PRP I)) (VP (VBP 'm) (NP-PRD-UNF (DT the) (, ,) (INTJ (UH uh)) (, ,) (ADJP (RBS least) (JJ informed))))) (, ,) (-DFL- N_S))",9,5.5,8.06
sw00utt/sw_0038_4611.utt,4/sw4611,4611,5,sd,A,5,2,this is totally accidental that I have to talk about this topic.  /,[ this/DT ] is/VBZ totally/RB accidental/JJ that/IN  [ I/PRP ] have/VBP to/TO talk/VB about/IN  [ this/DT topic/NN ] ./.,(S (NP-SBJ (NP (DT this)) (SBAR (-NONE- *ICH*-2))) (VP (VBZ is) (ADJP-PRD (RB totally) (JJ accidental)) (SBAR-2 (IN that) (S (NP-SBJ-1 (PRP I)) (VP (VBP have) (S (NP-SBJ (-NONE- *-1)) (VP (TO to) (VP (VB talk) (PP (IN about) (NP (DT this) (NN topic)))))))))) (. .) (-DFL- E_S)),10,8.56,11.06
sw00utt/sw_0038_4611.utt,4/sw4611,4611,6,sv,A,5,3,"{C But, } [ it's, + I'm ] the least informed person in the whole United States. /","But/CC ,/,  [ it/PRP ] 's/BES ,/,  [ I/PRP ] 'm/VBP  [ the/DT least/RBS informed/JJ person/NN ] in/IN  [ the/DT whole/JJ United/NNP States/NNPS ] ./.","(S (CC But) (, ,) (EDITED (RM (-DFL- \[)) (S (NP-SBJ (PRP it)) (VP-UNF (BES 's))) (, ,) (IP (-DFL- \+))) (NP-SBJ (PRP I)) (VP (VBP 'm) (RS (-DFL- \])) (NP-PRD (NP (DT the) (ADJP (RBS least) (JJ informed)) (NN person)) (PP-LOC (IN in) (NP (DT the) (JJ whole) (NNP United) (NNPS States))))) (. .) (-DFL- E_S))",11,11.06,14.68
sw00utt/sw_0038_4611.utt,4/sw4611.pos,4611,7,x,B,6,1,<Laughter>.,./.,,,0.0,0.0
sw00utt/sw_0038_4611.utt,4/sw4611,4611,8,sd,A,7,1,This has not been determined yet  /,[ This/DT ] has/VBZ not/RB been/VBN determined/VBN yet/RB,(S (NP-SBJ-1 (DT This)) (VP (VBZ has) (RB not) (VP (VBN been) (VP (VBN determined) (NP (-NONE- *-1)) (ADVP-TMP (RB yet))))) (-DFL- E_S)),14,15.38,16.7
sw00utt/sw_0038_4611.utt,4/sw4611,4611,9,sd,A,7,2,"{C but } [ [ I, + I, ] + I've ] never read a newspaper in my entire life  /","but/CC  [ I/PRP ] ,/,  [ I/PRP ] ,/,  [ I/PRP ] 've/VBP never/RB read/VBN  [ a/DT newspaper/NN ] in/IN  [ my/PRP$ entire/NN life/NN ]","(S (CC but) (EDITED (RM (-DFL- \[)) (EDITED (RM (-DFL- \[)) (NP-SBJ (PRP I)) (, ,) (IP (-DFL- \+))) (NP-SBJ (PRP I)) (, ,) (RS (-DFL- \])) (IP (-DFL- \+))) (NP-SBJ (PRP I)) (VP (VBP 've) (RS (-DFL- \])) (ADVP-TMP (RB never)) (VP (VBN read) (NP (DT a) (NN newspaper)) (PP-TMP (IN in) (NP (PRP$ my) (NN entire) (NN life))))) (-DFL- E_S))",15,17.02,20.54
sw00utt/sw_0038_4611.utt,4/sw4611,4611,10,sd,A,7,3,"{C and } [ [ I've, + I, ] + I ] never watch T V news nor listen to the news on the radio unless I'm just happening to be listening to music and they slip it on in the car radio before I can turn it off.  /","and/CC  [ I/PRP ] 've/VBP ,/,  [ I/PRP ] ,/,  [ I/PRP ] never/RB watch/VBP  [ T/NN V/NN news/NN ] nor/CC listen/VBP to/IN  [ the/DT news/NN ] on/IN  [ the/DT radio/NN ] unless/IN  [ I/PRP ] 'm/VBP just/RB happening/VBG to/TO be/VB listening/VBG to/IN  [ music/NN ] and/CC  [ they/PRP ] slip/VBP  [ it/PRP ] on/RB in/IN  [ the/DT car/NN radio/NN ] before/IN  [ I/PRP ] can/MD turn/VB  [ it/PRP ] off/RP ./.","(S (CC and) (EDITED (RM (-DFL- \[)) (EDITED (RM (-DFL- \[)) (S (NP-SBJ (PRP I)) (VP-UNF (VBP 've))) (, ,) (IP (-DFL- \+))) (NP-SBJ (PRP I)) (, ,) (RS (-DFL- \])) (IP (-DFL- \+))) (NP-SBJ (PRP I)) (RS (-DFL- \])) (ADVP-TMP (RB never)) (VP (VP (VBP watch) (NP (NN T) (NN V) (NN news))) (CC nor) (VP (VBP listen) (PP (IN to) (NP (NP (DT the) (NN news)) (PP (IN on) (NP (DT the) (NN radio)))))) (SBAR-ADV (IN unless) (S (S (NP-SBJ-1 (PRP I)) (VP (VBP 'm) (ADVP (RB just)) (VP (VBG happening) (S (NP-SBJ (-NONE- *-1)) (VP (TO to) (VP (VB be) (VP (VBG listening) (PP (IN to) (NP (NN music)))))))))) (CC and) (S (NP-SBJ (PRP they)) (VP (VBP slip) (NP (PRP it)) (PRT (RB on)) (PP (IN in) (NP (DT the) (NN car) (NN radio))) (SBAR-TMP (IN before) (S (NP-SBJ (PRP I)) (VP (MD can) (VP (VB turn) (NP (PRP it)) (PRT (RP off))))))))))) (. .) (-DFL- E_S))",16,21.16,30.400000000000002
sw00utt/sw_0038_4611.utt,4/sw4611,4611,11,%,A,7,4,"# {C But, } # -/","But/CC ,/,","(S-UNF (CC But) (, ,) (-DFL- N_S))",17,0.0,0.0
sw00utt/sw_0038_4611.utt,4/sw4611,4611,12,qy,B,8,1,# Any # particular reason?  <throat_clearing>. /,[ Any/DT particular/JJ reason/NN ] ?/.  ./.,(NP (DT Any) (JJ particular) (NN reason) (. ?) (. .) (-DFL- E_S)),19,31.44,32.6
sw00utt/sw_0038_4611.utt,4/sw4611,4611,13,nn,A,9,1,"{D Well, } no.  /","Well/UH ,/, no/UH ./.","(INTJ (INTJ (UH Well)) (, ,) (INTJ (UH no)) (. .) (-DFL- E_S))",21,33.0,33.24
sw00utt/sw_0038_4611.utt,4/sw4611,4611,14,sd^e,A,9,2,"[ [ I, + I've, ] + I've ] explored that with lots of people.  /","[ I/PRP ] ,/,  [ I/PRP ] 've/VBP ,/,  [ I/PRP ] 've/VBP explored/VBN that/DT with/IN  [ lots/NNS ] of/IN  [ people/NNS ] ./.","(S (EDITED (RM (-DFL- \[)) (EDITED (RM (-DFL- \[)) (NP-SBJ (PRP I)) (, ,) (IP (-DFL- \+))) (S (NP-SBJ (PRP I)) (VP-UNF (VBP 've))) (, ,) (RS (-DFL- \])) (IP (-DFL- \+))) (NP-SBJ (PRP I)) (VP (VBP 've) (RS (-DFL- \])) (VP (VBN explored) (NP (DT that)) (PP (IN with) (NP (NP (NNS lots)) (PP (IN of) (NP (NNS people))))))) (. .) (-DFL- E_S))",22,33.24,35.400000000000006
sw00utt/sw_0038_4611.utt,4/sw4611,4611,15,sd,A,9,3,"{F Uh, } they've tried to lock me up and, {F uh, } things like that.  /","[ Uh/UH ] ,/,  [ they/PRP ] 've/VBP tried/VBN to/TO lock/VB  [ me/PRP ] up/RP and/CC ,/,  [ uh/UH ] ,/,  [ things/NNS ] like/IN  [ that/DT ] ./.","(S (INTJ (UH Uh)) (, ,) (NP-SBJ-1 (PRP they)) (VP (VBP 've) (VP (VBN tried) (S (NP-SBJ (-NONE- *-1)) (VP (TO to) (VP (VP (VB lock) (NP (PRP me)) (PRT (RP up))) (CC and) (, ,) (INTJ (UH uh)) (, ,) (NP-ETC (NP (NNS things)) (PP (IN like) (NP (DT that))))))))) (. .) (-DFL- E_S))",23,35.68,39.2
sw00utt/sw_0038_4611.utt,4/sw4611,4611,16,sd,A,9,4,"{C But, } {F uh, } {F uh, } I'm basically not interested  /","But/CC ,/,  [ uh/UH ] ,/,  [ uh/UH ] ,/,  [ I/PRP ] 'm/VBP basically/RB not/RB interested/JJ","(S (CC But) (, ,) (INTJ (UH uh)) (, ,) (INTJ (UH uh)) (, ,) (NP-SBJ (PRP I)) (VP (VBP 'm) (ADVP (RB basically)) (RB not) (ADJP-PRD (JJ interested))) (-DFL- E_S))",24,39.2,43.46
sw00utt/sw_0038_4611.utt,4/sw4611,4611,17,sv,A,9,5,"{C and } I also find [ the, + ] {F uh, } everything is so slick and superficial and misguided [ and mis-, + and off the, ] {F uh, } {F uh, } - /","and/CC  [ I/PRP ] also/RB find/VBP  [ the/DT ] ,/,  [ uh/UH ] ,/,  [ everything/NN ] is/VBZ so/RB slick/JJ and/CC  [ superficial/JJ ] and/CC  [ misguided/JJ ] and/CC  [ mis-/XX ] ,/, and/CC off/IN  [ the/DT ] ,/,  [ uh/UH ] ,/,  [ uh/UH ] ,/,","(S (CC and) (NP-SBJ (PRP I)) (ADVP (RB also)) (VP (VBP find) (SBAR (-NONE- 0) (S (EDITED (RM (-DFL- \[)) (NP-SBJ-UNF (DT the)) (, ,) (IP (-DFL- \+)) (RS (-DFL- \]))) (INTJ (UH uh)) (, ,) (NP-SBJ (NN everything)) (VP (VBZ is) (UCP-PRD (ADJP (RB so) (JJ slick) (CC and) (JJ superficial) (CC and) (JJ misguided)) (EDITED (RM (-DFL- \[)) (CC and) (XX mis-) (, ,) (IP (-DFL- \+))) (CC and) (PP (IN off) (NP-UNF (DT the)) (, ,) (RS (-DFL- \])))) (INTJ (UH uh)) (, ,) (INTJ (UH uh)))))) (, ,) (-DFL- N_S))",25,43.64,55.22
sw00utt/sw_0038_4611.utt,4/sw4611,4611,18,t1,A,9,6,"what am I trying to say. {F Uh, } -/","[ what/WP ] [ am/VBP ] [ I/PRP ] trying/VBG to/TO say/VB ./.  [ Uh/UH ] ,/,","(SBARQ (WHNP-2 (WP what)) (SQ (VBP am) (NP-SBJ-1 (PRP I)) (VP (VBG trying) (S (NP-SBJ (-NONE- *-1)) (VP (TO to) (VP (VB say) (NP (-NONE- *T*-2)))))) (. .) (INTJ (UH Uh))) (, ,) (-DFL- N_S))",26,55.22,58.300000000000004
sw00utt/sw_0038_4611.utt,4/sw4611.pos,4611,19,x,B,10,1,<Noise>.,./.,,,0.0,0.0
sw00utt/sw_0038_4611.utt,4/sw4611,4611,20,sd,A,11,1,I do learn about things.,[ I/PRP ] do/VBP learn/VB about/IN  [ things/NNS ] ./.,(S (NP-SBJ (PRP I)) (VP (VBP do) (VP (VB learn) (PP (IN about) (NP (NNS things))) (. .) (PP (ADVP (RB Largely)) (IN from) (NP (NNS friends))))) (-DFL- E_S)),29,59.2,60.300000000000004
sw00utt/sw_0038_4611.utt,4/sw4611,4611,21,b,B,12,1,Uh-huh.  /,[ Uh-huh/UH ] ./.,(INTJ (UH Uh-huh) (. .) (-DFL- E_S)),7,60.94,61.04
sw00utt/sw_0038_4611.utt,4/sw4611,4611,22,%,B,12,2,{F Huh } <<very faint>>. /,Huh/UH ./.,(INTJ (UH Huh) (. .) (-DFL- E_S)),32,61.04,61.1
sw00utt/sw_0038_4611.utt,4/sw4611,4611,23,+,A,13,1,Largely from friends  /,Largely/RB from/IN  [ friends/NNS ],(S (NP-SBJ (PRP I)) (VP (VBP do) (VP (VB learn) (PP (IN about) (NP (NNS things))) (. .) (PP (ADVP (RB Largely)) (IN from) (NP (NNS friends))))) (-DFL- E_S)),29,61.1,62.04
sw00utt/sw_0038_4611.utt,4/sw4611,4611,24,sd,A,13,2,{C and } I occasionally will read something like the NEW YORK REVIEW OF BOOKS.  /,and/CC  [ I/PRP ] occasionally/RB will/MD read/VB  [ something/NN ] like/IN  [ the/DT NEW/NNP YORK/NNP REVIEW/NNP ] OF/IN  [ BOOKS/NNPS ] ./.,(S (CC and) (NP-SBJ (PRP I)) (ADVP-TMP (RB occasionally)) (VP (MD will) (VP (VB read) (NP (NP (NN something)) (PP (IN like) (NP (NP (DT the) (NNP NEW) (NNP YORK) (NNP REVIEW)) (PP (IN OF) (NP (NNPS BOOKS)))))))) (. .) (-DFL- E_S)),34,62.2,64.89999999999999
sw00utt/sw_0038_4611.utt,4/sw4611,4611,25,sd,A,13,3,"{D You know, } someone will write a book about something <laughter>  /","[ You/PRP ] know/VBP ,/,  [ someone/NN ] will/MD write/VB  [ a/DT book/NN ] about/IN  [ something/NN ]","(S (PRN (S (NP-SBJ (PRP You)) (VP (VBP know))) (, ,)) (NP-SBJ (NN someone)) (VP (MD will) (VP (VB write) (NP (NP (DT a) (NN book)) (PP (IN about) (NP (NN something)))))) (-DFL- E_S))",35,64.96,66.48
sw00utt/sw_0038_4611.utt,4/sw4611,4611,26,sd,A,13,4,{C and then } I'll learn all about this thing that was in the news two years earlier. /,and/CC then/RB  [ I/PRP ] 'll/MD learn/VB  [ all/RB ] about/IN  [ this/DT thing/NN ] [ that/WDT ] was/VBD in/IN  [ the/DT news/NN two/CD years/NNS ] earlier/RBR ./.,(S (CONJP (CC and) (RB then)) (NP-SBJ (PRP I)) (VP (MD 'll) (VP (VB learn) (PP (RB all) (IN about) (NP (NP (DT this) (NN thing)) (SBAR (WHNP-1 (WDT that)) (S (NP-SBJ (-NONE- *T*-1)) (VP (VBD was) (PP-PRD (IN in) (NP (DT the) (NN news))) (ADVP-TMP (NP (CD two) (NNS years)) (RBR earlier))))))))) (. .) (-DFL- E_S)),36,67.1,69.83999999999999
sw00utt/sw_0038_4611.utt,4/sw4611,4611,27,b,B,14,1,Uh-huh. /,[ Uh-huh/UH ] ./.,(INTJ (UH Uh-huh) (. .) (-DFL- E_S)),7,70.28,70.56
sw00utt/sw_0038_4611.utt,4/sw4611,4611,28,%,A,15,1,"{C But } it, - /","But/IN  [ it/PRP ] ,/,","(S-UNF (IN But) (NP-SBJ (PRP it)) (, ,) (-DFL- N_S))",40,70.56,70.78
sw00utt/sw_0038_4611.utt,4/sw4611,4611,29,%,A,15,2,"{C and } somehow, - /","and/CC somehow/RB ,/,","(S-UNF (CC and) (ADVP-MNR (RB somehow)) (, ,) (-DFL- N_S))",41,70.98,72.14
sw00utt/sw_0038_4611.utt,4/sw4611,4611,30,sv,A,15,3,"{C and } anything I participated in or know about when I read about it in the paper is always [ so, + ] {F uh, } covered from such a funny and superficial perspective that I don't have much confidence in it.  /","and/CC  [ anything/NN ] [ I/PRP ] participated/VBD in/IN or/CC know/VBP about/IN when/WRB  [ I/PRP ] read/VBP about/IN  [ it/PRP ] in/IN  [ the/DT paper/NN ] is/VBZ always/RB so/RB ,/,  [ uh/UH ] ,/, covered/VBN from/IN  [ such/PDT a/DT funny/JJ ] and/CC  [ superficial/JJ perspective/NN ] that/IN  [ I/PRP ] do/VBP n't/RB have/VB  [ much/JJ confidence/NN ] in/IN  [ it/PRP ] ./.","(S (CC and) (NP-SBJ-3 (NP (NN anything)) (SBAR (WHNP-1 (-NONE- 0)) (S (NP-SBJ (PRP I)) (VP (VP (VBD participated) (PP (IN in) (NP (-NONE- *T*-1)))) (CC or) (VP (VBP know) (PP (IN about) (NP (-NONE- *T*-1)))))))) (SBAR-TMP (WHADVP-2 (WRB when)) (S (NP-SBJ (PRP I)) (VP (VBP read) (PP (IN about) (NP (PRP it))) (PP (IN in) (NP (DT the) (NN paper))) (ADVP-TMP (-NONE- *T*-2))))) (VP (VBZ is) (ADVP-TMP (RB always)) (EDITED (RM (-DFL- \[)) (ADJP-UNF (RB so)) (, ,) (IP (-DFL- \+)) (RS (-DFL- \]))) (INTJ (UH uh)) (, ,) (VP (VBN covered) (NP (-NONE- *-3)) (PP (IN from) (NP (NP (PDT such) (DT a) (ADJP (JJ funny) (CC and) (JJ superficial)) (NN perspective)) (SBAR (IN that) (S (NP-SBJ (PRP I)) (VP (VBP do) (RB n't) (VP (VB have) (NP (NP (JJ much) (NN confidence)) (PP (IN in) (NP (PRP it)))))))))))) (. .) (-DFL- E_S))",42,72.14,82.24000000000001
sw00utt/sw_0038_4611.utt,4/sw4611,4611,31,sd,A,15,4,"{C But, } {E I mean, } I don't think it's just that I'm lazy <laughter>. /","But/CC ,/,  [ I/PRP ] mean/VBP ,/,  [ I/PRP ] do/VBP n't/RB think/VB  [ it/PRP ] 's/BES just/RB that/IN  [ I/PRP ] 'm/VBP lazy/JJ ./.","(S (CC But) (PRN (, ,) (S (NP-SBJ (PRP I)) (VP (VBP mean))) (, ,)) (NP-SBJ (PRP I)) (VP (VBP do) (RB n't) (VP (VB think) (SBAR (-NONE- 0) (S (NP-SBJ (PRP it)) (VP (BES 's) (ADVP (RB just)) (SBAR-PRD (IN that) (S (NP-SBJ (PRP I)) (VP (VBP 'm) (ADJP-PRD (JJ lazy)))))))))) (. .) (-DFL- E_S))",43,82.24,85.19999999999999
sw00utt/sw_0038_4611.utt,4/sw4611,4611,32,aa,B,16,1,"I really don't,  /","[ I/PRP ] really/RB do/VBP n't/RB ,/,","(S (NP-SBJ (PRP I)) (ADVP (RB really)) (VP (VBP do) (RB n't)) (, ,) (-DFL- E_S))",45,86.12,86.76
sw00utt/sw_0038_4611.utt,4/sw4611,4611,33,sd,B,16,2,"[ [ ((I, + I)), ] + I ] like to refer to this as sort of CONSUMER REPORT phenomenon.","[ I/PRP ] ,/,  [ I/PRP ] ,/,  [ I/PRP ] like/VBP to/TO refer/VB to/IN  [ this/DT ] as/IN  [ sort/NN ] of/IN  [ CONSUMER/NNP REPORT/NNP phenomenon/NN ] ./.","(S (EDITED (RM (-DFL- \[)) (EDITED (RM (-DFL- \[)) (NP-SBJ (PRP I)) (, ,) (IP (-DFL- \+))) (NP-SBJ (PRP I)) (, ,) (RS (-DFL- \])) (IP (-DFL- \+))) (NP-SBJ-1 (PRP I)) (RS (-DFL- \])) (VP (VBP like) (S (NP-SBJ (-NONE- *-1)) (VP (TO to) (VP (VB refer) (PP (IN to) (NP (DT this))) (PP (IN as) (NP (NP (ADVP (NN sort) (IN of)) (NNP CONSUMER) (NNP REPORT) (NN phenomenon)) (. .) (SBAR (WHNP-2 (WDT Which)) (S (NP-SBJ (-NONE- *T*-2)) (VP (VBZ is) (SBAR-PRD (-NONE- 0) (S (S (NP-SBJ (NP (NN everybody)) (SBAR (WHNP-3 (WDT that)) (S (NP-SBJ (PRP I)) (VP (VBP know) (NP (-NONE- *T*-3)))))) (VP (VBZ reads) (NP (NNP CONSUMER) (NNPS REPORTS)))) (RB so) (S (NP-SBJ-6 (NP (DT the) (NNS people)) (SBAR (WHNP-4 (WP who)) (S (NP-SBJ (-NONE- *T*-4)) (VP (VBP do))))) (VP (VP (VB feel) (SBAR (IN that) (S (NP-SBJ (NNP CONSUMER) (NNPS REPORTS)) (VP (VBZ does) (NP (DT a) (ADJP (RB wholly) (JJ inadequate)) (NN job)) (PP (IN in) (NP (NP (PRP$ their) (NN area)) (PP (IN of) (NP (JJ particular) (NN interest))))))))) (. .) (CC But) (, ,) (VP (VBP assume) (SBAR (IN that) (S (NP-SBJ (PRP they)) (VP (VBP do) (NP (DT a) (JJ reasonable) (NN job)) (PP (IN in) (NP (JJ other) (NNS areas)))))) (. .) (INTJ (UH Uh)) (, ,) (PP (IN without) (S-NOM (NP-SBJ (-NONE- *-6)) (VP (VBG thinking) (SBAR (IN that) (S (NP-SBJ (EX there)) (VP (VBD were) (NP-PRD (NP (NNS people)) (SBAR (EDITED (RM (-DFL- \[)) (PP-UNF (IN in)) (, ,) (IP (-DFL- \+)) (RS (-DFL- \]))) (WHNP-5 (WP who)) (S (NP-SBJ (-NONE- *T*-5)) (VP (VBP think) (SBAR (-NONE- 0) (S-UNF (NP-SBJ (NP (DT each) (JJ other) (EDITED (RM (-DFL- \[)) (NNS areas) (, ,) (IP (-DFL- \+))) (NN area)) (RS (-DFL- \])) (EDITED (RM (-DFL- \[)) (PP-UNF (IN of)) (, ,) (IP (-DFL- \+))) (PP (IN of) (RS (-DFL- \])) (NP (NN specialty)))))))))))))))))))))))))))))) (-DFL- N_S))",46,86.76,90.44
sw00utt/sw_0038_4611.utt,4/sw4611,4611,34,b,A,17,1,Uh-huh. /,[ Uh-huh/UH ] ./.,(INTJ (UH Uh-huh) (. .) (-DFL- E_S)),31,90.86,91.12
sw00utt/sw_0038_4611.utt,4/sw4611,4611,35,+,B,18,1,Which is everybody that I know <inhaling> reads CONSUMER REPORTS so the people who do feel that CONSUMER REPORTS does a wholly inadequate job in their area of particular interest.,[ Which/WDT ] is/VBZ  [ everybody/NN ] that/WDT  [ I/PRP ] know/VBP reads/VBZ  [ CONSUMER/NNP ] REPORTS/NNPS so/RB  [ the/DT people/NNS ] [ who/WP ] do/VBP feel/VB that/IN  [ CONSUMER/NNP REPORTS/NNPS ] does/VBZ  [ a/DT ] wholly/RB  [ inadequate/JJ job/NN ] in/IN  [ their/PRP$ area/NN ] of/IN  [ particular/JJ interest/NN ] ./.,"(S (EDITED (RM (-DFL- \[)) (EDITED (RM (-DFL- \[)) (NP-SBJ (PRP I)) (, ,) (IP (-DFL- \+))) (NP-SBJ (PRP I)) (, ,) (RS (-DFL- \])) (IP (-DFL- \+))) (NP-SBJ-1 (PRP I)) (RS (-DFL- \])) (VP (VBP like) (S (NP-SBJ (-NONE- *-1)) (VP (TO to) (VP (VB refer) (PP (IN to) (NP (DT this))) (PP (IN as) (NP (NP (ADVP (NN sort) (IN of)) (NNP CONSUMER) (NNP REPORT) (NN phenomenon)) (. .) (SBAR (WHNP-2 (WDT Which)) (S (NP-SBJ (-NONE- *T*-2)) (VP (VBZ is) (SBAR-PRD (-NONE- 0) (S (S (NP-SBJ (NP (NN everybody)) (SBAR (WHNP-3 (WDT that)) (S (NP-SBJ (PRP I)) (VP (VBP know) (NP (-NONE- *T*-3)))))) (VP (VBZ reads) (NP (NNP CONSUMER) (NNPS REPORTS)))) (RB so) (S (NP-SBJ-6 (NP (DT the) (NNS people)) (SBAR (WHNP-4 (WP who)) (S (NP-SBJ (-NONE- *T*-4)) (VP (VBP do))))) (VP (VP (VB feel) (SBAR (IN that) (S (NP-SBJ (NNP CONSUMER) (NNPS REPORTS)) (VP (VBZ does) (NP (DT a) (ADJP (RB wholly) (JJ inadequate)) (NN job)) (PP (IN in) (NP (NP (PRP$ their) (NN area)) (PP (IN of) (NP (JJ particular) (NN interest))))))))) (. .) (CC But) (, ,) (VP (VBP assume) (SBAR (IN that) (S (NP-SBJ (PRP they)) (VP (VBP do) (NP (DT a) (JJ reasonable) (NN job)) (PP (IN in) (NP (JJ other) (NNS areas)))))) (. .) (INTJ (UH Uh)) (, ,) (PP (IN without) (S-NOM (NP-SBJ (-NONE- *-6)) (VP (VBG thinking) (SBAR (IN that) (S (NP-SBJ (EX there)) (VP (VBD were) (NP-PRD (NP (NNS people)) (SBAR (EDITED (RM (-DFL- \[)) (PP-UNF (IN in)) (, ,) (IP (-DFL- \+)) (RS (-DFL- \]))) (WHNP-5 (WP who)) (S (NP-SBJ (-NONE- *T*-5)) (VP (VBP think) (SBAR (-NONE- 0) (S-UNF (NP-SBJ (NP (DT each) (JJ other) (EDITED (RM (-DFL- \[)) (NNS areas) (, ,) (IP (-DFL- \+))) (NN area)) (RS (-DFL- \])) (EDITED (RM (-DFL- \[)) (PP-UNF (IN of)) (, ,) (IP (-DFL- \+))) (PP (IN of) (RS (-DFL- \])) (NP (NN specialty)))))))))))))))))))))))))))))) (-DFL- N_S))",46,91.14,101.66
sw00utt/sw_0038_4611.utt,4/sw4611,4611,36,b^r,A,19,1,Uh-huh. /,[ Uh-huh/UH ] ./.,(INTJ (UH Uh-huh) (. .) (-DFL- E_S)),31,101.78,102.14
sw00utt/sw_0038_4611.utt,4/sw4611,4611,37,+,B,20,1,"{C But, } assume that they do a reasonable job in other areas.","But/CC ,/, assume/VBP that/IN  [ they/PRP ] do/VBP  [ a/DT reasonable/JJ job/NN ] in/IN  [ other/JJ areas/NNS ] ./.","(S (EDITED (RM (-DFL- \[)) (EDITED (RM (-DFL- \[)) (NP-SBJ (PRP I)) (, ,) (IP (-DFL- \+))) (NP-SBJ (PRP I)) (, ,) (RS (-DFL- \])) (IP (-DFL- \+))) (NP-SBJ-1 (PRP I)) (RS (-DFL- \])) (VP (VBP like) (S (NP-SBJ (-NONE- *-1)) (VP (TO to) (VP (VB refer) (PP (IN to) (NP (DT this))) (PP (IN as) (NP (NP (ADVP (NN sort) (IN of)) (NNP CONSUMER) (NNP REPORT) (NN phenomenon)) (. .) (SBAR (WHNP-2 (WDT Which)) (S (NP-SBJ (-NONE- *T*-2)) (VP (VBZ is) (SBAR-PRD (-NONE- 0) (S (S (NP-SBJ (NP (NN everybody)) (SBAR (WHNP-3 (WDT that)) (S (NP-SBJ (PRP I)) (VP (VBP know) (NP (-NONE- *T*-3)))))) (VP (VBZ reads) (NP (NNP CONSUMER) (NNPS REPORTS)))) (RB so) (S (NP-SBJ-6 (NP (DT the) (NNS people)) (SBAR (WHNP-4 (WP who)) (S (NP-SBJ (-NONE- *T*-4)) (VP (VBP do))))) (VP (VP (VB feel) (SBAR (IN that) (S (NP-SBJ (NNP CONSUMER) (NNPS REPORTS)) (VP (VBZ does) (NP (DT a) (ADJP (RB wholly) (JJ inadequate)) (NN job)) (PP (IN in) (NP (NP (PRP$ their) (NN area)) (PP (IN of) (NP (JJ particular) (NN interest))))))))) (. .) (CC But) (, ,) (VP (VBP assume) (SBAR (IN that) (S (NP-SBJ (PRP they)) (VP (VBP do) (NP (DT a) (JJ reasonable) (NN job)) (PP (IN in) (NP (JJ other) (NNS areas)))))) (. .) (INTJ (UH Uh)) (, ,) (PP (IN without) (S-NOM (NP-SBJ (-NONE- *-6)) (VP (VBG thinking) (SBAR (IN that) (S (NP-SBJ (EX there)) (VP (VBD were) (NP-PRD (NP (NNS people)) (SBAR (EDITED (RM (-DFL- \[)) (PP-UNF (IN in)) (, ,) (IP (-DFL- \+)) (RS (-DFL- \]))) (WHNP-5 (WP who)) (S (NP-SBJ (-NONE- *T*-5)) (VP (VBP think) (SBAR (-NONE- 0) (S-UNF (NP-SBJ (NP (DT each) (JJ other) (EDITED (RM (-DFL- \[)) (NNS areas) (, ,) (IP (-DFL- \+))) (NN area)) (RS (-DFL- \])) (EDITED (RM (-DFL- \[)) (PP-UNF (IN of)) (, ,) (IP (-DFL- \+))) (PP (IN of) (RS (-DFL- \])) (NP (NN specialty)))))))))))))))))))))))))))))) (-DFL- N_S))",46,102.4,105.58000000000001
sw00utt/sw_0038_4611.utt,4/sw4611,4611,38,b^r,A,21,1,Uh-huh. /,[ Uh-huh/UH ] ./.,(INTJ (UH Uh-huh) (. .) (-DFL- E_S)),31,105.82,106.16
sw00utt/sw_0038_4611.utt,4/sw4611,4611,39,+,B,22,1,"{F Uh, } without thinking that there were people [ in, + ] who think each other [ areas, + area ] [ of, + of ] specialty - /","[ Uh/UH ] ,/, without/IN thinking/VBG that/IN  [ there/EX ] were/VBD  [ people/NNS ] in/IN ,/,  [ who/WP ] think/VBP  [ each/DT other/JJ areas/NNS ] ,/,  [ area/NN ] of/IN ,/, of/IN  [ specialty/NN ]","(S (EDITED (RM (-DFL- \[)) (EDITED (RM (-DFL- \[)) (NP-SBJ (PRP I)) (, ,) (IP (-DFL- \+))) (NP-SBJ (PRP I)) (, ,) (RS (-DFL- \])) (IP (-DFL- \+))) (NP-SBJ-1 (PRP I)) (RS (-DFL- \])) (VP (VBP like) (S (NP-SBJ (-NONE- *-1)) (VP (TO to) (VP (VB refer) (PP (IN to) (NP (DT this))) (PP (IN as) (NP (NP (ADVP (NN sort) (IN of)) (NNP CONSUMER) (NNP REPORT) (NN phenomenon)) (. .) (SBAR (WHNP-2 (WDT Which)) (S (NP-SBJ (-NONE- *T*-2)) (VP (VBZ is) (SBAR-PRD (-NONE- 0) (S (S (NP-SBJ (NP (NN everybody)) (SBAR (WHNP-3 (WDT that)) (S (NP-SBJ (PRP I)) (VP (VBP know) (NP (-NONE- *T*-3)))))) (VP (VBZ reads) (NP (NNP CONSUMER) (NNPS REPORTS)))) (RB so) (S (NP-SBJ-6 (NP (DT the) (NNS people)) (SBAR (WHNP-4 (WP who)) (S (NP-SBJ (-NONE- *T*-4)) (VP (VBP do))))) (VP (VP (VB feel) (SBAR (IN that) (S (NP-SBJ (NNP CONSUMER) (NNPS REPORTS)) (VP (VBZ does) (NP (DT a) (ADJP (RB wholly) (JJ inadequate)) (NN job)) (PP (IN in) (NP (NP (PRP$ their) (NN area)) (PP (IN of) (NP (JJ particular) (NN interest))))))))) (. .) (CC But) (, ,) (VP (VBP assume) (SBAR (IN that) (S (NP-SBJ (PRP they)) (VP (VBP do) (NP (DT a) (JJ reasonable) (NN job)) (PP (IN in) (NP (JJ other) (NNS areas)))))) (. .) (INTJ (UH Uh)) (, ,) (PP (IN without) (S-NOM (NP-SBJ (-NONE- *-6)) (VP (VBG thinking) (SBAR (IN that) (S (NP-SBJ (EX there)) (VP (VBD were) (NP-PRD (NP (NNS people)) (SBAR (EDITED (RM (-DFL- \[)) (PP-UNF (IN in)) (, ,) (IP (-DFL- \+)) (RS (-DFL- \]))) (WHNP-5 (WP who)) (S (NP-SBJ (-NONE- *T*-5)) (VP (VBP think) (SBAR (-NONE- 0) (S-UNF (NP-SBJ (NP (DT each) (JJ other) (EDITED (RM (-DFL- \[)) (NNS areas) (, ,) (IP (-DFL- \+))) (NN area)) (RS (-DFL- \])) (EDITED (RM (-DFL- \[)) (PP-UNF (IN of)) (, ,) (IP (-DFL- \+))) (PP (IN of) (RS (-DFL- \])) (NP (NN specialty)))))))))))))))))))))))))))))) (-DFL- N_S))",46,106.76,112.64
sw00utt/sw_0038_4611.utt,4/sw4611,4611,40,sv,B,22,2,"{C and, } {F uh, } I guess you could explain it two ways.  /","and/CC ,/,  [ uh/UH ] ,/,  [ I/PRP ] guess/VBP  [ you/PRP ] could/MD explain/VB  [ it/PRP ] [ two/CD ways/NNS ] ./.","(S (CC and) (, ,) (INTJ (UH uh)) (, ,) (NP-SBJ (PRP I)) (VP (VBP guess) (SBAR (-NONE- 0) (S (NP-SBJ (PRP you)) (VP (MD could) (VP (VB explain) (NP (PRP it)) (NP-MNR (CD two) (NNS ways))))))) (. .) (-DFL- E_S))",56,112.64,116.34
sw00utt/sw_0038_4611.utt,4/sw4611,4611,41,sv,B,22,3,"[ {C And, } + {C and } ] the cynical view is, <noise> {D well } these things aren't doing a very good job at all.  /","And/CC ,/, and/CC  [ the/DT cynical/JJ view/NN ] is/VBZ ,/, well/UH  [ these/DT things/NNS ] are/VBP n't/RB doing/VBG  [ a/DT very/RB good/JJ job/NN ] at/IN  [ all/DT ] ./.","(S (EDITED (RM (-DFL- \[)) (CC And) (, ,) (IP (-DFL- \+))) (CC and) (RS (-DFL- \])) (NP-SBJ (DT the) (JJ cynical) (NN view)) (VP (VBZ is) (, ,) (S-SEZ-PRD (INTJ (UH well)) (NP-SBJ (DT these) (NNS things)) (VP (VBP are) (RB n't) (VP (VBG doing) (NP (DT a) (ADJP (RB very) (JJ good)) (NN job)) (ADVP (IN at) (DT all)))))) (. .) (-DFL- E_S))",57,116.34,120.58
sw00utt/sw_0038_4611.utt,4/sw4611,4611,42,sv,B,22,4,{C And } the view that I would rather take <laughter> --,And/CC  [ the/DT view/NN ] that/IN  [ I/PRP ] would/MD rather/RB take/VB --/:,"(S (CC And) (NP-SBJ (NP (DT the) (NN view)) (SBAR (WHNP-1 (IN that)) (S (NP-SBJ (PRP I)) (VP (MD would) (ADVP (RB rather)) (VP (VB take) (NP (-NONE- *T*-1))))))) (VP (VBZ is) (SBAR-PRD (IN that) (S (NP-SBJ (EX there)) (VP (BES 's) (NP-PRD (NP (DT a) (JJ different) (NN amount)) (PP (IN of) (NP (NN information))) (SBAR (WHNP-2 (-NONE- 0)) (S (NP-SBJ (PRP you)) (VP (VBP need) (NP (-NONE- *T*-2)) (SBAR-TMP (SBAR (WHADVP-5 (WRB when)) (S (NP-SBJ-7 (PRP you)) (VP (VBP 're) (ADJP-PRD (ADJP (RB particularly) (JJ interested) (PP (IN in) (NP (DT a) (NN topic)))) (CC or) (, ,) (INTJ (UH uh)) (, ,) (ADJP (RB particularly) (JJ interested) (PP (IN in) (S-NOM (NP-SBJ (-NONE- *-7)) (VP (VBG buying) (NP (NN something)) (EDITED (RM (-DFL- \[)) (PP (IN as) (NP-UNF (DT a))) (, ,) (IP (-DFL- \+))) (PRN (S (NP-SBJ (PRP you)) (VP (VBP know)))) (PP (IN as) (NP (DT a) (RS (-DFL- \])) (NN hobbyist))))))) (ADVP-TMP (-NONE- *T*-5)))))) (IN versus) (SBAR (WHADVP-6 (WRB when)) (S (NP-SBJ-3 (PRP you)) (VP (VBP want) (S (NP-SBJ (-NONE- *-3)) (VP (TO to) (VP (VP (VB go) (ADVP-DIR (RB out))) (CC and) (VP (VB buy) (NP (DT a) (NN blender)))))) (SBAR-PRP (IN because) (S (NP-SBJ-4 (PRP you)) (VP (VBP need) (S (NP-SBJ (-NONE- *-4)) (VP (TO to) (VP (VB mix) (NP (NNS things)))))))) (ADVP-TMP (-NONE- *T*-6)))))))))))))) (. .) (-DFL- E_S))",58,121.3,123.36
sw00utt/sw_0038_4611.utt,4/sw4611,4611,43,b^r,A,23,1,Uh-huh. /,[ Uh-huh/UH ] ./.,(INTJ (UH Uh-huh) (. .) (-DFL- E_S)),31,123.5,123.72
sw00utt/sw_0038_4611.utt,4/sw4611,4611,44,+,B,24,1,"-- is that there's a different amount of information you need when you're particularly interested in a topic or, {F uh, } particularly interested in buying something [ as a, + # {D you know } # --","--/: is/VBZ that/IN  [ there/EX ] 's/BES  [ a/DT different/JJ amount/NN ] of/IN  [ information/NN ] [ you/PRP ] need/VBP when/WRB  [ you/PRP ] 're/VBP particularly/RB interested/JJ in/IN  [ a/DT topic/NN ] or/CC ,/,  [ uh/UH ] ,/, particularly/RB interested/JJ in/IN buying/VBG  [ something/NN ] as/IN  [ a/DT ] ,/,  [ you/PRP ] know/VBP --/:","(S (CC And) (NP-SBJ (NP (DT the) (NN view)) (SBAR (WHNP-1 (IN that)) (S (NP-SBJ (PRP I)) (VP (MD would) (ADVP (RB rather)) (VP (VB take) (NP (-NONE- *T*-1))))))) (VP (VBZ is) (SBAR-PRD (IN that) (S (NP-SBJ (EX there)) (VP (BES 's) (NP-PRD (NP (DT a) (JJ different) (NN amount)) (PP (IN of) (NP (NN information))) (SBAR (WHNP-2 (-NONE- 0)) (S (NP-SBJ (PRP you)) (VP (VBP need) (NP (-NONE- *T*-2)) (SBAR-TMP (SBAR (WHADVP-5 (WRB when)) (S (NP-SBJ-7 (PRP you)) (VP (VBP 're) (ADJP-PRD (ADJP (RB particularly) (JJ interested) (PP (IN in) (NP (DT a) (NN topic)))) (CC or) (, ,) (INTJ (UH uh)) (, ,) (ADJP (RB particularly) (JJ interested) (PP (IN in) (S-NOM (NP-SBJ (-NONE- *-7)) (VP (VBG buying) (NP (NN something)) (EDITED (RM (-DFL- \[)) (PP (IN as) (NP-UNF (DT a))) (, ,) (IP (-DFL- \+))) (PRN (S (NP-SBJ (PRP you)) (VP (VBP know)))) (PP (IN as) (NP (DT a) (RS (-DFL- \])) (NN hobbyist))))))) (ADVP-TMP (-NONE- *T*-5)))))) (IN versus) (SBAR (WHADVP-6 (WRB when)) (S (NP-SBJ-3 (PRP you)) (VP (VBP want) (S (NP-SBJ (-NONE- *-3)) (VP (TO to) (VP (VP (VB go) (ADVP-DIR (RB out))) (CC and) (VP (VB buy) (NP (DT a) (NN blender)))))) (SBAR-PRP (IN because) (S (NP-SBJ-4 (PRP you)) (VP (VBP need) (S (NP-SBJ (-NONE- *-4)) (VP (TO to) (VP (VB mix) (NP (NNS things)))))))) (ADVP-TMP (-NONE- *T*-6)))))))))))))) (. .) (-DFL- E_S))",58,123.72,132.18
sw00utt/sw_0038_4611.utt,4/sw4611,4611,45,b,A,25,1,# Right. # /,[ Right/UH ] ./.,(INTJ (UH Right) (. .) (-DFL- E_S)),63,132.72,132.92
sw00utt/sw_0038_4611.utt,4/sw4611,4611,46,+,B,26,1,-- as a ] hobbyist versus when you want to go out and buy a blender because you need to mix things. /,--/: as/IN  [ a/DT hobbyist/NN ] versus/IN when/WRB  [ you/PRP ] want/VBP to/TO go/VB out/RB and/CC buy/VB  [ a/DT blender/NN ] because/IN  [ you/PRP ] need/VBP to/TO mix/VB  [ things/NNS ] ./.,"(S (CC And) (NP-SBJ (NP (DT the) (NN view)) (SBAR (WHNP-1 (IN that)) (S (NP-SBJ (PRP I)) (VP (MD would) (ADVP (RB rather)) (VP (VB take) (NP (-NONE- *T*-1))))))) (VP (VBZ is) (SBAR-PRD (IN that) (S (NP-SBJ (EX there)) (VP (BES 's) (NP-PRD (NP (DT a) (JJ different) (NN amount)) (PP (IN of) (NP (NN information))) (SBAR (WHNP-2 (-NONE- 0)) (S (NP-SBJ (PRP you)) (VP (VBP need) (NP (-NONE- *T*-2)) (SBAR-TMP (SBAR (WHADVP-5 (WRB when)) (S (NP-SBJ-7 (PRP you)) (VP (VBP 're) (ADJP-PRD (ADJP (RB particularly) (JJ interested) (PP (IN in) (NP (DT a) (NN topic)))) (CC or) (, ,) (INTJ (UH uh)) (, ,) (ADJP (RB particularly) (JJ interested) (PP (IN in) (S-NOM (NP-SBJ (-NONE- *-7)) (VP (VBG buying) (NP (NN something)) (EDITED (RM (-DFL- \[)) (PP (IN as) (NP-UNF (DT a))) (, ,) (IP (-DFL- \+))) (PRN (S (NP-SBJ (PRP you)) (VP (VBP know)))) (PP (IN as) (NP (DT a) (RS (-DFL- \])) (NN hobbyist))))))) (ADVP-TMP (-NONE- *T*-5)))))) (IN versus) (SBAR (WHADVP-6 (WRB when)) (S (NP-SBJ-3 (PRP you)) (VP (VBP want) (S (NP-SBJ (-NONE- *-3)) (VP (TO to) (VP (VP (VB go) (ADVP-DIR (RB out))) (CC and) (VP (VB buy) (NP (DT a) (NN blender)))))) (SBAR-PRP (IN because) (S (NP-SBJ-4 (PRP you)) (VP (VBP need) (S (NP-SBJ (-NONE- *-4)) (VP (TO to) (VP (VB mix) (NP (NNS things)))))))) (ADVP-TMP (-NONE- *T*-6)))))))))))))) (. .) (-DFL- E_S))",58,132.92,137.29999999999998
sw00utt/sw_0038_4611.utt,4/sw4611,4611,47,b,A,27,1,# Yeah. # /,Yeah/UH ./.,(INTJ (UH Yeah) (. .) (-DFL- E_S)),66,137.82,137.98
sw00utt/sw_0038_4611.utt,4/sw4611,4611,48,sv,B,28,1,# {C And } # I think the same thing is true with news.  /,And/CC  [ I/PRP ] think/VBP  [ the/DT same/JJ thing/NN ] is/VBZ true/JJ with/IN  [ news/NN ] ./.,(S (CC And) (NP-SBJ (PRP I)) (VP (VBP think) (SBAR (-NONE- 0) (S (NP-SBJ (DT the) (JJ same) (NN thing)) (VP (VBZ is) (ADJP-PRD (JJ true)) (PP (IN with) (NP (NN news))))))) (. .) (-DFL- E_S)),68,137.98,139.70000000000002
sw00utt/sw_0038_4611.utt,4/sw4611,4611,49,sv,B,28,2,"If you want to just have an idea as to what's going on, most papers, [ a-, + and ] especially the better papers, [ the, + the ] TIMES, the WALL STREET JOURNAL, the --","If/IN  [ you/PRP ] want/VBP to/TO just/RB have/VB  [ an/DT idea/NN ] as/IN to/IN  [ what/WP ] 's/BES going/VBG on/RP ,/,  [ most/JJS papers/NNS ] ,/,  [ a-/CC ] ,/, and/CC especially/RB  [ the/DT better/JJR papers/NNS ] ,/,  [ the/DT ] ,/,  [ the/DT TIMES/NNP ] ,/,  [ the/DT WALL/NNP STREET/NNP JOURNAL/NNP ] ,/,  [ the/DT ] --/:","(S (SBAR-ADV (IN If) (S (NP-SBJ-1 (PRP you)) (VP (VBP want) (S (NP-SBJ (-NONE- *-1)) (VP (TO to) (ADVP (RB just)) (VP (VB have) (NP (NP (DT an) (NN idea)) (PP (IN as) (PP (IN to) (SBAR-NOM (WHNP-2 (WP what)) (S (NP-SBJ (-NONE- *T*-2)) (VP (BES 's) (VP (VBG going) (PRT (RP on))))))))))))))) (, ,) (NP-SBJ (NP (JJS most) (NNS papers)) (, ,) (EDITED (RM (-DFL- \[)) (CC a-) (, ,) (IP (-DFL- \+))) (CC and) (RS (-DFL- \])) (ADVP (RB especially)) (NP (NP (DT the) (JJR better) (NNS papers)) (, ,) (EDITED (RM (-DFL- \[)) (NP-UNF (DT the)) (, ,) (IP (-DFL- \+))) (NP (DT the) (RS (-DFL- \])) (NNP TIMES)) (, ,) (NP (DT the) (NNP WALL) (NNP STREET) (NNP JOURNAL)) (, ,) (NP (DT the) (NNP WASHINGTON) (NNP POST)))) (VP (VBP give) (NP (PRP you)) (NP (DT a) (JJ reasonable) (NN idea))) (. .) (-DFL- E_S))",69,139.7,147.52
sw00utt/sw_0038_4611.utt,4/sw4611,4611,50,b,A,29,1,Uh-huh. /,[ Uh-huh/UH ] ./.,(INTJ (UH Uh-huh) (. .) (-DFL- E_S)),48,147.52,147.76000000000002
sw00utt/sw_0038_4611.utt,4/sw4611,4611,51,+,B,30,1,-- WASHINGTON POST give you a reasonable idea. /,--/:  [ WASHINGTON/NNP POST/NNP ] give/VBP  [ you/PRP ] [ a/DT reasonable/JJ idea/NN ] ./.,"(S (SBAR-ADV (IN If) (S (NP-SBJ-1 (PRP you)) (VP (VBP want) (S (NP-SBJ (-NONE- *-1)) (VP (TO to) (ADVP (RB just)) (VP (VB have) (NP (NP (DT an) (NN idea)) (PP (IN as) (PP (IN to) (SBAR-NOM (WHNP-2 (WP what)) (S (NP-SBJ (-NONE- *T*-2)) (VP (BES 's) (VP (VBG going) (PRT (RP on))))))))))))))) (, ,) (NP-SBJ (NP (JJS most) (NNS papers)) (, ,) (EDITED (RM (-DFL- \[)) (CC a-) (, ,) (IP (-DFL- \+))) (CC and) (RS (-DFL- \])) (ADVP (RB especially)) (NP (NP (DT the) (JJR better) (NNS papers)) (, ,) (EDITED (RM (-DFL- \[)) (NP-UNF (DT the)) (, ,) (IP (-DFL- \+))) (NP (DT the) (RS (-DFL- \])) (NNP TIMES)) (, ,) (NP (DT the) (NNP WALL) (NNP STREET) (NNP JOURNAL)) (, ,) (NP (DT the) (NNP WASHINGTON) (NNP POST)))) (VP (VBP give) (NP (PRP you)) (NP (DT a) (JJ reasonable) (NN idea))) (. .) (-DFL- E_S))",69,148.08,149.88
sw00utt/sw_0038_4611.utt,4/sw4611,4611,52,b,A,31,1,Yeah. /,Yeah/UH ./.,(INTJ (UH Yeah) (. .) (-DFL- E_S)),66,150.26,150.45999999999998
sw00utt/sw_0038_4611.utt,4/sw4611,4611,53,sv,B,32,1,"If you were deeply involved in it, then you immediately realize that what they print is stuff that you probably knew already and the stuff that you want they're not printing because the average person # doesn't need or want to know # --","If/IN  [ you/PRP ] were/VBD deeply/RB involved/JJ in/IN  [ it/PRP ] ,/, then/RB  [ you/PRP ] immediately/RB realize/VBP that/IN  [ what/WP ] [ they/PRP ] print/VBP is/VBZ  [ stuff/NN ] that/WDT  [ you/PRP ] probably/RB knew/VBD already/RB and/CC  [ the/DT stuff/NN ] that/WDT  [ you/PRP ] want/VBP  [ they/PRP ] 're/VBP not/RB printing/VBG because/IN  [ the/DT average/JJ person/NN ] does/VBZ n't/RB need/VB or/CC want/VB to/TO know/VB --/:","(S (SBAR-ADV (IN If) (S (NP-SBJ (PRP you)) (VP (VBD were) (ADJP-PRD (RB deeply) (JJ involved) (PP (IN in) (NP (PRP it))))))) (, ,) (ADVP (RB then)) (NP-SBJ (PRP you)) (ADVP-TMP (RB immediately)) (VP (VBP realize) (SBAR (IN that) (S (S (SBAR-NOM-SBJ (WHNP-1 (WP what)) (S (NP-SBJ (PRP they)) (VP (VBP print) (NP (-NONE- *T*-1))))) (VP (VBZ is) (NP-PRD (NP (NN stuff)) (SBAR (WHNP-5 (WDT that)) (S (NP-SBJ (PRP you)) (ADVP (RB probably)) (VP (VBD knew) (NP (-NONE- *T*-5)) (ADVP-TMP (RB already)))))))) (CC and) (S (NP-TPC-4 (NP (DT the) (NN stuff)) (SBAR (WHNP-2 (WDT that)) (S (NP-SBJ (PRP you)) (VP (VBP want) (NP (-NONE- *T*-2)))))) (NP-SBJ (PRP they)) (VP (VBP 're) (RB not) (VP (VBG printing) (NP (-NONE- *T*-4)) (SBAR-PRP (IN because) (S (NP-SBJ-3 (DT the) (JJ average) (NN person)) (VP (VBZ does) (RB n't) (VP (VB need) (CC or) (VB want) (S (NP-SBJ (-NONE- *-3)) (VP (TO to) (VP (VB know) (NP (RB that) (JJ much))))))))))))))) (. .) (-DFL- E_S))",76,150.46,163.0
sw00utt/sw_0038_4611.utt,4/sw4611,4611,54,b,A,33,1,# Right.  /,[ Right/UH ] ./.,(INTJ (UH Right) (. .) (-DFL- E_S)),63,0.0,0.0
sw00utt/sw_0038_4611.utt,4/sw4611,4611,55,%,A,33,2,"Doesn't want, # -/","Does/VBZ n't/RB want/VB ,/,","(S (NP-SBJ (-NONE- *)) (VP (VBZ Does) (RB n't) (VP-UNF (VB want))) (, ,) (-DFL- N_S))",79,0.0,0.0
sw00utt/sw_0038_4611.utt,4/sw4611,4611,56,+,B,34,1,-- that much. /,--/: that/RB  [ much/JJ ] ./.,"(S (SBAR-ADV (IN If) (S (NP-SBJ (PRP you)) (VP (VBD were) (ADJP-PRD (RB deeply) (JJ involved) (PP (IN in) (NP (PRP it))))))) (, ,) (ADVP (RB then)) (NP-SBJ (PRP you)) (ADVP-TMP (RB immediately)) (VP (VBP realize) (SBAR (IN that) (S (S (SBAR-NOM-SBJ (WHNP-1 (WP what)) (S (NP-SBJ (PRP they)) (VP (VBP print) (NP (-NONE- *T*-1))))) (VP (VBZ is) (NP-PRD (NP (NN stuff)) (SBAR (WHNP-5 (WDT that)) (S (NP-SBJ (PRP you)) (ADVP (RB probably)) (VP (VBD knew) (NP (-NONE- *T*-5)) (ADVP-TMP (RB already)))))))) (CC and) (S (NP-TPC-4 (NP (DT the) (NN stuff)) (SBAR (WHNP-2 (WDT that)) (S (NP-SBJ (PRP you)) (VP (VBP want) (NP (-NONE- *T*-2)))))) (NP-SBJ (PRP they)) (VP (VBP 're) (RB not) (VP (VBG printing) (NP (-NONE- *T*-4)) (SBAR-PRP (IN because) (S (NP-SBJ-3 (DT the) (JJ average) (NN person)) (VP (VBZ does) (RB n't) (VP (VB need) (CC or) (VB want) (S (NP-SBJ (-NONE- *-3)) (VP (TO to) (VP (VB know) (NP (RB that) (JJ much))))))))))))))) (. .) (-DFL- E_S))",76,163.0,163.4
sw00utt/sw_0038_4611.utt,4/sw4611,4611,57,co,A,35,1,"Let me ask, by the way, just for the record.  /","Let/VB  [ me/PRP ] ask/VB ,/, by/IN  [ the/DT way/NN ] ,/, just/RB for/IN  [ the/DT record/NN ] ./.","(S-IMP (NP-SBJ (-NONE- *)) (VP (VB Let) (S (NP-SBJ (PRP me)) (VP-UNF (VB ask) (, ,) (PP (IN by) (NP (DT the) (NN way))) (, ,) (PP (ADVP (RB just)) (IN for) (NP (DT the) (NN record)))))) (. .) (-DFL- E_S))",82,163.96,165.45999999999998
sw00utt/sw_0038_4611.utt,4/sw4611,4611,58,sd,A,35,2,"[ [ I, + I'm, ] + I ] totally concede that intelligent people read these things and intelligent people write them.  /","[ I/PRP ] ,/,  [ I/PRP ] 'm/VBP ,/,  [ I/PRP ] totally/RB concede/VBP that/IN  [ intelligent/JJ people/NNS ] read/VBP  [ these/DT things/NNS ] and/CC  [ intelligent/JJ people/NNS ] write/VBP  [ them/PRP ] ./.","(S (EDITED (RM (-DFL- \[)) (EDITED (RM (-DFL- \[)) (NP-SBJ (PRP I)) (, ,) (IP (-DFL- \+))) (S (NP-SBJ (PRP I)) (VP-UNF (VBP 'm))) (, ,) (RS (-DFL- \])) (IP (-DFL- \+))) (NP-SBJ (PRP I)) (RS (-DFL- \])) (ADVP (RB totally)) (VP (VBP concede) (SBAR (IN that) (S (S (NP-SBJ (JJ intelligent) (NNS people)) (VP (VBP read) (NP (DT these) (NNS things)))) (CC and) (S (NP-SBJ (JJ intelligent) (NNS people)) (VP (VBP write) (NP (PRP them))))))) (. .) (-DFL- E_S))",83,165.46,169.82
sw00utt/sw_0038_4611.utt,4/sw4611,4611,59,sv,A,35,3,"{D So, } {E I mean, } I'm not being elitist in that sense, I hope. {F Uh, } /","So/RB ,/,  [ I/PRP ] mean/VBP ,/,  [ I/PRP ] 'm/VBP not/RB being/VBG  [ elitist/JJ ] in/IN  [ that/DT sense/NN ] ,/,  [ I/PRP ] hope/VBP ./.  [ Uh/UH ] ,/,","(S (INTJ (UH So)) (PRN (, ,) (S (NP-SBJ (PRP I)) (VP (VBP mean))) (, ,)) (S-TPC-1 (NP-SBJ (PRP I)) (VP (VBP 'm) (RB not) (VP (VBG being) (ADJP-PRD (JJ elitist)) (PP (IN in) (NP (DT that) (NN sense)))))) (, ,) (NP-SBJ (PRP I)) (VP (VBP hope) (SBAR (-NONE- 0) (S (-NONE- *T*-1))) (. .) (INTJ (UH Uh))) (, ,) (-DFL- E_S))",84,170.6,174.46
sw00utt/sw_0038_4611.utt,4/sw4611,4611,60,sv,B,36,1,"{D Well, } {E I mean, } [ there's, + there's ] a reasonable question as to whether it's worth the amount of time it takes <laughter> to keep up on things <noise>. /","Well/UH ,/,  [ I/PRP ] mean/VBP ,/,  [ there/EX ] 's/BES ,/,  [ there/EX ] 's/BES  [ a/DT reasonable/JJ question/NN ] as/IN to/IN whether/IN  [ it/PRP ] 's/BES worth/JJ  [ the/DT amount/NN ] of/IN  [ time/NN ] [ it/PRP ] takes/VBZ to/TO keep/VB up/RP on/IN  [ things/NNS ] ./.","(S (INTJ (UH Well)) (PRN (, ,) (S (NP-SBJ (PRP I)) (VP (VBP mean))) (, ,)) (EDITED (RM (-DFL- \[)) (S (NP-SBJ (EX there)) (VP-UNF (BES 's))) (, ,) (IP (-DFL- \+))) (NP-SBJ (EX there)) (VP (BES 's) (RS (-DFL- \])) (NP-PRD (NP (DT a) (JJ reasonable) (NN question)) (PP (IN as) (PP (IN to) (SBAR (IN whether) (S (NP-SBJ (PRP it)) (VP (BES 's) (ADJP-PRD (JJ worth) (NP (NP (DT the) (NN amount)) (PP (IN of) (NP (NP (NN time)) (SBAR (WHNP-1 (-NONE- 0)) (S (NP-SBJ (PRP it)) (VP (VBZ takes) (NP (-NONE- *T*-1)) (S-PRP (NP-SBJ (-NONE- *)) (VP (TO to) (VP (VB keep) (PP (RP up) (PP (IN on) (NP (NNS things))))))))))))))))))))) (. .) (-DFL- E_S))",86,174.46,182.48
sw00utt/sw_0038_4611.utt,4/sw4611,4611,61,b,A,37,1,Yeah.  /,Yeah/UH ./.,(INTJ (UH Yeah) (. .) (-DFL- E_S)),66,182.6,182.9
sw00utt/sw_0038_4611.utt,4/sw4611,4611,62,%,A,37,2,"# What, # -/","[ What/WP ] ,/,","(SBARQ-UNF (WHNP (WP What)) (, ,) (-DFL- N_S))",89,0.0,0.0
sw00utt/sw_0038_4611.utt,4/sw4611,4611,63,sv,B,38,1,# {C And } # most people think it is  /,And/CC  [ most/JJS people/NNS ] think/VBP  [ it/PRP ] is/VBZ,(S (CC And) (NP-SBJ (JJS most) (NNS people)) (VP (VBP think) (SBAR (-NONE- 0) (S (NP-SBJ (PRP it)) (VP (VBZ is) (ADJP-PRD (-NONE- *?*)))))) (-DFL- E_S)),91,183.24,185.0
sw00utt/sw_0038_4611.utt,4/sw4611,4611,64,sd,B,38,2,"{C and } [ I can, + I can, ] {D you know, } accept that some people think it's not # and can find better ways to use it. # /","and/CC  [ I/PRP ] can/MD ,/,  [ I/PRP ] can/MD ,/,  [ you/PRP ] know/VBP ,/, accept/VB that/IN  [ some/DT people/NNS ] think/VBP  [ it/PRP ] 's/BES not/RB and/CC can/MD find/VB  [ better/JJR ways/NNS ] to/TO use/VB  [ it/PRP ] ./.","(S (CC and) (EDITED (RM (-DFL- \[)) (S (NP-SBJ (PRP I)) (VP-UNF (MD can))) (, ,) (IP (-DFL- \+))) (NP-SBJ (PRP I)) (VP (MD can) (, ,) (RS (-DFL- \])) (PRN (S (NP-SBJ (PRP you)) (VP (VBP know))) (, ,)) (VP (VB accept) (SBAR (IN that) (S (NP-SBJ (DT some) (NNS people)) (VP (VP (VBP think) (SBAR (-NONE- 0) (S (NP-SBJ (PRP it)) (VP (BES 's) (RB not) (ADJP-PRD (-NONE- *?*)))))) (CC and) (VP (MD can) (VP (VB find) (NP (NP (JJR better) (NNS ways)) (SBAR (WHADVP-1 (-NONE- 0)) (S (NP-SBJ (-NONE- *)) (VP (TO to) (VP (VB use) (NP (PRP it)) (ADVP-MNR (-NONE- *T*-1)))))))))))))) (. .) (-DFL- E_S))",92,185.0,188.26000000000002
sw00utt/sw_0038_4611.utt,4/sw4611,4611,65,b,A,39,1,# Yeah.  /,Yeah/UH ./.,(INTJ (UH Yeah) (. .) (-DFL- E_S)),66,188.52,188.8
sw00utt/sw_0038_4611.utt,4/sw4611,4611,66,sd,A,39,2,"By the way when you # say most people think it is,  /","By/IN  [ the/DT way/NN ] when/WRB  [ you/PRP ] say/VBP  [ most/JJS people/NNS ] think/VBP  [ it/PRP ] is/VBZ ,/,","(S (PP (IN By) (NP (DT the) (NN way))) (SBAR-TMP (WHADVP-1 (WRB when)) (S (NP-SBJ (PRP you)) (VP (VBP say) (SBAR (-NONE- 0) (S (NP-SBJ (JJS most) (NNS people)) (VP (VBP think) (SBAR (-NONE- 0) (S (NP-SBJ (PRP it)) (VP (VBZ is) (ADJP-PRD (-NONE- *?*)))))))) (ADVP-TMP (-NONE- *T*-1))))) (, ,) (-DFL- E_S) (NP-SBJ (PRP I)) (VP (VBP think) (SBAR (-NONE- 0) (S (NP-SBJ (PRP it)) (VP (BES 's) (SBAR-PRD (IN like) (S (NP-SBJ (QP (CD ninety-nine) (NN point) (CD ninety-nine)) (NAC (-NONE- *ICH*-2))) (VP (VBP think) (SBAR (-NONE- 0) (S (NP-SBJ (PRP it)) (VP (VBZ is) (ADJP-PRD (-NONE- *?*))))) (, ,) (NAC-2 (NN percent))))))))) (. .) (-DFL- E_S))",95,188.8,190.73999999999998
sw00utt/sw_0038_4611.utt,4/sw4611,4611,67,sv,A,39,3,"I think it's like ninety-nine point ninety-nine think it is, # percent. # /","[ I/PRP ] think/VBP  [ it/PRP ] 's/BES like/IN  [ ninety-nine/CD point/NN ninety-nine/CD ] think/VBP  [ it/PRP ] is/VBZ ,/,  [ percent/NN ] ./.","(S (PP (IN By) (NP (DT the) (NN way))) (SBAR-TMP (WHADVP-1 (WRB when)) (S (NP-SBJ (PRP you)) (VP (VBP say) (SBAR (-NONE- 0) (S (NP-SBJ (JJS most) (NNS people)) (VP (VBP think) (SBAR (-NONE- 0) (S (NP-SBJ (PRP it)) (VP (VBZ is) (ADJP-PRD (-NONE- *?*)))))))) (ADVP-TMP (-NONE- *T*-1))))) (, ,) (-DFL- E_S) (NP-SBJ (PRP I)) (VP (VBP think) (SBAR (-NONE- 0) (S (NP-SBJ (PRP it)) (VP (BES 's) (SBAR-PRD (IN like) (S (NP-SBJ (QP (CD ninety-nine) (NN point) (CD ninety-nine)) (NAC (-NONE- *ICH*-2))) (VP (VBP think) (SBAR (-NONE- 0) (S (NP-SBJ (PRP it)) (VP (VBZ is) (ADJP-PRD (-NONE- *?*))))) (, ,) (NAC-2 (NN percent))))))))) (. .) (-DFL- E_S))",95,190.98,194.04
sw00utt/sw_0038_4611.utt,4/sw4611,4611,68,ar,B,40,1,# I don't # think it's that high. /,[ I/PRP ] do/VBP n't/RB think/VB  [ it/PRP ] 's/BES that/RB high/JJ ./.,(S (NP-SBJ (PRP I)) (VP (VBP do) (RB n't) (VP (VB think) (SBAR (-NONE- 0) (S (NP-SBJ (PRP it)) (VP (BES 's) (ADJP-PRD (RB that) (JJ high))))))) (. .) (-DFL- E_S)),97,194.28,195.42
sw00utt/sw_0038_4611.utt,4/sw4611,4611,69,qy^d,A,41,1,"{F Oh, } # you don't? # /","Oh/UH ,/,  [ you/PRP ] do/VBP n't/RB ?/.","(S (INTJ (UH Oh)) (, ,) (NP-SBJ (PRP you)) (VP (VBP do) (RB n't)) (. ?) (-DFL- E_S))",99,0.0,0.0
sw00utt/sw_0038_4611.utt,4/sw4611,4611,70,sd,B,42,1,# I know # a lot of people who may <clicking> watch the T V news in the evening but don't spend the time to actually read a newspaper. /,[ I/PRP ] know/VBP  [ a/DT lot/NN ] of/IN  [ people/NNS ] [ who/WP ] may/MD watch/VB  [ the/DT T/NN V/NN news/NN ] in/IN  [ the/DT evening/NN ] but/CC do/VBP n't/RB spend/VB  [ the/DT time/NN ] to/TO actually/RB read/VB  [ a/DT newspaper/NN ] ./.,(S (NP-SBJ (PRP I)) (VP (VBP know) (NP (NP (DT a) (NN lot)) (PP (IN of) (NP (NP (NNS people)) (SBAR (WHNP-1 (WP who)) (S (NP-SBJ-2 (-NONE- *T*-1)) (VP (VP (MD may) (VP (VB watch) (NP (DT the) (NN T) (NN V) (NN news)) (PP-TMP (IN in) (NP (DT the) (NN evening))))) (CC but) (VP (VBP do) (RB n't) (VP (VB spend) (NP (DT the) (NN time)) (S-PRP (NP-SBJ (-NONE- *-2)) (VP (TO to) (ADVP (RB actually)) (VP (VB read) (NP (DT a) (NN newspaper)))))))))))))) (. .) (-DFL- E_S)),101,195.64,201.7
sw00utt/sw_0038_4611.utt,4/sw4611,4611,71,b,A,43,1,Right. /,[ Right/UH ] ./.,(INTJ (UH Right) (. .) (-DFL- E_S)),78,202.4,202.6
sw00utt/sw_0038_4611.utt,4/sw4611,4611,72,sv(^q),B,44,1,"{C And } I think they're saying {D well } if something's really important, I'll at least find out that it happened. /","And/CC  [ I/PRP ] think/VBP  [ they/PRP ] 're/VBP saying/VBG well/UH if/IN  [ something/NN ] 's/BES really/RB  [ important/JJ ] ,/,  [ I/PRP ] 'll/MD at/IN  [ least/JJS ] find/VB out/RP that/IN  [ it/PRP ] happened/VBD ./.","(S (CC And) (NP-SBJ (PRP I)) (VP (VBP think) (SBAR (-NONE- 0) (S (NP-SBJ (PRP they)) (VP (VBP 're) (VP (VBG saying) (S-SEZ (INTJ (UH well)) (SBAR-ADV (IN if) (S (NP-SBJ (NN something)) (VP (BES 's) (ADJP-PRD (RB really) (JJ important))))) (, ,) (NP-SBJ (PRP I)) (VP (MD 'll) (ADVP (IN at) (JJS least)) (VP (VB find) (PRT (RP out)) (SBAR (IN that) (S (NP-SBJ (PRP it)) (VP (VBD happened)))))))))))) (. .) (-DFL- E_S))",105,202.72,208.76000000000002
sw00utt/sw_0038_4611.utt,4/sw4611,4611,73,b,A,45,1,Yeah. /,Yeah/UH ./.,(INTJ (UH Yeah) (. .) (-DFL- E_S)),88,209.1,209.32
sw00utt/sw_0038_4611.utt,4/sw4611,4611,74,sv,B,46,1,"[ {C And, } + {C and } ] [ that's a, + that's, is a ] reasonable start  /","And/CC ,/, and/CC  [ that/DT ] 's/BES  [ a/DT ] ,/,  [ that/DT ] 's/BES ,/, is/VBZ  [ a/DT reasonable/JJ start/NN ]","(S (EDITED (RM (-DFL- \[)) (CC And) (, ,) (IP (-DFL- \+))) (CC and) (RS (-DFL- \])) (EDITED (RM (-DFL- \[)) (S (NP-SBJ (DT that)) (VP (BES 's) (NP-PRD-UNF (DT a)))) (, ,) (IP (-DFL- \+))) (NP-SBJ (DT that)) (X (BES 's)) (, ,) (VP (VBZ is) (NP-PRD (DT a) (RS (-DFL- \])) (JJ reasonable) (NN start))) (-DFL- E_S))",109,209.64,212.76000000000002
sw00utt/sw_0038_4611.utt,4/sw4611,4611,75,sd,B,46,2,{C and } for awhile I didn't read a newspaper when I came out here because I didn't find one that I liked.  /,and/CC for/IN awhile/RB  [ I/PRP ] did/VBD n't/RB read/VB  [ a/DT newspaper/NN ] when/WRB  [ I/PRP ] came/VBD out/IN here/RB because/IN  [ I/PRP ] did/VBD n't/RB find/VB  [ one/NN ] that/WDT  [ I/PRP ] liked/VBD ./.,(S (CC and) (PP-TMP (IN for) (NP (TYPO (RB awhile)))) (NP-SBJ (PRP I)) (VP (VBD did) (RB n't) (VP (VB read) (NP (DT a) (NN newspaper)) (SBAR-TMP (WHADVP-2 (WRB when)) (S (NP-SBJ (PRP I)) (VP (VBD came) (PP-DIR (IN out) (ADVP (RB here))) (ADVP-TMP (-NONE- *T*-2))))) (SBAR-PRP (IN because) (S (NP-SBJ (PRP I)) (VP (VBD did) (RB n't) (VP (VB find) (NP (NP (NN one)) (SBAR (WHNP-1 (WDT that)) (S (NP-SBJ (PRP I)) (VP (VBD liked) (NP (-NONE- *T*-1)))))))))))) (. .) (-DFL- E_S)),110,212.78,218.54
sw00utt/sw_0038_4611.utt,4/sw4611,4611,76,sd,B,46,3,"{F Uh, } {C and } if something important happened, it was covered on T V  /","[ Uh/UH ] ,/, and/CC if/IN  [ something/NN ] [ important/JJ ] happened/VBD ,/,  [ it/PRP ] was/VBD covered/VBN on/IN  [ T/NN V/NN ]","(S (INTJ (UH Uh)) (, ,) (CC and) (SBAR-ADV (IN if) (S (NP-SBJ (NP (NN something)) (ADJP (JJ important))) (VP (VBD happened)))) (, ,) (NP-SBJ-1 (PRP it)) (VP (VBD was) (VP (VBN covered) (NP (-NONE- *-1)) (PP (IN on) (NP (NN T) (NN V))))) (-DFL- E_S))",111,218.54,222.4
sw00utt/sw_0038_4611.utt,4/sw4611,4611,77,sd,B,46,4,"{C and } I could then go [ and, + and ] pick up newspapers [ if, + if ] it were important enough to read about. /","and/CC  [ I/PRP ] could/MD then/RB go/VB and/CC ,/, and/CC pick/VB up/RP  [ newspapers/NNS ] if/IN ,/, if/IN  [ it/PRP ] were/VBD important/JJ enough/RB to/TO read/VB about/IN ./.","(S (CC and) (NP-SBJ (PRP I)) (VP (MD could) (ADVP-TMP (RB then)) (VP (VP (VB go)) (EDITED (RM (-DFL- \[)) (CC and) (, ,) (IP (-DFL- \+))) (CC and) (RS (-DFL- \])) (VP (VB pick) (PRT (RP up)) (NP (NNS newspapers))) (SBAR-ADV (EDITED (RM (-DFL- \[)) (SBAR-ADV-UNF (IN if)) (, ,) (IP (-DFL- \+))) (IN if) (RS (-DFL- \])) (S (NP-SBJ (PRP it)) (VP (VBD were) (ADJP-PRD (JJ important) (RB enough) (SBAR (WHNP-1 (-NONE- 0)) (S (NP-SBJ (-NONE- *)) (VP (TO to) (VP (VB read) (PP (IN about) (NP (-NONE- *T*-1))))))))))))) (. .) (-DFL- E_S))",112,222.4,226.6
sw00utt/sw_0038_4611.utt,4/sw4611,4611,78,b,A,47,1,Uh-huh. /,[ Uh-huh/UH ] ./.,(INTJ (UH Uh-huh) (. .) (-DFL- E_S)),114,226.88,227.16
sw00utt/sw_0038_4611.utt,4/sw4611,4611,79,sv,B,48,1,"{C And } I imagine you get the same level of (( )) something that you cared about happened, you'd find out from friends or other channels <laughter>. /","And/CC  [ I/PRP ] imagine/VBP  [ you/PRP ] get/VBP  [ the/DT same/JJ level/NN ] of/IN  [ MUMBLEx/XX ] [ something/NN ] that/WDT  [ you/PRP ] cared/VBD about/IN happened/VBD ,/,  [ you/PRP ] 'd/MD find/VB out/RP from/IN  [ friends/NNS ] or/CC  [ other/JJ channels/NNS ] ./.","(S (CC And) (NP-SBJ (PRP I)) (VP (VBP imagine) (SBAR (-NONE- 0) (S (NP-SBJ (PRP you)) (VP (VBP get) (NP (NP (DT the) (JJ same) (NN level)) (PP-UNF (IN of) (X (XX MUMBLEx)))))))))|||(S (S-ADV (NP-SBJ (NP (NN something)) (SBAR (WHNP-1 (WDT that)) (S (NP-SBJ (PRP you)) (VP (VBD cared) (PP (IN about) (NP (-NONE- *T*-1))))))) (VP (VBD happened))) (, ,) (NP-SBJ (PRP you)) (VP (MD 'd) (VP (VB find) (PRT (RP out)) (PP (IN from) (NP (NP (NNS friends)) (CC or) (NP (JJ other) (NNS channels)))))) (. .) (-DFL- E_S))",116|||117,227.54,234.88
sw00utt/sw_0038_4611.utt,4/sw4611,4611,80,b,A,49,1,Yeah.  /,Yeah/UH ./.,(INTJ (UH Yeah) (. .) (-DFL- E_S)),88,235.24,235.46
sw00utt/sw_0038_4611.utt,4/sw4611,4611,81,sd,A,49,2,"{F Uh, } I did, on [ the, + {F uh, } <lipsmack> the ] Supreme Court hearings, [ ar-, + ] [ the, + ] for, {F uh, } {F uh, } the whole business of, {F uh, } - /","[ Uh/UH ] ,/,  [ I/PRP ] did/VBD ,/, on/IN  [ the/DT ] ,/,  [ uh/UH ] ,/,  [ the/DT Supreme/NNP Court/NNP hearings/NNS ] ,/,  [ ar-/XX ] ,/,  [ the/DT ] ,/, for/IN ,/,  [ uh/UH ] ,/,  [ uh/UH ] ,/,  [ the/DT whole/JJ business/NN ] of/IN ,/,  [ uh/UH ] ,/,","(S (INTJ (UH Uh)) (, ,) (NP-SBJ (PRP I)) (VP (VBD did) (, ,) (PP (IN on) (EDITED (RM (-DFL- \[)) (NP-UNF (DT the)) (, ,) (IP (-DFL- \+))) (INTJ (UH uh)) (, ,) (NP (DT the) (RS (-DFL- \])) (NNP Supreme) (NNP Court) (NNS hearings))) (, ,) (EDITED (RM (-DFL- \[)) (X (XX ar-)) (, ,) (IP (-DFL- \+))) (EDITED (RS (-DFL- \])) (RM (-DFL- \[)) (NP-UNF (DT the)) (, ,) (IP (-DFL- \+)) (RS (-DFL- \]))) (PP (IN for) (, ,) (INTJ (UH uh)) (, ,) (INTJ (UH uh)) (, ,) (NP (NP (DT the) (JJ whole) (NN business)) (PP-UNF (IN of) (, ,) (INTJ (UH uh)))))) (, ,) (-DFL- N_S))",120,235.46,245.74
sw00utt/sw_0038_4611.utt,4/sw4611,4611,82,%,A,49,3,"{D see } I actually # have [ a, + a, ] # -/","see/UH  [ I/PRP ] actually/RB have/VBP  [ a/DT ] ,/,  [ a/DT ] ,/,","(S (INTJ (UH see)) (NP-SBJ (PRP I)) (ADVP (RB actually)) (VP (VBP have) (EDITED (RM (-DFL- \[)) (NP-UNF (DT a)) (, ,) (IP (-DFL- \+))) (NP-UNF (DT a)) (, ,) (RS (-DFL- \]))) (-DFL- N_S))",121,246.56,247.42
sw00utt/sw_0038_4611.utt,4/sw4611,4611,83,bf,B,50,1,"# Clarence Thomas #  or, -/","[ Clarence/NNP Thomas/NNP ] or/CC ,/,","(NP-UNF (NP (NNP Clarence) (NNP Thomas)) (CC or) (, ,) (-DFL- N_S))",123,247.42,248.4
sw00utt/sw_0038_4611.utt,4/sw4611,4611,84,aa,A,51,1,"Yeah,  /","[ Yeah/UH ] ,/,","(INTJ (UH Yeah) (, ,) (-DFL- E_S))",125,248.5,248.7
sw00utt/sw_0038_4611.utt,4/sw4611,4611,85,sd,A,51,2,the Thomas and Anita Hill business. /,[ the/DT Thomas/NNP ] and/CC  [ Anita/NNP Hill/NNP business/NN ] ./.,(NP (DT the) (NNP Thomas) (CC and) (NNP Anita) (NNP Hill) (NN business) (. .) (-DFL- E_S)),126,248.78,249.98
sw00utt/sw_0038_4611.utt,4/sw4611,4611,86,b,B,52,1,Right. /,[ Right/UH ] ./.,(INTJ (UH Right) (. .) (-DFL- E_S)),103,250.26,250.51999999999998
sw00utt/sw_0038_4611.utt,4/sw4611,4611,87,sd,A,53,1,"{E [ I, +  I ] mean } [ that's, + that's ] the closest thing.  /","[ I/PRP ] ,/,  [ I/PRP ] mean/VBP  [ that/DT ] 's/BES ,/,  [ that/DT ] 's/BES  [ the/DT closest/JJS thing/NN ] ./.","(S (PRN (S (EDITED (RM (-DFL- \[)) (NP-SBJ (PRP I)) (, ,) (IP (-DFL- \+))) (NP-SBJ (PRP I)) (RS (-DFL- \])) (VP (VBP mean)))) (EDITED (RM (-DFL- \[)) (S (NP-SBJ (DT that)) (VP-UNF (BES 's))) (, ,) (IP (-DFL- \+))) (NP-SBJ (DT that)) (VP (BES 's) (RS (-DFL- \])) (NP-PRD (DT the) (JJS closest) (NN thing))) (. .) (-DFL- E_S))",130,251.1,253.62
sw00utt/sw_0038_4611.utt,4/sw4611,4611,88,sd,A,53,2,I deeply cared about that. /,[ I/PRP ] deeply/RB cared/VBD about/IN  [ that/DT ] ./.,(S (NP-SBJ (PRP I)) (ADVP-MNR (RB deeply)) (VP (VBD cared) (PP (IN about) (NP (DT that)))) (. .) (-DFL- E_S)),131,253.84,255.16
sw00utt/sw_0038_4611.utt,4/sw4611,4611,89,b,B,54,1,Uh-huh. /,[ Uh-huh/UH ] ./.,(INTJ (UH Uh-huh) (. .) (-DFL- E_S)),114,255.58,255.84
sw00utt/sw_0038_4611.utt,4/sw4611,4611,90,sd,A,55,1,"{F Uh, } {C and } I sort of had planned to have dinner with a friend of mine  /","[ Uh/UH ] ,/, and/CC  [ I/PRP ] sort/RB of/RB had/VBD planned/VBN to/TO have/VB  [ dinner/NN ] with/IN  [ a/DT friend/NN ] of/IN  [ mine/PRP ]","(S (INTJ (UH Uh)) (, ,) (CC and) (NP-SBJ-1 (PRP I)) (ADVP (RB sort) (RB of)) (VP (VBD had) (VP (VBN planned) (S (NP-SBJ (-NONE- *-1)) (VP (TO to) (VP (VB have) (NP (NN dinner)) (PP (IN with) (NP (NP (DT a) (NN friend)) (PP (IN of) (NP (PRP mine)))))))))) (-DFL- E_S))",135,255.84,260.21999999999997
sw00utt/sw_0038_4611.utt,4/sw4611,4611,91,sd,A,55,2,"{C and } when I arrived at her house, she was engrossed in that.  /","and/CC when/WRB  [ I/PRP ] arrived/VBD at/IN  [ her/PRP ] [ house/NN ] ,/,  [ she/PRP ] was/VBD engrossed/JJ in/IN  [ that/DT ] ./.","(S (CC and) (SBAR-TMP (WHADVP-1 (WRB when)) (S (NP-SBJ (PRP I)) (VP (VBD arrived) (PP-LOC (IN at) (NP (PRP her) (NN house))) (ADVP-TMP (-NONE- *T*-1))))) (, ,) (NP-SBJ (PRP she)) (VP (VBD was) (ADJP-PRD (JJ engrossed) (PP (IN in) (NP (DT that))))) (. .) (-DFL- E_S))",136,260.68,263.5
sw00utt/sw_0038_4611.utt,4/sw4611,4611,92,sd,A,55,3,"We ended up watching it for a couple of hours.  Zooming out and grabbing something to eat and then zooming back and [ ea-, + watching ] it some more.  /","[ We/PRP ] ended/VBD up/RP watching/VBG  [ it/PRP ] for/IN  [ a/DT couple/NN ] of/IN  [ hours/NNS ] ./.  Zooming/VBG out/RB and/CC grabbing/VBG  [ something/NN ] to/TO eat/VB and/CC then/RB zooming/VBG  [ back/RB ] and/CC  [ ea-/XX ] ,/, watching/VBG  [ it/PRP ] [ some/DT more/JJR ] ./.","(S (NP-SBJ-2 (PRP We)) (VP (VBD ended) (PRT (RP up)) (S (NP-SBJ (-NONE- *-2)) (VP (VP (VBG watching) (NP (PRP it)) (PP-TMP (IN for) (NP (NP (DT a) (NN couple)) (PP (IN of) (NP (NNS hours)))))) (. .) (VP (VP (VBG Zooming) (ADVP-DIR (RB out))) (CC and) (VP (VBG grabbing) (NP (NP (NN something)) (SBAR (WHNP-1 (-NONE- 0)) (S (NP-SBJ (-NONE- *)) (VP (TO to) (VP (VB eat) (NP (-NONE- *T*-1))))))))) (CONJP (CC and) (RB then)) (VP (VP (VBG zooming) (ADVP-DIR (RB back))) (CC and) (EDITED (RM (-DFL- \[)) (VP-UNF (XX ea-)) (, ,) (IP (-DFL- \+))) (VP (VBG watching) (RS (-DFL- \])) (NP (PRP it)) (ADVP (DT some) (JJR more))))))) (. .) (-DFL- E_S))",137,263.5,270.02
sw00utt/sw_0038_4611.utt,4/sw4611,4611,93,sd,A,55,4,{C And } I thought that was terrific because she actually helped me understand what was going on.  /,And/CC  [ I/PRP ] thought/VBD  [ that/DT ] was/VBD terrific/JJ because/IN  [ she/PRP ] actually/RB helped/VBD  [ me/PRP ] understand/VB  [ what/WP ] was/VBD going/VBG on/RP ./.,(S (CC And) (NP-SBJ (PRP I)) (VP (VBD thought) (SBAR (-NONE- 0) (S (NP-SBJ (DT that)) (VP (VBD was) (ADJP-PRD (JJ terrific))))) (SBAR-PRP (IN because) (S (NP-SBJ (PRP she)) (ADVP (RB actually)) (VP (VBD helped) (S (NP-SBJ (PRP me)) (VP (VB understand) (SBAR (WHNP-1 (WP what)) (S (NP-SBJ (-NONE- *T*-1)) (VP (VBD was) (VP (VBG going) (PRT (RP on)))))))))))) (. .) (-DFL- E_S)),138,270.02,272.98
sw00utt/sw_0038_4611.utt,4/sw4611,4611,94,sd,A,55,5,"{C But } even then, I didn't end up doing it on my own.  {F Uh, } {F uh, } /","But/CC even/RB then/RB ,/,  [ I/PRP ] did/VBD n't/RB  [ end/VB ] up/RP doing/VBG  [ it/PRP ] on/IN  [ my/PRP$ own/JJ ] ./.  [ Uh/UH ] ,/,  [ uh/UH ] ,/,","(S (CC But) (ADVP-TMP (RB even) (RB then)) (, ,) (NP-SBJ-1 (PRP I)) (VP (VBD did) (RB n't) (VP (VB end) (PRT (RP up)) (S (NP-SBJ (-NONE- *-1)) (VP (VBG doing) (NP (PRP it)) (PP (IN on) (NP (PRP$ my) (JJ own))) (. .) (INTJ (UH Uh)) (, ,) (INTJ (UH uh)))))) (, ,) (-DFL- E_S))",139,272.98,278.86
sw00utt/sw_0038_4611.utt,4/sw4611,4611,95,b,B,56,1,Yeah.  /,Yeah/UH ./.,(INTJ (UH Yeah) (. .) (-DFL- E_S)),107,278.86,279.0
sw00utt/sw_0038_4611.utt,4/sw4611,4611,96,sd,B,56,2,I stayed <laughter> as far away from those as I could. /,[ I/PRP ] stayed/VBD as/IN far/RB away/RB from/IN  [ those/DT ] as/IN  [ I/PRP ] could/MD ./.,(S (NP-SBJ (PRP I)) (VP (VBD stayed) (ADVP-LOC (ADVP (ADVP (IN as) (RB far)) (RB away)) (PP (IN from) (NP (DT those))) (SBAR (IN as) (S (NP-SBJ (PRP I)) (VP (MD could) (VP (-NONE- *?*))))))) (. .) (-DFL- E_S)),142,279.0,281.3
sw00utt/sw_0038_4611.utt,4/sw4611,4611,97,b,A,57,1,# Uh-huh. # /,[ Uh-huh/UH ] ./.,(INTJ (UH Uh-huh) (. .) (-DFL- E_S)),114,0.0,0.0
sw00utt/sw_0038_4611.utt,4/sw4611,4611,98,sd,B,58,1,# I # decided I didn't want to waste the time  /,[ I/PRP ] decided/VBD  [ I/PRP ] did/VBD n't/RB want/VB to/TO waste/VB  [ the/DT time/NN ],(S (NP-SBJ (PRP I)) (VP (VBD decided) (SBAR (-NONE- 0) (S (NP-SBJ-1 (PRP I)) (VP (VBD did) (RB n't) (VP (VB want) (S (NP-SBJ (-NONE- *-1)) (VP (TO to) (VP (VB waste) (NP (DT the) (NN time)))))))))) (-DFL- E_S)),146,281.3,283.44
sw00utt/sw_0038_4611.utt,4/sw4611,4611,99,sv,B,58,2,"I had, I guess, five years ago now, wasted that kind of time with Oliver North hearings.","[ I/PRP ] had/VBD ,/,  [ I/PRP ] guess/VBP ,/,  [ five/CD years/NNS ] ago/RB now/RB ,/, wasted/VBD that/DT  [ kind/RB ] of/RB  [ time/NN ] with/IN  [ Oliver/NNP North/NNP hearings/NNS ] ./.","(S (NP-SBJ (PRP I)) (VP (VBD had) (PRN (, ,) (S (NP-SBJ (PRP I)) (VP (VBP guess))) (, ,)) (ADVP-TMP (NP (CD five) (NNS years)) (RB ago)) (ADVP-TMP (RB now)) (, ,) (VP (VP (VBD wasted) (NP (NP (DT that) (RB kind)) (PP (RB of) (NP (NN time)))) (PP (IN with) (NP (NNP Oliver) (NNP North) (NNS hearings)))) (. .) (CC And) (VP (ADVP-TMP (RB afterwards)) (, ,) (VBD decided) (SBAR (SBAR (IN that) (S (SBAR-NOM-SBJ (WHNP-1 (WP what)) (S (NP-SBJ (PRP I)) (VP (VBD had) (VP (VBN gotten) (NP (-NONE- *T*-1)) (PP (IN out) (PP (IN of) (NP (PRP it)))))))) (ADVP (RB just)) (VP (VBD was) (RB n't) (ADJP-PRD (JJ worth) (NP (NP (DT the) (NN time)) (SBAR (WHNP-2 (-NONE- 0)) (S (NP-SBJ (PRP I)) (VP (VBD put) (NP (-NONE- *T*-2)) (PRT (RB in)))))))))) (. .) (CC And) (SBAR (IN that) (S (NP-SBJ (DT these) (NNS things)) (VP (VBP are) (ADVP (RB just)) (ADJP-PRD (RB very) (JJ slow) (PP (IN in) (S-NOM (NP-SBJ (-NONE- *)) (VP (VBG seeing) (S (NP-SBJ (NN information)) (VP (VB come) (ADVP-DIR (RB out))))))))))))))) (. .) (-DFL- E_S))",147,283.44,288.54
sw00utt/sw_0038_4611.utt,4/sw4611,4611,100,b,A,59,1,"Right,  /","Right/UH ,/,","(INTJ (UH Right) (, ,) (-DFL- E_S))",149,288.54,288.74
sw00utt/sw_0038_4611.utt,4/sw4611,4611,101,b^r,A,59,2,right.  /,right/UH ./.,(INTJ (UH right) (. .) (-DFL- E_S)),150,288.86,289.16
sw00utt/sw_0038_4611.utt,4/sw4611,4611,102,b,A,59,3,Yeah. /,Yeah/UH ./.,(INTJ (UH Yeah) (. .) (-DFL- E_S)),119,289.16,289.40000000000003
sw00utt/sw_0038_4611.utt,4/sw4611,4611,103,+,B,60,1,"And afterwards, decided that what I had gotten out of it just wasn't worth the time I put in.","And/CC afterwards/RB ,/, decided/VBD that/IN  [ what/WP ] [ I/PRP ] had/VBD gotten/VBN out/IN of/IN  [ it/PRP ] just/RB was/VBD n't/RB  [ worth/JJ the/DT time/NN ] [ I/PRP ] put/VBD in/RB ./.","(S (NP-SBJ (PRP I)) (VP (VBD had) (PRN (, ,) (S (NP-SBJ (PRP I)) (VP (VBP guess))) (, ,)) (ADVP-TMP (NP (CD five) (NNS years)) (RB ago)) (ADVP-TMP (RB now)) (, ,) (VP (VP (VBD wasted) (NP (NP (DT that) (RB kind)) (PP (RB of) (NP (NN time)))) (PP (IN with) (NP (NNP Oliver) (NNP North) (NNS hearings)))) (. .) (CC And) (VP (ADVP-TMP (RB afterwards)) (, ,) (VBD decided) (SBAR (SBAR (IN that) (S (SBAR-NOM-SBJ (WHNP-1 (WP what)) (S (NP-SBJ (PRP I)) (VP (VBD had) (VP (VBN gotten) (NP (-NONE- *T*-1)) (PP (IN out) (PP (IN of) (NP (PRP it)))))))) (ADVP (RB just)) (VP (VBD was) (RB n't) (ADJP-PRD (JJ worth) (NP (NP (DT the) (NN time)) (SBAR (WHNP-2 (-NONE- 0)) (S (NP-SBJ (PRP I)) (VP (VBD put) (NP (-NONE- *T*-2)) (PRT (RB in)))))))))) (. .) (CC And) (SBAR (IN that) (S (NP-SBJ (DT these) (NNS things)) (VP (VBP are) (ADVP (RB just)) (ADJP-PRD (RB very) (JJ slow) (PP (IN in) (S-NOM (NP-SBJ (-NONE- *)) (VP (VBG seeing) (S (NP-SBJ (NN information)) (VP (VB come) (ADVP-DIR (RB out))))))))))))))) (. .) (-DFL- E_S))",147,289.4,294.72
sw00utt/sw_0038_4611.utt,4/sw4611,4611,104,b,A,61,1,Uh-huh. /,[ Uh-huh/UH ] ./.,(INTJ (UH Uh-huh) (. .) (-DFL- E_S)),133,295.02,295.24
sw00utt/sw_0038_4611.utt,4/sw4611,4611,105,+,B,62,1,And that these things are just very slow in seeing information --,And/CC that/IN  [ these/DT things/NNS ] are/VBP just/RB very/RB slow/JJ in/IN  [ seeing/VBG information/NN ] --/:,"(S (NP-SBJ (PRP I)) (VP (VBD had) (PRN (, ,) (S (NP-SBJ (PRP I)) (VP (VBP guess))) (, ,)) (ADVP-TMP (NP (CD five) (NNS years)) (RB ago)) (ADVP-TMP (RB now)) (, ,) (VP (VP (VBD wasted) (NP (NP (DT that) (RB kind)) (PP (RB of) (NP (NN time)))) (PP (IN with) (NP (NNP Oliver) (NNP North) (NNS hearings)))) (. .) (CC And) (VP (ADVP-TMP (RB afterwards)) (, ,) (VBD decided) (SBAR (SBAR (IN that) (S (SBAR-NOM-SBJ (WHNP-1 (WP what)) (S (NP-SBJ (PRP I)) (VP (VBD had) (VP (VBN gotten) (NP (-NONE- *T*-1)) (PP (IN out) (PP (IN of) (NP (PRP it)))))))) (ADVP (RB just)) (VP (VBD was) (RB n't) (ADJP-PRD (JJ worth) (NP (NP (DT the) (NN time)) (SBAR (WHNP-2 (-NONE- 0)) (S (NP-SBJ (PRP I)) (VP (VBD put) (NP (-NONE- *T*-2)) (PRT (RB in)))))))))) (. .) (CC And) (SBAR (IN that) (S (NP-SBJ (DT these) (NNS things)) (VP (VBP are) (ADVP (RB just)) (ADJP-PRD (RB very) (JJ slow) (PP (IN in) (S-NOM (NP-SBJ (-NONE- *)) (VP (VBG seeing) (S (NP-SBJ (NN information)) (VP (VB come) (ADVP-DIR (RB out))))))))))))))) (. .) (-DFL- E_S))",147,295.24,298.3
sw00utt/sw_0038_4611.utt,4/sw4611,4611,106,b,A,63,1,Yeah. /,Yeah/UH ./.,(INTJ (UH Yeah) (. .) (-DFL- E_S)),141,298.3,298.40000000000003
sw00utt/sw_0038_4611.utt,4/sw4611,4611,107,+,B,64,1,-- come out. /,--/: come/VB out/RB ./.,"(S (NP-SBJ (PRP I)) (VP (VBD had) (PRN (, ,) (S (NP-SBJ (PRP I)) (VP (VBP guess))) (, ,)) (ADVP-TMP (NP (CD five) (NNS years)) (RB ago)) (ADVP-TMP (RB now)) (, ,) (VP (VP (VBD wasted) (NP (NP (DT that) (RB kind)) (PP (RB of) (NP (NN time)))) (PP (IN with) (NP (NNP Oliver) (NNP North) (NNS hearings)))) (. .) (CC And) (VP (ADVP-TMP (RB afterwards)) (, ,) (VBD decided) (SBAR (SBAR (IN that) (S (SBAR-NOM-SBJ (WHNP-1 (WP what)) (S (NP-SBJ (PRP I)) (VP (VBD had) (VP (VBN gotten) (NP (-NONE- *T*-1)) (PP (IN out) (PP (IN of) (NP (PRP it)))))))) (ADVP (RB just)) (VP (VBD was) (RB n't) (ADJP-PRD (JJ worth) (NP (NP (DT the) (NN time)) (SBAR (WHNP-2 (-NONE- 0)) (S (NP-SBJ (PRP I)) (VP (VBD put) (NP (-NONE- *T*-2)) (PRT (RB in)))))))))) (. .) (CC And) (SBAR (IN that) (S (NP-SBJ (DT these) (NNS things)) (VP (VBP are) (ADVP (RB just)) (ADJP-PRD (RB very) (JJ slow) (PP (IN in) (S-NOM (NP-SBJ (-NONE- *)) (VP (VBG seeing) (S (NP-SBJ (NN information)) (VP (VB come) (ADVP-DIR (RB out))))))))))))))) (. .) (-DFL- E_S))",147,298.4,298.78000000000003
sw00utt/sw_0038_4611.utt,4/sw4611,4611,108,qy,A,65,1,"Do you ever read, -/","Do/VBP  [ you/PRP ] ever/RB read/VB ,/,","(SQ (VBP Do) (NP-SBJ (PRP you)) (ADVP-TMP (RB ever)) (VP-UNF (VB read)) (, ,) (-DFL- N_S))",160,298.78,299.76
