swda_filename,ptb_basename,conversation_no,transcript_index,act_tag,caller,utterance_index,subutterance_index,text,pos,trees,ptb_treenumbers,start_ts,end_ts
sw04utt/sw_0450_4886.utt,4/sw4886,4886,0,qy,A,1,1,Are you in the middle of anything? /,[ Are/VBP you/PRP ] in/IN  [ the/DT middle/NN ] of/IN  [ anything/NN ] ?/.,(SQ (VBP Are) (NP-SBJ (PRP you)) (PP-PRD (IN in) (NP (NP (DT the) (NN middle)) (PP (IN of) (NP (NN anything))))) (. ?) (-DFL- E_S)),1,0.18,1.24
sw04utt/sw_0450_4886.utt,4/sw4886,4886,1,nn,B,2,1,<Static> No.  /,[ No/UH ] ./.,(INTJ (UH No) (. .) (-DFL- E_S)),3,1.66,1.9
sw04utt/sw_0450_4886.utt,4/sw4886,4886,2,sd^e,B,2,2,I'm not in the middle of anything.  /,[ I/PRP ] 'm/VBP not/RB in/IN  [ the/DT middle/NN ] of/IN  [ anything/NN ] ./.,(S (NP-SBJ (PRP I)) (VP (VBP 'm) (RB not) (PP-PRD (IN in) (NP (NP (DT the) (NN middle)) (PP (IN of) (NP (NN anything)))))) (. .) (-DFL- E_S)),4,1.9,3.66
sw04utt/sw_0450_4886.utt,4/sw4886,4886,3,%,B,2,3,"I've just, - /","[ I/PRP ] 've/VBP just/RB ,/,","(S (NP-SBJ (PRP I)) (VP-UNF (VBP 've) (ADVP (RB just))) (, ,) (-DFL- N_S))",5,3.66,4.26
sw04utt/sw_0450_4886.utt,4/sw4886,4886,4,%,B,2,4,about the last thing I did - /,about/RB  [ the/DT last/JJ thing/NN ] [ I/PRP ] did/VBD,(NP (NP (RB about) (DT the) (JJ last) (NN thing)) (SBAR (WHNP-1 (-NONE- 0)) (S (NP-SBJ (PRP I)) (VP (VBD did) (NP (-NONE- *T*-1))))) (-DFL- N_S)),6,4.26,5.859999999999999
sw04utt/sw_0450_4886.utt,4/sw4886,4886,5,sd,B,2,5,"about maybe, {F oh, } close to a year ago now I guess,  [ I, + I ] helped my dad add on another bedroom on to his house.   /","about/RB maybe/RB ,/, oh/UH ,/,  close/RB to/IN  [ a/DT year/NN ] ago/RB now/RB  [ I/PRP ] guess/VBP ,/,  [ I/PRP ] ,/,  [ I/PRP ] helped/VBD  [ my/PRP$ dad/NN ] add/VB on/RP  [ another/DT bedroom/NN ] on/IN to/IN  [ his/PRP$ house/NN ] ./.","(S (ADVP-TMP (NP (QP (RB about) (RB maybe) (, ,) (INTJ (UH oh)) (, ,) (RB close) (IN to) (DT a)) (NN year)) (RB ago) (ADVP-TMP (RB now))) (PRN (S (NP-SBJ (PRP I)) (VP (VBP guess))) (, ,)) (EDITED (RM (-DFL- \[)) (NP-SBJ (PRP I)) (, ,) (IP (-DFL- \+))) (NP-SBJ (PRP I)) (RS (-DFL- \])) (VP (VBD helped) (S (NP-SBJ (PRP$ my) (NN dad)) (VP (VB add) (PRT (RP on)) (NP (DT another) (NN bedroom)) (PP (IN on) (PP (IN to) (NP (PRP$ his) (NN house))))))) (. .) (-DFL- E_S))",7,5.86,13.0
sw04utt/sw_0450_4886.utt,4/sw4886,4886,6,%,B,2,6,"{C So, } # I guess that, # -/","So/RB ,/,  [ I/PRP ] guess/VBP that/IN ,/,","(S (RB So) (, ,) (NP-SBJ (PRP I)) (VP (VBP guess) (SBAR-UNF (IN that))) (, ,) (-DFL- N_S))",8,0.0,0.0
sw04utt/sw_0450_4886.utt,4/sw4886,4886,7,qy,A,3,1,# The whole thing? # /,[ The/DT whole/JJ thing/NN ] ?/.,(NP (DT The) (JJ whole) (NN thing) (. ?) (-DFL- E_S)),10,13.76,14.68
sw04utt/sw_0450_4886.utt,4/sw4886,4886,8,ny,B,4,1,Yeah.   /,Yeah/UH ./.,(INTJ (UH Yeah) (. .) (-DFL- E_S)),12,14.88,15.200000000000001
sw04utt/sw_0450_4886.utt,4/sw4886,4886,9,sd,B,4,2,"[  That, + that ] was fairly large undertaking.  /","[ That/DT ] ,/,  [ that/DT ] was/VBD fairly/RB  [ large/JJ undertaking/NN ] ./.","(S (EDITED (RM (-DFL- \[)) (NP-SBJ (DT That)) (, ,) (IP (-DFL- \+))) (NP-SBJ (DT that)) (RS (-DFL- \])) (VP (VBD was) (NP-PRD (ADJP (RB fairly) (JJ large)) (NN undertaking))) (. .) (-DFL- E_S))",13,15.2,17.16
sw04utt/sw_0450_4886.utt,4/sw4886,4886,10,sd,B,4,3,"[ [  A, + a, ] + it's a ] bedroom and a walk-in closet and a bathroom all on one side of the house. /","[ A/DT ] ,/,  [ a/DT ] ,/,  [ it/PRP ] 's/BES  [ a/DT bedroom/NN ] and/CC  [ a/DT walk-in/JJ closet/NN ] and/CC  [ a/DT bathroom/NN ] [ all/DT ] on/IN  [ one/CD side/NN ] of/IN  [ the/DT house/NN ] ./.","(S (EDITED (RM (-DFL- \[)) (EDITED (RM (-DFL- \[)) (NP-SBJ-UNF (DT A)) (, ,) (IP (-DFL- \+))) (NP-SBJ-UNF (DT a)) (, ,) (RS (-DFL- \])) (IP (-DFL- \+))) (NP-SBJ (PRP it)) (VP (BES 's) (NP-PRD (NP (NP (DT a) (RS (-DFL- \])) (NN bedroom)) (CC and) (NP (DT a) (JJ walk-in) (NN closet)) (CC and) (NP (DT a) (NN bathroom))) (RRC (DT all) (PP-LOC-PRD (IN on) (NP (NP (CD one) (NN side)) (PP (IN of) (NP (DT the) (NN house)))))))) (. .) (-DFL- E_S))",14,17.18,25.720000000000002
sw04utt/sw_0450_4886.utt,4/sw4886,4886,11,qy,A,5,1,Did the framing and all? /,Did/VBD  [ the/DT framing/NN ] and/CC  [ all/DT ] ?/.,(S (NP-SBJ (-NONE- *)) (VP (VBD Did) (NP (NP (DT the) (NN framing)) (CC and) (NP (DT all)))) (. ?) (-DFL- E_S)),16,25.86,26.74
sw04utt/sw_0450_4886.utt,4/sw4886,4886,12,na,B,6,1,"{F Oh, } we did it all except for the sheetrocking. /","Oh/UH ,/,  [ we/PRP ] did/VBD  [ it/PRP ] [ all/DT ] except/IN for/IN  [ the/DT ] sheetrocking/NN ./.","(S (INTJ (UH Oh)) (, ,) (NP-SBJ (PRP we)) (VP (VBD did) (NP (NP (PRP it)) (NP (DT all))) (PP (IN except) (PP (IN for) (NP (DT the) (NN sheetrocking))))) (. .) (-DFL- E_S))",18,26.9,29.2
sw04utt/sw_0450_4886.utt,4/sw4886,4886,13,b,A,7,1,{F Huh. } /,Huh/UH ./.,(INTJ (UH Huh) (. .) (-DFL- E_S)),20,29.54,29.74
sw04utt/sw_0450_4886.utt,4/sw4886,4886,14,sd,B,8,1,"That was the only thing we didn't, {D you know, }  putting the ceiling up and  things like that  /","[ That/DT ] was/VBD  [ the/DT only/JJ thing/NN ] [ we/PRP ] did/VBD n't/RB ,/,  [ you/PRP ] know/VBP ,/, putting/VBG  [ the/DT ceiling/NN ] up/RP and/CC  [ things/NNS ] like/IN that/DT","(S (NP-SBJ (DT That)) (VP (VBD was) (NP-PRD (NP (DT the) (JJ only) (NN thing)) (SBAR (WHNP (-NONE- 0)) (S (NP-SBJ (PRP we)) (VP-UNF (VBD did) (RB n't))))) (PRN (, ,) (S (NP-SBJ (PRP you)) (VP (VBP know))) (, ,)) (NP-TPC (S-NOM (NP-SBJ (-NONE- *)) (VP (VBG putting) (NP (DT the) (NN ceiling)) (PRT (RP up)))) (CC and) (NP (NP (NNS things)) (PP (IN like) (NP (DT that)))))) (-DFL- E_S))",22,29.74,33.02
sw04utt/sw_0450_4886.utt,4/sw4886,4886,15,sd,B,8,2,"[ [ we don't, + we, ] + we weren't ] sure how to do that  /","[ we/PRP ] do/VBP n't/RB ,/,  [ we/PRP ] ,/,  [ we/PRP ] were/VBD n't/RB sure/JJ how/WRB to/TO do/VB  [ that/DT ]","(S (EDITED (RM (-DFL- \[)) (EDITED (RM (-DFL- \[)) (S (NP-SBJ (PRP we)) (VP-UNF (VBP do) (RB n't))) (, ,) (IP (-DFL- \+))) (NP-SBJ (PRP we)) (, ,) (RS (-DFL- \])) (IP (-DFL- \+))) (NP-SBJ (PRP we)) (VP (VBD were) (RB n't) (RS (-DFL- \])) (ADJP-PRD (JJ sure) (SBAR (WHADVP-1 (WRB how)) (S (NP-SBJ (-NONE- *)) (VP (TO to) (VP (VB do) (NP (DT that)) (ADVP-MNR (-NONE- *T*-1)))))))) (-DFL- E_S))",23,33.02,35.44
sw04utt/sw_0450_4886.utt,4/sw4886,4886,16,%,B,8,3,{C and. } -/,and/CC ./.,(S-UNF (CC and) (. .) (-DFL- N_S)),24,35.44,35.559999999999995
sw04utt/sw_0450_4886.utt,4/sw4886,4886,17,ad@,A,9,1,"Maybe you and I should get together.  Because when I had my last big project, I had the contractor do the framing  /  *[[slash error: two utts]]","Maybe/RB  [ you/PRP ] and/CC  [ I/PRP ] should/MD get/VB together/RB ./.  Because/IN when/WRB  [ I/PRP ] had/VBD  [ my/PRP$ last/JJ big/JJ project/NN ] ,/,  [ I/PRP ] had/VBD  [ the/DT contractor/NN ] do/VB  [ the/DT framing/NN ]","(S (ADVP (RB Maybe)) (NP-SBJ (PRP you) (CC and) (PRP I)) (VP (MD should) (VP (VB get) (ADVP (RB together)) (. .) (SBAR-PRP (IN Because) (S (SBAR-TMP (WHADVP-1 (WRB when)) (S (NP-SBJ (PRP I)) (VP (VBD had) (NP (PRP$ my) (JJ last) (JJ big) (NN project)) (ADVP-TMP (-NONE- *T*-1))))) (, ,) (NP-SBJ (PRP I)) (VP (VBD had) (S (NP-SBJ (DT the) (NN contractor)) (VP (VB do) (NP (DT the) (NN framing))))))))) (-DFL- E_S))",26,35.66,41.14
sw04utt/sw_0450_4886.utt,4/sw4886,4886,18,sd,A,9,2,{C and } I did all the sheetrocking <laughter> and the interior work <throat_clearing>. /,and/CC  [ I/PRP ] did/VBD  [ all/PDT the/DT sheetrocking/NN ] and/CC  [ the/DT interior/JJ work/NN ] ./.,(S (CC and) (NP-SBJ (PRP I)) (VP (VBD did) (NP (PDT all) (NX (NX (DT the) (NN sheetrocking)) (CC and) (NX (DT the) (JJ interior) (NN work))))) (. .) (-DFL- E_S)),27,41.14,43.26
sw04utt/sw_0450_4886.utt,4/sw4886,4886,19,aa,B,10,1,"<Laughter> Yeah,  /","Yeah/UH ,/,","(INTJ (UH Yeah) (, ,) (-DFL- E_S))",29,43.26,43.54
sw04utt/sw_0450_4886.utt,4/sw4886,4886,20,sd,B,10,2,that's the exact opposite.  /,[ that/DT ] 's/BES  [ the/DT exact/JJ opposite/NN ] ./.,(S (NP-SBJ (DT that)) (VP (BES 's) (NP-PRD (DT the) (JJ exact) (NN opposite))) (. .) (-DFL- E_S)),30,44.26,45.4
sw04utt/sw_0450_4886.utt,4/sw4886,4886,21,sd,B,10,3,"We [ did all, +  put the roof up and did all ] the roofing and [ the, + ]  put all the interior walls up.  /","[ We/PRP ] did/VBD  [ all/DT ] ,/, put/VBD  [ the/DT roof/NN ] up/RP and/CC did/VBD  [ all/PDT the/DT roofing/NN ] and/CC  [ the/DT ] ,/, put/VBD  [ all/PDT the/DT interior/JJ walls/NNS ] up/RP ./.","(S (NP-SBJ (PRP We)) (EDITED (RM (-DFL- \[)) (VP (VBD did) (NP-UNF (DT all))) (, ,) (IP (-DFL- \+))) (VP (VP (VBD put) (NP (DT the) (NN roof)) (PRT (RP up))) (CC and) (VP (VBD did) (NP (PDT all) (RS (-DFL- \])) (DT the) (NN roofing))) (CC and) (EDITED (RM (-DFL- \[)) (NP-UNF (DT the)) (, ,) (IP (-DFL- \+)) (RS (-DFL- \]))) (VP (VBD put) (NP (PDT all) (DT the) (JJ interior) (NNS walls)) (PRT (RP up)))) (. .) (-DFL- E_S))",31,45.4,50.419999999999995
sw04utt/sw_0450_4886.utt,4/sw4886,4886,22,sd,B,10,4,We just didn't do any of the sheetrock wall work  /,[ We/PRP ] just/RB did/VBD n't/RB do/VB  [ any/DT ] of/IN  [ the/DT sheetrock/NN wall/NN work/NN ],(S (NP-SBJ (PRP We)) (ADVP (RB just)) (VP (VBD did) (RB n't) (VP (VB do) (NP (NP (DT any)) (PP (IN of) (NP (DT the) (NN sheetrock) (NN wall) (NN work)))))) (-DFL- E_S)),32,50.42,53.779999999999994
sw04utt/sw_0450_4886.utt,4/sw4886,4886,23,sd,B,10,5,"{C and } that's it because you have, {D you know,  } get those joints to go together -- /","and/CC  [ that/DT ] 's/BES  [ it/PRP ] because/IN  [ you/PRP ] have/VBP ,/,  [ you/PRP ] know/VBP ,/, get/VB  [ those/DT joints/NNS ] to/TO go/VB together/RB --/:","(S (CC and) (NP-SBJ (DT that)) (VP (BES 's) (NP-PRD (PRP it)) (SBAR-PRP (IN because) (S (NP-SBJ (PRP you)) (VP (VBP have) (PRN (, ,) (S (NP-SBJ (PRP you)) (VP (VBP know))) (, ,)) (X (VP (VB get) (S (NP-SBJ (DT those) (NNS joints)) (VP (TO to) (VP (VB go) (ADVP (RB together))))))))))) (-DFL- E_S))",33,53.78,57.040000000000006
sw04utt/sw_0450_4886.utt,4/sw4886,4886,24,b,A,11,1,"Ye-, /","[ Ye-/UH ] ,/,","(INTJ-UNF (UH Ye-) (, ,) (-DFL- E_S))",35,0.0,0.0
sw04utt/sw_0450_4886.utt,4/sw4886,4886,25,sd,B,12,1,"-- {C and } whatever you have to put in there [ to get  the, s-, + to take the gaps ] out between the sheets  --","--/: and/CC  [ whatever/WDT ] [ you/PRP ] have/VBP to/TO put/VB in/IN there/RB to/TO get/VB  [ the/DT ] ,/,  [ s-/XX ] ,/, to/TO take/VB  [ the/DT gaps/NNS ] out/RB between/IN  [ the/DT sheets/NNS ] --/:","(S-UNF (CC and) (SBAR-NOM-SBJ (WHNP-2 (WDT whatever)) (S (NP-SBJ-1 (PRP you)) (VP (VBP have) (S (NP-SBJ-3 (-NONE- *-1)) (VP (TO to) (VP (VB put) (NP (-NONE- *T*-2)) (PP-PUT (IN in) (ADVP (RB there))) (S-PRP (EDITED (RM (-DFL- \[)) (S-PRP (NP-SBJ (-NONE- *)) (VP (TO to) (VP (VB get) (NP-UNF (DT the) (, ,) (XX s-))))) (, ,) (IP (-DFL- \+))) (NP-SBJ (-NONE- *-3)) (VP (TO to) (VP (VP (VB take) (NP (NP (DT the) (NNS gaps)) (PP-LOC (-NONE- *ICH*-4))) (RS (-DFL- \])) (PRT (RB out)) (PP-LOC-4 (PP (IN between) (NP (DT the) (NNS sheets))) (CC and) (PP (IN on) (NP (DT the) (NN ceiling))))) (CC and) (NP-ETC (PDT all) (DT that))))))))))) (. .) (-DFL- N_S))",37,57.8,62.300000000000004
sw04utt/sw_0450_4886.utt,4/sw4886,4886,26,b,A,13,1,Yeah. /,Yeah/UH ./.,(INTJ (UH Yeah) (. .) (-DFL- E_S)),12,62.3,62.379999999999995
sw04utt/sw_0450_4886.utt,4/sw4886,4886,27,+,B,14,1,-- and on the ceiling and all that. - /,--/: and/CC on/IN  [ the/DT ceiling/NN ] and/CC  [ all/PDT that/DT ] ./.,"(S-UNF (CC and) (SBAR-NOM-SBJ (WHNP-2 (WDT whatever)) (S (NP-SBJ-1 (PRP you)) (VP (VBP have) (S (NP-SBJ-3 (-NONE- *-1)) (VP (TO to) (VP (VB put) (NP (-NONE- *T*-2)) (PP-PUT (IN in) (ADVP (RB there))) (S-PRP (EDITED (RM (-DFL- \[)) (S-PRP (NP-SBJ (-NONE- *)) (VP (TO to) (VP (VB get) (NP-UNF (DT the) (, ,) (XX s-))))) (, ,) (IP (-DFL- \+))) (NP-SBJ (-NONE- *-3)) (VP (TO to) (VP (VP (VB take) (NP (NP (DT the) (NNS gaps)) (PP-LOC (-NONE- *ICH*-4))) (RS (-DFL- \])) (PRT (RB out)) (PP-LOC-4 (PP (IN between) (NP (DT the) (NNS sheets))) (CC and) (PP (IN on) (NP (DT the) (NN ceiling))))) (CC and) (NP-ETC (PDT all) (DT that))))))))))) (. .) (-DFL- N_S))",37,62.38,63.459999999999994
sw04utt/sw_0450_4886.utt,4/sw4886,4886,28,sd,B,14,2,"[ I di-, + we didn't ] know a thing about any of that  /","[ I/PRP di/VBD ] ,/,  [ we/PRP ] did/VBD n't/RB know/VB  [ a/DT thing/NN ] about/IN  [ any/DT ] of/IN  [ that/DT ]","(S (EDITED (RM (-DFL- \[)) (S (NP-SBJ (PRP I)) (VP-UNF (VBD di-))) (, ,) (IP (-DFL- \+))) (NP-SBJ (PRP we)) (VP (VBD did) (RB n't) (RS (-DFL- \])) (VP (VB know) (NP (NP (DT a) (NN thing)) (PP (IN about) (NP (NP (DT any)) (PP (IN of) (NP (DT that)))))))) (-DFL- E_S))",41,63.46,65.12
sw04utt/sw_0450_4886.utt,4/sw4886,4886,29,%,B,14,3,"{C and # so, } # -/","and/CC so/RB ,/,","(S-UNF (CONJP (CC and) (RB so)) (, ,) (-DFL- N_S))",42,65.12,65.84
sw04utt/sw_0450_4886.utt,4/sw4886,4886,30,sd,A,15,1,# My # wife wishes I hadn't done that. /,[ My/PRP$ wife/NN ] wishes/VBZ  [ I/PRP ] had/VBD n't/RB done/VBN  [ that/DT ] ./.,(S (NP-SBJ (PRP$ My) (NN wife)) (VP (VBZ wishes) (SBAR (-NONE- 0) (S (NP-SBJ (PRP I)) (VP (VBD had) (RB n't) (VP (VBN done) (NP (DT that))))))) (. .) (-DFL- E_S)),44,65.84,67.14
sw04utt/sw_0450_4886.utt,4/sw4886.pos,4886,31,sd,B,16,1,<Laughter>.,./.,,,0.0,0.0
sw04utt/sw_0450_4886.utt,4/sw4886.pos,4886,32,x@,A,17,1,<Laughter>.   *[[slash error]],./.,,,0.0,0.0
sw04utt/sw_0450_4886.utt,4/sw4886,4886,33,+,B,18,1,"[ It's, +  it looked ] very hard to do  /","[ It/PRP ] 's/BES ,/,  [ it/PRP ] looked/VBD very/RB hard/JJ to/TO do/VB","(S (EDITED (RM (-DFL- \[)) (S (NP-SBJ (PRP It)) (VP-UNF (BES 's))) (, ,) (IP (-DFL- \+))) (NP-SBJ (PRP it)) (VP (VBD looked) (RS (-DFL- \])) (ADJP-PRD (RB very) (JJ hard) (SBAR (WHNP-1 (-NONE- 0)) (S (NP-SBJ (-NONE- *)) (VP (TO to) (VP (VB do) (NP (-NONE- *T*-1)))))))) (-DFL- E_S))",48,68.7,70.14
sw04utt/sw_0450_4886.utt,4/sw4886,4886,34,%,B,18,2,"{C so, } -/","so/RB ,/,","(S-UNF (RB so) (, ,) (-DFL- N_S))",49,70.14,70.36
sw04utt/sw_0450_4886.utt,4/sw4886.pos,4886,35,+@,A,19,1,<Throat_clearing>.   *[[slash error]],./.,,,0.0,0.0
sw04utt/sw_0450_4886.utt,4/sw4886,4886,36,%,B,20,1,"we figured {D well } just, - /","[ we/PRP ] figured/VBD well/UH just/RB ,/,","(S (NP-SBJ (PRP we)) (VP (VBD figured) (SBAR (-NONE- 0) (S-UNF (NP-SBJ (TYPO (UH well))) (ADVP (RB just))))) (, ,) (-DFL- N_S))",52,70.36,71.5
sw04utt/sw_0450_4886.utt,4/sw4886,4886,37,sd,B,20,2,I didn't think we could do it and make it look professional.  /,[ I/PRP ] did/VBD n't/RB think/VB  [ we/PRP ] could/MD do/VB  [ it/PRP ] and/CC make/VB  [ it/PRP ] look/VB  [ professional/JJ ] ./.,(S (NP-SBJ (PRP I)) (VP (VBD did) (RB n't) (VP (VB think) (SBAR (-NONE- 0) (S (NP-SBJ (PRP we)) (VP (MD could) (VP (VP (VB do) (NP (PRP it))) (CC and) (VP (VB make) (S (NP-SBJ (PRP it)) (VP (VB look) (ADJP-PRD (JJ professional))))))))))) (. .) (-DFL- E_S)),53,72.0,74.2
sw04utt/sw_0450_4886.utt,4/sw4886,4886,38,sd,B,20,3,"{C So, }  we [ left it, + left it ] to somebody who does it for a living.  /","So/RB ,/,  [ we/PRP ] left/VBD  [ it/PRP ] ,/, left/VBD  [ it/PRP ] to/IN  [ somebody/NN ] [ who/WP ] does/VBZ  [ it/PRP ] for/IN  [ a/DT living/NN ] ./.","(S (RB So) (, ,) (NP-SBJ (PRP we)) (EDITED (RM (-DFL- \[)) (VP-UNF (VBD left) (NP (PRP it))) (, ,) (IP (-DFL- \+))) (VP (VBD left) (NP (PRP it)) (RS (-DFL- \])) (PP (IN to) (NP (NP (NN somebody)) (SBAR (WHNP-1 (WP who)) (S (NP-SBJ (-NONE- *T*-1)) (VP (VBZ does) (NP (PRP it)) (PP (IN for) (NP (DT a) (NN living))))))))) (. .) (-DFL- E_S))",54,74.2,76.84
sw04utt/sw_0450_4886.utt,4/sw4886,4886,39,%,B,20,4,"{C But, } -/","But/CC ,/,","(S-UNF (CC But) (, ,) (-DFL- N_S))",55,76.84,77.0
sw04utt/sw_0450_4886.utt,4/sw4886,4886,40,sv,A,21,1,I think it takes about three or four times before it gets easy. /,[ I/PRP ] think/VBP  [ it/PRP ] takes/VBZ about/RB  [ three/CD ] or/CC  [ four/CD times/NNS ] before/IN  [ it/PRP ] gets/VBZ  [ easy/JJ ] ./.,(S (NP-SBJ (PRP I)) (VP (VBP think) (SBAR (-NONE- 0) (S (NP-SBJ (PRP it)) (VP (VBZ takes) (NP (QP (RB about) (CD three) (CC or) (CD four)) (NNS times)) (SBAR-TMP (IN before) (S (NP-SBJ (PRP it)) (VP (VBZ gets) (ADJP-PRD (JJ easy))))))))) (. .) (-DFL- E_S)),57,77.0,79.66000000000001
sw04utt/sw_0450_4886.utt,4/sw4886,4886,41,aa,B,22,1,Probably so  /,Probably/RB so/RB,(FRAG (ADVP (RB Probably)) (ADVP-PRD (RB so)) (-DFL- E_S)),59,79.86,80.42
sw04utt/sw_0450_4886.utt,4/sw4886,4886,42,sd,B,22,2,"{C and } [ I, +","and/CC  [ I/PRP ] ,/,","(S (CC and) (EDITED (RM (-DFL- \[)) (NP-SBJ (PRP I)) (, ,) (IP (-DFL- \+))) (NP-SBJ (PRP we)) (VP (VBD 'd) (RS (-DFL- \])) (ADVP-TMP (RB never)) (VP (VBN done) (NP (PRP it)))) (-DFL- E_S))",60,80.42,80.86
sw04utt/sw_0450_4886.utt,4/sw4886.pos,4886,43,x@,A,23,1,<Cough>.   *[[slash error]],./.,,,0.0,0.0
sw04utt/sw_0450_4886.utt,4/sw4886,4886,44,+,B,24,1,we'd ] never done it  /,[ we/PRP ] 'd/VBD never/RB done/VBN  [ it/PRP ],"(S (CC and) (EDITED (RM (-DFL- \[)) (NP-SBJ (PRP I)) (, ,) (IP (-DFL- \+))) (NP-SBJ (PRP we)) (VP (VBD 'd) (RS (-DFL- \])) (ADVP-TMP (RB never)) (VP (VBN done) (NP (PRP it)))) (-DFL- E_S))",60,80.92,81.6
sw04utt/sw_0450_4886.utt,4/sw4886,4886,45,sd,B,24,2,{C so } --,so/RB --/:,"(S-UNF (CONJP (CC and) (RB so)) (, ,) (-DFL- N_S))",42,81.6,81.69999999999999
sw04utt/sw_0450_4886.utt,4/sw4886,4886,46,+,A,25,1,Yeah <sniffing>. /   *[[should be 'b']],Yeah/UH ./.,(INTJ (UH Yeah) (. .) (-DFL- E_S)),39,81.7,81.92
sw04utt/sw_0450_4886.utt,4/sw4886,4886,47,+,B,26,1,-- we just left it alone.  /,--/:  [ we/PRP ] just/RB left/VBD  [ it/PRP ] alone/RB ./.,(S (RB so) (NP-SBJ (PRP we)) (ADVP (RB just)) (VP (VBD left) (S (NP-SBJ (PRP it)) (ADJP-PRD (RB alone)))) (. .) (-DFL- E_S)),63,82.66,83.64
sw04utt/sw_0450_4886.utt,4/sw4886,4886,48,%,B,26,2,"{C But }  that's, - /","But/CC  [ that/DT ] 's/BES ,/,","(S (CC But) (NP-SBJ (DT that)) (VP-UNF (BES 's)) (, ,) (-DFL- N_S))",67,83.64,84.47999999999999
sw04utt/sw_0450_4886.utt,4/sw4886,4886,49,sd,B,26,3,"I guess, I'm only twenty-one  /","[ I/PRP ] guess/VBP ,/,  [ I/PRP ] 'm/VBP only/RB twenty-one/CD","(S (NP-SBJ (PRP I)) (VP (VBP guess)) (, ,))|||(S (NP-SBJ (PRP I)) (VP (VBP 'm) (ADVP (RB only)) (NP-PRD (CD twenty-one))) (-DFL- E_S))",68|||69,84.52,86.04
sw04utt/sw_0450_4886.utt,4/sw4886,4886,50,sd,B,26,4,"{C so } [ [ I, + my, ] + my ] vast experience of [ home, + home ] owner's knowledge is not very much.  /","so/RB  [ I/PRP ] ,/,  [ my/PRP$ ] ,/,  [ my/PRP$ vast/JJ experience/NN ] of/IN  [ home/NN ] ,/,  [ home/NN owner/NN 's/POS knowledge/NN ] is/VBZ not/RB very/RB much/JJ ./.","(S (RB so) (NP-SBJ (EDITED (RM (-DFL- \[)) (EDITED (RM (-DFL- \[)) (NP-SBJ (PRP I)) (, ,) (IP (-DFL- \+))) (NP-UNF (PRP$ my)) (, ,) (RS (-DFL- \])) (IP (-DFL- \+))) (NP (PRP$ my) (RS (-DFL- \])) (JJ vast) (NN experience)) (PP (IN of) (NP (EDITED (RM (-DFL- \[)) (NP-UNF (NN home)) (, ,) (IP (-DFL- \+))) (NP (NN home) (RS (-DFL- \])) (NN owner) (POS 's)) (NN knowledge)))) (VP (VBZ is) (RB not) (NP-PRD (RB very) (JJ much))) (. .) (-DFL- E_S))",70,86.04,91.64
sw04utt/sw_0450_4886.utt,4/sw4886,4886,51,sd,B,26,5,"{C So } it's just what I have to do, more or less, around the house, {D you know, } for my parents  /","So/RB  [ it/PRP ] 's/BES just/RB  [ what/WP ] [ I/PRP ] have/VBP to/TO do/VB ,/,  [ more/RBR ] or/CC  [ less/RBR ] ,/, around/IN  [ the/DT house/NN ] ,/,  [ you/PRP ] know/VBP ,/, for/IN  [ my/PRP$ parents/NNS ]","(S (RB So) (NP-SBJ (PRP it)) (VP (BES 's) (ADVP (RB just)) (SBAR-NOM-PRD (WHNP-2 (WP what)) (S (NP-SBJ-1 (PRP I)) (VP (VBP have) (S (NP-SBJ (-NONE- *-1)) (VP (TO to) (VP (VB do) (NP (-NONE- *T*-2)) (PP-LOC (-NONE- *ICH*-3)) (PP (-NONE- *ICH*-4)))))))) (, ,) (ADVP (RBR more) (CC or) (RBR less)) (, ,) (PP-LOC-3 (IN around) (NP (DT the) (NN house))) (PRN (, ,) (S (NP-SBJ (PRP you)) (VP (VBP know))) (, ,)) (PP-4 (IN for) (NP (PRP$ my) (NNS parents)))) (-DFL- E_S))",71,91.64,96.32
sw04utt/sw_0450_4886.utt,4/sw4886,4886,52,%,B,26,6,{C so. } -/,so/RB ./.,(S-UNF (RB so) (. .) (-DFL- N_S)),72,96.32,96.47999999999999
sw04utt/sw_0450_4886.utt,4/sw4886,4886,53,qy^d,A,27,1,"Did [ [ you, + you ] framed   it in f-, +  {F uh, }  [ [ on, +   on, ] + ]  you framed in ] new square footage  /","Did/VBD  [ you/PRP ] ,/,  [ you/PRP ] framed/VBD  [ it/PRP ] in/IN  [ f-/XX ] ,/,  [ uh/UH ] ,/, on/IN ,/, on/IN ,/,  [ you/PRP ] framed/VBD in/IN  [ new/JJ square/NN footage/NN ]","(S (EDITED (EDITED (SQ-UNF (VBD Did) (RM (-DFL- \[)) (RM (-DFL- \[)) (NP-SBJ (PRP you))) (, ,) (IP (-DFL- \+))) (S-UNF (NP-SBJ (PRP you)) (RS (-DFL- \])) (VP-UNF (VBD framed) (NP (PRP it)) (PRT (IN in)) (X (XX f-)))) (, ,) (IP (-DFL- \+))) (INTJ (UH uh)) (, ,) (EDITED (RM (-DFL- \[)) (EDITED (RM (-DFL- \[)) (PP-UNF (IN on)) (, ,) (IP (-DFL- \+))) (PP-UNF (IN on)) (, ,) (RS (-DFL- \])) (IP (-DFL- \+)) (RS (-DFL- \]))) (NP-SBJ (PRP you)) (VP (VBD framed) (PRT (IN in)) (RS (-DFL- \])) (NP (JJ new) (NN square) (NN footage))) (-DFL- E_S))",74,96.66,101.06
sw04utt/sw_0450_4886.utt,4/sw4886,4886,54,qr,A,27,2,"{C or } was it stuff that was already, {F uh, } # enclosed? # /","or/CC was/VBD  [ it/PRP ] [ stuff/NN ] [ that/WDT ] was/VBD already/RB ,/,  [ uh/UH ] ,/, enclosed/JJ ?/.","(SQ (CC or) (VBD was) (NP-SBJ (PRP it)) (NP-PRD (NP (NN stuff)) (SBAR (WHNP-1 (WDT that)) (S (NP-SBJ-2 (-NONE- *T*-1)) (VP (VBD was) (ADVP-TMP (RB already)) (, ,) (INTJ (UH uh)) (, ,) (VP (JJ enclosed) (NP (-NONE- *-2))))))) (. ?) (-DFL- E_S))",75,101.06,102.52
sw04utt/sw_0450_4886.utt,4/sw4886,4886,55,sd,B,28,1,# It was brand # new. /,[ It/PRP ] was/VBD brand/NN new/JJ ./.,(S (NP-SBJ (PRP It)) (VP (VBD was) (ADJP-PRD (NN brand) (JJ new))) (. .) (-DFL- E_S)),77,102.52,103.16000000000001
sw04utt/sw_0450_4886.utt,4/sw4886,4886,56,b^m,A,29,1,Brand new #  ((   )) . # /,[ Brand/RB new/JJ MUMBLEx/XX ] ./.,(ADJP (RB Brand) (JJ new))|||(X (XX MUMBLEx) (. .) (-DFL- E_S)),79|||80,103.44,103.72000000000001
sw04utt/sw_0450_4886.utt,4/sw4886,4886,57,sd,B,30,1,# We started # with the backyard and turned it into part of the house  /,[ We/PRP ] started/VBD with/IN  [ the/DT backyard/NN ] and/CC turned/VBD  [ it/PRP ] into/IN  [ part/NN ] of/IN  [ the/DT house/NN ],(S (NP-SBJ (PRP We)) (VP (VP (VBD started) (PP (IN with) (NP (DT the) (NN backyard)))) (CC and) (VP (VBD turned) (NP (PRP it)) (PP (IN into) (NP (NP (NN part)) (PP (IN of) (NP (DT the) (NN house))))))) (-DFL- E_S)),82,103.72,107.17999999999999
sw04utt/sw_0450_4886.utt,4/sw4886,4886,58,%,B,30,2,"{C so } # it was, # -/","so/RB  [ it/PRP ] was/VBD ,/,","(S (RB so) (NP-SBJ (PRP it)) (VP-UNF (VBD was)) (, ,) (-DFL- N_S))",83,0.0,0.0
sw04utt/sw_0450_4886.utt,4/sw4886,4886,59,qy,A,31,1,"# [ {C A-, } + {C and } ] # [ you knew how, + you knew how ] to do the framing? /","[ A-/CC ] ,/, and/CC  [ you/PRP ] knew/VBD how/WRB ,/,  [ you/PRP ] knew/VBD how/WRB to/TO do/VB  [ the/DT framing/NN ] ?/.","(S (EDITED (RM (-DFL- \[)) (CC A-) (, ,) (IP (-DFL- \+))) (CC and) (RS (-DFL- \])) (EDITED (RM (-DFL- \[)) (S (NP-SBJ (PRP you)) (VP (VBD knew) (SBAR-UNF (WHADVP (WRB how))))) (, ,) (IP (-DFL- \+))) (NP-SBJ (PRP you)) (VP (VBD knew) (SBAR (WHADVP-1 (WRB how)) (RS (-DFL- \])) (S (NP-SBJ (-NONE- *)) (VP (TO to) (VP (VB do) (NP (DT the) (NN framing)) (ADVP-MNR (-NONE- *T*-1))))))) (. ?) (-DFL- E_S))",85,108.0,109.84
sw04utt/sw_0450_4886.utt,4/sw4886,4886,60,no,B,32,1,"{F Uh, } {D well } my dad knew how to do most of it, # {D you know. } # /","[ Uh/UH ] ,/, well/UH  [ my/PRP$ dad/NN ] knew/VBD how/WRB to/TO do/VB most/JJS of/IN  [ it/PRP ] ,/,  [ you/PRP ] know/VBP ./.","(S (INTJ (UH Uh)) (, ,) (INTJ (UH well)) (NP-SBJ (PRP$ my) (NN dad)) (VP (VBD knew) (SBAR (WHADVP-1 (WRB how)) (S (NP-SBJ (-NONE- *)) (VP (TO to) (VP (VB do) (NP (NP (JJS most)) (PP (IN of) (NP (PRP it)))) (ADVP-MNR (-NONE- *T*-1)))))) (PRN (, ,) (S (NP-SBJ (PRP you)) (VP (VBP know))))) (. .) (-DFL- E_S))",87,110.06,112.10000000000001
sw04utt/sw_0450_4886.utt,4/sw4886,4886,61,b,A,33,1,# Uh-huh. # /,[ Uh-huh/UH ] ./.,(INTJ (UH Uh-huh) (. .) (-DFL- E_S)),89,112.1,112.36
sw04utt/sw_0450_4886.utt,4/sw4886,4886,62,sd,B,34,1,"[ [ He, + he'd, ] + we'd ] gotten a couple of books  /","[ He/PRP ] ,/,  [ he/PRP ] 'd/VBD ,/,  [ we/PRP ] 'd/VBD gotten/VBN  [ a/DT couple/NN ] of/IN  [ books/NNS ]","(S (EDITED (RM (-DFL- \[)) (EDITED (RM (-DFL- \[)) (NP-SBJ (PRP He)) (, ,) (IP (-DFL- \+))) (S (NP-SBJ (PRP he)) (VP-UNF (VBD 'd)) (, ,) (RS (-DFL- \])) (IP (-DFL- \+)))) (NP-SBJ (PRP we)) (VP (VBD 'd) (RS (-DFL- \])) (VP (VBN gotten) (NP (NP (DT a) (NN couple)) (PP (IN of) (NP (NNS books)))))) (-DFL- E_S))",91,112.36,114.72
sw04utt/sw_0450_4886.utt,4/sw4886,4886,63,sd,B,34,2,{C and then } he just started doing it.  /,and/CC then/RB  [ he/PRP ] just/RB started/VBD doing/VBG  [ it/PRP ] ./.,(S (CONJP (CC and) (RB then)) (NP-SBJ-1 (PRP he)) (ADVP (RB just)) (VP (VBD started) (S (NP-SBJ (-NONE- *-1)) (VP (VBG doing) (NP (PRP it))))) (. .) (-DFL- E_S)),92,114.72,117.0
sw04utt/sw_0450_4886.utt,4/sw4886,4886,64,h,B,34,3,I don't know.  /,[ I/PRP ] do/VBP n't/RB know/VB ./.,(S (NP-SBJ (PRP I)) (VP (VBP do) (RB n't) (VP (VB know))) (. .) (-DFL- E_S)),93,117.0,117.38
sw04utt/sw_0450_4886.utt,4/sw4886,4886,65,sd,B,34,4,"[  He, + {D well } he ] did all the flooring himself.  /","[ He/PRP ] ,/, well/UH  [ he/PRP ] did/VBD  [ all/PDT the/DT flooring/NN ] [ himself/PRP ] ./.","(S (EDITED (RM (-DFL- \[)) (NP-SBJ (PRP He)) (, ,) (IP (-DFL- \+))) (INTJ (UH well)) (NP-SBJ (PRP he)) (RS (-DFL- \])) (VP (VBD did) (NP (PDT all) (DT the) (NN flooring)) (NP-ADV (PRP himself))) (. .) (-DFL- E_S))",94,117.38,119.17999999999999
sw04utt/sw_0450_4886.utt,4/sw4886,4886,66,sd,B,34,5,"He put [ the whole, + the whole ] floor in  /","[ He/PRP ] put/VBD  [ the/DT whole/JJ ] ,/,  [ the/DT whole/JJ floor/NN ] in/RP","(S (NP-SBJ (PRP He)) (VP (VBD put) (EDITED (RM (-DFL- \[)) (NP-UNF (DT the) (JJ whole)) (, ,) (IP (-DFL- \+))) (NP (DT the) (JJ whole) (RS (-DFL- \])) (NN floor)) (PRT (RP in))) (-DFL- E_S))",95,119.18,121.2
sw04utt/sw_0450_4886.utt,4/sw4886,4886,67,sd,B,34,6,{C and then } I just started with the walls and the roof and  started there.  /,and/CC then/RB  [ I/PRP ] just/RB started/VBD with/IN  [ the/DT walls/NNS ] and/CC  [ the/DT roof/NN ] and/CC started/VBD there/RB ./.,(S (CONJP (CC and) (RB then)) (NP-SBJ (PRP I)) (ADVP (RB just)) (VP (VP (VBD started) (PP (IN with) (NP (NP (DT the) (NNS walls)) (CC and) (NP (DT the) (NN roof))))) (CC and) (VP (VBD started) (ADVP-LOC (RB there)))) (. .) (-DFL- E_S)),96,121.2,124.68
sw04utt/sw_0450_4886.utt,4/sw4886,4886,68,sd,B,34,7,"{C And then } we [ were, + ] put [ a, + {D like } a, ] [ not, + not ] necessarily a garage, but just {D like } a,  off the side of that - /","And/CC then/RB  [ we/PRP ] were/VBD ,/, put/VBD  [ a/DT ] ,/, like/IN  [ a/DT ] ,/, not/RB ,/, not/RB necessarily/RB  [ a/DT garage/NN ] ,/, but/CC just/RB like/IN  [ a/DT ] ,/, off/IN  [ the/DT side/NN ] of/IN  [ that/DT ]","(S (CONJP (CC And) (RB then)) (NP-SBJ (PRP we)) (EDITED (RM (-DFL- \[)) (VP-UNF (VBD were)) (, ,) (IP (-DFL- \+)) (RS (-DFL- \]))) (VP (VBD put) (EDITED (RM (-DFL- \[)) (NP-UNF (DT a)) (, ,) (IP (-DFL- \+))) (INTJ (UH like)) (EDITED (NP-UNF (DT a)) (, ,) (RS (-DFL- \]))) (NP (EDITED (RM (-DFL- \[)) (CONJP-UNF (RB not)) (, ,) (IP (-DFL- \+))) (CONJP (RB not) (RS (-DFL- \])) (RB necessarily)) (NP (DT a) (NN garage)) (, ,) (CONJP (CC but) (RB just)) (INTJ (UH like)) (NP-UNF (DT a) (PRN (, ,) (PP-LOC (IN off) (NP (NP (DT the) (NN side)) (PP (IN of) (NP (DT that))))))))) (-DFL- N_S))",97,124.68,131.01999999999998
sw04utt/sw_0450_4886.utt,4/sw4886,4886,69,sd,B,34,8,"after we had the house part made, we just decided we'd carry the roof out a little bit farther and put a carport more or less.  /","after/IN  [ we/PRP ] had/VBD  [ the/DT house/NN part/NN ] made/VBN ,/,  [ we/PRP ] just/RB decided/VBD  [ we/PRP ] 'd/MD carry/VB  [ the/DT roof/NN ] out/RB  [ a/DT little/JJ bit/NN ] farther/RBR and/CC put/VB  [ a/DT carport/NN ] more/RBR or/CC  [ less/RBR ] ./.","(S (SBAR-TMP (IN after) (S (NP-SBJ (PRP we)) (VP (VBD had) (S (NP-SBJ-1 (DT the) (NN house) (NN part)) (VP (VBN made) (NP (-NONE- *-1))))))) (, ,) (NP-SBJ (PRP we)) (ADVP (RB just)) (VP (VBD decided) (SBAR (-NONE- 0) (S (NP-SBJ (PRP we)) (VP (MD 'd) (VP (VP (VB carry) (NP (DT the) (NN roof)) (ADVP-DIR (RB out)) (ADVP-DIR (NP (DT a) (JJ little) (NN bit)) (RBR farther))) (CC and) (VP (VB put) (NP (DT a) (NN carport))))))) (ADVP (RBR more) (CC or) (RBR less))) (. .) (-DFL- E_S))",98,131.02,136.5
sw04utt/sw_0450_4886.utt,4/sw4886,4886,70,sd,B,34,9,"[  It's not, + {D you know, } it's not ] enclosed.  /","[ It/PRP ] 's/BES not/RB ,/,  [ you/PRP ] know/VBP ,/,  [ it/PRP ] 's/BES not/RB enclosed/JJ ./.","(S (EDITED (RM (-DFL- \[)) (S (NP-SBJ (PRP It)) (VP-UNF (BES 's) (RB not))) (, ,) (IP (-DFL- \+))) (PRN (S (NP-SBJ (PRP you)) (VP (VBP know))) (, ,)) (NP-SBJ-1 (PRP it)) (VP (BES 's) (RB not) (RS (-DFL- \])) (VP (JJ enclosed) (NP (-NONE- *-1)))) (. .) (-DFL- E_S))",99,136.5,138.4
sw04utt/sw_0450_4886.utt,4/sw4886,4886,71,sd,B,34,10,"It's just somewhere to drive another car [ to, + to ] park  /","[ It/PRP ] 's/BES just/RB somewhere/RB to/TO drive/VB  [ another/DT car/NN ] to/TO ,/, to/TO  [ park/VB ]","(S (NP-SBJ (PRP It)) (VP (BES 's) (ADVP (RB just)) (ADVP-PRD (ADVP (RB somewhere)) (SBAR (WHADVP-3 (-NONE- 0)) (S (NP-SBJ-1 (-NONE- *)) (VP (TO to) (VP (VB drive) (NP (DT another) (NN car)) (ADVP-DIR (-NONE- *T*-3)) (S-PRP (NP-SBJ (-NONE- *-1)) (EDITED (RM (-DFL- \[)) (VP-UNF (TO to)) (, ,) (IP (-DFL- \+))) (VP (TO to) (RS (-DFL- \])) (VP (VB park)))))))))) (-DFL- E_S))",100,138.4,141.62
sw04utt/sw_0450_4886.utt,4/sw4886,4886,72,%,B,34,11,"{C and } it's, -/","and/CC  [ it/PRP ] 's/BES ,/,","(S (CC and) (NP-SBJ (PRP it)) (VP-UNF (BES 's)) (, ,) (-DFL- N_S))",101,141.62,141.79999999999998
sw04utt/sw_0450_4886.utt,4/sw4886,4886,73,qr,A,35,1,"[ Do, + do ] you build on slabs down there or did you build it up off the ground? /","Do/VBP ,/, do/VBP  [ you/PRP ] build/VB on/IN  [ slabs/NNS ] down/IN there/RB or/CC did/VBD  [ you/PRP ] build/VB  [ it/PRP ] up/IN off/IN  [ the/DT ground/NN ] ?/.","(SQ (EDITED (RM (-DFL- \[)) (VBP Do) (, ,) (IP (-DFL- \+))) (VBP do) (RS (-DFL- \])) (NP-SBJ (PRP you)) (VP (VB build) (PP-LOC (IN on) (NP (NNS slabs))) (PP-LOC (IN down) (ADVP (RB there)))))|||(SQ (CC or) (VBD did) (NP-SBJ (PRP you)) (VP (VB build) (NP (PRP it)) (PP-LOC (IN up) (PP (IN off) (NP (DT the) (NN ground))))) (. ?) (-DFL- E_S))",103|||104,141.92,144.54
sw04utt/sw_0450_4886.utt,4/sw4886,4886,74,sd,B,36,1,"{F Uh, } it's off the ground. /","[ Uh/UH ] ,/,  [ it/PRP ] 's/BES off/IN  [ the/DT ground/NN ] ./.","(S (INTJ (UH Uh)) (, ,) (NP-SBJ (PRP it)) (VP (BES 's) (PP-LOC-PRD (IN off) (NP (DT the) (NN ground)))) (. .) (-DFL- E_S))",106,144.78,145.78
sw04utt/sw_0450_4886.utt,4/sw4886,4886,75,qy,A,37,1,On the piers? /,On/IN  [ the/DT piers/NNS ] ?/.,(PP-LOC (IN On) (NP (DT the) (NNS piers)) (. ?) (-DFL- E_S)),108,146.22,147.07999999999998
sw04utt/sw_0450_4886.utt,4/sw4886,4886,76,ny,B,38,1,Uh-huh.  /,[ Uh-huh/UH ] ./.,(INTJ (UH Uh-huh) (. .) (-DFL- E_S)),89,147.24,147.56
sw04utt/sw_0450_4886.utt,4/sw4886,4886,77,sd,B,38,2,It's on about --,[ It/PRP ] 's/BES on/IN about/RB --/:,"(S (NP-SBJ (PRP It)) (VP (BES 's) (PP-LOC-PRD (IN on) (NP (NP (ADJP (QP (RB about) (INTJ (UH uh)) (, ,) (CD twenty-two)) (NN inch)) (NNS piers)) (, ,) (NP (NP (NN something)) (PP (IN like) (NP (DT that))))))) (. .) (-DFL- E_S))",111,147.78,148.44
sw04utt/sw_0450_4886.utt,4/sw4886,4886,78,%,A,39,1,"Did, -/","Did/VBD ,/,","(SQ-UNF (VBD Did) (, ,) (-DFL- N_S))",113,148.74,148.9
sw04utt/sw_0450_4886.utt,4/sw4886,4886,79,+,B,40,1,"-- {F uh, } twenty-two inch piers, something like that. /","--/:  [ uh/UH ] ,/,  [ twenty-two/CD inch/NN piers/NNS ] ,/,  [ something/NN ] like/IN  [ that/DT ] ./.","(S (NP-SBJ (PRP It)) (VP (BES 's) (PP-LOC-PRD (IN on) (NP (NP (ADJP (QP (RB about) (INTJ (UH uh)) (, ,) (CD twenty-two)) (NN inch)) (NNS piers)) (, ,) (NP (NP (NN something)) (PP (IN like) (NP (DT that))))))) (. .) (-DFL- E_S))",111,148.9,151.84
sw04utt/sw_0450_4886.utt,4/sw4886,4886,80,qy^d,A,41,1,You had those # poured # -- /,[ You/PRP ] had/VBD  [ those/DT ] poured/VBN --/:,(S (NP-SBJ (PRP You)) (VP (VBD had) (S (NP-SBJ-1 (DT those)) (VP (VBN poured) (NP (-NONE- *-1))))) (-DFL- E_S)),116,151.84,152.32
sw04utt/sw_0450_4886.utt,4/sw4886,4886,81,%,B,42,1,# {D So. }  # -/,So/RB ./.,(INTJ (UH So) (. .) (-DFL- N_S)),118,152.32,152.45999999999998
sw04utt/sw_0450_4886.utt,4/sw4886,4886,82,qr^d,A,43,1,-- {C or } you did them yourself? /,--/: or/CC  [ you/PRP ] did/VBD  [ them/PRP ] [ yourself/PRP ] ?/.,(S (CC or) (NP-SBJ (PRP you)) (VP (VBD did) (NP (PRP them)) (NP-ADV (PRP yourself))) (. ?) (-DFL- E_S)),120,152.46,153.02
sw04utt/sw_0450_4886.utt,4/sw4886,4886,83,nn,B,44,1,"{F Uh, } no,  /","[ Uh/UH ] ,/, no/UH ,/,","(INTJ (INTJ (UH Uh)) (, ,) (INTJ (UH no)) (, ,) (-DFL- E_S))",122,153.02,153.34
sw04utt/sw_0450_4886.utt,4/sw4886,4886,84,%,B,44,2,"[ those, + those ] are, - /","[ those/DT ] ,/,  [ those/DT ] are/VBP ,/,","(S (EDITED (RM (-DFL- \[)) (NP-SBJ (DT those)) (, ,) (IP (-DFL- \+))) (NP-SBJ (DT those)) (RS (-DFL- \])) (VP-UNF (VBP are)) (, ,) (-DFL- N_S))",123,153.5,154.38
sw04utt/sw_0450_4886.utt,4/sw4886,4886,85,sd^e,B,44,3,we did those ourselves  /,[ we/PRP ] did/VBD  [ those/DT ] [ ourselves/PRP ],(S (NP-SBJ (PRP we)) (VP (VBD did) (NP (DT those)) (NP-ADV (PRP ourselves))) (-DFL- E_S)),124,154.4,155.34
sw04utt/sw_0450_4886.utt,4/sw4886,4886,86,%,B,44,4,{C so. } -/,so/RB ./.,(S-UNF (RB so) (. .) (-DFL- N_S)),125,155.34,155.42000000000002
sw04utt/sw_0450_4886.utt,4/sw4886,4886,87,qy,A,45,1,You just put forms in the ground and fill them with concrete? /,[ You/PRP ] just/RB put/VBP  [ forms/NNS ] in/IN  [ the/DT ground/NN ] and/CC fill/VBP  [ them/PRP ] with/IN  [ concrete/NN ] ?/.,(S (NP-SBJ (PRP You)) (ADVP (RB just)) (VP (VP (VBP put) (NP (NNS forms)) (PP-PUT (IN in) (NP (DT the) (NN ground)))) (CC and) (VP (VBP fill) (NP (PRP them)) (PP (IN with) (NP (NN concrete))))) (. ?) (-DFL- E_S)),127,155.42,158.64
sw04utt/sw_0450_4886.utt,4/sw4886,4886,88,ny,B,46,1,Yeah. /,Yeah/UH ./.,(INTJ (UH Yeah) (. .) (-DFL- E_S)),129,159.04,159.22
sw04utt/sw_0450_4886.utt,4/sw4886,4886,89,b,A,47,1,{F Huh. } /,Huh/UH ./.,(INTJ (UH Huh) (. .) (-DFL- E_S)),131,159.68,159.86
sw04utt/sw_0450_4886.utt,4/sw4886,4886,90,na,B,48,1,"Exactly,  /","Exactly/UH ,/,","(INTJ (UH Exactly) (, ,) (-DFL- E_S))",133,159.86,160.28
sw04utt/sw_0450_4886.utt,4/sw4886,4886,91,%,B,48,2,"{C so. }   # It's, # -/","so/RB ./.  [ It/PRP ] 's/BES ,/,","(S (RB so) (. .) (NP-SBJ (PRP It)) (VP-UNF (BES 's)) (, ,) (-DFL- N_S))",134,0.0,0.0
sw04utt/sw_0450_4886.utt,4/sw4886,4886,92,sd,A,49,1,"# {D Well, } # the last thing I did completely myself was an outside deck which I was pretty proud of <laughter> <noise>. /","Well/UH ,/,  [ the/DT last/JJ thing/NN ] [ I/PRP ] did/VBD completely/RB  [ myself/PRP ] was/VBD  [ an/DT outside/JJ deck/NN ] [ which/WDT ] [ I/PRP ] was/VBD pretty/RB proud/JJ of/IN ./.","(S (INTJ (UH Well)) (, ,) (NP-SBJ (NP (DT the) (JJ last) (NN thing)) (SBAR (WHNP-1 (-NONE- 0)) (S (NP-SBJ (PRP I)) (VP (VBD did) (NP (-NONE- *T*-1)) (NP-ADV (RB completely) (PRP myself)))))) (VP (VBD was) (NP-PRD (NP (DT an) (JJ outside) (NN deck)) (SBAR (WHNP-2 (WDT which)) (S (NP-SBJ (PRP I)) (VP (VBD was) (ADJP-PRD (RB pretty) (JJ proud) (PP (IN of) (NP (-NONE- *T*-2))))))))) (. .) (-DFL- E_S))",136,161.4,165.64000000000001
sw04utt/sw_0450_4886.utt,4/sw4886,4886,93,b,B,50,1,"Yeah,  /","Yeah/UH ,/,","(INTJ (UH Yeah) (, ,) (-DFL- E_S))",138,165.74,166.14000000000001
sw04utt/sw_0450_4886.utt,4/sw4886,4886,94,%,B,50,2,"[ those ar-, + those are, ] - /","[ those/DT ar/VBP ] ,/,  [ those/DT ] are/VBP ,/,","(S (EDITED (RM (-DFL- \[)) (S (NP-SBJ (DT those)) (VP-UNF (VBP ar-))) (, ,) (IP (-DFL- \+))) (NP-SBJ (DT those)) (VP-UNF (VBP are)) (, ,) (RS (-DFL- \])) (-DFL- N_S))",139,166.14,166.72
sw04utt/sw_0450_4886.utt,4/sw4886,4886,95,sd,B,50,3,"[ we'd, + I've  ] done one,  /","[ we/PRP ] 'd/VBD ,/,  [ I/PRP ] 've/VBP done/VBN  [ one/CD ] ,/,","(S (EDITED (RM (-DFL- \[)) (S (NP-SBJ (PRP we)) (VP-UNF (VBD 'd))) (, ,) (IP (-DFL- \+))) (NP-SBJ (PRP I)) (VP (VBP 've) (RS (-DFL- \])) (VP (VBN done) (NP (CD one)))) (, ,) (-DFL- E_S))",140,167.16,167.82
sw04utt/sw_0450_4886.utt,4/sw4886,4886,96,sd,B,50,4,I helped somebody do one of those before.  /,[ I/PRP ] helped/VBD  [ somebody/NN ] do/VB  [ one/CD ] of/IN  [ those/DT ] before/RB ./.,(S (NP-SBJ (PRP I)) (VP (VBD helped) (S (NP-SBJ (NN somebody)) (VP (VB do) (NP (NP (CD one)) (PP (IN of) (NP (DT those)))))) (ADVP-TMP (RB before))) (. .) (-DFL- E_S)),141,167.82,169.38
sw04utt/sw_0450_4886.utt,4/sw4886,4886,97,%,B,50,5,"[  Those are, + those are, ]  {D you know, } - /","[ Those/DT ] are/VBP ,/,  [ those/DT ] are/VBP ,/,  [ you/PRP ] know/VBP ,/,","(S (EDITED (RM (-DFL- \[)) (S (NP-SBJ (DT Those)) (VP-UNF (VBP are))) (, ,) (IP (-DFL- \+))) (NP-SBJ (DT those)) (VP-UNF (VBP are) (PRN (, ,) (RS (-DFL- \])) (S (NP-SBJ (PRP you)) (VP (VBP know))))) (, ,) (-DFL- N_S))",142,169.38,171.08
sw04utt/sw_0450_4886.utt,4/sw4886,4886,98,sd,B,50,6,you can  buy them in kits  /,[ you/PRP ] can/MD buy/VB  [ them/PRP ] in/IN  [ kits/NNS ],(S (NP-SBJ (PRP you)) (VP (MD can) (VP (VB buy) (NP (PRP them)) (PP (IN in) (NP (NNS kits))))) (-DFL- E_S)),143,171.08,172.07999999999998
sw04utt/sw_0450_4886.utt,4/sw4886,4886,99,sd,B,50,7,{C but } we didn't do that way.  /,but/CC  [ we/PRP ] did/VBD n't/RB do/VB  [ that/DT way/NN ] ./.,(S (CC but) (NP-SBJ (PRP we)) (VP (VBD did) (RB n't) (VP (VB do) (NP (DT that) (NN way)))) (. .) (-DFL- E_S)),144,172.08,173.2
sw04utt/sw_0450_4886.utt,4/sw4886,4886,100,%,B,50,8,"{C But } it's, -/","But/CC  [ it/PRP ] 's/BES ,/,","(S (CC But) (NP-SBJ (PRP it)) (VP-UNF (BES 's)) (, ,) (-DFL- N_S))",145,173.2,173.5
sw04utt/sw_0450_4886.utt,4/sw4886,4886,101,ar,A,51,1,No  /,No/UH,(INTJ (UH No) (-DFL- E_S)),147,173.7,173.83999999999997
sw04utt/sw_0450_4886.utt,4/sw4886,4886,102,sd,A,51,2,I designed it from scratch and # [ did it # + --,[ I/PRP ] designed/VBD  [ it/PRP ] from/IN  [ scratch/NN ] and/CC did/VBD  [ it/PRP ] --/:,(S (NP-SBJ (PRP I)) (VP (VP (VBD designed) (NP (PRP it)) (PP (IN from) (NP (NN scratch)))) (CC and) (RM (-DFL- \[)) (VP (VBD did) (NP (PRP it)))) (IP (-DFL- \+))),148,173.84,175.2
sw04utt/sw_0450_4886.utt,4/sw4886,4886,103,b,B,52,1,# Yeah. # /,Yeah/UH ./.,(INTJ (UH Yeah) (. .) (-DFL- E_S)),129,175.22,175.52
sw04utt/sw_0450_4886.utt,4/sw4886,4886,104,+,A,53,1,-- did a ] pretty good job.  /,--/: did/VBD  [ a/DT pretty/RB good/JJ job/NN ] ./.,(S (NP-SBJ (-NONE- *)) (VP (VBD did) (NP (DT a) (RS (-DFL- \])) (ADJP (RB pretty) (JJ good)) (NN job))) (. .) (-DFL- E_S)),149,175.52,176.38000000000002
sw04utt/sw_0450_4886.utt,4/sw4886,4886,105,sv,A,53,2,Those are nice.  /,[ Those/DT ] are/VBP nice/JJ ./.,(S (NP-SBJ (DT Those)) (VP (VBP are) (ADJP-PRD (JJ nice))) (. .) (-DFL- E_S)),153,176.38,176.92000000000002
sw04utt/sw_0450_4886.utt,4/sw4886,4886,106,sv,A,53,3,"They're pretty forgiving, {D you know. }  /","[ They/PRP ] 're/VBP pretty/RB forgiving/JJ ,/,  [ you/PRP ] know/VBP ./.","(S (NP-SBJ (PRP They)) (VP (VBP 're) (ADJP-PRD (RB pretty) (JJ forgiving)) (PRN (, ,) (S (NP-SBJ (PRP you)) (VP (VBP know))))) (. .) (-DFL- E_S))",154,176.92,178.02
sw04utt/sw_0450_4886.utt,4/sw4886,4886,107,sd,A,53,4,You can always tear # stuff out and redo it.  /,[ You/PRP ] can/MD always/RB tear/VB stuff/NN out/RB and/CC redo/VB  [ it/PRP ] ./.,(S (NP-SBJ (PRP You)) (VP (MD can) (ADVP-TMP (RB always)) (VP (VP (VB tear) (NP (NN stuff)) (ADVP-DIR (RB out))) (CC and) (VP (VB redo) (NP (PRP it))))) (. .) (-DFL- E_S)),155,178.02,178.70000000000002
sw04utt/sw_0450_4886.utt,4/sw4886,4886,108,%,A,53,5,"It's a, # -/","[ It/PRP ] 's/BES  [ a/DT ] ,/,","(S (NP-SBJ (PRP It)) (VP (BES 's) (NP-PRD-UNF (DT a))) (, ,) (-DFL- N_S))",156,0.0,0.0
sw04utt/sw_0450_4886.utt,4/sw4886,4886,109,b,B,54,1,"#  Yeah,  /","Yeah/UH ,/,","(INTJ (UH Yeah) (, ,) (-DFL- E_S))",138,178.72,178.94
sw04utt/sw_0450_4886.utt,4/sw4886,4886,110,b^r,B,54,2,yeah.  /,yeah/UH ./.,(INTJ (UH yeah) (. .) (-DFL- E_S)),159,179.34,179.70000000000002
sw04utt/sw_0450_4886.utt,4/sw4886,4886,111,sv,B,54,3,"#  That's not near,","[ That/DT ] 's/BES not/RB  [ near/RB ] ,/,","(S (NP-SBJ (DT That)) (VP (BES 's) (RB not) (PP-PRD (ADVP (RB near)) (, ,) (IN like) (S-NOM (NP-SBJ (-NONE- *)) (VP (VP (VBG building) (NP (DT a) (NN house))) (CC or) (NP-ETC (NN anything)))))) (-DFL- E_S))",160,179.8,180.74
sw04utt/sw_0450_4886.utt,4/sw4886.pos,4886,112,x@,A,55,1,<Throat_clearing>.   *[[slash error]],./.,,,0.0,0.0
sw04utt/sw_0450_4886.utt,4/sw4886,4886,113,+,B,56,1,like building a house or anything  /,like/IN building/VBG  [ a/DT house/NN ] or/CC  [ anything/NN ],"(S (NP-SBJ (DT That)) (VP (BES 's) (RB not) (PP-PRD (ADVP (RB near)) (, ,) (IN like) (S-NOM (NP-SBJ (-NONE- *)) (VP (VP (VBG building) (NP (DT a) (NN house))) (CC or) (NP-ETC (NN anything)))))) (-DFL- E_S))",160,180.74,182.44000000000003
sw04utt/sw_0450_4886.utt,4/sw4886,4886,114,%,B,56,2,"{C but, } -/","but/CC ,/,","(S-UNF (CC but) (, ,) (-DFL- N_S))",163,182.82,182.92
sw04utt/sw_0450_4886.utt,4/sw4886,4886,115,+@,A,57,1,Right <throat_clearing>. /   *[[slash error should be 'aa']],[ Right/UH ] ./.,(INTJ (UH Right) (. .) (-DFL- E_S)),165,182.92,183.1
sw04utt/sw_0450_4886.utt,4/sw4886,4886,116,aa,B,58,1,"Yeah,  /","Yeah/UH ,/,","(INTJ (UH Yeah) (, ,) (-DFL- E_S))",138,183.1,183.2
sw04utt/sw_0450_4886.utt,4/sw4886,4886,117,sv,B,58,2,those are nice.  /,[ those/DT ] are/VBP nice/JJ ./.,(S (NP-SBJ (DT those)) (VP (VBP are) (ADJP-PRD (JJ nice))) (. .) (-DFL- E_S)),168,183.2,183.68
sw04utt/sw_0450_4886.utt,4/sw4886,4886,118,sv,B,58,3,"Especially when you get done, you've got something, {D you know. }  /","Especially/RB when/WRB  [ you/PRP ] get/VBP done/VBN ,/,  [ you/PRP ] 've/VBP got/VBN  [ something/NN ] ,/,  [ you/PRP ] know/VBP ./.","(S (SBAR-TMP (ADVP (RB Especially)) (WHADVP-1 (WRB when)) (S (NP-SBJ (PRP you)) (VP (VBP get) (ADJP-PRD (VBN done)) (ADVP-TMP (-NONE- *T*-1))))) (, ,) (NP-SBJ (PRP you)) (VP (VBP 've) (VP (VBN got) (NP (NN something)) (PRN (, ,) (S (NP-SBJ (PRP you)) (VP (VBP know)))))) (. .) (-DFL- E_S))",169,183.68,186.28
sw04utt/sw_0450_4886.utt,4/sw4886,4886,119,h,B,58,4,"I don't know,  /","[ I/PRP ] do/VBP n't/RB know/VB ,/,","(S (NP-SBJ (PRP I)) (VP (VBP do) (RB n't) (VP (VB know))) (, ,) (-DFL- E_S))",170,186.46,186.84
sw04utt/sw_0450_4886.utt,4/sw4886,4886,120,sd,B,58,5,I like them.  /,[ I/PRP ] like/VBP  [ them/PRP ] ./.,(S (NP-SBJ (PRP I)) (VP (VBP like) (NP (PRP them))) (. .) (-DFL- E_S)),171,186.84,187.26
sw04utt/sw_0450_4886.utt,4/sw4886,4886,121,sd,B,58,6,You just sit down [ on -- +,[ You/PRP ] just/RB sit/VBP down/RB on/IN --/:,(S (NP-SBJ (PRP You)) (ADVP (RB just)) (VP (VP (VBP sit) (PRT (RB down)) (EDITED (RM (-DFL- \[)) (PP-LOC-UNF (IN on)) (IP (-DFL- \+))) (PP-LOC (IN on) (RS (-DFL- \])) (NP (DT the) (NN deck)))) (CC and) (VP (VP (VBP do) (NP (WDT whatever))) (. .) (VP (VBP Have) (NP (DT a) (NN barbecue))))) (-DFL- E_S)),172,187.26,188.34
sw04utt/sw_0450_4886.utt,4/sw4886,4886,122,b,A,59,1,Yeah. /,Yeah/UH ./.,(INTJ (UH Yeah) (. .) (-DFL- E_S)),151,188.6,188.68
sw04utt/sw_0450_4886.utt,4/sw4886,4886,123,+,B,60,1,-- on ] the deck and do whatever.  # Have # --,--/: on/IN  [ the/DT deck/NN ] and/CC do/VBP  [ whatever/WDT ] ./.  Have/VBP --/:,(S (NP-SBJ (PRP You)) (ADVP (RB just)) (VP (VP (VBP sit) (PRT (RB down)) (EDITED (RM (-DFL- \[)) (PP-LOC-UNF (IN on)) (IP (-DFL- \+))) (PP-LOC (IN on) (RS (-DFL- \])) (NP (DT the) (NN deck)))) (CC and) (VP (VP (VBP do) (NP (WDT whatever))) (. .) (VP (VBP Have) (NP (DT a) (NN barbecue))))) (-DFL- E_S)),172,188.68,190.3
sw04utt/sw_0450_4886.utt,4/sw4886,4886,124,sd,A,61,1,# [ I # + --,[ I/PRP ] --/:,"(S (INTJ (UH Well)) (, ,) (NP-SBJ (NP (DT the) (JJ last) (NN thing)) (SBAR (WHNP-1 (-NONE- 0)) (S (NP-SBJ (PRP I)) (VP (VBD did) (NP (-NONE- *T*-1)) (NP-ADV (RB completely) (PRP myself)))))) (VP (VBD was) (NP-PRD (NP (DT an) (JJ outside) (NN deck)) (SBAR (WHNP-2 (WDT which)) (S (NP-SBJ (PRP I)) (VP (VBD was) (ADJP-PRD (RB pretty) (JJ proud) (PP (IN of) (NP (-NONE- *T*-2))))))))) (. .) (-DFL- E_S))",136,0.0,0.0
sw04utt/sw_0450_4886.utt,4/sw4886,4886,125,+,B,62,1,-- a barbecue  /,--/:  [ a/DT barbecue/NN ],(S (NP-SBJ (PRP You)) (ADVP (RB just)) (VP (VP (VBP sit) (PRT (RB down)) (EDITED (RM (-DFL- \[)) (PP-LOC-UNF (IN on)) (IP (-DFL- \+))) (PP-LOC (IN on) (RS (-DFL- \])) (NP (DT the) (NN deck)))) (CC and) (VP (VP (VBP do) (NP (WDT whatever))) (. .) (VP (VBP Have) (NP (DT a) (NN barbecue))))) (-DFL- E_S)),172,190.3,191.0
sw04utt/sw_0450_4886.utt,4/sw4886,4886,126,%,B,62,2,"{C or, } -/","or/CC ,/,","(S-UNF (CC or) (, ,) (-DFL- N_S))",179,191.0,191.18
sw04utt/sw_0450_4886.utt,4/sw4886,4886,127,+,A,63,1,"-- I ] built it two levels  and with a big toy box and some benches and, {F uh, } a backrest and all that stuff.  /","--/:  [ I/PRP ] built/VBD  [ it/PRP ] [ two/CD levels/NNS ] and/CC with/IN  [ a/DT big/JJ toy/NN box/NN ] and/CC  [ some/DT benches/NNS ] and/CC ,/,  [ uh/UH ] ,/,  [ a/DT backrest/NN ] and/CC  [ all/PDT that/DT stuff/NN ] ./.","(S (EDITED (RM (-DFL- \[)) (NP-SBJ (PRP I)) (IP (-DFL- \+))) (NP-SBJ (PRP I)) (RS (-DFL- \])) (VP (VBD built) (NP-1 (PRP it)) (S-ADV (NP-SBJ (-NONE- *-1)) (UCP-PRD (NP (CD two) (NNS levels)) (CC and) (PP (IN with) (NP (NP (DT a) (JJ big) (NN toy) (NN box)) (CC and) (NP (DT some) (NNS benches)) (CC and) (, ,) (INTJ (UH uh)) (, ,) (NP (DT a) (NN backrest)) (CC and) (NP (PDT all) (DT that) (NN stuff))))))) (. .) (-DFL- E_S))",177,191.54,198.2
sw04utt/sw_0450_4886.utt,4/sw4886,4886,128,%,A,63,2,"I, -/","[ I/PRP ] ,/,","(S-UNF (NP-SBJ (PRP I)) (, ,) (-DFL- N_S))",181,198.2,198.28
sw04utt/sw_0450_4886.utt,4/sw4886,4886,129,b,B,64,1,"Yeah,  /","Yeah/UH ,/,","(INTJ (UH Yeah) (, ,) (-DFL- E_S))",158,198.76,198.95999999999998
sw04utt/sw_0450_4886.utt,4/sw4886,4886,130,ba,B,64,2,that sounds nice. /,[ that/DT ] sounds/VBZ  [ nice/JJ ] ./.,(S (NP-SBJ (DT that)) (VP (VBZ sounds) (ADJP-PRD (JJ nice))) (. .) (-DFL- E_S)),184,198.96,199.64000000000001
sw04utt/sw_0450_4886.utt,4/sw4886.pos,4886,131,x@,A,65,1,<Throat_clearing>.   *[[slash error]],./.,,,0.0,0.0
sw04utt/sw_0450_4886.utt,4/sw4886,4886,132,qy^g,B,66,1,"All done by yourself, {F huh? } /","[ All/DT ] done/VBD by/IN  [ yourself/PRP ] ,/, huh/UH ?/.","(S (NP-SBJ-1 (DT All)) (VP (VBD done) (NP (-NONE- *-1)) (PP (IN by) (NP-LGS (PRP yourself)))) (, ,))|||(INTJ (UH huh) (. ?) (-DFL- E_S))",187|||188,199.66,200.74
sw04utt/sw_0450_4886.utt,4/sw4886,4886,133,+@,A,67,1,Yeah.  #  / *[[slash error should be 'ny']],Yeah/UH ./.,(INTJ (UH Yeah) (. .) (-DFL- E_S)),174,200.86,201.14000000000001
sw04utt/sw_0450_4886.utt,4/sw4886,4886,134,sd,A,67,2,I had # --,[ I/PRP ] had/VBD --/:,(S (NP-SBJ (PRP I)) (VP (VBD had) (NP (NP (DT a) (NN friend)) (PP (IN with) (NP (DT a) (NN tractor))) (SBAR (WHNP-1 (WP who)) (S (NP-SBJ (-NONE- *T*-1)) (VP (VBD dug) (NP (DT the) (NN pier) (NNS holes))))))) (-DFL- E_S)),191,201.14,201.48
sw04utt/sw_0450_4886.utt,4/sw4886,4886,135,%,B,68,1,"# Designed, # /","Designed/VBN ,/,","(S (NP-SBJ (-NONE- *)) (VP-UNF (VBN Designed)) (, ,) (-DFL- E_S))",193,0.0,0.0
sw04utt/sw_0450_4886.utt,4/sw4886,4886,136,+,A,69,1,-- a friend with a tractor who dug the pier holes  /,--/:  [ a/DT friend/NN ] with/IN  [ a/DT tractor/NN ] [ who/WP ] dug/VBD  [ the/DT pier/NN holes/NNS ],(S (NP-SBJ (PRP I)) (VP (VBD had) (NP (NP (DT a) (NN friend)) (PP (IN with) (NP (DT a) (NN tractor))) (SBAR (WHNP-1 (WP who)) (S (NP-SBJ (-NONE- *T*-1)) (VP (VBD dug) (NP (DT the) (NN pier) (NNS holes))))))) (-DFL- E_S)),191,201.48,203.68
sw04utt/sw_0450_4886.utt,4/sw4886,4886,137,sd,A,69,2,"{C so } we could pour concrete and support it with [ a, + a ] nice firm four by four posts.   /","so/IN [ we/PRP ] could/MD pour/VB  [ concrete/NN ] and/CC support/VB  [ it/PRP ] with/IN  [ a/DT ] ,/,  [ a/DT nice/JJ firm/JJ four/CD ] by/IN  [ four/CD posts/NNS ] ./.","(S (RB so) (NP-SBJ (PRP we)) (VP (MD could) (VP (VP (VB pour) (NP (NN concrete))) (CC and) (VP (VB support) (NP (PRP it)) (PP (IN with) (EDITED (RM (-DFL- \[)) (NP-UNF (DT a)) (, ,) (IP (-DFL- \+))) (NP (DT a) (RS (-DFL- \])) (JJ nice) (JJ firm) (NAC (CD four) (PP (IN by) (NP (CD four)))) (NNS posts)))))) (. .) (-DFL- E_S))",195,203.68,209.29999999999998
sw04utt/sw_0450_4886.utt,4/sw4886,4886,138,sd,A,69,3,"[ {C And, } +  {F uh } --","And/CC ,/,  [ uh/UH ] --/:","(S (EDITED (RM (-DFL- \[)) (CC And) (, ,) (IP (-DFL- \+))) (INTJ (UH uh)) (CONJP (CC and) (RB then)) (RS (-DFL- \])) (NP-TPC-1 (NP (DT the) (NN rest)) (PP (IN of) (NP (PRP it)))) (NP-SBJ (PRP I)) (ADVP (RB just)) (VP (VBD did) (NP (-NONE- *T*-1))) (. .) (-DFL- E_S))",196,209.3,209.66
sw04utt/sw_0450_4886.utt,4/sw4886,4886,139,b,B,70,1,</Static> Yeah. /,Yeah/UH ./.,(INTJ (UH Yeah) (. .) (-DFL- E_S)),174,210.26,210.45999999999998
sw04utt/sw_0450_4886.utt,4/sw4886,4886,140,+,A,71,1,-- {C and then } ] the rest of it I just did.  /,--/: and/CC then/RB  [ the/DT rest/NN ] of/IN  [ it/PRP ] [ I/PRP ] just/RB did/VBD ./.,"(S (EDITED (RM (-DFL- \[)) (CC And) (, ,) (IP (-DFL- \+))) (INTJ (UH uh)) (CONJP (CC and) (RB then)) (RS (-DFL- \])) (NP-TPC-1 (NP (DT the) (NN rest)) (PP (IN of) (NP (PRP it)))) (NP-SBJ (PRP I)) (ADVP (RB just)) (VP (VBD did) (NP (-NONE- *T*-1))) (. .) (-DFL- E_S))",196,210.46,211.64000000000001
sw04utt/sw_0450_4886.utt,4/sw4886,4886,141,sd,A,71,2,"[ A, + a ] contractor friend helped me, {F uh, } with some of the, {F uh, } foundation work  /","[ A/DT ] ,/,  [ a/DT contractor/NN friend/NN ] helped/VBD  [ me/PRP ] ,/,  [ uh/UH ] ,/, with/IN  [ some/DT ] of/IN  [ the/DT ] ,/,  [ uh/UH ] ,/,  [ foundation/NN work/NN ]","(S (EDITED (RM (-DFL- \[)) (NP-SBJ-UNF (DT A)) (, ,) (IP (-DFL- \+))) (NP-SBJ (DT a) (RS (-DFL- \])) (NN contractor) (NN friend)) (VP (VBD helped) (NP (PRP me)) (, ,) (INTJ (UH uh)) (, ,) (PP (IN with) (NP (NP (DT some)) (PP (IN of) (NP (DT the) (, ,) (INTJ (UH uh)) (, ,) (NN foundation) (NN work)))))) (-DFL- E_S))",200,212.08,217.29999999999998
sw04utt/sw_0450_4886.utt,4/sw4886,4886,142,%,A,71,3,"{C but, }  {F uh, }  it was pretty, - /","but/CC ,/,  [ uh/UH ] ,/,  [ it/PRP ] was/VBD pretty/JJ ,/,","(S (CC but) (, ,) (INTJ (UH uh)) (, ,) (NP-SBJ (PRP it)) (VP (VBD was) (ADJP-PRD-UNF (JJ pretty))) (, ,) (-DFL- N_S))",201,217.3,218.68
sw04utt/sw_0450_4886.utt,4/sw4886,4886,143,sd,A,71,4,it was about four or five hundred square feet.  /,[ it/PRP ] was/VBD about/RB  [ four/CD ] or/CC  [ five/CD hundred/CD square/NN feet/NNS ] ./.,(S (NP-SBJ (PRP it)) (VP (VBD was) (NP-PRD (QP (RB about) (CD four) (CC or) (CD five) (CD hundred)) (NN square) (NNS feet))) (. .) (-DFL- E_S)),202,218.7,220.44
sw04utt/sw_0450_4886.utt,4/sw4886,4886,144,sd,A,71,5,The same size as the addition that I just put on  /,[ The/DT same/JJ size/NN ] as/IN  [ the/DT addition/NN ] that/WDT  [ I/PRP ] just/RB put/VBP on/RP,(NP (NP (DT The) (JJ same) (NN size)) (PP (IN as) (NP (NP (DT the) (NN addition)) (SBAR (WHNP-1 (WDT that)) (S (NP-SBJ (PRP I)) (ADVP (RB just)) (VP (VBP put) (NP (-NONE- *T*-1)) (PRT (RP on))))))) (-DFL- E_S)),203,220.44,222.5
sw04utt/sw_0450_4886.utt,4/sw4886,4886,145,%,A,71,6,{C so. } -/,so/RB ./.,(S-UNF (RB so) (. .) (-DFL- N_S)),204,222.5,222.66
sw04utt/sw_0450_4886.utt,4/sw4886,4886,146,b,B,72,1,Yeah.  /,Yeah/UH ./.,(INTJ (UH Yeah) (. .) (-DFL- E_S)),190,222.94,223.12
sw04utt/sw_0450_4886.utt,4/sw4886,4886,147,ba,B,72,2,"[  That's pretty, + that's a good ] size deck. /","[ That/DT ] 's/BES pretty/RB ,/,  [ that/DT ] 's/BES  [ a/DT good/JJ size/NN deck/NN ] ./.","(S (EDITED (RM (-DFL- \[)) (S (NP-SBJ (DT That)) (VP (BES 's) (ADJP-PRD-UNF (RB pretty)))) (, ,) (IP (-DFL- \+))) (NP-SBJ (DT that)) (VP (BES 's) (NP-PRD (DT a) (JJ good) (RS (-DFL- \])) (NN size) (NN deck))) (. .) (-DFL- E_S))",207,223.12,224.58
sw04utt/sw_0450_4886.utt,4/sw4886,4886,148,aa,A,73,1,<Throat_clearing> Yeah. /,Yeah/UH ./.,(INTJ (UH Yeah) (. .) (-DFL- E_S)),190,225.28,225.48
sw04utt/sw_0450_4886.utt,4/sw4886,4886,149,b,B,74,1,"# {C So, }  yeah.  /","So/RB ,/, yeah/UH ./.","(FRAG (RB So) (, ,) (INTJ (UH yeah)) (. .) (-DFL- E_S))",211,225.88,226.54000000000002
sw04utt/sw_0450_4886.utt,4/sw4886,4886,150,%,B,74,2,"That's, # -/","[ That/DT ] 's/BES ,/,","(S (NP-SBJ (DT That)) (VP-UNF (BES 's)) (, ,) (-DFL- N_S))",212,226.54,226.67999999999998
sw04utt/sw_0450_4886.utt,4/sw4886,4886,151,sd,A,75,1,"# It's, {F uh, } # not that expensive.  /","[ It/PRP ] [ 's/BES ] ,/,  [ uh/UH ] ,/, not/RB that/RB  [ expensive/JJ ] ./.","(S (NP-SBJ (PRP It)) (VP (BES 's) (, ,) (INTJ (UH uh)) (, ,) (RB not) (ADJP-PRD (RB that) (JJ expensive))) (. .) (-DFL- E_S))",214,226.7,227.6
sw04utt/sw_0450_4886.utt,4/sw4886,4886,152,sd,A,75,2,"I think it cost me three dollars a square foot and, {F uh, } {D you know, } no less than that. /","[ I/PRP ] think/VBP  [ it/PRP ] cost/VBD  [ me/PRP ] [ three/CD dollars/NNS ] [ a/DT square/NN foot/NN ] and/CC ,/,  [ uh/UH ] ,/,  [ you/PRP ] know/VBP ,/, no/RB less/JJR than/IN  [ that/DT ] ./.","(S (NP-SBJ (PRP I)) (VP (VBP think) (SBAR (-NONE- 0) (S (NP-SBJ (PRP it)) (VP (VBD cost) (NP (PRP me)) (NP (NP (NP (CD three) (NNS dollars)) (NP-ADV (DT a) (NN square) (NN foot))) (CC and) (, ,) (INTJ (UH uh)) (PRN (, ,) (S (NP-SBJ (PRP you)) (VP (VBP know))) (, ,)) (NP (NP (ADJP (RB no) (JJR less))) (PP (IN than) (NP (DT that))))))))) (. .) (-DFL- E_S))",215,227.6,232.68
sw04utt/sw_0450_4886.utt,4/sw4886,4886,153,b,B,76,1,Yeah.  /,Yeah/UH ./.,(INTJ (UH Yeah) (. .) (-DFL- E_S)),190,233.04,233.2
sw04utt/sw_0450_4886.utt,4/sw4886,4886,154,ba,B,76,2,"That's not, -/","[ That/DT ] 's/BES not/RB ,/,","(S (NP-SBJ (DT That)) (VP-UNF (BES 's) (RB not)) (, ,) (-DFL- N_S))",218,233.2,233.44
sw04utt/sw_0450_4886.utt,4/sw4886,4886,155,sd,A,77,1,"[ Co-, + cost ] me about [ five hundred dollars, + six hundred dollars ] all together. /","[ Co/VBD ] ,/, cost/VBD  [ me/PRP ] about/RB  [ five/CD hundred/CD dollars/NNS ] ,/,  [ six/CD hundred/CD dollars/NNS ] all/RB together/RB ./.","(S (NP-SBJ (-NONE- *)) (EDITED (RM (-DFL- \[)) (VP-UNF (VBD Co-)) (, ,) (IP (-DFL- \+))) (VP (VBD cost) (RS (-DFL- \])) (NP (PRP me)) (NP (NP (QP (RB about) (RM (-DFL- \[)) (CD five) (CD hundred)) (NNS dollars)) (, ,) (IP (-DFL- \+)) (NP (QP (CD six) (CD hundred)) (NNS dollars)) (RS (-DFL- \]))) (ADVP (RB all) (RB together))) (. .) (-DFL- E_S))",220,233.44,235.74
sw04utt/sw_0450_4886.utt,4/sw4886,4886,156,b,B,78,1,"Yeah,  /","Yeah/UH ,/,","(INTJ (UH Yeah) (, ,) (-DFL- E_S))",222,235.96,236.12
sw04utt/sw_0450_4886.utt,4/sw4886,4886,157,ba,B,78,2,that's good.  /,[ that/DT ] 's/BES good/JJ ./.,(S (NP-SBJ (DT that)) (VP (BES 's) (ADJP-PRD (JJ good))) (. .) (-DFL- E_S)),223,236.12,236.56
sw04utt/sw_0450_4886.utt,4/sw4886,4886,158,ba,B,78,3,That's not bad at all.  /,[ That/DT ] 's/BES not/RB bad/JJ at/IN  [ all/DT ] ./.,(S (NP-SBJ (DT That)) (VP (BES 's) (RB not) (ADJP-PRD (JJ bad)) (ADVP (IN at) (DT all))) (. .) (-DFL- E_S)),224,236.56,237.42
sw04utt/sw_0450_4886.utt,4/sw4886,4886,159,%,B,78,4,# Didn't # --,Did/VBD n't/RB --/:,"(S (NP-SBJ-1 (-NONE- *)) (VP (VBD Did) (RB n't) (VP (VB have) (S (NP-SBJ (-NONE- *-1)) (VP-UNF (TO to))))) (, ,) (-DFL- N_S))",225,0.0,0.0
sw04utt/sw_0450_4886.utt,4/sw4886,4886,160,b,A,79,1,# Yeah. # /,Yeah/UH ./.,(INTJ (UH Yeah) (. .) (-DFL- E_S)),190,237.58,237.88000000000002
sw04utt/sw_0450_4886.utt,4/sw4886,4886,161,+,B,80,1,"-- have to, - /","--/: have/VB to/TO ,/,","(S (NP-SBJ-1 (-NONE- *)) (VP (VBD Did) (RB n't) (VP (VB have) (S (NP-SBJ (-NONE- *-1)) (VP-UNF (TO to))))) (, ,) (-DFL- N_S))",225,237.88,238.92
sw04utt/sw_0450_4886.utt,4/sw4886,4886,162,%,B,80,2,"[ th-, + the ] wood  (( may )) - /","[ th-/DT ] ,/,  [ the/DT wood/NN ] may/MD","(S (EDITED (RM (-DFL- \[)) (NP-SBJ-UNF (DT th-)) (, ,) (IP (-DFL- \+))) (NP-SBJ (DT the) (RS (-DFL- \])) (NN wood)) (VP-UNF (MD may)) (-DFL- N_S))",229,239.08,239.94
sw04utt/sw_0450_4886.utt,4/sw4886,4886,163,sv,B,80,3,"it got surprising as to the fact that how much wood is, {D you know. }  /","[ it/PRP ] got/VBD surprising/JJ as/IN to/IN  [ the/DT fact/NN ] that/IN how/WRB  [ much/JJ wood/NN ] is/VBZ ,/,  [ you/PRP ] know/VBP ./.","(S (NP-SBJ (PRP it)) (VP (VBD got) (ADJP-PRD (JJ surprising)) (PP (IN as) (PP (IN to) (NP (DT the) (NN fact) (SBAR (IN that) (SBAR (WHNP-1 (WHADJP (WRB how) (JJ much))) (S (NP-SBJ (NN wood)) (VP (VBZ is) (NP-PRD (-NONE- *T*-1))))))))) (PRN (, ,) (S (NP-SBJ (PRP you)) (VP (VBP know))))) (. .) (-DFL- E_S))",230,239.94,243.2
sw04utt/sw_0450_4886.utt,4/sw4886,4886,164,%,B,80,4,"[ To get, + to get ] good lumber it costs, - /","To/TO get/VB ,/, to/TO get/VB  [ good/JJ lumber/NN ] [ it/PRP ] costs/VBZ ,/,","(S (S-PRP (EDITED (RM (-DFL- \[)) (S (NP-SBJ (TO To)) (VP-UNF (VB get))) (, ,) (IP (-DFL- \+))) (NP-SBJ (-NONE- *)) (VP (TO to) (VP (VB get) (RS (-DFL- \])) (NP (JJ good) (NN lumber))))) (NP-SBJ (PRP it)) (VP-UNF (VBZ costs)) (, ,) (-DFL- N_S))",231,243.2,245.22
sw04utt/sw_0450_4886.utt,4/sw4886,4886,165,sv,B,80,5,"I don't know about Dallas,  {C but }  [ arou-, + ] even in this little town, [ it's, + it's ] not cheap at all.  /","[ I/PRP ] do/VBP n't/RB know/VB about/IN  [ Dallas/NNP ] ,/, but/CC  [ arou-/IN ] ,/, even/RB in/IN  [ this/DT little/JJ town/NN ] ,/,  [ it/PRP ] 's/BES ,/,  [ it/PRP ] 's/BES not/RB cheap/JJ at/IN  [ all/DT ] ./.","(S (NP-SBJ (PRP I)) (VP (VBP do) (RB n't) (VP (VB know) (PP (IN about) (NP (NNP Dallas))))) (, ,))|||(S (CC but) (EDITED (RM (-DFL- \[)) (PP-LOC-UNF (IN arou-)) (, ,) (IP (-DFL- \+)) (RS (-DFL- \]))) (PP-LOC (ADVP (RB even)) (IN in) (NP (DT this) (JJ little) (NN town))) (, ,) (EDITED (RM (-DFL- \[)) (S (NP-SBJ (PRP it)) (VP-UNF (BES 's))) (, ,) (IP (-DFL- \+))) (NP-SBJ (PRP it)) (VP (BES 's) (RS (-DFL- \])) (RB not) (ADJP-PRD (JJ cheap)) (ADVP (IN at) (DT all))) (. .) (-DFL- E_S))",232|||233,245.64,249.8
sw04utt/sw_0450_4886.utt,4/sw4886,4886,166,sd,B,80,6,I was surprised. /,[ I/PRP ] was/VBD surprised/JJ ./.,(S (NP-SBJ (PRP I)) (VP (VBD was) (ADJP-PRD (JJ surprised))) (. .) (-DFL- E_S)),234,249.8,250.68
sw04utt/sw_0450_4886.utt,4/sw4886,4886,167,sv,A,81,1,"I'd be surprised if it wasn't, {F uh, } # cheaper where you are. # /","[ I/PRP ] 'd/MD be/VB surprised/JJ if/IN  [ it/PRP ] [ was/VBD n't/RB ] ,/,  [ uh/UH ] ,/, cheaper/JJR where/WRB  [ you/PRP ] are/VBP ./.","(S (NP-SBJ (PRP I)) (VP (MD 'd) (VP (VB be) (ADJP-PRD (JJ surprised)) (SBAR-ADV (IN if) (S (NP-SBJ (PRP it)) (VP (VBD was) (RB n't) (, ,) (INTJ (UH uh)) (, ,) (ADJP-PRD (JJR cheaper)) (SBAR-LOC (WHADVP-1 (WRB where)) (S (NP-SBJ (PRP you)) (VP (VBP are) (ADVP-LOC-PRD (-NONE- *T*-1)))))))))) (. .) (-DFL- E_S))",236,250.94,252.66
sw04utt/sw_0450_4886.utt,4/sw4886,4886,168,sv,B,82,1,# It's probably more there. # /,[ It/PRP ] 's/BES probably/RB more/RBR there/RB ./.,(S (NP-SBJ (PRP It)) (VP (BES 's) (ADVP (RB probably)) (ADJP-PRD (RBR more)) (ADVP-LOC (RB there))) (. .) (-DFL- E_S)),238,253.16,254.2
sw04utt/sw_0450_4886.utt,4/sw4886,4886,169,aa,A,83,1,"{D Well, } yeah.  /","Well/UH ,/, yeah/UH ./.","(INTJ (INTJ (UH Well)) (, ,) (INTJ (UH yeah)) (. .) (-DFL- E_S))",240,254.54,255.0
sw04utt/sw_0450_4886.utt,4/sw4886,4886,170,sv,A,83,2,It probably comes from where you are. /,[ It/PRP ] probably/RB comes/VBZ from/IN where/WRB  [ you/PRP ] are/VBP ./.,(S (NP-SBJ (PRP It)) (ADVP (RB probably)) (VP (VBZ comes) (PP-DIR (IN from) (SBAR-NOM (WHADVP-1 (WRB where)) (S (NP-SBJ (PRP you)) (VP (VBP are) (ADVP-LOC-PRD (-NONE- *T*-1))))))) (. .) (-DFL- E_S)),241,255.0,256.21999999999997
sw04utt/sw_0450_4886.utt,4/sw4886,4886,171,aa,B,84,1,"<Laughter> Yeah,  /","Yeah/UH ,/,","(INTJ (UH Yeah) (, ,) (-DFL- E_S))",222,256.34,256.56
sw04utt/sw_0450_4886.utt,4/sw4886,4886,172,aa^r,B,84,2,"yeah,  /","yeah/UH ,/,","(INTJ (UH yeah) (, ,) (-DFL- E_S))",244,256.66,256.90000000000003
sw04utt/sw_0450_4886.utt,4/sw4886,4886,173,aa,B,84,3,[ that + --,that/IN --/:,"(S (EDITED (RM (-DFL- \[)) (S (NP-SBJ (DT That)) (VP (BES 's) (ADJP-PRD-UNF (RB pretty)))) (, ,) (IP (-DFL- \+))) (NP-SBJ (DT that)) (VP (BES 's) (NP-PRD (DT a) (JJ good) (RS (-DFL- \])) (NN size) (NN deck))) (. .) (-DFL- E_S))",207,256.9,257.0
sw04utt/sw_0450_4886.utt,4/sw4886,4886,174,%,A,85,1,Most <throat_clearing>. -/,[ Most/JJS ] ./.,(X (JJS Most) (. .) (-DFL- N_S)),247,257.0,257.16
sw04utt/sw_0450_4886.utt,4/sw4886,4886,175,+,B,86,1,-- it ] probably does.  /,--/:  [ it/PRP ] probably/RB does/VBZ ./.,(S (EDITED (RM (-DFL- \[)) (NP-SBJ (IN that)) (IP (-DFL- \+))) (NP-SBJ (PRP it)) (RS (-DFL- \])) (ADVP (RB probably)) (VP (VBZ does)) (. .) (-DFL- E_S)),245,257.16,258.08
sw04utt/sw_0450_4886.utt,4/sw4886,4886,176,h,B,86,2,"[ I, + I'm ] not sure  /","[ I/PRP ] ,/,  [ I/PRP ] 'm/VBP not/RB sure/JJ","(S (EDITED (RM (-DFL- \[)) (NP-SBJ (PRP I)) (, ,) (IP (-DFL- \+))) (NP-SBJ (PRP I)) (VP (VBP 'm) (RS (-DFL- \])) (RB not) (ADJP-PRD (JJ sure))) (-DFL- E_S))",249,258.08,258.98
sw04utt/sw_0450_4886.utt,4/sw4886,4886,177,%,B,86,3,"{C but, } -/","but/CC ,/,","(S-UNF (CC but) (, ,) (-DFL- N_S))",250,258.98,259.22
sw04utt/sw_0450_4886.utt,4/sw4886,4886,178,sd,A,87,1,"When I drive through that area, that's all I see is --","When/WRB  [ I/PRP ] drive/VBP through/IN  [ that/DT area/NN ] ,/,  [ that/DT ] 's/BES  [ all/DT ] [ I/PRP ] see/VBP is/VBZ --/:","(S (SBAR-TMP (WHADVP-1 (WRB When)) (S (NP-SBJ (PRP I)) (VP (VBP drive) (PP-DIR (IN through) (NP (DT that) (NN area))) (ADVP-TMP (-NONE- *T*-1))))) (, ,) (S-SBJ (NP-SBJ (DT that)) (VP (BES 's) (NP-PRD (NP (DT all)) (SBAR (WHNP-2 (-NONE- 0)) (S (NP-SBJ (PRP I)) (VP (VBP see) (NP (-NONE- *T*-2)))))))) (VP (VBZ is) (EDITED (RM (-DFL- \[)) (NP-PRD-UNF (ADJP (NN pressure) (JJ treated))) (, ,) (IP (-DFL- \+))) (NP-PRD (ADJP (NN pressure) (JJ treated)) (NN lumber) (NNS yards))) (. .) (RS (-DFL- \])) (-DFL- E_S))",252,259.32,261.28
sw04utt/sw_0450_4886.utt,4/sw4886,4886,179,b,B,88,1,<Noise> Yeah.  /,Yeah/UH ./.,(INTJ (UH Yeah) (. .) (-DFL- E_S)),217,261.34,261.61999999999995
sw04utt/sw_0450_4886.utt,4/sw4886,4886,180,sd,B,88,2,"It's nothing but woods [ up here, + # down here. ] # /","[ It/PRP ] [ 's/BES ] [ nothing/NN ] but/CC  [ woods/NNS ] up/IN here/RB ,/, down/IN here/RB ./.","(S (NP-SBJ (PRP It)) (VP (BES 's) (NP-PRD (NP (NN nothing)) (PP (CC but) (NP (NNS woods))) (EDITED (RM (-DFL- \[)) (PP-LOC (IN up) (ADVP (RB here))) (, ,) (IP (-DFL- \+))) (PP-LOC (IN down) (ADVP (RB here))))) (. .) (RS (-DFL- \])) (-DFL- E_S))",255,261.62,262.90000000000003
sw04utt/sw_0450_4886.utt,4/sw4886,4886,181,+,A,89,1,"-- # [ pressure treated,  + # pressure treated lumber yards. ] /","--/:  [ pressure/NN ] treated/JJ ,/,  [ pressure/NN ] treated/JJ  [ lumber/NN yards/NNS ] ./.","(S (SBAR-TMP (WHADVP-1 (WRB When)) (S (NP-SBJ (PRP I)) (VP (VBP drive) (PP-DIR (IN through) (NP (DT that) (NN area))) (ADVP-TMP (-NONE- *T*-1))))) (, ,) (S-SBJ (NP-SBJ (DT that)) (VP (BES 's) (NP-PRD (NP (DT all)) (SBAR (WHNP-2 (-NONE- 0)) (S (NP-SBJ (PRP I)) (VP (VBP see) (NP (-NONE- *T*-2)))))))) (VP (VBZ is) (EDITED (RM (-DFL- \[)) (NP-PRD-UNF (ADJP (NN pressure) (JJ treated))) (, ,) (IP (-DFL- \+))) (NP-PRD (ADJP (NN pressure) (JJ treated)) (NN lumber) (NNS yards))) (. .) (RS (-DFL- \])) (-DFL- E_S))",252,262.9,264.98
sw04utt/sw_0450_4886.utt,4/sw4886,4886,182,b,B,90,1,Yeah. /,Yeah/UH ./.,(INTJ (UH Yeah) (. .) (-DFL- E_S)),227,265.02,265.34
sw04utt/sw_0450_4886.utt,4/sw4886.pos,4886,183,x@,A,91,1,<Laughter> <throat_clearing>.   *[[slash error]],./.,,,0.0,0.0
sw04utt/sw_0450_4886.utt,4/sw4886,4886,184,%,B,92,1,"[ [ I don't, + I haven't, ] + {E I mean, } I haven't, ] - /","[ I/PRP ] do/VBP n't/RB ,/,  [ I/PRP ] have/VBP n't/RB ,/,  [ I/PRP ] mean/VBP ,/,  [ I/PRP ] have/VBP n't/RB ,/,","(S (EDITED (RM (-DFL- \[)) (EDITED (RM (-DFL- \[)) (S (NP-SBJ (PRP I)) (VP-UNF (VBP do) (RB n't))) (, ,) (IP (-DFL- \+))) (S (NP-SBJ (PRP I)) (VP-UNF (VBP have) (RB n't))) (, ,) (RS (-DFL- \])) (IP (-DFL- \+))) (PRN (S (NP-SBJ (PRP I)) (VP (VBP mean))) (, ,)) (NP-SBJ (PRP I)) (VP-UNF (VBP have) (RB n't)) (, ,) (RS (-DFL- \])) (-DFL- N_S))",261,266.48,268.08
sw04utt/sw_0450_4886.utt,4/sw4886,4886,185,sd,B,92,2,"I used  to live in Dallas.   In Arlington, actually. /","[ I/PRP ] used/VBD to/TO live/VB in/IN  [ Dallas/NNP ] ./.  In/IN  [ Arlington/NNP ] ,/, actually/RB ./.","(S (NP-SBJ-1 (PRP I)) (VP (VBD used) (S (NP-SBJ (-NONE- *-1)) (VP (TO to) (VP (VB live) (PP-LOC (PP (IN in) (NP (NNP Dallas))) (. .) (PP (IN In) (NP (NNP Arlington))) (, ,) (ADVP (RB actually))))))) (. .) (-DFL- E_S))",262,268.18,270.24
sw04utt/sw_0450_4886.utt,4/sw4886,4886,186,+@,A,93,1,Uh-huh. /   *[[slash error should be 'b']],[ Uh-huh/UH ] ./.,(INTJ (UH Uh-huh) (. .) (-DFL- E_S)),264,270.36,270.58000000000004
sw04utt/sw_0450_4886.utt,4/sw4886,4886,187,sd,B,94,1,"[ {C And, } + {C but } ] that was just when I was a kid  /","And/CC ,/, but/CC  [ that/DT ] was/VBD just/RB when/WRB  [ I/PRP ] was/VBD  [ a/DT kid/NN ]","(S (EDITED (RM (-DFL- \[)) (CC And) (, ,) (IP (-DFL- \+))) (CC but) (RS (-DFL- \])) (NP-SBJ (DT that)) (VP (VBD was) (ADVP (RB just)) (SBAR-TMP-PRD (WHADVP-1 (WRB when)) (S (NP-SBJ (PRP I)) (VP (VBD was) (NP-PRD (DT a) (NN kid)) (ADVP-TMP (-NONE- *T*-1)))))) (-DFL- E_S))",266,270.86,272.44
sw04utt/sw_0450_4886.utt,4/sw4886,4886,188,sd,B,94,2,{C so } I don't really know what the cost of living is even {D like } in Dallas anymore.  /,so/RB  [ I/PRP ] do/VBP n't/RB really/RB know/VB  [ what/WP ] [ the/DT cost/NN ] of/IN  [ living/NN ] is/VBZ even/RB like/UH in/IN  [ Dallas/NNP ] anymore/RB ./.,(S (RB so) (NP-SBJ (PRP I)) (VP (VBP do) (RB n't) (ADVP (RB really)) (VP (VB know) (SBAR (WHNP-1 (WP what)) (S (NP-SBJ (NP (DT the) (NN cost)) (PP (IN of) (NP (NN living)))) (VP (VBZ is) (ADVP (RB even)) (PP-PRD (UH like) (NP (-NONE- *T*-1))) (PP-LOC (IN in) (NP (NNP Dallas)))))) (ADVP-TMP (RB anymore)))) (. .) (-DFL- E_S)),267,272.44,275.58000000000004
sw04utt/sw_0450_4886.utt,4/sw4886,4886,189,h,B,94,3,"{C But } [ it's, + I don't know, we're ] a college town  /","But/CC  [ it/PRP ] 's/BES ,/,  [ I/PRP ] do/VBP n't/RB know/VB ,/,  [ we/PRP ] 're/VBP  [ a/DT college/NN town/NN ]","(S (CC But) (EDITED (RM (-DFL- \[)) (S (NP-SBJ (PRP it)) (VP-UNF (BES 's))) (, ,) (IP (-DFL- \+))) (NP-SBJ (PRP I)) (VP (VBP do) (RB n't) (VP (VB know))) (, ,))|||(S (NP-SBJ (PRP we)) (VP (VBP 're) (RS (-DFL- \])) (NP-PRD (DT a) (NN college) (NN town))) (-DFL- E_S))",268|||269,275.58,278.38
sw04utt/sw_0450_4886.utt,4/sw4886,4886,190,sd,B,94,4,{C so } that doesn't help us out any. /,so/RB  [ that/DT ] does/VBZ n't/RB help/VB  [ us/PRP ] out/RP  [ any/RB ] ./.,(S (RB so) (NP-SBJ (DT that)) (VP (VBZ does) (RB n't) (VP (VB help) (NP (PRP us)) (PRT (RP out)) (ADVP (RB any)))) (. .) (-DFL- E_S)),270,278.38,279.64
sw04utt/sw_0450_4886.utt,4/sw4886,4886,191,aa,A,95,1,Right.  /,[ Right/UH ] ./.,(INTJ (UH Right) (. .) (-DFL- E_S)),272,279.8,280.1
sw04utt/sw_0450_4886.utt,4/sw4886,4886,192,sd,A,95,2,East Texas. /,[ East/NNP Texas/NNP ] ./.,(NP (NNP East) (NNP Texas) (. .) (-DFL- E_S)),273,280.1,280.52
sw04utt/sw_0450_4886.utt,4/sw4886,4886,193,%,B,96,1,"((   ))  We have, - /","[ MUMBLEx/XX We/PRP ] have/VBP ,/,","(X (XX MUMBLEx))|||(S (NP-SBJ (PRP We)) (VP-UNF (VBP have)) (, ,) (-DFL- N_S))",275|||276,280.52,280.68
sw04utt/sw_0450_4886.utt,4/sw4886,4886,194,sd,B,96,2,"gas is a [ dollar t-, + dollar twelve ] a gallon,  /","[ gas/NN ] is/VBZ  [ a/DT dollar/NN t-/CD ] ,/,  [ dollar/NN twelve/CD ] [ a/DT gallon/NN ] ,/,","(S (NP-SBJ (NN gas)) (VP (VBZ is) (NP-PRD (NP (DT a) (EDITED (RM (-DFL- \[)) (NN dollar) (CD t-) (, ,) (IP (-DFL- \+))) (NN dollar) (CD twelve) (RS (-DFL- \]))) (NP-ADV (DT a) (NN gallon)))) (, ,) (-DFL- E_S))",277,280.8,282.94
sw04utt/sw_0450_4886.utt,4/sw4886,4886,195,sv,B,96,3,{C so } --,so/RB --/:,(S (RB so) (NP-SBJ (PRP I)) (VP (VBP do) (RB n't) (ADVP (RB really)) (VP (VB know) (SBAR (WHNP-1 (WP what)) (S (NP-SBJ (NP (DT the) (NN cost)) (PP (IN of) (NP (NN living)))) (VP (VBZ is) (ADVP (RB even)) (PP-PRD (UH like) (NP (-NONE- *T*-1))) (PP-LOC (IN in) (NP (NNP Dallas)))))) (ADVP-TMP (RB anymore)))) (. .) (-DFL- E_S)),267,282.94,283.16
sw04utt/sw_0450_4886.utt,4/sw4886,4886,196,b,A,97,1,{F Huh. } /,Huh/UH ./.,(INTJ (UH Huh) (. .) (-DFL- E_S)),280,283.54,283.64000000000004
sw04utt/sw_0450_4886.utt,4/sw4886,4886,197,+,B,98,1,-- that's probably about what you're paying  /,--/:  [ that/WDT ] 's/BES probably/RB about/RB  [ what/WP ] [ you/PRP ] 're/VBP paying/VBG,(S (RB so) (NP-SBJ (WDT that)) (VP (BES 's) (ADVP (RB probably)) (SBAR-NOM-PRD (ADVP (RB about)) (WHNP-1 (WP what)) (S (NP-SBJ (PRP you)) (VP (VBP 're) (VP (VBG paying) (NP (-NONE- *T*-1))))))) (-DFL- E_S)),278,283.82,285.12
sw04utt/sw_0450_4886.utt,4/sw4886,4886,198,%,B,98,2,{C so. } -/,so/RB ./.,(S-UNF (RB so) (. .) (-DFL- N_S)),282,285.12,285.34000000000003
sw04utt/sw_0450_4886.utt,4/sw4886,4886,199,b,A,99,1,"Yeah,  /","Yeah/UH ,/,","(INTJ (UH Yeah) (, ,) (-DFL- E_S))",284,285.96,286.14
sw04utt/sw_0450_4886.utt,4/sw4886,4886,200,sd,A,99,2,"my current project is a walkway which I'm building around the house and out to the backyard [ to, + ] {F uh, } {D you know, } digging it out and laying sand and  putting, {F uh, } pavers on top of that  /","[ my/PRP$ current/JJ project/NN ] is/VBZ  [ a/DT walkway/NN ] [ which/WDT ] [ I/PRP ] 'm/VBP building/VBG around/IN  [ the/DT house/NN ] and/CC out/IN to/IN  [ the/DT backyard/NN ] to/IN ,/,  [ uh/UH ] ,/,  [ you/PRP ] know/VBP ,/, digging/VBG  [ it/PRP ] out/RP and/CC  [ laying/VBG sand/NN ] and/CC putting/VBG ,/,  [ uh/UH ] ,/,  [ pavers/NNS ] on/IN  [ top/RB ] of/IN  [ that/DT ]","(S (NP-SBJ (PRP$ my) (JJ current) (NN project)) (VP (VBZ is) (NP-PRD (NP (DT a) (NN walkway)) (SBAR (WHNP-1 (WDT which)) (S (NP-SBJ-3 (PRP I)) (VP (VBP 'm) (VP (VBG building) (NP (-NONE- *T*-1)) (S-ADV (-NONE- *ICH*-2)))))) (PP-LOC (PP (IN around) (NP (DT the) (NN house))) (CC and) (PP (IN out) (PP (IN to) (NP (DT the) (NN backyard))))) (EDITED (RM (-DFL- \[)) (X (IN to)) (, ,) (IP (-DFL- \+)) (RS (-DFL- \]))) (INTJ (UH uh)) (PRN (, ,) (S (NP-SBJ (PRP you)) (VP (VBP know))) (, ,)) (S-ADV-2 (NP-SBJ (-NONE- *-3)) (VP (VP (VBG digging) (NP (PRP it)) (PRT (RP out))) (CC and) (VP (VBG laying) (NP (NN sand))) (CC and) (VP (VBG putting) (, ,) (INTJ (UH uh)) (, ,) (NP (NNS pavers)) (PP-PUT (IN on) (NP (NP (RB top)) (PP (IN of) (NP (DT that)))))))))) (-DFL- E_S))",285,286.14,295.78000000000003
sw04utt/sw_0450_4886.utt,4/sw4886,4886,201,%,A,99,3,{C so. } -/,so/RB ./.,(S-UNF (RB so) (. .) (-DFL- N_S)),282,295.9,296.08
sw04utt/sw_0450_4886.utt,4/sw4886,4886,202,b,B,100,1,Yeah. /,Yeah/UH ./.,(INTJ (UH Yeah) (. .) (-DFL- E_S)),254,296.08,296.34
sw04utt/sw_0450_4886.utt,4/sw4886,4886,203,sv,A,101,1,That's a # lot easier. # /,[ That/DT ] 's/BES  [ a/DT lot/RB easier/JJR ] ./.,(S (NP-SBJ (DT That)) (VP (BES 's) (ADJP-PRD (NP-ADV (DT a) (RB lot)) (JJR easier))) (. .) (-DFL- E_S)),290,296.64,296.96000000000004
sw04utt/sw_0450_4886.utt,4/sw4886,4886,204,ba,B,102,1,# You've # got something going all the time. /,[ You/PRP ] 've/VBP got/VBN  [ something/NN ] going/VBG  [ all/PDT the/DT time/NN ] ./.,(S (NP-SBJ (PRP You)) (VP (VBP 've) (VP (VBN got) (NP (NP (NN something)) (VP (VBG going))) (NP-TMP (PDT all) (DT the) (NN time)))) (. .) (-DFL- E_S)),292,297.4,298.7
