swda_filename,ptb_basename,conversation_no,transcript_index,act_tag,caller,utterance_index,subutterance_index,text,pos,trees,ptb_treenumbers,start_ts,end_ts
sw07utt/sw_0774_4856.utt,4/sw4856,4856,0,sd,A,1,1,"<Child_crying> {F Uh, } in Texas they do have the, {F uh, }  capital punishment  /","Uh/UH ,/, in/IN Texas/NNP they/PRP do/VBP have/VB the/DT ,/, uh/UH ,/, capital/JJ punishment/NN",,,0.48,6.359999999999999
sw07utt/sw_0774_4856.utt,4/sw4856,4856,1,sd,A,1,2,"{C and, } {F uh, } [ [ [ I, + I ju-, ] + I, ] + I'm ]  probably one that has to agree with it too.  /","and/CC ,/, uh/UH ,/, I/PRP ,/, I/PRP ju-/RB ,/, I/PRP ,/, I/PRP 'm/VBP probably/RB one/NN that/WDT has/VBZ to/TO agree/VB with/IN it/PRP too/RB ./.",,,6.36,11.54
sw07utt/sw_0774_4856.utt,4/sw4856,4856,2,%,A,1,3,"{F Uh, } there a-, - /","Uh/UH ,/, there/EX a/VBP ,/,",,,12.14,13.92
sw07utt/sw_0774_4856.utt,4/sw4856,4856,3,sd,A,1,4,"some things that go on that [ I just feel  that + [ I, + I, ] just feel, that, [  that, + <noise> that ] is a need.  /","some/DT things/NNS that/WDT go/VBP on/RP that/WDT I/PRP just/RB feel/VBP that/IN I/PRP ,/, I/PRP ,/, just/RB feel/VBP ,/, that/IN ,/, that/IN ,/, that/DT is/VBZ a/DT need/NN ./.",,,15.44,22.36
sw07utt/sw_0774_4856.utt,4/sw4856,4856,4,h,A,1,5,I don't know.  /,I/PRP do/VBP n't/RB know/VB ./.,,,22.52,22.96
sw07utt/sw_0774_4856.utt,4/sw4856,4856,5,sd,A,1,6,A lot of people  don't feel that way either  /,A/DT lot/NN of/IN people/NNS do/VBP n't/RB feel/VB that/DT way/NN either/RB,,,22.96,24.68
sw07utt/sw_0774_4856.utt,4/sw4856,4856,6,sd,A,1,7,"{C but } I just feel that <static>, /","but/CC I/PRP just/RB feel/VBP that/DT ,/,",,,24.68,26.0
sw07utt/sw_0774_4856.utt,4/sw4856,4856,7,sd,B,2,1,<Talking> {D Well } I don't know how much  publicity it's gotten outside of the state  /,Well/UH I/PRP do/VBP n't/RB know/VB how/WRB much/JJ publicity/NN it/PRP 's/HVS gotten/VBN outside/IN of/IN the/DT state/NN,,,27.46,30.26
sw07utt/sw_0774_4856.utt,4/sw4856,4856,8,sd,B,2,2,{C but } California we just put somebody to death --,but/CC California/NNP we/PRP just/RB put/VBD somebody/NN to/IN death/NN --/:,,,30.36,33.68000000000001
sw07utt/sw_0774_4856.utt,4/sw4856,4856,9,b,A,3,1,Uh-huh. /,Uh-huh/UH ./.,,,34.3,34.66
sw07utt/sw_0774_4856.utt,4/sw4856,4856,10,+,B,4,1,"-- {F uh, } for, I think it was a double murder.  /","--/: uh/UH ,/, for/IN ,/, I/PRP think/VBP it/PRP was/VBD a/DT double/JJ murder/NN ./.",,,34.66,36.42
sw07utt/sw_0774_4856.utt,4/sw4856,4856,11,sd,B,4,2,"{F Uh, } to be honest, I didn't pay that much attention, {F uh, } to the details of it.  {F Uh, }  /","Uh/UH ,/, to/TO be/VB honest/JJ ,/, I/PRP did/VBD n't/RB pay/VB that/RB much/JJ attention/NN ,/, uh/UH ,/, to/IN the/DT details/NNS of/IN it/PRP ./. Uh/UH ,/,",,,36.86,41.48
sw07utt/sw_0774_4856.utt,4/sw4856,4856,12,sd,B,4,3,{C but } it had a lot of controversy out here.  /,but/CC it/PRP had/VBD a/DT lot/NN of/IN controversy/NN out/IN here/RB ./.,,,43.02,45.62
sw07utt/sw_0774_4856.utt,4/sw4856,4856,13,sv,B,4,4,"{F Uh, } basically,  because in California people like to protest about everything. /","Uh/UH ,/, basically/RB ,/, because/IN in/IN California/NNP people/NNS like/VBP to/TO protest/VB about/IN everything/NN ./.",,,45.96,49.74
sw07utt/sw_0774_4856.utt,4/sw4856,4856,14,x,A,5,1,<Talking>.,,,,0.0,0.0
sw07utt/sw_0774_4856.utt,4/sw4856,4856,15,sd,B,6,1,"{F Uh, } {C but } I agree,  /","Uh/UH ,/, but/CC I/PRP agree/VBP ,/,",,,50.66,52.76
sw07utt/sw_0774_4856.utt,4/sw4856,4856,16,sv,B,6,2,"I believe [ that, + that ]  there are a number of crimes that capital punishment is the best way to go. /","I/PRP believe/VBP that/IN ,/, that/IN there/EX are/VBP a/DT number/NN of/IN crimes/NNS that/WDT capital/JJ punishment/NN is/VBZ the/DT best/JJS way/NN to/TO go/VB ./.",,,52.76,56.52
sw07utt/sw_0774_4856.utt,4/sw4856,4856,17,b,A,7,1,Uh-huh  /,Uh-huh/UH,,,56.7,56.96
sw07utt/sw_0774_4856.utt,4/sw4856.pos,4856,18,x,A,7,2,<child_talking>.,./.,,,0.0,0.0
sw07utt/sw_0774_4856.utt,4/sw4856,4856,19,sd,B,8,1,"{F Uh, } the big disagreement I have is that <swallowing>  in California, the appeals process, {F uh, } is so extensive and takes so  long that you end up spending a huge amount of money in {D like } ten to fifteen years  before you can actually, {D you know, } put somebody to death for, # for a crime. # /","Uh/UH ,/, the/DT big/JJ disagreement/NN I/PRP have/VBP is/VBZ that/IN in/IN California/NNP ,/, the/DT appeals/NNS process/NN ,/, uh/UH ,/, is/VBZ so/RB extensive/JJ and/CC takes/VBZ so/RB long/RB that/IN you/PRP end/VBP up/RP spending/VBG a/DT huge/JJ amount/NN of/IN money/NN in/IN like/UH ten/CD to/IN fifteen/CD years/NNS before/IN you/PRP can/MD actually/RB ,/, you/PRP know/VBP ,/, put/VB somebody/NN to/IN death/NN for/IN ,/, for/IN a/DT crime/NN ./.",,,56.96,79.67999999999999
sw07utt/sw_0774_4856.utt,4/sw4856,4856,20,aa,A,9,1,# Yeah.  /,Yeah/UH ./.,,,80.22,80.62
sw07utt/sw_0774_4856.utt,4/sw4856,4856,21,aa^r,A,9,2,"#  Yeah,  /","Yeah/UH ,/,",,,0.0,0.0
sw07utt/sw_0774_4856.utt,4/sw4856,4856,22,sv,A,9,3,"that is a consequence,  /","that/DT is/VBZ a/DT consequence/NN ,/,",,,80.62,81.8
sw07utt/sw_0774_4856.utt,4/sw4856,4856,23,%,A,9,4,yeah. /,yeah/UH ./.,,,82.52,82.75999999999999
sw07utt/sw_0774_4856.utt,4/sw4856,4856,24,sv,B,10,1,"{C And, } {E I mean, } [ that's, + that's ] ridiculous.  /","And/CC ,/, I/PRP mean/VBP ,/, that/DT 's/BES ,/, that/DT 's/BES ridiculous/JJ ./.",,,82.76,84.39999999999999
sw07utt/sw_0774_4856.utt,4/sw4856,4856,25,sd,B,10,2,"{E I mean } if you can, {D you know, } [ [ y-, + y-, ] + ] the trial is supposed to prove, {D you know, }  within a reasonable doubt that the person is guilty, /","I/PRP mean/VBP if/IN you/PRP can/MD ,/, you/PRP know/VBP ,/, y-/PRP ,/, y-/PRP ,/, the/DT trial/NN is/VBZ supposed/VBN to/TO prove/VB ,/, you/PRP know/VBP ,/, within/IN a/DT reasonable/JJ doubt/NN that/IN the/DT person/NN is/VBZ guilty/JJ ,/,",,,84.4,92.94
sw07utt/sw_0774_4856.utt,4/sw4856,4856,26,x,A,11,1,<Child_yelling>.,,,,0.0,0.0
sw07utt/sw_0774_4856.utt,4/sw4856,4856,27,sd,B,12,1,{C and then } they have appeals.  /,and/CC then/RB they/PRP have/VBP appeals/NNS ./.,,,93.94,95.2
sw07utt/sw_0774_4856.utt,4/sw4856,4856,28,sv,B,12,2,"{D Well, } that's fine  /","Well/UH ,/, that/DT 's/BES fine/JJ",,,95.3,95.98
sw07utt/sw_0774_4856.utt,4/sw4856,4856,29,sv,B,12,3,"{C but } it shouldn't take more,","but/CC it/PRP should/MD n't/RB take/VB more/JJR ,/,",,,96.3,97.16000000000001
sw07utt/sw_0774_4856.utt,4/sw4856,4856,30,x,A,13,1,<Static>.,,,,0.0,0.0
sw07utt/sw_0774_4856.utt,4/sw4856,4856,31,+,B,14,1,than a few years.  /,than/IN a/DT few/JJ years/NNS ./.,,,97.16,98.3
sw07utt/sw_0774_4856.utt,4/sw4856,4856,32,sv,B,14,2,"{E I mean, } I # should think # --","I/PRP mean/VBP ,/, I/PRP should/MD think/VB --/:",,,98.3,98.8
sw07utt/sw_0774_4856.utt,4/sw4856,4856,33,b,A,15,1,# Right. # /,Right/UH ./.,,,98.86,99.24
sw07utt/sw_0774_4856.utt,4/sw4856,4856,34,+,B,16,1,"-- two or three years maximum, you should be able to  know  /","--/: two/CD or/CC three/CD years/NNS maximum/JJ ,/, you/PRP should/MD be/VB able/JJ to/TO know/VB",,,99.24,102.58
sw07utt/sw_0774_4856.utt,4/sw4856,4856,35,sv,B,16,2,{C and } you should be able to either put the guy to death  /,and/CC you/PRP should/MD be/VB able/JJ to/TO either/CC put/VB the/DT guy/NN to/IN death/NN,,,102.6,104.39999999999999
sw07utt/sw_0774_4856.utt,4/sw4856,4856,36,sv,B,16,3,{C or } he's innocent.  /,or/CC he/PRP 's/BES innocent/JJ ./.,,,104.94,105.66
sw07utt/sw_0774_4856.utt,4/sw4856,4856,37,sv,B,16,4,# {E I mean } # --,I/PRP mean/VBP --/:,,,0.0,0.0
sw07utt/sw_0774_4856.utt,4/sw4856,4856,38,b,A,17,1,# Right. # /,Right/UH ./.,,,105.88,106.32
sw07utt/sw_0774_4856.utt,4/sw4856,4856,39,+,B,18,1,"-- [ it's, + ]  if he's guilty [ for, + for, ] {D you know, }  multiple murders or whatever the case may be --","--/: it/PRP 's/BES ,/, if/IN he/PRP 's/BES guilty/JJ for/IN ,/, for/IN ,/, you/PRP know/VBP ,/, multiple/JJ murders/NNS or/CC whatever/WDT the/DT case/NN may/MD be/VB --/:",,,106.32,110.3
sw07utt/sw_0774_4856.utt,4/sw4856,4856,40,b,A,19,1,Uh-huh. /,Uh-huh/UH ./.,,,110.52,110.7
sw07utt/sw_0774_4856.utt,4/sw4856,4856,41,+,B,20,1,-- {D you know. } /,--/: you/PRP know/VBP ./.,,,111.0,111.30000000000001
sw07utt/sw_0774_4856.utt,4/sw4856,4856,42,sv,A,21,1,{D Well } maybe that's something that needs to be worked on. /,Well/UH maybe/RB that/DT 's/BES something/NN that/WDT needs/VBZ to/TO be/VB worked/VBN on/RP ./.,,,112.96,114.84
sw07utt/sw_0774_4856.utt,4/sw4856,4856,43,b,B,22,1,Yeah. /,Yeah/UH ./.,,,114.84,114.92
sw07utt/sw_0774_4856.utt,4/sw4856,4856,44,sv,A,23,1,"{C But } [ I, + I ] just feel [ that, + that ]  capital punishment needs to stay within the system.  /","But/CC I/PRP ,/, I/PRP just/RB feel/VBP that/IN ,/, that/DT capital/JJ punishment/NN needs/VBZ to/TO stay/VB within/IN the/DT system/NN ./.",,,115.16,119.94
sw07utt/sw_0774_4856.utt,4/sw4856,4856,45,sd,A,23,2,Not all states have them  /,Not/RB all/DT states/NNS have/VBP them/PRP,,,120.38,121.48
sw07utt/sw_0774_4856.utt,4/sw4856,4856,46,qy^d,A,23,3,"{C but } I, <inhaling>  {D you know, } [ was that, + was that  the, + I'm not sure if that was in, - /","but/CC I/PRP ,/, you/PRP know/VBP ,/, was/VBD that/DT ,/, was/VBD that/IN the/DT ,/, I/PRP 'm/VBP not/RB sure/JJ if/IN that/DT was/VBD in/IN ,/,",,,121.48,125.84
sw07utt/sw_0774_4856.utt,4/sw4856,4856,47,qy,A,23,4,"was that the man  [ that, + that ] claimed he was abused - /","was/VBD that/IN the/DT man/NN that/IN ,/, that/WDT claimed/VBD he/PRP was/VBD abused/VBN",,,126.7,131.52
sw07utt/sw_0774_4856.utt,4/sw4856,4856,48,%,A,23,5,"{C or, } -/","or/CC ,/,",,,131.54,131.73999999999998
sw07utt/sw_0774_4856.utt,4/sw4856,4856,49,ny,B,24,1,"Yeah,  /","Yeah/UH ,/,",,,132.66,132.79999999999998
sw07utt/sw_0774_4856.utt,4/sw4856,4856,50,sd^e,B,24,2,"he was like, {F uh, } - /","he/PRP was/VBD like/UH ,/, uh/UH ,/,",,,132.8,133.85999999999999
sw07utt/sw_0774_4856.utt,4/sw4856,4856,51,sd,B,24,3,#  [ the + # --,the/DT --/:,,,0.0,0.0
sw07utt/sw_0774_4856.utt,4/sw4856,4856,52,qy^d,A,25,1,# {C And } that he had # -- -/,And/CC that/IN he/PRP had/VBD --/:,,,133.86,134.6
sw07utt/sw_0774_4856.utt,4/sw4856,4856,53,+,B,26,1,-- # the ]  # --,--/: the/DT --/:,,,0.0,0.0
sw07utt/sw_0774_4856.utt,4/sw4856,4856,54,%,A,27,1,"-- #  (( he )) , # -/","--/: he/PRP ,/,",,,134.6,134.72
sw07utt/sw_0774_4856.utt,4/sw4856,4856,55,+,B,28,1,"-- [ defense, + the defense ]  they're [ were giving, + given was ]  that, {F uh, } {D like } his mother [ had, +  had  ] been an alcoholic [ when, + # when ]  she was # --","--/: defense/NN ,/, the/DT defense/NN they/PRP 're/VBP were/VBD giving/VBG ,/, given/VBN was/VBD that/IN ,/, uh/UH ,/, like/UH his/PRP$ mother/NN had/VBD ,/, had/VBD been/VBN an/DT alcoholic/NN when/WRB ,/, when/WRB she/PRP was/VBD --/:",,,134.74,140.32
sw07utt/sw_0774_4856.utt,4/sw4856,4856,56,ba,A,29,1,"# {F Oh, } yeah. # /","Oh/UH ,/, yeah/UH ./.",,,140.64,141.04
sw07utt/sw_0774_4856.utt,4/sw4856,4856,57,+,B,30,1,-- pregnant with him  /,--/: pregnant/JJ with/IN him/PRP,,,141.06,141.76
sw07utt/sw_0774_4856.utt,4/sw4856,4856,58,sd,B,30,2,"{C and so } [ he, + he ]  wasn't, {D you know, } mentally competent or  anything else.","and/CC so/RB he/PRP ,/, he/PRP was/VBD n't/RB ,/, you/PRP know/VBP ,/, mentally/RB competent/JJ or/CC anything/NN else/RB ./.",,,142.42,145.74
sw07utt/sw_0774_4856.utt,4/sw4856,4856,59,b,A,31,1,Yeah. /,Yeah/UH ./.,,,145.82,146.29999999999998
sw07utt/sw_0774_4856.utt,4/sw4856,4856,60,+,B,32,1,"<Swallowing> Which is ridiculous, /","Which/WDT is/VBZ ridiculous/JJ ,/,",,,147.14,148.14
sw07utt/sw_0774_4856.utt,4/sw4856,4856,61,x,A,33,1,<Ringing>.,,,,0.0,0.0
sw07utt/sw_0774_4856.utt,4/sw4856,4856,62,sd,B,34,1,"[ {C and, } + {C and } ]  the court found him competent, {F uh, }  /","and/CC ,/, and/CC the/DT court/NN found/VBD him/PRP competent/JJ ,/, uh/UH ,/,",,,148.14,150.6
sw07utt/sw_0774_4856.utt,4/sw4856,4856,63,sv,B,34,2,{C and } he knew  what he was doing and everything else.  /,and/CC he/PRP knew/VBD what/WP he/PRP was/VBD doing/VBG and/CC everything/NN else/RB ./.,,,150.6,152.34
sw07utt/sw_0774_4856.utt,4/sw4856,4856,64,sv,B,34,3,{E I mean } --,I/PRP mean/VBP --/:,,,152.34,152.64
sw07utt/sw_0774_4856.utt,4/sw4856,4856,65,b,A,35,1,Yeah. /,Yeah/UH ./.,,,153.12,153.4
sw07utt/sw_0774_4856.utt,4/sw4856,4856,66,+,B,36,1,"-- {D you know, } [ it was, + it was ]  the best defense they could come up with. /","--/: you/PRP know/VBP ,/, it/PRP was/VBD ,/, it/PRP was/VBD the/DT best/JJS defense/NN they/PRP could/MD come/VB up/RP with/RB ./.",,,153.44,155.66
sw07utt/sw_0774_4856.utt,4/sw4856,4856,67,qw,A,37,1,"{C And } how long had he been [ a-, +  appealing ]  <rustling>?  /","And/CC how/WRB long/JJ had/VBD he/PRP been/VBN a/VBG ,/, appealing/VBG ?/.",,,155.98,158.78
sw07utt/sw_0774_4856.utt,4/sw4856,4856,68,qw,A,37,2,How long was that? /,How/WRB long/JJ was/VBD that/DT ?/.,,,158.98,159.98000000000002
sw07utt/sw_0774_4856.utt,4/sw4856,4856,69,sd,B,38,1,I forget.  /,I/PRP forget/VBP ./.,,,159.98,160.61999999999998
sw07utt/sw_0774_4856.utt,4/sw4856,4856,70,sd,B,38,2,I think it was something like twelve years # or  something. # /,I/PRP think/VBP it/PRP was/VBD something/NN like/IN twelve/CD years/NNS or/CC something/NN ./.,,,160.62,162.12
sw07utt/sw_0774_4856.utt,4/sw4856,4856,71,ba,A,39,1,# Gosh. #  /,Gosh/UH ./.,,,162.12,162.26
sw07utt/sw_0774_4856.utt,4/sw4856,4856,72,ba,A,39,2,<static> Boy. /,Boy/UH ./.,,,162.26,162.38
sw07utt/sw_0774_4856.utt,4/sw4856,4856,73,sv,B,40,1,"[ It was, + it was ] something really outrageous. /","It/PRP was/VBD ,/, it/PRP was/VBD something/NN really/RB outrageous/JJ ./.",,,164.6,166.36
sw07utt/sw_0774_4856.utt,4/sw4856,4856,74,b,A,41,1,Yeah  /,Yeah/UH,,,166.74,166.9
sw07utt/sw_0774_4856.utt,4/sw4856,4856,75,ba,A,41,2,"<child_talking>.  Boy.  {D Well, } {E I mean }  /","./. Boy/UH ./. Well/UH ,/, I/PRP mean/VBP",,,168.46,171.12
sw07utt/sw_0774_4856.utt,4/sw4856,4856,76,sv,A,41,3,"{C and } it seems like [ it, + it ] rarely does happen.  /","and/CC it/PRP seems/VBZ like/IN it/PRP ,/, it/PRP rarely/RB does/VBZ happen/VB ./.",,,171.12,173.34
sw07utt/sw_0774_4856.utt,4/sw4856,4856,77,sd,A,41,4,"{D You know, } [ it's not, + it's not ]  used that often --","You/PRP know/VBP ,/, it/PRP 's/BES not/RB ,/, it/PRP 's/BES not/RB used/VBN that/RB often/RB --/:",,,173.82,176.51999999999998
sw07utt/sw_0774_4856.utt,4/sw4856,4856,78,b,B,42,1,Yeah. /,Yeah/UH ./.,,,176.92,177.17999999999998
sw07utt/sw_0774_4856.utt,4/sw4856,4856,79,+,A,43,1,-- {D you know. }    At least here in Texas  /,--/: you/PRP know/VBP ./. At/IN least/JJS here/RB in/IN Texas/NNP,,,177.28,179.38
sw07utt/sw_0774_4856.utt,4/sw4856,4856,80,sv,A,43,2,{C but } I think it's something that needs to stay.  /,but/CC I/PRP think/VBP it/PRP 's/BES something/NN that/WDT needs/VBZ to/TO stay/VB ./.,,,179.42,182.3
sw07utt/sw_0774_4856.utt,4/sw4856,4856,81,sv,A,43,3,I really do <<faint>>. /,I/PRP really/RB do/VBP ./.,,,182.3,183.5
sw07utt/sw_0774_4856.utt,4/sw4856,4856,82,sv,B,44,1,"I think in general, {F uh, } <sigh> punishment in  the United States is a lot weaker than it should be.  /","I/PRP think/VBP in/IN general/JJ ,/, uh/UH ,/, punishment/NN in/IN the/DT United/NNP States/NNP is/VBZ a/DT lot/NN weaker/JJR than/IN it/PRP should/MD be/VB ./.",,,183.5,191.66
sw07utt/sw_0774_4856.utt,4/sw4856,4856,83,sv,B,44,2,"{E I mean, } it needs to be, {D you know, } - /","I/PRP mean/VBP ,/, it/PRP needs/VBZ to/TO be/VB ,/, you/PRP know/VBP ,/,",,,191.76,193.78
sw07utt/sw_0774_4856.utt,4/sw4856,4856,84,sv,B,44,3,"it's kind of like  the, + the ] justice system in the United States is   kind of like the dog poops on the carpet  /","it/PRP 's/BES kind/RB of/RB like/IN the/DT ,/, the/DT justice/NN system/NN in/IN the/DT United/NNP States/NNP is/VBZ kind/RB of/RB like/IN the/DT dog/NN poops/VBZ on/IN the/DT carpet/NN",,,193.82,200.98
sw07utt/sw_0774_4856.utt,4/sw4856,4856,85,sv,B,44,4,{C and } you wait three months  /,and/CC you/PRP wait/VBP three/CD months/NNS,,,201.64,202.76
sw07utt/sw_0774_4856.utt,4/sw4856,4856,86,sv,B,44,5,{C and then }  you put his nose in it and spank him for it.,and/CC then/RB you/PRP put/VBP his/PRP$ nose/NN in/IN it/PRP and/CC spank/VBP him/PRP for/IN it/PRP ./.,,,202.76,204.54000000000002
sw07utt/sw_0774_4856.utt,4/sw4856,4856,87,b,A,45,1,Yeah. /,Yeah/UH ./.,,,204.76,205.1
sw07utt/sw_0774_4856.utt,4/sw4856,4856,88,+,B,46,1,{D You know. }  /,You/PRP know/VBP ./.,,,205.26,205.64
sw07utt/sw_0774_4856.utt,4/sw4856,4856,89,sv,B,46,2,"{E I mean } [ there, + there's ]  no connection between the two. /","I/PRP mean/VBP there/EX ,/, there/EX 's/BES no/DT connection/NN between/IN the/DT two/CD ./.",,,205.88,208.8
sw07utt/sw_0774_4856.utt,4/sw4856,4856,90,aa,A,47,1,"Right,  /","Right/UH ,/,",,,208.8,209.18
sw07utt/sw_0774_4856.utt,4/sw4856,4856,91,aa^r,A,47,2,right.  /,right/UH ./.,,,209.62,209.86
sw07utt/sw_0774_4856.utt,4/sw4856,4856,92,%,A,47,3,Yeah. /,Yeah/UH ./.,,,211.52,211.68
sw07utt/sw_0774_4856.utt,4/sw4856,4856,93,sd,B,48,1,"{E I mean } you take [ these, + ] {D you know, } most of the people  who are committing violent crimes, most of them, not all by any means,  /","I/PRP mean/VBP you/PRP take/VBP these/DT ,/, you/PRP know/VBP ,/, most/RBS of/IN the/DT people/NNS who/WP are/VBP committing/VBG violent/JJ crimes/NNS ,/, most/RBS of/IN them/PRP ,/, not/RB all/DT by/IN any/DT means/NNS ,/,",,,212.1,217.12
sw07utt/sw_0774_4856.utt,4/sw4856,4856,94,sv,B,48,2,"{C but, } {D you know, } a large percentage are the kind of people who are living very much day to day in the first place. /","but/CC ,/, you/PRP know/VBP ,/, a/DT large/JJ percentage/NN are/VBP the/DT kind/NN of/IN people/NNS who/WP are/VBP living/VBG very/RB much/RB day/NN to/IN day/NN in/IN the/DT first/JJ place/NN ./.",,,217.66,222.3
sw07utt/sw_0774_4856.utt,4/sw4856,4856,95,b,A,49,1,Uh-huh. /,Uh-huh/UH ./.,,,223.44,223.62
sw07utt/sw_0774_4856.utt,4/sw4856,4856,96,sv,B,50,1,"{F Uh, } they don't really see past next week much less next year. /","Uh/UH ,/, they/PRP do/VBP n't/RB really/RB see/VB past/RB next/JJ week/NN much/RB less/RBR next/JJ year/NN ./.",,,223.62,227.3
sw07utt/sw_0774_4856.utt,4/sw4856,4856,97,b,A,51,1,Uh-huh. /,Uh-huh/UH ./.,,,227.32,227.54
sw07utt/sw_0774_4856.utt,4/sw4856,4856,98,sd(^q),B,52,1,"{C And } to say, {D you know, } {D well } if I kill  somebody then a decade from now, I might face the punishment. /","And/CC to/TO say/VB ,/, you/PRP know/VBP ,/, well/UH if/IN I/PRP kill/VBP somebody/NN then/RB a/DT decade/NN from/IN now/RB ,/, I/PRP might/MD face/VB the/DT punishment/NN ./.",,,228.02,233.64000000000001
sw07utt/sw_0774_4856.utt,4/sw4856,4856,99,b,A,53,1,Yeah. /,Yeah/UH ./.,,,234.36,234.62
sw07utt/sw_0774_4856.utt,4/sw4856,4856,100,sv,B,54,1,That's not real.  /,That/DT 's/BES not/RB real/JJ ./.,,,234.62,235.28
sw07utt/sw_0774_4856.utt,4/sw4856,4856,101,sv,B,54,2,It doesn't have any real impact on them. /,It/PRP does/VBZ n't/RB have/VB any/DT real/JJ impact/NN on/IN them/PRP ./.,,,235.42,237.17999999999998
sw07utt/sw_0774_4856.utt,4/sw4856,4856,102,sd,A,55,1,"My sister and I were wondering about this recently  because [ a, + an ] old friend of ours in California,","My/PRP$ sister/NN and/CC I/PRP were/VBD wondering/VBG about/IN this/DT recently/RB because/IN a/DT ,/, an/DT old/JJ friend/NN of/IN ours/PRP$ in/IN California/NNP ,/,",,,238.76,243.16
sw07utt/sw_0774_4856.utt,4/sw4856,4856,103,x,B,56,1,<Noise>.,,,,0.0,0.0
sw07utt/sw_0774_4856.utt,4/sw4856,4856,104,+,A,57,1,this happened about a week ago. /,this/DT happened/VBD about/RB a/DT week/NN ago/RB ./.,,,243.34,244.74
sw07utt/sw_0774_4856.utt,4/sw4856,4856,105,b,B,58,1,Uh-huh. /,Uh-huh/UH ./.,,,245.3,245.44
sw07utt/sw_0774_4856.utt,4/sw4856,4856,106,sd,A,59,1,"{F Uh, } her husband just killed her  /","Uh/UH ,/, her/PRP$ husband/NN just/RB killed/VBD her/PRP$",,,245.44,247.85999999999999
sw07utt/sw_0774_4856.utt,4/sw4856,4856,107,sd,A,59,2,{C and } we're  wondering if that has an effect.  /,and/CC we/PRP 're/VBP wondering/VBG if/IN that/DT has/VBZ an/DT effect/NN ./.,,,248.48,251.48
sw07utt/sw_0774_4856.utt,4/sw4856,4856,108,qy,A,59,3,"[ If that, + if something, ]  does capital punishment, {D you know, } does it happen [ with that, + within that, ] {F uh, }  /","If/IN that/DT ,/, if/IN something/NN ,/, does/VBZ capital/JJ punishment/NN ,/, you/PRP know/VBP ,/, does/VBZ it/PRP happen/VBP with/IN that/DT ,/, within/IN that/DT ,/, uh/UH ,/,",,,252.36,259.74
sw07utt/sw_0774_4856.utt,4/sw4856,4856,109,h,A,59,4,I don't know <laughter>. /,I/PRP do/VBP n't/RB know/VB ./.,,,261.08,262.12
sw07utt/sw_0774_4856.utt,4/sw4856,4856,110,qy,B,60,1,"{F Uh, } you mean, would he be put to death for that? /","Uh/UH ,/, you/PRP mean/VBP ,/, would/MD he/PRP be/VB put/VBN to/IN death/NN for/IN that/DT ?/.",,,262.12,265.46
sw07utt/sw_0774_4856.utt,4/sw4856,4856,111,na,A,61,1,Right. /,Right/UH ./.,,,265.46,265.91999999999996
sw07utt/sw_0774_4856.utt,4/sw4856,4856,112,sd,B,62,1,"{F Uh, } <sigh> largely depends on the circumstances  /","Uh/UH ,/, largely/RB depends/VBZ on/IN the/DT circumstances/NNS",,,266.88,269.86
sw07utt/sw_0774_4856.utt,4/sw4856,4856,113,sd,B,62,2,"{C and } generally, {D you know, } from what I understand, [ it's, + it's ]  only the most <sigh> brutal types of things usually.  /","and/CC generally/RB ,/, you/PRP know/VBP ,/, from/IN what/WP I/PRP understand/VBP ,/, it/PRP 's/BES ,/, it/PRP 's/BES only/RB the/DT most/RBS brutal/JJ types/NNS of/IN things/NNS usually/RB ./.",,,269.86,276.79999999999995
sw07utt/sw_0774_4856.utt,4/sw4856,4856,114,sd,B,62,3,"Where it's multiple, {D you know. } -/","Where/WRB it/PRP 's/BES multiple/JJ ,/, you/PRP know/VBP ./.",,,276.8,277.92
sw07utt/sw_0774_4856.utt,4/sw4856,4856,115,aa,A,63,1,I think you're right. /,I/PRP think/VBP you/PRP 're/VBP right/JJ ./.,,,278.02,278.64
sw07utt/sw_0774_4856.utt,4/sw4856,4856,116,sd,B,64,1,"[ If, + if ] they can say things like, {D you know, } {D well }  he was just, {D you know, } temporarily insane because of,","If/IN ,/, if/IN they/PRP can/MD say/VB things/NNS like/IN ,/, you/PRP know/VBP ,/, well/UH he/PRP was/VBD just/RB ,/, you/PRP know/VBP ,/, temporarily/RB insane/JJ because/IN of/IN ,/,",,,278.64,283.44
sw07utt/sw_0774_4856.utt,4/sw4856,4856,117,x,A,65,1,<Noise>.,,,,0.0,0.0
sw07utt/sw_0774_4856.utt,4/sw4856,4856,118,+,B,66,1,some domestic squabble then --,some/DT domestic/JJ squabble/NN then/RB --/:,,,283.9,285.48
sw07utt/sw_0774_4856.utt,4/sw4856,4856,119,b,A,67,1,Uh-huh. /,Uh-huh/UH ./.,,,285.48,285.70000000000005
sw07utt/sw_0774_4856.utt,4/sw4856,4856,120,+,B,68,1,"-- {D you know, } [ they'll, + they'll ]  give him, {D you know, } twenty years [ with, + with ] parole [ in, + in ] twelve or something like that </talking>. /","--/: you/PRP know/VBP ,/, they/PRP 'll/MD ,/, they/PRP 'll/MD give/VB him/PRP ,/, you/PRP know/VBP ,/, twenty/CD years/NNS with/IN ,/, with/IN parole/NN in/IN ,/, in/IN twelve/CD or/CC something/NN like/IN that/DT ./.",,,286.1,292.56
sw07utt/sw_0774_4856.utt,4/sw4856,4856,121,b,A,69,1,Yeah.  /,Yeah/UH ./.,,,292.64,292.91999999999996
sw07utt/sw_0774_4856.utt,4/sw4856,4856,122,b^r,A,69,2,Yeah.  /,Yeah/UH ./.,,,294.14,294.44
sw07utt/sw_0774_4856.utt,4/sw4856,4856,123,sd,A,69,3,"{C And, } {F uh, } I have an uncle that  is an attorney that defends people </child_crying>, /","And/CC ,/, uh/UH ,/, I/PRP have/VBP an/DT uncle/NN that/WDT is/VBZ an/DT attorney/NN that/WDT defends/VBZ people/NNS ,/,",,,294.82,300.14
