swda_filename,ptb_basename,conversation_no,transcript_index,act_tag,caller,utterance_index,subutterance_index,text,pos,trees,ptb_treenumbers,start_ts,end_ts
sw03utt/sw_0321_4902.utt,4/sw4902,4902,0,qy,A,1,1,"<Click> {C And } you say you have some strong feelings  about, {F uh, } the issue? /","And/CC  [ you/PRP ] say/VBP  [ you/PRP ] have/VBP  [ some/DT strong/JJ feelings/NNS ] about/IN ,/,  [ uh/UH ] ,/,  [ the/DT issue/NN ] ?/.","(S (CC And) (NP-SBJ (PRP you)) (VP (VBP say) (SBAR (-NONE- 0) (S (NP-SBJ (PRP you)) (VP (VBP have) (NP (NP (DT some) (JJ strong) (NNS feelings)) (PP (IN about) (, ,) (INTJ (UH uh)) (, ,) (NP (DT the) (NN issue)))))))) (. ?) (-DFL- E_S))",1,1.82,4.82
sw03utt/sw_0321_4902.utt,4/sw4902,4902,1,ny,B,2,1,"<TV> {F Uh, } yes  /","[ Uh/UH ] ,/, yes/UH","(INTJ (INTJ (UH Uh)) (, ,) (INTJ (UH yes)) (-DFL- E_S))",3,4.98,5.74
sw03utt/sw_0321_4902.utt,4/sw4902,4902,2,sd^e,B,2,2,"I do [ [ as far as, + {F uh, } as far as, ] +  {F uh, } as far as ] immigration as a whole goes. /","[ I/PRP ] do/VBP as/RB far/RB as/IN ,/,  [ uh/UH ] ,/, as/RB far/RB as/IN ,/,  [ uh/UH ] ,/, as/RB far/RB as/IN  [ immigration/NN ] as/IN  [ a/DT whole/NN ] goes/VBZ ./.","(S (NP-SBJ (PRP I)) (VP (VBP do) (EDITED (RM (-DFL- \[)) (EDITED (RM (-DFL- \[)) (ADVP (ADVP (RB as) (RB far)) (SBAR-UNF (IN as))) (, ,) (IP (-DFL- \+))) (INTJ (UH uh)) (, ,) (ADVP (ADVP (RB as) (RB far)) (SBAR-UNF (IN as))) (, ,) (RS (-DFL- \])) (IP (-DFL- \+))) (INTJ (UH uh)) (, ,) (ADVP (ADVP (RB as) (RB far)) (SBAR (IN as) (RS (-DFL- \])) (S (NP-SBJ (NP (NN immigration)) (PP (IN as) (NP (DT a) (NN whole)))) (VP (VBZ goes) (ADVP (-NONE- *?*))))))) (. .) (-DFL- E_S))",4,5.74,12.6
sw03utt/sw_0321_4902.utt,4/sw4902,4902,3,b,A,3,1,Uh-huh. /,[ Uh-huh/UH ] ./.,(INTJ (UH Uh-huh) (. .) (-DFL- E_S)),6,13.08,13.34
sw03utt/sw_0321_4902.utt,4/sw4902,4902,4,sv,B,4,1,"I think that, {F uh, } we simply must start accepting  everybody in the world. /","[ I/PRP ] think/VBP  [ that/IN ] ,/,  [ uh/UH ] ,/,  [ we/PRP ] simply/RB must/MD start/VB accepting/VBG  [ everybody/NN ] in/IN  [ the/DT world/NN ] ./.","(S (NP-SBJ (PRP I)) (VP (VBP think) (SBAR (IN that) (, ,) (INTJ (UH uh)) (, ,) (S (NP-SBJ-1 (PRP we)) (ADVP (RB simply)) (VP (MD must) (VP (VB start) (S (NP-SBJ (-NONE- *-1)) (VP (VBG accepting) (NP (NP (NN everybody)) (PP-LOC (IN in) (NP (DT the) (NN world))))))))))) (. .) (-DFL- E_S))",8,13.42,19.16
sw03utt/sw_0321_4902.utt,4/sw4902,4902,5,b,A,5,1,Uh-huh. /,[ Uh-huh/UH ] ./.,(INTJ (UH Uh-huh) (. .) (-DFL- E_S)),6,19.44,19.720000000000002
sw03utt/sw_0321_4902.utt,4/sw4902,4902,6,%,B,6,1,"{F Uh, }  I, - /","[ Uh/UH ] ,/,  [ I/PRP ] ,/,","(S-UNF (INTJ (UH Uh)) (, ,) (NP-SBJ (PRP I)) (, ,) (-DFL- N_S))",12,20.1,21.16
sw03utt/sw_0321_4902.utt,4/sw4902,4902,7,sv,B,6,2,there just is not going to be  room for all of us.  /,[ there/EX ] just/RB is/VBZ not/RB going/VBG to/TO be/VB  [ room/NN ] for/IN  [ all/DT ] of/IN  [ us/PRP ] ./.,(S (NP-SBJ-1 (EX there)) (ADVP (RB just)) (VP (VBZ is) (RB not) (VP (VBG going) (S (NP-SBJ (-NONE- *-1)) (VP (TO to) (VP (VB be) (NP-PRD (NP (NN room)) (PP (IN for) (NP (NP (DT all)) (PP (IN of) (NP (PRP us))))))))))) (. .) (-DFL- E_S)),13,21.32,23.02
sw03utt/sw_0321_4902.utt,4/sw4902,4902,8,sv,B,6,3,We don't have jobs now.  /,[ We/PRP ] do/VBP n't/RB have/VB  [ jobs/NNS ] now/RB ./.,(S (NP-SBJ (PRP We)) (VP (VBP do) (RB n't) (VP (VB have) (NP (NNS jobs)) (ADVP-TMP (RB now)))) (. .) (-DFL- E_S)),14,23.02,24.2
sw03utt/sw_0321_4902.utt,4/sw4902,4902,9,sv,B,6,4,"[ [ I, + I ]  think, + {F uh, } I think ] when we  come to a time of recession that it's particularly important that we shut our doors at that time.  /","[ I/PRP ] ,/,  [ I/PRP ] think/VBP ,/, uh/UH ,/,  [ I/PRP ] think/VBP when/WRB  [ we/PRP ] come/VBP to/IN  [ a/DT time/NN ] of/IN  [ recession/NN ] that/IN  [ it/PRP ] 's/BES particularly/RB important/JJ that/IN  [ we/PRP ] shut/VBP  [ our/PRP$ doors/NNS ] at/IN  [ that/DT time/NN ] ./.","(S (EDITED (RM (-DFL- \[)) (EDITED (RM (-DFL- \[)) (NP-SBJ (PRP I)) (, ,) (IP (-DFL- \+))) (S (NP-SBJ (PRP I)) (RS (-DFL- \])) (VP-UNF (VBP think))) (, ,) (IP (-DFL- \+))) (INTJ (UH uh)) (, ,) (NP-SBJ (PRP I)) (VP (VBP think) (RS (-DFL- \])) (SBAR (SBAR-TMP (WHADVP-1 (WRB when)) (S (NP-SBJ (PRP we)) (VP (VBP come) (PP (IN to) (NP (NP (DT a) (NN time)) (PP (IN of) (NP (NN recession))))) (ADVP-TMP (-NONE- *T*-1))))) (IN that) (S (NP-SBJ (NP (PRP it)) (SBAR (-NONE- *EXP*-2))) (VP (BES 's) (ADJP-PRD (RB particularly) (JJ important)) (SBAR-2 (IN that) (S (NP-SBJ (PRP we)) (VP (VBP shut) (NP (PRP$ our) (NNS doors)) (PP-TMP (IN at) (NP (DT that) (NN time)))))))))) (. .) (-DFL- E_S))",15,25.06,30.7
sw03utt/sw_0321_4902.utt,4/sw4902,4902,10,sd,B,6,5,"{F Uh, } I hope you're one of the employed right now. /","[ Uh/UH ] ,/,  [ I/PRP ] hope/VBP  [ you/PRP ] 're/VBP  [ one/CD ] of/IN  [ the/DT ] employed/JJ right/RB now/RB ./.","(S (INTJ (UH Uh)) (, ,) (NP-SBJ (PRP I)) (VP (VBP hope) (SBAR (-NONE- 0) (S (NP-SBJ (PRP you)) (VP (VBP 're) (NP-PRD (NP (CD one)) (PP (IN of) (NP (DT the) (JJ employed)))) (ADVP-TMP (RB right) (RB now)))))) (. .) (-DFL- E_S))",16,31.58,33.9
sw03utt/sw_0321_4902.utt,4/sw4902,4902,11,ny,A,7,1,Uh-huh. /,[ Uh-huh/UH ] ./.,(INTJ (UH Uh-huh) (. .) (-DFL- E_S)),6,34.22,34.5
sw03utt/sw_0321_4902.utt,4/sw4902,4902,12,sd,B,8,1,I am one of the unemployed right now. /,[ I/PRP ] am/VBP  [ one/CD ] of/IN  [ the/DT unemployed/JJ right/RB ] now/RB ./.,(S (NP-SBJ (PRP I)) (VP (VBP am) (NP-PRD (NP (CD one)) (PP (IN of) (NP (DT the) (JJ unemployed)))) (ADVP-TMP (RB right) (RB now))) (. .) (-DFL- E_S)),20,34.84,36.519999999999996
sw03utt/sw_0321_4902.utt,4/sw4902.pos,4902,13,x,A,9,1,<Throat_clearing>.,./.,,,0.0,0.0
sw03utt/sw_0321_4902.utt,4/sw4902,4902,14,sd,B,10,1,I was a systems analysis and programmer  for an oil company  /,[ I/PRP ] was/VBD  [ a/DT systems/NNS analysis/NN ] and/CC  [ programmer/NN ] for/IN  [ an/DT oil/NN company/NN ],(S (NP-SBJ (PRP I)) (VP (VBD was) (NP-PRD (NP (DT a) (NNS systems) (TYPO (NN analysis)) (CC and) (NN programmer)) (PP (IN for) (NP (DT an) (NN oil) (NN company))))) (-DFL- E_S)),23,37.3,40.14
sw03utt/sw_0321_4902.utt,4/sw4902,4902,15,sd,B,10,2,"{C and, }  {F uh, } I applied for one set of jobs with a company here in Dallas that they had two hundred openings  /","and/CC ,/,  [ uh/UH ] ,/,  [ I/PRP ] applied/VBD for/IN  [ one/CD set/NN ] of/IN  [ jobs/NNS ] with/IN  [ a/DT company/NN ] here/RB in/IN  [ Dallas/NNP ] that/WDT  [ they/PRP ] had/VBD  [ two/CD hundred/CD openings/NNS ]","(S (CC and) (, ,) (INTJ (UH uh)) (, ,) (NP-SBJ (PRP I)) (VP (VBD applied) (PP (IN for) (NP (NP (CD one) (NN set)) (PP (IN of) (NP (NNS jobs))) (PP (IN with) (NP (NP (DT a) (NN company)) (ADVP-LOC (RB here) (PP (IN in) (NP (NNP Dallas)))) (SBAR (WHNP-1 (WDT that)) (S (NP-SBJ (NP (-NONE- *T*-1)) (NP (PRP they))) (VP (VBD had) (NP (QP (CD two) (CD hundred)) (NNS openings)))))))))) (-DFL- E_S))",24,41.14,47.480000000000004
sw03utt/sw_0321_4902.utt,4/sw4902,4902,16,sd,B,10,3,{C but } they had two thousand applications. /,but/CC  [ they/PRP ] had/VBD  [ two/CD thousand/CD applications/NNS ] ./.,(S (CC but) (NP-SBJ (PRP they)) (VP (VBD had) (NP (QP (CD two) (CD thousand)) (NNS applications))) (. .) (-DFL- E_S)),25,47.48,49.2
sw03utt/sw_0321_4902.utt,4/sw4902,4902,17,b,A,11,1,Yeah. /,Yeah/UH ./.,(INTJ (UH Yeah) (. .) (-DFL- E_S)),27,49.4,49.62
sw03utt/sw_0321_4902.utt,4/sw4902,4902,18,sv,B,12,1,"{C And } I know that there are a lot of  foreigners, {F uh, } here, {D you know, } doing my line of work. /","And/CC  [ I/PRP ] know/VBP that/IN  [ there/EX ] are/VBP  [ a/DT lot/NN ] of/IN  [ foreigners/NNS ] ,/,  [ uh/UH ] ,/, here/RB ,/,  [ you/PRP ] know/VBP ,/, doing/VBG  [ my/PRP$ line/NN ] of/IN  [ work/NN ] ./.","(S (CC And) (NP-SBJ (PRP I)) (VP (VBP know) (SBAR (IN that) (S (NP-SBJ (EX there)) (VP (VBP are) (NP-PRD (NP (DT a) (NN lot)) (PP (IN of) (NP (NP (NNS foreigners)) (, ,) (INTJ (UH uh)) (, ,) (ADVP-LOC (RB here)) (PRN (, ,) (S (NP-SBJ (PRP you)) (VP (VBP know))) (, ,)) (VP (VBG doing) (NP (NP (PRP$ my) (NN line)) (PP (IN of) (NP (NN work)))))))))))) (. .) (-DFL- E_S))",29,50.5,56.18000000000001
sw03utt/sw_0321_4902.utt,4/sw4902,4902,19,b,A,13,1,Uh-huh. /,[ Uh-huh/UH ] ./.,(INTJ (UH Uh-huh) (. .) (-DFL- E_S)),6,56.42,56.68
sw03utt/sw_0321_4902.utt,4/sw4902,4902,20,sd,B,14,1,"{C And, }  of course, I'm not perfectly happy about not having a job. /","And/CC ,/, of/IN  [ course/NN ] ,/,  [ I/PRP ] 'm/VBP not/RB perfectly/RB happy/JJ about/IN not/RB having/VBG  [ a/DT job/NN ] ./.","(S (CC And) (, ,) (PP (IN of) (NP (NN course))) (, ,) (NP-SBJ-1 (PRP I)) (VP (VBP 'm) (RB not) (ADJP-PRD (RB perfectly) (JJ happy) (PP (IN about) (S-NOM (NP-SBJ (-NONE- *-1)) (RB not) (VP (VBG having) (NP (DT a) (NN job))))))) (. .) (-DFL- E_S))",33,57.24,59.9
sw03utt/sw_0321_4902.utt,4/sw4902,4902,21,b,A,15,1,Right. /,[ Right/UH ] ./.,(INTJ (UH Right) (. .) (-DFL- E_S)),35,60.22,60.54
sw03utt/sw_0321_4902.utt,4/sw4902,4902,22,qo,B,16,1,"{D So, } how do you feel? /","So/RB ,/, how/WRB do/VBP  [ you/PRP ] feel/VB ?/.","(SBARQ (INTJ (UH So)) (, ,) (WHADVP-1 (WRB how)) (SQ (VBP do) (NP-SBJ (PRP you)) (VP (VB feel) (ADVP-MNR (-NONE- *T*-1)))) (. ?) (-DFL- E_S))",37,61.2,62.06
sw03utt/sw_0321_4902.utt,4/sw4902,4902,23,sd,A,17,1,"{D Well, } I'm a little bit ambivalent.  /","Well/UH ,/,  [ I/PRP ] 'm/VBP  [ a/DT little/JJ bit/NN ] ambivalent/JJ ./.","(S (INTJ (UH Well)) (, ,) (NP-SBJ (PRP I)) (VP (VBP 'm) (ADJP-PRD (NP-ADV (DT a) (JJ little) (NN bit)) (JJ ambivalent))) (. .) (-DFL- E_S))",39,63.82,66.0
sw03utt/sw_0321_4902.utt,4/sw4902,4902,24,sv,A,17,2,"[ The problem  with, + {F uh, } {C and } I think one of the problems with ] immigration policy is like any other  political problem is that people are not willing to discuss it, {F uh, } [ in, + in ]   terms of what, {F uh, }  really is driving it.  /","[ The/DT problem/NN ] with/IN ,/,  [ uh/UH ] ,/, and/CC  [ I/PRP ] think/VBP  [ one/CD ] of/IN  [ the/DT problems/NNS ] with/IN  [ immigration/NN policy/NN ] is/VBZ like/IN  [ any/DT other/JJ political/JJ problem/NN ] is/VBZ that/IN  [ people/NNS ] are/VBP not/RB willing/JJ to/TO discuss/VB  [ it/PRP ] ,/,  [ uh/UH ] ,/, in/IN ,/, in/IN  [ terms/NNS ] of/IN  [ what/WP ] ,/,  [ uh/UH ] ,/, really/RB is/VBZ driving/VBG  [ it/PRP ] ./.","(S (EDITED (RM (-DFL- \[)) (NP (NP (DT The) (NN problem)) (PP-UNF (IN with))) (, ,) (IP (-DFL- \+))) (INTJ (UH uh)) (, ,) (CC and) (NP-SBJ (PRP I)) (VP (VBP think) (SBAR (-NONE- 0) (S (NP-SBJ (NP (CD one)) (PP (IN of) (NP (NP (DT the) (NNS problems)) (PP (IN with) (RS (-DFL- \])) (NP (NN immigration) (NN policy)))))) (EDITED (VP-UNF (VBZ is))) (PP (IN like) (NP (DT any) (JJ other) (JJ political) (NN problem))) (VP (VBZ is) (SBAR-PRD (IN that) (S (NP-SBJ-1 (NNS people)) (VP (VBP are) (RB not) (ADJP-PRD (JJ willing) (S (NP-SBJ (-NONE- *-1)) (VP (TO to) (VP (VB discuss) (NP (PRP it)) (, ,) (INTJ (UH uh)) (, ,) (EDITED (RM (-DFL- \[)) (PP-UNF (IN in)) (, ,) (IP (-DFL- \+))) (PP (IN in) (RS (-DFL- \])) (NP (NP (NNS terms)) (PP (IN of) (SBAR-NOM (WHNP-2 (WP what)) (, ,) (INTJ (UH uh)) (, ,) (S (NP-SBJ (-NONE- *T*-2)) (ADVP (RB really)) (VP (VBZ is) (VP (VBG driving) (NP (PRP it)))))))))))))))))))) (. .) (-DFL- E_S))",40,66.0,80.46000000000001
sw03utt/sw_0321_4902.utt,4/sw4902,4902,25,sv,A,17,3,"They're not willing to tell the truth.    The same way with, {F uh, } issues of, {F uh, } race and things like that  <throat_clearing>.  /","[ They/PRP ] 're/VBP not/RB willing/JJ to/TO tell/VB  [ the/DT truth/NN ] ./.  [ The/DT same/JJ way/NN ] with/IN ,/,  [ uh/UH ] ,/,  [ issues/NNS ] of/IN ,/,  [ uh/UH ] ,/,  [ race/NN ] and/CC  [ things/NNS ] like/IN  [ that/DT ] ./.","(S (NP-SBJ-1 (PRP They)) (VP (VBP 're) (RB not) (ADJP-PRD (JJ willing) (S (NP-SBJ (-NONE- *-1)) (VP (TO to) (VP (VB tell) (NP (DT the) (NN truth)) (. .) (NP-MNR (DT The) (JJ same) (NN way)) (PP (IN with) (, ,) (INTJ (UH uh)) (, ,) (NP (NP (NP (NNS issues)) (PP (IN of) (, ,) (INTJ (UH uh)) (, ,) (NP (NN race)))) (CC and) (NP (NP (NNS things)) (PP (IN like) (NP (DT that))))))))))) (. .) (-DFL- E_S))",41,80.46,87.54
sw03utt/sw_0321_4902.utt,4/sw4902,4902,26,sv,A,17,4,"{E I mean } right now, {F uh, } I believe there are two  policies [ that, + {F uh, } that ] the government uses to modulate immigration. Three actually.  /","[ I/PRP ] mean/VBP right/RB now/RB ,/,  [ uh/UH ] ,/,  [ I/PRP ] believe/VBP  [ there/EX ] are/VBP  [ two/CD policies/NNS ] [ that/WDT ] ,/,  [ uh/UH ] ,/, that/WDT  [ the/DT government/NN ] uses/VBZ to/TO modulate/VB  [ immigration/NN ] ./.  [ Three/CD ] actually/RB ./.","(S (PRN (S (NP-SBJ (PRP I)) (VP (VBP mean)))) (ADVP-TMP (RB right) (RB now)) (, ,) (INTJ (UH uh)) (, ,) (NP-SBJ (PRP I)) (VP (VBP believe) (SBAR (-NONE- 0) (S (NP-SBJ (EX there)) (VP (VBP are) (NP-PRD (NP (CD two) (NNS policies)) (SBAR (EDITED (RM (-DFL- \[)) (SBAR-UNF (WDT that)) (, ,) (IP (-DFL- \+))) (INTJ (UH uh)) (, ,) (WHNP-1 (WDT that)) (RS (-DFL- \])) (S (NP-SBJ-2 (DT the) (NN government)) (VP (VBZ uses) (NP (-NONE- *T*-1)) (S-PRP (NP-SBJ (-NONE- *-2)) (VP (TO to) (VP (VB modulate) (NP (NN immigration))))))))))))) (. .))|||(FRAG (NP (CD Three)) (ADVP (RB actually)) (. .) (-DFL- E_S))",42|||43,88.26,99.6
sw03utt/sw_0321_4902.utt,4/sw4902,4902,27,sv,A,17,5,"One is at the high end, {F uh, }  /","[ One/CD ] is/VBZ at/IN  [ the/DT high/JJ end/NN ] ,/,  [ uh/UH ] ,/,","(S (NP-SBJ (CD One)) (VP (VBZ is) (PP-PRD (IN at) (NP (DT the) (JJ high) (NN end))) (, ,) (INTJ (UH uh))) (, ,) (-DFL- E_S))",44,100.52,102.55999999999999
sw03utt/sw_0321_4902.utt,4/sw4902,4902,28,sv,A,17,6,"they always want to be able to, {F uh, }  do some brain draining.  /","[ they/PRP ] always/RB want/VBP to/TO be/VB able/JJ to/TO ,/,  [ uh/UH ] ,/, do/VB  [ some/DT brain/NN draining/NN ] ./.","(S (NP-SBJ-1 (PRP they)) (ADVP-TMP (RB always)) (VP (VBP want) (S (NP-SBJ-2 (-NONE- *-1)) (VP (TO to) (VP (VB be) (ADJP-PRD (JJ able) (S (NP-SBJ (-NONE- *-2)) (VP (TO to) (, ,) (INTJ (UH uh)) (, ,) (VP (VB do) (NP (DT some) (NN brain) (NN draining)))))))))) (. .) (-DFL- E_S))",45,102.92,106.22
sw03utt/sw_0321_4902.utt,4/sw4902,4902,29,sv,A,17,7,"They always like  to be able to attract the, {F uh, } Einsteins or  the Professor Chou  /","[ They/PRP ] always/RB like/VBP to/TO be/VB able/JJ to/TO attract/VB  [ the/DT ] ,/,  [ uh/UH ] ,/,  [ Einsteins/NNPS ] or/CC  [ the/DT Professor/NNP Chou/NNP ]","(S (NP-SBJ-1 (PRP They)) (ADVP-TMP (RB always)) (VP (VBP like) (S (NP-SBJ-2 (-NONE- *-1)) (VP (TO to) (VP (VB be) (ADJP-PRD (JJ able) (S (NP-SBJ (-NONE- *-2)) (VP (TO to) (VP (VB attract) (NP (NP (DT the) (, ,) (INTJ (UH uh)) (, ,) (NNPS Einsteins)) (CC or) (NP (DT the) (NNP Professor) (NNP Chou))))))))))) (-DFL- E_S))",46,107.2,112.46
sw03utt/sw_0321_4902.utt,4/sw4902,4902,30,%,A,17,8,"{C or, } {D you know. } -/","or/CC ,/,  [ you/PRP ] know/VBP ./.","(S-UNF (CC or) (PRN (, ,) (S (NP-SBJ (PRP you)) (VP (VBP know)))) (. .) (-DFL- N_S))",47,112.46,113.24000000000001
sw03utt/sw_0321_4902.utt,4/sw4902,4902,31,b,B,18,1,Right </TV>. /,[ Right/UH ] ./.,(INTJ (UH Right) (. .) (-DFL- E_S)),35,113.46,113.69999999999999
sw03utt/sw_0321_4902.utt,4/sw4902,4902,32,sv,A,19,1,They'd like to be able to get the top people  in any field  /,[ They/PRP ] 'd/MD like/VB to/TO be/VB able/JJ to/TO get/VB  [ the/DT top/JJ people/NNS ] in/IN  [ any/DT field/NN ],(S (NP-SBJ-1 (PRP They)) (VP (MD 'd) (VP (VB like) (S (NP-SBJ-2 (-NONE- *-1)) (VP (TO to) (VP (VB be) (ADJP-PRD (JJ able) (S (NP-SBJ (-NONE- *-2)) (VP (TO to) (VP (VB get) (NP (NP (DT the) (JJ top) (NNS people)) (PP (IN in) (NP (DT any) (NN field))))))))))))) (-DFL- E_S)),51,113.76,116.42
sw03utt/sw_0321_4902.utt,4/sw4902,4902,33,sv,A,19,2,{C and so } they can almost always find room for someone like that.  /,and/CC so/RB  [ they/PRP ] can/MD almost/RB always/RB find/VB  [ room/NN ] for/IN  [ someone/NN ] like/IN  [ that/DT ] ./.,(S (CONJP (CC and) (RB so)) (NP-SBJ (PRP they)) (VP (MD can) (ADVP-TMP (RB almost) (RB always)) (VP (VB find) (NP (NP (NN room)) (PP (IN for) (NP (NP (NN someone)) (PP (IN like) (NP (DT that)))))))) (. .) (-DFL- E_S)),52,116.92,119.84
sw03utt/sw_0321_4902.utt,4/sw4902,4902,34,sv,A,19,3,"At the bottom end, they, {F uh, }","At/IN  [ the/DT bottom/NN end/NN ] ,/,  [ they/PRP ] ,/,  [ uh/UH ] ,/,","(S (PP (IN At) (NP (DT the) (NN bottom) (NN end))) (, ,) (NP-SBJ-1 (PRP they)) (, ,) (INTJ (UH uh)) (, ,) (VP (VBP are) (ADVP-TMP (RB always)) (ADJP-PRD (JJ willing) (S (NP-SBJ (-NONE- *-1)) (VP (TO to) (, ,) (INTJ (UH uh)) (, ,) (VP (VB let) (PRT (RB in)) (NP (JJ cheap) (NN labor)))))) (SBAR-ADV (IN if) (S (NP-SBJ (PRP it)) (VP (VP (VBZ lowers) (NP (NP (DT the) (NN cost)) (PP (IN of) (S-NOM (NP-SBJ (-NONE- *)) (VP (VBG doing) (NP (NN business)) (PP (IN in) (NP (DT some) (JJ particular) (NN area)))))))) (CC and) (VP (VBZ has) (NP (NP (JJ strong) (NN support)) (PP (IN from) (NP (NP (DT the) (, ,) (JJ powerful) (NNS people)) (PP (IN in) (NP (DT that) (NN area))))))))))) (. .) (-DFL- E_S))",53,119.84,123.67999999999999
sw03utt/sw_0321_4902.utt,4/sw4902.pos,4902,35,x,B,20,1,<Rustling>.,./.,,,0.0,0.0
sw03utt/sw_0321_4902.utt,4/sw4902,4902,36,+,A,21,1,"are always willing to, {F uh, }  let in cheap labor <throat_clearing> if it lowers the cost of doing business in some particular area and has strong support from the,","are/VBP always/RB willing/JJ to/TO ,/,  [ uh/UH ] ,/, let/VB in/RB  [ cheap/JJ labor/NN ] if/IN  [ it/PRP ] lowers/VBZ  [ the/DT cost/NN ] of/IN  [ doing/VBG business/NN ] in/IN  [ some/DT particular/JJ area/NN ] and/CC has/VBZ  [ strong/JJ support/NN ] from/IN  [ the/DT ] ,/,","(S (PP (IN At) (NP (DT the) (NN bottom) (NN end))) (, ,) (NP-SBJ-1 (PRP they)) (, ,) (INTJ (UH uh)) (, ,) (VP (VBP are) (ADVP-TMP (RB always)) (ADJP-PRD (JJ willing) (S (NP-SBJ (-NONE- *-1)) (VP (TO to) (, ,) (INTJ (UH uh)) (, ,) (VP (VB let) (PRT (RB in)) (NP (JJ cheap) (NN labor)))))) (SBAR-ADV (IN if) (S (NP-SBJ (PRP it)) (VP (VP (VBZ lowers) (NP (NP (DT the) (NN cost)) (PP (IN of) (S-NOM (NP-SBJ (-NONE- *)) (VP (VBG doing) (NP (NN business)) (PP (IN in) (NP (DT some) (JJ particular) (NN area)))))))) (CC and) (VP (VBZ has) (NP (NP (JJ strong) (NN support)) (PP (IN from) (NP (NP (DT the) (, ,) (JJ powerful) (NNS people)) (PP (IN in) (NP (DT that) (NN area))))))))))) (. .) (-DFL- E_S))",53,124.56,133.04000000000002
sw03utt/sw_0321_4902.utt,4/sw4902.pos,4902,37,x,B,22,1,<Clicking>.,./.,,,0.0,0.0
sw03utt/sw_0321_4902.utt,4/sw4902,4902,38,+,A,23,1,powerful people in that area.  /,[ powerful/JJ people/NNS ] in/IN  [ that/DT area/NN ] ./.,"(S (PP (IN At) (NP (DT the) (NN bottom) (NN end))) (, ,) (NP-SBJ-1 (PRP they)) (, ,) (INTJ (UH uh)) (, ,) (VP (VBP are) (ADVP-TMP (RB always)) (ADJP-PRD (JJ willing) (S (NP-SBJ (-NONE- *-1)) (VP (TO to) (, ,) (INTJ (UH uh)) (, ,) (VP (VB let) (PRT (RB in)) (NP (JJ cheap) (NN labor)))))) (SBAR-ADV (IN if) (S (NP-SBJ (PRP it)) (VP (VP (VBZ lowers) (NP (NP (DT the) (NN cost)) (PP (IN of) (S-NOM (NP-SBJ (-NONE- *)) (VP (VBG doing) (NP (NN business)) (PP (IN in) (NP (DT some) (JJ particular) (NN area)))))))) (CC and) (VP (VBZ has) (NP (NP (JJ strong) (NN support)) (PP (IN from) (NP (NP (DT the) (, ,) (JJ powerful) (NNS people)) (PP (IN in) (NP (DT that) (NN area))))))))))) (. .) (-DFL- E_S))",53,133.8,135.02
sw03utt/sw_0321_4902.utt,4/sw4902,4902,39,sv,A,23,2,"Those are  two things that I think are going on. Although [ they, + [ I, + I ] ] don't think the politicians  would tell you that. /","[ Those/DT ] are/VBP  [ two/CD things/NNS ] that/WDT  [ I/PRP ] think/VBP are/VBP going/VBG on/RP ./.  Although/IN  [ they/PRP ] ,/,  [ I/PRP ] ,/,  [ I/PRP ] do/VBP n't/RB think/VB  [ the/DT politicians/NNS ] would/MD tell/VB  [ you/PRP ] [ that/DT ] ./.","(S (NP-SBJ (DT Those)) (VP (VBP are) (NP-PRD (NP (CD two) (NNS things)) (SBAR (WHNP-1 (WDT that)) (S (NP-SBJ (PRP I)) (VP (VBP think) (SBAR (-NONE- 0) (S (NP-SBJ (-NONE- *T*-1)) (VP (VBP are) (VP (VBG going) (PRT (RP on)))))))))) (. .) (SBAR-ADV (IN Although) (S (EDITED (RM (-DFL- \[)) (NP-SBJ (PRP they)) (, ,) (IP (-DFL- \+))) (EDITED (RM (-DFL- \[)) (NP-SBJ (PRP I)) (, ,) (IP (-DFL- \+))) (NP-SBJ (PRP I)) (RS (-DFL- \])) (RS (-DFL- \])) (VP (VBP do) (RB n't) (VP (VB think) (SBAR (-NONE- 0) (S (NP-SBJ (DT the) (NNS politicians)) (VP (MD would) (VP (VB tell) (NP (PRP you)) (NP (DT that))))))))))) (. .) (-DFL- E_S))",58,136.6,142.04
sw03utt/sw_0321_4902.utt,4/sw4902,4902,40,b,B,24,1,Okay  /,[ Okay/UH ],(INTJ (UH Okay) (-DFL- E_S)),60,143.42,143.7
sw03utt/sw_0321_4902.utt,4/sw4902,4902,41,aa,B,24,2,{C and } I think you're right in both cases. /,and/CC  [ I/PRP ] think/VBP  [ you/PRP ] 're/VBP right/JJ in/IN  [ both/DT ] [ cases/NNS ] ./.,(S (CC and) (NP-SBJ (PRP I)) (VP (VBP think) (SBAR (-NONE- 0) (S (NP-SBJ (PRP you)) (VP (VBP 're) (ADJP-PRD (JJ right)) (PP (IN in) (NP (DT both) (NNS cases))))))) (. .) (-DFL- E_S)),61,143.7,145.12
sw03utt/sw_0321_4902.utt,4/sw4902,4902,42,sv,A,25,1,"{C And then } the,","And/CC then/RB  [ the/DT ] ,/,","(S (CONJP (CC And) (RB then)) (NP-SBJ (DT the) (, ,) (JJ third) (NN thing)) (VP (VBZ is) (, ,) (INTJ (UH uh)) (, ,) (NP-PRD (NP (DT the) (JJ political) (NN aspect)) (PP (IN of) (, ,) (INTJ (UH uh)) (, ,) (INTJ (UH uh)) (, ,) (S-NOM (NP-SBJ (-NONE- *)) (VP (VBG letting) (S (NP-SBJ (NN steam)) (VP (VB come) (PP (IN out) (PP (IN from) (PP (IN under) (NP (DT the) (NN lid))))) (PP-LOC (IN in) (NP (NNP Mexico)))))))))) (. .) (-DFL- E_S))",63,145.26,145.51999999999998
sw03utt/sw_0321_4902.utt,4/sw4902.pos,4902,43,x,B,26,1,</Clicking>.,./.,,,0.0,0.0
sw03utt/sw_0321_4902.utt,4/sw4902,4902,44,+,A,27,1,"third thing is, {F uh, } the political aspect of,  {F uh, } {F uh, } letting steam come out from under the lid in Mexico <throat_clearing>.  /","[ third/JJ thing/NN ] is/VBZ ,/,  [ uh/UH ] ,/,  [ the/DT political/JJ aspect/NN ] of/IN ,/,  [ uh/UH ] ,/,  [ uh/UH ] ,/, letting/VBG  [ steam/NN ] come/VB out/IN from/IN under/IN  [ the/DT lid/NN ] in/IN  [ Mexico/NNP ] ./.","(S (CONJP (CC And) (RB then)) (NP-SBJ (DT the) (, ,) (JJ third) (NN thing)) (VP (VBZ is) (, ,) (INTJ (UH uh)) (, ,) (NP-PRD (NP (DT the) (JJ political) (NN aspect)) (PP (IN of) (, ,) (INTJ (UH uh)) (, ,) (INTJ (UH uh)) (, ,) (S-NOM (NP-SBJ (-NONE- *)) (VP (VBG letting) (S (NP-SBJ (NN steam)) (VP (VB come) (PP (IN out) (PP (IN from) (PP (IN under) (NP (DT the) (NN lid))))) (PP-LOC (IN in) (NP (NNP Mexico)))))))))) (. .) (-DFL- E_S))",63,145.52,152.38
sw03utt/sw_0321_4902.utt,4/sw4902,4902,45,sv,A,27,2,"They cannot close off the Mexican border.  Not because it's physically impossible  but because the explosion that would take place in Mexico [ would be, + {F uh, } {F uh, }","[ They/PRP ] can/MD not/RB close/VB off/RP  [ the/DT Mexican/JJ border/NN ] ./.  Not/RB because/IN  [ it/PRP ] 's/BES physically/RB impossible/JJ but/CC because/IN  [ the/DT explosion/NN ] [ that/WDT ] would/MD take/VB  [ place/NN ] in/IN  [ Mexico/NNP ] would/MD be/VB ,/,  [ uh/UH ] ,/,  [ uh/UH ] ,/,","(S (NP-SBJ (PRP They)) (VP (MD can) (RB not) (VP (VB close) (PRT (RP off)) (NP (DT the) (JJ Mexican) (NN border)) (. .) (SBAR-PRP (RB Not) (SBAR (IN because) (S (NP-SBJ (PRP it)) (VP (BES 's) (ADJP-PRD (RB physically) (JJ impossible))))) (CC but) (SBAR (IN because) (S (NP-SBJ (NP (DT the) (NN explosion)) (SBAR (WHNP-1 (WDT that)) (S (NP-SBJ (-NONE- *T*-1)) (VP (MD would) (VP (VB take) (NP (NN place)) (PP-LOC (IN in) (NP (NNP Mexico)))))))) (EDITED (RM (-DFL- \[)) (VP (MD would) (VP-UNF (VB be))) (, ,) (IP (-DFL- \+))) (INTJ (UH uh)) (, ,) (INTJ (UH uh)) (, ,) (VP (MD would) (VP (VB spill) (RS (-DFL- \])) (PRT (IN over)) (PP-LOC (IN to) (NP (DT this) (NN country)))))))))) (-DFL- E_S))",66,153.0,161.14
sw03utt/sw_0321_4902.utt,4/sw4902.pos,4902,46,x,B,28,1,<Noise> <<sounds like water running>>.,./.,,,0.0,0.0
sw03utt/sw_0321_4902.utt,4/sw4902,4902,47,+,A,29,1,would spill ] over to this country  /,would/MD spill/VB over/IN to/IN  [ this/DT country/NN ],"(S (NP-SBJ (PRP They)) (VP (MD can) (RB not) (VP (VB close) (PRT (RP off)) (NP (DT the) (JJ Mexican) (NN border)) (. .) (SBAR-PRP (RB Not) (SBAR (IN because) (S (NP-SBJ (PRP it)) (VP (BES 's) (ADJP-PRD (RB physically) (JJ impossible))))) (CC but) (SBAR (IN because) (S (NP-SBJ (NP (DT the) (NN explosion)) (SBAR (WHNP-1 (WDT that)) (S (NP-SBJ (-NONE- *T*-1)) (VP (MD would) (VP (VB take) (NP (NN place)) (PP-LOC (IN in) (NP (NNP Mexico)))))))) (EDITED (RM (-DFL- \[)) (VP (MD would) (VP-UNF (VB be))) (, ,) (IP (-DFL- \+))) (INTJ (UH uh)) (, ,) (INTJ (UH uh)) (, ,) (VP (MD would) (VP (VB spill) (RS (-DFL- \])) (PRT (IN over)) (PP-LOC (IN to) (NP (DT this) (NN country)))))))))) (-DFL- E_S))",66,161.42,162.86
sw03utt/sw_0321_4902.utt,4/sw4902,4902,48,sv,A,29,2,"{C so } they keep   allowing, {F uh, } the pressure cooker to let off steam. /","so/RB  [ they/PRP ] keep/VBP allowing/VBG ,/,  [ uh/UH ] ,/,  [ the/DT pressure/NN cooker/NN ] to/TO let/VB off/RP  [ steam/NN ] ./.","(S (RB so) (NP-SBJ-1 (PRP they)) (VP (VBP keep) (S (NP-SBJ (-NONE- *-1)) (VP (VBG allowing) (, ,) (INTJ (UH uh)) (, ,) (S (NP-SBJ (DT the) (NN pressure) (NN cooker)) (VP (TO to) (VP (VB let) (PRT (RP off)) (NP (NN steam)))))))) (. .) (-DFL- E_S))",69,162.88,169.18
sw03utt/sw_0321_4902.utt,4/sw4902,4902,49,sv,B,30,1,</Noise> {C And } I think probably it's  pretty important right there.  /,And/CC  [ I/PRP ] think/VBP probably/RB  [ it/PRP ] 's/BES pretty/RB important/JJ right/RB there/RB ./.,(S (CC And) (NP-SBJ (PRP I)) (VP (VBP think) (SBAR (-NONE- 0) (S (ADVP (RB probably)) (NP-SBJ (PRP it)) (VP (BES 's) (ADJP-PRD (RB pretty) (JJ important)) (ADVP-LOC (RB right) (RB there)))))) (. .) (-DFL- E_S)),71,169.5,172.02
sw03utt/sw_0321_4902.utt,4/sw4902,4902,50,qo,B,30,2,How do you feel about Haitian immigration? /,How/WRB do/VBP  [ you/PRP ] feel/VB about/IN  [ Haitian/JJ immigration/NN ] ?/.,(SBARQ (WHADVP-1 (WRB How)) (SQ (VBP do) (NP-SBJ (PRP you)) (VP (VB feel) (ADVP-MNR (-NONE- *T*-1)) (PP (IN about) (NP (JJ Haitian) (NN immigration))))) (. ?) (-DFL- E_S)),72,172.02,173.8
sw03utt/sw_0321_4902.utt,4/sw4902,4902,51,sd,A,31,1,"{F Uh, } <throat_clearing> that's one of the few  things I guess <laughter> I found myself in agreement with Pat Buchanan <throat_clearing>.  /","[ Uh/UH ] ,/,  [ that/DT ] 's/BES  [ one/CD ] of/IN  [ the/DT few/JJ things/NNS I/PRP ] guess/VBP  [ I/PRP ] found/VBD  [ myself/PRP ] in/IN  [ agreement/NN ] with/IN  [ Pat/NNP Buchanan/NNP ] ./.","(S (INTJ (UH Uh)) (, ,) (NP-SBJ (DT that)) (VP (BES 's) (NP-PRD (NP (CD one)) (PP (IN of) (NP (NP (DT the) (JJ few) (NNS things)) (PRN (S (NP-SBJ (PRP I)) (VP (VBP guess)))) (SBAR (WHADVP-1 (-NONE- 0)) (S (NP-SBJ (PRP I)) (VP (VBD found) (NP (PRP myself)) (PP (IN in) (NP (NP (NN agreement)) (PP (IN with) (NP (NNP Pat) (NNP Buchanan))))) (ADVP (-NONE- *T*-1))))))))) (. .) (-DFL- E_S))",74,175.02,179.84
sw03utt/sw_0321_4902.utt,4/sw4902,4902,52,sv,A,31,2,"I think they're a very difficult group to integrate into, {F uh, }  society.  /","[ I/PRP ] think/VBP  [ they/PRP ] 're/VBP  [ a/DT very/RB difficult/JJ group/NN ] to/TO integrate/VB into/IN ,/,  [ uh/UH ] ,/,  [ society/NN ] ./.","(S (NP-SBJ (PRP I)) (VP (VBP think) (SBAR (-NONE- 0) (S (NP-SBJ (PRP they)) (VP (VBP 're) (NP-PRD (NP (DT a) (ADJP (RB very) (JJ difficult)) (NN group)) (SBAR (WHNP-1 (-NONE- 0)) (S (NP-SBJ (-NONE- *)) (VP (TO to) (VP (VB integrate) (NP (-NONE- *T*-1)) (PP (IN into) (, ,) (INTJ (UH uh)) (, ,) (NP (NN society)))))))))))) (. .) (-DFL- E_S))",75,181.88,186.61999999999998
sw03utt/sw_0321_4902.utt,4/sw4902,4902,53,sv,A,31,3,"They're very difficult, {F uh, } group to find jobs  [ and, + {F uh, }  and, ] {F uh, } places for.  /","[ They/PRP ] 're/VBP very/RB difficult/JJ ,/,  [ uh/UH ] ,/,  [ group/NN ] to/TO find/VB  [ jobs/NNS ] and/CC ,/,  [ uh/UH ] ,/, and/CC ,/,  [ uh/UH ] ,/,  [ places/NNS ] for/IN ./.","(S (NP-SBJ (PRP They)) (VP (VBP 're) (NP-PRD (NP (ADJP (RB very) (JJ difficult)) (, ,) (INTJ (UH uh)) (, ,) (NN group)) (SBAR (WHNP-1 (-NONE- 0)) (S (NP-SBJ (-NONE- *)) (VP (TO to) (VP (VB find) (NP (NP (NNS jobs) (EDITED (RM (-DFL- \[)) (CC and) (, ,) (IP (-DFL- \+))) (INTJ (UH uh)) (, ,) (CC and) (, ,) (RS (-DFL- \])) (INTJ (UH uh)) (, ,) (NNS places)) (PP (IN for) (NP (-NONE- *T*-1)))))))))) (. .) (-DFL- E_S))",76,186.62,192.06
sw03utt/sw_0321_4902.utt,4/sw4902,4902,54,sv,A,31,4,"{C And so, } {F uh, } {F uh, } I don't deny that we may have been involved in  causing the problem [ that, + {F uh, } in that ] they're pretty miserable where  they are.  /","And/CC so/RB ,/,  [ uh/UH ] ,/,  [ uh/UH ] ,/,  [ I/PRP ] do/VBP n't/RB deny/VB that/IN  [ we/PRP ] may/MD have/VB been/VBN involved/VBN in/IN causing/VBG  [ the/DT problem/NN ] that/WDT ,/,  [ uh/UH ] ,/, in/IN that/IN  [ they/PRP ] 're/VBP pretty/RB miserable/JJ where/WRB  [ they/PRP ] are/VBP ./.","(S (CONJP (CC And) (RB so)) (, ,) (INTJ (UH uh)) (, ,) (INTJ (UH uh)) (, ,) (NP-SBJ (PRP I)) (VP (VBP do) (RB n't) (VP (VB deny) (SBAR (IN that) (S (NP-SBJ (PRP we)) (VP (MD may) (VP (VB have) (VP (VBN been) (ADJP-PRD (VBN involved) (PP (IN in) (S-NOM (NP-SBJ (-NONE- *)) (VP (VBG causing) (NP (DT the) (NN problem)))))) (SBAR-ADV (EDITED (RM (-DFL- \[)) (SBAR-ADV-UNF (WDT that)) (, ,) (IP (-DFL- \+))) (INTJ (UH uh)) (, ,) (IN in) (IN that) (RS (-DFL- \])) (S (NP-SBJ (PRP they)) (VP (VBP 're) (ADJP-PRD (RB pretty) (JJ miserable)) (SBAR-LOC (WHADVP-1 (WRB where)) (S (NP-SBJ (PRP they)) (VP (VBP are) (ADVP-LOC-PRD (-NONE- *T*-1))))))))))))))) (. .) (-DFL- E_S))",77,192.94,200.54000000000002
sw03utt/sw_0321_4902.utt,4/sw4902,4902,55,sd,A,31,5,"{C But } I'm not to sympathetic about, {F uh, } letting large numbers of Haitians in. /","But/CC  [ I/PRP ] 'm/VBP not/RB to/^RB sympathetic/JJ about/IN ,/,  [ uh/UH ] ,/, letting/VBG  [ large/JJ numbers/NNS ] of/IN  [ Haitians/NNPS ] in/RB ./.","(S (CC But) (NP-SBJ (PRP I)) (VP (VBP 'm) (RB not) (ADJP-PRD (TYPO (^RB to)) (JJ sympathetic) (PP (IN about) (, ,) (INTJ (UH uh)) (, ,) (S-NOM (NP-SBJ (-NONE- *)) (VP (VBG letting) (NP (NP (JJ large) (NNS numbers)) (PP (IN of) (NP (NNPS Haitians)))) (PRT (RB in))))))) (. .) (-DFL- E_S))",78,200.54,205.9
sw03utt/sw_0321_4902.utt,4/sw4902,4902,56,sv,B,32,1,"{D Actually, } {D actually } I feel that if we accepted  these people that we would eventually have almost the total population here. /","Actually/RB ,/, actually/RB  [ I/PRP ] feel/VBP that/IN if/IN  [ we/PRP ] accepted/VBD  [ these/DT people/NNS ] that/IN  [ we/PRP ] would/MD eventually/RB have/VB almost/RB  [ the/DT total/JJ population/NN ] here/RB ./.","(S (EDITED (ADVP (RB Actually)) (, ,)) (ADVP (RB actually)) (NP-SBJ (PRP I)) (VP (VBP feel) (SBAR (IN that) (SBAR-ADV (IN if) (S (NP-SBJ (PRP we)) (VP (VBD accepted) (NP (DT these) (NNS people))))) (SBAR (IN that) (S (NP-SBJ (PRP we)) (VP (MD would) (ADVP-TMP (RB eventually)) (VP (VB have) (NP (RB almost) (DT the) (JJ total) (NN population)) (ADVP-LOC (RB here)))))))) (. .) (-DFL- E_S))",80,206.64,216.10000000000002
sw03utt/sw_0321_4902.utt,4/sw4902,4902,57,b,A,33,1,Yeah. /,Yeah/UH ./.,(INTJ (UH Yeah) (. .) (-DFL- E_S)),82,217.34,217.56
sw03utt/sw_0321_4902.utt,4/sw4902,4902,58,sv,B,34,1,{C And } it would have nothing to do with political  situations.  /,And/CC  [ it/PRP ] would/MD have/VB  [ nothing/NN ] to/TO do/VB with/IN  [ political/JJ situations/NNS ] ./.,(S (CC And) (NP-SBJ (PRP it)) (VP (MD would) (VP (VB have) (NP (NP (NN nothing)) (SBAR (WHNP-1 (-NONE- 0)) (S (NP-SBJ (-NONE- *)) (VP (TO to) (VP (VB do) (NP (-NONE- *T*-1)) (PP (IN with) (NP (JJ political) (NNS situations)))))))))) (. .) (-DFL- E_S)),84,217.76,221.85999999999999
sw03utt/sw_0321_4902.utt,4/sw4902,4902,59,sv,B,34,2,It would have to do with poverty. /,[ It/PRP ] would/MD have/VB to/TO do/VB with/IN  [ poverty/NN ] ./.,(S (NP-SBJ-1 (PRP It)) (VP (MD would) (VP (VB have) (S (NP-SBJ (-NONE- *-1)) (VP (TO to) (VP (VB do) (PP (IN with) (NP (NN poverty)))))))) (. .) (-DFL- E_S)),85,221.86,223.24
sw03utt/sw_0321_4902.utt,4/sw4902,4902,60,aa,A,35,1,Right.  /,[ Right/UH ] ./.,(INTJ (UH Right) (. .) (-DFL- E_S)),87,223.6,223.85999999999999
sw03utt/sw_0321_4902.utt,4/sw4902,4902,61,sv,A,35,2,"{C But } [ if you let them,  + {D yeah. }   If you let them ] in a million at a time, [ it wouldn't make that, + {D you know, } it wouldn't make that ]  big a bulge in the population. But --","But/CC if/IN  [ you/PRP ] let/VBP  [ them/PRP ] ,/, yeah/UH ./.  If/IN  [ you/PRP ] let/VBP  [ them/PRP ] in/IN  [ a/DT million/CD ] at/IN  [ a/DT time/NN ] ,/,  [ it/PRP ] would/MD n't/RB make/VB  [ that/RB ] ,/,  [ you/PRP ] know/VBP ,/,  [ it/PRP ] would/MD n't/RB make/VB that/RB  [ big/JJ a/DT bulge/NN ] in/IN  [ the/DT population/NN ] ./.  But/CC --/:","(S (CC But) (EDITED (RM (-DFL- \[)) (SBAR-ADV (IN if) (S (NP-SBJ (PRP you)) (VP-UNF (VBP let) (NP (PRP them))))) (, ,) (IP (-DFL- \+))) (INTJ (UH yeah)) (. .) (SBAR-ADV (IN If) (S (NP-SBJ (PRP you)) (VP (VBP let) (NP (PRP them)) (RS (-DFL- \])) (ADVP-DIR (IN in)) (NP-ADV (NP (DT a) (CD million)) (PP (IN at) (NP (DT a) (NN time))))))) (, ,) (EDITED (RM (-DFL- \[)) (S (NP-SBJ (PRP it)) (VP (MD would) (RB n't) (VP (VB make) (NP-UNF (RB that))))) (, ,) (IP (-DFL- \+))) (PRN (S (NP-SBJ (PRP you)) (VP (VBP know))) (, ,)) (NP-SBJ (PRP it)) (VP (MD would) (RB n't) (VP (VB make) (NP (NP (ADJP (RB that) (RS (-DFL- \])) (JJ big)) (DT a) (NN bulge)) (PP (IN in) (NP (DT the) (NN population)))))) (. .))|||(S-UNF (CC But) (EDITED (RM (-DFL- \[)) (ADVP-UNF (RB po-)) (, ,) (IP (-DFL- \+))) (ADVP (RB politically) (RS (-DFL- \])) (CC and) (RB economically)) (. .) (-DFL- E_S))",88|||89,225.16,230.51999999999998
sw03utt/sw_0321_4902.utt,4/sw4902,4902,62,ba,B,36,1,"{F Oh, } my gosh. /","Oh/UH ,/,  [ my/PRP$ ] gosh/UH ./.","(INTJ (INTJ (UH Oh)) (, ,) (INTJ (PRP$ my) (UH gosh)) (. .) (-DFL- E_S))",91,230.8,231.5
sw03utt/sw_0321_4902.utt,4/sw4902,4902,63,+,A,37,1,"-- [ po-, + politically ] # and economically. # /","--/:  [ po-/RB ] ,/, politically/RB and/CC economically/RB ./.","(S-UNF (CC But) (EDITED (RM (-DFL- \[)) (ADVP-UNF (RB po-)) (, ,) (IP (-DFL- \+))) (ADVP (RB politically) (RS (-DFL- \])) (CC and) (RB economically)) (. .) (-DFL- E_S))",89,0.0,0.0
sw03utt/sw_0321_4902.utt,4/sw4902,4902,64,qy,B,38,1,"# [ Have you been, +  # have you been ] to southern Florida? /","Have/VBP  [ you/PRP ] been/VBN ,/, have/VBP  [ you/PRP ] been/VBN to/IN  [ southern/JJ Florida/NNP ] ?/.","(SQ (EDITED (RM (-DFL- \[)) (SQ (VBP Have) (NP-SBJ (PRP you)) (VP-UNF (VBN been))) (, ,) (IP (-DFL- \+))) (VBP have) (NP-SBJ (PRP you)) (VP (VBN been) (RS (-DFL- \])) (PP-DIR-PRD (IN to) (NP (JJ southern) (NNP Florida)))) (. ?) (-DFL- E_S))",94,232.22,233.82
sw03utt/sw_0321_4902.utt,4/sw4902,4902,65,ny,A,39,1,"Yeah,  /","Yeah/UH ,/,","(INTJ (UH Yeah) (, ,) (-DFL- E_S))",96,234.42,234.72
sw03utt/sw_0321_4902.utt,4/sw4902,4902,66,sd^e,A,39,2,{D well } I know about it.  /,well/UH  [ I/PRP ] know/VBP about/IN  [ it/PRP ] ./.,(S (INTJ (UH well)) (NP-SBJ (PRP I)) (VP (VBP know) (PP (IN about) (NP (PRP it)))) (. .) (-DFL- E_S)),97,234.72,235.79999999999998
sw03utt/sw_0321_4902.utt,4/sw4902,4902,67,sv,A,39,3,"{F Uh, } {E I mean }  [ it's, + it is ] now with Haitians the way it was with Cubans, {F uh, } # twenty years ago. # /","[ Uh/UH ] ,/,  [ I/PRP ] mean/VBP  [ it/PRP ] 's/BES ,/,  [ it/PRP ] is/VBZ now/RB with/IN  [ Haitians/NNPS ] [ the/DT way/NN ] [ it/PRP ] was/VBD with/IN  [ Cubans/NNPS ] ,/,  [ uh/UH ] ,/,  [ twenty/CD years/NNS ] ago/RB ./.","(S (INTJ (UH Uh)) (PRN (, ,) (S (NP-SBJ (PRP I)) (VP (VBP mean)))) (EDITED (RM (-DFL- \[)) (S (NP-SBJ (PRP it)) (VP-UNF (BES 's))) (, ,) (IP (-DFL- \+))) (NP-SBJ (PRP it)) (VP (VBZ is) (RS (-DFL- \])) (ADVP-TMP (RB now)) (PP (IN with) (NP (NNPS Haitians))) (NP-PRD (NP (DT the) (NN way)) (SBAR (WHADVP-1 (-NONE- 0)) (S (NP-SBJ (PRP it)) (VP (VBD was) (ADVP-MNR-PRD (-NONE- *T*-1)) (PP (IN with) (NP (NNPS Cubans))) (, ,) (INTJ (UH uh)) (, ,) (ADVP-TMP (NP (CD twenty) (NNS years)) (RB ago))))))) (. .) (-DFL- E_S))",98,236.06,240.12
sw03utt/sw_0321_4902.utt,4/sw4902,4902,68,sv,B,40,1,"# {D Well, } {E I mean } # {C and } the two of them together.  /","Well/UH ,/,  [ I/PRP ] mean/VBP and/CC  [ the/DT two/CD ] of/IN  [ them/PRP ] together/RB ./.","(FRAG (INTJ (UH Well)) (PRN (, ,) (S (NP-SBJ (PRP I)) (VP (VBP mean)))) (CC and) (NP (NP (DT the) (CD two)) (PP (IN of) (NP (PRP them))) (ADVP (RB together))) (. .) (-DFL- E_S))",100,240.34,241.82
sw03utt/sw_0321_4902.utt,4/sw4902,4902,69,%,B,40,2,"{E I mean } we can, - /","[ I/PRP ] mean/VBP  [ we/PRP ] can/MD ,/,","(S (PRN (S (NP-SBJ (PRP I)) (VP (VBP mean)))) (NP-SBJ (PRP we)) (VP-UNF (MD can)) (, ,) (-DFL- N_S))",101,241.82,242.42
sw03utt/sw_0321_4902.utt,4/sw4902,4902,70,sv,B,40,3,"it's just as well <laughter> {D you know, }  /","[ it/PRP ] 's/BES just/RB as/RB well/RB  [ you/PRP ] know/VBP ,/,","(S (NP-SBJ (PRP it)) (VP (BES 's) (ADJP-PRD (RB just) (RB as) (RB well)) (PRN (S (NP-SBJ (PRP you)) (VP (VBP know))))) (, ,) (-DFL- E_S))",102,242.78,244.54
sw03utt/sw_0321_4902.utt,4/sw4902,4902,71,sv,B,40,4,it's hardly America anymore. /,[ it/PRP ] 's/BES hardly/RB  [ America/NNP ] anymore/RB ./.,(S (NP-SBJ (PRP it)) (VP (BES 's) (ADVP (RB hardly)) (NP-PRD (NNP America)) (ADVP-TMP (RB anymore))) (. .) (-DFL- E_S)),103,244.56,246.04000000000002
sw03utt/sw_0321_4902.utt,4/sw4902,4902,72,sv,A,41,1,"On the other hand, {D you know, } <sigh>  the ironic thing about this is that there's nobody more full of the <laughter>  entrepreneurial American spirit than our first generation immigrant </laughter>.  /","On/IN  [ the/DT other/JJ hand/NN ] ,/,  [ you/PRP ] know/VBP ,/,  [ the/DT ironic/JJ thing/NN ] about/IN  [ this/DT ] is/VBZ that/IN  [ there/EX ] 's/BES  [ nobody/NN ] more/RBR full/JJ of/IN  [ the/DT entrepreneurial/JJ American/JJ spirit/NN ] than/IN  [ our/PRP$ first/JJ generation/NN immigrant/NN ] ./.","(S (PP (IN On) (NP (DT the) (JJ other) (NN hand))) (PRN (, ,) (S (NP-SBJ (PRP you)) (VP (VBP know))) (, ,)) (NP-SBJ (NP (DT the) (JJ ironic) (NN thing)) (PP (IN about) (NP (DT this)))) (VP (VBZ is) (SBAR-PRD (IN that) (S (NP-SBJ (EX there)) (VP (BES 's) (NP-PRD (NP (NN nobody)) (ADJP (ADJP (RBR more) (JJ full) (PP (IN of) (NP (DT the) (JJ entrepreneurial) (JJ American) (NN spirit)))) (PP (IN than) (NP (PRP$ our) (JJ first) (NN generation) (NN immigrant))))))))) (. .) (-DFL- E_S))",105,246.5,255.5
sw03utt/sw_0321_4902.utt,4/sw4902,4902,73,sv,A,41,2,"{C So }  [ there's, + {F uh, } there's ] a lot to be said for having a steady stream of people who know how it is someplace else coming in. /","So/RB  [ there/EX ] 's/BES ,/,  [ uh/UH ] ,/,  [ there/EX ] 's/BES  [ a/DT lot/NN ] to/TO be/VB said/VBN for/IN having/VBG  [ a/DT steady/JJ stream/NN ] of/IN  [ people/NNS ] [ who/WP ] know/VBP how/WRB  [ it/PRP ] is/VBZ someplace/RB else/RB coming/VBG in/RB ./.","(S (RB So) (EDITED (RM (-DFL- \[)) (S (NP-SBJ (EX there)) (VP-UNF (BES 's))) (, ,) (IP (-DFL- \+))) (INTJ (UH uh)) (, ,) (NP-SBJ (EX there)) (VP (BES 's) (RS (-DFL- \])) (NP-PRD (NP (DT a) (NN lot)) (SBAR (WHNP-1 (-NONE- 0)) (S (NP-SBJ-4 (-NONE- *T*-1)) (VP (TO to) (VP (VB be) (VP (VBN said) (NP (-NONE- *-4)) (PP (IN for) (S-NOM (NP-SBJ (-NONE- *)) (VP (VBG having) (S (NP-SBJ (NP (DT a) (JJ steady) (NN stream)) (PP (IN of) (NP (NP (NNS people)) (SBAR (WHNP-2 (WP who)) (S (NP-SBJ (-NONE- *T*-2)) (VP (VBP know) (SBAR (WHADVP-3 (WRB how)) (S (NP-SBJ (PRP it)) (VP (VBZ is) (ADVP-MNR-PRD (-NONE- *T*-3)) (NP-LOC (NP (RB someplace)) (ADVP (RB else)))))))))))) (VP (VBG coming) (ADVP-DIR (RB in)))))))))))))) (. .) (-DFL- E_S))",106,255.72,263.62
sw03utt/sw_0321_4902.utt,4/sw4902,4902,74,sv,B,42,1,"{C But } there's some differences in the immigrants,","But/CC  [ there/EX ] 's/BES  [ some/DT differences/NNS ] in/IN  [ the/DT immigrants/NNS ] ,/,","(S (CC But) (NP-SBJ (EX there)) (VP (BES 's) (NP-PRD (NP (DT some) (NNS differences)) (PP (IN in) (NP (NP (DT the) (NNS immigrants)) (, ,) (SBAR (EDITED (RM (-DFL- \[)) (SBAR-UNF (WDT that)) (, ,) (IP (-DFL- \+))) (WHNP-1 (WDT that)) (RS (-DFL- \])) (S (NP-SBJ (PRP we)) (VP (VBP 're) (VP (VBG getting) (NP (-NONE- *T*-1)) (ADVP-TMP (RB now)))))))))) (. .) (-DFL- E_S))",108,263.78,266.24
sw03utt/sw_0321_4902.utt,4/sw4902.pos,4902,75,x,A,43,1,<Noise>.,./.,,,0.0,0.0
sw03utt/sw_0321_4902.utt,4/sw4902,4902,76,+,B,44,1,"[ that, + that ] we're getting now.  /","that/WDT ,/, that/WDT  [ we/PRP ] 're/VBP getting/VBG now/RB ./.","(S (CC But) (NP-SBJ (EX there)) (VP (BES 's) (NP-PRD (NP (DT some) (NNS differences)) (PP (IN in) (NP (NP (DT the) (NNS immigrants)) (, ,) (SBAR (EDITED (RM (-DFL- \[)) (SBAR-UNF (WDT that)) (, ,) (IP (-DFL- \+))) (WHNP-1 (WDT that)) (RS (-DFL- \])) (S (NP-SBJ (PRP we)) (VP (VBP 're) (VP (VBG getting) (NP (-NONE- *T*-1)) (ADVP-TMP (RB now)))))))))) (. .) (-DFL- E_S))",108,268.22,269.52
sw03utt/sw_0321_4902.utt,4/sw4902,4902,77,sd,B,44,2,# {D Well } # --,Well/UH --/:,"(FRAG (INTJ (UH Well)) (PRN (, ,) (S (NP-SBJ (PRP I)) (VP (VBP mean)))) (CC and) (NP (NP (DT the) (CD two)) (PP (IN of) (NP (PRP them))) (ADVP (RB together))) (. .) (-DFL- E_S))",100,0.0,0.0
sw03utt/sw_0321_4902.utt,4/sw4902,4902,78,b,A,45,1,# Right. # /,[ Right/UH ] ./.,(INTJ (UH Right) (. .) (-DFL- E_S)),87,269.74,270.12
sw03utt/sw_0321_4902.utt,4/sw4902,4902,79,+,B,46,1,-- I particularly have a problem with the illegal immigration. /,--/:  [ I/PRP ] particularly/RB have/VBP  [ a/DT problem/NN ] with/IN  [ the/DT illegal/JJ immigration/NN ] ./.,(S (INTJ (UH Well)) (NP-SBJ (PRP I)) (ADVP (RB particularly)) (VP (VBP have) (NP (NP (DT a) (NN problem)) (PP (IN with) (NP (DT the) (JJ illegal) (NN immigration))))) (. .) (-DFL- E_S)),111,270.42,272.78000000000003
sw03utt/sw_0321_4902.utt,4/sw4902,4902,80,aa,A,47,1,Sure. /,[ Sure/UH ] ./.,(INTJ (UH Sure) (. .) (-DFL- E_S)),116,273.24,273.52
sw03utt/sw_0321_4902.utt,4/sw4902,4902,81,aa,B,48,1,"I think,","[ I/PRP ] think/VBP ,/,","(S (NP-SBJ (PRP I)) (VP (VBP think) (, ,) (SBAR (-NONE- 0) (S (ADVP (RB probably)) (EDITED (RM (-DFL- \[)) (NP-SBJ-UNF (PRP$ your)) (, ,) (IP (-DFL- \+))) (NP-SBJ (NP (DT a) (JJ great) (NN deal)) (PP (IN of) (SBAR-NOM (WHNP-1 (WP what)) (S (NP-SBJ (PRP you)) (RS (-DFL- \])) (VP (VBP say) (NP (-NONE- *T*-1))))))) (VP (VBZ is) (ADJP-PRD (JJ true) (PP (IN about) (NP (DT the) (NNS legals)))))))) (. .) (-DFL- E_S))",118,273.92,274.21999999999997
sw03utt/sw_0321_4902.utt,4/sw4902.pos,4902,82,x,A,49,1,<Noise>.,./.,,,0.0,0.0
sw03utt/sw_0321_4902.utt,4/sw4902,4902,83,+,B,50,1,"probably [ your, +  a great deal of what you ] say  is true about the legals. /","probably/RB  [ your/PRP$ ] ,/,  [ a/DT great/JJ deal/NN ] of/IN  [ what/WP ] [ you/PRP ] say/VBP is/VBZ true/JJ about/IN  [ the/DT legals/NNS ] ./.","(S (NP-SBJ (PRP I)) (VP (VBP think) (, ,) (SBAR (-NONE- 0) (S (ADVP (RB probably)) (EDITED (RM (-DFL- \[)) (NP-SBJ-UNF (PRP$ your)) (, ,) (IP (-DFL- \+))) (NP-SBJ (NP (DT a) (JJ great) (NN deal)) (PP (IN of) (SBAR-NOM (WHNP-1 (WP what)) (S (NP-SBJ (PRP you)) (RS (-DFL- \])) (VP (VBP say) (NP (-NONE- *T*-1))))))) (VP (VBZ is) (ADJP-PRD (JJ true) (PP (IN about) (NP (DT the) (NNS legals)))))))) (. .) (-DFL- E_S))",118,274.22,277.29999999999995
sw03utt/sw_0321_4902.utt,4/sw4902,4902,84,b,A,51,1,Right. /,[ Right/UH ] ./.,(INTJ (UH Right) (. .) (-DFL- E_S)),113,277.7,277.88
sw03utt/sw_0321_4902.utt,4/sw4902,4902,85,sv,B,52,1,"{C But, }  {F uh, }","But/CC ,/,  [ uh/UH ] ,/,","(S (CC But) (, ,) (INTJ (UH uh)) (, ,) (NP-TPC (NP (DT the) (NN majority)) (PP (IN of) (NP (NP (DT the) (JJ illegal) (NN immigration)) (SBAR (WHNP-1 (-NONE- 0)) (S (NP-SBJ (PRP we)) (VP (VBP 're) (VP (VBG getting) (NP (-NONE- *T*-1)) (ADVP-TMP (RB now))))))))) (, ,) (NP-SBJ-2 (PRP they)) (VP (VBP do) (RB not) (VP (VB come) (ADVP-DIR (RB here)) (S-PRP (NP-SBJ (-NONE- *-2)) (VP (TO to) (VP (VB blend) (PP (IN into) (NP (NNP America)))))))) (. .) (-DFL- E_S))",124,278.08,278.6
sw03utt/sw_0321_4902.utt,4/sw4902.pos,4902,86,x,A,53,1,<Noise>.,./.,,,0.0,0.0
sw03utt/sw_0321_4902.utt,4/sw4902,4902,87,+,B,54,1,"the majority of the illegal immigration  we're getting now, they do not come here to blend into America.  /","[ the/DT majority/NN ] of/IN  [ the/DT illegal/JJ immigration/NN ] [ we/PRP ] 're/VBP getting/VBG now/RB ,/,  [ they/PRP ] do/VBP not/RB come/VB here/RB to/TO blend/VB into/IN  [ America/NNP ] ./.","(S (CC But) (, ,) (INTJ (UH uh)) (, ,) (NP-TPC (NP (DT the) (NN majority)) (PP (IN of) (NP (NP (DT the) (JJ illegal) (NN immigration)) (SBAR (WHNP-1 (-NONE- 0)) (S (NP-SBJ (PRP we)) (VP (VBP 're) (VP (VBG getting) (NP (-NONE- *T*-1)) (ADVP-TMP (RB now))))))))) (, ,) (NP-SBJ-2 (PRP they)) (VP (VBP do) (RB not) (VP (VB come) (ADVP-DIR (RB here)) (S-PRP (NP-SBJ (-NONE- *-2)) (VP (TO to) (VP (VB blend) (PP (IN into) (NP (NNP America)))))))) (. .) (-DFL- E_S))",124,278.6,284.56
sw03utt/sw_0321_4902.utt,4/sw4902,4902,88,sv,B,54,2,"{F Uh, } [ they, + they ] don't  bother to learn our language  /","[ Uh/UH ] ,/,  [ they/PRP ] ,/,  [ they/PRP ] do/VBP n't/RB bother/VB to/TO learn/VB  [ our/PRP$ language/NN ]","(S (INTJ (UH Uh)) (, ,) (EDITED (RM (-DFL- \[)) (NP-SBJ (PRP they))) (, ,) (IP (-DFL- \+)) (NP-SBJ-1 (PRP they)) (RS (-DFL- \])) (VP (VBP do) (RB n't) (VP (VB bother) (S (NP-SBJ (-NONE- *-1)) (VP (TO to) (VP (VB learn) (NP (PRP$ our) (NN language))))))) (-DFL- E_S))",127,286.12,288.3
sw03utt/sw_0321_4902.utt,4/sw4902,4902,89,%,B,54,3,"{C and, }  {F uh, } first of all, [ th-, + they, ] - /","and/CC ,/,  [ uh/UH ] ,/,  [ first/JJ ] of/IN  [ all/DT ] ,/,  [ th-/PRP ] ,/,  [ they/PRP ] ,/,","(S-UNF (CC and) (, ,) (INTJ (UH uh)) (, ,) (ADVP (JJ first) (PP (IN of) (NP (DT all)))) (, ,) (EDITED (RM (-DFL- \[)) (NP-SBJ-UNF (PRP th-)) (, ,) (IP (-DFL- \+))) (NP-SBJ (PRP they)) (, ,) (RS (-DFL- \])) (-DFL- N_S))",128,289.84,292.4
sw03utt/sw_0321_4902.utt,4/sw4902,4902,90,fa,B,54,4,"{E I'm sorry, }   [ this, +   I really feel strongly about this. ] /","[ I/PRP ] 'm/VBP sorry/JJ ,/,  [ this/DT ] ,/,  [ I/PRP ] really/RB feel/VBP strongly/RB about/IN  [ this/DT ] ./.","(S (PRN (S (NP-SBJ (PRP I)) (VP (VBP 'm) (ADJP-PRD (JJ sorry)))) (, ,)) (EDITED (RM (-DFL- \[)) (NP-SBJ (DT this)) (, ,) (IP (-DFL- \+))) (NP-SBJ (PRP I)) (ADVP (RB really)) (VP (VBP feel) (ADVP-MNR (RB strongly)) (PP (IN about) (NP (DT this)))) (. .) (RS (-DFL- \])) (-DFL- E_S))",129,293.04,295.28
sw03utt/sw_0321_4902.utt,4/sw4902,4902,91,b,A,55,1,Uh-huh. /,[ Uh-huh/UH ] ./.,(INTJ (UH Uh-huh) (. .) (-DFL- E_S)),131,295.38,295.56
sw03utt/sw_0321_4902.utt,4/sw4902,4902,92,sv,B,56,1,We send a lot of money to Mexico. /,[ We/PRP ] send/VBP  [ a/DT lot/NN ] of/IN  [ money/NN ] to/IN  [ Mexico/NNP ] ./.,(S (NP-SBJ (PRP We)) (VP (VBP send) (NP (NP (DT a) (NN lot)) (PP (IN of) (NP (NN money)))) (PP-DTV (IN to) (NP (NNP Mexico)))) (. .) (-DFL- E_S)),133,295.66,297.34000000000003
sw03utt/sw_0321_4902.utt,4/sw4902,4902,93,b,A,57,1,Uh-huh. /,[ Uh-huh/UH ] ./.,(INTJ (UH Uh-huh) (. .) (-DFL- E_S)),131,297.54,297.8
