swda_filename,ptb_basename,conversation_no,transcript_index,act_tag,caller,utterance_index,subutterance_index,text,pos,trees,ptb_treenumbers,start_ts,end_ts
sw07utt/sw_0733_4940.utt,4/sw4940,4940,0,o,A,1,1,Okay <children>. /,Okay/UH ./.,,,0.04,0.45999999999999996
sw07utt/sw_0733_4940.utt,4/sw4940,4940,1,b,B,2,1,Okay Carol.  /,Okay/UH Carol/NNP ./.,,,0.82,1.4000000000000001
sw07utt/sw_0733_4940.utt,4/sw4940,4940,2,sd^t,B,2,2,"{D So, } air quality. /","So/UH ,/, air/NN quality/NN ./.",,,3.58,4.82
sw07utt/sw_0733_4940.utt,4/sw4940,4940,3,b,A,3,1,Yeah.  /,Yeah/UH ./.,,,5.4,5.62
sw07utt/sw_0733_4940.utt,4/sw4940,4940,4,%,A,3,2,"Is it, <noise> <<sounds like water  running and she is doing dishes>> - /","Is/VBZ it/PRP ,/,",,,6.16,6.48
sw07utt/sw_0733_4940.utt,4/sw4940,4940,5,sd,A,3,3,"I know in here, {F uh, } downtown Dallas, [ it's, + ] [ you, +  {E I mean } you ] drive by and [ you can just, + you can ] see it. /","I/PRP know/VBP in/IN here/RB ,/, uh/UH ,/, downtown/NN Dallas/NNP ,/, it/PRP 's/BES ,/, you/PRP ,/, I/PRP mean/VBP you/PRP drive/VBP by/RB and/CC you/PRP can/MD just/RB ,/, you/PRP can/MD see/VB it/PRP ./.",,,7.02,12.76
sw07utt/sw_0733_4940.utt,4/sw4940,4940,6,b,B,4,1,Uh-huh. /,Uh-huh/UH ./.,,,12.76,13.08
sw07utt/sw_0733_4940.utt,4/sw4940,4940,7,sd,A,5,1,"{C But, } then again <throat_clearing> I originally was  from California  /","But/CC ,/, then/RB again/RB I/PRP originally/RB was/VBD from/IN California/NNP",,,13.78,17.6
sw07utt/sw_0733_4940.utt,4/sw4940,4940,8,sd,A,5,2,"{C and, } {F uh, } there is a big difference between Texas and California.  /","and/CC ,/, uh/UH ,/, there/EX is/VBZ a/DT big/JJ difference/NN between/IN Texas/NNP and/CC California/NNP ./.",,,17.72,22.02
sw07utt/sw_0733_4940.utt,4/sw4940,4940,9,sd,A,5,3,"# {C And, } {F uh } # --","And/CC ,/, uh/UH --/:",,,0.0,0.0
sw07utt/sw_0733_4940.utt,4/sw4940,4940,10,aa,B,6,1,# Surely. # /,Surely/UH ./.,,,22.56,22.9
sw07utt/sw_0733_4940.utt,4/sw4940,4940,11,+,A,7,1,-- they'd have their smog alerts and where you'd have to  stay indoors for so many hours with an air conditioner.  /,--/: they/PRP 'd/MD have/VB their/PRP$ smog/NN alerts/NNS and/CC where/WRB you/PRP 'd/MD have/VB to/TO stay/VB indoors/RB for/IN so/RB many/JJ hours/NNS with/IN an/DT air/NN conditioner/NN ./.,,,22.9,28.78
sw07utt/sw_0733_4940.utt,4/sw4940,4940,12,sd,A,7,2,"{C And, } of course,  they don't have that here in Texas  /","And/CC ,/, of/IN course/NN ,/, they/PRP do/VBP n't/RB have/VB that/DT here/RB in/IN Texas/NNP",,,28.78,30.46
sw07utt/sw_0733_4940.utt,4/sw4940,4940,13,%,A,7,3,"{C so, } <breathing> there's ... -/","so/RB ,/, there/EX 's/BES .../:",,,31.54,32.86
sw07utt/sw_0733_4940.utt,4/sw4940,4940,14,qy,B,8,1,"You mean they don't have [ the, + {F uh, } the ] smog alerts? /","You/PRP mean/VBP they/PRP do/VBP n't/RB have/VB the/DT ,/, uh/UH ,/, the/DT smog/NN alerts/NNS ?/.",,,33.0,35.34
sw07utt/sw_0733_4940.utt,4/sw4940,4940,15,nn,A,9,1,"No,  /","No/UH ,/,",,,35.34,35.5
sw07utt/sw_0733_4940.utt,4/sw4940,4940,16,sd^e,A,9,2,"[ [ not in, + not in Te-, ] + {D well } not in ] Dallas, that is. /","not/RB in/IN ,/, not/RB in/IN Te-/NNP ,/, well/UH not/RB in/IN Dallas/NNP ,/, that/WDT is/VBZ ./.",,,35.5,38.019999999999996
sw07utt/sw_0733_4940.utt,4/sw4940,4940,17,b,B,10,1,Right.  /,Right/UH ./.,,,38.02,38.34
sw07utt/sw_0733_4940.utt,4/sw4940,4940,18,sd,B,10,2,"[ [ I, + I, ] +","I/PRP ,/, I/PRP ,/,",,,38.9,39.199999999999996
sw07utt/sw_0733_4940.utt,4/sw4940,4940,19,x,A,11,1,<throat_clearing>.,,,,0.0,0.0
sw07utt/sw_0733_4940.utt,4/sw4940,4940,20,+,B,12,1,"{D yeah, }  I ] spent a summer [ [ i-, + i-, ] + in ]  Tyler  so I know, just east of Dallas there. /","yeah/UH ,/, I/PRP spent/VBD a/DT summer/NN i-/IN ,/, i-/IN ,/, in/IN Tyler/NNP so/RB I/PRP know/VBP ,/, just/RB east/RB of/IN Dallas/NNP there/RB ./.",,,39.74,45.92
sw07utt/sw_0733_4940.utt,4/sw4940,4940,21,b,A,13,1,Yeah.  /,Yeah/UH ./.,,,46.32,46.5
sw07utt/sw_0733_4940.utt,4/sw4940,4940,22,sd,A,13,2,We're going there tomorrow. /,We/PRP 're/VBP going/VBG there/RB tomorrow/RB ./.,,,46.5,47.46
sw07utt/sw_0733_4940.utt,4/sw4940,4940,23,bh,B,14,1,"{F Oh, } really # <laughter>. # /","Oh/UH ,/, really/UH ./.",,,47.62,48.1
sw07utt/sw_0733_4940.utt,4/sw4940,4940,24,ny,A,15,1,# Uh-huh  /,Uh-huh/UH,,,48.1,48.4
sw07utt/sw_0733_4940.utt,4/sw4940,4940,25,sd,A,15,2,<laughter>. #  # We're # --,./. We/PRP 're/VBP --/:,,,49.98,50.099999999999994
sw07utt/sw_0733_4940.utt,4/sw4940,4940,26,b,B,16,1,# Yeah. # /,Yeah/UH ./.,,,0.0,0.0
sw07utt/sw_0733_4940.utt,4/sw4940,4940,27,+,A,17,1,-- packing and getting ready to go #  (( to ))  # . -/,--/: packing/VBG and/CC getting/VBG ready/JJ to/TO go/VB to/IN ./.,,,50.16,51.3
sw07utt/sw_0733_4940.utt,4/sw4940,4940,28,sd,B,18,1,"# {D Actually, } # I'm a California born person. /","Actually/RB ,/, I/PRP 'm/VBP a/DT California/NNP born/JJ person/NN ./.",,,51.3,53.98
sw07utt/sw_0733_4940.utt,4/sw4940,4940,29,b,A,19,1,Uh-huh. /,Uh-huh/UH ./.,,,54.4,54.72
sw07utt/sw_0733_4940.utt,4/sw4940,4940,30,sd,B,20,1,I was born in L A  /,I/PRP was/VBD born/VBN in/IN L/NNP A/NNP,,,54.82,55.720000000000006
sw07utt/sw_0733_4940.utt,4/sw4940,4940,31,sd,B,20,2,{C so } I know what you're talking  about.  /,so/RB I/PRP know/VBP what/WP you/PRP 're/VBP talking/VBG about/RB ./.,,,55.72,57.12
sw07utt/sw_0733_4940.utt,4/sw4940,4940,32,sd,B,20,3,"# In L A, it's pretty bad. # /","In/IN L/NNP A/NNP ,/, it/PRP 's/BES pretty/RB bad/JJ ./.",,,0.0,0.0
sw07utt/sw_0733_4940.utt,4/sw4940,4940,33,b,A,21,1,# Yeah.  /,Yeah/UH ./.,,,57.12,57.4
sw07utt/sw_0733_4940.utt,4/sw4940,4940,34,bk,A,21,2,"{F Oh, } okay. #  /","Oh/UH ,/, okay/UH ./.",,,57.58,58.14
sw07utt/sw_0733_4940.utt,4/sw4940,4940,35,%,A,21,3,"Yeah,  /","Yeah/UH ,/,",,,58.14,58.36
sw07utt/sw_0733_4940.utt,4/sw4940,4940,36,sv,A,21,4,you do then. /,you/PRP do/VBP then/RB ./.,,,58.36,58.88
sw07utt/sw_0733_4940.utt,4/sw4940,4940,37,sd,B,22,1,"<breathing> {F Uh, } the worst city [ in the, + in the ]  world is actually, {F uh, } Mexico City. /","Uh/UH ,/, the/DT worst/JJS city/NN in/IN the/DT ,/, in/IN the/DT world/NN is/VBZ actually/RB ,/, uh/UH ,/, Mexico/NNP City/NNP ./.",,,59.84,64.22
sw07utt/sw_0733_4940.utt,4/sw4940,4940,38,qy,A,23,1,Is it really? /,Is/VBZ it/PRP really/RB ?/.,,,64.56,65.48
sw07utt/sw_0733_4940.utt,4/sw4940,4940,39,ny,B,24,1,Yes. /,Yes/UH ./.,,,65.6,66.0
sw07utt/sw_0733_4940.utt,4/sw4940,4940,40,sd,A,25,1,I would not imagine that. /,I/PRP would/MD not/RB imagine/VB that/DT ./.,,,66.0,66.86
sw07utt/sw_0733_4940.utt,4/sw4940,4940,41,sd,B,26,1,The worst one for smog is Mexico City. /,The/DT worst/JJS one/NN for/IN smog/NN is/VBZ Mexico/NNP City/NNP ./.,,,66.86,68.8
sw07utt/sw_0733_4940.utt,4/sw4940,4940,42,b,A,27,1,Huh. /,Huh/UH ./.,,,69.74,70.02
sw07utt/sw_0733_4940.utt,4/sw4940,4940,43,sd,B,28,1,The most polluted city in the world <laughter>. /,The/DT most/RBS polluted/JJ city/NN in/IN the/DT world/NN ./.,,,70.52,71.77999999999999
sw07utt/sw_0733_4940.utt,4/sw4940,4940,44,b,A,29,1,Huh.  /,Huh/UH ./.,,,72.9,73.08000000000001
sw07utt/sw_0733_4940.utt,4/sw4940,4940,45,ba,A,29,2,# You learn # --,You/PRP learn/VBP --/:,,,73.42,74.5
sw07utt/sw_0733_4940.utt,4/sw4940,4940,46,%,B,30,1,#  ((   )) . #,MUMBLEx/XX ./.,,,0.0,0.0
sw07utt/sw_0733_4940.utt,4/sw4940,4940,47,+,A,31,1,-- something every day. /,--/: something/NN every/DT day/NN ./.,,,74.74,75.80000000000001
sw07utt/sw_0733_4940.utt,4/sw4940,4940,48,b,B,32,1,Yeah.  /,Yeah/UH ./.,,,76.16,76.52
sw07utt/sw_0733_4940.utt,4/sw4940,4940,49,sd,B,32,2,"I know that [ they've, + they're ]  looking at, {F uh, } {F uh, } {D you know, } {F uh, } {D you know, }  better running automobiles. /","I/PRP know/VBP that/IN they/PRP 've/VBP ,/, they/PRP 're/VBP looking/VBG at/IN ,/, uh/UH ,/, uh/UH ,/, you/PRP know/VBP ,/, uh/UH ,/, you/PRP know/VBP ,/, better/RB running/JJ automobiles/NNS ./.",,,77.54,85.94
sw07utt/sw_0733_4940.utt,4/sw4940,4940,50,b,A,33,1,<hum> Uh-huh.  /,Uh-huh/UH ./.,,,86.26,86.64
sw07utt/sw_0733_4940.utt,4/sw4940,4940,51,b,A,33,2,"Yeah,  /","Yeah/UH ,/,",,,86.64,86.8
sw07utt/sw_0733_4940.utt,4/sw4940,4940,52,sd,A,33,3,I've seen that. /,I/PRP 've/VBP seen/VBN that/DT ./.,,,86.8,87.64
sw07utt/sw_0733_4940.utt,4/sw4940,4940,53,sd,B,34,1,"{F Uh, } some things they do, [ w-,  w-, + ] one of them is they're using corn in fuel. /","Uh/UH ,/, some/DT things/NNS they/PRP do/VBP ,/, w-/XX ,/, w-/XX ,/, one/CD of/IN them/PRP is/VBZ they/PRP 're/VBP using/VBG corn/NN in/IN fuel/NN ./.",,,87.82,93.52
sw07utt/sw_0733_4940.utt,4/sw4940,4940,54,b,A,35,1,Huh. /,Huh/UH ./.,,,95.34,95.58
sw07utt/sw_0733_4940.utt,4/sw4940,4940,55,qy,B,36,1,You ever heard of that? /,You/PRP ever/RB heard/VBD of/IN that/DT ?/.,,,95.58,96.32
sw07utt/sw_0733_4940.utt,4/sw4940,4940,56,nn,A,37,1,Huh-uh. /,Huh-uh/RB ./.,,,96.32,96.63999999999999
sw07utt/sw_0733_4940.utt,4/sw4940,4940,57,b,B,38,1,Yeah.  /,Yeah/UH ./.,,,96.96,97.38
sw07utt/sw_0733_4940.utt,4/sw4940,4940,58,qy,B,38,2,Methanol? /,Methanol/NN ?/.,,,97.52,98.06
sw07utt/sw_0733_4940.utt,4/sw4940,4940,59,b,A,39,1,Huh.  /,Huh/UH ./.,,,99.0,99.14
sw07utt/sw_0733_4940.utt,4/sw4940,4940,60,nn,A,39,2,No <squeak>. /,No/UH ./.,,,99.14,99.36
sw07utt/sw_0733_4940.utt,4/sw4940,4940,61,b,B,40,1,Yeah.  /,Yeah/UH ./.,,,100.12,100.46000000000001
sw07utt/sw_0733_4940.utt,4/sw4940,4940,62,sd,B,40,2,"{D Well } that's big up here because [ of the, + ]  they grow a lot of corn <laughter>. /","Well/UH that/DT 's/BES big/JJ up/IN here/RB because/IN of/IN the/DT ,/, they/PRP grow/VBP a/DT lot/NN of/IN corn/NN ./.",,,100.46,104.46
sw07utt/sw_0733_4940.utt,4/sw4940,4940,63,b,A,41,1,"{F Oh, } yeah  /","Oh/UH ,/, yeah/UH",,,104.48,105.24000000000001
sw07utt/sw_0733_4940.utt,4/sw4940.pos,4940,64,x,A,41,2,# <laughter>. #,./.,,,0.0,0.0
sw07utt/sw_0733_4940.utt,4/sw4940,4940,65,x,B,42,1,# <laughter>. #,,,,0.0,0.0
sw07utt/sw_0733_4940.utt,4/sw4940,4940,66,b,A,43,1,Yeah. /,Yeah/UH ./.,,,105.76,106.2
sw07utt/sw_0733_4940.utt,4/sw4940,4940,67,sd,B,44,1,"<swallowing> {F Uh, } that's one thing that they do./","Uh/UH ,/, that/DT 's/BES one/CD thing/NN that/WDT they/PRP do/VBP ./.",,,107.28,109.94000000000001
sw07utt/sw_0733_4940.utt,4/sw4940,4940,68,sd,B,44,2,"At that, it's pretty easy to do. /","At/IN that/DT ,/, it/PRP 's/BES pretty/RB easy/JJ to/TO do/VB ./.",,,110.18,112.11999999999999
sw07utt/sw_0733_4940.utt,4/sw4940,4940,69,b,A,45,1,Uh-huh. /,Uh-huh/UH ./.,,,112.48,112.7
sw07utt/sw_0733_4940.utt,4/sw4940,4940,70,%,B,46,1,"{C And } the, {F uh, } - /","And/CC the/DT ,/, uh/UH ,/,",,,112.7,113.48
sw07utt/sw_0733_4940.utt,4/sw4940,4940,71,sd,B,46,2,"unfortunately, it still contributes to global warming cause, you have to, {D you know, } wipe out forests to grow corn and # things like that. # /","unfortunately/RB ,/, it/PRP still/RB contributes/VBZ to/IN global/JJ warming/NN cause/IN ,/, you/PRP have/VBP to/TO ,/, you/PRP know/VBP ,/, wipe/VB out/RP forests/NNS to/TO grow/VB corn/NN and/CC things/NNS like/IN that/DT ./.",,,114.14,121.16
sw07utt/sw_0733_4940.utt,4/sw4940,4940,72,aa,A,47,1,"# Yeah,  /","Yeah/UH ,/,",,,0.0,0.0
sw07utt/sw_0733_4940.utt,4/sw4940,4940,73,aa,A,47,2,that's true. # /,that/DT 's/BES true/JJ ./.,,,0.0,0.0
sw07utt/sw_0733_4940.utt,4/sw4940,4940,74,sv,B,48,1,It doesn't make sense.  /,It/PRP does/VBZ n't/RB make/VB sense/NN ./.,,,121.16,122.14
sw07utt/sw_0733_4940.utt,4/sw4940,4940,75,%,B,48,2,"{F Uh, } <sigh> {C but }  it's, {D you know, } - /","Uh/UH ,/, but/CC it/PRP 's/BES ,/, you/PRP know/VBP ,/,",,,123.76,125.5
sw07utt/sw_0733_4940.utt,4/sw4940,4940,76,sd,B,48,3,"one of the most, {F uh, } productive crop in the # world # --","one/CD of/IN the/DT most/RBS ,/, uh/UH ,/, productive/JJ crop/NN in/IN the/DT world/NN --/:",,,125.5,128.0
sw07utt/sw_0733_4940.utt,4/sw4940,4940,77,b,A,49,1,# Right. # /,Right/UH ./.,,,0.0,0.0
sw07utt/sw_0733_4940.utt,4/sw4940,4940,78,+,B,50,1,-- is corn. /,--/: is/VBZ corn/NN ./.,,,128.0,128.51999999999998
sw07utt/sw_0733_4940.utt,4/sw4940,4940,79,b,A,51,1,Huh.  /,Huh/UH ./.,,,129.48,129.57999999999998
sw07utt/sw_0733_4940.utt,4/sw4940,4940,80,sd,A,51,2,"{C And, } of course, I doubt if there's  any, - /","And/CC ,/, of/IN course/NN ,/, I/PRP doubt/VBP if/IN there/EX 's/BES any/DT ,/,",,,129.64,133.28
sw07utt/sw_0733_4940.utt,4/sw4940,4940,81,sd,A,51,3,you can buy regular anymore. - /,you/PRP can/MD buy/VB regular/JJ anymore/RB ./.,,,133.7,134.96
sw07utt/sw_0733_4940.utt,4/sw4940,4940,82,sd,A,51,4,You buy unleaded.  /,You/PRP buy/VBP unleaded/JJ ./.,,,134.98,135.82
sw07utt/sw_0733_4940.utt,4/sw4940,4940,83,^g,A,51,5,Right? /,Right/UH ?/.,,,135.98,136.32
sw07utt/sw_0733_4940.utt,4/sw4940,4940,84,ny,B,52,1,Yeah. /,Yeah/UH ./.,,,136.46,136.96
sw07utt/sw_0733_4940.utt,4/sw4940,4940,85,b,A,53,1,Yeah.  /,Yeah/UH ./.,,,137.6,137.72
sw07utt/sw_0733_4940.utt,4/sw4940,4940,86,%,A,53,2,Huh. /,Huh/UH ./.,,,137.72,137.85999999999999
sw07utt/sw_0733_4940.utt,4/sw4940,4940,87,sd,B,54,1,"Drive cars with catalytic converters,","Drive/VBP cars/NNS with/IN catalytic/JJ converters/NNS ,/,",,,139.16,141.14000000000001
sw07utt/sw_0733_4940.utt,4/sw4940,4940,88,x,A,55,1,<throat_clearing>.,,,,0.0,0.0
sw07utt/sw_0733_4940.utt,4/sw4940,4940,89,+,B,56,1,and all that.  /,and/CC all/DT that/DT ./.,,,141.14,141.60000000000002
sw07utt/sw_0733_4940.utt,4/sw4940,4940,90,sv,B,56,2,It's interesting.  /,It/PRP 's/BES interesting/JJ ./.,,,142.54,143.2
sw07utt/sw_0733_4940.utt,4/sw4940,4940,91,sd,B,56,3,"[ They're, + they're ]  looking at, - /","They/PRP 're/VBP ,/, they/PRP 're/VBP looking/VBG at/IN ,/,",,,143.28,143.84
sw07utt/sw_0733_4940.utt,4/sw4940,4940,92,sd,B,56,4,"there's some work being done on, {F uh, } automobiles that are  electrical powered <child_talking> <talking>. /","there/EX 's/BES some/DT work/NN being/VBG done/VBN on/IN ,/, uh/UH ,/, automobiles/NNS that/WDT are/VBP electrical/RB powered/JJ ./.",,,144.78,149.44
sw07utt/sw_0733_4940.utt,4/sw4940,4940,93,b,A,57,1,Uh-huh. /,Uh-huh/UH ./.,,,150.16,150.54
sw07utt/sw_0733_4940.utt,4/sw4940,4940,94,sd,B,58,1,"{C And, } {F uh, }","And/CC ,/, uh/UH ,/,",,,151.46,152.1
sw07utt/sw_0733_4940.utt,4/sw4940,4940,95,x,A,59,1,<static>.,,,,0.0,0.0
sw07utt/sw_0733_4940.utt,4/sw4940,4940,96,+,B,60,1,"they're looking at where you have a battery operated car basically,  /","they/PRP 're/VBP looking/VBG at/IN where/WRB you/PRP have/VBP a/DT battery/NN operated/JJ car/NN basically/RB ,/,",,,153.8,157.04
sw07utt/sw_0733_4940.utt,4/sw4940,4940,97,sd,B,60,2,"{C but } it has [ a, + a ] engine in the back --","but/CC it/PRP has/VBZ a/DT ,/, a/DT engine/NN in/IN the/DT back/RB --/:",,,157.04,158.98
sw07utt/sw_0733_4940.utt,4/sw4940,4940,98,b,A,61,1,Uh-huh. /,Uh-huh/UH ./.,,,159.44,159.7
sw07utt/sw_0733_4940.utt,4/sw4940,4940,99,+,B,62,1,-- that charges it.  /,--/: that/DT charges/VBZ it/PRP ./.,,,160.14,161.36
sw07utt/sw_0733_4940.utt,4/sw4940,4940,100,sd,B,62,2,{C So } the engine kicks on  when the batteries need power  /,So/RB the/DT engine/NN kicks/VBZ on/RP when/WRB the/DT batteries/NNS need/VBP power/NN,,,161.76,163.86
sw07utt/sw_0733_4940.utt,4/sw4940,4940,101,sd,B,62,3,{C and } it turns off. /,and/CC it/PRP turns/VBZ off/RP ./.,,,163.86,165.28
sw07utt/sw_0733_4940.utt,4/sw4940,4940,102,b,A,63,1,Uh-huh. /,Uh-huh/UH ./.,,,165.42,165.76
sw07utt/sw_0733_4940.utt,4/sw4940,4940,103,sd,B,64,1,"Interesting thing about [ gas is when, + ] {E I mean, }  about battery powered cars is when you're at a stop light, you're not using  [ any  <<mispronounced>> +  any ] energy </child_talking> </talking>. /","Interesting/JJ thing/NN about/IN gas/NN is/VBZ when/WRB ,/, I/PRP mean/VBP ,/, about/IN battery/NN powered/JJ cars/NNS is/VBZ when/WRB you/PRP 're/VBP at/IN a/DT stop/NN light/NN ,/, you/PRP 're/VBP not/RB using/VBG any/DT any/DT energy/NN ./.",,,166.44,173.66
sw07utt/sw_0733_4940.utt,4/sw4940,4940,104,b,A,65,1,Huh <static>.  /,Huh/UH ./.,,,175.42,175.72
sw07utt/sw_0733_4940.utt,4/sw4940,4940,105,ba,A,65,2,# That is good. # /,That/DT is/VBZ good/JJ ./.,,,176.38,176.83999999999997
sw07utt/sw_0733_4940.utt,4/sw4940,4940,106,sd,B,66,1,# Unlike # a car where it's running. /,Unlike/IN a/DT car/NN where/WRB it/PRP 's/BES running/VBG ./.,,,176.88,178.22
sw07utt/sw_0733_4940.utt,4/sw4940,4940,107,b,A,67,1,Yeah. /,Yeah/UH ./.,,,178.36,178.84
sw07utt/sw_0733_4940.utt,4/sw4940,4940,108,sd,B,68,1,A electric car it's on demand.  /,A/DT electric/JJ car/NN it/PRP 's/BES on/IN demand/NN ./.,,,179.5,180.94
sw07utt/sw_0733_4940.utt,4/sw4940,4940,109,sd,B,68,2,{E I mean } it's either on or off. /,I/PRP mean/VBP it/PRP 's/BES either/DT on/RB or/CC off/RB ./.,,,180.94,182.7
sw07utt/sw_0733_4940.utt,4/sw4940,4940,110,b,A,69,1,Yeah. /,Yeah/UH ./.,,,182.7,182.98
sw07utt/sw_0733_4940.utt,4/sw4940,4940,111,o,B,70,1,Basically. /,Basically/UH ./.,,,183.28,183.86
sw07utt/sw_0733_4940.utt,4/sw4940,4940,112,b,A,71,1,Huh. /,Huh/UH ./.,,,184.18,184.46
sw07utt/sw_0733_4940.utt,4/sw4940,4940,113,sd,B,72,1,You don't have to shift # <laughter>. # /,You/PRP do/VBP n't/RB have/VB to/TO shift/VB ./.,,,185.02,186.18
sw07utt/sw_0733_4940.utt,4/sw4940,4940,114,x,A,73,1,# <laughter>. #,,,,0.0,0.0
sw07utt/sw_0733_4940.utt,4/sw4940,4940,115,%,B,74,1,"{C So } you, - /","So/RB you/PRP ,/,",,,187.68,187.92000000000002
sw07utt/sw_0733_4940.utt,4/sw4940,4940,116,sv,B,74,2,cars become very simple # all # --,cars/NNS become/VBP very/RB simple/JJ all/DT --/:,,,188.1,189.38
sw07utt/sw_0733_4940.utt,4/sw4940,4940,117,b,A,75,1,# Oh. # /,Oh/UH ./.,,,189.56,189.8
sw07utt/sw_0733_4940.utt,4/sw4940,4940,118,+,B,76,1,-- of a sudden too. /,--/: of/IN a/DT sudden/JJ too/RB ./.,,,189.8,190.56
sw07utt/sw_0733_4940.utt,4/sw4940,4940,119,x,A,77,1,<laughter>.,,,,0.0,0.0
sw07utt/sw_0733_4940.utt,4/sw4940,4940,120,sv,B,78,1,Very interesting. /,Very/RB interesting/JJ ./.,,,191.48,192.23999999999998
sw07utt/sw_0733_4940.utt,4/sw4940,4940,121,sv,A,79,1,That would be <laughter> nice.  /,That/DT would/MD be/VB nice/JJ ./.,,,192.48,193.42000000000002
sw07utt/sw_0733_4940.utt,4/sw4940,4940,122,sd,A,79,2,I think I saw that on T V one time.  /,I/PRP think/VBP I/PRP saw/VBD that/DT on/IN T/NN V/NN one/CD time/NN ./.,,,194.06,195.66
sw07utt/sw_0733_4940.utt,4/sw4940,4940,123,%,A,79,3,"They, - /","They/PRP ,/,",,,195.66,195.82
sw07utt/sw_0733_4940.utt,4/sw4940,4940,124,sd,A,79,4,maybe it was C N N where they were demonstrating that.,maybe/RB it/PRP was/VBD C/NNP N/NNP N/NNP where/WRB they/PRP were/VBD demonstrating/VBG that/DT ./.,,,196.24,199.24
sw07utt/sw_0733_4940.utt,4/sw4940,4940,125,b,B,80,1,Yeah. /,Yeah/UH ./.,,,199.24,199.32000000000002
sw07utt/sw_0733_4940.utt,4/sw4940,4940,126,+,A,81,1,Or something similar to that. /,Or/CC something/NN similar/JJ to/IN that/DT ./.,,,199.66,200.92
sw07utt/sw_0733_4940.utt,4/sw4940,4940,127,sd,B,82,1,"[ [ There's, +  there's ] a race in Australia with solar powered cars. /","There/EX 's/BES ,/, there/EX 's/BES a/DT race/NN in/IN Australia/NNP with/IN solar/RB powered/JJ cars/NNS ./.",,,200.92,203.78
sw07utt/sw_0733_4940.utt,4/sw4940,4940,128,b,A,83,1,Huh. /,Huh/UH ./.,,,204.58,204.86
sw07utt/sw_0733_4940.utt,4/sw4940,4940,129,sd,B,84,1,{C And } Ford and # General Motors and  all those compete. # /,And/CC Ford/NNP and/CC General/NNP Motors/NNPS and/CC all/PDT those/DT compete/VBP ./.,,,204.86,206.78
sw07utt/sw_0733_4940.utt,4/sw4940,4940,130,%,A,85,1,"# {C But } what, - /","But/CC what/WP ,/,",,,206.8,207.17999999999998
sw07utt/sw_0733_4940.utt,4/sw4940,4940,131,%,A,85,2,"w-, - /","w/WP ,/,",,,0.0,0.0
sw07utt/sw_0733_4940.utt,4/sw4940,4940,132,%,A,85,3,"w-, - /","w/WP ,/,",,,0.0,0.0
sw07utt/sw_0733_4940.utt,4/sw4940,4940,133,sv,A,85,4,"# I think that was [ [ a, + a, ] + a ]  setback./","I/PRP think/VBP that/DT was/VBD a/DT ,/, a/DT ,/, a/DT setback/NN ./.",,,207.84,209.89999999999998
sw07utt/sw_0733_4940.utt,4/sw4940,4940,134,%,A,85,5,"That they, - /","That/IN they/PRP ,/,",,,209.9,210.16
sw07utt/sw_0733_4940.utt,4/sw4940,4940,135,h,A,85,6,"I don't know,  /","I/PRP do/VBP n't/RB know/VB ,/,",,,210.52,210.92
sw07utt/sw_0733_4940.utt,4/sw4940,4940,136,sd,A,85,7,"they went, I don't know, how many miles an hour./","they/PRP went/VBD ,/, I/PRP do/VBP n't/RB know/VB ,/, how/WRB many/JJ miles/NNS an/DT hour/NN ./.",,,210.92,213.16
sw07utt/sw_0733_4940.utt,4/sw4940,4940,137,sd,A,85,8,"I think like twen-, - /","I/PRP think/VBP like/IN twen-/CD ,/,",,,213.16,213.73999999999998
sw07utt/sw_0733_4940.utt,4/sw4940,4940,138,"qy,am,o@",A,85,9,was that something --   *[[ Seems to be an indep. slash unit ]],was/VBD that/DT something/NN --/:,,,215.6,216.32000000000002
sw07utt/sw_0733_4940.utt,4/sw4940,4940,139,aa,B,86,1,Right.  /,Right/UH ./.,,,216.32,216.44
sw07utt/sw_0733_4940.utt,4/sw4940,4940,140,aa,B,86,2,Yeah  /,Yeah/UH,,,216.44,216.52
sw07utt/sw_0733_4940.utt,4/sw4940.pos,4940,141,x,B,86,3,<<very faint>>.,./.,,,0.0,0.0
sw07utt/sw_0733_4940.utt,4/sw4940,4940,142,+@,A,87,1,-- maybe it was. - / *[[ See note above ]],--/: maybe/RB it/PRP was/VBD ./.,,,217.04,217.46
sw07utt/sw_0733_4940.utt,4/sw4940,4940,143,h,A,87,2,I don't know. /,I/PRP do/VBP n't/RB know/VB ./.,,,217.46,217.88
sw07utt/sw_0733_4940.utt,4/sw4940,4940,144,sd,B,88,1,"G M, {F uh, } Chrysler announced that they're going to, they're, - /","G/NNP M/NNP ,/, uh/UH ,/, Chrysler/NNP announced/VBD that/IN they/PRP 're/VBP going/VBG to/TO ,/, they/PRP 're/VBP ,/,",,,218.44,222.14
sw07utt/sw_0733_4940.utt,4/sw4940,4940,145,sd,B,88,2,{D well } they actually have an electric minivan. /,well/UH they/PRP actually/RB have/VBP an/DT electric/JJ minivan/NN ./.,,,222.34,224.2
sw07utt/sw_0733_4940.utt,4/sw4940,4940,146,"br,o@",A,89,1,Huh?   *[[ Should have a slash ]],Huh/UH ?/.,,,225.14,225.32
sw07utt/sw_0733_4940.utt,4/sw4940,4940,147,b,B,90,1,Yeah.  /,Yeah/UH ./.,,,226.02,226.3
sw07utt/sw_0733_4940.utt,4/sw4940,4940,148,sd,B,90,2,"[ Their, + their ] Caravan. /","Their/PRP$ ,/, their/PRP$ Caravan/NNP ./.",,,226.3,227.48
sw07utt/sw_0733_4940.utt,4/sw4940,4940,149,+,A,91,1,Huh. /  *[[ See note above ]],Huh/UH ./.,,,228.84,229.04
sw07utt/sw_0733_4940.utt,4/sw4940,4940,150,sd,B,92,1,"{C But } it costs, {F uh, } fifty thousand dollars <laughter> # right now. # /","But/CC it/PRP costs/VBZ ,/, uh/UH ,/, fifty/CD thousand/CD dollars/NNS right/RB now/RB ./.",,,229.04,232.56
sw07utt/sw_0733_4940.utt,4/sw4940,4940,151,b,A,93,1,"# <laughter> # Yeah,  /","Yeah/UH ,/,",,,232.56,232.9
sw07utt/sw_0733_4940.utt,4/sw4940,4940,152,sv,A,93,2,"{C and } [ they're, + they're ]  very expensive too. #  ((   )) . # /","and/CC they/PRP 're/VBP ,/, they/PRP 're/VBP very/RB expensive/JJ too/RB ./. MUMBLEx/XX ./.",,,232.9,234.92000000000002
sw07utt/sw_0733_4940.utt,4/sw4940,4940,153,bf,B,94,1,"# <child_talking> To operate, yeah. #  /","To/TO operate/VB ,/, yeah/UH ./.",,,236.26,237.14000000000001
sw07utt/sw_0733_4940.utt,4/sw4940,4940,154,sd,B,94,2,"{C But, } {D you know, } people are buying them.  /","But/CC ,/, you/PRP know/VBP ,/, people/NNS are/VBP buying/VBG them/PRP ./.",,,238.26,239.98
sw07utt/sw_0733_4940.utt,4/sw4940,4940,155,qh*,B,94,3,"You know whose buying them?  / *[[""whose"" = who's""]]",You/PRP know/VBP whose/WP$ buying/VBG them/PRP ?/.,,,240.26,241.02
sw07utt/sw_0733_4940.utt,4/sw4940,4940,156,sd,B,94,4,The power company. /,The/DT power/NN company/NN ./.,,,241.52,242.3
sw07utt/sw_0733_4940.utt,4/sw4940,4940,157,x,A,95,1,<laughter>.,,,,0.0,0.0
sw07utt/sw_0733_4940.utt,4/sw4940,4940,158,bf,B,96,1,"# [ Free, + {D you know, } free ] for them. # /","Free/JJ ,/, you/PRP know/VBP ,/, free/JJ for/IN them/PRP ./.",,,243.02,245.94
sw07utt/sw_0733_4940.utt,4/sw4940,4940,159,aa,A,97,1,"# {D Well, } yeah.  /","Well/UH ,/, yeah/UH ./.",,,246.18,246.44
sw07utt/sw_0733_4940.utt,4/sw4940,4940,160,aa^r,A,97,2,#  Yeah. /,Yeah/UH ./.,,,0.0,0.0
sw07utt/sw_0733_4940.utt,4/sw4940,4940,161,sv,B,98,1,(( Kind of ))  interesting # so see. # -/,Kind/RB of/RB interesting/JJ so/RB see/VB ./.,,,246.44,248.0
sw07utt/sw_0733_4940.utt,4/sw4940,4940,162,sv,A,99,1,"# {D Well, } it # doesn't make sense.  /","Well/UH ,/, it/PRP does/VBZ n't/RB make/VB sense/NN ./.",,,248.28,249.20000000000002
sw07utt/sw_0733_4940.utt,4/sw4940,4940,163,sv,A,99,2,"{C Because }  if they want people to convert, {D you know. }","Because/IN if/IN they/PRP want/VBP people/NNS to/TO convert/VB ,/, you/PRP know/VBP ./.",,,249.2,252.07999999999998
sw07utt/sw_0733_4940.utt,4/sw4940,4940,164,b,B,100,1,Uh-huh. /,Uh-huh/UH ./.,,,252.08,252.20000000000002
sw07utt/sw_0733_4940.utt,4/sw4940,4940,165,+,A,101,1,They should make it worthwhile. /,They/PRP should/MD make/VB it/PRP worthwhile/JJ ./.,,,253.24,254.6
sw07utt/sw_0733_4940.utt,4/sw4940,4940,166,aa,B,102,1,Yeah  /,Yeah/UH,,,254.66,254.88
sw07utt/sw_0733_4940.utt,4/sw4940,4940,167,sd,B,102,2,<child>.  It's top speed is something like eighty miles an hour.  /,./. It/PRP 's/POS top/JJ speed/NN is/VBZ something/NN like/IN eighty/CD miles/NNS an/DT hour/NN ./.,,,254.88,256.7
sw07utt/sw_0733_4940.utt,4/sw4940,4940,168,sv,B,102,3,# {C So }  it's # --,So/RB it/PRP 's/BES --/:,,,256.7,257.1
sw07utt/sw_0733_4940.utt,4/sw4940,4940,169,b,A,103,1,# Yeah. # /,Yeah/UH ./.,,,0.0,0.0
sw07utt/sw_0733_4940.utt,4/sw4940,4940,170,+,B,104,1,"-- a good, # good # --","--/: a/DT good/JJ ,/, good/JJ --/:",,,257.1,257.2
sw07utt/sw_0733_4940.utt,4/sw4940,4940,171,b,A,105,1,# Yeah. # /,Yeah/UH ./.,,,257.2,257.44
sw07utt/sw_0733_4940.utt,4/sw4940,4940,172,+,B,106,1,-- vehicle. /,--/: vehicle/NN ./.,,,258.16,258.58000000000004
sw07utt/sw_0733_4940.utt,4/sw4940,4940,173,sd,A,107,1,{F Um. }  {D Well } I'll tell you.,Um/UH ./. Well/UH I/PRP 'll/MD tell/VB you/PRP ./.,,,260.12,263.96
sw07utt/sw_0733_4940.utt,4/sw4940,4940,174,x,B,108,1,<child_talking>.,,,,0.0,0.0
sw07utt/sw_0733_4940.utt,4/sw4940,4940,175,+,A,109,1,"Sometimes [ it's, + it's ] pretty bad here.  /","Sometimes/RB it/PRP 's/BES ,/, it/PRP 's/BES pretty/RB bad/JJ here/RB ./.",,,264.52,267.14
sw07utt/sw_0733_4940.utt,4/sw4940,4940,176,sd,A,109,2,Like today I think it was pretty bad.  /,Like/IN today/RB I/PRP think/VBP it/PRP was/VBD pretty/RB bad/JJ ./.,,,267.4,268.71999999999997
sw07utt/sw_0733_4940.utt,4/sw4940,4940,177,sd,A,109,3,"I don't know [ if it was, + ] if it's just, {F uh, }  the allergies or what  /","I/PRP do/VBP n't/RB know/VB if/IN it/PRP was/VBD ,/, if/IN it/PRP 's/BES just/RB ,/, uh/UH ,/, the/DT allergies/NNS or/CC what/WP",,,268.72,271.71999999999997
sw07utt/sw_0733_4940.utt,4/sw4940,4940,178,sd,A,109,4,{C but } --,but/CC --/:,,,271.86,272.04
sw07utt/sw_0733_4940.utt,4/sw4940,4940,179,b,B,110,1,Uh-huh  /,Uh-huh/UH,,,272.38,272.64
sw07utt/sw_0733_4940.utt,4/sw4940.pos,4940,180,x,B,110,2,<talking>.,./.,,,0.0,0.0
sw07utt/sw_0733_4940.utt,4/sw4940,4940,181,+,A,111,1,"-- some days it's [ r-, + ]  very nice here downtown  /","--/: some/DT days/NNS it/PRP 's/BES r-/XX ,/, very/RB nice/JJ here/RB downtown/RB",,,272.64,274.96
sw07utt/sw_0733_4940.utt,4/sw4940,4940,182,sd,A,111,2,"{C and } other days it's just really bad,  /","and/CC other/JJ days/NNS it/PRP 's/BES just/RB really/RB bad/JJ ,/,",,,274.96,276.90000000000003
sw07utt/sw_0733_4940.utt,4/sw4940,4940,183,h,A,111,3,"{C so, } I don't know.  /","so/RB ,/, I/PRP do/VBP n't/RB know/VB ./.",,,277.68,280.02000000000004
sw07utt/sw_0733_4940.utt,4/sw4940,4940,184,qw,A,111,4,"{C So } [ what, + what ]  kinds of things did you experience in L A when you were there?  /","So/RB what/WDT ,/, what/WDT kinds/NNS of/IN things/NNS did/VBD you/PRP experience/VB in/IN L/NNP A/NNP when/WRB you/PRP were/VBD there/RB ?/.",,,281.3,284.16
sw07utt/sw_0733_4940.utt,4/sw4940,4940,185,qrr,A,111,5,{C Or } can you remember?  /,Or/CC can/MD you/PRP remember/VB ?/.,,,284.16,285.16
sw07utt/sw_0733_4940.utt,4/sw4940,4940,186,qy,A,111,6,Were you there at a? -/,Were/VBD you/PRP there/RB at/IN a/DT ?/.,,,285.16,286.18
sw07utt/sw_0733_4940.utt,4/sw4940,4940,187,sd,B,112,1,"{F Oh, } I wasn't there too long ago.  {F Uh. } /","Oh/UH ,/, I/PRP was/VBD n't/RB there/EX too/RB long/JJ ago/RB ./. Uh/UH ./.",,,286.18,288.26
sw07utt/sw_0733_4940.utt,4/sw4940,4940,188,sd,A,113,1,{C Cause } I haven't been there probably ... -/,Cause/IN I/PRP have/VBP n't/RB been/VBN there/RB probably/RB .../:,,,289.68,291.08
sw07utt/sw_0733_4940.utt,4/sw4940,4940,189,qy,B,114,1,"{D Well, } {D you know, } [ yo-, + ] going over the hills, {D you know, } coming into the valley?  </child_talking>. /","Well/UH ,/, you/PRP know/VBP ,/, yo-/PRP ,/, going/VBG over/IN the/DT hills/NNS ,/, you/PRP know/VBP ,/, coming/VBG into/IN the/DT valley/NN ?/. ./.",,,291.08,294.08000000000004
sw07utt/sw_0733_4940.utt,4/sw4940,4940,190,ny,A,115,1,Yeah. /,Yeah/UH ./.,,,294.6,294.74
sw07utt/sw_0733_4940.utt,4/sw4940,4940,191,sd,B,116,1,"You can see that horrible, horrible brown haze. /","You/PRP can/MD see/VB that/DT horrible/JJ ,/, horrible/JJ brown/JJ haze/NN ./.",,,294.74,297.56
sw07utt/sw_0733_4940.utt,4/sw4940,4940,192,sd,A,117,1,"{D Well, } we were there when they had a </noise>, -/","Well/UH ,/, we/PRP were/VBD there/RB when/WRB they/PRP had/VBD a/DT ,/,",,,298.56,299.90000000000003
