swda_filename,ptb_basename,conversation_no,transcript_index,act_tag,caller,utterance_index,subutterance_index,text,pos,trees,ptb_treenumbers,start_ts,end_ts
sw05utt/sw_0583_2053.utt,2/sw2053,2053,0,qw,A,1,1,"{F Um, } what kind of hobbies do you have? /","Um/UH ,/,  [ what/WDT kind/NN ] of/IN  [ hobbies/NNS ] do/VBP  [ you/PRP ] have/VB ?/.","(SBARQ (INTJ (UH Um)) (, ,) (WHNP-1 (WHNP (WDT what) (NN kind)) (PP (IN of) (NP (NNS hobbies)))) (SQ (VBP do) (NP-SBJ (PRP you)) (VP (VB have) (NP (-NONE- *T*-1)))) (. ?) (-DFL- E_S))",1,1.5,3.2199999999999998
sw05utt/sw_0583_2053.utt,2/sw2053,2053,1,sd,B,2,1,"{F Um, } I do a lot of cross-stitching  and painting, when I do have spare time. /","[ Um/UH ] ,/,  [ I/PRP ] do/VBP  [ a/DT lot/NN ] of/IN  [ cross-stitching/NN ] and/CC  [ painting/NN ] ,/, when/WRB  [ I/PRP ] do/VBP have/VB  [ spare/JJ time/NN ] ./.","(S (INTJ (UH Um)) (, ,) (NP-SBJ (PRP I)) (VP (VBP do) (NP (NP (DT a) (NN lot)) (PP (IN of) (NP (NN cross-stitching) (CC and) (NN painting)))) (, ,) (SBAR-TMP (WHADVP-1 (WRB when)) (S (NP-SBJ (PRP I)) (VP (VBP do) (VP (VB have) (NP (JJ spare) (NN time)) (ADVP-TMP (-NONE- *T*-1))))))) (. .) (-DFL- E_S))",3,3.11,7.550000000000001
sw05utt/sw_0583_2053.utt,2/sw2053,2053,2,b,A,3,1,"Really,  /","[ Really/UH ] ,/,","(INTJ (UH Really) (, ,) (-DFL- E_S))",5,7.72,8.1
sw05utt/sw_0583_2053.utt,2/sw2053,2053,3,sd,A,3,2,I like cross-stitch too. /,[ I/PRP ] like/VBP  [ cross-stitch/NN ] too/RB ./.,(S (NP-SBJ (PRP I)) (VP (VBP like) (NP (NN cross-stitch)) (ADVP (RB too))) (. .) (-DFL- E_S)),6,8.16,9.18
sw05utt/sw_0583_2053.utt,2/sw2053,2053,4,sd,B,4,1,"{F Oh, } I love it. /","Oh/UH ,/,  [ I/PRP ] love/VBP  [ it/PRP ] ./.","(S (INTJ (UH Oh)) (, ,) (NP-SBJ (PRP I)) (VP (VBP love) (NP (PRP it))) (. .) (-DFL- E_S))",8,9.07,10.15
sw05utt/sw_0583_2053.utt,2/sw2053,2053,5,sd,A,5,1,<Laughter> I just have a hard time  finding any spare time lately. /,[ I/PRP ] just/RB have/VBP  [ a/DT hard/JJ time/NN ] finding/VBG  [ any/DT spare/JJ time/NN ] lately/RB ./.,(S (NP-SBJ (PRP I)) (ADVP (RB just)) (VP (VBP have) (NP (NP (DT a) (JJ hard) (NN time)) (S-NOM (NP-SBJ (-NONE- *)) (VP (VBG finding) (NP (DT any) (JJ spare) (NN time))))) (ADVP-TMP (RB lately))) (. .) (-DFL- E_S)),10,10.26,13.14
sw05utt/sw_0583_2053.utt,2/sw2053,2053,6,aa,B,6,1,That's my case also.  /,That/IN  [ 's/BES my/PRP$ case/NN ] also/RB ./.,(S (NP-SBJ (IN That)) (VP (BES 's) (NP-PRD (PRP$ my) (NN case)) (ADVP (RB also))) (. .) (-DFL- E_S)),12,13.55,14.87
sw05utt/sw_0583_2053.utt,2/sw2053,2053,7,sd,B,6,2,I've got a new born  /,[ I/PRP ] 've/VBP got/VBN  [ a/DT new/GW ] born/^NN,(S (NP-SBJ (PRP I)) (VP (VBP 've) (VP (VBN got) (NP (DT a) (GW new) (^NN born)))) (-DFL- E_S)),13,14.87,15.870000000000001
sw05utt/sw_0583_2053.utt,2/sw2053,2053,8,sd,B,6,3,{C and } there's just no time. /,and/CC   [ there/EX ] 's/BES just/RB  [ no/DT time/NN ] ./.,(S (CC and) (NP-SBJ (EX there)) (VP (BES 's) (ADVP (RB just)) (NP-PRD (DT no) (NN time))) (. .) (-DFL- E_S)),14,16.17,17.650000000000002
sw05utt/sw_0583_2053.utt,2/sw2053,2053,9,b,A,7,1,<Laughter> Uh-huh. /,[ Uh-huh/UH ] ./.,(INTJ (UH Uh-huh) (. .) (-DFL- E_S)),16,19.7,20.099999999999998
sw05utt/sw_0583_2053.utt,2/sw2053,2053,10,qy,B,8,1,Have you been cross-stitching long? /,Have/VBP  [ you/PRP ] been/VBN  [ cross-stitching/VBG ] long/RB ?/.,(SQ (VBP Have) (NP-SBJ (PRP you)) (VP (VBN been) (VP (VBG cross-stitching) (ADVP-TMP (RB long)))) (. ?) (-DFL- E_S)),18,20.13,22.009999999999998
sw05utt/sw_0583_2053.utt,2/sw2053,2053,11,sd,A,9,1,"{F Oh, } several years.  /","Oh/UH ,/,  [ several/JJ years/NNS ] ./.","(FRAG (INTJ (UH Oh)) (, ,) (NP (JJ several) (NNS years)) (. .) (-DFL- E_S))",20,22.32,23.62
sw05utt/sw_0583_2053.utt,2/sw2053,2053,12,sd,A,9,2,My husband is even interested in it now.  /,[ My/PRP$ husband/NN ] is/VBZ even/RB interested/VBN in/IN  [ it/PRP ] now/RB ./.,(S (NP-SBJ (PRP$ My) (NN husband)) (VP (VBZ is) (ADVP (RB even)) (ADJP-PRD (VBN interested) (PP (IN in) (NP (PRP it)))) (ADVP-TMP (RB now))) (. .) (-DFL- E_S)),21,23.62,25.240000000000002
sw05utt/sw_0583_2053.utt,2/sw2053,2053,13,sd,A,9,3,"He likes to help me design, {F um, } {D you know, } projects that are,","[ He/PRP ] likes/VBZ to/TO help/VB  [ me/PRP ] design/VB ,/, um/UH ,/,  [ you/PRP ] know/VBP ,/,  [ projects/NNS ] [ that/WDT ] are/VBP ,/,","(S (NP-SBJ-1 (PRP He)) (VP (VBZ likes) (S (NP-SBJ (-NONE- *-1)) (VP (TO to) (VP (VB help) (S (NP-SBJ (PRP me)) (VP (VB design) (, ,) (INTJ (UH um)) (PRN (, ,) (S (NP-SBJ (PRP you)) (VP (VBP know))) (, ,)) (NP (NP (NNS projects)) (SBAR (WHNP-2 (WDT that)) (S (NP-SBJ (-NONE- *T*-2)) (VP (VBP are) (, ,) (ADJP-PRD (ADVP (NP (DT a) (RB little)) (RBR more)) (JJ customized)))))))))))) (. .) (-DFL- E_S))",22,25.24,28.82
sw05utt/sw_0583_2053.utt,2/sw2053,2053,14,b,B,10,1,"{F Oh, } really. /","Oh/UH ,/, really/UH ./.","(INTJ (INTJ (UH Oh)) (, ,) (INTJ (UH really)) (. .) (-DFL- E_S))",24,28.73,29.19
sw05utt/sw_0583_2053.utt,2/sw2053,2053,15,+,A,11,1,a little more customized. /,[ a/DT little/RB ] more/RBR customized/JJ ./.,"(S (NP-SBJ-1 (PRP He)) (VP (VBZ likes) (S (NP-SBJ (-NONE- *-1)) (VP (TO to) (VP (VB help) (S (NP-SBJ (PRP me)) (VP (VB design) (, ,) (INTJ (UH um)) (PRN (, ,) (S (NP-SBJ (PRP you)) (VP (VBP know))) (, ,)) (NP (NP (NNS projects)) (SBAR (WHNP-2 (WDT that)) (S (NP-SBJ (-NONE- *T*-2)) (VP (VBP are) (, ,) (ADJP-PRD (ADVP (NP (DT a) (RB little)) (RBR more)) (JJ customized)))))))))))) (. .) (-DFL- E_S))",22,29.3,30.3
sw05utt/sw_0583_2053.utt,2/sw2053,2053,16,sd,B,12,1,"[ Mine, sort of, +  he ] looks at the pattern  /","[ Mine/NN ] ,/,  [ sort/RB ] of/RB ,/,  [ he/PRP ] looks/VBZ at/IN  [ the/DT pattern/NN ]","(S (EDITED (RM (-DFL- \[)) (S-UNF (NP-SBJ (NN Mine)) (, ,) (ADVP (RB sort) (RB of))) (, ,) (IP (-DFL- \+))) (NP-SBJ (PRP he)) (RS (-DFL- \])) (VP (VBZ looks) (PP (IN at) (NP (DT the) (NN pattern)))) (-DFL- E_S))",27,31.25,32.85
sw05utt/sw_0583_2053.utt,2/sw2053,2053,17,sd(^q),B,12,2,{C and } he says how do you get that from there to the material <laughter>. /,and/CC  [ he/PRP ] says/VBZ how/WRB do/VBP  [ you/PRP ] get/VB that/DT from/IN there/RB to/IN  [ the/DT material/NN ] ./.,(S (CC and) (NP-SBJ (PRP he)) (VP (VBZ says) (SBARQ-SEZ (WHADVP-1 (WRB how)) (SQ (VBP do) (NP-SBJ (PRP you)) (VP (VB get) (NP (DT that)) (PP (IN from) (ADVP (RB there))) (PP (IN to) (NP (DT the) (NN material))) (ADVP-MNR (-NONE- *T*-1)))))) (. .) (-DFL- E_S)),28,32.85,36.15
sw05utt/sw_0583_2053.utt,2/sw2053,2053,18,sv,A,13,1,Not that hard. /,Not/RB that/RB  [ hard/JJ ] ./.,(ADJP (RB Not) (RB that) (JJ hard) (. .) (-DFL- E_S)),30,36.26,38.099999999999994
sw05utt/sw_0583_2053.utt,2/sw2053,2053,19,aa,B,14,1,"{F Oh, } it's not. /","Oh/UH ,/,  [ it/PRP ] 's/BES not/RB ./.","(S (INTJ (UH Oh)) (, ,) (NP-SBJ (PRP it)) (VP (BES 's) (RB not) (ADJP-PRD (-NONE- *?*))) (. .) (-DFL- E_S))",32,38.11,38.97
sw05utt/sw_0583_2053.utt,2/sw2053,2053,20,sd,A,15,1,I really enjoy it. /,[ I/PRP ] really/RB enjoy/VBP  [ it/PRP ] ./.,(S (NP-SBJ (PRP I)) (ADVP (RB really)) (VP (VBP enjoy) (NP (PRP it))) (. .) (-DFL- E_S)),34,39.28,41.14
sw05utt/sw_0583_2053.utt,2/sw2053,2053,21,sd@,B,16,1,"{C And } once you get started on  it, [ [ it's just, +  {F oh, } I just, ] +  I ] love it. /  *[[two utts]]","And/CC once/RB  [ you/PRP ] get/VBP started/VBN on/IN  [ it/PRP ] ,/,  [ it/PRP ] 's/BES just/RB ,/, oh/UH ,/,  [ I/PRP ] just/RB ,/,  [ I/PRP ] love/VBP  [ it/PRP ] ./.","(S (CC And) (SBAR-TMP (RB once) (S (NP-SBJ-1 (PRP you)) (VP (VBP get) (VP (VBN started) (NP (-NONE- *-1)) (PP (IN on) (NP (PRP it))))))) (, ,) (EDITED (RM (-DFL- \[)) (EDITED (RM (-DFL- \[)) (S (NP-SBJ (PRP it)) (VP-UNF (BES 's) (ADVP (RB just)))) (, ,) (IP (-DFL- \+))) (S-UNF (INTJ (UH oh)) (, ,) (NP-SBJ (PRP I)) (ADVP (RB just))) (, ,) (RS (-DFL- \])) (IP (-DFL- \+))) (NP-SBJ (PRP I)) (RS (-DFL- \])) (VP (VBP love) (NP (PRP it))) (. .) (-DFL- E_S))",36,41.03,44.71
sw05utt/sw_0583_2053.utt,2/sw2053,2053,22,b,A,17,1,Uh-huh. /,[ Uh-huh/UH ] ./.,(INTJ (UH Uh-huh) (. .) (-DFL- E_S)),16,45.0,45.22
sw05utt/sw_0583_2053.utt,2/sw2053,2053,23,sd,B,18,1,I do a lot of my own patterns also. /,[ I/PRP ] do/VBP  [ a/DT lot/NN ] of/IN  [ my/PRP$ own/JJ patterns/NNS ] also/RB ./.,(S (NP-SBJ (PRP I)) (VP (VBP do) (NP (NP (DT a) (NN lot)) (PP (IN of) (NP (PRP$ my) (JJ own) (NNS patterns)))) (ADVP (RB also))) (. .) (-DFL- E_S)),40,45.11,46.73
sw05utt/sw_0583_2053.utt,2/sw2053,2053,24,b,A,19,1,Yeah. /,Yeah/UH ./.,(INTJ (UH Yeah) (. .) (-DFL- E_S)),42,46.84,47.02
sw05utt/sw_0583_2053.utt,2/sw2053,2053,25,sd,B,20,1,"In fact, I did one, BILL THE CAT,  {D you know, } from  (( Glenn County ))  --","In/IN  [ fact/NN ] ,/,  [ I/PRP ] did/VBD  [ one/CD ] ,/,  [ BILL/NNP ] [ THE/DT CAT/NN ] ,/,  [ you/PRP ] know/VBP ,/, from/IN  [ Glenn/NNP County/NNP ]  --/:","(S (PP (IN In) (NP (NN fact))) (, ,) (NP-SBJ (PRP I)) (VP (VBD did) (NP (NP (CD one)) (, ,) (NP (NP (NNP BILL)) (NP (DT THE) (NN CAT))) (PRN (, ,) (S (NP-SBJ (PRP you)) (VP (VBP know))) (, ,)) (PP (IN from) (NP (NNP Glenn) (NNP County))) (SBAR (WHNP-2 (DT that)) (, ,) (INTJ (UH uh)) (, ,) (S (NP-SBJ (-NONE- *T*-2)) (VP (VBD was) (NP-PRD (NP (DT a) (ADJP (RB real) (JJ good)) (NN one)) (SBAR (WHNP-1 (-NONE- 0)) (S (NP-SBJ (-NONE- *)) (VP (TO to) (VP (VB do) (NP (-NONE- *T*-1)))))))))))) (. .) (-DFL- E_S))",44,48.27,51.75
sw05utt/sw_0583_2053.utt,2/sw2053,2053,26,b,A,21,1,"{F Oh, } yeah. /","Oh/UH ,/, yeah/UH ./.","(INTJ (INTJ (UH Oh)) (, ,) (INTJ (UH yeah)) (. .) (-DFL- E_S))",46,52.34,53.18
sw05utt/sw_0583_2053.utt,2/sw2053,2053,27,+,B,22,1,"-- that, {F uh, } was a real good one to do.  /","--/:  [ that/DT ] ,/,  [ uh/UH ] ,/, was/VBD  [ a/DT real/RB good/JJ ] [ one/NN ] to/TO do/VB ./.","(S (PP (IN In) (NP (NN fact))) (, ,) (NP-SBJ (PRP I)) (VP (VBD did) (NP (NP (CD one)) (, ,) (NP (NP (NNP BILL)) (NP (DT THE) (NN CAT))) (PRN (, ,) (S (NP-SBJ (PRP you)) (VP (VBP know))) (, ,)) (PP (IN from) (NP (NNP Glenn) (NNP County))) (SBAR (WHNP-2 (DT that)) (, ,) (INTJ (UH uh)) (, ,) (S (NP-SBJ (-NONE- *T*-2)) (VP (VBD was) (NP-PRD (NP (DT a) (ADJP (RB real) (JJ good)) (NN one)) (SBAR (WHNP-1 (-NONE- 0)) (S (NP-SBJ (-NONE- *)) (VP (TO to) (VP (VB do) (NP (-NONE- *T*-1)))))))))))) (. .) (-DFL- E_S))",44,53.15,56.75
sw05utt/sw_0583_2053.utt,2/sw2053,2053,28,sd,B,22,2,"It was tough,  /","[ It/PRP ] was/VBD tough/JJ ,/,","(S (NP-SBJ (PRP It)) (VP (VBD was) (ADJP-PRD (JJ tough))) (, ,) (-DFL- E_S))",48,56.75,57.550000000000004
sw05utt/sw_0583_2053.utt,2/sw2053,2053,29,%,B,22,3,"{C but, } {F uh, } yeah.  /","but/CC ,/,  [ uh/UH ] ,/, yeah/UH ./.","(FRAG (CC but) (, ,) (INTJ (UH uh)) (, ,) (INTJ (UH yeah)) (. .) (-DFL- E_S))",49,57.66,59.440000000000005
sw05utt/sw_0583_2053.utt,2/sw2053,2053,30,qy,B,22,4,"Do you have any others,  /","Do/VBP  [ you/PRP ] have/VB  [ any/DT others/NNS ] ,/,","(SQ (VBP Do) (NP-SBJ (PRP you)) (VP (VB have) (NP (DT any) (NNS others))) (, ,) (-DFL- E_S))",50,59.44,60.440000000000005
sw05utt/sw_0583_2053.utt,2/sw2053,2053,31,qr,B,22,5,{C or } is this mainly cross-stitching? /,or/CC is/VBZ  [ this/DT ] mainly/RB  [ cross-stitching/NN ] ?/.,(SQ (CC or) (VBZ is) (NP-SBJ (DT this)) (NP-PRD (RB mainly) (NN cross-stitching)) (. ?) (-DFL- E_S)),51,60.44,61.779999999999994
sw05utt/sw_0583_2053.utt,2/sw2053,2053,32,sd,A,23,1,"{F Um, } I do mostly that, {F um, }  /","[ Um/UH ] ,/,  [ I/PRP ] do/VBP mostly/RB that/DT ,/,  um/UH ,/,","(S (INTJ (UH Um)) (, ,) (NP-SBJ (PRP I)) (VP (VBP do) (ADVP (RB mostly)) (NP (DT that)) (, ,) (INTJ (UH um))) (, ,) (-DFL- E_S))",53,62.15,65.63
sw05utt/sw_0583_2053.utt,2/sw2053,2053,33,sd,A,23,2,not very artistic really for like painting and  stuff. /,not/RB very/RB artistic/JJ really/RB for/IN  [ like/IN painting/NN ] and/CC  [ stuff/NN ] ./.,(FRAG (ADJP (RB not) (RB very) (JJ artistic) (PP (-NONE- *T*-1))) (ADVP (RB really)) (PP-TPC-1 (IN for) (INTJ (IN like)) (NP (NN painting) (CC and) (NN stuff))) (. .) (-DFL- E_S)),54,65.63,69.83
sw05utt/sw_0583_2053.utt,2/sw2053,2053,34,b,B,24,1,"{F Oh, } uh-huh.  /","Oh/UH ,/,  [ uh-huh/UH ] ./.","(INTJ (INTJ (UH Oh)) (, ,) (INTJ (UH uh-huh)) (. .) (-DFL- E_S))",56,70.12,70.55999999999999
sw05utt/sw_0583_2053.utt,2/sw2053,2053,35,%,B,24,2,"{F Um, }","Um/UH ,/,","(S (INTJ (UH Um)) (, ,) (NP-SBJ (PRP I)) (VP (VBP do) (ADVP (RB mostly)) (NP (DT that)) (, ,) (INTJ (UH um))) (, ,) (-DFL- E_S))",53,71.62,71.98
sw05utt/sw_0583_2053.utt,2/sw2053,2053,36,sd,A,25,1,"{C But, } now I don't know. /","But/CC ,/, now/RB  [ I/PRP ] do/VBP n't/RB know/VB ./.","(S (CC But) (, ,) (INTJ (RB now)) (NP-SBJ (PRP I)) (VP (VBP do) (RB n't) (VP (VB know))) (. .) (-DFL- E_S))",59,73.41,74.95
sw05utt/sw_0583_2053.utt,2/sw2053,2053,37,+,B,26,1,Yeah.  /,Yeah/UH ./.,(INTJ (UH Yeah) (. .) (-DFL- E_S)),42,74.84,75.18
sw05utt/sw_0583_2053.utt,2/sw2053,2053,38,sd,B,26,2,I'm still trying to get  all the D M C colors <laughter>. /,[ I/PRP ] 'm/VBP still/RB trying/VBG to/TO get/VB  [ all/PDT the/DT D/NNP M/NNP C/NNP colors/NNS ] ./.,(S (NP-SBJ-1 (PRP I)) (VP (VBP 'm) (ADVP-TMP (RB still)) (VP (VBG trying) (S (NP-SBJ (-NONE- *-1)) (VP (TO to) (VP (VB get) (NP (PDT all) (DT the) (NNP D) (NNP M) (NNP C) (NNS colors))))))) (. .) (-DFL- E_S)),61,77.0,79.22
sw05utt/sw_0583_2053.utt,2/sw2053,2053,39,b,A,27,1,"{F Oh, } really <laughter>.  /","Oh/UH ,/, really/UH ./.","(INTJ (INTJ (UH Oh)) (, ,) (INTJ (UH really)) (. .) (-DFL- E_S))",63,80.33,80.99
sw05utt/sw_0583_2053.utt,2/sw2053,2053,40,b,A,27,2,"Yeah,  /","[ Yeah/UH ] ,/,","(INTJ (UH Yeah) (, ,) (-DFL- E_S))",64,80.99,81.14999999999999
sw05utt/sw_0583_2053.utt,2/sw2053,2053,41,sd,A,27,3,I've got the kits to put them all in.  /,[ I/PRP ] 've/VBP got/VBN  [ the/DT kits/NNS ] to/TO put/VB  [ them/PRP ] [ all/DT ] in/IN ./.,(S (NP-SBJ (PRP I)) (VP (VBP 've) (VP (VBN got) (NP (NP (DT the) (NNS kits)) (SBAR (WHNP-1 (-NONE- 0)) (S (NP-SBJ (-NONE- *)) (VP (TO to) (VP (VB put) (NP (NP (PRP them)) (NP (DT all))) (PP-PUT (IN in) (NP (-NONE- *T*-1)))))))))) (. .) (-DFL- E_S)),65,81.81,84.09
sw05utt/sw_0583_2053.utt,2/sw2053,2053,42,sd,A,27,4,I don't have them all yet <talking> --,[ I/PRP ] do/VBP n't/RB have/VB  [ them/PRP ] [ all/DT ] yet/RB --/:,(S (NP-SBJ (PRP I)) (VP (VBP do) (RB n't) (VP (VB have) (NP (NP (PRP them)) (NP (DT all))) (ADVP-TMP (RB yet)) (ADVP (RB certainly)))) (. .) (-DFL- E_S)),66,84.09,85.99
sw05utt/sw_0583_2053.utt,2/sw2053,2053,43,aa,B,28,1,"Yeah,  /","[ Yeah/UH ] ,/,","(INTJ (UH Yeah) (, ,) (-DFL- E_S))",64,85.88,85.96
sw05utt/sw_0583_2053.utt,2/sw2053,2053,44,aa,B,28,2,right.  /,right/UH ./.,(INTJ (UH right) (. .) (-DFL- E_S)),69,85.96,86.36
sw05utt/sw_0583_2053.utt,2/sw2053,2053,45,aa,B,28,3,Yeah. /,[ Yeah/UH ] ./.,(INTJ (UH Yeah) (. .) (-DFL- E_S)),42,86.36,86.48
sw05utt/sw_0583_2053.utt,2/sw2053,2053,46,+,A,29,1,-- certainly. /,--/: certainly/RB ./.,(S (NP-SBJ (PRP I)) (VP (VBP do) (RB n't) (VP (VB have) (NP (NP (PRP them)) (NP (DT all))) (ADVP-TMP (RB yet)) (ADVP (RB certainly)))) (. .) (-DFL- E_S)),66,87.07,87.44999999999999
sw05utt/sw_0583_2053.utt,2/sw2053,2053,47,b,B,30,1,Yeah.  /,Yeah/UH ./.,(INTJ (UH Yeah) (. .) (-DFL- E_S)),42,87.34,87.46000000000001
sw05utt/sw_0583_2053.utt,2/sw2053,2053,48,sd,B,30,2,I got to counting the other day  /,[ I/PRP ] got/VBD to/IN counting/NN  [ the/DT other/JJ day/NN ],(S (NP-SBJ (PRP I)) (VP (VBD got) (PP (IN to) (S-NOM (NP-SBJ (-NONE- *)) (VP (NN counting)))) (NP-TMP (DT the) (JJ other) (NN day))) (-DFL- E_S)),74,87.46,89.78
sw05utt/sw_0583_2053.utt,2/sw2053,2053,49,sd,B,30,3,"{C and, } {F uh, } I think I have, what was it two hundred,  /","and/CC ,/,  [ uh/UH ] ,/,  [ I/PRP ] think/VBP  [ I/PRP ] have/VBP ,/,  [ what/WP ] was/VBD  [ it/PRP ] [ two/CD hundred/CD ] ,/,","(S (CC and) (, ,) (INTJ (UH uh)) (, ,) (NP-SBJ (PRP I)) (VP (VBP think) (SBAR (-NONE- 0) (S (NP-SBJ (PRP I)) (VP (VBP have) (PRN (, ,) (SBARQ (WHNP-1 (WP what)) (SQ (VBD was) (NP-SBJ (PRP it)) (NP-PRD (-NONE- *T*-1))))) (NP (QP (CD two) (CD hundred))))))) (, ,) (-DFL- E_S))",75,89.78,92.22
sw05utt/sw_0583_2053.utt,2/sw2053,2053,50,sd,B,30,4,"{C and } I got to thinking the  money that I've got invested in this <laughter> is, {F uh, } - /","and/CC  [ I/PRP ] got/VBD to/TO thinking/VBG  [ the/DT money/NN ] that/WDT  [ I/PRP ] 've/VBP got/VBN invested/VBN in/IN  [ this/DT ] is/VBZ ,/,  [ uh/UH ] ,/,","(S (CC and) (NP-SBJ-1 (PRP I)) (VP (VBD got) (S (NP-SBJ (-NONE- *-1)) (VP (TO to) (VP (VBG thinking) (SBAR (-NONE- 0) (S (NP-SBJ (NP (DT the) (NN money)) (SBAR (WHNP-2 (WDT that)) (S (NP-SBJ (PRP I)) (VP (VBP 've) (VP (VBN got) (S (NP-SBJ-3 (-NONE- *T*-2)) (VP (VBN invested) (NP (-NONE- *-3)) (PP (IN in) (NP (DT this)))))))))) (VP-UNF (VBZ is) (, ,) (INTJ (UH uh))))))))) (, ,) (-DFL- N_S))",76,92.36,97.10000000000001
sw05utt/sw_0583_2053.utt,2/sw2053,2053,51,sd,B,30,5,"[ it, +  {D yeah, } it ] can add up quick. /","[ it/PRP ] ,/, yeah/UH ,/,  [ it/PRP ] can/MD add/VB up/RP quick/RB ./.","(S (EDITED (RM (-DFL- \[)) (NP-SBJ (PRP it)) (, ,) (IP (-DFL- \+))) (INTJ (UH yeah)) (, ,) (NP-SBJ (PRP it)) (RS (-DFL- \])) (VP (MD can) (VP (VB add) (PRT (RP up)) (ADVP-MNR (RB quick)))) (. .) (-DFL- E_S))",77,97.72,100.84
sw05utt/sw_0583_2053.utt,2/sw2053,2053,52,aa,A,31,1,"{F Oh, } yeah.  /","Oh/UH ,/, yeah/UH ./.","(INTJ (INTJ (UH Oh)) (, ,) (INTJ (UH yeah)) (. .) (-DFL- E_S))",46,101.1,101.64
sw05utt/sw_0583_2053.utt,2/sw2053,2053,53,sd,A,31,2,"[ I just, +  I just ]  keep an inventory of what I currently have,  /","[ I/PRP ] just/RB ,/,  [ I/PRP ] just/RB keep/VBP  [ an/DT inventory/NN ] of/IN  [ what/WP ] [ I/PRP ] currently/RB have/VBP ,/,","(S (EDITED (RM (-DFL- \[)) (S-UNF (NP-SBJ (PRP I)) (ADVP (RB just))) (, ,) (IP (-DFL- \+))) (NP-SBJ (PRP I)) (ADVP (RB just)) (RS (-DFL- \])) (VP (VBP keep) (NP (NP (DT an) (NN inventory)) (PP (IN of) (SBAR-NOM (WHNP-1 (WP what)) (S (NP-SBJ (PRP I)) (ADVP-TMP (RB currently)) (VP (VBP have) (NP (-NONE- *T*-1)))))))) (, ,) (-DFL- E_S))",80,103.3,106.42
sw05utt/sw_0583_2053.utt,2/sw2053,2053,54,sd,A,31,3,"{C and } then when I start a new project,  I go through and see [ if I, +  if I, ] {D you know, } - /","and/CC then/RB when/WRB  [ I/PRP ] start/VBP  [ a/DT new/JJ project/NN ] ,/,  [ I/PRP ] go/VBP through/IN and/CC see/VBP if/IN  [ I/PRP ] ,/, if/IN  [ I/PRP ] ,/,  [ you/PRP ] know/VBP ,/,","(S (CONJP (CC and) (RB then)) (SBAR-TMP (WHADVP-1 (WRB when)) (S (NP-SBJ (PRP I)) (VP (VBP start) (NP (DT a) (JJ new) (NN project)) (ADVP-TMP (-NONE- *T*-1))))) (, ,) (NP-SBJ (PRP I)) (VP (VP (VBP go) (PRT (IN through))) (CC and) (VP (VBP see) (SBAR (EDITED (RM (-DFL- \[)) (SBAR (IN if) (S-UNF (NP-SBJ (PRP I)))) (, ,) (IP (-DFL- \+))) (IN if) (S-UNF (NP-SBJ (PRP I)) (, ,) (RS (-DFL- \])) (PRN (S (NP-SBJ (PRP you)) (VP (VBP know)))))))) (, ,) (-DFL- N_S))",81,106.42,110.74
sw05utt/sw_0583_2053.utt,2/sw2053,2053,55,sd,A,31,4,just buy the colors that I need --,just/RB buy/VBP  [ the/DT colors/NNS ] that/WDT  [ I/PRP ] need/VBP --/:,(S (NP-SBJ (-NONE- *)) (VP (ADVP (RB just)) (VBP buy) (NP (NP (DT the) (NNS colors)) (SBAR (WHNP-1 (WDT that)) (S (NP-SBJ (PRP I)) (VP (VBP need) (NP (-NONE- *T*-1))))) (PP (IN of) (SBAR-NOM (WHNP-2 (WP what)) (S (NP-SBJ (PRP I)) (VP (VBP 'm) (ADJP-PRD (RB low) (PP (RP on) (NP (-NONE- *T*-2)))))))))) (. .) (-DFL- E_S)),82,110.74,112.24000000000001
sw05utt/sw_0583_2053.utt,2/sw2053,2053,56,b,B,32,1,Uh-huh. /,[ Uh-huh/UH ] ./.,(INTJ (UH Uh-huh) (. .) (-DFL- E_S)),84,112.47,112.77
sw05utt/sw_0583_2053.utt,2/sw2053,2053,57,+,A,33,1,-- of what I'm low on. /,--/: of/IN  [ what/WP ] [ I/PRP ] 'm/VBP low/RB on/RP ./.,(S (NP-SBJ (-NONE- *)) (VP (ADVP (RB just)) (VBP buy) (NP (NP (DT the) (NNS colors)) (SBAR (WHNP-1 (WDT that)) (S (NP-SBJ (PRP I)) (VP (VBP need) (NP (-NONE- *T*-1))))) (PP (IN of) (SBAR-NOM (WHNP-2 (WP what)) (S (NP-SBJ (PRP I)) (VP (VBP 'm) (ADJP-PRD (RB low) (PP (RP on) (NP (-NONE- *T*-2)))))))))) (. .) (-DFL- E_S)),82,113.14,114.17999999999999
sw05utt/sw_0583_2053.utt,2/sw2053,2053,58,b,B,34,1,Right.  /,[ Right/UH ] ./.,(INTJ (UH Right) (. .) (-DFL- E_S)),87,114.63,115.00999999999999
sw05utt/sw_0583_2053.utt,2/sw2053,2053,59,ba,B,34,2,I see.  /,[ I/PRP ] see/VBP ./.,(S (NP-SBJ (PRP I)) (VP (VBP see)) (. .) (-DFL- E_S)),88,115.39,115.79
sw05utt/sw_0583_2053.utt,2/sw2053,2053,60,sd,B,34,3,"{D Well, }   now can I improvise with adding and using another  color instead, {D you know, } what comes close.","Well/UH ,/, now/RB can/MD  [ I/PRP ] improvise/VB with/IN adding/VBG and/CC using/VBG  [ another/DT color/NN ] instead/RB ,/,  [ you/PRP ] know/VBP ,/,  [ what/WP ] comes/VBZ close/RB ./.","(SINV (INTJ (UH Well)) (, ,) (ADVP-TMP (RB now)) (MD can) (NP-SBJ (PRP I)) (VP (VB improvise) (PP (IN with) (S-NOM (NP-SBJ (-NONE- *)) (VP (VBG adding) (CC and) (VBG using) (NP (NP (DT another) (NN color)) (SBAR-NOM (-NONE- *ICH*-2))) (ADVP (RB instead)) (PRN (, ,) (S (NP-SBJ (PRP you)) (VP (VBP know))) (, ,)) (SBAR-NOM-2 (WHNP-1 (WP what)) (S (NP-SBJ (-NONE- *T*-1)) (VP (VBZ comes) (ADVP (RB close)))))))) (. .) (SBAR-PRP (IN Because) (S (NP-SBJ (NP (DT a) (NN lot)) (PP (IN of) (NP (PRP them)))) (VP (VBP are) (ADJP-PRD (JJ similar)))))) (. .) (-DFL- E_S))",89,115.79,122.78999999999999
sw05utt/sw_0583_2053.utt,2/sw2053,2053,61,b,A,35,1,Uh-huh. /,[ Uh-huh/UH ] ./.,(INTJ (UH Uh-huh) (. .) (-DFL- E_S)),84,123.1,123.22
sw05utt/sw_0583_2053.utt,2/sw2053,2053,62,+,B,36,1,Because a lot of them are similar. /,Because/IN  [ a/DT lot/NN ] of/IN  [ them/PRP ] are/VBP similar/JJ ./.,"(SINV (INTJ (UH Well)) (, ,) (ADVP-TMP (RB now)) (MD can) (NP-SBJ (PRP I)) (VP (VB improvise) (PP (IN with) (S-NOM (NP-SBJ (-NONE- *)) (VP (VBG adding) (CC and) (VBG using) (NP (NP (DT another) (NN color)) (SBAR-NOM (-NONE- *ICH*-2))) (ADVP (RB instead)) (PRN (, ,) (S (NP-SBJ (PRP you)) (VP (VBP know))) (, ,)) (SBAR-NOM-2 (WHNP-1 (WP what)) (S (NP-SBJ (-NONE- *T*-1)) (VP (VBZ comes) (ADVP (RB close)))))))) (. .) (SBAR-PRP (IN Because) (S (NP-SBJ (NP (DT a) (NN lot)) (PP (IN of) (NP (PRP them)))) (VP (VBP are) (ADJP-PRD (JJ similar)))))) (. .) (-DFL- E_S))",89,124.01,125.81
sw05utt/sw_0583_2053.utt,2/sw2053,2053,63,aa,A,37,1,Yeah.  /,Yeah/UH ./.,(INTJ (UH Yeah) (. .) (-DFL- E_S)),70,126.42,126.74
sw05utt/sw_0583_2053.utt,2/sw2053,2053,64,sv,A,37,2,A lot of times you can do that.  /,[ A/DT lot/NN ] of/IN  [ times/NNS you/PRP ] can/MD do/VB  [ that/DT ] ./.,(S (NP-TMP (NP (DT A) (NN lot)) (PP (IN of) (NP (NNS times)))) (NP-SBJ (PRP you)) (VP (MD can) (VP (VB do) (NP (DT that)))) (. .) (-DFL- E_S)),95,127.1,130.4
sw05utt/sw_0583_2053.utt,2/sw2053,2053,65,%,A,37,3,"I think, I - /","[ I/PRP ] think/VBP ,/,  [ I/PRP ]","(S (NP-SBJ (PRP I)) (VP (VBP think) (, ,) (SBAR (-NONE- 0) (S-UNF (NP-SBJ (PRP I))))) (-DFL- N_S))",96,130.4,131.0
sw05utt/sw_0583_2053.utt,2/sw2053,2053,66,sd,A,37,4,"the pinks, there's like  forty-two different shades of pink. /","[ the/DT pinks/NNS ] ,/,  [ there/EX ] 's/BES like/IN  [ forty-two/CD different/JJ shades/NNS ] of/IN  [ pink/NN ] ./.","(S (NP-TPC (DT the) (NNS pinks)) (, ,) (NP-SBJ (EX there)) (VP (BES 's) (INTJ (IN like)) (NP-PRD (NP (CD forty-two) (JJ different) (NNS shades)) (PP (IN of) (NP (NN pink))))) (. .) (-DFL- E_S))",97,131.02,134.38
sw05utt/sw_0583_2053.utt,2/sw2053,2053,67,ba,B,38,1,Good grief <laughter>.  /,[ Good/JJ grief/NN ] ./.,(INTJ (JJ Good) (NN grief) (. .) (-DFL- E_S)),99,134.31,134.97
sw05utt/sw_0583_2053.utt,2/sw2053,2053,68,b,B,38,2,"Yeah,  /","Yeah/UH ,/,","(INTJ (UH Yeah) (, ,) (-DFL- E_S))",64,135.23,135.39
sw05utt/sw_0583_2053.utt,2/sw2053,2053,69,sd,B,38,3,there's lots of # pinks and greens. # /,[ there/EX ] [ 's/BES lots/NNS ] of/IN  [ pinks/NNS ] and/CC  [ greens/NNS ] ./.,(S (NP-SBJ (EX there)) (VP (BES 's) (NP-PRD (NP (NNS lots)) (PP (IN of) (NP (NNS pinks) (CC and) (NNS greens))))) (. .) (-DFL- E_S)),101,135.99,138.48999999999998
sw05utt/sw_0583_2053.utt,2/sw2053,2053,70,b^m,A,39,1,# Pinks and greens. #  /,[ Pinks/NNS ] and/CC  [ greens/NNS ] ./.,(NP (NNS Pinks) (CC and) (NNS greens) (. .) (-DFL- E_S)),103,0.0,0.0
sw05utt/sw_0583_2053.utt,2/sw2053,2053,71,b,A,39,2,Yeah. /,Yeah/UH ./.,(INTJ (UH Yeah) (. .) (-DFL- E_S)),70,138.8,138.92000000000002
sw05utt/sw_0583_2053.utt,2/sw2053,2053,72,sd,B,40,1,There's lots of shades of greens.  /,[ There/EX ] [ 's/BES lots/NNS ] of/IN  [ shades/NNS ] of/IN  [ greens/NNS ] ./.,(S (NP-SBJ (EX There)) (VP (BES 's) (NP-PRD (NP (NNS lots)) (PP (IN of) (NP (NP (NNS shades)) (PP (IN of) (NP (NNS greens))))))) (. .) (-DFL- E_S)),106,138.81,140.99
sw05utt/sw_0583_2053.utt,2/sw2053,2053,73,%,B,40,2,"{C But } the colors, - /","But/CC  [ the/DT colors/NNS ] ,/,","(S-UNF (CC But) (NP-SBJ (DT the) (NNS colors)) (, ,) (-DFL- N_S))",107,141.69,142.39
sw05utt/sw_0583_2053.utt,2/sw2053,2053,74,sd,B,40,3,I just love all the different colors. /,[ I/PRP ] just/RB love/VBP  [ all/PDT the/DT different/JJ colors/NNS ] ./.,(S (NP-SBJ (PRP I)) (ADVP (RB just)) (VP (VBP love) (NP (PDT all) (DT the) (JJ different) (NNS colors))) (. .) (-DFL- E_S)),108,142.39,143.79
sw05utt/sw_0583_2053.utt,2/sw2053,2053,75,b,A,41,1,Yeah. /,Yeah/UH ./.,(INTJ (UH Yeah) (. .) (-DFL- E_S)),73,144.4,144.72
sw05utt/sw_0583_2053.utt,2/sw2053,2053,76,sd,B,42,1,"They had quite a few new ones  come out last year, that they added to.  /","[ They/PRP ] had/VBD quite/RB  [ a/DT few/JJ new/JJ ones/NNS ] come/VBN out/RP  [ last/JJ year/NN ] ,/, that/WDT  [ they/PRP ] added/VBD to/IN ./.","(S (NP-SBJ (PRP They)) (VP (VBD had) (NP (NP (RB quite) (DT a) (JJ few) (JJ new) (NNS ones)) (VP (VBN come) (NP (-NONE- *)) (PRT (RP out)) (NP-TMP (JJ last) (NN year))) (, ,) (SBAR (WHNP-2 (WDT that)) (S (NP-SBJ (PRP they)) (VP (VBD added) (PP (IN to) (NP (-NONE- *T*-2)))))))) (. .) (-DFL- E_S))",112,144.83,154.60000000000002
sw05utt/sw_0583_2053.utt,2/sw2053,2053,77,qy,B,42,2,"{C But, } you don't have much spare time either? /","But/CC ,/,  [ you/PRP ] do/VBP n't/RB have/VB  [ much/JJ spare/JJ time/NN ] either/RB ?/.","(S (CC But) (, ,) (NP-SBJ (PRP you)) (VP (VBP do) (RB n't) (VP (VB have) (NP (JJ much) (JJ spare) (NN time)) (ADVP (RB either)))) (. ?) (-DFL- E_S))",113,154.6,156.18
sw05utt/sw_0583_2053.utt,2/sw2053,2053,78,ng,A,43,1,"{D Well, } not lately <laughter>.  /","Well/UH ,/, not/RB lately/RB ./.","(FRAG (INTJ (UH Well)) (, ,) (ADVP-TMP (RB not) (RB lately)) (. .) (-DFL- E_S))",115,156.73,157.81
sw05utt/sw_0583_2053.utt,2/sw2053,2053,79,sd^e,A,43,2,I just started a new job and trying to get acclimated there. /,[ I/PRP ] just/RB started/VBD  [ a/DT new/JJ job/NN ] and/CC trying/VBG to/TO get/VB acclimated/JJ there/RB ./.,(S (NP-SBJ (PRP I)) (ADVP (RB just)) (VP (VBD started) (NP (DT a) (JJ new) (NN job))))|||(FRAG (CC and) (VP (VBG trying) (S (NP-SBJ (-NONE- *)) (VP (TO to) (VP (VB get) (ADJP-PRD (JJ acclimated)) (ADVP-LOC (RB there)))))) (. .) (-DFL- E_S)),116|||117,158.01,165.41
sw05utt/sw_0583_2053.utt,2/sw2053,2053,80,bk,B,44,1,"{F Oh, } yes.  /","Oh/UH ,/, yes/UH ./.","(INTJ (INTJ (UH Oh)) (, ,) (INTJ (UH yes)) (. .) (-DFL- E_S))",119,165.66,166.20000000000002
sw05utt/sw_0583_2053.utt,2/sw2053,2053,81,sv,B,44,2,{C And } that does take some time.  /,And/CC  [ that/DT ] does/VBZ take/VB  [ some/DT time/NN ] ./.,(S (CC And) (NP-SBJ (DT that)) (VP (VBZ does) (VP (VB take) (NP (DT some) (NN time)))) (. .) (-DFL- E_S)),120,166.2,167.45999999999998
sw05utt/sw_0583_2053.utt,2/sw2053,2053,82,sd,B,44,3,"{C And } if we're trying to get acclimated [ with the, +  {F uh, } with ]  having a baby,  /","And/CC if/IN  [ we/PRP ] 're/VBP trying/VBG to/TO get/VB acclimated/JJ with/IN  [ the/DT ] ,/,  [ uh/UH ] ,/, with/IN having/VBG  [ a/DT baby/NN ] ,/,","(SBAR-ADV (CC And) (IN if) (S (NP-SBJ-1 (PRP we)) (VP (VBP 're) (VP (VBG trying) (S (NP-SBJ (-NONE- *-1)) (VP (TO to) (VP (VB get) (ADJP-PRD (JJ acclimated) (EDITED (RM (-DFL- \[)) (PP (IN with) (NP-UNF (DT the))) (, ,) (IP (-DFL- \+))) (INTJ (UH uh)) (, ,) (PP (IN with) (RS (-DFL- \])) (S-NOM (NP-SBJ (-NONE- *)) (VP (VBG having) (NP (DT a) (NN baby)))))))))))) (, ,) (-DFL- E_S))",121,167.9,170.84
sw05utt/sw_0583_2053.utt,2/sw2053,2053,83,%,B,44,4,{C and }  ((   )) . -/,and/CC  [ MUMBLEx/XX ] ./.,(S-UNF (CC and) (X (XX MUMBLEx)) (. .) (-DFL- N_S)),122,170.84,170.94
sw05utt/sw_0583_2053.utt,2/sw2053,2053,84,b,A,45,1,Yeah.  /,Yeah/UH ./.,(INTJ (UH Yeah) (. .) (-DFL- E_S)),94,171.05,171.45000000000002
sw05utt/sw_0583_2053.utt,2/sw2053,2053,85,qw,A,45,2,How old? /,How/WRB old/JJ ?/.,(WHADJP (WRB How) (JJ old) (. ?) (-DFL- E_S)),125,171.59,172.19
sw05utt/sw_0583_2053.utt,2/sw2053,2053,86,sd,B,46,1,He's seven months old. /,[ He/PRP ] [ 's/BES seven/CD months/NNS ] old/JJ ./.,(S (NP-SBJ (PRP He)) (VP (BES 's) (ADJP-PRD (NP (CD seven) (NNS months)) (JJ old))) (. .) (-DFL- E_S)),127,173.06,174.16000000000003
sw05utt/sw_0583_2053.utt,2/sw2053,2053,87,b,A,47,1,"{F Oh, } yeah. /","Oh/UH ,/, yeah/UH ./.","(INTJ (INTJ (UH Oh)) (, ,) (INTJ (UH yeah)) (. .) (-DFL- E_S))",129,175.47,175.95000000000002
sw05utt/sw_0583_2053.utt,2/sw2053,2053,88,sd,B,48,1,"{C And } just into everything,  /","And/CC just/RB into/IN  [ everything/NN ] ,/,","(FRAG (CC And) (ADVP (RB just)) (PP (IN into) (NP (NN everything))) (, ,) (-DFL- E_S))",131,175.84,177.36
sw05utt/sw_0583_2053.utt,2/sw2053,2053,89,sd,B,48,2,{C so } there's not a spare moment. /,so/RB  [ there/EX ] 's/BES not/RB  [ a/DT spare/JJ moment/NN ] ./.,(S (RB so) (NP-SBJ (EX there)) (VP (BES 's) (RB not) (NP-PRD (DT a) (JJ spare) (NN moment))) (. .) (-DFL- E_S)),132,177.36,179.06
sw05utt/sw_0583_2053.utt,2/sw2053.pos,2053,90,x,A,49,1,<Laughter>.,./.,,,0.0,0.0
sw05utt/sw_0583_2053.utt,2/sw2053,2053,91,sd,B,50,1,"{F Oh, } {C but } I wouldn't trade it for the world.  /","Oh/UH ,/, but/CC  [ I/PRP ] would/MD n't/RB trade/VB  [ it/PRP ] for/IN  [ the/DT world/NN ] ./.","(S (INTJ (UH Oh)) (, ,) (CC but) (NP-SBJ (PRP I)) (VP (MD would) (RB n't) (VP (VB trade) (NP (PRP it)) (PP (IN for) (NP (DT the) (NN world))))) (. .) (-DFL- E_S))",135,181.66,183.56
sw05utt/sw_0583_2053.utt,2/sw2053,2053,92,sd,B,50,2,I've been trying to do some bibs for him.,[ I/PRP ] 've/VBP been/VBN trying/VBG to/TO do/VB  [ some/DT bibs/NNS ] for/IN  [ him/PRP ] ./.,"(S (NP-SBJ-1 (PRP I)) (VP (VBP 've) (VP (VBN been) (VP (VBG trying) (S (NP-SBJ (-NONE- *-1)) (VP (TO to) (VP (VP (VB do) (NP (DT some) (NNS bibs)) (PP (IN for) (NP (PRP him)))) (. .) (CC And) (, ,) (INTJ (UH uh)) (, ,) (VP (VB work) (PP (IN on) (NP (PRP$ his) (NNP Christmas) (NN stocking)))))))))) (. .) (-DFL- E_S))",136,183.56,185.23999999999998
sw05utt/sw_0583_2053.utt,2/sw2053,2053,93,b,A,51,1,"{F Oh, } yeah. /","Oh/UH ,/, yeah/UH ./.","(INTJ (INTJ (UH Oh)) (, ,) (INTJ (UH yeah)) (. .) (-DFL- E_S))",129,185.85,186.60999999999999
sw05utt/sw_0583_2053.utt,2/sw2053,2053,94,+,B,52,1,"And, {F uh, } work on his Christmas stocking. /","And/CC ,/,  [ uh/UH ] ,/,  [ work/VB ] on/IN  [ his/PRP$ Christmas/NNP stocking/NN ] ./.","(S (NP-SBJ-1 (PRP I)) (VP (VBP 've) (VP (VBN been) (VP (VBG trying) (S (NP-SBJ (-NONE- *-1)) (VP (TO to) (VP (VP (VB do) (NP (DT some) (NNS bibs)) (PP (IN for) (NP (PRP him)))) (. .) (CC And) (, ,) (INTJ (UH uh)) (, ,) (VP (VB work) (PP (IN on) (NP (PRP$ his) (NNP Christmas) (NN stocking)))))))))) (. .) (-DFL- E_S))",136,186.94,190.01999999999998
sw05utt/sw_0583_2053.utt,2/sw2053,2053,95,b,A,53,1,Yeah. /,Yeah/UH ./.,(INTJ (UH Yeah) (. .) (-DFL- E_S)),110,190.51,190.87
sw05utt/sw_0583_2053.utt,2/sw2053,2053,96,sd,B,54,1,"We missed it last year,  /","[ We/PRP ] missed/VBD  [ it/PRP last/JJ year/NN ] ,/,","(S (NP-SBJ (PRP We)) (VP (VBD missed) (NP (PRP it)) (NP-TMP (JJ last) (NN year))) (, ,) (-DFL- E_S))",143,191.1,192.52
sw05utt/sw_0583_2053.utt,2/sw2053,2053,97,sd,B,54,2,{C so } hopefully this year he'll have one. /,so/RB hopefully/RB  [ this/DT year/NN ] [ he/PRP ] 'll/MD have/VB  [ one/NN ] ./.,(S (RB so) (ADVP (RB hopefully)) (NP-TMP (DT this) (NN year)) (NP-SBJ (PRP he)) (VP (MD 'll) (VP (VB have) (NP (NN one)))) (. .) (-DFL- E_S)),144,192.52,194.14000000000001
sw05utt/sw_0583_2053.utt,2/sw2053,2053,98,b,A,55,1,Yeah.  /,Yeah/UH ./.,(INTJ (UH Yeah) (. .) (-DFL- E_S)),124,194.31,194.77
sw05utt/sw_0583_2053.utt,2/sw2053,2053,99,sv,A,55,2,"{D Well, } last year he was  a little bit young for having one. /","Well/UH ,/,  [ last/JJ year/NN ] [ he/PRP ] was/VBD  [ a/DT little/JJ bit/NN ] young/JJ for/IN having/VBG  [ one/NN ] ./.","(S (INTJ (UH Well)) (, ,) (NP-TMP (JJ last) (NN year)) (NP-SBJ-1 (PRP he)) (VP (VBD was) (ADJP-PRD (NP-ADV (DT a) (JJ little) (NN bit)) (JJ young) (PP (IN for) (S-NOM (NP-SBJ (-NONE- *-1)) (VP (VBG having) (NP (NN one))))))) (. .) (-DFL- E_S))",147,194.95,197.69
sw05utt/sw_0583_2053.utt,2/sw2053,2053,100,aa,B,56,1,Right. /,[ Right/UH ] ./.,(INTJ (UH Right) (. .) (-DFL- E_S)),149,197.58,198.08
sw05utt/sw_0583_2053.utt,2/sw2053,2053,101,sv,A,57,1,He wouldn't have enjoyed it anyway <laughter>. /,[ He/PRP ] would/MD n't/RB have/VB enjoyed/VBN  [ it/PRP ] anyway/RB ./.,(S (NP-SBJ (PRP He)) (VP (MD would) (RB n't) (VP (VB have) (VP (VBN enjoyed) (NP (PRP it)) (ADVP (RB anyway))))) (. .) (-DFL- E_S)),151,198.19,201.15
sw05utt/sw_0583_2053.utt,2/sw2053,2053,102,x,B,58,1,<Laughter>.   ((   )) .,./.  [ MUMBLEx/XX ] ./.,(S (NP-SBJ (PRP He)) (VP (MD would) (RB n't) (VP (VB have) (VP (VBN enjoyed) (NP (PRP it)) (ADVP (RB anyway))))) (. .) (-DFL- E_S))|||(X (XX MUMBLEx) (. .)),151|||153,0.0,0.0
sw05utt/sw_0583_2053.utt,2/sw2053,2053,103,sv,A,59,1,You would have  /,[ You/PRP ] would/MD have/VB,(S (NP-SBJ (PRP You)) (VP (MD would) (VP (VB have))) (-DFL- E_S)),155,201.61,202.19
sw05utt/sw_0583_2053.utt,2/sw2053,2053,104,%,A,59,2,"{C but, } -/","but/CC ,/,","(S-UNF (CC but) (, ,) (-DFL- N_S))",156,202.31,202.49
sw05utt/sw_0583_2053.utt,2/sw2053,2053,105,aa,B,60,1,Right.  /,[ Right/JJ ] ./.,(INTJ (UH Right) (. .) (-DFL- E_S)),149,202.56,202.92000000000002
sw05utt/sw_0583_2053.utt,2/sw2053,2053,106,sd,B,60,2,"If it tasted good, yeah.  /","If/IN  [ it/PRP ] tasted/VBD  [ good/JJ ] ,/, yeah/UH ./.","(FRAG (SBAR-ADV (IN If) (S (NP-SBJ (PRP it)) (VP (VBD tasted) (ADJP-PRD (JJ good))))) (, ,) (INTJ (UH yeah)) (. .) (-DFL- E_S))",159,203.24,204.26000000000002
sw05utt/sw_0583_2053.utt,2/sw2053,2053,107,sd,B,60,3,"All he liked was the lights this year,  /","[ All/DT he/PRP ] liked/VBD was/VBD  [ the/DT lights/NNS ] [ this/DT year/NN ] ,/,","(S (NP-SBJ (NP (DT All)) (SBAR (WHNP-1 (-NONE- 0)) (S (NP-SBJ (PRP he)) (VP (VBD liked) (NP (-NONE- *T*-1)))))) (VP (VBD was) (NP-PRD (DT the) (NNS lights)) (NP-TMP (DT this) (NN year))) (, ,) (-DFL- E_S))",160,206.66,208.16
sw05utt/sw_0583_2053.utt,2/sw2053,2053,108,%,B,60,4,{C so. } -/,so/RB ./.,(S-UNF (RB so) (. .) (-DFL- N_S)),161,208.2,208.44
sw05utt/sw_0583_2053.utt,2/sw2053,2053,109,b,A,61,1,"{F Oh, } yeah. /","Oh/UH ,/, yeah/UH ./.","(INTJ (INTJ (UH Oh)) (, ,) (INTJ (UH yeah)) (. .) (-DFL- E_S))",138,208.55,209.15
sw05utt/sw_0583_2053.utt,2/sw2053,2053,110,ba,B,62,1,"{F Oh, } {D well, } that's neat that  you like cross-stitching also. /","Oh/UH ,/, well/UH ,/,  [ that/DT ] 's/BES neat/JJ that/IN  [ you/PRP ] like/VBP  [ cross-stitching/NN ] also/RB ./.","(S (INTJ (UH Oh)) (, ,) (INTJ (UH well)) (, ,) (NP-SBJ (DT that)) (VP (BES 's) (ADJP-PRD (JJ neat)) (SBAR-TPC (IN that) (S (NP-SBJ-1 (PRP you)) (VP (VBP like) (S (NP-SBJ (-NONE- *-1)) (VP (NN cross-stitching))) (ADVP (RB also)))))) (. .) (-DFL- E_S))",165,210.28,212.64
sw05utt/sw_0583_2053.utt,2/sw2053,2053,111,aa,A,63,1,"Yeah,  /","Yeah/UH ,/,","(INTJ (UH Yeah) (, ,) (-DFL- E_S))",167,213.15,213.37
sw05utt/sw_0583_2053.utt,2/sw2053,2053,112,sv,A,63,2,"[ that's, +  that's ]  kind of strange <laughter> that we got the same call. /","[ that/DT ] 's/BES ,/,  [ that/DT ] 's/BES  [ kind/RB ] of/RB  [ strange/JJ ] that/IN  [ we/PRP ] got/VBD  [ the/DT same/JJ call/NN ] ./.","(S (EDITED (RM (-DFL- \[)) (S (NP-SBJ (DT that)) (VP-UNF (BES 's))) (, ,) (IP (-DFL- \+))) (NP-SBJ (DT that)) (VP (BES 's) (RS (-DFL- \])) (ADJP-PRD (ADVP (RB kind) (RB of)) (JJ strange)) (SBAR-TPC (IN that) (S (NP-SBJ (PRP we)) (VP (VBD got) (NP (DT the) (JJ same) (NN call)))))) (. .) (-DFL- E_S))",168,213.53,217.41
sw05utt/sw_0583_2053.utt,2/sw2053,2053,113,b,B,64,1,Yeah. /,Yeah/UH ./.,(INTJ (UH Yeah) (. .) (-DFL- E_S)),141,217.94,218.26
sw05utt/sw_0583_2053.utt,2/sw2053,2053,114,sv,A,65,1,It's a  ((   ))  call. /,[ It/PRP ] 's/BES  [ a/DT MUMBLEx/XX call/NN ] ./.,(S (NP-SBJ (PRP It)) (VP (BES 's) (NP-PRD (DT a) (XX MUMBLEx) (NN call))) (. .) (-DFL- E_S)),172,218.37,218.80999999999997
sw05utt/sw_0583_2053.utt,2/sw2053,2053,115,fa,B,66,1,"{F Oh, } I'm sorry.  /","Oh/UH ,/,  [ I/PRP ] 'm/VBP sorry/JJ ./.","(S (INTJ (UH Oh)) (, ,) (NP-SBJ (PRP I)) (VP (VBP 'm) (ADJP-PRD (JJ sorry))) (. .) (-DFL- E_S))",174,218.84,220.54000000000002
sw05utt/sw_0583_2053.utt,2/sw2053,2053,116,ad,B,66,2,Go ahead. /,Go/VB ahead/RB ./.,(S-IMP (NP-SBJ (-NONE- *)) (VP (VB Go) (ADVP (RB ahead))) (. .) (-DFL- E_S)),175,220.54,220.95999999999998
sw05utt/sw_0583_2053.utt,2/sw2053,2053,117,ar,A,67,1,"No,  /","No/UH ,/,","(INTJ (UH No) (, ,) (-DFL- E_S))",177,221.19,221.41
sw05utt/sw_0583_2053.utt,2/sw2053,2053,118,bd,A,67,2,that's okay. /,[ that/DT ] 's/BES okay/JJ ./.,(S (NP-SBJ (DT that)) (VP (BES 's) (ADJP-PRD (JJ okay))) (. .) (-DFL- E_S)),178,221.41,222.73
sw05utt/sw_0583_2053.utt,2/sw2053,2053,119,aa,B,68,1,"Okay <laughter>, {F uh, }  /","Okay/UH ,/,  [ uh/UH ] ,/,","(INTJ (INTJ (UH Okay)) (, ,) (INTJ (UH uh)) (, ,) (-DFL- E_S))",180,222.74,224.07999999999998
sw05utt/sw_0583_2053.utt,2/sw2053,2053,120,%,B,68,2,"{C but, }   yeah,  /","but/CC ,/, yeah/UH ,/,","(FRAG (CC but) (, ,) (INTJ (UH yeah)) (, ,) (-DFL- E_S))",181,224.6,225.04000000000002
sw05utt/sw_0583_2053.utt,2/sw2053,2053,121,sd,B,68,3,I've been doing it for probably ten years or so. /,[ I/PRP ] 've/VBP been/VBN doing/VBG  [ it/PRP ] for/IN probably/RB  [ ten/CD years/NNS ] or/CC so/RB ./.,(S (NP-SBJ (PRP I)) (VP (VBP 've) (VP (VBN been) (VP (VBG doing) (NP (PRP it)) (PP-TMP (IN for) (NP (QP (RB probably) (CD ten)) (NNS years) (QP (CC or) (RB so))))))) (. .) (-DFL- E_S)),182,225.04,227.66
sw05utt/sw_0583_2053.utt,2/sw2053,2053,122,ba,A,69,1,"{F Oh, } wow.  /","Oh/UH ,/, wow/UH ./.","(INTJ (INTJ (UH Oh)) (, ,) (INTJ (UH wow)) (. .) (-DFL- E_S))",184,227.77,228.07
sw05utt/sw_0583_2053.utt,2/sw2053,2053,123,%,A,69,2,"No,  /","No/UH ,/,","(INTJ (UH No) (, ,) (-DFL- E_S))",177,228.07,228.29
sw05utt/sw_0583_2053.utt,2/sw2053,2053,124,sd,A,69,3,"I just started about, {D well, } five years ago, I think. /","[ I/PRP ] just/RB started/VBD about/RB ,/, well/UH ,/,  [ five/CD years/NNS ] ago/RB ,/,  [ I/PRP ] think/VBP ./.","(S (S-TPC-1 (NP-SBJ (PRP I)) (ADVP (RB just)) (VP (VBD started) (ADVP-TMP (NP (QP (RB about) (, ,) (INTJ (UH well)) (, ,) (CD five)) (NNS years)) (RB ago)))) (, ,) (NP-SBJ (PRP I)) (VP (VBP think) (SBAR (-NONE- 0) (S (-NONE- *T*-1)))) (. .) (-DFL- E_S))",186,228.75,234.86999999999998
sw05utt/sw_0583_2053.utt,2/sw2053,2053,125,sv,B,70,1,"{C But } it is peaceful,  /","But/CC  [ it/PRP ] is/VBZ peaceful/JJ ,/,","(S (CC But) (NP-SBJ (PRP it)) (VP (VBZ is) (ADJP-PRD (JJ peaceful))) (, ,) (-DFL- E_S))",188,234.76,235.48
sw05utt/sw_0583_2053.utt,2/sw2053,2053,126,sv,B,70,2,"{E I mean } it is relaxing to do, once you find the time to do it. /","[ I/PRP ] mean/VBP  [ it/PRP ] is/VBZ relaxing/VBG to/TO do/VB ,/, once/IN  [ you/PRP ] find/VBP  [ the/DT time/NN ] to/TO do/VB  [ it/PRP ] ./.","(S (PRN (S (NP-SBJ (PRP I)) (VP (VBP mean)))) (NP-SBJ (PRP it)) (VP (VBZ is) (ADJP-PRD (VBG relaxing) (SBAR (WHNP-2 (-NONE- 0)) (S (NP-SBJ (-NONE- *)) (VP (TO to) (VP (VB do) (NP (-NONE- *T*-2)))))) (, ,) (SBAR-TMP (IN once) (S (NP-SBJ (PRP you)) (VP (VBP find) (NP (NP (DT the) (NN time)) (SBAR (WHADVP-1 (-NONE- 0)) (S (NP-SBJ (-NONE- *)) (VP (TO to) (VP (VB do) (NP (PRP it)) (ADVP-TMP (-NONE- *T*-1)))))))))))) (. .) (-DFL- E_S))",189,235.64,244.20000000000002
sw05utt/sw_0583_2053.utt,2/sw2053,2053,127,b,A,71,1,Uh-huh <throat_clearing>.  /,[ Uh-huh/UH ] ./.,(INTJ (UH Uh-huh) (. .) (-DFL- E_S)),191,244.41,244.75
sw05utt/sw_0583_2053.utt,2/sw2053,2053,128,sd,A,71,2,"There's also a couple of large projects, baby afghans,  /","[ There/EX ] 's/BES also/RB  [ a/DT couple/NN ] of/IN  [ large/JJ projects/NNS ] ,/,  [ baby/NN afghans/NNS ] ,/,","(S (NP-SBJ (EX There)) (VP (BES 's) (ADVP (RB also)) (NP-PRD (NP (DT a) (NN couple)) (PP (IN of) (NP (NP (JJ large) (NNS projects)) (, ,) (NP (NN baby) (NNS afghans)))))) (, ,) (-DFL- E_S))",192,244.87,247.79
sw05utt/sw_0583_2053.utt,2/sw2053,2053,129,sd,A,71,3,{C and } I got one done  /,and/CC  [ I/PRP ] got/VBD  [ one/CD ] done/VBN,(S (CC and) (NP-SBJ (PRP I)) (VP (VBD got) (S (NP-SBJ (CD one)) (VP (VBN done) (NP (-NONE- *))))) (-DFL- E_S)),193,247.79,248.92999999999998
sw05utt/sw_0583_2053.utt,2/sw2053,2053,130,sd,A,71,4,{C and } I think [ the other one is going. +  The child is going ] to be in high school before I get finished. /,and/CC  [ I/PRP ] think/VBP  [ the/DT other/JJ one/CD ] is/VBZ going/VBG ./.  [ The/DT child/NN ] is/VBZ going/VBG to/TO be/VB in/IN  [ high/JJ school/NN ] before/IN  [ I/PRP ] get/VBP finished/VBN ./.,(S (CC and) (NP-SBJ (PRP I)) (VP (VBP think) (SBAR (-NONE- 0) (S (EDITED (RM (-DFL- \[)) (S (NP-SBJ (DT the) (JJ other) (CD one)) (VP (VBZ is) (VP-UNF (VBG going)))) (. .) (IP (-DFL- \+))) (NP-SBJ-1 (DT The) (NN child)) (VP (VBZ is) (VP (VBG going) (RS (-DFL- \])) (S (NP-SBJ (-NONE- *-1)) (VP (TO to) (VP (VB be) (PP-PRD (IN in) (NP (JJ high) (NN school))) (SBAR-PRP (IN before) (S (NP-SBJ (PRP I)) (VP (VBP get) (VP (VBN finished))))))))))))) (. .) (-DFL- E_S)),194,249.13,254.83
sw05utt/sw_0583_2053.utt,2/sw2053,2053,131,%,B,72,1,"<Laughter> On that, {F uh } -- -/","On/IN  [ that/DT ] ,/,  [ uh/UH ] --/:","(PP (IN On) (NP-UNF (DT that) (, ,) (INTJ (UH uh))) (-DFL- N_S))",196,255.1,255.96
sw05utt/sw_0583_2053.utt,2/sw2053,2053,132,%,A,73,1,(( Bear thing )) . /,Bear/NN  [ thing/NN ] ./.,(NP (NN Bear) (NN thing) (. .) (-DFL- E_S)),198,256.07,257.01000000000005
sw05utt/sw_0583_2053.utt,2/sw2053,2053,133,qy,B,74,1,"-- is it one of those afghans that  I've seen in the packages [ with the, +  with the ] large squares? /","--/: is/VBZ  [ it/PRP ] [ one/CD ] of/IN  [ those/DT afghans/NNS ] that/WDT  [ I/PRP ] 've/VBP seen/VBN in/IN  [ the/DT packages/NNS ] with/IN  [ the/DT ] ,/, with/IN  [ the/DT large/JJ squares/NNS ] ?/.","(SQ (VBZ is) (NP-SBJ (PRP it)) (NP-PRD (NP (CD one)) (PP (IN of) (NP (DT those) (NNS afghans))) (SBAR (WHNP-1 (WDT that)) (S (NP-SBJ (PRP I)) (VP (VBP 've) (VP (VBN seen) (NP (-NONE- *T*-1)) (PP (IN in) (NP (DT the) (NNS packages))))))) (EDITED (RM (-DFL- \[)) (PP (IN with) (NP-UNF (DT the))) (, ,) (IP (-DFL- \+))) (PP (IN with) (NP (DT the) (RS (-DFL- \])) (JJ large) (NNS squares)))) (. ?) (-DFL- E_S))",200,256.9,261.76000000000005
sw05utt/sw_0583_2053.utt,2/sw2053,2053,134,ny,A,75,1,"{D Well, } yeah  /","Well/UH ,/, yeah/UH","(INTJ (INTJ (UH Well)) (, ,) (INTJ (UH yeah)) (-DFL- E_S))",202,262.07,262.51000000000005
sw05utt/sw_0583_2053.utt,2/sw2053,2053,135,sd^e,A,75,2,"[ I just, +  I ]  bought the cloth and the pattern for it.  /","[ I/PRP ] just/RB ,/,  [ I/PRP ] bought/VBD  [ the/DT cloth/NN ] and/CC  [ the/DT pattern/NN ] for/IN  [ it/PRP ] ./.","(S (EDITED (RM (-DFL- \[)) (S-UNF (NP-SBJ (PRP I)) (ADVP (RB just))) (, ,) (IP (-DFL- \+))) (NP-SBJ (PRP I)) (RS (-DFL- \])) (VP (VBD bought) (NP (NP (DT the) (NN cloth)) (CC and) (NP (DT the) (NN pattern))) (PP (IN for) (NP (PRP it)))) (. .) (-DFL- E_S))",203,262.51,265.89
sw05utt/sw_0583_2053.utt,2/sw2053,2053,136,sd,A,75,3,"[ [ I didn't, +  {F um, } I didn't buy the, ] +  {F uh, } I didn't buy a ] kit. /","[ I/PRP ] did/VBD n't/RB ,/, um/UH ,/,  [ I/PRP ] did/VBD n't/RB buy/VB  [ the/DT ] ,/,  [ uh/UH ] ,/,  [ I/PRP ] did/VBD n't/RB buy/VB  [ a/DT kit/NN ] ./.","(S (EDITED (RM (-DFL- \[)) (EDITED (RM (-DFL- \[)) (S (NP-SBJ (PRP I)) (VP-UNF (VBD did) (RB n't))) (, ,) (IP (-DFL- \+))) (S (INTJ (UH um)) (, ,) (NP-SBJ (PRP I)) (VP (VBD did) (RB n't) (VP (VB buy) (NP-UNF (DT the))))) (, ,) (RS (-DFL- \])) (IP (-DFL- \+))) (INTJ (UH uh)) (, ,) (NP-SBJ (PRP I)) (VP (VBD did) (RB n't) (VP (VB buy) (NP (DT a) (RS (-DFL- \])) (NN kit)))) (. .) (-DFL- E_S))",204,266.45,269.57
sw05utt/sw_0583_2053.utt,2/sw2053,2053,137,b,B,76,1,"{F Oh, } uh-huh.  /","Oh/UH ,/,  [ uh-huh/UH ] ./.","(INTJ (INTJ (UH Oh)) (, ,) (INTJ (UH uh-huh)) (. .) (-DFL- E_S))",206,269.86,270.38
sw05utt/sw_0583_2053.utt,2/sw2053,2053,138,sd,B,76,2,{D Well } I've seen the afghans in the stores that are designed for cross-stitching. /,Well/UH  [ I/PRP ] 've/VBP seen/VBN  [ the/DT afghans/NNS ] in/IN  [ the/DT stores/NNS ] [ that/WDT ] are/VBP designed/VBN for/IN  [ cross-stitching/NN ] ./.,(S (INTJ (UH Well)) (NP-SBJ (PRP I)) (VP (VBP 've) (VP (VBN seen) (NP (NP (DT the) (NNS afghans)) (SBAR (-NONE- *ICH*-1))) (PP-LOC (IN in) (NP (DT the) (NNS stores))) (SBAR-1 (WHNP-2 (WDT that)) (S (NP-SBJ-3 (-NONE- *T*-2)) (VP (VBP are) (VP (VBN designed) (NP (-NONE- *-3)) (PP-PRP (IN for) (NP (NN cross-stitching))))))))) (. .) (-DFL- E_S)),207,271.08,277.52000000000004
sw05utt/sw_0583_2053.utt,2/sw2053,2053,139,b,A,77,1,Uh-huh.  /,[ Uh-huh/UH ] ./.,(INTJ (UH Uh-huh) (. .) (-DFL- E_S)),191,277.63,278.01
sw05utt/sw_0583_2053.utt,2/sw2053,2053,140,sd,A,77,2,It's that cloth. /,[ It/PRP ] [ 's/BES ] [ that/DT cloth/NN ] ./.,(S (NP-SBJ (PRP It)) (VP (BES 's) (NP-PRD (DT that) (NN cloth))) (. .) (-DFL- E_S)),210,278.41,279.39000000000004
sw05utt/sw_0583_2053.utt,2/sw2053,2053,141,bk,B,78,1,"{F Oh, } okay. /","Oh/UH ,/, okay/UH ./.","(INTJ (INTJ (UH Oh)) (, ,) (INTJ (UH okay)) (. .) (-DFL- E_S))",212,279.51,280.16999999999996
sw05utt/sw_0583_2053.utt,2/sw2053,2053,142,sd,A,79,1,"It's [ an-, + ] cloth I think. /","[ It/PRP ] 's/BES an-/XX ,/,  [ cloth/NN ] [ I/PRP ] think/VBP ./.","(S (S-TPC-1 (NP-SBJ (PRP It)) (VP (BES 's) (EDITED (RM (-DFL- \[)) (NP-PRD-UNF (XX an-)) (, ,) (IP (-DFL- \+)) (RS (-DFL- \]))) (NP-PRD (NN cloth)))) (NP-SBJ (PRP I)) (VP (VBP think) (SBAR (-NONE- 0) (S (-NONE- *T*-1)))) (. .) (-DFL- E_S))",214,280.29,281.29
sw05utt/sw_0583_2053.utt,2/sw2053,2053,143,b,B,80,1,Uh-huh. /,[ Uh-huh/UH ] ./.,(INTJ (UH Uh-huh) (. .) (-DFL- E_S)),191,281.39,281.59
sw05utt/sw_0583_2053.utt,2/sw2053,2053,144,sd,A,81,1,{C And } it has the borders and everything already. /,And/CC  [ it/PRP ] has/VBZ  [ the/DT borders/NNS ] and/CC  [ everything/NN ] already/RB ./.,(S (CC And) (NP-SBJ (PRP it)) (VP (VBZ has) (NP (NP (DT the) (NNS borders)) (CC and) (NP (NN everything))) (ADVP-TMP (RB already))) (. .) (-DFL- E_S)),218,281.71,283.97
sw05utt/sw_0583_2053.utt,2/sw2053,2053,145,b,B,82,1,Yeah.  /,Yeah/UH ./.,(INTJ (UH Yeah) (. .) (-DFL- E_S)),220,284.15,284.46999999999997
sw05utt/sw_0583_2053.utt,2/sw2053,2053,146,ba,B,82,2,Those are pretty. /,[ Those/DT ] are/VBP pretty/JJ ./.,(S (NP-SBJ (DT Those)) (VP (VBP are) (ADJP-PRD (JJ pretty))) (. .) (-DFL- E_S)),221,285.45,286.01
sw05utt/sw_0583_2053.utt,2/sw2053,2053,147,sd,A,83,1,"Number one turned out just great,  /","[ Number/NN one/CD ] turned/VBD out/RP just/RB great/JJ ,/,","(S (NP-SBJ (NN Number) (CD one)) (VP (VBD turned) (PRT (RP out)) (ADJP-PRD (RB just) (JJ great))) (, ,) (-DFL- E_S))",223,288.63,290.01
sw05utt/sw_0583_2053.utt,2/sw2053,2053,148,sd,A,83,2,"{C and } the lady said she couldn't believe that they know that I had done it in the colors,  that they had decorated the nursery  /","and/CC  [ the/DT lady/NN ] said/VBD  [ she/PRP ] could/MD n't/RB believe/VB that/IN  [ they/PRP ] know/VBP that/IN  [ I/PRP ] had/VBD done/VBN  [ it/PRP ] in/IN  [ the/DT colors/NNS ] ,/, that/WDT  [ they/PRP ] had/VBD decorated/VBN  [ the/DT nursery/NN ]","(S (CC and) (NP-SBJ (DT the) (NN lady)) (VP (VBD said) (SBAR (-NONE- 0) (S (NP-SBJ (PRP she)) (VP (MD could) (RB n't) (VP (VB believe) (SBAR (IN that) (S (NP-SBJ (PRP they)) (VP (VBP know) (SBAR (IN that) (S (NP-SBJ (PRP I)) (VP (VBD had) (VP (VBN done) (NP (PRP it)) (PP (IN in) (NP (NP (DT the) (NNS colors)) (, ,) (SBAR (WHADVP-1 (WDT that)) (S (NP-SBJ (PRP they)) (VP (VBD had) (VP (VBN decorated) (NP (DT the) (NN nursery)) (ADVP (-NONE- *T*-1)))))))))))))))))))) (-DFL- E_S))",224,290.01,296.99
sw05utt/sw_0583_2053.utt,2/sw2053,2053,149,sd,A,83,3,{C and } I didn't even know it. /,and/CC  [ I/PRP ] did/VBD n't/RB even/RB know/VB  [ it/PRP ] ./.,(S (CC and) (NP-SBJ (PRP I)) (VP (VBD did) (RB n't) (ADVP (RB even)) (VP (VB know) (NP (PRP it)))) (. .) (-DFL- E_S)),225,296.99,297.93
sw05utt/sw_0583_2053.utt,2/sw2053,2053,150,ba,B,84,1,"{F Oh, } that's a  ((   )) . -/","Oh/UH ,/,  [ that/DT ] 's/BES  [ a/DT MUMBLEx/XX ] ./.","(S (INTJ (UH Oh)) (, ,) (NP-SBJ (DT that)) (VP (BES 's) (NP-PRD-UNF (DT a) (X (XX MUMBLEx)))) (. .) (-DFL- N_S))",227,298.03,298.65
sw05utt/sw_0583_2053.utt,2/sw2053,2053,151,sd,A,85,1,I gave it to her  /,[ I/PRP ] gave/VBD  [ it/PRP ] to/IN  [ her/PRP ],(S (NP-SBJ (PRP I)) (VP (VBD gave) (NP (PRP it)) (PP-DTV (IN to) (NP (PRP her)))) (-DFL- E_S)),229,298.77,299.23
sw05utt/sw_0583_2053.utt,2/sw2053,2053,152,sd(^q),A,85,2,{C and } she said how did you know those are the colors we used.  /,and/CC  [ she/PRP ] said/VBD how/WRB did/VBD  [ you/PRP ] know/VBP  [ those/DT ] are/VBP  [ the/DT colors/NNS we/PRP ] used/VBD ./.,(S (CC and) (NP-SBJ (PRP she)) (VP (VBD said) (SBARQ-SEZ (WHADVP-2 (WRB how)) (SQ (VBD did) (NP-SBJ (PRP you)) (VP (VBP know) (SBAR (-NONE- 0) (S (NP-SBJ (DT those)) (VP (VBP are) (NP-PRD (NP (DT the) (NNS colors)) (SBAR (WHNP-1 (-NONE- 0)) (S (NP-SBJ (PRP we)) (VP (VBD used) (NP (-NONE- *T*-1))))))))) (ADVP-MNR (-NONE- *T*-2)))))) (. .) (-DFL- E_S)),230,299.23,301.47
sw05utt/sw_0583_2053.utt,2/sw2053,2053,153,sd(^q),A,85,3,I said <<pause>> didn't <laughter>. /,[ I/PRP ] said/VBD did/VBD n't/RB ./.,(S (NP-SBJ (PRP I)) (VP (VBD said) (S-SEZ (NP-SBJ (-NONE- *)) (VP (VBD did) (RB n't)))) (. .) (-DFL- E_S)),231,301.47,303.01
sw05utt/sw_0583_2053.utt,2/sw2053,2053,154,ba,B,86,1,<Laughter> That was a good  ((   )) . -/,[ That/DT ] was/VBD  [ a/DT good/JJ MUMBLEx/XX ] ./.,(S (NP-SBJ (DT That)) (VP (VBD was) (NP-PRD-UNF (DT a) (JJ good))))|||(X (XX MUMBLEx) (. .) (-DFL- N_S)),233|||234,303.33,304.39
sw05utt/sw_0583_2053.utt,2/sw2053,2053,155,sd,A,87,1,It worked out that way. /,[ It/PRP ] worked/VBD out/RP  [ that/DT way/NN ] ./.,(S (NP-SBJ (PRP It)) (VP (VBD worked) (PRT (RP out)) (NP (DT that) (NN way))) (. .) (-DFL- E_S)),236,304.61,305.60999999999996
sw05utt/sw_0583_2053.utt,2/sw2053,2053,156,ba,B,88,1,That's great.  /,[ That/DT ] 's/BES great/JJ ./.,(S (NP-SBJ (DT That)) (VP (BES 's) (ADJP-PRD (JJ great))) (. .) (-DFL- E_S)),238,305.77,306.23
sw05utt/sw_0583_2053.utt,2/sw2053,2053,157,%,B,88,2,"{F Uh, } that, {F uh, } - /","[ Uh/UH ] ,/, that/DT ,/,  [ uh/UH ] ,/,","(S-UNF (INTJ (UH Uh)) (, ,) (NP-SBJ (DT that)) (, ,) (INTJ (UH uh)) (, ,) (-DFL- N_S))",239,306.23,307.47
sw05utt/sw_0583_2053.utt,2/sw2053,2053,158,sd,B,88,3,now I've got the material to do an afghan that I just never did get around to finishing it. /,now/RB  [ I/PRP ] 've/VBP got/VBN  [ the/DT material/NN ] to/TO do/VB  [ an/DT afghan/NN ] that/WDT  [ I/PRP ] just/RB never/RB did/VBD get/VB around/RP to/TO finishing/VBG  [ it/PRP ] ./.,(S (ADVP-TMP (RB now)) (NP-SBJ (PRP I)) (VP (VBP 've) (VP (VBN got) (NP (NP (DT the) (NN material)) (SBAR (WHADVP-3 (-NONE- 0)) (S (NP-SBJ (-NONE- *)) (VP (TO to) (VP (VB do) (NP (NP (DT an) (NN afghan)) (SBAR (WHADVP-2 (WDT that)) (S (NP-SBJ (PRP I)) (ADVP (RB just)) (ADVP-TMP (RB never)) (VP (VBD did) (VP (VB get) (PP (RP around) (PP (TO to) (S-NOM (NP-SBJ (-NONE- *)) (VP (VBG finishing) (NP (PRP it)))))) (ADVP (-NONE- *T*-2))))))) (ADVP (-NONE- *T*-3))))))))) (. .) (-DFL- E_S)),240,309.05,318.01
sw05utt/sw_0583_2053.utt,2/sw2053,2053,159,b,A,89,1,Uh-huh. /,[ Uh-huh/UH ] ./.,(INTJ (UH Uh-huh) (. .) (-DFL- E_S)),209,318.56,318.74
sw05utt/sw_0583_2053.utt,2/sw2053,2053,160,sd,B,90,1,I like those.  /,[ I/PRP ] like/VBP  [ those/DT ] ./.,(S (NP-SBJ (PRP I)) (VP (VBP like) (NP (DT those))) (. .) (-DFL- E_S)),244,320.11,320.73
sw05utt/sw_0583_2053.utt,2/sw2053,2053,161,sv,B,90,2,Those are pretty. /,[ Those/DT ] are/VBP pretty/JJ ./.,(S (NP-SBJ (DT Those)) (VP (VBP are) (ADJP-PRD (JJ pretty))) (. .) (-DFL- E_S)),221,320.73,321.21
sw05utt/sw_0583_2053.utt,2/sw2053,2053,162,b,A,91,1,Yeah.  /,Yeah/UH ./.,(INTJ (UH Yeah) (. .) (-DFL- E_S)),220,321.74,322.08
sw05utt/sw_0583_2053.utt,2/sw2053,2053,163,sd(^q),A,91,2,"(( [ Lilly, +  Lilly ] )) , [ she said, +   she said ] it's for your daughter to use.  /","[ Lilly/NNP ] ,/,  [ Lilly/NNP ] ,/,  [ she/PRP ] said/VBD ,/,  [ she/PRP ] said/VBD  [ it/PRP ] 's/BES for/IN  [ your/PRP$ daughter/NN ] to/TO use/VB ./.","(S (EDITED (RM (-DFL- \[)) (NP (NNP Lilly)) (, ,) (IP (-DFL- \+))) (NP-VOC (NNP Lilly)) (RS (-DFL- \])) (, ,) (EDITED (RM (-DFL- \[)) (S (NP-SBJ (PRP she)) (VP-UNF (VBD said))) (, ,) (IP (-DFL- \+))) (NP-SBJ (PRP she)) (VP (VBD said) (RS (-DFL- \])) (SBAR (-NONE- 0) (S (NP-SBJ (PRP it)) (VP (BES 's) (PP-PRD (IN for) (NP (NP (PRP$ your) (NN daughter)) (SBAR (WHNP-1 (-NONE- 0)) (S (NP-SBJ (-NONE- *)) (VP (TO to) (VP (VB use) (NP (-NONE- *T*-1)))))))))))) (. .) (-DFL- E_S))",248,323.38,328.0
sw05utt/sw_0583_2053.utt,2/sw2053,2053,164,ar,A,91,3,"{F Oh, } no.  /","Oh/UH ,/, no/UH ./.","(INTJ (INTJ (UH Oh)) (, ,) (INTJ (UH no)) (. .) (-DFL- E_S))",249,328.0,328.64000000000004
sw05utt/sw_0583_2053.utt,2/sw2053,2053,165,sd(^q),A,91,4,"She said, I know she doesn't get to touch it.  /","[ She/PRP ] said/VBD ,/,  [ I/PRP ] know/VBP  [ she/PRP ] does/VBZ n't/RB get/VB to/TO touch/VB  [ it/PRP ] ./.","(S (NP-SBJ (PRP She)) (VP (VBD said) (, ,) (SBAR (-NONE- 0) (S (NP-SBJ (PRP I)) (VP (VBP know) (SBAR (-NONE- 0) (S (NP-SBJ-1 (PRP she)) (VP (VBZ does) (RB n't) (VP (VB get) (S (NP-SBJ (-NONE- *-1)) (VP (TO to) (VP (VB touch) (NP (PRP it))))))))))))) (. .) (-DFL- E_S))",250,329.22,330.96000000000004
sw05utt/sw_0583_2053.utt,2/sw2053,2053,166,sd,A,91,5,She hung it on the wall. /,[ She/PRP ] hung/VBD  [ it/PRP ] on/IN  [ the/DT wall/NN ] ./.,(S (NP-SBJ (PRP She)) (VP (VBD hung) (NP (PRP it)) (PP-LOC (IN on) (NP (DT the) (NN wall)))) (. .) (-DFL- E_S)),251,331.08,332.21999999999997
sw05utt/sw_0583_2053.utt,2/sw2053,2053,167,b,B,92,1,"Yes,  /","Yes/UH ,/,","(INTJ (UH Yes) (, ,) (-DFL- E_S))",253,333.17,333.33000000000004
sw05utt/sw_0583_2053.utt,2/sw2053,2053,168,sd,B,92,2,"my, {F uh, } grandmother, {F um, }  made us a couple of quilts for the baby,  /","[ my/PRP$ ] ,/,  [ uh/UH ] ,/,  [ grandmother/NN ] ,/, um/UH ,/, made/VBD  [ us/PRP ] [ a/DT couple/NN ] of/IN  [ quilts/NNS ] for/IN  [ the/DT baby/NN ] ,/,","(S (NP-SBJ (PRP$ my) (, ,) (INTJ (UH uh)) (, ,) (NN grandmother)) (, ,) (INTJ (UH um)) (, ,) (VP (VBD made) (NP-BNF (PRP us)) (NP (NP (DT a) (NN couple)) (PP (IN of) (NP (NP (NNS quilts)) (PP (IN for) (NP (DT the) (NN baby))))))) (, ,) (-DFL- E_S))",254,333.43,337.69
sw05utt/sw_0583_2053.utt,2/sw2053,2053,169,sd(^q),B,92,3,"{C and } I was like, {F oh, } I don't want to mess those up. /","and/CC  [ I/PRP ] was/VBD like/IN ,/, oh/UH ,/,  [ I/PRP ] do/VBP n't/RB want/VB to/TO mess/VB  [ those/DT ] up/RP ./.","(S (CC and) (NP-SBJ (PRP I)) (VP (VBD was) (INTJ (IN like)) (, ,) (S-SEZ (INTJ (UH oh)) (, ,) (NP-SBJ-1 (PRP I)) (VP (VBP do) (RB n't) (VP (VB want) (S (NP-SBJ (-NONE- *-1)) (VP (TO to) (VP (VB mess) (NP (DT those)) (PRT (RP up))))))))) (. .) (-DFL- E_S))",255,337.69,339.73
sw05utt/sw_0583_2053.utt,2/sw2053,2053,170,b,A,93,1,Yeah <laughter>. /,Yeah/UH ./.,(INTJ (UH Yeah) (. .) (-DFL- E_S)),220,339.96,340.4
sw05utt/sw_0583_2053.utt,2/sw2053,2053,171,sv,B,94,1,"{F Uh, } they're   just too nice.  /","[ Uh/UH ] ,/,  [ they/PRP 're/VBP ]  just/RB too/RB nice/JJ ./.","(S (INTJ (UH Uh)) (, ,) (NP-SBJ (PRP they)) (VP (VBP 're) (ADVP (RB just)) (ADJP-PRD (RB too) (JJ nice))) (. .) (-DFL- E_S))",259,340.31,342.19
sw05utt/sw_0583_2053.utt,2/sw2053,2053,172,sv,B,94,2,{E I mean } you don't get many hand made    quilts anymore. /,[ I/PRP ] mean/VBP  [ you/PRP ] do/VBP n't/RB get/VB  [ many/JJ hand/NN ] made/VBN   [ quilts/NNS ] anymore/RB ./.,(S (PRN (S (NP-SBJ (PRP I)) (VP (VBP mean)))) (NP-SBJ (PRP you)) (VP (VBP do) (RB n't) (VP (VB get) (NP (JJ many) (ADJP (NN hand) (VBN made)) (NNS quilts)) (ADVP-TMP (RB anymore)))) (. .) (-DFL- E_S)),260,342.19,344.34999999999997
sw05utt/sw_0583_2053.utt,2/sw2053,2053,173,b,A,95,1,Yeah. /,Yeah/UH ./.,(INTJ (UH Yeah) (. .) (-DFL- E_S)),247,344.66,344.98
sw05utt/sw_0583_2053.utt,2/sw2053,2053,174,b,B,96,1,"{F Oh, } yeah. /","Oh/UH ,/, yeah/UH ./.","(INTJ (INTJ (UH Oh)) (, ,) (INTJ (UH yeah)) (. .) (-DFL- E_S))",264,344.87,346.47
sw05utt/sw_0583_2053.utt,2/sw2053,2053,175,aa,A,97,1,True. /,[ True/UH ] ./.,(INTJ (UH True) (. .) (-DFL- E_S)),266,347.12,347.48
sw05utt/sw_0583_2053.utt,2/sw2053,2053,176,fc,B,98,1,"{D Well, } I've enjoyed this. /","Well/UH ,/,  [ I/PRP ] 've/VBP enjoyed/VBN  [ this/DT ] ./.","(S (INTJ (UH Well)) (, ,) (NP-SBJ (PRP I)) (VP (VBP 've) (VP (VBN enjoyed) (NP (DT this)))) (. .) (-DFL- E_S))",268,348.17,349.29
sw05utt/sw_0583_2053.utt,2/sw2053,2053,177,fc,A,99,1,Okay. /,Okay/UH ./.,(INTJ (UH Okay) (. .) (-DFL- E_S)),270,349.4,349.91999999999996
sw05utt/sw_0583_2053.utt,2/sw2053,2053,178,fc,B,100,1,"{C But, } {F uh, }  {D well } keep up the good, {F um, }  /","But/CC ,/,  [ uh/UH ] ,/, well/UH keep/VB up/RP  [ the/DT good/JJ ] ,/, um/UH ,/,","(S-IMP (CC But) (, ,) (INTJ (UH uh)) (, ,) (INTJ (UH well)) (NP-SBJ (-NONE- *)) (VP (VB keep) (PRT (RP up)) (NP-UNF (DT the) (JJ good) (, ,) (INTJ (UH um)))) (, ,) (-DFL- E_S))",272,350.35,353.01
sw05utt/sw_0583_2053.utt,2/sw2053,2053,179,fc,B,100,2,keep up the cross-stitching. /,keep/VB up/RP  [ the/DT cross-stitching/NN ] ./.,(S-IMP (NP-SBJ (-NONE- *)) (VP (VB keep) (PRT (RP up)) (NP (DT the) (NN cross-stitching))) (. .) (-DFL- E_S)),273,353.01,354.10999999999996
sw05utt/sw_0583_2053.utt,2/sw2053,2053,180,fc,A,101,1,You too. /,[ You/PRP ] too/RB ./.,(FRAG (NP (PRP You)) (ADVP (RB too)) (. .) (-DFL- E_S)),275,354.22,354.62
sw05utt/sw_0583_2053.utt,2/sw2053,2053,181,fc,B,102,1,"All right,  /","[ All/DT right/NN ] ,/,","(INTJ (DT All) (NN right) (, ,) (-DFL- E_S))",277,354.51,354.83
sw05utt/sw_0583_2053.utt,2/sw2053,2053,182,fc,B,102,2,thanks. /,[ thanks/NNS ] ./.,(INTJ (NNS thanks) (. .) (-DFL- E_S)),278,354.83,355.09
sw05utt/sw_0583_2053.utt,2/sw2053,2053,183,fc,A,103,1,"# Uh-huh,  /","[ Uh-huh/UH ] ,/,","(INTJ (UH Uh-huh) (, ,) (-DFL- E_S))",280,0.0,0.0
sw05utt/sw_0583_2053.utt,2/sw2053,2053,184,fc,A,103,2,bye bye. # /,[ bye/UH bye/UH ]  ./.,(INTJ (INTJ (UH bye)) (INTJ (UH bye)) (. .) (-DFL- E_S)),281,355.2,356.21999999999997
sw05utt/sw_0583_2053.utt,2/sw2053,2053,185,fc,B,104,1,# Bye bye. # /,[ Bye/UH bye/UH ] ./.,(INTJ (INTJ (UH Bye)) (INTJ (UH bye)) (. .) (-DFL- E_S)),283,0.0,0.0
