swda_filename,ptb_basename,conversation_no,transcript_index,act_tag,caller,utterance_index,subutterance_index,text,pos,trees,ptb_treenumbers,start_ts,end_ts
sw08utt/sw_0852_2090.utt,2/sw2090,2090,0,o,A,1,1,"Okay,  /","Okay/UH ,/,",,,1.62,1.84
sw08utt/sw_0852_2090.utt,2/sw2090,2090,1,sd^c,A,1,2,I guess its recording.  /,I/PRP guess/VBP its/PRP$ recording/NN ./.,,,1.84,2.82
sw08utt/sw_0852_2090.utt,2/sw2090,2090,2,qw,A,1,3,"{F Um, } what kind of hobbies do you have?  /","Um/UH ,/, what/WDT kind/NN of/IN hobbies/NNS do/VBP you/PRP have/VB ?/.",,,3.14,5.6
sw08utt/sw_0852_2090.utt,2/sw2090,2090,3,qr,A,1,4,Do you sing or knit or anything? /,Do/VBP you/PRP sing/VB or/CC knit/VB or/CC anything/NN ?/.,,,5.6,7.5600000000000005
sw08utt/sw_0852_2090.utt,2/sw2090,2090,4,sd,B,2,1,"{D Well, } [ I, + {F um, } I ] do cross-stitch  /","Well/UH ,/, I/PRP ,/, um/UH ,/, I/PRP do/VBP cross-stitch/NN",,,7.75,9.41
sw08utt/sw_0852_2090.utt,2/sw2090,2090,5,sd,B,2,2,{C and } I enjoy reading and playing softball. /,and/CC I/PRP enjoy/VBP reading/VBG and/CC playing/VBG softball/NN ./.,,,9.41,12.37
sw08utt/sw_0852_2090.utt,2/sw2090,2090,6,bk,A,3,1,Okay.  /,Okay/UH ./.,,,12.72,13.100000000000001
sw08utt/sw_0852_2090.utt,2/sw2090,2090,7,sd,A,3,2,"[  I, + {F uh, } I ] started knitting awhile ago,  /","I/PRP ,/, uh/UH ,/, I/PRP started/VBD knitting/VBG awhile/RB ago/RB ,/,",,,13.44,15.2
sw08utt/sw_0852_2090.utt,2/sw2090,2090,8,%,A,3,3,I knitted - /,I/PRP knitted/VBD,,,15.2,15.66
sw08utt/sw_0852_2090.utt,2/sw2090,2090,9,sd,A,3,4,"I didn't [ know, + even know ] what the stitch is called.  /","I/PRP did/VBD n't/RB know/VB ,/, even/RB know/VB what/WP the/DT stitch/NN is/VBZ called/VBN ./.",,,15.82,17.619999999999997
sw08utt/sw_0852_2090.utt,2/sw2090,2090,10,sd,A,3,5,"I just had this, {F uh, } {F uh, } piece of yarn  /","I/PRP just/RB had/VBD this/DT ,/, uh/UH ,/, uh/UH ,/, piece/NN of/IN yarn/NN",,,17.62,21.720000000000002
sw08utt/sw_0852_2090.utt,2/sw2090,2090,11,sd,A,3,6,{C and } I wanted to start something  /,and/CC I/PRP wanted/VBD to/TO start/VB something/NN,,,21.72,23.0
sw08utt/sw_0852_2090.utt,2/sw2090,2090,12,sd,A,3,7,{C so } I remembered something I learned I think when I was five years old  /,so/RB I/PRP remembered/VBD something/NN I/PRP learned/VBD I/PRP think/VBP when/WRB I/PRP was/VBD five/CD years/NNS old/JJ,,,23.0,25.66
sw08utt/sw_0852_2090.utt,2/sw2090,2090,13,sd,A,3,8,"[ <laughter>. + ]  {C So } I kept doing that,  /","./. So/RB I/PRP kept/VBD doing/VBG that/DT ,/,",,,25.74,27.14
sw08utt/sw_0852_2090.utt,2/sw2090,2090,14,sd,A,3,9,{C and } now I have a little blanket  /,and/CC now/RB I/PRP have/VBP a/DT little/JJ blanket/NN,,,27.14,28.36
sw08utt/sw_0852_2090.utt,2/sw2090,2090,15,sd,A,3,10,{C but } that's all I've done. /,but/CC that/DT 's/BES all/DT I/PRP 've/VBP done/VBN ./.,,,28.36,29.26
sw08utt/sw_0852_2090.utt,2/sw2090,2090,16,b,B,4,1,"{F Oh, } really. /","Oh/UH ,/, really/UH ./.",,,29.64,29.86
sw08utt/sw_0852_2090.utt,2/sw2090,2090,17,b,A,5,1,{F Uh. } /,Uh/UH ./.,,,30.04,30.099999999999998
sw08utt/sw_0852_2090.utt,2/sw2090,2090,18,sd,B,6,1,"{D Well, } I know that I learned how to knit one time and, {F um, } made a few things  /","Well/UH ,/, I/PRP know/VBP that/IN I/PRP learned/VBD how/WRB to/TO knit/VB one/CD time/NN and/CC ,/, um/UH ,/, made/VBD a/DT few/JJ things/NNS",,,29.92,34.1
sw08utt/sw_0852_2090.utt,2/sw2090,2090,19,sd,B,6,2,{C but } I haven't done it in so long that I probably wouldn't remember how <laughter>. /,but/CC I/PRP have/VBP n't/RB done/VBN it/PRP in/IN so/RB long/RB that/IN I/PRP probably/RB would/MD n't/RB remember/VB how/WRB ./.,,,34.1,36.88
sw08utt/sw_0852_2090.utt,2/sw2090,2090,20,qr,A,7,1,Do you make sweaters and things or just blankets? /,Do/VBP you/PRP make/VBP sweaters/NNS and/CC things/NNS or/CC just/RB blankets/NNS ?/.,,,37.06,39.18
sw08utt/sw_0852_2090.utt,2/sw2090,2090,21,sd,B,8,1,"{D Well, } if I remember I think we made some, {D like } Christmas stockings,  /","Well/UH ,/, if/IN I/PRP remember/VBP I/PRP think/VBP we/PRP made/VBD some/DT ,/, like/IN Christmas/NNP stockings/NNS ,/,",,,39.0,42.78
sw08utt/sw_0852_2090.utt,2/sw2090,2090,22,sd,B,8,2,"you could make [ the, + {D like } the ] granny squares or whatever,","you/PRP could/MD make/VB the/DT ,/, like/IN the/DT granny/NN squares/NNS or/CC whatever/WDT ,/,",,,42.78,45.379999999999995
sw08utt/sw_0852_2090.utt,2/sw2090,2090,23,b,A,9,1,Uh-huh. /,Uh-huh/UH ./.,,,45.56,45.760000000000005
sw08utt/sw_0852_2090.utt,2/sw2090,2090,24,+,B,10,1,and sew them together and make Christmas stockings and maybe some slippers or something like that. /,and/CC sew/VB them/PRP together/RB and/CC make/VB Christmas/NNP stockings/NNS and/CC maybe/RB some/DT slippers/NNS or/CC something/NN like/IN that/DT ./.,,,45.58,49.88
sw08utt/sw_0852_2090.utt,2/sw2090,2090,25,b,A,11,1,Oh.  /,Oh/UH ./.,,,50.06,50.14
sw08utt/sw_0852_2090.utt,2/sw2090,2090,26,ba,A,11,2,I see. /,I/PRP see/VBP ./.,,,50.14,50.699999999999996
sw08utt/sw_0852_2090.utt,2/sw2090,2090,27,sd,B,12,1,Nothing as big as a blanket. /,Nothing/NN as/RB big/JJ as/IN a/DT blanket/NN ./.,,,50.52,51.76
sw08utt/sw_0852_2090.utt,2/sw2090,2090,28,b,A,13,1,{F Huh. } /,Huh/UH ./.,,,52.04,52.14
sw08utt/sw_0852_2090.utt,2/sw2090,2090,29,sd,B,14,1,I know that my husband's grandmother does a lot of that. /,I/PRP know/VBP that/IN my/PRP$ husband/NN 's/POS grandmother/NN does/VBZ a/DT lot/NN of/IN that/DT ./.,,,52.26,55.94
sw08utt/sw_0852_2090.utt,2/sw2090,2090,30,b,A,15,1,Uh-huh. /,Uh-huh/UH ./.,,,56.12,56.44
sw08utt/sw_0852_2090.utt,2/sw2090,2090,31,sd,B,16,1,{C And } she makes a lot of afghans and all that kind of stuff  /,And/CC she/PRP makes/VBZ a/DT lot/NN of/IN afghans/NNS and/CC all/PDT that/DT kind/NN of/IN stuff/NN,,,56.26,59.5
sw08utt/sw_0852_2090.utt,2/sw2090,2090,32,%,B,16,2,"{C but, } -/","but/CC ,/,",,,59.5,59.6
sw08utt/sw_0852_2090.utt,2/sw2090,2090,33,sd,A,17,1,I probably won't make anything beyond this blanket <laughter>. /,I/PRP probably/RB wo/MD n't/RB make/VB anything/NN beyond/IN this/DT blanket/NN ./.,,,59.88,61.98
sw08utt/sw_0852_2090.utt,2/sw2090,2090,34,x,B,18,1,<Laughter>.,,,,0.0,0.0
sw08utt/sw_0852_2090.utt,2/sw2090,2090,35,h,A,19,1,I don't know why.  /,I/PRP do/VBP n't/RB know/VB why/WRB ./.,,,62.08,64.06
sw08utt/sw_0852_2090.utt,2/sw2090,2090,36,sv,A,19,2,It's just too time consuming. /,It/PRP 's/BES just/RB too/RB time/NN consuming/VBG ./.,,,64.06,65.3
sw08utt/sw_0852_2090.utt,2/sw2090,2090,37,b,B,20,1,"Yeah,  /","Yeah/UH ,/,",,,65.68,65.96000000000001
sw08utt/sw_0852_2090.utt,2/sw2090,2090,38,qy,B,20,2,do you have any other hobbies? /,do/VBP you/PRP have/VB any/DT other/JJ hobbies/NNS ?/.,,,65.96,66.82
sw08utt/sw_0852_2090.utt,2/sw2090,2090,39,sd,A,21,1,"{F Um, } I like to sing.  /","Um/UH ,/, I/PRP like/VBP to/TO sing/VB ./.",,,67.08,68.58
sw08utt/sw_0852_2090.utt,2/sw2090,2090,40,sd,A,21,2,I've been trying to get some wedding gigs and things like that. /,I/PRP 've/VBP been/VBN trying/VBG to/TO get/VB some/DT wedding/NN gigs/NNS and/CC things/NNS like/IN that/DT ./.,,,68.58,71.74000000000001
sw08utt/sw_0852_2090.utt,2/sw2090,2090,41,ba,B,22,1,"{F Oh, } {D well } that's good. /","Oh/UH ,/, well/UH that/DT 's/BES good/JJ ./.",,,71.56,72.52
sw08utt/sw_0852_2090.utt,2/sw2090,2090,42,sd,A,23,1,"{F Um, } right now my actual job is a news reporter.  /","Um/UH ,/, right/RB now/RB my/PRP$ actual/JJ job/NN is/VBZ a/DT news/NN reporter/NN ./.",,,72.7,76.08
sw08utt/sw_0852_2090.utt,2/sw2090,2090,43,sd,A,23,2,"{C But, } {F uh, } if I could do anything I wanted to do, it would be to sing professionally.  /","But/CC ,/, uh/UH ,/, if/IN I/PRP could/MD do/VB anything/NN I/PRP wanted/VBD to/TO do/VB ,/, it/PRP would/MD be/VB to/TO sing/VB professionally/RB ./.",,,76.4,80.08
sw08utt/sw_0852_2090.utt,2/sw2090,2090,44,%,A,23,3,"{C But } {F um, } -/","But/CC um/UH ,/,",,,81.24,81.7
sw08utt/sw_0852_2090.utt,2/sw2090,2090,45,qy,B,24,1,{C So } are you on the T V then? /,So/RB are/VBP you/PRP on/IN the/DT T/NN V/NN then/RB ?/.,,,81.68,83.55999999999999
sw08utt/sw_0852_2090.utt,2/sw2090,2090,46,ny,A,25,1,"Yes,  /","Yes/UH ,/,",,,84.02,84.33999999999999
sw08utt/sw_0852_2090.utt,2/sw2090,2090,47,b,A,25,2,uh-huh. /,uh-huh/UH ./.,,,84.34,84.64
sw08utt/sw_0852_2090.utt,2/sw2090,2090,48,b,B,26,1,Oh. /,Oh/UH ./.,,,84.78,84.98
sw08utt/sw_0852_2090.utt,2/sw2090,2090,49,%,A,27,1,"I'm in, {F uh, } - /","I/PRP 'm/VBP in/IN ,/, uh/UH ,/,",,,85.16,85.84
sw08utt/sw_0852_2090.utt,2/sw2090,2090,50,sd,A,27,2,I work for channel six in Waco. /,I/PRP work/VBP for/IN channel/NN six/CD in/IN Waco/NNP ./.,,,85.98,87.47999999999999
sw08utt/sw_0852_2090.utt,2/sw2090,2090,51,bk,B,28,1,"{F Oh, } okay. /","Oh/UH ,/, okay/UH ./.",,,87.71,88.05
sw08utt/sw_0852_2090.utt,2/sw2090,2090,52,sd,A,29,1,{C And so } I do little news reports and things.  /,And/CC so/RB I/PRP do/VBP little/JJ news/NN reports/NNS and/CC things/NNS ./.,,,88.24,90.24
sw08utt/sw_0852_2090.utt,2/sw2090,2090,53,sd,A,29,2,"It's not as exciting as it <laughter>,","It/PRP 's/BES not/RB as/RB exciting/JJ as/IN it/PRP ,/,",,,90.24,92.17999999999999
sw08utt/sw_0852_2090.utt,2/sw2090,2090,54,x,B,30,1,<Laughter>.,,,,0.0,0.0
sw08utt/sw_0852_2090.utt,2/sw2090,2090,55,+,A,31,1,as it sounds.  /,as/IN it/PRP sounds/VBZ ./.,,,92.18,93.12
sw08utt/sw_0852_2090.utt,2/sw2090,2090,56,%,A,31,2,"{C But, } {F um, } -/","But/CC ,/, um/UH ,/,",,,93.38,93.88
sw08utt/sw_0852_2090.utt,2/sw2090,2090,57,qy,B,32,1,{C So } you don't have too much time for hobbies? /,So/RB you/PRP do/VBP n't/RB have/VB too/RB much/JJ time/NN for/IN hobbies/NNS ?/.,,,94.79,98.25
sw08utt/sw_0852_2090.utt,2/sw2090,2090,58,nn,A,33,1,"No,  /","No/UH ,/,",,,99.02,99.36
sw08utt/sw_0852_2090.utt,2/sw2090,2090,59,sd^e,A,33,2,"not much,  /","not/RB much/JJ ,/,",,,99.36,99.98
sw08utt/sw_0852_2090.utt,2/sw2090,2090,60,sd,A,33,3,"{F um, } my day is usually pretty full. /","um/UH ,/, my/PRP$ day/NN is/VBZ usually/RB pretty/RB full/JJ ./.",,,100.12,101.96
sw08utt/sw_0852_2090.utt,2/sw2090,2090,61,b,B,34,1,Yeah. /,Yeah/UH ./.,,,101.77,101.86999999999999
sw08utt/sw_0852_2090.utt,2/sw2090,2090,62,sd,A,35,1,"My schedule is like from nine to five thirty,  /","My/PRP$ schedule/NN is/VBZ like/IN from/IN nine/CD to/IN five/CD thirty/CD ,/,",,,102.46,104.8
sw08utt/sw_0852_2090.utt,2/sw2090,2090,63,sd,A,35,2,"{C but } I could be at work from anytime, {D you know, } from nine until nine at night or ten or whatever,  /","but/CC I/PRP could/MD be/VB at/IN work/NN from/IN anytime/RB ,/, you/PRP know/VBP ,/, from/IN nine/CD until/IN nine/CD at/IN night/NN or/CC ten/CD or/CC whatever/WDT ,/,",,,104.8,110.0
sw08utt/sw_0852_2090.utt,2/sw2090,2090,64,sd,A,35,3,"{C so } it's hard to make plans much less, {D you know, } have a hobby.  /","so/RB it/PRP 's/BES hard/JJ to/TO make/VB plans/NNS much/RB less/JJR ,/, you/PRP know/VBP ,/, have/VBP a/DT hobby/NN ./.",,,110.66,113.72
sw08utt/sw_0852_2090.utt,2/sw2090,2090,65,sd@,A,35,4,"{C And } even if I had a hobby like knitting or something and I wanted to take it to work, I'd probably never get to it.","And/CC even/RB if/IN I/PRP had/VBD a/DT hobby/NN like/IN knitting/VBG or/CC something/NN and/CC I/PRP wanted/VBD to/TO take/VB it/PRP to/IN work/NN ,/, I/PRP 'd/MD probably/RB never/RB get/VB to/IN it/PRP ./.",,,115.0,119.16
sw08utt/sw_0852_2090.utt,2/sw2090,2090,66,b,B,36,1,Yeah  /,Yeah/UH,,,119.49,119.69
sw08utt/sw_0852_2090.utt,2/sw2090.pos,2090,67,x,B,36,2,<laughter>.,./.,,,0.0,0.0
sw08utt/sw_0852_2090.utt,2/sw2090,2090,68,+@,A,37,1,"{D You know, }  /","You/PRP know/VBP ,/,",,,119.88,120.22
sw08utt/sw_0852_2090.utt,2/sw2090,2090,69,qw,A,37,2,{C so. }  What do you do? /,so/RB ./. What/WP do/VBP you/PRP do/VB ?/.,,,120.22,122.32
sw08utt/sw_0852_2090.utt,2/sw2090,2090,70,b,B,38,1,{F Um. } /,Um/UH ./.,,,123.11,123.41
sw08utt/sw_0852_2090.utt,2/sw2090,2090,71,sd,A,39,1,Normally. /,Normally/RB ./.,,,123.6,124.0
sw08utt/sw_0852_2090.utt,2/sw2090,2090,72,sd,B,40,1,I'm a housewife. /,I/PRP 'm/VBP a/DT housewife/NN ./.,,,123.87,124.49000000000001
sw08utt/sw_0852_2090.utt,2/sw2090,2090,73,bk,A,41,1,"{F Oh, } okay. /","Oh/UH ,/, okay/UH ./.",,,124.68,125.05999999999999
sw08utt/sw_0852_2090.utt,2/sw2090,2090,74,sd,B,42,1,"{C So, } unless the kids are asleep I don't [ get, + usually get ] much done either  <laughter>. /","So/RB ,/, unless/IN the/DT kids/NNS are/VBP asleep/RB I/PRP do/VBP n't/RB get/VB ,/, usually/RB get/VB much/JJ done/VBN either/RB ./.",,,126.51,129.51000000000002
sw08utt/sw_0852_2090.utt,2/sw2090,2090,75,b,A,43,1,Uh-huh  /,Uh-huh/UH,,,129.7,130.04
sw08utt/sw_0852_2090.utt,2/sw2090.pos,2090,76,x,A,43,2,<throat_clearing>.,./.,,,0.0,0.0
sw08utt/sw_0852_2090.utt,2/sw2090,2090,77,sd,B,44,1,"{C But } I've made a, {F um, } few things, cross-stitch things.  /","But/CC I/PRP 've/VBP made/VBN a/DT ,/, um/UH ,/, few/JJ things/NNS ,/, cross-stitch/NN things/NNS ./.",,,130.07,134.35
sw08utt/sw_0852_2090.utt,2/sw2090,2090,78,sd,B,44,2,I really enjoy doing that. /,I/PRP really/RB enjoy/VBP doing/VBG that/DT ./.,,,134.35,135.35
sw08utt/sw_0852_2090.utt,2/sw2090,2090,79,b,A,45,1,Uh-huh. /,Uh-huh/UH ./.,,,135.54,135.66
sw08utt/sw_0852_2090.utt,2/sw2090,2090,80,sd,B,46,1,"{C And } {F um, } I made, {F uh, } {D like } stockings for both my children and a Christmas tree shirt and that,","And/CC um/UH ,/, I/PRP made/VBD ,/, uh/UH ,/, like/UH stockings/NNS for/IN both/DT my/PRP$ children/NNS and/CC a/DT Christmas/NNP tree/NN shirt/NN and/CC that/DT ,/,",,,135.77,140.77
sw08utt/sw_0852_2090.utt,2/sw2090,2090,81,b,A,47,1,Oh. /,Oh/UH ./.,,,140.96,141.02
sw08utt/sw_0852_2090.utt,2/sw2090,2090,82,+,B,48,1,"type of thing,  /","type/NN of/IN thing/NN ,/,",,,140.83,141.27
sw08utt/sw_0852_2090.utt,2/sw2090,2090,83,sd,B,48,2,{C and } it just takes a long time to get it done  /,and/CC it/PRP just/RB takes/VBZ a/DT long/JJ time/NN to/TO get/VB it/PRP done/VBD,,,141.27,143.99
sw08utt/sw_0852_2090.utt,2/sw2090,2090,84,sd,B,48,3,"{C but, } {D you know, } once you've done something like that it kind of makes you feel good, [ to, +","but/CC ,/, you/PRP know/VBP ,/, once/RB you/PRP 've/VBP done/VBN something/NN like/IN that/DT it/PRP kind/NN of/IN makes/VBZ you/PRP feel/VBP good/JJ ,/, to/TO ,/,",,,143.99,146.95000000000002
sw08utt/sw_0852_2090.utt,2/sw2090,2090,85,b,A,49,1,Right. /,Right/UH ./.,,,147.14,147.35999999999999
sw08utt/sw_0852_2090.utt,2/sw2090,2090,86,+,B,50,1,to ] see it. /,to/TO see/VB it/PRP ./.,,,147.41,147.97
sw08utt/sw_0852_2090.utt,2/sw2090,2090,87,sd,A,51,1,"[ I show-, + I showed ] mine to my boyfriend  /","I/PRP show/VBD ,/, I/PRP showed/VBD mine/PRP to/IN my/PRP$ boyfriend/NN",,,148.58,150.14
sw08utt/sw_0852_2090.utt,2/sw2090,2090,88,sd(^q),A,51,2,"{C and } he was like, you didn't make that. /","and/CC he/PRP was/VBD like/IN ,/, you/PRP did/VBD n't/RB make/VB that/DT ./.",,,150.14,151.52
sw08utt/sw_0852_2090.utt,2/sw2090,2090,89,bh,B,52,1,Really?  <laughter>. /,Really/UH ?/. ./.,,,151.89,152.29
sw08utt/sw_0852_2090.utt,2/sw2090,2090,90,ny,A,53,1,"{F Oh, } yeah,  /","Oh/UH ,/, yeah/UH ,/,",,,152.48,153.0
sw08utt/sw_0852_2090.utt,2/sw2090,2090,91,sd^e,A,53,2,"it looks, {F uh, } halfway decent  /","it/PRP looks/VBZ ,/, uh/UH ,/, halfway/RB decent/JJ",,,153.0,154.35999999999999
sw08utt/sw_0852_2090.utt,2/sw2090,2090,92,sd,A,53,3,"{D actually, } <laughter> first thing I did  /","actually/UH ,/, first/JJ thing/NN I/PRP did/VBD",,,154.36,156.36
sw08utt/sw_0852_2090.utt,2/sw2090,2090,93,o@,A,53,4,"{C but, }","but/CC ,/,",,,156.36,156.56
sw08utt/sw_0852_2090.utt,2/sw2090,2090,94,sd,B,54,1,I guess you can make baby blankets that wouldn't take as long <noise>. /,I/PRP guess/VBP you/PRP can/MD make/VB baby/NN blankets/NNS that/WDT would/MD n't/RB take/VB as/IN long/JJ ./.,,,156.93,159.03
sw08utt/sw_0852_2090.utt,2/sw2090,2090,95,+@,A,55,1,Yeah.  /,Yeah/UH ./.,,,159.22,159.44
sw08utt/sw_0852_2090.utt,2/sw2090,2090,96,qw,A,55,2,How many children do you have? /,How/WRB many/JJ children/NNS do/VBP you/PRP have/VB ?/.,,,159.44,162.78
sw08utt/sw_0852_2090.utt,2/sw2090,2090,97,sd,B,56,1,Two. /,Two/CD ./.,,,162.59,162.69
sw08utt/sw_0852_2090.utt,2/sw2090,2090,98,bk,A,57,1,"{F Oh, } okay.  /","Oh/UH ,/, okay/UH ./.",,,162.88,163.2
sw08utt/sw_0852_2090.utt,2/sw2090,2090,99,sd,A,57,2,I hear them in the background  (( there )) . /,I/PRP hear/VBP them/PRP in/IN the/DT background/NN there/RB ./.,,,163.5,165.16
sw08utt/sw_0852_2090.utt,2/sw2090,2090,100,b,B,58,1,Yeah  /,Yeah/UH,,,164.97,165.17
sw08utt/sw_0852_2090.utt,2/sw2090.pos,2090,101,x,B,58,2,<laughter>.,./.,,,0.0,0.0
sw08utt/sw_0852_2090.utt,2/sw2090,2090,102,b,A,59,1,"All right,  /","All/RB right/JJ ,/,",,,165.36,166.02
sw08utt/sw_0852_2090.utt,2/sw2090,2090,103,sv,A,59,2,that's a hobby in itself. /,that/DT 's/BES a/DT hobby/NN in/IN itself/PRP ./.,,,166.02,167.28
sw08utt/sw_0852_2090.utt,2/sw2090,2090,104,ar,B,60,1,Not  (( quite ))  <laughter>. /,Not/RB quite/RB ./.,,,168.23,168.83
sw08utt/sw_0852_2090.utt,2/sw2090,2090,105,sv,A,61,1,<Laughter>  A job in itself. /,A/DT job/NN in/IN itself/PRP ./.,,,169.6,170.38
sw08utt/sw_0852_2090.utt,2/sw2090,2090,106,aa,B,62,1,"It's a fulltime job,  /","It/PRP 's/BES a/DT fulltime/NN job/NN ,/,",,,170.19,171.11
sw08utt/sw_0852_2090.utt,2/sw2090,2090,107,%,B,62,2,yeah. /,yeah/UH ./.,,,171.11,171.47000000000003
sw08utt/sw_0852_2090.utt,2/sw2090,2090,108,sd,A,63,1,"<Laughter>  Right now I was just sitting here watching T V,  /","Right/UH now/UH I/PRP was/VBD just/RB sitting/VBG here/RB watching/VBG T/NN V/NN ,/,",,,171.74,175.76
sw08utt/sw_0852_2090.utt,2/sw2090,2090,109,sd,A,63,2,I was getting ready to fall asleep. /,I/PRP was/VBD getting/VBG ready/JJ to/TO fall/VB asleep/RB ./.,,,175.76,176.96
sw08utt/sw_0852_2090.utt,2/sw2090,2090,110,qy,B,64,1,"{C So, } {F um, } have you sang at any weddings yet? /","So/RB ,/, um/UH ,/, have/VBP you/PRP sang/VBN at/IN any/DT weddings/NNS yet/RB ?/.",,,177.4,179.32
sw08utt/sw_0852_2090.utt,2/sw2090,2090,111,ny,A,65,1,"Yeah,  /","Yeah/UH ,/,",,,179.76,179.88
sw08utt/sw_0852_2090.utt,2/sw2090,2090,112,sd^e,A,65,2,I sang at one last summer.  /,I/PRP sang/VBD at/IN one/CD last/JJ summer/NN ./.,,,179.88,181.44
sw08utt/sw_0852_2090.utt,2/sw2090,2090,113,sd,A,65,3,"{F Um, } it was my first wedding.  /","Um/UH ,/, it/PRP was/VBD my/PRP$ first/JJ wedding/NN ./.",,,181.8,183.14
sw08utt/sw_0852_2090.utt,2/sw2090,2090,114,sd,A,65,4,"I've done, {F um, } little commercials and background singing  /","I/PRP 've/VBP done/VBN ,/, um/UH ,/, little/JJ commercials/NNS and/CC background/NN singing/VBG",,,183.14,186.78
sw08utt/sw_0852_2090.utt,2/sw2090,2090,115,sd,A,65,5,"{C and, } {F um, } I sang all through college and things like that  /","and/CC ,/, um/UH ,/, I/PRP sang/VBD all/DT through/IN college/NN and/CC things/NNS like/IN that/DT",,,186.78,191.32000000000002
sw08utt/sw_0852_2090.utt,2/sw2090,2090,116,sd,A,65,6,"{C but } I really haven't done anything really, professional per se. /","but/CC I/PRP really/RB have/VBP n't/RB done/VBN anything/NN really/UH ,/, professional/JJ per/FW se/FW ./.",,,191.32,194.86
sw08utt/sw_0852_2090.utt,2/sw2090,2090,117,b,B,66,1,Uh-huh. /,Uh-huh/UH ./.,,,195.14,195.23999999999998
sw08utt/sw_0852_2090.utt,2/sw2090,2090,118,sd,A,67,1,{C But } I did one wedding last year  /,But/CC I/PRP did/VBD one/CD wedding/NN last/JJ year/NN,,,195.44,197.1
sw08utt/sw_0852_2090.utt,2/sw2090,2090,119,sd(^q),A,67,2,"{C and, } {F uh, } I just now got some [ cards together, kind of, + {F uh, } business cards ] that say,","and/CC ,/, uh/UH ,/, I/PRP just/RB now/RB got/VBD some/DT cards/NNS together/RB ,/, kind/NN of/IN ,/, uh/UH ,/, business/NN cards/NNS that/WDT say/VBP ,/,",,,197.18,202.20000000000002
sw08utt/sw_0852_2090.utt,2/sw2090,2090,120,b,B,68,1,Uh-huh. /,Uh-huh/UH ./.,,,202.08,202.26000000000002
sw08utt/sw_0852_2090.utt,2/sw2090,2090,121,+,A,69,1,"singer,  /","singer/NN ,/,",,,202.46,202.9
sw08utt/sw_0852_2090.utt,2/sw2090,2090,122,sd(^q),A,69,2,"{C and } what does it say, a song makes beautiful wedding or  something,  /","and/CC what/WP does/VBZ it/PRP say/VBP ,/, a/DT song/NN makes/VBZ beautiful/JJ wedding/NN or/CC something/NN ,/,",,,202.9,206.33999999999997
sw08utt/sw_0852_2090.utt,2/sw2090,2090,123,sd,A,69,3,"{C and } I've been passing them out to different wedding shops,  /","and/CC I/PRP 've/VBP been/VBN passing/VBG them/PRP out/IN to/IN different/JJ wedding/NN shops/NNS ,/,",,,207.08,209.14
sw08utt/sw_0852_2090.utt,2/sw2090,2090,124,sd,A,69,4,"{E I mean } when someone comes in,","I/PRP mean/VBP when/WRB someone/NN comes/VBZ in/RB ,/,",,,209.14,210.32
sw08utt/sw_0852_2090.utt,2/sw2090,2090,125,sv,B,70,1,"{F Oh, } that's a good place,  /","Oh/UH ,/, that/DT 's/BES a/DT good/JJ place/NN ,/,",,,210.12,211.22
sw08utt/sw_0852_2090.utt,2/sw2090,2090,126,%,B,70,2,yeah. /,yeah/UH ./.,,,211.28,211.36
sw08utt/sw_0852_2090.utt,2/sw2090,2090,127,+,A,71,1,"{D you know, } [ for a wedding, + for a wedding ] dress,","you/PRP know/VBP ,/, for/IN a/DT wedding/NN ,/, for/IN a/DT wedding/NN dress/NN ,/,",,,211.56,212.88
sw08utt/sw_0852_2090.utt,2/sw2090,2090,128,b,B,72,1,Uh-huh. /,Uh-huh/UH ./.,,,212.68,212.8
sw08utt/sw_0852_2090.utt,2/sw2090,2090,129,+,A,73,1,"[ and + ] [ they, + they ] might ask about  it.  /","and/CC they/PRP ,/, they/PRP might/MD ask/VB about/IN it/PRP ./.",,,213.0,214.22
sw08utt/sw_0852_2090.utt,2/sw2090,2090,130,sd,A,73,2,"This one woman even wanted me to bring my tape in because I have a demo tape, {D you know, } if any one wants to listen. /","This/DT one/CD woman/NN even/RB wanted/VBD me/PRP to/TO bring/VB my/PRP$ tape/NN in/IN because/IN I/PRP have/VBP a/DT demo/NN tape/NN ,/, you/PRP know/VBP ,/, if/IN any/DT one/CD wants/VBZ to/TO listen/VB ./.",,,214.92,219.44
sw08utt/sw_0852_2090.utt,2/sw2090,2090,131,b,B,74,1,Yeah. /,Yeah/UH ./.,,,219.66,219.9
sw08utt/sw_0852_2090.utt,2/sw2090,2090,132,sd,A,75,1,"{C And, } {F uh, } she wanted me to bring it in,  /","And/CC ,/, uh/UH ,/, she/PRP wanted/VBD me/PRP to/TO bring/VB it/PRP in/IN ,/,",,,220.1,221.21
sw08utt/sw_0852_2090.utt,2/sw2090,2090,133,sd,A,75,2,she's going to play it on Saturday  /,she/PRP 's/BES going/VBG to/TO play/VB it/PRP on/IN Saturday/NNP,,,221.21,222.61
sw08utt/sw_0852_2090.utt,2/sw2090,2090,134,sd(^q),A,75,3,"{C so } <laughter> that would be great,","so/RB that/DT would/MD be/VB great/JJ ,/,",,,222.61,223.78
sw08utt/sw_0852_2090.utt,2/sw2090,2090,135,b,B,76,1,Yeah  /,Yeah/UH,,,223.58,223.68
sw08utt/sw_0852_2090.utt,2/sw2090.pos,2090,136,x,B,76,2,<laughter>.,./.,,,0.0,0.0
sw08utt/sw_0852_2090.utt,2/sw2090,2090,137,+,A,77,1,"if someone came and heard it, and they were like, I want that voice,  /","if/IN someone/NN came/VBD and/CC heard/VBD it/PRP ,/, and/CC they/PRP were/VBD like/IN ,/, I/PRP want/VBP that/DT voice/NN ,/,",,,223.88,226.31
sw08utt/sw_0852_2090.utt,2/sw2090,2090,138,sd,A,77,2,"{C but, } <breathing>.","but/CC ,/, ./.",,,227.33,227.39000000000001
sw08utt/sw_0852_2090.utt,2/sw2090,2090,139,ba,B,78,1,"{D Well, } that's good. /","Well/UH ,/, that/DT 's/BES good/JJ ./.",,,227.2,227.5
sw08utt/sw_0852_2090.utt,2/sw2090,2090,140,+,A,79,1,"I haven't got any calls, yet  /","I/PRP have/VBP n't/RB got/VBN any/DT calls/NNS ,/, yet/RB",,,227.69,229.91
sw08utt/sw_0852_2090.utt,2/sw2090,2090,141,sd,A,79,2,{C but } I only just put them out this week  /,but/CC I/PRP only/RB just/RB put/VBP them/PRP out/RP this/DT week/NN,,,229.99,231.67000000000002
sw08utt/sw_0852_2090.utt,2/sw2090,2090,142,o@,A,79,3,"{C so, }","so/RB ,/,",,,231.67,231.82999999999998
sw08utt/sw_0852_2090.utt,2/sw2090,2090,143,b,B,80,1,Yeah. /,Yeah/UH ./.,,,231.64,231.72
sw08utt/sw_0852_2090.utt,2/sw2090,2090,144,+@,A,81,1,"hopefully I'll get some calls in.  Especially now since [ this, + ] it's spring  /","hopefully/RB I/PRP 'll/MD get/VB some/DT calls/NNS in/RP ./. Especially/RB now/RB since/IN this/DT ,/, it/PRP 's/BES spring/NN",,,232.25,235.35
sw08utt/sw_0852_2090.utt,2/sw2090,2090,145,sv,A,81,2,"{C and } it's the wedding season, I guess. /","and/CC it/PRP 's/BES the/DT wedding/NN season/NN ,/, I/PRP guess/VBP ./.",,,235.35,237.71
sw08utt/sw_0852_2090.utt,2/sw2090,2090,146,aa,B,82,1,"{F Oh, } that's true. /","Oh/UH ,/, that/DT 's/BES true/JJ ./.",,,237.76,238.48
sw08utt/sw_0852_2090.utt,2/sw2090,2090,147,b,A,83,1,Uh-huh. /,Uh-huh/UH ./.,,,239.87,240.01
sw08utt/sw_0852_2090.utt,2/sw2090,2090,148,qy^g,B,84,1,"Make your hobby into a business, that would be pretty good, {F huh? } /","Make/VB your/PRP$ hobby/NN into/IN a/DT business/NN ,/, that/DT would/MD be/VB pretty/RB good/JJ ,/, huh/UH ?/.",,,240.18,241.96
sw08utt/sw_0852_2090.utt,2/sw2090,2090,149,ny,A,85,1,"Yeah,  /","Yeah/UH ,/,",,,242.15,242.31
sw08utt/sw_0852_2090.utt,2/sw2090,2090,150,sd^e,A,85,2,that would be great.  /,that/DT would/MD be/VB great/JJ ./.,,,242.31,243.09
sw08utt/sw_0852_2090.utt,2/sw2090,2090,151,sd,A,85,3,Then I could be getting paid for something I love to do. /,Then/RB I/PRP could/MD be/VB getting/VBG paid/VBN for/IN something/NN I/PRP love/VBP to/TO do/VB ./.,,,243.21,245.21
sw08utt/sw_0852_2090.utt,2/sw2090,2090,152,b,B,86,1,Yeah  /,Yeah/UH,,,245.42,245.66
sw08utt/sw_0852_2090.utt,2/sw2090.pos,2090,153,x,B,86,2,<laughter>.,./.,,,0.0,0.0
sw08utt/sw_0852_2090.utt,2/sw2090,2090,154,sd,A,87,1,"Not that I don't like reporting,  /","Not/RB that/IN I/PRP do/VBP n't/RB like/VB reporting/NN ,/,",,,245.85,247.10999999999999
sw08utt/sw_0852_2090.utt,2/sw2090,2090,155,sd,A,87,2,"{C but, } I'd love it. /","but/CC ,/, I/PRP 'd/MD love/VB it/PRP ./.",,,247.11,248.31
sw08utt/sw_0852_2090.utt,2/sw2090,2090,156,qy,B,88,1,"Did you have training in singing when you were,","Did/VBD you/PRP have/VBP training/NN in/IN singing/NN when/WRB you/PRP were/VBD ,/,",,,248.12,249.68
sw08utt/sw_0852_2090.utt,2/sw2090,2090,157,x,A,89,1,<Throat_clearing>.,,,,0.0,0.0
sw08utt/sw_0852_2090.utt,2/sw2090,2090,158,+,B,90,1,younger then  /,younger/JJR then/RB,,,249.68,250.2
sw08utt/sw_0852_2090.utt,2/sw2090,2090,159,%,B,90,2,"{C or, } -/","or/CC ,/,",,,250.2,250.35999999999999
sw08utt/sw_0852_2090.utt,2/sw2090,2090,160,nn,A,91,1,"No,  /","No/UH ,/,",,,250.81,251.05
sw08utt/sw_0852_2090.utt,2/sw2090,2090,161,sd^e,A,91,2,"[ I've never, + I've never ] had, {F uh, } formal training.  /","I/PRP 've/VBP never/RB ,/, I/PRP 've/VBP never/RB had/VBN ,/, uh/UH ,/, formal/JJ training/NN ./.",,,251.05,253.58999999999997
sw08utt/sw_0852_2090.utt,2/sw2090,2090,162,sd,A,91,3,I've just been singing every chance I get.  /,I/PRP 've/VBP just/RB been/VBN singing/VBG every/DT chance/NN I/PRP get/VBP ./.,,,253.73,256.07
sw08utt/sw_0852_2090.utt,2/sw2090,2090,163,sd,A,91,4,"I try, {D you know, }","I/PRP try/VBP ,/, you/PRP know/VBP ,/,",,,256.23,257.03
sw08utt/sw_0852_2090.utt,2/sw2090,2090,164,qy,B,92,1,Choirs and that kind of stuff? /,Choirs/NNS and/CC that/DT kind/NN of/IN stuff/NN ?/.,,,257.23,258.25
sw08utt/sw_0852_2090.utt,2/sw2090,2090,165,+,A,93,1,in school  /,in/IN school/NN,,,258.45,258.63
sw08utt/sw_0852_2090.utt,2/sw2090,2090,166,%,A,93,2,"{C and, } yeah,  /","and/CC ,/, yeah/UH ,/,",,,258.63,258.91
sw08utt/sw_0852_2090.utt,2/sw2090,2090,167,b^m,A,93,3,choirs  /,choirs/NNS,,,258.91,259.65000000000003
sw08utt/sw_0852_2090.utt,2/sw2090,2090,168,na,A,93,4,"{C and, } {F um, } when I was at U T, I was in a group called Ensemble One oh Nine, just twelve singers  /","and/CC ,/, um/UH ,/, when/WRB I/PRP was/VBD at/IN U/NNP T/NNP ,/, I/PRP was/VBD in/IN a/DT group/NN called/VBN Ensemble/NNP One/CD oh/UH Nine/CD ,/, just/RB twelve/CD singers/NNS",,,259.65,264.40999999999997
sw08utt/sw_0852_2090.utt,2/sw2090,2090,169,sd,A,93,5,"{C and } we did, {F uh, } little conventions and, {F um, } {F uh, } like dinner parties and things like that. /","and/CC we/PRP did/VBD ,/, uh/UH ,/, little/JJ conventions/NNS and/CC ,/, um/UH ,/, uh/UH ,/, like/IN dinner/NN parties/NNS and/CC things/NNS like/IN that/DT ./.",,,264.41,271.83
sw08utt/sw_0852_2090.utt,2/sw2090,2090,170,b,B,94,1,{F Huh. } /,Huh/UH ./.,,,271.63,271.79
sw08utt/sw_0852_2090.utt,2/sw2090,2090,171,sd,A,95,1,Sing pop music. /,Sing/VB pop/NN music/NN ./.,,,272.39,272.93
sw08utt/sw_0852_2090.utt,2/sw2090,2090,172,ba,B,96,1,"{D Well, } that's nice. /","Well/UH ,/, that/DT 's/BES nice/JJ ./.",,,272.73,273.17
sw08utt/sw_0852_2090.utt,2/sw2090,2090,173,sd,A,97,1,"{C So, } that's what got me really, really interested in it. /","So/RB ,/, that/DT 's/BES what/WP got/VBD me/PRP really/RB ,/, really/RB interested/JJ in/IN it/PRP ./.",,,274.35,276.53000000000003
sw08utt/sw_0852_2090.utt,2/sw2090,2090,174,b,B,98,1,Uh-huh. /,Uh-huh/UH ./.,,,276.33,276.46999999999997
sw08utt/sw_0852_2090.utt,2/sw2090,2090,175,sd,A,99,1,"{C So } I'm trying to be [ sensible, + sensible, ] too, at the same time. /","So/RB I/PRP 'm/VBP trying/VBG to/TO be/VB sensible/JJ ,/, sensible/JJ ,/, too/RB ,/, at/IN the/DT same/JJ time/NN ./.",,,277.17,280.27
sw08utt/sw_0852_2090.utt,2/sw2090,2090,176,b,B,100,1,"Yeah,  /","Yeah/UH ,/,",,,280.91,281.13000000000005
sw08utt/sw_0852_2090.utt,2/sw2090,2090,177,^2,B,100,2,not just give up your job and jump right into it <laughter>. /,not/RB just/RB give/VB up/RP your/PRP$ job/NN and/CC jump/VB right/RB into/IN it/PRP ./.,,,281.13,283.35
sw08utt/sw_0852_2090.utt,2/sw2090,2090,178,aa,A,101,1,"Yeah,  /","Yeah/UH ,/,",,,283.55,283.65000000000003
sw08utt/sw_0852_2090.utt,2/sw2090,2090,179,aa,A,101,2,exactly.  /,exactly/UH ./.,,,283.65,284.28999999999996
sw08utt/sw_0852_2090.utt,2/sw2090,2090,180,sd,A,101,3,My parents would have a fit probably. /,My/PRP$ parents/NNS would/MD have/VB a/DT fit/NN probably/RB ./.,,,284.39,286.05
sw08utt/sw_0852_2090.utt,2/sw2090,2090,181,x,B,102,1,<Laughter>.,,,,0.0,0.0
sw08utt/sw_0852_2090.utt,2/sw2090,2090,182,%,A,103,1,"{C But, } {F uh, } I think, - /","But/CC ,/, uh/UH ,/, I/PRP think/VBP ,/,",,,286.17,287.75
sw08utt/sw_0852_2090.utt,2/sw2090,2090,183,sd,A,103,2,"I {C either } have a call {C or, } - /","I/PRP either/DT have/NN a/DT call/NN or/CC ,/,",,,287.75,288.96999999999997
sw08utt/sw_0852_2090.utt,2/sw2090,2090,184,%,A,103,3,"yeah,  /","yeah/UH ,/,",,,289.03,289.39
sw08utt/sw_0852_2090.utt,2/sw2090,2090,185,sd,A,103,4,"I do have a call,  /","I/PRP do/VBP have/VB a/DT call/NN ,/,",,,289.39,289.81
sw08utt/sw_0852_2090.utt,2/sw2090,2090,186,ad,A,103,5,hold on one second. /,hold/VB on/IN one/CD second/NN ./.,,,289.81,290.57
sw08utt/sw_0852_2090.utt,2/sw2090,2090,187,aa,B,104,1,Uh-huh  /,Uh-huh/UH,,,291.33,291.49
sw08utt/sw_0852_2090.utt,2/sw2090.pos,2090,188,x,B,104,2,<children_talking> <noise>.  <<Long pause in conversation.>>,./.,,,0.0,0.0
sw08utt/sw_0852_2090.utt,2/sw2090,2090,189,fp,A,105,1,Hello. /,Hello/UH ./.,,,310.55,310.91
sw08utt/sw_0852_2090.utt,2/sw2090,2090,190,ny,B,106,1,Yes. /,Yes/UH ./.,,,310.71,310.77
sw08utt/sw_0852_2090.utt,2/sw2090,2090,191,ny^m,A,107,1,"Yes,  /","Yes/UH ,/,",,,311.71,312.04999999999995
sw08utt/sw_0852_2090.utt,2/sw2090,2090,192,b,A,107,2,okay  /,okay/UH,,,312.05,312.29
sw08utt/sw_0852_2090.utt,2/sw2090,2090,193,sd,A,107,3,"that's my mother on the other line,  /","that/DT 's/BES my/PRP$ mother/NN on/IN the/DT other/JJ line/NN ,/,",,,312.29,313.41
sw08utt/sw_0852_2090.utt,2/sw2090,2090,194,sd,A,107,4,"I need to go, /","I/PRP need/VBP to/TO go/VB ,/,",,,313.41,314.03000000000003
sw08utt/sw_0852_2090.utt,2/sw2090,2090,195,b,B,108,1,Oh. /,Oh/UH ./.,,,314.33,314.43
sw08utt/sw_0852_2090.utt,2/sw2090,2090,196,sv^t,A,109,1,"{C but, } {F um, } I think we are suppose to talk for ten minutes  /","but/CC ,/, um/UH ,/, I/PRP think/VBP we/PRP are/VBP suppose/VBP to/TO talk/VB for/IN ten/CD minutes/NNS",,,314.63,316.29
sw08utt/sw_0852_2090.utt,2/sw2090,2090,197,qy^t,A,109,2,are we suppose to hear a beep or anything? /,are/VBP we/PRP suppose/VBP to/TO hear/VB a/DT beep/NN or/CC anything/NN ?/.,,,316.29,317.59000000000003
sw08utt/sw_0852_2090.utt,2/sw2090,2090,198,h,B,110,1,"I don't know,  /","I/PRP do/VBP n't/RB know/VB ,/,",,,317.67,318.19
sw08utt/sw_0852_2090.utt,2/sw2090,2090,199,sd^t,B,110,2,I've only done this one other time  /,I/PRP 've/VBP only/RB done/VBN this/DT one/CD other/JJ time/NN,,,318.19,319.33
sw08utt/sw_0852_2090.utt,2/sw2090,2090,200,sd^t,B,110,3,{C and } I thought that the man told me five minutes. /,and/CC I/PRP thought/VBD that/IN the/DT man/NN told/VBD me/PRP five/CD minutes/NNS ./.,,,319.33,321.93
sw08utt/sw_0852_2090.utt,2/sw2090,2090,201,bk,A,111,1,"{F Oh, } okay,  /","Oh/UH ,/, okay/UH ,/,",,,322.31,322.71
sw08utt/sw_0852_2090.utt,2/sw2090,2090,202,sd^t,A,111,2,my mother said ten minutes  /,my/PRP$ mother/NN said/VBD ten/CD minutes/NNS,,,322.71,323.71
sw08utt/sw_0852_2090.utt,2/sw2090,2090,203,h,A,111,3,"{C so, } I don't know. /","so/RB ,/, I/PRP do/VBP n't/RB know/VB ./.",,,323.71,324.27000000000004
sw08utt/sw_0852_2090.utt,2/sw2090,2090,204,b,B,112,1,"# {F Oh, } okay. # /","Oh/UH ,/, okay/UH ./.",,,0.0,0.0
sw08utt/sw_0852_2090.utt,2/sw2090,2090,205,b^m,A,113,1,"# {C But, } {F uh, } # okay  /","But/CC ,/, uh/UH ,/, okay/UH",,,324.39,324.97
sw08utt/sw_0852_2090.utt,2/sw2090,2090,206,fc,A,113,2,"{D well, } it was nice talking to you  /","well/UH ,/, it/PRP was/VBD nice/JJ talking/VBG to/IN you/PRP",,,324.97,326.73
sw08utt/sw_0852_2090.utt,2/sw2090,2090,207,fc,A,113,3,"[ {C and, } +","and/CC ,/,",,,326.73,326.77000000000004
sw08utt/sw_0852_2090.utt,2/sw2090,2090,208,fc^m,B,114,1,"It was nice talking to you, too,  /","It/PRP was/VBD nice/JJ talking/NN to/IN you/PRP ,/, too/RB ,/,",,,326.57,327.72999999999996
sw08utt/sw_0852_2090.utt,2/sw2090,2090,209,fc,B,114,2,# good luck with your singing. # /,good/JJ luck/NN with/IN your/PRP$ singing/NN ./.,,,0.0,0.0
sw08utt/sw_0852_2090.utt,2/sw2090,2090,210,+,A,115,1,# {C and ] } good luck with your hobbies <laughter>. # /,and/CC good/JJ luck/NN with/IN your/PRP$ hobbies/NNS ./.,,,327.93,328.97
sw08utt/sw_0852_2090.utt,2/sw2090,2090,211,fc,B,116,1,"Okay,  /","Okay/UH ,/,",,,328.95,329.27
sw08utt/sw_0852_2090.utt,2/sw2090,2090,212,fc,B,116,2,# bye. # /,bye/UH ./.,,,0.0,0.0
sw08utt/sw_0852_2090.utt,2/sw2090,2090,213,fc,A,117,1,"# Thanks,  /","Thanks/UH ,/,",,,329.69,330.05
sw08utt/sw_0852_2090.utt,2/sw2090,2090,214,fc^m,A,117,2,# bye. /,bye/UH ./.,,,330.05,330.29
