swda_filename,ptb_basename,conversation_no,transcript_index,act_tag,caller,utterance_index,subutterance_index,text,pos,trees,ptb_treenumbers,start_ts,end_ts
sw07utt/sw_0738_2178.utt,2/sw2178,2178,0,o,A,1,1,Okay. /,Okay/UH ./.,,,0.68,0.8400000000000001
sw07utt/sw_0738_2178.utt,2/sw2178,2178,1,b,B,2,1,All right.  /,All/RB right/JJ ./.,,,0.78,2.76
sw07utt/sw_0738_2178.utt,2/sw2178,2178,2,sd,B,2,2,"Last thing I saw was, {F um, }  I think, {F uh, } SLEEPING WITH THE ENEMY with Julia Roberts. /","Last/JJ thing/NN I/PRP saw/VBD was/VBD ,/, um/UH ,/, I/PRP think/VBP ,/, uh/UH ,/, SLEEPING/VBG WITH/IN THE/DT ENEMY/NN with/IN Julia/NNP Roberts/NNP ./.",,,3.1,8.76
sw07utt/sw_0738_2178.utt,2/sw2178,2178,3,sd,A,3,1,"{F Oh, } I hadn't seen that,  /","Oh/UH ,/, I/PRP had/VBD n't/RB seen/VBN that/DT ,/,",,,8.82,10.700000000000001
sw07utt/sw_0738_2178.utt,2/sw2178,2178,4,sd,A,3,2,{C but } I've heard that it's real good. /,but/CC I/PRP 've/VBP heard/VBN that/IN it/PRP 's/BES real/RB good/JJ ./.,,,10.7,12.06
sw07utt/sw_0738_2178.utt,2/sw2178,2178,5,sd,B,4,1,My husband didn't like it that much.  /,My/PRP$ husband/NN did/VBD n't/RB like/VB it/PRP that/RB much/RB ./.,,,12.72,14.459999999999999
sw07utt/sw_0738_2178.utt,2/sw2178,2178,6,sd,B,4,2,I thought it was okay.  /,I/PRP thought/VBD it/PRP was/VBD okay/JJ ./.,,,14.46,15.76
sw07utt/sw_0738_2178.utt,2/sw2178,2178,7,sd,B,4,3,"It was a little strange, {D you know, }  /","It/PRP was/VBD a/DT little/JJ strange/JJ ,/, you/PRP know/VBP ,/,",,,16.06,17.860000000000003
sw07utt/sw_0738_2178.utt,2/sw2178,2178,8,sd,B,4,4,"this woman supposedly  is, {F um, } being mentally abused by her husband, {D you know, }  /","this/DT woman/NN supposedly/RB is/VBZ ,/, um/UH ,/, being/VBG mentally/RB abused/VBN by/IN her/PRP$ husband/NN ,/, you/PRP know/VBP ,/,",,,17.86,23.82
sw07utt/sw_0738_2178.utt,2/sw2178,2178,9,sd,B,4,5,"he keeps her pretty much terrorized to stay in the house,  /","he/PRP keeps/VBZ her/PRP$ pretty/RB much/RB terrorized/JJ to/TO stay/VB in/IN the/DT house/NN ,/,",,,23.82,27.98
sw07utt/sw_0738_2178.utt,2/sw2178,2178,10,sd,B,4,6,"{C and } she figures out this way  [ to, + {F um, } to ] leave him secretly.  /","and/CC she/PRP figures/VBZ out/RP this/DT way/NN to/TO ,/, um/UH ,/, to/TO leave/VB him/PRP secretly/RB ./.",,,27.98,31.74
sw07utt/sw_0738_2178.utt,2/sw2178,2178,11,sd,B,4,7,"{D You know, } she fakes her death kind of thing  /","You/PRP know/VBP ,/, she/PRP fakes/VBZ her/PRP$ death/NN kind/RB of/RB thing/NN",,,31.8,33.72
sw07utt/sw_0738_2178.utt,2/sw2178,2178,12,sd,B,4,8,{C and } --,and/CC --/:,,,33.72,33.76
sw07utt/sw_0738_2178.utt,2/sw2178,2178,13,b,A,5,1,Uh-huh. /,Uh-huh/UH ./.,,,33.84,34.1
sw07utt/sw_0738_2178.utt,2/sw2178,2178,14,+,B,6,1,-- he tracks her down <laughter>. /,--/: he/PRP tracks/VBZ her/PRP$ down/RP ./.,,,34.22,36.419999999999995
sw07utt/sw_0738_2178.utt,2/sw2178,2178,15,b,A,7,1,Oh <sigh>. /,Oh/UH ./.,,,36.47,36.81
sw07utt/sw_0738_2178.utt,2/sw2178,2178,16,sd,B,8,1,"{D So, } [ the, + the ] end scenes [ are, + are ] kind of suspenseful, {D you know, } when she realizes he's in the house, {D you know, }  after her,  /","So/RB ,/, the/DT ,/, the/DT end/NN scenes/NNS are/VBP ,/, are/VBP kind/RB of/RB suspenseful/JJ ,/, you/PRP know/VBP ,/, when/WRB she/PRP realizes/VBZ he/PRP 's/BES in/IN the/DT house/NN ,/, you/PRP know/VBP ,/, after/IN her/PRP$ ,/,",,,37.06,44.599999999999994
sw07utt/sw_0738_2178.utt,2/sw2178,2178,17,sd,B,8,2,"{C but, } {F uh, } kind of had the feeling along that, {F uh, } - /","but/CC ,/, uh/UH ,/, kind/RB of/RB had/VBD the/DT feeling/NN along/IN that/DT ,/, uh/UH ,/,",,,44.6,47.82
sw07utt/sw_0738_2178.utt,2/sw2178,2178,18,sd,B,8,3,why didn't she just tell him to straighten up. /,why/WRB did/VBD n't/RB she/PRP just/RB tell/VBP him/PRP to/TO straighten/VB up/RP ./.,,,47.82,50.120000000000005
sw07utt/sw_0738_2178.utt,2/sw2178,2178,19,b,A,9,1,Yeah. /,Yeah/UH ./.,,,50.17,50.31
sw07utt/sw_0738_2178.utt,2/sw2178,2178,20,sd^r,B,10,1,"<Laughter> {D You know, } why didn't she just tell hi-, - /","You/PRP know/VBP ,/, why/WRB did/VBD n't/RB she/PRP just/RB tell/VBP hi-/PRP ,/,",,,50.4,51.760000000000005
sw07utt/sw_0738_2178.utt,2/sw2178,2178,21,^q,B,10,2,"{D Hey } look bucko,  /","Hey/UH look/VB bucko/NN ,/,",,,51.76,52.68
sw07utt/sw_0738_2178.utt,2/sw2178,2178,22,^q,B,10,3,you don't get away with this nonsense <laughter>./,you/PRP do/VBP n't/RB get/VB away/RP with/IN this/DT nonsense/NN ./.,,,52.68,54.68
sw07utt/sw_0738_2178.utt,2/sw2178,2178,23,b,A,11,1,Oh <sigh>. /,Oh/UH ./.,,,55.99,56.230000000000004
sw07utt/sw_0738_2178.utt,2/sw2178,2178,24,qw,B,12,1,"{C But } anyhow, {F um, } what have you seen? /","But/CC anyhow/RB ,/, um/UH ,/, what/WP have/VBP you/PRP seen/VBN ?/.",,,56.56,59.72
sw07utt/sw_0738_2178.utt,2/sw2178,2178,25,sd,A,13,1,"{D Well, } last week, as a matter of fact, my children was on Spring Break -- /","Well/UH ,/, last/JJ week/NN ,/, as/IN a/DT matter/NN of/IN fact/NN ,/, my/PRP$ children/NNS was/VBD on/IN Spring/NN Break/NN --/:",,,59.85,63.43
sw07utt/sw_0738_2178.utt,2/sw2178,2178,26,b,B,14,1,Uh-huh. /,Uh-huh/UH ./.,,,63.56,63.800000000000004
sw07utt/sw_0738_2178.utt,2/sw2178,2178,27,sd,A,15,1,-- {C and } we went to two movies.  /,--/: and/CC we/PRP went/VBD to/IN two/CD movies/NNS ./.,,,63.85,64.87
sw07utt/sw_0738_2178.utt,2/sw2178,2178,28,sd,A,15,2,We went to see AWAKENINGS --,We/PRP went/VBD to/TO see/VB AWAKENINGS/NNS --/:,,,64.87,66.37
sw07utt/sw_0738_2178.utt,2/sw2178,2178,29,b,B,16,1,{F Um. } /,Um/UH ./.,,,66.9,67.12
sw07utt/sw_0738_2178.utt,2/sw2178,2178,30,+,A,17,1,-- with Robin <<pause>> Williams. /,--/: with/IN Robin/NNP Williams/NNP ./.,,,67.17,69.11
sw07utt/sw_0738_2178.utt,2/sw2178,2178,31,b,B,18,1,Uh-huh. /,Uh-huh/UH ./.,,,69.34,69.60000000000001
sw07utt/sw_0738_2178.utt,2/sw2178,2178,32,sd,A,19,1,{C And } we went to see KINDERGARTEN COP. /,And/CC we/PRP went/VBD to/TO see/VB KINDERGARTEN/NN COP/NN ./.,,,69.65,71.72999999999999
sw07utt/sw_0738_2178.utt,2/sw2178,2178,33,b,B,20,1,Yeah. /,Yeah/UH ./.,,,71.98,72.52000000000001
sw07utt/sw_0738_2178.utt,2/sw2178,2178,34,sd,A,21,1,{C And } I really liked both of them.  /,And/CC I/PRP really/RB liked/VBD both/DT of/IN them/PRP ./.,,,73.13,74.71000000000001
sw07utt/sw_0738_2178.utt,2/sw2178,2178,35,sd^e,A,21,2,I really did.  /,I/PRP really/RB did/VBD ./.,,,74.71,75.35000000000001
sw07utt/sw_0738_2178.utt,2/sw2178,2178,36,sd,A,21,3,"AWAKENING  [ was, + [ it + ] was ] kind of sad to me.  /","AWAKENING/NN was/VBD ,/, it/PRP was/VBD kind/RB of/RB sad/JJ to/IN me/PRP ./.",,,75.53,80.21
sw07utt/sw_0738_2178.utt,2/sw2178,2178,37,sd,A,21,4,"It really was,  /","It/PRP really/RB was/VBD ,/,",,,80.49,81.38999999999999
sw07utt/sw_0738_2178.utt,2/sw2178,2178,38,sv,A,21,5,"{C and } [ it would, + it would ]  be to anyone because, {D you know, } they really  don't know that much about it. /","and/CC it/PRP would/MD ,/, it/PRP would/MD be/VB to/IN anyone/NN because/IN ,/, you/PRP know/VBP ,/, they/PRP really/RB do/VBP n't/RB know/VB that/RB much/JJ about/IN it/PRP ./.",,,81.39,86.36999999999999
sw07utt/sw_0738_2178.utt,2/sw2178,2178,39,b,B,22,1,Uh-huh.  /,Uh-huh/UH ./.,,,86.74,86.97999999999999
sw07utt/sw_0738_2178.utt,2/sw2178,2178,40,bf,B,22,2,"{C So } this is where the people have been kind of <<pause>> W-, -/","So/RB this/DT is/VBZ where/WRB the/DT people/NNS have/VBP been/VBN kind/RB of/RB W/JJ ,/,",,,87.84,90.14999999999999
sw07utt/sw_0738_2178.utt,2/sw2178,2178,41,bf,B,22,3,"I don't a better word to say than like asleep or in a coma,","I/PRP do/VBP n't/RB a/DT better/JJR word/NN to/TO say/VB than/IN like/UH asleep/RB or/CC in/IN a/DT coma/NN ,/,",,,91.31,93.99
sw07utt/sw_0738_2178.utt,2/sw2178,2178,42,aa,A,23,1,Yeah. /,Yeah/UH ./.,,,94.05,94.13
sw07utt/sw_0738_2178.utt,2/sw2178,2178,43,+,B,24,1,for a long time. -/,for/IN a/DT long/JJ time/NN ./.,,,94.07,94.97000000000001
sw07utt/sw_0738_2178.utt,2/sw2178,2178,44,aa,A,25,1,"Yeah,  /","Yeah/UH ,/,",,,95.22,95.46
sw07utt/sw_0738_2178.utt,2/sw2178,2178,45,aa^r,A,25,2,yeah. /,yeah/UH ./.,,,95.46,95.6
sw07utt/sw_0738_2178.utt,2/sw2178,2178,46,bf,B,26,1,{C And } the drugs let them come back. /,And/CC the/DT drugs/NNS let/VBD them/PRP come/VB back/RB ./.,,,95.55,97.52999999999999
sw07utt/sw_0738_2178.utt,2/sw2178,2178,47,aa,A,27,1,Uh-huh.  /,Uh-huh/UH ./.,,,97.58,97.82
sw07utt/sw_0738_2178.utt,2/sw2178,2178,48,sd,A,27,2,"{C But } the drugs didn't work for long,  /","But/CC the/DT drugs/NNS did/VBD n't/RB work/VB for/IN long/JJ ,/,",,,98.28,101.24
sw07utt/sw_0738_2178.utt,2/sw2178,2178,49,sd,A,27,3,{C and } they started having real bad side effects. /,and/CC they/PRP started/VBD having/VBG real/RB bad/JJ side/NN effects/NNS ./.,,,101.32,103.44
sw07utt/sw_0738_2178.utt,2/sw2178,2178,50,b,B,28,1,Oh <sigh>. /,Oh/UH ./.,,,103.71,103.94999999999999
sw07utt/sw_0738_2178.utt,2/sw2178,2178,51,sd,A,29,1,"{C And } this is about nineteen sixty-four, {A I believe, }   or something like that,  /","And/CC this/DT is/VBZ about/RB nineteen/CD sixty-four/CD ,/, I/PRP believe/VBP ,/, or/CC something/NN like/IN that/DT ,/,",,,104.0,107.7
sw07utt/sw_0738_2178.utt,2/sw2178,2178,52,sd,A,29,2,"{C and } there still hasn't been any, {D you know, }  new development in prescribed drugs that can help it. /","and/CC there/EX still/RB has/VBZ n't/RB been/VBN any/DT ,/, you/PRP know/VBP ,/, new/JJ development/NN in/IN prescribed/VBN drugs/NNS that/WDT can/MD help/VB it/PRP ./.",,,108.2,115.82
sw07utt/sw_0738_2178.utt,2/sw2178,2178,53,%,B,30,1,{F Um. } /,Um/UH ./.,,,116.71,116.85
sw07utt/sw_0738_2178.utt,2/sw2178,2178,54,b,A,31,1,"{C But, } yeah,  /","But/CC ,/, yeah/UH ,/,",,,117.18,117.56
sw07utt/sw_0738_2178.utt,2/sw2178,2178,55,%,A,31,2,"there, {D you know, } - /","there/EX ,/, you/PRP know/VBP ,/,",,,117.56,118.24
sw07utt/sw_0738_2178.utt,2/sw2178,2178,56,sd,A,31,3,"[ it, + it ]  was a big breakthrough,  /","it/PRP ,/, it/PRP was/VBD a/DT big/JJ breakthrough/NN ,/,",,,118.24,120.88000000000001
sw07utt/sw_0738_2178.utt,2/sw2178,2178,57,sd,A,31,4,"{C but } in time, {D you know, }  [ the, + all the ] side effects started showing. /","but/CC in/IN time/NN ,/, you/PRP know/VBP ,/, the/DT ,/, all/PDT the/DT side/NN effects/NNS started/VBD showing/VBG ./.",,,120.88,124.86
sw07utt/sw_0738_2178.utt,2/sw2178,2178,58,qw,B,32,1,"{D Well, } how bad were the side effects? /","Well/UH ,/, how/WRB bad/JJ were/VBD the/DT side/NN effects/NNS ?/.",,,124.81,126.43
sw07utt/sw_0738_2178.utt,2/sw2178,2178,59,sd,A,33,1,Bad. /,Bad/JJ ./.,,,126.56,127.0
sw07utt/sw_0738_2178.utt,2/sw2178,2178,60,b,B,34,1,Oh. /,Oh/UH ./.,,,127.37,127.73
sw07utt/sw_0738_2178.utt,2/sw2178,2178,61,b,A,35,1,"Yeah,  /","Yeah/UH ,/,",,,127.78,128.04
sw07utt/sw_0738_2178.utt,2/sw2178,2178,62,b^r,A,35,2,yeah.  /,yeah/UH ./.,,,128.44,128.7
sw07utt/sw_0738_2178.utt,2/sw2178,2178,63,sd,A,35,3,"They [ was + ] actually went back like they were,","They/PRP was/VBD actually/RB went/VBN back/RB like/IN they/PRP were/VBD ,/,",,,129.36,131.72
sw07utt/sw_0738_2178.utt,2/sw2178,2178,64,b,B,36,1,Oh <sigh>. /,Oh/UH ./.,,,131.67,131.86999999999998
sw07utt/sw_0738_2178.utt,2/sw2178,2178,65,+,A,37,1,"{D you know, } -/","you/PRP know/VBP ,/,",,,132.56,132.96
sw07utt/sw_0738_2178.utt,2/sw2178,2178,66,%,B,38,1,{F Um. } /,Um/UH ./.,,,132.91,133.09
sw07utt/sw_0738_2178.utt,2/sw2178,2178,67,b,A,39,1,yeah.  /,yeah/UH ./.,,,133.94,134.24
sw07utt/sw_0738_2178.utt,2/sw2178,2178,68,%,A,39,2,"All it was, - /","All/DT it/PRP was/VBD ,/,",,,135.4,136.0
sw07utt/sw_0738_2178.utt,2/sw2178,2178,69,sd,A,39,3,"they wasn't mild, {D you know, } - /","they/PRP was/VBD n't/RB mild/JJ ,/, you/PRP know/VBP ,/,",,,136.0,137.79999999999998
sw07utt/sw_0738_2178.utt,2/sw2178,2178,70,sd,A,39,4,they was just bad side effects. /,they/PRP was/VBD just/RB bad/JJ side/NN effects/NNS ./.,,,137.8,140.62
sw07utt/sw_0738_2178.utt,2/sw2178,2178,71,%,B,40,1,{F Um. } /,Um/UH ./.,,,141.01,141.10999999999999
sw07utt/sw_0738_2178.utt,2/sw2178,2178,72,sd,A,41,1,"{C But } I really enjoyed it, though. /","But/CC I/PRP really/RB enjoyed/VBD it/PRP ,/, though/RB ./.",,,141.16,142.92
sw07utt/sw_0738_2178.utt,2/sw2178,2178,73,%,B,42,1,{F Um. } /,Um/UH ./.,,,142.87,143.07
sw07utt/sw_0738_2178.utt,2/sw2178,2178,74,o,A,43,1,You know. /,You/PRP know/VBP ./.,,,143.66,144.35999999999999
sw07utt/sw_0738_2178.utt,2/sw2178,2178,75,qo,B,44,1,{D Well } how about KINDERGARTEN COP? /,Well/UH how/WRB about/IN KINDERGARTEN/NN COP/NN ?/.,,,144.31,146.51
sw07utt/sw_0738_2178.utt,2/sw2178,2178,76,b,A,45,1,"{F Oh, } yeah  /","Oh/UH ,/, yeah/UH",,,146.56,147.48000000000002
sw07utt/sw_0738_2178.utt,2/sw2178,2178,77,sd,A,45,2,<laughter>.  That's strictly for entertainment <laughter>. /,./. That/DT 's/BES strictly/RB for/IN entertainment/NN ./.,,,148.74,150.74
sw07utt/sw_0738_2178.utt,2/sw2178,2178,78,x,B,46,1,<Laughter>.,,,,0.0,0.0
sw07utt/sw_0738_2178.utt,2/sw2178,2178,79,sd,A,47,1,"That was just <laughter>, - /","That/DT was/VBD just/RB ,/,",,,151.18,152.34
sw07utt/sw_0738_2178.utt,2/sw2178,2178,80,sd,A,47,2,"it was, -/","it/PRP was/VBD ,/,",,,152.48,152.82
sw07utt/sw_0738_2178.utt,2/sw2178,2178,81,sv,B,48,1,"{D You know, } Arnold Schwarzenegger is getting to be, {F uh, } a bit of a variety actor, {D you know. }  /","You/PRP know/VBP ,/, Arnold/NNP Schwarzenegger/NNP is/VBZ getting/VBG to/TO be/VB ,/, uh/UH ,/, a/DT bit/NN of/IN a/DT variety/NN actor/NN ,/, you/PRP know/VBP ./.",,,153.19,157.93
sw07utt/sw_0738_2178.utt,2/sw2178,2178,82,sv,B,48,2,At first he was just a big muscle man. /,At/IN first/RB he/PRP was/VBD just/RB a/DT big/JJ muscle/NN man/NN ./.,,,157.93,159.97
sw07utt/sw_0738_2178.utt,2/sw2178,2178,83,b,A,49,1,Yeah. /,Yeah/UH ./.,,,160.02,160.32000000000002
sw07utt/sw_0738_2178.utt,2/sw2178,2178,84,sv,B,50,1,{C But } he's kind of branching out. /,But/CC he/PRP 's/BES kind/RB of/RB branching/VBG out/RB ./.,,,160.45,162.26999999999998
sw07utt/sw_0738_2178.utt,2/sw2178,2178,85,aa,A,51,1,He sure is.  /,He/PRP sure/RB is/VBZ ./.,,,162.32,163.3
sw07utt/sw_0738_2178.utt,2/sw2178,2178,86,aa^r,A,51,2,"He is,  /","He/PRP is/VBZ ,/,",,,164.26,164.78
sw07utt/sw_0738_2178.utt,2/sw2178,2178,87,qy,A,51,3,"as a matter of fact, {F um, }  Sylvester Stallone, is that his name?/","as/IN a/DT matter/NN of/IN fact/NN ,/, um/UH ,/, Sylvester/NNP Stallone/NNP ,/, is/VBZ that/DT his/PRP$ name/NN ?/.",,,164.78,169.96
sw07utt/sw_0738_2178.utt,2/sw2178,2178,88,ny,B,52,1,Uh-huh. /,Uh-huh/UH ./.,,,169.91,170.17
sw07utt/sw_0738_2178.utt,2/sw2178,2178,89,sv,A,53,1,"I really believe Schwarzenegger is really going to be a [ varie-, + variety ] player more so than he is, because he really  played the part good. /","I/PRP really/RB believe/VBP Schwarzenegger/NNP is/VBZ really/RB going/VBG to/TO be/VB a/DT varie-/NN ,/, variety/NN player/NN more/RBR so/RB than/IN he/PRP is/VBZ ,/, because/IN he/PRP really/RB played/VBD the/DT part/NN good/RB ./.",,,170.28,180.22
sw07utt/sw_0738_2178.utt,2/sw2178,2178,90,x,B,54,1,<Laughter>.,,,,0.0,0.0
sw07utt/sw_0738_2178.utt,2/sw2178,2178,91,sv,A,55,1,"{D You know, } he could be this rough, tough guy and then, {D you know, } this substitute teacher. /","You/PRP know/VBP ,/, he/PRP could/MD be/VB this/DT rough/JJ ,/, tough/JJ guy/NN and/CC then/RB ,/, you/PRP know/VBP ,/, this/DT substitute/NN teacher/NN ./.",,,180.48,184.51999999999998
sw07utt/sw_0738_2178.utt,2/sw2178,2178,92,%,B,56,1,{F Um. } /,Um/UH ./.,,,184.88,185.04
sw07utt/sw_0738_2178.utt,2/sw2178,2178,93,sd,A,57,1,It was really good. /,It/PRP was/VBD really/RB good/JJ ./.,,,185.14,186.14
sw07utt/sw_0738_2178.utt,2/sw2178,2178,94,sd,B,58,1,"{D Well, } there was a movie out, - /","Well/UH ,/, there/EX was/VBD a/DT movie/NN out/RP ,/,",,,186.08,188.2
sw07utt/sw_0738_2178.utt,2/sw2178,2178,95,sd,B,58,2,"it's been on cable,  /","it/PRP 's/HVS been/VBN on/IN cable/NN ,/,",,,188.44,189.42000000000002
sw07utt/sw_0738_2178.utt,2/sw2178,2178,96,sd,B,58,3,"I get cable,  /","I/PRP get/VBP cable/NN ,/,",,,189.42,190.24
sw07utt/sw_0738_2178.utt,2/sw2178,2178,97,sd,B,58,4,"{C and } there's this thing with, {F uh, } Danny De Vito called TWINS./","and/CC there/EX 's/BES this/DT thing/NN with/IN ,/, uh/UH ,/, Danny/NNP De/NNP Vito/NNP called/VBD TWINS/NNS ./.",,,190.24,193.82000000000002
sw07utt/sw_0738_2178.utt,2/sw2178,2178,98,sd,A,59,1,"{F Oh, } I've seen that.  /","Oh/UH ,/, I/PRP 've/VBP seen/VBN that/DT ./.",,,194.02,195.20000000000002
sw07utt/sw_0738_2178.utt,2/sw2178,2178,99,%,A,59,2,Yes. /,Yes/UH ./.,,,195.2,195.48
sw07utt/sw_0738_2178.utt,2/sw2178,2178,100,sd,B,60,1,I thought that was just great. /,I/PRP thought/VBD that/DT was/VBD just/RB great/JJ ./.,,,195.74,197.3
sw07utt/sw_0738_2178.utt,2/sw2178,2178,101,%,A,61,1,"[ It is, + it is, ] - /","It/PRP is/VBZ ,/, it/PRP is/VBZ ,/,",,,197.4,198.12
sw07utt/sw_0738_2178.utt,2/sw2178,2178,102,qy,A,61,2,isn't it?  /,is/VBZ n't/RB it/PRP ?/.,,,198.12,198.54
sw07utt/sw_0738_2178.utt,2/sw2178,2178,103,aa,A,61,3,"Yes,  /","Yes/UH ,/,",,,198.54,198.78
sw07utt/sw_0738_2178.utt,2/sw2178,2178,104,aa^r,A,61,4,yes. /,yes/UH ./.,,,198.78,199.24
sw07utt/sw_0738_2178.utt,2/sw2178,2178,105,sd,B,62,1,"I even like [ some, + {E I mean, } some ]  of the original stuff,  /","I/PRP even/RB like/VBP some/DT ,/, I/PRP mean/VBP ,/, some/DT of/IN the/DT original/JJ stuff/NN ,/,",,,200.7,203.10000000000002
sw07utt/sw_0738_2178.utt,2/sw2178,2178,106,sd,B,62,2,{D like } I like THE TERMINATOR.  /,like/IN I/PRP like/VBP THE/DT TERMINATOR/NN ./.,,,203.1,204.56
sw07utt/sw_0738_2178.utt,2/sw2178,2178,107,sv,B,62,3,"At first, {D you know, } it was kind of strange, /","At/IN first/RB ,/, you/PRP know/VBP ,/, it/PRP was/VBD kind/RB of/RB strange/JJ ,/,",,,204.92,206.66
sw07utt/sw_0738_2178.utt,2/sw2178,2178,108,b,A,63,1,Yeah. /,Yeah/UH ./.,,,206.71,206.81
sw07utt/sw_0738_2178.utt,2/sw2178,2178,109,sd,B,64,1,{C but } I still like watching him in THE TERMINATOR.,but/CC I/PRP still/RB like/VBP watching/VBG him/PRP in/IN THE/DT TERMINATOR/NN ./.,,,206.76,208.94
sw07utt/sw_0738_2178.utt,2/sw2178,2178,110,b,A,65,1,Uh-huh. /,Uh-huh/UH ./.,,,208.99,209.11
sw07utt/sw_0738_2178.utt,2/sw2178,2178,111,+,B,66,1,"[ And, + and ] some of the other things.  /","And/CC ,/, and/CC some/DT of/IN the/DT other/JJ things/NNS ./.",,,209.06,210.88
sw07utt/sw_0738_2178.utt,2/sw2178,2178,112,sd,B,66,2,"{F Um, } TOTAL RECALL last year I thought was really good, last summer. /","Um/UH ,/, TOTAL/JJ RECALL/NN last/JJ year/NN I/PRP thought/VBD was/VBD really/RB good/JJ ,/, last/JJ summer/NN ./.",,,211.22,215.34
sw07utt/sw_0738_2178.utt,2/sw2178,2178,113,b,A,67,1,"{F Oh, } yeah. /","Oh/UH ,/, yeah/UH ./.",,,215.39,216.01
sw07utt/sw_0738_2178.utt,2/sw2178,2178,114,sd,B,68,1,"Guess it didn't last too long at the box office, /","Guess/VBP it/PRP did/VBD n't/RB last/VB too/RB long/RB at/IN the/DT box/NN office/NN ,/,",,,215.96,217.88000000000002
sw07utt/sw_0738_2178.utt,2/sw2178,2178,115,b,A,69,1,Yeah. /,Yeah/UH ./.,,,217.93,218.01000000000002
sw07utt/sw_0738_2178.utt,2/sw2178,2178,116,sd,B,70,1,{C but } I thought it was pretty good. /,but/CC I/PRP thought/VBD it/PRP was/VBD pretty/RB good/JJ ./.,,,217.96,218.9
sw07utt/sw_0738_2178.utt,2/sw2178,2178,117,aa,A,71,1,"I did too,  /","I/PRP did/VBD too/RB ,/,",,,218.95,219.57
sw07utt/sw_0738_2178.utt,2/sw2178,2178,118,aa,A,71,2,I really did. /,I/PRP really/RB did/VBD ./.,,,219.57,219.97
sw07utt/sw_0738_2178.utt,2/sw2178,2178,119,%,B,72,1,"{C And, } -/","And/CC ,/,",,,220.78,220.88
sw07utt/sw_0738_2178.utt,2/sw2178,2178,120,sd,A,73,1,I enjoy a lot of movies.  /,I/PRP enjoy/VBP a/DT lot/NN of/IN movies/NNS ./.,,,221.59,223.07
sw07utt/sw_0738_2178.utt,2/sw2178,2178,121,sd,A,73,2,"Now as far as, let's say, heavy violence, I can't handle <chiming>. /","Now/RB as/RB far/RB as/IN ,/, let/NN 's/PRP say/VB ,/, heavy/JJ violence/NN ,/, I/PRP ca/MD n't/RB handle/VB ./.",,,223.47,228.67000000000002
sw07utt/sw_0738_2178.utt,2/sw2178,2178,122,%,B,74,1,{F Um. } /,Um/UH ./.,,,229.4,229.52
sw07utt/sw_0738_2178.utt,2/sw2178,2178,123,sd,A,75,1,"I'm not into that, {D you know, }  /","I/PRP 'm/VBP not/RB into/IN that/DT ,/, you/PRP know/VBP ,/,",,,229.59,232.21
sw07utt/sw_0738_2178.utt,2/sw2178,2178,124,%,A,75,2,"I ju-, - /","I/PRP ju-/XX ,/,",,,0.0,0.0
sw07utt/sw_0738_2178.utt,2/sw2178,2178,125,sd,A,75,3,like RAMBO and all that. -/,like/IN RAMBO/NNP and/CC all/DT that/NN ./.,,,232.57,233.97
sw07utt/sw_0738_2178.utt,2/sw2178,2178,126,%,B,76,1,{F Um. } /,Um/UH ./.,,,233.92,233.98
sw07utt/sw_0738_2178.utt,2/sw2178,2178,127,%,A,77,1,"I, - /","I/PRP ,/,",,,234.45,234.63
sw07utt/sw_0738_2178.utt,2/sw2178,2178,128,sd,A,77,2,that's just <<pause>>  something I just don't want to watch. /,that/DT 's/BES just/RB something/NN I/PRP just/RB do/VBP n't/RB want/VB to/TO watch/VB ./.,,,234.63,238.07
sw07utt/sw_0738_2178.utt,2/sw2178,2178,129,b,B,78,1,"Yeah,  /","Yeah/UH ,/,",,,238.34,238.88
sw07utt/sw_0738_2178.utt,2/sw2178,2178,130,b^r,B,78,2,"yeah,  /","yeah/UH ,/,",,,240.24,240.70000000000002
sw07utt/sw_0738_2178.utt,2/sw2178,2178,131,sd,B,78,3,"{C and } [ I, + I ]  have some, - /","and/CC I/PRP ,/, I/PRP have/VBP some/DT ,/,",,,240.7,242.22
sw07utt/sw_0738_2178.utt,2/sw2178,2178,132,sd,B,78,4,one person at work I know gets really into those goofy horror flicks --/,one/CD person/NN at/IN work/NN I/PRP know/VBP gets/VBZ really/RB into/IN those/DT goofy/JJ horror/NN flicks/NNS --/:,,,242.36,246.46
sw07utt/sw_0738_2178.utt,2/sw2178,2178,133,b,A,79,1,Oh. /,Oh/UH ./.,,,246.51,246.57
sw07utt/sw_0738_2178.utt,2/sw2178,2178,134,sd(^q),B,80,1,"-- {C and } I just keep telling her,  how can you do that?  /","--/: and/CC I/PRP just/RB keep/VB telling/VBG her/PRP$ ,/, how/WRB can/MD you/PRP do/VB that/DT ?/.",,,246.52,248.48
sw07utt/sw_0738_2178.utt,2/sw2178,2178,135,sd,B,80,2,"{C And } I told her when she had [ her, + her ] little girl.  /","And/CC I/PRP told/VBD her/PRP$ when/WRB she/PRP had/VBD her/PRP$ ,/, her/PRP$ little/JJ girl/NN ./.",,,248.48,250.85
sw07utt/sw_0738_2178.utt,2/sw2178,2178,136,sd(^q),B,80,3,"I said, now you better get out of the habit of watching those.   /","I/PRP said/VBD ,/, now/RB you/PRP better/RB get/VBP out/IN of/IN the/DT habit/NN of/IN watching/VBG those/DT ./.",,,250.85,253.01
sw07utt/sw_0738_2178.utt,2/sw2178,2178,137,^q,B,80,4,"You shouldn't be watching them with your little girl, /","You/PRP should/MD n't/RB be/VB watching/VBG them/PRP with/IN your/PRP$ little/JJ girl/NN ,/,",,,253.01,255.53
sw07utt/sw_0738_2178.utt,2/sw2178,2178,138,x,A,81,1,</Chiming>.,,,,0.0,0.0
sw07utt/sw_0738_2178.utt,2/sw2178,2178,139,sd,B,82,1,{C and } she says her little girl's into it now. /,and/CC she/PRP says/VBZ her/PRP$ little/JJ girl/NN 's/BES into/IN it/PRP now/RB ./.,,,255.79,257.97
sw07utt/sw_0738_2178.utt,2/sw2178,2178,140,ba,A,83,1,"{F Oh, } my goodness. /","Oh/UH ,/, my/PRP$ goodness/UH ./.",,,258.07,258.99
sw07utt/sw_0738_2178.utt,2/sw2178,2178,141,sd,B,84,1,"{C And } [ she wat-, + she watches ] these really gross things {D you know, } like,","And/CC she/PRP wat/VBZ ,/, she/PRP watches/VBZ these/DT really/RB gross/JJ things/NNS you/PRP know/VBP ,/, like/IN ,/,",,,258.93,261.33
sw07utt/sw_0738_2178.utt,2/sw2178,2178,142,b,A,85,1,Yeah. /,Yeah/UH ./.,,,261.43,261.55
sw07utt/sw_0738_2178.utt,2/sw2178,2178,143,+,B,86,1,"THE NIGHTMARE ON ELM STREET,","THE/DT NIGHTMARE/NN ON/IN ELM/NNP STREET/NN ,/,",,,262.01,263.45
sw07utt/sw_0738_2178.utt,2/sw2178,2178,144,b,A,87,1,"{F Oh, } uh-huh. /","Oh/UH ,/, uh-huh/UH ./.",,,263.51,263.93
sw07utt/sw_0738_2178.utt,2/sw2178,2178,145,+,B,88,1,"and, [ The, + ] {D you know, } that kind of,","and/CC ,/, The/DT ,/, you/PRP know/VBP ,/, that/DT kind/NN of/IN ,/,",,,263.87,265.21
sw07utt/sw_0738_2178.utt,2/sw2178,2178,146,b,A,89,1,"Yeah,  /","Yeah/UH ,/,",,,265.27,265.45
sw07utt/sw_0738_2178.utt,2/sw2178,2178,147,b,A,89,2,uh-huh. /,uh-huh/UH ./.,,,265.45,265.57
sw07utt/sw_0738_2178.utt,2/sw2178,2178,148,+,B,90,1,junk. /,junk/NN ./.,,,265.51,265.71
sw07utt/sw_0738_2178.utt,2/sw2178,2178,149,b,A,91,1,Oh. /,Oh/UH ./.,,,265.77,265.83
sw07utt/sw_0738_2178.utt,2/sw2178,2178,150,sd,B,92,1,I don't go for that at all. /,I/PRP do/VBP n't/RB go/VB for/IN that/DT at/IN all/DT ./.,,,265.77,267.19
sw07utt/sw_0738_2178.utt,2/sw2178,2178,151,sd,A,93,1,I guess I'm a little too scary <laughter> for that. /,I/PRP guess/VBP I/PRP 'm/VBP a/DT little/JJ too/RB scary/JJ for/IN that/DT ./.,,,267.38,270.08
sw07utt/sw_0738_2178.utt,2/sw2178,2178,152,sd,B,94,1,"I remember when I was real little, [ I, + ]  we all went to some kind of scary movie,  /","I/PRP remember/VBP when/WRB I/PRP was/VBD real/RB little/JJ ,/, I/PRP ,/, we/PRP all/DT went/VBD to/IN some/DT kind/NN of/IN scary/JJ movie/NN ,/,",,,271.09,276.19
sw07utt/sw_0738_2178.utt,2/sw2178,2178,153,sd,B,94,2,"{C and } it was like this [ ho-, + big house ]  had a basement,  /","and/CC it/PRP was/VBD like/IN this/DT ho-/NN ,/, big/JJ house/NN had/VBD a/DT basement/NN ,/,",,,276.74,279.88
sw07utt/sw_0738_2178.utt,2/sw2178,2178,154,sd,B,94,3,"{C and } there was all these weird things going on in the basement, {D you know, }  /","and/CC there/EX was/VBD all/PDT these/DT weird/JJ things/NNS going/VBG on/RP in/IN the/DT basement/NN ,/, you/PRP know/VBP ,/,",,,280.32,283.26000000000005
sw07utt/sw_0738_2178.utt,2/sw2178,2178,155,sd,B,94,4,{C and } I was scared to death of our house had a basement for years./,and/CC I/PRP was/VBD scared/JJ to/IN death/NN of/IN our/PRP$ house/NN had/VBD a/DT basement/NN for/IN years/NNS ./.,,,283.3,286.9
sw07utt/sw_0738_2178.utt,2/sw2178,2178,156,b,A,95,1,"{F Oh, } uh-huh. /","Oh/UH ,/, uh-huh/UH ./.",,,286.96,287.68
sw07utt/sw_0738_2178.utt,2/sw2178,2178,157,o,B,96,1,"You know,  /","You/PRP know/VBP ,/,",,,287.62,287.8
sw07utt/sw_0738_2178.utt,2/sw2178,2178,158,sd,B,96,2,"{C and } I got a lot of really weird ideas,","and/CC I/PRP got/VBD a/DT lot/NN of/IN really/RB weird/JJ ideas/NNS ,/,",,,287.8,290.26
sw07utt/sw_0738_2178.utt,2/sw2178,2178,159,b,A,97,1,"Yes,  /","Yes/UH ,/,",,,290.32,290.38
sw07utt/sw_0738_2178.utt,2/sw2178,2178,160,b^r,A,97,2,yes. /,yes/UH ./.,,,290.38,290.46
sw07utt/sw_0738_2178.utt,2/sw2178,2178,161,+,B,98,1,from that goofy movie. /,from/IN that/DT goofy/JJ movie/NN ./.,,,290.4,291.84
sw07utt/sw_0738_2178.utt,2/sw2178,2178,162,b,A,99,1,Yes. /,Yes/UH ./.,,,291.9,292.14
sw07utt/sw_0738_2178.utt,2/sw2178,2178,163,sd,B,100,1,"{D You know, } they tell you that kids can, {D you know, } be impressed by all that stuff,  /","You/PRP know/VBP ,/, they/PRP tell/VBP you/PRP that/IN kids/NNS can/MD ,/, you/PRP know/VB ,/, be/VB impressed/JJ by/IN all/PDT that/DT stuff/NN ,/,",,,294.24,298.48
sw07utt/sw_0738_2178.utt,2/sw2178,2178,164,sv,B,100,2,{C and } it's true. /,and/CC it/PRP 's/BES true/JJ ./.,,,298.48,299.74
sw07utt/sw_0738_2178.utt,2/sw2178,2178,165,aa,A,101,1,"It is,  /","It/PRP is/VBZ ,/,",,,299.8,300.02
sw07utt/sw_0738_2178.utt,2/sw2178,2178,166,aa^r,A,101,2,"it really is,  /","it/PRP really/RB is/VBZ ,/,",,,300.02,300.52
sw07utt/sw_0738_2178.utt,2/sw2178,2178,167,aa,A,101,3,yes. /,yes/UH ./.,,,300.52,300.79999999999995
sw07utt/sw_0738_2178.utt,2/sw2178,2178,168,sd,B,102,1,"[ I, + I ] had a lot of things that  [ I, + I, ] - /","I/PRP ,/, I/PRP had/VBD a/DT lot/NN of/IN things/NNS that/WDT I/PRP ,/, I/PRP ,/,",,,300.74,302.18
sw07utt/sw_0738_2178.utt,2/sw2178,2178,169,sd,B,102,2,nobody told me that it was all fake.  /,nobody/NN told/VBD me/PRP that/IN it/PRP was/VBD all/DT fake/JJ ./.,,,302.48,304.04
sw07utt/sw_0738_2178.utt,2/sw2178,2178,170,sd(^q),B,102,3,"I was just sitting there watching it,","I/PRP was/VBD just/RB sitting/VBG there/RB watching/VBG it/PRP ,/,",,,304.04,305.26000000000005
sw07utt/sw_0738_2178.utt,2/sw2178,2178,171,b^m,A,103,1,"watchi-, - /","watchi/VBG ,/,",,,0.0,0.0
sw07utt/sw_0738_2178.utt,2/sw2178,2178,172,b,A,103,2,yeah. /,yeah/UH ./.,,,305.32,305.42
sw07utt/sw_0738_2178.utt,2/sw2178,2178,173,+,B,104,1,"going <talking> <<like a scared child>> {F Oh, }  jeez <laughter>. /","going/VBG Oh/UH ,/, jeez/UH ./.",,,305.36,306.15999999999997
sw07utt/sw_0738_2178.utt,2/sw2178,2178,174,b^m,A,105,1,"Watching,  /","Watching/VBG ,/,",,,306.28,306.84
sw07utt/sw_0738_2178.utt,2/sw2178,2178,175,b,A,105,2,"yes, <talking> <<as if a scared child>>  /","yes/UH ,/,",,,306.84,306.9
sw07utt/sw_0738_2178.utt,2/sw2178,2178,176,^q,A,105,3,"{F oh, } I don't want to go home, <<normal voice>>  /","oh/UH ,/, I/PRP do/VBP n't/RB want/VB to/TO go/VB home/NN ,/,",,,307.16,308.96
sw07utt/sw_0738_2178.utt,2/sw2178,2178,177,b,A,105,4,"yes,  /","yes/UH ,/,",,,308.96,309.18
sw07utt/sw_0738_2178.utt,2/sw2178,2178,178,b^r,A,105,5,yes  <laughter>.  /,yes/UH ./.,,,309.34,309.41999999999996
sw07utt/sw_0738_2178.utt,2/sw2178,2178,179,ba,A,105,6,"{F Oh, } goodness. /","Oh/UH ,/, goodness/UH ./.",,,310.36,311.24
sw07utt/sw_0738_2178.utt,2/sw2178,2178,180,sv,B,106,1,"{C But } I think a lot of kids,  {A it's funny, } get the same kind of fears, like  there's somebody under the bed. /","But/CC I/PRP think/VBP a/DT lot/NN of/IN kids/NNS ,/, it/PRP 's/BES funny/JJ ,/, get/VB the/DT same/JJ kind/NN of/IN fears/NNS ,/, like/IN there/EX 's/BES somebody/NN under/IN the/DT bed/NN ./.",,,311.18,315.74
sw07utt/sw_0738_2178.utt,2/sw2178,2178,181,aa,A,107,1,Yes.  /,Yes/UH ./.,,,315.8,316.24
sw07utt/sw_0738_2178.utt,2/sw2178,2178,182,%,A,107,2,Oh. /,Oh/UH ./.,,,316.57,316.90999999999997
sw07utt/sw_0738_2178.utt,2/sw2178,2178,183,qw,B,108,1,Where do we get that from? /,Where/WRB do/VBP we/PRP get/VB that/DT from/RB ?/.,,,316.86,317.8
sw07utt/sw_0738_2178.utt,2/sw2178,2178,184,o,A,109,1,"Yes,  /","Yes/UH ,/,",,,317.85,318.09000000000003
sw07utt/sw_0738_2178.utt,2/sw2178,2178,185,o,A,109,2,"I know, {F uh, }  /","I/PRP know/VBP ,/, uh/UH ,/,",,,318.09,319.07
sw07utt/sw_0738_2178.utt,2/sw2178,2178,186,sd,A,109,3,I have two children.  /,I/PRP have/VBP two/CD children/NNS ./.,,,319.07,320.63000000000005
sw07utt/sw_0738_2178.utt,2/sw2178,2178,187,sd,A,109,4,"I really try to watch what they watch,  /","I/PRP really/RB try/VBP to/TO watch/VB what/WP they/PRP watch/VBP ,/,",,,320.97,323.47
sw07utt/sw_0738_2178.utt,2/sw2178,2178,188,sd,A,109,5,"I really do, because my youngest one,  he watches something, you might as well just plan on staying up all night,  because {D you know } <laughter>,","I/PRP really/RB do/VBP ,/, because/IN my/PRP$ youngest/JJS one/NN ,/, he/PRP watches/VBZ something/NN ,/, you/PRP might/MD as/IN well/RB just/RB plan/VB on/IN staying/VBG up/IN all/RB night/NN ,/, because/IN you/PRP know/VBP ,/,",,,323.57,330.95
sw07utt/sw_0738_2178.utt,2/sw2178,2178,189,x,B,110,1,<Laughter>.,,,,0.0,0.0
sw07utt/sw_0738_2178.utt,2/sw2178,2178,190,+,A,111,1,"He'll come in,  /","He/PRP 'll/MD come/VB in/RB ,/,",,,331.53,333.93
sw07utt/sw_0738_2178.utt,2/sw2178,2178,191,^q,A,111,2,"Mama, I think the ghost is in the house,  /","Mama/NNP ,/, I/PRP think/VBP the/DT ghost/NN is/VBZ in/IN the/DT house/NN ,/,",,,333.93,336.33
sw07utt/sw_0738_2178.utt,2/sw2178,2178,192,^q,A,111,3,"Mama, I hear it, /","Mama/NNP ,/, I/PRP hear/VBP it/PRP ,/,",,,336.33,337.39
sw07utt/sw_0738_2178.utt,2/sw2178,2178,193,qw@,B,112,1,{F Um. },Um/UH ./.,,,337.34,337.46
sw07utt/sw_0738_2178.utt,2/sw2178,2178,194,^q,A,113,1,don't you? /,do/VBP n't/RB you/PRP ?/.,,,337.85,338.35
sw07utt/sw_0738_2178.utt,2/sw2178,2178,195,+@,B,114,1,How old are they? /,How/WRB old/JJ are/VBP they/PRP ?/.,,,339.14,340.08
sw07utt/sw_0738_2178.utt,2/sw2178,2178,196,sd,A,115,1,They're eight and ten. /,They/PRP 're/VBP eight/CD and/CC ten/CD ./.,,,340.13,342.97
sw07utt/sw_0738_2178.utt,2/sw2178,2178,197,x,B,116,1,<Laughter>.,,,,0.0,0.0
sw07utt/sw_0738_2178.utt,2/sw2178,2178,198,bf,A,117,1,"{C So } they're, {D you know, }  ((   )) - /","So/RB they/PRP 're/VBP ,/, you/PRP know/VBP ,/, MUMBLEx/XX",,,343.47,345.77000000000004
sw07utt/sw_0738_2178.utt,2/sw2178,2178,199,sd,A,117,2,"it's just a movie, {D you know, }  /","it/PRP 's/BES just/RB a/DT movie/NN ,/, you/PRP know/VBP ,/,",,,345.77,348.45
sw07utt/sw_0738_2178.utt,2/sw2178,2178,200,sd(^q),A,117,3,"I try to say, it's just a movie,  /","I/PRP try/VBP to/TO say/VB ,/, it/PRP 's/BES just/RB a/DT movie/NN ,/,",,,348.69,350.69
sw07utt/sw_0738_2178.utt,2/sw2178,2178,201,sd,A,117,4,"{C but } no,  /","but/CC no/UH ,/,",,,350.69,351.21
sw07utt/sw_0738_2178.utt,2/sw2178,2178,202,^q,A,117,5,"Mama, I've seen it <laughter>. /","Mama/NNP ,/, I/PRP 've/VBP seen/VBN it/PRP ./.",,,351.21,352.23
sw07utt/sw_0738_2178.utt,2/sw2178,2178,203,b,B,118,1,"{F Oh, }  /","Oh/UH ,/,",,,352.67,352.97
sw07utt/sw_0738_2178.utt,2/sw2178,2178,204,sd,B,118,2,"{C but } I remember, I was with a friend of mine, had, {F uh, } three kids,  /","but/CC I/PRP remember/VBP ,/, I/PRP was/VBD with/IN a/DT friend/NN of/IN mine/PRP ,/, had/VBD ,/, uh/UH ,/, three/CD kids/NNS ,/,",,,353.07,357.49
sw07utt/sw_0738_2178.utt,2/sw2178,2178,205,sd,B,118,3,"{C and } the little boy must have been, {F oh, } maybe about  ten.  /","and/CC the/DT little/JJ boy/NN must/MD have/VB been/VBN ,/, oh/UH ,/, maybe/RB about/RB ten/CD ./.",,,357.49,361.27
sw07utt/sw_0738_2178.utt,2/sw2178,2178,206,sd,B,118,4,{C And } we rented CHARLOTTE'S WEB.  /,And/CC we/PRP rented/VBD CHARLOTTE/NNP 'S/POS WEB/NN ./.,,,361.57,363.59
sw07utt/sw_0738_2178.utt,2/sw2178,2178,207,%,B,118,5,Okay. /,Okay/UH ./.,,,363.83,364.28999999999996
sw07utt/sw_0738_2178.utt,2/sw2178,2178,208,b,A,119,1,"{F Oh, } uh-huh. /","Oh/UH ,/, uh-huh/UH ./.",,,364.35,364.93
sw07utt/sw_0738_2178.utt,2/sw2178,2178,209,sd(^q),B,120,1,{C And } he just bawled at the end --,And/CC he/PRP just/RB bawled/VBD at/IN the/DT end/NN --/:,,,365.41,369.78999999999996
sw07utt/sw_0738_2178.utt,2/sw2178,2178,210,b,A,121,1,"{F Oh, } /","Oh/UH ,/,",,,369.85,369.97
sw07utt/sw_0738_2178.utt,2/sw2178,2178,211,+,B,122,1,"-- and just <noise> <<imitating a crying child>> {F uh, } she's not going to die. /","--/: and/CC just/RB uh/UH ,/, she/PRP 's/BES not/RB going/VBG to/TO die/VB ./.",,,369.91,372.55
sw07utt/sw_0738_2178.utt,2/sw2178,2178,212,b,A,123,1,Oh. /,Oh/UH ./.,,,372.62,372.74
sw07utt/sw_0738_2178.utt,2/sw2178,2178,213,sd(^q),B,124,1,"{C And } we were trying to say, Kenny, it's okay,  /","And/CC we/PRP were/VBD trying/VBG to/TO say/VB ,/, Kenny/NNP ,/, it/PRP 's/BES okay/JJ ,/,",,,372.69,374.95
sw07utt/sw_0738_2178.utt,2/sw2178,2178,214,sd,B,124,2,{C and } he didn't want to listen to it. /,and/CC he/PRP did/VBD n't/RB want/VB to/TO listen/VB to/IN it/PRP ./.,,,374.95,376.29
sw07utt/sw_0738_2178.utt,2/sw2178,2178,215,b,A,125,1,Oh. /,Oh/UH ./.,,,376.7,376.78
sw07utt/sw_0738_2178.utt,2/sw2178,2178,216,sd,B,126,1,"He just was beside himself, {D you know, }  /","He/PRP just/RB was/VBD beside/IN himself/PRP ,/, you/PRP know/VBP ,/,",,,376.73,379.59999999999997
sw07utt/sw_0738_2178.utt,2/sw2178,2178,217,sd,B,126,2,"this is supposed to be a nice children's movie, CHARLOTTE'S WEB.  /","this/DT is/VBZ supposed/VBN to/TO be/VB a/DT nice/JJ children/NNS 's/POS movie/NN ,/, CHARLOTTE/NNP 'S/POS WEB/NN ./.",,,379.6,382.42
sw07utt/sw_0738_2178.utt,2/sw2178,2178,218,sd,B,126,3,He just couldn't stand it that Charlotte was going to die at the end./,He/PRP just/RB could/MD n't/RB stand/VB it/PRP that/IN Charlotte/NNP was/VBD going/VBG to/TO die/VB at/IN the/DT end/NN ./.,,,382.66,386.8
sw07utt/sw_0738_2178.utt,2/sw2178,2178,219,b^m,A,127,1,"Die,  /","Die/VB ,/,",,,387.28,387.58
sw07utt/sw_0738_2178.utt,2/sw2178,2178,220,b,A,127,2,oh <laughter>.  /,oh/UH ./.,,,387.58,387.88
sw07utt/sw_0738_2178.utt,2/sw2178,2178,221,b^r,A,127,3,Oh <sigh>. /,Oh/UH ./.,,,387.88,388.21999999999997
sw07utt/sw_0738_2178.utt,2/sw2178,2178,222,x,B,128,1,<Laughter>.,,,,0.0,0.0
sw07utt/sw_0738_2178.utt,2/sw2178,2178,223,sv,A,129,1,"It's funny how your little minds work,  /","It/PRP 's/BES funny/JJ how/WRB your/PRP$ little/JJ minds/NNS work/VBP ,/,",,,388.46,392.02000000000004
sw07utt/sw_0738_2178.utt,2/sw2178,2178,224,^g,A,129,2,isn't it? /,is/VBZ n't/RB it/PRP ?/.,,,392.02,392.26
sw07utt/sw_0738_2178.utt,2/sw2178,2178,225,ny,B,130,1,"{F Oh, } yeah  /","Oh/UH ,/, yeah/UH",,,392.2,392.88
sw07utt/sw_0738_2178.utt,2/sw2178,2178,226,^q,B,130,2,"<<imitating a crying child>>.   She's so nice,  /","./. She/PRP 's/BES so/RB nice/JJ ,/,",,,393.14,394.38
sw07utt/sw_0738_2178.utt,2/sw2178,2178,227,^q,B,130,3,she can't die <laughter>. /,she/PRP ca/MD n't/RB die/VB ./.,,,394.5,395.62
sw07utt/sw_0738_2178.utt,2/sw2178,2178,228,b,A,131,1,Oh <laughter>. /,Oh/UH ./.,,,395.7,395.86
sw07utt/sw_0738_2178.utt,2/sw2178,2178,229,%,B,132,1,"<Laughter>  {F Oh, } it was jus-, -/","Oh/UH ,/, it/PRP was/VBD jus-/RB ,/,",,,395.8,396.65999999999997
sw07utt/sw_0738_2178.utt,2/sw2178,2178,230,sv,A,133,1,"{F Oh, } I guess that's why the actors and actresses make millions of dollars,  /","Oh/UH ,/, I/PRP guess/VBP that/DT 's/BES why/WRB the/DT actors/NNS and/CC actresses/NNS make/VBP millions/NNS of/IN dollars/NNS ,/,",,,396.72,402.76
sw07utt/sw_0738_2178.utt,2/sw2178,2178,231,sv,A,133,2,"people like us, {D you know } <laughter>. -/","people/NNS like/IN us/PRP ,/, you/PRP know/VBP ./.",,,402.84,407.71999999999997
sw07utt/sw_0738_2178.utt,2/sw2178,2178,232,b,B,134,1,"<Laughter>  {F Oh, } /","Oh/UH ,/,",,,407.66,407.82000000000005
sw07utt/sw_0738_2178.utt,2/sw2178,2178,233,ba,A,135,1,"<Laughter>  {F Oh, } goodness.  /","Oh/UH ,/, goodness/UH ./.",,,407.88,409.04
sw07utt/sw_0738_2178.utt,2/sw2178,2178,234,fc,A,135,2,"{D Well, } {D well }  I've enjoyed talking to you. /","Well/UH ,/, well/UH I/PRP 've/VBP enjoyed/VBN talking/VBG to/IN you/PRP ./.",,,409.88,412.32000000000005
sw07utt/sw_0738_2178.utt,2/sw2178,2178,235,fc,B,136,1,You too. /,You/PRP too/RB ./.,,,412.26,412.82
sw07utt/sw_0738_2178.utt,2/sw2178,2178,236,fc,A,137,1,{C And } maybe we'll run across each other again. /,And/CC maybe/RB we/PRP 'll/MD run/VB across/IN each/DT other/JJ again/RB ./.,,,412.88,415.28000000000003
sw07utt/sw_0738_2178.utt,2/sw2178,2178,237,fc,B,138,1,"Yeah, /","Yeah/UH ,/,",,,415.22,415.52000000000004
sw07utt/sw_0738_2178.utt,2/sw2178,2178,238,sv^t,B,138,2,this is kind of neat.  /,this/DT is/VBZ kind/RB of/RB neat/JJ ./.,,,416.04,416.88000000000005
sw07utt/sw_0738_2178.utt,2/sw2178,2178,239,sd^t,B,138,3,I haven't ever initiated a call.  /,I/PRP have/VBP n't/RB ever/RB initiated/VBN a/DT call/NN ./.,,,416.88,418.78
sw07utt/sw_0738_2178.utt,2/sw2178,2178,240,sd^t,B,138,4,"I've just been called, {D you know, } by the switchboard,  /","I/PRP 've/VBP just/RB been/VBN called/VBN ,/, you/PRP know/VBP ,/, by/IN the/DT switchboard/NN ,/,",,,418.78,422.09999999999997
sw07utt/sw_0738_2178.utt,2/sw2178,2178,241,sd^t,B,138,5,"{C and, } {F uh, } {D well, } the first week, I think, a lot more people were doing it.  /","and/CC ,/, uh/UH ,/, well/UH ,/, the/DT first/JJ week/NN ,/, I/PRP think/VBP ,/, a/DT lot/NN more/JJR people/NNS were/VBD doing/VBG it/PRP ./.",,,422.58,426.58
sw07utt/sw_0738_2178.utt,2/sw2178,2178,242,sd^t,B,138,6,{C But } I normally  get a call {D like } every other day. /,But/CC I/PRP normally/RB get/VBP a/DT call/NN like/IN every/DT other/JJ day/NN ./.,,,426.58,428.91999999999996
sw07utt/sw_0738_2178.utt,2/sw2178,2178,243,bh,A,139,1,Do you?  /,Do/VBP you/PRP ?/.,,,428.97,429.07
sw07utt/sw_0738_2178.utt,2/sw2178,2178,244,%,A,139,2,"{D Well, } as far as, - /","Well/UH ,/, as/RB far/RB as/IN ,/,",,,429.41,430.41
sw07utt/sw_0738_2178.utt,2/sw2178,2178,245,sd^t,A,139,3,we could not call in last week. /,we/PRP could/MD not/RB call/VB in/RB last/JJ week/NN ./.,,,430.65,433.46999999999997
sw07utt/sw_0738_2178.utt,2/sw2178,2178,246,%,B,140,1,{F Um. } /,Um/UH ./.,,,433.81,433.97
sw07utt/sw_0738_2178.utt,2/sw2178,2178,247,sd^t,A,141,1,"{D You know, } from where I'm at.","You/PRP know/VBP ,/, from/IN where/WRB I/PRP 'm/VBP at/RB ./.",,,434.45,435.96999999999997
sw07utt/sw_0738_2178.utt,2/sw2178,2178,248,b,B,142,1,Uh-huh. /,Uh-huh/UH ./.,,,435.93,436.19
sw07utt/sw_0738_2178.utt,2/sw2178,2178,249,+,A,143,1,We couldn't call in.  /,We/PRP could/MD n't/RB call/VB in/RB ./.,,,436.25,437.29
sw07utt/sw_0738_2178.utt,2/sw2178,2178,250,sd^t,A,143,2,"They said it would be up Friday, [ the, + ] March the fifteenth before it was prepared.  /","They/PRP said/VBD it/PRP would/MD be/VB up/RB Friday/NNP ,/, the/DT ,/, March/NNP the/DT fifteenth/JJ before/IN it/PRP was/VBD prepared/VBN ./.",,,437.67,442.83
sw07utt/sw_0738_2178.utt,2/sw2178,2178,251,sd^t,A,143,3,"{C So } I missed several days, because I was getting quite a few calls. /","So/RB I/PRP missed/VBD several/JJ days/NNS ,/, because/IN I/PRP was/VBD getting/VBG quite/RB a/DT few/JJ calls/NNS ./.",,,443.57,447.57000000000005
sw07utt/sw_0738_2178.utt,2/sw2178,2178,252,ba,B,144,1,{F Um. }  How weird.  /,Um/UH ./. How/WRB weird/JJ ./.,,,447.99,450.17
sw07utt/sw_0738_2178.utt,2/sw2178,2178,253,h,B,144,2,"I don't know,  /","I/PRP do/VBP n't/RB know/VB ,/,",,,451.45,451.77000000000004
sw07utt/sw_0738_2178.utt,2/sw2178,2178,254,sd^t,B,144,3,"{C and } [ they, + they ]  do have a variety of topics.  /","and/CC they/PRP ,/, they/PRP do/VBP have/VB a/DT variety/NN of/IN topics/NNS ./.",,,451.77,453.89000000000004
sw07utt/sw_0738_2178.utt,2/sw2178,2178,255,sd^t,B,144,4,"My first one was the toughest, /","My/PRP$ first/JJ one/NN was/VBD the/DT toughest/JJS ,/,",,,453.89,455.49
sw07utt/sw_0738_2178.utt,2/sw2178,2178,256,x,A,145,1,<Cough>.,,,,0.0,0.0
sw07utt/sw_0738_2178.utt,2/sw2178,2178,257,sd^t,B,146,1,it was something like discuss pollution. /,it/PRP was/VBD something/NN like/IN discuss/VB pollution/NN ./.,,,455.49,457.51
sw07utt/sw_0738_2178.utt,2/sw2178,2178,258,b,A,147,1,"{F Oh, } uh-huh,  /","Oh/UH ,/, uh-huh/UH ,/,",,,457.75,458.92999999999995
sw07utt/sw_0738_2178.utt,2/sw2178,2178,259,b,A,147,2,oh. /,oh/UH ./.,,,459.27,459.60999999999996
sw07utt/sw_0738_2178.utt,2/sw2178,2178,260,sd^t,B,148,1,"<Laughter>  ((   ))  It was discuss air pollution,","MUMBLEx/XX It/PRP was/VBD discuss/VB air/NN pollution/NN ,/,",,,459.55,462.13
sw07utt/sw_0738_2178.utt,2/sw2178,2178,261,b,A,149,1,Yes. /,Yes/UH ./.,,,462.19,462.25
sw07utt/sw_0738_2178.utt,2/sw2178,2178,262,+,B,150,1,causes of it and cures.  /,causes/NNS of/IN it/PRP and/CC cures/NNS ./.,,,462.19,463.61
sw07utt/sw_0738_2178.utt,2/sw2178,2178,263,sd(^q),B,150,2,"I was going, {F oh, } {D well }  <laughter>. -/","I/PRP was/VBD going/VBG ,/, oh/UH ,/, well/UH ./.",,,463.61,465.84
sw07utt/sw_0738_2178.utt,2/sw2178,2178,264,b,A,151,1,Oh.  /,Oh/UH ./.,,,465.9,466.06
sw07utt/sw_0738_2178.utt,2/sw2178,2178,265,sd^t,A,151,2,"{D Well, } my husband, sometimes, {D you know, } he'll receive a call/","Well/UH ,/, my/PRP$ husband/NN ,/, sometimes/RB ,/, you/PRP know/VBP ,/, he/PRP 'll/MD receive/VB a/DT call/NN",,,466.42,469.26
sw07utt/sw_0738_2178.utt,2/sw2178,2178,266,sd^t,A,151,3,"{C and } he's at work, /","and/CC he/PRP 's/BES at/IN work/NN ,/,",,,469.26,469.84000000000003
sw07utt/sw_0738_2178.utt,2/sw2178,2178,267,b,B,152,1,Uh-huh. /,Uh-huh/UH ./.,,,469.78,470.08
sw07utt/sw_0738_2178.utt,2/sw2178,2178,268,sd^t,A,153,1,"{C and, } [ if I, + {D you know, } if I ]  know the topic I'll go ahead and accept it as mine,  /","and/CC ,/, if/IN I/PRP ,/, you/PRP know/VBP ,/, if/IN I/PRP know/VBP the/DT topic/NN I/PRP 'll/MD go/VB ahead/RB and/CC accept/VB it/PRP as/IN mine/PRP ,/,",,,470.28,474.02
sw07utt/sw_0738_2178.utt,2/sw2178,2178,269,sd^t,A,153,2,{C but } the other day I got one about fishing  /,but/CC the/DT other/JJ day/NN I/PRP got/VBD one/CD about/IN fishing/NN,,,474.48,476.97999999999996
sw07utt/sw_0738_2178.utt,2/sw2178,2178,270,sd(^q),A,153,3,"{C and } I thought, {F oh, } my. /","and/CC I/PRP thought/VBD ,/, oh/UH ,/, my/PRP$ ./.",,,476.98,478.14
sw07utt/sw_0738_2178.utt,2/sw2178,2178,271,x,B,154,1,<Laughter>.,,,,0.0,0.0
sw07utt/sw_0738_2178.utt,2/sw2178,2178,272,^q,A,155,1,"I don't know a thing about fishing,  /","I/PRP do/VBP n't/RB know/VB a/DT thing/NN about/IN fishing/NN ,/,",,,479.1,480.96
sw07utt/sw_0738_2178.utt,2/sw2178,2178,273,^q,A,155,2,{C so } I'm not even going to try <laughter>. /,so/RB I/PRP 'm/VBP not/RB even/RB going/VBG to/TO try/VB ./.,,,480.96,483.82
sw07utt/sw_0738_2178.utt,2/sw2178,2178,274,x,B,156,1,<Laughter>.,,,,0.0,0.0
sw07utt/sw_0738_2178.utt,2/sw2178,2178,275,sv^t,A,157,1,"{C Because } when they listened to that tape they would have really had a good time,  /","Because/IN when/WRB they/PRP listened/VBD to/IN that/DT tape/NN they/PRP would/MD have/VB really/RB had/VBN a/DT good/JJ time/NN ,/,",,,486.0,489.21999999999997
sw07utt/sw_0738_2178.utt,2/sw2178,2178,276,o,A,157,2,believe me. /,believe/VBP me/PRP ./.,,,489.22,489.96000000000004
sw07utt/sw_0738_2178.utt,2/sw2178,2178,277,ad(^q),B,158,1,"{D Say, } {D well, } I know it takes a fishing pole and some bait, and some water <laughter>. /","Say/VB ,/, well/UH ,/, I/PRP know/VBP it/PRP takes/VBZ a/DT fishing/NN pole/NN and/CC some/DT bait/NN ,/, and/CC some/DT water/NN ./.",,,490.74,494.46
sw07utt/sw_0738_2178.utt,2/sw2178,2178,278,aa,A,159,1,"Yeah,  /","Yeah/UH ,/,",,,494.52,494.65999999999997
sw07utt/sw_0738_2178.utt,2/sw2178,2178,279,sd,A,159,2,"{C but } I'm really not for sure, though, if <laughter> - /","but/CC I/PRP 'm/VBP really/RB not/RB for/IN sure/JJ ,/, though/RB ,/, if/IN",,,494.7,497.8
sw07utt/sw_0738_2178.utt,2/sw2178,2178,280,fc,A,159,3,"{D Well, } I'll let you go,  /","Well/UH ,/, I/PRP 'll/MD let/VB you/PRP go/VB ,/,",,,498.78,500.06
sw07utt/sw_0738_2178.utt,2/sw2178,2178,281,fc,A,159,4,{C and } we'll talk to you later. /,and/CC we/PRP 'll/MD talk/VB to/IN you/PRP later/RB ./.,,,500.06,501.36
sw07utt/sw_0738_2178.utt,2/sw2178,2178,282,fc,B,160,1,All right.  /,All/RB right/JJ ./.,,,501.3,501.78
sw07utt/sw_0738_2178.utt,2/sw2178,2178,283,fc,B,160,2,# Bye-bye. # /,Bye-bye/UH ./.,,,501.78,502.2
sw07utt/sw_0738_2178.utt,2/sw2178,2178,284,fc,A,161,1,# Bye-bye. # /,Bye-bye/UH ./.,,,0.0,0.0
