swda_filename,ptb_basename,conversation_no,transcript_index,act_tag,caller,utterance_index,subutterance_index,text,pos,trees,ptb_treenumbers,start_ts,end_ts
sw01utt/sw_0142_2145.utt,2/sw2145,2145,0,qy^t,A,1,1,You want to start? /,[ You/PRP ] want/VBP to/TO start/VB ?/.,(SQ (NP-SBJ-1 (PRP You)) (VP (VBP want) (S (NP-SBJ (-NONE- *-1)) (VP (TO to) (VP (VB start))))) (. ?) (-DFL- E_S)),1,0.84,1.6600000000000001
sw01utt/sw_0142_2145.utt,2/sw2145,2145,1,sd,B,2,1,"{D Well, } I guess I would first identify  myself as middle aged  /","Well/UH ,/,  [ I/PRP ] guess/VBP  [ I/PRP ] would/MD first/RB identify/VB  [ myself/PRP ] as/IN  [ middle/JJ ]  aged/JJ","(S (INTJ (UH Well)) (, ,) (NP-SBJ (PRP I)) (VP (VBP guess) (SBAR (-NONE- 0) (S (NP-SBJ (PRP I)) (VP (MD would) (ADVP (RB first)) (VP (VB identify) (NP (PRP myself)) (PP (IN as) (ADJP (JJ middle) (JJ aged)))))))) (-DFL- E_S))",3,2.55,6.930000000000001
sw01utt/sw_0142_2145.utt,2/sw2145,2145,2,sd,B,2,2,"{C and } therefore,","and/CC therefore/RB ,/,","(S (CC and) (ADVP (RB therefore)) (, ,) (S-ADV (NP-SBJ (-NONE- *-1)) (VP (VBG having) (VP (VBN seen) (NP (DT the) (JJ last) (NN generation))))) (, ,) (NP-SBJ-1 (PRP I)) (VP (VBP guess) (SBAR (-NONE- 0) (S (NP-SBJ (PRP it)) (EDITED (RM (-DFL- \[)) (VP (VBZ puts) (NP (PRP me)) (PP-PUT-UNF (IN in))) (, ,) (IP (-DFL- \+))) (PRN (S (NP-SBJ (PRP you)) (VP (VBP know))) (, ,)) (VP (VBZ gives) (NP (PRP me)) (RS (-DFL- \])) (NP (NP (DT a) (NN perspective)) (PP (IN on) (NP (DT that)))))))) (. .) (-DFL- E_S))",4,6.93,7.430000000000001
sw01utt/sw_0142_2145.utt,2/sw2145,2145,3,b,A,3,1,Uh-huh. /,[ Uh-huh/UH ] ./.,(INTJ (UH Uh-huh) (. .) (-DFL- E_S)),6,7.48,7.6000000000000005
sw01utt/sw_0142_2145.utt,2/sw2145,2145,4,+,B,4,1,"having seen the last generation,  I guess it [ puts me in, + {D you know, } gives me ] a perspective on that. /","having/VBG seen/VBN  [ the/DT last/JJ generation/NN ] ,/,  [ I/PRP ] guess/VBP  [ it/PRP ] puts/VBZ  [ me/PRP ] in/IN ,/,  [ you/PRP ] know/VBP ,/, gives/VBZ  [ me/PRP ] [ a/DT perspective/NN ] on/IN  [ that/DT ] ./.","(S (CC and) (ADVP (RB therefore)) (, ,) (S-ADV (NP-SBJ (-NONE- *-1)) (VP (VBG having) (VP (VBN seen) (NP (DT the) (JJ last) (NN generation))))) (, ,) (NP-SBJ-1 (PRP I)) (VP (VBP guess) (SBAR (-NONE- 0) (S (NP-SBJ (PRP it)) (EDITED (RM (-DFL- \[)) (VP (VBZ puts) (NP (PRP me)) (PP-PUT-UNF (IN in))) (, ,) (IP (-DFL- \+))) (PRN (S (NP-SBJ (PRP you)) (VP (VBP know))) (, ,)) (VP (VBZ gives) (NP (PRP me)) (RS (-DFL- \])) (NP (NP (DT a) (NN perspective)) (PP (IN on) (NP (DT that)))))))) (. .) (-DFL- E_S))",4,7.55,11.65
sw01utt/sw_0142_2145.utt,2/sw2145,2145,5,b,A,5,1,Yeah. /,Yeah/UH ./.,(INTJ (UH Yeah) (. .) (-DFL- E_S)),9,12.08,12.28
sw01utt/sw_0142_2145.utt,2/sw2145,2145,6,sd,B,6,1,"{F Uh, } <smacks> I, am quite positive on the things that I have seen happen recently relative to women [ in, + both in ]  society and in the work place,  /","[ Uh/UH ] ,/,  [ I/PRP ] ,/, am/VBP quite/RB positive/JJ on/IN  [ the/DT things/NNS ] that/IN  [ I/PRP ] have/VBP seen/VBN happen/VB recently/RB relative/JJ to/IN  [ women/NNS ] in/IN ,/,  [ both/DT ] in/IN  [ society/NN ] and/CC in/IN  [ the/DT work/NN place/NN ] ,/,","(S (INTJ (UH Uh)) (, ,) (NP-SBJ (PRP I)) (, ,) (VP (VBP am) (ADJP-PRD (RB quite) (JJ positive) (PP (IN on) (NP (NP (NP (DT the) (NNS things)) (ADJP (-NONE- *ICH*-2))) (SBAR (WHNP-1 (IN that)) (S (NP-SBJ (PRP I)) (VP (VBP have) (VP (VBN seen) (S (NP-SBJ (-NONE- *T*-1)) (VP (VB happen) (ADVP-TMP (RB recently)))) (ADJP-2 (JJ relative) (PP (IN to) (NP (NNS women)))) (EDITED (RM (-DFL- \[)) (PP-UNF (IN in)) (, ,) (IP (-DFL- \+))) (PP (DT both) (PP (IN in) (RS (-DFL- \])) (NP (NN society))) (CC and) (PP (IN in) (NP (DT the) (NN work) (NN place)))))))))))) (, ,) (-DFL- E_S))",11,12.57,24.599999999999998
sw01utt/sw_0142_2145.utt,2/sw2145,2145,7,sd,B,6,2,"{F uh, } there's no doubt about the fact that when I was first graduated from college the impression was that a woman's career would consist of a childbearing years and perhaps a return to the office, but not necessarily.  /","[ uh/UH ] ,/,  [ there/EX ] 's/BES  [ no/DT doubt/NN ] about/IN  [ the/DT fact/NN ] that/IN when/WRB  [ I/PRP ] was/VBD first/RB graduated/JJ from/IN  [ college/NN ] [ the/DT impression/NN ] was/VBD that/IN  [ a/DT woman/NN 's/POS career/NN ] would/MD consist/VB of/IN  [ a/DT childbearing/JJ years/NNS ] and/CC perhaps/RB  [ a/DT return/NN ] to/IN  [ the/DT office/NN ] ,/, but/CC not/RB necessarily/RB ./.","(S (INTJ (UH uh)) (, ,) (NP-SBJ (EX there)) (VP (BES 's) (NP-PRD (NP (DT no) (NN doubt)) (PP (IN about) (NP (DT the) (NN fact) (SBAR (IN that) (S (SBAR-TMP (WHADVP-2 (WRB when)) (S (NP-SBJ-1 (PRP I)) (VP (VBD was) (ADVP (RB first)) (VP (JJ graduated) (NP (-NONE- *-1)) (PP (IN from) (NP (NN college))) (ADVP-TMP (-NONE- *T*-2)))))) (NP-SBJ (DT the) (NN impression)) (VP (VBD was) (SBAR-PRD (IN that) (S (NP-SBJ (NP (DT a) (NN woman) (POS 's)) (NN career)) (VP (MD would) (VP (VB consist) (PP (IN of) (NP (NP (DT a) (JJ childbearing) (NNS years)) (CC and) (ADVP (ADVP (RB perhaps)) (NAC (-NONE- *ICH*-3))) (NP (NP (DT a) (NN return)) (PP (IN to) (NP (DT the) (NN office)))) (, ,) (NAC-3 (CC but) (ADVP (RB not) (RB necessarily)))))))))))))))) (. .) (-DFL- E_S))",12,24.88,41.1
sw01utt/sw_0142_2145.utt,2/sw2145,2145,8,sd,B,6,3,"{F Uh, } {D now } I think the change that I've seen as much as anything is one where couples, {F uh, } are more carefully planning their intention on how to both share homemaking duties and also how women will, {F uh, } have their children and then deliberately sort of plan how they go back to the work place. /","[ Uh/UH ] ,/, now/RB  [ I/PRP ] think/VBP  [ the/DT change/NN ] that/WDT  [ I/PRP ] 've/VBP seen/VBN as/RB much/RB as/IN  [ anything/NN ] is/VBZ  [ one/NN ] where/WRB  [ couples/NNS ] ,/,  [ uh/UH ] ,/, are/VBP more/RBR carefully/RB planning/VBG  [ their/PRP$ intention/NN ] on/IN how/WRB to/TO  [ both/DT ] share/VB homemaking/JJ  [ duties/NNS ] and/CC also/RB how/WRB  [ women/NNS ] will/MD ,/,  [ uh/UH ] ,/, have/VB  [ their/PRP$ children/NNS ] and/CC then/RB deliberately/RB  [ sort/RB ] of/RB  [ plan/VB ] how/WRB  [ they/PRP ] go/VBP back/RB to/IN  [ the/DT work/NN place/NN ] ./.","(S (INTJ (UH Uh)) (, ,) (ADVP-TMP (RB now)) (NP-SBJ (PRP I)) (VP (VBP think) (SBAR (-NONE- 0) (S (NP-SBJ (NP (DT the) (NN change)) (SBAR (WHNP-1 (WDT that)) (S (NP-SBJ (PRP I)) (VP (VBP 've) (VP (VBN seen) (NP (-NONE- *T*-1))))))) (ADVP (ADVP (RB as) (RB much)) (PP (IN as) (NP (NN anything)))) (VP (VBZ is) (NP-PRD (NP (NN one)) (SBAR (WHADVP-2 (WRB where)) (S (NP-SBJ-3 (NNS couples)) (, ,) (INTJ (UH uh)) (, ,) (VP (VBP are) (ADVP-MNR (RBR more) (RB carefully)) (VP (VBG planning) (NP (NP (PRP$ their) (NN intention)) (PP (IN on) (SBAR (SBAR (WHADVP-4 (WRB how)) (S (NP-SBJ (-NONE- *-3)) (VP (TO to) (DT both) (VP (VB share) (NP (JJ homemaking) (NNS duties)) (ADVP-MNR (-NONE- *T*-4)))))) (CC and) (ADVP (RB also)) (SBAR (WHADVP-5 (WRB how)) (S (NP-SBJ (NNS women)) (VP (MD will) (, ,) (INTJ (UH uh)) (, ,) (VP (VP (VB have) (NP (PRP$ their) (NNS children))) (CONJP (CC and) (RB then)) (ADVP (RB deliberately)) (ADVP (RB sort) (RB of)) (VP (VB plan) (SBAR (WHADVP-6 (WRB how)) (S (NP-SBJ (PRP they)) (VP (VBP go) (ADVP (RB back)) (PP (IN to) (NP (DT the) (NN work) (NN place))) (ADVP-MNR (-NONE- *T*-6)))))) (ADVP-MNR (-NONE- *T*-5))))))))) (ADVP (-NONE- *T*-2))))))))))) (. .) (-DFL- E_S))",13,42.06,60.96
sw01utt/sw_0142_2145.utt,2/sw2145,2145,9,b,A,7,1,Uh-huh. /,[ Uh-huh/UH ] ./.,(INTJ (UH Uh-huh) (. .) (-DFL- E_S)),6,61.01,61.11
sw01utt/sw_0142_2145.utt,2/sw2145,2145,10,sd,B,8,1,"{C And } I guess that's a significant change  that I've both participated in [ an-, + and ] noticed. /","And/CC  [ I/PRP ] guess/VBP  [ that/DT ] 's/BES  [ a/DT significant/JJ change/NN ] that/WDT  [ I/PRP ] 've/VBP  [ both/DT ] participated/VBN in/IN  [ an-/XX ] ,/, and/CC noticed/VBN ./.","(S (CC And) (NP-SBJ (PRP I)) (VP (VBP guess) (SBAR (-NONE- 0) (S (NP-SBJ (DT that)) (VP (BES 's) (NP-PRD (NP (DT a) (JJ significant) (NN change)) (SBAR (WHNP-1 (WDT that)) (S (NP-SBJ (PRP I)) (VP (VBP 've) (VP (DT both) (VP (VBN participated) (PP (IN in) (NP (-NONE- *T*-1)))) (EDITED (RM (-DFL- \[)) (XX an-) (, ,) (IP (-DFL- \+))) (CC and) (RS (-DFL- \])) (VP (VBN noticed) (NP (-NONE- *T*-1)))))))))))) (. .) (-DFL- E_S))",17,61.06,66.64
sw01utt/sw_0142_2145.utt,2/sw2145,2145,11,aa,A,9,1,"I agree, {F uh, }  /","[ I/PRP ] agree/VBP ,/,  [ uh/UH ] ,/,","(S (NP-SBJ (PRP I)) (VP (VBP agree) (, ,) (INTJ (UH uh))) (, ,) (-DFL- E_S))",19,67.69,68.69
sw01utt/sw_0142_2145.utt,2/sw2145,2145,12,sd,A,9,2,"the equality of, {F uh, }  the roles now between the sexes, I guess has been dramatically demonstrated with this war, especially compared with, {F uh, } the Vietnam war  /","[ the/DT equality/NN ] of/IN ,/,  [ uh/UH ] ,/,  [ the/DT roles/NNS ] now/RB between/IN  [ the/DT sexes/NNS ] ,/,  [ I/PRP ] guess/VBP has/VBZ been/VBN dramatically/RB demonstrated/VBN with/IN  [ this/DT war/NN ] ,/, especially/RB compared/JJ with/IN ,/,  [ uh/UH ] ,/,  [ the/DT Vietnam/NNP war/NN ]","(S-3 (NP-SBJ-2 (NP (DT the) (NN equality)) (PP (IN of) (, ,) (INTJ (UH uh)) (, ,) (NP (NP (DT the) (NNS roles)) (PP (-NONE- *ICH*-1))))) (ADVP-TMP (RB now)) (PP-1 (IN between) (NP (DT the) (NNS sexes))) (PRN (, ,) (S (NP-SBJ (PRP I)) (VP (VBP guess) (SBAR (-NONE- 0) (S (-NONE- *T*-3)))))) (VP (VBZ has) (VP (VBN been) (ADVP (RB dramatically)) (VP (VBN demonstrated) (NP (-NONE- *-2)) (PP (IN with) (NP (DT this) (NN war))) (, ,) (PP (ADVP (RB especially)) (JJ compared) (PP (IN with) (, ,) (INTJ (UH uh)) (, ,) (NP (DT the) (NNP Vietnam) (NN war))))))) (-DFL- E_S))",20,68.95,81.53
sw01utt/sw_0142_2145.utt,2/sw2145,2145,13,sd,A,9,3,{C and } you see women going off to wars as well as men. /,and/CC  [ you/PRP ] see/VBP  [ women/NNS ] going/VBG off/IN to/IN  [ wars/NNS ] as/RB well/RB as/IN  [ men/NNS ] ./.,(S (CC and) (NP-SBJ (PRP you)) (VP (VBP see) (S (NP-SBJ (NP (NNS women)) (NAC (-NONE- *ICH*-1))) (VP (VBG going) (PP (IN off) (PP (IN to) (NP (NNS wars)))) (NAC-1 (CONJP (RB as) (RB well) (IN as)) (NP (NNS men)))))) (. .) (-DFL- E_S)),21,81.53,85.59
sw01utt/sw_0142_2145.utt,2/sw2145,2145,14,b,B,10,1,Uh-huh. /,[ Uh-huh/UH ] ./.,(INTJ (UH Uh-huh) (. .) (-DFL- E_S)),6,86.26,86.38000000000001
sw01utt/sw_0142_2145.utt,2/sw2145,2145,15,sd,A,11,1,"{F Uh, } I have wondered why they allowed, or  let, {D you know, } both the father and  mother go, {F uh, }  /","[ Uh/UH ] ,/,  [ I/PRP ] have/VBP wondered/VBN why/WRB  [ they/PRP ] allowed/VBD ,/, or/CC let/VBD ,/,  [ you/PRP ] know/VBP ,/,  [ both/DT ] [ the/DT father/NN ] and/CC  [ mother/NN ] go/VBP ,/,  [ uh/UH ] ,/,","(S (INTJ (UH Uh)) (, ,) (NP-SBJ (PRP I)) (VP (VBP have) (VP (VBN wondered) (SBAR (WHADVP-1 (WRB why)) (S (NP-SBJ (PRP they)) (VP (VBD allowed) (, ,) (CC or) (VBD let) (PRN (, ,) (S (NP-SBJ (PRP you)) (VP (VBP know))) (, ,)) (S (NP-SBJ (DT both) (DT the) (NN father) (CC and) (NN mother)) (VP (VBP go))) (ADVP-PRP (-NONE- *T*-1))))) (, ,) (INTJ (UH uh)))) (, ,) (-DFL- E_S))",25,86.43,95.67
sw01utt/sw_0142_2145.utt,2/sw2145,2145,16,sd,A,11,2,{C and } the children are left without either parent.  /,and/CC  [ the/DT children/NNS ] are/VBP left/VBN without/IN  [ either/DT parent/NN ] ./.,(S (CC and) (NP-SBJ-1 (DT the) (NNS children)) (VP (VBP are) (VP (VBN left) (NP (-NONE- *-1)) (PP (IN without) (NP (DT either) (NN parent))))) (. .) (-DFL- E_S)),26,95.67,99.13
sw01utt/sw_0142_2145.utt,2/sw2145,2145,17,sd,A,11,3,{D Now } to me that's kind of a drawback.  /,Now/RB to/IN  [ me/PRP ] that/IN  [ 's/BES kind/RB ] of/RB  [ a/DT drawback/NN ] ./.,(S (INTJ (RB Now)) (PP (IN to) (NP (PRP me))) (NP-SBJ (IN that)) (VP (BES 's) (ADVP (RB kind) (RB of)) (NP-PRD (DT a) (NN drawback))) (. .) (-DFL- E_S)),27,99.77,101.57
sw01utt/sw_0142_2145.utt,2/sw2145,2145,18,sv,A,11,4,"{C But, }  {F uh, } I guess it's a price you pay.  /","But/CC ,/,  [ uh/UH ] ,/,  [ I/PRP ] guess/VBP  [ it/PRP ] 's/BES  [ a/DT price/NN ] [ you/PRP ] pay/VBP ./.","(S (CC But) (, ,) (INTJ (UH uh)) (, ,) (NP-SBJ (PRP I)) (VP (VBP guess) (SBAR (-NONE- 0) (S (NP-SBJ (PRP it)) (VP (BES 's) (NP-PRD (NP (DT a) (NN price)) (SBAR (WHNP-1 (-NONE- 0)) (S (NP-SBJ (PRP you)) (VP (VBP pay) (NP (-NONE- *T*-1)))))))))) (. .) (-DFL- E_S))",28,102.61,104.69
sw01utt/sw_0142_2145.utt,2/sw2145,2145,19,sd,A,11,5,"{C And } I also wonder about the children that are being brought  up in the, {F uh, } {F uh, } day care centers. /","And/CC  [ I/PRP ] also/RB wonder/VBP about/IN  [ the/DT children/NNS ] [ that/WDT ] are/VBP being/VBG brought/VBN up/RP in/IN  [ the/DT ] ,/,  [ uh/UH ] ,/,  [ uh/UH ] ,/,  [ day/NN care/NN centers/NNS ] ./.","(S (CC And) (NP-SBJ (PRP I)) (ADVP (RB also)) (VP (VBP wonder) (PP (IN about) (NP (NP (DT the) (NNS children)) (SBAR (WHNP-1 (WDT that)) (S (NP-SBJ-2 (-NONE- *T*-1)) (VP (VBP are) (VP (VBG being) (VP (VBN brought) (NP (-NONE- *-2)) (PRT (RP up)) (PP-LOC (IN in) (NP (DT the) (, ,) (INTJ (UH uh)) (, ,) (INTJ (UH uh)) (, ,) (NN day) (NN care) (NNS centers))))))))))) (. .) (-DFL- E_S))",29,105.63,113.19
sw01utt/sw_0142_2145.utt,2/sw2145,2145,20,qw,B,12,1,Wonder about them in what way? /,Wonder/VBP about/IN  [ them/PRP ] in/IN  [ what/WP way/NN ] ?/.,(S (NP-SBJ (-NONE- *)) (VP (VBP Wonder) (PP (IN about) (NP (PRP them))) (PP-MNR (IN in) (NP (WP what) (NN way)))) (. ?) (-DFL- E_S)),31,114.86,116.28
sw01utt/sw_0142_2145.utt,2/sw2145,2145,21,sd,A,13,1,"{D Well, } {F uh, } from what I understand  there's been studies that, {F uh, } these children are, {F uh, } more rebellious.  /","Well/UH ,/,  [ uh/UH ] ,/, from/IN  [ what/WP ] [ I/PRP ] understand/VBP  [ there/EX ] 's/HVS been/VBN  [ studies/NNS ] [ that/WDT ] ,/,  [ uh/UH ] ,/,  [ these/DT children/NNS ] are/VBP ,/,  [ uh/UH ] ,/, more/RBR rebellious/JJ ./.","(S (INTJ (UH Well)) (, ,) (INTJ (UH uh)) (, ,) (PP (IN from) (SBAR-NOM (WHNP-1 (WP what)) (S (NP-SBJ (PRP I)) (VP (VBP understand) (NP (-NONE- *T*-1)))))) (NP-SBJ (EX there)) (VP (HVS 's) (VP (VBN been) (NP-PRD (NP (NNS studies)) (SBAR (WDT that) (, ,) (INTJ (UH uh)) (, ,) (S (NP-SBJ (DT these) (NNS children)) (VP (VBP are) (, ,) (INTJ (UH uh)) (, ,) (ADJP-PRD (RBR more) (JJ rebellious)))))))) (. .) (-DFL- E_S))",33,116.47,125.64999999999999
sw01utt/sw_0142_2145.utt,2/sw2145,2145,22,sd,A,13,2,"{F Uh, } they term it as more, {F uh, } creative.","[ Uh/UH ] ,/,  [ they/PRP ] term/VBP  [ it/PRP ] as/RB more/JJR ,/,  [ uh/UH ] ,/,  [ creative/JJ ] ./.","(S (INTJ (UH Uh)) (, ,) (NP-SBJ (PRP they)) (VP (VBP term) (NP (PRP it)) (PP (RB as) (ADJP (JJR more) (, ,) (INTJ (UH uh)) (, ,) (JJ creative)))) (. .))",34,126.43,130.99
sw01utt/sw_0142_2145.utt,2/sw2145,2145,23,b,B,14,1,Uh-huh. /,[ Uh-huh/UH ] ./.,(INTJ (UH Uh-huh) (. .) (-DFL- E_S)),6,131.54,131.92
sw01utt/sw_0142_2145.utt,2/sw2145,2145,24,+,A,15,1,"But, {F uh, } that they, {F uh, }  are much more contentious.  /","But/CC ,/,  [ uh/UH ] ,/, that/IN  [ they/PRP ] ,/,  [ uh/UH ] ,/, are/VBP much/RB more/RBR contentious/JJ ./.","(FRAG (CC But) (, ,) (INTJ (UH uh)) (, ,) (SBAR (IN that) (S (NP-SBJ (PRP they)) (, ,) (INTJ (UH uh)) (, ,) (VP (VBP are) (ADJP-PRD (ADVP (RB much) (RBR more)) (JJ contentious))))) (. .) (-DFL- E_S))",35,132.69,136.19
sw01utt/sw_0142_2145.utt,2/sw2145,2145,25,sv,A,15,2,"{C So, }  [ [ I, + I don't, ] + [ I, + I ] guess ] we'll have to see another generation  to see what differences a child being brought up, {D you know, } in [ a, +  {F uh, } kind of a, ] {F uh, } community,","So/RB ,/,  [ I/PRP ] ,/,  [ I/PRP ] do/VBP n't/RB ,/,  [ I/PRP ] ,/,  [ I/PRP ] guess/VBP  [ we/PRP ] 'll/MD have/VB to/TO see/VB  [ another/DT generation/NN ] to/TO see/VB  [ what/WP differences/NNS ] [ a/DT child/NN ] being/VBG brought/VBN up/RP ,/,  [ you/PRP ] know/VBP ,/, in/IN  [ a/DT ] ,/,  [ uh/UH ] ,/,  [ kind/RB ] of/RB  [ a/DT ] ,/,  [ uh/UH ] ,/,  [ community/NN ] ,/,","(S (RB So) (, ,) (EDITED (RM (-DFL- \[)) (EDITED (RM (-DFL- \[)) (NP-SBJ (PRP I)) (, ,) (IP (-DFL- \+))) (S (NP-SBJ (PRP I)) (VP-UNF (VBP do) (RB n't))) (, ,) (RS (-DFL- \])) (IP (-DFL- \+))) (EDITED (RM (-DFL- \[)) (NP-SBJ (PRP I)) (, ,) (IP (-DFL- \+))) (NP-SBJ (PRP I)) (RS (-DFL- \])) (VP (VBP guess) (RS (-DFL- \])) (SBAR (-NONE- 0) (S (NP-SBJ-1 (PRP we)) (VP (MD 'll) (VP (VB have) (S (NP-SBJ-2 (-NONE- *-1)) (VP (TO to) (VP (VB see) (NP (DT another) (NN generation))))) (S-PRP (NP-SBJ (-NONE- *-2)) (VP (TO to) (VP (VB see) (SBAR (WHNP (WP what) (NNS differences)) (S-UNF (S-NOM-SBJ (NP-TPC-3 (DT a) (NN child)) (VP (VBG being) (VP (VBN brought) (NP (-NONE- *T*-3)) (PRT (RP up)) (PRN (, ,) (S (NP-SBJ (PRP you)) (VP (VBP know))) (, ,)) (PP-LOC (IN in) (EDITED (RM (-DFL- \[)) (NP-UNF (DT a)) (, ,) (IP (-DFL- \+))) (INTJ (UH uh)) (, ,) (ADVP (RB kind) (RB of)) (NP (NP (DT a) (, ,) (RS (-DFL- \])) (INTJ (UH uh)) (, ,) (NN community)) (, ,) (CONJP (IN rather) (IN than)) (NP (DT a) (NN home))))))))))))))))) (. .) (-DFL- E_S))",39,138.35,150.67
sw01utt/sw_0142_2145.utt,2/sw2145,2145,26,b,B,16,1,Uh-huh. /,[ Uh-huh/UH ] ./.,(INTJ (UH Uh-huh) (. .) (-DFL- E_S)),15,150.62,150.72
sw01utt/sw_0142_2145.utt,2/sw2145,2145,27,+,A,17,1,rather than a home. /,rather/IN than/IN  [ a/DT home/NN ] ./.,"(S (RB So) (, ,) (EDITED (RM (-DFL- \[)) (EDITED (RM (-DFL- \[)) (NP-SBJ (PRP I)) (, ,) (IP (-DFL- \+))) (S (NP-SBJ (PRP I)) (VP-UNF (VBP do) (RB n't))) (, ,) (RS (-DFL- \])) (IP (-DFL- \+))) (EDITED (RM (-DFL- \[)) (NP-SBJ (PRP I)) (, ,) (IP (-DFL- \+))) (NP-SBJ (PRP I)) (RS (-DFL- \])) (VP (VBP guess) (RS (-DFL- \])) (SBAR (-NONE- 0) (S (NP-SBJ-1 (PRP we)) (VP (MD 'll) (VP (VB have) (S (NP-SBJ-2 (-NONE- *-1)) (VP (TO to) (VP (VB see) (NP (DT another) (NN generation))))) (S-PRP (NP-SBJ (-NONE- *-2)) (VP (TO to) (VP (VB see) (SBAR (WHNP (WP what) (NNS differences)) (S-UNF (S-NOM-SBJ (NP-TPC-3 (DT a) (NN child)) (VP (VBG being) (VP (VBN brought) (NP (-NONE- *T*-3)) (PRT (RP up)) (PRN (, ,) (S (NP-SBJ (PRP you)) (VP (VBP know))) (, ,)) (PP-LOC (IN in) (EDITED (RM (-DFL- \[)) (NP-UNF (DT a)) (, ,) (IP (-DFL- \+))) (INTJ (UH uh)) (, ,) (ADVP (RB kind) (RB of)) (NP (NP (DT a) (, ,) (RS (-DFL- \])) (INTJ (UH uh)) (, ,) (NN community)) (, ,) (CONJP (IN rather) (IN than)) (NP (DT a) (NN home))))))))))))))))) (. .) (-DFL- E_S))",39,151.35,152.47
sw01utt/sw_0142_2145.utt,2/sw2145,2145,28,sd,B,18,1,"I have not, to be honest, had much experience,","[ I/PRP ] have/VBP not/RB ,/, to/TO be/VB honest/JJ ,/, had/VBD  [ much/JJ experience/NN ] ,/,","(S (NP-SBJ-1 (PRP I)) (VP (VBP have) (RB not) (, ,) (S-ADV (NP-SBJ (-NONE- *-1)) (VP (TO to) (VP (VB be) (ADJP-PRD (JJ honest))))) (, ,) (VP (VBD had) (NP (JJ much) (NN experience)) (, ,) (PP (IN with) (NP (NP (NNS children)) (PP (IN in) (NP (DT that) (NN situation))))))) (. .) (-DFL- E_S))",44,153.7,156.4
sw01utt/sw_0142_2145.utt,2/sw2145,2145,29,b,A,19,1,Yeah. /,Yeah/UH ./.,(INTJ (UH Yeah) (. .) (-DFL- E_S)),46,156.95,157.23
sw01utt/sw_0142_2145.utt,2/sw2145,2145,30,+,B,20,1,with children in that situation.  /,with/IN  [ children/NNS ] in/IN  [ that/DT situation/NN ] ./.,"(S (NP-SBJ-1 (PRP I)) (VP (VBP have) (RB not) (, ,) (S-ADV (NP-SBJ (-NONE- *-1)) (VP (TO to) (VP (VB be) (ADJP-PRD (JJ honest))))) (, ,) (VP (VBD had) (NP (JJ much) (NN experience)) (, ,) (PP (IN with) (NP (NP (NNS children)) (PP (IN in) (NP (DT that) (NN situation))))))) (. .) (-DFL- E_S))",44,157.3,159.23999999999998
sw01utt/sw_0142_2145.utt,2/sw2145,2145,31,sv,B,20,2,"[ I, + I ] guess one knows one's own (( storly ))  /","[ I/PRP ] ,/,  [ I/PRP ] guess/VBP  [ one/NN ] knows/VBZ  [ one/NN ] 's/BES own/JJ storly/RB","(S (EDITED (RM (-DFL- \[)) (NP-SBJ (PRP I)) (, ,) (IP (-DFL- \+))) (NP-SBJ (PRP I)) (RS (-DFL- \])) (VP (VBP guess) (SBAR (-NONE- 0) (S (NP-SBJ (NN one)) (VP (VBZ knows) (NP (NP (NN one) (BES 's)) (JJ own) (TYPO (RB storly))))))) (-DFL- E_S))",48,159.24,161.70000000000002
sw01utt/sw_0142_2145.utt,2/sw2145,2145,32,sd,B,20,3,"{C and } I know, {F uh, }  in my children's case it was one where, {F uh, } pretty much up until the older of two was  [ in, + ] {F uh, } let's see, I guess basically starting junior high  /","and/CC  [ I/PRP ] know/VBP ,/,  [ uh/UH ] ,/, in/IN  [ my/PRP$ children/NNS 's/POS case/NN ] [ it/PRP ] was/VBD  [ one/CD ] where/WRB ,/,  [ uh/UH ] ,/, pretty/RB much/RB up/RP until/IN  [ the/DT older/JJR ] of/IN  [ two/CD ] was/VBD in/IN ,/,  [ uh/UH ] ,/, let/VB  [ 's/PRP ] see/VB ,/,  [ I/PRP ] guess/VBP basically/RB starting/VBG  [ junior/JJ high/JJ ]","(S (CC and) (NP-SBJ (PRP I)) (VP (VBP know) (, ,) (INTJ (UH uh)) (, ,) (SBAR (-NONE- 0) (S (PP (IN in) (NP (NP (PRP$ my) (NNS children) (POS 's)) (NN case))) (NP-SBJ (PRP it)) (VP (VBD was) (NP-PRD (NP (CD one)) (SBAR (WHADVP (WRB where)) (, ,) (INTJ (UH uh)) (, ,) (S-UNF (SBAR-TMP (ADVP (RB pretty) (RB much)) (RP up) (IN until) (S (S (NP-SBJ (NP (DT the) (JJR older)) (PP (IN of) (NP (CD two)))) (VP (VBD was) (EDITED (RM (-DFL- \[)) (PP-UNF (IN in)) (, ,) (IP (-DFL- \+)) (RS (-DFL- \]))) (INTJ (UH uh)) (PRN (, ,) (S-IMP (NP-SBJ (-NONE- *)) (VP (VB let) (S (NP-SBJ (PRP 's)) (VP (VB see))))) (, ,)) (PRN (S (NP-SBJ (PRP I)) (VP (VBP guess)))) (ADVP (RB basically)) (VP (VBG starting) (NP (JJ junior) (JJ high))))) (-DFL- E_S) (CC and) (S (NP-SBJ (DT the) (JJR younger)) (VP (VBD was) (PP-PRD (IN in) (NP (JJ fifth) (NN grade))) (X (SBAR-TMP (WHADVP-2 (WRB when)) (S (NP-SBJ (PRP$ my) (NN wife)) (VP (VBD reentered) (NP (DT the) (NN work) (NN force)) (ADVP-TMP (-NONE- *T*-2))))))))))))))))) (. .) (-DFL- E_S))",49,161.7,177.48000000000002
sw01utt/sw_0142_2145.utt,2/sw2145,2145,33,sd,B,20,4,{C and } the younger was in  fifth grade when my wife reentered the work force. /,and/CC  [ the/DT younger/JJR ] was/VBD in/IN  [ fifth/JJ grade/NN ] when/WRB  [ my/PRP$ wife/NN ] reentered/VBD  [ the/DT work/NN force/NN ] ./.,"(S (CC and) (NP-SBJ (PRP I)) (VP (VBP know) (, ,) (INTJ (UH uh)) (, ,) (SBAR (-NONE- 0) (S (PP (IN in) (NP (NP (PRP$ my) (NNS children) (POS 's)) (NN case))) (NP-SBJ (PRP it)) (VP (VBD was) (NP-PRD (NP (CD one)) (SBAR (WHADVP (WRB where)) (, ,) (INTJ (UH uh)) (, ,) (S-UNF (SBAR-TMP (ADVP (RB pretty) (RB much)) (RP up) (IN until) (S (S (NP-SBJ (NP (DT the) (JJR older)) (PP (IN of) (NP (CD two)))) (VP (VBD was) (EDITED (RM (-DFL- \[)) (PP-UNF (IN in)) (, ,) (IP (-DFL- \+)) (RS (-DFL- \]))) (INTJ (UH uh)) (PRN (, ,) (S-IMP (NP-SBJ (-NONE- *)) (VP (VB let) (S (NP-SBJ (PRP 's)) (VP (VB see))))) (, ,)) (PRN (S (NP-SBJ (PRP I)) (VP (VBP guess)))) (ADVP (RB basically)) (VP (VBG starting) (NP (JJ junior) (JJ high))))) (-DFL- E_S) (CC and) (S (NP-SBJ (DT the) (JJR younger)) (VP (VBD was) (PP-PRD (IN in) (NP (JJ fifth) (NN grade))) (X (SBAR-TMP (WHADVP-2 (WRB when)) (S (NP-SBJ (PRP$ my) (NN wife)) (VP (VBD reentered) (NP (DT the) (NN work) (NN force)) (ADVP-TMP (-NONE- *T*-2))))))))))))))))) (. .) (-DFL- E_S))",49,177.7,181.2
sw01utt/sw_0142_2145.utt,2/sw2145,2145,34,b,A,21,1,Uh-huh. /,[ Uh-huh/UH ] ./.,(INTJ (UH Uh-huh) (. .) (-DFL- E_S)),23,181.47,181.73
sw01utt/sw_0142_2145.utt,2/sw2145,2145,35,%,B,22,1,"{F Uh } <throat_clearing>, /","[ Uh/UH ] ,/,","(INTJ (UH Uh) (, ,) (-DFL- E_S))",53,182.36,182.58
sw01utt/sw_0142_2145.utt,2/sw2145,2145,36,%,A,23,1,"{C So } they, -/","So/RB  [ they/PRP ] ,/,","(S-UNF (RB So) (NP-SBJ (PRP they)) (, ,) (-DFL- N_S))",55,183.03,183.51
sw01utt/sw_0142_2145.utt,2/sw2145,2145,37,sd,B,24,1,"{C so } I guess my experience  [ is, + is ] just with what we did  /","so/UH  [ I/PRP ] guess/VBP  [ my/PRP$ experience/NN ] is/VBZ ,/, is/VBZ just/RB with/IN  [ what/WP ] [ we/PRP ] did/VBD","(S (RB so) (NP-SBJ (PRP I)) (VP (VBP guess) (SBAR (-NONE- 0) (S (NP-SBJ (PRP$ my) (NN experience)) (EDITED (RM (-DFL- \[)) (VP-UNF (VBZ is)) (, ,) (IP (-DFL- \+))) (VP (VBZ is) (RS (-DFL- \])) (ADVP (RB just)) (PP-PRD (IN with) (SBAR-NOM (WHNP-1 (WP what)) (S (NP-SBJ (PRP we)) (VP (VBD did) (NP (-NONE- *T*-1)))))))))) (-DFL- E_S))",57,184.38,187.60000000000002
sw01utt/sw_0142_2145.utt,2/sw2145,2145,38,sd,B,24,2,"[ {C and, } + {C and so } ] they didn't really go through the child care route. /","and/CC ,/, and/CC so/RB  [ they/PRP ] did/VBD n't/RB really/RB go/VB through/IN  [ the/DT child/NN care/NN route/NN ] ./.","(S (EDITED (RM (-DFL- \[)) (CC and) (, ,) (IP (-DFL- \+))) (CONJP (CC and) (RB so)) (RS (-DFL- \])) (NP-SBJ (PRP they)) (VP (VBD did) (RB n't) (ADVP (RB really)) (VP (VB go) (PP (IN through) (NP (DT the) (NN child) (NN care) (NN route))))) (. .) (-DFL- E_S))",58,187.6,190.4
sw01utt/sw_0142_2145.utt,2/sw2145,2145,39,b,A,25,1,Yeah. /,Yeah/UH ./.,(INTJ (UH Yeah) (. .) (-DFL- E_S)),46,190.45,190.53
sw01utt/sw_0142_2145.utt,2/sw2145,2145,40,sd,B,26,1,They were able to be home together.  /,[ They/PRP ] were/VBD able/JJ to/TO be/VB  [ home/RB ] together/RB ./.,(S (NP-SBJ-1 (PRP They)) (VP (VBD were) (ADJP-PRD (JJ able) (S (NP-SBJ (-NONE- *-1)) (VP (TO to) (VP (VB be) (ADVP-LOC-PRD (RB home)) (ADVP (RB together))))))) (. .) (-DFL- E_S)),62,190.48,191.96
sw01utt/sw_0142_2145.utt,2/sw2145,2145,41,sd,B,26,2,"{F Uh, } {C and } we never actually experienced that.  /","[ Uh/UH ] ,/, and/CC  [ we/PRP ] never/RB actually/RB experienced/VBN  [ that/DT ] ./.","(S (INTJ (UH Uh)) (, ,) (CC and) (NP-SBJ (PRP we)) (ADVP-TMP (RB never)) (ADVP (RB actually)) (VP (VBN experienced) (NP (DT that))) (. .) (-DFL- E_S))",63,192.7,195.74
sw01utt/sw_0142_2145.utt,2/sw2145,2145,42,sd,B,26,3,"[ What, + ] in terms of changes relative to  women in the work place and the potential changes over [ the, + the ]  next generation or so,  I guess I anticipate, {F uh, } an increasing equality, {F uh, }  greater presence of women in management roles -- /","[ What/WP ] ,/, in/IN  [ terms/NNS ] of/IN  [ changes/NNS ] relative/JJ to/IN  [ women/NNS ] in/IN  [ the/DT work/NN place/NN ] and/CC  [ the/DT potential/JJ changes/NNS ] over/IN  [ the/DT ] ,/,  [ the/DT next/JJ generation/NN ] or/CC so/RB ,/,  [ I/PRP ] guess/VBP  [ I/PRP ] anticipate/VBP ,/,  [ uh/UH ] ,/,  [ an/DT increasing/VBG equality/NN ] ,/,  [ uh/UH ] ,/,  [ greater/JJR presence/NN ] of/IN  [ women/NNS ] in/IN  [ management/NN roles/NNS ] --/:","(S (EDITED (RM (-DFL- \[)) (WHNP (WP What)) (, ,) (IP (-DFL- \+)) (RS (-DFL- \]))) (PP (IN in) (NP (NP (NNS terms)) (PP (IN of) (NP (NP (NP (NNS changes)) (ADJP (JJ relative) (PP (IN to) (NP (NP (NNS women)) (PP-LOC (IN in) (NP (DT the) (NN work) (NN place))))))) (CC and) (NP (NP (DT the) (JJ potential) (NNS changes)) (PP-TMP (IN over) (EDITED (RM (-DFL- \[)) (NP-UNF (DT the)) (, ,) (IP (-DFL- \+))) (NP (DT the) (RS (-DFL- \])) (JJ next) (NN generation) (QP (CC or) (RB so))))))))) (, ,) (NP-SBJ (PRP I)) (VP (VBP guess) (SBAR (-NONE- 0) (S (NP-SBJ (PRP I)) (VP (VBP anticipate) (, ,) (INTJ (UH uh)) (, ,) (NP (NP (DT an) (VBG increasing) (NN equality)) (, ,) (INTJ (UH uh)) (, ,) (NP (NP (JJR greater) (NN presence)) (PP (IN of) (NP (NNS women))) (PP-LOC (IN in) (NP (NN management) (NNS roles))))))))) (-DFL- E_S))",64,196.24,212.28
sw01utt/sw_0142_2145.utt,2/sw2145,2145,43,b,A,27,1,"Uh-huh,  /","[ Uh-huh/UH ] ,/,","(INTJ (UH Uh-huh) (, ,) (-DFL- E_S))",66,212.55,212.77
sw01utt/sw_0142_2145.utt,2/sw2145,2145,44,b^r,A,27,2,uh-huh. /,[ uh-huh/UH ] ./.,(INTJ (UH uh-huh) (. .) (-DFL- E_S)),67,213.31,213.65
sw01utt/sw_0142_2145.utt,2/sw2145,2145,45,sd,B,28,1,"-- {F uh, } I don't know whether there  will be an increased amount [ of, + of ] surrogacy that we see.  /","--/:  [ uh/UH ] ,/,  [ I/PRP ] do/VBP n't/RB know/VB whether/IN  [ there/EX ] will/MD be/VB  [ an/DT increased/JJ amount/NN ] of/IN ,/, of/IN  [ surrogacy/NN ] that/IN  [ we/PRP ] see/VBP ./.","(S (INTJ (UH uh)) (, ,) (NP-SBJ (PRP I)) (VP (VBP do) (RB n't) (VP (VB know) (SBAR (IN whether) (S (NP-SBJ (EX there)) (VP (MD will) (VP (VB be) (NP-PRD (NP (DT an) (JJ increased) (NN amount)) (EDITED (RM (-DFL- \[)) (PP-UNF (IN of)) (, ,) (IP (-DFL- \+))) (PP (IN of) (RS (-DFL- \])) (NP (NN surrogacy))) (SBAR (WHNP-1 (IN that)) (S (NP-SBJ (PRP we)) (VP (VBP see) (NP (-NONE- *T*-1)))))))))))) (. .) (-DFL- E_S))",69,214.58,224.96
sw01utt/sw_0142_2145.utt,2/sw2145,2145,46,h,B,28,2,I just don't know. /,[ I/PRP ] just/RB do/VBP n't/RB know/VB ./.,(S (NP-SBJ (PRP I)) (ADVP (RB just)) (VP (VBP do) (RB n't) (VP (VB know))) (. .) (-DFL- E_S)),70,224.96,225.88
sw01utt/sw_0142_2145.utt,2/sw2145,2145,47,qw,A,29,1,What do you mean? /,[ What/WP ] do/VBP  [ you/PRP ] mean/VB ?/.,(SBARQ (WHNP-1 (WP What)) (SQ (VBP do) (NP-SBJ (PRP you)) (VP (VB mean) (NP (-NONE- *T*-1)))) (. ?) (-DFL- E_S)),72,225.93,226.89000000000001
sw01utt/sw_0142_2145.utt,2/sw2145,2145,48,sd,B,30,1,"{F Uh, } deliberate childbirth by surrogate mother. /","[ Uh/UH ] ,/,  [ deliberate/JJ childbirth/NN ] by/IN  [ surrogate/JJ mother/NN ] ./.","(FRAG (INTJ (UH Uh)) (, ,) (NP (JJ deliberate) (NN childbirth)) (PP (IN by) (NP (JJ surrogate) (NN mother))) (. .) (-DFL- E_S))",74,227.26,230.64000000000001
sw01utt/sw_0142_2145.utt,2/sw2145,2145,49,bk,A,31,1,"{F Oh, } yeah. /","Oh/UH ,/, yeah/UH ./.","(INTJ (INTJ (UH Oh)) (, ,) (INTJ (UH yeah)) (. .) (-DFL- E_S))",76,230.89,231.43
sw01utt/sw_0142_2145.utt,2/sw2145,2145,50,sd,B,32,1,"Sort of rent-a-mom,  /","[ Sort/RB ] of/RB  [ rent-a-mom/NN ] ,/,","(FRAG (ADVP (RB Sort) (RB of)) (NP (NN rent-a-mom)) (, ,) (-DFL- E_S))",78,231.38,232.34
sw01utt/sw_0142_2145.utt,2/sw2145,2145,51,sd,B,32,2,"[ to be, + {D you know, }","to/TO be/VB ,/,  [ you/PRP ] know/VBP ,/,","(FRAG (EDITED (RM (-DFL- \[)) (S (NP-SBJ (-NONE- *)) (VP (TO to) (VP-UNF (VB be)))) (, ,) (IP (-DFL- \+))) (PRN (S (NP-SBJ (PRP you)) (VP (VBP know))) (, ,)) (S-ADV (NP-SBJ (-NONE- *)) (RB not) (VP (TO to) (VP (VB be) (RS (-DFL- \])) (ADJP-PRD (JJ crass) (PP (IN about) (NP (PRP it))))))) (, ,) (CC but) (, ,) (INTJ (UH uh)) (, ,) (INTJ (UH uh)) (, ,) (SBAR (IN whether) (S (NP-SBJ (NN one)) (VP (MD might) (VP (VB conceive) (PRN (, ,) (S (NP-SBJ (DT no) (NN pun)) (VP (VBD intended))) (, ,)) (PP (IN of) (NP (DT the) (NN possibility) (SBAR (WDT that) (S (NP-SBJ (EX there)) (VP (MD might) (VP (VB be) (NP-PRD (NP (DT a) (NN kind)) (PP (IN of) (EDITED (RM (-DFL- \[)) (NP-UNF (DT a) (JJ deliberate)) (, ,) (IP (-DFL- \+))) (INTJ (UH uh)) (, ,) (INTJ (UH uh)) (NP (DT a) (JJ professional) (RS (-DFL- \])) (NN mother) (, ,) (EDITED (RM (-DFL- \[)) (NP-UNF (DT a-)) (, ,) (IP (-DFL- \+))) (RS (-DFL- \])) (NN person)))) (. .) (PP (IN For) (NP (NN instance))) (, ,) (X (DT that)))))))))))) (, ,) (-DFL- N_S))",79,232.36,233.01999999999998
sw01utt/sw_0142_2145.utt,2/sw2145,2145,52,b,A,33,1,Yeah. /,Yeah/UH ./.,(INTJ (UH Yeah) (. .) (-DFL- E_S)),60,233.07,233.23
sw01utt/sw_0142_2145.utt,2/sw2145,2145,53,+,B,34,1,"not to be ] crass about it, but, {F uh, }","not/RB to/TO be/VB crass/JJ about/IN  [ it/PRP ] ,/, but/CC ,/,  [ uh/UH ] ,/,","(FRAG (EDITED (RM (-DFL- \[)) (S (NP-SBJ (-NONE- *)) (VP (TO to) (VP-UNF (VB be)))) (, ,) (IP (-DFL- \+))) (PRN (S (NP-SBJ (PRP you)) (VP (VBP know))) (, ,)) (S-ADV (NP-SBJ (-NONE- *)) (RB not) (VP (TO to) (VP (VB be) (RS (-DFL- \])) (ADJP-PRD (JJ crass) (PP (IN about) (NP (PRP it))))))) (, ,) (CC but) (, ,) (INTJ (UH uh)) (, ,) (INTJ (UH uh)) (, ,) (SBAR (IN whether) (S (NP-SBJ (NN one)) (VP (MD might) (VP (VB conceive) (PRN (, ,) (S (NP-SBJ (DT no) (NN pun)) (VP (VBD intended))) (, ,)) (PP (IN of) (NP (DT the) (NN possibility) (SBAR (WDT that) (S (NP-SBJ (EX there)) (VP (MD might) (VP (VB be) (NP-PRD (NP (DT a) (NN kind)) (PP (IN of) (EDITED (RM (-DFL- \[)) (NP-UNF (DT a) (JJ deliberate)) (, ,) (IP (-DFL- \+))) (INTJ (UH uh)) (, ,) (INTJ (UH uh)) (NP (DT a) (JJ professional) (RS (-DFL- \])) (NN mother) (, ,) (EDITED (RM (-DFL- \[)) (NP-UNF (DT a-)) (, ,) (IP (-DFL- \+))) (RS (-DFL- \])) (NN person)))) (. .) (PP (IN For) (NP (NN instance))) (, ,) (X (DT that)))))))))))) (, ,) (-DFL- N_S))",79,233.18,234.26000000000002
sw01utt/sw_0142_2145.utt,2/sw2145,2145,54,ba,A,35,1,That's strange. /,[ That/DT ] 's/BES strange/JJ ./.,(S (NP-SBJ (DT That)) (VP (BES 's) (ADJP-PRD (JJ strange))) (. .) (-DFL- E_S)),84,234.31,235.09
sw01utt/sw_0142_2145.utt,2/sw2145,2145,55,+,B,36,1,"{F uh, } whether one might conceive,  <laughter> no pun intended, of the possibility that there might be a kind of  [ a deliberate, + {F uh, } {F uh } --","[ uh/UH ] ,/, whether/IN  [ one/NN ] might/MD conceive/VB ,/,  [ no/DT pun/NN ] intended/VBD ,/, of/IN  [ the/DT possibility/NN ] that/WDT  [ there/EX ] might/MD be/VB  [ a/DT kind/NN ] of/IN  [ a/DT deliberate/JJ ] ,/,  [ uh/UH ] ,/,  [ uh/UH ] --/:","(FRAG (EDITED (RM (-DFL- \[)) (S (NP-SBJ (-NONE- *)) (VP (TO to) (VP-UNF (VB be)))) (, ,) (IP (-DFL- \+))) (PRN (S (NP-SBJ (PRP you)) (VP (VBP know))) (, ,)) (S-ADV (NP-SBJ (-NONE- *)) (RB not) (VP (TO to) (VP (VB be) (RS (-DFL- \])) (ADJP-PRD (JJ crass) (PP (IN about) (NP (PRP it))))))) (, ,) (CC but) (, ,) (INTJ (UH uh)) (, ,) (INTJ (UH uh)) (, ,) (SBAR (IN whether) (S (NP-SBJ (NN one)) (VP (MD might) (VP (VB conceive) (PRN (, ,) (S (NP-SBJ (DT no) (NN pun)) (VP (VBD intended))) (, ,)) (PP (IN of) (NP (DT the) (NN possibility) (SBAR (WDT that) (S (NP-SBJ (EX there)) (VP (MD might) (VP (VB be) (NP-PRD (NP (DT a) (NN kind)) (PP (IN of) (EDITED (RM (-DFL- \[)) (NP-UNF (DT a) (JJ deliberate)) (, ,) (IP (-DFL- \+))) (INTJ (UH uh)) (, ,) (INTJ (UH uh)) (NP (DT a) (JJ professional) (RS (-DFL- \])) (NN mother) (, ,) (EDITED (RM (-DFL- \[)) (NP-UNF (DT a-)) (, ,) (IP (-DFL- \+))) (RS (-DFL- \])) (NN person)))) (. .) (PP (IN For) (NP (NN instance))) (, ,) (X (DT that)))))))))))) (, ,) (-DFL- N_S))",79,235.08,241.34
sw01utt/sw_0142_2145.utt,2/sw2145,2145,56,qy^d,A,37,1,"A nanny, sort of? /","[ A/DT nanny/NN ] ,/,  [ sort/RB ] of/RB ?/.","(FRAG (NP (DT A) (NN nanny)) (, ,) (ADVP (RB sort) (RB of)) (. ?) (-DFL- E_S))",87,241.35,242.75
sw01utt/sw_0142_2145.utt,2/sw2145,2145,57,+,B,38,1,"-- a professional ] mother, [ a-, + ]","--/:  [ a/DT professional/JJ mother/NN ] ,/,  [ a-/DT ] ,/,","(FRAG (EDITED (RM (-DFL- \[)) (S (NP-SBJ (-NONE- *)) (VP (TO to) (VP-UNF (VB be)))) (, ,) (IP (-DFL- \+))) (PRN (S (NP-SBJ (PRP you)) (VP (VBP know))) (, ,)) (S-ADV (NP-SBJ (-NONE- *)) (RB not) (VP (TO to) (VP (VB be) (RS (-DFL- \])) (ADJP-PRD (JJ crass) (PP (IN about) (NP (PRP it))))))) (, ,) (CC but) (, ,) (INTJ (UH uh)) (, ,) (INTJ (UH uh)) (, ,) (SBAR (IN whether) (S (NP-SBJ (NN one)) (VP (MD might) (VP (VB conceive) (PRN (, ,) (S (NP-SBJ (DT no) (NN pun)) (VP (VBD intended))) (, ,)) (PP (IN of) (NP (DT the) (NN possibility) (SBAR (WDT that) (S (NP-SBJ (EX there)) (VP (MD might) (VP (VB be) (NP-PRD (NP (DT a) (NN kind)) (PP (IN of) (EDITED (RM (-DFL- \[)) (NP-UNF (DT a) (JJ deliberate)) (, ,) (IP (-DFL- \+))) (INTJ (UH uh)) (, ,) (INTJ (UH uh)) (NP (DT a) (JJ professional) (RS (-DFL- \])) (NN mother) (, ,) (EDITED (RM (-DFL- \[)) (NP-UNF (DT a-)) (, ,) (IP (-DFL- \+))) (RS (-DFL- \])) (NN person)))) (. .) (PP (IN For) (NP (NN instance))) (, ,) (X (DT that)))))))))))) (, ,) (-DFL- N_S))",79,244.06,245.78
sw01utt/sw_0142_2145.utt,2/sw2145,2145,58,b,A,39,1,Uh-huh. /,[ Uh-huh/UH ] ./.,(INTJ (UH Uh-huh) (. .) (-DFL- E_S)),90,245.79,246.13
sw01utt/sw_0142_2145.utt,2/sw2145,2145,59,+,B,40,1,person.,[ person/NN ] ./.,"(FRAG (EDITED (RM (-DFL- \[)) (S (NP-SBJ (-NONE- *)) (VP (TO to) (VP-UNF (VB be)))) (, ,) (IP (-DFL- \+))) (PRN (S (NP-SBJ (PRP you)) (VP (VBP know))) (, ,)) (S-ADV (NP-SBJ (-NONE- *)) (RB not) (VP (TO to) (VP (VB be) (RS (-DFL- \])) (ADJP-PRD (JJ crass) (PP (IN about) (NP (PRP it))))))) (, ,) (CC but) (, ,) (INTJ (UH uh)) (, ,) (INTJ (UH uh)) (, ,) (SBAR (IN whether) (S (NP-SBJ (NN one)) (VP (MD might) (VP (VB conceive) (PRN (, ,) (S (NP-SBJ (DT no) (NN pun)) (VP (VBD intended))) (, ,)) (PP (IN of) (NP (DT the) (NN possibility) (SBAR (WDT that) (S (NP-SBJ (EX there)) (VP (MD might) (VP (VB be) (NP-PRD (NP (DT a) (NN kind)) (PP (IN of) (EDITED (RM (-DFL- \[)) (NP-UNF (DT a) (JJ deliberate)) (, ,) (IP (-DFL- \+))) (INTJ (UH uh)) (, ,) (INTJ (UH uh)) (NP (DT a) (JJ professional) (RS (-DFL- \])) (NN mother) (, ,) (EDITED (RM (-DFL- \[)) (NP-UNF (DT a-)) (, ,) (IP (-DFL- \+))) (RS (-DFL- \])) (NN person)))) (. .) (PP (IN For) (NP (NN instance))) (, ,) (X (DT that)))))))))))) (, ,) (-DFL- N_S))",79,246.12,246.52
sw01utt/sw_0142_2145.utt,2/sw2145,2145,60,b,A,41,1,Uh-huh. /,[ Uh-huh/UH ] ./.,(INTJ (UH Uh-huh) (. .) (-DFL- E_S)),90,246.77,246.91
sw01utt/sw_0142_2145.utt,2/sw2145,2145,61,+,B,42,1,"For instance, that, - /","For/IN  [ instance/NN ] ,/,  [ that/DT ] ,/,","(FRAG (EDITED (RM (-DFL- \[)) (S (NP-SBJ (-NONE- *)) (VP (TO to) (VP-UNF (VB be)))) (, ,) (IP (-DFL- \+))) (PRN (S (NP-SBJ (PRP you)) (VP (VBP know))) (, ,)) (S-ADV (NP-SBJ (-NONE- *)) (RB not) (VP (TO to) (VP (VB be) (RS (-DFL- \])) (ADJP-PRD (JJ crass) (PP (IN about) (NP (PRP it))))))) (, ,) (CC but) (, ,) (INTJ (UH uh)) (, ,) (INTJ (UH uh)) (, ,) (SBAR (IN whether) (S (NP-SBJ (NN one)) (VP (MD might) (VP (VB conceive) (PRN (, ,) (S (NP-SBJ (DT no) (NN pun)) (VP (VBD intended))) (, ,)) (PP (IN of) (NP (DT the) (NN possibility) (SBAR (WDT that) (S (NP-SBJ (EX there)) (VP (MD might) (VP (VB be) (NP-PRD (NP (DT a) (NN kind)) (PP (IN of) (EDITED (RM (-DFL- \[)) (NP-UNF (DT a) (JJ deliberate)) (, ,) (IP (-DFL- \+))) (INTJ (UH uh)) (, ,) (INTJ (UH uh)) (NP (DT a) (JJ professional) (RS (-DFL- \])) (NN mother) (, ,) (EDITED (RM (-DFL- \[)) (NP-UNF (DT a-)) (, ,) (IP (-DFL- \+))) (RS (-DFL- \])) (NN person)))) (. .) (PP (IN For) (NP (NN instance))) (, ,) (X (DT that)))))))))))) (, ,) (-DFL- N_S))",79,246.9,247.57999999999998
sw01utt/sw_0142_2145.utt,2/sw2145,2145,62,sd,B,42,2,"{C and } [ I could, +  {D you know, } I could ] envision a society where that would happen and make an interesting,  {F uh, } {F uh, } story or whatever. /","and/CC  [ I/PRP ] could/MD ,/,  [ you/PRP ] know/VBP ,/,  [ I/PRP ] could/MD envision/VB  [ a/DT society/NN ] where/WRB  [ that/DT ] would/MD happen/VB and/CC make/VB  [ an/DT interesting/JJ ] ,/,  [ uh/UH ] ,/,  [ uh/UH ] ,/,  [ story/NN ] or/CC  [ whatever/WP ] ./.","(S (CC and) (EDITED (RM (-DFL- \[)) (S (NP-SBJ (PRP I)) (VP-UNF (MD could))) (, ,) (IP (-DFL- \+))) (PRN (S (NP-SBJ (PRP you)) (VP (VBP know))) (, ,)) (NP-SBJ (PRP I)) (VP (MD could) (RS (-DFL- \])) (VP (VP (VB envision) (NP (NP (DT a) (NN society)) (SBAR (WHADVP-1 (WRB where)) (S (NP-SBJ (DT that)) (VP (MD would) (VP (VB happen) (ADVP-LOC (-NONE- *T*-1)))))))) (CC and) (VP (VB make) (NP (NP (DT an) (JJ interesting) (, ,) (INTJ (UH uh)) (, ,) (INTJ (UH uh)) (, ,) (NN story)) (CC or) (NP (WP whatever)))))) (. .) (-DFL- E_S))",95,247.74,254.34
sw01utt/sw_0142_2145.utt,2/sw2145,2145,63,b,A,43,1,Yeah. /,Yeah/UH ./.,(INTJ (UH Yeah) (. .) (-DFL- E_S)),81,254.35,254.43
sw01utt/sw_0142_2145.utt,2/sw2145,2145,64,sd,B,44,1,"[ I, + I ] don't think I have a  philosophical problem with that.  /","[ I/PRP ] ,/,  [ I/PRP ] do/VBP n't/RB think/VB  [ I/PRP ] have/VBP  [ a/DT philosophical/JJ problem/NN ] with/IN  [ that/DT ] ./.","(S (EDITED (RM (-DFL- \[)) (NP-SBJ (PRP I)) (, ,) (IP (-DFL- \+))) (NP-SBJ (PRP I)) (RS (-DFL- \])) (VP (VBP do) (RB n't) (VP (VB think) (SBAR (-NONE- 0) (S (NP-SBJ (PRP I)) (VP (VBP have) (NP (NP (DT a) (JJ philosophical) (NN problem)) (PP (IN with) (NP (DT that))))))))) (. .) (-DFL- E_S))",99,254.42,257.12
sw01utt/sw_0142_2145.utt,2/sw2145,2145,65,sv,B,44,2,"In fact, I think it sort of raises nurturing  and being a mother to what it ought to be which is a respected profession. /","In/IN  [ fact/NN ] ,/,  [ I/PRP ] think/VBP  [ it/PRP ] [ sort/RB ] of/RB  [ raises/VBG ] nurturing/NN and/CC being/VBG  [ a/DT mother/NN ] to/IN  [ what/WP ] [ it/PRP ] ought/MD to/TO be/VB  [ which/WDT ] is/VBZ  [ a/DT respected/JJ profession/NN ] ./.","(S (PP (IN In) (NP (NN fact))) (, ,) (NP-SBJ (PRP I)) (VP (VBP think) (SBAR (-NONE- 0) (S (NP-SBJ (PRP it)) (ADVP (RB sort) (RB of)) (VP (VBG raises) (NP (NP (NN nurturing)) (CC and) (S-NOM (NP-SBJ (-NONE- *)) (VP (VBG being) (NP-PRD (DT a) (NN mother))))) (PP (IN to) (SBAR-NOM (SBAR-NOM (WHNP-1 (WP what)) (S (NP-SBJ-3 (PRP it)) (VP (MD ought) (S (NP-SBJ (-NONE- *-3)) (VP (TO to) (VP (VB be) (NP-PRD (-NONE- *T*-1)))))))) (SBAR (WHNP-2 (WDT which)) (S (NP-SBJ (-NONE- *T*-2)) (VP (VBZ is) (NP-PRD (DT a) (JJ respected) (NN profession))))))))))) (. .) (-DFL- E_S))",100,257.12,263.6
sw01utt/sw_0142_2145.utt,2/sw2145,2145,66,aa,A,45,1,"That's right,  /","[ That/DT ] 's/BES right/JJ ,/,","(S (NP-SBJ (DT That)) (VP (BES 's) (ADJP-PRD (JJ right))) (, ,) (-DFL- E_S))",102,263.83,264.51
sw01utt/sw_0142_2145.utt,2/sw2145,2145,67,aa^r,A,45,2,that's right. /,[ that/DT ] 's/BES right/JJ ./.,(S (NP-SBJ (DT that)) (VP (BES 's) (ADJP-PRD (JJ right))) (. .) (-DFL- E_S)),103,264.59,265.25
sw01utt/sw_0142_2145.utt,2/sw2145,2145,68,sd,B,46,1,"{F Uh, } [ I, + I ] don't have [ a, + other ]  [ than, + than ] a reading [ and, + and ] male perspective [ [ on, + on the ver-, ] + on the biological ]  urges involved relative to being a mother or not.  /","[ Uh/UH ] ,/,  [ I/PRP ] ,/,  [ I/PRP ] do/VBP n't/RB have/VB  [ a/DT ] ,/, other/JJ than/IN ,/, than/IN  [ a/DT reading/NN ] and/CC ,/, and/CC  [ male/JJ perspective/NN ] on/IN ,/, on/IN  [ the/DT ver-/XX ] ,/, on/IN  [ the/DT biological/NN ] urges/VBZ involved/VBN relative/JJ to/IN being/VBG  [ a/DT mother/NN ] or/CC not/RB ./.","(S (INTJ (UH Uh)) (, ,) (EDITED (RM (-DFL- \[)) (NP-SBJ (PRP I)) (, ,) (IP (-DFL- \+))) (NP-SBJ (PRP I)) (RS (-DFL- \])) (VP (VBP do) (RB n't) (VP (VB have) (EDITED (RM (-DFL- \[)) (NP-UNF (DT a)) (, ,) (IP (-DFL- \+))) (ADJP (JJ other) (RS (-DFL- \])) (EDITED (RM (-DFL- \[)) (PP-UNF (IN than)) (, ,) (IP (-DFL- \+))) (PP (IN than) (RS (-DFL- \])) (NP (NP (NP (DT a) (NN reading)) (EDITED (RM (-DFL- \[)) (CC and) (, ,) (IP (-DFL- \+))) (CC and) (RS (-DFL- \])) (NP (JJ male) (NN perspective))) (EDITED (RM (-DFL- \[)) (EDITED (RM (-DFL- \[)) (PP-UNF (IN on)) (, ,) (IP (-DFL- \+))) (PP (IN on) (NP-UNF (DT the) (XX ver-))) (, ,) (RS (-DFL- \])) (IP (-DFL- \+))) (PP (IN on) (NP (NP (DT the) (NN biological) (RS (-DFL- \])) (VBZ urges)) (ADJP (VBN involved)) (ADJP (JJ relative) (PP (IN to) (S-NOM (NP-SBJ (-NONE- *)) (VP (VP (VBG being) (NP-PRD (DT a) (NN mother))) (CC or) (VP (FRAG (RB not)))))))))))))) (. .) (-DFL- E_S))",105,265.24,275.9
sw01utt/sw_0142_2145.utt,2/sw2145,2145,69,sd,B,46,2,"{F Uh, } [ I know [ that, + that ] +  my sense is that ] I have very much an interest and had one in being a parent.  /","[ Uh/UH ] ,/,  [ I/PRP ] know/VBP that/IN ,/, that/IN  [ my/PRP$ sense/NN ] is/VBZ that/IN  [ I/PRP ] have/VBP very/RB much/JJ  [ an/DT interest/NN ] and/CC had/VBD  [ one/NN ] in/IN being/VBG  [ a/DT parent/NN ] ./.","(S (INTJ (UH Uh)) (, ,) (EDITED (RM (-DFL- \[)) (S (NP-SBJ (PRP I)) (VP (VBP know) (EDITED (RM (-DFL- \[)) (SBAR-UNF (IN that)) (, ,) (IP (-DFL- \+))) (SBAR-UNF (IN that)))) (RS (-DFL- \])) (IP (-DFL- \+))) (NP-SBJ (PRP$ my) (NN sense)) (VP (VBZ is) (SBAR-PRD (IN that) (RS (-DFL- \])) (S (NP-SBJ-1 (PRP I)) (VP (VP (VBP have) (ADVP (RB very) (JJ much)) (NP (NP (DT an) (NN interest)) (PP (-NONE- *RNR*-2)))) (CC and) (VP (VBD had) (NP (NP (NN one)) (PP (-NONE- *RNR*-2)))) (PP-2 (IN in) (S-NOM (NP-SBJ (-NONE- *-1)) (VP (VBG being) (NP-PRD (DT a) (NN parent))))))))) (. .) (-DFL- E_S))",106,276.62,283.03999999999996
sw01utt/sw_0142_2145.utt,2/sw2145,2145,70,sd,B,46,3,"[ I, + I ]  don't know that I, {F uh, } felt myself necessarily encumbered with the necessity to have heirs. /","[ I/PRP ] ,/,  [ I/PRP ] do/VBP n't/RB know/VB that/DT  [ I/PRP ] ,/,  [ uh/UH ] ,/, felt/VBD  [ myself/PRP ] necessarily/RB encumbered/VBN with/IN  [ the/DT necessity/NN ] to/TO have/VB  [ heirs/NNS ] ./.","(S (EDITED (RM (-DFL- \[)) (NP-SBJ (PRP I)) (, ,) (IP (-DFL- \+))) (NP-SBJ (PRP I)) (RS (-DFL- \])) (VP (VBP do) (RB n't) (VP (VB know) (SBAR (DT that) (S (NP-SBJ (PRP I)) (, ,) (INTJ (UH uh)) (, ,) (VP (VBD felt) (S (NP-SBJ-1 (PRP myself)) (ADVP (RB necessarily)) (VP (VBN encumbered) (NP (-NONE- *-1)) (PP (IN with) (NP (DT the) (NN necessity) (S (NP-SBJ (-NONE- *)) (VP (TO to) (VP (VB have) (NP (NNS heirs)))))))))))))) (. .) (-DFL- E_S))",107,283.04,288.6
sw01utt/sw_0142_2145.utt,2/sw2145,2145,71,b,A,47,1,Uh-huh. /,[ Uh-huh/UH ] ./.,(INTJ (UH Uh-huh) (. .) (-DFL- E_S)),90,289.47,289.71000000000004
sw01utt/sw_0142_2145.utt,2/sw2145,2145,72,sd,B,48,1,"{F Uh, } I don't have boys,  /","[ Uh/UH ] ,/,  [ I/PRP ] do/VBP n't/RB have/VB  [ boys/NNS ] ,/,","(S (INTJ (UH Uh)) (, ,) (NP-SBJ (PRP I)) (VP (VBP do) (RB n't) (VP (VB have) (NP (NNS boys)))) (, ,) (-DFL- E_S))",111,289.7,290.94
sw01utt/sw_0142_2145.utt,2/sw2145,2145,73,sd,B,48,2,"that  [ doesn't, + didn't ] bother me,  /","that/WDT does/VBZ n't/RB ,/, did/VBD n't/RB bother/VB  [ me/PRP ] ,/,","(S (NP-SBJ (WDT that)) (EDITED (RM (-DFL- \[)) (VP-UNF (VBZ does)) (RB n't) (, ,) (IP (-DFL- \+))) (VP (VBD did) (RB n't) (RS (-DFL- \])) (VP (VB bother) (NP (PRP me)))) (, ,) (-DFL- E_S))",112,290.94,292.42
sw01utt/sw_0142_2145.utt,2/sw2145,2145,74,sd,B,48,3,never has.  /,never/RB has/VBZ ./.,(S (NP-SBJ (-NONE- *)) (ADVP-TMP (RB never)) (VP (VBZ has) (VP (-NONE- *?*))) (. .) (-DFL- E_S)),113,292.42,293.06
sw01utt/sw_0142_2145.utt,2/sw2145,2145,75,sd,B,48,4,"Vision more women deliberately raising children either in surrogacy [ or, + or ] as a professional [ nanny, + nanny ] as you put it, {F uh. } /","[ Vision/NN ] more/RBR  [ women/NNS ] deliberately/RB raising/VBG  [ children/NNS ] either/CC in/IN  [ surrogacy/NN ] or/CC ,/, or/CC as/IN  [ a/DT professional/JJ nanny/NN ] ,/,  [ nanny/NN ] as/IN  [ you/PRP ] put/VBP  [ it/PRP ] ,/,  [ uh/UH ] ./.","(S (NP-SBJ (-NONE- *)) (VP (NN Vision) (NP (NP (RBR more) (NNS women)) (ADVP (RB deliberately)) (VP (VBG raising) (NP (NNS children)) (PP (CC either) (PP (IN in) (NP (NN surrogacy))) (EDITED (RM (-DFL- \[)) (CC or) (, ,) (IP (-DFL- \+))) (CC or) (RS (-DFL- \])) (PP (IN as) (NP (NP (DT a) (JJ professional) (EDITED (RM (-DFL- \[)) (NN nanny) (, ,) (IP (-DFL- \+))) (NN nanny) (RS (-DFL- \]))) (SBAR-ADV (IN as) (S (NP-SBJ (PRP you)) (VP (VBP put) (NP (PRP it)) (, ,) (INTJ (UH uh))))))))))) (. .) (-DFL- E_S))",114,293.2,300.71999999999997
sw01utt/sw_0142_2145.utt,2/sw2145,2145,76,b,A,49,1,Yeah. /,Yeah/UH ./.,(INTJ (UH Yeah) (. .) (-DFL- E_S)),97,300.75,300.91
sw01utt/sw_0142_2145.utt,2/sw2145,2145,77,sv,B,50,1,"Maybe we'll see a growth in that  where someone makes a career out of, say, taking care of five or six children as opposed to day care. /","Maybe/RB  [ we/PRP ] 'll/MD see/VB  [ a/DT growth/NN ] in/IN  [ that/DT ] where/WRB  [ someone/NN ] makes/VBZ  [ a/DT career/NN ] out/IN of/IN ,/, say/VB ,/, taking/VBG  [ care/NN ] of/IN  [ five/CD ] or/CC  [ six/CD children/NNS ] as/IN opposed/VBN to/IN  [ day/NN care/NN ] ./.","(S (RB Maybe) (NP-SBJ (PRP we)) (VP (MD 'll) (VP (VB see) (NP (NP (DT a) (NN growth)) (PP (IN in) (NP (DT that))) (SBAR (WHADVP-2 (WRB where)) (S (NP-SBJ-1 (NN someone)) (VP (VBZ makes) (NP (DT a) (NN career)) (PP (IN out) (PP (IN of) (, ,) (INTJ (VB say)) (, ,) (S-NOM (NP-SBJ (-NONE- *-1)) (VP (VBG taking) (NP (NN care)) (PP (IN of) (NP (QP (CD five) (CC or) (CD six)) (NNS children))) (PP (IN as) (PP (VBN opposed) (PP (IN to) (NP (NN day) (NN care))))))))) (ADVP (-NONE- *T*-2)))))))) (. .) (-DFL- E_S))",118,301.24,307.86
sw01utt/sw_0142_2145.utt,2/sw2145,2145,78,b,A,51,1,"Uh-huh,  /","[ Uh-huh/UH ] ,/,","(INTJ (UH Uh-huh) (, ,) (-DFL- E_S))",120,307.87,308.01
sw01utt/sw_0142_2145.utt,2/sw2145,2145,79,b^r,A,51,2,uh-huh. /,[ uh-huh/UH ] ./.,(INTJ (UH uh-huh) (. .) (-DFL- E_S)),121,308.33,308.45
sw01utt/sw_0142_2145.utt,2/sw2145,2145,80,sv,B,52,1,"It would be a sort of day care,  /","[ It/PRP ] would/MD be/VB  [ a/DT sort/NN ] of/IN  [ day/NN care/NN ] ,/,","(S (NP-SBJ (PRP It)) (VP (MD would) (VP (VB be) (NP-PRD (NP (DT a) (NN sort)) (PP (IN of) (NP (NN day) (NN care)))))) (, ,) (-DFL- E_S))",123,308.52,309.98
sw01utt/sw_0142_2145.utt,2/sw2145,2145,81,sv,B,52,2,{C but } it would be more of a family setting. /,but/CC  [ it/PRP ] would/MD be/VB more/JJR of/IN  [ a/DT family/NN setting/NN ] ./.,(S (CC but) (NP-SBJ (PRP it)) (VP (MD would) (VP (VB be) (NP-PRD (NP (JJR more)) (PP (IN of) (NP (DT a) (NN family) (NN setting)))))) (. .) (-DFL- E_S)),124,309.98,311.6
sw01utt/sw_0142_2145.utt,2/sw2145,2145,82,b,A,53,1,Right. /,[ Right/UH ] ./.,(INTJ (UH Right) (. .) (-DFL- E_S)),126,311.97,312.19000000000005
sw01utt/sw_0142_2145.utt,2/sw2145,2145,83,sd,B,54,1,"{F Uh, } I know that there are young people,  characterized, I guess as being half my age, so [ that +  by definition that ] means,","[ Uh/UH ] ,/,  [ I/PRP ] know/VBP that/IN  [ there/EX ] are/VBP  [ young/JJ people/NNS ] ,/, characterized/VBN ,/,  [ I/PRP ] guess/VBP as/IN being/VBG  [ half/DT my/PRP$ age/NN ] ,/, so/RB that/IN by/IN  [ definition/NN ] [ that/WDT ] means/VBZ ,/,","(S (INTJ (UH Uh)) (, ,) (NP-SBJ (PRP I)) (VP (VBP know) (SBAR (IN that) (S (NP-SBJ (EX there)) (VP (VBP are) (NP-PRD (NP (JJ young) (NNS people)) (, ,) (VP (VBN characterized) (NP (-NONE- *)) (PRN (, ,) (S (NP-SBJ (PRP I)) (VP (VBP guess)))) (PP (IN as) (S-NOM (NP-SBJ (-NONE- *)) (VP (VBG being) (NP-PRD (DT half) (PRP$ my) (NN age))))) (PRN (, ,) (S (RB so) (EDITED (RM (-DFL- \[)) (NP-SBJ (IN that)) (IP (-DFL- \+))) (PP (IN by) (NP (NN definition))) (NP-SBJ (WDT that)) (RS (-DFL- \])) (VP (VBZ means) (, ,) (SBAR (-NONE- 0) (S (NP-SBJ (PRP they)) (VP (VBP 're) (ADJP-PRD (JJ young))))))) (. .))) (INTJ (UH Uh)) (, ,) (SBAR (EDITED (RM (-DFL- \[)) (SBAR-UNF (WHNP (IN that))) (, ,) (IP (-DFL- \+)) (RS (-DFL- \]))) (PP-LOC (IN in) (NP (PRP$ my) (NN work) (NN place))) (, ,) (WHNP-3 (WP who)) (S (NP-SBJ (-NONE- *T*-3)) (VP (VBP are) (NP-ADV (NP (DT both)) (PP (IN of) (NP (PRP them)))) (VP (VBG earning) (NP (ADJP (RB rather) (JJ decent)) (JJ professional) (NNS salaries)))))) (SBAR (WHNP-4 (WP who)) (S (ADVP (RB probably)) (NP-SBJ-5 (-NONE- *-4)) (VP (MD would) (VP (VB consider) (S (NP-SBJ (-NONE- *-5)) (VP (VBG paying) (NP-1 (DT a) (NN woman)) (, ,) (INTJ (UH uh)) (, ,) (NP (NP (QP (CD eight) (CC or) (CD nine) (CC or) (CD ten) (CD thousand)) (NNS dollars)) (NP-ADV (DT a) (NN year))) (S-PRP (NP-SBJ (-NONE- *-1)) (VP (TO to) (VP (VB take) (NP (NN care)) (PP (IN of) (NP (PRP$ their) (NN child))))))))))))))))) (, ,) (-DFL- E_S))",128,312.44,319.5
sw01utt/sw_0142_2145.utt,2/sw2145,2145,84,b,A,55,1,"Uh-huh,  /","[ Uh-huh/UH ] ,/,","(INTJ (UH Uh-huh) (, ,) (-DFL- E_S))",120,319.51,319.83
sw01utt/sw_0142_2145.utt,2/sw2145,2145,85,b^r,A,55,2,uh-huh. /,[ uh-huh/UH ] ./.,(INTJ (UH uh-huh) (. .) (-DFL- E_S)),121,320.13,320.45
sw01utt/sw_0142_2145.utt,2/sw2145,2145,86,+,B,56,1,"they're young. {F Uh, } [ that, + ] in my work place, who are both of them earning rather decent professional salaries  who probably would consider paying a woman, {F uh, } eight or nine or ten thousand  dollars a year to take care of their child, /","[ they/PRP ] 're/VBP young/JJ ./.  [ Uh/UH ] ,/, that/IN ,/, in/IN  [ my/PRP$ work/NN place/NN ] ,/,  [ who/WP ] are/VBP  [ both/DT ] of/IN  [ them/PRP ] earning/VBG rather/RB  [ decent/JJ professional/JJ salaries/NNS ] [ who/WP ] probably/RB would/MD consider/VB paying/VBG  [ a/DT woman/NN ] ,/,  [ uh/UH ] ,/,  [ eight/CD ] or/CC  [ nine/CD ] or/CC  [ ten/CD thousand/CD dollars/NNS ] [ a/DT year/NN ] to/TO take/VB care/NN of/IN  [ their/PRP$ child/NN ] ,/,","(S (INTJ (UH Uh)) (, ,) (NP-SBJ (PRP I)) (VP (VBP know) (SBAR (IN that) (S (NP-SBJ (EX there)) (VP (VBP are) (NP-PRD (NP (JJ young) (NNS people)) (, ,) (VP (VBN characterized) (NP (-NONE- *)) (PRN (, ,) (S (NP-SBJ (PRP I)) (VP (VBP guess)))) (PP (IN as) (S-NOM (NP-SBJ (-NONE- *)) (VP (VBG being) (NP-PRD (DT half) (PRP$ my) (NN age))))) (PRN (, ,) (S (RB so) (EDITED (RM (-DFL- \[)) (NP-SBJ (IN that)) (IP (-DFL- \+))) (PP (IN by) (NP (NN definition))) (NP-SBJ (WDT that)) (RS (-DFL- \])) (VP (VBZ means) (, ,) (SBAR (-NONE- 0) (S (NP-SBJ (PRP they)) (VP (VBP 're) (ADJP-PRD (JJ young))))))) (. .))) (INTJ (UH Uh)) (, ,) (SBAR (EDITED (RM (-DFL- \[)) (SBAR-UNF (WHNP (IN that))) (, ,) (IP (-DFL- \+)) (RS (-DFL- \]))) (PP-LOC (IN in) (NP (PRP$ my) (NN work) (NN place))) (, ,) (WHNP-3 (WP who)) (S (NP-SBJ (-NONE- *T*-3)) (VP (VBP are) (NP-ADV (NP (DT both)) (PP (IN of) (NP (PRP them)))) (VP (VBG earning) (NP (ADJP (RB rather) (JJ decent)) (JJ professional) (NNS salaries)))))) (SBAR (WHNP-4 (WP who)) (S (ADVP (RB probably)) (NP-SBJ-5 (-NONE- *-4)) (VP (MD would) (VP (VB consider) (S (NP-SBJ (-NONE- *-5)) (VP (VBG paying) (NP-1 (DT a) (NN woman)) (, ,) (INTJ (UH uh)) (, ,) (NP (NP (QP (CD eight) (CC or) (CD nine) (CC or) (CD ten) (CD thousand)) (NNS dollars)) (NP-ADV (DT a) (NN year))) (S-PRP (NP-SBJ (-NONE- *-1)) (VP (TO to) (VP (VB take) (NP (NN care)) (PP (IN of) (NP (PRP$ their) (NN child))))))))))))))))) (, ,) (-DFL- E_S))",128,320.48,332.1
sw01utt/sw_0142_2145.utt,2/sw2145,2145,87,qy^d,A,57,1,To come in and live with them? /,To/TO come/VB in/IN and/CC live/VB with/IN  [ them/PRP ] ?/.,(S (NP-SBJ (-NONE- *)) (VP (TO To) (VP (VB come) (ADVP-DIR (IN in))) (CC and) (VP (VB live) (PP (IN with) (NP (PRP them))))) (. ?) (-DFL- E_S)),134,332.11,332.61
sw01utt/sw_0142_2145.utt,2/sw2145,2145,88,sd,B,58,1,I could easily envision that.  /,[ I/PRP ] could/MD easily/RB envision/VB  [ that/DT ] ./.,(S (NP-SBJ (PRP I)) (VP (MD could) (ADVP-MNR (RB easily)) (VP (VB envision) (NP (DT that)))) (. .) (-DFL- E_S)),136,332.6,333.7
sw01utt/sw_0142_2145.utt,2/sw2145,2145,89,bf,B,58,2,Pardon? /,[ Pardon/UH ] ?/.,(INTJ (UH Pardon) (. ?) (-DFL- E_S)),137,333.96,334.35999999999996
sw01utt/sw_0142_2145.utt,2/sw2145,2145,90,qy^d^r,A,59,1,To come in and live with them? /,To/TO come/VB in/IN and/CC live/VB with/IN  [ them/PRP ] ?/.,(S (NP-SBJ (-NONE- *)) (VP (TO To) (VP (VB come) (ADVP-DIR (IN in))) (CC and) (VP (VB live) (PP (IN with) (NP (PRP them))))) (. ?) (-DFL- E_S)),134,334.37,335.25
sw01utt/sw_0142_2145.utt,2/sw2145,2145,91,sd,B,60,1,"Or to put their child [ into a s-, + into a home setting, ]","Or/CC to/TO put/VB  [ their/PRP$ child/NN ] into/IN  [ a/DT s-/NN ] ,/, into/IN  [ a/DT home/NN setting/NN ] ,/,","(S (CC Or) (NP-SBJ (-NONE- *)) (VP (TO to) (VP (VB put) (NP (PRP$ their) (NN child)) (EDITED (RM (-DFL- \[)) (PP-PUT (IN into) (NP-UNF (DT a) (NN s-))) (, ,) (IP (-DFL- \+))) (PP-PUT (IN into) (NP (NP (DT a) (NN home) (NN setting)) (, ,) (RS (-DFL- \])) (SBAR (WHADVP-3 (WRB where)) (S (EDITED (RM (-DFL- \[)) (S (NP-SBJ (PRP they)) (VP-UNF (MD would))) (, ,) (IP (-DFL- \+))) (PRN (S (NP-SBJ (PRP you)) (VP (VBP know))) (, ,)) (INTJ (UH like)) (EDITED (RM (-DFL- \[)) (NP-SBJ (PRP they)) (, ,) (IP (-DFL- \+))) (NP-SBJ (PRP they)) (RS (-DFL- \])) (VP (MD would) (RS (-DFL- \])) (EDITED (RM (-DFL- \[)) (VP-UNF (VB get)) (, ,) (IP (-DFL- \+))) (VP (VP (VB leave) (RS (-DFL- \])) (PP-TMP (IN at) (NP (NP (CD eight)) (PP-TMP (IN in) (NP (DT the) (NN morning)))))) (EDITED (RM (-DFL- \[)) (CC and) (, ,) (IP (-DFL- \+))) (CC and) (RS (-DFL- \])) (VP (VB drop) (NP (DT a) (CD two) (NN year) (NN old)) (PRT (RP off)) (PP-LOC (IN in) (NP (NP (DT a) (NN home)) (SBAR (WHADVP-2 (WRB where)) (S (NP-SBJ (PRP you)) (VP (VBD knew) (SBAR (-NONE- 0) (S (NP-SBJ-1 (EX there)) (VP (VBD were) (VP (VBG going) (S (NP-SBJ (-NONE- *-1)) (VP (TO to) (VP (VB be) (NP-PRD (CD four) (JJ other) (NNS kids))))))))) (ADVP-LOC (-NONE- *T*-2)))))))) (ADVP-LOC (-NONE- *T*-3)))))))))) (-DFL- E_S))",141,335.54,338.2
sw01utt/sw_0142_2145.utt,2/sw2145,2145,92,b,A,61,1,Uh-huh. /,[ Uh-huh/UH ] ./.,(INTJ (UH Uh-huh) (. .) (-DFL- E_S)),143,338.21,338.31
sw01utt/sw_0142_2145.utt,2/sw2145,2145,93,+,B,62,1,"where [ they would, + {D you know, } {D like }  [ they, + they ] would ] [ get, + leave ] at eight in the morning [ and, + and ] drop a two year old off  in a home where you knew there were going to be four other kids  /","where/WRB  [ they/PRP ] would/MD ,/,  [ you/PRP ] know/VBP ,/, like/IN  [ they/PRP ] ,/,  [ they/PRP ] would/MD get/VB ,/, leave/VB at/IN  [ eight/CD ] in/IN  [ the/DT morning/NN ] and/CC ,/, and/CC drop/VB  [ a/DT two/CD year/NN ] old/NN off/RP in/IN  [ a/DT home/NN ] where/WRB  [ you/PRP ] knew/VBD  [ there/EX ] were/VBD going/VBG to/TO be/VB  [ four/CD other/JJ kids/NNS ]","(S (CC Or) (NP-SBJ (-NONE- *)) (VP (TO to) (VP (VB put) (NP (PRP$ their) (NN child)) (EDITED (RM (-DFL- \[)) (PP-PUT (IN into) (NP-UNF (DT a) (NN s-))) (, ,) (IP (-DFL- \+))) (PP-PUT (IN into) (NP (NP (DT a) (NN home) (NN setting)) (, ,) (RS (-DFL- \])) (SBAR (WHADVP-3 (WRB where)) (S (EDITED (RM (-DFL- \[)) (S (NP-SBJ (PRP they)) (VP-UNF (MD would))) (, ,) (IP (-DFL- \+))) (PRN (S (NP-SBJ (PRP you)) (VP (VBP know))) (, ,)) (INTJ (UH like)) (EDITED (RM (-DFL- \[)) (NP-SBJ (PRP they)) (, ,) (IP (-DFL- \+))) (NP-SBJ (PRP they)) (RS (-DFL- \])) (VP (MD would) (RS (-DFL- \])) (EDITED (RM (-DFL- \[)) (VP-UNF (VB get)) (, ,) (IP (-DFL- \+))) (VP (VP (VB leave) (RS (-DFL- \])) (PP-TMP (IN at) (NP (NP (CD eight)) (PP-TMP (IN in) (NP (DT the) (NN morning)))))) (EDITED (RM (-DFL- \[)) (CC and) (, ,) (IP (-DFL- \+))) (CC and) (RS (-DFL- \])) (VP (VB drop) (NP (DT a) (CD two) (NN year) (NN old)) (PRT (RP off)) (PP-LOC (IN in) (NP (NP (DT a) (NN home)) (SBAR (WHADVP-2 (WRB where)) (S (NP-SBJ (PRP you)) (VP (VBD knew) (SBAR (-NONE- 0) (S (NP-SBJ-1 (EX there)) (VP (VBD were) (VP (VBG going) (S (NP-SBJ (-NONE- *-1)) (VP (TO to) (VP (VB be) (NP-PRD (CD four) (JJ other) (NNS kids))))))))) (ADVP-LOC (-NONE- *T*-2)))))))) (ADVP-LOC (-NONE- *T*-3)))))))))) (-DFL- E_S))",141,338.3,345.08000000000004
sw01utt/sw_0142_2145.utt,2/sw2145,2145,94,sd,B,62,2,"[ {C and, } +","and/CC ,/,","(S (CC Or) (NP-SBJ (-NONE- *)) (VP (TO to) (VP (VB put) (NP (PRP$ their) (NN child)) (EDITED (RM (-DFL- \[)) (PP-PUT (IN into) (NP-UNF (DT a) (NN s-))) (, ,) (IP (-DFL- \+))) (PP-PUT (IN into) (NP (NP (DT a) (NN home) (NN setting)) (, ,) (RS (-DFL- \])) (SBAR (WHADVP-3 (WRB where)) (S (EDITED (RM (-DFL- \[)) (S (NP-SBJ (PRP they)) (VP-UNF (MD would))) (, ,) (IP (-DFL- \+))) (PRN (S (NP-SBJ (PRP you)) (VP (VBP know))) (, ,)) (INTJ (UH like)) (EDITED (RM (-DFL- \[)) (NP-SBJ (PRP they)) (, ,) (IP (-DFL- \+))) (NP-SBJ (PRP they)) (RS (-DFL- \])) (VP (MD would) (RS (-DFL- \])) (EDITED (RM (-DFL- \[)) (VP-UNF (VB get)) (, ,) (IP (-DFL- \+))) (VP (VP (VB leave) (RS (-DFL- \])) (PP-TMP (IN at) (NP (NP (CD eight)) (PP-TMP (IN in) (NP (DT the) (NN morning)))))) (EDITED (RM (-DFL- \[)) (CC and) (, ,) (IP (-DFL- \+))) (CC and) (RS (-DFL- \])) (VP (VB drop) (NP (DT a) (CD two) (NN year) (NN old)) (PRT (RP off)) (PP-LOC (IN in) (NP (NP (DT a) (NN home)) (SBAR (WHADVP-2 (WRB where)) (S (NP-SBJ (PRP you)) (VP (VBD knew) (SBAR (-NONE- 0) (S (NP-SBJ-1 (EX there)) (VP (VBD were) (VP (VBG going) (S (NP-SBJ (-NONE- *-1)) (VP (TO to) (VP (VB be) (NP-PRD (CD four) (JJ other) (NNS kids))))))))) (ADVP-LOC (-NONE- *T*-2)))))))) (ADVP-LOC (-NONE- *T*-3)))))))))) (-DFL- E_S))",141,345.08,345.2
sw01utt/sw_0142_2145.utt,2/sw2145,2145,95,b,A,63,1,Yeah. /,Yeah/UH ./.,(INTJ (UH Yeah) (. .) (-DFL- E_S)),147,345.33,345.66999999999996
sw01utt/sw_0142_2145.utt,2/sw2145,2145,96,+,B,64,1,{C and } ] you were paying for really high quality care. /,and/CC  [ you/PRP ] were/VBD paying/VBG for/IN really/RB  [ high/JJ quality/NN care/NN ] ./.,"(S (EDITED (RM (-DFL- \[)) (CC and) (, ,) (IP (-DFL- \+))) (CC and) (RS (-DFL- \])) (NP-SBJ (PRP you)) (VP (VBD were) (VP (VBG paying) (PP (IN for) (NP (RB really) (JJ high) (NN quality) (NN care))))) (. .) (-DFL- E_S))",145,345.8,347.94
sw01utt/sw_0142_2145.utt,2/sw2145,2145,97,b,A,65,1,Right. /,[ Right/UH ] ./.,(INTJ (UH Right) (. .) (-DFL- E_S)),126,347.95,348.22999999999996
sw01utt/sw_0142_2145.utt,2/sw2145,2145,98,sd,B,66,1,"{F Uh, } I have acquaintances of mine  where I know that they are paying figures [ on, + on ] the order of what I quoted to someone, because that's [ what + ] the experience they want  /","[ Uh/UH ] ,/,  [ I/PRP ] have/VBP  [ acquaintances/NNS ] of/IN  [ mine/NN ] where/WRB  [ I/PRP ] know/VBP that/IN  [ they/PRP ] are/VBP paying/VBG  [ figures/NNS ] on/IN ,/, on/IN  [ the/DT order/NN ] of/IN  [ what/WP ] [ I/PRP ] quoted/VBD to/IN  [ someone/NN ] ,/, because/IN  [ that/DT ] 's/BES  [ what/WP ] [ the/DT experience/NN ] [ they/PRP ] want/VBP","(S (INTJ (UH Uh)) (, ,) (NP-SBJ (PRP I)) (VP (VBP have) (NP (NP (NNS acquaintances)) (PP (IN of) (NP (NN mine))) (SBAR (WHADVP-3 (WRB where)) (S (NP-SBJ (PRP I)) (VP (VBP know) (SBAR (IN that) (S (NP-SBJ (PRP they)) (VP (VBP are) (VP (VBG paying) (NP (NP (NNS figures)) (EDITED (RM (-DFL- \[)) (PP-UNF (IN on)) (, ,) (IP (-DFL- \+))) (PP (IN on) (RS (-DFL- \])) (NP (NP (DT the) (NN order)) (PP (IN of) (SBAR-NOM (WHNP-1 (WP what)) (S (NP-SBJ (PRP I)) (VP (VBD quoted) (NP (-NONE- *T*-1))))))))) (PP-DTV (IN to) (NP (NN someone))) (, ,) (SBAR-PRP (IN because) (S (NP-SBJ (DT that)) (VP (BES 's) (EDITED (RM (-DFL- \[)) (SBAR-UNF (WHNP (WP what))) (IP (-DFL- \+)) (RS (-DFL- \]))) (NP-PRD (NP (DT the) (NN experience)) (SBAR (WHNP-2 (-NONE- 0)) (S (NP-SBJ (PRP they)) (VP (VBP want) (NP (-NONE- *T*-2))))))))))))) (ADVP (-NONE- *T*-3))))))) (-DFL- E_S))",152,348.78,357.26
sw01utt/sw_0142_2145.utt,2/sw2145,2145,99,sd,B,66,2,"{C and } I would imagine  if there are more of people like that with an opportunity [ that, + that's ] a possibility of a change --","and/CC  [ I/PRP ] would/MD imagine/VB if/IN  [ there/EX ] are/VBP more/JJR of/IN  [ people/NNS ] like/IN that/DT with/IN  [ an/DT opportunity/NN ] that/IN ,/,  [ that/DT ] 's/BES  [ a/DT possibility/NN ] of/IN  [ a/DT change/NN ] --/:","(S (CC and) (NP-SBJ (PRP I)) (VP (MD would) (VP (VB imagine) (SBAR (-NONE- 0) (S (SBAR-ADV (IN if) (S (NP-SBJ (EX there)) (VP (VBP are) (NP-PRD (NP (JJR more)) (PP (IN of) (NP (NP (NNS people)) (PP (IN like) (NP (DT that))) (PP (IN with) (NP (DT an) (NN opportunity))))))))) (EDITED (RM (-DFL- \[)) (NP-SBJ (IN that)) (, ,) (IP (-DFL- \+))) (NP-SBJ (DT that)) (VP (BES 's) (RS (-DFL- \])) (NP-PRD (NP (DT a) (NN possibility)) (PP (IN of) (NP (NP (DT a) (NN change)) (SBAR (WHNP-1 (IN that)) (S (NP-SBJ (PRP we)) (VP (MD could) (VP (VB see) (NP (-NONE- *T*-1)) (PP-TMP (IN in) (NP (DT the) (JJ next) (JJ few) (NNS years))))))))))))))) (. .) (-DFL- E_S))",153,357.6,362.82
sw01utt/sw_0142_2145.utt,2/sw2145,2145,100,b,A,67,1,Uh-huh. /,[ Uh-huh/UH ] ./.,(INTJ (UH Uh-huh) (. .) (-DFL- E_S)),143,363.09,363.19
sw01utt/sw_0142_2145.utt,2/sw2145,2145,101,+,B,68,1,-- that we could see in the next few years. /,--/: that/IN  [ we/PRP ] could/MD see/VB in/IN  [ the/DT next/JJ few/JJ years/NNS ] ./.,"(S (CC and) (NP-SBJ (PRP I)) (VP (MD would) (VP (VB imagine) (SBAR (-NONE- 0) (S (SBAR-ADV (IN if) (S (NP-SBJ (EX there)) (VP (VBP are) (NP-PRD (NP (JJR more)) (PP (IN of) (NP (NP (NNS people)) (PP (IN like) (NP (DT that))) (PP (IN with) (NP (DT an) (NN opportunity))))))))) (EDITED (RM (-DFL- \[)) (NP-SBJ (IN that)) (, ,) (IP (-DFL- \+))) (NP-SBJ (DT that)) (VP (BES 's) (RS (-DFL- \])) (NP-PRD (NP (DT a) (NN possibility)) (PP (IN of) (NP (NP (DT a) (NN change)) (SBAR (WHNP-1 (IN that)) (S (NP-SBJ (PRP we)) (VP (MD could) (VP (VB see) (NP (-NONE- *T*-1)) (PP-TMP (IN in) (NP (DT the) (JJ next) (JJ few) (NNS years))))))))))))))) (. .) (-DFL- E_S))",153,363.52,364.88000000000005
sw01utt/sw_0142_2145.utt,2/sw2145,2145,102,bf,A,69,1,"{C And then } you might have more control  over, {F uh, } [ the, + the ] morals that they would be taught rather than in  {D like } a classroom or a day care center. /","And/CC then/RB  [ you/PRP ] might/MD have/VB  [ more/JJR control/NN ] over/IN ,/,  [ uh/UH ] ,/,  [ the/DT ] ,/,  [ the/DT morals/NNS ] that/WDT  [ they/PRP ] would/MD be/VB taught/VBN rather/IN than/IN in/IN like/IN  [ a/DT classroom/NN ] or/CC  [ a/DT day/NN care/NN center/NN ] ./.","(S (CONJP (CC And) (RB then)) (NP-SBJ (PRP you)) (VP (MD might) (VP (VB have) (NP (NP (JJR more) (NN control)) (PP (IN over) (, ,) (INTJ (UH uh)) (, ,) (EDITED (RM (-DFL- \[)) (NP-UNF (DT the)) (, ,) (IP (-DFL- \+))) (NP (NP (DT the) (RS (-DFL- \])) (NNS morals)) (SBAR (WHNP-2 (WDT that)) (S (NP-SBJ-1 (PRP they)) (VP (MD would) (VP (VB be) (VP (VBN taught) (NP (-NONE- *-1)) (NP (-NONE- *T*-2))))))))) (PP (IN rather) (IN than) (PP-LOC (IN in) (INTJ (UH like)) (NP (NP (DT a) (NN classroom)) (CC or) (NP (DT a) (NN day) (NN care) (NN center)))))))) (. .) (-DFL- E_S))",158,364.89,374.83000000000004
sw01utt/sw_0142_2145.utt,2/sw2145,2145,103,b,B,70,1,"Uh-huh,  /","[ Uh-huh/UH ] ,/,","(INTJ (UH Uh-huh) (, ,) (-DFL- E_S))",160,374.82,374.92
sw01utt/sw_0142_2145.utt,2/sw2145,2145,104,b^r,B,70,2,uh-huh. /,[ uh-huh/UH ] ./.,(INTJ (UH uh-huh) (. .) (-DFL- E_S)),161,374.92,375.02000000000004
sw01utt/sw_0142_2145.utt,2/sw2145,2145,105,sd,A,71,1,I know the day care centers are not cheap either.  /,[ I/PRP ] know/VBP  [ the/DT day/NN care/NN centers/NNS ] are/VBP not/RB cheap/JJ either/RB ./.,(S (NP-SBJ (PRP I)) (VP (VBP know) (SBAR (-NONE- 0) (S (NP-SBJ (DT the) (NN day) (NN care) (NNS centers)) (VP (VBP are) (RB not) (ADJP-PRD (JJ cheap)) (ADVP (RB either)))))) (. .) (-DFL- E_S)),163,375.87,378.31
sw01utt/sw_0142_2145.utt,2/sw2145,2145,106,%,A,71,2,"{D You know } they're, -/","[ You/PRP ] know/VBP  [ they/PRP ] 're/VBP ,/,","(S (PRN (S (NP-SBJ (PRP You)) (VP (VBP know)))) (NP-SBJ (PRP they)) (VP-UNF (VBP 're)) (, ,) (-DFL- N_S))",164,378.91,379.65
sw01utt/sw_0142_2145.utt,2/sw2145,2145,107,sd,B,72,1,I haven't ever really looked at them.  /,[ I/PRP ] have/VBP n't/RB ever/RB really/RB looked/VBN at/IN  [ them/PRP ] ./.,(S (NP-SBJ (PRP I)) (VP (VBP have) (RB n't) (ADVP-TMP (RB ever)) (ADVP (RB really)) (VP (VBN looked) (PP (IN at) (NP (PRP them))))) (. .) (-DFL- E_S)),166,379.92,381.2
sw01utt/sw_0142_2145.utt,2/sw2145,2145,108,qy,B,72,2,"Are you aware at all,","[ Are/VBP you/PRP ] aware/JJ at/IN  [ all/DT ] ,/,","(SQ (VBP Are) (NP-SBJ (PRP you)) (ADJP-PRD (JJ aware) (PP (-NONE- *ICH*-2))) (ADVP (IN at) (DT all)) (, ,) (EDITED (RM (-DFL- \[)) (PP-UNF (IN of)) (, ,) (IP (-DFL- \+))) (PP-2 (IN of) (RS (-DFL- \])) (SBAR-NOM (EDITED (RM (-DFL- \[)) (SBAR-NOM (WHNP (WP what)) (S (NP-SBJ (PRP they)) (VP-UNF (MD would)))) (, ,) (IP (-DFL- \+))) (WHNP-1 (WP what)) (S (NP-SBJ (PRP they)) (VP (VBP cost) (NP (-NONE- *T*-1)))))) (. ?) (RS (-DFL- \])) (-DFL- E_S))",167,381.2,382.2
sw01utt/sw_0142_2145.utt,2/sw2145,2145,109,nn,A,73,1,"{F Uh, } {D well, } no, /","[ Uh/UH ] ,/, well/UH ,/, no/UH ,/,","(INTJ (INTJ (UH Uh)) (, ,) (INTJ (UH well)) (, ,) (INTJ (UH no)) (, ,) (-DFL- E_S))",169,382.21,382.87
sw01utt/sw_0142_2145.utt,2/sw2145,2145,110,+,B,74,1,"[ of, + of ] [ what they would, + what they cost? ] /","of/IN ,/, of/IN  [ what/WP ] [ they/PRP ] would/MD ,/,  [ what/WP ] [ they/PRP ] cost/VBP ?/.","(SQ (VBP Are) (NP-SBJ (PRP you)) (ADJP-PRD (JJ aware) (PP (-NONE- *ICH*-2))) (ADVP (IN at) (DT all)) (, ,) (EDITED (RM (-DFL- \[)) (PP-UNF (IN of)) (, ,) (IP (-DFL- \+))) (PP-2 (IN of) (RS (-DFL- \])) (SBAR-NOM (EDITED (RM (-DFL- \[)) (SBAR-NOM (WHNP (WP what)) (S (NP-SBJ (PRP they)) (VP-UNF (MD would)))) (, ,) (IP (-DFL- \+))) (WHNP-1 (WP what)) (S (NP-SBJ (PRP they)) (VP (VBP cost) (NP (-NONE- *T*-1)))))) (. ?) (RS (-DFL- \])) (-DFL- E_S))",167,382.86,383.5
sw01utt/sw_0142_2145.utt,2/sw2145,2145,111,sd,A,75,1,"[ I just know, + I know ]  several single mothers who absolutely can't afford it.  /","[ I/PRP ] just/RB know/VBP ,/,  [ I/PRP ] know/VBP  [ several/JJ single/JJ mothers/NNS ] [ who/WP ] absolutely/RB ca/MD n't/RB afford/VB  [ it/PRP ] ./.","(S (EDITED (RM (-DFL- \[)) (S (NP-SBJ (PRP I)) (ADVP (RB just)) (VP-UNF (VBP know))) (, ,) (IP (-DFL- \+))) (NP-SBJ (PRP I)) (VP (VBP know) (RS (-DFL- \])) (NP (NP (JJ several) (JJ single) (NNS mothers)) (SBAR (WHNP-1 (WP who)) (S (NP-SBJ (-NONE- *T*-1)) (ADVP (RB absolutely)) (VP (MD ca) (RB n't) (VP (VB afford) (NP (PRP it)))))))) (. .) (-DFL- E_S))",172,383.51,387.79
sw01utt/sw_0142_2145.utt,2/sw2145,2145,112,sd,A,75,2,"They have to go with [ [ the, + a   single, ] + {F uh, } [ wh-, + ] {E I mean } a ] baby-sitter [ more, + more ] or less. /","[ They/PRP ] have/VBP to/TO go/VB with/IN  [ the/DT ] ,/,  [ a/DT single/JJ ] ,/,  [ uh/UH ] ,/,  [ wh-/XX ] ,/,  [ I/PRP ] mean/VBP  [ a/DT baby-sitter/NN more/JJR ] ,/,  [ more/RBR ] or/CC  [ less/RBR ] ./.","(S (NP-SBJ-1 (PRP They)) (VP (VBP have) (S (NP-SBJ (-NONE- *-1)) (VP (TO to) (VP (VB go) (PP (IN with) (EDITED (RM (-DFL- \[)) (EDITED (RM (-DFL- \[)) (NP-UNF (DT the)) (, ,) (IP (-DFL- \+))) (NP-UNF (DT a) (JJ single)) (, ,) (RS (-DFL- \])) (IP (-DFL- \+))) (INTJ (UH uh)) (, ,) (EDITED (RM (-DFL- \[)) (X (XX wh-)) (, ,) (IP (-DFL- \+)) (RS (-DFL- \]))) (PRN (S (NP-SBJ (PRP I)) (VP (VBP mean)))) (NP (DT a) (RS (-DFL- \])) (NN baby-sitter)) (EDITED (RM (-DFL- \[)) (ADVP-UNF (JJR more)) (, ,) (IP (-DFL- \+))) (ADVP (RBR more) (RS (-DFL- \])) (CC or) (RBR less))))))) (. .) (-DFL- E_S))",173,387.79,394.09
sw01utt/sw_0142_2145.utt,2/sw2145,2145,113,b,B,76,1,Uh-huh. /,[ Uh-huh/UH ] ./.,(INTJ (UH Uh-huh) (. .) (-DFL- E_S)),155,394.2,394.42
sw01utt/sw_0142_2145.utt,2/sw2145,2145,114,sd,A,77,1,"{C But } I think it's {D like, }   about sixty dollars a week for two children --","But/CC  [ I/PRP ] think/VBP  [ it/PRP ] 's/BES like/IN ,/, about/RB  [ sixty/CD dollars/NNS ] [ a/DT week/NN ] for/IN  [ two/CD children/NNS ] --/:","(S (CC But) (NP-SBJ (PRP I)) (VP (VBP think) (SBAR (-NONE- 0) (S (NP-SBJ (PRP it)) (VP (BES 's) (INTJ (UH like)) (, ,) (NP-PRD (NP (QP (RB about) (CD sixty)) (NNS dollars)) (NP-ADV (DT a) (NN week)) (PP (IN for) (NP (CD two) (NNS children)))) (SBAR-ADV (IN if) (S (NP-SBJ (PRP I)) (VP (VBP 'm) (RB not) (ADJP-PRD (JJ mistaken))))))))) (. .) (-DFL- E_S))",177,394.65,400.65000000000003
sw01utt/sw_0142_2145.utt,2/sw2145,2145,115,b,B,78,1,Uh-huh. /,[ Uh-huh/UH ] ./.,(INTJ (UH Uh-huh) (. .) (-DFL- E_S)),155,400.88,400.98
sw01utt/sw_0142_2145.utt,2/sw2145,2145,116,+,A,79,1,-- if I'm not mistaken.  /,--/: if/IN  [ I/PRP ] 'm/VBP not/RB mistaken/JJ ./.,"(S (CC But) (NP-SBJ (PRP I)) (VP (VBP think) (SBAR (-NONE- 0) (S (NP-SBJ (PRP it)) (VP (BES 's) (INTJ (UH like)) (, ,) (NP-PRD (NP (QP (RB about) (CD sixty)) (NNS dollars)) (NP-ADV (DT a) (NN week)) (PP (IN for) (NP (CD two) (NNS children)))) (SBAR-ADV (IN if) (S (NP-SBJ (PRP I)) (VP (VBP 'm) (RB not) (ADJP-PRD (JJ mistaken))))))))) (. .) (-DFL- E_S))",177,400.99,402.17
sw01utt/sw_0142_2145.utt,2/sw2145,2145,117,sd,A,79,2,"{C And } you have to pay that whether you're on vacation, {D you know, } and  taking care of the children or if the children are [ at home, + at home, ]","And/CC  [ you/PRP ] have/VBP to/TO pay/VB that/DT whether/IN  [ you/PRP ] 're/VBP on/IN  [ vacation/NN ] ,/,  [ you/PRP ] know/VBP ,/, and/CC  [ taking/VBG care/NN ] of/IN  [ the/DT children/NNS ] or/CC if/IN  [ the/DT children/NNS ] are/VBP at/IN  [ home/NN ] ,/, at/IN  [ home/NN ] ,/,","(S (CC And) (NP-SBJ-1 (PRP you)) (VP (VBP have) (S (NP-SBJ (-NONE- *-1)) (VP (TO to) (VP (VB pay) (NP (DT that))))) (SBAR-ADV (SBAR (IN whether) (S (NP-SBJ (PRP you)) (VP (VBP 're) (UCP-PRD (PP (IN on) (NP (NN vacation))) (PRN (, ,) (S (NP-SBJ (PRP you)) (VP (VBP know))) (, ,)) (CC and) (VP (VBG taking) (NP (NN care)) (PP (IN of) (NP (DT the) (NNS children)))))))) (CC or) (SBAR (IN if) (S (NP-SBJ-2 (DT the) (NNS children)) (VP (VBP are) (EDITED (RM (-DFL- \[)) (PP-LOC-PRD (IN at) (NP (NN home))) (, ,) (IP (-DFL- \+))) (PP-LOC-PRD (IN at) (NP (NN home))) (, ,) (RS (-DFL- \])) (S-ADV (NP-SBJ (-NONE- *-2)) (ADJP-PRD (JJ sick)))))))) (. .) (-DFL- E_S))",181,403.47,411.23
sw01utt/sw_0142_2145.utt,2/sw2145,2145,118,b,B,80,1,Uh-huh. /,[ Uh-huh/UH ] ./.,(INTJ (UH Uh-huh) (. .) (-DFL- E_S)),175,411.22,411.42
sw01utt/sw_0142_2145.utt,2/sw2145,2145,119,+,A,81,1,sick.  /,[ sick/JJ ] ./.,"(S (CC And) (NP-SBJ-1 (PRP you)) (VP (VBP have) (S (NP-SBJ (-NONE- *-1)) (VP (TO to) (VP (VB pay) (NP (DT that))))) (SBAR-ADV (SBAR (IN whether) (S (NP-SBJ (PRP you)) (VP (VBP 're) (UCP-PRD (PP (IN on) (NP (NN vacation))) (PRN (, ,) (S (NP-SBJ (PRP you)) (VP (VBP know))) (, ,)) (CC and) (VP (VBG taking) (NP (NN care)) (PP (IN of) (NP (DT the) (NNS children)))))))) (CC or) (SBAR (IN if) (S (NP-SBJ-2 (DT the) (NNS children)) (VP (VBP are) (EDITED (RM (-DFL- \[)) (PP-LOC-PRD (IN at) (NP (NN home))) (, ,) (IP (-DFL- \+))) (PP-LOC-PRD (IN at) (NP (NN home))) (, ,) (RS (-DFL- \])) (S-ADV (NP-SBJ (-NONE- *-2)) (ADJP-PRD (JJ sick)))))))) (. .) (-DFL- E_S))",181,411.45,411.75
sw01utt/sw_0142_2145.utt,2/sw2145,2145,120,sd,A,81,2,"{E I mean, } that is, {D you know, } just  [ a, + a ] rate that you have to pay  /","[ I/PRP ] mean/VBP ,/,  [ that/DT ] is/VBZ ,/,  [ you/PRP ] know/VBP ,/, just/RB  [ a/DT ] ,/,  [ a/DT rate/NN ] that/WDT  [ you/PRP ] have/VBP to/TO pay/VB","(S (PRN (S (NP-SBJ (PRP I)) (VP (VBP mean))) (, ,)) (NP-SBJ (DT that)) (VP (VBZ is) (PRN (, ,) (S (NP-SBJ (PRP you)) (VP (VBP know))) (, ,)) (ADVP (RB just)) (EDITED (RM (-DFL- \[)) (NP-PRD-UNF (DT a)) (, ,) (IP (-DFL- \+))) (NP-PRD (NP (DT a) (RS (-DFL- \])) (NN rate)) (SBAR (WHNP-2 (WDT that)) (S (NP-SBJ-1 (PRP you)) (VP (VBP have) (S (NP-SBJ (-NONE- *-1)) (VP (TO to) (VP (VB pay) (NP (-NONE- *T*-2)))))))))) (-DFL- E_S))",185,412.25,415.84999999999997
sw01utt/sw_0142_2145.utt,2/sw2145,2145,121,%,A,81,3,"{C and, }  {F uh, } -/","and/CC ,/,  [ uh/UH ] ,/,","(S-UNF (CC and) (, ,) (INTJ (UH uh)) (, ,) (-DFL- N_S))",186,416.95,417.49
sw01utt/sw_0142_2145.utt,2/sw2145,2145,122,qw,B,82,1,"[ What, + what ] do you envision for  the next twenty years as far as women in American society? /","[ What/WP ] ,/,  [ what/WP ] do/VBP  [ you/PRP ] envision/VB for/IN  [ the/DT next/JJ twenty/CD years/NNS ] as/RB far/RB as/IN  [ women/NNS ] in/IN  [ American/JJ society/NN ] ?/.","(SBARQ (EDITED (RM (-DFL- \[)) (WHNP (WP What)) (, ,) (IP (-DFL- \+))) (WHNP-1 (WP what)) (RS (-DFL- \])) (SQ (VBP do) (NP-SBJ (PRP you)) (VP (VB envision) (NP (-NONE- *T*-1)) (PP (IN for) (NP (DT the) (JJ next) (CD twenty) (NNS years))) (ADVP (ADVP (RB as) (RB far)) (PP (IN as) (NP (NP (NNS women)) (PP-LOC (IN in) (NP (JJ American) (NN society)))))))) (. ?) (-DFL- E_S))",188,418.52,423.1
sw01utt/sw_0142_2145.utt,2/sw2145,2145,123,sd,A,83,1,"{F Uh, } <<pause>> I think, I really don't have a vision <laughter>. /","[ Uh/UH ] ,/,  [ I/PRP ] think/VBP ,/,  [ I/PRP ] really/RB do/VBP n't/RB have/VB  [ a/DT vision/NN ] ./.","(S (INTJ (UH Uh)) (, ,) (NP-SBJ (PRP I)) (VP (VBP think) (, ,) (SBAR (-NONE- 0) (S (NP-SBJ (PRP I)) (ADVP (RB really)) (VP (VBP do) (RB n't) (VP (VB have) (NP (DT a) (NN vision))))))) (. .) (-DFL- E_S))",190,424.51,431.45000000000005
sw01utt/sw_0142_2145.utt,2/sw2145,2145,124,sv,B,84,1,"That's okay, too. /","[ That/DT ] 's/BES okay/JJ ,/, too/RB ./.","(S (NP-SBJ (DT That)) (VP (BES 's) (ADJP-PRD (JJ okay)) (, ,) (ADVP (RB too))) (. .) (-DFL- E_S))",192,433.36,434.02000000000004
sw01utt/sw_0142_2145.utt,2/sw2145,2145,125,b,A,85,1,"Yeah,  /","[ Yeah/UH ] ,/,","(INTJ (UH Yeah) (, ,) (-DFL- E_S))",194,434.03,434.15
sw01utt/sw_0142_2145.utt,2/sw2145,2145,126,sv,A,85,2,"[ [ I, + I, ] + I ] think that  they will be more in the work place because, {F uh, } the door's open. /","[ I/PRP ] ,/,  [ I/PRP ] ,/,  [ I/PRP ] think/VBP that/IN  [ they/PRP ] will/MD be/VB more/JJR in/IN  [ the/DT work/NN place/NN ] because/IN ,/,  [ uh/UH ] ,/,  [ the/DT door/NN ] 's/BES open/JJ ./.","(S (EDITED (RM (-DFL- \[)) (EDITED (RM (-DFL- \[)) (NP-SBJ (PRP I)) (, ,) (IP (-DFL- \+))) (NP-SBJ (PRP I)) (, ,) (RS (-DFL- \])) (IP (-DFL- \+))) (NP-SBJ (PRP I)) (RS (-DFL- \])) (VP (VBP think) (SBAR (IN that) (S (NP-SBJ (PRP they)) (VP (MD will) (VP (VB be) (ADVP (JJR more)) (PP-LOC-PRD (IN in) (NP (DT the) (NN work) (NN place))) (SBAR-PRP (IN because) (, ,) (INTJ (UH uh)) (, ,) (S (NP-SBJ (DT the) (NN door)) (VP (BES 's) (ADJP-PRD (JJ open)))))))))) (. .) (-DFL- E_S))",195,435.27,442.63
sw01utt/sw_0142_2145.utt,2/sw2145,2145,127,b,B,86,1,Uh-huh. /,[ Uh-huh/UH ] ./.,(INTJ (UH Uh-huh) (. .) (-DFL- E_S)),175,443.48,443.76
sw01utt/sw_0142_2145.utt,2/sw2145,2145,128,sv,A,87,1,"{C And, }  {F uh, } it's just human  nature to walk through an open door.  /","And/CC ,/,  [ uh/UH ] ,/,  [ it/PRP ] 's/BES just/RB  [ human/JJ nature/NN ] to/TO walk/VB through/IN  [ an/DT open/VB door/NN ] ./.","(S (CC And) (, ,) (INTJ (UH uh)) (, ,) (NP-SBJ (NP (PRP it)) (S (-NONE- *EXP*-1))) (VP (BES 's) (ADVP (RB just)) (NP-PRD (JJ human) (NN nature)) (S-1 (NP-SBJ (-NONE- *)) (VP (TO to) (VP (VB walk) (PP-DIR (IN through) (NP (DT an) (VB open) (NN door))))))) (. .) (-DFL- E_S))",199,444.05,447.81
sw01utt/sw_0142_2145.utt,2/sw2145,2145,129,sd,A,87,2,"[ {C So, } + {C and } ] I would be glad to see that.  /","So/RB ,/, and/CC  [ I/PRP ] would/MD be/VB glad/JJ to/TO see/VB  [ that/DT ] ./.","(S (EDITED (RM (-DFL- \[)) (RB So) (, ,) (IP (-DFL- \+))) (CC and) (RS (-DFL- \])) (NP-SBJ-1 (PRP I)) (VP (MD would) (VP (VB be) (ADJP-PRD (JJ glad) (S (NP-SBJ (-NONE- *-1)) (VP (TO to) (VP (VB see) (NP (DT that)))))))) (. .) (-DFL- E_S))",200,448.77,450.90999999999997
sw01utt/sw_0142_2145.utt,2/sw2145,2145,130,sd,A,87,3,"I hope I don't see a lot more single moms,  /","[ I/PRP ] hope/VBP  [ I/PRP ] do/VBP n't/RB see/VB  [ a/DT lot/NN ] [ more/RBR single/JJ moms/NNS ] ,/,","(S (NP-SBJ (PRP I)) (VP (VBP hope) (SBAR (-NONE- 0) (S (NP-SBJ (PRP I)) (VP (VBP do) (RB n't) (VP (VB see) (NP (ADJP (NP-ADV (DT a) (NN lot)) (RBR more)) (JJ single) (NNS moms))))))) (, ,) (-DFL- E_S))",201,451.79,455.45
sw01utt/sw_0142_2145.utt,2/sw2145,2145,131,sd,A,87,4,"{C but, }","but/CC ,/,","(S (CC but) (, ,) (EDITED (RM (-DFL- \[)) (NP-SBJ-UNF (XX i-)) (, ,) (IP (-DFL- \+))) (NP-SBJ (PRP it)) (RS (-DFL- \])) (VP (VBZ seems) (SBAR (-NONE- 0) (S (PP (IN in) (NP (PRP$ my) (NN experience))) (NP-SBJ (PRP I)) (VP (VBP 'm) (VP (VBG running) (PRT (IN across)) (NP (JJ single) (NNS women)) (NP-TMP (PDT all) (DT the) (NN time))))))) (. .) (-DFL- E_S))",202,456.67,456.93
sw01utt/sw_0142_2145.utt,2/sw2145,2145,132,%,B,88,1,((   )) .,[ MUMBLEx/XX ] ./.,(X (XX MUMBLEx) (. .)),204,0.0,0.0
sw01utt/sw_0142_2145.utt,2/sw2145,2145,133,+,A,89,1,"[ i-, + it ] seems in my experience  I'm running across single women all the time. /","[ i-/XX ] ,/,  [ it/PRP ] seems/VBZ in/IN  [ my/PRP$ experience/NN ] [ I/PRP ] 'm/VBP running/VBG across/IN  [ single/JJ women/NNS all/PDT the/DT time/NN ] ./.","(S (CC but) (, ,) (EDITED (RM (-DFL- \[)) (NP-SBJ-UNF (XX i-)) (, ,) (IP (-DFL- \+))) (NP-SBJ (PRP it)) (RS (-DFL- \])) (VP (VBZ seems) (SBAR (-NONE- 0) (S (PP (IN in) (NP (PRP$ my) (NN experience))) (NP-SBJ (PRP I)) (VP (VBP 'm) (VP (VBG running) (PRT (IN across)) (NP (JJ single) (NNS women)) (NP-TMP (PDT all) (DT the) (NN time))))))) (. .) (-DFL- E_S))",202,458.29,463.33
sw01utt/sw_0142_2145.utt,2/sw2145,2145,134,sd,B,90,1,"[ I'm, + I'm ] noticing that, too,  /","[ I/PRP ] 'm/VBP ,/,  [ I/PRP ] 'm/VBP noticing/VBG  [ that/DT ] ,/, too/RB ,/,","(S (EDITED (RM (-DFL- \[)) (S (NP-SBJ (PRP I)) (VP-UNF (VBP 'm))) (, ,) (IP (-DFL- \+))) (NP-SBJ (PRP I)) (VP (VBP 'm) (RS (-DFL- \])) (VP (VBG noticing) (NP (DT that)) (, ,) (ADVP (RB too)))) (, ,) (-DFL- E_S))",207,464.78,466.12
sw01utt/sw_0142_2145.utt,2/sw2145,2145,135,sd,B,90,2,"[ {C and, } +  {C and } ] I notice [ [ the, + the, ] +  a ]  terming [ [ ex-, + em-, ] + emerging ] called solo parents,","and/CC ,/, and/CC  [ I/PRP ] notice/VBP  [ the/DT ] ,/,  [ the/DT ] ,/,  [ a/DT ] terming/VBG  [ ex-/XX ] ,/,  [ em/VBG ] ,/, emerging/VBG  [ called/VBN solo/NN parents/NNS ] ,/,","(S (EDITED (RM (-DFL- \[)) (CC and) (, ,) (IP (-DFL- \+))) (CC and) (RS (-DFL- \])) (NP-SBJ (PRP I)) (VP (VBP notice) (EDITED (RM (-DFL- \[)) (EDITED (RM (-DFL- \[)) (NP-UNF (DT the)) (, ,) (IP (-DFL- \+))) (NP-UNF (DT the)) (, ,) (RS (-DFL- \])) (IP (-DFL- \+))) (S (NP-SBJ (NP (DT a) (RS (-DFL- \])) (VBG terming)) (VP (-NONE- *ICH*-1))) (EDITED (RM (-DFL- \[)) (EDITED (RM (-DFL- \[)) (X (XX ex-)) (, ,) (IP (-DFL- \+))) (VP-UNF (VBG em-)) (, ,) (RS (-DFL- \])) (IP (-DFL- \+))) (VP (VBG emerging)) (RS (-DFL- \])) (VP-1 (VBN called) (S (NP-SBJ (-NONE- *)) (NP-PRD (NN solo) (NNS parents)))) (, ,) (X (SBAR (WDT that) (S (NP-SBJ (PRP I)) (VP (VBP 'm) (ADJP-PRD (RB very) (JJ aware) (PP (IN of) (NP (NP (DT the) (NN number)) (PP (IN of) (NP (NN solo) (NNS mothers))) (SBAR (EDITED (RM (-DFL- \[)) (WHNP (WDT that)) (, ,) (IP (-DFL- \+))) (WHNP-2 (WDT that)) (RS (-DFL- \])) (S (NP-SBJ (PRP I)) (VP (VBP encounter) (NP (-NONE- *T*-2)) (PP-LOC (IN in) (NP (DT the) (NN work) (NN place))))))))))))))) (, ,) (-DFL- E_S))",208,466.12,471.28
sw01utt/sw_0142_2145.utt,2/sw2145,2145,136,b,A,91,1,Yeah. /,Yeah/UH ./.,(INTJ (UH Yeah) (. .) (-DFL- E_S)),210,471.29,471.37
sw01utt/sw_0142_2145.utt,2/sw2145,2145,137,+,B,92,1,"that  I'm very aware of the number of  solo mothers [ that, + that ] I encounter in the work place, /","that/WDT  [ I/PRP ] 'm/VBP very/RB aware/JJ of/IN  [ the/DT number/NN ] of/IN  [ solo/NN mothers/NNS ] that/WDT ,/, that/WDT  [ I/PRP ] encounter/VBP in/IN  [ the/DT work/NN place/NN ] ,/,","(S (EDITED (RM (-DFL- \[)) (CC and) (, ,) (IP (-DFL- \+))) (CC and) (RS (-DFL- \])) (NP-SBJ (PRP I)) (VP (VBP notice) (EDITED (RM (-DFL- \[)) (EDITED (RM (-DFL- \[)) (NP-UNF (DT the)) (, ,) (IP (-DFL- \+))) (NP-UNF (DT the)) (, ,) (RS (-DFL- \])) (IP (-DFL- \+))) (S (NP-SBJ (NP (DT a) (RS (-DFL- \])) (VBG terming)) (VP (-NONE- *ICH*-1))) (EDITED (RM (-DFL- \[)) (EDITED (RM (-DFL- \[)) (X (XX ex-)) (, ,) (IP (-DFL- \+))) (VP-UNF (VBG em-)) (, ,) (RS (-DFL- \])) (IP (-DFL- \+))) (VP (VBG emerging)) (RS (-DFL- \])) (VP-1 (VBN called) (S (NP-SBJ (-NONE- *)) (NP-PRD (NN solo) (NNS parents)))) (, ,) (X (SBAR (WDT that) (S (NP-SBJ (PRP I)) (VP (VBP 'm) (ADJP-PRD (RB very) (JJ aware) (PP (IN of) (NP (NP (DT the) (NN number)) (PP (IN of) (NP (NN solo) (NNS mothers))) (SBAR (EDITED (RM (-DFL- \[)) (WHNP (WDT that)) (, ,) (IP (-DFL- \+))) (WHNP-2 (WDT that)) (RS (-DFL- \])) (S (NP-SBJ (PRP I)) (VP (VBP encounter) (NP (-NONE- *T*-2)) (PP-LOC (IN in) (NP (DT the) (NN work) (NN place))))))))))))))) (, ,) (-DFL- E_S))",208,471.36,476.5
sw01utt/sw_0142_2145.utt,2/sw2145,2145,138,sv,B,92,2,"{C and } [ that, + that ] is a little troublesome.","and/CC  [ that/WDT ] ,/,  [ that/WDT ] is/VBZ  [ a/DT little/RB troublesome/JJ ] ./.","(S (CC and) (EDITED (RM (-DFL- \[)) (NP-SBJ (WDT that)) (, ,) (IP (-DFL- \+))) (NP-SBJ (WDT that)) (RS (-DFL- \])) (VP (VBZ is) (ADJP-PRD (NP-ADV (DT a) (RB little)) (JJ troublesome)) (. .) (INTJ (UH Uh)) (, ,) (SBAR-PRP (IN because) (S (NP-SBJ (NP (DT the) (NNS pressures)) (PP (IN on) (NP (PRP them)))) (EDITED (RM (-DFL- \[)) (VP-UNF (VBP are)) (, ,) (IP (-DFL- \+))) (VP (VBP are) (, ,) (RS (-DFL- \])) (EDITED (RM (-DFL- \[)) (ADJP-PRD-UNF (RB rather)) (, ,) (IP (-DFL- \+))) (ADJP-PRD (RB rather) (RS (-DFL- \])) (JJ formidable)))))) (. .) (-DFL- E_S))",212,476.5,477.78000000000003
sw01utt/sw_0142_2145.utt,2/sw2145,2145,139,b,A,93,1,"Yeah,  /","Yeah/UH ,/,","(INTJ (UH Yeah) (, ,) (-DFL- E_S))",194,478.05,478.21000000000004
sw01utt/sw_0142_2145.utt,2/sw2145,2145,140,b^r,A,93,2,yeah. /,yeah/UH ./.,(INTJ (UH yeah) (. .) (-DFL- E_S)),215,478.21,478.34999999999997
sw01utt/sw_0142_2145.utt,2/sw2145,2145,141,+,B,94,1,"{F Uh, } because the pressures on them [ are, + are, ]","[ Uh/UH ] ,/, because/IN  [ the/DT pressures/NNS ] on/IN  [ them/PRP ] are/VBP ,/, are/VBP ,/,","(S (CC and) (EDITED (RM (-DFL- \[)) (NP-SBJ (WDT that)) (, ,) (IP (-DFL- \+))) (NP-SBJ (WDT that)) (RS (-DFL- \])) (VP (VBZ is) (ADJP-PRD (NP-ADV (DT a) (RB little)) (JJ troublesome)) (. .) (INTJ (UH Uh)) (, ,) (SBAR-PRP (IN because) (S (NP-SBJ (NP (DT the) (NNS pressures)) (PP (IN on) (NP (PRP them)))) (EDITED (RM (-DFL- \[)) (VP-UNF (VBP are)) (, ,) (IP (-DFL- \+))) (VP (VBP are) (, ,) (RS (-DFL- \])) (EDITED (RM (-DFL- \[)) (ADJP-PRD-UNF (RB rather)) (, ,) (IP (-DFL- \+))) (ADJP-PRD (RB rather) (RS (-DFL- \])) (JJ formidable)))))) (. .) (-DFL- E_S))",212,478.56,480.67999999999995
sw01utt/sw_0142_2145.utt,2/sw2145,2145,142,sv,A,95,1,It's awful. /,[ It/PRP ] 's/BES awful/JJ ./.,(S (NP-SBJ (PRP It)) (VP (BES 's) (ADJP-PRD (JJ awful))) (. .) (-DFL- E_S)),218,480.69,481.23
sw01utt/sw_0142_2145.utt,2/sw2145,2145,143,+,B,96,1,"[ rather, + rather ] formidable. /","rather/RB ,/, rather/RB formidable/JJ ./.","(S (CC and) (EDITED (RM (-DFL- \[)) (NP-SBJ (WDT that)) (, ,) (IP (-DFL- \+))) (NP-SBJ (WDT that)) (RS (-DFL- \])) (VP (VBZ is) (ADJP-PRD (NP-ADV (DT a) (RB little)) (JJ troublesome)) (. .) (INTJ (UH Uh)) (, ,) (SBAR-PRP (IN because) (S (NP-SBJ (NP (DT the) (NNS pressures)) (PP (IN on) (NP (PRP them)))) (EDITED (RM (-DFL- \[)) (VP-UNF (VBP are)) (, ,) (IP (-DFL- \+))) (VP (VBP are) (, ,) (RS (-DFL- \])) (EDITED (RM (-DFL- \[)) (ADJP-PRD-UNF (RB rather)) (, ,) (IP (-DFL- \+))) (ADJP-PRD (RB rather) (RS (-DFL- \])) (JJ formidable)))))) (. .) (-DFL- E_S))",212,481.22,482.34
sw01utt/sw_0142_2145.utt,2/sw2145,2145,144,b,A,97,1,Yeah <<faint>>. /,Yeah/UH ./.,(INTJ (UH Yeah) (. .) (-DFL- E_S)),210,483.35,483.51000000000005
sw01utt/sw_0142_2145.utt,2/sw2145,2145,145,sd,B,98,1,"{F Uh, } {C and } maybe that's a  change we'll see.  /","[ Uh/UH ] ,/, and/CC maybe/RB  [ that/DT ] 's/BES  [ a/DT change/NN ] [ we/PRP ] 'll/MD see/VB ./.","(S (INTJ (UH Uh)) (, ,) (CC and) (ADVP (RB maybe)) (NP-SBJ (DT that)) (VP (BES 's) (NP-PRD (NP (DT a) (NN change)) (SBAR (WHNP-1 (-NONE- 0)) (S (NP-SBJ (PRP we)) (VP (MD 'll) (VP (VB see) (NP (-NONE- *T*-1)))))))) (. .) (-DFL- E_S))",223,483.5,485.6
sw01utt/sw_0142_2145.utt,2/sw2145,2145,146,sd(^q),B,98,2,"Maybe, {F uh, } the possibility [ of, + of ] women, {F uh, } who deliberately say, no,  /","Maybe/RB ,/,  [ uh/UH ] ,/,  [ the/DT possibility/NN ] of/IN ,/, of/IN  [ women/NNS ] ,/,  [ uh/UH ] ,/,  [ who/WP ] deliberately/RB say/VBP ,/, no/UH ,/,","(FRAG (ADVP (RB Maybe)) (, ,) (INTJ (UH uh)) (, ,) (NP (NP (DT the) (NN possibility)) (EDITED (RM (-DFL- \[)) (PP-UNF (IN of)) (, ,) (IP (-DFL- \+))) (PP (IN of) (RS (-DFL- \])) (NP (NP (NNS women)) (, ,) (INTJ (UH uh)) (, ,) (SBAR (WHNP-1 (WP who)) (S (NP-SBJ (-NONE- *T*-1)) (ADVP (RB deliberately)) (VP (VBP say) (, ,) (S-SEZ (INTJ (UH no)) (, ,) (-DFL- E_S) (NP-SBJ (PRP we)) (VP (MD 'll) (VP (VB let) (S (NP-SBJ (DT the) (NN man)) (EDITED (RM (-DFL- \[)) (VP-UNF (MD will)) (IP (-DFL- \+))) (VP (VB take) (RS (-DFL- \])) (NP (NN care)) (PP (IN of) (NP (DT the) (NNS children))) (ADVP (RB perhaps)) (, ,) (PP (IN in) (NP (NP (DT the) (NN event)) (PP (IN of) (NP (NP (DT a) (NN separation)) (CC or) (NP (WDT whatever))))))))))))))))) (. .) (-DFL- E_S))",224,485.6,490.22
sw01utt/sw_0142_2145.utt,2/sw2145,2145,147,^q,B,98,3,"we'll let the man [ will + take ] care of the children perhaps,","[ we/PRP ] 'll/MD let/VB  [ the/DT man/NN ] will/MD take/VB care/NN of/IN  [ the/DT children/NNS ] perhaps/RB ,/,","(FRAG (ADVP (RB Maybe)) (, ,) (INTJ (UH uh)) (, ,) (NP (NP (DT the) (NN possibility)) (EDITED (RM (-DFL- \[)) (PP-UNF (IN of)) (, ,) (IP (-DFL- \+))) (PP (IN of) (RS (-DFL- \])) (NP (NP (NNS women)) (, ,) (INTJ (UH uh)) (, ,) (SBAR (WHNP-1 (WP who)) (S (NP-SBJ (-NONE- *T*-1)) (ADVP (RB deliberately)) (VP (VBP say) (, ,) (S-SEZ (INTJ (UH no)) (, ,) (-DFL- E_S) (NP-SBJ (PRP we)) (VP (MD 'll) (VP (VB let) (S (NP-SBJ (DT the) (NN man)) (EDITED (RM (-DFL- \[)) (VP-UNF (MD will)) (IP (-DFL- \+))) (VP (VB take) (RS (-DFL- \])) (NP (NN care)) (PP (IN of) (NP (DT the) (NNS children))) (ADVP (RB perhaps)) (, ,) (PP (IN in) (NP (NP (DT the) (NN event)) (PP (IN of) (NP (NP (DT a) (NN separation)) (CC or) (NP (WDT whatever))))))))))))))))) (. .) (-DFL- E_S))",224,490.22,492.14
sw01utt/sw_0142_2145.utt,2/sw2145,2145,148,b,A,99,1,Uh-huh. /,[ Uh-huh/UH ] ./.,(INTJ (UH Uh-huh) (. .) (-DFL- E_S)),226,492.15,492.34999999999997
sw01utt/sw_0142_2145.utt,2/sw2145,2145,149,+,B,100,1,in the event of a separation or whatever. /,in/IN  [ the/DT event/NN ] of/IN  [ a/DT separation/NN ] or/CC  [ whatever/WDT ] ./.,"(FRAG (ADVP (RB Maybe)) (, ,) (INTJ (UH uh)) (, ,) (NP (NP (DT the) (NN possibility)) (EDITED (RM (-DFL- \[)) (PP-UNF (IN of)) (, ,) (IP (-DFL- \+))) (PP (IN of) (RS (-DFL- \])) (NP (NP (NNS women)) (, ,) (INTJ (UH uh)) (, ,) (SBAR (WHNP-1 (WP who)) (S (NP-SBJ (-NONE- *T*-1)) (ADVP (RB deliberately)) (VP (VBP say) (, ,) (S-SEZ (INTJ (UH no)) (, ,) (-DFL- E_S) (NP-SBJ (PRP we)) (VP (MD 'll) (VP (VB let) (S (NP-SBJ (DT the) (NN man)) (EDITED (RM (-DFL- \[)) (VP-UNF (MD will)) (IP (-DFL- \+))) (VP (VB take) (RS (-DFL- \])) (NP (NN care)) (PP (IN of) (NP (DT the) (NNS children))) (ADVP (RB perhaps)) (, ,) (PP (IN in) (NP (NP (DT the) (NN event)) (PP (IN of) (NP (NP (DT a) (NN separation)) (CC or) (NP (WDT whatever))))))))))))))))) (. .) (-DFL- E_S))",224,492.34,494.0
sw01utt/sw_0142_2145.utt,2/sw2145,2145,150,b,A,101,1,Right. /,[ Right/UH ] ./.,(INTJ (UH Right) (. .) (-DFL- E_S)),229,494.07,494.40999999999997
sw01utt/sw_0142_2145.utt,2/sw2145,2145,151,%,B,102,1,"{D So, } -/","So/UH ,/,","(INTJ (UH So) (, ,) (-DFL- N_S))",231,495.08,495.44
sw01utt/sw_0142_2145.utt,2/sw2145,2145,152,sd^t,A,103,1,"# {D Well, } I think we've done it <laughter>. # /","Well/UH ,/,  [ I/PRP ] think/VBP  [ we/PRP ] 've/VBP done/VBN  [ it/PRP ] ./.","(S (INTJ (UH Well)) (, ,) (NP-SBJ (PRP I)) (VP (VBP think) (SBAR (-NONE- 0) (S (NP-SBJ (PRP we)) (VP (VBP 've) (VP (VBN done) (NP (PRP it))))))) (. .) (-DFL- E_S))",233,496.47,497.23
sw01utt/sw_0142_2145.utt,2/sw2145,2145,153,b^m,B,104,1,"# {D Well, } I think  we're about done. #  /","Well/UH ,/,  [ I/PRP ] think/VBP  [ we/PRP ] 're/VBP about/RB done/VBN ./.","(S (INTJ (UH Well)) (, ,) (NP-SBJ (PRP I)) (VP (VBP think) (SBAR (-NONE- 0) (S (NP-SBJ (PRP we)) (VP (VBP 're) (ADVP (RB about)) (ADJP-PRD (VBN done)))))) (. .) (-DFL- E_S))",235,497.46,498.28000000000003
sw01utt/sw_0142_2145.utt,2/sw2145,2145,154,b,B,104,2,Okay. /,Okay/UH ./.,(INTJ (UH Okay) (. .) (-DFL- E_S)),236,498.78,499.34
sw01utt/sw_0142_2145.utt,2/sw2145,2145,155,ft,A,105,1,Thank you very much. /,Thank/VB  [ you/PRP ] very/RB much/RB ./.,(S (NP-SBJ (-NONE- *)) (VP (VB Thank) (NP (PRP you)) (ADVP (RB very) (RB much))) (. .) (-DFL- E_S)),238,499.41,500.29
sw01utt/sw_0142_2145.utt,2/sw2145,2145,156,fc,B,106,1,"{F Uh, } good-bye. /","[ Uh/UH ] ,/,  [ good-bye/UH ] ./.","(INTJ (INTJ (UH Uh)) (, ,) (INTJ (UH good-bye)) (. .) (-DFL- E_S))",240,500.28,500.84
sw01utt/sw_0142_2145.utt,2/sw2145,2145,157,fc,A,107,1,It's been interesting. /,[ It/PRP ] 's/HVS been/VBN interesting/JJ ./.,(S (NP-SBJ (PRP It)) (VP (HVS 's) (VP (VBN been) (ADJP-PRD (JJ interesting)))) (. .) (-DFL- E_S)),242,500.85,502.01
sw01utt/sw_0142_2145.utt,2/sw2145,2145,158,fc,B,108,1,You take care. /,[ You/PRP ] take/VBP  [ care/NN ] ./.,(S-IMP (NP-SBJ (PRP You)) (VP (VBP take) (NP (NN care))) (. .) (-DFL- E_S)),244,502.0,502.3
sw01utt/sw_0142_2145.utt,2/sw2145,2145,159,fc,A,109,1,Okay. /,Okay/UH ./.,(INTJ (UH Okay) (. .) (-DFL- E_S)),236,502.31,502.55
sw01utt/sw_0142_2145.utt,2/sw2145,2145,160,fc,B,110,1,Bye. /,[ Bye/UH ] ./.,(INTJ (UH Bye) (. .) (-DFL- E_S)),248,502.64,502.76
sw01utt/sw_0142_2145.utt,2/sw2145,2145,161,fc,A,111,1,Bye. /,[ Bye/UH ] ./.,(INTJ (UH Bye) (. .) (-DFL- E_S)),248,503.01,503.28999999999996
