swda_filename,ptb_basename,conversation_no,transcript_index,act_tag,caller,utterance_index,subutterance_index,text,pos,trees,ptb_treenumbers,start_ts,end_ts
sw00utt/sw_0084_2109.utt,2/sw2109,2109,0,o,B,1,1,"Okay, Mary. /","[ Okay/UH ] ,/,  [ Mary/NNP ] ./.","(INTJ (INTJ (UH Okay)) (, ,) (NP-VOC (NNP Mary)) (. .) (-DFL- E_S))",1,1.28,2.2
sw00utt/sw_0084_2109.utt,2/sw2109,2109,1,b,A,2,1,Yes. /,Yes/UH ./.,(INTJ (UH Yes) (. .) (-DFL- E_S)),3,2.66,2.9400000000000004
sw00utt/sw_0084_2109.utt,2/sw2109,2109,2,sd,B,3,1,"{F Um, } [ the, + {F uh, } the ] latest one I've seen, {F uh, } had to do with [ [ a, + {F uh, } {F uh, } the, ] + {F uh, } basically a ] manhunt, {F um, }  /","Um/UH ,/,  [ the/DT ] ,/,  [ uh/UH ] ,/,  [ the/DT latest/JJS one/CD ] [ I/PRP ] 've/VBP seen/VBN ,/,  [ uh/UH ] ,/, had/VBD to/TO do/VB with/IN  [ a/DT ] ,/,  [ uh/UH ] ,/,  [ uh/UH ] ,/,  [ the/DT ] ,/,  [ uh/UH ] ,/, basically/RB  [ a/DT manhunt/NN ] ,/, um/UH ,/,","(S (INTJ (UH Um)) (, ,) (EDITED (RM (-DFL- \[)) (NP-SBJ-UNF (DT the)) (, ,) (IP (-DFL- \+))) (INTJ (UH uh)) (, ,) (NP-SBJ-2 (NP (DT the) (RS (-DFL- \])) (JJS latest) (CD one)) (SBAR (WHNP-1 (-NONE- 0)) (S (NP-SBJ (PRP I)) (VP (VBP 've) (VP (VBN seen) (NP (-NONE- *T*-1))))))) (, ,) (INTJ (UH uh)) (, ,) (VP (VBD had) (S (NP-SBJ (-NONE- *-2)) (VP (TO to) (VP (VB do) (PP (IN with) (EDITED (RM (-DFL- \[)) (EDITED (RM (-DFL- \[)) (NP-UNF (DT a)) (, ,) (IP (-DFL- \+))) (INTJ (UH uh)) (, ,) (INTJ (UH uh)) (, ,) (NP-UNF (DT the)) (, ,) (RS (-DFL- \])) (IP (-DFL- \+))) (INTJ (UH uh)) (, ,) (ADVP (RB basically)) (NP (DT a) (RS (-DFL- \])) (NN manhunt))) (, ,) (INTJ (UH um)))))) (, ,) (-DFL- E_S))",5,2.98,11.34
sw00utt/sw_0084_2109.utt,2/sw2109,2109,3,sd,B,3,2,"{C and } [ it was, + {F uh, } it was ] called MANHUNTER, actually.  /","and/CC  [ it/PRP ] was/VBD ,/,  [ uh/UH ] ,/,  [ it/PRP ] was/VBD called/VBN  [ MANHUNTER/NN ] ,/, actually/RB ./.","(S (CC and) (EDITED (RM (-DFL- \[)) (S (NP-SBJ (PRP it)) (VP-UNF (VBD was))) (, ,) (IP (-DFL- \+))) (INTJ (UH uh)) (, ,) (NP-SBJ-1 (PRP it)) (VP (VBD was) (RS (-DFL- \])) (VP (VBN called) (S (NP-SBJ (-NONE- *-1)) (NP-TTL-PRD (NN MANHUNTER))) (, ,) (ADVP (RB actually)))) (. .) (-DFL- E_S))",6,12.2,15.62
sw00utt/sw_0084_2109.utt,2/sw2109,2109,4,sd,B,3,3,"{F Uh, } [ the, + {F uh, } the ] guy, {F uh, } apparently had [ a, + a, ] mental disfunction in which he needed to go out and just slay people. {F Uh, } just, {F uh, } kill them [ with, + with ] as much blood [ and, + and ] guts as possible. /","[ Uh/UH ] ,/,  [ the/DT ] ,/,  [ uh/UH ] ,/,  [ the/DT guy/NN ] ,/,  [ uh/UH ] ,/, apparently/RB had/VBD  [ a/DT ] ,/,  [ a/DT ] ,/,  [ mental/JJ disfunction/NN ] in/IN  [ which/WDT ] [ he/PRP ] needed/VBD to/TO go/VB out/RB and/CC just/RB slay/VB  [ people/NNS ] ./.  [ Uh/UH ] ,/, just/RB ,/,  [ uh/UH ] ,/, kill/VB  [ them/PRP ] with/IN ,/, with/IN  [ as/RB much/JJ blood/NN ] and/CC ,/, and/CC  [ guts/NNS ] as/IN  [ possible/JJ ] ./.","(S (INTJ (UH Uh)) (, ,) (EDITED (RM (-DFL- \[)) (NP-SBJ-UNF (DT the)) (, ,) (IP (-DFL- \+))) (INTJ (UH uh)) (, ,) (NP-SBJ (DT the) (RS (-DFL- \])) (NN guy)) (, ,) (INTJ (UH uh)) (, ,) (ADVP (RB apparently)) (VP (VBD had) (EDITED (RM (-DFL- \[)) (NP-UNF (DT a)) (, ,) (IP (-DFL- \+))) (NP (NP (DT a) (, ,) (RS (-DFL- \])) (JJ mental) (TYPO (NN disfunction))) (SBAR (WHPP-2 (IN in) (WHNP (WDT which))) (S (NP-SBJ-1 (PRP he)) (VP (VBD needed) (S (NP-SBJ (-NONE- *-1)) (VP (TO to) (VP (VP (VB go) (ADVP-DIR (RB out))) (CC and) (ADVP (RB just)) (VP (VB slay) (NP (NNS people))) (. .) (INTJ (UH Uh)) (, ,) (ADVP (RB just)) (VP (, ,) (INTJ (UH uh)) (, ,) (VB kill) (NP (PRP them)) (EDITED (RM (-DFL- \[)) (PP-UNF (IN with)) (, ,) (IP (-DFL- \+))) (PP (IN with) (RS (-DFL- \])) (NP (NP (ADJP (RB as) (JJ much)) (NN blood) (EDITED (RM (-DFL- \[)) (CC and) (, ,) (IP (-DFL- \+))) (CC and) (RS (-DFL- \])) (NNS guts)) (PP (IN as) (ADJP (JJ possible))))))))) (PP (-NONE- *T*-2))))))) (. .) (-DFL- E_S))",7,16.3,31.16
sw00utt/sw_0084_2109.utt,2/sw2109,2109,5,ba,A,4,1,"{F Oh, } how awful <laughter>. /","Oh/UH ,/, how/WRB awful/JJ ./.","(FRAG (INTJ (UH Oh)) (, ,) (WHADJP (WRB how) (JJ awful)) (. .) (-DFL- E_S))",9,31.46,32.440000000000005
sw00utt/sw_0084_2109.utt,2/sw2109,2109,6,sv,B,5,1,"[ It <laughter> was true, + it was truly awful. ]  /","[ It/PRP ] was/VBD true/JJ ,/,  [ it/PRP ] was/VBD truly/RB awful/JJ ./.","(S (EDITED (RM (-DFL- \[)) (S (NP-SBJ (PRP It)) (VP (VBD was) (ADJP-UNF-PRD (JJ true)))) (, ,) (IP (-DFL- \+))) (NP-SBJ (PRP it)) (VP (VBD was) (ADJP-PRD (RB truly) (JJ awful))) (. .) (RS (-DFL- \])) (-DFL- E_S))",11,32.24,35.14
sw00utt/sw_0084_2109.utt,2/sw2109,2109,7,sd,B,5,2,"It was not one that I picked,  /","[ It/PRP ] was/VBD not/RB  [ one/NN ] that/WDT  [ I/PRP ] picked/VBD ,/,","(S (NP-SBJ (PRP It)) (VP (VBD was) (RB not) (NP-PRD (NP (NN one)) (SBAR (WHNP-1 (WDT that)) (S (NP-SBJ (PRP I)) (VP (VBD picked) (NP (-NONE- *T*-1))))))) (, ,) (-DFL- E_S))",12,35.2,36.64
sw00utt/sw_0084_2109.utt,2/sw2109,2109,8,sd,B,5,3,"{C but, } {F uh, } {F uh, } [ it, + it ] did show [ [ some, + some, ] + {F uh, } some ] interesting things about the F B I  /","but/CC ,/,  [ uh/UH ] ,/,  [ uh/UH ] ,/,  [ it/PRP ] ,/,  [ it/PRP ] did/VBD show/VB  [ some/DT ] ,/,  [ some/DT ] ,/,  [ uh/UH ] ,/,  [ some/DT interesting/JJ things/NNS ] about/IN  [ the/DT F/NNP B/NNP I/NNP ]","(S (CC but) (, ,) (INTJ (UH uh)) (, ,) (INTJ (UH uh)) (, ,) (EDITED (RM (-DFL- \[)) (NP-SBJ (PRP it)) (, ,) (IP (-DFL- \+))) (NP-SBJ (PRP it)) (RS (-DFL- \])) (VP (VBD did) (VP (VB show) (EDITED (RM (-DFL- \[)) (EDITED (RM (-DFL- \[)) (NP-UNF (DT some)) (, ,) (IP (-DFL- \+))) (NP-UNF (DT some)) (, ,) (RS (-DFL- \])) (IP (-DFL- \+))) (INTJ (UH uh)) (, ,) (NP (NP (DT some) (RS (-DFL- \])) (JJ interesting) (NNS things)) (PP (IN about) (NP (DT the) (NNP F) (NNP B) (NNP I)))))) (-DFL- E_S))",13,36.74,42.72
sw00utt/sw_0084_2109.utt,2/sw2109,2109,9,sd,B,5,4,"{C because } [ they were + [ [ the, + the, ] + {F uh, } the ] characters [ trying, + trying ] to get him were ] F B I people  /","because/IN  [ they/PRP ] were/VBD  [ the/DT ] ,/,  [ the/DT ] ,/,  [ uh/UH ] ,/,  [ the/DT characters/NNS ] trying/VBG ,/, trying/VBG to/TO get/VB  [ him/PRP ] were/VBD  [ F/NNP B/NNP I/NNP ] [ people/NNS ]","(SBAR-PRP (IN because) (S (EDITED (RM (-DFL- \[)) (S (NP-SBJ (PRP they)) (VP-UNF (VBD were))) (IP (-DFL- \+))) (EDITED (RM (-DFL- \[)) (EDITED (RM (-DFL- \[)) (NP-SBJ-UNF (DT the)) (, ,) (IP (-DFL- \+))) (NP-SBJ-UNF (DT the)) (, ,) (RS (-DFL- \])) (IP (-DFL- \+))) (INTJ (UH uh)) (, ,) (NP-SBJ (NP-1 (DT the) (RS (-DFL- \])) (NNS characters)) (EDITED (RM (-DFL- \[)) (VP-UNF (VBG trying)) (, ,) (IP (-DFL- \+))) (VP (VBG trying) (RS (-DFL- \])) (S (NP-SBJ (-NONE- *-1)) (VP (TO to) (VP (VB get) (NP (PRP him))))))) (VP (VBD were) (RS (-DFL- \])) (NP-PRD (NNP F) (NNP B) (NNP I) (NNS people)))) (-DFL- E_S))",14,42.72,47.44
sw00utt/sw_0084_2109.utt,2/sw2109,2109,10,sd,B,5,5,"{C and, } {F uh, } {F uh, } [ of the, + of the ] few good things that were in it, it did show, {F uh, } a lot about the F B I. About the training, [ and, + and ] how they go through training and how they try [ to, + to ] develop, {F uh, } {F uh, } a mental picture of who they're looking for before they go out and do it and all the different ways they go about doing that.  /","and/CC ,/,  [ uh/UH ] ,/,  [ uh/UH ] ,/, of/IN  [ the/DT ] ,/, of/IN  [ the/DT few/JJ good/JJ things/NNS ] [ that/WDT ] were/VBD in/IN  [ it/PRP ] ,/,  [ it/PRP ] did/VBD  [ show/VB ] ,/,  [ uh/UH ] ,/,  [ a/DT lot/NN ] about/IN  [ the/DT F/NNP B/NNP I/NNP ] ./.  About/IN  [ the/DT training/NN ] ,/, and/CC ,/, and/CC how/WRB  [ they/PRP ] go/VBP through/IN training/NN and/CC how/WRB  [ they/PRP ] try/VBP to/TO ,/, to/TO develop/VB ,/,  [ uh/UH ] ,/,  [ uh/UH ] ,/,  [ a/DT mental/JJ picture/NN ] of/IN  [ who/WP ] [ they/PRP ] 're/VBP looking/VBG for/IN before/IN  [ they/PRP ] go/VBP out/RB and/CC do/VBP  [ it/PRP ] and/CC  [ all/PDT the/DT different/JJ ways/NNS they/PRP ] go/VBP about/IN doing/VBG  [ that/DT ] ./.","(S (CC and) (, ,) (INTJ (UH uh)) (, ,) (INTJ (UH uh)) (, ,) (EDITED (RM (-DFL- \[)) (PP (IN of) (NP-UNF (DT the))) (, ,) (IP (-DFL- \+))) (PP (IN of) (NP (NP (DT the) (RS (-DFL- \])) (JJ few) (JJ good) (NNS things)) (SBAR (WHNP-1 (WDT that)) (S (NP-SBJ (-NONE- *T*-1)) (VP (VBD were) (PP-PRD (IN in) (NP (PRP it)))))))) (, ,) (NP-SBJ (PRP it)) (VP (VBD did) (VP (VB show) (, ,) (INTJ (UH uh)) (, ,) (NP (NP (DT a) (NN lot)) (PP (IN about) (NP (DT the) (NNP F) (NNP B) (NNP I))) (. .) (PP (IN About) (UCP (NP (DT the) (NN training)) (, ,) (EDITED (RM (-DFL- \[)) (CC and) (, ,) (IP (-DFL- \+))) (CC and) (RS (-DFL- \])) (SBAR-MNR (WHADVP-6 (WRB how)) (S (NP-SBJ (PRP they)) (VP (VBP go) (PP-DIR (IN through) (NP (NN training))) (ADVP-MNR (-NONE- *T*-6))))) (CC and) (SBAR-MNR (WHADVP-7 (WRB how)) (S (NP-SBJ-8 (PRP they)) (VP (VBP try) (S (NP-SBJ (-NONE- *-8)) (EDITED (RM (-DFL- \[)) (VP-UNF (TO to)) (, ,) (IP (-DFL- \+))) (VP (TO to) (RS (-DFL- \])) (VP (VB develop) (, ,) (INTJ (UH uh)) (, ,) (INTJ (UH uh)) (, ,) (NP (NP (DT a) (JJ mental) (NN picture)) (PP (IN of) (SBAR-NOM (WHNP-2 (WP who)) (S (NP-SBJ (PRP they)) (VP (VBP 're) (VP (VBG looking) (PP (IN for) (NP (-NONE- *T*-2)))))))))))) (SBAR-TMP (IN before) (S (NP-SBJ (PRP they)) (VP (VP (VBP go) (ADVP-DIR (RB out))) (CC and) (VP (VBP do) (NP (PRP it)))))) (ADVP-MNR (-NONE- *T*-7))))) (CC and) (NP (NP (PDT all) (DT the) (JJ different) (NNS ways)) (SBAR (WHADVP-4 (-NONE- 0)) (S (NP-SBJ-3 (PRP they)) (VP (VBP go) (PRT (IN about)) (S-PRP (NP-SBJ (-NONE- *-3)) (VP (VBG doing) (NP (DT that)) (ADVP-MNR (-NONE- *T*-4))))))))))))) (. .) (-DFL- E_S))",15,47.64,66.28
sw00utt/sw_0084_2109.utt,2/sw2109,2109,11,sd,B,5,6,"{C And } [ it was, + {F uh, } {F uh, } it was ] pretty telling about [ [ the, + the, ] + the ] F B I and their procedures. /","And/CC  [ it/PRP ] was/VBD ,/,  [ uh/UH ] ,/,  [ uh/UH ] ,/,  [ it/PRP ] was/VBD pretty/RB telling/JJ about/IN  [ the/DT ] ,/,  [ the/DT ] ,/,  [ the/DT F/NNP B/NNP I/NNP ] and/CC  [ their/PRP$ procedures/NNS ] ./.","(S (CC And) (EDITED (RM (-DFL- \[)) (S (NP-SBJ (PRP it)) (VP-UNF (VBD was))) (, ,) (IP (-DFL- \+))) (INTJ (UH uh)) (, ,) (INTJ (UH uh)) (, ,) (NP-SBJ (PRP it)) (VP (VBD was) (RS (-DFL- \])) (ADJP-PRD (RB pretty) (JJ telling) (PP (IN about) (EDITED (RM (-DFL- \[)) (EDITED (RM (-DFL- \[)) (NP-UNF (DT the)) (, ,) (IP (-DFL- \+))) (NP-UNF (DT the)) (, ,) (RS (-DFL- \])) (IP (-DFL- \+))) (NP (NP (DT the) (RS (-DFL- \])) (NNP F) (NNP B) (NNP I)) (CC and) (NP (PRP$ their) (NNS procedures)))))) (. .) (-DFL- E_S))",16,66.28,72.64
sw00utt/sw_0084_2109.utt,2/sw2109,2109,12,sd,A,6,1,I wonder how truthful all of that was or whether there was fiction. /,[ I/PRP ] wonder/VBP how/WRB  [ truthful/JJ all/DT ] of/IN  [ that/DT ] was/VBD or/CC whether/IN  [ there/EX ] was/VBD  [ fiction/NN ] ./.,(S (NP-SBJ (PRP I)) (VP (VBP wonder) (SBAR (SBAR (WHADJP-1 (WRB how) (JJ truthful)) (S (NP-SBJ (NP (DT all)) (PP (IN of) (NP (DT that)))) (VP (VBD was) (ADJP-PRD (-NONE- *T*-1))))) (CC or) (SBAR (IN whether) (S (NP-SBJ (EX there)) (VP (VBD was) (NP-PRD (NN fiction))))))) (. .) (-DFL- E_S)),18,72.88,77.36
sw00utt/sw_0084_2109.utt,2/sw2109,2109,13,b,B,7,1,"Yeah,  /","[ Yeah/UH ] ,/,","(INTJ (UH Yeah) (, ,) (-DFL- E_S))",20,78.07,78.44999999999999
sw00utt/sw_0084_2109.utt,2/sw2109,2109,14,sv,B,7,2,"[ I, + I ] imagine a lot of it had to be fictional just to keep the F B I, {F uh, } going, I guess. /","[ I/PRP ] ,/,  [ I/PRP ] imagine/VBP  [ a/DT lot/NN ] of/IN  [ it/PRP ] had/VBD to/TO be/VB fictional/JJ just/RB to/TO keep/VB  [ the/DT F/NNP B/NNP I/NNP ] ,/,  [ uh/UH ] ,/, going/VBG ,/,  [ I/PRP ] guess/VBP ./.","(S (EDITED (RM (-DFL- \[)) (NP-SBJ (PRP I)) (, ,) (IP (-DFL- \+))) (NP-SBJ (PRP I)) (RS (-DFL- \])) (VP (VBP imagine) (SBAR (-NONE- 0) (S (NP-SBJ-1 (NP (DT a) (NN lot)) (PP (IN of) (NP (PRP it)))) (VP (VBD had) (S (NP-SBJ (-NONE- *-1)) (VP (TO to) (VP (VB be) (ADJP-PRD (JJ fictional)))))))) (S-PRP (ADVP (RB just)) (NP-SBJ (-NONE- *)) (VP (TO to) (VP (VB keep) (S (NP-SBJ (DT the) (NNP F) (NNP B) (NNP I)) (, ,) (INTJ (UH uh)) (, ,) (VP (VBG going)))))) (PRN (, ,) (S (NP-SBJ (PRP I)) (VP (VBP guess))))) (. .) (-DFL- E_S))",21,78.45,84.27
sw00utt/sw_0084_2109.utt,2/sw2109,2109,15,aa,A,8,1,"Yeah,  /","Yeah/UH ,/,","(INTJ (UH Yeah) (, ,) (-DFL- E_S))",20,84.52,84.66
sw00utt/sw_0084_2109.utt,2/sw2109,2109,16,sv,A,8,2,"{D well, } they keep it rather secretive,  /","well/UH ,/,  [ they/PRP ] keep/VBP  [ it/PRP ] rather/RB  [ secretive/JJ ] ,/,","(S (INTJ (UH well)) (, ,) (NP-SBJ (PRP they)) (VP (VBP keep) (S (NP-SBJ (PRP it)) (ADJP-PRD (RB rather) (JJ secretive)))) (, ,) (-DFL- E_S))",24,84.66,85.86
sw00utt/sw_0084_2109.utt,2/sw2109,2109,17,aa,A,8,3,yes <laughter>. /,yes/UH ./.,(INTJ (UH yes) (. .) (-DFL- E_S)),25,85.98,86.32000000000001
sw00utt/sw_0084_2109.utt,2/sw2109,2109,18,b,B,9,1,"Yeah,  /","Yeah/UH ,/,","(INTJ (UH Yeah) (, ,) (-DFL- E_S))",20,86.23,86.49000000000001
sw00utt/sw_0084_2109.utt,2/sw2109,2109,19,b^r,B,9,2,yeah. /,yeah/UH ./.,(INTJ (UH yeah) (. .) (-DFL- E_S)),28,86.59,87.01
sw00utt/sw_0084_2109.utt,2/sw2109,2109,20,sd,A,10,1,"{D Well } the most recent movie I saw, {F uh, } I'm afraid was, {F uh, } - /","Well/UH  [ the/DT most/RBS recent/JJ movie/NN ] [ I/PRP ] saw/VBD ,/,  [ uh/UH ] ,/,  [ I/PRP ] 'm/VBP afraid/JJ was/VBD ,/,  [ uh/UH ] ,/,","(S-2 (INTJ (UH Well)) (NP-SBJ (NP (DT the) (ADJP (RBS most) (JJ recent)) (NN movie)) (SBAR (WHNP-1 (-NONE- 0)) (S (NP-SBJ (PRP I)) (VP (VBD saw) (NP (-NONE- *T*-1)))))) (, ,) (INTJ (UH uh)) (PRN (, ,) (S (NP-SBJ (PRP I)) (VP (VBP 'm) (ADJP-PRD (JJ afraid) (SBAR (-NONE- 0) (S (-NONE- *T*-2))))))) (VP-UNF (VBD was) (, ,) (INTJ (UH uh))) (, ,) (-DFL- N_S))",30,87.62,92.69999999999999
sw00utt/sw_0084_2109.utt,2/sw2109,2109,21,sd,A,10,2,"{D well } [ two, + two ] of them actually.  /","well/UH  [ two/CD ] ,/,  [ two/CD ] of/IN  [ them/PRP ] actually/RB ./.","(FRAG (INTJ (UH well)) (EDITED (RM (-DFL- \[)) (NP-UNF (CD two)) (, ,) (IP (-DFL- \+))) (NP (NP (CD two)) (RS (-DFL- \])) (PP (IN of) (NP (PRP them)))) (ADVP (RB actually)) (. .) (-DFL- E_S))",31,93.28,95.26
sw00utt/sw_0084_2109.utt,2/sw2109,2109,22,sd,A,10,3,"{F Uh, } the RAIN MAN was one. /","[ Uh/UH ] ,/,  [ the/DT RAIN/NN MAN/NN ] was/VBD  [ one/CD ] ./.","(S (INTJ (UH Uh)) (, ,) (NP-TTL-SBJ (DT the) (NN RAIN) (NN MAN)) (VP (VBD was) (NP-PRD (CD one))) (. .) (-DFL- E_S))",32,95.26,96.86
sw00utt/sw_0084_2109.utt,2/sw2109,2109,23,sv,B,11,1,{F Oh } that was great one. /,Oh/UH  [ that/DT ] was/VBD  [ great/JJ one/CD ] ./.,(S (INTJ (UH Oh)) (NP-SBJ (DT that)) (VP (VBD was) (NP-PRD (JJ great) (CD one))) (. .) (-DFL- E_S)),34,96.85,97.85
sw00utt/sw_0084_2109.utt,2/sw2109,2109,24,aa,A,12,1,"Wasn't that fabulous,  /","[ Was/VBD n't/RB ] that/DT  [ fabulous/JJ ] ,/,","(SQ (VBD Was) (RB n't) (NP-SBJ (DT that)) (ADJP-PRD (JJ fabulous)) (, ,) (-DFL- E_S))",36,98.12,99.48
sw00utt/sw_0084_2109.utt,2/sw2109,2109,25,sd,A,12,2,"[ and, +","and/CC ,/,","(S (INTJ (UH Uh)) (, ,) (EDITED (RM (-DFL- \[)) (NP-SBJ-UNF (DT the)) (, ,) (IP (-DFL- \+))) (INTJ (UH uh)) (, ,) (NP-SBJ (DT the) (RS (-DFL- \])) (NN guy)) (, ,) (INTJ (UH uh)) (, ,) (ADVP (RB apparently)) (VP (VBD had) (EDITED (RM (-DFL- \[)) (NP-UNF (DT a)) (, ,) (IP (-DFL- \+))) (NP (NP (DT a) (, ,) (RS (-DFL- \])) (JJ mental) (TYPO (NN disfunction))) (SBAR (WHPP-2 (IN in) (WHNP (WDT which))) (S (NP-SBJ-1 (PRP he)) (VP (VBD needed) (S (NP-SBJ (-NONE- *-1)) (VP (TO to) (VP (VP (VB go) (ADVP-DIR (RB out))) (CC and) (ADVP (RB just)) (VP (VB slay) (NP (NNS people))) (. .) (INTJ (UH Uh)) (, ,) (ADVP (RB just)) (VP (, ,) (INTJ (UH uh)) (, ,) (VB kill) (NP (PRP them)) (EDITED (RM (-DFL- \[)) (PP-UNF (IN with)) (, ,) (IP (-DFL- \+))) (PP (IN with) (RS (-DFL- \])) (NP (NP (ADJP (RB as) (JJ much)) (NN blood) (EDITED (RM (-DFL- \[)) (CC and) (, ,) (IP (-DFL- \+))) (CC and) (RS (-DFL- \])) (NNS guts)) (PP (IN as) (ADJP (JJ possible))))))))) (PP (-NONE- *T*-2))))))) (. .) (-DFL- E_S))",7,99.48,99.7
sw00utt/sw_0084_2109.utt,2/sw2109,2109,26,sd,B,13,1,"{F Oh, } I loved it. /","Oh/UH ,/,  [ I/PRP ] loved/VBD  [ it/PRP ] ./.","(S (INTJ (UH Oh)) (, ,) (NP-SBJ (PRP I)) (VP (VBD loved) (NP (PRP it))) (. .) (-DFL- E_S))",39,99.43,100.29
sw00utt/sw_0084_2109.utt,2/sw2109,2109,27,+,A,14,1,and ] DRIVING MISS DAISY. /,and/CC  [ DRIVING/VBG MISS/NNP DAISY/NNP ] ./.,"(FRAG (EDITED (RM (-DFL- \[)) (CC and) (, ,) (IP (-DFL- \+))) (CC and) (RS (-DFL- \])) (NP-TTL (VBG DRIVING) (NNP MISS) (NNP DAISY)) (. .) (-DFL- E_S))",37,100.56,101.94
sw00utt/sw_0084_2109.utt,2/sw2109,2109,28,sd,B,15,1,"{D You know, } I haven't seen that one yet,  /","[ You/PRP ] know/VBP ,/,  [ I/PRP ] have/VBP n't/RB seen/VBN that/DT  [ one/CD ] yet/RB ,/,","(S (PRN (S (NP-SBJ (PRP You)) (VP (VBP know))) (, ,)) (NP-SBJ (PRP I)) (VP (VBP have) (RB n't) (VP (VBN seen) (NP (DT that) (CD one)) (ADVP-TMP (RB yet)))) (, ,) (-DFL- E_S))",42,101.67,104.27000000000001
sw00utt/sw_0084_2109.utt,2/sw2109,2109,29,sv,B,15,2,{C and } I need to go see it. /,and/CC  [ I/PRP ] need/VBP to/TO go/VB see/VB  [ it/PRP ] ./.,(S (CC and) (NP-SBJ-1 (PRP I)) (VP (VBP need) (S (NP-SBJ-2 (-NONE- *-1)) (VP (TO to) (VP (VB go) (S (NP-SBJ (-NONE- *-2)) (VP (VB see) (NP (PRP it)))))))) (. .) (-DFL- E_S)),43,104.27,105.43
sw00utt/sw_0084_2109.utt,2/sw2109,2109,30,aa,A,16,1,"{F Oh, } you need to see that. /","Oh/UH ,/,  [ you/PRP ] need/VBP to/TO see/VB  [ that/DT ] ./.","(S (INTJ (UH Oh)) (, ,) (NP-SBJ-1 (PRP you)) (VP (VBP need) (S (NP-SBJ (-NONE- *-1)) (VP (TO to) (VP (VB see) (NP (DT that)))))) (. .) (-DFL- E_S))",45,105.7,107.14
sw00utt/sw_0084_2109.utt,2/sw2109,2109,31,b,B,17,1,Yeah. /,Yeah/UH ./.,(INTJ (UH Yeah) (. .) (-DFL- E_S)),47,106.87,106.97
sw00utt/sw_0084_2109.utt,2/sw2109,2109,32,sv,A,18,1,That is the most heart rendering story of relationships between two people.,[ That/DT ] is/VBZ  [ the/DT most/JJS heart/NN rendering/VBG story/NN ] of/IN  [ relationships/NNS ] between/IN  [ two/CD people/NNS ] ./.,(S (NP-SBJ (DT That)) (VP (VBZ is) (NP-PRD (NP (DT the) (ADJP (JJS most) (NN heart) (VBG rendering)) (NN story)) (PP (IN of) (NP (NP (NNS relationships)) (PP (IN between) (NP (NP (CD two) (NNS people)) (. .) (NP (NP (CD Two) (ADJP (RB diametrically) (JJ opposed)) (NNS people)) (PP (IN from) (NP (NP (DT the) (NN stand) (NN point)) (SBAR (IN that) (S (S (NP-SBJ (CD one)) (VP (VBD was) (ADJP-PRD (JJ Jewish)))) (CC and) (S (NP-SBJ (CD one)) (VP (VBD was) (ADJP-PRD (JJ black))))))))))))))) (-DFL- E_S)),49,107.56,114.08
sw00utt/sw_0084_2109.utt,2/sw2109,2109,33,b,B,19,1,Uh-huh. /,[ Uh-huh/UH ] ./.,(INTJ (UH Uh-huh) (. .) (-DFL- E_S)),51,114.39,114.69
sw00utt/sw_0084_2109.utt,2/sw2109,2109,34,+,A,20,1,Two diametrically opposed people from the stand point that one was Jewish and one was black  /,[ Two/CD ] diametrically/RB opposed/JJ  [ people/NNS ] from/IN  [ the/DT stand/NN point/NN ] that/IN  [ one/CD ] was/VBD  [ Jewish/JJ ] and/CC  [ one/CD ] was/VBD black/JJ,(S (NP-SBJ (DT That)) (VP (VBZ is) (NP-PRD (NP (DT the) (ADJP (JJS most) (NN heart) (VBG rendering)) (NN story)) (PP (IN of) (NP (NP (NNS relationships)) (PP (IN between) (NP (NP (CD two) (NNS people)) (. .) (NP (NP (CD Two) (ADJP (RB diametrically) (JJ opposed)) (NNS people)) (PP (IN from) (NP (NP (DT the) (NN stand) (NN point)) (SBAR (IN that) (S (S (NP-SBJ (CD one)) (VP (VBD was) (ADJP-PRD (JJ Jewish)))) (CC and) (S (NP-SBJ (CD one)) (VP (VBD was) (ADJP-PRD (JJ black))))))))))))))) (-DFL- E_S)),49,115.04,121.7
sw00utt/sw_0084_2109.utt,2/sw2109,2109,35,sd,A,20,2,{C and } this all took place in the South. /,and/CC  [ this/DT ] [ all/DT ] took/VBD  [ place/NN ] in/IN  [ the/DT South/NNP ] ./.,(S (CC and) (NP-SBJ (NP (DT this)) (NP (DT all))) (VP (VBD took) (NP (NN place)) (PP-LOC (IN in) (NP (DT the) (NNP South)))) (. .) (-DFL- E_S)),53,121.7,123.28
sw00utt/sw_0084_2109.utt,2/sw2109,2109,36,ba,B,21,1,{F Oh } my. -/,Oh/UH  [ my/UH ] ./.,(INTJ (INTJ (UH Oh)) (INTJ (UH my)) (. .) (-DFL- N_S)),55,123.01,123.11
sw00utt/sw_0084_2109.utt,2/sw2109,2109,37,sv,A,22,1,"{C And, } {F uh, } normally never the twain shall meet. /","And/CC ,/,  [ uh/UH ] ,/, normally/RB never/RB  [ the/DT twain/NN ] shall/MD meet/VB ./.","(S (CC And) (, ,) (INTJ (UH uh)) (, ,) (ADVP (RB normally)) (ADVP-TMP (RB never)) (NP-SBJ (DT the) (NN twain)) (VP (MD shall) (VP (VB meet))) (. .) (-DFL- E_S))",57,124.26,126.84
sw00utt/sw_0084_2109.utt,2/sw2109,2109,38,aa,B,23,1,"You bet, especially in the South. /","[ You/PRP ] bet/VBP ,/, especially/RB in/IN  [ the/DT South/NNP ] ./.","(S (NP-SBJ (PRP You)) (VP (VBP bet)) (, ,))|||(FRAG (ADVP (RB especially)) (PP-LOC (IN in) (NP (DT the) (NNP South))) (. .) (-DFL- E_S))",59|||60,126.85,128.53
sw00utt/sw_0084_2109.utt,2/sw2109,2109,39,aa,A,24,1,"Yes,  /","Yes/UH ,/,","(INTJ (UH Yes) (, ,) (-DFL- E_S))",62,128.8,129.14000000000001
sw00utt/sw_0084_2109.utt,2/sw2109,2109,40,aa,A,24,2,"right,  /","right/UH ,/,","(INTJ (UH right) (, ,) (-DFL- E_S))",63,129.24,129.56
sw00utt/sw_0084_2109.utt,2/sw2109,2109,41,sv,A,24,3,"{C and, } {F um, } {F uh, } [ it, + it ] really was a fantastic movie.  /","and/CC ,/, um/UH ,/,  [ uh/UH ] ,/,  [ it/PRP ] ,/,  [ it/PRP ] really/RB was/VBD  [ a/DT fantastic/JJ movie/NN ] ./.","(S (CC and) (, ,) (INTJ (UH um)) (, ,) (INTJ (UH uh)) (, ,) (EDITED (RM (-DFL- \[)) (NP-SBJ (PRP it)) (, ,) (IP (-DFL- \+))) (NP-SBJ (PRP it)) (RS (-DFL- \])) (ADVP (RB really)) (VP (VBD was) (NP-PRD (DT a) (JJ fantastic) (NN movie))) (. .) (-DFL- E_S))",64,129.96,136.31
sw00utt/sw_0084_2109.utt,2/sw2109,2109,42,sv,A,24,4,The acting was phenomenal. /,[ The/DT acting/NN ] was/VBD phenomenal/JJ ./.,(S (NP-SBJ (DT The) (NN acting)) (VP (VBD was) (ADJP-PRD (JJ phenomenal))) (. .) (-DFL- E_S)),65,136.31,137.97
sw00utt/sw_0084_2109.utt,2/sw2109,2109,43,qy^g,B,25,1,"{D Well } [ as, it, + as I recall it ] got some Academy Awards, didn't it. /","Well/UH as/IN ,/,  [ it/PRP ] ,/, as/IN  [ I/PRP ] recall/VBP  [ it/PRP ] got/VBD  [ some/DT Academy/NNP Awards/NNPS ] ,/, did/VBD n't/RB  [ it/PRP ] ./.","(SQ (S (INTJ (UH Well)) (EDITED (RM (-DFL- \[)) (SBAR-ADV (IN as) (, ,) (S-UNF (NP-SBJ (PRP it)))) (, ,) (IP (-DFL- \+))) (SBAR-ADV (IN as) (S (NP-SBJ (PRP I)) (VP (VBP recall)))) (NP-SBJ (PRP it)) (RS (-DFL- \])) (VP (VBD got) (NP (DT some) (NNP Academy) (NNPS Awards)))) (, ,) (SQ (VBD did) (RB n't) (NP-SBJ (PRP it))) (. .) (-DFL- E_S))",67,137.95,140.60999999999999
sw00utt/sw_0084_2109.utt,2/sw2109,2109,44,ny,A,26,1,"{F Oh } yes,  /","Oh/UH yes/UH ,/,","(INTJ (INTJ (UH Oh)) (INTJ (UH yes)) (, ,) (-DFL- E_S))",69,140.91,141.29
sw00utt/sw_0084_2109.utt,2/sw2109,2109,45,sd^e,A,26,2,Jessica Tandy won best actress  /,[ Jessica/NNP Tandy/NNP ] won/VBD  [ best/JJS actress/NN ],(S (NP-SBJ (NNP Jessica) (NNP Tandy)) (VP (VBD won) (NP (JJS best) (NN actress))) (-DFL- E_S)),70,141.31,143.69
sw00utt/sw_0084_2109.utt,2/sw2109,2109,46,%,A,26,3,"{C and, } {F uh, } -/","and/CC ,/,  [ uh/UH ] ,/,","(S-UNF (CC and) (, ,) (INTJ (UH uh)) (, ,) (-DFL- N_S))",71,144.19,144.45
sw00utt/sw_0084_2109.utt,2/sw2109,2109,47,b,B,27,1,"{F Oh } yeah,  /","Oh/UH yeah/UH ,/,","(INTJ (INTJ (UH Oh)) (INTJ (UH yeah)) (, ,) (-DFL- E_S))",73,144.15,144.77
sw00utt/sw_0084_2109.utt,2/sw2109,2109,48,sd,B,27,2,that's right.  /,[ that/DT ] 's/BES right/JJ ./.,(S (NP-SBJ (DT that)) (VP (BES 's) (ADJP-PRD (JJ right))) (. .) (-DFL- E_S)),74,144.91,145.63
sw00utt/sw_0084_2109.utt,2/sw2109,2109,49,sv,B,27,3,"[ It, + it ] might have one best picture, too. /","[ It/PRP ] ,/,  [ it/PRP ] might/MD have/VB  [ one/^VBN best/JJS picture/NN ] ,/, too/RB ./.","(S (EDITED (RM (-DFL- \[)) (NP-SBJ (PRP It)) (, ,) (IP (-DFL- \+))) (NP-SBJ (PRP it)) (RS (-DFL- \])) (VP (MD might) (VP (VB have) (VP (TYPO (^VBN one)) (NP (JJS best) (NN picture)) (, ,) (ADVP (RB too))))) (. .) (-DFL- E_S))",75,145.95,147.43
sw00utt/sw_0084_2109.utt,2/sw2109,2109,50,aa,A,28,1,Yes  /,Yes/UH,(INTJ (UH Yes) (-DFL- E_S)),77,147.73,148.01
sw00utt/sw_0084_2109.utt,2/sw2109,2109,51,sd,A,28,2,"it did,  /","[ it/PRP ] did/VBD ,/,","(S (NP-SBJ (PRP it)) (VP (VBD did)) (, ,) (-DFL- E_S))",78,148.01,148.45
sw00utt/sw_0084_2109.utt,2/sw2109,2109,52,aa,A,28,3,yes  /,yes/UH,(INTJ (UH yes) (-DFL- E_S)),79,149.01,149.42999999999998
sw00utt/sw_0084_2109.utt,2/sw2109,2109,53,sd,A,28,4,it did. /,[ it/PRP ] did/VBD ./.,(S (NP-SBJ (PRP it)) (VP (VBD did)) (. .) (-DFL- E_S)),80,149.43,149.89000000000001
sw00utt/sw_0084_2109.utt,2/sw2109,2109,54,b,B,29,1,Yeah. /,Yeah/UH ./.,(INTJ (UH Yeah) (. .) (-DFL- E_S)),47,149.63,149.73
sw00utt/sw_0084_2109.utt,2/sw2109,2109,55,sd,A,30,1,"Just as RAIN MAN, {F uh, } with Dustin Hoffman,","Just/RB as/IN  [ RAIN/NN MAN/NN ] ,/,  [ uh/UH ] ,/, with/IN  [ Dustin/NNP Hoffman/NNP ] ,/,","(S (PP (ADVP (RB Just)) (IN as) (NP (NP-TTL (NN RAIN) (NN MAN)) (, ,) (INTJ (UH uh)) (, ,) (PP (IN with) (NP (NP (NNP Dustin) (NNP Hoffman)) (NAC (-NONE- *ICH*-1)))))) (, ,) (INTJ (UH uh)) (, ,) (EDITED (RM (-DFL- \[)) (NP-SBJ (DT that)) (, ,) (IP (-DFL- \+))) (NP-SBJ (DT that)) (RS (-DFL- \])) (VP (VBD was) (ADJP-PRD (JJ tremendous)) (NAC-1 (CC and) (NP (NNP Tom) (NNP Cruise)))) (. .) (-DFL- E_S))",84,150.03,153.63
sw00utt/sw_0084_2109.utt,2/sw2109,2109,56,%,B,31,1,"That was, -/","[ That/DT ] was/VBD ,/,","(S (NP-SBJ (DT That)) (VP (VBD was) (ADJP-PRD (-NONE- *?*))) (, ,) (-DFL- N_S))",86,153.34,153.52
sw00utt/sw_0084_2109.utt,2/sw2109,2109,57,+,A,32,1,"{F uh, } [ that, + that ] was tremendous and Tom Cruise. /","[ uh/UH ] ,/, that/DT ,/, that/DT was/VBD tremendous/JJ and/CC  [ Tom/NNP Cruise/NNP ] ./.","(S (PP (ADVP (RB Just)) (IN as) (NP (NP-TTL (NN RAIN) (NN MAN)) (, ,) (INTJ (UH uh)) (, ,) (PP (IN with) (NP (NP (NNP Dustin) (NNP Hoffman)) (NAC (-NONE- *ICH*-1)))))) (, ,) (INTJ (UH uh)) (, ,) (EDITED (RM (-DFL- \[)) (NP-SBJ (DT that)) (, ,) (IP (-DFL- \+))) (NP-SBJ (DT that)) (RS (-DFL- \])) (VP (VBD was) (ADJP-PRD (JJ tremendous)) (NAC-1 (CC and) (NP (NNP Tom) (NNP Cruise)))) (. .) (-DFL- E_S))",84,154.41,156.76999999999998
sw00utt/sw_0084_2109.utt,2/sw2109,2109,58,b,B,33,1,"yeah,  /","yeah/UH ,/,","(INTJ (UH yeah) (, ,) (-DFL- E_S))",89,157.08,157.32000000000002
sw00utt/sw_0084_2109.utt,2/sw2109,2109,59,sv,B,33,2,"[ I, + I ] think it was more a lesson for Tom Cruise than anything else in terms [ of, + {F uh, } of ] how to act from Dustin Hoffman,  /","[ I/PRP ] ,/,  [ I/PRP ] think/VBP  [ it/PRP ] was/VBD more/JJS  [ a/DT lesson/NN ] for/IN  [ Tom/NNP Cruise/NNP ] than/IN  [ anything/NN ] else/RB in/IN  [ terms/NNS ] of/IN ,/,  [ uh/UH ] ,/, of/IN how/WRB to/TO act/VB from/IN  [ Dustin/NNP Hoffman/NNP ] ,/,","(S (EDITED (RM (-DFL- \[)) (NP-SBJ (PRP I)) (, ,) (IP (-DFL- \+))) (NP-SBJ (PRP I)) (RS (-DFL- \])) (VP (VBP think) (SBAR (-NONE- 0) (S (NP-SBJ (PRP it)) (VP (VBD was) (ADVP (ADVP (JJS more)) (PP (-NONE- *ICH*-1))) (NP-PRD (NP (DT a) (NN lesson)) (PP (IN for) (NP (NNP Tom) (NNP Cruise))) (PP (-NONE- *ICH*-2))) (PP-1 (IN than) (NP (NP (NN anything)) (ADVP (RB else)))) (PP (IN in) (NP (NP (NNS terms)) (EDITED (RM (-DFL- \[)) (PP-UNF (IN of)) (, ,) (IP (-DFL- \+))) (INTJ (UH uh)) (, ,) (PP (IN of) (RS (-DFL- \])) (SBAR-NOM (WHADVP-3 (WRB how)) (S (NP-SBJ (-NONE- *)) (VP (TO to) (VP (VB act) (ADVP-MNR (-NONE- *T*-3))))))))) (PP-2 (IN from) (NP (NNP Dustin) (NNP Hoffman))))))) (, ,) (-DFL- E_S))",90,157.32,163.88
sw00utt/sw_0084_2109.utt,2/sw2109,2109,60,%,B,33,3,"{C but, } {F uh. } -/","but/CC ,/,  [ uh/UH ] ./.","(S-UNF (CC but) (, ,) (INTJ (UH uh)) (. .) (-DFL- N_S))",91,164.02,164.46
sw00utt/sw_0084_2109.utt,2/sw2109,2109,61,aa,A,34,1,"Yes,  /","Yes/UH ,/,","(INTJ (UH Yes) (, ,) (-DFL- E_S))",62,164.77,164.95000000000002
sw00utt/sw_0084_2109.utt,2/sw2109,2109,62,sd,A,34,2,"{F uh, } {F oh, } [ that was, + that was, ] {F uh, } what [ the, + much of the ] hype was that Tom Cruise learned so much from Dustin Hoffman. /","[ uh/UH ] ,/, oh/UH ,/,  [ that/DT ] was/VBD ,/,  [ that/DT ] was/VBD ,/,  [ uh/UH ] ,/,  [ what/WP ] [ the/DT ] ,/, much/RB of/IN  [ the/DT hype/NN ] was/VBD that/IN  [ Tom/NNP Cruise/NNP ] learned/VBD so/RB much/RB from/IN  [ Dustin/NNP Hoffman/NNP ] ./.","(S (INTJ (UH uh)) (, ,) (INTJ (UH oh)) (, ,) (EDITED (RM (-DFL- \[)) (S (NP-SBJ (DT that)) (VP-UNF (VBD was))) (, ,) (IP (-DFL- \+))) (NP-SBJ (DT that)) (VP (VBD was) (, ,) (RS (-DFL- \])) (INTJ (UH uh)) (, ,) (SBAR-NOM-PRD (WHNP-1 (WP what)) (S (EDITED (RM (-DFL- \[)) (NP-SBJ-UNF (DT the)) (, ,) (IP (-DFL- \+))) (NP-SBJ (NP (RB much)) (PP (IN of) (NP (DT the) (RS (-DFL- \])) (NN hype)))) (VP (VBD was) (NP-PRD (-NONE- *T*-1))))) (SBAR-TPC (IN that) (S (NP-SBJ (NNP Tom) (NNP Cruise)) (VP (VBD learned) (NP (RB so) (RB much)) (PP (IN from) (NP (NNP Dustin) (NNP Hoffman))))))) (. .) (-DFL- E_S))",94,165.05,171.57
sw00utt/sw_0084_2109.utt,2/sw2109,2109,63,b,B,35,1,"Yeah,  /","Yeah/UH ,/,","(INTJ (UH Yeah) (, ,) (-DFL- E_S))",96,171.87,172.21
sw00utt/sw_0084_2109.utt,2/sw2109,2109,64,sv,B,35,2,"it must have been great just being with him [ on, + on ] a daily basis and seeing how he prepares [ for his, + for his ] lines and all that stuff. /","[ it/PRP ] must/MD have/VB been/VBN great/JJ just/RB being/VBG with/IN  [ him/PRP ] on/IN ,/, on/IN  [ a/DT daily/JJ basis/NN ] and/CC seeing/VBG how/WRB  [ he/PRP ] prepares/VBZ for/IN  [ his/PRP$ ] ,/, for/IN  [ his/PRP$ lines/NNS ] and/CC  [ all/PDT that/DT stuff/NN ] ./.","(S (NP-SBJ (NP (PRP it)) (S (-NONE- *EXP*-1))) (VP (MD must) (VP (VB have) (VP (VBN been) (ADJP-PRD (JJ great)) (S-1 (NP-SBJ (-NONE- *)) (ADVP (RB just)) (VP (VP (VBG being) (PP-PRD (IN with) (NP (PRP him))) (EDITED (RM (-DFL- \[)) (PP-TMP-UNF (IN on)) (, ,) (IP (-DFL- \+))) (PP-TMP (IN on) (RS (-DFL- \])) (NP (DT a) (JJ daily) (NN basis)))) (CC and) (VP (VBG seeing) (SBAR (WHADVP-2 (WRB how)) (S (NP-SBJ (PRP he)) (VP (VBZ prepares) (EDITED (RM (-DFL- \[)) (PP (IN for) (NP-UNF (PRP$ his))) (, ,) (IP (-DFL- \+))) (PP (IN for) (NP (PRP$ his) (RS (-DFL- \])) (NP (NNS lines)))) (ADVP-MNR (-NONE- *T*-2)))))) (CC and) (NP-ETC (PDT all) (DT that) (NN stuff))))))) (. .) (-DFL- E_S))",97,172.21,179.59
sw00utt/sw_0084_2109.utt,2/sw2109,2109,65,b,A,36,1,Yeah  /,Yeah/UH,(INTJ (UH Yeah) (-DFL- E_S)),99,179.93,180.21
sw00utt/sw_0084_2109.utt,2/sw2109,2109,66,sd,A,36,2,{C and } a good bit of that was filmed right in Cincinnati.,and/CC  [ a/DT good/JJ bit/NN ] of/IN  [ that/DT ] was/VBD filmed/VBN right/RB in/IN  [ Cincinnati/NNP ] ./.,"(S (CC and) (NP-SBJ-1 (NP (DT a) (JJ good) (NN bit)) (PP (IN of) (NP (DT that)))) (VP (VBD was) (VP (VP (VBN filmed) (NP (-NONE- *-1)) (PP-LOC (ADVP (RB right)) (IN in) (NP (NNP Cincinnati)))) (. .) (SBAR (WHNP-2 (WDT Which)) (S (NP-SBJ (-NONE- *T*-2)) (VP (VBZ is) (NP-PRD (NP (RB just) (CD forty-five) (NNS miles)) (EDITED (RM (-DFL- \[)) (PP-UNF (IN from)) (, ,) (IP (-DFL- \+))) (PP (IN from) (RS (-DFL- \])) (EDITED (RM (-DFL- \[)) (SBAR-NOM (WHADVP-4 (WRB where)) (S (NP-SBJ (PRP I)) (VP (VBP am) (ADVP-LOC-PRD (-NONE- *T*-4))))) (, ,) (IP (-DFL- \+))) (SBAR-NOM (WHADVP-3 (WRB where)) (S (NP-SBJ (PRP I)) (ADVP (RB actually)) (VP (VBP live) (RS (-DFL- \])) (PP-LOC (IN in) (NP (NP (DT a) (NN suburb)) (PP (IN of) (NP (NNP Dayton))))) (ADVP-LOC (-NONE- *T*-3)))))))))))) (. .) (-DFL- E_S))",100,180.21,183.57
sw00utt/sw_0084_2109.utt,2/sw2109,2109,67,b,B,37,1,Oh.  /,Oh/UH ./.,(INTJ (UH Oh) (. .) (-DFL- E_S)),102,183.2,183.28
sw00utt/sw_0084_2109.utt,2/sw2109,2109,68,+,A,38,1,"Which is just forty-five miles [ from, + from ] [ where I am, + where I actually live ] in a suburb of Dayton. /","[ Which/WDT ] is/VBZ just/RB  [ forty-five/CD miles/NNS ] from/IN ,/, from/IN where/WRB  [ I/PRP ] am/VBP ,/, where/WRB  [ I/PRP ] actually/RB live/VBP in/IN  [ a/DT suburb/NN ] of/IN  [ Dayton/NNP ] ./.","(S (CC and) (NP-SBJ-1 (NP (DT a) (JJ good) (NN bit)) (PP (IN of) (NP (DT that)))) (VP (VBD was) (VP (VP (VBN filmed) (NP (-NONE- *-1)) (PP-LOC (ADVP (RB right)) (IN in) (NP (NNP Cincinnati)))) (. .) (SBAR (WHNP-2 (WDT Which)) (S (NP-SBJ (-NONE- *T*-2)) (VP (VBZ is) (NP-PRD (NP (RB just) (CD forty-five) (NNS miles)) (EDITED (RM (-DFL- \[)) (PP-UNF (IN from)) (, ,) (IP (-DFL- \+))) (PP (IN from) (RS (-DFL- \])) (EDITED (RM (-DFL- \[)) (SBAR-NOM (WHADVP-4 (WRB where)) (S (NP-SBJ (PRP I)) (VP (VBP am) (ADVP-LOC-PRD (-NONE- *T*-4))))) (, ,) (IP (-DFL- \+))) (SBAR-NOM (WHADVP-3 (WRB where)) (S (NP-SBJ (PRP I)) (ADVP (RB actually)) (VP (VBP live) (RS (-DFL- \])) (PP-LOC (IN in) (NP (NP (DT a) (NN suburb)) (PP (IN of) (NP (NNP Dayton))))) (ADVP-LOC (-NONE- *T*-3)))))))))))) (. .) (-DFL- E_S))",100,183.95,188.83
sw00utt/sw_0084_2109.utt,2/sw2109,2109,69,qy,B,39,1,"[ Is, + is ] the Kmart there?  <laughter>. /","Is/VBZ ,/, is/VBZ  [ the/DT Kmart/NNP ] there/RB ?/.  ./.","(SQ (EDITED (RM (-DFL- \[)) (SQ-UNF (VBZ Is)) (, ,) (IP (-DFL- \+))) (VBZ is) (RS (-DFL- \])) (NP-SBJ (DT the) (NNP Kmart)) (ADVP-LOC-PRD (RB there)) (. ?) (. .) (-DFL- E_S))",105,189.11,190.25
sw00utt/sw_0084_2109.utt,2/sw2109,2109,70,na,A,40,1,"{F Oh, } <laughter> we do have Kmart here,  /","Oh/UH ,/,  [ we/PRP ] do/VBP have/VB  [ Kmart/NNP ] here/RB ,/,","(S (INTJ (UH Oh)) (, ,) (NP-SBJ (PRP we)) (VP (VBP do) (VP (VB have) (NP (NNP Kmart)) (ADVP-LOC (RB here)))) (, ,) (-DFL- E_S))",107,191.53,193.31
sw00utt/sw_0084_2109.utt,2/sw2109,2109,71,o,A,40,2,you better believe it.  /,[ you/PRP ] better/RB believe/VBP  [ it/PRP ] ./.,(S (NP-SBJ (PRP you)) (ADVP (RB better)) (VP (VBP believe) (NP (PRP it))) (. .) (-DFL- E_S)),108,193.95,195.23000000000002
sw00utt/sw_0084_2109.utt,2/sw2109,2109,72,qy,A,40,3,Isn't there a Kmart everywhere? /,Is/VBZ n't/RB there/EX  [ a/DT Kmart/NNP everywhere/RB ] ?/.,(SQ (VBZ Is) (RB n't) (NP-SBJ (EX there)) (NP-PRD (DT a) (NNP Kmart)) (ADVP-LOC (RB everywhere)) (. ?) (-DFL- E_S)),109,195.25,196.89000000000001
sw00utt/sw_0084_2109.utt,2/sw2109,2109,73,sv,B,41,1,"[ That was, + that was ] so funny,  /","[ That/DT ] was/VBD ,/,  [ that/DT ] was/VBD so/RB funny/JJ ,/,","(S (EDITED (RM (-DFL- \[)) (S (NP-SBJ (DT That)) (VP-UNF (VBD was))) (, ,) (IP (-DFL- \+))) (NP-SBJ (DT that)) (VP (VBD was) (RS (-DFL- \])) (ADJP-PRD (RB so) (JJ funny))) (, ,) (-DFL- E_S))",111,196.51,198.47000000000003
sw00utt/sw_0084_2109.utt,2/sw2109,2109,74,sd,B,41,2,"he had to, - /","[ he/PRP ] had/VBD to/TO ,/,","(S (NP-SBJ-1 (PRP he)) (VP (VBD had) (S (NP-SBJ (-NONE- *-1)) (VP-UNF (TO to)))) (, ,) (-DFL- N_S))",112,198.53,198.92999999999998
sw00utt/sw_0084_2109.utt,2/sw2109,2109,75,qy,B,41,3,{E or } was it Kmart. /,or/CC was/VBD  [ it/PRP ] [ Kmart/NNP ] ./.,(SQ (CC or) (VBD was) (NP-SBJ (PRP it)) (NP-PRD (NNP Kmart)) (. .) (-DFL- E_S)),113,198.93,199.89
sw00utt/sw_0084_2109.utt,2/sw2109,2109,76,ny,A,42,1,Yes. /,Yes/UH ./.,(INTJ (UH Yes) (. .) (-DFL- E_S)),115,200.27,200.39000000000001
sw00utt/sw_0084_2109.utt,2/sw2109,2109,77,sd,B,43,1,He had to buy his underwear at Kmart. /,[ He/PRP ] had/VBD to/TO buy/VB  [ his/PRP$ underwear/NN ] at/IN  [ Kmart/NNP ] ./.,(S (NP-SBJ-1 (PRP He)) (VP (VBD had) (S (NP-SBJ (-NONE- *-1)) (VP (TO to) (VP (VB buy) (NP (PRP$ his) (NN underwear)) (PP-LOC (IN at) (NP (NNP Kmart))))))) (. .) (-DFL- E_S)),117,200.01,202.21
sw00utt/sw_0084_2109.utt,2/sw2109,2109,78,aa,A,44,1,"Right,  /","Right/UH ,/,","(INTJ (UH Right) (, ,) (-DFL- E_S))",119,202.59,202.95000000000002
sw00utt/sw_0084_2109.utt,2/sw2109,2109,79,aa^r,A,44,2,right  /,right/UH,(INTJ (UH right) (-DFL- E_S)),120,203.05,203.19
sw00utt/sw_0084_2109.utt,2/sw2109,2109,80,aa,A,44,3,yeah. /,yeah/UH ./.,(INTJ (UH yeah) (. .) (-DFL- E_S)),121,203.23,203.54999999999998
sw00utt/sw_0084_2109.utt,2/sw2109,2109,81,sv,B,45,1,That was hilarious.  /,[ That/DT ] was/VBD hilarious/JJ ./.,(S (NP-SBJ (DT That)) (VP (VBD was) (ADJP-PRD (JJ hilarious))) (. .) (-DFL- E_S)),123,203.19,204.57
sw00utt/sw_0084_2109.utt,2/sw2109,2109,82,sd,B,45,2,"[ [ [ [ The, + the, ] + I guess the, ] + the first, ] + the first, ] {F uh, } scene in that movie that really got my attention, {F uh, } concerning [ the, + the ] disease and all that was when he, {F uh, } dropped [ the, + the, ] {F uh, } the toothpicks, /","[ The/DT ] ,/,  [ the/DT ] ,/,  [ I/PRP ] guess/VBP  [ the/DT ] ,/,  [ the/DT first/JJ ] ,/,  [ the/DT first/JJ ] ,/,  [ uh/UH ] ,/,  [ scene/NN ] in/IN  [ that/DT movie/NN ] [ that/WDT ] really/RB got/VBD  [ my/PRP$ attention/NN ] ,/,  [ uh/UH ] ,/, concerning/VBG  [ the/DT ] ,/,  [ the/DT disease/NN ] and/CC  [ all/PDT that/DT ] was/VBD when/WRB  [ he/PRP ] ,/,  [ uh/UH ] ,/, dropped/VBD  [ the/DT ] ,/,  [ the/DT ] ,/,  [ uh/UH ] ,/,  [ the/DT toothpicks/NNS ] ,/,","(S (EDITED (RM (-DFL- \[)) (EDITED (RM (-DFL- \[)) (EDITED (RM (-DFL- \[)) (EDITED (RM (-DFL- \[)) (NP-SBJ-UNF (DT The)) (, ,) (IP (-DFL- \+))) (NP-SBJ-UNF (DT the)) (, ,) (RS (-DFL- \])) (IP (-DFL- \+))) (S (NP-SBJ (PRP I)) (VP (VBP guess) (SBAR (-NONE- 0) (S (NP-SBJ-UNF (DT the)))))) (, ,) (RS (-DFL- \])) (IP (-DFL- \+))) (NP-SBJ-UNF (DT the) (JJ first)) (, ,) (RS (-DFL- \])) (IP (-DFL- \+))) (NP-SBJ (NP (DT the) (JJ first) (, ,) (RS (-DFL- \])) (INTJ (UH uh)) (, ,) (NN scene)) (PP (IN in) (NP (DT that) (NN movie))) (SBAR (WHNP-1 (WDT that)) (S (NP-SBJ (-NONE- *T*-1)) (ADVP (RB really)) (VP (VBD got) (NP (NP (PRP$ my) (NN attention)) (, ,) (INTJ (UH uh)) (, ,) (PP (VBG concerning) (EDITED (RM (-DFL- \[)) (NP-UNF (DT the)) (, ,) (IP (-DFL- \+))) (NP (NP (DT the) (RS (-DFL- \])) (NN disease)) (CC and) (NP (PDT all) (DT that))))))))) (VP (VBD was) (SBAR-LOC-PRD (WHADVP-2 (WRB when)) (S (NP-SBJ (PRP he)) (, ,) (INTJ (UH uh)) (, ,) (VP (VBD dropped) (EDITED (EDITED (RM (-DFL- \[)) (NP-UNF (DT the)) (, ,) (IP (-DFL- \+))) (NP-UNF (DT the)) (, ,)) (RS (-DFL- \])) (INTJ (UH uh)) (, ,) (NP (DT the) (NNS toothpicks)) (ADVP-TMP (-NONE- *T*-2)))))) (, ,) (-DFL- E_S))",124,204.57,217.45
sw00utt/sw_0084_2109.utt,2/sw2109,2109,83,b,A,46,1,{F Oh } yes. /,Oh/UH yes/UH ./.,(INTJ (INTJ (UH Oh)) (INTJ (UH yes)) (. .) (-DFL- E_S)),126,217.83,218.42999999999998
sw00utt/sw_0084_2109.utt,2/sw2109,2109,84,sd,B,47,1,{C and } he was able to count the number of toothpicks just by a mental image. /,and/CC  [ he/PRP ] was/VBD able/JJ to/TO count/VB  [ the/DT number/NN ] of/IN  [ toothpicks/NNS ] just/RB by/IN  [ a/DT mental/JJ image/NN ] ./.,(S (CC and) (NP-SBJ-1 (PRP he)) (VP (VBD was) (ADJP-PRD (JJ able) (S (NP-SBJ (-NONE- *-1)) (VP (TO to) (VP (VB count) (NP (NP (DT the) (NN number)) (PP (IN of) (NP (NNS toothpicks)))) (PP (ADVP (RB just)) (IN by) (NP (DT a) (JJ mental) (NN image)))))))) (. .) (-DFL- E_S)),128,218.19,221.75
sw00utt/sw_0084_2109.utt,2/sw2109,2109,85,b^r,A,48,1,"Yes,  /","Yes/UH ,/,","(INTJ (UH Yes) (, ,) (-DFL- E_S))",130,222.15,222.43
sw00utt/sw_0084_2109.utt,2/sw2109,2109,86,b^r,A,48,2,yes. /,yes/UH ./.,(INTJ (UH yes) (. .) (-DFL- E_S)),131,222.43,222.71
sw00utt/sw_0084_2109.utt,2/sw2109,2109,87,sv,B,49,1,Unbelievable. /,[ Unbelievable/JJ ] ./.,(ADJP (JJ Unbelievable) (. .) (-DFL- E_S)),133,222.43,223.21
sw00utt/sw_0084_2109.utt,2/sw2109,2109,88,sd,A,50,1,"{D Well, } {D you know } there are people, {F uh, } referred to as savants also,","Well/UH ,/,  [ you/PRP ] know/VBP  [ there/EX ] are/VBP  [ people/NNS ] ,/,  [ uh/UH ] ,/, referred/VBN to/IN as/IN  [ savants/NNS ] also/RB ,/,","(S (INTJ (UH Well)) (PRN (, ,) (S (NP-SBJ (PRP you)) (VP (VBP know)))) (NP-SBJ (EX there)) (VP (VBP are) (NP-PRD (NP (NNS people)) (, ,) (INTJ (UH uh)) (, ,) (VP (VBN referred) (PP (IN to) (NP (-NONE- *))) (PP (IN as) (NP (NNS savants))) (ADVP (RB also)) (, ,) (INTJ (UH uh))) (, ,) (SBAR (WHNP-1 (WP who)) (S (NP-SBJ (-NONE- *T*-1)) (VP (MD can) (VP (VB do) (NP (ADJP (RBS most) (JJ phenomenal)) (NNS things)))))))) (-DFL- E_S))",135,223.59,228.69
sw00utt/sw_0084_2109.utt,2/sw2109,2109,89,b,B,51,1,Yeah. /,Yeah/UH ./.,(INTJ (UH Yeah) (. .) (-DFL- E_S)),137,228.91,229.19
sw00utt/sw_0084_2109.utt,2/sw2109,2109,90,+,A,52,1,"{F uh, } who can do most phenomenal things  /","[ uh/UH ] ,/,  [ who/WP ] can/MD do/VB  [ most/RBS phenomenal/JJ things/NNS ]","(S (INTJ (UH Well)) (PRN (, ,) (S (NP-SBJ (PRP you)) (VP (VBP know)))) (NP-SBJ (EX there)) (VP (VBP are) (NP-PRD (NP (NNS people)) (, ,) (INTJ (UH uh)) (, ,) (VP (VBN referred) (PP (IN to) (NP (-NONE- *))) (PP (IN as) (NP (NNS savants))) (ADVP (RB also)) (, ,) (INTJ (UH uh))) (, ,) (SBAR (WHNP-1 (WP who)) (S (NP-SBJ (-NONE- *T*-1)) (VP (MD can) (VP (VB do) (NP (ADJP (RBS most) (JJ phenomenal)) (NNS things)))))))) (-DFL- E_S))",135,229.57,231.81
sw00utt/sw_0084_2109.utt,2/sw2109,2109,91,sd,A,52,2,{C and } everyone feels they are totally retarded. /,and/CC  [ everyone/NN ] feels/VBZ  [ they/PRP ] are/VBP totally/RB retarded/JJ ./.,(S (CC and) (NP-SBJ (NN everyone)) (VP (VBZ feels) (SBAR (-NONE- 0) (S (NP-SBJ (PRP they)) (VP (VBP are) (ADJP-PRD (RB totally) (JJ retarded)))))) (. .) (-DFL- E_S)),139,231.83,234.39
sw00utt/sw_0084_2109.utt,2/sw2109,2109,92,b,B,53,1,"Yeah,  /","[ Yeah/UH ] ,/,","(INTJ (UH Yeah) (, ,) (-DFL- E_S))",141,234.69,235.15
sw00utt/sw_0084_2109.utt,2/sw2109,2109,93,sd,B,53,2,"{D wel-, } {C because } that's the way [ they, + they ]  might seem outwardly, /","[ wel-/UH ] ,/, because/IN  [ that/DT ] 's/BES  [ the/DT way/NN ] [ they/PRP ] ,/,  [ they/PRP ] might/MD seem/VB outwardly/RB ,/,","(SBAR-PRP (INTJ-UNF (UH wel-)) (, ,) (IN because) (S (NP-SBJ (DT that)) (VP (BES 's) (NP-PRD (NP (DT the) (NN way)) (SBAR (WHADVP-1 (-NONE- 0)) (S (EDITED (RM (-DFL- \[)) (NP-SBJ (PRP they)) (, ,) (IP (-DFL- \+))) (NP-SBJ (PRP they)) (RS (-DFL- \])) (VP (MD might) (VP (VB seem) (ADVP (-NONE- *T*-1)) (ADVP (RB outwardly))))))))) (, ,) (-DFL- E_S))",142,235.15,238.33
sw00utt/sw_0084_2109.utt,2/sw2109,2109,94,aa,A,54,1,That's right. /,[ That/DT ] 's/BES right/JJ ./.,(S (NP-SBJ (DT That)) (VP (BES 's) (ADJP-PRD (JJ right))) (. .) (-DFL- E_S)),144,238.71,238.99
sw00utt/sw_0084_2109.utt,2/sw2109,2109,95,sv,B,55,1,"{C but, } boy there's a lots going on in there <laughter>. /","but/CC ,/,  [ boy/UH ] [ there/EX ] 's/BES  [ a/DT lots/NNS ] going/VBG on/RP in/IN there/RB ./.","(S (CC but) (, ,) (INTJ (UH boy)) (NP-SBJ (EX there)) (VP (BES 's) (NP-PRD (NP (DT a) (NNS lots)) (VP (VBG going) (PRT (RP on)) (PP-LOC (IN in) (ADVP (RB there)))))) (. .) (-DFL- E_S))",146,238.61,240.59
sw00utt/sw_0084_2109.utt,2/sw2109,2109,96,sv,A,56,1,It's amazing <laughter>. /,[ It/PRP ] 's/BES amazing/JJ ./.,(S (NP-SBJ (PRP It)) (VP (BES 's) (ADJP-PRD (JJ amazing))) (. .) (-DFL- E_S)),148,240.97,241.89
sw00utt/sw_0084_2109.utt,2/sw2109,2109,97,b,B,57,1,"Yeah,  /","Yeah/UH ,/,","(INTJ (UH Yeah) (, ,) (-DFL- E_S))",141,241.57,241.87
sw00utt/sw_0084_2109.utt,2/sw2109,2109,98,b^r,B,57,2,yeah  /,yeah/UH,(INTJ (UH yeah) (-DFL- E_S)),151,242.33,242.71
sw00utt/sw_0084_2109.utt,2/sw2109,2109,99,sv,B,57,3,"{C and } [ [ [ I, + the, ] + the, ] + I think ] [ the, + the ] best thing about RAINMAN was [ the, + {F uh, } the ] way that they put together [ the, + the ] real awfulness [ [ of the, + of the, ] + of the ] disease,","and/CC  [ I/PRP ] ,/,  [ the/DT ] ,/,  [ the/DT ] ,/,  [ I/PRP ] think/VBP  [ the/DT ] ,/,  [ the/DT best/JJS thing/NN ] about/IN  [ RAINMAN/NNP ] was/VBD  [ the/DT ] ,/,  [ uh/UH ] ,/,  [ the/DT way/NN ] that/IN  [ they/PRP ] put/VBP together/RB  [ the/DT ] ,/,  [ the/DT real/JJ awfulness/NN ] of/IN  [ the/DT ] ,/, of/IN  [ the/DT ] ,/, of/IN  [ the/DT disease/NN ] ,/,","(S (CC and) (EDITED (RM (-DFL- \[)) (EDITED (RM (-DFL- \[)) (EDITED (RM (-DFL- \[)) (NP-SBJ (PRP I)) (, ,) (IP (-DFL- \+))) (NP-UNF-SBJ (DT the)) (, ,) (RS (-DFL- \])) (IP (-DFL- \+))) (NP-SBJ-UNF (DT the)) (, ,) (RS (-DFL- \])) (IP (-DFL- \+))) (NP-SBJ (PRP I)) (VP (VBP think) (RS (-DFL- \])) (SBAR (-NONE- 0) (S (EDITED (RM (-DFL- \[)) (NP-UNF-SBJ (DT the)) (, ,) (IP (-DFL- \+))) (NP-SBJ (NP (DT the) (RS (-DFL- \])) (JJS best) (NN thing)) (PP (IN about) (NP-TTL (NNP RAINMAN)))) (VP (VBD was) (EDITED (RM (-DFL- \[)) (NP-PRD-UNF (DT the)) (, ,) (IP (-DFL- \+))) (INTJ (UH uh)) (, ,) (NP-PRD (NP (DT the) (RS (-DFL- \])) (NN way)) (SBAR (WHADVP-1 (IN that)) (S (NP-SBJ (PRP they)) (VP (VBP put) (ADVP (RB together)) (EDITED (RM (-DFL- \[)) (NP-UNF (DT the)) (, ,) (IP (-DFL- \+))) (NP (NP (DT the) (RS (-DFL- \])) (JJ real) (NN awfulness)) (EDITED (RM (-DFL- \[)) (EDITED (RM (-DFL- \[)) (PP (IN of) (NP-UNF (DT the))) (, ,) (IP (-DFL- \+))) (PP (IN of) (NP-UNF (DT the))) (, ,) (RS (-DFL- \])) (IP (-DFL- \+))) (PP (IN of) (NP (DT the) (RS (-DFL- \])) (NN disease)))) (, ,) (ADVP (RB only)) (ADVP-MNR (-NONE- *T*-1)))))))))) (, ,) (-DFL- E_S))",152,242.93,252.75
sw00utt/sw_0084_2109.utt,2/sw2109,2109,100,aa,A,58,1,Yes. /,Yes/UH ./.,(INTJ (UH Yes) (. .) (-DFL- E_S)),154,253.13,253.51
sw00utt/sw_0084_2109.utt,2/sw2109,2109,101,+,B,59,1,"only,  /","only/RB ,/,","(S (CC and) (EDITED (RM (-DFL- \[)) (EDITED (RM (-DFL- \[)) (EDITED (RM (-DFL- \[)) (NP-SBJ (PRP I)) (, ,) (IP (-DFL- \+))) (NP-UNF-SBJ (DT the)) (, ,) (RS (-DFL- \])) (IP (-DFL- \+))) (NP-SBJ-UNF (DT the)) (, ,) (RS (-DFL- \])) (IP (-DFL- \+))) (NP-SBJ (PRP I)) (VP (VBP think) (RS (-DFL- \])) (SBAR (-NONE- 0) (S (EDITED (RM (-DFL- \[)) (NP-UNF-SBJ (DT the)) (, ,) (IP (-DFL- \+))) (NP-SBJ (NP (DT the) (RS (-DFL- \])) (JJS best) (NN thing)) (PP (IN about) (NP-TTL (NNP RAINMAN)))) (VP (VBD was) (EDITED (RM (-DFL- \[)) (NP-PRD-UNF (DT the)) (, ,) (IP (-DFL- \+))) (INTJ (UH uh)) (, ,) (NP-PRD (NP (DT the) (RS (-DFL- \])) (NN way)) (SBAR (WHADVP-1 (IN that)) (S (NP-SBJ (PRP they)) (VP (VBP put) (ADVP (RB together)) (EDITED (RM (-DFL- \[)) (NP-UNF (DT the)) (, ,) (IP (-DFL- \+))) (NP (NP (DT the) (RS (-DFL- \])) (JJ real) (NN awfulness)) (EDITED (RM (-DFL- \[)) (EDITED (RM (-DFL- \[)) (PP (IN of) (NP-UNF (DT the))) (, ,) (IP (-DFL- \+))) (PP (IN of) (NP-UNF (DT the))) (, ,) (RS (-DFL- \])) (IP (-DFL- \+))) (PP (IN of) (NP (DT the) (RS (-DFL- \])) (NN disease)))) (, ,) (ADVP (RB only)) (ADVP-MNR (-NONE- *T*-1)))))))))) (, ,) (-DFL- E_S))",152,253.83,254.37
sw00utt/sw_0084_2109.utt,2/sw2109,2109,102,sv,B,59,2,"[ {C an, } + {C and then } ] they balanced it with the wonderfulness of it, {D you know, }  /","[ an/DT ] ,/, and/CC then/RB  [ they/PRP ] balanced/VBD  [ it/PRP ] with/IN  [ the/DT wonderfulness/NN ] of/IN  [ it/PRP ] ,/,  [ you/PRP ] know/VBP ,/,","(S (EDITED (RM (-DFL- \[)) (DT an) (, ,) (IP (-DFL- \+))) (CONJP (CC and) (RB then)) (RS (-DFL- \])) (NP-SBJ (PRP they)) (VP (VBD balanced) (NP (PRP it)) (PP (IN with) (NP (NP (DT the) (NN wonderfulness)) (PP (IN of) (NP (PRP it))))) (PRN (, ,) (S (NP-SBJ (PRP you)) (VP (VBP know))))) (, ,) (-DFL- E_S))",156,254.89,258.43
sw00utt/sw_0084_2109.utt,2/sw2109,2109,103,sv,B,59,3,"[ [ {C and, } + {C and, } ] + {C and } ] you need [ to, + to ] work with it, {F uh, } {D you know, } certainly [ on, + on ] a daily basis but [ then ag-, + then again ] work with it toward a good end.","and/CC ,/, and/CC ,/, and/CC  [ you/PRP ] need/VBP to/TO ,/, to/TO work/VB with/IN  [ it/PRP ] ,/,  [ uh/UH ] ,/,  [ you/PRP ] know/VBP ,/, certainly/RB on/IN ,/, on/IN  [ a/DT daily/JJ basis/NN ] but/CC then/RB  [ ag-/RB ] ,/, then/RB again/RB work/VBP with/IN  [ it/PRP ] toward/IN  [ a/DT good/JJ end/NN ] ./.","(S (EDITED (RM (-DFL- \[)) (EDITED (RM (-DFL- \[)) (CC and) (, ,) (IP (-DFL- \+))) (CC and) (, ,) (RS (-DFL- \])) (IP (-DFL- \+))) (CC and) (RS (-DFL- \])) (NP-SBJ-1 (PRP you)) (VP (VBP need) (S (NP-SBJ (-NONE- *-1)) (EDITED (RM (-DFL- \[)) (VP-UNF (TO to)) (, ,) (IP (-DFL- \+))) (VP (TO to) (RS (-DFL- \])) (VP (VP (VB work) (PP (IN with) (NP (PRP it))) (, ,) (INTJ (UH uh)) (PRN (, ,) (S (NP-SBJ (PRP you)) (VP (VBP know))) (, ,)) (ADVP (RB certainly)) (EDITED (RM (-DFL- \[)) (PP-TMP-UNF (IN on)) (, ,) (IP (-DFL- \+))) (PP-TMP (IN on) (RS (-DFL- \])) (NP (DT a) (JJ daily) (NN basis)))) (CC but) (EDITED (RM (-DFL- \[)) (ADVP-UNF (RB then) (RB ag-)) (, ,) (IP (-DFL- \+))) (ADVP (RB then) (RB again)) (VP (RS (-DFL- \])) (VBP work) (PP (IN with) (NP (PRP it))) (PP (PP (IN toward) (NP (DT a) (JJ good) (NN end))) (. .) (EDITED (RM (-DFL- \[)) (RB Not) (, ,) (IP (-DFL- \+))) (RB not) (RS (-DFL- \])) (PP (IN toward) (S-NOM (NP-SBJ (-NONE- *)) (VP (NN winning) (PP-LOC (IN in) (NP (NNP Las) (NNP Vegas))) (, ,) (PP (IN for) (NP (NN example)))))))))))) (. .) (-DFL- E_S))",157,258.43,266.53000000000003
sw00utt/sw_0084_2109.utt,2/sw2109,2109,104,aa,A,60,1,Yes  /,Yes/UH,(INTJ (UH Yes) (-DFL- E_S)),159,266.91,267.13000000000005
sw00utt/sw_0084_2109.utt,2/sw2109,2109,105,%,A,60,2,"{C and } the, -/","and/CC  [ the/DT ] ,/,","(S-UNF (CC and) (NP-SBJ-UNF (DT the)) (, ,) (-DFL- N_S))",160,267.13,267.77
sw00utt/sw_0084_2109.utt,2/sw2109,2109,106,+,B,61,1,"[ Not, + not ] toward winning in Las Vegas, for example. /","Not/RB ,/, not/RB toward/IN winning/NN in/IN  [ Las/NNP Vegas/NNP ] ,/, for/IN  [ example/NN ] ./.","(S (EDITED (RM (-DFL- \[)) (EDITED (RM (-DFL- \[)) (CC and) (, ,) (IP (-DFL- \+))) (CC and) (, ,) (RS (-DFL- \])) (IP (-DFL- \+))) (CC and) (RS (-DFL- \])) (NP-SBJ-1 (PRP you)) (VP (VBP need) (S (NP-SBJ (-NONE- *-1)) (EDITED (RM (-DFL- \[)) (VP-UNF (TO to)) (, ,) (IP (-DFL- \+))) (VP (TO to) (RS (-DFL- \])) (VP (VP (VB work) (PP (IN with) (NP (PRP it))) (, ,) (INTJ (UH uh)) (PRN (, ,) (S (NP-SBJ (PRP you)) (VP (VBP know))) (, ,)) (ADVP (RB certainly)) (EDITED (RM (-DFL- \[)) (PP-TMP-UNF (IN on)) (, ,) (IP (-DFL- \+))) (PP-TMP (IN on) (RS (-DFL- \])) (NP (DT a) (JJ daily) (NN basis)))) (CC but) (EDITED (RM (-DFL- \[)) (ADVP-UNF (RB then) (RB ag-)) (, ,) (IP (-DFL- \+))) (ADVP (RB then) (RB again)) (VP (RS (-DFL- \])) (VBP work) (PP (IN with) (NP (PRP it))) (PP (PP (IN toward) (NP (DT a) (JJ good) (NN end))) (. .) (EDITED (RM (-DFL- \[)) (RB Not) (, ,) (IP (-DFL- \+))) (RB not) (RS (-DFL- \])) (PP (IN toward) (S-NOM (NP-SBJ (-NONE- *)) (VP (NN winning) (PP-LOC (IN in) (NP (NNP Las) (NNP Vegas))) (, ,) (PP (IN for) (NP (NN example)))))))))))) (. .) (-DFL- E_S))",157,267.39,270.23
sw00utt/sw_0084_2109.utt,2/sw2109,2109,107,b,A,62,1,"Right,  /","Right/UH ,/,","(INTJ (UH Right) (, ,) (-DFL- E_S))",163,270.61,270.95
sw00utt/sw_0084_2109.utt,2/sw2109,2109,108,sd,A,62,2,{D well } the warmth that developed between them  /,well/UH  [ the/DT warmth/NN ] [ that/WDT ] developed/VBD between/IN  [ them/PRP ],(FRAG (INTJ (UH well)) (NP (NP (DT the) (NN warmth)) (SBAR (WHNP-1 (WDT that)) (S (NP-SBJ (-NONE- *T*-1)) (VP (VBD developed) (PP (IN between) (NP (PRP them))))))) (-DFL- E_S)),164,271.13,273.53000000000003
sw00utt/sw_0084_2109.utt,2/sw2109,2109,109,sv,A,62,3,"{C and } again it, I think was a picture of relationships. /","and/CC again/RB  [ it/PRP ] ,/,  [ I/PRP ] think/VBP was/VBD  [ a/DT picture/NN ] of/IN  [ relationships/NNS ] ./.","(S-1 (ADVP (CC and)) (ADVP (RB again)) (NP-SBJ (PRP it)) (PRN (, ,) (S (NP-SBJ (PRP I)) (VP (VBP think) (SBAR (-NONE- 0) (S (-NONE- *T*-1)))))) (VP (VBD was) (NP-PRD (NP (DT a) (NN picture)) (PP (IN of) (NP (NNS relationships))))) (. .) (-DFL- E_S))",165,273.53,277.16999999999996
sw00utt/sw_0084_2109.utt,2/sw2109,2109,110,b,B,63,1,Yeah. /,Yeah/UH ./.,(INTJ (UH Yeah) (. .) (-DFL- E_S)),137,277.27,277.43
sw00utt/sw_0084_2109.utt,2/sw2109,2109,111,sv,A,64,1,"Again the relationship, {F uh, } between the two, {F uh, } that, {F uh, } never would have occurred, {F uh, } by accident. /","Again/RB  [ the/DT relationship/NN ] ,/,  [ uh/UH ] ,/, between/IN  [ the/DT two/CD ] ,/,  [ uh/UH ] ,/, that/WDT ,/,  [ uh/UH ] ,/, never/RB would/MD have/VB occurred/VBN ,/,  [ uh/UH ] ,/, by/IN  [ accident/NN ] ./.","(S (ADVP (RB Again)) (NP-TPC (NP (DT the) (NN relationship)) (, ,) (INTJ (UH uh)) (, ,) (PP (IN between) (NP (DT the) (CD two)))) (, ,) (INTJ (UH uh)) (, ,) (NP-SBJ (WDT that)) (, ,) (INTJ (UH uh)) (, ,) (ADVP-TMP (RB never)) (VP (MD would) (VP (VB have) (VP (VBN occurred) (, ,) (INTJ (UH uh)) (, ,) (PP (IN by) (NP (NN accident)))))) (. .) (-DFL- E_S))",169,277.85,286.77
sw00utt/sw_0084_2109.utt,2/sw2109,2109,112,aa,B,65,1,"Right,  /","Right/UH ,/,","(INTJ (UH Right) (, ,) (-DFL- E_S))",163,287.27,287.69
sw00utt/sw_0084_2109.utt,2/sw2109,2109,113,aa^r,B,65,2,right.  /,right/UH ./.,(INTJ (UH right) (. .) (-DFL- E_S)),172,287.87,288.17
sw00utt/sw_0084_2109.utt,2/sw2109,2109,114,sd,B,65,3,"[ I was, + {F uh, } I was ] so impressed with that movie  /","[ I/PRP ] was/VBD ,/,  [ uh/UH ] ,/,  [ I/PRP ] was/VBD so/RB impressed/JJ with/IN  [ that/DT movie/NN ]","(S (EDITED (RM (-DFL- \[)) (S (NP-SBJ (PRP I)) (VP-UNF (VBD was))) (, ,) (IP (-DFL- \+))) (INTJ (UH uh)) (, ,) (NP-SBJ (PRP I)) (VP (VBD was) (RS (-DFL- \])) (ADJP-PRD (RB so) (JJ impressed) (PP (IN with) (NP (DT that) (NN movie))))) (-DFL- E_S))",173,288.19,290.43
sw00utt/sw_0084_2109.utt,2/sw2109,2109,115,sd,B,65,4,I saw it three times. /,[ I/PRP ] saw/VBD  [ it/PRP ] [ three/CD times/NNS ] ./.,(S (NP-SBJ (PRP I)) (VP (VBD saw) (NP (PRP it)) (NP-TMP (CD three) (NNS times))) (. .) (-DFL- E_S)),174,290.45,291.81
sw00utt/sw_0084_2109.utt,2/sw2109,2109,116,bh,A,66,1,Did you. /,Did/VBD  [ you/PRP ] ./.,(SQ (VBD Did) (NP-SBJ (PRP you)) (. .) (-DFL- E_S)),176,292.41,292.79
sw00utt/sw_0084_2109.utt,2/sw2109,2109,117,sd,B,67,1,"[ I can, + I can ] [ se-, + tell ] you, {F oh, } so much about that movie, just because [ it, + it ] really [ rang, + {F uh, } rang ] a lot of [ my, + {F uh, } my ] personal background.  /","[ I/PRP ] can/MD ,/,  [ I/PRP ] can/MD se-/XX ,/, tell/VB  [ you/PRP ] ,/, oh/UH ,/, so/RB much/RB about/IN  [ that/DT movie/NN ] ,/, just/RB because/IN  [ it/PRP ] ,/,  [ it/PRP ] really/RB rang/VBD ,/,  [ uh/UH ] ,/, rang/VBD  [ a/DT lot/NN ] of/IN  [ my/PRP$ ] ,/,  [ uh/UH ] ,/,  [ my/PRP$ personal/JJ background/NN ] ./.","(S (EDITED (RM (-DFL- \[)) (S (NP-SBJ (PRP I)) (VP-UNF (MD can))) (, ,) (IP (-DFL- \+))) (NP-SBJ (PRP I)) (VP (MD can) (RS (-DFL- \])) (EDITED (RM (-DFL- \[)) (X (XX se-)) (, ,) (IP (-DFL- \+))) (VP (VB tell) (RS (-DFL- \])) (NP (PRP you)) (, ,) (INTJ (UH oh)) (, ,) (NP (NP (RB so) (RB much)) (PP (IN about) (NP (DT that) (NN movie)))) (, ,) (SBAR-PRP (ADVP (RB just)) (IN because) (S (EDITED (RM (-DFL- \[)) (NP-SBJ (PRP it)) (, ,) (IP (-DFL- \+))) (NP-SBJ (PRP it)) (RS (-DFL- \])) (ADVP (RB really)) (EDITED (RM (-DFL- \[)) (VP-UNF (VBD rang)) (, ,) (IP (-DFL- \+))) (INTJ (UH uh)) (, ,) (VP (VBD rang) (RS (-DFL- \])) (NP (NP (DT a) (NN lot)) (PP (IN of) (EDITED (RM (-DFL- \[)) (NP-UNF (PRP$ my)) (, ,) (IP (-DFL- \+))) (INTJ (UH uh)) (, ,) (NP (PRP$ my) (RS (-DFL- \])) (JJ personal) (NN background))))))))) (. .) (-DFL- E_S))",178,292.47,301.31
sw00utt/sw_0084_2109.utt,2/sw2109,2109,118,sd,B,67,2,"[ I, + I ] have [ a, + a ] brother myself [ that's, + that's ] older  /","[ I/PRP ] ,/,  [ I/PRP ] have/VBP  [ a/DT ] ,/,  [ a/DT brother/NN ] [ myself/PRP ] [ that/WDT ] 's/BES ,/,  [ that/WDT ] 's/BES older/JJR","(S (EDITED (RM (-DFL- \[)) (NP-SBJ (PRP I)) (, ,) (IP (-DFL- \+))) (NP-SBJ (PRP I)) (RS (-DFL- \])) (VP (VBP have) (EDITED (RM (-DFL- \[)) (NP-UNF (DT a)) (, ,) (IP (-DFL- \+))) (NP (NP (DT a) (RS (-DFL- \])) (NN brother)) (SBAR (-NONE- *ICH*-1))) (NP-ADV (PRP myself)) (SBAR-1 (EDITED (RM (-DFL- \[)) (SBAR (WHNP-3 (WDT that)) (S (NP-SBJ (-NONE- *T*-3)) (VP-UNF (BES 's)))) (, ,) (IP (-DFL- \+))) (WHNP-2 (WDT that)) (S (NP-SBJ (-NONE- *T*-2)) (VP (BES 's) (RS (-DFL- \])) (ADJP-PRD (JJR older)))))) (-DFL- E_S))",179,301.95,305.25
sw00utt/sw_0084_2109.utt,2/sw2109,2109,119,sd,B,67,3,"{C and, } {F uh, } he's not, {D you know, } - /","and/CC ,/,  [ uh/UH ] ,/,  [ he/PRP ] 's/BES not/RB ,/,  [ you/PRP ] know/VBP ,/,","(S (CC and) (, ,) (INTJ (UH uh)) (, ,) (NP-SBJ (PRP he)) (VP-UNF (BES 's) (RB not) (PRN (, ,) (S (NP-SBJ (PRP you)) (VP (VBP know))))) (, ,) (-DFL- N_S))",180,305.57,307.51000000000005
sw00utt/sw_0084_2109.utt,2/sw2109,2109,120,sd,B,67,4,"[ nothing, + nothing, ] of course, serious is wrong with him  /","[ nothing/NN ] ,/,  [ nothing/NN ] ,/, of/IN  [ course/NN ] ,/,  [ serious/RB ] is/VBZ wrong/JJ with/IN  [ him/PRP ]","(S (EDITED (RM (-DFL- \[)) (NP-UNF-SBJ (NN nothing)) (, ,) (IP (-DFL- \+))) (NP-SBJ (NP (NN nothing)) (, ,) (RS (-DFL- \])) (PRN (PP (IN of) (NP (NN course))) (, ,)) (ADJP (RB serious))) (VP (VBZ is) (ADJP-PRD (JJ wrong) (PP (IN with) (NP (PRP him))))) (-DFL- E_S))",181,307.51,310.19
sw00utt/sw_0084_2109.utt,2/sw2109,2109,121,sd,B,67,5,"[ {C but, } + {F uh, } {C but } ] we have gone through [ these, + these ] lapses [ of, + of ] a relationship,","but/CC ,/,  [ uh/UH ] ,/, but/CC  [ we/PRP ] have/VBP gone/VBN through/IN  [ these/DT ] ,/,  [ these/DT lapses/NNS ] of/IN ,/, of/IN  [ a/DT relationship/NN ] ,/,","(S (EDITED (RM (-DFL- \[)) (CC but) (, ,) (IP (-DFL- \+))) (INTJ (UH uh)) (, ,) (CC but) (RS (-DFL- \])) (NP-SBJ (PRP we)) (VP (VBP have) (VP (VBN gone) (PP (IN through) (EDITED (RM (-DFL- \[)) (NP-UNF (DT these)) (, ,) (IP (-DFL- \+))) (NP (NP (DT these) (RS (-DFL- \])) (NNS lapses)) (EDITED (RM (-DFL- \[)) (PP-UNF (IN of)) (, ,) (IP (-DFL- \+))) (PP (IN of) (RS (-DFL- \])) (NP (DT a) (NN relationship))))) (, ,) (EDITED (RM (-DFL- \[)) (ADVP (RB somewhat)) (, ,) (IP (-DFL- \+))) (ADVP-TMP (RB sometimes)))) (, ,) (RS (-DFL- \])) (-DFL- E_S))",182,310.25,315.31
sw00utt/sw_0084_2109.utt,2/sw2109,2109,122,b,A,68,1,Yes. /,Yes/UH ./.,(INTJ (UH Yes) (. .) (-DFL- E_S)),154,315.69,315.75
sw00utt/sw_0084_2109.utt,2/sw2109,2109,123,+,B,69,1,"[ somewhat, + sometimes, ]  /","somewhat/RB ,/, sometimes/RB ,/,","(S (EDITED (RM (-DFL- \[)) (CC but) (, ,) (IP (-DFL- \+))) (INTJ (UH uh)) (, ,) (CC but) (RS (-DFL- \])) (NP-SBJ (PRP we)) (VP (VBP have) (VP (VBN gone) (PP (IN through) (EDITED (RM (-DFL- \[)) (NP-UNF (DT these)) (, ,) (IP (-DFL- \+))) (NP (NP (DT these) (RS (-DFL- \])) (NNS lapses)) (EDITED (RM (-DFL- \[)) (PP-UNF (IN of)) (, ,) (IP (-DFL- \+))) (PP (IN of) (RS (-DFL- \])) (NP (DT a) (NN relationship))))) (, ,) (EDITED (RM (-DFL- \[)) (ADVP (RB somewhat)) (, ,) (IP (-DFL- \+))) (ADVP-TMP (RB sometimes)))) (, ,) (RS (-DFL- \])) (-DFL- E_S))",182,315.37,316.49
sw00utt/sw_0084_2109.utt,2/sw2109,2109,124,sd,B,69,2,"{C and then, } {D you know, } {F uh, } [ [ for, + for, ] + for ] no real, {D you know, } direct reason, I guess, {F uh, } [ we, + we ] get into, {F uh, } {F uh, } a really good relationship for a while and then, {D you know, } back and forth  /","and/CC then/RB ,/,  [ you/PRP ] know/VBP ,/,  [ uh/UH ] ,/, for/IN ,/, for/IN ,/, for/IN  [ no/DT real/JJ ] ,/,  [ you/PRP ] know/VBP ,/,  [ direct/JJ reason/NN ] ,/,  [ I/PRP ] guess/VBP ,/, uh/UH ,/,  [ we/PRP ] ,/,  [ we/PRP ] get/VBP into/IN ,/,  [ uh/UH ] ,/,  [ uh/UH ] ,/,  [ a/DT ] really/RB  [ good/JJ relationship/NN ] for/IN  [ a/DT while/NN ] and/CC then/RB ,/,  [ you/PRP ] know/VBP ,/, back/RB and/CC forth/RB","(S-1 (CONJP (CC and) (RB then)) (PRN (, ,) (S (NP-SBJ (PRP you)) (VP (VBP know))) (, ,)) (INTJ (UH uh)) (, ,) (EDITED (RM (-DFL- \[)) (EDITED (RM (-DFL- \[)) (PP-UNF (IN for)) (, ,) (IP (-DFL- \+))) (PP-UNF (IN for)) (, ,) (RS (-DFL- \])) (IP (-DFL- \+))) (PP-TPC (IN for) (RS (-DFL- \])) (NP (DT no) (ADJP (JJ real) (PRN (, ,) (S (NP-SBJ (PRP you)) (VP (VBP know))) (, ,)) (JJ direct)) (NN reason))) (PRN (, ,) (S (NP-SBJ (PRP I)) (VP (VBP guess) (SBAR (-NONE- 0) (S (-NONE- *T*-1))))) (, ,)) (INTJ (UH uh)) (, ,) (EDITED (RM (-DFL- \[)) (NP-SBJ (PRP we)) (, ,) (IP (-DFL- \+))) (NP-SBJ (PRP we)) (RS (-DFL- \])) (VP (VBP get) (PP (IN into) (, ,) (INTJ (UH uh)) (, ,) (INTJ (UH uh)) (, ,) (NP (DT a) (ADJP (RB really) (JJ good)) (NN relationship))) (PP-TMP (IN for) (NP (DT a) (NN while))) (NAC (CONJP (CC and) (RB then)) (PRN (, ,) (S (NP-SBJ (PRP you)) (VP (VBP know))) (, ,)) (ADVP (RB back) (CC and) (RB forth)))) (-DFL- E_S))",186,316.91,328.95000000000005
sw00utt/sw_0084_2109.utt,2/sw2109,2109,125,sd,B,69,3,"{C so } [ I, + I ] was really able [ to, + to ] relate to [ the, + the ] relationship aspect of the movie between the brothers.  /","so/RB  [ I/PRP ] ,/,  [ I/PRP ] was/VBD really/RB able/JJ to/TO ,/, to/TO relate/VB to/IN  [ the/DT ] ,/,  [ the/DT relationship/NN aspect/NN ] of/IN  [ the/DT movie/NN ] between/IN  [ the/DT brothers/NNS ] ./.","(S (RB so) (EDITED (RM (-DFL- \[)) (NP-SBJ (PRP I)) (, ,) (IP (-DFL- \+))) (NP-SBJ-1 (PRP I)) (RS (-DFL- \])) (VP (VBD was) (ADVP (RB really)) (ADJP-PRD (JJ able) (S (NP-SBJ (-NONE- *-1)) (EDITED (RM (-DFL- \[)) (VP-UNF (TO to)) (, ,) (IP (-DFL- \+))) (VP (TO to) (RS (-DFL- \])) (VP (VB relate) (PP (IN to) (EDITED (RM (-DFL- \[)) (NP-UNF (DT the)) (, ,) (IP (-DFL- \+))) (NP (NP (DT the) (RS (-DFL- \])) (NN relationship) (NN aspect)) (PP (IN of) (NP (DT the) (NN movie))) (PP (IN between) (NP (DT the) (NNS brothers)))))))))) (. .) (-DFL- E_S))",187,328.95,334.67
sw00utt/sw_0084_2109.utt,2/sw2109,2109,126,sv,B,69,4,That was neat. /,[ That/DT ] was/VBD neat/JJ ./.,(S (NP-SBJ (DT That)) (VP (VBD was) (ADJP-PRD (JJ neat))) (. .) (-DFL- E_S)),188,335.07,335.67
sw00utt/sw_0084_2109.utt,2/sw2109,2109,127,b,A,70,1,Uh-huh.  /,[ Uh-huh/UH ] ./.,(INTJ (UH Uh-huh) (. .) (-DFL- E_S)),190,336.05,336.35
sw00utt/sw_0084_2109.utt,2/sw2109,2109,128,ba,A,70,2,"{D Well } that's tremendous,  /","Well/UH  [ that/DT ] 's/BES tremendous/JJ ,/,","(S (INTJ (UH Well)) (NP-SBJ (DT that)) (VP (BES 's) (ADJP-PRD (JJ tremendous))) (, ,) (-DFL- E_S))",191,336.51,337.41
sw00utt/sw_0084_2109.utt,2/sw2109,2109,129,sv,A,70,3,"[ that, + it's ] good because it does make you think, about your own family. /","that/DT ,/,  [ it/PRP ] 's/BES good/JJ because/IN  [ it/PRP ] does/VBZ make/VB  [ you/PRP ] think/VB ,/, about/IN  [ your/PRP$ own/JJ family/NN ] ./.","(S (EDITED (RM (-DFL- \[)) (NP-SBJ (DT that)) (, ,) (IP (-DFL- \+))) (NP-SBJ (PRP it)) (VP (BES 's) (RS (-DFL- \])) (ADJP-PRD (JJ good)) (SBAR-PRP (IN because) (S (NP-SBJ (PRP it)) (VP (VBZ does) (VP (VB make) (S (NP-SBJ (PRP you)) (VP (VB think) (, ,) (PP (IN about) (NP (PRP$ your) (JJ own) (NN family)))))))))) (. .) (-DFL- E_S))",192,337.93,342.31
sw00utt/sw_0084_2109.utt,2/sw2109,2109,130,aa,B,71,1,"Yeah,  /","Yeah/UH ,/,","(INTJ (UH Yeah) (, ,) (-DFL- E_S))",194,342.29,342.49
sw00utt/sw_0084_2109.utt,2/sw2109,2109,131,sd,B,71,2,a lot. /,[ a/DT lot/NN ] ./.,(NP (DT a) (NN lot) (. .) (-DFL- E_S)),195,342.49,342.65
sw00utt/sw_0084_2109.utt,2/sw2109,2109,132,sd,A,72,1,{C And } {D see } it did bring out a lot of thoughts between you and your brother. /,And/CC see/UH  [ it/PRP ] did/VBD bring/VB out/RP  [ a/DT lot/NN ] of/IN  [ thoughts/NNS ] between/IN  [ you/PRP ] and/CC  [ your/PRP$ brother/NN ] ./.,(S (CC And) (INTJ (UH see)) (NP-SBJ (PRP it)) (VP (VBD did) (VP (VB bring) (PRT (RP out)) (NP (NP (DT a) (NN lot)) (PP (IN of) (NP (NNS thoughts)))) (PP (IN between) (NP (NP (PRP you)) (CC and) (NP (PRP$ your) (NN brother)))))) (. .) (-DFL- E_S)),197,343.23,346.31
sw00utt/sw_0084_2109.utt,2/sw2109,2109,133,aa,B,73,1,Uh-huh.  /,[ Uh-huh/UH ] ./.,(INTJ (UH Uh-huh) (. .) (-DFL- E_S)),190,346.41,346.59000000000003
sw00utt/sw_0084_2109.utt,2/sw2109,2109,134,aa,B,73,2,"No question,  /","[ No/DT question/NN ] ,/,","(NP (DT No) (NN question) (, ,) (-DFL- E_S))",200,347.07,347.77
sw00utt/sw_0084_2109.utt,2/sw2109,2109,135,sd,B,73,3,"[ [ [ he, + the, ] + he was, ] + he's ] one of these guys though that doesn't really like to go see movies like that.  /","[ he/PRP ] ,/,  [ the/DT ] ,/,  [ he/PRP ] was/VBD ,/,  [ he/PRP ] 's/BES  [ one/CD ] of/IN  [ these/DT guys/NNS ] though/RB  [ that/WDT ] does/VBZ n't/RB really/RB like/VB to/TO go/VB see/VB  [ movies/NNS ] like/IN  [ that/DT ] ./.","(S (EDITED (RM (-DFL- \[)) (EDITED (RM (-DFL- \[)) (EDITED (RM (-DFL- \[)) (NP-SBJ (PRP he)) (, ,) (IP (-DFL- \+))) (NP-SBJ-UNF (DT the)) (, ,) (RS (-DFL- \])) (IP (-DFL- \+))) (S (NP-SBJ (PRP he)) (VP-UNF (VBD was))) (, ,) (RS (-DFL- \])) (IP (-DFL- \+))) (NP-SBJ (PRP he)) (VP (BES 's) (RS (-DFL- \])) (NP-PRD (NP (CD one)) (PP (IN of) (NP (NP (DT these) (NNS guys)) (SBAR (-NONE- *ICH*-4))))) (ADVP (RB though)) (SBAR-4 (WHNP-1 (WDT that)) (S (NP-SBJ-2 (-NONE- *T*-1)) (VP (VBZ does) (RB n't) (ADVP (RB really)) (VP (VB like) (S (NP-SBJ-3 (-NONE- *-2)) (VP (TO to) (VP (VB go) (S (NP-SBJ (-NONE- *-3)) (VP (VB see) (NP (NP (NNS movies)) (PP (IN like) (NP (DT that)))))))))))))) (. .) (-DFL- E_S))",201,347.77,351.95000000000005
sw00utt/sw_0084_2109.utt,2/sw2109,2109,136,sd,B,73,4,He likes the bang them up and shoot them up things. /,[ He/PRP ] likes/VBZ  [ the/DT ] bang/VB [ them/PRP ] up/RP and/CC shoot/VB  [ them/PRP ] up/RP  [ things/NNS ] ./.,(S (NP-SBJ (PRP He)) (VP (VBZ likes) (NP (DT the) (S (NP-SBJ (-NONE- *)) (VP (VP (VB bang) (NP (PRP them)) (PRT (RP up))) (CC and) (VP (VB shoot) (NP (PRP them)) (PRT (RP up))))) (NNS things))) (. .) (-DFL- E_S)),202,351.95,353.77
sw00utt/sw_0084_2109.utt,2/sw2109,2109,137,b,A,74,1,Uh-huh <laughter>. /,[ Uh-huh/UH ] ./.,(INTJ (UH Uh-huh) (. .) (-DFL- E_S)),190,354.27,354.63
sw00utt/sw_0084_2109.utt,2/sw2109,2109,138,sd,B,75,1,"[ {C And, } + {C and, } ] {F uh, } [ it, + it ] was like pulling teeth to go get him [ to, + to ] see it  /","And/CC ,/, and/CC ,/,  [ uh/UH ] ,/,  [ it/PRP ] ,/,  [ it/PRP ] was/VBD like/IN pulling/VBG  [ teeth/NNS ] to/TO go/VB get/VB  [ him/PRP ] to/TO ,/, to/TO see/VB  [ it/PRP ]","(S (EDITED (RM (-DFL- \[)) (CC And) (, ,) (IP (-DFL- \+))) (CC and) (, ,) (RS (-DFL- \])) (INTJ (UH uh)) (, ,) (EDITED (RM (-DFL- \[)) (NP-SBJ (PRP it)) (, ,) (IP (-DFL- \+))) (NP-SBJ (NP (PRP it)) (S (-NONE- *EXP*-1))) (RS (-DFL- \])) (VP (VBD was) (PP-PRD (IN like) (S-NOM (NP-SBJ (-NONE- *)) (VP (VBG pulling) (NP (NNS teeth))))) (S-1 (NP-SBJ-3 (-NONE- *)) (VP (TO to) (VP (VB go) (S (NP-SBJ (-NONE- *-3)) (VP (VB get) (S (NP-SBJ (PRP him)) (EDITED (RM (-DFL- \[)) (VP-UNF (TO to)) (, ,) (IP (-DFL- \+))) (VP (TO to) (RS (-DFL- \])) (VP (VB see) (NP (PRP it))))))))))) (-DFL- E_S))",206,354.55,359.25
sw00utt/sw_0084_2109.utt,2/sw2109,2109,139,sd,B,75,2,"{C but, } {F uh, } {F oh } boy.  [ [ He was, + {F uh, } {F uh, } he, ] + he gave ] [ the, + the ] best response that I've heard him give of this type of movie for RAIN MAN.  /","but/CC ,/,  [ uh/UH ] ,/, oh/UH  [ boy/UH ] ./.  [ He/PRP ] was/VBD ,/,  [ uh/UH ] ,/,  [ uh/UH ] ,/,  [ he/PRP ] ,/,  [ he/PRP ] gave/VBD  [ the/DT ] ,/,  [ the/DT best/JJS response/NN ] that/WDT  [ I/PRP ] 've/VBP heard/VBN  [ him/PRP ] give/VB of/IN  [ this/DT type/NN ] of/IN  [ movie/NN ] for/IN  [ RAIN/NN MAN/NN ] ./.","(S (CC but) (, ,) (INTJ (UH uh)) (, ,) (INTJ (UH oh)) (INTJ (UH boy)) (. .) (EDITED (RM (-DFL- \[)) (EDITED (RM (-DFL- \[)) (S (NP-SBJ (PRP He)) (VP-UNF (VBD was))) (, ,) (IP (-DFL- \+))) (INTJ (UH uh)) (, ,) (INTJ (UH uh)) (, ,) (NP-SBJ (PRP he)) (, ,) (RS (-DFL- \])) (IP (-DFL- \+))) (NP-SBJ (PRP he)) (VP (VBD gave) (RS (-DFL- \])) (EDITED (RM (-DFL- \[)) (NP-UNF (DT the)) (, ,) (IP (-DFL- \+))) (NP (NP (DT the) (RS (-DFL- \])) (JJS best) (NN response)) (SBAR (WHNP-1 (WDT that)) (S (NP-SBJ (PRP I)) (VP (VBP 've) (VP (VBN heard) (S (NP-SBJ (PRP him)) (VP (VB give) (NP (-NONE- *T*-1)) (PP (IN of) (NP (NP (DT this) (NN type)) (PP (IN of) (NP (NN movie)))))))))))) (PP (IN for) (NP-TTL (NN RAIN) (NN MAN)))) (. .) (-DFL- E_S))",207,359.25,366.95
sw00utt/sw_0084_2109.utt,2/sw2109,2109,140,sd,B,75,3,"{E I mean } he certainly didn't, - /","[ I/PRP ] mean/VBP  [ he/PRP ] certainly/RB did/VBD n't/RB ,/,","(S (PRN (S (NP-SBJ (PRP I)) (VP (VBP mean)))) (NP-SBJ (PRP he)) (ADVP (RB certainly)) (VP-UNF (VBD did) (RB n't)) (, ,) (-DFL- N_S))",208,367.23,369.09
sw00utt/sw_0084_2109.utt,2/sw2109,2109,141,sd,B,75,4,"he only saw it one time,  /","[ he/PRP ] only/RB saw/VBD  [ it/PRP ] [ one/CD time/NN ] ,/,","(S (NP-SBJ (PRP he)) (ADVP (RB only)) (VP (VBD saw) (NP (PRP it)) (NP-TMP (CD one) (NN time))) (, ,) (-DFL- E_S))",209,369.09,370.31
sw00utt/sw_0084_2109.utt,2/sw2109,2109,142,sd,B,75,5,"{C and } he didn't go back for more,  /","and/CC  [ he/PRP ] did/VBD n't/RB go/VB back/RB for/IN  [ more/JJR ] ,/,","(S (CC and) (NP-SBJ (PRP he)) (VP (VBD did) (RB n't) (VP (VB go) (ADVP (RB back)) (PP (IN for) (NP (JJR more))))) (, ,) (-DFL- E_S))",210,370.31,371.55
sw00utt/sw_0084_2109.utt,2/sw2109,2109,143,sd,B,75,6,"{C but, } {F uh, } [ he, + he ] said he enjoyed it  /","but/CC ,/,  [ uh/UH ] ,/,  [ he/PRP ] ,/,  [ he/PRP ] said/VBD  [ he/PRP ] enjoyed/VBD  [ it/PRP ]","(S (CC but) (, ,) (INTJ (UH uh)) (, ,) (EDITED (RM (-DFL- \[)) (NP-SBJ (PRP he)) (, ,) (IP (-DFL- \+))) (NP-SBJ (PRP he)) (RS (-DFL- \])) (VP (VBD said) (SBAR (-NONE- 0) (S (NP-SBJ (PRP he)) (VP (VBD enjoyed) (NP (PRP it)))))) (-DFL- E_S))",211,371.55,373.85
sw00utt/sw_0084_2109.utt,2/sw2109,2109,144,%,B,75,7,"[ {C and, } + {C and, } ] -/","and/CC ,/, and/CC ,/,","(S-UNF (EDITED (RM (-DFL- \[)) (CC and) (, ,) (IP (-DFL- \+))) (CC and) (, ,) (RS (-DFL- \])) (-DFL- N_S))",212,373.93,374.09
sw00utt/sw_0084_2109.utt,2/sw2109,2109,145,sd,A,76,1,{D Well } he at least saw it one time <laughter>. /,Well/UH  [ he/PRP ] at/IN  [ least/JJS ] saw/VBD  [ it/PRP ] [ one/CD time/NN ] ./.,(S (INTJ (UH Well)) (NP-SBJ (PRP he)) (ADVP (IN at) (JJS least)) (VP (VBD saw) (NP (PRP it)) (NP-TMP (CD one) (NN time))) (. .) (-DFL- E_S)),214,374.51,376.37
sw00utt/sw_0084_2109.utt,2/sw2109,2109,146,b,B,77,1,"Yeah,  /","Yeah/UH ,/,","(INTJ (UH Yeah) (, ,) (-DFL- E_S))",194,375.99,376.27
sw00utt/sw_0084_2109.utt,2/sw2109,2109,147,b^r,B,77,2,"yeah,  /","yeah/UH ,/,","(INTJ (UH yeah) (, ,) (-DFL- E_S))",217,376.43,376.75
sw00utt/sw_0084_2109.utt,2/sw2109,2109,148,%,B,77,3,"[ {C and, } + {C and } ] he really, - /","and/CC ,/, and/CC  [ he/PRP ] really/RB ,/,","(S-UNF (EDITED (RM (-DFL- \[)) (CC and) (, ,) (IP (-DFL- \+))) (CC and) (RS (-DFL- \])) (NP-SBJ (PRP he)) (ADVP (RB really)) (, ,) (-DFL- N_S))",218,376.75,377.83
sw00utt/sw_0084_2109.utt,2/sw2109,2109,149,h,B,77,4,"I don't know,  /","[ I/PRP ] do/VBP n't/RB know/VB ,/,","(S (NP-SBJ (PRP I)) (VP (VBP do) (RB n't) (VP (VB know))) (, ,) (-DFL- E_S))",219,378.11,378.55
sw00utt/sw_0084_2109.utt,2/sw2109,2109,150,sd,B,77,5,"[ he, + he's ] kind of a Dustin Hoffman fan anyway.  /","[ he/PRP ] ,/,  [ he/PRP ] 's/BES  [ kind/RB ] of/RB  [ a/DT Dustin/NNP Hoffman/NNP fan/NN ] anyway/RB ./.","(S (EDITED (RM (-DFL- \[)) (NP-SBJ (PRP he)) (, ,) (IP (-DFL- \+))) (NP-SBJ (PRP he)) (VP (BES 's) (RS (-DFL- \])) (ADVP (RB kind) (RB of)) (NP-PRD (DT a) (NNP Dustin) (NNP Hoffman) (NN fan)) (ADVP (RB anyway))) (. .) (-DFL- E_S))",220,378.55,381.03000000000003
sw00utt/sw_0084_2109.utt,2/sw2109,2109,151,sd,B,77,6,"[ {C But } he wa-, + {C but } before he saw ] the movie he was {D like } disappointed that Dustin Hoffman would do this <laughter>. /","But/CC  [ he/PRP ] [ wa-/XX ] ,/, but/CC before/IN  [ he/PRP ] saw/VBD  [ the/DT movie/NN ] [ he/PRP ] was/VBD like/UH disappointed/JJ that/IN  [ Dustin/NNP Hoffman/NNP ] would/MD do/VB  [ this/DT ] ./.","(S (EDITED (RM (-DFL- \[)) (S (CC But) (NP-SBJ (PRP he)) (VP-UNF (XX wa-))) (, ,) (IP (-DFL- \+))) (CC but) (SBAR-TMP (IN before) (S (NP-SBJ (PRP he)) (VP (VBD saw) (RS (-DFL- \])) (NP (DT the) (NN movie))))) (NP-SBJ (PRP he)) (VP (VBD was) (INTJ (UH like)) (ADJP-PRD (JJ disappointed) (SBAR (IN that) (S (NP-SBJ (NNP Dustin) (NNP Hoffman)) (VP (MD would) (VP (VB do) (NP (DT this)))))))) (. .) (-DFL- E_S))",221,381.03,385.91
sw00utt/sw_0084_2109.utt,2/sw2109.pos,2109,152,x,A,78,1,<Laughter>.,./.,,,0.0,0.0
sw00utt/sw_0084_2109.utt,2/sw2109,2109,153,sd(^q),B,79,1,"I'm like, {F oh, } come on. /","[ I/PRP ] 'm/VBP like/IN ,/, oh/UH ,/, come/VB on/RP ./.","(S (NP-SBJ (PRP I)) (VP (VBP 'm) (INTJ (IN like)) (, ,) (S-IMP-SEZ (INTJ (UH oh)) (, ,) (NP-SBJ (-NONE- *)) (VP (VB come) (PRT (RP on))))) (. .) (-DFL- E_S))",224,385.91,387.93
sw00utt/sw_0084_2109.utt,2/sw2109,2109,154,^2,A,80,1,Just think of what a phenomenal actor Dustin Hoffman is. /,Just/RB think/VB of/IN  [ what/WP ] [ a/DT phenomenal/JJ actor/NN Dustin/NNP Hoffman/NNP ] is/VBZ ./.,(S-IMP (NP-SBJ (-NONE- *)) (ADVP (RB Just)) (VP (VB think) (PP (IN of) (SBAR-NOM (WHNP-1 (WP what) (DT a) (JJ phenomenal) (NN actor)) (S (NP-SBJ (NNP Dustin) (NNP Hoffman)) (VP (VBZ is) (NP-PRD (-NONE- *T*-1))))))) (. .) (-DFL- E_S)),226,388.67,391.97
sw00utt/sw_0084_2109.utt,2/sw2109,2109,155,aa,B,81,1,Yeah. /,Yeah/UH ./.,(INTJ (UH Yeah) (. .) (-DFL- E_S)),228,391.59,391.77
sw00utt/sw_0084_2109.utt,2/sw2109,2109,156,sd,A,82,1,"He will do that, to research it and to be able to mimic a person, {F uh, } {F uh, } with the kinds of problems that he had. /","[ He/PRP ] will/MD do/VB  [ that/DT ] ,/, to/TO research/VB  [ it/PRP ] and/CC to/TO be/VB able/JJ to/TO mimic/VB  [ a/DT person/NN ] ,/,  [ uh/UH ] ,/,  [ uh/UH ] ,/, with/IN  [ the/DT kinds/NNS ] of/IN  [ problems/NNS ] that/WDT  [ he/PRP ] had/VBD ./.","(S (NP-SBJ-2 (PRP He)) (VP (MD will) (VP (VB do) (NP (DT that)) (, ,) (S-PRP (NP-SBJ (-NONE- *-2)) (VP (VP (TO to) (VP (VB research) (NP (PRP it)))) (CC and) (VP (TO to) (VP (VB be) (ADJP-PRD (JJ able) (S (NP-SBJ (-NONE- *-2)) (VP (TO to) (VP (VB mimic) (NP (NP (DT a) (NN person)) (, ,) (INTJ (UH uh)) (, ,) (INTJ (UH uh)) (, ,) (PP (IN with) (NP (NP (DT the) (NNS kinds)) (PP (IN of) (NP (NP (NNS problems)) (SBAR (WHNP-1 (WDT that)) (S (NP-SBJ (PRP he)) (VP (VBD had) (NP (-NONE- *T*-1)))))))))))))))))))) (. .) (-DFL- E_S))",230,392.43,400.62
sw00utt/sw_0084_2109.utt,2/sw2109,2109,157,^2,B,83,1,And to make it believable. /,And/CC to/TO make/VB  [ it/PRP ] believable/JJ ./.,(FRAG (CC And) (VP (TO to) (VP (VB make) (S (NP-SBJ (PRP it)) (ADJP-PRD (JJ believable))))) (. .) (-DFL- E_S)),232,401.09,402.35
sw00utt/sw_0084_2109.utt,2/sw2109,2109,158,aa,A,84,1,Yes. /,Yes/UH ./.,(INTJ (UH Yes) (. .) (-DFL- E_S)),234,402.74,403.1
sw00utt/sw_0084_2109.utt,2/sw2109,2109,159,sd,B,85,1,"{E I mean } [ I was, + I was ] believing it,  /","[ I/PRP ] mean/VBP  [ I/PRP ] was/VBD ,/,  [ I/PRP ] was/VBD believing/VBG  [ it/PRP ] ,/,","(S (PRN (S (NP-SBJ (PRP I)) (VP (VBP mean)))) (EDITED (RM (-DFL- \[)) (S (NP-SBJ (PRP I)) (VP-UNF (VBD was))) (, ,) (IP (-DFL- \+))) (NP-SBJ (PRP I)) (VP (VBD was) (RS (-DFL- \])) (VP (VBG believing) (NP (PRP it)))) (, ,) (-DFL- E_S))",236,402.73,405.07
sw00utt/sw_0084_2109.utt,2/sw2109,2109,160,sd,B,85,2,I don't know about any body else  /,[ I/PRP ] do/VBP n't/RB know/VB about/IN  [ any/DT body/NN ] else/RB,(S (NP-SBJ (PRP I)) (VP (VBP do) (RB n't) (VP (VB know) (PP (IN about) (NP (NP (TYPO (DT any) (NN body))) (ADVP (RB else)))))) (-DFL- E_S)),237,405.07,406.47
sw00utt/sw_0084_2109.utt,2/sw2109,2109,161,sv,B,85,3,"{C but } [ I was, + it was ] great. /","but/CC  [ I/PRP ] was/VBD ,/,  [ it/PRP ] was/VBD great/JJ ./.","(S (CC but) (RM (-DFL- \[)) (NP-SBJ (PRP I)) (VP-UNF (VBD was)) (, ,) (IP (-DFL- \+)))|||(S (NP-SBJ (PRP it)) (VP (VBD was) (RS (-DFL- \])) (ADJP-PRD (JJ great))) (. .) (-DFL- E_S))",238|||239,406.49,407.49
sw00utt/sw_0084_2109.utt,2/sw2109,2109,162,sv,A,86,1,"{D Well, } I'm sure everybody that saw it was believing it right along with them. /","Well/UH ,/,  [ I/PRP ] 'm/VBP sure/JJ  [ everybody/NN ] [ that/WDT ] saw/VBD  [ it/PRP ] was/VBD believing/VBG  [ it/PRP ] right/RB along/IN with/IN  [ them/PRP ] ./.","(S (INTJ (UH Well)) (, ,) (NP-SBJ (PRP I)) (VP (VBP 'm) (ADJP-PRD (JJ sure) (SBAR (-NONE- 0) (S (NP-SBJ (NP (NN everybody)) (SBAR (WHNP-1 (WDT that)) (S (NP-SBJ (-NONE- *T*-1)) (VP (VBD saw) (NP (PRP it)))))) (VP (VBD was) (VP (VBG believing) (NP (PRP it)) (PP (ADVP (RB right)) (IN along) (PP (IN with) (NP (PRP them)))))))))) (. .) (-DFL- E_S))",241,407.92,411.02000000000004
sw00utt/sw_0084_2109.utt,2/sw2109,2109,163,sv,B,87,1,He did great. /,[ He/PRP ] did/VBD  [ great/JJ ] ./.,(S (NP-SBJ (PRP He)) (VP (VBD did) (ADVP (JJ great))) (. .) (-DFL- E_S)),243,411.19,411.97
sw00utt/sw_0084_2109.utt,2/sw2109,2109,164,fc,A,88,1,"{D Well } it's just, {F uh, } been delightful talking with you. /","Well/UH  [ it/PRP ] 's/HVS just/RB ,/,  [ uh/UH ] ,/, been/VBN  [ delightful/JJ ] talking/VBG with/IN  [ you/PRP ] ./.","(S (INTJ (UH Well)) (NP-SBJ (NP (PRP it)) (S (-NONE- *ICH*-1))) (VP (HVS 's) (ADVP (RB just)) (, ,) (INTJ (UH uh)) (, ,) (VP (VBN been) (ADJP-PRD (JJ delightful)) (S-1 (NP-SBJ (-NONE- *)) (VP (VBG talking) (PP (IN with) (NP (PRP you))))))) (. .) (-DFL- E_S))",245,412.38,415.02
sw00utt/sw_0084_2109.utt,2/sw2109,2109,165,fc,B,89,1,"Yeah,  /","Yeah/UH ,/,","(INTJ (UH Yeah) (, ,) (-DFL- E_S))",216,415.43,415.81
sw00utt/sw_0084_2109.utt,2/sw2109,2109,166,fc,B,89,2,"yeah,  /","yeah/UH ,/,","(INTJ (UH yeah) (, ,) (-DFL- E_S))",217,415.97,416.29
sw00utt/sw_0084_2109.utt,2/sw2109,2109,167,fc,B,89,3,you take care up there  /,[ you/PRP ] take/VBP care/VB up/IN there/RB,(S (NP-SBJ (PRP you)) (VP (VBP take) (NP (VB care)) (PP-LOC (IN up) (ADVP (RB there)))) (-DFL- E_S)),249,416.49,417.51
sw00utt/sw_0084_2109.utt,2/sw2109,2109,168,fc,B,89,4,"{C and, } {F uh, } let's hear it for the summertime. /","and/CC ,/,  [ uh/UH ] ,/, let/VB  [ 's/PRP ] hear/VB  [ it/PRP ] for/IN  [ the/DT summertime/NN ] ./.","(S-IMP (CC and) (, ,) (INTJ (UH uh)) (, ,) (NP-SBJ (-NONE- *)) (VP (VB let) (S (NP-SBJ (PRP 's)) (VP (VB hear) (NP (PRP it)) (PP (IN for) (NP (DT the) (NN summertime)))))) (. .) (-DFL- E_S))",250,417.51,419.28999999999996
sw00utt/sw_0084_2109.utt,2/sw2109,2109,169,fc,A,90,1,"Absolutely,  /","[ Absolutely/UH ] ,/,","(ADVP (UH Absolutely) (, ,) (-DFL- E_S))",252,419.66,420.5
sw00utt/sw_0084_2109.utt,2/sw2109,2109,170,fc,A,90,2,"I'm ready for it,  /","[ I/PRP ] 'm/VBP ready/JJ for/IN  [ it/PRP ] ,/,","(S (NP-SBJ (PRP I)) (VP (VBP 'm) (ADJP-PRD (JJ ready) (PP (IN for) (NP (PRP it))))) (, ,) (-DFL- E_S))",253,420.52,421.35999999999996
sw00utt/sw_0084_2109.utt,2/sw2109,2109,171,fc,A,90,3,{C but } they're predicting some more snow for our direction. /,but/CC  [ they/PRP ] 're/VBP predicting/VBG  [ some/DT more/JJR snow/NN ] for/IN  [ our/PRP$ direction/NN ] ./.,(S (CC but) (NP-SBJ (PRP they)) (VP (VBP 're) (VP (VBG predicting) (NP (DT some) (JJR more) (NN snow)) (PP (IN for) (NP (PRP$ our) (NN direction))))) (. .) (-DFL- E_S)),254,421.38,424.38
sw00utt/sw_0084_2109.utt,2/sw2109,2109,172,fc,B,91,1,"No,  /","No/UH ,/,","(INTJ (UH No) (, ,) (-DFL- E_S))",256,424.05,424.41
sw00utt/sw_0084_2109.utt,2/sw2109,2109,173,fc,B,91,2,{F oh } no.  /,oh/UH no/UH ./.,(INTJ (INTJ (UH oh)) (INTJ (UH no)) (. .) (-DFL- E_S)),257,424.41,425.63
sw00utt/sw_0084_2109.utt,2/sw2109,2109,174,fc,B,91,3,"{F Oh } {D well, } take care. /","Oh/UH well/UH ,/, take/VB  [ care/NN ] ./.","(S-IMP (INTJ (UH Oh)) (INTJ (UH well)) (, ,) (NP-SBJ (-NONE- *)) (VP (VB take) (NP (NN care))) (. .) (-DFL- E_S))",258,425.93,426.75
sw00utt/sw_0084_2109.utt,2/sw2109,2109,175,fc,A,92,1,# Take care now.  /,Take/VB  [ care/NN ] now/RB ./.,(S-IMP (NP-SBJ (-NONE- *)) (VP (VB Take) (NP (NN care)) (INTJ (RB now))) (. .) (-DFL- E_S)),260,427.14,428.02
sw00utt/sw_0084_2109.utt,2/sw2109,2109,176,fc,A,92,2,"Bye, bye. # /","[ Bye/UH ] ,/,  [ bye/UH ] ./.","(INTJ (INTJ (UH Bye)) (, ,) (INTJ (UH bye)) (. .) (-DFL- E_S))",261,428.42,429.44
sw00utt/sw_0084_2109.utt,2/sw2109,2109,177,fc,B,93,1,"# Bye, bye. # /","[ Bye/UH ] ,/,  [ bye/UH ] ./.","(INTJ (INTJ (UH Bye)) (, ,) (INTJ (UH bye)) (. .) (-DFL- E_S))",261,0.0,0.0
