swda_filename,ptb_basename,conversation_no,transcript_index,act_tag,caller,utterance_index,subutterance_index,text,pos,trees,ptb_treenumbers,start_ts,end_ts
sw07utt/sw_0740_2185.utt,2/sw2185,2185,0,sd,A,1,1,"{D Well, } I was just looking around my house and thinking about the painting that I've done. /","Well/UH ,/, I/PRP was/VBD just/RB looking/VBG around/IN my/PRP$ house/NN and/CC thinking/VBG about/IN the/DT painting/NN that/WDT I/PRP 've/VBP done/VBN ./.",,,1.34,6.18
sw07utt/sw_0740_2185.utt,2/sw2185,2185,1,b,B,2,1,Uh-huh. /,Uh-huh/UH ./.,,,6.07,6.25
sw07utt/sw_0740_2185.utt,2/sw2185,2185,2,sd,A,3,1,"{C And } the last time that, {F um, } we tackled it, I did the kitchen. /","And/CC the/DT last/JJ time/NN that/WDT ,/, um/UH ,/, we/PRP tackled/VBD it/PRP ,/, I/PRP did/VBD the/DT kitchen/NN ./.",,,6.36,10.4
sw07utt/sw_0740_2185.utt,2/sw2185,2185,3,sd,A,3,2,"{C And } I had gone through a period of depression at one time and painted everything a dark, - /","And/CC I/PRP had/VBD gone/VBN through/IN a/DT period/NN of/IN depression/NN at/IN one/CD time/NN and/CC painted/VBD everything/NN a/DT dark/JJ ,/,",,,10.4,15.5
sw07utt/sw_0740_2185.utt,2/sw2185,2185,4,sd,A,3,3,"it was called a sassafras,  /","it/PRP was/VBD called/VBN a/DT sassafras/NN ,/,",,,16.06,17.080000000000002
sw07utt/sw_0740_2185.utt,2/sw2185,2185,5,sd,A,3,4,it was kind of an orangish brown. /,it/PRP was/VBD kind/RB of/RB an/DT orangish/JJ brown/NN ./.,,,17.08,19.68
sw07utt/sw_0740_2185.utt,2/sw2185,2185,6,b,B,4,1,Okay. /,Okay/UH ./.,,,19.89,20.21
sw07utt/sw_0740_2185.utt,2/sw2185,2185,7,sd,A,5,1,It was not real pretty. /,It/PRP was/VBD not/RB real/RB pretty/JJ ./.,,,20.32,21.34
sw07utt/sw_0740_2185.utt,2/sw2185,2185,8,b,B,6,1,Yeah. /,Yeah/UH ./.,,,21.55,21.71
sw07utt/sw_0740_2185.utt,2/sw2185,2185,9,sd,A,7,1,"{D Anyway, }  {C so } the kitchen was one of the rooms that got hit with that color. /","Anyway/RB ,/, so/RB the/DT kitchen/NN was/VBD one/CD of/IN the/DT rooms/NNS that/WDT got/VBD hit/VBN with/IN that/DT color/NN ./.",,,21.82,25.02
sw07utt/sw_0740_2185.utt,2/sw2185,2185,10,b,B,8,1,"Uh-huh,  /","Uh-huh/UH ,/,",,,24.91,25.09
sw07utt/sw_0740_2185.utt,2/sw2185,2185,11,b,B,8,2,I see. /,I/PRP see/VBP ./.,,,25.23,25.57
sw07utt/sw_0740_2185.utt,2/sw2185,2185,12,sd,A,9,1,"<Laughter> {C So } I tried to cover it with white,  /","So/RB I/PRP tried/VBD to/TO cover/VB it/PRP with/IN white/NN ,/,",,,25.68,28.12
sw07utt/sw_0740_2185.utt,2/sw2185,2185,13,sd,A,9,2,"{C and } it was quite [ a, + a ] feat getting that dark a color covered, and then just the hassles getting around the cabinets,  /","and/CC it/PRP was/VBD quite/PDT a/DT ,/, a/DT feat/NN getting/VBG that/RB dark/JJ a/DT color/NN covered/VBN ,/, and/CC then/RB just/RB the/DT hassles/NNS getting/VBG around/IN the/DT cabinets/NNS ,/,",,,28.2,35.72
sw07utt/sw_0740_2185.utt,2/sw2185,2185,14,sd,A,9,3,"{C and } [ know + ] if I look underneath my cabinets, I'm not satisfied with the jobs [  I, + I ] did on it because there're splotches. /","and/CC know/VB if/IN I/PRP look/VBP underneath/IN  my/PRP$ cabinets/NNS ,/, I/PRP 'm/VBP not/RB satisfied/JJ with/IN the/DT jobs/NNS I/PRP ,/, I/PRP did/VBD on/IN it/PRP because/IN there/EX 're/VBP splotches/NNS ./.",,,36.42,43.2
sw07utt/sw_0740_2185.utt,2/sw2185,2185,15,b,B,10,1,Yeah. /,Yeah/UH ./.,,,43.53,43.910000000000004
sw07utt/sw_0740_2185.utt,2/sw2185,2185,16,sd,A,11,1,"{C But, } I'm glad it's done, because it's brighter. /","But/CC ,/, I/PRP 'm/VBP glad/JJ it/PRP 's/BES done/VBN ,/, because/IN it/PRP 's/BES brighter/JJR ./.",,,44.42,46.68
sw07utt/sw_0740_2185.utt,2/sw2185,2185,17,aa,B,12,1,"Yeah,  /","Yeah/UH ,/,",,,47.07,47.43
sw07utt/sw_0740_2185.utt,2/sw2185,2185,18,aa^r,B,12,2,"yeah,  /","yeah/UH ,/,",,,47.55,47.83
sw07utt/sw_0740_2185.utt,2/sw2185,2185,19,aa,B,12,3,that's for sure. /,that/DT 's/BES for/IN sure/RB ./.,,,47.83,48.55
sw07utt/sw_0740_2185.utt,2/sw2185,2185,20,x,A,13,1,<Laughter>.,,,,0.0,0.0
sw07utt/sw_0740_2185.utt,2/sw2185,2185,21,%,B,14,1,"{D Well, } we, {F uh, } - /","Well/UH ,/, we/PRP ,/, uh/UH ,/,",,,49.45,50.31
sw07utt/sw_0740_2185.utt,2/sw2185,2185,22,sd,B,14,2,"I just got married about six  months ago,  /","I/PRP just/RB got/VBD married/VBN about/RB six/CD months/NNS ago/RB ,/,",,,50.91,53.09
sw07utt/sw_0740_2185.utt,2/sw2185,2185,23,sd,B,14,3,{C and } we bought a house at the same time.  /,and/CC we/PRP bought/VBD a/DT house/NN at/IN the/DT same/JJ time/NN ./.,,,53.11,54.77
sw07utt/sw_0740_2185.utt,2/sw2185,2185,24,%,B,14,4,"{C So } we're, - /","So/RB we/PRP 're/VBP ,/,",,,54.83,55.410000000000004
sw07utt/sw_0740_2185.utt,2/sw2185,2185,25,sd,B,14,5,"I'm sitting here in my forty year old house,  /","I/PRP 'm/VBP sitting/VBG here/RB in/IN my/PRP$ forty/CD year/NN old/JJ house/NN ,/,",,,56.05,58.09
sw07utt/sw_0740_2185.utt,2/sw2185,2185,26,sd,B,14,6,{C and } we're about halfway through the painting  process <laughter>. /,and/CC we/PRP 're/VBP about/RB halfway/RB through/IN the/DT painting/NN process/NN ./.,,,58.09,60.57
sw07utt/sw_0740_2185.utt,2/sw2185,2185,27,ba,A,15,1,"{F Oh, } lord. /","Oh/UH ,/, lord/UH ./.",,,60.86,61.92
sw07utt/sw_0740_2185.utt,2/sw2185,2185,28,%,B,16,1,"{D So, } {F uh, } the only, {F uh, } - /","So/RB ,/, uh/UH ,/, the/DT only/RB ,/, uh/UH ,/,",,,61.81,63.97
sw07utt/sw_0740_2185.utt,2/sw2185,2185,29,sd,B,16,2,"I guess [ the, + the ] big discussion, just kind of what you were mentioning, has been the color.  /","I/PRP guess/VBP the/DT ,/, the/DT big/JJ discussion/NN ,/, just/RB kind/RB of/RB what/WP you/PRP were/VBD mentioning/VBG ,/, has/VBZ been/VBN the/DT color/NN ./.",,,63.97,68.78999999999999
sw07utt/sw_0740_2185.utt,2/sw2185,2185,30,sd,B,16,3,"We ended up with [ our, + our ] living and  dining room are now, {F uh, } kind of [ a, + a ]  light peach color with, {F uh, } - /","We/PRP ended/VBD up/RP with/IN our/PRP$ ,/, our/PRP$ living/NN and/CC dining/NN room/NN are/VBP now/RB ,/, uh/UH ,/, kind/RB of/RB a/DT ,/, a/DT light/RB peach/JJ color/NN with/IN ,/, uh/UH ,/,",,,68.91,75.91
sw07utt/sw_0740_2185.utt,2/sw2185,2185,31,sd,B,16,4,"{C and } it's got all the old, original hardwood trim and stuff,  /","and/CC it/PRP 's/HVS got/VBN all/PDT the/DT old/JJ ,/, original/JJ hardwood/NN trim/NN and/CC stuff/NN ,/,",,,75.91,79.28999999999999
sw07utt/sw_0740_2185.utt,2/sw2185,2185,32,sd,B,16,5,"{C so } we've  got the trim in [ kind of, + {F uh, } kind of ] an off-white.  /","so/RB we/PRP 've/VBP got/VBD the/DT trim/NN in/IN kind/RB of/RB ,/, uh/UH ,/, kind/RB of/RB an/DT off-white/JJ ./.",,,79.29,82.61
sw07utt/sw_0740_2185.utt,2/sw2185,2185,33,sd,B,16,6,"{C And } this is really  the first, {F uh, } interior painting project that I've attacked.  <laughter>  /","And/CC this/DT is/VBZ really/RB the/DT first/JJ ,/, uh/UH ,/, interior/JJ painting/NN project/NN that/WDT I/PRP 've/VBP attacked/VBN ./.",,,83.89,89.15
sw07utt/sw_0740_2185.utt,2/sw2185,2185,34,sd,B,16,7,"{C And, }  [ [ it's, +  it's  ] been, + {F uh, } it's been ] something else, to say the least.  /","And/CC ,/, it/PRP 's/HVS ,/, it/PRP 's/HVS been/VBN ,/, uh/UH ,/, it/PRP 's/HVS been/VBN something/NN else/RB ,/, to/TO say/VB the/DT least/JJS ./.",,,89.29,94.61
sw07utt/sw_0740_2185.utt,2/sw2185,2185,35,sd,B,16,8,"[  We, + we ] had the same type of situation.  /","We/PRP ,/, we/PRP had/VBD the/DT same/JJ type/NN of/IN situation/NN ./.",,,94.61,96.41
sw07utt/sw_0740_2185.utt,2/sw2185,2185,36,sd,B,16,9,"{F Uh, } the walls were, {F uh, } {F uh, } - /","Uh/UH ,/, the/DT walls/NNS were/VBD ,/, uh/UH ,/, uh/UH ,/,",,,96.41,99.72999999999999
sw07utt/sw_0740_2185.utt,2/sw2185,2185,37,sd,B,16,10,"{D well, } they weren't, - /","well/UH ,/, they/PRP were/VBD n't/RB ,/,",,,99.77,100.79
sw07utt/sw_0740_2185.utt,2/sw2185,2185,38,sd,B,16,11,"the color difference wasn't so bad,  /","the/DT color/NN difference/NN was/VBD n't/RB so/RB bad/JJ ,/,",,,101.15,103.31
sw07utt/sw_0740_2185.utt,2/sw2185,2185,39,sd,B,16,12,"{C but, } {F uh, } there was  semigloss underneath -- /","but/CC ,/, uh/UH ,/, there/EX was/VBD semigloss/NN underneath/IN --/:",,,103.69,106.17
sw07utt/sw_0740_2185.utt,2/sw2185,2185,40,b,A,17,1,Uh-huh. /,Uh-huh/UH ./.,,,106.28,106.64
sw07utt/sw_0740_2185.utt,2/sw2185,2185,41,sd,B,18,1,"-- {C and } we put a flat over the top,  /","--/: and/CC we/PRP put/VBD a/DT flat/NN over/IN the/DT top/NN ,/,",,,107.19,108.86999999999999
sw07utt/sw_0740_2185.utt,2/sw2185,2185,42,sd,B,18,2,{C and } everywhere  you'd miss there'd be this little bright spot you could see <laughter>.  /,and/CC everywhere/RB you/PRP 'd/MD miss/VB there/EX 'd/MD be/VB this/DT little/JJ bright/JJ spot/NN you/PRP could/MD see/VB ./.,,,109.11,112.45
sw07utt/sw_0740_2185.utt,2/sw2185,2185,43,sd,B,18,3,It seems like you could see it through about three layers of paint. /,It/PRP seems/VBZ like/IN you/PRP could/MD see/VB it/PRP through/IN about/RB three/CD layers/NNS of/IN paint/NN ./.,,,112.77,115.33
sw07utt/sw_0740_2185.utt,2/sw2185,2185,44,b,A,19,1,{F Oh } yeah. /,Oh/UH yeah/UH ./.,,,115.6,116.92
sw07utt/sw_0740_2185.utt,2/sw2185,2185,45,sd,B,20,1,<Laughter> Every time the sun would come up in the  morning I'd see another spot and have to drag out the paint can.  /,Every/DT time/NN the/DT sun/NN would/MD come/VB up/RB in/IN the/DT morning/NN I/PRP 'd/MD see/VB another/DT spot/NN and/CC have/VBP to/TO drag/VB out/RP the/IN paint/NN can/NN ./.,,,116.93,121.51
sw07utt/sw_0740_2185.utt,2/sw2185,2185,46,sd,B,20,2,"{C But, } {F uh, } we've learned.  /","But/CC ,/, uh/UH ,/, we/PRP 've/VBP learned/VBN ./.",,,122.07,123.81
sw07utt/sw_0740_2185.utt,2/sw2185,2185,47,sd,B,20,3,"[ [ [  We, + we, ] + {F uh, } we ] worked, + we've worked ] our way back into the  hallway,  /","We/PRP ,/, we/PRP ,/, uh/UH ,/, we/PRP worked/VBD ,/, we/PRP 've/VBP worked/VBN our/PRP$ way/NN back/RB into/IN the/DT hallway/NN ,/,",,,123.81,128.11
sw07utt/sw_0740_2185.utt,2/sw2185,2185,48,sd,B,20,4,"[ {C and, } + {C and } ] we're in the middle of the bathroom now.  /","and/CC ,/, and/CC we/PRP 're/VBP in/IN the/DT middle/NN of/IN the/DT bathroom/NN now/RB ./.",,,128.11,130.15
sw07utt/sw_0740_2185.utt,2/sw2185,2185,49,sd,B,20,5,"{C But, } {F uh, } [  it's, + it's ]  been quite an adventure.  /","But/CC ,/, uh/UH ,/, it/PRP 's/HVS ,/, it/PRP 's/HVS been/VBN quite/PDT an/DT adventure/NN ./.",,,130.15,132.45000000000002
sw07utt/sw_0740_2185.utt,2/sw2185,2185,50,sd,B,20,6,"<<pause>> [ The other, + the other ] thing that  makes it, {F uh, } a little more difficult, we've got all hardwood floors,  /","The/DT other/NN ,/, the/DT other/JJ thing/NN that/WDT makes/VBZ it/PRP ,/, uh/UH ,/, a/DT little/RB more/RBR difficult/JJ ,/, we/PRP 've/VBP got/VBN all/DT hardwood/NN floors/NNS ,/,",,,133.77,138.82999999999998
sw07utt/sw_0740_2185.utt,2/sw2185,2185,51,sd,B,20,7,"{C and, } {F uh, } [ we, + we've ]  learned to be a little more careful about covering up the floors  [ since the, + since the ] first <laughter> time we spent a lot of time on the floor with a  [ tooth, + toothbrush ] and what not cleaning up. /","and/CC ,/, uh/UH ,/, we/PRP ,/, we/PRP 've/VBP learned/VBN to/TO be/VB a/DT little/RB more/RBR careful/JJ about/IN covering/VBG up/RP the/DT floors/NNS since/IN the/DT ,/, since/IN the/DT first/JJ time/NN we/PRP spent/VBD a/DT lot/NN of/IN time/NN on/IN the/DT floor/NN with/IN a/DT tooth/NN ,/, toothbrush/NN and/CC what/WP not/RB cleaning/VBG up/RP ./.",,,139.09,149.67
sw07utt/sw_0740_2185.utt,2/sw2185,2185,52,qw,A,21,1,{C So } what are you going to get it off with if you get it on and it's dried? /,So/RB what/WP are/VBP you/PRP going/VBG to/TO get/VB it/PRP off/RP with/IN if/IN you/PRP get/VBP it/PRP on/RP and/CC it/PRP 's/BES dried/JJ ?/.,,,149.92,152.6
sw07utt/sw_0740_2185.utt,2/sw2185,2185,53,sd,B,22,1,"{D Well, } [ it's, + it's ] not too bad.  /","Well/UH ,/, it/PRP 's/BES ,/, it/PRP 's/BES not/RB too/RB bad/JJ ./.",,,152.83,154.35
sw07utt/sw_0740_2185.utt,2/sw2185,2185,54,%,B,22,2,"It, it, {F uh, } - /","It/PRP ,/, it/PRP ,/, uh/UH ,/,",,,154.35,154.97
sw07utt/sw_0740_2185.utt,2/sw2185,2185,55,sd,B,22,3,"the floors are finished with a polyurethane, /","the/DT floors/NNS are/VBP finished/VBN with/IN a/DT polyurethane/NN ,/,",,,155.26,157.22000000000003
sw07utt/sw_0740_2185.utt,2/sw2185,2185,56,b,A,23,1,Uh-huh. /,Uh-huh/UH ./.,,,157.36,157.68
sw07utt/sw_0740_2185.utt,2/sw2185,2185,57,sd*,B,24,1,"{C and } it's really not to bad to get off,  / *[[typo to -> too]]","and/CC it/PRP 's/BES really/RB not/RB to/RB bad/JJ  to/TO get/VB off/RP ,/,",,,157.66,159.38
sw07utt/sw_0740_2185.utt,2/sw2185,2185,58,%,B,24,2,"it, - /","it/PRP ,/,",,,159.38,159.56
sw07utt/sw_0740_2185.utt,2/sw2185,2185,59,%,B,24,3,"it, - /","it/PRP ,/,",,,159.56,159.72
sw07utt/sw_0740_2185.utt,2/sw2185,2185,60,sd,B,24,4,"we're just using latex,  /","we/PRP 're/VBP just/RB using/VBG latex/NN ,/,",,,159.72,160.79999999999998
sw07utt/sw_0740_2185.utt,2/sw2185,2185,61,sd^r,B,24,5,{C and } it's not too bad to get it off once it's dried even.  /,and/CC it/PRP 's/BES not/RB too/RB bad/JJ to/TO get/VB it/PRP off/RP once/RB it/PRP 's/HVS dried/VBN even/RB ./.,,,160.8,163.10000000000002
sw07utt/sw_0740_2185.utt,2/sw2185,2185,62,sd,B,24,6,"[ [  It, + it, ] + it, ] {F uh, } comes off with {D like } a mild abrasive pad, like a scotch-brite pad or something like that [ and wa-, + and soap ] and water.   /","It/PRP ,/, it/PRP ,/, it/PRP ,/, uh/UH ,/, comes/VBZ off/RP with/IN like/IN a/DT mild/JJ abrasive/JJ pad/NN ,/, like/IN a/DT scotch-brite/JJ pad/NN or/CC something/NN like/IN that/DT and/CC wa-/NN ,/, and/CC soap/NN and/CC water/NN ./.",,,163.2,170.98
sw07utt/sw_0740_2185.utt,2/sw2185,2185,63,sd,B,24,7,"{C So, } we got pretty lucky on that. /","So/RB ,/, we/PRP got/VBD pretty/RB lucky/JJ on/IN that/DT ./.",,,170.98,172.94
sw07utt/sw_0740_2185.utt,2/sw2185,2185,64,qy^d,A,25,1,"{C And } it's not scratching your floor,","And/CC it/PRP 's/BES not/RB scratching/VBG your/PRP$ floor/NN ,/,",,,173.06,174.42000000000002
sw07utt/sw_0740_2185.utt,2/sw2185,2185,65,nn,B,26,1,"No,  /","No/UH ,/,",,,174.52,174.96
sw07utt/sw_0740_2185.utt,2/sw2185,2185,66,ng,B,26,2,not really. /,not/RB really/RB ./.,,,175.0,175.52
sw07utt/sw_0740_2185.utt,2/sw2185,2185,67,+,A,27,1,because it's so thick.   /,because/IN it/PRP 's/BES so/RB thick/JJ ./.,,,176.88,177.68
sw07utt/sw_0740_2185.utt,2/sw2185,2185,68,ba,A,27,2,"{F Oh, } that's pretty good. /","Oh/UH ,/, that/DT 's/BES pretty/RB good/JJ ./.",,,177.68,178.38
sw07utt/sw_0740_2185.utt,2/sw2185,2185,69,%,B,28,1,{C But. } -/,But/CC ./.,,,178.26,178.32
sw07utt/sw_0740_2185.utt,2/sw2185,2185,70,sd,A,29,1,"We painted every room in this house, some of them {D like } two, three times.  /","We/PRP painted/VBD every/DT room/NN in/IN this/DT house/NN ,/, some/DT of/IN them/PRP like/IN two/CD ,/, three/CD times/NNS ./.",,,178.44,182.88
sw07utt/sw_0740_2185.utt,2/sw2185,2185,71,sd,A,29,2,We have two children. /,We/PRP have/VBP two/CD children/NNS ./.,,,183.44,184.48
sw07utt/sw_0740_2185.utt,2/sw2185,2185,72,b,B,30,1,"Okay,  /","Okay/UH ,/,",,,184.72,184.94
sw07utt/sw_0740_2185.utt,2/sw2185,2185,73,b,B,30,2,yeah. /,yeah/UH ./.,,,184.94,185.22
sw07utt/sw_0740_2185.utt,2/sw2185,2185,74,sd,A,31,1,"{C And, } they just, - /","And/CC ,/, they/PRP just/RB ,/,",,,185.44,186.92
sw07utt/sw_0740_2185.utt,2/sw2185,2185,75,sd,A,31,2,"they ruin, <laughter>, -/","they/PRP ruin/VBP ,/, ,/,",,,187.92,188.52
sw07utt/sw_0740_2185.utt,2/sw2185,2185,76,x,B,32,1,<Laughter>.,,,,0.0,0.0
sw07utt/sw_0740_2185.utt,2/sw2185,2185,77,sd,A,33,1,it's just terrible what they do. /,it/PRP 's/BES just/RB terrible/JJ what/WP they/PRP do/VBP ./.,,,188.92,192.08
sw07utt/sw_0740_2185.utt,2/sw2185,2185,78,b,B,34,1,Yeah. /,Yeah/UH ./.,,,192.36,192.78
sw07utt/sw_0740_2185.utt,2/sw2185,2185,79,sd,A,35,1,"{C And then } I have been coloring my hair,  /","And/CC then/RB I/PRP have/VBP been/VBN coloring/VBG my/PRP$ hair/NN ,/,",,,192.9,195.18
sw07utt/sw_0740_2185.utt,2/sw2185,2185,80,sd,A,35,2,{C and }  I'm real haphazard when I do it.  /,and/CC I/PRP 'm/VBP real/RB haphazard/JJ when/WRB I/PRP do/VBP it/PRP ./.,,,195.18,196.88
sw07utt/sw_0740_2185.utt,2/sw2185,2185,81,sd,A,35,3,{C So } I've got dye on my bathroom door. /,So/RB I/PRP 've/VBP got/VBN dye/NN on/IN my/PRP$ bathroom/NN door/NN ./.,,,196.88,198.8
sw07utt/sw_0740_2185.utt,2/sw2185,2185,82,ba,B,36,1,"{F Oh, } gosh. /","Oh/UH ,/, gosh/UH ./.",,,198.68,199.48
sw07utt/sw_0740_2185.utt,2/sw2185,2185,83,sd,A,37,1,{C And } I haven't figured out how to get that off.  /,And/CC I/PRP have/VBP n't/RB figured/VBN out/RP how/WRB to/TO get/VB that/DT off/RB ./.,,,199.64,201.42000000000002
sw07utt/sw_0740_2185.utt,2/sw2185,2185,84,sd,A,37,2,I guess I'll have to take that door down and really get it good. /,I/PRP guess/VBP I/PRP 'll/MD have/VB to/TO take/VB that/DT door/NN down/RB and/CC really/RB get/VB it/PRP good/JJ ./.,,,201.42,204.52
sw07utt/sw_0740_2185.utt,2/sw2185,2185,85,aa,B,38,1,"Yeah,  /","Yeah/UH ,/,",,,204.88,205.24
sw07utt/sw_0740_2185.utt,2/sw2185,2185,86,aa^r,B,38,2,"yeah,  /","yeah/UH ,/,",,,205.78,206.04
sw07utt/sw_0740_2185.utt,2/sw2185,2185,87,aa,B,38,3,probably so. /,probably/RB so/RB ./.,,,206.04,207.06
sw07utt/sw_0740_2185.utt,2/sw2185,2185,88,sd,A,39,1,{C And then } we have a two story. /,And/CC then/RB we/PRP have/VBP a/DT two/CD story/NN ./.,,,207.18,209.32
sw07utt/sw_0740_2185.utt,2/sw2185,2185,89,b,B,40,1,Okay. /,Okay/UH ./.,,,209.76,210.23999999999998
sw07utt/sw_0740_2185.utt,2/sw2185,2185,90,sd,A,41,1,We did the outside of it one summer. /,We/PRP did/VBD the/DT outside/NN of/IN it/PRP one/CD summer/NN ./.,,,210.36,212.12
sw07utt/sw_0740_2185.utt,2/sw2185,2185,91,b,B,42,1,Yeah. /,Yeah/UH ./.,,,212.34,212.78
sw07utt/sw_0740_2185.utt,2/sw2185,2185,92,sd,A,43,1,That was horrendous.  /,That/DT was/VBD horrendous/JJ ./.,,,213.0,213.9
sw07utt/sw_0740_2185.utt,2/sw2185,2185,93,sd,A,43,2,"{E I mean, } [ I, + I ]  couldn't stand the back side going up that high on the ladder.  /","I/PRP mean/VBP ,/, I/PRP ,/, I/PRP could/MD n't/RB stand/VB the/DT back/JJ side/NN going/VBG up/RB that/RB high/JJ on/IN the/DT ladder/NN ./.",,,214.04,217.84
sw07utt/sw_0740_2185.utt,2/sw2185,2185,94,sd,A,43,3,I could get up on the roof and do that. /,I/PRP could/MD get/VB up/IN on/IN the/DT roof/NN and/CC do/VB that/DT ./.,,,218.06,219.64000000000001
sw07utt/sw_0740_2185.utt,2/sw2185,2185,95,b,B,44,1,Yeah. /,Yeah/UH ./.,,,219.7,220.1
sw07utt/sw_0740_2185.utt,2/sw2185,2185,96,sd,A,45,1,"<Breathing>  {C But, }","But/CC ,/,",,,221.1,221.2
sw07utt/sw_0740_2185.utt,2/sw2185,2185,97,b,B,46,1,"Yeah,  /","Yeah/UH ,/,",,,221.08,221.18
sw07utt/sw_0740_2185.utt,2/sw2185,2185,98,%,B,46,2,"I, {F uh, } -/","I/PRP ,/, uh/UH ,/,",,,221.18,221.32
sw07utt/sw_0740_2185.utt,2/sw2185,2185,99,+,A,47,1,I dread that the next time. /,I/PRP dread/VBP that/DT the/DT next/JJ time/NN ./.,,,222.2,223.52
sw07utt/sw_0740_2185.utt,2/sw2185,2185,100,aa,B,48,1,"Yeah,  /","Yeah/UH ,/,",,,223.4,223.5
sw07utt/sw_0740_2185.utt,2/sw2185,2185,101,sd,B,48,2,"[ we, + {F uh, } our ] house was painted as part of the purchase contract,  /","we/PRP ,/, uh/UH ,/, our/PRP$ house/NN was/VBD painted/VBN as/IN part/NN of/IN the/DT purchase/NN contract/NN ,/,",,,223.94,227.58
sw07utt/sw_0740_2185.utt,2/sw2185,2185,102,sd,B,48,3,{C so } we didn't have to mess with that this time.  /,so/RB we/PRP did/VBD n't/RB have/VB to/TO mess/VB with/IN that/DT this/DT time/NN ./.,,,227.58,229.6
sw07utt/sw_0740_2185.utt,2/sw2185,2185,103,sd,B,48,4,"{C But } [ [ I've, + I, ] + I ] grew up on a farm,  /","But/CC I/PRP 've/VBP ,/, I/PRP ,/, I/PRP grew/VBD up/RP on/IN a/DT farm/NN ,/,",,,229.6,232.12
sw07utt/sw_0740_2185.utt,2/sw2185,2185,104,sd,B,48,5,"{C so }  [ [ I, + I've, ] + I've ] messed with outdoor painting  a little bit, {F uh, }  /","so/RB I/PRP ,/, I/PRP 've/VBP ,/, I/PRP 've/VBP messed/VBN with/IN outdoor/JJ painting/NN a/DT little/JJ bit/NN ,/, uh/UH ,/,",,,232.12,235.48000000000002
sw07utt/sw_0740_2185.utt,2/sw2185,2185,105,sd,B,48,6,"{C but } most of that, it was done with a sprayer and, {F uh, } up in the bucket of a  loader tractor, or  something like that,  /","but/CC most/RBS of/IN that/DT ,/, it/PRP was/VBD done/VBN with/IN a/DT sprayer/NN and/CC ,/, uh/UH ,/, up/IN in/IN the/DT bucket/NN of/IN a/DT loader/NN tractor/NN ,/, or/CC something/NN like/IN that/DT ,/,",,,235.48,241.45999999999998
sw07utt/sw_0740_2185.utt,2/sw2185,2185,106,sd,B,48,7,"{C so, } it took a lot of the hassle out.  /","so/RB ,/, it/PRP took/VBD a/DT lot/NN of/IN the/DT hassle/NN out/RB ./.",,,241.46,243.7
sw07utt/sw_0740_2185.utt,2/sw2185,2185,107,%,B,48,8,{C And then } --,And/CC then/RB --/:,,,243.7,243.9
sw07utt/sw_0740_2185.utt,2/sw2185,2185,108,b,A,49,1,Uh-huh. /,Uh-huh/UH ./.,,,244.02,244.14000000000001
sw07utt/sw_0740_2185.utt,2/sw2185,2185,109,+,B,50,1,"-- they're, - /","--/: they/PRP 're/VBP ,/,",,,244.02,244.08
sw07utt/sw_0740_2185.utt,2/sw2185,2185,110,sd,B,50,2,"[ we're not, + {D you know, } you're not ]  nearly as concerned with a barn or a grainery, or something like that as you would be  with your own house. /","we/PRP 're/VBP not/RB ,/, you/PRP know/VBP ,/, you/PRP 're/VBP not/RB nearly/RB as/IN concerned/JJ with/IN a/DT barn/NN or/CC a/DT grainery/NN ,/, or/CC something/NN like/IN that/DT as/IN you/PRP would/MD be/VB with/IN your/PRP$ own/JJ house/NN ./.",,,244.22,250.14
sw07utt/sw_0740_2185.utt,2/sw2185,2185,111,aa,A,51,1,"No,  /","No/UH ,/,",,,250.54,250.98
sw07utt/sw_0740_2185.utt,2/sw2185,2185,112,sv,A,51,2,I wouldn't think so <laughter>. /,I/PRP would/MD n't/RB think/VB so/RB ./.,,,251.68,252.64000000000001
sw07utt/sw_0740_2185.utt,2/sw2185,2185,113,x,B,52,1,<Laughter>.,,,,0.0,0.0
sw07utt/sw_0740_2185.utt,2/sw2185,2185,114,qy,A,53,1,Have you guys tackled your ceilings yet? /,Have/VBP you/PRP guys/NNS tackled/VBN your/PRP$ ceilings/NNS yet/RB ?/.,,,252.64,254.66
sw07utt/sw_0740_2185.utt,2/sw2185,2185,115,na,B,54,1,"{F Uh, } a little bit,  /","Uh/UH ,/, a/DT little/JJ bit/NN ,/,",,,255.1,255.92
sw07utt/sw_0740_2185.utt,2/sw2185,2185,116,ny,B,54,2,"yeah,  /","yeah/UH ,/,",,,255.92,256.21999999999997
sw07utt/sw_0740_2185.utt,2/sw2185,2185,117,ny^r,B,54,3,yeah. /,yeah/UH ./.,,,256.46,256.53999999999996
sw07utt/sw_0740_2185.utt,2/sw2185,2185,118,sd,A,55,1,"{F Oh, } we got to do that this summer.  /","Oh/UH ,/, we/PRP got/VBD to/TO do/VB that/IN this/DT summer/NN ./.",,,256.66,257.92
sw07utt/sw_0740_2185.utt,2/sw2185,2185,119,sd,A,55,2,We're dreading it. /,We/PRP 're/VBP dreading/VBG it/PRP ./.,,,257.92,258.58000000000004
sw07utt/sw_0740_2185.utt,2/sw2185,2185,120,b,B,56,1,Yeah  /,Yeah/UH,,,258.74,259.08
sw07utt/sw_0740_2185.utt,2/sw2185.pos,2185,121,x,B,56,2,<laughter>.,./.,,,0.0,0.0
sw07utt/sw_0740_2185.utt,2/sw2185,2185,122,sd,A,57,1,"It's like, they're dark. /","It/PRP 's/BES like/IN ,/, they/PRP 're/VBP dark/JJ ./.",,,259.22,261.96000000000004
sw07utt/sw_0740_2185.utt,2/sw2185,2185,123,b,B,58,1,Yeah. /,Yeah/UH ./.,,,261.84,261.94
sw07utt/sw_0740_2185.utt,2/sw2185,2185,124,sd,A,59,1,Everything else is white. /,Everything/NN else/RB is/VBZ white/NN ./.,,,262.44,263.58
sw07utt/sw_0740_2185.utt,2/sw2185,2185,125,ba,B,60,1,"{F Oh, } gosh,  /","Oh/UH ,/, gosh/UH ,/,",,,263.88,264.76
sw07utt/sw_0740_2185.utt,2/sw2185,2185,126,b,B,60,2,yeah.  /,yeah/UH ./.,,,264.96,265.38
sw07utt/sw_0740_2185.utt,2/sw2185,2185,127,sv,B,60,3,"[ Just, + just ] the opposite of what everybody's, {F uh, } working towards now. /","Just/RB ,/, just/RB the/DT opposite/NN of/IN what/WP everybody/NN 's/BES ,/, uh/UH ,/, working/VBG towards/IN now/RB ./.",,,265.38,268.71999999999997
sw07utt/sw_0740_2185.utt,2/sw2185,2185,128,qy,A,61,1,"Now have you thought about this?  That wherever you buy your paint, you need to make sure that that store's not likely to go out of business. /","Now/RB have/VBP you/PRP thought/VBN about/IN this/DT ?/. That/IN wherever/WRB you/PRP buy/VBP your/PRP$ paint/NN ,/, you/PRP need/VBP to/TO make/VB sure/RB that/IN that/DT store/NN 's/BES not/RB likely/JJ to/TO go/VB out/IN of/IN business/NN ./.",,,269.12,275.78
sw07utt/sw_0740_2185.utt,2/sw2185,2185,129,ny,B,62,1,"Yeah,  /","Yeah/UH ,/,",,,276.1,276.48
sw07utt/sw_0740_2185.utt,2/sw2185,2185,130,ny^r,B,62,2,"yeah,  /","yeah/UH ,/,",,,276.86,277.18
sw07utt/sw_0740_2185.utt,2/sw2185,2185,131,na,B,62,3,absolutely <laughter>.  /,absolutely/UH ./.,,,277.3,278.04
sw07utt/sw_0740_2185.utt,2/sw2185,2185,132,%,B,62,4,"Yeah,  /","Yeah/UH ,/,",,,278.18,278.6
sw07utt/sw_0740_2185.utt,2/sw2185,2185,133,sd,B,62,5,"[ we, + {F uh, } we ] stocked up the first time around.  /","we/PRP ,/, uh/UH ,/, we/PRP stocked/VBD up/RP the/DT first/JJ time/NN around/RP ./.",,,279.34,281.92
sw07utt/sw_0740_2185.utt,2/sw2185,2185,134,sd,B,62,6,"{C But } we've definitely got all the formulas on file,  /","But/CC we/PRP 've/VBP definitely/RB got/VBN all/PDT the/DT formulas/NNS on/IN file/NN ,/,",,,281.92,284.26
sw07utt/sw_0740_2185.utt,2/sw2185,2185,135,sd,B,62,7,"{C and, } {F uh, } [ we're, + they'll ] be there for a while.  /","and/CC ,/, uh/UH ,/, we/PRP 're/VBP ,/, they/PRP 'll/MD be/VB there/RB for/IN a/DT while/NN ./.",,,284.48,287.52
sw07utt/sw_0740_2185.utt,2/sw2185,2185,136,sd,B,62,8,"[ We're, + we're ] pretty comfortable with that.  /","We/PRP 're/VBP ,/, we/PRP 're/VBP pretty/RB comfortable/JJ with/IN that/DT ./.",,,287.52,288.84
sw07utt/sw_0740_2185.utt,2/sw2185,2185,137,%,B,62,9,"{C But, } {D yeah, }    it, - /","But/CC ,/, yeah/UH ,/, it/PRP ,/,",,,288.84,289.41999999999996
sw07utt/sw_0740_2185.utt,2/sw2185,2185,138,%,B,62,10,"it, - /","it/PRP ,/,",,,289.42,289.58000000000004
sw07utt/sw_0740_2185.utt,2/sw2185,2185,139,sd,B,62,11,"[ I'm, + I'm ]   real nervous every time [ I, + I ] open a new can.  /","I/PRP 'm/VBP ,/, I/PRP 'm/VBP real/RB nervous/JJ every/DT time/NN I/PRP ,/, I/PRP open/VBP a/DT new/JJ can/MD ./.",,,290.12,292.78
sw07utt/sw_0740_2185.utt,2/sw2185,2185,140,sd,B,62,12,"I'm wondering if I shouldn't buy about twenty gallons at one time and keep it all [ in a, + in a ] washtub or something somewhere  because [ I'm alwa-, + I'm always ] afraid that the next coat is not going to match. /","I/PRP 'm/VBP wondering/VBG if/IN I/PRP should/MD n't/RB buy/VB about/RB twenty/CD gallons/NNS at/IN one/CD time/NN and/CC keep/VB it/PRP all/DT in/NN a/DT ,/, in/IN a/DT washtub/NN or/CC something/NN somewhere/RB because/IN I/PRP 'm/VBP alwa-/RB ,/, I/PRP 'm/VBP always/RB afraid/JJ that/IN the/DT next/JJ coat/NN is/VBZ not/RB going/VBG to/TO match/VB ./.",,,292.78,301.8
sw07utt/sw_0740_2185.utt,2/sw2185,2185,141,b,A,63,1,Uh-huh. /,Uh-huh/UH ./.,,,301.99,302.21000000000004
sw07utt/sw_0740_2185.utt,2/sw2185,2185,142,sd,B,64,1,"{C But, } {F uh. }  It's gone pretty well.  /","But/CC ,/, uh/UH ./. It/PRP 's/HVS gone/VBN pretty/RB well/RB ./.",,,303.0,305.12
sw07utt/sw_0740_2185.utt,2/sw2185,2185,143,%,B,64,2,"It just, - /","It/PRP just/RB ,/,",,,305.18,305.7
sw07utt/sw_0740_2185.utt,2/sw2185,2185,144,sd,B,64,3,"[ [ it, + it, ] takes, + it takes ] some time.  /","it/PRP ,/, it/PRP ,/, takes/VBZ ,/, it/PRP takes/VBZ some/DT time/NN ./.",,,305.7,307.82
sw07utt/sw_0740_2185.utt,2/sw2185,2185,145,sd,B,64,4,"My problem is, while  I, - /","My/PRP$ problem/NN is/VBZ ,/, while/IN I/PRP ,/,",,,308.2,310.85999999999996
sw07utt/sw_0740_2185.utt,2/sw2185,2185,146,sd,B,64,5,"I'm  not overly proud of it,  /","I/PRP 'm/VBP not/RB overly/RB proud/JJ of/IN it/PRP ,/,",,,310.86,312.06
sw07utt/sw_0740_2185.utt,2/sw2185,2185,147,sd,B,64,6,"{C but } I'm a self-proclaimed, [ proclaimed + ] perfectionist,  /","but/CC I/PRP 'm/VBP a/DT self-proclaimed/JJ ,/, proclaimed/JJ perfectionist/NN ,/,",,,312.06,314.58
sw07utt/sw_0740_2185.utt,2/sw2185,2185,148,sd,B,64,7,"{C and }  [ it, + it ] takes me a long time to do trim and things like that.  /","and/CC it/PRP ,/, it/PRP takes/VBZ me/PRP a/DT long/JJ time/NN to/TO do/VB trim/NN and/CC things/NNS like/IN that/DT ./.",,,314.58,317.66
sw07utt/sw_0740_2185.utt,2/sw2185,2185,149,sd,B,64,8,"{C And } [ I'll find, + I'll find ]  something as I'm going along, something not related,  /","And/CC I/PRP 'll/MD find/VB ,/, I/PRP 'll/MD find/VB something/NN as/IN I/PRP 'm/VBP going/VBG along/RB ,/, something/NN not/RB related/JJ ,/,",,,318.32,322.98
sw07utt/sw_0740_2185.utt,2/sw2185,2185,150,sd,B,64,9,"[ like, + like, ] {F uh, }  I've gone about changing out all the outlets and switches because, [ they, + they ]  really didn't match.  /","like/IN ,/, like/IN ,/, uh/UH ,/, I/PRP 've/VBP gone/VBN about/IN changing/VBG out/RP all/PDT the/DT outlets/NNS and/CC switches/NNS because/IN ,/, they/PRP ,/, they/PRP really/RB did/VBD n't/RB match/VB ./.",,,322.98,328.97999999999996
sw07utt/sw_0740_2185.utt,2/sw2185,2185,151,%,B,64,10,"They were, - /","They/PRP were/VBD ,/,",,,329.52,329.86
sw07utt/sw_0740_2185.utt,2/sw2185,2185,152,sd,B,64,11,a few of them were broken and things like that.  /,a/DT few/NN of/IN them/PRP were/VBD broken/JJ and/CC things/NNS like/IN that/DT ./.,,,329.86,331.86
sw07utt/sw_0740_2185.utt,2/sw2185,2185,153,sd,B,64,12,"{C So, }  I always pick up these little extra tasks as I'm doing this, /","So/RB ,/, I/PRP always/RB pick/VBP up/IN these/DT little/JJ extra/JJ tasks/NNS as/IN I/PRP 'm/VBP doing/VBG this/DT ,/,",,,331.86,335.09999999999997
sw07utt/sw_0740_2185.utt,2/sw2185,2185,154,sd,B,64,13,"[ {C and, } + <laughter> {C and } ] the painting actually takes probably, {F uh, } a fourth of the time,  /","and/CC ,/, and/CC the/DT painting/NN actually/RB takes/VBZ probably/RB ,/, uh/UH ,/, a/DT fourth/NN of/IN the/DT time/NN ,/,",,,335.4,340.78000000000003
sw07utt/sw_0740_2185.utt,2/sw2185,2185,155,sd,B,64,14,"{C and } I'm always doing all this other stuff,  /","and/CC I/PRP 'm/VBP always/RB doing/VBG all/PDT this/DT other/JJ stuff/NN ,/,",,,341.3,343.02
sw07utt/sw_0740_2185.utt,2/sw2185,2185,156,sd,B,64,15,"{C and } my wife's hollering at me and  wondering what else I've come home with from work this time [ to, + to ]  put in, a ceiling fan or something strange like that.  /","and/CC my/PRP$ wife/NN 's/BES hollering/VBG at/IN me/PRP and/CC wondering/VBG what/WP else/RB I/PRP 've/VBP come/VB home/NN with/IN from/IN work/NN this/DT time/NN to/TO ,/, to/TO put/VB in/IN ,/, a/DT ceiling/NN fan/NN or/CC something/NN strange/JJ like/IN that/DT ./.",,,343.02,350.47
sw07utt/sw_0740_2185.utt,2/sw2185,2185,157,%,B,64,16,"{C So } {F uh, }  [ [ it, + it, ] + it ] always, - /","So/RB uh/UH ,/, it/PRP ,/, it/PRP ,/, it/PRP always/RB ,/,",,,351.19,353.65
sw07utt/sw_0740_2185.utt,2/sw2185,2185,158,sd,B,64,17,"[ [ it, + it, ] + it ]  gets you to look at everything real hard when [ yo-, + you ]  start putting a coat of paint on everything,  /","it/PRP ,/, it/PRP ,/, it/PRP gets/VBZ you/PRP to/TO look/VB at/IN everything/NN real/RB hard/JJ when/WRB yo-/PRP ,/, you/PRP start/VBP putting/VBG a/DT coat/NN of/IN paint/NN on/IN everything/NN ,/,",,,353.65,358.91
sw07utt/sw_0740_2185.utt,2/sw2185,2185,159,sd,B,64,18,you start to notice where all the dents and scratches and things are everywhere. /,you/PRP start/VBP to/TO notice/VB where/WRB all/PDT the/DT dents/NNS and/CC scratches/NNS and/CC things/NNS are/VBP everywhere/RB ./.,,,358.91,362.37
sw07utt/sw_0740_2185.utt,2/sw2185,2185,160,sd,A,65,1,"{F Oh, } {C but } I still feel good, the minute I put that paint on, <laughter> even if it does got a dent in it -- /","Oh/UH ,/, but/CC I/PRP still/RB feel/VBP good/JJ ,/, the/DT minute/NN I/PRP put/VBP that/DT paint/NN on/RP ,/, even/RB if/IN it/PRP does/VBZ got/VBN a/DT dent/NN in/IN it/PRP --/:",,,362.79,368.03000000000003
sw07utt/sw_0740_2185.utt,2/sw2185,2185,161,b,B,66,1,Yeah. /,Yeah/UH ./.,,,368.33,368.77
sw07utt/sw_0740_2185.utt,2/sw2185,2185,162,sd,A,67,1,-- I do. /,--/: I/PRP do/VBP ./.,,,369.01,369.33000000000004
sw07utt/sw_0740_2185.utt,2/sw2185,2185,163,aa,B,68,1,"Yeah,  /","Yeah/UH ,/,",,,369.65,370.01
sw07utt/sw_0740_2185.utt,2/sw2185,2185,164,sv,B,68,2,it sure makes a difference. /,it/PRP sure/RB makes/VBZ a/DT difference/NN ./.,,,370.03,371.25
sw07utt/sw_0740_2185.utt,2/sw2185,2185,165,qh,A,69,1,"{F Oh, } [ wha-, + what ]  else can I tell you about painting? /","Oh/UH ,/, wha/WP ,/, what/WP else/RB can/MD I/PRP tell/VB you/PRP about/IN painting/NN ?/.",,,371.99,375.41
sw07utt/sw_0740_2185.utt,2/sw2185,2185,166,x,B,70,1,<Laughter>.,,,,0.0,0.0
sw07utt/sw_0740_2185.utt,2/sw2185,2185,167,sd,A,71,1,"{F Oh, } {C and } I get it all in my hair, too.  /","Oh/UH ,/, and/CC I/PRP get/VBP it/PRP all/DT in/NN my/PRP$ hair/NN ,/, too/RB ./.",,,375.41,377.59
sw07utt/sw_0740_2185.utt,2/sw2185,2185,168,qy,A,71,2,Do you do that? /,Do/VBP you/PRP do/VBP that/DT ?/.,,,377.59,378.33
sw07utt/sw_0740_2185.utt,2/sw2185,2185,169,ny,B,72,1,Yeah. /,Yeah/UH ./.,,,378.21,378.57
sw07utt/sw_0740_2185.utt,2/sw2185,2185,170,qy^d,A,73,1,Spots in it. /,Spots/NNS in/IN it/PRP ./.,,,381.25,381.83000000000004
sw07utt/sw_0740_2185.utt,2/sw2185,2185,171,ny,B,74,1,"Yeah,  /","Yeah/UH ,/,",,,381.91,382.33000000000004
sw07utt/sw_0740_2185.utt,2/sw2185,2185,172,%,B,74,2,"[ it's, + it's ] been, {F uh, } - /","it/PRP 's/HVS ,/, it/PRP 's/HVS been/VBN ,/, uh/UH ,/,",,,382.37,383.65
sw07utt/sw_0740_2185.utt,2/sw2185,2185,173,sd,B,74,3,"[ we, + we ] bought this house with the idea that we were going to [ spend, + {D you know, } spend ]  a lot of time working on it,  /","we/PRP ,/, we/PRP bought/VBD this/DT house/NN with/IN the/DT idea/NN that/WDT we/PRP were/VBD going/VBG to/TO spend/VB ,/, you/PRP know/VBP ,/, spend/VB a/DT lot/NN of/IN time/NN working/VBG on/IN it/PRP ,/,",,,384.31,389.73
sw07utt/sw_0740_2185.utt,2/sw2185,2185,174,sd,B,74,4,"{C and, } {F uh, } it was part,  {D you know, } - /","and/CC ,/, uh/UH ,/, it/PRP was/VBD part/NN ,/, you/PRP know/VBP ,/,",,,389.73,391.67
sw07utt/sw_0740_2185.utt,2/sw2185,2185,175,sd,B,74,5,"part of the excitement [ was, +  was ]  getting a good deal on an older house that just, [ it + ]  really hadn't been taken care of very well.  /","part/NN of/IN the/DT excitement/NN was/VBD ,/, was/VBD getting/VBG a/DT good/JJ deal/NN on/IN an/DT older/JJR house/NN that/WDT just/RB ,/, it/PRP really/RB had/VBD n't/RB been/VBN taken/VBN care/NN of/IN very/RB well/RB ./.",,,391.67,397.81
sw07utt/sw_0740_2185.utt,2/sw2185,2185,176,sd,B,74,6,"[ It, + it ] was actually, - /","It/PRP ,/, it/PRP was/VBD actually/RB ,/,",,,397.81,398.57
sw07utt/sw_0740_2185.utt,2/sw2185,2185,177,sd,B,74,7,it was rented out for a couple of  years and things like that.  /,it/PRP was/VBD rented/VBN out/RP for/IN a/DT couple/NN of/IN years/NNS and/CC things/NNS like/IN that/DT ./.,,,398.57,400.77
sw07utt/sw_0740_2185.utt,2/sw2185,2185,178,sd,B,74,8,"{C So, } [ we + {F uh, } we ] ended up getting a fairly good deal on it.  /","So/RB ,/, we/PRP uh/UH ,/, we/PRP ended/VBD up/RP getting/VBG a/DT fairly/RB good/JJ deal/NN on/IN it/PRP ./.",,,400.77,403.79
sw07utt/sw_0740_2185.utt,2/sw2185,2185,179,sd,B,74,9,"{C But, } {F uh, } there just isn't enough time,  /","But/CC ,/, uh/UH ,/, there/EX just/RB is/VBZ n't/RB enough/JJ time/NN ,/,",,,403.79,406.11
sw07utt/sw_0740_2185.utt,2/sw2185,2185,180,sd,B,74,10,"[ [ I, + I, ] + I ] [ fi-, + find ]  myself going to work knowing [ that, + that ] there's a job about half done at home,  /","I/PRP ,/, I/PRP ,/, I/VBP fi/VBP ,/, find/VBP myself/PRP going/VBG to/IN work/NN knowing/VBG that/IN ,/, that/IN there/EX 's/BES a/DT job/NN about/RB half/RB done/JJ at/IN home/NN ,/,",,,406.11,411.77
sw07utt/sw_0740_2185.utt,2/sw2185,2185,181,%,B,74,11,"{C and } I really, - /","and/CC I/PRP really/RB ,/,",,,411.77,412.21
sw07utt/sw_0740_2185.utt,2/sw2185,2185,182,sd,B,74,12,"[ if I would, + if I'd ] just stay home and finish it, I'd feel a lot better,  /","if/IN I/PRP would/MD ,/, if/IN I/PRP 'd/MD just/RB stay/VB home/NN and/CC finish/VB it/PRP ,/, I/PRP 'd/MD feel/VB a/DT lot/NN better/JJR ,/,",,,412.29,415.61
sw07utt/sw_0740_2185.utt,2/sw2185,2185,183,sd,B,74,13,"{C but, } {F uh, } [ I'm, + I'm ] starting to learn that there's always something else.  /","but/CC ,/, uh/UH ,/, I/PRP 'm/VBP ,/, I/PRP 'm/VBP starting/VBG to/TO learn/VB that/IN there/EX 's/BES always/RB something/NN else/RB ./.",,,415.61,419.05
sw07utt/sw_0740_2185.utt,2/sw2185,2185,184,sv,B,74,14,"<laughter> Once you get done, you can always start over  /","Once/RB you/PRP get/VBP done/VBN ,/, you/PRP can/MD always/RB start/VB over/RP",,,420.13,422.15
sw07utt/sw_0740_2185.utt,2/sw2185,2185,185,sv,B,74,15,"[ {C and, } + {C and } ]  you make up all kinds of excuses.  /","and/CC ,/, and/CC you/PRP make/VBP up/RP all/DT kinds/NNS of/IN excuses/NNS ./.",,,422.15,424.35
sw07utt/sw_0740_2185.utt,2/sw2185,2185,186,o@,B,74,16,"{C So, } {F uh. }  *[[ slash error ]]","So/RB ,/, uh/UH ./.",,,424.35,424.93
sw07utt/sw_0740_2185.utt,2/sw2185,2185,187,qy,A,75,1,Are you having to repair the walls at all? /,Are/VBP you/PRP having/VBG to/TO repair/VB the/DT walls/NNS at/IN all/DT ?/.,,,425.45,427.99
sw07utt/sw_0740_2185.utt,2/sw2185,2185,188,+@,B,76,1,"{F Uh, } not a whole lot.  / *[[slash error]]","Uh/UH ,/, not/RB a/DT whole/JJ lot/NN ./.",,,427.87,429.42999999999995
sw07utt/sw_0740_2185.utt,2/sw2185,2185,189,%,B,76,2,"It, - /","It/PRP ,/,",,,429.43,429.63
sw07utt/sw_0740_2185.utt,2/sw2185,2185,190,sd,B,76,3,"[ they're, + they're ]  in pretty good condition, {F um, } as far as, {F uh, } major repairs.  {D You know, } [ lo-, + a lot ]  of little filling holes and  nicks and things like that,  /","they/PRP 're/VBP ,/, they/PRP 're/VBP in/IN pretty/RB good/JJ condition/NN ,/, um/UH ,/, as/RB far/RB as/IN ,/, uh/UH ,/, major/JJ repairs/NNS ./. You/PRP know/VBP ,/, lo-/NN ,/, a/DT lot/NN of/IN little/JJ filling/NN holes/NNS and/CC nicks/NNS and/CC things/NNS like/IN that/DT ,/,",,,429.81,439.49
sw07utt/sw_0740_2185.utt,2/sw2185,2185,191,%,B,76,4,"{C but, } {F uh, } the only, - /","but/CC ,/, uh/UH ,/, the/DT only/RB ,/,",,,439.49,440.90999999999997
sw07utt/sw_0740_2185.utt,2/sw2185,2185,192,sd,B,76,5,"the most major things have been, {F uh, } {F oh, } I guess [ I, + I ] moved a couple of outlets, and, {F er, } {F uh, } switches I should say.  /","the/DT most/RBS major/JJ things/NNS have/VBP been/VBN ,/, uh/UH ,/, oh/UH ,/, I/PRP guess/VBP I/PRP ,/, I/PRP moved/VBD a/DT couple/NN of/IN outlets/NNS ,/, and/CC ,/, er/UH ,/, uh/UH ,/, switches/NNS I/PRP should/MD say/VB ./.",,,441.35,449.01
sw07utt/sw_0740_2185.utt,2/sw2185,2185,193,sd,B,76,6,"For some reason, they put a bathroom  light switch in the hallway  /","For/IN some/DT reason/NN ,/, they/PRP put/VBD a/DT bathroom/NN light/NN switch/NN in/IN the/DT hallway/NN",,,449.27,452.71
sw07utt/sw_0740_2185.utt,2/sw2185,2185,194,%,B,76,7,"{C and, } {F uh } -- -/","and/CC ,/, uh/UH --/:",,,453.27,453.79
sw07utt/sw_0740_2185.utt,2/sw2185,2185,195,ba,A,77,1,"{F Um, } that's smart. /","Um/UH ,/, that/DT 's/BES smart/JJ ./.",,,453.91,454.41
sw07utt/sw_0740_2185.utt,2/sw2185,2185,196,b,B,78,1,"-- yeah,  /","--/: yeah/UH ,/,",,,454.59,454.78999999999996
sw07utt/sw_0740_2185.utt,2/sw2185,2185,197,sd,B,78,2,"{C and } [ I, + I ]  didn't like that very  well,  /","and/CC I/PRP ,/, I/PRP did/VBD n't/RB like/VB that/DT very/RB well/RB ,/,",,,454.79,456.33
sw07utt/sw_0740_2185.utt,2/sw2185,2185,198,sd,B,78,3,"{C so } [ I, +  I ] moved that,  /","so/RB I/PRP ,/, I/PRP moved/VBD that/DT ,/,",,,456.33,457.33000000000004
sw07utt/sw_0740_2185.utt,2/sw2185,2185,199,sd,B,78,4,"{C but, } {F uh, } [ most of it, + most of it's ] in pretty good shape./","but/CC ,/, uh/UH ,/, most/RBS of/IN it/PRP ,/, most/RBS of/IN it/PRP 's/BES in/IN pretty/RB good/JJ shape/NN ./.",,,457.47,460.81
sw07utt/sw_0740_2185.utt,2/sw2185,2185,200,qw,A,79,1,{D So } where do you live? /,So/RB where/WRB do/VBP you/PRP live/VB ?/.,,,460.93,462.95
sw07utt/sw_0740_2185.utt,2/sw2185,2185,201,sd,B,80,1,"{F Uh, } live in Dallas. /","Uh/UH ,/, live/VBP in/IN Dallas/NNP ./.",,,462.83,463.75
sw07utt/sw_0740_2185.utt,2/sw2185,2185,202,sd,A,81,1,I'm in Garland. /,I/PRP 'm/VBP in/IN Garland/NNP ./.,,,464.25,464.89
sw07utt/sw_0740_2185.utt,2/sw2185,2185,203,bk,B,82,1,"Okay,  /","Okay/UH ,/,",,,465.19,465.67
sw07utt/sw_0740_2185.utt,2/sw2185,2185,204,bk,B,82,2,okay. /,okay/UH ./.,,,465.85,466.23
sw07utt/sw_0740_2185.utt,2/sw2185,2185,205,qy^t,A,83,1,Did you try to call this weekend? /,Did/VBD you/PRP try/VB to/TO call/VB this/DT weekend/NN ?/.,,,467.59,468.89
sw07utt/sw_0740_2185.utt,2/sw2185,2185,206,%,B,84,1,{F Uh. } /,Uh/UH ./.,,,469.71,469.90999999999997
sw07utt/sw_0740_2185.utt,2/sw2185,2185,207,qy^t,A,85,1,"To that switchboard, - /","To/IN that/DT switchboard/NN ,/,",,,470.03,470.55
sw07utt/sw_0740_2185.utt,2/sw2185,2185,208,qy^t,A,85,2,did you keep getting that it was down? /,did/VBD you/PRP keep/VBP getting/VBG that/IN it/PRP was/VBD down/JJ ?/.,,,470.55,472.21000000000004
sw07utt/sw_0740_2185.utt,2/sw2185,2185,209,nn,B,86,1,"No,  /","No/UH ,/,",,,472.49,473.01
sw07utt/sw_0740_2185.utt,2/sw2185,2185,210,nn^r,B,86,2,"no,  /","no/UH ,/,",,,473.01,473.31
sw07utt/sw_0740_2185.utt,2/sw2185,2185,211,ng,B,86,3,"I haven't,  /","I/PRP have/VBP n't/RB ,/,",,,473.31,473.85
sw07utt/sw_0740_2185.utt,2/sw2185,2185,212,sd,B,86,4,"{F uh, } I hadn't tried. /","uh/UH ,/, I/PRP had/VBD n't/RB tried/VBN ./.",,,473.85,475.04999999999995
sw07utt/sw_0740_2185.utt,2/sw2185,2185,213,bh,A,87,1,You didn't? /,You/PRP did/VBD n't/RB ?/.,,,475.17,475.49
sw07utt/sw_0740_2185.utt,2/sw2185,2185,214,sd,B,88,1,"In fact, [ we were, + we were ]  planting flowers this weekend <laughter>.  /","In/IN fact/NN ,/, we/PRP were/VBD ,/, we/PRP were/VBD planting/VBG flowers/NNS this/DT weekend/NN ./.",,,475.37,478.51000000000005
sw07utt/sw_0740_2185.utt,2/sw2185,2185,215,sd,B,88,2,"{C So, }  {F uh, } I was pretty tied up,  /","So/RB ,/, uh/UH ,/, I/PRP was/VBD pretty/RB tied/JJ up/RP ,/,",,,479.17,480.91
sw07utt/sw_0740_2185.utt,2/sw2185,2185,216,%,B,88,3,{C but. } -/,but/CC ./.,,,480.91,481.05
sw07utt/sw_0740_2185.utt,2/sw2185,2185,217,b,A,89,1,"Yeah,  /","Yeah/UH ,/,",,,481.17,481.55
sw07utt/sw_0740_2185.utt,2/sw2185,2185,218,sd,A,89,2,"{D well, } I've never tried any other kinds of painting besides on a surface like the house --","well/UH ,/, I/PRP 've/VBP never/RB tried/VBN any/DT other/JJ kinds/NNS of/IN painting/NN besides/IN on/IN a/DT surface/NN like/IN the/DT house/NN --/:",,,482.01,490.39000000000004
sw07utt/sw_0740_2185.utt,2/sw2185,2185,219,b,B,90,1,Uh-huh. /,Uh-huh/UH ./.,,,490.41,490.57000000000005
sw07utt/sw_0740_2185.utt,2/sw2185,2185,220,+,A,91,1,-- like to paint a picture or anything.  /,--/: like/VBP to/TO paint/VB a/DT picture/NN or/CC anything/NN ./.,,,490.69,492.95
sw07utt/sw_0740_2185.utt,2/sw2185,2185,221,h,A,91,2,"I don't know,  /","I/PRP do/VBP n't/RB know/VB ,/,",,,492.95,493.65
sw07utt/sw_0740_2185.utt,2/sw2185,2185,222,sd,A,91,3,I can't think of anything else to say about painting. /,I/PRP ca/MD n't/RB think/VB of/IN anything/NN else/RB to/TO say/VB about/IN painting/NN ./.,,,494.53,496.81
sw07utt/sw_0740_2185.utt,2/sw2185,2185,223,b,B,92,1,"Yeah,  /","Yeah/UH ,/,",,,497.25,497.53
sw07utt/sw_0740_2185.utt,2/sw2185,2185,224,%,B,92,2,"that, {F uh. } -/","that/DT ,/, uh/UH ./.",,,497.53,498.03
sw07utt/sw_0740_2185.utt,2/sw2185,2185,225,sv,A,93,1,"It hurts your back,  /","It/PRP hurts/VBZ your/PRP$ back/NN ,/,",,,498.15,499.11
sw07utt/sw_0740_2185.utt,2/sw2185,2185,226,sv,A,93,2,{C and } it hurts your arm. /,and/CC it/PRP hurts/VBZ your/PRP$ arm/NN ./.,,,499.11,500.17
sw07utt/sw_0740_2185.utt,2/sw2185,2185,227,aa,B,94,1,"Yeah,  /","Yeah/UH ,/,",,,500.31,500.63
sw07utt/sw_0740_2185.utt,2/sw2185,2185,228,aa,B,94,2,you know it <laughter>.  /,you/PRP know/VBP it/PRP ./.,,,500.89,501.31
sw07utt/sw_0740_2185.utt,2/sw2185,2185,229,sd,B,94,3,"[ I get a so-, + I get a sore ]  neck from looking up all the time,  {D yeah, }   things like that <laughter> -- /","I/PRP get/VBP a/DT so-/NN ,/, I/PRP get/VBP a/DT sore/JJ neck/NN from/IN looking/VBG up/RB all/PDT the/DT time/NN ,/, yeah/UH ,/, things/NNS like/IN that/DT --/:",,,501.75,506.13
sw07utt/sw_0740_2185.utt,2/sw2185,2185,230,b,A,95,1,Yeah. /,Yeah/UH ./.,,,506.25,506.57
sw07utt/sw_0740_2185.utt,2/sw2185,2185,231,o,B,96,1,"-- {C but, } {F uh, } no,  /","--/: but/CC ,/, uh/UH ,/, no/UH ,/,",,,506.83,508.37
sw07utt/sw_0740_2185.utt,2/sw2185,2185,232,sd,B,96,2,that pretty much covers my experiences. /,that/DT pretty/RB much/RB covers/VBZ my/PRP$ experiences/NNS ./.,,,508.37,510.13000000000005
sw07utt/sw_0740_2185.utt,2/sw2185,2185,233,qy^d,A,97,1,"{C But } you're glad you're doing it,  /","But/CC you/PRP 're/VBP glad/JJ you/PRP 're/VBP doing/VBG it/PRP ,/,",,,510.51,511.45
sw07utt/sw_0740_2185.utt,2/sw2185,2185,234,^g,A,97,2,right? /,right/UH ?/.,,,511.45,511.71
sw07utt/sw_0740_2185.utt,2/sw2185,2185,235,ny,B,98,1,"{F Oh } yeah,  /","Oh/UH yeah/UH ,/,",,,511.89,512.37
sw07utt/sw_0740_2185.utt,2/sw2185,2185,236,na,B,98,2,most definitely.  /,most/RBS definitely/RB ./.,,,512.63,513.3100000000001
sw07utt/sw_0740_2185.utt,2/sw2185,2185,237,%,B,98,3,"[ It, + it ] just, - /","It/PRP ,/, it/PRP just/RB ,/,",,,513.31,514.5699999999999
sw07utt/sw_0740_2185.utt,2/sw2185,2185,238,sd,B,98,4,it makes such a difference.  /,it/PRP makes/VBZ such/PDT a/DT difference/NN ./.,,,515.15,516.39
sw07utt/sw_0740_2185.utt,2/sw2185,2185,239,%,B,98,5,"I, - /","I/PRP ,/,",,,516.39,516.53
sw07utt/sw_0740_2185.utt,2/sw2185,2185,240,sd,B,98,6,"like I say, [ th-, + the ] overall appearance of this house  is what really devalued it so much.  /","like/IN I/PRP say/VBP ,/, th-/DT ,/, the/DT overall/JJ appearance/NN of/IN this/DT house/NN is/VBZ what/WP really/RB devalued/VBN it/PRP so/RB much/JJ ./.",,,516.53,521.21
sw07utt/sw_0740_2185.utt,2/sw2185,2185,241,sd,B,98,7,"{F Uh, } [ [ I, + {D you know, } I, ] + I ]  don't want to put a price on it,  /","Uh/UH ,/, I/PRP ,/, you/PRP know/VBP ,/, I/PRP ,/, I/PRP do/VBP n't/RB want/VB to/TO put/VB a/DT price/NN on/IN it/PRP ,/,",,,521.25,524.28
sw07utt/sw_0740_2185.utt,2/sw2185,2185,242,sd,B,98,8,"{C but } I just feel like [ we're, + ] [ every, + every ]  gallon of paint adds a tremendous amount of value to the house.  /","but/CC I/PRP just/RB feel/VBP like/IN we/PRP 're/VBP ,/, every/DT ,/, every/DT gallon/NN of/IN paint/NN adds/VBZ a/DT tremendous/JJ amount/NN of/IN value/NN to/IN the/DT house/NN ./.",,,524.29,529.3
sw07utt/sw_0740_2185.utt,2/sw2185,2185,243,sd,B,98,9,"{D You know, } [ ev-, + every ]  time I do something, aside from that it just makes me feel a whole lot better to come home,  an {D you know, } [ o-, + ] the walls are clean,  /","You/PRP know/VBP ,/, ev-/DT ,/, every/DT time/NN I/PRP do/VBP something/NN ,/, aside/IN from/IN that/DT it/PRP just/RB makes/VBZ me/PRP feel/VB a/DT whole/JJ lot/NN better/JJR to/TO come/VB home/NN ,/, an/CC you/PRP know/VBP ,/, o-/XX ,/, the/DT walls/NNS are/VBP clean/JJ ,/,",,,529.3,537.12
sw07utt/sw_0740_2185.utt,2/sw2185,2185,244,sd,B,98,10,"{C and } they match, and all those kinds of things. /","and/CC they/PRP match/VBP ,/, and/CC all/PDT those/DT kinds/NNS of/IN things/NNS ./.",,,537.12,539.16
sw07utt/sw_0740_2185.utt,2/sw2185,2185,245,b,A,99,1,Uh-huh.  /,Uh-huh/UH ./.,,,539.29,539.65
sw07utt/sw_0740_2185.utt,2/sw2185,2185,246,qy,A,99,2,Do you have one of those straightedge  things to put underneath when you're doing the baseboards? /,Do/VBP you/PRP have/VB one/CD of/IN those/DT straightedge/JJ things/NNS to/TO put/VB underneath/RB when/WRB you/PRP 're/VBP doing/VBG the/DT baseboards/NNS ?/.,,,539.65,543.71
sw07utt/sw_0740_2185.utt,2/sw2185,2185,247,ny,B,100,1,"Yeah,  /","Yeah/UH ,/,",,,544.0,544.44
sw07utt/sw_0740_2185.utt,2/sw2185,2185,248,ny^r,B,100,2,"yeah,  /","yeah/UH ,/,",,,545.18,545.52
sw07utt/sw_0740_2185.utt,2/sw2185,2185,249,na,B,100,3,we do.  /,we/PRP do/VBP ./.,,,545.52,546.0
sw07utt/sw_0740_2185.utt,2/sw2185,2185,250,sd^e,B,100,4,"[ It, + {F uh, } it ]  sometimes works  /","It/PRP ,/, uh/UH ,/, it/PRP sometimes/RB works/VBZ",,,546.1,548.6
sw07utt/sw_0740_2185.utt,2/sw2185,2185,251,sd,B,100,5,{C and } it sometimes doesn't.  /,and/CC it/PRP sometimes/RB does/VBZ n't/RB ./.,,,548.6,549.64
sw07utt/sw_0740_2185.utt,2/sw2185,2185,252,%,B,100,6,"It's a, {F uh, } - /","It/PRP 's/BES a/DT ,/, uh/UH ,/,",,,549.64,551.32
sw07utt/sw_0740_2185.utt,2/sw2185,2185,253,sd,B,100,7,"when I start doing trim,  [ I, + I've ] gotten to where [ I, + I ] tend to freehand it because [ ther-, + there's ]  so many layers of paint on this house after  forty years that, {F uh, } [ it, + it's ] so hard to tell  where an edge is anymore,  /","when/WRB I/PRP start/VBP doing/VBG trim/NN ,/, I/PRP ,/, I/PRP 've/VBP gotten/VBN to/IN where/WRB I/PRP ,/, I/PRP tend/VBP to/TO freehand/VB it/PRP because/IN ther-/EX ,/, there/EX 's/BES so/RB many/JJ layers/NNS of/IN paint/NN on/IN this/DT house/NN after/IN forty/CD years/NNS that/IN ,/, uh/UH ,/, it/PRP ,/, it/PRP 's/BES so/RB hard/JJ to/TO tell/VB where/WRB an/DT edge/NN is/VBZ anymore/RB ,/,",,,551.32,562.92
sw07utt/sw_0740_2185.utt,2/sw2185,2185,254,%,B,100,8,{C and } {F uh. } -/,and/CC uh/UH ./.,,,563.36,563.9000000000001
sw07utt/sw_0740_2185.utt,2/sw2185,2185,255,qy,A,101,1,On your baseboards? /,On/IN your/PRP$ baseboards/NNS ?/.,,,564.27,565.05
sw07utt/sw_0740_2185.utt,2/sw2185,2185,256,ny,B,102,1,"Yeah,  /","Yeah/UH ,/,",,,565.24,565.44
sw07utt/sw_0740_2185.utt,2/sw2185,2185,257,ny^r,B,102,2,"yeah,  /","yeah/UH ,/,",,,565.44,565.7
sw07utt/sw_0740_2185.utt,2/sw2185,2185,258,%,B,102,3,"they y-, -/","they/PRP y-/XX ,/,",,,0.0,0.0
sw07utt/sw_0740_2185.utt,2/sw2185,2185,259,qy^d,A,103,1,You don't have any carpet down in your house? /,You/PRP do/VBP n't/RB have/VB any/DT carpet/NN down/IN in/IN your/PRP$ house/NN ?/.,,,566.23,568.09
sw07utt/sw_0740_2185.utt,2/sw2185,2185,260,nn,B,104,1,No  /,No/UH,,,568.32,568.6400000000001
sw07utt/sw_0740_2185.utt,2/sw2185,2185,261,sd^e,B,104,2,there's no carpet in the house right now. /,there/EX 's/BES no/DT carpet/NN in/IN the/DT house/NN right/RB now/RB ./.,,,568.64,570.1
sw07utt/sw_0740_2185.utt,2/sw2185,2185,262,sd,A,105,1,"{D See, } we've got carpet,  /","See/VB ,/, we/PRP 've/VBP got/VBN carpet/NN ,/,",,,570.63,571.65
sw07utt/sw_0740_2185.utt,2/sw2185,2185,263,sd,A,105,2,"{C and, } I haven't  figured out how you're supposed to  paint it, on down, so that you won't see where you stopped off --","and/CC ,/, I/PRP have/VBP n't/RB figured/VBN out/RP how/WRB you/PRP 're/VBP supposed/VBN to/TO paint/VB it/PRP ,/, on/IN down/RB ,/, so/IN that/IN you/PRP wo/MD n't/RB see/VB where/WRB you/PRP stopped/VBD off/RP --/:",,,571.65,578.73
sw07utt/sw_0740_2185.utt,2/sw2185,2185,264,b,B,106,1,"{F Um, } -kay. -/","Um/UH ,/, -kay/UH ./.",,,0.0,0.0
sw07utt/sw_0740_2185.utt,2/sw2185,2185,265,+,A,107,1,-- and still not get it on the carpet.  /,--/: and/CC still/RB not/RB get/VB it/PRP on/IN the/DT carpet/NN ./.,,,579.29,581.59
sw07utt/sw_0740_2185.utt,2/sw2185,2185,266,sd,A,107,2,{C Because } every time you move that edger then it gets the carpet into it. /,Because/IN every/DT time/NN you/PRP move/VBP that/DT edger/NN then/RB it/PRP gets/VBZ the/DT carpet/NN into/IN it/PRP ./.,,,581.59,584.35
sw07utt/sw_0740_2185.utt,2/sw2185,2185,267,%,B,108,1,"{D Well, } {D you know, } {F um. } -/","Well/UH ,/, you/PRP know/VBP ,/, um/UH ./.",,,584.22,585.08
sw07utt/sw_0740_2185.utt,2/sw2185,2185,268,sd,A,109,1,You can't hold it there until it's dried. /,You/PRP ca/MD n't/RB hold/VB it/PRP there/RB until/IN it/PRP 's/HVS dried/VBN ./.,,,585.21,586.7900000000001
sw07utt/sw_0740_2185.utt,2/sw2185,2185,269,aa,B,110,1,"Yeah,  /","Yeah/UH ,/,",,,587.1,587.58
sw07utt/sw_0740_2185.utt,2/sw2185,2185,270,%,B,110,2,"[ [ I, + I've p-, ] + I've seen, ] {F uh, } - /","I/PRP ,/, I/PRP 've/VBP p-/XX ,/, I/PRP 've/VBP seen/VBN ,/, uh/UH ,/,",,,587.58,589.42
sw07utt/sw_0740_2185.utt,2/sw2185,2185,271,sd,B,110,3,"[ they're, + they ] make some plastic edging stuff that comes in {D like } three foot lengths.  /","they/PRP 're/VBP ,/, they/PRP make/VBP some/DT plastic/NN edging/NN stuff/NN that/WDT comes/VBZ in/IN like/IN three/CD foot/NN lengths/NNS ./.",,,590.06,595.44
sw07utt/sw_0740_2185.utt,2/sw2185,2185,272,sd,B,110,4,"{C And, } [ you can, + {F uh, } you can ] tape them together  /","And/CC ,/, you/PRP can/MD ,/, uh/UH ,/, you/PRP can/MD tape/VB them/PRP together/RB",,,596.24,599.4
sw07utt/sw_0740_2185.utt,2/sw2185,2185,273,%,B,110,5,"[ [ {C and, } + {C and, } ] + {C and } ] put ... -/","and/CC ,/, and/CC ,/, and/CC put/VB .../:",,,599.4,600.4
