swda_filename,ptb_basename,conversation_no,transcript_index,act_tag,caller,utterance_index,subutterance_index,text,pos,trees,ptb_treenumbers,start_ts,end_ts
sw05utt/sw_0527_2177.utt,2/sw2177,2177,0,qy,A,1,1,"Cindy, have you seen DANCES WITH WOLVES? /","[ Cindy/NNP ] ,/, have/VBP  [ you/PRP ] seen/VBN  [ DANCES/VBZ ] WITH/IN  [ WOLVES/NNS ] ?/.","(SQ (NP-VOC (NNP Cindy)) (, ,) (VBP have) (NP-SBJ (PRP you)) (VP (VBN seen) (VP-TTL (VBZ DANCES) (PP (IN WITH) (NP (NNS WOLVES))))) (. ?) (-DFL- E_S))",1,0.66,2.64
sw05utt/sw_0527_2177.utt,2/sw2177,2177,1,nn,B,2,1,"No,  /","No/UH ,/,","(INTJ (UH No) (, ,) (-DFL- E_S))",3,2.77,3.09
sw05utt/sw_0527_2177.utt,2/sw2177,2177,2,sd^e,B,2,2,I haven't.  /,[ I/PRP ] have/VBP n't/RB ./.,(S (NP-SBJ (PRP I)) (VP (VBP have) (RB n't) (VP (-NONE- *?*))) (. .) (-DFL- E_S)),4,3.09,3.53
sw05utt/sw_0527_2177.utt,2/sw2177,2177,3,qy,B,2,3,Have you? /,Have/VBP  [ you/PRP ] ?/.,(SQ (VBP Have) (NP-SBJ (PRP you)) (VP (-NONE- *?*)) (. ?) (-DFL- E_S)),5,3.53,3.71
sw05utt/sw_0527_2177.utt,2/sw2177,2177,4,na,A,3,1,"{F Oh, } that is a wonderful movie. /","Oh/UH ,/,  [ that/DT ] is/VBZ  [ a/DT wonderful/JJ movie/NN ] ./.","(S (INTJ (UH Oh)) (, ,) (NP-SBJ (DT that)) (VP (VBZ is) (NP-PRD (DT a) (JJ wonderful) (NN movie))) (. .) (-DFL- E_S))",7,3.76,5.590000000000001
sw05utt/sw_0527_2177.utt,2/sw2177,2177,5,b,B,4,1,"Uh-huh,  /","Uh-huh/UH ,/,","(INTJ (UH Uh-huh) (, ,) (-DFL- E_S))",9,5.63,5.95
sw05utt/sw_0527_2177.utt,2/sw2177,2177,6,%,B,4,2,"it's not,  /","[ it/PRP ] 's/BES not/RB ,/,","(S (NP-SBJ (PRP it)) (VP-UNF (BES 's) (RB not)) (, ,) (-DFL- E_S))",10,5.95,6.37
sw05utt/sw_0527_2177.utt,2/sw2177,2177,7,qy,B,4,3,the length isn't too long? /,[ the/DT length/NN ] is/VBZ n't/RB too/RB long/JJ ?/.,(S (NP-SBJ (DT the) (NN length)) (VP (VBZ is) (RB n't) (ADJP-PRD (RB too) (JJ long))) (. ?) (-DFL- E_S)),11,6.55,7.8500000000000005
sw05utt/sw_0527_2177.utt,2/sw2177,2177,8,nn,A,5,1,No. /,[ No/UH ] ./.,(INTJ (UH No) (. .) (-DFL- E_S)),13,8.23,8.59
sw05utt/sw_0527_2177.utt,2/sw2177,2177,9,b,B,6,1,Uh-huh. /,[ Uh-huh/UH ] ./.,(INTJ (UH Uh-huh) (. .) (-DFL- E_S)),15,8.99,9.35
sw05utt/sw_0527_2177.utt,2/sw2177,2177,10,nn,A,7,1,{F Oh } goodness no. /,Oh/UH  [ goodness/UH ] no/UH ./.,(INTJ (INTJ (UH Oh)) (INTJ (UH goodness)) (INTJ (UH no)) (. .) (-DFL- E_S)),17,9.49,10.43
sw05utt/sw_0527_2177.utt,2/sw2177,2177,11,b@,B,8,1,{F Uh }  ((   )) .    *[[slash error]],[ Uh/UH MUMBLEx/XX ] ./.,(FRAG (INTJ (UH Uh)) (X (XX MUMBLEx)) (. .)),19,10.45,10.69
sw05utt/sw_0527_2177.utt,2/sw2177,2177,12,sv,A,9,1,"[ You don't even, + you don't even ] realize it, {D you know. } /","[ You/PRP ] do/VBP n't/RB even/RB ,/,  [ you/PRP ] do/VBP n't/RB even/RB realize/VB  [ it/PRP ] ,/,  [ you/PRP ] know/VBP ./.","(S (EDITED (RM (-DFL- \[)) (S (NP-SBJ (PRP You)) (VP-UNF (VBP do) (RB n't) (ADVP (RB even)))) (, ,) (IP (-DFL- \+))) (NP-SBJ (PRP you)) (VP (VBP do) (RB n't) (ADVP (RB even)) (RS (-DFL- \])) (VP (VB realize) (NP (PRP it)) (PRN (, ,) (S (NP-SBJ (PRP you)) (VP (VBP know)))))) (. .) (-DFL- E_S))",22,11.05,12.95
sw05utt/sw_0527_2177.utt,2/sw2177,2177,13,+,B,10,1,"{D Well, } we all heard different opinions about it.   /","Well/UH ,/,  [ we/PRP ] [ all/DT ] heard/VBD  [ different/JJ opinions/NNS ] about/IN  [ it/PRP ] ./.","(S (INTJ (UH Well)) (, ,) (NP-SBJ (NP (PRP we)) (NP (DT all))) (VP (VBD heard) (NP (NP (JJ different) (NNS opinions)) (PP (IN about) (NP (PRP it))))) (. .) (-DFL- E_S))",20,12.91,14.69
sw05utt/sw_0527_2177.utt,2/sw2177,2177,14,%,B,10,2,"{F Uh, } -/","[ Uh/UH ] ,/,","(INTJ (UH Uh) (, ,) (-DFL- N_S))",24,14.87,14.969999999999999
sw05utt/sw_0527_2177.utt,2/sw2177,2177,15,bh,A,11,1,Really. /,Really/UH ./.,(INTJ (UH Really) (. .) (-DFL- E_S)),26,15.01,15.39
sw05utt/sw_0527_2177.utt,2/sw2177,2177,16,ny,B,12,1,"Uh-huh,  /","[ Uh-huh/UH ] ,/,","(INTJ (UH Uh-huh) (, ,) (-DFL- E_S))",9,15.79,16.13
sw05utt/sw_0527_2177.utt,2/sw2177,2177,17,%,B,12,2,"one that, {D you know, } - /","[ one/CD that/WDT ] ,/,  [ you/PRP ] know/VBP ,/,","(S (NP-SBJ (NP (CD one)) (SBAR-UNF (WHNP (WDT that)) (PRN (, ,) (S (NP-SBJ (PRP you)) (VP (VBP know)))))) (, ,) (-DFL- N_S))",29,16.15,16.790000000000003
sw05utt/sw_0527_2177.utt,2/sw2177,2177,18,%,B,12,3,"yeah,  /","yeah/UH ,/,","(INTJ (UH yeah) (, ,) (-DFL- E_S))",30,16.79,17.07
sw05utt/sw_0527_2177.utt,2/sw2177,2177,19,sd,B,12,4,it was too long  /,[ it/PRP ] was/VBD too/RB long/JJ,(S (NP-SBJ (PRP it)) (VP (VBD was) (ADJP-PRD (RB too) (JJ long))) (-DFL- E_S)),31,17.07,17.77
sw05utt/sw_0527_2177.utt,2/sw2177,2177,20,sd,B,12,5,"{C and } they thought [ that, + {D you know, } at certain points that  ] it was going to end,  /","and/CC  [ they/PRP ] thought/VBD  [ that/IN ] ,/,  [ you/PRP ] know/VBP ,/, at/IN  [ certain/JJ points/NNS ] that/IN  [ it/PRP ] was/VBD going/VBG to/TO end/VB ,/,","(S (CC and) (NP-SBJ (PRP they)) (VP (VBD thought) (SBAR (EDITED (RM (-DFL- \[)) (SBAR-UNF (IN that)) (, ,) (IP (-DFL- \+))) (PRN (S (NP-SBJ (PRP you)) (VP (VBP know))) (, ,)) (PP (IN at) (NP (JJ certain) (NNS points))) (IN that) (RS (-DFL- \])) (S (NP-SBJ-1 (PRP it)) (VP (VBD was) (VP (VBG going) (S (NP-SBJ (-NONE- *-1)) (VP (TO to) (VP (VB end))))))))) (, ,) (-DFL- E_S))",32,17.77,20.970000000000002
sw05utt/sw_0527_2177.utt,2/sw2177,2177,21,sd,B,12,6,"{C and } it didn't,  /","and/CC  [ it/PRP ] did/VBD n't/RB ,/,","(S (CC and) (NP-SBJ (PRP it)) (VP (VBD did) (RB n't)) (, ,) (-DFL- E_S))",33,20.97,21.55
sw05utt/sw_0527_2177.utt,2/sw2177,2177,22,sd,B,12,7,{C and } it kept going on  /,and/CC  [ it/PRP ] kept/VBD going/VBG on/RP,(S (CC and) (NP-SBJ-1 (PRP it)) (VP (VBD kept) (S (NP-SBJ (-NONE- *-1)) (VP (VBG going) (PRT (RP on))))) (-DFL- E_S)),34,21.55,22.61
sw05utt/sw_0527_2177.utt,2/sw2177,2177,23,%,B,12,8,"{C and, } - /","and/CC ,/,","(S-UNF (CC and) (, ,) (-DFL- N_S))",35,22.61,22.89
sw05utt/sw_0527_2177.utt,2/sw2177,2177,24,%,B,12,9,uh-huh. /,[ uh-huh/UH ] ./.,(INTJ (UH uh-huh) (. .) (-DFL- E_S)),36,23.63,24.07
sw05utt/sw_0527_2177.utt,2/sw2177,2177,25,sd,A,13,1,"{F Oh, } I thought it was great.  /","Oh/UH ,/,  [ I/PRP ] thought/VBD  [ it/PRP ] was/VBD great/JJ ./.","(S (INTJ (UH Oh)) (, ,) (NP-SBJ (PRP I)) (VP (VBD thought) (SBAR (-NONE- 0) (S (NP-SBJ (PRP it)) (VP (VBD was) (ADJP-PRD (JJ great)))))) (. .) (-DFL- E_S))",38,24.29,25.79
sw05utt/sw_0527_2177.utt,2/sw2177,2177,26,bh,B,14,1,Really. /,Really/UH ./.,(INTJ (UH Really) (. .) (-DFL- E_S)),26,25.93,26.31
sw05utt/sw_0527_2177.utt,2/sw2177,2177,27,ny,A,15,1,Yeah. /,Yeah/UH ./.,(INTJ (UH Yeah) (. .) (-DFL- E_S)),42,26.35,26.71
sw05utt/sw_0527_2177.utt,2/sw2177,2177,28,sd,B,16,1,"{D Now, } I've seen, {D you know, } some different clips of it, {F um,  }  /","Now/UH ,/,  [ I/PRP ] 've/VBP seen/VBN ,/,  [ you/PRP ] know/VBP ,/,  [ some/DT different/JJ clips/NNS ] of/IN  [ it/PRP ] ,/, um/UH ,/,","(S (INTJ (UH Now)) (, ,) (NP-SBJ (PRP I)) (VP (VBP 've) (VP (VBN seen) (PRN (, ,) (S (NP-SBJ (PRP you)) (VP (VBP know))) (, ,)) (NP (NP (DT some) (JJ different) (NNS clips)) (PP (IN of) (NP (PRP it)))) (, ,) (INTJ (UH um)))) (, ,) (-DFL- E_S))",44,26.97,30.02
sw05utt/sw_0527_2177.utt,2/sw2177,2177,29,sv,B,16,2,"{C and } [ it, + it ] looks good,  /","and/CC  [ it/PRP ] ,/,  [ it/PRP ] looks/VBZ  [ good/JJ ] ,/,","(S (CC and) (EDITED (RM (-DFL- \[)) (NP-SBJ (PRP it)) (, ,) (IP (-DFL- \+))) (NP-SBJ (PRP it)) (RS (-DFL- \])) (VP (VBZ looks) (ADJP-PRD (JJ good))) (, ,) (-DFL- E_S))",45,30.96,31.8
sw05utt/sw_0527_2177.utt,2/sw2177,2177,30,sd,B,16,3,it's just I haven't had the time to go to the movies lately <laughter> <static>. /,[ it/PRP ] 's/BES just/RB  [ I/PRP ] have/VBP n't/RB had/VBN  [ the/DT time/NN ] to/TO go/VB to/IN  [ the/DT movies/NNS ] lately/RB ./.,(S (NP-SBJ (PRP it)) (VP (BES 's) (ADVP (RB just)) (SBAR-PRD (-NONE- 0) (S (NP-SBJ (PRP I)) (VP (VBP have) (RB n't) (VP (VBN had) (NP (NP (DT the) (NN time)) (SBAR (WHADVP-1 (-NONE- 0)) (S (NP-SBJ (-NONE- *)) (VP (TO to) (VP (VB go) (PP-DIR (IN to) (NP (DT the) (NNS movies))) (ADVP-TMP (RB lately)) (ADVP-TMP (-NONE- *T*-1)))))))))))) (. .) (-DFL- E_S)),46,31.8,34.160000000000004
sw05utt/sw_0527_2177.utt,2/sw2177,2177,31,b,A,17,1,"{D Well, } yeah,  /","Well/UH ,/, yeah/UH ,/,","(INTJ (INTJ (UH Well)) (, ,) (INTJ (UH yeah)) (, ,) (-DFL- E_S))",48,34.21,34.91
sw05utt/sw_0527_2177.utt,2/sw2177,2177,32,sd,A,17,2,"{C and } I heard a story about [ there's a, + there's a ] certain scene in the movie [ where there's, + {F um, } where [ they're, + they're ] ] on a buffalo hunt. /","and/CC  [ I/PRP ] heard/VBD  [ a/DT story/NN ] about/IN  [ there/EX ] 's/BES  [ a/DT ] ,/,  [ there/EX ] 's/BES  [ a/DT certain/JJ scene/NN ] in/IN  [ the/DT movie/NN ] where/WRB  [ there/EX ] 's/BES ,/, um/UH ,/, where/WRB  [ they/PRP ] 're/VBP ,/,  [ they/PRP ] 're/VBP on/IN  [ a/DT buffalo/NN hunt/NN ] ./.","(S (CC and) (NP-SBJ (PRP I)) (VP (VBD heard) (NP (NP (DT a) (NN story)) (PP-UNF (IN about)))))|||(S (EDITED (RM (-DFL- \[)) (S (NP-SBJ (EX there)) (VP (BES 's) (NP-PRD-UNF (DT a)))) (, ,) (IP (-DFL- \+))) (NP-SBJ (EX there)) (VP (BES 's) (NP-PRD (NP (DT a) (RS (-DFL- \])) (JJ certain) (NN scene)) (PP (IN in) (NP (DT the) (NN movie))) (SBAR (EDITED (RM (-DFL- \[)) (SBAR (WHADVP (WRB where)) (S (NP-SBJ (EX there)) (VP-UNF (BES 's)))) (, ,) (IP (-DFL- \+))) (INTJ (UH um)) (, ,) (WHADVP-1 (WRB where)) (S (EDITED (RM (-DFL- \[)) (S (NP-SBJ (PRP they)) (VP-UNF (VBP 're))) (, ,) (IP (-DFL- \+))) (NP-SBJ (PRP they)) (VP (VBP 're) (RS (-DFL- \])) (RS (-DFL- \])) (PP-PRD (IN on) (NP (DT a) (NN buffalo) (NN hunt))) (ADVP (-NONE- *T*-1))))))) (. .) (-DFL- E_S))",49|||50,34.91,42.69
sw05utt/sw_0527_2177.utt,2/sw2177,2177,33,b,B,18,1,Uh-huh. /,[ Uh-huh/UH ] ./.,(INTJ (UH Uh-huh) (. .) (-DFL- E_S)),15,42.86,43.24
sw05utt/sw_0527_2177.utt,2/sw2177,2177,34,sd,A,19,1,"{C And } they have a particular child actor, {F uh, } [ who's, + who's ] being supposedly run down by a buffalo. /","And/CC  [ they/PRP ] have/VBP  [ a/DT particular/JJ child/NN actor/NN ] ,/,  [ uh/UH ] ,/,  [ who/WDT ] 's/BES ,/,  [ who/WP ] 's/BES being/VBG supposedly/RB run/VBN down/RP by/IN  [ a/DT buffalo/NN ] ./.","(S (CC And) (NP-SBJ (PRP they)) (VP (VBP have) (NP (NP (DT a) (JJ particular) (NN child) (NN actor)) (, ,) (INTJ (UH uh)) (, ,) (SBAR (EDITED (RM (-DFL- \[)) (SBAR (WHNP-1 (WDT who)) (S (NP-SBJ (-NONE- *T*-1)) (VP-UNF (BES 's)))) (, ,) (IP (-DFL- \+))) (WHNP-2 (WP who)) (S (NP-SBJ-3 (-NONE- *T*-2)) (VP (BES 's) (RS (-DFL- \])) (VP (VBG being) (ADVP (RB supposedly)) (VP (VBN run) (NP (-NONE- *-3)) (PRT (RP down)) (PP (IN by) (NP-LGS (DT a) (NN buffalo)))))))))) (. .) (-DFL- E_S))",54,43.39,50.75
sw05utt/sw_0527_2177.utt,2/sw2177,2177,35,b,B,20,1,Uh-huh. /,[ Uh-huh/UH ] ./.,(INTJ (UH Uh-huh) (. .) (-DFL- E_S)),52,50.8,51.199999999999996
sw05utt/sw_0527_2177.utt,2/sw2177,2177,36,sd,A,21,1,"{C And } when they were trying to film that, the buffalo that they used for that scene was Neil Young's buffalo. /","And/CC when/WRB  [ they/PRP ] were/VBD trying/VBG to/TO film/VB  [ that/DT ] ,/,  [ the/DT buffalo/NN ] that/IN [ they/PRP ] used/VBD for/IN  [ that/DT scene/NN ] was/VBD  [ Neil/NNP Young/NNP 's/POS buffalo/NN ] ./.","(S (CC And) (SBAR-TMP (WHADVP-2 (WRB when)) (S (NP-SBJ-1 (PRP they)) (VP (VBD were) (VP (VBG trying) (S (NP-SBJ (-NONE- *-1)) (VP (TO to) (VP (VB film) (NP (DT that))))) (ADVP-TMP (-NONE- *T*-2)))))) (, ,) (NP-SBJ (NP (DT the) (NN buffalo)) (SBAR (WHNP-3 (IN that)) (S (NP-SBJ (PRP they)) (VP (VBD used) (NP (-NONE- *T*-3)) (PP (IN for) (NP (DT that) (NN scene))))))) (VP (VBD was) (NP-PRD (NP (NNP Neil) (NNP Young) (POS 's)) (NN buffalo))) (. .) (-DFL- E_S))",58,51.88,57.3
sw05utt/sw_0527_2177.utt,2/sw2177,2177,37,b,B,22,1,Uh-huh. /,[ Uh-huh/UH ] ./.,(INTJ (UH Uh-huh) (. .) (-DFL- E_S)),52,57.3,57.599999999999994
sw05utt/sw_0527_2177.utt,2/sw2177,2177,38,sd,A,23,1,I can't remember what they said his name was.   /,[ I/PRP ] ca/MD n't/RB remember/VB  [ what/WP ] [ they/PRP ] said/VBD  [ his/PRP$ name/NN ] was/VBD ./.,(S (NP-SBJ (PRP I)) (VP (MD ca) (RB n't) (VP (VB remember) (SBAR (WHNP-1 (WP what)) (S (NP-SBJ (PRP they)) (VP (VBD said) (SBAR (-NONE- 0) (S (NP-SBJ (PRP$ his) (NN name)) (VP (VBD was) (NP-PRD (-NONE- *T*-1)))))))))) (. .) (-DFL- E_S)),62,57.64,59.48
sw05utt/sw_0527_2177.utt,2/sw2177,2177,39,sd,A,23,2,{C But } he has a fetish for Oreo cookies. /,But/CC  [ he/PRP ] has/VBZ  [ a/DT fetish/NN ] for/IN  [ Oreo/NNP cookies/NNS ] ./.,(S (CC But) (NP-SBJ (PRP he)) (VP (VBZ has) (NP (NP (DT a) (NN fetish)) (PP (IN for) (NP (NNP Oreo) (NNS cookies))))) (. .) (-DFL- E_S)),63,60.34,62.52
sw05utt/sw_0527_2177.utt,2/sw2177,2177,40,b,B,24,1,"Uh-huh,  /","[ Uh-huh/UH ] ,/,","(INTJ (UH Uh-huh) (, ,) (-DFL- E_S))",28,62.64,62.84
sw05utt/sw_0527_2177.utt,2/sw2177,2177,41,ba,B,24,2,"oh <laughter>, /","oh/UH ,/,","(INTJ (UH oh) (, ,) (-DFL- E_S))",66,62.86,63.18
sw05utt/sw_0527_2177.utt,2/sw2177,2177,42,sd,A,25,1,<Laughter> {C And } he got him to run like he was running down the kid by luring him with oreo cookies <laughter>. /,And/CC  [ he/PRP ] got/VBD  [ him/PRP ] to/TO run/VB like/IN  [ he/PRP ] was/VBD running/VBG down/RP  [ the/DT kid/NN ] by/IN luring/VBG  [ him/PRP ] with/IN  [ oreo/NNP cookies/NNS ] ./.,(S (CC And) (NP-SBJ (PRP he)) (VP (VBD got) (S (NP-SBJ (PRP him)) (VP (TO to) (VP (VB run) (SBAR-ADV (IN like) (S (NP-SBJ (PRP he)) (VP (VBD was) (VP (VBG running) (PRT (RP down)) (NP (DT the) (NN kid)))))) (PP (IN by) (S-NOM (NP-SBJ (-NONE- *)) (VP (VBG luring) (NP (PRP him)) (PP (IN with) (NP (NNP oreo) (NNS cookies)))))))))) (. .) (-DFL- E_S)),68,63.79,70.28999999999999
sw05utt/sw_0527_2177.utt,2/sw2177,2177,43,ba,B,26,1,"Hey,  /","Hey/UH ,/,","(INTJ (UH Hey) (, ,) (-DFL- E_S))",70,70.26,70.42
sw05utt/sw_0527_2177.utt,2/sw2177,2177,44,ba,B,26,2,"that'd work for me,  /","[ that/DT ] 'd/MD work/VB for/IN  [ me/PRP ] ,/,","(S (NP-SBJ (DT that)) (VP (MD 'd) (VP (VB work) (PP (IN for) (NP (PRP me))))) (, ,) (-DFL- E_S))",71,70.42,71.22
sw05utt/sw_0527_2177.utt,2/sw2177,2177,45,co,B,26,3,let me tell you <laughter>. /,let/VB  [ me/PRP ] tell/VB  [ you/PRP ] ./.,(S-IMP (NP-SBJ (-NONE- *)) (VP (VB let) (S (NP-SBJ (PRP me)) (VP (VB tell) (NP (PRP you))))) (. .) (-DFL- E_S)),72,71.22,73.02
sw05utt/sw_0527_2177.utt,2/sw2177,2177,46,sd,A,27,1,<Laughter> I thought that was really funny. /,[ I/PRP ] thought/VBD  [ that/DT ] was/VBD really/RB funny/JJ ./.,(S (NP-SBJ (PRP I)) (VP (VBD thought) (SBAR (-NONE- 0) (S (NP-SBJ (DT that)) (VP (VBD was) (ADJP-PRD (RB really) (JJ funny)))))) (. .) (-DFL- E_S)),74,73.07,74.95
sw05utt/sw_0527_2177.utt,2/sw2177,2177,47,b,B,28,1,"Uh-huh,  /","[ Uh-huh/UH ] ,/,","(INTJ (UH Uh-huh) (, ,) (-DFL- E_S))",65,75.0,75.34
sw05utt/sw_0527_2177.utt,2/sw2177,2177,48,b^r,B,28,2,uh-huh.  /,[ uh-huh/UH ] ./.,(INTJ (UH uh-huh) (. .) (-DFL- E_S)),77,75.34,75.54
sw05utt/sw_0527_2177.utt,2/sw2177,2177,49,sd,B,28,3,"Now I've seen another clip of, {F um, } the guy that plays in MURPHY BROWN,  /","Now/UH  [ I/PRP ] 've/VBP seen/VBN  [ another/DT clip/NN ] of/IN ,/, um/UH ,/,  [ the/DT guy/NN ] [ that/WDT ] plays/VBZ in/IN  [ MURPHY/NNP BROWN/NNP ] ,/,","(S (INTJ (UH Now)) (NP-SBJ (PRP I)) (VP (VBP 've) (VP (VBN seen) (NP (NP (DT another) (NN clip)) (PP (IN of) (, ,) (INTJ (UH um)) (, ,) (NP (NP (DT the) (NN guy)) (SBAR (WHNP-1 (WDT that)) (S (NP-SBJ (-NONE- *T*-1)) (VP (VBZ plays) (PP (IN in) (NP-TTL (NNP MURPHY) (NNP BROWN))))))))))) (, ,) (-DFL- E_S))",78,75.92,80.86
sw05utt/sw_0527_2177.utt,2/sw2177,2177,50,h,B,28,4,"I don't know his name,  /","[ I/PRP ] do/VBP n't/RB know/VB  [ his/PRP$ name/NN ] ,/,","(S (NP-SBJ (PRP I)) (VP (VBP do) (RB n't) (VP (VB know) (NP (PRP$ his) (NN name)))) (, ,) (-DFL- E_S))",79,81.14,82.24
sw05utt/sw_0527_2177.utt,2/sw2177,2177,51,sd,B,28,5,"{C but } he played [ [ the, + {F uh, } the, ] + the ] character in it that was [ very, {D like, } gross, +  {E I mean, } very dirty, ]  /","but/CC  [ he/PRP ] played/VBD  [ the/DT ] ,/,  [ uh/UH ] ,/,  [ the/DT ] ,/,  [ the/DT character/NN ] in/IN  [ it/PRP ] [ that/WDT ] was/VBD very/RB ,/,  [ like/UH ] ,/,  [ gross/JJ ] ,/,  [ I/PRP ] mean/VBP ,/, very/RB dirty/JJ ,/,","(S (CC but) (NP-SBJ (PRP he)) (VP (VBD played) (EDITED (RM (-DFL- \[)) (EDITED (RM (-DFL- \[)) (NP-UNF (DT the)) (, ,) (IP (-DFL- \+))) (INTJ (UH uh)) (, ,) (NP-UNF (DT the)) (, ,) (RS (-DFL- \])) (IP (-DFL- \+))) (NP (NP (DT the) (RS (-DFL- \])) (NN character)) (PP (IN in) (NP (PRP it))) (SBAR (WHNP-1 (WDT that)) (S (NP-SBJ (-NONE- *T*-1)) (VP (VBD was) (EDITED (RM (-DFL- \[)) (ADJP-PRD (RB very) (, ,) (INTJ (UH like)) (, ,) (JJ gross)) (, ,) (IP (-DFL- \+))) (PRN (S (NP-SBJ (PRP I)) (VP (VBP mean))) (, ,)) (ADJP-PRD (RB very) (JJ dirty))))))) (, ,) (RS (-DFL- \])) (-DFL- E_S))",80,82.24,88.44
sw05utt/sw_0527_2177.utt,2/sw2177,2177,52,%,B,28,6,"{C an-, } -/","an/VBP ,/,","(S-UNF (CC an-) (, ,) (-DFL- N_S))",81,0.0,0.0
sw05utt/sw_0527_2177.utt,2/sw2177,2177,53,bk,A,29,1,"{F Oh, } yeah. /","Oh/UH ,/, yeah/UH ./.","(INTJ (INTJ (UH Oh)) (, ,) (INTJ (UH yeah)) (. .) (-DFL- E_S))",83,88.47,89.07
sw05utt/sw_0527_2177.utt,2/sw2177,2177,54,sd,B,30,1,"{F Oh, } I saw the one clip of him  /","Oh/UH ,/,  [ I/PRP ] saw/VBD  [ the/DT one/CD clip/NN ] of/IN  [ him/PRP ]","(S (INTJ (UH Oh)) (, ,) (NP-SBJ (PRP I)) (VP (VBD saw) (NP (NP (DT the) (CD one) (NN clip)) (PP (IN of) (NP (PRP him))))) (-DFL- E_S))",85,89.26,90.98
sw05utt/sw_0527_2177.utt,2/sw2177,2177,55,fe,B,30,2,"{C and } ugh,  /","and/CC ugh/UH ,/,","(S-UNF (CC and) (INTJ (UH ugh)) (, ,) (-DFL- E_S))",86,90.98,92.5
sw05utt/sw_0527_2177.utt,2/sw2177,2177,56,%,B,30,3,"it was first, - /","[ it/PRP ] was/VBD first/RB ,/,","(S (NP-SBJ (PRP it)) (VP-UNF (VBD was) (ADVP (RB first))) (, ,) (-DFL- N_S))",87,92.5,93.08
sw05utt/sw_0527_2177.utt,2/sw2177,2177,57,sd,B,30,4,I guess he was taking Kevin Costner to {D like } the site where he was going to be or whatever. /,[ I/PRP ] guess/VBP  [ he/PRP ] was/VBD taking/VBG  [ Kevin/NNP Costner/NNP ] to/IN like/UH  [ the/DT site/NN ] where/WRB  [ he/PRP ] was/VBD going/VBG to/TO be/VB or/CC  [ whatever/WP ] ./.,(S (NP-SBJ (PRP I)) (VP (VBP guess) (SBAR (-NONE- 0) (S (NP-SBJ (PRP he)) (VP (VBD was) (VP (VBG taking) (NP (NNP Kevin) (NNP Costner)) (PP-DIR (IN to) (INTJ (UH like)) (NP (NP (DT the) (NN site)) (SBAR (WHADVP-2 (WRB where)) (S (NP-SBJ-1 (PRP he)) (VP (VBD was) (VP (VBG going) (S (NP-SBJ (-NONE- *-1)) (VP (TO to) (VP (VP (VB be) (ADVP-LOC-PRD (-NONE- *T*-2))) (CC or) (NP-ETC (WP whatever)))))))))))))))) (. .) (-DFL- E_S)),88,93.08,98.14
sw05utt/sw_0527_2177.utt,2/sw2177,2177,58,bk,A,31,1,"{F Oh, } yeah. /","Oh/UH ,/, yeah/UH ./.","(INTJ (INTJ (UH Oh)) (, ,) (INTJ (UH yeah)) (. .) (-DFL- E_S))",83,98.16,98.9
sw05utt/sw_0527_2177.utt,2/sw2177,2177,59,sv,B,32,1,"That was rather, {F um, } gross <laughter>. /","[ That/DT ] was/VBD rather/RB ,/, um/UH ,/,  [ gross/JJ ] ./.","(S (NP-SBJ (DT That)) (VP (VBD was) (ADJP-PRD (RB rather) (, ,) (INTJ (UH um)) (, ,) (JJ gross))) (. .) (-DFL- E_S))",92,98.88,101.62
sw05utt/sw_0527_2177.utt,2/sw2177,2177,60,b,A,33,1,"Yeah,  /","Yeah/UH ,/,","(INTJ (UH Yeah) (, ,) (-DFL- E_S))",94,101.7,102.06
sw05utt/sw_0527_2177.utt,2/sw2177,2177,61,sd,A,33,2,"[ the wagon, + the wagon  ] driver. /","[ the/DT wagon/NN ] ,/,  [ the/DT wagon/NN driver/NN ] ./.","(NP (EDITED (RM (-DFL- \[)) (NP-UNF (DT the) (NN wagon)) (, ,) (IP (-DFL- \+))) (DT the) (NN wagon) (RS (-DFL- \])) (NN driver) (. .) (-DFL- E_S))",95,102.06,104.24
sw05utt/sw_0527_2177.utt,2/sw2177,2177,62,aa,B,34,1,"Yeah,  /","Yeah/UH ,/,","(INTJ (UH Yeah) (, ,) (-DFL- E_S))",94,104.3,104.88
sw05utt/sw_0527_2177.utt,2/sw2177,2177,63,aa^r,B,34,2,yeah.  /,yeah/UH ./.,(INTJ (UH yeah) (. .) (-DFL- E_S)),98,104.96,105.36
sw05utt/sw_0527_2177.utt,2/sw2177,2177,64,sd,B,34,3,"{C But } other than that I've heard [ [ [ the, + the, ] + {D you know, } the,  ] + {F um, } <<pause>> the ] scenery in it --","But/CC other/JJ than/IN that/IN  [ I/PRP ] 've/VBP heard/VBN  [ the/DT ] ,/,  [ the/DT ] ,/,  [ you/PRP ] know/VBP ,/,  [ the/DT ] ,/, um/UH ,/,  [ the/DT scenery/NN ] in/IN  [ it/PRP ] --/:","(S (CC But) (ADVP (JJ other) (PP (IN than) (NP (IN that)))) (NP-SBJ (PRP I)) (VP (VBP 've) (VP (VBN heard) (SBAR (-NONE- 0) (S (EDITED (RM (-DFL- \[)) (EDITED (RM (-DFL- \[)) (EDITED (RM (-DFL- \[)) (NP-SBJ-UNF (DT the)) (, ,) (IP (-DFL- \+))) (NP-SBJ-UNF (DT the)) (, ,) (RS (-DFL- \])) (IP (-DFL- \+))) (PRN (S (NP-SBJ (PRP you)) (VP (VBP know))) (, ,)) (NP-SBJ-UNF (DT the)) (, ,) (RS (-DFL- \])) (IP (-DFL- \+))) (INTJ (UH um)) (, ,) (NP-SBJ (NP (DT the) (RS (-DFL- \])) (NN scenery)) (PP (IN in) (NP (PRP it)))) (VP (VBZ is) (ADJP-PRD (RB absolutely) (JJ beautiful))))))) (. .) (-DFL- E_S))",99,105.36,111.25999999999999
sw05utt/sw_0527_2177.utt,2/sw2177,2177,65,aa,A,35,1,Yeah. /,Yeah/UH ./.,(INTJ (UH Yeah) (. .) (-DFL- E_S)),101,111.46,111.74
sw05utt/sw_0527_2177.utt,2/sw2177,2177,66,+,B,36,1,-- is absolutely beautiful. /,--/: is/VBZ absolutely/RB beautiful/JJ ./.,"(S (CC But) (ADVP (JJ other) (PP (IN than) (NP (IN that)))) (NP-SBJ (PRP I)) (VP (VBP 've) (VP (VBN heard) (SBAR (-NONE- 0) (S (EDITED (RM (-DFL- \[)) (EDITED (RM (-DFL- \[)) (EDITED (RM (-DFL- \[)) (NP-SBJ-UNF (DT the)) (, ,) (IP (-DFL- \+))) (NP-SBJ-UNF (DT the)) (, ,) (RS (-DFL- \])) (IP (-DFL- \+))) (PRN (S (NP-SBJ (PRP you)) (VP (VBP know))) (, ,)) (NP-SBJ-UNF (DT the)) (, ,) (RS (-DFL- \])) (IP (-DFL- \+))) (INTJ (UH um)) (, ,) (NP-SBJ (NP (DT the) (RS (-DFL- \])) (NN scenery)) (PP (IN in) (NP (PRP it)))) (VP (VBZ is) (ADJP-PRD (RB absolutely) (JJ beautiful))))))) (. .) (-DFL- E_S))",99,111.72,112.76
sw05utt/sw_0527_2177.utt,2/sw2177,2177,67,sv,A,37,1,"{C And, } {F uh, } the costuming --   *[[slash error]]","And/CC ,/,  [ uh/UH ] ,/,  [ the/DT ] costuming/NN --/:","(S (CC And) (, ,) (INTJ (UH uh)) (, ,) (NP-SBJ (DT the) (NN costuming)) (INTJ (UH yeah)) (, ,) (VP-UNF (VBD was)) (, ,) (-DFL- N_S))",104,112.78,114.5
sw05utt/sw_0527_2177.utt,2/sw2177,2177,68,b,B,38,1,"Uh-huh,  /","[ Uh-huh/UH ] ,/,","(INTJ (UH Uh-huh) (, ,) (-DFL- E_S))",76,114.66,114.86
sw05utt/sw_0527_2177.utt,2/sw2177,2177,69,bh,B,38,2,really. /,really/RB ./.,(INTJ (RB really) (. .) (-DFL- E_S)),107,114.86,115.24
sw05utt/sw_0527_2177.utt,2/sw2177,2177,70,+,A,39,1,"-- {D yeah, }  was, - /  *[[slash error]]","--/: yeah/UH ,/, was/VBD ,/,","(S (CC And) (, ,) (INTJ (UH uh)) (, ,) (NP-SBJ (DT the) (NN costuming)) (INTJ (UH yeah)) (, ,) (VP-UNF (VBD was)) (, ,) (-DFL- N_S))",104,115.3,115.76
sw05utt/sw_0527_2177.utt,2/sw2177,2177,71,sd,A,39,2,"the only thing about the costuming my husband remarked  [ that it didn't, + [ that, + that, ] ] {F um, } the Indians all appeared to be wearing new things. /","[ the/DT only/JJ thing/NN ] about/IN  [ the/DT ] costuming/NN  [ my/PRP$ husband/NN ] remarked/VBD that/IN  [ it/PRP ] did/VBD n't/RB ,/, that/IN ,/, that/IN ,/, um/UH ,/,  [ the/DT Indians/NNS all/DT ] appeared/VBD to/TO be/VB wearing/VBG  [ new/JJ things/NNS ] ./.","(S (NP-ADV (NP (DT the) (JJ only) (NN thing)) (PP (IN about) (NP (DT the) (NN costuming)))) (NP-SBJ (PRP$ my) (NN husband)) (VP (VBD remarked) (SBAR (EDITED (RM (-DFL- \[)) (SBAR (IN that) (S (NP-SBJ (PRP it)) (VP-UNF (VBD did) (RB n't)))) (, ,) (IP (-DFL- \+))) (EDITED (RM (-DFL- \[)) (SBAR-UNF (IN that)) (, ,) (IP (-DFL- \+))) (IN that) (, ,) (RS (-DFL- \])) (RS (-DFL- \])) (INTJ (UH um)) (, ,) (S (NP-SBJ-1 (NP (DT the) (NNS Indians)) (NP (DT all))) (VP (VBD appeared) (S (NP-SBJ (-NONE- *-1)) (VP (TO to) (VP (VB be) (VP (VBG wearing) (NP (JJ new) (NNS things)))))))))) (. .) (-DFL- E_S))",109,116.26,123.17999999999999
sw05utt/sw_0527_2177.utt,2/sw2177,2177,72,b,B,40,1,{F Oh } really. /,Oh/UH really/UH ./.,(INTJ (INTJ (UH Oh)) (INTJ (UH really)) (. .) (-DFL- E_S)),111,123.4,123.88000000000001
sw05utt/sw_0527_2177.utt,2/sw2177,2177,73,sv,A,41,1,{C And } they should have taken them out and rolled them in the dirt a little more --,And/CC  [ they/PRP ] should/MD have/VB taken/VBN  [ them/PRP ] out/RB and/CC rolled/VBD  [ them/PRP ] in/IN  [ the/DT dirt/NN ] [ a/DT little/RB ] more/RBR --/:,"(S (CC And) (NP-SBJ (PRP they)) (VP (MD should) (VP (VB have) (VP (VP (VBN taken) (NP (PRP them)) (ADVP (RB out))) (CC and) (VP (VBD rolled) (NP (PRP them)) (PP (IN in) (NP (DT the) (NN dirt))) (ADVP (NP (DT a) (RB little)) (RBR more)) (ADVP (RB probably))) (S-PRP (NP-SBJ (-NONE- *)) (EDITED (RM (-DFL- \[)) (VP (TO to) (VP-UNF (VB age))) (, ,) (IP (-DFL- \+))) (VP (TO to) (VP (VB age) (RS (-DFL- \])) (NP (DT the) (NN material)))))))) (-DFL- E_S))",113,123.9,126.58
sw05utt/sw_0527_2177.utt,2/sw2177,2177,74,b,B,42,1,Uh-huh. /,[ Uh-huh/UH ] ./.,(INTJ (UH Uh-huh) (. .) (-DFL- E_S)),115,126.56,126.82000000000001
sw05utt/sw_0527_2177.utt,2/sw2177,2177,75,+,A,43,1,-- probably --,--/: probably/RB --/:,"(S (CC And) (NP-SBJ (PRP they)) (VP (MD should) (VP (VB have) (VP (VP (VBN taken) (NP (PRP them)) (ADVP (RB out))) (CC and) (VP (VBD rolled) (NP (PRP them)) (PP (IN in) (NP (DT the) (NN dirt))) (ADVP (NP (DT a) (RB little)) (RBR more)) (ADVP (RB probably))) (S-PRP (NP-SBJ (-NONE- *)) (EDITED (RM (-DFL- \[)) (VP (TO to) (VP-UNF (VB age))) (, ,) (IP (-DFL- \+))) (VP (TO to) (VP (VB age) (RS (-DFL- \])) (NP (DT the) (NN material)))))))) (-DFL- E_S))",113,127.02,127.67999999999999
sw05utt/sw_0527_2177.utt,2/sw2177,2177,76,b,B,44,1,"Uh-huh,  /","[ Uh-huh/UH ] ,/,","(INTJ (UH Uh-huh) (, ,) (-DFL- E_S))",106,127.84,127.98
sw05utt/sw_0527_2177.utt,2/sw2177,2177,77,b^r,B,44,2,uh-huh. /,[ uh-huh/UH ] ./.,(INTJ (UH uh-huh) (. .) (-DFL- E_S)),119,127.98,128.16
sw05utt/sw_0527_2177.utt,2/sw2177,2177,78,+,A,45,1,"-- [ to age, + to age ] the material  /","--/: to/TO  [ age/VB ] ,/, to/TO age/VB  [ the/DT material/NN ]","(S (CC And) (NP-SBJ (PRP they)) (VP (MD should) (VP (VB have) (VP (VP (VBN taken) (NP (PRP them)) (ADVP (RB out))) (CC and) (VP (VBD rolled) (NP (PRP them)) (PP (IN in) (NP (DT the) (NN dirt))) (ADVP (NP (DT a) (RB little)) (RBR more)) (ADVP (RB probably))) (S-PRP (NP-SBJ (-NONE- *)) (EDITED (RM (-DFL- \[)) (VP (TO to) (VP-UNF (VB age))) (, ,) (IP (-DFL- \+))) (VP (TO to) (VP (VB age) (RS (-DFL- \])) (NP (DT the) (NN material)))))))) (-DFL- E_S))",113,128.18,130.01999999999998
sw05utt/sw_0527_2177.utt,2/sw2177,2177,79,sd,A,45,2,"{D so, } [ they, + they ] did very authentic reproductions [ of the, +","so/UH ,/,  [ they/PRP ] ,/,  [ they/PRP ] did/VBD  [ very/RB authentic/JJ reproductions/NNS ] of/IN  [ the/DT ] ,/,","(S (INTJ (UH so)) (, ,) (EDITED (RM (-DFL- \[)) (NP-SBJ (PRP they)) (, ,) (IP (-DFL- \+))) (NP-SBJ (PRP they)) (RS (-DFL- \])) (VP (VBD did) (NP (NP (ADJP (RB very) (JJ authentic)) (NNS reproductions)) (EDITED (RM (-DFL- \[)) (PP (IN of) (NP-UNF (DT the))) (, ,) (IP (-DFL- \+))) (PP (IN of) (NP (DT the) (RS (-DFL- \])) (JJ actual) (NN stuff))))) (, ,) (-DFL- E_S))",121,130.02,132.62
sw05utt/sw_0527_2177.utt,2/sw2177,2177,80,^2,B,46,1,"The styles,  /","[ The/DT styles/NNS ] ,/,","(NP (DT The) (NNS styles) (, ,) (-DFL- E_S))",123,132.84,133.46
sw05utt/sw_0527_2177.utt,2/sw2177,2177,81,b,B,46,2,uh-huh. /,[ uh-huh/UH ] ./.,(INTJ (UH uh-huh) (. .) (-DFL- E_S)),119,133.54,133.76
sw05utt/sw_0527_2177.utt,2/sw2177,2177,82,+,A,47,1,"of the ] actual stuff,  /","of/IN  [ the/DT actual/JJ stuff/NN ] ,/,","(S (INTJ (UH so)) (, ,) (EDITED (RM (-DFL- \[)) (NP-SBJ (PRP they)) (, ,) (IP (-DFL- \+))) (NP-SBJ (PRP they)) (RS (-DFL- \])) (VP (VBD did) (NP (NP (ADJP (RB very) (JJ authentic)) (NNS reproductions)) (EDITED (RM (-DFL- \[)) (PP (IN of) (NP-UNF (DT the))) (, ,) (IP (-DFL- \+))) (PP (IN of) (NP (DT the) (RS (-DFL- \])) (JJ actual) (NN stuff))))) (, ,) (-DFL- E_S))",121,133.78,135.04
sw05utt/sw_0527_2177.utt,2/sw2177,2177,83,sv,A,47,2,"{C but } [ they didn't, + they didn't ] age it --","but/CC  [ they/PRP ] did/VBD n't/RB ,/,  [ they/PRP ] did/VBD n't/RB  [ age/VB ] [ it/PRP ] --/:","(S (CC but) (S-TPC-1 (EDITED (RM (-DFL- \[)) (S (NP-SBJ (PRP they)) (VP-UNF (VBD did) (RB n't))) (, ,) (IP (-DFL- \+))) (NP-SBJ (PRP they)) (VP (VBD did) (RB n't) (RS (-DFL- \])) (VP (VB age) (NP (PRP it)) (ADVP (RB quite) (RB enough))))) (NP-SBJ (PRP it)) (VP (VBD seemed) (SBAR (-NONE- 0) (S (-NONE- *T*-1)))) (. .) (-DFL- E_S))",126,135.06,136.76
sw05utt/sw_0527_2177.utt,2/sw2177,2177,84,b,B,48,1,Uh-huh. /,[ Uh-huh/UH ] ./.,(INTJ (UH Uh-huh) (. .) (-DFL- E_S)),115,137.06,137.44
sw05utt/sw_0527_2177.utt,2/sw2177,2177,85,+,A,49,1,-- quite enough it seemed. /,--/: quite/RB enough/RB  [ it/PRP ] seemed/VBD ./.,"(S (CC but) (S-TPC-1 (EDITED (RM (-DFL- \[)) (S (NP-SBJ (PRP they)) (VP-UNF (VBD did) (RB n't))) (, ,) (IP (-DFL- \+))) (NP-SBJ (PRP they)) (VP (VBD did) (RB n't) (RS (-DFL- \])) (VP (VB age) (NP (PRP it)) (ADVP (RB quite) (RB enough))))) (NP-SBJ (PRP it)) (VP (VBD seemed) (SBAR (-NONE- 0) (S (-NONE- *T*-1)))) (. .) (-DFL- E_S))",126,138.03,139.17
sw05utt/sw_0527_2177.utt,2/sw2177,2177,86,b,B,50,1,Uh-huh. /,[ Uh-huh/UH ] ./.,(INTJ (UH Uh-huh) (. .) (-DFL- E_S)),115,139.24,139.44
sw05utt/sw_0527_2177.utt,2/sw2177,2177,87,sv,A,51,1,{C But } it was a very good movie. /,But/CC  [ it/PRP ] was/VBD  [ a/DT very/RB good/JJ movie/NN ] ./.,(S (CC But) (NP-SBJ (PRP it)) (VP (VBD was) (NP-PRD (DT a) (ADJP (RB very) (JJ good)) (NN movie))) (. .) (-DFL- E_S)),133,139.45,141.03
sw05utt/sw_0527_2177.utt,2/sw2177,2177,88,b,B,52,1,Uh-huh.  /,[ Uh-huh/UH ] ./.,(INTJ (UH Uh-huh) (. .) (-DFL- E_S)),115,141.06,141.44
sw05utt/sw_0527_2177.utt,2/sw2177,2177,89,sv,B,52,2,"{D Well, } I guess I will have to see it then. /","Well/UH ,/,  [ I/PRP ] guess/VBP  [ I/PRP ] will/MD have/VB to/TO see/VB  [ it/PRP ] then/RB ./.","(S (INTJ (UH Well)) (, ,) (NP-SBJ (PRP I)) (VP (VBP guess) (SBAR (-NONE- 0) (S (NP-SBJ-1 (PRP I)) (VP (MD will) (VP (VB have) (S (NP-SBJ (-NONE- *-1)) (VP (TO to) (VP (VB see) (NP (PRP it))))) (ADVP (RB then))))))) (. .) (-DFL- E_S))",136,141.44,144.42
sw05utt/sw_0527_2177.utt,2/sw2177,2177,90,qw,A,53,1,What have you seen lately? /,[ What/WP ] have/VBP  [ you/PRP ] seen/VBN lately/RB ?/.,(SBARQ (WHNP-1 (WP What)) (SQ (VBP have) (NP-SBJ (PRP you)) (VP (VBN seen) (NP (-NONE- *T*-1)) (ADVP-TMP (RB lately)))) (. ?) (-DFL- E_S)),138,144.43,145.81
sw05utt/sw_0527_2177.utt,2/sw2177,2177,91,sd,B,54,1,"{F Um, } actually have been to the movies, {F um, }  /","Um/UH ,/, actually/RB have/VBP been/VBN to/TO  [ the/DT movies/NNS ] ,/, um/UH ,/,","(S (INTJ (UH Um)) (, ,) (NP-SBJ (-NONE- *)) (ADVP (RB actually)) (VP (VBP have) (VP (VBN been) (PP-PRD-DIR (TO to) (NP (DT the) (NNS movies))) (, ,) (INTJ (UH um)))) (, ,) (-DFL- E_S))",140,146.18,148.92000000000002
sw05utt/sw_0527_2177.utt,2/sw2177,2177,92,sd,B,54,2,I think the last movie I saw was MISERY. /,[ I/PRP ] think/VBP  [ the/DT last/JJ movie/NN ] [ I/PRP ] saw/VBD was/VBD  [ MISERY/NN ] ./.,(S (NP-SBJ (PRP I)) (VP (VBP think) (SBAR (-NONE- 0) (S (NP-SBJ (NP (DT the) (JJ last) (NN movie)) (SBAR (WHNP-1 (-NONE- 0)) (S (NP-SBJ (PRP I)) (VP (VBD saw) (NP (-NONE- *T*-1)))))) (VP (VBD was) (NP-TTL-PRD (NN MISERY)))))) (. .) (-DFL- E_S)),141,148.92,150.8
sw05utt/sw_0527_2177.utt,2/sw2177,2177,93,sd,A,55,1,"{F Oh, } I didn't see that. /","Oh/UH ,/,  [ I/PRP ] did/VBD n't/RB see/VB  [ that/DT ] ./.","(S (INTJ (UH Oh)) (, ,) (NP-SBJ (PRP I)) (VP (VBD did) (RB n't) (VP (VB see) (NP (DT that)))) (. .) (-DFL- E_S))",143,151.47,152.43
sw05utt/sw_0527_2177.utt,2/sw2177,2177,94,sd,B,56,1,"{F Oh, } very suspenseful. /","Oh/UH ,/, very/RB suspenseful/JJ ./.","(FRAG (INTJ (UH Oh)) (, ,) (ADJP (RB very) (JJ suspenseful)) (. .) (-DFL- E_S))",145,152.62,154.24
sw05utt/sw_0527_2177.utt,2/sw2177,2177,95,sd,A,57,1,"[ I don't, + I don't ] like Stephen King. /","[ I/PRP ] do/VBP n't/RB ,/,  [ I/PRP ] do/VBP n't/RB like/VB  [ Stephen/NNP King/NNP ] ./.","(S (EDITED (RM (-DFL- \[)) (S (NP-SBJ (PRP I)) (VP-UNF (VBP do) (RB n't))) (, ,) (IP (-DFL- \+))) (NP-SBJ (PRP I)) (VP (VBP do) (RB n't) (RS (-DFL- \])) (VP (VB like) (NP (NNP Stephen) (NNP King)))) (. .) (-DFL- E_S))",147,154.33,156.03
sw05utt/sw_0527_2177.utt,2/sw2177,2177,96,aa,B,58,1,"I really don't either,  /","[ I/PRP ] really/RB do/VBP n't/RB either/RB ,/,","(S (NP-SBJ (PRP I)) (ADVP (RB really)) (VP (VBP do) (RB n't) (ADVP (RB either))) (, ,) (-DFL- E_S))",149,156.48,157.62
sw05utt/sw_0527_2177.utt,2/sw2177,2177,97,sd,B,58,2,"{C but } I went with someone,  /","but/CC  [ I/PRP ] went/VBD with/IN  [ someone/NN ] ,/,","(S (CC but) (NP-SBJ (PRP I)) (VP (VBD went) (PP (IN with) (NP (NN someone)))) (, ,) (-DFL- E_S))",150,157.62,159.54
sw05utt/sw_0527_2177.utt,2/sw2177,2177,98,sd,B,58,3,"{C and } once I was there, I couldn't believe.  /","and/CC once/RB  [ I/PRP ] was/VBD there/RB ,/,  [ I/PRP ] could/MD n't/RB believe/VB ./.","(S (CC and) (SBAR-TMP (RB once) (S (NP-SBJ (PRP I)) (VP (VBD was) (ADVP-LOC-PRD (RB there))))) (, ,) (NP-SBJ (PRP I)) (VP (MD could) (RB n't) (VP-UNF (VB believe))) (. .) (-DFL- E_S))",151,159.56,161.48
sw05utt/sw_0527_2177.utt,2/sw2177,2177,99,sd,B,58,4,"{E I mean, } it's an excellent movie. /","[ I/PRP ] mean/VBP ,/,  [ it/PRP ] 's/BES  [ an/DT excellent/JJ movie/NN ] ./.","(S (PRN (S (NP-SBJ (PRP I)) (VP (VBP mean))) (, ,)) (NP-SBJ (PRP it)) (VP (BES 's) (NP-PRD (DT an) (JJ excellent) (NN movie))) (. .) (-DFL- E_S))",152,161.48,162.78
sw05utt/sw_0527_2177.utt,2/sw2177,2177,100,bh,A,59,1,Really. /,Really/UH ./.,(INTJ (UH Really) (. .) (-DFL- E_S)),154,162.78,163.14000000000001
sw05utt/sw_0527_2177.utt,2/sw2177,2177,101,ny,B,60,1,Yeah. /,Yeah/UH ./.,(INTJ (UH Yeah) (. .) (-DFL- E_S)),156,163.22,163.54
sw05utt/sw_0527_2177.utt,2/sw2177,2177,102,sd,A,61,1,"I wasn't sure,  /","[ I/PRP ] was/VBD n't/RB sure/RB ,/,","(S (NP-SBJ (PRP I)) (VP (VBD was) (RB n't) (ADJP-PRD (RB sure))) (, ,) (-DFL- E_S))",158,163.74,164.52
sw05utt/sw_0527_2177.utt,2/sw2177,2177,103,sv,A,61,2,"{C because, } {F uh, } just generally, {D you know, } that kind of scary stuff [ I, + I ] just don't want to have anything to do with it. /","because/RB ,/,  [ uh/UH ] ,/, just/RB generally/RB ,/,  [ you/PRP ] know/VBP ,/, that/DT  [ kind/NN ] of/IN  [ scary/JJ stuff/NN ] [ I/PRP ] ,/,  [ I/PRP ] just/RB do/VBP n't/RB want/VB to/TO have/VB  [ anything/NN ] to/TO do/VB with/IN  [ it/PRP ] ./.","(SBAR-PRP (RB because) (, ,) (INTJ (UH uh)) (, ,) (S (ADVP (RB just) (RB generally)) (PRN (, ,) (S (NP-SBJ (PRP you)) (VP (VBP know))) (, ,)) (NP-TPC (NP (DT that) (NN kind)) (PP (IN of) (NP (JJ scary) (NN stuff)))) (EDITED (RM (-DFL- \[)) (NP-SBJ (PRP I)) (, ,) (IP (-DFL- \+))) (NP-SBJ-1 (PRP I)) (RS (-DFL- \])) (ADVP (RB just)) (VP (VBP do) (RB n't) (VP (VB want) (S (NP-SBJ (-NONE- *-1)) (VP (TO to) (VP (VB have) (NP (NP (NN anything)) (SBAR (WHNP-2 (-NONE- 0)) (S (NP-SBJ (-NONE- *)) (VP (TO to) (VP (VB do) (NP (-NONE- *T*-2)) (PP (IN with) (NP (PRP it)))))))))))))) (. .) (-DFL- E_S))",159,164.52,170.12
sw05utt/sw_0527_2177.utt,2/sw2177,2177,104,sd,B,62,1,"[ It's not necessarily, + it's not necessarily ] scary as it is suspenseful.  /","[ It/PRP ] 's/BES not/RB necessarily/RB ,/,  [ it/PRP ] 's/BES not/RB necessarily/RB scary/JJ as/IN  [ it/PRP ] is/VBZ suspenseful/JJ ./.","(S (EDITED (RM (-DFL- \[)) (S (NP-SBJ (PRP It)) (VP-UNF (BES 's) (RB not) (ADVP (RB necessarily)))) (, ,) (IP (-DFL- \+))) (NP-SBJ (PRP it)) (VP (BES 's) (RB not) (ADVP (RB necessarily)) (RS (-DFL- \])) (ADJP-PRD (ADJP (JJ scary)) (SBAR (IN as) (S (NP-SBJ (PRP it)) (VP (VBZ is) (ADJP-PRD (JJ suspenseful))))))) (. .) (-DFL- E_S))",161,170.12,173.20000000000002
sw05utt/sw_0527_2177.utt,2/sw2177,2177,105,sd,B,62,2,{E I mean } it's not. /,[ I/PRP ] mean/VBP  [ it/PRP ] 's/BES not/RB ./.,(S (PRN (S (NP-SBJ (PRP I)) (VP (VBP mean)))) (NP-SBJ (PRP it)) (VP (BES 's) (RB not) (ADJP-PRD (-NONE- *?*))) (. .) (-DFL- E_S)),162,173.2,174.01999999999998
sw05utt/sw_0527_2177.utt,2/sw2177,2177,106,b,A,63,1,"Yeah,  /","[ Yeah/UH ] ,/,","(INTJ (UH Yeah) (, ,) (-DFL- E_S))",164,174.02,174.24
sw05utt/sw_0527_2177.utt,2/sw2177,2177,107,sv,A,63,2,"I think I heard somebody talking about that she cuts his foot off or  something, {D you know. } /","[ I/PRP ] think/VBP  [ I/PRP ] heard/VBD  [ somebody/NN ] talking/VBG about/IN that/DT  [ she/PRP ] cuts/VBZ  [ his/PRP$ foot/NN ] off/RP or/CC  [ something/NN ] ,/,  [ you/PRP ] know/VBP ./.","(S (NP-SBJ (PRP I)) (VP (VBP think) (SBAR (-NONE- 0) (S (NP-SBJ (PRP I)) (VP (VBD heard) (S (NP-SBJ (NN somebody)) (VP (VBG talking) (PP (IN about) (NP (DT that))))))))))|||(S (NP-SBJ (PRP she)) (VP (VP (VBZ cuts) (NP (PRP$ his) (NN foot)) (PRT (RP off))) (CC or) (NP-ETC (NN something)) (PRN (, ,) (S (NP-SBJ (PRP you)) (VP (VBP know))))) (. .) (-DFL- E_S))",165|||166,174.24,177.8
sw05utt/sw_0527_2177.utt,2/sw2177,2177,108,ar,B,64,1,"No,  /","No/UH ,/,","(INTJ (UH No) (, ,) (-DFL- E_S))",168,177.8,177.94
sw05utt/sw_0527_2177.utt,2/sw2177,2177,109,sd,B,64,2,"[ in, + in ] the book apparently she cuts his feet off,  /","in/IN ,/, in/IN  [ the/DT book/NN ] apparently/RB  [ she/PRP ] cuts/VBZ  [ his/PRP$ feet/NNS ] off/RP ,/,","(S (EDITED (RM (-DFL- \[)) (PP-UNF (IN in)) (, ,) (IP (-DFL- \+))) (PP (IN in) (RS (-DFL- \])) (NP (DT the) (NN book))) (ADVP (RB apparently)) (NP-SBJ (PRP she)) (VP (VBZ cuts) (NP (PRP$ his) (NNS feet)) (PRT (RP off))) (, ,) (-DFL- E_S))",169,178.0,180.04
sw05utt/sw_0527_2177.utt,2/sw2177,2177,110,sd,B,64,3,"{C but } in the movie [ she, + she ] disables him, but not by cutting his feet. /","but/CC in/IN  [ the/DT movie/NN ] [ she/PRP ] ,/,  [ she/PRP ] disables/VBZ  [ him/PRP ] ,/, but/CC not/RB by/IN cutting/VBG  [ his/PRP$ feet/NNS ] ./.","(S (CC but) (PP (IN in) (NP (DT the) (NN movie))) (EDITED (RM (-DFL- \[)) (NP-SBJ (PRP she)) (, ,) (IP (-DFL- \+))) (NP-SBJ (PRP she)) (RS (-DFL- \])) (VP (VBZ disables) (NP (PRP him)) (, ,) (NAC (CC but) (RB not) (PP (IN by) (S-NOM (NP-SBJ (-NONE- *)) (VP (VBG cutting) (NP (PRP$ his) (NNS feet))))))) (. .) (-DFL- E_S))",170,180.04,184.66
sw05utt/sw_0527_2177.utt,2/sw2177,2177,111,b,A,65,1,{F Um. } /,Um/UH ./.,(INTJ (UH Um) (. .) (-DFL- E_S)),172,185.06,185.2
sw05utt/sw_0527_2177.utt,2/sw2177,2177,112,sd,B,66,1,"{F Um, } [ she, + she ] breaks both of his ankles. /","Um/UH ,/,  [ she/PRP ] ,/,  [ she/PRP ] breaks/VBZ  [ both/DT ] of/IN  [ his/PRP$ ankles/NNS ] ./.","(S (INTJ (UH Um)) (, ,) (EDITED (RM (-DFL- \[)) (NP-SBJ (PRP she)) (, ,) (IP (-DFL- \+))) (NP-SBJ (PRP she)) (RS (-DFL- \])) (VP (VBZ breaks) (NP (NP (DT both)) (PP (IN of) (NP (PRP$ his) (NNS ankles))))) (. .) (-DFL- E_S))",174,185.2,187.38
sw05utt/sw_0527_2177.utt,2/sw2177,2177,113,ba,A,67,1,Ugh. /,Ugh/UH ./.,(INTJ (UH Ugh) (. .) (-DFL- E_S)),176,187.54,187.62
sw05utt/sw_0527_2177.utt,2/sw2177,2177,114,sd,B,68,1,"{C And } that I couldn't watch,  /","And/CC that/DT  [ I/PRP ] could/MD n't/RB watch/VB ,/,","(S (CC And) (NP-TPC-1 (DT that)) (NP-SBJ (PRP I)) (VP (MD could) (RB n't) (VP (VB watch) (NP (-NONE- *T*-1)))) (, ,) (-DFL- E_S))",178,187.62,189.46
sw05utt/sw_0527_2177.utt,2/sw2177,2177,115,sd,B,68,2,"[ {C and, } +  {C but, } ] {D you know, } you could tell when it was coming. /","and/CC ,/, but/CC ,/,  [ you/PRP ] know/VBP ,/,  [ you/PRP ] could/MD tell/VB when/WRB  [ it/PRP ] was/VBD coming/VBG ./.","(S (EDITED (RM (-DFL- \[)) (CC and) (, ,) (IP (-DFL- \+))) (CC but) (, ,) (RS (-DFL- \])) (PRN (S (NP-SBJ (PRP you)) (VP (VBP know))) (, ,)) (NP-SBJ (PRP you)) (VP (MD could) (VP (VB tell) (SBAR (WHADVP-1 (WRB when)) (S (NP-SBJ (PRP it)) (VP (VBD was) (VP (VBG coming) (ADVP-TMP (-NONE- *T*-1)))))))) (. .) (-DFL- E_S))",179,189.46,192.67999999999998
sw05utt/sw_0527_2177.utt,2/sw2177,2177,116,b,A,69,1,Yeah. /,Yeah/UH ./.,(INTJ (UH Yeah) (. .) (-DFL- E_S)),156,192.76,193.22
sw05utt/sw_0527_2177.utt,2/sw2177,2177,117,%,B,70,1,"{C So } yeah,  {F um, }  /","So/UH yeah/UH ,/, um/UH ,/,","(FRAG (RB So) (INTJ (UH yeah)) (, ,) (INTJ (UH um)) (, ,) (-DFL- E_S))",183,193.46,194.24
sw05utt/sw_0527_2177.utt,2/sw2177,2177,118,sd,B,70,2,"that was so that he couldn't leave her,  /","[ that/DT ] was/VBD so/IN that/IN  [ he/PRP ] could/MD n't/RB leave/VB  [ her/PRP ] ,/,","(S (NP-SBJ (DT that)) (VP (VBD was) (SBAR-PRD-PRP (IN so) (IN that) (S (NP-SBJ (PRP he)) (VP (MD could) (RB n't) (VP (VB leave) (NP (PRP her))))))) (, ,) (-DFL- E_S))",184,194.24,195.6
sw05utt/sw_0527_2177.utt,2/sw2177,2177,119,%,B,70,3,"{C cause } she, -/","cause/RB  [ she/PRP ] ,/,","(SBAR-PRP (RB cause) (S-UNF (NP-SBJ (PRP she))) (, ,) (-DFL- N_S))",185,195.6,195.92
sw05utt/sw_0527_2177.utt,2/sw2177,2177,120,sv,A,71,1,It still just seems a little twisted to me <laughter>. /,[ It/PRP ] still/RB just/RB seems/VBZ  [ a/DT little/RB ] twisted/JJ to/IN  [ me/PRP ] ./.,(S (NP-SBJ (PRP It)) (ADVP-TMP (RB still)) (ADVP (RB just)) (VP (VBZ seems) (ADJP-PRD (NP-ADV (DT a) (RB little)) (JJ twisted)) (PP (IN to) (NP (PRP me)))) (. .) (-DFL- E_S)),187,195.92,197.57999999999998
sw05utt/sw_0527_2177.utt,2/sw2177,2177,121,aa,B,72,1,"Yeah,  /","Yeah/UH ,/,","(INTJ (UH Yeah) (, ,) (-DFL- E_S))",164,197.64,197.72
sw05utt/sw_0527_2177.utt,2/sw2177,2177,122,aa^r,B,72,2,yeah  /,yeah/UH,(INTJ (UH yeah) (-DFL- E_S)),190,197.72,198.12
sw05utt/sw_0527_2177.utt,2/sw2177,2177,123,%@,B,72,3,"{E I mean, }    *[[need slash]]","[ I/PRP ] mean/VBP ,/,","(FRAG (PRN (S (NP-SBJ (PRP I)) (VP (VBP mean))) (, ,)) (INTJ (UH Yeah)) (, ,) (-DFL- E_S))",191,198.12,198.48000000000002
sw05utt/sw_0527_2177.utt,2/sw2177,2177,124,sv,A,73,1,I'm not sure I would have enjoyed that at all. /,[ I/PRP ] 'm/VBP not/RB sure/JJ  [ I/PRP ] would/MD have/VB enjoyed/VBN that/IN at/IN  [ all/DT ] ./.,(S (NP-SBJ (PRP I)) (VP (VBP 'm) (RB not) (ADJP-PRD (JJ sure) (SBAR (-NONE- 0) (S (NP-SBJ (PRP I)) (VP (MD would) (VP (VB have) (VP (VBN enjoyed) (NP (IN that)) (ADVP (IN at) (DT all))))))))) (. .) (-DFL- E_S)),193,198.48,200.22
sw05utt/sw_0527_2177.utt,2/sw2177,2177,125,+,B,74,1,"Yeah,  /  *[[b]]","Yeah/UH ,/,","(INTJ (UH Yeah) (, ,) (-DFL- E_S))",164,200.22,200.35999999999999
sw05utt/sw_0527_2177.utt,2/sw2177,2177,126,%,B,74,2,"well, as far as that goes, - /","well/UH ,/, as/RB far/RB as/IN  [ that/DT ] goes/VBZ ,/,","(S-UNF (INTJ (UH well)) (, ,) (ADVP (ADVP (RB as) (RB far)) (SBAR (IN as) (S (NP-SBJ (DT that)) (VP (VBZ goes))))) (, ,) (-DFL- N_S))",195,200.36,201.44
sw05utt/sw_0527_2177.utt,2/sw2177,2177,127,b,B,74,3,"yeah,  /","yeah/UH ,/,","(INTJ (UH yeah) (, ,) (-DFL- E_S))",196,201.44,201.6
sw05utt/sw_0527_2177.utt,2/sw2177,2177,128,sv,B,74,4,"{E I mean, } you wouldn't like to see [ anybo-, + anything  happen  to anybody, ]  /","[ I/PRP ] mean/VBP ,/,  [ you/PRP ] would/MD n't/RB like/VB to/TO see/VB  [ anybo-/NN ] ,/,  [ anything/NN ] happen/VB to/IN  [ anybody/NN ] ,/,","(S (PRN (S (NP-SBJ (PRP I)) (VP (VBP mean))) (, ,)) (NP-SBJ-1 (PRP you)) (VP (MD would) (RB n't) (VP (VB like) (S (NP-SBJ (-NONE- *-1)) (VP (TO to) (VP (VB see) (S (EDITED (RM (-DFL- \[)) (NP-SBJ-UNF (NN anybo-)) (, ,) (IP (-DFL- \+))) (NP-SBJ (NN anything)) (VP (VB happen) (PP (IN to) (NP (NN anybody)))))))))) (, ,) (RS (-DFL- \])) (-DFL- E_S))",197,201.6,204.07999999999998
sw05utt/sw_0527_2177.utt,2/sw2177,2177,129,sv,B,74,5,"{C but } it was just how she got so caught up,  /","but/CC  [ it/PRP ] was/VBD just/RB how/WRB  [ she/PRP ] got/VBD so/RB caught/VBN up/RP ,/,","(S (CC but) (NP-SBJ (PRP it)) (VP (VBD was) (ADVP (RB just)) (SBAR-PRD (WHADVP-2 (WRB how)) (S (NP-SBJ (PRP she)) (VP (VBD got) (ADJP-PRD (RB so) (VBN caught) (RP up)) (ADVP-MNR (-NONE- *T*-2)))))) (, ,) (-DFL- E_S))",198,204.08,205.92
sw05utt/sw_0527_2177.utt,2/sw2177,2177,130,%,B,74,6,her emotions -- -/,[ her/PRP$ emotions/NNS ] --/:,(NP (PRP$ her) (NNS emotions) (-DFL- N_S)),199,205.92,206.64000000000001
sw05utt/sw_0527_2177.utt,2/sw2177,2177,131,b,A,75,1,Yeah. /,Yeah/UH ./.,(INTJ (UH Yeah) (. .) (-DFL- E_S)),181,207.36,207.68
sw05utt/sw_0527_2177.utt,2/sw2177,2177,132,sd,B,76,1,"-- [ [ {C and, } +  {D you know, } {C and, } ] +  {C and } ] she feel madly in love with this writer. /","--/: and/CC ,/,  [ you/PRP ] know/VBP ,/, and/CC ,/, and/CC  [ she/PRP ] feel/^VBD madly/RB in/IN   [ love/NN ] with/IN  [ this/DT writer/NN ] ./.","(S (EDITED (RM (-DFL- \[)) (EDITED (RM (-DFL- \[)) (CC and) (, ,) (IP (-DFL- \+))) (PRN (S (NP-SBJ (PRP you)) (VP (VBP know))) (, ,)) (CC and) (, ,) (RS (-DFL- \])) (IP (-DFL- \+))) (CC and) (RS (-DFL- \])) (NP-SBJ (PRP she)) (VP (TYPO (^VBD feel)) (PP (ADVP (RB madly)) (IN in) (NP (NN love))) (PP (IN with) (NP (DT this) (NN writer)))) (. .) (-DFL- E_S))",203,207.68,210.82000000000002
sw05utt/sw_0527_2177.utt,2/sw2177,2177,133,b,A,77,1,Uh-huh. /,[ Uh-huh/UH ] ./.,(INTJ (UH Uh-huh) (. .) (-DFL- E_S)),205,210.82,210.94
sw05utt/sw_0527_2177.utt,2/sw2177,2177,134,%,B,78,1,"{C And } there was this, - /","And/CC  [ there/EX ] was/VBD  [ this/DT ] ,/,","(S (CC And) (NP-SBJ (EX there)) (VP (VBD was) (NP-PRD-UNF (DT this))) (, ,) (-DFL- N_S))",207,211.38,212.04
sw05utt/sw_0527_2177.utt,2/sw2177,2177,135,sd,B,78,2,"{C but }   she was a killer,  /","but/CC  [ she/PRP ] was/VBD  [ a/DT killer/NN ] ,/,","(S (CC but) (NP-SBJ (PRP she)) (VP (VBD was) (NP-PRD (DT a) (NN killer))) (, ,) (-DFL- E_S))",208,213.12,214.0
sw05utt/sw_0527_2177.utt,2/sw2177,2177,136,sd,B,78,3,"{C and } [ the, + the ] character [ was, +   {D you know, } prior to that [ had, + had ] been ] someone that had killed other people -- /","and/CC  [ the/DT ] ,/,  [ the/DT character/NN ] was/VBD ,/,  [ you/PRP ] know/VBP ,/, prior/IN to/IN  [ that/DT ] had/VBD ,/, had/VBD been/VBN  [ someone/NN ] [ that/WDT ] had/VBD killed/VBN  [ other/JJ people/NNS ] --/:","(S (CC and) (EDITED (RM (-DFL- \[)) (NP-SBJ-UNF (DT the)) (, ,) (IP (-DFL- \+))) (NP-SBJ (DT the) (RS (-DFL- \])) (NN character)) (EDITED (RM (-DFL- \[)) (VP-UNF (VBD was)) (, ,) (IP (-DFL- \+))) (PRN (S (NP-SBJ (PRP you)) (VP (VBP know))) (, ,)) (PP-TMP (IN prior) (PP (IN to) (NP (DT that)))) (EDITED (RM (-DFL- \[)) (VP-UNF (VBD had)) (, ,) (IP (-DFL- \+))) (VP (VBD had) (RS (-DFL- \])) (VP (VBN been) (RS (-DFL- \])) (NP-PRD (NP (NN someone)) (SBAR (WHNP-1 (WDT that)) (S (NP-SBJ (-NONE- *T*-1)) (VP (VBD had) (VP (VBN killed) (NP (JJ other) (NNS people))))))))) (-DFL- E_S))",209,214.0,218.67999999999998
sw05utt/sw_0527_2177.utt,2/sw2177,2177,137,b,A,79,1,Yeah. /,Yeah/UH ./.,(INTJ (UH Yeah) (. .) (-DFL- E_S)),181,218.82,219.04
sw05utt/sw_0527_2177.utt,2/sw2177,2177,138,sd,B,80,1,-- {C but } no one knew that. /,--/: but/CC  [ no/DT one/NN ] knew/VBD  [ that/DT ] ./.,(S (CC but) (NP-SBJ (DT no) (NN one)) (VP (VBD knew) (NP (DT that))) (. .) (-DFL- E_S)),213,219.04,219.94
sw05utt/sw_0527_2177.utt,2/sw2177,2177,139,ba,A,81,1,"{F Oh, } yeah. /","Oh/UH ,/, yeah/UH ./.","(INTJ (INTJ (UH Oh)) (, ,) (INTJ (UH yeah)) (. .) (-DFL- E_S))",215,220.22,220.79999999999998
sw05utt/sw_0527_2177.utt,2/sw2177,2177,140,%,B,82,1,{D So. }  {C But. } - /,So/UH ./.  But/CC ./.,(S-UNF (EDITED (UH So)) (. .) (CC But) (. .) (-DFL- N_S)),217,220.82,222.72
sw05utt/sw_0527_2177.utt,2/sw2177,2177,141,%,B,82,2,"{C So, } yeah,  /","So/UH ,/, yeah/UH ,/,","(INTJ (INTJ (RB So)) (, ,) (INTJ (UH yeah)) (, ,) (-DFL- E_S))",218,223.6,223.92
sw05utt/sw_0527_2177.utt,2/sw2177,2177,142,sd,B,82,3,"we just haven't had the time to go to the movies lately, /","[ we/PRP ] just/RB have/VBP n't/RB had/VBN  [ the/DT time/NN ] to/TO go/VB to/IN  [ the/DT movies/NNS ] lately/RB ,/,","(S (NP-SBJ (PRP we)) (ADVP (RB just)) (VP (VBP have) (RB n't) (VP (VBN had) (NP (NP (DT the) (NN time)) (SBAR (WHADVP-1 (-NONE- 0)) (S (NP-SBJ (-NONE- *)) (VP (TO to) (VP (VB go) (PP-DIR (IN to) (NP (DT the) (NNS movies))) (ADVP-TMP (RB lately)) (ADVP-TMP (-NONE- *T*-1))))))))) (, ,) (-DFL- E_S))",219,223.92,225.79999999999998
sw05utt/sw_0527_2177.utt,2/sw2177,2177,143,aa,A,83,1,"I know,  /","[ I/PRP ] know/VBP ,/,","(S (NP-SBJ (PRP I)) (VP (VBP know)) (, ,) (-DFL- E_S))",221,225.8,226.12
sw05utt/sw_0527_2177.utt,2/sw2177,2177,144,sd,A,83,2,we don't see movies at the movies a lot. /,[ we/PRP ] do/VBP n't/RB see/VB  [ movies/NNS ] at/IN  [ the/DT movies/NNS ] [ a/DT lot/NN ] ./.,(S (NP-SBJ (PRP we)) (VP (VBP do) (RB n't) (VP (VB see) (NP (NNS movies)) (PP-LOC (IN at) (NP (DT the) (NNS movies))) (NP-ADV (DT a) (NN lot)))) (. .) (-DFL- E_S)),222,226.12,228.18
sw05utt/sw_0527_2177.utt,2/sw2177,2177,145,b,B,84,1,Uh-huh. /,[ Uh-huh/UH ] ./.,(INTJ (UH Uh-huh) (. .) (-DFL- E_S)),205,228.18,228.32
sw05utt/sw_0527_2177.utt,2/sw2177,2177,146,%,A,85,1,"The last, - /","[ The/DT last/JJ ] ,/,","(S-UNF (NP-SBJ (DT The) (JJ last)) (, ,) (-DFL- N_S))",226,228.38,228.88
sw05utt/sw_0527_2177.utt,2/sw2177,2177,147,sd,A,85,2,we did go see DANCES WITH WOLVES  /,[ we/PRP ] did/VBD go/VB see/VB  [ DANCES/VB ] WITH/IN  [ WOLVES/NNS ],(S (NP-SBJ-1 (PRP we)) (VP (VBD did) (VP (VB go) (S (NP-SBJ (-NONE- *-1)) (VP (VB see) (VP-TTL (VB DANCES) (PP (IN WITH) (NP (NNS WOLVES)))))))) (-DFL- E_S)),227,228.88,230.57999999999998
sw05utt/sw_0527_2177.utt,2/sw2177,2177,148,sd,A,85,3,"{C and } we went to see NOT WITHOUT MY DAUGHTER,  /","and/CC  [ we/PRP ] went/VBD to/TO see/VB NOT/RB WITHOUT/IN  [ MY/PRP$ DAUGHTER/NN ] ,/,","(S (CC and) (NP-SBJ-1 (PRP we)) (VP (VBD went) (S (NP-SBJ (-NONE- *-1)) (VP (TO to) (VP (VB see) (FRAG-TTL (RB NOT) (PP (IN WITHOUT) (NP (PRP$ MY) (NN DAUGHTER)))))))) (, ,) (-DFL- E_S))",228,230.58,232.44
sw05utt/sw_0527_2177.utt,2/sw2177,2177,149,sd,A,85,4,"{C but } mostly we wait until they come out on video tape,  /","but/CC mostly/RB  [ we/PRP ] wait/VBP until/IN  [ they/PRP ] come/VBP out/RP on/IN  [ video/JJ tape/NN ] ,/,","(S (CC but) (ADVP (RB mostly)) (NP-SBJ (PRP we)) (VP (VBP wait) (SBAR-TMP (IN until) (S (NP-SBJ (PRP they)) (VP (VBP come) (ADVP (RP out)) (PP (IN on) (NP (JJ video) (NN tape))))))) (, ,) (-DFL- E_S))",229,232.44,234.88
sw05utt/sw_0527_2177.utt,2/sw2177,2177,150,sd,A,85,5,{C and then } we rent them <laughter>. /,and/CC then/RB  [ we/PRP ] rent/VBP  [ them/PRP ] ./.,(S (CONJP (CC and) (RB then)) (NP-SBJ (PRP we)) (VP (VBP rent) (NP (PRP them))) (. .) (-DFL- E_S)),230,234.88,235.72
sw05utt/sw_0527_2177.utt,2/sw2177,2177,151,aa,B,86,1,"Right,  /","Right/UH ,/,","(INTJ (UH Right) (, ,) (-DFL- E_S))",232,236.12,236.36
sw05utt/sw_0527_2177.utt,2/sw2177,2177,152,aa^r,B,86,2,right.  /,right/UH ./.,(INTJ (UH right) (. .) (-DFL- E_S)),233,236.74,236.96
sw05utt/sw_0527_2177.utt,2/sw2177,2177,153,sd,B,86,3,Now I want to see SLEEPING WITH THE ENEMY. /,Now/RB  [ I/PRP ] want/VBP to/TO see/VB  [ SLEEPING/VBG ] WITH/IN  [ THE/DT ENEMY/NN ] ./.,(S (ADVP-TMP (RB Now)) (NP-SBJ-1 (PRP I)) (VP (VBP want) (S (NP-SBJ (-NONE- *-1)) (VP (TO to) (VP (VB see) (S-TTL (NP-SBJ (-NONE- *)) (VP (VBG SLEEPING) (PP (IN WITH) (NP (DT THE) (NN ENEMY))))))))) (. .) (-DFL- E_S)),234,236.96,238.76
sw05utt/sw_0527_2177.utt,2/sw2177,2177,154,aa,A,87,1,"{F Oh, } yeah  -- /","Oh/UH ,/, yeah/UH --/:","(INTJ (INTJ (UH Oh)) (, ,) (INTJ (UH yeah)) (-DFL- E_S))",236,239.28,239.8
sw05utt/sw_0527_2177.utt,2/sw2177,2177,155,%@,B,88,1,{F Uh } --    *[[needs slash]],[ Uh/UH ] --/:,"(INTJ (INTJ (UH Uh)) (INTJ (UH yeah)) (, ,) (-DFL- E_S))",238,239.84,240.04
sw05utt/sw_0527_2177.utt,2/sw2177,2177,156,sv,A,89,1,-- that looks really good too. /,--/:  [ that/WDT ] looks/VBZ really/RB good/JJ too/RB ./.,(S (NP-SBJ (WDT that)) (VP (VBZ looks) (ADJP-PRD (RB really) (JJ good)) (ADVP (RB too))) (. .) (-DFL- E_S)),240,240.04,240.98000000000002
sw05utt/sw_0527_2177.utt,2/sw2177,2177,157,+,B,90,1,"-- yeah,  / *[[aa]]","--/: yeah/UH ,/,","(INTJ (INTJ (RB So)) (, ,) (INTJ (UH yeah)) (, ,) (-DFL- E_S))",218,241.0,241.28
sw05utt/sw_0527_2177.utt,2/sw2177,2177,158,sv,B,90,2,that looks good.   /,[ that/WDT ] looks/VBZ  [ good/JJ ] ./.,(S (NP-SBJ (WDT that)) (VP (VBZ looks) (ADJP-PRD (JJ good))) (. .) (-DFL- E_S)),242,241.28,241.60000000000002
sw05utt/sw_0527_2177.utt,2/sw2177,2177,159,sd,B,90,3,{C And } there were a couple others that I just haven't had the time. /,And/CC  [ there/EX ] were/VBD  [ a/DT couple/NN others/NNS ] that/IN  [ I/PRP ] just/RB have/VBP n't/RB had/VBD  [ the/DT time/NN ] ./.,(S (CC And) (NP-SBJ (EX there)) (VP (VBD were) (NP-PRD (NP (DT a) (NN couple) (NNS others)) (SBAR-UNF (WHADVP-1 (IN that)) (S (NP-SBJ (PRP I)) (ADVP (RB just)) (VP (VBP have) (RB n't) (VP (VBD had) (NP (DT the) (NN time)) (ADVP (-NONE- *T*-1)))))))) (. .) (-DFL- E_S)),243,241.6,243.74
sw05utt/sw_0527_2177.utt,2/sw2177,2177,160,sd,A,91,1,And SILENCE OF THE LAMBS. /,And/CC  [ SILENCE/NN ] OF/IN  [ THE/DT LAMBS/NNS ] ./.,(FRAG (CC And) (NP-TTL (NP (NN SILENCE)) (PP (IN OF) (NP (DT THE) (NNS LAMBS)))) (. .) (-DFL- E_S)),245,243.74,244.68
sw05utt/sw_0527_2177.utt,2/sw2177,2177,161,%,B,92,1,{D Now } {D see } I. -/,Now/UH see/UH  [ I/PRP ] ./.,(S-UNF (INTJ (UH Now)) (INTJ (UH see)) (NP-SBJ (PRP I)) (. .) (-DFL- N_S)),247,244.7,245.23
sw05utt/sw_0527_2177.utt,2/sw2177,2177,162,sd,A,93,1,"[ I'm, + I'm ] intrigued by it,  /","[ I/PRP ] 'm/VBP ,/,  [ I/PRP ] 'm/VBP intrigued/VBN by/IN  [ it/PRP ] ,/,","(S (EDITED (RM (-DFL- \[)) (S (NP-SBJ (PRP I)) (VP-UNF (VBP 'm))) (, ,) (IP (-DFL- \+))) (NP-SBJ-1 (PRP I)) (VP (VBP 'm) (RS (-DFL- \])) (VP (VBN intrigued) (NP (-NONE- *-1)) (PP (IN by) (NP-LGS (PRP it))))) (, ,) (-DFL- E_S))",249,245.22,246.26
sw05utt/sw_0527_2177.utt,2/sw2177,2177,163,sd,A,93,2,{C but } I'm not sure I want to go see it yet <laughter>. /,but/CC  [ I/PRP ] 'm/VBP not/RB sure/JJ  [ I/PRP ] want/VBP to/TO go/VB see/VB  [ it/PRP ] yet/RB ./.,(S (CC but) (NP-SBJ (PRP I)) (VP (VBP 'm) (RB not) (ADJP-PRD (JJ sure) (SBAR (-NONE- 0) (S (NP-SBJ-1 (PRP I)) (VP (VBP want) (S (NP-SBJ-2 (-NONE- *-1)) (VP (TO to) (VP (VB go) (S (NP-SBJ (-NONE- *-2)) (VP (VB see) (NP (PRP it)) (ADVP-TMP (RB yet)))))))))))) (. .) (-DFL- E_S)),250,246.26,247.46
sw05utt/sw_0527_2177.utt,2/sw2177,2177,164,b,B,94,1,"Yeah,  /","[ Yeah/UH ] ,/,","(INTJ (UH Yeah) (, ,) (-DFL- E_S))",252,247.47,247.55
sw05utt/sw_0527_2177.utt,2/sw2177,2177,165,sd,B,94,2,I don't think I want to see that either.  /,[ I/PRP ] do/VBP n't/RB think/VB  [ I/PRP ] want/VBP to/TO see/VB that/DT either/RB ./.,(S (NP-SBJ (PRP I)) (VP (VBP do) (RB n't) (VP (VB think) (SBAR (-NONE- 0) (S (NP-SBJ-1 (PRP I)) (VP (VBP want) (S (NP-SBJ (-NONE- *-1)) (VP (TO to) (VP (VB see) (NP (DT that)) (ADVP (RB either)))))))))) (. .) (-DFL- E_S)),253,247.55,249.21
sw05utt/sw_0527_2177.utt,2/sw2177,2177,166,%,B,94,3,"I know, - /","[ I/PRP ] know/VBP ,/,","(S (NP-SBJ (PRP I)) (VP (VBP know)) (, ,) (-DFL- E_S))",221,249.61,250.15
sw05utt/sw_0527_2177.utt,2/sw2177,2177,167,sd,B,94,4,I don't think I could. /,[ I/PRP ] do/VBP n't/RB think/VB  [ I/PRP ] could/MD ./.,(S (NP-SBJ (PRP I)) (VP (VBP do) (RB n't) (VP (VB think) (SBAR (-NONE- 0) (S (NP-SBJ (PRP I)) (VP (MD could) (VP (-NONE- *?*))))))) (. .) (-DFL- E_S)),255,250.15,250.93
sw05utt/sw_0527_2177.utt,2/sw2177,2177,168,%,A,95,1,"I think, {F uh, } - /","[ I/PRP ] think/VBP ,/,  [ uh/UH ] ,/,","(S (NP-SBJ (PRP I)) (VP-UNF (VBP think) (, ,) (INTJ (UH uh))) (, ,) (-DFL- N_S))",257,250.92,251.3
sw05utt/sw_0527_2177.utt,2/sw2177,2177,169,sd,A,95,2,"{D well, } {D now, } we had some friends that went to see it  /","well/UH ,/, now/UH ,/,  [ we/PRP ] had/VBD  [ some/DT friends/NNS ] [ that/WDT ] went/VBD to/TO see/VB  [ it/PRP ]","(S (INTJ (UH well)) (, ,) (INTJ (UH now)) (, ,) (NP-SBJ (PRP we)) (VP (VBD had) (NP (NP (DT some) (NNS friends)) (SBAR (WHNP-1 (WDT that)) (S (NP-SBJ-2 (-NONE- *T*-1)) (VP (VBD went) (S (NP-SBJ (-NONE- *-2)) (VP (TO to) (VP (VB see) (NP (PRP it)))))))))) (-DFL- E_S))",258,251.3,254.56
sw05utt/sw_0527_2177.utt,2/sw2177,2177,170,sd,A,95,3,{C and } they said it was okay. /,and/CC  [ they/PRP ] said/VBD  [ it/PRP ] was/VBD okay/JJ ./.,(S (CC and) (NP-SBJ (PRP they)) (VP (VBD said) (SBAR (-NONE- 0) (S (NP-SBJ (PRP it)) (VP (VBD was) (ADJP-PRD (JJ okay)))))) (. .) (-DFL- E_S)),259,254.56,255.48000000000002
sw05utt/sw_0527_2177.utt,2/sw2177,2177,171,b,B,96,1,Really. /,Really/UH ./.,(INTJ (UH Really) (. .) (-DFL- E_S)),261,255.49,255.77
sw05utt/sw_0527_2177.utt,2/sw2177,2177,172,%,A,97,1,"{C So, } it might not be as, - /","So/UH ,/,  [ it/PRP ] might/MD not/RB be/VB as/RB ,/,","(S (RB So) (, ,) (NP-SBJ (PRP it)) (VP (MD might) (RB not) (VP (VB be) (ADJP-PRD-UNF (RB as)))) (, ,) (-DFL- N_S))",263,255.76,256.92
sw05utt/sw_0527_2177.utt,2/sw2177,2177,173,sd,A,97,2,I think they may be playing up --,[ I/PRP ] think/VBP  [ they/PRP ] may/MD be/VB playing/VBG up/RP --/:,"(S (NP-SBJ (PRP I)) (VP (VBP think) (SBAR (-NONE- 0) (S (NP-SBJ (PRP they)) (VP (MD may) (VP (VB be) (VP (VBG playing) (PRT (RP up)) (INTJ (UH um)) (, ,) (NP (NP (DT some) (NNS aspects)) (PP (IN of) (NP (DT the) (NN movie))) (SBAR (WHNP-1 (WDT that)) (S (NP-SBJ (-NONE- *T*-1)) (VP (VBP are) (RB n't) (NP-PRD (DT the) (JJ main) (NNS aspects)))))))))))) (. .) (-DFL- E_S))",264,257.36,258.61999999999995
sw05utt/sw_0527_2177.utt,2/sw2177,2177,174,b,B,98,1,Really. /,Really/UH ./.,(INTJ (UH Really) (. .) (-DFL- E_S)),261,259.21,259.39
sw05utt/sw_0527_2177.utt,2/sw2177,2177,175,+,A,99,1,"-- {F um, } some aspects of the movie that aren't the main aspects. /","--/: um/UH ,/,  [ some/DT aspects/NNS ] of/IN  [ the/DT movie/NN ] [ that/WDT ] are/VBP n't/RB  [ the/DT main/JJ aspects/NNS ] ./.","(S (NP-SBJ (PRP I)) (VP (VBP think) (SBAR (-NONE- 0) (S (NP-SBJ (PRP they)) (VP (MD may) (VP (VB be) (VP (VBG playing) (PRT (RP up)) (INTJ (UH um)) (, ,) (NP (NP (DT some) (NNS aspects)) (PP (IN of) (NP (DT the) (NN movie))) (SBAR (WHNP-1 (WDT that)) (S (NP-SBJ (-NONE- *T*-1)) (VP (VBP are) (RB n't) (NP-PRD (DT the) (JJ main) (NNS aspects)))))))))))) (. .) (-DFL- E_S))",264,259.38,262.82
sw05utt/sw_0527_2177.utt,2/sw2177,2177,176,b,B,100,1,Uh-huh  /,[ Uh-huh/UH,(INTJ (UH Uh-huh) (-DFL- E_S)),269,262.85,263.27000000000004
sw05utt/sw_0527_2177.utt,2/sw2177,2177,177,x,B,100,2,((   ))  .,MUMBLEx/XX ] ./.,(X (XX MUMBLEx) (. .)),270,0.0,0.0
sw05utt/sw_0527_2177.utt,2/sw2177,2177,178,sd,A,101,1,"{D Now, } we went to see the JAGGED EDGE. /","Now/UH ,/,  [ we/PRP ] went/VBD to/TO see/VB  [ the/DT JAGGED/JJ EDGE/NN ] ./.","(S (INTJ (UH Now)) (, ,) (NP-SBJ-1 (PRP we)) (VP (VBD went) (S (NP-SBJ (-NONE- *-1)) (VP (TO to) (VP (VB see) (NP-TTL (DT the) (JJ JAGGED) (NN EDGE)))))) (. .) (-DFL- E_S))",272,263.77,265.77
sw05utt/sw_0527_2177.utt,2/sw2177,2177,179,sd,B,102,1,"{F Oh, } I liked that movie. /","Oh/UH ,/,  [ I/PRP ] liked/VBD  [ that/DT movie/NN ] ./.","(S (INTJ (UH Oh)) (, ,) (NP-SBJ (PRP I)) (VP (VBD liked) (NP (DT that) (NN movie))) (. .) (-DFL- E_S))",274,265.97,267.21
sw05utt/sw_0527_2177.utt,2/sw2177,2177,180,bh,A,103,1,Yeah. /,Yeah/UH ./.,(INTJ (UH Yeah) (. .) (-DFL- E_S)),276,267.19,267.43
sw05utt/sw_0527_2177.utt,2/sw2177,2177,181,ny,B,104,1,Yeah. /,Yeah/UH ./.,(INTJ (UH Yeah) (. .) (-DFL- E_S)),276,267.59,267.72999999999996
sw05utt/sw_0527_2177.utt,2/sw2177,2177,182,sv,A,105,1,"{C So, } [ it's, + it ] seems like, {D you know, } that kind of --","So/UH ,/,  [ it/PRP ] 's/BES ,/,  [ it/PRP ] seems/VBZ like/IN ,/,  [ you/PRP ] know/VBP ,/, that/DT  [ kind/NN ] of/IN --/:","(S (RB So) (, ,) (EDITED (RM (-DFL- \[)) (S (NP-SBJ (PRP it)) (VP-UNF (BES 's))) (, ,) (IP (-DFL- \+))) (NP-SBJ (PRP it)) (RS (-DFL- \])) (VP (VBZ seems) (UCP (PP (IN like) (PRN (, ,) (S (NP-SBJ (PRP you)) (VP (VBP know))) (, ,)) (NP (NP (DT that) (NN kind)) (PP (IN of) (EDITED (RM (-DFL- \[)) (NP-PRD-UNF (DT the)) (IP (-DFL- \+)) (RS (-DFL- \]))) (NP (NN thriller) (NN suspense))))) (CC and) (EDITED (RM (-DFL- \[)) (RB not) (, ,) (IP (-DFL- \+))) (RB not) (RS (-DFL- \])) (ADJP-PRD (RB real) (, ,) (INTJ (UH um)) (, ,) (JJ strange) (PP (IN in) (NP (JJ other) (NNS ways)))))) (. .) (-DFL- E_S))",280,267.71,270.16999999999996
sw05utt/sw_0527_2177.utt,2/sw2177,2177,183,b,B,106,1,Uh-huh. /,[ Uh-huh/UH ] ./.,(INTJ (UH Uh-huh) (. .) (-DFL- E_S)),282,270.41,270.79
sw05utt/sw_0527_2177.utt,2/sw2177,2177,184,+,A,107,1,"-- [ the + ] thriller suspense and [ not, + not ] real, {F um, } strange in other ways. /","--/:  [ the/DT thriller/NN suspense/NN ] and/CC not/RB ,/, not/RB  [ real/RB ] ,/, um/UH ,/,  [ strange/JJ ] in/IN  [ other/JJ ways/NNS ] ./.","(S (RB So) (, ,) (EDITED (RM (-DFL- \[)) (S (NP-SBJ (PRP it)) (VP-UNF (BES 's))) (, ,) (IP (-DFL- \+))) (NP-SBJ (PRP it)) (RS (-DFL- \])) (VP (VBZ seems) (UCP (PP (IN like) (PRN (, ,) (S (NP-SBJ (PRP you)) (VP (VBP know))) (, ,)) (NP (NP (DT that) (NN kind)) (PP (IN of) (EDITED (RM (-DFL- \[)) (NP-PRD-UNF (DT the)) (IP (-DFL- \+)) (RS (-DFL- \]))) (NP (NN thriller) (NN suspense))))) (CC and) (EDITED (RM (-DFL- \[)) (RB not) (, ,) (IP (-DFL- \+))) (RB not) (RS (-DFL- \])) (ADJP-PRD (RB real) (, ,) (INTJ (UH um)) (, ,) (JJ strange) (PP (IN in) (NP (JJ other) (NNS ways)))))) (. .) (-DFL- E_S))",280,270.79,275.59999999999997
sw05utt/sw_0527_2177.utt,2/sw2177,2177,185,b,B,108,1,"Uh-huh,  {F um. }  <<pause>>  /","[ Uh-huh/UH ] ,/, um/UH ./.","(INTJ (INTJ (UH Uh-huh)) (, ,) (INTJ (UH um)) (. .) (-DFL- E_S))",285,275.63,276.07000000000005
sw05utt/sw_0527_2177.utt,2/sw2177,2177,186,fc,B,108,2,"{D Well, } I guess that's about it.  /","Well/UH ,/,  [ I/PRP ] guess/VBP  [ that/DT ] 's/BES about/RB  [ it/PRP ] ./.","(S (INTJ (UH Well)) (, ,) (NP-SBJ (PRP I)) (VP (VBP guess) (SBAR (-NONE- 0) (S (NP-SBJ (DT that)) (VP (BES 's) (ADVP (RB about)) (NP-PRD (PRP it)))))) (. .) (-DFL- E_S))",286,279.03,280.77000000000004
sw05utt/sw_0527_2177.utt,2/sw2177,2177,187,fc,B,108,3,# It was nice. # /,[ It/PRP ] was/VBD nice/JJ ./.,(S (NP-SBJ (PRP It)) (VP (VBD was) (ADJP-PRD (JJ nice))) (. .) (-DFL- E_S)),287,0.0,0.0
sw05utt/sw_0527_2177.utt,2/sw2177,2177,188,fc,A,109,1,# Okay. #  /,Okay/UH ./.,(INTJ (UH Okay) (. .) (-DFL- E_S)),289,280.74,281.0
sw05utt/sw_0527_2177.utt,2/sw2177,2177,189,fc,A,109,2,<laughter>  Maybe we'll talk to you again. /,Maybe/RB  [ we/PRP ] 'll/MD talk/VB to/IN  [ you/PRP ] again/RB ./.,(S (ADVP (RB Maybe)) (NP-SBJ (PRP we)) (VP (MD 'll) (VP (VB talk) (PP (IN to) (NP (PRP you))) (ADVP (RB again)))) (. .) (-DFL- E_S)),290,281.0,281.96000000000004
sw05utt/sw_0527_2177.utt,2/sw2177,2177,190,fc,B,110,1,"Okay,  /","Okay/UH ,/,","(INTJ (UH Okay) (, ,) (-DFL- E_S))",292,282.69,282.89
sw05utt/sw_0527_2177.utt,2/sw2177,2177,191,fc,B,110,2,it was nice talking to you. /,[ it/PRP ] was/VBD nice/RB talking/VBG to/IN  [ you/PRP ] ./.,(S (NP-SBJ (NP (PRP it)) (S (-NONE- *EXP*-1))) (VP (VBD was) (ADJP-PRD (RB nice)) (S-1 (NP-SBJ (-NONE- *)) (VP (VBG talking) (PP (IN to) (NP (PRP you)))))) (. .) (-DFL- E_S)),293,282.93,284.03000000000003
sw05utt/sw_0527_2177.utt,2/sw2177,2177,192,fc,A,111,1,Alright. /,Alright/UH ./.,(INTJ (UH Alright) (. .) (-DFL- E_S)),295,284.0,284.34
sw05utt/sw_0527_2177.utt,2/sw2177,2177,193,fc,B,112,1,Bye-bye. /,[ Bye-bye/UH ] ./.,(INTJ (UH Bye-bye) (. .) (-DFL- E_S)),297,284.37,284.91
sw05utt/sw_0527_2177.utt,2/sw2177,2177,194,fc,A,113,1,Bye-bye.  /,[ Bye-bye/UH ] ./.,(INTJ (UH Bye-bye) (. .) (-DFL- E_S)),297,285.08,285.58
