act_tag,caller,conversation_no,end_ts,pos,ptb_basename,ptb_treenumbers,start_ts,subutterance_index,swda_filename,text,transcript_index,trees,utterance_index
o,A,2155,1.52,Okay/UH ./.,2/sw2155,,1.18,1,sw09utt/sw_0997_2155.utt,Okay. /,0,,1
b^m,B,2155,2.68,Okay/UH ./.,2/sw2155,,2.14,1,sw09utt/sw_0997_2155.utt,Okay. /,1,,2
qo,A,2155,4.72,"So/UH ,/, what/WP do/VBP you/PRP think/VB about/IN it/PRP ?/.",2/sw2155,,2.8,1,sw09utt/sw_0997_2155.utt,"{D So, } what do you think about it?  /",2,,3
%,A,2155,5.1000000000000005,"Should/MD ,/,",2/sw2155,,4.82,2,sw09utt/sw_0997_2155.utt,"Should, -/",3,,3
sv,B,2155,15.440000000000001,"Um/UH ,/, I/PRP like/VBP the/DT idea/NN of/IN nursing/NN homes/NNS as/IN a/DT ,/, as/IN a/DT growing/JJ choi-/XX ,/, the/DT choices/NNS you/PRP have/VBP in/IN nursing/NN homes/NNS now/RB ,/, whereas/IN used/VBN to/TO ,/, you/PRP used/VBD to/TO have/VB only/RB ,/, you/PRP put/VBD ,/, you/PRP know/VBP ,/,",2/sw2155,,4.98,1,sw09utt/sw_0997_2155.utt,"{F Um, } I like [ the idea of nursing homes [ as a, + as a ] growing choi-, + the choices you have in nursing homes ] now, whereas [ [ used to, + you used to ] have only, + you put, ] {D you know, } - /",4,,4
sv,B,2155,18.8,"when/WRB ,/, when/WRB people/NNS got/VBD to/IN the/DT point/NN where/WRB they/PRP were/VBD debilitated/JJ and/CC could/MD n't/RB take/VB care/NN of/IN themselves/PRP --/:",2/sw2155,,15.54,2,sw09utt/sw_0997_2155.utt,"[ when, + when ] people got to the point where they were debilitated and couldn't take care of themselves -- -/",5,,4
b,A,2155,19.3,Uh-huh/UH ./.,2/sw2155,,18.92,1,sw09utt/sw_0997_2155.utt,Uh-huh. /,6,,5
sv,B,2155,20.44,--/: and/CC there/EX was/VBD no/DT other/JJ choice/NN ./.,2/sw2155,,19.34,1,sw09utt/sw_0997_2155.utt,-- {C and } there was no other choice.  /,7,,6
sv,B,2155,21.92,"You/PRP could/MD n't/RB take/VB them/PRP in/IN your/PRP$ own/JJ home/NN ,/,",2/sw2155,,20.68,2,sw09utt/sw_0997_2155.utt,"You couldn't take them in your own home,  /",8,,6
sv,B,2155,23.06,then/RB they/PRP went/VBD into/IN a/DT nursing/NN home/NN ./.,2/sw2155,,21.92,3,sw09utt/sw_0997_2155.utt,then they went into a nursing home.  /,9,,6
sv,B,2155,25.599999999999998,"You/PRP know/VBP ,/, maybe/RB you/PRP lived/VBD too/RB far/RB away/RB to/TO care/VB for/IN them/PRP ,/,",2/sw2155,,23.06,4,sw09utt/sw_0997_2155.utt,"{D You know, } maybe you lived too far away to care for them, /",10,,6
b,A,2155,25.98,Right/UH ./.,2/sw2155,,25.72,1,sw09utt/sw_0997_2155.utt,Right. /,11,,7
sv,B,2155,28.16,or/CC your/PRP$ daily/JJ job/NN or/CC whatever/WP prevented/VBD it/PRP ./.,2/sw2155,,25.96,1,sw09utt/sw_0997_2155.utt,{C or } your daily job or whatever prevented it.  /,12,,8
sd,B,2155,37.94,"But/CC ,/, um/UH ,/, I/PRP like/VBP the/DT choices/NNS you/PRP have/VBP now/RB ,/, where/WRB they/PRP can/MD go/VB into/IN an/DT apartment/NN type/NN setting/NN and/CC have/VB some/DT ,/, basically/RB have/VB a/DT independent/JJ life-style/NN ,/, but/CC assisted/JJ care/NN ./.",2/sw2155,,28.84,2,sw09utt/sw_0997_2155.utt,"{C But, } {F um, } I like the choices you have now, where they can go into an apartment type setting and [ have some, + basically have a ] independent life-style, but assisted care. /",13,,8
b,A,2155,38.76,Yeah/UH ./.,2/sw2155,,38.36,1,sw09utt/sw_0997_2155.utt,Yeah. /,14,,9
sv,B,2155,46.02,"And/CC then/RB if/IN things/NNS deteriorate/VBP ,/, they/PRP can/MD go/VB to/IN a/DT second/JJ level/NN which/WDT is/VBZ ,/, you/PRP know/VBP ,/, like/UH ,/, where/WRB they/PRP prepare/VBP their/PRP$ meals/NNS for/IN them/PRP --/:",2/sw2155,,38.72,1,sw09utt/sw_0997_2155.utt,"{C And then } if things deteriorate, they can go to a second level which is, {D you know, } {D like, } where they prepare their meals for them -- /",15,,10
b,A,2155,46.5,Uh-huh/UH ./.,2/sw2155,,46.14,1,sw09utt/sw_0997_2155.utt,Uh-huh. /,16,,11
sv,B,2155,48.54,"--/: and/CC ,/, and/CC they/PRP still/RB live/VBP somewhat/RB independently/RB",2/sw2155,,46.38,1,sw09utt/sw_0997_2155.utt,"-- [ {C and, } + {C and } ] they still live somewhat independently  /",17,,12
sv,B,2155,51.2,but/CC they/PRP have/VBP people/NNS checking/VBG on/IN them/PRP and/CC making/VBG sure/JJ they/PRP have/VBP hot/JJ meals/NNS ./.,2/sw2155,,48.54,2,sw09utt/sw_0997_2155.utt,{C but } they have people checking on them and making sure they have hot meals. /,18,,12
b,A,2155,51.92,Uh-huh/UH ./.,2/sw2155,,51.72,1,sw09utt/sw_0997_2155.utt,Uh-huh. /,19,,13
sv,B,2155,61.1,"And/CC then/RB where/WRB the/DT same/JJ community/NN a/DT lot/NN of/IN times/NNS will/MD also/RB have/VB the/DT third/JJ level/NN ,/, which/WDT is/VBZ full/JJ care/NN ,/, you/PRP know/VBP ,/, where/WRB some/DT people/NNS ca/MD n't/RB ,/, where/WRB they/PRP 're/VBP in/IN a/DT wheelchair/NN or/CC where/WRB they/PRP 're/VBP in/IN a/DT bed/NN ,/,",2/sw2155,,51.8,1,sw09utt/sw_0997_2155.utt,"And then where the same community a lot of times will also have the third level, which is full care, {D you know, } [ where some people can't, + where they're ] in a wheelchair or where they're in a bed, /",20,,14
b,A,2155,61.32,Uh-huh/UH ./.,2/sw2155,,61.22,1,sw09utt/sw_0997_2155.utt,Uh-huh. /,21,,15
sv,B,2155,62.0,and/CC they/PRP ca/MD n't/RB get/VB around/RB,2/sw2155,,61.2,1,sw09utt/sw_0997_2155.utt,{C and } they can't get around  /,22,,16
sv,B,2155,63.2,but/CC then/RB they/PRP have/VBP full/JJ care/NN ./.,2/sw2155,,62.0,2,sw09utt/sw_0997_2155.utt,{C but } then they have full care.  /,23,,16
sd,B,2155,66.1,"But/CC I/PRP really/RB like/VBP those/DT ,/, those/DT options/NNS now/RB ,/,",2/sw2155,,63.76,3,sw09utt/sw_0997_2155.utt,"{C But } I really like [ those, + those ] options now,  /",24,,16
sd,B,2155,71.41999999999999,"and/CC ,/, and/CC I/PRP think/VBP about/IN it/PRP more/RBR often/RB because/IN my/PRP$ husband/NN 's/POS parents/NNS are/VBP ,/, they/PRP 're/VBP very/RB active/JJ right/RB now/RB ,/,",2/sw2155,,66.1,4,sw09utt/sw_0997_2155.utt,"[ {C and, } + {C and } ] I think about it more often because my husband's parents [ are, + they're ] very active right now,  /",25,,16
sd,B,2155,74.19999999999999,"but/CC they/PRP 're/VBP seventy-five/CD and/CC ,/, and/CC seventy-two/CD ./.",2/sw2155,,71.42,5,sw09utt/sw_0997_2155.utt,"{C but } they're seventy-five [ and, + and ] seventy-two.  /",26,,16
sd,B,2155,79.54,"So/RB ,/, that/DT comes/VBZ up/RP somewhat/RB more/RBR often/RB in/IN my/PRP$ thoughts/NNS as/IN I/PRP see/VBP these/DT things/NNS --/:",2/sw2155,,74.98,6,sw09utt/sw_0997_2155.utt,"{C So, } that comes up somewhat more often in my thoughts as I see these things --",27,,16
b,A,2155,79.78,Uh-huh/UH ./.,2/sw2155,,79.66,1,sw09utt/sw_0997_2155.utt,Uh-huh. /,28,,17
+,B,2155,80.58,--/: because/IN of/IN their/PRP$ age/NN ./.,2/sw2155,,79.66,1,sw09utt/sw_0997_2155.utt,-- because of their age. /,29,,18
b,A,2155,81.72,Yes/UH ./.,2/sw2155,,81.26,1,sw09utt/sw_0997_2155.utt,Yes.  /,30,,19
sv,A,2155,83.34,"Um/UH ,/, it/PRP 's/BES ,/, it/PRP 's/BES funny/JJ",2/sw2155,,82.04,2,sw09utt/sw_0997_2155.utt,"{F Um, } [ it's, + it's ] funny  /",31,,19
sd,A,2155,89.25999999999999,"because/IN ,/, um/UH ,/, I/PRP know/VBP people/NNS at/IN ,/, that/WDT are/VBP in/IN all/DT three/CD ,/, and/CC people/NNS that/WDT work/VBP ,/, you/PRP know/VBP ,/,",2/sw2155,,83.34,3,sw09utt/sw_0997_2155.utt,"{C because, } {F um, } I know people [ at, + that ] are in all three, and people that work, {D you know, }  /",32,,19
sd,A,2155,92.32000000000001,"I/PRP know/VBP someone/NN that/WDT w/VBZ ,/, works/VBZ in/IN all/DT three/CD different/JJ stages/NNS like/IN you/PRP said/VBD ./.",2/sw2155,,89.26,4,sw09utt/sw_0997_2155.utt,"I know someone that [ w-, + works ] in all three different stages like you said. /",33,,19
b,B,2155,92.4,Uh-huh/UH ./.,2/sw2155,,92.2,1,sw09utt/sw_0997_2155.utt,Uh-huh. /,34,,20
sd,A,2155,96.8,"And/CC I/PRP have/VBP known/VBN ,/, you/PRP know/VBP ,/, people/NNS close/RB to/IN me/PRP that/WDT have/VBP been/VBN in/IN all/DT three/CD ,/,",2/sw2155,,93.18,1,sw09utt/sw_0997_2155.utt,"{C And } I have known, {D you know, } people close to me that have been in all three,  /",35,,21
sd,A,2155,100.36999999999999,"and/CC I/PRP have/VBP seen/VBN them/PRP like/UH go/VB from/IN where/WRB they/PRP 're/VBP in/IN an/DT apartment/NN building/NN ,/,",2/sw2155,,97.18,2,sw09utt/sw_0997_2155.utt,"{C and } I have seen them {D like } go from where they're in an apartment building,  /",36,,21
%,A,2155,101.81,"they/PRP ,/, we/PRP call/VBP it/PRP ,/, um/UH ,/,",2/sw2155,,100.63,3,sw09utt/sw_0997_2155.utt,"[ they, + we ] call it, {F um, } - /",37,,21
sd,A,2155,104.17,"well/UH ,/, we/PRP have/VBP high/JJ rises/NNS ,/,",2/sw2155,,102.67,4,sw09utt/sw_0997_2155.utt,"{D well, } we have high rises,  /",38,,21
sd,A,2155,107.05,"and/CC it/PRP 's/BES just/RB for/IN elderly/JJ people/NNS ,/, you/PRP know/VBP ,/,",2/sw2155,,104.51,5,sw09utt/sw_0997_2155.utt,"{C and } it's just for elderly people, {D you know, }  /",39,,21
sd,A,2155,110.86999999999999,"or/CC most/JJS of/IN ,/, most/JJS of/IN ,/, one/CD of/IN their/PRP$ spouses/NNS has/VBZ already/RB passed/VBN away/RB ./.",2/sw2155,,107.05,6,sw09utt/sw_0997_2155.utt,"{C or } [ [ most of, + most of, ] + one of ] their spouses has already passed away. /",40,,21
b,B,2155,111.17,Uh-huh/UH ./.,2/sw2155,,110.97,1,sw09utt/sw_0997_2155.utt,Uh-huh. /,41,,22
sd,A,2155,118.33,"And/CC it/PRP 's/BES really/RB nice/JJ for/IN them/PRP because/IN then/RB they/PRP 're/VBP with/IN people/NNS their/PRP$ own/JJ age/NN ,/, and/CC people/NNS that/WDT have/VBP gone/VBN through/IN things/NNS exactly/RB what/WP they/PRP have/VBP gone/VBN through/IN ./.",2/sw2155,,111.37,1,sw09utt/sw_0997_2155.utt,"{C And } it's really nice for them because then they're with people their own age, and people that have gone through things exactly what they have gone through. /",42,,23
b,B,2155,118.33,Uh-huh/UH ./.,2/sw2155,,118.21,1,sw09utt/sw_0997_2155.utt,Uh-huh. /,43,,24
sd,A,2155,124.1,"And/CC ,/, it/PRP 's/BES ,/, it/PRP 's/BES really/RB nice/JJ to/TO go/VB and/CC see/VB them/PRP ,/, you/PRP know/VBP ,/, where/WRB they/PRP can/MD still/RB get/VB around/RB and/CC everything/NN ,/,",2/sw2155,,119.01,1,sw09utt/sw_0997_2155.utt,"{C And, } [ it's, + it's ] really nice to go and see them, {D you know, } where they can still get around and everything,  /",44,,25
sd,A,2155,125.86,"and/CC they/PRP still/RB ,/, you/PRP know/VBP ,/, do/VBP their/PRP$ own/JJ thing/NN ,/,",2/sw2155,,124.1,2,sw09utt/sw_0997_2155.utt,"{C and } they still, {D you know, } do their own thing,  /",45,,25
sd,A,2155,128.18,"but/CC it/PRP 's/BES ,/, it/PRP 's/BES really/RB nice/JJ to/TO see/VB them/PRP because/IN ,/,",2/sw2155,,125.86,3,sw09utt/sw_0997_2155.utt,"{C but } [ it's, + it's ] really nice to see them because, - /",46,,25
%,A,2155,129.3,"I/PRP mean/VBP sometimes/RB ,/,",2/sw2155,,128.36,4,sw09utt/sw_0997_2155.utt,"{E I mean } sometimes, - /",47,,25
sd,A,2155,131.10000000000002,"like/UH I/PRP had/VBD a/DT great/JJ aunt/NN ,/,",2/sw2155,,129.3,5,sw09utt/sw_0997_2155.utt,"{D like } I had a great aunt,  /",48,,25
sd,A,2155,136.48,"she/PRP lived/VBD with/IN us/PRP for/IN ,/, um/UH ,/, three/CD months/NNS ,/, and/CC ,/, because/IN she/PRP 's/BES starting/VBG to/TO get/VB Alzheimer/NNP 's/POS disease/NN ./.",2/sw2155,,131.1,6,sw09utt/sw_0997_2155.utt,"she lived with us for, {F um, } three months, [ {C and, } + because ] she's starting to get Alzheimer's disease.  /",49,,25
sd,A,2155,139.86,"And/CC I/PRP know/VBP I/PRP have/VBP a/DT bunch/NN of/IN younger/JJR brothers/NNS and/CC sisters/NNS ,/,",2/sw2155,,136.94,7,sw09utt/sw_0997_2155.utt,"{C And } I know I have a bunch of younger brothers and sisters,  /",50,,25
sd,A,2155,147.59,"and/CC I/PRP know/VBP it/PRP was/VBD hard/JJ for/IN me/PRP as/RB well/RB as/IN it/PRP was/VBD for/IN them/PRP to/TO ,/, to/TO actually/RB sit/VB down/RB ,/, because/IN she/PRP does/VBZ n't/RB like/VB doing/VBG things/NNS that/WDT the/DT younger/JJR kids/NNS like/VBP doing/VBG ./.",2/sw2155,,139.86,8,sw09utt/sw_0997_2155.utt,"{C and } I know it was hard for me as well as it was for them [ to, + to ] actually sit down, because she doesn't like doing things that the younger kids like doing. /",51,,25
b,B,2155,147.99,Right/UH ./.,2/sw2155,,147.69,1,sw09utt/sw_0997_2155.utt,Right. /,52,,26
sd,A,2155,149.19,"And/CC to/TO actually/RB sit/VB ,/,",2/sw2155,,148.29,1,sw09utt/sw_0997_2155.utt,"And to actually sit,  /",53,,27
sv,A,2155,151.43,so/RB it/PRP 's/BES really/RB nice/JJ to/TO see/VB that/DT ./.,2/sw2155,,149.19,2,sw09utt/sw_0997_2155.utt,{C so } it's really nice to see that. /,54,,27
aa,B,2155,152.39,"Yeah/UH ,/,",2/sw2155,,152.17,1,sw09utt/sw_0997_2155.utt,"Yeah,  /",55,,28
sv,B,2155,161.31,"that/DT 's/BES some/DT of/IN the/DT things/NNS I/PRP would/MD find/VB important/JJ before/IN I/PRP ,/, I/PRP would/MD look/VB into/IN that/DT for/IN a/DT person/NN ,/, is/VBZ ,/, is/VBZ ,/, is/VBZ like/IN you/PRP 're/VBP saying/VBG ,/, a/DT good/JJ mix/NN of/IN people/NNS who/WP have/VBP the/DT same/JJ interests/NNS ./.",2/sw2155,,152.39,2,sw09utt/sw_0997_2155.utt,"that's some of the things I would find important before [ I, + I ] would look into that for a person, [ [ is, + is, ] + is ] like you're saying, a good mix of people who have the same interests. /",56,,28
b,A,2155,161.63,Uh-huh/UH ./.,2/sw2155,,161.43,1,sw09utt/sw_0997_2155.utt,Uh-huh. /,57,,29
sd,B,2155,162.77,"And/CC ,/, uh/UH ,/, and/CC the/DT programs/NNS ,/,",2/sw2155,,161.51,1,sw09utt/sw_0997_2155.utt,"[ And, + {F uh, } and ] the programs,  /",58,,30
sd,B,2155,168.73,"here/RB they/PRP have/VBP different/JJ ,/, uh/UH ,/, besides/IN just/RB different/JJ levels/NNS within/IN the/DT same/JJ program/NN ,/, they/PRP have/VBP different/JJ types/NNS of/IN programs/NNS ./.",2/sw2155,,162.77,2,sw09utt/sw_0997_2155.utt,"[ here they have different, + {F uh, } besides just different levels within the same program, they have different ] types of programs.  /",59,,30
sd,B,2155,169.71,They/PRP have/VBP several/JJ areas/NNS ./.,2/sw2155,,168.73,3,sw09utt/sw_0997_2155.utt,They have several areas.  /,60,,30
sd,B,2155,172.01,"They/PRP have/VBP one/CD area/NN in/IN town/NN where/WRB the/DT people/NNS ,/,",2/sw2155,,170.05,4,sw09utt/sw_0997_2155.utt,"They have one area in town where the people, - /",61,,30
sd,B,2155,174.32999999999998,I/PRP guess/VBP a/DT lot/NN of/IN it/PRP comes/VBZ with/IN money/NN ./.,2/sw2155,,172.77,5,sw09utt/sw_0997_2155.utt,I guess a lot of it comes with money.  /,62,,30
sd,B,2155,176.73,"I/PRP ,/, this/DT ,/, this/DT one/CD area/NN is/VBZ a/DT bit/NN more/RBR expensive/JJ ,/,",2/sw2155,,174.33,6,sw09utt/sw_0997_2155.utt,"[ [ I, + this, ] + this ] one area is a bit more expensive,  /",63,,30
sd,B,2155,180.01000000000002,and/CC the/DT people/NNS who/WP probably/RB are/VBP living/VBG there/RB have/VBP had/VBN more/JJR money/NN in/IN their/PRP$ life/NN ./.,2/sw2155,,176.73,7,sw09utt/sw_0997_2155.utt,{C and } the people who probably are living there have had more money in their life.  /,64,,30
sd,B,2155,182.85,"But/CC ,/, but/CC things/NNS that/WDT people/NNS where/WRB they/PRP have/VBP similar/JJ interests/NNS ./.",2/sw2155,,180.01,8,sw09utt/sw_0997_2155.utt,"[ But, + but ] things that people where they have similar interests. /",65,,30
b,A,2155,183.17,Uh-huh/UH ./.,2/sw2155,,182.97,1,sw09utt/sw_0997_2155.utt,Uh-huh. /,66,,31
sd,B,2155,183.58999999999997,"Like/IN you/PRP 're/VBP saying/VBG ,/,",2/sw2155,,183.15,1,sw09utt/sw_0997_2155.utt,"Like you're saying,  /",67,,32
sd,B,2155,187.19,"and/CC the/DT programs/NNS that/WDT they/PRP have/VBP ,/, where/WRB ,/, where/WRB some/DT of/IN them/PRP will/MD have/VB dances/NNS once/RB a/DT week/NN --/:",2/sw2155,,183.59,2,sw09utt/sw_0997_2155.utt,"and the programs that they have, [ where, + where ] some of them will have dances once a week -- /",68,,32
b,A,2155,187.83,Yeah/UH ./.,2/sw2155,,187.31,1,sw09utt/sw_0997_2155.utt,Yeah. /,69,,33
sd,B,2155,189.35,"--/: and/CC some/DT of/IN them/PRP sponsor/VBP different/JJ crafts/NNS ,/,",2/sw2155,,187.71,1,sw09utt/sw_0997_2155.utt,"-- {C and } some of them sponsor different crafts,  /",70,,34
sd,B,2155,191.89,"and/CC they/PRP go/VBP to/IN the/DT arboretum/NN to/TO see/VB things/NNS ,/,",2/sw2155,,189.35,2,sw09utt/sw_0997_2155.utt,"{C and } they go to the arboretum to see things,  /",71,,34
sd,B,2155,194.67,"and/CC they/PRP make/VBP sure/JJ that/IN if/IN they/PRP want/VBP to/TO go/VB to/IN church/NN ,/, there/EX 's/BES a/DT bus/NN there/RB ./.",2/sw2155,,191.89,3,sw09utt/sw_0997_2155.utt,"{C and } they make sure that if they want to go to church, there's a bus there. /",72,,34
b,A,2155,195.15,Uh-huh/UH ./.,2/sw2155,,194.79,1,sw09utt/sw_0997_2155.utt,Uh-huh. /,73,,35
sd,B,2155,201.82999999999998,"And/CC ,/, it/PRP 'll/MD ,/, or/CC ,/, you/PRP know/VBP ,/, or/CC someone/NN will/MD transport/VB them/PRP to/IN a/DT specific/JJ church/NN ,/, even/RB though/IN it/PRP 's/BES ,/, you/PRP know/VBP ,/, maybe/RB it/PRP 's/BES thirty/CD minutes/NNS away/RB ,/,",2/sw2155,,195.33,1,sw09utt/sw_0997_2155.utt,"[ {C And, } it'll, + [ {C or, } {D you know, } {C or } ] someone will ] transport them to a specific church, even though [ it's, + {D you know, } maybe it's ] thirty minutes away,  /",74,,36
sd,B,2155,205.57000000000002,"because/IN it/PRP 's/BES a/DT big/JJ ,/, you/PRP know/VBP ,/, Dallas/NNP area/NN is/VBZ a/DT big/JJ metropolitan/JJ area/NN ./.",2/sw2155,,202.25,2,sw09utt/sw_0997_2155.utt,"{C because } [ it's a big, + {D you know, } Dallas area is a big ] metropolitan area. /",75,,36
b,A,2155,206.01000000000002,Yeah/UH ./.,2/sw2155,,205.77,1,sw09utt/sw_0997_2155.utt,Yeah <laughter>. /,76,,37
sd,B,2155,210.81,"But/CC a/DT lot/NN of/IN these/DT places/NNS have/VBP ,/, have/VBP churches/NNS or/CC have/VBP ,/, have/VBP individual/JJ transportation/NN ./.",2/sw2155,,206.05,1,sw09utt/sw_0997_2155.utt,"{C But } a lot of these places [ have, + have ] churches or [ have, + have ] individual transportation.  /",77,,38
sd,B,2155,215.75,"That/DT 's/BES ,/, that/DT 's/BES something/NN I/PRP 'd/MD look/VB for/IN ,/, something/NN that/WDT would/MD make/VB me/PRP happy/JJ personally/RB if/IN I/PRP had/VBD to/TO live/VB there/RB ./.",2/sw2155,,210.81,2,sw09utt/sw_0997_2155.utt,"[ That's, + that's ] something I'd look for, something that would make me happy personally if I had to live there. /",78,,38
b,A,2155,216.15,Uh-huh/UH ./.,2/sw2155,,215.87,1,sw09utt/sw_0997_2155.utt,Uh-huh. /,79,,39
sv,B,2155,223.95000000000002,"Because/IN I/PRP do/VBP n't/RB think/VB a/DT lot/NN of/IN people/NNS really/RB ,/, even/RB in/IN the/DT nice/JJ ones/NNS ,/, and/CC even/RB in/IN the/DT ones/NNS where/WRB they/PRP can/MD live/VB fairly/RB independently/RB ,/, they/PRP really/RB do/VBP n't/RB necessarily/RB like/VB it/PRP --/:",2/sw2155,,216.03,1,sw09utt/sw_0997_2155.utt,"{C Because } [ I don't think a lot of people really, + even in the nice ones, and  even in the ones where they can live fairly independently, they really don't ] necessarily like it --",80,,40
b,A,2155,224.79,Yeah/UH ./.,2/sw2155,,224.31,1,sw09utt/sw_0997_2155.utt,Yeah. /,81,,41
+,B,2155,226.6,--/: because/IN they/PRP 're/VBP not/RB in/IN their/PRP$ own/JJ home/NN ./.,2/sw2155,,224.72,1,sw09utt/sw_0997_2155.utt,-- because they're not in their own home. /,82,,42
b,A,2155,226.92999999999998,Uh-huh/UH ./.,2/sw2155,,226.73,1,sw09utt/sw_0997_2155.utt,Uh-huh. /,83,,43
sv,B,2155,238.52,"So/RB I/PRP think/VBP those/DT kinds/NNS of/IN things/NNS ,/, to/TO make/VB it/PRP more/JJR homelike/JJ and/CC to/TO make/VB it/PRP more/JJR ,/, um/UH ,/, enjoyable/JJ for/IN them/PRP ./. That/DT 'd/MD ,/, that/DT 'd/MD be/VB one/CD thing/NN I/PRP 'd/MD look/VB for/IN ,/, along/IN with/IN the/DT ,/, uh/UH ,/, health/NN care/NN aspects/NNS --/:",2/sw2155,,226.8,1,sw09utt/sw_0997_2155.utt,"{C So } I think those kinds of things, to make it more homelike and to make it more, {F um, } enjoyable for them.  [ That'd, + that'd ] be one thing I'd look for, along with the, {F uh, } health care aspects --",84,,44
b,A,2155,238.75,Uh-huh/UH ./.,2/sw2155,,238.65,1,sw09utt/sw_0997_2155.utt,Uh-huh. /,85,,45
+,B,2155,243.06,"--/: to/TO make/VB sure/JJ they/PRP had/VBD ,/, you/PRP know/VBP ,/, that/IN it/PRP was/VBD clean/JJ and/CC that/IN they/PRP had/VBD good/JJ doctors/NNS and/CC nurses/NNS ./.",2/sw2155,,238.62,1,sw09utt/sw_0997_2155.utt,"-- to make sure [ they had, + {D you know, } that it was ] clean and that they had good doctors and nurses. /",86,,46
aa,A,2155,243.57,Yeah/UH ./.,2/sw2155,,243.19,1,sw09utt/sw_0997_2155.utt,Yeah.  /,87,,47
sd,A,2155,245.41,"Um/UH ,/, I/PRP 'm/VBP in/IN college/NN ,/,",2/sw2155,,243.93,2,sw09utt/sw_0997_2155.utt,"{F Um, } I'm in college,  /",88,,47
sd,A,2155,,"and/CC I/PRP 'm/VBP ,/, I/PRP 'm/VBP only/RB twenty-one/CD",2/sw2155,,,3,sw09utt/sw_0997_2155.utt,"{C and } [ I'm, + I'm ] only twenty-one  /",89,,47
sd,A,2155,,"but/CC we/PRP had/VBD a/DT spee-/NN ,/, I/PRP had/VBD a/DT speech/NN class/NN last/JJ semester/NN ,/,",2/sw2155,,,4,sw09utt/sw_0997_2155.utt,"{C but } [ we had a spee-, + I had a speech ] class last semester,  /",90,,47
sd,A,2155,,and/CC there/EX was/VBD a/DT girl/NN in/IN my/PRP$ class/NN who/WP did/VBD a/DT speech/NN on/IN home/NN care/NN of/IN the/DT elderly/NN ./.,2/sw2155,,,5,sw09utt/sw_0997_2155.utt,{C and } there was a girl in my class who did a speech on home care of the elderly. /,91,,47
b,B,2155,,Uh-huh/UH ./.,2/sw2155,,,1,sw09utt/sw_0997_2155.utt,Uh-huh. /,92,,48
sd,A,2155,,"And/CC I/PRP was/VBD so/RB surprised/JJ to/TO hear/VB how/WRB many/JJ people/NNS ,/,",2/sw2155,,,1,sw09utt/sw_0997_2155.utt,"{C And } I was so surprised to hear how many people, - /",93,,49
sv,A,2155,,"like/UH whenever/WRB they/PRP 're/VBP in/IN ,/, you/PRP know/VBP ,/, the/DT older/JJR people/NNS ,/, they/PRP 're/VBP like/UH ,/, um/UH ,/, fastened/VBN to/IN their/PRP$ beds/NNS so/IN they/PRP ca/MD n't/RB get/RB out/RP just/RB because/IN they/PRP ,/, you/PRP know/VBP ,/, they/PRP wander/VBP the/DT halls/NNS ./.",2/sw2155,,,2,sw09utt/sw_0997_2155.utt,"{D like } whenever they're in, {D you know, } the older people, they're {D like, } {F um, } fastened to their beds so they can't get out just because [ they, + {D you know, } they ] wander the halls.",94,,49
b,B,2155,,Uh-huh/UH ./.,2/sw2155,,,1,sw09utt/sw_0997_2155.utt,Uh-huh. /,95,,50
+,A,2155,,"And/CC they/PRP get/VBP the/DT wrong/JJ medicine/NN ,/, just/RB because/IN ,/, you/PRP know/VBP ,/, the/DT ,/, the/DT aides/NNS or/CC whoever/WP just/RB give/VBP them/PRP the/DT wrong/JJ medicine/NN ./.",2/sw2155,,,1,sw09utt/sw_0997_2155.utt,"{C And } they get the wrong medicine, just because, {D you know, } [ the, + the ] aides or  whoever just give them the wrong medicine. /",96,,51
b,B,2155,,Yeah/UH ./.,2/sw2155,,,1,sw09utt/sw_0997_2155.utt,Yeah. /,97,,52
sv,A,2155,,"And/CC so/RB many/JJ of/IN them/PRP ,/, you/PRP know/VBP ,/, are/VBP ,/,",2/sw2155,,,1,sw09utt/sw_0997_2155.utt,"{C And so } many of them, {D you know, } are, -/",98,,53
^2,B,2155,,"Are/VBP overmedicated/VBN ,/, too/RB ./.",2/sw2155,,,1,sw09utt/sw_0997_2155.utt,"Are overmedicated, too. /",99,,54
aa,A,2155,,Yes/UH ./.,2/sw2155,,,1,sw09utt/sw_0997_2155.utt,Yes.  /,100,,55
sd,A,2155,,"And/CC it/PRP was/VBD ,/, it/PRP was/VBD awful/JJ to/TO hear/VB what/WP ,/, you/PRP know/VBP ,/, what/WP some/DT of/IN these/DT people/NNS really/RB went/VBD through/IN ./.",2/sw2155,,,2,sw09utt/sw_0997_2155.utt,"{C And } [ it was, + it was ] awful to hear [ what, + {D you know, } what ] some of these people really went through.  /",101,,55
sd,A,2155,,"And/CC I/PRP forget/VBP the/DT percentage/NN of/IN people/NNS that/WDT ,/, you/PRP know/VBP ,/, that/WDT she/PRP had/VBD said/VBN ,/,",2/sw2155,,,3,sw09utt/sw_0997_2155.utt,"{C And } I forget the percentage of people [ that, + {D you know, } that ] she had said,  /",102,,55
sd,A,2155,,"and/CC this/DT was/VBD ,/, I/PRP mean/VBP ,/, she/PRP did/VBD research/NN on/IN it/PRP and/CC everything/NN ./.",2/sw2155,,,4,sw09utt/sw_0997_2155.utt,"{C and } [ this was, + {E I mean, } she did ] research on it and  everything. /",103,,55
b,B,2155,,Uh-huh/UH ./.,2/sw2155,,,1,sw09utt/sw_0997_2155.utt,Uh-huh.  /,104,,56
b,B,2155,,"Yeah/UH ,/,",2/sw2155,,,2,sw09utt/sw_0997_2155.utt,"Yeah,  /",105,,56
sv,B,2155,,"that/DT 's/BES one/CD of/IN the/DT things/NNS that/WDT ,/, that/WDT we/PRP do/VBP n't/RB think/VB about/IN as/IN we/PRP get/VBP older/JJR ,/, and/CC the/DT ,/, the/DT money/NN that/WDT it/PRP now/RB requires/VBZ to/TO ,/, uh/UH ,/, be/VB in/IN one/CD of/IN these/DT places/NNS ./.",2/sw2155,,,3,sw09utt/sw_0997_2155.utt,"that's one of the things [ that, + that ] we don't think about as we get older, and [ the, + the ] money that it now requires to, {F uh, } be in one of these places.  /",106,,56
sv,B,2155,,"Because/IN some/DT of/IN these/DT people/NNS that/WDT are/VBP just/RB on/IN social/JJ security/NN ,/,",2/sw2155,,,4,sw09utt/sw_0997_2155.utt,"Because some of these people that are just on social security, - /",107,,56
sv,B,2155,,"and/CC if/IN they/PRP do/VBP n't/RB have/VB any/DT living/VBG relatives/NNS ,/,",2/sw2155,,,5,sw09utt/sw_0997_2155.utt,"and if they don't have any living relatives, - /",108,,56
sv,B,2155,,perhaps/RB they/PRP never/RB had/VBD children/NNS,2/sw2155,,,6,sw09utt/sw_0997_2155.utt,perhaps they never had children  /,109,,56
sv,B,2155,,"or/CC if/IN their/PRP$ children/NNS ,/, you/PRP know/VBP ,/, passed/VBD away/RB before/IN they/PRP did/VBD --/:",2/sw2155,,,7,sw09utt/sw_0997_2155.utt,"{C or } if their children, {D you know, } passed away before they did --",110,,56
b,A,2155,,Uh-huh/UH ./.,2/sw2155,,,1,sw09utt/sw_0997_2155.utt,Uh-huh. /,111,,57
+,B,2155,,"--/: they/PRP can/MD be/VB in/IN some/DT places/NNS that/WDT are/VBP ,/, you/PRP know/VBP ,/, that/WDT ,/, that/WDT are/VBP not/RB good/JJ ./.",2/sw2155,,,1,sw09utt/sw_0997_2155.utt,"-- they can be in some places [ that are, + {D you know, } [ that, + that ] are ] not good. /",112,,58
b,A,2155,,Yeah/UH ./.,2/sw2155,,,1,sw09utt/sw_0997_2155.utt,Yeah. /,113,,59
sv,B,2155,,"Or/CC they/PRP ,/, they/PRP have/VBP very/RB minimum/NN ,/, minimal/JJ care/NN",2/sw2155,,,1,sw09utt/sw_0997_2155.utt,"{C Or } [ they, + they ] have very [ minimum, + minimal ] care  /",114,,60
sv,B,2155,,"and/CC the/DT ,/, the/DT care/NN that/WDT they/PRP are/VBP getting/VBG ,/, the/DT people/NNS who/WP are/VBP giving/VBG it/PRP are/VBP pro-/XX ,/, are/VBP paid/VBN at/IN a/DT minimum/JJ wage/NN ,/,",2/sw2155,,,2,sw09utt/sw_0997_2155.utt,"{C and } [ the, + the ] care that they are getting, the people who are giving it [ are pro-, + are paid ] at a minimum wage,  /",115,,60
sv,B,2155,,"and/CC they/PRP just/RB do/VBP ,/, they/PRP do/VBP n't/RB care/VB as/RB much/JJ ./.",2/sw2155,,,3,sw09utt/sw_0997_2155.utt,"{C and } [ they just do-, + they don't ] care as much. /",116,,60
b,A,2155,,Yeah/UH ./.,2/sw2155,,,1,sw09utt/sw_0997_2155.utt,Yeah. /,117,,61
sv,B,2155,,"And/CC ,/, and/CC like/IN you/PRP said/VBD ,/, they/PRP 're/VBP trying/VBG to/TO make/VB it/PRP ,/, the/DT caretakers/NNS in/IN some/DT cases/NNS are/VBP trying/VBG to/TO make/VB easy/JJ on/IN themselves/PRP to/IN the/DT point/NN where/WRB they/PRP 're/VBP putting/VBG people/NNS in/IN bed/NN or/CC overmedicating/VBG them/PRP so/IN they/PRP 'll/MD stay/VB in/IN one/CD spot/NN and/CC not/RB do/VB anything/NN ./.",2/sw2155,,,1,sw09utt/sw_0997_2155.utt,"[ {C And, } + {C and } ] like you said, [ they're trying to make it, + the caretakers in some cases are trying to make ] easy on themselves to the point where they're putting people in bed or overmedicating them so they'll stay in one spot and not do anything. /",118,,62
b,A,2155,,Uh-huh/UH ./.,2/sw2155,,,1,sw09utt/sw_0997_2155.utt,Uh-huh. /,119,,63
sv,B,2155,,"That/DT certainly/RB would/MD be/VB something/NN to/TO ,/, to/TO watch/VB for/IN ./.",2/sw2155,,,1,sw09utt/sw_0997_2155.utt,"That certainly would be something [ to, + to ] watch for.  /",120,,64
sv,B,2155,,"Because/IN you/PRP 've/VBP got/VBN ,/, with/IN some/DT of/IN them/PRP being/VBG ,/, some/DT of/IN these/DT places/NNS can/MD even/RB be/VB two/CD and/CC three/CD thousand/CD dollars/NNS a/DT month/NN to/TO stay/VB in/IN ,/, MUMBLEx/XX ./.",2/sw2155,,,2,sw09utt/sw_0997_2155.utt,"{C Because } [ [ you've got, +  with some of them being, ] + some of these places can even be ] two and three thousand dollars a month to stay in,  ((   )) . /",121,,64
aa,A,2155,,"I/PRP know/VBP ,/,",2/sw2155,,,1,sw09utt/sw_0997_2155.utt,"I know,  /",122,,65
sv,A,2155,,"and/CC some-/RB ,/, and/CC sometimes/RB they/PRP share/VBP a/DT room/NN ,/,",2/sw2155,,,2,sw09utt/sw_0997_2155.utt,"[ {C and } some-, + {C and } sometimes ] they share a room,  /",123,,65
sv,A,2155,,"and/CC it/PRP 's/BES just/RB a/DT little/JJ cubbyhole/NN ,/,",2/sw2155,,,3,sw09utt/sw_0997_2155.utt,"{C and } it's just a little cubbyhole, /",124,,65
b,B,2155,,Yeah/UH ./.,2/sw2155,,,1,sw09utt/sw_0997_2155.utt,Yeah. /,125,,66
sv,A,2155,,"and/CC they/PRP share/VBP it/PRP with/IN another/DT person/NN ,/,",2/sw2155,,,1,sw09utt/sw_0997_2155.utt,"{C and } they share it with another person,  /",126,,67
sv,A,2155,,and/CC they/PRP 're/VBP still/RB paying/VBG that/RB much/JJ ./.,2/sw2155,,,2,sw09utt/sw_0997_2155.utt,{C and } they're still paying that much. /,127,,67
aa,B,2155,,"Oh/UH ,/, yeah/UH ,/,",2/sw2155,,,1,sw09utt/sw_0997_2155.utt,"{F Oh, } yeah,  /",128,,68
%,B,2155,,"so/RB you/PRP 've/VBP ,/,",2/sw2155,,,2,sw09utt/sw_0997_2155.utt,"{C so } you've, -/",129,,68
sv,A,2155,,"It/PRP ,/, it/PRP ,/, it/PRP just/RB sometimes/RB ,/, it/PRP just/RB seems/VBZ ridiculous/JJ ./.",2/sw2155,,,1,sw09utt/sw_0997_2155.utt,"[ [ It, + it, ] + [ it just sometimes, it just seems ] ] ridiculous. /",130,,69
aa,B,2155,,"Yeah/UH ,/,",2/sw2155,,,1,sw09utt/sw_0997_2155.utt,"Yeah,  /",131,,70
sv,B,2155,,"you/PRP 've/VBP got/VBN to/TO really/RB strike/VB a/DT balance/NN in/IN what/WP kind/NN of/IN care/NN ,/, what/WP kind/NN of/IN level/NN of/IN care/NN you/PRP need/VBP ,/, and/CC then/RB what/WP you/PRP can/MD ,/, unfortunately/RB what/WP you/PRP can/MD afford/VB at/IN the/DT same/JJ time/NN ./.",2/sw2155,,,2,sw09utt/sw_0997_2155.utt,"you've got to really strike a balance in [ what kind of care, + what kind of level of care ] you need, and then [ what you can, + unfortunately what you can ] afford at the same time. /",132,,70
aa,A,2155,,"Uh-huh/UH ,/,",2/sw2155,,,1,sw09utt/sw_0997_2155.utt,"Uh-huh,  /",133,,71
aa^r,A,2155,,"uh-huh/UH ,/,",2/sw2155,,,2,sw09utt/sw_0997_2155.utt,"uh-huh,  /",134,,71
aa,A,2155,,yeah/UH ./.,2/sw2155,,,3,sw09utt/sw_0997_2155.utt,yeah.  /,135,,71
sd,A,2155,,"Um/UH ,/, I/PRP 've/VBP been/VBN lucky/JJ ,/,",2/sw2155,,,4,sw09utt/sw_0997_2155.utt,"{F Um, } I've been lucky,  /",136,,71
sd,A,2155,,"well/UH ,/, my/PRP$ mom/NN 's/POS ,/, um/UH ,/, parents/NNS ,/, they/PRP 're/VBP both/DT in/NN their/PRP$ ,/, in/IN their/PRP$ ,/, uh/UH ,/, eighties/NNS ,/,",2/sw2155,,,5,sw09utt/sw_0997_2155.utt,"{D well, } my mom's, {F um, } parents, they're both [ in their, + in their, ] {F uh, } eighties,  /",137,,71
sd,A,2155,,and/CC I/PRP was/VBD just/RB home/RB for/IN spring/NN break/NN,2/sw2155,,,6,sw09utt/sw_0997_2155.utt,{C and } I was just home for spring break  /,138,,71
sd(^q),A,2155,,"and/CC my/PRP$ grandma/NN said/VBD something/NN to/IN me/PRP about/IN ,/, she/PRP goes/VBZ ,/, well/UH maybe/RB we/PRP 'll/MD just/RB sell/VB the/DT house/NN ./.",2/sw2155,,,7,sw09utt/sw_0997_2155.utt,"{C and } my grandma [ said something to me about, + she goes, ] {D well } maybe we'll just sell the house.  /",139,,71
sd(^q),A,2155,,"She/PRP said/VBD ,/, it/PRP 's/BES getting/VBG too/RB big/JJ for/IN us/PRP to/TO take/VB care/NN of/IN ./.",2/sw2155,,,8,sw09utt/sw_0997_2155.utt,"She said, it's getting too big for us to take care of.  /",140,,71
sd(^q),A,2155,,"And/CC I/PRP was/VBD like/IN ,/, no/UH ,/,",2/sw2155,,,9,sw09utt/sw_0997_2155.utt,"{C And } I was like, no,  /",141,,71
^q,A,2155,,"no/UH ,/,",2/sw2155,,,10,sw09utt/sw_0997_2155.utt,"no,  /",142,,71
^q,A,2155,,"no/UH ,/,",2/sw2155,,,11,sw09utt/sw_0997_2155.utt,"no, /",143,,71
x,B,2155,,,2/sw2155,,,1,sw09utt/sw_0997_2155.utt,<Laughter>.,144,,72
^q,A,2155,,stay/VB in/IN the/DT house/NN as/RB long/RB as/IN you/PRP can/MD ./.,2/sw2155,,,1,sw09utt/sw_0997_2155.utt,stay in the house as long as you can. /,145,,73
sv,B,2155,,"Well/UH ,/, like/UH there/EX are/VBP other/JJ communities/NNS ,/, too/RB ,/, that/WDT are/VBP n't/RB necessarily/RB a/DT nursing/NN home/NN ./.",2/sw2155,,,1,sw09utt/sw_0997_2155.utt,"{D Well, } {D like } there are other communities, too, that aren't necessarily a nursing home.  /",146,,74
sd,B,2155,,"I/PRP had/VBD an/DT aunt/NN who/WP lived/VBD in/IN a/DT small/JJ town/NN in/IN Texas/NNP that/WDT ,/, um/UH ,/, was/VBD in/IN a/DT ,/,",2/sw2155,,,2,sw09utt/sw_0997_2155.utt,"I had an aunt who lived in a small town in Texas that, {F um, } was in a, - /",147,,74
sd,B,2155,,"it/PRP was/VBD a/DT ,/, it/PRP was/VBD a/DT housing/NN division/NN ./.",2/sw2155,,,3,sw09utt/sw_0997_2155.utt,"[ it was a, + it was a ] housing division.  /",148,,74
sd,B,2155,,Each/DT person/NN had/VBD their/PRP$ own/JJ little/JJ bitty/JJ house/NN --/:,2/sw2155,,,4,sw09utt/sw_0997_2155.utt,Each person had their own little bitty house --,149,,74
b,A,2155,,Uh-huh/UH ./.,2/sw2155,,,1,sw09utt/sw_0997_2155.utt,Uh-huh. /,150,,75
+,B,2155,,"--/: that/WDT they/PRP had/VBD built/VBN ,/,",2/sw2155,,,1,sw09utt/sw_0997_2155.utt,"-- that they had built,  /",151,,76
sd,B,2155,,"and/CC it/PRP was/VBD ,/, um/UH ,/, supplemented/VBN ,/,",2/sw2155,,,2,sw09utt/sw_0997_2155.utt,"{C and } it was, {F um, } supplemented,  /",152,,76
sd,B,2155,,"their/PRP$ ,/, they/PRP were/VBD ,/, most/JJS of/IN them/PRP were/VBD on/IN social/JJ security/NN ,/,",2/sw2155,,,3,sw09utt/sw_0997_2155.utt,"[ [ their, + they were, ] + most of them were ] on social security,  /",153,,76
sd,B,2155,,and/CC they/PRP got/VBD some/DT kind/NN of/IN supplemental/JJ aid/NN besides/RB from/IN the/DT state/NN government/NN ./.,2/sw2155,,,4,sw09utt/sw_0997_2155.utt,{C and } they got some kind of supplemental aid besides from the state government.  /,154,,76
sd,B,2155,,"But/CC it/PRP was/VBD this/DT little/JJ bitty/JJ one/CD bedroom/NN house/NN ,/,",2/sw2155,,,5,sw09utt/sw_0997_2155.utt,"{C But } it was this little bitty one bedroom house,  /",155,,76
sd,B,2155,,"but/CC it/PRP was/VBD a/DT separate/JJ house/NN ,/,",2/sw2155,,,6,sw09utt/sw_0997_2155.utt,"{C but } it was a separate house,  /",156,,76
sd,B,2155,,"and/CC they/PRP had/VBD a/DT living/NN room/NN ,/, and/CC a/DT bedroom/NN and/CC a/DT kitchen/NN ,/,",2/sw2155,,,7,sw09utt/sw_0997_2155.utt,"{C and } they had a living room, and a bedroom and a kitchen,",157,,76
b,A,2155,,Oh/UH ./.,2/sw2155,,,1,sw09utt/sw_0997_2155.utt,Oh. /,158,,77
+,B,2155,,and/CC a/DT bathroom/NN ./.,2/sw2155,,,1,sw09utt/sw_0997_2155.utt,and a bathroom.  /,159,,78
sd,B,2155,,"So/RB they/PRP still/RB had/VBD ,/, they/PRP had/VBD ,/, and/CC they/PRP had/VBD people/NNS who/WP came/VBD in/RB who/WP ,/, um/UH ,/, supervised/VBD ,/, th-/DT ,/, all/PDT these/DT houses/NNS ,/,",2/sw2155,,,2,sw09utt/sw_0997_2155.utt,"[ {C So } [ they still had, + they had, ] + {C and } they had ] people who came in who, {F um, } supervised, [ th-, + all these ] houses,  /",160,,78
sd,B,2155,,were/VBD like/UH fifteen/CD or/CC twenty/CD of/IN them/PRP all/DT right/RB together/RB kind/RB of/RB like/IN on/IN one/CD block/NN ./.,2/sw2155,,,3,sw09utt/sw_0997_2155.utt,were {D like } fifteen or  twenty of them all right together kind of like on one block. /,161,,78
b,A,2155,,Uh-huh/UH ./.,2/sw2155,,,1,sw09utt/sw_0997_2155.utt,Uh-huh. /,162,,79
sd,B,2155,,"And/CC they/PRP had/VBD a/DT ,/, a/DT supervisory/JJ ,/, um/UH ,/,",2/sw2155,,,1,sw09utt/sw_0997_2155.utt,"{C And } they had [ a, + a ] supervisory, {F um, } - /",163,,80
sd,B,2155,,"was/VBD n't/RB a/DT house/NN ,/, really/RB ,/,",2/sw2155,,,2,sw09utt/sw_0997_2155.utt,"wasn't a house, really,  /",164,,80
sd,B,2155,,"it/PRP was/VBD ,/, it/PRP was/VBD more/RBR like/IN ,/, um/UH ,/, a/DT headquarters/NN --/:",2/sw2155,,,3,sw09utt/sw_0997_2155.utt,"[ it was, + it was ] more like, {F um, } a headquarters --",165,,80
sv,A,2155,,"It/PRP sounds/VBZ like/IN ,/, uh/UH ,/, an/DT apartment/NN or/CC som-/NN ,/,",2/sw2155,,,1,sw09utt/sw_0997_2155.utt,"It sounds like, {F uh, } an apartment or som-, -/",166,,81
+,B,2155,,"--/: or/CC something/NN ,/, anyway/UH ,/, where/WRB they/PRP ,/, they/PRP staffed/VBD it/PRP three/CD shifts/NNS a/DT day/NN so/IN that/IN someone/NN ,/, if/IN they/PRP needed/VBD someone/NN ,/, they/PRP could/MD ring/VB",2/sw2155,,,1,sw09utt/sw_0997_2155.utt,"-- or something, anyway, where [ they, + they ] staffed it three shifts a day so that [ someone, + if they needed someone, ] they could ring  /",167,,82
sd,B,2155,,"and/CC ,/, and/CC someone/NN ,/,",2/sw2155,,,2,sw09utt/sw_0997_2155.utt,"[ {C and, } + {C and } ] someone,",168,,82
b,A,2155,,Oh/UH ./.,2/sw2155,,,1,sw09utt/sw_0997_2155.utt,Oh. /,169,,83
+,B,2155,,could/MD come/VB to/IN their/PRP$ house/NN ./.,2/sw2155,,,1,sw09utt/sw_0997_2155.utt,could come to their house. /,170,,84
b,A,2155,,Yeah/UH ./.,2/sw2155,,,1,sw09utt/sw_0997_2155.utt,Yeah. /,171,,85
sd,B,2155,,"And/CC that/DT ,/, and/CC they/PRP always/RB cooked/VBD ,/,",2/sw2155,,,1,sw09utt/sw_0997_2155.utt,"[ {C And } that, + {C and } they ] always cooked,  /",172,,86
sd,B,2155,,"then/RB they/PRP had/VBD ,/, they/PRP had/VBD the/DT choice/NN ,/, you/PRP know/VBP ,/,",2/sw2155,,,2,sw09utt/sw_0997_2155.utt,"then [ they had, + they had ] the choice, {D you know, }  /",173,,86
sd,B,2155,,they/PRP lived/VBD in/IN their/PRP$ own/JJ little/JJ house/NN ./.,2/sw2155,,,3,sw09utt/sw_0997_2155.utt,they lived in their own little house. /,174,,86
b,A,2155,,Uh-huh/UH ./.,2/sw2155,,,1,sw09utt/sw_0997_2155.utt,Uh-huh. /,175,,87
sd,B,2155,,"They/PRP had/VBD their/PRP$ own/JJ possessions/NNS still/RB in/IN there/RB ,/, to/IN some/DT ex-/NN ,/, you/PRP know/VBP ,/, some/DT of/IN them/PRP ./.",2/sw2155,,,1,sw09utt/sw_0997_2155.utt,"They had their own possessions still in there, [ to some ex-, + {D you know, } some of them. ] /",176,,88
b,A,2155,,Uh-huh/UH ./.,2/sw2155,,,1,sw09utt/sw_0997_2155.utt,Uh-huh. /,177,,89
sd,B,2155,,"And/CC they/PRP could/MD make/VB their/PRP$ own/JJ breakfast/NN if/IN they/PRP wanted/VBD to/TO ,/, and/CC their/PRP$ own/JJ dinner/NN ,/,",2/sw2155,,,1,sw09utt/sw_0997_2155.utt,"{C And } they could make their own breakfast if they wanted to, and their own dinner,  /",178,,90
sd,B,2155,,and/CC they/PRP always/RB had/VBD somebody/NN come/VB in/RB for/IN lunch/NN ./.,2/sw2155,,,2,sw09utt/sw_0997_2155.utt,{C and } they always had somebody come in for lunch.  /,179,,90
sd,B,2155,,"But/CC they/PRP had/VBD people/NNS who/WP did/VBD ,/, you/PRP know/VBP ,/, they/PRP did/VBD n't/RB have/VB to/TO mess/VB with/IN the/DT yard/NN ./.",2/sw2155,,,3,sw09utt/sw_0997_2155.utt,"{C But } [ they had people who did, + {D you know, } they didn't have to mess with ] the yard. /",180,,90
b,A,2155,,Uh-huh/UH ./.,2/sw2155,,,1,sw09utt/sw_0997_2155.utt,Uh-huh. /,181,,91
sd,B,2155,,"They/PRP had/VBD people/NNS who/WP did/VBD the/DT yard/NN ,/,",2/sw2155,,,1,sw09utt/sw_0997_2155.utt,"They had people who did the yard,  /",182,,92
sd,B,2155,,"and/CC they/PRP had/VBD a/DT maid/NN that/WDT ,/, uh/UH ,/, uh/UH ,/, service/NN that/WDT came/VBD in/RB and/CC cleaned/VBD everybody/NN 's/POS house/NN ./.",2/sw2155,,,2,sw09utt/sw_0997_2155.utt,"{C and } they had a maid [ that, + {F uh, } {F uh, } service ] that came in and cleaned everybody's house.  /",183,,92
sd,B,2155,,So/RB they/PRP did/VBD n't/RB have/VB to/TO worry/VB about/IN that/DT ./.,2/sw2155,,,3,sw09utt/sw_0997_2155.utt,{C So } they didn't have to worry about that. /,184,,92
b,A,2155,,"Oh/UH ,/, yeah/UH ./.",2/sw2155,,,1,sw09utt/sw_0997_2155.utt,"{F Oh, } yeah. /",185,,93
sd,B,2155,,"And/CC it/PRP was/VBD really/RB a/DT nice/JJ ,/, it/PRP was/VBD really/RB a/DT nice/JJ compromise/NN ,/, especially/RB ,/, because/IN she/PRP felt/VBD like/IN she/PRP was/VBD still/RB living/VBG in/IN her/PRP$ own/JJ house/NN ./.",2/sw2155,,,1,sw09utt/sw_0997_2155.utt,"{C And } [ it was really a nice, + it was really a nice ] compromise, especially, because she felt like she was still living in her own house. /",186,,94
b,A,2155,,Uh-huh/UH ./.,2/sw2155,,,1,sw09utt/sw_0997_2155.utt,Uh-huh. /,187,,95
sd,B,2155,,"And/CC she/PRP still/RB had/VBD her/PRP$ own/JJ couch/NN ,/, and/CC her/PRP$ own/JJ bed/NN ,/,",2/sw2155,,,1,sw09utt/sw_0997_2155.utt,"{C And } she still had her own couch, and her own bed,  /",188,,96
sd,B,2155,,"and/CC it/PRP ,/, it/PRP really/RB helped/VBD a/DT lot/NN ,/,",2/sw2155,,,2,sw09utt/sw_0997_2155.utt,"{C and } [ it, + it ] really helped a lot,  /",189,,96
sd,B,2155,,"and/CC she/PRP was/VBD a/DT lot/NN more/RBR comfortable/JJ ,/,",2/sw2155,,,3,sw09utt/sw_0997_2155.utt,"{C and } she was a lot more comfortable,  /",190,,96
sd,B,2155,,"and/CC she/PRP did/VBD n't/RB resent/VB MUMBLEx/XX like/UH having/VBG to/TO be/VB in/IN a/DT situation/NN ,/, because/IN she/PRP still/RB had/VBD a/DT lot/NN of/IN her/PRP$ own/JJ possessions/NNS ./.",2/sw2155,,,4,sw09utt/sw_0997_2155.utt,"{C and } she didn't resent <static> ((   ))  {D like } having to be in a situation, because she still had a lot of her own possessions. /",191,,96
bh,A,2155,,"Oh/UH ,/, really/UH ?/.",2/sw2155,,,1,sw09utt/sw_0997_2155.utt,"{F Oh, } really? /",192,,97
ny,B,2155,,Yeah/UH ./.,2/sw2155,,,1,sw09utt/sw_0997_2155.utt,</Static> Yeah. /,193,,98
sd,A,2155,,"See/UH ,/, now/UH we/PRP 've/VBP run/VBN into/IN a/DT lot/NN of/IN problems/NNS where/WRB our/PRP$ relatives/NNS were/VBD ,/,",2/sw2155,,,1,sw09utt/sw_0997_2155.utt,"{D See, } {D now } we've run into a lot of problems where our relatives were, - /",194,,99
sd,A,2155,,"well/UH ,/, I/PRP 've/VBP lived/VBN here/RB for/IN thirty/CD years/NNS ,/,",2/sw2155,,,2,sw09utt/sw_0997_2155.utt,"{D well, } I've lived here for thirty years, /",195,,99
b,B,2155,,Yeah/UH ./.,2/sw2155,,,1,sw09utt/sw_0997_2155.utt,Yeah. /,196,,100
sd,A,2155,,"and/CC we/PRP 've/VBP built/VBN this/DT ,/, and/CC this/DT is/VBZ our/PRP$ home/NN ,/,",2/sw2155,,,1,sw09utt/sw_0997_2155.utt,"[ {C and } we've built this, + {C and } this is our home, ]  /",197,,101
sd,A,2155,,"and/CC we/PRP have/VBP nothing/NN else/RB to/TO show/VB for/IN our/PRP$ lives/NNS ,/,",2/sw2155,,,2,sw09utt/sw_0997_2155.utt,"{C and } we have nothing else to show for our lives,  /",198,,101
sd,A,2155,,and/CC we/PRP do/VBP n't/RB want/VB to/TO leave/VB ./.,2/sw2155,,,3,sw09utt/sw_0997_2155.utt,{C and } we don't want to leave. /,199,,101
b,B,2155,,"Oh/UH ,/, yeah/UH ./.",2/sw2155,,,1,sw09utt/sw_0997_2155.utt,"{F Oh, } yeah. /",200,,102
sd,A,2155,,"Uh/UH ,/, we/PRP 've/VBP run/VBN into/IN a/DT lot/NN of/IN that/DT ./.",2/sw2155,,,1,sw09utt/sw_0997_2155.utt,"{F Uh, } we've run into a lot of that. /",201,,103
b,B,2155,,"Yeah/UH ,/,",2/sw2155,,,1,sw09utt/sw_0997_2155.utt,"Yeah,  /",202,,104
sv,B,2155,,it/PRP would/MD be/VB hard/JJ to/TO ./.,2/sw2155,,,2,sw09utt/sw_0997_2155.utt,it would be hard to. /,203,,104
b,A,2155,,Uh-huh/UH ./.,2/sw2155,,,1,sw09utt/sw_0997_2155.utt,Uh-huh. /,204,,105
%,B,2155,,"That/DT 's/BES ,/, that/DT 's/BES why/WRB this/DT ,/,",2/sw2155,,,1,sw09utt/sw_0997_2155.utt,"[ That's, + that's ] why this, - /",205,,106
sd,B,2155,,"she/PRP was/VBD ,/, she/PRP felt/VBD that/DT way/NN ,/, too/RB ,/,",2/sw2155,,,2,sw09utt/sw_0997_2155.utt,"[ she was, + she felt ] that way, too,  /",206,,106
sd,B,2155,,"but/CC when/WRB ,/, it/PRP helped/VBD that/IN she/PRP got/VBD to/TO still/RB be/VB in/IN a/DT house/NN and/CC still/RB have/VB some/DT of/IN her/PRP$ own/JJ stuff/NN ./.",2/sw2155,,,3,sw09utt/sw_0997_2155.utt,"{C but } [ when, + ] it helped that she got to still be in a house and still have some of her own stuff. /",207,,106
b,A,2155,,Yeah/UH ./.,2/sw2155,,,1,sw09utt/sw_0997_2155.utt,Yeah. /,208,,107
%,B,2155,,"And/CC I/PRP guess/VBP that/IN ,/, that/IN ,/,",2/sw2155,,,1,sw09utt/sw_0997_2155.utt,"{C And } I guess [ that, + that, ] - /",209,,108
sd,B,2155,,"it/PRP was/VBD a/DT pilot/NN program/NN I/PRP think/VBP ,/, where/WRB she/PRP lived/VBD ,/,",2/sw2155,,,2,sw09utt/sw_0997_2155.utt,"it was a pilot program I think, where she lived,  /",210,,108
sv,B,2155,,so/RB it/PRP 's/BES probably/RB not/RB widely/RB available/JJ ./.,2/sw2155,,,3,sw09utt/sw_0997_2155.utt,{C so } it's probably not widely available. /,211,,108
aa,A,2155,,"Uh-huh/UH ,/,",2/sw2155,,,1,sw09utt/sw_0997_2155.utt,"Uh-huh,  /",212,,109
aa,A,2155,,yeah/UH ./.,2/sw2155,,,2,sw09utt/sw_0997_2155.utt,yeah.  /,213,,109
%,A,2155,,"That/DT 's/BES what/WP like/UH ,/,",2/sw2155,,,3,sw09utt/sw_0997_2155.utt,"That's what {D like, } - /",214,,109
%,A,2155,,"well/UH ,/, um/UH ,/, now/RB I/PRP know/VBP we/PRP have/VBP an/DT ol/JJ ,/,",2/sw2155,,,4,sw09utt/sw_0997_2155.utt,"{D well, } {F um, } {D now } I know we have an ol-, - /",215,,109
sd,A,2155,,"we/PRP call/VBP it/PRP an/DT old/JJ folks/NNS home/VBP ,/,",2/sw2155,,,5,sw09utt/sw_0997_2155.utt,"we call it an old folks home,  /",216,,109
sd,A,2155,,"but/CC it/PRP 's/BES basically/RB a/DT nursing/NN home/NN too/RB ,/,",2/sw2155,,,6,sw09utt/sw_0997_2155.utt,"{C but } it's basically a nursing home too,  /",217,,109
sd,A,2155,,but/CC everyone/NN has/VBZ basically/RB their/PRP$ own/JJ room/NN ./.,2/sw2155,,,7,sw09utt/sw_0997_2155.utt,{C but } everyone has basically their own room. /,218,,109
b,B,2155,,Yeah/UH ./.,2/sw2155,,,1,sw09utt/sw_0997_2155.utt,Yeah. /,219,,110
%,A,2155,,"And/CC they/PRP 're/VBP allow/VBN ,/, you/PRP know/VBP ,/, th-/XX ,/,",2/sw2155,,,1,sw09utt/sw_0997_2155.utt,"{C And } [ they're allow-, + {D you know, } th-, ] - /",220,,111
sd,A,2155,,none/NN of/IN them/PRP have/VBP cars/NNS because/IN they/PRP ca/MD n't/RB drive/VB ./.,2/sw2155,,,2,sw09utt/sw_0997_2155.utt,none of them have cars because they can't drive. /,221,,111
b,B,2155,,Uh-huh/UH ./.,2/sw2155,,,1,sw09utt/sw_0997_2155.utt,Uh-huh. /,222,,112
sd,A,2155,,"But/CC if/IN someone/NN would/MD come/VB to/TO get/VB them/PRP ,/, you/PRP know/VBP ,/, they/PRP 're/VBP allowed/VBN to/TO leave/VB with/IN them/PRP ,/,",2/sw2155,,,1,sw09utt/sw_0997_2155.utt,"{C But } if someone would come to get them, {D you know, } they're allowed to leave with them,  /",223,,113
sd,A,2155,,"and/CC there/EX 's/BES a/DT staff/NN there/RB that/WDT makes/VBZ supper/NN for/IN them/PRP ,/,",2/sw2155,,,2,sw09utt/sw_0997_2155.utt,"{C and } there's a staff there that makes supper for them,  /",224,,113
sd,A,2155,,"and/CC each/DT person/NN has/VBZ a/DT chore/NN ,/,",2/sw2155,,,3,sw09utt/sw_0997_2155.utt,"{C and } each person has a chore,  /",225,,113
sd,A,2155,,like/UH maybe/RB Wednesday/NNP night/NN it/PRP 's/BES George/NNP 's/POS turn/NN to/TO set/VB all/PDT the/DT tables/NNS ./.,2/sw2155,,,4,sw09utt/sw_0997_2155.utt,{D like } maybe Wednesday night it's George's turn to set all the tables. /,226,,113
b,B,2155,,Uh/UH ./.,2/sw2155,,,1,sw09utt/sw_0997_2155.utt,{F Uh. } /,227,,114
sd,A,2155,,"And/CC it/PRP 's/BES really/RB nice/JJ because/IN that/DT keeps/VBZ them/PRP going/VBG ,/, too/RB ,/, rather/IN than/IN just/RB sitting/VBG around/RP ./.",2/sw2155,,,1,sw09utt/sw_0997_2155.utt,"{C And } it's really nice because that keeps them going, too, rather than just sitting around. /",228,,115
b,B,2155,,Yeah/UH ./.,2/sw2155,,,1,sw09utt/sw_0997_2155.utt,Yeah. /,229,,116
sd,A,2155,,"And/CC I/PRP know/VBP ,/, um/UH ,/, our/PRP$ youth/NN group/NN goes/VBZ over/RP",2/sw2155,,,1,sw09utt/sw_0997_2155.utt,"{C And } I know, {F um, } our youth group goes over  /",230,,117
sd,A,2155,,"and/CC we/PRP play/VBP bingo/NN with/IN them/PRP and/CC ,/, you/PRP know/VBP ,/, like/UH ,/, --/:",2/sw2155,,,2,sw09utt/sw_0997_2155.utt,"{C and } we play bingo with them and,  {D you know, } {D like, } --",231,,117
ba,B,2155,,That/DT 's/BES good/JJ ./.,2/sw2155,,,1,sw09utt/sw_0997_2155.utt,That's good. /,232,,118
+,A,2155,,--/: stuff/NN like/IN that/DT ./.,2/sw2155,,,1,sw09utt/sw_0997_2155.utt,-- stuff like that. /,233,,119
sv,B,2155,,Everybody/NN needs/VBZ some/DT sense/NN of/IN responsibility/NN ./.,2/sw2155,,,1,sw09utt/sw_0997_2155.utt,Everybody needs some sense of responsibility. /,234,,120
b,A,2155,,Uh-huh/UH,2/sw2155,,,1,sw09utt/sw_0997_2155.utt,Uh-huh /,235,,121
sv,B,2155,,"An/CC even/RB ,/, even/RB if/IN it/PRP 's/BES just/RB  a/DT little/JJ bit/NN ./.",2/sw2155,,,1,sw09utt/sw_0997_2155.utt,"# An [ even, + even ] if it's just a little bit. # /",236,,122
aa,A,2155,,"Yeah/UH ,/,",2/sw2155,,,1,sw09utt/sw_0997_2155.utt,"# Yeah,  /",237,,123
sv,A,2155,,just/RB to/TO keep/VB them/PRP going/VBG ./.,2/sw2155,,,2,sw09utt/sw_0997_2155.utt,just to keep them going. # /,238,,123
b,B,2155,,Yeah/UH ./.,2/sw2155,,,1,sw09utt/sw_0997_2155.utt,Yeah. /,239,,124
b,A,2155,,Uh-huh/UH ./.,2/sw2155,,,1,sw09utt/sw_0997_2155.utt,Uh-huh. /,240,,125
bf,B,2155,,"So/RB ,/, it/PRP 's/BES ,/, it/PRP 's/BES more/RBR like/IN living/VBG with/IN a/DT big/JJ ,/, in/IN a/DT big/JJ house/NN where/WRB it/PRP 's/BES your/PRP$ turn/NN to/TO ,/, to/TO set/VB the/DT table/NN ,/, like/IN you/PRP 're/VBP saying/VBG ,/, or/CC whatever/WP --/:",2/sw2155,,,1,sw09utt/sw_0997_2155.utt,"{C So, } [ it's, + it's ] more like living [ with a big, + in a big ] house where it's your turn [ to, + to ] set the table, like you're saying, or whatever --",241,,126
aa,A,2155,,Yeah/UH ./.,2/sw2155,,,1,sw09utt/sw_0997_2155.utt,Yeah. /,242,,127
+,B,2155,,--/: instead/IN of/IN being/VBG waited/VBN on/IN hand/NN and/CC foot/NN all/PDT the/DT time/NN ./.,2/sw2155,,,1,sw09utt/sw_0997_2155.utt,-- instead of being waited on hand and foot all the time. /,243,,128
aa,A,2155,,Uh-huh/UH ./.,2/sw2155,,,1,sw09utt/sw_0997_2155.utt,Uh-huh. /,244,,129
b,B,2155,,"Yeah/UH ,/,",2/sw2155,,,1,sw09utt/sw_0997_2155.utt,"Yeah,  /",245,,130
ba,B,2155,,that/DT would/MD be/VB nice/JJ ./.,2/sw2155,,,2,sw09utt/sw_0997_2155.utt,that would be nice. /,246,,130
%,A,2155,,"But/CC I/PRP think/VBP before/IN i-/XX ,/,",2/sw2155,,,1,sw09utt/sw_0997_2155.utt,"{C But } I think before i-, - /",247,,131
%,A,2155,,"like/UH you/PRP ,/,",2/sw2155,,,2,sw09utt/sw_0997_2155.utt,"{D like } you, - /",248,,131
sv,A,2155,,"I/PRP do/VBP n't/RB think/VB y-/XX ,/, I/PRP do/VBP n't/RB think/VB it/PRP 's/BES right/JJ to/TO just/RB put/VB someone/NN in/IN it/PRP ./.",2/sw2155,,,3,sw09utt/sw_0997_2155.utt,"+ [ I don't think y-, + I don't think it's ] right to just put someone in it.  /",249,,131
sv,A,2155,,I/PRP think/VBP they/PRP would/MD have/VB to/TO agree/VB to/TO go/VB in/IN it/PRP ./.,2/sw2155,,,4,sw09utt/sw_0997_2155.utt,I think they would have to agree to go in it. /,250,,131
aa,B,2155,,"Yes/UH ,/,",2/sw2155,,,1,sw09utt/sw_0997_2155.utt,"Yes,  /",251,,132
sv,B,2155,,unless/IN they/PRP 're/VBP at/IN a/DT point/NN where/WRB they/PRP 're/VBP mentally/RB --/:,2/sw2155,,,2,sw09utt/sw_0997_2155.utt,unless they're at a point where they're mentally --,252,,132
b,A,2155,,"Well/UH ,/, yeah/UH ./.",2/sw2155,,,1,sw09utt/sw_0997_2155.utt,"{D Well, } yeah. /",253,,133
+,B,2155,,--/: incapacitated/JJ ./.,2/sw2155,,,1,sw09utt/sw_0997_2155.utt,-- incapacitated <static>.  /,254,,134
sv,B,2155,,"Like/IN you/PRP 're/VBP saying/VBG with/IN Alzheimer/NNP 's/POS and/CC stuff/NN ,/, they/PRP 're/VBP going/VBG to/TO be/VB some/DT people/NNS who/WP have/VBP to/TO be/VB there/RB --/:",2/sw2155,,,2,sw09utt/sw_0997_2155.utt,"Like you're saying with Alzheimer's and stuff, they're going to be some people who have to be there --",255,,134
b,A,2155,,Uh-huh/UH ./.,2/sw2155,,,1,sw09utt/sw_0997_2155.utt,Uh-huh. /,256,,135
+,B,2155,,"--/: whether/IN they/PRP want/VBP to/TO or/CC not/RB ,/,",2/sw2155,,,1,sw09utt/sw_0997_2155.utt,"-- whether they want to or not, </static>  /",257,,136
sv,B,2155,,"and/CC that/DT 's/BES when/WRB it/PRP 's/BES important/JJ to/TO really/RB check/VB out/RP the/IN medical/JJ aspects/NNS of/IN it/PRP ,/, when/WRB you/PRP 're/VBP ,/, when/WRB you/PRP 're/VBP in/IN something/NN like/IN that/DT ,/,",2/sw2155,,,2,sw09utt/sw_0997_2155.utt,"{C and } that's when it's important to really check out the medical aspects of it, [ when you're, + when you're ] in something like that,",258,,136
b,A,2155,,Uh-huh/UH ./.,2/sw2155,,,1,sw09utt/sw_0997_2155.utt,Uh-huh. /,259,,137
+,B,2155,,"that/IN they/PRP 'll/MD get/VB the/DT kind/NN of/IN medical/JJ care/NN they/PRP want/VBP without/IN ,/, or/CC they/PRP need/VBP ,/, without/IN overdoing/VBG it/PRP ./.",2/sw2155,,,1,sw09utt/sw_0997_2155.utt,"that they'll get the kind of medical care [ they want without, + {E or } they need, <static> without ] overdoing it.",260,,138
b,A,2155,,Uh-huh/UH ./.,2/sw2155,,,1,sw09utt/sw_0997_2155.utt,Uh-huh. /,261,,139
+,B,2155,,"Without/IN doing/VBG something/NN to/TO make/VB this/DT ,/, you/PRP know/VBP ,/, to/TO keep/VB ,/, like/IN you/PRP 're/VBP saying/VBG ,/, to/TO keep/VB them/PRP still/JJ to/TO make/VB the/DT staff/NN happy/JJ ./.",2/sw2155,,,1,sw09utt/sw_0997_2155.utt,"Without doing something [ to make this, + {D you know, } [ to keep, + like you're saying, to keep ] ] them still to make the staff happy. /",262,,140
b,A,2155,,Yeah/UH ./.,2/sw2155,,,1,sw09utt/sw_0997_2155.utt,Yeah. /,263,,141
%,B,2155,,So/UH ./.,2/sw2155,,,1,sw09utt/sw_0997_2155.utt,{D So } </static>. -/,264,,142
b,A,2155,,Uh-huh/UH ./.,2/sw2155,,,1,sw09utt/sw_0997_2155.utt,Uh-huh. /,265,,143
