swda_filename,ptb_basename,conversation_no,transcript_index,act_tag,caller,utterance_index,subutterance_index,text,pos,trees,ptb_treenumbers,start_ts,end_ts
sw02utt/sw_0211_2163.utt,2/sw2163,2163,0,o,A,1,1,Okay. /,Okay/UH ./.,(INTJ (UH Okay) (. .) (-DFL- E_S)),1,1.12,1.6800000000000002
sw02utt/sw_0211_2163.utt,2/sw2163,2163,1,o,B,2,1,Okay. /,Okay/UH ./.,(INTJ (UH Okay) (. .) (-DFL- E_S)),1,1.92,2.16
sw02utt/sw_0211_2163.utt,2/sw2163,2163,2,sd,A,3,1,I was trying to get my children quiet for a minute. /,[ I/PRP ] was/VBD trying/VBG to/TO get/VB  [ my/PRP$ children/NNS ] quiet/JJ for/IN  [ a/DT minute/NN ] ./.,(S (NP-SBJ-1 (PRP I)) (VP (VBD was) (VP (VBG trying) (S (NP-SBJ (-NONE- *-1)) (VP (TO to) (VP (VB get) (S (NP-SBJ (PRP$ my) (NNS children)) (ADJP-PRD (JJ quiet)))))) (PP-TMP (IN for) (NP (DT a) (NN minute))))) (. .) (-DFL- E_S)),5,2.32,5.06
sw02utt/sw_0211_2163.utt,2/sw2163,2163,3,b,B,4,1,Okay. /,Okay/UH ./.,(INTJ (UH Okay) (. .) (-DFL- E_S)),1,5.52,5.84
sw02utt/sw_0211_2163.utt,2/sw2163,2163,4,sv^t,A,5,1,"<<Takes a deep breath>> {D Well, } credit cards, {A boy, } that's an easy topic, /","Well/UH ,/,  [ credit/NN cards/NNS ] ,/,  [ boy/UH ] ,/,  [ that/DT ] 's/BES  [ an/DT easy/JJ topic/NN ] ,/,","(S (INTJ (UH Well)) (, ,) (NP-TPC (NN credit) (NNS cards)) (, ,) (INTJ (UH boy)) (, ,) (NP-SBJ (DT that)) (VP (BES 's) (NP-PRD (DT an) (JJ easy) (NN topic))) (, ,) (-DFL- E_S))",9,6.76,9.92
sw02utt/sw_0211_2163.utt,2/sw2163,2163,5,aa,B,6,1,"[ Ye-, +","[ Ye-/UH ] ,/,","(INTJ (EDITED (RM (-DFL- \[)) (INTJ-UNF (UH Ye-)) (, ,) (IP (-DFL- \+))) (INTJ (UH Yes)) (, ,) (RS (-DFL- \])) (-DFL- E_S))",11,0.0,0.0
sw02utt/sw_0211_2163.utt,2/sw2163,2163,6,qy^g,A,7,1,isn't it <laughter>. /,is/VBZ n't/RB  [ it/PRP ] ./.,(SQ (VBZ is) (RB n't) (NP-SBJ (PRP it)) (NP-PRD (-NONE- *?*)) (. .) (-DFL- E_S)),13,9.97,10.57
sw02utt/sw_0211_2163.utt,2/sw2163,2163,7,+,B,8,1,"Yes, ]  /","Yes/UH ,/,","(INTJ (EDITED (RM (-DFL- \[)) (INTJ-UNF (UH Ye-)) (, ,) (IP (-DFL- \+))) (INTJ (UH Yes)) (, ,) (RS (-DFL- \])) (-DFL- E_S))",11,11.33,11.69
sw02utt/sw_0211_2163.utt,2/sw2163,2163,8,sv,B,8,2,it is <laughter>.  /,[ it/PRP ] is/VBZ ./.,(S (NP-SBJ (PRP it)) (VP (VBZ is) (NP-PRD (-NONE- *?*))) (. .) (-DFL- E_S)),15,11.93,12.33
sw02utt/sw_0211_2163.utt,2/sw2163,2163,9,sv,B,8,3,"It's one we all hold dear and near, I'm sure. /","[ It/PRP ] 's/BES  [ one/CD ] [ we/PRP ] [ all/DT ] hold/VBP  [ dear/JJ ] and/CC  [ near/JJ ] ,/,  [ I/PRP ] 'm/VBP sure/JJ ./.","(S (S-TPC-2 (NP-SBJ (PRP It)) (VP (BES 's) (NP-PRD (NP (CD one)) (SBAR (WHNP-1 (-NONE- 0)) (S (NP-SBJ (NP (PRP we)) (NP (DT all))) (VP (VBP hold) (S (NP-SBJ (-NONE- *T*-1)) (ADJP-PRD (JJ dear) (CC and) (JJ near))))))))) (, ,) (NP-SBJ (PRP I)) (VP (VBP 'm) (ADJP-PRD (JJ sure) (SBAR (-NONE- 0) (S (-NONE- *T*-2))))) (. .) (-DFL- E_S))",16,12.33,15.690000000000001
sw02utt/sw_0211_2163.utt,2/sw2163,2163,10,aa,A,9,1,"{F Oh, } yes,  /","Oh/UH ,/, yes/UH ,/,","(INTJ (INTJ (UH Oh)) (, ,) (INTJ (UH yes)) (, ,) (-DFL- E_S))",18,15.85,16.93
sw02utt/sw_0211_2163.utt,2/sw2163,2163,11,aa^r,A,9,2,yes.  /,yes/UH ./.,(INTJ (UH yes) (. .) (-DFL- E_S)),19,17.25,17.71
sw02utt/sw_0211_2163.utt,2/sw2163,2163,12,sd,A,9,3,I guess I've had some good experience and some bad experience with them. /,[ I/PRP ] guess/VBP  [ I/PRP ] 've/VBP had/VBN  [ some/DT good/JJ experience/NN ] and/CC  [ some/DT bad/JJ experience/NN ] with/IN  [ them/PRP ] ./.,(S (NP-SBJ (PRP I)) (VP (VBP guess) (SBAR (-NONE- 0) (S (NP-SBJ (PRP I)) (VP (VBP 've) (VP (VBN had) (NP (NP (NP (DT some) (JJ good) (NN experience)) (CC and) (NP (DT some) (JJ bad) (NN experience))) (PP (IN with) (NP (PRP them))))))))) (. .) (-DFL- E_S)),20,17.87,22.41
sw02utt/sw_0211_2163.utt,2/sw2163,2163,13,b,B,10,1,"Yeah,  /","[ Yeah/UH ] ,/,","(INTJ (UH Yeah) (, ,) (-DFL- E_S))",22,22.69,22.89
sw02utt/sw_0211_2163.utt,2/sw2163,2163,14,sd,B,10,2,"most of mine's been pretty good,  although [ I'm, + I guess I'm ] like a lot of other people, now,  /","[ most/JJS ] of/IN  [ mine/PRP ] 's/HVS been/VBN pretty/RB good/JJ ,/, although/IN  [ I/PRP ] 'm/VBP ,/,  [ I/PRP ] guess/VBP  [ I/PRP ] 'm/VBP like/IN  [ a/DT lot/NN ] of/IN  [ other/JJ people/NNS ] ,/, now/RB ,/,","(S (NP-SBJ (NP (JJS most)) (PP (IN of) (NP (PRP mine)))) (VP (HVS 's) (VP (VBN been) (ADJP-PRD (RB pretty) (JJ good)) (, ,) (SBAR-ADV (IN although) (S (EDITED (RM (-DFL- \[)) (S (NP-SBJ (PRP I)) (VP-UNF (VBP 'm))) (, ,) (IP (-DFL- \+))) (NP-SBJ (PRP I)) (VP (VBP guess) (SBAR (-NONE- 0) (S (NP-SBJ (PRP I)) (VP (VBP 'm) (RS (-DFL- \])) (PP-PRD (IN like) (NP (NP (DT a) (NN lot)) (PP (IN of) (NP (JJ other) (NNS people))))) (, ,) (ADVP-TMP (RB now)))))))))) (, ,) (-DFL- E_S))",23,22.89,28.67
sw02utt/sw_0211_2163.utt,2/sw2163,2163,15,sd,B,10,3,"I'm trying [ to, + to ] pay off my credit cards  /","[ I/PRP ] 'm/VBP trying/VBG to/TO ,/, to/TO pay/VB off/RP  [ my/PRP$ credit/NN cards/NNS ]","(S (NP-SBJ-1 (PRP I)) (VP (VBP 'm) (VP (VBG trying) (S (NP-SBJ (-NONE- *-1)) (EDITED (RM (-DFL- \[)) (VP-UNF (TO to)) (, ,) (IP (-DFL- \+))) (VP (TO to) (RS (-DFL- \])) (VP (VB pay) (PRT (RP off)) (NP (PRP$ my) (NN credit) (NNS cards))))))) (-DFL- E_S))",24,28.67,31.470000000000002
sw02utt/sw_0211_2163.utt,2/sw2163,2163,16,sd,B,10,4,"[ {C and, } +  {C and, } ]  {F uh, } I've done pretty good at it.  /","and/CC ,/, and/CC ,/,  [ uh/UH ] ,/,  [ I/PRP ] 've/VBP done/VBN pretty/RB good/RB at/IN  [ it/PRP ] ./.","(S (EDITED (RM (-DFL- \[)) (CC and) (, ,) (IP (-DFL- \+))) (CC and) (, ,) (RS (-DFL- \])) (INTJ (UH uh)) (, ,) (NP-SBJ (PRP I)) (VP (VBP 've) (VP (VBN done) (ADVP-MNR (RB pretty) (RB good)) (PP (IN at) (NP (PRP it))))) (. .) (-DFL- E_S))",25,31.47,33.79
sw02utt/sw_0211_2163.utt,2/sw2163,2163,17,%,B,10,5,Yeah. /,[ Yeah/UH ] ./.,(INTJ (UH Yeah) (. .) (-DFL- E_S)),26,33.79,33.93
sw02utt/sw_0211_2163.utt,2/sw2163,2163,18,b,A,11,1,Uh-huh <noise>.  /,[ Uh-huh/UH ] ./.,(INTJ (UH Uh-huh) (. .) (-DFL- E_S)),28,34.09,34.43000000000001
sw02utt/sw_0211_2163.utt,2/sw2163,2163,19,sd,A,11,2,"{D Well, } I do fairly good until I go in the store and I see something I want <laughter>.","Well/UH ,/,  [ I/PRP ] do/VBP fairly/RB good/RB until/IN  [ I/PRP ] go/VBP in/IN  [ the/DT store/NN ] and/CC  [ I/PRP ] see/VBP  [ something/NN ] [ I/PRP ] want/VBP ./.","(S (INTJ (UH Well)) (, ,) (NP-SBJ (PRP I)) (VP (VBP do) (ADVP-MNR (RB fairly) (RB good)) (SBAR-TMP (IN until) (S (S (NP-SBJ (PRP I)) (VP (VBP go) (PP-DIR (IN in) (NP (DT the) (NN store))))) (CC and) (S (NP-SBJ (PRP I)) (VP (VBP see) (NP (NP (NN something)) (SBAR (WHNP-1 (-NONE- 0)) (S (NP-SBJ (PRP I)) (VP (VP (VBP want) (NP (-NONE- *T*-1))) (PRN (. .) (S (NP-SBJ (PRP You)) (VP (VBP know)))) (RB not) (VP (VBP need) (NP (-NONE- *T*-1))) (, ,) (VP (VBP want) (NP (-NONE- *T*-1)))))))))))) (. .) (-DFL- E_S))",29,35.97,40.61
sw02utt/sw_0211_2163.utt,2/sw2163.pos,2163,20,x,B,12,1,<Laughter>.,./.,,,0.0,0.0
sw02utt/sw_0211_2163.utt,2/sw2163,2163,21,+,A,13,1,{D You know } --,[ You/PRP ] know/VBP --/:,"(S (INTJ (UH Well)) (, ,) (NP-SBJ (PRP I)) (VP (VBP do) (ADVP-MNR (RB fairly) (RB good)) (SBAR-TMP (IN until) (S (S (NP-SBJ (PRP I)) (VP (VBP go) (PP-DIR (IN in) (NP (DT the) (NN store))))) (CC and) (S (NP-SBJ (PRP I)) (VP (VBP see) (NP (NP (NN something)) (SBAR (WHNP-1 (-NONE- 0)) (S (NP-SBJ (PRP I)) (VP (VP (VBP want) (NP (-NONE- *T*-1))) (PRN (. .) (S (NP-SBJ (PRP You)) (VP (VBP know)))) (RB not) (VP (VBP need) (NP (-NONE- *T*-1))) (, ,) (VP (VBP want) (NP (-NONE- *T*-1)))))))))))) (. .) (-DFL- E_S))",29,40.71,41.230000000000004
sw02utt/sw_0211_2163.utt,2/sw2163,2163,22,b,B,14,1,Yeah. /,Yeah/UH ./.,(INTJ (UH Yeah) (. .) (-DFL- E_S)),26,41.31,41.870000000000005
sw02utt/sw_0211_2163.utt,2/sw2163,2163,23,+,A,15,1,"-- not need, want. /","--/: not/RB need/VBP ,/, want/VBP ./.","(S (INTJ (UH Well)) (, ,) (NP-SBJ (PRP I)) (VP (VBP do) (ADVP-MNR (RB fairly) (RB good)) (SBAR-TMP (IN until) (S (S (NP-SBJ (PRP I)) (VP (VBP go) (PP-DIR (IN in) (NP (DT the) (NN store))))) (CC and) (S (NP-SBJ (PRP I)) (VP (VBP see) (NP (NP (NN something)) (SBAR (WHNP-1 (-NONE- 0)) (S (NP-SBJ (PRP I)) (VP (VP (VBP want) (NP (-NONE- *T*-1))) (PRN (. .) (S (NP-SBJ (PRP You)) (VP (VBP know)))) (RB not) (VP (VBP need) (NP (-NONE- *T*-1))) (, ,) (VP (VBP want) (NP (-NONE- *T*-1)))))))))))) (. .) (-DFL- E_S))",29,42.35,43.69
sw02utt/sw_0211_2163.utt,2/sw2163,2163,24,b,B,16,1,"Uh-huh,  /","Uh-huh/UH ,/,","(INTJ (UH Uh-huh) (, ,) (-DFL- E_S))",36,43.53,43.67
sw02utt/sw_0211_2163.utt,2/sw2163,2163,25,sv,B,16,2,there is a big difference <<Voices>>. /,[ there/EX ] is/VBZ  [ a/DT big/JJ difference/NN ] ./.,(S (NP-SBJ (EX there)) (VP (VBZ is) (NP-PRD (DT a) (JJ big) (NN difference))) (. .) (-DFL- E_S)),37,44.06,45.300000000000004
sw02utt/sw_0211_2163.utt,2/sw2163,2163,26,sv^m,A,17,1,There's a big difference there. /,[ There/EX ] 's/BES  [ a/DT big/JJ difference/NN ] there/RB ./.,(S (NP-SBJ (EX There)) (VP (BES 's) (NP-PRD (DT a) (JJ big) (NN difference)) (ADVP (RB there))) (. .) (-DFL- E_S)),39,45.53,47.09
sw02utt/sw_0211_2163.utt,2/sw2163,2163,27,b,B,18,1,"Yeah,  /","Yeah/UH ,/,","(INTJ (UH Yeah) (, ,) (-DFL- E_S))",22,46.92,47.0
sw02utt/sw_0211_2163.utt,2/sw2163,2163,28,b^r,B,18,2,yeah. /,yeah/UH ./.,(INTJ (UH yeah) (. .) (-DFL- E_S)),42,47.0,47.3
sw02utt/sw_0211_2163.utt,2/sw2163,2163,29,sd,A,19,1,{C But } most of mine that I use is strictly gasoline. /,But/CC most/RBS of/IN  [ mine/PRP ] that/WDT  [ I/PRP ] use/VBP is/VBZ strictly/RB  [ gasoline/NN ] ./.,(S (CC But) (NP-SBJ (NP (NP (RBS most)) (PP (IN of) (NP (PRP mine)))) (SBAR (WHNP-1 (WDT that)) (S (NP-SBJ (PRP I)) (VP (VBP use) (NP (-NONE- *T*-1)))))) (VP (VBZ is) (ADVP (RB strictly)) (NP-PRD (NN gasoline))) (. .) (-DFL- E_S)),44,48.61,51.709999999999994
sw02utt/sw_0211_2163.utt,2/sw2163,2163,30,b,B,20,1,"Yeah,  /","Yeah/UH ,/,","(INTJ (UH Yeah) (, ,) (-DFL- E_S))",22,51.96,52.18
sw02utt/sw_0211_2163.utt,2/sw2163,2163,31,b^r,B,20,2,"{F oh } yeah,  /","oh/UH yeah/UH ,/,","(INTJ (INTJ (UH oh)) (INTJ (UH yeah)) (, ,) (-DFL- E_S))",47,52.18,52.540000000000006
sw02utt/sw_0211_2163.utt,2/sw2163,2163,32,sd,B,20,3,"[ I, + I ] do that,  /","[ I/PRP ] ,/,  [ I/PRP ] do/VBP  [ that/DT ] ,/,","(S (EDITED (RM (-DFL- \[)) (NP-SBJ (PRP I)) (, ,) (IP (-DFL- \+))) (NP-SBJ (PRP I)) (RS (-DFL- \])) (VP (VBP do) (NP (DT that))) (, ,) (-DFL- E_S))",48,52.54,53.46
sw02utt/sw_0211_2163.utt,2/sw2163,2163,33,sd^r,B,20,4,"I do that,  /","[ I/PRP ] do/VBP  [ that/DT ] ,/,","(S (NP-SBJ (PRP I)) (VP (VBP do) (NP (DT that))) (, ,) (-DFL- E_S))",49,53.78,54.46
sw02utt/sw_0211_2163.utt,2/sw2163,2163,34,sd,B,20,5,"{C but } [ the rest, + like I said, the rest ] of them I've been trying [ to, + to ] pay off --","but/CC  [ the/DT rest/NN ] ,/, like/IN  [ I/PRP ] said/VBD ,/,  [ the/DT rest/NN ] of/IN  [ them/PRP ] [ I/PRP ] 've/VBP been/VBN trying/VBG to/TO ,/, to/TO pay/VB off/RP --/:","(S (EDITED (CC but) (RM (-DFL- \[)) (NP (DT the) (NN rest)) (, ,) (IP (-DFL- \+))) (SBAR-ADV (IN like) (S (NP-SBJ (PRP I)) (VP (VBD said)))) (, ,) (NP-TPC-2 (NP (DT the) (NN rest)) (RS (-DFL- \])) (PP (IN of) (NP (PRP them)))) (NP-SBJ-1 (PRP I)) (VP (VBP 've) (VP (VBN been) (VP (VBG trying) (S (NP-SBJ (-NONE- *-1)) (EDITED (RM (-DFL- \[)) (VP-UNF (TO to)) (, ,) (IP (-DFL- \+))) (VP (TO to) (RS (-DFL- \])) (VP (VP (VB pay) (NP (-NONE- *T*-2)) (PRT (RP off))) (CC and) (, ,) (INTJ (UH uh)) (, ,) (VP (VB get) (ADVP (RB back)) (PP (IN on) (NP (DT a) (NN cash) (NN basis))) (, ,) (PP (IN except) (PP (IN for) (NP (NN gas))))))))))) (. .) (-DFL- E_S))",50,54.46,58.08
sw02utt/sw_0211_2163.utt,2/sw2163,2163,35,b,A,21,1,Uh-huh. /,[ Uh-huh/UH ] ./.,(INTJ (UH Uh-huh) (. .) (-DFL- E_S)),28,58.71,58.97
sw02utt/sw_0211_2163.utt,2/sw2163,2163,36,+,B,22,1,"-- and, {F uh, } get back on a cash basis, except for gas.  /","--/: and/CC ,/,  [ uh/UH ] ,/, get/VB back/RB on/IN  [ a/DT cash/NN basis/NN ] ,/, except/IN for/IN  [ gas/NN ] ./.","(S (EDITED (CC but) (RM (-DFL- \[)) (NP (DT the) (NN rest)) (, ,) (IP (-DFL- \+))) (SBAR-ADV (IN like) (S (NP-SBJ (PRP I)) (VP (VBD said)))) (, ,) (NP-TPC-2 (NP (DT the) (NN rest)) (RS (-DFL- \])) (PP (IN of) (NP (PRP them)))) (NP-SBJ-1 (PRP I)) (VP (VBP 've) (VP (VBN been) (VP (VBG trying) (S (NP-SBJ (-NONE- *-1)) (EDITED (RM (-DFL- \[)) (VP-UNF (TO to)) (, ,) (IP (-DFL- \+))) (VP (TO to) (RS (-DFL- \])) (VP (VP (VB pay) (NP (-NONE- *T*-2)) (PRT (RP off))) (CC and) (, ,) (INTJ (UH uh)) (, ,) (VP (VB get) (ADVP (RB back)) (PP (IN on) (NP (DT a) (NN cash) (NN basis))) (, ,) (PP (IN except) (PP (IN for) (NP (NN gas))))))))))) (. .) (-DFL- E_S))",50,58.8,61.74
sw02utt/sw_0211_2163.utt,2/sw2163,2163,37,sd,B,22,2,"It's too easy [ to, + to ] run into the gas station. /","[ It/PRP ] 's/BES too/RB easy/JJ to/TO ,/, to/TO run/VB into/IN  [ the/DT gas/NN station/NN ] ./.","(S (NP-SBJ (NP (PRP It)) (S (-NONE- *EXP*-1))) (VP (BES 's) (ADJP-PRD (RB too) (JJ easy)) (S-1 (NP-SBJ (-NONE- *)) (EDITED (RM (-DFL- \[)) (VP-UNF (TO to)) (, ,) (IP (-DFL- \+))) (VP (TO to) (RS (-DFL- \])) (VP (VB run) (PP-DIR (IN into) (NP (DT the) (NN gas) (NN station))))))) (. .) (-DFL- E_S))",54,61.74,64.84
sw02utt/sw_0211_2163.utt,2/sw2163,2163,38,sd,A,23,1,"{F Oh, } it sure is --","Oh/UH ,/,  [ it/PRP ] sure/RB is/VBZ --/:","(S (INTJ (UH Oh)) (, ,) (NP-SBJ (PRP it)) (ADVP (RB sure)) (VP (VBZ is) (ADJP-PRD (-NONE- *?*)) (SBAR-TMP (ADVP (RB especially)) (WHADVP-1 (WRB when)) (S (NP-SBJ (PRP you)) (VP (VP (VBP work) (PP-LOC (IN out) (PP (IN of) (NP (NN town))))) (CC and) (NP-ETC (NN everything)) (, ,) (NP-MNR (DT that) (NN way)) (ADVP-TMP (-NONE- *T*-1)))))) (. .) (-DFL- E_S))",56,65.09,65.87
sw02utt/sw_0211_2163.utt,2/sw2163,2163,39,%,B,24,1,"{C And, }   ((   )) . -/","And/CC ,/,  [ MUMBLEx/XX ] ./.","(S-UNF (CC And) (, ,) (X (XX MUMBLEx)) (. .) (-DFL- N_S))",58,65.7,66.10000000000001
sw02utt/sw_0211_2163.utt,2/sw2163,2163,40,+,A,25,1,"-- especially when you work out of town and everything, that way <</Voices>>. /","--/: especially/RB when/WRB  [ you/PRP ] work/VBP out/IN of/IN  [ town/NN ] and/CC  [ everything/NN ] ,/,  [ that/DT way/NN ] ./.","(S (INTJ (UH Oh)) (, ,) (NP-SBJ (PRP it)) (ADVP (RB sure)) (VP (VBZ is) (ADJP-PRD (-NONE- *?*)) (SBAR-TMP (ADVP (RB especially)) (WHADVP-1 (WRB when)) (S (NP-SBJ (PRP you)) (VP (VP (VBP work) (PP-LOC (IN out) (PP (IN of) (NP (NN town))))) (CC and) (NP-ETC (NN everything)) (, ,) (NP-MNR (DT that) (NN way)) (ADVP-TMP (-NONE- *T*-1)))))) (. .) (-DFL- E_S))",56,66.81,69.19
sw02utt/sw_0211_2163.utt,2/sw2163,2163,41,b,B,26,1,Uh-huh. /,[ Uh-huh/UH ] ./.,(INTJ (UH Uh-huh) (. .) (-DFL- E_S)),52,69.02,69.25999999999999
sw02utt/sw_0211_2163.utt,2/sw2163,2163,42,sd,A,27,1,At least that's for me. /,At/IN  [ least/JJS ] [ that/DT ] 's/BES for/IN  [ me/PRP ] ./.,(S (ADVP (IN At) (JJS least)) (NP-SBJ (DT that)) (VP (BES 's) (PP-PRD (IN for) (NP (PRP me)))) (. .) (-DFL- E_S)),63,70.37,71.42999999999999
sw02utt/sw_0211_2163.utt,2/sw2163,2163,43,b,B,28,1,"Yeah,  /","Yeah/UH ,/,","(INTJ (UH Yeah) (, ,) (-DFL- E_S))",41,71.26,71.60000000000001
sw02utt/sw_0211_2163.utt,2/sw2163,2163,44,b^r,B,28,2,yeah. /,yeah/UH ./.,(INTJ (UH yeah) (. .) (-DFL- E_S)),42,71.88,72.25999999999999
sw02utt/sw_0211_2163.utt,2/sw2163,2163,45,b,A,29,1,Yeah. /,Yeah/UH ./.,(INTJ (UH Yeah) (. .) (-DFL- E_S)),68,72.75,73.07
sw02utt/sw_0211_2163.utt,2/sw2163,2163,46,%,B,30,1,{D So. } -/,So/RB ./.,(INTJ (UH So) (. .) (-DFL- N_S)),70,73.96,74.3
sw02utt/sw_0211_2163.utt,2/sw2163,2163,47,b,A,31,1,"{C But } yeah,  /","But/CC yeah/UH ,/,","(FRAG (CC But) (INTJ (UH yeah)) (, ,) (-DFL- E_S))",72,75.45,75.91
sw02utt/sw_0211_2163.utt,2/sw2163,2163,48,sd,A,31,2,"[ I've, + I've ] talked to some who's really had some bad experience  /","[ I/PRP ] 've/VBP ,/,  [ I/PRP ] 've/VBP talked/VBN to/IN  [ some/DT ] [ who/WP ] 's/HVS really/RB had/VBN  [ some/DT bad/JJ experience/NN ]","(S (EDITED (RM (-DFL- \[)) (S (NP-SBJ (PRP I)) (VP-UNF (VBP 've))) (, ,) (IP (-DFL- \+))) (NP-SBJ (PRP I)) (VP (VBP 've) (RS (-DFL- \])) (VP (VBN talked) (PP (IN to) (NP (NP (DT some)) (SBAR (WHNP-1 (WP who)) (S (NP-SBJ (-NONE- *T*-1)) (VP (HVS 's) (ADVP (RB really)) (VP (VBN had) (NP (DT some) (JJ bad) (NN experience)))))))))) (-DFL- E_S))",73,75.91,79.42
sw02utt/sw_0211_2163.utt,2/sw2163,2163,49,sd,A,31,3,"{C and } {A kind of knock on wood } I haven't yet, not bad. /","and/CC  [ kind/RB ] of/RB  [ knock/VB ] on/IN  [ wood/NN ] [ I/PRP ] have/VBP n't/RB yet/RB ,/, not/RB bad/JJ ./.","(S (CC and) (PRN (S (NP-SBJ (-NONE- *)) (ADVP (RB kind) (RB of)) (VP (VB knock) (PP (IN on) (NP (NN wood)))))) (NP-SBJ (PRP I)) (VP (VBP have) (RB n't) (VP (-NONE- *?*) (ADVP-TMP (RB yet)))) (, ,))|||(FRAG (RB not) (ADJP (JJ bad)) (. .) (-DFL- E_S))",74|||75,79.42,82.9
sw02utt/sw_0211_2163.utt,2/sw2163,2163,50,b,B,32,1,"Yeah,  /","Yeah/UH ,/,","(INTJ (UH Yeah) (, ,) (-DFL- E_S))",46,82.74,82.82
sw02utt/sw_0211_2163.utt,2/sw2163,2163,51,%,B,32,2,"{D well } that's, -/","well/UH that/DT  [ 's/BES ] ,/,","(S (INTJ (UH well)) (NP-SBJ (DT that)) (VP-UNF (BES 's)) (, ,) (-DFL- N_S))",78,82.82,83.22
sw02utt/sw_0211_2163.utt,2/sw2163,2163,52,sd,A,33,1,"{D You know, } [ I just, + I'm just ] shocked at the end of the month,","[ You/PRP ] know/VBP ,/,  [ I/PRP ] just/RB ,/,  [ I/PRP ] 'm/VBP just/RB shocked/JJ at/IN  [ the/DT end/NN ] of/IN  [ the/DT month/NN ] ,/,","(S (PRN (S (NP-SBJ (PRP You)) (VP (VBP know))) (, ,)) (EDITED (RM (-DFL- \[)) (S-UNF (NP-SBJ (PRP I)) (ADVP (RB just))) (, ,) (IP (-DFL- \+))) (NP-SBJ-1 (PRP I)) (VP (VBP 'm) (ADVP (RB just)) (RS (-DFL- \])) (ADJP-PRD (JJ shocked) (S (-NONE- *ICH*-3))) (PP-TMP (IN at) (NP (NP (DT the) (NN end)) (PP (IN of) (NP (DT the) (NN month))))) (, ,) (S-3 (NP-SBJ (-NONE- *-1)) (VP (TO to) (VP (VB see) (SBAR (WHNP-2 (WDT what) (NN damage)) (S (NP-SBJ (PRP I)) (VP (VBP have) (VP (^VBN did) (NP (-NONE- *T*-2)))))))))) (, ,) (-DFL- E_S))",80,83.58,86.6
sw02utt/sw_0211_2163.utt,2/sw2163.pos,2163,53,x,B,34,1,<Laughter>.,./.,,,0.0,0.0
sw02utt/sw_0211_2163.utt,2/sw2163,2163,54,+,A,35,1,"to see what damage I have did,  /","to/TO see/VB  [ what/WDT damage/NN ] [ I/PRP ] have/VBP did/^VBN ,/,","(S (PRN (S (NP-SBJ (PRP You)) (VP (VBP know))) (, ,)) (EDITED (RM (-DFL- \[)) (S-UNF (NP-SBJ (PRP I)) (ADVP (RB just))) (, ,) (IP (-DFL- \+))) (NP-SBJ-1 (PRP I)) (VP (VBP 'm) (ADVP (RB just)) (RS (-DFL- \])) (ADJP-PRD (JJ shocked) (S (-NONE- *ICH*-3))) (PP-TMP (IN at) (NP (NP (DT the) (NN end)) (PP (IN of) (NP (DT the) (NN month))))) (, ,) (S-3 (NP-SBJ (-NONE- *-1)) (VP (TO to) (VP (VB see) (SBAR (WHNP-2 (WDT what) (NN damage)) (S (NP-SBJ (PRP I)) (VP (VBP have) (VP (^VBN did) (NP (-NONE- *T*-2)))))))))) (, ,) (-DFL- E_S))",80,87.14,89.04
sw02utt/sw_0211_2163.utt,2/sw2163,2163,55,sd,A,35,2,"{C but } <laughter>,","but/CC ,/,","(S (CC but) (, ,) (NP-SBJ-1 (PRP I)) (VP (VBP try) (S (NP-SBJ (-NONE- *-1)) (VP (TO to) (VP (VB keep) (S (NP-SBJ (PRP it)) (ADJP-PRD (RB pretty) (JJ reasonable))))))) (. .) (-DFL- E_S))",83,89.04,89.10000000000001
sw02utt/sw_0211_2163.utt,2/sw2163,2163,56,b,B,36,1,"Yeah,  /","Yeah/UH ,/,","(INTJ (UH Yeah) (, ,) (-DFL- E_S))",65,88.93,89.25
sw02utt/sw_0211_2163.utt,2/sw2163,2163,57,b^r,B,36,2,yeah. /,yeah/UH ./.,(INTJ (UH yeah) (. .) (-DFL- E_S)),66,89.25,89.59
sw02utt/sw_0211_2163.utt,2/sw2163,2163,58,+,A,37,1,I try to keep it pretty reasonable. /,[ I/PRP ] try/VBP to/TO keep/VB  [ it/PRP ] pretty/RB reasonable/JJ ./.,"(S (CC but) (, ,) (NP-SBJ-1 (PRP I)) (VP (VBP try) (S (NP-SBJ (-NONE- *-1)) (VP (TO to) (VP (VB keep) (S (NP-SBJ (PRP it)) (ADJP-PRD (RB pretty) (JJ reasonable))))))) (. .) (-DFL- E_S))",83,90.8,93.2
sw02utt/sw_0211_2163.utt,2/sw2163,2163,59,sd,B,38,1,"{D Well, } I've been pretty lucky in that respect.  /","Well/UH ,/,  [ I/PRP ] 've/VBP been/VBN pretty/RB lucky/JJ in/IN  [ that/DT respect/NN ] ./.","(S (INTJ (UH Well)) (, ,) (NP-SBJ (PRP I)) (VP (VBP 've) (VP (VBN been) (ADJP-PRD (RB pretty) (JJ lucky)) (PP (IN in) (NP (DT that) (NN respect))))) (. .) (-DFL- E_S))",89,93.03,95.99000000000001
sw02utt/sw_0211_2163.utt,2/sw2163,2163,60,sd,B,38,2,"[ I don't charge, + like I say, I've, [ I + ] been trying [ to, + to ] not charge  ] except for emergencies. /","[ I/PRP ] do/VBP n't/RB charge/VB ,/, like/IN  [ I/PRP ] say/VBP ,/,  [ I/PRP ] 've/VBP ,/,  [ I/PRP ] been/VBN trying/VBG to/TO ,/, to/TO not/RB charge/VB except/IN for/IN  [ emergencies/NNS ] ./.","(S (EDITED (RM (-DFL- \[)) (S (NP-SBJ (PRP I)) (VP (VBP do) (RB n't) (VP-UNF (VB charge)))) (, ,) (IP (-DFL- \+))) (SBAR-ADV (IN like) (S (NP-SBJ (PRP I)) (VP (VBP say)))) (, ,) (NP-SBJ-1 (PRP I)) (VP (VBP 've) (, ,) (EDITED (RM (-DFL- \[)) (NP-SBJ (PRP I)) (IP (-DFL- \+)) (RS (-DFL- \]))) (VP (VBN been) (VP (VBG trying) (S (NP-SBJ (-NONE- *-1)) (EDITED (RM (-DFL- \[)) (VP-UNF (TO to)) (, ,) (IP (-DFL- \+))) (VP (TO to) (RS (-DFL- \])) (RB not) (VP (VB charge) (RS (-DFL- \])) (PP (IN except) (PP (IN for) (NP (NNS emergencies)))))))))) (. .) (-DFL- E_S))",90,95.99,101.25
sw02utt/sw_0211_2163.utt,2/sw2163,2163,61,b,A,39,1,Uh-huh. /,[ Uh-huh/UH ] ./.,(INTJ (UH Uh-huh) (. .) (-DFL- E_S)),92,101.42,101.66
sw02utt/sw_0211_2163.utt,2/sw2163,2163,62,sd,B,40,1,"[ [ {C And, } + {F uh, } {C so, } ] + {C but } ] I haven't really had any bad problems with credit cards.  /","And/CC ,/,  [ uh/UH ] ,/, so/RB ,/, but/CC  [ I/PRP ] have/VBP n't/RB really/RB had/VBN  [ any/DT bad/JJ problems/NNS ] with/IN  [ credit/NN cards/NNS ] ./.","(S (EDITED (RM (-DFL- \[)) (EDITED (RM (-DFL- \[)) (CC And) (, ,) (IP (-DFL- \+))) (INTJ (UH uh)) (, ,) (RB so) (, ,) (RS (-DFL- \])) (IP (-DFL- \+))) (CC but) (RS (-DFL- \])) (NP-SBJ (PRP I)) (VP (VBP have) (RB n't) (ADVP (RB really)) (VP (VBN had) (NP (NP (DT any) (JJ bad) (NNS problems)) (PP (IN with) (NP (NN credit) (NNS cards)))))) (. .) (-DFL- E_S))",94,101.49,105.99
sw02utt/sw_0211_2163.utt,2/sw2163,2163,63,%,B,40,2,"There's, {D you know, } - /","[ There/EX ] 's/BES ,/,  [ you/PRP ] know/VBP ,/,","(S (NP-SBJ (EX There)) (VP-UNF (BES 's) (PRN (, ,) (S (NP-SBJ (PRP you)) (VP (VBP know))))) (, ,) (-DFL- N_S))",95,105.99,106.86999999999999
sw02utt/sw_0211_2163.utt,2/sw2163,2163,64,sv,B,40,3,"they have, {F uh, } wonderful features,  /","[ they/PRP ] have/VBP ,/,  [ uh/UH ] ,/,  [ wonderful/JJ features/NNS ] ,/,","(S (NP-SBJ (PRP they)) (VP (VBP have) (, ,) (INTJ (UH uh)) (, ,) (NP (JJ wonderful) (NNS features))) (, ,) (-DFL- E_S))",96,107.13,109.36999999999999
sw02utt/sw_0211_2163.utt,2/sw2163,2163,65,sv,B,40,4,they're there when you need them.,[ they/PRP ] 're/VBP there/RB when/WRB  [ you/PRP ] need/VBP  [ them/PRP ] ./.,"(S (NP-SBJ (PRP they)) (VP (VBP 're) (ADVP-LOC-PRD (RB there)) (SBAR-TMP (WHADVP-1 (WRB when)) (S (NP-SBJ (PRP you)) (VP (VBP need) (NP (PRP them)) (ADVP-TMP (-NONE- *T*-1)) (PRN (. .) (S (NP-SBJ (PRP You)) (VP (VBP know))) (, ,)) (PP (IN like) (PP (IN in) (NP (NNS emergencies) (, ,) (CC or) (WDT whatever)))))))) (. .) (-DFL- E_S))",97,109.37,110.45
sw02utt/sw_0211_2163.utt,2/sw2163,2163,66,b,A,41,1,"Yeah,  /","Yeah/UH ,/,","(INTJ (UH Yeah) (, ,) (-DFL- E_S))",77,110.62,110.76
sw02utt/sw_0211_2163.utt,2/sw2163,2163,67,b^r,A,41,2,yeah. /,yeah/UH ./.,(INTJ (UH yeah) (. .) (-DFL- E_S)),86,110.76,110.94000000000001
sw02utt/sw_0211_2163.utt,2/sw2163,2163,68,+,B,42,1,"{D You know, } like in emergencies, or whatever. /","[ You/PRP ] know/VBP ,/, like/IN in/IN  [ emergencies/NNS ] ,/, or/CC  [ whatever/WDT ] ./.","(S (NP-SBJ (PRP they)) (VP (VBP 're) (ADVP-LOC-PRD (RB there)) (SBAR-TMP (WHADVP-1 (WRB when)) (S (NP-SBJ (PRP you)) (VP (VBP need) (NP (PRP them)) (ADVP-TMP (-NONE- *T*-1)) (PRN (. .) (S (NP-SBJ (PRP You)) (VP (VBP know))) (, ,)) (PP (IN like) (PP (IN in) (NP (NNS emergencies) (, ,) (CC or) (WDT whatever)))))))) (. .) (-DFL- E_S))",97,110.77,113.36999999999999
sw02utt/sw_0211_2163.utt,2/sw2163,2163,69,sv,A,43,1,"{C And then } they have bad drawbacks, too.","And/CC then/RB  [ they/PRP ] have/VBP  [ bad/JJ drawbacks/NNS ] ,/, too/RB ./.","(S (CONJP (CC And) (RB then)) (NP-SBJ (PRP they)) (VP (VBP have) (NP (JJ bad) (NNS drawbacks)) (, ,) (ADVP (RB too)) (PRN (. .) (S (NP-SBJ (PRP I)) (VP (VBP mean)))) (NP-TPC (JJ high) (NN interest))) (, ,) (-DFL- E_S))",103,113.68,115.4
sw02utt/sw_0211_2163.utt,2/sw2163,2163,70,aa,B,44,1,Yeah.  /,Yeah/UH ./.,(INTJ (UH Yeah) (. .) (-DFL- E_S)),105,115.23,115.39
sw02utt/sw_0211_2163.utt,2/sw2163,2163,71,sv,B,44,2,"[ It's, + # it's ] awfully easy. # /","[ It/PRP ] 's/BES ,/,  [ it/PRP ] 's/BES awfully/RB easy/JJ ./.","(S (EDITED (RM (-DFL- \[)) (S (NP-SBJ (PRP It)) (VP-UNF (BES 's))) (, ,) (IP (-DFL- \+))) (NP-SBJ (PRP it)) (VP (BES 's) (RS (-DFL- \])) (ADJP-PRD (RB awfully) (JJ easy))) (. .) (-DFL- E_S))",106,0.0,0.0
sw02utt/sw_0211_2163.utt,2/sw2163,2163,72,+,A,45,1,"# {E I mean } high interest, #  /","[ I/PRP ] mean/VBP  [ high/JJ interest/NN ] ,/,","(S (CONJP (CC And) (RB then)) (NP-SBJ (PRP they)) (VP (VBP have) (NP (JJ bad) (NNS drawbacks)) (, ,) (ADVP (RB too)) (PRN (. .) (S (NP-SBJ (PRP I)) (VP (VBP mean)))) (NP-TPC (JJ high) (NN interest))) (, ,) (-DFL- E_S))",103,116.18,118.3
sw02utt/sw_0211_2163.utt,2/sw2163,2163,73,sd,A,45,2,it's like paying twice. /,[ it/PRP ] 's/BES like/IN paying/VBG twice/RB ./.,(S (NP-SBJ (PRP it)) (VP (BES 's) (PP-PRD (IN like) (S-NOM (NP-SBJ (-NONE- *)) (VP (VBG paying) (ADVP-TMP (RB twice)))))) (. .) (-DFL- E_S)),108,118.3,119.8
sw02utt/sw_0211_2163.utt,2/sw2163,2163,74,ba,B,46,1,"That's true,  /","[ That/DT ] 's/BES true/JJ ,/,","(S (NP-SBJ (DT That)) (VP (BES 's) (ADJP-PRD (JJ true))) (, ,) (-DFL- E_S))",110,119.63,119.92999999999999
sw02utt/sw_0211_2163.utt,2/sw2163,2163,75,ba^r,B,46,2,"that's true, /","[ that/DT ] 's/BES true/JJ ,/,","(S (NP-SBJ (DT that)) (VP (BES 's) (ADJP-PRD (JJ true))) (, ,) (-DFL- E_S))",111,120.11,120.93
sw02utt/sw_0211_2163.utt,2/sw2163,2163,76,b,A,47,1,"Yes,  /","Yes/UH ,/,","(INTJ (UH Yes) (, ,) (-DFL- E_S))",113,124.11,124.37
sw02utt/sw_0211_2163.utt,2/sw2163,2163,77,%,A,47,2,"{C so, } ((   )) . -/","so/RB ,/,  [ MUMBLEx/XX ] ./.","(S-UNF (RB so) (, ,) (X (XX MUMBLEx)) (. .) (-DFL- N_S))",114,124.61,124.77
sw02utt/sw_0211_2163.utt,2/sw2163,2163,78,%,B,48,1,"I try to, - /","[ I/PRP ] try/VBP to/TO ,/,","(S (NP-SBJ-1 (PRP I)) (VP (VBP try) (S (NP-SBJ (-NONE- *-1)) (VP-UNF (TO to)))) (, ,) (-DFL- N_S))",116,124.61,125.01
sw02utt/sw_0211_2163.utt,2/sw2163,2163,79,sd,B,48,2,"I did switch to one, {F uh, } sponsored by the credit union, though. That seems to be a pretty low interest.","[ I/PRP ] did/VBD  [ switch/VB ] to/IN  [ one/CD ] ,/,  [ uh/UH ] ,/, sponsored/VBN by/IN  [ the/DT credit/NN union/NN ] ,/, though/RB ./.  [ That/DT ] seems/VBZ to/TO be/VB  [ a/DT pretty/RB low/JJ interest/NN ] ./.","(S (NP-SBJ (PRP I)) (VP (VBD did) (VP (VB switch) (PP (IN to) (NP (NP (CD one)) (, ,) (INTJ (UH uh)) (, ,) (VP (VBN sponsored) (NP (-NONE- *)) (PP (IN by) (NP-LGS (DT the) (NN credit) (NN union)))))) (, ,) (ADVP (RB though)))) (. .))|||(S (NP-SBJ-1 (DT That)) (VP (VBZ seems) (S (NP-SBJ (-NONE- *-1)) (VP (TO to) (VP (VB be) (NP-PRD (DT a) (ADJP (RB pretty) (JJ low)) (NN interest)))))) (. .))",117|||118,125.07,131.43
sw02utt/sw_0211_2163.utt,2/sw2163,2163,80,b,A,49,1,"{F Oh, } uh-huh. /","Oh/UH ,/,  [ uh-huh/UH ] ./.","(INTJ (INTJ (UH Oh)) (, ,) (INTJ (UH uh-huh)) (. .) (-DFL- E_S))",122,131.73,132.25
sw02utt/sw_0211_2163.utt,2/sw2163,2163,81,+,B,50,1,"{D Yeah, }  compared to some of the other ones. /","Yeah/UH ,/, compared/VBN to/IN  [ some/DT ] of/IN  [ the/DT other/JJ ones/NNS ] ./.","(INTJ (UH Yeah) (, ,))|||(PP (VBN compared) (PP (IN to) (NP (NP (DT some)) (PP (IN of) (NP (DT the) (JJ other) (NNS ones))))) (. .) (-DFL- E_S))",119|||120,132.09,134.70999999999998
sw02utt/sw_0211_2163.utt,2/sw2163,2163,82,b,A,51,1,"Yeah,  /","Yeah/UH ,/,","(INTJ (UH Yeah) (, ,) (-DFL- E_S))",99,134.99,135.13
sw02utt/sw_0211_2163.utt,2/sw2163,2163,83,b^r,A,51,2,yeah. /,yeah/UH ./.,(INTJ (UH yeah) (. .) (-DFL- E_S)),100,135.13,135.32999999999998
sw02utt/sw_0211_2163.utt,2/sw2163,2163,84,sd,B,52,1,"{C And } you don't have an annual fee there,  /","And/CC  [ you/PRP ] do/VBP n't/RB have/VB  [ an/DT annual/JJ fee/NN ] there/RB ,/,","(S (CC And) (NP-SBJ (PRP you)) (VP (VBP do) (RB n't) (VP (VB have) (NP (DT an) (JJ annual) (NN fee)) (ADVP (RB there)))) (, ,) (-DFL- E_S))",128,135.17,136.85000000000002
sw02utt/sw_0211_2163.utt,2/sw2163,2163,85,sd,B,52,2,{C and } that helps. /,and/CC  [ that/DT ] helps/VBZ ./.,(S (CC and) (NP-SBJ (DT that)) (VP (VBZ helps)) (. .) (-DFL- E_S)),129,136.85,137.61
sw02utt/sw_0211_2163.utt,2/sw2163,2163,86,aa,A,53,1,"{F Oh, } yes.  /","Oh/UH ,/, yes/UH ./.","(INTJ (INTJ (UH Oh)) (, ,) (INTJ (UH yes)) (. .) (-DFL- E_S))",131,137.77,138.65
sw02utt/sw_0211_2163.utt,2/sw2163,2163,87,sd,A,53,2,"{F Uh, } we used to have, {D you know, } {D like } several,  /","[ Uh/UH ] ,/,  [ we/PRP ] used/VBD to/TO have/VB ,/,  [ you/PRP ] know/VBP ,/, like/UH  [ several/JJ ] ,/,","(S (INTJ (UH Uh)) (, ,) (NP-SBJ-1 (PRP we)) (VP (VBD used) (S (NP-SBJ (-NONE- *-1)) (VP (TO to) (VP (VB have) (PRN (, ,) (S (NP-SBJ (PRP you)) (VP (VBP know))) (, ,)) (INTJ (UH like)) (NP (JJ several)))))) (, ,) (-DFL- E_S))",132,139.03,141.97
sw02utt/sw_0211_2163.utt,2/sw2163,2163,88,sd,A,53,3,"{C but } right now, we're just more or less at American Express,","but/CC right/RB now/RB ,/,  [ we/PRP ] 're/VBP just/RB more/RBR or/CC  [ less/RBR ] at/IN  [ American/NNP Express/NNP ] ,/,","(S (CC but) (ADVP-TMP (RB right) (RB now)) (, ,) (NP-SBJ (PRP we)) (VP (VBP 're) (ADVP (RB just)) (ADVP (RBR more) (CC or) (RBR less)) (PP-PRD (IN at) (NP (NNP American) (NNP Express))) (PRN (, ,) (S (NP-SBJ (PRP you)) (VP (VBP know))))) (, ,) (-DFL- E_S))",133,141.99,145.95
sw02utt/sw_0211_2163.utt,2/sw2163,2163,89,b,B,54,1,Uh-huh. /,[ Uh-huh/UH ] ./.,(INTJ (UH Uh-huh) (. .) (-DFL- E_S)),135,145.79,146.26999999999998
sw02utt/sw_0211_2163.utt,2/sw2163,2163,90,+,A,55,1,"{D you know, }  /","[ you/PRP ] know/VBP ,/,","(S (INTJ (UH Uh)) (, ,) (NP-SBJ-1 (PRP we)) (VP (VBD used) (S (NP-SBJ (-NONE- *-1)) (VP (TO to) (VP (VB have) (PRN (, ,) (S (NP-SBJ (PRP you)) (VP (VBP know))) (, ,)) (INTJ (UH like)) (NP (JJ several)))))) (, ,) (-DFL- E_S))",132,147.09,147.35
sw02utt/sw_0211_2163.utt,2/sw2163,2163,91,sd,A,55,2,{C and } that way we can go ahead and pay it off when it comes in. /,and/CC  [ that/DT way/NN ] [ we/PRP ] can/MD go/VB ahead/RB and/CC pay/VB  [ it/PRP ] off/RP when/WRB  [ it/PRP ] comes/VBZ in/RB ./.,(S (CC and) (NP-MNR (DT that) (NN way)) (NP-SBJ (PRP we)) (VP (MD can) (VP (VP (VB go) (ADVP (RB ahead))) (CC and) (VP (VB pay) (NP (PRP it)) (PRT (RP off)) (SBAR-TMP (WHADVP-1 (WRB when)) (S (NP-SBJ (PRP it)) (VP (VBZ comes) (PRT (RB in)) (ADVP-TMP (-NONE- *T*-1)))))))) (. .) (-DFL- E_S)),137,147.35,150.95
sw02utt/sw_0211_2163.utt,2/sw2163,2163,92,b,B,56,1,"Yeah,  /","Yeah/UH ,/,","(INTJ (UH Yeah) (, ,))",119,150.8,151.12
sw02utt/sw_0211_2163.utt,2/sw2163,2163,93,sd,B,56,2,"that's one way to do it, because [ that, + that ] forces you to pay for it --","that/DT  [ 's/BES one/CD way/NN ] to/TO do/VB  [ it/PRP ] ,/, because/IN  [ that/DT ] ,/,  [ that/WDT ] forces/VBZ  [ you/PRP ] to/TO pay/VB for/IN  [ it/PRP ] --/:","(S (NP-SBJ (DT that)) (VP (BES 's) (NP-PRD (NP (CD one) (NN way)) (SBAR (WHADVP-1 (-NONE- 0)) (S (NP-SBJ (-NONE- *)) (VP (TO to) (VP (VB do) (NP (PRP it)) (ADVP-MNR (-NONE- *T*-1))))))) (, ,) (SBAR-PRP (IN because) (S (EDITED (RM (-DFL- \[)) (NP-SBJ (DT that)) (, ,) (IP (-DFL- \+))) (NP-SBJ (WDT that)) (RS (-DFL- \])) (VP (VBZ forces) (S (NP-SBJ-2 (PRP you)) (VP (TO to) (VP (VB pay) (PP (IN for) (NP (PRP it))) (PP (IN instead) (IN of) (S-NOM (NP-SBJ (-NONE- *-2)) (VP (VBG saying) (, ,) (S-SEZ (INTJ (UH well)) (, ,) (NP-SBJ (PRP I)) (VP (MD 'll) (ADVP (RB just)) (VP (VB pay) (PP (IN on) (NP (PRP it))) (NP-TMP (DT this) (NN month))))))))))))))) (-DFL- E_S))",140,151.5,154.51999999999998
sw02utt/sw_0211_2163.utt,2/sw2163,2163,94,b,A,57,1,Yeah. /,Yeah/UH ./.,(INTJ (UH Yeah) (. .) (-DFL- E_S)),142,154.69,155.10999999999999
sw02utt/sw_0211_2163.utt,2/sw2163,2163,95,+,B,58,1,"-- instead of saying, {D well, } I'll just --","--/: instead/IN of/IN saying/VBG ,/, well/UH ,/,  [ I/PRP ] 'll/MD just/RB --/:","(S (NP-SBJ (DT that)) (VP (BES 's) (NP-PRD (NP (CD one) (NN way)) (SBAR (WHADVP-1 (-NONE- 0)) (S (NP-SBJ (-NONE- *)) (VP (TO to) (VP (VB do) (NP (PRP it)) (ADVP-MNR (-NONE- *T*-1))))))) (, ,) (SBAR-PRP (IN because) (S (EDITED (RM (-DFL- \[)) (NP-SBJ (DT that)) (, ,) (IP (-DFL- \+))) (NP-SBJ (WDT that)) (RS (-DFL- \])) (VP (VBZ forces) (S (NP-SBJ-2 (PRP you)) (VP (TO to) (VP (VB pay) (PP (IN for) (NP (PRP it))) (PP (IN instead) (IN of) (S-NOM (NP-SBJ (-NONE- *-2)) (VP (VBG saying) (, ,) (S-SEZ (INTJ (UH well)) (, ,) (NP-SBJ (PRP I)) (VP (MD 'll) (ADVP (RB just)) (VP (VB pay) (PP (IN on) (NP (PRP it))) (NP-TMP (DT this) (NN month))))))))))))))) (-DFL- E_S))",140,154.94,156.62
sw02utt/sw_0211_2163.utt,2/sw2163,2163,96,^2,A,59,1,"Pay fifteen,  /","[ Pay/VB fifteen/CD ] ,/,","(S (NP-SBJ (-NONE- *)) (VP (VB Pay) (NP (CD fifteen))) (, ,) (-DFL- E_S))",145,156.79,157.33
sw02utt/sw_0211_2163.utt,2/sw2163,2163,97,b,A,59,2,yeah. /,yeah/UH ./.,(INTJ (UH yeah) (. .) (-DFL- E_S)),126,157.33,157.63000000000002
sw02utt/sw_0211_2163.utt,2/sw2163,2163,98,+,B,60,1,-- pay on it this month  /,--/: pay/VB on/IN  [ it/PRP ] [ this/DT month/NN ],"(S (NP-SBJ (DT that)) (VP (BES 's) (NP-PRD (NP (CD one) (NN way)) (SBAR (WHADVP-1 (-NONE- 0)) (S (NP-SBJ (-NONE- *)) (VP (TO to) (VP (VB do) (NP (PRP it)) (ADVP-MNR (-NONE- *T*-1))))))) (, ,) (SBAR-PRP (IN because) (S (EDITED (RM (-DFL- \[)) (NP-SBJ (DT that)) (, ,) (IP (-DFL- \+))) (NP-SBJ (WDT that)) (RS (-DFL- \])) (VP (VBZ forces) (S (NP-SBJ-2 (PRP you)) (VP (TO to) (VP (VB pay) (PP (IN for) (NP (PRP it))) (PP (IN instead) (IN of) (S-NOM (NP-SBJ (-NONE- *-2)) (VP (VBG saying) (, ,) (S-SEZ (INTJ (UH well)) (, ,) (NP-SBJ (PRP I)) (VP (MD 'll) (ADVP (RB just)) (VP (VB pay) (PP (IN on) (NP (PRP it))) (NP-TMP (DT this) (NN month))))))))))))))) (-DFL- E_S))",140,157.96,158.8
sw02utt/sw_0211_2163.utt,2/sw2163,2163,99,%,B,60,2,"{C and } <laughter>, -/","and/CC ,/,","(S-UNF (CC and) (, ,) (-DFL- N_S))",148,158.8,158.84
sw02utt/sw_0211_2163.utt,2/sw2163,2163,100,aa,A,61,1,"Yes,  /","Yes/UH ,/,","(INTJ (UH Yes) (, ,) (-DFL- E_S))",150,159.01,159.07
sw02utt/sw_0211_2163.utt,2/sw2163,2163,101,sd,A,61,2,"I know,  /","[ I/PRP ] know/VBP ,/,","(S (NP-SBJ (PRP I)) (VP (VBP know)) (, ,) (-DFL- E_S))",151,159.07,159.59
sw02utt/sw_0211_2163.utt,2/sw2163,2163,102,b,A,61,3,yeah. /,yeah/UH ./.,(INTJ (UH yeah) (. .) (-DFL- E_S)),126,159.59,159.67000000000002
sw02utt/sw_0211_2163.utt,2/sw2163,2163,103,b,B,62,1,Yeah. /,Yeah/UH ./.,(INTJ (UH Yeah) (. .) (-DFL- E_S)),142,159.5,159.74
sw02utt/sw_0211_2163.utt,2/sw2163,2163,104,sv,A,63,1,{C And } when you pay fifteen dollars a month it sure takes a long time. /,And/CC when/WRB  [ you/PRP ] pay/VBP  [ fifteen/CD dollars/NNS ] [ a/DT month/NN ] [ it/PRP ] sure/RB takes/VBZ  [ a/DT long/JJ time/NN ] ./.,(S (CC And) (SBAR-TMP (WHADVP-1 (WRB when)) (S (NP-SBJ (PRP you)) (VP (VBP pay) (NP (NP (CD fifteen) (NNS dollars)) (NP-ADV (DT a) (NN month))) (ADVP-TMP (-NONE- *T*-1))))) (NP-SBJ (PRP it)) (ADVP (RB sure)) (VP (VBZ takes) (NP (DT a) (JJ long) (NN time))) (. .) (-DFL- E_S)),156,160.31,164.41
sw02utt/sw_0211_2163.utt,2/sw2163,2163,105,b^m,B,64,1,"Takes a long time,  /","Takes/VBZ  [ a/DT long/JJ time/NN ] ,/,","(S (NP-SBJ (-NONE- *)) (VP (VBZ Takes) (NP (DT a) (JJ long) (NN time))) (, ,) (-DFL- E_S))",158,164.48,165.22
sw02utt/sw_0211_2163.utt,2/sw2163,2163,106,ba,B,64,2,that's right. /,[ that/DT ] 's/BES right/JJ ./.,(S (NP-SBJ (DT that)) (VP (BES 's) (ADJP-PRD (JJ right))) (. .) (-DFL- E_S)),159,165.22,165.48
sw02utt/sw_0211_2163.utt,2/sw2163,2163,107,ba,A,65,1,It sure does. /,[ It/PRP ] sure/RB does/VBZ ./.,(S (NP-SBJ (PRP It)) (ADVP (RB sure)) (VP (VBZ does)) (. .) (-DFL- E_S)),161,165.65,166.15
sw02utt/sw_0211_2163.utt,2/sw2163,2163,108,sv,B,66,1,"{C And } now without the benefits of being able to deduct interest [ off, + off ] your income tax --","And/CC now/RB without/IN  [ the/DT benefits/NNS ] of/IN being/VBG  [ able/JJ ] to/TO deduct/VB  [ interest/NN ] off/IN ,/, off/IN  [ your/PRP$ income/NN tax/NN ] --/:","(S (CC And) (ADVP-TMP (RB now)) (PP (IN without) (NP (NP (DT the) (NNS benefits)) (PP (IN of) (S-NOM (NP-SBJ-1 (-NONE- *)) (VP (VBG being) (ADJP-PRD (JJ able) (S (NP-SBJ (-NONE- *-1)) (VP (TO to) (VP (VB deduct) (NP (NN interest)) (EDITED (RM (-DFL- \[)) (PP-UNF (IN off)) (, ,) (IP (-DFL- \+))) (PP (IN off) (RS (-DFL- \])) (NP (PRP$ your) (NN income) (NN tax)))))))))))) (NP-SBJ (DT that)) (VP-UNF (BES 's) (PRN (, ,) (S (NP-SBJ (PRP you)) (VP (VBP know))))) (. .) (-DFL- N_S))",163,166.08,170.68
sw02utt/sw_0211_2163.utt,2/sw2163,2163,109,b,A,67,1,Uh-huh. /,[ Uh-huh/UH ] ./.,(INTJ (UH Uh-huh) (. .) (-DFL- E_S)),165,170.85,171.21
sw02utt/sw_0211_2163.utt,2/sw2163,2163,110,+,B,68,1,"-- that's, {D you know. } - /","--/:  [ that/DT ] 's/BES ,/,  [ you/PRP ] know/VBP ./.","(S (CC And) (ADVP-TMP (RB now)) (PP (IN without) (NP (NP (DT the) (NNS benefits)) (PP (IN of) (S-NOM (NP-SBJ-1 (-NONE- *)) (VP (VBG being) (ADJP-PRD (JJ able) (S (NP-SBJ (-NONE- *-1)) (VP (TO to) (VP (VB deduct) (NP (NN interest)) (EDITED (RM (-DFL- \[)) (PP-UNF (IN off)) (, ,) (IP (-DFL- \+))) (PP (IN off) (RS (-DFL- \])) (NP (PRP$ your) (NN income) (NN tax)))))))))))) (NP-SBJ (DT that)) (VP-UNF (BES 's) (PRN (, ,) (S (NP-SBJ (PRP you)) (VP (VBP know))))) (. .) (-DFL- N_S))",163,171.04,172.68
sw02utt/sw_0211_2163.utt,2/sw2163,2163,111,sd,B,68,2,"Of course it's been going down for a number of years,  /","Of/IN  [ course/NN ] [ it/PRP ] 's/HVS been/VBN going/VBG down/RB for/IN  [ a/DT number/NN ] of/IN  [ years/NNS ] ,/,","(S (PP (IN Of) (NP (NN course))) (NP-SBJ (PRP it)) (VP (HVS 's) (VP (VBN been) (VP (VBG going) (PRT (RB down)) (PP-TMP (IN for) (NP (NP (DT a) (NN number)) (PP (IN of) (NP (NNS years)))))))) (, ,) (-DFL- E_S))",167,172.68,174.72000000000003
sw02utt/sw_0211_2163.utt,2/sw2163,2163,112,sd,B,68,3,{C but } this is the last year you can take anything.  /,but/CC  [ this/DT ] is/VBZ  [ the/DT last/JJ year/NN ] [ you/PRP ] can/MD take/VB  [ anything/NN ] ./.,(S (CC but) (NP-SBJ (DT this)) (VP (VBZ is) (NP-PRD (NP (DT the) (JJ last) (NN year)) (SBAR (WHADVP-1 (-NONE- 0)) (S (NP-SBJ (PRP you)) (VP (MD can) (VP (VB take) (NP (NN anything)) (ADVP-TMP (-NONE- *T*-1)))))))) (. .) (-DFL- E_S)),168,174.72,176.44
sw02utt/sw_0211_2163.utt,2/sw2163,2163,113,%,B,68,4,{C So. } -/,So/UH ./.,(S-UNF (RB So) (. .) (-DFL- N_S)),169,176.68,176.82
sw02utt/sw_0211_2163.utt,2/sw2163,2163,114,b,A,69,1,"Uh-huh,  /","[ Uh-huh/UH ] ,/,","(INTJ (UH Uh-huh) (, ,) (-DFL- E_S))",171,176.99,177.19
sw02utt/sw_0211_2163.utt,2/sw2163,2163,115,b,A,69,2,yeah. /,yeah/UH ./.,(INTJ (UH yeah) (. .) (-DFL- E_S)),146,179.27,179.45000000000002
sw02utt/sw_0211_2163.utt,2/sw2163,2163,116,%,B,70,1,{D So. } -/,So/UH ./.,(S-UNF (RB So) (. .) (-DFL- N_S)),169,179.28,179.44
sw02utt/sw_0211_2163.utt,2/sw2163,2163,117,fc,A,71,1,"{D Well, } I've enjoyed talking to you. /","Well/UH ,/,  [ I/PRP ] 've/VBP enjoyed/VBN talking/VBG to/IN  [ you/PRP ] ./.","(S (INTJ (UH Well)) (, ,) (NP-SBJ-1 (PRP I)) (VP (VBP 've) (VP (VBN enjoyed) (S (NP-SBJ (-NONE- *-1)) (VP (VBG talking) (PP (IN to) (NP (PRP you))))))) (. .) (-DFL- E_S))",176,179.61,181.57
sw02utt/sw_0211_2163.utt,2/sw2163,2163,118,fc^m,B,72,1,"{D Well, } I've enjoyed talking to you. /","Well/UH ,/,  [ I/PRP ] 've/VBP enjoyed/VBN talking/VBG to/IN  [ you/PRP ] ./.","(S (INTJ (UH Well)) (, ,) (NP-SBJ-1 (PRP I)) (VP (VBP 've) (VP (VBN enjoyed) (S (NP-SBJ (-NONE- *-1)) (VP (VBG talking) (PP (IN to) (NP (PRP you))))))) (. .) (-DFL- E_S))",176,181.4,183.16
sw02utt/sw_0211_2163.utt,2/sw2163,2163,119,fc,A,73,1,{C And } maybe we'll get to talk again. /,And/CC maybe/RB  [ we/PRP ] 'll/MD get/VB to/TO talk/VB again/RB ./.,(S (CC And) (ADVP (RB maybe)) (NP-SBJ-1 (PRP we)) (VP (MD 'll) (VP (VB get) (S (NP-SBJ (-NONE- *-1)) (VP (TO to) (VP (VB talk) (ADVP (RB again))))))) (. .) (-DFL- E_S)),180,183.56,185.24
sw02utt/sw_0211_2163.utt,2/sw2163,2163,120,fc,B,74,1,Okay. /,Okay/UH ./.,(INTJ (UH Okay) (. .) (-DFL- E_S)),182,185.2,185.42
sw02utt/sw_0211_2163.utt,2/sw2163,2163,121,fc^m,A,75,1,"Okay,  /","[ Okay/UH ] ,/,","(INTJ (UH Okay) (, ,) (-DFL- E_S))",184,185.58,186.10000000000002
sw02utt/sw_0211_2163.utt,2/sw2163,2163,122,fc,A,75,2,bye-bye. /,[ bye-bye/UH ] ./.,(INTJ (UH bye-bye) (. .) (-DFL- E_S)),185,186.1,186.62
sw02utt/sw_0211_2163.utt,2/sw2163,2163,123,fc^m,B,76,1,Bye-bye. /,[ Bye-bye/UH ] ./.,(INTJ (UH Bye-bye) (. .) (-DFL- E_S)),187,186.62,186.94
