swda_filename,ptb_basename,conversation_no,transcript_index,act_tag,caller,utterance_index,subutterance_index,text,pos,trees,ptb_treenumbers,start_ts,end_ts
sw01utt/sw_0144_2399.utt,2/sw2399,2399,0,o,A,1,1,"Okay, {F um, }  /","Okay/UH ,/, um/UH ,/,","(INTJ (INTJ (UH Okay)) (, ,) (INTJ (UH um)) (, ,) (-DFL- E_S))",1,1.08,2.5
sw01utt/sw_0144_2399.utt,2/sw2399,2399,1,^h,A,1,2,let's see.  /,let/VB  [ 's/PRP ] see/VB ./.,(S-IMP (NP-SBJ (-NONE- *)) (VP (VB let) (S (NP-SBJ (PRP 's)) (VP (VB see)))) (. .) (-DFL- E_S)),2,2.76,3.46
sw01utt/sw_0144_2399.utt,2/sw2399,2399,2,qo,A,1,3,How do you feel about credit cards? /,How/WRB do/VBP  [ you/PRP ] feel/VB about/IN  [ credit/NN cards/NNS ] ?/.,(SBARQ (WHADVP-1 (WRB How)) (SQ (VBP do) (NP-SBJ (PRP you)) (VP (VB feel) (ADVP-MNR (-NONE- *T*-1)) (PP (IN about) (NP (NN credit) (NNS cards))))) (. ?) (-DFL- E_S)),3,3.68,5.38
sw01utt/sw_0144_2399.utt,2/sw2399,2399,3,sd,B,2,1,"<Laughter> Personally, I do not care for them.    {F Uh, } although I find them a necessity in business and so forth,  /","Personally/RB ,/,  [ I/PRP ] do/VBP not/RB care/VB for/IN  [ them/PRP ] ./.  [ Uh/UH ] ,/, although/IN  [ I/PRP ] find/VBP  [ them/PRP ] [ a/DT necessity/NN ] in/IN  [ business/NN ] and/CC so/RB forth/RB ,/,","(S (ADVP (RB Personally)) (, ,) (NP-SBJ (PRP I)) (VP (VBP do) (RB not) (VP (VB care) (PP (IN for) (NP (PRP them))) (. .) (INTJ (UH Uh)) (, ,) (SBAR-ADV (IN although) (S (NP-SBJ (PRP I)) (VP (VBP find) (S (NP-SBJ (PRP them)) (NP-PRD (DT a) (NN necessity))) (PP-LOC (IN in) (NP (NP (NN business)) (CC and) (ADVP-ETC (RB so) (RB forth))))))))) (, ,) (-DFL- E_S))",5,5.34,12.680000000000001
sw01utt/sw_0144_2399.utt,2/sw2399,2399,4,sd,B,2,2,"[ I, + I ]  try to refrain from their use as much as possible. {F Um, } for a number of reasons,  one of which is the, {D you know, } extreme interest rate on most of them. /","[ I/PRP ] ,/,  [ I/PRP ] try/VBP to/TO refrain/VB from/IN  [ their/PRP$ use/NN ] as/RB much/RB as/IN  [ possible/JJ ] ./.  Um/UH ,/, for/IN  [ a/DT number/NN ] of/IN  [ reasons/NNS ] ,/,  [ one/CD ] of/IN  [ which/WDT ] is/VBZ  [ the/DT ] ,/,  [ you/PRP ] know/VBP ,/,  [ extreme/JJ interest/NN rate/NN ] on/IN  [ most/JJS ] of/IN  [ them/PRP ] ./.","(S (EDITED (RM (-DFL- \[)) (NP-SBJ (PRP I)) (, ,) (IP (-DFL- \+))) (NP-SBJ-1 (PRP I)) (RS (-DFL- \])) (VP (VBP try) (S (NP-SBJ (-NONE- *-1)) (VP (TO to) (VP (VB refrain) (PP (IN from) (NP (PRP$ their) (NN use))) (ADVP (ADVP (RB as) (RB much)) (PP (IN as) (ADJP (JJ possible)))) (. .) (INTJ (UH Um)) (, ,) (PP-PRP (IN for) (NP (NP (DT a) (NN number)) (PP (IN of) (NP (NNS reasons))) (, ,) (SBAR (WHNP-2 (NP (CD one)) (WHPP (IN of) (WHNP (WDT which)))) (S (NP-SBJ (-NONE- *T*-2)) (VP (VBZ is) (NP-PRD (NP (DT the) (PRN (, ,) (S (NP-SBJ (PRP you)) (VP (VBP know))) (, ,)) (JJ extreme) (NN interest) (NN rate)) (PP (IN on) (NP (NP (JJS most)) (PP (IN of) (NP (PRP them))))))))))))))) (. .) (-DFL- E_S))",6,12.68,23.43
sw01utt/sw_0144_2399.utt,2/sw2399,2399,5,b,A,3,1,Uh-huh. /,[ Uh-huh/UH ] ./.,(INTJ (UH Uh-huh) (. .) (-DFL- E_S)),8,24.83,25.009999999999998
sw01utt/sw_0144_2399.utt,2/sw2399,2399,6,sd,B,4,1,"The one I use, {F uh, } of course,  [ for + mostly, only for ] business purposes is, {F uh, } {D you know, } American Express. /","[ The/DT one/NN ] [ I/PRP ] use/VBP ,/,  [ uh/UH ] ,/, of/IN  [ course/NN ] ,/, for/IN mostly/RB ,/, only/RB for/IN  [ business/NN purposes/NNS ] is/VBZ ,/,  [ uh/UH ] ,/,  [ you/PRP ] know/VBP ,/,  [ American/NNP Express/NNP ] ./.","(S (NP-SBJ (NP (DT The) (NN one)) (SBAR (WHNP-1 (-NONE- 0)) (S (NP-SBJ (PRP I)) (VP (VBP use) (NP (-NONE- *T*-1)) (, ,) (INTJ (UH uh)) (, ,) (PP (IN of) (NP (NN course))) (, ,) (EDITED (RM (-DFL- \[)) (PP-UNF (IN for)) (IP (-DFL- \+))) (ADVP (RB mostly)) (, ,) (ADVP (RB only)) (PP (IN for) (RS (-DFL- \])) (NP (NN business) (NNS purposes))))))) (VP (VBZ is) (, ,) (INTJ (UH uh)) (PRN (, ,) (S (NP-SBJ (PRP you)) (VP (VBP know))) (, ,)) (NP-PRD (NNP American) (NNP Express))) (. .) (-DFL- E_S))",10,24.87,32.53
sw01utt/sw_0144_2399.utt,2/sw2399,2399,7,b,A,5,1,Right. /,[ Right/UH ] ./.,(INTJ (UH Right) (. .) (-DFL- E_S)),12,32.67,33.050000000000004
sw01utt/sw_0144_2399.utt,2/sw2399,2399,8,sd,B,6,1,"{C And, }  {F uh, } <breathing>  [ I'm not + <breathing> I'm not ] terribly in favor of them.  /","And/CC ,/,  [ uh/UH ] ,/,  [ I/PRP ] 'm/VBP not/RB  [ I/PRP ] 'm/VBP not/RB terribly/RB in/IN  [ favor/NN ] of/IN  [ them/PRP ] ./.","(S (CC And) (, ,) (INTJ (UH uh)) (, ,) (EDITED (RM (-DFL- \[)) (S (NP-SBJ (PRP I)) (VP-UNF (VBP 'm) (RB not))) (IP (-DFL- \+))) (NP-SBJ (PRP I)) (VP (VBP 'm) (RB not) (RS (-DFL- \])) (ADVP (RB terribly)) (PP-PRD (IN in) (NP (NP (NN favor)) (PP (IN of) (NP (PRP them)))))) (. .) (-DFL- E_S))",14,33.93,39.43
sw01utt/sw_0144_2399.utt,2/sw2399,2399,9,sd,B,6,2,"Not for my own personal, {F uh, } point of view. /","Not/RB for/IN  [ my/PRP$ own/JJ personal/NN ] ,/,  [ uh/UH ] ,/,  [ point/NN ] of/IN  [ view/NN ] ./.","(FRAG (RB Not) (PP (IN for) (NP (NP (PRP$ my) (JJ own) (NN personal) (, ,) (INTJ (UH uh)) (, ,) (NN point)) (PP (IN of) (NP (NN view))))) (. .) (-DFL- E_S))",15,39.73,42.47
sw01utt/sw_0144_2399.utt,2/sw2399,2399,10,b,A,7,1,Right. /,[ Right/UH ] ./.,(INTJ (UH Right) (. .) (-DFL- E_S)),12,43.06,43.5
sw01utt/sw_0144_2399.utt,2/sw2399,2399,11,sd,B,8,1,"Plus [ it, {F uh, } has, + {D you know, }  from an economic point of view it has ] increased our debt --","Plus/IN  [ it/PRP ] ,/,  [ uh/UH ] ,/, has/VBZ ,/,  [ you/PRP ] know/VBP ,/, from/IN  [ an/DT economic/JJ point/NN ] of/IN  [ view/NN ] [ it/PRP ] has/VBZ increased/VBN  [ our/PRP$ debt/NN ] --/:","(S (IN Plus) (S-TPC-1 (EDITED (RM (-DFL- \[)) (S (NP-SBJ (PRP it)) (, ,) (INTJ (UH uh)) (, ,) (VP-UNF (VBZ has))) (, ,) (IP (-DFL- \+))) (PRN (S (NP-SBJ (PRP you)) (VP (VBP know))) (, ,)) (PP (IN from) (NP (NP (DT an) (JJ economic) (NN point)) (PP (IN of) (NP (NN view))))) (NP-SBJ (PRP it)) (VP (VBZ has) (RS (-DFL- \])) (VP (VBN increased) (NP (PRP$ our) (NN debt)) (ADVP (RB tremendously)) (PP (IN to) (NP (NP (DT the) (NN tune)) (PP (IN of) (NP (NP (RB somewhere)) (PP (IN on) (NP (NP (DT the) (NN order)) (PP (IN of) (NP (QP (CD five) (IN to) (CD ten) (CD billion))))))))))))) (, ,) (NP-SBJ (PRP I)) (VP (VBP believe) (SBAR (-NONE- 0) (S (-NONE- *T*-1)))) (-DFL- E_S))",19,43.37,49.81
sw01utt/sw_0144_2399.utt,2/sw2399,2399,12,b,A,9,1,Yeah. /,Yeah/UH ./.,(INTJ (UH Yeah) (. .) (-DFL- E_S)),21,50.46,50.82
sw01utt/sw_0144_2399.utt,2/sw2399,2399,13,+,B,10,1,-- tremendously --,--/: tremendously/RB --/:,"(S (IN Plus) (S-TPC-1 (EDITED (RM (-DFL- \[)) (S (NP-SBJ (PRP it)) (, ,) (INTJ (UH uh)) (, ,) (VP-UNF (VBZ has))) (, ,) (IP (-DFL- \+))) (PRN (S (NP-SBJ (PRP you)) (VP (VBP know))) (, ,)) (PP (IN from) (NP (NP (DT an) (JJ economic) (NN point)) (PP (IN of) (NP (NN view))))) (NP-SBJ (PRP it)) (VP (VBZ has) (RS (-DFL- \])) (VP (VBN increased) (NP (PRP$ our) (NN debt)) (ADVP (RB tremendously)) (PP (IN to) (NP (NP (DT the) (NN tune)) (PP (IN of) (NP (NP (RB somewhere)) (PP (IN on) (NP (NP (DT the) (NN order)) (PP (IN of) (NP (QP (CD five) (IN to) (CD ten) (CD billion))))))))))))) (, ,) (NP-SBJ (PRP I)) (VP (VBP believe) (SBAR (-NONE- 0) (S (-NONE- *T*-1)))) (-DFL- E_S))",19,51.87,52.57
sw01utt/sw_0144_2399.utt,2/sw2399,2399,14,b,A,11,1,Right. /,[ Right/UH ] ./.,(INTJ (UH Right) (. .) (-DFL- E_S)),12,53.04,53.54
sw01utt/sw_0144_2399.utt,2/sw2399,2399,15,+,B,12,1,"-- to the tune of somewhere on the order of five to ten billion, I believe -- /","--/: to/IN  [ the/DT tune/NN ] of/IN somewhere/RB on/IN  [ the/DT order/NN ] of/IN  [ five/CD ] to/IN  [ ten/CD billion/CD ] ,/,  [ I/PRP ] believe/VBP --/:","(S (IN Plus) (S-TPC-1 (EDITED (RM (-DFL- \[)) (S (NP-SBJ (PRP it)) (, ,) (INTJ (UH uh)) (, ,) (VP-UNF (VBZ has))) (, ,) (IP (-DFL- \+))) (PRN (S (NP-SBJ (PRP you)) (VP (VBP know))) (, ,)) (PP (IN from) (NP (NP (DT an) (JJ economic) (NN point)) (PP (IN of) (NP (NN view))))) (NP-SBJ (PRP it)) (VP (VBZ has) (RS (-DFL- \])) (VP (VBN increased) (NP (PRP$ our) (NN debt)) (ADVP (RB tremendously)) (PP (IN to) (NP (NP (DT the) (NN tune)) (PP (IN of) (NP (NP (RB somewhere)) (PP (IN on) (NP (NP (DT the) (NN order)) (PP (IN of) (NP (QP (CD five) (IN to) (CD ten) (CD billion))))))))))))) (, ,) (NP-SBJ (PRP I)) (VP (VBP believe) (SBAR (-NONE- 0) (S (-NONE- *T*-1)))) (-DFL- E_S))",19,53.41,57.410000000000004
sw01utt/sw_0144_2399.utt,2/sw2399,2399,16,ba,A,13,1,Wow. /,[ Wow/UH ] ./.,(INTJ (UH Wow) (. .) (-DFL- E_S)),27,57.79,58.11
sw01utt/sw_0144_2399.utt,2/sw2399,2399,17,sd,B,14,1,"-- {F uh, } at least that's one number  for this range of numbers [ I have, + I have ] heard. /","--/:  [ uh/UH ] ,/, at/IN  [ least/JJS ] that/IN  [ 's/BES one/CD number/NN ] for/IN  [ this/DT range/NN ] of/IN  [ numbers/NNS I/PRP ] have/VBP ,/,  [ I/PRP ] have/VBP heard/VBN ./.","(S (INTJ (UH uh)) (, ,) (ADVP (IN at) (JJS least)) (NP-SBJ (IN that)) (VP (BES 's) (NP-PRD (CD one) (NN number)) (PP (IN for) (NP (NP (DT this) (NN range)) (PP (IN of) (NP (NNS numbers))) (SBAR (EDITED (RM (-DFL- \[)) (SBAR (WHNP (-NONE- 0)) (S (NP-SBJ (PRP I)) (VP-UNF (VBP have)))) (, ,) (IP (-DFL- \+))) (WHNP-1 (-NONE- 0)) (S (NP-SBJ (PRP I)) (VP (VBP have) (RS (-DFL- \])) (VP (VBN heard) (NP (-NONE- *T*-1))))))))) (. .) (-DFL- E_S))",29,57.99,63.510000000000005
sw01utt/sw_0144_2399.utt,2/sw2399,2399,18,b,A,15,1,Right. /,[ Right/UH ] ./.,(INTJ (UH Right) (. .) (-DFL- E_S)),12,63.85,64.27
sw01utt/sw_0144_2399.utt,2/sw2399,2399,19,qy,B,16,1,Do you use them frequently  /,Do/VBP  [ you/PRP ] use/VB  [ them/PRP ] frequently/RB,(SQ (VBP Do) (NP-SBJ (PRP you)) (VP (VB use) (NP (PRP them)) (ADVP-TMP (RB frequently))) (-DFL- E_S)),33,64.37,65.57
sw01utt/sw_0144_2399.utt,2/sw2399,2399,20,%,B,16,2,"{C or, } -/","or/CC ,/,","(S-UNF (CC or) (, ,) (-DFL- N_S))",34,65.57,65.83
sw01utt/sw_0144_2399.utt,2/sw2399,2399,21,sd,A,17,1,"{D Well, } [ we, + {F uh, } me and my wife, ]  [ when, + when ] we have {D like } extra money that we know we're going to have,  and   we can put it in our budget,  yeah,  [ we'll, + we'll ] use it.   /","Well/UH ,/,  [ we/PRP ] ,/,  [ uh/UH ] ,/,  [ me/PRP ] and/CC  [ my/PRP$ wife/NN ] ,/, when/WRB ,/, when/WRB  [ we/PRP ] have/VBP like/IN  [ extra/JJ money/NN ] that/WDT  [ we/PRP ] know/VBP  [ we/PRP ] 're/VBP going/VBG to/TO have/VB ,/, and/CC  [ we/PRP ] can/MD put/VB  [ it/PRP ] in/IN  [ our/PRP$ budget/NN ] ,/, yeah/UH ,/,  [ we/PRP ] 'll/MD ,/,  [ we/PRP ] 'll/MD use/VB  [ it/PRP ] ./.","(S (INTJ (UH Well)) (, ,) (EDITED (RM (-DFL- \[)) (NP-SBJ (PRP we)) (, ,) (IP (-DFL- \+))) (INTJ (UH uh)) (, ,) (NP-TPC (NP (PRP me)) (CC and) (NP (PRP$ my) (NN wife))) (, ,) (RS (-DFL- \])) (SBAR-TMP (EDITED (RM (-DFL- \[)) (WHADVP (WRB when)) (, ,) (IP (-DFL- \+))) (WHADVP-3 (WRB when)) (RS (-DFL- \])) (S (S (NP-SBJ (PRP we)) (VP (VBP have) (INTJ (UH like)) (NP (NP (JJ extra) (NN money)) (SBAR (WHNP-2 (WDT that)) (S (NP-SBJ (PRP we)) (VP (VBP know) (SBAR (-NONE- 0) (S (NP-SBJ-1 (PRP we)) (VP (VBP 're) (VP (VBG going) (S (NP-SBJ (-NONE- *-1)) (VP (TO to) (VP (VB have) (NP (-NONE- *T*-2))))))))))))))) (, ,) (CC and) (S (NP-SBJ (PRP we)) (VP (MD can) (VP (VB put) (NP (PRP it)) (PP-PUT (IN in) (NP (PRP$ our) (NN budget)))))) (ADVP-TMP (-NONE- *T*-3)))) (, ,) (INTJ (UH yeah)) (, ,) (EDITED (RM (-DFL- \[)) (S (NP-SBJ (PRP we)) (VP-UNF (MD 'll))) (, ,) (IP (-DFL- \+))) (NP-SBJ (PRP we)) (VP (MD 'll) (RS (-DFL- \])) (VP (VB use) (NP (PRP it)))) (. .) (-DFL- E_S))",36,66.41,80.51
sw01utt/sw_0144_2399.utt,2/sw2399,2399,22,sd,A,17,2,"{C But } {D like } last year, I think we paid, - /","But/CC like/IN  [ last/JJ year/NN ] ,/,  [ I/PRP ] think/VBP  [ we/PRP ] paid/VBD ,/,","(S (CC But) (INTJ (UH like)) (NP-TMP (JJ last) (NN year)) (, ,) (NP-SBJ (PRP I)) (VP (VBP think) (SBAR (-NONE- 0) (S (NP-SBJ (PRP we)) (VP-UNF (VBD paid))))) (, ,) (-DFL- N_S))",37,80.63,83.51
sw01utt/sw_0144_2399.utt,2/sw2399,2399,23,sd,A,17,3,"I think it was like twenty something cents interest,","[ I/PRP ] think/VBP  [ it/PRP ] was/VBD like/IN  [ twenty/CD ] [ something/NN ] [ cents/NNS interest/NN ] ,/,","(S (NP-SBJ (PRP I)) (VP (VBP think) (SBAR (-NONE- 0) (S (NP-SBJ (PRP it)) (VP (VBD was) (INTJ (IN like)) (NP-PRD (QP (CD twenty) (NN something)) (NNS cents) (NN interest)) (, ,) (PP (IN on) (NP (PRP$ our) (NNP Visa))))))) (. .) (-DFL- E_S))",38,83.97,87.87
sw01utt/sw_0144_2399.utt,2/sw2399.pos,2399,24,x,B,18,1,<Laughter>.,./.,,,0.0,0.0
sw01utt/sw_0144_2399.utt,2/sw2399,2399,25,+,A,19,1,on our Visa. /,on/IN  [ our/PRP$ Visa/NNP ] ./.,"(S (NP-SBJ (PRP I)) (VP (VBP think) (SBAR (-NONE- 0) (S (NP-SBJ (PRP it)) (VP (VBD was) (INTJ (IN like)) (NP-PRD (QP (CD twenty) (NN something)) (NNS cents) (NN interest)) (, ,) (PP (IN on) (NP (PRP$ our) (NNP Visa))))))) (. .) (-DFL- E_S))",38,88.29,89.53
sw01utt/sw_0144_2399.utt,2/sw2399,2399,26,b,B,20,1,Uh-huh. /,[ Uh-huh/UH ] ./.,(INTJ (UH Uh-huh) (. .) (-DFL- E_S)),42,89.75,90.05
sw01utt/sw_0144_2399.utt,2/sw2399,2399,27,sd,A,21,1,"{C And } I think [ this, + this ] year [  we, +  {F uh, } I think we ] used it for Christmas,  /","And/CC  [ I/PRP ] think/VBP  [ this/DT ] ,/,  [ this/DT year/NN ] [ we/PRP ] ,/,  [ uh/UH ] ,/,  [ I/PRP ] think/VBP  [ we/PRP ] used/VBD  [ it/PRP ] for/IN  [ Christmas/NNP ] ,/,","(S (CC And) (EDITED (S (NP-SBJ (PRP I)) (VP-UNF (VBP think)))) (EDITED (RM (-DFL- \[)) (NP-UNF (DT this)) (, ,) (IP (-DFL- \+))) (NP-TMP-TPC-1 (DT this) (RS (-DFL- \])) (NN year)) (EDITED (RM (-DFL- \[)) (NP-SBJ (PRP we)) (, ,) (IP (-DFL- \+))) (INTJ (UH uh)) (, ,) (NP-SBJ (PRP I)) (VP (VBP think) (SBAR (-NONE- 0) (S (NP-TMP (-NONE- *T*-1)) (NP-SBJ (PRP we)) (RS (-DFL- \])) (VP (VBD used) (NP (PRP it)) (PP-PRP (IN for) (NP (NNP Christmas))))))) (, ,) (-DFL- E_S))",44,90.63,96.41
sw01utt/sw_0144_2399.utt,2/sw2399,2399,28,sd,A,21,2,{C and } we got caught just a few days on our grace period.  /,and/CC  [ we/PRP ] got/VBD caught/VBN just/RB  [ a/DT few/JJ days/NNS ] on/IN  [ our/PRP$ grace/NN period/NN ] ./.,(S (CC and) (NP-SBJ-1 (PRP we)) (VP (VBD got) (VP (VBN caught) (NP (-NONE- *-1)) (NP-ADV (RB just) (DT a) (JJ few) (NNS days)) (PP (IN on) (NP (PRP$ our) (NN grace) (NN period))))) (. .) (-DFL- E_S)),45,96.41,99.89
sw01utt/sw_0144_2399.utt,2/sw2399,2399,29,sd,A,21,3,"[ {C And, } + {F uh, } {C so } ] we'll pay a little interest this year, but  maybe two dollars.  /","And/CC ,/,  [ uh/UH ] ,/, so/RB  [ we/PRP ] 'll/MD pay/VB  [ a/DT little/JJ interest/NN ] [ this/DT year/NN ] ,/, but/CC maybe/RB  [ two/CD dollars/NNS ] ./.","(S (EDITED (RM (-DFL- \[)) (CC And) (, ,) (IP (-DFL- \+))) (INTJ (UH uh)) (, ,) (RB so) (RS (-DFL- \])) (NP-SBJ (PRP we)) (VP (MD 'll) (VP (VB pay) (NP (NP (DT a) (JJ little) (NN interest)) (NAC (-NONE- *ICH*-1))) (NP-TMP (DT this) (NN year)) (, ,) (NAC-1 (CC but) (ADVP (RB maybe)) (NP (CD two) (NNS dollars))))) (. .) (-DFL- E_S))",46,100.89,105.41000000000001
sw01utt/sw_0144_2399.utt,2/sw2399,2399,30,sd,A,21,4,{C But } we don't like to do that at all. /,But/CC  [ we/PRP ] do/VBP n't/RB like/VB to/TO do/VB  [ that/DT ] at/IN  [ all/DT ] ./.,(S (CC But) (NP-SBJ-1 (PRP we)) (VP (VBP do) (RB n't) (VP (VB like) (S (NP-SBJ (-NONE- *-1)) (VP (TO to) (VP (VB do) (NP (DT that)) (ADVP (IN at) (DT all))))))) (. .) (-DFL- E_S)),47,105.77,107.71
sw01utt/sw_0144_2399.utt,2/sw2399,2399,31,b,B,22,1,Yes. /,Yes/UH ./.,(INTJ (UH Yes) (. .) (-DFL- E_S)),49,107.85,108.25
sw01utt/sw_0144_2399.utt,2/sw2399,2399,32,sd,A,23,1,"{C And, } {D you know, } [ we, +   I think we ] feel about the same way you do real strongly.  /","And/CC ,/,  [ you/PRP ] know/VBP ,/,  [ we/PRP ] ,/,  [ I/PRP ] think/VBP  [ we/PRP ] feel/VBP about/RB  [ the/DT same/JJ way/NN ] [ you/PRP ] do/VBP real/RB strongly/RB ./.","(S (CC And) (PRN (, ,) (S (NP-SBJ (PRP you)) (VP (VBP know))) (, ,)) (EDITED (RM (-DFL- \[)) (NP-SBJ (PRP we)) (, ,) (IP (-DFL- \+))) (NP-SBJ (PRP I)) (VP (VBP think) (SBAR (-NONE- 0) (S (NP-SBJ (PRP we)) (RS (-DFL- \])) (VP (VBP feel) (ADVP (RB about)) (NP-MNR (NP (DT the) (JJ same) (NN way)) (SBAR (WHADVP-1 (-NONE- 0)) (S (NP-SBJ (PRP you)) (VP (VBP do) (ADVP-MNR (-NONE- *T*-1)))))) (ADVP-MNR (RB real) (RB strongly)))))) (. .) (-DFL- E_S))",51,108.81,114.09
sw01utt/sw_0144_2399.utt,2/sw2399,2399,33,sd,A,23,2,"[ We, + {F uh, } we ] have several credit cards, though.  /","[ We/PRP ] ,/,  [ uh/UH ] ,/,  [ we/PRP ] have/VBP  [ several/JJ credit/NN cards/NNS ] ,/, though/RB ./.","(S (EDITED (RM (-DFL- \[)) (NP-SBJ (PRP We)) (, ,) (IP (-DFL- \+))) (INTJ (UH uh)) (, ,) (NP-SBJ (PRP we)) (RS (-DFL- \])) (VP (VBP have) (NP (JJ several) (NN credit) (NNS cards)) (, ,) (ADVP (RB though))) (. .) (-DFL- E_S))",52,114.63,118.53
sw01utt/sw_0144_2399.utt,2/sw2399,2399,34,sd,A,23,3,"We have a gas card, our Visa, and then, of course, the American Express,  /","[ We/PRP ] have/VBP  [ a/DT gas/NN card/NN ] ,/,  [ our/PRP$ Visa/NNP ] ,/, and/CC then/RB ,/, of/IN  [ course/NN ] ,/,  [ the/DT American/NNP Express/NNP ] ,/,","(S (NP-SBJ (PRP We)) (VP (VBP have) (NP (NP (DT a) (NN gas) (NN card)) (, ,) (NP (PRP$ our) (NNP Visa)) (, ,) (CONJP (CC and) (RB then)) (, ,) (PP (IN of) (NP (NN course))) (, ,) (NP (DT the) (NNP American) (NNP Express)))) (, ,) (-DFL- E_S))",53,118.85,123.53
sw01utt/sw_0144_2399.utt,2/sw2399,2399,35,sd,A,23,4,{C and } I think we have a couple of department stores. /,and/CC  [ I/PRP ] think/VBP  [ we/PRP ] have/VBP  [ a/DT couple/NN ] of/IN  [ department/NN stores/NNS ] ./.,(S (CC and) (NP-SBJ (PRP I)) (VP (VBP think) (SBAR (-NONE- 0) (S (NP-SBJ (PRP we)) (VP (VBP have) (NP (NP (DT a) (NN couple)) (PP (IN of) (NP (NN department) (NNS stores)))))))) (. .) (-DFL- E_S)),54,124.17,127.87
sw01utt/sw_0144_2399.utt,2/sw2399,2399,36,b,B,24,1,Uh-huh. /,[ Uh-huh/UH ] ./.,(INTJ (UH Uh-huh) (. .) (-DFL- E_S)),42,128.05,128.31
sw01utt/sw_0144_2399.utt,2/sw2399,2399,37,sd,A,25,1,"{C But, }  we use it the same way,  /","But/CC ,/,  [ we/PRP ] use/VBP  [ it/PRP ] [ the/DT same/JJ way/NN ] ,/,","(S (CC But) (, ,) (NP-SBJ (PRP we)) (VP (VBP use) (NP (PRP it)) (NP-MNR (DT the) (JJ same) (NN way))) (, ,) (-DFL- E_S))",58,128.97,131.32999999999998
sw01utt/sw_0144_2399.utt,2/sw2399,2399,38,%,A,25,2,"{C and, }  {F uh, } -/","and/CC ,/,  [ uh/UH ] ,/,","(S-UNF (CC and) (, ,) (INTJ (UH uh)) (, ,) (-DFL- N_S))",59,131.91,132.09
sw01utt/sw_0144_2399.utt,2/sw2399,2399,39,sd,B,26,1,"I find the one I use mostly, {F uh, } - /","[ I/PRP ] find/VBP  [ the/DT one/CD ] [ I/PRP ] use/VBP mostly/RB ,/,  [ uh/UH ] ,/,","(S (NP-SBJ (PRP I)) (VP (VBP find) (SBAR (-NONE- 0) (S-UNF (NP-SBJ (NP (DT the) (CD one)) (SBAR (WHNP-1 (-NONE- 0)) (S (NP-SBJ (PRP I)) (VP (VBP use) (NP (-NONE- *T*-1)) (ADVP (RB mostly)))))) (, ,) (INTJ (UH uh))))) (, ,) (-DFL- N_S))",61,131.99,134.03
sw01utt/sw_0144_2399.utt,2/sw2399,2399,40,sd,B,26,2,"aside from the American Express, I do use my Sears card. /","aside/IN from/IN  [ the/DT American/NNP Express/NNP ] ,/,  [ I/PRP ] do/VBP use/VB  [ my/PRP$ Sears/NNP card/NN ] ./.","(S (PP (IN aside) (PP (IN from) (NP (DT the) (NNP American) (NNP Express)))) (, ,) (NP-SBJ (PRP I)) (VP (VBP do) (VP (VB use) (NP (PRP$ my) (NNP Sears) (NN card)))) (. .) (-DFL- E_S))",62,135.75,140.13
sw01utt/sw_0144_2399.utt,2/sw2399,2399,41,b,A,27,1,Uh-huh. /,[ Uh-huh/UH ] ./.,(INTJ (UH Uh-huh) (. .) (-DFL- E_S)),42,141.35,141.54999999999998
sw01utt/sw_0144_2399.utt,2/sw2399,2399,42,sd,B,28,1,"{C But, }  {F uh, } [ I try, + [ a-, + as ]  with the American Express, I try ] to pay it, {D you know, } as it comes in. /","But/CC ,/,  [ uh/UH ] ,/,  [ I/PRP ] try/VBP ,/,  [ a-/RB ] ,/, as/RB with/IN  [ the/DT American/NNP Express/NNP ] ,/,  [ I/PRP ] try/VBP to/TO pay/VB  [ it/PRP ] ,/,  [ you/PRP ] know/VBP ,/, as/IN  [ it/PRP ] comes/VBZ in/IN ./.","(S (CC But) (, ,) (INTJ (UH uh)) (, ,) (EDITED (RM (-DFL- \[)) (S (NP-SBJ (PRP I)) (VP-UNF (VBP try))) (, ,) (IP (-DFL- \+))) (EDITED (RM (-DFL- \[)) (PP-UNF (RB a-)) (, ,) (IP (-DFL- \+))) (PP (RB as) (RS (-DFL- \])) (PP (IN with) (NP (DT the) (NNP American) (NNP Express)))) (, ,) (NP-SBJ-1 (PRP I)) (VP (VBP try) (RS (-DFL- \])) (S (NP-SBJ (-NONE- *-1)) (VP (TO to) (VP (VB pay) (NP (PRP it)) (PRN (, ,) (S (NP-SBJ (PRP you)) (VP (VBP know))) (, ,)) (SBAR-TMP (IN as) (S (NP-SBJ (PRP it)) (VP (VBZ comes) (PRT (IN in))))))))) (. .) (-DFL- E_S))",66,142.45,150.91
sw01utt/sw_0144_2399.utt,2/sw2399,2399,43,b,A,29,1,Right.  /,[ Right/UH ] ./.,(INTJ (UH Right) (. .) (-DFL- E_S)),68,151.25,151.73
sw01utt/sw_0144_2399.utt,2/sw2399,2399,44,b^r,A,29,2,Right. /,[ Right/UH ] ./.,(INTJ (UH Right) (. .) (-DFL- E_S)),68,152.31,152.65
sw01utt/sw_0144_2399.utt,2/sw2399,2399,45,%,B,30,1,"{D So, }  {F uh, } -/","So/UH ,/,  [ uh/UH ] ,/,","(S-UNF (INTJ (UH So)) (, ,) (INTJ (UH uh)) (, ,) (-DFL- N_S))",71,152.53,153.01
sw01utt/sw_0144_2399.utt,2/sw2399,2399,46,sd,A,31,1,"[ It's, + it's ] not uncommon for us to  have paid it before we even get the bill.  /","[ It/PRP ] 's/BES ,/,  [ it/PRP ] 's/BES not/RB uncommon/JJ for/IN  [ us/PRP ] to/TO have/VB paid/VBN  [ it/PRP ] before/IN  [ we/PRP ] even/RB get/VB  [ the/DT bill/NN ] ./.","(S (EDITED (RM (-DFL- \[)) (S (NP-SBJ (PRP It)) (VP-UNF (BES 's))) (, ,) (IP (-DFL- \+))) (NP-SBJ (NP (PRP it)) (SBAR (-NONE- *EXP*-1))) (VP (BES 's) (RS (-DFL- \])) (RB not) (ADJP-PRD (JJ uncommon)) (SBAR-1 (IN for) (S (NP-SBJ (PRP us)) (VP (TO to) (VP (VB have) (VP (VBN paid) (NP (PRP it)) (SBAR-TMP (IN before) (S (NP-SBJ (PRP we)) (ADVP (RB even)) (VP (VB get) (NP (DT the) (NN bill))))))))))) (. .) (-DFL- E_S))",73,153.73,159.25
sw01utt/sw_0144_2399.utt,2/sw2399,2399,47,sd,A,31,2,That's usually how we do it. /,[ That/DT ] 's/BES usually/RB how/WRB  [ we/PRP ] do/VBP  [ it/PRP ] ./.,(S (NP-SBJ (DT That)) (VP (BES 's) (ADVP-TMP (RB usually)) (SBAR-MNR-PRD (WHADVP-1 (WRB how)) (S (NP-SBJ (PRP we)) (VP (VBP do) (NP (PRP it)) (ADVP-MNR (-NONE- *T*-1)))))) (. .) (-DFL- E_S)),74,159.53,160.85
sw01utt/sw_0144_2399.utt,2/sw2399,2399,48,sd,B,32,1,"I know [ when I travel, +  {E or } when I used to  travel overseas quite a bit, ] what I would do on my American Express card is [ before I would, +  before I left ] I would mail a check [ to, + to ] American Express --","[ I/PRP ] know/VBP when/WRB  [ I/PRP ] travel/VBP ,/, or/CC when/WRB  [ I/PRP ] used/VBD to/TO travel/VB overseas/RB quite/RB  [ a/DT bit/NN ] ,/,  [ what/WP ] [ I/PRP ] would/MD do/VB on/IN  [ my/PRP$ American/NNP Express/NNP card/NN ] is/VBZ before/IN  [ I/PRP ] would/MD ,/, before/IN  [ I/PRP ] left/VBD  [ I/PRP ] would/MD mail/VB  [ a/DT ] check/NN to/IN ,/, to/IN  [ American/NNP Express/NNP ] --/:","(S (NP-SBJ (PRP I)) (VP (VBP know) (SBAR (-NONE- 0) (S (SBAR-TMP (EDITED (RM (-DFL- \[)) (SBAR-TMP (WHADVP-1 (WRB when)) (S (NP-SBJ (PRP I)) (VP (VBP travel) (ADVP-TMP (-NONE- *T*-1))))) (, ,) (IP (-DFL- \+)) (CC or)) (WHADVP-3 (WRB when)) (S (NP-SBJ-2 (PRP I)) (VP (VBD used) (S (NP-SBJ (-NONE- *-2)) (VP (TO to) (VP (VB travel) (ADVP-LOC (RB overseas)) (NP-ADV (RB quite) (DT a) (NN bit))))) (ADVP-TMP (-NONE- *T*-3))))) (, ,) (RS (-DFL- \])) (SBAR-NOM-SBJ (WHNP-4 (WP what)) (S (NP-SBJ (PRP I)) (VP (MD would) (VP (VB do) (NP (-NONE- *T*-4)) (PP (IN on) (NP (PRP$ my) (NNP American) (NNP Express) (NN card))))))) (VP (VBZ is) (S-PRD (SBAR-TMP (EDITED (RM (-DFL- \[)) (SBAR-TMP (IN before) (S (NP-SBJ (PRP I)) (VP-UNF (MD would)))) (, ,) (IP (-DFL- \+))) (IN before) (S (NP-SBJ (PRP I)) (VP (VBD left)))) (RS (-DFL- \])) (NP-SBJ (PRP I)) (VP (MD would) (VP (VP (VB mail) (NP (DT a) (NN check)) (EDITED (RM (-DFL- \[)) (PP-UNF (IN to)) (, ,) (IP (-DFL- \+))) (PP (IN to) (RS (-DFL- \])) (NP (NNP American) (NNP Express)))) (CC and) (PRN (, ,) (S (NP-SBJ (PRP you)) (VP (VBP know))) (, ,)) (VP (VB have) (NP (NP (DT some) (NN idea)) (PP (IN of) (SBAR-NOM (WHNP-5 (WRB how) (RB much)) (S (NP-SBJ (-NONE- *T*-5)) (VP (VBD was) (ADVP-LOC-PRD (RB there)))))))))))))) (PRN (, ,) (S (NP-SBJ (PRP you)) (VP (VBP know))))) (, ,))",76,161.29,176.08999999999997
sw01utt/sw_0144_2399.utt,2/sw2399,2399,49,b,A,33,1,Uh-huh. /,[ Uh-huh/UH ] ./.,(INTJ (UH Uh-huh) (. .) (-DFL- E_S)),56,176.59,176.95000000000002
sw01utt/sw_0144_2399.utt,2/sw2399,2399,50,+,B,34,1,"-- and, {D you know, } have some  idea of how much was there, {D you know, }  {A I'd sent them, {D you know, } several hundred dollars, or whatever --","--/: and/CC ,/,  [ you/PRP ] know/VBP ,/, have/VB  [ some/DT idea/NN ] of/IN how/WRB much/RB was/VBD there/RB ,/,  [ you/PRP ] know/VBP ,/,  [ I/PRP ] 'd/VBD sent/VBD  [ them/PRP ] ,/,  [ you/PRP ] know/VBP ,/,  [ several/JJ hundred/CD dollars/NNS ] ,/, or/CC  [ whatever/WDT ] --/:","(S (NP-SBJ (PRP I)) (VP (VBP know) (SBAR (-NONE- 0) (S (SBAR-TMP (EDITED (RM (-DFL- \[)) (SBAR-TMP (WHADVP-1 (WRB when)) (S (NP-SBJ (PRP I)) (VP (VBP travel) (ADVP-TMP (-NONE- *T*-1))))) (, ,) (IP (-DFL- \+)) (CC or)) (WHADVP-3 (WRB when)) (S (NP-SBJ-2 (PRP I)) (VP (VBD used) (S (NP-SBJ (-NONE- *-2)) (VP (TO to) (VP (VB travel) (ADVP-LOC (RB overseas)) (NP-ADV (RB quite) (DT a) (NN bit))))) (ADVP-TMP (-NONE- *T*-3))))) (, ,) (RS (-DFL- \])) (SBAR-NOM-SBJ (WHNP-4 (WP what)) (S (NP-SBJ (PRP I)) (VP (MD would) (VP (VB do) (NP (-NONE- *T*-4)) (PP (IN on) (NP (PRP$ my) (NNP American) (NNP Express) (NN card))))))) (VP (VBZ is) (S-PRD (SBAR-TMP (EDITED (RM (-DFL- \[)) (SBAR-TMP (IN before) (S (NP-SBJ (PRP I)) (VP-UNF (MD would)))) (, ,) (IP (-DFL- \+))) (IN before) (S (NP-SBJ (PRP I)) (VP (VBD left)))) (RS (-DFL- \])) (NP-SBJ (PRP I)) (VP (MD would) (VP (VP (VB mail) (NP (DT a) (NN check)) (EDITED (RM (-DFL- \[)) (PP-UNF (IN to)) (, ,) (IP (-DFL- \+))) (PP (IN to) (RS (-DFL- \])) (NP (NNP American) (NNP Express)))) (CC and) (PRN (, ,) (S (NP-SBJ (PRP you)) (VP (VBP know))) (, ,)) (VP (VB have) (NP (NP (DT some) (NN idea)) (PP (IN of) (SBAR-NOM (WHNP-5 (WRB how) (RB much)) (S (NP-SBJ (-NONE- *T*-5)) (VP (VBD was) (ADVP-LOC-PRD (RB there)))))))))))))) (PRN (, ,) (S (NP-SBJ (PRP you)) (VP (VBP know))))) (, ,))|||(S (NP-SBJ (PRP I) (VBD 'd)) (VP (VP (VBD sent) (NP (PRP them)) (PRN (, ,) (S (NP-SBJ (PRP you)) (VP (VBP know))) (, ,)) (NP (NP (JJ several) (CD hundred) (NNS dollars)) (, ,) (CC or) (SBAR-NOM (WHNP-6 (WDT whatever)) (S (NP-SBJ (PRP I)) (VP (VBD felt) (SBAR (-NONE- 0) (S (NP-SBJ (PRP I)) (VP (MD would) (VP (VB spend) (NP (-NONE- *T*-6))))))))))) (. .) (CONJP (CC And) (RB then)) (VP (VB use) (NP (PRP it)) (ADVP-TMP (RB then)))) (. .) (-DFL- E_S))",76|||77,177.17,183.99
sw01utt/sw_0144_2399.utt,2/sw2399,2399,51,b,A,35,1,Uh-huh. /,[ Uh-huh/UH ] ./.,(INTJ (UH Uh-huh) (. .) (-DFL- E_S)),56,184.43,184.55
sw01utt/sw_0144_2399.utt,2/sw2399,2399,52,+,B,36,1,-- I felt I would spend. },--/:  [ I/PRP ] felt/VBD  [ I/PRP ] would/MD spend/VB ./.,"(S (NP-SBJ (PRP I) (VBD 'd)) (VP (VP (VBD sent) (NP (PRP them)) (PRN (, ,) (S (NP-SBJ (PRP you)) (VP (VBP know))) (, ,)) (NP (NP (JJ several) (CD hundred) (NNS dollars)) (, ,) (CC or) (SBAR-NOM (WHNP-6 (WDT whatever)) (S (NP-SBJ (PRP I)) (VP (VBD felt) (SBAR (-NONE- 0) (S (NP-SBJ (PRP I)) (VP (MD would) (VP (VB spend) (NP (-NONE- *T*-6))))))))))) (. .) (CONJP (CC And) (RB then)) (VP (VB use) (NP (PRP it)) (ADVP-TMP (RB then)))) (. .) (-DFL- E_S))",77,184.89,185.99
sw01utt/sw_0144_2399.utt,2/sw2399,2399,53,b,A,37,1,Yeah. /,Yeah/UH ./.,(INTJ (UH Yeah) (. .) (-DFL- E_S)),85,186.71,187.07000000000002
sw01utt/sw_0144_2399.utt,2/sw2399,2399,54,+,B,38,1,And then use it then. /,And/CC then/RB use/VB  [ it/PRP ] then/RB ./.,"(S (NP-SBJ (PRP I) (VBD 'd)) (VP (VP (VBD sent) (NP (PRP them)) (PRN (, ,) (S (NP-SBJ (PRP you)) (VP (VBP know))) (, ,)) (NP (NP (JJ several) (CD hundred) (NNS dollars)) (, ,) (CC or) (SBAR-NOM (WHNP-6 (WDT whatever)) (S (NP-SBJ (PRP I)) (VP (VBD felt) (SBAR (-NONE- 0) (S (NP-SBJ (PRP I)) (VP (MD would) (VP (VB spend) (NP (-NONE- *T*-6))))))))))) (. .) (CONJP (CC And) (RB then)) (VP (VB use) (NP (PRP it)) (ADVP-TMP (RB then)))) (. .) (-DFL- E_S))",77,187.37,189.13
sw01utt/sw_0144_2399.utt,2/sw2399,2399,55,b,A,39,1,Yeah. /,Yeah/UH ./.,(INTJ (UH Yeah) (. .) (-DFL- E_S)),85,189.67,190.04999999999998
sw01utt/sw_0144_2399.utt,2/sw2399,2399,56,sd,B,40,1,"{C But, } {F uh, } for hotels [ and, + and ] so forth.  /","But/CC ,/,  [ uh/UH ] ,/, for/IN  [ hotels/NNS ] and/CC ,/, and/CC so/RB forth/RB ./.","(FRAG (CC But) (, ,) (INTJ (UH uh)) (, ,) (PP (IN for) (NP (NP (NNS hotels)) (EDITED (RM (-DFL- \[)) (CC and) (, ,) (IP (-DFL- \+))) (CC and) (RS (-DFL- \])) (ADVP-ETC (RB so) (RB forth)))) (. .) (-DFL- E_S))",90,190.71,194.03
sw01utt/sw_0144_2399.utt,2/sw2399,2399,57,sd,B,40,2,"[ {C But, } + {F uh, } {C but } ] I knew that it was paid <laughter>.  /","But/CC ,/,  [ uh/UH ] ,/, but/CC  [ I/PRP ] knew/VBD that/IN  [ it/PRP ] was/VBD paid/VBN ./.","(S (EDITED (RM (-DFL- \[)) (CC But) (, ,) (IP (-DFL- \+))) (INTJ (UH uh)) (, ,) (CC but) (RS (-DFL- \])) (NP-SBJ (PRP I)) (VP (VBD knew) (SBAR (IN that) (S (NP-SBJ-1 (PRP it)) (VP (VBD was) (VP (VBN paid) (NP (-NONE- *-1))))))) (. .) (-DFL- E_S))",91,194.09,196.51000000000002
sw01utt/sw_0144_2399.utt,2/sw2399,2399,58,sd,B,40,3,[ I knew -- +,[ I/PRP ] knew/VBD --/:,"(S (EDITED (RM (-DFL- \[)) (CC But) (, ,) (IP (-DFL- \+))) (INTJ (UH uh)) (, ,) (CC but) (RS (-DFL- \])) (NP-SBJ (PRP I)) (VP (VBD knew) (SBAR (IN that) (S (NP-SBJ-1 (PRP it)) (VP (VBD was) (VP (VBN paid) (NP (-NONE- *-1))))))) (. .) (-DFL- E_S))",91,196.77,197.13
sw01utt/sw_0144_2399.utt,2/sw2399,2399,59,b,A,41,1,Right. /,[ Right/UH ] ./.,(INTJ (UH Right) (. .) (-DFL- E_S)),68,197.25,197.59
sw01utt/sw_0144_2399.utt,2/sw2399,2399,60,+,B,42,1,-- I knew ] that I had that much --,--/:  [ I/PRP ] knew/VBD that/IN  [ I/PRP ] had/VBD that/RB much/RB --/:,"(S (EDITED (RM (-DFL- \[)) (S (NP-SBJ (PRP I)) (VP-UNF (VBD knew))) (IP (-DFL- \+))) (NP-SBJ-1 (PRP I)) (VP (VBD knew) (RS (-DFL- \])) (SBAR (IN that) (S (NP-SBJ (PRP I)) (VP (VBD had) (NP (RB that) (RB much) (NN credit))))) (, ,) (S-ADV (NP-SBJ (-NONE- *-1)) (VP (VBG going) (ADVP-DIR (IN in))))) (. .) (-DFL- E_S))",92,197.51,199.39
sw01utt/sw_0144_2399.utt,2/sw2399,2399,61,b,A,43,1,Yeah. /,Yeah/UH ./.,(INTJ (UH Yeah) (. .) (-DFL- E_S)),85,199.59,199.85
sw01utt/sw_0144_2399.utt,2/sw2399,2399,62,+,B,44,1,"-- credit, going in.  /","--/:  [ credit/NN ] ,/, going/VBG in/IN ./.","(S (EDITED (RM (-DFL- \[)) (S (NP-SBJ (PRP I)) (VP-UNF (VBD knew))) (IP (-DFL- \+))) (NP-SBJ-1 (PRP I)) (VP (VBD knew) (RS (-DFL- \])) (SBAR (IN that) (S (NP-SBJ (PRP I)) (VP (VBD had) (NP (RB that) (RB much) (NN credit))))) (, ,) (S-ADV (NP-SBJ (-NONE- *-1)) (VP (VBG going) (ADVP-DIR (IN in))))) (. .) (-DFL- E_S))",92,200.21,200.99
sw01utt/sw_0144_2399.utt,2/sw2399,2399,63,sd,B,44,2,"[ Sometimes, + {D you know, } sometimes ]  I would go over,  /","Sometimes/RB ,/,  [ you/PRP ] know/VBP ,/, sometimes/RB  [ I/PRP ] would/MD go/VB over/RP ,/,","(S (EDITED (RM (-DFL- \[)) (ADVP-TMP (RB Sometimes)) (, ,) (IP (-DFL- \+))) (PRN (S (NP-SBJ (PRP you)) (VP (VBP know))) (, ,)) (ADVP-TMP (RB sometimes)) (RS (-DFL- \])) (NP-SBJ (PRP I)) (VP (MD would) (VP (VB go) (PRT (RP over)))) (, ,) (-DFL- E_S))",99,201.29,202.89000000000001
sw01utt/sw_0144_2399.utt,2/sw2399,2399,64,sd,B,44,3,"{C but } [ it wouldn't, + {D you know, } it wouldn't ]  hit me [ in a big, + in a big ] way because --","but/CC  [ it/PRP ] would/MD n't/RB ,/,  [ you/PRP ] know/VBP ,/,  [ it/PRP ] would/MD n't/RB hit/VB  [ me/PRP ] in/IN  [ a/DT big/JJ ] ,/, in/IN  [ a/DT big/JJ way/NN ] because/IN --/:","(S (CC but) (EDITED (RM (-DFL- \[)) (S (NP-SBJ (PRP it)) (VP-UNF (MD would) (RB n't))) (, ,) (IP (-DFL- \+))) (PRN (S (NP-SBJ (PRP you)) (VP (VBP know))) (, ,)) (NP-SBJ (PRP it)) (VP (MD would) (RB n't) (RS (-DFL- \])) (VP (VB hit) (NP (PRP me)) (EDITED (RM (-DFL- \[)) (PP (IN in) (NP-MNR-UNF (DT a) (JJ big))) (, ,) (IP (-DFL- \+))) (PP-MNR (IN in) (NP (DT a) (JJ big) (RS (-DFL- \])) (NN way))) (SBAR-PRP (IN because) (S (NP-SBJ (PRP I)) (VP (VBD knew) (SBAR (DT that) (, ,) (INTJ (UH uh)) (, ,) (S (NP-SBJ (PRP I)) (VP (MD would) (VP (VB have) (S (NP-SBJ-1 (PRP it)) (VP (VBN covered) (NP (-NONE- *-1)) (PP (IN in) (NP (DT that) (NN respect)))))))))))))) (. .) (-DFL- E_S))",100,202.89,208.95
sw01utt/sw_0144_2399.utt,2/sw2399,2399,65,b,A,45,1,Right. /,[ Right/UH ] ./.,(INTJ (UH Right) (. .) (-DFL- E_S)),94,209.07,209.23
sw01utt/sw_0144_2399.utt,2/sw2399,2399,66,+,B,46,1,"-- I knew that, {F uh, }  I would have it covered in that respect. /","--/:  [ I/PRP ] knew/VBD  [ that/DT ] ,/,  [ uh/UH ] ,/,  [ I/PRP ] would/MD have/VB  [ it/PRP ] covered/VBN in/IN  [ that/DT respect/NN ] ./.","(S (CC but) (EDITED (RM (-DFL- \[)) (S (NP-SBJ (PRP it)) (VP-UNF (MD would) (RB n't))) (, ,) (IP (-DFL- \+))) (PRN (S (NP-SBJ (PRP you)) (VP (VBP know))) (, ,)) (NP-SBJ (PRP it)) (VP (MD would) (RB n't) (RS (-DFL- \])) (VP (VB hit) (NP (PRP me)) (EDITED (RM (-DFL- \[)) (PP (IN in) (NP-MNR-UNF (DT a) (JJ big))) (, ,) (IP (-DFL- \+))) (PP-MNR (IN in) (NP (DT a) (JJ big) (RS (-DFL- \])) (NN way))) (SBAR-PRP (IN because) (S (NP-SBJ (PRP I)) (VP (VBD knew) (SBAR (DT that) (, ,) (INTJ (UH uh)) (, ,) (S (NP-SBJ (PRP I)) (VP (MD would) (VP (VB have) (S (NP-SBJ-1 (PRP it)) (VP (VBN covered) (NP (-NONE- *-1)) (PP (IN in) (NP (DT that) (NN respect)))))))))))))) (. .) (-DFL- E_S))",100,209.11,212.65
sw01utt/sw_0144_2399.utt,2/sw2399,2399,67,b,A,47,1,Right.  /,[ Right/UH ] ./.,(INTJ (UH Right) (. .) (-DFL- E_S)),94,213.71,214.01000000000002
sw01utt/sw_0144_2399.utt,2/sw2399,2399,68,ba,A,47,2,That's good.  /,[ That/DT ] 's/BES good/JJ ./.,(S (NP-SBJ (DT That)) (VP (BES 's) (ADJP-PRD (JJ good))) (. .) (-DFL- E_S)),106,214.01,214.51000000000002
sw01utt/sw_0144_2399.utt,2/sw2399,2399,69,sd,A,47,3,"[ I've, + I don't think we've ]  gone that far  ((   )) <laughter>,","[ I/PRP ] 've/VBP ,/,  [ I/PRP ] do/VBP n't/RB think/VB  [ we/PRP ] 've/VBP gone/VBN that/RB far/RB MUMBLEx/XX ,/,","(S (EDITED (RM (-DFL- \[)) (S (NP-SBJ (PRP I)) (VP-UNF (VBP 've))) (, ,) (IP (-DFL- \+))) (NP-SBJ (PRP I)) (VP (VBP do) (RB n't) (VP (VB think) (SBAR (-NONE- 0) (S (NP-SBJ-1 (PRP we)) (VP (VBP 've) (RS (-DFL- \])) (VP (VBN gone) (ADVP (RB that) (RB far)) (X (XX MUMBLEx)) (, ,) (S-ADV (NP-SBJ (-NONE- *-1)) (VP (TO to) (VP (VB pay) (NP (PRP it)) (EDITED (RM (-DFL- \[)) (PP (IN in) (NP-UNF (NN ad-))) (, ,) (IP (-DFL- \+))) (PRN (S (NP-SBJ (PRP you)) (VP (VBP know))) (, ,)) (PP (IN in) (NP (NN advance))) (RS (-DFL- \])) (SBAR-TMP (IN before) (S (NP-SBJ (PRP we)) (VP (VBP spend) (NP (PRP it)))))))))))))) (, ,) (-DFL- E_S))",107,214.51,216.99
sw01utt/sw_0144_2399.utt,2/sw2399.pos,2399,70,x,B,48,1,<Laughter>.,./.,,,0.0,0.0
sw01utt/sw_0144_2399.utt,2/sw2399,2399,71,+,A,49,1,"to pay it [ in ad-, + {D you know, } in advance ]  before we spend it,  /","to/TO pay/VB  [ it/PRP ] in/IN  [ ad-/NN ] ,/,  [ you/PRP ] know/VBP ,/, in/IN  [ advance/NN ] before/IN  [ we/PRP ] spend/VBP  [ it/PRP ] ,/,","(S (EDITED (RM (-DFL- \[)) (S (NP-SBJ (PRP I)) (VP-UNF (VBP 've))) (, ,) (IP (-DFL- \+))) (NP-SBJ (PRP I)) (VP (VBP do) (RB n't) (VP (VB think) (SBAR (-NONE- 0) (S (NP-SBJ-1 (PRP we)) (VP (VBP 've) (RS (-DFL- \])) (VP (VBN gone) (ADVP (RB that) (RB far)) (X (XX MUMBLEx)) (, ,) (S-ADV (NP-SBJ (-NONE- *-1)) (VP (TO to) (VP (VB pay) (NP (PRP it)) (EDITED (RM (-DFL- \[)) (PP (IN in) (NP-UNF (NN ad-))) (, ,) (IP (-DFL- \+))) (PRN (S (NP-SBJ (PRP you)) (VP (VBP know))) (, ,)) (PP (IN in) (NP (NN advance))) (RS (-DFL- \])) (SBAR-TMP (IN before) (S (NP-SBJ (PRP we)) (VP (VBP spend) (NP (PRP it)))))))))))))) (, ,) (-DFL- E_S))",107,216.99,222.07
sw01utt/sw_0144_2399.utt,2/sw2399,2399,72,sv,A,49,2,"{C but, }  I guess if you foresaw that you were going to have to use it, [ that, + ] like that,","but/CC ,/,  [ I/PRP ] guess/VBP if/IN  [ you/PRP ] foresaw/VBD that/IN  [ you/PRP ] were/VBD going/VBG to/TO have/VB to/TO use/VB  [ it/PRP ] ,/, that/DT ,/, like/IN  [ that/DT ] ,/,","(S (CC but) (, ,) (NP-SBJ (PRP I)) (VP (VBP guess) (SBAR (-NONE- 0) (S (SBAR-ADV (IN if) (S (NP-SBJ (PRP you)) (VP (VBD foresaw) (SBAR (IN that) (S (NP-SBJ-1 (PRP you)) (VP (VBD were) (VP (VBG going) (S (NP-SBJ-2 (-NONE- *-1)) (VP (TO to) (VP (VB have) (S (NP-SBJ (-NONE- *-2)) (VP (TO to) (VP (VB use) (NP (PRP it)) (, ,) (EDITED (RM (-DFL- \[)) (NP (DT that)) (, ,) (IP (-DFL- \+))) (RS (-DFL- \])) (PP (IN like) (NP (DT that)))))))))))))))) (, ,) (NP-SBJ (DT that)) (RS (-DFL- \])) (VP (MD may) (VP (VB be) (ADJP-PRD (JJ good))))))) (. .) (-DFL- E_S))",110,222.07,227.69
sw01utt/sw_0144_2399.utt,2/sw2399,2399,73,sd,B,50,1,"{D Well, } [ I found -- +","Well/UH ,/,  [ I/PRP ] found/VBD --/:","(S (INTJ (UH Well)) (, ,) (EDITED (RM (-DFL- \[)) (S (NP-SBJ (PRP I)) (VP-UNF (VBD found))) (IP (-DFL- \+))) (NP-SBJ-1 (PRP I)) (VP (VBD found) (RS (-DFL- \])) (EDITED (RM (-DFL- \[)) (PP-UNF (IN in)) (, ,) (IP (-DFL- \+))) (INTJ (UH um)) (, ,) (PP (IN in) (RS (-DFL- \])) (S-NOM (NP-SBJ (-NONE- *-1)) (VP (VBG traveling) (ADVP-LOC (NN overseas))))) (SBAR (DT that) (, ,) (INTJ (UH uh)) (, ,) (S (ADVP-TMP (RB often)) (EDITED (RM (-DFL- \[)) (S (NP-SBJ (PRP it)) (VP-UNF (MD would))) (, ,) (IP (-DFL- \+))) (INTJ (UH uh)) (, ,) (NP-SBJ (NP (PRP it)) (S (-NONE- *EXP*-2))) (VP (MD would) (RS (-DFL- \])) (VP (VB expedite) (NP (NNS things)) (S-2 (NP-SBJ (-NONE- *)) (VP (TO to) (VP (VB have) (NP (DT an) (NNP American) (NNP Express) (NN credit) (NN card)) (PP (IN for) (NP (NP (NN hotel) (NNS bills)) (CC and) (ADVP-ETC (RB so) (RB forth)))))))))))) (. .) (-DFL- E_S))",112,227.57,228.31
sw01utt/sw_0144_2399.utt,2/sw2399,2399,74,+,A,51,1,that ] may be good. /,[ that/DT ] may/MD be/VB good/JJ ./.,"(S (CC but) (, ,) (NP-SBJ (PRP I)) (VP (VBP guess) (SBAR (-NONE- 0) (S (SBAR-ADV (IN if) (S (NP-SBJ (PRP you)) (VP (VBD foresaw) (SBAR (IN that) (S (NP-SBJ-1 (PRP you)) (VP (VBD were) (VP (VBG going) (S (NP-SBJ-2 (-NONE- *-1)) (VP (TO to) (VP (VB have) (S (NP-SBJ (-NONE- *-2)) (VP (TO to) (VP (VB use) (NP (PRP it)) (, ,) (EDITED (RM (-DFL- \[)) (NP (DT that)) (, ,) (IP (-DFL- \+))) (RS (-DFL- \])) (PP (IN like) (NP (DT that)))))))))))))))) (, ,) (NP-SBJ (DT that)) (RS (-DFL- \])) (VP (MD may) (VP (VB be) (ADJP-PRD (JJ good))))))) (. .) (-DFL- E_S))",110,228.43,229.37
sw01utt/sw_0144_2399.utt,2/sw2399,2399,75,+,B,52,1,"-- I found ] [ in, + {F um, } in ] traveling overseas --","--/:  [ I/PRP ] found/VBD in/IN ,/, um/UH ,/, in/IN  [ traveling/VBG overseas/NN ] --/:","(S (INTJ (UH Well)) (, ,) (EDITED (RM (-DFL- \[)) (S (NP-SBJ (PRP I)) (VP-UNF (VBD found))) (IP (-DFL- \+))) (NP-SBJ-1 (PRP I)) (VP (VBD found) (RS (-DFL- \])) (EDITED (RM (-DFL- \[)) (PP-UNF (IN in)) (, ,) (IP (-DFL- \+))) (INTJ (UH um)) (, ,) (PP (IN in) (RS (-DFL- \])) (S-NOM (NP-SBJ (-NONE- *-1)) (VP (VBG traveling) (ADVP-LOC (NN overseas))))) (SBAR (DT that) (, ,) (INTJ (UH uh)) (, ,) (S (ADVP-TMP (RB often)) (EDITED (RM (-DFL- \[)) (S (NP-SBJ (PRP it)) (VP-UNF (MD would))) (, ,) (IP (-DFL- \+))) (INTJ (UH uh)) (, ,) (NP-SBJ (NP (PRP it)) (S (-NONE- *EXP*-2))) (VP (MD would) (RS (-DFL- \])) (VP (VB expedite) (NP (NNS things)) (S-2 (NP-SBJ (-NONE- *)) (VP (TO to) (VP (VB have) (NP (DT an) (NNP American) (NNP Express) (NN credit) (NN card)) (PP (IN for) (NP (NP (NN hotel) (NNS bills)) (CC and) (ADVP-ETC (RB so) (RB forth)))))))))))) (. .) (-DFL- E_S))",112,229.25,232.95
sw01utt/sw_0144_2399.utt,2/sw2399,2399,76,b,A,53,1,Uh-huh. /,[ Uh-huh/UH ] ./.,(INTJ (UH Uh-huh) (. .) (-DFL- E_S)),116,233.97,234.21
sw01utt/sw_0144_2399.utt,2/sw2399,2399,77,+,B,54,1,"-- that, {F uh, } often [ it would, +  {F uh, } it would ] expedite things to have an American Express credit card --","--/:  [ that/DT ] ,/,  [ uh/UH ] ,/, often/RB  [ it/PRP ] would/MD ,/,  [ uh/UH ] ,/,  [ it/PRP ] would/MD expedite/VB  [ things/NNS ] to/TO have/VB  [ an/DT American/NNP Express/NNP credit/NN card/NN ] --/:","(S (INTJ (UH Well)) (, ,) (EDITED (RM (-DFL- \[)) (S (NP-SBJ (PRP I)) (VP-UNF (VBD found))) (IP (-DFL- \+))) (NP-SBJ-1 (PRP I)) (VP (VBD found) (RS (-DFL- \])) (EDITED (RM (-DFL- \[)) (PP-UNF (IN in)) (, ,) (IP (-DFL- \+))) (INTJ (UH um)) (, ,) (PP (IN in) (RS (-DFL- \])) (S-NOM (NP-SBJ (-NONE- *-1)) (VP (VBG traveling) (ADVP-LOC (NN overseas))))) (SBAR (DT that) (, ,) (INTJ (UH uh)) (, ,) (S (ADVP-TMP (RB often)) (EDITED (RM (-DFL- \[)) (S (NP-SBJ (PRP it)) (VP-UNF (MD would))) (, ,) (IP (-DFL- \+))) (INTJ (UH uh)) (, ,) (NP-SBJ (NP (PRP it)) (S (-NONE- *EXP*-2))) (VP (MD would) (RS (-DFL- \])) (VP (VB expedite) (NP (NNS things)) (S-2 (NP-SBJ (-NONE- *)) (VP (TO to) (VP (VB have) (NP (DT an) (NNP American) (NNP Express) (NN credit) (NN card)) (PP (IN for) (NP (NP (NN hotel) (NNS bills)) (CC and) (ADVP-ETC (RB so) (RB forth)))))))))))) (. .) (-DFL- E_S))",112,234.09,244.59
sw01utt/sw_0144_2399.utt,2/sw2399,2399,78,b,A,55,1,Oh really. /,Oh/UH really/UH ./.,(INTJ (INTJ (UH Oh)) (INTJ (UH really)) (. .) (-DFL- E_S)),119,245.45,246.07
sw01utt/sw_0144_2399.utt,2/sw2399,2399,79,+,B,56,1,-- for hotel bills and so forth. /,--/: for/IN  [ hotel/NN bills/NNS ] and/CC so/RB forth/RB ./.,"(S (INTJ (UH Well)) (, ,) (EDITED (RM (-DFL- \[)) (S (NP-SBJ (PRP I)) (VP-UNF (VBD found))) (IP (-DFL- \+))) (NP-SBJ-1 (PRP I)) (VP (VBD found) (RS (-DFL- \])) (EDITED (RM (-DFL- \[)) (PP-UNF (IN in)) (, ,) (IP (-DFL- \+))) (INTJ (UH um)) (, ,) (PP (IN in) (RS (-DFL- \])) (S-NOM (NP-SBJ (-NONE- *-1)) (VP (VBG traveling) (ADVP-LOC (NN overseas))))) (SBAR (DT that) (, ,) (INTJ (UH uh)) (, ,) (S (ADVP-TMP (RB often)) (EDITED (RM (-DFL- \[)) (S (NP-SBJ (PRP it)) (VP-UNF (MD would))) (, ,) (IP (-DFL- \+))) (INTJ (UH uh)) (, ,) (NP-SBJ (NP (PRP it)) (S (-NONE- *EXP*-2))) (VP (MD would) (RS (-DFL- \])) (VP (VB expedite) (NP (NNS things)) (S-2 (NP-SBJ (-NONE- *)) (VP (TO to) (VP (VB have) (NP (DT an) (NNP American) (NNP Express) (NN credit) (NN card)) (PP (IN for) (NP (NP (NN hotel) (NNS bills)) (CC and) (ADVP-ETC (RB so) (RB forth)))))))))))) (. .) (-DFL- E_S))",112,246.03,249.03
sw01utt/sw_0144_2399.utt,2/sw2399,2399,80,b,A,57,1,Yeah. /,Yeah/UH ./.,(INTJ (UH Yeah) (. .) (-DFL- E_S)),122,249.53,249.81
sw01utt/sw_0144_2399.utt,2/sw2399,2399,81,sd,B,58,1,"Plus [ I would, + {F uh, }   when they, {F uh, } would ] send the bill, they would automatically convert to the exchange rate. /","[ Plus/CC I/PRP ] would/MD ,/,  [ uh/UH ] ,/, when/WRB  [ they/PRP ] ,/,  [ uh/UH ] ,/, would/MD send/VB  [ the/DT bill/NN ] ,/,  [ they/PRP ] would/MD automatically/RB convert/VB to/IN  [ the/DT exchange/NN rate/NN ] ./.","(S (CC Plus) (EDITED (RM (-DFL- \[)) (S (NP-SBJ (PRP I)) (VP-UNF (MD would))) (, ,) (IP (-DFL- \+))) (INTJ (UH uh)) (, ,) (SBAR-TMP (WHADVP-1 (WRB when)) (S (NP-SBJ (PRP they)) (, ,) (INTJ (UH uh)) (, ,) (VP (MD would) (RS (-DFL- \])) (VP (VB send) (NP (DT the) (NN bill)) (ADVP-TMP (-NONE- *T*-1)))))) (, ,) (NP-SBJ (PRP they)) (VP (MD would) (ADVP (RB automatically)) (VP (VB convert) (PP (IN to) (NP (DT the) (NN exchange) (NN rate))))) (. .) (-DFL- E_S))",124,249.69,262.45
sw01utt/sw_0144_2399.utt,2/sw2399,2399,82,b,A,59,1,"Right,  /","Right/UH ,/,","(INTJ (UH Right) (, ,) (-DFL- E_S))",126,263.13,263.25
sw01utt/sw_0144_2399.utt,2/sw2399,2399,83,b^r,A,59,2,right. /,right/UH ./.,(INTJ (UH right) (. .) (-DFL- E_S)),127,263.49,263.93
sw01utt/sw_0144_2399.utt,2/sw2399,2399,84,sd,B,60,1,"{C So, }  now, the only time that got  to be a problem was, if the exchange rate changed drastically. /","So/RB ,/, now/RB ,/,  [ the/DT only/JJ time/NN ] [ that/WDT ] got/VBD to/TO be/VB  [ a/DT problem/NN ] was/VBD ,/, if/IN  [ the/DT exchange/NN rate/NN ] changed/VBD drastically/RB ./.","(S (RB So) (, ,) (INTJ (RB now)) (, ,) (NP-SBJ (NP (DT the) (JJ only) (NN time)) (SBAR (WHADVP-2 (-NONE- 0)) (S (NP-SBJ-1 (WDT that)) (VP (VBD got) (S (NP-SBJ (-NONE- *-1)) (VP (TO to) (VP (VB be) (NP-PRD (DT a) (NN problem)) (ADVP-TMP (-NONE- *T*-2))))))))) (VP (VBD was) (, ,) (SBAR-PRD (IN if) (S (NP-SBJ (DT the) (NN exchange) (NN rate)) (VP (VBD changed) (ADVP-MNR (RB drastically)))))) (. .) (-DFL- E_S))",129,264.45,272.31
sw01utt/sw_0144_2399.utt,2/sw2399,2399,85,b,A,61,1,Uh-huh. /,[ Uh-huh/UH ] ./.,(INTJ (UH Uh-huh) (. .) (-DFL- E_S)),116,273.95,274.11
sw01utt/sw_0144_2399.utt,2/sw2399,2399,86,sd,B,62,1,"{F Uh, } for example, I remember on one  trip to France <breathing> when I started planning the trip, I think, {F uh, }  a dollar was worth nine or ten  /","[ Uh/UH ] ,/, for/IN  [ example/NN ] ,/,  [ I/PRP ] remember/VBP on/IN  [ one/CD trip/NN ] to/IN  [ France/NNP ] when/WRB  [ I/PRP ] started/VBD planning/VBG  [ the/DT trip/NN ] ,/,  [ I/PRP ] think/VBP ,/,  [ uh/UH ] ,/,  [ a/DT dollar/NN ] was/VBD  [ worth/JJ nine/CD ] or/CC  [ ten/CD","(S (INTJ (UH Uh)) (, ,) (PP (IN for) (NP (NN example))) (, ,) (NP-SBJ (PRP I)) (VP (VBP remember) (SBAR (-NONE- 0) (S (S (PP (IN on) (NP (NP (CD one) (NN trip)) (PP (IN to) (NP (NNP France))))) (SBAR-TMP (WHADVP-2 (WRB when)) (S (NP-SBJ-1 (PRP I)) (VP (VBD started) (S (NP-SBJ (-NONE- *-1)) (VP (VBG planning) (NP (DT the) (NN trip)) (ADVP-TMP (-NONE- *T*-2))))))) (PRN (, ,) (S (NP-SBJ (PRP I)) (VP (VBP think))) (, ,)) (INTJ (UH uh)) (, ,) (NP-SBJ (DT a) (NN dollar)) (VP (VBD was) (ADJP-PRD (JJ worth) (NP (QP (CD nine) (CC or) (CD ten)) (-DFL- E_S) (NNS francs))))) (CC and) (S (ADVP (RB just)) (PP-TMP (IN in) (NP (NP (DT a) (NN matter)) (PP (IN of) (NP (NP (DT a) (NN week)) (CC or) (NP (CD two)))))) (NP-SBJ (DT the) (NN dollar)) (VP (VBD fell) (PP (IN against) (NP (DT the) (NN franc))) (, ,) (ADVP-MNR (RB drastically))))))) (. .) (-DFL- E_S))",133,273.99,285.51
sw01utt/sw_0144_2399.utt,2/sw2399,2399,87,sd@,B,62,2,"francs --   *[[ This looks like funny parsing to me.  Shouldn't ""francs"" be part of previous utt, and B.64, with it's coordinating conjunction and indep clause, start a new slash unit? ]]",francs/NNS ] --/:,"(S (INTJ (UH Uh)) (, ,) (PP (IN for) (NP (NN example))) (, ,) (NP-SBJ (PRP I)) (VP (VBP remember) (SBAR (-NONE- 0) (S (S (PP (IN on) (NP (NP (CD one) (NN trip)) (PP (IN to) (NP (NNP France))))) (SBAR-TMP (WHADVP-2 (WRB when)) (S (NP-SBJ-1 (PRP I)) (VP (VBD started) (S (NP-SBJ (-NONE- *-1)) (VP (VBG planning) (NP (DT the) (NN trip)) (ADVP-TMP (-NONE- *T*-2))))))) (PRN (, ,) (S (NP-SBJ (PRP I)) (VP (VBP think))) (, ,)) (INTJ (UH uh)) (, ,) (NP-SBJ (DT a) (NN dollar)) (VP (VBD was) (ADJP-PRD (JJ worth) (NP (QP (CD nine) (CC or) (CD ten)) (-DFL- E_S) (NNS francs))))) (CC and) (S (ADVP (RB just)) (PP-TMP (IN in) (NP (NP (DT a) (NN matter)) (PP (IN of) (NP (NP (DT a) (NN week)) (CC or) (NP (CD two)))))) (NP-SBJ (DT the) (NN dollar)) (VP (VBD fell) (PP (IN against) (NP (DT the) (NN franc))) (, ,) (ADVP-MNR (RB drastically))))))) (. .) (-DFL- E_S))",133,285.51,286.13
sw01utt/sw_0144_2399.utt,2/sw2399,2399,88,b,A,63,1,Uh-huh. /,[ Uh-huh/UH ] ./.,(INTJ (UH Uh-huh) (. .) (-DFL- E_S)),116,287.73,287.85
sw01utt/sw_0144_2399.utt,2/sw2399,2399,89,+@,B,64,1,"-- {C and } just in a matter of a week  or two the dollar fell against the franc, drastically.  / *[[ See note on B.62 utt2 above ]]","--/: and/CC just/RB in/IN  [ a/DT matter/NN ] of/IN  [ a/DT week/NN ] or/CC  [ two/CD ] [ the/DT dollar/NN ] fell/VBD against/IN  [ the/DT franc/NN ] ,/, drastically/RB ./.","(S (INTJ (UH Uh)) (, ,) (PP (IN for) (NP (NN example))) (, ,) (NP-SBJ (PRP I)) (VP (VBP remember) (SBAR (-NONE- 0) (S (S (PP (IN on) (NP (NP (CD one) (NN trip)) (PP (IN to) (NP (NNP France))))) (SBAR-TMP (WHADVP-2 (WRB when)) (S (NP-SBJ-1 (PRP I)) (VP (VBD started) (S (NP-SBJ (-NONE- *-1)) (VP (VBG planning) (NP (DT the) (NN trip)) (ADVP-TMP (-NONE- *T*-2))))))) (PRN (, ,) (S (NP-SBJ (PRP I)) (VP (VBP think))) (, ,)) (INTJ (UH uh)) (, ,) (NP-SBJ (DT a) (NN dollar)) (VP (VBD was) (ADJP-PRD (JJ worth) (NP (QP (CD nine) (CC or) (CD ten)) (-DFL- E_S) (NNS francs))))) (CC and) (S (ADVP (RB just)) (PP-TMP (IN in) (NP (NP (DT a) (NN matter)) (PP (IN of) (NP (NP (DT a) (NN week)) (CC or) (NP (CD two)))))) (NP-SBJ (DT the) (NN dollar)) (VP (VBD fell) (PP (IN against) (NP (DT the) (NN franc))) (, ,) (ADVP-MNR (RB drastically))))))) (. .) (-DFL- E_S))",133,287.73,295.43
sw01utt/sw_0144_2399.utt,2/sw2399,2399,90,sd,B,64,2,"{C And } [ whe-, + when ]  I finally got over there, it had fallen, {F uh, } two or three francs to the dollar.  /","And/CC  [ whe/WRB ] ,/, when/WRB  [ I/PRP ] finally/RB got/VBD over/IN there/RB ,/,  [ it/PRP ] had/VBD fallen/VBN ,/,  [ uh/UH ] ,/,  [ two/CD ] or/CC  [ three/CD francs/NNS ] to/IN  [ the/DT dollar/NN ] ./.","(S (CC And) (SBAR-TMP (EDITED (RM (-DFL- \[)) (WHADVP-UNF (WRB whe-)) (, ,) (IP (-DFL- \+))) (WHADVP-1 (WRB when)) (RS (-DFL- \])) (S (NP-SBJ (PRP I)) (ADVP-TMP (RB finally)) (VP (VBD got) (PP-LOC (IN over) (ADVP (RB there))) (ADVP-TMP (-NONE- *T*-1))))) (, ,) (NP-SBJ (PRP it)) (VP (VBD had) (VP (VBN fallen) (, ,) (INTJ (UH uh)) (, ,) (NP-ADV (NP (QP (CD two) (CC or) (CD three)) (NNS francs)) (PP (IN to) (NP (DT the) (NN dollar)))))) (. .) (-DFL- E_S))",137,295.65,302.03
sw01utt/sw_0144_2399.utt,2/sw2399,2399,91,%,B,64,3,"{C So } the <laughter>, -/","So/RB  [ the/DT ] ,/,","(S-UNF (RB So) (NP-UNF (DT the)) (, ,) (-DFL- N_S))",138,302.07,302.35
sw01utt/sw_0144_2399.utt,2/sw2399,2399,92,ba,A,65,1,Wow <laughter>. /,[ Wow/UH ] ./.,(INTJ (UH Wow) (. .) (-DFL- E_S)),140,303.21,303.59
sw01utt/sw_0144_2399.utt,2/sw2399,2399,93,sd,B,66,1,"{C So, }  I got caught a little short --","So/RB ,/,  [ I/PRP ] got/VBD caught/VBN  [ a/DT little/RB short/JJ ] --/:","(S (RB So) (, ,) (NP-SBJ-1 (PRP I)) (VP (VBD got) (VP (VBN caught) (S (NP-SBJ (-NONE- *-1)) (ADJP-PRD (NP-ADV (DT a) (RB little)) (JJ short)) (PP (IN in) (NP (DT that) (NN regard)))))) (, ,) (-DFL- E_S))",142,303.47,306.34999999999997
sw01utt/sw_0144_2399.utt,2/sw2399,2399,94,ba,A,67,1,Wow. /,[ Wow/UH ] ./.,(INTJ (UH Wow) (. .) (-DFL- E_S)),140,307.03,307.46999999999997
sw01utt/sw_0144_2399.utt,2/sw2399,2399,95,+,B,68,1,"-- in that regard,  /","--/: in/IN  [ that/DT regard/NN ] ,/,","(S (RB So) (, ,) (NP-SBJ-1 (PRP I)) (VP (VBD got) (VP (VBN caught) (S (NP-SBJ (-NONE- *-1)) (ADJP-PRD (NP-ADV (DT a) (RB little)) (JJ short)) (PP (IN in) (NP (DT that) (NN regard)))))) (, ,) (-DFL- E_S))",142,307.35,307.77000000000004
sw01utt/sw_0144_2399.utt,2/sw2399,2399,96,sd,B,68,2,"{C but, }  {F uh } --","but/CC ,/,  [ uh/UH ] --/:","(S (CC but) (, ,) (INTJ (UH uh)) (INTJ (UH uh)) (, ,) (EDITED (RM (-DFL- \[)) (NP-SBJ (PRP I)) (, ,) (IP (-DFL- \+))) (NP-SBJ (PRP I)) (RS (-DFL- \])) (VP (VBD was) (VP (VBG anticipating) (PRN (, ,) (S (NP-SBJ (PRP you)) (VP (VBP know))) (, ,)) (SBAR (-NONE- 0) (S (NP-SBJ (PRP$ my) (NN room)) (VP (MD would) (VP-UNF (VB cost) (, ,) (INTJ (UH uh)) (PRN (, ,) (S-IMP (NP-SBJ (-NONE- *)) (VP (VB let) (S (NP-SBJ (PRP 's)) (VP-UNF (VB say)))))))))))) (-DFL- N_S))",146,307.77,308.37
sw01utt/sw_0144_2399.utt,2/sw2399,2399,97,b,A,69,1,Yeah. /,Yeah/UH ./.,(INTJ (UH Yeah) (. .) (-DFL- E_S)),122,308.89,309.19
sw01utt/sw_0144_2399.utt,2/sw2399,2399,98,+,B,70,1,"-- {F uh, } [ I, + I ] was anticipating,  {D you know, } my room would cost, {F uh, } let's say - /","--/:  [ uh/UH ] ,/,  [ I/PRP ] ,/,  [ I/PRP ] was/VBD anticipating/VBG ,/,  [ you/PRP ] know/VBP ,/,  [ my/PRP$ room/NN ] would/MD cost/VB ,/, uh/UH ,/, let/VB  [ 's/PRP ] say/VB","(S (CC but) (, ,) (INTJ (UH uh)) (INTJ (UH uh)) (, ,) (EDITED (RM (-DFL- \[)) (NP-SBJ (PRP I)) (, ,) (IP (-DFL- \+))) (NP-SBJ (PRP I)) (RS (-DFL- \])) (VP (VBD was) (VP (VBG anticipating) (PRN (, ,) (S (NP-SBJ (PRP you)) (VP (VBP know))) (, ,)) (SBAR (-NONE- 0) (S (NP-SBJ (PRP$ my) (NN room)) (VP (MD would) (VP-UNF (VB cost) (, ,) (INTJ (UH uh)) (PRN (, ,) (S-IMP (NP-SBJ (-NONE- *)) (VP (VB let) (S (NP-SBJ (PRP 's)) (VP-UNF (VB say)))))))))))) (-DFL- N_S))",146,309.07,314.05
sw01utt/sw_0144_2399.utt,2/sw2399,2399,99,sd,B,70,2,"if it were, say sixty or seventy francs a night --","if/IN  [ it/PRP ] were/VBD ,/, say/VB  [ sixty/CD ] or/CC  [ seventy/CD francs/NNS ] [ a/DT night/NN ] --/:","(S (SBAR-ADV (IN if) (S (NP-SBJ (PRP it)) (VP (VBD were) (, ,) (INTJ (VB say)) (NP-PRD (NP (QP (CD sixty) (CC or) (CD seventy)) (NNS francs)) (NP-ADV (DT a) (NN night)))))) (NP-SBJ (WDT that)) (VP (MD would) (VP (VB mean) (SBAR (-NONE- 0) (S (NP-SBJ (PRP it)) (VP (MD would) (VP (VB be) (NP-PRD (NP (QP (RB about) (CD ten)) (NNS dollars) (QP (CC or) (RB so))) (, ,) (CC or) (ADVP (RB maybe)) (NP-UNF (CD twenty) (NNS dolls-))))))))) (, ,) (-DFL- E_S))",150,314.05,317.27
sw01utt/sw_0144_2399.utt,2/sw2399,2399,100,b,A,71,1,Right. /,[ Right/UH ] ./.,(INTJ (UH Right) (. .) (-DFL- E_S)),152,318.33,318.65
sw01utt/sw_0144_2399.utt,2/sw2399,2399,101,+,B,72,1,"-- that would mean it would be about ten dollars or so,  or maybe twenty dolls-,  /","--/:  [ that/WDT ] would/MD mean/VB  [ it/PRP ] would/MD be/VB about/RB  [ ten/CD dollars/NNS ] or/CC so/RB ,/, or/CC maybe/RB  [ twenty/CD dolls-/NNS ] ,/,","(S (SBAR-ADV (IN if) (S (NP-SBJ (PRP it)) (VP (VBD were) (, ,) (INTJ (VB say)) (NP-PRD (NP (QP (CD sixty) (CC or) (CD seventy)) (NNS francs)) (NP-ADV (DT a) (NN night)))))) (NP-SBJ (WDT that)) (VP (MD would) (VP (VB mean) (SBAR (-NONE- 0) (S (NP-SBJ (PRP it)) (VP (MD would) (VP (VB be) (NP-PRD (NP (QP (RB about) (CD ten)) (NNS dollars) (QP (CC or) (RB so))) (, ,) (CC or) (ADVP (RB maybe)) (NP-UNF (CD twenty) (NNS dolls-))))))))) (, ,) (-DFL- E_S))",150,318.53,322.92999999999995
sw01utt/sw_0144_2399.utt,2/sw2399,2399,102,sd,B,72,2,maybe it would be more than that.  /,maybe/RB  [ it/PRP ] would/MD be/VB more/JJR than/IN  [ that/DT ] ./.,(S (ADVP (RB maybe)) (NP-SBJ (PRP it)) (VP (MD would) (VP (VB be) (ADJP-PRD (ADJP (JJR more)) (PP (IN than) (NP (DT that)))))) (. .) (-DFL- E_S)),154,322.99,323.95
sw01utt/sw_0144_2399.utt,2/sw2399,2399,103,sd,B,72,3,It was more than.  /,[ It/PRP ] was/VBD more/JJR than/IN ./.,(S (NP-SBJ (PRP It)) (VP (VBD was) (ADJP-PRD (ADJP (JJR more)) (PP-UNF (IN than)))) (. .) (-DFL- E_S)),155,323.95,324.45
sw01utt/sw_0144_2399.utt,2/sw2399,2399,104,sd,B,72,4,It would average out to thirty-five or forty dollars a night --,[ It/PRP ] would/MD average/VB out/IN to/IN  [ thirty-five/CD ] or/CC  [ forty/CD dollars/NNS ] [ a/DT night/NN ] --/:,(S (NP-SBJ (PRP It)) (VP (MD would) (VP (VB average) (PRT (IN out)) (PP (IN to) (NP (NP (QP (CD thirty-five) (CC or) (CD forty)) (NNS dollars)) (NP-ADV (DT a) (NN night)) (SBAR (WHNP-1 (WDT which)) (S (NP-SBJ (-NONE- *T*-1)) (VP (VBZ is) (NP-PRD (DT a) (JJ reasonable) (NN rate))))))))) (. .) (-DFL- E_S)),156,324.45,327.47
sw01utt/sw_0144_2399.utt,2/sw2399,2399,105,b,A,73,1,Right. /,[ Right/UH ] ./.,(INTJ (UH Right) (. .) (-DFL- E_S)),152,327.59,327.71
sw01utt/sw_0144_2399.utt,2/sw2399,2399,106,+,B,74,1,-- which is a reasonable rate. /,--/:  [ which/WDT ] is/VBZ  [ a/DT reasonable/JJ rate/NN ] ./.,(S (NP-SBJ (PRP It)) (VP (MD would) (VP (VB average) (PRT (IN out)) (PP (IN to) (NP (NP (QP (CD thirty-five) (CC or) (CD forty)) (NNS dollars)) (NP-ADV (DT a) (NN night)) (SBAR (WHNP-1 (WDT which)) (S (NP-SBJ (-NONE- *T*-1)) (VP (VBZ is) (NP-PRD (DT a) (JJ reasonable) (NN rate))))))))) (. .) (-DFL- E_S)),156,327.59,328.51
sw01utt/sw_0144_2399.utt,2/sw2399,2399,107,b,A,75,1,Right. /,[ Right/UH ] ./.,(INTJ (UH Right) (. .) (-DFL- E_S)),152,328.99,329.41
sw01utt/sw_0144_2399.utt,2/sw2399,2399,108,sd,B,76,1,{C But } then <laughter> when I got back  and I was working for the government at the time -- -/,But/CC then/RB when/WRB  [ I/PRP ] got/VBD back/RB and/CC  [ I/PRP ] was/VBD working/VBG for/IN  [ the/DT government/NN ] at/IN  [ the/DT time/NN ] --/:,(S-UNF (CONJP (CC But) (RB then)) (SBAR-TMP (WHADVP-1 (WRB when)) (S (S (NP-SBJ (PRP I)) (VP (VBD got) (ADVP-LOC (RB back)))) (CC and) (S (NP-SBJ (PRP I)) (VP (VBD was) (VP (VBG working) (PP (IN for) (NP (DT the) (NN government))) (PP-TMP (IN at) (NP (DT the) (NN time)))))) (ADVP-TMP (-NONE- *T*-1)))) (-DFL- N_S)),163,329.63,334.53000000000003
sw01utt/sw_0144_2399.utt,2/sw2399,2399,109,b,A,77,1,Uh-huh. /,[ Uh-huh/UH ] ./.,(INTJ (UH Uh-huh) (. .) (-DFL- E_S)),165,335.67,335.97
sw01utt/sw_0144_2399.utt,2/sw2399,2399,110,sd,B,78,1,"-- of course the government was several months behind [ in,","--/: of/IN  [ course/NN ] [ the/DT government/NN ] was/VBD  [ several/JJ months/NNS ] behind/IN in/IN ,/,","(S (PP (IN of) (NP (NN course))) (NP-SBJ (DT the) (NN government)) (VP (VBD was) (ADVP-PRD (NP (JJ several) (NNS months)) (IN behind) (EDITED (RM (-DFL- \[)) (PP-UNF (IN in) (, ,) (NP (PRP$ their))) (, ,) (IP (-DFL- \+)))) (PP (IN on) (NP (NP (PRP$ its) (RS (-DFL- \])) (FW per) (FW diem)) (PP (IN for) (NP (NN exchange) (NN rate)))))) (. .) (-DFL- E_S))",167,336.41,340.53000000000003
sw01utt/sw_0144_2399.utt,2/sw2399,2399,111,b,A,79,1,"Right,  /","Right/UH ,/,","(INTJ (UH Right) (, ,) (-DFL- E_S))",169,340.65,340.83
sw01utt/sw_0144_2399.utt,2/sw2399,2399,112,b,A,79,2,yeah. /,yeah/UH ./.,(INTJ (UH yeah) (. .) (-DFL- E_S)),170,340.83,340.90999999999997
sw01utt/sw_0144_2399.utt,2/sw2399,2399,113,+,B,80,1,"their, + on its ] per diem for exchange rate. /","[ their/PRP$ ] ,/, on/IN  [ its/PRP$ ] per/FW  [ diem/FW ] for/IN  [ exchange/NN rate/NN ] ./.","(S (PP (IN of) (NP (NN course))) (NP-SBJ (DT the) (NN government)) (VP (VBD was) (ADVP-PRD (NP (JJ several) (NNS months)) (IN behind) (EDITED (RM (-DFL- \[)) (PP-UNF (IN in) (, ,) (NP (PRP$ their))) (, ,) (IP (-DFL- \+)))) (PP (IN on) (NP (NP (PRP$ its) (RS (-DFL- \])) (FW per) (FW diem)) (PP (IN for) (NP (NN exchange) (NN rate)))))) (. .) (-DFL- E_S))",167,340.79,343.05
sw01utt/sw_0144_2399.utt,2/sw2399,2399,114,b,A,81,1,Right. /,[ Right/UH ] ./.,(INTJ (UH Right) (. .) (-DFL- E_S)),152,343.89,344.15
sw01utt/sw_0144_2399.utt,2/sw2399,2399,115,sd,B,82,1,"{C So } there's a little consternation, {D you know, }  in trying to get them to compensate,","So/RB  [ there/EX ] 's/BES  [ a/DT little/JJ consternation/NN ] ,/,  [ you/PRP ] know/VBP ,/, in/IN trying/VBG to/TO get/VB  [ them/PRP ] to/TO compensate/VB ,/,","(S (RB So) (NP-SBJ (EX there)) (VP (BES 's) (NP-PRD (DT a) (JJ little) (NN consternation)) (PRN (, ,) (S (NP-SBJ (PRP you)) (VP (VBP know))) (, ,)) (PP (IN in) (S-NOM (NP-SBJ-1 (-NONE- *)) (VP (VBG trying) (S (NP-SBJ (-NONE- *-1)) (VP (TO to) (VP (VB get) (S (NP-SBJ (PRP them)) (VP (TO to) (VP (VB compensate) (, ,) (PP (IN for) (NP (NP (DT the) (NN difference)) (PP (IN in) (NP (DT the) (NN exchange) (NN rate))))))))))))))) (. .) (-DFL- E_S))",175,344.03,348.67
sw01utt/sw_0144_2399.utt,2/sw2399,2399,116,b,A,83,1,Yeah. /,Yeah/UH ./.,(INTJ (UH Yeah) (. .) (-DFL- E_S)),177,349.71,350.04999999999995
sw01utt/sw_0144_2399.utt,2/sw2399,2399,117,+,B,84,1,for the difference in the exchange rate. /,for/IN  [ the/DT difference/NN ] in/IN  [ the/DT exchange/NN rate/NN ] ./.,"(S (RB So) (NP-SBJ (EX there)) (VP (BES 's) (NP-PRD (DT a) (JJ little) (NN consternation)) (PRN (, ,) (S (NP-SBJ (PRP you)) (VP (VBP know))) (, ,)) (PP (IN in) (S-NOM (NP-SBJ-1 (-NONE- *)) (VP (VBG trying) (S (NP-SBJ (-NONE- *-1)) (VP (TO to) (VP (VB get) (S (NP-SBJ (PRP them)) (VP (TO to) (VP (VB compensate) (, ,) (PP (IN for) (NP (NP (DT the) (NN difference)) (PP (IN in) (NP (DT the) (NN exchange) (NN rate))))))))))))))) (. .) (-DFL- E_S))",175,350.15,351.59000000000003
sw01utt/sw_0144_2399.utt,2/sw2399,2399,118,aa,A,85,1,Right.  /,[ Right/UH ] ./.,(INTJ (UH Right) (. .) (-DFL- E_S)),158,352.11,352.61
sw01utt/sw_0144_2399.utt,2/sw2399,2399,119,aa,A,85,2,Yeah  /,Yeah/UH,(INTJ (UH Yeah) (-DFL- E_S)),181,352.97,353.15000000000003
sw01utt/sw_0144_2399.utt,2/sw2399,2399,120,%,A,85,3,"especially, -/","especially/RB ,/,","(ADVP (RB especially) (, ,) (-DFL- N_S))",182,353.15,353.60999999999996
sw01utt/sw_0144_2399.utt,2/sw2399,2399,121,sd,B,86,1,<Laughter>  That was the only time  I really got caught short.  /,[ That/DT ] was/VBD  [ the/DT only/JJ time/NN ] [ I/PRP ] really/RB got/VBD caught/VBN  [ short/JJ ] ./.,(S (NP-SBJ (DT That)) (VP (VBD was) (NP-PRD (NP (DT the) (JJ only) (NN time)) (SBAR (WHADVP-2 (-NONE- 0)) (S (NP-SBJ-1 (PRP I)) (ADVP (RB really)) (VP (VBD got) (VP (VBN caught) (S (NP-SBJ (-NONE- *-1)) (ADJP-PRD (JJ short))) (ADVP-TMP (-NONE- *T*-2)))))))) (. .) (-DFL- E_S)),184,353.63,356.16999999999996
sw01utt/sw_0144_2399.utt,2/sw2399,2399,122,sd,B,86,2,"[ {C And } I, +","And/CC  [ I/PRP ] ,/,","(S (EDITED (RM (-DFL- \[)) (CC And) (NP-SBJ (PRP I)) (, ,) (IP (-DFL- \+))) (CC But) (SBAR-ADV (IN as) (S (NP-SBJ (PRP I)) (RS (-DFL- \])) (VP (VBD said)))) (, ,) (EDITED (RM (-DFL- \[)) (ADVP-UNF (RBS most)) (, ,) (IP (-DFL- \+))) (ADVP (RBS most) (RS (-DFL- \])) (PP (IN of) (NP (DT all)))) (NP-SBJ-1 (PRP I)) (VP (VBP try) (RB not) (S (NP-SBJ (-NONE- *-1)) (VP (TO to) (VP (VB use) (NP (PRP them)) (, ,) (INTJ (UH uh)) (, ,) (EDITED (RM (-DFL- \[)) (PP (IN to) (NP-UNF (DT any))) (, ,) (IP (-DFL- \+))) (RS (-DFL- \])) (PRN (S (NP-SBJ (PRP you)) (VP (VBP know))) (, ,)) (ADVP-MNR (RB lavishly)) (, ,) (PP (IN in) (NP (DT that) (NN regard))))))) (. .) (-DFL- E_S))",185,356.37,356.57
sw01utt/sw_0144_2399.utt,2/sw2399,2399,123,b,A,87,1,Yeah. /,Yeah/UH ./.,(INTJ (UH Yeah) (. .) (-DFL- E_S)),177,356.73,357.03000000000003
sw01utt/sw_0144_2399.utt,2/sw2399,2399,124,+,B,88,1,"{C But } as I ] said, [ most, + most ]  of all I try not to use them, {F uh, } [ to any, + ] {D you know, } lavishly, in that regard. /","But/CC as/IN  [ I/PRP ] said/VBD ,/, most/RBS ,/, most/RBS of/IN  [ all/DT ] [ I/PRP ] try/VBP not/RB to/TO use/VB  [ them/PRP ] ,/,  [ uh/UH ] ,/, to/IN  [ any/DT ] ,/,  [ you/PRP ] know/VBP ,/, lavishly/RB ,/, in/IN  [ that/DT regard/NN ] ./.","(S (EDITED (RM (-DFL- \[)) (CC And) (NP-SBJ (PRP I)) (, ,) (IP (-DFL- \+))) (CC But) (SBAR-ADV (IN as) (S (NP-SBJ (PRP I)) (RS (-DFL- \])) (VP (VBD said)))) (, ,) (EDITED (RM (-DFL- \[)) (ADVP-UNF (RBS most)) (, ,) (IP (-DFL- \+))) (ADVP (RBS most) (RS (-DFL- \])) (PP (IN of) (NP (DT all)))) (NP-SBJ-1 (PRP I)) (VP (VBP try) (RB not) (S (NP-SBJ (-NONE- *-1)) (VP (TO to) (VP (VB use) (NP (PRP them)) (, ,) (INTJ (UH uh)) (, ,) (EDITED (RM (-DFL- \[)) (PP (IN to) (NP-UNF (DT any))) (, ,) (IP (-DFL- \+))) (RS (-DFL- \])) (PRN (S (NP-SBJ (PRP you)) (VP (VBP know))) (, ,)) (ADVP-MNR (RB lavishly)) (, ,) (PP (IN in) (NP (DT that) (NN regard))))))) (. .) (-DFL- E_S))",185,356.91,364.17
sw01utt/sw_0144_2399.utt,2/sw2399,2399,125,b,A,89,1,"Yeah,  /","Yeah/UH ,/,","(INTJ (UH Yeah) (, ,) (-DFL- E_S))",190,364.73,365.11
sw01utt/sw_0144_2399.utt,2/sw2399,2399,126,ba,A,89,2,"{D well } [ tha-, + that's ] good. /","well/UH  [ tha-/DT ] ,/,  [ that/DT ] 's/BES good/JJ ./.","(S (INTJ (UH well)) (EDITED (RM (-DFL- \[)) (NP-UNF (DT tha-)) (, ,) (IP (-DFL- \+))) (NP-SBJ (DT that)) (VP (BES 's) (RS (-DFL- \])) (ADJP-PRD (JJ good))) (. .) (-DFL- E_S))",191,365.21,365.97
sw01utt/sw_0144_2399.utt,2/sw2399,2399,127,qw,B,90,1,"{D Well, } from where are you calling? /","Well/UH ,/, from/IN where/WRB  [ are/VBP you/PRP ] calling/VBG ?/.","(SBARQ (INTJ (UH Well)) (, ,) (WHPP-1 (IN from) (WHADVP (WRB where))) (SQ (VBP are) (NP-SBJ (PRP you)) (VP (VBG calling) (PP (-NONE- *T*-1)))) (. ?) (-DFL- E_S))",193,365.99,368.85
sw01utt/sw_0144_2399.utt,2/sw2399,2399,128,sd,A,91,1,"{F Oh, } from the Dallas area. /","Oh/UH ,/, from/IN  [ the/DT Dallas/NNP area/NN ] ./.","(FRAG (INTJ (UH Oh)) (, ,) (PP (IN from) (NP (DT the) (NNP Dallas) (NN area))) (. .) (-DFL- E_S))",195,369.37,370.95
sw01utt/sw_0144_2399.utt,2/sw2399,2399,129,bf,B,92,1,"{D So }  you're from  Dal-,  /","So/UH  [ you/PRP ] 're/VBP from/IN  [ Dal-/NNP ] ,/,","(S (INTJ (UH So)) (NP-SBJ (PRP you)) (VP (VBP 're) (PP-PRD (IN from) (NP-UNF (NNP Dal-)))) (, ,) (-DFL- E_S))",197,370.95,371.37
sw01utt/sw_0144_2399.utt,2/sw2399,2399,130,bk,B,92,2,"okay,  /","okay/UH ,/,","(INTJ (UH okay) (, ,) (-DFL- E_S))",198,371.37,371.73
sw01utt/sw_0144_2399.utt,2/sw2399,2399,131,sd,B,92,3,I'm from Maryland. /,[ I/PRP ] 'm/VBP from/IN  [ Maryland/NNP ] ./.,(S (NP-SBJ (PRP I)) (VP (VBP 'm) (PP-PRD (IN from) (NP (NNP Maryland)))) (. .) (-DFL- E_S)),199,371.73,372.46999999999997
sw01utt/sw_0144_2399.utt,2/sw2399,2399,132,bh,A,93,1,{F Oh } really. /,Oh/UH really/UH ./.,(INTJ (INTJ (UH Oh)) (INTJ (UH really)) (. .) (-DFL- E_S)),201,372.93,373.55
sw01utt/sw_0144_2399.utt,2/sw2399,2399,133,ny,B,94,1,Yeah <laughter>. /,Yeah/UH ./.,(INTJ (UH Yeah) (. .) (-DFL- E_S)),177,373.59,373.92999999999995
sw01utt/sw_0144_2399.utt,2/sw2399,2399,134,ba,A,95,1,Wow.  /,[ Wow/UH ] ./.,(INTJ (UH Wow) (. .) (-DFL- E_S)),205,374.17,374.63
sw01utt/sw_0144_2399.utt,2/sw2399,2399,135,qy,A,95,2,Do you work for T I? /,Do/VBP  [ you/PRP ] work/VB for/IN  [ T/NNP I/NNP ] ?/.,(SQ (VBP Do) (NP-SBJ (PRP you)) (VP (VB work) (PP (IN for) (NP (NNP T) (NNP I)))) (. ?) (-DFL- E_S)),206,374.65,375.83000000000004
sw01utt/sw_0144_2399.utt,2/sw2399,2399,136,nn,B,96,1,No.  /,[ No/UH ] ./.,(INTJ (UH No) (. .) (-DFL- E_S)),208,375.91,376.21000000000004
sw01utt/sw_0144_2399.utt,2/sw2399,2399,137,sd^e,B,96,2,I work for G T E. /,[ I/PRP ] work/VBP for/IN  [ G/NNP T/NNP E/NNP ] ./.,(S (NP-SBJ (PRP I)) (VP (VBP work) (PP (IN for) (NP (NNP G) (NNP T) (NNP E)))) (. .) (-DFL- E_S)),209,376.21,377.39000000000004
sw01utt/sw_0144_2399.utt,2/sw2399,2399,138,bh,A,97,1,"{D Well, } really. /","Well/UH ,/, really/UH ./.","(INTJ (INTJ (UH Well)) (, ,) (INTJ (UH really)) (. .) (-DFL- E_S))",211,377.97,378.83000000000004
sw01utt/sw_0144_2399.utt,2/sw2399,2399,139,ny,B,98,1,Yes. /,Yes/UH ./.,(INTJ (UH Yes) (. .) (-DFL- E_S)),213,378.83,379.03
sw01utt/sw_0144_2399.utt,2/sw2399,2399,140,qy^d,A,99,1,{F Um. } I wonder how T I got G T E involved. /,Um/UH ./.  [ I/PRP ] wonder/VBP how/WRB  [ T/NNP I/NNP ] got/VBD  [ G/NNP T/NNP E/NNP ] involved/VBD ./.,(S (INTJ (UH Um)) (. .) (NP-SBJ (PRP I)) (VP (VBP wonder) (SBAR (WHADVP-1 (WRB how)) (S (NP-SBJ (NNP T) (NNP I)) (VP (VBD got) (S (NP-SBJ (NNP G) (NNP T) (NNP E)) (ADJP-PRD (VBD involved))) (ADVP-MNR (-NONE- *T*-1)))))) (. .) (-DFL- E_S)),215,380.29,385.28999999999996
sw01utt/sw_0144_2399.utt,2/sw2399,2399,141,sd,B,100,1,"{D Well, } I know Jack Godfrey. /","Well/UH ,/,  [ I/PRP ] know/VBP  [ Jack/NNP Godfrey/NNP ] ./.","(S (INTJ (UH Well)) (, ,) (NP-SBJ (PRP I)) (VP (VBP know) (NP (NNP Jack) (NNP Godfrey))) (. .) (-DFL- E_S))",217,385.77,388.10999999999996
sw01utt/sw_0144_2399.utt,2/sw2399,2399,142,bk,A,101,1,"{F Oh, } okay. /","Oh/UH ,/, okay/UH ./.","(INTJ (INTJ (UH Oh)) (, ,) (INTJ (UH okay)) (. .) (-DFL- E_S))",219,388.69,389.31
sw01utt/sw_0144_2399.utt,2/sw2399,2399,143,sd,B,102,1,I know him very well.  /,[ I/PRP ] know/VBP  [ him/PRP ] very/RB well/UH ./.,(S (NP-SBJ (PRP I)) (VP (VBP know) (NP (PRP him)) (ADVP-MNR (RB very) (UH well))) (. .) (-DFL- E_S)),221,389.45,390.10999999999996
sw01utt/sw_0144_2399.utt,2/sw2399,2399,144,sd,B,102,2,"I've known Jack for a long time,  /","[ I/PRP ] 've/VBP known/VBN  [ Jack/NNP ] for/IN  [ a/DT long/JJ time/NN ] ,/,","(S (NP-SBJ (PRP I)) (VP (VBP 've) (VP (VBN known) (NP (NNP Jack)) (PP-TMP (IN for) (NP (DT a) (JJ long) (NN time))))) (, ,) (-DFL- E_S))",222,390.11,391.33
sw01utt/sw_0144_2399.utt,2/sw2399,2399,145,sd,B,102,3,{C and } I'm also in the speech business. /,and/CC  [ I/PRP ] 'm/VBP also/RB in/IN  [ the/DT speech/NN business/NN ] ./.,(S (CC and) (NP-SBJ (PRP I)) (VP (VBP 'm) (ADVP (RB also)) (PP-PRD (IN in) (NP (DT the) (NN speech) (NN business)))) (. .) (-DFL- E_S)),223,391.33,393.75
sw01utt/sw_0144_2399.utt,2/sw2399,2399,146,bk,A,103,1,"{F Oh, } okay. /","Oh/UH ,/, okay/UH ./.","(INTJ (INTJ (UH Oh)) (, ,) (INTJ (UH okay)) (. .) (-DFL- E_S))",219,394.11,394.71
sw01utt/sw_0144_2399.utt,2/sw2399,2399,147,sd^t,B,104,1,"{C So, }   when I heard that Jack  was going to do this, I called him and asked for an <meow> application where I could participate --","So/RB ,/, when/WRB  [ I/PRP ] heard/VBD that/IN  [ Jack/NNP ] was/VBD going/VBG to/TO do/VB  [ this/DT ] ,/,  [ I/PRP ] called/VBD  [ him/PRP ] and/CC asked/VBD for/IN  [ an/DT application/NN ] where/WRB  [ I/PRP ] could/MD participate/VB --/:","(S (RB So) (, ,) (SBAR-TMP (WHADVP-2 (WRB when)) (S (NP-SBJ (PRP I)) (VP (VBD heard) (SBAR (IN that) (S (NP-SBJ-1 (NNP Jack)) (VP (VBD was) (VP (VBG going) (S (NP-SBJ (-NONE- *-1)) (VP (TO to) (VP (VB do) (NP (DT this))))))))) (ADVP-TMP (-NONE- *T*-2))))) (, ,) (NP-SBJ (PRP I)) (VP (VP (VBD called) (NP (PRP him))) (CC and) (VP (VBD asked) (PP (IN for) (NP (NP (DT an) (NN application)) (SBAR (WHADVP-3 (WRB where)) (S (NP-SBJ (PRP I)) (VP (MD could) (VP (VB participate) (PP (IN in) (NP (DT this))) (ADVP (-NONE- *T*-3)))))))))) (. .) (-DFL- E_S))",227,394.99,402.63
sw01utt/sw_0144_2399.utt,2/sw2399,2399,148,b,A,105,1,"Yeah,  /","Yeah/UH ,/,","(INTJ (UH Yeah) (, ,) (-DFL- E_S))",229,403.27,403.49
sw01utt/sw_0144_2399.utt,2/sw2399,2399,149,b^r,A,105,2,yeah. /,yeah/UH ./.,(INTJ (UH yeah) (. .) (-DFL- E_S)),230,403.49,403.57
sw01utt/sw_0144_2399.utt,2/sw2399,2399,150,+,B,106,1,-- in this.   /,--/: in/IN  [ this/DT ] ./.,"(S (RB So) (, ,) (SBAR-TMP (WHADVP-2 (WRB when)) (S (NP-SBJ (PRP I)) (VP (VBD heard) (SBAR (IN that) (S (NP-SBJ-1 (NNP Jack)) (VP (VBD was) (VP (VBG going) (S (NP-SBJ (-NONE- *-1)) (VP (TO to) (VP (VB do) (NP (DT this))))))))) (ADVP-TMP (-NONE- *T*-2))))) (, ,) (NP-SBJ (PRP I)) (VP (VP (VBD called) (NP (PRP him))) (CC and) (VP (VBD asked) (PP (IN for) (NP (NP (DT an) (NN application)) (SBAR (WHADVP-3 (WRB where)) (S (NP-SBJ (PRP I)) (VP (MD could) (VP (VB participate) (PP (IN in) (NP (DT this))) (ADVP (-NONE- *T*-3)))))))))) (. .) (-DFL- E_S))",227,403.57,403.96999999999997
sw01utt/sw_0144_2399.utt,2/sw2399,2399,151,sd^t,B,106,2,"{C And, so } that's how I got <meow> involved. /","And/CC ,/, so/RB  [ that/DT ] 's/BES how/WRB  [ I/PRP ] got/VBD involved/JJ ./.","(S (CONJP (CC And) (, ,) (RB so)) (NP-SBJ (DT that)) (VP (BES 's) (SBAR-MNR-PRD (WHADVP-1 (WRB how)) (S (NP-SBJ (PRP I)) (VP (VBD got) (ADJP-PRD (JJ involved)) (ADVP-MNR (-NONE- *T*-1)))))) (. .) (-DFL- E_S))",232,404.59,406.67
sw01utt/sw_0144_2399.utt,2/sw2399,2399,152,b,A,107,1,Yeah.  /,Yeah/UH ./.,(INTJ (UH Yeah) (. .) (-DFL- E_S)),234,407.35,407.57000000000005
sw01utt/sw_0144_2399.utt,2/sw2399,2399,153,sv,A,107,2,"You have a [ very, + {F um, } very, ] - /","[ You/PRP ] have/VBP  [ a/DT ] very/RB ,/, um/UH ,/, very/RB ,/,","(S (NP-SBJ (PRP You)) (VP (VBP have) (NP-UNF (DT a) (EDITED (RM (-DFL- \[)) (RB very) (, ,) (IP (-DFL- \+))) (INTJ (UH um)) (, ,) (RB very))) (, ,) (RS (-DFL- \])) (-DFL- N_S))",235,407.57,410.57
sw01utt/sw_0144_2399.utt,2/sw2399,2399,154,t1,A,107,3,what's the word.  /,[ what/WP ] 's/BES  [ the/DT word/NN ] ./.,(SBARQ (WHNP-1 (WP what)) (SQ (BES 's) (NP-SBJ (DT the) (NN word)) (NP-PRD (-NONE- *T*-1))) (. .) (-DFL- E_S)),236,410.81,411.66999999999996
sw01utt/sw_0144_2399.utt,2/sw2399,2399,155,sv,A,107,4,"[ Your, + your ] speech is very exact. /","[ Your/PRP$ ] ,/,  [ your/PRP$ speech/NN ] is/VBZ very/RB exact/JJ ./.","(S (EDITED (RM (-DFL- \[)) (NP-SBJ-UNF (PRP$ Your)) (, ,) (IP (-DFL- \+))) (NP-SBJ (PRP$ your) (RS (-DFL- \])) (NN speech)) (VP (VBZ is) (ADJP-PRD (RB very) (JJ exact))) (. .) (-DFL- E_S))",237,412.21,414.55
sw01utt/sw_0144_2399.utt,2/sw2399,2399,156,ft,B,108,1,{F Oh. }  Thank you very much <laughter>.  /,Oh/UH ./.  Thank/VBP  [ you/PRP ] very/RB much/RB ./.,(S (INTJ (UH Oh)) (. .) (NP-SBJ (-NONE- *)) (VP (VBP Thank) (NP (PRP you)) (ADVP (RB very) (RB much))) (. .) (-DFL- E_S)),239,414.73,418.25
sw01utt/sw_0144_2399.utt,2/sw2399,2399,157,sd,B,108,2,"{C But, }  as Jack said, I'm one of [ the, + the ] old hands in the speech business. /","But/CC ,/, as/IN  [ Jack/NNP ] said/VBD ,/,  [ I/PRP ] 'm/VBP  [ one/CD ] of/IN  [ the/DT ] ,/,  [ the/DT old/JJ hands/NNS ] in/IN  [ the/DT speech/NN business/NN ] ./.","(S (CC But) (, ,) (SBAR-ADV (IN as) (S (NP-SBJ (NNP Jack)) (VP (VBD said)))) (, ,) (NP-SBJ (PRP I)) (VP (VBP 'm) (NP-PRD (NP (CD one)) (PP (IN of) (EDITED (RM (-DFL- \[)) (NP-UNF (DT the)) (, ,) (IP (-DFL- \+))) (NP (DT the) (RS (-DFL- \])) (JJ old) (NNS hands)))) (PP (IN in) (NP (DT the) (NN speech) (NN business)))) (. .) (-DFL- E_S))",240,418.25,424.57
sw01utt/sw_0144_2399.utt,2/sw2399,2399,158,bh,A,109,1,{F Oh } really. /,Oh/UH really/UH ./.,(INTJ (INTJ (UH Oh)) (INTJ (UH really)) (. .) (-DFL- E_S)),242,424.57,425.01
sw01utt/sw_0144_2399.utt,2/sw2399,2399,159,ny,B,110,1,"Yeah,  /","Yeah/UH ,/,","(INTJ (UH Yeah) (, ,) (-DFL- E_S))",229,425.01,425.09
sw01utt/sw_0144_2399.utt,2/sw2399,2399,160,ny,B,110,2,"{F uh. }   Yes,  /","[ uh/UH ] ./.  Yes/UH ,/,","(INTJ (INTJ (UH uh)) (. .) (INTJ (UH Yes)) (, ,) (-DFL- E_S))",245,425.15,425.51000000000005
sw01utt/sw_0144_2399.utt,2/sw2399,2399,161,sd^e,B,110,3,"[ I, + I've ]  been doing it for twenty some odd years. /","[ I/PRP ] ,/,  [ I/PRP ] 've/VBP been/VBN doing/VBG  [ it/PRP ] for/IN  [ twenty/CD ] [ some/DT odd/JJ years/NNS ] ./.","(S (EDITED (RM (-DFL- \[)) (NP-SBJ (PRP I)) (, ,) (IP (-DFL- \+))) (NP-SBJ (PRP I)) (VP (VBP 've) (RS (-DFL- \])) (VP (VBN been) (VP (VBG doing) (NP (PRP it)) (PP-TMP (IN for) (NP (QP (CD twenty) (DT some) (JJ odd)) (NNS years)))))) (. .) (-DFL- E_S))",246,425.51,427.65000000000003
sw01utt/sw_0144_2399.utt,2/sw2399,2399,162,ba,A,111,1,Wow. /,[ Wow/UH ] ./.,(INTJ (UH Wow) (. .) (-DFL- E_S)),248,428.11,428.55
sw01utt/sw_0144_2399.utt,2/sw2399,2399,163,sd^t,B,112,1,"{C And so, } {F uh, } I was very much interested,  {F uh, } in getting involved in, {F uh, } switchboard. /","And/CC so/RB ,/,  [ uh/UH ] ,/,  [ I/PRP ] was/VBD very/RB much/RB interested/VBN ,/,  [ uh/UH ] ,/, in/IN getting/VBG involved/VBN in/IN ,/,  [ uh/UH ] ,/,  [ switchboard/NN ] ./.","(S (CONJP (CC And) (RB so)) (, ,) (INTJ (UH uh)) (, ,) (NP-SBJ-1 (PRP I)) (VP (VBD was) (ADJP-PRD (ADVP (RB very) (RB much)) (VBN interested) (, ,) (INTJ (UH uh)) (, ,) (PP (IN in) (S-NOM (NP-SBJ (-NONE- *-1)) (VP (VBG getting) (ADJP-PRD (VBN involved) (PP (IN in) (, ,) (INTJ (UH uh)) (, ,) (NP (NN switchboard))))))))) (. .) (-DFL- E_S))",250,428.55,435.63
sw01utt/sw_0144_2399.utt,2/sw2399,2399,164,b,A,113,1,Yeah. /,Yeah/UH ./.,(INTJ (UH Yeah) (. .) (-DFL- E_S)),234,436.49,436.85
sw01utt/sw_0144_2399.utt,2/sw2399,2399,165,qy^d,B,114,1,"{C So, } {F uh, } you work for T I? /","So/RB ,/,  [ uh/UH ] ,/,  [ you/PRP ] work/VBP for/IN  [ T/NNP I/NNP ] ?/.","(S (RB So) (, ,) (INTJ (UH uh)) (, ,) (NP-SBJ (PRP you)) (VP (VBP work) (PP (IN for) (NP (NNP T) (NNP I)))) (. ?) (-DFL- E_S))",254,437.61,438.91
sw01utt/sw_0144_2399.utt,2/sw2399,2399,166,na,A,115,1,Right.  /,[ Right/UH ] ./.,(INTJ (UH Right) (. .) (-DFL- E_S)),256,439.31,439.63
sw01utt/sw_0144_2399.utt,2/sw2399,2399,167,sd^e,A,115,2,I work in  ((   )) . /,[ I/PRP ] work/VBP in/IN  [ MUMBLEx/XX ] ./.,(S (NP-SBJ (PRP I)) (VP (VBP work) (PP (IN in) (NP (X (XX MUMBLEx))))) (. .) (-DFL- E_S)),257,439.63,442.15
sw01utt/sw_0144_2399.utt,2/sw2399,2399,168,bh,B,116,1,"{F Oh, } really? /","Oh/UH ,/, really/UH ?/.","(INTJ (INTJ (UH Oh)) (, ,) (INTJ (UH really)) (. ?) (-DFL- E_S))",259,442.47,442.92999999999995
sw01utt/sw_0144_2399.utt,2/sw2399,2399,169,ny,A,117,1,Yeah. /,Yeah/UH ./.,(INTJ (UH Yeah) (. .) (-DFL- E_S)),234,443.27,443.60999999999996
sw01utt/sw_0144_2399.utt,2/sw2399,2399,170,sd^t,B,118,1,I guess we're supposed to do this part of it before we started the recording <laughter>. /,[ I/PRP ] guess/VBP  [ we/PRP ] 're/VBP supposed/VBN to/TO do/VB  [ this/DT part/NN ] of/IN  [ it/PRP ] before/IN  [ we/PRP ] started/VBD  [ the/DT recording/NN ] ./.,(S (NP-SBJ (PRP I)) (VP (VBP guess) (SBAR (-NONE- 0) (S (NP-SBJ-1 (PRP we)) (VP (VBP 're) (VP (VBN supposed) (S (NP-SBJ (-NONE- *-1)) (VP (TO to) (VP (VB do) (NP (NP (DT this) (NN part)) (PP (IN of) (NP (PRP it)))) (SBAR-TMP (IN before) (S (NP-SBJ (PRP we)) (VP (VBD started) (NP (DT the) (NN recording))))))))))))) (. .) (-DFL- E_S)),263,444.05,446.84999999999997
sw01utt/sw_0144_2399.utt,2/sw2399,2399,171,aa,A,119,1,Yeah <laughter>.  /,Yeah/UH ./.,(INTJ (UH Yeah) (. .) (-DFL- E_S)),234,447.09,447.51
sw01utt/sw_0144_2399.utt,2/sw2399,2399,172,sd^t,A,119,2,"I think we talked for a good eight minutes about the subject,  /","[ I/PRP ] think/VBP  [ we/PRP ] talked/VBD for/IN  [ a/DT good/JJ eight/CD minutes/NNS ] about/IN  [ the/DT subject/NN ] ,/,","(S (NP-SBJ (PRP I)) (VP (VBP think) (SBAR (-NONE- 0) (S (NP-SBJ (PRP we)) (VP (VBD talked) (PP-TMP (IN for) (NP (QP (DT a) (JJ good) (CD eight)) (NNS minutes))) (PP (IN about) (NP (DT the) (NN subject))))))) (, ,) (-DFL- E_S))",266,447.59,451.61
sw01utt/sw_0144_2399.utt,2/sw2399,2399,173,sd^t,A,119,3,"{C so, }  I think you get ten,  /","so/RB ,/,  [ I/PRP ] think/VBP  [ you/PRP ] get/VBP  [ ten/CD ] ,/,","(S (RB so) (, ,) (NP-SBJ (PRP I)) (VP (VBP think) (SBAR (-NONE- 0) (S (NP-SBJ (PRP you)) (VP (VBP get) (NP (CD ten)))))) (, ,) (-DFL- E_S))",267,451.63,453.53
sw01utt/sw_0144_2399.utt,2/sw2399,2399,174,sv^t,A,119,4,{C so } I think we're okay. /,so/RB  [ I/PRP ] think/VBP  [ we/PRP ] 're/VBP okay/JJ ./.,(S (RB so) (NP-SBJ (PRP I)) (VP (VBP think) (SBAR (-NONE- 0) (S (NP-SBJ (PRP we)) (VP (VBP 're) (ADJP-PRD (JJ okay)))))) (. .) (-DFL- E_S)),268,453.53,455.11
sw01utt/sw_0144_2399.utt,2/sw2399,2399,175,aa,B,120,1,Alright.  /,Alright/UH ./.,(INTJ (UH Alright) (. .) (-DFL- E_S)),270,455.17,455.51
sw01utt/sw_0144_2399.utt,2/sw2399,2399,176,aa,B,120,2,"Okay,  /","[ Okay/UH ] ,/,","(INTJ (UH Okay) (, ,) (-DFL- E_S))",271,455.95,456.25
sw01utt/sw_0144_2399.utt,2/sw2399,2399,177,aa,B,120,3,fine.  /,[ fine/UH ] ./.,(INTJ (UH fine) (. .) (-DFL- E_S)),272,456.25,456.63
sw01utt/sw_0144_2399.utt,2/sw2399,2399,178,fc,B,120,4,"{D Well, } you have a good evening. /","Well/UH ,/,  [ you/PRP ] have/VBP  [ a/DT good/JJ evening/NN ] ./.","(S-IMP (INTJ (UH Well)) (, ,) (NP-SBJ (PRP you)) (VP (VBP have) (NP (DT a) (JJ good) (NN evening))) (. .) (-DFL- E_S))",273,456.63,457.53
sw01utt/sw_0144_2399.utt,2/sw2399,2399,179,fc,A,121,1,"{D Well, } you too. /","Well/UH ,/,  [ you/PRP ] too/RB ./.","(FRAG (INTJ (UH Well)) (, ,) (NP (PRP you)) (ADVP (RB too)) (. .) (-DFL- E_S))",275,457.99,458.25
sw01utt/sw_0144_2399.utt,2/sw2399,2399,180,fc,B,122,1,It's been pleasant talking to you. /,[ It/PRP ] 's/HVS been/VBN  [ pleasant/JJ ] talking/VBG to/IN  [ you/PRP ] ./.,(S (NP-SBJ (NP (PRP It)) (S (-NONE- *EXP*-1))) (VP (HVS 's) (VP (VBN been) (ADJP-PRD (JJ pleasant)) (S-1 (NP-SBJ (-NONE- *)) (VP (VBG talking) (PP (IN to) (NP (PRP you))))))) (. .) (-DFL- E_S)),277,458.25,459.89000000000004
sw01utt/sw_0144_2399.utt,2/sw2399,2399,181,fc,A,123,1,Same here. /,[ Same/JJ ] here/RB ./.,(FRAG (NP (JJ Same)) (ADVP-LOC (RB here)) (. .) (-DFL- E_S)),279,459.89,460.49
sw01utt/sw_0144_2399.utt,2/sw2399,2399,182,fc,B,124,1,Take care.  /,Take/VB  [ care/NN ] ./.,(S-IMP (NP-SBJ (-NONE- *)) (VP (VB Take) (NP (NN care))) (. .) (-DFL- E_S)),281,460.51,460.96999999999997
sw01utt/sw_0144_2399.utt,2/sw2399,2399,183,fc,B,124,2,Good night. /,[ Good/JJ night/NN ] ./.,(INTJ (JJ Good) (NN night) (. .) (-DFL- E_S)),282,461.17,461.59000000000003
sw01utt/sw_0144_2399.utt,2/sw2399,2399,184,fc,A,125,1,Bye. /,[ Bye/UH ] ./.,(INTJ (UH Bye) (. .) (-DFL- E_S)),284,461.59,461.95
