act_tag,caller,conversation_no,end_ts,pos,ptb_basename,ptb_treenumbers,start_ts,subutterance_index,swda_filename,text,transcript_index,trees,utterance_index
o,A,2325,1.6800000000000002,Okay/UH ./.,2/sw2325,,1.06,1,sw08utt/sw_0899_2325.utt,<Talking> Okay.  /,0,,1
qy,A,2325,4.8,"So/UH ,/, uh/UH ,/, then/UH ,/, do/VBP you/PRP keep/VB kids/NNS ?/.",2/sw2325,,1.76,2,sw08utt/sw_0899_2325.utt,"{D So, } {F uh, } then, do you keep kids?  /",1,,1
qy,A,2325,6.260000000000001,Is/VBZ this/DT two/CD year/NN old/JJ yours/PRP,2/sw2325,,4.8,3,sw08utt/sw_0899_2325.utt,Is this two year old yours  /,2,,1
qrr,A,2325,6.92,or/CC do/VBP you/PRP keep/VB children/NNS for/IN other/JJ people/NNS ?/.,2/sw2325,,6.26,4,sw08utt/sw_0899_2325.utt,{C or } do you keep # children for other people? # /,3,,1
nn,B,2325,7.13,No/UH ./.,2/sw2325,,6.85,1,sw08utt/sw_0899_2325.utt,# <Noise> <<dryer>> <child_talking> <TV> No.  /,4,,2
sd^e,B,2325,8.25,I/PRP have/VBP two/CD children/NNS ./.,2/sw2325,,7.15,2,sw08utt/sw_0899_2325.utt,I have two children.  /,5,,2
sd,B,2325,10.15,I/PRP have/VBP a/DT two/CD year/NN old/JJ and/CC a/DT three/CD and/CC a/DT half/NN year/NN old/JJ ./.,2/sw2325,,8.25,3,sw08utt/sw_0899_2325.utt,# I have a two year old and a three and a half year old. /,6,,2
sd,A,2325,11.89,"Oh/UH ,/, that/DT 's/BES exactly/RB what/WP I/PRP have/VBP ./.",2/sw2325,,10.25,1,sw08utt/sw_0899_2325.utt,"{F Oh, } that's exactly what I have. /",7,,3
bh,B,2325,12.17,Really/UH ?/.,2/sw2325,,11.79,1,sw08utt/sw_0899_2325.utt,Really? /,8,,4
ny,A,2325,12.43,Yes/UH ./.,2/sw2325,,12.33,1,sw08utt/sw_0899_2325.utt,Yes. /,9,,5
ba,B,2325,13.37,That/DT 's/BES wild/JJ ./.,2/sw2325,,12.41,1,sw08utt/sw_0899_2325.utt,That's wild. /,10,,6
ba,A,2325,14.07,I/PRP know/VBP ./.,2/sw2325,,13.53,1,sw08utt/sw_0899_2325.utt,I know. /,11,,7
x,B,2325,0.0,,2/sw2325,,0.0,1,sw08utt/sw_0899_2325.utt,<Laughter>.,12,,8
%,A,2325,14.37,"I/PRP ,/,",2/sw2325,,14.09,1,sw08utt/sw_0899_2325.utt,"I, - /",13,,9
sd,A,2325,16.87,"my/PRP$ ,/, my/PRP$ little/JJ girl/NN was/VBD three/CD and/CC a/DT half/NN in/IN March/NNP",2/sw2325,,14.37,2,sw08utt/sw_0899_2325.utt,"[ my, + my ] little girl was three and a half in March  /",14,,9
sd,A,2325,18.57,and/CC my/PRP$ son/NN was/VBD two/CD in/IN January/NNP ./.,2/sw2325,,16.87,3,sw08utt/sw_0899_2325.utt,{C and } my son was two in January. /,15,,9
ba,B,2325,19.24,"Oh/UH ,/, boy/UH ./.",2/sw2325,,18.56,1,sw08utt/sw_0899_2325.utt,"{F Oh, } boy.  /",16,,10
sd,B,2325,20.52,"Well/UH ,/, mine/PRP was/VBD two/CD in/IN March/NNP",2/sw2325,,19.24,2,sw08utt/sw_0899_2325.utt,"{D Well, } mine was two in March  /",17,,10
sd,B,2325,22.96,"and/CC the/DT three/CD and/CC a/DT half/NN year/NN old/JJ will/MD be/VB four/CD in/IN ,/, in/IN July/NNP ./.",2/sw2325,,20.52,3,sw08utt/sw_0899_2325.utt,"{C and } the three and a half year old will be four [ in, + in ] July. /",18,,10
ba,A,2325,24.27,That/DT 's/BES pretty/RB close/RB ./.,2/sw2325,,23.07,1,sw08utt/sw_0899_2325.utt,That's pretty close. /,19,,11
ba^r,B,2325,25.32,So/RB that/WDT is/VBZ pretty/RB close/RB ./.,2/sw2325,,24.16,1,sw08utt/sw_0899_2325.utt,{C So } that is pretty close # <laughter>. # /,20,,12
b,A,2325,25.89,Yeah/UH ./.,2/sw2325,,25.43,1,sw08utt/sw_0899_2325.utt,# Yeah. # /,21,,13
sd,B,2325,27.46,But/CC I/PRP 'm/VBP home/RB with/IN the/DT kids/NNS all/DT day/NN,2/sw2325,,25.78,1,sw08utt/sw_0899_2325.utt,{C But } I'm home with the kids all day  /,22,,14
sd,B,2325,33.620000000000005,"and/CC I/PRP have/VBP really/RB ,/, uh/UH ,/, tried/VBN to/TO make/VB that/DT a/DT priority/NN even/RB though/IN it/PRP 's/BES financially/RB a/DT big/JJ strain/NN on/IN us/PRP ./.",2/sw2325,,27.46,2,sw08utt/sw_0899_2325.utt,"{C and } I have really, {F uh, } tried to make that a priority even though it's financially a big strain on us. /",23,,14
aa,A,2325,33.809999999999995,"Yes/UH ,/,",2/sw2325,,33.73,1,sw08utt/sw_0899_2325.utt,"Yes,  /",24,,15
aa,A,2325,34.230000000000004,it/PRP is/VBZ ./.,2/sw2325,,33.81,2,sw08utt/sw_0899_2325.utt,it is. /,25,,15
%,B,2325,0.0,"But/CC ,/,",2/sw2325,,0.0,1,sw08utt/sw_0899_2325.utt,"# {C But, } # -/",26,,16
qy,A,2325,36.35,Have/VBP you/PRP been/VBN able/JJ to/TO do/VB that/DT all/DT along/IN,2/sw2325,,34.43,1,sw08utt/sw_0899_2325.utt,# Have # you been able to do that all along  /,27,,17
%,A,2325,36.690000000000005,"or/CC ,/,",2/sw2325,,36.35,2,sw08utt/sw_0899_2325.utt,"{C or, } -/",28,,17
na,B,2325,37.46,"Pretty/RB much/JJ ,/,",2/sw2325,,36.58,1,sw08utt/sw_0899_2325.utt,"Pretty much,  /",29,,18
na^r,B,2325,38.18,pretty/RB much/JJ ./.,2/sw2325,,37.48,2,sw08utt/sw_0899_2325.utt,pretty much.  /,30,,18
sd,B,2325,39.74,"Uh/UH ,/, I/PRP work/VBP part-time/JJ",2/sw2325,,38.26,3,sw08utt/sw_0899_2325.utt,"{F Uh, } I work part-time  /",31,,18
sd,B,2325,43.379999999999995,"but/CC ,/, uh/UH ,/, my/PRP$ husband/NN 's/BES able/JJ ,/, you/PRP know/VBP ,/, mostly/RB to/TO take/VB care/NN of/IN them/PRP when/WRB I/PRP 'm/VBP working/VBG ./.",2/sw2325,,39.74,4,sw08utt/sw_0899_2325.utt,"{C but, } {F uh, } my husband's able, {D you know, } mostly to take care of them when I'm working.  /",32,,18
sd,B,2325,0.0,So/RB ./.,2/sw2325,,0.0,5,sw08utt/sw_0899_2325.utt,# [ {C So. } + #,33,,18
b,A,2325,43.95,Yeah/UH ./.,2/sw2325,,43.49,1,sw08utt/sw_0899_2325.utt,# Yeah. # /,34,,19
+,B,2325,46.36,"But/CC ,/, uh/UH ,/, we/PRP adopted/VBD these/DT two/CD little/JJ guys/NNS --/:",2/sw2325,,44.34,1,sw08utt/sw_0899_2325.utt,"{C But, } ] {F uh, } we adopted these two little guys -- /",35,,20
ba,A,2325,47.29,"Oh/UH ,/, how/WRB neat/JJ ./.",2/sw2325,,46.47,1,sw08utt/sw_0899_2325.utt,"{F Oh, } how neat. /",36,,21
sd,B,2325,52.68,"--/: and/CC that/DT was/VBD another/DT reason/NN why/WRB I/PRP really/RB wanted/VBD to/TO be/VB here/RB because/IN ,/, you/PRP know/VBP ,/, they/PRP have/VBP had/VBN a/DT couple/NN foster/JJ homes/NNS already/RB ./.",2/sw2325,,47.18,1,sw08utt/sw_0899_2325.utt,"-- {C and } that was another reason why I really wanted to be here because, {D you know, } they have had a couple foster homes already. /",37,,22
qw,A,2325,54.63,How/WRB old/JJ were/VBD they/PRP when/WRB you/PRP adopted/VBD ?/.,2/sw2325,,53.05,1,sw08utt/sw_0899_2325.utt,How old were they when you adopted? /,38,,23
sd,B,2325,56.080000000000005,The/DT baby/NN was/VBD eleven/CD weeks/NNS old/JJ,2/sw2325,,54.54,1,sw08utt/sw_0899_2325.utt,The baby was eleven weeks old  /,39,,24
sd,B,2325,57.300000000000004,and/CC his/PRP$ brother/NN was/VBD --/:,2/sw2325,,56.24,2,sw08utt/sw_0899_2325.utt,# {C and } his brother was # --,40,,24
sv,A,2325,0.0,So/RB he/PRP probably/RB does/VBZ n't/RB remember/VB ./.,2/sw2325,,0.0,1,sw08utt/sw_0899_2325.utt,# {C So } he probably doesn't remember. # /,41,,25
+,B,2325,59.08,"--/: twenty/CD ,/, twenty-two/CD months/NNS ./.",2/sw2325,,57.8,1,sw08utt/sw_0899_2325.utt,"-- [ twenty, + twenty-two ] months. /",42,,26
b,A,2325,59.53,Oh/UH ./.,2/sw2325,,59.19,1,sw08utt/sw_0899_2325.utt,Oh. /,43,,27
b,B,2325,59.699999999999996,Yeah/UH ./.,2/sw2325,,59.44,1,sw08utt/sw_0899_2325.utt,Yeah.  /,44,,28
%,B,2325,0.0,So/RB ./.,2/sw2325,,0.0,2,sw08utt/sw_0899_2325.utt,# {C So. } # -/,45,,28
aa,A,2325,61.050000000000004,"Yeah/UH ,/,",2/sw2325,,60.67,1,sw08utt/sw_0899_2325.utt,"# Yeah,  /",46,,29
aa,A,2325,62.25,definitely/RB needed/VBD ./.,2/sw2325,,61.05,2,sw08utt/sw_0899_2325.utt,# definitely needed.  /,47,,29
ba,A,2325,64.05,"Well/UH ,/, that/DT 's/BES ,/, that/DT 's/BES pretty/RB interesting/JJ ./.",2/sw2325,,62.25,3,sw08utt/sw_0899_2325.utt,"{D Well, } [ that's, + ] [ that's + ] pretty interesting.  /",48,,29
sd,A,2325,66.97,"Well/UH ,/, I/PRP have/VBP always/RB wanted/VBN to/TO be/VB able/JJ to/TO stay/VB home/RB with/IN my/PRP$ kids/NNS --/:",2/sw2325,,64.05,4,sw08utt/sw_0899_2325.utt,"{D Well, } I have always wanted to be able to stay home with my kids --",49,,29
b,B,2325,67.06,Yeah/UH ./.,2/sw2325,,66.86,1,sw08utt/sw_0899_2325.utt,Yeah. /,50,,30
+,A,2325,67.47,--/: you/PRP know/VBP ./.,2/sw2325,,67.17,1,sw08utt/sw_0899_2325.utt,-- {D you know. }  /,51,,31
sd,A,2325,68.61,"That/DT was/VBD always/RB my/PRP$ dream/NN ,/, you/PRP know/VBP ./.",2/sw2325,,67.47,2,sw08utt/sw_0899_2325.utt,"That was always my dream, {D you know. }  /",52,,31
sd,A,2325,70.36999999999999,I/PRP was/VBD n't/RB necessarily/RB a/DT career/NN person/NN --/:,2/sw2325,,68.61,3,sw08utt/sw_0899_2325.utt,I wasn't necessarily a career person -- /,53,,31
b,B,2325,71.0,Yeah/UH ./.,2/sw2325,,70.7,1,sw08utt/sw_0899_2325.utt,Yeah. /,54,,32
sd,A,2325,76.17,"--/: but/CC as/RB long/RB as/IN I/PRP was/VBD single/JJ and/CC had/VBD to/TO work/VB ,/, I/PRP was/VBD going/VBG to/TO get/VB a/DT good/JJ job/NN and/CC do/VB the/DT best/RBS I/PRP could/MD ./.",2/sw2325,,71.11,1,sw08utt/sw_0899_2325.utt,"-- {C but } as long as I was single and had to work, I was going to get a good job and do the best I could. /",55,,33
b,B,2325,76.5,Yeah/UH ./.,2/sw2325,,76.06,1,sw08utt/sw_0899_2325.utt,Yeah. /,56,,34
sd,A,2325,79.61,"And/CC my/PRP$ husband/NN was/VBD in/IN the/DT type/NN of/IN business/NN that/IN ,/, you/PRP know/VBP ,/,",2/sw2325,,76.61,1,sw08utt/sw_0899_2325.utt,"{C And } my husband was in the type of business that, {D you know, } - /",57,,35
sd,A,2325,80.13,it/PRP 's/BES insurance/NN,2/sw2325,,79.61,2,sw08utt/sw_0899_2325.utt,it's insurance  /,58,,35
sd,A,2325,81.49000000000001,so/RB you/PRP have/VBP to/TO build/VB a/DT clientele/NN,2/sw2325,,80.13,3,sw08utt/sw_0899_2325.utt,{C so } you have to build a clientele  /,59,,35
sd,A,2325,83.71,and/CC by/IN the/DT time/NN we/PRP had/VBD kids/NNS I/PRP could/MD n't/RB quit/VB ./.,2/sw2325,,81.49,4,sw08utt/sw_0899_2325.utt,{C and } by the time we had kids I couldn't quit. /,60,,35
ba,B,2325,0.0,"Oh/UH ,/, boy/UH ./.",2/sw2325,,0.0,1,sw08utt/sw_0899_2325.utt,"# {F Oh, } boy. # /",61,,36
sd,A,2325,86.37,And/CC so/RB I/PRP have/VBP n't/RB been/VBN able/JJ to/TO quit/VB yet/RB ./.,2/sw2325,,84.39,1,sw08utt/sw_0899_2325.utt,# {C And so } # I haven't been able to quit yet.  /,62,,37
sd,A,2325,88.47,So/RB I/PRP 've/VBP had/VBN to/TO deal/VB a/DT lot/NN with/IN child/NN care/NN,2/sw2325,,86.37,2,sw08utt/sw_0899_2325.utt,{C So } I've had to deal a lot with child care  /,63,,37
sd,A,2325,92.71000000000001,"and/CC course/IN ,/, we/PRP 're/VBP hoping/VBG within/IN ,/, hopefully/RB ,/, the/DT next/JJ two/CD years/NNS I/PRP 'll/MD be/VB able/JJ to/TO quit/VB and/CC stay/VB home/RB ./.",2/sw2325,,88.47,3,sw08utt/sw_0899_2325.utt,"{C and } course, we're hoping within, hopefully, the next two years I'll be able to quit and stay home. /",64,,37
b,B,2325,93.22,Yeah/UH ./.,2/sw2325,,92.76,1,sw08utt/sw_0899_2325.utt,Yeah. /,65,,38
sd,A,2325,95.93,"But/CC ,/, uh/UH ,/, I/PRP started/VBD out/RP ,/, uh/UH ,/,",2/sw2325,,93.63,1,sw08utt/sw_0899_2325.utt,"{C But, } {F uh, } I started out, {F uh, } - /",66,,39
sd,A,2325,99.79,my/PRP$ best/JJS friend/NN kept/VBD my/PRP$ kids/NNS from/IN the/DT time/VB my/PRP$ daughter/NN was/VBD born/VBN --/:,2/sw2325,,96.31,2,sw08utt/sw_0899_2325.utt,my best friend kept my kids from the time my daughter was born --,67,,39
ba,B,2325,0.0,"Oh/UH ,/, that/DT 's/BES neat/JJ ./.",2/sw2325,,0.0,1,sw08utt/sw_0899_2325.utt,"# {F Oh, } that's neat. # /",68,,40
+,A,2325,103.35000000000001,--/: until/IN she/PRP went/VBD to/TO work/VB last/JJ year/NN in/IN August/NNP,2/sw2325,,100.23,1,sw08utt/sw_0899_2325.utt,-- # until she # went to work last year in August  /,69,,41
sd,A,2325,104.61000000000001,and/CC it/PRP worked/VBD out/RP pretty/RB good/JJ ./.,2/sw2325,,103.35,2,sw08utt/sw_0899_2325.utt,{C and } it worked out pretty good.  /,70,,41
sd,A,2325,111.19,"You/PRP know/VBP ,/, we/PRP had/VBD always/RB said/VBN from/IN the/DT beginning/NN that/IN if/IN it/PRP gets/VBZ in/IN the/DT way/NN of/IN the/DT friendship/NN then/RB I/PRP 'll/MD take/VB them/PRP somewhere/RB else/RB ./.",2/sw2325,,104.61,3,sw08utt/sw_0899_2325.utt,"{D You know, } we had always said from the beginning that if it gets in the way of the friendship then I'll take them somewhere else.  /",71,,41
sd,A,2325,112.63,"You/PRP know/VBP ,/, the/DT friendship/NN is/VBZ more/RBR important/JJ ./.",2/sw2325,,111.19,4,sw08utt/sw_0899_2325.utt,"{D You know, } the friendship is more important. /",72,,41
b,B,2325,113.28,"Yeah/UH ,/,",2/sw2325,,112.8,1,sw08utt/sw_0899_2325.utt,"# Yeah,  /",73,,42
b^r,B,2325,113.8,yeah/UH ./.,2/sw2325,,113.44,2,sw08utt/sw_0899_2325.utt,yeah. # /,74,,42
sd,A,2325,117.61000000000001,"And/CC ,/, uh/UH ,/, it/PRP was/VBD a/DT wonderful/JJ experience/NN for/IN my/PRP$ kids/NNS because/IN she/PRP really/RB loved/VBD them/PRP ,/, you/PRP know/VBP ./.",2/sw2325,,113.91,1,sw08utt/sw_0899_2325.utt,"# {C And, } {F uh, } # it was a wonderful experience for my kids because she really loved them, {D you know. }  /",75,,43
sd,A,2325,119.11,She/PRP loved/VBD them/PRP like/IN they/PRP were/VBD hers/PRP,2/sw2325,,117.61,2,sw08utt/sw_0899_2325.utt,She loved them like they were hers  /,76,,43
sd,A,2325,119.28999999999999,and/CC I/PRP --/:,2/sw2325,,119.11,3,sw08utt/sw_0899_2325.utt,{C and } [ I -- +,77,,43
b,B,2325,119.30000000000001,Yeah/UH ./.,2/sw2325,,119.18,1,sw08utt/sw_0899_2325.utt,Yeah. /,78,,44
+,A,2325,120.39,"--/: I/PRP knew/VBD ,/, you/PRP know/VBP ,/,",2/sw2325,,119.41,1,sw08utt/sw_0899_2325.utt,"-- I ] knew, {D you know, } - /",79,,45
sd,A,2325,121.49000000000001,I/PRP had/VBD good/JJ peace/NN of/IN mind/NN ./.,2/sw2325,,120.39,2,sw08utt/sw_0899_2325.utt,I had good peace of mind.  /,80,,45
sd,A,2325,123.01,I/PRP knew/VBD that/IN they/PRP were/VBD taken/VBN care/NN of/IN,2/sw2325,,121.49,3,sw08utt/sw_0899_2325.utt,I knew that they were taken care of  /,81,,45
%,A,2325,123.17,"and/CC ,/,",2/sw2325,,123.01,4,sw08utt/sw_0899_2325.utt,"{C and, } -/",82,,45
sv,B,2325,124.78,"That/DT 's/BES the/DT hardest/JJS thing/NN I/PRP think/VBP ,/, you/PRP know/VBP --/:",2/sw2325,,123.48,1,sw08utt/sw_0899_2325.utt,"That's the hardest thing I think, # {D you know } # --",83,,46
b,A,2325,125.56,Yeah/UH ./.,2/sw2325,,125.08,1,sw08utt/sw_0899_2325.utt,# Yeah. # /,84,,47
+,B,2325,127.41999999999999,"--/: to/TO ,/, to/TO deal/VB with/IN is/VBZ that/IN people/NNS love/VBP your/PRP$ ,/,",2/sw2325,,125.46,1,sw08utt/sw_0899_2325.utt,"-- [ to, + to ] deal with is that people love your,",85,,48
x,A,2325,0.0,,2/sw2325,,0.0,1,sw08utt/sw_0899_2325.utt,<Sniffing>.,86,,49
+,B,2325,127.78,kids/NNS ./.,2/sw2325,,127.54,1,sw08utt/sw_0899_2325.utt,kids.  /,87,,50
sd,B,2325,132.92000000000002,"I/PRP put/VBP ,/, uh/UH ,/, my/PRP$ oldest/JJS in/IN a/DT preschool/JJ program/NN just/RB for/IN him/PRP to/TO have/VB the/DT experience/NN of/IN --/:",2/sw2325,,127.78,2,sw08utt/sw_0899_2325.utt,"I put, {F uh, } my oldest in a preschool program just for him to have the experience of --",88,,50
b,A,2325,133.18,Uh-huh/UH ./.,2/sw2325,,133.02,1,sw08utt/sw_0899_2325.utt,Uh-huh. /,89,,51
+,B,2325,138.1,"--/: two/CD mornings/NNS a/DT week/NN of/IN being/VBG with/IN other/JJ kids/NNS and/CC starting/VBG to/TO learn/VB some/DT taking/VBG turns/NNS and/CC ,/, you/PRP know/VBP --/:",2/sw2325,,133.1,1,sw08utt/sw_0899_2325.utt,"-- two mornings a week of being with other kids and starting to learn some taking turns  and, # {D you know } # --",90,,52
b,A,2325,0.0,Yeah/UH ./.,2/sw2325,,0.0,1,sw08utt/sw_0899_2325.utt,# Yeah. # /,91,,53
+,B,2325,138.86,--/: that/DT kind/NN of/IN thing/NN,2/sw2325,,138.1,1,sw08utt/sw_0899_2325.utt,-- that kind of thing  /,92,,54
sd,B,2325,141.98000000000002,"and/CC ,/, uh/UH ,/, he/PRP was/VBD in/IN there/RB for/IN three/CD months/NNS when/WRB I/PRP pulled/VBD him/PRP out/RB",2/sw2325,,138.86,2,sw08utt/sw_0899_2325.utt,"{C and, } {F uh, } he was in there for three months when I pulled him out  /",93,,54
sd,B,2325,145.25,"and/CC the/DT ,/, the/DT teacher/NN had/VBD eleven/CD kids/NNS ./.",2/sw2325,,142.63,3,sw08utt/sw_0899_2325.utt,"{C and } [ the, + the ] teacher had eleven kids.  /",94,,54
sd,B,2325,146.51,"It/PRP was/VBD excellent/JJ ,/, supposedly/RB ./.",2/sw2325,,145.25,4,sw08utt/sw_0899_2325.utt,"It was excellent, supposedly.  /",95,,54
sd,B,2325,148.32999999999998,The/DT reputation/NN was/VBD fantastic/JJ for/IN this/DT place/NN ./.,2/sw2325,,146.51,5,sw08utt/sw_0899_2325.utt,The reputation was fantastic for this place.  /,96,,54
sd,B,2325,149.65,Was/VBD supposed/VBN to/TO be/VB an/DT excellent/JJ school/NN,2/sw2325,,148.33,6,sw08utt/sw_0899_2325.utt,Was supposed to be an excellent school  /,97,,54
sd,B,2325,151.97,"and/CC I/PRP had/VBD several/JJ friends/NNS who/WP had/VBD ,/, had/VBD recommended/VBN it/PRP ,/, too/RB ./.",2/sw2325,,149.65,7,sw08utt/sw_0899_2325.utt,"{C and } I had several friends who [ had, + had ] recommended it, too.  /",98,,54
sv,B,2325,154.70999999999998,But/CC it/PRP really/RB gets/VBZ down/RP to/IN the/DT particular/JJ teacher/NN ./.,2/sw2325,,151.97,8,sw08utt/sw_0899_2325.utt,{C But } it really gets down to the particular teacher. /,99,,54
b,A,2325,155.34,Huh/UH ./.,2/sw2325,,155.08,1,sw08utt/sw_0899_2325.utt,{F Huh. } /,100,,55
sd,B,2325,157.04999999999998,And/CC she/PRP was/VBD a/DT new/JJ teacher/NN at/IN the/DT school/NN,2/sw2325,,155.23,1,sw08utt/sw_0899_2325.utt,{C And } she was a new teacher at the school  /,101,,56
sd,B,2325,159.59,"and/CC she/PRP had/VBD eleven/CD ,/, you/PRP know/VBP ,/, three/CD year/NN olds/NNS in/IN a/DT room/NN",2/sw2325,,157.11,2,sw08utt/sw_0899_2325.utt,"{C and } she had eleven, {D you know, } three year olds in a room  /",102,,56
sv,B,2325,161.21,and/CC I/PRP just/RB think/VBP it/PRP was/VBD way/RB too/RB much/JJ ./.,2/sw2325,,159.59,3,sw08utt/sw_0899_2325.utt,{C and } I just think it was way too much.  /,103,,56
sd,B,2325,0.0,The/DT were/VBD almost/RB all/DT boys/NNS ./.,2/sw2325,,0.0,4,sw08utt/sw_0899_2325.utt,# The were almost all boys. # /,104,,56
qy,A,2325,162.5,But/CC she/PRP had/VBD no/DT help/NN ?/.,2/sw2325,,161.32,1,sw08utt/sw_0899_2325.utt,# {C But } she had no help? # /,105,,57
br,B,2325,163.75,Pardon/VB ?/.,2/sw2325,,163.53,1,sw08utt/sw_0899_2325.utt,Pardon? /,106,,58
qy^r,A,2325,164.92,She/PRP had/VBD no/DT help/NN ?/.,2/sw2325,,163.86,1,sw08utt/sw_0899_2325.utt,She had no help?  /,107,,59
qy^d,A,2325,166.0,She/PRP was/VBD alone/RB with/IN them/PRP ./.,2/sw2325,,165.1,2,sw08utt/sw_0899_2325.utt,# She was alone with them. # /,108,,59
na,B,2325,0.0,I/PRP did/VBD n't/RB think/VB much/JJ ./.,2/sw2325,,0.0,1,sw08utt/sw_0899_2325.utt,# I didn't think much. #  /,109,,60
na^r,B,2325,167.33,I/PRP do/VBP n't/RB think/VB much/JJ ./.,2/sw2325,,166.33,2,sw08utt/sw_0899_2325.utt,I don't think much. /,110,,60
ba,A,2325,168.64000000000001,"Oh/UH ,/, that/DT is/VBZ hard/JJ ./.",2/sw2325,,167.46,1,sw08utt/sw_0899_2325.utt,"{F Oh, } that is hard. /",111,,61
b,B,2325,168.97,Yeah/UH ./.,2/sw2325,,168.53,1,sw08utt/sw_0899_2325.utt,Yeah.  /,112,,62
sd,B,2325,170.59,"And/CC she/PRP was/VBD just/RB my/PRP$ ,/, uh/UH ,/,",2/sw2325,,168.97,2,sw08utt/sw_0899_2325.utt,"{C And } she was just my, {F uh, } - /",113,,62
sd,B,2325,172.27,three/CD year/NN old/JJ is/VBZ real/RB active/JJ ./.,2/sw2325,,170.59,3,sw08utt/sw_0899_2325.utt,three year old is real active. /,114,,62
b,A,2325,172.92000000000002,Yeah/UH ./.,2/sw2325,,172.52,1,sw08utt/sw_0899_2325.utt,Yeah. /,115,,63
sd,B,2325,175.08,And/CC she/PRP just/RB kept/VBD saying/VBG how/WRB wild/JJ he/PRP was/VBD ./.,2/sw2325,,172.8,1,sw08utt/sw_0899_2325.utt,{C And } she just kept saying how wild he was.  /,116,,64
sd,B,2325,180.42,"Well/UH ,/, you/PRP know/VBP ,/, there/EX was/VBD kind/RB of/RB a/DT connotation/NN there/RB of/IN him/PRP being/VBG ,/, you/PRP know/VBP ,/, it/PRP being/VBG a/DT problem/NN ./.",2/sw2325,,175.64,2,sw08utt/sw_0899_2325.utt,"{D Well, } {D you know, } there was kind of a connotation there of [ him being, +  {D you know, } it being ] a problem.  /",117,,64
sd,B,2325,183.46,Like/IN he/PRP ran/VBD back/RB from/IN the/DT bathroom/NN singing/VBG and/CC skipping/VBG she/PRP said/VBD ./.,2/sw2325,,180.46,3,sw08utt/sw_0899_2325.utt,{D Like } he ran back from the bathroom singing and skipping she said.  /,118,,64
sv,B,2325,184.88,"Well/UH ,/, you/PRP know/VBP ,/, at/IN three/CD years/NNS old/JJ --/:",2/sw2325,,183.48,4,sw08utt/sw_0899_2325.utt,"{D Well, } {D you know, } at three # years old # --",119,,64
ba,A,2325,0.0,Jeez/UH ./.,2/sw2325,,0.0,1,sw08utt/sw_0899_2325.utt,# Jeez. # /,120,,65
+,B,2325,186.96,--/: I/PRP do/VBP n't/RB find/VB that/DT to/TO be/VB a/DT behavioral/JJ problem/NN ./.,2/sw2325,,184.9,1,sw08utt/sw_0899_2325.utt,-- I don't find that to be a behavioral problem # <laughter>. #,121,,66
aa,A,2325,187.91,I/PRP do/VBP n't/RB either/RB ./.,2/sw2325,,187.13,1,sw08utt/sw_0899_2325.utt,# I don't either <laughter>. #  /,122,,67
%,A,2325,188.07,So/RB ./.,2/sw2325,,187.93,2,sw08utt/sw_0899_2325.utt,{C So. } -/,123,,67
+,B,2325,188.65,You/PRP know/VBP ./.,2/sw2325,,187.95,1,sw08utt/sw_0899_2325.utt,{D You know } <laughter>.  /,124,,68
sv,B,2325,194.19,"I/PRP mean/VBP ,/, it/PRP 's/BES kind/RB of/RB like/IN she/PRP was/VBD ,/, there/EX was/VBD so/RB much/JJ going/VBG on/RP that/DT she/PRP felt/VBD like/IN she/PRP needed/VBD to/TO control/VB more/RBR --/:",2/sw2325,,188.97,2,sw08utt/sw_0899_2325.utt,"{E I mean, } it's kind of like [ she was, +  there was ] so much going on that she felt like she needed to control more -- /",125,,68
b,A,2325,194.44,Yeah/UH ./.,2/sw2325,,194.3,1,sw08utt/sw_0899_2325.utt,Yeah. /,126,,69
sd,B,2325,195.15,"--/: and/CC it/PRP 's/BES really/RB hard/JJ to/TO con-/XX ,/,",2/sw2325,,194.33,1,sw08utt/sw_0899_2325.utt,"-- {C and } it's really hard to con-, - /",127,,70
sv,B,2325,197.04999999999998,"you/PRP ca/MD n't/RB control/VB eleven/CD three/CD year/NN olds/NNS with/IN one/CD person/NN ,/, you/PRP know/VBP ./.",2/sw2325,,195.31,2,sw08utt/sw_0899_2325.utt,"you can't control eleven three year olds with # one person, {D you know. } # /",128,,70
^2,A,2325,198.96,You/PRP have/VBP to/TO let/VB them/PRP have/VB some/DT wild/JJ time/NN --/:,2/sw2325,,197.16,1,sw08utt/sw_0899_2325.utt,# You have to let them # have some wild time --,129,,71
aa,B,2325,0.0,"Yeah/UH ,/, you/PRP know/VBP ./.",2/sw2325,,0.0,1,sw08utt/sw_0899_2325.utt,"# Yeah,  {D you know. } # /",130,,72
+,A,2325,200.33999999999997,--/: if/IN that/DT 's/BES considered/VBN wild/JJ ./.,2/sw2325,,198.96,1,sw08utt/sw_0899_2325.utt,-- # if that's considered # wild <laughter>. /,131,,73
sd,B,2325,203.69,So/RB I/PRP just/RB finally/RB took/VBD him/PRP out/RB ./. Plus/CC financial/JJ reasons/NNS ./.,2/sw2325,,200.23,1,sw08utt/sw_0899_2325.utt,{C So } I just finally took him out.  Plus financial reasons. /,132,,74
b,A,2325,0.0,Yeah/UH ./.,2/sw2325,,0.0,1,sw08utt/sw_0899_2325.utt,# Yeah. # /,133,,75
sd,B,2325,204.81,It/PRP was/VBD expensive/JJ ./.,2/sw2325,,203.69,1,sw08utt/sw_0899_2325.utt,# It was expensive. #  /,134,,76
sd,B,2325,208.34,But/CC I/PRP was/VBD real/RB careful/JJ and/CC visited/VBD and/CC everything/NN ahead/RB of/IN time/NN ./.,2/sw2325,,204.81,2,sw08utt/sw_0899_2325.utt,{C But } I was real careful and visited and everything ahead of time.  /,135,,76
sv,B,2325,213.72,"But/CC I/PRP still/RB felt/VBD like/IN even/RB after/IN all/PDT the/DT checking/NN I/PRP did/VBD ,/, you/PRP know/VBP ,/, you/PRP really/RB ca/MD n't/RB know/VB everything/NN --/:",2/sw2325,,208.34,3,sw08utt/sw_0899_2325.utt,"{C But } I still felt like even after all the checking I did, <sigh> {D you know, } you really can't know everything --",136,,76
x,A,2325,0.0,MUMBLEx/XX ./.,2/sw2325,,0.0,1,sw08utt/sw_0899_2325.utt,((   )) .,137,,77
+,B,2325,214.76,--/: about/IN what/WP 's/BES going/VBG to/TO happen/VB ./.,2/sw2325,,213.84,1,sw08utt/sw_0899_2325.utt,-- about what's going to happen.  /,138,,78
sd,B,2325,221.42000000000002,"I/PRP felt/VBD safe/JJ that/IN the/DT kids/NNS were/VBD n't/RB going/VBG to/TO be/VB left/VBN alone/RB somewhere/RB in/IN a/DT room/NN where/WRB a/DT teacher/NN could/MD do/VB something/NN inappropriate/JJ with/IN them/PRP ,/, you/PRP know/VBP ,/, because/IN --/:",2/sw2325,,214.76,2,sw08utt/sw_0899_2325.utt,"I felt safe that the kids weren't going to be left alone somewhere in a room where a teacher could do something inappropriate with them, {D you know, } because --",139,,78
b,A,2325,221.69,Right/UH ./.,2/sw2325,,221.53,1,sw08utt/sw_0899_2325.utt,Right. /,140,,79
+,B,2325,225.5,--/: there/EX was/VBD enough/JJ classrooms/NNS close/RB together/RB that/IN it/PRP was/VBD like/IN a/DT house/NN with/IN different/JJ classrooms/NNS ./.,2/sw2325,,221.58,1,sw08utt/sw_0899_2325.utt,-- there was enough classrooms close together that it was like a house with different classrooms.  /,141,,80
sd,B,2325,225.73999999999998,And/CC I/PRP --/:,2/sw2325,,225.5,2,sw08utt/sw_0899_2325.utt,# {C And } I # --,142,,80
b,A,2325,0.0,Right/UH ./.,2/sw2325,,0.0,1,sw08utt/sw_0899_2325.utt,# Right. # /,143,,81
+,B,2325,228.20000000000002,--/: felt/VBD like/IN that/DT was/VBD a/DT big/JJ factor/NN for/IN me/PRP ./.,2/sw2325,,225.74,1,sw08utt/sw_0899_2325.utt,-- felt like that was a big factor for me.  /,144,,82
sd,B,2325,229.24,That/DT they/PRP would/MD would/MD be/VB safe/JJ --/:,2/sw2325,,228.2,2,sw08utt/sw_0899_2325.utt,That they would would be safe --,145,,82
b,A,2325,230.23000000000002,Yes/UH ./.,2/sw2325,,229.65,1,sw08utt/sw_0899_2325.utt,Yes. /,146,,83
+,B,2325,232.10999999999999,"--/: you/PRP know/VBP ,/, from/IN any/DT kind/NN of/IN abuse/NN or/CC that/DT --/:",2/sw2325,,230.12,1,sw08utt/sw_0899_2325.utt,"-- {D you know, } from any kind of abuse or # that # --",147,,84
b,A,2325,232.81,Yeah/UH ./.,2/sw2325,,232.41,1,sw08utt/sw_0899_2325.utt,# Yeah. # /,148,,85
+,B,2325,233.41,--/: kind/NN of/IN thing/NN ./.,2/sw2325,,232.69,1,sw08utt/sw_0899_2325.utt,-- kind of thing. /,149,,86
sd,A,2325,239.76999999999998,"Well/UH ,/, when/WRB ,/, when/WRB my/PRP$ friend/NN decided/VBD to/TO go/VB back/RB to/TO work/VB ,/, and/CC whenever/WRB we/PRP had/VBD problems/NNS ,/, it/PRP worked/VBD out/RP okay/JJ because/IN she/PRP would/MD come/VB and/CC tell/VB me/PRP",2/sw2325,,233.99,1,sw08utt/sw_0899_2325.utt,"{D Well, } [ when, + when ] my friend decided to go back to work, and whenever we had problems, it worked out okay because she would come and tell me  /",150,,87
sd,A,2325,240.67000000000002,and/CC we/PRP 'd/MD work/VB it/PRP out/RP ./.,2/sw2325,,239.77,2,sw08utt/sw_0899_2325.utt,{C and } we'd work it out. /,151,,87
b,B,2325,241.07,Yeah/UH ./.,2/sw2325,,240.65,1,sw08utt/sw_0899_2325.utt,Yeah. /,152,,88
sd,A,2325,246.51999999999998,"After/IN that/DT ,/, I/PRP found/VBD another/DT girl/NN that/WDT had/VBD gone/VBN to/IN church/NN with/IN us/PRP that/IN ,/, you/PRP know/VBP ,/, they/PRP needed/VBD it/PRP financially/RB ./.",2/sw2325,,241.19,1,sw08utt/sw_0899_2325.utt,"After that, I found another girl that had gone to church with us that, {D you know, } they needed it financially.  /",153,,89
sd,A,2325,249.01999999999998,She/PRP had/VBD a/DT little/JJ boy/NN that/WDT was/VBD the/DT same/JJ age/NN as/IN my/PRP$ little/JJ boy/NN,2/sw2325,,246.52,2,sw08utt/sw_0899_2325.utt,She had a little boy that was the same age as my little boy  /,154,,89
%,A,2325,249.44,"and/CC I/PRP though/RB ,/,",2/sw2325,,249.02,3,sw08utt/sw_0899_2325.utt,"{C and } I though, - /",155,,89
sd(^q),A,2325,251.0,"well/UH ,/, you/PRP know/VBP ,/, we/PRP 'll/MD try/VB her/PRP$ ./.",2/sw2325,,249.44,4,sw08utt/sw_0899_2325.utt,"{D well, } {D you know, } we'll try her.  /",156,,89
sd,A,2325,252.42000000000002,But/CC she/PRP came/VBD to/IN our/PRP$ house/NN,2/sw2325,,251.02,5,sw08utt/sw_0899_2325.utt,{C But } she came to our house  /,157,,89
sd,A,2325,254.06,and/CC that/DT just/RB did/VBD not/RB work/VB ./.,2/sw2325,,252.78,6,sw08utt/sw_0899_2325.utt,{C and } that just did not work. /,158,,89
b,B,2325,254.59,Uh-huh/UH ./.,2/sw2325,,254.27,1,sw08utt/sw_0899_2325.utt,Uh-huh. /,159,,90
sd,A,2325,255.84,"Uh/UH ,/, I/PRP mean/VBP ,/, she/PRP loved/VBD the/DT kids/NNS",2/sw2325,,254.7,1,sw08utt/sw_0899_2325.utt,"{F Uh, } {E I mean, } she loved the kids  /",160,,91
sd,A,2325,256.92,and/CC she/PRP was/VBD good/JJ with/IN them/PRP ./.,2/sw2325,,255.84,2,sw08utt/sw_0899_2325.utt,{C and } she was good with them.  /,161,,91
sd,A,2325,260.76,"But/CC ,/, uh/UH ,/, you/PRP know/VBP ,/, they/PRP were/VBD filthy/JJ when/WRB I/PRP 'd/MD get/VB home/RB ./.",2/sw2325,,256.98,3,sw08utt/sw_0899_2325.utt,"{C But, } {F uh, } {D you know, } they were filthy <laughter> when I'd get home.  /",162,,91
sd,A,2325,262.22,Now/UH I/PRP understand/VBP kids/NNS go/VBP out/RB and/CC play/VBP,2/sw2325,,260.76,4,sw08utt/sw_0899_2325.utt,{D Now } I understand kids go out and play  /,163,,91
sd,A,2325,263.14000000000004,and/CC they/PRP get/VBP dirty/JJ --/:,2/sw2325,,262.22,5,sw08utt/sw_0899_2325.utt,{C and } they get dirty -- /,164,,91
b,B,2325,263.42999999999995,Yeah/UH ./.,2/sw2325,,263.09,1,sw08utt/sw_0899_2325.utt,Yeah. /,165,,92
sd,A,2325,264.7,--/: but/CC I/PRP mean/VBP filthy/JJ ./.,2/sw2325,,263.54,1,sw08utt/sw_0899_2325.utt,-- <Laughter> {C but } {E I mean } filthy.  /,166,,93
sd,A,2325,267.5,I/PRP 'm/VBP talking/VBG sand/NN in/IN the/DT ears/NNS and/CC the/DT eyes/NNS and/CC the/DT hair/NN,2/sw2325,,264.7,2,sw08utt/sw_0899_2325.utt,I'm talking sand in the ears and the eyes and the hair - /,167,,93
%,A,2325,268.22,and/CC the/DT --/:,2/sw2325,,267.6,3,sw08utt/sw_0899_2325.utt,{C and } the -- -/,168,,93
ba,B,2325,0.0,"Oh/UH ,/, gosh/UH ./.",2/sw2325,,0.0,1,sw08utt/sw_0899_2325.utt,"# <Child_crying> {F Oh, } gosh. # /",169,,94
sd,A,2325,269.7,"--/: and/CC I/PRP was/VBD ,/, like/IN ,/, gosh/UH ./.",2/sw2325,,268.22,1,sw08utt/sw_0899_2325.utt,"-- # {C and } I was, # like, gosh.  /",170,,95
sd,A,2325,273.16,"And/CC then/RB ,/, you/PRP know/VBP ,/, my/PRP$ own/JJ furniture/NN and/CC stuff/NN was/VBD like/IN ,/, you/PRP know/VBP ,/,",2/sw2325,,269.7,2,sw08utt/sw_0899_2325.utt,"{C And then, } {D you know, } my own furniture and stuff was like, {D you know, } - /",171,,95
sd,A,2325,277.14000000000004,"the/DT kitchen/NN table/NN ,/, the/DT ,/, I/PRP 'd/MD find/VB peanut/NN butter/NN and/CC jelly/NN all/RB over/IN the/DT table/NN and/CC the/DT chairs/NNS",2/sw2325,,273.18,3,sw08utt/sw_0899_2325.utt,"the kitchen table, [ the, + ] I'd find peanut butter and jelly all over the table and the chairs  /",172,,95
%,A,2325,277.38,"and/CC the/DT ,/,",2/sw2325,,277.16,4,sw08utt/sw_0899_2325.utt,"{C and } the, -/",173,,95
bf,B,2325,278.31,You/PRP had/VBD to/TO come/VB home/RB and/CC clean/VB before/IN you/PRP could/MD --/:,2/sw2325,,277.27,1,sw08utt/sw_0899_2325.utt,You had to come home and # clean before you could # --,174,,96
sd,A,2325,278.98,"and/CC clean/VB ,/,",2/sw2325,,278.5,1,sw08utt/sw_0899_2325.utt,"# and clean, - /",175,,97
sd,A,2325,279.56,"and/CC I/PRP was/VBD like/IN ,/,",2/sw2325,,278.98,2,sw08utt/sw_0899_2325.utt,"{C and } I was like, # -/",176,,97
+,B,2325,280.60999999999996,--/: even/RB do/VB anything/NN probably/RB ./.,2/sw2325,,279.45,1,sw08utt/sw_0899_2325.utt,-- even do anything probably. /,177,,98
b,A,2325,280.98,Yeah/UH ./.,2/sw2325,,280.72,1,sw08utt/sw_0899_2325.utt,Yeah.  /,178,,99
sd,A,2325,284.64,"And/CC then/RB ,/, in/IN the/DT end/NN ,/, uh/UH ,/, she/PRP basically/RB ended/VBD up/RP stealing/VBG a/DT hundred/CD dollars/NNS from/IN me/PRP",2/sw2325,,280.98,2,sw08utt/sw_0899_2325.utt,"{C And then, } in the end, {F uh, } she basically ended up stealing a hundred dollars from me  /",179,,99
sd,A,2325,286.38000000000005,"so/RB I/PRP was/VBD ,/, I/PRP had/VBD a/DT pretty/RB bad/JJ taste/NN in/IN my/PRP$ mouth/NN ./.",2/sw2325,,284.64,3,sw08utt/sw_0899_2325.utt,"{C so } [ I was, + I ] had a pretty bad taste in my mouth.  /",180,,99
sd,A,2325,292.47999999999996,"She/PRP told/VBD me/PRP about/RB five/CD thirty/CD one/CD afternoon/NN ,/, it/PRP was/VBD a/DT Friday/NNP ,/, that/IN she/PRP was/VBD n't/RB keeping/VBG kids/NNS anymore/RB as/IN of/IN Monday/NNP morning/NN ./.",2/sw2325,,286.38,4,sw08utt/sw_0899_2325.utt,"She told me about five thirty one afternoon, it was a Friday, that she wasn't keeping kids anymore as of Monday morning. /",181,,99
ba,B,2325,0.0,Oh/UH gosh/UH ./.,2/sw2325,,0.0,1,sw08utt/sw_0899_2325.utt,# {F Oh } gosh. # /,182,,100
sd,A,2325,294.86,"Well/UH ,/, you/PRP know/VBP ,/, I/PRP work/VBP eight/CD to/IN five/CD thirty/CD",2/sw2325,,292.98,1,sw08utt/sw_0899_2325.utt,"# {D Well, } {D you know, } I work # eight to five thirty  /",183,,101
qh,A,2325,296.53999999999996,so/RB what/WP am/VBP I/PRP supposed/VBD to/TO do/VB ./.,2/sw2325,,294.86,2,sw08utt/sw_0899_2325.utt,{C so } what am I supposed to do <laughter>. /,184,,101
b,B,2325,296.89,Yeah/UH ./.,2/sw2325,,296.43,1,sw08utt/sw_0899_2325.utt,Yeah. /,185,,102
sd,A,2325,299.16,"So/RB I/PRP ,/, well/UH ,/, I/PRP had/VBD been/VBN sick/JJ",2/sw2325,,297.0,1,sw08utt/sw_0899_2325.utt,"{C So } [ I, + {D well, } I ] had been sick  /",186,,103
%,A,2325,300.38,"and/CC I/PRP ,/,",2/sw2325,,299.66,2,sw08utt/sw_0899_2325.utt,"{C and } I, - /",187,,103
sd,A,2325,302.90000000000003,it/PRP ended/VBD up/RP that/DT I/PRP did/VBD n't/RB go/VB to/IN work/NN Monday/NNP because/IN I/PRP was/VBD sick/JJ ./.,2/sw2325,,300.42,3,sw08utt/sw_0899_2325.utt,it ended up that I didn't go to work Monday because I was sick.  /,188,,103
sd,A,2325,303.94,So/RB I/PRP stayed/VBD home/RB with/IN them/PRP,2/sw2325,,302.9,4,sw08utt/sw_0899_2325.utt,{C So } I stayed home with them  /,189,,103
sd,A,2325,305.94,and/CC we/PRP went/VBD to/IN some/DT of/IN the/DT Kindercares/NNPS ./.,2/sw2325,,303.94,5,sw08utt/sw_0899_2325.utt,{C and } we went to some of the Kindercares. /,190,,103
b,B,2325,306.28000000000003,"Oh/UH ,/, yeah/UH ./.",2/sw2325,,305.86,1,sw08utt/sw_0899_2325.utt,"{F Oh, } yeah.  /",191,,104
sd,B,2325,308.35999999999996,"I/PRP was/VBD ,/, I/PRP took/VBD the/DT kids/NNS there/RB once/RB just/RB to/TO try/VB it/PRP ./.",2/sw2325,,306.28,2,sw08utt/sw_0899_2325.utt,"[ I was, + I ] took the kids there once just to try it.  /",192,,104
sd,B,2325,309.23999999999995,They/PRP had/VBD a/DT free/JJ day/NN at/IN Kindercare/NNP ./.,2/sw2325,,308.36,3,sw08utt/sw_0899_2325.utt,They had a free day # at Kindercare. # /,193,,104
b,A,2325,309.96,Yeah/UH ./.,2/sw2325,,309.38,1,sw08utt/sw_0899_2325.utt,# Yeah. # /,194,,105
b,B,2325,310.06,Yeah/UH ./.,2/sw2325,,309.84,1,sw08utt/sw_0899_2325.utt,Yeah. /,195,,106
sd,A,2325,311.21999999999997,"Well/UH ,/, that/DT 's/BES what/WP they/PRP said/VBD ./.",2/sw2325,,310.18,1,sw08utt/sw_0899_2325.utt,"{D Well, } that's what they said.  /",196,,107
sd,A,2325,312.6,There/EX were/VBD two/CD pretty/RB near/RB our/PRP$ house/NN,2/sw2325,,311.22,2,sw08utt/sw_0899_2325.utt,There were two pretty near our house  /,197,,107
sd(^q),A,2325,314.96,"and/CC they/PRP said/VBD ,/, well/UH ,/, bring/VB them/PRP in/RB this/DT week/NN for/IN a/DT free/JJ day/NN",2/sw2325,,312.6,3,sw08utt/sw_0899_2325.utt,"{C and } they said, {D well, } bring them in this week for a free day  /",198,,107
sd,A,2325,316.72,so/RB I/PRP lined/VBD up/RP someone/NN Tuesday/NNP ./.,2/sw2325,,314.96,4,sw08utt/sw_0899_2325.utt,{C so } I lined up someone Tuesday.  /,199,,107
sd,A,2325,320.2,"They/PRP had/VBD a/DT Mother/NNP 's/POS Day/NNP Out/RB that/DT my/PRP$ baby-sitter/NN took/VBD them/PRP to/IN ,/, you/PRP know/VBP ,/, which/WDT was/VBD fine/JJ ./.",2/sw2325,,316.72,5,sw08utt/sw_0899_2325.utt,"They had a Mother's Day Out that my baby-sitter took them to, {D you know, } which was fine.  /",200,,107
sd,A,2325,320.74,They/PRP liked/VBD it/PRP ./.,2/sw2325,,320.24,6,sw08utt/sw_0899_2325.utt,They liked it.  /,201,,107
sd,A,2325,322.08,They/PRP had/VBD been/VBN going/VBG to/IN it/PRP for/IN years/NNS ./.,2/sw2325,,320.74,7,sw08utt/sw_0899_2325.utt,They had been going to it for years. /,202,,107
b,B,2325,322.18,Uh-huh/UH ./.,2/sw2325,,321.96,1,sw08utt/sw_0899_2325.utt,Uh-huh. /,203,,108
sd,A,2325,324.56,And/CC so/RB I/PRP stayed/VBD with/IN them/PRP Monday/NNP ./.,2/sw2325,,322.84,1,sw08utt/sw_0899_2325.utt,{C And so } I stayed with them Monday.  /,204,,109
sd,A,2325,325.72,Tuesday/NNP they/PRP went/VBD to/IN that/DT ./.,2/sw2325,,324.56,2,sw08utt/sw_0899_2325.utt,Tuesday they went to that.  /,205,,109
sd,A,2325,327.48,Wednesday/NNP I/PRP took/VBD them/PRP to/IN one/CD Kindercare/NNP ./.,2/sw2325,,325.72,3,sw08utt/sw_0899_2325.utt,Wednesday I took them to one Kindercare.  /,206,,109
sd,A,2325,329.5,Thursday/NNP I/PRP took/VBD them/PRP to/IN another/DT Kindercare/NNP,2/sw2325,,327.48,4,sw08utt/sw_0899_2325.utt,Thursday I took them to another Kindercare  /,207,,109
x,A,2325,0.0,",/,",2/sw2325,,0.0,5,sw08utt/sw_0899_2325.utt,"# <laughter>, #",208,,109
x,B,2325,0.0,,2/sw2325,,0.0,1,sw08utt/sw_0899_2325.utt,# <Laughter>. #,209,,110
sd,A,2325,332.2,and/CC then/RB Friday/NNP my/PRP$ husband/NN and/CC I/PRP split/VBP ./.,2/sw2325,,329.5,1,sw08utt/sw_0899_2325.utt,{C and then } Friday my husband and I split. - /,210,,111
sd,A,2325,334.74,But/CC on/IN Thursday/NNP I/PRP did/VBD n't/RB like/VB the/DT Kindercares/NNP ./.,2/sw2325,,332.54,2,sw08utt/sw_0899_2325.utt,{C But } on Thursday I didn't like  the Kindercares. /,211,,111
aa,B,2325,335.56,I/PRP did/VBD n't/RB either/RB ./.,2/sw2325,,334.68,1,sw08utt/sw_0899_2325.utt,I didn't either.  /,212,,112
sd,B,2325,335.84000000000003,I/PRP had/VBD --/:,2/sw2325,,335.56,2,sw08utt/sw_0899_2325.utt,# [ I had # --,213,,112
%,A,2325,0.0,"They/PRP ,/,",2/sw2325,,0.0,1,sw08utt/sw_0899_2325.utt,"# They, # -/",214,,113
+,B,2325,342.32,"--/: one/CD bad/JJ ,/, I/PRP had/VBD two/CD bad/JJ experiences/NNS just/RB that/DT one/CD day/NN with/IN medicine/NN that/WDT my/PRP$ son/NN was/VBD supposed/VBN to/TO have/VB for/IN a/DT cold/NN that/WDT they/PRP never/RB gave/VBD him/PRP ./.",2/sw2325,,336.24,1,sw08utt/sw_0899_2325.utt,"-- one bad, + I had two bad ] experiences just that one day with medicine that my son was supposed to have for a cold that they never gave him. /",215,,114
b^m,A,2325,343.39000000000004,They/PRP did/VBD n't/RB give/VB him/PRP ./.,2/sw2325,,342.43,1,sw08utt/sw_0899_2325.utt,They didn't give him. /,216,,115
sd,B,2325,346.07,"And/CC the/DT other/JJ one/CD was/VBD that/IN the/DT ,/, the/DT younger/JJR one/CD got/VBD bit/NN --/:",2/sw2325,,343.3,1,sw08utt/sw_0899_2325.utt,"{C And } the other one was that [ the, + the ] younger one got bit --",217,,116
b,A,2325,346.69,Oh/UH ./.,2/sw2325,,346.39,1,sw08utt/sw_0899_2325.utt,Oh. /,218,,117
+,B,2325,348.43,--/: really/RB badly/RB by/IN another/DT child/NN,2/sw2325,,346.71,1,sw08utt/sw_0899_2325.utt,-- really badly by another child  /,219,,118
sd@,B,2325,353.57,and/CC what/WP they/PRP did/VBD was/VBD they/PRP took/VBD my/PRP$ younger/JJR one/CD out/RB and/CC put/VBD him/PRP in/IN a/DT crib/NN and/CC left/VBD him/PRP in/IN a/DT crib/NN the/DT rest/NN of/IN the/DT day/NN ./.,2/sw2325,,348.51,2,sw08utt/sw_0899_2325.utt,{C and } what they did was they took my <swallowing> younger one out and put him in a crib and left him in a crib the rest of the day.,220,,118
ba,A,2325,354.63,"Oh/UH ,/, that/DT 's/BES horrible/JJ ./.",2/sw2325,,353.69,1,sw08utt/sw_0899_2325.utt,"{F Oh, } that's horrible. /",221,,119
+@,B,2325,356.65,Instead/RB of/IN taking/VBG the/DT kid/NN that/WDT was/VBD biting/VBG out/RB and/CC do/VB something/NN with/IN him/PRP ./.,2/sw2325,,354.51,1,sw08utt/sw_0899_2325.utt,Instead of taking the kid that was biting out <laughter> and do something # with him. # /,222,,120
sd,A,2325,357.59000000000003,And/CC doing/VBG something/NN with/IN him/PRP ./.,2/sw2325,,356.79,1,sw08utt/sw_0899_2325.utt,# {C And } doing # something with him. /,223,,121
b,B,2325,357.69000000000005,Yeah/UH ./.,2/sw2325,,357.47,1,sw08utt/sw_0899_2325.utt,Yeah. /,224,,122
sd,A,2325,362.89,"Well/UH ,/, not/RB only/RB was/VBD it/PRP going/VBG to/TO cost/VB me/PRP like/IN a/DT hundred/CD and/CC fifty/CD dollars/NNS more/RBR a/DT month/NN ,/, which/WDT I/PRP did/VBD n't/RB have/VB --/:",2/sw2325,,357.91,1,sw08utt/sw_0899_2325.utt,"{D Well, } not only was it going to cost me like a hundred and fifty dollars more a month, which I didn't have <laughter> --",225,,123
b,B,2325,363.09,Yeah/UH ./.,2/sw2325,,362.77,1,sw08utt/sw_0899_2325.utt,Yeah. /,226,,124
+,A,2325,365.41,"--/: you/PRP know/VBP ./. I/PRP did/VBD n't/RB ,/, I/PRP ,/, you/PRP know/VBP ,/,",2/sw2325,,363.73,1,sw08utt/sw_0899_2325.utt,"-- {D you know. } [ I didn't, + I, ] {D you know, } - /",227,,125
sd,A,2325,366.90999999999997,"we/PRP 're/VBP ,/, we/PRP 're/VBP a/DT Christian/JJ family/NN",2/sw2325,,365.41,2,sw08utt/sw_0899_2325.utt,"[ we're, + we're ] a Christian family  /",228,,125
sd,A,2325,371.51,"and/CC ,/, you/PRP know/VBP ,/, they/PRP ,/, because/IN they/PRP 're/VBP ,/, you/PRP know/VBP ,/, like/IN public/JJ ,/, they/PRP 're/VBP not/RB private/JJ --/:",2/sw2325,,366.95,3,sw08utt/sw_0899_2325.utt,"{C and, } {D you know, } [ they, +  because they're, ] {D you know, } like public, <printer> they're not private --",229,,125
b,B,2325,371.55,Yeah/UH ./.,2/sw2325,,371.39,1,sw08utt/sw_0899_2325.utt,Yeah. /,230,,126
+,A,2325,372.96999999999997,"--/: you/PRP know/VBP ./. They/PRP ca/MD n't/RB pray/VB ,/,",2/sw2325,,371.93,1,sw08utt/sw_0899_2325.utt,"-- {D you know. }  They can't pray,  /",231,,127
sd,A,2325,374.05,they/PRP ca/MD n't/RB talk/VB about/IN God/NNP ./.,2/sw2325,,372.97,2,sw08utt/sw_0899_2325.utt,they can't talk about God.  /,232,,127
sd,A,2325,375.19,They/PRP ca/MD n't/RB do/VB anything/NN like/IN that/DT,2/sw2325,,374.09,3,sw08utt/sw_0899_2325.utt,They can't do anything like that  /,233,,127
sd,A,2325,375.85,and/CC I/PRP do/VBP n't/RB want/VB them/PRP indoctrinated/JJ --/:,2/sw2325,,375.19,4,sw08utt/sw_0899_2325.utt,{C and } I don't want them # indoctrinated # --,234,,127
bf,B,2325,377.39,"So/RB you/PRP feel/VBP like/IN your/PRP$ values/NNS are/VBP n't/RB getting/VBG ,/,",2/sw2325,,375.73,1,sw08utt/sw_0899_2325.utt,"# {C So } you feel like # your values aren't getting, - /",235,,128
b,B,2325,377.65,"yeah/UH ,/,",2/sw2325,,377.39,2,sw08utt/sw_0899_2325.utt,"yeah,  /",236,,128
b^r,B,2325,377.78999999999996,yeah/UH ./.,2/sw2325,,377.65,3,sw08utt/sw_0899_2325.utt,yeah. /,237,,128
+,A,2325,378.09000000000003,"--/: you/PRP know/VBP ,/,",2/sw2325,,377.93,1,sw08utt/sw_0899_2325.utt,"-- {D you know, }  /",238,,129
sd(^q),A,2325,380.69,"but/CC I/PRP 'd/MD like/VB them/PRP to/TO be/VB able/JJ to/TO say/VB ,/, gee/UH ,/, God/NNP made/VBD the/DT flowers/NNS ,/, you/PRP know/VBP ,/, and/CC --/:",2/sw2325,,378.09,2,sw08utt/sw_0899_2325.utt,"{C but } I'd like them to be able to say, gee, God made the flowers, # {D you know, }  and # --",239,,129
b,B,2325,381.09,"Yeah/UH ,/,",2/sw2325,,380.57,1,sw08utt/sw_0899_2325.utt,"# Yeah,  /",240,,130
b^r,B,2325,381.83,yeah/UH ./.,2/sw2325,,381.39,2,sw08utt/sw_0899_2325.utt,yeah. # /,241,,130
+,A,2325,0.0,--/: things/NNS like/IN that/DT ./.,2/sw2325,,0.0,1,sw08utt/sw_0899_2325.utt,-- # things like that. # /,242,,131
^q,B,2325,382.59000000000003,God/NNP loves/VBZ you/PRP ./.,2/sw2325,,381.83,1,sw08utt/sw_0899_2325.utt,# God loves you. # /,243,,132
b,A,2325,382.89,Yeah/UH ./.,2/sw2325,,382.75,1,sw08utt/sw_0899_2325.utt,# Yeah. # /,244,,133
sd,B,2325,383.81,"You/PRP know/VBP ,/, basic/JJ things/NNS like/IN that/DT ./.",2/sw2325,,382.91,1,sw08utt/sw_0899_2325.utt,"# {D You know, } # basic things like that. /",245,,134
b,A,2325,384.13,"Yeah/UH ,/,",2/sw2325,,383.93,1,sw08utt/sw_0899_2325.utt,"Yeah,  /",246,,135
^2,A,2325,384.65,basic/JJ ./.,2/sw2325,,384.21,2,sw08utt/sw_0899_2325.utt,basic. /,247,,135
aa,B,2325,385.09,Yeah/UH ./.,2/sw2325,,384.69,1,sw08utt/sw_0899_2325.utt,Yeah. /,248,,136
sd,A,2325,388.31,"So/RB ,/, uh/UH ,/, I/PRP talked/VBD to/IN another/DT lady/NN at/IN church/NN ./.",2/sw2325,,385.21,1,sw08utt/sw_0899_2325.utt,"{C So, } {F uh, } I talked to another lady at church.  /",249,,137
sd,A,2325,389.57,It/PRP was/VBD like/IN Thursday/NNP of/IN that/DT week/NN,2/sw2325,,388.31,2,sw08utt/sw_0899_2325.utt,It was like Thursday of that week  /,250,,137
sd(^q),A,2325,393.07,"and/CC she/PRP said/VBD oh/UH ,/, I/PRP found/VBD the/DT most/RBS wonderful/JJ place/NN that/WDT I/PRP 've/VBP been/VBN taking/VBG my/PRP$ daughter/NN",2/sw2325,,389.59,3,sw08utt/sw_0899_2325.utt,"{C and } she said {F oh, } I found the most wonderful place that I've been taking my daughter  /",251,,137
^q,A,2325,394.57000000000005,"and/CC I/PRP 've/VBP know/VB this/DT girl/NN ,/,",2/sw2325,,393.43,4,sw08utt/sw_0899_2325.utt,"{C and } I've know this girl,  /",252,,137
^q,A,2325,395.47,I/PRP went/VBD to/IN college/NN with/IN her/PRP,2/sw2325,,394.57,5,sw08utt/sw_0899_2325.utt,I went to college with her  /,253,,137
sd,A,2325,397.84999999999997,"so/RB I/PRP really/RB ,/, I/PRP ,/, you/PRP ,/, I/PRP ,/, I/PRP value/VBP her/PRP$ opinion/NN ./.",2/sw2325,,395.47,6,sw08utt/sw_0899_2325.utt,"{C so } [ [ [ I really, + I, ] + [ you, + ] I, ] + I ] value her opinion.  /",254,,137
sd,A,2325,400.31,And/CC she/PRP told/VBD me/PRP about/IN a/DT private/JJ one/CD ./.,2/sw2325,,398.51,7,sw08utt/sw_0899_2325.utt,{C And } she told me about a private one.  /,255,,137
sd,A,2325,402.43,"It/PRP ,/, it/PRP was/VBD associated/VBN with/IN one/CD of/IN the/DT churches/NNS here/RB ./.",2/sw2325,,400.31,8,sw08utt/sw_0899_2325.utt,"[  It, + it ] was associated with one of the churches here.  /",256,,137
sd,A,2325,403.69,It/PRP 's/BES not/RB the/DT church/NN I/PRP go/VBP to/IN,2/sw2325,,402.43,9,sw08utt/sw_0899_2325.utt,It's not the church I go to  /,257,,137
sd,A,2325,406.03,"but/CC it/PRP 's/BES ,/, you/PRP know/VBP ,/, it/PRP ,/, it/PRP was/VBD Lubbock/NNP View/NNP Christian/NNP Church/NNP",2/sw2325,,403.73,10,sw08utt/sw_0899_2325.utt,"{C but } [ [ it's, + {D you know, } it, ] + it ] was Lubbock View Christian Church  /",258,,137
sd,A,2325,407.31,and/CC it/PRP 's/BES a/DT private/JJ academy/NN ./.,2/sw2325,,406.03,11,sw08utt/sw_0899_2325.utt,{C and } it's a private academy. /,259,,137
b,B,2325,407.55,Uh-huh/UH ./.,2/sw2325,,407.39,1,sw08utt/sw_0899_2325.utt,Uh-huh. /,260,,138
sd,A,2325,408.88,And/CC so/RB I/PRP went/VBD over/IN there/RB,2/sw2325,,407.92,1,sw08utt/sw_0899_2325.utt,{C And so } I went over there  /,261,,139
sd,A,2325,409.98,and/CC I/PRP talked/VBD to/IN the/DT lady/NN ./.,2/sw2325,,408.88,2,sw08utt/sw_0899_2325.utt,{C and } I talked to the lady.  /,262,,139
sd,A,2325,411.92,"Well/UH ,/, they/PRP have/VBP like/IN a/DT three/CD year/NN waiting/NN list/NN ./.",2/sw2325,,410.08,3,sw08utt/sw_0899_2325.utt,"{D Well, } they have like a three year waiting list.  /",263,,139
sd(^q),A,2325,416.92,"But/CC she/PRP said/VBD ,/, I/PRP had/VBD a/DT mother/NN tell/VB me/PRP that/IN she/PRP may/MD take/VB a/DT job/NN in/IN San/NNP Antonio/NNP",2/sw2325,,411.92,4,sw08utt/sw_0899_2325.utt,"{C But } she said, I had a mother tell me that she may take a job in San Antonio  /",264,,139
sd,A,2325,420.09999999999997,"and/CC she/PRP has/VBZ a/DT three/CD year/NN old/JJ and/CC a/DT toddler/NN ,/, which/WDT mine/PRP was/VBD at/IN the/DT time/NN ./.",2/sw2325,,416.92,5,sw08utt/sw_0899_2325.utt,"{C and } she has a three year old and a toddler, which mine was at the time. /",265,,139
b,B,2325,420.65000000000003,Yeah/UH ./.,2/sw2325,,420.17,1,sw08utt/sw_0899_2325.utt,Yeah. /,266,,140
sd(^q),A,2325,423.84,"And/CC she/PRP said/VBD I/PRP should/MD know/VB something/NN by/IN tomorrow/NN ,/, which/WDT was/VBD Friday/NNP ,/,",2/sw2325,,420.76,1,sw08utt/sw_0899_2325.utt,"{C And } she said I should know something by tomorrow, which was Friday,  /",267,,141
sd(^q),A,2325,426.70000000000005,"and/CC she/PRP said/VBD if/IN she/PRP leaves/VBZ ,/, she/PRP said/VBD ,/, I/PRP 'll/MD let/VB you/PRP have/VB her/PRP$ spot/NN ./.",2/sw2325,,423.84,2,sw08utt/sw_0899_2325.utt,"{C and } she said if she leaves, she said, I'll let you have her spot. /",268,,141
ba,B,2325,427.35,Wow/UH ./.,2/sw2325,,426.85,1,sw08utt/sw_0899_2325.utt,Wow. /,269,,142
sd,A,2325,430.62,"And/CC so/RB Friday/NNP afternoon/NN at/IN five/CD thirty/CD ,/, she/PRP called/VBD me/PRP",2/sw2325,,427.46,1,sw08utt/sw_0899_2325.utt,"{C And so } Friday afternoon at five thirty, she called me  /",270,,143
sd(^q),A,2325,431.78,and/CC she/PRP said/VBD she/PRP 's/BES going/VBG ./.,2/sw2325,,430.62,2,sw08utt/sw_0899_2325.utt,{C and } she said she's going.  /,271,,143
^q,A,2325,433.08,You/PRP can/MD bring/VB your/PRP$ kids/NNS Monday/NNP ./.,2/sw2325,,431.78,3,sw08utt/sw_0899_2325.utt,You can bring your kids Monday <lipsmack>. /,272,,143
ba,B,2325,433.41,"Oh/UH ,/, what/WP luck/NN ./.",2/sw2325,,432.97,1,sw08utt/sw_0899_2325.utt,"{F Oh, } what luck. /",273,,144
ba,A,2325,434.28,I/PRP know/VBP ./.,2/sw2325,,433.64,1,sw08utt/sw_0899_2325.utt,I know.  /,274,,145
sd,A,2325,436.21999999999997,"I/PRP was/VBD just/RB like/IN ,/, God/NNP set/VBD this/DT ,/,",2/sw2325,,434.28,2,sw08utt/sw_0899_2325.utt,"I was just like, God set this,",275,,145
x,B,2325,0.0,,2/sw2325,,0.0,1,sw08utt/sw_0899_2325.utt,<Dishes>.,276,,146
+,A,2325,436.92,up/RP for/IN me/PRP ./.,2/sw2325,,436.22,1,sw08utt/sw_0899_2325.utt,up for me. /,277,,147
b,B,2325,0.0,Really/UH ./.,2/sw2325,,0.0,1,sw08utt/sw_0899_2325.utt,# Really <laughter>. # /,278,,148
sd,A,2325,438.11999999999995,He/PRP knew/VBD I/PRP needed/VBD this/DT,2/sw2325,,436.92,1,sw08utt/sw_0899_2325.utt,# He knew I needed # this  /,279,,149
sd,A,2325,442.08,"and/CC ,/, uh/UH ,/, so/RB since/IN October/NNP then/RB ,/, they/PRP have/VBP been/VBN going/VBG there/RB",2/sw2325,,438.12,2,sw08utt/sw_0899_2325.utt,"[ {C and, } + {F uh, } {C so } ] since October then, they have been going there  /",280,,149
%,A,2325,0.0,"and/CC i-/XX ,/,",2/sw2325,,0.0,3,sw08utt/sw_0899_2325.utt,"{C and } i-, - /",281,,149
sd,A,2325,,I/PRP love/VBP it/PRP ./.,2/sw2325,,,4,sw08utt/sw_0899_2325.utt,I love it.  /,282,,149
sd,A,2325,,I/PRP have/VBP been/VBN at/IN --/:,2/sw2325,,,5,sw08utt/sw_0899_2325.utt,# I have been at # --,283,,149
ba,B,2325,,"Oh/UH ,/, that/DT 's/BES great/JJ ./.",2/sw2325,,,1,sw08utt/sw_0899_2325.utt,"# {F Oh, } that's great. # /",284,,150
+,A,2325,,--/: such/JJ peace/NN with/IN myself/PRP ./.,2/sw2325,,,1,sw08utt/sw_0899_2325.utt,-- such peace with myself.  /,285,,151
sd,A,2325,,It/PRP 's/HVS just/RB been/VBN better/RBR than/IN even/RB when/WRB they/PRP were/VBD with/IN my/PRP$ best/JJS friend/NN because/IN we/PRP do/VBP n't/RB have/VB the/DT little/JJ day/NN to/IN day/NN hassles/NNS,2/sw2325,,,2,sw08utt/sw_0899_2325.utt,It's just been better than even when they were with my best friend because we don't have the little day to day hassles  /,286,,151
sd,A,2325,,and/CC --/:,2/sw2325,,,3,sw08utt/sw_0899_2325.utt,{C and } --,287,,151
b,B,2325,,Yeah/UH,2/sw2325,,,1,sw08utt/sw_0899_2325.utt,Yeah  /,288,,152
x,B,2325,,./.,2/sw2325.pos,,,2,sw08utt/sw_0899_2325.utt,</dishes>.,289,,152
+,A,2325,,--/: the/DT cost/NN was/VBD not/RB near/RB as/RB much/JJ as/IN the/DT Kindercares/NNPS were/VBD going/VBG to/TO be/VB ./.,2/sw2325,,,1,sw08utt/sw_0899_2325.utt,-- the cost was not near as much as the Kindercares </printer> were going to be. /,290,,153
bh,B,2325,,"Oh/UH ,/, really/UH ?/.",2/sw2325,,,1,sw08utt/sw_0899_2325.utt,"# {F Oh, } really?  /",291,,154
ba,B,2325,,Wow/UH ./.,2/sw2325,,,2,sw08utt/sw_0899_2325.utt,Wow. # /,292,,154
qy,A,2325,,Did/VBD you/PRP hear/VB my/PRP$ printer/NN in/IN the/DT background/NN ./.,2/sw2325,,,1,sw08utt/sw_0899_2325.utt,# Did you hear my printer # in the background.  /,293,,155
fa,A,2325,,I/PRP 'm/VBP sorry/JJ ./.,2/sw2325,,,2,sw08utt/sw_0899_2325.utt,I'm sorry.  /,294,,155
sd,A,2325,,"I/PRP hope/VBP you/PRP can/MD understand/VB what/WP I/PRP s-/XX ,/, ./.",2/sw2325,,,3,sw08utt/sw_0899_2325.utt,"I hope you can understand what I s-, # <laughter>. # -/",295,,155
bd,B,2325,,That/DT 's/BES okay/JJ ./.,2/sw2325,,,1,sw08utt/sw_0899_2325.utt,# That's okay <laughter>. #  /,296,,156
sd,B,2325,,I/PRP got/VBD the/DT dryer/NN going/VBG --/:,2/sw2325,,,2,sw08utt/sw_0899_2325.utt,I got the dryer going --,297,,156
b,A,2325,,Yeah/UH ./.,2/sw2325,,,1,sw08utt/sw_0899_2325.utt,Yeah. /,298,,157
+,B,2325,,--/: in/IN the/DT background/NN,2/sw2325,,,1,sw08utt/sw_0899_2325.utt,-- in the background  /,299,,158
%,B,2325,,so/RB ./.,2/sw2325,,,2,sw08utt/sw_0899_2325.utt,{C so } <laughter>. -/,300,,158
sd,A,2325,,I/PRP was/VBD only/RB about/RB twenty/CD dollars/NNS more/JJR a/DT month/NN than/IN I/PRP was/VBD paying/VBG because/IN being/VBG a/DT private/JJ institution/NN they/PRP 're/VBP nonprofit/JJ ./.,2/sw2325,,,1,sw08utt/sw_0899_2325.utt,I was only about twenty dollars more a month than I was paying because being a private institution they're nonprofit. /,301,,159
b,B,2325,,Yeah/UH ./.,2/sw2325,,,1,sw08utt/sw_0899_2325.utt,# Yeah. # /,302,,160
sd,A,2325,,"So/RB ,/, they/PRP do/VBP n't/RB have/VB to/TO charge/VB as/RB much/JJ ./.",2/sw2325,,,1,sw08utt/sw_0899_2325.utt,"# {C So, } # they don't have to charge as much. /",303,,161
ba,B,2325,,"Oh/UH ,/, that/DT 's/BES great/JJ ./.",2/sw2325,,,1,sw08utt/sw_0899_2325.utt,"# {F Oh, } that's great. # /",304,,162
sd,A,2325,,And/CC the/DT hours/NNS are/VBP wonderful/JJ,2/sw2325,,,1,sw08utt/sw_0899_2325.utt,# {C And } the hours are wonderful  /,305,,163
sd,A,2325,,"and/CC I/PRP just/RB ,/, I/PRP think/VBP it/PRP 's/BES the/DT best/JJS thing/NN ./.",2/sw2325,,,2,sw08utt/sw_0899_2325.utt,"# {C and } [ I just, + I ] think it's the best thing.  /",306,,163
sd,A,2325,,"I/PRP told/VBD Russ/NNP yest-/XX ,/, that/IN we/PRP should/MD have/VB done/VBN this/DT a/DT long/JJ time/NN ago/RB --/:",2/sw2325,,,3,sw08utt/sw_0899_2325.utt,"I told Russ [ yest-, + ] that we should have done this a long time ago --",307,,163
b,B,2325,,Yeah/UH ./.,2/sw2325,,,1,sw08utt/sw_0899_2325.utt,Yeah. /,308,,164
+,A,2325,,--/: you/PRP know/VBP ./.,2/sw2325,,,1,sw08utt/sw_0899_2325.utt,-- {D you know } <laughter>.  /,309,,165
ba,A,2325,,It/PRP 's/BES great/JJ ./.,2/sw2325,,,2,sw08utt/sw_0899_2325.utt,It's great.  /,310,,165
sd,A,2325,,"So/RB I/PRP guess/VBP as/RB long/RB as/IN I/PRP have/VBP to/TO work/VB ,/, I/PRP feel/VBP good/JJ that/IN they/PRP 're/VBP there/RB ./.",2/sw2325,,,3,sw08utt/sw_0899_2325.utt,"{C So } I guess as long as I have to work, I feel good that they're there.  /",311,,165
sd,A,2325,,"they/PRP 're/VBP getting/VBG the/DT love/NN ,/, the/DT care/NN ./.",2/sw2325,,,4,sw08utt/sw_0899_2325.utt,"they're getting the love, the care.  /",312,,165
sd,A,2325,,They/PRP have/VBP a/DT little/JJ curriculum/NN ./.,2/sw2325,,,5,sw08utt/sw_0899_2325.utt,They have a little curriculum.  /,313,,165
sd,A,2325,,"They/PRP teach/VBP them/PRP ,/, you/PRP know/VBP ,/, the/DT alphabet/NN ,/, the/DT numbers/NNS ,/, the/DT things/NNS which/WDT ,/, you/PRP know/VBP ,/, if/IN they/PRP learn/VBP ,/, they/PRP learn/VBP ./.",2/sw2325,,,6,sw08utt/sw_0899_2325.utt,"They teach them, {D you know, } the alphabet, the numbers, the things which, {D you know, } if they learn, they learn.  /",314,,165
sd,A,2325,,"If/IN they/PRP do/VBP n't/RB ,/, they/PRP do/VBP n't/RB ./.",2/sw2325,,,7,sw08utt/sw_0899_2325.utt,"If they don't, they don't.  /",315,,165
sd,A,2325,,I/PRP do/VBP n't/RB feel/VB like/IN I/PRP have/VBP to/TO indoctrinate/VB them/PRP by/IN age/NN three/CD --/:,2/sw2325,,,8,sw08utt/sw_0899_2325.utt,I don't feel like I have to indoctrinate them by age three -- /,316,,165
b,B,2325,,Yeah/UH ./.,2/sw2325,,,1,sw08utt/sw_0899_2325.utt,Yeah. /,317,,166
sd,A,2325,,--/: but/CC it/PRP 's/BES kind/RB of/RB neat/JJ when/WRB they/PRP --/:,2/sw2325,,,1,sw08utt/sw_0899_2325.utt,-- {C but } it's kind of neat when # they # --,318,,167
b,B,2325,,Yeah/UH ./.,2/sw2325,,,1,sw08utt/sw_0899_2325.utt,# Yeah. # /,319,,168
+,A,2325,,"--/: come/VBP home/RB with/IN it/PRP ,/, you/PRP know/VBP ./.",2/sw2325,,,1,sw08utt/sw_0899_2325.utt,"-- come home with it, {D you know. }  /",320,,169
o@,A,2325,,"and/CC ,/, uh/UH ,/,",2/sw2325,,,2,sw08utt/sw_0899_2325.utt,"{C and, } {F uh, }",321,,169
bf,B,2325,,They/PRP think/VBP it/PRP 's/BES fun/JJ ./.,2/sw2325,,,1,sw08utt/sw_0899_2325.utt,They think it's fun.  /,322,,170
bf,B,2325,,"It/PRP 's/BES not/RB a/DT big/JJ ,/, you/PRP know/VBP --/:",2/sw2325,,,2,sw08utt/sw_0899_2325.utt,"It's not a big, {D you know } --",323,,170
+@,A,2325,,Yeah/UH ./.,2/sw2325,,,1,sw08utt/sw_0899_2325.utt,Yeah. /,324,,171
+,B,2325,,--/: trauma/NN to/IN them/PRP to/TO learn/VB something/NN ./.,2/sw2325,,,1,sw08utt/sw_0899_2325.utt,-- trauma to them to learn something.  /,325,,172
%,B,2325,,Yeah/UH ./.,2/sw2325,,,2,sw08utt/sw_0899_2325.utt,# Yeah. # /,326,,172
sd,A,2325,,"Oh/UH ,/, and/CC the/DT teachers/NNS ./.",2/sw2325,,,1,sw08utt/sw_0899_2325.utt,"# {F Oh, } {C and } # the teachers. - /",327,,173
sd,A,2325,,"Well/UH ,/, Taylor/NNP got/VBD bit/VBN several/JJ times/NNS",2/sw2325,,,2,sw08utt/sw_0899_2325.utt,"{D Well, } Taylor got bit several times  /",328,,173
sd,A,2325,,and/CC Taylor/NNP bit/VBD several/JJ times/NNS,2/sw2325,,,3,sw08utt/sw_0899_2325.utt,{C and } Taylor bit several times  /,329,,173
sd,A,2325,,and/CC the/DT teachers/NNS dealt/VBD with/IN that/DT ./.,2/sw2325,,,4,sw08utt/sw_0899_2325.utt,{C and } the teachers dealt with that.  /,330,,173
sd(^q),A,2325,,"We/PRP 're/VBP like/IN ,/, hey/UH they/PRP 're/VBP two/CD",2/sw2325,,,5,sw08utt/sw_0899_2325.utt,"We're like, hey they're two  /",331,,173
^q,A,2325,,and/CC we/PRP keep/VBP them/PRP apart/RB,2/sw2325,,,6,sw08utt/sw_0899_2325.utt,{C and } we keep them apart  /,332,,173
^q,A,2325,,and/CC we/PRP scold/VBP them/PRP,2/sw2325,,,7,sw08utt/sw_0899_2325.utt,{C and } we scold them  /,333,,173
^q,A,2325,,and/CC we/PRP correct/VBP them/PRP,2/sw2325,,,8,sw08utt/sw_0899_2325.utt,{C and } we correct them  /,334,,173
sd,A,2325,,"and/CC ,/, you/PRP know/VBP ,/, they/PRP mark/VBP it/PRP all/DT down/RP",2/sw2325,,,9,sw08utt/sw_0899_2325.utt,"{C and, } {D you know, } they mark it all down  /",335,,173
sd,A,2325,,and/CC they/PRP let/VBP you/PRP know/VBP,2/sw2325,,,10,sw08utt/sw_0899_2325.utt,{C and } they let you know  /,336,,173
sd,A,2325,,"and/CC ,/, and/CC ,/, you/PRP know/VBP ,/, they/PRP get/VBP over/RP it/PRP real/RB quick/JJ",2/sw2325,,,11,sw08utt/sw_0899_2325.utt,"[ {C and, } + <swallowing> {C and, } ] {D you know, } they get over it real quick  /",337,,173
sd,A,2325,,and/CC he/PRP does/VBZ n't/RB do/VB it/PRP anymore/RB,2/sw2325,,,12,sw08utt/sw_0899_2325.utt,{C and } he doesn't do it anymore  /,338,,173
sd,A,2325,,and/CC --/:,2/sw2325,,,13,sw08utt/sw_0899_2325.utt,{C and } --,339,,173
b,B,2325,,Yeah/UH ./.,2/sw2325,,,1,sw08utt/sw_0899_2325.utt,Yeah. /,340,,174
+,A,2325,,"--/: they/PRP work/VBP at/IN the/DT potty/NN train-/NN ,/,",2/sw2325,,,1,sw08utt/sw_0899_2325.utt,"-- they work at the potty train-, - /",341,,175
%,A,2325,,"I/PRP just/RB ,/, just/RB",2/sw2325,,,2,sw08utt/sw_0899_2325.utt,"I [ just, + just ] - /",342,,175
%,A,2325,,"so/RB mu/XX ,/,",2/sw2325,,,3,sw08utt/sw_0899_2325.utt,"{C so } mu, - /",343,,175
h,A,2325,,I/PRP do/VBP n't/RB know/VB ./.,2/sw2325,,,4,sw08utt/sw_0899_2325.utt,I don't know.  /,344,,175
sd,A,2325,,I/PRP just/RB feel/VBP like/IN a/DT big/JJ burden/NN was/VBD lifted/VBN ./.,2/sw2325,,,5,sw08utt/sw_0899_2325.utt,I just feel like a big burden was lifted <laughter>. /,345,,175
b,B,2325,,Really/UH ./.,2/sw2325,,,1,sw08utt/sw_0899_2325.utt,Really.  /,346,,176
sd,B,2325,,Because/IN sometimes/RB it/PRP is/VBZ a/DT burden/NN having/VBG them/PRP all/DT day/NN because/IN I/PRP ca/MD n't/RB --/:,2/sw2325,,,2,sw08utt/sw_0899_2325.utt,Because sometimes it is a burden having them all day because I can't --,347,,176
aa,A,2325,,It/PRP is/VBZ ./.,2/sw2325,,,1,sw08utt/sw_0899_2325.utt,# It is. # /,348,,177
+,B,2325,,--/: do/VB anything/NN with/IN them/PRP here/RB ./.,2/sw2325,,,1,sw08utt/sw_0899_2325.utt,-- # do anything # with them here.  /,349,,178
sd,B,2325,,I/PRP ca/MD n't/RB even/RB go/VB grocery/NN shopping/VBG right/RB now/RB --/:,2/sw2325,,,2,sw08utt/sw_0899_2325.utt,I can't even go grocery shopping # right now # --,350,,178
ba@,A,2325,,I/PRP know/VBP ./.,2/sw2325,,,1,sw08utt/sw_0899_2325.utt,# I know. #,351,,179
+,B,2325,,--/: with/IN the/DT two/CD of/IN them/PRP because/IN the/DT baby/NN is/VBZ so/RB into/IN everything/NN,2/sw2325,,,1,sw08utt/sw_0899_2325.utt,-- with the two of them because the baby is so into everything  /,352,,180
sd,B,2325,,"and/CC the/DT older/JJR brother/NN is/VBZ you/PRP know/VBP ,/, running/VBG around/RB all/RB over/IN the/DT place/NN",2/sw2325,,,2,sw08utt/sw_0899_2325.utt,"{C and } the older brother is <laughter> {D you know, } running around all over the place  /",353,,180
sd,B,2325,,so/RB --/:,2/sw2325,,,3,sw08utt/sw_0899_2325.utt,{C so } --,354,,180
+@,A,2325,,I/PRP know/VBP --/:,2/sw2325,,,1,sw08utt/sw_0899_2325.utt,I know -- /,355,,181
+,B,2325,,"--/: it/PRP is/VBZ ,/, it/PRP 's/BES hard/JJ ./.",2/sw2325,,,1,sw08utt/sw_0899_2325.utt,"-- # [ it is, + it's ] hard. # /",356,,182
sd^m,A,2325,,--/: and/CC that/DT 's/BES hard/JJ ./.,2/sw2325,,,1,sw08utt/sw_0899_2325.utt,-- # {C and } that's hard. # /,357,,183
b,B,2325,,Yeah/UH ./.,2/sw2325,,,1,sw08utt/sw_0899_2325.utt,Yeah. /,358,,184
b,A,2325,,Yeah/UH,2/sw2325,,,1,sw08utt/sw_0899_2325.utt,# Yeah  /,359,,185
x,A,2325,,./.,2/sw2325.pos,,,2,sw08utt/sw_0899_2325.utt,<sniffing>. #,360,,185
b,B,2325,,Yeah/UH ./.,2/sw2325,,,1,sw08utt/sw_0899_2325.utt,# Yeah.  /,361,,186
%,B,2325,,So/RB ./.,2/sw2325,,,2,sw08utt/sw_0899_2325.utt,{C So. } # -/,362,,186
%,A,2325,,"Well/UH ,/, and/CC it/PRP ,/, it/PRP ,/, you/PRP know/VBP ,/,",2/sw2325,,,1,sw08utt/sw_0899_2325.utt,"{D Well, } {C and } [ it, + it, ] {D you know, } - /",363,,187
%,A,2325,,"but/CC I/PRP understa/VBP ,/,",2/sw2325,,,2,sw08utt/sw_0899_2325.utt,"{C but } I understa-, - /",364,,187
sd,A,2325,,"I/PRP ,/, I/PRP ,/, I/PRP wish/VBP you/PRP could/MD find/VB a/DT good/JJ Mother/NNP 's/POS Day/NNP Out/RB because/IN that/DT would/MD be/VB good/JJ for/IN your/PRP$ --/:",2/sw2325,,,3,sw08utt/sw_0899_2325.utt,"[ [ I, + I, ] + I ] wish you could find a good Mother's Day Out because that would be good for your --",365,,187
b,B,2325,,"Yeah/UH ,/,",2/sw2325,,,1,sw08utt/sw_0899_2325.utt,"# Yeah,  /",366,,188
sd,B,2325,,I/PRP need/VBP to/TO ./.,2/sw2325,,,2,sw08utt/sw_0899_2325.utt,I need to. # /,367,,188
+,A,2325,,--/: peace/NN of/IN mind/NN also/RB ./.,2/sw2325,,,1,sw08utt/sw_0899_2325.utt,-- # peace of mind also. # /,368,,189
sd,B,2325,,"Even/RB for/IN just/RB a/DT couple/NN days/NNS a/DT ,/, mornings/NNS a/DT week/NN or/CC something/NN --/:",2/sw2325,,,1,sw08utt/sw_0899_2325.utt,"Even for just a couple [ days a, + mornings ] a week or something --",369,,190
b,A,2325,,Yeah/UH ./.,2/sw2325,,,1,sw08utt/sw_0899_2325.utt,Yeah. /,370,,191
+,B,2325,,"--/: to/TO have/VB something/NN like/IN that/DT ,/,",2/sw2325,,,1,sw08utt/sw_0899_2325.utt,"-- to have something like that,  /",371,,192
sd,B,2325,,"so/RB I/PRP ,/, I/PRP think/VBP I/PRP 'm/VBP going/VBG to/TO look/VB for/IN that/DT ./.",2/sw2325,,,2,sw08utt/sw_0899_2325.utt,"{C so } [  I, + I ] think I'm going to look for that.  /",372,,192
sd,B,2325,,Remind/VB me/PRP of/IN that/DT now/RB that/IN you/PRP mention/VBP it/PRP ./.,2/sw2325,,,3,sw08utt/sw_0899_2325.utt,Remind me of that now that you mention it # <laughter>. # /,373,,192
x,A,2325,,,2/sw2325,,,1,sw08utt/sw_0899_2325.utt,# <Laughter>. #,374,,193
sd@,B,2325,,"I/PRP was/VBD ,/, been/VBN meaning/VBG to/TO do/VB that/DT ,/, you/PRP know/VBP ./.",2/sw2325,,,1,sw08utt/sw_0899_2325.utt,"I [ was, + ] been meaning to do that, {D you know. }",375,,194
b,A,2325,,Yeah/UH ./.,2/sw2325,,,1,sw08utt/sw_0899_2325.utt,Yeah. /,376,,195
+@,B,2325,,"Because/IN some/DT of/IN the/DT churches/NNS do/VBP have/VB them/PRP ,/, uh/UH ,/, you/PRP know/VBP ,/, for/IN like/IN six/CD dollars/NNS per/IN child/NN --/:",2/sw2325,,,1,sw08utt/sw_0899_2325.utt,"Because some of the churches do have them, {F uh, } {D you know, } for like six dollars per child -- /",377,,196
b,A,2325,,Yeah/UH ./.,2/sw2325,,,1,sw08utt/sw_0899_2325.utt,Yeah. /,378,,197
sd,B,2325,,"--/: and/CC that/DT 's/BES not/RB that/RB big/JJ a/DT deal/NN ,/, you/PRP know/VBP ./.",2/sw2325,,,1,sw08utt/sw_0899_2325.utt,"-- {C and } that's not that big a deal, {D you know. } /",379,,198
b,A,2325,,Yeah/UH ./.,2/sw2325,,,1,sw08utt/sw_0899_2325.utt,# Yeah. # /,380,,199
sd,B,2325,,For/IN a/DT couple/NN times/NNS ./.,2/sw2325,,,1,sw08utt/sw_0899_2325.utt,# For a # couple times <sigh>. /,381,,200
sd,A,2325,,"And/CC that/DT 's/BES usually/RB like/IN ,/, you/PRP know/VBP ,/,",2/sw2325,,,1,sw08utt/sw_0899_2325.utt,"{C And } that's usually like, {D you know, } - /",382,,201
sd,A,2325,,"I/PRP do/VBP n't/RB know/VB when/WRB mine/PRP were/VBD going/VBG to/IN Mother/NNP 's/POS Day/NNP Out/RB ,/,",2/sw2325,,,2,sw08utt/sw_0899_2325.utt,"I don't know when mine were going to Mother's Day Out,  /",383,,201
sd,A,2325,,it/PRP was/VBD like/IN from/IN nine/CD to/IN three/CD,2/sw2325,,,3,sw08utt/sw_0899_2325.utt,it was like from nine to three  /,384,,201
sd,A,2325,,so/RB that/DT was/VBD a/DT pretty/RB good/JJ --/:,2/sw2325,,,4,sw08utt/sw_0899_2325.utt,{C so } that was a [ pretty good -- +,385,,201
b,B,2325,,Yeah/UH ./.,2/sw2325,,,1,sw08utt/sw_0899_2325.utt,Yeah. /,386,,202
+,A,2325,,"--/: pretty/RB good/JJ time/NN ,/, you/PRP know/VBP ./.",2/sw2325,,,1,sw08utt/sw_0899_2325.utt,"-- pretty good ] time, {D you know. }  /",387,,203
sd,A,2325,,My/PRP$ baby-sitter/NN would/MD take/VB them/PRP and/CC then/RB pick/VB them/PRP up/RB ./.,2/sw2325,,,2,sw08utt/sw_0899_2325.utt,My baby-sitter would take them and then pick them up. /,388,,203
b,B,2325,,Yeah/UH,2/sw2325,,,1,sw08utt/sw_0899_2325.utt,Yeah  /,389,,204
x,B,2325,,./.,2/sw2325.pos,,,2,sw08utt/sw_0899_2325.utt,<thumping>.,390,,204
b,A,2325,,"So/RB ,/, that/DT worked/VBD out/RP real/RB good/JJ ./.",2/sw2325,,,1,sw08utt/sw_0899_2325.utt,"{C So, } that worked out real good. /",391,,205
ba,B,2325,,That/DT 's/BES sounds/VBZ good/JJ ./.,2/sw2325,,,1,sw08utt/sw_0899_2325.utt,That's sounds good. /,392,,206
sd,A,2325,,"Well/UH ,/, I/PRP 'm/VBP tickled/VBN to/IN death/NN ./.",2/sw2325,,,1,sw08utt/sw_0899_2325.utt,"{D Well, } I'm tickled to death.  /",393,,207
sd,A,2325,,I/PRP hope/VBP you/PRP find/VBP something/NN,2/sw2325,,,2,sw08utt/sw_0899_2325.utt,I hope you find something  /,394,,207
fc,A,2325,,and/CC --/:,2/sw2325,,,3,sw08utt/sw_0899_2325.utt,{C and } --,395,,207
fc,B,2325,,"Well/UH ,/, thanks/UH ./.",2/sw2325,,,1,sw08utt/sw_0899_2325.utt,"# {D Well, } thanks. # /",396,,208
+,A,2325,,--/: it/PRP was/VBD good/JJ talking/VBG to/IN you/PRP ./.,2/sw2325,,,1,sw08utt/sw_0899_2325.utt,-- # it was good talking # to you. /,397,,209
fc,B,2325,,Did/VBD we/PRP cover/VB everything/NN we/PRP need/VBP to/TO ?/.,2/sw2325,,,1,sw08utt/sw_0899_2325.utt,Did we cover everything we need to? /,398,,210
fc,A,2325,,"Well/UH ,/, I/PRP guess/VBP ./.",2/sw2325,,,1,sw08utt/sw_0899_2325.utt,"{D Well, } I guess. /",399,,211
fc,B,2325,,Okay/UH ./.,2/sw2325,,,1,sw08utt/sw_0899_2325.utt,# Okay. # /,400,,212
fc^t,A,2325,,It/PRP said/VBD child/NN care/NN criteria/NNS --/:,2/sw2325,,,1,sw08utt/sw_0899_2325.utt,# It said # child care criteria -- /,401,,213
fc,B,2325,,Okay/UH ./.,2/sw2325,,,1,sw08utt/sw_0899_2325.utt,# Okay. # /,402,,214
fc,A,2325,,--/: and/CC I/PRP think/VBP we/PRP both/DT listed/VBD an/DT experience/NN ./.,2/sw2325,,,1,sw08utt/sw_0899_2325.utt,-- # {C and } # I think we both listed an experience <laughter>. /,403,,215
fc,B,2325,,Yeah/UH ./.,2/sw2325,,,1,sw08utt/sw_0899_2325.utt,Yeah.  /,404,,216
fc,B,2325,,Okay/UH ./.,2/sw2325,,,2,sw08utt/sw_0899_2325.utt,Okay.  /,405,,216
fc,B,2325,,"Well/UH ,/, great/UH ./.",2/sw2325,,,3,sw08utt/sw_0899_2325.utt,"{D Well, } great.  /",406,,216
fc,B,2325,,"Well/UH ,/, thanks/NNS a/DT lot/NN ./.",2/sw2325,,,4,sw08utt/sw_0899_2325.utt,"{D Well, } thanks a lot.  /",407,,216
fc,B,2325,,You/PRP have/VBP a/DT good/JJ day/NN ./.,2/sw2325,,,5,sw08utt/sw_0899_2325.utt,# You have a good day. # /,408,,216
fc,A,2325,,And/CC you/PRP too/RB ./.,2/sw2325,,,1,sw08utt/sw_0899_2325.utt,# {C And } you too. # /,409,,217
fc,B,2325,,Bye-bye/UH ./.,2/sw2325,,,1,sw08utt/sw_0899_2325.utt,# Bye-bye <clicking> </noise> </child_talking> </TV>. # /,410,,218
fc^m,A,2325,,Bye/UH ./.,2/sw2325,,,1,sw08utt/sw_0899_2325.utt,# Bye <clicking> </talking>. # /,411,,219
