swda_filename,ptb_basename,conversation_no,transcript_index,act_tag,caller,utterance_index,subutterance_index,text,pos,trees,ptb_treenumbers,start_ts,end_ts
sw02utt/sw_0215_2314.utt,2/sw2314,2314,0,sd,A,1,1,"<beep> {D Well, } [ I, + I ] don't think that [ it's, + it's ] wrong for a company to require drug testing for certain types of positions.  /","Well/UH ,/,  [ I/PRP ] ,/,  [ I/PRP ] do/VBP n't/RB think/VB that/IN  [ it/PRP ] 's/BES ,/,  [ it/PRP ] 's/BES wrong/JJ for/IN  [ a/DT company/NN ] to/TO require/VB  [ drug/NN testing/NN ] for/IN  [ certain/JJ types/NNS ] of/IN  [ positions/NNS ] ./.","(S (INTJ (UH Well)) (, ,) (EDITED (RM (-DFL- \[)) (NP-SBJ (PRP I)) (, ,) (IP (-DFL- \+))) (NP-SBJ (PRP I)) (RS (-DFL- \])) (VP (VBP do) (RB n't) (VP (VB think) (SBAR (IN that) (S (EDITED (RM (-DFL- \[)) (S (NP-SBJ (PRP it)) (VP-UNF (BES 's))) (, ,) (IP (-DFL- \+))) (NP-SBJ (NP (PRP it)) (SBAR (-NONE- *EXP*-1))) (VP (BES 's) (RS (-DFL- \])) (ADJP-PRD (JJ wrong)) (SBAR-1 (IN for) (S (NP-SBJ (DT a) (NN company)) (VP (TO to) (VP (VB require) (NP (NN drug) (NN testing)) (PP (IN for) (NP (NP (JJ certain) (NNS types)) (PP (IN of) (NP (NNS positions)))))))))))))) (. .) (-DFL- E_S))",1,1.78,8.34
sw02utt/sw_0215_2314.utt,2/sw2314,2314,1,sd,A,1,2,"For instance, jobs that require use of heavy machinery and things like that [ where there's, + where there's, ] {F uh, } endangerment to their own life and other people's lives. /","For/IN  [ instance/NN ] ,/,  [ jobs/NNS ] [ that/WDT ] require/VBP  [ use/NN ] of/IN  [ heavy/NN machinery/NN ] and/CC  [ things/NNS ] like/IN that/DT where/WRB  [ there/EX ] 's/BES ,/, where/WRB  [ there/EX ] 's/BES ,/,  [ uh/UH ] ,/,  [ endangerment/NN ] to/IN  [ their/PRP$ own/JJ life/NN ] and/CC  [ other/JJ people/NNS 's/POS lives/NNS ] ./.","(FRAG (PP (IN For) (NP (NN instance))) (, ,) (NP (NP (NNS jobs)) (SBAR (WHNP-1 (WDT that)) (S (NP-SBJ (-NONE- *T*-1)) (VP (VBP require) (NP (NP (NN use)) (PP (IN of) (NP (NP (NN heavy) (NN machinery)) (CC and) (NP (NP (NNS things)) (PP (IN like) (NP (DT that)))))))))) (SBAR (EDITED (RM (-DFL- \[)) (SBAR (WHADVP (WRB where)) (S (NP-SBJ (EX there)) (VP-UNF (BES 's)))) (, ,) (IP (-DFL- \+))) (WHADVP-2 (WRB where)) (S (NP-SBJ (EX there)) (VP (BES 's) (, ,) (RS (-DFL- \])) (INTJ (UH uh)) (, ,) (NP-PRD (NP (NN endangerment)) (PP (IN to) (NP (NP (PRP$ their) (JJ own) (NN life)) (CC and) (NP (NP (JJ other) (NNS people) (POS 's)) (NNS lives))))) (ADVP (-NONE- *T*-2)))))) (. .) (-DFL- E_S))",2,8.34,17.06
sw02utt/sw_0215_2314.utt,2/sw2314,2314,2,aa,B,2,1,"{F Uh, } I agree with that.  /","[ Uh/UH ] ,/,  [ I/PRP ] agree/VBP with/IN  [ that/DT ] ./.","(S (INTJ (UH Uh)) (, ,) (NP-SBJ (PRP I)) (VP (VBP agree) (PP (IN with) (NP (DT that)))) (. .) (-DFL- E_S))",4,18.4,19.66
sw02utt/sw_0215_2314.utt,2/sw2314,2314,3,sd,B,2,2,"People that are, {F uh, } driving --","[ People/NNS ] [ that/WDT ] are/VBP ,/,  [ uh/UH ] ,/, driving/VBG --/:","(NP (NP (NNS People)) (SBAR (WHNP-1 (WDT that)) (S (NP-SBJ (-NONE- *T*-1)) (VP (VBP are) (, ,) (INTJ (UH uh)) (, ,) (VP (VBG driving))))) (PP (IN like) (, ,) (INTJ (UH uh)) (, ,) (NP (NP (NN truck) (NNS drivers)) (CC and) (NP (NP (NNS things)) (PP (IN like) (NP (DT that)))))) (. .) (-DFL- E_S))",5,19.66,22.0
sw02utt/sw_0215_2314.utt,2/sw2314,2314,4,b,A,3,1,Uh-huh. /,[ Uh-huh/UH ] ./.,(INTJ (UH Uh-huh) (. .) (-DFL- E_S)),7,22.96,23.2
sw02utt/sw_0215_2314.utt,2/sw2314,2314,5,+,B,4,1,"-- like, {F uh, } truck drivers and things like that.  /","--/: like/IN ,/,  [ uh/UH ] ,/,  [ truck/NN drivers/NNS ]  and/CC  [ things/NNS ] like/IN  [ that/DT ] ./.","(NP (NP (NNS People)) (SBAR (WHNP-1 (WDT that)) (S (NP-SBJ (-NONE- *T*-1)) (VP (VBP are) (, ,) (INTJ (UH uh)) (, ,) (VP (VBG driving))))) (PP (IN like) (, ,) (INTJ (UH uh)) (, ,) (NP (NP (NN truck) (NNS drivers)) (CC and) (NP (NP (NNS things)) (PP (IN like) (NP (DT that)))))) (. .) (-DFL- E_S))",5,23.04,24.91
sw02utt/sw_0215_2314.utt,2/sw2314,2314,6,sd,B,4,2,I definitely think they should be tested.  /,[ I/PRP ] definitely/RB think/VBP  [ they/PRP ] should/MD be/VB tested/VBN ./.,(S (NP-SBJ (PRP I)) (ADVP (RB definitely)) (VP (VBP think) (SBAR (-NONE- 0) (S (NP-SBJ-1 (PRP they)) (VP (MD should) (VP (VB be) (VP (VBN tested) (NP (-NONE- *-1)))))))) (. .) (-DFL- E_S)),9,25.57,27.43
sw02utt/sw_0215_2314.utt,2/sw2314,2314,7,sd,B,4,3,"{C And } [ I'm not, + I'm not ] opposed to any testing.  /","And/CC  [ I/PRP ] 'm/VBP not/RB ,/,  [ I/PRP ] 'm/VBP not/RB opposed/JJ to/IN  [ any/DT testing/NN ] ./.","(S (CC And) (EDITED (RM (-DFL- \[)) (S (NP-SBJ (PRP I)) (VP-UNF (VBP 'm) (RB not))) (, ,) (IP (-DFL- \+))) (NP-SBJ (PRP I)) (VP (VBP 'm) (RB not) (RS (-DFL- \])) (ADJP-PRD (JJ opposed) (PP (IN to) (NP (DT any) (NN testing))))) (. .) (-DFL- E_S))",10,27.93,30.049999999999997
sw02utt/sw_0215_2314.utt,2/sw2314,2314,8,sd,B,4,4,"{E I mean } because I know I certainly wouldn't want [ to, + to, ] {F uh, } {D you know, } be endangered by somebody in a company that accidentally dropped something on me [ or, + or ] {D you know, } because he was on drugs while he was there. /","[ I/PRP ] mean/VBP because/IN  [ I/PRP ] know/VBP  [ I/PRP ] certainly/RB would/MD n't/RB want/VB to/TO ,/, to/TO ,/,  [ uh/UH ] ,/,  [ you/PRP ] know/VBP ,/, be/VB endangered/VBN by/IN  [ somebody/NN ] in/IN  [ a/DT company/NN ] [ that/WDT ] accidentally/RB dropped/VBD  [ something/NN ] on/IN  [ me/PRP ] or/CC ,/, or/CC  [ you/PRP ] know/VBP ,/, because/IN  [ he/PRP ] was/VBD on/IN  [ drugs/NNS ] while/IN  [ he/PRP ] was/VBD there/RB ./.","(FRAG (PRN (S (NP-SBJ (PRP I)) (VP (VBP mean)))) (SBAR-PRP (IN because) (S (NP-SBJ (PRP I)) (VP (VBP know) (SBAR (-NONE- 0) (S (NP-SBJ-1 (PRP I)) (ADVP (RB certainly)) (VP (MD would) (RB n't) (VP (VB want) (S (NP-SBJ-2 (-NONE- *-1)) (EDITED (RM (-DFL- \[)) (VP-UNF (TO to)) (, ,) (IP (-DFL- \+))) (VP (TO to) (, ,) (RS (-DFL- \])) (INTJ (UH uh)) (PRN (, ,) (S (NP-SBJ (PRP you)) (VP (VBP know))) (, ,)) (VP (VB be) (VP (VBN endangered) (NP (-NONE- *-2)) (PP (IN by) (NP-LGS (NP (NN somebody)) (PP (IN in) (NP (DT a) (NN company))) (SBAR (WHNP-3 (WDT that)) (S (NP-SBJ (-NONE- *T*-3)) (ADVP-MNR (RB accidentally)) (VP-UNF (VP (VBD dropped) (NP (NN something)) (PP-DIR (IN on) (NP (PRP me)))) (EDITED (RM (-DFL- \[)) (CC or) (, ,) (IP (-DFL- \+))) (CC or) (RS (-DFL- \])) (PRN (S (NP-SBJ (PRP you)) (VP (VBP know))) (, ,)) (SBAR-PRP (IN because) (S (NP-SBJ (PRP he)) (VP (VBD was) (PP-PRD (IN on) (NP (NNS drugs))) (SBAR-TMP (IN while) (S (NP-SBJ (PRP he)) (VP (VBD was) (ADVP-LOC-PRD (RB there)))))))))))))))))))))))) (. .) (-DFL- E_S))",11,30.05,44.79
sw02utt/sw_0215_2314.utt,2/sw2314,2314,9,b,A,5,1,Yeah. /,Yeah/UH ./.,(INTJ (UH Yeah) (. .) (-DFL- E_S)),13,45.13,45.370000000000005
sw02utt/sw_0215_2314.utt,2/sw2314,2314,10,%,B,6,1,<lipsmack> {F Uh } ... /,[ Uh/UH ] .../:,(INTJ (UH Uh) (: ...) (-DFL- E_S)),15,45.21,45.27
sw02utt/sw_0215_2314.utt,2/sw2314,2314,11,qo,A,7,1,"{D Well, } [ how do you, + how do you ] feel about, {F uh, } companies drug testing prior to hiring? /","Well/UH ,/, how/WRB do/VBP  [ you/PRP ] ,/, how/WRB do/VBP  [ you/PRP ] feel/VB about/IN ,/,  [ uh/UH ] ,/,  [ companies/NNS ] drug/VB testing/VBG prior/IN to/IN hiring/VBG ?/.","(SBARQ (INTJ (UH Well)) (, ,) (EDITED (RM (-DFL- \[)) (SBARQ (WHADVP (WRB how)) (SQ-UNF (VBP do) (NP-SBJ (PRP you)))) (, ,) (IP (-DFL- \+))) (WHADVP-1 (WRB how)) (SQ (VBP do) (NP-SBJ (PRP you)) (RS (-DFL- \])) (VP (VB feel) (ADVP (-NONE- *T*-1)) (PP (IN about) (, ,) (INTJ (UH uh)) (, ,) (S-NOM (NP-SBJ-2 (NNS companies)) (VP (VB drug) (VBG testing) (PP-TMP (IN prior) (PP (IN to) (S-NOM (NP-SBJ (-NONE- *-2)) (VP (VBG hiring)))))))))) (. ?) (-DFL- E_S))",17,47.39,53.03
sw02utt/sw_0215_2314.utt,2/sw2314,2314,12,sd,B,8,1,"{F Oh, } {F uh, } I was tested, {F uh, } within my company.  /","Oh/UH ,/,  [ uh/UH ] ,/,  [ I/PRP ] was/VBD tested/VBN ,/,  [ uh/UH ] ,/, within/IN  [ my/PRP$ company/NN ] ./.","(S (INTJ (UH Oh)) (, ,) (INTJ (UH uh)) (, ,) (NP-SBJ-1 (PRP I)) (VP (VBD was) (VP (VBN tested) (NP (-NONE- *-1)) (, ,) (INTJ (UH uh)) (, ,) (PP (IN within) (NP (PRP$ my) (NN company))))) (. .) (-DFL- E_S))",19,53.67,58.73
sw02utt/sw_0215_2314.utt,2/sw2314,2314,13,sd,B,8,2,"I think it's kind of a push to, {F uh, } weed out drugs in states  /","[ I/PRP ] think/VBP  [ it/PRP ] 's/BES  [ kind/RB ] of/RB  [ a/DT push/NN ] to/TO ,/,  [ uh/UH ] ,/,  [ weed/VB ] out/RP  [ drugs/NNS ] in/IN  [ states/NNS ]","(S (NP-SBJ (PRP I)) (VP (VBP think) (SBAR (-NONE- 0) (S (NP-SBJ (PRP it)) (VP (BES 's) (ADVP (RB kind) (RB of)) (NP-PRD (DT a) (NN push) (S (NP-SBJ (-NONE- *)) (VP (TO to) (, ,) (INTJ (UH uh)) (, ,) (VP (VB weed) (PRT (RP out)) (NP (NNS drugs)) (PP-LOC (IN in) (NP (NNS states))))))))))) (-DFL- E_S))",20,58.73,65.03999999999999
sw02utt/sw_0215_2314.utt,2/sw2314,2314,14,sd,B,8,3,"[ {C and, } + {C because } ] I don't know of any other countries that are doing this -- /","and/CC ,/, because/IN  [ I/PRP ] do/VBP n't/RB know/VB of/IN  [ any/DT other/JJ countries/NNS ] [ that/WDT ] are/VBP doing/VBG  [ this/DT ] --/:","(FRAG (EDITED (RM (-DFL- \[)) (CC and) (, ,) (IP (-DFL- \+))) (SBAR-PRP (IN because) (RS (-DFL- \])) (S (NP-SBJ (PRP I)) (VP (VBP do) (RB n't) (VP (VB know) (PP (IN of) (NP (NP (DT any) (JJ other) (NNS countries)) (SBAR (WHNP-1 (WDT that)) (S (NP-SBJ (-NONE- *T*-1)) (VP (VBP are) (VP (VBG doing) (NP (DT this)))))))))))) (-DFL- E_S))",21,65.04,68.19999999999999
sw02utt/sw_0215_2314.utt,2/sw2314,2314,15,b,A,9,1,Uh-huh. /,[ Uh-huh/UH ] ./.,(INTJ (UH Uh-huh) (. .) (-DFL- E_S)),7,68.36,68.6
sw02utt/sw_0215_2314.utt,2/sw2314,2314,16,sd,B,10,1,"-- {C and } [ I, + I ] feel like it's really just within the United States.  /","--/: and/CC  [ I/PRP ] ,/,  [ I/PRP ] feel/VBP like/IN  [ it/PRP ] 's/BES really/RB just/RB within/IN  [ the/DT United/NNP States/NNPS ] ./.","(S (CC and) (EDITED (RM (-DFL- \[)) (NP-SBJ (PRP I)) (, ,) (IP (-DFL- \+))) (NP-SBJ (PRP I)) (RS (-DFL- \])) (VP (VBP feel) (SBAR (IN like) (S (NP-SBJ (PRP it)) (VP (BES 's) (ADVP (RB really)) (ADVP (RB just)) (PP-LOC-PRD (IN within) (NP (DT the) (NNP United) (NNPS States))))))) (. .) (-DFL- E_S))",25,69.24,72.25999999999999
sw02utt/sw_0215_2314.utt,2/sw2314,2314,17,sd,B,10,2,"[ It's, + {F uh, } it's ] okay.  /","[ It/PRP ] [ 's/BES ] ,/,  [ uh/UH ] ,/,  [ it/PRP ] 's/BES okay/JJ ./.","(S (EDITED (RM (-DFL- \[)) (S (NP-SBJ (PRP It)) (VP-UNF (BES 's))) (, ,) (IP (-DFL- \+))) (INTJ (UH uh)) (, ,) (NP-SBJ (PRP it)) (VP (BES 's) (RS (-DFL- \])) (ADJP-PRD (JJ okay))) (. .) (-DFL- E_S))",26,72.26,75.86
sw02utt/sw_0215_2314.utt,2/sw2314,2314,18,sd,B,10,3,"I think your record should stand for itself.  That, {D you know, } if you've been tested at other companies {C and } you've always come up negative {C or } whatever, then I don't see what the big deal is that they have to go to all the expense --","[ I/PRP ] think/VBP  [ your/PRP$ record/NN ] should/MD stand/VB for/IN  [ itself/PRP ] ./.  [ That/DT ] ,/,  [ you/PRP ] know/VBP ,/, if/IN  [ you/PRP ] 've/VBP been/VBN tested/VBN at/IN  [ other/JJ companies/NNS ] and/CC  [ you/PRP ] 've/VBP always/RB come/VBN up/RP  [ negative/JJ ] or/CC  [ whatever/WDT ] ,/, then/RB  [ I/PRP ] do/VBP n't/RB see/VB  [ what/WP ] [ the/DT big/JJ deal/NN ] is/VBZ that/IN  [ they/PRP ] have/VBP to/TO go/VB to/IN  [ all/PDT the/DT expense/NN ] --/:","(S (NP-SBJ (PRP I)) (VP (VBP think) (SBAR (SBAR (-NONE- 0) (S (NP-SBJ (PRP$ your) (NN record)) (VP (MD should) (VP (VB stand) (PP (IN for) (NP (PRP itself))))))) (. .) (SBAR (DT That) (PRN (, ,) (S (NP-SBJ (PRP you)) (VP (VBP know))) (, ,)) (S (SBAR-ADV (IN if) (S (S (NP-SBJ-1 (PRP you)) (VP (VBP 've) (VP (VBN been) (VP (VBN tested) (NP (-NONE- *-1)) (PP-LOC (IN at) (NP (JJ other) (NNS companies))))))) (CC and) (S (NP-SBJ-4 (PRP you)) (VP (VBP 've) (ADVP-TMP (RB always)) (VP (VP (VBN come) (PRT (RP up)) (S (NP-SBJ (-NONE- *-4)) (ADJP-PRD (JJ negative)))) (CC or) (NP-ETC (WDT whatever))))))) (, ,) (ADVP (RB then)) (NP-SBJ (PRP I)) (VP (VBP do) (RB n't) (VP (VB see) (SBAR (WHNP-2 (WP what)) (S (NP-SBJ (DT the) (JJ big) (NN deal)) (VP (VBZ is) (NP-PRD (-NONE- *T*-2)) (SBAR-PRP (WHADVP-5 (IN that)) (S (NP-SBJ-3 (PRP they)) (VP (VBP have) (S (NP-SBJ-6 (-NONE- *-3)) (VP (TO to) (VP (VB go) (PP (IN to) (NP (NP (PDT all) (DT the) (NN expense)) (PP (IN of) (S-NOM (NP-SBJ (-NONE- *-6)) (VP (VBG testing) (NP (PRP you)) (ADVP-TMP (RB over) (CC and) (RB over) (CC and) (RB over)))))))))) (ADVP-PRP (-NONE- *T*-5)))))))))))))) (. .) (-DFL- E_S))",27,76.26,89.33
sw02utt/sw_0215_2314.utt,2/sw2314,2314,19,b,A,11,1,Uh-huh. /,[ Uh-huh/UH ] ./.,(INTJ (UH Uh-huh) (. .) (-DFL- E_S)),7,90.08,90.28
sw02utt/sw_0215_2314.utt,2/sw2314,2314,20,+,B,12,1,-- of testing you over and over and over.  /,--/: of/IN testing/VBG  [ you/PRP ] over/RB and/CC over/RB and/CC over/RB ./.,"(S (NP-SBJ (PRP I)) (VP (VBP think) (SBAR (SBAR (-NONE- 0) (S (NP-SBJ (PRP$ your) (NN record)) (VP (MD should) (VP (VB stand) (PP (IN for) (NP (PRP itself))))))) (. .) (SBAR (DT That) (PRN (, ,) (S (NP-SBJ (PRP you)) (VP (VBP know))) (, ,)) (S (SBAR-ADV (IN if) (S (S (NP-SBJ-1 (PRP you)) (VP (VBP 've) (VP (VBN been) (VP (VBN tested) (NP (-NONE- *-1)) (PP-LOC (IN at) (NP (JJ other) (NNS companies))))))) (CC and) (S (NP-SBJ-4 (PRP you)) (VP (VBP 've) (ADVP-TMP (RB always)) (VP (VP (VBN come) (PRT (RP up)) (S (NP-SBJ (-NONE- *-4)) (ADJP-PRD (JJ negative)))) (CC or) (NP-ETC (WDT whatever))))))) (, ,) (ADVP (RB then)) (NP-SBJ (PRP I)) (VP (VBP do) (RB n't) (VP (VB see) (SBAR (WHNP-2 (WP what)) (S (NP-SBJ (DT the) (JJ big) (NN deal)) (VP (VBZ is) (NP-PRD (-NONE- *T*-2)) (SBAR-PRP (WHADVP-5 (IN that)) (S (NP-SBJ-3 (PRP they)) (VP (VBP have) (S (NP-SBJ-6 (-NONE- *-3)) (VP (TO to) (VP (VB go) (PP (IN to) (NP (NP (PDT all) (DT the) (NN expense)) (PP (IN of) (S-NOM (NP-SBJ (-NONE- *-6)) (VP (VBG testing) (NP (PRP you)) (ADVP-TMP (RB over) (CC and) (RB over) (CC and) (RB over)))))))))) (ADVP-PRP (-NONE- *T*-5)))))))))))))) (. .) (-DFL- E_S))",27,90.11,91.49
sw02utt/sw_0215_2314.utt,2/sw2314,2314,21,sd,B,12,2,"{C And } once you've established the fact that you're not a drug user and especially if your personality proves that you're not.  I think they could, {F uh, } save money by not doing that.  {D You know, }  every time,  /","And/CC once/RB  [ you/PRP ] 've/VBP established/VBN  [ the/DT fact/NN ] that/WDT  [ you/PRP ] 're/VBP not/RB  [ a/DT drug/NN user/NN ] and/CC especially/RB if/IN  [ your/PRP$ personality/NN ] proves/VBZ that/IN  [ you/PRP ] 're/VBP not/RB ./.  [ I/PRP ] think/VBP  [ they/PRP ] could/MD ,/,  [ uh/UH ] ,/, save/VB  [ money/NN ] by/IN not/RB doing/VBG  [ that/DT ] ./.  [ You/PRP ] know/VBP ,/,  [ every/DT time/NN ] ,/,","(S (CC And) (SBAR-ADV (SBAR (RB once) (S (NP-SBJ (PRP you)) (VP (VBP 've) (VP (VBN established) (NP (DT the) (NN fact) (SBAR (WDT that) (S (NP-SBJ (PRP you)) (VP (VBP 're) (RB not) (NP-PRD (DT a) (NN drug) (NN user)))))))))) (CC and) (SBAR (ADVP (RB especially)) (IN if) (S (NP-SBJ (PRP$ your) (NN personality)) (VP (VBZ proves) (SBAR (IN that) (S (NP-SBJ (PRP you)) (VP (VBP 're) (RB not) (NP-PRD (-NONE- *?*))))))))) (. .) (NP-SBJ (PRP I)) (VP (VBP think) (SBAR (-NONE- 0) (S (NP-SBJ-1 (PRP they)) (VP (MD could) (, ,) (INTJ (UH uh)) (, ,) (VP (VB save) (NP (NN money)) (PP (IN by) (S-NOM (NP-SBJ (-NONE- *-1)) (RB not) (VP (VBG doing) (NP (DT that)) (PRN (. .) (S (NP-SBJ (PRP You)) (VP (VBP know))) (, ,)) (NP-TMP (DT every) (NN time)))))))))) (, ,) (-DFL- E_S))",31,91.49,106.09
sw02utt/sw_0215_2314.utt,2/sw2314,2314,22,sd,B,12,3,{D say } if you change jobs you wouldn't have to do it if you'd just been tested at your other work place. /,say/UH if/IN  [ you/PRP ] change/VBP  [ jobs/NNS you/PRP ] would/MD n't/RB have/VB to/TO do/VB  [ it/PRP ] if/IN  [ you/PRP ] 'd/VBD just/RB been/VBN tested/VBN at/IN  [ your/PRP$ other/JJ work/NN place/NN ] ./.,(S (INTJ (UH say)) (SBAR-ADV (IN if) (S (NP-SBJ (PRP you)) (VP (VBP change) (NP (NNS jobs))))) (NP-SBJ-1 (PRP you)) (VP (MD would) (RB n't) (VP (VB have) (S (NP-SBJ (-NONE- *-1)) (VP (TO to) (VP (VB do) (NP (PRP it)) (SBAR-ADV (IN if) (S (NP-SBJ-2 (PRP you)) (VP (VBD 'd) (ADVP (RB just)) (VP (VBN been) (VP (VBN tested) (NP (-NONE- *-2)) (PP-LOC (IN at) (NP (PRP$ your) (JJ other) (NN work) (NN place))))))))))))) (. .) (-DFL- E_S)),32,106.09,111.61
sw02utt/sw_0215_2314.utt,2/sw2314,2314,23,qw^d,A,13,1,"{D Well, } what about random testing, though. /","Well/UH ,/,  [ what/WP ] about/IN  [ random/JJ testing/NN ] ,/, though/RB ./.","(FRAG (INTJ (UH Well)) (, ,) (WHNP (WP what)) (PP (IN about) (NP (JJ random) (NN testing))) (, ,) (ADVP (RB though)) (. .) (-DFL- E_S))",34,113.24,115.00999999999999
sw02utt/sw_0215_2314.utt,2/sw2314,2314,24,b,B,14,1,Oh. /,Oh/UH ./.,(INTJ (UH Oh) (. .) (-DFL- E_S)),36,115.65,115.95
sw02utt/sw_0215_2314.utt,2/sw2314,2314,25,qy,A,15,1,"Do you feel like that's an [ in-, + invasion ] of certain people's rights if not everyone is tested? /","Do/VBP  [ you/PRP ] feel/VB like/IN  [ that/DT ] 's/BES  [ an/DT in-/NN ] ,/,  [ invasion/NN ] of/IN  [ certain/JJ people/NNS 's/POS rights/NNS ] if/IN not/RB  [ everyone/NN ] is/VBZ tested/VBN ?/.","(SQ (VBP Do) (NP-SBJ (PRP you)) (VP (VB feel) (SBAR (IN like) (S (NP-SBJ (DT that)) (VP (BES 's) (NP-PRD (NP (DT an) (EDITED (RM (-DFL- \[)) (NN in-) (, ,) (IP (-DFL- \+))) (NN invasion)) (RS (-DFL- \])) (PP (IN of) (NP (NP (JJ certain) (NNS people) (POS 's)) (NNS rights)))) (SBAR-ADV (IN if) (S (NP-SBJ-1 (RB not) (NN everyone)) (VP (VBZ is) (VP (VBN tested) (NP (-NONE- *-1)))))))))) (. ?) (-DFL- E_S))",38,116.11,121.19
sw02utt/sw_0215_2314.utt,2/sw2314,2314,26,ng,B,16,1,"{F Uh, } not if it's done fairly.  /","[ Uh/UH ] ,/, not/RB if/IN  [ it/PRP ] 's/BES done/VBN fairly/RB ./.","(FRAG (INTJ (UH Uh)) (, ,) (RB not) (SBAR-ADV (IN if) (S (NP-SBJ-1 (PRP it)) (VP (BES 's) (VP (VBN done) (NP (-NONE- *-1)) (ADVP-MNR (RB fairly)))))) (. .) (-DFL- E_S))",40,121.85,123.73
sw02utt/sw_0215_2314.utt,2/sw2314,2314,27,sd,B,16,2,"{C And } that's probably my question is, [ how, + how ] do you know it's done fairly. /","And/CC  [ that/DT ] 's/BES probably/RB  [ my/PRP$ question/NN ] is/VBZ ,/, how/WRB ,/, how/WRB do/VBP  [ you/PRP ] know/VBP  [ it/PRP ] 's/BES done/VBN fairly/RB ./.","(S (CC And) (S-SBJ (NP-SBJ (DT that)) (VP (BES 's) (ADVP (RB probably)) (NP-PRD (PRP$ my) (NN question)))) (VP (VBZ is) (, ,) (SBARQ-PRD (EDITED (RM (-DFL- \[)) (WHADVP (WRB how)) (, ,) (IP (-DFL- \+))) (WHADVP-2 (WRB how)) (RS (-DFL- \])) (SQ (VBP do) (NP-SBJ (PRP you)) (VP (VBP know) (SBAR (-NONE- 0) (S (NP-SBJ-1 (PRP it)) (VP (BES 's) (VP (VBN done) (NP (-NONE- *-1)) (ADVP-MNR (RB fairly)))))) (ADVP-MNR (-NONE- *T*-2)))))) (. .) (-DFL- E_S))",41,124.11,127.89
sw02utt/sw_0215_2314.utt,2/sw2314,2314,28,sv,A,17,1,I don't know that you do.  /,[ I/PRP ] do/VBP n't/RB know/VB that/IN  [ you/PRP ] do/VBP ./.,(S (NP-SBJ (PRP I)) (VP (VBP do) (RB n't) (VP (VB know) (SBAR (IN that) (S (NP-SBJ (PRP you)) (VP (VBP do)))))) (. .) (-DFL- E_S)),43,128.69,129.75
sw02utt/sw_0215_2314.utt,2/sw2314,2314,29,sd,A,17,2,"If it's random, then it's random -- /","If/IN  [ it/PRP ] 's/BES random/JJ ,/, then/RB  [ it/PRP ] 's/BES random/JJ --/:","(S (SBAR-ADV (IN If) (S (NP-SBJ (PRP it)) (VP (BES 's) (ADJP-PRD (JJ random))))) (, ,) (ADVP (RB then)) (NP-SBJ (PRP it)) (VP (BES 's) (ADJP-PRD (JJ random))) (-DFL- E_S))",44,129.75,131.47
sw02utt/sw_0215_2314.utt,2/sw2314,2314,30,b,B,18,1,Yeah. /,Yeah/UH ./.,(INTJ (UH Yeah) (. .) (-DFL- E_S)),46,131.31,131.45
sw02utt/sw_0215_2314.utt,2/sw2314,2314,31,sv,A,19,1,-- {C and } that's not necessarily fair. /,--/: and/CC  [ that/DT ] 's/BES not/RB necessarily/RB fair/JJ ./.,(S (CC and) (NP-SBJ (DT that)) (VP (BES 's) (RB not) (ADVP (RB necessarily)) (ADJP-PRD (JJ fair))) (. .) (-DFL- E_S)),48,131.61,133.53
sw02utt/sw_0215_2314.utt,2/sw2314,2314,32,sv,B,20,1,"{D Well, } they might tell you it's random. /","Well/UH ,/,  [ they/PRP ] might/MD tell/VB  [ you/PRP ] [ it/PRP ] 's/BES random/JJ ./.","(S (INTJ (UH Well)) (, ,) (NP-SBJ (PRP they)) (VP (MD might) (VP (VB tell) (NP (PRP you)) (SBAR (-NONE- 0) (S (NP-SBJ (PRP it)) (VP (BES 's) (ADJP-PRD (JJ random))))))) (. .) (-DFL- E_S))",50,133.81,135.73
sw02utt/sw_0215_2314.utt,2/sw2314,2314,33,b,A,21,1,Uh-huh. /,[ Uh-huh/UH ] ./.,(INTJ (UH Uh-huh) (. .) (-DFL- E_S)),23,135.89,136.02999999999997
sw02utt/sw_0215_2314.utt,2/sw2314,2314,34,sv,B,22,1,"{C But then, } {D you know, } it's kind of like [ a, + a ] lottery.  /","But/CC then/RB ,/,  [ you/PRP ] know/VBP ,/,  [ it/PRP ] 's/BES  [ kind/RB ] of/RB like/IN  [ a/DT ] ,/,  [ a/DT lottery/NN ] ./.","(S (CONJP (CC But) (RB then)) (PRN (, ,) (S (NP-SBJ (PRP you)) (VP (VBP know))) (, ,)) (NP-SBJ (PRP it)) (VP (BES 's) (ADVP (RB kind) (RB of)) (PP-PRD (IN like) (EDITED (RM (-DFL- \[)) (NP-UNF (DT a)) (, ,) (IP (-DFL- \+))) (NP (DT a) (RS (-DFL- \])) (NN lottery)))) (. .) (-DFL- E_S))",54,136.63,138.99
sw02utt/sw_0215_2314.utt,2/sw2314,2314,35,sv,B,22,2,"Somebody in their lifetime may win millions of dollars where another person doesn't win anything, and tries and tries and tries.","[ Somebody/NN ] in/IN  [ their/PRP$ lifetime/NN ] may/MD win/VB  [ millions/NNS ] of/IN  [ dollars/NNS ] where/WRB  [ another/DT person/NN ] does/VBZ n't/RB win/VB  [ anything/NN ] ,/, and/CC tries/VBZ and/CC tries/VBZ and/CC tries/VBZ ./.","(S (NP-SBJ (NN Somebody)) (PP-TMP (IN in) (NP (PRP$ their) (NN lifetime))) (VP (MD may) (VP (VB win) (NP (NP (NNS millions)) (PP (IN of) (NP (NNS dollars)))) (SBAR-ADV (WHADVP-1 (WRB where)) (S (NP-SBJ (DT another) (NN person)) (VP (VBZ does) (RB n't) (VP (VP (VB win) (NP (NN anything))) (, ,) (CC and) (VP (VBZ tries) (CC and) (VBZ tries) (CC and) (VBZ tries)) (ADVP (-NONE- *T*-1)))))) (PRN (. .) (S (NP-SBJ (PRP You)) (VP (VBP know)))))) (. .) (-DFL- E_S))",55,138.99,146.10999999999999
sw02utt/sw_0215_2314.utt,2/sw2314,2314,36,b,A,23,1,Yeah. /,Yeah/UH ./.,(INTJ (UH Yeah) (. .) (-DFL- E_S)),46,146.37,146.63
sw02utt/sw_0215_2314.utt,2/sw2314,2314,37,+,B,24,1,{D You know. } /,[ You/PRP ] know/VBP ./.,"(S (NP-SBJ (NN Somebody)) (PP-TMP (IN in) (NP (PRP$ their) (NN lifetime))) (VP (MD may) (VP (VB win) (NP (NP (NNS millions)) (PP (IN of) (NP (NNS dollars)))) (SBAR-ADV (WHADVP-1 (WRB where)) (S (NP-SBJ (DT another) (NN person)) (VP (VBZ does) (RB n't) (VP (VP (VB win) (NP (NN anything))) (, ,) (CC and) (VP (VBZ tries) (CC and) (VBZ tries) (CC and) (VBZ tries)) (ADVP (-NONE- *T*-1)))))) (PRN (. .) (S (NP-SBJ (PRP You)) (VP (VBP know)))))) (. .) (-DFL- E_S))",55,147.15,147.39000000000001
sw02utt/sw_0215_2314.utt,2/sw2314,2314,38,sd,A,25,1,"{D Well, } [ I ha-, + I  know ] that, for instance, in the N C double A, they drug test  /","Well/UH ,/,  [ I/PRP ha-/XX ] ,/,  [ I/PRP ] know/VBP that/IN ,/, for/IN  [ instance/NN ] ,/, in/IN  [ the/DT N/NNP C/NNP ] double/JJ  [ A/NNP ] ,/,  [ they/PRP ] drug/GW  [ test/^VBP ]","(S (INTJ (UH Well)) (, ,) (EDITED (RM (-DFL- \[)) (S (NP-SBJ (PRP I)) (VP-UNF (XX ha-))) (, ,) (IP (-DFL- \+))) (NP-SBJ (PRP I)) (VP (VBP know) (RS (-DFL- \])) (SBAR (IN that) (, ,) (S (PP (IN for) (NP (NN instance))) (, ,) (PP (IN in) (NP (DT the) (NNP N) (NNP C) (JJ double) (NNP A))) (, ,) (NP-SBJ (PRP they)) (VP (GW drug) (^VBP test))))) (-DFL- E_S))",60,147.81,151.83
sw02utt/sw_0215_2314.utt,2/sw2314,2314,39,sd,A,25,2,{C and } it's not random. /,and/CC  [ it/PRP ] 's/BES not/RB random/JJ ./.,(S (CC and) (NP-SBJ (PRP it)) (VP (BES 's) (RB not) (ADJP-PRD (JJ random))) (. .) (-DFL- E_S)),61,151.83,152.91
sw02utt/sw_0215_2314.utt,2/sw2314,2314,40,b,B,26,1,"{F Oh, } I see.  /","Oh/UH ,/,  [ I/PRP ] see/VBP ./.","(S (INTJ (UH Oh)) (, ,) (NP-SBJ (PRP I)) (VP (VBP see)) (. .) (-DFL- E_S))",63,153.23,153.99
sw02utt/sw_0215_2314.utt,2/sw2314,2314,41,qw,B,26,2,"[ [ How'd, + how did  ] they,  + how do they ] pick their people? /","How/WRB 'd/VBD ,/, how/WRB did/VBD  [ they/PRP ] ,/, how/WRB do/VBP  [ they/PRP ] pick/VB  [ their/PRP$ people/NNS ] ?/.","(SBARQ (EDITED (RM (-DFL- \[)) (SBARQ (EDITED (RM (-DFL- \[)) (SBARQ (WHADVP (WRB How)) (SQ-UNF (VBD 'd))) (, ,) (IP (-DFL- \+))) (WHADVP (WRB how)) (SQ-UNF (VBD did) (RS (-DFL- \])) (NP-SBJ (PRP they)))) (, ,) (IP (-DFL- \+))) (WHADVP-1 (WRB how)) (SQ (VBP do) (NP-SBJ (PRP they)) (RS (-DFL- \])) (VP (VB pick) (NP (PRP$ their) (NNS people)) (ADVP-MNR (-NONE- *T*-1)))) (. ?) (-DFL- E_S))",64,153.99,157.17
sw02utt/sw_0215_2314.utt,2/sw2314,2314,42,sd,A,27,1,"{F Uh, } {D well, } I think all college players have to do an initial drug test at a certain point prior to the season -- /","[ Uh/UH ] ,/, well/UH ,/,  [ I/PRP ] think/VBP  [ all/DT college/NN players/NNS ] have/VBP to/TO do/VB  [ an/DT initial/JJ drug/NN test/NN ] at/IN  [ a/DT certain/JJ point/NN ] prior/IN to/IN  [ the/DT season/NN ] --/:","(S (INTJ (UH Uh)) (, ,) (INTJ (UH well)) (, ,) (NP-SBJ (PRP I)) (VP (VBP think) (SBAR (-NONE- 0) (S (NP-SBJ-1 (DT all) (NN college) (NNS players)) (VP (VBP have) (S (NP-SBJ (-NONE- *-1)) (VP (TO to) (VP (VB do) (NP (DT an) (JJ initial) (NN drug) (NN test)) (PP-TMP (IN at) (NP (DT a) (JJ certain) (NN point))) (PP-TMP (IN prior) (PP (IN to) (NP (DT the) (NN season))))))))))) (-DFL- E_S))",66,158.17,164.41
sw02utt/sw_0215_2314.utt,2/sw2314,2314,43,b,B,28,1,Uh-huh. /,[ Uh-huh/UH ] ./.,(INTJ (UH Uh-huh) (. .) (-DFL- E_S)),52,164.73,164.95
sw02utt/sw_0215_2314.utt,2/sw2314,2314,44,sd,A,29,1,"-- {C and } from that point on, {F uh, } [ at, + ] the N C double A does have something to do with it,  /","--/: and/CC from/IN  [ that/DT point/NN ] on/IN ,/,  [ uh/UH ] ,/, at/IN ,/,  [ the/DT N/NNP C/NNP ] double/JJ  [ A/NNP ] does/VBZ have/VB  [ something/NN ] to/TO do/VB with/IN  [ it/PRP ] ,/,","(S (CC and) (PP-TMP (PP (IN from) (NP (DT that) (NN point))) (ADVP (IN on))) (, ,) (INTJ (UH uh)) (, ,) (EDITED (RM (-DFL- \[)) (PP-UNF (IN at)) (, ,) (IP (-DFL- \+)) (RS (-DFL- \]))) (NP-SBJ (DT the) (NNP N) (NNP C) (JJ double) (NNP A)) (VP (VBZ does) (VP (VB have) (NP (NP (NN something)) (SBAR (WHNP-1 (-NONE- 0)) (S (NP-SBJ (-NONE- *)) (VP (TO to) (VP (VB do) (NP (-NONE- *T*-1)) (PP (IN with) (NP (PRP it)))))))))) (, ,) (-DFL- E_S))",70,165.11,170.71
sw02utt/sw_0215_2314.utt,2/sw2314,2314,45,sd,A,29,2,"{C but } it's almost discretionary on the coach's part of each [ [ in-, + individu-, ] + individual ] institution to identify the ones that have the problem. /","but/CC  [ it/PRP ] 's/BES almost/RB discretionary/JJ on/IN  [ the/DT coach/NN 's/POS part/NN ] of/IN  [ each/DT in/JJ ] ,/,  [ individu/JJ ] ,/,  [ individual/JJ institution/NN ] to/TO identify/VB  [ the/DT ones/NNS ] [ that/WDT ] have/VBP  [ the/DT problem/NN ] ./.","(S (CC but) (NP-SBJ (NP (PRP it)) (S (-NONE- *ICH*-2))) (VP (BES 's) (ADVP (RB almost)) (ADJP-PRD (JJ discretionary) (PP (IN on) (NP (NP (DT the) (NN coach) (POS 's)) (NN part))) (PP (IN of) (NP (DT each) (EDITED (RM (-DFL- \[)) (EDITED (RM (-DFL- \[)) (JJ in-) (, ,) (IP (-DFL- \+))) (JJ individu-) (, ,) (RS (-DFL- \])) (IP (-DFL- \+))) (JJ individual) (RS (-DFL- \])) (NN institution)))) (S-2 (NP-SBJ (-NONE- *)) (VP (TO to) (VP (VB identify) (NP (NP (DT the) (NNS ones)) (SBAR (WHNP-1 (WDT that)) (S (NP-SBJ (-NONE- *T*-1)) (VP (VBP have) (NP (DT the) (NN problem)))))))))) (. .) (-DFL- E_S))",71,170.71,179.81
sw02utt/sw_0215_2314.utt,2/sw2314,2314,46,bk,B,30,1,"{F Oh, } I see.  /","Oh/UH ,/,  [ I/PRP ] see/VBP ./.","(S (INTJ (UH Oh)) (, ,) (NP-SBJ (PRP I)) (VP (VBP see)) (. .) (-DFL- E_S))",63,179.79,180.59
sw02utt/sw_0215_2314.utt,2/sw2314,2314,47,%,B,30,2,"{D So, }  do you ... -/","So/RB ,/, do/VBP  [ you/PRP ] .../:","(SQ-UNF (INTJ (UH So)) (, ,) (VBP do) (NP-SBJ (PRP you)) (: ...) (-DFL- N_S))",74,180.93,181.29
sw02utt/sw_0215_2314.utt,2/sw2314,2314,48,sd,A,31,1,"[ {C And, } +  {C and } ] the ones that test positive have to retest after a certain period of time. /","And/CC ,/, and/CC  [ the/DT ones/NNS ] [ that/WDT ] test/VBP  [ positive/JJ ] have/VBP to/TO  [ retest/VB ] after/IN  [ a/DT certain/JJ period/NN ] of/IN  [ time/NN ] ./.","(S (EDITED (RM (-DFL- \[)) (CC And) (, ,) (IP (-DFL- \+))) (CC and) (RS (-DFL- \])) (NP-SBJ-2 (NP (DT the) (NNS ones)) (SBAR (WHNP-1 (WDT that)) (S (NP-SBJ (-NONE- *T*-1)) (VP (VBP test) (ADJP-PRD (JJ positive)))))) (VP (VBP have) (S (NP-SBJ (-NONE- *-2)) (VP (TO to) (VP (VB retest) (PP-TMP (IN after) (NP (NP (DT a) (JJ certain) (NN period)) (PP (IN of) (NP (NN time))))))))) (. .) (-DFL- E_S))",76,181.55,186.03
sw02utt/sw_0215_2314.utt,2/sw2314,2314,49,b,B,32,1,Right.  /,[ Right/UH ] ./.,(INTJ (UH Right) (. .) (-DFL- E_S)),78,186.13,186.53
sw02utt/sw_0215_2314.utt,2/sw2314,2314,50,qy,B,32,2,"{D Well, } do you think that should be implemented in the work place.  {D You know, } as like a manager or supervisor thinks or  has suspicion that someone is using drugs,  /","Well/UH ,/, do/VBP  [ you/PRP ] think/VB  [ that/DT ] should/MD be/VB implemented/VBN in/IN  [ the/DT work/NN place/NN ] ./.  [ You/PRP ] know/VBP ,/, as/IN like/UH  [ a/DT manager/NN ] or/CC  [ supervisor/NN ] thinks/VBZ or/CC has/VBZ  [ suspicion/NN ] that/IN  [ someone/NN ] is/VBZ using/VBG  [ drugs/NNS ] ,/,","(SQ (INTJ (UH Well)) (, ,) (VBP do) (NP-SBJ (PRP you)) (VP (VB think) (SBAR (-NONE- 0) (S (NP-SBJ-1 (DT that)) (VP (MD should) (VP (VB be) (VP (VBN implemented) (NP (-NONE- *-1)) (PP-LOC (IN in) (NP (DT the) (NN work) (NN place))))))))))|||(SQ (PRN (. .) (S (NP-SBJ (PRP You)) (VP (VBP know))) (, ,)) (SBAR-TMP (IN as) (INTJ (UH like)) (S (NP-SBJ (DT a) (NN manager) (CC or) (NN supervisor)) (VP (VP (VBZ thinks) (SBAR (-NONE- *RNR*-2))) (CC or) (VP (VBZ has) (NP (NN suspicion) (SBAR (-NONE- *RNR*-2)))) (SBAR-2 (IN that) (S (NP-SBJ (NN someone)) (VP (VBZ is) (VP (VBG using) (NP (NNS drugs))))))))) (, ,) (-DFL- E_S) (VBP do) (NP-SBJ (PRP you)) (VP (VB think) (SBAR (-NONE- 0) (S (NP-SBJ (PRP they)) (VP (MD should) (VP (VB have) (NP (DT the) (NN right) (S (NP-SBJ (-NONE- *)) (VP (TO to) (VP (VB send) (NP-1 (PRP them)) (S-PRP (NP-SBJ-2 (-NONE- *-1)) (VP (TO to) (VP (VB be) (VP (VBN tested) (NP (-NONE- *-2))))))))))))))) (. .) (-DFL- E_S))",79|||80,187.85,198.04999999999998
sw02utt/sw_0215_2314.utt,2/sw2314,2314,51,qy,B,32,3,do you think they should have the right to send them --,do/VBP  [ you/PRP ] think/VB  [ they/PRP ] should/MD have/VB  [ the/DT right/NN ] to/TO send/VB  [ them/PRP ] --/:,"(SQ (PRN (. .) (S (NP-SBJ (PRP You)) (VP (VBP know))) (, ,)) (SBAR-TMP (IN as) (INTJ (UH like)) (S (NP-SBJ (DT a) (NN manager) (CC or) (NN supervisor)) (VP (VP (VBZ thinks) (SBAR (-NONE- *RNR*-2))) (CC or) (VP (VBZ has) (NP (NN suspicion) (SBAR (-NONE- *RNR*-2)))) (SBAR-2 (IN that) (S (NP-SBJ (NN someone)) (VP (VBZ is) (VP (VBG using) (NP (NNS drugs))))))))) (, ,) (-DFL- E_S) (VBP do) (NP-SBJ (PRP you)) (VP (VB think) (SBAR (-NONE- 0) (S (NP-SBJ (PRP they)) (VP (MD should) (VP (VB have) (NP (DT the) (NN right) (S (NP-SBJ (-NONE- *)) (VP (TO to) (VP (VB send) (NP-1 (PRP them)) (S-PRP (NP-SBJ-2 (-NONE- *-1)) (VP (TO to) (VP (VB be) (VP (VBN tested) (NP (-NONE- *-2))))))))))))))) (. .) (-DFL- E_S))",80,198.05,200.37
sw02utt/sw_0215_2314.utt,2/sw2314,2314,52,na,A,33,1,"{D Well, } not being a --","Well/UH ,/, not/RB being/VBG  [ a/DT ] --/:","(S (INTJ (UH Well)) (, ,) (S-ADV (NP-SBJ (-NONE- *-1)) (RB not) (VP (VBG being) (NP-PRD (DT a) (NN drug) (NN user)))) (NP-SBJ-1 (PRP I)) (VP (VBP do) (RB n't) (VP (VB have) (NP (NP (DT a) (NN problem)) (PP (IN with) (NP (DT that)))) (ADVP (RB personally)))) (-DFL- E_S))",82,201.35,202.19000000000003
sw02utt/sw_0215_2314.utt,2/sw2314,2314,53,+,B,34,1,-- to be tested. /,--/: to/TO be/VB tested/VBN ./.,"(SQ (PRN (. .) (S (NP-SBJ (PRP You)) (VP (VBP know))) (, ,)) (SBAR-TMP (IN as) (INTJ (UH like)) (S (NP-SBJ (DT a) (NN manager) (CC or) (NN supervisor)) (VP (VP (VBZ thinks) (SBAR (-NONE- *RNR*-2))) (CC or) (VP (VBZ has) (NP (NN suspicion) (SBAR (-NONE- *RNR*-2)))) (SBAR-2 (IN that) (S (NP-SBJ (NN someone)) (VP (VBZ is) (VP (VBG using) (NP (NNS drugs))))))))) (, ,) (-DFL- E_S) (VBP do) (NP-SBJ (PRP you)) (VP (VB think) (SBAR (-NONE- 0) (S (NP-SBJ (PRP they)) (VP (MD should) (VP (VB have) (NP (DT the) (NN right) (S (NP-SBJ (-NONE- *)) (VP (TO to) (VP (VB send) (NP-1 (PRP them)) (S-PRP (NP-SBJ-2 (-NONE- *-1)) (VP (TO to) (VP (VB be) (VP (VBN tested) (NP (-NONE- *-2))))))))))))))) (. .) (-DFL- E_S))",80,202.03,202.33
sw02utt/sw_0215_2314.utt,2/sw2314,2314,54,+,A,35,1,-- drug user I don't have a problem with that personally -- /,--/:  [ drug/NN user/NN ] [ I/PRP ] do/VBP n't/RB have/VB  [ a/DT problem/NN ] with/IN  [ that/DT ] personally/RB --/:,"(S (INTJ (UH Well)) (, ,) (S-ADV (NP-SBJ (-NONE- *-1)) (RB not) (VP (VBG being) (NP-PRD (DT a) (NN drug) (NN user)))) (NP-SBJ-1 (PRP I)) (VP (VBP do) (RB n't) (VP (VB have) (NP (NP (DT a) (NN problem)) (PP (IN with) (NP (DT that)))) (ADVP (RB personally)))) (-DFL- E_S))",82,202.49,204.33
sw02utt/sw_0215_2314.utt,2/sw2314,2314,55,b,B,36,1,Right. /,[ Right/UH ] ./.,(INTJ (UH Right) (. .) (-DFL- E_S)),78,204.17,204.35
sw02utt/sw_0215_2314.utt,2/sw2314,2314,56,sv,A,37,1,-- {C but } I think that might be a violation of someone's rights.  /,--/: but/CC  [ I/PRP ] think/VBP  [ that/DT ] might/MD be/VB  [ a/DT violation/NN ] of/IN  [ someone/NN ] [ 's/POS rights/NNS ] ./.,(S (CC but) (NP-SBJ (PRP I)) (VP (VBP think) (SBAR (-NONE- 0) (S (NP-SBJ (DT that)) (VP (MD might) (VP (VB be) (NP-PRD (NP (DT a) (NN violation)) (PP (IN of) (NP (NP (NN someone) (POS 's)) (NNS rights))))))))) (. .) (-DFL- E_S)),88,204.51,207.07000000000002
sw02utt/sw_0215_2314.utt,2/sw2314,2314,57,sv,A,37,2,"If someone's having personal problems for some reason that's causing them to [ h-, + ] behave differently -- /","If/IN  [ someone/NN ] 's/BES having/VBG  [ personal/JJ problems/NNS ] for/IN  [ some/DT reason/NN ] [ that/WDT ] 's/BES causing/VBG  [ them/PRP ] to/TO  [ h-/XX ] ,/, behave/VB differently/RB --/:","(SBAR-ADV (IN If) (S (NP-SBJ (NN someone)) (VP (BES 's) (VP (VBG having) (NP (NP (JJ personal) (NNS problems)) (SBAR (-NONE- *ICH*-2))) (PP-PRP (IN for) (NP (DT some) (NN reason))) (SBAR-2 (WHNP-1 (WDT that)) (S (NP-SBJ (-NONE- *T*-1)) (VP (BES 's) (VP (VBG causing) (S (NP-SBJ (PRP them)) (VP (TO to) (EDITED (RM (-DFL- \[)) (VP-UNF (XX h-)) (, ,) (IP (-DFL- \+)) (RS (-DFL- \]))) (VP (VB behave) (ADVP-MNR (RB differently)))))))))))) (-DFL- E_S))",89,207.07,212.32999999999998
sw02utt/sw_0215_2314.utt,2/sw2314,2314,58,b,B,38,1,Right. /,[ Right/UH ] ./.,(INTJ (UH Right) (. .) (-DFL- E_S)),78,212.43,212.85
sw02utt/sw_0215_2314.utt,2/sw2314,2314,59,sv,A,39,1,-- {C and } their manager assumes they have a drug problem -- /,--/: and/CC  [ their/PRP$ manager/NN ] assumes/VBZ  [ they/PRP ] have/VBP  [ a/DT drug/NN problem/NN ] --/:,(S (CC and) (NP-SBJ (PRP$ their) (NN manager)) (VP (VBZ assumes) (SBAR (-NONE- 0) (S (NP-SBJ (PRP they)) (VP (VBP have) (NP (DT a) (NN drug) (NN problem)))))) (-DFL- E_S)),93,213.01,215.63
sw02utt/sw_0215_2314.utt,2/sw2314.pos,2314,60,x,B,40,1,<laughter>.,./.,,,0.0,0.0
sw02utt/sw_0215_2314.utt,2/sw2314,2314,61,sv,A,41,1,"-- {E I mean } if someone assumed that of me, I would be upset. /","--/:  [ I/PRP ] mean/VBP if/IN  [ someone/NN ] assumed/VBD  [ that/DT ] of/IN  [ me/PRP ] ,/,  [ I/PRP ] would/MD be/VB upset/JJ ./.","(S (PRN (S (NP-SBJ (PRP I)) (VP (VBP mean)))) (SBAR-ADV (IN if) (S (NP-SBJ (NN someone)) (VP (VBD assumed) (NP (DT that)) (PP (IN of) (NP (PRP me)))))) (, ,) (NP-SBJ (PRP I)) (VP (MD would) (VP (VB be) (ADJP-PRD (JJ upset)))) (. .) (-DFL- E_S))",96,215.63,218.25
sw02utt/sw_0215_2314.utt,2/sw2314,2314,62,b,B,42,1,"Right,  /","Right/UH ,/,","(INTJ (UH Right) (, ,) (-DFL- E_S))",98,218.25,218.75
sw02utt/sw_0215_2314.utt,2/sw2314,2314,63,b^r,B,42,2,right.  /,right/UH ./.,(INTJ (UH right) (. .) (-DFL- E_S)),99,218.83,219.23000000000002
sw02utt/sw_0215_2314.utt,2/sw2314,2314,64,b,B,42,3,"Yeah,  /","Yeah/UH ,/,","(INTJ (UH Yeah) (, ,) (-DFL- E_S))",100,220.25,220.63
sw02utt/sw_0215_2314.utt,2/sw2314,2314,65,%,B,42,4,"[ it, + it ] would almost be like [ a, + a, ] {F uh } ... -/","[ it/PRP ] ,/,  [ it/PRP ] would/MD almost/RB be/VB like/IN  [ a/DT ] ,/,  [ a/DT ] ,/,  [ uh/UH ] .../:","(S (EDITED (RM (-DFL- \[)) (NP-SBJ (PRP it)) (, ,) (IP (-DFL- \+))) (NP-SBJ (PRP it)) (RS (-DFL- \])) (VP (MD would) (ADVP (RB almost)) (VP (VB be) (PP-PRD (IN like) (EDITED (RM (-DFL- \[)) (NP-UNF (DT a)) (, ,) (IP (-DFL- \+))) (NP-UNF (DT a) (, ,) (RS (-DFL- \])) (INTJ (UH uh)))))) (: ...) (-DFL- N_S))",101,220.63,223.71
sw02utt/sw_0215_2314.utt,2/sw2314,2314,66,sv,A,43,1,"It's an accusation,  /","[ It/PRP ] 's/BES  [ an/DT accusation/NN ] ,/,","(S (NP-SBJ (PRP It)) (VP (BES 's) (NP-PRD (DT an) (NN accusation))) (, ,) (-DFL- E_S))",103,224.27,225.31
sw02utt/sw_0215_2314.utt,2/sw2314,2314,67,sv,A,43,2,"[ [ {C and, } +  {C and } ] it's --  +","and/CC ,/, and/CC  [ it/PRP ] 's/BES --/:","(S (EDITED (RM (-DFL- \[)) (EDITED (RM (-DFL- \[)) (CC and) (, ,) (IP (-DFL- \+))) (CC and) (RS (-DFL- \])) (S (NP-SBJ (PRP it)) (VP-UNF (BES 's))) (IP (-DFL- \+))) (CC and) (NP-SBJ-4 (PRP it)) (VP (BES 's) (RS (-DFL- \])) (VP (VBN based) (NP (-NONE- *-4)) (EDITED (RM (-DFL- \[)) (PP-UNF (IN on)) (, ,) (IP (-DFL- \+))) (PP (IN on) (RS (-DFL- \])) (NP (NP (DT a) (NN perception)) (SBAR (RM (-DFL- \[)) (WHNP-3 (WDT that)) (S (NP-SBJ (NN someone)) (VP (VBZ has) (NP (-NONE- *T*-3))))) (IP (-DFL- \+)) (RS (-DFL- \])) (PP (IN as) (SBAR (WHADVP-2 (WRB how)) (S (NP-SBJ (DT a) (NN drug) (NN user)) (VP (MD would) (VP (VB behave) (ADVP-MNR (-NONE- *T*-2))))))))) (SBAR-TMP (WHADVP-1 (WRB when)) (S (NP-SBJ (DT some) (NN drug) (NNS users)) (VP (VBP behave) (, ,) (INTJ (UH uh)) (, ,) (ADVP-MNR (RB normal)) (ADVP-TMP (-NONE- *T*-1))))) (, ,) (INTJ (UH uh)) (PRN (, ,) (S (NP-SBJ (PRP you)) (VP (VBP know)))))) (. .) (-DFL- E_S))",104,225.31,225.76999999999998
sw02utt/sw_0215_2314.utt,2/sw2314,2314,68,b,B,44,1,Uh-huh. /,[ Uh-huh/UH ] ./.,(INTJ (UH Uh-huh) (. .) (-DFL- E_S)),106,225.61,226.03
sw02utt/sw_0215_2314.utt,2/sw2314,2314,69,+,A,45,1,"-- {C and } it's ] based [ on, + on ] a perception [ that someone has + ] as how a drug user would behave when some drug users behave, {F uh, } normal, {F uh, } {D you know. } /","--/: and/CC  [ it/PRP ] 's/BES based/VBN on/IN ,/, on/IN  [ a/DT perception/NN ] that/WDT  [ someone/NN ] has/VBZ as/IN how/WRB  [ a/DT drug/NN user/NN ] would/MD behave/VB when/WRB  [ some/DT drug/NN users/NNS ] behave/VBP ,/,  [ uh/UH ] ,/,  [ normal/RB ] ,/,  [ uh/UH ] ,/,  [ you/PRP ] know/VBP ./.","(S (EDITED (RM (-DFL- \[)) (EDITED (RM (-DFL- \[)) (CC and) (, ,) (IP (-DFL- \+))) (CC and) (RS (-DFL- \])) (S (NP-SBJ (PRP it)) (VP-UNF (BES 's))) (IP (-DFL- \+))) (CC and) (NP-SBJ-4 (PRP it)) (VP (BES 's) (RS (-DFL- \])) (VP (VBN based) (NP (-NONE- *-4)) (EDITED (RM (-DFL- \[)) (PP-UNF (IN on)) (, ,) (IP (-DFL- \+))) (PP (IN on) (RS (-DFL- \])) (NP (NP (DT a) (NN perception)) (SBAR (RM (-DFL- \[)) (WHNP-3 (WDT that)) (S (NP-SBJ (NN someone)) (VP (VBZ has) (NP (-NONE- *T*-3))))) (IP (-DFL- \+)) (RS (-DFL- \])) (PP (IN as) (SBAR (WHADVP-2 (WRB how)) (S (NP-SBJ (DT a) (NN drug) (NN user)) (VP (MD would) (VP (VB behave) (ADVP-MNR (-NONE- *T*-2))))))))) (SBAR-TMP (WHADVP-1 (WRB when)) (S (NP-SBJ (DT some) (NN drug) (NNS users)) (VP (VBP behave) (, ,) (INTJ (UH uh)) (, ,) (ADVP-MNR (RB normal)) (ADVP-TMP (-NONE- *T*-1))))) (, ,) (INTJ (UH uh)) (PRN (, ,) (S (NP-SBJ (PRP you)) (VP (VBP know)))))) (. .) (-DFL- E_S))",104,226.61,238.47
sw02utt/sw_0215_2314.utt,2/sw2314,2314,70,qh,B,46,1,"{C And then } how would you feel afterwards when you came up negative and, {D you know, } your supervisor has accused you of using drugs. /","And/CC then/RB how/WRB would/MD  [ you/PRP ] feel/VBP afterwards/RB when/WRB  [ you/PRP ] came/VBD up/RP  [ negative/JJ ] and/CC ,/,  [ you/PRP ] know/VBP ,/,  [ your/PRP$ supervisor/NN ] has/VBZ accused/VBN  [ you/PRP ] of/IN using/VBG  [ drugs/NNS ] ./.","(SBARQ (CONJP (CC And) (RB then)) (WHADVP-3 (WRB how)) (SQ (MD would) (NP-SBJ (PRP you)) (VP (VBP feel) (ADVP-TMP (RB afterwards)) (SBAR-TMP (WHADVP-2 (WRB when)) (S (S (NP-SBJ-4 (PRP you)) (VP (VBD came) (PRT (RP up)) (S (NP-SBJ (-NONE- *-4)) (ADJP-PRD (JJ negative))))) (CC and) (PRN (, ,) (S (NP-SBJ (PRP you)) (VP (VBP know))) (, ,)) (S (NP-SBJ (PRP$ your) (NN supervisor)) (VP (VBZ has) (VP (VBN accused) (NP-1 (PRP you)) (PP (IN of) (S-NOM (NP-SBJ (-NONE- *-1)) (VP (VBG using) (NP (NNS drugs)))))))) (ADVP-TMP (-NONE- *T*-2)))) (ADVP-MNR (-NONE- *T*-3)))) (. .) (-DFL- E_S))",109,239.39,247.17000000000002
sw02utt/sw_0215_2314.utt,2/sw2314,2314,71,b,A,47,1,"Right,  /","Right/UH ,/,","(INTJ (UH Right) (, ,) (-DFL- E_S))",98,247.33,247.71
sw02utt/sw_0215_2314.utt,2/sw2314,2314,72,aa,A,47,2,exactly.  /,exactly/UH ./.,(INTJ (UH exactly) (. .) (-DFL- E_S)),112,247.75,248.29
sw02utt/sw_0215_2314.utt,2/sw2314,2314,73,%,A,47,3,"[ [ I, + I ]  don't,  /","[ I/PRP ] ,/,  [ I/PRP ] do/VBP n't/RB ,/,","(S (RM (-DFL- \[)) (EDITED (RM (-DFL- \[)) (NP-SBJ (PRP I)) (, ,) (IP (-DFL- \+))) (NP-SBJ (PRP I)) (RS (-DFL- \])) (VP-UNF (VBP do) (RB n't)) (, ,) (-DFL- E_S))",113,248.29,249.03
sw02utt/sw_0215_2314.utt,2/sw2314,2314,74,sv,A,47,4,"+ [ the, + ] I think ] almost the only way that drug testing can be done fairly is if it's across the board [ from, + from ] the janitors to the executive management. /","[ the/DT ] ,/,  [ I/PRP ] think/VBP almost/RB  [ the/DT only/JJ way/NN ] [ that/WDT drug/NN testing/NN ] can/MD be/VB done/VBN fairly/RB is/VBZ if/IN  [ it/PRP ] 's/BES across/IN  [ the/DT board/NN ] from/IN ,/, from/IN  [ the/DT janitors/NNS ] to/IN  [ the/DT executive/JJ management/NN ] ./.","(S (IP (-DFL- \+)) (EDITED (RM (-DFL- \[)) (NP-SBJ-UNF (DT the)) (, ,) (IP (-DFL- \+)) (RS (-DFL- \]))) (NP-SBJ (PRP I)) (VP (VBP think) (RS (-DFL- \])) (SBAR (-NONE- 0) (S (NP-SBJ (NP (RB almost) (DT the) (JJ only) (NN way)) (SBAR (WHADVP-2 (WDT that)) (S (NP-SBJ-1 (NN drug) (NN testing)) (VP (MD can) (VP (VB be) (VP (VBN done) (NP (-NONE- *-1)) (ADVP-MNR (RB fairly)) (ADVP-MNR (-NONE- *T*-2)))))))) (VP (VBZ is) (SBAR-ADV-PRD (IN if) (S (NP-SBJ (PRP it)) (VP (BES 's) (PP-PRD (IN across) (NP (DT the) (NN board))) (EDITED (RM (-DFL- \[)) (PP-UNF (IN from)) (, ,) (IP (-DFL- \+))) (PP-DIR (IN from) (RS (-DFL- \])) (NP (DT the) (NNS janitors))) (PP-DIR (IN to) (NP (DT the) (JJ executive) (NN management)))))))))) (. .) (-DFL- E_S))",114,249.99,258.63000000000005
sw02utt/sw_0215_2314.utt,2/sw2314,2314,75,b,B,48,1,Right.  /,[ Right/UH ] ./.,(INTJ (UH Right) (. .) (-DFL- E_S)),86,258.75,259.23
sw02utt/sw_0215_2314.utt,2/sw2314,2314,76,aa,B,48,2,I agree with that.  /,[ I/PRP ] agree/VBP with/IN  [ that/DT ] ./.,"(S (NP-SBJ (PRP I)) (VP (VBP agree) (PP (IN with) (NP (DT that))) (. .) (-DFL- E_S) (SBAR-PRP (IN Because) (S (NP-SBJ (PRP I)) (VP (VBP know) (ADVP (RB personally)) (NP-ADV (PRP myself)) (, ,) (SBAR (-NONE- 0) (S (NP-SBJ (PRP I)) (VP (VBP 've) (VP (VBN been) (PP-PRD (IN in) (NP (DT the) (JJ same) (NN job))) (PP-TMP (IN for) (NP (CD three) (NNS years))))))))))) (, ,) (-DFL- E_S))",117,260.33,261.33000000000004
sw02utt/sw_0215_2314.utt,2/sw2314,2314,77,sd,B,48,3,"{C Because } I know personally myself, I've been in the same job for three years,  /","Because/IN  [ I/PRP ] know/VBP personally/RB  [ myself/PRP ] ,/,  [ I/PRP ] 've/VBP been/VBN in/IN  [ the/DT same/JJ job/NN ] for/IN  [ three/CD years/NNS ] ,/,","(S (NP-SBJ (PRP I)) (VP (VBP agree) (PP (IN with) (NP (DT that))) (. .) (-DFL- E_S) (SBAR-PRP (IN Because) (S (NP-SBJ (PRP I)) (VP (VBP know) (ADVP (RB personally)) (NP-ADV (PRP myself)) (, ,) (SBAR (-NONE- 0) (S (NP-SBJ (PRP I)) (VP (VBP 've) (VP (VBN been) (PP-PRD (IN in) (NP (DT the) (JJ same) (NN job))) (PP-TMP (IN for) (NP (CD three) (NNS years))))))))))) (, ,) (-DFL- E_S))",117,262.35,267.75
sw02utt/sw_0215_2314.utt,2/sw2314,2314,78,sd,B,48,4,it will be three years in August  /,[ it/PRP ] will/MD be/VB  [ three/CD years/NNS ] in/IN  [ August/NNP ],(S (NP-SBJ (PRP it)) (VP (MD will) (VP (VB be) (NP-PRD (CD three) (NNS years)) (PP-TMP (IN in) (NP (NNP August))))) (-DFL- E_S)),118,267.75,269.03
sw02utt/sw_0215_2314.utt,2/sw2314,2314,79,sd,B,48,5,{C and } I've already been drug tested three times. /,and/CC  [ I/PRP ] 've/VBP already/RB been/VBN  [ drug/GW ] tested/^VBN  [ three/CD times/NNS ] ./.,(S (CC and) (NP-SBJ-1 (PRP I)) (VP (VBP 've) (ADVP-TMP (RB already)) (VP (VBN been) (VP (GW drug) (^VBN tested) (NP (-NONE- *-1)) (NP-TMP (CD three) (NNS times))))) (. .) (-DFL- E_S)),119,269.37,271.33000000000004
sw02utt/sw_0215_2314.utt,2/sw2314,2314,80,qw,A,49,1,What type of job do you have? /,[ What/WDT type/NN ] of/IN  [ job/NN ] do/VBP  [ you/PRP ] have/VB ?/.,(SBARQ (WHNP-1 (WHNP (WDT What) (NN type)) (PP (IN of) (NP (NN job)))) (SQ (VBP do) (NP-SBJ (PRP you)) (VP (VB have) (NP (-NONE- *T*-1)))) (. ?) (-DFL- E_S)),121,272.63,274.13
sw02utt/sw_0215_2314.utt,2/sw2314,2314,81,sd,B,50,1,"{D Well, } I'm an environmental engineer -- /","Well/UH ,/,  [ I/PRP ] 'm/VBP  [ an/DT environmental/JJ engineer/NN ] --/:","(S (INTJ (UH Well)) (, ,) (NP-SBJ (PRP I)) (VP (VBP 'm) (NP-PRD (DT an) (JJ environmental) (NN engineer))) (-DFL- E_S))",123,274.11,276.23
sw02utt/sw_0215_2314.utt,2/sw2314,2314,82,b,A,51,1,Uh-huh. /,[ Uh-huh/UH ] ./.,(INTJ (UH Uh-huh) (. .) (-DFL- E_S)),106,276.39,276.69
sw02utt/sw_0215_2314.utt,2/sw2314,2314,83,sd,B,52,1,-- {C and } I've been drug tested three times  /,--/: and/CC  [ I/PRP ] 've/VBP been/VBN  [ drug/GW ] tested/^VBN  [ three/CD times/NNS ],(S (CC and) (NP-SBJ-1 (PRP I)) (VP (VBP 've) (VP (VBN been) (VP (GW drug) (^VBN tested) (NP (-NONE- *-1)) (NP-TMP (CD three) (NNS times))))) (-DFL- E_S)),127,276.93,279.21
sw02utt/sw_0215_2314.utt,2/sw2314,2314,84,sd,B,52,2,{C and } I know many people that have never been tested in their lifetime  /,and/CC  [ I/PRP ] know/VBP  [ many/JJ people/NNS ] [ that/WDT ] have/VBP never/RB been/VBN tested/VBN in/IN  [ their/PRP$ lifetime/NN ],(S (CC and) (NP-SBJ (PRP I)) (VP (VBP know) (NP (NP (JJ many) (NNS people)) (SBAR (WHNP-1 (WDT that)) (S (NP-SBJ-2 (-NONE- *T*-1)) (VP (VBP have) (ADVP-TMP (RB never)) (VP (VBN been) (VP (VBN tested) (NP (-NONE- *-2)) (PP-TMP (IN in) (NP (PRP$ their) (NN lifetime)))))))))) (-DFL- E_S)),128,279.58,282.96
sw02utt/sw_0215_2314.utt,2/sw2314,2314,85,sd,B,52,3,"{C and } the company I work for is sixty thousand people, plus.  /","and/CC  [ the/DT company/NN ] [ I/PRP ] work/VBP for/IN is/VBZ  [ sixty/CD thousand/CD people/NNS ] ,/, plus/CC ./.","(S (CC and) (NP-SBJ (NP (DT the) (NN company)) (SBAR (WHNP-1 (-NONE- 0)) (S (NP-SBJ (PRP I)) (VP (VBP work) (PP (IN for) (NP (-NONE- *T*-1))))))) (VP (VBZ is) (NP-PRD (NP (QP (CD sixty) (CD thousand)) (NNS people)) (, ,) (ADVP (CC plus)))) (. .) (-DFL- E_S))",129,283.58,287.36
sw02utt/sw_0215_2314.utt,2/sw2314,2314,86,sd,B,52,4,"{C So } {D see } [ I, + for some reason, I've ] come up three times.  /","So/RB see/UH  [ I/PRP ] ,/, for/IN  [ some/DT reason/NN ] ,/,  [ I/PRP ] 've/VBP come/VBN up/RP  [ three/CD times/NNS ] ./.","(S (RB So) (INTJ (UH see)) (EDITED (RM (-DFL- \[)) (NP-SBJ (PRP I)) (, ,) (IP (-DFL- \+))) (PP (IN for) (NP (DT some) (NN reason))) (, ,) (NP-SBJ (PRP I)) (VP (VBP 've) (RS (-DFL- \])) (VP (VBN come) (PRT (RP up)) (NP-TMP (CD three) (NNS times)))) (. .) (-DFL- E_S))",130,288.1,291.64
sw02utt/sw_0215_2314.utt,2/sw2314,2314,87,sd,B,52,5,That's pretty high statistics. /,[ That/DT ] 's/BES  [ pretty/RB high/JJ statistics/NNS ] ./.,(S (NP-SBJ (DT That)) (VP (BES 's) (NP-PRD (ADJP (RB pretty) (JJ high)) (NNS statistics))) (. .) (-DFL- E_S)),131,291.64,293.2
sw02utt/sw_0215_2314.utt,2/sw2314,2314,88,qy,A,53,1,"{D Well, } [ does your r-, + does your job require ] you to drive company equipment or to [ ap-, +  operate ] any type of machinery that might --","Well/UH ,/, does/VBZ  [ your/PRP$ r-/XX ] ,/, does/VBZ  [ your/PRP$ job/NN ] require/VB  [ you/PRP ] to/TO drive/VB  [ company/NN equipment/NN ] or/CC to/TO ap-/XX ,/, operate/VB  [ any/DT type/NN ] of/IN  [ machinery/NN ] [ that/WDT ] might/MD --/:","(SQ (INTJ (UH Well)) (, ,) (EDITED (RM (-DFL- \[)) (SQ (VBZ does) (NP-SBJ-UNF (PRP$ your) (XX r-))) (, ,) (IP (-DFL- \+))) (VBZ does) (NP-SBJ (PRP$ your) (NN job)) (VP (VB require) (RS (-DFL- \])) (S (NP-SBJ (PRP you)) (VP (VP (TO to) (VP (VB drive) (NP (NN company) (NN equipment)))) (CC or) (VP (TO to) (EDITED (RM (-DFL- \[)) (VP-UNF (XX ap-)) (, ,) (IP (-DFL- \+))) (VP (VB operate) (RS (-DFL- \])) (NP (NP (DT any) (NN type)) (PP (IN of) (NP (NN machinery))) (SBAR (WHNP-1 (WDT that)) (S (NP-SBJ (-NONE- *T*-1)) (VP (MD might) (VP (VB endanger) (NP (NN someone)))))))))))) (. ?) (-DFL- E_S))",133,294.04,300.72
sw02utt/sw_0215_2314.utt,2/sw2314,2314,89,nn,B,54,1,No. /,[ No/UH ] ./.,(INTJ (UH No) (. .) (-DFL- E_S)),135,300.58,300.65999999999997
sw02utt/sw_0215_2314.utt,2/sw2314,2314,90,+,A,55,1,-- endanger someone? /,--/: endanger/VB  [ someone/NN ] ?/.,"(SQ (INTJ (UH Well)) (, ,) (EDITED (RM (-DFL- \[)) (SQ (VBZ does) (NP-SBJ-UNF (PRP$ your) (XX r-))) (, ,) (IP (-DFL- \+))) (VBZ does) (NP-SBJ (PRP$ your) (NN job)) (VP (VB require) (RS (-DFL- \])) (S (NP-SBJ (PRP you)) (VP (VP (TO to) (VP (VB drive) (NP (NN company) (NN equipment)))) (CC or) (VP (TO to) (EDITED (RM (-DFL- \[)) (VP-UNF (XX ap-)) (, ,) (IP (-DFL- \+))) (VP (VB operate) (RS (-DFL- \])) (NP (NP (DT any) (NN type)) (PP (IN of) (NP (NN machinery))) (SBAR (WHNP-1 (WDT that)) (S (NP-SBJ (-NONE- *T*-1)) (VP (MD might) (VP (VB endanger) (NP (NN someone)))))))))))) (. ?) (-DFL- E_S))",133,301.28,302.2
sw02utt/sw_0215_2314.utt,2/sw2314,2314,91,nn^r,B,56,1,"No,  /","No/UH ,/,","(INTJ (UH No) (, ,) (-DFL- E_S))",138,302.28,302.5
sw02utt/sw_0215_2314.utt,2/sw2314,2314,92,sd^e,B,56,2,not at all. /,not/RB at/IN  [ all/DT ] ./.,(ADVP (RB not) (IN at) (DT all) (. .) (-DFL- E_S)),139,302.5,303.06
sw02utt/sw_0215_2314.utt,2/sw2314,2314,93,%,A,57,1,"{D Well, } that doesn't, - /","Well/UH ,/, that/DT does/VBZ n't/RB ,/,","(S (INTJ (UH Well)) (, ,) (NP-SBJ (DT that)) (VP-UNF (VBZ does) (RB n't)) (, ,) (-DFL- N_S))",141,303.22,304.04
sw02utt/sw_0215_2314.utt,2/sw2314,2314,94,%,A,57,2,{E I mean } I ... -/,[ I/PRP ] mean/VBP  [ I/PRP ] .../:,(S-UNF (PRN (S (NP-SBJ (PRP I)) (VP (VBP mean)))) (NP-SBJ (PRP I)) (: ...) (-DFL- N_S)),142,304.78,305.12
sw02utt/sw_0215_2314.utt,2/sw2314,2314,95,sd,B,58,1,"It's a legal job, {D you know } -- /","[ It/PRP ] 's/BES  [ a/DT legal/JJ job/NN ] ,/,  [ you/PRP ] know/VBP --/:","(S (NP-SBJ (PRP It)) (VP (BES 's) (NP-PRD (DT a) (JJ legal) (NN job)) (PRN (, ,) (S (NP-SBJ (PRP you)) (VP (VBP know))))) (-DFL- E_S))",144,304.96,306.6
sw02utt/sw_0215_2314.utt,2/sw2314,2314,96,b,A,59,1,Uh-huh. /,[ Uh-huh/UH ] ./.,(INTJ (UH Uh-huh) (. .) (-DFL- E_S)),125,306.76,307.02
sw02utt/sw_0215_2314.utt,2/sw2314,2314,97,sv,B,60,1,"-- {C so, }  {D see } it's really strange. /","--/: so/RB ,/, see/UH  [ it/PRP ] 's/BES really/RB strange/JJ ./.","(S (RB so) (, ,) (INTJ (UH see)) (NP-SBJ (PRP it)) (VP (BES 's) (ADJP-PRD (RB really) (JJ strange))) (. .) (-DFL- E_S))",148,307.62,309.34
sw02utt/sw_0215_2314.utt,2/sw2314,2314,98,ba,A,61,1,That is odd.  /,[ That/DT ] is/VBZ odd/JJ ./.,(S (NP-SBJ (DT That)) (VP (VBZ is) (ADJP-PRD (JJ odd))) (. .) (-DFL- E_S)),150,310.38,310.84000000000003
sw02utt/sw_0215_2314.utt,2/sw2314,2314,99,sd,A,61,2,"I was drug tested, {F uh, } not for the job I have now, but for the prior job, {F uh, }  /","[ I/PRP ] was/VBD  [ drug/GW ] tested/^VBN ,/,  [ uh/UH ] ,/, not/RB for/IN  [ the/DT job/NN ] [ I/PRP ] have/VBP now/RB ,/, but/CC for/IN  [ the/DT prior/JJ job/NN ] ,/,  [ uh/UH ] ,/,","(S (NP-SBJ-1 (PRP I)) (VP (VBD was) (VP (GW drug) (^VBN tested) (NP (-NONE- *-1)) (, ,) (INTJ (UH uh)) (, ,) (PP (RB not) (PP (IN for) (NP (NP (DT the) (NN job)) (SBAR (WHNP-2 (-NONE- 0)) (S (NP-SBJ (PRP I)) (VP (VBP have) (NP (-NONE- *T*-2)) (ADVP-TMP (RB now))))))) (, ,) (CC but) (PP (IN for) (NP (DT the) (JJ prior) (NN job)))) (, ,) (INTJ (UH uh)))) (, ,) (-DFL- E_S))",151,310.84,316.92
sw02utt/sw_0215_2314.utt,2/sw2314,2314,100,sd,A,61,3,"{C but } I know [ that + [ they sent, + ]  that ] the job I had before, that, {D well, } - /","but/CC  [ I/PRP ] know/VBP that/IN  [ they/PRP ] sent/VBD ,/, that/IN  [ the/DT job/NN ] [ I/PRP ] had/VBD before/IN ,/, that/DT ,/, well/UH ,/,","(S (CC but) (NP-SBJ (PRP I)) (VP (VBP know) (SBAR (EDITED (RM (-DFL- \[)) (SBAR (IN that) (IP (-DFL- \+)) (RM (-DFL- \[)) (S (NP-SBJ (PRP they)) (VP-UNF (VBD sent)))) (, ,) (IP (-DFL- \+)) (RS (-DFL- \]))) (IN that) (RS (-DFL- \])) (S (NP-SBJ (NP (DT the) (NN job)) (SBAR (WHNP-1 (-NONE- 0)) (S (NP-SBJ (PRP I)) (VP (VBD had) (NP (-NONE- *T*-1)) (ADVP-TMP (IN before))))) (, ,) (SBAR (DT that) (, ,) (S-UNF (INTJ (UH well)))))))) (, ,) (-DFL- N_S))",152,316.98,320.52
sw02utt/sw_0215_2314.utt,2/sw2314,2314,101,sd,A,61,4,"the job I [ have, + have ] now, requested [ my, + {F uh, } {F uh, } <lipsmack> my, ] {F uh, } medical record from my old company -- /","[ the/DT job/NN ] [ I/PRP ] have/VBP ,/, have/VBP now/RB ,/, requested/VBD  [ my/PRP$ ] ,/,  [ uh/UH ] ,/,  [ uh/UH ] ,/,  [ my/PRP$ ] ,/,  [ uh/UH ] ,/,  [ medical/JJ record/NN ] from/IN  [ my/PRP$ old/JJ company/NN ] --/:","(S (NP-SBJ (NP (DT the) (NN job)) (SBAR (WHNP-1 (-NONE- 0)) (S (NP-SBJ (PRP I)) (EDITED (RM (-DFL- \[)) (VP-UNF (VBP have)) (, ,) (IP (-DFL- \+))) (VP (VBP have) (NP (-NONE- *T*-1)) (RS (-DFL- \])) (ADVP-TMP (RB now)))))) (, ,) (VP (VBD requested) (EDITED (RM (-DFL- \[)) (NP-UNF (PRP$ my)) (, ,) (IP (-DFL- \+))) (INTJ (UH uh)) (, ,) (INTJ (UH uh)) (, ,) (NP (PRP$ my) (, ,) (RS (-DFL- \])) (INTJ (UH uh)) (, ,) (JJ medical) (NN record)) (PP (IN from) (NP (PRP$ my) (JJ old) (NN company)))) (-DFL- E_S))",153,320.52,329.90000000000003
sw02utt/sw_0215_2314.utt,2/sw2314,2314,102,b,B,62,1,"{F Oh, } uh-huh. /","Oh/UH ,/,  [ uh-huh/UH ] ./.","(INTJ (INTJ (UH Oh)) (, ,) (INTJ (UH uh-huh)) (. .) (-DFL- E_S))",155,330.0,330.6
sw02utt/sw_0215_2314.utt,2/sw2314,2314,103,sd,A,63,1,"-- {C so } I don't know if I wasn't drug tested based on that or  because the man who hired me didn't request the drug test, because I know that my company does drug testing on occasion. /","--/: so/RB  [ I/PRP ] do/VBP n't/RB know/VB if/IN  [ I/PRP ] was/VBD n't/RB  [ drug/GW ] tested/^VBN based/VBN on/IN  [ that/DT ] or/CC because/IN  [ the/DT man/NN ] [ who/WP ] hired/VBD  [ me/PRP ] did/VBD n't/RB request/VB  [ the/DT drug/NN test/NN ] ,/, because/IN  [ I/PRP ] know/VBP  [ that/DT my/PRP$ company/NN ] does/VBZ  [ drug/GW ] testing/^VBG on/IN  [ occasion/NN ] ./.","(S (RB so) (NP-SBJ (PRP I)) (VP (VBP do) (RB n't) (VP (VB know) (SBAR (IN if) (S (NP-SBJ-1 (PRP I)) (VP (VBD was) (RB n't) (VP (GW drug) (^VBN tested) (NP (-NONE- *-1)) (UCP-PRP (PP (VBN based) (PP (IN on) (NP (DT that)))) (CC or) (SBAR (IN because) (S (NP-SBJ (NP (DT the) (NN man)) (SBAR (WHNP-2 (WP who)) (S (NP-SBJ (-NONE- *T*-2)) (VP (VBD hired) (NP (PRP me)))))) (VP (VBD did) (RB n't) (VP (VB request) (NP (DT the) (NN drug) (NN test))))))))))) (, ,) (SBAR-PRP (IN because) (S (NP-SBJ (PRP I)) (VP (VBP know) (SBAR (DT that) (S (NP-SBJ (PRP$ my) (NN company)) (VP (VBZ does) (NP (GW drug) (^VBG testing)) (PP-TMP (IN on) (NP (NN occasion))))))))))) (. .) (-DFL- E_S))",157,330.98,340.6
sw02utt/sw_0215_2314.utt,2/sw2314,2314,104,b,B,64,1,Right.  /,[ Right/UH ] ./.,(INTJ (UH Right) (. .) (-DFL- E_S)),159,340.98,341.26
sw02utt/sw_0215_2314.utt,2/sw2314,2314,105,qy,B,64,2,"{D Well, } [ does [ your, + ]  the company {D say, } + for instance, does the company ] you worked for [ bef-, + before ] have the right or do they have the ability to say, hey, we've already drug tested her  /","Well/UH ,/, does/VBZ  [ your/PRP$ ] ,/,  [ the/DT company/NN ] say/UH ,/, for/IN  [ instance/NN ] ,/, does/VBZ  [ the/DT company/NN ] [ you/PRP ] worked/VBD for/IN  [ bef-/RB ] ,/, before/RB have/VB  [ the/DT right/NN ] or/CC do/VBP  [ they/PRP ] have/VB  [ the/DT ability/NN ] to/TO say/VB ,/, hey/UH ,/,  [ we/PRP ] 've/VBP already/RB  [ drug/GW ] tested/VBN  [ her/PRP ]","(SQ (INTJ (UH Well)) (, ,) (SQ (EDITED (RM (-DFL- \[)) (SQ (VBZ does) (EDITED (RM (-DFL- \[)) (NP-SBJ-UNF (PRP$ your)) (, ,) (IP (-DFL- \+)) (RS (-DFL- \]))) (NP-SBJ (DT the) (NN company)) (VP-UNF (UH say))) (, ,) (IP (-DFL- \+))) (PP (IN for) (NP (NN instance))) (, ,) (VBZ does) (NP-SBJ (NP (DT the) (NN company)) (RS (-DFL- \])) (SBAR (WHNP-1 (-NONE- 0)) (S (NP-SBJ (PRP you)) (VP (VBD worked) (PP (IN for) (NP (-NONE- *T*-1))) (EDITED (RM (-DFL- \[)) (ADVP-TMP-UNF (RB bef-)) (, ,) (IP (-DFL- \+))) (ADVP-TMP (RB before)))))) (RS (-DFL- \])) (VP (VB have) (NP (DT the) (NN right) (S (-NONE- *RNR*-2))))) (CC or) (SQ (VBP do) (NP-SBJ (PRP they)) (VP (VB have) (NP (DT the) (NN ability) (S (-NONE- *RNR*-2))))) (S-2 (NP-SBJ (-NONE- *)) (VP (TO to) (VP (VB say) (S-SEZ (, ,) (INTJ (UH hey)) (, ,) (NP-SBJ (PRP we)) (VP (VBP 've) (ADVP-TMP (RB already)) (VP (GW drug) (VBN tested) (NP (PRP her)))))))) (-DFL- E_S))",160,342.44,354.08
sw02utt/sw_0215_2314.utt,2/sw2314,2314,106,sd,B,64,3,{C and } she came up negative. /,and/CC  [ she/PRP ] came/VBD up/IN  [ negative/JJ ] ./.,(S (CC and) (NP-SBJ (PRP she)) (VP (VBD came) (PRT (IN up)) (ADJP-PRD (JJ negative))) (. .) (-DFL- E_S)),161,354.4,356.12
sw02utt/sw_0215_2314.utt,2/sw2314,2314,107,nn,A,65,1,"{D Well, } no,  /","Well/UH ,/, no/UH ,/,","(INTJ (INTJ (UH Well)) (, ,) (INTJ (UH no)) (, ,) (-DFL- E_S))",163,357.87,358.19
sw02utt/sw_0215_2314.utt,2/sw2314,2314,108,sv^e,A,65,2,"I don't think [ they can, + they can ] force another company to not drug test me just by saying that [ I, + I ] --","[ I/PRP ] do/VBP n't/RB think/VB  [ they/PRP ] can/MD ,/,  [ they/PRP ] can/MD force/VB  [ another/DT company/NN ] to/TO not/RB drug/GW test/^VB  [ me/PRP ] just/RB by/IN saying/VBG that/IN  [ I/PRP ] ,/,  [ I/PRP ] --/:","(S (NP-SBJ (PRP I)) (VP (VBP do) (RB n't) (VP (VB think) (SBAR (-NONE- 0) (S (EDITED (RM (-DFL- \[)) (S (NP-SBJ (PRP they)) (VP-UNF (MD can))) (, ,) (IP (-DFL- \+))) (NP-SBJ-1 (PRP they)) (VP (MD can) (RS (-DFL- \])) (VP (VB force) (S (NP-SBJ (DT another) (NN company)) (VP (TO to) (RB not) (VP (GW drug) (^VB test) (NP (PRP me))))) (PP (ADVP (RB just)) (IN by) (S-NOM (NP-SBJ (-NONE- *-1)) (VP (VBG saying) (SBAR (IN that) (S (EDITED (RM (-DFL- \[)) (NP-SBJ (PRP I)) (, ,) (IP (-DFL- \+))) (NP-SBJ (PRP I)) (RS (-DFL- \])) (VP-UNF (VBD did) (RB n't))))))))))) (PRN (, ,) (S (NP-SBJ (PRP I)) (VP (VBP mean)))))) (, ,) (-DFL- N_S))",164,358.19,363.77
sw02utt/sw_0215_2314.utt,2/sw2314,2314,109,b,B,66,1,Yeah. /,Yeah/UH ./.,(INTJ (UH Yeah) (. .) (-DFL- E_S)),166,363.62,363.86
sw02utt/sw_0215_2314.utt,2/sw2314,2314,110,+,A,67,1,"-- didn't, {E I mean, } - /","--/: did/VBD n't/RB ,/,  [ I/PRP ] mean/VBP ,/,","(S (NP-SBJ (PRP I)) (VP (VBP do) (RB n't) (VP (VB think) (SBAR (-NONE- 0) (S (EDITED (RM (-DFL- \[)) (S (NP-SBJ (PRP they)) (VP-UNF (MD can))) (, ,) (IP (-DFL- \+))) (NP-SBJ-1 (PRP they)) (VP (MD can) (RS (-DFL- \])) (VP (VB force) (S (NP-SBJ (DT another) (NN company)) (VP (TO to) (RB not) (VP (GW drug) (^VB test) (NP (PRP me))))) (PP (ADVP (RB just)) (IN by) (S-NOM (NP-SBJ (-NONE- *-1)) (VP (VBG saying) (SBAR (IN that) (S (EDITED (RM (-DFL- \[)) (NP-SBJ (PRP I)) (, ,) (IP (-DFL- \+))) (NP-SBJ (PRP I)) (RS (-DFL- \])) (VP-UNF (VBD did) (RB n't))))))))))) (PRN (, ,) (S (NP-SBJ (PRP I)) (VP (VBP mean)))))) (, ,) (-DFL- N_S))",164,364.01,364.55
sw02utt/sw_0215_2314.utt,2/sw2314,2314,111,sd,A,67,2,they don't know that I don't use drugs.  /,[ they/PRP ] do/VBP n't/RB know/VB that/IN  [ I/PRP ] do/VBP n't/RB use/VB  [ drugs/NNS ] ./.,(S (NP-SBJ (PRP they)) (VP (VBP do) (RB n't) (VP (VB know) (SBAR (IN that) (S (NP-SBJ (PRP I)) (VP (VBP do) (RB n't) (VP (VB use) (NP (NNS drugs)))))))) (. .) (-DFL- E_S)),168,364.79,366.23
sw02utt/sw_0215_2314.utt,2/sw2314,2314,112,sd,A,67,3,They just tested me once. /,[ They/PRP ] just/RB tested/VBD  [ me/PRP ] once/RB ./.,(S (NP-SBJ (PRP They)) (ADVP (RB just)) (VP (VBD tested) (NP (PRP me)) (ADVP-TMP (RB once))) (. .) (-DFL- E_S)),169,366.23,367.39
sw02utt/sw_0215_2314.utt,2/sw2314,2314,113,b,B,68,1,"Right,  /","Right/UH ,/,","(INTJ (UH Right) (, ,) (-DFL- E_S))",171,367.44,367.88
sw02utt/sw_0215_2314.utt,2/sw2314,2314,114,b^r,B,68,2,right. /,right/UH ./.,(INTJ (UH right) (. .) (-DFL- E_S)),172,368.36,368.7
sw02utt/sw_0215_2314.utt,2/sw2314,2314,115,sd,A,69,1,"{C But, }  I used to work for a power company,  /","But/CC ,/,  [ I/PRP ] used/VBD to/TO work/VB for/IN  [ a/DT power/NN company/NN ] ,/,","(S (CC But) (, ,) (NP-SBJ-1 (PRP I)) (VP (VBD used) (S (NP-SBJ (-NONE- *-1)) (VP (TO to) (VP (VB work) (PP (IN for) (NP (DT a) (NN power) (NN company))))))) (, ,) (-DFL- E_S))",174,370.03,371.81
sw02utt/sw_0215_2314.utt,2/sw2314,2314,116,sd,A,69,2,"{C so } it was very important that they make sure their employees, especially linemen --","so/RB  [ it/PRP ] was/VBD very/RB important/JJ that/IN  [ they/PRP ] make/VBP  [ sure/JJ their/PRP$ employees/NNS ] ,/, especially/RB  [ linemen/NNS ] --/:","(S (RB so) (NP-SBJ (NP (PRP it)) (SBAR (-NONE- *EXP*-1))) (VP (VBD was) (ADJP-PRD (RB very) (JJ important)) (SBAR-1 (IN that) (S (NP-SBJ (PRP they)) (VP (VBP make) (S (NP-SBJ (-NONE- *)) (ADJP-PRD (JJ sure) (SBAR (-NONE- 0) (S (NP-SBJ (NP (PRP$ their) (NNS employees)) (, ,) (NP (ADVP (RB especially)) (NNS linemen))) (INTJ (UH uh)) (, ,) (VP (VBD were) (ADJP-PRD (JJ clean))))))))))) (. .) (-DFL- E_S))",175,371.81,375.79
sw02utt/sw_0215_2314.utt,2/sw2314,2314,117,b,B,70,1,Uh-huh. /,[ Uh-huh/UH ] ./.,(INTJ (UH Uh-huh) (. .) (-DFL- E_S)),146,376.2,376.56
sw02utt/sw_0215_2314.utt,2/sw2314,2314,118,+,A,71,1,"-- {F uh, } were clean. /","--/:  [ uh/UH ] ,/, were/VBD clean/JJ ./.","(S (RB so) (NP-SBJ (NP (PRP it)) (SBAR (-NONE- *EXP*-1))) (VP (VBD was) (ADJP-PRD (RB very) (JJ important)) (SBAR-1 (IN that) (S (NP-SBJ (PRP they)) (VP (VBP make) (S (NP-SBJ (-NONE- *)) (ADJP-PRD (JJ sure) (SBAR (-NONE- 0) (S (NP-SBJ (NP (PRP$ their) (NNS employees)) (, ,) (NP (ADVP (RB especially)) (NNS linemen))) (INTJ (UH uh)) (, ,) (VP (VBD were) (ADJP-PRD (JJ clean))))))))))) (. .) (-DFL- E_S))",175,376.71,378.21
sw02utt/sw_0215_2314.utt,2/sw2314,2314,119,b,B,72,1,Uh-huh. /,[ Uh-huh/UH ] ./.,(INTJ (UH Uh-huh) (. .) (-DFL- E_S)),177,378.82,379.2
sw02utt/sw_0215_2314.utt,2/sw2314,2314,120,sd,A,73,1,"{C And } since I was just, {D you know, } one of the office folk, I guess it wasn't as important to them that they test me regularly.  /","And/CC since/IN  [ I/PRP ] was/VBD just/RB ,/,  [ you/PRP ] know/VBP ,/,  [ one/CD ] of/IN  [ the/DT office/NN folk/NN ] ,/,  [ I/PRP ] guess/VBP  [ it/PRP ] was/VBD n't/RB as/RB important/JJ to/IN  [ them/PRP ] that/IN  [ they/PRP ] test/VBP  [ me/PRP ] regularly/RB ./.","(S (CC And) (SBAR-PRP (IN since) (S (NP-SBJ (PRP I)) (VP (VBD was) (ADVP (RB just)) (PRN (, ,) (S (NP-SBJ (PRP you)) (VP (VBP know))) (, ,)) (NP-PRD (NP (CD one)) (PP (IN of) (NP (DT the) (NN office) (NN folk))))))) (, ,) (NP-SBJ (PRP I)) (VP (VBP guess) (SBAR (-NONE- 0) (S (NP-SBJ (NP (PRP it)) (SBAR (-NONE- *ICH*-1))) (VP (VBD was) (RB n't) (ADJP-PRD (RB as) (JJ important) (PP (IN to) (NP (PRP them)))) (SBAR-1 (IN that) (S (NP-SBJ (PRP they)) (VP (VBP test) (NP (PRP me)) (ADVP-MNR (RB regularly))))))))) (. .) (-DFL- E_S))",182,379.65,385.19
sw02utt/sw_0215_2314.utt,2/sw2314,2314,121,sd,A,73,2,{C But } I know they test most of the service people fairly regularly --,But/CC  [ I/PRP ] know/VBP  [ they/PRP ] test/VBP most/JJS of/IN  [ the/DT service/NN people/NNS ] fairly/RB regularly/RB --/:,"(S (CC But) (NP-SBJ (PRP I)) (VP (VBP know) (SBAR (-NONE- 0) (S (NP-SBJ (PRP they)) (VP (VBP test) (NP (NP (JJS most)) (PP (IN of) (NP (DT the) (NN service) (NNS people)))) (ADVP-MNR (RB fairly) (RB regularly)) (EDITED (RM (-DFL- \[)) (X (RB reg-)) (, ,) (IP (-DFL- \+)) (RS (-DFL- \]))) (INTJ (UH uh)) (, ,) (PP (ADVP (RB just)) (IN across) (NP (DT the) (NN board))))))) (. .) (-DFL- E_S))",183,385.19,389.35
sw02utt/sw_0215_2314.utt,2/sw2314,2314,122,b,B,74,1,Uh-huh. /,[ Uh-huh/UH ] ./.,(INTJ (UH Uh-huh) (. .) (-DFL- E_S)),177,389.62,390.06
sw02utt/sw_0215_2314.utt,2/sw2314,2314,123,+,A,75,1,"-- [ reg-, + ] {F uh, } just across the board. /","--/:  [ reg-/RB ] ,/,  [ uh/UH ] ,/, just/RB across/IN  [ the/DT board/NN ] ./.","(S (CC But) (NP-SBJ (PRP I)) (VP (VBP know) (SBAR (-NONE- 0) (S (NP-SBJ (PRP they)) (VP (VBP test) (NP (NP (JJS most)) (PP (IN of) (NP (DT the) (NN service) (NNS people)))) (ADVP-MNR (RB fairly) (RB regularly)) (EDITED (RM (-DFL- \[)) (X (RB reg-)) (, ,) (IP (-DFL- \+)) (RS (-DFL- \]))) (INTJ (UH uh)) (, ,) (PP (ADVP (RB just)) (IN across) (NP (DT the) (NN board))))))) (. .) (-DFL- E_S))",183,390.23,391.59
sw02utt/sw_0215_2314.utt,2/sw2314,2314,124,b,B,76,1,Yeah.  /,Yeah/UH ./.,(INTJ (UH Yeah) (. .) (-DFL- E_S)),166,391.8,392.18
sw02utt/sw_0215_2314.utt,2/sw2314,2314,125,qy,B,76,2,{C And } are they tested random? /,And/CC are/VBP  [ they/PRP ] tested/VBN  [ random/RB ] ?/.,(SQ (CC And) (VBP are) (NP-SBJ-1 (PRP they)) (VP (VBN tested) (NP (-NONE- *-1)) (ADVP-MNR (RB random))) (. ?) (-DFL- E_S)),189,393.48,395.58
sw02utt/sw_0215_2314.utt,2/sw2314,2314,126,nn,A,77,1,"No,  /","No/UH ,/,","(INTJ (UH No) (, ,) (-DFL- E_S))",191,396.23,396.49
sw02utt/sw_0215_2314.utt,2/sw2314,2314,127,%,A,77,2,"they're, - /","[ they/PRP ] 're/VBP ,/,","(S (NP-SBJ (PRP they)) (VP-UNF (VBP 're)) (, ,) (-DFL- N_S))",192,396.59,396.72999999999996
sw02utt/sw_0215_2314.utt,2/sw2314,2314,128,sd,A,77,3,all of them are tested --,[ all/DT ] of/IN  [ them/PRP ] are/VBP tested/VBN --/:,"(S (NP-SBJ-1 (NP (DT all)) (PP (IN of) (NP (PRP them)))) (VP (VBP are) (VP (VBN tested) (NP (-NONE- *-1)) (ADVP-TMP (RB once) (NP-UNF (DT every) (CD three) (NNS mo-))))) (, ,) (-DFL- E_S))",193,396.73,397.83
sw02utt/sw_0215_2314.utt,2/sw2314,2314,129,%,B,78,1,They're  ... -/,[ They/PRP ] 're/VBP .../:,(S (NP-SBJ (PRP They)) (VP-UNF (VBP 're)) (: ...) (-DFL- N_S)),195,397.68,397.74
sw02utt/sw_0215_2314.utt,2/sw2314,2314,130,+,A,79,1,"-- once every three mo-,  /","--/: once/RB  [ every/DT three/CD mo-/NNS ] ,/,","(S (NP-SBJ-1 (NP (DT all)) (PP (IN of) (NP (PRP them)))) (VP (VBP are) (VP (VBN tested) (NP (-NONE- *-1)) (ADVP-TMP (RB once) (NP-UNF (DT every) (CD three) (NNS mo-))))) (, ,) (-DFL- E_S))",193,397.89,398.63
sw02utt/sw_0215_2314.utt,2/sw2314,2314,131,sd,A,79,2,it's a rotation. /,[ it/PRP ] 's/BES  [ a/DT rotation/NN ] ./.,(S (NP-SBJ (PRP it)) (VP (BES 's) (NP-PRD (DT a) (NN rotation))) (. .) (-DFL- E_S)),197,398.63,399.73
sw02utt/sw_0215_2314.utt,2/sw2314,2314,132,bk,B,80,1,"{F Oh, } okay.  /","Oh/UH ,/, okay/UH ./.","(INTJ (INTJ (UH Oh)) (, ,) (INTJ (UH okay)) (. .) (-DFL- E_S))",199,399.58,400.5
sw02utt/sw_0215_2314.utt,2/sw2314,2314,133,b,B,80,2,I see. /,[ I/PRP ] see/VBP ./.,(S (NP-SBJ (PRP I)) (VP (VBP see)) (. .) (-DFL- E_S)),200,401.58,402.06
sw02utt/sw_0215_2314.utt,2/sw2314,2314,134,%,A,81,1,"{C But } it, - /","But/IN  [ it/PRP ] ,/,","(S-UNF (IN But) (NP-SBJ (PRP it)) (, ,) (-DFL- N_S))",202,403.07,403.40999999999997
sw02utt/sw_0215_2314.utt,2/sw2314,2314,135,sd,A,81,2,"{C but } again, it depends on what job you're in. /","but/CC again/RB ,/,  [ it/PRP ] depends/VBZ on/IN  [ what/WDT job/NN ] [ you/PRP ] 're/VBP in/IN ./.","(S (CC but) (ADVP (RB again)) (, ,) (NP-SBJ (PRP it)) (VP (VBZ depends) (PP (IN on) (SBAR-NOM (WHNP-1 (WDT what) (NN job)) (S (NP-SBJ (PRP you)) (VP (VBP 're) (PP-PRD (IN in) (NP (-NONE- *T*-1)))))))) (. .) (-DFL- E_S))",203,403.57,405.55
sw02utt/sw_0215_2314.utt,2/sw2314,2314,136,b,B,82,1,Yeah. /,Yeah/UH ./.,(INTJ (UH Yeah) (. .) (-DFL- E_S)),188,405.7,405.92
sw02utt/sw_0215_2314.utt,2/sw2314,2314,137,sd,A,83,1,The men that are out there fixing power lines are tested a lot  /,[ The/DT men/NNS ] [ that/WDT ] are/VBP out/IN there/RB fixing/VBG  [ power/NN lines/NNS ] are/VBP tested/VBN  [ a/DT lot/NN ],(S (NP-SBJ-2 (NP (DT The) (NNS men)) (SBAR (WHNP-1 (WDT that)) (S (NP-SBJ-3 (-NONE- *T*-1)) (VP (VBP are) (PP-LOC-PRD (IN out) (ADVP (RB there))) (S-ADV (NP-SBJ (-NONE- *-3)) (VP (VBG fixing) (NP (NN power) (NNS lines)))))))) (VP (VBP are) (VP (VBN tested) (NP (-NONE- *-2)) (NP-ADV (DT a) (NN lot)))) (-DFL- E_S)),207,406.07,410.11
sw02utt/sw_0215_2314.utt,2/sw2314,2314,138,sd,A,83,2,{C and } the men that drive the trucks --,and/CC  [ the/DT men/NNS ] [ that/WDT ] drive/VBP  [ the/DT trucks/NNS ] --/:,"(S (CC and) (NP-SBJ-3 (NP (DT the) (NNS men)) (SBAR (WHNP-1 (WDT that)) (S (NP-SBJ (-NONE- *T*-1)) (VP (VBP drive) (NP (DT the) (NNS trucks)) (EDITED (RM (-DFL- \[)) (PP-UNF (IN with)) (, ,) (IP (-DFL- \+))) (PP (IN with) (RS (-DFL- \])) (NP (NP (DT the) (NNS guys)) (SBAR (WHNP-2 (WDT that)) (S (NP-SBJ (-NONE- *T*-2)) (VP (VBP fix) (NP (DT the) (NN power) (NNS lines))))))))))) (VP (VBP are) (RB n't) (VP (VBN tested) (NP (-NONE- *-3)) (ADVP (RB as) (RB much)))) (. .) (-DFL- E_S))",208,410.87,412.73
sw02utt/sw_0215_2314.utt,2/sw2314,2314,139,b,B,84,1,Uh-huh. /,[ Uh-huh/UH ] ./.,(INTJ (UH Uh-huh) (. .) (-DFL- E_S)),180,412.6,412.92
sw02utt/sw_0215_2314.utt,2/sw2314,2314,140,+,A,85,1,"-- [ with, + with ] the guys that fix the power lines aren't tested as much. /","--/: with/IN ,/, with/IN  [ the/DT guys/NNS ] [ that/WDT ] fix/VBP  [ the/DT power/NN lines/NNS ] are/VBP n't/RB tested/VBN as/RB much/RB ./.","(S (CC and) (NP-SBJ-3 (NP (DT the) (NNS men)) (SBAR (WHNP-1 (WDT that)) (S (NP-SBJ (-NONE- *T*-1)) (VP (VBP drive) (NP (DT the) (NNS trucks)) (EDITED (RM (-DFL- \[)) (PP-UNF (IN with)) (, ,) (IP (-DFL- \+))) (PP (IN with) (RS (-DFL- \])) (NP (NP (DT the) (NNS guys)) (SBAR (WHNP-2 (WDT that)) (S (NP-SBJ (-NONE- *T*-2)) (VP (VBP fix) (NP (DT the) (NN power) (NNS lines))))))))))) (VP (VBP are) (RB n't) (VP (VBN tested) (NP (-NONE- *-3)) (ADVP (RB as) (RB much)))) (. .) (-DFL- E_S))",208,413.65,416.57
sw02utt/sw_0215_2314.utt,2/sw2314,2314,141,b,B,86,1,Uh-huh. /,[ Uh-huh/UH ] ./.,(INTJ (UH Uh-huh) (. .) (-DFL- E_S)),185,416.76,416.98
sw02utt/sw_0215_2314.utt,2/sw2314,2314,142,sd,A,87,1,"[ {C But, } +  {C but } ] {D see, } they make that clear to them as they hire those guys --","But/CC ,/, but/CC see/UH ,/,  [ they/PRP ] make/VBP that/DT clear/JJ to/IN  [ them/PRP ] as/IN  [ they/PRP ] hire/VBP  [ those/DT guys/NNS ] --/:","(S (EDITED (RM (-DFL- \[)) (CC But) (, ,) (IP (-DFL- \+))) (CC but) (RS (-DFL- \])) (INTJ (UH see)) (, ,) (NP-SBJ (PRP they)) (VP (VBP make) (S (NP-SBJ (DT that)) (ADJP-PRD (JJ clear) (PP (IN to) (NP (PRP them))))) (SBAR-TMP (IN as) (S (NP-SBJ (PRP they)) (VP (VBP hire) (NP (DT those) (NNS guys))))) (SBAR-NOM-TPC (EDITED (RM (-DFL- \[)) (WHNP (WP what)) (, ,) (IP (-DFL- \+))) (WHNP-1 (WP what)) (RS (-DFL- \])) (S (NP-SBJ (DT the) (NN drug) (NN testing) (NN schedule)) (VP (VBZ is) (NP-PRD (-NONE- *T*-1)))))) (. .) (-DFL- E_S))",215,417.13,419.83
sw02utt/sw_0215_2314.utt,2/sw2314,2314,143,b,B,88,1,"{F Oh, } I see. /","Oh/UH ,/,  [ I/PRP ] see/VBP ./.","(S (INTJ (UH Oh)) (, ,) (NP-SBJ (PRP I)) (VP (VBP see)) (. .) (-DFL- E_S))",217,420.02,420.64000000000004
sw02utt/sw_0215_2314.utt,2/sw2314,2314,144,+,A,89,1,"-- [ what, + what ] the drug testing schedule is.  /","--/:  [ what/WP ] ,/,  [ what/WP ] [ the/DT drug/NN testing/NN schedule/NN ] is/VBZ ./.","(S (EDITED (RM (-DFL- \[)) (CC But) (, ,) (IP (-DFL- \+))) (CC but) (RS (-DFL- \])) (INTJ (UH see)) (, ,) (NP-SBJ (PRP they)) (VP (VBP make) (S (NP-SBJ (DT that)) (ADJP-PRD (JJ clear) (PP (IN to) (NP (PRP them))))) (SBAR-TMP (IN as) (S (NP-SBJ (PRP they)) (VP (VBP hire) (NP (DT those) (NNS guys))))) (SBAR-NOM-TPC (EDITED (RM (-DFL- \[)) (WHNP (WP what)) (, ,) (IP (-DFL- \+))) (WHNP-1 (WP what)) (RS (-DFL- \])) (S (NP-SBJ (DT the) (NN drug) (NN testing) (NN schedule)) (VP (VBZ is) (NP-PRD (-NONE- *T*-1)))))) (. .) (-DFL- E_S))",215,420.79,422.37
sw02utt/sw_0215_2314.utt,2/sw2314,2314,145,sd(^q),A,89,2,"They say [ we, + we're ] testing you tomorrow  /","[ They/PRP ] say/VBP  [ we/PRP ] ,/,  [ we/PRP ] 're/VBP testing/VBG  [ you/PRP ] tomorrow/NN","(S (NP-SBJ (PRP They)) (VP (VBP say) (S-SEZ (EDITED (RM (-DFL- \[)) (NP-SBJ (PRP we)) (, ,) (IP (-DFL- \+))) (NP-SBJ (PRP we)) (VP (VBP 're) (RS (-DFL- \])) (VP (VBG testing) (NP (PRP you)) (NP-TMP (NN tomorrow)))))) (-DFL- E_S))",219,422.37,424.21
sw02utt/sw_0215_2314.utt,2/sw2314,2314,146,^q,A,89,3,{C and } we'll test you every three months thereafter while you work here. /,and/CC  [ we/PRP ] 'll/MD test/VB  [ you/PRP ] [ every/DT three/CD months/NNS ] thereafter/RB while/IN  [ you/PRP ] work/VBP here/RB ./.,(S (CC and) (NP-SBJ (PRP we)) (VP (MD 'll) (VP (VB test) (NP (PRP you)) (NP-TMP (NP (DT every) (CD three) (NNS months)) (ADVP (RB thereafter))) (SBAR-TMP (IN while) (S (NP-SBJ (PRP you)) (VP (VBP work) (ADVP-LOC (RB here))))))) (. .) (-DFL- E_S)),220,424.21,427.01
sw02utt/sw_0215_2314.utt,2/sw2314,2314,147,b,B,90,1,Uh-huh.  /,[ Uh-huh/UH ] ./.,(INTJ (UH Uh-huh) (. .) (-DFL- E_S)),210,428.98,429.24
sw02utt/sw_0215_2314.utt,2/sw2314,2314,148,b,B,90,2,"Okay,  /","[ Okay/UH ] ,/,","(INTJ (UH Okay) (, ,) (-DFL- E_S))",223,429.24,429.38
sw02utt/sw_0215_2314.utt,2/sw2314,2314,149,sd,B,90,3,{C so } they know that.  /,so/RB  [ they/PRP ] know/VBP  [ that/DT ] ./.,(S (RB so) (NP-SBJ (PRP they)) (VP (VBP know) (NP (DT that))) (. .) (-DFL- E_S)),224,429.38,429.97999999999996
sw02utt/sw_0215_2314.utt,2/sw2314,2314,150,%,B,90,4,{C And } that's ... -/,And/CC  [ that/DT ] 's/BES .../:,(S (CC And) (NP-SBJ (DT that)) (VP-UNF (BES 's)) (: ...) (-DFL- N_S)),225,429.98,430.44
sw02utt/sw_0215_2314.utt,2/sw2314,2314,151,b,A,91,1,"Yeah,  /","Yeah/UH ,/,","(INTJ (UH Yeah) (, ,) (-DFL- E_S))",227,430.59,430.95
sw02utt/sw_0215_2314.utt,2/sw2314,2314,152,sd,A,91,2,"[ it's, + it's ] made very clear upon hiring. /","[ it/PRP ] 's/BES ,/,  [ it/PRP ] 's/BES made/VBN very/RB clear/JJ upon/IN hiring/VBG ./.","(S (EDITED (RM (-DFL- \[)) (S (NP-SBJ (PRP it)) (VP-UNF (BES 's))) (, ,) (IP (-DFL- \+))) (NP-SBJ-1 (PRP it)) (VP (BES 's) (RS (-DFL- \])) (VP (VBN made) (S (NP-SBJ (-NONE- *-1)) (ADJP-PRD (RB very) (JJ clear))) (PP-TMP (IN upon) (NP (VBG hiring))))) (. .) (-DFL- E_S))",228,430.95,433.31
sw02utt/sw_0215_2314.utt,2/sw2314,2314,153,b,B,92,1,Uh-huh.  /,[ Uh-huh/UH ] ./.,(INTJ (UH Uh-huh) (. .) (-DFL- E_S)),210,434.12,434.42
sw02utt/sw_0215_2314.utt,2/sw2314,2314,154,b,B,92,2,Okay.  /,Okay/UH ./.,(INTJ (UH Okay) (. .) (-DFL- E_S)),231,435.32,435.76
sw02utt/sw_0215_2314.utt,2/sw2314,2314,155,%,B,92,3,{D Well ... } -/,Well/UH .../:,(INTJ (UH Well) (: ...) (-DFL- N_S)),232,438.12,438.56
sw02utt/sw_0215_2314.utt,2/sw2314,2314,156,qy,A,93,1,"{D Well, } have we spent our at least five minutes? /","Well/UH ,/, have/VBP  [ we/PRP ] spent/VBN  [ our/PRP$ ] at/IN  [ least/JJS five/CD minutes/NNS ] ?/.","(SQ (INTJ (UH Well)) (, ,) (VBP have) (NP-SBJ (PRP we)) (VP (VBN spent) (NP (PRP$ our) (QP (ADVP (IN at) (JJS least)) (CD five)) (NNS minutes))) (. ?) (-DFL- E_S))",234,438.83,440.77
sw02utt/sw_0215_2314.utt,2/sw2314,2314,157,ny,B,94,1,Yeah -- /,Yeah/UH --/:,(INTJ (UH Yeah) (-DFL- E_S)),236,440.62,441.2
sw02utt/sw_0215_2314.utt,2/sw2314,2314,158,bk,A,95,1,Okay. /,Okay/UH ./.,(INTJ (UH Okay) (. .) (-DFL- E_S)),231,441.57,441.75
sw02utt/sw_0215_2314.utt,2/sw2314,2314,159,sv,B,96,1,-- I think so.  /,--/:  [ I/PRP ] think/VBP so/RB ./.,(S (NP-SBJ (PRP I)) (VP (VBP think) (ADVP (RB so))) (. .) (-DFL- E_S)),240,441.6,442.2
sw02utt/sw_0215_2314.utt,2/sw2314,2314,160,b,B,96,2,"Yeah,  /","Yeah/UH ,/,","(INTJ (UH Yeah) (, ,) (-DFL- E_S))",227,442.2,442.58
sw02utt/sw_0215_2314.utt,2/sw2314,2314,161,sd,B,96,3,seven twenty-five. /,[ seven/CD twenty-five/CD ] ./.,(NP (CD seven) (CD twenty-five) (. .) (-DFL- E_S)),242,442.58,444.24
sw02utt/sw_0215_2314.utt,2/sw2314,2314,162,b,A,97,1,Okay. /,Okay/UH ./.,(INTJ (UH Okay) (. .) (-DFL- E_S)),231,444.47,444.71000000000004
sw02utt/sw_0215_2314.utt,2/sw2314,2314,163,b,B,98,1,"Okay,  /","[ Okay/UH ] ,/,","(INTJ (UH Okay) (, ,) (-DFL- E_S))",223,444.95,445.34999999999997
sw02utt/sw_0215_2314.utt,2/sw2314,2314,164,fc,B,98,2,nice speaking to you. /,[ nice/JJ speaking/VBG ] to/IN  [ you/PRP ] ./.,(FRAG (ADJP-PRD (JJ nice)) (S (NP-SBJ (-NONE- *)) (VP (VBG speaking) (PP (IN to) (NP (PRP you))))) (. .) (-DFL- E_S)),247,445.35,446.27
sw02utt/sw_0215_2314.utt,2/sw2314,2314,165,fc,A,99,1,Nice talking to you.  /,[ Nice/JJ ] talking/VBG to/IN  [ you/PRP ] ./.,(FRAG (ADJP-PRD (JJ Nice)) (S (NP-SBJ (-NONE- *)) (VP (VBG talking) (PP (IN to) (NP (PRP you))))) (. .) (-DFL- E_S)),249,446.43,447.23
sw02utt/sw_0215_2314.utt,2/sw2314,2314,166,fc,A,99,2,Bye-bye /,[ Bye-bye/UH ],(INTJ (UH Bye-bye) (-DFL- E_S)),250,447.23,447.53000000000003
sw02utt/sw_0215_2314.utt,2/sw2314,2314,167,fc,B,100,1,Bye. /,[ Bye/UH ] ./.,(INTJ (UH Bye) (. .) (-DFL- E_S)),252,447.37,447.73
