swda_filename,ptb_basename,conversation_no,transcript_index,act_tag,caller,utterance_index,subutterance_index,text,pos,trees,ptb_treenumbers,start_ts,end_ts
sw08utt/sw_0856_2342.utt,2/sw2342,2342,0,qw,B,1,1,"{D So, } {F uh, } what do you think about our involvement in the Middle East? /","So/RB ,/, uh/UH ,/, what/WP do/VBP you/PRP think/VB about/IN our/PRP$ involvement/NN in/IN the/DT Middle/NNP East/NNP ?/.",,,1.04,3.7600000000000002
sw08utt/sw_0856_2342.utt,2/sw2342,2342,1,sv,A,2,1,"<Laughter> {D Well, } {D actually, } I think it's good.  /","Well/UH ,/, actually/UH ,/, I/PRP think/VBP it/PRP 's/BES good/JJ ./.",,,4.48,5.78
sw08utt/sw_0856_2342.utt,2/sw2342,2342,2,sv,A,2,2,"[ [  I, + I, ] + I ] hope that we, {F uh, } {F uh, } get a chance to, {F uh, } promote peace out there, {F uh, } because I think without peace we're not going to get stable oil prices,  /","I/PRP ,/, I/PRP ,/, I/PRP hope/VBP that/IN we/PRP ,/, uh/UH ,/, uh/UH ,/, get/VBP a/DT chance/NN to/TO ,/, uh/UH ,/, promote/VB peace/NN out/IN there/RB ,/, uh/UH ,/, because/IN I/PRP think/VBP without/IN peace/NN we/PRP 're/VBP not/RB going/VBG to/TO get/VB stable/JJ oil/NN prices/NNS ,/,",,,5.78,16.54
sw08utt/sw_0856_2342.utt,2/sw2342,2342,3,sv,A,2,3,"[ {C and, } + {C and,  } ] {F uh, } [ I'd, + I'd ] really like to see stability in that area, because I'm always afraid that's where another big war is going to start. Not that Desert Storm was a small one. /","and/CC ,/, and/CC ,/, uh/UH ,/, I/PRP 'd/MD ,/, I/PRP 'd/MD really/RB like/VB to/TO see/VB stability/NN in/IN that/DT area/NN ,/, because/IN I/PRP 'm/VBP always/RB afraid/JJ that/DT 's/BES where/WRB another/DT big/JJ war/NN is/VBZ going/VBG to/TO start/VB ./. Not/RB that/IN Desert/NNP Storm/NN was/VBD a/DT small/JJ one/CD ./.",,,17.32,28.099999999999998
sw08utt/sw_0856_2342.utt,2/sw2342,2342,4,aa,B,3,1,Yeah  /,Yeah/UH,,,28.4,28.959999999999997
sw08utt/sw_0856_2342.utt,2/sw2342,2342,5,aa^r,B,3,2,"<laughter>.  {D Well, } yeah  /","./. Well/UH ,/, yeah/UH",,,29.74,30.18
sw08utt/sw_0856_2342.utt,2/sw2342,2342,6,aa,B,3,3,that's probably true.  /,that/DT 's/BES probably/RB true/JJ ./.,,,30.18,31.02
sw08utt/sw_0856_2342.utt,2/sw2342,2342,7,sv,B,3,4,"[  I,   +  I ] suspect that if any world war is coming at this point in time, they're going to come from there, {F uh, } I would think, anyway.  /","I/PRP ,/, I/PRP suspect/VBP that/IN if/IN any/DT world/NN war/NN is/VBZ coming/VBG at/IN this/DT point/NN in/IN time/NN ,/, they/PRP 're/VBP going/VBG to/TO come/VB from/IN there/RB ,/, uh/UH ,/, I/PRP would/MD think/VB ,/, anyway/UH ./.",,,31.02,37.099999999999994
sw08utt/sw_0856_2342.utt,2/sw2342,2342,8,sv,B,3,5,"Just seems to be that that's the most unstable part of the world, as far as I can tell. /","Just/RB seems/VBZ to/TO be/VB that/IN that/DT 's/BES the/DT most/RBS unstable/JJ part/NN of/IN the/DT world/NN ,/, as/RB far/RB as/IN I/PRP can/MD tell/VB ./.",,,37.36,41.42
sw08utt/sw_0856_2342.utt,2/sw2342,2342,9,sd,A,4,1,"I saw, {F um, } just recently, where, {F uh, } {F uh, } the U S is supposedly going to be, {F uh, } putting pressure on all the, {D you know, } the Israelis, supposedly, to come to a bargaining table to, - /","I/PRP saw/VBD ,/, um/UH ,/, just/RB recently/RB ,/, where/WRB ,/, uh/UH ,/, uh/UH ,/, the/DT U/NNP S/NNP is/VBZ supposedly/RB going/VBG to/TO be/VB ,/, uh/UH ,/, putting/VBG pressure/NN on/IN all/PDT the/DT ,/, you/PRP know/VBP ,/, the/DT Israelis/NNPS ,/, supposedly/RB ,/, to/TO come/VB to/IN a/DT bargaining/NN table/NN to/TO ,/,",,,42.11,53.949999999999996
sw08utt/sw_0856_2342.utt,2/sw2342,2342,10,sd,A,4,2,"{D actually } I heard that the Israelis [ were even talk-, + ] at least mentioned about giving up some of the Golan Heights. /","actually/UH I/PRP heard/VBD that/IN the/DT Israelis/NNPS were/VBD even/RB talk-/XX ,/, at/IN least/RBS mentioned/VBN about/IN giving/VBG up/RP some/DT of/IN the/DT Golan/NNP Heights/NNPS ./.",,,54.35,61.230000000000004
sw08utt/sw_0856_2342.utt,2/sw2342,2342,11,b,B,5,1,Really. /,Really/UH ./.,,,61.82,62.160000000000004
sw08utt/sw_0856_2342.utt,2/sw2342,2342,12,ny,A,6,1,Yeah. /,Yeah/UH ./.,,,62.35,62.67
sw08utt/sw_0856_2342.utt,2/sw2342,2342,13,sd,B,7,1,"That would be interesting because [ [ [ I am, + {D actually, } {F um, } {F um, } I'm, ] + I'm ] + I'm ] Jewish  /","That/DT would/MD be/VB interesting/JJ because/IN I/PRP am/VBP ,/, actually/UH ,/, um/UH ,/, um/UH ,/, I/PRP 'm/VBP ,/, I/PRP 'm/VBP I/PRP 'm/VBP Jewish/JJ",,,63.3,68.67999999999999
sw08utt/sw_0856_2342.utt,2/sw2342,2342,14,sd,B,7,2,"{C and } I'm actually sort of [ [ not, + not, ] + not ] really a Zionist per se, {D you know. } /","and/CC I/PRP 'm/VBP actually/UH sort/RB of/RB not/RB ,/, not/RB ,/, not/RB really/RB a/DT Zionist/JJ per/FW se/FW ,/, you/PRP know/VBP ./.",,,68.68,71.96
sw08utt/sw_0856_2342.utt,2/sw2342,2342,15,b,A,8,1,Okay. /,Okay/UH ./.,,,72.05,72.39
sw08utt/sw_0856_2342.utt,2/sw2342,2342,16,sd,B,9,1,"{C But } [ I have a, + {F um, } I have a ] lot of friends, {D you know, } who are sort of adamant, {D you know, } Israel,  /","But/CC I/PRP have/VBP a/DT ,/, um/UH ,/, I/PRP have/VBP a/DT lot/NN of/IN friends/NNS ,/, you/PRP know/VBP ,/, who/WP are/VBP sort/RB of/RB adamant/JJ ,/, you/PRP know/VBP ,/, Israel/NNP ,/,",,,72.9,77.47999999999999
sw08utt/sw_0856_2342.utt,2/sw2342,2342,17,^q,B,9,2,"it's his right,  /","it/PRP 's/BES his/PRP$ right/NN ,/,",,,77.86,78.44
sw08utt/sw_0856_2342.utt,2/sw2342,2342,18,sv,B,9,3,{C and } do whatever they want. - /,and/CC do/VBP whatever/WDT they/PRP want/VBP ./.,,,78.44,79.19999999999999
sw08utt/sw_0856_2342.utt,2/sw2342,2342,19,sv,B,9,4,{C And } I think they've been sort of hard nosed about the entire thing.  /,And/CC I/PRP think/VBP they/PRP 've/VBP been/VBN sort/RB of/RB hard/JJ nosed/JJ about/IN the/DT entire/JJ thing/NN ./.,,,79.2,82.46000000000001
sw08utt/sw_0856_2342.utt,2/sw2342,2342,20,sv,B,9,5,"{C And, } {D you know, } in some sense, [ m-, + the moderates ] may be right.  /","And/CC ,/, you/PRP know/VBP ,/, in/IN some/DT sense/NN ,/, m-/XX ,/, the/DT moderates/NNS may/MD be/VB right/JJ ./.",,,82.46,85.78
sw08utt/sw_0856_2342.utt,2/sw2342,2342,21,sv,B,9,6,"They [ may, + {D you know, } may ] be better if they give up just a little bit to settle things down. /","They/PRP may/MD ,/, you/PRP know/VB ,/, may/MD be/VB better/JJR if/IN they/PRP give/VBP up/RP just/RB a/DT little/JJ bit/NN to/TO settle/VB things/NNS down/RP ./.",,,85.78,89.72
sw08utt/sw_0856_2342.utt,2/sw2342,2342,22,sv,A,10,1,"{D Well, } {F uh, } I guess it's one of those things that, {F uh, } if it's going to really promote a lasting peace, if there is not going to be a peace, -/","Well/UH ,/, uh/UH ,/, I/PRP guess/VBP it/PRP 's/BES one/CD of/IN those/DT things/NNS that/WDT ,/, uh/UH ,/, if/IN it/PRP 's/BES going/VBG to/TO really/RB promote/VB a/DT lasting/VBG peace/NN ,/, if/IN there/EX is/VBZ not/RB going/VBG to/TO be/VB a/DT peace/NN ,/,",,,90.1,97.04
sw08utt/sw_0856_2342.utt,2/sw2342,2342,23,b,B,11,1,"Right,  /","Right/UH ,/,",,,97.2,97.48
sw08utt/sw_0856_2342.utt,2/sw2342,2342,24,qh,B,11,2,"[ [ [ then, + then, ] + then, ] + then ] is it worth it at all. /","then/RB ,/, then/RB ,/, then/RB ,/, then/RB is/VBZ it/PRP worth/JJ it/PRP at/IN all/DT ./.",,,97.88,99.86
sw08utt/sw_0856_2342.utt,2/sw2342,2342,25,b,A,12,1,Yeah. /,Yeah/UH ./.,,,100.08,100.34
sw08utt/sw_0856_2342.utt,2/sw2342,2342,26,%,B,13,1,"{E I mean, } I could the way, - /","I/PRP mean/VBP ,/, I/PRP could/MD the/DT way/NN ,/,",,,100.26,102.34
sw08utt/sw_0856_2342.utt,2/sw2342,2342,27,sv,B,13,2,"{E I mean, } the only way to think about it is {D Well, } they won, {D you know, } - /","I/PRP mean/VBP ,/, the/DT only/JJ way/NN to/TO think/VB about/IN it/PRP is/VBZ Well/UH ,/, they/PRP won/VBD ,/, you/PRP know/VBP ,/,",,,102.34,105.68
sw08utt/sw_0856_2342.utt,2/sw2342,2342,28,sv,B,13,3,"they sort of took over the, {F um, } - /","they/PRP sort/RB of/RB took/VBD over/RP the/DT ,/, um/UH ,/,",,,105.68,107.17999999999999
sw08utt/sw_0856_2342.utt,2/sw2342,2342,29,sv,B,13,4,"they're one of the only countries in history that has been told that they have to give back what they took in a war, which they didn't start, basically,  /","they/PRP 're/VBP one/CD of/IN the/DT only/JJ countries/NNS in/IN history/NN that/WDT has/VBZ been/VBN told/VBN that/IN they/PRP have/VBP to/TO give/VB back/RB what/WP they/PRP took/VBD in/IN a/DT war/NN ,/, which/WDT they/PRP did/VBD n't/RB start/VB ,/, basically/RB ,/,",,,108.12,116.2
sw08utt/sw_0856_2342.utt,2/sw2342,2342,30,%,B,13,5,{C so. } -/,so/RB ./.,,,116.84,117.0
sw08utt/sw_0856_2342.utt,2/sw2342,2342,31,b,A,14,1,Oh.  /,Oh/UH ./.,,,117.08,117.22
sw08utt/sw_0856_2342.utt,2/sw2342,2342,32,b,A,14,2,Yeah  /,Yeah/UH,,,117.62,117.92
sw08utt/sw_0856_2342.utt,2/sw2342.pos,2342,33,x,A,14,3,<laughter>.,./.,,,0.0,0.0
sw08utt/sw_0856_2342.utt,2/sw2342,2342,34,sd,B,15,1,"{C So, } [ [ I don't, + I don't  know how to, ] + [ I don't, + I don't ] know what to ] do about it <noise>.  /","So/RB ,/, I/PRP do/VBP n't/RB ,/, I/PRP do/VBP n't/RB know/VB how/WRB to/TO ,/, I/PRP do/VBP n't/RB ,/, I/PRP do/VBP n't/RB know/VB what/WP to/TO do/VB about/IN it/PRP ./.",,,118.18,122.04
sw08utt/sw_0856_2342.utt,2/sw2342,2342,35,sv,B,15,2,"{C But } I think [ that, + that ] {D you know, } in general the region is really in bad shape <noise>. /","But/CC I/PRP think/VBP that/IN ,/, that/IN you/PRP know/VBP ,/, in/IN general/JJ the/DT region/NN is/VBZ really/RB in/IN bad/JJ shape/NN ./.",,,122.04,126.89999999999999
sw08utt/sw_0856_2342.utt,2/sw2342,2342,36,qy,A,16,1,"Do you think the U S is going to wind up keeping, {F uh, } military bases over there? /","Do/VBP you/PRP think/VBP the/DT U/NNP S/NNP is/VBZ going/VBG to/TO wind/VB up/RP keeping/VBG ,/, uh/UH ,/, military/JJ bases/NNS over/IN there/RB ?/.",,,126.98,131.24
sw08utt/sw_0856_2342.utt,2/sw2342,2342,37,na,B,17,1,"{F Um, } probably, {F oh, }  /","Um/UH ,/, probably/RB ,/, oh/UH ,/,",,,132.02,133.26
sw08utt/sw_0856_2342.utt,2/sw2342,2342,38,qy,B,17,2,"[ isn't, + isn't ] there a plan now to make a command center there or something? /","is/VBZ n't/RB ,/, is/VBZ n't/RB there/EX a/DT plan/NN now/RB to/TO make/VB a/DT command/NN center/NN there/RB or/CC something/NN ?/.",,,133.72,136.52
sw08utt/sw_0856_2342.utt,2/sw2342,2342,39,^h,A,18,1,"[ I, + I ] haven't heard that.  /","I/PRP ,/, I/PRP have/VBP n't/RB heard/VBN that/DT ./.",,,136.86,137.92
sw08utt/sw_0856_2342.utt,2/sw2342,2342,40,^h,A,18,2,"I watch C N N every once in a while,  /","I/PRP watch/VBP C/NNP N/NNP N/NNP every/DT once/RB in/IN a/DT while/NN ,/,",,,137.92,140.1
sw08utt/sw_0856_2342.utt,2/sw2342,2342,41,ng,A,18,3,"{C but, } [ I, + I ] haven't specifically heard anything about that. /","but/CC ,/, I/PRP ,/, I/PRP have/VBP n't/RB specifically/RB heard/VBN anything/NN about/IN that/DT ./.",,,140.1,143.14
sw08utt/sw_0856_2342.utt,2/sw2342,2342,42,sd,B,19,1,"I just heard something [ about moving, + recently, about moving, ] {F um }  /","I/PRP just/RB heard/VBD something/NN about/IN moving/VBG ,/, recently/RB ,/, about/IN moving/VBG ,/, um/UH",,,143.38,146.16
sw08utt/sw_0856_2342.utt,2/sw2342,2342,43,sd,B,19,2,"[ [ there, + there, ] + there's ] some central command post in Tampa <<foreign location>>, I think that they now want to move to somewhere in the Middle East.  /","there/EX ,/, there/EX ,/, there/EX 's/BES some/DT central/JJ command/NN post/NN in/IN Tampa/NNP ,/, I/PRP think/VBP that/IN they/PRP now/RB want/VBP to/TO move/VB to/IN somewhere/RB in/IN the/DT Middle/NNP East/NNP ./.",,,147.07,153.69
sw08utt/sw_0856_2342.utt,2/sw2342,2342,44,sd,B,19,3,"{D Actually, } there was, {F um, } a small country or small city, I think, [ or even, + ] not actually in Saudi Arabia or anything, but a little bit off to the, {F um, } east of it, I think.  /","Actually/UH ,/, there/EX was/VBD ,/, um/UH ,/, a/DT small/JJ country/NN or/CC small/JJ city/NN ,/, I/PRP think/VBP ,/, or/CC even/RB ,/, not/RB actually/RB in/IN Saudi/NNP Arabia/NNP or/CC anything/NN ,/, but/CC a/DT little/JJ bit/NN off/RP to/IN the/DT ,/, um/UH ,/, east/NN of/IN it/PRP ,/, I/PRP think/VBP ./.",,,154.53,163.10999999999999
sw08utt/sw_0856_2342.utt,2/sw2342,2342,45,%,B,19,4,"{C And } I, - /","And/CC I/PRP ,/,",,,163.95,164.19
sw08utt/sw_0856_2342.utt,2/sw2342,2342,46,sv,B,19,5,"they want to keep something over there, so that they don't have to, {F um, } - /","they/PRP want/VBP to/TO keep/VB something/NN over/IN there/RB ,/, so/IN that/IN they/PRP do/VBP n't/RB have/VB to/TO ,/, um/UH ,/,",,,164.45,167.95
sw08utt/sw_0856_2342.utt,2/sw2342,2342,47,sd,B,19,6,"[ I guess it's, + I guess it's ] sort of so they don't have to move troops out so quickly or something.  /","I/PRP guess/VBP it/PRP 's/BES ,/, I/PRP guess/VBP it/PRP 's/BES sort/RB of/RB so/RB they/PRP do/VBP n't/RB have/VB to/TO move/VB troops/NNS out/RB so/RB quickly/RB or/CC something/NN ./.",,,168.49,173.17000000000002
sw08utt/sw_0856_2342.utt,2/sw2342,2342,48,sd,B,19,7,I'm not quite sure exactly why they want to do it.   /,I/PRP 'm/VBP not/RB quite/RB sure/JJ exactly/RB why/WRB they/PRP want/VBP to/TO do/VB it/PRP ./.,,,173.17,175.48999999999998
sw08utt/sw_0856_2342.utt,2/sw2342,2342,49,sv,B,19,8,{C But } they want to keep some sort of central command post there. /,But/CC they/PRP want/VBP to/TO keep/VB some/DT sort/NN of/IN central/JJ command/NN post/NN there/RB ./.,,,176.25,178.37
sw08utt/sw_0856_2342.utt,2/sw2342,2342,50,sv,A,20,1,"What I thought was interesting is that, {F uh, } apparently the formal cease fire has not actually been signed yet. /","What/WP I/PRP thought/VBD was/VBD interesting/JJ is/VBZ that/IN ,/, uh/UH ,/, apparently/RB the/DT formal/JJ cease/VB fire/NN has/VBZ not/RB actually/UH been/VBN signed/VBN yet/RB ./.",,,178.74,185.67999999999998
sw08utt/sw_0856_2342.utt,2/sw2342,2342,51,aa,B,21,1,That's true. /,That/DT 's/BES true/JJ ./.,,,185.71,186.13
sw08utt/sw_0856_2342.utt,2/sw2342,2342,52,sv,A,22,1,"{C And, } {F uh, } <laughter> then I guess there's still the possibility that, {F uh, } hostilities with, {F uh, } U S troops could still break out. /","And/CC ,/, uh/UH ,/, then/RB I/PRP guess/VBP there/EX 's/BES still/RB the/DT possibility/NN that/IN ,/, uh/UH ,/, hostilities/NNS with/IN ,/, uh/UH ,/, U/NNP S/NNP troops/NNS could/MD still/RB break/VB out/RP ./.",,,187.06,193.85999999999999
sw08utt/sw_0856_2342.utt,2/sw2342,2342,53,b,B,23,1,"Yeah,  /","Yeah/UH ,/,",,,194.23,194.47
sw08utt/sw_0856_2342.utt,2/sw2342,2342,54,%,B,23,2,"that's, - /","that/DT 's/BES ,/,",,,194.89,195.04999999999998
sw08utt/sw_0856_2342.utt,2/sw2342,2342,55,sv,B,23,3,<noise> they claim that's why we're still there.  /,they/PRP claim/VBP that/DT 's/BES why/WRB we/PRP 're/VBP still/RB there/RB ./.,,,195.05,196.39
sw08utt/sw_0856_2342.utt,2/sw2342,2342,56,%,B,23,4,"{E I mean, } {D you know, } why only, - /","I/PRP mean/VBP ,/, you/PRP know/VBP ,/, why/WRB only/RB ,/,",,,196.61,197.81
sw08utt/sw_0856_2342.utt,2/sw2342,2342,57,qy^d,B,23,5,"you note it's [ only, + only ] a small number of people have actually come back yet. /","you/PRP note/VBP it/PRP 's/BES only/RB ,/, only/RB a/DT small/JJ number/NN of/IN people/NNS have/VBP actually/RB come/VB back/RB yet/RB ./.",,,198.18,201.5
sw08utt/sw_0856_2342.utt,2/sw2342,2342,58,b,A,24,1,Yeah. /,Yeah/UH ./.,,,201.6,201.9
sw08utt/sw_0856_2342.utt,2/sw2342,2342,59,sv,B,25,1,"{C But } I think that's actually the scariest part, because [ when, in the way, + ]  [ what, + what's ] happening in Iraq right now, {D you know, } in itself, it being so  crazy there.  /","But/CC I/PRP think/VBP that/DT 's/BES actually/UH the/DT scariest/JJS part/NN ,/, because/IN when/WRB ,/, in/IN the/DT way/NN ,/, what/WP ,/, what/WP 's/BES happening/VBG in/IN Iraq/NNP right/RB now/RB ,/, you/PRP know/VBP ,/, in/IN itself/PRP ,/, it/PRP being/VBG so/RB crazy/JJ there/RB ./.",,,202.78,211.66
sw08utt/sw_0856_2342.utt,2/sw2342,2342,60,h,B,25,2,"I have no idea,  /","I/PRP have/VBP no/DT idea/NN ,/,",,,212.36,213.02
sw08utt/sw_0856_2342.utt,2/sw2342,2342,61,%,B,25,3,"{E I mean, } what do you know, - /","I/PRP mean/VBP ,/, what/WP do/VBP you/PRP know/VB ,/,",,,213.04,213.96
sw08utt/sw_0856_2342.utt,2/sw2342,2342,62,sd(^q),B,25,4,"just to imagine that one day they're just going to turn around and someone is going to say, We don't like you, and start attacking again,  /","just/RB to/TO imagine/VB that/IN one/CD day/NN they/PRP 're/VBP just/RB going/VBG to/TO turn/VB around/RB and/CC someone/NN is/VBZ going/VBG to/TO say/VB ,/, We/PRP do/VBP n't/RB like/VB you/PRP ,/, and/CC start/VB attacking/VBG again/RB ,/,",,,213.96,218.74
sw08utt/sw_0856_2342.utt,2/sw2342,2342,63,sv,B,25,5,{C and } it's going to be worse.  /,and/CC it/PRP 's/BES going/VBG to/TO be/VB worse/JJR ./.,,,218.74,220.46
sw08utt/sw_0856_2342.utt,2/sw2342,2342,64,h,B,25,6,I don't know.  {F Um. } /,I/PRP do/VBP n't/RB know/VB ./. Um/UH ./.,,,221.86,222.68
sw08utt/sw_0856_2342.utt,2/sw2342,2342,65,qy,A,26,1,Do you have relatives over in Israel? /,Do/VBP you/PRP have/VBP relatives/NNS over/IN in/IN Israel/NNP ?/.,,,222.77,224.67
sw08utt/sw_0856_2342.utt,2/sw2342,2342,66,nn,B,27,1,"No,  /","No/UH ,/,",,,224.82,225.1
sw08utt/sw_0856_2342.utt,2/sw2342,2342,67,sd^e,B,27,2,I don't.  /,I/PRP do/VBP n't/RB ./.,,,225.1,225.4
sw08utt/sw_0856_2342.utt,2/sw2342,2342,68,sd,B,27,3,"[ I ha-, + [ [ I, + I, ] + I ] have ] some friends in Israel,  /","I/PRP ha/VBP ,/, I/PRP ,/, I/PRP ,/, I/PRP have/VBP some/DT friends/NNS in/IN Israel/NNP ,/,",,,225.4,226.86
sw08utt/sw_0856_2342.utt,2/sw2342,2342,69,sd,B,27,4,{C and } coincidently {D actually } my wife is Syrian.  {F Um. } /,and/CC coincidently/RB actually/UH my/PRP$ wife/NN is/VBZ Syrian/JJ ./. Um/UH ./.,,,226.86,229.73999999999998
sw08utt/sw_0856_2342.utt,2/sw2342,2342,70,b,A,28,1,"{F Oh, } really. /","Oh/UH ,/, really/UH ./.",,,230.15,230.91
sw08utt/sw_0856_2342.utt,2/sw2342,2342,71,ny,B,29,1,"Yeah,  /","Yeah/UH ,/,",,,230.82,231.14
sw08utt/sw_0856_2342.utt,2/sw2342,2342,72,%,B,29,2,"{C so } I am, - /","so/RB I/PRP am/VBP ,/,",,,231.14,231.72
sw08utt/sw_0856_2342.utt,2/sw2342,2342,73,sd^e,B,29,3,"[ we are sort of, + we are ] the Middle East peace talks at home. {F Um. } /","we/PRP are/VBP sort/RB of/RB ,/, we/PRP are/VBP the/DT Middle/NNP East/NNP peace/NN talks/NNS at/IN home/NN ./. Um/UH ./.",,,231.84,234.8
sw08utt/sw_0856_2342.utt,2/sw2342,2342,74,x,A,30,1,<Laughter>.,,,,0.0,0.0
sw08utt/sw_0856_2342.utt,2/sw2342,2342,75,sd,B,31,1,"{C And, } {F uh, } <noise> <<water sound>> {E pardon me, } I'm just sort of putting away some things from dinner now --","And/CC ,/, uh/UH ,/, pardon/VB me/PRP ,/, I/PRP 'm/VBP just/RB sort/RB of/RB putting/VBG away/RB some/DT things/NNS from/IN dinner/NN now/RB --/:",,,234.8,239.5
sw08utt/sw_0856_2342.utt,2/sw2342,2342,76,b,A,32,1,Yeah. /,Yeah/UH ./.,,,239.59,239.73
sw08utt/sw_0856_2342.utt,2/sw2342,2342,77,+,B,33,1,-- in the background.  /,--/: in/IN the/DT background/NN ./.,,,240.08,240.2
sw08utt/sw_0856_2342.utt,2/sw2342,2342,78,%,B,33,2,"{C But } [ we, + {F um, } we, ] - /","But/CC we/PRP ,/, um/UH ,/, we/PRP ,/,",,,240.6,241.76
sw08utt/sw_0856_2342.utt,2/sw2342,2342,79,sd,B,33,3,"she has sort of friends and family in Saudi Arabia, who are some friends in Saudi Arabia.  /","she/PRP has/VBZ sort/RB of/RB friends/NNS and/CC family/NN in/IN Saudi/NNP Arabia/NNP ,/, who/WP are/VBP some/DT friends/NNS in/IN Saudi/NNP Arabia/NNP ./.",,,242.46,246.64000000000001
sw08utt/sw_0856_2342.utt,2/sw2342,2342,80,sd,B,33,4,"{C And, } {F um, } I have some friends in Israel.  /","And/CC ,/, um/UH ,/, I/PRP have/VBP some/DT friends/NNS in/IN Israel/NNP ./.",,,247.12,248.66
sw08utt/sw_0856_2342.utt,2/sw2342,2342,81,sd,B,33,5,"{C And }  [ we, +  we ] talk a bit about it,  /","And/CC we/PRP ,/, we/PRP talk/VBP a/DT bit/NN about/IN it/PRP ,/,",,,248.66,250.26
sw08utt/sw_0856_2342.utt,2/sw2342,2342,82,sd,B,33,6,{C but } we try and keep it out of the home life. /,but/CC we/PRP try/VBP and/CC keep/VB it/PRP out/IN of/IN the/DT home/NN life/NN ./.,,,250.26,252.44
sw08utt/sw_0856_2342.utt,2/sw2342,2342,83,qy,A,34,1,"Do you, {F uh, } - /","Do/VBP you/PRP ,/, uh/UH ,/,",,,252.7,253.46
sw08utt/sw_0856_2342.utt,2/sw2342,2342,84,qy,A,34,2,does she ever want to go back to Syria? /,does/VBZ she/PRP ever/RB want/VBP to/TO go/VB back/RB to/IN Syria/NNP ?/.,,,253.46,256.06
sw08utt/sw_0856_2342.utt,2/sw2342,2342,85,nn,B,35,1,"No,  /","No/UH ,/,",,,256.32,256.5
sw08utt/sw_0856_2342.utt,2/sw2342,2342,86,%,B,35,2,"[ she was, + she is ] {D actually, } {F um, } - /","she/PRP was/VBD ,/, she/PRP is/VBZ actually/UH ,/, um/UH ,/,",,,256.5,257.82
sw08utt/sw_0856_2342.utt,2/sw2342,2342,87,sv^e,B,35,3,"I think it's, {F um, } for her not really relevant, because she is second generation American, {D actually. } /","I/PRP think/VBP it/PRP 's/BES ,/, um/UH ,/, for/IN her/PRP$ not/RB really/RB relevant/JJ ,/, because/IN she/PRP is/VBZ second/JJ generation/NN American/JJ ,/, actually/UH ./.",,,258.54,264.34
sw08utt/sw_0856_2342.utt,2/sw2342,2342,88,bk,A,36,1,"{F Oh, } okay. /","Oh/UH ,/, okay/UH ./.",,,264.54,264.96000000000004
sw08utt/sw_0856_2342.utt,2/sw2342,2342,89,sd,B,37,1,"Her parents who were born here would like to go see it, though, I think.  /","Her/PRP$ parents/NNS who/WP were/VBD born/VBN here/RB would/MD like/VB to/TO go/VB see/VB it/PRP ,/, though/RB ,/, I/PRP think/VBP ./.",,,264.95,267.37
sw08utt/sw_0856_2342.utt,2/sw2342,2342,90,sd,B,37,2,"They would like to go to Syria,  /","They/PRP would/MD like/VB to/TO go/VB to/IN Syria/NNP ,/,",,,267.71,268.63
sw08utt/sw_0856_2342.utt,2/sw2342,2342,91,sd,B,37,3,{C but } they recognize that Syria's not the place that one wants to visit --,but/CC they/PRP recognize/VBP that/IN Syria/NNP 's/BES not/RB the/DT place/NN that/WDT one/CD wants/VBZ to/TO visit/VB --/:,,,268.63,271.19
sw08utt/sw_0856_2342.utt,2/sw2342,2342,92,nn,A,38,1,No. /,No/UH ./.,,,271.54,271.94
sw08utt/sw_0856_2342.utt,2/sw2342,2342,93,+,B,39,1,-- right about now. /,--/: right/RB about/RB now/RB ./.,,,271.91,273.16999999999996
sw08utt/sw_0856_2342.utt,2/sw2342,2342,94,nn^r,A,40,1,No <laughter>. /,No/UH ./.,,,273.8,273.92
sw08utt/sw_0856_2342.utt,2/sw2342,2342,95,sd,B,41,1,"{D You know, } something about the place makes it [ not, + not ] quite enjoyable. /","You/PRP know/VBP ,/, something/NN about/IN the/DT place/NN makes/VBZ it/PRP not/RB ,/, not/RB quite/RB enjoyable/JJ ./.",,,273.93,277.65
sw08utt/sw_0856_2342.utt,2/sw2342,2342,96,qy,A,42,1,Do you ever want to go over to Israel? /,Do/VBP you/PRP ever/RB want/VBP to/TO go/VB over/IN to/IN Israel/NNP ?/.,,,278.04,279.64
sw08utt/sw_0856_2342.utt,2/sw2342,2342,97,ny,B,43,1,"Yeah,  /","Yeah/UH ,/,",,,280.25,280.51
sw08utt/sw_0856_2342.utt,2/sw2342,2342,98,sd^e,B,43,2,"[ I, + I've ] actually been there. /","I/PRP ,/, I/PRP 've/VBP actually/RB been/VBN there/RB ./.",,,280.51,281.59000000000003
sw08utt/sw_0856_2342.utt,2/sw2342,2342,99,bk,A,44,1,"{F Oh, } okay. /","Oh/UH ,/, okay/UH ./.",,,281.68,282.06
sw08utt/sw_0856_2342.utt,2/sw2342,2342,100,sd,B,45,1,"I was there a couple of years ago, when it wasn't, {D you know, } sort of dangerous to be out there, I guess. /","I/PRP was/VBD there/EX a/DT couple/NN of/IN years/NNS ago/RB ,/, when/WRB it/PRP was/VBD n't/RB ,/, you/PRP know/VBP ,/, sort/RB of/RB dangerous/JJ to/TO be/VB out/IN there/RB ,/, I/PRP guess/VBP ./.",,,281.97,285.75
sw08utt/sw_0856_2342.utt,2/sw2342,2342,101,b,A,46,1,Yeah. /,Yeah/UH ./.,,,285.94,286.2
sw08utt/sw_0856_2342.utt,2/sw2342,2342,102,sd,B,47,1,"{C And, } [ I do, + I [ d-, + do ] ] like it {D actually. }  /","And/CC ,/, I/PRP do/VBP ,/, I/PRP d-/XX ,/, do/VBP like/VB it/PRP actually/UH ./.",,,286.65,288.96999999999997
sw08utt/sw_0856_2342.utt,2/sw2342,2342,103,sd,B,47,2,I would never live there.  /,I/PRP would/MD never/RB live/VB there/RB ./.,,,288.97,289.91
sw08utt/sw_0856_2342.utt,2/sw2342,2342,104,sv,B,47,3,"I think I'm too Americanized  and, {F um } <noise> sort of have [ too much, + {D you know, } too much ] invested in sort of, the easy life. /","I/PRP think/VBP I/PRP 'm/VBP too/RB Americanized/JJ and/CC ,/, um/UH sort/RB of/RB have/VBP too/RB much/JJ ,/, you/PRP know/VBP ,/, too/RB much/RB invested/VBN in/IN sort/RB of/RB ,/, the/DT easy/JJ life/NN ./.",,,289.91,297.71
sw08utt/sw_0856_2342.utt,2/sw2342,2342,105,b,A,48,1,Yeah. /,Yeah/UH ./.,,,298.46,298.76
sw08utt/sw_0856_2342.utt,2/sw2342,2342,106,sd@,B,49,1,{C But } I do like the food.,But/CC I/PRP do/VBP like/VB the/DT food/NN ./.,,,298.67,301.11
sw08utt/sw_0856_2342.utt,2/sw2342,2342,107,b,A,50,1,Yeah  /,Yeah/UH,,,301.77,301.99
sw08utt/sw_0856_2342.utt,2/sw2342.pos,2342,108,x,A,50,2,<laughter>.,./.,,,0.0,0.0
sw08utt/sw_0856_2342.utt,2/sw2342,2342,109,+@,B,51,1,"[ [ If that, + [ so, + ] if that, ] + if that ] amounts for anything. /","If/IN that/DT ,/, so/RB ,/, if/IN that/DT ,/, if/IN that/DT amounts/VBZ for/IN anything/NN ./.",,,302.37,305.01
sw08utt/sw_0856_2342.utt,2/sw2342,2342,110,b,A,52,1,"<Laughter> Okay,  /","Okay/UH ,/,",,,305.59,305.96999999999997
sw08utt/sw_0856_2342.utt,2/sw2342,2342,111,%,A,52,2,"{D well } who-, {D you know, } - /","well/UH who-/XX ,/, you/PRP know/VBP ,/,",,,306.25,306.99
sw08utt/sw_0856_2342.utt,2/sw2342,2342,112,qy,A,52,3,do you have a lot of Kosher foods there at your house? /,do/VBP you/PRP have/VB a/DT lot/NN of/IN Kosher/NNP foods/NNS there/RB at/IN your/PRP$ house/NN ?/.,,,306.99,310.01
sw08utt/sw_0856_2342.utt,2/sw2342,2342,113,b,B,53,1,"Yeah,  /","Yeah/UH ,/,",,,310.49,310.67
sw08utt/sw_0856_2342.utt,2/sw2342,2342,114,sd,B,53,2,"{D actually } my house is Kosher,  /","actually/UH my/PRP$ house/NN is/VBZ Kosher/NNP ,/,",,,310.67,311.73
sw08utt/sw_0856_2342.utt,2/sw2342,2342,115,sv,B,53,3,"{C but } it turns out that one of the strangest things [ about, + about ] Israel is that [ no-, + ] {F um, } most folks don't realize that for all the food people think of as sort of, {D you know, } Jewish food and so  forth.  /","but/CC it/PRP turns/VBZ out/RP that/IN one/CD of/IN the/DT strangest/JJS things/NNS about/IN ,/, about/IN Israel/NNP is/VBZ that/IN no-/XX ,/, um/UH ,/, most/RBS folks/NNS do/VBP n't/RB realize/VB that/IN for/IN all/PDT the/DT food/NN people/NNS think/VBP of/IN as/IN sort/RB of/RB ,/, you/PRP know/VBP ,/, Jewish/JJ food/NN and/CC so/RB forth/RB ./.",,,311.73,320.75
sw08utt/sw_0856_2342.utt,2/sw2342,2342,116,sv,B,53,4,"{F Um, } {C and, } {D you know, } {F um, } in general it really isn't the food that is eaten in Israel.  /","Um/UH ,/, and/CC ,/, you/PRP know/VBP ,/, um/UH ,/, in/IN general/JJ it/PRP really/RB is/VBZ n't/RB the/DT food/NN that/WDT is/VBZ eaten/VBN in/IN Israel/NNP ./.",,,320.75,325.94
sw08utt/sw_0856_2342.utt,2/sw2342,2342,117,sv,B,53,5,"{C So } you typically think of it, like bagels,  /","So/RB you/PRP typically/RB think/VBP of/IN it/PRP ,/, like/IN bagels/NNS ,/,",,,325.94,328.58
sw08utt/sw_0856_2342.utt,2/sw2342,2342,118,^g,B,53,6,"right,  {D you know, }  /","right/UH ,/, you/PRP know/VBP ,/,",,,328.58,328.94
sw08utt/sw_0856_2342.utt,2/sw2342,2342,119,sd,B,53,7,bagels and lox. /,bagels/NNS and/CC lox/NN ./.,,,328.94,329.94
sw08utt/sw_0856_2342.utt,2/sw2342,2342,120,ny,A,54,1,Yeah  /,Yeah/UH,,,330.03,330.15
sw08utt/sw_0856_2342.utt,2/sw2342.pos,2342,121,x,A,54,2,<noise>.,./.,,,0.0,0.0
sw08utt/sw_0856_2342.utt,2/sw2342,2342,122,sd,B,55,1,"Turns out, [ [ you don't, + you don't, ] + you don't ] really find bagels in Israel.  /","Turns/VBZ out/RP ,/, you/PRP do/VBP n't/RB ,/, you/PRP do/VBP n't/RB ,/, you/PRP do/VBP n't/RB really/RB find/VB bagels/NNS in/IN Israel/NNP ./.",,,330.06,333.08
sw08utt/sw_0856_2342.utt,2/sw2342,2342,123,sd,B,55,2,What you find is sort of Middle Eastern foods.  /,What/WP you/PRP find/VBP is/VBZ sort/RB of/RB Middle/NNP Eastern/NNP foods/NNS ./.,,,333.94,335.46000000000004
sw08utt/sw_0856_2342.utt,2/sw2342,2342,124,sd,B,55,3,"The same foods that you find in, {F um, } Syria and Egypt and everything else.   /","The/DT same/JJ foods/NNS that/WDT you/PRP find/VBP in/IN ,/, um/UH ,/, Syria/NNP and/CC Egypt/NNP and/CC everything/NN else/RB ./.",,,335.54,341.34000000000003
sw08utt/sw_0856_2342.utt,2/sw2342,2342,125,qy,B,55,4,((   ))  <<Middle Eastern Food>> Have you ever had those? /,MUMBLEx/XX Have/VBP you/PRP ever/RB had/VBD those/DT ?/.,,,341.34,344.32
sw08utt/sw_0856_2342.utt,2/sw2342,2342,126,nn,A,56,1,"No,  /","No/UH ,/,",,,344.41,344.75
sw08utt/sw_0856_2342.utt,2/sw2342,2342,127,sd^e,A,56,2,"Kish ki's, or knishes <<Jewish foods>>. /","Kish/NN ki/NN 's/POS ,/, or/CC knishes/NNS ./.",,,345.11,347.39
sw08utt/sw_0856_2342.utt,2/sw2342,2342,128,b^m,B,57,1,"{F Oh, } knishes,  /","Oh/UH ,/, knishes/NNS ,/,",,,347.34,347.82
sw08utt/sw_0856_2342.utt,2/sw2342,2342,129,nn,B,57,2,no  /,no/DT,,,347.82,347.98
sw08utt/sw_0856_2342.utt,2/sw2342,2342,130,sd,B,57,3,"[ you don't, + you don't ] see a lot of, - /","you/PRP do/VBP n't/RB ,/, you/PRP do/VBP n't/RB see/VB a/DT lot/NN of/IN ,/,",,,348.0,349.92
sw08utt/sw_0856_2342.utt,2/sw2342,2342,131,sd,B,57,4,that's basically Eastern European Jewish food. /,that/DT 's/BES basically/RB Eastern/JJ European/JJ Jewish/JJ food/NN ./.,,,350.14,352.71999999999997
sw08utt/sw_0856_2342.utt,2/sw2342,2342,132,b,A,58,1,Oh. /,Oh/UH ./.,,,353.09,353.36999999999995
sw08utt/sw_0856_2342.utt,2/sw2342,2342,133,sd,B,59,1,"[ It's, + it's ] very different.  /","It/PRP 's/BES ,/, it/PRP 's/BES very/RB different/JJ ./.",,,353.54,355.12
sw08utt/sw_0856_2342.utt,2/sw2342,2342,134,sd,B,59,2,I was {D actually } very amazed when I sort of figured out for myself.   That everything I grew up with really wasn't Israeli.  /,I/PRP was/VBD actually/UH very/RB amazed/JJ when/WRB I/PRP sort/RB of/RB figured/VBD out/RP for/IN myself/PRP ./. That/DT everything/NN I/PRP grew/VBD up/RP with/IN really/RB was/VBD n't/RB Israeli/JJ ./.,,,355.12,360.8
sw08utt/sw_0856_2342.utt,2/sw2342,2342,135,sd,B,59,3,"It was more Jewish, {D you know. } /","It/PRP was/VBD more/RBR Jewish/JJ ,/, you/PRP know/VBP ./.",,,360.8,362.22
sw08utt/sw_0856_2342.utt,2/sw2342,2342,136,ba,A,60,1,I got you. /,I/PRP got/VBD you/PRP ./.,,,362.51,363.07
sw08utt/sw_0856_2342.utt,2/sw2342,2342,137,ba,B,61,1,"[ [   It, + it, ] + it ] is very strange. /","It/PRP ,/, it/PRP ,/, it/PRP is/VBZ very/RB strange/JJ ./.",,,363.62,365.84
sw08utt/sw_0856_2342.utt,2/sw2342,2342,138,sd,A,62,1,"Still get your Passover Matzi and all that,  /","Still/RB get/VB your/PRP$ Passover/NNP Matzi/NNP and/CC all/DT that/DT ,/,",,,366.61,368.55
sw08utt/sw_0856_2342.utt,2/sw2342,2342,139,^g,A,62,2,right. /,right/UH ./.,,,368.55,368.87
sw08utt/sw_0856_2342.utt,2/sw2342,2342,140,na,B,63,1,"[ That, + that ] starts tomorrow night. /","That/DT ,/, that/DT starts/VBZ tomorrow/NN night/NN ./.",,,369.02,370.36
sw08utt/sw_0856_2342.utt,2/sw2342,2342,141,x,A,64,1,<Laughter>.,,,,0.0,0.0
sw08utt/sw_0856_2342.utt,2/sw2342,2342,142,sd,B,65,1,"That's what I'm making,  /","That/DT 's/BES what/WP I/PRP 'm/VBP making/VBG ,/,",,,370.4,371.59999999999997
sw08utt/sw_0856_2342.utt,2/sw2342,2342,143,sd,B,65,2,that's what I'm doing now.  /,that/DT 's/BES what/WP I/PRP 'm/VBP doing/VBG now/RB ./.,,,371.6,372.40000000000003
sw08utt/sw_0856_2342.utt,2/sw2342,2342,144,sd,B,65,3,I'm making dinner. /,I/PRP 'm/VBP making/VBG dinner/NN ./.,,,372.44,372.82
sw08utt/sw_0856_2342.utt,2/sw2342,2342,145,b,A,66,1,{F Oh } really.  /,Oh/UH really/UH ./.,,,372.9,373.2
sw08utt/sw_0856_2342.utt,2/sw2342,2342,146,sd,A,66,2,"[  I dated, + {F uh, } I ] [ dated + ] a nice Jewish girl for many years up in Chicago,  /","I/PRP dated/VBD ,/, uh/UH ,/, I/PRP dated/VBD a/DT nice/JJ Jewish/JJ girl/NN for/IN many/JJ years/NNS up/IN in/IN Chicago/NNP ,/,",,,373.54,377.48
sw08utt/sw_0856_2342.utt,2/sw2342,2342,147,sd,A,66,3,"{C and } I was the only Goyim [ at, + at ] all the Seder dinners and everything,  /","and/CC I/PRP was/VBD the/DT only/RB Goyim/NNP at/IN ,/, at/IN all/PDT the/DT Seder/NNP dinners/NNS and/CC everything/NN ,/,",,,377.62,382.48
sw08utt/sw_0856_2342.utt,2/sw2342,2342,148,sd,A,66,4,"{C and } I used to have to go with [ rolls of, not, + ] pocketful of change to buy all this bread the kids would see me <laughter>. /","and/CC I/PRP used/VBD to/TO have/VB to/TO go/VB with/IN rolls/NNS of/IN ,/, not/RB ,/, pocketful/NN of/IN change/NN to/TO buy/VB all/PDT this/DT bread/NN the/DT kids/NNS would/MD see/VB me/PRP ./.",,,382.48,388.48
sw08utt/sw_0856_2342.utt,2/sw2342,2342,149,^2,B,67,1,Bought up all the bread from <laughter>. /,Bought/VBD up/RP all/PDT the/DT bread/NN from/RB ./.,,,388.4,389.86
sw08utt/sw_0856_2342.utt,2/sw2342,2342,150,x,A,68,1,"((   ))  <<inserted by J J G, transcriber left a blank turn>>.",MUMBLEx/XX ./.,,,0.0,0.0
sw08utt/sw_0856_2342.utt,2/sw2342,2342,151,ba,B,69,1,That's good.  /,That/DT 's/BES good/JJ ./.,,,389.9,390.28000000000003
sw08utt/sw_0856_2342.utt,2/sw2342,2342,152,sv,B,69,2,"{D Well, } [ [ you've, + you've, ] + you've ] really got a handle on this stuff I've noticed. /","Well/UH ,/, you/PRP 've/VBP ,/, you/PRP 've/VBP ,/, you/PRP 've/VBP really/RB got/VBN a/DT handle/NN on/IN this/DT stuff/NN I/PRP 've/VBP noticed/VBN ./.",,,390.44,393.38
sw08utt/sw_0856_2342.utt,2/sw2342,2342,153,bd,A,70,1,"[ [ Not, + not, ] +","Not/RB ,/, not/RB ,/,",,,393.46,393.92
sw08utt/sw_0856_2342.utt,2/sw2342,2342,154,sv,B,71,1,Got the vocabulary down and everything. /,Got/VBD the/DT vocabulary/NN down/RP and/CC everything/NN ./.,,,394.04,396.5
sw08utt/sw_0856_2342.utt,2/sw2342,2342,155,+,A,72,1,"Not, ] {F uh, } - /","Not/RB ,/, uh/UH ,/,",,,396.66,397.44
sw08utt/sw_0856_2342.utt,2/sw2342,2342,156,bd,A,72,2,"just, just enough to get by <laughter>. /","just/RB ,/, just/RB enough/RB to/TO get/VB by/RB ./.",,,397.44,399.56
sw08utt/sw_0856_2342.utt,2/sw2342,2342,157,sv,B,73,1,"[ [ That, + that, ] + that ] makes you real good.  /","That/DT ,/, that/DT ,/, that/DT makes/VBZ you/PRP real/RB good/NN ./.",,,399.96,401.24
sw08utt/sw_0856_2342.utt,2/sw2342,2342,158,%,B,73,2,"Yeah,  /","Yeah/UH ,/,",,,401.24,401.54
sw08utt/sw_0856_2342.utt,2/sw2342,2342,159,sd,B,73,3,"[ [ we, + {F um, } we ] + {D actually, } we ] have the reverse situation.  /","we/PRP ,/, um/UH ,/, we/PRP actually/UH ,/, we/PRP have/VBP the/DT reverse/NN situation/NN ./.",,,401.54,404.21999999999997
sw08utt/sw_0856_2342.utt,2/sw2342,2342,160,sd,B,73,4,"Turned out that, {F um, } {F um, } most of my friends aren't Jewish,  /","Turned/VBD out/RP that/IN ,/, um/UH ,/, um/UH ,/, most/RBS of/IN my/PRP$ friends/NNS are/VBP n't/RB Jewish/JJ ,/,",,,404.22,407.63
sw08utt/sw_0856_2342.utt,2/sw2342,2342,161,sd,B,73,5,"[ {C and, } + {C and } ] my wife's not. /","and/CC ,/, and/CC my/PRP$ wife/NN 's/POS not/RB ./.",,,407.87,409.22999999999996
sw08utt/sw_0856_2342.utt,2/sw2342,2342,162,b,A,74,1,Okay. /,Okay/UH ./.,,,409.47,409.83000000000004
sw08utt/sw_0856_2342.utt,2/sw2342,2342,163,sd,B,75,1,"{C But } [ I, + {F um, } I ] sort of, {D you know, } do a lot of these things,  /","But/CC I/PRP ,/, um/UH ,/, I/PRP sort/RB of/RB ,/, you/PRP know/VBP ,/, do/VBP a/DT lot/NN of/IN these/DT things/NNS ,/,",,,410.27,413.07
sw08utt/sw_0856_2342.utt,2/sw2342,2342,164,%,B,75,2,"[ {C so, } + {C so } ] that, {F um, } - /","so/RB ,/, so/RB that/DT ,/, um/UH ,/,",,,413.07,414.57
sw08utt/sw_0856_2342.utt,2/sw2342,2342,165,sd,B,75,3,"[ Seder, + our first Seder ] is tomorrow  night.  /","Seder/NNP ,/, our/PRP$ first/JJ Seder/NNP is/VBZ tomorrow/NN night/NN ./.",,,415.21,417.45
sw08utt/sw_0856_2342.utt,2/sw2342,2342,166,sd,B,75,4,{C And } this is a rare exception.  /,And/CC this/DT is/VBZ a/DT rare/JJ exception/NN ./.,,,417.45,419.11
sw08utt/sw_0856_2342.utt,2/sw2342,2342,167,sd,B,75,5,"There are going to be sixteen people at my house tomorrow night,  which, - /","There/EX are/VBP going/VBG to/TO be/VB sixteen/CD people/NNS at/IN my/PRP$ house/NN tomorrow/NN night/NN ,/, which/WDT ,/,",,,419.11,421.45
sw08utt/sw_0856_2342.utt,2/sw2342,2342,168,sd,B,75,6,and  five of them will be Jewish. /,and/CC five/CD of/IN them/PRP will/MD be/VB Jewish/JJ ./.,,,422.01,423.53000000000003
sw08utt/sw_0856_2342.utt,2/sw2342,2342,169,b,A,76,1,Oh. /,Oh/UH ./.,,,424.17,424.43
sw08utt/sw_0856_2342.utt,2/sw2342,2342,170,sd,B,77,1,"[ Two, + two ] years ago we had a Seder,  /","Two/CD ,/, two/CD years/NNS ago/RB we/PRP had/VBD a/DT Seder/NNP ,/,",,,424.35,426.35
sw08utt/sw_0856_2342.utt,2/sw2342,2342,171,sd,B,77,2,we had sixteen people each night.  /,we/PRP had/VBD sixteen/CD people/NNS each/DT night/NN ./.,,,426.35,427.95
sw08utt/sw_0856_2342.utt,2/sw2342,2342,172,sd,B,77,3,Sixteen is the magic number for us. /,Sixteen/CD is/VBZ the/DT magic/NN number/NN for/IN us/PRP ./.,,,428.97,430.63
sw08utt/sw_0856_2342.utt,2/sw2342,2342,173,ba,A,78,1,Wow <laughter>. /,Wow/UH ./.,,,430.83,430.96999999999997
sw08utt/sw_0856_2342.utt,2/sw2342,2342,174,sd,B,79,1,{C And } I was the only Jew both nights. /,And/CC I/PRP was/VBD the/DT only/RB Jew/NNP both/DT nights/NNS ./.,,,430.89,432.45
sw08utt/sw_0856_2342.utt,2/sw2342,2342,175,b,A,80,1,{F Oh } really <laughter>. /,Oh/UH really/UH ./.,,,432.97,433.75
sw08utt/sw_0856_2342.utt,2/sw2342,2342,176,sv,B,81,1,"[ So, + ] which to me is wonderful, because it means that people who never would get to see this, {F um, } [ so + ] get to see it.  /","So/RB ,/, which/WDT to/IN me/PRP is/VBZ wonderful/JJ ,/, because/IN it/PRP means/VBZ that/IN people/NNS who/WP never/RB would/MD get/VB to/TO see/VB this/DT ,/, um/UH ,/, so/RB get/VB to/TO see/VB it/PRP ./.",,,433.79,440.39
sw08utt/sw_0856_2342.utt,2/sw2342,2342,177,sv,B,81,2,"{C And } my view is, Passover [ is, + ] should sort of be, - /","And/CC my/PRP$ view/NN is/VBZ ,/, Passover/NNP is/VBZ ,/, should/MD sort/RB of/RB be/VB ,/,",,,440.39,443.31
sw08utt/sw_0856_2342.utt,2/sw2342,2342,178,sv,B,81,3,"[ [ [ in, + in, ] + in, ] + in ] my mind Passover is sort of a generic holiday anyway, because [ it, + it ] sort of predates Christ. /","in/IN ,/, in/IN ,/, in/IN ,/, in/IN my/PRP$ mind/NN Passover/NNP is/VBZ sort/RB of/RB a/DT generic/JJ holiday/NN anyway/RB ,/, because/IN it/PRP ,/, it/PRP sort/RB of/RB predates/VBZ Christ/NNP ./.",,,443.31,449.15
sw08utt/sw_0856_2342.utt,2/sw2342,2342,179,b,A,82,1,Yeah. /,Yeah/UH ./.,,,449.39,449.66999999999996
sw08utt/sw_0856_2342.utt,2/sw2342,2342,180,%,B,83,1,{D So. } -/,So/RB ./.,,,449.77,449.89
sw08utt/sw_0856_2342.utt,2/sw2342,2342,181,%,A,84,1,"{D Well, } they had the, - /","Well/UH ,/, they/PRP had/VBD the/DT ,/,",,,449.97,451.05
sw08utt/sw_0856_2342.utt,2/sw2342,2342,182,sd,A,84,2,"matter of fact I just watched Charles Heston [ this, + {F uh, } this ] weekend in the TEN COMMANDMENTS. /","matter/NN of/IN fact/NN I/PRP just/RB watched/VBD Charles/NNP Heston/NNP this/DT ,/, uh/UH ,/, this/DT weekend/NN in/IN the/DT TEN/CD COMMANDMENTS/NNS ./.",,,451.05,455.85
sw08utt/sw_0856_2342.utt,2/sw2342,2342,183,b,B,85,1,"Yeah,  /","Yeah/UH ,/,",,,455.97,456.29
sw08utt/sw_0856_2342.utt,2/sw2342,2342,184,sd,B,85,2,I caught the end of that. /,I/PRP caught/VBD the/DT end/NN of/IN that/DT ./.,,,456.41,457.19
sw08utt/sw_0856_2342.utt,2/sw2342,2342,185,qy,A,86,1,Did you? /,Did/VBD you/PRP ?/.,,,457.35,457.71000000000004
sw08utt/sw_0856_2342.utt,2/sw2342,2342,186,ny,B,87,1,"Yeah,  /","Yeah/UH ,/,",,,457.97,458.33000000000004
sw08utt/sw_0856_2342.utt,2/sw2342,2342,187,sd^e,B,87,2,"every year, I try and catch that.  /","every/DT year/NN ,/, I/PRP try/VBP and/CC catch/VB that/DT ./.",,,458.33,460.59000000000003
sw08utt/sw_0856_2342.utt,2/sw2342,2342,188,%,B,87,3,{C But } yeah.  /,But/CC yeah/UH ./.,,,461.45,461.90999999999997
sw08utt/sw_0856_2342.utt,2/sw2342,2342,189,sd,B,87,4,"That's what always amazes me, {D actually, } [ is that, + {F um, } is that, ] {D you know, } - /","That/DT 's/BES what/WP always/RB amazes/VBZ me/PRP ,/, actually/UH ,/, is/VBZ that/IN ,/, um/UH ,/, is/VBZ that/IN ,/, you/PRP know/VBP ,/,",,,462.53,466.34999999999997
sw08utt/sw_0856_2342.utt,2/sw2342,2342,190,sd,B,87,5,"my wife and I always sort of bring this up about [ sh-, + ] her being Syrian, {D you know, } and my being Jewish, {D you know. }  /","my/PRP$ wife/NN and/CC I/PRP always/RB sort/RB of/RB bring/VB this/DT up/RP about/IN sh-/XX ,/, her/PRP$ being/NN Syrian/JJ ,/, you/PRP know/VBP ,/, and/CC my/PRP$ being/NN Jewish/JJ ,/, you/PRP know/VBP ./.",,,466.41,471.76
sw08utt/sw_0856_2342.utt,2/sw2342,2342,191,sd,B,87,6,"We look alike,  /","We/PRP look/VBP alike/RB ,/,",,,472.18,472.82
sw08utt/sw_0856_2342.utt,2/sw2342,2342,192,sd,B,87,7,"we act alike,  /","we/PRP act/VBP alike/RB ,/,",,,472.82,473.5
sw08utt/sw_0856_2342.utt,2/sw2342,2342,193,sd,B,87,8,"we sound alike,  /","we/PRP sound/VBP alike/RB ,/,",,,473.5,474.1
sw08utt/sw_0856_2342.utt,2/sw2342,2342,194,sd,B,87,9,"{D well, } not totally alike  /","well/UH ,/, not/RB totally/RB alike/JJ",,,474.1,475.02
sw08utt/sw_0856_2342.utt,2/sw2342,2342,195,sv,B,87,10,"{C but } {D you know. }  {F Um, } {F um, } it's amazing to think that people in the Middle East sort of all hate each other. /","but/CC you/PRP know/VBP ./. Um/UH ,/, um/UH ,/, it/PRP 's/BES amazing/JJ to/TO think/VB that/IN people/NNS in/IN the/DT Middle/NNP East/NNP sort/RB of/RB all/DT hate/VBP each/DT other/NN ./.",,,475.02,479.97999999999996
sw08utt/sw_0856_2342.utt,2/sw2342,2342,196,%,A,88,1,"{D Well, } that's, - /","Well/UH ,/, that/DT 's/BES ,/,",,,481.1,481.9
sw08utt/sw_0856_2342.utt,2/sw2342,2342,197,sv,A,88,2,"to me it's really, {F um, } - /","to/IN me/PRP it/PRP 's/BES really/RB ,/, um/UH ,/,",,,481.9,484.2
sw08utt/sw_0856_2342.utt,2/sw2342,2342,198,sv,A,88,3,"[ I guess, + I guess I can ] intellectually kind of come to grips with all of that.  /","I/PRP guess/VBP ,/, I/PRP guess/VBP I/PRP can/MD intellectually/RB kind/RB of/RB come/VB to/TO grips/NNS with/IN all/DT of/IN that/DT ./.",,,485.14,491.26000000000005
sw08utt/sw_0856_2342.utt,2/sw2342,2342,199,sv,A,88,4,"{C But, } {D you know, } emotionally I have a real difficult time believing [ [ that, + {F uh } that, ] + that ] people that believe in God and love, not war and to forgive can't get together. /","But/CC ,/, you/PRP know/VBP ,/, emotionally/RB I/PRP have/VBP a/DT real/JJ difficult/JJ time/NN believing/VBG that/IN ,/, uh/UH that/IN ,/, that/IN people/NNS that/WDT believe/VBP in/IN God/NNP and/CC love/NN ,/, not/RB war/NN and/CC to/TO forgive/VB ca/MD n't/RB get/VB together/RB ./.",,,491.26,504.06
sw08utt/sw_0856_2342.utt,2/sw2342,2342,200,b,B,89,1,Right. /,Right/UH ./.,,,504.52,504.78
sw08utt/sw_0856_2342.utt,2/sw2342,2342,201,%,A,90,1,"{D You know, } I mea-, - /","You/PRP know/VBP ,/, I/PRP mea/VBP ,/,",,,504.86,505.52
sw08utt/sw_0856_2342.utt,2/sw2342,2342,202,sd,A,90,2,I know that the problems are so deep.  /,I/PRP know/VBP that/IN the/DT problems/NNS are/VBP so/RB deep/JJ ./.,,,505.52,507.97999999999996
sw08utt/sw_0856_2342.utt,2/sw2342,2342,203,sd,A,90,3,"{C But } {E I mean, } even within the Muslim, {F uh, } religions, different sects, they can't get together. /","But/CC I/PRP mean/VBP ,/, even/RB within/IN the/DT Muslim/NNP ,/, uh/UH ,/, religions/NNS ,/, different/JJ sects/NNS ,/, they/PRP ca/MD n't/RB get/VB together/RB ./.",,,507.98,513.98
sw08utt/sw_0856_2342.utt,2/sw2342,2342,204,b,B,91,1,Right.  /,Right/UH ./.,,,514.38,514.62
sw08utt/sw_0856_2342.utt,2/sw2342,2342,205,sv,B,91,2,"[ That's, + that's ] {D actually } the part [ [ that, + that, ] + that ] I find really strange.  /","That/DT 's/BES ,/, that/DT 's/BES actually/RB the/DT part/NN that/WDT ,/, that/WDT ,/, that/WDT I/PRP find/VBP really/RB strange/JJ ./.",,,514.62,517.24
sw08utt/sw_0856_2342.utt,2/sw2342,2342,206,sd,B,91,3,"{E I mean, } [ [ I, + I, ] + I ] sort of understand somewhat.  /","I/PRP mean/VBP ,/, I/PRP ,/, I/PRP ,/, I/PRP sort/RB of/RB understand/VBP somewhat/RB ./.",,,517.24,520.0799999999999
sw08utt/sw_0856_2342.utt,2/sw2342,2342,207,%,B,91,4,"{E I mean, } [ I, + I, ] - /","I/PRP mean/VBP ,/, I/PRP ,/, I/PRP ,/,",,,520.18,520.84
sw08utt/sw_0856_2342.utt,2/sw2342,2342,208,sd,B,91,5,"knowing the history I understand that, the hatred of the Muslims for, {D you know, } the Israelis or whatever,  /","knowing/VBG the/DT history/NN I/PRP understand/VBP that/IN ,/, the/DT hatred/NN of/IN the/DT Muslims/NNPS for/IN ,/, you/PRP know/VBP ,/, the/DT Israelis/NNPS or/CC whatever/WDT ,/,",,,520.84,525.56
sw08utt/sw_0856_2342.utt,2/sw2342,2342,209,sd,B,91,6,{C and } I can sort of handle that  /,and/CC I/PRP can/MD sort/RB of/RB handle/VB that/DT,,,525.56,527.24
sw08utt/sw_0856_2342.utt,2/sw2342,2342,210,sv,B,91,7,"[ {C and } +  ((   )) , {C but } ] I sort of think about the Muslims sort of running around have jihad against themselves. /","and/CC MUMBLEx/XX ,/, but/CC I/PRP sort/RB of/RB think/VBP about/IN the/DT Muslims/NNPS sort/RB of/RB running/VBG around/RB have/VBP jihad/NN against/IN themselves/PRP ./.",,,527.42,532.62
sw08utt/sw_0856_2342.utt,2/sw2342,2342,211,b,A,92,1,Yeah. /,Yeah/UH ./.,,,533.02,533.24
sw08utt/sw_0856_2342.utt,2/sw2342,2342,212,sv,B,93,1,"{D You know, } {E I mean, } [ {C and, } + {C and } ] that seems really weird. /","You/PRP know/VBP ,/, I/PRP mean/VBP ,/, and/CC ,/, and/CC that/DT seems/VBZ really/RB weird/JJ ./.",,,533.76,536.47
sw08utt/sw_0856_2342.utt,2/sw2342,2342,213,bf,A,94,1,"{C Or, } [ the, + {F uh, } {D you know, }  the ] Catholics and the Protestants up in Ireland. /","Or/CC ,/, the/DT ,/, uh/UH ,/, you/PRP know/VBP ,/, the/DT Catholics/NNPS and/CC the/DT Protestants/NNPS up/IN in/IN Ireland/NNP ./.",,,536.81,541.35
sw08utt/sw_0856_2342.utt,2/sw2342,2342,214,aa,B,95,1,"Right,  /","Right/UH ,/,",,,541.63,541.89
sw08utt/sw_0856_2342.utt,2/sw2342,2342,215,aa,B,95,2,exactly. /,exactly/UH ./.,,,541.89,542.33
sw08utt/sw_0856_2342.utt,2/sw2342,2342,216,qy,A,96,1,"{D You know, } {E I mean, } -/","You/PRP know/VBP ,/, I/PRP mean/VBP ,/,",,,542.41,543.9100000000001
sw08utt/sw_0856_2342.utt,2/sw2342,2342,217,sv,B,97,1,"[ Same, + same ] thing. /","Same/JJ ,/, same/JJ thing/NN ./.",,,543.83,544.73
sw08utt/sw_0856_2342.utt,2/sw2342,2342,218,b,A,98,1,Yeah. /,Yeah/UH ./.,,,544.97,545.2900000000001
sw08utt/sw_0856_2342.utt,2/sw2342,2342,219,%,B,99,1,"I don't, - /","I/PRP do/VBP n't/RB ,/,",,,545.77,546.39
sw08utt/sw_0856_2342.utt,2/sw2342,2342,220,sd,B,99,2,"[ I'll, + I'll ] never understand it.  /","I/PRP 'll/MD ,/, I/PRP 'll/MD never/RB understand/VB it/PRP ./.",,,546.57,547.7900000000001
sw08utt/sw_0856_2342.utt,2/sw2342,2342,221,qh,B,99,3,"My view is look, what did you ever do to me. /","My/PRP$ view/NN is/VBZ look/VB ,/, what/WP did/VBD you/PRP ever/RB do/VBP to/IN me/PRP ./.",,,548.13,549.71
sw08utt/sw_0856_2342.utt,2/sw2342,2342,222,b,A,100,1,"Yeah,  /","Yeah/UH ,/,",,,550.43,550.7099999999999
sw08utt/sw_0856_2342.utt,2/sw2342,2342,223,b^r,A,100,2,yeah. /,yeah/UH ./.,,,551.37,551.59
sw08utt/sw_0856_2342.utt,2/sw2342,2342,224,sd,B,101,1,"Didn't hurt me, [ [ at, + at, ] +  at ] the moment.  /","Did/VBD n't/RB hurt/VBN me/PRP ,/, at/IN ,/, at/IN ,/, at/IN the/DT moment/NN ./.",,,551.97,553.87
sw08utt/sw_0856_2342.utt,2/sw2342,2342,225,h,B,101,2,"[ [ [ {C So, } + {F um, } {C and, } ] + {C and, } ] + {C and } ] [ I, + I ] don't know.  /","So/RB ,/, um/UH ,/, and/CC ,/, and/CC ,/, and/CC I/PRP ,/, I/PRP do/VBP n't/RB know/VB ./.",,,553.87,556.37
sw08utt/sw_0856_2342.utt,2/sw2342,2342,226,%,B,101,3,"[ There's a, + there's ] something about, - /","There/EX 's/BES a/DT ,/, there/EX 's/BES something/NN about/IN ,/,",,,556.51,558.31
sw08utt/sw_0856_2342.utt,2/sw2342,2342,227,sd,B,101,4,there's a poem somewhere.  /,there/EX 's/BES a/DT poem/NN somewhere/RB ./.,,,558.53,559.61
sw08utt/sw_0856_2342.utt,2/sw2342,2342,228,qy^d,B,101,5,"I don't know if you've ever seen it or not,  /","I/PRP do/VBP n't/RB know/VB if/IN you/PRP 've/VBP ever/RB seen/VBN it/PRP or/CC not/RB ,/,",,,559.61,561.09
sw08utt/sw_0856_2342.utt,2/sw2342,2342,229,sd,B,101,6,{C but } Everything I Ever Wanted to Know I Learned in Kindergarten. /,but/CC Everything/NNP I/NNP Ever/RB Wanted/NNP to/TO Know/NNP I/NNP Learned/NNP in/IN Kindergarten/NNP ./.,,,561.37,564.1899999999999
sw08utt/sw_0856_2342.utt,2/sw2342,2342,230,b,A,102,1,Yeah. /,Yeah/UH ./.,,,565.09,565.5300000000001
sw08utt/sw_0856_2342.utt,2/sw2342,2342,231,%,B,103,1,"In this, - /","In/IN this/DT ,/,",,,565.45,565.79
sw08utt/sw_0856_2342.utt,2/sw2342,2342,232,sd,B,103,2,"{C and } it talks about how, {D you know, } if we could just all get toge-, {D you know, } - /","and/CC it/PRP talks/VBZ about/IN how/WRB ,/, you/PRP know/VBP ,/, if/IN we/PRP could/MD just/RB all/DT get/VB toge-/RB ,/, you/PRP know/VBP ,/,",,,566.37,569.7099999999999
sw08utt/sw_0856_2342.utt,2/sw2342,2342,233,sd,B,103,3,"when we were young everything was great because we all went to class together,  /","when/WRB we/PRP were/VBD young/JJ everything/NN was/VBD great/JJ because/IN we/PRP all/DT went/VBD to/IN class/NN together/RB ,/,",,,569.71,573.27
sw08utt/sw_0856_2342.utt,2/sw2342,2342,234,%,B,103,4,"{C and } in the mi-, {D you know, } - /","and/CC in/IN the/DT mi-/XX ,/, you/PRP know/VBP ,/,",,,573.27,574.33
sw08utt/sw_0856_2342.utt,2/sw2342,2342,235,sd,B,103,5,"we all had snack time together,  /","we/PRP all/DT had/VBD snack/NN time/NN together/RB ,/,",,,574.33,575.67
sw08utt/sw_0856_2342.utt,2/sw2342,2342,236,sd,B,103,6,{C and then } we all took naps  /,and/CC then/RB we/PRP all/DT took/VBD naps/NNS,,,575.67,576.8499999999999
sw08utt/sw_0856_2342.utt,2/sw2342,2342,237,sd,B,103,7,"{C and } we all held hands and hugged, {D you know, }  /","and/CC we/PRP all/DT held/VBD hands/NNS and/CC hugged/VBD ,/, you/PRP know/VBP ,/,",,,576.85,578.95
sw08utt/sw_0856_2342.utt,2/sw2342,2342,238,sd,B,103,8,"[ [ {C and, } +  {C and, } ] + {C and } ] that's what kindergarten was like,  /","and/CC ,/, and/CC ,/, and/CC that/DT 's/BES what/WP kindergarten/NN was/VBD like/IN ,/,",,,578.95,581.03
sw08utt/sw_0856_2342.utt,2/sw2342,2342,239,sv,B,103,9,"{C and } wouldn't it be nice [ if, + if ] we could solve all our problems by just sort of getting together and everyone in the world sat down and took a nap together. /","and/CC would/MD n't/RB it/PRP be/VB nice/JJ if/IN ,/, if/IN we/PRP could/MD solve/VB all/DT our/PRP$ problems/NNS by/IN just/RB sort/RB of/RB getting/VBG together/RB and/CC everyone/NN in/IN the/DT world/NN sat/VBD down/RB and/CC took/VBD a/DT nap/NN together/RB ./.",,,581.03,588.67
sw08utt/sw_0856_2342.utt,2/sw2342,2342,240,x,A,104,1,<Laughter>.,,,,0.0,0.0
sw08utt/sw_0856_2342.utt,2/sw2342,2342,241,sd,B,105,1,"Woke up and had snack time, {D you know, }  and then hugged each other as we left. /","Woke/VBD up/RP and/CC had/VBD snack/NN time/NN ,/, you/PRP know/VBP ,/, and/CC then/RB hugged/VBD each/DT other/NN as/IN we/PRP left/VBD ./.",,,589.57,592.63
sw08utt/sw_0856_2342.utt,2/sw2342,2342,242,sv,A,106,1,"[ It sounds like a, + it sounds like a ] John Lennon, {F uh, } type. -/","It/PRP sounds/VBZ like/IN a/DT ,/, it/PRP sounds/VBZ like/IN a/DT John/NNP Lennon/NNP ,/, uh/UH ,/, type/NN ./.",,,593.0,595.9200000000001
sw08utt/sw_0856_2342.utt,2/sw2342,2342,243,b,B,107,1,Yeah  /,Yeah/UH,,,596.17,596.43
sw08utt/sw_0856_2342.utt,2/sw2342,2342,244,sd,B,107,2,<laughter>.  I wonder if he secretly did that ... /,./. I/PRP wonder/VBP if/IN he/PRP secretly/RB did/VBD that/DT .../:,,,597.79,599.33
