swda_filename,ptb_basename,conversation_no,transcript_index,act_tag,caller,utterance_index,subutterance_index,text,pos,trees,ptb_treenumbers,start_ts,end_ts
sw06utt/sw_0693_2300.utt,2/sw2300,2300,0,o,A,1,1,"Okay,  /","Okay/UH ,/,",,,0.54,0.8
sw06utt/sw_0693_2300.utt,2/sw2300,2300,1,qy,A,1,2,{D so } do you all keep a budget? /,so/UH do/VBP you/PRP all/DT keep/VB a/DT budget/NN ?/.,,,0.8,2.44
sw06utt/sw_0693_2300.utt,2/sw2300,2300,2,nn,B,2,1,"No,  /","No/UH ,/,",,,3.47,3.81
sw06utt/sw_0693_2300.utt,2/sw2300,2300,3,sd^e,B,2,2,we don't. /,we/PRP do/VBP n't/RB ./.,,,3.81,4.23
sw06utt/sw_0693_2300.utt,2/sw2300,2300,4,qy^d^m,A,3,1,You don't? /,You/PRP do/VBP n't/RB ?/.,,,4.34,5.0200000000000005
sw06utt/sw_0693_2300.utt,2/sw2300,2300,5,nn,B,4,1,"No,  /","No/UH ,/,",,,5.23,5.470000000000001
sw06utt/sw_0693_2300.utt,2/sw2300,2300,6,sd^e,B,4,2,"[ I, +  I ] make so much money  here at T I [ that, +  that ] we just spend it. /","I/PRP ,/, I/PRP make/VBP so/RB much/JJ money/NN here/RB at/IN T/NNP I/NNP that/IN ,/, that/IN we/PRP just/RB spend/VBP it/PRP ./.",,,5.69,9.950000000000001
sw06utt/sw_0693_2300.utt,2/sw2300,2300,7,x,A,5,1,<Laughter>.,,,,0.0,0.0
sw06utt/sw_0693_2300.utt,2/sw2300,2300,8,sd,B,6,1,{C And } we never have a problem meeting  it from paycheck to paycheck.  /,And/CC we/PRP never/RB have/VBP a/DT problem/NN meeting/VBG it/PRP from/IN paycheck/NN to/IN paycheck/NN ./.,,,10.15,12.81
sw06utt/sw_0693_2300.utt,2/sw2300,2300,9,sv,B,6,2,"It's pretty neat being that independently wealthy and  working for a major semi-conductor firm,  /","It/PRP 's/BES pretty/RB neat/JJ being/NN that/RB independently/RB wealthy/JJ and/CC working/VBG for/IN a/DT major/JJ semi-conductor/NN firm/NN ,/,",,,12.81,17.51
sw06utt/sw_0693_2300.utt,2/sw2300,2300,10,sd,B,6,3,you can just spend it well. /,you/PRP can/MD just/RB spend/VB it/PRP well/RB ./.,,,17.51,18.509999999999998
sw06utt/sw_0693_2300.utt,2/sw2300,2300,11,qy,A,7,1,"Are you being smart,  /","Are/VBP you/PRP being/VBG smart/JJ ,/,",,,19.46,20.400000000000002
sw06utt/sw_0693_2300.utt,2/sw2300,2300,12,qrr,A,7,2,{C or } are you serious? /,or/CC are/VBP you/PRP serious/JJ ?/.,,,20.4,21.240000000000002
sw06utt/sw_0693_2300.utt,2/sw2300,2300,13,sd,B,8,1,I'm being facetious.  /,I/PRP 'm/VBP being/VBG facetious/JJ ./.,,,22.35,23.29
sw06utt/sw_0693_2300.utt,2/sw2300,2300,14,sd,B,8,2,I'm being very comical.  /,I/PRP 'm/VBP being/VBG very/RB comical/JJ ./.,,,23.49,24.610000000000003
sw06utt/sw_0693_2300.utt,2/sw2300,2300,15,sd,B,8,3,"{F Uh, } we have a budget, {F um } --","Uh/UH ,/, we/PRP have/VBP a/DT budget/NN ,/, um/UH --/:",,,25.05,26.63
sw06utt/sw_0693_2300.utt,2/sw2300,2300,16,b,A,9,1,Uh-huh. /,Uh-huh/UH ./.,,,26.74,27.139999999999997
sw06utt/sw_0693_2300.utt,2/sw2300,2300,17,+,B,10,1,-- that works well.  /,--/: that/WDT works/VBZ well/RB ./.,,,27.45,28.13
sw06utt/sw_0693_2300.utt,2/sw2300,2300,18,sd,B,10,2,"I kind of  look at it for more of a, - /","I/PRP kind/RB of/RB look/NN at/IN it/PRP for/IN more/JJR of/IN a/DT ,/,",,,28.13,29.43
sw06utt/sw_0693_2300.utt,2/sw2300,2300,19,sd,B,10,3,"we have [ a financial, {F uh, } analyst, +   a finance administrator, ] I guess, [ that, +   that, ] {F uh, } - /","we/PRP have/VBP a/DT financial/JJ ,/, uh/UH ,/, analyst/NN ,/, a/DT finance/NN administrator/NN ,/, I/PRP guess/VBP ,/, that/IN ,/, that/IN ,/, uh/UH ,/,",,,29.43,33.93
sw06utt/sw_0693_2300.utt,2/sw2300,2300,20,sd,B,10,4,"I guess the financial planners, the training now.  /","I/PRP guess/VBP the/DT financial/JJ planners/NNS ,/, the/DT training/NN now/RB ./.",,,34.89,36.989999999999995
sw06utt/sw_0693_2300.utt,2/sw2300,2300,21,sd,B,10,5,We've had it for about four years here. /,We/PRP 've/VBP had/VBN it/PRP for/IN about/RB four/CD years/NNS here/RB ./.,,,36.99,38.269999999999996
sw06utt/sw_0693_2300.utt,2/sw2300,2300,22,b,A,11,1,Uh-huh. /,Uh-huh/UH ./.,,,38.38,38.620000000000005
sw06utt/sw_0693_2300.utt,2/sw2300,2300,23,sd,B,12,1,"Got our businesses [ [ and, +  and, ] +   and ] our life in line, how to manage credit cards, how to put away, say for, {D you know, }  money markets and this kind of thing. /","Got/VBD our/PRP$ businesses/NNS and/CC ,/, and/CC ,/, and/CC our/PRP$ life/NN in/IN line/NN ,/, how/WRB to/TO manage/VB credit/NN cards/NNS ,/, how/WRB to/TO put/VB away/RB ,/, say/VB for/IN ,/, you/PRP know/VBP ,/, money/NN markets/NNS and/CC this/DT kind/NN of/IN thing/NN ./.",,,38.87,47.190000000000005
sw06utt/sw_0693_2300.utt,2/sw2300,2300,24,b,A,13,1,Yeah. /,Yeah/UH ./.,,,47.3,47.459999999999994
sw06utt/sw_0693_2300.utt,2/sw2300,2300,25,sd,B,14,1,"{C And, } there's some freebies out  there [ are + ]  /","And/CC ,/, there/EX 's/BES some/DT freebies/NNS out/IN there/RB are/VBP",,,47.53,49.39
sw06utt/sw_0693_2300.utt,2/sw2300,2300,26,ad,B,14,2,you should put ten to fifteen percent of your monthly bring home --,you/PRP should/MD put/VB ten/CD to/IN fifteen/CD percent/NN of/IN your/PRP$ monthly/JJ bring/VB home/RB --/:,,,49.71,53.05
sw06utt/sw_0693_2300.utt,2/sw2300,2300,27,b,A,15,1,Uh-huh. /,Uh-huh/UH ./.,,,53.15,53.37
sw06utt/sw_0693_2300.utt,2/sw2300,2300,28,+,B,16,1,-- in some sort of savings account. /,--/: in/IN some/DT sort/NN of/IN savings/NNS account/NN ./.,,,53.93,55.79
sw06utt/sw_0693_2300.utt,2/sw2300,2300,29,b,A,17,1,Yeah. /,Yeah/UH ./.,,,55.89,56.09
sw06utt/sw_0693_2300.utt,2/sw2300,2300,30,sd,B,18,1,"That being money market, {F uh, }  bonds,  ((   )) ,  ((   ))  savings, {F uh, } or just a liquid account --","That/DT being/VBG money/NN market/NN ,/, uh/UH ,/, bonds/NNS ,/, MUMBLEx/XX ,/, MUMBLEx/XX savings/NNS ,/, uh/UH ,/, or/CC just/RB a/DT liquid/JJ account/NN --/:",,,55.99,61.57
sw06utt/sw_0693_2300.utt,2/sw2300,2300,31,b,A,19,1,Uh-huh. /,Uh-huh/UH ./.,,,62.37,62.65
sw06utt/sw_0693_2300.utt,2/sw2300,2300,32,+,B,20,1,"-- [ which, +  which ] we do. - /","--/: which/WDT ,/, which/WDT we/PRP do/VBP ./.",,,63.05,64.63000000000001
sw06utt/sw_0693_2300.utt,2/sw2300,2300,33,ad,B,20,2,"{F Um, } you should always have three months of your salary in a savings account in case  there's a major need for that. /","Um/UH ,/, you/PRP should/MD always/RB have/VB three/CD months/NNS of/IN your/PRP$ salary/NN in/IN a/DT savings/NNS account/NN in/IN case/NN there/EX 's/BES a/DT major/JJ need/NN for/IN that/DT ./.",,,65.11,72.63
sw06utt/sw_0693_2300.utt,2/sw2300,2300,34,b,A,21,1,Uh-huh. /,Uh-huh/UH ./.,,,72.89,73.11
sw06utt/sw_0693_2300.utt,2/sw2300,2300,35,b,B,22,1,Okay.  /,Okay/UH ./.,,,73.15,73.51
sw06utt/sw_0693_2300.utt,2/sw2300,2300,36,ad,B,22,2,"You should always have an  umbrella permit that bridges your life insurance and your medical and your, {F uh, }  {F uh, } car insurance in case you run into a lawyer and you break his arm.  /","You/PRP should/MD always/RB have/VB an/DT umbrella/NN permit/NN that/WDT bridges/VBZ your/PRP$ life/NN insurance/NN and/CC your/PRP$ medical/JJ and/CC your/PRP$ ,/, uh/UH ,/, uh/UH ,/, car/NN insurance/NN in/IN case/NN you/PRP run/VBP into/IN a/DT lawyer/NN and/CC you/PRP break/VBP his/PRP$ arm/NN ./.",,,73.93,85.01
sw06utt/sw_0693_2300.utt,2/sw2300,2300,37,sd,B,22,3,He's going to sue the pants off of you.  /,He/PRP 's/BES going/VBG to/TO sue/VB the/DT pants/NNS off/IN of/IN you/PRP ./.,,,85.01,86.31
sw06utt/sw_0693_2300.utt,2/sw2300,2300,38,sd,B,22,4,These kind of things are about a hundred dollars a year.  /,These/DT kind/NN of/IN things/NNS are/VBP about/RB a/DT hundred/CD dollars/NNS a/DT year/NN ./.,,,86.95,88.49
sw06utt/sw_0693_2300.utt,2/sw2300,2300,39,sv,B,22,5,{C So } --,So/RB --/:,,,88.67,89.07000000000001
sw06utt/sw_0693_2300.utt,2/sw2300,2300,40,b^r,A,23,1,Uh-huh. /,Uh-huh/UH ./.,,,89.73,89.91000000000001
sw06utt/sw_0693_2300.utt,2/sw2300,2300,41,+,B,24,1,"-- {D you know, } these are all  equivalent to the monthly budget things.  /","--/: you/PRP know/VBP ,/, these/DT are/VBP all/DT equivalent/JJ to/IN the/DT monthly/JJ budget/NN things/NNS ./.",,,89.81,92.72999999999999
sw06utt/sw_0693_2300.utt,2/sw2300,2300,42,sd,B,24,2,Some of them are there to pacify situations.  /,Some/DT of/IN them/PRP are/VBP there/RB to/TO pacify/VB situations/NNS ./.,,,92.73,94.57000000000001
sw06utt/sw_0693_2300.utt,2/sw2300,2300,43,sd,B,24,3,{C And } some of them are there to prevent things from happening. /,And/CC some/DT of/IN them/PRP are/VBP there/RB to/TO prevent/VB things/NNS from/IN happening/VBG ./.,,,94.57,96.97
sw06utt/sw_0693_2300.utt,2/sw2300,2300,44,b^r,A,25,1,Uh-huh. /,Uh-huh/UH ./.,,,97.51,97.73
sw06utt/sw_0693_2300.utt,2/sw2300,2300,45,sd,B,26,1,"{C But, } {F uh, } I guess we kind of  got away from about the last sixteen months as far as saying, two hundred dollars for food and  three hundred dollars for this and two hundred for that because we had a  child which is about a year old,  /","But/CC ,/, uh/UH ,/, I/PRP guess/VBP we/PRP kind/RB of/RB got/VBN away/RB from/IN about/RB the/DT last/JJ sixteen/CD months/NNS as/RB far/RB as/IN saying/VBG ,/, two/CD hundred/CD dollars/NNS for/IN food/NN and/CC three/CD hundred/CD dollars/NNS for/IN this/DT and/CC two/CD hundred/CD for/IN that/DT because/IN we/PRP had/VBD a/DT child/NN which/WDT is/VBZ about/RB a/DT year/NN old/JJ ,/,",,,97.81,109.77000000000001
sw06utt/sw_0693_2300.utt,2/sw2300,2300,46,sd,B,26,2,{C and  then } --,and/CC then/RB --/:,,,109.77,110.11
sw06utt/sw_0693_2300.utt,2/sw2300,2300,47,b^r,A,27,1,Uh-huh. /,Uh-huh/UH ./.,,,110.21,110.33
sw06utt/sw_0693_2300.utt,2/sw2300,2300,48,+,B,28,1,"-- {F uh, } we've just been kind of  working on,  /","--/: uh/UH ,/, we/PRP 've/VBP just/RB been/VBN kind/RB of/RB working/VBG on/IN ,/,",,,110.23,112.91
sw06utt/sw_0693_2300.utt,2/sw2300,2300,49,sd,B,28,2,"I've been developing it,  /","I/PRP 've/VBP been/VBN developing/VBG it/PRP ,/,",,,112.91,113.63000000000001
sw06utt/sw_0693_2300.utt,2/sw2300,2300,50,sv,B,28,3,{C but } it's kind of hard.  /,but/CC it/PRP 's/BES kind/RB of/RB hard/JJ ./.,,,113.63,114.43
sw06utt/sw_0693_2300.utt,2/sw2300,2300,51,sd,B,28,4,"Diaper prices are going  up, {D you know, } and formula and  stuff, {D you know. } /","Diaper/NN prices/NNS are/VBP going/VBG up/RP ,/, you/PRP know/VBP ,/, and/CC formula/NN and/CC stuff/NN ,/, you/PRP know/VBP ./.",,,114.43,117.51
sw06utt/sw_0693_2300.utt,2/sw2300,2300,52,b^r,A,29,1,Uh-huh. /,Uh-huh/UH ./.,,,117.81,117.99000000000001
sw06utt/sw_0693_2300.utt,2/sw2300,2300,53,x,B,30,1,<Laughter>.,,,,0.0,0.0
sw06utt/sw_0693_2300.utt,2/sw2300,2300,54,sv,A,31,1,That's funny.  /,That/DT 's/BES funny/JJ ./.,,,118.57,119.42999999999999
sw06utt/sw_0693_2300.utt,2/sw2300,2300,55,%,A,31,2,"Yeah,  /","Yeah/UH ,/,",,,119.87,119.97
sw06utt/sw_0693_2300.utt,2/sw2300,2300,56,sd,A,31,3,"we have a, - /","we/PRP have/VBP a/DT ,/,",,,119.97,121.03
sw06utt/sw_0693_2300.utt,2/sw2300,2300,57,sd,A,31,4,"we're twenty eight, and he's been working  at T I for five years,  /","we/PRP 're/VBP twenty/CD eight/CD ,/, and/CC he/PRP 's/HVS been/VBN working/VBG at/IN T/NNP I/NNP for/IN five/CD years/NNS ,/,",,,121.03,125.11
sw06utt/sw_0693_2300.utt,2/sw2300,2300,58,sd,A,31,5,"{C and } that was  pretty much his first [ real, +  really ] major job of any, {D you know, } professional,  because he had worked, {D you know, } part time during school and what not,  /","and/CC that/DT was/VBD pretty/RB much/JJ his/PRP$ first/JJ real/JJ ,/, really/RB major/JJ job/NN of/IN any/DT ,/, you/PRP know/VBP ,/, professional/JJ ,/, because/IN he/PRP had/VBD worked/VBN ,/, you/PRP know/VBP ,/, part/GW time/^RB during/IN school/NN and/CC what/WP not/RB ,/,",,,125.81,134.01
sw06utt/sw_0693_2300.utt,2/sw2300,2300,59,sd,A,31,6,"{C and, } {F uh, }  he was a little late graduating,  /","and/CC ,/, uh/UH ,/, he/PRP was/VBD a/DT little/RB late/RB graduating/VBG ,/,",,,134.53,136.63
sw06utt/sw_0693_2300.utt,2/sw2300,2300,60,%,A,31,7,"{C so } we're, {D you know, } {F uh, } - /","so/RB we/PRP 're/VBP ,/, you/PRP know/VBP ,/, uh/UH ,/,",,,136.63,138.99
sw06utt/sw_0693_2300.utt,2/sw2300,2300,61,sd,A,31,8,"{C and } we  have a nine and a half year old son,  /","and/CC we/PRP have/VBP a/DT nine/CD and/CC a/DT half/NN year/NN old/JJ son/NN ,/,",,,139.09,140.67
sw06utt/sw_0693_2300.utt,2/sw2300,2300,62,sd,A,31,9,"{C and } it's because, {D you know, } we were eighteen when  we had him,  /","and/CC it/PRP 's/BES because/IN ,/, you/PRP know/VBP ,/, we/PRP were/VBD eighteen/CD when/WRB we/PRP had/VBD him/PRP ,/,",,,140.67,143.47
sw06utt/sw_0693_2300.utt,2/sw2300,2300,63,sv,A,31,10,"{C so, } [ we're, +  we're ] kind of looking at this from the other aspect of,","so/RB ,/, we/PRP 're/VBP ,/, we/PRP 're/VBP kind/RB of/RB looking/VBG at/IN this/DT from/IN the/DT other/JJ aspect/NN of/IN ,/,",,,143.47,147.07
sw06utt/sw_0693_2300.utt,2/sw2300,2300,64,x,B,32,1,<Laughter>.,,,,0.0,0.0
sw06utt/sw_0693_2300.utt,2/sw2300,2300,65,+,A,33,1,"[ we, +  {D you know, } we ] have a lot  [ for, +  to ] be our age and, {D you know, } just everything, and having the responsibilities we've  had on us for, at such a young age.  /","we/PRP ,/, you/PRP know/VBP ,/, we/PRP have/VBP a/DT lot/NN for/IN ,/, to/TO be/VB our/PRP$ age/NN and/CC ,/, you/PRP know/VBP ,/, just/RB everything/NN ,/, and/CC having/VBG the/DT responsibilities/NNS we/PRP 've/VBP had/VBN on/IN us/PRP for/IN ,/, at/IN such/PDT a/DT young/JJ age/NN ./.",,,147.79,156.31
sw06utt/sw_0693_2300.utt,2/sw2300,2300,66,sv,A,33,2,"{D You know, } we have [ a, +   {D like } a ] nice house.  /","You/PRP know/VBP ,/, we/PRP have/VBP a/DT ,/, like/UH a/DT nice/JJ house/NN ./.",,,156.31,158.29000000000002
sw06utt/sw_0693_2300.utt,2/sw2300,2300,67,sv,A,33,3,"People, {D you know, } are really shocked at how nice everything  is in our house.  /","People/NNS ,/, you/PRP know/VBP ,/, are/VBP really/RB shocked/VBN at/IN how/WRB nice/JJ everything/NN is/VBZ in/IN our/PRP$ house/NN ./.",,,158.29,162.48999999999998
sw06utt/sw_0693_2300.utt,2/sw2300,2300,68,sd,A,33,4,"{C But, } we don't, {D you know, } live in a brand new house, either,  maybe a ninety, hundred thousand dollar house -- /","But/CC ,/, we/PRP do/VBP n't/RB ,/, you/PRP know/VBP ,/, live/VB in/IN a/DT brand/RB new/JJ house/NN ,/, either/RB ,/, maybe/RB a/DT ninety/CD ,/, hundred/CD thousand/CD dollar/NN house/NN --/:",,,162.49,168.59
sw06utt/sw_0693_2300.utt,2/sw2300,2300,69,b,B,34,1,Uh-huh. /,Uh-huh/UH ./.,,,168.73,168.82999999999998
sw06utt/sw_0693_2300.utt,2/sw2300,2300,70,sd,A,35,1,-- {C but } we're in a thirty year old  house that would probably sell for forty-five thousand. /,--/: but/CC we/PRP 're/VBP in/IN a/DT thirty/CD year/NN old/JJ house/NN that/WDT would/MD probably/RB sell/VB for/IN forty-five/CD thousand/CD ./.,,,168.93,172.01
sw06utt/sw_0693_2300.utt,2/sw2300,2300,71,b,B,36,1,Uh-huh. /,Uh-huh/UH ./.,,,172.19,172.37
sw06utt/sw_0693_2300.utt,2/sw2300,2300,72,sd,A,37,1,"{C So, } {D you know, } we have trade-offs.  /","So/RB ,/, you/PRP know/VBP ,/, we/PRP have/VBP trade-offs/NNS ./.",,,172.47,174.23000000000002
sw06utt/sw_0693_2300.utt,2/sw2300,2300,73,sd,A,37,2,"{C  So } [ we're more, + we have a ] monthly budget with this, this, this, this.  /","So/RB we/PRP 're/VBP more/JJR ,/, we/PRP have/VBP a/DT monthly/JJ budget/NN with/IN this/DT ,/, this/DT ,/, this/DT ,/, this/DT ./.",,,174.23,178.51000000000002
sw06utt/sw_0693_2300.utt,2/sw2300,2300,74,sd,A,37,3,"{C But, } we have  no savings, which isn't real wise,  /","But/CC ,/, we/PRP have/VBP no/DT savings/NNS ,/, which/WDT is/VBZ n't/RB real/RB wise/JJ ,/,",,,178.51,181.39
sw06utt/sw_0693_2300.utt,2/sw2300,2300,75,sd,A,37,4,"{C but } [ we just, +  we ] don't have the  income at this time really to have any, because we have three debts that we're trying to pay  off from both of our student loans.  /","but/CC we/PRP just/RB ,/, we/PRP do/VBP n't/RB have/VB the/DT income/NN at/IN this/DT time/NN really/RB to/TO have/VB any/DT ,/, because/IN we/PRP have/VBP three/CD debts/NNS that/WDT we/PRP 're/VBP trying/VBG to/TO pay/VB off/RP from/IN both/DT of/IN our/PRP$ student/NN loans/NNS ./.",,,181.51,189.97
sw06utt/sw_0693_2300.utt,2/sw2300,2300,76,sd,A,37,5,We're still [ paying -- +,We/PRP 're/VBP still/RB paying/VBG --/:,,,190.11,190.73000000000002
sw06utt/sw_0693_2300.utt,2/sw2300,2300,77,b,B,38,1,Uh-huh. /,Uh-huh/UH ./.,,,190.63,190.75
sw06utt/sw_0693_2300.utt,2/sw2300,2300,78,+,A,39,1,-- trying to pay ] those off.  /,--/: trying/VBG to/TO pay/VB those/DT off/RP ./.,,,190.89,191.69
sw06utt/sw_0693_2300.utt,2/sw2300,2300,79,sd,A,39,2,"{C And } we have one car payment that [ we don't, +  I think we have ] about thirteen months left on it. /","And/CC we/PRP have/VBP one/CD car/NN payment/NN that/WDT we/PRP do/VBP n't/RB ,/, I/PRP think/VBP we/PRP have/VBP about/RB thirteen/CD months/NNS left/VBN on/IN it/PRP ./.",,,192.01,197.23
sw06utt/sw_0693_2300.utt,2/sw2300,2300,80,b,B,40,1,Uh-huh. /,Uh-huh/UH ./.,,,197.13,197.32999999999998
sw06utt/sw_0693_2300.utt,2/sw2300,2300,81,sd,A,41,1,"{C And } after that, we either, - /","And/CC after/IN that/DT ,/, we/PRP either/CC ,/,",,,198.01,199.57
sw06utt/sw_0693_2300.utt,2/sw2300,2300,82,sd,A,41,2,"what we  want to do is begin doubling up our car payment,  {F um, }  /","what/WP we/PRP want/VBP to/TO do/VB is/VBZ begin/VB doubling/VBG up/RP our/PRP$ car/NN payment/NN ,/, um/UH ,/,",,,199.75,203.81
sw06utt/sw_0693_2300.utt,2/sw2300,2300,83,%,A,41,3,"they'll pay, - /","they/PRP 'll/MD pay/VB ,/,",,,204.49,204.99
sw06utt/sw_0693_2300.utt,2/sw2300,2300,84,sd,A,41,4,our car payment  is equivalent to both of our student loans.  /,our/PRP$ car/NN payment/NN is/VBZ equivalent/JJ to/IN both/DT of/IN our/PRP$ student/NN loans/NNS ./.,,,205.35,208.03
sw06utt/sw_0693_2300.utt,2/sw2300,2300,85,sd,A,41,5,"{C So } what we want to do is next year  keep driving the same cars and, {F um, } pay on the student loans, split that car  payment in half and pay, {D you know, } double up payments on both our loans.  /","So/RB what/WP we/PRP want/VBP to/TO do/VB is/VBZ next/JJ year/NN keep/VB driving/VBG the/DT same/JJ cars/NNS and/CC ,/, um/UH ,/, pay/VB on/IN the/DT student/NN loans/NNS ,/, split/VB that/DT car/NN payment/NN in/IN half/NN and/CC pay/VB ,/, you/PRP know/VBP ,/, double/JJ up/RP payments/NNS on/IN both/DT our/PRP$ loans/NNS ./.",,,208.45,220.75
sw06utt/sw_0693_2300.utt,2/sw2300,2300,86,sd,A,41,6,{C And } it'll work out perfect. /,And/CC it/PRP 'll/MD work/VB out/RP perfect/JJ ./.,,,221.17,222.45
sw06utt/sw_0693_2300.utt,2/sw2300,2300,87,qy,B,42,1,"Do you have your, {F uh, } loans  through the Texas Credit Union? /","Do/VBP you/PRP have/VBP your/PRP$ ,/, uh/UH ,/, loans/NNS through/IN the/DT Texas/NNP Credit/NNP Union/NNP ?/.",,,222.35,225.73
sw06utt/sw_0693_2300.utt,2/sw2300,2300,88,nn,A,43,1,"No,  /","No/UH ,/,",,,226.11,226.37
sw06utt/sw_0693_2300.utt,2/sw2300,2300,89,sd^e,A,43,2,we don't. /,we/PRP do/VBP n't/RB ./.,,,226.37,226.95000000000002
sw06utt/sw_0693_2300.utt,2/sw2300,2300,90,bk,B,44,1,Okay.   /,Okay/UH ./.,,,226.97,227.25
sw06utt/sw_0693_2300.utt,2/sw2300,2300,91,sd,B,44,2,"Thing about the credit union  [ [ is, +  it's, ] +  the way it's ] set up is if you have two thousand dollars left, let's say, [ on, +  on ] the loan. /","Thing/NNP about/IN the/DT credit/NN union/NN is/VBZ ,/, it/PRP 's/BES ,/, the/DT way/NN it/PRP 's/BES set/VBN up/RP is/VBZ if/IN you/PRP have/VBP two/CD thousand/CD dollars/NNS left/VBN ,/, let/VB 's/PRP say/VB ,/, on/IN ,/, on/IN the/DT loan/NN ./.",,,227.65,235.23
sw06utt/sw_0693_2300.utt,2/sw2300,2300,92,b,A,45,1,Uh-huh. /,Uh-huh/UH ./.,,,235.85,236.01
sw06utt/sw_0693_2300.utt,2/sw2300,2300,93,sd,B,46,1,If you go up there and write them a  two thousand dollar check it doesn't all go towards principal. /,If/IN you/PRP go/VBP up/IN there/RB and/CC write/VBP them/PRP a/DT two/CD thousand/CD dollar/NN check/NN it/PRP does/VBZ n't/RB all/DT go/VB towards/IN principal/NN ./.,,,235.91,239.79
sw06utt/sw_0693_2300.utt,2/sw2300,2300,94,b,A,47,1,Uh-huh. /,Uh-huh/UH ./.,,,239.99,240.19
sw06utt/sw_0693_2300.utt,2/sw2300,2300,95,sd,B,48,1,"They take out [ [ for the, +  for the  finances -- ] +","They/PRP take/VBP out/RP for/IN the/DT ,/, for/IN the/DT finances/NNS --/:",,,240.53,242.57
sw06utt/sw_0693_2300.utt,2/sw2300,2300,96,b@,A,49,1,{F Uh. },Uh/UH ./.,,,242.81,242.87
sw06utt/sw_0693_2300.utt,2/sw2300,2300,97,+,B,50,1,"-- the finance charge, ] which is kind of,  {D you know, } - /","--/: the/DT finance/NN charge/NN ,/, which/WDT is/VBZ kind/RB of/RB ,/, you/PRP know/VBP ,/,",,,242.77,244.91
sw06utt/sw_0693_2300.utt,2/sw2300,2300,98,sd,B,50,2,"it's {D like } one of these lose or swim type of credit,  /","it/PRP 's/BES like/IN one/CD of/IN these/DT lose/VB or/CC swim/VB type/NN of/IN credit/NN ,/,",,,244.91,247.29000000000002
sw06utt/sw_0693_2300.utt,2/sw2300,2300,99,sv,B,50,3,"one of those loans is.   Not really the best in the world,  /","one/CD of/IN those/DT loans/NNS is/VBZ ./. Not/RB really/RB the/DT best/JJS in/IN the/DT world/NN ,/,",,,247.29,250.01000000000002
sw06utt/sw_0693_2300.utt,2/sw2300,2300,100,%,B,50,4,[ {C but. } +,but/CC ./.,,,250.01,250.10999999999999
sw06utt/sw_0693_2300.utt,2/sw2300,2300,101,+@,A,51,1,Uh-huh. /,Uh-huh/UH ./.,,,250.21,250.37
sw06utt/sw_0693_2300.utt,2/sw2300,2300,102,+,B,52,1,"{C But, } ] {D you know, } they're,  {F uh, } - /","But/CC ,/, you/PRP know/VBP ,/, they/PRP 're/VBP ,/, uh/UH ,/,",,,250.65,251.69
sw06utt/sw_0693_2300.utt,2/sw2300,2300,103,sd,B,52,2,"since your husband [ [ is, +  is, ] +   is, ] {F um, } a T I -er  /","since/IN your/PRP$ husband/NN is/VBZ ,/, is/VBZ ,/, is/VBZ ,/, um/UH ,/, a/DT T/NNP I/NNP -er/NNP",,,252.25,255.88
sw06utt/sw_0693_2300.utt,2/sw2300,2300,104,sv,B,52,3,"{C but } doesn't have the loans with the credit  union, they're offering something that might be worth --","but/CC does/VBZ n't/RB have/VB the/DT loans/NNS with/IN the/DT credit/NN union/NN ,/, they/PRP 're/VBP offering/VBG something/NN that/WDT might/MD be/VB worth/JJ --/:",,,255.9,259.58
sw06utt/sw_0693_2300.utt,2/sw2300,2300,105,b,A,53,1,Really. /,Really/UH ./.,,,259.91,260.05
sw06utt/sw_0693_2300.utt,2/sw2300,2300,106,+,B,54,1,-- taking a gander at.  /,--/: taking/VBG a/DT gander/NN at/IN ./.,,,259.94,260.44
sw06utt/sw_0693_2300.utt,2/sw2300,2300,107,sd,B,54,2,"I don't know  what your percent is [ on your, +  on your ] car payments -- /","I/PRP do/VBP n't/RB know/VB what/WP your/PRP$ percent/NN is/VBZ on/IN your/PRP$ ,/, on/IN your/PRP$ car/NN payments/NNS --/:",,,260.44,263.44
sw06utt/sw_0693_2300.utt,2/sw2300,2300,108,b,A,55,1,Uh-huh. /,Uh-huh/UH ./.,,,263.55,263.73
sw06utt/sw_0693_2300.utt,2/sw2300,2300,109,sd,B,56,1,"-- {C but } [ they are, +  they'll ]  take any T I non-credit union loan --","--/: but/CC they/PRP are/VBP ,/, they/PRP 'll/MD take/VB any/DT T/NNP I/NNP non-credit/JJ union/NN loan/NN --/:",,,263.62,268.58
sw06utt/sw_0693_2300.utt,2/sw2300,2300,110,b,A,57,1,Uh-huh. /,Uh-huh/UH ./.,,,268.69,268.89
sw06utt/sw_0693_2300.utt,2/sw2300,2300,111,+,B,58,1,-- like if you have a fourteen percent loan for a new car. /,--/: like/UH if/IN you/PRP have/VBP a/DT fourteen/CD percent/NN loan/NN for/IN a/DT new/JJ car/NN ./.,,,268.78,270.88
sw06utt/sw_0693_2300.utt,2/sw2300,2300,112,b,A,59,1,Uh-huh. /,Uh-huh/UH ./.,,,271.35,271.51000000000005
sw06utt/sw_0693_2300.utt,2/sw2300,2300,113,sd@,B,60,1,They'll take it and refinance it and  put it with Texas Credit Union at I think it's a ten and a quarter percent.,They/PRP 'll/MD take/VB it/PRP and/CC refinance/VB it/PRP and/CC put/VB it/PRP with/IN Texas/NNP Credit/NNP Union/NNP at/IN I/PRP think/VBP it/PRP 's/BES a/DT ten/CD and/CC a/DT quarter/JJ percent/NN ./.,,,271.4,277.76
sw06utt/sw_0693_2300.utt,2/sw2300,2300,114,b,A,61,1,"{F Oh, } really. /","Oh/UH ,/, really/UH ./.",,,277.87,278.46999999999997
sw06utt/sw_0693_2300.utt,2/sw2300,2300,115,+@,B,62,1,Which is not a bad deal. /,Which/WDT is/VBZ not/RB a/DT bad/JJ deal/NN ./.,,,278.56,280.34000000000003
sw06utt/sw_0693_2300.utt,2/sw2300,2300,116,b,A,63,1,Uh-huh. /,Uh-huh/UH ./.,,,280.45,280.61
sw06utt/sw_0693_2300.utt,2/sw2300,2300,117,sd,B,64,1,One of the secretaries we have down  here is paying twelve percent through G M A C or something. /,One/CD of/IN the/DT secretaries/NNS we/PRP have/VBP down/IN here/RB is/VBZ paying/VBG twelve/CD percent/NN through/IN G/NNP M/NNP A/NNP C/NNP or/CC something/NN ./.,,,280.94,284.36
sw06utt/sw_0693_2300.utt,2/sw2300,2300,118,b,A,65,1,Uh-huh. /,Uh-huh/UH ./.,,,284.47,284.69000000000005
sw06utt/sw_0693_2300.utt,2/sw2300,2300,119,sd,B,66,1,{C And } she's doing it.  /,And/CC she/PRP 's/BES doing/VBG it/PRP ./.,,,284.58,285.5
sw06utt/sw_0693_2300.utt,2/sw2300,2300,120,%,B,66,2,"{E I mean, } [ it's not like, +  it's like. ] -/","I/PRP mean/VBP ,/, it/PRP 's/BES not/RB like/IN ,/, it/PRP 's/BES like/IN ./.",,,285.5,286.8
sw06utt/sw_0693_2300.utt,2/sw2300,2300,121,qy,A,67,1,Does she have to pay to have it refinanced? /,Does/VBZ she/PRP have/VBP to/TO pay/VB to/TO have/VB it/PRP refinanced/VBN ?/.,,,286.91,288.43
sw06utt/sw_0693_2300.utt,2/sw2300,2300,122,ng,B,68,1,I think they even cover that because [ they want you --,I/PRP think/VBP they/PRP even/RB cover/VBP that/DT because/IN they/PRP want/VBP you/PRP --/:,,,288.32,290.9
sw06utt/sw_0693_2300.utt,2/sw2300,2300,123,b,A,69,1,Uh-huh. /,Uh-huh/UH ./.,,,291.43,291.57
sw06utt/sw_0693_2300.utt,2/sw2300,2300,124,+,B,70,1,-- as a -- +,--/: as/IN a/DT --/:,,,291.46,292.28
sw06utt/sw_0693_2300.utt,2/sw2300,2300,125,^2,A,71,1,"T I -er to, -/","T/NNP I/NNP -er/NNP to/TO ,/,",,,292.53,293.01
sw06utt/sw_0693_2300.utt,2/sw2300,2300,126,+,B,72,1,-- they want the T I -er to ] be part of the credit union. /,--/: they/PRP want/VBP the/DT T/NNP I/NNP -er/NNP to/TO be/VB part/NN of/IN the/DT credit/NN union/NN ./.,,,293.18,295.58
sw06utt/sw_0693_2300.utt,2/sw2300,2300,127,ad,A,73,1,"See,  /","See/UH ,/,",,,295.75,295.93
sw06utt/sw_0693_2300.utt,2/sw2300,2300,128,sv,A,73,2,we got ripped off buying our new car.  /,we/PRP got/VBD ripped/VBN off/RP buying/VBG our/PRP$ new/JJ car/NN ./.,,,295.95,297.77
sw06utt/sw_0693_2300.utt,2/sw2300,2300,129,sd,A,73,3,"We both come out of, {F uh, } drugs and stuff,  /","We/PRP both/DT come/VBP out/RP of/IN ,/, uh/UH ,/, drugs/NNS and/CC stuff/NN ,/,",,,297.77,300.40999999999997
sw06utt/sw_0693_2300.utt,2/sw2300,2300,130,sd,A,73,4,{C and } we became Christians  about five years ago.  /,and/CC we/PRP became/VBD Christians/NNPS about/RB five/CD years/NNS ago/RB ./.,,,300.77,303.01
sw06utt/sw_0693_2300.utt,2/sw2300,2300,131,sd,A,73,5,"Right when he got home from Terrell.  Right before he got hired  for T I, he had gotten saved and  stuff,  /","Right/UH when/WRB he/PRP got/VBD home/RB from/IN Terrell/NNP ./. Right/UH before/IN he/PRP got/VBD hired/VBN for/IN T/NNP I/NNP ,/, he/PRP had/VBD gotten/VBN saved/VBN and/CC stuff/NN ,/,",,,303.37,309.19
sw06utt/sw_0693_2300.utt,2/sw2300,2300,132,sv,A,73,6,"{C and so, } {E I mean, } when you  get come out of drugs and stuff, you have nothing,  /","and/CC so/RB ,/, I/PRP mean/VBP ,/, when/WRB you/PRP get/VBP come/VBN out/RP of/IN drugs/NNS and/CC stuff/NN ,/, you/PRP have/VBP nothing/NN ,/,",,,309.69,312.71
sw06utt/sw_0693_2300.utt,2/sw2300,2300,133,sv,A,73,7,"{E I mean, } {D you know, } you don't  have anything.  /","I/PRP mean/VBP ,/, you/PRP know/VBP ,/, you/PRP do/VBP n't/RB have/VB anything/NN ./.",,,312.71,313.95
sw06utt/sw_0693_2300.utt,2/sw2300,2300,134,sv,A,73,8,"You have the clothes on your back,  /","You/PRP have/VBP the/DT clothes/NNS on/IN your/PRP$ back/NN ,/,",,,314.31,315.57
sw06utt/sw_0693_2300.utt,2/sw2300,2300,135,sv,A,73,9,"{C and } you might have a car, and  that kind of thing.  /","and/CC you/PRP might/MD have/VB a/DT car/NN ,/, and/CC that/DT kind/NN of/IN thing/NN ./.",,,315.57,317.77
sw06utt/sw_0693_2300.utt,2/sw2300,2300,136,sd,A,73,10,"{C And so, } [ when he, +  when he ] started working at T I, [ we, +   {F uh, } {D you know, } we ] really felt like God told us to buy a new car because he had an older  car that was going to need to be fixed and high gas.  /","And/CC so/RB ,/, when/WRB he/PRP ,/, when/WRB he/PRP started/VBD working/VBG at/IN T/NNP I/NNP ,/, we/PRP ,/, uh/UH ,/, you/PRP know/VBP ,/, we/PRP really/RB felt/VBD like/IN God/NNP told/VBD us/PRP to/TO buy/VB a/DT new/JJ car/NN because/IN he/PRP had/VBD an/DT older/JJR car/NN that/WDT was/VBD going/VBG to/TO need/VB to/TO be/VB fixed/VBN and/CC high/JJ gas/NN ./.",,,318.19,327.31
sw06utt/sw_0693_2300.utt,2/sw2300,2300,137,sv,A,73,11,"{C But } we got ripped  off on it because we wanted it financed at four years,  /","But/CC we/PRP got/VBD ripped/VBN off/RP on/IN it/PRP because/IN we/PRP wanted/VBD it/PRP financed/VBN at/IN four/CD years/NNS ,/,",,,327.89,331.81
sw06utt/sw_0693_2300.utt,2/sw2300,2300,138,sd,A,73,12,{C and } we were young  /,and/CC we/PRP were/VBD young/JJ,,,331.81,332.73
sw06utt/sw_0693_2300.utt,2/sw2300,2300,139,sv,A,73,13,{C and } we'd look about nineteen.  /,and/CC we/PRP 'd/MD look/VB about/RB nineteen/CD ./.,,,332.73,334.55
sw06utt/sw_0693_2300.utt,2/sw2300,2300,140,sv,A,73,14,"People still think we're about, - /","People/NNS still/RB think/VBP we/PRP 're/VBP about/RB ,/,",,,334.55,335.77000000000004
sw06utt/sw_0693_2300.utt,2/sw2300,2300,141,sd,A,73,15,"they ask us where we  go to high school when we get our hair cut and stuff, both of us. /","they/PRP ask/VBP us/PRP where/WRB we/PRP go/VBP to/IN high/JJ school/NN when/WRB we/PRP get/VBP our/PRP$ hair/NN cut/VBN and/CC stuff/NN ,/, both/DT of/IN us/PRP ./.",,,335.99,339.83
sw06utt/sw_0693_2300.utt,2/sw2300,2300,142,x,B,74,1,<Laughter>.,,,,0.0,0.0
sw06utt/sw_0693_2300.utt,2/sw2300,2300,143,sv,A,75,1,"{C And so, } it's just kind of strange,  {D you know, }  /","And/CC so/RB ,/, it/PRP 's/BES just/RB kind/RB of/RB strange/JJ ,/, you/PRP know/VBP ,/,",,,340.25,342.35
sw06utt/sw_0693_2300.utt,2/sw2300,2300,144,sv,A,75,2,"{C so } five years ago we probably looked like real ding dongs, {D you know. } /","so/RB five/CD years/NNS ago/RB we/PRP probably/RB looked/VBD like/IN real/JJ ding/NN dongs/NNS ,/, you/PRP know/VBP ./.",,,342.35,345.33
sw06utt/sw_0693_2300.utt,2/sw2300,2300,145,b,B,76,1,Yeah. /,Yeah/UH ./.,,,345.3,345.62
sw06utt/sw_0693_2300.utt,2/sw2300,2300,146,sd,A,77,1,"{C So } we went in, and the financed  the car for five,  /","So/RB we/PRP went/VBD in/IN ,/, and/CC the/DT financed/VBD the/DT car/NN for/IN five/CD ,/,",,,345.73,348.41
sw06utt/sw_0693_2300.utt,2/sw2300,2300,147,sd,A,77,2,{C and } we didn't know that.  /,and/CC we/PRP did/VBD n't/RB know/VB that/DT ./.,,,348.41,349.43
sw06utt/sw_0693_2300.utt,2/sw2300,2300,148,sv,A,77,3,"We got kind of taken, just a little bit.  /","We/PRP got/VBD kind/RB of/RB taken/VBN ,/, just/RB a/DT little/JJ bit/NN ./.",,,349.43,351.78999999999996
sw06utt/sw_0693_2300.utt,2/sw2300,2300,149,sd,A,77,4,"{C So } we're kind of upset that we're having to, {D you know, } pay this fifth  year on the car, because it was just not a wise thing.  /","So/RB we/PRP 're/VBP kind/RB of/RB upset/JJ that/IN we/PRP 're/VBP having/VBG to/TO ,/, you/PRP know/VBP ,/, pay/VB this/DT fifth/JJ year/NN on/IN the/DT car/NN ,/, because/IN it/PRP was/VBD just/RB not/RB a/DT wise/JJ thing/NN ./.",,,351.79,358.05
sw06utt/sw_0693_2300.utt,2/sw2300,2300,150,sd,A,77,5,{C But } we learned a good lesson.  /,But/CC we/PRP learned/VBD a/DT good/JJ lesson/NN ./.,,,358.05,359.33
sw06utt/sw_0693_2300.utt,2/sw2300,2300,151,%,A,77,6,"{C  So, } {D you know. } -/","So/RB ,/, you/PRP know/VBP ./.",,,359.33,359.63
sw06utt/sw_0693_2300.utt,2/sw2300,2300,152,sv,B,78,1,"{D Well, } [ five years is not that, +   {F uh, } five years is not that ] bad of a problem only because you're paying more interest,  /","Well/UH ,/, five/CD years/NNS is/VBZ not/RB that/RB ,/, uh/UH ,/, five/CD years/NNS is/VBZ not/RB that/RB bad/JJ of/IN a/DT problem/NN only/RB because/IN you/PRP 're/VBP paying/VBG more/JJR interest/NN ,/,",,,359.7,365.14
sw06utt/sw_0693_2300.utt,2/sw2300,2300,153,sd,B,78,2,{C but } your payments are lower. /,but/CC your/PRP$ payments/NNS are/VBP lower/JJR ./.,,,365.14,366.94
sw06utt/sw_0693_2300.utt,2/sw2300,2300,154,b,A,79,1,"Yeah,  /","Yeah/UH ,/,",,,367.73,368.03000000000003
sw06utt/sw_0693_2300.utt,2/sw2300,2300,155,sd,A,79,2,"{C but } [ they, +  ]  [ they + ] would have only been about twenty dollars a month higher,  /","but/CC they/PRP ,/, they/PRP would/MD have/VB only/RB been/VBN about/RB twenty/CD dollars/NNS a/DT month/NN higher/JJR ,/,",,,368.03,370.47
sw06utt/sw_0693_2300.utt,2/sw2300,2300,156,%,A,79,3,"{C and } he want-, -/","and/CC he/PRP want-/XX ,/,",,,370.47,371.31
sw06utt/sw_0693_2300.utt,2/sw2300,2300,157,bh,B,80,1,"{F Oh, } really. /","Oh/UH ,/, really/UH ./.",,,371.22,371.6
sw06utt/sw_0693_2300.utt,2/sw2300,2300,158,ny,A,81,1,"Yeah,  /","Yeah/UH ,/,",,,371.71,371.87
sw06utt/sw_0693_2300.utt,2/sw2300,2300,159,sd(^q),A,81,2,"he just told me this last week  that [ he, +  he ] said, don't you remember I asked them to finance it at four years  /","he/PRP just/RB told/VBD me/PRP this/DT last/JJ week/NN that/IN he/PRP ,/, he/PRP said/VBD ,/, do/VBP n't/RB you/PRP remember/VB I/PRP asked/VBD them/PRP to/TO finance/VB it/PRP at/IN four/CD years/NNS",,,371.87,377.05
sw06utt/sw_0693_2300.utt,2/sw2300,2300,160,^q,A,81,3,{C and } they came back  /,and/CC they/PRP came/VBD back/RB,,,377.05,378.13
sw06utt/sw_0693_2300.utt,2/sw2300,2300,161,^q,A,81,4,{C and } they said that they had it figured for five  /,and/CC they/PRP said/VBD that/IN they/PRP had/VBD it/PRP figured/VBN for/IN five/CD,,,378.13,380.01
sw06utt/sw_0693_2300.utt,2/sw2300,2300,162,^q,A,81,5,{C and } we'd already signed the papers.  /,and/CC we/PRP 'd/MD already/RB signed/VBD the/DT papers/NNS ./.,,,380.01,381.27
sw06utt/sw_0693_2300.utt,2/sw2300,2300,163,sd,A,81,6,"{C And } [ I maybe, +  I might ] have been there.  /","And/CC I/PRP maybe/RB ,/, I/PRP might/MD have/VB been/VBN there/RB ./.",,,381.69,383.13
sw06utt/sw_0693_2300.utt,2/sw2300,2300,164,sd,A,81,7,I don't remember hearing that.  /,I/PRP do/VBP n't/RB remember/VB hearing/VBG that/DT ./.,,,383.13,384.51
sw06utt/sw_0693_2300.utt,2/sw2300,2300,165,sd,A,81,8,"{C But, } I also wasn't the one in charge of it,  /","But/CC ,/, I/PRP also/RB was/VBD n't/RB the/DT one/PRP in/IN charge/NN of/IN it/PRP ,/,",,,384.51,386.77000000000004
sw06utt/sw_0693_2300.utt,2/sw2300,2300,166,sd,A,81,9,{C so } I wasn't  paying as close of attention. /,so/RB I/PRP was/VBD n't/RB paying/VBG as/IN close/JJ of/IN attention/NN ./.,,,386.77,388.51000000000005
sw06utt/sw_0693_2300.utt,2/sw2300,2300,167,b,B,82,1,Sure. /,Sure/UH ./.,,,388.4,388.82
sw06utt/sw_0693_2300.utt,2/sw2300,2300,168,sd,A,83,1,"{C But, } anyway, instead of putting  our foot down about it, we just went, okay, whatever, {D you know. }  /","But/CC ,/, anyway/UH ,/, instead/IN of/IN putting/VBG our/PRP$ foot/NN down/RB about/IN it/PRP ,/, we/PRP just/RB went/VBD ,/, okay/UH ,/, whatever/WP ,/, you/PRP know/VBP ./.",,,389.13,393.53
sw06utt/sw_0693_2300.utt,2/sw2300,2300,169,%,A,83,2,"{C So } anyway,  /","So/RB anyway/UH ,/,",,,393.89,394.66999999999996
sw06utt/sw_0693_2300.utt,2/sw2300,2300,170,sd,A,83,3,{C so } next time we'll do that different.  /,so/RB next/JJ time/NN we/PRP 'll/MD do/VB that/DT different/JJ ./.,,,394.67,396.39000000000004
sw06utt/sw_0693_2300.utt,2/sw2300,2300,171,sd,A,83,4,"We want to next time pay cash for our car, too.  /","We/PRP want/VBP to/TO next/JJ time/NN pay/VB cash/NN for/IN our/PRP$ car/NN ,/, too/RB ./.",,,396.67,398.95
sw06utt/sw_0693_2300.utt,2/sw2300,2300,172,sd,A,83,5,We want to pay cash for everything we can possibly do.  /,We/PRP want/VBP to/TO pay/VB cash/NN for/IN everything/NN we/PRP can/MD possibly/RB do/VB ./.,,,398.95,402.37
sw06utt/sw_0693_2300.utt,2/sw2300,2300,173,sd,A,83,6,"When we buy a house,  we attended a Bill  ((   ))  financial seminar,  /","When/WRB we/PRP buy/VBP a/DT house/NN ,/, we/PRP attended/VBD a/DT Bill/NNP MUMBLEx/XX financial/JJ seminar/NN ,/,",,,402.41,406.11
sw06utt/sw_0693_2300.utt,2/sw2300,2300,174,sv,A,83,7,"{C and } he has a lot of wisdom on  that, just on Biblical, {D you know, } principles to --","and/CC he/PRP has/VBZ a/DT lot/NN of/IN wisdom/NN on/IN that/DT ,/, just/RB on/IN Biblical/JJ ,/, you/PRP know/VBP ,/, principles/NNS to/TO --/:",,,406.11,410.79
sw06utt/sw_0693_2300.utt,2/sw2300,2300,175,b,B,84,1,Uh-huh. /,Uh-huh/UH ./.,,,410.68,410.8
sw06utt/sw_0693_2300.utt,2/sw2300,2300,176,+,A,85,1,-- finance.  /,--/: finance/VB ./.,,,410.91,411.49
sw06utt/sw_0693_2300.utt,2/sw2300,2300,177,sd,A,85,2,"He runs [ a big, +  the largest ]  real estate company in Fort Worth debt free.  /","He/PRP runs/VBZ a/DT big/JJ ,/, the/DT largest/JJS real/JJ estate/NN company/NN in/IN Fort/NNP Worth/NNP debt/NN free/JJ ./.",,,411.85,415.81
sw06utt/sw_0693_2300.utt,2/sw2300,2300,178,sd,A,85,3,{C And } we really believe in  debt free living and debt free car buying and debt free house buying.  /,And/CC we/PRP really/RB believe/VBP in/IN debt/NN free/JJ living/NN and/CC debt/NN free/JJ car/NN buying/NN and/CC debt/NN free/JJ house/NN buying/NN ./.,,,416.33,421.01
sw06utt/sw_0693_2300.utt,2/sw2300,2300,179,sd,A,85,4,"{C And }  if we do take out a loan on a house in the future, what we'll do is pay [ twice a, +   twice a ] month on it, [ and, + ] because you save a lot in interest, just doing that. /","And/CC if/IN we/PRP do/VBP take/VB out/RP a/DT loan/NN on/IN a/DT house/NN in/IN the/DT future/NN ,/, what/WP we/PRP 'll/MD do/VB is/VBZ pay/VB twice/RB a/DT ,/, twice/RB a/DT month/NN on/IN it/PRP ,/, and/CC ,/, because/IN you/PRP save/VBP a/DT lot/NN in/IN interest/NN ,/, just/RB doing/VBG that/DT ./.",,,421.49,430.75
sw06utt/sw_0693_2300.utt,2/sw2300,2300,180,aa,B,86,1,Yes. /,Yes/UH ./.,,,430.86,431.24
sw06utt/sw_0693_2300.utt,2/sw2300,2300,181,%,A,87,1,"{C And then, } -/","And/CC then/RB ,/,",,,431.35,431.95
sw06utt/sw_0693_2300.utt,2/sw2300,2300,182,sv,B,88,1,You save a lot. /,You/PRP save/VBP a/DT lot/NN ./.,,,431.84,432.88
sw06utt/sw_0693_2300.utt,2/sw2300,2300,183,b,A,89,1,Right. /,Right/UH ./.,,,433.21,433.78999999999996
sw06utt/sw_0693_2300.utt,2/sw2300,2300,184,%,B,90,1,"[ [ [ If, +  if, ] +  if, ] +  if, ] - /","If/IN ,/, if/IN ,/, if/IN ,/, if/IN ,/,",,,433.68,435.82
sw06utt/sw_0693_2300.utt,2/sw2300,2300,185,sv,B,90,2,"{C and } you need to be very careful,  /","and/CC you/PRP need/VBP to/TO be/VB very/RB careful/JJ ,/,",,,436.4,438.1
sw06utt/sw_0693_2300.utt,2/sw2300,2300,186,sd,B,90,3,"[ if the loan is set up to have bi, +  they call it a yuppie loan, if it's set up for bimonthly ] --","if/IN the/DT loan/NN is/VBZ set/VBN up/RP to/TO have/VB bi/JJ ,/, they/PRP call/VBP it/PRP a/DT yuppie/NN loan/NN ,/, if/IN it/PRP 's/BES set/VBN up/RP for/IN bimonthly/JJ --/:",,,439.32,445.32
sw06utt/sw_0693_2300.utt,2/sw2300,2300,187,b,A,91,1,Right. /,Right/UH ./.,,,445.65,445.96999999999997
sw06utt/sw_0693_2300.utt,2/sw2300,2300,188,+,B,92,1,-- payments.  /,--/: payments/NNS ./.,,,445.86,446.34000000000003
sw06utt/sw_0693_2300.utt,2/sw2300,2300,189,%,B,92,2,"If you, - /","If/IN you/PRP ,/,",,,446.62,447.23999999999995
sw06utt/sw_0693_2300.utt,2/sw2300,2300,190,sd,B,92,3,because you'll save fifteen to seventeen years off the end of the loan. /,because/IN you/PRP 'll/MD save/VB fifteen/CD to/IN seventeen/CD years/NNS off/IN the/DT end/NN of/IN the/DT loan/NN ./.,,,447.4,450.7
sw06utt/sw_0693_2300.utt,2/sw2300,2300,191,b,A,93,1,Right. /,Right/UH ./.,,,450.89,451.55
sw06utt/sw_0693_2300.utt,2/sw2300,2300,192,sd,B,94,1,"[ Sev-, +  {E I'm sorry, } seven ]  to nine years off the end of the loan. /","Sev-/CD ,/, I/PRP 'm/VBP sorry/JJ ,/, seven/CD to/IN nine/CD years/NNS off/IN the/DT end/NN of/IN the/DT loan/NN ./.",,,451.44,453.15999999999997
sw06utt/sw_0693_2300.utt,2/sw2300,2300,193,b^r,A,95,1,Right. /,Right/UH ./.,,,453.27,453.75
sw06utt/sw_0693_2300.utt,2/sw2300,2300,194,sd,B,96,1,"{C And } [ there are, +  there is ]  a local firm that'll actually, - /","And/CC there/EX are/VBP ,/, there/EX is/VBZ a/DT local/JJ firm/NN that/WDT 'll/MD actually/RB ,/,",,,453.66,456.14
sw06utt/sw_0693_2300.utt,2/sw2300,2300,195,%,B,96,2,"[ if, +  if, ] - /","if/IN ,/, if/IN ,/,",,,456.14,456.7
sw06utt/sw_0693_2300.utt,2/sw2300,2300,196,sd,B,96,3,"{D like } in my situation, I don't have that, because the  loan was not available.  /","like/IN in/IN my/PRP$ situation/NN ,/, I/PRP do/VBP n't/RB have/VB that/DT ,/, because/IN the/DT loan/NN was/VBD not/RB available/JJ ./.",,,457.12,460.32
sw06utt/sw_0693_2300.utt,2/sw2300,2300,197,sd,B,96,4,"I can have, - /","I/PRP can/MD have/VB ,/,",,,460.82,461.36
sw06utt/sw_0693_2300.utt,2/sw2300,2300,198,sd,B,96,5,this firm will pick up my loan for a six  hundred fifty dollar fee.  /,this/DT firm/NN will/MD pick/VB up/RP my/PRP$ loan/NN for/IN a/DT six/CD hundred/CD fifty/CD dollar/NN fee/NN ./.,,,461.52,466.24
sw06utt/sw_0693_2300.utt,2/sw2300,2300,199,sd,B,96,6,"{C So } I can cut that much off the end of,  /","So/RB I/PRP can/MD cut/VB that/RB much/JJ off/IN the/DT end/NN of/RP ,/,",,,466.54,468.16
sw06utt/sw_0693_2300.utt,2/sw2300,2300,200,sd,B,96,7,{C but } I'm not interested because we're moving out of the house next year. /,but/CC I/PRP 'm/VBP not/RB interested/JJ because/IN we/PRP 're/VBP moving/VBG out/IN of/IN the/DT house/NN next/JJ year/NN ./.,,,468.16,470.32000000000005
sw06utt/sw_0693_2300.utt,2/sw2300,2300,201,bh,A,97,1,{F Oh } really. /,Oh/UH really/UH ./.,,,470.6,471.06
sw06utt/sw_0693_2300.utt,2/sw2300,2300,202,ny,B,98,1,Yeah.  /,Yeah/UH ./.,,,471.16,471.44
sw06utt/sw_0693_2300.utt,2/sw2300,2300,203,sv,B,98,2,"{C But, } {F uh, } those are all great. /","But/CC ,/, uh/UH ,/, those/DT are/VBP all/RB great/JJ ./.",,,471.62,473.11999999999995
sw06utt/sw_0693_2300.utt,2/sw2300,2300,204,b,A,99,1,Uh-huh. /,Uh-huh/UH ./.,,,473.22,473.38000000000005
sw06utt/sw_0693_2300.utt,2/sw2300,2300,205,sv,B,100,1,"[ The, +  the ] interesting thing,  we're getting ready to have a house built -- /","The/DT ,/, the/DT interesting/JJ thing/NN ,/, we/PRP 're/VBP getting/VBG ready/JJ to/TO have/VB a/DT house/NN built/VBN --/:",,,473.28,475.71999999999997
sw06utt/sw_0693_2300.utt,2/sw2300,2300,206,b,A,101,1,Uh-huh. /,Uh-huh/UH ./.,,,476.04,476.26000000000005
sw06utt/sw_0693_2300.utt,2/sw2300,2300,207,sd,B,102,1,"-- it's not, a lot of the firms  that offer, - /","--/: it/PRP 's/BES not/RB ,/, a/DT lot/NN of/IN the/DT firms/NNS that/WDT offer/VBP ,/,",,,476.2,478.96
sw06utt/sw_0693_2300.utt,2/sw2300,2300,208,sd,B,102,2,"mortgage loan firms, aren't offering, {F um, } that loan. /","mortgage/NN loan/NN firms/NNS ,/, are/VBP n't/RB offering/VBG ,/, um/UH ,/, that/DT loan/NN ./.",,,478.96,483.84
sw06utt/sw_0693_2300.utt,2/sw2300,2300,209,b,A,103,1,Uh-huh. /,Uh-huh/UH ./.,,,484.14,484.36
sw06utt/sw_0693_2300.utt,2/sw2300,2300,210,sd,B,104,1,"You can ask and you can wheel and deal,  /","You/PRP can/MD ask/VB and/CC you/PRP can/MD wheel/VB and/CC deal/VB ,/,",,,484.62,486.9
sw06utt/sw_0693_2300.utt,2/sw2300,2300,211,sv,B,104,2,{C but } it's not as --,but/CC it/PRP 's/BES not/RB as/RB --/:,,,486.9,487.7
sw06utt/sw_0693_2300.utt,2/sw2300,2300,212,b,A,105,1,Yeah. /,Yeah/UH ./.,,,487.8,488.04
sw06utt/sw_0693_2300.utt,2/sw2300,2300,213,+,B,106,1,-- open as it should be.  /,--/: open/JJ as/IN it/PRP should/MD be/VB ./.,,,487.94,490.06
sw06utt/sw_0693_2300.utt,2/sw2300,2300,214,sv,B,106,2,It's a great idea.  /,It/PRP 's/BES a/DT great/JJ idea/NN ./.,,,490.06,490.86
sw06utt/sw_0693_2300.utt,2/sw2300,2300,215,sd,B,106,3,"Hell, I'd love to cut ours in half,  /","Hell/UH ,/, I/PRP 'd/MD love/VB to/TO cut/VB ours/PRP in/IN half/NN ,/,",,,490.86,492.08
sw06utt/sw_0693_2300.utt,2/sw2300,2300,216,%,B,106,4,"{C but, } {F uh } -- -/","but/CC ,/, uh/UH --/:",,,492.08,492.88
sw06utt/sw_0693_2300.utt,2/sw2300,2300,217,b,A,107,1,Uh-huh. /,Uh-huh/UH ./.,,,493.22,493.38000000000005
sw06utt/sw_0693_2300.utt,2/sw2300,2300,218,fe,B,108,1,-- man.   /,--/: man/UH ./.,,,493.28,493.53999999999996
sw06utt/sw_0693_2300.utt,2/sw2300,2300,219,sd,B,108,2,"{C And } if you figure,  get with a financial person. /","And/CC if/IN you/PRP figure/VBP ,/, get/VB with/IN a/DT financial/JJ person/NN ./.",,,493.9,495.94
sw06utt/sw_0693_2300.utt,2/sw2300,2300,220,b,A,109,1,Yeah. /,Yeah/UH ./.,,,496.3,496.68
sw06utt/sw_0693_2300.utt,2/sw2300,2300,221,sd,B,110,1,"{C And } you can figure up exactly  when like the eighteenth month of a loan, if you make like a four hundred dollar payment  over and above your house payment --","And/CC you/PRP can/MD figure/VB up/RP exactly/RB when/WRB like/IN the/DT eighteenth/JJ month/NN of/IN a/DT loan/NN ,/, if/IN you/PRP make/VBP like/IN a/DT four/CD hundred/CD dollar/NN payment/NN over/IN and/CC above/IN your/PRP$ house/NN payment/NN --/:",,,496.58,503.96000000000004
sw06utt/sw_0693_2300.utt,2/sw2300,2300,222,b,A,111,1,Uh-huh. /,Uh-huh/UH ./.,,,504.32,504.46
sw06utt/sw_0693_2300.utt,2/sw2300,2300,223,+,B,112,1,"-- it'll make, {F uh, } - /","--/: it/PRP 'll/MD make/VB ,/, uh/UH ,/,",,,504.36,504.94
sw06utt/sw_0693_2300.utt,2/sw2300,2300,224,sv,B,112,2,it has a magic with numbers.  /,it/PRP has/VBZ a/DT magic/NN with/IN numbers/NNS ./.,,,504.96,506.38
sw06utt/sw_0693_2300.utt,2/sw2300,2300,225,sd,B,112,3,"[ [ It, +  I, ] +  it'll ] shave almost, {D you know, } X number of dollars off, /","It/PRP ,/, I/PRP ,/, it/PRP 'll/MD shave/VB almost/RB ,/, you/PRP know/VBP ,/, X/SYM number/NN of/IN dollars/NNS off/RP ,/,",,,506.74,510.07
sw06utt/sw_0693_2300.utt,2/sw2300,2300,226,aa,A,113,1,Right.  /,Right/UH ./.,,,510.2,510.82
sw06utt/sw_0693_2300.utt,2/sw2300,2300,227,aa,A,113,2,"Yeah,  /","Yeah/UH ,/,",,,511.4,511.64
sw06utt/sw_0693_2300.utt,2/sw2300,2300,228,sd,A,113,3,"[ we real-, +   we've ] become aware of that.  /","we/PRP real-/XX ,/, we/PRP 've/VBP become/VBN aware/JJ of/IN that/DT ./.",,,511.64,513.52
sw06utt/sw_0693_2300.utt,2/sw2300,2300,229,sv,A,113,4,"[ We have a, +  there's a ] loan officer through our church, too, that  I think could help us better.  /","We/PRP have/VBP a/DT ,/, there/EX 's/BES a/DT loan/NN officer/NN through/IN our/PRP$ church/NN ,/, too/RB ,/, that/WDT I/PRP think/VBP could/MD help/VB us/PRP better/JJR ./.",,,513.52,518.42
sw06utt/sw_0693_2300.utt,2/sw2300,2300,230,sd,A,113,5,"{D You know, } he does that full time with the bank, {D you know. } /","You/PRP know/VBP ,/, he/PRP does/VBZ that/DT full/GW time/^RB with/IN the/DT bank/NN ,/, you/PRP know/VBP ./.",,,518.42,520.5400000000001
sw06utt/sw_0693_2300.utt,2/sw2300,2300,231,b,B,114,1,Uh-huh. /,Uh-huh/UH ./.,,,520.59,520.8100000000001
sw06utt/sw_0693_2300.utt,2/sw2300,2300,232,sd,A,115,1,"{C And so } we're going to use  people that we're in a relationship with that we know, that, {D you know, } we know are people of integrity.  /","And/CC so/RB we/PRP 're/VBP going/VBG to/TO use/VB people/NNS that/WDT we/PRP 're/VBP in/IN a/DT relationship/NN with/IN that/WDT we/PRP know/VBP ,/, that/WDT ,/, you/PRP know/VBP ,/, we/PRP know/VBP are/VBP people/NNS of/IN integrity/NN ./.",,,521.08,526.7
sw06utt/sw_0693_2300.utt,2/sw2300,2300,233,%,A,115,2,{C So. } -/,So/RB ./.,,,526.7,526.9200000000001
sw06utt/sw_0693_2300.utt,2/sw2300,2300,234,b,B,116,1,Sure. /,Sure/UH ./.,,,526.81,527.1099999999999
sw06utt/sw_0693_2300.utt,2/sw2300,2300,235,sd,A,117,1,"{D You know, } that is another thing  that, {D you know, } - /","You/PRP know/VBP ,/, that/DT is/VBZ another/DT thing/NN that/WDT ,/, you/PRP know/VBP ,/,",,,527.38,529.6
sw06utt/sw_0693_2300.utt,2/sw2300,2300,236,sv,A,117,2,we feel like our long term goal is going to be benefitted by next time  /,we/PRP feel/VBP like/UH our/PRP$ long/JJ term/NN goal/NN is/VBZ going/VBG to/TO be/VB benefitted/VBN by/IN next/JJ time/NN,,,529.6,533.54
sw06utt/sw_0693_2300.utt,2/sw2300,2300,237,sd,A,117,3,"we buy a car we're not just going to go to Toyota of Irving, {D you know, }  /","we/PRP buy/VBP a/DT car/NN we/PRP 're/VBP not/RB just/RB going/VBG to/TO go/VB to/IN Toyota/NNP of/IN Irving/NNP ,/, you/PRP know/VBP ,/,",,,533.54,536.3599999999999
sw06utt/sw_0693_2300.utt,2/sw2300,2300,238,sd,A,117,4,"we're going to go to somebody that we know,  /","we/PRP 're/VBP going/VBG to/TO go/VB to/IN somebody/NN that/WDT we/PRP know/VBP ,/,",,,536.36,538.18
sw06utt/sw_0693_2300.utt,2/sw2300,2300,239,sd,A,117,5,"we're going to take someone with us older,  /","we/PRP 're/VBP going/VBG to/TO take/VB someone/NN with/IN us/PRP older/JJR ,/,",,,538.18,540.34
sw06utt/sw_0693_2300.utt,2/sw2300,2300,240,sd,A,117,6,{C and } we didn't do any of those things. /,and/CC we/PRP did/VBD n't/RB do/VB any/DT of/IN those/DT things/NNS ./.,,,540.34,541.6800000000001
sw06utt/sw_0693_2300.utt,2/sw2300,2300,241,bf,B,118,1,Somebody you trust.   /,Somebody/NN you/PRP trust/VBP ./.,,,541.81,542.73
sw06utt/sw_0693_2300.utt,2/sw2300,2300,242,sv,B,118,2,"{D You know, } there are so  many rip-off artists here in this town.  /","You/PRP know/VBP ,/, there/EX are/VBP so/RB many/JJ rip-off/JJ artists/NNS here/RB in/IN this/DT town/NN ./.",,,542.73,545.2900000000001
sw06utt/sw_0693_2300.utt,2/sw2300,2300,243,sv,B,118,3,"[ [ It's, +  it's, ] +   {F uh, } it's ] really a sin,  /","It/PRP 's/BES ,/, it/PRP 's/BES ,/, uh/UH ,/, it/PRP 's/BES really/RB a/DT sin/NN ,/,",,,545.29,547.73
sw06utt/sw_0693_2300.utt,2/sw2300,2300,244,sv,B,118,4,it really is. /,it/PRP really/RB is/VBZ ./.,,,547.89,548.67
sw06utt/sw_0693_2300.utt,2/sw2300,2300,245,b,A,119,1,Yeah. /,Yeah/UH ./.,,,548.84,549.2800000000001
sw06utt/sw_0693_2300.utt,2/sw2300,2300,246,sd,B,120,1,"I got taken [ on some fire-, +  on firewood. ] /","I/PRP got/VBD taken/VBN on/IN some/DT fire-/NN ,/, on/IN firewood/NN ./.",,,549.37,551.3299999999999
sw06utt/sw_0693_2300.utt,2/sw2300,2300,247,b,A,121,1,Really. /,Really/UH ./.,,,551.62,552.0
sw06utt/sw_0693_2300.utt,2/sw2300,2300,248,sd,B,122,1,"{E I mean, } {F uh, } {F uh, } the guy  shorted us a half a cord of firewood,  /","I/PRP mean/VBP ,/, uh/UH ,/, uh/UH ,/, the/DT guy/NN shorted/VBD us/PRP a/DT half/PDT a/DT cord/NN of/IN firewood/NN ,/,",,,552.31,556.0500000000001
sw06utt/sw_0693_2300.utt,2/sw2300,2300,249,sd,B,122,2,"{C and } my wife didn't know,  /","and/CC my/PRP$ wife/NN did/VBD n't/RB know/VB ,/,",,,556.05,557.15
sw06utt/sw_0693_2300.utt,2/sw2300,2300,250,sd,B,122,3,"{C and } I stopped payment on  the check,  /","and/CC I/PRP stopped/VBD payment/NN on/IN the/DT check/NN ,/,",,,557.15,558.9100000000001
sw06utt/sw_0693_2300.utt,2/sw2300,2300,251,sd,B,122,4,{C and } he'd already been paid by a cashing firm.  /,and/CC he/PRP 'd/VBD already/RB been/VBN paid/VBN by/IN a/DT cashing/VBG firm/NN ./.,,,558.91,560.9100000000001
sw06utt/sw_0693_2300.utt,2/sw2300,2300,252,sd,B,122,5,"[ {C And, } +  {C and } ]  [ they're suing us, +  they're suing me ] on this,  /","And/CC ,/, and/CC they/PRP 're/VBP suing/VBG us/PRP ,/, they/PRP 're/VBP suing/VBG me/PRP on/IN this/DT ,/,",,,560.91,563.23
sw06utt/sw_0693_2300.utt,2/sw2300,2300,253,sd,B,122,6,{C and } it's for a hundred and thirty-four dollars. /,and/CC it/PRP 's/BES for/IN a/DT hundred/CD and/CC thirty-four/CD dollars/NNS ./.,,,563.23,565.73
sw06utt/sw_0693_2300.utt,2/sw2300,2300,254,ba,A,123,1,"{F Oh, } my. /","Oh/UH ,/, my/PRP$ ./.",,,565.84,566.3199999999999
sw06utt/sw_0693_2300.utt,2/sw2300,2300,255,sv,B,124,1,Absolutely pathetic. /,Absolutely/RB pathetic/JJ ./.,,,566.21,567.1899999999999
sw06utt/sw_0693_2300.utt,2/sw2300,2300,256,sd,A,125,1,I stopped payment on a check.  /,I/PRP stopped/VBD payment/NN on/IN a/DT check/NN ./.,,,567.76,569.2800000000001
sw06utt/sw_0693_2300.utt,2/sw2300,2300,257,sv,A,125,2,"{F Oh, } that's funny.  /","Oh/UH ,/, that/DT 's/BES funny/JJ ./.",,,569.58,570.5600000000001
sw06utt/sw_0693_2300.utt,2/sw2300,2300,258,sd,A,125,3,"{F Oh, } this last week, we bought a sewing machine at Zak's,  /","Oh/UH ,/, this/DT last/JJ week/NN ,/, we/PRP bought/VBD a/DT sewing/JJ machine/NN at/IN Zak/NNP 's/POS ,/,",,,570.96,573.6999999999999
sw06utt/sw_0693_2300.utt,2/sw2300,2300,259,sd,A,125,4,{C and then } I found that you could get the same machine better for less locally.  /,and/CC then/RB I/PRP found/VBD that/IN you/PRP could/MD get/VB the/DT same/JJ machine/NN better/JJR for/IN less/JJR locally/RB ./.,,,573.7,577.98
sw06utt/sw_0693_2300.utt,2/sw2300,2300,260,sd,A,125,5,"Not much less, but  it was enough less,  /","Not/RB much/RB less/JJR ,/, but/CC it/PRP was/VBD enough/RB less/JJR ,/,",,,577.98,580.4
sw06utt/sw_0693_2300.utt,2/sw2300,2300,261,sd,A,125,6,{C and } I found they locally serviced it.  /,and/CC I/PRP found/VBD they/PRP locally/RB serviced/VBD it/PRP ./.,,,580.4,581.8199999999999
sw06utt/sw_0693_2300.utt,2/sw2300,2300,262,sd,A,125,7,{C And } we just stopped payment on the check.  /,And/CC we/PRP just/RB stopped/VBD payment/NN on/IN the/DT check/NN ./.,,,582.22,583.8399999999999
sw06utt/sw_0693_2300.utt,2/sw2300,2300,263,sd,A,125,8,{C So } I hope they don't sue us over it <laughter>.  /,So/RB I/PRP hope/VBP they/PRP do/VBP n't/RB sue/VB us/PRP over/IN it/PRP ./.,,,583.84,585.34
sw06utt/sw_0693_2300.utt,2/sw2300,2300,264,sd,A,125,9,"{C But } we never received any merchandise either,  /","But/CC we/PRP never/RB received/VBD any/DT merchandise/NN either/RB ,/,",,,585.6,587.74
sw06utt/sw_0693_2300.utt,2/sw2300,2300,265,sd,A,125,10,"{C so } I don't think it would hold [ any-, +","so/RB I/PRP do/VBP n't/RB think/VB it/PRP would/MD hold/VB any-/RB ,/,",,,587.74,588.8399999999999
sw06utt/sw_0693_2300.utt,2/sw2300,2300,266,b,B,126,1,"{F Oh, } okay,  /","Oh/UH ,/, okay/UH ,/,",,,588.73,589.15
sw06utt/sw_0693_2300.utt,2/sw2300,2300,267,%,B,126,2,{D well } -- -/,well/UH --/:,,,589.15,589.23
sw06utt/sw_0693_2300.utt,2/sw2300,2300,268,+,A,127,1,Anyway. ] /,Anyway/RB ./.,,,589.34,589.62
sw06utt/sw_0693_2300.utt,2/sw2300,2300,269,sv,B,128,1,"-- probably something like that, - /","--/: probably/RB something/NN like/IN that/DT ,/,",,,589.51,590.8100000000001
sw06utt/sw_0693_2300.utt,2/sw2300,2300,270,qy,B,128,2,"did you call them and tell them [ you just, +  you just. ] -/","did/VBD you/PRP call/VBP them/PRP and/CC tell/VB them/PRP you/PRP just/RB ,/, you/PRP just/RB ./.",,,590.81,592.4100000000001
sw06utt/sw_0693_2300.utt,2/sw2300,2300,271,nn,A,129,1,"No,  /","No/UH ,/,",,,592.52,592.74
sw06utt/sw_0693_2300.utt,2/sw2300,2300,272,sd^e,A,129,2,we didn't even call them.  /,we/PRP did/VBD n't/RB even/RB call/VB them/PRP ./.,,,592.74,593.7
sw06utt/sw_0693_2300.utt,2/sw2300,2300,273,sd,A,129,3,We just did it.  /,We/PRP just/RB did/VBD it/PRP ./.,,,594.22,594.98
sw06utt/sw_0693_2300.utt,2/sw2300,2300,274,sv,A,129,4,Maybe my husband should call today. /,Maybe/RB my/PRP$ husband/NN should/MD call/VB today/RB ./.,,,595.16,596.76
sw06utt/sw_0693_2300.utt,2/sw2300,2300,275,sv,B,130,1,"Might be a good idea, because you're  going to get, what, [ a, +  a ] check, -/","Might/MD be/VB a/DT good/JJ idea/NN ,/, because/IN you/PRP 're/VBP going/VBG to/TO get/VB ,/, what/WP ,/, a/DT ,/, a/DT check/NN ,/,",,,596.95,600.47
