swda_filename,ptb_basename,conversation_no,transcript_index,act_tag,caller,utterance_index,subutterance_index,text,pos,trees,ptb_treenumbers,start_ts,end_ts
sw07utt/sw_0744_2376.utt,2/sw2376,2376,0,%,A,1,1,Now.  /,Now/RB ./.,,,0.14,0.46
sw07utt/sw_0744_2376.utt,2/sw2376,2376,1,fa,A,1,2,"I'm sorry, /","I/PRP 'm/VBP sorry/JJ ,/,",,,0.6,1.1400000000000001
sw07utt/sw_0744_2376.utt,2/sw2376,2376,2,sd,B,2,1,Ready to go.  /,Ready/JJ to/TO go/VB ./.,,,1.07,1.35
sw07utt/sw_0744_2376.utt,2/sw2376,2376,3,%,B,2,2,Okay. /,Okay/UH ./.,,,1.35,1.4900000000000002
sw07utt/sw_0744_2376.utt,2/sw2376,2376,4,sd,A,3,1,"{E excuse me. }  {C And, } {F uh, } I do that,  /","excuse/VB me/PRP ./. And/CC ,/, uh/UH ,/, I/PRP do/VBP that/DT ,/,",,,1.88,4.66
sw07utt/sw_0744_2376.utt,2/sw2376,2376,5,sd,A,3,2,"we recycle, {F uh, } newspapers.  /","we/PRP recycle/VBP ,/, uh/UH ,/, newspapers/NNS ./.",,,4.66,6.42
sw07utt/sw_0744_2376.utt,2/sw2376,2376,6,sd,A,3,3,"We take, {D you know, }  the DALLAS MORNING NEWS daily,","We/PRP take/VBP ,/, you/PRP know/VBP ,/, the/DT DALLAS/NNP MORNING/NNP NEWS/NNP daily/RB ,/,",,,6.42,8.540000000000001
sw07utt/sw_0744_2376.utt,2/sw2376,2376,7,b,B,4,1,Right. /,Right/UH ./.,,,8.73,9.110000000000001
sw07utt/sw_0744_2376.utt,2/sw2376,2376,8,+,A,5,1,and the Plano paper daily  /,and/CC the/DT Plano/NNP paper/NN daily/JJ,,,9.22,10.7
sw07utt/sw_0744_2376.utt,2/sw2376,2376,9,sd,A,5,2,"{C and, } {D you know, }  after a month of that you got a ton,","and/CC ,/, you/PRP know/VBP ,/, after/IN a/DT month/NN of/IN that/DT you/PRP got/VBD a/DT ton/NN ,/,",,,11.06,13.32
sw07utt/sw_0744_2376.utt,2/sw2376,2376,10,b,B,6,1,"{F Oh, } /","Oh/UH ,/,",,,13.21,13.41
sw07utt/sw_0744_2376.utt,2/sw2376,2376,11,+,A,7,1,of newspapers. /,of/IN newspapers/NNS ./.,,,13.52,13.899999999999999
sw07utt/sw_0744_2376.utt,2/sw2376,2376,12,sd,B,8,1,I know it builds up really fast. /,I/PRP know/VBP it/PRP builds/VBZ up/RP really/RB fast/RB ./.,,,13.79,15.530000000000001
sw07utt/sw_0744_2376.utt,2/sw2376,2376,13,aa,A,9,1,"It really does, /","It/PRP really/RB does/VBZ ,/,",,,15.64,16.18
sw07utt/sw_0744_2376.utt,2/sw2376,2376,14,b,B,10,1,Yeah. /,Yeah/UH ./.,,,16.07,16.37
sw07utt/sw_0744_2376.utt,2/sw2376,2376,15,sd,A,11,1,"I do recycle,","I/PRP do/VBP recycle/VB ,/,",,,16.58,17.62
sw07utt/sw_0744_2376.utt,2/sw2376,2376,16,b,B,12,1,Yeah. /,Yeah/UH ./.,,,17.51,17.630000000000003
sw07utt/sw_0744_2376.utt,2/sw2376,2376,17,+,A,13,1,"newspapers and, {F uh, } glass. /","newspapers/NNS and/CC ,/, uh/UH ,/, glass/NN ./.",,,17.74,18.96
sw07utt/sw_0744_2376.utt,2/sw2376,2376,18,b,B,14,1,Uh-huh. /,Uh-huh/UH ./.,,,19.23,19.51
sw07utt/sw_0744_2376.utt,2/sw2376,2376,19,sd,A,15,1,"We don't really have enough plastic to mess with,  /","We/PRP do/VBP n't/RB really/RB have/VB enough/JJ plastic/NN to/TO mess/VB with/IN ,/,",,,19.76,22.26
sw07utt/sw_0744_2376.utt,2/sw2376,2376,20,sd,A,15,2,"[ we don't, + {D you know, } {D like } we don't ] drink milk  /","we/PRP do/VBP n't/RB ,/, you/PRP know/VBP ,/, like/IN we/PRP do/VBP n't/RB drink/VB milk/NN",,,22.26,23.98
sw07utt/sw_0744_2376.utt,2/sw2376,2376,21,sd,A,15,3,{C and } we don't have children  /,and/CC we/PRP do/VBP n't/RB have/VB children/NNS,,,24.06,24.96
sw07utt/sw_0744_2376.utt,2/sw2376,2376,22,sd,A,15,4,"{C so } we don't have, {D you know, } six thousand plastic milk jugs,","so/IN we/PRP do/VBP n't/RB have/VB ,/, you/PRP know/VBP ,/, six/CD thousand/CD plastic/NN milk/NN jugs/NNS ,/,",,,25.0,27.580000000000002
sw07utt/sw_0744_2376.utt,2/sw2376,2376,23,b,B,16,1,"# Yeah,  /","Yeah/UH ,/,",,,27.6,27.96
sw07utt/sw_0744_2376.utt,2/sw2376,2376,24,sd,B,16,2,"we do, <laughter>. # /","we/PRP do/VBP ,/, ./.",,,28.14,28.64
sw07utt/sw_0744_2376.utt,2/sw2376,2376,25,+,A,17,1,"# a month, {D you know. } # /","a/DT month/NN ,/, you/PRP know/VBP ./.",,,0.0,0.0
sw07utt/sw_0744_2376.utt,2/sw2376,2376,26,sd,B,18,1,"With [ two, + a two ] year old and a,","With/IN two/CD ,/, a/DT two/CD year/NN old/JJ and/CC a/DT ,/,",,,28.64,29.759999999999998
sw07utt/sw_0744_2376.utt,2/sw2376,2376,27,b,A,19,1,Yeah. /,Yeah/UH ./.,,,29.88,29.959999999999997
sw07utt/sw_0744_2376.utt,2/sw2376,2376,28,+,B,20,1,three year old  /,three/CD year/NN old/JJ,,,29.84,30.34
sw07utt/sw_0744_2376.utt,2/sw2376,2376,29,sd,B,20,2,"{C and, }","and/CC ,/,",,,30.34,30.38
sw07utt/sw_0744_2376.utt,2/sw2376,2376,30,b,A,21,1,Right. /,Right/UH ./.,,,30.5,30.68
sw07utt/sw_0744_2376.utt,2/sw2376,2376,31,+,B,22,1,{C so } it really builds up with us. /,so/RB it/PRP really/RB builds/VBZ up/RP with/IN us/PRP ./.,,,30.56,31.6
sw07utt/sw_0744_2376.utt,2/sw2376,2376,32,sd,A,23,1,"{C But } [ there is, + {D you know } there is ]  a place you can take those also {D you know } at the same place just put them in a different, {F uh, } container. /","But/CC there/EX is/VBZ ,/, you/PRP know/VBP there/EX is/VBZ a/DT place/NN you/PRP can/MD take/VB those/DT also/RB you/PRP know/VBP at/IN the/DT same/JJ place/NN just/RB put/VB them/PRP in/IN a/DT different/JJ ,/, uh/UH ,/, container/NN ./.",,,31.72,36.5
sw07utt/sw_0744_2376.utt,2/sw2376,2376,33,b,B,24,1,Yeah. /,Yeah/UH ./.,,,36.7,37.2
sw07utt/sw_0744_2376.utt,2/sw2376,2376,34,sd,A,25,1,"{C And, } {F uh, } Plano has plans - /","And/CC ,/, uh/UH ,/, Plano/NNP has/VBZ plans/NNS",,,37.56,39.62
sw07utt/sw_0744_2376.utt,2/sw2376,2376,35,sd,A,25,2,"I believe it's  tentatively scheduled for sometime in May of this year,  /","I/PRP believe/VBP it/PRP 's/BES tentatively/RB scheduled/VBN for/IN sometime/RB in/IN May/NNP of/IN this/DT year/NN ,/,",,,39.72,43.46
sw07utt/sw_0744_2376.utt,2/sw2376,2376,36,sd,A,25,3,"the city is going to leave, {F uh, }  receptacles at people's home. /","the/DT city/NN is/VBZ going/VBG to/TO leave/VB ,/, uh/UH ,/, receptacles/NNS at/IN people/NNS 's/POS home/NN ./.",,,43.84,47.46
sw07utt/sw_0744_2376.utt,2/sw2376,2376,37,b,B,26,1,"# {F Oh, } yeah, # /","Oh/UH ,/, yeah/UH ,/,",,,47.76,48.68
sw07utt/sw_0744_2376.utt,2/sw2376,2376,38,%,A,27,1,"# {C and } they ca-, # -/","and/CC they/PRP ca-/XX ,/,",,,0.0,0.0
sw07utt/sw_0744_2376.utt,2/sw2376,2376,39,sv,B,28,1,That would be much more convenient. /,That/DT would/MD be/VB much/RB more/RBR convenient/JJ ./.,,,48.72,50.04
sw07utt/sw_0744_2376.utt,2/sw2376,2376,40,aa,A,29,1,"It,","It/PRP ,/,",,,50.16,50.199999999999996
sw07utt/sw_0744_2376.utt,2/sw2376,2376,41,b,B,30,1,Yeah. /,Yeah/UH ./.,,,50.08,50.16
sw07utt/sw_0744_2376.utt,2/sw2376,2376,42,+,A,31,1,certainly would  /,certainly/RB would/MD,,,50.28,50.540000000000006
sw07utt/sw_0744_2376.utt,2/sw2376,2376,43,sd,A,31,2,{C and } they can separate it  /,and/CC they/PRP can/MD separate/VB it/PRP,,,50.54,51.48
sw07utt/sw_0744_2376.utt,2/sw2376,2376,44,sd,A,31,3,"{C and then } the, {D you know, } trash guys will pick it up.","and/CC then/RB the/DT ,/, you/PRP know/VBP ,/, trash/NN guys/NNS will/MD pick/VB it/PRP up/RP ./.",,,51.48,53.61
sw07utt/sw_0744_2376.utt,2/sw2376,2376,45,b,B,32,1,Yeah. /,Yeah/UH ./.,,,53.86,54.339999999999996
sw07utt/sw_0744_2376.utt,2/sw2376,2376,46,+,A,33,1,"Which would really be handy, {D you know, }  for people like shut ins, or,","Which/WDT would/MD really/RB be/VB handy/JJ ,/, you/PRP know/VBP ,/, for/IN people/NNS like/IN shut/GW ins/^NNS ,/, or/CC ,/,",,,54.53,57.05
sw07utt/sw_0744_2376.utt,2/sw2376,2376,47,b,B,34,1,Yeah. /,Yeah/UH ./.,,,56.94,57.46
sw07utt/sw_0744_2376.utt,2/sw2376,2376,48,+,A,35,1,"people who can't or don't drive, {D you know, } /","people/NNS who/WP ca/MD n't/RB or/CC do/VB n't/RB drive/VB ,/, you/PRP know/VBP ,/,",,,57.57,59.43
sw07utt/sw_0744_2376.utt,2/sw2376,2376,49,bf,B,36,1,"{C Or } it just builds up so often, /","Or/CC it/PRP just/RB builds/VBZ up/RP so/RB often/RB ,/,",,,59.32,60.54
sw07utt/sw_0744_2376.utt,2/sw2376,2376,50,sd,A,37,1,they can't get to the these centers. /,they/PRP ca/MD n't/RB get/VB to/IN the/DT these/DT centers/NNS ./.,,,60.65,61.67
sw07utt/sw_0744_2376.utt,2/sw2376,2376,51,aa,B,38,1,Yeah. /,Yeah/UH ./.,,,61.56,61.64
sw07utt/sw_0744_2376.utt,2/sw2376,2376,52,sv,A,39,1,"{C And } I'm sure rather than try to, {F uh, }  ask someone to take them for them they probably just pitch them, {D you know? } /","And/CC I/PRP 'm/VBP sure/JJ rather/IN than/IN try/VB to/TO ,/, uh/UH ,/, ask/VB someone/NN to/TO take/VB them/PRP for/IN them/PRP they/PRP probably/RB just/RB pitch/VB them/PRP ,/, you/PRP know/VBP ?/.",,,61.75,66.29
sw07utt/sw_0744_2376.utt,2/sw2376,2376,53,b,B,40,1,"Yeah,  /","Yeah/UH ,/,",,,66.2,66.78
sw07utt/sw_0744_2376.utt,2/sw2376,2376,54,b^r,B,40,2,yeah. /,yeah/UH ./.,,,67.08,67.3
sw07utt/sw_0744_2376.utt,2/sw2376,2376,55,sv,A,41,1,{C But } I think that's probably a good idea. /,But/CC I/PRP think/VBP that/DT 's/BES probably/RB a/DT good/JJ idea/NN ./.,,,67.41,69.19
sw07utt/sw_0744_2376.utt,2/sw2376,2376,56,sd,B,42,1,"They used to have several places, {F um, }  that were a little ways out in the community that did the paper and all, /","They/PRP used/VBD to/TO have/VB several/JJ places/NNS ,/, um/UH ,/, that/WDT were/VBD a/DT little/JJ ways/NNS out/RB in/IN the/DT community/NN that/WDT did/VBD the/DT paper/NN and/CC all/DT ,/,",,,69.4,75.3
sw07utt/sw_0744_2376.utt,2/sw2376,2376,57,b,A,43,1,# Uh-huh. # /,Uh-huh/UH ./.,,,0.0,0.0
sw07utt/sw_0744_2376.utt,2/sw2376,2376,58,sd,B,44,1,# {C and } they # stopped doing it because they said it wasn't profitable./,and/CC they/PRP stopped/VBD doing/VBG it/PRP because/IN they/PRP said/VBD it/PRP was/VBD n't/RB profitable/JJ ./.,,,75.3,77.88000000000001
sw07utt/sw_0744_2376.utt,2/sw2376,2376,59,b,A,45,1,Right. /,Right/UH ./.,,,77.99,78.17
sw07utt/sw_0744_2376.utt,2/sw2376,2376,60,sd,B,46,1,"{C So } finally, {F um, } [ they, + ]  the people put so much pressure on the city, /","So/RB finally/RB ,/, um/UH ,/, they/PRP ,/, the/DT people/NNS put/VBD so/RB much/JJ pressure/NN on/IN the/DT city/NN ,/,",,,78.36,82.62
sw07utt/sw_0744_2376.utt,2/sw2376,2376,61,b,A,47,1,Uh-huh. /,Uh-huh/UH ./.,,,82.73,82.83
sw07utt/sw_0744_2376.utt,2/sw2376,2376,62,sd,B,48,1,"they did a survey of everybody, /","they/PRP did/VBD a/DT survey/NN of/IN everybody/NN ,/,",,,82.72,84.48
sw07utt/sw_0744_2376.utt,2/sw2376,2376,63,b,A,49,1,Uh-huh. /,Uh-huh/UH ./.,,,84.59,84.83
sw07utt/sw_0744_2376.utt,2/sw2376,2376,64,sd,B,50,1,"{C and } they took a big huge bin that has paper and plastic, {F um, }","and/CC they/PRP took/VBD a/DT big/JJ huge/JJ bin/NN that/WDT has/VBZ paper/NN and/CC plastic/NN ,/, um/UH ,/,",,,84.72,90.05999999999999
sw07utt/sw_0744_2376.utt,2/sw2376,2376,65,x,A,51,1,<Noise>.,,,,0.0,0.0
sw07utt/sw_0744_2376.utt,2/sw2376,2376,66,+,B,52,1,"and put it in front of the Wal-Mart store in town, /","and/CC put/VBD it/PRP in/IN front/RB of/IN the/DT Wal-Mart/NNP store/NN in/IN town/NN ,/,",,,90.06,92.2
sw07utt/sw_0744_2376.utt,2/sw2376,2376,67,b,A,53,1,Uh-huh. /,Uh-huh/UH ./.,,,92.33,92.42999999999999
sw07utt/sw_0744_2376.utt,2/sw2376,2376,68,sd,B,54,1,"{C and } [ [ th-, + they, ] + it ]  just really, - /","and/CC th-/PRP ,/, they/PRP ,/, it/PRP just/RB really/RB ,/,",,,92.32,93.64
sw07utt/sw_0744_2376.utt,2/sw2376,2376,69,sd,B,54,2,"[ [ e-, + e-, ] + every ]  time you went by there it was just over flowing,/","e-/DT ,/, e-/DT ,/, every/DT time/NN you/PRP went/VBN by/IN there/RB it/PRP was/VBD just/RB over/GW flowing/^VBG ,/,",,,93.82,96.3
sw07utt/sw_0744_2376.utt,2/sw2376,2376,70,aa,A,55,1,# That's right. # /,That/DT 's/BES right/JJ ./.,,,0.0,0.0
sw07utt/sw_0744_2376.utt,2/sw2376,2376,71,sd,B,56,1,"# {C and so } Wal-Mart # complained <laughter>, /","and/CC so/RB Wal-Mart/NNP complained/VBD ,/,",,,96.56,98.16
sw07utt/sw_0744_2376.utt,2/sw2376,2376,72,b,A,57,1,"Uh-huh,  /","Uh-huh/UH ,/,",,,98.39,98.57000000000001
sw07utt/sw_0744_2376.utt,2/sw2376,2376,73,b,A,57,2,yes. /,yes/UH ./.,,,98.85,98.94999999999999
sw07utt/sw_0744_2376.utt,2/sw2376,2376,74,sd,B,58,1,{C so } they moved it behind the store  /,so/RB they/PRP moved/VBD it/PRP behind/IN the/DT store/NN,,,98.84,100.44
sw07utt/sw_0744_2376.utt,2/sw2376,2376,75,sd,B,58,2,"{C and }  nobody knew where it was, /","and/CC nobody/NN knew/VBD where/WRB it/PRP was/VBD ,/,",,,100.44,101.75999999999999
sw07utt/sw_0744_2376.utt,2/sw2376,2376,76,b,A,59,1,Yeah. /,Yeah/UH ./.,,,101.87,101.95
sw07utt/sw_0744_2376.utt,2/sw2376,2376,77,sd,B,60,1,"{C and so } people kept piling stuff in the same place,","and/CC so/RB people/NNS kept/VBD piling/VBG stuff/NN in/IN the/DT same/JJ place/NN ,/,",,,101.84,103.96
sw07utt/sw_0744_2376.utt,2/sw2376,2376,78,b,A,61,1,Uh-huh. /,Uh-huh/UH ./.,,,104.07,104.21
sw07utt/sw_0744_2376.utt,2/sw2376,2376,79,+,B,62,1,where it used to be. /,where/WRB it/PRP used/VBD to/TO be/VB ./.,,,104.1,104.8
sw07utt/sw_0744_2376.utt,2/sw2376,2376,80,ba,A,63,1,Great <laughter>. /,Great/JJ ./.,,,104.99,105.13
sw07utt/sw_0744_2376.utt,2/sw2376,2376,81,sd,B,64,1,"{F Oh, } it was just like a dump there, /","Oh/UH ,/, it/PRP was/VBD just/RB like/IN a/DT dump/NN there/RB ,/,",,,105.54,107.41999999999999
sw07utt/sw_0744_2376.utt,2/sw2376,2376,82,ba,A,65,1,I # bet it was. # /,I/PRP bet/VBP it/PRP was/VBD ./.,,,0.0,0.0
sw07utt/sw_0744_2376.utt,2/sw2376,2376,83,sd,B,66,1,"# {C and so } finally, # {D you know, }  I called  /","and/CC so/RB finally/RB ,/, you/PRP know/VBP ,/, I/PRP called/VBD",,,107.5,109.24
sw07utt/sw_0744_2376.utt,2/sw2376,2376,84,sd,B,66,2,"{C and } [ the-, + they ] said, {D you know, } it was behind there  /","and/CC the-/PRP ,/, they/PRP said/VBD ,/, you/PRP know/VBP ,/, it/PRP was/VBD behind/IN there/RB",,,109.24,111.02
sw07utt/sw_0744_2376.utt,2/sw2376,2376,85,sd,B,66,3,{C and } I started taking my things behind there. /,and/CC I/PRP started/VBD taking/VBG my/PRP$ things/NNS behind/IN there/RB ./.,,,111.02,112.94
sw07utt/sw_0744_2376.utt,2/sw2376,2376,86,b,A,67,1,Uh-huh. /,Uh-huh/UH ./.,,,113.05,113.19
sw07utt/sw_0744_2376.utt,2/sw2376,2376,87,sd,B,68,1,"{C So } we do that [ with, + ]  because we have milk cartons, {D you know, } constantly,","So/RB we/PRP do/VBP that/DT with/IN ,/, because/IN we/PRP have/VBP milk/NN cartons/NNS ,/, you/PRP know/VBP ,/, constantly/RB ,/,",,,113.6,116.7
sw07utt/sw_0744_2376.utt,2/sw2376,2376,88,b,A,69,1,Uh-huh. /,Uh-huh/UH ./.,,,116.81,116.93
sw07utt/sw_0744_2376.utt,2/sw2376,2376,89,+,B,70,1,"with two little kids,","with/IN two/CD little/JJ kids/NNS ,/,",,,116.82,117.46
sw07utt/sw_0744_2376.utt,2/sw2376,2376,90,b,A,71,1,Sure. /,Sure/UH ./.,,,117.57,117.77
sw07utt/sw_0744_2376.utt,2/sw2376,2376,91,+,B,72,1,"and the paper,  /","and/CC the/DT paper/NN ,/,",,,117.88,118.53999999999999
sw07utt/sw_0744_2376.utt,2/sw2376,2376,92,sd,B,72,2,"{C but } it just builds up, /","but/CC it/PRP just/RB builds/VBZ up/RP ,/,",,,118.54,119.66
sw07utt/sw_0744_2376.utt,2/sw2376,2376,93,b,A,73,1,# Uh-huh. # /,Uh-huh/UH ./.,,,0.0,0.0
sw07utt/sw_0744_2376.utt,2/sw2376,2376,94,sd,B,74,1,"# it would be # so nice if they had it,  {D you know } at your home,","it/PRP would/MD be/VB so/RB nice/JJ if/IN they/PRP had/VBD it/PRP ,/, you/PRP know/VBP at/IN your/PRP$ home/NN ,/,",,,119.66,122.76
sw07utt/sw_0744_2376.utt,2/sw2376,2376,95,b,A,75,1,Uh-huh. /,Uh-huh/UH ./.,,,122.87,122.99000000000001
sw07utt/sw_0744_2376.utt,2/sw2376,2376,96,+,B,76,1,"where you could just turn it in so [ they, + they ]  final had enough of a response that they decided to try a small target area <lipsmack>,","where/WRB you/PRP could/MD just/RB turn/VB it/PRP in/RP so/IN they/PRP ,/, they/PRP final/RB had/VBD  enough/RB of/IN a/DT response/NN that/IN they/PRP decided/VBD to/TO try/VB a/DT small/JJ target/NN area/NN ,/,",,,122.88,128.4
sw07utt/sw_0744_2376.utt,2/sw2376,2376,97,b,A,77,1,Uh-huh. /,Uh-huh/UH ./.,,,128.51,128.63
sw07utt/sw_0744_2376.utt,2/sw2376,2376,98,+,B,78,1,"in one neighborhood, /","in/IN one/CD neighborhood/NN ,/,",,,129.12,130.11999999999998
sw07utt/sw_0744_2376.utt,2/sw2376,2376,99,b,A,79,1,Right. /,Right/UH ./.,,,130.23,130.35
sw07utt/sw_0744_2376.utt,2/sw2376,2376,100,sd,B,80,1,"{C and } they have pickup there,  /","and/CC they/PRP have/VBP pickup/NN there/RB ,/,",,,130.68,132.54
sw07utt/sw_0744_2376.utt,2/sw2376,2376,101,sd,B,80,2,"it's,  {F uh, } I think once or twice a week. /","it/PRP 's/BES ,/, uh/UH ,/, I/PRP think/VBP once/RB or/CC twice/RB a/DT week/NN ./.",,,132.54,134.44000000000003
sw07utt/sw_0744_2376.utt,2/sw2376,2376,102,b,A,81,1,Uh-huh. /,Uh-huh/UH ./.,,,134.55,134.71
sw07utt/sw_0744_2376.utt,2/sw2376,2376,103,sd,B,82,1,{C And } the first couple weeks they did it nobody got their stuff out  /,And/CC the/DT first/JJ couple/NN weeks/NNS they/PRP did/VBD it/PRP nobody/NN got/VBD their/PRP$ stuff/NN out/RB,,,135.08,138.48
sw07utt/sw_0744_2376.utt,2/sw2376,2376,104,sd,B,82,2,"{C so } they had not much participation,  /","so/RB they/PRP had/VBD not/RB much/JJ participation/NN ,/,",,,138.48,140.18
sw07utt/sw_0744_2376.utt,2/sw2376,2376,105,sd,B,82,3,"{C and } they were going to cancel it, /","and/CC they/PRP were/VBD going/VBG to/TO cancel/VB it/PRP ,/,",,,140.18,141.2
sw07utt/sw_0744_2376.utt,2/sw2376,2376,106,b,A,83,1,Uh-huh. /,Uh-huh/UH ./.,,,141.31,141.43
sw07utt/sw_0744_2376.utt,2/sw2376,2376,107,sd,B,84,1,{C but } then finally people started getting the message. /,but/CC then/RB finally/RB people/NNS started/VBD getting/VBG the/DT message/NN ./.,,,141.36,143.48000000000002
sw07utt/sw_0744_2376.utt,2/sw2376,2376,108,b,A,85,1,Yeah.  /,Yeah/UH ./.,,,143.59,143.67000000000002
sw07utt/sw_0744_2376.utt,2/sw2376,2376,109,sv,A,85,2,"It's just a matter of education, I think. /","It/PRP 's/BES just/RB a/DT matter/NN of/IN education/NN ,/, I/PRP think/VBP ./.",,,143.67,145.35
sw07utt/sw_0744_2376.utt,2/sw2376,2376,110,aa,B,86,1,"Yeah,  /","Yeah/UH ,/,",,,145.24,145.48000000000002
sw07utt/sw_0744_2376.utt,2/sw2376,2376,111,sd,B,86,2,"{C and } I think that, {D you know, } if they can get enough going,","and/CC I/PRP think/VBP that/IN ,/, you/PRP know/VBP ,/, if/IN they/PRP can/MD get/VB enough/RB going/VBG ,/,",,,145.48,147.73
sw07utt/sw_0744_2376.utt,2/sw2376,2376,112,b,A,87,1,Uh-huh. /,Uh-huh/UH ./.,,,148.19,148.43
sw07utt/sw_0744_2376.utt,2/sw2376,2376,113,+,B,88,1,"they'll continue it, {D you know, } throughout the rest of  the city  /","they/PRP 'll/MD continue/VB it/PRP ,/, you/PRP know/VBP ,/, throughout/IN the/DT rest/RB of/IN the/DT city/NN",,,148.35,150.11
sw07utt/sw_0744_2376.utt,2/sw2376,2376,114,%,B,88,2,"{C but } it's not, - /","but/CC it/PRP 's/BES not/RB ,/,",,,150.17,150.91000000000003
sw07utt/sw_0744_2376.utt,2/sw2376,2376,115,sv,B,88,3,"I think originally people thought it would be profitable for cities to do this, /","I/PRP think/VBP originally/RB people/NNS thought/VBD it/PRP would/MD be/VB profitable/JJ for/IN cities/NNS to/TO do/VB this/DT ,/,",,,151.03,154.21
sw07utt/sw_0744_2376.utt,2/sw2376,2376,116,b,A,89,1,Uh-huh. /,Uh-huh/UH ./.,,,154.33,154.43
sw07utt/sw_0744_2376.utt,2/sw2376,2376,117,sv,B,90,1,"{C and } it's not going to be, /","and/CC it/PRP 's/BES not/RB going/VBG to/TO be/VB ,/,",,,154.31,154.97
sw07utt/sw_0744_2376.utt,2/sw2376,2376,118,b,A,91,1,"Yeah, /","Yeah/UH ,/,",,,155.09,155.21
sw07utt/sw_0744_2376.utt,2/sw2376,2376,119,sv,B,92,1,I don't think <laughter>. /,I/PRP do/VBP n't/RB think/VB ./.,,,155.09,155.63
sw07utt/sw_0744_2376.utt,2/sw2376,2376,120,aa,A,93,1,"yeah,  /","yeah/UH ,/,",,,156.03,156.19
sw07utt/sw_0744_2376.utt,2/sw2376,2376,121,aa,A,93,2,that's right. /,that/DT 's/BES right/JJ ./.,,,156.39,156.67000000000002
sw07utt/sw_0744_2376.utt,2/sw2376,2376,122,b,B,94,1,Yeah. /,Yeah/UH ./.,,,156.55,156.75
sw07utt/sw_0744_2376.utt,2/sw2376,2376,123,sv,A,95,1,"I think basically it's a good idea, {D you know, }  /","I/PRP think/VBP basically/RB it/PRP 's/BES a/DT good/JJ idea/NN ,/, you/PRP know/VBP ,/,",,,156.87,158.73
sw07utt/sw_0744_2376.utt,2/sw2376,2376,124,sd,A,95,2,I hope it works. /,I/PRP hope/VBP it/PRP works/VBZ ./.,,,158.73,159.60999999999999
sw07utt/sw_0744_2376.utt,2/sw2376,2376,125,aa,B,96,1,"Yeah,  /","Yeah/UH ,/,",,,159.71,159.97
sw07utt/sw_0744_2376.utt,2/sw2376,2376,126,sv,B,96,2,"I do to because it's amazing, how much, {D you know, } trash,","I/PRP do/VBP to/RB because/IN it/PRP 's/BES amazing/JJ ,/, how/WRB much/JJ ,/, you/PRP know/VBP ,/, trash/NN ,/,",,,159.97,163.11
sw07utt/sw_0744_2376.utt,2/sw2376,2376,127,aa,A,97,1,# Absolutely. # /,Absolutely/RB ./.,,,0.0,0.0
sw07utt/sw_0744_2376.utt,2/sw2376,2376,128,+,B,98,1,"# we can generate, # /","we/PRP can/MD generate/VB ,/,",,,163.11,163.85
sw07utt/sw_0744_2376.utt,2/sw2376,2376,129,aa^r,A,99,1,absolutely. /,absolutely/RB ./.,,,163.97,164.29
sw07utt/sw_0744_2376.utt,2/sw2376,2376,130,sd,B,100,1,I know this year we took our Christmas tree - /,I/PRP know/VBP this/DT year/NN we/PRP took/VBD our/PRP$ Christmas/NNP tree/NN,,,164.17,165.82999999999998
sw07utt/sw_0744_2376.utt,2/sw2376,2376,131,sd,B,100,2,"they had a place,","they/PRP had/VBD a/DT place/NN ,/,",,,165.83,166.43
sw07utt/sw_0744_2376.utt,2/sw2376,2376,132,b,A,101,1,Right. /,Right/UH ./.,,,166.55,166.67000000000002
sw07utt/sw_0744_2376.utt,2/sw2376,2376,133,+,B,102,1,in the park where you could go have your tree shredded  /,in/IN the/DT park/NN where/WRB you/PRP could/MD go/VB have/VB your/PRP$ tree/NN shredded/VBN,,,166.55,168.21
sw07utt/sw_0744_2376.utt,2/sw2376,2376,134,sd,B,102,2,"{C and } they gave you a little, {F um, } seedling to plant,","and/CC they/PRP gave/VBD you/PRP a/DT little/JJ ,/, um/UH ,/, seedling/NN to/TO plant/VB ,/,",,,168.21,171.01000000000002
sw07utt/sw_0744_2376.utt,2/sw2376,2376,135,b,A,103,1,Uh-huh. /,Uh-huh/UH ./.,,,171.13,171.37
sw07utt/sw_0744_2376.utt,2/sw2376,2376,136,+,B,104,1,"{D you know } <laughter>, /","you/PRP know/VBP ,/,",,,171.37,171.64999999999998
sw07utt/sw_0744_2376.utt,2/sw2376,2376,137,b,A,105,1,Right. /,Right/UH ./.,,,171.77,171.97
sw07utt/sw_0744_2376.utt,2/sw2376,2376,138,sd,B,106,1,"you could take [ the, + the ]  mulch home with you, {D you know, } and take buckets of that home, /","you/PRP could/MD take/VB the/DT ,/, the/DT mulch/NN home/NN with/IN you/PRP ,/, you/PRP know/VBP ,/, and/CC take/VB buckets/NNS of/IN that/DT home/NN ,/,",,,171.85,175.15
sw07utt/sw_0744_2376.utt,2/sw2376,2376,139,b,A,107,1,Uh-huh. /,Uh-huh/UH ./.,,,175.27,175.39000000000001
sw07utt/sw_0744_2376.utt,2/sw2376,2376,140,sv,B,108,1,"{C so } that was really good idea, /","so/RB that/WDT was/VBD really/RB good/JJ idea/NN ,/,",,,175.27,176.17
sw07utt/sw_0744_2376.utt,2/sw2376,2376,141,b,A,109,1,Sure. /,Sure/UH ./.,,,176.29,176.42999999999998
sw07utt/sw_0744_2376.utt,2/sw2376,2376,142,sd,B,110,1,I thought. /,I/PRP thought/VBD ./.,,,176.31,176.53
sw07utt/sw_0744_2376.utt,2/sw2376,2376,143,aa,A,111,1,Absolutely.  /,Absolutely/RB ./.,,,176.65,177.19
sw07utt/sw_0744_2376.utt,2/sw2376,2376,144,sd,A,111,2,"{C And } there's just, {D you know, }  the two of us my wife and I  /","And/CC there/EX 's/BES just/RB ,/, you/PRP know/VBP ,/, the/DT two/CD of/IN us/PRP my/PRP$ wife/NN and/CC I/PRP",,,177.49,179.27
sw07utt/sw_0744_2376.utt,2/sw2376,2376,145,sd,A,111,3,"{C and } it's amazing how much stuff [ j-, + just ]  the two of us generate, /","and/CC it/PRP 's/BES amazing/JJ how/WRB much/JJ stuff/NN j-/RB ,/, just/RB the/DT two/CD of/IN us/PRP generate/VBP ,/,",,,179.27,181.91
sw07utt/sw_0744_2376.utt,2/sw2376,2376,146,b,B,112,1,Yeah  /,Yeah/UH,,,181.79,181.98999999999998
sw07utt/sw_0744_2376.utt,2/sw2376.pos,2376,147,x,B,112,2,<noise>.,./.,,,0.0,0.0
sw07utt/sw_0744_2376.utt,2/sw2376,2376,148,sd,A,113,1,"{D you know, } I can imagine a family of, {D you know, }  four or five. /","you/PRP know/VBP ,/, I/PRP can/MD imagine/VB a/DT family/NN of/IN ,/, you/PRP know/VBP ,/, four/CD or/CC five/CD ./.",,,182.11,184.37
sw07utt/sw_0744_2376.utt,2/sw2376,2376,149,aa,B,114,1,"{F Oh, } yeah  /","Oh/UH ,/, yeah/UH",,,184.39,185.07
sw07utt/sw_0744_2376.utt,2/sw2376,2376,150,%,B,114,2,"it's really, - /","it/PRP 's/BES really/RB ,/,",,,185.07,185.65
sw07utt/sw_0744_2376.utt,2/sw2376,2376,151,sv,B,114,3,it adds up so fast. /,it/PRP adds/VBZ up/RP so/RB fast/RB ./.,,,185.65,186.89000000000001
sw07utt/sw_0744_2376.utt,2/sw2376,2376,152,aa,A,115,1,It really does. /,It/PRP really/RB does/VBZ ./.,,,187.01,187.57
sw07utt/sw_0744_2376.utt,2/sw2376,2376,153,b,B,116,1,Yeah. /,Yeah/UH ./.,,,187.53,187.91
sw07utt/sw_0744_2376.utt,2/sw2376,2376,154,sd,A,117,1,"As far as new stuff to recycle, {D you know, }  [ I don't really, + I don't really ] know,  /","As/RB far/RB as/IN new/JJ stuff/NN to/TO recycle/VB ,/, you/PRP know/VBP ,/, I/PRP do/VBP n't/RB really/RB ,/, I/PRP do/VBP n't/RB really/RB know/VB ,/,",,,188.45,192.32999999999998
sw07utt/sw_0744_2376.utt,2/sw2376,2376,155,sd,A,117,2,I really hadn't thought about it to tell you the truth. /,I/PRP really/RB had/VBD n't/RB thought/VBN about/IN it/PRP to/TO tell/VB you/PRP the/DT truth/NN ./.,,,192.33,193.93
sw07utt/sw_0744_2376.utt,2/sw2376,2376,156,b,B,118,1,Yeah.  /,Yeah/UH ./.,,,194.03,194.29
sw07utt/sw_0744_2376.utt,2/sw2376,2376,157,sd,B,118,2,"{D Well, } <lipsmack> they're working on diapers,","Well/UH ,/, they/PRP 're/VBP working/VBG on/IN diapers/NNS ,/,",,,194.29,196.37
sw07utt/sw_0744_2376.utt,2/sw2376,2376,158,aa,A,119,1,"That's right,  /","That/DT 's/BES right/JJ ,/,",,,196.51,196.87
sw07utt/sw_0744_2376.utt,2/sw2376,2376,159,%,A,119,2,"I was, -/","I/PRP was/VBD ,/,",,,196.87,197.04999999999998
sw07utt/sw_0744_2376.utt,2/sw2376,2376,160,+,B,120,1,"which would be great, /","which/WDT would/MD be/VB great/JJ ,/,",,,196.93,197.48999999999998
sw07utt/sw_0744_2376.utt,2/sw2376,2376,161,b,A,121,1,Uh-huh. /,Uh-huh/UH ./.,,,197.61,197.73000000000002
sw07utt/sw_0744_2376.utt,2/sw2376,2376,162,sd,B,122,1,I've read so many different things about  diapers  /,I/PRP 've/VBP read/VBN so/RB many/JJ different/JJ things/NNS about/IN diapers/NNS,,,197.61,199.27
sw07utt/sw_0744_2376.utt,2/sw2376,2376,163,sd,B,122,2,"{C and } now their saying that [ e-, + ]  originally they thought the disposables were just awful, /","and/CC now/RB their/PRP$ saying/VBG that/IN e-/XX ,/, originally/RB they/PRP thought/VBD the/DT disposables/NNS were/VBD just/RB awful/JJ ,/,",,,199.27,203.03
sw07utt/sw_0744_2376.utt,2/sw2376,2376,164,b,A,123,1,Uh-huh. /,Uh-huh/UH ./.,,,203.15,203.29
sw07utt/sw_0744_2376.utt,2/sw2376,2376,165,sd,B,124,1,"{C but } now their saying that they're, [ ther-, + ] really not that much in comparison to the others because you don't have to use the  water to wash them,","but/CC now/RB they/PRP 're/VBP saying/VBG that/IN they/PRP 're/VBP ,/, ther-/^PRP^VBP ,/, really/RB not/RB that/RB much/JJ in/IN comparison/NN to/IN the/DT others/NNS because/IN you/PRP do/VBP n't/RB have/VB to/TO use/VB the/DT water/NN to/TO wash/VB them/PRP ,/,",,,203.45,208.91
sw07utt/sw_0744_2376.utt,2/sw2376,2376,166,aa,A,125,1,That's right. /,That/DT 's/BES right/JJ ./.,,,209.03,209.53
sw07utt/sw_0744_2376.utt,2/sw2376,2376,167,+,B,126,1,"and, {D you know, } all different kinds of things too,  /","and/CC ,/, you/PRP know/VBP ,/, all/DT different/JJ kinds/NNS of/IN things/NNS too/RB ,/,",,,209.87,211.55
sw07utt/sw_0744_2376.utt,2/sw2376,2376,168,sd,B,126,2,"{C so } <lipsmack> [ th-, + the ] diaper service,  trucks - /","so/RB th-/DT ,/, the/DT diaper/NN service/NN ,/, trucks/NNS",,,211.55,214.25
sw07utt/sw_0744_2376.utt,2/sw2376,2376,169,sd,B,126,3,"apparently the fuel that they use and the fumes that they produce to deliver,","apparently/RB the/DT fuel/NN that/WDT they/PRP use/VBP and/CC the/DT fumes/NNS that/WDT they/PRP produce/VBP to/TO deliver/VB ,/,",,,214.25,217.31
sw07utt/sw_0744_2376.utt,2/sw2376,2376,170,b,A,127,1,Uh-huh. /,Uh-huh/UH ./.,,,217.43,217.73000000000002
sw07utt/sw_0744_2376.utt,2/sw2376,2376,171,+,B,128,1,and drop those off <laughter>. /,and/CC drop/VB those/DT off/RP ./.,,,217.61,218.95000000000002
sw07utt/sw_0744_2376.utt,2/sw2376,2376,172,b,A,129,1,Yeah. /,Yeah/UH ./.,,,219.07,219.15
sw07utt/sw_0744_2376.utt,2/sw2376,2376,173,sd,B,130,1,"{C So } I don't know what's the, {D you know, }  right thing to do  /","So/RB I/PRP do/VBP n't/RB know/VB what/WP 's/BES the/DT ,/, you/PRP know/VBP ,/, right/JJ thing/NN to/TO do/VB",,,219.55,221.89
sw07utt/sw_0744_2376.utt,2/sw2376,2376,174,sd,B,130,2,{C but } I really would hope that they would come up.  /,but/CC I/PRP really/RB would/MD hope/VB that/IN they/PRP would/MD come/VB up/RP ./.,,,221.89,223.48999999999998
sw07utt/sw_0744_2376.utt,2/sw2376,2376,175,sd,B,130,3,"I know there was a brand just briefly on the market that was recyclable <noise>, /","I/PRP know/VBP there/EX was/VBD a/DT brand/NN just/RB briefly/RB on/IN the/DT market/NN that/WDT was/VBD recyclable/JJ ,/,",,,223.49,227.53
sw07utt/sw_0744_2376.utt,2/sw2376,2376,176,b,A,131,1,Uh-huh. /,Uh-huh/UH ./.,,,227.69,227.91
sw07utt/sw_0744_2376.utt,2/sw2376,2376,177,sd,B,132,1,"{C but } the landfill have to do something  special, {D you know, } for those, /","but/CC the/DT landfill/NN have/VBP to/TO do/VB something/NN special/JJ ,/, you/PRP know/VBP ,/, for/IN those/DT ,/,",,,227.79,230.69
sw07utt/sw_0744_2376.utt,2/sw2376,2376,178,b,A,133,1,I see. /,I/PRP see/VBP ./.,,,230.81,231.07
sw07utt/sw_0744_2376.utt,2/sw2376,2376,179,sd,B,134,1,"{C but } that just generates a tremendous of #  volume <noise> of trash too,  /","but/CC that/DT just/RB generates/VBZ a/DT tremendous/JJ of/IN volume/NN of/IN trash/NN too/RB ,/,",,,231.35,234.43
sw07utt/sw_0744_2376.utt,2/sw2376,2376,180,%,B,134,2,"{C so, } # -/","so/RB ,/,",,,234.43,234.83
sw07utt/sw_0744_2376.utt,2/sw2376,2376,181,aa,A,135,1,"# {F Oh, } I'm sure it must. #  /","Oh/UH ,/, I/PRP 'm/VBP sure/JJ it/PRP must/MD ./.",,,0.0,0.0
sw07utt/sw_0744_2376.utt,2/sw2376,2376,182,%,A,135,2,"Yes,  /","Yes/UH ,/,",,,234.95,235.41
sw07utt/sw_0744_2376.utt,2/sw2376,2376,183,sd,A,135,3,"{D you know }  I'm not personally involved because [ I don't, + {D you know, } I don't ]  have any [ s-, + ] children that wear diapers, /","you/PRP know/VBP I/PRP 'm/VBP not/RB personally/RB involved/JJ because/IN I/PRP do/VBP n't/RB ,/, you/PRP know/VBP ,/, I/PRP do/VBP n't/RB have/VB any/DT s-/XX ,/, children/NNS that/WDT wear/VBP diapers/NNS ,/,",,,235.63,239.13
sw07utt/sw_0744_2376.utt,2/sw2376,2376,184,b,B,136,1,Yeah. /,Yeah/UH ./.,,,239.01,239.09
sw07utt/sw_0744_2376.utt,2/sw2376,2376,185,sd,A,137,1,"{C but } I'm sure it creates a large amount of, {D you know, }","but/CC I/PRP 'm/VBP sure/JJ it/PRP creates/VBZ a/DT large/JJ amount/NN of/IN ,/, you/PRP know/VBP ,/,",,,239.21,242.65
sw07utt/sw_0744_2376.utt,2/sw2376,2376,186,aa,B,138,1,"# It does, # /","It/PRP does/VBZ ,/,",,,242.87,243.25
sw07utt/sw_0744_2376.utt,2/sw2376,2376,187,+,A,139,1,"# {F uh, } refuse. # /","uh/UH ,/, refuse/VB ./.",,,0.0,0.0
sw07utt/sw_0744_2376.utt,2/sw2376,2376,188,sv,B,140,1,"{C and } you just feel guilty if you don't <laughter> do,","and/CC you/PRP just/RB feel/VBP guilty/JJ if/IN you/PRP do/VBP n't/RB do/VB ,/,",,,243.25,244.85
sw07utt/sw_0744_2376.utt,2/sw2376,2376,189,aa,A,141,1,That's right . /,That/DT 's/BES right/JJ ./.,,,244.97,245.31
sw07utt/sw_0744_2376.utt,2/sw2376,2376,190,+,B,142,1,"something with them, {D you know, } /","something/NN with/IN them/PRP ,/, you/PRP know/VBP ,/,",,,245.19,246.10999999999999
sw07utt/sw_0744_2376.utt,2/sw2376,2376,191,aa,A,143,1,That's right. /,That/DT 's/BES right/JJ ./.,,,246.25,246.55
sw07utt/sw_0744_2376.utt,2/sw2376,2376,192,sv,B,144,1,"because you hate to contribute to the problem, /","because/IN you/PRP hate/VBP to/TO contribute/VB to/IN the/DT problem/NN ,/,",,,246.43,247.97
sw07utt/sw_0744_2376.utt,2/sw2376,2376,193,aa,A,145,1,Absolutely. /,Absolutely/RB ./.,,,248.09,248.51
sw07utt/sw_0744_2376.utt,2/sw2376,2376,194,sv,B,146,1,{C but } on the on the other hand the alternatives aren't to great either <laughter>. /,but/CC on/IN the/DT on/IN the/DT other/JJ hand/NN the/DT alternatives/NNS are/VBP n't/RB to/RB great/JJ  either/RB ./.,,,248.39,250.93
sw07utt/sw_0744_2376.utt,2/sw2376,2376,195,aa,A,147,1,"That's right,  /","That/DT 's/BES right/JJ ,/,",,,251.35,251.81
sw07utt/sw_0744_2376.utt,2/sw2376,2376,196,aa,A,147,2,"absolutely, /","absolutely/RB ,/,",,,251.85,252.32999999999998
sw07utt/sw_0744_2376.utt,2/sw2376,2376,197,x,B,148,1,<Laughter>.,,,,0.0,0.0
sw07utt/sw_0744_2376.utt,2/sw2376,2376,198,aa^r,A,149,1,absolutely. /,absolutely/RB ./.,,,252.51,252.97
sw07utt/sw_0744_2376.utt,2/sw2376,2376,199,b,B,150,1,"Yeah,  /","Yeah/UH ,/,",,,253.01,253.32999999999998
sw07utt/sw_0744_2376.utt,2/sw2376,2376,200,sd,B,150,2,I don't know what else they could recycle more of./,I/PRP do/VBP n't/RB know/VB what/WP else/RB they/PRP could/MD recycle/VB more/JJR of/RB ./.,,,253.33,255.51
sw07utt/sw_0744_2376.utt,2/sw2376,2376,201,sd,B,150,3,I guess we don't really use that many tin cans.  /,I/PRP guess/VBP we/PRP do/VBP n't/RB really/RB use/VBP that/RB many/JJ tin/NN cans/NNS ./.,,,255.51,257.79
sw07utt/sw_0744_2376.utt,2/sw2376,2376,202,sd,B,150,4,I guess there's some  places where you can recycle aluminum  /,I/PRP guess/VBP there/EX 's/BES some/DT places/NNS where/WRB you/PRP can/MD recycle/VB aluminum/NN,,,257.79,260.55
sw07utt/sw_0744_2376.utt,2/sw2376,2376,203,sd,B,150,5,"{C but } I don't know about  {D like } cans that you keep vegetables and stuff,","but/CC I/PRP do/VBP n't/RB know/VB about/IN like/UH cans/NNS that/WDT you/PRP keep/VBP vegetables/NNS and/CC stuff/NN ,/,",,,260.57,263.81
sw07utt/sw_0744_2376.utt,2/sw2376,2376,204,b,A,151,1,Uh-huh. /,Uh-huh/UH ./.,,,263.93,264.03000000000003
sw07utt/sw_0744_2376.utt,2/sw2376,2376,205,+,B,152,1,"in,  /","in/IN ,/,",,,263.91,263.97
sw07utt/sw_0744_2376.utt,2/sw2376,2376,206,sd,B,152,2,I don't know if those are recyclable  /,I/PRP do/VBP n't/RB know/VB if/IN those/DT are/VBP recyclable/JJ,,,263.97,265.22999999999996
sw07utt/sw_0744_2376.utt,2/sw2376,2376,207,%,B,152,3,"{C or, } -/","or/CC ,/,",,,265.23,265.37
sw07utt/sw_0744_2376.utt,2/sw2376,2376,208,sd,A,153,1,"I think they're made out of aluminum, /","I/PRP think/VBP they/PRP 're/VBP made/VBN out/IN of/IN aluminum/NN ,/,",,,265.49,266.59
sw07utt/sw_0744_2376.utt,2/sw2376,2376,209,%,B,154,1,{F Um. } /,Um/UH ./.,,,266.47,266.57000000000005
sw07utt/sw_0744_2376.utt,2/sw2376,2376,210,aa,A,155,1,Yes.  /,Yes/UH ./.,,,266.87,267.19
sw07utt/sw_0744_2376.utt,2/sw2376,2376,211,sd,A,155,2,"[ There are, + there is ]  a receptacle, {D you know, } at the centers also for aluminum, /","There/EX are/VBP ,/, there/EX is/VBZ a/DT receptacle/NN ,/, you/PRP know/VBP ,/, at/IN the/DT centers/NNS also/RB for/IN aluminum/NN ,/,",,,267.19,270.59
sw07utt/sw_0744_2376.utt,2/sw2376,2376,212,b,B,156,1,Yeah. /,Yeah/UH ./.,,,270.47,270.55
sw07utt/sw_0744_2376.utt,2/sw2376,2376,213,sd,A,157,1,"{C but } again [ we don't, + we don't ]  generate that much  /","but/CC again/RB we/PRP do/VBP n't/RB ,/, we/PRP do/VBP n't/RB generate/VB that/RB much/JJ",,,270.67,272.63
sw07utt/sw_0744_2376.utt,2/sw2376,2376,214,%,A,157,2,"{C so, } -/","so/RB ,/,",,,272.63,272.73
sw07utt/sw_0744_2376.utt,2/sw2376,2376,215,b,B,158,1,"Yeah, /","Yeah/UH ,/,",,,272.75,273.01
sw07utt/sw_0744_2376.utt,2/sw2376,2376,216,sd,A,159,1,"we don't, /","we/PRP do/VBP n't/RB ,/,",,,273.13,273.47
sw07utt/sw_0744_2376.utt,2/sw2376,2376,217,sd,B,160,1,"we don't either, /","we/PRP do/VBP n't/RB either/RB ,/,",,,273.35,273.79
sw07utt/sw_0744_2376.utt,2/sw2376,2376,218,b,A,161,1,Yeah. /,Yeah/UH ./.,,,273.99,274.11
sw07utt/sw_0744_2376.utt,2/sw2376,2376,219,sd,B,162,1,we usually use frozen vegetables and things  /,we/PRP usually/RB use/VBP frozen/JJ vegetables/NNS and/CC things/NNS,,,274.19,276.09
sw07utt/sw_0744_2376.utt,2/sw2376,2376,220,sd,B,162,2,"{C so } we don't really have,","so/IN we/PRP do/VBP n't/RB really/RB have/VB ,/,",,,276.09,276.83000000000004
sw07utt/sw_0744_2376.utt,2/sw2376,2376,221,aa,A,163,1,That's right. /,That/DT 's/BES right/JJ ./.,,,277.03,277.47
sw07utt/sw_0744_2376.utt,2/sw2376,2376,222,+,B,164,1,much of that. /,much/JJ of/IN that/DT ./.,,,277.35,277.77000000000004
sw07utt/sw_0744_2376.utt,2/sw2376,2376,223,b^m,A,165,1,"that, - /","that/IN ,/,",,,277.89,278.01
sw07utt/sw_0744_2376.utt,2/sw2376,2376,224,sd,A,165,2,"ninety-nine percent of ours is newspaper   {C and, } {F uh, } {D you know, } {F uh, } glass. /","ninety-nine/CD percent/NN of/IN ours/PRP$ is/VBZ newspaper/NN and/CC ,/, uh/UH ,/, you/PRP know/VBP ,/, uh/UH ,/, glass/NN ./.",,,278.51,282.25
sw07utt/sw_0744_2376.utt,2/sw2376,2376,225,b,B,166,1,Yeah.  /,Yeah/UH ./.,,,282.13,282.23
sw07utt/sw_0744_2376.utt,2/sw2376,2376,226,sd,B,166,2,"{D Well, } now when we lived out in California they actually had places where you could recycle if you change the oil in your car,","Well/UH ,/, now/RB when/WRB we/PRP lived/VBD out/IN in/IN California/NNP they/PRP actually/RB had/VBD places/NNS where/WRB you/PRP could/MD recycle/VB if/IN you/PRP change/VBP the/DT oil/NN in/IN your/PRP$ car/NN ,/,",,,282.51,287.60999999999996
sw07utt/sw_0744_2376.utt,2/sw2376,2376,227,b,A,167,1,Uh-huh. /,Uh-huh/UH ./.,,,287.73,287.91
sw07utt/sw_0744_2376.utt,2/sw2376,2376,228,+,B,168,1,"or for aerosol cans and things,","or/CC for/IN aerosol/NN cans/NNS and/CC things/NNS ,/,",,,288.23,289.77000000000004
sw07utt/sw_0744_2376.utt,2/sw2376,2376,229,b,A,169,1,Uh-huh. /,Uh-huh/UH ./.,,,289.93,290.03000000000003
sw07utt/sw_0744_2376.utt,2/sw2376,2376,230,+,B,170,1,"like that because they say it's not safe to put those things,","like/IN that/DT because/IN they/PRP say/VBP it/PRP 's/BES not/RB safe/JJ to/TO put/VB those/DT things/NNS ,/,",,,289.91,292.21
sw07utt/sw_0744_2376.utt,2/sw2376,2376,231,aa,A,171,1,That's right. /,That/DT 's/BES right/JJ ./.,,,292.33,292.67
sw07utt/sw_0744_2376.utt,2/sw2376,2376,232,+,B,172,1,in the regular trash <noise>. /,in/IN the/DT regular/JJ trash/NN ./.,,,292.55,293.29
sw07utt/sw_0744_2376.utt,2/sw2376,2376,233,sd,A,173,1,Car batteries. /,Car/NN batteries/NNS ./.,,,293.4,293.98
sw07utt/sw_0744_2376.utt,2/sw2376,2376,234,b,B,174,1,Yeah  /,Yeah/UH,,,294.23,294.41
sw07utt/sw_0744_2376.utt,2/sw2376.pos,2376,235,x,B,174,2,<noise>.,./.,,,0.0,0.0
sw07utt/sw_0744_2376.utt,2/sw2376,2376,236,b,A,175,1,Uh-huh. /,Uh-huh/UH ./.,,,294.52,294.79999999999995
sw07utt/sw_0744_2376.utt,2/sw2376,2376,237,b,B,176,1,Yeah. /,Yeah/UH ./.,,,294.95,295.17
sw07utt/sw_0744_2376.utt,2/sw2376,2376,238,sd,A,177,1,"[ I don't, + {D you know } I don't ] change my own oil, /","I/PRP do/VBP n't/RB ,/, you/PRP know/VBP I/PRP do/VBP n't/RB change/VB my/PRP$ own/JJ oil/NN ,/,",,,295.28,297.62
sw07utt/sw_0744_2376.utt,2/sw2376,2376,239,x,B,178,1,<Noise>.,,,,0.0,0.0
sw07utt/sw_0744_2376.utt,2/sw2376,2376,240,sd,A,179,1,"{C so } [ I don't, + I don't, ] {F uh, }   don't have that problem. /","so/RB I/PRP do/VBP n't/RB ,/, I/PRP do/VBP n't/RB ,/, uh/UH ,/, do/VBP n't/RB have/VB that/DT problem/NN ./.",,,297.62,300.06
sw07utt/sw_0744_2376.utt,2/sw2376,2376,241,b,B,180,1,Yeah.  /,Yeah/UH ./.,,,300.23,300.77000000000004
sw07utt/sw_0744_2376.utt,2/sw2376,2376,242,b^r,B,180,2,"Yeah,  /","Yeah/UH ,/,",,,301.99,302.17
sw07utt/sw_0744_2376.utt,2/sw2376,2376,243,sd,B,180,3,"{D well } other than that I'm not really sure, /","well/UH other/JJ than/IN that/DT I/PRP 'm/VBP not/RB really/RB sure/JJ ,/,",,,302.17,303.79
sw07utt/sw_0744_2376.utt,2/sw2376,2376,244,b,A,181,1,Yeah. /,Yeah/UH ./.,,,303.9,303.97999999999996
sw07utt/sw_0744_2376.utt,2/sw2376,2376,245,sd,B,182,1,"[ we, + we ] try to recycle old clothes <laughter>. /","we/PRP ,/, we/PRP try/VBP to/TO recycle/VB old/JJ clothes/NNS ./.",,,303.87,305.87
sw07utt/sw_0744_2376.utt,2/sw2376,2376,246,b,A,183,1,Uh-huh.  /,Uh-huh/UH ./.,,,305.98,306.24
sw07utt/sw_0744_2376.utt,2/sw2376,2376,247,b,A,183,2,"Yeah,  /","Yeah/UH ,/,",,,306.26,306.36
sw07utt/sw_0744_2376.utt,2/sw2376,2376,248,sd*,A,183,3,{D well } we do to as a matter of fact. /   *[[typo too]],well/UH we/PRP do/VBP to/RB as/IN a/DT matter/NN of/IN fact/NN ./.,,,306.36,307.58
sw07utt/sw_0744_2376.utt,2/sw2376,2376,249,sd,B,184,1,"Our church has a # place, #","Our/PRP$ church/NN has/VBZ a/DT place/NN ,/,",,,307.47,308.59
sw07utt/sw_0744_2376.utt,2/sw2376,2376,250,b,A,185,1,# Right. # /,Right/UH ./.,,,0.0,0.0
sw07utt/sw_0744_2376.utt,2/sw2376,2376,251,+,B,186,1,where you can take them  /,where/WRB you/PRP can/MD take/VB them/PRP,,,308.59,309.37
sw07utt/sw_0744_2376.utt,2/sw2376,2376,252,sd,B,186,2,"{C and } they, {D you know, }  pass them on to,","and/CC they/PRP ,/, you/PRP know/VBP ,/, pass/VB them/PRP on/RP to/IN ,/,",,,309.37,310.51
sw07utt/sw_0744_2376.utt,2/sw2376,2376,253,b,A,187,1,Yeah. /,Yeah/UH ./.,,,310.62,310.7
sw07utt/sw_0744_2376.utt,2/sw2376,2376,254,+,B,188,1,"other families,  /","other/JJ families/NNS ,/,",,,310.59,311.31
sw07utt/sw_0744_2376.utt,2/sw2376,2376,255,%,B,188,2,{C so. } -/,so/RB ./.,,,311.31,311.41
sw07utt/sw_0744_2376.utt,2/sw2376,2376,256,b,A,189,1,Yes  /,Yes/UH,,,311.52,311.64
sw07utt/sw_0744_2376.utt,2/sw2376,2376,257,sd,A,189,2,we have one of those in town.  /,we/PRP have/VBP one/CD of/IN those/DT in/NN town/NN ./.,,,311.64,313.0
sw07utt/sw_0744_2376.utt,2/sw2376,2376,258,%,A,189,3,Uh-huh. /,Uh-huh/UH ./.,,,313.0,313.12
sw07utt/sw_0744_2376.utt,2/sw2376,2376,259,b,B,190,1,"Yeah,  /","Yeah/UH ,/,",,,313.17,313.35
sw07utt/sw_0744_2376.utt,2/sw2376,2376,260,b^r,B,190,2,yeah. /,yeah/UH ./.,,,313.35,313.49
sw07utt/sw_0744_2376.utt,2/sw2376,2376,261,sd,A,191,1,"{D You know, } our church each year has a, - /","You/PRP know/VBP ,/, our/PRP$ church/NN each/DT year/NN has/VBZ a/DT ,/,",,,313.6,315.53999999999996
sw07utt/sw_0744_2376.utt,2/sw2376,2376,262,sd,A,191,2,"one of their major fund raisers is, {D you know, } a garage sale. /","one/CD of/IN their/PRP$ major/JJ fund/NN raisers/NNS is/VBZ ,/, you/PRP know/VBP ,/, a/DT garage/NN sale/NN ./.",,,316.0,318.46000000000004
sw07utt/sw_0744_2376.utt,2/sw2376,2376,263,b,B,192,1,Oh. /,Oh/UH ./.,,,318.75,319.11
sw07utt/sw_0744_2376.utt,2/sw2376,2376,264,sd,A,193,1,"{C And } there's a ton of clothes always,  {D you know } left over  /","And/CC there/EX 's/BES a/DT ton/NN of/IN clothes/NNS always/RB ,/, you/PRP know/VBP left/VBN over/RP",,,319.22,321.8
sw07utt/sw_0744_2376.utt,2/sw2376,2376,265,sd,A,193,2,"{C and } I take those down to the, - /","and/CC I/PRP take/VBP those/DT down/IN to/IN the/DT ,/,",,,321.8,323.15999999999997
sw07utt/sw_0744_2376.utt,2/sw2376,2376,266,sd,A,193,3,"<lipsmack> {F uh, } it's called the Clothes Closet, /","uh/UH ,/, it/PRP 's/BES called/VBN the/DT Clothes/NNP Closet/NNP ,/,",,,323.9,326.71999999999997
sw07utt/sw_0744_2376.utt,2/sw2376,2376,267,b,B,194,1,Uh-huh. /,Uh-huh/UH ./.,,,326.6,326.76000000000005
sw07utt/sw_0744_2376.utt,2/sw2376,2376,268,sd,A,195,1,that's what it's called here in Plano. /,that/DT 's/BES what/WP it/PRP 's/BES called/VBN here/RB in/IN Plano/NNP ./.,,,327.0,328.14
sw07utt/sw_0744_2376.utt,2/sw2376,2376,269,bf@,B,196,1,"Kind of like a Goodwill, / *[[should this really be the end of a slash unit?  B's next utterance is left hanging as a result]]","Kind/RB of/RB like/IN a/DT Goodwill/NNP ,/,",,,328.04,328.97999999999996
sw07utt/sw_0744_2376.utt,2/sw2376,2376,270,aa,A,197,1,Right. /,Right/UH ./.,,,329.1,329.28000000000003
sw07utt/sw_0744_2376.utt,2/sw2376,2376,271,bf@,B,198,1,"kind of place. /  *[[or is just a '+' if previous B utterance is ""de-slashed""]]",kind/NN of/IN place/NN ./.,,,329.16,329.64
sw07utt/sw_0744_2376.utt,2/sw2376,2376,272,aa,A,199,1,Uh-huh. /,Uh-huh/UH ./.,,,329.76,329.92
sw07utt/sw_0744_2376.utt,2/sw2376,2376,273,b,B,200,1,Yeah. /,Yeah/UH ./.,,,329.8,329.90000000000003
sw07utt/sw_0744_2376.utt,2/sw2376,2376,274,sd,A,201,1,"{C And } they distribute them to the people,","And/CC they/PRP distribute/VBP them/PRP to/IN the/DT people/NNS ,/,",,,330.02,331.32
sw07utt/sw_0744_2376.utt,2/sw2376,2376,275,b,B,202,1,Yeah. /,Yeah/UH ./.,,,331.2,331.4
sw07utt/sw_0744_2376.utt,2/sw2376,2376,276,+,A,203,1,that need them. /,that/DT need/VBP them/PRP ./.,,,331.52,331.88
sw07utt/sw_0744_2376.utt,2/sw2376,2376,277,b,B,204,1,Yeah.  /,Yeah/UH ./.,,,332.56,332.7
sw07utt/sw_0744_2376.utt,2/sw2376,2376,278,b^r,B,204,2,Yeah  /,Yeah/UH,,,332.7,332.84
sw07utt/sw_0744_2376.utt,2/sw2376,2376,279,sv,B,204,3,"[ that's, + that's ] real helpful,","that/DT 's/BES ,/, that/DT 's/BES real/RB helpful/JJ ,/,",,,332.84,333.98
sw07utt/sw_0744_2376.utt,2/sw2376,2376,280,b,A,205,1,Uh-huh. /,Uh-huh/UH ./.,,,334.16,334.26000000000005
sw07utt/sw_0744_2376.utt,2/sw2376,2376,281,+,B,206,1,too. /,too/RB ./.,,,334.14,334.2
sw07utt/sw_0744_2376.utt,2/sw2376,2376,282,b,A,207,1,Yeah. /,Yeah/UH ./.,,,334.32,334.52
sw07utt/sw_0744_2376.utt,2/sw2376,2376,283,sd,B,208,1,"{D Well, } I'm not sure I can't really think of anything else that we could recycle. /","Well/UH ,/, I/PRP 'm/VBP not/RB sure/JJ I/PRP ca/MD n't/RB really/RB think/VB of/IN anything/NN else/RB that/WDT we/PRP could/MD recycle/VB ./.",,,334.7,338.96000000000004
sw07utt/sw_0744_2376.utt,2/sw2376,2376,284,aa,A,209,1,"No,  /","No/UH ,/,",,,339.08,339.32
sw07utt/sw_0744_2376.utt,2/sw2376,2376,285,sd,A,209,2,"I can't either <breathing>, /","I/PRP ca/MD n't/RB either/RB ,/,",,,339.32,340.11999999999995
sw07utt/sw_0744_2376.utt,2/sw2376,2376,286,b,B,210,1,Yeah. /,Yeah/UH ./.,,,340.26,340.4
sw07utt/sw_0744_2376.utt,2/sw2376,2376,287,sd^r,A,211,1,"I really can't,  /","I/PRP really/RB ca/MD n't/RB ,/,",,,340.52,341.24
sw07utt/sw_0744_2376.utt,2/sw2376,2376,288,%,A,211,2,"{F um, } no,  /","um/UH ,/, no/UH ,/,",,,341.44,343.12
sw07utt/sw_0744_2376.utt,2/sw2376,2376,289,sd^r,A,211,3,"[ I, + I ]  really can't either. /","I/PRP ,/, I/PRP really/RB ca/MD n't/RB either/RB ./.",,,343.3,344.18
sw07utt/sw_0744_2376.utt,2/sw2376,2376,290,b,B,212,1,Okay. /,Okay/UH ./.,,,344.6,344.78000000000003
sw07utt/sw_0744_2376.utt,2/sw2376,2376,291,b,A,213,1,"Okay,  /","Okay/UH ,/,",,,344.9,345.14
sw07utt/sw_0744_2376.utt,2/sw2376,2376,292,fc,A,213,2,"{D well, } it was nice talking to you. /","well/UH ,/, it/PRP was/VBD nice/JJ talking/VBG to/IN you/PRP ./.",,,345.52,346.96
sw07utt/sw_0744_2376.utt,2/sw2376,2376,293,fc,B,214,1,You to.  /,You/PRP to/RB ./.,,,346.88,347.08
sw07utt/sw_0744_2376.utt,2/sw2376,2376,294,fc,B,214,2,"Take,","Take/VB ,/,",,,347.08,347.18
sw07utt/sw_0744_2376.utt,2/sw2376,2376,295,fc,A,215,1,Okay. /,Okay/UH ./.,,,347.3,347.5
sw07utt/sw_0744_2376.utt,2/sw2376,2376,296,+,B,216,1,care. /,care/NN ./.,,,347.38,347.74
sw07utt/sw_0744_2376.utt,2/sw2376,2376,297,fc,A,217,1,All right.  /,All/RB right/JJ ./.,,,347.86,348.3
sw07utt/sw_0744_2376.utt,2/sw2376,2376,298,fc,A,217,2,# Bye-bye. # /,Bye-bye/UH ./.,,,348.3,348.72
sw07utt/sw_0744_2376.utt,2/sw2376,2376,299,fc,B,218,1,# Bye-bye. # <Noise> <<phone receiver>> <noise> <<water running>>. /,Bye-bye/UH ./. ./.,,,0.0,0.0
