swda_filename,ptb_basename,conversation_no,transcript_index,act_tag,caller,utterance_index,subutterance_index,text,pos,trees,ptb_treenumbers,start_ts,end_ts
sw10utt/sw_1001_2389.utt,2/sw2389,2389,0,o,A,1,1,Okay <laughter>. /,Okay/UH ./.,,,0.76,1.04
sw10utt/sw_1001_2389.utt,2/sw2389,2389,1,ad,B,2,1,"If you want to go first, go ahead. /","If/IN you/PRP want/VBP to/TO go/VB first/RB ,/, go/VB ahead/RB ./.",,,1.94,3.3200000000000003
sw10utt/sw_1001_2389.utt,2/sw2389,2389,2,sd,A,3,1,"{F Oh, } [ I think, + I think  ] that a woman's role has come a long way.  /","Oh/UH ,/, I/PRP think/VBP ,/, I/PRP think/VBP that/IN a/DT woman/NN 's/POS role/NN has/VBZ come/VBN a/DT long/JJ way/NN ./.",,,4.46,8.16
sw10utt/sw_1001_2389.utt,2/sw2389,2389,3,sv,A,3,2,"We have gone more into the business aspect [ of, + like I say, of,  ] I don't know, working more,  /","We/PRP have/VBP gone/VBN more/RBR into/IN the/DT business/NN aspect/NN of/IN ,/, like/IN I/PRP say/VBP ,/, of/IN ,/, I/PRP do/VBP n't/RB know/VB ,/, working/VBG more/RBR ,/,",,,8.54,17.76
sw10utt/sw_1001_2389.utt,2/sw2389,2389,4,sv,A,3,3,"{C and } [ we, + I think we've  ] even gone into more the labor aspect of it also.","and/CC we/PRP ,/, I/PRP think/VBP we/PRP 've/VBP even/RB gone/VBN into/IN more/RBR the/DT labor/NN aspect/NN of/IN it/PRP also/RB ./.",,,18.18,22.240000000000002
sw10utt/sw_1001_2389.utt,2/sw2389,2389,5,aa,B,4,1,"Yeah,  /","Yeah/UH ,/,",,,22.66,22.78
sw10utt/sw_1001_2389.utt,2/sw2389,2389,6,aa,B,4,2,definitely. /,definitely/UH ./.,,,23.34,23.919999999999998
sw10utt/sw_1001_2389.utt,2/sw2389,2389,7,+,A,5,1,"With the pay and everything, {D you know. } /","With/IN the/DT pay/NN and/CC everything/NN ,/, you/PRP know/VBP ./.",,,24.38,27.54
sw10utt/sw_1001_2389.utt,2/sw2389,2389,8,sv,B,6,1,"I feel that, {F uh, } we've missed as far as the top jobs go.","I/PRP feel/VBP that/IN ,/, uh/UH ,/, we/PRP 've/VBP missed/VBN as/RB far/RB as/IN the/DT top/JJ jobs/NNS go/VBP ./.",,,27.56,32.88
sw10utt/sw_1001_2389.utt,2/sw2389,2389,9,b,A,7,1,Yeah. /,Yeah/UH ./.,,,33.04,33.44
sw10utt/sw_1001_2389.utt,2/sw2389,2389,10,+,B,8,1,"{D You know, } the higher echelon. /","You/PRP know/VBP ,/, the/DT higher/JJR echelon/NN ./.",,,33.62,35.2
sw10utt/sw_1001_2389.utt,2/sw2389,2389,11,b,A,9,1,Uh-huh. /,Uh-huh/UH ./.,,,35.22,35.62
sw10utt/sw_1001_2389.utt,2/sw2389,2389,12,sv,B,10,1,"{C Because } if you look at most corporations, there isn't a woman, {D you know, } that's on the board of directors, or that type of thing,  /","Because/IN if/IN you/PRP look/VBP at/IN most/JJS corporations/NNS ,/, there/EX is/VBZ n't/RB a/DT woman/NN ,/, you/PRP know/VBP ,/, that/WDT 's/BES on/IN the/DT board/NN of/IN directors/NNS ,/, or/CC that/DT type/NN of/IN thing/NN ,/,",,,35.62,42.199999999999996
sw10utt/sw_1001_2389.utt,2/sw2389,2389,13,sv,B,10,2,they are mostly all men. /,they/PRP are/VBP mostly/RB all/DT men/NNS ./.,,,42.2,43.220000000000006
sw10utt/sw_1001_2389.utt,2/sw2389,2389,14,b,A,11,1,Uh-huh. /,Uh-huh/UH ./.,,,43.52,43.64
sw10utt/sw_1001_2389.utt,2/sw2389,2389,15,sv,B,12,1,"There may be a few, but very incidental. /","There/EX may/MD be/VB a/DT few/NN ,/, but/CC very/RB incidental/JJ ./.",,,43.64,46.26
sw10utt/sw_1001_2389.utt,2/sw2389,2389,16,b,A,13,1,Yeah. /,Yeah/UH ./.,,,46.48,46.699999999999996
sw10utt/sw_1001_2389.utt,2/sw2389,2389,17,sd,B,14,1,"<Laughter> {C And } I really think that it will be a long time, probably, before we see that.  /","And/CC I/PRP really/RB think/VBP that/IN it/PRP will/MD be/VB a/DT long/JJ time/NN ,/, probably/RB ,/, before/IN we/PRP see/VBP that/DT ./.",,,47.18,51.199999999999996
sw10utt/sw_1001_2389.utt,2/sw2389,2389,18,sd,B,14,2,"In one sense, I'm an older person, in my fifties, so I feel that we've lost some things in the sense that women have to work today.","In/IN one/CD sense/NN ,/, I/PRP 'm/VBP an/DT older/JJR person/NN ,/, in/IN my/PRP$ fifties/NNS ,/, so/RB I/PRP feel/VBP that/IN we/PRP 've/VBP lost/VBN some/DT things/NNS in/IN the/DT sense/NN that/IN women/NNS have/VBP to/TO work/VB today/RB ./.",,,52.06,62.18
sw10utt/sw_1001_2389.utt,2/sw2389,2389,19,b,A,15,1,Uh-huh. /,Uh-huh/UH ./.,,,62.38,62.78
sw10utt/sw_1001_2389.utt,2/sw2389,2389,20,+,B,16,1,"{D You know, } that they are not in the home by choice anymore. /","You/PRP know/VBP ,/, that/IN they/PRP are/VBP not/RB in/IN the/DT home/NN by/IN choice/NN anymore/RB ./.",,,62.88,66.52
sw10utt/sw_1001_2389.utt,2/sw2389,2389,21,b,A,17,1,Uh-huh. /,Uh-huh/UH ./.,,,66.86,66.98
sw10utt/sw_1001_2389.utt,2/sw2389,2389,22,sv,B,18,1,"It's mostly, {D you know, } - /","It/PRP 's/BES mostly/RB ,/, you/PRP know/VBP ,/,",,,66.98,68.25999999999999
sw10utt/sw_1001_2389.utt,2/sw2389,2389,23,sv,B,18,2,"even if you want to say home, you really can't. /","even/RB if/IN you/PRP want/VBP to/TO say/VB home/RB ,/, you/PRP really/RB ca/MD n't/RB ./.",,,68.26,70.7
sw10utt/sw_1001_2389.utt,2/sw2389,2389,24,ba,A,19,1,"<Laughter> {C And } a lot of times you can't,  /","And/CC a/DT lot/NN of/IN times/NNS you/PRP ca/MD n't/RB ,/,",,,71.04,72.3
sw10utt/sw_1001_2389.utt,2/sw2389,2389,25,aa,A,19,2,yeah. /,yeah/UH ./.,,,72.3,72.53999999999999
sw10utt/sw_1001_2389.utt,2/sw2389,2389,26,sv,B,20,1,"{D You know, } it's gotten to be a two income family to just survive today between taxes and the cost of living,  /","You/PRP know/VBP ,/, it/PRP 's/HVS gotten/VBN to/TO be/VB a/DT two/CD income/NN family/NN to/TO just/RB survive/VB today/RB between/IN taxes/NNS and/CC the/DT cost/NN of/IN living/NN ,/,",,,72.78,79.39999999999999
sw10utt/sw_1001_2389.utt,2/sw2389,2389,27,sv,B,20,2,"{C and } I don't think raises have kept up with, {D you know, } a lot of the stuff, {D you know, } as far as your medical insurance and just groceries and gasoline and all, {D you know. } /","and/CC I/PRP do/VBP n't/RB think/VB raises/NNS have/VBP kept/VBN up/IN with/IN ,/, you/PRP know/VBP ,/, a/DT lot/NN of/IN the/DT stuff/NN ,/, you/PRP know/VBP ,/, as/RB far/RB as/IN your/PRP$ medical/JJ insurance/NN and/CC just/RB groceries/NNS and/CC gasoline/NN and/CC all/DT ,/, you/PRP know/VBP ./.",,,79.86,89.82000000000001
sw10utt/sw_1001_2389.utt,2/sw2389,2389,28,b,A,21,1,Uh-huh. /,Uh-huh/UH ./.,,,89.88,90.16
sw10utt/sw_1001_2389.utt,2/sw2389,2389,29,sd,B,22,1,"{C So } I think that we did come a long way in the sense that [ we are allowed to vote in, + {D you know, } like you say, we're  ] out in the labor force, but I think we've lost something too. /","So/RB I/PRP think/VBP that/IN we/PRP did/VBD come/VB a/DT long/JJ way/NN in/IN the/DT sense/NN that/IN we/PRP are/VBP allowed/VBN to/TO vote/VB in/IN ,/, you/PRP know/VBP ,/, like/IN you/PRP say/VBP ,/, we/PRP 're/VBP out/IN in/IN the/DT labor/NN force/NN ,/, but/CC I/PRP think/VBP we/PRP 've/VBP lost/VBN something/NN too/RB ./.",,,91.3,102.96000000000001
sw10utt/sw_1001_2389.utt,2/sw2389,2389,30,b,A,23,1,"Yeah,  /","Yeah/UH ,/,",,,103.5,103.74
sw10utt/sw_1001_2389.utt,2/sw2389,2389,31,sd,A,23,2,"my mom, she's a housewife,  /","my/PRP$ mom/NN ,/, she/PRP 's/BES a/DT housewife/NN ,/,",,,103.74,106.02000000000001
sw10utt/sw_1001_2389.utt,2/sw2389,2389,32,sd,A,23,3,"{C and, } {D well, } there is twelve kids in my family,  /","and/CC ,/, well/UH ,/, there/EX is/VBZ twelve/CD kids/NNS in/IN my/PRP$ family/NN ,/,",,,106.36,108.92
sw10utt/sw_1001_2389.utt,2/sw2389,2389,33,sd,A,23,4,"{C so } my mom never could really work, {D you know, } because she was kind of pregnant from day one.  /","so/RB my/PRP$ mom/NN never/RB could/MD really/RB work/VB ,/, you/PRP know/VBP ,/, because/IN she/PRP was/VBD kind/RB of/RB pregnant/JJ from/IN day/NN one/CD ./.",,,109.32,114.94
sw10utt/sw_1001_2389.utt,2/sw2389,2389,34,sd,A,23,5,She never really had a chance to work. /,She/PRP never/RB really/RB had/VBD a/DT chance/NN to/TO work/VB ./.,,,114.94,116.69999999999999
sw10utt/sw_1001_2389.utt,2/sw2389,2389,35,b,B,24,1,Yeah. /,Yeah/UH ./.,,,117.54,117.7
sw10utt/sw_1001_2389.utt,2/sw2389,2389,36,sd,A,25,1,"She worked before she got married,  /","She/PRP worked/VBD before/IN she/PRP got/VBD married/JJ ,/,",,,117.7,119.19999999999999
sw10utt/sw_1001_2389.utt,2/sw2389,2389,37,sd,A,25,2,"{C but, } {F uh, } [ she, + {F uh, } she  ] doesn't believe in, - /","but/CC ,/, uh/UH ,/, she/PRP ,/, uh/UH ,/, she/PRP does/VBZ n't/RB believe/VB in/IN ,/,",,,119.2,123.52
sw10utt/sw_1001_2389.utt,2/sw2389,2389,38,sd,A,25,3,she's very old fashioned.  /,she/PRP 's/BES very/RB old/GW fashioned/^JJ ./.,,,124.26,125.24000000000001
sw10utt/sw_1001_2389.utt,2/sw2389,2389,39,sd,A,25,4,She doesn't believe in the woman working unless she has to. /,She/PRP does/VBZ n't/RB believe/VB in/IN the/DT woman/NN working/VBG unless/IN she/PRP has/VBZ to/TO ./.,,,125.24,128.66
sw10utt/sw_1001_2389.utt,2/sw2389,2389,40,sd,B,26,1,"That's what I mean,  /","That/DT 's/BES what/WP I/PRP mean/VBP ,/,",,,128.66,130.04
sw10utt/sw_1001_2389.utt,2/sw2389,2389,41,sv,B,26,2,{C and } --,and/CC --/:,,,130.06,130.26
sw10utt/sw_1001_2389.utt,2/sw2389,2389,42,b,A,27,1,Yeah. /,Yeah/UH ./.,,,130.26,130.67999999999998
sw10utt/sw_1001_2389.utt,2/sw2389,2389,43,+,B,28,1,"-- {D you know, } there's a lot of truth to that.  /","--/: you/PRP know/VBP ,/, there/EX 's/BES a/DT lot/NN of/IN truth/NN to/IN that/DT ./.",,,130.68,132.86
sw10utt/sw_1001_2389.utt,2/sw2389,2389,44,sv,B,28,2,"If you are not going to have a family, then that's fine,  /","If/IN you/PRP are/VBP not/RB going/VBG to/TO have/VB a/DT family/NN ,/, then/RB that/DT 's/BES fine/JJ ,/,",,,132.86,135.74
sw10utt/sw_1001_2389.utt,2/sw2389,2389,45,sv,B,28,3,"then, {D you know, } a career is a smart choice. /","then/RB ,/, you/PRP know/VBP ,/, a/DT career/NN is/VBZ a/DT smart/JJ choice/NN ./.",,,135.88,138.32
sw10utt/sw_1001_2389.utt,2/sw2389,2389,46,b,A,29,1,Uh-huh. /,Uh-huh/UH ./.,,,138.34,138.44
sw10utt/sw_1001_2389.utt,2/sw2389,2389,47,sd,B,30,1,"{C And } I think it's great,  but if [ you, + you  ] have a family, I think you owe the family a responsibility.  /","And/CC I/PRP think/VBP it/PRP 's/BES great/JJ ,/, but/CC if/IN you/PRP ,/, you/PRP have/VBP a/DT family/NN ,/, I/PRP think/VBP you/PRP owe/VBP the/DT family/NN a/DT responsibility/NN ./.",,,138.44,144.86
sw10utt/sw_1001_2389.utt,2/sw2389,2389,48,b,A,31,1,Uh-huh. /,Uh-huh/UH ./.,,,144.86,145.0
sw10utt/sw_1001_2389.utt,2/sw2389,2389,49,sv,B,32,1,"{C And } to have children and just get a day care or someone to take care of it, and not really have the bonding process that takes place with babies and  stuff, {D you know } --","And/CC to/TO have/VB children/NNS and/CC just/RB get/VB a/DT day/NN care/NN or/CC someone/NN to/TO take/VB care/NN of/IN it/PRP ,/, and/CC not/RB really/RB have/VB the/DT bonding/NN process/NN that/WDT takes/VBZ place/NN with/IN babies/NNS and/CC stuff/NN ,/, you/PRP know/VBP --/:",,,145.42,156.12
sw10utt/sw_1001_2389.utt,2/sw2389,2389,50,b,A,33,1,Uh-huh. /,Uh-huh/UH ./.,,,156.12,156.3
sw10utt/sw_1001_2389.utt,2/sw2389,2389,51,+,B,34,1,"-- [ I, + I  ] think that the mother and the child lose,  /","--/: I/PRP ,/, I/PRP think/VBP that/IN the/DT mother/NN and/CC the/DT child/NN lose/VBP ,/,",,,156.96,160.26000000000002
sw10utt/sw_1001_2389.utt,2/sw2389,2389,52,sv,B,34,2,{C and } I think that's why there is so many problems --,and/CC I/PRP think/VBP that/DT 's/BES why/WRB there/EX is/VBZ so/RB many/JJ problems/NNS --/:,,,160.26,161.94
sw10utt/sw_1001_2389.utt,2/sw2389,2389,53,b,A,35,1,Yeah. /,Yeah/UH ./.,,,161.94,162.3
sw10utt/sw_1001_2389.utt,2/sw2389,2389,54,+,B,36,1,"-- {D you know, } with kids today,  /","--/: you/PRP know/VBP ,/, with/IN kids/NNS today/RB ,/,",,,162.3,163.44
sw10utt/sw_1001_2389.utt,2/sw2389,2389,55,sv,B,36,2,{C because } they don't have the family roots anymore.  /,because/IN they/PRP do/VBP n't/RB have/VB the/DT family/NN roots/NNS anymore/RB ./.,,,163.82,165.94
sw10utt/sw_1001_2389.utt,2/sw2389,2389,56,sd,B,36,3,"{D You know, } I'm not saying [ that, + that  ] it's totally gone,  but it's nothing like what it used to be.","You/PRP know/VBP ,/, I/PRP 'm/VBP not/RB saying/VBG that/IN ,/, that/IN it/PRP 's/BES totally/RB gone/VBN ,/, but/CC it/PRP 's/BES nothing/NN like/IN what/WP it/PRP used/VBD to/TO be/VB ./.",,,167.04,171.24
sw10utt/sw_1001_2389.utt,2/sw2389,2389,57,b,A,37,1,"Yeah,  /","Yeah/UH ,/,",,,171.24,171.70000000000002
sw10utt/sw_1001_2389.utt,2/sw2389,2389,58,b,A,37,2,uh-huh. /,uh-huh/UH ./.,,,171.92,172.22
sw10utt/sw_1001_2389.utt,2/sw2389,2389,59,+,B,38,1,"{D You know, } in that sense. /","You/PRP know/VBP ,/, in/IN that/DT sense/NN ./.",,,172.22,173.26
sw10utt/sw_1001_2389.utt,2/sw2389,2389,60,b,A,39,1,"Yeah,  /","Yeah/UH ,/,",,,173.52,173.88000000000002
sw10utt/sw_1001_2389.utt,2/sw2389,2389,61,sd,A,39,2,"{C and } also {D like } [ my mom, + my mom  ] thinks, - /","and/CC also/RB like/UH my/PRP$ mom/NN ,/, my/PRP$ mom/NN thinks/VBZ ,/,",,,174.2,176.44
sw10utt/sw_1001_2389.utt,2/sw2389,2389,62,sd,A,39,3,"{E I mean } she's kind of right with it,  /","I/PRP mean/VBP she/PRP 's/BES kind/RB of/RB right/RB with/IN it/PRP ,/,",,,176.84,178.92000000000002
sw10utt/sw_1001_2389.utt,2/sw2389,2389,63,sd,A,39,4,"when both partners of the marriage work, she feels that that's taking more away,  /","when/WRB both/DT partners/NNS of/IN the/DT marriage/NN work/VBP ,/, she/PRP feels/VBZ that/IN that/DT 's/BES taking/VBG more/RBR away/RB ,/,",,,178.98,186.3
sw10utt/sw_1001_2389.utt,2/sw2389,2389,64,sd,A,39,5,that's increasing more unemployment for people that need to work.,that/DT 's/BES increasing/VBG more/JJR unemployment/NN for/IN people/NNS that/WDT need/VBP to/TO work/VB ./.,,,186.84,190.16
sw10utt/sw_1001_2389.utt,2/sw2389,2389,65,aa,B,40,1,"{F Oh, } definitely. /","Oh/UH ,/, definitely/UH ./.",,,190.82,191.28
sw10utt/sw_1001_2389.utt,2/sw2389,2389,66,+,A,41,1,"{D You know, } like [ for, + for  ] the men that don't have jobs,  /","You/PRP know/VBP ,/, like/IN for/IN ,/, for/IN the/DT men/NNS that/WDT do/VBP n't/RB have/VB jobs/NNS ,/,",,,191.32,193.9
sw10utt/sw_1001_2389.utt,2/sw2389,2389,67,sd,A,41,2,"[ if, + {D you know, }  she feels if  ] there is women out there just because they want to do it, she said, {D you know, } they could stay at home, /","if/IN ,/, you/PRP know/VBP ,/, she/PRP feels/VBZ if/IN there/EX is/VBZ women/NNS out/IN there/RB just/RB because/IN they/PRP want/VBP to/TO do/VB it/PRP ,/, she/PRP said/VBD ,/, you/PRP know/VBP ,/, they/PRP could/MD stay/VB at/IN home/NN ,/,",,,193.9,200.0
sw10utt/sw_1001_2389.utt,2/sw2389,2389,68,aa,B,42,1,"That's right,  /","That/DT 's/BES right/JJ ,/,",,,200.0,200.29999999999998
sw10utt/sw_1001_2389.utt,2/sw2389,2389,69,sv,B,42,2,they don't want to take care of the kids.,they/PRP do/VBP n't/RB want/VB to/TO take/VB care/NN of/IN the/DT kids/NNS ./.,,,200.3,201.54
sw10utt/sw_1001_2389.utt,2/sw2389,2389,70,b,A,43,1,Yeah. /,Yeah/UH ./.,,,201.54,201.78
sw10utt/sw_1001_2389.utt,2/sw2389,2389,71,+,B,44,1,And the house and that kind of thing.  /,And/CC the/DT house/NN and/CC that/DT kind/NN of/IN thing/NN ./.,,,201.88,203.6
sw10utt/sw_1001_2389.utt,2/sw2389,2389,72,sv,B,44,2,"That's very true,  but then they shouldn't have a family. /","That/DT 's/BES very/RB true/JJ ,/, but/CC then/RB they/PRP should/MD n't/RB have/VB a/DT family/NN ./.",,,203.76,206.84
sw10utt/sw_1001_2389.utt,2/sw2389,2389,73,b,A,45,1,Yeah. /,Yeah/UH ./.,,,207.04,207.32
sw10utt/sw_1001_2389.utt,2/sw2389,2389,74,sd,B,46,1,"That's what I'm saying, {D you know, }  /","That/DT 's/BES what/WP I/PRP 'm/VBP saying/VBG ,/, you/PRP know/VBP ,/,",,,207.32,208.55999999999997
sw10utt/sw_1001_2389.utt,2/sw2389,2389,75,sd,B,46,2,I think it's great that women have a choice today.,I/PRP think/VBP it/PRP 's/BES great/JJ that/IN women/NNS have/VBP a/DT choice/NN today/RB ./.,,,208.72,210.72
sw10utt/sw_1001_2389.utt,2/sw2389,2389,76,b,A,47,1,Uh-huh. /,Uh-huh/UH ./.,,,210.72,210.94
sw10utt/sw_1001_2389.utt,2/sw2389,2389,77,+,B,48,1,"That there are ways to prevent families,  {D you know, }  /","That/IN there/EX are/VBP ways/NNS to/TO prevent/VB families/NNS ,/, you/PRP know/VBP ,/,",,,211.6,214.18
sw10utt/sw_1001_2389.utt,2/sw2389,2389,78,sd,B,48,2,{D like } basically there's contraceptives and --,like/IN basically/RB there/EX 's/BES contraceptives/NNS and/CC --/:,,,214.18,216.22
sw10utt/sw_1001_2389.utt,2/sw2389,2389,79,b,A,49,1,Yeah. /,Yeah/UH ./.,,,216.3,216.64000000000001
sw10utt/sw_1001_2389.utt,2/sw2389,2389,80,+,B,50,1,-- all kinds of ways to prevent pregnancies.  /,--/: all/DT kinds/NNS of/IN ways/NNS to/TO prevent/VB pregnancies/NNS ./.,,,216.7,218.6
sw10utt/sw_1001_2389.utt,2/sw2389,2389,81,sv,B,50,2,There is no need to have children if you don't want them. /,There/EX is/VBZ no/DT need/NN to/TO have/VB children/NNS if/IN you/PRP do/VBP n't/RB want/VB them/PRP ./.,,,218.6,222.1
sw10utt/sw_1001_2389.utt,2/sw2389,2389,82,qo,A,51,1,"What do you think about that,  /","What/WP do/VBP you/PRP think/VB about/IN that/DT ,/,",,,222.4,223.8
sw10utt/sw_1001_2389.utt,2/sw2389,2389,83,qy,A,51,2,"do you think that, {F uh, - /","do/VBP you/PRP think/VB that/IN ,/, uh/UH ,/,",,,223.8,225.42000000000002
sw10utt/sw_1001_2389.utt,2/sw2389,2389,84,qo,A,51,3,} what do you think about the women that are not having families because they want to continue their business? /,what/WP do/VBP you/PRP think/VB about/IN the/DT women/NNS that/WDT are/VBP not/RB having/VBG families/NNS because/IN they/PRP want/VBP to/TO continue/VB their/PRP$ business/NN ?/.,,,225.42,232.36
sw10utt/sw_1001_2389.utt,2/sw2389,2389,85,sv,B,52,1,"That's fine,  /","That/DT 's/BES fine/JJ ,/,",,,233.02,233.62
sw10utt/sw_1001_2389.utt,2/sw2389,2389,86,sv,B,52,2,"[  that's, +  that's ] the freedom of choice. /","that/DT 's/BES ,/, that/DT 's/BES the/DT freedom/NN of/IN choice/NN ./.",,,233.9,235.88
sw10utt/sw_1001_2389.utt,2/sw2389,2389,87,b,A,53,1,Uh-huh. /,Uh-huh/UH ./.,,,235.88,236.18
sw10utt/sw_1001_2389.utt,2/sw2389,2389,88,sd,B,54,1,"{C And } I agree with that,  /","And/CC I/PRP agree/VBP with/IN that/DT ,/,",,,236.18,237.04000000000002
sw10utt/sw_1001_2389.utt,2/sw2389,2389,89,sv,B,54,2,{C because } anyone who has children that doesn't really want them isn't going to be a good parent. /,because/IN anyone/NN who/WP has/VBZ children/NNS that/WDT does/VBZ n't/RB really/RB want/VB them/PRP is/VBZ n't/RB going/VBG to/TO be/VB a/DT good/JJ parent/NN ./.,,,237.38,241.72
sw10utt/sw_1001_2389.utt,2/sw2389,2389,90,b,A,55,1,Uh-huh. /,Uh-huh/UH ./.,,,241.72,242.1
sw10utt/sw_1001_2389.utt,2/sw2389,2389,91,h,B,56,1,"{D Well, } I shouldn't say they are not going to be a good parent.  /","Well/UH ,/, I/PRP should/MD n't/RB say/VB they/PRP are/VBP not/RB going/VBG to/TO be/VB a/DT good/JJ parent/NN ./.",,,242.98,245.02
sw10utt/sw_1001_2389.utt,2/sw2389,2389,92,sv,B,56,2,They won't be a caring parent. /,They/PRP wo/MD n't/RB be/VB a/DT caring/JJ parent/NN ./.,,,245.1,246.76
sw10utt/sw_1001_2389.utt,2/sw2389,2389,93,b,A,57,1,Uh-huh. /,Uh-huh/UH ./.,,,246.76,246.88
sw10utt/sw_1001_2389.utt,2/sw2389,2389,94,sv,B,58,1,"{D Like } they won't have that, -/","Like/UH they/PRP wo/MD n't/RB have/VB that/DT ,/,",,,247.08,248.02
sw10utt/sw_1001_2389.utt,2/sw2389,2389,95,sv,A,59,1,{C Or } they won't be as good as they could be. /,Or/CC they/PRP wo/MD n't/RB be/VB as/RB good/JJ as/IN they/PRP could/MD be/VB ./.,,,248.02,249.85999999999999
sw10utt/sw_1001_2389.utt,2/sw2389,2389,96,aa,B,60,1,"Right,  /","Right/UH ,/,",,,250.1,250.48
sw10utt/sw_1001_2389.utt,2/sw2389,2389,97,aa,B,60,2,"that's what I mean,  /","that/DT 's/BES what/WP I/PRP mean/VBP ,/,",,,250.6,251.36
sw10utt/sw_1001_2389.utt,2/sw2389,2389,98,sv,B,60,3,they'll feel like it's a job. /,they/PRP 'll/MD feel/VB like/IN it/PRP 's/BES a/DT job/NN ./.,,,251.36,252.94
sw10utt/sw_1001_2389.utt,2/sw2389,2389,99,b,A,61,1,Uh-huh. /,Uh-huh/UH ./.,,,253.26,253.56
sw10utt/sw_1001_2389.utt,2/sw2389,2389,100,sv,B,62,1,It's not {D like } something that they really wanted.  /,It/PRP 's/BES not/RB like/UH something/NN that/WDT they/PRP really/RB wanted/VBD ./.,,,254.12,256.46
sw10utt/sw_1001_2389.utt,2/sw2389,2389,101,sd,B,62,2,"{D Like } I had three children,  /","Like/UH I/PRP had/VBD three/CD children/NNS ,/,",,,257.28,258.48
sw10utt/sw_1001_2389.utt,2/sw2389,2389,102,sd,B,62,3,"{C and } {E I mean } [ I, + I  ] wanted every one of them. /","and/CC I/PRP mean/VBP I/PRP ,/, I/PRP wanted/VBD every/DT one/CD of/IN them/PRP ./.",,,258.48,261.2
sw10utt/sw_1001_2389.utt,2/sw2389,2389,103,b,A,63,1,Uh-huh. /,Uh-huh/UH ./.,,,261.2,261.36
sw10utt/sw_1001_2389.utt,2/sw2389,2389,104,sd,B,64,1,"I'm not sorry I had any of them,  /","I/PRP 'm/VBP not/RB sorry/JJ I/PRP had/VBD any/DT of/IN them/PRP ,/,",,,261.44,262.84
sw10utt/sw_1001_2389.utt,2/sw2389,2389,105,sd,B,64,2,{C and } I worked third shift for a good part of my life just so I would be home with them. /,and/CC I/PRP worked/VBD third/JJ shift/NN for/IN a/DT good/JJ part/NN of/IN my/PRP$ life/NN just/RB so/IN I/PRP would/MD be/VB home/RB with/IN them/PRP ./.,,,263.32,267.22
sw10utt/sw_1001_2389.utt,2/sw2389,2389,106,b,A,65,1,Yeah. /,Yeah/UH ./.,,,267.36,267.64
sw10utt/sw_1001_2389.utt,2/sw2389,2389,107,sd,B,66,1,"{D You know, } I had to work, but I tried to make it as painless as possible. /","You/PRP know/VBP ,/, I/PRP had/VBD to/TO work/VB ,/, but/CC I/PRP tried/VBD to/TO make/VB it/PRP as/RB painless/JJ as/IN possible/JJ ./.",,,267.64,271.90000000000003
sw10utt/sw_1001_2389.utt,2/sw2389,2389,108,b,A,67,1,Uh-huh. /,Uh-huh/UH ./.,,,271.9,272.28
sw10utt/sw_1001_2389.utt,2/sw2389,2389,109,sd,B,68,1,"In fact, at one time I worked as a second shift,  /","In/IN fact/NN ,/, at/IN one/CD time/NN I/PRP worked/VBD as/IN a/DT second/JJ shift/NN ,/,",,,272.5,274.58
sw10utt/sw_1001_2389.utt,2/sw2389,2389,110,sd,B,68,2,"{C and } one Saturday morning we were all sitting at the breakfast table,  /","and/CC one/CD Saturday/NNP morning/NN we/PRP were/VBD all/DT sitting/NN at/IN the/DT breakfast/NN table/NN ,/,",,,274.6,278.4
sw10utt/sw_1001_2389.utt,2/sw2389,2389,111,sd,B,68,3,"{C and } the kids were talking, daddy this, daddy that, daddy this, daddy that,  /","and/CC the/DT kids/NNS were/VBD talking/VBG ,/, daddy/NNP this/DT ,/, daddy/NNP that/DT ,/, daddy/NNP this/DT ,/, daddy/NNP that/DT ,/,",,,278.4,281.7
sw10utt/sw_1001_2389.utt,2/sw2389,2389,112,sd,B,68,4,{C and } I was sitting there.  /,and/CC I/PRP was/VBD sitting/VBG there/RB ./.,,,282.04,282.74
sw10utt/sw_1001_2389.utt,2/sw2389,2389,113,sd,B,68,5,It was like I didn't belong anymore. /,It/PRP was/VBD like/IN I/PRP did/VBD n't/RB belong/VB anymore/RB ./.,,,282.74,284.58
sw10utt/sw_1001_2389.utt,2/sw2389,2389,114,x,A,69,1,<Laughter>.,,,,0.0,0.0
sw10utt/sw_1001_2389.utt,2/sw2389,2389,115,sd,B,70,1,"{C And } it was because I had worked for about nine months,  /","And/CC it/PRP was/VBD because/IN I/PRP had/VBD worked/VBN for/IN about/RB nine/CD months/NNS ,/,",,,285.18,287.86
sw10utt/sw_1001_2389.utt,2/sw2389,2389,116,sd,B,70,2,{C and } when they were coming home I was going to work. /,and/CC when/WRB they/PRP were/VBD coming/VBG home/RB I/PRP was/VBD going/VBG to/IN work/NN ./.,,,288.52,290.92
sw10utt/sw_1001_2389.utt,2/sw2389,2389,117,b,A,71,1,Uh-huh. /,Uh-huh/UH ./.,,,291.08,291.53999999999996
sw10utt/sw_1001_2389.utt,2/sw2389,2389,118,sd,B,72,1,"{C And } I wasn't there at supper time or bed time,  /","And/CC I/PRP was/VBD n't/RB there/RB at/IN supper/NN time/NN or/CC bed/NN time/NN ,/,",,,291.64,293.84000000000003
sw10utt/sw_1001_2389.utt,2/sw2389,2389,119,sd,B,72,2,"{C or } they couldn't tell me what went on at school because they would be coming in the door,  /","or/CC they/PRP could/MD n't/RB tell/VB me/PRP what/WP went/VBD on/RP at/IN school/NN because/IN they/PRP would/MD be/VB coming/VBG in/IN the/DT door/NN ,/,",,,293.84,297.3
sw10utt/sw_1001_2389.utt,2/sw2389,2389,120,sd,B,72,3,I would be going out. /,I/PRP would/MD be/VB going/VBG out/RB ./.,,,297.3,298.06
sw10utt/sw_1001_2389.utt,2/sw2389,2389,121,aa,A,73,1,Exactly. /,Exactly/UH ./.,,,298.06,298.7
sw10utt/sw_1001_2389.utt,2/sw2389,2389,122,sd,B,74,1,"{C So } we were,  /","So/RB we/PRP were/VBD ,/,",,,298.78,299.47999999999996
sw10utt/sw_1001_2389.utt,2/sw2389,2389,123,sd,B,74,2,I felt I was losing my family. /,I/PRP felt/VBD I/PRP was/VBD losing/VBG my/PRP$ family/NN ./.,,,299.62,301.88
sw10utt/sw_1001_2389.utt,2/sw2389,2389,124,b,A,75,1,Uh-huh. /,Uh-huh/UH ./.,,,301.88,302.3
sw10utt/sw_1001_2389.utt,2/sw2389,2389,125,sd,B,76,1,"{C And } that's why I said that's it,  /","And/CC that/DT 's/BES why/WRB I/PRP said/VBD that/DT 's/BES it/PRP ,/,",,,302.84,304.16
sw10utt/sw_1001_2389.utt,2/sw2389,2389,126,sd,B,76,2,"I either have to quit or, {D you know, } try something else,  /","I/PRP either/DT have/VBP to/TO quit/VB or/CC ,/, you/PRP know/VBP ,/, try/VB something/NN else/RB ,/,",,,304.16,307.26000000000005
sw10utt/sw_1001_2389.utt,2/sw2389,2389,127,sd,B,76,3,{C so } I went on third shift. /,so/RB I/PRP went/VBD on/IN third/JJ shift/NN ./.,,,307.26,308.34000000000003
sw10utt/sw_1001_2389.utt,2/sw2389,2389,128,b,A,77,1,Uh-huh. /,Uh-huh/UH ./.,,,308.36,308.5
sw10utt/sw_1001_2389.utt,2/sw2389,2389,129,sd,B,78,1,{C And } I worked that shift for eleven years. /,And/CC I/PRP worked/VBD that/DT shift/NN for/IN eleven/CD years/NNS ./.,,,308.5,310.48
sw10utt/sw_1001_2389.utt,2/sw2389,2389,130,ba,A,79,1,"{F Oh, } my. /","Oh/UH ,/, my/PRP$ ./.",,,310.62,311.15999999999997
sw10utt/sw_1001_2389.utt,2/sw2389,2389,131,b,B,80,1,Yeah. /,Yeah/UH ./.,,,311.54,311.74
sw10utt/sw_1001_2389.utt,2/sw2389,2389,132,o,A,81,1,<Laughter> Bless you <laughter>. /,Bless/VB you/PRP ./.,,,312.36,312.96000000000004
sw10utt/sw_1001_2389.utt,2/sw2389,2389,133,sd,B,82,1,Just so that my kids would have me at home. /,Just/RB so/IN that/IN my/PRP$ kids/NNS would/MD have/VB me/PRP at/IN home/NN ./.,,,313.52,316.67999999999995
sw10utt/sw_1001_2389.utt,2/sw2389,2389,134,b,A,83,1,Uh-huh. /,Uh-huh/UH ./.,,,316.96,317.4
sw10utt/sw_1001_2389.utt,2/sw2389,2389,135,sv,B,84,1,"{D You know, } {C and } I feel that's very important,  /","You/PRP know/VBP ,/, and/CC I/PRP feel/VBP that/DT 's/BES very/RB important/JJ ,/,",,,317.64,319.76000000000005
sw10utt/sw_1001_2389.utt,2/sw2389,2389,136,sv,B,84,2,"it really is,  /","it/PRP really/RB is/VBZ ,/,",,,320.02,320.74
sw10utt/sw_1001_2389.utt,2/sw2389,2389,137,sv,B,84,3,{C and } it's too bad because mothers miss out on so much too. /,and/CC it/PRP 's/BES too/RB bad/JJ because/IN mothers/NNS miss/VBP out/RP on/IN so/RB much/JJ too/RB ./.,,,320.74,324.28
sw10utt/sw_1001_2389.utt,2/sw2389,2389,138,b,A,85,1,Uh-huh. /,Uh-huh/UH ./.,,,324.28,324.4
sw10utt/sw_1001_2389.utt,2/sw2389,2389,139,sv,B,86,1,"{C So } {E I mean } in the sense that we've come a long way,  /","So/RB I/PRP mean/VBP in/IN the/DT sense/NN that/IN we/PRP 've/VBP come/VBN a/DT long/JJ way/NN ,/,",,,324.42,327.56
sw10utt/sw_1001_2389.utt,2/sw2389,2389,140,b,B,86,2,"yes,  /","yes/UH ,/,",,,327.56,327.98
sw10utt/sw_1001_2389.utt,2/sw2389,2389,141,sv,B,86,3,{C but } we've sacrificed a lot to get there. /,but/CC we/PRP 've/VBP sacrificed/VBN a/DT lot/NN to/TO get/VB there/RB ./.,,,328.1,330.26
sw10utt/sw_1001_2389.utt,2/sw2389,2389,142,aa,A,87,1,"Yeah,  /","Yeah/UH ,/,",,,330.26,330.44
sw10utt/sw_1001_2389.utt,2/sw2389,2389,143,aa,A,87,2,"[ I, + I  ] agree. /","I/PRP ,/, I/PRP agree/VBP ./.",,,330.44,331.48
sw10utt/sw_1001_2389.utt,2/sw2389,2389,144,sv,B,88,1,"{C And, } {F uh, } I really think that [ if, + ] {F uh, }  like after the second World War when women went to work in factories and all that, that was {D like } out of necessity,  because the men weren't here anymore. /","And/CC ,/, uh/UH ,/, I/PRP really/RB think/VBP that/IN if/IN ,/, uh/UH ,/, like/UH after/IN the/DT second/NNP World/NNP War/NNP when/WRB women/NNS went/VBD to/TO work/VB in/IN factories/NNS and/CC all/PDT that/DT ,/, that/DT was/VBD like/IN out/IN of/IN necessity/NN ,/, because/IN the/DT men/NNS were/VBD n't/RB here/RB anymore/RB ./.",,,331.68,340.64
sw10utt/sw_1001_2389.utt,2/sw2389,2389,145,b,A,89,1,Uh-huh. /,Uh-huh/UH ./.,,,340.64,340.96
sw10utt/sw_1001_2389.utt,2/sw2389,2389,146,sv,B,90,1,{C But } then it got to be a point where they got some independence. /,But/CC then/RB it/PRP got/VBD to/TO be/VB a/DT point/NN where/WRB they/PRP got/VBD some/DT independence/NN ./.,,,341.6,345.0
sw10utt/sw_1001_2389.utt,2/sw2389,2389,147,sv,A,91,1,"{C And } they just enjoyed the income, the extra. -/","And/CC they/PRP just/RB enjoyed/VBD the/DT income/NN ,/, the/DT extra/NN ./.",,,345.0,347.06
sw10utt/sw_1001_2389.utt,2/sw2389,2389,148,aa,B,92,1,Exactly.  /,Exactly/RB ./.,,,347.42,348.14000000000004
sw10utt/sw_1001_2389.utt,2/sw2389,2389,149,sv,B,92,2,"A man can afford the necessities, a woman affords the luxuries. /","A/DT man/NN can/MD afford/VB the/DT necessities/NNS ,/, a/DT woman/NN affords/VBZ the/DT luxuries/NNS ./.",,,348.18,351.82
sw10utt/sw_1001_2389.utt,2/sw2389,2389,150,b,A,93,1,Uh-huh. /,Uh-huh/UH ./.,,,351.82,352.0
sw10utt/sw_1001_2389.utt,2/sw2389,2389,151,sd,B,94,1,"{C And } I notice today kids, {D you know, }  /","And/CC I/PRP notice/VBP today/RB kids/NNS ,/, you/PRP know/VBP ,/,",,,352.3,355.62
sw10utt/sw_1001_2389.utt,2/sw2389,2389,152,sd,B,94,2,{D like } we had apartments before we had homes. /,like/UH we/PRP had/VBD apartments/NNS before/IN we/PRP had/VBD homes/NNS ./.,,,355.98,358.21999999999997
sw10utt/sw_1001_2389.utt,2/sw2389,2389,153,b,A,95,1,Uh-huh. /,Uh-huh/UH ./.,,,358.44,358.58
sw10utt/sw_1001_2389.utt,2/sw2389,2389,154,sd,B,96,1,{C And } we had to walk before we had a car. /,And/CC we/PRP had/VBD to/TO walk/VB before/IN we/PRP had/VBD a/DT car/NN ./.,,,358.6,361.32
sw10utt/sw_1001_2389.utt,2/sw2389,2389,155,aa,A,97,1,Exactly. /,Exactly/UH ./.,,,361.48,362.1
sw10utt/sw_1001_2389.utt,2/sw2389,2389,156,sv,B,98,1,"{C And } now kids at sixteen years old, they have their birthday,  /","And/CC now/RB kids/NNS at/IN sixteen/CD years/NNS old/JJ ,/, they/PRP have/VBP their/PRP$ birthday/NN ,/,",,,362.12,364.9
sw10utt/sw_1001_2389.utt,2/sw2389,2389,157,qh,B,98,2,"what do they get,  /","what/WP do/VBP they/PRP get/VB ,/,",,,364.9,365.62
sw10utt/sw_1001_2389.utt,2/sw2389,2389,158,sv,B,98,3,they get a car. /,they/PRP get/VBP a/DT car/NN ./.,,,365.62,366.2
sw10utt/sw_1001_2389.utt,2/sw2389,2389,159,ba,A,99,1,"{F Oh, } I know <laughter>. /","Oh/UH ,/, I/PRP know/VBP ./.",,,366.32,366.76000000000005
sw10utt/sw_1001_2389.utt,2/sw2389,2389,160,sd,B,100,1,"{C And } to me, it's like we've lost our values in this country. /","And/CC to/IN me/PRP ,/, it/PRP 's/BES like/IN we/PRP 've/VBP lost/VBN our/PRP$ values/NNS in/IN this/DT country/NN ./.",,,367.46,371.36
sw10utt/sw_1001_2389.utt,2/sw2389,2389,161,b,A,101,1,Uh-huh. /,Uh-huh/UH ./.,,,371.36,371.6
sw10utt/sw_1001_2389.utt,2/sw2389,2389,162,sv,B,102,1,"We really have, - /","We/PRP really/RB have/VBP ,/,",,,372.04,372.7
sw10utt/sw_1001_2389.utt,2/sw2389,2389,163,sd,B,102,2,"{C and } [ I, + I'm  ] not trying to be, {F uh, } {D you know, } a prude or old fashioned or anything, but [ I, + I  ] don't think [ if you, + ] unless you earn something and you've worked for it, and you have a sense of pride about it, - /","and/CC I/PRP ,/, I/PRP 'm/VBP not/RB trying/VBG to/TO be/VB ,/, uh/UH ,/, you/PRP know/VBP ,/, a/DT prude/NN or/CC old/GW fashioned/^JJ or/CC anything/NN ,/, but/CC I/PRP ,/, I/PRP do/VBP n't/RB think/VB if/IN you/PRP ,/, unless/IN you/PRP earn/VBP something/NN and/CC you/PRP 've/VBP worked/VBN for/IN it/PRP ,/, and/CC you/PRP have/VBP a/DT sense/NN of/IN pride/NN about/IN it/PRP ,/,",,,372.7,384.88
sw10utt/sw_1001_2389.utt,2/sw2389,2389,164,sd,B,102,3,"{C because } while I did this [ in, + ] {D you know, } no one gave it to me. /","because/IN while/IN I/PRP did/VBD this/DT in/NN ,/, you/PRP know/VBP ,/, no/DT one/PRP gave/VBD it/PRP to/IN me/PRP ./.",,,384.88,388.62
sw10utt/sw_1001_2389.utt,2/sw2389,2389,165,b,A,103,1,Uh-huh. /,Uh-huh/UH ./.,,,388.62,388.76
sw10utt/sw_1001_2389.utt,2/sw2389,2389,166,sv,B,104,1,"You will take better care of that,  /","You/PRP will/MD take/VB better/JJR care/NN of/IN that/DT ,/,",,,389.6,391.14000000000004
sw10utt/sw_1001_2389.utt,2/sw2389,2389,167,sv,B,104,2,{C and } you will prize that possession.,and/CC you/PRP will/MD prize/VB that/DT possession/NN ./.,,,391.14,392.84000000000003
sw10utt/sw_1001_2389.utt,2/sw2389,2389,168,aa,A,105,1,Exactly. /,Exactly/UH ./.,,,392.94,393.44
sw10utt/sw_1001_2389.utt,2/sw2389,2389,169,+,B,106,1,More than someone handing something to you. /,More/RBR than/IN someone/NN handing/VBG something/NN to/IN you/PRP ./.,,,393.44,396.08
sw10utt/sw_1001_2389.utt,2/sw2389,2389,170,b,A,107,1,Uh-huh. /,Uh-huh/UH ./.,,,396.08,396.28
sw10utt/sw_1001_2389.utt,2/sw2389,2389,171,sv,B,108,1,"{C And } it's just like college too,  /","And/CC it/PRP 's/BES just/RB like/IN college/NN too/RB ,/,",,,396.58,398.90000000000003
sw10utt/sw_1001_2389.utt,2/sw2389,2389,172,sv,B,108,2,"I think that if a kid goes to college, and  you can help them, fine, but I don't think you should pay the whole way. /","I/PRP think/VBP that/IN if/IN a/DT kid/NN goes/VBZ to/IN college/NN ,/, and/CC you/PRP can/MD help/VB them/PRP ,/, fine/JJ ,/, but/CC I/PRP do/VBP n't/RB think/VB you/PRP should/MD pay/VB the/DT whole/JJ way/NN ./.",,,398.9,404.56
sw10utt/sw_1001_2389.utt,2/sw2389,2389,173,b,A,109,1,"{D See, } yeah,  /","See/UH ,/, yeah/UH ,/,",,,404.56,405.41999999999996
sw10utt/sw_1001_2389.utt,2/sw2389,2389,174,sd,A,109,2,"{D see, } {D now, } my parents, there is no way they could afford to send twelve kids to college. /","see/UH ,/, now/UH ,/, my/PRP$ parents/NNS ,/, there/EX is/VBZ no/DT way/NN they/PRP could/MD afford/VB to/TO send/VB twelve/CD kids/NNS to/IN college/NN ./.",,,405.42,409.74
sw10utt/sw_1001_2389.utt,2/sw2389,2389,175,aa,B,110,1,Of course. /,Of/IN course/NN ./.,,,409.74,410.18
sw10utt/sw_1001_2389.utt,2/sw2389,2389,176,sd,A,111,1,"{C And } so far there is only two of us that have gone,  /","And/CC so/RB far/RB there/EX is/VBZ only/RB two/CD of/IN us/PRP that/WDT have/VBP gone/VBN ,/,",,,410.18,413.17999999999995
sw10utt/sw_1001_2389.utt,2/sw2389,2389,177,sd,A,111,2,"{C and } my older brother has paid his entire way,  /","and/CC my/PRP$ older/JJR brother/NN has/VBZ paid/VBN his/PRP$ entire/JJ way/NN ,/,",,,413.3,416.02000000000004
sw10utt/sw_1001_2389.utt,2/sw2389,2389,178,sd,A,111,3,"{C and } I'm on my, - /","and/CC I/PRP 'm/VBP on/IN my/PRP$ ,/,",,,416.02,416.72
sw10utt/sw_1001_2389.utt,2/sw2389,2389,179,sd,A,111,4,I have six weeks left  /,I/PRP have/VBP six/CD weeks/NNS left/VBN,,,416.86,418.08
sw10utt/sw_1001_2389.utt,2/sw2389,2389,180,sd,A,111,5,"{C and } [  I'll, + {D you know, } I'll  ] graduate,  /","and/CC I/PRP 'll/MD ,/, you/PRP know/VBP ,/, I/PRP 'll/MD graduate/VB ,/,",,,418.08,419.26
sw10utt/sw_1001_2389.utt,2/sw2389,2389,181,sd,A,111,6,"{C and } I paid my entire way,  /","and/CC I/PRP paid/VBD my/PRP$ entire/JJ way/NN ,/,",,,419.52,420.96
sw10utt/sw_1001_2389.utt,2/sw2389,2389,182,sd,A,111,7,"{C and } that's the way it'll go down the line,  /","and/CC that/DT 's/BES the/DT way/NN it/PRP 'll/MD go/VB down/IN the/DT line/NN ,/,",,,421.24,422.92
sw10utt/sw_1001_2389.utt,2/sw2389,2389,183,sd,A,111,8,"{C and } {D like } I don't have a car because I'm paying for college,  /","and/CC like/UH I/PRP do/VBP n't/RB have/VB a/DT car/NN because/IN I/PRP 'm/VBP paying/VBG for/IN college/NN ,/,",,,423.24,427.3
sw10utt/sw_1001_2389.utt,2/sw2389,2389,184,sd,A,111,9,"{C and } if I want a car, - /","and/CC if/IN I/PRP want/VBP a/DT car/NN ,/,",,,427.62,428.64
sw10utt/sw_1001_2389.utt,2/sw2389,2389,185,sd,A,111,10,"my parents always said if we wanted a car, we paid for the car, and we paid for our own insurance,  /","my/PRP$ parents/NNS always/RB said/VBD if/IN we/PRP wanted/VBD a/DT car/NN ,/, we/PRP paid/VBD for/IN the/DT car/NN ,/, and/CC we/PRP paid/VBD for/IN our/PRP$ own/JJ insurance/NN ,/,",,,428.64,433.08000000000004
sw10utt/sw_1001_2389.utt,2/sw2389,2389,186,sd,A,111,11,{C and } I think that's right  /,and/CC I/PRP think/VBP that/DT 's/BES right/JJ,,,433.4,434.97999999999996
sw10utt/sw_1001_2389.utt,2/sw2389,2389,187,%,A,111,12,"{C because, } -/","because/IN ,/,",,,435.02,435.53999999999996
sw10utt/sw_1001_2389.utt,2/sw2389,2389,188,b,B,112,1,"Sure,  /","Sure/UH ,/,",,,435.54,435.68
sw10utt/sw_1001_2389.utt,2/sw2389,2389,189,sv,B,112,2,"{C but } I'll bet your values are a lot higher, {D you know, } and your self esteem and [ the, + the  ] way you, {F uh, } {D you know, } think about things is probably --","but/CC I/PRP 'll/MD bet/VB your/PRP$ values/NNS are/VBP a/DT lot/NN higher/JJR ,/, you/PRP know/VBP ,/, and/CC your/PRP$ self/NN esteem/NN and/CC the/DT ,/, the/DT way/NN you/PRP ,/, uh/UH ,/, you/PRP know/VBP ,/, think/VBP about/IN things/NNS is/VBZ probably/RB --/:",,,435.68,444.78
sw10utt/sw_1001_2389.utt,2/sw2389,2389,190,b,A,113,1,Uh-huh. /,Uh-huh/UH ./.,,,444.8,444.90000000000003
sw10utt/sw_1001_2389.utt,2/sw2389,2389,191,+,B,114,1,-- a lot more common sense --,--/: a/DT lot/NN more/RBR common/JJ sense/NN --/:,,,444.9,446.24
sw10utt/sw_1001_2389.utt,2/sw2389,2389,192,b,A,115,1,Yeah. /,Yeah/UH ./.,,,446.96,447.34
sw10utt/sw_1001_2389.utt,2/sw2389,2389,193,+,B,116,1,-- than these kids that don't have that responsibility. /,--/: than/IN these/DT kids/NNS that/WDT do/VBP n't/RB have/VB that/DT responsibility/NN ./.,,,447.34,450.06
sw10utt/sw_1001_2389.utt,2/sw2389,2389,194,b,A,117,1,Uh-huh.  /,Uh-huh/UH ./.,,,450.06,450.18
sw10utt/sw_1001_2389.utt,2/sw2389,2389,195,sd,A,117,2,"{D Like } I've had my, {D you know, } - /","Like/UH I/PRP 've/VBP had/VBN my/PRP$ ,/, you/PRP know/VBP ,/,",,,450.72,452.40000000000003
sw10utt/sw_1001_2389.utt,2/sw2389,2389,196,sd,A,117,3,{D like } I know kids up here that have their own cars  /,like/UH I/PRP know/VBP kids/NNS up/IN here/RB that/WDT have/VBP their/PRP$ own/JJ cars/NNS,,,452.84,455.02
sw10utt/sw_1001_2389.utt,2/sw2389,2389,197,sd,A,117,4,"{C and } money is just given to them,  /","and/CC money/NN is/VBZ just/RB given/VBN to/IN them/PRP ,/,",,,455.02,456.06
sw10utt/sw_1001_2389.utt,2/sw2389,2389,198,sd,A,117,5,"{D like } they still get their allowance,  /","like/IN they/PRP still/RB get/VBP their/PRP$ allowance/NN ,/,",,,456.06,457.4
sw10utt/sw_1001_2389.utt,2/sw2389,2389,199,sd,A,117,6,they are twenty years old and they still get an allowance.  /,they/PRP are/VBP twenty/CD years/NNS old/JJ and/CC they/PRP still/RB get/VBP an/DT allowance/NN ./.,,,457.4,459.14
sw10utt/sw_1001_2389.utt,2/sw2389,2389,200,sd,A,117,7,"{D Well, } I have held a summer job, {D you know, } since [ I, + {D you know, } I  ] was in the eleventh grade,  /","Well/UH ,/, I/PRP have/VBP held/VBN a/DT summer/NN job/NN ,/, you/PRP know/VBP ,/, since/IN I/PRP ,/, you/PRP know/VBP ,/, I/PRP was/VBD in/IN the/DT eleventh/JJ grade/NN ,/,",,,459.52,463.38
sw10utt/sw_1001_2389.utt,2/sw2389,2389,201,sd,A,117,8,"{C and } I have had to take care of my own money,  /","and/CC I/PRP have/VBP had/VBN to/TO take/VB care/NN of/IN my/PRP$ own/JJ money/NN ,/,",,,463.84,465.88
sw10utt/sw_1001_2389.utt,2/sw2389,2389,202,sd,A,117,9,"[ I + ] have my own checking account,  /","I/PRP have/VBP my/PRP$ own/JJ checking/NN account/NN ,/,",,,465.88,467.18
sw10utt/sw_1001_2389.utt,2/sw2389,2389,203,sd,A,117,10,"I pay for my own life insurance,  /","I/PRP pay/VBP for/IN my/PRP$ own/JJ life/NN insurance/NN ,/,",,,467.18,468.76
sw10utt/sw_1001_2389.utt,2/sw2389,2389,204,sd,A,117,11,"{C and } I know a lot of kids that don't even know, - /","and/CC I/PRP know/VBP a/DT lot/NN of/IN kids/NNS that/WDT do/VBP n't/RB even/RB know/VB ,/,",,,469.08,471.18
sw10utt/sw_1001_2389.utt,2/sw2389,2389,205,sd,A,117,12,"{E I mean } I tell them I pay for my own life insurance and their mouths just drop to the floor, {D you know. } /","I/PRP mean/VBP I/PRP tell/VBP them/PRP I/PRP pay/VBP for/IN my/PRP$ own/JJ life/NN insurance/NN and/CC their/PRP$ mouths/NNS just/RB drop/VBP to/IN the/DT floor/NN ,/, you/PRP know/VBP ./.",,,471.5,475.78000000000003
sw10utt/sw_1001_2389.utt,2/sw2389,2389,206,b,B,118,1,"Sure,  /","Sure/UH ,/,",,,475.78,476.03999999999996
sw10utt/sw_1001_2389.utt,2/sw2389,2389,207,sv,B,118,2,they probably don't even have any. /,they/PRP probably/RB do/VBP n't/RB even/RB have/VB any/DT ./.,,,476.04,477.54
sw10utt/sw_1001_2389.utt,2/sw2389,2389,208,sv,A,119,1,"{D Well, } if they do, they don't know it, {D you know } <laughter>. /","Well/UH ,/, if/IN they/PRP do/VBP ,/, they/PRP do/VBP n't/RB know/VB it/PRP ,/, you/PRP know/VBP ./.",,,477.54,479.4
sw10utt/sw_1001_2389.utt,2/sw2389,2389,209,aa,B,120,1,"Yeah,  /","Yeah/UH ,/,",,,479.94,480.14
sw10utt/sw_1001_2389.utt,2/sw2389,2389,210,aa,B,120,2,"exactly,  /","exactly/UH ,/,",,,480.14,480.4
sw10utt/sw_1001_2389.utt,2/sw2389,2389,211,sd,B,120,3,"{C and } that's what I say, [ you'll, + you'll  ] be so much better off for it as you get older,  /","and/CC that/DT 's/BES what/WP I/PRP say/VBP ,/, you/PRP 'll/MD ,/, you/PRP 'll/MD be/VB so/RB much/RB better/JJR off/RP for/IN it/PRP as/IN you/PRP get/VBP older/JJR ,/,",,,480.4,485.62
sw10utt/sw_1001_2389.utt,2/sw2389,2389,212,sv,B,120,4,"{C because, } {D you know, } a lot of kids resent things that parents tell them and stuff,  /","because/IN ,/, you/PRP know/VBP ,/, a/DT lot/NN of/IN kids/NNS resent/VBP things/NNS that/WDT parents/NNS tell/VBP them/PRP and/CC stuff/NN ,/,",,,485.62,490.1
sw10utt/sw_1001_2389.utt,2/sw2389,2389,213,sv,B,120,5,{C but } it's because you've been there.,but/CC it/PRP 's/BES because/IN you/PRP 've/VBP been/VBN there/RB ./.,,,490.1,492.3
sw10utt/sw_1001_2389.utt,2/sw2389,2389,214,b,A,121,1,Uh-huh. /,Uh-huh/UH ./.,,,492.38,492.8
sw10utt/sw_1001_2389.utt,2/sw2389,2389,215,+,B,122,1,And no one can tell anyone anything -- /,And/CC no/DT one/PRP can/MD tell/VB anyone/NN anything/NN --/:,,,492.86,494.84
sw10utt/sw_1001_2389.utt,2/sw2389,2389,216,ba,A,123,1,"{F Oh, } I know. /","Oh/UH ,/, I/PRP know/VBP ./.",,,494.84,495.36
sw10utt/sw_1001_2389.utt,2/sw2389,2389,217,sv,B,124,1,"-- {D you know, } you are going to find out for yourself,  /","--/: you/PRP know/VBP ,/, you/PRP are/VBP going/VBG to/TO find/VB out/IN for/IN yourself/PRP ,/,",,,495.36,497.14
sw10utt/sw_1001_2389.utt,2/sw2389,2389,218,sv,B,124,2,"{C but } {E I mean } I don't think you should just not listen to advice, even if you don't take it, just listen. /","but/CC I/PRP mean/VBP I/PRP do/VBP n't/RB think/VB you/PRP should/MD just/RB not/RB listen/VB to/IN advice/NN ,/, even/RB if/IN you/PRP do/VBP n't/RB take/VB it/PRP ,/, just/RB listen/VB ./.",,,497.14,502.17999999999995
sw10utt/sw_1001_2389.utt,2/sw2389,2389,219,b,A,125,1,Uh-huh. /,Uh-huh/UH ./.,,,502.18,502.58
sw10utt/sw_1001_2389.utt,2/sw2389,2389,220,sv,B,126,1,"{D You know, } there is no harm in that, whereas sometimes you can't even get that from a kid, {D you know. }","You/PRP know/VBP ,/, there/EX is/VBZ no/DT harm/NN in/IN that/DT ,/, whereas/IN sometimes/RB you/PRP ca/MD n't/RB even/RB get/VB that/DT from/IN a/DT kid/NN ,/, you/PRP know/VBP ./.",,,502.86,507.40000000000003
sw10utt/sw_1001_2389.utt,2/sw2389,2389,221,x,A,127,1,<Laughter>.,,,,0.0,0.0
sw10utt/sw_1001_2389.utt,2/sw2389,2389,222,+,B,128,1,"<Laughter> Just attention, {D you know. } /","Just/RB attention/NN ,/, you/PRP know/VBP ./.",,,508.58,509.9
sw10utt/sw_1001_2389.utt,2/sw2389,2389,223,b,A,129,1,Uh-huh. /,Uh-huh/UH ./.,,,509.9,510.17999999999995
sw10utt/sw_1001_2389.utt,2/sw2389,2389,224,sd,B,130,1,"{C But } really, {F uh, }  /","But/CC really/RB ,/, uh/UH ,/,",,,510.88,511.76000000000005
sw10utt/sw_1001_2389.utt,2/sw2389,2389,225,qo,B,130,2,"what do you feel the changes in the future, {D like } with the abortions and that type of thing, women in politics and --","what/WP do/VBP you/PRP feel/VB the/DT changes/NNS in/IN the/DT future/NN ,/, like/IN with/IN the/DT abortions/NNS and/CC that/DT type/NN of/IN thing/NN ,/, women/NNS in/IN politics/NNS and/CC --/:",,,511.96,519.9
sw10utt/sw_1001_2389.utt,2/sw2389,2389,226,%,A,131,1,{F Uh. } /,Uh/UH ./.,,,519.92,520.14
sw10utt/sw_1001_2389.utt,2/sw2389,2389,227,+,B,132,1,"-- president someday, maybe <laughter>. -/","--/: president/NN someday/RB ,/, maybe/RB ./.",,,520.76,522.5
sw10utt/sw_1001_2389.utt,2/sw2389,2389,228,sv,A,133,1,"Actually I think abortion is going to take a turn where there is not going to be as many,  /","Actually/RB I/PRP think/VBP abortion/NN is/VBZ going/VBG to/TO take/VB a/DT turn/NN where/WRB there/EX is/VBZ not/RB going/VBG to/TO be/VB as/IN many/JJ ,/,",,,522.88,528.6999999999999
sw10utt/sw_1001_2389.utt,2/sw2389,2389,229,sv,A,133,2,{C because } I think contraceptives are going to be more popular.  /,because/IN I/PRP think/VBP contraceptives/NNS are/VBP going/VBG to/TO be/VB more/RBR popular/JJ ./.,,,529.24,533.4
sw10utt/sw_1001_2389.utt,2/sw2389,2389,230,sv,A,133,3,"{E I mean } I realize that they are popular now,  /","I/PRP mean/VBP I/PRP realize/VBP that/IN they/PRP are/VBP popular/JJ now/RB ,/,",,,533.9,535.96
sw10utt/sw_1001_2389.utt,2/sw2389,2389,231,sv,A,133,4,"{C but } I think, I really think people are going to start using more contraceptives  /","but/CC I/PRP think/VBP ,/, I/PRP really/RB think/VBP people/NNS are/VBP going/VBG to/TO start/VB using/VBG more/JJR contraceptives/NNS",,,536.28,541.1800000000001
sw10utt/sw_1001_2389.utt,2/sw2389,2389,232,sv,A,133,5,"{C and } with the abortion, I don't think there is going to be as many abortions, but I don't know what women will do when they get into politics, {D you know, } about abortion. /","and/CC with/IN the/DT abortion/NN ,/, I/PRP do/VBP n't/RB think/VB there/EX is/VBZ going/VBG to/TO be/VB as/IN many/JJ abortions/NNS ,/, but/CC I/PRP do/VBP n't/RB know/VB what/WP women/NNS will/MD do/VB when/WRB they/PRP get/VBP into/IN politics/NNS ,/, you/PRP know/VBP ,/, about/IN abortion/NN ./.",,,541.5,553.42
sw10utt/sw_1001_2389.utt,2/sw2389,2389,233,b,B,134,1,"Yeah,  /","Yeah/UH ,/,",,,553.86,554.08
sw10utt/sw_1001_2389.utt,2/sw2389,2389,234,b^r,B,134,2,yeah. /,yeah/UH ./.,,,554.08,554.1800000000001
sw10utt/sw_1001_2389.utt,2/sw2389,2389,235,sv,A,135,1,I think it will be freedom of choice. /,I/PRP think/VBP it/PRP will/MD be/VB freedom/NN of/IN choice/NN ./.,,,554.72,556.48
sw10utt/sw_1001_2389.utt,2/sw2389,2389,236,sv,B,136,1,"{D Well, } I still think people have a choice.  /","Well/UH ,/, I/PRP still/RB think/VBP people/NNS have/VBP a/DT choice/NN ./.",,,556.48,557.72
sw10utt/sw_1001_2389.utt,2/sw2389,2389,237,sv,B,136,2,"{D You know, } if you can live with it, and [ it's, + ] {D you know, } your conscience is clear --","You/PRP know/VBP ,/, if/IN you/PRP can/MD live/VB with/IN it/PRP ,/, and/CC it/PRP 's/BES ,/, you/PRP know/VBP ,/, your/PRP$ conscience/NN is/VBZ clear/JJ --/:",,,557.72,561.7
sw10utt/sw_1001_2389.utt,2/sw2389,2389,238,b,A,137,1,Uh-huh. /,Uh-huh/UH ./.,,,561.76,562.18
sw10utt/sw_1001_2389.utt,2/sw2389,2389,239,+,B,138,1,"-- then {E I mean } all of us are going to answer to it one day, maybe.","--/: then/RB I/PRP mean/VBP all/DT of/IN us/PRP are/VBP going/VBG to/TO answer/VB to/IN it/PRP one/CD day/NN ,/, maybe/RB ./.",,,562.36,565.6
sw10utt/sw_1001_2389.utt,2/sw2389,2389,240,aa,A,139,1,"Exactly, yeah. /","Exactly/RB ,/, yeah/UH ./.",,,565.6,566.1800000000001
sw10utt/sw_1001_2389.utt,2/sw2389,2389,241,+,B,140,1,Or maybe not.  /,Or/CC maybe/RB not/RB ./.,,,566.24,567.04
sw10utt/sw_1001_2389.utt,2/sw2389,2389,242,h,B,140,2,I don't know. /,I/PRP do/VBP n't/RB know/VB ./.,,,567.04,567.52
sw10utt/sw_1001_2389.utt,2/sw2389,2389,243,b,A,141,1,Uh-huh. /,Uh-huh/UH ./.,,,567.52,567.72
sw10utt/sw_1001_2389.utt,2/sw2389,2389,244,sv,B,142,1,"{E I mean } no one has said for sure, {D you know. } /","I/PRP mean/VBP no/DT one/PRP has/VBZ said/VBN for/IN sure/JJ ,/, you/PRP know/VBP ./.",,,567.72,570.4
sw10utt/sw_1001_2389.utt,2/sw2389,2389,245,b,A,143,1,Yeah. /,Yeah/UH ./.,,,570.46,570.9200000000001
sw10utt/sw_1001_2389.utt,2/sw2389,2389,246,%,B,144,1,"{C But, } -/","But/CC ,/,",,,571.04,571.26
sw10utt/sw_1001_2389.utt,2/sw2389,2389,247,sd@,A,145,1,"I think if a woman would get into politics or enough women get into politics, I think it will definitely be freedom of choice.","I/PRP think/VBP if/IN a/DT woman/NN would/MD get/VB into/IN politics/NNS or/CC enough/JJ women/NNS get/VBP into/IN politics/NNS ,/, I/PRP think/VBP it/PRP will/MD definitely/RB be/VB freedom/NN of/IN choice/NN ./.",,,571.36,578.1
sw10utt/sw_1001_2389.utt,2/sw2389,2389,248,b,B,146,1,"Yes,  /","Yes/UH ,/,",,,578.36,578.74
sw10utt/sw_1001_2389.utt,2/sw2389,2389,249,b^r,B,146,2,yes.  /,yes/UH ./.,,,579.06,579.54
sw10utt/sw_1001_2389.utt,2/sw2389,2389,250,+@,A,147,1,Uh-huh. /,Uh-huh/UH ./.,,,579.7,579.82
sw10utt/sw_1001_2389.utt,2/sw2389,2389,251,sd,B,148,1,Which I mean I think it should be anyway. /,Which/WDT I/PRP mean/VBP I/PRP think/VBP it/PRP should/MD be/VB anyway/RB ./.,,,579.88,581.4
sw10utt/sw_1001_2389.utt,2/sw2389,2389,252,sd,A,149,1,"[ I, + I  ] do.  /","I/PRP ,/, I/PRP do/VBP ./.",,,581.4,582.1
sw10utt/sw_1001_2389.utt,2/sw2389,2389,253,sd,A,149,2,"I'm Catholic,  /","I/PRP 'm/VBP Catholic/NNP ,/,",,,582.14,582.9399999999999
sw10utt/sw_1001_2389.utt,2/sw2389,2389,254,sd,A,149,3,"{C and } [ we, + we  ] are not supposed to, {D you know, } say that that's okay, but I really feel that it's freedom of choice. /","and/CC we/PRP ,/, we/PRP are/VBP not/RB supposed/VBN to/TO ,/, you/PRP know/VBP ,/, say/VB that/IN that/DT 's/BES okay/JJ ,/, but/CC I/PRP really/RB feel/VBP that/IN it/PRP 's/BES freedom/NN of/IN choice/NN ./.",,,582.94,588.7
sw10utt/sw_1001_2389.utt,2/sw2389,2389,255,b,B,150,1,Yeah. /,Yeah/UH ./.,,,589.16,589.36
sw10utt/sw_1001_2389.utt,2/sw2389,2389,256,sd^r,A,151,1,I do. /,I/PRP do/VBP ./.,,,589.54,589.74
sw10utt/sw_1001_2389.utt,2/sw2389,2389,257,sd,B,152,1,"{C Because } {E I mean } you as an individual, what you do, that to me is your business. /","Because/IN I/PRP mean/VBP you/PRP as/IN an/DT individual/NN ,/, what/WP you/PRP do/VBP ,/, that/DT to/IN me/PRP is/VBZ your/PRP$ business/NN ./.",,,589.74,593.7
sw10utt/sw_1001_2389.utt,2/sw2389,2389,258,b,A,153,1,Uh-huh. /,Uh-huh/UH ./.,,,593.7,593.84
sw10utt/sw_1001_2389.utt,2/sw2389,2389,259,%,B,154,1,"{C And, } {F uh, } -/","And/CC ,/, uh/UH ,/,",,,594.58,595.16
sw10utt/sw_1001_2389.utt,2/sw2389,2389,260,sv,A,155,1,{C And } different circumstances call for different things. /,And/CC different/JJ circumstances/NNS call/VBP for/IN different/JJ things/NNS ./.,,,595.34,598.22
sw10utt/sw_1001_2389.utt,2/sw2389,2389,261,aa,B,156,1,"Exactly,  /","Exactly/UH ,/,",,,598.4,598.64
sw10utt/sw_1001_2389.utt,2/sw2389,2389,262,aa^r,B,156,2,"exactly,  /","exactly/UH ,/,",,,598.64,599.1
sw10utt/sw_1001_2389.utt,2/sw2389,2389,263,%,B,156,3,that's ... -/,that/DT 's/BES .../:,,,599.1,599.4
