swda_filename,ptb_basename,conversation_no,transcript_index,act_tag,caller,utterance_index,subutterance_index,text,pos,trees,ptb_treenumbers,start_ts,end_ts
sw03utt/sw_0397_2492.utt,2/sw2492,2492,0,qo,A,1,1,What kind of lawn and garden work do you do?  <noise>. /,[ What/WDT kind/NN ] of/IN  [ lawn/NN ] and/CC  [ garden/NN work/NN ] do/VBP  [ you/PRP ] do/VB ?/.  ./.,(SBARQ (WHNP-1 (WHNP (WDT What) (NN kind)) (PP (IN of) (NP (NN lawn) (CC and) (NN garden) (NN work)))) (SQ (VBP do) (NP-SBJ (PRP you)) (VP (VB do) (NP (-NONE- *T*-1)))) (. ?) (. .) (-DFL- E_S)),1,0.78,2.5
sw03utt/sw_0397_2492.utt,2/sw2492,2492,1,nd,B,2,1,"{D Well, } right now the place where I'm living,  the yard was basically neglected for about the last twenty-five years,  /","Well/UH ,/, right/RB now/RB  [ the/DT place/NN ] where/WRB  [ I/PRP ] 'm/VBP living/VBG ,/,  [ the/DT yard/NN ] was/VBD basically/RB neglected/VBN for/IN about/RB  [ the/DT last/JJ twenty-five/CD years/NNS ] ,/,","(S (INTJ (UH Well)) (, ,) (ADVP-TMP (RB right) (RB now)) (NP-ADV (NP (DT the) (NN place)) (SBAR (WHADVP-1 (WRB where)) (S (NP-SBJ (PRP I)) (VP (VBP 'm) (VP (VBG living) (ADVP-LOC (-NONE- *T*-1))))))) (, ,) (NP-SBJ-2 (DT the) (NN yard)) (VP (VBD was) (ADVP (RB basically)) (VP (VBN neglected) (NP (-NONE- *-2)) (PP-TMP (IN for) (ADVP (RB about)) (NP (DT the) (JJ last) (CD twenty-five) (NNS years))))) (, ,) (-DFL- E_S))",3,3.56,11.06
sw03utt/sw_0397_2492.utt,2/sw2492,2492,2,sd,B,2,2,"<breathing>  {C so } I've been trying to rebuild and reestablish the entire lawn,  /","so/RB  [ I/PRP ] 've/VBP been/VBN trying/VBG to/TO rebuild/VB and/CC reestablish/VB  [ the/DT entire/JJ lawn/NN ] ,/,","(S (RB so) (NP-SBJ-1 (PRP I)) (VP (VBP 've) (VP (VBN been) (VP (VBG trying) (S (NP-SBJ (-NONE- *-1)) (VP (TO to) (VP (VB rebuild) (CC and) (VB reestablish) (NP (DT the) (JJ entire) (NN lawn)))))))) (, ,) (-DFL- E_S))",4,11.74,16.060000000000002
sw03utt/sw_0397_2492.utt,2/sw2492,2492,3,sd,B,2,3,"{C and }  after three years of working at it, [ I've, + I've ] been amazed at just  what a little bit of doing <<pause>> help out things to the lawn has really brought it back.  /","and/CC after/IN  [ three/CD years/NNS ] of/IN working/VBG at/IN  [ it/PRP ] ,/,  [ I/PRP ] 've/VBP ,/,  [ I/PRP ] 've/VBP been/VBN amazed/JJ at/IN just/RB  [ what/WP ] [ a/DT little/JJ bit/NN ] of/IN  [ doing/VBG help/NN ] out/RP  [ things/NNS ] to/IN  [ the/DT lawn/NN ] has/VBZ really/RB brought/VBN  [ it/PRP ] back/RB ./.","(S (CC and) (PP-TMP (IN after) (NP (NP (CD three) (NNS years)) (PP (IN of) (S-NOM (NP-SBJ (-NONE- *-1)) (VP (VBG working) (PP (IN at) (NP (PRP it)))))))) (, ,) (EDITED (RM (-DFL- \[)) (S (NP-SBJ (PRP I)) (VP-UNF (VBP 've))) (, ,) (IP (-DFL- \+))) (NP-SBJ-1 (PRP I)) (VP (VBP 've) (RS (-DFL- \])) (VP (VBN been) (ADJP-PRD (JJ amazed) (PP (IN at) (ADVP (RB just)) (SBAR-NOM (WHADVP-2 (WP what)) (S (NP-SBJ (NP (DT a) (JJ little) (NN bit)) (PP (IN of) (S-NOM (NP-SBJ (-NONE- *)) (VP (VBG doing) (NP (S (NP-SBJ (-NONE- *)) (VP (NN help) (PRT (RP out)))) (NNS things)) (PP (IN to) (NP (DT the) (NN lawn))))))) (VP (VBZ has) (ADVP (RB really)) (VP (VBN brought) (NP (PRP it)) (ADVP (RB back)) (ADVP (-NONE- *T*-2)))))))))) (. .) (-DFL- E_S))",5,16.06,30.08
sw03utt/sw_0397_2492.utt,2/sw2492,2492,4,sv,B,2,4,"Instead of mowing in the same direction every time,  changing, [ one day you'll, +  {E or } one time you'll ] [ cut it, + cut the ] lawn the long way,  then you'll go the opposite way, instead of going lengthways, you go width,  /","Instead/RB of/IN mowing/VBG in/IN  [ the/DT same/JJ direction/NN ] [ every/DT time/NN ] ,/, changing/VBG ,/,  [ one/CD day/NN ] [ you/PRP ] 'll/MD ,/, or/CC  [ one/CD time/NN ] [ you/PRP ] 'll/MD cut/VB  [ it/PRP ] ,/, cut/VB  [ the/DT lawn/NN ] [ the/DT long/JJ way/NN ] ,/, then/RB  [ you/PRP ] 'll/MD go/VB  [ the/DT opposite/NN way/NN ] ,/, instead/IN of/IN going/VBG lengthways/RB ,/,  [ you/PRP ] go/VBP  [ width/NN ] ,/,","(FRAG (PP (RB Instead) (IN of) (S-NOM (NP-SBJ (-NONE- *)) (VP (VBG mowing) (PP (IN in) (NP (DT the) (JJ same) (NN direction))) (NP-TMP (DT every) (NN time))))) (, ,) (S-NOM (NP-SBJ (-NONE- *)) (VP (VBG changing))) (, ,))|||(S (EDITED (RM (-DFL- \[)) (S (NP-TMP (CD one) (NN day)) (NP-SBJ (PRP you)) (VP-UNF (MD 'll))) (, ,) (IP (-DFL- \+)) (CC or)) (NP-TMP (CD one) (NN time)) (NP-SBJ (PRP you)) (VP (MD 'll) (RS (-DFL- \])) (EDITED (RM (-DFL- \[)) (VP (VB cut) (NP (PRP it))) (, ,) (IP (-DFL- \+))) (VP (VB cut) (NP (DT the) (RS (-DFL- \])) (NN lawn)) (NP-MNR (DT the) (JJ long) (NN way)))) (, ,))|||(S (ADVP-TMP (RB then)) (NP-SBJ (PRP you)) (VP (MD 'll) (VP (VB go) (NP-DIR (DT the) (NN opposite) (NN way)))) (, ,))|||(S (PP (IN instead) (IN of) (S-NOM (NP-SBJ (-NONE- *-1)) (VP (VBG going) (ADVP (RB lengthways))))) (, ,) (NP-SBJ-1 (PRP you)) (VP (VBP go) (NP-ADV (NN width))) (, ,) (-DFL- E_S))",6|||7|||8|||9,30.42,41.52
sw03utt/sw_0397_2492.utt,2/sw2492,2492,5,sv,B,2,5,{C and }  it helps the grass come back. /,and/CC  [ it/PRP ] helps/VBZ  [ the/DT grass/NN ] come/VB back/RB ./.,(S (CC and) (NP-SBJ (PRP it)) (VP (VBZ helps) (S (NP-SBJ (DT the) (NN grass)) (VP (VB come) (ADVP (RB back))))) (. .) (-DFL- E_S)),10,41.52,43.800000000000004
sw03utt/sw_0397_2492.utt,2/sw2492,2492,6,bh,A,3,1,"<Noise> {F Oh, } does it really?  /","Oh/UH ,/, does/VBZ  [ it/PRP ] really/RB ?/.","(SQ (INTJ (UH Oh)) (, ,) (VBZ does) (NP-SBJ (PRP it)) (ADVP (RB really)) (. ?) (-DFL- E_S))",12,44.74,45.62
sw03utt/sw_0397_2492.utt,2/sw2492,2492,7,sd,A,3,2,I didn't know that <noise>.  /,[ I/PRP ] did/VBD n't/RB know/VB  [ that/DT ] ./.,(S (NP-SBJ (PRP I)) (VP (VBD did) (RB n't) (VP (VB know) (NP (DT that)))) (. .) (-DFL- E_S)),13,47.06,48.18
sw03utt/sw_0397_2492.utt,2/sw2492,2492,8,qy,A,3,3,"[ Did, +  {F um, } you've ] been working on it for three years? /","Did/VBD ,/, um/UH ,/,  [ you/PRP ] 've/VBP been/VBN working/VBG on/IN  [ it/PRP ] for/IN  [ three/CD years/NNS ] ?/.","(S (EDITED (RM (-DFL- \[)) (SQ-UNF (VBD Did)) (, ,) (IP (-DFL- \+))) (INTJ (UH um)) (, ,) (NP-SBJ (PRP you)) (VP (VBP 've) (RS (-DFL- \])) (VP (VBN been) (VP (VBG working) (PP (IN on) (NP (PRP it))) (PP-TMP (IN for) (NP (CD three) (NNS years)))))) (. ?) (-DFL- E_S))",14,48.68,51.02
sw03utt/sw_0397_2492.utt,2/sw2492,2492,9,na,B,4,1,"[ Thr-, +  [ f-, +  for ] three ] years. /","[ Thr-/CD ] ,/,  [ f-/IN ] ,/, for/IN  [ three/CD years/NNS ] ./.","(PP-TMP (EDITED (RM (-DFL- \[)) (NP-UNF (CD Thr-)) (, ,) (IP (-DFL- \+))) (EDITED (RM (-DFL- \[)) (PP-UNF (IN f-)) (, ,) (IP (-DFL- \+))) (IN for) (RS (-DFL- \])) (NP (CD three) (RS (-DFL- \])) (NNS years)) (. .) (-DFL- E_S))",16,51.6,52.4
sw03utt/sw_0397_2492.utt,2/sw2492,2492,10,bh,A,5,1,Really?  /,Really/UH ?/.,(INTJ (UH Really) (. ?) (-DFL- E_S)),18,52.54,53.199999999999996
sw03utt/sw_0397_2492.utt,2/sw2492,2492,11,qw,A,5,2,What have you done?  </noise>. /,[ What/WP ] have/VBP  [ you/PRP ] done/VBN ?/.  ./.,(SBARQ (WHNP-1 (WP What)) (SQ (VBP have) (NP-SBJ (PRP you)) (VP (VBN done) (NP (-NONE- *T*-1)))) (. ?) (. .) (-DFL- E_S)),19,53.2,53.62
sw03utt/sw_0397_2492.utt,2/sw2492,2492,12,sd,B,6,1,Killing lots of fire ants. /,Killing/VBG  [ lots/NNS ] of/IN  [ fire/NN ants/NNS ] ./.,(S (NP-SBJ (-NONE- *)) (VP (VBG Killing) (NP (NP (NNS lots)) (PP (IN of) (NP (NN fire) (NNS ants))))) (. .) (-DFL- E_S)),21,54.36,55.580000000000005
sw03utt/sw_0397_2492.utt,2/sw2492.pos,2492,13,x,A,7,1,<Laughter>.,./.,,,0.0,0.0
sw03utt/sw_0397_2492.utt,2/sw2492,2492,14,sd,B,8,1,"I was firmly convinced the entire,","[ I/PRP ] was/VBD firmly/RB convinced/JJ  [ the/DT entire/JJ ] ,/,","(S (NP-SBJ (PRP I)) (VP (VBD was) (ADJP-PRD (RB firmly) (JJ convinced) (SBAR (-NONE- 0) (S (NP-SBJ (DT the) (JJ entire) (, ,) (JJ front) (NN yard)) (VP (VBD was) (NP-PRD (NP (NN nothing)) (PP (CC but) (NP (CD one) (JJ gigantic) (NN ant) (NN mound))))))))) (. .) (-DFL- E_S))",24,56.04,58.440000000000005
sw03utt/sw_0397_2492.utt,2/sw2492.pos,2492,15,x,A,9,1,<Noise>.,./.,,,0.0,0.0
sw03utt/sw_0397_2492.utt,2/sw2492,2492,16,+,B,10,1,front yard was nothing but one gigantic ant mound. /,[ front/JJ yard/NN ] was/VBD  [ nothing/NN ] but/CC  [ one/CD ] [ gigantic/JJ ant/NN mound/NN ] ./.,"(S (NP-SBJ (PRP I)) (VP (VBD was) (ADJP-PRD (RB firmly) (JJ convinced) (SBAR (-NONE- 0) (S (NP-SBJ (DT the) (JJ entire) (, ,) (JJ front) (NN yard)) (VP (VBD was) (NP-PRD (NP (NN nothing)) (PP (CC but) (NP (CD one) (JJ gigantic) (NN ant) (NN mound))))))))) (. .) (-DFL- E_S))",24,58.52,61.08
sw03utt/sw_0397_2492.utt,2/sw2492,2492,17,b,A,11,1,Uh-huh <noise>. /,[ Uh-huh/UH ] ./.,(INTJ (UH Uh-huh) (. .) (-DFL- E_S)),28,61.48,61.779999999999994
sw03utt/sw_0397_2492.utt,2/sw2492,2492,18,sd,B,12,1,"{C Because } it was like, [ you could, + you couldn't ]  even stand still out there. /","Because/IN  [ it/PRP ] was/VBD like/IN ,/,  [ you/PRP ] could/MD ,/,  [ you/PRP ] could/MD n't/RB even/RB stand/VB still/RB out/IN there/RB ./.","(SBAR-PRP (IN Because) (S (NP-SBJ (PRP it)) (VP (VBD was) (SBAR-PRD (IN like) (, ,) (S (EDITED (RM (-DFL- \[)) (S (NP-SBJ (PRP you)) (VP-UNF (MD could))) (, ,) (IP (-DFL- \+))) (NP-SBJ-1 (PRP you)) (VP (MD could) (RB n't) (RS (-DFL- \])) (ADVP (RB even)) (VP (VB stand) (S-ADV (NP-SBJ (-NONE- *-1)) (ADJP-PRD (RB still))) (PP-LOC (IN out) (ADVP (RB there))))))))) (. .) (-DFL- E_S))",30,61.72,64.48
sw03utt/sw_0397_2492.utt,2/sw2492,2492,19,sd^c,A,13,1,"<Noise> {D You know, } I can barely hear you </noise>. /","[ You/PRP ] know/VBP ,/,  [ I/PRP ] can/MD barely/RB hear/VB  [ you/PRP ] ./.","(S (PRN (S (NP-SBJ (PRP You)) (VP (VBP know))) (, ,)) (NP-SBJ (PRP I)) (VP (MD can) (ADVP (RB barely)) (VP (VB hear) (NP (PRP you)))) (. .) (-DFL- E_S))",32,64.54,66.24
sw03utt/sw_0397_2492.utt,2/sw2492,2492,20,qy^c,B,14,1,Is this better? /,Is/VBZ  [ this/DT better/JJR ] ?/.,(SQ (VBZ Is) (NP-SBJ (DT this)) (ADJP-PRD (JJR better)) (. ?) (-DFL- E_S)),34,66.18,68.9
sw03utt/sw_0397_2492.utt,2/sw2492,2492,21,ny,A,15,1,"Yeah,  /","Yeah/UH ,/,","(INTJ (UH Yeah) (, ,) (-DFL- E_S))",36,69.08,69.3
sw03utt/sw_0397_2492.utt,2/sw2492,2492,22,sd^e,A,15,2,"a little bit, {D yeah } <noise>. /","[ a/DT little/JJ bit/NN ] ,/, yeah/UH ./.","(NP (DT a) (JJ little) (NN bit) (, ,))|||(INTJ (UH yeah) (. .) (-DFL- E_S))",37|||38,69.3,70.10000000000001
sw03utt/sw_0397_2492.utt,2/sw2492,2492,23,sd,B,16,1,"It was like you'd go out in the yard to water  something, you'd just be standing still. /","[ It/PRP ] was/VBD like/IN  [ you/PRP ] 'd/MD go/VB out/IN in/IN  [ the/DT yard/NN ] to/TO water/VB  [ something/NN ] ,/,  [ you/PRP ] 'd/MD just/RB be/VB standing/VBG still/RB ./.","(S (NP-SBJ (PRP It)) (VP (VBD was) (SBAR-PRD (IN like) (S (NP-SBJ-1 (PRP you)) (VP (MD 'd) (VP (VB go) (PP-DIR (IN out) (PP (IN in) (NP (DT the) (NN yard)))) (S-PRP (NP-SBJ (-NONE- *-1)) (VP (TO to) (VP (VB water) (NP (NN something)))))))))) (, ,))|||(S (NP-SBJ-1 (PRP you)) (VP (MD 'd) (ADVP (RB just)) (VP (VB be) (VP (VBG standing) (S-ADV (NP-SBJ (-NONE- *-1)) (ADJP-PRD (RB still)))))) (. .) (-DFL- E_S))",40|||41,72.5,76.16
sw03utt/sw_0397_2492.utt,2/sw2492,2492,24,b,A,17,1,Uh-huh. /,[ Uh-huh/UH ] ./.,(INTJ (UH Uh-huh) (. .) (-DFL- E_S)),28,76.44,76.8
sw03utt/sw_0397_2492.utt,2/sw2492,2492,25,sd,B,18,1,{C And } the ants would start crawling up  your legs.  /,And/CC  [ the/DT ants/NNS ] would/MD start/VB crawling/VBG up/IN  [ your/PRP$ legs/NNS ] ./.,(S (CC And) (NP-SBJ-1 (DT the) (NNS ants)) (VP (MD would) (VP (VB start) (S (NP-SBJ (-NONE- *-1)) (VP (VBG crawling) (PP-DIR (IN up) (NP (PRP$ your) (NNS legs))))))) (. .) (-DFL- E_S)),45,76.74,78.88
sw03utt/sw_0397_2492.utt,2/sw2492,2492,26,sd,B,18,2,"It's like, <laughter> I'm not standing in a mound, though. /","[ It/PRP ] [ 's/BES ] like/IN ,/,  [ I/PRP ] 'm/VBP not/RB standing/VBG in/IN  [ a/DT mound/NN ] ,/, though/RB ./.","(S (NP-SBJ (PRP It)) (VP (BES 's) (SBAR-PRD (IN like) (, ,) (S (NP-SBJ (PRP I)) (VP (VBP 'm) (RB not) (VP (VBG standing) (PP-LOC (IN in) (NP (DT a) (NN mound))))))) (, ,) (ADVP (RB though))) (. .) (-DFL- E_S))",46,78.88,81.28
sw03utt/sw_0397_2492.utt,2/sw2492,2492,27,ba,A,19,1,"{F Oh, } wow.  /","Oh/UH ,/, wow/UH ./.","(INTJ (INTJ (UH Oh)) (, ,) (INTJ (UH wow)) (. .) (-DFL- E_S))",48,81.34,81.78
sw03utt/sw_0397_2492.utt,2/sw2492,2492,28,qw,A,19,2,How did you get rid of them? /,How/WRB did/VBD  [ you/PRP ] get/VBD  [ rid/VBN ] of/IN  [ them/PRP ] ?/.,(SBARQ (WHADVP-2 (WRB How)) (SQ (VBD did) (NP-SBJ-1 (PRP you)) (VP (VBD get) (VP (VBN rid) (NP (-NONE- *-1)) (PP (IN of) (NP (PRP them))) (ADVP-MNR (-NONE- *T*-2))))) (. ?) (-DFL- E_S)),49,81.78,84.61999999999999
sw03utt/sw_0397_2492.utt,2/sw2492,2492,29,sd,B,20,1,"{F Uh, } Dursban Two. /","[ Uh/UH ] ,/,  [ Dursban/NNP Two/CD ] ./.","(FRAG (INTJ (UH Uh)) (, ,) (NP (NNP Dursban) (CD Two)) (. .) (-DFL- E_S))",51,84.56,85.53999999999999
sw03utt/sw_0397_2492.utt,2/sw2492,2492,30,br,A,21,1,Pardon? /,[ Pardon/VB ] ?/.,(INTJ (VB Pardon) (. ?) (-DFL- E_S)),53,85.98,86.44
sw03utt/sw_0397_2492.utt,2/sw2492,2492,31,sd,B,22,1,"A chemical called Dursban Two, /","[ A/DT chemical/NN ] called/VBN  [ Dursban/NNP Two/NNP ] ,/,","(NP (NP (DT A) (NN chemical)) (VP (VBN called) (S (NP-SBJ (-NONE- *)) (NP-PRD (NNP Dursban) (NNP Two)))) (, ,) (-DFL- E_S))",55,87.04,88.32000000000001
sw03utt/sw_0397_2492.utt,2/sw2492,2492,32,bk^m,A,23,1,"<Noise> {F Oh, } Dursban Two, /","Oh/UH ,/,  [ Dursban/NNP Two/NNP ] ,/,","(FRAG (INTJ (UH Oh)) (, ,) (NP (NNP Dursban) (NNP Two)) (, ,) (-DFL- E_S))",57,88.48,89.26
sw03utt/sw_0397_2492.utt,2/sw2492,2492,33,sd,B,24,1,it's a crystal. /,[ it/PRP ] 's/BES  [ a/DT crystal/NN ] ./.,(S (NP-SBJ (PRP it)) (VP (BES 's) (NP-PRD (DT a) (NN crystal))) (. .) (-DFL- E_S)),59,89.2,89.88000000000001
sw03utt/sw_0397_2492.utt,2/sw2492,2492,34,b,A,25,1,"yeah,  /","yeah/UH ,/,","(INTJ (UH yeah) (, ,) (-DFL- E_S))",61,89.98,90.12
sw03utt/sw_0397_2492.utt,2/sw2492,2492,35,sv,A,25,2,"Dursban will get rid of just about anything,  I think.  /","[ Dursban/NNP ] will/MD get/VB rid/VBN of/IN just/RB about/RB  [ anything/NN ] ,/,  [ I/PRP ] think/VBP ./.","(S (NP-SBJ (NNP Dursban)) (VP (MD will) (VP (VB get) (VP (VBN rid) (PP (IN of) (ADVP (RB just)) (ADVP (RB about)) (NP (NN anything))) (PRN (, ,) (S (NP-SBJ (PRP I)) (VP (VBP think))))))) (. .) (-DFL- E_S))",62,90.12,92.34
sw03utt/sw_0397_2492.utt,2/sw2492,2492,36,qy,A,25,3,"[ {C But } +  {F um, }  {C so } ]  you haven't had a problem with that, since? /","But/CC um/UH ,/, so/RB  [ you/PRP ] have/VBP n't/RB had/VBN  [ a/DT problem/NN ] with/IN  [ that/DT ] ,/, since/IN ?/.","(S (EDITED (RM (-DFL- \[)) (CC But) (IP (-DFL- \+))) (INTJ (UH um)) (, ,) (RB so) (RS (-DFL- \])) (NP-SBJ (PRP you)) (VP (VBP have) (RB n't) (VP (VBN had) (NP (NP (DT a) (NN problem)) (PP (IN with) (NP (DT that)))) (, ,) (ADVP-TMP (IN since)))) (. ?) (-DFL- E_S))",63,93.3,96.06
sw03utt/sw_0397_2492.utt,2/sw2492,2492,37,no,B,26,1,"{F Um, } not bad.  /","Um/UH ,/, not/RB bad/JJ ./.","(FRAG (INTJ (UH Um)) (, ,) (RB not) (ADJP (JJ bad)) (. .) (-DFL- E_S))",65,96.31,97.25
sw03utt/sw_0397_2492.utt,2/sw2492,2492,38,sd,B,26,2,"Every,","[ Every/DT ] ,/,","(S (ADVP-TMP (DT Every) (, ,) (RB once) (PP (IN in) (NP (DT a) (NN while)))) (NP-SBJ (PRP you)) (VP (MD 'll) (VP (VB have) (S (NP-SBJ (DT a) (NN mound)) (VP (VB pop) (PRT (RP up)))))) (, ,) (-DFL- E_S))",66,97.25,97.57
sw03utt/sw_0397_2492.utt,2/sw2492,2492,39,b,A,27,1,Yeah. /,Yeah/UH ./.,(INTJ (UH Yeah) (. .) (-DFL- E_S)),68,97.65,97.87
sw03utt/sw_0397_2492.utt,2/sw2492,2492,40,+,B,28,1,"once in a while you'll have a mound pop up,  /","once/RB in/IN  [ a/DT while/NN ] [ you/PRP ] 'll/MD have/VB  [ a/DT mound/NN pop/VB ] up/RP ,/,","(S (ADVP-TMP (DT Every) (, ,) (RB once) (PP (IN in) (NP (DT a) (NN while)))) (NP-SBJ (PRP you)) (VP (MD 'll) (VP (VB have) (S (NP-SBJ (DT a) (NN mound)) (VP (VB pop) (PRT (RP up)))))) (, ,) (-DFL- E_S))",66,97.81,99.55000000000001
sw03utt/sw_0397_2492.utt,2/sw2492,2492,41,sv,B,28,2,"{C but } that's, [ gon-, + ] to be expected. /","but/CC  [ that/DT ] 's/BES ,/,  [ gon-/XX ] ,/, to/TO be/VB expected/VBN ./.","(S (CC but) (NP-SBJ-1 (DT that)) (VP (BES 's) (, ,) (EDITED (RM (-DFL- \[)) (VP-UNF (XX gon-)) (, ,) (IP (-DFL- \+)) (RS (-DFL- \]))) (S-PRD (NP-SBJ-2 (-NONE- *-1)) (VP (TO to) (VP (VB be) (VP (VBN expected) (NP (-NONE- *-2))))))) (. .) (-DFL- E_S))",70,99.55,102.05
sw03utt/sw_0397_2492.utt,2/sw2492,2492,42,qy,A,29,1,"[ What else +  [ did it , + did it ]  kill anything else ] it wasn't supposed to? /","[ What/WP ] else/RB did/VBD  [ it/PRP ] ,/, did/VBD  [ it/PRP ] kill/VB  [ anything/NN ] else/RB  [ it/PRP ] [ was/VBD n't/RB ] supposed/VBN to/TO ?/.","(SQ (EDITED (RM (-DFL- \[)) (WHNP (WHNP (WP What)) (ADVP (RB else))) (IP (-DFL- \+))) (EDITED (RM (-DFL- \[)) (SQ (VBD did) (NP-SBJ (PRP it))) (, ,) (IP (-DFL- \+))) (VBD did) (NP-SBJ (PRP it)) (RS (-DFL- \])) (VP (VB kill) (NP (NP (NP (NN anything)) (ADVP (RB else))) (RS (-DFL- \])) (SBAR (WHNP-2 (-NONE- 0)) (S (NP-SBJ-1 (PRP it)) (VP (VBD was) (RB n't) (VP (VBN supposed) (S (NP-SBJ (-NONE- *-1)) (VP (TO to) (VP (-NONE- *?*) (NP (-NONE- *T*-2))))))))))) (. ?) (-DFL- E_S))",72,102.17,105.17
sw03utt/sw_0397_2492.utt,2/sw2492,2492,43,^h,B,30,1,"{F Um, } /","Um/UH ,/,","(INTJ (UH Um) (, ,) (-DFL- E_S))",74,105.11,105.25
sw03utt/sw_0397_2492.utt,2/sw2492,2492,44,qy^d,A,31,1,Not really. /,Not/RB really/RB ./.,(FRAG (RB Not) (ADVP (RB really)) (. .) (-DFL- E_S)),76,106.07,106.49
sw03utt/sw_0397_2492.utt,2/sw2492,2492,45,ng,B,32,1,as far as I can tell it hasn't killed anything it  wasn't supposed to.  /,as/RB far/RB as/IN  [ I/PRP ] can/MD tell/VB  [ it/PRP ] has/VBZ n't/RB killed/VBN  [ anything/NN ] [ it/PRP ] [ was/VBD n't/RB ] supposed/VBN to/TO ./.,(S (ADVP (ADVP (RB as) (RB far)) (SBAR (IN as) (S (NP-SBJ (PRP I)) (VP (MD can) (VP (VB tell)))))) (NP-SBJ (PRP it)) (VP (VBZ has) (RB n't) (VP (VBN killed) (NP (NP (NN anything)) (SBAR (WHNP-2 (-NONE- 0)) (S (NP-SBJ-1 (PRP it)) (VP (VBD was) (RB n't) (VP (VBN supposed) (S (NP-SBJ (-NONE- *-1)) (VP (TO to) (VP (-NONE- *?*) (NP (-NONE- *T*-2)))))))))))) (. .) (-DFL- E_S)),78,107.17,110.21
sw03utt/sw_0397_2492.utt,2/sw2492,2492,46,sd,B,32,2,Even the area of the grass that was underneath and  around the mounds --,Even/RB  [ the/DT area/NN ] of/IN  [ the/DT grass/NN ] [ that/WDT ] was/VBD underneath/IN and/CC around/IN  [ the/DT mounds/NNS ] --/:,(S (NP-TPC (ADVP (RB Even)) (NP (DT the) (NN area)) (PP (IN of) (NP (DT the) (NN grass))) (SBAR (WHNP-1 (WDT that)) (S (NP-SBJ (-NONE- *T*-1)) (VP (VBD was) (PP-LOC-PRD (IN underneath) (CC and) (IN around) (NP (DT the) (NNS mounds))))))) (NP-SBJ (PRP it)) (VP (VBD did) (RB n't) (VP (VB kill) (NP (PRP it)))) (. .) (-DFL- E_S)),79,110.23,113.30999999999999
sw03utt/sw_0397_2492.utt,2/sw2492,2492,47,b,A,33,1,Yeah. /,Yeah/UH ./.,(INTJ (UH Yeah) (. .) (-DFL- E_S)),68,113.51,113.79
sw03utt/sw_0397_2492.utt,2/sw2492,2492,48,+,B,34,1,-- it didn't kill it. /,--/:  [ it/PRP ] did/VBD n't/RB kill/VB  [ it/PRP ] ./.,(S (NP-TPC (ADVP (RB Even)) (NP (DT the) (NN area)) (PP (IN of) (NP (DT the) (NN grass))) (SBAR (WHNP-1 (WDT that)) (S (NP-SBJ (-NONE- *T*-1)) (VP (VBD was) (PP-LOC-PRD (IN underneath) (CC and) (IN around) (NP (DT the) (NNS mounds))))))) (NP-SBJ (PRP it)) (VP (VBD did) (RB n't) (VP (VB kill) (NP (PRP it)))) (. .) (-DFL- E_S)),79,113.73,114.16999999999999
sw03utt/sw_0397_2492.utt,2/sw2492,2492,49,bh,A,35,1,Really?  /,Really/UH ?/.,(INTJ (UH Really) (. ?) (-DFL- E_S)),84,114.71,115.16999999999999
sw03utt/sw_0397_2492.utt,2/sw2492,2492,50,ba,A,35,2,"{D Well, } that's pretty wild.  /","Well/UH ,/,  [ that/DT ] 's/BES pretty/RB wild/JJ ./.","(S (INTJ (UH Well)) (, ,) (NP-SBJ (DT that)) (VP (BES 's) (ADJP-PRD (RB pretty) (JJ wild))) (. .) (-DFL- E_S))",85,115.71,116.91000000000001
sw03utt/sw_0397_2492.utt,2/sw2492,2492,51,%,A,35,3,"Yeah,  /","Yeah/UH ,/,","(INTJ (UH Yeah) (, ,) (-DFL- E_S))",86,117.17,117.33
sw03utt/sw_0397_2492.utt,2/sw2492,2492,52,sd,A,35,4,we used it  for fleas.  /,[ we/PRP ] used/VBD  [ it/PRP ] for/IN  [ fleas/NNS ] ./.,(S (NP-SBJ (PRP we)) (VP (VBD used) (NP (PRP it)) (PP-PRP (IN for) (NP (NNS fleas)))) (. .) (-DFL- E_S)),87,117.33,118.75
sw03utt/sw_0397_2492.utt,2/sw2492,2492,53,sd,A,35,5,"We had fleas in our yard real bad last year,  /","[ We/PRP ] had/VBD  [ fleas/NNS ] in/IN  [ our/PRP$ yard/NN ] [ real/RB bad/JJ last/JJ year/NN ] ,/,","(S (NP-SBJ (PRP We)) (VP (VBD had) (NP (NNS fleas)) (PP-LOC (IN in) (NP (PRP$ our) (NN yard))) (ADVP (RB real) (JJ bad)) (NP-TMP (JJ last) (NN year))) (, ,) (-DFL- E_S))",88,119.03,121.14
sw03utt/sw_0397_2492.utt,2/sw2492,2492,54,sd,A,35,6,"{C and } we did  that {F um, }  /","and/CC  [ we/PRP ] did/VBD  [ that/DT ] um/UH ,/,","(S (CC and) (NP-SBJ (PRP we)) (VP (VBD did) (NP (DT that)) (INTJ (UH um))) (, ,) (-DFL- E_S))",89,121.14,122.8
sw03utt/sw_0397_2492.utt,2/sw2492,2492,55,%,A,35,7,"[ I just, +  I'm ] not, - /","[ I/PRP ] just/RB ,/,  [ I/PRP ] 'm/VBP not/RB ,/,","(S (EDITED (RM (-DFL- \[)) (S-UNF (NP-SBJ (PRP I)) (ADVP (RB just))) (, ,) (IP (-DFL- \+))) (NP-SBJ (PRP I)) (VP-UNF (VBP 'm) (RS (-DFL- \])) (RB not)) (, ,) (-DFL- N_S))",90,123.66,124.46
sw03utt/sw_0397_2492.utt,2/sw2492,2492,56,sd,A,35,8,"basically, I like to mow the lawn, believe it or not,  /","basically/RB ,/,  [ I/PRP ] like/VBP to/TO mow/VB  [ the/DT lawn/NN ] ,/, believe/VB  [ it/PRP ] or/CC not/RB ,/,","(S (ADVP (RB basically)) (, ,) (NP-SBJ-1 (PRP I)) (VP (VBP like) (S (NP-SBJ (-NONE- *-1)) (VP (TO to) (VP (VB mow) (NP (DT the) (NN lawn))))) (, ,) (S-ADV (NP-SBJ (-NONE- *)) (VP (VP (VB believe) (NP (PRP it))) (CC or) (VP (FRAG (RB not)))))) (, ,) (-DFL- E_S))",91,124.46,128.28
sw03utt/sw_0397_2492.utt,2/sw2492,2492,57,sd,A,35,9,"{C but }  I sometimes have problems starting the mower,  /","but/CC  [ I/PRP ] sometimes/RB have/VBP  [ problems/NNS ] starting/VBG  [ the/DT mower/NN ] ,/,","(S (CC but) (NP-SBJ-1 (PRP I)) (ADVP-TMP (RB sometimes)) (VP (VBP have) (NP (NNS problems)) (S-ADV (NP-SBJ (-NONE- *-1)) (VP (VBG starting) (NP (DT the) (NN mower))))) (, ,) (-DFL- E_S))",92,128.28,130.73999999999998
sw03utt/sw_0397_2492.utt,2/sw2492,2492,58,sd,A,35,10,"{C so } a lot of  times I won't get out and do it,  /","so/RB  [ a/DT lot/NN ] of/IN  [ times/NNS I/PRP ] wo/MD n't/RB get/VB out/RB and/CC do/VB  [ it/PRP ] ,/,","(S (RB so) (NP-TMP (NP (DT a) (NN lot)) (PP (IN of) (NP (NNS times)))) (NP-SBJ (PRP I)) (VP (MD wo) (RB n't) (VP (VP (VB get) (ADVP (RB out))) (CC and) (VP (VB do) (NP (PRP it))))) (, ,) (-DFL- E_S))",93,130.74,132.76
sw03utt/sw_0397_2492.utt,2/sw2492,2492,59,sd,A,35,11,"{C but } my husband, <noise> basically, does most of it,  /","but/CC  [ my/PRP$ husband/NN ] ,/, basically/RB ,/, does/VBZ most/JJS of/IN  [ it/PRP ] ,/,","(S (CC but) (NP-SBJ (PRP$ my) (NN husband)) (, ,) (ADVP (RB basically)) (, ,) (VP (VBZ does) (NP (NP (JJS most)) (PP (IN of) (NP (PRP it))))) (, ,) (-DFL- E_S))",94,132.76,135.73999999999998
sw03utt/sw_0397_2492.utt,2/sw2492,2492,60,sd,A,35,12,"{C and }  he does the, {D you know, } edging and all that kind of thing,  /","and/CC  [ he/PRP ] does/VBZ  [ the/DT ] ,/,  [ you/PRP ] know/VBP ,/, edging/NN and/CC  [ all/PDT that/DT kind/NN ] of/IN  [ thing/NN ] ,/,","(S (CC and) (NP-SBJ (PRP he)) (VP (VBZ does) (NP (NP (DT the) (PRN (, ,) (S (NP-SBJ (PRP you)) (VP (VBP know))) (, ,)) (NN edging)) (CC and) (NP (NP (PDT all) (DT that) (NN kind)) (PP (IN of) (NP (NN thing)))))) (, ,) (-DFL- E_S))",95,135.74,139.74
sw03utt/sw_0397_2492.utt,2/sw2492,2492,61,sd,A,35,13,"{C and } we're renting,  /","and/CC  [ we/PRP ] 're/VBP renting/VBG ,/,","(S (CC and) (NP-SBJ (PRP we)) (VP (VBP 're) (VP (VBG renting))) (, ,) (-DFL- E_S))",96,139.74,141.14
sw03utt/sw_0397_2492.utt,2/sw2492,2492,62,sd,A,35,14,"{C and so } we don't really put a lot of money into the, {F uh, } {D you know, } {D like } - /","and/CC so/RB  [ we/PRP ] do/VBP n't/RB really/RB put/VB  [ a/DT lot/NN ] of/IN  [ money/NN ] into/IN  [ the/DT ] ,/,  [ uh/UH ] ,/,  [ you/PRP ] know/VBP ,/, like/IN","(S (CONJP (CC and) (RB so)) (NP-SBJ (PRP we)) (VP (VBP do) (RB n't) (ADVP (RB really)) (VP (VB put) (NP (NP (DT a) (NN lot)) (PP (IN of) (NP (NN money)))) (PP-PUT (IN into) (NP-UNF (DT the) (, ,) (INTJ (UH uh)) (PRN (, ,) (S (NP-SBJ (PRP you)) (VP (VBP know))) (, ,) (INTJ (UH like))))))) (-DFL- N_S))",97,141.14,146.18
sw03utt/sw_0397_2492.utt,2/sw2492,2492,63,sd,A,35,15,"this lawn could probably stand <noise> a couple of loads of dirt, and some Saint Augustine.  /","[ this/DT lawn/NN ] could/MD probably/RB stand/VB  [ a/DT couple/NN ] of/IN  [ loads/NNS ] of/IN  [ dirt/NN ] ,/, and/CC  [ some/DT Saint/NNP Augustine/NNP ] ./.","(S (NP-SBJ (DT this) (NN lawn)) (VP (MD could) (ADVP (RB probably)) (VP (VB stand) (NP (NP (NP (DT a) (NN couple)) (PP (IN of) (NP (NP (NNS loads)) (PP (IN of) (NP (NN dirt)))))) (, ,) (CC and) (NP (DT some) (NNP Saint) (NNP Augustine))))) (. .) (-DFL- E_S))",98,146.18,152.1
sw03utt/sw_0397_2492.utt,2/sw2492,2492,64,sd,A,35,16,"[ We just, + we ] have winter rye out back,  /","[ We/PRP ] just/RB ,/,  [ we/PRP ] have/VBP  [ winter/NN rye/NN ] out/IN  [ back/RB ] ,/,","(S (EDITED (RM (-DFL- \[)) (S-UNF (NP-SBJ (PRP We)) (ADVP (RB just))) (, ,) (IP (-DFL- \+))) (NP-SBJ (PRP we)) (RS (-DFL- \])) (VP (VBP have) (NP (NN winter) (NN rye)) (ADVP-LOC (IN out) (RB back))) (, ,) (-DFL- E_S))",99,152.1,154.04
sw03utt/sw_0397_2492.utt,2/sw2492,2492,65,%,A,35,17,"{C and } we have, - /","and/CC  [ we/PRP ] have/VBP ,/,","(S (CC and) (NP-SBJ (PRP we)) (VP-UNF (VBP have)) (, ,) (-DFL- N_S))",100,154.04,154.34
sw03utt/sw_0397_2492.utt,2/sw2492,2492,66,sd,A,35,18,"I don't even know  what it is out front,  /","[ I/PRP ] do/VBP n't/RB even/RB know/VB  [ what/WP ] [ it/PRP ] is/VBZ out/IN  [ front/NN ] ,/,","(S (NP-SBJ (PRP I)) (VP (VBP do) (RB n't) (ADVP (RB even)) (VP (VB know) (SBAR (WHNP-1 (WP what)) (S (NP-SBJ (PRP it)) (VP (VBZ is) (NP-PRD (-NONE- *T*-1)) (PP-LOC (IN out) (NP (NN front)))))))) (, ,) (-DFL- E_S))",101,154.34,156.64000000000001
sw03utt/sw_0397_2492.utt,2/sw2492,2492,67,sd,A,35,19,"<laughter> {C but, }  {F um, } [ we, +  this is the first  house we've ] ever lived in,  /","but/CC ,/, um/UH ,/,  [ we/PRP ] ,/,  [ this/DT ] is/VBZ  [ the/DT first/JJ house/NN ] [ we/PRP ] 've/VBP ever/RB lived/VBN in/IN ,/,","(S (CC but) (, ,) (INTJ (UH um)) (, ,) (EDITED (RM (-DFL- \[)) (NP-SBJ (PRP we)) (, ,) (IP (-DFL- \+))) (NP-SBJ (DT this)) (VP (VBZ is) (NP-PRD (NP (DT the) (JJ first) (NN house)) (SBAR (WHNP-1 (-NONE- 0)) (S (NP-SBJ (PRP we)) (VP (VBP 've) (RS (-DFL- \])) (ADVP-TMP (RB ever)) (VP (VBN lived) (PP-LOC (IN in) (NP (-NONE- *T*-1))))))))) (, ,) (-DFL- E_S))",102,156.98,159.2
sw03utt/sw_0397_2492.utt,2/sw2492,2492,68,sd,A,35,20,"{C and } we're just not real into the lawn probably because we're renting,  I guess,  {F huh? }  /","and/CC  [ we/PRP ] 're/VBP just/RB not/RB real/RB into/IN  [ the/DT lawn/NN ] probably/RB because/IN  [ we/PRP ] 're/VBP renting/VBG ,/,  [ I/PRP ] guess/VBP ,/, huh/UH ?/.","(S (CC and) (S-TPC-1 (NP-SBJ (PRP we)) (VP (VBP 're) (ADVP (RB just)) (RB not) (ADVP (RB real)) (PP-PRD (IN into) (NP (DT the) (NN lawn))) (ADVP (RB probably)) (SBAR-PRP (IN because) (S (NP-SBJ (PRP we)) (VP (VBP 're) (VP (VBG renting))))))) (, ,) (NP-SBJ (PRP I)) (VP (VBP guess) (SBAR (-NONE- 0) (S (-NONE- *T*-1))) (, ,) (INTJ (UH huh))) (. ?) (-DFL- E_S))",103,159.2,163.18
sw03utt/sw_0397_2492.utt,2/sw2492,2492,69,%,A,35,21,"{C So, }  it, anyway, -/","So/RB ,/,  [ it/PRP ] ,/, anyway/UH ,/,","(S-UNF (RB So) (, ,) (NP-SBJ (PRP it)) (, ,) (INTJ (UH anyway)) (, ,) (-DFL- N_S))",104,163.9,164.45999999999998
sw03utt/sw_0397_2492.utt,2/sw2492,2492,70,%,B,36,1,"{D Well, } -/","Well/UH ,/,","(INTJ (UH Well) (, ,) (-DFL- N_S))",106,164.86,165.26000000000002
sw03utt/sw_0397_2492.utt,2/sw2492.pos,2492,71,x,A,37,1,<Beep>.,./.,,,0.0,0.0
sw03utt/sw_0397_2492.utt,2/sw2492,2492,72,qy,B,38,1,you said you had problems with fleas last year in the yard? /,[ you/PRP ] said/VBD  [ you/PRP ] had/VBD  [ problems/NNS ] with/IN  [ fleas/NNS last/JJ year/NN ] in/IN  [ the/DT yard/NN ] ?/.,(S (NP-SBJ (PRP you)) (VP (VBD said) (SBAR (-NONE- 0) (S (NP-SBJ (PRP you)) (VP (VBD had) (NP (NP (NNS problems)) (PP (IN with) (NP (NP (NNS fleas)) (PP-LOC (-NONE- *ICH*-1))))) (NP-TMP (JJ last) (NN year)) (PP-LOC-1 (IN in) (NP (DT the) (NN yard))))))) (. ?) (-DFL- E_S)),109,165.5,168.18
sw03utt/sw_0397_2492.utt,2/sw2492,2492,73,na,A,39,1,Right </beep>.  /,[ Right/UH ] ./.,(INTJ (UH Right) (. .) (-DFL- E_S)),111,168.24,168.54000000000002
sw03utt/sw_0397_2492.utt,2/sw2492,2492,74,ny,A,39,2,Uh-huh.  /,[ Uh-huh/UH ] ./.,(INTJ (UH Uh-huh) (. .) (-DFL- E_S)),112,168.64,169.07999999999998
sw03utt/sw_0397_2492.utt,2/sw2492,2492,75,%,A,39,3,"We were getting, -/","[ We/PRP ] were/VBD getting/VBG ,/,","(S (NP-SBJ (PRP We)) (VP (VBD were) (VP-UNF (VBG getting))) (, ,) (-DFL- N_S))",113,169.88,170.44
sw03utt/sw_0397_2492.utt,2/sw2492,2492,76,sv,B,40,1,"{F Uh, } I found one thing that,  it's kind of a weird  thing to say to put out on the lawn,  /","[ Uh/UH ] ,/,  [ I/PRP ] found/VBD  [ one/CD thing/NN ] [ that/WDT ] ,/,  [ it/PRP ] 's/BES  [ kind/RB ] of/RB  [ a/DT weird/JJ thing/NN ] to/TO say/VB to/TO put/VB out/IN on/IN  [ the/DT lawn/NN ] ,/,","(S (INTJ (UH Uh)) (, ,) (NP-SBJ (PRP I)) (VP (VBD found) (NP (NP (CD one) (NN thing)) (SBAR (WHNP-1 (WDT that)) (, ,) (S (NP-SBJ (NP (-NONE- *T*-1)) (NP (PRP it))) (VP (BES 's) (ADVP (RB kind) (RB of)) (NP-PRD (NP (DT a) (JJ weird) (NN thing)) (SBAR (WHNP-2 (-NONE- 0)) (S (NP-SBJ (-NONE- *)) (VP (TO to) (VP (VB say) (S (NP-SBJ (-NONE- *)) (VP (TO to) (VP (VB put) (NP (-NONE- *T*-2)) (PP-PUT (IN out) (PP (IN on) (NP (DT the) (NN lawn))))))))))))))))) (, ,) (-DFL- E_S))",115,170.52,173.72
sw03utt/sw_0397_2492.utt,2/sw2492,2492,77,sd,B,40,2,"{C but, }","but/CC ,/,","(S (CC but) (, ,) (INTJ (UH um)) (, ,) (EDITED (RM (-DFL- \[)) (NP-SBJ (PRP we)) (, ,) (IP (-DFL- \+))) (NP-SBJ (DT this)) (VP (VBZ is) (NP-PRD (NP (DT the) (JJ first) (NN house)) (SBAR (WHNP-1 (-NONE- 0)) (S (NP-SBJ (PRP we)) (VP (VBP 've) (RS (-DFL- \])) (ADVP-TMP (RB ever)) (VP (VBN lived) (PP-LOC (IN in) (NP (-NONE- *T*-1))))))))) (, ,) (-DFL- E_S))",102,173.72,173.9
sw03utt/sw_0397_2492.utt,2/sw2492.pos,2492,78,x,A,41,1,<Noise>.,./.,,,0.0,0.0
sw03utt/sw_0397_2492.utt,2/sw2492,2492,79,+,B,42,1,"every time I've done [ [ it, + it's ]  got-, + [ it, + it ] drives ] the fleas completely out of the area. /","[ every/DT time/NN ] [ I/PRP ] 've/VBP done/VBN  [ it/PRP ] ,/,  [ it/PRP ] 's/HVS got/VBN ,/,  [ it/PRP ] ,/,  [ it/PRP ] drives/VBZ  [ the/DT fleas/NNS ] completely/RB out/IN of/IN  [ the/DT area/NN ] ./.","(S (CC but) (, ,) (NP-TMP (NP (DT every) (NN time)) (SBAR (WHADVP-1 (-NONE- 0)) (S (NP-SBJ (PRP I)) (VP (VBP 've) (VP (VBN done) (RM (-DFL- \[)) (RM (-DFL- \[)) (NP (PRP it)) (ADVP-TMP (-NONE- *T*-1)) (, ,) (IP (-DFL- \+))))))) (EDITED (S (NP-SBJ (PRP it)) (VP (HVS 's) (RS (-DFL- \])) (VP-UNF (VBN got-)))) (, ,) (IP (-DFL- \+))) (EDITED (RM (-DFL- \[)) (NP-SBJ (PRP it)) (, ,) (IP (-DFL- \+))) (NP-SBJ (PRP it)) (RS (-DFL- \])) (VP (VBZ drives) (RS (-DFL- \])) (NP (DT the) (NNS fleas)) (ADVP (RB completely)) (PP-DIR (IN out) (PP (IN of) (NP (DT the) (NN area))))) (. .) (-DFL- E_S))",116,174.56,178.07999999999998
sw03utt/sw_0397_2492.utt,2/sw2492,2492,80,qw,A,43,1,What? /,[ What/WP ] ?/.,(WHNP (WP What) (. ?) (-DFL- E_S)),120,178.42,178.79999999999998
sw03utt/sw_0397_2492.utt,2/sw2492,2492,81,sd,B,44,1,Powdered sulphur. /,[ Powdered/JJ sulphur/NN ] ./.,(NP (JJ Powdered) (NN sulphur) (. .) (-DFL- E_S)),122,178.96,179.88
sw03utt/sw_0397_2492.utt,2/sw2492,2492,82,bh,A,45,1,"{F Oh, } really?  /","Oh/UH ,/, really/UH ?/.","(INTJ (INTJ (UH Oh)) (, ,) (INTJ (UH really)) (. ?) (-DFL- E_S))",124,180.36,180.86
sw03utt/sw_0397_2492.utt,2/sw2492,2492,83,qw,A,45,2,"{F Hm, } I wonder why it does? /","[ Hm/UH ] ,/,  [ I/PRP ] wonder/VBP why/WRB  [ it/PRP ] does/VBZ ?/.","(S (INTJ (UH Hm)) (, ,) (NP-SBJ (PRP I)) (VP (VBP wonder) (SBAR (WHADVP-1 (WRB why)) (S (NP-SBJ (PRP it)) (VP (VBZ does) (ADVP-PRP (-NONE- *T*-1)))))) (. ?) (-DFL- E_S))",125,181.68,182.95999999999998
sw03utt/sw_0397_2492.utt,2/sw2492,2492,84,sd,B,46,1,"[ You, + you ] don't have to put a whole lot  out,  /","[ You/PRP ] ,/,  [ you/PRP ] do/VBP n't/RB have/VB to/TO put/VB  [ a/DT whole/JJ lot/NN ] out/RB ,/,","(S (EDITED (RM (-DFL- \[)) (NP-SBJ (PRP You)) (, ,) (IP (-DFL- \+))) (NP-SBJ-1 (PRP you)) (RS (-DFL- \])) (VP (VBP do) (RB n't) (VP (VB have) (S (NP-SBJ (-NONE- *-1)) (VP (TO to) (VP (VB put) (NP (DT a) (JJ whole) (NN lot)) (ADVP-PUT (RB out))))))) (, ,) (-DFL- E_S))",127,183.5,185.28
sw03utt/sw_0397_2492.utt,2/sw2492,2492,85,sd,B,46,2,just if you've got a broadcast spreader --,just/RB if/IN  [ you/PRP ] 've/VBP got/VBN  [ a/DT broadcast/NN spreader/NN ] --/:,(SBAR-ADV (ADVP (RB just)) (IN if) (S (NP-SBJ (PRP you)) (VP (VBP 've) (VP (VBN got) (NP (DT a) (NN broadcast) (NN spreader)))))),128,185.28,187.14000000000001
sw03utt/sw_0397_2492.utt,2/sw2492,2492,86,b,A,47,1,Uh-huh. /,[ Uh-huh/UH ] ./.,(INTJ (UH Uh-huh) (. .) (-DFL- E_S)),112,187.36,187.60000000000002
sw03utt/sw_0397_2492.utt,2/sw2492,2492,87,+,B,48,1,"-- I think it comes in a forty-pound bag,  /","--/:  [ I/PRP ] think/VBP  [ it/PRP ] comes/VBZ in/IN  [ a/DT forty-pound/JJ bag/NN ] ,/,","(S (NP-SBJ (PRP I)) (VP (VBP think) (SBAR (-NONE- 0) (S (NP-SBJ (PRP it)) (VP (VBZ comes) (PP-LOC (IN in) (NP (DT a) (JJ forty-pound) (NN bag))))))) (, ,) (-DFL- E_S))",129,187.54,190.72
sw03utt/sw_0397_2492.utt,2/sw2492,2492,88,sd,B,48,2,"{C and } it's real fine, like flour -- /","and/CC  [ it/PRP ] 's/BES real/RB fine/JJ ,/, like/IN  [ flour/NN ] --/:","(S (CC and) (NP-SBJ (PRP it)) (VP (BES 's) (ADJP-PRD (RB real) (JJ fine) (, ,) (PP (IN like) (NP (NN flour))))) (-DFL- E_S))",133,190.72,193.18
sw03utt/sw_0397_2492.utt,2/sw2492,2492,89,b,A,49,1,Uh-huh. /,[ Uh-huh/UH ] ./.,(INTJ (UH Uh-huh) (. .) (-DFL- E_S)),112,193.38,193.72
sw03utt/sw_0397_2492.utt,2/sw2492,2492,90,sd,B,50,1,-- {C and } you just --,--/: and/CC  [ you/PRP ] just/RB --/:,"(S (CC and) (NP-SBJ (PRP you)) (ADVP (RB just)) (VP (VP (VBP go) (ADVP-DIR (RB out))) (, ,) (CC and) (VP (VBP do) (NP (DT the) (JJ entire) (NN yard)))) (, ,) (-DFL- E_S))",137,193.66,194.6
sw03utt/sw_0397_2492.utt,2/sw2492,2492,91,b,A,51,1,Yeah. /,Yeah/UH ./.,(INTJ (UH Yeah) (. .) (-DFL- E_S)),139,195.28,195.7
sw03utt/sw_0397_2492.utt,2/sw2492,2492,92,+,B,52,1,"-- go out, and do the entire yard,  /","--/: go/VBP out/RB ,/, and/CC do/VBP  [ the/DT entire/JJ yard/NN ] ,/,","(S (CC and) (NP-SBJ (PRP you)) (ADVP (RB just)) (VP (VP (VBP go) (ADVP-DIR (RB out))) (, ,) (CC and) (VP (VBP do) (NP (DT the) (JJ entire) (NN yard)))) (, ,) (-DFL- E_S))",137,195.92,197.48
sw03utt/sw_0397_2492.utt,2/sw2492,2492,93,sd,B,52,2,"{C and }  [ you, + {E I mean, } you ] don't have to put clumps of it,  /","and/CC  [ you/PRP ] ,/,  [ I/PRP ] mean/VBP ,/,  [ you/PRP ] do/VBP n't/RB have/VB to/TO put/VB  [ clumps/NNS ] of/IN  [ it/PRP ] ,/,","(S (CC and) (EDITED (RM (-DFL- \[)) (NP-SBJ (PRP you)) (, ,) (IP (-DFL- \+))) (PRN (S (NP-SBJ (PRP I)) (VP (VBP mean))) (, ,)) (NP-SBJ-1 (PRP you)) (RS (-DFL- \])) (VP (VBP do) (RB n't) (VP (VB have) (S (NP-SBJ (-NONE- *-1)) (VP (TO to) (VP (VB put) (NP (NP (NNS clumps)) (PP (IN of) (NP (PRP it))))))))) (, ,) (-DFL- E_S))",141,197.48,198.82
sw03utt/sw_0397_2492.utt,2/sw2492,2492,94,sd,B,52,3,just very lightly cover the entire yard. /,just/RB very/RB lightly/RB cover/VB  [ the/DT entire/JJ yard/NN ] ./.,(S (NP-SBJ (-NONE- *)) (ADVP (RB just)) (ADVP-MNR (RB very) (RB lightly)) (VP (VB cover) (NP (DT the) (JJ entire) (NN yard))) (. .) (-DFL- E_S)),142,198.82,200.74
sw03utt/sw_0397_2492.utt,2/sw2492,2492,95,bh,A,53,1,Really?  /,Really/UH ?/.,(INTJ (UH Really) (. ?) (-DFL- E_S)),144,200.79,201.03
sw03utt/sw_0397_2492.utt,2/sw2492,2492,96,sd,A,53,2,"{D Well, } I'll have to remember that,  because hopefully we won't have them this year,  /","Well/UH ,/,  [ I/PRP ] 'll/MD have/VB to/TO remember/VB that/DT ,/, because/IN hopefully/RB  [ we/PRP ] wo/MD n't/RB have/VB  [ them/PRP ] [ this/DT year/NN ] ,/,","(S (INTJ (UH Well)) (, ,) (NP-SBJ-1 (PRP I)) (VP (MD 'll) (VP (VB have) (S (NP-SBJ (-NONE- *-1)) (VP (TO to) (VP (VB remember) (NP (DT that)) (, ,)))) (SBAR-PRP (IN because) (S (ADVP (RB hopefully)) (NP-SBJ (PRP we)) (VP (MD wo) (RB n't) (VP (VB have) (NP (PRP them)) (NP-TMP (DT this) (NN year)))))))) (, ,) (-DFL- E_S))",145,201.69,205.61
sw03utt/sw_0397_2492.utt,2/sw2492,2492,97,sd,A,53,3,"{C but } we have a cat that comes  in and out,  /","but/CC  [ we/PRP ] have/VBP  [ a/DT cat/NN ] [ that/WDT ] comes/VBZ in/RB and/CC out/RB ,/,","(S (CC but) (NP-SBJ (PRP we)) (VP (VBP have) (NP (NP (DT a) (NN cat)) (SBAR (WHNP-1 (WDT that)) (S (NP-SBJ (-NONE- *T*-1)) (VP (VBZ comes) (ADVP-DIR (RB in) (CC and) (RB out))))))) (, ,) (-DFL- E_S))",146,205.61,207.57
sw03utt/sw_0397_2492.utt,2/sw2492,2492,98,sd,A,53,4,"{C and } the cat was getting, {F um, } fleas and stuff and bringing them in the  house,  /","and/CC  [ the/DT cat/NN ] was/VBD getting/VBG ,/, um/UH ,/,  [ fleas/NNS ] and/CC  [ stuff/NN ] and/CC bringing/VBG  [ them/PRP ] in/IN  [ the/DT house/NN ] ,/,","(S (CC and) (NP-SBJ (DT the) (NN cat)) (VP (VBD was) (VP (VP (VBG getting) (, ,) (INTJ (UH um)) (, ,) (NP (NNS fleas) (CC and) (NN stuff))) (CC and) (VP (VBG bringing) (NP (PRP them)) (PP-DIR (IN in) (NP (DT the) (NN house)))))) (, ,) (-DFL- E_S))",147,207.57,212.91
sw03utt/sw_0397_2492.utt,2/sw2492,2492,99,sd,A,53,5,"{C so } we had a real problem last year with fleas,  /","so/RB  [ we/PRP ] had/VBD  [ a/DT real/JJ problem/NN last/JJ year/NN ] with/IN  [ fleas/NNS ] ,/,","(S (RB so) (NP-SBJ (PRP we)) (VP (VBD had) (NP (NP (DT a) (JJ real) (NN problem)) (PP (-NONE- *ICH*-1))) (NP-TMP (JJ last) (NN year)) (PP-1 (IN with) (NP (NNS fleas)))) (, ,) (-DFL- E_S))",148,212.91,216.04999999999998
sw03utt/sw_0397_2492.utt,2/sw2492,2492,100,sd,A,53,6,"{C and } {F uh, } <noise>  it was quite a drag <noise> because, {F um, } <noise> we got them in our  house,  /","and/CC  [ uh/UH ] ,/,  [ it/PRP ] was/VBD quite/PDT  [ a/DT drag/NN ] because/IN ,/, um/UH ,/,  [ we/PRP ] got/VBD  [ them/PRP ] in/IN  [ our/PRP$ house/NN ] ,/,","(S (CC and) (INTJ (UH uh)) (, ,) (NP-SBJ (PRP it)) (VP (VBD was) (NP-PRD (PDT quite) (DT a) (NN drag)) (SBAR-PRP (IN because) (, ,) (INTJ (UH um)) (, ,) (S (NP-SBJ (PRP we)) (VP (VBD got) (NP (PRP them)) (PP-LOC (IN in) (NP (PRP$ our) (NN house))))))) (, ,) (-DFL- E_S))",149,216.07,220.91
sw03utt/sw_0397_2492.utt,2/sw2492,2492,101,sd,A,53,7,"{C and } <laughter> we're Christians,  /","and/CC  [ we/PRP ] 're/VBP  [ Christians/NNPS ] ,/,","(S (CC and) (NP-SBJ (PRP we)) (VP (VBP 're) (NP-PRD (NNPS Christians))) (, ,) (-DFL- E_S))",150,220.93,222.67000000000002
sw03utt/sw_0397_2492.utt,2/sw2492,2492,102,sd,A,53,8,"{C and } we prayed that we could get rid of  these fleas,  /","and/CC  [ we/PRP ] prayed/VBD that/IN  [ we/PRP ] could/MD get/VB  [ rid/VBN ] of/IN  [ these/DT fleas/NNS ] ,/,","(S (CC and) (NP-SBJ (PRP we)) (VP (VBD prayed) (SBAR (IN that) (S (NP-SBJ-1 (PRP we)) (VP (MD could) (VP (VB get) (VP (VBN rid) (NP (-NONE- *-1)) (PP (IN of) (NP (DT these) (NNS fleas))))))))) (, ,) (-DFL- E_S))",151,222.67,224.65
sw03utt/sw_0397_2492.utt,2/sw2492,2492,103,sd,A,53,9,"{C and } we got rid of them, <noise> believe it or not, with smoke bombs,  which is just about impossible to do,  /","and/CC  [ we/PRP ] got/VBD  [ rid/VBN ] of/IN  [ them/PRP ] ,/, believe/VB  [ it/PRP ] or/CC not/RB ,/, with/IN  [ smoke/NN bombs/NNS ] ,/,  [ which/WDT ] is/VBZ just/RB about/RB  [ impossible/JJ ] to/TO do/VB ,/,","(S (CC and) (NP-SBJ-1 (PRP we)) (VP (VP (VBD got) (VP (VBN rid) (NP (-NONE- *-1)) (PP (IN of) (NP (PRP them))) (, ,) (S-ADV (NP-SBJ (-NONE- *)) (VP (VP (VB believe) (NP (PRP it))) (CC or) (VP (FRAG (RB not))))) (, ,) (PP (IN with) (NP (NN smoke) (NNS bombs))))) (, ,) (SBAR (WHNP-2 (WDT which)) (S (NP-SBJ (-NONE- *T*-2)) (VP (VBZ is) (ADVP (RB just)) (ADVP (RB about)) (ADJP-PRD (JJ impossible) (SBAR (WHNP-3 (-NONE- 0)) (S (NP-SBJ (-NONE- *)) (VP (TO to) (VP (VB do) (NP (-NONE- *T*-3))))))))))) (, ,) (-DFL- E_S))",152,224.65,229.75
sw03utt/sw_0397_2492.utt,2/sw2492,2492,104,sd,A,53,10,"{C but } we did, </noise>  /","but/CC  [ we/PRP ] did/VBD ,/,","(S (CC but) (NP-SBJ (PRP we)) (VP (VBD did)) (, ,) (-DFL- E_S))",153,230.37,230.98999999999998
sw03utt/sw_0397_2492.utt,2/sw2492,2492,105,sd,A,53,11,"{C and so }  we don't want them back this year, {D you know? }  /","and/CC so/RB  [ we/PRP ] do/VBP n't/RB want/VB  [ them/PRP ] back/RB  [ this/DT year/NN ] ,/,  [ you/PRP ] know/VBP ?/.","(S (CONJP (CC and) (RB so)) (NP-SBJ (PRP we)) (VP (VBP do) (RB n't) (VP (VB want) (NP (PRP them)) (ADVP (RB back)) (NP-TMP (DT this) (NN year)) (PRN (, ,) (S (NP-SBJ (PRP you)) (VP (VBP know)))))) (. ?) (-DFL- E_S))",154,230.99,233.39
sw03utt/sw_0397_2492.utt,2/sw2492,2492,106,sd,A,53,12,<laughter> {C so } I'll remember that  if we see it's a problem in the yard.  /,so/RB  [ I/PRP ] 'll/MD remember/VB that/DT if/IN  [ we/PRP ] see/VBP  [ it/PRP ] 's/BES  [ a/DT problem/NN ] in/IN  [ the/DT yard/NN ]  ./.,(S (RB so) (NP-SBJ (PRP I)) (VP (MD 'll) (VP (VB remember) (NP (DT that)) (SBAR-ADV (IN if) (S (NP-SBJ (PRP we)) (VP (VBP see) (SBAR (-NONE- 0) (S (NP-SBJ (PRP it)) (VP (BES 's) (NP-PRD (NP (DT a) (NN problem)) (PP-LOC (IN in) (NP (DT the) (NN yard)))))))))))) (. .) (-DFL- E_S)),155,233.77,236.53
sw03utt/sw_0397_2492.utt,2/sw2492,2492,107,%,A,53,13,"<breathing> we're almost, - /","[ we/PRP ] 're/VBP almost/RB ,/,","(S (NP-SBJ (PRP we)) (VP-UNF (VBP 're) (ADVP (RB almost))) (, ,) (-DFL- N_S))",156,237.05,237.61
sw03utt/sw_0397_2492.utt,2/sw2492,2492,108,sd,A,53,14,"<breathing>  they were so bad last year, even ticks.  /","[ they/PRP ] were/VBD  [ so/RB bad/JJ last/JJ year/NN ] ,/, even/RB ticks/NNS ./.","(S (NP-SBJ (PRP they)) (VP (VBD were) (ADJP-PRD (RB so) (JJ bad)) (NP-TMP (JJ last) (NN year)) (, ,) (NP-TPC (ADVP (RB even)) (NNS ticks))) (. .) (-DFL- E_S))",157,237.75,240.76999999999998
sw03utt/sw_0397_2492.utt,2/sw2492,2492,109,h,A,53,15,"I don't know,  /","[ I/PRP ] do/VBP n't/RB know/VB ,/,","(S (NP-SBJ (PRP I)) (VP (VBP do) (RB n't) (VP (VB know))) (, ,) (-DFL- E_S))",158,240.77,241.41
sw03utt/sw_0397_2492.utt,2/sw2492,2492,110,sd,A,53,16,"we've had ticks before a lot,  /","[ we/PRP ] 've/VBP had/VBN  [ ticks/NNS ] before/RB  [ a/DT lot/NN ] ,/,","(S (NP-SBJ (PRP we)) (VP (VBP 've) (VP (VBN had) (NP (NNS ticks)) (ADVP-TMP (RB before)) (NP-ADV (DT a) (NN lot)))) (, ,) (-DFL- E_S))",159,241.41,242.83
sw03utt/sw_0397_2492.utt,2/sw2492,2492,111,sd,A,53,17,{C and } we've had to get out and treat our lawn for that.  /,and/CC  [ we/PRP ] 've/VBP had/VBN to/TO get/VB out/RB and/CC treat/VB  [ our/PRP$ lawn/NN ] for/IN  [ that/DT ] ./.,(S (CC and) (NP-SBJ-1 (PRP we)) (VP (VBP 've) (VP (VBN had) (S (NP-SBJ (-NONE- *-1)) (VP (TO to) (VP (VP (VB get) (ADVP (RB out))) (CC and) (VP (VB treat) (NP (PRP$ our) (NN lawn)) (PP (IN for) (NP (DT that))))))))) (. .) (-DFL- E_S)),160,242.83,245.56
sw03utt/sw_0397_2492.utt,2/sw2492,2492,112,sd,A,53,18,"[ I think we used <noise>  Dursban for the, +  we used Dursban ] and Diazinon and get out there and do what  you do <laughter> with that thing, {D you know, } and spread it all out everywhere,  /","[ I/PRP ] think/VBP  [ we/PRP ] used/VBD  [ Dursban/NNP ] for/IN  [ the/DT ] ,/,  [ we/PRP ] used/VBD  [ Dursban/NNP ] and/CC  [ Diazinon/NNP ] and/CC get/VB out/IN there/RB and/CC do/VB  [ what/WP ] [ you/PRP ] do/VBP with/IN  [ that/DT thing/NN ] ,/,  [ you/PRP ] know/VBP ,/, and/CC spread/VBD  [ it/PRP ] [ all/RB ] out/RP everywhere/RB ,/,","(S (RM (-DFL- \[)) (NP-SBJ (PRP I)) (VP (VBP think) (SBAR (-NONE- 0) (S (EDITED (S (NP-SBJ (PRP we)) (VP (VBD used) (NP (NNP Dursban)) (PP (IN for) (NP-UNF (DT the))))) (, ,) (IP (-DFL- \+))) (NP-SBJ (PRP we)) (VP (VP (VBD used) (NP (NP (NNP Dursban)) (RS (-DFL- \])) (CC and) (NP (NNP Diazinon)))) (CC and) (VP (VB get) (PP-LOC (IN out) (ADVP (RB there)))) (CC and) (VP (VB do) (SBAR-NOM (WHNP-1 (WP what)) (S (NP-SBJ (PRP you)) (VP (VBP do) (NP (-NONE- *T*-1)) (PP (IN with) (NP (DT that) (NN thing))))))) (PRN (, ,) (S (NP-SBJ (PRP you)) (VP (VBP know))) (, ,)) (CC and) (VP (VBD spread) (NP (PRP it)) (RB all) (PRT (RP out)) (ADVP-LOC (RB everywhere))))))) (, ,) (-DFL- E_S))",161,245.56,255.94
sw03utt/sw_0397_2492.utt,2/sw2492,2492,113,sd,A,53,19,{C but } that's about the extent of our lawn care.  /,but/CC  [ that/DT ] 's/BES about/RB  [ the/DT extent/NN ] of/IN  [ our/PRP$ lawn/NN care/NN ] ./.,(S (CC but) (NP-SBJ (DT that)) (VP (BES 's) (ADVP (RB about)) (NP-PRD (NP (DT the) (NN extent)) (PP (IN of) (NP (PRP$ our) (NN lawn) (NN care))))) (. .) (-DFL- E_S)),162,256.36,258.92
sw03utt/sw_0397_2492.utt,2/sw2492,2492,114,h,A,53,20,"{C So, } I don't know,  /","So/RB ,/,  [ I/PRP ] do/VBP n't/RB know/VB ,/,","(S (RB So) (, ,) (NP-SBJ (PRP I)) (VP (VBP do) (RB n't) (VP (VB know))) (, ,) (-DFL- E_S))",163,258.92,261.28000000000003
sw03utt/sw_0397_2492.utt,2/sw2492,2492,115,qy,A,53,21,do you enjoy doing it?  /,do/VBP  [ you/PRP ] enjoy/VB doing/VBG  [ it/PRP ] ?/.,(SQ (VBP do) (NP-SBJ-1 (PRP you)) (VP (VB enjoy) (S (NP-SBJ (-NONE- *-1)) (VP (VBG doing) (NP (PRP it))))) (. ?) (-DFL- E_S)),164,261.28,262.32
sw03utt/sw_0397_2492.utt,2/sw2492.pos,2492,116,x,A,53,22,</noise> <breathing>.,./.,,,0.0,0.0
sw03utt/sw_0397_2492.utt,2/sw2492,2492,117,na,B,54,1,"{F Oh, } I love it.  /","Oh/UH ,/,  [ I/PRP ] love/VBP  [ it/PRP ] ./.","(S (INTJ (UH Oh)) (, ,) (NP-SBJ (PRP I)) (VP (VBP love) (NP (PRP it))) (. .) (-DFL- E_S))",166,262.26,263.38
sw03utt/sw_0397_2492.utt,2/sw2492,2492,118,sd,B,54,2,My wife can't understand  /,[ My/PRP$ wife/NN ] ca/MD n't/RB understand/VB,(S (NP-SBJ (PRP$ My) (NN wife)) (VP (MD ca) (RB n't) (VP (VB understand))) (-DFL- E_S)),167,263.38,264.44
sw03utt/sw_0397_2492.utt,2/sw2492,2492,119,sd,B,54,3,"it'd be a  hundred degrees outside, I'll be out there.  <<imitating wife's voice>>  /","[ it/PRP ] 'd/MD be/VB  [ a/DT hundred/CD degrees/NNS ] outside/RB ,/,  [ I/PRP ] 'll/MD be/VB out/IN there/RB ./.","(S (NP-SBJ (PRP it)) (VP (MD 'd) (VP (VB be) (NP-PRD (DT a) (CD hundred) (NNS degrees)) (ADVP-LOC (RB outside)))) (, ,))|||(S (NP-SBJ (PRP I)) (VP (MD 'll) (VP (VB be) (PP-LOC-PRD (IN out) (ADVP (RB there))))) (. .) (-DFL- E_S))",168|||169,264.44,266.66
sw03utt/sw_0397_2492.utt,2/sw2492,2492,120,^q,B,54,4,{C But } it's too  hot to be working in the yard. /,But/CC  [ it/PRP ] 's/BES too/RB hot/JJ to/TO be/VB working/VBG in/IN  [ the/DT yard/NN ] ./.,(S (CC But) (NP-SBJ (PRP it)) (VP (BES 's) (ADJP-PRD (RB too) (JJ hot) (S (NP-SBJ (-NONE- *)) (VP (TO to) (VP (VB be) (VP (VBG working) (PP-LOC (IN in) (NP (DT the) (NN yard))))))))) (. .) (-DFL- E_S)),170,266.82,268.58
sw03utt/sw_0397_2492.utt,2/sw2492.pos,2492,121,x,A,55,1,<Breathing>.,./.,,,0.0,0.0
sw03utt/sw_0397_2492.utt,2/sw2492,2492,122,^q,B,56,1,"I'm under the trees,  /","[ I/PRP ] 'm/VBP under/IN  [ the/DT trees/NNS ] ,/,","(S (NP-SBJ (PRP I)) (VP (VBP 'm) (PP-PRD-LOC (IN under) (NP (DT the) (NNS trees)))) (, ,) (-DFL- E_S))",173,268.6,269.52000000000004
sw03utt/sw_0397_2492.utt,2/sw2492,2492,123,^q,B,56,2,"I'm having fun, <<pause>>  /","[ I/PRP ] 'm/VBP having/VBG  [ fun/NN ] ,/,","(S (NP-SBJ (PRP I)) (VP (VBP 'm) (VP (VBG having) (NP (NN fun)))) (, ,) (-DFL- E_S))",174,269.64,270.42
sw03utt/sw_0397_2492.utt,2/sw2492,2492,124,^q,B,56,3,"{C and }  I'm stopping to drink water,  /","and/CC  [ I/PRP ] 'm/VBP stopping/VBG to/TO drink/VB  [ water/NN ] ,/,","(S (CC and) (NP-SBJ-1 (PRP I)) (VP (VBP 'm) (VP (VBG stopping) (S (NP-SBJ (-NONE- *-1)) (VP (TO to) (VP (VB drink) (NP (NN water))))))) (, ,) (-DFL- E_S))",175,270.42,271.82
sw03utt/sw_0397_2492.utt,2/sw2492,2492,125,^q,B,56,4,{C so } what's the problem?  <laughter>. /,so/RB  [ what/WP ] 's/BES  [ the/DT problem/NN ] ?/.  ./.,(SBARQ (RB so) (WHNP-1 (WP what)) (SQ (BES 's) (NP-SBJ (DT the) (NN problem)) (NP-PRD (-NONE- *T*-1))) (. ?) (. .) (-DFL- E_S)),176,271.82,272.78000000000003
sw03utt/sw_0397_2492.utt,2/sw2492,2492,126,b,A,57,1,"<Breathing> Yeah, <noise>  /","[ Yeah/UH ] ,/,","(INTJ (UH Yeah) (, ,) (-DFL- E_S))",178,273.32,273.8
sw03utt/sw_0397_2492.utt,2/sw2492,2492,127,ba,A,57,2,"[ {D well } that's, + {D well } that's ] funny.  /","well/UH that/DT  [ 's/BES ] ,/, well/UH that/DT 's/BES funny/JJ ./.","(S (EDITED (RM (-DFL- \[)) (S (INTJ (UH well)) (NP-SBJ (DT that)) (VP-UNF (BES 's))) (, ,) (IP (-DFL- \+))) (INTJ (UH well)) (NP-SBJ (DT that)) (VP (BES 's) (RS (-DFL- \])) (ADJP-PRD (JJ funny))) (. .) (-DFL- E_S))",179,273.8,276.09999999999997
sw03utt/sw_0397_2492.utt,2/sw2492,2492,128,%,A,57,3,"Yeah,  /","[ Yeah/UH ] ,/,","(INTJ (UH Yeah) (, ,) (-DFL- E_S))",178,276.3,276.54
sw03utt/sw_0397_2492.utt,2/sw2492,2492,129,sv,A,57,4,"not everybody enjoys it, though.  /","not/RB  [ everybody/NN ] enjoys/VBZ  [ it/PRP ] ,/, though/RB ./.","(S (NP-SBJ (RB not) (NN everybody)) (VP (VBZ enjoys) (NP (PRP it)) (, ,) (ADVP (RB though))) (. .) (-DFL- E_S))",181,276.54,278.06
sw03utt/sw_0397_2492.utt,2/sw2492,2492,130,sd,A,57,5,Everybody has a different thing.  /,[ Everybody/NN ] has/VBZ  [ a/DT different/JJ thing/NN ] ./.,(S (NP-SBJ (NN Everybody)) (VP (VBZ has) (NP (DT a) (JJ different) (NN thing))) (. .) (-DFL- E_S)),182,278.06,279.4
sw03utt/sw_0397_2492.utt,2/sw2492,2492,131,sd,A,57,6,I kind of enjoy it  /,[ I/PRP ] [ kind/RB ] of/RB enjoy/VBP  [ it/PRP ],(S (NP-SBJ (PRP I)) (ADVP (RB kind) (RB of)) (VP (VBP enjoy) (NP (PRP it))) (-DFL- E_S)),183,279.78,280.74
sw03utt/sw_0397_2492.utt,2/sw2492,2492,132,sd,A,57,7,{C and } my husband doesn't <laughter>.  /,and/CC  [ my/PRP$ husband/NN ] does/VBZ n't/RB ./.,(S (CC and) (NP-SBJ (PRP$ my) (NN husband)) (VP (VBZ does) (RB n't)) (. .) (-DFL- E_S)),184,280.74,281.88
sw03utt/sw_0397_2492.utt,2/sw2492,2492,133,%,A,57,8,"I kind of have to, <noise> - /","[ I/PRP ] [ kind/RB ] of/RB have/VBP to/TO ,/,","(S (NP-SBJ-1 (PRP I)) (ADVP (RB kind) (RB of)) (VP (VBP have) (S (NP-SBJ (-NONE- *-1)) (VP-UNF (TO to)))) (, ,) (-DFL- N_S))",185,282.46,283.66
sw03utt/sw_0397_2492.utt,2/sw2492,2492,134,sd,A,57,9,"sometimes I'm too busy to get out there and do it,  /","sometimes/RB  [ I/PRP ] 'm/VBP too/RB busy/JJ to/TO get/VB out/IN there/RB and/CC do/VB  [ it/PRP ] ,/,","(S (ADVP-TMP (RB sometimes)) (NP-SBJ-1 (PRP I)) (VP (VBP 'm) (ADJP-PRD (RB too) (JJ busy) (S (NP-SBJ (-NONE- *-1)) (VP (TO to) (VP (VP (VB get) (PP-LOC (IN out) (ADVP (RB there)))) (CC and) (VP (VB do) (NP (PRP it)))))))) (, ,) (-DFL- E_S))",186,284.06,286.08000000000004
sw03utt/sw_0397_2492.utt,2/sw2492,2492,135,sd,A,57,10,"{C and } [ he, + {D you know, } he ] doesn't really enjoy doing it,  /","and/CC  [ he/PRP ] ,/,  [ you/PRP ] know/VBP ,/,  [ he/PRP ] does/VBZ n't/RB really/RB enjoy/VB doing/VBG  [ it/PRP ] ,/,","(S (CC and) (EDITED (RM (-DFL- \[)) (NP-SBJ (PRP he)) (, ,) (IP (-DFL- \+))) (PRN (S (NP-SBJ (PRP you)) (VP (VBP know))) (, ,)) (NP-SBJ-1 (PRP he)) (RS (-DFL- \])) (VP (VBZ does) (RB n't) (ADVP (RB really)) (VP (VB enjoy) (S (NP-SBJ (-NONE- *-1)) (VP (VBG doing) (NP (PRP it)))))) (, ,) (-DFL- E_S))",187,286.08,288.96000000000004
sw03utt/sw_0397_2492.utt,2/sw2492,2492,136,sd,A,57,11,"{C but } he'll do it,  /","but/CC  [ he/PRP ] 'll/MD do/VB  [ it/PRP ] ,/,","(S (CC but) (NP-SBJ (PRP he)) (VP (MD 'll) (VP (VB do) (NP (PRP it)))) (, ,) (-DFL- E_S))",188,288.96,289.6
sw03utt/sw_0397_2492.utt,2/sw2492,2492,137,sd,A,57,12,"{C and }  he doesn't gripe about it or anything,  /","and/CC  [ he/PRP ] does/VBZ n't/RB gripe/VB about/IN  [ it/PRP ] or/CC  [ anything/NN ] ,/,","(S (CC and) (NP-SBJ (PRP he)) (VP (VBZ does) (RB n't) (VP (VP (VB gripe) (PP (IN about) (NP (PRP it)))) (CC or) (NP-ETC (NN anything)))) (, ,) (-DFL- E_S))",189,289.6,291.12
sw03utt/sw_0397_2492.utt,2/sw2492,2492,138,sv,A,57,13,"{C but, }  </noise> {D you know, } I'm kind of like  you  /","but/CC ,/,  [ you/PRP ] know/VBP ,/,  [ I/PRP ] 'm/VBP kind/RB of/RB like/IN  [ you/PRP ]","(S (CC but) (PRN (, ,) (S (NP-SBJ (PRP you)) (VP (VBP know))) (, ,)) (NP-SBJ (PRP I)) (VP (VBP 'm) (ADVP (RB kind) (RB of)) (PP-PRD (IN like) (NP (PRP you)))) (-DFL- E_S))",190,291.12,293.27
sw03utt/sw_0397_2492.utt,2/sw2492,2492,139,sv,A,57,14,{C and } he's kind of  like your wife.  /,and/CC  [ he/PRP ] 's/BES  [ kind/RB ] of/RB  [ like/IN your/PRP$ wife/NN ] ./.,"(S (CC and) (NP-SBJ (PRP he)) (VP (BES 's) (ADVP (RB kind) (RB of)) (PP-PRD (IN like) (NP (PRP$ your) (NN wife))) (. .) (-DFL- E_S) (PRN (S (NP-SBJ (PRP I)) (VP (VBP mean))) (, ,)) (PRN (S (NP-SBJ (PRP you)) (VP (VBP know))) (, ,)) (SBAR-ADV (IN in) (IN that) (S (NP-SBJ (PRP he)) (VP (VBZ does) (RB n't) (ADVP (RB really)) (VP (VB enjoy) (NP (PRP it))))))) (, ,) (-DFL- E_S))",191,293.27,294.65
sw03utt/sw_0397_2492.utt,2/sw2492,2492,140,sd,A,57,15,"{E I mean, } {D you know, } in that  he doesn't really enjoy it,  /","[ I/PRP ] mean/VBP ,/,  [ you/PRP ] know/VBP ,/, in/IN that/IN  [ he/PRP ] does/VBZ n't/RB really/RB enjoy/VB  [ it/PRP ] ,/,","(S (CC and) (NP-SBJ (PRP he)) (VP (BES 's) (ADVP (RB kind) (RB of)) (PP-PRD (IN like) (NP (PRP$ your) (NN wife))) (. .) (-DFL- E_S) (PRN (S (NP-SBJ (PRP I)) (VP (VBP mean))) (, ,)) (PRN (S (NP-SBJ (PRP you)) (VP (VBP know))) (, ,)) (SBAR-ADV (IN in) (IN that) (S (NP-SBJ (PRP he)) (VP (VBZ does) (RB n't) (ADVP (RB really)) (VP (VB enjoy) (NP (PRP it))))))) (, ,) (-DFL- E_S))",191,294.65,296.69
sw03utt/sw_0397_2492.utt,2/sw2492,2492,141,sd,A,57,16,"{C but } I would like to have a garden, {D you know, }  /","but/CC  [ I/PRP ] would/MD like/VB to/TO have/VB  [ a/DT garden/NN ] ,/,  [ you/PRP ] know/VBP ,/,","(S (CC but) (NP-SBJ-1 (PRP I)) (VP (MD would) (VP (VB like) (S (NP-SBJ (-NONE- *-1)) (VP (TO to) (VP (VB have) (NP (DT a) (NN garden))))) (PRN (, ,) (S (NP-SBJ (PRP you)) (VP (VBP know)))))) (, ,) (-DFL- E_S))",192,296.75,298.81
sw03utt/sw_0397_2492.utt,2/sw2492,2492,142,sd,A,57,17,"that's my  thing, <breathing>  /","that/WDT  [ 's/BES my/PRP$ thing/NN ] ,/,","(S (NP-SBJ (WDT that)) (VP (BES 's) (NP-PRD (PRP$ my) (NN thing))) (, ,) (-DFL- E_S))",193,298.81,299.54999999999995
sw03utt/sw_0397_2492.utt,2/sw2492,2492,143,sd,A,57,18,"{C but } right now where we're living we have the trees where their, {F uh, }  roots are at the top of the ground everywhere over the ground.  /","but/CC right/RB now/RB where/WRB  [ we/PRP ] 're/VBP living/VBG  [ we/PRP ] have/VBP  [ the/DT trees/NNS ] where/WRB  [ their/PRP$ ] ,/,  [ uh/UH ] ,/,  [ roots/NNS ] are/VBP at/IN  [ the/DT top/NN ] of/IN  [ the/DT ground/NN ] everywhere/RB over/IN  [ the/DT ground/NN ] ./.","(S (CC but) (ADVP-TMP (RB right) (RB now)) (SBAR-LOC (WHADVP-1 (WRB where)) (S (NP-SBJ (PRP we)) (VP (VBP 're) (VP (VBG living) (ADVP-LOC (-NONE- *T*-1)))))) (NP-SBJ (PRP we)) (VP (VBP have) (NP (NP (DT the) (NNS trees)) (SBAR (WHADVP-2 (WRB where)) (S (NP-SBJ (PRP$ their) (, ,) (INTJ (UH uh)) (, ,) (NNS roots)) (VP (VBP are) (PP-LOC-PRD (IN at) (NP (NP (DT the) (NN top)) (PP (IN of) (NP (DT the) (NN ground))))) (PP-LOC (ADVP (RB everywhere)) (IN over) (NP (DT the) (NN ground))) (ADVP (-NONE- *T*-2))))))) (. .) (-DFL- E_S))",194,299.97,305.36999999999995
sw03utt/sw_0397_2492.utt,2/sw2492,2492,144,sd,A,57,19,"I don't know what kind of trees they are,  /","[ I/PRP ] do/VBP n't/RB know/VB  [ what/WDT kind/NN ] of/IN  [ trees/NNS they/PRP ] are/VBP ,/,","(S (NP-SBJ (PRP I)) (VP (VBP do) (RB n't) (VP (VB know) (SBAR (WHNP-1 (WHNP (WDT what) (NN kind)) (PP (IN of) (NP (NNS trees)))) (S (NP-SBJ (PRP they)) (VP (VBP are) (NP-PRD (-NONE- *T*-1))))))) (, ,) (-DFL- E_S))",195,305.95,307.27
sw03utt/sw_0397_2492.utt,2/sw2492,2492,145,sv,A,57,20,"{C but } <breathing> you can't have a garden,  /","but/CC  [ you/PRP ] ca/MD n't/RB have/VB  [ a/DT garden/NN ] ,/,","(S (CC but) (NP-SBJ (PRP you)) (VP (MD ca) (RB n't) (VP (VB have) (NP (DT a) (NN garden)))) (, ,) (-DFL- E_S))",196,307.27,308.93
sw03utt/sw_0397_2492.utt,2/sw2492,2492,146,sv,A,57,21,"you can't till it,  /","[ you/PRP ] ca/MD n't/RB till/VB  [ it/PRP ] ,/,","(S (NP-SBJ (PRP you)) (VP (MD ca) (RB n't) (VP (VB till) (NP (PRP it)))) (, ,) (-DFL- E_S))",197,308.93,309.75
sw03utt/sw_0397_2492.utt,2/sw2492,2492,147,sv,A,57,22,"{C or } [ it'll, + it'll ] tear up a nice tiller <breathing>.  /","or/CC  [ it/PRP ] 'll/MD ,/,  [ it/PRP ] 'll/MD tear/VB up/RP  [ a/DT nice/JJ tiller/NN ] ./.","(S (CC or) (EDITED (RM (-DFL- \[)) (S (NP-SBJ (PRP it)) (VP-UNF (MD 'll))) (, ,) (IP (-DFL- \+))) (NP-SBJ (PRP it)) (VP (MD 'll) (RS (-DFL- \])) (VP (VB tear) (PRT (RP up)) (NP (DT a) (JJ nice) (NN tiller)))) (. .) (-DFL- E_S))",198,309.75,311.79
sw03utt/sw_0397_2492.utt,2/sw2492,2492,148,sd,A,57,23,{C So } we're going to wait until we move.  /,So/RB  [ we/PRP ] 're/VBP going/VBG to/TO wait/VB until/IN  [ we/PRP ] move/VBP ./.,(S (RB So) (NP-SBJ-1 (PRP we)) (VP (VBP 're) (VP (VBG going) (S (NP-SBJ (-NONE- *-1)) (VP (TO to) (VP (VB wait) (SBAR-TMP (IN until) (S (NP-SBJ (PRP we)) (VP (VBP move))))))))) (. .) (-DFL- E_S)),199,312.19,313.61
sw03utt/sw_0397_2492.utt,2/sw2492,2492,149,sd,A,57,24,"We don't have a lot of sun, either, because it's big trees back there.  /","[ We/PRP ] do/VBP n't/RB have/VB  [ a/DT lot/NN ] of/IN  [ sun/NN ] ,/, either/RB ,/, because/IN  [ it/PRP ] [ 's/BES big/JJ trees/NNS ] back/RB there/RB ./.","(S (NP-SBJ (PRP We)) (VP (VBP do) (RB n't) (VP (VB have) (NP (NP (DT a) (NN lot)) (PP (IN of) (NP (NN sun)))) (, ,) (ADVP (RB either)) (, ,) (SBAR-PRP (IN because) (S (NP-SBJ (PRP it)) (VP (BES 's) (NP-PRD (JJ big) (NNS trees)) (ADVP-LOC (RB back) (RB there))))))) (. .) (-DFL- E_S))",200,313.61,317.23
sw03utt/sw_0397_2492.utt,2/sw2492,2492,150,sd,A,57,25,"{C So } we're going to wait,  /","So/RB  [ we/PRP ] 're/VBP going/VBG to/TO wait/VB ,/,","(S (RB So) (NP-SBJ-2 (PRP we)) (VP (VBP 're) (VP (VBG going) (S (NP-SBJ (-NONE- *-2)) (VP (TO to) (VP (VB wait)))))) (, ,) (-DFL- E_S))",201,317.23,318.29
sw03utt/sw_0397_2492.utt,2/sw2492,2492,151,sd,A,57,26,"{C and } when we move  that's one of our priorities, <breathing> is to get a house where we can have a,  {F uh, } garden.  /","and/CC when/WRB  [ we/PRP ] move/VBP  [ that/DT ] 's/BES  [ one/CD ] of/IN  [ our/PRP$ priorities/NNS ] ,/, is/VBZ to/TO get/VB  [ a/DT house/NN ] where/WRB  [ we/PRP ] can/MD have/VB  [ a/DT ] ,/,  [ uh/UH ] ,/,  [ garden/NN ] ./.","(S (CC and) (SBAR-TMP (WHADVP-2 (WRB when)) (S (NP-SBJ (PRP we)) (VP (VBP move) (ADVP-TMP (-NONE- *T*-2))))) (S-SBJ (NP-SBJ (DT that)) (VP (BES 's) (NP-PRD (NP (CD one)) (PP (IN of) (NP (PRP$ our) (NNS priorities)))))) (, ,) (VP (VBZ is) (S-PRD (NP-SBJ (-NONE- *)) (VP (TO to) (VP (VB get) (NP (NP (DT a) (NN house)) (SBAR (WHADVP-1 (WRB where)) (S (NP-SBJ (PRP we)) (VP (MD can) (VP (VB have) (NP (DT a) (, ,) (INTJ (UH uh)) (, ,) (NN garden)) (ADVP-LOC (-NONE- *T*-1))))))))))) (. .) (-DFL- E_S))",202,318.29,322.39
sw03utt/sw_0397_2492.utt,2/sw2492,2492,152,sd,A,57,27,{C And so } I'd like to do that.  /,And/CC so/RB  [ I/PRP ] 'd/MD like/VB to/TO do/VB  [ that/DT ] ./.,(S (CONJP (CC And) (RB so)) (NP-SBJ-1 (PRP I)) (VP (MD 'd) (VP (VB like) (S (NP-SBJ (-NONE- *-1)) (VP (TO to) (VP (VB do) (NP (DT that))))))) (. .) (-DFL- E_S)),203,322.39,324.89
sw03utt/sw_0397_2492.utt,2/sw2492,2492,153,sd,A,57,28,"I have a feeling I'll be out there all  the time <laughter> taking care of that,  /","[ I/PRP ] have/VBP  [ a/DT feeling/NN ] [ I/PRP ] 'll/MD be/VB out/IN there/RB  [ all/PDT the/DT time/NN taking/VBG care/NN ] of/IN  [ that/DT ] ,/,","(S (NP-SBJ (PRP I)) (VP (VBP have) (NP (DT a) (NN feeling) (SBAR (-NONE- 0) (S (NP-SBJ-1 (PRP I)) (VP (MD 'll) (VP (VB be) (PP-LOC-PRD (IN out) (ADVP (RB there))) (NP-TMP (PDT all) (DT the) (NN time)) (S-ADV (NP-SBJ (-NONE- *-1)) (VP (VBG taking) (NP (NN care)) (PP (IN of) (NP (DT that))))))))))) (, ,) (-DFL- E_S))",204,324.89,329.34999999999997
sw03utt/sw_0397_2492.utt,2/sw2492,2492,154,sd,A,57,29,{C but } that's our next thing <smack>.  /,but/CC that/DT  [ 's/BES our/PRP$ next/JJ thing/NN ] ./.,(S (CC but) (NP-SBJ (DT that)) (VP (BES 's) (NP-PRD (PRP$ our) (JJ next) (NN thing))) (. .) (-DFL- E_S)),205,329.35,332.18
sw03utt/sw_0397_2492.utt,2/sw2492,2492,155,qy,A,57,30,Do you have a garden? /,Do/VBP  [ you/PRP ] have/VB  [ a/DT garden/NN ] ?/.,(SQ (VBP Do) (NP-SBJ (PRP you)) (VP (VB have) (NP (DT a) (NN garden))) (. ?) (-DFL- E_S)),206,332.36,333.40000000000003
sw03utt/sw_0397_2492.utt,2/sw2492,2492,156,%,B,58,1,"I've got, the, - /","[ I/PRP ] 've/VBP got/VBN ,/,  [ the/DT ] ,/,","(S (NP-SBJ (PRP I)) (VP (VBP 've) (VP (VBN got) (, ,) (NP-UNF (DT the)))) (, ,) (-DFL- N_S))",208,333.65,334.25
sw03utt/sw_0397_2492.utt,2/sw2492,2492,157,^h,B,58,2,this is the neat thing about the place we ended up at.,[ this/DT ] is/VBZ  [ the/DT neat/JJ thing/NN ] about/IN  [ the/DT place/NN ] [ we/PRP ] ended/VBD up/RP at/IN ./.,(S (NP-SBJ (DT this)) (VP (VBZ is) (NP-PRD (NP (DT the) (JJ neat) (NN thing)) (PP (IN about) (NP (NP (DT the) (NN place)) (SBAR (WHNP-2 (-NONE- 0)) (S (NP-SBJ-1 (PRP we)) (VP (VBD ended) (PRT (RP up)) (PP-LOC (IN at) (NP (-NONE- *T*-2)))))))))) (. .)),209,334.25,336.77000000000004
sw03utt/sw_0397_2492.utt,2/sw2492,2492,158,b,A,59,1,Uh-huh. /,[ Uh-huh/UH ] ./.,(INTJ (UH Uh-huh) (. .) (-DFL- E_S)),131,336.82,337.04
sw03utt/sw_0397_2492.utt,2/sw2492,2492,159,+,B,60,1,"Sitting on about a two acre lot now,  /","Sitting/VBG on/IN about/RB  [ a/DT two/CD acre/NN lot/NN ] now/RB ,/,","(S (NP-SBJ (-NONE- *-1)) (VP (VBG Sitting) (PP-LOC (IN on) (ADVP (RB about)) (NP (DT a) (ADJP (CD two) (NN acre)) (NN lot))) (ADVP-TMP (RB now))) (, ,) (-DFL- E_S))",210,337.09,339.59
sw03utt/sw_0397_2492.utt,2/sw2492,2492,160,%,B,60,2,"{C and }  half of it's, - /","and/CC  [ half/JJ ] of/IN  [ it/PRP ] 's/BES ,/,","(S (CC and) (EDITED (S (NP-SBJ (NP (JJ half)) (PP (IN of) (NP (PRP it)))) (VP-UNF (BES 's)))) (, ,) (-DFL- N_S) (NP-SBJ (DT the) (JJ back) (NN half)) (VP (VBZ is) (NP-PRD (PRP$ my) (NN garden))) (. .) (-DFL- E_S))",214,339.59,340.31
sw03utt/sw_0397_2492.utt,2/sw2492,2492,161,na,B,60,3,the back half is my garden. /,[ the/DT back/JJ half/NN ] is/VBZ  [ my/PRP$ garden/NN ] ./.,"(S (CC and) (EDITED (S (NP-SBJ (NP (JJ half)) (PP (IN of) (NP (PRP it)))) (VP-UNF (BES 's)))) (, ,) (-DFL- N_S) (NP-SBJ (DT the) (JJ back) (NN half)) (VP (VBZ is) (NP-PRD (PRP$ my) (NN garden))) (. .) (-DFL- E_S))",214,340.77,341.98999999999995
sw03utt/sw_0397_2492.utt,2/sw2492,2492,162,ba,A,61,1,"<Breathing> <noise> {F Oh, } are you kidding?  /","Oh/UH ,/, are/VBP  [ you/PRP ] kidding/VBG ?/.","(SQ (INTJ (UH Oh)) (, ,) (VBP are) (NP-SBJ (PRP you)) (VP (VBG kidding)) (. ?) (-DFL- E_S))",216,342.4,343.36
sw03utt/sw_0397_2492.utt,2/sw2492,2492,163,ba,A,61,2,That sounds fun.  /,[ That/DT ] sounds/VBZ  [ fun/JJ ] ./.,(S (NP-SBJ (DT That)) (VP (VBZ sounds) (ADJP-PRD (JJ fun))) (. .) (-DFL- E_S)),217,344.04,344.8
sw03utt/sw_0397_2492.utt,2/sw2492,2492,164,qw,A,61,3,Where do you all live? /,Where/WRB do/VBP  [ you/PRP ] [ all/DT ] live/VB ?/.,(SBARQ (WHADVP-1 (WRB Where)) (SQ (VBP do) (NP-SBJ (PRP you) (DT all)) (VP (VB live) (ADVP-LOC (-NONE- *T*-1)))) (. ?) (-DFL- E_S)),218,344.8,345.84000000000003
sw03utt/sw_0397_2492.utt,2/sw2492,2492,165,sd,B,62,1,"{F Uh, } in Missouri City. /","[ Uh/UH ] ,/, in/IN  [ Missouri/NNP City/NNP ] ./.","(FRAG (INTJ (UH Uh)) (, ,) (PP-LOC (IN in) (NP (NNP Missouri) (NNP City))) (. .) (-DFL- E_S))",220,346.14,347.16
sw03utt/sw_0397_2492.utt,2/sw2492,2492,166,b,A,63,1,"{F Oh, } really,  /","Oh/UH ,/, really/UH ,/,","(INTJ (INTJ (UH Oh)) (, ,) (INTJ (UH really)) (, ,) (-DFL- E_S))",222,347.74,348.18
sw03utt/sw_0397_2492.utt,2/sw2492,2492,167,%,A,63,2,"wh-, -/","[ wh-/XX ] ,/,","(WHADVP-UNF (XX wh-) (, ,) (-DFL- N_S))",223,0.0,0.0
sw03utt/sw_0397_2492.utt,2/sw2492,2492,168,sd,B,64,1,"[ Southwest, + southwest ] side of Houston. /","Southwest/JJ ,/,  [ southwest/JJ side/NN ] of/IN  [ Houston/NNP ] ./.","(NP (EDITED (RM (-DFL- \[)) (NP-UNF (JJ Southwest)) (, ,) (IP (-DFL- \+))) (NP (JJ southwest) (RS (-DFL- \])) (NN side)) (PP (IN of) (NP (NNP Houston))) (. .) (-DFL- E_S))",225,348.26,351.7
sw03utt/sw_0397_2492.utt,2/sw2492,2492,169,br,A,65,1,Southwest where? /,Southwest/JJ where/WRB ?/.,(WHADVP (JJ Southwest) (WRB where) (. ?) (-DFL- E_S)),227,351.76,353.72
sw03utt/sw_0397_2492.utt,2/sw2492,2492,170,sd,B,66,1,Southwest Houston. /,[ Southwest/JJ Houston/NNP ] ./.,(NP (JJ Southwest) (NNP Houston) (. .) (-DFL- E_S)),229,353.66,354.96
sw03utt/sw_0397_2492.utt,2/sw2492,2492,171,bh,A,67,1,"{F Oh, } really?   /","Oh/UH ,/, really/UH ?/.","(INTJ (INTJ (UH Oh)) (, ,) (INTJ (UH really)) (. ?) (-DFL- E_S))",231,355.02,355.59999999999997
sw03utt/sw_0397_2492.utt,2/sw2492,2492,172,sd,A,67,2,"{F Oh, } {C because } we're in  Dallas.  /","Oh/UH ,/, because/IN  [ we/PRP ] 're/VBP in/IN  [ Dallas/NNP ] ./.","(SBAR-PRP (INTJ (UH Oh)) (, ,) (IN because) (S (NP-SBJ (PRP we)) (VP (VBP 're) (PP-PRD-LOC (IN in) (NP (NNP Dallas))))) (. .) (-DFL- E_S))",232,355.6,356.28
sw03utt/sw_0397_2492.utt,2/sw2492,2492,173,sd,A,67,3,I guess I assumed you were here.  /,[ I/PRP ] guess/VBP  [ I/PRP ] assumed/VBD  [ you/PRP ] were/VBD here/RB ./.,(S (NP-SBJ (PRP I)) (VP (VBP guess) (SBAR (-NONE- 0) (S (NP-SBJ (PRP I)) (VP (VBD assumed) (SBAR (-NONE- 0) (S (NP-SBJ (PRP you)) (VP (VBD were) (ADVP-LOC-PRD (RB here))))))))) (. .) (-DFL- E_S)),233,356.62,357.74
sw03utt/sw_0397_2492.utt,2/sw2492,2492,174,ba,A,67,4,"{D Well, } that's neat.  /","Well/UH ,/,  [ that/DT ] 's/BES neat/JJ ./.","(S (INTJ (UH Well)) (, ,) (NP-SBJ (DT that)) (VP (BES 's) (ADJP-PRD (JJ neat))) (. .) (-DFL- E_S))",234,358.14,358.82000000000005
sw03utt/sw_0397_2492.utt,2/sw2492,2492,175,%,A,67,5,"{C And, }  {F um, } yeah  /","And/CC ,/, um/UH ,/, yeah/UH","(S-UNF (CC And) (, ,) (INTJ (UH um)) (, ,) (INTJ (UH yeah)) (-DFL- E_S))",235,358.82,359.16
sw03utt/sw_0397_2492.utt,2/sw2492,2492,176,sd,A,67,6,that's what we want.  /,[ that/DT ] 's/BES  [ what/WP ] [ we/PRP ] want/VBP ./.,(S (NP-SBJ (DT that)) (VP (BES 's) (SBAR-PRD (WHNP-1 (WP what)) (S (NP-SBJ (PRP we)) (VP (VBP want) (NP (-NONE- *T*-1)))))) (. .) (-DFL- E_S)),236,359.16,359.92
sw03utt/sw_0397_2492.utt,2/sw2492,2492,177,%,A,67,7,"We have a, - /","[ We/PRP ] have/VBP  [ a/DT ] ,/,","(S (NP-SBJ (PRP We)) (VP (VBP have) (NP-UNF (DT a))) (, ,) (-DFL- N_S))",237,359.92,360.36
sw03utt/sw_0397_2492.utt,2/sw2492,2492,178,%,A,67,8,"yeah,  /","yeah/UH ,/,","(INTJ (UH yeah) (, ,) (-DFL- E_S))",238,360.82,361.14
sw03utt/sw_0397_2492.utt,2/sw2492,2492,179,sd^r,A,67,9,"that's really what we want,  /","[ that/DT ] 's/BES really/RB  [ what/WP ] [ we/PRP ] want/VBP ,/,","(S (NP-SBJ (DT that)) (VP (BES 's) (ADVP (RB really)) (SBAR-PRD (WHNP-1 (WP what)) (S (NP-SBJ (PRP we)) (VP (VBP want) (NP (-NONE- *T*-1)))))) (, ,) (-DFL- E_S))",239,361.14,362.14
sw03utt/sw_0397_2492.utt,2/sw2492,2492,180,sd,A,67,10,"{C but } we just haven't  been able to do that yet,  /","but/CC  [ we/PRP ] just/RB have/VBP n't/RB been/VBN able/JJ to/TO do/VB  [ that/DT ] yet/RB ,/,","(S (CC but) (NP-SBJ-1 (PRP we)) (ADVP (RB just)) (VP (VBP have) (RB n't) (VP (VBN been) (ADJP-PRD (JJ able) (S (NP-SBJ (-NONE- *-1)) (VP (TO to) (VP (VB do) (NP (DT that)) (ADVP-TMP (RB yet)))))))) (, ,) (-DFL- E_S))",240,362.14,364.42
sw03utt/sw_0397_2492.utt,2/sw2492,2492,181,sd,A,67,11,"{C so }  one day we'll be able to do it,  /","so/RB  [ one/CD day/NN ] [ we/PRP ] 'll/MD be/VB able/JJ to/TO do/VB  [ it/PRP ] ,/,","(S (RB so) (NP-TMP (CD one) (NN day)) (NP-SBJ-1 (PRP we)) (VP (MD 'll) (VP (VB be) (ADJP-PRD (JJ able) (S (NP-SBJ (-NONE- *-1)) (VP (TO to) (VP (VB do) (NP (PRP it)))))))) (, ,) (-DFL- E_S))",241,364.42,367.32
sw03utt/sw_0397_2492.utt,2/sw2492,2492,182,sd,A,67,12,{C and } I'm excited about it.  /,and/CC  [ I/PRP ] 'm/VBP excited/JJ about/IN  [ it/PRP ] ./.,(S (CC and) (NP-SBJ (PRP I)) (VP (VBP 'm) (ADJP-PRD (JJ excited) (PP (IN about) (NP (PRP it))))) (. .) (-DFL- E_S)),242,367.52,368.62
sw03utt/sw_0397_2492.utt,2/sw2492,2492,183,sd,A,67,13,"{C And then } I don't know anything about it,  /","And/CC then/RB  [ I/PRP ] do/VBP n't/RB know/VB  [ anything/NN ] about/IN  [ it/PRP ] ,/,","(S (CONJP (CC And) (RB then)) (NP-SBJ (PRP I)) (VP (VBP do) (RB n't) (VP (VB know) (NP (NP (NN anything)) (PP (IN about) (NP (PRP it)))))) (, ,) (-DFL- E_S))",243,368.62,369.82000000000005
sw03utt/sw_0397_2492.utt,2/sw2492,2492,184,sd,A,67,14,"I have to learn,  /","[ I/PRP ] have/VBP to/TO learn/VB ,/,","(S (NP-SBJ-1 (PRP I)) (VP (VBP have) (S (NP-SBJ (-NONE- *-1)) (VP (TO to) (VP (VB learn))))) (, ,) (-DFL- E_S))",244,369.82,370.64
sw03utt/sw_0397_2492.utt,2/sw2492,2492,185,ad,A,67,15,{C and then } you'll  have to give me a call on gardening <laughter>. /,and/CC then/RB  [ you/PRP ] 'll/MD have/VB to/TO give/VB  [ me/PRP ] [ a/DT call/NN ] on/IN  [ gardening/NN ] ./.,(S (CONJP (CC and) (RB then)) (NP-SBJ-1 (PRP you)) (VP (MD 'll) (VP (VB have) (S (NP-SBJ (-NONE- *-1)) (VP (TO to) (VP (VB give) (NP (PRP me)) (NP (DT a) (NN call)) (PP (IN on) (NP (NN gardening)))))))) (. .) (-DFL- E_S)),245,370.64,373.08000000000004
sw03utt/sw_0397_2492.utt,2/sw2492.pos,2492,186,x,B,68,1,<Laughter>.,./.,,,0.0,0.0
sw03utt/sw_0397_2492.utt,2/sw2492,2492,187,qh,A,69,1,"<Laughter> What do you do in your garden,  /","[ What/WP ] do/VBP  [ you/PRP ] do/VB in/IN  [ your/PRP$ garden/NN ] ,/,","(SBARQ (WHNP-1 (WP What)) (SQ (VBP do) (NP-SBJ (PRP you)) (VP (VB do) (NP (-NONE- *T*-1)) (PP-LOC (IN in) (NP (PRP$ your) (NN garden))))) (, ,) (-DFL- E_S))",248,373.7,375.5
sw03utt/sw_0397_2492.utt,2/sw2492,2492,188,sd,A,69,2,"{C and } I'll go nothing,  /","and/CC  [ I/PRP ] 'll/MD go/VB  [ nothing/NN ] ,/,","(S (CC and) (NP-SBJ (PRP I)) (VP (MD 'll) (VP (VB go) (NP-SEZ (NN nothing)))) (, ,) (-DFL- E_S))",249,375.5,376.34
sw03utt/sw_0397_2492.utt,2/sw2492,2492,189,qh,A,69,3,what should I do?  /,[ what/WP ] should/MD  [ I/PRP ] do/VB ?/.,(SBARQ (WHNP-1 (WP what)) (SQ (MD should) (NP-SBJ (PRP I)) (VP (VB do) (NP (-NONE- *T*-1)))) (. ?) (-DFL- E_S)),250,376.34,376.98
sw03utt/sw_0397_2492.utt,2/sw2492,2492,190,fc,A,69,4,"{C But } <breathing> anyway, I guess that's about it  though.  /","But/CC anyway/UH ,/,  [ I/PRP ] guess/VBP  [ that/DT ] 's/BES about/RB  [ it/PRP ] though/RB ./.","(S (CC But) (INTJ (UH anyway)) (, ,) (NP-SBJ (PRP I)) (VP (VBP guess) (SBAR (-NONE- 0) (S (NP-SBJ (DT that)) (VP (BES 's) (ADVP (RB about)) (NP-PRD (PRP it)) (ADVP (RB though)))))) (. .) (-DFL- E_S))",251,376.98,379.59999999999997
sw03utt/sw_0397_2492.utt,2/sw2492,2492,191,fc,A,69,5,It sounds like  we've covered all the bases <breathing>  /,[ It/PRP ] sounds/VBZ like/IN  [ we/PRP ] 've/VBP covered/VBN  [ all/PDT the/DT bases/NNS ],(S (NP-SBJ (PRP It)) (VP (VBZ sounds) (SBAR (IN like) (S (NP-SBJ (PRP we)) (VP (VBP 've) (VP (VBN covered) (NP (PDT all) (DT the) (NNS bases))))))) (-DFL- E_S)),252,379.6,381.58
sw03utt/sw_0397_2492.utt,2/sw2492,2492,192,fc,A,69,6,"{C so } I guess we'll let  you go,  /","so/RB  [ I/PRP ] guess/VBP  [ we/PRP ] 'll/MD let/VB  [ you/PRP ] go/VB ,/,","(S (RB so) (NP-SBJ (PRP I)) (VP (VBP guess) (SBAR (-NONE- 0) (S (NP-SBJ (PRP we)) (VP (MD 'll) (VP (VB let) (S (NP-SBJ (PRP you)) (VP (VB go)))))))) (, ,) (-DFL- E_S))",253,382.12,383.70000000000005
sw03utt/sw_0397_2492.utt,2/sw2492,2492,193,fc,A,69,7,"{C and, } <breathing> {F um, } do you have anything else you wanted to say? /","and/CC ,/, um/UH ,/, do/VBP  [ you/PRP ] have/VB  [ anything/NN ] else/RB  [ you/PRP ] wanted/VBD to/TO say/VB ?/.","(SQ (CC and) (, ,) (INTJ (UH um)) (, ,) (VBP do) (NP-SBJ (PRP you)) (VP (VB have) (NP (NP (NP (NN anything)) (ADVP (RB else))) (SBAR (WHNP-2 (-NONE- 0)) (S (NP-SBJ-1 (PRP you)) (VP (VBD wanted) (S (NP-SBJ (-NONE- *-1)) (VP (TO to) (VP (VB say) (NP (-NONE- *T*-2)))))))))) (. ?) (-DFL- E_S))",254,383.7,386.84
sw03utt/sw_0397_2492.utt,2/sw2492,2492,194,fc,B,70,1,"{F Uh, } no,  /","[ Uh/UH ] ,/, no/UH ,/,","(INTJ (INTJ (UH Uh)) (, ,) (INTJ (UH no)) (, ,) (-DFL- E_S))",256,387.24,387.9
sw03utt/sw_0397_2492.utt,2/sw2492,2492,195,fc,B,70,2,"it's just,","[ it/PRP ] 's/BES just/RB ,/,","(S (NP-SBJ (PRP it)) (VP (BES 's) (ADVP (RB just)) (, ,) (SBAR-PRD (-NONE- 0) (S (NP-SBJ (PRP I)) (VP (VBP 've) (VP (VBN had) (NP (DT an) (EDITED (RM (-DFL- \[)) (JJ en-) (, ,) (IP (-DFL- \+))) (ADJP (RB very) (JJ enjoyable)) (RS (-DFL- \])) (NN conversation)) (PP (IN with) (NP (PRP you)))))))) (. .) (-DFL- E_S))",257,387.9,388.26
sw03utt/sw_0397_2492.utt,2/sw2492,2492,196,fc,A,71,1,Okay. /,Okay/UH ./.,(INTJ (UH Okay) (. .) (-DFL- E_S)),259,388.48,388.68
sw03utt/sw_0397_2492.utt,2/sw2492,2492,197,+,B,72,1,"I've had an [ en-, +  very enjoyable ] conversation with you. /","[ I/PRP ] 've/VBP had/VBN  [ an/DT en/JJ ] ,/,  [ very/RB enjoyable/JJ conversation/NN ] with/IN  [ you/PRP ] ./.","(S (NP-SBJ (PRP it)) (VP (BES 's) (ADVP (RB just)) (, ,) (SBAR-PRD (-NONE- 0) (S (NP-SBJ (PRP I)) (VP (VBP 've) (VP (VBN had) (NP (DT an) (EDITED (RM (-DFL- \[)) (JJ en-) (, ,) (IP (-DFL- \+))) (ADJP (RB very) (JJ enjoyable)) (RS (-DFL- \])) (NN conversation)) (PP (IN with) (NP (PRP you)))))))) (. .) (-DFL- E_S))",257,388.62,391.0
sw03utt/sw_0397_2492.utt,2/sw2492,2492,198,fc,A,73,1,"I know, you too.  /","[ I/PRP ] know/VBP ,/,  [ you/PRP ] too/RB ./.","(S (NP-SBJ (PRP I)) (VP (VBP know)) (, ,))|||(FRAG (NP (PRP you)) (ADVP (RB too)) (. .) (-DFL- E_S))",262|||263,391.06,391.7
sw03utt/sw_0397_2492.utt,2/sw2492,2492,199,fc,A,73,2,"I hope you have a  nice day,  /","[ I/PRP ] hope/VBP  [ you/PRP ] have/VBP  [ a/DT nice/JJ day/NN ] ,/,","(S (NP-SBJ (PRP I)) (VP (VBP hope) (SBAR (-NONE- 0) (S (NP-SBJ (PRP you)) (VP (VBP have) (NP (DT a) (JJ nice) (NN day)))))) (, ,) (-DFL- E_S))",264,391.7,392.68
sw03utt/sw_0397_2492.utt,2/sw2492,2492,200,fc,A,73,3,{C and } --,and/CC --/:,(S (CC and) (NP-SBJ (PRP I)) (VP (VBP 'm) (ADJP-PRD (JJ excited) (PP (IN about) (NP (PRP it))))) (. .) (-DFL- E_S)),242,392.68,392.72
sw03utt/sw_0397_2492.utt,2/sw2492,2492,201,fc,B,74,1,"Okay,  /","Okay/UH ,/,","(INTJ (UH Okay) (, ,) (-DFL- E_S))",267,392.66,393.14000000000004
sw03utt/sw_0397_2492.utt,2/sw2492,2492,202,fc,B,74,2,you too. /,[ you/PRP ] too/RB ./.,(FRAG (NP (PRP you)) (ADVP (RB too)) (. .) (-DFL- E_S)),263,393.14,393.46000000000004
sw03utt/sw_0397_2492.utt,2/sw2492,2492,203,+,A,75,1,-- we'll talk to you later. /,--/:  [ we/PRP ] 'll/MD talk/VB to/IN  [ you/PRP ] later/RB ./.,(S (CC and) (NP-SBJ (PRP we)) (VP (MD 'll) (VP (VB talk) (PP (IN to) (NP (PRP you))) (ADVP-TMP (RB later)))) (. .) (-DFL- E_S)),265,393.52,394.34
sw03utt/sw_0397_2492.utt,2/sw2492,2492,204,fc,B,76,1,Okay.  /,Okay/UH ./.,(INTJ (UH Okay) (. .) (-DFL- E_S)),259,394.36,394.56
sw03utt/sw_0397_2492.utt,2/sw2492,2492,205,fc,B,76,2,# Bye. # /,[ Bye/UH ] ./.,(INTJ (UH Bye) (. .) (-DFL- E_S)),272,394.56,394.92
sw03utt/sw_0397_2492.utt,2/sw2492,2492,206,fc^m,A,77,1,# Bye. # /,[ Bye/UH ] ./.,(INTJ (UH Bye) (. .) (-DFL- E_S)),272,0.0,0.0
