act_tag,caller,conversation_no,end_ts,pos,ptb_basename,ptb_treenumbers,start_ts,subutterance_index,swda_filename,text,transcript_index,trees,utterance_index
o,B,2486,1.31,"Okay/UH ,/,",2/sw2486,1,0.87,1,sw05utt/sw_0533_2486.utt,"Okay,  /",0,"(INTJ (UH Okay) (, ,) (-DFL- E_S))",1
qw,B,2486,2.73,[ what/WP ] do/VBP  [ you/PRP ] usually/RB wear/VB to/IN work/NN ?/.  ./.,2/sw2486,2,1.31,2,sw05utt/sw_0533_2486.utt,what do you usually wear to work? <laughter>. /,1,(SBARQ (WHNP-1 (WP what)) (SQ (VBP do) (NP-SBJ (PRP you)) (ADVP-TMP (RB usually)) (VP (VB wear) (NP (-NONE- *T*-1)) (PP (IN to) (NP (NN work))))) (. ?) (. .) (-DFL- E_S)),1
sd,A,2486,6.279999999999999,"Well/UH ,/,  [ uh/UH ] ,/,  [ I/PRP ] am/VBP basically/RB retired/JJ now/RB ./.",2/sw2486,4,3.16,1,sw05utt/sw_0533_2486.utt,"{D Well, } {F uh, } I am basically retired now. /",2,"(S (INTJ (UH Well)) (, ,) (INTJ (UH uh)) (, ,) (NP-SBJ (PRP I)) (VP (VBP am) (ADVP (RB basically)) (ADJP-PRD (JJ retired)) (ADVP-TMP (RB now))) (. .) (-DFL- E_S))",2
b,B,2486,6.569999999999999,[ Uh-huh/UH ] ./.,2/sw2486,6,6.31,1,sw05utt/sw_0533_2486.utt,Uh-huh. /,3,(INTJ (UH Uh-huh) (. .) (-DFL- E_S)),3
%,A,2486,7.44,"[ I/PRP ] was/VBD  [ a/DT member/NN ] ,/,",2/sw2486,8,6.58,1,sw05utt/sw_0533_2486.utt,"I was a member, - /",4,"(S (NP-SBJ (PRP I)) (VP (VBD was) (NP-PRD-UNF (DT a) (NN member))) (, ,) (-DFL- N_S))",4
sd,A,2486,10.71,"[ I/PRP ] was/VBD in/IN  [ education/NN ] and/CC in/IN  [ administration/NN ] ,/,",2/sw2486,9,7.44,2,sw05utt/sw_0533_2486.utt,"I was in education and in administration, /",5,"(S (NP-SBJ (PRP I)) (VP (VBD was) (PP-PRD (PP (IN in) (NP (NN education))) (CC and) (PP (IN in) (NP (NN administration))))) (, ,) (-DFL- E_S))",4
b,B,2486,10.850000000000001,[ Uh-huh/UH ] ./.,2/sw2486,6,10.71,1,sw05utt/sw_0533_2486.utt,Uh-huh. /,6,(INTJ (UH Uh-huh) (. .) (-DFL- E_S)),5
sd@,A,2486,13.59,so/RB basically/RB  [ I/PRP ] wore/VBD  [ dresses/NNS ] ./.,2/sw2486,13,10.85,1,sw05utt/sw_0533_2486.utt,{C so } basically I wore dresses.    *[[slash...]],7,"(S (RB so) (ADVP (RB basically)) (NP-SBJ (PRP I)) (VP (VBD wore) (NP (NNS dresses) (. .) (CC And) (, ,) (INTJ (UH uh)) (, ,) (NNS heels))) (, ,) (-DFL- E_S))",6
b,B,2486,14.569999999999999,[ Uh-huh/UH ] ./.,2/sw2486,6,14.37,1,sw05utt/sw_0533_2486.utt,Uh-huh. /,8,(INTJ (UH Uh-huh) (. .) (-DFL- E_S)),7
+,A,2486,16.31,"And/CC ,/,  [ uh/UH ] ,/,  [ heels/NNS ] ,/,",2/sw2486,13,14.59,1,sw05utt/sw_0533_2486.utt,"And, {F uh, } heels,  /",9,"(S (RB so) (ADVP (RB basically)) (NP-SBJ (PRP I)) (VP (VBD wore) (NP (NNS dresses) (. .) (CC And) (, ,) (INTJ (UH uh)) (, ,) (NNS heels))) (, ,) (-DFL- E_S))",8
sd,A,2486,26.25,"and/CC  [ I/PRP ] was/VBD never/RB  [ one/CD ] ,/,  [ uh/UH ] ,/, because/IN  [ my/PRP$ work/NN ] often/RB took/VBD  [ me/PRP ] into/IN  [ court/NN ] ,/,  [ uh/UH ] ,/, never/RB was/VBD  [ one/NN ] [ that/WDT ] got/VBD ,/,  [ uh/UH ] ,/, accustomed/JJ to/IN  [ wearing/VBG pants/NNS suits/NNS ] and/CC  [ pants/NNS ] to/IN work/NN ./.",2/sw2486,17,16.39,2,sw05utt/sw_0533_2486.utt,"{C and } I [ was never one, +  {F uh, } because my work often took me into court, {F uh, } never was one ] that got, {F uh, } accustomed to wearing pants suits and pants to work. /",10,"(S (CC and) (NP-SBJ (PRP I)) (EDITED (RM (-DFL- \[)) (VP (VBD was) (ADVP-TMP (RB never)) (NP-PRD-UNF (CD one))) (, ,) (IP (-DFL- \+))) (INTJ (UH uh)) (, ,) (SBAR-PRP (IN because) (S (NP-SBJ (PRP$ my) (NN work)) (ADVP-TMP (RB often)) (VP (VBD took) (NP (PRP me)) (PP-DIR (IN into) (NP (NN court)))))) (, ,) (INTJ (UH uh)) (, ,) (ADVP-TMP (RB never)) (VP (VBD was) (NP-PRD (NP (NN one)) (RS (-DFL- \])) (SBAR (WHNP-1 (WDT that)) (S (NP-SBJ-2 (-NONE- *T*-1)) (VP (VBD got) (, ,) (INTJ (UH uh)) (, ,) (ADJP-PRD (JJ accustomed) (PP (IN to) (S-NOM (NP-SBJ (-NONE- *-2)) (VP (VBG wearing) (NP (NP (NNS pants) (NNS suits)) (CC and) (NP (NNS pants))) (PP (IN to) (NP (NN work)))))))))))) (. .) (-DFL- E_S))",8
b,B,2486,26.419999999999998,[ Uh-huh/UH ] ./.,2/sw2486,6,26.24,1,sw05utt/sw_0533_2486.utt,Uh-huh. /,11,(INTJ (UH Uh-huh) (. .) (-DFL- E_S)),9
sd,A,2486,28.26,But/CC  [ that/DT ] was/VBD just/RB  [ me/PRP ] ./.,2/sw2486,21,27.16,1,sw05utt/sw_0533_2486.utt,{C But } that was just me.  /,12,(S (CC But) (NP-SBJ (DT that)) (VP (VBD was) (NP-PRD (RB just) (PRP me))) (. .) (-DFL- E_S)),10
sd,A,2486,33.46,"[ I/PRP ] know/VBP  [ many/JJ people/NNS ] are/VBP  [ co/JJ ] ,/, very/RB comfortable/JJ in/IN  [ the/DT classroom/NN ] and/CC  [ what/WP ] have/VBP  [ you/PRP ] wearing/VBG  [ pants/NNS ] ./.",2/sw2486,22,28.5,2,sw05utt/sw_0533_2486.utt,"I know many people are [ co-, + very comfortable ] in the classroom and what have you wearing pants. /",13,"(S (NP-SBJ (PRP I)) (VP (VBP know) (SBAR (-NONE- 0) (S (NP-SBJ-2 (JJ many) (NNS people)) (VP (VBP are) (EDITED (RM (-DFL- \[)) (ADJP-PRD-UNF (JJ co-)) (, ,) (IP (-DFL- \+))) (ADJP-PRD (RB very) (JJ comfortable)) (RS (-DFL- \])) (PP-LOC (IN in) (NP (NP (DT the) (NN classroom)) (CC and) (SBAR-NOM-ETC (WHNP-1 (WP what)) (SINV (VP (VBP have) (NP (-NONE- *T*-1))) (NP-SBJ (PRP you)))))) (S-ADV (NP-SBJ (-NONE- *-2)) (VP (VBG wearing) (NP (NNS pants)))))))) (. .) (-DFL- E_S))",10
x,B,2486,0.0,./.,2/sw2486.pos,,0.0,1,sw05utt/sw_0533_2486.utt,<Door>.,14,,11
%,A,2486,34.12,"[ Uh/UH ] ,/,  [ it/PRP ] ,/,",2/sw2486,25,33.92,1,sw05utt/sw_0533_2486.utt,"{F Uh, } it, - /",15,"(S-UNF (INTJ (UH Uh)) (, ,) (NP-SBJ (PRP it)) (, ,) (-DFL- N_S))",12
sd,A,2486,37.88,"[ I/PRP ] guess/VBP  [ I/PRP ] was/VBD just/RB old/JJ enough/RB not/RB to/TO ,/,  [ uh/UH ] ,/, be/VB very/RB comfortable/JJ in/IN  [ it/PRP ] ./.",2/sw2486,26,34.12,2,sw05utt/sw_0533_2486.utt,"I guess I was just old enough not to, {F uh, } be very comfortable in   it. /",16,"(S (NP-SBJ (PRP I)) (VP (VBP guess) (SBAR (-NONE- 0) (S (NP-SBJ-1 (PRP I)) (VP (VBD was) (ADJP-PRD (RB just) (JJ old) (RB enough) (S (NP-SBJ (-NONE- *-1)) (RB not) (VP (TO to) (, ,) (INTJ (UH uh)) (, ,) (VP (VB be) (ADJP-PRD (RB very) (JJ comfortable)) (PP-LOC (IN in) (NP (PRP it))))))))))) (. .) (-DFL- E_S))",12
b,B,2486,38.169999999999995,[ Uh-huh/UH ] ./.,2/sw2486,6,37.87,1,sw05utt/sw_0533_2486.utt,Uh-huh. /,17,(INTJ (UH Uh-huh) (. .) (-DFL- E_S)),13
qo,A,2486,39.4,How/WRB about/IN  [ you/PRP ] ?/.,2/sw2486,30,38.82,1,sw05utt/sw_0533_2486.utt,How about you? /,18,(FRAG (WHADVP (WRB How)) (PP (IN about) (NP (PRP you))) (. ?) (-DFL- E_S)),14
sd,B,2486,41.03,"Well/UH ,/,  [ I/PRP ] work/VBP at/IN  [ T/NNP I/NNP ]",2/sw2486,32,39.61,1,sw05utt/sw_0533_2486.utt,"{D Well, } I work at T I  /",19,"(S (INTJ (UH Well)) (, ,) (NP-SBJ (PRP I)) (VP (VBP work) (PP-LOC (IN at) (NP (NNP T) (NNP I)))) (-DFL- E_S))",15
sd,B,2486,45.55,"and/CC  [ they/PRP ] do/VBP n't/RB really/RB have/VB ,/,  [ uh/^DT ] ,/,  [ dress/NN code/NN ] ,/, so/RB to/TO speak/VB there/RB ./.",2/sw2486,33,41.15,2,sw05utt/sw_0533_2486.utt,"{C and } they don't really have, {F uh, }   dress code,  so to speak there.   /",20,"(S (CC and) (NP-SBJ (PRP they)) (VP (VBP do) (RB n't) (ADVP (RB really)) (VP (VB have) (, ,) (NP (TYPO (^DT uh)) (, ,) (NN dress) (NN code)) (, ,) (S-ADV (ADVP-MNR (RB so)) (NP-SBJ (-NONE- *)) (VP (TO to) (VP (VB speak)))) (ADVP-LOC (RB there)))) (. .) (-DFL- E_S))",15
sd,B,2486,48.169999999999995,"[ It/PRP ] 's/BES pretty/RB lax/JJ about/IN ,/, um/UH ,/,  [ you/PRP ] know/VBP ,/,",2/sw2486,34,45.91,3,sw05utt/sw_0533_2486.utt,"It's pretty lax about, {F um, } {D you know, } - /",21,"(S (NP-SBJ (PRP It)) (VP (BES 's) (ADJP-PRD (RB pretty) (JJ lax) (PP-UNF (IN about) (, ,) (INTJ (UH um)) (PRN (, ,) (S (NP-SBJ (PRP you)) (VP (VBP know))))))) (, ,) (-DFL- N_S))",15
sd,B,2486,50.089999999999996,"we-/PRP ,/,  [ you/PRP ] can/MD pretty/RB much/RB wear/VB  [ whatever/WDT ] [ you/PRP ] want/VBP to/TO ,/,",2/sw2486,35,48.17,4,sw05utt/sw_0533_2486.utt,"[ we-, + you  ] can pretty much wear whatever you want to,  /",22,"(S (EDITED (RM (-DFL- \[)) (X (PRP we-)) (, ,) (IP (-DFL- \+))) (NP-SBJ (PRP you)) (RS (-DFL- \])) (VP (MD can) (ADVP (RB pretty) (RB much)) (VP (VB wear) (SBAR-NOM (WHNP-2 (WDT whatever)) (S (NP-SBJ-1 (PRP you)) (VP (VBP want) (S (NP-SBJ (-NONE- *-1)) (VP (TO to) (VP (-NONE- *?*) (NP (-NONE- *T*-2)))))))))) (, ,) (-DFL- E_S))",15
sd,B,2486,58.53,"and/CC  [ I/PRP ] wear/VBP  [ anything/NN ] from/IN  [ jeans/NNS ] ,/, when/WRB  [ I/PRP ] 'm/VBP feeling/VBG really/RB casual/JJ to/IN ,/,  [ uh/UH ] ,/,  [ suits/NNS ] and/CC  [ dresses/NNS ] when/WRB  [ I/PRP ] 'm/VBP meeting/VBG with/IN  [ a/DT customer/NN ]",2/sw2486,36,50.63,5,sw05utt/sw_0533_2486.utt,"{C and } I wear anything from jeans, when I'm feeling really casual to, {F uh, } suits and dresses when I'm meeting with a customer  /",23,"(S (CC and) (NP-SBJ (PRP I)) (VP (VBP wear) (NP (NP (NN anything)) (PP (IN from) (NP (NNS jeans))) (, ,) (SBAR-TMP (WHADVP-1 (WRB when)) (S (NP-SBJ (PRP I)) (VP (VBP 'm) (VP (VBG feeling) (ADJP-PRD (RB really) (JJ casual)) (ADVP-TMP (-NONE- *T*-1)))))) (PP (IN to) (, ,) (INTJ (UH uh)) (, ,) (NP (NNS suits) (CC and) (NNS dresses))) (SBAR-TMP (WHADVP-2 (WRB when)) (S (NP-SBJ (PRP I)) (VP (VBP 'm) (VP (VBG meeting) (PP (IN with) (NP (DT a) (NN customer))) (ADVP-TMP (-NONE- *T*-2)))))))) (-DFL- E_S))",15
sd@,B,2486,60.31,"or/CC ,/,  [ I/PRP ] ,/,  [ I/PRP ] teach/VBP training/NN  [ classes/NNS ] ,/,",2/sw2486,37,58.53,6,sw05utt/sw_0533_2486.utt,"{C or, } [ I, + I ] teach training classes,   *[[need slash]]",24,"(S (CC or) (, ,) (EDITED (RM (-DFL- \[)) (NP-SBJ (PRP I)) (, ,) (IP (-DFL- \+))) (NP-SBJ (PRP I)) (RS (-DFL- \])) (VP (VBP teach) (NP (NN training) (NNS classes))) (, ,))",15
b,A,2486,60.6,Oh/UH ./.,2/sw2486,40,60.42,1,sw05utt/sw_0533_2486.utt,Oh. /,25,(INTJ (UH Oh) (. .) (-DFL- E_S)),16
+,B,2486,63.75,"and/CC so/RB when/WRB  [ I/PRP ] 'm/VBP teaching/VBG  [ a/DT class/NN ] ,/, obviously/RB  [ I/PRP ] wear/VBP  [ a/DT suit/NN ] or/CC  [ dress/NN ] ,/,",2/sw2486,38,60.79,1,sw05utt/sw_0533_2486.utt,"{C and so } when I'm teaching a class, obviously I wear a suit or dress,  /  *[[sd]]",26,"(S (CONJP (CC and) (RB so)) (SBAR-TMP (WHADVP-1 (WRB when)) (S (NP-SBJ (PRP I)) (VP (VBP 'm) (VP (VBG teaching) (NP (DT a) (NN class)) (ADVP-TMP (-NONE- *T*-1)))))) (, ,) (ADVP (RB obviously)) (NP-SBJ (PRP I)) (VP (VBP wear) (NP (DT a) (NN suit) (CC or) (NN dress))) (, ,) (-DFL- E_S))",17
%@,B,2486,63.85,so/UH ./.,2/sw2486,42,63.75,2,sw05utt/sw_0533_2486.utt,{C so. }     *[[slash error]],27,"(S (RB so) (. .) (EDITED (RM (-DFL- \[)) (NP-SBJ (PRP It)) (, ,) (IP (-DFL- \+))) (NP-SBJ (PRP it)) (, ,) (RS (-DFL- \])) (INTJ (UH uh)) (, ,) (ADVP (RB definitely)) (VP (VBZ fluctuates) (PP (ADVP (RB mainly)) (IN with) (SBAR-NOM (SBAR (WHNP-2 (WP what)) (S (NP-SBJ-1 (PRP I)) (VP (VBP 'm) (VP (VBG going) (S (NP-SBJ (-NONE- *-1)) (VP (TO to) (VP (VB be) (VP (VBG doing) (NP (-NONE- *T*-2)) (NP-TMP (DT that) (NN day)))))))))) (CC and) (ADVP (RB kind) (RB of)) (SBAR (WHNP-3 (WP what)) (S (NP-SBJ (PRP$ my) (NN mood)) (VP (VBZ is) (NP-PRD (-NONE- *T*-3)))))))) (-DFL- E_S))",17
b,A,2486,64.06,[ Uh-huh/UH ] ./.,2/sw2486,15,63.86,1,sw05utt/sw_0533_2486.utt,Uh-huh. /,28,(INTJ (UH Uh-huh) (. .) (-DFL- E_S)),18
+,B,2486,70.05,"[ It/PRP ] ,/,  [ it/PRP ] ,/,  [ uh/UH ] ,/, definitely/RB fluctuates/VBZ mainly/RB with/IN  [ what/WP ] [ I/PRP ] 'm/VBP going/VBG to/TO be/VB doing/VBG  [ that/DT day/NN ] and/CC  [ kind/RB ] of/RB  [ what/WP ] [ my/PRP$ mood/NN ] is/VBZ",2/sw2486,42,64.59,1,sw05utt/sw_0533_2486.utt,"[ It, + it, ] {F uh, } definitely fluctuates mainly with what I'm going to be doing that day and kind of what my mood is  /",29,"(S (RB so) (. .) (EDITED (RM (-DFL- \[)) (NP-SBJ (PRP It)) (, ,) (IP (-DFL- \+))) (NP-SBJ (PRP it)) (, ,) (RS (-DFL- \])) (INTJ (UH uh)) (, ,) (ADVP (RB definitely)) (VP (VBZ fluctuates) (PP (ADVP (RB mainly)) (IN with) (SBAR-NOM (SBAR (WHNP-2 (WP what)) (S (NP-SBJ-1 (PRP I)) (VP (VBP 'm) (VP (VBG going) (S (NP-SBJ (-NONE- *-1)) (VP (TO to) (VP (VB be) (VP (VBG doing) (NP (-NONE- *T*-2)) (NP-TMP (DT that) (NN day)))))))))) (CC and) (ADVP (RB kind) (RB of)) (SBAR (WHNP-3 (WP what)) (S (NP-SBJ (PRP$ my) (NN mood)) (VP (VBZ is) (NP-PRD (-NONE- *T*-3)))))))) (-DFL- E_S))",19
sd,B,2486,71.07000000000001,"and/CC when/WRB  [ it/PRP ] 's/BES raining/VBG ,/,",2/sw2486,46,70.05,2,sw05utt/sw_0533_2486.utt,"{C and } when it's raining,",30,"(S (CC and) (SBAR-TMP (WHADVP-1 (WRB when)) (S (NP-SBJ (PRP it)) (VP (BES 's) (VP (VBG raining) (ADVP-TMP (-NONE- *T*-1)))))) (, ,) (NP-SBJ-2 (PRP I)) (VP (VBP 'm) (ADJP-PRD (RBR more) (JJ likely) (S (NP-SBJ (-NONE- *-2)) (VP (TO to) (VP (VB wear) (NP (NNS jeans))))))) (-DFL- E_S))",19
b,A,2486,0.0,./.,2/sw2486.pos,,0.0,1,sw05utt/sw_0533_2486.utt,<Laughter>.,31,,20
+,B,2486,72.77,[ I/PRP ] 'm/VBP more/RBR likely/JJ to/TO wear/VB  [ jeans/NNS ],2/sw2486,46,71.09,1,sw05utt/sw_0533_2486.utt,I'm more likely to wear jeans  /,32,"(S (CC and) (SBAR-TMP (WHADVP-1 (WRB when)) (S (NP-SBJ (PRP it)) (VP (BES 's) (VP (VBG raining) (ADVP-TMP (-NONE- *T*-1)))))) (, ,) (NP-SBJ-2 (PRP I)) (VP (VBP 'm) (ADJP-PRD (RBR more) (JJ likely) (S (NP-SBJ (-NONE- *-2)) (VP (TO to) (VP (VB wear) (NP (NNS jeans))))))) (-DFL- E_S))",21
sd,B,2486,77.95,"and/CC ,/, and/CC when/WRB  [ it/PRP ] 's/BES really/RB cold/JJ  [ I/PRP ] 'm/VBP more/RBR likely/JJ to/TO wear/VB  [ jeans/NNS ] or/CC  [ pants/NNS ] or/CC  [ sweaters/NNS ] ,/, or/CC  [ that/DT type/NN ] of/IN  [ thing/NN ] ./.",2/sw2486,49,72.77,2,sw05utt/sw_0533_2486.utt,"[ {C and, } +  {C and } ] when it's really cold I'm more likely to wear jeans or pants or sweaters, or that type of thing. /",33,"(S (EDITED (RM (-DFL- \[)) (CC and) (, ,) (IP (-DFL- \+))) (CC and) (RS (-DFL- \])) (SBAR-TMP (WHADVP-1 (WRB when)) (S (NP-SBJ (PRP it)) (VP (BES 's) (ADJP-PRD (RB really) (JJ cold)) (ADVP-TMP (-NONE- *T*-1))))) (NP-SBJ-2 (PRP I)) (VP (VBP 'm) (ADJP-PRD (RBR more) (JJ likely) (S (NP-SBJ (-NONE- *-2)) (VP (TO to) (VP (VB wear) (NP (NP (NNS jeans) (CC or) (NNS pants) (CC or) (NNS sweaters)) (, ,) (CC or) (NP (NP (DT that) (NN type)) (PP (IN of) (NP (NN thing)))))))))) (. .) (-DFL- E_S))",21
b,A,2486,78.9,[ Uh-huh/UH ] ./.,2/sw2486,28,78.7,1,sw05utt/sw_0533_2486.utt,Uh-huh. /,34,(INTJ (UH Uh-huh) (. .) (-DFL- E_S)),22
sd,B,2486,81.87,"Um/UH ,/, but/CC  [ it/PRP ] just/RB really/RB depends/VBZ on/IN  [ the/DT weather/NN ] and/CC  [ my/PRP$ mood/NN ]",2/sw2486,53,78.89,1,sw05utt/sw_0533_2486.utt,"{F Um, } {C but } it just really depends on the weather and my mood  /",35,"(S (INTJ (UH Um)) (, ,) (CC but) (NP-SBJ (PRP it)) (ADVP (RB just)) (ADVP (RB really)) (VP (VBZ depends) (PP (IN on) (NP (NP (DT the) (NN weather)) (CC and) (NP (PRP$ my) (NN mood))))) (-DFL- E_S))",23
sd,B,2486,89.89,"and/CC then/RB ,/,  [ you/PRP ] know/VBP ,/, obviously/RB when/WRB  [ I/PRP ] 'm/VBP doing/VBG  [ anything/NN ] that/WDT  [ I/PRP ] 'm/VBP in/IN  [ front/NN ] of/IN  [ people/NNS ] ,/, or/CC ,/, or/CC  [ making/VBG presentations/NNS ] ,/, teaching/VBG ,/,  [ whatever/WDT ] ./.",2/sw2486,54,81.89,2,sw05utt/sw_0533_2486.utt,"{C and then, }  {D you know, }  obviously when I'm doing anything that I'm in front of people, [ or, + or ]  making presentations, teaching, whatever.",36,"(S (CONJP (CC and) (RB then)) (PRN (, ,) (S (NP-SBJ (PRP you)) (VP (VBP know))) (, ,)) (ADVP (RB obviously)) (SBAR-TMP (WHADVP-3 (WRB when)) (S (NP-SBJ (PRP I)) (VP (VBP 'm) (VP (VP (VBG doing) (NP (NP (NN anything)) (SBAR (WHADVP-2 (WDT that)) (S (NP-SBJ (PRP I)) (VP (VBP 'm) (PP-LOC-PRD (IN in) (NP (NP (NN front)) (PP (IN of) (NP (NNS people))))) (ADVP (-NONE- *T*-2))))))) (, ,) (EDITED (RM (-DFL- \[)) (CC or) (, ,) (IP (-DFL- \+))) (CC or) (RS (-DFL- \])) (VP (VBG making) (NP (NNS presentations))) (, ,) (VP (VBG teaching)) (, ,) (NP-ETC (WDT whatever)) (ADVP-TMP (-NONE- *T*-3)))))) (. .) (NP-SBJ-1 (PRP I)) (VP (VBP 'm) (VP (VBG going) (S (NP-SBJ (-NONE- *-1)) (VP (TO to) (VP (VB dress) (PRT (RP up)) (ADVP (RBR more))))))) (. .) (-DFL- E_S))",23
aa,A,2486,89.98,Yes/UH ./.,2/sw2486,56,89.9,1,sw05utt/sw_0533_2486.utt,Yes. /,37,(INTJ (UH Yes) (. .) (-DFL- E_S)),24
+,B,2486,91.17,[ I/PRP ] 'm/VBP going/VBG to/TO dress/VB up/RP more/RBR ./.,2/sw2486,54,90.17,1,sw05utt/sw_0533_2486.utt,I'm going to dress up more <breathing>. /,38,"(S (CONJP (CC and) (RB then)) (PRN (, ,) (S (NP-SBJ (PRP you)) (VP (VBP know))) (, ,)) (ADVP (RB obviously)) (SBAR-TMP (WHADVP-3 (WRB when)) (S (NP-SBJ (PRP I)) (VP (VBP 'm) (VP (VP (VBG doing) (NP (NP (NN anything)) (SBAR (WHADVP-2 (WDT that)) (S (NP-SBJ (PRP I)) (VP (VBP 'm) (PP-LOC-PRD (IN in) (NP (NP (NN front)) (PP (IN of) (NP (NNS people))))) (ADVP (-NONE- *T*-2))))))) (, ,) (EDITED (RM (-DFL- \[)) (CC or) (, ,) (IP (-DFL- \+))) (CC or) (RS (-DFL- \])) (VP (VBG making) (NP (NNS presentations))) (, ,) (VP (VBG teaching)) (, ,) (NP-ETC (WDT whatever)) (ADVP-TMP (-NONE- *T*-3)))))) (. .) (NP-SBJ-1 (PRP I)) (VP (VBP 'm) (VP (VBG going) (S (NP-SBJ (-NONE- *-1)) (VP (TO to) (VP (VB dress) (PRT (RP up)) (ADVP (RBR more))))))) (. .) (-DFL- E_S))",25
sv,A,2486,93.08000000000001,"And/CC  [ I/PRP ] think/VBP  [ that/DT ] does/VBZ make/VB  [ a/DT difference/NN ] ,/,",2/sw2486,59,91.18,1,sw05utt/sw_0533_2486.utt,"{C And } I think that does make a difference,  /",39,"(S (CC And) (NP-SBJ (PRP I)) (VP (VBP think) (SBAR (-NONE- 0) (S (NP-SBJ (DT that)) (VP (VBZ does) (VP (VB make) (NP (DT a) (NN difference))))))) (, ,) (-DFL- E_S))",26
sv,A,2486,96.74000000000001,"because/RB when/WRB  [ you/PRP ] do/VBP have/VB to/TO be/VB in/IN  [ front/NN ] of/IN  [ people/NNS ] ,/,",2/sw2486,60,93.5,2,sw05utt/sw_0533_2486.utt,"{C because } when you do have to be in front of people,",40,"(SBAR-PRP (RB because) (S (SBAR-TMP-TPC-3 (WHADVP-2 (WRB when)) (S (NP-SBJ-1 (PRP you)) (VP (VBP do) (VP (VB have) (S (NP-SBJ (-NONE- *-1)) (VP (TO to) (VP (VB be) (PP-LOC-PRD (IN in) (NP (NP (NN front)) (PP (IN of) (NP (NNS people)))))))) (ADVP-TMP (-NONE- *T*-2)))))) (, ,) (INTJ (UH uh)) (, ,) (NP-SBJ (PRP I)) (VP (VBP think) (SBAR (-NONE- 0) (S (SBAR-TMP (-NONE- *T*-3)) (EDITED (RM (-DFL- \[)) (NP-SBJ (PRP you)) (, ,) (IP (-DFL- \+)) (RS (-DFL- \]))) (EDITED (RM (-DFL- \[)) (NP-SBJ-UNF (DT the)) (, ,) (IP (-DFL- \+))) (NP-SBJ (NP (DT the) (RS (-DFL- \])) (NN tendency)) (ADVP (RB there))) (VP (VBZ is) (S-PRD (NP-SBJ (-NONE- *)) (VP (TO to) (VP (VB wear) (NP (NP (NNS dresses) (CC and) (NNS suits)) (EDITED (RM (-DFL- \[)) (CC and) (, ,) (IP (-DFL- \+))) (CC and) (, ,) (RS (-DFL- \])) (INTJ (UH uh)) (, ,) (NP (NP (ADJP (RBR more) (JJ classical)) (NN style)) (PP (IN of) (NP (NN clothing))))))))))))) (. .) (-DFL- E_S))",26
b,B,2486,97.55,[ Uh-huh/UH ] ./.,2/sw2486,44,97.25,1,sw05utt/sw_0533_2486.utt,Uh-huh. /,41,(INTJ (UH Uh-huh) (. .) (-DFL- E_S)),27
+,A,2486,104.67999999999999,"[ uh/UH ] ,/,  [ I/PRP ] think/VBP  [ you/PRP ] ,/,  [ the/DT ] ,/,  [ the/DT tendency/NN ] there/RB is/VBZ to/TO wear/VB  [ dresses/NNS ] and/CC  [ suits/NNS ] and/CC ,/, and/CC ,/,  [ uh/UH ] ,/,  [ more/RBR classical/JJ style/NN ] of/IN  [ clothing/NN ] ./.",2/sw2486,60,97.58,1,sw05utt/sw_0533_2486.utt,"{F uh, } I think [ you, + ] [ the, + the ] tendency there is to wear dresses and suits [ and, + and, ] {F uh, } more classical style of clothing. /",42,"(SBAR-PRP (RB because) (S (SBAR-TMP-TPC-3 (WHADVP-2 (WRB when)) (S (NP-SBJ-1 (PRP you)) (VP (VBP do) (VP (VB have) (S (NP-SBJ (-NONE- *-1)) (VP (TO to) (VP (VB be) (PP-LOC-PRD (IN in) (NP (NP (NN front)) (PP (IN of) (NP (NNS people)))))))) (ADVP-TMP (-NONE- *T*-2)))))) (, ,) (INTJ (UH uh)) (, ,) (NP-SBJ (PRP I)) (VP (VBP think) (SBAR (-NONE- 0) (S (SBAR-TMP (-NONE- *T*-3)) (EDITED (RM (-DFL- \[)) (NP-SBJ (PRP you)) (, ,) (IP (-DFL- \+)) (RS (-DFL- \]))) (EDITED (RM (-DFL- \[)) (NP-SBJ-UNF (DT the)) (, ,) (IP (-DFL- \+))) (NP-SBJ (NP (DT the) (RS (-DFL- \])) (NN tendency)) (ADVP (RB there))) (VP (VBZ is) (S-PRD (NP-SBJ (-NONE- *)) (VP (TO to) (VP (VB wear) (NP (NP (NNS dresses) (CC and) (NNS suits)) (EDITED (RM (-DFL- \[)) (CC and) (, ,) (IP (-DFL- \+))) (CC and) (, ,) (RS (-DFL- \])) (INTJ (UH uh)) (, ,) (NP (NP (ADJP (RBR more) (JJ classical)) (NN style)) (PP (IN of) (NP (NN clothing))))))))))))) (. .) (-DFL- E_S))",28
b,B,2486,104.83000000000001,[ Uh-huh/UH ] ./.,2/sw2486,44,104.65,1,sw05utt/sw_0533_2486.utt,Uh-huh. /,43,(INTJ (UH Uh-huh) (. .) (-DFL- E_S)),29
qw,A,2486,106.62,[ What/WP ] about/IN  [ the/DT mini/JJ skirt/NN ] ?/.,2/sw2486,67,105.32,1,sw05utt/sw_0533_2486.utt,What about the mini skirt? /,44,(FRAG (WHNP (WP What)) (PP (IN about) (NP (DT the) (JJ mini) (NN skirt))) (. ?) (-DFL- E_S)),30
sd,B,2486,111.03,[ There/EX ] are/VBP  [ a/DT few/JJ people/NNS ] [ every/DT ] now/RB and/CC then/RB that/WDT wear/VBP  [ those/DT ] to/IN  [ work/NN ] ./.,2/sw2486,69,107.49,1,sw05utt/sw_0533_2486.utt,There are a few people every now and then that wear those to work.  /,45,(S (NP-SBJ (EX There)) (VP (VBP are) (NP-PRD (NP (DT a) (JJ few) (NNS people)) (SBAR (-NONE- *ICH*-2))) (ADVP-TMP (DT every) (RB now) (CC and) (RB then)) (SBAR-2 (WHNP-1 (WDT that)) (S (NP-SBJ (-NONE- *T*-1)) (VP (VBP wear) (NP (DT those)) (PP (IN to) (NP (NN work))))))) (. .) (-DFL- E_S)),31
sd,B,2486,113.01,"They/PRP 're/VBP pretty/RB strict/JJ about/IN   [ that/DT ] ,/, though/RB ./.",2/sw2486,70,111.03,2,sw05utt/sw_0533_2486.utt,"There  pretty strict about that, though.   /",46,"(S (NP-SBJ (PRP They)) (VP (VBP 're) (ADJP-PRD (RB pretty) (JJ strict) (PP (IN about) (NP (DT that)))) (, ,) (ADVP (RB though))) (. .) (-DFL- E_S))",31
sd,B,2486,113.95,"[ Um/UH ] ,/,  [ I/PRP ] 've/VBP never/RB worn/VBN ,/,",2/sw2486,71,113.05,3,sw05utt/sw_0533_2486.utt,"{F Um, }  I've never worn, - /",47,"(S (INTJ (UH Um)) (, ,) (NP-SBJ (PRP I)) (VP (VBP 've) (ADVP-TMP (RB never)) (VP-UNF (VBN worn))) (, ,) (-DFL- N_S))",31
%,B,2486,114.63000000000001,"[ I/PRP ] just/RB would/MD n't/RB ,/,",2/sw2486,72,113.95,4,sw05utt/sw_0533_2486.utt,"I just wouldn't, - /",48,"(S (NP-SBJ (PRP I)) (ADVP (RB just)) (VP-UNF (MD would) (RB n't)) (, ,) (-DFL- N_S))",31
%,B,2486,116.11,"[ I/PRP ] mean/VBP even/RB to/TO ,/,",2/sw2486,73,115.43,5,sw05utt/sw_0533_2486.utt,"{E I mean } even to, - /",49,"(S (PRN (S (NP-SBJ (PRP I)) (VP (VBP mean)))) (ADVP (RB even)) (NP-SBJ (-NONE- *)) (VP-UNF (TO to)) (, ,) (-DFL- N_S))",31
sv,B,2486,117.94999999999999,well/UH  [ jeans/NNS ] are/VBP n't/RB exactly/RB professional/JJ,2/sw2486,74,116.11,6,sw05utt/sw_0533_2486.utt,{D well } jeans aren't exactly professional  /,50,(S (INTJ (UH well)) (NP-SBJ (NNS jeans)) (VP (VBP are) (RB n't) (ADJP-PRD (RB exactly) (JJ professional))) (-DFL- E_S)),31
sv,B,2486,124.65,"but/CC ,/, for/IN  [ some/DT reason/NN ] [ a/DT mini/JJ skirt/NN ] is/VBZ ,/, to/IN  [ me/PRP ] [ a/DT little/RB ] more/RBR unprofessional/JJ to/TO wear/VB to/IN work/NN than/IN  [ jeans/NNS ]",2/sw2486,75,117.95,7,sw05utt/sw_0533_2486.utt,"{C but, } for some reason a mini skirt is, to me a little more unprofessional to wear to work than jeans  /",51,"(S (CC but) (, ,) (PP-PRP (IN for) (NP (DT some) (NN reason))) (NP-SBJ (DT a) (JJ mini) (NN skirt)) (VP (VBZ is) (, ,) (PP (IN to) (NP (PRP me))) (ADJP-PRD (ADJP (ADVP (NP (DT a) (RB little)) (RBR more)) (JJ unprofessional) (SBAR (WHNP-1 (-NONE- 0)) (S (NP-SBJ (-NONE- *)) (VP (TO to) (VP (VB wear) (NP (-NONE- *T*-1)) (PP (IN to) (NP (NN work)))))))) (PP (IN than) (NP (NNS jeans))))) (-DFL- E_S))",31
sv,B,2486,128.29,"just/RB because/IN  [ it/PRP ] 's/BES ,/, maybe/RB  [ it/PRP ] 's/BES just/RB because/IN of/IN  [ the/DT sexist/JJ views/NNS ] and/CC  [ everything/NN ]",2/sw2486,76,124.65,8,sw05utt/sw_0533_2486.utt,"[ just because it's, + maybe it's just because  ] of the sexist views and everything  /",52,"(S (EDITED (RM (-DFL- \[)) (SBAR-PRP (RB just) (IN because) (S (NP-SBJ (PRP it)) (VP-UNF (BES 's)))) (, ,) (IP (-DFL- \+))) (ADVP (RB maybe)) (NP-SBJ (PRP it)) (VP (BES 's) (PP-PRP-PRD (RB just) (IN because) (RS (-DFL- \])) (IN of) (NP (NP (DT the) (JJ sexist) (NNS views)) (CC and) (NP (NN everything))))) (-DFL- E_S))",31
sv,B,2486,132.41,"but/CC  [ you/PRP ] just/RB feel/VBP like/IN  [ you/PRP ] 're/VBP ,/,  [ you/PRP ] 're/VBP being/VBG ,/, showing/VBG  [ too/RB much/JJ le-/NN ] ,/,",2/sw2486,77,128.29,9,sw05utt/sw_0533_2486.utt,"{C but } you just feel like [ you're, + you're  ] [ being, + showing ] too much le-, - /",53,"(S (CC but) (NP-SBJ (PRP you)) (ADVP (RB just)) (VP (VBP feel) (SBAR (IN like) (S (EDITED (RM (-DFL- \[)) (S (NP-SBJ (PRP you)) (VP-UNF (VBP 're))) (, ,) (IP (-DFL- \+))) (NP-SBJ (PRP you)) (VP (VBP 're) (RS (-DFL- \])) (EDITED (RM (-DFL- \[)) (VP-UNF (VBG being)) (, ,) (IP (-DFL- \+))) (VP (VBG showing) (RS (-DFL- \])) (NP-UNF (ADJP (RB too) (JJ much)) (NN le-))))))) (, ,) (-DFL- N_S))",31
h,B,2486,132.97,"[ I/PRP ] do/VBP n't/RB know/VB ,/,",2/sw2486,78,132.57,10,sw05utt/sw_0533_2486.utt,"I don't know,  /",54,"(S (NP-SBJ (PRP I)) (VP (VBP do) (RB n't) (VP (VB know))) (, ,) (-DFL- E_S))",31
sd,B,2486,134.89,[ I/PRP ] would/MD n't/RB want/VB to/TO wear/VB  [ a/DT mini/JJ ] skirt/NN to/IN work/NN ./.,2/sw2486,79,132.97,11,sw05utt/sw_0533_2486.utt,I   wouldn't want to wear a mini skirt to work. /,55,(S (NP-SBJ-1 (PRP I)) (VP (MD would) (RB n't) (VP (VB want) (S (NP-SBJ (-NONE- *-1)) (VP (TO to) (VP (VB wear) (NP (DT a) (JJ mini) (NN skirt)) (PP (IN to) (NP (NN work)))))))) (. .) (-DFL- E_S)),31
%,A,2486,0.0,"[ We-/XX ] ,/,",2/sw2486,81,0.0,1,sw05utt/sw_0533_2486.utt,"<Laughter> We-, -/",56,"(INTJ-UNF (XX We-) (, ,) (-DFL- N_S))",32
sd,B,2486,137.11,"[ I/PRP ] have/VBP seen/VBN  [ a/DT few/JJ people/NNS ] do/VB  [ it/PRP ] though/RB ,/,",2/sw2486,83,134.93,1,sw05utt/sw_0533_2486.utt,"I have seen a few people do it though,  /",57,"(S (NP-SBJ (PRP I)) (VP (VBP have) (VP (VBN seen) (S (NP-SBJ (DT a) (JJ few) (NNS people)) (VP (VB do) (NP (PRP it)))) (ADVP (RB though)))) (, ,) (-DFL- E_S))",33
%,B,2486,139.39000000000001,"but/CC  [ they/PRP ] ,/,  [ they/PRP ] were/VBD n't/RB overly/RB  [ shor/JJ ] ,/,",2/sw2486,84,137.11,2,sw05utt/sw_0533_2486.utt,"{C but } [ they, + they ] weren't overly shor-, - /",58,"(S (CC but) (EDITED (RM (-DFL- \[)) (NP-SBJ (PRP they)) (, ,) (IP (-DFL- \+))) (NP-SBJ (PRP they)) (RS (-DFL- \])) (VP (VBD were) (RB n't) (ADJP-PRD-UNF (RB overly) (JJ shor-))) (, ,) (-DFL- N_S))",33
sd,B,2486,142.05,and/CC  [ they/PRP ] were/VBD n't/RB overly/RB revealing/JJ ./.,2/sw2486,85,139.55,3,sw05utt/sw_0533_2486.utt,{C and } they weren't overly revealing.  /,59,(S (CC and) (NP-SBJ (PRP they)) (VP (VBD were) (RB n't) (ADJP-PRD (RB overly) (JJ revealing))) (. .) (-DFL- E_S)),33
sd,B,2486,143.75,"[ They/PRP ] were/VBD pretty/RB much/RB in/IN  [ good/JJ taste/NN ] ,/,",2/sw2486,86,142.05,4,sw05utt/sw_0533_2486.utt,"They were pretty much in good  taste,  /",60,"(S (NP-SBJ (PRP They)) (VP (VBD were) (ADVP (RB pretty) (RB much)) (PP-PRD (IN in) (NP (JJ good) (NN taste)))) (, ,) (-DFL- E_S))",33
%,B,2486,144.02999999999997,"but/CC ,/, um/UH ,/,",2/sw2486,87,143.75,5,sw05utt/sw_0533_2486.utt,"{C but, } {F um, } -/",61,"(S-UNF (CC but) (, ,) (INTJ (UH um)) (, ,) (-DFL- N_S))",33
b,A,2486,144.32,[ Uh-huh/UH ] ./.,2/sw2486,51,144.06,1,sw05utt/sw_0533_2486.utt,Uh-huh. /,62,(INTJ (UH Uh-huh) (. .) (-DFL- E_S)),34
sd,B,2486,147.83,"for/IN  [ me/PRP ] [ I/PRP ] just/RB ,/,  [ I/PRP ] just/RB ,/,  [ cou/MD ] ,/, would/MD n't/RB want/VB to/TO do/VB  [ that/DT ] ./.",2/sw2486,91,144.67,1,sw05utt/sw_0533_2486.utt,"for me [ I just, + I just,  ] [ cou-, + wouldn't ] want to do that. /",63,"(S (PP (IN for) (NP (PRP me))) (EDITED (RM (-DFL- \[)) (S-UNF (NP-SBJ (PRP I)) (ADVP (RB just))) (, ,) (IP (-DFL- \+))) (NP-SBJ-1 (PRP I)) (ADVP (RB just)) (, ,) (RS (-DFL- \])) (EDITED (RM (-DFL- \[)) (VP-UNF (MD cou-)) (, ,) (IP (-DFL- \+))) (VP (MD would) (RB n't) (RS (-DFL- \])) (VP (VB want) (S (NP-SBJ (-NONE- *-1)) (VP (TO to) (VP (VB do) (NP (DT that))))))) (. .) (-DFL- E_S))",35
sv,A,2486,150.7,Well/UH  [ there/EX ] are/VBP  [ mini/JJ ] skirts/NNS and/CC  [ there/EX ] are/VBP  [ mini/JJ skirts/NNS ] ./.,2/sw2486,93|||94,148.18,1,sw05utt/sw_0533_2486.utt,{D Well } there are mini skirts and there are mini skirts. /,64,(S (INTJ (UH Well)) (NP-SBJ (EX there)) (VP (VBP are) (NP-PRD (JJ mini) (NNS skirts))))|||(S (CC and) (NP-SBJ (EX there)) (VP (VBP are) (NP-PRD (JJ mini) (NNS skirts))) (. .) (-DFL- E_S)),36
b,B,2486,150.75,Yeah/UH ./.,2/sw2486,96,150.67,1,sw05utt/sw_0533_2486.utt,Yeah. /,65,(INTJ (UH Yeah) (. .) (-DFL- E_S)),37
sv,A,2486,152.72,[ There/EX ] are/VBP  [ some/DT ] [ that/WDT ] are/VBP really/RB short/JJ,2/sw2486,98,150.78,1,sw05utt/sw_0533_2486.utt,There are some that are really short  /,66,(S (NP-SBJ (EX There)) (VP (VBP are) (NP-PRD (NP (DT some)) (SBAR (WHNP-1 (WDT that)) (S (NP-SBJ (-NONE- *T*-1)) (VP (VBP are) (ADJP-PRD (RB really) (JJ short))))))) (-DFL- E_S)),38
sv,A,2486,156.98,and/CC then/RB  [ there/EX ] are/VBP  [ some/DT ] [ that/WDT ] may/GW be/^RB will/MD come/VB like/IN [ four/CD inches/NNS ] or/CC  [ five/CD inches/NNS ] above/IN  [ the/DT knee/NN ] ./.,2/sw2486,99,152.72,2,sw05utt/sw_0533_2486.utt,{C and then } there are some that may be  will come like four inches or five inches above the knee. /,67,(S (CONJP (CC and) (RB then)) (NP-SBJ (EX there)) (VP (VBP are) (NP-PRD (NP (DT some)) (SBAR (WHNP-1 (WDT that)) (S (NP-SBJ (-NONE- *T*-1)) (ADVP (GW may) (^RB be)) (VP (MD will) (VP (VB come) (PP (NP-ADV (NP (QP (IN like) (CD four)) (NNS inches)) (CC or) (NP (CD five) (NNS inches))) (IN above) (NP (DT the) (NN knee))))))))) (. .) (-DFL- E_S)),38
b,B,2486,157.11,"[ Uh-huh/UH ] ,/,",2/sw2486,101,156.93,1,sw05utt/sw_0533_2486.utt,"Uh-huh,  /",68,"(INTJ (UH Uh-huh) (, ,) (-DFL- E_S))",39
sd,B,2486,157.99,[ that/DT ] 's/BES  [ what/WP ] [ I/PRP ] 've/VBP seen/VBN ./.,2/sw2486,102,157.13,2,sw05utt/sw_0533_2486.utt,that's what I've seen.  /,69,(S (NP-SBJ (DT that)) (VP (BES 's) (SBAR-NOM-PRD (WHNP-1 (WP what)) (S (NP-SBJ (PRP I)) (VP (VBP 've) (VP (VBN seen) (NP (-NONE- *T*-1))))))) (. .) (-DFL- E_S)),39
sv,A,2486,161.04,"and/CC again/RB  [ it/PRP ] depends/VBZ upon/IN  [ the/DT size/NN ] ,/,  [ the/DT shape/NN ] of/IN  [ the/DT person/NN ] ,/,",2/sw2486,104,158.04,1,sw05utt/sw_0533_2486.utt,"{C and } again it depends upon the size, the shape of the person,",70,"(S (CC and) (ADVP (RB again)) (NP-SBJ (PRP it)) (VP (VBZ depends) (PP (IN upon) (NP (NP (DT the) (NN size)) (, ,) (NP (NP (DT the) (NN shape)) (PP (IN of) (NP (DT the) (NN person)))) (, ,) (CONJP (RB as) (RB well) (IN as)) (NP (NP (DT the) (NN shape)) (PP (IN of) (NP (NP (DT the) (NN person) (POS 's)) (NNS legs))))))) (. .) (-DFL- E_S))",40
b,B,2486,161.11,[ Uh-huh/UH ] ./.,2/sw2486,65,160.99,1,sw05utt/sw_0533_2486.utt,Uh-huh. /,71,(INTJ (UH Uh-huh) (. .) (-DFL- E_S)),41
+,A,2486,164.53,as/RB well/RB as/IN  [ the/DT shape/NN ] of/IN  [ the/DT person/NN 's/POS legs/NNS ] ./.,2/sw2486,104,161.71,1,sw05utt/sw_0533_2486.utt,as well as the shape of the person's legs. /,72,"(S (CC and) (ADVP (RB again)) (NP-SBJ (PRP it)) (VP (VBZ depends) (PP (IN upon) (NP (NP (DT the) (NN size)) (, ,) (NP (NP (DT the) (NN shape)) (PP (IN of) (NP (DT the) (NN person)))) (, ,) (CONJP (RB as) (RB well) (IN as)) (NP (NP (DT the) (NN shape)) (PP (IN of) (NP (NP (DT the) (NN person) (POS 's)) (NNS legs))))))) (. .) (-DFL- E_S))",42
b,B,2486,164.71,[ Uh-huh/UH ] ./.,2/sw2486,89,164.53,1,sw05utt/sw_0533_2486.utt,Uh-huh. /,73,(INTJ (UH Uh-huh) (. .) (-DFL- E_S)),43
%,A,2486,166.86,"Now/UH ,/,  [ I/PRP ] also/RB ,/,  [ uh/UH ] ,/,",2/sw2486,111,165.58,1,sw05utt/sw_0533_2486.utt,"{D Now, } I also, {F uh, } - /",74,"(S-UNF (INTJ (UH Now)) (, ,) (NP-SBJ (PRP I)) (ADVP (RB also)) (, ,) (INTJ (UH uh)) (, ,) (-DFL- N_S))",44
sd,A,2486,171.31,"even/RB though/IN  [ I/PRP ] retired/VBD from/IN  [ education/NN ] ,/,  [ I/PRP ] ,/,  [ uh/UH ] ,/,  [ I/PRP ] do/VBP modeling/NN",2/sw2486,112,166.86,2,sw05utt/sw_0533_2486.utt,"even though I retired from education, [ I, + {F uh, } I  ] do modeling  /",75,"(S (SBAR-ADV (RB even) (IN though) (S (NP-SBJ (PRP I)) (VP (VBD retired) (PP (IN from) (NP (NN education)))))) (, ,) (EDITED (RM (-DFL- \[)) (NP-SBJ (PRP I)) (, ,) (IP (-DFL- \+))) (INTJ (UH uh)) (, ,) (NP-SBJ (PRP I)) (RS (-DFL- \])) (VP (VBP do) (NP (NN modeling))) (-DFL- E_S))",44
sd,A,2486,173.43,and/CC  [ I/PRP ] teach/VBP at/IN  [ a/DT modeling/NN agency/NN ] here/RB ./.,2/sw2486,113,171.41,3,sw05utt/sw_0533_2486.utt,{C and } I teach at a modeling agency here. /,76,(S (CC and) (NP-SBJ (PRP I)) (VP (VBP teach) (PP-LOC (IN at) (NP (DT a) (NN modeling) (NN agency))) (ADVP-LOC (RB here))) (. .) (-DFL- E_S)),44
b,B,2486,173.58999999999997,[ Uh-huh/UH ] ./.,2/sw2486,89,173.39,1,sw05utt/sw_0533_2486.utt,Uh-huh. /,77,(INTJ (UH Uh-huh) (. .) (-DFL- E_S)),45
sd,A,2486,187.28,"And/CC ,/,  [ uh/UH ] ,/, so/RB ,/, when/WRB  [ we/PRP ] are/VBP doing/VBG wardrobing/VBG and/CC  [ we/PRP ] have/VBP ,/,  [ uh/UH ] ,/,  [ two/CD ] ,/,  [ two/CD hour/NN classes/NNS ] in/IN  [ wardrobe/NN ] ,/,  [ we/PRP ] do/VBP discuss/VB  [ a/DT great/JJ deal/NN ] ,/,  [ the/DT mini/JJ skirt/NN ] and/CC  [ the/DT types/NNS ] of/IN  [ clothes/NNS ] to/TO wear/VB on/IN  [ the/DT job/NN ] ./.",2/sw2486,117,174.37,1,sw05utt/sw_0533_2486.utt,"[ {C And, } +  {F uh, } {C so, } ] when we are doing wardrobing and we have, {F uh, } [ two, + two ] hour classes in wardrobe, we do discuss a great deal, the mini skirt and the types of clothes to wear on the job. /",78,"(S (EDITED (RM (-DFL- \[)) (CC And) (, ,) (IP (-DFL- \+))) (INTJ (UH uh)) (, ,) (RB so) (, ,) (RS (-DFL- \])) (SBAR-TMP (WHADVP-1 (WRB when)) (S (NP-SBJ (PRP we)) (VP (VBP are) (VP (VBG doing) (NP (VBG wardrobing)) (ADVP-TMP (-NONE- *T*-1)))))) (PRN (S (CC and) (NP-SBJ (PRP we)) (VP (VBP have) (, ,) (INTJ (UH uh)) (, ,) (EDITED (RM (-DFL- \[)) (NP-UNF (CD two)) (, ,) (IP (-DFL- \+))) (NP (NP (ADJP (CD two) (RS (-DFL- \])) (NN hour)) (NNS classes)) (PP (IN in) (NP (NN wardrobe)))))) (, ,)) (NP-SBJ (PRP we)) (VP (VBP do) (VP (VB discuss) (NP-ADV (DT a) (JJ great) (NN deal)) (, ,) (NP (NP (DT the) (JJ mini) (NN skirt)) (CC and) (NP (NP (DT the) (NNS types)) (PP (IN of) (NP (NNS clothes))) (SBAR (WHNP-2 (-NONE- 0)) (S (NP-SBJ (-NONE- *)) (VP (TO to) (VP (VB wear) (NP (-NONE- *T*-2)) (PP (IN on) (NP (DT the) (NN job))))))))))) (. .) (-DFL- E_S))",46
b,B,2486,188.03,[ Uh-huh/UH ] ./.,2/sw2486,106,187.75,1,sw05utt/sw_0533_2486.utt,Uh-huh. /,79,(INTJ (UH Uh-huh) (. .) (-DFL- E_S)),47
sd,A,2486,192.5,"[ Uh/UH ] ,/, even/RB though/IN  [ I/PRP ] may/MD have/VB  [ them/PRP ] from/IN  [ sixth/JJ grade/NN ] on/IN up/IN through/IN ,/,  [ uh/UH ] ,/,  [ grandmothers/NNS ] ,/,",2/sw2486,121,188.08,1,sw05utt/sw_0533_2486.utt,"{F Uh, } even though I may have them from sixth grade on up through, {F uh, } grandmothers,",80,"(FRAG (INTJ (UH Uh)) (, ,) (SBAR-ADV (RB even) (IN though) (S (NP-SBJ (PRP I)) (VP (MD may) (VP (VB have) (NP (PRP them)) (PP (PP (IN from) (NP (JJ sixth) (NN grade))) (PP (IN on) (PP (IN up) (PP (IN through) (, ,) (INTJ (UH uh)) (, ,) (NP (NNS grandmothers)))))) (, ,) (PP-LOC (IN in) (NP (PRP$ my) (NN class))))))) (. .) (-DFL- E_S))",48
b,B,2486,192.65,[ Uh-huh/UH ] ./.,2/sw2486,106,192.49,1,sw05utt/sw_0533_2486.utt,Uh-huh. /,81,(INTJ (UH Uh-huh) (. .) (-DFL- E_S)),49
+,A,2486,194.10000000000002,in/IN  [ my/PRP$ class/NN ] ./.,2/sw2486,121,193.24,1,sw05utt/sw_0533_2486.utt,in my class.   /,82,"(FRAG (INTJ (UH Uh)) (, ,) (SBAR-ADV (RB even) (IN though) (S (NP-SBJ (PRP I)) (VP (MD may) (VP (VB have) (NP (PRP them)) (PP (PP (IN from) (NP (JJ sixth) (NN grade))) (PP (IN on) (PP (IN up) (PP (IN through) (, ,) (INTJ (UH uh)) (, ,) (NP (NNS grandmothers)))))) (, ,) (PP-LOC (IN in) (NP (PRP$ my) (NN class))))))) (. .) (-DFL- E_S))",50
sd,A,2486,203.66,"And/CC ,/,  [ uh/UH ] ,/,  [ whe/WRB ] ,/,  [ I/PRP ] always/RB try/VBP to/TO emphasize/VB  [ the/DT ] ,/,  [ clothes/NNS ] that/IN  [ you/PRP ] wear/VBP should/MD not/RB necessarily/RB be/VB  [ the/DT greatest/JJS fad/NN ] ,/,",2/sw2486,125,194.48,2,sw05utt/sw_0533_2486.utt,"{C And, } {F uh, } [ whe-, + ] I always try to emphasize the, clothes that you wear should not necessarily be the greatest fad, /",83,"(S (CC And) (, ,) (INTJ (UH uh)) (, ,) (EDITED (RM (-DFL- \[)) (SBAR-TMP (WHADVP-UNF (WRB whe-))) (, ,) (IP (-DFL- \+)) (RS (-DFL- \]))) (NP-SBJ-1 (PRP I)) (ADVP-TMP (RB always)) (VP (VBP try) (S (NP-SBJ (-NONE- *-1)) (VP (TO to) (VP (VB emphasize) (SBAR (-NONE- 0) (S (NP-SBJ (NP (DT the) (, ,) (NNS clothes)) (SBAR (WHNP-2 (IN that)) (S (NP-SBJ (PRP you)) (VP (VBP wear) (NP (-NONE- *T*-2)))))) (VP (MD should) (RB not) (ADVP (RB necessarily)) (VP (VB be) (NP-PRD (DT the) (JJS greatest) (NN fad)))))))))) (, ,) (-DFL- E_S))",50
b,B,2486,203.89000000000001,[ Uh-huh/UH ] ./.,2/sw2486,106,203.61,1,sw05utt/sw_0533_2486.utt,Uh-huh. /,84,(INTJ (UH Uh-huh) (. .) (-DFL- E_S)),51
sv,A,2486,212.79999999999998,"because/IN maybe/RB  [ they/PRP ] ,/,  [ those/DT ] are/VBP not/RB  [ the/DT clothes/NNS ] [ that/WDT ] are/VBP  [ the/DT most/RBS ] ,/,  [ uh/UH ] ,/, appealing/JJ to/IN  [ you/PRP ] ,/, or/CC  [ the/DT most/RBS ] ,/,  [ uh/UH ] ,/, complimentary/JJ to/IN  [ you/PRP ] ./.",2/sw2486,129,204.52,1,sw05utt/sw_0533_2486.utt,"{C because } maybe [ they, + those ] are not the clothes  that are the most, {F uh, } appealing to you, or the most, {F uh, } complimentary to you. /",85,"(SBAR-PRP (IN because) (S (ADVP (RB maybe)) (EDITED (RM (-DFL- \[)) (NP-SBJ (PRP they)) (, ,) (IP (-DFL- \+))) (NP-SBJ (DT those)) (RS (-DFL- \])) (VP (VBP are) (RB not) (NP-PRD (NP (DT the) (NNS clothes)) (SBAR (WHNP-1 (WDT that)) (S (NP-SBJ (-NONE- *T*-1)) (VP (VBP are) (NP-PRD (NP (DT the) (ADJP (RBS most) (, ,) (INTJ (UH uh)) (, ,) (JJ appealing) (PP (IN to) (NP (PRP you))))) (, ,) (CC or) (NP (DT the) (ADJP (RBS most) (, ,) (INTJ (UH uh)) (, ,) (JJ complimentary) (PP (IN to) (NP (PRP you)))))))))))) (. .) (-DFL- E_S))",52
aa,B,2486,213.47,[ Right/UH ] ./.,2/sw2486,131,212.97,1,sw05utt/sw_0533_2486.utt,Right. /,86,(INTJ (UH Right) (. .) (-DFL- E_S)),53
sv,A,2486,218.16,"But/CC ,/,  [ uh/UH ] ,/,  [ the/DT mini/JJ ] skirt/NN  [ many/JJ times/NNS ] will/MD evoke/VB  [ comments/NNS you/PRP ] do/VBP n't/RB really/RB want/VB ./.",2/sw2486,133,213.64,1,sw05utt/sw_0533_2486.utt,"{C But, } {F uh, } the mini skirt many times will evoke comments you don't really want. /",87,"(S (CC But) (, ,) (INTJ (UH uh)) (, ,) (NP-SBJ (DT the) (JJ mini) (NN skirt)) (NP-TMP (JJ many) (NNS times)) (VP (MD will) (VP (VB evoke) (NP (NP (NNS comments)) (SBAR (WHNP-1 (-NONE- 0)) (S (NP-SBJ (PRP you)) (VP (VBP do) (RB n't) (ADVP (RB really)) (VP (VB want) (NP (-NONE- *T*-1))))))))) (. .) (-DFL- E_S))",54
b,B,2486,219.39000000000001,[ Right/UH ] ./.,2/sw2486,131,218.99,1,sw05utt/sw_0533_2486.utt,Right <laughter>. /,88,(INTJ (UH Right) (. .) (-DFL- E_S)),55
sv,A,2486,223.78,"And/CC ,/, and/CC then/RB ,/,  [ uh/UH ] ,/, then/RB  [ you/PRP ] 're/VBP in/IN  [ the/DT situation/NN ] where/WRB  [ you/PRP ] 're/VBP very/RB unhappy/JJ ./.",2/sw2486,137,220.22,1,sw05utt/sw_0533_2486.utt,"[ {C And, } +  {C and } ] [ then, + {F uh, } then  ] you're in the situation where you're very unhappy. /",89,"(S (EDITED (RM (-DFL- \[)) (CC And) (, ,) (IP (-DFL- \+))) (CC and) (RS (-DFL- \])) (EDITED (RM (-DFL- \[)) (ADVP (RB then)) (, ,) (IP (-DFL- \+))) (INTJ (UH uh)) (, ,) (ADVP (RB then)) (RS (-DFL- \])) (NP-SBJ (PRP you)) (VP (VBP 're) (PP-PRD (IN in) (NP (NP (DT the) (NN situation)) (SBAR (WHADVP-1 (WRB where)) (S (NP-SBJ (PRP you)) (VP (VBP 're) (ADJP-PRD (RB very) (JJ unhappy)) (ADVP-LOC (-NONE- *T*-1)))))))) (. .) (-DFL- E_S))",56
b,B,2486,223.89,[ Uh-huh/UH ] ./.,2/sw2486,115,223.73,1,sw05utt/sw_0533_2486.utt,Uh-huh.  /,90,(INTJ (UH Uh-huh) (. .) (-DFL- E_S)),57
sv,B,2486,233.57000000000002,"Well/UH  [ I/PRP ] feel/VBP like/IN too/RB ,/, on/IN  [ the/DT job/NN ] ,/, when/WRB ,/,  [ you/PRP ] know/VBP ,/,  [ there/EX ] [ 's/BES men/NNS ] around/RB and/CC  [ some/DT ] of/IN  [ the/DT managers/NNS ] are/VBP  [ men/NNS ] ,/,  [ you/PRP ] just/RB ,/,  [ you/PRP ] know/VBP ,/,  [ you/PRP ] do/VBP n't/RB want/VB  [ them/PRP ] looking/VBG at/IN  [ your/PRP$ legs/NNS ] necessarily/RB ./.",2/sw2486,140,225.55,2,sw05utt/sw_0533_2486.utt,"{D Well } I feel like too, on the job, when, {D you know, } there's men around and some of the managers are men, [ you just, + {D you know, } you  ] don't want them looking at your legs <laughter> necessarily. /",91,"(S (INTJ (UH Well)) (NP-SBJ (PRP I)) (VP (VBP feel) (SBAR (IN like) (S (ADVP (RB too)) (, ,) (PP (IN on) (NP (DT the) (NN job))) (, ,) (SBAR-TMP (WHADVP-1 (WRB when)) (PRN (, ,) (S (NP-SBJ (PRP you)) (VP (VBP know))) (, ,)) (S (S (NP-SBJ (EX there)) (VP (BES 's) (NP-PRD (NNS men)) (ADVP (RB around)))) (CC and) (S (NP-SBJ (NP (DT some)) (PP (IN of) (NP (DT the) (NNS managers)))) (VP (VBP are) (NP-PRD (NNS men)))) (ADVP-TMP (-NONE- *T*-1)))) (, ,) (EDITED (RM (-DFL- \[)) (S-UNF (NP-SBJ (PRP you)) (ADVP (RB just))) (, ,) (IP (-DFL- \+))) (PRN (S (NP-SBJ (PRP you)) (VP (VBP know))) (, ,)) (NP-SBJ (PRP you)) (RS (-DFL- \])) (VP (VBP do) (RB n't) (VP (VB want) (S (NP-SBJ (PRP them)) (VP (VBG looking) (PP (IN at) (NP (PRP$ your) (NNS legs))))) (ADVP (RB necessarily))))))) (. .) (-DFL- E_S))",57
aa,A,2486,234.3,[ That/DT ] 's/BES right/JJ ./.,2/sw2486,142,233.96,1,sw05utt/sw_0533_2486.utt,That's right. /,92,(S (NP-SBJ (DT That)) (VP (BES 's) (ADJP-PRD (JJ right))) (. .) (-DFL- E_S)),58
sd,B,2486,236.76999999999998,"And/CC ,/,  [ uh/UH ] ,/, to/IN  [ me/PRP ] [ I/PRP ] just/RB would/MD n't/RB feel/VB  [ comfortable/JJ ] in/IN  [ that/DT ] at/IN  [ work/NN ] ,/,",2/sw2486,144,234.33,1,sw05utt/sw_0533_2486.utt,"{C And, } {F uh, } to me I just wouldn't feel comfortable in that at work,  /",93,"(S (CC And) (, ,) (INTJ (UH uh)) (, ,) (PP (IN to) (NP (PRP me))) (NP-SBJ (PRP I)) (ADVP (RB just)) (VP (MD would) (RB n't) (VP (VB feel) (ADJP-PRD (JJ comfortable)) (PP (IN in) (NP (DT that))) (PP-LOC (IN at) (NP (NN work))))) (, ,) (-DFL- E_S))",59
%,B,2486,236.93,"but/CC ,/,  [ uh/UH ] ,/,",2/sw2486,145,236.77,2,sw05utt/sw_0533_2486.utt,"{C but, } {F uh, } -/",94,"(S-UNF (CC but) (, ,) (INTJ (UH uh)) (, ,) (-DFL- N_S))",59
sd,A,2486,242.91,"Well/UH ,/,  [ I/PRP ] ,/,  [ I/PRP ] ,/,  [ uh/UH ] ,/,  [ I/PRP ] have/VBP to/TO ,/,  [ uh/UH ] ,/, agree/VB with/IN  [ that/DT ] ,/, even/RB when/WRB  [ they/PRP ] was/VBD very/RB ,/, very/RB popular/JJ in/IN  [ the/DT early/JJ sixties/NNS ] ,/,",2/sw2486,147|||148,237.48,1,sw05utt/sw_0533_2486.utt,"{D Well, } [ [ I, + I, ] + {F uh, } I ] have to, {F uh, } agree with that, even when they was   very,  very  popular in the early sixties, /",95,"(S (INTJ (UH Well)) (, ,) (EDITED (RM (-DFL- \[)) (EDITED (RM (-DFL- \[)) (NP-SBJ (PRP I)) (, ,) (IP (-DFL- \+))) (NP-SBJ (PRP I)) (, ,) (RS (-DFL- \])) (IP (-DFL- \+))) (INTJ (UH uh)) (, ,) (NP-SBJ-1 (PRP I)) (RS (-DFL- \])) (VP (VBP have) (S (NP-SBJ (-NONE- *-1)) (VP (TO to) (, ,) (INTJ (UH uh)) (, ,) (VP (VB agree) (PP (IN with) (NP (DT that))))))) (, ,))|||(SBAR-TMP (ADVP (RB even)) (WHADVP-2 (WRB when)) (S (NP-SBJ (PRP they)) (VP (VBD was) (ADJP-PRD (RB very) (, ,) (RB very) (JJ popular)) (ADVP-TMP (-NONE- *T*-2)) (PP-TMP (IN in) (NP (DT the) (JJ early) (NNS sixties))))) (, ,) (-DFL- E_S))",60
b,B,2486,243.66000000000003,[ Uh-huh/UH ] ./.,2/sw2486,123,243.36,1,sw05utt/sw_0533_2486.utt,Uh-huh. /,96,(INTJ (UH Uh-huh) (. .) (-DFL- E_S)),61
%,A,2486,245.47,"[ uh/UH ] ,/,  [ I/PRP ] ,/,  [ uh/UH ] ,/,  [ uh/UH ] ,/,",2/sw2486,152,243.71,1,sw05utt/sw_0533_2486.utt,"{F uh, } I, {F uh, } {F uh, } - /",97,"(S-UNF (INTJ (UH uh)) (, ,) (NP-SBJ (PRP I)) (, ,) (INTJ (UH uh)) (, ,) (INTJ (UH uh)) (, ,) (-DFL- N_S))",62
sd,A,2486,250.95,"again/RB maybe/RB because/IN  [ I/PRP ] was/VBD at/IN  [ the/DT school/NN ] ,/,  [ there/EX ] were/VBD still/RB  [ many/JJ teachers/NNS ] [ who/WP ] wore/VBD  [ mini/JJ skirts/NNS ] ,/,",2/sw2486,153,245.47,2,sw05utt/sw_0533_2486.utt,"again maybe because I was at the school, there were still many teachers who wore mini skirts, /",98,"(FRAG (ADVP (RB again)) (ADVP (RB maybe)) (SBAR-PRP (IN because) (X (S (NP-SBJ (PRP I)) (VP (VBD was) (PP-LOC-PRD (IN at) (NP (DT the) (NN school)))))) (, ,) (S (NP-SBJ (EX there)) (VP (VBD were) (ADVP-TMP (RB still)) (NP-PRD (NP (JJ many) (NNS teachers)) (SBAR (WHNP-2 (WP who)) (S (NP-SBJ (-NONE- *T*-2)) (VP (VBD wore) (NP (JJ mini) (NNS skirts))))))))) (, ,) (-DFL- E_S))",62
b,B,2486,251.58,[ Uh-huh/UH ] ./.,2/sw2486,127,251.36,1,sw05utt/sw_0533_2486.utt,Uh-huh. /,99,(INTJ (UH Uh-huh) (. .) (-DFL- E_S)),63
sd,A,2486,253.59,"[ uh/UH ] ,/,  [ we/PRP ] had/VBD  [ no/DT regulation/NN ] against/IN  [ it/PRP ]",2/sw2486,157,251.63,1,sw05utt/sw_0533_2486.utt,"{F uh, } we had no regulation against it  /",100,"(S (INTJ (UH uh)) (, ,) (NP-SBJ (PRP we)) (VP (VBD had) (NP (NP (DT no) (NN regulation)) (PP (IN against) (NP (PRP it))))) (-DFL- E_S))",64
sd,A,2486,256.15,"and/CC  [ a/DT lot/NN ] of/IN  [ the/DT kids/NNS ] did/VBD of/IN  [ course/NN ] ,/,",2/sw2486,158,253.85,2,sw05utt/sw_0533_2486.utt,"{C and } a lot of the kids did of course,  /",101,"(S (CC and) (NP-SBJ (NP (DT a) (NN lot)) (PP (IN of) (NP (DT the) (NNS kids)))) (VP (VBD did) (PP (IN of) (NP (NN course)))) (, ,) (-DFL- E_S))",64
sd,A,2486,258.95000000000005,and/CC  [ it/PRP ] could/MD be/VB very/RB embarrassing/JJ for/IN  [ the/DT men/NNS teachers/NNS ] ./.,2/sw2486,159,256.15,3,sw05utt/sw_0533_2486.utt,{C and } it could be very embarrassing for the men teachers. /,102,(S (CC and) (NP-SBJ (PRP it)) (VP (MD could) (VP (VB be) (ADJP-PRD (RB very) (JJ embarrassing) (PP (IN for) (NP (DT the) (NNS men) (NNS teachers)))))) (. .) (-DFL- E_S)),64
b,B,2486,259.41999999999996,[ Right/UH ] ./.,2/sw2486,131,259.28,1,sw05utt/sw_0533_2486.utt,Right <laughter>. /,103,(INTJ (UH Right) (. .) (-DFL- E_S)),65
sd,A,2486,264.39,Because/IN  [ they/PRP ] were/VBD not/RB that/RB  [ careful/JJ ] in/IN how/WRB  [ they/PRP ] handled/VBD  [ themselves/PRP ] in/IN  [ those/DT mini/JJ ] skirts/NNS ./.,2/sw2486,163,259.93,1,sw05utt/sw_0533_2486.utt,{C Because } they were not that careful in how they handled themselves in those mini skirts. /,104,(SBAR-PRP (IN Because) (S (NP-SBJ (PRP they)) (VP (VBD were) (RB not) (ADJP-PRD (RB that) (JJ careful) (PP (IN in) (SBAR (WHADVP-1 (WRB how)) (S (NP-SBJ (PRP they)) (VP (VBD handled) (NP (PRP themselves)) (PP (IN in) (NP (DT those) (JJ mini) (NNS skirts))) (ADVP-MNR (-NONE- *T*-1))))))))) (. .) (-DFL- E_S)),66
b,B,2486,264.9,[ Right/UH ] ./.,2/sw2486,135,264.34,1,sw05utt/sw_0533_2486.utt,Right. /,105,(INTJ (UH Right) (. .) (-DFL- E_S)),67
sv,A,2486,274.63,"And/CC so/RB ,/,  [ I/PRP ] think/VBP ,/,  [ uh/UH ] ,/,  [ uh/UH ] ,/, of/IN  [ course/NN ] ,/, now/RB  [ I/PRP ] go/VBP  [ the/DT other/JJ extreme/NN ] ,/,  [ I/PRP ] do/VBP not/RB like/VB to/TO see/VB ,/, in/IN  [ the/DT corporate/JJ areas/NNS ] ,/,  [ uh/UH ] ,/,  [ all/PDT the/DT women/NNS ] dressed/VBN like/IN  [ men/NNS ] ,/,",2/sw2486,167,264.95,1,sw05utt/sw_0533_2486.utt,"{C And so, } I think, {F uh, } {F uh, } of course, now I go the other extreme,  I do not like to see, in the corporate areas, {F uh, } all the women dressed like men,",106,"(S (CONJP (CC And) (RB so)) (, ,) (NP-SBJ (PRP I)) (VP (VBP think) (, ,) (INTJ (UH uh)) (, ,) (INTJ (UH uh)) (PRN (, ,) (S (PP (IN of) (NP (NN course))) (, ,) (ADVP-TMP (RB now)) (NP-SBJ (PRP I)) (VP (VBP go) (NP-ADV (DT the) (JJ other) (NN extreme)))) (, ,)) (SBAR (-NONE- 0) (S (NP-SBJ-1 (PRP I)) (VP (VBP do) (RB not) (VP (VB like) (S (NP-SBJ (-NONE- *-1)) (VP (TO to) (VP (VB see) (, ,) (PP-LOC (IN in) (NP (DT the) (JJ corporate) (NNS areas))) (, ,) (INTJ (UH uh)) (, ,) (S (NP-SBJ-2 (PDT all) (DT the) (NNS women)) (VP (VBN dressed) (NP (-NONE- *-2)) (PP (IN like) (NP (NNS men))) (, ,) (PP (IN with) (NP (NP (DT the) (NNS suits)) (CC and) (, ,) (INTJ (UH uh)) (, ,) (NP (JJ white) (NNS shirts)) (CC and) (NP (NNS ties)) (CC and) (SBAR-ETC (WHNP-3 (WP what)) (SINV (VP (VB have) (NP (-NONE- *T*-3))) (NP-SBJ (PRP you)))))) (SBAR-PRP (IN so) (IN that) (S (NP-SBJ (NP (PRP they)) (NP (DT all))) (VP (VB look) (NP-PRD (RB exactly) (DT the) (JJ same))))))))))))))) (. .) (-DFL- E_S))",68
b,B,2486,275.12,[ Uh-huh/UH ] ./.,2/sw2486,139,274.82,1,sw05utt/sw_0533_2486.utt,Uh-huh. /,107,(INTJ (UH Uh-huh) (. .) (-DFL- E_S)),69
+,A,2486,282.15,"with/IN  [ the/DT suits/NNS ] and/CC ,/,  [ uh/UH ] ,/,  [ white/JJ shirts/NNS ] and/CC  [ ties/NNS ] and/CC  [ what/WP ] have/VB  [ you/PRP ] so/IN that/IN  [ they/PRP ] [ all/DT ] look/VB exactly/RB  [ the/DT same/JJ ] ./.",2/sw2486,167,275.17,1,sw05utt/sw_0533_2486.utt,"with the suits and, {F uh, } white shirts and ties and what have you so that they all look exactly the same. /",108,"(S (CONJP (CC And) (RB so)) (, ,) (NP-SBJ (PRP I)) (VP (VBP think) (, ,) (INTJ (UH uh)) (, ,) (INTJ (UH uh)) (PRN (, ,) (S (PP (IN of) (NP (NN course))) (, ,) (ADVP-TMP (RB now)) (NP-SBJ (PRP I)) (VP (VBP go) (NP-ADV (DT the) (JJ other) (NN extreme)))) (, ,)) (SBAR (-NONE- 0) (S (NP-SBJ-1 (PRP I)) (VP (VBP do) (RB not) (VP (VB like) (S (NP-SBJ (-NONE- *-1)) (VP (TO to) (VP (VB see) (, ,) (PP-LOC (IN in) (NP (DT the) (JJ corporate) (NNS areas))) (, ,) (INTJ (UH uh)) (, ,) (S (NP-SBJ-2 (PDT all) (DT the) (NNS women)) (VP (VBN dressed) (NP (-NONE- *-2)) (PP (IN like) (NP (NNS men))) (, ,) (PP (IN with) (NP (NP (DT the) (NNS suits)) (CC and) (, ,) (INTJ (UH uh)) (, ,) (NP (JJ white) (NNS shirts)) (CC and) (NP (NNS ties)) (CC and) (SBAR-ETC (WHNP-3 (WP what)) (SINV (VP (VB have) (NP (-NONE- *T*-3))) (NP-SBJ (PRP you)))))) (SBAR-PRP (IN so) (IN that) (S (NP-SBJ (NP (PRP they)) (NP (DT all))) (VP (VB look) (NP-PRD (RB exactly) (DT the) (JJ same))))))))))))))) (. .) (-DFL- E_S))",70
b,B,2486,283.0,[ Uh-huh/UH ] ./.,2/sw2486,150,282.82,1,sw05utt/sw_0533_2486.utt,Uh-huh. /,109,(INTJ (UH Uh-huh) (. .) (-DFL- E_S)),71
sd,A,2486,284.23,"[ Uh/UH ] ,/,  [ I/PRP ] do/VBP n't/RB like/VB  [ that/DT ] ,/,",2/sw2486,174,283.05,1,sw05utt/sw_0533_2486.utt,"{F Uh, } I don't like that,  /",110,"(S (INTJ (UH Uh)) (, ,) (NP-SBJ (PRP I)) (VP (VBP do) (RB n't) (VP (VB like) (NP (DT that)))) (, ,) (-DFL- E_S))",72
%,A,2486,284.65000000000003,"[ I/PRP ] do/VBP n't/RB ,/,",2/sw2486,175,284.23,2,sw05utt/sw_0533_2486.utt,"I don't, - /",111,"(S (NP-SBJ (PRP I)) (VP-UNF (VBP do) (RB n't)) (, ,) (-DFL- N_S))",72
sv,A,2486,286.57,[ I/PRP ] think/VBP  [ there/EX ] should/MD be/VB  [ individuality/NN ] in/IN  [ dressing/NN ] ./.,2/sw2486,176,284.65,3,sw05utt/sw_0533_2486.utt,I think there should be individuality in dressing. /,112,(S (NP-SBJ (PRP I)) (VP (VBP think) (SBAR (-NONE- 0) (S (NP-SBJ (EX there)) (VP (MD should) (VP (VB be) (NP-PRD (NN individuality)) (PP (IN in) (NP (NN dressing)))))))) (. .) (-DFL- E_S)),72
b,B,2486,286.96,[ Uh-huh/UH ] ./.,2/sw2486,150,286.62,1,sw05utt/sw_0533_2486.utt,Uh-huh.  /,113,(INTJ (UH Uh-huh) (. .) (-DFL- E_S)),73
sd,B,2486,295.97999999999996,"Even/RB with/IN  [ the/DT very/RB tailored/JJ look/NN ] of/IN  [ a/DT suit/NN ] ,/, sometimes/RB  [ I/PRP ] like/VBP to/TO have/VB  [ someth-/NN ] ,/,  [ a/DT lit/JJ ] ,/, just/RB  [ a/DT little/JJ ] [ something/NN ] [ that/WDT ] [ 's/BES feminine/JJ ] ./.",2/sw2486,179,288.96,2,sw05utt/sw_0533_2486.utt,"Even with the very tailored look of a suit, sometimes I like to have [ someth-, +  [ a lit-, + just a little ] something ] that's feminine. /",114,"(S (PP (ADVP (RB Even)) (IN with) (NP (NP (DT the) (ADJP (RB very) (JJ tailored)) (NN look)) (PP (IN of) (NP (DT a) (NN suit))))) (, ,) (ADVP-TMP (RB sometimes)) (NP-SBJ-1 (PRP I)) (VP (VBP like) (S (NP-SBJ (-NONE- *-1)) (VP (TO to) (VP (VB have) (EDITED (RM (-DFL- \[)) (NP-UNF (NN someth-)) (, ,) (IP (-DFL- \+))) (EDITED (RM (-DFL- \[)) (NP-UNF (DT a) (JJ lit-)) (, ,) (IP (-DFL- \+))) (NP (ADVP (RB just)) (NP (DT a) (JJ little) (RS (-DFL- \])) (NN something)) (RS (-DFL- \])) (SBAR (WHNP-2 (WDT that)) (S (NP-SBJ (-NONE- *T*-2)) (VP (BES 's) (ADJP-PRD (JJ feminine)))))))))) (. .) (-DFL- E_S))",73
aa,A,2486,296.21000000000004,Yes/UH ./.,2/sw2486,181,296.05,1,sw05utt/sw_0533_2486.utt,Yes. /,115,(INTJ (UH Yes) (. .) (-DFL- E_S)),74
%,B,2486,296.97999999999996,"Not/RB ,/,  [ you/PRP ] know/VBP ,/,",2/sw2486,183,296.46,1,sw05utt/sw_0533_2486.utt,"Not, {D you know, } - /",116,"(FRAG-UNF (RB Not) (PRN (, ,) (S (NP-SBJ (PRP you)) (VP (VBP know)))) (, ,) (-DFL- N_S))",75
sv,B,2486,301.38,"[ you/PRP ] do/VBP n't/RB want/VB to/TO over/GW do/^VB   [ it/PRP ] but/CC ,/, just/RB  [ a/DT little/JJ ] ,/,  [ a/DT touch/NN ] of/IN  [ it/PRP ] just/RB to/TO say/VB ,/, yes/UH ,/,  [ I/PRP ] am/VBP  [ a/DT woman/NN ] ,/,",2/sw2486,184|||185,296.98,2,sw05utt/sw_0533_2486.utt,"you don't want to over do it but, just a little, a touch of it just to say, yes, I am a woman, /",117,"(S (NP-SBJ-1 (PRP you)) (VP (VBP do) (RB n't) (VP (VB want) (S (NP-SBJ (-NONE- *-1)) (VP (TO to) (VP (TYPO (GW over) (^VB do)) (NP (PRP it))))))))|||(FRAG (CC but) (, ,) (NP (RB just) (DT a) (JJ little)) (, ,) (NP (NP (DT a) (NN touch)) (PP (IN of) (NP (PRP it)))) (S-PRP (NP-SBJ (-NONE- *)) (ADVP (RB just)) (VP (TO to) (VP (VB say) (, ,) (S-SEZ (INTJ (UH yes)) (, ,) (NP-SBJ (PRP I)) (VP (VBP am) (NP-PRD (DT a) (NN woman))))))) (, ,) (-DFL- E_S))",75
aa,A,2486,301.73,[ Right/UH ] ./.,2/sw2486,161,301.47,1,sw05utt/sw_0533_2486.utt,Right. /,118,(INTJ (UH Right) (. .) (-DFL- E_S)),76
sd,B,2486,303.64,but/CC  [ I/PRP ] can/MD be/VB professional/JJ too/RB ./.,2/sw2486,189,302.04,1,sw05utt/sw_0533_2486.utt,{C but } I can be professional too. /,119,(S (CC but) (NP-SBJ (PRP I)) (VP (MD can) (VP (VB be) (ADJP-PRD (JJ professional)) (ADVP (RB too)))) (. .) (-DFL- E_S)),77
sv,A,2486,309.90999999999997,"Well/UH ,/,  [ I/PRP ] ,/, and/CC  [ I/PRP ] do/VBP n't/RB think/VB that/IN  [ you/PRP ] have/VBP to/TO be/VB manish/JJ and/CC extremely/RB tailored/VBN to/TO ,/, to/TO look/VB  [ professional/JJ ] ./.",2/sw2486,191,303.79,1,sw05utt/sw_0533_2486.utt,"[ {D Well, }  I, + ] {C and } I ]  don't think that you have to be manish and extremely tailored [  to, + to  ] look professional. /",120,"(S (EDITED (RM (-DFL- \[)) (S-UNF (INTJ (UH Well)) (, ,) (NP-SBJ (PRP I))) (, ,) (IP (-DFL- \+)) (RS (-DFL- \]))) (CC and) (NP-SBJ (PRP I)) (RS (-DFL- \])) (VP (VBP do) (RB n't) (VP (VB think) (SBAR (IN that) (S (NP-SBJ-1 (PRP you)) (VP (VBP have) (S (NP-SBJ-2 (-NONE- *-1)) (VP (TO to) (VP (VB be) (ADJP-PRD (ADJP (TYPO (JJ manish))) (CC and) (ADJP (RB extremely) (VBN tailored))) (S-PRP (NP-SBJ (-NONE- *-2)) (EDITED (RM (-DFL- \[)) (VP-UNF (TO to)) (, ,) (IP (-DFL- \+))) (VP (TO to) (RS (-DFL- \])) (VP (VB look) (ADJP-PRD (JJ professional))))))))))))) (. .) (-DFL- E_S))",78
aa,B,2486,310.01,"Right/UH ,/,",2/sw2486,193,309.89,1,sw05utt/sw_0533_2486.utt,"Right,  /",121,"(INTJ (UH Right) (, ,) (-DFL- E_S))",79
b,B,2486,310.27,[ uh-huh/UH ] ./.,2/sw2486,194,310.07,2,sw05utt/sw_0533_2486.utt,uh-huh. /,122,(INTJ (UH uh-huh) (. .) (-DFL- E_S)),79
sv,A,2486,313.24,"[ I/PRP ] think/VBP that/IN  [ you/PRP ] ,/,  [ you/PRP ] make/VBP of/IN that/IN  [ what/WP ] [ you/PRP ] wish/VBP",2/sw2486,196,310.34,1,sw05utt/sw_0533_2486.utt,"I think that [ you, + you ] make of that what you wish  /",123,"(S (NP-SBJ (PRP I)) (VP (VBP think) (SBAR (IN that) (S (EDITED (RM (-DFL- \[)) (NP-SBJ (PRP you)) (, ,) (IP (-DFL- \+))) (NP-SBJ (PRP you)) (RS (-DFL- \])) (VP (VBP make) (PP (IN of) (NP (IN that))) (SBAR-NOM (WHNP-1 (WP what)) (S (NP-SBJ (PRP you)) (VP (VBP wish) (NP (-NONE- *T*-1))))))))) (-DFL- E_S))",80
sv,A,2486,325.8,"and/CC  [ you/PRP ] can/MD go/VB  [ the/DT opposite/JJ direction/NN ] and/CC ,/,  [ uh/UH ] ,/, over/GW do/^VB  [ all/PDT the/DT frills/NNS ] and/CC laces/NNS and/CC  [ flounces/NNS ] and/CC  [ what/WP ] have/VBP  [ you/PRP ] ,/,  [ which/WDT ] do/VBP n't/RB belong/VB in/IN  [ the/DT ] ,/, in/IN ,/, at/IN  [ least/JJS ] in/IN  [ my/PRP$ opinion/NN ] ,/, in/IN  [ the/DT work/NN place/NN ] ,/,",2/sw2486,197,313.24,2,sw05utt/sw_0533_2486.utt,"{C and } you can go the opposite direction and, {F uh, } over do   all the frills and laces and flounces and  what have you, which don't belong  [ in the, +  [ in, + at least in my opinion, in the  ] ] work place, /",124,"(S (CC and) (NP-SBJ (PRP you)) (VP (MD can) (VP (VP (VB go) (NP-ADV (DT the) (JJ opposite) (NN direction))) (CC and) (, ,) (INTJ (UH uh)) (, ,) (VP (TYPO (GW over) (^VB do)) (NP (NP (PDT all) (DT the) (NNS frills) (CC and) (NNS laces) (CC and) (NNS flounces)) (CC and) (SBARQ-NOM (WHNP-1 (WP what)) (SQ (VBP have) (NP-SBJ (PRP you)) (NP (-NONE- *T*-1)))) (, ,) (SBAR (WHNP-2 (WDT which)) (S (NP-SBJ (-NONE- *T*-2)) (VP (VBP do) (RB n't) (VP (VB belong) (EDITED (RM (-DFL- \[)) (PP-LOC (IN in) (NP-UNF (DT the))) (, ,) (IP (-DFL- \+))) (EDITED (RM (-DFL- \[)) (PP-LOC-UNF (IN in)) (, ,) (IP (-DFL- \+))) (PP (ADVP (IN at) (JJS least)) (IN in) (NP (PRP$ my) (NN opinion))) (, ,) (PP-LOC (IN in) (NP (DT the) (RS (-DFL- \])) (RS (-DFL- \])) (NN work) (NN place))))))))))) (, ,) (-DFL- E_S))",80
b,B,2486,326.46999999999997,[ Right/UH ] ./.,2/sw2486,187,326.15,1,sw05utt/sw_0533_2486.utt,Right. /,125,(INTJ (UH Right) (. .) (-DFL- E_S)),81
%,A,2486,327.4,"[ Uh/UH ] ,/, but/CC that/IN ,/, that/IN",2/sw2486,201,326.52,1,sw05utt/sw_0533_2486.utt,"{F Uh, } {C but } [ that, + that ] - /",126,"(S-UNF (INTJ (UH Uh)) (, ,) (CC but) (EDITED (RM (-DFL- \[)) (NP-SBJ (IN that)) (, ,) (IP (-DFL- \+))) (NP-SBJ (IN that)) (RS (-DFL- \])) (-DFL- N_S))",82
sv,A,2486,333.74,"[ you/PRP ] can/MD have/VB  [ a/DT classical/JJ look/NN ] without/IN  [ a/DT lot/NN ] of/IN ,/,  [ a/DT great/JJ deal/NN ] of/IN  [ adornment/NN ] and/CC  [ what/WP ] have/VBP  [ you/PRP ] and/CC still/RB be/VB very/RB feminine/JJ ./.",2/sw2486,202,327.4,2,sw05utt/sw_0533_2486.utt,"you can have a classical look without  [ a lot of, + a great deal of  ] adornment  and what have you and still be very feminine. /",127,"(S (NP-SBJ (PRP you)) (VP (MD can) (VP (VP (VB have) (NP (DT a) (JJ classical) (NN look)) (PP (IN without) (EDITED (RM (-DFL- \[)) (NP (NP (DT a) (NN lot)) (PP-UNF (IN of))) (, ,) (IP (-DFL- \+))) (NP (NP (DT a) (JJ great) (NN deal)) (PP (IN of) (RS (-DFL- \])) (NP (NP (NN adornment)) (CC and) (SBARQ-NOM (WHNP-1 (WP what)) (SQ (VBP have) (NP-SBJ (PRP you)) (NP (-NONE- *T*-1))))))))) (CC and) (VP (ADVP-TMP (RB still)) (VB be) (ADJP-PRD (RB very) (JJ feminine))))) (. .) (-DFL- E_S))",82
b,B,2486,333.81,[ Uh-huh/UH ] ./.,2/sw2486,172,333.69,1,sw05utt/sw_0533_2486.utt,Uh-huh. /,128,(INTJ (UH Uh-huh) (. .) (-DFL- E_S)),83
sd,A,2486,336.58,Because/IN  [ that/DT ] was/VBD  [ one/CD thing/NN ] [ I/PRP ] always/RB fought/VBD against/IN ./.,2/sw2486,206,334.1,1,sw05utt/sw_0533_2486.utt,{C Because } that was one thing I always fought against.  /,129,(SBAR-PRP (IN Because) (S (NP-SBJ (DT that)) (VP (VBD was) (NP-PRD (NP (CD one) (NN thing)) (SBAR (WHNP-1 (-NONE- 0)) (S (NP-SBJ (PRP I)) (ADVP-TMP (RB always)) (VP (VBD fought) (PP (IN against) (NP (-NONE- *T*-1))))))))) (. .) (-DFL- E_S)),84
sd,A,2486,339.16,[ I/PRP ] started/VBD out/RP as/IN  [ a/DT physical/JJ education/NN teacher/NN ] ./.,2/sw2486,207,336.94,2,sw05utt/sw_0533_2486.utt,I started out as a physical education teacher. /,130,(S (NP-SBJ (PRP I)) (VP (VBD started) (PRT (RP out)) (PP (IN as) (NP (DT a) (JJ physical) (NN education) (NN teacher)))) (. .) (-DFL- E_S)),84
b,B,2486,340.0,[ Uh-huh/UH ] ./.,2/sw2486,178,339.86,1,sw05utt/sw_0533_2486.utt,Uh-huh. /,131,(INTJ (UH Uh-huh) (. .) (-DFL- E_S)),85
sd,A,2486,345.14,"So/RB  [ I/PRP ] was/VBD always/RB fighting/VBG against/IN  [ the/DT idea/NN ] of/IN looking/VBG  [ tailored/JJ ] or/CC  [ manish/JJ ] ,/,",2/sw2486,211,340.06,1,sw05utt/sw_0533_2486.utt,"{C So } I was always fighting against the idea of looking tailored or manish, /",132,"(S (RB So) (NP-SBJ (PRP I)) (VP (VBD was) (ADVP-TMP (RB always)) (VP (VBG fighting) (PP (IN against) (NP (NP (DT the) (NN idea)) (PP (IN of) (S-NOM (NP-SBJ (-NONE- *)) (VP (VBG looking) (ADJP-PRD (JJ tailored) (CC or) (TYPO (JJ manish)))))))))) (, ,) (-DFL- E_S))",86
b,B,2486,345.58,[ Right/UH ] ./.,2/sw2486,187,345.2,1,sw05utt/sw_0533_2486.utt,Right. /,133,(INTJ (UH Right) (. .) (-DFL- E_S)),87
sd,A,2486,349.26,"[ uh/UH ] ,/, and/CC  [ people/NNS ] would/MD never/RB ,/, ever/RB guess/VB that/IN  [ I/PRP ] was/VBD  [ Phys/NN Ed/NN ]",2/sw2486,215,345.72,1,sw05utt/sw_0533_2486.utt,"{F uh, } {C and } people would never, ever guess that I was Phys Ed  /",134,"(S (INTJ (UH uh)) (, ,) (CC and) (NP-SBJ (NNS people)) (VP (MD would) (ADVP-TMP (RB never)) (, ,) (ADVP-TMP (RB ever)) (VP (VB guess) (SBAR (IN that) (S (NP-SBJ (PRP I)) (VP (VBD was) (NP-PRD (NN Phys) (NN Ed))))))) (-DFL- E_S))",88
sd,A,2486,351.58,"and/CC ,/, um/UH ,/, and/CC  [ that/DT ] pleased/VBD  [ me/PRP ] ,/,",2/sw2486,216,349.38,2,sw05utt/sw_0533_2486.utt,"[ {C and, } +  {F um, } {C and } ] that pleased me, /",135,"(S (EDITED (RM (-DFL- \[)) (CC and) (, ,) (IP (-DFL- \+))) (INTJ (UH um)) (, ,) (CC and) (RS (-DFL- \])) (NP-SBJ (DT that)) (VP (VBD pleased) (NP (PRP me))) (, ,) (-DFL- E_S))",88
b,B,2486,352.56,[ Uh-huh/UH ] ./.,2/sw2486,204,352.24,1,sw05utt/sw_0533_2486.utt,Uh-huh. /,136,(INTJ (UH Uh-huh) (. .) (-DFL- E_S)),89
sd,A,2486,360.34999999999997,"[ uh/UH ] ,/, and/CC so/UH ,/, then/RB  [ I/PRP ] ,/, of/IN  [ course/NN ] ,/, just/RB continued/VBD  [ what/WP ] [ I/PRP ] considered/VBD  [ the/DT best/JJS style/NN ] of/IN  [ clothing/NN ] for/IN  [ me/PRP ] at/IN  [ work/NN ]",2/sw2486,220,352.61,1,sw05utt/sw_0533_2486.utt,"{F uh, } {C and so, } then I, of course, just continued what I considered the best style of clothing for me at work  /",137,"(S (INTJ (UH uh)) (, ,) (CONJP (CC and) (UH so)) (, ,) (ADVP-TMP (RB then)) (NP-SBJ (PRP I)) (, ,) (PP (IN of) (NP (NN course))) (, ,) (ADVP (RB just)) (VP (VBD continued) (SBAR-NOM (WHNP-1 (WP what)) (S (NP-SBJ (PRP I)) (VP (VBD considered) (S (NP-SBJ (-NONE- *T*-1)) (NP-PRD (NP (DT the) (JJS best) (NN style)) (PP (IN of) (NP (NN clothing))) (PP (IN for) (NP (PRP me)))))))) (PP-LOC (IN at) (NP (NN work)))) (-DFL- E_S))",90
sd,A,2486,369.69,"and/CC ,/,  [ uh/UH ] ,/, and/CC  [ I/PRP ] find/VBP even/RB ,/, even/RB at/IN  [ home/NN ] here/RB now/RB ,/,  [ I/PRP ] ,/,  [ I/PRP ] will/MD wear/VB  [ blue/JJ jeans/NNS ] or/CC  [ I/PRP ] 'll/MD wear/VB  [ shorts/NNS ] and/CC  [ what/WP ] have/VBP  [ you/PRP ] ,/,  [ uh/UH ] ,/, and/CC be/VB very/RB comfortable/JJ",2/sw2486,221,360.83,2,sw05utt/sw_0533_2486.utt,"[ {C and, } +  {F uh, } {C and } ] I find [ even, + even  ] at home here now, [ I,  I  ] will wear blue jeans or I'll wear shorts and what have you, {F uh, }  and  be very comfortable  /",138,"(S (EDITED (RM (-DFL- \[)) (CC and) (, ,) (IP (-DFL- \+))) (INTJ (UH uh)) (, ,) (CC and) (RS (-DFL- \])) (NP-SBJ (PRP I)) (VP (VBP find) (SBAR (-NONE- 0) (S (S (EDITED (RM (-DFL- \[)) (ADVP (RB even)) (, ,) (IP (-DFL- \+))) (PP-LOC (ADVP (RB even)) (RS (-DFL- \])) (IN at) (NP (NN home))) (ADVP-LOC (RB here)) (ADVP-TMP (RB now)) (, ,) (EDITED (RM (-DFL- \[)) (NP-SBJ (PRP I))) (, ,) (NP-SBJ (PRP I)) (RS (-DFL- \])) (VP (MD will) (VP (VB wear) (NP (JJ blue) (NNS jeans))))) (CC or) (S (NP-SBJ (PRP I)) (VP (MD 'll) (VP (VP (VB wear) (NP (NP (NNS shorts)) (CC and) (SBARQ-NOM (WHNP-1 (WP what)) (SQ (VBP have) (NP-SBJ (PRP you)) (NP (-NONE- *T*-1)))))) (, ,) (INTJ (UH uh)) (, ,) (CC and) (VP (VB be) (ADJP-PRD (RB very) (JJ comfortable))))))))) (-DFL- E_S))",90
sd,A,2486,377.25,"but/CC when/WRB  [ I/PRP ] go/VBP out/RP somewhere/RB ,/, then/RB ,/,  [ uh/UH ] ,/, unless/IN  [ I/PRP ] have/VBP  [ a/DT pair/NN ] of/IN  [ dress/NN slacks/NNS ] ,/,  [ I/PRP ] do/VBP n't/RB usually/RB wear/VB  [ a/DT lot/NN ] of/IN  [ blue/JJ jeans/NNS ] ./.",2/sw2486,222,370.33,3,sw05utt/sw_0533_2486.utt,"{C but } when I go out somewhere, then, {F uh, } unless I have a pair of dress slacks, I don't usually wear a lot of blue jeans. /",139,"(S (CC but) (SBAR-TMP (WHADVP-1 (WRB when)) (S (NP-SBJ (PRP I)) (VP (VBP go) (PP-DIR (RP out) (ADVP (RB somewhere))) (ADVP-TMP (-NONE- *T*-1))))) (, ,) (ADVP-TMP (RB then)) (, ,) (INTJ (UH uh)) (, ,) (SBAR-ADV (IN unless) (S (NP-SBJ (PRP I)) (VP (VBP have) (NP (NP (DT a) (NN pair)) (PP (IN of) (NP (NN dress) (NNS slacks))))))) (, ,) (NP-SBJ (PRP I)) (VP (VBP do) (RB n't) (ADVP-TMP (RB usually)) (VP (VB wear) (NP (NP (DT a) (NN lot)) (PP (IN of) (NP (JJ blue) (NNS jeans)))))) (. .) (-DFL- E_S))",90
b,B,2486,377.66,[ Uh-huh/UH ] ./.,2/sw2486,204,377.48,1,sw05utt/sw_0533_2486.utt,Uh-huh. /,140,(INTJ (UH Uh-huh) (. .) (-DFL- E_S)),91
sd,A,2486,380.83,[ I/PRP ] have/VBP  [ difficulty/NN ] getting/VBG  [ them/PRP ] to/TO fit/VB  [ me/PRP ] comfortably/RB  [ any/GW ] how/^RB ./.,2/sw2486,226,377.71,1,sw05utt/sw_0533_2486.utt,I have difficulty getting them to fit me comfortably any how. /,141,(S (NP-SBJ-1 (PRP I)) (VP (VBP have) (NP (NP (NN difficulty)) (S-NOM (NP-SBJ (-NONE- *-1)) (VP (VBG getting) (S (NP-SBJ (PRP them)) (VP (TO to) (VP (VB fit) (NP (PRP me)) (ADVP-MNR (RB comfortably)))))))) (ADVP (TYPO (GW any) (^RB how)))) (. .) (-DFL- E_S)),92
b,B,2486,381.22,[ Uh-huh/UH ] ./.,2/sw2486,204,381.12,1,sw05utt/sw_0533_2486.utt,Uh-huh  <breathing>. /,142,(INTJ (UH Uh-huh) (. .) (-DFL- E_S)),93
sv,A,2486,389.43,"And/CC ,/, so/UH ,/,  [ uh/UH ] ,/,  [ uh/UH ] ,/,  [ I/PRP ] just/RB feel/VBP  [ that/DT ] ,/,  [ uh/UH ] ,/,  [ you/PRP ] know/VBP  [ each/DT person/NN ] has/VBZ to/TO dress/VB to/IN  [ their/PRP$ own/JJ liking/NN ] and/CC for/IN  [ their/PRP$ own/JJ comfort/NN ] ./.",2/sw2486,230,381.51,1,sw05utt/sw_0533_2486.utt,"{C And, so, } {F uh, } {F uh, } I just feel that, {F uh, } {D you know } each person has to dress to their own liking and for their own comfort. /",143,"(S (CONJP (CC And) (, ,) (UH so)) (, ,) (INTJ (UH uh)) (, ,) (INTJ (UH uh)) (, ,) (NP-SBJ (PRP I)) (ADVP (RB just)) (VP (VBP feel) (SBAR (DT that) (, ,) (INTJ (UH uh)) (PRN (, ,) (S (NP-SBJ (PRP you)) (VP (VBP know)))) (S (NP-SBJ-1 (DT each) (NN person)) (VP (VBZ has) (S (NP-SBJ (-NONE- *-1)) (VP (TO to) (VP (VB dress) (PP (PP (IN to) (NP (PRP$ their) (JJ own) (NN liking))) (CC and) (PP (IN for) (NP (PRP$ their) (JJ own) (NN comfort))))))))))) (. .) (-DFL- E_S))",94
b,B,2486,390.45,[ Uh-huh/UH ] ./.,2/sw2486,204,390.21,1,sw05utt/sw_0533_2486.utt,Uh-huh. /,144,(INTJ (UH Uh-huh) (. .) (-DFL- E_S)),95
sv,A,2486,397.65,"But/CC ,/,  [ uh/UH ] ,/,  [ there/EX ] are/VBP  [ certain/JJ norms/NNS ] that/WDT  [ companies/NNS ] should/MD be/VB able/JJ to/TO ,/,  [ uh/UH ] ,/, put/VBN out/RP as/IN  [ guidelines/NNS ] for/IN  [ their/PRP$ employees/NNS ] ./.",2/sw2486,234,390.65,1,sw05utt/sw_0533_2486.utt,"{C But, } {F uh, } there are certain norms that companies should be able to, {F uh, } put out as guidelines for their employees. /",145,"(S (CC But) (, ,) (INTJ (UH uh)) (, ,) (NP-SBJ (EX there)) (VP (VBP are) (NP-PRD (NP (JJ certain) (NNS norms)) (SBAR (WHNP-1 (WDT that)) (S (NP-SBJ (NNS companies)) (VP (MD should) (VP (VB be) (ADJP-PRD (JJ able) (S (NP-SBJ (-NONE- *)) (VP (TO to) (, ,) (INTJ (UH uh)) (, ,) (VP (VBN put) (NP (-NONE- *T*-1)) (PRT (RP out)) (PP (IN as) (NP (NP (NNS guidelines)) (PP (IN for) (NP (PRP$ their) (NNS employees))))))))))))))) (. .) (-DFL- E_S))",96
aa,B,2486,398.45,"Right/UH ,/,",2/sw2486,236,398.15,1,sw05utt/sw_0533_2486.utt,"Right,  /",146,"(INTJ (UH Right) (, ,) (-DFL- E_S))",97
sd,B,2486,403.39,"[ that/DT ] 's/BES  [ what/WP ] [ I/PRP ] ,/,  [ one/CD thing/NN ] [ I/PRP ] like/VBP about/IN  [ T/NNP I/NNP ] is/VBZ that/IN  [ they/PRP ] are/VBP n't/RB overly/RB strict/JJ about/IN  [ what/WP ] [ you/PRP ] wear/VBP",2/sw2486,237,398.45,2,sw05utt/sw_0533_2486.utt,"that's [ what I, + one thing I  ] like about T I is that they aren't overly strict about what you wear  /",147,"(S (S-SBJ (NP-SBJ (DT that)) (VP (BES 's) (EDITED (RM (-DFL- \[)) (SBAR-NOM-PRD (WHNP (WP what)) (S-UNF (NP-SBJ (PRP I)))) (, ,) (IP (-DFL- \+))) (NP-PRD (NP (CD one) (NN thing)) (SBAR (WHNP-2 (-NONE- 0)) (S (NP-SBJ (PRP I)) (RS (-DFL- \])) (VP (VBP like) (NP (-NONE- *T*-2)) (PP (IN about) (NP (NNP T) (NNP I))))))))) (VP (VBZ is) (SBAR-PRD (IN that) (S (NP-SBJ (PRP they)) (VP (VBP are) (RB n't) (ADJP-PRD (RB overly) (JJ strict) (PP (IN about) (SBAR-NOM (WHNP-3 (WP what)) (S (NP-SBJ (PRP you)) (VP (VBP wear) (NP (-NONE- *T*-3))))))))))) (-DFL- E_S))",97
sd,B,2486,408.59,"and/CC  [ they/PRP ] do/VBP n't/RB ,/,  [ you/PRP ] know/VBP ,/,  [ your/PRP$ boss/NN ] does/VBZ n't/RB come/VB up/IN to/IN  [ you/PRP ] and/CC say/VB now/RB remember/VB ,/, tomorrow/RB  [ you/PRP ] have/VBP  [ a/DT meeting/NN ] so/RB  [ you/PRP ] 'd/MD better/RB wear/VB  [ a/DT suit/NN ] ./.",2/sw2486,238|||239,403.39,3,sw05utt/sw_0533_2486.utt,"{C and } [ they don't, +  {D you know, }  your boss doesn't ] come up to you and say now remember, tomorrow you have a meeting so you'd better wear a suit. /",148,"(S (CC and) (EDITED (RM (-DFL- \[)) (S (NP-SBJ (PRP they)) (VP-UNF (VBP do) (RB n't))) (, ,) (IP (-DFL- \+))) (PRN (S (NP-SBJ (PRP you)) (VP (VBP know))) (, ,)) (NP-SBJ (PRP$ your) (NN boss)) (VP (VBZ does) (RB n't) (RS (-DFL- \])) (VP (VP (VB come) (PP-DIR (IN up) (PP (IN to) (NP (PRP you))))) (CC and) (VP (VB say) (S-SEZ (S-IMP (INTJ (RB now)) (NP-SBJ (-NONE- *)) (VP (VB remember))) (, ,) (S (NP-TMP (RB tomorrow)) (NP-SBJ (PRP you)) (VP (VBP have) (NP (DT a) (NN meeting)))))))))|||(S (RB so) (NP-SBJ (PRP you)) (VP (MD 'd) (ADVP (RB better)) (VP (VB wear) (NP (DT a) (NN suit)))) (. .) (-DFL- E_S))",97
x,A,2486,0.0,./.,2/sw2486.pos,,0.0,1,sw05utt/sw_0533_2486.utt,<Laughter>.,149,,98
sd,B,2486,411.41,"[ I/PRP ] mean/VBP ,/,  [ they/PRP ] ,/,  [ they/PRP ] leave/VBP  [ it/PRP ] up/IN to/IN  [ you/PRP ] and/CC  [ your/PRP$ judgment/NN ] to/TO ,/,",2/sw2486,242,408.59,1,sw05utt/sw_0533_2486.utt,"{E I mean, } [ they, + they ] leave it up to you and your judgment  [ to, +",150,"(S (PRN (S (NP-SBJ (PRP I)) (VP (VBP mean))) (, ,)) (EDITED (RM (-DFL- \[)) (NP-SBJ (PRP they)) (, ,) (IP (-DFL- \+))) (NP-SBJ (PRP they)) (RS (-DFL- \])) (VP (VBP leave) (NP (PRP it)) (PP (IN up) (PP (IN to) (NP (NP (PRP you)) (CC and) (NP (PRP$ your) (NN judgment))))) (S (NP-SBJ (-NONE- *)) (EDITED (RM (-DFL- \[)) (VP-UNF (TO to)) (, ,) (IP (-DFL- \+))) (VP (TO to) (RS (-DFL- \])) (VP (VP (VB use) (NP (JJ good) (NN judgment))) (CC and) (VP (VB dress) (ADVP-MNR (RB tastefully))) (CC and) (VP (VB dress) (PP (IN for) (SBAR-NOM (WHNP-1 (WDT whatever) (NN occasion)) (S (NP-SBJ (PRP you)) (VP (MD may) (VP (VB have) (NP (-NONE- *T*-1)))))))))))) (. .) (-DFL- E_S))",99
b,A,2486,411.71000000000004,[ Right/UH ] ./.,2/sw2486,244,411.47,1,sw05utt/sw_0533_2486.utt,Right. /,151,(INTJ (UH Right) (. .) (-DFL- E_S)),100
+,B,2486,416.15,to/TO use/VB  [ good/JJ judgment/NN ] and/CC  [ dress/VB ] tastefully/RB and/CC dress/VB for/IN  [ whatever/WDT occasion/NN ] [ you/PRP ] may/MD have/VB ./.,2/sw2486,242,411.65,1,sw05utt/sw_0533_2486.utt,to  ] use good judgment and dress tastefully and dress for whatever occasion you may have. /,152,"(S (PRN (S (NP-SBJ (PRP I)) (VP (VBP mean))) (, ,)) (EDITED (RM (-DFL- \[)) (NP-SBJ (PRP they)) (, ,) (IP (-DFL- \+))) (NP-SBJ (PRP they)) (RS (-DFL- \])) (VP (VBP leave) (NP (PRP it)) (PP (IN up) (PP (IN to) (NP (NP (PRP you)) (CC and) (NP (PRP$ your) (NN judgment))))) (S (NP-SBJ (-NONE- *)) (EDITED (RM (-DFL- \[)) (VP-UNF (TO to)) (, ,) (IP (-DFL- \+))) (VP (TO to) (RS (-DFL- \])) (VP (VP (VB use) (NP (JJ good) (NN judgment))) (CC and) (VP (VB dress) (ADVP-MNR (RB tastefully))) (CC and) (VP (VB dress) (PP (IN for) (SBAR-NOM (WHNP-1 (WDT whatever) (NN occasion)) (S (NP-SBJ (PRP you)) (VP (MD may) (VP (VB have) (NP (-NONE- *T*-1)))))))))))) (. .) (-DFL- E_S))",101
b,A,2486,416.31,Yes/UH ./.,2/sw2486,247,416.21,1,sw05utt/sw_0533_2486.utt,Yes. /,153,(INTJ (UH Yes) (. .) (-DFL- E_S)),102
sd,B,2486,425.71,"[ The/DT only/JJ real/JJ restrictions/NNS they/PRP ] have/VBP are/VBP ,/,  [ uh/UH ] ,/,  [ no/DT halter/NN tops/NNS ] and/CC  [ no/DT shorts/NNS ] ,/, even/RB  [ the/DT long/JJ ] walking/NN  [ short/NN ] of/IN  [ the/DT squirts/NNS ] ,/,  [ the/DT ] ,/,  [ the/DT split/JJ ] skirts/NNS ,/,",2/sw2486,249|||250,416.61,1,sw05utt/sw_0533_2486.utt,"The only real restrictions they have are, {F uh, } no halter tops and no shorts, even the long walking short of the squirts, [ the, + the ] split skirts,",154,"(S (NP-SBJ (NP (DT The) (JJ only) (JJ real) (NNS restrictions)) (SBAR (WHNP-1 (-NONE- 0)) (S (NP-SBJ (PRP they)) (VP (VBP have) (NP (-NONE- *T*-1)))))) (VP (VBP are) (, ,) (INTJ (UH uh)) (, ,) (NP-PRD (NP (DT no) (NN halter) (NNS tops)) (CC and) (NP (DT no) (NNS shorts)))) (, ,))|||(S (NP-TPC-4 (NP (NP (RB even) (DT the) (JJ long) (NN walking) (NN short)) (PP (IN of) (NP (DT the) (NNS squirts)))) (, ,) (EDITED (RM (-DFL- \[)) (NP-UNF (DT the)) (, ,) (IP (-DFL- \+))) (NP (DT the) (RS (-DFL- \])) (JJ split) (NNS skirts)) (, ,) (NP (NP (NN anything)) (SBAR (EDITED (RM (-DFL- \[)) (WHNP (WDT that)) (, ,) (IP (-DFL- \+))) (WHNP-2 (IN that)) (RS (-DFL- \])) (S (NP-SBJ-3 (-NONE- *T*-2)) (VP (MD could) (VP (VB be) (VP (VBN considered) (S (NP-SBJ (-NONE- *-3)) (NP-PRD (NNS shorts)))))))))) (NP-SBJ (PRP they)) (VP (VBP do) (RB n't) (VP (VB allow) (NP (-NONE- *T*-4)))) (. .) (-DFL- E_S))",103
b,A,2486,426.13,Yes/UH ./.,2/sw2486,247,425.77,1,sw05utt/sw_0533_2486.utt,Yes. /,155,(INTJ (UH Yes) (. .) (-DFL- E_S)),104
+,B,2486,429.40999999999997,"[ anything/NN ] [ that/WDT ] ,/, that/IN could/MD be/VB considered/VBN  [ shorts/NNS they/PRP ] do/VBP n't/RB allow/VB ./.",2/sw2486,250,426.39,1,sw05utt/sw_0533_2486.utt,"anything [ that, + that ] could be considered shorts they don't allow. /",156,"(S (NP-TPC-4 (NP (NP (RB even) (DT the) (JJ long) (NN walking) (NN short)) (PP (IN of) (NP (DT the) (NNS squirts)))) (, ,) (EDITED (RM (-DFL- \[)) (NP-UNF (DT the)) (, ,) (IP (-DFL- \+))) (NP (DT the) (RS (-DFL- \])) (JJ split) (NNS skirts)) (, ,) (NP (NP (NN anything)) (SBAR (EDITED (RM (-DFL- \[)) (WHNP (WDT that)) (, ,) (IP (-DFL- \+))) (WHNP-2 (IN that)) (RS (-DFL- \])) (S (NP-SBJ-3 (-NONE- *T*-2)) (VP (MD could) (VP (VB be) (VP (VBN considered) (S (NP-SBJ (-NONE- *-3)) (NP-PRD (NNS shorts)))))))))) (NP-SBJ (PRP they)) (VP (VBP do) (RB n't) (VP (VB allow) (NP (-NONE- *T*-4)))) (. .) (-DFL- E_S))",105
ba,A,2486,429.90999999999997,[ That/DT ] 's/BES good/JJ ./.,2/sw2486,255,429.55,1,sw05utt/sw_0533_2486.utt,That's good. /,157,(S (NP-SBJ (DT That)) (VP (BES 's) (ADJP-PRD (JJ good))) (. .) (-DFL- E_S)),106
sd,B,2486,436.69,"And/CC  [ they/PRP ] do/VBP n't/RB allow/VB ,/,  [ uh/UH ] ,/,  [ any/DT sweat/NN ] ,/,  [ any/DT sweat/NN shirts/NNS ] or/CC  [ t/NN shirts/NNS ] [ that/WDT ] might/MD have/VB  [ vulgar/JJ ] ,/, or/CC ,/,  [ you/PRP ] know/VBP ,/,  [ anything/NN ] like/IN  [ that/DT ] on/IN  [ it/PRP ] ,/,",2/sw2486,257,429.85,1,sw05utt/sw_0533_2486.utt,"{C And } they don't allow, {F uh, } [ any sweat, + any sweat  ] shirts or t shirts that might have vulgar, or, {D you know, } anything like that on it,  /",158,"(S (CC And) (NP-SBJ (PRP they)) (VP (VBP do) (RB n't) (VP (VB allow) (, ,) (INTJ (UH uh)) (, ,) (EDITED (RM (-DFL- \[)) (NP-UNF (DT any) (NN sweat)) (, ,) (IP (-DFL- \+))) (NP (NP (DT any) (NN sweat) (RS (-DFL- \])) (NNS shirts) (CC or) (NN t) (NNS shirts)) (SBAR (WHNP-1 (WDT that)) (S (NP-SBJ (-NONE- *T*-1)) (VP (MD might) (VP (VB have) (NP (NP-UNF (JJ vulgar)) (, ,) (CC or) (PRN (, ,) (S (NP-SBJ (PRP you)) (VP (VBP know))) (, ,)) (NP (NP (NN anything)) (PP (IN like) (NP (DT that))))) (PP-LOC (IN on) (NP (PRP it)))))))))) (, ,) (-DFL- E_S))",107
sd,B,2486,436.79,"but/CC ,/,",2/sw2486,258,436.69,2,sw05utt/sw_0533_2486.utt,"{C but, }",159,"(S (CC but) (, ,) (ADVP (JJ other) (PP (IN than) (NP (DT that)))) (, ,) (NP-SBJ (PRP it)) (VP (BES 's) (EDITED (RM (-DFL- \[)) (ADJP-PRD-UNF (RB pretty)) (, ,) (IP (-DFL- \+))) (ADVP-PRD (RB pretty) (RS (-DFL- \])) (JJ lax))) (-DFL- E_S))",107
b,A,2486,436.97,"Yeah/UH ,/,",2/sw2486,260,436.85,1,sw05utt/sw_0533_2486.utt,"Yeah,  /",160,"(INTJ (UH Yeah) (, ,) (-DFL- E_S))",108
b,A,2486,437.55,[ uh-huh/UH ] ./.,2/sw2486,261,437.41,2,sw05utt/sw_0533_2486.utt,uh-huh. /,161,(INTJ (UH uh-huh) (. .) (-DFL- E_S)),108
+,B,2486,439.75,"[ other/JJ ] than/IN  [ that/DT ] ,/,  [ it/PRP ] 's/BES pretty/RB ,/, pretty/RB lax/JJ",2/sw2486,258,437.49,1,sw05utt/sw_0533_2486.utt,"other than that, it's [ pretty, + pretty ] lax  /",162,"(S (CC but) (, ,) (ADVP (JJ other) (PP (IN than) (NP (DT that)))) (, ,) (NP-SBJ (PRP it)) (VP (BES 's) (EDITED (RM (-DFL- \[)) (ADJP-PRD-UNF (RB pretty)) (, ,) (IP (-DFL- \+))) (ADVP-PRD (RB pretty) (RS (-DFL- \])) (JJ lax))) (-DFL- E_S))",109
sv,B,2486,442.57,and/CC  [ I/PRP ] think/VBP  [ that/DT ] 's/BES good/JJ because/IN  [ it/PRP ] does/VBZ allow/VB  [ people/NNS ] to/TO be/VB individual/JJ,2/sw2486,263,439.75,2,sw05utt/sw_0533_2486.utt,{C and } I think that's good because it does allow people to be individual  /,163,(S (CC and) (NP-SBJ (PRP I)) (VP (VBP think) (SBAR (-NONE- 0) (S (NP-SBJ (DT that)) (VP (BES 's) (ADJP-PRD (JJ good)) (SBAR-PRP (IN because) (S (NP-SBJ (PRP it)) (VP (VBZ does) (VP (VB allow) (S (NP-SBJ (NNS people)) (VP (TO to) (VP (VB be) (ADJP-PRD (JJ individual))))))))))))) (-DFL- E_S)),109
sv,B,2486,446.10999999999996,and/CC  [ it/PRP ] allows/VBZ  [ you/PRP ] to/TO  [ kind/RB ] of/RB  [ dress/NN ] [ the/DT way/NN ] [ you/PRP ] feel/VBP  [ that/DT day/NN ] ./.,2/sw2486,264,442.57,3,sw05utt/sw_0533_2486.utt,{C and } it allows you to kind of dress the way you feel that day. /,164,(S (CC and) (NP-SBJ (PRP it)) (VP (VBZ allows) (S (NP-SBJ (PRP you)) (VP (TO to) (ADVP (RB kind) (RB of)) (VP (NN dress) (NP-MNR (NP (DT the) (NN way)) (SBAR (WHADVP-1 (-NONE- 0)) (S (NP-SBJ (PRP you)) (VP (VBP feel) (ADVP-MNR (-NONE- *T*-1)) (NP-TMP (DT that) (NN day)))))))))) (. .) (-DFL- E_S)),109
b,A,2486,446.55,Yes/UH ./.,2/sw2486,247,446.17,1,sw05utt/sw_0533_2486.utt,Yes. /,165,(INTJ (UH Yes) (. .) (-DFL- E_S)),110
sv,B,2486,448.59,"Or/CC ,/,  [ you/PRP ] know/VBP ,/, if/IN  [ you/PRP ] want/VBP to/TO be/VB comfortable/JJ and/CC  [ casual/JJ you/PRP ] can/MD ,/,",2/sw2486,268,446.49,1,sw05utt/sw_0533_2486.utt,"{C Or, } {D you know, } if you want to be comfortable and casual you can,  /",166,"(S (CC Or) (PRN (, ,) (S (NP-SBJ (PRP you)) (VP (VBP know))) (, ,)) (SBAR-ADV (IN if) (S (NP-SBJ-1 (PRP you)) (VP (VBP want) (S (NP-SBJ (-NONE- *-1)) (VP (TO to) (VP (VB be) (ADJP-PRD (JJ comfortable) (CC and) (JJ casual)))))))) (NP-SBJ (PRP you)) (VP (MD can) (VP (-NONE- *?*))) (, ,) (-DFL- E_S))",111
sv@,B,2486,454.97,"and/CC sometimes/RB  [ I/PRP ] think/VBP  [ you/PRP ] may/MD be/VB more/RBR productive/JJ if/IN  [ you/PRP ] 're/VBP comfortable/JJ with/IN  [ what/WP ] [ you/PRP 're/VBP ] wearing/VBG and/CC can/MD be/VB ,/, be/VB ,/, feel/VB more/RBR relaxed/JJ ./.",2/sw2486,269,448.59,2,sw05utt/sw_0533_2486.utt,"{C and } sometimes I think you may be more productive if you're comfortable with what your wearing and can [ [ be, + be, ] + feel ] more relaxed.    *[[slash needed]]",167,"(S (CC and) (ADVP-TMP (RB sometimes)) (NP-SBJ (PRP I)) (VP (VBP think) (SBAR (-NONE- 0) (S (NP-SBJ (PRP you)) (VP (MD may) (VP (VB be) (ADJP-PRD (RBR more) (JJ productive)) (SBAR-ADV (IN if) (S (NP-SBJ (PRP you)) (VP (VP (VBP 're) (ADJP-PRD (JJ comfortable) (PP (IN with) (SBAR-NOM (WHNP-1 (WP what)) (S (NP-SBJ (PRP you)) (VP (VBP 're) (VP (VBG wearing) (NP (-NONE- *T*-1))))))))) (CC and) (VP (MD can) (EDITED (RM (-DFL- \[)) (EDITED (RM (-DFL- \[)) (VP-UNF (VB be)) (, ,) (IP (-DFL- \+))) (VP-UNF (VB be)) (, ,) (RS (-DFL- \])) (IP (-DFL- \+))) (VP (VB feel) (RS (-DFL- \])) (ADJP-PRD (RBR more) (JJ relaxed)))))))))))) (. .))",111
b,A,2486,455.27,[ Right/UH ] ./.,2/sw2486,244,455.03,1,sw05utt/sw_0533_2486.utt,Right. /,168,(INTJ (UH Right) (. .) (-DFL- E_S)),112
+,B,2486,464.25,"Whereas/IN ,/,  [ uh/UH ] ,/, sometimes/RB when/WRB you/PRP 're/VBP in/IN   [ the/DT suit/NN ] and/CC  [ feel/VBP ] ,/,  [ kind/RB ] of/RB almost/RB stiff/JJ and/CC  [ you/PRP ] 're/VBP not/RB ,/,  [ you/PRP ] know/VBP ,/, maybe/RB  [ you/PRP ] do/VBP n't/RB ,/,  [ uh/UH ] ,/, ca/MD n't/RB get/VB as/RB comfortable/JJ to/TO sit/VB down/RP",2/sw2486,270,455.21,1,sw05utt/sw_0533_2486.utt,"Whereas, {F uh, } sometimes when your in the suit and feel, kind of almost stiff and [ you're not, + {D you know, } maybe you [ don't, + {F uh, } can't ] ] get as comfortable to sit down  /  *[[sv]]",169,"(SBAR-ADV (IN Whereas) (, ,) (INTJ (UH uh)) (, ,) (S-UNF (ADVP-TMP (RB sometimes)) (SBAR-TMP (WHADVP-1 (WRB when)) (S (S (NP-SBJ (PRP you)) (VP (VP (VBP 're) (PP-LOC-PRD (IN in) (NP (DT the) (NN suit)))) (CC and) (VP (VBP feel) (, ,) (ADVP (RB kind) (RB of)) (ADJP-PRD (RB almost) (JJ stiff))))) (CC and) (S (EDITED (RM (-DFL- \[)) (S (NP-SBJ (PRP you)) (VP-UNF (VBP 're) (RB not))) (, ,) (IP (-DFL- \+))) (PRN (S (NP-SBJ (PRP you)) (VP (VBP know))) (, ,)) (ADVP (RB maybe)) (NP-SBJ-2 (PRP you)) (EDITED (RM (-DFL- \[)) (VP-UNF (VBP do) (RB n't)) (, ,) (IP (-DFL- \+))) (INTJ (UH uh)) (, ,) (VP (MD ca) (RB n't) (RS (-DFL- \])) (RS (-DFL- \])) (VP (VB get) (ADJP-PRD (RB as) (JJ comfortable)) (S-PRP (NP-SBJ (-NONE- *-2)) (VP (TO to) (VP (VB sit) (ADVP (RP down)))))))) (ADVP-TMP (-NONE- *T*-1))))) (-DFL- E_S))",113
sv,B,2486,470.77,"and/CC ,/,  [ you/PRP ] know/VBP ,/, like/IN when/WRB  [ I/PRP ] 'm/VBP writing/VBG  [ training/NN material/NN ] ,/,  [ I/PRP ] prefer/VBP to/TO be/VB more/RBR comfortable/JJ unless/IN  [ I/PRP ] know/VBP  [ I/PRP ] have/VBP to/TO meet/VB with/IN  [ a/DT customer/NN ] later/RB during/IN  [ the/DT day/NN ] ./.",2/sw2486,274,464.25,2,sw05utt/sw_0533_2486.utt,"{C and, } {D you know, } {D like } when I'm writing training material, I prefer to be more comfortable unless I know I have to meet with a customer later during the day. /",170,"(S (CC and) (PRN (, ,) (S (NP-SBJ (PRP you)) (VP (VBP know))) (, ,)) (INTJ (UH like)) (SBAR-TMP (WHADVP-1 (WRB when)) (S (NP-SBJ (PRP I)) (VP (VBP 'm) (VP (VBG writing) (NP (NN training) (NN material)) (ADVP-TMP (-NONE- *T*-1)))))) (, ,) (NP-SBJ-2 (PRP I)) (VP (VBP prefer) (S (NP-SBJ (-NONE- *-2)) (VP (TO to) (VP (VB be) (ADJP-PRD (RBR more) (JJ comfortable)) (SBAR-ADV (IN unless) (S (NP-SBJ (PRP I)) (VP (VBP know) (SBAR (-NONE- 0) (S (NP-SBJ-3 (PRP I)) (VP (VBP have) (S (NP-SBJ (-NONE- *-3)) (VP (TO to) (VP (VB meet) (PP (IN with) (NP (DT a) (NN customer))) (ADVP-TMP (RB later)) (PP-TMP (IN during) (NP (DT the) (NN day)))))))))))))))) (. .) (-DFL- E_S))",113
b,A,2486,471.15000000000003,"Right/UH ,/,",2/sw2486,276,470.85,1,sw05utt/sw_0533_2486.utt,"Right,  /",171,"(INTJ (UH Right) (, ,) (-DFL- E_S))",114
b^r,A,2486,471.96999999999997,right/UH ./.,2/sw2486,277,471.63,2,sw05utt/sw_0533_2486.utt,right. /,172,(INTJ (UH right) (. .) (-DFL- E_S)),114
sv,B,2486,474.39000000000004,"So/UH ,/,  [ that/DT ] 's/BES  [ I/PRP ] think/VBP ,/,  [ that/DT ] is/VBZ good/JJ that/IN  [ they/PRP ] 're/VBP like/IN  [ that/DT ] ./.",2/sw2486,279,471.91,1,sw05utt/sw_0533_2486.utt,"{C So, } [ that's + I think, that is ] good that they're like that.  /",173,"(S (RB So) (, ,) (EDITED (RM (-DFL- \[)) (S (NP-SBJ (DT that)) (VP-UNF (BES 's))) (IP (-DFL- \+))) (NP-SBJ (PRP I)) (VP (VBP think) (, ,) (SBAR (-NONE- 0) (S (NP-SBJ (DT that)) (VP (VBZ is) (RS (-DFL- \])) (ADJP-PRD (JJ good)) (SBAR-TPC (IN that) (S (NP-SBJ (PRP they)) (VP (VBP 're) (PP-PRD (IN like) (NP (DT that)))))))))) (. .) (-DFL- E_S))",115
sv,B,2486,479.01,[ I/PRP ] do/VBP know/VB  [ there/EX ] 's/BES  [ a/DT lot/NN ] of/IN  [ companies/NNS ] [ that/WDT ] are/VBP very/RB strict/JJ about/IN  [ what/WP ] [ the/DT employees/NNS ] wear/VBP,2/sw2486,280,474.39,2,sw05utt/sw_0533_2486.utt,I do know there's a lot of companies that are very strict about what the employees wear  /,174,(S (NP-SBJ (PRP I)) (VP (VBP do) (VP (VB know) (SBAR (-NONE- 0) (S (NP-SBJ (EX there)) (VP (BES 's) (NP-PRD (NP (DT a) (NN lot)) (PP (IN of) (NP (NP (NNS companies)) (SBAR (WHNP-1 (WDT that)) (S (NP-SBJ (-NONE- *T*-1)) (VP (VBP are) (ADJP-PRD (RB very) (JJ strict) (PP (IN about) (SBAR-NOM (WHNP-2 (WP what)) (S (NP-SBJ (DT the) (NNS employees)) (VP (VBP wear) (NP (-NONE- *T*-2)))))))))))))))))) (-DFL- E_S)),115
sv,B,2486,483.13,"and/CC  [ they/PRP ] must/MD wear/VB  [ blue/NN ] or/CC  [ gray/NN ] or/CC  [ black/NN ] and/CC  [ a/DT white/JJ shirt/NN ] and/CC ,/,",2/sw2486,281,479.01,3,sw05utt/sw_0533_2486.utt,"{C and } they must wear blue or gray  or  black  and  a white shirt and,",175,"(S (CC and) (NP-SBJ (PRP they)) (VP (MD must) (VP (VB wear) (NP (NP (NN blue) (CC or) (NN gray) (CC or) (NN black)) (CC and) (NP (DT a) (JJ white) (NN shirt)) (CC and) (PRN (, ,) (S (NP-SBJ (PRP you)) (VP (VBP know))) (, ,)) (NP (DT no) (NN variation))))) (, ,) (-DFL- E_S))",115
b,A,2486,483.49,Yeah/UH ./.,2/sw2486,283,483.19,1,sw05utt/sw_0533_2486.utt,Yeah. /,176,(INTJ (UH Yeah) (. .) (-DFL- E_S)),116
+,B,2486,484.63,"[ you/PRP ] know/VBP ,/,  [ no/DT variation/NN ] ,/,",2/sw2486,281,483.45,1,sw05utt/sw_0533_2486.utt,"{D you know, } no variation,  /",177,"(S (CC and) (NP-SBJ (PRP they)) (VP (MD must) (VP (VB wear) (NP (NP (NN blue) (CC or) (NN gray) (CC or) (NN black)) (CC and) (NP (DT a) (JJ white) (NN shirt)) (CC and) (PRN (, ,) (S (NP-SBJ (PRP you)) (VP (VBP know))) (, ,)) (NP (DT no) (NN variation))))) (, ,) (-DFL- E_S))",117
sv,B,2486,486.83,"and/CC  [ I/PRP ] do/VBP n't/RB ,/,  [ I/PRP ] do/VBP n't/RB quite/RB agree/VB with/IN  [ that/DT ] ./.",2/sw2486,285,484.63,2,sw05utt/sw_0533_2486.utt,"{C and } [ I don't, + I don't ] quite agree with that. /",178,"(S (CC and) (EDITED (RM (-DFL- \[)) (S (NP-SBJ (PRP I)) (VP-UNF (VBP do) (RB n't))) (, ,) (IP (-DFL- \+))) (NP-SBJ (PRP I)) (VP (VBP do) (RB n't) (RS (-DFL- \])) (ADVP (RB quite)) (VP (VB agree) (PP (IN with) (NP (DT that))))) (. .) (-DFL- E_S))",117
aa,A,2486,487.25,"Yeah/UH ,/,",2/sw2486,260,487.11,1,sw05utt/sw_0533_2486.utt,"Yeah,  /",179,"(INTJ (UH Yeah) (, ,) (-DFL- E_S))",118
sd,A,2486,488.60999999999996,"well/UH ,/,  [ I/PRP ] do/VBP n't/RB either/RB ./.",2/sw2486,288,487.25,2,sw05utt/sw_0533_2486.utt,"well, I don't either.  /",180,"(S (INTJ (UH well)) (, ,) (NP-SBJ (PRP I)) (VP (VBP do) (RB n't) (ADVP (RB either))) (. .) (-DFL- E_S))",118
sd,A,2486,491.27,[ Fortunately/RB I/PRP ] do/VBP n't/RB have/VB to/TO work/VB in/IN  [ those/DT companies/NNS ] ./.,2/sw2486,289,488.61,3,sw05utt/sw_0533_2486.utt,Fortunately I don't have to work in those companies <laughter>. /,181,(S (ADVP (RB Fortunately)) (NP-SBJ-1 (PRP I)) (VP (VBP do) (RB n't) (VP (VB have) (S (NP-SBJ (-NONE- *-1)) (VP (TO to) (VP (VB work) (PP-LOC (IN in) (NP (DT those) (NNS companies)))))))) (. .) (-DFL- E_S)),118
aa,B,2486,491.77,[ Right/UH ] ./.,2/sw2486,272,491.33,1,sw05utt/sw_0533_2486.utt,Right. /,182,(INTJ (UH Right) (. .) (-DFL- E_S)),119
sd,A,2486,500.4,"But/CC ,/,  [ uh/UH ] ,/,  [ I/PRP ] ,/,  [ I/PRP ] ,/,  [ uh/UH ] ,/, did/VBD have/VB  [ a/DT group/NN ] come/VB over/RP from/IN  [ one/CD ] of/IN  [ the/DT banks/NNS ] ,/, over/IN  [ the/DT children/NNS 's/POS hospital/NN ] where/WRB  [ I/PRP ] was/VBD volunteering/VBG",2/sw2486,293,492.89,1,sw05utt/sw_0533_2486.utt,"{C But, } {F uh, } [ I, + I, ] {F uh, } did have a group come over from one of the banks, over the children's hospital where I was volunteering  /",183,"(S (CC But) (, ,) (INTJ (UH uh)) (, ,) (EDITED (RM (-DFL- \[)) (NP-SBJ (PRP I)) (, ,) (IP (-DFL- \+))) (NP-SBJ (PRP I)) (, ,) (RS (-DFL- \])) (INTJ (UH uh)) (, ,) (VP (VBD did) (VP (VB have) (S (NP-SBJ (DT a) (NN group)) (VP (VB come) (PP-DIR (RP over) (PP (IN from) (NP (NP (CD one)) (PP (IN of) (NP (NP (DT the) (NNS banks)) (, ,) (PP-LOC (IN over) (NP (NP (NP (DT the) (NNS children) (POS 's)) (NN hospital)) (SBAR (WHADVP-1 (WRB where)) (S (NP-SBJ (PRP I)) (VP (VBD was) (VP (VBG volunteering) (ADVP-LOC (-NONE- *T*-1))))))))))))))))) (-DFL- E_S))",120
sd,A,2486,503.78000000000003,"and/CC ,/,  [ uh/UH ] ,/,  [ they/PRP ] were/VBD doing/VBG  [ a/DT presentation/NN ]",2/sw2486,294,500.92,2,sw05utt/sw_0533_2486.utt,"{C and, } {F uh, } they were doing a presentation  /",184,"(S (CC and) (, ,) (INTJ (UH uh)) (, ,) (NP-SBJ (PRP they)) (VP (VBD were) (VP (VBG doing) (NP (DT a) (NN presentation)))) (-DFL- E_S))",120
sd,A,2486,510.41999999999996,"and/CC  [ every/DT one/CD ] of/IN  [ the/DT young/JJ execs/NNS ] coming/VBG up/RP were/VBD dressed/VBN exactly/RB  [ a/GW like/^RB ] ,/,  [ men/NNS ] and/CC  [ women/NNS ] ./.",2/sw2486,295,503.96,3,sw05utt/sw_0533_2486.utt,"{C and } every one of the young execs coming up were dressed exactly  a   like,   men and women.  /",185,"(S (CC and) (NP-SBJ-1 (NP (NP (DT every) (CD one)) (PP (IN of) (NP (DT the) (JJ young) (NNS execs))) (VP (VBG coming) (PRT (RP up)))) (NP (-NONE- *ICH*-2))) (VP (VBD were) (VP (VBN dressed) (NP (-NONE- *-1)) (ADVP-MNR (RB exactly) (TYPO (GW a) (^RB like))) (, ,) (NP-2 (NNS men) (CC and) (NNS women)))) (. .) (-DFL- E_S))",120
sd,A,2486,518.69,"[ They/PRP ] [ all/DT ] had/VBD on/RP  [ the/DT gray/JJ jackets/NNS ] and/CC  [ the/DT gray/JJ trousers/NNS ] or/CC  [ sla-/NNS ] ,/, or/CC  [ skirts/NNS ] and/CC  [ the/DT white/JJ blouses/NNS ] and/CC  [ the/DT same/JJ color/NN tie/NN ] ./.",2/sw2486,296,511.0,4,sw05utt/sw_0533_2486.utt,"They all had on the gray jackets and the gray trousers [ or sla-, +  or skirts ] and the white blouses and the same color tie.  /",186,"(S (NP-SBJ (NP (PRP They)) (NP (DT all))) (VP (VBD had) (PRT (RP on)) (NP (NP (DT the) (JJ gray) (NNS jackets)) (CC and) (NP (NP (DT the) (JJ gray) (NNS trousers)) (EDITED (RM (-DFL- \[)) (CC or) (NP-UNF (NNS sla-)) (, ,) (IP (-DFL- \+))) (CC or) (NP (NP (NNS skirts)) (RS (-DFL- \])) (CC and) (NP (DT the) (JJ white) (NNS blouses)))) (CC and) (NP (DT the) (JJ same) (NN color) (NN tie)))) (. .) (-DFL- E_S))",120
sd@,A,2486,522.67,[ I/PRP ] mean/VBP  [ you/PRP ] could/MD hardly/RB tell/VB  [ the/DT women/NNS ] from/IN  [ the/DT men/NNS ] except/IN for/IN  [ the/DT lengths/NNS ] of/IN  [ the/DT pants/NNS ] ./.,2/sw2486,297,518.69,5,sw05utt/sw_0533_2486.utt,{E I mean } you could hardly tell the women from the men except for the lengths of the pants.    *[[need slash]],187,(S (PRN (S (NP-SBJ (PRP I)) (VP (VBP mean)))) (NP-SBJ (PRP you)) (VP (MD could) (ADVP (RB hardly)) (VP (VB tell) (NP (DT the) (NNS women)) (PP (IN from) (NP (DT the) (NNS men))) (PP (IN except) (PP (IN for) (NP (NP (DT the) (NNS lengths)) (PP (IN of) (NP (DT the) (NNS pants)))))))) (. .)),120
b,B,2486,523.38,"[ Uh/UH ] ,/, right/UH ./.",2/sw2486,301,523.0,1,sw05utt/sw_0533_2486.utt,"{F Uh, } right. /",188,"(INTJ (INTJ (UH Uh)) (, ,) (INTJ (UH right)) (. .) (-DFL- E_S))",121
+,A,2486,525.47,And/CC  [ one/NN ] was/VBD  [ a/DT skirt/NN ] and/CC  [ one/NN ] was/VBD  [ a/DT pant/NN ] ./.,2/sw2486,298|||299,523.47,1,sw05utt/sw_0533_2486.utt,{C And } one was a skirt and one was a pant. /  *[[sd]],189,(S (CC And) (NP-SBJ (NN one)) (VP (VBD was) (NP-PRD (DT a) (NN skirt))))|||(S (CC and) (NP-SBJ (NN one)) (VP (VBD was) (NP-PRD (DT a) (NN pant))) (. .) (-DFL- E_S)),122
b,B,2486,525.9599999999999,Yeah/UH ./.,2/sw2486,283,525.66,1,sw05utt/sw_0533_2486.utt,Yeah. /,190,(INTJ (UH Yeah) (. .) (-DFL- E_S)),123
sv,A,2486,530.13,"And/CC ,/,  [ uh/UH ] ,/, and/CC  [ I/PRP ] think/VBP  [ that/DT ] 's/BES sad/JJ because/IN  [ that/DT ] does/VBZ n't/RB allow/VB for/IN  [ any/DT individuality/NN ] ./.",2/sw2486,306,526.05,1,sw05utt/sw_0533_2486.utt,"[ {C And, } +  {F uh, } {C and } ] I think that's sad because that doesn't allow for any individuality. /",191,"(S (EDITED (RM (-DFL- \[)) (CC And) (, ,) (IP (-DFL- \+))) (INTJ (UH uh)) (, ,) (CC and) (RS (-DFL- \])) (NP-SBJ (PRP I)) (VP (VBP think) (SBAR (-NONE- 0) (S (NP-SBJ (DT that)) (VP (BES 's) (ADJP-PRD (JJ sad)) (SBAR-PRP (IN because) (S (NP-SBJ (DT that)) (VP (VBZ does) (RB n't) (VP (VB allow) (PP (IN for) (NP (DT any) (NN individuality))))))))))) (. .) (-DFL- E_S))",124
b,B,2486,530.98,[ Uh-huh/UH ] ./.,2/sw2486,308,530.84,1,sw05utt/sw_0533_2486.utt,Uh-huh. /,192,(INTJ (UH Uh-huh) (. .) (-DFL- E_S)),125
sv,A,2486,,"[ That/DT ] 's/BES ,/,  [ uh/UH ] ,/, can/MD stifle/VB  [ creativity/NN ] ./.",2/sw2486,310,,1,sw05utt/sw_0533_2486.utt,"That [ 's, +  {F uh, } can ] stifle creativity. /",193,"(S (NP-SBJ (DT That)) (X (BES 's)) (, ,) (INTJ (UH uh)) (, ,) (VP (MD can) (VP (VB stifle) (NP (NN creativity)))) (. .) (-DFL- E_S))",126
aa,B,2486,,"[ Right/UH ] ,/,",2/sw2486,312,,1,sw05utt/sw_0533_2486.utt,"Right,  /",194,"(INTJ (UH Right) (, ,) (-DFL- E_S))",127
aa,B,2486,,[ I/PRP ] agree/VBP ./.,2/sw2486,313,,2,sw05utt/sw_0533_2486.utt,I  agree. /,195,(S (NP-SBJ (PRP I)) (VP (VBP agree)) (. .) (-DFL- E_S)),127
%,A,2486,,So/UH ./.,2/sw2486,315,,1,sw05utt/sw_0533_2486.utt,{D So. } /,196,(INTJ (UH So) (. .) (-DFL- E_S)),128
%,B,2486,,"Well/UH ,/,  [ it/PRP ] ,/,",2/sw2486,317,,1,sw05utt/sw_0533_2486.utt,"{D Well, } it, - /",197,"(S-UNF (INTJ (UH Well)) (, ,) (NP-SBJ (PRP it)) (, ,) (-DFL- N_S))",129
sv^t,B,2486,,[ I/PRP ] guess/VBP  [ we/PRP ] 've/VBP talked/VBN probably/RB long/RB enough/RB ./.,2/sw2486,318,,2,sw05utt/sw_0533_2486.utt,I guess we've talked probably long enough. /,198,(S (NP-SBJ (PRP I)) (VP (VBP guess) (SBAR (-NONE- 0) (S (NP-SBJ (PRP we)) (VP (VBP 've) (VP (VBN talked) (ADVP (RB probably)) (ADVP-TMP (RB long) (RB enough))))))) (. .) (-DFL- E_S)),129
sv^t,A,2486,,"[ I/PRP ] guess/VBP so/RB ,/,",2/sw2486,320,,1,sw05utt/sw_0533_2486.utt,"I guess so,  /",199,"(S (NP-SBJ (PRP I)) (VP (VBP guess) (ADVP (RB so))) (, ,) (-DFL- E_S))",130
fc,A,2486,,well/UH  [ it/PRP ] 's/HVS been/VBN  [ nice/JJ ] talking/VBG with/IN  [ you/PRP ] ./.,2/sw2486,321,,2,sw05utt/sw_0533_2486.utt,{D well } it's been nice talking with you. /,200,(S (INTJ (UH well)) (NP-SBJ (NP (PRP it)) (S (-NONE- *EXP*-1))) (VP (HVS 's) (VP (VBN been) (ADJP-PRD (JJ nice)) (S-1 (NP-SBJ (-NONE- *)) (VP (VBG talking) (PP (IN with) (NP (PRP you))))))) (. .) (-DFL- E_S)),130
fc,B,2486,,"[ Nice/JJ ] talking/VBG to/IN  [ you/PRP ] too/RB ,/,",2/sw2486,323,,1,sw05utt/sw_0533_2486.utt,"Nice talking to you too,  /",201,"(FRAG (ADJP-PRD (JJ Nice)) (S (NP-SBJ (-NONE- *)) (VP (VBG talking) (PP (IN to) (NP (PRP you))))) (ADVP (RB too)) (, ,) (-DFL- E_S))",131
fc,B,2486,,[ I/PRP ] enjoyed/VBD  [ it/PRP ] ./.,2/sw2486,324,,2,sw05utt/sw_0533_2486.utt,I enjoyed it. /,202,(S (NP-SBJ (PRP I)) (VP (VBD enjoyed) (NP (PRP it))) (. .) (-DFL- E_S)),131
fc,A,2486,,"[ Uh-huh/UH ] ,/,",2/sw2486,326,,1,sw05utt/sw_0533_2486.utt,"# Uh-huh,  /",203,"(INTJ (UH Uh-huh) (, ,) (-DFL- E_S))",132
fc,A,2486,,"[ bye/UH ] ,/,  [ bye/UH ] ./.",2/sw2486,327,,2,sw05utt/sw_0533_2486.utt,"bye, bye. # /",204,"(INTJ (INTJ (UH bye)) (, ,) (INTJ (UH bye)) (. .) (-DFL- E_S))",132
fc,B,2486,,"[ Bye/UH ] ,/,  [ bye/UH ] ./.",2/sw2486,329,,1,sw05utt/sw_0533_2486.utt,"# Bye, bye. # /",205,"(INTJ (INTJ (UH Bye)) (, ,) (INTJ (UH bye)) (. .) (-DFL- E_S))",133
