swda_filename,ptb_basename,conversation_no,transcript_index,act_tag,caller,utterance_index,subutterance_index,text,pos,trees,ptb_treenumbers,start_ts,end_ts
sw07utt/sw_0746_2448.utt,2/sw2448,2448,0,sd,A,1,1,"{D Okay } Charles, {F uh, }  gun control,  /","Okay/UH Charles/NNP ,/, uh/UH ,/, gun/NN control/NN ,/,",,,1.0,3.16
sw07utt/sw_0746_2448.utt,2/sw2448,2448,1,qr,A,1,2,"what are you, {F uh, } [ for, + in favor ] or no comment? /","what/WP are/VBP you/PRP ,/, uh/UH ,/, for/RB ,/, in/IN favor/NN or/CC no/DT comment/NN ?/.",,,3.96,7.42
sw07utt/sw_0746_2448.utt,2/sw2448,2448,2,sd,B,2,1,I'm very much in favor of gun control. /,I/PRP 'm/VBP very/RB much/RB in/IN favor/NN of/IN gun/NN control/NN ./.,,,7.84,9.540000000000001
sw07utt/sw_0746_2448.utt,2/sw2448,2448,3,qy^d,A,3,1,"{F Oh, } you are? /","Oh/UH ,/, you/PRP are/VBP ?/.",,,9.86,10.48
sw07utt/sw_0746_2448.utt,2/sw2448,2448,4,ny,B,4,1,Yes  /,Yes/UH,,,10.44,10.639999999999999
sw07utt/sw_0746_2448.utt,2/sw2448,2448,5,na,B,4,2,I am. /,I/PRP am/VBP ./.,,,10.64,10.88
sw07utt/sw_0746_2448.utt,2/sw2448,2448,6,sv,A,5,1,"{D Well, } this should be very interesting,","Well/UH ,/, this/DT should/MD be/VB very/RB interesting/JJ ,/,",,,11.44,12.68
sw07utt/sw_0746_2448.utt,2/sw2448,2448,7,x,B,6,1,<Laughter>.,,,,0.0,0.0
sw07utt/sw_0746_2448.utt,2/sw2448,2448,8,+,A,7,1,because I'm against it. /,because/IN I/PRP 'm/VBP against/IN it/PRP ./.,,,12.68,13.639999999999999
sw07utt/sw_0746_2448.utt,2/sw2448,2448,9,sd,B,8,1,"[ I don't, + I don't ] mind people owning guns,  /","I/PRP do/VBP n't/RB ,/, I/PRP do/VBP n't/RB mind/VB people/NNS owning/VBG guns/NNS ,/,",,,13.96,16.48
sw07utt/sw_0746_2448.utt,2/sw2448,2448,10,sv,B,8,2,"I just think it should be [ [ a little, + {D you know, } a  little, ] + a little ] more regulated. /","I/PRP just/RB think/VBP it/PRP should/MD be/VB a/DT little/JJ ,/, you/PRP know/VBP ,/, a/DT little/JJ ,/, a/DT little/RB more/RBR regulated/JJ ./.",,,16.48,19.72
sw07utt/sw_0746_2448.utt,2/sw2448,2448,11,sd,A,9,1,"{D Well, } {D you know, } {F uh, } now [ he-, + here's ]  something that, {F uh, } first occurred to me when they started having all these problems  with these automatic, {F uh, } weapons. /","Well/UH ,/, you/PRP know/VBP ,/, uh/UH ,/, now/RB he-/RB ,/, here/RB 's/BES something/NN that/WDT ,/, uh/UH ,/, first/RB occurred/VBD to/IN me/PRP when/WRB they/PRP started/VBD having/VBG all/PDT these/DT problems/NNS with/IN these/DT automatic/NN ,/, uh/UH ,/, weapons/NNS ./.",,,21.44,29.36
sw07utt/sw_0746_2448.utt,2/sw2448,2448,12,b,B,10,1,Yes. /,Yes/UH ./.,,,29.3,29.62
sw07utt/sw_0746_2448.utt,2/sw2448,2448,13,sd,A,11,1,"{F Uh, } now there always has been a federal law against fully automatic weapons. /","Uh/UH ,/, now/RB there/EX always/RB has/VBZ been/VBN a/DT federal/JJ law/NN against/IN fully/RB automatic/JJ weapons/NNS ./.",,,30.72,36.48
sw07utt/sw_0746_2448.utt,2/sw2448,2448,14,sd,B,12,1,"I believe that's correct,  /","I/PRP believe/VBP that/DT 's/BES correct/JJ ,/,",,,36.44,37.28
sw07utt/sw_0746_2448.utt,2/sw2448,2448,15,b,B,12,2,uh-huh. /,uh-huh/UH ./.,,,37.28,37.5
sw07utt/sw_0746_2448.utt,2/sw2448,2448,16,sv,A,13,1,"{C And, } yet, [ their, + ] {F uh, }  the gun control enthusiasts [ are, + are, ] {F uh, } preaching about the gun control and how [ they should be, +   we should ] have stronger laws and  what not. /","And/CC ,/, yet/RB ,/, they/PRP 're/VBP ,/, uh/UH ,/, the/DT gun/NN control/NN enthusiasts/NNS are/VBP ,/, are/VBP ,/, uh/UH ,/, preaching/NN about/IN the/DT gun/NN control/NN and/CC how/WRB they/PRP should/MD be/VB ,/, we/PRP should/MD have/VB stronger/JJR laws/NNS and/CC what/WP not/RB ./.",,,37.96,46.489999999999995
sw07utt/sw_0746_2448.utt,2/sw2448,2448,17,b,B,14,1,Uh-huh. /,Uh-huh/UH ./.,,,46.44,46.739999999999995
sw07utt/sw_0746_2448.utt,2/sw2448,2448,18,sd,A,15,1,I don't understand why we don't enforce the laws we have. /,I/PRP do/VBP n't/RB understand/VB why/WRB we/PRP do/VBP n't/RB enforce/VB the/DT laws/NNS we/PRP have/VBP ./.,,,47.73,52.43000000000001
sw07utt/sw_0746_2448.utt,2/sw2448,2448,19,sv,B,16,1,"That would certainly help,  /","That/DT would/MD certainly/RB help/VB ,/,",,,52.94,53.879999999999995
sw07utt/sw_0746_2448.utt,2/sw2448,2448,20,sv,B,16,2,I'm sure. /,I/PRP 'm/VBP sure/JJ ./.,,,53.88,54.32
sw07utt/sw_0746_2448.utt,2/sw2448,2448,21,sd,A,17,1,"Now this is not just a state law,  /","Now/RB this/DT is/VBZ not/RB just/RB a/DT state/NN law/NN ,/,",,,55.25,57.13
sw07utt/sw_0746_2448.utt,2/sw2448,2448,22,sd,A,17,2,"this is a federal law,","this/DT is/VBZ a/DT federal/JJ law/NN ,/,",,,57.13,58.11
sw07utt/sw_0746_2448.utt,2/sw2448,2448,23,b,B,18,1,Uh-huh. /,Uh-huh/UH ./.,,,58.06,58.18
sw07utt/sw_0746_2448.utt,2/sw2448,2448,24,+,A,19,1,controlled by the Treasury Department.,controlled/VBN by/IN the/DT Treasury/NNP Department/NNP ./.,,,58.23,59.99
sw07utt/sw_0746_2448.utt,2/sw2448,2448,25,b,B,20,1,Yep. /,Yep/UH ./.,,,60.06,60.260000000000005
sw07utt/sw_0746_2448.utt,2/sw2448,2448,26,+,A,21,1,"{F Uh, } for fully automatic weapons. /","Uh/UH ,/, for/IN fully/RB automatic/JJ weapons/NNS ./.",,,61.25,62.93
sw07utt/sw_0746_2448.utt,2/sw2448,2448,27,b,B,22,1,Uh-huh. /,Uh-huh/UH ./.,,,63.3,63.419999999999995
sw07utt/sw_0746_2448.utt,2/sw2448,2448,28,sd,A,23,1,"{C And, } {F uh, } {D all right, }  now for instance,","And/CC ,/, uh/UH ,/, all/RB right/JJ ,/, now/RB for/IN instance/NN ,/,",,,63.47,65.33
sw07utt/sw_0746_2448.utt,2/sw2448,2448,29,x,B,24,1,<Breathing>.,,,,0.0,0.0
sw07utt/sw_0746_2448.utt,2/sw2448,2448,30,+,A,25,1,"in California where they passed the {F uh, } {F uh, }  semiautomatic -- -/","in/IN California/NNP where/WRB they/PRP passed/VBD the/DT uh/UH ,/, uh/UH ,/, semiautomatic/JJ --/:",,,65.33,70.11
sw07utt/sw_0746_2448.utt,2/sw2448,2448,31,b,B,26,1,Uh-huh. /,Uh-huh/UH ./.,,,70.92,71.22
sw07utt/sw_0746_2448.utt,2/sw2448,2448,32,t1,A,27,1,"-- [ {C or, } + {C or, } ] {F uh, } now what was it they called them?  /","--/: or/CC ,/, or/CC ,/, uh/UH ,/, now/RB what/WP was/VBD it/PRP they/PRP called/VBD them/PRP ?/.",,,71.27,73.03
sw07utt/sw_0746_2448.utt,2/sw2448,2448,33,qy^d,A,27,2,"The military version, attack weapons,","The/DT military/NN version/NN ,/, attack/NN weapons/NNS ,/,",,,74.11,76.67
sw07utt/sw_0746_2448.utt,2/sw2448,2448,34,ny,B,28,1,"Yeah,  /","Yeah/UH ,/,",,,76.64,76.98
sw07utt/sw_0746_2448.utt,2/sw2448,2448,35,na,B,28,2,"right,  /","right/UH ,/,",,,77.06,77.32000000000001
sw07utt/sw_0746_2448.utt,2/sw2448,2448,36,ny,B,28,3,uh-huh. /,uh-huh/UH ./.,,,77.5,77.76
sw07utt/sw_0746_2448.utt,2/sw2448,2448,37,+,A,29,1,or something?  /,or/CC something/NN ?/.,,,78.39,78.97
sw07utt/sw_0746_2448.utt,2/sw2448,2448,38,qw,A,29,2,"{F Uh, } [ h-, + how ]  is that going to affect the, {F uh, } sports weapons?  {E I mean, } rifles,","Uh/UH ,/, h/WRB ,/, how/WRB is/VBZ that/DT going/VBG to/TO affect/VB the/DT ,/, uh/UH ,/, sports/NNS weapons/NNS ?/. I/PRP mean/VBP ,/, rifles/NNS ,/,",,,79.83,84.57000000000001
sw07utt/sw_0746_2448.utt,2/sw2448,2448,39,b,B,30,1,Uh-huh. /,Uh-huh/UH ./.,,,84.81,84.99000000000001
sw07utt/sw_0746_2448.utt,2/sw2448,2448,40,+,A,31,1,that are automatic or semiautomatic? /,that/WDT are/VBP automatic/JJ or/CC semiautomatic/JJ ?/.,,,85.05,87.33000000000001
sw07utt/sw_0746_2448.utt,2/sw2448,2448,41,b,B,32,1,Yep.  /,Yep/UH ./.,,,87.27,87.47
sw07utt/sw_0746_2448.utt,2/sw2448,2448,42,sd,B,32,2,"I really don't have any problem, Jack,  with, {D you know, } {F uh, } people using firearms for sporting  purposes.  /","I/PRP really/RB do/VBP n't/RB have/VB any/DT problem/NN ,/, Jack/NNP ,/, with/IN ,/, you/PRP know/VBP ,/, uh/UH ,/, people/NNS using/VBG firearms/NNS for/IN sporting/NN purposes/NNS ./.",,,88.19,93.19
sw07utt/sw_0746_2448.utt,2/sw2448,2448,43,sd^r,B,32,3,"I don't have any problem,  /","I/PRP do/VBP n't/RB have/VB any/DT problem/NN ,/,",,,93.19,93.99
sw07utt/sw_0746_2448.utt,2/sw2448,2448,44,sd,B,32,4,"the only thing  I, - /","the/DT only/JJ thing/NN I/PRP ,/,",,,94.29,94.79
sw07utt/sw_0746_2448.utt,2/sw2448,2448,45,sd,B,32,5,I am in favor of the seven-day waiting period.  /,I/PRP am/VBP in/IN favor/NN of/IN the/DT seven-day/JJ waiting/NN period/NN ./.,,,94.89,97.11
sw07utt/sw_0746_2448.utt,2/sw2448,2448,46,sd,B,32,6,"I would like to [  see that, + see that ] happen.  /","I/PRP would/MD like/VB to/TO see/VB that/DT ,/, see/VB that/DT happen/VB ./.",,,97.11,99.01
sw07utt/sw_0746_2448.utt,2/sw2448,2448,47,%,B,32,7,"I, -/","I/PRP ,/,",,,99.89,100.07000000000001
sw07utt/sw_0746_2448.utt,2/sw2448,2448,48,aa,A,33,1,"Uh-huh,  /","Uh-huh/UH ,/,",,,100.13,100.57
sw07utt/sw_0746_2448.utt,2/sw2448,2448,49,sd,A,33,2,"{D well, } now, {F uh, } I've got to admit I'm inclined to agree with you there --","well/UH ,/, now/RB ,/, uh/UH ,/, I/PRP 've/VBP got/VBN to/TO admit/VB I/PRP 'm/VBP inclined/JJ to/TO agree/VB with/IN you/PRP there/RB --/:",,,100.67,104.65
sw07utt/sw_0746_2448.utt,2/sw2448,2448,50,b,B,34,1,Uh-huh. /,Uh-huh/UH ./.,,,105.43,105.57000000000001
sw07utt/sw_0746_2448.utt,2/sw2448,2448,51,+,A,35,1,"-- {F uh, } even though I am a member of the N R A, /","--/: uh/UH ,/, even/RB though/IN I/PRP am/VBP a/DT member/NN of/IN the/DT N/NNP R/NNP A/NNP ,/,",,,105.63,107.47000000000001
sw07utt/sw_0746_2448.utt,2/sw2448,2448,52,b,B,36,1,Uh-huh. /,Uh-huh/UH ./.,,,107.49,107.78999999999999
sw07utt/sw_0746_2448.utt,2/sw2448,2448,53,sd,A,37,1,"{C and } [ [ they are again-, + they, ] + their ]  reason being that {D well, } if you let one little law get through,  pretty soon one's going to stack up on top of another,","and/CC they/PRP are/VBP again-/RB ,/, they/PRP ,/, their/PRP$ reason/NN being/VBG that/IN well/UH ,/, if/IN you/PRP let/VBP one/CD little/JJ law/NN get/VB through/RB ,/, pretty/RB soon/RB one/CD 's/BES going/VBG to/TO stack/VB up/RP on/IN top/NN of/IN another/DT ,/,",,,108.05,114.30999999999999
sw07utt/sw_0746_2448.utt,2/sw2448,2448,54,b,B,38,1,Right. /,Right/UH ./.,,,114.25,114.37
sw07utt/sw_0746_2448.utt,2/sw2448,2448,55,+,A,39,1,and so forth and so on. /,and/CC so/RB forth/RB and/CC so/RB on/RB ./.,,,114.43,115.71
sw07utt/sw_0746_2448.utt,2/sw2448,2448,56,aa,B,40,1,"Yeah,  /","Yeah/UH ,/,",,,115.65,115.81
sw07utt/sw_0746_2448.utt,2/sw2448,2448,57,sd,B,40,2,I understand that. /,I/PRP understand/VBP that/DT ./.,,,115.91,116.63000000000001
sw07utt/sw_0746_2448.utt,2/sw2448,2448,58,ad,A,41,1,{C And } you've got to admit that Congress does kind of look at things that way. /,And/CC you/PRP 've/VBP got/VBN to/TO admit/VB that/IN Congress/NNP does/VBZ kind/RB of/RB look/VB at/IN things/NNS that/DT way/NN ./.,,,116.97,120.67
sw07utt/sw_0746_2448.utt,2/sw2448,2448,59,aa,B,42,1,"Uh-huh,  /","Uh-huh/UH ,/,",,,120.61,120.77
sw07utt/sw_0746_2448.utt,2/sw2448,2448,60,aa,B,42,2,that's true.  /,that/DT 's/BES true/JJ ./.,,,120.99,121.45
sw07utt/sw_0746_2448.utt,2/sw2448,2448,61,sd,B,42,3,"[ [ I, + I, ] + like I ]  say, I don't have any problem with people using firearms, {D you know, }  for sporting purposes or hunting purposes,  /","I/PRP ,/, I/PRP ,/, like/IN I/PRP say/VBP ,/, I/PRP do/VBP n't/RB have/VB any/DT problem/NN with/IN people/NNS using/VBG firearms/NNS ,/, you/PRP know/VBP ,/, for/IN sporting/NN purposes/NNS or/CC hunting/NN purposes/NNS ,/,",,,121.59,126.86999999999999
sw07utt/sw_0746_2448.utt,2/sw2448,2448,62,sd,B,42,4,"I just think it's just may be a little too easy  {D you know, } to acquire one.","I/PRP just/RB think/VBP it/PRP 's/BES just/RB may/MD be/VB a/DT little/JJ too/RB easy/JJ you/PRP know/VBP ,/, to/TO acquire/VB one/CD ./.",,,127.35,131.15
sw07utt/sw_0746_2448.utt,2/sw2448,2448,63,%,A,43,1,"{F Uh, } /","Uh/UH ,/,",,,132.47,132.65
sw07utt/sw_0746_2448.utt,2/sw2448,2448,64,+,B,44,1,"# [ On, + on ] a whim of some sort. # /","On/IN ,/, on/IN a/DT whim/NN of/IN some/DT sort/NN ./.",,,132.59,133.77
sw07utt/sw_0746_2448.utt,2/sw2448,2448,65,aa,A,45,1,"# [ That, +  that's ] true. #  /","That/DT ,/, that/DT 's/BES true/JJ ./.",,,133.83,134.21
sw07utt/sw_0746_2448.utt,2/sw2448,2448,66,qy,A,45,2,"{F Uh, } now did you hear about [ the, + the ] control that they have up in Virginia? /","Uh/UH ,/, now/RB did/VBD you/PRP hear/VB about/IN the/DT ,/, the/DT control/NN that/WDT they/PRP have/VBP up/IN in/IN Virginia/NNP ?/.",,,134.21,138.73
sw07utt/sw_0746_2448.utt,2/sw2448,2448,67,no,B,46,1,I'm not sure I have. /,I/PRP 'm/VBP not/RB sure/JJ I/PRP have/VBP ./.,,,139.35,140.13
sw07utt/sw_0746_2448.utt,2/sw2448,2448,68,sv,A,47,1,"{F Uh, } [ [ it, + it's, ] + it's ]  a little hard to believe,  /","Uh/UH ,/, it/PRP ,/, it/PRP 's/BES ,/, it/PRP 's/BES a/DT little/RB hard/JJ to/TO believe/VB ,/,",,,140.71,142.71
sw07utt/sw_0746_2448.utt,2/sw2448,2448,69,sd,A,47,2,"{C but } they can, {F uh, } of course, - /","but/CC they/PRP can/MD ,/, uh/UH ,/, of/IN course/NN ,/,",,,142.71,145.45000000000002
sw07utt/sw_0746_2448.utt,2/sw2448,2448,70,sd,A,47,3,[ like  just + like just ]  about every other state in the union they have a felony law.  /,like/IN just/RB like/IN just/RB about/RB every/DT other/JJ state/NN in/IN the/DT union/NN they/PRP have/VBP a/DT felony/NN law/NN ./.,,,145.45,148.91
sw07utt/sw_0746_2448.utt,2/sw2448,2448,71,sd,A,47,4,"Anyone ever convicted of [ a, + a ]  felony [ is, + ]  cannot purchase a weapon. /","Anyone/NN ever/RB convicted/VBD of/IN a/DT ,/, a/DT felony/NN is/VBZ ,/, can/MD not/RB purchase/VB a/DT weapon/NN ./.",,,148.91,153.03
sw07utt/sw_0746_2448.utt,2/sw2448,2448,72,b,B,48,1,Uh-huh. /,Uh-huh/UH ./.,,,152.99,153.11
sw07utt/sw_0746_2448.utt,2/sw2448,2448,73,sd,A,49,1,"<Breathing> {C and } they don't have a waiting period,  <breathing> because they have access to computer records concerning all these felons. /","and/CC they/PRP do/VBP n't/RB have/VB a/DT waiting/NN period/NN ,/, because/IN they/PRP have/VBP access/NN to/IN computer/NN records/NNS concerning/VBG all/PDT these/DT felons/NNS ./.",,,154.55,165.03
sw07utt/sw_0746_2448.utt,2/sw2448,2448,74,b,B,50,1,Uh-huh. /,Uh-huh/UH ./.,,,164.97,165.29
sw07utt/sw_0746_2448.utt,2/sw2448,2448,75,%,A,51,1,"{C And } the-, - /","And/CC the-/XX ,/,",,,0.0,0.0
sw07utt/sw_0746_2448.utt,2/sw2448,2448,76,sd,A,51,2,"{F uh, } when you go in and  buy a weapon or a handgun in, {F uh, } {F uh, } Virginia, <breathing> the salesman just calls  some number and, {F uh, } punches in your name, <breathing>  /","uh/UH ,/, when/WRB you/PRP go/VB in/RB and/CC buy/VB a/DT weapon/NN or/CC a/DT handgun/NN in/IN ,/, uh/UH ,/, uh/UH ,/, Virginia/NNP ,/, the/DT salesman/NN just/RB calls/VBZ some/DT number/NN and/CC ,/, uh/UH ,/, punches/VBZ in/RB your/PRP$ name/NN ,/,",,,165.39,177.22
sw07utt/sw_0746_2448.utt,2/sw2448,2448,77,sd,A,51,3,"{C and } if it comes up negative, okay, fine,  /","and/CC if/IN it/PRP comes/VBZ up/RP negative/JJ ,/, okay/UH ,/, fine/JJ ,/,",,,178.36,180.7
sw07utt/sw_0746_2448.utt,2/sw2448,2448,78,sd,A,51,4,"{C and } you get [ your gwu-, + your gun ]  right then and there. /","and/CC you/PRP get/VBP your/PRP$ gwu-/XX ,/, your/PRP$ gun/NN right/RB then/RB and/CC there/RB ./.",,,181.16,183.26
sw07utt/sw_0746_2448.utt,2/sw2448,2448,79,b,B,52,1,I see. /,I/PRP see/VBP ./.,,,183.29,183.57
sw07utt/sw_0746_2448.utt,2/sw2448,2448,80,sd,A,53,1,"{F Uh, } {C but } they are the only state that does it. /","Uh/UH ,/, but/CC they/PRP are/VBP the/DT only/JJ state/NN that/WDT does/VBZ it/PRP ./.",,,184.66,186.66
sw07utt/sw_0746_2448.utt,2/sw2448,2448,81,ba,B,54,1,"{F Hm, } that's interesting. /","Hm/UH ,/, that/DT 's/BES interesting/JJ ./.",,,186.71,187.60999999999999
sw07utt/sw_0746_2448.utt,2/sw2448,2448,82,sd,A,55,1,"{C And, } {F uh, } according to Virginia, it didn't cost all that much. /","And/CC ,/, uh/UH ,/, according/VBG to/IN Virginia/NNP ,/, it/PRP did/VBD n't/RB cost/VB all/RB that/RB much/JJ ./.",,,188.94,192.60000000000002
sw07utt/sw_0746_2448.utt,2/sw2448,2448,83,b,B,56,1,Uh-huh. /,Uh-huh/UH ./.,,,192.81,192.95
sw07utt/sw_0746_2448.utt,2/sw2448,2448,84,sd,A,57,1,"<Breathing> {C and } {D frankly, }  [ I, + I ] don't understand why a state doesn't have those records available anyway. /","and/CC frankly/RB ,/, I/PRP ,/, I/PRP do/VBP n't/RB understand/VB why/WRB a/DT state/NN does/VBZ n't/RB have/VB those/DT records/NNS available/JJ anyway/RB ./.",,,193.92,199.23999999999998
sw07utt/sw_0746_2448.utt,2/sw2448,2448,85,b,B,58,1,"Yeah, /","Yeah/UH ,/,",,,199.25,199.37
sw07utt/sw_0746_2448.utt,2/sw2448,2448,86,sd,A,59,1,"{F Uh, } {F uh, } # at least # --","Uh/UH ,/, uh/UH ,/, at/IN least/JJS --/:",,,200.08,200.85999999999999
sw07utt/sw_0746_2448.utt,2/sw2448,2448,87,aa,B,60,1,"# yeah,  /","yeah/UH ,/,",,,200.81,200.99
sw07utt/sw_0746_2448.utt,2/sw2448,2448,88,sv,B,60,2,you would think they would. # /,you/PRP would/MD think/VB they/PRP would/MD ./.,,,200.99,202.75
sw07utt/sw_0746_2448.utt,2/sw2448,2448,89,+,A,61,1,"-- {F uh, } records [ of, + of, ] {F uh, } known felons --","--/: uh/UH ,/, records/NNS of/IN ,/, of/IN ,/, uh/UH ,/, known/JJ felons/NNS --/:",,,202.8,205.94
sw07utt/sw_0746_2448.utt,2/sw2448,2448,90,b,B,62,1,Uh-huh. /,Uh-huh/UH ./.,,,206.37,206.53
sw07utt/sw_0746_2448.utt,2/sw2448,2448,91,+,A,63,1,-- which are available to local police departments. /,--/: which/WDT are/VBP available/JJ to/IN local/JJ police/NN departments/NNS ./.,,,206.76,208.96
sw07utt/sw_0746_2448.utt,2/sw2448,2448,92,aa,B,64,1,"Yeah,  /","Yeah/UH ,/,",,,208.91,209.03
sw07utt/sw_0746_2448.utt,2/sw2448,2448,93,aa,B,64,2,right.  /,right/UH ./.,,,209.13,209.41
sw07utt/sw_0746_2448.utt,2/sw2448,2448,94,aa^r,B,64,3,"Yeah,  /","Yeah/UH ,/,",,,210.37,210.45000000000002
sw07utt/sw_0746_2448.utt,2/sw2448,2448,95,sd,B,64,4,I'm surprised that more states doesn't do that. /,I/PRP 'm/VBP surprised/JJ that/IN more/JJR states/NNS does/VBZ n't/RB do/VB that/DT ./.,,,210.45,212.04999999999998
sw07utt/sw_0746_2448.utt,2/sw2448,2448,96,sd,A,65,1,"{F Uh, } {F uh, } {F uh, } certainly [ those, + those ]  records are available, /","Uh/UH ,/, uh/UH ,/, uh/UH ,/, certainly/RB those/DT ,/, those/DT records/NNS are/VBP available/JJ ,/,",,,212.64,215.68
sw07utt/sw_0746_2448.utt,2/sw2448,2448,97,b,B,66,1,Uh-huh. /,Uh-huh/UH ./.,,,215.63,215.79
sw07utt/sw_0746_2448.utt,2/sw2448,2448,98,sv,A,67,1,{C and } all they would have to do is expand it.,and/CC all/DT they/PRP would/MD have/VB to/TO do/VB is/VBZ expand/VB it/PRP ./.,,,215.84,217.54
sw07utt/sw_0746_2448.utt,2/sw2448,2448,99,aa,B,68,1,"Yeah,  /","Yeah/UH ,/,",,,217.85,218.03
sw07utt/sw_0746_2448.utt,2/sw2448,2448,100,aa,B,68,2,right. /,right/UH ./.,,,218.13,218.35
sw07utt/sw_0746_2448.utt,2/sw2448,2448,101,+,A,69,1,"To, {F uh, } {F uh, } {D well, } connect them into a modem somehow. /","To/TO ,/, uh/UH ,/, uh/UH ,/, well/UH ,/, connect/VB them/PRP into/IN a/DT modem/NN somehow/RB ./.",,,218.68,221.54000000000002
sw07utt/sw_0746_2448.utt,2/sw2448,2448,102,aa,B,70,1,Uh-huh.  /,Uh-huh/UH ./.,,,221.59,221.73
sw07utt/sw_0746_2448.utt,2/sw2448,2448,103,sv,B,70,2,I wouldn't think it'd be that difficult to do. /,I/PRP would/MD n't/RB think/VB it/PRP 'd/MD be/VB that/RB difficult/JJ to/TO do/VB ./.,,,223.47,225.25
sw07utt/sw_0746_2448.utt,2/sw2448,2448,104,sd,A,71,1,"Well, Virginia is not a particularly rich state,  /","Well/UH ,/, Virginia/NNP is/VBZ not/RB a/DT particularly/RB rich/JJ state/NN ,/,",,,226.42,228.82
sw07utt/sw_0746_2448.utt,2/sw2448,2448,105,sd,A,71,2,"{C and } they managed to [ fi-, + ] squeak out a few bucks to do it. /","and/CC they/PRP managed/VBD to/TO fi/VB ,/, squeak/VB out/RP a/DT few/JJ bucks/NNS to/TO do/VB it/PRP ./.",,,228.82,231.39
sw07utt/sw_0746_2448.utt,2/sw2448,2448,106,aa,B,72,1,"Yep,  /","Yep/UH ,/,",,,231.47,231.67
sw07utt/sw_0746_2448.utt,2/sw2448,2448,107,aa,B,72,2,right. /,right/UH ./.,,,231.89,232.13
sw07utt/sw_0746_2448.utt,2/sw2448,2448,108,sd,A,73,1,"{C And, } {F uh, } it's, {F uh, } {F uh, } one-hundred   percent successful. /","And/CC ,/, uh/UH ,/, it/PRP 's/BES ,/, uh/UH ,/, uh/UH ,/, one-hundred/CD percent/NN successful/JJ ./.",,,233.49,236.89
sw07utt/sw_0746_2448.utt,2/sw2448,2448,109,ba,B,74,1,"{F Hm, } that's interesting. /","Hm/UH ,/, that/DT 's/BES interesting/JJ ./.",,,236.85,238.37
sw07utt/sw_0746_2448.utt,2/sw2448,2448,110,aa,A,75,1,"Yeah,  /","Yeah/UH ,/,",,,239.31,239.45
sw07utt/sw_0746_2448.utt,2/sw2448,2448,111,sd,A,75,2,I just heard about this last week. /,I/PRP just/RB heard/VBD about/IN this/DT last/JJ week/NN ./.,,,239.45,241.01000000000002
sw07utt/sw_0746_2448.utt,2/sw2448,2448,112,b,B,76,1,Uh-huh. /,Uh-huh/UH ./.,,,241.09,241.25
sw07utt/sw_0746_2448.utt,2/sw2448,2448,113,sd,A,77,1,"{F Uh, } they were bragging about it, /","Uh/UH ,/, they/PRP were/VBD bragging/VBG about/IN it/PRP ,/,",,,241.29,243.13
sw07utt/sw_0746_2448.utt,2/sw2448,2448,114,b,B,78,1,Yeah. /,Yeah/UH ./.,,,243.41,243.60999999999999
sw07utt/sw_0746_2448.utt,2/sw2448,2448,115,%,A,79,1,"with, - /","with/IN ,/,",,,243.65,243.83
sw07utt/sw_0746_2448.utt,2/sw2448,2448,116,sv,A,79,2,"{F uh, } {F uh, } they should have,  have pride in this because [ it's, + it's ] a good system, /","uh/UH ,/, uh/UH ,/, they/PRP should/MD have/VB ,/, have/VB pride/NN in/IN this/DT because/IN it/PRP 's/BES ,/, it/PRP 's/BES a/DT good/JJ system/NN ,/,",,,243.83,248.09
sw07utt/sw_0746_2448.utt,2/sw2448,2448,117,aa,B,80,1,# Absolutely. # /,Absolutely/RB ./.,,,248.05,248.57000000000002
sw07utt/sw_0746_2448.utt,2/sw2448,2448,118,sd,A,81,1,# {C and } it's # working well. /,and/CC it/PRP 's/BES working/VBG well/RB ./.,,,248.61,248.99
sw07utt/sw_0746_2448.utt,2/sw2448,2448,119,aa,B,82,1,"Yeah,  /","Yeah/UH ,/,",,,249.17,249.30999999999997
sw07utt/sw_0746_2448.utt,2/sw2448,2448,120,aa,B,82,2,I agree. /,I/PRP agree/VBP ./.,,,249.45,249.85000000000002
sw07utt/sw_0746_2448.utt,2/sw2448,2448,121,sd,A,83,1,{C And } they don't need that seven-day waiting period. /,And/CC they/PRP do/VBP n't/RB need/VB that/DT seven-day/JJ waiting/NN period/NN ./.,,,250.09,252.23000000000002
sw07utt/sw_0746_2448.utt,2/sw2448,2448,122,b,B,84,1,Uh-huh. /,Uh-huh/UH ./.,,,252.29,252.42999999999998
sw07utt/sw_0746_2448.utt,2/sw2448,2448,123,sd,A,85,1,"{C Because } the whole idea of that waiting period was,","Because/IN the/DT whole/JJ idea/NN of/IN that/DT waiting/NN period/NN was/VBD ,/,",,,252.47,254.87
sw07utt/sw_0746_2448.utt,2/sw2448,2448,124,x,B,86,1,<Breathing>.,,,,0.0,0.0
sw07utt/sw_0746_2448.utt,2/sw2448,2448,125,+,A,87,1,"so that, {F uh, } [ it, + ] <breathing> {F uh, } the police could check up on you. /","so/IN that/IN ,/, uh/UH ,/, it/PRP ,/, uh/UH ,/, the/DT police/NN could/MD check/VB up/RP on/IN you/PRP ./.",,,254.89,258.01000000000005
sw07utt/sw_0746_2448.utt,2/sw2448,2448,126,b,B,88,1,Yep. /,Yep/UH ./.,,,258.17,258.33000000000004
sw07utt/sw_0746_2448.utt,2/sw2448,2448,127,sv,A,89,1,"<Breathing> {D Well, } you know what's going to happen there,  /","Well/UH ,/, you/PRP know/VBP what/WP 's/BES going/VBG to/TO happen/VB there/RB ,/,",,,259.73,260.95
sw07utt/sw_0746_2448.utt,2/sw2448,2448,128,sv,A,89,2,"those files are going to back up on somebody's desk, just  (( some of )) that typical bureaucratic work. /","those/DT files/NNS are/VBP going/VBG to/TO back/RB up/RP on/IN somebody/NN 's/POS desk/NN ,/, just/RB some/DT of/IN that/DT typical/JJ bureaucratic/JJ work/NN ./.",,,260.95,266.47
sw07utt/sw_0746_2448.utt,2/sw2448,2448,129,b,B,90,1,Uh-huh. /,Uh-huh/UH ./.,,,268.09,268.22999999999996
sw07utt/sw_0746_2448.utt,2/sw2448,2448,130,sd,A,91,1,"<Laughter> that's another, {F uh, } {F uh, } thorn in my side,","that/DT 's/BES another/DT ,/, uh/UH ,/, uh/UH ,/, thorn/NN in/IN my/PRP$ side/NN ,/,",,,268.93,272.71
sw07utt/sw_0746_2448.utt,2/sw2448,2448,131,b,B,92,1,Uh-huh. /,Uh-huh/UH ./.,,,272.67,272.79
sw07utt/sw_0746_2448.utt,2/sw2448,2448,132,+,A,93,1,"bureaucratics,","bureaucratics/NNS ,/,",,,272.95,273.81
sw07utt/sw_0746_2448.utt,2/sw2448,2448,133,aa,B,94,1,"Yeah,  /","Yeah/UH ,/,",,,274.07,274.25
sw07utt/sw_0746_2448.utt,2/sw2448,2448,134,aa,B,94,2,right.  /,right/UH ./.,,,274.31,274.59
sw07utt/sw_0746_2448.utt,2/sw2448,2448,135,aa,B,94,3,I agree. /,I/PRP agree/VBP ./.,,,274.59,274.77000000000004
sw07utt/sw_0746_2448.utt,2/sw2448,2448,136,+,A,95,1,politicians. /,politicians/NNS ./.,,,274.81,275.61
sw07utt/sw_0746_2448.utt,2/sw2448,2448,137,aa,B,96,1,"Yep,  /","Yep/UH ,/,",,,275.79,276.01000000000005
sw07utt/sw_0746_2448.utt,2/sw2448,2448,138,aa,B,96,2,right.   /,right/UH ./.,,,276.01,276.23
sw07utt/sw_0746_2448.utt,2/sw2448,2448,139,sd,B,96,3,"#  I was, #","I/PRP was/VBD ,/,",,,278.33,278.49
sw07utt/sw_0746_2448.utt,2/sw2448,2448,140,sv,A,97,1,# {C So } {D anyway } # --,So/RB anyway/RB --/:,,,278.53,278.81
sw07utt/sw_0746_2448.utt,2/sw2448,2448,141,+,B,98,1,"just thinking there's, -/","just/RB thinking/VBG there/EX 's/BES ,/,",,,278.77,279.15000000000003
sw07utt/sw_0746_2448.utt,2/sw2448,2448,142,+,A,99,1,"-- {D well, } we seem to be one in favor and one against. /","--/: well/UH ,/, we/PRP seem/VBP to/TO be/VB one/CD in/IN favor/NN and/CC one/CD against/RB ./.",,,279.19,281.45000000000005
sw07utt/sw_0746_2448.utt,2/sw2448,2448,143,aa,B,100,1,"<Laughter> yeah,  /","yeah/UH ,/,",,,281.41,281.77000000000004
sw07utt/sw_0746_2448.utt,2/sw2448,2448,144,sv,B,100,2,"I guess that's about right, /","I/PRP guess/VBP that/DT 's/BES about/RB right/JJ ,/,",,,281.77,282.87
sw07utt/sw_0746_2448.utt,2/sw2448,2448,145,sv,A,101,1,"Although neither one of us [ are, + are, ]  {F uh, } really {F uh, } {F uh, } dyed in the wool. /","Although/IN neither/DT one/CD of/IN us/PRP are/VBP ,/, are/VBP ,/, uh/UH ,/, really/RB uh/UH ,/, uh/UH ,/, dyed/VBN in/IN the/DT wool/NN ./.",,,282.97,286.75
sw07utt/sw_0746_2448.utt,2/sw2448,2448,146,b,B,102,1,"<Laughter> {F Uh, } /","Uh/UH ,/,",,,288.01,288.11
sw07utt/sw_0746_2448.utt,2/sw2448,2448,147,%,A,103,1,"{F Uh, } we, - /","Uh/UH ,/, we/PRP ,/,",,,288.15,288.34999999999997
sw07utt/sw_0746_2448.utt,2/sw2448,2448,148,%,A,103,2,"{C but } we both, -/","but/CC we/PRP both/DT ,/,",,,288.35,288.95
sw07utt/sw_0746_2448.utt,2/sw2448,2448,149,b,B,104,1,"Yeah,  /","Yeah/UH ,/,",,,289.39,289.57
sw07utt/sw_0746_2448.utt,2/sw2448,2448,150,sd,B,104,2,"I'm not totally rigid on the subject,  /","I/PRP 'm/VBP not/RB totally/RB rigid/JJ on/IN the/DT subject/NN ,/,",,,289.57,291.19
sw07utt/sw_0746_2448.utt,2/sw2448,2448,151,sd,B,104,3,"I just think there [ should be, + {D you know, } shouldn't be ] quite so easy to do. /","I/PRP just/RB think/VBP there/EX should/MD be/VB ,/, you/PRP know/VBP ,/, should/MD n't/RB be/VB quite/RB so/RB easy/JJ to/TO do/VB ./.",,,291.19,294.53
sw07utt/sw_0746_2448.utt,2/sw2448,2448,152,sv,A,105,1,"<Breathing> {D well, } there should be some way of checking, /","well/RB ,/, there/EX should/MD be/VB some/DT way/NN of/IN checking/VBG ,/,",,,295.89,297.83
sw07utt/sw_0746_2448.utt,2/sw2448,2448,153,b,B,106,1,Uh-huh. /,Uh-huh/UH ./.,,,297.79,297.89000000000004
sw07utt/sw_0746_2448.utt,2/sw2448,2448,154,sd,A,107,1,"now here [ in, + in ]  Texas, {F uh, } all you need is a driver's license. /","now/RB here/RB in/IN ,/, in/IN Texas/NNP ,/, uh/UH ,/, all/DT you/PRP need/VBP is/VBZ a/DT driver/NN 's/POS license/NN ./.",,,297.93,301.49
sw07utt/sw_0746_2448.utt,2/sw2448,2448,155,b,B,108,1,Right.  /,Right/UH ./.,,,301.47,301.67
sw07utt/sw_0746_2448.utt,2/sw2448,2448,156,b,B,108,2,Uh-huh. /,Uh-huh/UH ./.,,,302.95,303.07
sw07utt/sw_0746_2448.utt,2/sw2448,2448,157,sd,A,109,1,"{C And, } {F uh, } even felons can still get a driver's license. /","And/CC ,/, uh/UH ,/, even/RB felons/NNS can/MD still/RB get/VB a/DT driver/NN 's/POS license/NN ./.",,,303.11,306.05
sw07utt/sw_0746_2448.utt,2/sw2448,2448,158,b,B,110,1,"Sure, {F uh, } -/","Sure/UH ,/, uh/UH ,/,",,,306.01,306.23
sw07utt/sw_0746_2448.utt,2/sw2448,2448,159,sv,A,111,1,"{C So } [ I, + I ] don't think they are too, - /","So/RB I/PRP ,/, I/PRP do/VBP n't/RB think/VB they/PRP are/VBP too/RB ,/,",,,307.61,309.87
sw07utt/sw_0746_2448.utt,2/sw2448,2448,160,sv,A,111,2,"{D well, } they're not rigid enough here, in Texas. /","well/UH ,/, they/PRP 're/VBP not/RB rigid/JJ enough/RB here/RB ,/, in/IN Texas/NNP ./.",,,311.33,313.37
sw07utt/sw_0746_2448.utt,2/sw2448,2448,161,aa,B,112,1,"Yeah,  /","Yeah/UH ,/,",,,313.33,313.46999999999997
sw07utt/sw_0746_2448.utt,2/sw2448,2448,162,aa,B,112,2,that's true. /,that/DT 's/BES true/JJ ./.,,,313.69,314.05
sw07utt/sw_0746_2448.utt,2/sw2448,2448,163,ad,A,113,1,{C But } don't tell the N R A I said that. /,But/CC do/VBP n't/RB tell/VB the/DT N/NNP R/NNP A/NNP I/PRP said/VBD that/DT ./.,,,314.63,316.33
sw07utt/sw_0746_2448.utt,2/sw2448,2448,164,%,B,114,1,"I wo-, - /","I/PRP wo/MD ,/,",,,0.0,0.0
sw07utt/sw_0746_2448.utt,2/sw2448,2448,165,aa,B,114,2,I promise.  /,I/PRP promise/VBP ./.,,,316.59,317.15000000000003
sw07utt/sw_0746_2448.utt,2/sw2448,2448,166,aa,B,114,3,I won't <laughter>. /,I/PRP wo/MD n't/RB ./.,,,317.15,317.43
sw07utt/sw_0746_2448.utt,2/sw2448,2448,167,sv,A,115,1,They're liable to tear up my membership. /,They/PRP 're/VBP liable/JJ to/TO tear/VB up/RP my/PRP$ membership/NN ./.,,,317.47,318.85
sw07utt/sw_0746_2448.utt,2/sw2448,2448,168,b,B,116,1,"<Laughter> Okay,  /","Okay/UH ,/,",,,319.21,319.59
sw07utt/sw_0746_2448.utt,2/sw2448,2448,169,sd,B,116,2,I promise <laughter>. /,I/PRP promise/VBP ./.,,,319.91,320.39
sw07utt/sw_0746_2448.utt,2/sw2448,2448,170,qy,A,117,1,You say you retired a year ago? /,You/PRP say/VBP you/PRP retired/VBD a/DT year/NN ago/RB ?/.,,,322.39,323.83
sw07utt/sw_0746_2448.utt,2/sw2448,2448,171,ny,B,118,1,"Yes,  /","Yes/UH ,/,",,,323.87,324.13
sw07utt/sw_0746_2448.utt,2/sw2448,2448,172,na,B,118,2,"I did,  /","I/PRP did/VBD ,/,",,,324.13,324.33
sw07utt/sw_0746_2448.utt,2/sw2448,2448,173,ny,B,118,3,uh-huh. /,uh-huh/UH ./.,,,324.33,324.55
sw07utt/sw_0746_2448.utt,2/sw2448,2448,174,sd,A,119,1,"I'm looking forward to it in about [ a, + ] [ just, + just ] over a year, myself. /","I/PRP 'm/VBP looking/VBG forward/RB to/IN it/PRP in/IN about/RB a/DT ,/, just/RB ,/, just/RB over/IN a/DT year/NN ,/, myself/PRP ./.",,,324.83,328.01
sw07utt/sw_0746_2448.utt,2/sw2448,2448,175,b,B,120,1,"Yeah,  /","Yeah/UH ,/,",,,327.97,328.09000000000003
sw07utt/sw_0746_2448.utt,2/sw2448,2448,176,sd,B,120,2,I really enjoy it. /,I/PRP really/RB enjoy/VBP it/PRP ./.,,,328.29,329.03
sw07utt/sw_0746_2448.utt,2/sw2448,2448,177,%,A,121,1,"{F Uh, } /","Uh/UH ,/,",,,329.27,329.34999999999997
sw07utt/sw_0746_2448.utt,2/sw2448,2448,178,sd,B,122,1,I stay pretty busy. /,I/PRP stay/VBP pretty/RB busy/JJ ./.,,,329.31,330.15
sw07utt/sw_0746_2448.utt,2/sw2448,2448,179,b,A,123,1,Uh-huh. /,Uh-huh/UH ./.,,,330.77,331.25
sw07utt/sw_0746_2448.utt,2/sw2448,2448,180,sd,B,124,1,"I do [ quite a, + not quite a ] lot, - /","I/PRP do/VBP quite/RB a/DT ,/, not/RB quite/RB a/DT lot/NN ,/,",,,331.51,333.95
sw07utt/sw_0746_2448.utt,2/sw2448,2448,181,sd,B,124,2,"I do some, {F uh, } volunteer work here in Plano. /","I/PRP do/VBP some/DT ,/, uh/UH ,/, volunteer/NN work/NN here/RB in/IN Plano/NNP ./.",,,334.03,336.71
sw07utt/sw_0746_2448.utt,2/sw2448,2448,182,sd,B,124,3,"[ I, + I ] have a few, {F uh, } handicapped persons  that I, {D you know, } try to [ do things for, + ] help them do. /","I/PRP ,/, I/PRP have/VBP a/DT few/JJ ,/, uh/UH ,/, handicapped/JJ persons/NNS that/WDT I/PRP ,/, you/PRP know/VBP ,/, try/VB to/TO do/VB things/NNS for/IN ,/, help/VBP them/PRP do/VB ./.",,,336.71,341.23
sw07utt/sw_0746_2448.utt,2/sw2448,2448,183,b,A,125,1,"{F Oh, } uh-huh.  /","Oh/UH ,/, uh-huh/UH ./.",,,341.61,342.77
sw07utt/sw_0746_2448.utt,2/sw2448,2448,184,sd,A,125,2,"{D Well, } {F uh, }  I bought a motor home here [ f-, + four ] years ago -- /","Well/UH ,/, uh/UH ,/, I/PRP bought/VBD a/DT motor/NN home/NN here/RB f-/CD ,/, four/CD years/NNS ago/RB --/:",,,343.41,346.89000000000004
sw07utt/sw_0746_2448.utt,2/sw2448,2448,185,b,B,126,1,Uh-huh. /,Uh-huh/UH ./.,,,347.13,347.39
sw07utt/sw_0746_2448.utt,2/sw2448,2448,186,sd,A,127,1,"-- {C and } I have been living in it ever since, /","--/: and/CC I/PRP have/VBP been/VBN living/VBG in/IN it/PRP ever/RB since/IN ,/,",,,347.59,349.11
sw07utt/sw_0746_2448.utt,2/sw2448,2448,187,%,B,128,1,"That's, {F uh, } -/","That/DT 's/BES ,/, uh/UH ,/,",,,349.07,349.35
sw07utt/sw_0746_2448.utt,2/sw2448,2448,188,sd,A,129,1,{C and } I'm looking forward to just traveling. /,and/CC I/PRP 'm/VBP looking/VBG forward/RB to/IN just/RB traveling/VBG ./.,,,349.39,351.45000000000005
sw07utt/sw_0746_2448.utt,2/sw2448,2448,189,b,B,130,1,"Sure,  /","Sure/UH ,/,",,,351.55,351.93
sw07utt/sw_0746_2448.utt,2/sw2448,2448,190,ba,B,130,2,I can understand that. /,I/PRP can/MD understand/VB that/DT ./.,,,352.73,353.51
sw07utt/sw_0746_2448.utt,2/sw2448,2448,191,sd,A,131,1,"I have four sons scattered all over the country,","I/PRP have/VBP four/CD sons/NNS scattered/JJ all/RB over/IN the/DT country/NN ,/,",,,353.97,356.19
sw07utt/sw_0746_2448.utt,2/sw2448,2448,192,b,B,132,1,Uh-huh. /,Uh-huh/UH ./.,,,356.15,356.33
sw07utt/sw_0746_2448.utt,2/sw2448,2448,193,+,A,133,1,"and a [ f-, + few ] grandchildren. /","and/CC a/DT f/JJ ,/, few/JJ grandchildren/NNS ./.",,,356.37,357.62
sw07utt/sw_0746_2448.utt,2/sw2448,2448,194,b,B,134,1,Yep. /,Yep/UH ./.,,,357.71,357.93
sw07utt/sw_0746_2448.utt,2/sw2448,2448,195,sd,A,135,1,{C And } I'm looking forward to just traveling around visiting them. /,And/CC I/PRP 'm/VBP looking/VBG forward/RB to/IN just/RB traveling/VBG around/IN visiting/VBG them/PRP ./.,,,358.5,360.9
sw07utt/sw_0746_2448.utt,2/sw2448,2448,196,ba,B,136,1,That'd be neat.  /,That/DT 'd/MD be/VB neat/JJ ./.,,,361.01,361.51000000000005
sw07utt/sw_0746_2448.utt,2/sw2448,2448,197,aa,B,136,2,Sure would. /,Sure/RB would/MD ./.,,,361.71,362.13
sw07utt/sw_0746_2448.utt,2/sw2448,2448,198,fc,A,137,1,"<Breathing> {D Well } Charles, good luck to you on your, -/","Well/UH Charles/NNP ,/, good/JJ luck/NN to/IN you/PRP on/IN your/PRP$ ,/,",,,363.96,365.74
sw07utt/sw_0746_2448.utt,2/sw2448,2448,199,fc,B,138,1,Okay. /,Okay/UH ./.,,,365.71,365.87
sw07utt/sw_0746_2448.utt,2/sw2448,2448,200,x,A,139,1,<Breathing>.,,,,0.0,0.0
sw07utt/sw_0746_2448.utt,2/sw2448,2448,201,fc,B,140,1,Nice talking to you. /,Nice/JJ talking/VBG to/IN you/PRP ./.,,,366.21,366.93
sw07utt/sw_0746_2448.utt,2/sw2448,2448,202,fc,A,141,1,"Yeah,  /","Yeah/UH ,/,",,,367.14,367.34
sw07utt/sw_0746_2448.utt,2/sw2448,2448,203,fc^m,A,141,2,"nice talking to you,","nice/JJ talking/VBG to/IN you/PRP ,/,",,,367.34,368.09999999999997
sw07utt/sw_0746_2448.utt,2/sw2448,2448,204,fc,B,142,1,Okay. /,Okay/UH ./.,,,368.07,368.33
sw07utt/sw_0746_2448.utt,2/sw2448,2448,205,+,A,143,1,too. /,too/RB ./.,,,368.36,368.42
sw07utt/sw_0746_2448.utt,2/sw2448,2448,206,fc,B,144,1,Take care. /,Take/VB care/NN ./.,,,368.59,368.89
sw07utt/sw_0746_2448.utt,2/sw2448,2448,207,fc^m,A,145,1,Take care now. /,Take/VB care/NN now/RB ./.,,,368.92,369.44
sw07utt/sw_0746_2448.utt,2/sw2448,2448,208,fc,B,146,1,Bye-bye. /,Bye-bye/UH ./.,,,369.63,369.87
sw07utt/sw_0746_2448.utt,2/sw2448,2448,209,fc,A,147,1,Bye. /,Bye/UH ./.,,,370.52,370.7
