swda_filename,ptb_basename,conversation_no,transcript_index,act_tag,caller,utterance_index,subutterance_index,text,pos,trees,ptb_treenumbers,start_ts,end_ts
sw10utt/sw_1065_2675.utt,2/sw2675,2675,0,o,B,1,1,There you go. /,There/EX you/PRP go/VBP ./.,,,0.45,1.09
sw10utt/sw_1065_2675.utt,2/sw2675,2675,1,b,A,2,1,Uh-huh. /,Uh-huh/UH ./.,,,1.36,1.6800000000000002
sw10utt/sw_1065_2675.utt,2/sw2675,2675,2,sd^t,B,3,1,"{D Well, } Jean, the subject is jury trials  /","Well/UH ,/, Jean/NNP ,/, the/DT subject/NN is/VBZ jury/NN trials/NNS",,,2.29,4.8100000000000005
sw10utt/sw_1065_2675.utt,2/sw2675,2675,3,sd^t,B,3,2,"{C and } should the jury recommend, {F uh, } sentencing. /","and/CC should/MD the/DT jury/NN recommend/VB ,/, uh/UH ,/, sentencing/NN ./.",,,4.81,11.27
sw10utt/sw_1065_2675.utt,2/sw2675,2675,4,b,A,4,1,Uh-huh. /,Uh-huh/UH ./.,,,11.6,11.98
sw10utt/sw_1065_2675.utt,2/sw2675,2675,5,sd,B,5,1,"{D Now } my personal opinion, - /","Now/UH my/PRP$ personal/JJ opinion/NN ,/,",,,15.35,16.61
sw10utt/sw_1065_2675.utt,2/sw2675,2675,6,h,B,5,2,I don't know.  /,I/PRP do/VBP n't/RB know/VB ./.,,,17.55,18.490000000000002
sw10utt/sw_1065_2675.utt,2/sw2675,2675,7,sv,B,5,3,"{F Uh, } {F uh, } here lately it seems, - /","Uh/UH ,/, uh/UH ,/, here/RB lately/RB it/PRP seems/VBZ ,/,",,,18.49,20.39
sw10utt/sw_1065_2675.utt,2/sw2675,2675,8,sv,B,5,4,"{D well } up until a few years ago, I guess, there just too many liberals about and  permitting too many, {F oh, } - /","well/UH up/IN until/IN a/DT few/JJ years/NNS ago/RB ,/, I/PRP guess/VBP ,/, there/EX just/RB too/RB many/JJ liberals/NNS about/RB and/CC permitting/VBG too/RB many/JJ ,/, oh/UH ,/,",,,21.81,32.49
sw10utt/sw_1065_2675.utt,2/sw2675,2675,9,sv,B,5,5,"they just broaden the human rights [ to, + to ] cover just about [ ev-, + everybody, ] {C and } I don't think those guilty of committing capital crimes should be permitted to go spend a few years in jail and be turned lose on parole. /","they/PRP just/RB broaden/VBP the/DT human/JJ rights/NNS to/TO ,/, to/TO cover/VB just/RB about/RB ev-/NN ,/, everybody/NN ,/, and/CC I/PRP do/VBP n't/RB think/VB those/DT guilty/JJ of/IN committing/VBG capital/NN crimes/NNS should/MD be/VB permitted/VBN to/TO go/VB spend/VB a/DT few/JJ years/NNS in/IN jail/NN and/CC be/VB turned/VBN lose/JJ on/IN parole/NN ./.",,,33.31,50.33
sw10utt/sw_1065_2675.utt,2/sw2675,2675,10,b,A,6,1,Uh-huh. /,Uh-huh/UH ./.,,,50.34,50.6
sw10utt/sw_1065_2675.utt,2/sw2675,2675,11,sv,B,7,1,It's just not right. /,It/PRP 's/BES just/RB not/RB right/JJ ./.,,,51.41,52.41
sw10utt/sw_1065_2675.utt,2/sw2675,2675,12,sv,A,8,1,I think I agree with that very much. /,I/PRP think/VBP I/PRP agree/VBP with/IN that/DT very/RB much/RB ./.,,,52.58,54.7
sw10utt/sw_1065_2675.utt,2/sw2675,2675,13,sv,B,9,1,{C And } therefore --,And/CC therefore/RB --/:,,,55.3,56.279999999999994
sw10utt/sw_1065_2675.utt,2/sw2675,2675,14,%,A,10,1,"I, - /","I/PRP ,/,",,,56.3,56.379999999999995
sw10utt/sw_1065_2675.utt,2/sw2675,2675,15,qy,A,10,2,"do you, -/","do/VBP you/PRP ,/,",,,56.38,56.46
sw10utt/sw_1065_2675.utt,2/sw2675,2675,16,+,B,11,1,-- I think juries should be able to recommend sentencing. /,--/: I/PRP think/VBP juries/NNS should/MD be/VB able/JJ to/TO recommend/VB sentencing/NN ./.,,,56.44,59.0
sw10utt/sw_1065_2675.utt,2/sw2675,2675,17,qy,A,12,1,"Do you think a lot of people, when they are listening to a trial, put themselves in a position like that and say, I would never do something like  that,  /","Do/VBP you/PRP think/VB a/DT lot/NN of/IN people/NNS ,/, when/WRB they/PRP are/VBP listening/VBG to/IN a/DT trial/NN ,/, put/VBP themselves/PRP in/IN a/DT position/NN like/IN that/DT and/CC say/VBP ,/, I/PRP would/MD never/RB do/VB something/NN like/IN that/DT ,/,",,,59.16,69.49
sw10utt/sw_1065_2675.utt,2/sw2675,2675,18,qy,A,12,2,{C and } it's for them to believe that somebody else could do the things that have been done? /,and/CC it/PRP 's/BES for/IN them/PRP to/TO believe/VB that/DT somebody/NN else/RB could/MD do/VB the/DT things/NNS that/WDT have/VBP been/VBN done/VBN ?/.,,,69.49,75.25
sw10utt/sw_1065_2675.utt,2/sw2675,2675,19,ny,B,13,1,"Yes,  /","Yes/UH ,/,",,,75.42,75.88
sw10utt/sw_1065_2675.utt,2/sw2675,2675,20,sd^e,B,13,2,very possibly.  /,very/RB possibly/RB ./.,,,75.88,76.8
sw10utt/sw_1065_2675.utt,2/sw2675,2675,21,sv,B,13,3,So many of us have led sheltered lives --,So/RB many/NN of/IN us/PRP have/VBP led/VBN sheltered/JJ lives/NNS --/:,,,76.8,79.8
sw10utt/sw_1065_2675.utt,2/sw2675,2675,22,b,A,14,1,Uh-huh. /,Uh-huh/UH ./.,,,80.97,81.13
sw10utt/sw_1065_2675.utt,2/sw2675,2675,23,+,B,15,1,"-- that, {F uh, } when we  [ go into a, + ] sit in on, a jury, - /","--/: that/IN ,/, uh/UH ,/, when/WRB we/PRP go/VBP into/IN a/DT ,/, sit/VBP in/IN on/IN ,/, a/DT jury/NN ,/,",,,81.22,84.75999999999999
sw10utt/sw_1065_2675.utt,2/sw2675,2675,24,sd,B,15,2,I've never done it myself --,I/PRP 've/VBP never/RB done/VBN it/PRP myself/PRP --/:,,,84.88,86.14
sw10utt/sw_1065_2675.utt,2/sw2675,2675,25,sd,A,16,1,I never have either. /,I/PRP never/RB have/VBP either/RB ./.,,,86.15,87.41
sw10utt/sw_1065_2675.utt,2/sw2675,2675,26,+,B,17,1,"-- unfortunately,  /","--/: unfortunately/RB ,/,",,,87.42,88.3
sw10utt/sw_1065_2675.utt,2/sw2675,2675,27,sd,B,17,2,I wish I could have. /,I/PRP wish/VBP I/PRP could/MD have/VB ./.,,,88.3,89.2
sw10utt/sw_1065_2675.utt,2/sw2675,2675,28,qy@,A,18,1,"Is there a reason why you have never,","Is/VBZ there/EX a/DT reason/NN why/WRB you/PRP have/VBP never/RB ,/,",,,89.65,91.39
sw10utt/sw_1065_2675.utt,2/sw2675,2675,29,sd,B,19,1,I've just never been called up. /,I/PRP 've/VBP just/RB never/RB been/VBN called/VBN up/RP ./.,,,91.58,92.92
sw10utt/sw_1065_2675.utt,2/sw2675,2675,30,+@,A,20,1,Uh-huh.  /,Uh-huh/UH ./.,,,93.09,93.37
sw10utt/sw_1065_2675.utt,2/sw2675,2675,31,sd,A,20,2,"My husband works as a police man,  /","My/PRP$ husband/NN works/VBZ as/IN a/DT police/NN man/NN ,/,",,,93.51,95.31
sw10utt/sw_1065_2675.utt,2/sw2675,2675,32,sd,A,20,3,{C so } I always assumed that that was why I was never called. /,so/RB I/PRP always/RB assumed/VBD that/IN that/DT was/VBD why/WRB I/PRP was/VBD never/RB called/VBN ./.,,,95.31,98.55000000000001
sw10utt/sw_1065_2675.utt,2/sw2675,2675,33,sv,B,21,1,"{D Well } {D now, } that's possible. /","Well/UH now/UH ,/, that/DT 's/BES possible/JJ ./.",,,98.54,99.72
sw10utt/sw_1065_2675.utt,2/sw2675,2675,34,b,A,22,1,Uh-huh. /,Uh-huh/UH ./.,,,100.11,100.33
sw10utt/sw_1065_2675.utt,2/sw2675,2675,35,sd,B,23,1,"{C But, } {F uh, } I was called up as an alternate once,  /","But/CC ,/, uh/UH ,/, I/PRP was/VBD called/VBN up/RP as/IN an/DT alternate/JJ once/RB ,/,",,,100.72,103.89999999999999
sw10utt/sw_1065_2675.utt,2/sw2675,2675,36,sd,B,23,2,{C but } I --,but/CC I/PRP --/:,,,103.9,104.14
sw10utt/sw_1065_2675.utt,2/sw2675,2675,37,b,A,24,1,Uh-huh. /,Uh-huh/UH ./.,,,104.15,104.29
sw10utt/sw_1065_2675.utt,2/sw2675,2675,38,+,B,25,1,-- never made it to the jury. /,--/: never/RB made/VBN it/PRP to/IN the/DT jury/NN ./.,,,104.28,105.38
sw10utt/sw_1065_2675.utt,2/sw2675,2675,39,b,A,26,1,Uh-huh.  /,Uh-huh/UH ./.,,,105.57,105.86999999999999
sw10utt/sw_1065_2675.utt,2/sw2675,2675,40,qy,A,26,2,"{F Uh, } do they have such a thing now as a six man jury? /","Uh/UH ,/, do/VBP they/PRP have/VB such/PDT a/DT thing/NN now/RB as/IN a/DT six/CD man/NN jury/NN ?/.",,,106.43,109.67
sw10utt/sw_1065_2675.utt,2/sw2675,2675,41,ng,B,27,1,Not that I know of. /,Not/RB that/IN I/PRP know/VBP of/IN ./.,,,110.24,111.22000000000001
sw10utt/sw_1065_2675.utt,2/sw2675,2675,42,sd,A,28,1,"Somebody told me the other day that there is,  ((   ))  what they call a six man jury,  /","Somebody/NN told/VBD me/PRP the/DT other/JJ day/NN that/IN there/EX is/VBZ ,/, MUMBLEx/XX what/WP they/PRP call/VBP a/DT six/CD man/NN jury/NN ,/,",,,111.23,115.64999999999999
sw10utt/sw_1065_2675.utt,2/sw2675,2675,43,sd,A,28,2,"{C and } I had never heard of such thing,  /","and/CC I/PRP had/VBD never/RB heard/VBN of/IN such/PDT  thing/NN ,/,",,,115.65,116.93
sw10utt/sw_1065_2675.utt,2/sw2675,2675,44,sd,A,28,3,{C and } I wondered if it was true. /,and/CC I/PRP wondered/VBD if/IN it/PRP was/VBD true/JJ ./.,,,116.93,118.35
sw10utt/sw_1065_2675.utt,2/sw2675,2675,45,b,B,29,1,Uh-huh  /,Uh-huh/UH,,,118.66,119.0
sw10utt/sw_1065_2675.utt,2/sw2675,2675,46,sd,B,29,2,"<<pause>>. {F Uh, } I've never heard of it. /","./. Uh/UH ,/, I/PRP 've/VBP never/RB heard/VBN of/IN it/PRP ./.",,,119.0,121.60000000000001
sw10utt/sw_1065_2675.utt,2/sw2675,2675,47,sd,A,30,1,"I never had either,  /","I/PRP never/RB had/VBD either/DT ,/,",,,121.75,122.91
sw10utt/sw_1065_2675.utt,2/sw2675,2675,48,sd,A,30,2,"{C but } I just wondered.  {F Uh, } - /","but/CC I/PRP just/RB wondered/VBD ./. Uh/UH ,/,",,,122.91,124.85000000000001
sw10utt/sw_1065_2675.utt,2/sw2675,2675,49,sd^t,A,30,3,"another question was, [ should +  a criminal case, should ] the jury be unanimous on their decision,  /","another/DT question/NN was/VBD ,/, should/MD a/DT criminal/JJ case/NN ,/, should/MD the/DT jury/NN be/VB unanimous/JJ on/IN their/PRP$ decision/NN ,/,",,,125.85,132.23
sw10utt/sw_1065_2675.utt,2/sw2675,2675,50,sd,A,30,4,"{C and } that I wasn't sure on either, whether it should be unanimous or not. /","and/CC that/IN I/PRP was/VBD n't/RB sure/JJ on/IN either/DT ,/, whether/IN it/PRP should/MD be/VB unanimous/JJ or/CC not/RB ./.",,,133.91,141.91
sw10utt/sw_1065_2675.utt,2/sw2675,2675,51,sv,B,31,1,"<Throat_clearing>  <cough>  {F Uh, } {D well, } there again, {F uh, } I suppose it should be. /","Uh/UH ,/, well/UH ,/, there/EX again/RB ,/, uh/UH ,/, I/PRP suppose/VBP it/PRP should/MD be/VB ./.",,,141.89,148.73
sw10utt/sw_1065_2675.utt,2/sw2675,2675,52,qy^d,A,32,1,That would mean they all would have to decide --,That/DT would/MD mean/VB they/PRP all/DT would/MD have/VB to/TO decide/VB --/:,,,149.63,152.57
sw10utt/sw_1065_2675.utt,2/sw2675,2675,53,na,B,33,1,Exactly. /,Exactly/UH ./.,,,153.25,153.87
sw10utt/sw_1065_2675.utt,2/sw2675,2675,54,+,A,34,1,-- one way or the other. /,--/: one/CD way/NN or/CC the/DT other/NN ./.,,,154.03,154.97
sw10utt/sw_1065_2675.utt,2/sw2675,2675,55,^2,B,35,1,Is it guilt or innocence.  /,Is/VBZ it/PRP guilt/NN or/CC innocence/NN ./.,,,154.95,156.15
sw10utt/sw_1065_2675.utt,2/sw2675,2675,56,sv,B,35,2,"{C But } then again, so many times you get one or two holdouts,  /","But/CC then/RB again/RB ,/, so/RB many/JJ times/NNS you/PRP get/VBP one/CD or/CC two/CD holdouts/NNS ,/,",,,156.97,160.51
sw10utt/sw_1065_2675.utt,2/sw2675,2675,57,sv,B,35,3,"[ {C and, } + {C and } ] --","and/CC ,/, and/CC --/:",,,160.51,161.03
sw10utt/sw_1065_2675.utt,2/sw2675,2675,58,b,A,36,1,Uh-huh. /,Uh-huh/UH ./.,,,161.05,161.19
sw10utt/sw_1065_2675.utt,2/sw2675,2675,59,+,B,37,1,-- it permits the criminal to get a retrial. /,--/: it/PRP permits/VBZ the/DT criminal/JJ to/TO get/VB a/DT retrial/NN ./.,,,161.17,163.19
sw10utt/sw_1065_2675.utt,2/sw2675,2675,60,b,A,38,1,"Yeah,  /","Yeah/UH ,/,",,,163.21,163.63
sw10utt/sw_1065_2675.utt,2/sw2675,2675,61,b^r,A,38,2,yeah. /,yeah/UH ./.,,,164.27,164.45000000000002
sw10utt/sw_1065_2675.utt,2/sw2675,2675,62,%,B,39,1,"{C And } there, - /","And/CC there/EX ,/,",,,165.59,166.47
sw10utt/sw_1065_2675.utt,2/sw2675,2675,63,sv,B,39,2,"that's not too bad in this sense, because you might get someone in their that's a victim of circumstances -- /","that/DT 's/BES not/RB too/RB bad/JJ in/IN this/DT sense/NN ,/, because/IN you/PRP might/MD get/VB someone/NN in/IN their/PRP$ that/WDT 's/BES a/DT victim/NN of/IN circumstances/NNS --/:",,,166.49,171.53
sw10utt/sw_1065_2675.utt,2/sw2675,2675,64,b,A,40,1,Uh-huh. /,Uh-huh/UH ./.,,,171.55,171.79000000000002
sw10utt/sw_1065_2675.utt,2/sw2675,2675,65,sv,B,41,1,"-- {E I mean, } that's happened --","--/: I/PRP mean/VBP ,/, that/DT 's/HVS happened/VBN --/:",,,171.77,174.99
sw10utt/sw_1065_2675.utt,2/sw2675,2675,66,b,A,42,1,"Uh-huh,  /","Uh-huh/UH ,/,",,,175.01,175.14999999999998
sw10utt/sw_1065_2675.utt,2/sw2675,2675,67,b^r,A,42,2,uh-huh. /,uh-huh/UH ./.,,,175.15,175.37
sw10utt/sw_1065_2675.utt,2/sw2675,2675,68,+,B,43,1,"-- and giving them another trial might give them additional time to, {F uh, } prove their innocence. /","--/: and/CC giving/VBG them/PRP another/DT trial/NN might/MD give/VB them/PRP additional/JJ time/NN to/TO ,/, uh/UH ,/, prove/VB their/PRP$ innocence/NN ./.",,,175.35,181.54999999999998
sw10utt/sw_1065_2675.utt,2/sw2675,2675,69,^2,A,44,1,Bring some of these things out. /,Bring/VB some/DT of/IN these/DT things/NNS out/RB ./.,,,181.57,182.98999999999998
sw10utt/sw_1065_2675.utt,2/sw2675,2675,70,aa,B,45,1,Yes. /,Yes/UH ./.,,,183.14,183.72
sw10utt/sw_1065_2675.utt,2/sw2675,2675,71,b,A,46,1,Uh-huh. /,Uh-huh/UH ./.,,,184.67,184.76999999999998
sw10utt/sw_1065_2675.utt,2/sw2675,2675,72,sv,B,47,1,We can't overlook the fact that there are innocent people that do get involved in jury trials. /,We/PRP ca/MD n't/RB overlook/VB the/DT fact/NN that/IN there/EX are/VBP innocent/JJ people/NNS that/WDT do/VBP get/VB involved/JJ in/IN jury/NN trials/NNS ./.,,,184.74,189.84
sw10utt/sw_1065_2675.utt,2/sw2675,2675,73,sv,A,48,1,"{F Un, } apparently there are.  /","Un/NNP ,/, apparently/RB there/EX are/VBP ./.",,,190.05,191.59
sw10utt/sw_1065_2675.utt,2/sw2675,2675,74,%,A,48,2,"[ [  I, + I, ] + I, ] - /","I/PRP ,/, I/PRP ,/, I/PRP ,/,",,,191.59,192.87
sw10utt/sw_1065_2675.utt,2/sw2675,2675,75,sv,A,48,3,"since my husband worked as a policeman, I can't believe there are very many people that come to trial that [ have, + ] are not guilty of [ something + ] --","since/IN my/PRP$ husband/NN worked/VBD as/IN a/DT policeman/NN ,/, I/PRP ca/MD n't/RB believe/VB there/EX are/VBP very/RB many/JJ people/NNS that/WDT come/VBP to/IN trial/NN that/WDT have/VB ,/, are/VBP not/RB guilty/JJ of/IN something/NN --/:",,,192.87,202.14
sw10utt/sw_1065_2675.utt,2/sw2675,2675,76,b,B,49,1,Uh-huh. /,Uh-huh/UH ./.,,,202.12,202.24
sw10utt/sw_1065_2675.utt,2/sw2675,2675,77,+,A,50,1,-- some part of whatever they're accused of. /,--/: some/DT part/NN of/IN whatever/WDT they/PRP 're/VBP accused/VBN of/IN ./.,,,202.26,204.32
sw10utt/sw_1065_2675.utt,2/sw2675,2675,78,b,B,51,1,Uh-huh. /,Uh-huh/UH ./.,,,204.6,204.84
sw10utt/sw_1065_2675.utt,2/sw2675,2675,79,sd,A,52,1,"[ I have, + I still have ] a little bit of a problem with that.  /","I/PRP have/VBP ,/, I/PRP still/RB have/VBP a/DT little/JJ bit/NN of/IN a/DT problem/NN with/IN that/DT ./.",,,205.12,207.76
sw10utt/sw_1065_2675.utt,2/sw2675,2675,80,sv,A,52,2,"{F Uh, } {C but, } I would suppose there are circumstances, you're in the wrong place at the right time, or know the wrong person at the right time. /","Uh/UH ,/, but/CC ,/, I/PRP would/MD suppose/VB there/EX are/VBP circumstances/NNS ,/, you/PRP 're/VBP in/IN the/DT wrong/JJ place/NN at/IN the/DT right/JJ time/NN ,/, or/CC know/VB the/DT wrong/JJ person/NN at/IN the/DT right/JJ time/NN ./.",,,208.58,216.04
sw10utt/sw_1065_2675.utt,2/sw2675,2675,81,ba,B,53,1,"{F Oh, } that's it,  /","Oh/UH ,/, that/DT 's/BES it/PRP ,/,",,,216.02,216.68
sw10utt/sw_1065_2675.utt,2/sw2675,2675,82,sv,B,53,2,{C and } you just might resemble somebody. /,and/CC you/PRP just/RB might/MD resemble/VB somebody/NN ./.,,,216.76,219.26
sw10utt/sw_1065_2675.utt,2/sw2675,2675,83,b,A,54,1,Uh-huh. /,Uh-huh/UH ./.,,,220.8,221.12
sw10utt/sw_1065_2675.utt,2/sw2675,2675,84,sd,B,55,1,"{F Uh, } out here in Texas we had [ [ a, + a, ] + a, ] great miscarriage of  justice.  /","Uh/UH ,/, out/IN here/RB in/IN Texas/NNP we/PRP had/VBD a/DT ,/, a/DT ,/, a/DT ,/, great/JJ miscarriage/NN of/IN justice/NN ./.",,,221.1,227.94000000000003
sw10utt/sw_1065_2675.utt,2/sw2675,2675,85,sd,B,55,2,"[ It was finally, + after nine years, it was finally, ] {F uh, } taken care of. /","It/PRP was/VBD finally/RB ,/, after/IN nine/CD years/NNS ,/, it/PRP was/VBD finally/RB ,/, uh/UH ,/, taken/VBN care/NN of/IN ./.",,,227.94,234.96
sw10utt/sw_1065_2675.utt,2/sw2675,2675,86,b,A,56,1,Uh-huh. /,Uh-huh/UH ./.,,,235.32,235.54
sw10utt/sw_1065_2675.utt,2/sw2675,2675,87,%,B,57,1,"We had, - /","We/PRP had/VBD ,/,",,,235.98,236.64
sw10utt/sw_1065_2675.utt,2/sw2675,2675,88,sd,B,57,2,a Black man was accused simply because he resembled --,a/DT Black/JJ man/NN was/VBD accused/VBN simply/RB because/IN he/PRP resembled/VBD --/:,,,236.82,239.8
sw10utt/sw_1065_2675.utt,2/sw2675,2675,89,b,A,58,1,Oh.,Oh/UH ./.,,,240.24,240.44
sw10utt/sw_1065_2675.utt,2/sw2675,2675,90,+,B,59,1,"-- {F uh, } someone [ who stuc-, + who held ] up, a, Seven Eleven, I think it was. /","--/: uh/UH ,/, someone/NN who/WP stuc-/XX ,/, who/WP held/VBD up/RP ,/, a/DT ,/, Seven/CD Eleven/CD ,/, I/PRP think/VBP it/PRP was/VBD ./.",,,241.0,246.5
sw10utt/sw_1065_2675.utt,2/sw2675,2675,91,+,A,60,1,"Uh-huh,  /","Uh-huh/UH ,/,",,,246.52,246.64000000000001
sw10utt/sw_1065_2675.utt,2/sw2675,2675,92,b^r,A,60,2,uh-huh. /,uh-huh/UH ./.,,,246.64,246.82
sw10utt/sw_1065_2675.utt,2/sw2675,2675,93,sd,B,61,1,"{C And } even though he had witnesses that said that, {F uh, } he was at work,  /","And/CC even/RB though/IN he/PRP had/VBD witnesses/NNS that/WDT said/VBD that/IN ,/, uh/UH ,/, he/PRP was/VBD at/IN work/NN ,/,",,,248.8,252.83999999999997
sw10utt/sw_1065_2675.utt,2/sw2675,2675,94,sd,B,61,2,"{C and } he had all sorts of character witnesses and what not, /","and/CC he/PRP had/VBD all/DT sorts/NNS of/IN character/NN witnesses/NNS and/CC what/WP not/RB ,/,",,,253.54,258.08
sw10utt/sw_1065_2675.utt,2/sw2675,2675,95,qy^d,A,62,1,They still found him guilty? /,They/PRP still/RB found/VBD him/PRP guilty/JJ ?/.,,,259.28,261.0
sw10utt/sw_1065_2675.utt,2/sw2675,2675,96,na^m,B,63,1,They found him guilty. /,They/PRP found/VBD him/PRP guilty/JJ ./.,,,260.98,262.16
sw10utt/sw_1065_2675.utt,2/sw2675,2675,97,qy^d,A,64,1,When people said he was at work? /,When/WRB people/NNS said/VBD he/PRP was/VBD at/IN work/NN ?/.,,,262.18,263.97999999999996
sw10utt/sw_1065_2675.utt,2/sw2675,2675,98,na,B,65,1,"{D Well, } they said [ it w-, + ] [ this, + this ] happened during lunch time. /","Well/UH ,/, they/PRP said/VBD it/PRP w-/XX ,/, this/DT ,/, this/DT happened/VBD during/IN lunch/NN time/NN ./.",,,264.34,266.96
sw10utt/sw_1065_2675.utt,2/sw2675,2675,99,b,A,66,1,Uh-huh. /,Uh-huh/UH ./.,,,267.14,267.5
sw10utt/sw_1065_2675.utt,2/sw2675,2675,100,sd,B,67,1,"{C And } he could have [ disap-, + ] gotten away at lunch time --","And/CC he/PRP could/MD have/VB disap-/XX ,/, gotten/VBN away/RB at/IN lunch/NN time/NN --/:",,,267.65,270.71
sw10utt/sw_1065_2675.utt,2/sw2675,2675,101,b,A,68,1,Uh-huh. /,Uh-huh/UH ./.,,,270.74,270.90000000000003
sw10utt/sw_1065_2675.utt,2/sw2675,2675,102,+,B,69,1,-- and committed the robbery. /,--/: and/CC committed/VBN the/DT robbery/NN ./.,,,270.89,272.59
sw10utt/sw_1065_2675.utt,2/sw2675,2675,103,b,A,70,1,Yeah. /,Yeah/UH ./.,,,272.68,272.92
sw10utt/sw_1065_2675.utt,2/sw2675,2675,104,sd,B,71,1,"{C But } after nine years, - /","But/CC after/IN nine/CD years/NNS ,/,",,,273.79,274.97
sw10utt/sw_1065_2675.utt,2/sw2675,2675,105,sd,B,71,2,"{D well } as a matter of fact they made a T V show about it, after nine years, they finally came up with evidence [ and proved, + ] to prove that he was innocent. /","well/UH as/IN a/DT matter/NN of/IN fact/NN they/PRP made/VBD a/DT T/NN V/NN show/NN about/IN it/PRP ,/, after/IN nine/CD years/NNS ,/, they/PRP finally/RB came/VBD up/RP with/IN evidence/NN and/CC proved/VBD ,/, to/TO prove/VB that/IN he/PRP was/VBD innocent/JJ ./.",,,274.99,284.46999999999997
sw10utt/sw_1065_2675.utt,2/sw2675,2675,106,ba,A,72,1,"{F Oh, } for heaven's sake.  /","Oh/UH ,/, for/IN heaven/NN 's/POS sake/NN ./.",,,284.88,285.88
sw10utt/sw_1065_2675.utt,2/sw2675,2675,107,sd,A,72,2,{C So } there's nine years of that man's life gone. /,So/RB there/EX 's/BES nine/CD years/NNS of/IN that/DT man/NN 's/POS life/NN gone/VBN ./.,,,286.04,288.02000000000004
sw10utt/sw_1065_2675.utt,2/sw2675,2675,108,ba,B,73,1,Exactly. /,Exactly/UH ./.,,,287.99,288.69
sw10utt/sw_1065_2675.utt,2/sw2675,2675,109,b,A,74,1,Uh-huh. /,Uh-huh/UH ./.,,,289.68,289.8
sw10utt/sw_1065_2675.utt,2/sw2675,2675,110,sv,B,75,1,{D Now } that just was not fair. /,Now/UH that/DT just/RB was/VBD not/RB fair/JJ ./.,,,289.77,290.93
sw10utt/sw_1065_2675.utt,2/sw2675,2675,111,aa,A,76,1,"No,  /","No/UH ,/,",,,290.96,291.35999999999996
sw10utt/sw_1065_2675.utt,2/sw2675,2675,112,b,A,76,2,huh-uh. /,huh-uh/UH ./.,,,291.36,291.56
sw10utt/sw_1065_2675.utt,2/sw2675,2675,113,%,B,77,1,{D So. } -/,So/UH ./.,,,291.53,291.72999999999996
sw10utt/sw_1065_2675.utt,2/sw2675,2675,114,b,A,78,1,"Yeah,  /","Yeah/UH ,/,",,,292.72,292.88000000000005
sw10utt/sw_1065_2675.utt,2/sw2675,2675,115,sv,A,78,2,"I guess that's where a lot of the problem lies,  /","I/PRP guess/VBP that/DT 's/BES where/WRB a/DT lot/NN of/IN the/DT problem/NN lies/VBZ ,/,",,,292.88,294.88
sw10utt/sw_1065_2675.utt,2/sw2675,2675,116,sv,A,78,3,"[ we're, + we ] bend over backwards protecting the guilty people, the one's that are on trial. /","we/PRP 're/VBP ,/, we/PRP bend/VB over/IN backwards/IN protecting/VBG the/DT guilty/JJ people/NNS ,/, the/DT one/CD 's/POS that/WDT are/VBP on/IN trial/NN ./.",,,294.88,300.40000000000003
sw10utt/sw_1065_2675.utt,2/sw2675,2675,117,b,B,79,1,Yes. /,Yes/UH ./.,,,300.47,301.09000000000003
sw10utt/sw_1065_2675.utt,2/sw2675,2675,118,sv,A,80,1,"[ {C And, } +","And/CC ,/,",,,301.46,301.76
sw10utt/sw_1065_2675.utt,2/sw2675,2675,119,sv,B,81,1,"Unfortunately, that's what happens. /","Unfortunately/RB ,/, that/DT 's/BES what/WP happens/VBZ ./.",,,301.73,303.65000000000003
sw10utt/sw_1065_2675.utt,2/sw2675,2675,120,+,A,82,1,"{C And } ] we often forget about the one the injustice has been done [ to, + ] because I [ bet, + ] they still say our system is the best in the world. /","And/CC we/PRP often/RB forget/VBP about/IN the/DT one/CD the/DT injustice/NN has/VBZ been/VBN done/VBN to/TO ,/, because/IN I/PRP bet/VBP ,/, they/PRP still/RB say/VBP our/PRP$ system/NN is/VBZ the/DT best/JJS in/IN the/DT world/NN ./.",,,303.86,313.98
sw10utt/sw_1065_2675.utt,2/sw2675,2675,121,sv,B,83,1,"{D Well, } [ it's not, the, + {F uh, } {F uh, } it's not the ] best system,  /","Well/UH ,/, it/PRP 's/BES not/RB ,/, the/DT ,/, uh/UH ,/, uh/UH ,/, it/PRP 's/BES not/RB the/DT best/JJS system/NN ,/,",,,315.17,319.39
sw10utt/sw_1065_2675.utt,2/sw2675,2675,122,sv,B,83,2,{C but } it's the best one in the world. /,but/CC it/PRP 's/BES the/DT best/JJS one/CD in/IN the/DT world/NN ./.,,,319.39,320.65
sw10utt/sw_1065_2675.utt,2/sw2675,2675,123,b,A,84,1,"Yeah,  /","Yeah/UH ,/,",,,320.9,321.12
sw10utt/sw_1065_2675.utt,2/sw2675,2675,124,sv,A,84,2,"it's the best one that exists, I guess. /","it/PRP 's/BES the/DT best/JJS one/CD that/WDT exists/VBZ ,/, I/PRP guess/VBP ./.",,,321.12,322.91999999999996
sw10utt/sw_1065_2675.utt,2/sw2675,2675,125,b,B,85,1,Uh-huh.  /,Uh-huh/UH ./.,,,323.13,323.59
sw10utt/sw_1065_2675.utt,2/sw2675,2675,126,sv,B,85,2,"{C And } unfortunately, we just have to put up with a lot of things,  /","And/CC unfortunately/RB ,/, we/PRP just/RB have/VBP to/TO put/VB up/RP with/IN a/DT lot/NN of/IN things/NNS ,/,",,,325.03,327.78999999999996
sw10utt/sw_1065_2675.utt,2/sw2675,2675,127,sv,B,85,3,"{C and } they try to solve them and everything,  /","and/CC they/PRP try/VBP to/TO solve/VB them/PRP and/CC everything/NN ,/,",,,327.79,329.91
sw10utt/sw_1065_2675.utt,2/sw2675,2675,128,h,B,85,4,"{C but, } {F uh, } I don't know,  /","but/CC ,/, uh/UH ,/, I/PRP do/VBP n't/RB know/VB ,/,",,,330.91,333.23
sw10utt/sw_1065_2675.utt,2/sw2675,2675,129,%,B,85,5,"the Supreme Court, - /","the/DT Supreme/NNP Court/NNP ,/,",,,333.31,334.33
sw10utt/sw_1065_2675.utt,2/sw2675,2675,130,sd,B,85,6,"{D well, } [ [ I'm, + I'm, ] + I'm ] still rancled about their decision to permit burning of the flag. /","well/UH ,/, I/PRP 'm/VBP ,/, I/PRP 'm/VBP ,/, I/PRP 'm/VBP still/RB rancled/JJ about/IN their/PRP$ decision/NN to/TO permit/VB burning/NN of/IN the/DT flag/NN ./.",,,336.37,340.39
sw10utt/sw_1065_2675.utt,2/sw2675,2675,131,sv,A,86,1,"{F Oh, } I think a lot of people are.  /","Oh/UH ,/, I/PRP think/VBP a/DT lot/NN of/IN people/NNS are/VBP ./.",,,340.64,342.68
sw10utt/sw_1065_2675.utt,2/sw2675,2675,132,sv,A,86,2,I think they've lost sight of some things that are very important to our country. /,I/PRP think/VBP they/PRP 've/VBP lost/VBN sight/NN of/IN some/DT things/NNS that/WDT are/VBP very/RB important/JJ to/IN our/PRP$ country/NN ./.,,,342.68,347.7
sw10utt/sw_1065_2675.utt,2/sw2675,2675,133,%,B,87,1,"{D Well, } it, - /","Well/UH ,/, it/PRP ,/,",,,347.94,348.42
sw10utt/sw_1065_2675.utt,2/sw2675,2675,134,sv,B,87,2,"[ [ the, + the, ] + the ] First Amendment definitely says freedom of speech --","the/DT ,/, the/DT ,/, the/DT First/NNP Amendment/NNP definitely/RB says/VBZ freedom/NN of/IN speech/NN --/:",,,348.52,353.26
sw10utt/sw_1065_2675.utt,2/sw2675,2675,135,b,A,88,1,Uh-huh. /,Uh-huh/UH ./.,,,353.46,353.68
sw10utt/sw_1065_2675.utt,2/sw2675,2675,136,+,B,89,1,-- not freedom of action. /,--/: not/RB freedom/NN of/IN action/NN ./.,,,354.0,355.16
sw10utt/sw_1065_2675.utt,2/sw2675,2675,137,b,A,90,1,Yeah. /,Yeah/UH ./.,,,355.44,355.78
sw10utt/sw_1065_2675.utt,2/sw2675,2675,138,sd,B,91,1,"{C And, } {F uh, } {F uh, } {D well } that just rancles me  /","And/CC ,/, uh/UH ,/, uh/UH ,/, well/UH that/DT just/RB rancles/VBZ me/PRP",,,357.1,360.24
sw10utt/sw_1065_2675.utt,2/sw2675,2675,139,%,B,91,2,"no,  /","no/UH ,/,",,,360.24,360.5
sw10utt/sw_1065_2675.utt,2/sw2675,2675,140,sd,B,91,3,"I swear, if I ever saw somebody [ to, + ] {F uh, } burning a flag, [ I'd, + I'd ] try to kill them, I would. /","I/PRP swear/VBP ,/, if/IN I/PRP ever/RB saw/VBD somebody/NN to/TO ,/, uh/UH ,/, burning/VBG a/DT flag/NN ,/, I/PRP 'd/MD ,/, I/PRP 'd/MD try/VB to/TO kill/VB them/PRP ,/, I/PRP would/MD ./.",,,361.46,367.68
sw10utt/sw_1065_2675.utt,2/sw2675,2675,141,b,A,92,1,"<Laughter>  That bad, {F huh. }  /","That/DT bad/JJ ,/, huh/UH ./.",,,367.74,368.62
sw10utt/sw_1065_2675.utt,2/sw2675,2675,142,sd,A,92,2,"I wouldn't like it,  /","I/PRP would/MD n't/RB like/VB it/PRP ,/,",,,369.02,369.76000000000005
sw10utt/sw_1065_2675.utt,2/sw2675,2675,143,sv,A,92,3,{C but } I don't know if I'd go that far. /,but/CC I/PRP do/VBP n't/RB know/VB if/IN I/PRP 'd/MD go/VB that/RB far/RB ./.,,,369.76,371.41999999999996
sw10utt/sw_1065_2675.utt,2/sw2675,2675,144,sd,B,93,1,"{D Well, } I happen to be a flag freak.  /","Well/UH ,/, I/PRP happen/VBP to/TO be/VB a/DT flag/NN freak/NN ./.",,,371.46,373.64
sw10utt/sw_1065_2675.utt,2/sw2675,2675,145,sd,B,93,2,"[  I served, + I ] was in the service -- /","I/PRP served/VBD ,/, I/PRP was/VBD in/IN the/DT service/NN --/:",,,373.64,375.18
sw10utt/sw_1065_2675.utt,2/sw2675,2675,146,b,A,94,1,Uh-huh. /,Uh-huh/UH ./.,,,375.24,375.6
sw10utt/sw_1065_2675.utt,2/sw2675,2675,147,sd,B,95,1,-- I was in Korea -- /,--/: I/PRP was/VBD in/IN Korea/NNP --/:,,,375.94,376.88
sw10utt/sw_1065_2675.utt,2/sw2675,2675,148,b,A,96,1,Uh-huh. /,Uh-huh/UH ./.,,,378.26,378.46
sw10utt/sw_1065_2675.utt,2/sw2675,2675,149,sd,B,97,1,"-- {C and, } {F uh, } {D well, } I saw what the red in the flag represents. /","--/: and/CC ,/, uh/UH ,/, well/UH ,/, I/PRP saw/VBD what/WP the/DT red/NN in/IN the/DT flag/NN represents/VBZ ./.",,,378.42,383.66
sw10utt/sw_1065_2675.utt,2/sw2675,2675,150,b,A,98,1,"Yeah,  /","Yeah/UH ,/,",,,383.7,383.78
sw10utt/sw_1065_2675.utt,2/sw2675,2675,151,sv,A,98,2,"{D well, } I think pride in our country and our flag is so important.  /","well/UH ,/, I/PRP think/VBP pride/NN in/IN our/PRP$ country/NN and/CC our/PRP$ flag/NN is/VBZ so/RB important/JJ ./.",,,383.78,388.9
sw10utt/sw_1065_2675.utt,2/sw2675,2675,152,sv,A,98,3,It's important in so many facets of our lives. /,It/PRP 's/BES important/JJ in/IN so/RB many/JJ facets/NNS of/IN our/PRP$ lives/NNS ./.,,,389.66,392.28
sw10utt/sw_1065_2675.utt,2/sw2675,2675,153,b,B,99,1,Uh-huh. /,Uh-huh/UH ./.,,,392.66,392.92
sw10utt/sw_1065_2675.utt,2/sw2675,2675,154,sv,A,100,1,"{C And, } {F uh, } [ I, + I ] feel like if [ they don't, + people don't ] like what our flag stands for, they're welcome to go some place else. /","And/CC ,/, uh/UH ,/, I/PRP ,/, I/PRP feel/VBP like/IN if/IN they/PRP do/VBP n't/RB ,/, people/NNS do/VBP n't/RB like/VB what/WP our/PRP$ flag/NN stands/VBZ for/IN ,/, they/PRP 're/VBP welcome/JJ to/TO go/VB some/DT place/NN else/RB ./.",,,393.38,402.36
sw10utt/sw_1065_2675.utt,2/sw2675,2675,155,b,B,101,1,"Yeah,  /","Yeah/UH ,/,",,,402.56,402.74
sw10utt/sw_1065_2675.utt,2/sw2675,2675,156,%,B,101,2,"{D see } what they, -/","see/VB what/WP they/PRP ,/,",,,402.74,403.36
sw10utt/sw_1065_2675.utt,2/sw2675,2675,157,sv,A,102,1,There's nobody holding them here. /,There/EX 's/BES nobody/NN holding/VBG them/PRP here/RB ./.,,,404.48,405.97999999999996
sw10utt/sw_1065_2675.utt,2/sw2675,2675,158,sv,B,103,1,{D See } how they'd like it under another flag. /,See/VB how/WRB they/PRP 'd/MD like/VB it/PRP under/IN another/DT flag/NN ./.,,,406.3,408.12
sw10utt/sw_1065_2675.utt,2/sw2675,2675,159,b,A,104,1,Right.  /,Right/UH ./.,,,408.16,408.56
sw10utt/sw_1065_2675.utt,2/sw2675,2675,160,sv,A,104,2,"They'd soon be back,  /","They/PRP 'd/MD soon/RB be/VB back/RB ,/,",,,409.06,410.0
sw10utt/sw_1065_2675.utt,2/sw2675,2675,161,sv,A,104,3,I'm sure. /,I/PRP 'm/VBP sure/JJ ./.,,,410.0,410.48
sw10utt/sw_1065_2675.utt,2/sw2675,2675,162,b,B,105,1,Uh-huh. /,Uh-huh/UH ./.,,,410.78,411.08
sw10utt/sw_1065_2675.utt,2/sw2675,2675,163,b,A,106,1,Yeah. /,Yeah/UH ./.,,,411.68,411.88
sw10utt/sw_1065_2675.utt,2/sw2675,2675,164,sv,B,107,1,"{D Well, } Jean, we seem to be of the same opinions here. /","Well/UH ,/, Jean/NNP ,/, we/PRP seem/VBP to/TO be/VB of/IN the/DT same/JJ opinions/NNS here/RB ./.",,,413.0,418.48
sw10utt/sw_1065_2675.utt,2/sw2675,2675,165,b,A,108,1,Uh-huh. /,Uh-huh/UH ./.,,,418.78,419.0
sw10utt/sw_1065_2675.utt,2/sw2675,2675,166,sd^t,B,109,1,I hope they get something out of this. /,I/PRP hope/VBP they/PRP get/VBP something/NN out/IN of/IN this/DT ./.,,,419.32,420.79999999999995
sw10utt/sw_1065_2675.utt,2/sw2675,2675,167,b,A,110,1,"Yeah,  /","Yeah/UH ,/,",,,420.84,421.03999999999996
sw10utt/sw_1065_2675.utt,2/sw2675,2675,168,sv,A,110,2,"I don't know about the judge making the decision, if that's, - /","I/PRP do/VBP n't/RB know/VB about/IN the/DT judge/NN making/VBG the/DT decision/NN ,/, if/IN that/DT 's/BES ,/,",,,421.28,424.26
sw10utt/sw_1065_2675.utt,2/sw2675,2675,169,qy,A,110,3,do you think that's good --,do/VBP you/PRP think/VB that/DT 's/BES good/JJ --/:,,,424.44,425.34000000000003
sw10utt/sw_1065_2675.utt,2/sw2675,2675,170,qy,B,111,1,{F Oh } --,Oh/UH --/:,,,425.3,425.46000000000004
sw10utt/sw_1065_2675.utt,2/sw2675,2675,171,+,A,112,1,"-- {D you know, } like if a jury, -/","--/: you/PRP know/VBP ,/, like/IN if/IN a/DT jury/NN ,/,",,,425.7,426.6
sw10utt/sw_1065_2675.utt,2/sw2675,2675,172,+@,B,113,1,-- passing sentence?,--/: passing/VBG sentence/NN ?/.,,,426.56,427.47999999999996
sw10utt/sw_1065_2675.utt,2/sw2675,2675,173,ny,A,114,1,Uh-huh. /,Uh-huh/UH ./.,,,427.84,428.23999999999995
sw10utt/sw_1065_2675.utt,2/sw2675,2675,174,+@,B,115,1,"{D Well, } {F uh, } {F uh, } yes,  /","Well/UH ,/, uh/UH ,/, uh/UH ,/, yes/UH ,/,",,,428.2,432.52
sw10utt/sw_1065_2675.utt,2/sw2675,2675,175,sv,B,115,2,"{C but } I think the jury should be able to recommend, /","but/CC I/PRP think/VBP the/DT jury/NN should/MD be/VB able/JJ to/TO recommend/VB ,/,",,,432.58,434.92
sw10utt/sw_1065_2675.utt,2/sw2675,2675,176,qy^d,A,116,1,Make a recommendation? /,Make/VB a/DT recommendation/NN ?/.,,,435.44,436.4
sw10utt/sw_1065_2675.utt,2/sw2675,2675,177,ny,B,117,1,Yes. /,Yes/UH ./.,,,436.36,436.76
sw10utt/sw_1065_2675.utt,2/sw2675,2675,178,qy,A,118,1,Do they sometimes make a recommendation? /,Do/VBP they/PRP sometimes/RB make/VB a/DT recommendation/NN ?/.,,,436.9,439.08
sw10utt/sw_1065_2675.utt,2/sw2675,2675,179,ny,B,119,1,"{F Oh, } yes,  /","Oh/UH ,/, yes/UH ,/,",,,439.04,439.34000000000003
sw10utt/sw_1065_2675.utt,2/sw2675,2675,180,ny^r,B,119,2,yes. /,yes/UH ./.,,,439.34,439.52
sw10utt/sw_1065_2675.utt,2/sw2675,2675,181,sd,A,120,1,"That's what I was thinking [ they, + they ] sometimes do. /","That/DT 's/BES what/WP I/PRP was/VBD thinking/VBG they/PRP ,/, they/PRP sometimes/RB do/VBP ./.",,,439.56,442.88000000000005
sw10utt/sw_1065_2675.utt,2/sw2675,2675,182,sd,B,121,1,I don't know if that's a regular procedure or what.  /,I/PRP do/VBP n't/RB know/VB if/IN that/DT 's/BES a/DT regular/JJ procedure/NN or/CC what/WP ./.,,,442.83,445.10999999999996
sw10utt/sw_1065_2675.utt,2/sw2675,2675,183,sd,B,121,2,"{C But } I know I'm always hearing that, {F uh, }  /","But/CC I/PRP know/VBP I/PRP 'm/VBP always/RB hearing/VBG that/IN ,/, uh/UH ,/,",,,447.29,449.28999999999996
sw10utt/sw_1065_2675.utt,2/sw2675,2675,184,sd,B,121,3,"{D well, } the jury came in with a guilty verdict  /","well/UH ,/, the/DT jury/NN came/VBD in/IN with/IN a/DT guilty/JJ verdict/NN",,,449.99,452.15
sw10utt/sw_1065_2675.utt,2/sw2675,2675,185,sd,B,121,4,"{C and } they recommended,","and/CC they/PRP recommended/VBD ,/,",,,452.15,452.99
sw10utt/sw_1065_2675.utt,2/sw2675,2675,186,^2,A,122,1,# {C And } they recommend.  # /,And/CC they/PRP recommend/VBP ./.,,,0.0,0.0
sw10utt/sw_1065_2675.utt,2/sw2675,2675,187,+,B,123,1,# twenty years or # something. /,twenty/CD years/NNS or/CC something/NN ./.,,,452.99,454.90999999999997
sw10utt/sw_1065_2675.utt,2/sw2675,2675,188,b,A,124,1,Yeah.  /,Yeah/UH ./.,,,454.96,455.14
sw10utt/sw_1065_2675.utt,2/sw2675,2675,189,sd,A,124,2,{C And then } the judge has the final decision --,And/CC then/RB the/DT judge/NN has/VBZ the/DT final/JJ decision/NN --/:,,,455.48,457.42
sw10utt/sw_1065_2675.utt,2/sw2675,2675,190,b,B,125,1,Yes. /,Yes/UH ./.,,,457.61,458.07
sw10utt/sw_1065_2675.utt,2/sw2675,2675,191,+,A,126,1,-- on what does really happen.  Yeah. /,--/: on/IN what/WP does/VBZ really/RB happen/VB ./. Yeah/UH ./.,,,458.36,461.46
sw10utt/sw_1065_2675.utt,2/sw2675,2675,192,sv,B,127,1,"Of course, {D now, } the jury may not be completely aware of all the ramifications of a sentence. /","Of/IN course/NN ,/, now/UH ,/, the/DT jury/NN may/MD not/RB be/VB completely/RB aware/JJ of/IN all/PDT the/DT ramifications/NNS of/IN a/DT sentence/NN ./.",,,461.41,467.49
sw10utt/sw_1065_2675.utt,2/sw2675,2675,193,b,A,128,1,Uh-huh. /,Uh-huh/UH ./.,,,467.54,467.8
sw10utt/sw_1065_2675.utt,2/sw2675,2675,194,sd,B,129,1,They may not know that if you give him twenty years he can get out in five. /,They/PRP may/MD not/RB know/VB that/IN if/IN you/PRP give/VBP him/PRP twenty/CD years/NNS he/PRP can/MD get/VB out/RB in/IN five/CD ./.,,,468.33,471.51
sw10utt/sw_1065_2675.utt,2/sw2675,2675,195,sv,A,130,1,"{D Well, } I think that's where a lot of people think, boy they're getting put away for a long time,  /","Well/UH ,/, I/PRP think/VBP that/DT 's/BES where/WRB a/DT lot/NN of/IN people/NNS think/VBP ,/, boy/UH they/PRP 're/VBP getting/VBG put/VB away/RB for/IN a/DT long/JJ time/NN ,/,",,,471.78,476.08
sw10utt/sw_1065_2675.utt,2/sw2675,2675,196,sv,A,130,2,"{C but } actually, their chance, course, when, - /","but/CC actually/UH ,/, their/PRP$ chance/NN ,/, course/NN ,/, when/WRB ,/,",,,476.08,478.9
sw10utt/sw_1065_2675.utt,2/sw2675,2675,197,sv,A,130,3,"a lot of times when they come up for parole, they're denied.  /","a/DT lot/NN of/IN times/NNS when/WRB they/PRP come/VBP up/RP for/IN parole/NN ,/, they/PRP 're/VBP denied/VBN ./.",,,478.9,481.56
sw10utt/sw_1065_2675.utt,2/sw2675,2675,198,sv,A,130,4,It depends on --,It/PRP depends/VBZ on/IN --/:,,,481.56,482.34000000000003
sw10utt/sw_1065_2675.utt,2/sw2675,2675,199,b,B,131,1,Uh-huh. /,Uh-huh/UH ./.,,,482.8,483.04
sw10utt/sw_1065_2675.utt,2/sw2675,2675,200,+,A,132,1,"-- {D you know, } [ what they're, + what they'd ] been guilty of, and a lot of different things, I guess. /","--/: you/PRP know/VBP ,/, what/WP they/PRP 're/VBP ,/, what/WP they/PRP 'd/MD been/VBN guilty/JJ of/IN ,/, and/CC a/DT lot/NN of/IN different/JJ things/NNS ,/, I/PRP guess/VBP ./.",,,483.1,488.34000000000003
sw10utt/sw_1065_2675.utt,2/sw2675,2675,201,b,B,133,1,"Yeah,  /","Yeah/UH ,/,",,,488.56,488.72
sw10utt/sw_1065_2675.utt,2/sw2675,2675,202,sv,B,133,2,"{C but } too many times [ they, + they ] are permitted to go out on parole  /","but/CC too/RB many/JJ times/NNS they/PRP ,/, they/PRP are/VBP permitted/VBN to/TO go/VB out/IN on/IN parole/NN",,,488.72,491.88
sw10utt/sw_1065_2675.utt,2/sw2675,2675,203,%,B,133,3,"{C and, } -/","and/CC ,/,",,,491.88,492.02
sw10utt/sw_1065_2675.utt,2/sw2675,2675,204,b,A,134,1,Uh-huh.  /,Uh-huh/UH ./.,,,492.96,493.08
sw10utt/sw_1065_2675.utt,2/sw2675,2675,205,sv,A,134,2,A lot slip through the protective whatever they have to do.  /,A/DT lot/NN slip/VBP through/IN the/DT protective/JJ whatever/WP they/PRP have/VBP to/TO do/VB ./.,,,493.08,498.34000000000003
sw10utt/sw_1065_2675.utt,2/sw2675,2675,206,sv,A,134,3,{C And } there are bad ones that do slip back out and end up hurting somebody again. /,And/CC there/EX are/VBP bad/JJ ones/NNS that/WDT do/VBP slip/VB back/RB out/RP and/CC end/VB up/RP hurting/VBG somebody/NN again/RB ./.,,,498.7,504.12
sw10utt/sw_1065_2675.utt,2/sw2675,2675,207,b,B,135,1,Yes.  /,Yes/UH ./.,,,504.06,504.68
sw10utt/sw_1065_2675.utt,2/sw2675,2675,208,sv,B,135,2,They just go out and repeat their crimes. /,They/PRP just/RB go/VBP out/RB and/CC repeat/VBP their/PRP$ crimes/NNS ./.,,,504.68,506.47999999999996
sw10utt/sw_1065_2675.utt,2/sw2675,2675,209,b,A,136,1,"Uh-huh,  /","Uh-huh/UH ,/,",,,508.3,508.46000000000004
sw10utt/sw_1065_2675.utt,2/sw2675,2675,210,b^r,A,136,2,uh-huh. /,uh-huh/UH ./.,,,508.46,508.58
sw10utt/sw_1065_2675.utt,2/sw2675,2675,211,%,B,137,1,"{D Well } there, - /","Well/UH there/EX ,/,",,,508.52,508.88
sw10utt/sw_1065_2675.utt,2/sw2675,2675,212,sd,B,137,2,"{D well, } they say after three offenses its automatically life in prison,  /","well/UH ,/, they/PRP say/VBP after/IN three/CD offenses/NNS its/PRP$ automatically/RB life/NN in/IN prison/NN ,/,",,,509.64,513.52
sw10utt/sw_1065_2675.utt,2/sw2675,2675,213,sv,B,137,3,{C but } I think they ought to make it two offenses. /,but/CC I/PRP think/VBP they/PRP ought/MD to/TO make/VB it/PRP two/CD offenses/NNS ./.,,,513.52,515.36
sw10utt/sw_1065_2675.utt,2/sw2675,2675,214,b,A,138,1,Uh-huh.  /,Uh-huh/UH ./.,,,515.52,515.68
sw10utt/sw_1065_2675.utt,2/sw2675,2675,215,sv,A,138,2,"I always thought [ there was, + there was ] wrong, - /","I/PRP always/RB thought/VBD there/EX was/VBD ,/, there/EX was/VBD wrong/JJ ,/,",,,516.0,518.2800000000001
sw10utt/sw_1065_2675.utt,2/sw2675,2675,216,sv,A,138,3,it seems sometimes that like somebody who is stealing a loaf of bread to feed his family got more jail sentence than somebody maybe that killed  somebody. /,it/PRP seems/VBZ sometimes/RB that/IN like/UH somebody/NN who/WP is/VBZ stealing/VBG a/DT loaf/NN of/IN bread/NN to/TO feed/VB his/PRP$ family/NN got/VBD more/JJR jail/NN sentence/NN than/IN somebody/NN maybe/RB that/WDT killed/VBD somebody/NN ./.,,,518.57,528.07
sw10utt/sw_1065_2675.utt,2/sw2675,2675,217,b,B,139,1,Uh-huh. /,Uh-huh/UH ./.,,,528.34,528.7
sw10utt/sw_1065_2675.utt,2/sw2675,2675,218,sv,A,140,1,"It seemed like [ there, + sometimes there's ] not a good, - /","It/PRP seemed/VBD like/IN there/EX ,/, sometimes/RB there/EX 's/BES not/RB a/DT good/NN ,/,",,,529.03,531.63
sw10utt/sw_1065_2675.utt,2/sw2675,2675,219,sv,A,140,2,the balance isn't right.  /,the/DT balance/NN is/VBZ n't/RB right/JJ ./.,,,531.83,533.09
sw10utt/sw_1065_2675.utt,2/sw2675,2675,220,sv,A,140,3,It doesn't make sense. /,It/PRP does/VBZ n't/RB make/VB sense/NN ./.,,,533.93,535.75
sw10utt/sw_1065_2675.utt,2/sw2675,2675,221,b,B,141,1,"Yeah,  /","Yeah/UH ,/,",,,535.72,536.02
sw10utt/sw_1065_2675.utt,2/sw2675,2675,222,ba,B,141,2,very true.  /,very/RB true/JJ ./.,,,536.02,536.76
sw10utt/sw_1065_2675.utt,2/sw2675,2675,223,sv,B,141,3,"{D Well, } here again now, there is where race seems to rear its ugly head so frequently. /","Well/UH ,/, here/RB again/RB now/RB ,/, there/EX is/VBZ where/WRB race/NN seems/VBZ to/TO rear/VB its/PRP$ ugly/JJ head/NN so/RB frequently/RB ./.",,,537.34,543.46
sw10utt/sw_1065_2675.utt,2/sw2675,2675,224,b,A,142,1,Uh-huh. /,Uh-huh/UH ./.,,,545.07,545.35
sw10utt/sw_1065_2675.utt,2/sw2675,2675,225,sv,B,143,1,Race or nationality even. /,Race/NN or/CC nationality/NN even/RB ./.,,,545.3,547.0
sw10utt/sw_1065_2675.utt,2/sw2675,2675,226,b,A,144,1,"Uh-huh,  /","Uh-huh/UH ,/,",,,547.57,547.7900000000001
sw10utt/sw_1065_2675.utt,2/sw2675,2675,227,b,A,144,2,yeah. /,yeah/UH ./.,,,547.79,547.89
sw10utt/sw_1065_2675.utt,2/sw2675,2675,228,sv,B,145,1,"<<Pause>> {C But, } {F uh, } like you said, [ it's, + it's ] not the best system,  /","But/CC ,/, uh/UH ,/, like/IN you/PRP said/VBD ,/, it/PRP 's/BES ,/, it/PRP 's/BES not/RB the/DT best/JJS system/NN ,/,",,,551.97,555.59
sw10utt/sw_1065_2675.utt,2/sw2675,2675,229,sv,B,145,2,{C but } it's the best one we've got. /,but/CC it/PRP 's/BES the/DT best/JJS one/CD we/PRP 've/VBP got/VBN ./.,,,555.59,556.8100000000001
sw10utt/sw_1065_2675.utt,2/sw2675,2675,230,b,A,146,1,"Yeah,  /","Yeah/UH ,/,",,,556.87,557.19
sw10utt/sw_1065_2675.utt,2/sw2675,2675,231,b,A,146,2,right.  /,right/UH ./.,,,557.35,557.61
sw10utt/sw_1065_2675.utt,2/sw2675,2675,232,%,A,146,3,"{C So, } let's put up with it, I guess. /","So/RB ,/, let/VB 's/PRP put/VB up/RP with/IN it/PRP ,/, I/PRP guess/VBP ./.",,,558.05,559.77
sw10utt/sw_1065_2675.utt,2/sw2675,2675,233,b,B,147,1,Uh-huh. /,Uh-huh/UH ./.,,,559.95,560.23
sw10utt/sw_1065_2675.utt,2/sw2675,2675,234,sv,A,148,1,"Improve it if we can, if we ever get a chance. /","Improve/VB it/PRP if/IN we/PRP can/MD ,/, if/IN we/PRP ever/RB get/VBP a/DT chance/NN ./.",,,560.29,562.49
sw10utt/sw_1065_2675.utt,2/sw2675,2675,235,ba,B,149,1,Sure enough. /,Sure/RB enough/RB ./.,,,562.71,563.33
sw10utt/sw_1065_2675.utt,2/sw2675,2675,236,%,A,150,1,{D So. } -/,So/UH ./.,,,564.19,564.2900000000001
sw10utt/sw_1065_2675.utt,2/sw2675,2675,237,fc,B,151,1,"Jean, it's been awful nice talking to you. /","Jean/NNP ,/, it/PRP 's/HVS been/VBN awful/RB nice/JJ talking/VBG to/IN you/PRP ./.",,,564.23,565.9100000000001
sw10utt/sw_1065_2675.utt,2/sw2675,2675,238,fc^m,A,152,1,"{D Well, } it's been nice talking to you, Jack,  /","Well/UH ,/, it/PRP 's/HVS been/VBN nice/JJ talking/VBG to/IN you/PRP ,/, Jack/NNP ,/,",,,565.97,568.0699999999999
sw10utt/sw_1065_2675.utt,2/sw2675,2675,239,fc,A,152,2,{C and } I hope you have a real good day and week. /,and/CC I/PRP hope/VBP you/PRP have/VBP a/DT real/RB good/JJ day/NN and/CC week/NN ./.,,,568.07,570.59
sw10utt/sw_1065_2675.utt,2/sw2675,2675,240,fc,B,153,1,{D Well } let's hope neither one of us ever has to run into this subject we were discussing. /,Well/UH let/VB 's/PRP hope/VB neither/DT one/CD of/IN us/PRP ever/RB has/VBZ to/TO run/VB into/IN this/DT subject/NN we/PRP were/VBD discussing/VBG ./.,,,572.13,576.65
sw10utt/sw_1065_2675.utt,2/sw2675,2675,241,fc,A,154,1,<Laughter>  I hope not. /,I/PRP hope/VBP not/RB ./.,,,576.71,577.6700000000001
sw10utt/sw_1065_2675.utt,2/sw2675,2675,242,fc,B,155,1,Take care now. /,Take/VB care/NN now/RB ./.,,,577.71,578.8900000000001
sw10utt/sw_1065_2675.utt,2/sw2675,2675,243,fc,A,156,1,"You, too. /","You/PRP ,/, too/RB ./.",,,579.01,579.65
sw10utt/sw_1065_2675.utt,2/sw2675,2675,244,fc,B,157,1,Bye. /,Bye/UH ./.,,,579.61,580.0500000000001
sw10utt/sw_1065_2675.utt,2/sw2675,2675,245,fc,A,158,1,Bye-bye. /,Bye-bye/UH ./.,,,581.69,582.0300000000001
