swda_filename,ptb_basename,conversation_no,transcript_index,act_tag,caller,utterance_index,subutterance_index,text,pos,trees,ptb_treenumbers,start_ts,end_ts
sw08utt/sw_0861_2684.utt,2/sw2684,2684,0,sv,A,1,1,I think you got it. /,I/PRP think/VBP you/PRP got/VBD it/PRP ./.,,,1.32,2.38
sw08utt/sw_0861_2684.utt,2/sw2684,2684,1,o,B,2,1,Okay.  /,Okay/UH ./.,,,2.32,2.52
sw08utt/sw_0861_2684.utt,2/sw2684,2684,2,sd,B,2,2,"{F Uh, } my first thoughts on capital punishment i-, - /","Uh/UH ,/, my/PRP$ first/JJ thoughts/NNS on/IN capital/NN punishment/NN i-/XX ,/,",,,3.4,5.78
sw08utt/sw_0861_2684.utt,2/sw2684,2684,3,%,B,2,3,"I, - /","I/PRP ,/,",,,0.0,0.0
sw08utt/sw_0861_2684.utt,2/sw2684,2684,4,sv,B,2,4,"the first thing I want to say [ i-, + is ] no.  Just simply because we as human beings don't have the right to take another human being's life. /","the/DT first/JJ thing/NN I/PRP want/VBP to/TO say/VB i-/XX ,/, is/VBZ no/UH ./. Just/RB simply/RB because/IN we/PRP as/IN human/JJ beings/NNS do/VBP n't/RB have/VB the/DT right/NN to/TO take/VB another/DT human/JJ being/NN 's/POS life/NN ./.",,,6.7,14.840000000000002
sw08utt/sw_0861_2684.utt,2/sw2684,2684,5,b,A,3,1,Uh-huh. /,Uh-huh/UH ./.,,,15.72,15.98
sw08utt/sw_0861_2684.utt,2/sw2684,2684,6,sd,B,4,1,"{F Uh, } we are punishing someone for taking someone's life,  /","Uh/UH ,/, we/PRP are/VBP punishing/VBG someone/NN for/IN taking/VBG someone/NN 's/POS life/NN ,/,",,,15.92,20.0
sw08utt/sw_0861_2684.utt,2/sw2684,2684,7,sd,B,4,2,"{C or, } in some cases, we are punishing [ s-, + ] [ one-, + ] a person for taking someone's life.  /","or/CC ,/, in/IN some/DT cases/NNS ,/, we/PRP are/VBP punishing/VBG s-/XX ,/, one-/XX ,/, a/DT person/NN for/IN taking/VBG someone/NN 's/POS life/NN ./.",,,20.82,24.88
sw08utt/sw_0861_2684.utt,2/sw2684,2684,8,sv,B,4,3,{C And so } in effect we are committing that same crime. /,And/CC so/RB in/IN effect/NN we/PRP are/VBP committing/VBG that/DT same/JJ crime/NN ./.,,,25.28,27.64
sw08utt/sw_0861_2684.utt,2/sw2684,2684,9,sv,A,5,1,"{D Well, } it sounds like you have really strong views on it. /","Well/UH ,/, it/PRP sounds/VBZ like/IN you/PRP have/VBP really/RB strong/JJ views/NNS on/IN it/PRP ./.",,,28.14,30.42
sw08utt/sw_0861_2684.utt,2/sw2684,2684,10,b,B,6,1,Uh-huh. /,Uh-huh/UH ./.,,,30.45,30.61
sw08utt/sw_0861_2684.utt,2/sw2684,2684,11,sd,A,7,1,"{C And } I can see that point,  /","And/CC I/PRP can/MD see/VB that/DT point/NN ,/,",,,31.16,32.440000000000005
sw08utt/sw_0861_2684.utt,2/sw2684,2684,12,sd,A,7,2,"{C but } I also have this, {D you know, } - /","but/CC I/PRP also/RB have/VBP this/DT ,/, you/PRP know/VBP ,/,",,,32.44,34.04
sw08utt/sw_0861_2684.utt,2/sw2684,2684,13,%,A,7,3,"[ I, + I ] question. - /","I/PRP ,/, I/PRP question/VBP ./.",,,34.04,35.78
sw08utt/sw_0861_2684.utt,2/sw2684,2684,14,sd,A,7,4,I guess I can look at it both ways.  /,I/PRP guess/VBP I/PRP can/MD look/VB at/IN it/PRP both/DT ways/NNS ./.,,,35.78,37.46
sw08utt/sw_0861_2684.utt,2/sw2684,2684,15,sv,A,7,5,"{C And } just to play devil's advocate,","And/CC just/RB to/TO play/VB devil/NN 's/POS advocate/NN ,/,",,,37.46,39.08
sw08utt/sw_0861_2684.utt,2/sw2684,2684,16,b,B,8,1,# Right. # /,Right/UH ./.,,,39.01,39.269999999999996
sw08utt/sw_0861_2684.utt,2/sw2684,2684,17,+,A,9,1,"# it # never seems right to me, that, {F uh, } we take in people that are criminals --","it/PRP never/RB seems/VBZ right/JJ to/IN me/PRP ,/, that/IN ,/, uh/UH ,/, we/PRP take/VBP in/IN people/NNS that/WDT are/VBP criminals/NNS --/:",,,39.6,44.04
sw08utt/sw_0861_2684.utt,2/sw2684,2684,18,b,B,10,1,# Uh-huh. # /,Uh-huh/UH ./.,,,44.39,44.59
sw08utt/sw_0861_2684.utt,2/sw2684,2684,19,+,A,11,1,"-- # and # people that are, {D you know, } low income or even middle income that are struggling to provide for their families, /","--/: and/CC people/NNS that/WDT are/VBP ,/, you/PRP know/VBP ,/, low/JJ income/NN or/CC even/RB middle/JJ income/NN that/WDT are/VBP struggling/VBG to/TO provide/VB for/IN their/PRP$ families/NNS ,/,",,,44.66,52.4
sw08utt/sw_0861_2684.utt,2/sw2684,2684,20,b,B,12,1,# Uh-huh. # /,Uh-huh/UH ./.,,,0.0,0.0
sw08utt/sw_0861_2684.utt,2/sw2684,2684,21,sd,A,13,1,# our # taxes are paying to feed and shelter those people. /,our/PRP$ taxes/NNS are/VBP paying/VBG to/TO feed/VB and/CC shelter/VB those/DT people/NNS ./.,,,52.72,55.52
sw08utt/sw_0861_2684.utt,2/sw2684,2684,22,%,B,14,1,"Ac-, -/","Ac-/XX ,/,",,,0.0,0.0
sw08utt/sw_0861_2684.utt,2/sw2684,2684,23,%,A,15,1,"{C And } it just, - /","And/CC it/PRP just/RB ,/,",,,55.52,56.22
sw08utt/sw_0861_2684.utt,2/sw2684,2684,24,sv,A,15,2,"[ that, + that ] I find very difficult to swallow,","that/IN ,/, that/IN I/PRP find/VBP very/RB difficult/JJ to/TO swallow/VB ,/,",,,56.64,59.059999999999995
sw08utt/sw_0861_2684.utt,2/sw2684,2684,25,b,B,16,1,# Uh-huh. # /,Uh-huh/UH ./.,,,59.29,59.57
sw08utt/sw_0861_2684.utt,2/sw2684,2684,26,+,A,17,1,# sometimes.  # /,sometimes/RB ./.,,,0.0,0.0
sw08utt/sw_0861_2684.utt,2/sw2684,2684,27,sd,B,18,1,"One thing I don't understand is [ the, + the ] whole concept of death row. /","One/CD thing/NN I/PRP do/VBP n't/RB understand/VB is/VBZ the/DT ,/, the/DT whole/JJ concept/NN of/IN death/NN row/NN ./.",,,59.95,65.14999999999999
sw08utt/sw_0861_2684.utt,2/sw2684,2684,28,b,A,19,1,Uh-huh. /,Uh-huh/UH ./.,,,66.04,66.24000000000001
sw08utt/sw_0861_2684.utt,2/sw2684,2684,29,b,B,20,1,"Okay,  /","Okay/UH ,/,",,,66.17,66.31
sw08utt/sw_0861_2684.utt,2/sw2684,2684,30,sv,B,20,2,"these people are supposedly, I guess waiting to die,  /","these/DT people/NNS are/VBP supposedly/RB ,/, I/PRP guess/VBP waiting/VBG to/TO die/VB ,/,",,,66.31,70.43
sw08utt/sw_0861_2684.utt,2/sw2684,2684,31,^g,B,20,3,right? /,right/UH ?/.,,,70.43,70.75
sw08utt/sw_0861_2684.utt,2/sw2684,2684,32,aa,A,21,1,I'm with you there. /,I/PRP 'm/VBP with/IN you/PRP there/RB ./.,,,72.12,72.72
sw08utt/sw_0861_2684.utt,2/sw2684,2684,33,b,B,22,1,Okay.  /,Okay/UH ./.,,,72.82,73.02
sw08utt/sw_0861_2684.utt,2/sw2684,2684,34,sv,B,22,2,{C And } there are thousands upon --,And/CC there/EX are/VBP thousands/NNS upon/IN --/:,,,73.02,75.6
sw08utt/sw_0861_2684.utt,2/sw2684,2684,35,b,A,23,1,Uh-huh. /,Uh-huh/UH ./.,,,75.68,75.78
sw08utt/sw_0861_2684.utt,2/sw2684,2684,36,+,B,24,1,-- thousands of people on --,--/: thousands/NNS of/IN people/NNS on/IN --/:,,,75.7,77.24
sw08utt/sw_0861_2684.utt,2/sw2684,2684,37,b,A,25,1,Uh-huh. /,Uh-huh/UH ./.,,,77.32,77.46
sw08utt/sw_0861_2684.utt,2/sw2684,2684,38,+,B,26,1,-- death row.  /,--/: death/NN row/NN ./.,,,77.38,77.8
sw08utt/sw_0861_2684.utt,2/sw2684,2684,39,sd,B,26,2,"{C And } I'm not saying that, {F oh, } - /","And/CC I/PRP 'm/VBP not/RB saying/VBG that/IN ,/, oh/UH ,/,",,,78.2,79.36
sw08utt/sw_0861_2684.utt,2/sw2684,2684,40,qh,B,26,3,"I guess I am kind of saying, [ what, + what ] are we doing?  /","I/PRP guess/VBP I/PRP am/VBP kind/RB of/RB saying/VBG ,/, what/WP ,/, what/WP are/VBP we/PRP doing/VBG ?/.",,,80.4,83.12
sw08utt/sw_0861_2684.utt,2/sw2684,2684,41,sv,B,26,4,{E I mean } I guess that's the same thing you were saying.  /,I/PRP mean/VBP I/PRP guess/VBP that/DT 's/BES the/DT same/JJ thing/NN you/PRP were/VBD saying/VBG ./.,,,83.12,85.36
sw08utt/sw_0861_2684.utt,2/sw2684,2684,42,qh,B,26,5,"[ What, + what ] are we doing with these people? /","What/WP ,/, what/WP are/VBP we/PRP doing/VBG with/IN these/DT people/NNS ?/.",,,85.69,87.30999999999999
sw08utt/sw_0861_2684.utt,2/sw2684,2684,43,%,A,27,1,"Ha-, -/","Ha-/XX ,/,",,,0.0,0.0
sw08utt/sw_0861_2684.utt,2/sw2684,2684,44,sd,B,28,1,"They're there, - /","They/PRP 're/VBP there/EX ,/,",,,87.77,88.77000000000001
sw08utt/sw_0861_2684.utt,2/sw2684,2684,45,sv,B,28,2,"we should {C either } take some kind of action,","we/PRP should/MD either/CC take/VB some/DT kind/NN of/IN action/NN ,/,",,,89.39,91.61000000000001
sw08utt/sw_0861_2684.utt,2/sw2684,2684,46,aa,A,29,1,# Right. # /,Right/UH ./.,,,0.0,0.0
sw08utt/sw_0861_2684.utt,2/sw2684,2684,47,+,B,30,1,# {C or } # take enough {C or } --,or/CC take/VB enough/RB or/CC --/:,,,92.41,94.42999999999999
sw08utt/sw_0861_2684.utt,2/sw2684,2684,48,aa,A,31,1,Exactly. /,Exactly/UH ./.,,,94.51,94.87
sw08utt/sw_0861_2684.utt,2/sw2684,2684,49,+,B,32,1,-- go a different route.  /,--/: go/VB a/DT different/JJ route/NN ./.,,,95.31,96.23
sw08utt/sw_0861_2684.utt,2/sw2684,2684,50,%,B,32,2,"{C But } they're just, -/","But/CC they/PRP 're/VBP just/RB ,/,",,,96.27,96.77000000000001
sw08utt/sw_0861_2684.utt,2/sw2684,2684,51,sv,A,33,1,"{C And then } when you think of the thousands and thousands of dollars that get burned in court costs,","And/CC then/RB when/WRB you/PRP think/VBP of/IN the/DT thousands/NNS and/CC thousands/NNS of/IN dollars/NNS that/WDT get/VBP burned/VBN in/IN court/NN costs/NNS ,/,",,,96.85,102.01
sw08utt/sw_0861_2684.utt,2/sw2684,2684,52,aa,B,34,1,"# {F Oh, } exactly. # /","Oh/UH ,/, exactly/UH ./.",,,102.05,102.91000000000001
sw08utt/sw_0861_2684.utt,2/sw2684,2684,53,+,A,35,1,"# {D you know, } # we could be [ pay-, feeding + ] poor people and [ helping, + {D you know, }","you/PRP know/VBP ,/, we/PRP could/MD be/VB pay-/XX ,/, feeding/VBG poor/JJ people/NNS and/CC helping/VBG ,/, you/PRP know/VBP ,/,",,,103.05,106.22999999999999
sw08utt/sw_0861_2684.utt,2/sw2684,2684,54,b,B,36,1,# Uh-huh. # /,Uh-huh/UH ./.,,,106.85,106.99
sw08utt/sw_0861_2684.utt,2/sw2684,2684,55,+,A,37,1,# helping # ] the environment.  /,helping/VBG the/DT environment/NN ./.,,,107.07,107.77000000000001
sw08utt/sw_0861_2684.utt,2/sw2684,2684,56,sv,A,37,2,"{E I mean, } prison is such a waste of a human being. /","I/PRP mean/VBP ,/, prison/NN is/VBZ such/PDT a/DT waste/NN of/IN a/DT human/JJ being/NN ./.",,,108.01,115.11
sw08utt/sw_0861_2684.utt,2/sw2684,2684,57,b,B,38,1,Uh-huh. /,Uh-huh/UH ./.,,,115.03,115.17
sw08utt/sw_0861_2684.utt,2/sw2684,2684,58,sv,A,39,1,It doesn't do anyone any good. /,It/PRP does/VBZ n't/RB do/VB anyone/NN any/DT good/NN ./.,,,115.25,116.61
sw08utt/sw_0861_2684.utt,2/sw2684,2684,59,aa,B,40,1,Exactly. /,Exactly/UH ./.,,,116.53,116.97
sw08utt/sw_0861_2684.utt,2/sw2684,2684,60,ny,A,41,1,"Yes,  /","Yes/UH ,/,",,,117.05,117.11
sw08utt/sw_0861_2684.utt,2/sw2684,2684,61,sv^e,A,41,2,"people need to be punished, /","people/NNS need/VBP to/TO be/VB punished/VBN ,/,",,,117.11,119.31
sw08utt/sw_0861_2684.utt,2/sw2684,2684,62,b,B,42,1,# Uh-huh. # /,Uh-huh/UH ./.,,,0.0,0.0
sw08utt/sw_0861_2684.utt,2/sw2684,2684,63,sv,A,43,1,# {C and } # I do agree with your statement that to take a human life is wrong. /,and/CC I/PRP do/VBP agree/VB with/IN your/PRP$ statement/NN that/DT to/TO take/VB a/DT human/JJ life/NN is/VBZ wrong/JJ ./.,,,119.31,124.19
sw08utt/sw_0861_2684.utt,2/sw2684,2684,64,b,B,44,1,Right. /,Right/UH ./.,,,124.29,124.55000000000001
sw08utt/sw_0861_2684.utt,2/sw2684,2684,65,%,A,45,1,"{F Um, } {C but, } {D you know, } -/","Um/UH ,/, but/CC ,/, you/PRP know/VBP ,/,",,,125.35,127.11
sw08utt/sw_0861_2684.utt,2/sw2684,2684,66,%,B,46,1,"# {C But } act-, # -/","But/CC act-/XX ,/,",,,0.0,0.0
sw08utt/sw_0861_2684.utt,2/sw2684,2684,67,sv,A,47,1,"# {C but } locking # someone up and not getting, {D you know, } any benefit --","but/CC locking/VBG someone/NN up/RP and/CC not/RB getting/VBG ,/, you/PRP know/VBP ,/, any/DT benefit/NN --/:",,,127.93,131.75
sw08utt/sw_0861_2684.utt,2/sw2684,2684,68,b,B,48,1,Uh-huh. /,Uh-huh/UH ./.,,,131.69,131.99
sw08utt/sw_0861_2684.utt,2/sw2684,2684,69,+,A,49,1,-- from that for the person or for society to me is wrong too. /,--/: from/IN that/DT for/IN the/DT person/NN or/CC for/IN society/NN to/IN me/PRP is/VBZ wrong/JJ too/RB ./.,,,132.07,134.82999999999998
sw08utt/sw_0861_2684.utt,2/sw2684,2684,70,sv,B,50,1,"{C And } I guess I see both sides, in that [ at the, + at the ] same time that I'm saying that, {D you know, } we're committing the same crime, /","And/CC I/PRP guess/VBP I/PRP see/VBP both/DT sides/NNS ,/, in/IN that/DT at/IN the/DT ,/, at/IN the/DT same/JJ time/NN that/WDT I/PRP 'm/VBP saying/VBG that/IN ,/, you/PRP know/VBP ,/, we/PRP 're/VBP committing/VBG the/DT same/JJ crime/NN ,/,",,,135.07,140.51
sw08utt/sw_0861_2684.utt,2/sw2684,2684,71,b,A,51,1,# Uh-huh. # /,Uh-huh/UH ./.,,,0.0,0.0
sw08utt/sw_0861_2684.utt,2/sw2684,2684,72,sv,B,52,1,"# I # also agree that, {E I mean, } if there is somebody out there that's crazy and cruel enough --","I/PRP also/RB agree/VBP that/IN ,/, I/PRP mean/VBP ,/, if/IN there/EX is/VBZ somebody/NN out/IN there/RB that/DT 's/BES crazy/JJ and/CC cruel/JJ enough/RB --/:",,,141.77,147.62
sw08utt/sw_0861_2684.utt,2/sw2684,2684,73,b,A,53,1,Uh-huh. /,Uh-huh/UH ./.,,,147.71,147.95000000000002
sw08utt/sw_0861_2684.utt,2/sw2684,2684,74,+,B,54,1,-- to kill somebody or --,--/: to/TO kill/VB somebody/NN or/CC --/:,,,148.9,151.12
sw08utt/sw_0861_2684.utt,2/sw2684,2684,75,%,A,55,1,"{F Oh, } exactly w-, -/","Oh/UH ,/, exactly/UH w-/XX ,/,",,,151.21,151.49
sw08utt/sw_0861_2684.utt,2/sw2684,2684,76,+,B,56,1,"-- in some cases, kill several people at one time.  {F Uh, } - /","--/: in/IN some/DT cases/NNS ,/, kill/VB several/JJ people/NNS at/IN one/CD time/NN ./. Uh/UH ,/,",,,151.4,154.51999999999998
sw08utt/sw_0861_2684.utt,2/sw2684,2684,77,sd,B,56,2,"there was a case in Dallas, - /","there/EX was/VBD a/DT case/NN in/IN Dallas/NNP ,/,",,,154.7,156.16
sw08utt/sw_0861_2684.utt,2/sw2684,2684,78,sv,B,56,3,"{D well, } I'm sure they haven't gone to court yet,  /","well/UH ,/, I/PRP 'm/VBP sure/JJ they/PRP have/VBP n't/RB gone/VBN to/IN court/NN yet/RB ,/,",,,156.32,157.82000000000002
sw08utt/sw_0861_2684.utt,2/sw2684,2684,79,sd,B,56,4,"{C but, } {F uh, } apparently two teenage boys held up a Taco Bell.  /","but/CC ,/, uh/UH ,/, apparently/RB two/CD teenage/JJ boys/NNS held/VBD up/RP a/DT Taco/NNP Bell/NNP ./.",,,157.9,162.22
sw08utt/sw_0861_2684.utt,2/sw2684,2684,80,sd,B,56,5,They put four people in a freezer and shot them all.  /,They/PRP put/VBP four/CD people/NNS in/IN a/DT freezer/NN and/CC shot/NN them/PRP all/DT ./.,,,162.82,166.67000000000002
sw08utt/sw_0861_2684.utt,2/sw2684,2684,81,sv,B,56,6,"{D Now } to me, that is inhumane.  /","Now/UH to/IN me/PRP ,/, that/DT is/VBZ inhumane/JJ ./.",,,167.77,169.71
sw08utt/sw_0861_2684.utt,2/sw2684,2684,82,sv,B,56,7,"{C And } for two people to be out in the world like that, [ I don't, + I don't ] want them in my world. /","And/CC for/IN two/CD people/NNS to/TO be/VB out/IN in/IN the/DT world/NN like/IN that/DT ,/, I/PRP do/VBP n't/RB ,/, I/PRP do/VBP n't/RB want/VB them/PRP in/IN my/PRP$ world/NN ./.",,,170.85,177.69
sw08utt/sw_0861_2684.utt,2/sw2684,2684,83,aa,A,57,1,That's right. /,That/DT 's/BES right/JJ ./.,,,177.79,178.35000000000002
sw08utt/sw_0861_2684.utt,2/sw2684,2684,84,qy,B,58,1,You understand what I am saying? /,You/PRP understand/VBP what/WP I/PRP am/VBP saying/VBG ?/.,,,178.25,179.25
sw08utt/sw_0861_2684.utt,2/sw2684,2684,85,aa,A,59,1,That's right. /,That/DT 's/BES right/JJ ./.,,,179.35,179.89000000000001
sw08utt/sw_0861_2684.utt,2/sw2684,2684,86,sv,B,60,1,"[ [ I'm, + I'm, ] + {E I mean, } I'm ] not for killing anyone, /","I/PRP 'm/VBP ,/, I/PRP 'm/VBP ,/, I/PRP mean/VBP ,/, I/PRP 'm/VBP not/RB for/IN killing/VBG anyone/NN ,/,",,,179.79,182.96
sw08utt/sw_0861_2684.utt,2/sw2684,2684,87,b,A,61,1,# Uh-huh. # /,Uh-huh/UH ./.,,,0.0,0.0
sw08utt/sw_0861_2684.utt,2/sw2684,2684,88,sv,B,62,1,"# {C but } # I don't want these people around,","but/CC I/PRP do/VBP n't/RB want/VB these/DT people/NNS around/RB ,/,",,,183.3,185.20000000000002
sw08utt/sw_0861_2684.utt,2/sw2684,2684,89,^2,A,63,1,# We want a # --,We/PRP want/VBP a/DT --/:,,,0.0,0.0
sw08utt/sw_0861_2684.utt,2/sw2684,2684,90,+,B,64,1,"# at the same time, # /","at/IN the/DT same/JJ time/NN ,/,",,,185.32,186.08
sw08utt/sw_0861_2684.utt,2/sw2684,2684,91,+,A,65,1,-- safe environment for ourselves.  /,--/: safe/JJ environment/NN for/IN ourselves/PRP ./.,,,186.19,187.89000000000001
sw08utt/sw_0861_2684.utt,2/sw2684,2684,92,sv,A,65,2,{C And } we want to remove them. /,And/CC we/PRP want/VBP to/TO remove/VB them/PRP ./.,,,187.89,189.33
sw08utt/sw_0861_2684.utt,2/sw2684,2684,93,aa,B,66,1,Exactly. /,Exactly/UH ./.,,,189.26,189.88
sw08utt/sw_0861_2684.utt,2/sw2684,2684,94,sv,A,67,1,"[ {C But, } + {C but } ] I think that the whole crux of the problem is,","But/CC ,/, but/CC I/PRP think/VBP that/IN the/DT whole/JJ crux/NN of/IN the/DT problem/NN is/VBZ ,/,",,,189.99,194.21
sw08utt/sw_0861_2684.utt,2/sw2684,2684,95,b,B,68,1,# Uh-huh. # /,Uh-huh/UH ./.,,,0.0,0.0
sw08utt/sw_0861_2684.utt,2/sw2684,2684,96,+,A,69,1,# no # one has come up with a solution --,no/DT one/CD has/VBZ come/VBN up/RP with/IN a/DT solution/NN --/:,,,194.21,196.23
sw08utt/sw_0861_2684.utt,2/sw2684,2684,97,aa,B,70,1,Right. /,Right/UH ./.,,,196.12,196.34
sw08utt/sw_0861_2684.utt,2/sw2684,2684,98,+,A,71,1,"-- that is acceptable,","--/: that/WDT is/VBZ acceptable/JJ ,/,",,,196.85,198.61
sw08utt/sw_0861_2684.utt,2/sw2684,2684,99,o@,B,72,1,"# {C And, } #","And/CC ,/,",,,0.0,0.0
sw08utt/sw_0861_2684.utt,2/sw2684,2684,100,+,A,73,1,"# that # does, {D you know, } basically, {D you know, } - /","that/WDT does/VBZ ,/, you/PRP know/VBP ,/, basically/RB ,/, you/PRP know/VBP ,/,",,,198.77,202.20999999999998
sw08utt/sw_0861_2684.utt,2/sw2684,2684,101,sv,A,73,2,"[ I, + I, ] think, {D you know, } that the whole idea of, {F uh, } the death penalty was invented for two reasons.  /","I/PRP ,/, I/PRP ,/, think/VBP ,/, you/PRP know/VBP ,/, that/WDT the/DT whole/JJ idea/NN of/IN ,/, uh/UH ,/, the/DT death/NN penalty/NN was/VBD invented/VBN for/IN two/CD reasons/NNS ./.",,,202.21,210.33
sw08utt/sw_0861_2684.utt,2/sw2684,2684,102,sv,A,73,3,"It [ remo-, + removes ] them from society, /","It/PRP remo-/XX ,/, removes/VBZ them/PRP from/IN society/NN ,/,",,,210.33,212.29
sw08utt/sw_0861_2684.utt,2/sw2684,2684,103,+@,B,74,1,# Uh-huh. # /,Uh-huh/UH ./.,,,0.0,0.0
sw08utt/sw_0861_2684.utt,2/sw2684,2684,104,sv@,A,75,1,"# {C and } # number two, [ [ [ it's, + it's ] +  [ kind of, + ]   {F uh, } it's  the punishment, + it's the ultimate punishment. ]","and/CC number/NN two/CD ,/, it/PRP 's/BES ,/, it/PRP 's/BES kind/RB of/RB ,/, uh/UH ,/, it/PRP 's/BES the/DT punishment/NN ,/, it/PRP 's/BES the/DT ultimate/JJ punishment/NN ./.",,,212.67,217.41
sw08utt/sw_0861_2684.utt,2/sw2684,2684,105,aa,B,76,1,Right. /,Right/UH ./.,,,217.4,217.76000000000002
sw08utt/sw_0861_2684.utt,2/sw2684,2684,106,+@,A,77,1,"Because, {D you know, } they've harmed someone  /","Because/IN ,/, you/PRP know/VBP ,/, they/PRP 've/VBP harmed/VBN someone/NN",,,218.39,220.10999999999999
sw08utt/sw_0861_2684.utt,2/sw2684,2684,107,sv,A,77,2,"[ {C and, } + {C and, } ] {D you know, } you want to appease the people that have suffered. /","and/CC ,/, and/CC ,/, you/PRP know/VBP ,/, you/PRP want/VBP to/TO appease/VB the/DT people/NNS that/WDT have/VBP suffered/VBN ./.",,,220.11,226.10999999999999
sw08utt/sw_0861_2684.utt,2/sw2684,2684,108,aa,B,78,1,Right. /,Right/UH ./.,,,226.04,226.42
sw08utt/sw_0861_2684.utt,2/sw2684,2684,109,sv,A,79,1,"{C But } [ it, + it ] really doesn't take their pain away. /","But/CC it/PRP ,/, it/PRP really/RB does/VBZ n't/RB take/VB their/PRP$ pain/NN away/RB ./.",,,226.79,229.71
sw08utt/sw_0861_2684.utt,2/sw2684,2684,110,b,B,80,1,Uh-huh.  /,Uh-huh/UH ./.,,,230.29,230.41
sw08utt/sw_0861_2684.utt,2/sw2684,2684,111,sv,B,80,2,"[ {C And } at, + {C and } at ] the same time, like you said, it drains society. /","And/CC at/IN ,/, and/CC at/IN the/DT same/JJ time/NN ,/, like/IN you/PRP said/VBD ,/, it/PRP drains/VBZ society/NN ./.",,,230.41,233.21
sw08utt/sw_0861_2684.utt,2/sw2684,2684,112,b,A,81,1,Uh-huh.  /,Uh-huh/UH ./.,,,233.33,233.47
sw08utt/sw_0861_2684.utt,2/sw2684,2684,113,%,A,81,2,"{C But } it's a, -/","But/CC it/PRP 's/BES a/DT ,/,",,,233.47,234.71
sw08utt/sw_0861_2684.utt,2/sw2684,2684,114,%,B,82,1,"We, - /","We/PRP ,/,",,,234.59,234.71
sw08utt/sw_0861_2684.utt,2/sw2684,2684,115,sv,B,82,2,"I think we should be, - /","I/PRP think/VBP we/PRP should/MD be/VB ,/,",,,234.83,235.79
sw08utt/sw_0861_2684.utt,2/sw2684,2684,116,%,B,82,3,"we, - /","we/PRP ,/,",,,236.35,236.54999999999998
sw08utt/sw_0861_2684.utt,2/sw2684,2684,117,sv,B,82,4,"the same money that we're using to build more prisons and make more prison space and [ pu-, + ] keep these people in prison, that same money or half of that money could be used towards, {F uh, } rehabilitation programs of some sort.  /","the/DT same/JJ money/NN that/WDT we/PRP 're/VBP using/VBG to/TO build/VB more/JJR prisons/NNS and/CC make/VB more/JJR prison/NN space/NN and/CC pu-/XX ,/, keep/VB these/DT people/NNS in/IN prison/NN ,/, that/DT same/JJ money/NN or/CC half/JJ of/IN that/DT money/NN could/MD be/VB used/VBN towards/IN ,/, uh/UH ,/, rehabilitation/NN programs/NNS of/IN some/DT sort/NN ./.",,,236.62,250.02
sw08utt/sw_0861_2684.utt,2/sw2684,2684,118,sv,B,82,5,Something --,Something/NN --/:,,,250.16,250.48
sw08utt/sw_0861_2684.utt,2/sw2684,2684,119,aa,A,83,1,Right. /,Right/UH ./.,,,250.61,250.79000000000002
sw08utt/sw_0861_2684.utt,2/sw2684,2684,120,+,B,84,1,"-- [ to get, + [ to, + to ] put ] these people back in society,  /","--/: to/TO get/VB ,/, to/TO ,/, to/TO put/VB these/DT people/NNS back/RB in/IN society/NN ,/,",,,250.66,254.44
sw08utt/sw_0861_2684.utt,2/sw2684,2684,121,sv,B,84,2,{C but } prepare them first. /,but/CC prepare/VB them/PRP first/JJ ./.,,,254.44,255.88
sw08utt/sw_0861_2684.utt,2/sw2684,2684,122,aa,A,85,1,Exactly.  /,Exactly/UH ./.,,,256.29,256.91
sw08utt/sw_0861_2684.utt,2/sw2684,2684,123,%,A,85,2,"{C But } that, - /","But/CC that/IN ,/,",,,257.63,257.99
sw08utt/sw_0861_2684.utt,2/sw2684,2684,124,sv,A,85,3,"[ the pro-, + the problem ] is so incredibly complex.  /","the/DT pro-/XX ,/, the/DT problem/NN is/VBZ so/RB incredibly/RB complex/JJ ./.",,,257.99,260.45000000000005
sw08utt/sw_0861_2684.utt,2/sw2684,2684,125,sd,A,85,4,"I have a friend who works on the pardon and [ patr-, + ] [ paro-, + paroles ]  /","I/PRP have/VBP a/DT friend/NN who/WP works/VBZ on/IN the/DT pardon/NN and/CC patr-/XX ,/, paro-/XX ,/, paroles/NNS",,,260.45,264.69
sw08utt/sw_0861_2684.utt,2/sw2684,2684,126,sd,A,85,5,"{C and } she interviews,","and/CC she/PRP interviews/VBZ ,/,",,,264.69,265.75
sw08utt/sw_0861_2684.utt,2/sw2684,2684,127,b,B,86,1,# Uh-huh. # /,Uh-huh/UH ./.,,,0.0,0.0
sw08utt/sw_0861_2684.utt,2/sw2684,2684,128,+,A,87,1,# inmates # all the time that are coming up for parole. /,inmates/NNS all/PDT the/DT time/NN that/WDT are/VBP coming/VBG up/RP for/IN parole/NN ./.,,,266.29,268.73
sw08utt/sw_0861_2684.utt,2/sw2684,2684,129,b,B,88,1,# Uh-huh. # /,Uh-huh/UH ./.,,,0.0,0.0
sw08utt/sw_0861_2684.utt,2/sw2684,2684,130,sd(^q),A,89,1,"# {C And } # she says it is just really frightening how easy it is to, {D you know, } have the prisons release people because they're overcrowded. /","And/CC she/PRP says/VBZ it/PRP is/VBZ just/RB really/RB frightening/JJ how/WRB easy/JJ it/PRP is/VBZ to/TO ,/, you/PRP know/VBP ,/, have/VBP the/DT prisons/NNS release/VBP people/NNS because/IN they/PRP 're/VBP overcrowded/JJ ./.",,,269.17,278.95
sw08utt/sw_0861_2684.utt,2/sw2684,2684,131,aa,B,90,1,Exactly. /,Exactly/UH ./.,,,278.82,279.24
sw08utt/sw_0861_2684.utt,2/sw2684,2684,132,sv,A,91,1,{C And } these people have not benefited from the stay there.  /,And/CC these/DT people/NNS have/VBP not/RB benefited/VBN from/IN the/DT stay/NN there/RB ./.,,,279.69,283.35
sw08utt/sw_0861_2684.utt,2/sw2684,2684,133,sv(^q),A,91,2,"She says, just their emotional state and their way of thinking is so incredibly wrong -- /","She/PRP says/VBZ ,/, just/RB their/PRP$ emotional/JJ state/NN and/CC their/PRP$ way/NN of/IN thinking/VBG is/VBZ so/RB incredibly/RB wrong/JJ --/:",,,283.35,291.65
sw08utt/sw_0861_2684.utt,2/sw2684,2684,134,b,B,92,1,Uh-huh. /,Uh-huh/UH ./.,,,292.46,292.62
sw08utt/sw_0861_2684.utt,2/sw2684,2684,135,sv,A,93,1,"-- {C and } there's not anything she can do to keep them in.  {D You know, }","--/: and/CC there/EX 's/BES not/RB anything/NN she/PRP can/MD do/VB to/TO keep/VB them/PRP in/IN ./. You/PRP know/VBP ,/,",,,292.75,295.67
sw08utt/sw_0861_2684.utt,2/sw2684,2684,136,b,B,94,1,# Uh-huh. # /,Uh-huh/UH ./.,,,0.0,0.0
sw08utt/sw_0861_2684.utt,2/sw2684,2684,137,+,A,95,1,"# if # they meet certain guidelines,","if/IN they/PRP meet/VBP certain/JJ guidelines/NNS ,/,",,,295.67,297.45000000000005
sw08utt/sw_0861_2684.utt,2/sw2684,2684,138,b,B,96,1,# Right. # /,Right/UH ./.,,,0.0,0.0
sw08utt/sw_0861_2684.utt,2/sw2684,2684,139,+,A,97,1,"# {D you # know, }  /","you/PRP know/VBP ,/,",,,298.15,298.55
sw08utt/sw_0861_2684.utt,2/sw2684,2684,140,sv,A,97,2,{C and } those guidelines keep getting lessened and lessened because they have to do it to make the system work.  /,and/CC those/DT guidelines/NNS keep/VBP getting/VBG lessened/VBN and/CC lessened/VBN because/IN they/PRP have/VBP to/TO do/VB it/PRP to/TO make/VB the/DT system/NN work/VB ./.,,,298.55,303.47
sw08utt/sw_0861_2684.utt,2/sw2684,2684,141,%,A,97,3,"{C So } it's, -/","So/RB it/PRP 's/BES ,/,",,,303.47,304.40999999999997
sw08utt/sw_0861_2684.utt,2/sw2684,2684,142,b,B,98,1,Uh-huh.  /,Uh-huh/UH ./.,,,304.28,304.44
sw08utt/sw_0861_2684.utt,2/sw2684,2684,143,sv,B,98,2,"{C And } [ y-, + you ] want people out of prison  /","And/CC y-/XX ,/, you/PRP want/VBP people/NNS out/IN of/IN prison/NN",,,304.52,306.22
sw08utt/sw_0861_2684.utt,2/sw2684,2684,144,sv,B,98,3,"{C and } you want people to get jobs [ and, +","and/CC you/PRP want/VBP people/NNS to/TO get/VB jobs/NNS and/CC ,/,",,,306.22,308.1
sw08utt/sw_0861_2684.utt,2/sw2684,2684,145,b,A,99,1,# Uh-huh. # /,Uh-huh/UH ./.,,,0.0,0.0
sw08utt/sw_0861_2684.utt,2/sw2684,2684,146,+,B,100,1,# and ] # live happy lives.  /,and/CC live/VB happy/JJ lives/NNS ./.,,,308.18,309.3
sw08utt/sw_0861_2684.utt,2/sw2684,2684,147,sv,B,100,2,{C But } they can't just walk out of prison and do that.  /,But/CC they/PRP ca/MD n't/RB just/RB walk/VB out/IN of/IN prison/NN and/CC do/VBP that/DT ./.,,,309.64,311.78
sw08utt/sw_0861_2684.utt,2/sw2684,2684,148,sv(^q),B,100,3,They can't just --,They/PRP ca/MD n't/RB just/RB --/:,,,311.78,312.24
sw08utt/sw_0861_2684.utt,2/sw2684,2684,149,aa,A,101,1,That's right. /,That/DT 's/BES right/JJ ./.,,,312.39,312.76
sw08utt/sw_0861_2684.utt,2/sw2684,2684,150,+,B,102,1,"-- walk out of prison and say, {D okay, } I'm going to go a different route. /","--/: walk/VB out/IN of/IN prison/NN and/CC say/VBP ,/, okay/UH ,/, I/PRP 'm/VBP going/VBG to/TO go/VB a/DT different/JJ route/NN ./.",,,312.62,315.74
sw08utt/sw_0861_2684.utt,2/sw2684,2684,151,aa,A,103,1,That's right. /,That/DT 's/BES right/JJ ./.,,,316.2,316.68
sw08utt/sw_0861_2684.utt,2/sw2684,2684,152,sv,B,104,1,There has to be some sort of buffer --,There/EX has/VBZ to/TO be/VB some/DT sort/NN of/IN buffer/NN --/:,,,316.54,318.9
sw08utt/sw_0861_2684.utt,2/sw2684,2684,153,b,A,105,1,Uh-huh. /,Uh-huh/UH ./.,,,319.04,319.24
sw08utt/sw_0861_2684.utt,2/sw2684,2684,154,+,B,106,1,-- in there.  /,--/: in/IN there/RB ./.,,,319.46,320.03999999999996
sw08utt/sw_0861_2684.utt,2/sw2684,2684,155,sv,B,106,2,"Some sort of program or, - /","Some/DT sort/NN of/IN program/NN or/CC ,/,",,,320.22,321.8
sw08utt/sw_0861_2684.utt,2/sw2684,2684,156,sd,B,106,3,"{C and } I know this costs money,  /","and/CC I/PRP know/VBP this/DT costs/VBZ money/NN ,/,",,,321.8,322.96
sw08utt/sw_0861_2684.utt,2/sw2684,2684,157,sv,B,106,4,{C but } it couldn't cost any more money than we're already spending. /,but/CC it/PRP could/MD n't/RB cost/VB any/DT more/JJR money/NN than/IN we/PRP 're/VBP already/RB spending/VBG ./.,,,322.96,325.91999999999996
sw08utt/sw_0861_2684.utt,2/sw2684,2684,158,ba,A,107,1,"I know,  /","I/PRP know/VBP ,/,",,,326.7,327.21999999999997
sw08utt/sw_0861_2684.utt,2/sw2684,2684,159,ba,A,107,2,I know.  /,I/PRP know/VBP ./.,,,327.48,327.8
sw08utt/sw_0861_2684.utt,2/sw2684,2684,160,sv,A,107,3,"[  I, + I ] would like to see the money that's been [ budgeted, + budgeted ] for new prisons being put into the research [ of, + of ] alternate solutions to the problem. /","I/PRP ,/, I/PRP would/MD like/VB to/TO see/VB the/DT money/NN that/WDT 's/HVS been/VBN budgeted/VBN ,/, budgeted/VBN for/IN new/JJ prisons/NNS being/VBG put/VB into/IN the/DT research/NN of/IN ,/, of/IN alternate/JJ solutions/NNS to/IN the/DT problem/NN ./.",,,327.82,338.5
sw08utt/sw_0861_2684.utt,2/sw2684,2684,161,b,B,108,1,Uh-huh. /,Uh-huh/UH ./.,,,338.36,338.56
sw08utt/sw_0861_2684.utt,2/sw2684,2684,162,qh,A,109,1,"How are we going to fix that, Tanya?  /","How/WRB are/VBP we/PRP going/VBG to/TO fix/VB that/DT ,/, Tanya/NNP ?/.",,,338.7,340.78000000000003
sw08utt/sw_0861_2684.utt,2/sw2684,2684,163,qh,A,109,2,<laughter>  How are we going to make that happen? /,How/WRB are/VBP we/PRP going/VBG to/TO make/VB that/DT happen/VB ?/.,,,342.06,343.71999999999997
sw08utt/sw_0861_2684.utt,2/sw2684,2684,164,%,B,110,1,"<Laughter>  {D Really, } how, - /","Really/UH ,/, how/WRB ,/,",,,344.0,344.56
sw08utt/sw_0861_2684.utt,2/sw2684,2684,165,qh,B,110,2,what can we do? /,what/WP can/MD we/PRP do/VB ?/.,,,344.56,345.36
sw08utt/sw_0861_2684.utt,2/sw2684,2684,166,qh,A,111,1,What power do we have? /,What/WP power/NN do/VBP we/PRP have/VB ?/.,,,346.08,347.0
sw08utt/sw_0861_2684.utt,2/sw2684,2684,167,ba,B,112,1,"{F Oh, } goodness.  /","Oh/UH ,/, goodness/UH ./.",,,346.85,347.51
sw08utt/sw_0861_2684.utt,2/sw2684,2684,168,sv,B,112,2,"{E I mean, } {D you know, } everyone's trying to make it, {D you know, } in their own little world. /","I/PRP mean/VBP ,/, you/PRP know/VBP ,/, everyone/NN 's/BES trying/VBG to/TO make/VB it/PRP ,/, you/PRP know/VBP ,/, in/IN their/PRP$ own/JJ little/JJ world/NN ./.",,,347.51,351.87
sw08utt/sw_0861_2684.utt,2/sw2684,2684,169,b,A,113,1,Uh-huh. /,Uh-huh/UH ./.,,,352.02,352.14
sw08utt/sw_0861_2684.utt,2/sw2684,2684,170,sd,B,114,1,"{D You know, } I'm trying to make it with my job, and make, {D you know, } myself okay and make my --","You/PRP know/VBP ,/, I/PRP 'm/VBP trying/VBG to/TO make/VB it/PRP with/IN my/PRP$ job/NN ,/, and/CC make/VB ,/, you/PRP know/VBP ,/, myself/PRP okay/UH and/CC make/VB my/PRP$ --/:",,,352.09,356.77
sw08utt/sw_0861_2684.utt,2/sw2684,2684,171,b,A,115,1,That's right. /,That/DT 's/BES right/JJ ./.,,,356.92,357.32
sw08utt/sw_0861_2684.utt,2/sw2684,2684,172,+,B,116,1,-- family okay.  /,--/: family/NN okay/UH ./.,,,357.17,358.09000000000003
sw08utt/sw_0861_2684.utt,2/sw2684,2684,173,sv,B,116,2,"{C And } it's so hard to, {D you know, } try and be one of the movers and shakers, I guess you would call them. /","And/CC it/PRP 's/BES so/RB hard/JJ to/TO ,/, you/PRP know/VBP ,/, try/VB and/CC be/VB one/CD of/IN the/DT movers/NNS and/CC shakers/NNS ,/, I/PRP guess/VBP you/PRP would/MD call/VB them/PRP ./.",,,358.73,366.27000000000004
sw08utt/sw_0861_2684.utt,2/sw2684,2684,174,b,A,117,1,"Really,  /","Really/UH ,/,",,,366.42,366.64000000000004
sw08utt/sw_0861_2684.utt,2/sw2684,2684,175,ba,A,117,2,"I know,  /","I/PRP know/VBP ,/,",,,366.66,367.22
sw08utt/sw_0861_2684.utt,2/sw2684,2684,176,ba,A,117,3,I know. /,I/PRP know/VBP ./.,,,367.22,367.52000000000004
sw08utt/sw_0861_2684.utt,2/sw2684,2684,177,b,B,118,1,Uh-huh. /,Uh-huh/UH ./.,,,369.15,369.37
sw08utt/sw_0861_2684.utt,2/sw2684,2684,178,sv,A,119,1,"{C But } [ it, + it ] sounds like you are, {F uh, } {D you know, }","But/CC it/PRP ,/, it/PRP sounds/VBZ like/IN you/PRP are/VBP ,/, uh/UH ,/, you/PRP know/VBP ,/,",,,369.52,372.42
sw08utt/sw_0861_2684.utt,2/sw2684,2684,179,b,B,120,1,# Uh-huh. # /,Uh-huh/UH ./.,,,0.0,0.0
sw08utt/sw_0861_2684.utt,2/sw2684,2684,180,+,A,121,1,# interested # in what's going on around you. /,interested/JJ in/IN what/WP 's/BES going/VBG on/RP around/IN you/PRP ./.,,,372.46,374.46
sw08utt/sw_0861_2684.utt,2/sw2684,2684,181,ny,B,122,1,"{F Oh, } yes. /","Oh/UH ,/, yes/UH ./.",,,374.33,374.79
sw08utt/sw_0861_2684.utt,2/sw2684,2684,182,sv,A,123,1,"{C And, } {F uh, } {D you know, } when you have [ a, + a ] voice, you do contribute,  /","And/CC ,/, uh/UH ,/, you/PRP know/VBP ,/, when/WRB you/PRP have/VBP a/DT ,/, a/DT voice/NN ,/, you/PRP do/VBP contribute/VB ,/,",,,375.66,380.0
sw08utt/sw_0861_2684.utt,2/sw2684,2684,183,sv,A,123,2,"{C and } I guess that's, {D you know, } [ what, + what ] we're meant to do. /","and/CC I/PRP guess/VBP that/DT 's/BES ,/, you/PRP know/VBP ,/, what/WP ,/, what/WP we/PRP 're/VBP meant/VBN to/TO do/VB ./.",,,380.26,383.88
sw08utt/sw_0861_2684.utt,2/sw2684,2684,184,aa,B,124,1,Right. /,Right/UH ./.,,,383.73,383.99
sw08utt/sw_0861_2684.utt,2/sw2684,2684,185,sv,A,125,1,Maybe an opportunity will come by that we will have a chance to make a real change. /,Maybe/RB an/DT opportunity/NN will/MD come/VB by/IN that/DT we/PRP will/MD have/VB a/DT chance/NN to/TO make/VB a/DT real/JJ change/NN ./.,,,384.14,388.5
sw08utt/sw_0861_2684.utt,2/sw2684,2684,186,b,B,126,1,Uh-huh.  /,Uh-huh/UH ./.,,,388.95,389.28999999999996
sw08utt/sw_0861_2684.utt,2/sw2684,2684,187,sd,B,126,2,"{C And } [ I, + I'm ] a broadcast journalist,  /","And/CC I/PRP ,/, I/PRP 'm/VBP a/DT broadcast/NN journalist/NN ,/,",,,389.29,391.16
sw08utt/sw_0861_2684.utt,2/sw2684,2684,188,sd,B,126,3,"{C and so } I feel like one day I probably will write a book [ or, + or ] something, {D you know, }  /","and/CC so/RB I/PRP feel/VBP like/IN one/CD day/NN I/PRP probably/RB will/MD write/VB a/DT book/NN or/CC ,/, or/CC something/NN ,/, you/PRP know/VBP ,/,",,,391.54,397.18
sw08utt/sw_0861_2684.utt,2/sw2684,2684,189,sd,B,126,4,{C and } some of these views --,and/CC some/DT of/IN these/DT views/NNS --/:,,,397.18,398.04
sw08utt/sw_0861_2684.utt,2/sw2684,2684,190,qw,A,127,1,Where do you work? /,Where/WRB do/VBP you/PRP work/VB ?/.,,,398.2,398.68
sw08utt/sw_0861_2684.utt,2/sw2684,2684,191,+,B,128,1,-- will be able to come out.  /,--/: will/MD be/VB able/JJ to/TO come/VB out/RB ./.,,,398.52,399.06
sw08utt/sw_0861_2684.utt,2/sw2684,2684,192,sd,B,128,2,"I work at channel six, here.  /","I/PRP work/VBP at/IN channel/NN six/CD ,/, here/RB ./.",,,399.38,401.24
sw08utt/sw_0861_2684.utt,2/sw2684,2684,193,sd,B,128,3,"[  I'm, + I'm ] a --","I/PRP 'm/VBP ,/, I/PRP 'm/VBP a/DT --/:",,,401.24,401.68
sw08utt/sw_0861_2684.utt,2/sw2684,2684,194,qy,A,129,1,"{F Oh, } you do? /","Oh/UH ,/, you/PRP do/VBP ?/.",,,401.84,402.28
sw08utt/sw_0861_2684.utt,2/sw2684,2684,195,+,B,130,1,-- news reporter. /,--/: news/NN reporter/NN ./.,,,402.12,403.0
sw08utt/sw_0861_2684.utt,2/sw2684,2684,196,ba,A,131,1,That's great! /,That/DT 's/BES great/JJ !/.,,,403.5,403.88
sw08utt/sw_0861_2684.utt,2/sw2684,2684,197,sd,B,132,1,"{C And so, } [ I, + I ] guess, [ I'm, + I'm ] pretty emotional about crime, things like that now.  /","And/CC so/RB ,/, I/PRP ,/, I/PRP guess/VBP ,/, I/PRP 'm/VBP ,/, I/PRP 'm/VBP pretty/RB emotional/JJ about/IN crime/NN ,/, things/NNS like/IN that/DT now/RB ./.",,,403.72,409.08
sw08utt/sw_0861_2684.utt,2/sw2684,2684,198,sd,B,132,2,"I've only been in it for a year,  /","I/PRP 've/VBP only/RB been/VBN in/IN it/PRP for/IN a/DT year/NN ,/,",,,409.44,410.68
sw08utt/sw_0861_2684.utt,2/sw2684,2684,199,sd,B,132,3,{C but } I get --,but/CC I/PRP get/VBP --/:,,,410.68,411.03999999999996
sw08utt/sw_0861_2684.utt,2/sw2684,2684,200,b,A,133,1,Uh-huh. /,Uh-huh/UH ./.,,,411.2,411.42
sw08utt/sw_0861_2684.utt,2/sw2684,2684,201,+,B,134,1,"-- to see pretty much, {F uh, } close up, {D you know, } a lot of things that happen that people don't see.  /","--/: to/TO see/VB pretty/RB much/JJ ,/, uh/UH ,/, close/RB up/RB ,/, you/PRP know/VBP ,/, a/DT lot/NN of/IN things/NNS that/WDT happen/VBP that/IN people/NNS do/VBP n't/RB see/VB ./.",,,411.28,416.71
sw08utt/sw_0861_2684.utt,2/sw2684,2684,202,sd,B,134,2,"{F Uh, } I [ got to s-, + get to see ] a lot of crimes, /","Uh/UH ,/, I/PRP got/VBD to/TO s-/XX ,/, get/VB to/TO see/VB a/DT lot/NN of/IN crimes/NNS ,/,",,,417.41,419.53000000000003
sw08utt/sw_0861_2684.utt,2/sw2684,2684,203,aa,A,135,1,# Exactly.  # /,Exactly/UH ./.,,,0.0,0.0
sw08utt/sw_0861_2684.utt,2/sw2684,2684,204,sd,B,136,1,"# {C and } # I get to see, {D you know, } people's, {F uh, } pain and things,  /","and/CC I/PRP get/VBP to/TO see/VB ,/, you/PRP know/VBP ,/, people/NNS 's/POS ,/, uh/UH ,/, pain/NN and/CC things/NNS ,/,",,,419.53,423.87
sw08utt/sw_0861_2684.utt,2/sw2684,2684,205,sd,B,136,2,"{C and so } when we talk about, -/","and/CC so/RB when/WRB we/PRP talk/VBP about/IN ,/,",,,423.87,424.73
sw08utt/sw_0861_2684.utt,2/sw2684,2684,206,b,A,137,1,Uh-huh.  /,Uh-huh/UH ./.,,,424.9,425.17999999999995
sw08utt/sw_0861_2684.utt,2/sw2684,2684,207,sv,A,137,2,"Most of us are so sheltered, {D you know. } /","Most/JJS of/IN us/PRP are/VBP so/RB sheltered/JJ ,/, you/PRP know/VBP ./.",,,425.28,426.62
sw08utt/sw_0861_2684.utt,2/sw2684,2684,208,b,B,138,1,Yeah. /,Yeah/UH ./.,,,426.45,426.69
sw08utt/sw_0861_2684.utt,2/sw2684,2684,209,sv,A,139,1,{C And } a few people in the news that bring it to us --,And/CC a/DT few/JJ people/NNS in/IN the/DT news/NN that/WDT bring/VBP it/PRP to/IN us/PRP --/:,,,427.08,429.68
sw08utt/sw_0861_2684.utt,2/sw2684,2684,210,aa,B,140,1,Exactly. /,Exactly/UH ./.,,,429.51,429.89
sw08utt/sw_0861_2684.utt,2/sw2684,2684,211,+,A,141,1,-- and make us see what's out there. /,--/: and/CC make/VB us/PRP see/VB what/WP 's/BES out/IN there/RB ./.,,,430.08,431.0
sw08utt/sw_0861_2684.utt,2/sw2684,2684,212,b,B,142,1,Uh-huh.  /,Uh-huh/UH ./.,,,430.83,430.93
sw08utt/sw_0861_2684.utt,2/sw2684,2684,213,b,B,142,2,Uh-huh. /,Uh-huh/UH ./.,,,430.93,431.05
sw08utt/sw_0861_2684.utt,2/sw2684,2684,214,%,A,143,1,"{D Well, } that's, - /","Well/UH ,/, that/DT 's/BES ,/,",,,432.12,432.61999999999995
sw08utt/sw_0861_2684.utt,2/sw2684,2684,215,sv,A,143,2,"[ you're, + you're ] really performing [ a, + a ] benefit to society --","you/PRP 're/VBP ,/, you/PRP 're/VBP really/RB performing/VBG a/DT ,/, a/DT benefit/NN to/IN society/NN --/:",,,432.62,436.06
sw08utt/sw_0861_2684.utt,2/sw2684,2684,216,bc,B,144,1,A service. /,A/DT service/NN ./.,,,436.15,436.53
sw08utt/sw_0861_2684.utt,2/sw2684,2684,217,+,A,145,1,-- in doing that. /,--/: in/IN doing/VBG that/DT ./.,,,436.7,437.48
sw08utt/sw_0861_2684.utt,2/sw2684,2684,218,aa,B,146,1,Yeah.  /,Yeah/UH ./.,,,437.31,437.47
sw08utt/sw_0861_2684.utt,2/sw2684,2684,219,sv,B,146,2,"{C But } still, {D you know, } [ we can't sh-, + we can't, ] - /","But/CC still/RB ,/, you/PRP know/VBP ,/, we/PRP ca/MD n't/RB sh-/XX ,/, we/PRP ca/MD n't/RB ,/,",,,438.11,440.1
sw08utt/sw_0861_2684.utt,2/sw2684,2684,220,h,B,146,3,"I don't know,  /","I/PRP do/VBP n't/RB know/VB ,/,",,,441.68,442.1
sw08utt/sw_0861_2684.utt,2/sw2684,2684,221,sd,B,146,4,"[ I, + I ] guess I would like to probably editorialize more.  /","I/PRP ,/, I/PRP guess/VBP I/PRP would/MD like/IN to/TO probably/RB editorialize/VB more/JJR ./.",,,442.2,444.94
sw08utt/sw_0861_2684.utt,2/sw2684,2684,222,sd,B,146,5,We have to just report what's happening.  /,We/PRP have/VBP to/TO just/RB report/VB what/WP 's/BES happening/VBG ./.,,,445.06,446.94
sw08utt/sw_0861_2684.utt,2/sw2684,2684,223,sd,B,146,6,We --,We/PRP --/:,,,447.16,447.32000000000005
sw08utt/sw_0861_2684.utt,2/sw2684,2684,224,b,A,147,1,Uh-huh. /,Uh-huh/UH ./.,,,447.5,447.62
sw08utt/sw_0861_2684.utt,2/sw2684,2684,225,+,B,148,1,"-- can't say, {D well, } this is what I think about, {D you know, }","--/: ca/MD n't/RB say/VB ,/, well/UH ,/, this/DT is/VBZ what/WP I/PRP think/VBP about/IN ,/, you/PRP know/VBP ,/,",,,447.44,449.79999999999995
sw08utt/sw_0861_2684.utt,2/sw2684,2684,226,b,A,149,1,# Uh-huh. # /,Uh-huh/UH ./.,,,449.98,450.22
sw08utt/sw_0861_2684.utt,2/sw2684,2684,227,+,B,150,1,# the # situation.  /,the/DT situation/NN ./.,,,450.04,450.74
sw08utt/sw_0861_2684.utt,2/sw2684,2684,228,sd,B,150,2,"Sometimes, you really want to say that,  /","Sometimes/RB ,/, you/PRP really/RB want/VBP to/TO say/VB that/IN ,/,",,,450.74,452.71999999999997
sw08utt/sw_0861_2684.utt,2/sw2684,2684,229,sd,B,150,3,"you really want to say [ you think, or + ] what you think should be done,  or how you think this court case should have gone,  /","you/PRP really/RB want/VBP to/TO say/VB you/PRP think/VB ,/, or/CC what/WP you/PRP think/VBP should/MD be/VB done/VBN ,/, or/CC how/WRB you/PRP think/VBP this/DT court/NN case/NN should/MD have/VB gone/VBN ,/,",,,452.72,458.03999999999996
sw08utt/sw_0861_2684.utt,2/sw2684,2684,230,%,B,150,4,"{C or, } {D you know, } that's a, -/","or/CC ,/, you/PRP know/VBP ,/, that/DT 's/BES a/DT ,/,",,,458.04,460.12
sw08utt/sw_0861_2684.utt,2/sw2684,2684,231,sv,A,151,1,"[ [ I, + I'm just, ] + I'm just ] agreeing with you.  When I think of it, how difficult it must be to just to just give the facts.  Because usually on an issue that you really care about, {F uh, } [ you want, + you want ] to, {D you know, } persuade people to your viewpoint. /","I/PRP ,/, I/PRP 'm/VBP just/RB ,/, I/PRP 'm/VBP just/RB agreeing/VBG with/IN you/PRP ./. When/WRB I/PRP think/VBP of/IN it/PRP ,/, how/WRB difficult/JJ it/PRP must/MD be/VB to/TO just/RB to/TO just/RB give/VB the/DT facts/NNS ./. Because/IN usually/RB on/IN an/DT issue/NN that/WDT you/PRP really/RB care/VBP about/IN ,/, uh/UH ,/, you/PRP want/VBP ,/, you/PRP want/VBP to/TO ,/, you/PRP know/VBP ,/, persuade/VB people/NNS to/IN your/PRP$ viewpoint/NN ./.",,,460.36,473.56
sw08utt/sw_0861_2684.utt,2/sw2684,2684,232,b,B,152,1,Uh-huh. /,Uh-huh/UH ./.,,,473.38,473.54
sw08utt/sw_0861_2684.utt,2/sw2684,2684,233,aa,A,153,1,"{C And } you're right,  /","And/CC you/PRP 're/VBP right/JJ ,/,",,,474.3,475.09999999999997
sw08utt/sw_0861_2684.utt,2/sw2684,2684,234,sv,A,153,2,that has got to be a challenge sometimes. /,that/DT has/VBZ got/VBN to/TO be/VB a/DT challenge/NN sometimes/RB ./.,,,475.1,476.96
sw08utt/sw_0861_2684.utt,2/sw2684,2684,235,sv,B,154,1,"Especially when you are dealing with [ a, + a ] subject like, {F uh, } capital punishment or something or --","Especially/RB when/WRB you/PRP are/VBP dealing/VBG with/IN a/DT ,/, a/DT subject/NN like/IN ,/, uh/UH ,/, capital/NN punishment/NN or/CC something/NN or/CC --/:",,,476.78,482.10999999999996
sw08utt/sw_0861_2684.utt,2/sw2684,2684,236,aa,A,155,1,Right. /,Right/UH ./.,,,482.3,482.54
sw08utt/sw_0861_2684.utt,2/sw2684,2684,237,+,B,156,1,"-- abortion, or something where there's [ an, + an ] no or yes side,  /","--/: abortion/NN ,/, or/CC something/NN where/WRB there/EX 's/BES an/DT ,/, an/DT no/NN or/CC yes/NN side/NN ,/,",,,482.39,486.65000000000003
sw08utt/sw_0861_2684.utt,2/sw2684,2684,238,sv,B,156,2,{C and } you --,and/CC you/PRP --/:,,,487.01,487.28999999999996
sw08utt/sw_0861_2684.utt,2/sw2684,2684,239,b,A,157,1,Uh-huh. /,Uh-huh/UH ./.,,,487.48,487.6
sw08utt/sw_0861_2684.utt,2/sw2684,2684,240,+,B,158,1,"-- have your side,  /","--/: have/VBP your/PRP$ side/NN ,/,",,,487.43,488.09
sw08utt/sw_0861_2684.utt,2/sw2684,2684,241,sv,B,158,2,{C and } you have to report both sides. /,and/CC you/PRP have/VBP to/TO report/VB both/DT sides/NNS ./.,,,488.09,490.25
sw08utt/sw_0861_2684.utt,2/sw2684,2684,242,aa,A,159,1,Right. /,Right/UH ./.,,,490.62,490.82
sw08utt/sw_0861_2684.utt,2/sw2684,2684,243,sv,B,160,1,{C But } you really don't want to because you have your side. /,But/CC you/PRP really/RB do/VBP n't/RB want/VB to/TO because/IN you/PRP have/VBP your/PRP$ side/NN ./.,,,490.63,492.07
sw08utt/sw_0861_2684.utt,2/sw2684,2684,244,bf,A,161,1,{C And } you have to walk right down the middle with it. /,And/CC you/PRP have/VBP to/TO walk/VB right/RB down/RP the/DT middle/NN with/IN it/PRP ./.,,,492.26,494.02000000000004
sw08utt/sw_0861_2684.utt,2/sw2684,2684,245,b,B,162,1,"Yeah,  /","Yeah/UH ,/,",,,493.83,493.99
sw08utt/sw_0861_2684.utt,2/sw2684,2684,246,b^r,B,162,2,yeah. /,yeah/UH ./.,,,493.99,494.15000000000003
sw08utt/sw_0861_2684.utt,2/sw2684,2684,247,b,A,163,1,Yeah. /,Yeah/UH ./.,,,494.72,495.06
sw08utt/sw_0861_2684.utt,2/sw2684,2684,248,sv,B,164,1,{C So } sometimes that's hard  /,So/RB sometimes/RB that/DT 's/BES hard/JJ,,,495.19,496.39
sw08utt/sw_0861_2684.utt,2/sw2684,2684,249,o@,B,164,2,"{C but, }","but/CC ,/,",,,496.47,496.57000000000005
sw08utt/sw_0861_2684.utt,2/sw2684,2684,250,aa,A,165,1,I'm sure.  /,I/PRP 'm/VBP sure/JJ ./.,,,497.06,497.78
sw08utt/sw_0861_2684.utt,2/sw2684,2684,251,ba,A,165,2,"{D Well, } [ that's, + that ] sounds interesting. /","Well/UH ,/, that/DT 's/BES ,/, that/DT sounds/VBZ interesting/JJ ./.",,,499.56,501.48
sw08utt/sw_0861_2684.utt,2/sw2684,2684,252,+@,B,166,1,Uh-huh. /,Uh-huh/UH ./.,,,501.75,502.03
sw08utt/sw_0861_2684.utt,2/sw2684,2684,253,cc,A,167,1,{C And } I'll read your book sometime. /,And/CC I/PRP 'll/MD read/VB your/PRP$ book/NN sometime/RB ./.,,,502.74,504.16
sw08utt/sw_0861_2684.utt,2/sw2684,2684,254,ba,B,168,1,<Laughter>  That's good. /,That/DT 's/BES good/JJ ./.,,,504.29,504.65
sw08utt/sw_0861_2684.utt,2/sw2684,2684,255,x,A,169,1,<Laughter>.,,,,0.0,0.0
sw08utt/sw_0861_2684.utt,2/sw2684,2684,256,b,B,170,1,All right.  /,All/RB right/JJ ./.,,,504.87,505.19
sw08utt/sw_0861_2684.utt,2/sw2684,2684,257,fc,B,170,2,"{D Well, } it was nice talking to you. /","Well/UH ,/, it/PRP was/VBD nice/JJ talking/NN to/IN you/PRP ./.",,,505.19,506.47
sw08utt/sw_0861_2684.utt,2/sw2684,2684,258,fc,A,171,1,I enjoyed it. /,I/PRP enjoyed/VBD it/PRP ./.,,,507.0,507.64000000000004
sw08utt/sw_0861_2684.utt,2/sw2684,2684,259,fc,B,172,1,Okay. /,Okay/UH ./.,,,507.44,507.7
sw08utt/sw_0861_2684.utt,2/sw2684,2684,260,fc,A,173,1,Thanks for calling. /,Thanks/NNS for/IN calling/VBG ./.,,,507.9,508.58000000000004
sw08utt/sw_0861_2684.utt,2/sw2684,2684,261,fc,B,174,1,Okay.  /,Okay/UH ./.,,,508.38,508.74
sw08utt/sw_0861_2684.utt,2/sw2684,2684,262,fc,B,174,2,"Bye,  bye. /","Bye/UH ,/, bye/UH ./.",,,509.04,509.5
