swda_filename,ptb_basename,conversation_no,transcript_index,act_tag,caller,utterance_index,subutterance_index,text,pos,trees,ptb_treenumbers,start_ts,end_ts
sw07utt/sw_0785_2647.utt,2/sw2647,2647,0,o,A,1,1,"Okay,  /","Okay/UH ,/,",,,1.52,2.16
sw07utt/sw_0785_2647.utt,2/sw2647,2647,1,ad^t,A,1,2,"I guess I'll start, {F um, }  /","I/PRP guess/VBP I/PRP 'll/MD start/VB ,/, um/UH ,/,",,,3.52,5.6
sw07utt/sw_0785_2647.utt,2/sw2647,2647,2,sd,A,1,3,"one, {F uh, } big thing that, the advise that I would give to a parent to give to his or her child is to [ let  their, + let their ] child experience college in a kind of general sense.  /","one/CD ,/, uh/UH ,/, big/JJ thing/NN that/WDT ,/, the/DT advise/NN that/WDT I/PRP would/MD give/VB to/IN a/DT parent/NN to/TO give/VB to/IN his/PRP$ or/CC her/PRP$ child/NN is/VBZ to/TO let/VB their/PRP$ ,/, let/VB their/PRP$ child/NN experience/VB college/NN in/IN a/DT kind/RB of/RB general/JJ sense/NN ./.",,,6.18,17.38
sw07utt/sw_0785_2647.utt,2/sw2647,2647,3,sd,A,1,4,"I like large colleges because I went to University of Texas at Austin,  /","I/PRP like/VBP large/JJ colleges/NNS because/IN I/PRP went/VBD to/IN University/NNP of/IN Texas/NNP at/IN Austin/NNP ,/,",,,17.88,22.34
sw07utt/sw_0785_2647.utt,2/sw2647,2647,4,sd,A,1,5,they have fifty thousand students there.  /,they/PRP have/VBP fifty/CD thousand/CD students/NNS there/RB ./.,,,22.34,24.12
sw07utt/sw_0785_2647.utt,2/sw2647,2647,5,sd,A,1,6,"{C And } I feel like that now [ if  I went, + if I had gone ] to a small college that only had a couple of thousand that I wouldn't [ have, + have ]  gotten as much exposure to different people and [ different, + {F uh, }  {A I don't know, } different ] languages, different cultures, and things like that just by being  around those fifty thousand students. /","And/CC I/PRP feel/VBP like/IN that/DT now/RB if/IN I/PRP went/VBD ,/, if/IN I/PRP had/VBD gone/VBN to/IN a/DT small/JJ college/NN that/WDT only/RB had/VBD a/DT couple/NN of/IN thousand/CD that/WDT I/PRP would/MD n't/RB have/VB ,/, have/VB gotten/VBN as/IN much/JJ exposure/NN to/IN different/JJ people/NNS and/CC different/JJ ,/, uh/UH ,/, I/PRP do/VBP n't/RB know/VB ,/, different/JJ languages/NNS ,/, different/JJ cultures/NNS ,/, and/CC things/NNS like/IN that/DT just/RB by/IN being/VBG around/IN those/DT fifty/CD thousand/CD students/NNS ./.",,,24.62,42.379999999999995
sw07utt/sw_0785_2647.utt,2/sw2647,2647,6,ba,B,2,1,"That's interesting,  /","That/DT 's/BES interesting/JJ ,/,",,,43.67,44.31
sw07utt/sw_0785_2647.utt,2/sw2647,2647,7,sd,B,2,2,"I went to a smaller school,","I/PRP went/VBD to/IN a/DT smaller/JJR school/NN ,/,",,,44.31,45.97
sw07utt/sw_0785_2647.utt,2/sw2647,2647,8,b,A,3,1,# Uh-huh. # /,Uh-huh/UH ./.,,,46.08,46.4
sw07utt/sw_0785_2647.utt,2/sw2647,2647,9,+,B,4,1,"# <Throat_clearing>  # of probably three thousand,  thirty-five hundred. /","of/IN probably/RB three/CD thousand/CD ,/, thirty-five/CD hundred/CD ./.",,,46.29,49.59
sw07utt/sw_0785_2647.utt,2/sw2647,2647,10,b,A,5,1,Uh-huh. /,Uh-huh/UH ./.,,,49.7,49.92
sw07utt/sw_0785_2647.utt,2/sw2647,2647,11,sd,B,6,1,"{C And } [ I, + I ] thought that was the best experience  in that we had more one-on-one since we seemed to know everyone on campus, /","And/CC I/PRP ,/, I/PRP thought/VBD that/DT was/VBD the/DT best/JJS experience/NN in/IN that/DT we/PRP had/VBD more/RBR one-on-one/JJ since/IN we/PRP seemed/VBD to/TO know/VB everyone/NN on/IN campus/NN ,/,",,,49.81,58.89
sw07utt/sw_0785_2647.utt,2/sw2647,2647,12,b,A,7,1,# Huh.  # /,Huh/UH ./.,,,0.0,0.0
sw07utt/sw_0785_2647.utt,2/sw2647,2647,13,sd,B,8,1,"# {C and } # we had a broad spectrum of languages and  cultures and backgrounds,","and/CC we/PRP had/VBD a/DT broad/JJ spectrum/NN of/IN languages/NNS and/CC cultures/NNS and/CC backgrounds/NNS ,/,",,,59.45,62.55
sw07utt/sw_0785_2647.utt,2/sw2647,2647,14,b,A,9,1,# <<Very faint>> Huh.  # /,Huh/UH ./.,,,0.0,0.0
sw07utt/sw_0785_2647.utt,2/sw2647,2647,15,+,B,10,1,"# and so forth,  /","and/CC so/RB forth/RB ,/,",,,64.15,64.71
sw07utt/sw_0785_2647.utt,2/sw2647,2647,16,sd,B,10,2,"# {C so, } I thought it was wonderful  to be a bigger fish and not so much a number, /","so/RB ,/, I/PRP thought/VBD it/PRP was/VBD wonderful/JJ to/TO be/VB a/DT bigger/JJR fish/NN and/CC not/RB so/RB much/JJ a/DT number/NN ,/,",,,64.71,70.39
sw07utt/sw_0785_2647.utt,2/sw2647,2647,17,b,A,11,1,# Uh-huh. # /,Uh-huh/UH ./.,,,71.2,71.54
sw07utt/sw_0785_2647.utt,2/sw2647,2647,18,sd,B,12,1,"# {F um, } # one of fifty thousand, I was one of three thousand,","um/UH ,/, one/CD of/IN fifty/CD thousand/CD ,/, I/PRP was/VBD one/CD of/IN three/CD thousand/CD ,/,",,,72.47,75.27
sw07utt/sw_0785_2647.utt,2/sw2647,2647,19,b,A,13,1,# Right. # /,Right/UH ./.,,,75.38,75.82
sw07utt/sw_0785_2647.utt,2/sw2647,2647,20,+,B,14,1,"# [ {C and, } + # {C and, } ] {D you know, }","and/CC ,/, and/CC ,/, you/PRP know/VBP ,/,",,,75.83,76.63
sw07utt/sw_0785_2647.utt,2/sw2647,2647,21,b,A,15,1,# <<Very faint>>  Uh-huh. # /,Uh-huh/UH ./.,,,0.0,0.0
sw07utt/sw_0785_2647.utt,2/sw2647,2647,22,+,B,16,1,"# different perspectives, # -/","different/JJ perspectives/NNS ,/,",,,76.93,78.03
sw07utt/sw_0785_2647.utt,2/sw2647,2647,23,b,A,17,1,# <<Very faint>> Yeah. # /,Yeah/UH ./.,,,0.0,0.0
sw07utt/sw_0785_2647.utt,2/sw2647,2647,24,%,B,18,1,"# I, {F uh, } - /","I/PRP ,/, uh/UH ,/,",,,78.15,78.41
sw07utt/sw_0785_2647.utt,2/sw2647,2647,25,sv,B,18,2,"{C but } # it sounds like we were both  kind of looking at the same [ sort of, + sort of ] thing. /","but/CC it/PRP sounds/VBZ like/IN we/PRP were/VBD both/DT kind/RB of/RB looking/VBG at/IN the/DT same/JJ sort/NN of/IN ,/, sort/NN of/IN thing/NN ./.",,,78.55,81.61
sw07utt/sw_0785_2647.utt,2/sw2647,2647,26,b,A,19,1,"Yeah,  /","Yeah/UH ,/,",,,81.72,81.84
sw07utt/sw_0785_2647.utt,2/sw2647,2647,27,sd,A,19,2,"[ [ [ I, + I ] could see, + I could see ]  that point, + I could see ] how it would be.  /","I/PRP ,/, I/PRP could/MD see/VB ,/, I/PRP could/MD see/VB that/DT point/NN ,/, I/PRP could/MD see/VB how/WRB it/PRP would/MD be/VB ./.",,,81.84,84.28
sw07utt/sw_0785_2647.utt,2/sw2647,2647,28,sd,A,19,3,"I'm sure your classes were a lot smaller, {F um, }  because {D like } we would have [ biology classes that did, + main courses that ]  everyone has to take, {E I mean, } hundreds of students in this class,  /","I/PRP 'm/VBP sure/JJ your/PRP$ classes/NNS were/VBD a/DT lot/NN smaller/JJR ,/, um/UH ,/, because/IN like/IN we/PRP would/MD have/VB biology/NN classes/NNS that/WDT did/VBD ,/, main/JJ courses/NNS that/WDT everyone/NN has/VBZ to/TO take/VB ,/, I/PRP mean/VBP ,/, hundreds/NNS of/IN students/NNS in/IN this/DT class/NN ,/,",,,84.28,93.38
sw07utt/sw_0785_2647.utt,2/sw2647,2647,29,sd,A,19,4,"{C so, }","so/RB ,/,",,,93.38,93.6
sw07utt/sw_0785_2647.utt,2/sw2647,2647,30,b,B,20,1,# Yeah. # /,Yeah/UH ./.,,,0.0,0.0
sw07utt/sw_0785_2647.utt,2/sw2647,2647,31,+,A,21,1,"# {D actually, } # {E yes, } you were a number.  /","actually/RB ,/, yes/UH ,/, you/PRP were/VBD a/DT number/NN ./.",,,93.6,95.08
sw07utt/sw_0785_2647.utt,2/sw2647,2647,32,%,A,21,2,"{C But, } {F um, } [ I, + I ] just, - /","But/CC ,/, um/UH ,/, I/PRP ,/, I/PRP just/RB ,/,",,,96.12,97.44
sw07utt/sw_0785_2647.utt,2/sw2647,2647,33,h,A,21,3,"I don't know,  /","I/PRP do/VBP n't/RB know/VB ,/,",,,97.44,97.76
sw07utt/sw_0785_2647.utt,2/sw2647,2647,34,sd,A,21,4,"I'm thinking in a sense of, {F uh, } just being exposed to more.  /","I/PRP 'm/VBP thinking/VBG in/IN a/DT sense/NN of/IN ,/, uh/UH ,/, just/RB being/VBG exposed/VBN to/IN more/JJR ./.",,,97.76,103.24
sw07utt/sw_0785_2647.utt,2/sw2647,2647,35,sv,A,21,5,"It just seems like in a larger college [ you, + {A I don't know, } your ]  exposed to so many more people from all over the world,  /","It/PRP just/RB seems/VBZ like/IN in/IN a/DT larger/JJR college/NN you/PRP ,/, I/PRP do/VBP n't/RB know/VB ,/, your/PRP$ exposed/VBN to/TO so/RB many/RB more/JJR people/NNS from/IN all/RB over/IN the/DT world/NN ,/,",,,103.72,110.0
sw07utt/sw_0785_2647.utt,2/sw2647,2647,36,sv,A,21,6,"{C and } I'm sure a lot of people come  to, {D you know, } small colleges also but just that they're more [ of, + of ]  the different cultures there, /","and/CC I/PRP 'm/VBP sure/JJ a/DT lot/NN of/IN people/NNS come/VBP to/IN ,/, you/PRP know/VBP ,/, small/JJ colleges/NNS also/RB but/CC just/RB that/IN they/PRP 're/VBP more/JJR of/IN ,/, of/IN the/DT different/JJ cultures/NNS there/RB ,/,",,,110.12,119.72
sw07utt/sw_0785_2647.utt,2/sw2647,2647,37,b,B,22,1,"# Uh-huh,  /","Uh-huh/UH ,/,",,,0.0,0.0
sw07utt/sw_0785_2647.utt,2/sw2647,2647,38,b,B,22,2,yeah. # /,yeah/UH ./.,,,0.0,0.0
sw07utt/sw_0785_2647.utt,2/sw2647,2647,39,sv,A,23,1,"# [ not that # it's, + not that it's ]  better  /","not/RB that/IN it/PRP 's/BES ,/, not/RB that/IN it/PRP 's/BES better/JJR",,,119.72,121.12
sw07utt/sw_0785_2647.utt,2/sw2647,2647,40,sv,A,23,2,"{C but } I'm just saying that I think that big, -/","but/CC I/PRP 'm/VBP just/RB saying/VBG that/IN I/PRP think/VBP that/RB big/JJ ,/,",,,121.16,122.7
sw07utt/sw_0785_2647.utt,2/sw2647,2647,41,sv,B,24,1,That's one thing to definitely consider. /,That/DT 's/BES one/CD thing/NN to/TO definitely/RB consider/VB ./.,,,122.93,124.91
sw07utt/sw_0785_2647.utt,2/sw2647,2647,42,b,A,25,1,"Uh-huh,  /","Uh-huh/UH ,/,",,,125.04,125.22000000000001
sw07utt/sw_0785_2647.utt,2/sw2647,2647,43,b^r,A,25,2,uh-huh.  /,uh-huh/UH ./.,,,125.22,125.4
sw07utt/sw_0785_2647.utt,2/sw2647,2647,44,sv,A,25,3,"I think, {F uh, } [ a lot of, + a lot of ]  students now would probably be afraid of a smaller college,  /","I/PRP think/VBP ,/, uh/UH ,/, a/DT lot/NN of/IN ,/, a/DT lot/NN of/IN students/NNS now/RB would/MD probably/RB be/VB afraid/JJ of/IN a/DT smaller/JJR college/NN ,/,",,,126.52,131.16
sw07utt/sw_0785_2647.utt,2/sw2647,2647,45,sd,A,25,4,"a lot of the students that I  talked to even here in Waco they go to Baylor, {F um, }  [ they, + ]  /","a/DT lot/NN of/IN the/DT students/NNS that/WDT I/PRP talked/VBD to/IN even/RB here/RB in/IN Waco/NNP they/PRP go/VBP to/IN Baylor/NNP ,/, um/UH ,/, they/PRP ,/,",,,131.16,136.66
sw07utt/sw_0785_2647.utt,2/sw2647,2647,46,sd,A,25,5,"{C or } they're considering going to Baylor,  /","or/CC they/PRP 're/VBP considering/VBG going/VBG to/IN Baylor/NNP ,/,",,,136.92,139.06
sw07utt/sw_0785_2647.utt,2/sw2647,2647,47,sd,A,25,6,they're also considering going to U T Austin  /,they/PRP 're/VBP also/RB considering/VBG going/VBG to/IN U/NNP T/NNP Austin/NNP,,,139.18,141.32
sw07utt/sw_0785_2647.utt,2/sw2647,2647,48,sd,A,25,7,"{C but } one of  the big no-nos is because of the fifty thousand students,  /","but/CC one/CD of/IN the/DT big/JJ no-nos/NNS is/VBZ because/IN of/IN the/DT fifty/CD thousand/CD students/NNS ,/,",,,141.32,145.34
sw07utt/sw_0785_2647.utt,2/sw2647,2647,49,sd,A,25,8,"{C and } I have to tell  them that [ just {D like, } + just {D like } ] I live in Waco  /","and/CC I/PRP have/VBP to/TO tell/VB them/PRP that/IN just/RB like/IN ,/, just/RB like/IN I/PRP live/VBP in/IN Waco/NNP",,,145.8,149.36
sw07utt/sw_0785_2647.utt,2/sw2647,2647,50,sd,A,25,9,"it's a large city, <barking>,  /","it/PRP 's/BES a/DT large/JJ city/NN ,/, ,/,",,,149.36,150.42000000000002
sw07utt/sw_0785_2647.utt,2/sw2647,2647,51,sd,A,25,10,"I can still function, <barking>,  in my own kind of area, in my own group.  /","I/PRP can/MD still/RB function/VB ,/, ,/, in/IN my/PRP$ own/JJ kind/NN of/IN area/NN ,/, in/IN my/PRP$ own/JJ group/NN ./.",,,150.62,154.86
sw07utt/sw_0785_2647.utt,2/sw2647,2647,52,sd,A,25,11,"I have a job,  /","I/PRP have/VBP a/DT job/NN ,/,",,,154.86,155.57999999999998
sw07utt/sw_0785_2647.utt,2/sw2647,2647,53,sd,A,25,12,"I have my friends, /","I/PRP have/VBP my/PRP$ friends/NNS ,/,",,,155.58,156.76
sw07utt/sw_0785_2647.utt,2/sw2647,2647,54,b,B,26,1,# Uh-huh  /,Uh-huh/UH,,,0.0,0.0
sw07utt/sw_0785_2647.utt,2/sw2647.pos,2647,55,x,B,26,2,<barking>.  #,./.,,,0.0,0.0
sw07utt/sw_0785_2647.utt,2/sw2647,2647,56,sd,A,27,1,"# {C and } I'm # really not [ as, + as ]  concerned about the entire city,  so when you go to [ a big, + a big ] university, you're not as  concerned <barking>,  about the entire university,","and/CC I/PRP 'm/VBP really/RB not/RB as/RB ,/, as/IN concerned/JJ about/IN the/DT entire/JJ city/NN ,/, so/RB when/WRB you/PRP go/VBP to/IN a/DT big/JJ ,/, a/DT big/JJ university/NN ,/, you/PRP 're/VBP not/RB as/IN concerned/JJ ,/, about/IN the/DT entire/JJ university/NN ,/,",,,157.18,165.58
sw07utt/sw_0785_2647.utt,2/sw2647,2647,57,b,B,28,1,# Yeah. # /,Yeah/UH ./.,,,165.81,166.01
sw07utt/sw_0785_2647.utt,2/sw2647,2647,58,+,A,29,1,"# but # your group of friends, your classes,  your interests, your clubs and  things like that. /","but/CC your/PRP$ group/NN of/IN friends/NNS ,/, your/PRP$ classes/NNS ,/, your/PRP$ interests/NNS ,/, your/PRP$ clubs/NNS and/CC things/NNS like/IN that/DT ./.",,,166.14,171.42
sw07utt/sw_0785_2647.utt,2/sw2647,2647,59,sd,B,30,1,"I think that's probably keyed to me is  not so much the size the school,","I/PRP think/VBP that/DT 's/HVS probably/RB keyed/VBN to/IN me/PRP is/VBZ not/RB so/RB much/JJ the/DT size/NN the/DT school/NN ,/,",,,171.29,175.51000000000002
sw07utt/sw_0785_2647.utt,2/sw2647,2647,60,b,A,31,1,# Uh-huh. # /,Uh-huh/UH ./.,,,0.0,0.0
sw07utt/sw_0785_2647.utt,2/sw2647,2647,61,+,B,32,1,"# but # [ what, + what ] is the particular needs of the  students  /","but/CC what/WP ,/, what/WP is/VBZ the/DT particular/JJ needs/NNS of/IN the/DT students/NNS",,,175.99,179.54999999999998
sw07utt/sw_0785_2647.utt,2/sw2647,2647,62,sv,B,32,2,"{C and } whereas some would immediately feel very comfortable in this, {F um, }  larger university setting,","and/CC whereas/IN some/DT would/MD immediately/RB feel/VB very/RB comfortable/JJ in/IN this/DT ,/, um/UH ,/, larger/JJR university/NN setting/NN ,/,",,,180.01,187.55
sw07utt/sw_0785_2647.utt,2/sw2647,2647,63,b,A,33,1,# Uh-huh. # /,Uh-huh/UH ./.,,,188.14,188.38
sw07utt/sw_0785_2647.utt,2/sw2647,2647,64,+,B,34,1,"# some # of the students, {F um, }  [ when I was, + when I was ] teaching school would not have been comfortable with that. /","some/DT of/IN the/DT students/NNS ,/, um/UH ,/, when/WRB I/PRP was/VBD ,/, when/WRB I/PRP was/VBD teaching/VBG school/NN would/MD not/RB have/VB been/VBN comfortable/JJ with/IN that/DT ./.",,,188.25,194.11
sw07utt/sw_0785_2647.utt,2/sw2647,2647,65,b,A,35,1,<<Very faint>> Uh-huh. /,Uh-huh/UH ./.,,,194.24,194.36
sw07utt/sw_0785_2647.utt,2/sw2647,2647,66,sd(^q),B,36,1,"[ They needed, + {F uh, } at least at first,","They/PRP needed/VBD ,/, uh/UH ,/, at/IN least/JJS at/IN first/RB ,/,",,,194.29,197.17000000000002
sw07utt/sw_0785_2647.utt,2/sw2647,2647,67,b,A,37,1,"# Uh-huh,  /","Uh-huh/UH ,/,",,,0.0,0.0
sw07utt/sw_0785_2647.utt,2/sw2647,2647,68,b,A,37,2,right.  # /,right/UH ./.,,,0.0,0.0
sw07utt/sw_0785_2647.utt,2/sw2647,2647,69,+,B,38,1,"# they needed ] # a smaller setting [ that, + that ]  was more like family where they could get one-on-one,","they/PRP needed/VBD a/DT smaller/JJR setting/NN that/WDT ,/, that/WDT was/VBD more/JJR like/IN family/NN where/WRB they/PRP could/MD get/VB one-on-one/JJ ,/,",,,197.97,203.01
sw07utt/sw_0785_2647.utt,2/sw2647,2647,70,b,A,39,1,# Right. # /,Right/UH ./.,,,203.14,203.57999999999998
sw07utt/sw_0785_2647.utt,2/sw2647,2647,71,+,B,40,1,"# [ from, + # from ] teachers, professors and so forth,  and then after a year or  two move on to a little bit bigger pond [ where, + where, ]  when they had a little more self-confidence built up, {F oh, } {D yes, }  {A I can do this, } {F oh, } {A I've done this before, } it's just in a bigger setting, /","from/IN ,/, from/IN teachers/NNS ,/, professors/NNS and/CC so/RB forth/RB ,/, and/CC then/RB after/IN a/DT year/NN or/CC two/CD move/VB on/RB to/IN a/DT little/JJ bit/NN bigger/JJR pond/NN where/WRB ,/, where/WRB ,/, when/WRB they/PRP had/VBD a/DT little/RB more/JJR self-confidence/NN built/VBN up/RP ,/, oh/UH ,/, yes/UH ,/, I/PRP can/MD do/VB this/DT ,/, oh/UH ,/, I/PRP 've/VBP done/VBN this/DT before/RB ,/, it/PRP 's/BES just/RB in/IN a/DT bigger/JJR setting/NN ,/,",,,203.45,215.75
sw07utt/sw_0785_2647.utt,2/sw2647,2647,72,b,A,41,1,# Right. # /,Right/UH ./.,,,0.0,0.0
sw07utt/sw_0785_2647.utt,2/sw2647,2647,73,sd,B,42,1,"# {C and # so } maybe to me the key would  be [ wh-, + what ] is a [ [ chi-, + [ the, + the students ] needs, /","and/CC so/RB maybe/RB to/IN me/PRP the/DT key/NN would/MD be/VB wh-/XX ,/, what/WP is/VBZ a/DT chi-/NN ,/, the/DT ,/, the/DT students/NNS needs/NNS ,/,",,,216.37,221.59
sw07utt/sw_0785_2647.utt,2/sw2647,2647,74,b,A,43,1,# Uh-huh. # /,Uh-huh/UH ./.,,,0.0,0.0
sw07utt/sw_0785_2647.utt,2/sw2647,2647,75,sd@,B,44,1,"# {C and } # [ what, + what ] school or schools can  best meet [ those, + those ] needs besides education [ [  yo-, + yo-, ] + you ] can expect all of them  with, {F uh, } [ [ [ a-, + a-, ] +  accreditat-, ] + accreditation ]  to give the education  / *[[seems that this should be 2 slash units, the second starting at ""yo-""]]","and/CC what/WDT ,/, what/WDT school/NN or/CC schools/NNS can/MD best/RBS meet/VB those/DT ,/, those/DT needs/NNS besides/IN education/NN yo-/PRP ,/, yo-/PRP ,/, you/PRP can/MD expect/VB all/DT of/IN them/PRP with/IN ,/, uh/UH ,/, a-/NN ,/, a-/NN ,/, accreditat-/NN ,/, accreditation/NN to/TO give/VB the/DT education/NN",,,222.29,237.89
sw07utt/sw_0785_2647.utt,2/sw2647,2647,76,sv,B,44,2,"{C but } it's these other things that you and I [ are, + are ] keying off on,","but/CC it/PRP 's/BES these/DT other/JJ things/NNS that/WDT you/PRP and/CC I/PRP are/VBP ,/, are/VBP keying/VBG off/RP on/IN ,/,",,,238.61,241.75
sw07utt/sw_0785_2647.utt,2/sw2647,2647,77,b,A,45,1,# Uh-huh. # /,Uh-huh/UH ./.,,,0.0,0.0
sw07utt/sw_0785_2647.utt,2/sw2647,2647,78,+,B,46,1,"# [ that, + # that ] are really more of an education  that,  /","that/DT ,/, that/WDT are/VBP really/RB more/JJR of/IN an/DT education/NN that/WDT ,/,",,,241.75,244.95
sw07utt/sw_0785_2647.utt,2/sw2647,2647,79,sv,B,46,2,"{C but } they're the things that don't show up in, -/","but/CC they/PRP 're/VBP the/DT things/NNS that/WDT do/VBP n't/RB show/VB up/RP in/IN ,/,",,,245.03,246.97
sw07utt/sw_0785_2647.utt,2/sw2647,2647,80,^2,A,47,1,On paper. /,On/IN paper/NN ./.,,,247.42,248.05999999999997
sw07utt/sw_0785_2647.utt,2/sw2647,2647,81,aa,B,48,1,"That's right,  /","That/DT 's/BES right/JJ ,/,",,,247.93,248.29
sw07utt/sw_0785_2647.utt,2/sw2647,2647,82,aa^r,B,48,2,that's right. /,that/DT 's/BES right/JJ ./.,,,248.29,248.67
sw07utt/sw_0785_2647.utt,2/sw2647,2647,83,aa,A,49,1,"Uh-huh,  /","Uh-huh/UH ,/,",,,248.8,249.0
sw07utt/sw_0785_2647.utt,2/sw2647,2647,84,aa,A,49,2,exactly.  /,exactly/RB ./.,,,249.0,249.44
sw07utt/sw_0785_2647.utt,2/sw2647,2647,85,sv,A,49,3,"[ That's, + that's ]  one important thing that I think about school.  /","That/DT 's/BES ,/, that/DT 's/BES one/CD important/JJ thing/NN that/WDT I/PRP think/VBP about/IN school/NN ./.",,,249.76,252.2
sw07utt/sw_0785_2647.utt,2/sw2647,2647,86,sd,A,49,4,"[ I'm, + I'm ] not a kind a person that, - /","I/PRP 'm/VBP ,/, I/PRP 'm/VBP not/RB a/DT kind/NN a/DT person/NN that/WDT ,/,",,,252.2,254.23999999999998
sw07utt/sw_0785_2647.utt,2/sw2647,2647,87,sd,A,49,5,"I  didn't, - /","I/PRP did/VBD n't/RB ,/,",,,254.24,254.6
sw07utt/sw_0785_2647.utt,2/sw2647,2647,88,sd,A,49,6,"[ I, + I ] was kind of a B student, I guess you'd say,  /","I/PRP ,/, I/PRP was/VBD kind/RB of/RB a/DT B/NN student/NN ,/, I/PRP guess/VBP you/PRP 'd/MD say/VB ,/,",,,254.66,257.15999999999997
sw07utt/sw_0785_2647.utt,2/sw2647,2647,89,sd,A,49,7,"{C and } I didn't really, - /","and/CC I/PRP did/VBD n't/RB really/RB ,/,",,,257.56,258.56
sw07utt/sw_0785_2647.utt,2/sw2647,2647,90,%,A,49,8,"I was tur-, - /","I/PRP was/VBD tur-/XX ,/,",,,259.22,259.84000000000003
sw07utt/sw_0785_2647.utt,2/sw2647,2647,91,sd,A,49,9,I strived to be an A student  /,I/PRP strived/VBD to/TO be/VB an/DT A/NN student/NN,,,259.84,262.02
sw07utt/sw_0785_2647.utt,2/sw2647,2647,92,sd,A,49,10,{C but } it wasn't {D like } a real priority. /,but/CC it/PRP was/VBD n't/RB like/UH a/DT real/JJ priority/NN ./.,,,262.02,263.9
sw07utt/sw_0785_2647.utt,2/sw2647,2647,93,b,B,50,1,Right. /,Right/UH ./.,,,264.19,264.39
sw07utt/sw_0785_2647.utt,2/sw2647,2647,94,sd,A,51,1,"To [ my, + my ] priority was just being as worldly  as I could possibly be <laughter>,  getting into as many organizations as I possibly could,  /","To/IN my/PRP$ ,/, my/PRP$ priority/NN was/VBD just/RB being/VBG as/RB worldly/JJ as/IN I/PRP could/MD possibly/RB be/VB ,/, getting/VBG into/IN as/IN many/JJ organizations/NNS as/IN I/PRP possibly/RB could/MD ,/,",,,264.54,273.44
sw07utt/sw_0785_2647.utt,2/sw2647,2647,95,sd,A,51,2,"[ {C and, } + {C and } ] one other point I was going to make, was that [ I  can un-, + I  (( can )) ]  see that probably if I had gone to a smaller school,  I would probably have more friends,","and/CC ,/, and/CC one/CD other/JJ point/NN I/PRP was/VBD going/VBG to/TO make/VB ,/, was/VBD that/IN I/PRP can/MD un-/XX ,/, I/PRP can/MD see/VB that/IN probably/RB if/IN I/PRP had/VBD gone/VBN to/IN a/DT smaller/JJR school/NN ,/, I/PRP would/MD probably/RB have/VB more/JJR friends/NNS ,/,",,,273.44,282.3
sw07utt/sw_0785_2647.utt,2/sw2647,2647,96,b,B,52,1,# Huh.  # /,Huh/UH ./.,,,283.26,283.34
sw07utt/sw_0785_2647.utt,2/sw2647,2647,97,+,A,53,1,"# because # [ you, + like you ]  said, {D you know, } {D you know, } everybody knows everybody, /","because/IN you/PRP ,/, like/IN you/PRP said/VBD ,/, you/PRP know/VBP ,/, you/PRP know/VBP ,/, everybody/NN knows/VBZ everybody/NN ,/,",,,283.7,289.84
sw07utt/sw_0785_2647.utt,2/sw2647,2647,98,b,B,54,1,# Yeah. # /,Yeah/UH ./.,,,0.0,0.0
sw07utt/sw_0785_2647.utt,2/sw2647,2647,99,sv,A,55,1,"# {C and # so, } you probably come out of it  knowing, and by friends, {E I mean, } {D like } contacts for when you get out of school, {F um, }  {D you know, }  /","and/CC so/RB ,/, you/PRP probably/RB come/VBP out/IN of/IN it/PRP knowing/VBG ,/, and/CC by/IN friends/NNS ,/, I/PRP mean/VBP ,/, like/UH contacts/NNS for/IN when/WRB you/PRP get/VBP out/IN of/IN school/NN ,/, um/UH ,/, you/PRP know/VBP ,/,",,,290.1,297.56
sw07utt/sw_0785_2647.utt,2/sw2647,2647,100,sv,A,55,2,"[ you just, + you may ] walk into a company and see someone you went to school with,","you/PRP just/RB ,/, you/PRP may/MD walk/VB into/IN a/DT company/NN and/CC see/VB someone/NN you/PRP went/VBD to/IN school/NN with/IN ,/,",,,297.56,301.38
sw07utt/sw_0785_2647.utt,2/sw2647,2647,101,b,B,56,1,# Uh-huh. # /,Uh-huh/UH ./.,,,0.0,0.0
sw07utt/sw_0785_2647.utt,2/sw2647,2647,102,+,A,57,1,# more # so at a small college then a large college. /,more/RBR so/RB at/IN a/DT small/JJ college/NN then/RB a/DT large/JJ college/NN ./.,,,301.38,303.52000000000004
sw07utt/sw_0785_2647.utt,2/sw2647,2647,103,b,B,58,1,Yeah. /,Yeah/UH ./.,,,303.36,303.44
sw07utt/sw_0785_2647.utt,2/sw2647,2647,104,sv^r,A,59,1,You may have gone to school with them  /,You/PRP may/MD have/VB gone/VBN to/IN school/NN with/IN them/PRP,,,303.88,304.86
sw07utt/sw_0785_2647.utt,2/sw2647,2647,105,sv,A,59,2,"{C but }  [ you wouldn't, + you  wouldn't ] know them.  /","but/CC you/PRP would/MD n't/RB ,/, you/PRP would/MD n't/RB know/VB them/PRP ./.",,,304.86,307.02000000000004
sw07utt/sw_0785_2647.utt,2/sw2647,2647,106,^h,A,59,3,"{F Uh, } I guess, let me think of another important  thing to look at when you look into college, {F um, } /","Uh/UH ,/, I/PRP guess/VBP ,/, let/VB me/PRP think/VB of/IN another/DT important/JJ thing/NN to/TO look/VB at/IN when/WRB you/PRP look/VBP into/IN college/NN ,/, um/UH ,/,",,,307.1,313.72
sw07utt/sw_0785_2647.utt,2/sw2647,2647,107,sd,B,60,1,"[ I guess, + I guess ] now I've been out  for, - /","I/PRP guess/VBP ,/, I/PRP guess/VBP now/RB I/PRP 've/VBP been/VBN out/RP for/IN ,/,",,,313.56,315.76
sw07utt/sw_0785_2647.utt,2/sw2647,2647,108,sd,B,60,2,"[ I, + I'm ] older than you.  /","I/PRP ,/, I/PRP 'm/VBP older/JJR than/IN you/PRP ./.",,,316.2,317.5
sw07utt/sw_0785_2647.utt,2/sw2647,2647,109,sd,B,60,3,I've been out for twenty-one years. /,I/PRP 've/VBP been/VBN out/RP for/IN twenty-one/CD years/NNS ./.,,,317.5,319.0
sw07utt/sw_0785_2647.utt,2/sw2647,2647,110,b,A,61,1,Uh-huh. /,Uh-huh/UH ./.,,,319.16,319.36
sw07utt/sw_0785_2647.utt,2/sw2647,2647,111,sd,B,62,1,"{C And } I was looking at an annual last night,  /","And/CC I/PRP was/VBD looking/VBG at/IN an/DT annual/JJ last/JJ night/NN ,/,",,,319.72,322.28
sw07utt/sw_0785_2647.utt,2/sw2647,2647,112,sd,B,62,2,"[ something had sp-, + it sparked ] a question,  /","something/NN had/VBD sp-/XX ,/, it/PRP sparked/VBD a/DT question/NN ,/,",,,322.36,324.40000000000003
sw07utt/sw_0785_2647.utt,2/sw2647,2647,113,sd,B,62,3,"{C and } I went to a small private school, /","and/CC I/PRP went/VBD to/IN a/DT small/JJ private/JJ school/NN ,/,",,,324.74,327.82
sw07utt/sw_0785_2647.utt,2/sw2647,2647,114,b,A,63,1,# Uh-huh. # /,Uh-huh/UH ./.,,,328.56,328.84
sw07utt/sw_0785_2647.utt,2/sw2647,2647,115,sd,B,64,1,"# {F um, } # {C and } it was church related. /","um/UH ,/, and/CC it/PRP was/VBD church/NN related/JJ ./.",,,329.08,330.48
sw07utt/sw_0785_2647.utt,2/sw2647,2647,116,b,A,65,1,Uh-huh. /,Uh-huh/UH ./.,,,330.64,330.84
sw07utt/sw_0785_2647.utt,2/sw2647,2647,117,sd,B,66,1,"{C And } I got to looking at my class of sixty-nine, /","And/CC I/PRP got/VBD to/IN looking/VBG at/IN my/PRP$ class/NN of/IN sixty-nine/CD ,/,",,,331.2,334.52
sw07utt/sw_0785_2647.utt,2/sw2647,2647,118,b,A,67,1,# Uh-huh. # /,Uh-huh/UH ./.,,,0.0,0.0
sw07utt/sw_0785_2647.utt,2/sw2647,2647,119,sd,B,68,1,# {C and } # I realized that even though that school's  two hundred miles from here  /,and/CC I/PRP realized/VBD that/IN even/RB though/IN that/DT school/NN 's/BES two/CD hundred/CD miles/NNS from/IN here/RB,,,335.26,339.0
sw07utt/sw_0785_2647.utt,2/sw2647,2647,120,sd,B,68,2,"{C and } I've lived in other states and done other things  for the past twenty years, where I go to church now, there are five  other people that went to school at the same time in the same class as I, /","and/CC I/PRP 've/VBP lived/VBN in/IN other/JJ states/NNS and/CC done/VBN other/JJ things/NNS for/IN the/DT past/JJ twenty/CD years/NNS ,/, where/WRB I/PRP go/VBP to/IN church/NN now/RB ,/, there/EX are/VBP five/CD other/JJ people/NNS that/WDT went/VBD to/IN school/NN at/IN the/DT same/JJ time/NN in/IN the/DT same/JJ class/NN as/IN I/PRP ,/,",,,339.04,350.5
sw07utt/sw_0785_2647.utt,2/sw2647,2647,121,ba,A,69,1,# Wow.  # /,Wow/UH ./.,,,0.0,0.0
sw07utt/sw_0785_2647.utt,2/sw2647,2647,122,sd,B,70,1,"# {C and } # [ it's, + it's ]  neat to know that we have that contact that goes back that some of the same memories if not the same education in, -/","and/CC it/PRP 's/BES ,/, it/PRP 's/BES neat/JJ to/TO know/VB that/IN we/PRP have/VBP that/DT contact/NN that/WDT goes/VBZ back/RB that/IN some/DT of/IN the/DT same/JJ memories/NNS if/IN not/RB the/DT same/JJ education/NN in/IN ,/,",,,351.16,362.0
sw07utt/sw_0785_2647.utt,2/sw2647,2647,123,b,A,71,1,# Uh-huh. # /,Uh-huh/UH ./.,,,0.0,0.0
sw07utt/sw_0785_2647.utt,2/sw2647,2647,124,sd,B,72,1,"# {D you # know, } we weren't all out to be teachers   [ or, + or ]  whatever  /","you/PRP know/VBP ,/, we/PRP were/VBD n't/RB all/DT out/IN to/TO be/VB teachers/NNS or/CC ,/, or/CC whatever/WDT",,,362.0,365.68
sw07utt/sw_0785_2647.utt,2/sw2647,2647,125,sd,B,72,2,"{C so } we didn't have the same classes,  /","so/IN we/PRP did/VBD n't/RB have/VB the/DT same/JJ classes/NNS ,/,",,,365.68,367.1
sw07utt/sw_0785_2647.utt,2/sw2647,2647,126,sd,B,72,3,"{C but } we had a common thread,","but/CC we/PRP had/VBD a/DT common/JJ thread/NN ,/,",,,367.1,368.84
sw07utt/sw_0785_2647.utt,2/sw2647,2647,127,b,A,73,1,# Right. # /,Right/UH ./.,,,369.28,369.73999999999995
sw07utt/sw_0785_2647.utt,2/sw2647,2647,128,+,B,74,1,"# something # that still ties us together,","something/NN that/WDT still/RB ties/VBZ us/PRP together/RB ,/,",,,369.58,371.04
sw07utt/sw_0785_2647.utt,2/sw2647,2647,129,ba,A,75,1,# Wow.  # /,Wow/UH ./.,,,0.0,0.0
sw07utt/sw_0785_2647.utt,2/sw2647,2647,130,+,B,76,1,# twenty # odd years later. /,twenty/CD odd/JJ years/NNS later/RB ./.,,,371.54,372.71999999999997
sw07utt/sw_0785_2647.utt,2/sw2647,2647,131,ba,A,77,1,That's great. /,That/DT 's/BES great/JJ ./.,,,372.96,373.74
sw07utt/sw_0785_2647.utt,2/sw2647,2647,132,sd,B,78,1,"{C And } [ [ it's, + ] +  it's, ] + it's ]  kind of neat just knowing that those kinds of things, those are what I carry beyond that piece of paper that  allows me to be an exempt at T I, /","And/CC it/PRP 's/BES ,/, it/PRP 's/BES ,/, it/PRP 's/BES kind/RB of/RB neat/JJ just/RB knowing/VBG that/IN those/DT kinds/NNS of/IN things/NNS ,/, those/DT are/VBP what/WP I/PRP carry/VBP beyond/IN that/DT piece/NN of/IN paper/NN that/WDT allows/VBZ me/PRP to/TO be/VB an/DT exempt/NN at/IN T/NNP I/NNP ,/,",,,373.68,384.94
sw07utt/sw_0785_2647.utt,2/sw2647,2647,133,b,A,79,1,"# Right,  /","Right/UH ,/,",,,0.0,0.0
sw07utt/sw_0785_2647.utt,2/sw2647,2647,134,b^r,A,79,2,right.  # /,right/UH ./.,,,0.0,0.0
sw07utt/sw_0785_2647.utt,2/sw2647,2647,135,sd,B,80,1,# I have # something more important to me than that. /,I/PRP have/VBP something/NN more/RBR important/JJ to/IN me/PRP than/IN that/DT ./.,,,386.18,388.41999999999996
sw07utt/sw_0785_2647.utt,2/sw2647,2647,136,ba,A,81,1,"That's great,  /","That/DT 's/BES great/JJ ,/,",,,388.58,389.28
sw07utt/sw_0785_2647.utt,2/sw2647,2647,137,ba^r,A,81,2,that's great.  /,that/DT 's/BES great/JJ ./.,,,389.48,389.9
sw07utt/sw_0785_2647.utt,2/sw2647,2647,138,%,A,81,3,"Yeah,  /","Yeah/UH ,/,",,,389.9,390.09999999999997
sw07utt/sw_0785_2647.utt,2/sw2647,2647,139,sd,A,81,4,"[ that's what I, + that's basically what ] I, and, when I first, - /","that/DT 's/BES what/WP I/PRP ,/, that/DT 's/BES basically/RB what/WP I/PRP ,/, and/CC ,/, when/WRB I/PRP first/RB ,/,",,,390.1,393.48
sw07utt/sw_0785_2647.utt,2/sw2647,2647,140,sd,A,81,5,"I've been out of college  (( only ))   two years now, <laughter>, so it's still pretty fresh on my memory,","I/PRP 've/VBP been/VBN out/IN of/IN college/NN only/RB two/CD years/NNS now/RB ,/, ,/, so/IN it/PRP 's/BES still/RB pretty/RB fresh/JJ on/IN my/PRP$ memory/NN ,/,",,,393.66,398.72
sw07utt/sw_0785_2647.utt,2/sw2647,2647,141,b,B,82,1,# Uh-huh. # /,Uh-huh/UH ./.,,,398.7,398.97999999999996
sw07utt/sw_0785_2647.utt,2/sw2647,2647,142,+,A,83,1,"# {F um, }  /","um/UH ,/,",,,0.0,0.0
sw07utt/sw_0785_2647.utt,2/sw2647,2647,143,sd,A,83,2,"# {C but } now that I'm out, - /","but/CC now/RB that/IN I/PRP 'm/VBP out/RP ,/,",,,399.18,401.97999999999996
sw07utt/sw_0785_2647.utt,2/sw2647,2647,144,sd,A,83,3,"when I went into school, my parents told, {D well, } - /","when/WRB I/PRP went/VBD into/IN school/NN ,/, my/PRP$ parents/NNS told/VBD ,/, well/UH ,/,",,,401.98,405.9
sw07utt/sw_0785_2647.utt,2/sw2647,2647,145,%,A,83,4,"my, - /","my/PRP$ ,/,",,,405.9,406.12
sw07utt/sw_0785_2647.utt,2/sw2647,2647,146,sd,A,83,5,"{D okay, } [ let me, + let me ]  go back to [ my, + my ] sister now is in college,","okay/UH ,/, let/VB me/PRP ,/, let/VB me/PRP go/VB back/RB to/IN my/PRP$ ,/, my/PRP$ sister/NN now/RB is/VBZ in/IN college/NN ,/,",,,406.56,409.9
sw07utt/sw_0785_2647.utt,2/sw2647,2647,147,b,B,84,1,# Uh-huh. # /,Uh-huh/UH ./.,,,0.0,0.0
sw07utt/sw_0785_2647.utt,2/sw2647,2647,148,+,A,85,1,"# {C and } # my father was really interested  in getting her in a school that would look good [ on her, + on her, ] {F uh, } diploma, etcetera,","and/CC my/PRP$ father/NN was/VBD really/RB interested/JJ in/IN getting/VBG her/PRP in/IN a/DT school/NN that/WDT would/MD look/VB good/JJ on/IN her/PRP$ ,/, on/IN her/PRP$ ,/, uh/UH ,/, diploma/NN ,/, etcetera/FW ,/,",,,410.34,418.92
sw07utt/sw_0785_2647.utt,2/sw2647,2647,149,b,B,86,1,# Uh-huh. # /,Uh-huh/UH ./.,,,0.0,0.0
sw07utt/sw_0785_2647.utt,2/sw2647,2647,150,+,A,87,1,"# and # so forth,  /","and/CC so/RB forth/RB ,/,",,,418.92,419.72
sw07utt/sw_0785_2647.utt,2/sw2647,2647,151,sd,A,87,2,"[ {C and, } + {C and } ]  I kept pushing her towards just kind of U T or a larger school,  /","and/CC ,/, and/CC I/PRP kept/VBD pushing/VBG her/PRP towards/IN just/RB kind/RB of/RB U/NNP T/NNP or/CC a/DT larger/JJR school/NN ,/,",,,419.72,427.26
sw07utt/sw_0785_2647.utt,2/sw2647,2647,152,sd,A,87,3,{C and } it was just a big conflict  between us because my father wanted the academics  /,and/CC it/PRP was/VBD just/RB a/DT big/JJ conflict/NN between/IN us/PRP because/IN my/PRP$ father/NN wanted/VBD the/DT academics/NN,,,427.26,434.02
sw07utt/sw_0785_2647.utt,2/sw2647,2647,153,sd,A,87,4,"{C and } I wanted her to get the life experience,","and/CC I/PRP wanted/VBD her/PRP$ to/TO get/VB the/DT life/NN experience/NN ,/,",,,434.14,437.32
sw07utt/sw_0785_2647.utt,2/sw2647,2647,154,b,B,88,1,# Uh-huh. # /,Uh-huh/UH ./.,,,0.0,0.0
sw07utt/sw_0785_2647.utt,2/sw2647,2647,155,+,A,89,1,"# out # of it,  /","out/IN of/IN it/PRP ,/,",,,437.66,438.3
sw07utt/sw_0785_2647.utt,2/sw2647,2647,156,sd,A,89,2,"{C and so } it was, {D you know, } - /","and/CC so/RB it/PRP was/VBD ,/, you/PRP know/VBP ,/,",,,438.3,439.18
sw07utt/sw_0785_2647.utt,2/sw2647,2647,157,sd,A,89,3,"she went the academic way because she's a straight A student, which is, -/","she/PRP went/VBD the/DT academic/NN way/NN because/IN she/PRP 's/BES a/DT straight/JJ A/NN student/NN ,/, which/WDT is/VBZ ,/,",,,439.18,442.92
sw07utt/sw_0785_2647.utt,2/sw2647,2647,158,sd,B,90,1,# I was going to ask who won <laughter>.  # /,I/PRP was/VBD going/VBG to/TO ask/VB who/WP won/VBD ./.,,,0.0,0.0
sw07utt/sw_0785_2647.utt,2/sw2647,2647,159,b,A,91,1,"# yes,  /","yes/UH ,/,",,,442.92,443.46000000000004
sw07utt/sw_0785_2647.utt,2/sw2647,2647,160,b,A,91,2,"yeah,  /","yeah/UH ,/,",,,443.84,444.26
sw07utt/sw_0785_2647.utt,2/sw2647,2647,161,%,A,91,3,"{C so, } she, {D you know, } - /","so/RB ,/, she/PRP ,/, you/PRP know/VBP ,/,",,,444.26,445.63
sw07utt/sw_0785_2647.utt,2/sw2647,2647,162,sd,A,91,4,"that's probably, # {D you know, } [ what she, + what she ] wants anyway  /","that/DT 's/BES probably/RB ,/, you/PRP know/VBP ,/, what/WP she/PRP ,/, what/WP she/PRP wants/VBZ anyway/RB",,,445.63,448.57
sw07utt/sw_0785_2647.utt,2/sw2647,2647,163,sd,A,91,5,{C but } that was the big deal  /,but/CC that/DT was/VBD the/DT big/JJ deal/NN,,,448.57,450.45
sw07utt/sw_0785_2647.utt,2/sw2647,2647,164,%,A,91,6,"{C and, } -/","and/CC ,/,",,,450.45,450.49
sw07utt/sw_0785_2647.utt,2/sw2647,2647,165,sv,B,92,1,"[ In, + in ]  that case, {F uh, } regardless of what you or your father pushed for it sounds like she was going for what she needed,","In/IN ,/, in/IN that/DT case/NN ,/, uh/UH ,/, regardless/RB of/IN what/WP you/PRP or/CC your/PRP$ father/NN pushed/VBD for/IN it/PRP sounds/VBZ like/IN she/PRP was/VBD going/VBG for/IN what/WP she/PRP needed/VBD ,/,",,,450.51,457.19
sw07utt/sw_0785_2647.utt,2/sw2647,2647,166,b,A,93,1,# Right. # /,Right/UH ./.,,,457.45,457.87
sw07utt/sw_0785_2647.utt,2/sw2647,2647,167,+,B,94,1,"# and # finding a school [ that, + that ]  met her specific requirements,","and/CC finding/VBG a/DT school/NN that/WDT ,/, that/WDT met/VBD her/PRP$ specific/JJ requirements/NNS ,/,",,,457.71,461.90999999999997
sw07utt/sw_0785_2647.utt,2/sw2647,2647,168,b,A,95,1,# Right. # /,Right/UH ./.,,,0.0,0.0
sw07utt/sw_0785_2647.utt,2/sw2647,2647,169,+,B,96,1,"# [ and, + # and ] made the best fit for her. /","and/CC ,/, and/CC made/VBD the/DT best/JJS fit/NN for/IN her/PRP ./.",,,462.41,464.23
sw07utt/sw_0785_2647.utt,2/sw2647,2647,170,sv,A,97,1,"{C And } [ that, + that's ]  another point is that, [ the, + a ] parent should tell their child to be [ or, + or ]  to give their child the leeway to choose their school,","And/CC that/DT ,/, that/DT 's/BES another/DT point/NN is/VBZ that/IN ,/, the/DT ,/, a/DT parent/NN should/MD tell/VB their/PRP$ child/NN to/TO be/VB or/CC ,/, or/CC to/TO give/VB their/PRP child/NN the/DT leeway/NN to/TO choose/VB their/PRP school/NN ,/,",,,464.45,472.66999999999996
sw07utt/sw_0785_2647.utt,2/sw2647,2647,171,b,B,98,1,# Yeah. # /,Yeah/UH ./.,,,0.0,0.0
sw07utt/sw_0785_2647.utt,2/sw2647,2647,172,+,A,99,1,"# not # so much choose the school for  them but, {D you know, } kind of guide them along but let them more or less choose what they need and  what they're going to do. /","not/RB so/RB much/JJ choose/VB the/DT school/NN for/IN them/PRP but/CC ,/, you/PRP know/VBP ,/, kind/RB of/RB guide/VBP them/PRP along/RP but/CC let/VB them/PRP more/RBR or/CC less/RBR choose/VB what/WP they/PRP need/VBP and/CC what/WP they/PRP 're/VBP going/VBG to/TO do/VB ./.",,,472.85,480.69
sw07utt/sw_0785_2647.utt,2/sw2647,2647,173,sv,B,100,1,"I think it helps,  /","I/PRP think/VBP it/PRP helps/VBZ ,/,",,,480.64,481.36
sw07utt/sw_0785_2647.utt,2/sw2647,2647,174,sd,B,100,2,"[ a, + ] now my grandfather was going to  pay if I went to, {F uh, } what's now U T Arlington,","a/DT ,/, now/RB my/PRP$ grandfather/NN was/VBD going/VBG to/TO pay/VB if/IN I/PRP went/VBD to/IN ,/, uh/UH ,/, what/WP 's/BES now/RB U/NNP T/NNP Arlington/NNP ,/,",,,481.36,486.94
sw07utt/sw_0785_2647.utt,2/sw2647,2647,175,b,A,101,1,# Uh-huh. # /,Uh-huh/UH ./.,,,0.0,0.0
sw07utt/sw_0785_2647.utt,2/sw2647,2647,176,+,B,102,1,"# because # it was there in my hometown,  /","because/IN it/PRP was/VBD there/RB in/IN my/PRP$ hometown/NN ,/,",,,487.14,488.47999999999996
sw07utt/sw_0785_2647.utt,2/sw2647,2647,177,sd,B,102,2,I could live at home. /,I/PRP could/MD live/VB at/IN home/NN ./.,,,488.48,489.32000000000005
sw07utt/sw_0785_2647.utt,2/sw2647,2647,178,b,A,103,1,Right. /,Right/UH ./.,,,489.53,489.80999999999995
sw07utt/sw_0785_2647.utt,2/sw2647,2647,179,sd,B,104,1,{C But } I chose to go to another school  /,But/CC I/PRP chose/VBD to/TO go/VB to/IN another/DT school/NN,,,490.44,492.54
sw07utt/sw_0785_2647.utt,2/sw2647,2647,180,sd,B,104,2,"{C and } even though he was pleased that it was a church related school, he was not willing to pay  any at all even the same amount of money, /","and/CC even/RB though/IN he/PRP was/VBD pleased/JJ that/IN it/PRP was/VBD a/DT church/NN related/JJ school/NN ,/, he/PRP was/VBD not/RB willing/JJ to/TO pay/VB any/DT at/IN all/DT even/RB the/DT same/JJ amount/NN of/IN money/NN ,/,",,,493.6,500.74
sw07utt/sw_0785_2647.utt,2/sw2647,2647,181,b,A,105,1,# Huh.  #,Huh/UH ./.,,,0.0,0.0
sw07utt/sw_0785_2647.utt,2/sw2647,2647,182,sd,B,106,1,"# {C and } # I think I value [ my, + my ]  education more because I had to work for it. /","and/CC I/PRP think/VBP I/PRP value/VBP my/PRP$ ,/, my/PRP$ education/NN more/JJR because/IN I/PRP had/VBD to/TO work/VB for/IN it/PRP ./.",,,501.66,506.92
sw07utt/sw_0785_2647.utt,2/sw2647,2647,183,+,A,107,1,"Right,  /","Right/UH ,/,",,,507.13,507.45
sw07utt/sw_0785_2647.utt,2/sw2647,2647,184,b,A,107,2,uh-huh. /,uh-huh/UH ./.,,,508.17,508.35
sw07utt/sw_0785_2647.utt,2/sw2647,2647,185,sd,B,108,1,"{C And } {C because } I knew all along that's what I wanted,","And/CC because/IN I/PRP knew/VBD all/DT along/IN that/DT 's/BES what/WP I/PRP wanted/VBD ,/,",,,508.16,511.12
sw07utt/sw_0785_2647.utt,2/sw2647,2647,186,b,A,109,1,# <<Very faint>> Uh-huh. # /,Uh-huh/UH ./.,,,0.0,0.0
sw07utt/sw_0785_2647.utt,2/sw2647,2647,187,+,B,110,1,"# [ eve-, + even ]  though # I had to buck the family in order [ to, + to ] do what I needed to do.  /","eve-/RB ,/, even/RB though/IN I/PRP had/VBD to/TO buck/VB the/DT family/NN in/IN order/NN to/TO ,/, to/TO do/VB what/WP I/PRP needed/VBD to/TO do/VB ./.",,,511.9,515.86
sw07utt/sw_0785_2647.utt,2/sw2647,2647,188,%,B,110,2,"{C So, } -/","So/RB ,/,",,,515.86,515.98
sw07utt/sw_0785_2647.utt,2/sw2647,2647,189,b,A,111,1,<<Very faint>> Right.  /,Right/UH ./.,,,516.19,516.33
sw07utt/sw_0785_2647.utt,2/sw2647,2647,190,sv,A,111,2,"{D Well, } that was pretty  courageous <laughter>. /","Well/UH ,/, that/DT was/VBD pretty/RB courageous/JJ ./.",,,516.97,518.15
sw07utt/sw_0785_2647.utt,2/sw2647,2647,191,sd,B,112,1,"{F Um, } [ I guess, + I guess ]  [ it was, + it was ] my mother's support that got me through it,","Um/UH ,/, I/PRP guess/VBP ,/, I/PRP guess/VBP it/PRP was/VBD ,/, it/PRP was/VBD my/PRP$ mother/NN 's/POS support/NN that/WDT got/VBD me/PRP through/IN it/PRP ,/,",,,518.89,523.12
sw07utt/sw_0785_2647.utt,2/sw2647,2647,192,b,A,113,1,# Yeah. # /,Yeah/UH ./.,,,0.0,0.0
sw07utt/sw_0785_2647.utt,2/sw2647,2647,193,+,B,114,1,"# that # and ten years [ of, + of, ] {F uh, } loans <laughter>,","that/IN and/CC ten/CD years/NNS of/IN ,/, of/IN ,/, uh/UH ,/, loans/NNS ,/,",,,523.21,525.62
sw07utt/sw_0785_2647.utt,2/sw2647,2647,194,ba,A,115,1,"# {F Oh, } yeah,  /","Oh/UH ,/, yeah/UH ,/,",,,525.97,526.87
sw07utt/sw_0785_2647.utt,2/sw2647,2647,195,b,A,115,2,yeah. # /,yeah/UH ./.,,,526.87,527.17
sw07utt/sw_0785_2647.utt,2/sw2647,2647,196,+,B,116,1,# after I got # out <laughter>. /,after/IN I/PRP got/VBD out/RP ./.,,,526.96,527.32
sw07utt/sw_0785_2647.utt,2/sw2647,2647,197,sd,A,117,1,"[ I'm, + I'm ] dealing with the loans right  now,  /","I/PRP 'm/VBP ,/, I/PRP 'm/VBP dealing/VBG with/IN the/DT loans/NNS right/RB now/RB ,/,",,,527.53,530.23
sw07utt/sw_0785_2647.utt,2/sw2647,2647,198,o@,A,117,2,"[ {C so, } + {C so. } ]   *[[slash error]]","so/RB ,/, so/RB ./.",,,530.23,530.39
sw07utt/sw_0785_2647.utt,2/sw2647,2647,199,qy^g,B,118,1,"Sounds  familiar, {F huh? }  /","Sounds/VBZ familiar/JJ ,/, huh/UH ?/.",,,530.18,531.36
sw07utt/sw_0785_2647.utt,2/sw2647,2647,200,%,B,118,2,"Your, - /","Your/PRP$ ,/,",,,531.36,531.58
sw07utt/sw_0785_2647.utt,2/sw2647,2647,201,qy^d,B,118,3,it's very fresh in your memory. /,it/PRP 's/BES very/RB fresh/JJ in/IN your/PRP$ memory/NN ./.,,,531.62,533.02
sw07utt/sw_0785_2647.utt,2/sw2647,2647,202,+@,A,119,1,"{F Oh, } yes,  / *[[slash error]]","Oh/UH ,/, yes/UH ,/,",,,533.23,533.4699999999999
sw07utt/sw_0785_2647.utt,2/sw2647,2647,203,sd^e,A,119,2,"very,  /","very/RB ,/,",,,533.77,534.27
sw07utt/sw_0785_2647.utt,2/sw2647,2647,204,sd,A,119,3,"[ every, + every ] month <laughter>. /","every/DT ,/, every/DT month/NN ./.",,,534.27,535.19
sw07utt/sw_0785_2647.utt,2/sw2647,2647,205,%,B,120,1,"I, -/","I/PRP ,/,",,,534.98,535.08
sw07utt/sw_0785_2647.utt,2/sw2647,2647,206,sd,A,121,1,That memory just seeps back in my mailbox. /,That/DT memory/NN just/RB seeps/VBZ back/RB in/IN my/PRP$ mailbox/NN ./.,,,535.41,538.09
sw07utt/sw_0785_2647.utt,2/sw2647,2647,207,b,B,122,1,"Yeah,  /","Yeah/UH ,/,",,,537.89,538.41
sw07utt/sw_0785_2647.utt,2/sw2647,2647,208,by,B,122,2,"{D well, } sorry about that  (( Tanya ))  <laughter>. /","well/UH ,/, sorry/JJ about/IN that/DT Tanya/NNP ./.",,,538.51,540.13
sw07utt/sw_0785_2647.utt,2/sw2647,2647,209,bd,A,123,1,"{F Oh, } {D well, } I guess I'll get over it. /","Oh/UH ,/, well/UH ,/, I/PRP guess/VBP I/PRP 'll/MD get/VB over/IN it/PRP ./.",,,540.35,542.09
sw07utt/sw_0785_2647.utt,2/sw2647,2647,210,sv,B,124,1,I'm sure it was worth it though. /,I/PRP 'm/VBP sure/JJ it/PRP was/VBD worth/JJ it/PRP though/RB ./.,,,542.19,543.65
sw07utt/sw_0785_2647.utt,2/sw2647,2647,211,aa,A,125,1,"{F Oh, } yeah,  /","Oh/UH ,/, yeah/UH ,/,",,,543.87,544.13
sw07utt/sw_0785_2647.utt,2/sw2647,2647,212,aa,A,125,2,yeah.  /,yeah/UH ./.,,,544.21,544.4300000000001
sw07utt/sw_0785_2647.utt,2/sw2647,2647,213,%,A,125,3,Okay. /,Okay/UH ./.,,,545.19,545.45
sw07utt/sw_0785_2647.utt,2/sw2647,2647,214,sd,B,126,1,"[ If, + if ]  nothing else because I work in training at T I now, /","If/IN ,/, if/IN nothing/NN else/RB because/IN I/PRP work/VBP in/IN training/NN at/IN T/NNP I/NNP now/RB ,/,",,,545.23,548.89
sw07utt/sw_0785_2647.utt,2/sw2647,2647,215,b,A,127,1,# Uh-huh. # /,Uh-huh/UH ./.,,,0.0,0.0
sw07utt/sw_0785_2647.utt,2/sw2647,2647,216,sv,B,128,1,"# if # nothing else just those experiences beyond [ and, +  and ] including your educational classes that help give you the  self-esteem to do and achieve,","if/IN nothing/NN else/RB just/RB those/DT experiences/NNS beyond/IN and/CC ,/, and/CC including/VBG your/PRP$ educational/JJ classes/NNS that/WDT help/VBP give/VB you/PRP the/DT self-esteem/NN to/TO do/VB and/CC achieve/VB ,/,",,,549.27,557.95
sw07utt/sw_0785_2647.utt,2/sw2647,2647,217,b,A,129,1,# Uh-huh. # /,Uh-huh/UH ./.,,,0.0,0.0
sw07utt/sw_0785_2647.utt,2/sw2647,2647,218,+,B,130,1,"# whatever # you set your mind on, /","whatever/WDT you/PRP set/VBP your/PRP$ mind/NN on/RP ,/,",,,558.53,560.43
sw07utt/sw_0785_2647.utt,2/sw2647,2647,219,b,A,131,1,# <<Very faint>> Uh-huh. # /,Uh-huh/UH ./.,,,0.0,0.0
sw07utt/sw_0785_2647.utt,2/sw2647,2647,220,sv,B,132,1,"# {C and } [ the, + ] [ you, + # you ]  made the right choice in going to a school that met all of your needs [ to make, + to give ]  you [ the, + the ] potential to do whatever you wanted. /","and/CC the/DT ,/, you/PRP ,/, you/PRP made/VBD the/DT right/JJ choice/NN in/IN going/VBG to/IN a/DT school/NN that/WDT met/VBD all/DT of/IN your/PRP$ needs/NNS to/TO make/VB ,/, to/TO give/VB you/PRP the/DT ,/, the/DT potential/NN to/TO do/VB whatever/WDT you/PRP wanted/VBD ./.",,,561.39,570.85
sw07utt/sw_0785_2647.utt,2/sw2647,2647,221,aa,A,133,1,"Right,  /","Right/UH ,/,",,,571.07,571.3900000000001
sw07utt/sw_0785_2647.utt,2/sw2647,2647,222,sv,A,133,2,"{C because } [ [ when you, + when you ]  do want, + when you do ]  finally graduate [ that, + that's ] what you need the most.  /","because/IN when/WRB you/PRP ,/, when/WRB you/PRP do/VBP want/VB ,/, when/WRB you/PRP do/VBP finally/RB graduate/VB that/IN ,/, that/DT 's/BES what/WP you/PRP need/VBP the/DT most/RBS ./.",,,571.39,577.67
sw07utt/sw_0785_2647.utt,2/sw2647,2647,223,sd,A,133,3,"I'm finding out now that what I'm needing the most now is not smarts, not what I can do on paper,  it's stamina, courage, {F uh, }  ((   )) , -/","I/PRP 'm/VBP finding/VBG out/RP now/RB that/IN what/WP I/PRP 'm/VBP needing/VBG the/DT most/JJS now/RB is/VBZ not/RB smarts/NNS ,/, not/RB what/WP I/PRP can/MD do/VB on/IN paper/NN ,/, it/PRP 's/BES stamina/NN ,/, courage/NN ,/, uh/UH ,/, MUMBLEx/XX ,/,",,,577.67,587.49
sw07utt/sw_0785_2647.utt,2/sw2647,2647,224,sv,B,134,1,"# Young lady, #","Young/JJ lady/NN ,/,",,,0.0,0.0
sw07utt/sw_0785_2647.utt,2/sw2647,2647,225,sd,A,135,1,"# words, it, # -/","words/NNS ,/, it/PRP ,/,",,,590.29,590.87
sw07utt/sw_0785_2647.utt,2/sw2647,2647,226,+,B,136,1,"you have gotten your education  then,  /","you/PRP have/VBP gotten/VBN your/PRP$ education/NN then/RB ,/,",,,590.77,592.75
sw07utt/sw_0785_2647.utt,2/sw2647,2647,227,aa,B,136,2,"[ that, + that's ] right. /","that/DT ,/, that/DT 's/BES right/JJ ./.",,,592.75,593.51
sw07utt/sw_0785_2647.utt,2/sw2647,2647,228,aa,A,137,1,"Yes,  /","Yes/UH ,/,",,,593.75,594.09
sw07utt/sw_0785_2647.utt,2/sw2647,2647,229,sd,A,137,2,"[ I'm needing, + {D you know, } [ my, + ] I'm needing ]  to rely on myself, /","I/PRP 'm/VBP needing/VBG ,/, you/PRP know/VBP ,/, my/PRP$ ,/, I/PRP 'm/VBP needing/VBG to/TO rely/VB on/IN myself/PRP ,/,",,,594.09,596.9699999999999
sw07utt/sw_0785_2647.utt,2/sw2647,2647,230,b,B,138,1,<<Very faint>> Yeah. /,Yeah/UH ./.,,,596.93,597.01
sw07utt/sw_0785_2647.utt,2/sw2647,2647,231,sd,A,139,1,{C And } I think I learned a lot of that in school too. /,And/CC I/PRP think/VBP I/PRP learned/VBD a/DT lot/NN of/IN that/DT in/NN school/NN too/RB ./.,,,597.25,599.13
