swda_filename,ptb_basename,conversation_no,transcript_index,act_tag,caller,utterance_index,subutterance_index,text,pos,trees,ptb_treenumbers,start_ts,end_ts
sw07utt/sw_0783_2622.utt,2/sw2622,2622,0,qo,B,1,1,"{D So, } {F uh, } what do you think? <Laughter>. /","So/UH ,/, uh/UH ,/, what/WP do/VBP you/PRP think/VB ?/. ./.",,,1.1,2.76
sw07utt/sw_0783_2622.utt,2/sw2622,2622,1,sv,A,2,1,I think we're overtaxed to the hilt. /,I/PRP think/VBP we/PRP 're/VBP overtaxed/VBN to/IN the/DT hilt/NN ./.,,,3.55,5.37
sw07utt/sw_0783_2622.utt,2/sw2622,2622,2,b,B,3,1,Yeah. /,Yeah/UH ./.,,,5.9,6.220000000000001
sw07utt/sw_0783_2622.utt,2/sw2622,2622,3,b,A,4,1,"Yeah,  /","Yeah/UH ,/,",,,6.77,7.01
sw07utt/sw_0783_2622.utt,2/sw2622,2622,4,sd,A,4,2,"{E I mean, } [ we're, + we're ]  taxed on taxes  /","I/PRP mean/VBP ,/, we/PRP 're/VBP ,/, we/PRP 're/VBP taxed/VBN on/IN taxes/NNS",,,7.01,9.41
sw07utt/sw_0783_2622.utt,2/sw2622,2622,5,sd,A,4,3,"{C and, } {F um, } {F uh, } most all government entities are just trying to give us a state income tax  for those who don't have it that is.  /","and/CC ,/, um/UH ,/, uh/UH ,/, most/RBS all/DT government/NN entities/NNS are/VBP just/RB trying/VBG to/TO give/VB us/PRP a/DT state/NN income/NN tax/NN for/IN those/DT who/WP do/VBP n't/RB have/VB it/PRP that/WDT is/VBZ ./.",,,9.43,19.549999999999997
sw07utt/sw_0783_2622.utt,2/sw2622,2622,6,sd,A,4,4,"{E I mean } we don't have one yet,  /","I/PRP mean/VBP we/PRP do/VBP n't/RB have/VB one/CD yet/RB ,/,",,,19.67,21.13
sw07utt/sw_0783_2622.utt,2/sw2622,2622,7,sd,A,4,5,{C but } eventually they may try to push it through. /,but/CC eventually/RB they/PRP may/MD try/VB to/TO push/VB it/PRP through/RB ./.,,,21.13,24.45
sw07utt/sw_0783_2622.utt,2/sw2622,2622,8,b,B,5,1,{F Oh } really.  /,Oh/UH really/UH ./.,,,24.94,25.439999999999998
sw07utt/sw_0783_2622.utt,2/sw2622,2622,9,bf,B,5,2,"{C So } they have n-, - /","So/RB they/PRP have/VBP n-/XX ,/,",,,25.44,25.96
sw07utt/sw_0783_2622.utt,2/sw2622,2622,10,sd,B,5,3,I didn't realize they had no state tax in Texas. /,I/PRP did/VBD n't/RB realize/VB they/PRP had/VBD no/DT state/NN tax/NN in/IN Texas/NNP ./.,,,25.96,27.58
sw07utt/sw_0783_2622.utt,2/sw2622,2622,11,sd,A,6,1,"[ No, +  no ] state income tax. /","No/DT ,/, no/DT state/NN income/NN tax/NN ./.",,,28.01,29.450000000000003
sw07utt/sw_0783_2622.utt,2/sw2622,2622,12,sd,B,7,1,"{F Oh, } that's great, because they don't have it in  Florida.  /","Oh/UH ,/, that/DT 's/BES great/JJ ,/, because/IN they/PRP do/VBP n't/RB have/VB it/PRP in/IN Florida/NNP ./.",,,29.45,31.009999999999998
sw07utt/sw_0783_2622.utt,2/sw2622,2622,13,sd,B,7,2,In New York they have it. /,In/IN New/NNP York/NNP they/PRP have/VBP it/PRP ./.,,,31.01,31.909999999999997
sw07utt/sw_0783_2622.utt,2/sw2622,2622,14,b,A,8,1,Uh-huh. /,Uh-huh/UH ./.,,,32.21,32.550000000000004
sw07utt/sw_0783_2622.utt,2/sw2622,2622,15,sd,B,9,1,"{E I mean, } {D you know, } like I say,  I'm in New York  /","I/PRP mean/VBP ,/, you/PRP know/VBP ,/, like/IN I/PRP say/VBP ,/, I/PRP 'm/VBP in/IN New/NNP York/NNP",,,32.83,34.21
sw07utt/sw_0783_2622.utt,2/sw2622,2622,16,sd,B,9,2,{C and } we have a state tax as well.  /,and/CC we/PRP have/VBP a/DT state/NN tax/NN as/IN well/RB ./.,,,34.25,35.73
sw07utt/sw_0783_2622.utt,2/sw2622,2622,17,sd,B,9,3,{C So } that just cuts even more. /,So/RB that/DT just/RB cuts/VBZ even/RB more/RBR ./.,,,36.09,37.75
sw07utt/sw_0783_2622.utt,2/sw2622,2622,18,aa,A,10,1,"Yeah,  /","Yeah/UH ,/,",,,38.81,38.99
sw07utt/sw_0783_2622.utt,2/sw2622,2622,19,sv,A,10,2,I think what needs to be done is they  need to control their spending habits. /,I/PRP think/VBP what/WP needs/VBZ to/TO be/VB done/VBN is/VBZ they/PRP need/VBP to/TO control/VB their/PRP$ spending/NN habits/NNS ./.,,,38.99,42.83
sw07utt/sw_0783_2622.utt,2/sw2622,2622,20,aa,B,11,1,"Right,  /","Right/UH ,/,",,,43.59,43.910000000000004
sw07utt/sw_0783_2622.utt,2/sw2622,2622,21,sv,B,11,2,"[ I, + I ] think that  I, - /","I/PRP ,/, I/PRP think/VBP that/IN I/PRP ,/,",,,44.05,45.089999999999996
sw07utt/sw_0783_2622.utt,2/sw2622,2622,22,sd,B,11,3,"{E I mean, }  I wouldn't be so  upset about the amount of taxes paid if it weren't for the fact that [ they don't, + they don't ]  go to any place.  /","I/PRP mean/VBP ,/, I/PRP would/MD n't/RB be/VB so/RB upset/JJ about/IN the/DT amount/NN of/IN taxes/NNS paid/VBN if/IN it/PRP were/VBD n't/RB for/IN the/DT fact/NN that/IN they/PRP do/VBP n't/RB ,/, they/PRP do/VBP n't/RB go/VB to/IN any/DT place/NN ./.",,,45.09,51.730000000000004
sw07utt/sw_0783_2622.utt,2/sw2622,2622,23,sv,B,11,4,"{D You know, } [ y-, + you ]  don't see it going to any place where it belongs. /","You/PRP know/VBP ,/, y-/PRP ,/, you/PRP do/VBP n't/RB see/VB it/PRP going/VBG to/IN any/DT place/NN where/WRB it/PRP belongs/VBZ ./.",,,52.55,54.949999999999996
sw07utt/sw_0783_2622.utt,2/sw2622,2622,24,b,A,12,1,Right. /,Right/UH ./.,,,55.27,55.67
sw07utt/sw_0783_2622.utt,2/sw2622,2622,25,o@,B,13,1,"I think [ [ [ if it were to be, + {F uh, } if it were to be, ] +  {F um, } if it were to be, ] + <whispering>  {A [ hold, + hold ]  on a second please, someone just walked in the ro-, } *[[seems to me that the ""hold on"" should be a separate slash unit (marked 'ad'), and shouldn't continue into B.15]]","I/PRP think/VBP if/IN it/PRP were/VBD to/TO be/VB ,/, uh/UH ,/, if/IN it/PRP were/VBD to/TO be/VB ,/, um/UH ,/, if/IN it/PRP were/VBD to/TO be/VB ,/, hold/VB ,/, hold/VB on/RP a/DT second/NN please/UH ,/, someone/NN just/RB walked/VBD in/IN the/DT ro-/NN ,/,",,,56.11,64.19
sw07utt/sw_0783_2622.utt,2/sw2622,2622,26,aa,A,14,1,Yeah. /,Yeah/UH ./.,,,65.53,65.61
sw07utt/sw_0783_2622.utt,2/sw2622,2622,27,+@,B,15,1,"<Rattling>  [ If, + if ] it were to be ] spent in the  right way I think I wouldn't be so upset about it,  /  *[[see B.13 note]]","If/IN ,/, if/IN it/PRP were/VBD to/TO be/VB spent/VBN in/IN the/DT right/JJ way/NN I/PRP think/VBP I/PRP would/MD n't/RB be/VB so/RB upset/JJ about/IN it/PRP ,/,",,,65.61,69.97
sw07utt/sw_0783_2622.utt,2/sw2622,2622,28,sv,B,15,2,"{C but } given [ that it, + that it's ]  not spent properly, I think it's a major problem. /","but/CC given/VBN that/IN it/PRP ,/, that/IN it/PRP 's/BES not/RB spent/VBN properly/RB ,/, I/PRP think/VBP it/PRP 's/BES a/DT major/JJ problem/NN ./.",,,70.05,74.53
sw07utt/sw_0783_2622.utt,2/sw2622,2622,29,sv,A,16,1,"{D Well } we're really overburdened from  federal, state and local,","Well/UH we/PRP 're/VBP really/RB overburdened/JJ from/IN federal/JJ ,/, state/NN and/CC local/JJ ,/,",,,75.41,80.78999999999999
sw07utt/sw_0783_2622.utt,2/sw2622,2622,30,b,B,17,1,# Uh-huh  /,Uh-huh/UH,,,0.0,0.0
sw07utt/sw_0783_2622.utt,2/sw2622.pos,2622,31,x,B,17,2,<<softly>>. #,./.,,,0.0,0.0
sw07utt/sw_0783_2622.utt,2/sw2622,2622,32,+,A,18,1,# that it # takes such a size out of your  paycheck that there's not a whole lot you can always do with your paycheck. /,that/IN it/PRP takes/VBZ such/PDT a/DT size/NN out/IN of/IN your/PRP$ paycheck/NN that/IN there/EX 's/BES not/RB a/DT whole/JJ lot/NN you/PRP can/MD always/RB do/VB with/IN your/PRP$ paycheck/NN ./.,,,82.29,90.13000000000001
sw07utt/sw_0783_2622.utt,2/sw2622,2622,33,sv,B,19,1,{D Well } that's certainly true.  /,Well/UH that/DT 's/BES certainly/RB true/JJ ./.,,,90.76,91.52
sw07utt/sw_0783_2622.utt,2/sw2622,2622,34,sd,B,19,2,"{D Well } what is it  they were just talking about, {F um, } sort of [ middle income, {D you know, } + [ how, + how, ]  middle income ] people, - /","Well/UH what/WP is/VBZ it/PRP they/PRP were/VBD just/RB talking/VBG about/RP ,/, um/UH ,/, sort/RB of/RB middle/JJ income/NN ,/, you/PRP know/VBP ,/, how/WRB ,/, how/WRB ,/, middle/JJ income/NN people/NNS ,/,",,,92.02,98.72
sw07utt/sw_0783_2622.utt,2/sw2622,2622,35,sv,B,19,3,"what winds up happening is, for instance having kids, {D you know, }  they wind up having kids as a deduction  /","what/WP winds/VBZ up/RP happening/VBG is/VBZ ,/, for/IN instance/NN having/VBG kids/NNS ,/, you/PRP know/VBP ,/, they/PRP wind/VBP up/RP having/VBG kids/NNS as/IN a/DT deduction/NN",,,99.14,104.72
sw07utt/sw_0783_2622.utt,2/sw2622,2622,36,sv,B,19,4,"[ {C and } after, + ]  {C but } the deduction is so little for kids that they wind up having to pay more in taxes than it  costs to raise a kid for the year or something. /","and/CC after/IN ,/, but/CC the/DT deduction/NN is/VBZ so/RB little/JJ for/IN kids/NNS that/IN they/PRP wind/VBP up/RP having/VBG to/TO pay/VB more/JJR in/IN taxes/NNS than/IN it/PRP costs/VBZ to/TO raise/VB a/DT kid/NN for/IN the/DT year/NN or/CC something/NN ./.",,,104.72,111.78
sw07utt/sw_0783_2622.utt,2/sw2622,2622,37,b,A,20,1,Uh-huh. /,Uh-huh/UH ./.,,,112.07,112.25
sw07utt/sw_0783_2622.utt,2/sw2622,2622,38,%,B,21,1,"I think tha-, - /","I/PRP think/VBP tha-/IN ,/,",,,112.58,112.86000000000001
sw07utt/sw_0783_2622.utt,2/sw2622,2622,39,sv,B,21,2,"so they want [ to, {D you know }  try an-, + I think they're trying, ]  /","so/IN they/PRP want/VBP to/TO ,/, you/PRP know/VBP try/VB an-/XX ,/, I/PRP think/VBP they/PRP 're/VBP trying/VBG ,/,",,,112.86,115.10000000000001
sw07utt/sw_0783_2622.utt,2/sw2622,2622,40,sv,B,21,3,"[ I think tha-, + I think that ] most of the politicians  understand this.  /","I/PRP think/VBP tha-/IN ,/, I/PRP think/VBP that/IN most/JJS of/IN the/DT politicians/NNS understand/VBP this/DT ./.",,,115.1,118.58
sw07utt/sw_0783_2622.utt,2/sw2622,2622,41,sv,B,21,4,"[ They just don't, + they're just not ] very good at doing  what they're supposed to be doing. /","They/PRP just/RB do/VBP n't/RB ,/, they/PRP 're/VBP just/RB not/RB very/RB good/JJ at/IN doing/VBG what/WP they/PRP 're/VBP supposed/VBN to/TO be/VB doing/VBG ./.",,,119.32,122.24000000000001
sw07utt/sw_0783_2622.utt,2/sw2622,2622,42,sv,A,22,1,{D Well } they're kind of put into a trap of  being out there to please the special interest groups as well. /,Well/UH they/PRP 're/VBP kind/RB of/RB put/VBN into/IN a/DT trap/NN of/IN being/VBG out/IN there/RB to/TO please/VB the/DT special/JJ interest/NN groups/NNS as/IN well/RB ./.,,,123.47,131.35
sw07utt/sw_0783_2622.utt,2/sw2622,2622,43,b,B,23,1,Right. /,Right/UH ./.,,,131.88,132.18
sw07utt/sw_0783_2622.utt,2/sw2622,2622,44,sv,A,24,1,"{C And, } {F uh, } I think the only way that  can be changed for us to get [ a, + a ] better tax revenue that's fairness and all, is for us to limit their terms. /","And/CC ,/, uh/UH ,/, I/PRP think/VBP the/DT only/JJ way/NN that/DT can/MD be/VB changed/VBN for/IN us/PRP to/TO get/VB a/DT ,/, a/DT better/JJR tax/NN revenue/NN that/WDT 's/BES fairness/NN and/CC all/DT ,/, is/VBZ for/IN us/PRP to/TO limit/VB their/PRP$ terms/NNS ./.",,,133.27,144.39000000000001
sw07utt/sw_0783_2622.utt,2/sw2622,2622,45,b,B,25,1,Uh-huh. /,Uh-huh/UH ./.,,,145.45,145.76999999999998
sw07utt/sw_0783_2622.utt,2/sw2622,2622,46,sv,A,26,1,"{C And } by doing so, they're not obligated to anybody. /","And/CC by/IN doing/VBG so/RB ,/, they/PRP 're/VBP not/RB obligated/JJ to/IN anybody/NN ./.",,,146.53,149.23000000000002
sw07utt/sw_0783_2622.utt,2/sw2622,2622,47,aa,B,27,1,"I agree,  /","I/PRP agree/VBP ,/,",,,150.59,151.03
sw07utt/sw_0783_2622.utt,2/sw2622,2622,48,aa^r,B,27,2,I agree. /,I/PRP agree/VBP ./.,,,151.87,152.15
sw07utt/sw_0783_2622.utt,2/sw2622,2622,49,sd,A,28,1,"{C And, } {F uh, } I don't know how we're going to  do that right away though,  /","And/CC ,/, uh/UH ,/, I/PRP do/VBP n't/RB know/VB how/WRB we/PRP 're/VBP going/VBG to/TO do/VB that/DT right/RB away/RB though/RB ,/,",,,152.17,156.51
sw07utt/sw_0783_2622.utt,2/sw2622,2622,50,sv,A,28,2,"{C but, } [ what, + what ] in general though that  taxes are doing to us is, it's just taking, {F uh, } a bite out of our savings. /","but/CC ,/, what/WP ,/, what/WP in/IN general/JJ though/IN that/IN taxes/NNS are/VBP doing/VBG to/IN us/PRP is/VBZ ,/, it/PRP 's/BES just/RB taking/VBG ,/, uh/UH ,/, a/DT bite/NN out/IN of/IN our/PRP$ savings/NNS ./.",,,156.51,165.53
sw07utt/sw_0783_2622.utt,2/sw2622,2622,51,aa,B,29,1,"Right,  /","Right/UH ,/,",,,166.31,166.51
sw07utt/sw_0783_2622.utt,2/sw2622,2622,52,aa,B,29,2,"exactly,  /","exactly/UH ,/,",,,166.51,166.95
sw07utt/sw_0783_2622.utt,2/sw2622,2622,53,sd,B,29,3,"[ {C and then, } + {C and then, } ]  {F uh, } [ I'm, + I'm ] just not sure [ if I see, + {D you know, } if I see ] it going, {A like I say } to the  right places.  /","and/CC then/RB ,/, and/CC then/RB ,/, uh/UH ,/, I/PRP 'm/VBP ,/, I/PRP 'm/VBP just/RB not/RB sure/JJ if/IN I/PRP see/VBP ,/, you/PRP know/VBP ,/, if/IN I/PRP see/VBP it/PRP going/VBG ,/, like/IN I/PRP say/VBP to/IN the/DT right/JJ places/NNS ./.",,,167.17,174.5
sw07utt/sw_0783_2622.utt,2/sw2622,2622,54,sv,B,29,4,"{E I mean, } [ it'd be, +  it'd be ] one thing if it were taking a bite out of  your savings and then you were getting it all back when you got older. /","I/PRP mean/VBP ,/, it/PRP 'd/MD be/VB ,/, it/PRP 'd/MD be/VB one/CD thing/NN if/IN it/PRP were/VBD taking/VBG a/DT bite/NN out/IN of/IN your/PRP$ savings/NNS and/CC then/RB you/PRP were/VBD getting/VBG it/PRP all/DT back/RB when/WRB you/PRP got/VBD older/JJR ./.",,,174.5,180.04
sw07utt/sw_0783_2622.utt,2/sw2622,2622,55,b,A,30,1,Yeah. /,Yeah/UH ./.,,,180.41,180.75
sw07utt/sw_0783_2622.utt,2/sw2622,2622,56,sd,B,31,1,"{D You know, } {C but } I'm not  convinced, [ [ that's, + [ a-, + ] tha-, ] + that ] Social Security is doing as well as it should  [ [ [ [ [ [ {C and, } + {D you know, } {C and, } ] + {C and, } ] +  {C and, } {F uh, } ] +  {C and, } ] + {C and } ] that,  {D you know, } those people who need it for  welfare and so forth, who really need it for welfare, not the eighty-five to ninety  percent of them who don't need it.  But {E I mean } the real people who really  need it, {D you know, } should be getting it  /","You/PRP know/VBP ,/, but/CC I/PRP 'm/VBP not/RB convinced/JJ ,/, that/DT 's/BES ,/, a-/XX ,/, tha-/IN ,/, that/IN Social/NNP Security/NNP is/VBZ doing/VBG as/RB well/RB as/IN it/PRP should/MD and/CC ,/, you/PRP know/VBP ,/, and/CC ,/, and/CC ,/, and/CC ,/, uh/UH ,/, and/CC ,/, and/CC that/IN ,/, you/PRP know/VBP ,/, those/DT people/NNS who/WP need/VBP it/PRP for/IN welfare/NN and/CC so/RB forth/RB ,/, who/WP really/RB need/VBP it/PRP for/IN welfare/NN ,/, not/RB the/DT eighty-five/CD to/IN ninety/CD percent/NN of/IN them/PRP who/WP do/VBP n't/RB need/VB it/PRP ./. But/CC I/PRP mean/VBP the/DT real/JJ people/NNS who/WP really/RB need/VBP it/PRP ,/, you/PRP know/VBP ,/, should/MD be/VB getting/VBG it/PRP",,,180.88,198.9
sw07utt/sw_0783_2622.utt,2/sw2622,2622,57,sv,B,31,2,{C but } instead I think it's going to the wrong places. /,but/CC instead/RB I/PRP think/VBP it/PRP 's/BES going/VBG to/IN the/DT wrong/JJ places/NNS ./.,,,198.9,200.82
sw07utt/sw_0783_2622.utt,2/sw2622,2622,58,sv,A,32,1,{C And } I believe the Social Security tax is a  great  ((   ))  scheme. /,And/CC I/PRP believe/VBP the/DT Social/NNP Security/NNP tax/NN is/VBZ a/DT great/JJ MUMBLEx/XX scheme/NN ./.,,,201.17,204.65
sw07utt/sw_0783_2622.utt,2/sw2622,2622,59,qy,B,33,1,You think so? /,You/PRP think/VBP so/RB ?/.,,,204.62,206.16
sw07utt/sw_0783_2622.utt,2/sw2622,2622,60,ny,A,34,1,"Yeah,  /","Yeah/UH ,/,",,,207.01,207.29
sw07utt/sw_0783_2622.utt,2/sw2622,2622,61,%,A,34,2,"it's,  {F uh, } {D you know, } - /","it/PRP 's/BES ,/, uh/UH ,/, you/PRP know/VBP ,/,",,,207.29,208.79000000000002
sw07utt/sw_0783_2622.utt,2/sw2622,2622,62,sv,A,34,3,"right now, they're robbing from it to pad the federal deficit. /","right/RB now/RB ,/, they/PRP 're/VBP robbing/VBG from/IN it/PRP to/TO pad/VB the/DT federal/JJ deficit/NN ./.",,,208.79,212.61
sw07utt/sw_0783_2622.utt,2/sw2622,2622,63,aa,B,35,1,I know  /,I/PRP know/VBP,,,212.86,213.28
sw07utt/sw_0783_2622.utt,2/sw2622,2622,64,sd,B,35,2,{C and } that scares the hell out of me. /,and/CC that/DT scares/VBZ the/DT hell/NN out/IN of/IN me/PRP ./.,,,213.3,214.5
sw07utt/sw_0783_2622.utt,2/sw2622,2622,65,b,A,36,1,"Yeah,  /","Yeah/UH ,/,",,,214.89,215.32999999999998
sw07utt/sw_0783_2622.utt,2/sw2622,2622,66,sd,A,36,2,"[ tha-, + that's ] illegal, {D see. }  /","tha-/DT ,/, that/DT 's/BES illegal/JJ ,/, see/VB ./.",,,215.33,216.73
sw07utt/sw_0783_2622.utt,2/sw2622,2622,67,sv,A,36,3,"If, {F uh, } most company, {F uh, } C E O -s were to do that within their private company, they'd be in jail. /","If/IN ,/, uh/UH ,/, most/RBS company/NN ,/, uh/UH ,/, C/NN E/NN O/NN -s/NNS were/VBD to/TO do/VB that/DT within/IN their/PRP$ private/JJ company/NN ,/, they/PRP 'd/MD be/VB in/IN jail/NN ./.",,,216.73,224.30999999999997
sw07utt/sw_0783_2622.utt,2/sw2622,2622,68,b,B,37,1,Yeah  /,Yeah/UH,,,224.88,225.28
sw07utt/sw_0783_2622.utt,2/sw2622.pos,2622,69,x,B,37,2,<door>.,./.,,,0.0,0.0
sw07utt/sw_0783_2622.utt,2/sw2622,2622,70,qh,A,38,1,<Laughter> {C So } how are we letting them get away with it. /,So/RB how/WRB are/VBP we/PRP letting/VBG them/PRP get/VBP away/RP with/IN it/PRP ./.,,,226.27,228.35
sw07utt/sw_0783_2622.utt,2/sw2622,2622,71,b,B,39,1,"Yeah,  /","Yeah/UH ,/,",,,228.66,228.98
sw07utt/sw_0783_2622.utt,2/sw2622,2622,72,sd,B,39,2,"[ I don't, + I don't, ] /","I/PRP do/VBP n't/RB ,/, I/PRP do/VBP n't/RB ,/,",,,228.98,229.8
sw07utt/sw_0783_2622.utt,2/sw2622,2622,73,qh@,B,39,3,"{D well }  [ {C becau-, } + {C because } ] they're the ones who make the laws.   *[[seems like a slash unit to me]]","well/UH becau-/IN ,/, because/IN they/PRP 're/VBP the/DT ones/NNS who/WP make/VBP the/DT laws/NNS ./.",,,229.84,231.76
sw07utt/sw_0783_2622.utt,2/sw2622,2622,74,b,A,40,1,Right. /,Right/UH ./.,,,232.26,232.57999999999998
sw07utt/sw_0783_2622.utt,2/sw2622,2622,75,+@,B,41,1,"{C So } who's going to yell at them, {D you know, }  / *[[ should be an independent slash unit.  See B.39 utt3]]","So/RB who/WP 's/BES going/VBG to/TO yell/VB at/IN them/PRP ,/, you/PRP know/VBP ,/,",,,232.64,234.94
sw07utt/sw_0783_2622.utt,2/sw2622,2622,76,sv,B,41,2,"it'd be nice if we sort of, as one, band together  /","it/PRP 'd/MD be/VB nice/JJ if/IN we/PRP sort/RB of/RB ,/, as/IN one/CD ,/, band/VBP together/RB",,,235.16,237.98
sw07utt/sw_0783_2622.utt,2/sw2622,2622,77,sv,B,41,3,"[ [ and, + and, ] + {F uh, } and, ] [ an + ] performed a  citizens arrest, I guess. /","and/CC ,/, and/CC ,/, uh/UH ,/, and/CC ,/, an/DT performed/VBN a/DT citizens/NNS arrest/NN ,/, I/PRP guess/VBP ./.",,,237.98,241.66
sw07utt/sw_0783_2622.utt,2/sw2622,2622,78,b,A,42,1,# Yeah. # /,Yeah/UH ./.,,,242.18,242.64000000000001
sw07utt/sw_0783_2622.utt,2/sw2622,2622,79,sd,B,43,1,# To # see if we could sort of clean them  up  /,To/TO see/VB if/IN we/PRP could/MD sort/RB of/RB clean/VB them/PRP up/RP,,,242.78,244.56
sw07utt/sw_0783_2622.utt,2/sw2622,2622,80,sd,B,43,2,"{C and } {D you know, } {C but } I don't know if we can do that or not. /","and/CC you/PRP know/VBP ,/, but/CC I/PRP do/VBP n't/RB know/VB if/IN we/PRP can/MD do/VB that/DT or/CC not/RB ./.",,,244.56,247.06
sw07utt/sw_0783_2622.utt,2/sw2622,2622,81,sv,A,44,1,"A lot of people have become too  complacent {C and } believe everything is just the norm as to the way things are going and feel absolutely  helpless to oppose a lot of the situations going on,","A/DT lot/NN of/IN people/NNS have/VBP become/VBN too/RB complacent/JJ and/CC believe/VBP everything/NN is/VBZ just/RB the/DT norm/NN as/IN to/IN the/DT way/NN things/NNS are/VBP going/VBG and/CC feel/VB absolutely/RB helpless/JJ to/TO oppose/VB a/DT lot/NN of/IN the/DT situations/NNS going/VBG on/RP ,/,",,,247.08,263.5
sw07utt/sw_0783_2622.utt,2/sw2622,2622,82,b,B,45,1,# Uh-huh. # /,Uh-huh/UH ./.,,,0.0,0.0
sw07utt/sw_0783_2622.utt,2/sw2622,2622,83,+,A,46,1,# in # the taxing system. /,in/IN the/DT taxing/NN system/NN ./.,,,264.54,265.8
sw07utt/sw_0783_2622.utt,2/sw2622,2622,84,aa,B,47,1,"I agree,  /","I/PRP agree/VBP ,/,",,,266.4,266.9
sw07utt/sw_0783_2622.utt,2/sw2622,2622,85,aa^r,B,47,2,I agree.  /,I/PRP agree/VBP ./.,,,267.11,267.57
sw07utt/sw_0783_2622.utt,2/sw2622,2622,86,%,B,47,3,"{C But, } {F um, } yeah,  /","But/CC ,/, um/UH ,/, yeah/UH ,/,",,,268.19,269.33
sw07utt/sw_0783_2622.utt,2/sw2622,2622,87,sd,B,47,4,"[ like, + like ]  you said, I wonder, {D you know, } [ if, + if ] it's certainly not going to be a slow  change process  /","like/IN ,/, like/IN you/PRP said/VBD ,/, I/PRP wonder/VBP ,/, you/PRP know/VBP ,/, if/IN ,/, if/IN it/PRP 's/BES certainly/RB not/RB going/VBG to/TO be/VB a/DT slow/JJ change/NN process/NN",,,269.33,272.90999999999997
sw07utt/sw_0783_2622.utt,2/sw2622,2622,88,sd,B,47,5,{C and } I wonder if it'll ever be a change process. /,and/CC I/PRP wonder/VBP if/IN it/PRP 'll/MD ever/RB be/VB a/DT change/NN process/NN ./.,,,272.91,274.63
sw07utt/sw_0783_2622.utt,2/sw2622,2622,89,b,A,48,1,Yeah. /,Yeah/UH ./.,,,275.12,275.32
sw07utt/sw_0783_2622.utt,2/sw2622,2622,90,sd,B,49,1,"[ I sort of, + I sort of ] get discouraged when  I think about all the things that I think are wrong <breathing> <laughter>.  /","I/PRP sort/RB of/RB ,/, I/PRP sort/RB of/RB get/VBP discouraged/JJ when/WRB I/PRP think/VBP about/IN all/PDT the/DT things/NNS that/WDT I/PRP think/VBP are/VBP wrong/JJ ./.",,,275.29,279.45
sw07utt/sw_0783_2622.utt,2/sw2622,2622,91,sd,B,49,2,"{D You know, }  all those things that really could be changed [ that aren't, + {D you know, } [ that, + that ]  aren't. ]  /","You/PRP know/VBP ,/, all/PDT those/DT things/NNS that/WDT really/RB could/MD be/VB changed/VBN that/WDT are/VBP n't/RB ,/, you/PRP know/VBP ,/, that/IN ,/, that/DT are/VBP n't/RB ./.",,,280.87,285.29
sw07utt/sw_0783_2622.utt,2/sw2622,2622,92,sv,B,49,3,{C And } tax is one of those things that just sort of sits way up there on the list. /,And/CC tax/NN is/VBZ one/CD of/IN those/DT things/NNS that/IN just/RB sort/RB of/RB sits/VBZ way/NN up/IN there/RB on/IN the/DT list/NN ./.,,,285.29,288.61
sw07utt/sw_0783_2622.utt,2/sw2622,2622,93,b,A,50,1,"Yeah,  /","Yeah/UH ,/,",,,289.04,289.34000000000003
sw07utt/sw_0783_2622.utt,2/sw2622,2622,94,b,A,50,2,uh-huh. /,uh-huh/UH ./.,,,290.5,290.68
sw07utt/sw_0783_2622.utt,2/sw2622,2622,95,h,B,51,1,"{C So, } I don't kno-, - /","So/RB ,/, I/PRP do/VBP n't/RB kno/VB ,/,",,,291.15,291.46999999999997
sw07utt/sw_0783_2622.utt,2/sw2622,2622,96,sd,B,51,2,"[ [ I, + I, ] + I ]  have no idea what to do about it. /","I/PRP ,/, I/PRP ,/, I/PRP have/VBP no/DT idea/NN what/WP to/TO do/VB about/IN it/PRP ./.",,,291.47,293.21
sw07utt/sw_0783_2622.utt,2/sw2622,2622,97,sv,A,52,1,"{D Well } there's no quick solution, or  no sure fire easy answer.  /","Well/UH there/EX 's/BES no/DT quick/JJ solution/NN ,/, or/CC no/DT sure/GW fire/^JJ easy/JJ answer/NN ./.",,,294.08,299.74
sw07utt/sw_0783_2622.utt,2/sw2622,2622,98,sv,A,52,2,"It's just going to take, {F uh, } {F uh, } really, {F uh, } {F uh, } {F uh, }  a combination effort, {A I think, } of the majority of the American people to come to a decisive answer,","It/PRP 's/BES just/RB going/VBG to/TO take/VB ,/, uh/UH ,/, uh/UH ,/, really/UH ,/, uh/UH ,/, uh/UH ,/, uh/UH ,/, a/DT combination/NN effort/NN ,/, I/PRP think/VBP ,/, of/IN the/DT majority/NN of/IN the/DT American/JJ people/NNS to/TO come/VB to/IN a/DT decisive/JJ answer/NN ,/,",,,300.54,315.94
sw07utt/sw_0783_2622.utt,2/sw2622,2622,99,x,B,53,1,# <Door>. #,,,,0.0,0.0
sw07utt/sw_0783_2622.utt,2/sw2622,2622,100,+,A,54,1,# or # vote to limit the way it's spent. /,or/CC vote/VB to/TO limit/VB the/DT way/NN it/PRP 's/BES spent/VBN ./.,,,316.86,327.56
sw07utt/sw_0783_2622.utt,2/sw2622,2622,101,b,B,55,1,# Yeah. # /,Yeah/UH ./.,,,0.0,0.0
sw07utt/sw_0783_2622.utt,2/sw2622,2622,102,sd,A,56,1,"# {D See, } # [ [ we, + we're, ] + we ]  have no say so as to where the money goes in the first place. /","See/VB ,/, we/PRP ,/, we/PRP 're/VBP ,/, we/PRP have/VBP no/DT say/NN so/RB as/IN to/IN where/WRB the/DT money/NN goes/VBZ in/IN the/DT first/JJ place/NN ./.",,,327.76,331.7
sw07utt/sw_0783_2622.utt,2/sw2622,2622,103,aa,B,57,1,Right.  /,Right/UH ./.,,,331.72,331.84000000000003
sw07utt/sw_0783_2622.utt,2/sw2622,2622,104,aa,B,57,2,"We don't, - /","We/PRP do/VBP n't/RB ,/,",,,331.88,332.09999999999997
sw07utt/sw_0783_2622.utt,2/sw2622,2622,105,sd,B,57,3,"{E I mean, } the only say so  we have is supposedly by electing people who we think are going to vote one way of another. /","I/PRP mean/VBP ,/, the/DT only/RB say/VBP so/RB we/PRP have/VBP is/VBZ supposedly/RB by/IN electing/VBG people/NNS who/WP we/PRP think/VBP are/VBP going/VBG to/TO vote/VB one/CD way/NN of/IN another/DT ./.",,,332.1,336.56
sw07utt/sw_0783_2622.utt,2/sw2622,2622,106,aa,A,58,1,Right  /,Right/UH,,,336.94,337.4
sw07utt/sw_0783_2622.utt,2/sw2622,2622,107,sv,A,58,2,"{C and } they are controlled, or pretty much do what  they want to do. /","and/CC they/PRP are/VBP controlled/VBN ,/, or/CC pretty/RB much/JJ do/VB what/WP they/PRP want/VBP to/TO do/VB ./.",,,337.4,342.92
sw07utt/sw_0783_2622.utt,2/sw2622,2622,108,aa,B,59,1,"Right,  /","Right/UH ,/,",,,343.24,343.58
sw07utt/sw_0783_2622.utt,2/sw2622,2622,109,sd,B,59,2,"I've never quite understood that.    [ I've never, + ] {F uh, } {D you know, }  even though, {F um, } [ I, + I've ]  never been, {F uh, } sort of politically minded,  /","I/PRP 've/VBP never/RB quite/RB understood/VBN that/DT ./. I/PRP 've/VBP never/RB ,/, uh/UH ,/, you/PRP know/VBP ,/, even/RB though/RB ,/, um/UH ,/, I/PRP ,/, I/PRP 've/VBP never/RB been/VBN ,/, uh/UH ,/, sort/RB of/RB politically/RB minded/JJ ,/,",,,344.76,352.36
sw07utt/sw_0783_2622.utt,2/sw2622,2622,110,sd,B,59,3,"{C but } it's never been clear to me as to sort of, {F um, } {D you know, }  how Congressmen [ [ an, + can, ] + can ] just sort of go ahead and vote their own conscience as their   own ideas when clearly their constituency [ doe-, + doesn't ]  back them up on anything, {D you know. }  /","but/CC it/PRP 's/HVS never/RB been/VBN clear/JJ to/IN me/PRP as/IN to/TO sort/RB of/RB ,/, um/UH ,/, you/PRP know/VBP ,/, how/WRB Congressmen/NNS an/DT ,/, can/MD ,/, can/MD just/RB sort/RB of/RB go/NN ahead/RB and/CC vote/VB their/PRP$ own/JJ conscience/NN as/IN their/PRP$ own/JJ ideas/NNS when/WRB clearly/RB their/PRP$ constituency/NN doe/VBZ ,/, does/VBZ n't/RB back/RB them/PRP up/RP on/IN anything/NN ,/, you/PRP know/VBP ./.",,,352.36,367.01
sw07utt/sw_0783_2622.utt,2/sw2622,2622,111,sv,B,59,4,{C And } often times that will happen. /,And/CC often/RB times/NNS that/DT will/MD happen/VB ./.,,,367.65,368.91
sw07utt/sw_0783_2622.utt,2/sw2622,2622,112,sv,A,60,1,"{D Well } they feel [ invu-, + invulnerable ]  to, {F uh, } any wrath  /","Well/UH they/PRP feel/VBP invu/JJ ,/, invulnerable/JJ to/IN ,/, uh/UH ,/, any/DT wrath/NN",,,369.76,375.04
sw07utt/sw_0783_2622.utt,2/sw2622,2622,113,sv,A,60,2,"{C or, }","or/CC ,/,",,,375.48,375.88
sw07utt/sw_0783_2622.utt,2/sw2622,2622,114,b,B,61,1,# Right <clicking>. # /,Right/UH ./.,,,0.0,0.0
sw07utt/sw_0783_2622.utt,2/sw2622,2622,115,+,A,62,1,"# {F uh, } [ it's, + # it's ]  occurred so many times that they figure people will usually forget and don't think about it when the  election time arises. /","uh/UH ,/, it/PRP 's/HVS ,/, it/PRP 's/HVS occurred/VBN so/RB many/JJ times/NNS that/IN they/PRP figure/VBP people/NNS will/MD usually/RB forget/VB and/CC do/VB n't/RB think/VB about/IN it/PRP when/WRB the/DT election/NN time/NN arises/VBZ ./.",,,376.06,386.02
sw07utt/sw_0783_2622.utt,2/sw2622,2622,116,b,B,63,1,Right. /,Right/UH ./.,,,386.15,386.45
sw07utt/sw_0783_2622.utt,2/sw2622,2622,117,sv,A,64,1,{C And } generally it does work out that way. /,And/CC generally/RB it/PRP does/VBZ work/VB out/RP that/DT way/NN ./.,,,387.74,389.76
sw07utt/sw_0783_2622.utt,2/sw2622,2622,118,sv,B,65,1,"They do forget,  {A it's true, }  [ coul-, + ] because  everybody, - /","They/PRP do/VBP forget/VB ,/, it/PRP 's/BES true/JJ ,/, coul/MD ,/, because/IN everybody/NN ,/,",,,389.81,391.90999999999997
sw07utt/sw_0783_2622.utt,2/sw2622,2622,119,sd,B,65,2,"think of what happens is [ whenever the politici-, + whenever [ th-, + the ] one ]  who made that supposed mistake turns around - /","think/VB of/IN what/WP happens/VBZ is/VBZ whenever/WRB the/DT politici-/NN ,/, whenever/WRB th-/DT ,/, the/DT one/CD who/WP made/VBD that/WDT supposed/JJ mistake/NN turns/VBZ around/RP",,,392.05,396.98999999999995
sw07utt/sw_0783_2622.utt,2/sw2622,2622,120,sd(^q),B,65,3,"{C and, } {F uh, } [ his, + his ] or her opponent can  say {D well } look, they did this. /","and/CC ,/, uh/UH ,/, his/PRP$ ,/, his/PRP$ or/CC her/PRP$ opponent/NN can/MD say/VB well/UH look/VB ,/, they/PRP did/VBD this/DT ./.",,,396.99,400.39
sw07utt/sw_0783_2622.utt,2/sw2622,2622,121,sd(^q),B,65,4,{C And } they can turn around and say {D well }  my opponent did this. /,And/CC they/PRP can/MD turn/VB around/RP and/CC say/VB well/UH my/PRP$ opponent/NN did/VBD this/DT ./.,,,400.75,402.83
sw07utt/sw_0783_2622.utt,2/sw2622,2622,122,b,A,66,1,Uh-huh. /,Uh-huh/UH ./.,,,403.18,403.5
sw07utt/sw_0783_2622.utt,2/sw2622,2622,123,sv,B,67,1,"{C So } it becomes, {F uh, } a general battle of  the [ w-, + ] sort of the election of the lesser of two evils, I think,  /","So/RB it/PRP becomes/VBZ ,/, uh/UH ,/, a/DT general/JJ battle/NN of/IN the/DT w-/XX ,/, sort/RB of/RB the/DT election/NN of/IN the/DT lesser/JJR of/IN two/CD evils/NNS ,/, I/PRP think/VBP ,/,",,,403.81,411.83
sw07utt/sw_0783_2622.utt,2/sw2622,2622,124,%,B,67,2,{C so. } -/,so/RB ./.,,,411.83,412.09
sw07utt/sw_0783_2622.utt,2/sw2622,2622,125,b,A,68,1,Yeah. /,Yeah/UH ./.,,,413.04,413.14000000000004
sw07utt/sw_0783_2622.utt,2/sw2622,2622,126,h,B,69,1,"I don't know,  /","I/PRP do/VBP n't/RB know/VB ,/,",,,413.09,414.47
sw07utt/sw_0783_2622.utt,2/sw2622,2622,127,sd,B,69,2,"[ I just, + {F uh, } I'm ]  unhappy with it  /","I/PRP just/RB ,/, uh/UH ,/, I/PRP 'm/VBP unhappy/JJ with/IN it/PRP",,,414.47,416.61
sw07utt/sw_0783_2622.utt,2/sw2622,2622,128,%,B,69,3,{C but. } - /,but/CC ./.,,,416.67,416.89000000000004
sw07utt/sw_0783_2622.utt,2/sw2622,2622,129,sd,B,69,4,"{C And } {D well, } [ I'm, + I'm ] sort of semifortunate right now,  /","And/CC well/UH ,/, I/PRP 'm/VBP ,/, I/PRP 'm/VBP sort/RB of/RB semifortunate/JJ right/RB now/RB ,/,",,,416.99,419.91
sw07utt/sw_0783_2622.utt,2/sw2622,2622,130,sd,B,69,5,"I'm a graduate student,  /","I/PRP 'm/VBP a/DT graduate/JJ student/NN ,/,",,,419.91,420.77
sw07utt/sw_0783_2622.utt,2/sw2622,2622,131,sd,B,69,6,"{C so }  I don't make that much, /","so/IN I/PRP do/VBP n't/RB make/VB that/RB much/JJ ,/,",,,421.37,422.57
sw07utt/sw_0783_2622.utt,2/sw2622,2622,132,b,A,70,1,# Uh-huh. # /,Uh-huh/UH ./.,,,0.0,0.0
sw07utt/sw_0783_2622.utt,2/sw2622,2622,133,sd,B,71,1,# {C and } # what I make isn't taxed very  highly because I'm still in school. /,and/CC what/WP I/PRP make/VBP is/VBZ n't/RB taxed/VBN very/RB highly/RB because/IN I/PRP 'm/VBP still/RB in/IN school/NN ./.,,,423.11,426.29
sw07utt/sw_0783_2622.utt,2/sw2622,2622,134,sv,A,72,1,{D Well } when you get out into the real world  then you'll know. /,Well/UH when/WRB you/PRP get/VBP out/RB into/IN the/DT real/JJ world/NN then/RB you/PRP 'll/MD know/VB ./.,,,427.12,429.44
sw07utt/sw_0783_2622.utt,2/sw2622,2622,135,sd,B,73,1,"{C But } [ [ [ [ it's, + my, ] + my, ] + my ] wife  has a real job  /","But/CC it/PRP 's/BES ,/, my/PRP$ ,/, my/PRP$ ,/, my/PRP$ wife/NN has/VBZ a/DT real/JJ job/NN",,,429.39,431.95
sw07utt/sw_0783_2622.utt,2/sw2622,2622,136,sd,B,73,2,"{C and, } {D you know, } when I get her job, {F um, } {D you know, } [ we, + we ] look at her  paycheck, I'm just floored when I see how little of it we're actually allowed to keep. /","and/CC ,/, you/PRP know/VBP ,/, when/WRB I/PRP get/VBP her/PRP$ job/NN ,/, um/UH ,/, you/PRP know/VBP ,/, we/PRP ,/, we/PRP look/VBP at/IN her/PRP$ paycheck/NN ,/, I/PRP 'm/VBP just/RB floored/VBN when/WRB I/PRP see/VBP how/WRB little/JJ of/IN it/PRP we/PRP 're/VBP actually/RB allowed/VBN to/TO keep/VB ./.",,,432.57,439.09
sw07utt/sw_0783_2622.utt,2/sw2622,2622,137,b,A,74,1,Yeah. /,Yeah/UH ./.,,,439.72,440.08000000000004
sw07utt/sw_0783_2622.utt,2/sw2622,2622,138,sd,B,75,1,<Door>  Especially around bonus time. /,Especially/RB around/IN bonus/NN time/NN ./.,,,441.69,442.84999999999997
sw07utt/sw_0783_2622.utt,2/sw2622,2622,139,b^m,A,76,1,"Bonus time,  /","Bonus/NN time/NN ,/,",,,443.58,444.22
sw07utt/sw_0783_2622.utt,2/sw2622,2622,140,qy,A,76,2,you have a bonus? /,you/PRP have/VBP a/DT bonus/NN ?/.,,,444.22,444.64
sw07utt/sw_0783_2622.utt,2/sw2622,2622,141,b^m,B,77,1,"Bonus,  /","Bonus/NN ,/,",,,444.59,444.84999999999997
sw07utt/sw_0783_2622.utt,2/sw2622,2622,142,%,B,77,2,"she, - /","she/PRP ,/,",,,445.07,445.37
sw07utt/sw_0783_2622.utt,2/sw2622,2622,143,nn,B,77,3,"no,  /","no/UH ,/,",,,445.37,445.55
sw07utt/sw_0783_2622.utt,2/sw2622,2622,144,sd^e,B,77,4,"[ my, + my ] wife does. /","my/PRP$ ,/, my/PRP$ wife/NN does/VBZ ./.",,,445.65,446.66999999999996
sw07utt/sw_0783_2622.utt,2/sw2622,2622,145,b,A,78,1,Oh. /,Oh/UH ./.,,,446.72,446.96000000000004
sw07utt/sw_0783_2622.utt,2/sw2622,2622,146,%,B,79,1,"My wi-, - /","My/PRP$ wi-/NN ,/,",,,0.0,0.0
sw07utt/sw_0783_2622.utt,2/sw2622,2622,147,%,B,79,2,"I don-, - /","I/PRP don-/XX ,/,",,,0.0,0.0
sw07utt/sw_0783_2622.utt,2/sw2622,2622,148,nn,B,79,3,no  /,no/DT,,,447.85,447.97
sw07utt/sw_0783_2622.utt,2/sw2622,2622,149,sd^e,B,79,4,graduate students don't get bonuses. /,graduate/JJ students/NNS do/VBP n't/RB get/VB bonuses/NNS ./.,,,447.97,449.34999999999997
sw07utt/sw_0783_2622.utt,2/sw2622,2622,150,b,A,80,1,Uh-huh. /,Uh-huh/UH ./.,,,449.51,449.83
sw07utt/sw_0783_2622.utt,2/sw2622,2622,151,sd,B,81,1,We're lucky to get paychecks the way I figure. /,We/PRP 're/VBP lucky/JJ to/TO get/VB paychecks/NNS the/DT way/NN I/PRP figure/VBP ./.,,,450.09,451.55
sw07utt/sw_0783_2622.utt,2/sw2622,2622,152,qy^d,A,82,1,"{C So } you're taxed on the bonuses too,  /","So/RB you/PRP 're/VBP taxed/VBN on/IN the/DT bonuses/NNS too/RB ,/,",,,451.93,453.51000000000005
sw07utt/sw_0783_2622.utt,2/sw2622,2622,153,^g,A,82,2,right. /,right/UH ./.,,,453.51,453.93
sw07utt/sw_0783_2622.utt,2/sw2622,2622,154,sd,B,83,1,"[ My, + my ] wife is taxed on her bonus as  well,  /","My/PRP$ ,/, my/PRP$ wife/NN is/VBZ taxed/VBN on/IN her/PRP$ bonus/NN as/IN well/RB ,/,",,,453.89,455.71
sw07utt/sw_0783_2622.utt,2/sw2622,2622,155,sd,B,83,2,"{C and } [ that's a, + that's usually a ] big chunk of her bonus check {D actually. } /","and/CC that/DT 's/BES a/DT ,/, that/DT 's/BES usually/RB a/DT big/JJ chunk/NN of/IN her/PRP$ bonus/NN check/NN actually/RB ./.",,,455.77,459.74
sw07utt/sw_0783_2622.utt,2/sw2622,2622,156,b,A,84,1,Uh-huh. /,Uh-huh/UH ./.,,,459.93,460.03000000000003
sw07utt/sw_0783_2622.utt,2/sw2622,2622,157,sd,B,85,1,"{E I mean } her bonus isn't that much,  /","I/PRP mean/VBP her/PRP$ bonus/NN is/VBZ n't/RB that/RB much/JJ ,/,",,,459.98,461.44
sw07utt/sw_0783_2622.utt,2/sw2622,2622,158,sd,B,85,2,"{C but } they tax it as, - /","but/CC they/PRP tax/VBP it/PRP as/IN ,/,",,,461.44,463.24
sw07utt/sw_0783_2622.utt,2/sw2622,2622,159,sd,B,85,3,"[ I, +  I ] guess they tax it as if that were her weekly check or something. /","I/PRP ,/, I/PRP guess/VBP they/PRP tax/VBP it/PRP as/IN if/IN that/DT were/VBD her/PRP$ weekly/JJ check/NN or/CC something/NN ./.",,,463.24,468.24
sw07utt/sw_0783_2622.utt,2/sw2622,2622,160,b,A,86,1,Uh-huh. /,Uh-huh/UH ./.,,,468.47,468.65000000000003
sw07utt/sw_0783_2622.utt,2/sw2622,2622,161,sd,B,87,1,{C So } she gets destroyed on her bonus check. /,So/RB she/PRP gets/VBZ destroyed/VBN on/IN her/PRP$ bonus/NN check/NN ./.,,,469.06,470.64
sw07utt/sw_0783_2622.utt,2/sw2622,2622,162,b,A,88,1,Uh-huh. /,Uh-huh/UH ./.,,,471.87,472.05
sw07utt/sw_0783_2622.utt,2/sw2622,2622,163,sd,B,89,1,"{C So, } she works [ with + ] [ [ [ in, + in, ] + in ]  sales.  /","So/RB ,/, she/PRP works/VBZ with/IN in/IN ,/, in/IN ,/, in/IN sales/NNS ./.",,,472.18,474.46
sw07utt/sw_0783_2622.utt,2/sw2622,2622,164,sd,B,89,2,"{C So } a good portion of [ her, + {D you know, } her ] salary [ is, + is ] quarterly bonuses. /","So/RB a/DT good/JJ portion/NN of/IN her/PRP$ ,/, you/PRP know/VBP ,/, her/PRP$ salary/NN is/VBZ ,/, is/VBZ quarterly/JJ bonuses/NNS ./.",,,475.08,479.84
sw07utt/sw_0783_2622.utt,2/sw2622,2622,165,sv,A,90,1,"{F Uh, } sales is lucrative  /","Uh/UH ,/, sales/NN is/VBZ lucrative/JJ",,,480.53,481.69
sw07utt/sw_0783_2622.utt,2/sw2622,2622,166,sv,A,90,2,{C but } then you're  paying really high taxes when you're doing a lucrative job. /,but/CC then/RB you/PRP 're/VBP paying/VBG really/RB high/JJ taxes/NNS when/WRB you/PRP 're/VBP doing/VBG a/DT lucrative/JJ job/NN ./.,,,481.69,485.47
sw07utt/sw_0783_2622.utt,2/sw2622,2622,167,aa,B,91,1,"Yes,  /","Yes/UH ,/,",,,485.86,486.06
sw07utt/sw_0783_2622.utt,2/sw2622,2622,168,aa,B,91,2,"{D well, } yeah,  /","well/UH ,/, yeah/UH ,/,",,,486.24,487.0
sw07utt/sw_0783_2622.utt,2/sw2622,2622,169,sd,B,91,3,"she's not entirely sales, so [ it isn't, + it isn't ] as lucrative as one would hope,  /","she/PRP 's/BES not/RB entirely/RB sales/NNS ,/, so/IN it/PRP is/VBZ n't/RB ,/, it/PRP is/VBZ n't/RB as/RB lucrative/JJ as/IN one/PRP would/MD hope/VB ,/,",,,487.0,490.09999999999997
sw07utt/sw_0783_2622.utt,2/sw2622,2622,170,sd,B,91,4,"{C but, } [ it, +  it ]  keeps us supported temporarily,","but/CC ,/, it/PRP ,/, it/PRP keeps/VBZ us/PRP supported/VBN temporarily/RB ,/,",,,490.1,493.52000000000004
sw07utt/sw_0783_2622.utt,2/sw2622,2622,171,b,A,92,1,# Uh-huh. # /,Uh-huh/UH ./.,,,0.0,0.0
sw07utt/sw_0783_2622.utt,2/sw2622,2622,172,+,B,93,1,# until # I can get a real salary and then get taxed more.  /,until/IN I/PRP can/MD get/VB a/DT real/JJ salary/NN and/CC then/RB get/VB taxed/VBN more/JJR ./.,,,494.06,496.34
sw07utt/sw_0783_2622.utt,2/sw2622,2622,173,h,B,93,2,"{C So, } I don't know,  /","So/RB ,/, I/PRP do/VBP n't/RB know/VB ,/,",,,497.74,498.92
sw07utt/sw_0783_2622.utt,2/sw2622,2622,174,sd,B,93,3,"[ [ I d-, + I guess, ] + I guess ]  at this point in time we're just sort of going to have to live with it, <breathing> and hope that it gets better <door>. /","I/PRP d/VBP ,/, I/PRP guess/VBP ,/, I/PRP guess/VBP at/IN this/DT point/NN in/IN time/NN we/PRP 're/VBP just/RB sort/RB of/RB going/VBG to/TO have/VB to/TO live/VB with/IN it/PRP ,/, and/CC hope/VB that/IN it/PRP gets/VBZ better/JJR ./.",,,498.92,504.53999999999996
sw07utt/sw_0783_2622.utt,2/sw2622,2622,175,b,A,94,1,Yeah.  /,Yeah/UH ./.,,,505.27,505.59
sw07utt/sw_0783_2622.utt,2/sw2622,2622,176,sd^t,A,94,2,"{D Well, }  I have, [ I guess + ]  about said [ what + ] [ a-, + all ] I can think of to say. /","Well/UH ,/, I/PRP have/VBP ,/, I/PRP guess/VBP about/RB said/VBN what/WP a-/DT ,/, all/DT I/PRP can/MD think/VB of/IN to/TO say/VB ./.",,,507.85,513.01
sw07utt/sw_0783_2622.utt,2/sw2622,2622,177,aa,B,95,1,"Same here,  /","Same/JJ here/RB ,/,",,,513.1,513.58
sw07utt/sw_0783_2622.utt,2/sw2622,2622,178,sv^t,B,95,2,tough topic  /,tough/JJ topic/NN,,,514.06,514.6800000000001
sw07utt/sw_0783_2622.utt,2/sw2622,2622,179,%,B,95,3,{C so. } -/,so/RB ./.,,,514.68,514.8599999999999
sw07utt/sw_0783_2622.utt,2/sw2622,2622,180,b,A,96,1,"Yeah,  /","Yeah/UH ,/,",,,515.43,515.77
sw07utt/sw_0783_2622.utt,2/sw2622,2622,181,sv^t,A,96,2,"it's [ re-, + ] a rather touchy topic at  that,  /","it/PRP 's/BES re-/XX ,/, a/DT rather/RB touchy/JJ topic/NN at/IN that/DT ,/,",,,515.77,518.1500000000001
sw07utt/sw_0783_2622.utt,2/sw2622,2622,182,%,A,96,3,{C but } <laughter>. -/,but/CC ./.,,,518.15,518.39
sw07utt/sw_0783_2622.utt,2/sw2622,2622,183,%,B,97,1,"I beli-, - /","I/PRP beli/VBP ,/,",,,0.0,0.0
sw07utt/sw_0783_2622.utt,2/sw2622,2622,184,aa,B,97,2,"[ [  I, + I, ] +  I ]  do agree with you, [ most, + most ] wholeheartedly. /","I/PRP ,/, I/PRP ,/, I/PRP do/VBP agree/VB with/IN you/PRP ,/, most/RBS ,/, most/RBS wholeheartedly/RB ./.",,,518.58,522.24
sw07utt/sw_0783_2622.utt,2/sw2622,2622,185,ba,A,98,1,{D Well } that's great. /,Well/UH that/DT 's/BES great/JJ ./.,,,522.55,523.73
sw07utt/sw_0783_2622.utt,2/sw2622,2622,186,fc,B,99,1,It's been a pleasure talking with you. /,It/PRP 's/HVS been/VBN a/DT pleasure/NN talking/VBG with/IN you/PRP ./.,,,523.68,525.5
sw07utt/sw_0783_2622.utt,2/sw2622,2622,187,fc,A,100,1,"You too,  /","You/PRP too/RB ,/,",,,525.55,525.7299999999999
sw07utt/sw_0783_2622.utt,2/sw2622,2622,188,%,A,100,2,"{C and, } {F uh, } -/","and/CC ,/, uh/UH ,/,",,,525.73,526.07
sw07utt/sw_0783_2622.utt,2/sw2622,2622,189,ft,B,101,1,# Thanks for call. # /,Thanks/UH for/IN call/NN ./.,,,0.0,0.0
sw07utt/sw_0783_2622.utt,2/sw2622,2622,190,fc,A,102,1,# have a good # day. /,have/VB a/DT good/JJ day/NN ./.,,,526.41,526.9300000000001
sw07utt/sw_0783_2622.utt,2/sw2622,2622,191,fc,B,103,1,You too.  /,You/PRP too/RB ./.,,,527.04,527.38
sw07utt/sw_0783_2622.utt,2/sw2622,2622,192,fc,B,103,2,Bye-bye. /,Bye-bye/UH ./.,,,527.38,527.76
