swda_filename,ptb_basename,conversation_no,transcript_index,act_tag,caller,utterance_index,subutterance_index,text,pos,trees,ptb_treenumbers,start_ts,end_ts
sw07utt/sw_0704_2690.utt,2/sw2690,2690,0,qw,A,1,1,What are your favorite programs? /,What/WP are/VBP your/PRP$ favorite/JJ programs/NNS ?/.,,,0.46,1.86
sw07utt/sw_0704_2690.utt,2/sw2690,2690,1,sd,B,2,1,"{F Uh, } it's kind of hard to put my finger [ on a, + on a ]   favorite T V program,  /","Uh/UH ,/, it/PRP 's/BES kind/RB of/RB hard/JJ to/TO put/VB my/PRP$ finger/NN on/IN a/DT ,/, on/IN a/DT favorite/JJ T/NN V/NN program/NN ,/,",,,2.26,6.699999999999999
sw07utt/sw_0704_2690.utt,2/sw2690,2690,2,sd,B,2,2,"{C however, } {F uh, } one that I've been watching for a  number of years is DALLAS.  /","however/RB ,/, uh/UH ,/, one/CD that/WDT I/PRP 've/VBP been/VBN watching/VBG for/IN a/DT number/NN of/IN years/NNS is/VBZ DALLAS/NNP ./.",,,6.78,10.68
sw07utt/sw_0704_2690.utt,2/sw2690,2690,3,sd,B,2,3,"[ {C And, } + {F uh, }","And/CC ,/, uh/UH ,/,",,,11.44,11.94
sw07utt/sw_0704_2690.utt,2/sw2690,2690,4,ba,A,3,1,"{F Oh, } how funny. /","Oh/UH ,/, how/WRB funny/JJ ./.",,,11.94,12.639999999999999
sw07utt/sw_0704_2690.utt,2/sw2690,2690,5,+,B,4,1,"<Laughter>  {C And, } ] {F uh, } it's going to be going off the air, {F uh, } let's see, [ a week from Fri-, + a week from tonight. ]  /","And/CC ,/, uh/UH ,/, it/PRP 's/BES going/VBG to/TO be/VB going/VBG off/IN the/DT air/NN ,/, uh/UH ,/, let/VB 's/PRP see/VB ,/, a/DT week/NN from/IN Fri-/NNP ,/, a/DT week/NN from/IN tonight/RB ./.",,,13.86,18.560000000000002
sw07utt/sw_0704_2690.utt,2/sw2690,2690,6,sd,B,4,2,It's going to be its  last show.  /,It/PRP 's/BES going/VBG to/TO be/VB its/PRP$ last/JJ show/NN ./.,,,18.56,20.66
sw07utt/sw_0704_2690.utt,2/sw2690,2690,7,sd,B,4,3,"{C So } I've, I've kind of enjoyed watching over the years.  /","So/RB I/PRP 've/VBP ,/, I/PRP 've/VBP kind/RB of/RB enjoyed/VBN watching/VBG over/IN the/DT years/NNS ./.",,,21.66,24.080000000000002
sw07utt/sw_0704_2690.utt,2/sw2690,2690,8,sd,B,4,4,I've been  disappointed in it and  also pleased in it.  /,I/PRP 've/VBP been/VBN disappointed/JJ in/IN it/PRP and/CC also/RB pleased/JJ in/IN it/PRP ./.,,,24.08,27.7
sw07utt/sw_0704_2690.utt,2/sw2690,2690,9,sd,B,4,5,"{C And, } {F uh, } I was, {F uh, }  greatly disappointed, {F uh, } when I did move down to Plano to, {F uh, } find out that  [ the, + {F uh, } the, ] {F uh, } great South Fork Ranch was really only a one bedroom house. /","And/CC ,/, uh/UH ,/, I/PRP was/VBD ,/, uh/UH ,/, greatly/RB disappointed/JJ ,/, uh/UH ,/, when/WRB I/PRP did/VBD move/NN down/IN to/IN Plano/NNP to/TO ,/, uh/UH ,/, find/VB out/RP that/IN the/DT ,/, uh/UH ,/, the/DT ,/, uh/UH ,/, great/JJ South/NNP Fork/NNP Ranch/NNP was/VBD really/RB only/RB a/DT one/CD bedroom/NN house/NN ./.",,,27.84,41.36
sw07utt/sw_0704_2690.utt,2/sw2690,2690,10,x,A,5,1,<Laughter>.,,,,0.0,0.0
sw07utt/sw_0704_2690.utt,2/sw2690,2690,11,x,B,6,1,<Laughter>.,,,,0.0,0.0
sw07utt/sw_0704_2690.utt,2/sw2690,2690,12,sd,A,7,1,I've seen the sign that goes to there.  /,I/PRP 've/VBP seen/VBN the/DT sign/NN that/WDT goes/VBZ to/IN there/RB ./.,,,41.54,43.44
sw07utt/sw_0704_2690.utt,2/sw2690,2690,13,%,A,7,2,"I've, - /","I/PRP 've/VBP ,/,",,,43.44,43.66
sw07utt/sw_0704_2690.utt,2/sw2690,2690,14,sd,A,7,3,{D well }  I think I've seen it in the distance. /,well/UH I/PRP think/VBP I/PRP 've/VBP seen/VBN it/PRP in/IN the/DT distance/NN ./.,,,43.78,46.0
sw07utt/sw_0704_2690.utt,2/sw2690,2690,15,b,B,8,1,Uh-huh. /,Uh-huh/UH ./.,,,46.0,46.28
sw07utt/sw_0704_2690.utt,2/sw2690,2690,16,sd,A,9,1,{C But } I have not even seen it.  /,But/CC I/PRP have/VBP not/RB even/RB seen/VBN it/PRP ./.,,,46.72,48.379999999999995
sw07utt/sw_0704_2690.utt,2/sw2690,2690,17,sd,A,9,2,{C And } I have not  seen the program. /,And/CC I/PRP have/VBP not/RB seen/VBN the/DT program/NN ./.,,,48.38,49.68
sw07utt/sw_0704_2690.utt,2/sw2690,2690,18,by,B,10,1,"{F Oh } {D well, }","Oh/UH well/UH ,/,",,,50.2,50.56
sw07utt/sw_0704_2690.utt,2/sw2690,2690,19,%,A,11,1,"{C So } <laughter>, -/","So/RB ,/,",,,50.92,51.1
sw07utt/sw_0704_2690.utt,2/sw2690,2690,20,+,B,12,1,That's a shame. /,That/DT 's/BES a/DT shame/NN ./.,,,51.5,52.2
sw07utt/sw_0704_2690.utt,2/sw2690,2690,21,sd,A,13,1,"[ {C And, } + {C and, } ] {F uh, } I know when we went to London, it was really funny.  /","And/CC ,/, and/CC ,/, uh/UH ,/, I/PRP know/VBP when/WRB we/PRP went/VBD to/IN London/NNP ,/, it/PRP was/VBD really/RB funny/JJ ./.",,,52.56,56.339999999999996
sw07utt/sw_0704_2690.utt,2/sw2690,2690,22,sd,A,13,2,"{F Uh, } people recognized Dallas, Texas, by  [ [ the, + the ] Texas, + ] {F uh, } [ the, + the ] cowboys --","Uh/UH ,/, people/NNS recognized/VBD Dallas/NNP ,/, Texas/NNP ,/, by/IN the/DT ,/, the/DT Texas/NNP ,/, uh/UH ,/, the/DT ,/, the/DT cowboys/NNS --/:",,,56.78,64.5
sw07utt/sw_0704_2690.utt,2/sw2690,2690,23,b,B,14,1,Uh-huh. /,Uh-huh/UH ./.,,,64.66,64.75999999999999
sw07utt/sw_0704_2690.utt,2/sw2690,2690,24,+,A,15,1,-- and by that program. /,--/: and/CC by/IN that/DT program/NN ./.,,,64.76,66.2
sw07utt/sw_0704_2690.utt,2/sw2690,2690,25,b,B,16,1,Yes. /,Yes/UH ./.,,,66.5,66.82
sw07utt/sw_0704_2690.utt,2/sw2690,2690,26,sd,A,17,1,"{C And } [ that's, + that's ] the two things they associate with Dallas, Texas.  /","And/CC that/DT 's/BES ,/, that/DT 's/BES the/DT two/CD things/NNS they/PRP associate/JJ with/IN Dallas/NNP ,/, Texas/NNP ./.",,,67.0,69.96
sw07utt/sw_0704_2690.utt,2/sw2690,2690,27,%,A,17,2,"{C So, } -/","So/RB ,/,",,,69.96,70.27999999999999
sw07utt/sw_0704_2690.utt,2/sw2690,2690,28,x,B,18,1,<Laughter>.,,,,0.0,0.0
sw07utt/sw_0704_2690.utt,2/sw2690,2690,29,%,A,19,1,"I, - /","I/PRP ,/,",,,70.78,70.92
sw07utt/sw_0704_2690.utt,2/sw2690,2690,30,%,A,19,2,"{C and } I, - /","and/CC I/PRP ,/,",,,71.04,71.36
sw07utt/sw_0704_2690.utt,2/sw2690,2690,31,sd,A,19,3,"they asked me, {F uh, } - /","they/PRP asked/VBD me/PRP ,/, uh/UH ,/,",,,71.66,72.82
sw07utt/sw_0704_2690.utt,2/sw2690,2690,32,sd(^q),A,19,4,"[ several times, + several times ] they ask me, why are there two bridges?  /","several/JJ times/NNS ,/, several/JJ times/NNS they/PRP ask/VBP me/PRP ,/, why/WRB are/VBP there/EX two/CD bridges/NNS ?/.",,,72.82,76.16
sw07utt/sw_0704_2690.utt,2/sw2690,2690,33,sd,A,19,5,{C And } I didn't know what  they were talking about.  /,And/CC I/PRP did/VBD n't/RB know/VB what/WP they/PRP were/VBD talking/VBG about/RB ./.,,,76.94,78.5
sw07utt/sw_0704_2690.utt,2/sw2690,2690,34,sd,A,19,6,"It took me a long time, they're talking about the viaducts. /","It/PRP took/VBD me/PRP a/DT long/JJ time/NN ,/, they/PRP 're/VBP talking/VBG about/IN the/DT viaducts/NNS ./.",,,78.5,81.64
sw07utt/sw_0704_2690.utt,2/sw2690,2690,35,b,B,20,1,Uh-huh. /,Uh-huh/UH ./.,,,82.18,82.28
sw07utt/sw_0704_2690.utt,2/sw2690,2690,36,qy,A,21,1,"Is that, - /","Is/VBZ that/DT ,/,",,,82.28,82.64
sw07utt/sw_0704_2690.utt,2/sw2690,2690,37,qy^g,A,21,2,"that is right, isn't it? /","that/DT is/VBZ right/JJ ,/, is/VBZ n't/RB it/PRP ?/.",,,82.7,83.8
sw07utt/sw_0704_2690.utt,2/sw2690,2690,38,ny,B,22,1,Yeah. /,Yeah/UH ./.,,,83.9,84.14
sw07utt/sw_0704_2690.utt,2/sw2690,2690,39,sd(^q)^r,A,23,1,"{C Because } they ask me, why are there two bridges going into Dallas? /","Because/IN they/PRP ask/VBP me/PRP ,/, why/WRB are/VBP there/EX two/CD bridges/NNS going/VBG into/IN Dallas/NNP ?/.",,,84.6,87.82000000000001
sw07utt/sw_0704_2690.utt,2/sw2690,2690,40,x,B,24,1,<Laughter>.,,,,0.0,0.0
sw07utt/sw_0704_2690.utt,2/sw2690,2690,41,sd,A,25,1,Darned if I know <laughter>.  /,Darned/JJ if/IN I/PRP know/VBP ./.,,,88.62,90.56
sw07utt/sw_0704_2690.utt,2/sw2690,2690,42,sd,A,25,2,"I was blank looking,  {D you know. }  /","I/PRP was/VBD blank/JJ looking/RP ,/, you/PRP know/VBP ./.",,,90.66,92.16
sw07utt/sw_0704_2690.utt,2/sw2690,2690,43,sd,A,25,3,I felt really dumb. /,I/PRP felt/VBD really/RB dumb/JJ ./.,,,92.16,93.2
sw07utt/sw_0704_2690.utt,2/sw2690,2690,44,sd,B,26,1,"{D Well, } it's, it's, {F uh, } - /","Well/UH ,/, it/PRP 's/BES ,/, it/PRP 's/BES ,/, uh/UH ,/,",,,93.92,94.82000000000001
sw07utt/sw_0704_2690.utt,2/sw2690,2690,45,sd,B,26,2,"when you look at  the, {F uh, } {D you know, } route seventy-five, coming down there.  {E I mean, } it's actually a  bridge, /","when/WRB you/PRP look/VBP at/IN the/DT ,/, uh/UH ,/, you/PRP know/VBP ,/, route/NN seventy-five/CD ,/, coming/VBG down/RB there/RB ./. I/PRP mean/VBP ,/, it/PRP 's/BES actually/RB a/DT bridge/NN ,/,",,,94.96,100.38
sw07utt/sw_0704_2690.utt,2/sw2690,2690,46,sd,B,26,3,{C but } it's a bridge over top of roadway.  /,but/CC it/PRP 's/BES a/DT bridge/NN over/RB top/NN of/IN roadway/NN ./.,,,100.38,102.41999999999999
sw07utt/sw_0704_2690.utt,2/sw2690,2690,47,sd,B,26,4,"There's no water there.  {E I mean, }  {F uh, } -/","There/EX 's/BES no/DT water/NN there/RB ./. I/PRP mean/VBP ,/, uh/UH ,/,",,,102.42,104.62
sw07utt/sw_0704_2690.utt,2/sw2690,2690,48,sd,A,27,1,"{D Well, } there's water in the Trinity.  /","Well/UH ,/, there/EX 's/BES water/NN in/IN the/DT Trinity/NNP ./.",,,104.88,106.26
sw07utt/sw_0704_2690.utt,2/sw2690,2690,49,sd,A,27,2,"I thought it  was [ to, + ] going to Oak Cliff over the Trinity. /","I/PRP thought/VBD it/PRP was/VBD to/TO ,/, going/VBG to/IN Oak/NNP Cliff/NNP over/IN the/DT Trinity/NNP ./.",,,106.26,108.53999999999999
sw07utt/sw_0704_2690.utt,2/sw2690,2690,50,b,B,28,1,Yeah.  /,Yeah/UH ./.,,,108.88,109.19999999999999
sw07utt/sw_0704_2690.utt,2/sw2690,2690,51,%,B,28,2,"{D Well }  [ there's, + there, ]  {F uh, } - /","Well/UH there/EX 's/BES ,/, there/EX ,/, uh/UH ,/,",,,109.24,110.10000000000001
sw07utt/sw_0704_2690.utt,2/sw2690,2690,52,%,B,28,3,"{D well } they, - /","well/UH they/PRP ,/,",,,110.1,112.64
sw07utt/sw_0704_2690.utt,2/sw2690,2690,53,sd,B,28,4,I think when they open the show up they give you two different views of Dallas. /,I/PRP think/VBP when/WRB they/PRP open/VBP the/DT show/NN up/RP they/PRP give/VBP you/PRP two/CD different/JJ views/NNS of/IN Dallas/NNP ./.,,,112.64,115.48
sw07utt/sw_0704_2690.utt,2/sw2690,2690,54,bh,A,29,1,"{F Oh, } do they? /","Oh/UH ,/, do/VBP they/PRP ?/.",,,115.5,115.89999999999999
sw07utt/sw_0704_2690.utt,2/sw2690,2690,55,sd,B,30,1,One from the east and one from the west. /,One/CD from/IN the/DT east/JJ and/CC one/CD from/IN the/DT west/JJ ./.,,,115.9,117.34
sw07utt/sw_0704_2690.utt,2/sw2690,2690,56,b,A,31,1,{F Uh. } /,Uh/UH ./.,,,117.48,117.64
sw07utt/sw_0704_2690.utt,2/sw2690,2690,57,sd,B,32,1,{C And } that's why. /,And/CC that/DT 's/BES why/WRB ./.,,,118.16,118.82000000000001
sw07utt/sw_0704_2690.utt,2/sw2690,2690,58,bk,A,33,1,"{F Oh, } I see. /","Oh/UH ,/, I/PRP see/VBP ./.",,,119.08,119.58
sw07utt/sw_0704_2690.utt,2/sw2690,2690,59,sd,B,34,1,{C But } it kind of confuses people.  /,But/CC it/PRP kind/RB of/RB confuses/VBZ people/NNS ./.,,,119.9,121.46
sw07utt/sw_0704_2690.utt,2/sw2690,2690,60,sd,B,34,2,"{C But, } {F uh, }  {F uh, } I enjoy, {F uh, } {F uh, } a lot of different comedies.  /","But/CC ,/, uh/UH ,/, uh/UH ,/, I/PRP enjoy/VBP ,/, uh/UH ,/, uh/UH ,/, a/DT lot/NN of/IN different/JJ comedies/NNS ./.",,,122.2,126.55999999999999
sw07utt/sw_0704_2690.utt,2/sw2690,2690,61,sd,B,34,3,"{F Um, } I think it's mainly for an  escape, {F um, } {D you know, } [ you, + ] {F uh, } my job is not the most thrilling in the world  /","Um/UH ,/, I/PRP think/VBP it/PRP 's/BES mainly/RB for/IN an/DT escape/NN ,/, um/UH ,/, you/PRP know/VBP ,/, you/PRP ,/, uh/UH ,/, my/PRP$ job/NN is/VBZ not/RB the/DT most/RBS thrilling/JJ in/IN the/DT world/NN",,,126.64,135.32
sw07utt/sw_0704_2690.utt,2/sw2690,2690,62,"sd,sv",B,34,4,"{C and, } {F uh, } I enjoy laughing and, {F uh, } some of the shows that, {F uh, } are on the air,  some are just purely, {D you know, } brain drainers. /","and/CC ,/, uh/UH ,/, I/PRP enjoy/VBP laughing/VBG and/CC ,/, uh/UH ,/, some/DT of/IN the/DT shows/NNS that/IN ,/, uh/UH ,/, are/VBP on/IN the/DT air/NN ,/, some/DT are/VBP just/RB purely/RB ,/, you/PRP know/VBP ,/, brain/NN drainers/NNS ./.",,,135.32,145.22
sw07utt/sw_0704_2690.utt,2/sw2690,2690,63,b,A,35,1,Uh-huh. /,Uh-huh/UH ./.,,,145.34,145.6
sw07utt/sw_0704_2690.utt,2/sw2690,2690,64,sv,B,36,1,"{C And then } there's other ones that, {F uh, } deal with, {F uh, } in a funny manner, {F uh, } socially relevant things. /","And/CC then/RB there/EX 's/BES other/JJ ones/NNS that/WDT ,/, uh/UH ,/, deal/VBP with/IN ,/, uh/UH ,/, in/IN a/DT funny/JJ manner/NN ,/, uh/UH ,/, socially/RB relevant/JJ things/NNS ./.",,,145.86,152.62
sw07utt/sw_0704_2690.utt,2/sw2690,2690,65,sd,B,36,2,"{C And, } {F uh, } one show that  comes to mind is {D like } DESIGNING WOMEN.   {F Uh, } /","And/CC ,/, uh/UH ,/, one/CD show/NN that/WDT comes/VBZ to/TO mind/VB is/VBZ like/IN DESIGNING/VBG WOMEN/NNS ./. Uh/UH ,/,",,,152.62,156.51999999999998
sw07utt/sw_0704_2690.utt,2/sw2690,2690,66,sv,A,37,1,I think that is just a hoot.  /,I/PRP think/VBP that/DT is/VBZ just/RB a/DT hoot/NN ./.,,,156.52,158.58
sw07utt/sw_0704_2690.utt,2/sw2690,2690,67,sd,A,37,2,That's one of those few  that I do watch when the television is on.  /,That/DT 's/BES one/CD of/IN those/DT few/NN that/WDT I/PRP do/VBP watch/VB when/WRB the/DT television/NN is/VBZ on/RP ./.,,,158.96,162.57999999999998
sw07utt/sw_0704_2690.utt,2/sw2690,2690,68,sd,A,37,3,My husband likes to watch T V.  /,My/PRP$ husband/NN likes/VBZ to/TO watch/VB T/NN V/NN ./.,,,162.58,164.0
sw07utt/sw_0704_2690.utt,2/sw2690,2690,69,sd,A,37,4,It's on.  /,It/PRP 's/BES on/RP ./.,,,164.06,164.70000000000002
sw07utt/sw_0704_2690.utt,2/sw2690,2690,70,sd,A,37,5,I usually read and watch T V. /,I/PRP usually/RB read/VBP and/CC watch/VBP T/NN V/NN ./.,,,165.14,167.32
sw07utt/sw_0704_2690.utt,2/sw2690,2690,71,b,B,38,1,Uh-huh. /,Uh-huh/UH ./.,,,167.82,167.98
sw07utt/sw_0704_2690.utt,2/sw2690,2690,72,o@,A,39,1,"{C And } usually I can handle both at the same time, {D you know. }   *[[slash error]]","And/CC usually/RB I/PRP can/MD handle/VB both/DT at/IN the/DT same/JJ time/NN ,/, you/PRP know/VBP ./.",,,168.3,170.86
sw07utt/sw_0704_2690.utt,2/sw2690,2690,73,b,B,40,1,Yeah. /,Yeah/UH ./.,,,171.1,171.26
sw07utt/sw_0704_2690.utt,2/sw2690,2690,74,+@,A,41,1,"Because I am pretty sure where the T V plot's going. /   *[[slash segmentation error, should be independent slash unit]]",Because/IN I/PRP am/VBP pretty/RB sure/JJ where/WRB the/DT T/NN V/NN plot/NN 's/BES going/VBG ./.,,,171.26,175.12
sw07utt/sw_0704_2690.utt,2/sw2690,2690,75,b,B,42,1,Uh-huh. /,Uh-huh/UH ./.,,,175.62,175.78
sw07utt/sw_0704_2690.utt,2/sw2690,2690,76,sd,A,43,1,{C But } that's one of the few that I just actually watch.  /,But/CC that/DT 's/BES one/CD of/IN the/DT few/NN that/IN I/PRP just/RB actually/RB watch/VBP ./.,,,176.26,179.64000000000001
sw07utt/sw_0704_2690.utt,2/sw2690,2690,77,sd,A,43,2,{C Because } --,Because/IN --/:,,,179.98,180.22
sw07utt/sw_0704_2690.utt,2/sw2690,2690,78,aa,B,44,1,Yes. /,Yes/UH ./.,,,180.22,180.3
sw07utt/sw_0704_2690.utt,2/sw2690,2690,79,+,A,45,1,-- it's funny.  /,--/: it/PRP 's/BES funny/JJ ./.,,,180.3,180.88
sw07utt/sw_0704_2690.utt,2/sw2690,2690,80,sd,A,45,2,I really enjoy that one. /,I/PRP really/RB enjoy/VBP that/DT one/NN ./.,,,181.66,182.96
sw07utt/sw_0704_2690.utt,2/sw2690,2690,81,aa,B,46,1,Yes.  /,Yes/UH ./.,,,183.48,183.79999999999998
sw07utt/sw_0704_2690.utt,2/sw2690,2690,82,sv,B,46,2,"[ It, + {F uh, } it ] has been very  entertaining  /","It/PRP ,/, uh/UH ,/, it/PRP has/VBZ been/VBN very/RB entertaining/JJ",,,183.8,186.05999999999997
sw07utt/sw_0704_2690.utt,2/sw2690,2690,83,sv,B,46,3,"[ {C and, } + {C and } ] also, {F uh, } [ the, + the ] issues they deal with, {F uh, } really tends to [ open, + open ] your eyes as well as your mind to some of the problems.  /","and/CC ,/, and/CC also/RB ,/, uh/UH ,/, the/DT ,/, the/DT issues/NNS they/PRP deal/VBP with/IN ,/, uh/UH ,/, really/RB tends/VBZ to/TO open/VB ,/, open/VB your/PRP$ eyes/NNS as/RB well/RB as/IN your/PRP$ mind/NN to/TO some/DT of/IN the/DT problems/NNS ./.",,,186.06,194.67999999999998
sw07utt/sw_0704_2690.utt,2/sw2690,2690,84,sd,B,46,4,"{C And, } {F uh, } [ I've, + I've ]  really enjoyed that one since it came on.  /","And/CC ,/, uh/UH ,/, I/PRP 've/VBP ,/, I/PRP 've/VBP really/RB enjoyed/VBN that/DT one/NN since/IN it/PRP came/VBD on/RB ./.",,,195.34,198.04
sw07utt/sw_0704_2690.utt,2/sw2690,2690,85,sd,B,46,5,"{F Um, } I don't like the politics  surrounding the program though,  /","Um/UH ,/, I/PRP do/VBP n't/RB like/VB the/DT politics/NNS surrounding/VBG the/DT program/NN though/RB ,/,",,,198.96,201.82000000000002
sw07utt/sw_0704_2690.utt,2/sw2690,2690,86,sd,B,46,6,"{C but, } {E I mean, } other than that, {D you know, }  there seems to be a little in fighting going on between the producers and one of the actresses.  /","but/CC ,/, I/PRP mean/VBP ,/, other/JJ than/IN that/DT ,/, you/PRP know/VBP ,/, there/EX seems/VBZ to/TO be/VB a/DT little/JJ in/GW fighting/^NN going/VBG on/RP between/IN the/DT producers/NNS and/CC one/CD of/IN the/DT actresses/NNS ./.",,,201.82,208.9
sw07utt/sw_0704_2690.utt,2/sw2690,2690,87,%,B,46,7,"{C But, } {F uh, } - /","But/CC ,/, uh/UH ,/,",,,209.62,210.14000000000001
sw07utt/sw_0704_2690.utt,2/sw2690,2690,88,sd,B,46,8,"{C and then, } {F uh, } I've kind of gotten hooked on P B S  stuff, {F uh, } public, {F uh, } T V.  /","and/CC then/RB ,/, uh/UH ,/, I/PRP 've/VBP kind/RB of/RB gotten/VBN hooked/JJ on/IN P/NNP B/NNP S/NNP stuff/NN ,/, uh/UH ,/, public/JJ ,/, uh/UH ,/, T/NN V/NN ./.",,,211.34,217.20000000000002
sw07utt/sw_0704_2690.utt,2/sw2690,2690,89,sd,B,46,9,"{F Uh, } I like things like NOVA and, {F uh, } some of [ the, + the ]  special programs they come up with on nature and stuff.  /","Uh/UH ,/, I/PRP like/VBP things/NNS like/IN NOVA/NNP and/CC ,/, uh/UH ,/, some/DT of/IN the/DT ,/, the/DT special/JJ programs/NNS they/PRP come/VBP up/RP with/IN on/IN nature/NN and/CC stuff/NN ./.",,,218.0,225.84
sw07utt/sw_0704_2690.utt,2/sw2690,2690,90,sd,B,46,10,I just enjoy watching that stuff. /,I/PRP just/RB enjoy/VBP watching/VBG that/DT stuff/NN ./.,,,225.84,227.29999999999998
sw07utt/sw_0704_2690.utt,2/sw2690,2690,91,sd,A,47,1,"Now, we watch a lot of those.  /","Now/RB ,/, we/PRP watch/VBP a/DT lot/NN of/IN those/DT ./.",,,227.5,228.76000000000002
sw07utt/sw_0704_2690.utt,2/sw2690,2690,92,sd,A,47,2,"{F Uh, } {C and } the ones  that sometimes will hook me, to put down my book, will be the one,  there was one, {F uh, } recently about the Gettysburg Address. /","Uh/UH ,/, and/CC the/DT ones/NNS that/WDT sometimes/RB will/MD hook/VB me/PRP ,/, to/TO put/VB down/RB my/PRP$ book/NN ,/, will/MD be/VB the/DT one/CD ,/, there/EX was/VBD one/CD ,/, uh/UH ,/, recently/RB about/IN the/DT Gettysburg/NNP Address/NNP ./.",,,229.62,240.38
sw07utt/sw_0704_2690.utt,2/sw2690,2690,93,b,B,48,1,Uh-huh. /,Uh-huh/UH ./.,,,241.34,241.46
sw07utt/sw_0704_2690.utt,2/sw2690,2690,94,sd,A,49,1,{C And } they wrapped a fictional story around it. /,And/CC they/PRP wrapped/VBD a/DT fictional/JJ story/NN around/IN it/PRP ./.,,,241.46,243.92
sw07utt/sw_0704_2690.utt,2/sw2690,2690,95,b,B,50,1,Uh-huh. /,Uh-huh/UH ./.,,,244.58,244.8
sw07utt/sw_0704_2690.utt,2/sw2690,2690,96,sd,A,51,1,{C And } I thought that was well done. /,And/CC I/PRP thought/VBD that/DT was/VBD well/RB done/VBN ./.,,,244.8,246.29999999999998
sw07utt/sw_0704_2690.utt,2/sw2690,2690,97,b,B,52,1,Uh-huh. /,Uh-huh/UH ./.,,,247.5,247.62
sw07utt/sw_0704_2690.utt,2/sw2690,2690,98,sd,A,53,1,"[ {C And, } + {C and } ] it, it caught my attention.  /","And/CC ,/, and/CC it/PRP ,/, it/PRP caught/VBD my/PRP$ attention/NN ./.",,,247.62,249.20000000000002
sw07utt/sw_0704_2690.utt,2/sw2690,2690,99,sd,A,53,2,I wound up watching the whole thing.  /,I/PRP wound/VBD up/RP watching/VBG the/DT whole/JJ thing/NN ./.,,,249.2,250.48
sw07utt/sw_0704_2690.utt,2/sw2690,2690,100,sd,A,53,3,"{F Uh, } I guess the awards ceremonies, and there seems to be  dozens of them per year. - /","Uh/UH ,/, I/PRP guess/VBP the/DT awards/NNS ceremonies/NNS ,/, and/CC there/EX seems/VBZ to/TO be/VB dozens/NNS of/IN them/PRP per/IN year/NN ./.",,,250.48,259.36
sw07utt/sw_0704_2690.utt,2/sw2690,2690,101,sd,A,53,4,Maybe I've spent two minutes watching to see what they on and if they make a fool of themselves or not <laughter>. /,Maybe/RB I/PRP 've/VBP spent/VBN two/CD minutes/NNS watching/VBG to/TO see/VB what/WP they/PRP on/IN and/CC if/IN they/PRP make/VBP a/DT fool/NN of/IN themselves/PRP or/CC not/RB ./.,,,259.86,265.28000000000003
sw07utt/sw_0704_2690.utt,2/sw2690,2690,102,x,B,54,1,<Laughter>.,,,,0.0,0.0
sw07utt/sw_0704_2690.utt,2/sw2690,2690,103,sd,A,55,1,{C But } they could take that whole  collection  /,But/CC they/PRP could/MD take/VB that/DT whole/JJ collection/NN,,,267.2,269.02
sw07utt/sw_0704_2690.utt,2/sw2690,2690,104,sd,A,55,2,{C and } it would disappear  /,and/CC it/PRP would/MD disappear/VB,,,269.02,270.06
sw07utt/sw_0704_2690.utt,2/sw2690,2690,105,o@,A,55,3,{C and } I'd never miss it for a minute.    *[[slash error]],and/CC I/PRP 'd/MD never/RB miss/VB it/PRP for/IN a/DT minute/NN ./.,,,270.06,271.62
sw07utt/sw_0704_2690.utt,2/sw2690,2690,106,b,B,56,1,Yeah. /,Yeah/UH ./.,,,272.54,272.78000000000003
sw07utt/sw_0704_2690.utt,2/sw2690,2690,107,+@,A,57,1,Especially the beauty pageants.  / *[[slash problem]],Especially/RB the/DT beauty/NN pageants/NNS ./.,,,272.78,274.28
sw07utt/sw_0704_2690.utt,2/sw2690,2690,108,sv,A,57,2,"[ I, + I, ] particularly  take issue with those.  /","I/PRP ,/, I/PRP ,/, particularly/RB take/VBP issue/NN with/IN those/DT ./.",,,274.28,276.90000000000003
sw07utt/sw_0704_2690.utt,2/sw2690,2690,109,sv,A,57,3,"[ I, + I ] really dislike those. /","I/PRP ,/, I/PRP really/RB dislike/VBP those/DT ./.",,,276.92,278.86
sw07utt/sw_0704_2690.utt,2/sw2690,2690,110,sd,B,58,1,"{D Well } I'm one of those rare guys, who, [  I, + I ]  rarely ever sit down and watch a whole sporting event, {F um, } if ever watch one.  /","Well/UH I/PRP 'm/VBP one/CD of/IN those/DT rare/JJ guys/NNS ,/, who/WP ,/, I/PRP ,/, I/PRP rarely/RB ever/RB sit/VBP down/RB and/CC watch/VB a/DT whole/JJ sporting/NN event/NN ,/, um/UH ,/, if/IN ever/RB watch/VBP one/CD ./.",,,280.18,289.28000000000003
sw07utt/sw_0704_2690.utt,2/sw2690,2690,111,sd,B,58,2,"{F Uh, }  there's just not that much [ I'm, + I'm ] interested in.  /","Uh/UH ,/, there/EX 's/BES just/RB not/RB that/RB much/JJ I/PRP 'm/VBP ,/, I/PRP 'm/VBP interested/JJ in/RB ./.",,,290.14,293.56
sw07utt/sw_0704_2690.utt,2/sw2690,2690,112,sd,B,58,3,"{F Um, } for a while, [ [ I, + I, ] +  I ] watched some football,  /","Um/UH ,/, for/IN a/DT while/NN ,/, I/PRP ,/, I/PRP ,/, I/PRP watched/VBD some/DT football/NN ,/,",,,293.84,297.72
sw07utt/sw_0704_2690.utt,2/sw2690,2690,113,sd,B,58,4,"{C but } I've just got too many more important things in my life now than to sit  around [ and, + and ] watch a baseball game. /","but/CC I/PRP 've/VBP just/RB got/VBN too/RB many/RB more/RBR important/JJ things/NNS in/IN my/PRP$ life/NN now/RB than/IN to/TO sit/VB around/RB and/CC ,/, and/CC watch/VB a/DT baseball/NN game/NN ./.",,,297.72,303.16
sw07utt/sw_0704_2690.utt,2/sw2690,2690,114,sd,A,59,1,"{D You know, } my husband used to just be riveted to  the Dallas Cowboys.  /","You/PRP know/VBP ,/, my/PRP$ husband/NN used/VBN to/IN just/RB be/VB riveted/JJ to/IN the/DT Dallas/NNP Cowboys/NNPS ./.",,,303.44,307.58
sw07utt/sw_0704_2690.utt,2/sw2690,2690,115,sd,A,59,2,"{C And } now, we're out running around,  /","And/CC now/RB ,/, we/PRP 're/VBP out/RB running/VBG around/RB ,/,",,,308.16,311.26
sw07utt/sw_0704_2690.utt,2/sw2690,2690,116,sd,A,59,3,"{C and } [ if they're, + if they're ]  playing, he'll turn it on while we're in the car to see what the score is,  /","and/CC if/IN they/PRP 're/VBP ,/, if/IN they/PRP 're/VBP playing/VBG ,/, he/PRP 'll/MD turn/VB it/PRP on/RP while/IN we/PRP 're/VBP in/IN the/DT car/NN to/TO see/VB what/WP the/DT score/NN is/VBZ ,/,",,,311.3,316.26000000000005
sw07utt/sw_0704_2690.utt,2/sw2690,2690,117,sd,A,59,4,{C and }  he'll listen.  /,and/CC he/PRP 'll/MD listen/VB ./.,,,316.28,317.04
sw07utt/sw_0704_2690.utt,2/sw2690,2690,118,sd(^q),A,59,5,"{C But, } even I've said, {D hey look, } you're fascinated with this,  you sit and listen to the Cowboys.  /","But/CC ,/, even/RB I/PRP 've/VBP said/VBN ,/, hey/UH look/VB ,/, you/PRP 're/VBP fascinated/JJ with/IN this/DT ,/, you/PRP sit/VBP and/CC listen/VB to/IN the/DT Cowboys/NNPS ./.",,,317.64,321.86
sw07utt/sw_0704_2690.utt,2/sw2690,2690,119,^q,A,59,6,"Let me run in here,  /","Let/VB me/PRP run/VB in/IN here/RB ,/,",,,321.9,322.90000000000003
sw07utt/sw_0704_2690.utt,2/sw2690,2690,120,^q,A,59,7,{C and } I'll do some  things  /,and/CC I/PRP 'll/MD do/VB some/DT things/NNS,,,322.92,323.85999999999996
sw07utt/sw_0704_2690.utt,2/sw2690,2690,121,^q,A,59,8,{C and } I'll come back  /,and/CC I/PRP 'll/MD come/VB back/RB,,,323.86,324.53999999999996
sw07utt/sw_0704_2690.utt,2/sw2690,2690,122,sd(^q),A,59,9,"{C and } you don't have to miss, he'll say, na, na, na.  /","and/CC you/PRP do/VBP n't/RB have/VB to/TO miss/VB ,/, he/PRP 'll/MD say/VB ,/, na/UH ,/, na/UH ,/, na/UH ./.",,,324.54,326.74
sw07utt/sw_0704_2690.utt,2/sw2690,2690,123,sd,A,59,10,"{C And } he doesn't, he doesn't watch it.  /","And/CC he/PRP does/VBZ n't/RB ,/, he/PRP does/VBZ n't/RB watch/VB it/PRP ./.",,,327.18,328.68
sw07utt/sw_0704_2690.utt,2/sw2690,2690,124,sd,A,59,11,"He list-, like I say, - /","He/PRP list/VBZ ,/, like/IN I/PRP say/VBP ,/,",,,328.68,329.48
sw07utt/sw_0704_2690.utt,2/sw2690,2690,125,"""",A,59,12,if it's convenient he'll listen to it. /,if/IN it/PRP 's/BES convenient/JJ he/PRP 'll/MD listen/VB to/TO it/PRP ./.,,,329.48,330.8
sw07utt/sw_0704_2690.utt,2/sw2690,2690,126,b,B,60,1,Uh-huh. /,Uh-huh/UH ./.,,,331.28,331.44
sw07utt/sw_0704_2690.utt,2/sw2690,2690,127,sd,A,61,1,{C But } he just doesn't watch them on  T V like he used to. /,But/CC he/PRP just/RB does/VBZ n't/RB watch/VB them/PRP on/IN T/NN V/NN like/IN he/PRP used/VBD to/TO ./.,,,331.44,334.42
sw07utt/sw_0704_2690.utt,2/sw2690,2690,128,sv,B,62,1,"{D Well } I think it was great when they  were, {D you know, } {D like } world champs and  they were doing real well.  /","Well/UH I/PRP think/VBP it/PRP was/VBD great/JJ when/WRB they/PRP were/VBD ,/, you/PRP know/VBP ,/, like/IN world/NN champs/NNS and/CC they/PRP were/VBD doing/VBG real/RB well/RB ./.",,,334.74,339.47999999999996
sw07utt/sw_0704_2690.utt,2/sw2690,2690,129,%,B,62,2,"[ I, + {F uh, } I ] - /","I/PRP ,/, uh/UH ,/, I/PRP",,,340.2,341.52
sw07utt/sw_0704_2690.utt,2/sw2690,2690,130,sd,B,62,3,"{D personally, } [ I, + I ] came from the Washington area.  /","personally/RB ,/, I/PRP ,/, I/PRP came/VBD from/IN the/DT Washington/NNP area/NN ./.",,,342.0,344.94
sw07utt/sw_0704_2690.utt,2/sw2690,2690,131,sd,B,62,4,{C And so } --,And/CC so/RB --/:,,,344.94,345.22
sw07utt/sw_0704_2690.utt,2/sw2690,2690,132,b,A,63,1,{F Uh. } /,Uh/UH ./.,,,345.22,345.26000000000005
sw07utt/sw_0704_2690.utt,2/sw2690,2690,133,+,B,64,1,-- I was a big Washington Redskins fan. /,--/: I/PRP was/VBD a/DT big/JJ Washington/NNP Redskins/NNPS fan/NN ./.,,,345.26,346.71999999999997
sw07utt/sw_0704_2690.utt,2/sw2690,2690,134,ba,A,65,1,"{F Oh, } those people.  /","Oh/UH ,/, those/DT people/NNS ./.",,,346.74,347.96000000000004
sw07utt/sw_0704_2690.utt,2/sw2690,2690,135,b,A,65,2,Yeah  /,Yeah/UH,,,348.58,348.74
sw07utt/sw_0704_2690.utt,2/sw2690.pos,2690,136,x,A,65,3,<laughter>.,./.,,,0.0,0.0
sw07utt/sw_0704_2690.utt,2/sw2690,2690,137,sd,B,66,1,"{C And, } {F uh, } when I came down to Dallas,  [ it was, + ] {F uh, } {D you know, } I found myself rooting for the home team.  /","And/CC ,/, uh/UH ,/, when/WRB I/PRP came/VBD down/IN to/IN Dallas/NNP ,/, it/PRP was/VBD ,/, uh/UH ,/, you/PRP know/VBP ,/, I/PRP found/VBD myself/PRP rooting/VBG for/IN the/DT home/NN team/NN ./.",,,349.42,354.34000000000003
sw07utt/sw_0704_2690.utt,2/sw2690,2690,138,%,B,66,2,"I, {F uh, } - /","I/PRP ,/, uh/UH ,/,",,,354.84,355.36
sw07utt/sw_0704_2690.utt,2/sw2690,2690,139,sd,B,66,3,"in fact I  have [ a, + {F uh, } a ] baseball hat that was signed by Tony Dorsett and Hershel Walker --","in/IN fact/NN I/PRP have/VBP a/DT ,/, uh/UH ,/, a/DT baseball/NN hat/NN that/WDT was/VBD signed/VBN by/IN Tony/NNP Dorsett/NNP and/CC Hershel/NNP Walker/NNP --/:",,,355.6,360.52
sw07utt/sw_0704_2690.utt,2/sw2690,2690,140,ba,A,67,1,"{F Oh, } how neat. /","Oh/UH ,/, how/WRB neat/JJ ./.",,,360.52,361.26
sw07utt/sw_0704_2690.utt,2/sw2690,2690,141,+,B,68,1,-- the only year they played together on the Dallas Cowboys. /,--/: the/DT only/JJ year/NN they/PRP played/VBD together/RB on/IN the/DT Dallas/NNP Cowboys/NNPS ./.,,,361.34,364.04
sw07utt/sw_0704_2690.utt,2/sw2690,2690,142,sd,A,69,1,"{D Well, } I actually got to go see them win in the  Super Bowl when they went down to New Orleans. /","Well/UH ,/, I/PRP actually/RB got/VBD to/TO go/VB see/VB them/PRP win/VB in/IN the/DT Super/NNP Bowl/NNP when/WRB they/PRP went/VBD down/IN to/IN New/NNP Orleans/NNP ./.",,,364.56,369.18
sw07utt/sw_0704_2690.utt,2/sw2690,2690,143,ba,B,70,1,"{F Oh, } wow. /","Oh/UH ,/, wow/UH ./.",,,369.44,370.06
sw07utt/sw_0704_2690.utt,2/sw2690,2690,144,sd,A,71,1,"{C And, } [ [ I, + I, ] + I ] make the trip and did the  whole New Orleans before the game [ and the game + ] and everything/","And/CC ,/, I/PRP ,/, I/PRP ,/, I/PRP make/VBP the/DT trip/NN and/CC did/VBD the/DT whole/JJ New/NNP Orleans/NNP before/IN the/DT game/NN and/CC the/DT game/NN and/CC everything/NN",,,370.08,377.8
sw07utt/sw_0704_2690.utt,2/sw2690,2690,145,sd,A,71,2,"{C and, }","and/CC ,/,",,,377.92,378.34000000000003
sw07utt/sw_0704_2690.utt,2/sw2690,2690,146,o@,B,72,1,# Huh.  #   *[[slash error]],Huh/UH ./.,,,0.0,0.0
sw07utt/sw_0704_2690.utt,2/sw2690,2690,147,+,A,73,1,"# {F uh, } # [ that was, + that was ] a lot of fun. /","uh/UH ,/, that/DT was/VBD ,/, that/DT was/VBD a/DT lot/NN of/IN fun/NN ./.",,,378.4,381.97999999999996
sw07utt/sw_0704_2690.utt,2/sw2690,2690,148,+@,B,74,1,Yeah. /  *[[should be independent slash unit]],Yeah/UH ./.,,,381.98,382.16
sw07utt/sw_0704_2690.utt,2/sw2690,2690,149,sd,A,75,1,"{C But, } I don't know, I haven't been as, - /","But/CC ,/, I/PRP do/VBP n't/RB know/VB ,/, I/PRP have/VBP n't/RB been/VBN as/IN ,/,",,,382.66,385.66
sw07utt/sw_0704_2690.utt,2/sw2690,2690,150,sd,A,75,2,"I'll tell you what I love to watch. And this is not, this is rarely on television.  /","I/PRP 'll/MD tell/VB you/PRP what/WP I/PRP love/VBP to/TO watch/VB ./. And/CC this/DT is/VBZ not/RB ,/, this/DT is/VBZ rarely/RB on/IN television/NN ./.",,,386.0,389.2
sw07utt/sw_0704_2690.utt,2/sw2690,2690,151,sd,A,75,3,"{C But } what is a  lot of fun to go attend, is this arena football. /","But/CC what/WP is/VBZ a/DT lot/NN of/IN fun/NN to/TO go/VB attend/VB ,/, is/VBZ this/DT arena/NN football/NN ./.",,,389.2,393.08000000000004
sw07utt/sw_0704_2690.utt,2/sw2690,2690,152,b,B,76,1,Huh. /,Huh/UH ./.,,,394.18,394.26
sw07utt/sw_0704_2690.utt,2/sw2690,2690,153,b,A,77,1,"Yeah,  /","Yeah/UH ,/,",,,394.34,394.44
sw07utt/sw_0704_2690.utt,2/sw2690,2690,154,sd,A,77,2,I like it so much better than straight football. /,I/PRP like/VBP it/PRP so/RB much/RB better/JJR than/IN straight/JJ football/NN ./.,,,394.54,397.21999999999997
sw07utt/sw_0704_2690.utt,2/sw2690,2690,155,b,B,78,1,"No,  /","No/UH ,/,",,,398.4,398.59999999999997
sw07utt/sw_0704_2690.utt,2/sw2690,2690,156,sd,B,78,2,I haven't seen that. /,I/PRP have/VBP n't/RB seen/VBN that/DT ./.,,,398.6,399.44000000000005
sw07utt/sw_0704_2690.utt,2/sw2690,2690,157,%,A,79,1,"[ It, + it ] doesn't, - /","It/PRP ,/, it/PRP does/VBZ n't/RB ,/,",,,400.28,401.02
sw07utt/sw_0704_2690.utt,2/sw2690,2690,158,sd,A,79,2,it has a lot of different rules. /,it/PRP has/VBZ a/DT lot/NN of/IN different/JJ rules/NNS ./.,,,401.02,402.34000000000003
sw07utt/sw_0704_2690.utt,2/sw2690,2690,159,b,B,80,1,Uh-huh. /,Uh-huh/UH ./.,,,402.34,402.44
sw07utt/sw_0704_2690.utt,2/sw2690,2690,160,sd,A,81,1,The field is half the size -- /,The/DT field/NN is/VBZ half/PDT the/DT size/NN --/:,,,402.86,404.40000000000003
sw07utt/sw_0704_2690.utt,2/sw2690,2690,161,b,B,82,1,Uh-huh. /,Uh-huh/UH ./.,,,405.1,405.24
sw07utt/sw_0704_2690.utt,2/sw2690,2690,162,sd,A,83,1,"-- {C and } there's no, - /","--/: and/CC there/EX 's/BES no/DT ,/,",,,406.04,407.44
sw07utt/sw_0704_2690.utt,2/sw2690,2690,163,"""",A,83,2,they can't call time and things like  that.  /,they/PRP ca/MD n't/RB call/VB time/NN and/CC things/NNS like/IN that/DT ./.,,,408.3,410.42
sw07utt/sw_0704_2690.utt,2/sw2690,2690,164,sd,A,83,3,It moves a lot faster. /,It/PRP moves/VBZ a/DT lot/NN faster/RBR ./.,,,410.42,411.7
sw07utt/sw_0704_2690.utt,2/sw2690,2690,165,sd,B,84,1,"{F uh. }   {D Gee, } I'll have to try to catch that sometime.  /","uh/UH ./. Gee/UH ,/, I/PRP 'll/MD have/VB to/TO try/VB to/TO catch/VB that/DT sometime/RB ./.",,,412.24,415.48
sw07utt/sw_0704_2690.utt,2/sw2690,2690,166,%,B,84,2,"It's, -/","It/PRP 's/BES ,/,",,,415.48,415.6
sw07utt/sw_0704_2690.utt,2/sw2690,2690,167,sd,A,85,1,"{F Uh, } again I think it may be on cable more than anything else. /","Uh/UH ,/, again/RB I/PRP think/VBP it/PRP may/MD be/VB on/IN cable/NN more/JJR than/IN anything/NN else/RB ./.",,,415.9,419.23999999999995
sw07utt/sw_0704_2690.utt,2/sw2690,2690,168,b,B,86,1,"Yeah, /","Yeah/UH ,/,",,,419.42,419.52000000000004
sw07utt/sw_0704_2690.utt,2/sw2690,2690,169,sd,A,87,1,# We # --,We/PRP --/:,,,419.52,419.58
sw07utt/sw_0704_2690.utt,2/sw2690,2690,170,aap,B,88,1,# that's probably # true. /,that/DT 's/BES probably/RB true/JJ ./.,,,419.58,419.65999999999997
sw07utt/sw_0704_2690.utt,2/sw2690,2690,171,+,A,89,1,-- don't have cable. /,--/: do/VBP n't/RB have/VB cable/NN ./.,,,419.78,420.86
sw07utt/sw_0704_2690.utt,2/sw2690,2690,172,aa,B,90,1,"Yeah,  /","Yeah/UH ,/,",,,421.62,421.74
sw07utt/sw_0704_2690.utt,2/sw2690,2690,173,sd,B,90,2,we don't either.  /,we/PRP do/VBP n't/RB either/RB ./.,,,421.74,422.32
sw07utt/sw_0704_2690.utt,2/sw2690,2690,174,sd,B,90,3,"[ I, + {F uh, } I ]  couldn't rationalize paying,  {D you know, } - /","I/PRP ,/, uh/UH ,/, I/PRP could/MD n't/RB rationalize/VB paying/VBG ,/, you/PRP know/VBP ,/,",,,422.34,426.22
sw07utt/sw_0704_2690.utt,2/sw2690,2690,175,sd,B,90,4,"it's like if I pay for a movie channel, then I have watch  what movies they want me to watch when they want me to watch them.  /","it/PRP 's/BES like/IN if/IN I/PRP pay/VBP for/IN a/DT movie/NN channel/NN ,/, then/RB I/PRP have/VBP watch/VB what/WP movies/NNS they/PRP want/VBP me/PRP to/TO watch/VB when/WRB they/PRP want/VBP me/PRP to/TO watch/VB them/PRP ./.",,,426.22,432.54
sw07utt/sw_0704_2690.utt,2/sw2690,2690,176,sd,B,90,5,"{C And } [ if I, + {D you know, } if I ] didn't use cable for anything else other than the basic,  {D well } I can get that for free.  /","And/CC if/IN I/PRP ,/, you/PRP know/VBP ,/, if/IN I/PRP did/VBD n't/RB use/VB cable/NN for/IN anything/NN else/RB other/JJ than/IN the/DT basic/JJ ,/, well/UH I/PRP can/MD get/VB that/DT for/IN free/JJ ./.",,,432.54,438.34000000000003
sw07utt/sw_0704_2690.utt,2/sw2690,2690,177,sd,B,90,6,"{C And } {D well, } I really don't need C N N,  I see enough bad news all the time.  /","And/CC well/UH ,/, I/PRP really/RB do/VBP n't/RB need/VB C/NNP N/NNP N/NNP ,/, I/PRP see/VBP enough/RB bad/JJ news/NN all/PDT the/DT time/NN ./.",,,439.02,443.1
sw07utt/sw_0704_2690.utt,2/sw2690,2690,178,sd,B,90,7,<laughter> I don't need to see more of it.  /,I/PRP do/VBP n't/RB need/VB to/TO see/VB more/JJR of/IN it/PRP ./.,,,443.1,444.5
sw07utt/sw_0704_2690.utt,2/sw2690,2690,179,sd,B,90,8,"{C So }  [ I, + I've ]  kind of, {F uh, } rationalized that [ it's, + it's ] probably a lot more  economical for us to just go rent the movies we want to see. /","So/RB I/PRP ,/, I/PRP 've/VBP kind/RB of/RB ,/, uh/UH ,/, rationalized/VBN that/IN it/PRP 's/BES ,/, it/PRP 's/BES probably/RB a/DT lot/NN more/RBR economical/JJ for/IN us/PRP to/TO just/RB go/VB rent/NN the/DT movies/NNS we/PRP want/VBP to/TO see/VB ./.",,,445.16,453.09999999999997
sw07utt/sw_0704_2690.utt,2/sw2690,2690,180,%,A,91,1,"{D Well, } -/","Well/UH ,/,",,,453.72,453.88000000000005
sw07utt/sw_0704_2690.utt,2/sw2690,2690,181,sd,B,92,1,"{C And } of course when we were living in Texas, it was real convenient with Tom Thumb. /","And/CC of/IN course/NN when/WRB we/PRP were/VBD living/VBG in/IN Texas/NNP ,/, it/PRP was/VBD real/RB convenient/JJ with/IN Tom/NNP Thumb/NNP ./.",,,453.88,457.28000000000003
sw07utt/sw_0704_2690.utt,2/sw2690,2690,182,b,A,93,1,Oh. /,Oh/UH ./.,,,457.28,457.34
sw07utt/sw_0704_2690.utt,2/sw2690,2690,183,sd,B,94,1,"{D You know, } having movies, {F uh, } back then it was ninety-nine cents.  /","You/PRP know/VBP ,/, having/VBG movies/NNS ,/, uh/UH ,/, back/RB then/RB it/PRP was/VBD ninety-nine/CD cents/NNS ./.",,,457.62,460.56
sw07utt/sw_0704_2690.utt,2/sw2690,2690,184,%,B,94,2,"{E I mean, } go, -/","I/PRP mean/VBP ,/, go/VB ,/,",,,460.62,460.85999999999996
sw07utt/sw_0704_2690.utt,2/sw2690,2690,185,sd,A,95,1,"They're everywhere, they're --","They/PRP 're/VBP everywhere/RB ,/, they/PRP 're/VBP --/:",,,460.86,461.84
sw07utt/sw_0704_2690.utt,2/sw2690,2690,186,aa,B,96,1,Yeah. /,Yeah/UH ./.,,,461.84,462.0
sw07utt/sw_0704_2690.utt,2/sw2690,2690,187,+,A,97,1,-- on every corner.  /,--/: on/IN every/DT corner/NN ./.,,,462.0,462.84000000000003
sw07utt/sw_0704_2690.utt,2/sw2690,2690,188,sd;sv,A,97,2,Everything you've ever wanted to see. /,Everything/NN you/PRP 've/VBP ever/RB wanted/VBN to/TO see/VB ./.,,,463.44,465.1
sw07utt/sw_0704_2690.utt,2/sw2690,2690,189,sd,B,98,1,{F Um. }  You can see them a lot sooner than you can  see them on any of the stations like H B O or Cinemax. /,Um/UH ./. You/PRP can/MD see/VB them/PRP a/DT lot/NN sooner/JJR than/IN you/PRP can/MD see/VB them/PRP on/IN any/DT of/IN the/DT stations/NNS like/IN H/NNP B/NNP O/NNP or/CC Cinemax/NNP ./.,,,465.7,469.62
sw07utt/sw_0704_2690.utt,2/sw2690,2690,190,sd,A,99,1,"{D Well, } {C and } I like to rent tapes because you  can put the thing on hold if you get a telephone call or something like that. /","Well/UH ,/, and/CC I/PRP like/VBP to/TO rent/VB tapes/NNS because/IN you/PRP can/MD put/VB the/DT thing/NN on/IN hold/NN if/IN you/PRP get/VBP a/DT telephone/NN call/NN or/CC something/NN like/IN that/DT ./.",,,469.62,476.12
sw07utt/sw_0704_2690.utt,2/sw2690,2690,191,b,B,100,1,Uh-huh. /,Uh-huh/UH ./.,,,476.46,476.65999999999997
sw07utt/sw_0704_2690.utt,2/sw2690,2690,192,sd,A,101,1,{C Or } it becomes snack time for various reasons.  /,Or/CC it/PRP becomes/VBZ snack/NN time/NN for/IN various/JJ reasons/NNS ./.,,,476.66,479.08
sw07utt/sw_0704_2690.utt,2/sw2690,2690,193,sd,A,101,2,"You can put, {D you know, } - /","You/PRP can/MD put/VB ,/, you/PRP know/VBP ,/,",,,479.54,480.58000000000004
sw07utt/sw_0704_2690.utt,2/sw2690,2690,194,sd,A,101,3,"the only thing, this DANCE WITH WOLVES, I want to see it in a theater. /","the/DT only/JJ thing/NN ,/, this/DT DANCE/NN WITH/IN WOLVES/NNS ,/, I/PRP want/VBP to/TO see/VB it/PRP in/IN a/DT theater/NN ./.",,,480.8,483.68
sw07utt/sw_0704_2690.utt,2/sw2690,2690,195,aa,B,102,1,"{F Oh, } yes.  /","Oh/UH ,/, yes/UH ./.",,,484.28,484.88
sw07utt/sw_0704_2690.utt,2/sw2690,2690,196,aa,B,102,2,I do too. /,I/PRP do/VBP too/RB ./.,,,485.02,485.59999999999997
sw07utt/sw_0704_2690.utt,2/sw2690,2690,197,sd,A,103,1,"{C Because } I understand that, [ that your, + ]   you'll lose fifty percent of it if you don't. /","Because/IN I/PRP understand/VBP that/IN ,/, that/IN your/PRP$ ,/, you/PRP 'll/MD lose/VB fifty/CD percent/NN of/IN it/PRP if/IN you/PRP do/VBP n't/RB ./.",,,485.82,490.24
sw07utt/sw_0704_2690.utt,2/sw2690,2690,198,aa,B,104,1,Yeah.  /,Yeah/UH ./.,,,490.74,491.06
sw07utt/sw_0704_2690.utt,2/sw2690,2690,199,sd,B,104,2,"{C And } [ I, + {F uh, } I've ] been trying to get my wife to go with me to go see it.  /","And/CC I/PRP ,/, uh/UH ,/, I/PRP 've/VBP been/VBN trying/VBG to/TO get/VB my/PRP$ wife/NN to/TO go/VB with/IN me/PRP to/TO go/VB see/VB it/PRP ./.",,,491.3,494.42
sw07utt/sw_0704_2690.utt,2/sw2690,2690,200,sd,B,104,3,"[ She, + she ] doesn't like going to movie   theaters  because usually they're dirty, <laughter>  /","She/PRP ,/, she/PRP does/VBZ n't/RB like/VB going/VBG to/IN movie/NN theaters/NNS because/IN usually/RB they/PRP 're/VBP dirty/JJ ,/,",,,494.42,498.21999999999997
sw07utt/sw_0704_2690.utt,2/sw2690,2690,201,sd,B,104,4,"{C and, } {F uh, } {D you know, } she just doesn't like them.  /","and/CC ,/, uh/UH ,/, you/PRP know/VBP ,/, she/PRP just/RB does/VBZ n't/RB like/VB them/PRP ./.",,,499.42,501.82
sw07utt/sw_0704_2690.utt,2/sw2690,2690,202,sd,B,104,5,"{C And, } {F um, } she doesn't think that she  could sit still for three hours and watch  the movie.  /","And/CC ,/, um/UH ,/, she/PRP does/VBZ n't/RB think/VB that/IN she/PRP could/MD sit/VB still/RB for/IN three/CD hours/NNS and/CC watch/VB the/DT movie/NN ./.",,,502.3,507.3
sw07utt/sw_0704_2690.utt,2/sw2690,2690,203,sd,B,104,6,"{C And } I've told her, {D you know, } everybody I know that  has seen it has said that the three hours go really quick. /","And/CC I/PRP 've/VBP told/VBN her/PRP$ ,/, you/PRP know/VBP ,/, everybody/NN I/PRP know/VBP that/WDT has/VBZ seen/VBN it/PRP has/VBZ said/VBN that/IN the/DT three/CD hours/NNS go/VBP really/RB quick/RB ./.",,,507.3,511.66
sw07utt/sw_0704_2690.utt,2/sw2690,2690,204,aa,A,105,1,That's what I hear too. /,That/DT 's/BES what/WP I/PRP hear/VBP too/RB ./.,,,511.8,512.86
sw07utt/sw_0704_2690.utt,2/sw2690,2690,205,sd,B,106,1,"{C And, } {F uh, } {C so } [ I'm, + I'm ] hoping I can  get her talked into it soon. /","And/CC ,/, uh/UH ,/, so/RB I/PRP 'm/VBP ,/, I/PRP 'm/VBP hoping/VBG I/PRP can/MD get/VB her/PRP$ talked/VBN into/IN it/PRP soon/RB ./.",,,513.48,517.8
sw07utt/sw_0704_2690.utt,2/sw2690,2690,206,sd,A,107,1,"{D Well, } my husband smokes.  /","Well/UH ,/, my/PRP$ husband/NN smokes/VBZ ./.",,,517.94,520.0999999999999
sw07utt/sw_0704_2690.utt,2/sw2690,2690,207,sd,A,107,2,He's one of the dinosaurs  that still smokes. /,He/PRP 's/BES one/CD of/IN the/DT dinosaurs/NNS that/WDT still/RB smokes/VBZ ./.,,,520.3,522.2800000000001
sw07utt/sw_0704_2690.utt,2/sw2690,2690,208,b,B,108,1,{F Um. } /,Um/UH ./.,,,522.32,522.38
sw07utt/sw_0704_2690.utt,2/sw2690,2690,209,sd,A,109,1,{C And } you can't smoke in movie theaters.  /,And/CC you/PRP ca/MD n't/RB smoke/VB in/IN movie/NN theaters/NNS ./.,,,522.38,523.7800000000001
sw07utt/sw_0704_2690.utt,2/sw2690,2690,210,sd,A,109,2,{C And } that has really slowed down the forward progress of going to movies.  /,And/CC that/DT has/VBZ really/RB slowed/VBN down/RP the/DT forward/JJ progress/NN of/IN going/VBG to/IN movies/NNS ./.,,,524.36,527.52
sw07utt/sw_0704_2690.utt,2/sw2690,2690,211,sd,A,109,3,{C But } I haven't really  cared up until this point.   /,But/CC I/PRP have/VBP n't/RB really/RB cared/VBN up/IN until/IN this/DT point/NN ./.,,,527.9,530.22
sw07utt/sw_0704_2690.utt,2/sw2690,2690,212,%,A,109,4,"{C But } I, - /","But/CC I/PRP ,/,",,,530.22,530.4399999999999
sw07utt/sw_0704_2690.utt,2/sw2690,2690,213,sd,A,109,5,we are this weekend going to go see  DANCE WITH WOLVES.  /,we/PRP are/VBP this/DT weekend/NN going/VBG to/TO go/VB see/VB DANCE/NN WITH/IN WOLVES/NNS ./.,,,530.46,532.8000000000001
sw07utt/sw_0704_2690.utt,2/sw2690,2690,214,%,A,109,6,"It's, - /","It/PRP 's/BES ,/,",,,532.8,533.0
sw07utt/sw_0704_2690.utt,2/sw2690,2690,215,sd,A,109,7,that's it.  /,that/DT 's/BES it/PRP ./.,,,533.22,533.6999999999999
sw07utt/sw_0704_2690.utt,2/sw2690,2690,216,sd,A,109,8,We will do it. /,We/PRP will/MD do/VB it/PRP ./.,,,533.82,534.42
sw07utt/sw_0704_2690.utt,2/sw2690,2690,217,b,B,110,1,{F Um. } /,Um/UH ./.,,,534.94,535.0400000000001
sw07utt/sw_0704_2690.utt,2/sw2690,2690,218,%,A,111,1,"{C So, } -/","So/RB ,/,",,,535.54,535.66
sw07utt/sw_0704_2690.utt,2/sw2690,2690,219,ba,B,112,1,That's great. /,That/DT 's/BES great/JJ ./.,,,535.66,536.24
sw07utt/sw_0704_2690.utt,2/sw2690,2690,220,aa,A,113,1,"Yeah,  /","Yeah/UH ,/,",,,536.24,536.5
sw07utt/sw_0704_2690.utt,2/sw2690,2690,221,o,A,113,2,finally. /,finally/UH ./.,,,536.5,537.02
sw07utt/sw_0704_2690.utt,2/sw2690,2690,222,b,B,114,1,Yeah.  /,Yeah/UH ./.,,,537.66,537.76
sw07utt/sw_0704_2690.utt,2/sw2690,2690,223,sd,B,114,2,"{C But } [ as, + as ] far as, {F uh, }  regular T V  shows, {E I mean, } I've got [ some, + some ] shows [ [ that, + that,] + that ] I would be afraid  to admit to you that I've actually sat down and watched <laughter>. /","But/CC as/RB ,/, as/RB far/RB as/IN ,/, uh/UH ,/, regular/JJ T/NN V/NN shows/NNS ,/, I/PRP mean/VBP ,/, I/PRP 've/VBP got/VBN some/DT ,/, some/DT shows/NNS that/WDT ,/, that/WDT ,/, that/WDT I/PRP would/MD be/VB afraid/JJ to/TO admit/VB to/IN you/PRP that/IN I/PRP 've/VBP actually/RB sat/VBN down/RB and/CC watched/VBN ./.",,,537.76,546.9399999999999
sw07utt/sw_0704_2690.utt,2/sw2690,2690,224,x,A,115,1,<Laughter>.,,,,0.0,0.0
sw07utt/sw_0704_2690.utt,2/sw2690,2690,225,sd,B,116,1,"{C And then } [ there's, + there's ]  others that, {F uh, } {F uh, } I wish I had time to see.  /","And/CC then/RB there/EX 's/BES ,/, there/EX 's/BES others/NNS that/WDT ,/, uh/UH ,/, uh/UH ,/, I/PRP wish/VBP I/PRP had/VBD time/NN to/TO see/VB ./.",,,547.66,553.4200000000001
sw07utt/sw_0704_2690.utt,2/sw2690,2690,226,sd,B,116,2,It's like I enjoy watching CHEERS.  /,It/PRP 's/BES like/IN I/PRP enjoy/VBP watching/VBG CHEERS/NNP ./.,,,553.64,555.36
sw07utt/sw_0704_2690.utt,2/sw2690,2690,227,sv,B,116,3,It's very funny.  /,It/PRP 's/BES very/RB funny/JJ ./.,,,555.36,556.3399999999999
sw07utt/sw_0704_2690.utt,2/sw2690,2690,228,sv,B,116,4,"Some of  the things in it are mindless,  /","Some/DT of/IN the/DT things/NNS in/IN it/PRP are/VBP mindless/JJ ,/,",,,556.9,558.52
sw07utt/sw_0704_2690.utt,2/sw2690,2690,229,sd,B,116,5,"{C but } [ I, + I ] just don't have time to  watch it.  /","but/CC I/PRP ,/, I/PRP just/RB do/VBP n't/RB have/VB time/NN to/TO watch/VB it/PRP ./.",,,558.52,560.36
sw07utt/sw_0704_2690.utt,2/sw2690,2690,230,sd,B,116,6,"{F Um, } I think about the only night that I really sit in front of the T V set all  night long probably is on Monday night.  /","Um/UH ,/, I/PRP think/VBP about/RB the/DT only/JJ night/NN that/WDT I/PRP really/RB sit/VBP in/IN front/NN of/IN the/DT T/NN V/NN set/NN all/DT night/NN long/RB probably/RB is/VBZ on/IN Monday/NNP night/NN ./.",,,561.12,566.8199999999999
sw07utt/sw_0704_2690.utt,2/sw2690,2690,231,sd,B,116,7,"{C Because, }  {F um, } I work so hard over the weekend, doing other things with the kids and stuff and going to work on Monday.  /","Because/IN ,/, um/UH ,/, I/PRP work/VBP so/RB hard/JJ over/IN the/DT weekend/NN ,/, doing/VBG other/JJ things/NNS with/IN the/DT kids/NNS and/CC stuff/NN and/CC going/VBG to/TO work/NN on/IN Monday/NNP ./.",,,566.92,573.24
sw07utt/sw_0704_2690.utt,2/sw2690,2690,232,sd,B,116,8,Monday night I'm just worn out.  /,Monday/NNP night/NN I/PRP 'm/VBP just/RB worn/JJ out/RP ./.,,,573.46,574.76
sw07utt/sw_0704_2690.utt,2/sw2690,2690,233,sd,B,116,9,"{C So } I kind of use it as the time to  catch up on correspondence [ and, + and ] look over things.  /","So/RB I/PRP kind/RB of/RB use/VBP it/PRP as/IN the/DT time/NN to/TO catch/VB up/RP on/IN correspondence/NN and/CC ,/, and/CC look/VB over/IN things/NNS ./.",,,575.36,580.5
sw07utt/sw_0704_2690.utt,2/sw2690,2690,234,sd,B,116,10,"{C And } I can sit in  front of the T V set and look at, {D you know, } [ do, + ] go through my mail [ and, + and ] watch T V  at the same time. /","And/CC I/PRP can/MD sit/VB in/IN front/NN of/IN the/DT T/NN V/NN set/NN and/CC look/VB at/IN ,/, you/PRP know/VBP ,/, do/VBP ,/, go/VB through/IN my/PRP$ mail/NN and/CC ,/, and/CC watch/VB T/NN V/NN at/IN the/DT same/JJ time/NN ./.",,,580.5,586.68
sw07utt/sw_0704_2690.utt,2/sw2690,2690,235,sd,A,117,1,"{D Well, } I tend, - /","Well/UH ,/, I/PRP tend/VBP ,/,",,,587.24,588.5799999999999
sw07utt/sw_0704_2690.utt,2/sw2690,2690,236,"""",A,117,2,my job tends to be very demanding. /,my/PRP$ job/NN tends/VBZ to/TO be/VB very/RB demanding/JJ ./.,,,588.58,591.4000000000001
sw07utt/sw_0704_2690.utt,2/sw2690,2690,237,b,B,118,1,Uh-huh. /,Uh-huh/UH ./.,,,591.92,592.0799999999999
sw07utt/sw_0704_2690.utt,2/sw2690,2690,238,sd,A,119,1,"And to sit down and to mindlessly either read or just mindlessly stare in absolute comfort isn't as bad as it used to, -/","And/CC to/TO sit/VB down/RB and/CC to/TO mindlessly/RB either/DT read/NN or/CC just/RB mindlessly/RB stare/VB in/IN absolute/JJ comfort/NN is/VBZ n't/RB as/RB bad/JJ as/IN it/PRP used/VBD to/TO ,/,",,,592.34,600.4399999999999
