swda_filename,ptb_basename,conversation_no,transcript_index,act_tag,caller,utterance_index,subutterance_index,text,pos,trees,ptb_treenumbers,start_ts,end_ts
sw08utt/sw_0822_2776.utt,2/sw2776,2776,0,o,B,1,1,Okay. /,Okay/UH ./.,,,0.0,0.0
sw08utt/sw_0822_2776.utt,2/sw2776,2776,1,ba,A,2,1,Great.  /,Great/UH ./.,,,2.42,2.84
sw08utt/sw_0822_2776.utt,2/sw2776,2776,2,sd,A,2,2,"{F Um, } currently, I'm not doing a whole lot of exercise in any type of program. /","Um/UH ,/, currently/RB ,/, I/PRP 'm/VBP not/RB doing/VBG a/DT whole/JJ lot/NN of/IN exercise/NN in/IN any/DT type/NN of/IN program/NN ./.",,,3.28,8.52
sw08utt/sw_0822_2776.utt,2/sw2776,2776,3,b,B,3,1,Huh-uh. /,Huh-uh/UH ./.,,,8.67,9.05
sw08utt/sw_0822_2776.utt,2/sw2776,2776,4,sd,A,4,1,I'm mainly do a lot of walking.  /,I/PRP 'm/VBP mainly/RB do/VBP a/DT lot/NN of/IN walking/NN ./.,,,9.24,11.38
sw08utt/sw_0822_2776.utt,2/sw2776,2776,5,sd,A,4,2,I have a son that's a little bit overweight  /,I/PRP have/VBP a/DT son/NN that/WDT 's/BES a/DT little/JJ bit/NN overweight/JJ,,,11.66,14.25
sw08utt/sw_0822_2776.utt,2/sw2776,2776,6,sd,A,4,3,"{C and, } {F um, } the best thing we found to do with him is to walk around.  /","and/CC ,/, um/UH ,/, the/DT best/JJS thing/NN we/PRP found/VBD to/TO do/VB with/IN him/PRP is/VBZ to/TO walk/VB around/RB ./.",,,14.25,17.689999999999998
sw08utt/sw_0822_2776.utt,2/sw2776,2776,7,sd,A,4,4,{C So } my wife and I kind of take turns.  /,So/RB my/PRP$ wife/NN and/CC I/PRP kind/RB of/RB take/VBP turns/NNS ./.,,,17.69,19.09
sw08utt/sw_0822_2776.utt,2/sw2776,2776,8,sd,A,4,5,At one time I had a fairly regular exercise program.  /,At/IN one/CD time/NN I/PRP had/VBD a/DT fairly/RB regular/JJ exercise/NN program/NN ./.,,,21.11,24.450000000000003
sw08utt/sw_0822_2776.utt,2/sw2776,2776,9,sd,A,4,6,"{C But, } in the last couple of months I've changed to a new residence and everything has gotten kind of turned a little upside down.  /","But/CC ,/, in/IN the/DT last/JJ couple/NN of/IN months/NNS I/PRP 've/VBP changed/VBN to/IN a/DT new/JJ residence/NN and/CC everything/NN has/VBZ gotten/VBN kind/RB of/RB turned/VBN a/DT little/JJ upside/GW down/^JJ ./.",,,25.17,32.63
sw08utt/sw_0822_2776.utt,2/sw2776,2776,10,sd,A,4,7,"All this space that normally would be dedicated <laughter> towards the,","All/PDT this/DT space/NN that/WDT normally/RB would/MD be/VB dedicated/VBN towards/IN the/DT ,/,",,,32.63,36.17
sw08utt/sw_0822_2776.utt,2/sw2776,2776,11,b,B,5,1,Yeah. /,Yeah/UH ./.,,,36.1,36.28
sw08utt/sw_0822_2776.utt,2/sw2776,2776,12,+,A,6,1,"exercise area, is covered in boxes. /","exercise/NN area/NN ,/, is/VBZ covered/VBN in/IN boxes/NNS ./.",,,36.35,39.07
sw08utt/sw_0822_2776.utt,2/sw2776,2776,13,qw,B,7,1,"{F Um, } what did you do when you did exercise regularly? /","Um/UH ,/, what/WP did/VBD you/PRP do/VBP when/WRB you/PRP did/VBD exercise/NN regularly/RB ?/.",,,40.68,45.160000000000004
sw08utt/sw_0822_2776.utt,2/sw2776,2776,14,sd,A,8,1,"{D Well, } I had, {F uh, } a little routine that I did for warm ups. /","Well/UH ,/, I/PRP had/VBD ,/, uh/UH ,/, a/DT little/JJ routine/NN that/WDT I/PRP did/VBD for/IN warm/GW ups/^NNS ./.",,,46.25,50.730000000000004
sw08utt/sw_0822_2776.utt,2/sw2776,2776,15,b,B,9,1,Huh-uh. /,Huh-uh/UH ./.,,,50.9,51.16
sw08utt/sw_0822_2776.utt,2/sw2776,2776,16,sd,A,10,1,"{C And then } I did some very mild, {D say, } light weight lifting.  /","And/CC then/RB I/PRP did/VBD some/DT very/RB mild/JJ ,/, say/UH ,/, light/JJ weight/NN lifting/NN ./.",,,51.41,57.519999999999996
sw08utt/sw_0822_2776.utt,2/sw2776,2776,17,sd,A,10,2,"Nothing, - /","Nothing/NN ,/,",,,58.26,58.62
sw08utt/sw_0822_2776.utt,2/sw2776,2776,18,sd,A,10,3,"I'm not trying to make big bulging muscles,","I/PRP 'm/VBP not/RB trying/VBG to/TO make/VB big/JJ bulging/JJ muscles/NNS ,/,",,,58.72,60.64
sw08utt/sw_0822_2776.utt,2/sw2776,2776,19,b,B,11,1,Huh-uh. /,Huh-uh/UH ./.,,,60.58,60.68
sw08utt/sw_0822_2776.utt,2/sw2776,2776,20,+,A,12,1,just trying to try and stay as firm as I can stay in my old age <laughter>. /,just/RB trying/VBG to/TO try/VB and/CC stay/VB as/RB firm/NN as/IN I/PRP can/MD stay/VB in/IN my/PRP$ old/JJ age/NN ./.,,,60.74,64.36
sw08utt/sw_0822_2776.utt,2/sw2776,2776,21,b,B,13,1,Yeah  /,Yeah/UH,,,65.41,65.67
sw08utt/sw_0822_2776.utt,2/sw2776,2776,22,sd,B,13,2,"<laughter>.  {F Um, } right now, {F um, } I try when it's nice out,  /","./. Um/UH ,/, right/RB now/RB ,/, um/UH ,/, I/PRP try/VBP when/WRB it/PRP 's/BES nice/JJ out/IN ,/,",,,66.93,73.13
sw08utt/sw_0822_2776.utt,2/sw2776,2776,23,sd,B,13,3,"it's been raining a lot this spring,  /","it/PRP 's/HVS been/VBN raining/VBG a/DT lot/NN this/DT spring/NN ,/,",,,73.19,75.11
sw08utt/sw_0822_2776.utt,2/sw2776,2776,24,sd,B,13,4,"{C but } I try to, {F uh, } - /","but/CC I/PRP try/VBP to/TO ,/, uh/UH ,/,",,,75.11,76.67
sw08utt/sw_0822_2776.utt,2/sw2776,2776,25,sd,B,13,5,I have a bicycle  /,I/PRP have/VBP a/DT bicycle/NN,,,76.67,77.69
sw08utt/sw_0822_2776.utt,2/sw2776,2776,26,sd,B,13,6,{C and } I like to cycle a lot.  /,and/CC I/PRP like/VBP to/TO cycle/VB a/DT lot/NN ./.,,,77.69,79.53
sw08utt/sw_0822_2776.utt,2/sw2776,2776,27,sd,B,13,7,"{C And, } {F uh, } my husband and I, we have entered a few rallies, that's pretty popular in Texas,  /","And/CC ,/, uh/UH ,/, my/PRP$ husband/NN and/CC I/PRP ,/, we/PRP have/VBP entered/VBN a/DT few/JJ rallies/NNS ,/, that/DT 's/BES pretty/RB popular/JJ in/IN Texas/NNP ,/,",,,80.35,85.97
sw08utt/sw_0822_2776.utt,2/sw2776,2776,28,sd,B,13,8,"I don't know,","I/PRP do/VBP n't/RB know/VB ,/,",,,85.97,86.37
sw08utt/sw_0822_2776.utt,2/sw2776,2776,29,b,A,14,1,Huh-uh. /,Huh-uh/UH ./.,,,86.64,86.76
sw08utt/sw_0822_2776.utt,2/sw2776,2776,30,+,B,15,1,"if it's up north,  /","if/IN it/PRP 's/BES up/IN north/RB ,/,",,,86.69,87.53
sw08utt/sw_0822_2776.utt,2/sw2776,2776,31,sd,B,15,2,{C but } every weekend a small town will sponsor a rally  /,but/CC every/DT weekend/NN a/DT small/JJ town/NN will/MD sponsor/VB a/DT rally/NN,,,87.53,91.49000000000001
sw08utt/sw_0822_2776.utt,2/sw2776,2776,32,sd,B,15,3,"{C and } thousands of people come with their bikes and ride over hilly terrain for thirty or forty miles, which that's a lot of fun. /","and/CC thousands/NNS of/IN people/NNS come/VBP with/IN their/PRP$ bikes/NNS and/CC ride/VBP over/RB hilly/JJ terrain/NN for/IN thirty/CD or/CC forty/CD miles/NNS ,/, which/WDT that/DT 's/BES a/DT lot/NN of/IN fun/NN ./.",,,91.83,101.79
sw08utt/sw_0822_2776.utt,2/sw2776,2776,33,b,A,16,1,Huh-uh. /,Huh-uh/UH ./.,,,101.86,102.04
sw08utt/sw_0822_2776.utt,2/sw2776,2776,34,sd,B,17,1,"{F Um, } {C so } we try to ride during the week to try and stay in shape for that.  /","Um/UH ,/, so/RB we/PRP try/VBP to/TO ride/VB during/IN the/DT week/NN to/TO try/VB and/CC stay/VB in/IN shape/NN for/IN that/DT ./.",,,101.97,105.63
sw08utt/sw_0822_2776.utt,2/sw2776,2776,35,sd,B,17,2,"{C And, } {F um, } T I, where I work has, {F uh, } a fitness center  /","And/CC ,/, um/UH ,/, T/NNP I/NNP ,/, where/WRB I/PRP work/VBP has/VBZ ,/, uh/UH ,/, a/DT fitness/NN center/NN",,,106.33,111.30999999999999
sw08utt/sw_0822_2776.utt,2/sw2776,2776,36,sd,B,17,3,"{C so } a lot of time after work or maybe on the weekends, we'd go over there and lift weights and do the tread mill,  /","so/RB a/DT lot/NN of/IN time/NN after/IN work/NN or/CC maybe/RB on/IN the/DT weekends/NNS ,/, we/PRP 'd/MD go/VB over/IN there/RB and/CC lift/VB weights/NNS and/CC do/VBP the/DT tread/NN mill/NN ,/,",,,111.35,119.49
sw08utt/sw_0822_2776.utt,2/sw2776,2776,37,sd,B,17,4,"{C and, } {F um, } they have stair masters and all kinds of new machine, that are fun to ride and workout on.  /","and/CC ,/, um/UH ,/, they/PRP have/VBP stair/NNP masters/NNPS and/CC all/DT kinds/NNS of/IN new/JJ machine/NN ,/, that/WDT are/VBP fun/JJ to/TO ride/VB and/CC workout/VB on/RB ./.",,,119.51,129.33
sw08utt/sw_0822_2776.utt,2/sw2776,2776,38,sd,B,17,5,"{C So } I try to, - /","So/RB I/PRP try/VBP to/TO ,/,",,,129.41,131.60999999999999
sw08utt/sw_0822_2776.utt,2/sw2776,2776,39,sd,B,17,6,I'm trying to stay in shape on a regular basis.  /,I/PRP 'm/VBP trying/VBG to/TO stay/VB in/IN shape/NN on/IN a/DT regular/JJ basis/NN ./.,,,132.07,134.47
sw08utt/sw_0822_2776.utt,2/sw2776,2776,40,sd,B,17,7,"I used to, {F uh, } get into it and get out of it based on my schedule,  /","I/PRP used/VBD to/TO ,/, uh/UH ,/, get/VB into/IN it/PRP and/CC get/VB out/RP of/IN it/PRP based/VBD on/IN my/PRP$ schedule/NN ,/,",,,134.79,139.09
sw08utt/sw_0822_2776.utt,2/sw2776,2776,41,sd,B,17,8,"{C so } I'm trying to stay in shape on a regular basis now,  /","so/RB I/PRP 'm/VBP trying/VBG to/TO stay/VB in/IN shape/NN on/IN a/DT regular/JJ basis/NN now/RB ,/,",,,139.11,143.09
sw08utt/sw_0822_2776.utt,2/sw2776,2776,42,sv,B,17,9,{C but } it's a big commitment.  /,but/CC it/PRP 's/BES a/DT big/JJ commitment/NN ./.,,,144.19,146.11
sw08utt/sw_0822_2776.utt,2/sw2776,2776,43,sd,B,17,10,We don't have any kids yet  /,We/PRP do/VBP n't/RB have/VB any/DT kids/NNS yet/RB,,,146.47,147.41
sw08utt/sw_0822_2776.utt,2/sw2776,2776,44,sd,B,17,11,"{C so, } that's a [ lot of, +  part ] of it. /","so/RB ,/, that/DT 's/BES a/DT lot/NN of/IN ,/, part/NN of/IN it/PRP ./.",,,147.41,149.17
sw08utt/sw_0822_2776.utt,2/sw2776,2776,45,b,A,18,1,Yeah.  /,Yeah/UH ./.,,,150.36,150.58
sw08utt/sw_0822_2776.utt,2/sw2776,2776,46,sv,A,18,2,That's a plus.  /,That/DT 's/BES a/DT plus/CC ./.,,,150.58,152.04
sw08utt/sw_0822_2776.utt,2/sw2776,2776,47,sd,A,18,3,"{F Oh, } I have a total of five children.  /","Oh/UH ,/, I/PRP have/VBP a/DT total/NN of/IN five/CD children/NNS ./.",,,152.8,155.12
sw08utt/sw_0822_2776.utt,2/sw2776,2776,48,sd,A,18,4,I have three left living at home. /,I/PRP have/VBP three/CD left/VBN living/VBG at/IN home/NN ./.,,,155.12,156.35999999999999
sw08utt/sw_0822_2776.utt,2/sw2776,2776,49,b,B,19,1,Huh-uh. /,Huh-uh/UH ./.,,,156.68,157.02
sw08utt/sw_0822_2776.utt,2/sw2776,2776,50,sd,A,20,1,"{C And } they do take up a big part of [ my, + {F uh, } my ] evening and weekend. /","And/CC they/PRP do/VBP take/VB up/RP a/DT big/JJ part/NN of/IN my/PRP$ ,/, uh/UH ,/, my/PRP$ evening/NN and/CC weekend/NN ./.",,,157.5,161.42
sw08utt/sw_0822_2776.utt,2/sw2776,2776,51,b,B,21,1,Yeah. /,Yeah/UH ./.,,,161.82,162.01999999999998
sw08utt/sw_0822_2776.utt,2/sw2776,2776,52,sv,A,22,1,"{C And } it's tough being a parent and doing all the things that you should do for yourself, too. /","And/CC it/PRP 's/BES tough/JJ being/VBG a/DT parent/NN and/CC doing/VBG all/PDT the/DT things/NNS that/WDT you/PRP should/MD do/VB for/IN yourself/PRP ,/, too/RB ./.",,,162.1,167.1
sw08utt/sw_0822_2776.utt,2/sw2776,2776,53,b,B,23,1,Yeah. /,Yeah/UH ./.,,,167.48,167.82
sw08utt/sw_0822_2776.utt,2/sw2776,2776,54,sv,A,24,1,It's something they don't tell you about when you're growing up.  /,It/PRP 's/BES something/NN they/PRP do/VBP n't/RB tell/VB you/PRP about/IN when/WRB you/PRP 're/VBP growing/VBG up/RP ./.,,,168.58,170.88
sw08utt/sw_0822_2776.utt,2/sw2776,2776,55,aa,A,24,2,"((  Yes, ))  /","Yes/UH ,/,",,,172.04,172.35999999999999
sw08utt/sw_0822_2776.utt,2/sw2776,2776,56,sv,A,24,3,when you become a parent most of your life is going to be dedicated to your children. /,when/WRB you/PRP become/VBP a/DT parent/NN most/RBS of/IN your/PRP$ life/NN is/VBZ going/VBG to/TO be/VB dedicated/VBN to/IN your/PRP$ children/NNS ./.,,,172.36,175.6
sw08utt/sw_0822_2776.utt,2/sw2776,2776,57,b,B,25,1,Huh-uh <laughter>. /,Huh-uh/UH ./.,,,175.52,176.04000000000002
sw08utt/sw_0822_2776.utt,2/sw2776,2776,58,x,A,26,1,<Laughter>.,,,,0.0,0.0
sw08utt/sw_0822_2776.utt,2/sw2776,2776,59,sd,B,27,1,"That's why, [ they, {F uh, } really stress, + at T I, they really stress, ] staying in shape, {D like } stay in [ fit, + ] overall fitness, {D you know, } no smoking and all that.  /","That/DT 's/BES why/WRB ,/, they/PRP ,/, uh/UH ,/, really/RB stress/VBP ,/, at/IN T/NNP I/NNP ,/, they/PRP really/RB stress/VBP ,/, staying/VBG in/IN shape/NN ,/, like/UH stay/VB in/IN fit/JJ ,/, overall/JJ fitness/NN ,/, you/PRP know/VBP ,/, no/DT smoking/NN and/CC all/PDT that/DT ./.",,,176.04,187.77
sw08utt/sw_0822_2776.utt,2/sw2776,2776,60,sd,B,27,2,"{C But } it's hard to find, {F uh, } an actual exercise regimen that work, for you, {D you know, } because {D like } I know a lot of people that cycle, they take their kids behind them on the bikes  /","But/CC it/PRP 's/BES hard/JJ to/TO find/VB ,/, uh/UH ,/, an/DT actual/JJ exercise/NN regimen/NN that/WDT work/VB ,/, for/IN you/PRP ,/, you/PRP know/VBP ,/, because/IN like/UH I/PRP know/VBP a/DT lot/NN of/IN people/NNS that/WDT cycle/VBP ,/, they/PRP take/VBP their/PRP$ kids/NNS behind/IN them/PRP on/IN the/DT bikes/NNS",,,187.77,199.03
sw08utt/sw_0822_2776.utt,2/sw2776,2776,61,sd,B,27,3,{C and } I don't know if that would work for me because I don't know I wouldn't want to pull a kid over hilly terrain.  /,and/CC I/PRP do/VBP n't/RB know/VB if/IN that/DT would/MD work/VB for/IN me/PRP because/IN I/PRP do/VBP n't/RB know/VB I/PRP would/MD n't/RB want/VB to/TO pull/VB a/DT kid/NN over/IN hilly/JJ terrain/NN ./.,,,199.03,205.59
sw08utt/sw_0822_2776.utt,2/sw2776,2776,62,sv,B,27,4,"{C But } it's really hard to find something that works, and, {D you know, } to find time to do it and  stay committed to it {D like } three days a week or whatever.  /","But/CC it/PRP 's/BES really/RB hard/JJ to/TO find/VB something/NN that/WDT works/VBZ ,/, and/CC ,/, you/PRP know/VBP ,/, to/TO find/VB time/NN to/TO do/VB it/PRP and/CC stay/VB committed/JJ to/IN it/PRP like/UH three/CD days/NNS a/DT week/NN or/CC whatever/WDT ./.",,,205.59,215.53
sw08utt/sw_0822_2776.utt,2/sw2776,2776,63,sv,B,27,5,I think maybe walking or running would probably work because it doesn't take much time and  much money or whatever. /,I/PRP think/VBP maybe/RB walking/NN or/CC running/NN would/MD probably/RB work/VB because/IN it/PRP does/VBZ n't/RB take/VB much/JJ time/NN and/CC much/JJ money/NN or/CC whatever/WDT ./.,,,215.53,222.81
sw08utt/sw_0822_2776.utt,2/sw2776,2776,64,b,A,28,1,Yeah. /,Yeah/UH ./.,,,223.18,223.4
sw08utt/sw_0822_2776.utt,2/sw2776,2776,65,b,B,29,1,Yeah. /,Yeah/UH ./.,,,225.05,225.41000000000003
sw08utt/sw_0822_2776.utt,2/sw2776,2776,66,sv,A,30,1,"You have to, - /","You/PRP have/VBP to/TO ,/,",,,226.02,226.56
sw08utt/sw_0822_2776.utt,2/sw2776,2776,67,sv,A,30,2,what I found from my experience is you have to budget time for yourself. /,what/WP I/PRP found/VBD from/IN my/PRP$ experience/NN is/VBZ you/PRP have/VBP to/TO budget/VB time/NN for/IN yourself/PRP ./.,,,226.56,231.42000000000002
sw08utt/sw_0822_2776.utt,2/sw2776,2776,68,b,B,31,1,Huh-uh. /,Huh-uh/UH ./.,,,231.57,231.95
sw08utt/sw_0822_2776.utt,2/sw2776,2776,69,sv,A,32,1,"{C And } you can use what ever rationale you want,  /","And/CC you/PRP can/MD use/VB what/WP ever/RB rationale/NN you/PRP want/VBP ,/,",,,232.4,236.53
sw08utt/sw_0822_2776.utt,2/sw2776,2776,70,sv,A,32,2,"{C but } basically, the healthier you stay, the longer you'll live. /","but/CC basically/RB ,/, the/DT healthier/JJR you/PRP stay/VBP ,/, the/DT longer/RB you/PRP 'll/MD live/VB ./.",,,236.53,239.19
sw08utt/sw_0822_2776.utt,2/sw2776,2776,71,aa,B,33,1,Right. /,Right/UH ./.,,,239.62,239.9
sw08utt/sw_0822_2776.utt,2/sw2776,2776,72,sv,A,34,1,"{C And, } {F uh, } {D you know, } if I spend a little bit of time each day or a little bit of time every other day doing something for me to make me live longer, {D well, } then I'll around a lot longer, /","And/CC ,/, uh/UH ,/, you/PRP know/VBP ,/, if/IN I/PRP spend/VBP a/DT little/JJ bit/NN of/IN time/NN each/DT day/NN or/CC a/DT little/JJ bit/NN of/IN time/NN every/DT other/JJ day/NN doing/VBG something/NN for/IN me/PRP to/TO make/VB me/PRP live/VB longer/RBR ,/, well/UH ,/, then/RB I/PRP 'll/MD around/IN a/DT lot/NN longer/RBR ,/,",,,239.99,249.45
sw08utt/sw_0822_2776.utt,2/sw2776,2776,73,x,B,35,1,<Laughter>,,,,0.0,0.0
sw08utt/sw_0822_2776.utt,2/sw2776,2776,74,sv,A,36,1,"{C And } those people that I'm taking the ten minutes or twenty minutes away from now, {D well, } {D you know, } get the enjoyment of me, years past where I would have been if I wouldn't have taken it. /","And/CC those/DT people/NNS that/WDT I/PRP 'm/VBP taking/VBG the/DT ten/CD minutes/NNS or/CC twenty/CD minutes/NNS away/RB from/IN now/RB ,/, well/UH ,/, you/PRP know/VBP ,/, get/VB the/DT enjoyment/NN of/IN me/PRP ,/, years/NNS past/JJ where/WRB I/PRP would/MD have/VB been/VBN if/IN I/PRP would/MD n't/RB have/VB taken/VBN it/PRP ./.",,,249.45,258.81
sw08utt/sw_0822_2776.utt,2/sw2776,2776,75,b,B,37,1,Huh-uh. /,Huh-uh/UH ./.,,,258.71,258.95
sw08utt/sw_0822_2776.utt,2/sw2776,2776,76,sv,A,38,1,"If you kind of think of it as a rationale like that, it works out fine. /","If/IN you/PRP kind/RB of/RB think/VBP of/IN it/PRP as/IN a/DT rationale/NN like/IN that/DT ,/, it/PRP works/VBZ out/RP fine/JJ ./.",,,259.23,262.0
sw08utt/sw_0822_2776.utt,2/sw2776,2776,77,b,B,39,1,Yeah.  /,Yeah/UH ./.,,,263.33,263.51
sw08utt/sw_0822_2776.utt,2/sw2776,2776,78,sd,B,39,2,"{F Um, } I've been learning a lot lately about, {F um, } - /","Um/UH ,/, I/PRP 've/VBP been/VBN learning/VBG a/DT lot/NN lately/RB about/IN ,/, um/UH ,/,",,,263.51,267.34999999999997
sw08utt/sw_0822_2776.utt,2/sw2776,2776,79,sd,B,39,3,"I've been reading a book by Kenneth Cooper,  /","I/PRP 've/VBP been/VBN reading/VBG a/DT book/NN by/IN Kenneth/NNP Cooper/NNP ,/,",,,267.35,269.63
sw08utt/sw_0822_2776.utt,2/sw2776,2776,80,qy^d,B,39,4,I don't know if you're familiar with him -- /,I/PRP do/VBP n't/RB know/VB if/IN you/PRP 're/VBP familiar/JJ with/IN him/PRP --/:,,,269.63,272.85
sw08utt/sw_0822_2776.utt,2/sw2776,2776,81,b,A,40,1,Huh-uh. /,Huh-uh/UH ./.,,,272.94,273.21999999999997
sw08utt/sw_0822_2776.utt,2/sw2776,2776,82,sd,B,41,1,-- he was the pioneer of aerobics and all of health {D really. }  /,--/: he/PRP was/VBD the/DT pioneer/NN of/IN aerobics/NN and/CC all/DT of/IN health/NN really/UH ./.,,,273.13,277.40999999999997
sw08utt/sw_0822_2776.utt,2/sw2776,2776,83,sd,B,41,2,"[ [ He's, + he's, kind of, ] + he's ] pretty much the innovator of the whole exercise thing.  /","He/PRP 's/BES ,/, he/PRP 's/BES ,/, kind/RB of/RB ,/, he/PRP 's/BES pretty/RB much/JJ the/DT innovator/NN of/IN the/DT whole/JJ exercise/NN thing/NN ./.",,,277.41,286.61
sw08utt/sw_0822_2776.utt,2/sw2776,2776,84,sd*,B,41,3,"{F Um, } he was talking about the three things [ you could, + ] that cause aging smoking are inactivity,  / *[[ mistranscribed? listen]]","Um/UH ,/, he/PRP was/VBD talking/VBG about/IN the/DT three/CD things/NNS you/PRP could/MD ,/, that/WDT cause/VBP aging/NN smoking/NN are/VBP inactivity/NN ,/,",,,286.61,295.41
sw08utt/sw_0822_2776.utt,2/sw2776,2776,85,sd,B,41,4,"{C and } what was the other one, I think was,  {D yeah, }  obesity.  /","and/CC what/WP was/VBD the/DT other/JJ one/CD ,/, I/PRP think/VBP was/VBD ,/, yeah/UH ,/, obesity/NN ./.",,,295.41,300.67
sw08utt/sw_0822_2776.utt,2/sw2776,2776,86,sd,B,41,5,"If you can control those three areas, then are you going to live longer, {D you know, } cause those are risk factors,  /","If/IN you/PRP can/MD control/VB those/DT three/CD areas/NNS ,/, then/RB are/VBP you/PRP going/VBG to/TO live/VB longer/RB ,/, you/PRP know/VBP ,/, cause/IN those/DT are/VBP risk/NN factors/NNS ,/,",,,300.83,309.59
sw08utt/sw_0822_2776.utt,2/sw2776,2776,87,sd,B,41,6,"{D so } {D anyway, }","so/RB anyway/UH ,/,",,,309.59,311.15000000000003
sw08utt/sw_0822_2776.utt,2/sw2776,2776,88,b,A,42,1,Yeah. /,Yeah/UH ./.,,,311.52,311.79999999999995
sw08utt/sw_0822_2776.utt,2/sw2776,2776,89,+,B,43,1,it's kind of a tip. /,it/PRP 's/BES kind/RB of/RB a/DT tip/NN ./.,,,311.77,313.47
sw08utt/sw_0822_2776.utt,2/sw2776,2776,90,sd,A,44,1,"{F Oh, } I've done a lot of study over the years  /","Oh/UH ,/, I/PRP 've/VBP done/VBN a/DT lot/NN of/IN study/NN over/IN the/DT years/NNS",,,314.18,316.91999999999996
sw08utt/sw_0822_2776.utt,2/sw2776,2776,91,sd,A,44,2,{C and } I found that probably one of the worst things that anybody can ingest is chlorinated water. /,and/CC I/PRP found/VBD that/IN probably/RB one/CD of/IN the/DT worst/JJS things/NNS that/WDT anybody/NN can/MD ingest/VB is/VBZ chlorinated/VBN water/NN ./.,,,316.92,323.44
sw08utt/sw_0822_2776.utt,2/sw2776,2776,92,b,B,45,1,Really <laughter>. /,Really/UH ./.,,,324.12,324.52
sw08utt/sw_0822_2776.utt,2/sw2776,2776,93,b,A,46,1,Yeah.  /,Yeah/UH ./.,,,326.36,326.72
sw08utt/sw_0822_2776.utt,2/sw2776,2776,94,sd,A,46,2,"{F Um, } the research that I've done - /","Um/UH ,/, the/DT research/NN that/WDT I/PRP 've/VBP done/VBN",,,326.72,328.04
sw08utt/sw_0822_2776.utt,2/sw2776,2776,95,sd,A,46,3,{C and } I've actually been in the drinking watering business since eighty-three. /,and/CC I/PRP 've/VBP actually/UH been/VBN in/IN the/DT drinking/NN watering/VBG business/NN since/IN eighty-three/CD ./.,,,328.44,332.44
sw08utt/sw_0822_2776.utt,2/sw2776,2776,96,b,B,47,1,Huh-uh. /,Huh-uh/UH ./.,,,333.14,333.52
sw08utt/sw_0822_2776.utt,2/sw2776,2776,97,sd,A,48,1,"{C And, } it's amazing, that, {F uh, } {D you know, } prior to {D like } nineteen-twenty there were very few heart attacks. /","And/CC ,/, it/PRP 's/BES amazing/JJ ,/, that/IN ,/, uh/UH ,/, you/PRP know/VBP ,/, prior/IN to/IN like/UH nineteen-twenty/CD there/EX were/VBD very/RB few/JJ heart/NN attacks/NNS ./.",,,335.16,341.68
sw08utt/sw_0822_2776.utt,2/sw2776,2776,98,b,B,49,1,Huh-uh. /,Huh-uh/UH ./.,,,341.84,341.96
sw08utt/sw_0822_2776.utt,2/sw2776,2776,99,sd,A,50,1,There were none prior to nineteen-hundred.  /,There/EX were/VBD none/NN prior/IN to/IN nineteen-hundred/CD ./.,,,342.2,343.86
sw08utt/sw_0822_2776.utt,2/sw2776,2776,100,sd,A,50,2,"{D Well, } in nineteen-three they started experimenting with chlorinating the water.   In nineteen-thirteen most of the major cities,  /","Well/UH ,/, in/IN nineteen-three/CD they/PRP started/VBD experimenting/VBG with/IN chlorinating/VBG the/DT water/NN ./. In/IN nineteen-thirteen/CD most/RBS of/IN the/DT major/JJ cities/NNS ,/,",,,343.94,349.84
sw08utt/sw_0822_2776.utt,2/sw2776,2776,101,sd,A,50,3,"{C and } after that [ we, +","and/CC after/IN that/DT we/PRP ,/,",,,350.06,352.58
sw08utt/sw_0822_2776.utt,2/sw2776,2776,102,x,B,51,1,((   )) .,MUMBLEx/XX ./.,,,0.0,0.0
sw08utt/sw_0822_2776.utt,2/sw2776,2776,103,+,A,52,1,we ] started having the hearts attacks  /,we/PRP started/VBD having/VBG the/DT hearts/NNS attacks/NNS,,,352.58,354.42
sw08utt/sw_0822_2776.utt,2/sw2776,2776,104,sd,A,52,2,"{C and, } {F uh, } Dr. Price wrote a book CORONARY, CHOLESTEROL, AND CHLORINE.  /","and/CC ,/, uh/UH ,/, Dr/NNP ./. Price/NNP wrote/VBD a/DT book/NN CORONARY/NN ,/, CHOLESTEROL/NN ,/, AND/CC CHLORINE/NN ./.",,,355.93,359.28999999999996
sw08utt/sw_0822_2776.utt,2/sw2776,2776,105,sd,A,52,3,You can usually find it in a health food store. /,You/PRP can/MD usually/RB find/VB it/PRP in/IN a/DT health/NN food/NN store/NN ./.,,,359.57,361.30999999999995
sw08utt/sw_0822_2776.utt,2/sw2776,2776,106,b,B,53,1,Huh-uh. /,Huh-uh/UH ./.,,,361.83,361.96999999999997
sw08utt/sw_0822_2776.utt,2/sw2776,2776,107,sd,A,54,1,"I know they had it in health food stores in Plano,  /","I/PRP know/VBP they/PRP had/VBD it/PRP in/IN health/NN food/NN stores/NNS in/IN Plano/NNP ,/,",,,362.07,363.71
sw08utt/sw_0822_2776.utt,2/sw2776,2776,108,sd,A,54,2,I used live in Plano. /,I/PRP used/VBD live/VB in/IN Plano/NNP ./.,,,363.71,364.61
sw08utt/sw_0822_2776.utt,2/sw2776,2776,109,br,B,55,1,Dr. Price? /,Dr/NNP ./. Price/NNP ?/.,,,364.71,365.51
sw08utt/sw_0822_2776.utt,2/sw2776,2776,110,sd^r,A,56,1,"{F Uh, } Dr. Price,  /","Uh/UH ,/, Dr/NNP ./. Price/NNP ,/,",,,366.27,367.25
sw08utt/sw_0822_2776.utt,2/sw2776,2776,111,%,A,56,2,yeah.  /,yeah/UH ./.,,,367.33,367.53
sw08utt/sw_0822_2776.utt,2/sw2776,2776,112,sd,A,56,3,"{C And } it's amazing,  /","And/CC it/PRP 's/BES amazing/JJ ,/,",,,368.49,370.35
sw08utt/sw_0822_2776.utt,2/sw2776,2776,113,sd,A,56,4,"he makes the, - /","he/PRP makes/VBZ the/DT ,/,",,,371.03,371.72999999999996
sw08utt/sw_0822_2776.utt,2/sw2776,2776,114,sd,A,56,5,"{D you know, } it's a very small book  /","you/PRP know/VBP ,/, it/PRP 's/BES a/DT very/RB small/JJ book/NN",,,371.85,373.39
sw08utt/sw_0822_2776.utt,2/sw2776,2776,115,sd,A,56,6,"{C and } the guys very opinionated,  /","and/CC the/DT guys/NNS  very/RB opinionated/JJ ,/,",,,373.39,374.66999999999996
sw08utt/sw_0822_2776.utt,2/sw2776,2776,116,sd,A,56,7,"{F um, } {C but } he makes a very good case against chlorine.  /","um/UH ,/, but/CC he/PRP makes/VBZ a/DT very/RB good/JJ case/NN against/IN chlorine/NN ./.",,,375.41,377.98999999999995
sw08utt/sw_0822_2776.utt,2/sw2776,2776,117,sd,A,56,8,There were no heart attacks before we started using it  /,There/EX were/VBD no/DT heart/NN attacks/NNS before/IN we/PRP started/VBD using/VBG it/PRP,,,378.23,380.39000000000004
sw08utt/sw_0822_2776.utt,2/sw2776,2776,118,sd,A,56,9,"{C and } he points out that people in, {F uh, } England - /","and/CC he/PRP points/VBZ out/RP that/IN people/NNS in/IN ,/, uh/UH ,/, England/NNP",,,380.39,383.43
sw08utt/sw_0822_2776.utt,2/sw2776,2776,119,sd,A,56,10,"[ {C and, } + {F uh, } {C or } ] even diets that quadrupled the amount of cholesterol that we're ingesting now, /","and/CC ,/, uh/UH ,/, or/CC even/JJ diets/NNS that/WDT quadrupled/VBD the/DT amount/NN of/IN cholesterol/NN that/WDT we/PRP 're/VBP ingesting/VBG now/RB ,/,",,,383.43,390.22999999999996
sw08utt/sw_0822_2776.utt,2/sw2776,2776,120,b@,B,57,1,Huh-uh.,Huh-uh/UH ./.,,,390.12,390.3
sw08utt/sw_0822_2776.utt,2/sw2776,2776,121,sd,A,58,1,{C and } they weren't dropping dead of heart attacks. /,and/CC they/PRP were/VBD n't/RB dropping/VBG dead/NN of/IN heart/NN attacks/NNS ./.,,,390.89,392.77000000000004
sw08utt/sw_0822_2776.utt,2/sw2776,2776,122,+@,B,59,1,That's really interesting. /,That/DT 's/BES really/RB interesting/JJ ./.,,,393.26,394.38
sw08utt/sw_0822_2776.utt,2/sw2776,2776,123,b,A,60,1,Yeah.  /,Yeah/UH ./.,,,394.85,394.99
sw08utt/sw_0822_2776.utt,2/sw2776,2776,124,sd,A,60,2,He did some experiments on chickens whose arteries are very similar to ours.,He/PRP did/VBD some/DT experiments/NNS on/IN chickens/NNS whose/WP$ arteries/NNS are/VBP very/RB similar/JJ to/IN ours/PRP ./.,,,394.99,398.53000000000003
sw08utt/sw_0822_2776.utt,2/sw2776,2776,125,b,B,61,1,Huh-uh. /,Huh-uh/UH ./.,,,398.84,398.96
sw08utt/sw_0822_2776.utt,2/sw2776,2776,126,+,A,62,1,"And, {F uh, } proved that ingestion of chlorine causes arteriosclerosis, which is the,","And/CC ,/, uh/UH ,/, proved/VBD that/DT ingestion/NN of/IN chlorine/NN causes/VBZ arteriosclerosis/NN ,/, which/WDT is/VBZ the/DT ,/,",,,399.1,403.34000000000003
sw08utt/sw_0822_2776.utt,2/sw2776,2776,127,b,B,63,1,Yeah. /,Yeah/UH ./.,,,403.24,403.34000000000003
sw08utt/sw_0822_2776.utt,2/sw2776,2776,128,+,A,64,1,clogging of the arteries.  /,clogging/VBG of/IN the/DT arteries/NNS ./.,,,403.58,404.62
sw08utt/sw_0822_2776.utt,2/sw2776,2776,129,%,A,64,2,"{C And, } {F uh, } {D you know, } he's, - /","And/CC ,/, uh/UH ,/, you/PRP know/VBP ,/, he/PRP 's/BES ,/,",,,405.3,407.38
sw08utt/sw_0822_2776.utt,2/sw2776,2776,130,sd,A,64,3,there's been a lot of reports since then.  /,there/EX 's/HVS been/VBN a/DT lot/NN of/IN reports/NNS since/IN then/RB ./.,,,407.76,409.34000000000003
sw08utt/sw_0822_2776.utt,2/sw2776,2776,131,sd,A,64,4,"This whole thing about, - /","This/DT whole/JJ thing/NN about/IN ,/,",,,409.5,410.58
sw08utt/sw_0822_2776.utt,2/sw2776,2776,132,sd,A,64,5,"first it was stress, then it went to cholesterol,  /","first/JJ it/PRP was/VBD stress/NN ,/, then/RB it/PRP went/VBD to/IN cholesterol/NN ,/,",,,410.88,413.18
sw08utt/sw_0822_2776.utt,2/sw2776,2776,133,sd,A,64,6,"{C and } now they're saying what's cholesterol,  /","and/CC now/RB they/PRP 're/VBP saying/VBG what/WP 's/BES cholesterol/NN ,/,",,,413.18,414.48
sw08utt/sw_0822_2776.utt,2/sw2776,2776,134,sd,A,64,7,{D well } there's good cholesterol and there's bad cholesterol. /,well/UH there/EX 's/BES good/JJ cholesterol/NN and/CC there/EX 's/BES bad/JJ cholesterol/NN ./.,,,414.48,416.5
sw08utt/sw_0822_2776.utt,2/sw2776,2776,135,b,B,65,1,Huh-uh. /,Huh-uh/UH ./.,,,417.54,417.86
sw08utt/sw_0822_2776.utt,2/sw2776,2776,136,sd,A,66,1,"{D You know, } it's amazing what he points out in that book  /","You/PRP know/VBP ,/, it/PRP 's/BES amazing/JJ what/WP he/PRP points/VBZ out/RP in/IN that/DT book/NN",,,417.96,421.5
sw08utt/sw_0822_2776.utt,2/sw2776,2776,137,sd,A,66,2,"{C and, } in fact, [ he, + ]   everyone there was a toxicologist for the Environmental Protection Agency, who did work back in nineteen eighty-six, who wrote a letter to Dr. Price in nineteen eighty-seven.  {C And } in this letter he praised Dr. Price for the work he did back in the sixties on this and said that E P A had been doing experiments on nonhuman primates and proving that ingestion of chlorine causes arteriosclerosis.  /","and/CC ,/, in/IN fact/NN ,/, he/PRP ,/, everyone/NN there/RB was/VBD a/DT toxicologist/NN for/IN the/DT Environmental/NNP Protection/NNP Agency/NNP ,/, who/WP did/VBD work/VB back/RB in/IN nineteen/CD eighty-six/CD ,/, who/WP wrote/VBD a/DT letter/NN to/IN Dr/NNP ./. Price/NNP in/IN nineteen/CD eighty-seven/CD ./. And/CC in/IN this/DT letter/NN he/PRP praised/VBD Dr/NNP ./. Price/NNP for/IN the/DT work/NN he/PRP did/VBD back/RB in/IN the/DT sixties/NNS on/IN this/DT and/CC said/VBD that/DT E/NNP P/NNP A/NNP had/VBD been/VBN doing/VBG experiments/NNS on/IN nonhuman/JJ primates/NNS and/CC proving/VBG that/DT ingestion/NN of/IN chlorine/NN causes/VBZ arteriosclerosis/NN ./.",,,421.5,449.07
sw08utt/sw_0822_2776.utt,2/sw2776,2776,138,sd,A,66,3,"{C And, } E P A never published that report. /","And/CC ,/, E/NNP P/NNP A/NNP never/RB published/VBD that/DT report/NN ./.",,,449.81,451.27
sw08utt/sw_0822_2776.utt,2/sw2776,2776,139,qw,B,67,1,{C And } what's the name of this book again? /,And/CC what/WP 's/BES the/DT name/NN of/IN this/DT book/NN again/RB ?/.,,,453.13,454.37
sw08utt/sw_0822_2776.utt,2/sw2776,2776,140,sd^r,A,68,1,"CORONARY, CHOLESTEROL AND CHLORINE. /","CORONARY/NN ,/, CHOLESTEROL/NN AND/CC CHLORINE/NN ./.",,,454.63,456.54999999999995
sw08utt/sw_0822_2776.utt,2/sw2776,2776,141,sd,B,69,1,I'll have to remember that. /,I/PRP 'll/MD have/VB to/TO remember/VB that/DT ./.,,,457.69,458.53
sw08utt/sw_0822_2776.utt,2/sw2776,2776,142,b,A,70,1,Yeah. /,Yeah/UH ./.,,,458.77,458.90999999999997
sw08utt/sw_0822_2776.utt,2/sw2776,2776,143,sd,B,71,1,That will be very interesting.  /,That/DT will/MD be/VB very/RB interesting/JJ ./.,,,458.81,459.63
sw08utt/sw_0822_2776.utt,2/sw2776,2776,144,sd,B,71,2,My husband wants to go into medical school and be a neurosurgeon  /,My/PRP$ husband/NN wants/VBZ to/TO go/VB into/IN medical/JJ school/NN and/CC be/VB a/DT neurosurgeon/NN,,,459.63,463.39000000000004
sw08utt/sw_0822_2776.utt,2/sw2776,2776,145,sd,B,71,3,"{C so, } he's really interested in the heart. /","so/RB ,/, he/PRP 's/BES really/RB interested/JJ in/IN the/DT heart/NN ./.",,,463.39,465.31
sw08utt/sw_0822_2776.utt,2/sw2776,2776,146,b,A,72,1,Yeah. /,Yeah/UH ./.,,,465.85,466.01000000000005
sw08utt/sw_0822_2776.utt,2/sw2776,2776,147,sd,B,73,1,"{C And } [ he's, + in fact, he's ] a, {D well, } heart, too, - /","And/CC he/PRP 's/BES ,/, in/IN fact/NN ,/, he/PRP 's/BES a/DT ,/, well/UH ,/, heart/NN ,/, too/RB ,/,",,,467.09,471.27
sw08utt/sw_0822_2776.utt,2/sw2776,2776,148,sd,B,73,2,"[ he's, + {F uh, } he's ] done a lot of research on {D like } how your heart reacts to exercise <laughter>.  /","he/PRP 's/HVS ,/, uh/UH ,/, he/PRP 's/HVS done/VBN a/DT lot/NN of/IN research/NN on/IN like/UH how/WRB your/PRP$ heart/NN reacts/VBZ to/IN exercise/NN ./.",,,471.47,481.49
sw08utt/sw_0822_2776.utt,2/sw2776,2776,149,fa,B,73,3,"Sorry,  /","Sorry/UH ,/,",,,481.65,482.04999999999995
sw08utt/sw_0822_2776.utt,2/sw2776,2776,150,sd,B,73,4,he made me laugh.  /,he/PRP made/VBD me/PRP laugh/VBP ./.,,,482.87,484.19
sw08utt/sw_0822_2776.utt,2/sw2776,2776,151,%,B,73,5,"{F Um, } {D so } {D anyway, } -/","Um/UH ,/, so/RB anyway/UH ,/,",,,484.79,488.39000000000004
sw08utt/sw_0822_2776.utt,2/sw2776,2776,152,b,A,74,1,Yeah.  /,Yeah/UH ./.,,,489.59,489.92999999999995
sw08utt/sw_0822_2776.utt,2/sw2776,2776,153,sd,A,74,2,"[ There is, + there is ] a lot of good information out there, {F uh, } about health.  /","There/EX is/VBZ ,/, there/EX is/VBZ a/DT lot/NN of/IN good/JJ information/NN out/IN there/RB ,/, uh/UH ,/, about/IN health/NN ./.",,,489.93,494.37
sw08utt/sw_0822_2776.utt,2/sw2776,2776,154,sv,A,74,3,"{C And } [ a lot of the, + a lot of the ] myths they've been passing around, people are starting to realize aren't true. /","And/CC a/DT lot/NN of/IN the/DT ,/, a/DT lot/NN of/IN the/DT myths/NNS they/PRP 've/VBP been/VBN passing/VBG around/IN ,/, people/NNS are/VBP starting/VBG to/TO realize/VB are/VBP n't/RB true/JJ ./.",,,494.43,500.69
sw08utt/sw_0822_2776.utt,2/sw2776,2776,155,b,B,75,1,Yeah. /,Yeah/UH ./.,,,500.58,500.82
sw08utt/sw_0822_2776.utt,2/sw2776,2776,156,sd,A,76,1,"{E I mean, } I'm all for having a diet high in fiber and all that, because [ that's, + that's ] good for you, /","I/PRP mean/VBP ,/, I/PRP 'm/VBP all/DT for/IN having/VBG a/DT diet/NN high/JJ in/IN fiber/NN and/CC all/PDT that/DT ,/, because/IN that/DT 's/BES ,/, that/DT 's/BES good/JJ for/IN you/PRP ,/,",,,500.93,505.25
sw08utt/sw_0822_2776.utt,2/sw2776,2776,157,b,B,77,1,Huh-uh. /,Huh-uh/UH ./.,,,505.9,506.26
sw08utt/sw_0822_2776.utt,2/sw2776,2776,158,sd,A,78,1,"{F uh, } {C but } to believe some of the things, - /","uh/UH ,/, but/CC to/TO believe/VB some/DT of/IN the/DT things/NNS ,/,",,,506.37,510.10999999999996
sw08utt/sw_0822_2776.utt,2/sw2776,2776,159,sd,A,78,2,"{D you know, } {C and } I don't think anybody should be going out there and eating a high fat diet,  /","you/PRP know/VBP ,/, and/CC I/PRP do/VBP n't/RB think/VB anybody/NN should/MD be/VB going/VBG out/IN there/RB and/CC eating/VBG a/DT high/JJ fat/JJ diet/NN ,/,",,,510.11,514.23
sw08utt/sw_0822_2776.utt,2/sw2776,2776,160,sv,A,78,3,"{C but } to think that solely, alone is going to cause something like arteriosclerosis [ is, + is ] just hard to believe. /","but/CC to/TO think/VB that/IN solely/RB ,/, alone/RB is/VBZ going/VBG to/TO cause/VB something/NN like/IN arteriosclerosis/NN is/VBZ ,/, is/VBZ just/RB hard/JJ to/TO believe/VB ./.",,,514.77,522.94
sw08utt/sw_0822_2776.utt,2/sw2776,2776,161,sd,B,79,1,If you get a chance read Dr. Cooper's book on controlling cholesterol. /,If/IN you/PRP get/VBP a/DT chance/NN read/NN Dr/NNP ./. Cooper/NNP 's/POS book/NN on/IN controlling/VBG cholesterol/NN ./.,,,523.46,527.68
sw08utt/sw_0822_2776.utt,2/sw2776,2776,162,b,A,80,1,Huh-uh. /,Huh-uh/UH ./.,,,527.78,527.92
sw08utt/sw_0822_2776.utt,2/sw2776,2776,163,sv,B,81,1,"That's a real good,  /","That/DT 's/BES a/DT real/RB good/JJ ,/,",,,528.85,529.49
sw08utt/sw_0822_2776.utt,2/sw2776,2776,164,sd,B,81,2,"{F um, } he talks about that.  /","um/UH ,/, he/PRP talks/VBZ about/IN that/DT ./.",,,529.75,531.01
sw08utt/sw_0822_2776.utt,2/sw2776,2776,165,sd,B,81,3,Talks about high risk factors and heart disease and all that. /,Talks/VBZ about/IN high/JJ risk/NN factors/NNS and/CC heart/NN disease/NN and/CC all/PDT that/DT ./.,,,531.37,535.05
sw08utt/sw_0822_2776.utt,2/sw2776,2776,166,b,A,82,1,Yeah.  /,Yeah/UH ./.,,,535.16,535.3399999999999
sw08utt/sw_0822_2776.utt,2/sw2776,2776,167,sd,A,82,2,I actually eat pretty much anything that I want. /,I/PRP actually/UH eat/VBP pretty/RB much/JJ anything/NN that/WDT I/PRP want/VBP ./.,,,536.36,539.34
sw08utt/sw_0822_2776.utt,2/sw2776,2776,168,b,B,83,1,Huh-uh. /,Huh-uh/UH ./.,,,539.57,539.9100000000001
sw08utt/sw_0822_2776.utt,2/sw2776,2776,169,sd,A,84,1,"{C And } I've had my cholesterol checked [ and, + ] {F uh, } a few times  /","And/CC I/PRP 've/VBP had/VBN my/PRP$ cholesterol/NN checked/VBD and/CC ,/, uh/UH ,/, a/DT few/JJ times/NNS",,,540.08,544.12
sw08utt/sw_0822_2776.utt,2/sw2776,2776,170,sd,A,84,2,"{C and } I've never been above, {D like, } {D you know, } one-hundred and fifty,","and/CC I/PRP 've/VBP never/RB been/VBN above/IN ,/, like/UH ,/, you/PRP know/VBP ,/, one-hundred/CD and/CC fifty/CD ,/,",,,544.12,546.34
sw08utt/sw_0822_2776.utt,2/sw2776,2776,171,b,B,85,1,Huh-uh. /,Huh-uh/UH ./.,,,547.29,547.67
sw08utt/sw_0822_2776.utt,2/sw2776,2776,172,+,A,86,1,never.  /,never/RB ./.,,,548.56,548.9399999999999
sw08utt/sw_0822_2776.utt,2/sw2776,2776,173,%,A,86,2,"{C And, } {F uh, } {F uh, } {E I mean, } I, -/","And/CC ,/, uh/UH ,/, uh/UH ,/, I/PRP mean/VBP ,/, I/PRP ,/,",,,548.94,551.6
sw08utt/sw_0822_2776.utt,2/sw2776,2776,174,sv,B,87,1,You have a good ratio of good to bad.,You/PRP have/VBP a/DT good/JJ ratio/NN of/IN good/JJ to/IN bad/JJ ./.,,,552.13,554.7700000000001
sw08utt/sw_0822_2776.utt,2/sw2776,2776,175,bd@,A,88,1,"{F Um, }","Um/UH ,/,",,,555.48,555.6800000000001
sw08utt/sw_0822_2776.utt,2/sw2776,2776,176,+,B,89,1,Cholesterol. /,Cholesterol/NN ./.,,,555.57,555.95
sw08utt/sw_0822_2776.utt,2/sw2776,2776,177,+@,A,90,1,"{D Well, } what they tell me,  /","Well/UH ,/, what/WP they/PRP tell/VBP me/PRP ,/,",,,558.12,559.1
sw08utt/sw_0822_2776.utt,2/sw2776,2776,178,sv,A,90,2,"{C but, } {E I mean, } {D you know, } everything is {D like } within five to ten percent and all that kind of thing <laughter>.  /","but/CC ,/, I/PRP mean/VBP ,/, you/PRP know/VBP ,/, everything/NN is/VBZ like/UH within/IN five/CD to/IN ten/CD percent/NN and/CC all/PDT that/DT kind/NN of/IN thing/NN ./.",,,559.1,565.12
sw08utt/sw_0822_2776.utt,2/sw2776,2776,179,sv,A,90,3,"{D You know, } they leave themselves wide open so they can't be sued. /","You/PRP know/VBP ,/, they/PRP leave/VBP themselves/PRP wide/JJ open/JJ so/RB they/PRP ca/MD n't/RB be/VB sued/VBN ./.",,,565.12,568.64
sw08utt/sw_0822_2776.utt,2/sw2776,2776,180,b,B,91,1,Yeah. /,Yeah/UH ./.,,,569.35,569.73
sw08utt/sw_0822_2776.utt,2/sw2776,2776,181,%,A,92,1,"{C But, } {F uh, } we've, - /","But/CC ,/, uh/UH ,/, we/PRP 've/VBP ,/,",,,571.56,572.56
sw08utt/sw_0822_2776.utt,2/sw2776,2776,182,sd,A,92,2,"I work at the T I site in Hunt Valley, Maryland. /","I/PRP work/VBP at/IN the/DT T/NNP I/NNP site/NN in/IN Hunt/NNP Valley/NNP ,/, Maryland/NNP ./.",,,573.1,575.12
sw08utt/sw_0822_2776.utt,2/sw2776,2776,183,b,B,93,1,"{F Oh, } really. /","Oh/UH ,/, really/UH ./.",,,575.68,576.16
sw08utt/sw_0822_2776.utt,2/sw2776,2776,184,b,A,94,1,Yeah  /,Yeah/UH,,,576.27,576.47
sw08utt/sw_0822_2776.utt,2/sw2776,2776,185,sd,A,94,2,{C and } we've had a few of the health fairs up here  /,and/CC we/PRP 've/VBP had/VBN a/DT few/NN of/IN the/DT health/NN fairs/NNS up/IN here/RB,,,576.47,578.29
sw08utt/sw_0822_2776.utt,2/sw2776,2776,186,sd,A,94,3,"{C and, } {F um, } {D you know, } I've always come out aces. /","and/CC ,/, um/UH ,/, you/PRP know/VBP ,/, I/PRP 've/VBP always/RB come/VB out/RB aces/NNS ./.",,,578.29,580.6500000000001
sw08utt/sw_0822_2776.utt,2/sw2776,2776,187,ba,B,95,1,That's good. /,That/DT 's/BES good/JJ ./.,,,581.4,581.88
sw08utt/sw_0822_2776.utt,2/sw2776,2776,188,sd,A,96,1,"{D You know, } I'm not really that big on watching what I eat,  /","You/PRP know/VBP ,/, I/PRP 'm/VBP not/RB really/RB that/RB big/JJ on/IN watching/VBG what/WP I/PRP eat/VBP ,/,",,,582.09,585.15
sw08utt/sw_0822_2776.utt,2/sw2776,2776,189,sd,A,96,2,"{C but } I do eat, {D you know, } some health cookies that are high in fiber,","but/CC I/PRP do/VBP eat/VB ,/, you/PRP know/VBP ,/, some/DT health/NN cookies/NNS that/WDT are/VBP high/JJ in/IN fiber/NN ,/,",,,585.75,589.75
sw08utt/sw_0822_2776.utt,2/sw2776,2776,190,b,B,97,1,Yeah. /,Yeah/UH ./.,,,589.84,590.0600000000001
sw08utt/sw_0822_2776.utt,2/sw2776,2776,191,+,A,98,1,low in fat and all that kind of stuff.  /,low/JJ in/IN fat/NN and/CC all/PDT that/DT kind/NN of/IN stuff/NN ./.,,,590.99,592.55
sw08utt/sw_0822_2776.utt,2/sw2776,2776,192,sd,A,98,2,"{C But, } I mean as far as really being concerned about ingesting too much chlorine, [ I'm not, + [ cholesterol, + ] I'm not ] worried about it. <<Tape fades.>> /","But/CC ,/, I/PRP mean/VBP as/RB far/RB as/IN really/RB being/VBG concerned/JJ about/IN ingesting/VBG too/RB much/JJ chlorine/NN ,/, I/PRP 'm/VBP not/RB ,/, cholesterol/NN ,/, I/PRP 'm/VBP not/RB worried/JJ about/IN it/PRP ./.",,,592.55,600.8299999999999
