swda_filename,ptb_basename,conversation_no,transcript_index,act_tag,caller,utterance_index,subutterance_index,text,pos,trees,ptb_treenumbers,start_ts,end_ts
sw08utt/sw_0862_2707.utt,2/sw2707,2707,0,o,A,1,1,Okay. /,Okay/UH ./.,,,0.2,0.48000000000000004
sw08utt/sw_0862_2707.utt,2/sw2707,2707,1,o,B,2,1,"{F Um, } yeah. /","Um/UH ,/, yeah/UH ./.",,,1.19,1.4300000000000002
sw08utt/sw_0862_2707.utt,2/sw2707,2707,2,sd,A,3,1,"We're official now,  /","We/PRP 're/VBP official/NN now/RB ,/,",,,1.48,2.1
sw08utt/sw_0862_2707.utt,2/sw2707,2707,3,%,A,3,2,"yeah, /","yeah/UH ,/,",,,2.1,2.2800000000000002
sw08utt/sw_0862_2707.utt,2/sw2707,2707,4,b,B,4,1,"<Laughter>  Yeah,  /","Yeah/UH ,/,",,,3.11,3.3499999999999996
sw08utt/sw_0862_2707.utt,2/sw2707,2707,5,sd,B,4,2,"[ it's + {F um, } it's ] very hot,  /","it/PRP 's/BES um/UH ,/, it/PRP 's/BES very/RB hot/JJ ,/,",,,3.35,4.65
sw08utt/sw_0862_2707.utt,2/sw2707,2707,6,sd,B,4,3,"in fact I've been cleaning, because I live in an apartment -- /","in/IN fact/NN I/PRP 've/VBP been/VBN cleaning/VBG ,/, because/IN I/PRP live/VBP in/IN an/DT apartment/NN --/:",,,4.65,6.91
sw08utt/sw_0862_2707.utt,2/sw2707,2707,7,b,A,5,1,"{F Oh, } okay, /","Oh/UH ,/, okay/UH ,/,",,,7.14,7.48
sw08utt/sw_0862_2707.utt,2/sw2707,2707,8,sd,B,6,1,-- {C so } I can't do very much gardening other than balcony gardening --,--/: so/RB I/PRP ca/MD n't/RB do/VB very/RB much/JJ gardening/NN other/JJ than/IN balcony/NN gardening/NN --/:,,,7.43,10.07
sw08utt/sw_0862_2707.utt,2/sw2707,2707,9,b,A,7,1,"{F Oh, } yeah. /","Oh/UH ,/, yeah/UH ./.",,,10.12,10.62
sw08utt/sw_0862_2707.utt,2/sw2707,2707,10,+,B,8,1,"-- {F um, } {D you know, }  /","--/: um/UH ,/, you/PRP know/VBP ,/,",,,10.83,11.37
sw08utt/sw_0862_2707.utt,2/sw2707,2707,11,sd,B,8,2,"I have the little flower boxes with, {F um, } [ a v-, + ] a lot of different flowers,  /","I/PRP have/VBP the/DT little/JJ flower/NN boxes/NNS with/IN ,/, um/UH ,/, a/DT v-/XX ,/, a/DT lot/NN of/IN different/JJ flowers/NNS ,/,",,,11.37,15.27
sw08utt/sw_0862_2707.utt,2/sw2707,2707,12,sd,B,8,3,"{C and } I do enjoy plants,  /","and/CC I/PRP do/VBP enjoy/VB plants/NNS ,/,",,,15.27,16.650000000000002
sw08utt/sw_0862_2707.utt,2/sw2707,2707,13,sd,B,8,4,"{C but } I don't have a yard or anything that I can do gardening, {D really. } /","but/CC I/PRP do/VBP n't/RB have/VB a/DT yard/NN or/CC anything/NN that/WDT I/PRP can/MD do/VB gardening/NN ,/, really/UH ./.",,,16.65,19.81
sw08utt/sw_0862_2707.utt,2/sw2707,2707,14,%,A,9,1,"{F Oh, } [ [ you're, + you're, ] + you're ] not the so-called ex-, - /","Oh/UH ,/, you/PRP 're/VBP ,/, you/PRP 're/VBP ,/, you/PRP 're/VBP not/RB the/DT so-called/JJ ex-/XX ,/,",,,20.06,21.4
sw08utt/sw_0862_2707.utt,2/sw2707,2707,15,sv,A,9,2,"you need a house, I guess, to go through all of that.  /","you/PRP need/VBP a/DT house/NN ,/, I/PRP guess/VBP ,/, to/TO go/VB through/IN all/DT of/IN that/DT ./.",,,21.5,23.74
sw08utt/sw_0862_2707.utt,2/sw2707,2707,16,sd,A,9,3,"I have had a couple of houses,  /","I/PRP have/VBP had/VBN a/DT couple/NN of/IN houses/NNS ,/,",,,23.78,25.099999999999998
sw08utt/sw_0862_2707.utt,2/sw2707,2707,17,sd,A,9,4,"{C and, } {F uh } --","and/CC ,/, uh/UH --/:",,,25.1,25.44
sw08utt/sw_0862_2707.utt,2/sw2707,2707,18,b,B,10,1,Uh-huh. /,Uh-huh/UH ./.,,,25.69,26.07
sw08utt/sw_0862_2707.utt,2/sw2707,2707,19,+,A,11,1,"-- the only recommendation I would have for someone who hasn't gardened is, {F uh, } one, get a couple of good books, of books, of course,  /","--/: the/DT only/JJ recommendation/NN I/PRP would/MD have/VB for/IN someone/NN who/WP has/VBZ n't/RB gardened/VBN is/VBZ ,/, uh/UH ,/, one/LS ,/, get/VB a/DT couple/NN of/IN good/JJ books/NNS ,/, of/IN books/NNS ,/, of/IN course/NN ,/,",,,26.46,32.32
sw08utt/sw_0862_2707.utt,2/sw2707,2707,20,sd,A,11,2,{C and } usually they have talk shows. /,and/CC usually/RB they/PRP have/VBP talk/NN shows/NNS ./.,,,32.32,33.660000000000004
sw08utt/sw_0862_2707.utt,2/sw2707,2707,21,b,B,12,1,Uh-huh. /,Uh-huh/UH ./.,,,33.61,33.73
sw08utt/sw_0862_2707.utt,2/sw2707,2707,22,sd,A,13,1,Here in Dallas --,Here/RB in/IN Dallas/NNP --/:,,,33.78,34.46
sw08utt/sw_0862_2707.utt,2/sw2707,2707,23,b,B,14,1,Uh-huh. /,Uh-huh/UH ./.,,,34.41,34.56999999999999
sw08utt/sw_0862_2707.utt,2/sw2707,2707,24,+,A,15,1,"-- they have two great, {F uh, } talk shows that go through everything that will grow here, which is the opposite probably of what would grow up where you are -- /","--/: they/PRP have/VBP two/CD great/JJ ,/, uh/UH ,/, talk/NN shows/NNS that/WDT go/VBP through/IN everything/NN that/WDT will/MD grow/VB here/RB ,/, which/WDT is/VBZ the/DT opposite/JJ probably/RB of/IN what/WP would/MD grow/VB up/RB where/WRB you/PRP are/VBP --/:",,,34.62,43.54
sw08utt/sw_0862_2707.utt,2/sw2707,2707,25,b,B,16,1,"Right,  /","Right/UH ,/,",,,43.51,43.87
sw08utt/sw_0862_2707.utt,2/sw2707,2707,26,b^r,B,16,2,right. /,right/UH ./.,,,44.21,44.57
sw08utt/sw_0862_2707.utt,2/sw2707,2707,27,sv,A,17,1,-- {C and so. } {F Uh } --,--/: and/CC so/RB ./. Uh/UH --/:,,,44.62,45.13999999999999
sw08utt/sw_0862_2707.utt,2/sw2707,2707,28,o@,B,18,1,"{D Well, } the,","Well/UH ,/, the/DT ,/,",,,45.09,45.25
sw08utt/sw_0862_2707.utt,2/sw2707,2707,29,+,A,19,1,"-- in fact, [ you, + you ] could easily do that now, [ listen to, + ] turn on a talk show up there --","--/: in/IN fact/NN ,/, you/PRP ,/, you/PRP could/MD easily/RB do/VB that/DT now/RB ,/, listen/VB to/TO ,/, turn/VB on/IN a/DT talk/NN show/NN up/IN there/RB --/:",,,45.3,49.120000000000005
sw08utt/sw_0862_2707.utt,2/sw2707,2707,30,+@,B,20,1,Uh-huh. /,Uh-huh/UH ./.,,,49.07,49.21
sw08utt/sw_0862_2707.utt,2/sw2707,2707,31,+,A,21,1,"-- and see if [ there, + there's ] got to be some gardening folks --","--/: and/CC see/VB if/IN there/EX ,/, there/EX 's/HVS got/VBN to/TO be/VB some/DT gardening/NN folks/NNS --/:",,,49.26,51.8
sw08utt/sw_0862_2707.utt,2/sw2707,2707,32,b,B,22,1,"Yes,  /","Yes/UH ,/,",,,51.75,51.91
sw08utt/sw_0862_2707.utt,2/sw2707,2707,33,%,B,22,2,"{C but, } -/","but/CC ,/,",,,51.91,51.989999999999995
sw08utt/sw_0862_2707.utt,2/sw2707,2707,34,+,A,23,1,"-- on the radio that says when to put your grass in, [ and, + and ] what kind of grass to grow up in Virginia and everything,  /","--/: on/IN the/DT radio/NN that/WDT says/VBZ when/WRB to/TO put/VB your/PRP$ grass/NN in/IN ,/, and/CC ,/, and/CC what/WDT kind/NN of/IN grass/NN to/TO grow/VB up/IN in/IN Virginia/NNP and/CC everything/NN ,/,",,,52.04,57.4
sw08utt/sw_0862_2707.utt,2/sw2707,2707,35,%,A,23,2,"{C so } I, {F uh, } - /","so/RB I/PRP ,/, uh/UH ,/,",,,57.4,58.08
sw08utt/sw_0862_2707.utt,2/sw2707,2707,36,sv,A,23,3,"for someone who doesn't garden, I'd say, [ that, + that's ] my biggest recommendation is to, -/","for/IN someone/NN who/WP does/VBZ n't/RB garden/VB ,/, I/PRP 'd/MD say/VB ,/, that/IN ,/, that/DT 's/BES my/PRP$ biggest/JJS recommendation/NN is/VBZ to/TO ,/,",,,58.74,62.82
sw08utt/sw_0862_2707.utt,2/sw2707,2707,37,b,B,24,1,"Uh-huh,  /","Uh-huh/UH ,/,",,,62.77,63.09
sw08utt/sw_0862_2707.utt,2/sw2707,2707,38,qy,B,24,2,{C so } you enjoy gardening? /,so/RB you/PRP enjoy/VBP gardening/NN ?/.,,,63.09,64.23
sw08utt/sw_0862_2707.utt,2/sw2707,2707,39,ny,A,25,1,"{F Oh, } yeah,  /","Oh/UH ,/, yeah/UH ,/,",,,64.59,65.15
sw08utt/sw_0862_2707.utt,2/sw2707,2707,40,ny^r,A,25,2,yeah.  /,yeah/UH ./.,,,65.15,65.49000000000001
sw08utt/sw_0862_2707.utt,2/sw2707,2707,41,sd^e,A,25,3,"I like it a lot, {F uh } --","I/PRP like/VBP it/PRP a/DT lot/NN ,/, uh/UH --/:",,,65.49,68.55000000000001
sw08utt/sw_0862_2707.utt,2/sw2707,2707,42,b,B,26,1,Uh-huh. /,Uh-huh/UH ./.,,,68.51,68.67
sw08utt/sw_0862_2707.utt,2/sw2707,2707,43,+,A,27,1,"-- {F uh, }  /","--/: uh/UH ,/,",,,68.71,68.86999999999999
sw08utt/sw_0862_2707.utt,2/sw2707,2707,44,sd,A,27,2,it's a lot of work.  /,it/PRP 's/BES a/DT lot/NN of/IN work/NN ./.,,,69.41,70.27
sw08utt/sw_0862_2707.utt,2/sw2707,2707,45,sd,A,27,3,"I'm an engineer,  /","I/PRP 'm/VBP an/DT engineer/NN ,/,",,,70.29,71.21000000000001
sw08utt/sw_0862_2707.utt,2/sw2707,2707,46,sd,A,27,4,"[ I'm, + I'm ] with T I.  /","I/PRP 'm/VBP ,/, I/PRP 'm/VBP with/IN T/NNP I/NNP ./.",,,71.21,72.05
sw08utt/sw_0862_2707.utt,2/sw2707,2707,47,%,A,27,5,"You, - /","You/PRP ,/,",,,72.05,72.31
sw08utt/sw_0862_2707.utt,2/sw2707,2707,48,qy,A,27,6,are you with T I up there  /,are/VBP you/PRP with/IN T/NNP I/NNP up/IN there/RB,,,72.31,73.31
sw08utt/sw_0862_2707.utt,2/sw2707,2707,49,%,A,27,7,"{C or, } -/","or/CC ,/,",,,73.31,73.41
sw08utt/sw_0862_2707.utt,2/sw2707,2707,50,nn,B,28,1,"No,  /","No/UH ,/,",,,73.37,73.81
sw08utt/sw_0862_2707.utt,2/sw2707,2707,51,nn^r,B,28,2,"no,  /","no/UH ,/,",,,73.81,73.99000000000001
sw08utt/sw_0862_2707.utt,2/sw2707,2707,52,sd^e,B,28,3,I'm with a defense contractor. /,I/PRP 'm/VBP with/IN a/DT defense/NN contractor/NN ./.,,,73.99,75.33
sw08utt/sw_0862_2707.utt,2/sw2707,2707,53,bk,A,29,1,Okay.  /,Okay/UH ./.,,,75.53,75.79
sw08utt/sw_0862_2707.utt,2/sw2707,2707,54,t1,A,29,2,"{F Uh, } where was, {F oh, } - /","Uh/UH ,/, where/WRB was/VBD ,/, oh/UH ,/,",,,76.79,79.73
sw08utt/sw_0862_2707.utt,2/sw2707,2707,55,%,A,29,3,"yeah,  /","yeah/UH ,/,",,,79.77,79.99
sw08utt/sw_0862_2707.utt,2/sw2707,2707,56,nn,A,29,4,"no,  /","no/UH ,/,",,,79.99,80.14999999999999
sw08utt/sw_0862_2707.utt,2/sw2707,2707,57,sd^e,A,29,5,"[ I, + I ] like it,  /","I/PRP ,/, I/PRP like/VBP it/PRP ,/,",,,80.15,80.83
sw08utt/sw_0862_2707.utt,2/sw2707,2707,58,sd,A,29,6,"[ I, + {F uh, } I ] always know that why I'm not a farmer when I garden though, /","I/PRP ,/, uh/UH ,/, I/PRP always/RB know/VBP that/IN why/WRB I/PRP 'm/VBP not/RB a/DT farmer/NN when/WRB I/PRP garden/VBP though/RB ,/,",,,80.83,84.93
sw08utt/sw_0862_2707.utt,2/sw2707,2707,59,x,B,30,1,<Laughter>.,,,,0.0,0.0
sw08utt/sw_0862_2707.utt,2/sw2707,2707,60,sv,A,31,1,"{E I mean, } it is dog work,  /","I/PRP mean/VBP ,/, it/PRP is/VBZ dog/NN work/NN ,/,",,,84.93,86.31
sw08utt/sw_0862_2707.utt,2/sw2707,2707,61,sd,A,31,2,{C and } it is tough -- /,and/CC it/PRP is/VBZ tough/JJ --/:,,,86.31,87.17
sw08utt/sw_0862_2707.utt,2/sw2707,2707,62,b,B,32,1,"Uh-huh,  /","Uh-huh/UH ,/,",,,87.69,87.91
sw08utt/sw_0862_2707.utt,2/sw2707,2707,63,b^r,B,32,2,uh-huh. /,uh-huh/UH ./.,,,87.91,88.09
sw08utt/sw_0862_2707.utt,2/sw2707,2707,64,sd,A,33,1,"-- I have a lot of trees, down here, {F uh, }  /","--/: I/PRP have/VBP a/DT lot/NN of/IN trees/NNS ,/, down/IN here/RB ,/, uh/UH ,/,",,,88.41,91.01
sw08utt/sw_0862_2707.utt,2/sw2707,2707,65,sd,A,33,2,"the part I don't like, I guess, would be from December through February where you have to rake leaves --","the/DT part/NN I/PRP do/VBP n't/RB like/VB ,/, I/PRP guess/VBP ,/, would/MD be/VB from/IN December/NNP through/IN February/NNP where/WRB you/PRP have/VBP to/TO rake/VB leaves/NNS --/:",,,91.01,98.61
sw08utt/sw_0862_2707.utt,2/sw2707,2707,66,b,B,34,1,Uh-huh. /,Uh-huh/UH ./.,,,98.57,98.78999999999999
sw08utt/sw_0862_2707.utt,2/sw2707,2707,67,+,A,35,1,"-- forever it seems like,  /","--/: forever/RB it/PRP seems/VBZ like/IN ,/,",,,99.29,100.55
sw08utt/sw_0862_2707.utt,2/sw2707,2707,68,sd,A,35,2,"{C and } the wind blows all the leaves on from your neighbor after you rake yours,  /","and/CC the/DT wind/NN blows/VBZ all/PDT the/DT leaves/NNS on/IN from/IN your/PRP$ neighbor/NN after/IN you/PRP rake/VBP yours/PRP ,/,",,,100.55,103.89
sw08utt/sw_0862_2707.utt,2/sw2707,2707,69,sv,A,35,3,{C so } --,so/RB --/:,,,103.91,104.05
sw08utt/sw_0862_2707.utt,2/sw2707,2707,70,b,B,36,1,Uh-huh. /,Uh-huh/UH ./.,,,104.01,104.39
sw08utt/sw_0862_2707.utt,2/sw2707,2707,71,+,A,37,1,"-- other than [ that, + ] {D you know, } those three months, when it's pure dog work --","--/: other/JJ than/IN that/DT ,/, you/PRP know/VBP ,/, those/DT three/CD months/NNS ,/, when/WRB it/PRP 's/BES pure/JJ dog/NN work/NN --/:",,,104.85,109.08999999999999
sw08utt/sw_0862_2707.utt,2/sw2707,2707,72,b,B,38,1,Uh-huh. /,Uh-huh/UH ./.,,,109.73,109.97
sw08utt/sw_0862_2707.utt,2/sw2707,2707,73,+,A,39,1,"-- {F uh, } the rest of it's very enjoyable just going through the experiences [ of, + of ] putting little plants in or whatever -- /","--/: uh/UH ,/, the/DT rest/NN of/IN it/PRP 's/BES very/RB enjoyable/JJ just/RB going/VBG through/IN the/DT experiences/NNS of/IN ,/, of/IN putting/VBG little/JJ plants/NNS in/IN or/CC whatever/WDT --/:",,,110.15,116.63
sw08utt/sw_0862_2707.utt,2/sw2707,2707,74,b,B,40,1,Uh-huh. /,Uh-huh/UH ./.,,,116.85,117.03
sw08utt/sw_0862_2707.utt,2/sw2707,2707,75,sd,A,41,1,"-- [ I, +  I ] haven't had to plant any trees because I've got so many,  /","--/: I/PRP ,/, I/PRP have/VBP n't/RB had/VBN to/TO plant/VB any/DT trees/NNS because/IN I/PRP 've/VBP got/VBN so/RB many/JJ ,/,",,,117.07,118.92999999999999
sw08utt/sw_0862_2707.utt,2/sw2707,2707,76,sd,A,41,2,"[ {C but, } +  {F uh } --","but/CC ,/, uh/UH --/:",,,118.93,119.28999999999999
sw08utt/sw_0862_2707.utt,2/sw2707,2707,77,b,B,42,1,Uh-huh. /,Uh-huh/UH ./.,,,119.67,119.93
sw08utt/sw_0862_2707.utt,2/sw2707,2707,78,+,A,43,1,"-- {F uh, } {C but } ] I do listen to that talk show.  /","--/: uh/UH ,/, but/CC I/PRP do/VBP listen/VB to/IN that/DT talk/NN show/NN ./.",,,120.35,121.75
sw08utt/sw_0862_2707.utt,2/sw2707,2707,79,sd,A,43,2,"[   There, + there ] is some great people from Texas A and M,  /","There/EX ,/, there/EX is/VBZ some/DT great/JJ people/NNS from/IN Texas/NNP A/NNP and/CC M/NNP ,/,",,,121.75,123.55
sw08utt/sw_0862_2707.utt,2/sw2707,2707,80,h,A,43,3,"I don't know,  /","I/PRP do/VBP n't/RB know/VB ,/,",,,123.55,124.77
sw08utt/sw_0862_2707.utt,2/sw2707,2707,81,qy^d,A,43,4,"maybe you've heard of A and M down here,  /","maybe/RB you/PRP 've/VBP heard/VBN of/IN A/NNP and/CC M/NNP down/IN here/RB ,/,",,,124.77,126.35000000000001
sw08utt/sw_0862_2707.utt,2/sw2707,2707,82,sd,A,43,5,"{C but } there's some great, {F uh, } folks, {F uh } --","but/CC there/EX 's/BES some/DT great/JJ ,/, uh/UH ,/, folks/NNS ,/, uh/UH --/:",,,126.35,128.26999999999998
sw08utt/sw_0862_2707.utt,2/sw2707,2707,83,b,B,44,1,Uh-huh. /,Uh-huh/UH ./.,,,128.23,128.35
sw08utt/sw_0862_2707.utt,2/sw2707,2707,84,+,A,45,1,"-- that have been well trained,  and, again, {F uh, } [ to, + to, ] {F uh, } recommend gardening for this area. /","--/: that/WDT have/VBP been/VBN well/RB trained/JJ ,/, and/CC ,/, again/RB ,/, uh/UH ,/, to/TO ,/, to/TO ,/, uh/UH ,/, recommend/VB gardening/NN for/IN this/DT area/NN ./.",,,128.51,135.27
sw08utt/sw_0862_2707.utt,2/sw2707,2707,85,b,B,46,1,"{F Um. }  Yeah,  /","Um/UH ./. Yeah/UH ,/,",,,135.93,136.80999999999997
sw08utt/sw_0862_2707.utt,2/sw2707,2707,86,sv,B,46,2,"I'm sure it is, {D you know, } different in the different areas.  /","I/PRP 'm/VBP sure/JJ it/PRP is/VBZ ,/, you/PRP know/VBP ,/, different/JJ in/IN the/DT different/JJ areas/NNS ./.",,,136.81,139.05
sw08utt/sw_0862_2707.utt,2/sw2707,2707,87,sd,B,46,3,"{F Um, } I'm originally from Pennsylvania,  /","Um/UH ,/, I/PRP 'm/VBP originally/RB from/IN Pennsylvania/NNP ,/,",,,139.05,140.51000000000002
sw08utt/sw_0862_2707.utt,2/sw2707,2707,88,sd,B,46,4,"{C and } I do go home on weekends during the Summer [ and, + {F uh, } and, ] {F uh, } mow my mother's grass and different things like that. /","and/CC I/PRP do/VBP go/VB home/RB on/IN weekends/NNS during/IN the/DT Summer/NN and/CC ,/, uh/UH ,/, and/CC ,/, uh/UH ,/, mow/VB my/PRP$ mother/NN 's/POS grass/NN and/CC different/JJ things/NNS like/IN that/DT ./.",,,140.51,146.48999999999998
sw08utt/sw_0862_2707.utt,2/sw2707,2707,89,b,A,47,1,"Yeah,  /","Yeah/UH ,/,",,,146.52,146.74
sw08utt/sw_0862_2707.utt,2/sw2707,2707,90,sv,A,47,2,you probably have rye grass up there.  /,you/PRP probably/RB have/VBP rye/NN grass/NN up/IN there/RB ./.,,,146.98,148.16
sw08utt/sw_0862_2707.utt,2/sw2707,2707,91,sd,A,47,3,We grow bermuda and Saint Augustine here. /,We/PRP grow/VBP bermuda/NNP and/CC Saint/NNP Augustine/NNP here/RB ./.,,,148.16,150.72
sw08utt/sw_0862_2707.utt,2/sw2707,2707,92,sd,B,48,1,"{F Oh, } I would have no idea <laughter>. /","Oh/UH ,/, I/PRP would/MD have/VB no/DT idea/NN ./.",,,150.69,151.98999999999998
sw08utt/sw_0862_2707.utt,2/sw2707,2707,93,b,A,49,1,"Right,  /","Right/UH ,/,",,,152.12,152.4
sw08utt/sw_0862_2707.utt,2/sw2707,2707,94,%,A,49,2,"yeah,  /","yeah/UH ,/,",,,152.44,152.56
sw08utt/sw_0862_2707.utt,2/sw2707,2707,95,sv,A,49,3,"{D see, } you would have to learn that, though,  /","see/UH ,/, you/PRP would/MD have/VB to/TO learn/VB that/DT ,/, though/RB ,/,",,,152.56,154.1
sw08utt/sw_0862_2707.utt,2/sw2707,2707,96,%,A,49,4,{D see } <laughter>. -/,see/UH ./.,,,154.1,154.35999999999999
sw08utt/sw_0862_2707.utt,2/sw2707,2707,97,sd,B,50,1,No idea whatsoever. /,No/DT idea/NN whatsoever/RB ./.,,,154.69,156.41
sw08utt/sw_0862_2707.utt,2/sw2707,2707,98,x,A,51,1,<Laughter>.,,,,0.0,0.0
sw08utt/sw_0862_2707.utt,2/sw2707,2707,99,sd,B,52,1,"Like I said, I'm just a balcony kind of gardener with my little flowers and  my flower boxes and my herbs on --","Like/IN I/PRP said/VBD ,/, I/PRP 'm/VBP just/RB a/DT balcony/NN kind/NN of/IN gardener/NN with/IN my/PRP$ little/JJ flowers/NNS and/CC my/PRP$ flower/NN boxes/NNS and/CC my/PRP$ herbs/NNS on/IN --/:",,,157.11,161.67
sw08utt/sw_0862_2707.utt,2/sw2707,2707,100,b,A,53,1,{F Um. } /,Um/UH ./.,,,161.7,161.76
sw08utt/sw_0862_2707.utt,2/sw2707,2707,101,+,B,54,1,"-- my window sill,  /","--/: my/PRP$ window/NN sill/NN ,/,",,,161.73,162.57
sw08utt/sw_0862_2707.utt,2/sw2707,2707,102,%,B,54,2,"{C and, } -/","and/CC ,/,",,,162.57,162.60999999999999
sw08utt/sw_0862_2707.utt,2/sw2707,2707,103,qy,A,55,1,"Do you have much luck in the Winter,  /","Do/VBP you/PRP have/VB much/JJ luck/NN in/IN the/DT Winter/NN ,/,",,,162.64,163.98
sw08utt/sw_0862_2707.utt,2/sw2707,2707,104,qrr,A,55,2,"{C or }  [ they're, + they're ] [ freeze it, + freeze out ] because the roots are all, in the Winter, {F uh, } - /","or/CC they/PRP 're/VBP ,/, they/PRP 're/VBP freeze/VB it/PRP ,/, freeze/VB out/RP because/IN the/DT roots/NNS are/VBP all/DT ,/, in/IN the/DT Winter/NN ,/, uh/UH ,/,",,,163.98,167.17999999999998
sw08utt/sw_0862_2707.utt,2/sw2707,2707,105,qy,A,55,3,{C or } do you have to start all over every year? /,or/CC do/VBP you/PRP have/VB to/TO start/VB all/RB over/IN every/DT year/NN ?/.,,,167.18,168.62
sw08utt/sw_0862_2707.utt,2/sw2707,2707,106,ny,B,56,1,"Yeah,  /","Yeah/UH ,/,",,,168.59,168.67000000000002
sw08utt/sw_0862_2707.utt,2/sw2707,2707,107,sd^e,B,56,2,I have to start all over every year -- /,I/PRP have/VBP to/TO start/VB all/RB over/IN every/DT year/NN --/:,,,168.67,170.19
sw08utt/sw_0862_2707.utt,2/sw2707,2707,108,b,A,57,1,"Right,  /","Right/UH ,/,",,,170.22,170.4
sw08utt/sw_0862_2707.utt,2/sw2707,2707,109,%,A,57,2,"yeah, /","yeah/UH ,/,",,,170.4,170.48000000000002
sw08utt/sw_0862_2707.utt,2/sw2707,2707,110,sd,B,58,1,"-- {D well, } except, I do have some, {F um, } some day lilies that --","--/: well/UH ,/, except/IN ,/, I/PRP do/VBP have/VB some/DT ,/, um/UH ,/, some/DT day/NN lilies/NNS that/WDT --/:",,,170.75,174.81
sw08utt/sw_0862_2707.utt,2/sw2707,2707,111,b,A,59,1,Uh-huh. /,Uh-huh/UH ./.,,,174.88,175.07999999999998
sw08utt/sw_0862_2707.utt,2/sw2707,2707,112,+,B,60,1,"-- {F um, } {D you know, } I don't do anything with  /","--/: um/UH ,/, you/PRP know/VBP ,/, I/PRP do/VBP n't/RB do/VB anything/NN with/IN",,,175.05,177.01
sw08utt/sw_0862_2707.utt,2/sw2707,2707,113,sd,B,60,2,"{C and } they seem to come back year after year,  /","and/CC they/PRP seem/VBP to/TO come/VB back/RB year/NN after/IN year/NN ,/,",,,177.01,178.58999999999997
sw08utt/sw_0862_2707.utt,2/sw2707,2707,114,sd,B,60,3,{C and } I leave them on my balcony even in --,and/CC I/PRP leave/VBP them/PRP on/IN my/PRP$ balcony/NN even/RB in/IN --/:,,,178.59,179.89
sw08utt/sw_0862_2707.utt,2/sw2707,2707,115,^2,A,61,1,"In the same pot,  /","In/IN the/DT same/JJ pot/NN ,/,",,,179.92,180.64
sw08utt/sw_0862_2707.utt,2/sw2707,2707,116,ba,A,61,2,that's amazing. /,that/DT 's/BES amazing/JJ ./.,,,180.68,181.26
sw08utt/sw_0862_2707.utt,2/sw2707,2707,117,+,B,62,1,"-- in the snow and the Winter, {D you know } --","--/: in/IN the/DT snow/NN and/CC the/DT Winter/NN ,/, you/PRP know/VBP --/:",,,181.51,183.21
sw08utt/sw_0862_2707.utt,2/sw2707,2707,118,b,A,63,1,Uh-huh. /,Uh-huh/UH ./.,,,183.24,183.34
sw08utt/sw_0862_2707.utt,2/sw2707,2707,119,+,B,64,1,"-- in the ice, everything, because here, {D you know, } not as severe as the snow is in Pennsylvania,  /","--/: in/IN the/DT ice/NN ,/, everything/NN ,/, because/IN here/RB ,/, you/PRP know/VBP ,/, not/RB as/RB severe/JJ as/IN the/DT snow/NN is/VBZ in/IN Pennsylvania/NNP ,/,",,,183.31,187.99
sw08utt/sw_0862_2707.utt,2/sw2707,2707,120,sd,B,64,2,{C but } here we still do get some snow and ice and --,but/CC here/RB we/PRP still/RB do/VBP get/VB some/DT snow/NN and/CC ice/NN and/CC --/:,,,187.99,190.35
sw08utt/sw_0862_2707.utt,2/sw2707,2707,121,b,A,65,1,"Yeah, /","Yeah/UH ,/,",,,190.38,190.64
sw08utt/sw_0862_2707.utt,2/sw2707,2707,122,+,B,66,1,-- things like that. /,--/: things/NNS like/IN that/DT ./.,,,190.61,192.59
sw08utt/sw_0862_2707.utt,2/sw2707,2707,123,sd,A,67,1,"I grow a few things in pots,  /","I/PRP grow/VBP a/DT few/JJ things/NNS in/IN pots/NNS ,/,",,,192.62,193.73999999999998
sw08utt/sw_0862_2707.utt,2/sw2707,2707,124,sd,A,67,2,{C but } we have to bring them in here --,but/CC we/PRP have/VBP to/TO bring/VB them/PRP in/IN here/RB --/:,,,193.74,195.02
sw08utt/sw_0862_2707.utt,2/sw2707,2707,125,b,B,68,1,Uh-huh. /,Uh-huh/UH ./.,,,195.29,195.65
sw08utt/sw_0862_2707.utt,2/sw2707,2707,126,+,A,69,1,"-- in the Winter because usually, {F uh, } if it's not below the ground so you can insulate the roots from freezing --","--/: in/IN the/DT Winter/NNP because/IN usually/RB ,/, uh/UH ,/, if/IN it/PRP 's/BES not/RB below/IN the/DT ground/NN so/RB you/PRP can/MD insulate/VB the/DT roots/NNS from/IN freezing/VBG --/:",,,195.68,202.54
sw08utt/sw_0862_2707.utt,2/sw2707,2707,127,b,B,70,1,Uh-huh. /,Uh-huh/UH ./.,,,202.51,202.82999999999998
sw08utt/sw_0862_2707.utt,2/sw2707,2707,128,+,A,71,1,"-- {D you know, } the pots [ will, + will ] die,  /","--/: you/PRP know/VBP ,/, the/DT pots/NNS will/MD ,/, will/MD die/VB ,/,",,,203.08,204.78
sw08utt/sw_0862_2707.utt,2/sw2707,2707,129,sd,A,71,2,everything in a pot will die -- /,everything/NN in/IN a/DT pot/NN will/MD die/VB --/:,,,204.78,205.88000000000002
sw08utt/sw_0862_2707.utt,2/sw2707,2707,130,b,B,72,1,Uh-huh. /,Uh-huh/UH ./.,,,206.35,206.53
sw08utt/sw_0862_2707.utt,2/sw2707,2707,131,sd,A,73,1,"-- {C so, } you can bring them,  /","--/: so/RB ,/, you/PRP can/MD bring/VB them/PRP ,/,",,,206.72,207.58
sw08utt/sw_0862_2707.utt,2/sw2707,2707,132,sd,A,73,2,"{D well, } we do bring stuff in the garage and  everything -- /","well/UH ,/, we/PRP do/VBP bring/VB stuff/NN in/IN the/DT garage/NN and/CC everything/NN --/:",,,207.58,209.26000000000002
sw08utt/sw_0862_2707.utt,2/sw2707,2707,133,b,B,74,1,Uh-huh. /,Uh-huh/UH ./.,,,209.23,209.63
sw08utt/sw_0862_2707.utt,2/sw2707,2707,134,sd,A,75,1,"-- {C but, } {F uh, } it's quite time consuming, by the way.  /","--/: but/CC ,/, uh/UH ,/, it/PRP 's/BES quite/RB time/NN consuming/VBG ,/, by/IN the/DT way/NN ./.",,,210.72,213.51999999999998
sw08utt/sw_0862_2707.utt,2/sw2707,2707,135,sd,A,75,2,"I don't know how close you are to getting a house or anything,  /","I/PRP do/VBP n't/RB know/VB how/WRB close/RB you/PRP are/VBP to/IN getting/VBG a/DT house/NN or/CC anything/NN ,/,",,,213.6,215.78
sw08utt/sw_0862_2707.utt,2/sw2707,2707,136,%,A,75,3,"{C but } it's quite, {F uh. } - /","but/CC it/PRP 's/BES quite/RB ,/, uh/UH ./.",,,215.78,216.52
sw08utt/sw_0862_2707.utt,2/sw2707,2707,137,sv,A,75,4,"{C But } I would definitely do it, - /","But/CC I/PRP would/MD definitely/RB do/VB it/PRP ,/,",,,216.52,218.26
sw08utt/sw_0862_2707.utt,2/sw2707,2707,138,sv,A,75,5,"I'm all for doing everything, - /","I/PRP 'm/VBP all/RB for/IN doing/VBG everything/NN ,/,",,,219.34,220.95999999999998
sw08utt/sw_0862_2707.utt,2/sw2707,2707,139,%,A,75,6,"whether, - /","whether/IN ,/,",,,220.96,221.12
sw08utt/sw_0862_2707.utt,2/sw2707,2707,140,ad,A,75,7,"whatever subject you pick, do it the knowledgeable way -- /","whatever/WDT subject/NN you/PRP pick/VBP ,/, do/VBP it/PRP the/DT knowledgeable/JJ way/NN --/:",,,221.12,224.16
sw08utt/sw_0862_2707.utt,2/sw2707,2707,141,b,B,76,1,Uh-huh. /,Uh-huh/UH ./.,,,224.39,224.69
sw08utt/sw_0862_2707.utt,2/sw2707,2707,142,ad,A,77,1,"-- don't go out there and start digging holes, {F uh, } /","--/: do/VBP n't/RB go/VB out/IN there/RB and/CC start/VB digging/VBG holes/NNS ,/, uh/UH ,/,",,,225.04,226.82
sw08utt/sw_0862_2707.utt,2/sw2707,2707,143,aa,B,78,1,"Right,  /","Right/UH ,/,",,,226.79,227.19
sw08utt/sw_0862_2707.utt,2/sw2707,2707,144,aa^r,B,78,2,"right,  /","right/NN ,/,",,,227.35,227.63
sw08utt/sw_0862_2707.utt,2/sw2707,2707,145,aa,B,78,3,I agree with that. /,I/PRP agree/VBP with/IN that/DT ./.,,,227.63,228.48999999999998
sw08utt/sw_0862_2707.utt,2/sw2707,2707,146,ad,A,79,1,Get some books of whether it be Pennsylvania or Virginia --,Get/VB some/DT books/NNS of/IN whether/IN it/PRP be/VBP Pennsylvania/NNP or/CC Virginia/NNP --/:,,,228.52,230.64
sw08utt/sw_0862_2707.utt,2/sw2707,2707,147,b,B,80,1,Uh-huh. /,Uh-huh/UH ./.,,,230.83,231.13000000000002
sw08utt/sw_0862_2707.utt,2/sw2707,2707,148,+,A,81,1,"-- [ as, + as ] well as, - /","--/: as/RB ,/, as/RB well/RB as/IN ,/,",,,231.16,232.5
sw08utt/sw_0862_2707.utt,2/sw2707,2707,149,sv,A,81,2,"not your neighbors, of course, they usually know nothing  /","not/RB your/PRP$ neighbors/NNS ,/, of/IN course/NN ,/, they/PRP usually/RB know/VBP nothing/NN",,,232.6,234.66000000000003
sw08utt/sw_0862_2707.utt,2/sw2707,2707,150,o@,A,81,3,"{C but, }","but/CC ,/,",,,234.66,234.84
sw08utt/sw_0862_2707.utt,2/sw2707,2707,151,x,B,82,1,<Laughter>.,,,,0.0,0.0
sw08utt/sw_0862_2707.utt,2/sw2707,2707,152,+@,A,83,1,"listen to still, - /","listen/VB to/IN still/RB ,/,",,,236.6,237.38
sw08utt/sw_0862_2707.utt,2/sw2707,2707,153,sd,A,83,2,then there's always a gardening part of the newspaper --,then/RB there/EX 's/BES always/RB a/DT gardening/NN part/NN of/IN the/DT newspaper/NN --/:,,,237.46,239.82000000000002
sw08utt/sw_0862_2707.utt,2/sw2707,2707,154,b,B,84,1,"Uh-huh,  /","Uh-huh/UH ,/,",,,239.79,240.01
sw08utt/sw_0862_2707.utt,2/sw2707,2707,155,%,B,84,2,"yeah, /","yeah/UH ,/,",,,240.01,240.10999999999999
sw08utt/sw_0862_2707.utt,2/sw2707,2707,156,+,A,85,1,"-- or communications, as well as, I bet there's a talk show up there right now that [ you, + ] if you turn the dial around --","--/: or/CC communications/NNS ,/, as/RB well/RB as/IN ,/, I/PRP bet/VBP there/EX 's/BES a/DT talk/NN show/NN up/IN there/RB right/RB now/RB that/WDT you/PRP ,/, if/IN you/PRP turn/VBP the/DT dial/NN around/RB --/:",,,240.14,245.86
sw08utt/sw_0862_2707.utt,2/sw2707,2707,157,b,B,86,1,Uh-huh. /,Uh-huh/UH ./.,,,246.07,246.41
sw08utt/sw_0862_2707.utt,2/sw2707,2707,158,+,A,87,1,"-- you'll, - /","--/: you/PRP 'll/MD ,/,",,,246.44,246.78
sw08utt/sw_0862_2707.utt,2/sw2707,2707,159,sd,A,87,2,"on Saturday, -/","on/IN Saturday/NNP ,/,",,,246.78,247.44
sw08utt/sw_0862_2707.utt,2/sw2707,2707,160,x,B,88,1,<Cough>.,,,,0.0,0.0
sw08utt/sw_0862_2707.utt,2/sw2707,2707,161,sd,A,89,1,"this is Saturday, - /","this/DT is/VBZ Saturday/NNP ,/,",,,247.6,248.32000000000002
sw08utt/sw_0862_2707.utt,2/sw2707,2707,162,%,A,89,2,that - /,that/IN,,,248.86,248.94000000000003
sw08utt/sw_0862_2707.utt,2/sw2707,2707,163,sd,A,89,3,"you'll find someone, probably in the morning,  I don't know --","you/PRP 'll/MD find/VB someone/NN ,/, probably/RB in/IN the/DT morning/NN ,/, I/PRP do/VBP n't/RB know/VB --/:",,,248.96,251.85999999999999
sw08utt/sw_0862_2707.utt,2/sw2707,2707,164,b,B,90,1,Uh-huh. /,Uh-huh/UH ./.,,,252.05,252.19
sw08utt/sw_0862_2707.utt,2/sw2707,2707,165,+,A,91,1,"-- discussing, {D you know, } what we do up in Virginia to get something growing -- /","--/: discussing/VBG ,/, you/PRP know/VBP ,/, what/WP we/PRP do/VBP up/IN in/IN Virginia/NNP to/TO get/VB something/NN growing/VBG --/:",,,252.88,256.14
sw08utt/sw_0862_2707.utt,2/sw2707,2707,166,b,B,92,1,Yeah. /,Yeah/UH ./.,,,256.11,256.21000000000004
sw08utt/sw_0862_2707.utt,2/sw2707,2707,167,sv,A,93,1,"-- you probably don't have to do much over there,  /","--/: you/PRP probably/RB do/VBP n't/RB have/VB to/TO do/VB much/JJ over/IN there/RB ,/,",,,256.24,257.52000000000004
sw08utt/sw_0862_2707.utt,2/sw2707,2707,168,sv,A,93,2,the soil's probably so  good -- /,the/DT soil/NN 's/BES probably/RB so/RB good/JJ --/:,,,257.52,258.52
sw08utt/sw_0862_2707.utt,2/sw2707,2707,169,b,B,94,1,Uh-huh. /,Uh-huh/UH ./.,,,259.07,259.45
sw08utt/sw_0862_2707.utt,2/sw2707,2707,170,sv,A,95,1,-- our soil's not very good down here.  /,--/: our/PRP$ soil/NN 's/POS not/RB very/RB good/JJ down/IN here/RB ./.,,,259.7,261.06
sw08utt/sw_0862_2707.utt,2/sw2707,2707,171,%,A,95,2,We're -- -/,We/PRP 're/VBP --/:,,,261.06,261.36
sw08utt/sw_0862_2707.utt,2/sw2707,2707,172,b,B,96,1,Uh-huh. /,Uh-huh/UH ./.,,,261.41,261.61
sw08utt/sw_0862_2707.utt,2/sw2707,2707,173,sv,A,97,1,"-- I guess in the ice age, [ [ it, + it, ] + it's ] pushed a lot of, {F uh, } limestone and  everything,","--/: I/PRP guess/VBP in/IN the/DT ice/NN age/NN ,/, it/PRP ,/, it/PRP ,/, it/PRP 's/HVS pushed/VBN a/DT lot/NN of/IN ,/, uh/UH ,/, limestone/NN and/CC everything/NN ,/,",,,262.66,268.74
sw08utt/sw_0862_2707.utt,2/sw2707,2707,174,x,B,98,1,<Cough>.,,,,0.0,0.0
sw08utt/sw_0862_2707.utt,2/sw2707,2707,175,+,A,99,1,"to some parts of Dallas you just can dig a foot down and you hit solid limestone, {D you know } -- /","to/IN some/DT parts/NNS of/IN Dallas/NNP you/PRP just/RB can/MD dig/VB a/DT foot/NN down/RB and/CC you/PRP hit/VBD solid/JJ limestone/NN ,/, you/PRP know/VBP --/:",,,268.74,273.72
sw08utt/sw_0862_2707.utt,2/sw2707,2707,176,ba,B,100,1,"Wow, uh-huh. /","Wow/UH ,/, uh-huh/UH ./.",,,273.69,274.57
sw08utt/sw_0862_2707.utt,2/sw2707,2707,177,sv,A,101,1,"-- {C so, } {F uh, } I think all the trees that are here now were planted kind of like the Johnny Appleseed type trees, where people have come from, - /","--/: so/RB ,/, uh/UH ,/, I/PRP think/VBP all/PDT the/DT trees/NNS that/WDT are/VBP here/RB now/RB were/VBD planted/VBN kind/RB of/RB like/IN the/DT Johnny/NNP Appleseed/NNP type/NN trees/NNS ,/, where/WRB people/NNS have/VBP come/VBN from/IN ,/,",,,274.74,283.16
sw08utt/sw_0862_2707.utt,2/sw2707,2707,178,sv,A,101,2,"I'm sure the Indians were here there was nothing growing in this part of Dallas,  /","I/PRP 'm/VBP sure/JJ the/DT Indians/NNPS were/VBD here/RB there/EX was/VBD nothing/NN growing/VBG in/IN this/DT part/NN of/IN Dallas/NNP ,/,",,,283.18,286.88
sw08utt/sw_0862_2707.utt,2/sw2707,2707,179,sd,A,101,3,it's so scrubby --,it/PRP 's/BES so/RB scrubby/JJ --/:,,,286.88,287.6
sw08utt/sw_0862_2707.utt,2/sw2707,2707,180,b,B,102,1,Uh-huh. /,Uh-huh/UH ./.,,,289.03,289.21
sw08utt/sw_0862_2707.utt,2/sw2707,2707,181,+,A,103,1,"-- {F uh, }  /","--/: uh/UH ,/,",,,289.24,289.40000000000003
sw08utt/sw_0862_2707.utt,2/sw2707,2707,182,sv,A,103,2,"{C and } I think that we even got our famous hundred year old pecan trees from Alabama and all that, too -- /","and/CC I/PRP think/VBP that/IN we/PRP even/RB got/VBD our/PRP$ famous/JJ hundred/CD year/NN old/JJ pecan/NN trees/NNS from/IN Alabama/NNP and/CC all/DT that/DT ,/, too/RB --/:",,,290.32,297.02
sw08utt/sw_0862_2707.utt,2/sw2707,2707,183,b,B,104,1,Uh-huh. /,Uh-huh/UH ./.,,,297.23,297.45000000000005
sw08utt/sw_0862_2707.utt,2/sw2707,2707,184,sd,A,105,1,"-- [ we, + we ] call them native pecan trees  /","--/: we/PRP ,/, we/PRP call/VBP them/PRP native/JJ pecan/NN trees/NNS",,,298.02,299.82
sw08utt/sw_0862_2707.utt,2/sw2707,2707,185,sd,A,105,2,"{C but, } they grow wild here,  /","but/CC ,/, they/PRP grow/VBP wild/JJ here/RB ,/,",,,299.82,300.98
sw08utt/sw_0862_2707.utt,2/sw2707,2707,186,sd,A,105,3,they're eating pecans though <noise>.  /,they/PRP 're/VBP eating/VBG pecans/NNS though/RB ./.,,,302.0,303.29999999999995
sw08utt/sw_0862_2707.utt,2/sw2707,2707,187,sv,A,105,4,"Pecans are probably not taken from Virginia,  /","Pecans/NNS are/VBP probably/RB not/RB taken/VBN from/IN Virginia/NNP ,/,",,,303.64,305.15999999999997
sw08utt/sw_0862_2707.utt,2/sw2707,2707,188,sv,A,105,5,they're probably only in the South --,they/PRP 're/VBP probably/RB only/RB in/IN the/DT South/NNP --/:,,,305.16,306.58
sw08utt/sw_0862_2707.utt,2/sw2707,2707,189,b,B,106,1,"Uh-huh,  /","Uh-huh/UH ,/,",,,306.75,307.11
sw08utt/sw_0862_2707.utt,2/sw2707,2707,190,b,B,106,2,right  /,right/UH,,,307.29,307.41
sw08utt/sw_0862_2707.utt,2/sw2707,2707,191,%,B,106,3,"I'm, -/","I/PRP 'm/VBP ,/,",,,307.41,307.59000000000003
sw08utt/sw_0862_2707.utt,2/sw2707,2707,192,+,A,107,1,"-- for pecan pie and all that,  /","--/: for/IN pecan/NN pie/NN and/CC all/DT that/DT ,/,",,,307.62,308.68
sw08utt/sw_0862_2707.utt,2/sw2707,2707,193,sd,A,107,2,"it's what they call [ pecan, + pecan ] pie up there in the East. /","it/PRP 's/BES what/WP they/PRP call/VBP pecan/NN ,/, pecan/NN pie/NN up/IN there/RB in/IN the/DT East/NNP ./.",,,309.42,312.0
sw08utt/sw_0862_2707.utt,2/sw2707,2707,194,b,B,108,1,Uh-huh. /,Uh-huh/UH ./.,,,312.53,312.80999999999995
sw08utt/sw_0862_2707.utt,2/sw2707,2707,195,sd,A,109,1,"((   ))  from Pennsylvania and New Jersey, - /","MUMBLEx/XX from/IN Pennsylvania/NNP and/CC New/NNP Jersey/NNP ,/,",,,313.28,314.34000000000003
sw08utt/sw_0862_2707.utt,2/sw2707,2707,196,sd,A,109,2,I'm from New Jersey originally. /,I/PRP 'm/VBP from/IN New/NNP Jersey/NNP originally/RB ./.,,,314.34,315.34
sw08utt/sw_0862_2707.utt,2/sw2707,2707,197,b,B,110,1,"Uh-huh,  /","Uh-huh/UH ,/,",,,315.45,315.69
sw08utt/sw_0862_2707.utt,2/sw2707,2707,198,sv,B,110,2,"{F oh, } you don't sound like it <laughter>. /","oh/UH ,/, you/PRP do/VBP n't/RB sound/VB like/IN it/PRP ./.",,,315.69,316.77
sw08utt/sw_0862_2707.utt,2/sw2707,2707,199,b,A,111,1,"Yeah,  /","Yeah/UH ,/,",,,317.15,317.22999999999996
sw08utt/sw_0862_2707.utt,2/sw2707,2707,200,sd,A,111,2,"I've worked on that <laughter>  with a little chewing gum, which I shouldn't do, {F uh, } /","I/PRP 've/VBP worked/VBN on/IN that/DT with/IN a/DT little/JJ chewing/NN gum/NN ,/, which/WDT I/PRP should/MD n't/RB do/VB ,/, uh/UH ,/,",,,317.23,321.85
sw08utt/sw_0862_2707.utt,2/sw2707,2707,201,b,B,112,1,Uh-huh  /,Uh-huh/UH,,,321.83,322.21
sw08utt/sw_0862_2707.utt,2/sw2707.pos,2707,202,x,B,112,2,<laughter>.,./.,,,0.0,0.0
sw08utt/sw_0862_2707.utt,2/sw2707,2707,203,ad,A,113,1,"Go ahead,  /","Go/VB ahead/RB ,/,",,,322.37,322.81
sw08utt/sw_0862_2707.utt,2/sw2707,2707,204,qw^t,A,113,2,"[ you, + ] how many times have you called by the way,  /","you/PRP ,/, how/WRB many/JJ times/NNS have/VBP you/PRP called/VBN by/IN the/DT way/NN ,/,",,,324.37,326.63
sw08utt/sw_0862_2707.utt,2/sw2707,2707,205,qw^t,A,113,3,{C or } how many times have you been called? /,or/CC how/WRB many/JJ times/NNS have/VBP you/PRP been/VBN called/VBN ?/.,,,326.63,328.61
sw08utt/sw_0862_2707.utt,2/sw2707,2707,206,sd^t,B,114,1,"{F Um, } I've been called a lot,  /","Um/UH ,/, I/PRP 've/VBP been/VBN called/VBN a/DT lot/NN ,/,",,,328.59,330.04999999999995
sw08utt/sw_0862_2707.utt,2/sw2707,2707,207,sd^t,B,114,2,"at the times, though, it's been not very appropriate,  /","at/IN the/DT times/NNS ,/, though/RB ,/, it/PRP 's/HVS been/VBN not/RB very/RB appropriate/JJ ,/,",,,330.41,333.78999999999996
sw08utt/sw_0862_2707.utt,2/sw2707,2707,208,sd^t,B,114,3,"I guess, that I haven't been able to actually participate.  /","I/PRP guess/VBP ,/, that/IN I/PRP have/VBP n't/RB been/VBN able/JJ to/TO actually/UH participate/VB ./.",,,333.79,335.75
sw08utt/sw_0862_2707.utt,2/sw2707,2707,209,sd^t,B,114,4,"I've participated probably in about maybe, I don't know, seven calls -- /","I/PRP 've/VBP participated/VBN probably/RB in/IN about/RB maybe/RB ,/, I/PRP do/VBP n't/RB know/VB ,/, seven/CD calls/NNS --/:",,,335.75,338.96999999999997
sw08utt/sw_0862_2707.utt,2/sw2707,2707,210,b,A,115,1,Uh-huh. /,Uh-huh/UH ./.,,,338.99,339.09000000000003
sw08utt/sw_0862_2707.utt,2/sw2707,2707,211,sd^t,B,116,1,"-- {C and } {D you know, } I've called a couple of times,  /","--/: and/CC you/PRP know/VBP ,/, I/PRP 've/VBP called/VBN a/DT couple/NN of/IN times/NNS ,/,",,,339.07,341.09000000000003
sw08utt/sw_0862_2707.utt,2/sw2707,2707,212,sv^t,B,116,2,"{C but } most of the time I notice that, {F um, } {D you know, } it takes forever to get a call through. /","but/CC most/RBS of/IN the/DT time/NN I/PRP notice/VBP that/IN ,/, um/UH ,/, you/PRP know/VBP ,/, it/PRP takes/VBZ forever/RB to/TO get/VB a/DT call/NN through/RB ./.",,,341.09,345.27000000000004
sw08utt/sw_0862_2707.utt,2/sw2707,2707,213,b,A,117,1,"{F Oh, } yeah,  /","Oh/UH ,/, yeah/UH ,/,",,,345.29,345.83
sw08utt/sw_0862_2707.utt,2/sw2707,2707,214,%,A,117,2,"today, - /","today/NN ,/,",,,345.83,346.13
sw08utt/sw_0862_2707.utt,2/sw2707,2707,215,sd,A,117,3,"that's what I'm saying,  /","that/DT 's/BES what/WP I/PRP 'm/VBP saying/VBG ,/,",,,346.13,346.75
sw08utt/sw_0862_2707.utt,2/sw2707,2707,216,sd^t,A,117,4,"today, [ I was, + I got ] to laugh, because I tried it this morning,  /","today/NN ,/, I/PRP was/VBD ,/, I/PRP got/VBD to/TO laugh/VB ,/, because/IN I/PRP tried/VBD it/PRP this/DT morning/NN ,/,",,,346.75,349.15000000000003
sw08utt/sw_0862_2707.utt,2/sw2707,2707,217,sd,A,117,5,"{C and } I thought everybody was gardening,  /","and/CC I/PRP thought/VBD everybody/NN was/VBD gardening/VBG ,/,",,,349.15,350.89000000000004
sw08utt/sw_0862_2707.utt,2/sw2707,2707,218,%,A,117,6,"I thought, - /","I/PRP thought/VBD ,/,",,,350.95,351.15
sw08utt/sw_0862_2707.utt,2/sw2707,2707,219,nn,A,117,7,"{D Well, } no -- /","Well/UH ,/, no/UH --/:",,,351.15,351.47
sw08utt/sw_0862_2707.utt,2/sw2707,2707,220,b,B,118,1,Yeah. /,Yeah/UH ./.,,,351.45,351.71
sw08utt/sw_0862_2707.utt,2/sw2707,2707,221,nn,A,119,1,-- no.  /,--/: no/UH ./.,,,351.73,351.83000000000004
sw08utt/sw_0862_2707.utt,2/sw2707,2707,222,sv^t,A,119,2,"This is a great subject because they're out there gardening, {D you know, } /","This/DT is/VBZ a/DT great/JJ subject/NN because/IN they/PRP 're/VBP out/IN there/RB gardening/VBG ,/, you/PRP know/VBP ,/,",,,351.83,353.72999999999996
sw08utt/sw_0862_2707.utt,2/sw2707,2707,223,b,B,120,1,"Uh-huh,  /","Uh-huh/UH ,/,",,,354.35,354.53000000000003
sw08utt/sw_0862_2707.utt,2/sw2707,2707,224,b^r,B,120,2,uh-huh. /,uh-huh/UH ./.,,,354.53,354.71
sw08utt/sw_0862_2707.utt,2/sw2707,2707,225,sd,A,121,1,I didn't tell you what our weather is like.  /,I/PRP did/VBD n't/RB tell/VB you/PRP what/WP our/PRP$ weather/NN is/VBZ like/IN ./.,,,355.09,356.17
sw08utt/sw_0862_2707.utt,2/sw2707,2707,226,sd,A,121,2,It is beautiful here --,It/PRP is/VBZ beautiful/JJ here/RB --/:,,,356.17,357.10999999999996
sw08utt/sw_0862_2707.utt,2/sw2707,2707,227,b,B,122,1,Uh-huh. /,Uh-huh/UH ./.,,,357.09,357.34999999999997
sw08utt/sw_0862_2707.utt,2/sw2707,2707,228,+,A,123,1,"-- today, /","--/: today/NN ,/,",,,357.37,357.73
sw08utt/sw_0862_2707.utt,2/sw2707,2707,229,b,B,124,1,"Yeah,  /","Yeah/UH ,/,",,,358.29,358.43
sw08utt/sw_0862_2707.utt,2/sw2707,2707,230,sd,B,124,2,"it's like eighty-five degrees here, /","it/PRP 's/BES like/IN eighty-five/CD degrees/NNS here/RB ,/,",,,358.43,359.73
sw08utt/sw_0862_2707.utt,2/sw2707,2707,231,sd,A,125,1,It's not quite that hot.  /,It/PRP 's/BES not/RB quite/RB that/RB hot/JJ ./.,,,360.21,361.15
sw08utt/sw_0862_2707.utt,2/sw2707,2707,232,%,A,125,2,"Yeah,  /","Yeah/UH ,/,",,,361.31,361.41
sw08utt/sw_0862_2707.utt,2/sw2707,2707,233,sd,A,125,3,we've had a real nice mild Spring.  /,we/PRP 've/VBP had/VBN a/DT real/RB nice/JJ mild/JJ Spring/NNP ./.,,,361.41,363.45
sw08utt/sw_0862_2707.utt,2/sw2707,2707,234,qy^d,A,125,4,"You might have seen, if you've seen the news today about all the tornados here that were --","You/PRP might/MD have/VB seen/VBN ,/, if/IN you/PRP 've/VBP seen/VBN the/DT news/NN today/NN about/IN all/PDT the/DT tornados/NNS here/RB that/WDT were/VBD --/:",,,363.45,368.89
sw08utt/sw_0862_2707.utt,2/sw2707,2707,235,nn,B,126,1,"No,  /","No/UH ,/,",,,368.87,369.09000000000003
sw08utt/sw_0862_2707.utt,2/sw2707,2707,236,sd^e,B,126,2,I haven't /,I/PRP have/VBP n't/RB,,,369.13,369.57
sw08utt/sw_0862_2707.utt,2/sw2707,2707,237,+,A,127,1,-- north of us.  /,--/: north/RB of/IN us/PRP ./.,,,369.59,370.77
sw08utt/sw_0862_2707.utt,2/sw2707,2707,238,qy^d,A,127,2,"{F Uh, } I don't know if you get C N N.  /","Uh/UH ,/, I/PRP do/VBP n't/RB know/VB if/IN you/PRP get/VBP C/NNP N/NNP N/NNP ./.",,,370.77,372.61
sw08utt/sw_0862_2707.utt,2/sw2707,2707,239,sd,A,127,3,I don't get C N N  /,I/PRP do/VBP n't/RB get/VB C/NNP N/NNP N/NNP,,,372.61,373.39
sw08utt/sw_0862_2707.utt,2/sw2707,2707,240,sd,A,127,4,{C but } it's here at work -- /,but/CC it/PRP 's/BES here/RB at/IN work/NN --/:,,,373.39,374.05
sw08utt/sw_0862_2707.utt,2/sw2707,2707,241,b,B,128,1,Uh-huh. /,Uh-huh/UH ./.,,,374.03,374.19
sw08utt/sw_0862_2707.utt,2/sw2707,2707,242,sd,A,129,1,"-- in fact, I'm at work today, believe it or not. /","--/: in/IN fact/NN ,/, I/PRP 'm/VBP at/IN work/NN today/NN ,/, believe/VBP it/PRP or/CC not/RB ./.",,,374.21,375.65000000000003
sw08utt/sw_0862_2707.utt,2/sw2707,2707,243,b,B,130,1,"{F Oh, } uh-huh. /","Oh/UH ,/, uh-huh/UH ./.",,,375.63,376.10999999999996
sw08utt/sw_0862_2707.utt,2/sw2707,2707,244,sd,A,131,1,"{C But, } {F uh, } they have T V -s in the break areas -- /","But/CC ,/, uh/UH ,/, they/PRP have/VBP T/NN V/NN -s/NNS in/IN the/DT break/NN areas/NNS --/:",,,376.37,379.81
sw08utt/sw_0862_2707.utt,2/sw2707,2707,245,b,B,132,1,Uh-huh. /,Uh-huh/UH ./.,,,380.07,380.27
sw08utt/sw_0862_2707.utt,2/sw2707,2707,246,sd,A,133,1,"-- {C and } there was some heavy tornados, {F uh, } I guess in Kansas,  /","--/: and/CC there/EX was/VBD some/DT heavy/JJ tornados/NNS ,/, uh/UH ,/, I/PRP guess/VBP in/IN Kansas/NNP ,/,",,,380.29,384.61
sw08utt/sw_0862_2707.utt,2/sw2707,2707,247,sd,A,133,2,quite a few people were killed.  /,quite/RB a/DT few/JJ people/NNS were/VBD killed/VBN ./.,,,384.69,385.47
sw08utt/sw_0862_2707.utt,2/sw2707,2707,248,sv,A,133,3,You'll see that on the evening news. /,You/PRP 'll/MD see/VB that/DT on/IN the/DT evening/NN news/NN ./.,,,385.47,386.35
sw08utt/sw_0862_2707.utt,2/sw2707,2707,249,ba,B,134,1,"{F Oh, } {D my, } uh-huh. /","Oh/UH ,/, my/UH ,/, uh-huh/UH ./.",,,386.37,387.17
sw08utt/sw_0862_2707.utt,2/sw2707,2707,250,b,A,135,1,"{F Uh, } /","Uh/UH ,/,",,,387.19,387.25
sw08utt/sw_0862_2707.utt,2/sw2707,2707,251,cc,B,136,1,I'll have to make sure I catch that. /,I/PRP 'll/MD have/VB to/TO make/VB sure/JJ I/PRP catch/VBP that/DT ./.,,,387.57,388.73
sw08utt/sw_0862_2707.utt,2/sw2707,2707,252,sv^t,A,137,1,"Tornados, {F uh, } which is not the right subject, /","Tornados/NNS ,/, uh/UH ,/, which/WDT is/VBZ not/RB the/DT right/JJ subject/NN ,/,",,,389.11,391.43
sw08utt/sw_0862_2707.utt,2/sw2707,2707,253,x,B,138,1,<Laughter>.,,,,0.0,0.0
sw08utt/sw_0862_2707.utt,2/sw2707,2707,254,sd,A,139,1,"{C but, } {F uh, } they blow through here all in the Spring.  /","but/CC ,/, uh/UH ,/, they/PRP blow/VBP through/IN here/RB all/DT in/NN the/DT Spring/NN ./.",,,391.51,394.35
sw08utt/sw_0862_2707.utt,2/sw2707,2707,255,sd,A,139,2,"I guess it's related somewhat to the weather, {D you know } --","I/PRP guess/VBP it/PRP 's/BES related/VBN somewhat/RB to/IN the/DT weather/NN ,/, you/PRP know/VBP --/:",,,394.35,396.17
sw08utt/sw_0862_2707.utt,2/sw2707,2707,256,b,B,140,1,Uh-huh. /,Uh-huh/UH ./.,,,396.15,396.39
sw08utt/sw_0862_2707.utt,2/sw2707,2707,257,+,A,141,1,"-- [ and, + and ] the plants and all [ that, + that, ] {F uh } -- /","--/: and/CC ,/, and/CC the/DT plants/NNS and/CC all/DT that/DT ,/, that/IN ,/, uh/UH --/:",,,396.41,398.45
sw08utt/sw_0862_2707.utt,2/sw2707,2707,258,b,B,142,1,Uh-huh. /,Uh-huh/UH ./.,,,398.43,398.57
sw08utt/sw_0862_2707.utt,2/sw2707,2707,259,sd,A,143,1,"-- sometimes they do essentially nothing,  /","--/: sometimes/RB they/PRP do/VBP essentially/RB nothing/NN ,/,",,,398.63,400.51
sw08utt/sw_0862_2707.utt,2/sw2707,2707,260,sd,A,143,2,"{C and } the weather men yesterday were all alert,  /","and/CC the/DT weather/NN men/NNS yesterday/NN were/VBD all/DT alert/JJ ,/,",,,401.55,404.57
sw08utt/sw_0862_2707.utt,2/sw2707,2707,261,sd,A,143,3,"{D say, } {D hey, } there's something really terrible going to happen,  /","say/UH ,/, hey/UH ,/, there/EX 's/BES something/NN really/RB terrible/JJ going/VBG to/TO happen/VB ,/,",,,404.57,406.63
sw08utt/sw_0862_2707.utt,2/sw2707,2707,262,sd,A,143,4,"{C and } [ they, + they ] sure were right,  /","and/CC they/PRP ,/, they/PRP sure/RB were/VBD right/JJ ,/,",,,406.63,407.47
sw08utt/sw_0862_2707.utt,2/sw2707,2707,263,sd,A,143,5,"{C but } it wasn't in Texas,  /","but/CC it/PRP was/VBD n't/RB in/IN Texas/NNP ,/,",,,407.47,408.39
sw08utt/sw_0862_2707.utt,2/sw2707,2707,264,sd,A,143,6,it was --,it/PRP was/VBD --/:,,,408.39,408.63
sw08utt/sw_0862_2707.utt,2/sw2707,2707,265,b,B,144,1,Uh-huh. /,Uh-huh/UH ./.,,,408.61,408.93
sw08utt/sw_0862_2707.utt,2/sw2707,2707,266,+,A,145,1,-- north of us.  /,--/: north/RB of/IN us/PRP ./.,,,409.39,410.01
sw08utt/sw_0862_2707.utt,2/sw2707,2707,267,%,A,145,2,"Yeah,  /","Yeah/UH ,/,",,,410.01,410.17
sw08utt/sw_0862_2707.utt,2/sw2707,2707,268,ad,A,145,3,"look at the news tonight,  /","look/VB at/IN the/DT news/NN tonight/RB ,/,",,,410.17,410.85
sw08utt/sw_0862_2707.utt,2/sw2707,2707,269,sd,A,145,4,"[ [ they'll, + they'll ] -- +","they/PRP 'll/MD ,/, they/PRP 'll/MD --/:",,,410.85,411.27
sw08utt/sw_0862_2707.utt,2/sw2707,2707,270,cc^r,B,146,1,"I'll have to make sure I catch that, /","I/PRP 'll/MD have/VB to/TO make/VB sure/JJ I/PRP catch/VBP that/DT ,/,",,,411.65,412.43
sw08utt/sw_0862_2707.utt,2/sw2707,2707,271,+,A,147,1,"-- they ] claim thirty odd people were killed up in Kansas City, Kansas, /","--/: they/PRP claim/VBP thirty/CD odd/JJ people/NNS were/VBD killed/VBN up/IN in/IN Kansas/NNP City/NNP ,/, Kansas/NNP ,/,",,,412.45,415.27
sw08utt/sw_0862_2707.utt,2/sw2707,2707,272,b,B,148,1,"{F Uh, } Uh-huh. /","Uh/UH ,/, Uh-huh/UH ./.",,,415.51,415.89
sw08utt/sw_0862_2707.utt,2/sw2707,2707,273,ad,A,149,1,"{D Anyway, } back on planting.  /","Anyway/UH ,/, back/RB on/IN planting/NN ./.",,,416.81,419.77
sw08utt/sw_0862_2707.utt,2/sw2707,2707,274,sd^t,A,149,2,"{F Uh, }  ((   )) . It is very interesting, {F uh, } subject,  /","Uh/UH ,/, MUMBLEx/XX ./. It/PRP is/VBZ very/RB interesting/JJ ,/, uh/UH ,/, subject/NN ,/,",,,419.77,423.05
sw08utt/sw_0862_2707.utt,2/sw2707,2707,275,sd,A,149,3,"{F uh, } [ when you, + when ] did you get a house, {F uh, }  /","uh/UH ,/, when/WRB you/PRP ,/, when/WRB did/VBD you/PRP get/VBP a/DT house/NN ,/, uh/UH ,/,",,,423.05,426.11
sw08utt/sw_0862_2707.utt,2/sw2707,2707,276,sv,A,149,4,"[ your, + your ] trees grow up so well up there,  /","your/PRP$ ,/, your/PRP$ trees/NNS grow/VBP up/RP so/RB well/RB up/IN there/RB ,/,",,,426.29,427.89
sw08utt/sw_0862_2707.utt,2/sw2707,2707,277,sd,A,149,5,{C but } I'm sure you have plenty of trees. /,but/CC I/PRP 'm/VBP sure/JJ you/PRP have/VBP plenty/JJ of/IN trees/NNS ./.,,,427.89,429.41
sw08utt/sw_0862_2707.utt,2/sw2707,2707,278,b,B,150,1,Uh-huh. /,Uh-huh/UH ./.,,,429.59,429.83
sw08utt/sw_0862_2707.utt,2/sw2707,2707,279,sv,A,151,1,"[ That, + that ] is a key thing for shade --","That/DT ,/, that/DT is/VBZ a/DT key/JJ thing/NN for/IN shade/NN --/:",,,430.23,432.11
sw08utt/sw_0862_2707.utt,2/sw2707,2707,280,b,B,152,1,Uh-huh. /,Uh-huh/UH ./.,,,432.35,432.75
sw08utt/sw_0862_2707.utt,2/sw2707,2707,281,+,A,153,1,"-- and keeping your bills down, {F uh, }  /","--/: and/CC keeping/VBG your/PRP$ bills/NNS down/RP ,/, uh/UH ,/,",,,433.33,434.63
sw08utt/sw_0862_2707.utt,2/sw2707,2707,282,sv,A,153,2,"I guess you have mostly pine trees,  /","I/PRP guess/VBP you/PRP have/VBP mostly/JJ pine/NN trees/NNS ,/,",,,437.35,438.63000000000005
sw08utt/sw_0862_2707.utt,2/sw2707,2707,283,qw,A,153,3,{C but } where in Virginia are you all? /,but/CC where/WRB in/IN Virginia/NNP are/VBP you/PRP all/DT ?/.,,,438.63,439.67
sw08utt/sw_0862_2707.utt,2/sw2707,2707,284,sd,B,154,1,"{F Um, } right now, the District,  /","Um/UH ,/, right/RB now/RB ,/, the/DT District/NNP ,/,",,,440.07,441.79
sw08utt/sw_0862_2707.utt,2/sw2707,2707,285,sd,B,154,2,Washington -- /,Washington/NNP --/:,,,441.87,442.43
sw08utt/sw_0862_2707.utt,2/sw2707,2707,286,b,A,155,1,Uh-huh. /,Uh-huh/UH ./.,,,442.91,443.05
sw08utt/sw_0862_2707.utt,2/sw2707,2707,287,sd,B,156,1,"-- {F um, } in Fairfax, Virginia.  /","--/: um/UH ,/, in/IN Fairfax/NNP ,/, Virginia/NNP ./.",,,443.05,444.39000000000004
sw08utt/sw_0862_2707.utt,2/sw2707,2707,288,sd,B,156,2,"It's fifteen miles west of Washington, D C. /","It/PRP 's/BES fifteen/CD miles/NNS west/RB of/IN Washington/NNP ,/, D/NNP C/NNP ./.",,,444.69,446.73
sw08utt/sw_0862_2707.utt,2/sw2707,2707,289,qy,A,157,1,"{F Oh, } do you have the cherry blossoms [ there, +  in there ] or not? /","Oh/UH ,/, do/VBP you/PRP have/VB the/DT cherry/NN blossoms/NNS there/RB ,/, in/IN there/RB or/CC not/RB ?/.",,,447.01,449.59000000000003
sw08utt/sw_0862_2707.utt,2/sw2707,2707,290,ny,B,158,1,"Yeah,  /","Yeah/UH ,/,",,,449.59,449.81
sw08utt/sw_0862_2707.utt,2/sw2707,2707,291,sd^e,B,158,2,"[ there's, + there's ] a few,  /","there/EX 's/BES ,/, there/EX 's/BES a/DT few/NN ,/,",,,449.81,450.79
sw08utt/sw_0862_2707.utt,2/sw2707,2707,292,sd,B,158,3,"not, {D you know, } nearly as many as what's actually in the District.  /","not/RB ,/, you/PRP know/VBP ,/, nearly/RB as/RB many/JJ as/IN what/WP 's/BES actually/UH in/IN the/DT District/NNP ./.",,,450.79,453.61
sw08utt/sw_0862_2707.utt,2/sw2707,2707,293,sd,B,158,4,"{C But, } {F um, } they're definitely enjoyable. /","But/CC ,/, um/UH ,/, they/PRP 're/VBP definitely/RB enjoyable/JJ ./.",,,453.71,455.71000000000004
sw08utt/sw_0862_2707.utt,2/sw2707,2707,294,b,A,159,1,Yeah. /,Yeah/UH ./.,,,455.96,456.21999999999997
sw08utt/sw_0862_2707.utt,2/sw2707,2707,295,sd,B,160,1,Right now I know the azaleas and everything are out are beautiful. /,Right/UH now/RB I/PRP know/VBP the/DT azaleas/NNS and/CC everything/NN are/VBP out/RB are/VBP beautiful/JJ ./.,,,456.31,459.13000000000005
sw08utt/sw_0862_2707.utt,2/sw2707,2707,296,b,A,161,1,"{F Oh, } yeah.  /","Oh/UH ,/, yeah/UH ./.",,,459.22,459.82
sw08utt/sw_0862_2707.utt,2/sw2707,2707,297,b^r,A,161,2,"Yeah,  /","Yeah/UH ,/,",,,460.66,460.8
sw08utt/sw_0862_2707.utt,2/sw2707,2707,298,sd,A,161,3,"azaleas grow all over,  /","azaleas/NNS grow/VBP all/RB over/IN ,/,",,,460.8,461.76
sw08utt/sw_0862_2707.utt,2/sw2707,2707,299,sd,A,161,4,"we grow those here, too,  /","we/PRP grow/VBP those/DT here/RB ,/, too/RB ,/,",,,461.76,462.86
sw08utt/sw_0862_2707.utt,2/sw2707,2707,300,sd,A,161,5,"although again, we have to prepare the soil. /","although/IN again/RB ,/, we/PRP have/VBP to/TO prepare/VB the/DT soil/NN ./.",,,462.86,464.56
sw08utt/sw_0862_2707.utt,2/sw2707,2707,301,b,B,162,1,Uh-huh. /,Uh-huh/UH ./.,,,464.83,465.07
sw08utt/sw_0862_2707.utt,2/sw2707,2707,302,sv,A,163,1,"You probably have nice big pine,  /","You/PRP probably/RB have/VBP nice/JJ big/JJ pine/NN ,/,",,,465.06,466.4
sw08utt/sw_0862_2707.utt,2/sw2707,2707,303,sv,A,163,2,"you probably have all kinds of trees, the oaks and everything,  /","you/PRP probably/RB have/VBP all/DT kinds/NNS of/IN trees/NNS ,/, the/DT oaks/NNS and/CC everything/NN ,/,",,,466.4,468.28
sw08utt/sw_0862_2707.utt,2/sw2707,2707,304,sd,A,163,3,that's one thing I noticed there. /,that/DT 's/BES one/CD thing/NN I/PRP noticed/VBD there/RB ./.,,,468.28,469.44
sw08utt/sw_0862_2707.utt,2/sw2707,2707,305,b,B,164,1,"Yeah,  /","Yeah/UH ,/,",,,469.45,469.55
sw08utt/sw_0862_2707.utt,2/sw2707,2707,306,sd,B,164,2,"[ [ there, + there, ] + there ] is a vast variety here of, {D you know, } trees,  /","there/EX ,/, there/EX ,/, there/EX is/VBZ a/DT vast/JJ variety/NN here/RB of/IN ,/, you/PRP know/VBP ,/, trees/NNS ,/,",,,469.55,472.33
sw08utt/sw_0862_2707.utt,2/sw2707,2707,307,sd,B,164,3,"{D like, } if I look out my window right now, I can see, {D you know, } couple of pine trees, some oak trees -- /","like/IN ,/, if/IN I/PRP look/VBP out/IN my/PRP$ window/NN right/RB now/RB ,/, I/PRP can/MD see/VB ,/, you/PRP know/VBP ,/, couple/NN of/IN pine/NN trees/NNS ,/, some/DT oak/NN trees/NNS --/:",,,472.33,477.63
sw08utt/sw_0862_2707.utt,2/sw2707,2707,308,b,A,165,1,Uh-huh. /,Uh-huh/UH ./.,,,478.0,478.12
sw08utt/sw_0862_2707.utt,2/sw2707,2707,309,b,B,166,1,-- yeah. /,--/: yeah/UH ./.,,,478.13,478.33
sw08utt/sw_0862_2707.utt,2/sw2707,2707,310,qy,A,167,1,Have you ever been down here? /,Have/VBP you/PRP ever/RB been/VBN down/IN here/RB ?/.,,,478.64,481.8
sw08utt/sw_0862_2707.utt,2/sw2707,2707,311,nn,B,168,1,"{F Um, } no,  /","Um/UH ,/, no/UH ,/,",,,481.81,482.27
sw08utt/sw_0862_2707.utt,2/sw2707,2707,312,sd^e,B,168,2,{D actually } I haven't. /,actually/UH I/PRP have/VBP n't/RB ./.,,,482.27,483.11
sw08utt/sw_0862_2707.utt,2/sw2707,2707,313,bk,A,169,1,"Okay,  /","Okay/UH ,/,",,,483.62,483.96
sw08utt/sw_0862_2707.utt,2/sw2707,2707,314,sd,A,169,2,it's interesting country.  /,it/PRP 's/BES interesting/JJ country/NN ./.,,,483.96,485.46
sw08utt/sw_0862_2707.utt,2/sw2707,2707,315,sd,A,169,3,"It is wide open, {F uh, } and flat -- /","It/PRP is/VBZ wide/JJ open/NN ,/, uh/UH ,/, and/CC flat/JJ --/:",,,485.46,488.6
sw08utt/sw_0862_2707.utt,2/sw2707,2707,316,b,B,170,1,Uh-huh. /,Uh-huh/UH ./.,,,489.03,489.28999999999996
sw08utt/sw_0862_2707.utt,2/sw2707,2707,317,sv,A,171,1,"-- {F uh, } {C and } again as I said, I think [ the, + ] when the Indians were here there, there weren't any trees,  /","--/: uh/UH ,/, and/CC again/RB as/IN I/PRP said/VBD ,/, I/PRP think/VBP the/DT ,/, when/WRB the/DT Indians/NNPS were/VBD here/RB there/EX ,/, there/EX were/VBD n't/RB any/DT trees/NNS ,/,",,,489.28,494.02000000000004
sw08utt/sw_0862_2707.utt,2/sw2707,2707,318,sv,A,171,2,"{C but } [ the, + the ] civilization has brought all kinds of experiments with all kinds of trees,  /","but/CC the/DT ,/, the/DT civilization/NN has/VBZ brought/VBN all/DT kinds/NNS of/IN experiments/NNS with/IN all/DT kinds/NNS of/IN trees/NNS ,/,",,,494.02,499.17999999999995
sw08utt/sw_0862_2707.utt,2/sw2707,2707,319,sd,A,171,3,{C and } a lot of them have done well -- /,and/CC a/DT lot/NN of/IN them/PRP have/VBP done/VBN well/RB --/:,,,499.38,501.9
sw08utt/sw_0862_2707.utt,2/sw2707,2707,320,b,B,172,1,Uh-huh. /,Uh-huh/UH ./.,,,502.43,502.61
sw08utt/sw_0862_2707.utt,2/sw2707,2707,321,sd,A,173,1,"-- {F uh, } they do have some pine forest areas [ [ in wes-, + in wes-, ] + in east ] Texas --","--/: uh/UH ,/, they/PRP do/VBP have/VB some/DT pine/NN forest/NN areas/NNS in/IN wes-/XX ,/, in/IN wes/JJ ,/, in/IN east/JJ Texas/NNP --/:",,,502.6,506.26
sw08utt/sw_0862_2707.utt,2/sw2707,2707,322,b,B,174,1,Uh-huh. /,Uh-huh/UH ./.,,,506.27,506.46999999999997
sw08utt/sw_0862_2707.utt,2/sw2707,2707,323,+,A,175,1,"-- where you have native pine trees,  /","--/: where/WRB you/PRP have/VBP native/JJ pine/NN trees/NNS ,/,",,,506.92,508.12
sw08utt/sw_0862_2707.utt,2/sw2707,2707,324,sv,A,175,2,"{C but } here in Dallas [ it's, + ]  I think they all were planted by the classical Johnny Appleseed,  and Johnny Pecanseed, whatever you would call it, {D you know, }  /","but/CC here/RB in/IN Dallas/NNP it/PRP 's/BES ,/, I/PRP think/VBP they/PRP all/DT were/VBD planted/VBN by/IN the/DT classical/JJ Johnny/NNP Appleseed/NNP ,/, and/CC Johnny/NNP Pecanseed/NNP ,/, whatever/WDT you/PRP would/MD call/VB it/PRP ,/, you/PRP know/VBP ,/,",,,508.12,518.1
sw08utt/sw_0862_2707.utt,2/sw2707,2707,325,sd,A,175,3,there's a tremendous amount of pecan trees --,there/EX 's/BES a/DT tremendous/JJ amount/NN of/IN pecan/NN trees/NNS --/:,,,518.1,519.5799999999999
sw08utt/sw_0862_2707.utt,2/sw2707,2707,326,b,B,176,1,Uh-huh. /,Uh-huh/UH ./.,,,519.59,519.8100000000001
sw08utt/sw_0862_2707.utt,2/sw2707,2707,327,+,A,177,1,"-- that we use [ for, + {D you know, } {F uh, } for ] eating -- /","--/: that/WDT we/PRP use/VBP for/IN ,/, you/PRP know/VBP ,/, uh/UH ,/, for/IN eating/VBG --/:",,,520.28,522.88
sw08utt/sw_0862_2707.utt,2/sw2707,2707,328,b,B,178,1,Uh-huh. /,Uh-huh/UH ./.,,,523.13,523.37
sw08utt/sw_0862_2707.utt,2/sw2707,2707,329,sv,A,179,1,"-- I think they thought that was going to be a great boom crop, {F uh, } hundred and fifty years ago, because they are all over the place --","--/: I/PRP think/VBP they/PRP thought/VBD that/DT was/VBD going/VBG to/TO be/VB a/DT great/JJ boom/NN crop/NN ,/, uh/UH ,/, hundred/CD and/CC fifty/CD years/NNS ago/RB ,/, because/IN they/PRP are/VBP all/RB over/IN the/DT place/NN --/:",,,523.36,529.52
sw08utt/sw_0862_2707.utt,2/sw2707,2707,330,b,B,180,1,Uh-huh. /,Uh-huh/UH ./.,,,529.53,529.77
sw08utt/sw_0862_2707.utt,2/sw2707,2707,331,+,A,181,1,-- in the South.  /,--/: in/IN the/DT South/NNP ./.,,,530.44,531.06
sw08utt/sw_0862_2707.utt,2/sw2707,2707,332,qo,A,181,2,What else? /,What/WP else/RB ?/.,,,533.58,534.12
sw08utt/sw_0862_2707.utt,2/sw2707,2707,333,sd,B,182,1,"{F Um, } {D well, } <laughter>  I guess that I really don't know that much. /","Um/UH ,/, well/UH ,/, I/PRP guess/VBP that/IN I/PRP really/RB do/VBP n't/RB know/VB that/RB much/JJ ./.",,,534.23,537.05
sw08utt/sw_0862_2707.utt,2/sw2707,2707,334,sd,A,183,1,I don't have any say.  /,I/PRP do/VBP n't/RB have/VB any/DT say/NN ./.,,,537.04,537.7
sw08utt/sw_0862_2707.utt,2/sw2707,2707,335,%,A,183,2,"[  I, + I, ] - /","I/PRP ,/, I/PRP ,/,",,,537.72,538.08
sw08utt/sw_0862_2707.utt,2/sw2707,2707,336,sd^t,A,183,3,the subjects are usually pretty interesting.  /,the/DT subjects/NNS are/VBP usually/RB pretty/RB interesting/JJ ./.,,,538.1,539.66
sw08utt/sw_0862_2707.utt,2/sw2707,2707,337,sd,A,183,4,"[ [ [ I, + I'm, ] + I'm, ] + of course, I'm ] a T I -er,  /","I/PRP ,/, I/PRP 'm/VBP ,/, I/PRP 'm/VBP ,/, of/IN course/NN ,/, I/PRP 'm/VBP a/DT T/NNP I/NNP -er/NNP ,/,",,,539.66,541.3
sw08utt/sw_0862_2707.utt,2/sw2707,2707,338,sd,A,183,5,{C so } I'm hoping this works.  /,so/RB I/PRP 'm/VBP hoping/VBG this/DT works/VBZ ./.,,,541.32,542.3199999999999
sw08utt/sw_0862_2707.utt,2/sw2707,2707,339,sd,A,183,6,"T I is very good, {F uh, } has done a lot of experiments in the [ speech, + {F uh } --","T/NNP I/NNP is/VBZ very/RB good/JJ ,/, uh/UH ,/, has/VBZ done/VBN a/DT lot/NN of/IN experiments/NNS in/IN the/DT speech/NN ,/, uh/UH --/:",,,542.32,546.54
sw08utt/sw_0862_2707.utt,2/sw2707,2707,340,b,B,184,1,Uh-huh. /,Uh-huh/UH ./.,,,546.57,546.9300000000001
sw08utt/sw_0862_2707.utt,2/sw2707,2707,341,+,A,185,1,"-- speech, ] {F uh, } [ synthesis, + synthesis, ]  /","--/: speech/NN ,/, uh/UH ,/, synthesis/NN ,/, synthesis/NN ,/,",,,546.92,548.54
sw08utt/sw_0862_2707.utt,2/sw2707,2707,342,sd,A,185,2,can't say it. /,ca/MD n't/RB say/VB it/PRP ./.,,,548.54,548.92
sw08utt/sw_0862_2707.utt,2/sw2707,2707,343,b,B,186,1,Uh-huh. /,Uh-huh/UH ./.,,,549.13,549.37
sw08utt/sw_0862_2707.utt,2/sw2707,2707,344,sd,A,187,1,"{C And } they've come out with some new products,  /","And/CC they/PRP 've/VBP come/VB out/RP with/IN some/DT new/JJ products/NNS ,/,",,,549.36,550.76
sw08utt/sw_0862_2707.utt,2/sw2707,2707,345,sd,A,187,2,"in fact this week, they came out with some new math, {F uh, }  /","in/IN fact/NN this/DT week/NN ,/, they/PRP came/VBD out/RP with/IN some/DT new/JJ math/NN ,/, uh/UH ,/,",,,551.0,553.5200000000001
sw08utt/sw_0862_2707.utt,2/sw2707,2707,346,sv,A,187,3,"you might see them in your advertisements, {F uh, }  /","you/PRP might/MD see/VB them/PRP in/IN your/PRP$ advertisements/NNS ,/, uh/UH ,/,",,,553.52,555.12
sw08utt/sw_0862_2707.utt,2/sw2707,2707,347,sd,A,187,4,"new math, {F uh, }  /","new/JJ math/NN ,/, uh/UH ,/,",,,555.84,556.7800000000001
sw08utt/sw_0862_2707.utt,2/sw2707,2707,348,sd,A,187,5,"Speak and Math, {F uh, } devices.  /","Speak/NNP and/CC Math/NNP ,/, uh/UH ,/, devices/NNS ./.",,,557.44,561.54
sw08utt/sw_0862_2707.utt,2/sw2707,2707,349,sd,A,187,6,"[  They, + they ] have had Speak and Spell and  all that for years -- /","They/PRP ,/, they/PRP have/VBP had/VBN Speak/NNP and/CC Spell/NNP and/CC all/DT that/DT for/IN years/NNS --/:",,,561.54,563.78
sw08utt/sw_0862_2707.utt,2/sw2707,2707,350,b,B,188,1,Right. /,Right/UH ./.,,,563.87,564.05
sw08utt/sw_0862_2707.utt,2/sw2707,2707,351,sd,A,189,1,-- {C but } they've come out with some different ones --,--/: but/CC they/PRP 've/VBP come/VB out/RP with/IN some/DT different/JJ ones/NNS --/:,,,564.04,565.12
sw08utt/sw_0862_2707.utt,2/sw2707,2707,352,b,B,190,1,Uh-huh. /,Uh-huh/UH ./.,,,565.39,565.71
sw08utt/sw_0862_2707.utt,2/sw2707,2707,353,+,A,191,1,"-- this past week,  /","--/: this/DT past/JJ week/NN ,/,",,,565.84,566.6600000000001
sw08utt/sw_0862_2707.utt,2/sw2707,2707,354,sd,A,191,2,"{C and, } {F uh, } my wife and everyone, - /","and/CC ,/, uh/UH ,/, my/PRP$ wife/NN and/CC everyone/NN ,/,",,,566.66,568.98
sw08utt/sw_0862_2707.utt,2/sw2707,2707,355,sd,A,191,3,"[ what, + what ] are they going to accomplish out of all this,  /","what/WP ,/, what/WP are/VBP they/PRP going/VBG to/TO accomplish/VB out/RP of/IN all/PDT this/DT ,/,",,,569.46,571.56
sw08utt/sw_0862_2707.utt,2/sw2707,2707,356,sv,A,191,4,"{C and } I said, {D Well, } you're not going to have to type on the computer one day,  /","and/CC I/PRP said/VBD ,/, Well/UH ,/, you/PRP 're/VBP not/RB going/VBG to/TO have/VB to/TO type/VB on/IN the/DT computer/NN one/CD day/NN ,/,",,,571.56,573.9799999999999
sw08utt/sw_0862_2707.utt,2/sw2707,2707,357,sv,A,191,5,you're just going to have to talk to it --,you/PRP 're/VBP just/RB going/VBG to/TO have/VB to/TO talk/VB to/IN it/PRP --/:,,,573.98,575.26
sw08utt/sw_0862_2707.utt,2/sw2707,2707,358,b,B,192,1,"Right,  /","Right/UH ,/,",,,575.27,575.49
sw08utt/sw_0862_2707.utt,2/sw2707,2707,359,b,B,192,2,uh-huh. /,uh-huh/UH ./.,,,575.49,575.73
sw08utt/sw_0862_2707.utt,2/sw2707,2707,360,+,A,193,1,"-- {D you know, }  /","--/: you/PRP know/VBP ,/,",,,575.72,575.84
sw08utt/sw_0862_2707.utt,2/sw2707,2707,361,%,A,193,2,"{C so, } [ you, + you, ] - /","so/RB ,/, you/PRP ,/, you/PRP ,/,",,,575.84,576.36
sw08utt/sw_0862_2707.utt,2/sw2707,2707,362,sv,A,193,3,"it's going to be much faster, of course, {D you know, }  /","it/PRP 's/BES going/VBG to/TO be/VB much/RB faster/JJR ,/, of/IN course/NN ,/, you/PRP know/VBP ,/,",,,576.36,579.22
sw08utt/sw_0862_2707.utt,2/sw2707,2707,363,sv,A,193,4,"the classical thing for the handicapped, too, person who can't type very fast  /","the/DT classical/JJ thing/NN for/IN the/DT handicapped/JJ ,/, too/RB ,/, person/NN who/WP ca/MD n't/RB type/VB very/RB fast/RB",,,579.22,582.8399999999999
sw08utt/sw_0862_2707.utt,2/sw2707,2707,364,%,A,193,5,{C or } -- -/,or/CC --/:,,,582.84,582.98
sw08utt/sw_0862_2707.utt,2/sw2707,2707,365,b,B,194,1,Uh-huh. /,Uh-huh/UH ./.,,,582.99,583.19
sw08utt/sw_0862_2707.utt,2/sw2707,2707,366,sd,A,195,1,-- like I can of course -- -/,--/: like/IN I/PRP can/MD of/IN course/NN --/:,,,583.72,584.6999999999999
sw08utt/sw_0862_2707.utt,2/sw2707,2707,367,b,B,196,1,Uh-huh. /,Uh-huh/UH ./.,,,585.59,585.73
sw08utt/sw_0862_2707.utt,2/sw2707,2707,368,sd,A,197,1,-- not that I can type very fast either  /,--/: not/RB that/IN I/PRP can/MD type/VB very/RB fast/RB either/DT,,,585.72,586.9799999999999
sw08utt/sw_0862_2707.utt,2/sw2707,2707,369,%,A,197,2,"{C but, } {F uh, } -/","but/CC ,/, uh/UH ,/,",,,586.98,587.14
sw08utt/sw_0862_2707.utt,2/sw2707,2707,370,b,B,198,1,"Uh-huh,  /","Uh-huh/UH ,/,",,,587.15,587.37
sw08utt/sw_0862_2707.utt,2/sw2707,2707,371,qw,B,198,2,"{C but } then what about people that, {F um, } - /","but/CC then/RB what/WP about/IN people/NNS that/IN ,/, um/UH ,/,",,,587.89,589.17
sw08utt/sw_0862_2707.utt,2/sw2707,2707,372,sd,B,198,3,"[ [ I, + I, ] + I ] personally work with someone [ that, + that ] is deaf, and cannot speak.  /","I/PRP ,/, I/PRP ,/, I/PRP personally/RB work/VBP with/IN someone/NN that/WDT ,/, that/WDT is/VBZ deaf/JJ ,/, and/CC can/MD not/RB speak/VB ./.",,,589.17,593.39
sw08utt/sw_0862_2707.utt,2/sw2707,2707,373,sd,B,198,4,"She can speak,  /","She/PRP can/MD speak/VB ,/,",,,593.39,594.11
sw08utt/sw_0862_2707.utt,2/sw2707,2707,374,sd,B,198,5,{C but } she can't speak very clearly -- /,but/CC she/PRP ca/MD n't/RB speak/VB very/RB clearly/RB --/:,,,594.11,596.51
sw08utt/sw_0862_2707.utt,2/sw2707,2707,375,b,A,199,1,Yeah. /,Yeah/UH ./.,,,596.49,596.83
sw08utt/sw_0862_2707.utt,2/sw2707,2707,376,sd,B,200,1,"-- {C and } she in fact is a data entry person,  /","--/: and/CC she/PRP in/IN fact/NN is/VBZ a/DT data/NNS entry/NN person/NN ,/,",,,597.03,598.77
sw08utt/sw_0862_2707.utt,2/sw2707,2707,377,sd,B,200,2,"{E I mean } she types away all day, /","I/PRP mean/VBP she/PRP types/NNS away/RB all/DT day/NN ,/,",,,598.77,599.99
