swda_filename,ptb_basename,conversation_no,transcript_index,act_tag,caller,utterance_index,subutterance_index,text,pos,trees,ptb_treenumbers,start_ts,end_ts
sw11utt/sw_1102_2820.utt,2/sw2820,2820,0,o,A,1,1,Okay.  /,Okay/UH ./.,,,1.24,1.44
sw11utt/sw_1102_2820.utt,2/sw2820,2820,1,sd^t,A,1,2,"{F Uh, } I really haven't thought about the topic of drug testing.  /","Uh/UH ,/, I/PRP really/RB have/VBP n't/RB thought/VBN about/IN the/DT topic/NN of/IN drug/NN testing/NN ./.",,,1.44,4.9399999999999995
sw11utt/sw_1102_2820.utt,2/sw2820,2820,2,sv,A,1,3,"{C But, } {F uh, } just off the top of my head, [ I, + I ] don't think I see much wrong with it.  /","But/CC ,/, uh/UH ,/, just/RB off/IN the/DT top/NN of/IN my/PRP$ head/NN ,/, I/PRP ,/, I/PRP do/VBP n't/RB think/VB I/PRP see/VBP much/RB wrong/JJ with/IN it/PRP ./.",,,4.94,11.22
sw11utt/sw_1102_2820.utt,2/sw2820,2820,3,sv,A,1,4,"{F Um, } if I owned a company and I wanted to make sure that it was run smoothly and that the people that I had, {F uh, } coming in, {F uh, } were trust worthy, et cetera, and so on, I think [ I would, + I would, ] {F uh, } probably do the random testing just to insure that my company, {F uh, } runs safely and smoothly. /","Um/UH ,/, if/IN I/PRP owned/VBD a/DT company/NN and/CC I/PRP wanted/VBD to/TO make/VB sure/JJ that/IN it/PRP was/VBD run/VBN smoothly/RB and/CC that/IN the/DT people/NNS that/WDT I/PRP had/VBD ,/, uh/UH ,/, coming/VBG in/RB ,/, uh/UH ,/, were/VBD trust/NN worthy/JJ ,/, et/FW cetera/FW ,/, and/CC so/RB on/IN ,/, I/PRP think/VBP I/PRP would/MD ,/, I/PRP would/MD ,/, uh/UH ,/, probably/RB do/VB the/DT random/JJ testing/NN just/RB to/TO insure/VB that/IN my/PRP$ company/NN ,/, uh/UH ,/, runs/VBZ safely/RB and/CC smoothly/RB ./.",,,11.92,33.160000000000004
sw11utt/sw_1102_2820.utt,2/sw2820,2820,4,b,B,2,1,Yeah.  /,Yeah/UH ./.,,,34.21,34.59
sw11utt/sw_1102_2820.utt,2/sw2820,2820,5,sd^t,B,2,2,"{F Um, } [ I, + I ] also haven't thought too much about it.  /","Um/UH ,/, I/PRP ,/, I/PRP also/RB have/VBP n't/RB thought/VBN too/RB much/JJ about/IN it/PRP ./.",,,34.67,37.150000000000006
sw11utt/sw_1102_2820.utt,2/sw2820,2820,6,sv,B,2,3,"{F Uh, } {C but } I suspect [ it, + it ] very much depends upon the job. /","Uh/UH ,/, but/CC I/PRP suspect/VBP it/PRP ,/, it/PRP very/RB much/RB depends/VBZ upon/IN the/DT job/NN ./.",,,37.45,43.0
sw11utt/sw_1102_2820.utt,2/sw2820,2820,7,b,A,3,1,Huh-uh. /,Huh-uh/UH ./.,,,43.43,43.53
sw11utt/sw_1102_2820.utt,2/sw2820,2820,8,am,B,4,1,Maybe.  /,Maybe/RB ./.,,,43.86,44.4
sw11utt/sw_1102_2820.utt,2/sw2820,2820,9,sv,B,4,2,"There are some jobs where I guess it doesn't really, /","There/EX are/VBP some/DT jobs/NNS where/WRB I/PRP guess/VBP it/PRP does/VBZ n't/RB really/RB ,/,",,,44.4,46.199999999999996
sw11utt/sw_1102_2820.utt,2/sw2820,2820,10,b,A,5,1,Yeah. /,Yeah/UH ./.,,,47.07,47.21
sw11utt/sw_1102_2820.utt,2/sw2820,2820,11,sv,B,6,1,"{C and } [ [ [ it's, + it's, ] + it's, ] + if it's ] not affecting someone's performance then I'm not sure if it's a problem. /","and/CC it/PRP 's/BES ,/, it/PRP 's/BES ,/, it/PRP 's/BES ,/, if/IN it/PRP 's/BES not/RB affecting/VBG someone/NN 's/POS performance/NN then/RB I/PRP 'm/VBP not/RB sure/JJ if/IN it/PRP 's/BES a/DT problem/NN ./.",,,47.18,51.88
sw11utt/sw_1102_2820.utt,2/sw2820,2820,12,b,A,7,1,Yeah. /,Yeah/UH ./.,,,52.53,52.77
sw11utt/sw_1102_2820.utt,2/sw2820,2820,13,sv@,B,8,1,"[ If, + if ] it's a position where it could potentially affect,   *[[slash error]]","If/IN ,/, if/IN it/PRP 's/BES a/DT position/NN where/WRB it/PRP could/MD potentially/RB affect/VB ,/,",,,52.68,56.12
sw11utt/sw_1102_2820.utt,2/sw2820,2820,14,aa,A,9,1,That's true  /,That/DT 's/BES true/JJ,,,57.29,57.61
sw11utt/sw_1102_2820.utt,2/sw2820,2820,15,sd,A,9,2,"I didn't think about that,  /","I/PRP did/VBD n't/RB think/VB about/IN that/DT ,/,",,,57.61,58.47
sw11utt/sw_1102_2820.utt,2/sw2820,2820,16,sv,A,9,3,"like for instance,","like/IN for/IN instance/NN ,/,",,,58.47,59.669999999999995
sw11utt/sw_1102_2820.utt,2/sw2820,2820,17,+,B,10,1,"#  ((   ))  [ [ If, + if, ] + if, ] # -/","MUMBLEx/XX If/IN ,/, if/IN ,/, if/IN ,/,",,,0.0,0.0
sw11utt/sw_1102_2820.utt,2/sw2820,2820,18,+,A,11,1,"# {F Uh, } if someone's working on # heavy machinery,","Uh/UH ,/, if/IN someone/NN 's/BES working/VBG on/IN heavy/JJ machinery/NN ,/,",,,59.67,61.93
sw11utt/sw_1102_2820.utt,2/sw2820,2820,19,aa,B,12,1,# Right. # /,Right/UH ./.,,,0.0,0.0
sw11utt/sw_1102_2820.utt,2/sw2820,2820,20,+,A,13,1,"# or # say driving trucks or [ buses, + city buses ] or something like that.  /","or/CC say/VB driving/VBG trucks/NNS or/CC buses/NNS ,/, city/NN buses/NNS or/CC something/NN like/IN that/DT ./.",,,62.47,67.37
sw11utt/sw_1102_2820.utt,2/sw2820,2820,21,sv,A,13,2,"Then that is something [ that affects the, + that affects the ] community.  /","Then/RB that/DT is/VBZ something/NN that/WDT affects/VBZ the/DT ,/, that/WDT affects/VBZ the/DT community/NN ./.",,,67.73,71.57000000000001
sw11utt/sw_1102_2820.utt,2/sw2820,2820,22,sv,A,13,3,"{D You know, } if [ you're, + you're ] drinking or on drugs or whatever, you're driving a city bus you taking several lives in your hands. /","You/PRP know/VBP ,/, if/IN you/PRP 're/VBP ,/, you/PRP 're/VBP drinking/VBG or/CC on/IN drugs/NNS or/CC whatever/WDT ,/, you/PRP 're/VBP driving/VBG a/DT city/NN bus/NN you/PRP taking/VBG several/JJ lives/NNS in/IN your/PRP$ hands/NNS ./.",,,72.11,78.71
sw11utt/sw_1102_2820.utt,2/sw2820,2820,23,aa,B,14,1,Right.  /,Right/UH ./.,,,78.96,79.25999999999999
sw11utt/sw_1102_2820.utt,2/sw2820,2820,24,sv,B,14,2,"{C And then } if you're a computer operator [ and, + ] {F uh, } there's really no big deal,  /","And/CC then/RB if/IN you/PRP 're/VBP a/DT computer/NN operator/NN and/CC ,/, uh/UH ,/, there/EX 's/BES really/RB no/DT big/JJ deal/NN ,/,",,,79.26,83.60000000000001
sw11utt/sw_1102_2820.utt,2/sw2820,2820,25,sv,B,14,3,"I think, {D you know, }","I/PRP think/VBP ,/, you/PRP know/VBP ,/,",,,83.6,84.48
sw11utt/sw_1102_2820.utt,2/sw2820,2820,26,b,A,15,1,# Yeah. # /,Yeah/UH ./.,,,84.73,85.11
sw11utt/sw_1102_2820.utt,2/sw2820,2820,27,+,B,16,1,# that # maybe it's not necessary. /,that/IN maybe/RB it/PRP 's/BES not/RB necessary/JJ ./.,,,85.06,87.78
sw11utt/sw_1102_2820.utt,2/sw2820,2820,28,sv,A,17,1,"{C And } for me, I think that drug testing, it follows the path that society is going in.  /","And/CC for/IN me/PRP ,/, I/PRP think/VBP that/IN drug/NN testing/NN ,/, it/PRP follows/VBZ the/DT path/NN that/WDT society/NN is/VBZ going/VBG in/RB ./.",,,87.87,94.41000000000001
sw11utt/sw_1102_2820.utt,2/sw2820,2820,29,sv,A,17,2,If more and more people are using drugs then I think that some people have to guard against people that are using drugs. /,If/IN more/JJR and/CC more/JJR people/NNS are/VBP using/VBG drugs/NNS then/RB I/PRP think/VBP that/IN some/DT people/NNS have/VBP to/TO guard/VB against/IN people/NNS that/WDT are/VBP using/VBG drugs/NNS ./.,,,94.69,101.29
sw11utt/sw_1102_2820.utt,2/sw2820,2820,30,b,B,18,1,Huh-uh. /,Huh-uh/UH ./.,,,101.2,101.3
sw11utt/sw_1102_2820.utt,2/sw2820,2820,31,sv,A,19,1,"{E I mean, } [ it's just, +  it's just ] where society is right now,  /","I/PRP mean/VBP ,/, it/PRP 's/BES just/RB ,/, it/PRP 's/BES just/RB where/WRB society/NN is/VBZ right/RB now/RB ,/,",,,102.11,105.41
sw11utt/sw_1102_2820.utt,2/sw2820,2820,32,sv,A,19,2,"{C and } {D you know, } something we have to cope with  /","and/CC you/PRP know/VBP ,/, something/NN we/PRP have/VBP to/TO cope/VB with/IN",,,105.71,107.97
sw11utt/sw_1102_2820.utt,2/sw2820,2820,33,sv,A,19,3,{C and } I think the drug testing is something that the drug users have to cope with. /,and/CC I/PRP think/VBP the/DT drug/NN testing/NN is/VBZ something/NN that/WDT the/DT drug/NN users/NNS have/VBP to/TO cope/VB with/RB ./.,,,108.41,111.57000000000001
sw11utt/sw_1102_2820.utt,2/sw2820,2820,34,b,B,20,1,Yeah.  /,Yeah/UH ./.,,,111.76,112.0
sw11utt/sw_1102_2820.utt,2/sw2820,2820,35,sv,B,20,2,"{D Well, } [ [ I think it may, + it may, ] + [ that's in, + in that respect, I think it may ] ] help a lot.  /","Well/UH ,/, I/PRP think/VBP it/PRP may/MD ,/, it/PRP may/MD ,/, that/DT 's/BES in/IN ,/, in/IN that/DT respect/NN ,/, I/PRP think/VBP it/PRP may/MD help/VB a/DT lot/NN ./.",,,112.0,115.98
sw11utt/sw_1102_2820.utt,2/sw2820,2820,36,sv,B,20,3,"I think it may be [ pushing people, + hopefully push people ] away from drug use,","I/PRP think/VBP it/PRP may/MD be/VB pushing/VBG people/NNS ,/, hopefully/RB push/VB people/NNS away/RB from/IN drug/NN use/NN ,/,",,,115.98,119.2
sw11utt/sw_1102_2820.utt,2/sw2820,2820,37,b,A,21,1,Yeah. /,Yeah/UH ./.,,,119.27,119.35
sw11utt/sw_1102_2820.utt,2/sw2820,2820,38,+,B,22,1,"If they no that, {D you know. } /  *[[spelling:know]]","If/IN they/PRP no/^VBP that/IN ,/, you/PRP know/VBP ./.",,,119.28,120.12
sw11utt/sw_1102_2820.utt,2/sw2820,2820,39,aa,A,23,1,"Yeah,  /","Yeah/UH ,/,",,,120.19,120.27
sw11utt/sw_1102_2820.utt,2/sw2820,2820,40,aap,A,23,2,I think that may be. /,I/PRP think/VBP that/DT may/MD be/VB ./.,,,120.53,121.05
sw11utt/sw_1102_2820.utt,2/sw2820,2820,41,sd,B,24,1,"If you use drugs, you won't get the job.  /","If/IN you/PRP use/VBP drugs/NNS ,/, you/PRP wo/MD n't/RB get/VB the/DT job/NN ./.",,,120.98,122.22
sw11utt/sw_1102_2820.utt,2/sw2820,2820,42,o@,B,24,2,"{E I mean, }    *[[slash error]]","I/PRP mean/VBP ,/,",,,122.22,122.48
sw11utt/sw_1102_2820.utt,2/sw2820,2820,43,sd,A,25,1,That means one of the points of it.  /,That/DT means/VBZ one/CD of/IN the/DT points/NNS of/IN it/PRP ./.,,,122.91,124.31
sw11utt/sw_1102_2820.utt,2/sw2820,2820,44,h,A,25,2,"Of course [ I think, + {F um, } I'm not sure, ] {D you know, } what the time span is,  /","Of/IN course/NN I/PRP think/VBP ,/, um/UH ,/, I/PRP 'm/VBP not/RB sure/JJ ,/, you/PRP know/VBP ,/, what/WP the/DT time/NN span/NN is/VBZ ,/,",,,124.87,128.87
sw11utt/sw_1102_2820.utt,2/sw2820,2820,45,sd,A,25,3,"{C but, } {E I mean, } if I used drugs last week and I had a, {D you know, } job interview that I wouldn't use drugs the day before or  something  /","but/CC ,/, I/PRP mean/VBP ,/, if/IN I/PRP used/VBD drugs/NNS last/JJ week/NN and/CC I/PRP had/VBD a/DT ,/, you/PRP know/VBP ,/, job/NN interview/NN that/IN I/PRP would/MD n't/RB use/VB drugs/NNS the/DT day/NN before/IN or/CC something/NN",,,128.95,136.69
sw11utt/sw_1102_2820.utt,2/sw2820,2820,46,sd,A,25,4,{C and } they wouldn't even see it.  /,and/CC they/PRP would/MD n't/RB even/RB see/VB it/PRP ./.,,,136.69,137.81
sw11utt/sw_1102_2820.utt,2/sw2820,2820,47,qy,A,25,5,"You know, what I'm saying? /","You/PRP know/VBP ,/, what/WP I/PRP 'm/VBP saying/VBG ?/.",,,138.93,139.59
sw11utt/sw_1102_2820.utt,2/sw2820,2820,48,+@,B,26,1,Yeah.  / *[[slash error]],Yeah/UH ./.,,,139.52,139.72
sw11utt/sw_1102_2820.utt,2/sw2820,2820,49,sd,B,26,2,"I don't know, /","I/PRP do/VBP n't/RB know/VB ,/,",,,139.72,140.04
sw11utt/sw_1102_2820.utt,2/sw2820,2820,50,sd,A,27,1,They may not be able to trace it.  /,They/PRP may/MD not/RB be/VB able/JJ to/TO trace/VB it/PRP ./.,,,140.11,141.10999999999999
sw11utt/sw_1102_2820.utt,2/sw2820,2820,51,sd,A,27,2,I don't know how far they trace.  /,I/PRP do/VBP n't/RB know/VB how/WRB far/RB they/PRP trace/VBP ./.,,,141.11,142.85
sw11utt/sw_1102_2820.utt,2/sw2820,2820,52,sd,A,27,3,"I don't know what the, {D you know, } limits are. /","I/PRP do/VBP n't/RB know/VB what/WP the/DT ,/, you/PRP know/VBP ,/, limits/NNS are/VBP ./.",,,142.85,144.91000000000003
sw11utt/sw_1102_2820.utt,2/sw2820,2820,53,sd,B,28,1,(( I don't know ))  /,I/PRP do/VBP n't/RB know/VB,,,144.84,145.24
sw11utt/sw_1102_2820.utt,2/sw2820,2820,54,sd,B,28,2,"that would actually be an interesting thing to find out, I think.  /","that/DT would/MD actually/RB be/VB an/DT interesting/JJ thing/NN to/TO find/VB out/RP ,/, I/PRP think/VBP ./.",,,145.24,147.62
sw11utt/sw_1102_2820.utt,2/sw2820,2820,55,sd,B,28,3,"[ I don't, + I don't ] actually know how long those things stay [ in the blood, + in the system. ]  /","I/PRP do/VBP n't/RB ,/, I/PRP do/VBP n't/RB actually/RB know/VB how/WRB long/JJ those/DT things/NNS stay/VBP in/IN the/DT blood/NN ,/, in/IN the/DT system/NN ./.",,,147.62,150.82
sw11utt/sw_1102_2820.utt,2/sw2820,2820,56,sd,B,28,4,"[ I've heard some, + I've heard some ] things will stay there for six months,  /","I/PRP 've/VBP heard/VBN some/DT ,/, I/PRP 've/VBP heard/VBN some/DT things/NNS will/MD stay/VB there/RB for/IN six/CD months/NNS ,/,",,,150.82,153.8
sw11utt/sw_1102_2820.utt,2/sw2820,2820,57,sd,B,28,5,"some stay for less,  /","some/DT stay/VBP for/IN less/RBR ,/,",,,153.8,154.66
sw11utt/sw_1102_2820.utt,2/sw2820,2820,58,sd,B,28,6,some stay for longer. /,some/DT stay/NN for/IN longer/RBR ./.,,,154.66,155.56
sw11utt/sw_1102_2820.utt,2/sw2820,2820,59,b,A,29,1,Yeah. /,Yeah/UH ./.,,,155.65,155.89000000000001
sw11utt/sw_1102_2820.utt,2/sw2820,2820,60,sd,B,30,1,"Things like L S D, I guess, stay forever. /","Things/NNS like/IN L/NN S/NN D/NN ,/, I/PRP guess/VBP ,/, stay/VBP forever/RB ./.",,,156.2,157.96
sw11utt/sw_1102_2820.utt,2/sw2820,2820,61,%@,A,31,1,{F Um. }   *[[slash error]],Um/UH ./.,,,158.03,158.11
sw11utt/sw_1102_2820.utt,2/sw2820,2820,62,h,B,32,1,"In some ways,   /","In/IN some/DT ways/NNS ,/,",,,158.35,159.53
sw11utt/sw_1102_2820.utt,2/sw2820,2820,63,sd,B,32,2,"((   ))  you get flashbacks for, {F uh, } forever. /","MUMBLEx/XX you/PRP get/VBP flashbacks/NNS for/IN ,/, uh/UH ,/, forever/RB ./.",,,159.53,163.15
sw11utt/sw_1102_2820.utt,2/sw2820,2820,64,+,A,33,1,"{F Oh, } really. /  *[[bh]]","Oh/UH ,/, really/UH ./.",,,163.33,163.83
sw11utt/sw_1102_2820.utt,2/sw2820,2820,65,no,B,34,1,"[ [ I, + I, ] + I ] guess so. /","I/PRP ,/, I/PRP ,/, I/PRP guess/VBP so/RB ./.",,,164.37,165.41
sw11utt/sw_1102_2820.utt,2/sw2820,2820,66,aap,A,35,1,"Something like that,  /","Something/NN like/IN that/DT ,/,",,,165.51,166.19
sw11utt/sw_1102_2820.utt,2/sw2820,2820,67,aa,A,35,2,yeah. /,yeah/UH ./.,,,166.29,166.45
sw11utt/sw_1102_2820.utt,2/sw2820,2820,68,sd,B,36,1,"(( {E I mean, } there ))  must be [ [ some, + some, ] + something, ]  /","I/PRP mean/VBP ,/, there/EX must/MD be/VB some/DT ,/, some/DT ,/, something/NN ,/,",,,166.37,170.43
sw11utt/sw_1102_2820.utt,2/sw2820,2820,69,sd,B,36,2,"{E I mean, } people get these little flashback things, {D you know, }","I/PRP mean/VBP ,/, people/NNS get/VBP these/DT little/JJ flashback/NN things/NNS ,/, you/PRP know/VBP ,/,",,,170.43,173.53
sw11utt/sw_1102_2820.utt,2/sw2820,2820,70,b,A,37,1,# {F Um. }  #,Um/UH ./.,,,0.0,0.0
sw11utt/sw_1102_2820.utt,2/sw2820,2820,71,+,B,38,1,"# of # some sort,  /","of/IN some/DT sort/NN ,/,",,,173.53,174.93
sw11utt/sw_1102_2820.utt,2/sw2820,2820,72,sd,B,38,2,{C so } I don't really know. /,so/RB I/PRP do/VBP n't/RB really/RB know/VB ./.,,,175.15,175.95
sw11utt/sw_1102_2820.utt,2/sw2820,2820,73,+,A,39,1,Yeah.  /,Yeah/UH ./.,,,176.29,176.37
sw11utt/sw_1102_2820.utt,2/sw2820,2820,74,sd,A,39,2,"{E I mean, } I don't use any drugs.  /","I/PRP mean/VBP ,/, I/PRP do/VBP n't/RB use/VB any/DT drugs/NNS ./.",,,177.05,178.67
sw11utt/sw_1102_2820.utt,2/sw2820,2820,75,sd,A,39,3,"I don't really drink or anything,  /","I/PRP do/VBP n't/RB really/RB drink/VBP or/CC anything/NN ,/,",,,178.67,180.13
sw11utt/sw_1102_2820.utt,2/sw2820,2820,76,sd,A,39,4,"{C so }  I'm pretty, {F uh, } {F uh, } I guess, decisive about that,  /","so/RB I/PRP 'm/VBP pretty/RB ,/, uh/UH ,/, uh/UH ,/, I/PRP guess/VBP ,/, decisive/JJ about/IN that/DT ,/,",,,180.13,185.71
sw11utt/sw_1102_2820.utt,2/sw2820,2820,77,sd,A,39,5,"just the fact that since I don't use drugs, I have no problem with taking a test. /","just/RB the/DT fact/NN that/IN since/IN I/PRP do/VBP n't/RB use/VB drugs/NNS ,/, I/PRP have/VBP no/DT problem/NN with/IN taking/VBG a/DT test/NN ./.",,,185.71,190.43
sw11utt/sw_1102_2820.utt,2/sw2820,2820,78,b,B,40,1,Right.  /,Right/UH ./.,,,190.77,190.99
sw11utt/sw_1102_2820.utt,2/sw2820,2820,79,sv,B,40,2,"{D Well, } {D see, } if you actually used drugs at all, -/","Well/UH ,/, see/UH ,/, if/IN you/PRP actually/RB used/VBD drugs/NNS at/IN all/DT ,/,",,,190.99,192.65
sw11utt/sw_1102_2820.utt,2/sw2820,2820,80,b,A,41,1,# Yeah. # /,Yeah/UH ./.,,,192.75,193.07
sw11utt/sw_1102_2820.utt,2/sw2820,2820,81,sd,B,42,1,"# {C and } # [ I'm, + I'm ] [ at, + at ] most a social drinker, /","and/CC I/PRP 'm/VBP ,/, I/PRP 'm/VBP at/IN ,/, at/IN most/RBS a/DT social/JJ drinker/NN ,/,",,,192.99,195.03
sw11utt/sw_1102_2820.utt,2/sw2820,2820,82,b,A,43,1,# Yeah.  /,Yeah/UH ./.,,,195.1,195.38
sw11utt/sw_1102_2820.utt,2/sw2820,2820,83,b^r,A,43,2,Yeah. # /,Yeah/UH ./.,,,195.56,195.8
sw11utt/sw_1102_2820.utt,2/sw2820,2820,84,sd,B,44,1,# {C so } it's # never a problem. /,so/RB it/PRP 's/BES never/RB a/DT problem/NN ./.,,,195.73,196.54999999999998
sw11utt/sw_1102_2820.utt,2/sw2820,2820,85,sd,A,45,1,"{D So } the only thing I would hate is if I were to go and, {F uh, } - /","So/RB the/DT only/JJ thing/NN I/PRP would/MD hate/VB is/VBZ if/IN I/PRP were/VBD to/TO go/VB and/CC ,/, uh/UH ,/,",,,196.84,201.12
sw11utt/sw_1102_2820.utt,2/sw2820,2820,86,sv,A,45,2,{E I mean } it's kind of the same thing with the lie detector test.  /,I/PRP mean/VBP it/PRP 's/BES kind/RB of/RB the/DT same/JJ thing/NN with/IN the/DT lie/NN detector/NN test/NN ./.,,,201.12,204.48
sw11utt/sw_1102_2820.utt,2/sw2820,2820,87,sv,A,45,3,"If you don't have anything to hide, you're not going to mind it.  /","If/IN you/PRP do/VBP n't/RB have/VB anything/NN to/TO hide/VB ,/, you/PRP 're/VBP not/RB going/VBG to/TO mind/VB it/PRP ./.",,,204.48,207.61999999999998
sw11utt/sw_1102_2820.utt,2/sw2820,2820,88,%@,A,45,4,"{D You know, } {C but } people that,  *[[slash error with a.47]]","You/PRP know/VBP ,/, but/CC people/NNS that/WDT ,/,",,,208.64,210.1
sw11utt/sw_1102_2820.utt,2/sw2820,2820,89,b,B,46,1,# Right. # /,Right/UH ./.,,,0.0,0.0
sw11utt/sw_1102_2820.utt,2/sw2820,2820,90,+@,A,47,1,"# {D you # know, } don't have anything to hide. - /","you/PRP know/VBP ,/, do/VBP n't/RB have/VB anything/NN to/TO hide/VB ./.",,,210.82,211.98
sw11utt/sw_1102_2820.utt,2/sw2820,2820,91,sv,A,47,2,"{C And then } there are some things that just aren't peoples business,","And/CC then/RB there/EX are/VBP some/DT things/NNS that/WDT just/RB are/VBP n't/RB peoples/NNS business/NN  ,/,",,,211.98,214.26
sw11utt/sw_1102_2820.utt,2/sw2820,2820,92,aa,B,48,1,# Right.  /,Right/UH ./.,,,214.55,214.83
sw11utt/sw_1102_2820.utt,2/sw2820,2820,93,%,B,48,2,"[ [ That, + that, ] + that, ] # -/","That/DT ,/, that/DT ,/, that/DT ,/,",,,214.87,215.94
sw11utt/sw_1102_2820.utt,2/sw2820,2820,94,+,A,49,1,# that come out at # that point  /,that/WDT come/VBP out/RB at/IN that/DT point/NN,,,216.02,216.48000000000002
sw11utt/sw_1102_2820.utt,2/sw2820,2820,95,sv,A,49,2,{C so }  I think that a lot of people have trouble with that. /,so/RB I/PRP think/VBP that/IN a/DT lot/NN of/IN people/NNS have/VBP trouble/NN with/IN that/DT ./.,,,216.48,218.3
sw11utt/sw_1102_2820.utt,2/sw2820,2820,96,sv,B,50,1,"{C But, }","But/CC ,/,",,,218.76,218.82
sw11utt/sw_1102_2820.utt,2/sw2820,2820,97,sd,A,51,1,"# [ I can, + I can ] understand that.  # /","I/PRP can/MD ,/, I/PRP can/MD understand/VB that/DT ./.",,,0.0,0.0
sw11utt/sw_1102_2820.utt,2/sw2820,2820,98,+,B,52,1,# that's a fine line to draw.  # /,that/DT 's/BES a/DT fine/JJ line/NN to/TO draw/VB ./.,,,218.82,220.36
sw11utt/sw_1102_2820.utt,2/sw2820,2820,99,b,A,53,1,Huh-uh.  /,Huh-uh/UH ./.,,,220.44,220.64
sw11utt/sw_1102_2820.utt,2/sw2820,2820,100,b^r,A,53,2,Huh-uh. /,Huh-uh/UH ./.,,,220.74,220.88
sw11utt/sw_1102_2820.utt,2/sw2820,2820,101,%,B,54,1,"{E I mean, } {F uh, } that's really  ((   )) - /","I/PRP mean/VBP ,/, uh/UH ,/, that/DT 's/BES really/RB MUMBLEx/XX",,,221.5,222.84
sw11utt/sw_1102_2820.utt,2/sw2820,2820,102,qh,B,54,2,"[ do you, + {F uh, }","do/VBP you/PRP ,/, uh/UH ,/,",,,222.84,223.48
sw11utt/sw_1102_2820.utt,2/sw2820,2820,103,b,A,55,1,# Yeah. # /,Yeah/UH ./.,,,0.0,0.0
sw11utt/sw_1102_2820.utt,2/sw2820,2820,104,+,B,56,1,"# do # you ] worry about, {D you know, } this or that,  /","do/VBP you/PRP worry/VB about/IN ,/, you/PRP know/VBP ,/, this/DT or/CC that/DT ,/,",,,223.48,226.9
sw11utt/sw_1102_2820.utt,2/sw2820,2820,105,qh,B,56,2,"{E I mean, } {D you know, } what about the rights,","I/PRP mean/VBP ,/, you/PRP know/VBP ,/, what/WP about/IN the/DT rights/NNS ,/,",,,226.9,229.02
sw11utt/sw_1102_2820.utt,2/sw2820,2820,106,b,A,57,1,# Huh-uh.  # /,Huh-uh/UH ./.,,,0.0,0.0
sw11utt/sw_1102_2820.utt,2/sw2820,2820,107,+,B,58,1,"# to # privacy,  /","to/IN privacy/NN ,/,",,,229.02,230.16
sw11utt/sw_1102_2820.utt,2/sw2820,2820,108,qh,B,58,2,"what  ((   ))  if they're doing something legal,  /","what/WP MUMBLEx/XX if/IN they/PRP 're/VBP doing/VBG something/NN legal/JJ ,/,",,,230.16,231.4
sw11utt/sw_1102_2820.utt,2/sw2820,2820,109,sv,B,58,3,"{C but } they would rather have it private,","but/CC they/PRP would/MD rather/RB have/VB it/PRP private/JJ ,/,",,,231.4,232.33999999999997
sw11utt/sw_1102_2820.utt,2/sw2820,2820,110,aa,A,59,1,# Right. # /,Right/UH ./.,,,0.0,0.0
sw11utt/sw_1102_2820.utt,2/sw2820,2820,111,+,B,60,1,# {D you # know. } /,you/PRP know/VBP ./.,,,232.34,232.58
sw11utt/sw_1102_2820.utt,2/sw2820,2820,112,aa,A,61,1,Right. /,Right/UH ./.,,,232.66,232.85999999999999
sw11utt/sw_1102_2820.utt,2/sw2820,2820,113,sv,B,62,1,"{D Like, } especially in the case of drinking.  /","Like/UH ,/, especially/RB in/IN the/DT case/NN of/IN drinking/NN ./.",,,233.08,234.86
sw11utt/sw_1102_2820.utt,2/sw2820,2820,114,qh,B,62,2,"{D You know, } if someone is something more than a social drinker, shall we say, yet, they're not an alcoholic, what do you do? /","You/PRP know/VBP ,/, if/IN someone/NN is/VBZ something/NN more/JJR than/IN a/DT social/JJ drinker/NN ,/, shall/MD we/PRP say/VB ,/, yet/CC ,/, they/PRP 're/VBP not/RB an/DT alcoholic/NN ,/, what/WP do/VBP you/PRP do/VB ?/.",,,234.86,240.51999999999998
sw11utt/sw_1102_2820.utt,2/sw2820,2820,115,b,A,63,1,Yeah.  /,Yeah/UH ./.,,,240.91,241.21
sw11utt/sw_1102_2820.utt,2/sw2820,2820,116,b^r,A,63,2,Yeah. /,Yeah/UH ./.,,,241.49,241.65
sw11utt/sw_1102_2820.utt,2/sw2820,2820,117,%,B,64,1,{D So. } -/,So/UH ./.,,,241.58,241.92000000000002
sw11utt/sw_1102_2820.utt,2/sw2820,2820,118,sd,A,65,1,"{E I mean, } I took a lie detector once  /","I/PRP mean/VBP ,/, I/PRP took/VBD a/DT lie/NN detector/NN once/RB",,,242.41,244.85
sw11utt/sw_1102_2820.utt,2/sw2820,2820,119,sd,A,65,2,"{C and } I didn't mind it,  /","and/CC I/PRP did/VBD n't/RB mind/VB it/PRP ,/,",,,245.03,246.07
sw11utt/sw_1102_2820.utt,2/sw2820,2820,120,sd,A,65,3,"{C but } I was just offended by some of the questions, I guess.  /","but/CC I/PRP was/VBD just/RB offended/VBN by/IN some/DT of/IN the/DT questions/NNS ,/, I/PRP guess/VBP ./.",,,246.07,249.03
sw11utt/sw_1102_2820.utt,2/sw2820,2820,121,sd(^q),A,65,4,"{E I mean, } there was one question, do you like your mother?  /","I/PRP mean/VBP ,/, there/EX was/VBD one/CD question/NN ,/, do/VBP you/PRP like/VB your/PRP$ mother/NN ?/.",,,249.03,251.55
sw11utt/sw_1102_2820.utt,2/sw2820,2820,122,qy,A,65,5,You know?  /,You/PRP know/VBP ?/.,,,251.87,252.15
sw11utt/sw_1102_2820.utt,2/sw2820,2820,123,sd(^q),A,65,6,"I said, yes. /","I/PRP said/VBD ,/, yes/UH ./.",,,252.15,252.95
sw11utt/sw_1102_2820.utt,2/sw2820,2820,124,x,B,66,1,<Laughter>.,,,,0.0,0.0
sw11utt/sw_1102_2820.utt,2/sw2820,2820,125,^q,A,67,1,Do you hate your mother?  /,Do/VB you/PRP hate/VBP your/PRP$ mother/NN ?/.,,,253.41,254.43
sw11utt/sw_1102_2820.utt,2/sw2820,2820,126,^q,A,67,2,No.  /,No/UH ./.,,,254.43,254.93
sw11utt/sw_1102_2820.utt,2/sw2820,2820,127,^q,A,67,3,Have you ever killed your mother?  /,Have/VBP you/PRP ever/RB killed/VBN your/PRP$ mother/NN ?/.,,,255.07,256.39
sw11utt/sw_1102_2820.utt,2/sw2820,2820,128,sd(^q),A,67,4,"{C And } I was going, {D you know, }","And/CC I/PRP was/VBD going/VBG ,/, you/PRP know/VBP ,/,",,,256.39,258.29
sw11utt/sw_1102_2820.utt,2/sw2820,2820,129,ba,B,68,1,"{D Well, } those are just, - /","Well/UH ,/, those/DT are/VBP just/RB ,/,",,,258.21,258.97
sw11utt/sw_1102_2820.utt,2/sw2820,2820,130,b,B,68,2,"yeah, /","yeah/UH ,/,",,,258.97,259.25
sw11utt/sw_1102_2820.utt,2/sw2820,2820,131,+,A,69,1,What in the world. /,What/WP in/IN the/DT world/NN ./.,,,259.33,260.23
sw11utt/sw_1102_2820.utt,2/sw2820,2820,132,sv,B,70,1,"[ [ Those are just to get, + probably to get  some sort of, ] + those are to get ] the shock value out of you.   /","Those/DT are/VBP just/RB to/TO get/VB ,/, probably/RB to/TO get/VB some/DT sort/NN of/IN ,/, those/DT are/VBP to/TO get/VB the/DT shock/NN value/NN out/IN of/IN you/PRP ./.",,,260.75,266.51
sw11utt/sw_1102_2820.utt,2/sw2820,2820,133,sv@,B,70,2,"{C Or } just to see,   *[[slash error?]]","Or/CC just/RB to/TO see/VB ,/,",,,266.51,266.99
sw11utt/sw_1102_2820.utt,2/sw2820,2820,134,qy,A,71,1,# Is that what it was? # /,Is/VBZ that/DT what/WP it/PRP was/VBD ?/.,,,267.07,268.10999999999996
sw11utt/sw_1102_2820.utt,2/sw2820,2820,135,+,B,72,1,#  ((   ))  Shock.  /,MUMBLEx/XX Shock/NN ./.,,,0.0,0.0
sw11utt/sw_1102_2820.utt,2/sw2820,2820,136,sd,B,72,2,"[ I do # some, + I'm ] a graduate student in Psych. /","I/PRP do/VBP some/DT ,/, I/PRP 'm/VBP a/DT graduate/NN student/NN in/IN Psych/NN ./.",,,268.03,270.76
sw11utt/sw_1102_2820.utt,2/sw2820,2820,137,bk,A,73,1,"{F Oh, } okay. /","Oh/UH ,/, okay/UH ./.",,,271.17,271.46999999999997
sw11utt/sw_1102_2820.utt,2/sw2820,2820,138,sd,B,74,1,"{C And } we sort of, {D you know, } figure out, - /","And/CC we/PRP sort/RB of/RB ,/, you/PRP know/VBP ,/, figure/VBP out/RP ,/,",,,271.44,273.88
sw11utt/sw_1102_2820.utt,2/sw2820,2820,139,sd,B,74,2,"{F um, } I know a little bit about that kind of stuff. /","um/UH ,/, I/PRP know/VBP a/DT little/JJ bit/NN about/IN that/DT kind/NN of/IN stuff/NN ./.",,,273.96,277.71999999999997
sw11utt/sw_1102_2820.utt,2/sw2820,2820,140,b,A,75,1,Huh-uh. /,Huh-uh/UH ./.,,,277.87,278.11
sw11utt/sw_1102_2820.utt,2/sw2820,2820,141,sd,B,76,1,"What they're trying to do there is, they want to sort of get a base line measure for you, {D you know. }  /","What/WP they/PRP 're/VBP trying/VBG to/TO do/VB there/RB is/VBZ ,/, they/PRP want/VBP to/TO sort/RB of/RB get/VB a/DT base/NN line/NN measure/NN for/IN you/PRP ,/, you/PRP know/VBP ./.",,,278.02,282.06
sw11utt/sw_1102_2820.utt,2/sw2820,2820,142,sd,B,76,2,"How is it that when you see these things [ [ [ {C and, } + {D you know, }","How/WRB is/VBZ it/PRP that/IN when/WRB you/PRP see/VBP these/DT things/NNS and/CC ,/, you/PRP know/VBP ,/,",,,282.06,286.21999999999997
sw11utt/sw_1102_2820.utt,2/sw2820,2820,143,b,A,77,1,# Huh-uh.  # /,Huh-uh/UH ./.,,,0.0,0.0
sw11utt/sw_1102_2820.utt,2/sw2820,2820,144,+,B,78,1,"# {C and, } ] + # {C and, } ] + {C and, } ] -/","and/CC ,/, and/CC ,/, and/CC ,/,",,,286.22,286.96
sw11utt/sw_1102_2820.utt,2/sw2820,2820,145,sd^2,A,79,1,"# [ Kind of get, + #","Kind/RB of/RB get/VB ,/,",,,287.19,287.71000000000004
sw11utt/sw_1102_2820.utt,2/sw2820,2820,146,x,B,80,1,#  ((   )) . #,MUMBLEx/XX ./.,,,0.0,0.0
sw11utt/sw_1102_2820.utt,2/sw2820,2820,147,+,A,81,1,Kind of get ] something to measure my responses by. /,Kind/RB of/RB get/VB something/NN to/TO measure/VB my/PRP$ responses/NNS by/RB ./.,,,287.71,290.57000000000005
sw11utt/sw_1102_2820.utt,2/sw2820,2820,148,b,B,82,1,Yeah.  /,Yeah/UH ./.,,,290.66,290.98
sw11utt/sw_1102_2820.utt,2/sw2820,2820,149,sv,B,82,2,"{C But } with them they have no idea if you're just sort of jumping,","But/CC with/IN them/PRP they/PRP have/VBP no/DT idea/NN if/IN you/PRP 're/VBP just/RB sort/RB of/RB jumping/VBG ,/,",,,290.98,293.36
sw11utt/sw_1102_2820.utt,2/sw2820,2820,150,b,A,83,1,# Yeah. # /,Yeah/UH ./.,,,0.0,0.0
sw11utt/sw_1102_2820.utt,2/sw2820,2820,151,+,B,84,1,"# around # and being fidgety, /","around/RB and/CC being/VBG fidgety/JJ ,/,",,,293.36,294.44
sw11utt/sw_1102_2820.utt,2/sw2820,2820,152,b,A,85,1,# Yeah. # /,Yeah/UH ./.,,,0.0,0.0
sw11utt/sw_1102_2820.utt,2/sw2820,2820,153,am,B,86,1,# Maybe #  ((   )) .  /,Maybe/RB MUMBLEx/XX ./.,,,294.44,294.71999999999997
sw11utt/sw_1102_2820.utt,2/sw2820,2820,154,sv,B,86,2,It can be shocking  /,It/PRP can/MD be/VB shocking/JJ,,,294.78,297.06
sw11utt/sw_1102_2820.utt,2/sw2820,2820,155,sv,B,86,3,"{C and, }","and/CC ,/,",,,297.14,297.28
sw11utt/sw_1102_2820.utt,2/sw2820,2820,156,aa,A,87,1,# Yeah  /,Yeah/UH,,,297.72,298.14000000000004
sw11utt/sw_1102_2820.utt,2/sw2820.pos,2820,157,x,A,87,2,<laughter>.  #,./.,,,0.0,0.0
sw11utt/sw_1102_2820.utt,2/sw2820,2820,158,+,B,88,1,#  ((   ))  # shock you. /,MUMBLEx/XX shock/VB you/PRP ./.,,,298.16,298.62
sw11utt/sw_1102_2820.utt,2/sw2820,2820,159,sd,A,89,1,"((   ))  they ask why I was going,  /","MUMBLEx/XX they/PRP ask/VBP why/WRB I/PRP was/VBD going/VBG ,/,",,,298.88,300.22
sw11utt/sw_1102_2820.utt,2/sw2820,2820,160,^q,A,89,2,what in the world are you asking me about here.  /,what/WP in/IN the/DT world/NN are/VBP you/PRP asking/VBG me/PRP about/IN here/RB ./.,,,300.44,302.29999999999995
sw11utt/sw_1102_2820.utt,2/sw2820,2820,161,qy^d@,A,89,3,{D You know. }   *[[slash error]],You/PRP know/VBP ./.,,,302.3,302.68
sw11utt/sw_1102_2820.utt,2/sw2820,2820,162,ny,B,90,1,Yeah. /,Yeah/UH ./.,,,303.68,303.88
sw11utt/sw_1102_2820.utt,2/sw2820,2820,163,+,A,91,1,"{C But } I guess, I don't know, some people have probably killed their mothers.  /","But/CC I/PRP guess/VBP ,/, I/PRP do/VBP n't/RB know/VB ,/, some/DT people/NNS have/VBP probably/RB killed/VBN their/PRP$ mothers/NNS ./.",,,303.96,306.59999999999997
sw11utt/sw_1102_2820.utt,2/sw2820,2820,164,h,A,91,2,I don't know <laughter>. /,I/PRP do/VBP n't/RB know/VB ./.,,,306.6,307.1
sw11utt/sw_1102_2820.utt,2/sw2820,2820,165,aa,B,92,1,"<Laughter>  Yeah,  /","Yeah/UH ,/,",,,307.42,307.7
sw11utt/sw_1102_2820.utt,2/sw2820,2820,166,h,B,92,2,"{D well, } I guess so,  /","well/UH ,/, I/PRP guess/VBP so/RB ,/,",,,308.38,309.1
sw11utt/sw_1102_2820.utt,2/sw2820,2820,167,h,B,92,3,"{E I mean, } I guess, I don't know [ how, + what ] actually happens [ if, + {F uh, } if ] you have killed your mother <laughter>. /","I/PRP mean/VBP ,/, I/PRP guess/VBP ,/, I/PRP do/VBP n't/RB know/VB how/WRB ,/, what/WP actually/RB happens/VBZ if/IN ,/, uh/UH ,/, if/IN you/PRP have/VBP killed/VBN your/PRP$ mother/NN ./.",,,309.1,315.93
sw11utt/sw_1102_2820.utt,2/sw2820,2820,168,b,A,93,1,<Laughter>  Yeah  /,Yeah/UH,,,316.04,316.24
sw11utt/sw_1102_2820.utt,2/sw2820,2820,169,x,A,93,2,((   )) .,MUMBLEx/XX ./.,,,0.0,0.0
sw11utt/sw_1102_2820.utt,2/sw2820,2820,170,sv,B,94,1,Big jump there.  /,Big/JJ jump/NN there/RB ./.,,,316.43,317.21000000000004
sw11utt/sw_1102_2820.utt,2/sw2820,2820,171,qy^d@,B,94,2,{D You know. }   *[[slash error]],You/PRP know/VBP ./.,,,317.21,317.39
sw11utt/sw_1102_2820.utt,2/sw2820,2820,172,b,A,95,1,Yeah. /,Yeah/UH ./.,,,317.48,317.66
sw11utt/sw_1102_2820.utt,2/sw2820,2820,173,+,B,96,1,"{C But, } yeah,  /","But/CC ,/, yeah/UH ,/,",,,318.69,319.15
sw11utt/sw_1102_2820.utt,2/sw2820,2820,174,sv,B,96,2,"I think it's their way of saying how well you do,","I/PRP think/VBP it/PRP 's/BES their/PRP$ way/NN of/IN saying/VBG how/WRB well/RB you/PRP do/VBP ,/,",,,319.29,321.35
sw11utt/sw_1102_2820.utt,2/sw2820,2820,175,b,A,97,1,# Huh-uh.  # /,Huh-uh/UH ./.,,,0.0,0.0
sw11utt/sw_1102_2820.utt,2/sw2820,2820,176,+,B,98,1,"# in # a shock situation without worrying about,","in/IN a/DT shock/NN situation/NN without/IN worrying/VBG about/IN ,/,",,,321.35,324.03
sw11utt/sw_1102_2820.utt,2/sw2820,2820,177,b@,A,99,1,# Huh-uh.  #   *[[slash error]],Huh-uh/UH ./.,,,0.0,0.0
sw11utt/sw_1102_2820.utt,2/sw2820,2820,178,+,B,100,1,# stuff # like that.   /,stuff/NN like/IN that/DT ./.,,,324.31,324.99
sw11utt/sw_1102_2820.utt,2/sw2820,2820,179,%@,B,100,2,"{D So, }    *[[slash error]]","So/UH ,/,",,,325.33,325.46999999999997
sw11utt/sw_1102_2820.utt,2/sw2820,2820,180,+,A,101,1,"I never thought about that,  /","I/PRP never/RB thought/VBD about/IN that/DT ,/,",,,325.56,326.5
sw11utt/sw_1102_2820.utt,2/sw2820,2820,181,ba,A,101,2,that makes me feel a little better <laughter>. /,that/WDT makes/VBZ me/PRP feel/VBP a/DT little/RB better/JJR ./.,,,326.5,327.52
sw11utt/sw_1102_2820.utt,2/sw2820,2820,182,+,B,102,1,<Laughter>.,,,,0.0,0.0
sw11utt/sw_1102_2820.utt,2/sw2820,2820,183,sd,A,103,1,"Of course, that was years and years ago. /","Of/IN course/NN ,/, that/DT was/VBD years/NNS and/CC years/NNS ago/RB ./.",,,327.54,328.88
sw11utt/sw_1102_2820.utt,2/sw2820,2820,184,b,B,104,1,Yeah. /,Yeah/UH ./.,,,328.87,329.13
sw11utt/sw_1102_2820.utt,2/sw2820,2820,185,o@,A,105,1,"{C And } [ I, +    *[[slash error]]","And/CC I/PRP ,/,",,,329.22,329.52000000000004
sw11utt/sw_1102_2820.utt,2/sw2820,2820,186,b,B,106,1,"Yeah,  /","Yeah/UH ,/,",,,330.13,330.49
sw11utt/sw_1102_2820.utt,2/sw2820,2820,187,sd,B,106,2,"{C and } I don't think that you killed your mother though,  /","and/CC I/PRP do/VBP n't/RB think/VB that/IN you/PRP killed/VBD your/PRP$ mother/NN though/RB ,/,",,,330.49,331.78999999999996
sw11utt/sw_1102_2820.utt,2/sw2820,2820,188,sv,B,106,3,I wouldn't worry about that. /,I/PRP would/MD n't/RB worry/VB about/IN that/DT ./.,,,331.81,332.55
sw11utt/sw_1102_2820.utt,2/sw2820,2820,189,+@,A,107,1,"I ] don't think [ that some, + {E I mean, } there are some ] people, {E I mean, } - /","I/PRP do/VBP n't/RB think/VB that/IN some/DT ,/, I/PRP mean/VBP ,/, there/EX are/VBP some/DT people/NNS ,/, I/PRP mean/VBP ,/,",,,332.66,335.88
sw11utt/sw_1102_2820.utt,2/sw2820,2820,190,sv,A,107,2,{C because } in society a lot of people are taking drugs.  /,because/CC in/IN society/NN a/DT lot/NN of/IN people/NNS are/VBP taking/VBG drugs/NNS ./.,,,335.88,338.24
sw11utt/sw_1102_2820.utt,2/sw2820,2820,191,sv,A,107,3,There is also people that are getting off drugs and trying to do better with their lives.   /,There/EX is/VBZ also/RB people/NNS that/WDT are/VBP getting/VBG off/IN drugs/NNS and/CC trying/VBG to/TO do/VB better/RBR with/IN their/PRP$ lives/NNS ./.,,,338.24,342.34
sw11utt/sw_1102_2820.utt,2/sw2820,2820,192,sv,A,107,4,"{C But } they take a lie detector test or a drug test, or whatever  /","But/CC they/PRP take/VBP a/DT lie/NN detector/NN test/NN or/CC a/DT drug/NN test/NN ,/, or/CC whatever/WDT",,,342.84,346.36
sw11utt/sw_1102_2820.utt,2/sw2820,2820,193,sv,A,107,5,"{C and } the stuff that happened to them, {D you know, } five years ago comes up  /","and/CC the/DT stuff/NN that/WDT happened/VBD to/IN them/PRP ,/, you/PRP know/VBP ,/, five/CD years/NNS ago/RB comes/VBZ up/RB",,,346.76,350.59999999999997
sw11utt/sw_1102_2820.utt,2/sw2820,2820,194,sv,A,107,6,{C and } it spoils their chances for just making it a little better.  /,and/CC it/PRP spoils/VBZ their/PRP$ chances/NNS for/IN just/RB making/VBG it/PRP a/DT little/RB better/JJR ./.,,,350.6,354.38
sw11utt/sw_1102_2820.utt,2/sw2820,2820,195,sv,A,107,7,"{D You know, } when they might be actually trying to,","You/PRP know/VBP ,/, when/WRB they/PRP might/MD be/VB actually/RB trying/VBG to/TO ,/,",,,354.6,356.46
sw11utt/sw_1102_2820.utt,2/sw2820,2820,196,b,B,108,1,# Yeah. # /,Yeah/UH ./.,,,0.0,0.0
sw11utt/sw_1102_2820.utt,2/sw2820,2820,197,+,A,109,1,# improve # their lives. /,improve/VB their/PRP$ lives/NNS ./.,,,356.74,357.78
sw11utt/sw_1102_2820.utt,2/sw2820,2820,198,b,B,110,1,Yeah.  /,Yeah/UH ./.,,,358.43,358.85
sw11utt/sw_1102_2820.utt,2/sw2820,2820,199,sv,B,110,2,"That's, {F uh, } {D you know, } [ it, + it ] could blow things right away for them, {D you know. } /","That/DT 's/BES ,/, uh/UH ,/, you/PRP know/VBP ,/, it/PRP ,/, it/PRP could/MD blow/VB things/NNS right/RB away/RB for/IN them/PRP ,/, you/PRP know/VBP ./.",,,359.05,362.45000000000005
sw11utt/sw_1102_2820.utt,2/sw2820,2820,200,b,A,111,1,Huh-uh. /,Huh-uh/UH ./.,,,362.53,362.65
sw11utt/sw_1102_2820.utt,2/sw2820,2820,201,sv(^q),B,112,1,"[ [ Unless they say, + {D well, } {D look, } unless they walk in, ] + they could walk in ] and  say, look, I did do drugs a year ago, /","Unless/IN they/PRP say/VBP ,/, well/UH ,/, look/UH ,/, unless/IN they/PRP walk/VBP in/IN ,/, they/PRP could/MD walk/VB in/IN and/CC say/VBP ,/, look/UH ,/, I/PRP did/VBD do/VB drugs/NNS a/DT year/NN ago/RB ,/,",,,362.57,368.2
sw11utt/sw_1102_2820.utt,2/sw2820,2820,202,b@,A,113,1,# Huh-uh.  #   *[[slash error]],Huh-uh/UH ./.,,,0.0,0.0
sw11utt/sw_1102_2820.utt,2/sw2820,2820,203,^q,B,114,1,# {C and } # I'm off them for a year now. /,and/CC I/PRP 'm/VBP off/IN them/PRP for/IN a/DT year/NN now/RB ./.,,,368.2,369.5
sw11utt/sw_1102_2820.utt,2/sw2820,2820,204,+,A,115,1,Huh-uh. /,Huh-uh/UH ./.,,,370.03,370.25
sw11utt/sw_1102_2820.utt,2/sw2820,2820,205,^q,B,116,1,"((   ))  I'll be happy to take the test,  /","MUMBLEx/XX I/PRP 'll/MD be/VB happy/JJ to/TO take/VB the/DT test/NN ,/,",,,370.46,372.52
sw11utt/sw_1102_2820.utt,2/sw2820,2820,206,^q,B,116,2,{C but } it will show up positive. /,but/CC it/PRP will/MD show/VB up/RP positive/JJ ./.,,,372.52,373.65999999999997
sw11utt/sw_1102_2820.utt,2/sw2820,2820,207,b,A,117,1,Yeah.  /,Yeah/UH ./.,,,373.83,373.95
sw11utt/sw_1102_2820.utt,2/sw2820,2820,208,b^r,A,117,2,Yeah. /,Yeah/UH ./.,,,373.95,374.13
sw11utt/sw_1102_2820.utt,2/sw2820,2820,209,%,B,118,1,"versus, /","versus/IN ,/,",,,374.12,374.34000000000003
sw11utt/sw_1102_2820.utt,2/sw2820,2820,210,sd,A,119,1,I would probably do that.  /,I/PRP would/MD probably/RB do/VB that/DT ./.,,,374.43,375.19
sw11utt/sw_1102_2820.utt,2/sw2820,2820,211,sd,A,119,2,"{C And } I would probably bring something in showing that I had been to such and such hospital for help or, {D you know, }","And/CC I/PRP would/MD probably/RB bring/VB something/NN in/IN showing/VBG that/IN I/PRP had/VBD been/VBN to/IN such/JJ and/CC such/JJ hospital/NN for/IN help/NN or/CC ,/, you/PRP know/VBP ,/,",,,375.19,381.55
sw11utt/sw_1102_2820.utt,2/sw2820,2820,212,b,B,120,1,# Yeah. # /,Yeah/UH ./.,,,381.76,382.2
sw11utt/sw_1102_2820.utt,2/sw2820,2820,213,+,A,121,1,# Whatever # the twelve month program.  /,Whatever/WDT the/DT twelve/CD month/NN program/NN ./.,,,382.29,383.63
sw11utt/sw_1102_2820.utt,2/sw2820,2820,214,sd,A,121,2,{C Or } whatever it is that they do. /,Or/CC whatever/WDT it/PRP is/VBZ that/WDT they/PRP do/VBP ./.,,,383.63,384.91
sw11utt/sw_1102_2820.utt,2/sw2820,2820,215,b,B,122,1,Yeah.  /,Yeah/UH ./.,,,384.82,385.12
sw11utt/sw_1102_2820.utt,2/sw2820,2820,216,sv,B,122,2,"[ Because, {E I mean } then, + although then, ] they can't legally discriminate, I think on the basis  ((   )) . /","Because/IN ,/, I/PRP mean/VBP then/RB ,/, although/IN then/RB ,/, they/PRP ca/MD n't/RB legally/RB discriminate/VB ,/, I/PRP think/VBP on/IN the/DT basis/NN MUMBLEx/XX ./.",,,385.36,388.73999999999995
sw11utt/sw_1102_2820.utt,2/sw2820,2820,217,b,A,123,1,Huh-uh. /,Huh-uh/UH ./.,,,389.21,389.34999999999997
sw11utt/sw_1102_2820.utt,2/sw2820,2820,218,sd,B,124,1,{C But } I don't really know.  /,But/CC I/PRP do/VBP n't/RB really/RB know/VB ./.,,,390.1,390.98
sw11utt/sw_1102_2820.utt,2/sw2820,2820,219,sd,B,124,2,I don't know what the laws are pertaining to this. /,I/PRP do/VBP n't/RB know/VB what/WP the/DT laws/NNS are/VBP pertaining/VBG to/TO this/DT ./.,,,391.24,393.01
sw11utt/sw_1102_2820.utt,2/sw2820,2820,220,b,A,125,1,Yeah.  /,Yeah/UH ./.,,,393.25,393.35
sw11utt/sw_1102_2820.utt,2/sw2820,2820,221,b^r,A,125,2,Yeah. /,Yeah/UH ./.,,,393.35,393.53000000000003
sw11utt/sw_1102_2820.utt,2/sw2820,2820,222,sd,B,126,1,My wife probably does. /,My/PRP$ wife/NN probably/RB does/VBZ ./.,,,393.73,394.81
sw11utt/sw_1102_2820.utt,2/sw2820,2820,223,sd,A,127,1,I'm not sure what they are either. /,I/PRP 'm/VBP not/RB sure/JJ what/WP they/PRP are/VBP either/RB ./.,,,394.91,396.01
sw11utt/sw_1102_2820.utt,2/sw2820,2820,224,%,B,128,1,"[ I don't, + I don't ]  ((   )) . -/","I/PRP do/VBP n't/RB ,/, I/PRP do/VBP n't/RB MUMBLEx/XX ./.",,,396.37,397.25
sw11utt/sw_1102_2820.utt,2/sw2820,2820,225,b,A,129,1,Yeah. /,Yeah/UH ./.,,,398.87,399.21
sw11utt/sw_1102_2820.utt,2/sw2820,2820,226,sd^t,B,130,1,"{C But, } it's an interesting topic that I never actually thought about  ((   )) . /","But/CC ,/, it/PRP 's/BES an/DT interesting/JJ topic/NN that/WDT I/PRP never/RB actually/RB thought/VBD about/IN MUMBLEx/XX ./.",,,399.11,401.91
sw11utt/sw_1102_2820.utt,2/sw2820,2820,227,b^t,A,131,1,Yeah.  /,Yeah/UH ./.,,,402.27,402.53
sw11utt/sw_1102_2820.utt,2/sw2820,2820,228,sd^t,A,131,2,"The other day we had talked about, {F uh, } capital punishment. /","The/DT other/JJ day/NN we/PRP had/VBD talked/VBN about/IN ,/, uh/UH ,/, capital/NN punishment/NN ./.",,,402.79,407.07
sw11utt/sw_1102_2820.utt,2/sw2820,2820,229,b,B,132,1,"{F Oh, } I  ((   )) . -/","Oh/UH ,/, I/PRP MUMBLEx/XX ./.",,,407.65,407.83
sw11utt/sw_1102_2820.utt,2/sw2820,2820,230,sd^t,A,133,1,"{C And } I really, really hadn't thought about it.  /","And/CC I/PRP really/RB ,/, really/RB had/VBD n't/RB thought/VBN about/IN it/PRP ./.",,,407.93,409.81
sw11utt/sw_1102_2820.utt,2/sw2820,2820,231,sd,A,133,2,"{E I mean, } I think about it because I hear about it,  /","I/PRP mean/VBP ,/, I/PRP think/VBP about/IN it/PRP because/IN I/PRP hear/VBP about/IN it/PRP ,/,",,,409.81,411.72999999999996
sw11utt/sw_1102_2820.utt,2/sw2820,2820,232,sd(^q),A,133,3,"{C but } I hadn't had to sit down [ and, + and ] well, what do I think about it <laughter>.  /","but/CC I/PRP had/VBD n't/RB had/VBN to/TO sit/VB down/RB and/CC ,/, and/CC well/UH ,/, what/WP do/VBP I/PRP think/VB about/IN it/PRP ./.",,,412.19,416.09000000000003
sw11utt/sw_1102_2820.utt,2/sw2820,2820,233,sd^t,A,133,4,"{D You know, } {C and } that's kind of like today.  /","You/PRP know/VBP ,/, and/CC that/DT 's/BES kind/RB of/RB like/IN today/NN ./.",,,416.33,417.69
sw11utt/sw_1102_2820.utt,2/sw2820,2820,234,sd,A,133,5,I'm not real sure what I think about it.  /,I/PRP 'm/VBP not/RB real/RB sure/JJ what/WP I/PRP think/VBP about/IN it/PRP ./.,,,417.69,420.21
sw11utt/sw_1102_2820.utt,2/sw2820,2820,235,sd,A,133,6,"I'm kind of, {D you know, } in the middle on that one. /","I/PRP 'm/VBP kind/RB of/RB ,/, you/PRP know/VBP ,/, in/IN the/DT middle/NN on/IN that/DT one/CD ./.",,,420.25,422.41
sw11utt/sw_1102_2820.utt,2/sw2820,2820,236,aa,B,134,1,Yeah.  /,Yeah/UH ./.,,,422.87,423.11
sw11utt/sw_1102_2820.utt,2/sw2820,2820,237,bf,B,134,2,"{D Well, } these are tough.  /","Well/UH ,/, these/DT are/VBP tough/JJ ./.",,,423.11,423.81
sw11utt/sw_1102_2820.utt,2/sw2820,2820,238,sd,B,134,3,"I sort of like that stuff,  /","I/PRP sort/RB of/RB like/VBP that/DT stuff/NN ,/,",,,423.81,425.43
sw11utt/sw_1102_2820.utt,2/sw2820,2820,239,sv,B,134,4,it makes you think. /,it/PRP makes/VBZ you/PRP think/VBP ./.,,,425.43,426.01
sw11utt/sw_1102_2820.utt,2/sw2820,2820,240,b,A,135,1,Huh-uh.  /,Huh-uh/UH ./.,,,426.29,426.41
sw11utt/sw_1102_2820.utt,2/sw2820,2820,241,aa,A,135,2,"Really,  /","Really/UH ,/,",,,426.41,426.55
sw11utt/sw_1102_2820.utt,2/sw2820,2820,242,aa,A,135,3,really. /,really/UH ./.,,,426.65,427.01
sw11utt/sw_1102_2820.utt,2/sw2820,2820,243,sv,B,136,1,{C So } I think that's real good. /,So/RB I/PRP think/VBP that/DT 's/BES real/RB good/JJ ./.,,,427.31,429.29
sw11utt/sw_1102_2820.utt,2/sw2820,2820,244,o,A,137,1,Okay.  /,Okay/UH ./.,,,430.19,430.53
sw11utt/sw_1102_2820.utt,2/sw2820,2820,245,fc,A,137,2,It was very nice talking to you. /,It/PRP was/VBD very/RB nice/JJ talking/VBG to/IN you/PRP ./.,,,430.73,431.85
sw11utt/sw_1102_2820.utt,2/sw2820,2820,246,fc,B,138,1,Nice talking to you to. /,Nice/JJ talking/VBG to/IN you/PRP to/IN ./.,,,431.74,432.54
sw11utt/sw_1102_2820.utt,2/sw2820,2820,247,fc,A,139,1,Okay.  /,Okay/UH ./.,,,432.65,432.98999999999995
sw11utt/sw_1102_2820.utt,2/sw2820,2820,248,fc,A,139,2,Take care. /,Take/VB care/NN ./.,,,433.25,433.55
sw11utt/sw_1102_2820.utt,2/sw2820,2820,249,fc,B,140,1,Bye-bye. /,Bye-bye/UH ./.,,,433.44,433.71999999999997
sw11utt/sw_1102_2820.utt,2/sw2820,2820,250,fc,A,141,1,Bye-bye. /,Bye-bye/UH ./.,,,433.83,434.13
