swda_filename,ptb_basename,conversation_no,transcript_index,act_tag,caller,utterance_index,subutterance_index,text,pos,trees,ptb_treenumbers,start_ts,end_ts
sw09utt/sw_0909_2879.utt,2/sw2879,2879,0,o,A,1,1,"Okay,  /","Okay/UH ,/,",,,0.44,0.8200000000000001
sw09utt/sw_0909_2879.utt,2/sw2879,2879,1,%,A,1,2,"there's one, <laughter>  {F uh, } - /","there/EX 's/BES one/CD ,/, uh/UH ,/,",,,0.82,2.56
sw09utt/sw_0909_2879.utt,2/sw2879,2879,2,sd,A,1,3,"I meant living in Texas,  /","I/PRP meant/VBD living/VBG in/IN Texas/NNP ,/,",,,2.58,3.7199999999999998
sw09utt/sw_0909_2879.utt,2/sw2879,2879,3,qw,A,1,4,where you at? /,where/WRB you/PRP at/IN ?/.,,,3.72,4.22
sw09utt/sw_0909_2879.utt,2/sw2879,2879,4,sd,B,2,1,"I'm in Rome, New York. /","I/PRP 'm/VBP in/IN Rome/NNP ,/, New/NNP York/NNP ./.",,,4.16,5.54
sw09utt/sw_0909_2879.utt,2/sw2879,2879,5,br^m,A,3,1,"In where  (( Rome )) , New York? /","In/IN where/WRB Rome/NNP ,/, New/NNP York/NNP ?/.",,,5.94,7.12
sw09utt/sw_0909_2879.utt,2/sw2879,2879,6,na^r,B,4,1,"Rome, New York,  /","Rome/NNP ,/, New/NNP York/NNP ,/,",,,7.22,7.54
sw09utt/sw_0909_2879.utt,2/sw2879,2879,7,ny,B,4,2,yeah. /,yeah/UH ./.,,,7.54,7.84
sw09utt/sw_0909_2879.utt,2/sw2879,2879,8,b^m,A,5,1,"Rome, New York,  /","Rome/NNP ,/, New/NNP York/NNP ,/,",,,7.9,8.56
sw09utt/sw_0909_2879.utt,2/sw2879,2879,9,%,A,5,2,"{D okay, } {D well, } Texas, <squeak> - /","okay/UH ,/, well/UH ,/, Texas/NNP ,/,",,,8.56,9.8
sw09utt/sw_0909_2879.utt,2/sw2879,2879,10,cc,A,5,3,"let me look at my husband and  ask him, <<speaks to some one else in room>>  /","let/VB me/PRP look/VB at/IN my/PRP$ husband/NN and/CC ask/VB him/PRP ,/,",,,10.74,12.66
sw09utt/sw_0909_2879.utt,2/sw2879,2879,11,t3,A,5,4,"Yes,  /","Yes/UH ,/,",,,13.96,14.3
sw09utt/sw_0909_2879.utt,2/sw2879,2879,12,t3,A,5,5,they do <laughter>.  /,they/PRP do/VBP ./.,,,14.3,14.76
sw09utt/sw_0909_2879.utt,2/sw2879,2879,13,sd,A,5,6,"He's reminding me of where I live,  /","He/PRP 's/BES reminding/VBG me/PRP of/IN where/WRB I/PRP live/VBP ,/,",,,15.74,17.099999999999998
sw09utt/sw_0909_2879.utt,2/sw2879,2879,14,%,A,5,7,# yeah. # /,yeah/UH ./.,,,17.54,17.8
sw09utt/sw_0909_2879.utt,2/sw2879,2879,15,b^m,B,6,1,"# Yeah,  /","Yeah/UH ,/,",,,0.0,0.0
sw09utt/sw_0909_2879.utt,2/sw2879,2879,16,%,B,6,2,"# [ I, + I, ] - /","I/PRP ,/, I/PRP ,/,",,,17.74,19.34
sw09utt/sw_0909_2879.utt,2/sw2879,2879,17,sd,B,6,3,New York does not -- /,New/NNP York/NNP does/VBZ not/RB --/:,,,19.42,20.84
sw09utt/sw_0909_2879.utt,2/sw2879,2879,18,b,A,7,1,Uh-huh. /,Uh-huh/UH ./.,,,21.22,21.68
sw09utt/sw_0909_2879.utt,2/sw2879,2879,19,sd,B,8,1,"-- {C but, } {F uh, } [ they're, + they're ] trying to reinstate it  /","--/: but/CC ,/, uh/UH ,/, they/PRP 're/VBP ,/, they/PRP 're/VBP trying/VBG to/TO reinstate/VB it/PRP",,,21.78,26.060000000000002
sw09utt/sw_0909_2879.utt,2/sw2879,2879,20,sd,B,8,2,"{C and } the governor's opposed to it being [ that, + {F uh, } the ] Democrat that he is,","and/CC the/DT governor/NN 's/BES opposed/JJ to/IN it/PRP being/VBG that/IN ,/, uh/UH ,/, the/DT Democrat/NNP that/WDT he/PRP is/VBZ ,/,",,,26.06,30.24
sw09utt/sw_0909_2879.utt,2/sw2879,2879,21,b,A,9,1,# Uh-huh. # /,Uh-huh/UH ./.,,,30.29,30.669999999999998
sw09utt/sw_0909_2879.utt,2/sw2879,2879,22,+,B,10,1,# and # Mario Cuomo -- /,and/CC Mario/NNP Cuomo/NNP --/:,,,30.62,31.62
sw09utt/sw_0909_2879.utt,2/sw2879,2879,23,b,A,11,1,Yes. /,Yes/UH ./.,,,31.83,32.309999999999995
sw09utt/sw_0909_2879.utt,2/sw2879,2879,24,sd,B,12,1,-- {C but } the state legislatures are more and more coming to supporting it. /,--/: but/CC the/DT state/NN legislatures/NNS are/VBP more/RBR and/CC more/RBR coming/VBG to/IN supporting/VBG it/PRP ./.,,,32.52,36.660000000000004
sw09utt/sw_0909_2879.utt,2/sw2879,2879,25,b,A,13,1,"Yeah,  /","Yeah/UH ,/,",,,36.97,37.19
sw09utt/sw_0909_2879.utt,2/sw2879,2879,26,sd,A,13,2,"[ I, + {F uh, } I ] ethically don't like the idea  /","I/PRP ,/, uh/UH ,/, I/PRP ethically/RB do/VBP n't/RB like/VB the/DT idea/NN",,,37.19,41.73
sw09utt/sw_0909_2879.utt,2/sw2879,2879,27,sd,A,13,3,"[ {C but, } + {C or } ] I should say morally I don't like the idea,  /","but/CC ,/, or/CC I/PRP should/MD say/VB morally/RB I/PRP do/VBP n't/RB like/VB the/DT idea/NN ,/,",,,41.73,47.010000000000005
sw09utt/sw_0909_2879.utt,2/sw2879,2879,28,sv,A,13,4,"{C but, } {F uh, } [ social [ [ eth-, + eth-, ] + and ethics, ] + socially and  ethically ] I think it's a good idea, # in certain crimes. # /","but/CC ,/, uh/UH ,/, social/JJ eth-/XX ,/, eth-/XX ,/, and/CC ethics/NNS ,/, socially/RB and/CC ethically/RB I/PRP think/VBP it/PRP 's/BES a/DT good/JJ idea/NN ,/, in/IN certain/JJ crimes/NNS ./.",,,47.07,50.269999999999996
sw09utt/sw_0909_2879.utt,2/sw2879,2879,29,aa,B,14,1,"# [ I'd, + I would ] # agree, with that [ almo-, + even more, ]  /","I/PRP 'd/MD ,/, I/PRP would/MD agree/VB ,/, with/IN that/DT almo-/XX ,/, even/RB more/RBR ,/,",,,50.84,54.379999999999995
sw09utt/sw_0909_2879.utt,2/sw2879,2879,30,sd,B,14,2,I don't know if this is cold and too pragmatically  /,I/PRP do/VBP n't/RB know/VB if/IN this/DT is/VBZ cold/JJ and/CC too/RB pragmatically/RB,,,54.38,58.279999999999994
sw09utt/sw_0909_2879.utt,2/sw2879,2879,31,sv,B,14,3,"{C but } I'm really offended,","but/CC I/PRP 'm/VBP really/RB offended/VBN ,/,",,,58.28,60.0
sw09utt/sw_0909_2879.utt,2/sw2879,2879,32,b,A,15,1,# Uh-huh. # /,Uh-huh/UH ./.,,,0.0,0.0
sw09utt/sw_0909_2879.utt,2/sw2879,2879,33,+,B,16,1,"# by # the thought that I have to support,","by/IN the/DT thought/NN that/WDT I/PRP have/VBP to/TO support/VB ,/,",,,60.0,62.559999999999995
sw09utt/sw_0909_2879.utt,2/sw2879,2879,34,b,A,17,1,# Uh-huh. # /,Uh-huh/UH ./.,,,0.0,0.0
sw09utt/sw_0909_2879.utt,2/sw2879,2879,35,+,B,18,1,"# {F uh, } # just the existence of, {D you know, } murder, rapist, [ whatev-, + wh-, + ]","uh/UH ,/, just/RB the/DT existence/NN of/IN ,/, you/PRP know/VBP ,/, murder/NN ,/, rapist/NN ,/, whatev/WP ,/, wh/WP ,/,",,,63.16,68.07000000000001
sw09utt/sw_0909_2879.utt,2/sw2879,2879,36,aa,A,19,1,"# Right,  /","Right/UH ,/,",,,68.17,68.49
sw09utt/sw_0909_2879.utt,2/sw2879,2879,37,sv,A,19,2,"any  ((   )) , #","any/DT MUMBLEx/XX ,/,",,,69.09,69.71000000000001
sw09utt/sw_0909_2879.utt,2/sw2879,2879,38,+,B,20,1,"# {D you know, } #","you/PRP know/VBP ,/,",,,0.0,0.0
sw09utt/sw_0909_2879.utt,2/sw2879,2879,39,+,A,21,1,"on the street,  /","on/IN the/DT street/NN ,/,",,,69.73,70.37
sw09utt/sw_0909_2879.utt,2/sw2879,2879,40,aa,A,21,2,"no,  /","no/UH ,/,",,,70.37,70.51
sw09utt/sw_0909_2879.utt,2/sw2879,2879,41,aa,A,21,3,I know. /,I/PRP know/VBP ./.,,,70.51,70.97
sw09utt/sw_0909_2879.utt,2/sw2879,2879,42,+,B,22,1,"{D right, } that, + {F uh, } after they've gone and done horrible things, molested children, and kill,","right/UH ,/, that/IN ,/, uh/UH ,/, after/IN they/PRP 've/VBP gone/VBN and/CC done/VBN horrible/JJ things/NNS ,/, molested/VBN children/NNS ,/, and/CC kill/VB ,/,",,,70.95,76.36999999999999
sw09utt/sw_0909_2879.utt,2/sw2879,2879,43,b,A,23,1,# Uh-huh. # /,Uh-huh/UH ./.,,,0.0,0.0
sw09utt/sw_0909_2879.utt,2/sw2879,2879,44,+,B,24,1,"# them # whatever, that, society has to pay, {F uh, }  (( upwards )) , {F uh, } thirty thousand dollars a year to incarcerate them. /","them/PRP whatever/WP ,/, that/IN ,/, society/NN has/VBZ to/TO pay/VB ,/, uh/UH ,/, upwards/RB ,/, uh/UH ,/, thirty/CD thousand/CD dollars/NNS a/DT year/NN to/TO incarcerate/VB them/PRP ./.",,,76.38,82.67
sw09utt/sw_0909_2879.utt,2/sw2879,2879,45,aa,A,25,1,"Yeah,  /","Yeah/UH ,/,",,,82.69,82.91
sw09utt/sw_0909_2879.utt,2/sw2879,2879,46,sd,A,25,2,{C and } Texas is having a problem right now  /,and/CC Texas/NNP is/VBZ having/VBG a/DT problem/NN right/RB now/RB,,,82.91,85.95
sw09utt/sw_0909_2879.utt,2/sw2879,2879,47,sd,A,25,3,"{C and } [ it's, [ [ [ [ the, + the, ] + the, ] + the, ] + the ]  ((   ))  cri-, + I think that's [ the, + the ] repeat crimes ] and the repeat offenders is happening down here where [ [ they're, + they're patrol, ] + the state patrol ] board is letting people walk that have done, {F oh, } heinous things [ from calli-, + from killing ] police officers to, {E I mean } just multiple, {D you know, } [ mo-, + molestations ] to murders of children, just, {D you know, } really bad things  /","and/CC it/PRP 's/BES ,/, the/DT ,/, the/DT ,/, the/DT ,/, the/DT ,/, the/DT MUMBLEx/XX cri-/XX ,/, I/PRP think/VBP that/DT 's/BES the/DT ,/, the/DT repeat/NN crimes/NNS and/CC the/DT repeat/NN offenders/NNS is/VBZ happening/VBG down/IN here/RB where/WRB they/PRP 're/VBP ,/, they/PRP 're/VBP patrol/NN ,/, the/DT state/NN patrol/NN board/NN is/VBZ letting/VBG people/NNS walk/VB that/WDT have/VBP done/VBN ,/, oh/UH ,/, heinous/JJ things/NNS from/IN calli-/XX ,/, from/IN killing/VBG police/NN officers/NNS to/IN ,/, I/PRP mean/VBP just/RB multiple/JJ ,/, you/PRP know/VBP ,/, mo-/NNS ,/, molestations/NNS to/IN murders/NNS of/IN children/NNS ,/, just/RB ,/, you/PRP know/VBP ,/, really/RB bad/JJ things/NNS",,,86.43,107.21000000000001
sw09utt/sw_0909_2879.utt,2/sw2879,2879,48,sd,A,25,4,"{C and } [ they're get, + these people are getting ] out like three to five years before they're even suppose to be considered, /","and/CC they/PRP 're/VBP get/VB ,/, these/DT people/NNS are/VBP getting/VBG out/RB like/IN three/CD to/IN five/CD years/NNS before/IN they/PRP 're/VBP even/RB suppose/^VBN to/TO  be/VB considered/VBN ,/,",,,107.55,112.55000000000001
sw09utt/sw_0909_2879.utt,2/sw2879,2879,49,b,B,26,1,# Right. # /,Right/UH ./.,,,0.0,0.0
sw09utt/sw_0909_2879.utt,2/sw2879,2879,50,sd,A,27,1,"# {C and } # now, they can't find them  /","and/CC now/RB ,/, they/PRP ca/MD n't/RB find/VB them/PRP",,,113.07,115.07000000000001
sw09utt/sw_0909_2879.utt,2/sw2879,2879,51,sd,A,27,2,"{C and } they're finding bodies in di-, {D you know, }  /","and/CC they/PRP 're/VBP finding/VBG bodies/NNS in/IN di-/XX ,/, you/PRP know/VBP ,/,",,,115.09,117.09
sw09utt/sw_0909_2879.utt,2/sw2879,2879,52,sv,A,27,3,"{E I mean, } you [ thi-, + think ] why they say it's because [ you're over crowd, + it's over crowded, ]  /","I/PRP mean/VBP ,/, you/PRP thi/VBP ,/, think/VBP why/WRB they/PRP say/VBP it/PRP 's/BES because/IN you/PRP 're/VBP over/GW crowd/^JJ ,/, it/PRP 's/BES over/GW crowded/^JJ ,/,",,,117.09,120.85
sw09utt/sw_0909_2879.utt,2/sw2879,2879,53,sv(^q),A,27,4,"{C and } you think how [ is, + is ] everybody that stupid  /","and/CC you/PRP think/VBP how/WRB is/VBZ ,/, is/VBZ everybody/NN that/RB stupid/JJ",,,120.85,123.64999999999999
sw09utt/sw_0909_2879.utt,2/sw2879,2879,54,qh,A,27,5,{C or } is the world really that rotten <laughter>. /,or/CC is/VBZ the/DT world/NN really/RB that/RB rotten/JJ ./.,,,123.65,125.25
sw09utt/sw_0909_2879.utt,2/sw2879,2879,55,no,B,28,1,"[ I, + I ] don't know, /","I/PRP ,/, I/PRP do/VBP n't/RB know/VB ,/,",,,125.93,127.95
sw09utt/sw_0909_2879.utt,2/sw2879,2879,56,aa,A,29,1,# I know. # /,I/PRP know/VBP ./.,,,0.0,0.0
sw09utt/sw_0909_2879.utt,2/sw2879,2879,57,sv,B,30,1,"# it's a # hard question,  /","it/PRP 's/BES a/DT hard/JJ question/NN ,/,",,,127.95,128.97
sw09utt/sw_0909_2879.utt,2/sw2879,2879,58,ad,B,30,2,"you look at the United States,  /","you/PRP look/VBP at/IN the/DT United/NNP States/NNPS ,/,",,,128.97,130.01000000000002
sw09utt/sw_0909_2879.utt,2/sw2879,2879,59,sv,B,30,3,"we have the largest murder rate of any developed, {F uh, } -/","we/PRP have/VBP the/DT largest/JJS murder/NN rate/NN of/IN any/DT developed/JJ ,/, uh/UH ,/,",,,130.01,133.03
sw09utt/sw_0909_2879.utt,2/sw2879,2879,60,%,A,31,1,"# {C And then, } # -/","And/CC then/RB ,/,",,,133.05,133.55
sw09utt/sw_0909_2879.utt,2/sw2879,2879,61,%,B,32,1,"# {C or, } {F uh, } # -/","or/CC ,/, uh/UH ,/,",,,0.0,0.0
sw09utt/sw_0909_2879.utt,2/sw2879,2879,62,sd,A,33,1,I don't know how  (( Americans are about ))  handguns  /,I/PRP do/VBP n't/RB know/VB how/WRB Americans/NNPS are/VBP about/IN handguns/NNS,,,133.55,136.17000000000002
sw09utt/sw_0909_2879.utt,2/sw2879,2879,63,sd,A,33,2,"{C but, } {F uh, } yesterday a lady I work with just told me today that, {F uh, } in the state capitol here in Austin, Texas, they had been, {F uh, } looking at a bill, {F uh, } making it easier to accept the bill [ to access, + to access ] handguns  /","but/CC ,/, uh/UH ,/, yesterday/NN a/DT lady/NN I/PRP work/VBP with/IN just/RB told/VBD me/PRP today/NN that/IN ,/, uh/UH ,/, in/IN the/DT state/NN capitol/NN here/RB in/IN Austin/NNP ,/, Texas/NNP ,/, they/PRP had/VBD been/VBN ,/, uh/UH ,/, looking/VBG at/IN a/DT bill/NN ,/, uh/UH ,/, making/VBG it/PRP easier/JJR to/TO accept/VB the/DT bill/NN to/TO access/VB ,/, to/TO access/VB handguns/NNS",,,136.17,148.17000000000002
sw09utt/sw_0909_2879.utt,2/sw2879,2879,64,sd,A,33,3,"{C and } they passed it, which basically means without an F B I check any person here in this state over twenty-one can get a gun <laughter>. /","and/CC they/PRP passed/VBD it/PRP ,/, which/WDT basically/RB means/VBZ without/IN an/DT F/NNP B/NNP I/NNP check/NN any/DT person/NN here/RB in/IN this/DT state/NN over/IN twenty-one/CD can/MD get/VB a/DT gun/NN ./.",,,148.59,154.95
sw09utt/sw_0909_2879.utt,2/sw2879,2879,65,sd,B,34,1,"Here in New York it's a lot harder than that, {F uh } -- /","Here/RB in/IN New/NNP York/NNP it/PRP 's/BES a/DT lot/NN harder/JJR than/IN that/DT ,/, uh/UH --/:",,,156.77,158.97
sw09utt/sw_0909_2879.utt,2/sw2879,2879,66,bh,A,35,1,"Is it,  /","Is/VBZ it/PRP ,/,",,,158.99,159.30999999999997
sw09utt/sw_0909_2879.utt,2/sw2879,2879,67,ba,A,35,2,that's good. /,that/DT 's/BES good/JJ ./.,,,159.43,159.76999999999998
sw09utt/sw_0909_2879.utt,2/sw2879,2879,68,sd,B,36,1,"-- [ it takes, + {F uh, } it takes ] almost six months to get, {F uh, } handgun permit, #  in this state. # /","--/: it/PRP takes/VBZ ,/, uh/UH ,/, it/PRP takes/VBZ almost/RB six/CD months/NNS to/TO get/VB ,/, uh/^DT ,/,  handgun/NN permit/NN ,/, in/IN this/DT state/NN ./.",,,159.75,164.75
sw09utt/sw_0909_2879.utt,2/sw2879,2879,69,ba,A,37,1,"# {D Say, } that good,  /","Say/VB ,/, that/DT good/JJ ,/,",,,165.19,165.73000000000002
sw09utt/sw_0909_2879.utt,2/sw2879,2879,70,sd,A,37,2,"# I think that's, like the state of Virginia,  /","I/PRP think/VBP that/DT 's/BES ,/, like/IN the/DT state/NN of/IN Virginia/NNP ,/,",,,165.73,167.45
sw09utt/sw_0909_2879.utt,2/sw2879,2879,71,%,A,37,3,"yeah,  /","yeah/UH ,/,",,,167.45,167.70999999999998
sw09utt/sw_0909_2879.utt,2/sw2879,2879,72,ba,A,37,4,that's great. /,that/DT 's/BES great/JJ ./.,,,167.71,168.31
sw09utt/sw_0909_2879.utt,2/sw2879,2879,73,%,B,38,1,"{D Now, } [ the, + the, ] - /","Now/UH ,/, the/DT ,/, the/DT ,/,",,,168.29,169.54999999999998
sw09utt/sw_0909_2879.utt,2/sw2879,2879,74,%,B,38,2,"{C and } that's with, {F uh, } - /","and/CC that/DT 's/BES with/IN ,/, uh/UH ,/,",,,169.79,170.81
sw09utt/sw_0909_2879.utt,2/sw2879,2879,75,sd,B,38,3,"you have to have, {F uh, } {F oh, } a police investigation,  /","you/PRP have/VBP to/TO have/VB ,/, uh/UH ,/, oh/UH ,/, a/DT police/NN investigation/NN ,/,",,,171.39,175.37
sw09utt/sw_0909_2879.utt,2/sw2879,2879,76,sd,B,38,4,"you have to,","you/PRP have/VBP to/TO ,/,",,,175.37,175.79
sw09utt/sw_0909_2879.utt,2/sw2879,2879,77,b,A,39,1,# Uh-huh. # /,Uh-huh/UH ./.,,,0.0,0.0
sw09utt/sw_0909_2879.utt,2/sw2879,2879,78,+,B,40,1,"# have # references,  /","have/VB references/NNS ,/,",,,175.79,176.55
sw09utt/sw_0909_2879.utt,2/sw2879,2879,79,sd,B,40,2,"{C and } I know, because a friend of mine wanted to get one and listed me as a reference --","and/CC I/PRP know/VBP ,/, because/IN a/DT friend/NN of/IN mine/PRP wanted/VBD to/TO get/VB one/NN and/CC listed/VBD me/PRP as/IN a/DT reference/NN --/:",,,176.55,181.23
sw09utt/sw_0909_2879.utt,2/sw2879,2879,80,b,A,41,1,Uh-huh. /,Uh-huh/UH ./.,,,181.77,182.09
sw09utt/sw_0909_2879.utt,2/sw2879,2879,81,+,B,42,1,"-- {F uh, }  /","--/: uh/UH ,/,",,,182.07,182.10999999999999
sw09utt/sw_0909_2879.utt,2/sw2879,2879,82,sd,B,42,2,"{C and } I know it,  /","and/CC I/PRP know/VBP it/PRP ,/,",,,182.97,184.49
sw09utt/sw_0909_2879.utt,2/sw2879,2879,83,sd,B,42,3,"[ there is, + it's ] very easy to get, {F uh, } {F uh, } {D you know, }  /","there/EX is/VBZ ,/, it/PRP 's/BES very/RB easy/JJ to/TO get/VB ,/, uh/UH ,/, uh/UH ,/, you/PRP know/VBP ,/,",,,184.75,189.02999999999997
sw09utt/sw_0909_2879.utt,2/sw2879,2879,84,sd,B,42,4,"there's no restrictions, whatsoever, on hunting rifles and shotguns and things like that,","there/EX 's/BES no/DT restrictions/NNS ,/, whatsoever/WP ,/, on/IN hunting/NN rifles/NNS and/CC shotguns/NNS and/CC things/NNS like/IN that/DT ,/,",,,189.03,193.33
sw09utt/sw_0909_2879.utt,2/sw2879,2879,85,b,A,43,1,# Uh-huh. # /,Uh-huh/UH ./.,,,0.0,0.0
sw09utt/sw_0909_2879.utt,2/sw2879,2879,86,+,B,44,1,"# which # [ aren't the, + [ I, + I ] don't consider to be the ] kind of [ cri-, + crime, ] {F uh, }","which/WDT are/VBP n't/RB the/DT ,/, I/PRP ,/, I/PRP do/VBP n't/RB consider/VB to/TO be/VB the/DT kind/NN of/IN cri-/NN ,/, crime/NN ,/, uh/UH ,/,",,,193.33,198.51
sw09utt/sw_0909_2879.utt,2/sw2879,2879,87,aa,A,45,1,"# Right,  /","Right/UH ,/,",,,198.87,199.15
sw09utt/sw_0909_2879.utt,2/sw2879,2879,88,aa,A,45,2,"they're no, # -/","they/PRP 're/VBP no/DT ,/,",,,199.15,199.51
sw09utt/sw_0909_2879.utt,2/sw2879,2879,89,+,B,46,1,"# weapon, {D you know, } # /","weapon/NN ,/, you/PRP know/VBP ,/,",,,0.0,0.0
sw09utt/sw_0909_2879.utt,2/sw2879,2879,90,%,A,47,1,"the  (( cattiness ))  behind, - /","the/DT cattiness/NN behind/RB ,/,",,,199.51,200.37
sw09utt/sw_0909_2879.utt,2/sw2879,2879,91,%,A,47,2,"right,  /","right/JJ ,/,",,,200.37,200.61
sw09utt/sw_0909_2879.utt,2/sw2879,2879,92,%,A,47,3,"yeah, /","yeah/UH ,/,",,,200.65,200.73000000000002
sw09utt/sw_0909_2879.utt,2/sw2879,2879,93,%,B,48,1,"{F uh, } {D so, } -/","uh/UH ,/, so/RB ,/,",,,200.71,201.41
sw09utt/sw_0909_2879.utt,2/sw2879,2879,94,sd,A,49,1,{E I mean } I don't like guns in general  /,I/PRP mean/VBP I/PRP do/VBP n't/RB like/VB guns/NNS in/IN general/JJ,,,201.43,203.93
sw09utt/sw_0909_2879.utt,2/sw2879,2879,95,sd,A,49,2,"{C but } when I think about, {F uh, } this topic {D like } capital punishment [ I look at somebody, + {E I mean, } I just remember ] when I was in college in a dorm  /","but/CC when/WRB I/PRP think/VBP about/IN ,/, uh/UH ,/, this/DT topic/NN like/IN capital/JJ punishment/NN I/PRP look/VBP at/IN somebody/NN ,/, I/PRP mean/VBP ,/, I/PRP just/RB remember/VBP when/WRB I/PRP was/VBD in/IN college/NN in/IN a/DT dorm/NN",,,203.93,210.99
sw09utt/sw_0909_2879.utt,2/sw2879,2879,96,sd,A,49,3,{C and } I think if he'd been around one of my family members probably would have killed him  /,and/CC I/PRP think/VBP if/IN he/PRP 'd/VBD been/VBN around/RB one/CD of/IN my/PRP$ family/NN members/NNS probably/RB would/MD have/VB killed/VBN him/PRP,,,210.99,214.48999999999998
sw09utt/sw_0909_2879.utt,2/sw2879,2879,97,sd,A,49,4,"{C but } in Florida, in the state of Washington when they had the Ted Bundy case -- -/","but/CC in/IN Florida/NNP ,/, in/IN the/DT state/NN of/IN Washington/NNP when/WRB they/PRP had/VBD the/DT Ted/NNP Bundy/NNP case/NN --/:",,,214.49,217.92999999999998
sw09utt/sw_0909_2879.utt,2/sw2879,2879,98,b,B,50,1,Right. /,Right/UH ./.,,,217.95,218.20999999999998
sw09utt/sw_0909_2879.utt,2/sw2879,2879,99,%,A,51,1,"-- {C and } how they just exe-, - /","--/: and/CC how/WRB they/PRP just/RB exe-/XX ,/,",,,218.23,219.32999999999998
sw09utt/sw_0909_2879.utt,2/sw2879,2879,100,%,A,51,2,"{D well, } it hasn't been just - /","well/UH ,/, it/PRP has/VBZ n't/RB been/VBN just/RB",,,219.57,220.51
sw09utt/sw_0909_2879.utt,2/sw2879,2879,101,sd,A,51,3,"{C but } it was in the, I think the second or third quarter of last year, nineteen ninety -- /","but/CC it/PRP was/VBD in/IN the/DT ,/, I/PRP think/VBP the/DT second/JJ or/CC third/JJ quarter/NN of/IN last/JJ year/NN ,/, nineteen/CD ninety/CD --/:",,,220.51,223.85
sw09utt/sw_0909_2879.utt,2/sw2879,2879,102,b,B,52,1,Right. /,Right/UH ./.,,,223.83,224.09
sw09utt/sw_0909_2879.utt,2/sw2879,2879,103,sd(^q),A,53,1,"-- {C and } [ I had, + {D you know, } I knew ] some people that said, why are you glad,  /","--/: and/CC I/PRP had/VBD ,/, you/PRP know/VBP ,/, I/PRP knew/VBD some/DT people/NNS that/WDT said/VBD ,/, why/WRB are/VBP you/PRP glad/JJ ,/,",,,224.47,227.53
sw09utt/sw_0909_2879.utt,2/sw2879,2879,104,%,A,53,2,"you di-, {D you know, } - /","you/PRP di-/XX ,/, you/PRP know/VBP ,/,",,,227.53,228.15
sw09utt/sw_0909_2879.utt,2/sw2879,2879,105,^q,A,53,3,"this is nothing,  /","this/DT is/VBZ nothing/NN ,/,",,,228.15,228.81
sw09utt/sw_0909_2879.utt,2/sw2879,2879,106,sd(^q),A,53,4,{C and } I said just maybe because he got a lot of media hype {C and } all that  /,and/CC I/PRP said/VBD just/RB maybe/RB because/IN he/PRP got/VBD a/DT lot/NN of/IN media/NN hype/NN and/CC all/DT that/NN,,,228.81,231.93
sw09utt/sw_0909_2879.utt,2/sw2879,2879,107,sv,A,53,5,"{C but } [ I {D actually, } + {E I mean } <clinking> <<ice in glass>> there ] should be more cases like that where [ they flip a sw-, + {A I might be too cold too, but } they flip a switch, ] /","but/CC I/PRP actually/UH ,/, I/PRP mean/VBP there/EX should/MD be/VB more/JJR cases/NNS like/IN that/DT where/WRB they/PRP flip/VBP a/DT sw-/NN ,/, I/PRP might/MD be/VB too/RB cold/JJ too/RB ,/, but/CC they/PRP flip/VBP a/DT switch/NN ,/,",,,231.93,239.25
sw09utt/sw_0909_2879.utt,2/sw2879,2879,108,aa,B,54,1,"# Yeah,  /","Yeah/UH ,/,",,,239.23,239.54999999999998
sw09utt/sw_0909_2879.utt,2/sw2879,2879,109,aa^r,B,54,2,"yeah, # /","yeah/UH ,/,",,,239.61,239.83
sw09utt/sw_0909_2879.utt,2/sw2879,2879,110,h,A,55,1,"# I don't # know, /","I/PRP do/VBP n't/RB know/VB ,/,",,,239.95,240.20999999999998
sw09utt/sw_0909_2879.utt,2/sw2879,2879,111,sd,B,56,1,"{D well, }","well/UH ,/,",,,240.21,240.47
sw09utt/sw_0909_2879.utt,2/sw2879,2879,112,%,A,57,1,"{E I mean, } -/","I/PRP mean/VBP ,/,",,,240.49,241.01000000000002
sw09utt/sw_0909_2879.utt,2/sw2879,2879,113,+,B,58,1,"[ a-, + {C and ] } the thing with Bundy was though he escaped  /","a-/CC ,/, and/CC the/DT thing/NN with/IN Bundy/NNP was/VBD though/IN he/PRP escaped/VBD",,,240.99,244.09
sw09utt/sw_0909_2879.utt,2/sw2879,2879,114,%,B,58,2,{C and then } -- -/,and/CC then/RB --/:,,,244.09,244.63
sw09utt/sw_0909_2879.utt,2/sw2879,2879,115,sd,A,59,1,So many times. /,So/RB many/JJ times/NNS ./.,,,245.13,245.93
sw09utt/sw_0909_2879.utt,2/sw2879,2879,116,b,B,60,1,-- yeah -- /,--/: yeah/UH --/:,,,245.91,246.29
sw09utt/sw_0909_2879.utt,2/sw2879,2879,117,b^m,A,61,1,Yeah. /,Yeah/UH ./.,,,246.67,246.91
sw09utt/sw_0909_2879.utt,2/sw2879,2879,118,sd,B,62,1,-- and did it again  /,--/: and/CC did/VBD it/PRP again/RB,,,247.09,248.29
sw09utt/sw_0909_2879.utt,2/sw2879,2879,119,%,B,62,2,"{C and, } {F uh, } -/","and/CC ,/, uh/UH ,/,",,,248.29,248.99
sw09utt/sw_0909_2879.utt,2/sw2879,2879,120,b,A,63,1,"Yeah,  /","Yeah/UH ,/,",,,249.45,249.69
sw09utt/sw_0909_2879.utt,2/sw2879,2879,121,sv,A,63,2,"{E I mean, } {C and } that's just maybe because of the little more, [ th-, + they ] said celebrated that, {F uh, }  /","I/PRP mean/VBP ,/, and/CC that/DT 's/BES just/RB maybe/RB because/IN of/IN the/DT little/RB more/JJR ,/, th-/XX ,/, they/PRP said/VBD celebrated/VBD that/DT ,/, uh/UH ,/,",,,249.69,253.45000000000002
sw09utt/sw_0909_2879.utt,2/sw2879,2879,122,sd,A,63,3,"he's not the only one,","he/PRP 's/BES not/RB the/DT only/JJ one/CD ,/,",,,254.05,255.05
sw09utt/sw_0909_2879.utt,2/sw2879,2879,123,aa,B,64,1,# No. # /,No/UH ./.,,,255.03,255.25
sw09utt/sw_0909_2879.utt,2/sw2879,2879,124,+,A,65,1,"# you # know,  /","you/PRP know/VBP ,/,",,,255.27,255.53
sw09utt/sw_0909_2879.utt,2/sw2879,2879,125,sv,A,65,2,"[ you, + you ] see somebody's mini series  /","you/PRP ,/, you/PRP see/VBP somebody/NN 's/POS mini/GW series/^NN",,,256.05,257.71
sw09utt/sw_0909_2879.utt,2/sw2879,2879,126,sv,A,65,3,"{C and } you hear about somebody's crime,  /","and/CC you/PRP hear/VBP about/IN somebody/NN 's/POS crime/NN ,/,",,,257.71,259.07
sw09utt/sw_0909_2879.utt,2/sw2879,2879,127,sd,A,65,4,"there was something on,  /","there/EX was/VBD something/NN on/IN ,/,",,,259.49,260.25
sw09utt/sw_0909_2879.utt,2/sw2879,2879,128,sd,A,65,5,"{C and } this gets back to capital punishment,  /","and/CC this/DT gets/VBZ back/RB to/IN capital/JJ punishment/NN ,/,",,,260.25,261.85
sw09utt/sw_0909_2879.utt,2/sw2879,2879,129,sd,A,65,6,"{C but } the man had stolen, {F uh, } not stolen but kidnapped, {F uh, } some wealthy ex-athlete's daughter somewhere in Florida  /","but/CC the/DT man/NN had/VBD stolen/VBN ,/, uh/UH ,/, not/RB stolen/VBN but/CC kidnapped/VBN ,/, uh/UH ,/, some/DT wealthy/JJ ex-athlete/NN 's/POS daughter/NN somewhere/RB in/IN Florida/NNP",,,262.13,268.49
sw09utt/sw_0909_2879.utt,2/sw2879,2879,130,sd,A,65,7,{C and } they changed all the facts that they said it was true -- /,and/CC they/PRP changed/VBD all/PDT the/DT facts/NNS that/IN they/PRP said/VBD it/PRP was/VBD true/JJ --/:,,,268.49,270.75
sw09utt/sw_0909_2879.utt,2/sw2879,2879,131,b,B,66,1,Uh-huh. /,Uh-huh/UH ./.,,,270.73,270.87
sw09utt/sw_0909_2879.utt,2/sw2879,2879,132,sd,A,67,1,-- {C and } they buried her alive -- /,--/: and/CC they/PRP buried/VBD her/PRP$ alive/PRP --/:,,,271.17,272.43
sw09utt/sw_0909_2879.utt,2/sw2879,2879,133,ba,B,68,1,"{F Oh, } God. /","Oh/UH ,/, God/NNP ./.",,,272.51,273.09000000000003
sw09utt/sw_0909_2879.utt,2/sw2879,2879,134,sd,A,69,1,-- {C and } Peter Strauss had played the lead role  /,--/: and/CC Peter/NNP Strauss/NNP had/VBD played/VBN the/DT lead/JJ role/NN,,,273.11,275.01
sw09utt/sw_0909_2879.utt,2/sw2879,2879,135,sd,A,69,2,"[ [ {C and } the man, + {C and, } ] + {C and } ] [ at the end of, + {A you know how they have these mini dramas, } at the end ] they said, this set person was paroled like six months ago  /","and/CC the/DT man/NN ,/, and/CC ,/, and/CC at/IN the/DT end/NN of/IN ,/, you/PRP know/VBP how/WRB they/PRP have/VBP these/DT mini/GW dramas/^NNS ,/, at/IN the/DT end/NN they/PRP said/VBD ,/, this/DT set/^VBN person/NN was/VBD paroled/VBN  like/IN six/CD months/NNS ago/RB",,,275.03,281.71
sw09utt/sw_0909_2879.utt,2/sw2879,2879,136,sv(^q),A,69,3,"{C and } you're thinking {F oh, } <laughter>  that's nice. /","and/CC you/PRP 're/VBP thinking/VBG oh/UH ,/, that/DT 's/BES nice/JJ ./.",,,281.71,283.95
sw09utt/sw_0909_2879.utt,2/sw2879,2879,137,ba,B,70,1,Great. /,Great/UH ./.,,,284.09,284.63
sw09utt/sw_0909_2879.utt,2/sw2879,2879,138,sd,A,71,1,"{E I mean, } {D you know, } I'm not sure that capital punishment serves as a deterrence  /","I/PRP mean/VBP ,/, you/PRP know/VBP ,/, I/PRP 'm/VBP not/RB sure/JJ that/IN capital/JJ punishment/NN serves/VBZ as/IN a/DT deterrence/NN",,,285.05,289.05
sw09utt/sw_0909_2879.utt,2/sw2879,2879,139,sv,A,71,2,"{C but } it does serve as a [ [ pun-, + {F uh, } definite,","but/CC it/PRP does/VBZ serve/VB as/IN a/DT pun-/NN ,/, uh/UH ,/, definite/JJ ,/,",,,290.53,292.65
sw09utt/sw_0909_2879.utt,2/sw2879,2879,140,aa,B,72,1,"# Surely, #","Surely/RB ,/,",,,292.93,293.31
sw09utt/sw_0909_2879.utt,2/sw2879,2879,141,+,A,73,1,"# pun-, ] + # {D you know, }","pun-/NN ,/, you/PRP know/VBP ,/,",,,293.33,293.59
sw09utt/sw_0909_2879.utt,2/sw2879,2879,142,+,B,74,1,"there's and end to,","there/EX 's/BES and/CC end/NN to/IN ,/,",,,293.57,294.13
sw09utt/sw_0909_2879.utt,2/sw2879,2879,143,+,A,75,1,"lasting punish-, ] /","lasting/JJ punish-/NN ,/,",,,0.0,0.0
sw09utt/sw_0909_2879.utt,2/sw2879,2879,144,+,B,76,1,the situation. /,the/DT situation/NN ./.,,,295.33,296.27
sw09utt/sw_0909_2879.utt,2/sw2879,2879,145,aa,A,77,1,"Right,  /","Right/UH ,/,",,,296.91,297.37
sw09utt/sw_0909_2879.utt,2/sw2879,2879,146,sv,A,77,2,"in that particular instance, {F uh, }  /","in/IN that/DT particular/JJ instance/NN ,/, uh/UH ,/,",,,297.37,299.09000000000003
sw09utt/sw_0909_2879.utt,2/sw2879,2879,147,%,A,77,3,"[ [ {C but } I, + {C but } I don't, ] + {C but } I know ] it's on a - /","but/CC I/PRP ,/, but/CC I/PRP do/VBP n't/RB ,/, but/CC I/PRP know/VBP it/PRP 's/BES on/IN a/DT",,,299.81,301.59000000000003
sw09utt/sw_0909_2879.utt,2/sw2879,2879,148,%,A,77,4,"[ {C and } all + {C and } be all, ] -/","and/CC all/DT and/CC be/VB all/DT ,/,",,,301.59,302.53000000000003
sw09utt/sw_0909_2879.utt,2/sw2879,2879,149,b,B,78,1,# Right. # /,Right/UH ./.,,,0.0,0.0
sw09utt/sw_0909_2879.utt,2/sw2879,2879,150,sd,A,79,1,"# that's # the problem I have with it,  /","that/DT 's/BES the/DT problem/NN I/PRP have/VBP with/IN it/PRP ,/,",,,302.53,303.89
sw09utt/sw_0909_2879.utt,2/sw2879,2879,151,sd,A,79,2,in Texas they think it's - /,in/IN Texas/NNP they/PRP think/VBP it/PRP 's/BES,,,303.89,305.57
sw09utt/sw_0909_2879.utt,2/sw2879,2879,152,%,A,79,3,"[ {C and } all + {C and } be all, ] - /","and/CC all/DT and/CC be/VB all/DT ,/,",,,305.57,306.55
sw09utt/sw_0909_2879.utt,2/sw2879,2879,153,sd,A,79,4,"they think that if they electrocute or slip, or do something, or gas somebody, {F uh, } that they're not going to have the crimes that they do have  /","they/PRP think/VBP that/IN if/IN they/PRP electrocute/VBP or/CC slip/VBP ,/, or/CC do/VBP something/NN ,/, or/CC gas/VBP somebody/NN ,/, uh/UH ,/, that/IN they/PRP 're/VBP not/RB going/VBG to/TO have/VB the/DT crimes/NNS that/WDT they/PRP do/VBP have/VB",,,306.55,313.15000000000003
sw09utt/sw_0909_2879.utt,2/sw2879,2879,154,sd,A,79,5,"{C and } we happen to live in Dallas which is extremely crime,","and/CC we/PRP happen/VBP to/TO live/VB in/IN Dallas/NNP which/WDT is/VBZ extremely/RB crime/NN ,/,",,,313.15,316.22999999999996
sw09utt/sw_0909_2879.utt,2/sw2879,2879,155,b,B,80,1,# Uh-huh. # /,Uh-huh/UH ./.,,,0.0,0.0
sw09utt/sw_0909_2879.utt,2/sw2879,2879,156,+,A,81,1,"# ridden,  /","ridden/JJ ,/,",,,316.23,316.55
sw09utt/sw_0909_2879.utt,2/sw2879,2879,157,sd,A,81,2,"# {C and } we just moved here, {F uh, }  /","and/CC we/PRP just/RB moved/VBD here/RB ,/, uh/UH ,/,",,,316.95,318.09000000000003
sw09utt/sw_0909_2879.utt,2/sw2879,2879,158,sd,A,81,3,"we've been here before, lived in Minneapolis, Saint Paul, {F uh, } which has an exceedingly low crime rate,  /","we/PRP 've/VBP been/VBN here/RB before/RB ,/, lived/VBD in/IN Minneapolis/NNP ,/, Saint/NNP Paul/NNP ,/, uh/UH ,/, which/WDT has/VBZ an/DT exceedingly/RB low/JJ crime/NN rate/NN ,/,",,,318.09,323.19000000000005
sw09utt/sw_0909_2879.utt,2/sw2879,2879,159,sd,A,81,4,"{C and then } we were transferred back here,  /","and/CC then/RB we/PRP were/VBD transferred/VBN back/RB here/RB ,/,",,,323.19,324.95
sw09utt/sw_0909_2879.utt,2/sw2879,2879,160,sv,A,81,5,"{C and } when you're gone from some place [ like it + for about ] six years as we were, you really begin to see, {F uh, } just how problematic just living is,","and/CC when/WRB you/PRP 're/VBP gone/JJ from/IN some/DT place/NN like/IN it/PRP for/IN about/RB six/CD years/NNS as/IN we/PRP were/VBD ,/, you/PRP really/RB begin/VBP to/TO see/VB ,/, uh/UH ,/, just/RB how/WRB problematic/JJ just/RB living/NN is/VBZ ,/,",,,325.53,334.01
sw09utt/sw_0909_2879.utt,2/sw2879,2879,161,b,B,82,1,# Right. # /,Right/UH ./.,,,333.99,334.31
sw09utt/sw_0909_2879.utt,2/sw2879,2879,162,+,A,83,1,"# even # suburban, no matter where you are,  /","even/RB suburban/JJ ,/, no/DT matter/NN where/WRB you/PRP are/VBP ,/,",,,334.67,336.53000000000003
sw09utt/sw_0909_2879.utt,2/sw2879,2879,163,%,A,83,2,"{C and } how, - /","and/CC how/WRB ,/,",,,336.53,337.37
sw09utt/sw_0909_2879.utt,2/sw2879,2879,164,qy^d,A,83,3,"you're in,","you/PRP 're/VBP in/IN ,/,",,,337.45,337.77
sw09utt/sw_0909_2879.utt,2/sw2879,2879,165,^2,B,84,1,"# Rome, New York, # /","Rome/NNP ,/, New/NNP York/NNP ,/,",,,337.75,338.48999999999995
sw09utt/sw_0909_2879.utt,2/sw2879,2879,166,+,A,85,1,"# Rome, New York, # /","Rome/NNP ,/, New/NNP York/NNP ,/,",,,0.0,0.0
sw09utt/sw_0909_2879.utt,2/sw2879,2879,167,sd,B,86,1,it's up state  /,it/PRP 's/BES up/GW state/^JJ,,,338.49,339.15000000000003
sw09utt/sw_0909_2879.utt,2/sw2879,2879,168,sd,B,86,2,[ it + --,it/PRP --/:,,,339.15,339.28999999999996
sw09utt/sw_0909_2879.utt,2/sw2879,2879,169,%,A,87,1,is that - /,is/VBZ that/DT,,,339.49,339.75
sw09utt/sw_0909_2879.utt,2/sw2879,2879,170,qy,A,87,2,"[ {C and, } + {C and, } ] is that {D like } near Albany or Syracuse, /","and/CC ,/, and/CC ,/, is/VBZ that/DT like/UH near/RB Albany/NNP or/CC Syracuse/NNP ,/,",,,339.75,341.37
sw09utt/sw_0909_2879.utt,2/sw2879,2879,171,+,B,88,1,"-- it's, ] {F uh, } near Syracuse  /","--/: it/PRP 's/BES ,/, uh/UH ,/, near/RB Syracuse/NNP",,,341.35,342.59000000000003
sw09utt/sw_0909_2879.utt,2/sw2879,2879,172,sd,B,88,2,"it's about, {F uh, } - /","it/PRP 's/BES about/RB ,/, uh/UH ,/,",,,342.59,343.55
sw09utt/sw_0909_2879.utt,2/sw2879,2879,173,sd,B,88,3,"{D well, } [ I, + I ] actually live in a Village of Sylvan Beach,  /","well/UH ,/, I/PRP ,/, I/PRP actually/RB live/VBP in/IN a/DT Village/NNP of/IN Sylvan/NNP Beach/NNP ,/,",,,343.55,346.13
sw09utt/sw_0909_2879.utt,2/sw2879,2879,174,sd,B,88,4,"I work in Rome, {F uh, } /","I/PRP work/VBP in/IN Rome/NNP ,/, uh/UH ,/,",,,346.13,347.89
sw09utt/sw_0909_2879.utt,2/sw2879,2879,175,qw,A,89,1,"[ What, + what ] type of area is that, /","What/WP ,/, what/WP type/NN of/IN area/NN is/VBZ that/DT ,/,",,,348.63,350.05
sw09utt/sw_0909_2879.utt,2/sw2879,2879,176,sd,B,90,1,"# It's more rural, # /","It/PRP 's/BES more/RBR rural/JJ ,/,",,,350.03,350.81
sw09utt/sw_0909_2879.utt,2/sw2879,2879,177,qy,A,91,1,"# is that in # term, /","is/VBZ that/DT in/IN term/NN ,/,",,,350.83,351.15
sw09utt/sw_0909_2879.utt,2/sw2879,2879,178,nd,B,92,1,"{F uh, } it [ use to be + --","uh/UH ,/, it/PRP use/^VBD to/TO be/VB --/:",,,351.37,352.31
sw09utt/sw_0909_2879.utt,2/sw2879,2879,179,b,A,93,1,Uh-huh. /,Uh-huh/UH ./.,,,352.39,352.61
sw09utt/sw_0909_2879.utt,2/sw2879,2879,180,+,B,94,1,"-- use to ] [ be a, + {F uh, } {F uh, } have a ] lot of heavy industry, /","--/: use/^VBD to/TO be/VB a/DT ,/, uh/UH ,/, uh/UH ,/,  have/VB a/DT lot/NN of/IN heavy/JJ industry/NN ,/,",,,352.93,357.09000000000003
sw09utt/sw_0909_2879.utt,2/sw2879,2879,181,b,A,95,1,# Uh-huh. # /,Uh-huh/UH ./.,,,0.0,0.0
sw09utt/sw_0909_2879.utt,2/sw2879,2879,182,sd,B,96,1,"# {C but } # it's kind of, {F uh, } - /","but/CC it/PRP 's/BES kind/RB of/RB ,/, uh/UH ,/,",,,357.51,358.65000000000003
sw09utt/sw_0909_2879.utt,2/sw2879,2879,183,sd,B,96,2,"all the industry has gone south, /","all/PDT the/DT industry/NN has/VBZ gone/VBN south/RB ,/,",,,358.99,360.40999999999997
sw09utt/sw_0909_2879.utt,2/sw2879,2879,184,b,A,97,1,# Sure. # /,Sure/UH ./.,,,0.0,0.0
sw09utt/sw_0909_2879.utt,2/sw2879,2879,185,sd,B,98,1,"# {C and, } # {F uh, } now the Air Force is the largest employer in the, {F uh, } area  /","and/CC ,/, uh/UH ,/, now/RB the/DT Air/NNP Force/NNP is/VBZ the/DT largest/JJS employer/NN in/IN the/DT ,/, uh/UH ,/, area/NN",,,360.97,365.87
sw09utt/sw_0909_2879.utt,2/sw2879,2879,186,sd,B,98,2,"[ {C and, } + {F uh, } {F uh, }","and/CC ,/, uh/UH ,/, uh/UH ,/,",,,365.87,368.99
sw09utt/sw_0909_2879.utt,2/sw2879,2879,187,qw,A,99,1,"# [ How would, + #","How/WRB would/MD ,/,",,,369.91,370.31
sw09utt/sw_0909_2879.utt,2/sw2879,2879,188,+,B,100,1,"# {C so } ] it's, #","so/IN it/PRP 's/BES ,/,",,,0.0,0.0
sw09utt/sw_0909_2879.utt,2/sw2879,2879,189,+,A,101,1,"how is ] the situation in there in terms of crime [ and, +","how/WRB is/VBZ the/DT situation/NN in/IN there/RB in/IN terms/NNS of/IN crime/NN and/CC ,/,",,,370.31,372.83000000000004
sw09utt/sw_0909_2879.utt,2/sw2879,2879,190,+,B,102,1,"# Not too bad, # /","Not/RB too/RB bad/JJ ,/,",,,372.81,373.67
sw09utt/sw_0909_2879.utt,2/sw2879,2879,191,+,A,103,1,"# and ] things that # would, -/","and/CC things/NNS that/WDT would/MD ,/,",,,373.87,373.97
sw09utt/sw_0909_2879.utt,2/sw2879,2879,192,sd,B,104,1,"[ it, + {D you know, }","it/PRP ,/, you/PRP know/VBP ,/,",,,374.33,374.81
sw09utt/sw_0909_2879.utt,2/sw2879,2879,193,b^m,A,105,1,not too bad. /,not/RB too/RB bad/JJ ./.,,,374.83,375.49
sw09utt/sw_0909_2879.utt,2/sw2879,2879,194,+,B,106,1,"you ] still have [ the, + {F uh, } more ] drug problems and typical,","you/PRP still/RB have/VBP the/DT ,/, uh/UH ,/, more/JJR drug/NN problems/NNS and/CC typical/JJ ,/,",,,375.47,381.42999999999995
sw09utt/sw_0909_2879.utt,2/sw2879,2879,195,b,A,107,1,# Yeah. # /,Yeah/UH ./.,,,0.0,0.0
sw09utt/sw_0909_2879.utt,2/sw2879,2879,196,+,B,108,1,"# {F uh, } # small city type problems, /","uh/UH ,/, small/JJ city/NN type/NN problems/NNS ,/,",,,382.05,384.75
sw09utt/sw_0909_2879.utt,2/sw2879,2879,197,b,A,109,1,# Uh-huh. # /,Uh-huh/UH ./.,,,0.0,0.0
sw09utt/sw_0909_2879.utt,2/sw2879,2879,198,sd,B,110,1,"# {C but } # I don't know that there's a real, {F uh, } -/","but/CC I/PRP do/VBP n't/RB know/VB that/IN there/EX 's/BES a/DT real/NN ,/, uh/UH ,/,",,,384.75,387.90999999999997
sw09utt/sw_0909_2879.utt,2/sw2879,2879,199,qy^d,A,111,1,"# Not the harsh criminality, #","Not/RB the/DT harsh/JJ criminality/NN ,/,",,,388.51,389.78999999999996
sw09utt/sw_0909_2879.utt,2/sw2879,2879,200,nn,B,112,1,# no  /,no/UH,,,0.0,0.0
sw09utt/sw_0909_2879.utt,2/sw2879,2879,201,sd^e,B,112,2,there isn't the # harsh crime and all. /,there/EX is/VBZ n't/RB the/DT harsh/JJ crime/NN and/CC all/DT ./.,,,389.93,391.23
sw09utt/sw_0909_2879.utt,2/sw2879,2879,202,+,A,113,1,"that you find in, - /","that/WDT you/PRP find/VBP in/IN ,/,",,,391.33,392.43
sw09utt/sw_0909_2879.utt,2/sw2879,2879,203,%,A,113,2,"yeah,  /","yeah/UH ,/,",,,392.43,392.65000000000003
sw09utt/sw_0909_2879.utt,2/sw2879,2879,204,%,A,113,3,"{D now, } Dallas is a <laughter> - /","now/UH ,/, Dallas/NNP is/VBZ a/DT",,,392.65,393.37
sw09utt/sw_0909_2879.utt,2/sw2879,2879,205,sd,A,113,4,"I'm being very sarcastic,  /","I/PRP 'm/VBP being/VBG very/RB sarcastic/JJ ,/,",,,393.87,395.19
sw09utt/sw_0909_2879.utt,2/sw2879,2879,206,sd,A,113,5,"it's just a great,","it/PRP 's/BES just/RB a/DT great/JJ ,/,",,,395.19,395.81
sw09utt/sw_0909_2879.utt,2/sw2879,2879,207,x,B,114,1,# <Laughter>.  #,,,,0.0,0.0
sw09utt/sw_0909_2879.utt,2/sw2879,2879,208,+,A,115,1,"# {F uh, } - /","uh/UH ,/,",,,395.81,396.01
sw09utt/sw_0909_2879.utt,2/sw2879,2879,209,sd,A,115,2,"# on some days, {F uh, } <laughter>  it's, {F uh, } I don't know - /","on/IN some/DT days/NNS ,/, uh/UH ,/, it/PRP 's/BES ,/, uh/UH ,/, I/PRP do/VBP n't/RB know/VB",,,396.13,401.43
sw09utt/sw_0909_2879.utt,2/sw2879,2879,210,sd,A,115,3,"the good ole boy network here is, {F uh, } very strange, like I said  /","the/DT good/JJ ole/JJ boy/NN network/NN here/RB is/VBZ ,/, uh/UH ,/, very/RB strange/JJ ,/, like/IN I/PRP said/VBD",,,401.43,404.66999999999996
sw09utt/sw_0909_2879.utt,2/sw2879,2879,211,sd,A,115,4,"they believe that, if they kill somebody, {D you know, } tit for tat and,","they/PRP believe/VBP that/IN ,/, if/IN they/PRP kill/VBP somebody/NN ,/, you/PRP know/VBP ,/, tit/NN for/IN tat/NN and/CC ,/,",,,404.67,409.11
sw09utt/sw_0909_2879.utt,2/sw2879,2879,212,b,B,116,1,# Uh-huh. # /,Uh-huh/UH ./.,,,0.0,0.0
sw09utt/sw_0909_2879.utt,2/sw2879,2879,213,+,A,117,1,"# deed # for deed that,","deed/NN for/IN deed/NN that/IN ,/,",,,409.33,410.34999999999997
sw09utt/sw_0909_2879.utt,2/sw2879,2879,214,b,B,118,1,# Uh-huh. # /,Uh-huh/UH ./.,,,0.0,0.0
sw09utt/sw_0909_2879.utt,2/sw2879,2879,215,+,A,119,1,"# that # does something, {F uh, }  /","that/DT does/VBZ something/NN ,/, uh/UH ,/,",,,410.35,411.43
sw09utt/sw_0909_2879.utt,2/sw2879,2879,216,sd,A,119,2,"{C but } yet they want spend the money to build the new jails that, - /","but/CC yet/RB they/PRP want/^MD^RB spend/VB the/DT money/NN  to/TO build/VB the/DT new/JJ jails/NNS that/DT ,/,",,,411.43,414.35
sw09utt/sw_0909_2879.utt,2/sw2879,2879,217,sd,A,119,3,"{E I mean, } they really are over,","I/PRP mean/VBP ,/, they/PRP really/RB are/VBP over/IN ,/,",,,414.35,415.59000000000003
sw09utt/sw_0909_2879.utt,2/sw2879,2879,218,b,B,120,1,# Right. # /,Right/UH ./.,,,415.65,415.96999999999997
sw09utt/sw_0909_2879.utt,2/sw2879,2879,219,+,A,121,1,"# crowded,  /","crowded/JJ ,/,",,,0.0,0.0
sw09utt/sw_0909_2879.utt,2/sw2879,2879,220,sv,A,121,2,"# {E I mean, } [ that's, + that's ] just not a cop out, {F uh, }  /","I/PRP mean/VBP ,/, that/DT 's/BES ,/, that/DT 's/BES just/RB not/RB a/DT cop/GW out/^NN ,/, uh/UH ,/,",,,415.99,418.49
sw09utt/sw_0909_2879.utt,2/sw2879,2879,221,sv,A,121,3,"{C and } [ I just, + {D you know, } I'm originally from Pennsylvania which I think is basically like New York these days,  /","and/CC I/PRP just/RB ,/, you/PRP know/VBP ,/, I/PRP 'm/VBP originally/RB from/IN Pennsylvania/NNP which/WDT I/PRP think/VBP is/VBZ basically/RB like/IN New/NNP York/NNP these/DT days/NNS ,/,",,,418.49,423.51
sw09utt/sw_0909_2879.utt,2/sw2879,2879,222,sd,A,121,4,"[ I'm not sure if they, + I don't think they ] have capital punishment there. /","I/PRP 'm/VBP not/RB sure/JJ if/IN they/PRP ,/, I/PRP do/VBP n't/RB think/VB they/PRP have/VBP capital/JJ punishment/NN there/RB ./.",,,423.89,425.89
sw09utt/sw_0909_2879.utt,2/sw2879,2879,223,sd,B,122,1,"[ I think, + I think [ Penn-, + Pennsylvania ] ] may have just reenacted it  /","I/PRP think/VBP ,/, I/PRP think/VBP Penn-/NNP ,/, Pennsylvania/NNP may/MD have/VB just/RB reenacted/VBN it/PRP",,,425.89,428.11
sw09utt/sw_0909_2879.utt,2/sw2879,2879,224,sd,B,122,2,"{C because } I'm [ from, + {F uh, }","because/IN I/PRP 'm/VBP from/IN ,/, uh/UH ,/,",,,428.11,429.35
sw09utt/sw_0909_2879.utt,2/sw2879,2879,225,b,A,123,1,# Uh-huh. # /,Uh-huh/UH ./.,,,429.37,429.61
sw09utt/sw_0909_2879.utt,2/sw2879,2879,226,+,B,124,1,"# from ] # Pennsylvania also, [ just, + {F uh, } just ] outside,","from/IN Pennsylvania/NNP also/RB ,/, just/RB ,/, uh/UH ,/, just/RB outside/IN ,/,",,,429.59,432.84999999999997
sw09utt/sw_0909_2879.utt,2/sw2879,2879,227,x,A,125,1,"#  ((   )) ,  #","MUMBLEx/XX ,/,",,,0.0,0.0
sw09utt/sw_0909_2879.utt,2/sw2879,2879,228,+,B,126,1,"# of Philadelphia, # /","of/IN Philadelphia/NNP ,/,",,,432.85,433.73
sw09utt/sw_0909_2879.utt,2/sw2879,2879,229,b,A,127,1,"Yeah,  /","Yeah/UH ,/,",,,434.49,434.69
sw09utt/sw_0909_2879.utt,2/sw2879,2879,230,sd,A,127,2,{C and } I'm from Pittsburgh  /,and/CC I/PRP 'm/VBP from/IN Pittsburgh/NNP,,,434.69,435.49
sw09utt/sw_0909_2879.utt,2/sw2879,2879,231,ad,A,127,3,"{C so, }","so/RB ,/,",,,435.49,435.77
sw09utt/sw_0909_2879.utt,2/sw2879,2879,232,b,B,128,1,# Yeah. # /,Yeah/UH ./.,,,0.0,0.0
sw09utt/sw_0909_2879.utt,2/sw2879,2879,233,+,A,129,1,"# {F oh, } # {D well, } we'll forgive each other <laughter>. /","oh/UH ,/, well/UH ,/, we/PRP 'll/MD forgive/VB each/DT other/NN ./.",,,435.87,437.07
sw09utt/sw_0909_2879.utt,2/sw2879,2879,234,x,B,130,1,<Laughter>.,,,,0.0,0.0
sw09utt/sw_0909_2879.utt,2/sw2879,2879,235,sd,A,131,1,"{F Uh, } because they use to be very, very conservative when I was growing up  /","Uh/UH ,/, because/IN they/PRP use/^VBD to/TO be/VB  very/RB ,/, very/RB conservative/JJ when/WRB I/PRP was/VBD growing/VBG up/RP",,,437.67,441.84999999999997
sw09utt/sw_0909_2879.utt,2/sw2879,2879,236,sd,A,131,2,"[ [ I +  {C and } I can't, ] + I haven't ] lived there in twenty,","I/PRP and/CC I/PRP ca/MD n't/RB ,/, I/PRP have/VBP n't/RB lived/VBN there/RB in/IN twenty/CD ,/,",,,441.85,443.27
sw09utt/sw_0909_2879.utt,2/sw2879,2879,237,b,B,132,1,# Right. # /,Right/UH ./.,,,0.0,0.0
sw09utt/sw_0909_2879.utt,2/sw2879,2879,238,+,A,133,1,# years  /,years/NNS,,,443.27,443.63
sw09utt/sw_0909_2879.utt,2/sw2879,2879,239,%,A,133,2,"# {C but, } {F uh, } -/","but/CC ,/, uh/UH ,/,",,,443.63,444.07
sw09utt/sw_0909_2879.utt,2/sw2879,2879,240,sv,B,134,1,The west part of the state is  /,The/DT west/NN part/NN of/IN the/DT state/NN is/VBZ,,,444.05,445.39
sw09utt/sw_0909_2879.utt,2/sw2879,2879,241,sv,B,134,2,{C and then } the east part of the state has got all the bleeding hearts and all the welfare cases  /,and/CC then/RB the/DT east/NN part/NN of/IN the/DT state/NN has/VBZ got/VBN all/PDT the/DT bleeding/VBG hearts/NNS and/CC all/PDT the/DT welfare/NN cases/NNS,,,445.39,449.49
sw09utt/sw_0909_2879.utt,2/sw2879,2879,242,%,B,134,3,{C so. } -/,so/RB ./.,,,449.49,449.79
sw09utt/sw_0909_2879.utt,2/sw2879,2879,243,ba,A,135,1,There you go <laughter>.  /,There/RB you/PRP go/VBP ./.,,,450.29,450.85
sw09utt/sw_0909_2879.utt,2/sw2879,2879,244,h,A,135,2,I don't know  /,I/PRP do/VBP n't/RB know/VB,,,451.97,452.43
sw09utt/sw_0909_2879.utt,2/sw2879,2879,245,sv,A,135,3,"that's a different [ top-, + subject, ]","that/DT 's/BES a/DT different/JJ top-/NN ,/, subject/NN ,/,",,,452.43,453.77
sw09utt/sw_0909_2879.utt,2/sw2879,2879,246,b,B,136,1,# Right. # /,Right/UH ./.,,,453.81,454.23
sw09utt/sw_0909_2879.utt,2/sw2879,2879,247,+,A,137,1,# altogether  /,altogether/RB,,,0.0,0.0
sw09utt/sw_0909_2879.utt,2/sw2879,2879,248,h,A,137,2,"# {C but, } {F uh, } I don't know  /","but/CC ,/, uh/UH ,/, I/PRP do/VBP n't/RB know/VB",,,454.25,456.53000000000003
sw09utt/sw_0909_2879.utt,2/sw2879,2879,249,sv,A,137,3,I think everybody would feel it is same way if they were touched by crime.  /,I/PRP think/VBP everybody/NN would/MD feel/VB it/PRP is/VBZ same/JJ way/NN if/IN they/PRP were/VBD touched/VBN by/IN crime/NN ./.,,,456.53,458.99
sw09utt/sw_0909_2879.utt,2/sw2879,2879,250,sv,A,137,4,"I think everyone would,  /","I/PRP think/VBP everyone/NN would/MD ,/,",,,458.99,459.91
sw09utt/sw_0909_2879.utt,2/sw2879,2879,251,sv,A,137,5,"(( you and I think are ))  honest and candid because we could do it [ on, + in ] this,","you/PRP and/CC I/PRP think/VBP are/VBP honest/JJ and/CC candid/JJ because/IN we/PRP could/MD do/VB it/PRP on/IN ,/, in/IN this/DT ,/,",,,460.25,463.34999999999997
sw09utt/sw_0909_2879.utt,2/sw2879,2879,252,b,B,138,1,# Right. # /,Right/UH ./.,,,0.0,0.0
sw09utt/sw_0909_2879.utt,2/sw2879,2879,253,+,A,139,1,"# vehicle, # {F uh, }  /","vehicle/NN ,/, uh/UH ,/,",,,463.35,464.29
sw09utt/sw_0909_2879.utt,2/sw2879,2879,254,sv(^q),A,139,2,"{C but } I think everybody if they were touched by it would say, {A if they had any sense of rage that could be brought out,","but/CC I/PRP think/VBP everybody/NN if/IN they/PRP were/VBD touched/VBN by/IN it/PRP would/MD say/VB ,/, if/IN they/PRP had/VBD any/DT sense/NN of/IN rage/NN that/WDT could/MD be/VB brought/VBN out/RB ,/,",,,464.29,470.25
sw09utt/sw_0909_2879.utt,2/sw2879,2879,255,b,B,140,1,# Sure. # /,Sure/UH ./.,,,470.23,470.35
sw09utt/sw_0909_2879.utt,2/sw2879,2879,256,+,A,141,1,"# I # think every human does, } I think they'd say, yeah,  /","I/PRP think/VBP every/DT human/NN does/VBZ ,/, I/PRP think/VBP they/PRP 'd/MD say/VB ,/, yeah/UH ,/,",,,470.37,472.51
sw09utt/sw_0909_2879.utt,2/sw2879,2879,257,sv(^q),A,141,2,"do it if somebody in my family or if it happened it me, {D you know, } /","do/VBP it/PRP if/IN somebody/NN in/IN my/PRP$ family/NN or/CC if/IN it/PRP happened/VBD it/PRP me/PRP ,/, you/PRP know/VBP ,/,",,,472.51,475.11
sw09utt/sw_0909_2879.utt,2/sw2879,2879,258,b,B,142,1,"# Yeah, # /","Yeah/UH ,/,",,,475.11,475.21000000000004
sw09utt/sw_0909_2879.utt,2/sw2879,2879,259,%,A,143,1,"# {F uh, } # /","uh/UH ,/,",,,0.0,0.0
sw09utt/sw_0909_2879.utt,2/sw2879,2879,260,aa,B,144,1,"if your friends or family [ got, + {F uh, } had ] that happen to them I think everyone would,  /","if/IN your/PRP$ friends/NNS or/CC family/NN got/VBD ,/, uh/UH ,/, had/VBD that/DT happen/VB to/IN them/PRP I/PRP think/VBP everyone/NN would/MD ,/,",,,475.21,479.87
sw09utt/sw_0909_2879.utt,2/sw2879,2879,261,sv,B,144,2,"[ I, + they'd, ]","I/PRP ,/, they/PRP 'd/MD ,/,",,,479.87,480.41
sw09utt/sw_0909_2879.utt,2/sw2879,2879,262,b,A,145,1,# Uh-huh. # /,Uh-huh/UH ./.,,,0.0,0.0
sw09utt/sw_0909_2879.utt,2/sw2879,2879,263,+,B,146,1,"# probably # pull the trigger themselves or flip the switch themselves and  with a smile on their face,","probably/RB pull/VB the/DT trigger/NN themselves/PRP or/CC flip/VB the/DT switch/NN themselves/PRP and/CC with/IN a/DT smile/NN on/IN their/PRP$ face/NN ,/,",,,480.41,486.23
sw09utt/sw_0909_2879.utt,2/sw2879,2879,264,aa,A,147,1,"# Yeah,  /","Yeah/UH ,/,",,,486.79,487.05
sw09utt/sw_0909_2879.utt,2/sw2879,2879,265,sv,A,147,2,"I just, #","I/PRP just/RB ,/,",,,487.05,487.59
sw09utt/sw_0909_2879.utt,2/sw2879,2879,266,+,B,148,1,# as they did # it. /,as/IN they/PRP did/VBD it/PRP ./.,,,487.57,487.63
sw09utt/sw_0909_2879.utt,2/sw2879,2879,267,+,A,149,1,"don't think that, {F uh, } you can rehabilitate,  /","do/VBP n't/RB think/VB that/IN ,/, uh/UH ,/, you/PRP can/MD rehabilitate/VB ,/,",,,487.65,489.69
sw09utt/sw_0909_2879.utt,2/sw2879,2879,268,%,A,149,2,"{E I mean } I just don't, {F uh, } {F oh, }  /","I/PRP mean/VBP I/PRP just/RB do/VBP n't/RB ,/, uh/UH ,/, oh/UH ,/,",,,489.69,491.33
sw09utt/sw_0909_2879.utt,2/sw2879,2879,269,sd,A,149,3,"I did a paper back in college a long time ago for criminal justice class,  /","I/PRP did/VBD a/DT paper/NN back/RB in/IN college/NN a/DT long/JJ time/NN ago/RB for/IN criminal/JJ justice/NN class/NN ,/,",,,492.83,496.66999999999996
sw09utt/sw_0909_2879.utt,2/sw2879,2879,270,%,A,149,4,"{C and } I just, - /","and/CC I/PRP just/RB ,/,",,,496.67,497.21
sw09utt/sw_0909_2879.utt,2/sw2879,2879,271,%,A,149,5,"the subject, - /","the/DT subject/NN ,/,",,,497.91,498.37
sw09utt/sw_0909_2879.utt,2/sw2879,2879,272,sd,A,149,6,I remember we drew things out of a hat  /,I/PRP remember/VBP we/PRP drew/VBD things/NNS out/IN of/IN a/DT hat/NN,,,498.37,500.03000000000003
sw09utt/sw_0909_2879.utt,2/sw2879,2879,273,sd,A,149,7,"{C and } [ it was something, + {F uh, } it was basically ] the essence was does the crime fit the punishment  /","and/CC it/PRP was/VBD something/NN ,/, uh/UH ,/, it/PRP was/VBD basically/RB the/DT essence/NN was/VBD does/VBZ the/DT crime/NN fit/VB the/DT punishment/NN",,,500.03,504.07000000000005
sw09utt/sw_0909_2879.utt,2/sw2879,2879,274,sd,A,149,8,"{C and } when you see how many repeat offenders there are, {F uh, } [ check, + check ] fraud cases where they go to jail for five to ten years and, {F uh, } [ rape, + rapist ] getting their hand,","and/CC when/WRB you/PRP see/VBP how/WRB many/JJ repeat/NN offenders/NNS there/EX are/VBP ,/, uh/UH ,/, check/NN ,/, check/NN fraud/NN cases/NNS where/WRB they/PRP go/VBP to/IN jail/VB for/IN five/CD to/IN ten/CD years/NNS and/CC ,/, uh/UH ,/, rape/NN ,/, rapist/NN getting/VBG their/PRP$ hand/NN ,/,",,,504.07,514.61
sw09utt/sw_0909_2879.utt,2/sw2879,2879,275,b,B,150,1,# Yeah. # /,Yeah/UH ./.,,,514.61,514.75
sw09utt/sw_0909_2879.utt,2/sw2879,2879,276,+,A,151,1,"# just # slapped, {D you know, } and how it is based on the judge and if the time of day that the court is in session,","just/RB slapped/VBN ,/, you/PRP know/VBP ,/, and/CC how/WRB it/PRP is/VBZ based/VBN on/IN the/DT judge/NN and/CC if/IN the/DT time/NN of/IN day/NN that/WDT the/DT court/NN is/VBZ in/IN session/NN ,/,",,,514.77,520.03
sw09utt/sw_0909_2879.utt,2/sw2879,2879,277,b,B,152,1,# Right. # /,Right/UH ./.,,,0.0,0.0
sw09utt/sw_0909_2879.utt,2/sw2879,2879,278,+,A,153,1,"# {D you # know, } all these, {F uh, } [ [ i-, + i-, ] + intangible ] things - /","you/PRP know/VBP ,/, all/PDT these/DT ,/, uh/UH ,/, i/JJ ,/, i/JJ ,/, intangible/JJ things/NNS",,,520.03,523.29
sw09utt/sw_0909_2879.utt,2/sw2879,2879,279,sd,A,153,2,"{C and } you're thinking, <laughter> {F oh, } [ you would + not only would you ] not want to be a victim  /","and/CC you/PRP 're/VBP thinking/VBG ,/, oh/UH ,/, you/PRP would/MD not/RB only/RB would/MD you/PRP not/RB want/VB to/TO be/VB a/DT victim/NN",,,523.29,526.8299999999999
sw09utt/sw_0909_2879.utt,2/sw2879,2879,280,sd,A,153,3,you wouldn't want to be a criminal <laughter> either --,you/PRP would/MD n't/RB want/VB to/TO be/VB a/DT criminal/JJ either/DT --/:,,,526.83,528.31
sw09utt/sw_0909_2879.utt,2/sw2879,2879,281,b,B,154,1,Right. /,Right/UH ./.,,,528.57,528.75
sw09utt/sw_0909_2879.utt,2/sw2879,2879,282,+,A,155,1,"-- because you wouldn't know what you're getting, {F uh } -- /","--/: because/IN you/PRP would/MD n't/RB know/VB what/WP you/PRP 're/VBP getting/VBG ,/, uh/UH --/:",,,529.05,530.69
sw09utt/sw_0909_2879.utt,2/sw2879,2879,283,b,B,156,1,Right. /,Right/UH ./.,,,530.87,531.21
sw09utt/sw_0909_2879.utt,2/sw2879,2879,284,h,A,157,1,"-- {C but, } I don't know,  /","--/: but/CC ,/, I/PRP do/VBP n't/RB know/VB ,/,",,,531.23,533.2099999999999
sw09utt/sw_0909_2879.utt,2/sw2879,2879,285,sd,A,157,2,methods of capital punishment I have no opinions on that either  /,methods/NNS of/IN capital/JJ punishment/NN I/PRP have/VBP no/DT opinions/NNS on/IN that/DT either/RB,,,533.21,536.81
sw09utt/sw_0909_2879.utt,2/sw2879,2879,286,%,A,157,3,"I just <laughter>, -/","I/PRP just/RB ,/,",,,537.09,537.4499999999999
sw09utt/sw_0909_2879.utt,2/sw2879,2879,287,b,B,158,1,"{D Well, } {F uh, } [ I, + {F uh, } yeah,  /","Well/UH ,/, uh/UH ,/, I/PRP ,/, uh/UH ,/, yeah/UH ,/,",,,537.43,538.97
sw09utt/sw_0909_2879.utt,2/sw2879,2879,288,h,B,158,2,I ] don't know  /,I/PRP do/VBP n't/RB know/VB,,,538.97,539.89
sw09utt/sw_0909_2879.utt,2/sw2879,2879,289,sv,B,158,3,I think the old gas chamber seems to be about the most painless  /,I/PRP think/VBP the/DT old/JJ gas/NN chamber/NN seems/VBZ to/TO be/VB about/RB the/DT most/RBS painless/JJ,,,539.89,543.9300000000001
sw09utt/sw_0909_2879.utt,2/sw2879,2879,290,sv,B,158,4,"{C because } I guess it's a [ pretty, +","because/IN I/PRP guess/VBP it/PRP 's/BES a/DT pretty/RB ,/,",,,543.93,545.0899999999999
sw09utt/sw_0909_2879.utt,2/sw2879,2879,291,b,A,159,1,# Uh-huh. # /,Uh-huh/UH ./.,,,0.0,0.0
sw09utt/sw_0909_2879.utt,2/sw2879,2879,292,+,B,160,1,"# pretty ] # rough thing to be, {F uh, } electrocuted. /","pretty/RB rough/JJ thing/NN to/TO be/VB ,/, uh/UH ,/, electrocuted/VBN ./.",,,545.39,548.61
sw09utt/sw_0909_2879.utt,2/sw2879,2879,293,bh,A,161,1,"Is it, {F uh, }  /","Is/VBZ it/PRP ,/, uh/UH ,/,",,,548.83,549.71
sw09utt/sw_0909_2879.utt,2/sw2879,2879,294,qo,A,161,2,"how about the injection, /","how/WRB about/IN the/DT injection/NN ,/,",,,549.93,551.33
sw09utt/sw_0909_2879.utt,2/sw2879,2879,295,b,B,162,1,"# {F Oh, } yeah,  /","Oh/UH ,/, yeah/UH ,/,",,,551.31,551.6700000000001
sw09utt/sw_0909_2879.utt,2/sw2879,2879,296,^h,B,162,2,"an injection, # /","an/DT injection/NN ,/,",,,551.67,552.3299999999999
sw09utt/sw_0909_2879.utt,2/sw2879,2879,297,qy,A,163,1,# is that suppose to # be. -/,is/VBZ that/WDT suppose/^VBN to/TO be/VB ./.,,,552.35,552.41
sw09utt/sw_0909_2879.utt,2/sw2879,2879,298,ny,B,164,1,"yeah,  /","yeah/UH ,/,",,,552.39,552.67
sw09utt/sw_0909_2879.utt,2/sw2879,2879,299,%,B,164,2,"that would be even, - /","that/DT would/MD be/VB even/RB ,/,",,,552.67,553.29
sw09utt/sw_0909_2879.utt,2/sw2879,2879,300,ny^r,B,164,3,"yeah,  /","yeah/UH ,/,",,,553.59,553.89
sw09utt/sw_0909_2879.utt,2/sw2879,2879,301,sd^e,B,164,4,"I didn't even,","I/PRP did/VBD n't/RB even/RB ,/,",,,553.97,554.53
sw09utt/sw_0909_2879.utt,2/sw2879,2879,302,b,A,165,1,Yeah. /,Yeah/UH ./.,,,554.55,554.63
sw09utt/sw_0909_2879.utt,2/sw2879,2879,303,+,B,166,1,think about that. /,think/VB about/IN that/DT ./.,,,554.61,555.3100000000001
sw09utt/sw_0909_2879.utt,2/sw2879,2879,304,sd,A,167,1,"I'm not even sure, in the split among the fifty states,  /","I/PRP 'm/VBP not/RB even/RB sure/JJ ,/, in/IN the/DT split/NN among/IN the/DT fifty/CD states/NNS ,/,",,,555.99,558.4100000000001
sw09utt/sw_0909_2879.utt,2/sw2879,2879,305,qy,A,167,2,"do you know which way it is the ratio,  /","do/VBP you/PRP know/VB which/WDT way/NN it/PRP is/VBZ the/DT ratio/NN ,/,",,,558.41,560.51
sw09utt/sw_0909_2879.utt,2/sw2879,2879,306,%,A,167,3,"it's more than, - /","it/PRP 's/BES more/JJR than/IN ,/,",,,561.05,561.71
sw09utt/sw_0909_2879.utt,2/sw2879,2879,307,%,A,167,4,"aren't, {F uh, } - /","are/VBP n't/RB ,/, uh/UH ,/,",,,561.73,562.37
sw09utt/sw_0909_2879.utt,2/sw2879,2879,308,qy^d,A,167,5,"[ tha-, + it's ] more that don't have it, /","tha-/XX ,/, it/PRP 's/BES more/JJR that/WDT do/VBP n't/RB have/VB it/PRP ,/,",,,562.57,564.1899999999999
sw09utt/sw_0909_2879.utt,2/sw2879,2879,309,na,B,168,1,"# I think, # /","I/PRP think/VBP ,/,",,,0.0,0.0
sw09utt/sw_0909_2879.utt,2/sw2879,2879,310,qy,A,169,1,# isn't that # correct. /,is/VBZ n't/RB that/DT correct/JJ ./.,,,564.19,565.03
sw09utt/sw_0909_2879.utt,2/sw2879,2879,311,ny,B,170,1,"yeah,  /","yeah/UH ,/,",,,565.01,565.37
sw09utt/sw_0909_2879.utt,2/sw2879,2879,312,sd^e,B,170,2,there's more that don't have it  /,there/EX 's/BES more/JJR that/WDT do/VBP n't/RB have/VB it/PRP,,,565.37,566.55
sw09utt/sw_0909_2879.utt,2/sw2879,2879,313,sd,B,170,3,"{C but } amazingly it's {D like, } {F uh, } Massachusetts went back,","but/CC amazingly/RB it/PRP 's/BES like/UH ,/, uh/UH ,/, Massachusetts/NNP went/VBD back/RB ,/,",,,566.55,570.79
sw09utt/sw_0909_2879.utt,2/sw2879,2879,314,b,A,171,1,# Uh-huh. # /,Uh-huh/UH ./.,,,0.0,0.0
sw09utt/sw_0909_2879.utt,2/sw2879,2879,315,+,B,172,1,"# and # reinstated capital punishment, {F oh, } maybe six or seven years ago, /","and/CC reinstated/VBD capital/JJ punishment/NN ,/, oh/UH ,/, maybe/RB six/CD or/CC seven/CD years/NNS ago/RB ,/,",,,570.79,575.4699999999999
sw09utt/sw_0909_2879.utt,2/sw2879,2879,316,b,A,173,1,# Uh-huh. # /,Uh-huh/UH ./.,,,0.0,0.0
sw09utt/sw_0909_2879.utt,2/sw2879,2879,317,sd,B,174,1,# I # don't know if they've used it [ since then + since ] they've reinstated it  /,I/PRP do/VBP n't/RB know/VB if/IN they/PRP 've/VBP used/VBN it/PRP since/IN then/RB since/IN they/PRP 've/VBP reinstated/VBN it/PRP,,,576.05,580.1099999999999
sw09utt/sw_0909_2879.utt,2/sw2879,2879,318,sd,B,174,2,"{C but, } {F uh, } it's on the books. /","but/CC ,/, uh/UH ,/, it/PRP 's/BES on/IN the/DT books/NNS ./.",,,580.15,583.09
sw09utt/sw_0909_2879.utt,2/sw2879,2879,319,b,A,175,1,"Yeah,  /","Yeah/UH ,/,",,,583.23,583.37
sw09utt/sw_0909_2879.utt,2/sw2879,2879,320,sd,A,175,2,"(( I don't know if [ they've, + they did something about ] )) - /","I/PRP do/VBP n't/RB know/VB if/IN they/PRP 've/VBP ,/, they/PRP did/VBD something/NN about/IN",,,583.37,585.0699999999999
sw09utt/sw_0909_2879.utt,2/sw2879,2879,321,sd,A,175,3,"I'm not sure if Texas, - /","I/PRP 'm/VBP not/RB sure/JJ if/IN Texas/NNP ,/,",,,585.07,586.25
sw09utt/sw_0909_2879.utt,2/sw2879,2879,322,%,A,175,4,"Minnesota, - /","Minnesota/NNP ,/,",,,586.95,587.51
sw09utt/sw_0909_2879.utt,2/sw2879,2879,323,%,A,175,5,"[ [ [ I, + they didn't, ] + they didn't, ] + they were ] again-, - /","I/PRP ,/, they/PRP did/VBD n't/RB ,/, they/PRP did/VBD n't/RB ,/, they/PRP were/VBD again-/IN ,/,",,,587.51,589.97
sw09utt/sw_0909_2879.utt,2/sw2879,2879,324,sd,A,175,6,"{D well, } did they have it,  /","well/UH ,/, did/VBD they/PRP have/VB it/PRP ,/,",,,589.97,591.13
sw09utt/sw_0909_2879.utt,2/sw2879,2879,325,sd,A,175,7,"they were against it, {F uh, }  /","they/PRP were/VBD against/IN it/PRP ,/, uh/UH ,/,",,,591.13,592.37
sw09utt/sw_0909_2879.utt,2/sw2879,2879,326,sd,A,175,8,"Texas, as I said, has it  /","Texas/NNP ,/, as/IN I/PRP said/VBD ,/, has/VBZ it/PRP",,,593.07,594.33
sw09utt/sw_0909_2879.utt,2/sw2879,2879,327,sd,A,175,9,"{C but } I haven't been back here long enough [ to, + to ] realize [ whether or not, +","but/CC I/PRP have/VBP n't/RB been/VBN back/RB here/RB long/JJ enough/RB to/TO ,/, to/TO realize/VB whether/RB or/CC not/RB ,/,",,,594.33,597.4300000000001
sw09utt/sw_0909_2879.utt,2/sw2879,2879,328,b,B,176,1,# Right. # /,Right/UH ./.,,,0.0,0.0
sw09utt/sw_0909_2879.utt,2/sw2879,2879,329,+,A,177,1,"# if # ] they've done it in the last, -/","if/IN they/PRP 've/VBP done/VBN it/PRP in/IN the/DT last/JJ ,/,",,,597.99,598.9300000000001
