swda_filename,ptb_basename,conversation_no,transcript_index,act_tag,caller,utterance_index,subutterance_index,text,pos,trees,ptb_treenumbers,start_ts,end_ts
sw09utt/sw_0971_2839.utt,2/sw2839,2839,0,o,A,1,1,All right. /,All/RB right/JJ ./.,,,0.02,1.46
sw09utt/sw_0971_2839.utt,2/sw2839,2839,1,b,B,2,1,"<Talking> <<people in background>> Yes,  /","Yes/UH ,/,",,,2.03,2.3299999999999996
sw09utt/sw_0971_2839.utt,2/sw2839,2839,2,sv,B,2,2,I think we're terribly taxed.  /,I/PRP think/VBP we/PRP 're/VBP terribly/RB taxed/VBN ./.,,,2.39,3.57
sw09utt/sw_0971_2839.utt,2/sw2839,2839,3,sv,B,2,3,"[ I, + I ] think the Republicans have taxed us just as much as the Democrats,  /","I/PRP ,/, I/PRP think/VBP the/DT Republicans/NNPS have/VBP taxed/VBN us/PRP just/RB as/RB much/JJ as/IN the/DT Democrats/NNPS ,/,",,,3.89,6.89
sw09utt/sw_0971_2839.utt,2/sw2839,2839,4,sv,B,2,4,{C and } I don't think there's a change between one party than the other.  /,and/CC I/PRP do/VBP n't/RB think/VB there/EX 's/BES a/DT change/NN between/IN one/CD party/NN than/IN the/DT other/JJ ./.,,,6.89,9.49
sw09utt/sw_0971_2839.utt,2/sw2839,2839,5,sv,B,2,5,"{F Uh, } I think we get a lot back,  /","Uh/UH ,/, I/PRP think/VBP we/PRP get/VBP a/DT lot/NN back/RP ,/,",,,9.49,12.190000000000001
sw09utt/sw_0971_2839.utt,2/sw2839,2839,6,sv,B,2,6,{C but } not as much as we should. /,but/CC not/RB as/RB much/JJ as/IN we/PRP should/MD ./.,,,12.27,13.99
sw09utt/sw_0971_2839.utt,2/sw2839,2839,7,sv,A,3,1,"{F Uh, } I guess what I feel about it is that it's so mismanaged that [ it, + there's ] got to be something.  /","Uh/UH ,/, I/PRP guess/VBP what/WP I/PRP feel/VBP about/IN it/PRP is/VBZ that/IN it/PRP 's/BES so/RB mismanaged/VBN that/IN it/PRP ,/, there/EX 's/HVS got/VBN to/TO be/VB something/NN ./.",,,15.5,20.9
sw09utt/sw_0971_2839.utt,2/sw2839,2839,8,sv,A,3,2,"[ When, + when ] we pay so much [ for the, + for the ] debt, instead of using the money for where --","When/WRB ,/, when/WRB we/PRP pay/VBP so/RB much/JJ for/IN the/DT ,/, for/IN the/DT debt/NN ,/, instead/IN of/IN using/VBG the/DT money/NN for/IN where/WRB --/:",,,21.3,27.439999999999998
sw09utt/sw_0971_2839.utt,2/sw2839,2839,9,b,B,4,1,# Right. # /,Right/UH ./.,,,27.33,27.75
sw09utt/sw_0971_2839.utt,2/sw2839,2839,10,+,A,5,1,"-- # it ought # to go, [ [ it, + it's just, ] + it's ] ridiculous.  /","--/: it/PRP ought/MD to/TO go/VB ,/, it/PRP ,/, it/PRP 's/BES just/RB ,/, it/PRP 's/BES ridiculous/JJ ./.",,,27.88,30.52
sw09utt/sw_0971_2839.utt,2/sw2839,2839,11,%,A,5,2,"What kills me is when they had a chance [ to, + to, ] {F uh, } put into [ ac-, + action ] [ [ the, + the g-, ] + the Glen-, Rub-, ] - /","What/WP kills/VBZ me/PRP is/VBZ when/WRB they/PRP had/VBD a/DT chance/NN to/TO ,/, to/TO ,/, uh/UH ,/, put/VB into/IN ac-/NN ,/, action/NN the/DT ,/, the/DT g-/NNP ,/, the/DT Glen-/NNP ,/, Rub-/NNP ,/,",,,30.72,36.8
sw09utt/sw_0971_2839.utt,2/sw2839,2839,12,qw,A,5,3,"what is it, {F uh, } the act where they had to cut everything across the board -- /","what/WP is/VBZ it/PRP ,/, uh/UH ,/, the/DT act/NN where/WRB they/PRP had/VBD to/TO cut/VB everything/NN across/IN the/DT board/NN --/:",,,37.1,43.3
sw09utt/sw_0971_2839.utt,2/sw2839,2839,13,sd,B,6,1,"[ The Gramm, + # the Gramm ] Rudman Act.  /","The/DT Gramm/NNP ,/, the/DT Gramm/NNP Rudman/NNP Act/NNP ./.",,,43.19,43.71
sw09utt/sw_0971_2839.utt,2/sw2839,2839,14,%,B,6,2,Yeah. # /,Yeah/UH ./.,,,0.0,0.0
sw09utt/sw_0971_2839.utt,2/sw2839,2839,15,sv,A,7,1,"-- # [ they kept doing, + # they kept putting off doing ] that.  /","--/: they/PRP kept/VBD doing/VBG ,/, they/PRP kept/VBD putting/VBG off/RB doing/VBG that/DT ./.",,,43.82,46.940000000000005
sw09utt/sw_0971_2839.utt,2/sw2839,2839,16,qh,A,7,2,Why did they do that?  /,Why/WRB did/VBD they/PRP do/VBP that/DT ?/.,,,47.06,48.04
sw09utt/sw_0971_2839.utt,2/sw2839,2839,17,sv,A,7,3,That's exactly what they needed to do to get their act together. /,That/DT 's/BES exactly/RB what/WP they/PRP needed/VBD to/TO do/VB to/TO get/VB their/PRP$ act/NN together/RB ./.,,,48.4,51.099999999999994
sw09utt/sw_0971_2839.utt,2/sw2839,2839,18,b,B,8,1,"Yeah,  /","Yeah/UH ,/,",,,51.33,51.71
sw09utt/sw_0971_2839.utt,2/sw2839,2839,19,sv,B,8,2,{D well } I think they spend too much.  /,well/UH I/PRP think/VBP they/PRP spend/VBP too/RB much/JJ ./.,,,51.81,53.07
sw09utt/sw_0971_2839.utt,2/sw2839,2839,20,sv,B,8,3,"[ They, + they ] spend too much on themselves, too,  /","They/PRP ,/, they/PRP spend/VBP too/RB much/JJ on/IN themselves/PRP ,/, too/RB ,/,",,,53.07,55.03
sw09utt/sw_0971_2839.utt,2/sw2839,2839,21,sv,B,8,4,"[ [ the, + the, ] +","the/DT ,/, the/DT ,/,",,,55.03,55.25
sw09utt/sw_0971_2839.utt,2/sw2839,2839,22,aa,A,9,1,"{F Oh, } yeah,  /","Oh/UH ,/, yeah/UH ,/,",,,55.36,55.94
sw09utt/sw_0971_2839.utt,2/sw2839,2839,23,aa,A,9,2,I think so too. /,I/PRP think/VBP so/RB too/RB ./.,,,55.94,56.940000000000005
sw09utt/sw_0971_2839.utt,2/sw2839,2839,24,+,B,10,1,"A lot of [ the, + the ] ] taxes gets back to the members of the Congress and  everything all running for twenty years, # rather than. # -/","A/DT lot/NN of/IN the/DT ,/, the/DT taxes/NNS gets/VBZ back/RB to/IN the/DT members/NNS of/IN the/DT Congress/NNP and/CC everything/NN all/DT running/VBG for/IN twenty/CD years/NNS ,/, rather/IN than/IN ./.",,,56.89,63.790000000000006
sw09utt/sw_0971_2839.utt,2/sw2839,2839,25,aa,A,11,1,"# Yeah,  /","Yeah/UH ,/,",,,0.0,0.0
sw09utt/sw_0971_2839.utt,2/sw2839,2839,26,sv,A,11,2,{D well. } #  Things like mailings.  /,well/UH ./. Things/NNS like/IN mailings/NNS ./.,,,64.08,65.34
sw09utt/sw_0971_2839.utt,2/sw2839,2839,27,sv,A,11,3,They don't use any kind of restraint on some of these things.  /,They/PRP do/VBP n't/RB use/VB any/DT kind/NN of/IN restraint/NN on/IN some/DT of/IN these/DT things/NNS ./.,,,65.34,68.03999999999999
sw09utt/sw_0971_2839.utt,2/sw2839,2839,28,sv,A,11,4,They just think once they get there that they can do just anything.  /,They/PRP just/RB think/VBP once/RB they/PRP get/VBP there/RB that/IN they/PRP can/MD do/VB just/RB anything/NN ./.,,,68.06,70.7
sw09utt/sw_0971_2839.utt,2/sw2839,2839,29,ar,A,11,5,"No,  /","No/UH ,/,",,,70.7,71.02
sw09utt/sw_0971_2839.utt,2/sw2839,2839,30,sd,A,11,6,"[ they don't, + they don't ] try [ to, + {F uh } --","they/PRP do/VBP n't/RB ,/, they/PRP do/VBP n't/RB try/VB to/TO ,/, uh/UH --/:",,,71.02,73.21
sw09utt/sw_0971_2839.utt,2/sw2839,2839,31,aa,B,12,1,"No,  /","No/UH ,/,",,,73.11,73.47
sw09utt/sw_0971_2839.utt,2/sw2839,2839,32,aa,B,12,2,you're right. /,you/PRP 're/VBP right/JJ ./.,,,73.47,73.81
sw09utt/sw_0971_2839.utt,2/sw2839,2839,33,+,A,13,1,-- to ] conserve.  /,--/: to/TO conserve/VB ./.,,,73.91,74.61000000000001
sw09utt/sw_0971_2839.utt,2/sw2839,2839,34,sv,A,13,2,"{C And } of course, here at home, we end up conserving and  conserving  /","And/CC of/IN course/NN ,/, here/RB at/IN home/NN ,/, we/PRP end/VBP up/RP conserving/VBG and/CC conserving/VBG",,,74.61,78.89
sw09utt/sw_0971_2839.utt,2/sw2839,2839,35,sd,A,13,3,"{C and, } {E I mean, } when I don't have money, I don't buy something. /","and/CC ,/, I/PRP mean/VBP ,/, when/WRB I/PRP do/VBP n't/RB have/VB money/NN ,/, I/PRP do/VBP n't/RB buy/VB something/NN ./.",,,78.89,81.37
sw09utt/sw_0971_2839.utt,2/sw2839,2839,36,aa,B,14,1,"Yeah,  /","Yeah/UH ,/,",,,81.77,82.03
sw09utt/sw_0971_2839.utt,2/sw2839,2839,37,aa,B,14,2,no  /,no/UH,,,82.03,82.13
sw09utt/sw_0971_2839.utt,2/sw2839,2839,38,sv,B,14,3,"I think, {F uh, } it is the Congress and them just don't have any interest in saving us money, {F uh, } /","I/PRP think/VBP ,/, uh/UH ,/, it/PRP is/VBZ the/DT Congress/NNP and/CC them/PRP just/RB do/VBP n't/RB have/VB any/DT interest/NN in/IN saving/VBG us/PRP money/NN ,/, uh/UH ,/,",,,82.17,87.21
sw09utt/sw_0971_2839.utt,2/sw2839,2839,39,aa,A,15,1,They sure don't seem to. /,They/PRP sure/RB do/VBP n't/RB seem/VB to/TO ./.,,,87.31,88.25
sw09utt/sw_0971_2839.utt,2/sw2839,2839,40,sv,B,16,1,The national debt is terrible.  /,The/DT national/JJ debt/NN is/VBZ terrible/JJ ./.,,,88.15,89.93
sw09utt/sw_0971_2839.utt,2/sw2839,2839,41,%,B,16,2,"{F Uh, } -/","Uh/UH ,/,",,,89.93,90.17
sw09utt/sw_0971_2839.utt,2/sw2839,2839,42,sv,A,17,1,"There are a couple of things I think we need to really work for,  /","There/EX are/VBP a/DT couple/NN of/IN things/NNS I/PRP think/VBP we/PRP need/VBP to/TO really/RB work/VB for/IN ,/,",,,90.29,93.37
sw09utt/sw_0971_2839.utt,2/sw2839,2839,43,sd,A,17,2,{C and } I don't know quite how to do it.  /,and/CC I/PRP do/VBP n't/RB know/VB quite/RB how/WRB to/TO do/VB it/PRP ./.,,,93.37,94.89
sw09utt/sw_0971_2839.utt,2/sw2839,2839,44,sv,A,17,3,"{C But } I think we need to have the one line, {F uh, } {F uh, } veto so that they don't have to spend so much time doing everything.  /","But/CC I/PRP think/VBP we/PRP need/VBP to/TO have/VB the/DT one/CD line/NN ,/, uh/UH ,/, uh/UH ,/, veto/NN so/IN that/IN they/PRP do/VBP n't/RB have/VB to/TO spend/VB so/RB much/JJ time/NN doing/VBG everything/NN ./.",,,94.89,103.67
sw09utt/sw_0971_2839.utt,2/sw2839,2839,45,sv,A,17,4,If it's a good idea --,If/IN it/PRP 's/BES a/DT good/JJ idea/NN --/:,,,103.67,104.79
sw09utt/sw_0971_2839.utt,2/sw2839,2839,46,b,B,18,1,# Right. # /,Right/UH ./.,,,0.0,0.0
sw09utt/sw_0971_2839.utt,2/sw2839,2839,47,+,A,19,1,-- # it can #  be done again. /,--/: it/PRP can/MD be/VB done/VBN again/RB ./.,,,104.79,106.37
sw09utt/sw_0971_2839.utt,2/sw2839,2839,48,b,B,20,1,"# {F Oh, } yeah. # /","Oh/UH ,/, yeah/UH ./.",,,0.0,0.0
sw09utt/sw_0971_2839.utt,2/sw2839,2839,49,sv,A,21,1,"# {D You know, } # {C and } if it's not, so what.  /","You/PRP know/VBP ,/, and/CC if/IN it/PRP 's/BES not/RB ,/, so/RB what/WP ./.",,,106.37,109.07000000000001
sw09utt/sw_0971_2839.utt,2/sw2839,2839,50,sv,A,21,2,At least you haven't thrown out all the work they've done for months and months and months and months. /,At/IN least/JJS you/PRP have/VBP n't/RB thrown/VBN out/RB all/PDT the/DT work/NN they/PRP 've/VBP done/VBN for/IN months/NNS and/CC months/NNS and/CC months/NNS and/CC months/NNS ./.,,,109.33,113.63000000000001
sw09utt/sw_0971_2839.utt,2/sw2839,2839,51,sd,B,22,1,"I saw one on TWENTY TWENTY about a month ago I guess, whereas one, I think that he was a Senator from Pennsylvania or something like that.  /","I/PRP saw/VBD one/CD on/IN TWENTY/CD TWENTY/CD about/IN a/DT month/NN ago/RB I/PRP guess/VBP ,/, whereas/IN one/CD ,/, I/PRP think/VBP that/IN he/PRP was/VBD a/DT Senator/NNP from/IN Pennsylvania/NNP or/CC something/NN like/IN that/DT ./.",,,114.07,122.05
sw09utt/sw_0971_2839.utt,2/sw2839,2839,52,sd,B,22,2,"Maybe it was, {F uh, } Connecticut,  /","Maybe/RB it/PRP was/VBD ,/, uh/UH ,/, Connecticut/NNP ,/,",,,122.05,124.00999999999999
sw09utt/sw_0971_2839.utt,2/sw2839,2839,53,sd,B,22,3,"I'm not sure,  /","I/PRP 'm/VBP not/RB sure/JJ ,/,",,,124.01,124.55
sw09utt/sw_0971_2839.utt,2/sw2839,2839,54,sd,B,22,4,"one of the small states up there, where he had a bill through for [ another, + {F uh, } a ] drug agency that would be located there,  /","one/CD of/IN the/DT small/JJ states/NNS up/IN there/RB ,/, where/WRB he/PRP had/VBD a/DT bill/NN through/RP for/IN another/DT ,/, uh/UH ,/, a/DT drug/NN agency/NN that/WDT would/MD be/VB located/VBN there/RB ,/,",,,124.55,134.48999999999998
sw09utt/sw_0971_2839.utt,2/sw2839,2839,55,sd,B,22,5,{C and } he was the only one that wanted it.  /,and/CC he/PRP was/VBD the/DT only/JJ one/CD that/WDT wanted/VBD it/PRP ./.,,,134.49,136.13
sw09utt/sw_0971_2839.utt,2/sw2839,2839,56,sd,B,22,6,Was going to cost millions of dollars.  /,Was/VBD going/VBG to/TO cost/VB millions/NNS of/IN dollars/NNS ./.,,,136.63,138.03
sw09utt/sw_0971_2839.utt,2/sw2839,2839,57,sd,B,22,7,"The drug agency didn't want it,  /","The/DT drug/NN agency/NN did/VBD n't/RB want/VB it/PRP ,/,",,,138.03,139.57
sw09utt/sw_0971_2839.utt,2/sw2839,2839,58,sd,B,22,8,{C and } he was going to build it in his home town  /,and/CC he/PRP was/VBD going/VBG to/TO build/VB it/PRP in/IN his/PRP$ home/NN town/NN,,,139.99,142.27
sw09utt/sw_0971_2839.utt,2/sw2839,2839,59,sd,B,22,9,"{C and } they were going to hire a lot of people, /","and/CC they/PRP were/VBD going/VBG to/TO hire/VB a/DT lot/NN of/IN people/NNS ,/,",,,142.27,144.55
sw09utt/sw_0971_2839.utt,2/sw2839,2839,60,x,A,23,1,<Laughter>.,,,,0.0,0.0
sw09utt/sw_0971_2839.utt,2/sw2839,2839,61,sv,B,24,1,"{C and } it was ridiculous, {D you know, } the whole thing <laughter>. /","and/CC it/PRP was/VBD ridiculous/JJ ,/, you/PRP know/VBP ,/, the/DT whole/JJ thing/NN ./.",,,145.87,147.53
sw09utt/sw_0971_2839.utt,2/sw2839,2839,62,aa,A,25,1,"# Yeah,  /","Yeah/UH ,/,",,,0.0,0.0
sw09utt/sw_0971_2839.utt,2/sw2839,2839,63,aa,A,25,2,"[ this is, + that's ] right. # /","this/DT is/VBZ ,/, that/DT 's/BES right/JJ ./.",,,0.0,0.0
sw09utt/sw_0971_2839.utt,2/sw2839,2839,64,sd,B,26,1,"# [ {C And, } + {C and, } ] {D you know, } they asked #  him about it.  /","And/CC ,/, and/CC ,/, you/PRP know/VBP ,/, they/PRP asked/VBD him/PRP about/IN it/PRP ./.",,,147.53,149.17
sw09utt/sw_0971_2839.utt,2/sw2839,2839,65,^q,B,26,2,Do you really need this?  /,Do/VBP you/PRP really/RB need/VBP this/DT ?/.,,,149.17,150.76999999999998
sw09utt/sw_0971_2839.utt,2/sw2839,2839,66,^q,B,26,3,This is going to cost a lot of money.  /,This/DT is/VBZ going/VBG to/TO cost/VB a/DT lot/NN of/IN money/NN ./.,,,150.77,151.73
sw09utt/sw_0971_2839.utt,2/sw2839,2839,67,^q,B,26,4,{F Oh } yes  /,Oh/UH yes/UH,,,151.73,152.27
sw09utt/sw_0971_2839.utt,2/sw2839,2839,68,^q,B,26,5,we need it.  /,we/PRP need/VBP it/PRP ./.,,,152.27,152.67000000000002
sw09utt/sw_0971_2839.utt,2/sw2839,2839,69,^q,B,26,6,{C But } do you know that the drug agency doesn't want this? /,But/CC do/VBP you/PRP know/VB that/IN the/DT drug/NN agency/NN does/VBZ n't/RB want/VB this/DT ?/.,,,152.67,154.87
sw09utt/sw_0971_2839.utt,2/sw2839,2839,70,b,A,27,1,Yeah. /,Yeah/UH ./.,,,155.09,155.41
sw09utt/sw_0971_2839.utt,2/sw2839,2839,71,sv,B,28,1,"{C And } they do things that are, {D you know, } just like # the, {F uh, } # -/","And/CC they/PRP do/VBP things/NNS that/WDT are/VBP ,/, you/PRP know/VBP ,/, just/RB like/IN the/DT ,/, uh/UH ,/,",,,155.45,157.25
sw09utt/sw_0971_2839.utt,2/sw2839,2839,72,aa,A,29,1,"# Yeah,  /","Yeah/UH ,/,",,,157.43,157.89000000000001
sw09utt/sw_0971_2839.utt,2/sw2839,2839,73,sv,A,29,2,that's #  just an awful lot of that kind of thing going on. /,that/DT 's/BES just/RB an/DT awful/JJ lot/NN of/IN that/DT kind/NN of/IN thing/NN going/VBG on/RP ./.,,,157.89,160.55
sw09utt/sw_0971_2839.utt,2/sw2839,2839,74,aa,B,30,1,Yeah  /,Yeah/UH,,,160.53,160.91
sw09utt/sw_0971_2839.utt,2/sw2839,2839,75,aa,B,30,2,# that. # /,that/DT ./.,,,0.0,0.0
sw09utt/sw_0971_2839.utt,2/sw2839,2839,76,sv,A,31,1,"# {C And } #  the trouble is, [ you don't, + you have ] so little input about it.  /","And/CC the/DT trouble/NN is/VBZ ,/, you/PRP do/VBP n't/RB ,/, you/PRP have/VBP so/RB little/JJ input/NN about/IN it/PRP ./.",,,161.03,164.99
sw09utt/sw_0971_2839.utt,2/sw2839,2839,77,sv,A,31,2,You don't know --,You/PRP do/VBP n't/RB know/VB --/:,,,164.99,165.67000000000002
sw09utt/sw_0971_2839.utt,2/sw2839,2839,78,b,B,32,1,# Right. # /,Right/UH ./.,,,165.55,166.01000000000002
sw09utt/sw_0971_2839.utt,2/sw2839,2839,79,+,A,33,1,"-- # enough #  to know [ what, + what ] to do about some of this stuff. /","--/: enough/RB to/TO know/VB what/WP ,/, what/WP to/TO do/VB about/IN some/DT of/IN this/DT stuff/NN ./.",,,166.85,169.67
sw09utt/sw_0971_2839.utt,2/sw2839,2839,80,b,B,34,1,Right. /,Right/UH ./.,,,169.71,170.09
sw09utt/sw_0971_2839.utt,2/sw2839,2839,81,%,A,35,1,"# I, # -/","I/PRP ,/,",,,170.25,170.39
sw09utt/sw_0971_2839.utt,2/sw2839,2839,82,sv,B,36,1,"# They're #  supposed to do what we say,  /","They/PRP 're/VBP supposed/VBN to/TO do/VB what/WP we/PRP say/VBP ,/,",,,170.27,171.43
sw09utt/sw_0971_2839.utt,2/sw2839,2839,83,sv,B,36,2,"{C but } they do what [ they, + they ] # want to do with it. # /","but/CC they/PRP do/VBP what/WP they/PRP ,/, they/PRP want/VBP to/TO do/VB with/IN it/PRP ./.",,,171.43,172.51
sw09utt/sw_0971_2839.utt,2/sw2839,2839,84,aa,A,37,1,"# Yeah,  /","Yeah/UH ,/,",,,172.81,173.27
sw09utt/sw_0971_2839.utt,2/sw2839,2839,85,aa,A,37,2,that's right.  /,that/DT 's/BES right/JJ ./.,,,173.27,173.79000000000002
sw09utt/sw_0971_2839.utt,2/sw2839,2839,86,sv,A,37,3,"#  The other thing about is I think, {F uh, } limiting their time in office would be good.  /","The/DT other/JJ thing/NN about/IN is/VBZ I/PRP think/VBP ,/, uh/UH ,/, limiting/VBG their/PRP$ time/NN in/IN office/NN would/MD be/VB good/JJ ./.",,,173.79,178.20999999999998
sw09utt/sw_0971_2839.utt,2/sw2839,2839,87,sd,A,37,4,"[ I, + I ] just --","I/PRP ,/, I/PRP just/RB --/:",,,178.21,178.95999999999998
sw09utt/sw_0971_2839.utt,2/sw2839,2839,88,aa,B,38,1,"# Absolutely,  /","Absolutely/UH ,/,",,,0.0,0.0
sw09utt/sw_0971_2839.utt,2/sw2839,2839,89,aa^r,B,38,2,absolutely. # /,absolutely/UH ./.,,,0.0,0.0
sw09utt/sw_0971_2839.utt,2/sw2839,2839,90,+,A,39,1,-- # can't believe there #  aren't other people out there that could do just as well as what we've got. /,--/: ca/MD n't/RB believe/VB there/EX are/VBP n't/RB other/JJ people/NNS out/IN there/RB that/WDT could/MD do/VB just/RB as/RB well/RB as/IN what/WP we/PRP 've/VBP got/VBN ./.,,,178.96,182.54
sw09utt/sw_0971_2839.utt,2/sw2839,2839,91,sv,B,40,1,We need to get that through.  /,We/PRP need/VBP to/TO get/VB that/DT through/RB ./.,,,182.83,183.91000000000003
sw09utt/sw_0971_2839.utt,2/sw2839,2839,92,sv,B,40,2,"[ [ We, + we have said that, ] + I've said it ] several times on different subjects about the government that [ two yea-, + two terms ] is enough for all of them. /","We/PRP ,/, we/PRP have/VBP said/VBN that/DT ,/, I/PRP 've/VBP said/VBN it/PRP several/JJ times/NNS on/IN different/JJ subjects/NNS about/IN the/DT government/NN that/IN two/CD yea-/NNS ,/, two/CD terms/NNS is/VBZ enough/RB for/IN all/DT of/IN them/PRP ./.",,,183.91,190.19000000000003
sw09utt/sw_0971_2839.utt,2/sw2839,2839,93,b,A,41,1,Yeah. /,Yeah/UH ./.,,,190.3,190.5
sw09utt/sw_0971_2839.utt,2/sw2839,2839,94,sv,B,42,1,"{F Uh, } whether you're mayor, all the way up, city council, the works, I think. Certainly President, that, {F uh, } two terms is plenty. /","Uh/UH ,/, whether/IN you/PRP 're/VBP mayor/NN ,/, all/PDT the/DT way/NN up/RP ,/, city/NN council/NN ,/, the/DT works/NNS ,/, I/PRP think/VBP ./. Certainly/RB President/NNP ,/, that/IN ,/, uh/UH ,/, two/CD terms/NNS is/VBZ plenty/JJ ./.",,,190.39,197.39
sw09utt/sw_0971_2839.utt,2/sw2839,2839,95,aa,A,43,1,Yeah.  /,Yeah/UH ./.,,,197.8,198.12
sw09utt/sw_0971_2839.utt,2/sw2839,2839,96,aa,A,43,2,I think # that's right. # /,I/PRP think/VBP that/DT 's/BES right/JJ ./.,,,198.32,198.61999999999998
sw09utt/sw_0971_2839.utt,2/sw2839,2839,97,sv,B,44,1,"# {C And then } we get these #  professionals out of there,  /","And/CC then/RB we/PRP get/VBP these/DT professionals/NNS out/IN of/IN there/RB ,/,",,,198.51,200.17000000000002
sw09utt/sw_0971_2839.utt,2/sw2839,2839,98,sv,B,44,2,"{C and } they have to learn how to earn a living again themselves, {D you # know, } rather than #  --","and/CC they/PRP have/VBP to/TO learn/VB how/WRB to/TO earn/VB a/DT living/NN again/RB themselves/PRP ,/, you/PRP know/VBP ,/, rather/IN than/IN --/:",,,200.59,203.81
sw09utt/sw_0971_2839.utt,2/sw2839,2839,99,aa,A,45,1,"# Yeah,  /","Yeah/UH ,/,",,,0.0,0.0
sw09utt/sw_0971_2839.utt,2/sw2839,2839,100,sv,A,45,2,wouldn't that be #  too bad <laughter>. /,would/MD n't/RB that/DT be/VB too/RB bad/JJ ./.,,,204.0,204.44
sw09utt/sw_0971_2839.utt,2/sw2839,2839,101,+,B,46,1,-- living off of us. /,--/: living/VBG off/IN of/IN us/PRP ./.,,,204.51,205.35
sw09utt/sw_0971_2839.utt,2/sw2839,2839,102,aa,A,47,1,"{D Well, } that's right.  /","Well/UH ,/, that/DT 's/BES right/JJ ./.",,,206.32,207.26000000000002
sw09utt/sw_0971_2839.utt,2/sw2839,2839,103,%,A,47,2,"I think, - /","I/PRP think/VBP ,/,",,,207.28,207.9
sw09utt/sw_0971_2839.utt,2/sw2839,2839,104,h,A,47,3,"I don't know,  /","I/PRP do/VBP n't/RB know/VB ,/,",,,207.9,208.48000000000002
sw09utt/sw_0971_2839.utt,2/sw2839,2839,105,sv,A,47,4,"I think, {F uh, } people in general, - /","I/PRP think/VBP ,/, uh/UH ,/, people/NNS in/IN general/JJ ,/,",,,208.48,210.94
sw09utt/sw_0971_2839.utt,2/sw2839,2839,106,sv,A,47,5,"[ [ the, + the, ] + the ] idea of what you need [ to, + to ] exist is so outrageous that it's not --","the/DT ,/, the/DT ,/, the/DT idea/NN of/IN what/WP you/PRP need/VBP to/TO ,/, to/TO exist/VB is/VBZ so/RB outrageous/JJ that/IN it/PRP 's/BES not/RB --/:",,,211.32,219.17999999999998
sw09utt/sw_0971_2839.utt,2/sw2839,2839,107,b,B,48,1,# Uh-huh. # /,Uh-huh/UH ./.,,,0.0,0.0
sw09utt/sw_0971_2839.utt,2/sw2839,2839,108,+,A,49,1,-- # hardly. - /,--/: hardly/RB ./.,,,219.18,219.68
sw09utt/sw_0971_2839.utt,2/sw2839,2839,109,sv,A,49,2,"#  {D You know, } it starts at the courts,  /","You/PRP know/VBP ,/, it/PRP starts/VBZ at/IN the/DT courts/NNS ,/,",,,219.68,221.48000000000002
sw09utt/sw_0971_2839.utt,2/sw2839,2839,110,sv,A,49,3,it starts everywhere --,it/PRP starts/VBZ everywhere/RB --/:,,,221.48,222.5
sw09utt/sw_0971_2839.utt,2/sw2839,2839,111,b,B,50,1,Right. /,Right/UH ./.,,,222.85,223.10999999999999
sw09utt/sw_0971_2839.utt,2/sw2839,2839,112,+,A,51,1,"-- until [ we can't, + we've ] just lost control [ of, + of ] any kind of perspective about what is acceptable and what is not acceptable, {D you know. } /","--/: until/IN we/PRP ca/MD n't/RB ,/, we/PRP 've/VBP just/RB lost/VBN control/NN of/IN ,/, of/IN any/DT kind/NN of/IN perspective/NN about/IN what/WP is/VBZ acceptable/JJ and/CC what/WP is/VBZ not/RB acceptable/JJ ,/, you/PRP know/VBP ./.",,,223.22,230.33999999999997
sw09utt/sw_0971_2839.utt,2/sw2839,2839,113,sv,B,52,1,"{D Well, } it's so much money  /","Well/UH ,/, it/PRP 's/BES so/RB much/JJ money/NN",,,230.59,231.47
sw09utt/sw_0971_2839.utt,2/sw2839,2839,114,sv,B,52,2,"{C and } you can't even add it up, {D you know, } /","and/CC you/PRP ca/MD n't/RB even/RB add/VB it/PRP up/RP ,/, you/PRP know/VBP ,/,",,,231.47,232.75
sw09utt/sw_0971_2839.utt,2/sw2839,2839,115,aa,A,53,1,"# No,  /","No/UH ,/,",,,232.86,233.10000000000002
sw09utt/sw_0971_2839.utt,2/sw2839,2839,116,sv,A,53,2,"you [ can't even, + #","you/PRP ca/MD n't/RB even/RB ,/,",,,233.1,233.66
sw09utt/sw_0971_2839.utt,2/sw2839,2839,117,sv,B,54,1,"# that's why they #  think, -/","that/DT 's/BES why/WRB they/PRP think/VBP ,/,",,,233.55,233.81
sw09utt/sw_0971_2839.utt,2/sw2839,2839,118,+,A,55,1,can't even ] conceive of what they're talking about. /,ca/MD n't/RB even/RB conceive/VB of/IN what/WP they/PRP 're/VBP talking/VBG about/IN ./.,,,233.92,235.85999999999999
sw09utt/sw_0971_2839.utt,2/sw2839,2839,119,aa,B,56,1,"Yeah,  /","Yeah/UH ,/,",,,235.78,236.06
sw09utt/sw_0971_2839.utt,2/sw2839,2839,120,sv,B,56,2,when you talk about the trillions of dollars --,when/WRB you/PRP talk/VBP about/IN the/DT trillions/NNS of/IN dollars/NNS --/:,,,236.06,238.0
sw09utt/sw_0971_2839.utt,2/sw2839,2839,121,b,A,57,1,Yeah. /,Yeah/UH ./.,,,238.12,238.32
sw09utt/sw_0971_2839.utt,2/sw2839,2839,122,+,B,58,1,-- on this and that.  /,--/: on/IN this/DT and/CC that/DT ./.,,,238.2,238.7
sw09utt/sw_0971_2839.utt,2/sw2839,2839,123,sd,B,58,2,Our # national #  --,Our/PRP$ national/JJ --/:,,,0.0,0.0
sw09utt/sw_0971_2839.utt,2/sw2839,2839,124,b,A,59,1,# Yeah. # /,Yeah/UH ./.,,,238.96,239.26000000000002
sw09utt/sw_0971_2839.utt,2/sw2839,2839,125,+,B,60,1,"-- debt in the trillions of dollars, {D you know. } /","--/: debt/NN in/IN the/DT trillions/NNS of/IN dollars/NNS ,/, you/PRP know/VBP ./.",,,239.14,240.84
sw09utt/sw_0971_2839.utt,2/sw2839,2839,126,%,A,61,1,"{E I mean } [ it jus-, + [ {C and, } + {C and } ] you just, ] - /","I/PRP mean/VBP it/PRP jus-/RB ,/, and/CC ,/, and/CC you/PRP just/RB ,/,",,,240.96,242.57999999999998
sw09utt/sw_0971_2839.utt,2/sw2839,2839,127,sv,A,61,2,"the other thing is, [ it's, + it's ] all very well to give money to help [ people, + other people, ]  /","the/DT other/JJ thing/NN is/VBZ ,/, it/PRP 's/BES ,/, it/PRP 's/BES all/DT very/RB well/RB to/TO give/VB money/NN to/TO help/VB people/NNS ,/, other/JJ people/NNS ,/,",,,243.76,248.54
sw09utt/sw_0971_2839.utt,2/sw2839,2839,128,sv,A,61,3,{C and } I think we need to do that.  /,and/CC I/PRP think/VBP we/PRP need/VBP to/TO do/VB that/DT ./.,,,248.54,249.94
sw09utt/sw_0971_2839.utt,2/sw2839,2839,129,sv,A,61,4,"{C But } [ there are, + they need ] to put more limits on them.  /","But/CC there/EX are/VBP ,/, they/PRP need/VBP to/TO put/VB more/JJR limits/NNS on/IN them/PRP ./.",,,250.52,252.88
sw09utt/sw_0971_2839.utt,2/sw2839,2839,130,sv,A,61,5,They need to # restrain #  --,They/PRP need/VBP to/TO restrain/VB --/:,,,252.88,253.32
sw09utt/sw_0971_2839.utt,2/sw2839,2839,131,^2,B,62,1,"# Foreign #  aid,  /","Foreign/JJ aid/NN ,/,",,,253.2,253.8
sw09utt/sw_0971_2839.utt,2/sw2839,2839,132,%,B,62,2,yeah. /,yeah/UH ./.,,,253.84,254.1
sw09utt/sw_0971_2839.utt,2/sw2839,2839,133,+,A,63,1,-- about what they do. /,--/: about/IN what/WP they/PRP do/VBP ./.,,,254.22,255.04
sw09utt/sw_0971_2839.utt,2/sw2839,2839,134,sv,B,64,1,Foreign aid means to go down to almost zero unless it's absolutely --,Foreign/JJ aid/NN means/VBZ to/TO go/VB down/RB to/IN almost/RB zero/CD unless/IN it/PRP 's/BES absolutely/RB --/:,,,255.22,258.64
sw09utt/sw_0971_2839.utt,2/sw2839,2839,135,b,A,65,1,Yeah <<very faintly>>. /,Yeah/UH ./.,,,258.76,258.84
sw09utt/sw_0971_2839.utt,2/sw2839,2839,136,+,B,66,1,-- necessary.  /,--/: necessary/JJ ./.,,,258.72,259.26000000000005
sw09utt/sw_0971_2839.utt,2/sw2839,2839,137,sv,B,66,2,"# [ They, + they've ] given that away for fifty years. # /","They/PRP ,/, they/PRP 've/VBP given/VBN that/DT away/RP for/IN fifty/CD years/NNS ./.",,,0.0,0.0
sw09utt/sw_0971_2839.utt,2/sw2839,2839,138,sv,A,67,1,"# [ [ I, + I, ] + {D you know, } I ] think that's probably, # [ un-, + unless ] we can afford it, - /","I/PRP ,/, I/PRP ,/, you/PRP know/VBP ,/, I/PRP think/VBP that/DT 's/BES probably/RB ,/, un-/IN ,/, unless/IN we/PRP can/MD afford/VB it/PRP ,/,",,,259.38,263.22
sw09utt/sw_0971_2839.utt,2/sw2839,2839,139,sv,A,67,2,if we pay off the debts then we can give it to people again. /,if/IN we/PRP pay/VBP off/RP the/DT debts/NNS then/RB we/PRP can/MD give/VB it/PRP to/IN people/NNS again/RB ./.,,,263.22,266.32
sw09utt/sw_0971_2839.utt,2/sw2839,2839,140,aa,B,68,1,"I agree,  /","I/PRP agree/VBP ,/,",,,266.26,266.71999999999997
sw09utt/sw_0971_2839.utt,2/sw2839,2839,141,aa^r,B,68,2,I agree. /,I/PRP agree/VBP ./.,,,266.86,267.1
sw09utt/sw_0971_2839.utt,2/sw2839,2839,142,sd,A,69,1,"{D You know, } I don't really mind helping people,  /","You/PRP know/VBP ,/, I/PRP do/VBP n't/RB really/RB mind/VB helping/VBG people/NNS ,/,",,,267.22,269.71999999999997
sw09utt/sw_0971_2839.utt,2/sw2839,2839,143,sv,A,69,2,"{C but } [ you, + you ] need to get rid of this thing [ that's, + that's ] just, {F uh, } eating us up --","but/CC you/PRP ,/, you/PRP need/VBP to/TO get/VB rid/VBN of/IN this/DT thing/NN that/DT 's/BES ,/, that/DT 's/BES just/RB ,/, uh/UH ,/, eating/VBG us/PRP up/RP --/:",,,269.72,274.93
sw09utt/sw_0971_2839.utt,2/sw2839,2839,144,b,B,70,1,Uh-huh. /,Uh-huh/UH ./.,,,274.82,275.08
sw09utt/sw_0971_2839.utt,2/sw2839,2839,145,+,A,71,1,"-- {D you know, } and get things [ on a, + on an ] even, - /","--/: you/PRP know/VBP ,/, and/CC get/VB things/NNS on/IN a/DT ,/, on/IN an/DT even/JJ ,/,",,,275.83,278.77000000000004
sw09utt/sw_0971_2839.utt,2/sw2839,2839,146,sv,A,71,2,"[ if it were, + if it were ] a family, we'd be up before [ the, + the ] magistrate <laughter>  --","if/IN it/PRP were/VBD ,/, if/IN it/PRP were/VBD a/DT family/NN ,/, we/PRP 'd/MD be/VB up/IN before/IN the/DT ,/, the/DT magistrate/NN --/:",,,279.09,284.39
sw09utt/sw_0971_2839.utt,2/sw2839,2839,147,b,B,72,1,Right. /,Right/UH ./.,,,285.2,285.56
sw09utt/sw_0971_2839.utt,2/sw2839,2839,148,+,A,73,1,"-- [ for, + for ] doing all these wicked things, {D you know, }  /","--/: for/IN ,/, for/IN doing/VBG all/PDT these/DT wicked/JJ things/NNS ,/, you/PRP know/VBP ,/,",,,285.81,288.47
sw09utt/sw_0971_2839.utt,2/sw2839,2839,149,sv,A,73,2,"{C but } the government does it,  /","but/CC the/DT government/NN does/VBZ it/PRP ,/,",,,288.47,289.55
sw09utt/sw_0971_2839.utt,2/sw2839,2839,150,sv,A,73,3,{C and } it's all right. /,and/CC it/PRP 's/BES all/RB right/JJ ./.,,,289.55,290.53
sw09utt/sw_0971_2839.utt,2/sw2839,2839,151,aa,B,74,1,"Yeah,  /","Yeah/UH ,/,",,,290.72,290.92
sw09utt/sw_0971_2839.utt,2/sw2839,2839,152,sv,B,74,2,"[ I, + I ] know we're taxed to death on [ every, + every ] thing.  /","I/PRP ,/, I/PRP know/VBP we/PRP 're/VBP taxed/VBN to/IN death/NN on/IN every/DT ,/, every/DT thing/NN ./.",,,290.92,293.14
sw09utt/sw_0971_2839.utt,2/sw2839,2839,153,sd,B,74,3,"I don't know what's the best way to do it,  /","I/PRP do/VBP n't/RB know/VB what/WP 's/BES the/DT best/JJS way/NN to/TO do/VB it/PRP ,/,",,,293.14,294.7
sw09utt/sw_0971_2839.utt,2/sw2839,2839,154,sv,B,74,4,"{C but, } {F uh, } they don't even talk about that.  /","but/CC ,/, uh/UH ,/, they/PRP do/VBP n't/RB even/RB talk/VB about/IN that/DT ./.",,,294.7,296.96
sw09utt/sw_0971_2839.utt,2/sw2839,2839,155,sv,B,74,5,They just raise it.  /,They/PRP just/RB raise/VBP it/PRP ./.,,,296.96,297.64
sw09utt/sw_0971_2839.utt,2/sw2839,2839,156,sv,B,74,6,"They don't even consider it, # like you saying #  --","They/PRP do/VBP n't/RB even/RB consider/VB it/PRP ,/, like/IN you/PRP saying/VBG --/:",,,297.66,299.64
sw09utt/sw_0971_2839.utt,2/sw2839,2839,157,aa,A,75,1,"# Yeah,  /","Yeah/UH ,/,",,,0.0,0.0
sw09utt/sw_0971_2839.utt,2/sw2839,2839,158,aa,A,75,2,that's true. # /,that/DT 's/BES true/JJ ./.,,,0.0,0.0
sw09utt/sw_0971_2839.utt,2/sw2839,2839,159,+,B,76,1,"-- to cut something back, {D you know. } /","--/: to/TO cut/VB something/NN back/RP ,/, you/PRP know/VBP ./.",,,299.64,300.98
sw09utt/sw_0971_2839.utt,2/sw2839,2839,160,%,A,77,1,"<Lipsmack>  {D Well, } sounds like. -/","Well/UH ,/, sounds/VBZ like/IN ./.",,,301.83,302.63
sw09utt/sw_0971_2839.utt,2/sw2839,2839,161,sv,B,78,1,"They are at least doing something now, with [ the, + the ] military, {D you know, }  /","They/PRP are/VBP at/IN least/JJS doing/VBG something/NN now/RB ,/, with/IN the/DT ,/, the/DT military/NN ,/, you/PRP know/VBP ,/,",,,302.52,306.78000000000003
sw09utt/sw_0971_2839.utt,2/sw2839,2839,162,sd,B,78,2,"they're cutting some of that,  /","they/PRP 're/VBP cutting/VBG some/DT of/IN that/DT ,/,",,,306.78,307.53999999999996
sw09utt/sw_0971_2839.utt,2/sw2839,2839,163,sv,B,78,3,"{C but } of course, {D now, } you know T I,  /","but/CC of/IN course/NN ,/, now/UH ,/, you/PRP know/VBP T/NNP I/NNP ,/,",,,307.54,308.64000000000004
sw09utt/sw_0971_2839.utt,2/sw2839,2839,164,sv,B,78,4,"you know # that's hurting us [ {C but } + although, ] # -/","you/PRP know/VBP that/DT 's/BES hurting/VBG us/PRP but/CC although/IN ,/,",,,308.64,308.94
sw09utt/sw_0971_2839.utt,2/sw2839,2839,165,aa,A,79,1,"# Yeah,  /","Yeah/UH ,/,",,,309.05,309.41
sw09utt/sw_0971_2839.utt,2/sw2839,2839,166,sv,A,79,2,it's good to see them #  doing some things there anyway. /,it/PRP 's/BES good/JJ to/TO see/VB them/PRP doing/VBG some/DT things/NNS there/RB anyway/RB ./.,,,309.41,311.72999999999996
sw09utt/sw_0971_2839.utt,2/sw2839,2839,167,sv,B,80,1,{C But } T I has gotten a lot of good contracts from the war and everything else.  /,But/CC T/NNP I/NNP has/VBZ gotten/VBN a/DT lot/NN of/IN good/JJ contracts/NNS from/IN the/DT war/NN and/CC everything/NN else/RB ./.,,,311.86,315.08
sw09utt/sw_0971_2839.utt,2/sw2839,2839,168,sv,B,80,2,"And if they'll get a lot of programs in the future because of their exotic, {F uh } --","And/CC if/IN they/PRP 'll/MD get/VB a/DT lot/NN of/IN programs/NNS in/IN the/DT future/NN because/IN of/IN their/PRP$ exotic/JJ ,/, uh/UH --/:",,,315.08,318.6
sw09utt/sw_0971_2839.utt,2/sw2839,2839,169,b,A,81,1,Yeah. /,Yeah/UH ./.,,,318.85,319.07000000000005
sw09utt/sw_0971_2839.utt,2/sw2839,2839,170,+,B,82,1,-- weapon systems.  /,--/: weapon/NN systems/NNS ./.,,,319.18,319.86
sw09utt/sw_0971_2839.utt,2/sw2839,2839,171,sd,B,82,2,"{C But, } {F uh, } that's the only good that I've seen Congress do, {D you know, } and everybody --","But/CC ,/, uh/UH ,/, that/DT 's/BES the/DT only/RB good/JJ that/WDT I/PRP 've/VBP seen/VBN Congress/NNP do/VB ,/, you/PRP know/VBP ,/, and/CC everybody/NN --/:",,,319.86,324.41999999999996
sw09utt/sw_0971_2839.utt,2/sw2839,2839,172,%,A,83,1,{D Well. } -/,Well/UH ./.,,,324.73,324.85
sw09utt/sw_0971_2839.utt,2/sw2839,2839,173,+,B,84,1,"-- and all the Congressmen and the President and everybody, # {F uh, } # /","--/: and/CC all/PDT the/DT Congressmen/NNS and/CC the/DT President/NNP and/CC everybody/NN ,/, uh/UH ,/,",,,324.74,326.41999999999996
sw09utt/sw_0971_2839.utt,2/sw2839,2839,174,sv,A,85,1,"# I think #  we have to accept the fact that whatever happens, we're going to have to bite the bullet.  /","I/PRP think/VBP we/PRP have/VBP to/TO accept/VB the/DT fact/NN that/IN whatever/WP happens/VBZ ,/, we/PRP 're/VBP going/VBG to/TO have/VB to/TO bite/VB the/DT bullet/NN ./.",,,326.99,331.45
sw09utt/sw_0971_2839.utt,2/sw2839,2839,175,sv,A,85,2,{C And } we're all going to have to do it.  /,And/CC we/PRP 're/VBP all/DT going/VBG to/TO have/VB to/TO do/VB it/PRP ./.,,,331.63,332.93
sw09utt/sw_0971_2839.utt,2/sw2839,2839,176,sv,A,85,3,"[ I, + it ] just isn't fair, though, that when this happens in some places, it needs to all come off everywhere. /","I/PRP ,/, it/PRP just/RB is/VBZ n't/RB fair/JJ ,/, though/RB ,/, that/IN when/WRB this/DT happens/VBZ in/IN some/DT places/NNS ,/, it/PRP needs/VBZ to/TO all/DT come/VB off/RB everywhere/RB ./.",,,333.27,338.11
sw09utt/sw_0971_2839.utt,2/sw2839,2839,177,aa,B,86,1,"Yeah,  /","Yeah/UH ,/,",,,338.21,338.57
sw09utt/sw_0971_2839.utt,2/sw2839,2839,178,aa^r,B,86,2,yeah. /,yeah/UH ./.,,,338.81,339.09
sw09utt/sw_0971_2839.utt,2/sw2839,2839,179,sd,A,87,1,"That's why I thought, {D well, } {D you know, } this is the time.  /","That/DT 's/BES why/WRB I/PRP thought/VBD ,/, well/UH ,/, you/PRP know/VBP ,/, this/DT is/VBZ the/DT time/NN ./.",,,339.21,341.79
sw09utt/sw_0971_2839.utt,2/sw2839,2839,180,sv,A,87,2,"They need to put that [ into act-, + into action ] and show they mean business.  That [ they've got to cut, + they've got to cut ] costs. /","They/PRP need/VBP to/TO put/VB that/DT into/IN act-/NN ,/, into/IN action/NN and/CC show/VB they/PRP mean/VBP business/NN ./. That/IN they/PRP 've/VBP got/VBN to/TO cut/VB ,/, they/PRP 've/VBP got/VBN to/TO cut/VB costs/NNS ./.",,,341.79,348.41
sw09utt/sw_0971_2839.utt,2/sw2839,2839,181,aa,B,88,1,Yeah.  /,Yeah/UH ./.,,,348.29,348.59000000000003
sw09utt/sw_0971_2839.utt,2/sw2839,2839,182,sv,B,88,2,"The only taxes I think that are well spent, - /","The/DT only/JJ taxes/NNS I/PRP think/VBP that/WDT are/VBP well/RB spent/VBN ,/,",,,348.73,350.55
sw09utt/sw_0971_2839.utt,2/sw2839,2839,183,%,B,88,3,"{D well } not the only, but,  {F uh, } - /","well/UH not/RB the/DT only/JJ ,/, but/CC ,/, uh/UH ,/,",,,350.55,351.59
sw09utt/sw_0971_2839.utt,2/sw2839,2839,184,sd,B,88,4,"[ [ I think the, + {D now } I, ] + I don't understand the ] present school thing,  /","I/PRP think/VBP the/DT ,/, now/UH I/PRP ,/, I/PRP do/VBP n't/RB understand/VB the/DT present/JJ school/NN thing/NN ,/,",,,352.59,355.73
sw09utt/sw_0971_2839.utt,2/sw2839,2839,185,sd,B,88,5,"{C but, } {F uh, } I have two daughters,  /","but/CC ,/, uh/UH ,/, I/PRP have/VBP two/CD daughters/NNS ,/,",,,355.73,357.67
sw09utt/sw_0971_2839.utt,2/sw2839,2839,186,sd,B,88,6,"one's in college already,  /","one/CD 's/BES in/IN college/NN already/RB ,/,",,,357.67,358.57
sw09utt/sw_0971_2839.utt,2/sw2839,2839,187,sd,B,88,7,{C and } one's about to be in high school.  /,and/CC one/CD 's/BES about/RB to/TO be/VB in/IN high/JJ school/NN ./.,,,358.57,360.77
sw09utt/sw_0971_2839.utt,2/sw2839,2839,188,sv,B,88,8,"{C But } {F uh, } I think that paying for [ [ school, + <noise>  schools is the, ] + schools is the ] only answer really to get rid of crime.  /","But/CC uh/UH ,/, I/PRP think/VBP that/IN paying/VBG for/IN school/NN ,/, schools/NNS is/VBZ the/DT ,/, schools/NNS is/VBZ the/DT only/JJ answer/NN really/RB to/TO get/VB rid/VBN of/IN crime/NN ./.",,,360.87,367.03000000000003
sw09utt/sw_0971_2839.utt,2/sw2839,2839,189,sd,B,88,9,{C And so } I don't mind paying for school --,And/CC so/RB I/PRP do/VBP n't/RB mind/VB paying/VBG for/IN school/NN --/:,,,367.03,368.22999999999996
sw09utt/sw_0971_2839.utt,2/sw2839,2839,190,aa,A,89,1,"# Yeah,  /","Yeah/UH ,/,",,,368.43,368.83
sw09utt/sw_0971_2839.utt,2/sw2839,2839,191,aa,A,89,2,I think that's right. # /,I/PRP think/VBP that/DT 's/BES right/JJ ./.,,,369.07,369.87
sw09utt/sw_0971_2839.utt,2/sw2839,2839,192,+,B,90,1,"-- # taxes even though my kids will be out of it, # {D you know. } /","--/: taxes/NNS even/RB though/IN my/PRP$ kids/NNS will/MD be/VB out/IN of/IN it/PRP ,/, you/PRP know/VBP ./.",,,369.75,370.23
sw09utt/sw_0971_2839.utt,2/sw2839,2839,193,sd,A,91,1,"<Breathing>  {D Well, } [ I don't, + I don't ] really mind paying taxes [ for, + for ] positive things that are helps, like roads and --","Well/UH ,/, I/PRP do/VBP n't/RB ,/, I/PRP do/VBP n't/RB really/RB mind/VB paying/VBG taxes/NNS for/IN ,/, for/IN positive/JJ things/NNS that/WDT are/VBP helps/NNS ,/, like/IN roads/NNS and/CC --/:",,,371.11,380.33
sw09utt/sw_0971_2839.utt,2/sw2839,2839,194,b,B,92,1,Yeah. /,Yeah/UH ./.,,,380.39,380.66999999999996
sw09utt/sw_0971_2839.utt,2/sw2839,2839,195,+,A,93,1,"-- making sure that, {F uh, } that water is safe, and some of these things.  /","--/: making/VBG sure/JJ that/IN ,/, uh/UH ,/, that/DT water/NN is/VBZ safe/JJ ,/, and/CC some/DT of/IN these/DT things/NNS ./.",,,380.79,385.65000000000003
sw09utt/sw_0971_2839.utt,2/sw2839,2839,196,sv,A,93,2,"{C But, } {F um, } {D you know, } [ it, + you ] just feel like it's out of control.  /","But/CC ,/, um/UH ,/, you/PRP know/VBP ,/, it/PRP ,/, you/PRP just/RB feel/VBP like/IN it/PRP 's/BES out/IN of/IN control/NN ./.",,,386.13,392.49
sw09utt/sw_0971_2839.utt,2/sw2839,2839,197,sv,A,93,3,You feel # like # --,You/PRP feel/VBP like/IN --/:,,,392.49,393.17
sw09utt/sw_0971_2839.utt,2/sw2839,2839,198,b,B,94,1,# Yeah. # /,Yeah/UH ./.,,,0.0,0.0
sw09utt/sw_0971_2839.utt,2/sw2839,2839,199,+,A,95,1,-- they do not # have control of it. # /,--/: they/PRP do/VBP not/RB have/VB control/NN of/IN it/PRP ./.,,,393.27,394.77
sw09utt/sw_0971_2839.utt,2/sw2839,2839,200,sv,B,96,1,# The spending is out of control. # /,The/DT spending/NN is/VBZ out/IN of/IN control/NN ./.,,,0.0,0.0
sw09utt/sw_0971_2839.utt,2/sw2839,2839,201,sv,A,97,1,"[ {C And } that, + {C and so } then it ] just aggravates you, {D you know, }  /","And/CC that/DT ,/, and/CC so/RB then/RB it/PRP just/RB aggravates/VBZ you/PRP ,/, you/PRP know/VBP ,/,",,,394.77,397.19
sw09utt/sw_0971_2839.utt,2/sw2839,2839,202,sv(^q),A,97,2,"you think, I could spend my money,  /","you/PRP think/VBP ,/, I/PRP could/MD spend/VB my/PRP$ money/NN ,/,",,,397.19,399.11
sw09utt/sw_0971_2839.utt,2/sw2839,2839,203,^q,A,97,3,I could help the poor people better by myself than they're doing. /,I/PRP could/MD help/VB the/DT poor/JJ people/NNS better/JJR by/IN myself/PRP than/IN they/PRP 're/VBP doing/VBG ./.,,,399.11,401.97
sw09utt/sw_0971_2839.utt,2/sw2839,2839,204,aa,B,98,1,"Yeah,  /","Yeah/UH ,/,",,,402.16,402.36
sw09utt/sw_0971_2839.utt,2/sw2839,2839,205,aa,B,98,2,"{F oh, } I agree with you. /","oh/UH ,/, I/PRP agree/VBP with/IN you/PRP ./.",,,402.36,403.04
sw09utt/sw_0971_2839.utt,2/sw2839,2839,206,%,A,99,1,"{C So } it's, -/","So/RB it/PRP 's/BES ,/,",,,403.37,403.87
sw09utt/sw_0971_2839.utt,2/sw2839,2839,207,sv,B,100,1,"[ I, + I ] think that's a wide open subject --","I/PRP ,/, I/PRP think/VBP that/DT 's/BES a/DT wide/RB open/JJ subject/NN --/:",,,403.74,405.40000000000003
sw09utt/sw_0971_2839.utt,2/sw2839,2839,208,b,A,101,1,Yeah. /,Yeah/UH ./.,,,405.53,405.78999999999996
sw09utt/sw_0971_2839.utt,2/sw2839,2839,209,+,B,102,1,-- what you said.  /,--/: what/WP you/PRP said/VBD ./.,,,405.66,406.12
sw09utt/sw_0971_2839.utt,2/sw2839,2839,210,sv,B,102,2,People need to take a stand.  /,People/NNS need/VBP to/TO take/VB a/DT stand/NN ./.,,,406.12,407.26
sw09utt/sw_0971_2839.utt,2/sw2839,2839,211,sv,B,102,3,"I think the people will here shortly, {F uh. } /","I/PRP think/VBP the/DT people/NNS will/MD here/RB shortly/RB ,/, uh/UH ./.",,,407.26,408.86
sw09utt/sw_0971_2839.utt,2/sw2839,2839,212,aa,A,103,1,"{D Well, } I think that's right.  /","Well/UH ,/, I/PRP think/VBP that/DT 's/BES right/JJ ./.",,,409.39,410.49
sw09utt/sw_0971_2839.utt,2/sw2839,2839,213,sv,A,103,2,"[ [ If they don't do, + if they don't, ] + if they don't ] pull it in and start doing something, I think they're really going to have to I think. /","If/IN they/PRP do/VBP n't/RB do/VB ,/, if/IN they/PRP do/VBP n't/RB ,/, if/IN they/PRP do/VBP n't/RB pull/VB it/PRP in/RB and/CC start/VB doing/VBG something/NN ,/, I/PRP think/VBP they/PRP 're/VBP really/RB going/VBG to/TO have/VB to/TO I/PRP think/VBP ./.",,,410.49,416.33000000000004
sw09utt/sw_0971_2839.utt,2/sw2839,2839,214,sv,B,104,1,"I think the next time we have an election we need to try to get some of the ones that have been there forever out, too, [ that, + what ] they did last election,  /","I/PRP think/VBP the/DT next/JJ time/NN we/PRP have/VBP an/DT election/NN we/PRP need/VBP to/TO try/VB to/TO get/VB some/DT of/IN the/DT ones/NNS that/WDT have/VBP been/VBN there/RB forever/RB out/RB ,/, too/RB ,/, that/DT ,/, what/WP they/PRP did/VBD last/JJ election/NN ,/,",,,416.58,422.62
sw09utt/sw_0971_2839.utt,2/sw2839,2839,215,sv,B,104,2,"{C and, } {F uh, } ninety some odd percent of the same old boys got back in, {D you know, }  /","and/CC ,/, uh/UH ,/, ninety/CD some/DT odd/JJ percent/NN of/IN the/DT same/JJ old/JJ boys/NNS got/VBD back/RB in/RB ,/, you/PRP know/VBP ,/,",,,422.62,426.84000000000003
sw09utt/sw_0971_2839.utt,2/sw2839,2839,216,sv,B,104,3,"{C so } we need to try to get people to two terms so they respect our wishes, {D you know. }  /","so/RB we/PRP need/VBP to/TO try/VB to/TO get/VB people/NNS to/IN two/CD terms/NNS so/RB they/PRP respect/VBP our/PRP$ wishes/NNS ,/, you/PRP know/VBP ./.",,,426.84,432.24
sw09utt/sw_0971_2839.utt,2/sw2839,2839,217,sv,B,104,4,They're supposed to represent us.  /,They/PRP 're/VBP supposed/VBN to/TO represent/VB us/PRP ./.,,,432.24,433.26000000000005
sw09utt/sw_0971_2839.utt,2/sw2839,2839,218,sv,B,104,5,That's what they're called -- /,That/DT 's/BES what/WP they/PRP 're/VBP called/VBN --/:,,,433.26,433.86
sw09utt/sw_0971_2839.utt,2/sw2839,2839,219,b,A,105,1,Yeah. /,Yeah/UH ./.,,,433.99,434.09000000000003
sw09utt/sw_0971_2839.utt,2/sw2839,2839,220,sv,B,106,1,-- {C but } they don't. /,--/: but/CC they/PRP do/VBP n't/RB ./.,,,433.96,434.46
sw09utt/sw_0971_2839.utt,2/sw2839,2839,221,b,A,107,1,Yeah <breathing>. /,Yeah/UH ./.,,,434.73,434.99
sw09utt/sw_0971_2839.utt,2/sw2839,2839,222,sv,B,108,1,"[ [ [ May, + may, ] + may, ] + maybe ] we can change and get us rid of some of those guys that are in there, guys and gals whatever they are. /","May/RB ,/, may/RB ,/, may/RB ,/, maybe/RB we/PRP can/MD change/VB and/CC get/VB us/PRP rid/VBN of/IN some/DT of/IN those/DT guys/NNS that/WDT are/VBP in/IN there/RB ,/, guys/NNS and/CC gals/NNS whatever/WP they/PRP are/VBP ./.",,,435.92,440.2
sw09utt/sw_0971_2839.utt,2/sw2839,2839,223,b,A,109,1,"Yeah,  /","Yeah/UH ,/,",,,441.49,441.81
sw09utt/sw_0971_2839.utt,2/sw2839,2839,224,sv,A,109,2,in some ways we're awful lucky I guess.  /,in/IN some/DT ways/NNS we/PRP 're/VBP awful/RB lucky/JJ I/PRP guess/VBP ./.,,,442.02,443.86
sw09utt/sw_0971_2839.utt,2/sw2839,2839,225,sd,A,109,3,"There [ a lot of, + lot of ]  places where it's worse than it is here.  /","There/EX a/DT lot/NN of/IN ,/, lot/NN of/IN places/NNS  where/WRB it/PRP 's/BES worse/JJR than/IN it/PRP is/VBZ here/RB ./.",,,443.86,446.21999999999997
sw09utt/sw_0971_2839.utt,2/sw2839,2839,226,sv,A,109,4,{C But } --,But/CC --/:,,,446.22,446.48
sw09utt/sw_0971_2839.utt,2/sw2839,2839,227,aa,B,110,1,"I know,  /","I/PRP know/VBP ,/,",,,446.66,447.0
sw09utt/sw_0971_2839.utt,2/sw2839,2839,228,%,B,110,2,{C but } it. -/,but/CC it/PRP ./.,,,447.0,447.12
sw09utt/sw_0971_2839.utt,2/sw2839,2839,229,+,A,111,1,"-- still, you don't want it to get that bad, # good heavens. # /","--/: still/RB ,/, you/PRP do/VBP n't/RB want/VB it/PRP to/TO get/VB that/RB bad/JJ ,/, good/JJ heavens/NNS ./.",,,447.24,449.6
sw09utt/sw_0971_2839.utt,2/sw2839,2839,230,aa,B,112,1,"# No,  /","No/UH ,/,",,,0.0,0.0
sw09utt/sw_0971_2839.utt,2/sw2839,2839,231,aa,B,112,2,"that's right,  /","that/DT 's/BES right/JJ ,/,",,,0.0,0.0
sw09utt/sw_0971_2839.utt,2/sw2839,2839,232,aa,B,112,3,"# you don't want to, /","you/PRP do/VBP n't/RB want/VB to/TO ,/,",,,449.48,450.14
sw09utt/sw_0971_2839.utt,2/sw2839,2839,233,aa,A,113,1,"# No, # /","No/UH ,/,",,,450.26,450.65999999999997
sw09utt/sw_0971_2839.utt,2/sw2839,2839,234,sv,B,114,1,# you # want it to stay as # good as it possibly can be. # /,you/PRP want/VBP it/PRP to/TO stay/VB as/RB good/JJ as/IN it/PRP possibly/RB can/MD be/VB ./.,,,450.54,452.46000000000004
sw09utt/sw_0971_2839.utt,2/sw2839,2839,235,sv,A,115,1,"# we need to [ get, + try ] to get hold #  of it [ and, + and ] have [ it be, + things be ] honest  /","we/PRP need/VBP to/TO get/VB ,/, try/VB to/TO get/VB hold/NN of/IN it/PRP and/CC ,/, and/CC have/VB it/PRP be/VB ,/, things/NNS be/VB honest/JJ",,,452.58,455.73999999999995
sw09utt/sw_0971_2839.utt,2/sw2839,2839,236,sd,A,115,2,"{C and, } I guess, in the fact I don't really mind paying taxes.  /","and/CC ,/, I/PRP guess/VBP ,/, in/IN the/DT fact/NN I/PRP do/VBP n't/RB really/RB mind/VB paying/VBG taxes/NNS ./.",,,455.74,459.08
sw09utt/sw_0971_2839.utt,2/sw2839,2839,237,sd,A,115,3,{C But } I would just like to know that they're not being foolishly spent.  That they're doing something that's positive [ for -- +,But/CC I/PRP would/MD just/RB like/VB to/TO know/VB that/IN they/PRP 're/VBP not/RB being/VBG foolishly/RB spent/VBN ./. That/DT they/PRP 're/VBP doing/VBG something/NN that/WDT 's/BES positive/JJ for/IN --/:,,,459.78,466.92
sw09utt/sw_0971_2839.utt,2/sw2839,2839,238,b,B,116,1,Right. /,Right/UH ./.,,,467.0,467.26
sw09utt/sw_0971_2839.utt,2/sw2839,2839,239,+,A,117,1,-- for ] somebody.  /,--/: for/IN somebody/NN ./.,,,467.38,468.18
sw09utt/sw_0971_2839.utt,2/sw2839,2839,240,sd,A,117,2,"[ I don't really feel like, + {F uh, } I don't really feel like ] I use taxes very much <laughter>.  /","I/PRP do/VBP n't/RB really/RB feel/VB like/IN ,/, uh/UH ,/, I/PRP do/VBP n't/RB really/RB feel/VB like/IN I/PRP use/VBP taxes/NNS very/RB much/RB ./.",,,469.36,475.32
sw09utt/sw_0971_2839.utt,2/sw2839,2839,241,h,A,117,3,I don't know  /,I/PRP do/VBP n't/RB know/VB,,,475.32,475.76
sw09utt/sw_0971_2839.utt,2/sw2839,2839,242,sd,A,117,4,maybe --,maybe/RB --/:,,,475.76,476.06
sw09utt/sw_0971_2839.utt,2/sw2839,2839,243,aa,B,118,1,"# Yeah,  /","Yeah/UH ,/,",,,0.0,0.0
sw09utt/sw_0971_2839.utt,2/sw2839,2839,244,aa,B,118,2,"[ that's, + you're ] right. # /","that/DT 's/BES ,/, you/PRP 're/VBP right/JJ ./.",,,0.0,0.0
sw09utt/sw_0971_2839.utt,2/sw2839,2839,245,+,A,119,1,"-- # I do more than I, - /","--/: I/PRP do/VBP more/RBR than/IN I/PRP ,/,",,,476.06,476.92
sw09utt/sw_0971_2839.utt,2/sw2839,2839,246,sd,A,119,2,# I guess I do.  /,I/PRP guess/VBP I/PRP do/VBP ./.,,,477.28,478.02
sw09utt/sw_0971_2839.utt,2/sw2839,2839,247,sd,A,119,3,"I use them [ in the, + in ] roads and lot of things,  /","I/PRP use/VBP them/PRP in/IN the/DT ,/, in/IN roads/NNS and/CC lot/NN of/IN things/NNS ,/,",,,478.02,480.62
sw09utt/sw_0971_2839.utt,2/sw2839,2839,248,%,A,119,4,"{C but, } {F uh. } -/","but/CC ,/, uh/UH ./.",,,480.72,480.98
sw09utt/sw_0971_2839.utt,2/sw2839,2839,249,sv,B,120,1,"{D Well } I think one of the good ones in the metroplex, {F uh, } in the last say twenty-five years or so, maybe longer, they've built all these dams.  /","Well/UH I/PRP think/VBP one/CD of/IN the/DT good/JJ ones/NNS in/IN the/DT metroplex/NN ,/, uh/UH ,/, in/IN the/DT last/JJ say/VB twenty-five/CD years/NNS or/CC so/RB ,/, maybe/RB longer/RB ,/, they/PRP 've/VBP built/VBN all/PDT these/DT dams/NNS ./.",,,480.88,487.68
sw09utt/sw_0971_2839.utt,2/sw2839,2839,250,sd,B,120,2,"{D You know, } the Corps of Engineers [ have, + {F uh, } soon as they finish a lake, they'll ] [ go at, + get ] another one.  /","You/PRP know/VBP ,/, the/DT Corps/NNP of/IN Engineers/NNPS have/VBP ,/, uh/UH ,/, soon/RB as/IN they/PRP finish/VBP a/DT lake/NN ,/, they/PRP 'll/MD go/VB at/IN ,/, get/VB another/DT one/CD ./.",,,487.68,492.78000000000003
sw09utt/sw_0971_2839.utt,2/sw2839,2839,251,sd,B,120,3,"{C And } [ that we haven't had, + we've had ] droughts here in long summers -- /","And/CC that/IN we/PRP have/VBP n't/RB had/VBN ,/, we/PRP 've/VBP had/VBN droughts/NNS here/RB in/IN long/JJ summers/NNS --/:",,,492.78,495.92
sw09utt/sw_0971_2839.utt,2/sw2839,2839,252,b,A,121,1,Yeah. /,Yeah/UH ./.,,,496.32,496.58
sw09utt/sw_0971_2839.utt,2/sw2839,2839,253,sv,B,122,1,"-- we've had good water supply,  /","--/: we/PRP 've/VBP had/VBN good/JJ water/NN supply/NN ,/,",,,496.51,497.63
sw09utt/sw_0971_2839.utt,2/sw2839,2839,254,sd,B,122,2,"{C and } that's due to the Corps of Engineers [ building, + looking years ahead and building ] all these # reservoirs for us, {D you know. } # /","and/CC that/DT 's/BES due/IN to/IN the/DT Corps/NNP of/IN Engineers/NNPS building/VBG ,/, looking/VBG years/NNS ahead/RB and/CC building/VBG all/PDT these/DT reservoirs/NNS for/IN us/PRP ,/, you/PRP know/VBP ./.",,,497.63,502.25
sw09utt/sw_0971_2839.utt,2/sw2839,2839,255,aa,A,123,1,"# Yeah,  /","Yeah/UH ,/,",,,502.38,502.7
sw09utt/sw_0971_2839.utt,2/sw2839,2839,256,aa,A,123,2,they've done some good # things.  /,they/PRP 've/VBP done/VBN some/DT good/JJ things/NNS ./.,,,502.94,504.12
sw09utt/sw_0971_2839.utt,2/sw2839,2839,257,sv,A,123,3,"The state actually did some [ good, + good ] work [ on that, + in that ] a couple of years ago. /","The/DT state/NN actually/RB did/VBD some/DT good/JJ ,/, good/JJ work/NN on/IN that/DT ,/, in/IN that/DT a/DT couple/NN of/IN years/NNS ago/RB ./.",,,504.12,508.90000000000003
sw09utt/sw_0971_2839.utt,2/sw2839,2839,258,b,B,124,1,Yeah. /,Yeah/UH ./.,,,509.09,509.40999999999997
sw09utt/sw_0971_2839.utt,2/sw2839,2839,259,sd,A,125,1,"{F Uh, } Sam Johnson came out and talked to us [ about that -- +","Uh/UH ,/, Sam/NNP Johnson/NNP came/VBD out/RB and/CC talked/VBD to/IN us/PRP about/IN that/DT --/:",,,509.54,512.1
sw09utt/sw_0971_2839.utt,2/sw2839,2839,260,b,B,126,1,# Yeah. # /,Yeah/UH ./.,,,0.0,0.0
sw09utt/sw_0971_2839.utt,2/sw2839,2839,261,+,A,127,1,-- # about #  what ] they had done.  /,--/: about/IN what/WP they/PRP had/VBD done/VBN ./.,,,512.35,513.33
sw09utt/sw_0971_2839.utt,2/sw2839,2839,262,sv,A,127,2,"{C And } [ they, + they ] really had done [ some good, + some good ] work. /","And/CC they/PRP ,/, they/PRP really/RB had/VBD done/VBN some/DT good/JJ ,/, some/DT good/JJ work/NN ./.",,,513.33,516.5300000000001
sw09utt/sw_0971_2839.utt,2/sw2839,2839,263,aa,B,128,1,"Yeah,  /","Yeah/UH ,/,",,,516.93,517.0699999999999
sw09utt/sw_0971_2839.utt,2/sw2839,2839,264,sv,B,128,2,I think anything for water supply like # that. # /,I/PRP think/VBP anything/NN for/IN water/NN supply/NN like/IN that/DT ./.,,,517.07,519.83
sw09utt/sw_0971_2839.utt,2/sw2839,2839,265,b,A,129,1,# Yeah. # /,Yeah/UH ./.,,,0.0,0.0
sw09utt/sw_0971_2839.utt,2/sw2839,2839,266,sv,B,130,1,California should do more of that too. /,California/NNP should/MD do/VB more/JJR of/IN that/DT too/RB ./.,,,519.95,521.27
sw09utt/sw_0971_2839.utt,2/sw2839,2839,267,aa,A,131,1,"Yeah,  /","Yeah/UH ,/,",,,521.39,521.71
sw09utt/sw_0971_2839.utt,2/sw2839,2839,268,sv,A,131,2,"there are a lot of [ p-, + places ] where they're in real trouble,  /","there/EX are/VBP a/DT lot/NN of/IN p-/NNS ,/, places/NNS where/WRB they/PRP 're/VBP in/IN real/JJ trouble/NN ,/,",,,521.71,523.89
sw09utt/sw_0971_2839.utt,2/sw2839,2839,269,sv,A,131,3,[ {C and } -- +,and/CC --/:,,,523.89,524.03
sw09utt/sw_0971_2839.utt,2/sw2839,2839,270,b,B,132,1,Right. /,Right/UH ./.,,,524.15,524.39
sw09utt/sw_0971_2839.utt,2/sw2839,2839,271,+,A,133,1,"-- {C and } ] I think it would be easy enough to be in trouble here too, [ if they don't take, + if they don't take ] that early stand. /","--/: and/CC I/PRP think/VBP it/PRP would/MD be/VB easy/JJ enough/RB to/TO be/VB in/IN trouble/NN here/RB too/RB ,/, if/IN they/PRP do/VBP n't/RB take/VB ,/, if/IN they/PRP do/VBP n't/RB take/VB that/DT early/JJ stand/NN ./.",,,524.51,528.91
sw09utt/sw_0971_2839.utt,2/sw2839,2839,272,aa,B,134,1,Right.  /,Right/UH ./.,,,529.13,529.47
sw09utt/sw_0971_2839.utt,2/sw2839,2839,273,sd,B,134,2,"They just finished Joe Poole Lake over here,  /","They/PRP just/RB finished/VBD Joe/NNP Poole/NNP Lake/NNP over/IN here/RB ,/,",,,529.47,531.3900000000001
sw09utt/sw_0971_2839.utt,2/sw2839,2839,274,sv,B,134,3,{C and } they need to start another one.  /,and/CC they/PRP need/VBP to/TO start/VB another/DT one/CD ./.,,,531.39,533.03
sw09utt/sw_0971_2839.utt,2/sw2839,2839,275,sv,B,134,4,I think every time they finish one they ought to just have --,I/PRP think/VBP every/DT time/NN they/PRP finish/VBP one/CD they/PRP ought/MD to/TO just/RB have/VB --/:,,,533.03,534.85
sw09utt/sw_0971_2839.utt,2/sw2839,2839,276,b,A,135,1,# Yeah # -- /,Yeah/UH --/:,,,0.0,0.0
sw09utt/sw_0971_2839.utt,2/sw2839,2839,277,+,B,136,1,-- # another #  one in line.  /,--/: another/DT one/NN in/IN line/NN ./.,,,535.07,535.93
sw09utt/sw_0971_2839.utt,2/sw2839,2839,278,sv,B,136,2,# The water's critical. # /,The/DT water/NN 's/BES critical/JJ ./.,,,535.93,536.73
sw09utt/sw_0971_2839.utt,2/sw2839,2839,279,aa,A,137,1,-- # that's probably right.  /,--/: that/DT 's/BES probably/RB right/JJ ./.,,,0.0,0.0
sw09utt/sw_0971_2839.utt,2/sw2839,2839,280,sv,A,137,2,#  The growth is fast enough so that they can't afford to just dawdle and wait [ until something -- +,The/DT growth/NN is/VBZ fast/RB enough/RB so/IN that/IN they/PRP ca/MD n't/RB afford/VB to/TO just/RB dawdle/VB and/CC wait/VB until/IN something/NN --/:,,,537.39,542.15
sw09utt/sw_0971_2839.utt,2/sw2839,2839,281,b,B,138,1,Right. /,Right/UH ./.,,,542.03,542.3299999999999
sw09utt/sw_0971_2839.utt,2/sw2839,2839,282,+,A,139,1,-- til they need them. ]  /,--/: til/IN they/PRP need/VBP them/PRP ./.,,,542.45,543.03
sw09utt/sw_0971_2839.utt,2/sw2839,2839,283,fc,A,139,2,"{D Well, } it's good to talk to you. /","Well/UH ,/, it/PRP 's/BES good/JJ to/TO talk/VB to/IN you/PRP ./.",,,543.71,545.01
sw09utt/sw_0971_2839.utt,2/sw2839,2839,284,fc,B,140,1,"Okay,  /","Okay/UH ,/,",,,544.89,545.39
sw09utt/sw_0971_2839.utt,2/sw2839,2839,285,%,B,140,2,yeah.  /,yeah/UH ./.,,,545.39,545.47
sw09utt/sw_0971_2839.utt,2/sw2839,2839,286,fc^t,B,140,3,How many calls have you made? /,How/WRB many/JJ calls/NNS have/VBP you/PRP made/VBN ?/.,,,545.47,546.43
sw09utt/sw_0971_2839.utt,2/sw2839,2839,287,fc^t,A,141,1,"{F Oh, } about nine. /","Oh/UH ,/, about/RB nine/CD ./.",,,546.57,547.99
sw09utt/sw_0971_2839.utt,2/sw2839,2839,288,fc,B,142,1,"{F Oh } yeah,  /","Oh/UH yeah/UH ,/,",,,548.27,548.5699999999999
sw09utt/sw_0971_2839.utt,2/sw2839,2839,289,fc^t,B,142,2,I'm up to twenty.  /,I/PRP 'm/VBP up/IN to/IN twenty/CD ./.,,,548.57,549.4300000000001
sw09utt/sw_0971_2839.utt,2/sw2839,2839,290,fc,B,142,3,Are you a T I -er. /,Are/VBP you/PRP a/DT T/NNP I/NNP -er/NN ./.,,,549.43,550.15
sw09utt/sw_0971_2839.utt,2/sw2839,2839,291,fc,A,143,1,"No,  /","No/UH ,/,",,,550.69,551.0300000000001
sw09utt/sw_0971_2839.utt,2/sw2839,2839,292,fc,A,143,2,"[ I just, + just ] a housewife.  /","I/PRP just/RB ,/, just/RB a/DT housewife/NN ./.",,,551.03,552.5699999999999
sw09utt/sw_0971_2839.utt,2/sw2839,2839,293,fc^t,A,143,3,I just heard about it and # found it fun <Laughter>. # /,I/PRP just/RB heard/VBD about/IN it/PRP and/CC found/VBD it/PRP fun/JJ ./.,,,552.57,554.13
sw09utt/sw_0971_2839.utt,2/sw2839,2839,294,fc,B,144,1,"# {F Oh, } {D well, } great,  /","Oh/UH ,/, well/UH ,/, great/UH ,/,",,,554.48,554.6800000000001
sw09utt/sw_0971_2839.utt,2/sw2839,2839,295,fc^r,B,144,2,"# great,  /","great/UH ,/,",,,0.0,0.0
sw09utt/sw_0971_2839.utt,2/sw2839,2839,296,%,B,144,3,okay. /,okay/UH ./.,,,554.68,555.02
sw09utt/sw_0971_2839.utt,2/sw2839,2839,297,fc,A,145,1,"Guess I like to talk, that's all <laughter>. /","Guess/NNP I/PRP like/VBP to/TO talk/VB ,/, that/DT 's/BES all/DT ./.",,,555.29,556.99
sw09utt/sw_0971_2839.utt,2/sw2839,2839,298,fc,B,146,1,"<Laughter>  {D Well, } it's been some interesting subjects,  /","Well/UH ,/, it/PRP 's/HVS been/VBN some/DT interesting/JJ subjects/NNS ,/,",,,556.96,558.92
sw09utt/sw_0971_2839.utt,2/sw2839,2839,299,fc,B,146,2,yeah. /,yeah/UH ./.,,,558.92,559.06
sw09utt/sw_0971_2839.utt,2/sw2839,2839,300,fc,A,147,1,Right. /,Right/UH ./.,,,559.19,559.59
sw09utt/sw_0971_2839.utt,2/sw2839,2839,301,fc,B,148,1,Thanks for calling. /,Thanks/NNS for/IN calling/VBG ./.,,,559.52,560.46
sw09utt/sw_0971_2839.utt,2/sw2839,2839,302,fc,A,149,1,Uh-huh.  /,Uh-huh/UH ./.,,,560.63,560.91
sw09utt/sw_0971_2839.utt,2/sw2839,2839,303,fc,A,149,2,Bye now </TV>. /,Bye/UH now/UH ./.,,,560.91,561.3100000000001
sw09utt/sw_0971_2839.utt,2/sw2839,2839,304,fc,B,150,1,Bye-bye. /,Bye-bye/UH ./.,,,561.18,561.5
