swda_filename,ptb_basename,conversation_no,transcript_index,act_tag,caller,utterance_index,subutterance_index,text,pos,trees,ptb_treenumbers,start_ts,end_ts
sw07utt/sw_0752_2963.utt,2/sw2963,2963,0,qy,A,1,1,"<TV> [ Do you all, + do you ]  get together with family reunions  /","Do/VBP you/PRP all/DT ,/, do/VBP you/PRP get/VB together/RB with/IN family/NN reunions/NNS",,,0.02,4.08
sw07utt/sw_0752_2963.utt,2/sw2963,2963,1,%,A,1,2,"{C or, } -/","or/CC ,/,",,,4.08,4.2
sw07utt/sw_0752_2963.utt,2/sw2963,2963,2,ny,B,2,1,"Yes,  /","Yes/UH ,/,",,,4.54,4.78
sw07utt/sw_0752_2963.utt,2/sw2963,2963,3,sd^e,B,2,2,we try to.  /,we/PRP try/VBP to/TO ./.,,,4.88,5.74
sw07utt/sw_0752_2963.utt,2/sw2963,2963,4,sd,B,2,3,"{F Uh, } we have not in some years now.  /","Uh/UH ,/, we/PRP have/VBP not/RB in/IN some/RB years/NNS now/RB ./.",,,5.74,7.7
sw07utt/sw_0752_2963.utt,2/sw2963,2963,5,sd,B,2,4,{C And } I think we are going to try to have one this summer. /,And/CC I/PRP think/VBP we/PRP are/VBP going/VBG to/TO try/VB to/TO have/VB one/NN this/DT summer/NN ./.,,,7.7,9.5
sw07utt/sw_0752_2963.utt,2/sw2963,2963,6,sv,A,3,1,"{F Oh, } that will be fun --","Oh/UH ,/, that/DT will/MD be/VB fun/JJ --/:",,,10.04,10.92
sw07utt/sw_0752_2963.utt,2/sw2963,2963,7,sd,B,4,1,My aunt --,My/PRP$ aunt/NN --/:,,,10.98,11.44
sw07utt/sw_0752_2963.utt,2/sw2963,2963,8,+,A,5,1,-- if you have --,--/: if/IN you/PRP have/VBP --/:,,,11.38,11.6
sw07utt/sw_0752_2963.utt,2/sw2963,2963,9,+,B,6,1,-- is planning it. /,--/: is/VBZ planning/VBG it/PRP ./.,,,11.66,12.079999999999998
sw07utt/sw_0752_2963.utt,2/sw2963,2963,10,+,A,7,1,-- not done it in a while.  /,--/: not/RB done/VBN it/PRP in/IN a/DT while/NN ./.,,,12.02,13.58
sw07utt/sw_0752_2963.utt,2/sw2963,2963,11,qw,A,7,2,"{F Uh, } where is your family from? /","Uh/UH ,/, where/WRB is/VBZ your/PRP$ family/NN from/IN ?/.",,,13.6,15.040000000000001
sw07utt/sw_0752_2963.utt,2/sw2963,2963,12,sd,B,8,1,"{F Uh, } Missouri. /","Uh/UH ,/, Missouri/NNP ./.",,,15.4,15.74
sw07utt/sw_0752_2963.utt,2/sw2963,2963,13,b,A,9,1,Oh.  /,Oh/UH ./.,,,15.68,15.78
sw07utt/sw_0752_2963.utt,2/sw2963,2963,14,bh,A,9,2,Is it? /,Is/VBZ it/PRP ?/.,,,15.78,16.02
sw07utt/sw_0752_2963.utt,2/sw2963,2963,15,sd,B,10,1,Southwest part of Missouri. /,Southwest/JJ part/NN of/IN Missouri/NNP ./.,,,16.5,18.12
sw07utt/sw_0752_2963.utt,2/sw2963,2963,16,qy^d,A,11,1,{C So } you are going to have to go there? /,So/RB you/PRP are/VBP going/VBG to/TO have/VB to/TO go/VB there/RB ?/.,,,18.4,19.700000000000003
sw07utt/sw_0752_2963.utt,2/sw2963,2963,17,na,B,12,1,"That [ will, + will ] be where it is.  {F Uh, }","That/DT will/MD ,/, will/MD be/VB where/WRB it/PRP is/VBZ ./. Uh/UH ,/,",,,19.84,21.76
sw07utt/sw_0752_2963.utt,2/sw2963,2963,18,b,A,13,1,Yeah. /,Yeah/UH ./.,,,21.7,21.9
sw07utt/sw_0752_2963.utt,2/sw2963,2963,19,+,B,14,1,"[ if, + if ] she gets it planned.  /","if/IN ,/, if/IN she/PRP gets/VBZ it/PRP planned/VBN ./.",,,22.16,23.66
sw07utt/sw_0752_2963.utt,2/sw2963,2963,20,sd,B,14,2,"I have been out of town,  /","I/PRP have/VBP been/VBN out/IN of/IN town/NN ,/,",,,23.66,24.56
sw07utt/sw_0752_2963.utt,2/sw2963,2963,21,sd,B,14,3,{C so } I do not know what she has been doing.  /,so/RB I/PRP do/VBP not/RB know/VB what/WP she/PRP has/VBZ been/VBN doing/VBG ./.,,,24.6,26.3
sw07utt/sw_0752_2963.utt,2/sw2963,2963,22,sd,B,14,4,"{C But, } {F uh, } they are all  getting very, very old. /","But/CC ,/, uh/UH ,/, they/PRP are/VBP all/DT getting/VBG very/RB ,/, very/RB old/JJ ./.",,,26.3,29.16
sw07utt/sw_0752_2963.utt,2/sw2963,2963,23,b,A,15,1,Oh. /,Oh/UH ./.,,,29.68,29.9
sw07utt/sw_0752_2963.utt,2/sw2963,2963,24,sd,B,16,1,All my aunts and uncles.  /,All/DT my/PRP$ aunts/NNS and/CC uncles/NNS ./.,,,29.96,30.98
sw07utt/sw_0752_2963.utt,2/sw2963,2963,25,sd,B,16,2,{C So } we need to see them soon. /,So/RB we/PRP need/VBP to/TO see/VB them/PRP soon/RB ./.,,,31.0,33.5
sw07utt/sw_0752_2963.utt,2/sw2963,2963,26,b,A,17,1,Yeah. /,Yeah/UH ./.,,,33.44,33.72
sw07utt/sw_0752_2963.utt,2/sw2963,2963,27,%,B,18,1,"{C So, } -/","So/RB ,/,",,,34.3,34.4
sw07utt/sw_0752_2963.utt,2/sw2963,2963,28,sd,A,19,1,My family is from Kentucky.  /,My/PRP$ family/NN is/VBZ from/IN Kentucky/NNP ./.,,,34.34,35.879999999999995
sw07utt/sw_0752_2963.utt,2/sw2963,2963,29,sd,A,19,2,Most of them is down there. /,Most/JJS of/IN them/PRP is/VBZ down/IN there/RB ./.,,,35.88,37.199999999999996
sw07utt/sw_0752_2963.utt,2/sw2963,2963,30,b,B,20,1,Uh-huh. /,Uh-huh/UH ./.,,,37.42,37.64
sw07utt/sw_0752_2963.utt,2/sw2963,2963,31,sd,A,21,1,I have got an uncle in Louisiana and another sister here in Texas. /,I/PRP have/VBP got/VBN an/DT uncle/NN in/IN Louisiana/NNP and/CC another/DT sister/NN here/RB in/IN Texas/NNP ./.,,,37.58,41.62
sw07utt/sw_0752_2963.utt,2/sw2963,2963,32,b,B,22,1,Right.  /,Right/UH ./.,,,41.86,42.08
sw07utt/sw_0752_2963.utt,2/sw2963,2963,33,qy,B,22,2,Do you all get together often?  /,Do/VBP you/PRP all/DT get/VB together/RB often/RB ?/.,,,42.08,43.480000000000004
sw07utt/sw_0752_2963.utt,2/sw2963,2963,34,%,B,22,3,"{C Or, } -/","Or/CC ,/,",,,43.48,43.599999999999994
sw07utt/sw_0752_2963.utt,2/sw2963,2963,35,sd,A,23,1,We did when I was growing up.  /,We/PRP did/VBD when/WRB I/PRP was/VBD growing/VBG up/RP ./.,,,43.96,46.5
sw07utt/sw_0752_2963.utt,2/sw2963,2963,36,sd,A,23,2,It was every summer we got together. /,It/PRP was/VBD every/DT summer/NN we/PRP got/VBD together/RB ./.,,,46.5,48.36000000000001
sw07utt/sw_0752_2963.utt,2/sw2963,2963,37,b,B,24,1,Uh-huh. /,Uh-huh/UH ./.,,,48.52,48.620000000000005
sw07utt/sw_0752_2963.utt,2/sw2963,2963,38,sd,A,25,1,"{D Now, } my grandmother just passed away this last year. /","Now/RB ,/, my/PRP$ grandmother/NN just/RB passed/VBD away/RB this/DT last/JJ year/NN ./.",,,48.56,51.760000000000005
sw07utt/sw_0752_2963.utt,2/sw2963,2963,39,b,B,26,1,Right. /,Right/UH ./.,,,52.1,52.22
sw07utt/sw_0752_2963.utt,2/sw2963,2963,40,%,A,27,1,"{C So, } {D you know, } -/","So/RB ,/, you/PRP know/VBP ,/,",,,52.16,52.64
sw07utt/sw_0752_2963.utt,2/sw2963,2963,41,sd,B,28,1,I think as --,I/PRP think/VBP as/IN --/:,,,52.7,54.2
sw07utt/sw_0752_2963.utt,2/sw2963,2963,42,%,A,29,1,"she was th-, -/","she/PRP was/VBD th-/XX ,/,",,,54.14,54.36
sw07utt/sw_0752_2963.utt,2/sw2963,2963,43,+,B,30,1,"-- we get older, it is [ dif-, + more difficult ]  to, {F uh, }  when - /","--/: we/PRP get/VBP older/JJR ,/, it/PRP is/VBZ dif/JJ ,/, more/RBR difficult/JJ to/TO ,/, uh/UH ,/, when/WRB",,,54.42,57.88
sw07utt/sw_0752_2963.utt,2/sw2963,2963,44,sd,B,30,2,"all my aunts and  uncles are in their eighties now,  /","all/DT my/PRP$ aunts/NNS and/CC uncles/NNS are/VBP in/IN their/PRP$ eighties/NNS now/RB ,/,",,,57.88,60.04
sw07utt/sw_0752_2963.utt,2/sw2963,2963,45,%,B,30,3,"{C so } it is, {F uh, } -/","so/IN it/PRP is/VBZ ,/, uh/UH ,/,",,,60.08,60.68
sw07utt/sw_0752_2963.utt,2/sw2963,2963,46,b,A,31,1,Uh-huh. /,Uh-huh/UH ./.,,,60.62,60.739999999999995
sw07utt/sw_0752_2963.utt,2/sw2963,2963,47,sd,B,32,1,"[ I have to, + {F uh, }  I will probably have to ]  take charge and do it [ one of these, + {F uh, } one of these, ] {F uh, } days. /","I/PRP have/VBP to/TO ,/, uh/UH ,/, I/PRP will/MD probably/RB have/VB to/TO take/VB charge/NN and/CC do/VB it/PRP one/CD of/IN these/DT ,/, uh/UH ,/, one/CD of/IN these/DT ,/, uh/UH ,/, days/NNS ./.",,,62.06,68.47999999999999
sw07utt/sw_0752_2963.utt,2/sw2963,2963,48,b,A,33,1,Yeah. /,Yeah/UH ./.,,,68.76,69.18
sw07utt/sw_0752_2963.utt,2/sw2963,2963,49,sd,B,34,1,"{C But, } {F uh, }","But/CC ,/, uh/UH ,/,",,,69.88,70.04
sw07utt/sw_0752_2963.utt,2/sw2963,2963,50,sv,A,35,1,"{D Well } it,","Well/UH it/PRP ,/,",,,69.98,70.75999999999999
sw07utt/sw_0752_2963.utt,2/sw2963,2963,51,+,B,36,1,I still have elderly parents alive.  /,I/PRP still/RB have/VBP elderly/JJ parents/NNS alive/JJ ./.,,,70.82,72.56
sw07utt/sw_0752_2963.utt,2/sw2963,2963,52,sd,B,36,2,"{C So, } {F uh, }  it takes a lot of effort to either get everybody called or written and settle on a date,  {D you know } --","So/RB ,/, uh/UH ,/, it/PRP takes/VBZ a/DT lot/NN of/IN effort/NN to/TO either/CC get/VB everybody/NN called/VBN or/CC written/VBN and/CC settle/VB on/IN a/DT date/NN ,/, you/PRP know/VBP --/:",,,72.56,78.74000000000001
sw07utt/sw_0752_2963.utt,2/sw2963,2963,53,+,A,37,1,It --,It/PRP --/:,,,78.68,78.74000000000001
sw07utt/sw_0752_2963.utt,2/sw2963,2963,54,+,B,38,1,"-- that, -/","--/: that/DT ,/,",,,78.8,78.86
sw07utt/sw_0752_2963.utt,2/sw2963,2963,55,+,A,39,1,-- sure does. /,--/: sure/RB does/VBZ ./.,,,78.8,79.30000000000001
sw07utt/sw_0752_2963.utt,2/sw2963,2963,56,%,B,40,1,"{C And } if they are, -/","And/CC if/IN they/PRP are/VBP ,/,",,,79.36,80.10000000000001
sw07utt/sw_0752_2963.utt,2/sw2963,2963,57,%,A,41,1,"{D Well, } we, - /","Well/UH ,/, we/PRP ,/,",,,80.04,80.38000000000001
sw07utt/sw_0752_2963.utt,2/sw2963,2963,58,sd,A,41,2,in Kentucky it wasn't hard because everybody lives so close together.  /,in/IN Kentucky/NNP it/PRP was/VBD n't/RB hard/JJ because/IN everybody/NN lives/VBZ so/RB close/RB together/RB ./.,,,80.52,83.58
sw07utt/sw_0752_2963.utt,2/sw2963,2963,59,sd,A,41,3,"We just did it [ word by mou-, + {D you know, } by word ] of  mouth. /","We/PRP just/RB did/VBD it/PRP word/NN by/IN mou-/NN ,/, you/PRP know/VBP ,/, by/IN word/NN of/IN mouth/NN ./.",,,83.58,85.96
sw07utt/sw_0752_2963.utt,2/sw2963,2963,60,b,B,42,1,Right. /,Right/UH ./.,,,86.02,86.33999999999999
sw07utt/sw_0752_2963.utt,2/sw2963,2963,61,sd,A,43,1,"{D You know. }  {C And, } {F uh, } my uncle in Louisiana, he is the only one that, {D you know, }  had to travel. /","You/PRP know/VBP ./. And/CC ,/, uh/UH ,/, my/PRP$ uncle/NN in/IN Louisiana/NNP ,/, he/PRP is/VBZ the/DT only/RB one/NN that/WDT ,/, you/PRP know/VBP ,/, had/VBD to/TO travel/VB ./.",,,86.76,92.32
sw07utt/sw_0752_2963.utt,2/sw2963,2963,62,b,B,44,1,Uh-huh. /,Uh-huh/UH ./.,,,92.38,92.52
sw07utt/sw_0752_2963.utt,2/sw2963,2963,63,sd,A,45,1,"{C And } now I have got a sister in Germany,  /","And/CC now/RB I/PRP have/VBP got/VBN a/DT sister/NN in/IN Germany/NNP ,/,",,,92.46,95.2
sw07utt/sw_0752_2963.utt,2/sw2963,2963,64,sd,A,45,2,{C and } <laughter> --,and/CC --/:,,,95.2,95.52
sw07utt/sw_0752_2963.utt,2/sw2963,2963,65,ba,B,46,1,"{F Oh, } my gosh. /","Oh/UH ,/, my/PRP$ gosh/UH ./.",,,95.64,96.24
sw07utt/sw_0752_2963.utt,2/sw2963,2963,66,+,A,47,1,-- we are just scattered all over the place. /,--/: we/PRP are/VBP just/RB scattered/JJ all/RB over/IN the/DT place/NN ./.,,,96.56,98.3
sw07utt/sw_0752_2963.utt,2/sw2963,2963,67,b,B,48,1,Yeah. /,Yeah/UH ./.,,,98.36,98.44
sw07utt/sw_0752_2963.utt,2/sw2963,2963,68,sd,A,49,1,{C So } it is going to be hard this time. /,So/RB it/PRP is/VBZ going/VBG to/TO be/VB hard/JJ this/DT time/NN ./.,,,98.38,99.64
sw07utt/sw_0752_2963.utt,2/sw2963,2963,69,%,B,50,1,"{C So } the, -/","So/RB the/DT ,/,",,,100.2,100.58
sw07utt/sw_0752_2963.utt,2/sw2963,2963,70,sd,A,51,1,{C But } we have got a huge family. /,But/CC we/PRP have/VBP got/VBN a/DT huge/JJ family/NN ./.,,,100.52,101.6
sw07utt/sw_0752_2963.utt,2/sw2963,2963,71,b,B,52,1,Yeah.  /,Yeah/UH ./.,,,101.66,101.74
sw07utt/sw_0752_2963.utt,2/sw2963,2963,72,sv,B,52,2,{C And } we need to have more and more of them.  /,And/CC we/PRP need/VBP to/TO have/VB more/JJR and/CC more/JJR of/IN them/PRP ./.,,,101.74,103.03999999999999
sw07utt/sw_0752_2963.utt,2/sw2963,2963,73,sd,B,52,3,"[ I ho-, + I think, I hope ] that is not a lost art,  [ that + ] people getting together as they do spread out all over the world. /","I/PRP ho/VBP ,/, I/PRP think/VBP ,/, I/PRP hope/VBP that/DT is/VBZ not/RB a/DT lost/JJ art/NN ,/, that/IN people/NNS getting/VBG together/RB as/IN they/PRP do/VBP spread/VBN out/RP all/RB over/IN the/DT world/NN ./.",,,103.04,109.1
sw07utt/sw_0752_2963.utt,2/sw2963,2963,74,aa,A,53,1,Yeah.  /,Yeah/UH ./.,,,109.7,109.96000000000001
sw07utt/sw_0752_2963.utt,2/sw2963,2963,75,sv,A,53,2,{C Because } it is so fun. /,Because/IN it/PRP is/VBZ so/RB fun/JJ ./.,,,109.96,110.84
sw07utt/sw_0752_2963.utt,2/sw2963,2963,76,b,B,54,1,"Yeah, /","Yeah/UH ,/,",,,111.18,111.34
sw07utt/sw_0752_2963.utt,2/sw2963,2963,77,sd,A,55,1,"{E I mean, }","I/PRP mean/VBP ,/,",,,111.28,111.48
sw07utt/sw_0752_2963.utt,2/sw2963,2963,78,aa,B,56,1,it is. /,it/PRP is/VBZ ./.,,,111.54,111.78
sw07utt/sw_0752_2963.utt,2/sw2963,2963,79,+,A,57,1,"[ we, + my ] mother has got {D like }  thirteen brothers and sisters <child_talking>. /","we/PRP ,/, my/PRP$ mother/NN has/VBZ got/VBN like/UH thirteen/CD brothers/NNS and/CC sisters/NNS ./.",,,112.94,115.92
sw07utt/sw_0752_2963.utt,2/sw2963,2963,80,ba,B,58,1,"{F Oh, } I see. /","Oh/UH ,/, I/PRP see/VBP ./.",,,116.26,117.1
sw07utt/sw_0752_2963.utt,2/sw2963,2963,81,b,A,59,1,Yeah.  /,Yeah/UH ./.,,,117.04,117.28
sw07utt/sw_0752_2963.utt,2/sw2963,2963,82,sd,A,59,2,She has got a huge family.  /,She/PRP has/VBZ got/VBN a/DT huge/JJ family/NN ./.,,,117.4,118.64
sw07utt/sw_0752_2963.utt,2/sw2963,2963,83,sd,A,59,3,"{C And } every  one of them have five or six kids.   {C And } most of them, <child_talking> {D you know, }","And/CC every/DT one/CD of/IN them/PRP have/VBP five/CD or/CC six/CD kids/NNS ./. And/CC most/RBS of/IN them/PRP ,/, you/PRP know/VBP ,/,",,,118.64,122.42
sw07utt/sw_0752_2963.utt,2/sw2963,2963,84,b,B,60,1,Uh-huh. /,Uh-huh/UH ./.,,,122.7,122.84
sw07utt/sw_0752_2963.utt,2/sw2963,2963,85,+,A,61,1,have got kids <laughter>. /,have/VBP got/VBN kids/NNS ./.,,,122.78,123.44
sw07utt/sw_0752_2963.utt,2/sw2963,2963,86,bf,B,62,1,"{D Sure, } that makes a big crowd. /","Sure/UH ,/, that/DT makes/VBZ a/DT big/JJ crowd/NN ./.",,,123.72,125.41000000000001
sw07utt/sw_0752_2963.utt,2/sw2963,2963,87,aa,A,63,1,Yeah.  /,Yeah/UH ./.,,,125.36,125.67999999999999
sw07utt/sw_0752_2963.utt,2/sw2963,2963,88,sd,A,63,2,"It is, -/","It/PRP is/VBZ ,/,",,,125.68,125.86
sw07utt/sw_0752_2963.utt,2/sw2963,2963,89,b,B,64,1,Yeah. /,Yeah/UH ./.,,,126.33,126.61
sw07utt/sw_0752_2963.utt,2/sw2963,2963,90,sd,A,65,1,"[ we just, + we had ]  two baseball bleachers full of people, /","we/PRP just/RB ,/, we/PRP had/VBD two/CD baseball/NN bleachers/NNS full/JJ of/IN people/NNS ,/,",,,126.96,131.74
sw07utt/sw_0752_2963.utt,2/sw2963,2963,91,bh,B,66,1,Is that? /,Is/VBZ that/DT ?/.,,,131.79,131.97
sw07utt/sw_0752_2963.utt,2/sw2963,2963,92,sd,A,67,1,"{C and } there are still about [ eight or six, + eight or ten ] people taking pictures. /","and/CC there/EX are/VBP still/RB about/RB eight/CD or/CC six/CD ,/, eight/CD or/CC ten/CD people/NNS taking/VBG pictures/NNS ./.",,,131.92,135.10000000000002
sw07utt/sw_0752_2963.utt,2/sw2963,2963,93,bh,B,68,1,Is that right? /,Is/VBZ that/DT right/JJ ?/.,,,135.29,136.11
sw07utt/sw_0752_2963.utt,2/sw2963,2963,94,ny,A,69,1,Yes.  /,Yes/UH ./.,,,136.08,136.4
sw07utt/sw_0752_2963.utt,2/sw2963,2963,95,sd,A,69,2,"{C And } it was just, - /","And/CC it/PRP was/VBD just/RB ,/,",,,136.4,137.14000000000001
sw07utt/sw_0752_2963.utt,2/sw2963,2963,96,sd,A,69,3,the last time we had  one it was so fun. /,the/DT last/JJ time/NN we/PRP had/VBD one/NN it/PRP was/VBD so/RB fun/JJ ./.,,,137.5,139.74
sw07utt/sw_0752_2963.utt,2/sw2963,2963,97,ba,B,70,1,That is wonderful.  /,That/DT is/VBZ wonderful/JJ ./.,,,140.05,140.95
sw07utt/sw_0752_2963.utt,2/sw2963,2963,98,%,B,70,2,"I hope, -/","I/PRP hope/VBP ,/,",,,140.95,141.31
sw07utt/sw_0752_2963.utt,2/sw2963,2963,99,b,A,71,1,Yeah. /,Yeah/UH ./.,,,141.26,141.54
sw07utt/sw_0752_2963.utt,2/sw2963,2963,100,sd,B,72,1,"{D well, } we need to have another one.  /","well/UH ,/, we/PRP need/VBP to/TO have/VB another/DT one/NN ./.",,,141.87,143.03
sw07utt/sw_0752_2963.utt,2/sw2963,2963,101,sd,B,72,2,"I hope my aunt is successful as, {F uh, } later.  /","I/PRP hope/VBP my/PRP$ aunt/NN is/VBZ successful/JJ as/IN ,/, uh/UH ,/, later/RB ./.",,,143.03,145.81
sw07utt/sw_0752_2963.utt,2/sw2963,2963,102,sd,B,72,3,"{D Well, } it is probably not going to be done  because I have not heard from them.  /","Well/UH ,/, it/PRP is/VBZ probably/RB not/RB going/VBG to/TO be/VB done/VBN because/IN I/PRP have/VBP not/RB heard/VBN from/IN them/PRP ./.",,,146.07,148.61
sw07utt/sw_0752_2963.utt,2/sw2963,2963,103,sd,B,72,4,"[ I, + it ] was supposed to be this  June,  /","I/PRP ,/, it/PRP was/VBD supposed/VBN to/TO be/VB this/DT June/NNP ,/,",,,148.61,149.97
sw07utt/sw_0752_2963.utt,2/sw2963,2963,104,sd,B,72,5,{C so } I do not imagine there is anything coming.  /,so/RB I/PRP do/VBP not/RB imagine/VB there/EX is/VBZ anything/NN coming/VBG ./.,,,149.97,151.85
sw07utt/sw_0752_2963.utt,2/sw2963,2963,105,sd,B,72,6,"This is hardly, almost June. /","This/DT is/VBZ hardly/RB ,/, almost/RB June/NNP ./.",,,151.85,153.15
sw07utt/sw_0752_2963.utt,2/sw2963,2963,106,b,A,73,1,Yeah.  /,Yeah/UH ./.,,,155.82,155.98
sw07utt/sw_0752_2963.utt,2/sw2963,2963,107,sd,A,73,2,"{D Well, } [ I, +","Well/UH ,/, I/PRP ,/,",,,156.48,156.82
sw07utt/sw_0752_2963.utt,2/sw2963,2963,108,%,B,74,1,"{C So, } -/","So/RB ,/,",,,158.21,158.29000000000002
sw07utt/sw_0752_2963.utt,2/sw2963,2963,109,+,A,75,1,we ] have always had ours in a park or something. /,we/PRP have/VBP always/RB had/VBN ours/PRP$ in/IN a/DT park/NN or/CC something/NN ./.,,,159.94,163.66
sw07utt/sw_0752_2963.utt,2/sw2963,2963,110,b,B,76,1,Uh-huh. /,Uh-huh/UH ./.,,,163.71,163.81
sw07utt/sw_0752_2963.utt,2/sw2963,2963,111,sd,A,77,1,{C But } it has away been the same park  /,But/CC it/PRP has/VBZ away/RB been/VBN the/DT same/JJ park/NN,,,163.76,165.68
sw07utt/sw_0752_2963.utt,2/sw2963,2963,112,sd,A,77,2,{C and } there is nothing really special there.  /,and/CC there/EX is/VBZ nothing/NN really/RB special/JJ there/RB ./.,,,165.68,167.52
sw07utt/sw_0752_2963.utt,2/sw2963,2963,113,sd,A,77,3,"Only thing is, it is big, /","Only/JJ thing/NN is/VBZ ,/, it/PRP is/VBZ big/JJ ,/,",,,167.82,169.06
sw07utt/sw_0752_2963.utt,2/sw2963,2963,114,b,B,78,1,"Yeah,  /","Yeah/UH ,/,",,,169.21,169.49
sw07utt/sw_0752_2963.utt,2/sw2963,2963,115,%,B,78,2,"that is, -/","that/DT is/VBZ ,/,",,,169.49,169.95
sw07utt/sw_0752_2963.utt,2/sw2963,2963,116,sd,A,79,1,{C and } it is open. /,and/CC it/PRP is/VBZ open/JJ ./.,,,169.9,170.16
sw07utt/sw_0752_2963.utt,2/sw2963,2963,117,sd,B,80,1,"we have it usually [ at this, + {F uh, } at this ]  one park because there is a pavilion there, in case --","we/PRP have/VBP it/PRP usually/RB at/IN this/DT ,/, uh/UH ,/, at/IN this/DT one/CD park/NN because/IN there/EX is/VBZ a/DT pavilion/NN there/RB ,/, in/IN case/NN --/:",,,170.23,174.81
sw07utt/sw_0752_2963.utt,2/sw2963,2963,118,b,A,81,1,Uh-huh. /,Uh-huh/UH ./.,,,174.76,174.95999999999998
sw07utt/sw_0752_2963.utt,2/sw2963,2963,119,+,B,82,1,-- it rains.  /,--/: it/PRP rains/VBZ ./.,,,175.01,175.45000000000002
sw07utt/sw_0752_2963.utt,2/sw2963,2963,120,sd,B,82,2,"{C And, } {F uh, } you have to have  it, {F uh, } fairly early in the summer or it is too hot up there. /","And/CC ,/, uh/UH ,/, you/PRP have/VBP to/TO have/VB it/PRP ,/, uh/UH ,/, fairly/RB early/JJ in/IN the/DT summer/NN or/CC it/PRP is/VBZ too/RB hot/JJ up/IN there/RB ./.",,,177.05,181.91
sw07utt/sw_0752_2963.utt,2/sw2963,2963,121,b,A,83,1,Uh-huh.  /,Uh-huh/UH ./.,,,182.4,182.66
sw07utt/sw_0752_2963.utt,2/sw2963,2963,122,qy,A,83,2,In Missouri? /,In/IN Missouri/NNP ?/.,,,182.86,183.64000000000001
sw07utt/sw_0752_2963.utt,2/sw2963,2963,123,na,B,84,1,"In Missouri,  /","In/IN Missouri/NNP ,/,",,,183.77,184.23
sw07utt/sw_0752_2963.utt,2/sw2963,2963,124,ny,B,84,2,yeah.  /,yeah/UH ./.,,,184.23,184.31
sw07utt/sw_0752_2963.utt,2/sw2963,2963,125,%,B,84,3,"[ It is too mu-, + it is not, ]  /","It/PRP is/VBZ too/RB mu-/XX ,/, it/PRP is/VBZ not/RB ,/,",,,184.31,185.41
sw07utt/sw_0752_2963.utt,2/sw2963,2963,126,sd,B,84,4,"it is just, {F uh, } very humid,  /","it/PRP is/VBZ just/RB ,/, uh/UH ,/, very/RB humid/JJ ,/,",,,185.41,187.29
sw07utt/sw_0752_2963.utt,2/sw2963,2963,127,sd,B,84,5,{C and } the old people cannot take it anymore. /,and/CC the/DT old/JJ people/NNS can/MD not/RB take/VB it/PRP anymore/RB ./.,,,187.29,189.09
sw07utt/sw_0752_2963.utt,2/sw2963,2963,128,sd,A,85,1,"{D Well, } that was part of the problem  with the ones we have. /","Well/UH ,/, that/DT was/VBD part/NN of/IN the/DT problem/NN with/IN the/DT ones/NNS we/PRP have/VBP ./.",,,189.66,193.8
sw07utt/sw_0752_2963.utt,2/sw2963,2963,129,b,B,86,1,Uh-huh. /,Uh-huh/UH ./.,,,193.85,194.03
sw07utt/sw_0752_2963.utt,2/sw2963,2963,130,sd,A,87,1,"{D Now, } the kids would sneak off.  /","Now/RB ,/, the/DT kids/NNS would/MD sneak/VB off/RP ./.",,,193.98,195.42
sw07utt/sw_0752_2963.utt,2/sw2963,2963,131,sd,A,87,2,"{C And } we were just being kids, <baby_talking>  /","And/CC we/PRP were/VBD just/RB being/VBG kids/NNS ,/,",,,195.42,197.23999999999998
sw07utt/sw_0752_2963.utt,2/sw2963,2963,132,sd,A,87,3,{C and } we found what we thought was just an old water hole.  /,and/CC we/PRP found/VBD what/WP we/PRP thought/VBD was/VBD just/RB an/DT old/JJ water/NN hole/NN ./.,,,197.24,199.6
sw07utt/sw_0752_2963.utt,2/sw2963,2963,133,sd,A,87,4,{C So } we was going swimming.  /,So/RB we/PRP was/VBD going/VBG swimming/VBG ./.,,,199.6,200.94
sw07utt/sw_0752_2963.utt,2/sw2963,2963,134,sd,A,87,5,"{C And, } like I said, we was just big kids.  /","And/CC ,/, like/IN I/PRP said/VBD ,/, we/PRP was/VBD just/RB big/JJ kids/NNS ./.",,,201.79,203.51
sw07utt/sw_0752_2963.utt,2/sw2963,2963,135,sd,A,87,6,We was {D like } eight and ten years old. /,We/PRP was/VBD like/IN eight/CD and/CC ten/CD years/NNS old/JJ ./.,,,203.51,205.43
sw07utt/sw_0752_2963.utt,2/sw2963,2963,136,b,B,88,1,Uh-huh. /,Uh-huh/UH ./.,,,205.57,205.82999999999998
sw07utt/sw_0752_2963.utt,2/sw2963,2963,137,sd,A,89,1,{C And } our parents came and caught us.  /,And/CC our/PRP$ parents/NNS came/VBD and/CC caught/VBD us/PRP ./.,,,205.97,207.63
sw07utt/sw_0752_2963.utt,2/sw2963,2963,138,sd,A,89,2,We had been <laughter> playing in the <baby_talking> sump.  /,We/PRP had/VBD been/VBN playing/VBG in/IN the/DT sump/NN ./.,,,207.63,209.59
sw07utt/sw_0752_2963.utt,2/sw2963,2963,139,sd,A,89,3,It was part of the sewage cleaning system. /,It/PRP was/VBD part/NN of/IN the/DT sewage/NN cleaning/NN system/NN ./.,,,209.71,212.47
sw07utt/sw_0752_2963.utt,2/sw2963,2963,140,x,B,90,1,<Laughter>.,,,,0.0,0.0
sw07utt/sw_0752_2963.utt,2/sw2963,2963,141,x,A,91,1,<Laughter>.,,,,0.0,0.0
sw07utt/sw_0752_2963.utt,2/sw2963,2963,142,bh,B,92,1,Isn't that great? /,Is/VBZ n't/RB that/DT great/JJ ?/.,,,212.52,213.6
sw07utt/sw_0752_2963.utt,2/sw2963,2963,143,x,A,93,1,<Baby_talking>.,,,,0.0,0.0
sw07utt/sw_0752_2963.utt,2/sw2963,2963,144,b,B,94,1,"Yeah, /","Yeah/UH ,/,",,,213.74,214.34
sw07utt/sw_0752_2963.utt,2/sw2963,2963,145,x,A,95,1,<Baby_talking>.,,,,0.0,0.0
sw07utt/sw_0752_2963.utt,2/sw2963,2963,146,b,B,96,1,Yeah. /,Yeah/UH ./.,,,214.36,214.64000000000001
sw07utt/sw_0752_2963.utt,2/sw2963,2963,147,t3,A,97,1,"<<Speaking to child in background>> Kyle,  don't.  /","Kyle/NNP ,/, do/VBP n't/RB ./.",,,215.93,216.77
sw07utt/sw_0752_2963.utt,2/sw2963,2963,148,sd,A,97,2,<<Resumes speaking to B>> I have got a four year old. /,I/PRP have/VBP got/VBN a/DT four/CD year/NN old/JJ ./.,,,217.15,219.37
sw07utt/sw_0752_2963.utt,2/sw2963,2963,149,b,B,98,1,Yeah.  /,Yeah/UH ./.,,,219.42,219.79999999999998
sw07utt/sw_0752_2963.utt,2/sw2963,2963,150,sv,B,98,2,"{D Well, } that keeps you busy. /","Well/UH ,/, that/DT keeps/VBZ you/PRP busy/JJ ./.",,,219.8,221.06
sw07utt/sw_0752_2963.utt,2/sw2963,2963,151,x,A,99,1,<Laughter>.,,,,0.0,0.0
sw07utt/sw_0752_2963.utt,2/sw2963,2963,152,b,B,100,1,Yeah. /,Yeah/UH ./.,,,221.16,221.56
sw07utt/sw_0752_2963.utt,2/sw2963,2963,153,b,A,101,1,<Child_talking> Yeah.  /,Yeah/UH ./.,,,223.15,223.51000000000002
sw07utt/sw_0752_2963.utt,2/sw2963,2963,154,sd,A,101,2,"{C But } if we could have gotten it by a lake or something, I thought that would have been much better. /","But/CC if/IN we/PRP could/MD have/VB gotten/VBN it/PRP by/IN a/DT lake/NN or/CC something/NN ,/, I/PRP thought/VBD that/DT would/MD have/VB been/VBN much/RB better/JJR ./.",,,224.25,229.57
sw07utt/sw_0752_2963.utt,2/sw2963,2963,155,aa,B,102,1,Yeah.  /,Yeah/UH ./.,,,229.62,229.9
sw07utt/sw_0752_2963.utt,2/sw2963,2963,156,sv,B,102,2,It would have been.  Something for the young people --,It/PRP would/MD have/VB been/VBN ./. Something/NN for/IN the/DT young/JJ people/NNS --/:,,,229.9,231.73999999999998
sw07utt/sw_0752_2963.utt,2/sw2963,2963,157,b,A,103,1,Yeah. /,Yeah/UH ./.,,,231.69,231.89
sw07utt/sw_0752_2963.utt,2/sw2963,2963,158,+,B,104,1,-- [ to + --,--/: to/TO --/:,,,231.94,232.02
sw07utt/sw_0752_2963.utt,2/sw2963,2963,159,%,A,105,1,"{D Well } they, -/","Well/UH they/PRP ,/,",,,232.51,232.79
sw07utt/sw_0752_2963.utt,2/sw2963,2963,160,+,B,106,1,-- to ] do.  /,--/: to/TO do/VB ./.,,,232.84,233.08
sw07utt/sw_0752_2963.utt,2/sw2963,2963,161,o@,B,106,2,"{C But, }","But/CC ,/,",,,233.08,233.16000000000003
sw07utt/sw_0752_2963.utt,2/sw2963,2963,162,sd,A,107,1,"[ [ there was, + {F uh, }   {E I am sorry, } there was, ] + {F uh, }  {A I remember now, } there was ] {D like, } {F uh, } a baby pool,","there/EX was/VBD ,/, uh/UH ,/, I/PRP am/VBP sorry/JJ ,/, there/EX was/VBD ,/, uh/UH ,/, I/PRP remember/VBP now/RB ,/, there/RB was/VBD like/UH ,/, uh/UH ,/, a/DT baby/NN pool/NN ,/,",,,233.11,237.17000000000002
sw07utt/sw_0752_2963.utt,2/sw2963,2963,163,+@,B,108,1,Uh-huh. /,Uh-huh/UH ./.,,,237.56,237.7
sw07utt/sw_0752_2963.utt,2/sw2963,2963,164,+,A,109,1,just about a foot deep. /,just/RB about/RB a/DT foot/NN deep/JJ ./.,,,237.65,239.09
sw07utt/sw_0752_2963.utt,2/sw2963,2963,165,b,B,110,1,Yeah. /,Yeah/UH ./.,,,239.14,239.42
sw07utt/sw_0752_2963.utt,2/sw2963,2963,166,o,A,111,1,"Yes,  /","Yes/UH ,/,",,,239.37,239.43
sw07utt/sw_0752_2963.utt,2/sw2963,2963,167,sd,A,111,2,I remember my little brother riding a bicycle through it.  /,I/PRP remember/VBP my/PRP$ little/JJ brother/NN riding/VBG a/DT bicycle/NN through/IN it/PRP ./.,,,239.43,242.14999999999998
sw07utt/sw_0752_2963.utt,2/sw2963,2963,168,sd,A,111,3,We were all kids anyway <<bumping noise heard in background>>. /,We/PRP were/VBD all/DT kids/NNS anyway/RB ./.,,,242.15,244.13
sw07utt/sw_0752_2963.utt,2/sw2963,2963,169,sv,B,112,1,"Every family has all that going on, /","Every/DT family/NN has/VBZ all/DT that/DT going/VBG on/RP ,/,",,,245.1,246.9
sw07utt/sw_0752_2963.utt,2/sw2963,2963,170,x,A,113,1,<Laughter>.,,,,0.0,0.0
sw07utt/sw_0752_2963.utt,2/sw2963,2963,171,sd,B,114,1,I am sure.  /,I/PRP am/VBP sure/JJ ./.,,,246.9,247.42
sw07utt/sw_0752_2963.utt,2/sw2963,2963,172,%,B,114,2,"{C So, } {F uh, } -/","So/RB ,/, uh/UH ,/,",,,248.2,248.38
sw07utt/sw_0752_2963.utt,2/sw2963,2963,173,sd,A,115,1,"{F Oh, } {C but } I love it, all the different foods, because that, - /","Oh/UH ,/, but/CC I/PRP love/VBP it/PRP ,/, all/PDT the/DT different/JJ foods/NNS ,/, because/IN that/DT ,/,",,,248.67,250.83
sw07utt/sw_0752_2963.utt,2/sw2963,2963,174,%,A,115,2,"yeah, /","yeah/UH ,/,",,,250.83,250.91000000000003
sw07utt/sw_0752_2963.utt,2/sw2963,2963,175,aa,B,116,1,"{F Oh, } I do too.  /","Oh/UH ,/, I/PRP do/VBP too/RB ./.",,,250.96,251.76000000000002
sw07utt/sw_0752_2963.utt,2/sw2963,2963,176,sv,B,116,2,That is the best part of it. /,That/DT is/VBZ the/DT best/JJS part/NN of/IN it/PRP ./.,,,251.76,252.83999999999997
sw07utt/sw_0752_2963.utt,2/sw2963,2963,177,%,A,117,1,"That's the, -/","That/DT 's/BES the/DT ,/,",,,252.79,253.20999999999998
sw07utt/sw_0752_2963.utt,2/sw2963,2963,178,sv,B,118,1,Everybody --,Everybody/NN --/:,,,253.34,253.70000000000002
sw07utt/sw_0752_2963.utt,2/sw2963,2963,179,b,A,119,1,yeah. /,yeah/UH ./.,,,253.65,253.89000000000001
sw07utt/sw_0752_2963.utt,2/sw2963,2963,180,+,B,120,1,-- bringing something for a potluck  picnic  /,--/: bringing/VBG something/NN for/IN a/DT potluck/NN picnic/NN,,,253.94,255.57999999999998
sw07utt/sw_0752_2963.utt,2/sw2963,2963,181,%,B,120,2,"{C and } {F oh, } grand, - /","and/CC oh/UH ,/, grand/JJ ,/,",,,255.58,257.86
sw07utt/sw_0752_2963.utt,2/sw2963,2963,182,%,B,120,3,yeah. /,yeah/UH ./.,,,257.86,258.16
sw07utt/sw_0752_2963.utt,2/sw2963,2963,183,qw,A,121,1,"{C So, } how long did you say it has been since you all had one? /","So/RB ,/, how/WRB long/JJ did/VBD you/PRP say/VB it/PRP has/VBZ been/VBN since/IN you/PRP all/DT had/VBD one/CD ?/.",,,259.09,261.21000000000004
sw07utt/sw_0752_2963.utt,2/sw2963,2963,184,no,B,122,1,I do not know.  /,I/PRP do/VBP not/RB know/VB ./.,,,261.58,262.40000000000003
sw07utt/sw_0752_2963.utt,2/sw2963,2963,185,sd,B,122,2,"I think it has been, {F uh, }  [ four, + three or four ] years.  Or  five even, {F uh, } since they have [ had it, + ]  tried to get everybody together.  /","I/PRP think/VBP it/PRP has/VBZ been/VBN ,/, uh/UH ,/, four/CD ,/, three/CD or/CC four/CD years/NNS ./. Or/CC five/CD even/RB ,/, uh/UH ,/, since/IN they/PRP have/VBP had/VBN it/PRP ,/, tried/VBD to/TO get/VB everybody/NN together/RB ./.",,,262.4,269.42
sw07utt/sw_0752_2963.utt,2/sw2963,2963,186,sd,B,122,3,"They are just spread out so much,  /","They/PRP are/VBP just/RB spread/JJ out/RP so/RB much/RB ,/,",,,269.42,271.03999999999996
sw07utt/sw_0752_2963.utt,2/sw2963,2963,187,sd,B,122,4,"[ {C and, } + {C and } ]  we really need to, {F uh, } no matter [ ho-, + ] what kind of crowd they get. /","and/CC ,/, and/CC we/PRP really/RB need/VBP to/TO ,/, uh/UH ,/, no/DT matter/NN ho-/XX ,/, what/WDT kind/NN of/IN crowd/NN they/PRP get/VBP ./.",,,271.04,275.12
sw07utt/sw_0752_2963.utt,2/sw2963,2963,188,b,A,123,1,Yeah. /,Yeah/UH ./.,,,275.07,275.27
sw07utt/sw_0752_2963.utt,2/sw2963,2963,189,%,B,124,1,"I hope, -/","I/PRP hope/VBP ,/,",,,275.32,275.76
sw07utt/sw_0752_2963.utt,2/sw2963,2963,190,sd,A,125,1,"{D Well, } I have been married almost five,  /","Well/UH ,/, I/PRP have/VBP been/VBN married/JJ almost/RB five/CD ,/,",,,276.13,278.05999999999995
sw07utt/sw_0752_2963.utt,2/sw2963,2963,191,sd,A,125,2,{C so }  I guess it has been seven years since we have had one. /,so/RB I/PRP guess/VBP it/PRP has/VBZ been/VBN seven/CD years/NNS since/IN we/PRP have/VBP had/VBN one/CD ./.,,,278.06,281.74
sw07utt/sw_0752_2963.utt,2/sw2963,2963,192,b,B,126,1,Uh-huh. /,Uh-huh/UH ./.,,,281.8,281.94
sw07utt/sw_0752_2963.utt,2/sw2963,2963,193,sd,A,127,1,"{C And } since then we have lost, {F oh, } {D well, }  just our grandmother. /","And/CC since/IN then/RB we/PRP have/VBP lost/VBN ,/, oh/UH ,/, well/UH ,/, just/RB our/PRP$ grandmother/NN ./.",,,282.18,286.62
sw07utt/sw_0752_2963.utt,2/sw2963,2963,194,b,B,128,1,Yeah. /,Yeah/UH ./.,,,286.78,286.85999999999996
sw07utt/sw_0752_2963.utt,2/sw2963,2963,195,sv,A,129,1,That is surprising. /,That/DT is/VBZ surprising/JJ ./.,,,286.8,287.46
sw07utt/sw_0752_2963.utt,2/sw2963,2963,196,sv,B,130,1,"{D Well, } time flies so fast,  /","Well/UH ,/, time/NN flies/VBZ so/RB fast/RB ,/,",,,287.52,289.2
sw07utt/sw_0752_2963.utt,2/sw2963,2963,197,sd,B,130,2,"it may have been [ that, + that ]  long since we have one.  /","it/PRP may/MD have/VB been/VBN that/RB ,/, that/RB long/JJ since/IN we/PRP have/VBP one/NN ./.",,,289.22,291.24
sw07utt/sw_0752_2963.utt,2/sw2963,2963,198,sd,B,130,3,"It is hard to remember,  /","It/PRP is/VBZ hard/JJ to/TO remember/VB ,/,",,,291.24,292.06
sw07utt/sw_0752_2963.utt,2/sw2963,2963,199,sd,B,130,4,{C but } I think it has been about four or five years. /,but/CC I/PRP think/VBP it/PRP has/VBZ been/VBN about/RB four/CD or/CC five/CD years/NNS ./.,,,292.06,294.06
sw07utt/sw_0752_2963.utt,2/sw2963,2963,200,b,A,131,1,Uh-huh. /,Uh-huh/UH ./.,,,295.06,295.24
sw07utt/sw_0752_2963.utt,2/sw2963,2963,201,sd,B,132,1,"{C So, } {F uh, }  {D anyway } [ I, + I ] hope both  our families get to have one soon. /","So/RB ,/, uh/UH ,/, anyway/RB I/PRP ,/, I/PRP hope/VBP both/DT our/PRP$ families/NNS get/VBP to/TO have/VB one/CD soon/RB ./.",,,295.3,298.84000000000003
sw07utt/sw_0752_2963.utt,2/sw2963,2963,202,sd,A,133,1,"{F Oh, } if I can ever get down to Kentucky. - /","Oh/UH ,/, if/IN I/PRP can/MD ever/RB get/VB down/IN to/IN Kentucky/NNP ./.",,,299.42,301.52
sw07utt/sw_0752_2963.utt,2/sw2963,2963,203,sd,A,133,2,It has been {D like } four years since I have been home. /,It/PRP has/VBZ been/VBN like/IN four/CD years/NNS since/IN I/PRP have/VBP been/VBN home/NN ./.,,,301.52,303.64
sw07utt/sw_0752_2963.utt,2/sw2963,2963,204,b,B,134,1,Yeah.  /,Yeah/UH ./.,,,303.7,303.84
sw07utt/sw_0752_2963.utt,2/sw2963,2963,205,sv,B,134,2,It is difficult with little ones. /,It/PRP is/VBZ difficult/JJ with/IN little/JJ ones/NNS ./.,,,303.84,305.14000000000004
sw07utt/sw_0752_2963.utt,2/sw2963,2963,206,b,A,135,1,Yeah. /,Yeah/UH ./.,,,305.5,305.62
sw07utt/sw_0752_2963.utt,2/sw2963,2963,207,sd,B,136,1,"I know when we [ had, +","I/PRP know/VBP when/WRB we/PRP had/VBD ,/,",,,305.68,306.32
sw07utt/sw_0752_2963.utt,2/sw2963,2963,208,sd,A,137,1,"[ That is,","That/DT is/VBZ ,/,",,,306.26,306.38
sw07utt/sw_0752_2963.utt,2/sw2963,2963,209,+,B,138,1,"had ] our, -/","had/VBD our/PRP$ ,/,",,,306.44,306.82
sw07utt/sw_0752_2963.utt,2/sw2963,2963,210,+,A,139,1,"the reason, + that is the reason ] I don't.  /","the/DT reason/NN ,/, that/DT is/VBZ the/DT reason/NN I/PRP do/VBP n't/RB ./.",,,306.76,308.0
sw07utt/sw_0752_2963.utt,2/sw2963,2963,211,sd,A,139,2,"I would get on a bus any day by myself,  /","I/PRP would/MD get/VB on/IN a/DT bus/NN any/DT day/NN by/IN myself/PRP ,/,",,,308.0,310.1
sw07utt/sw_0752_2963.utt,2/sw2963,2963,212,sd,A,139,3,{C but } I won't do it with the babies. /,but/CC I/PRP wo/MD n't/RB do/VB it/PRP with/IN the/DT babies/NNS ./.,,,310.1,311.35999999999996
sw07utt/sw_0752_2963.utt,2/sw2963,2963,213,b,B,140,1,Uh-huh.  /,Uh-huh/UH ./.,,,311.42,311.82
sw07utt/sw_0752_2963.utt,2/sw2963,2963,214,b,B,140,2,Sure. /,Sure/UH ./.,,,312.7,313.0
sw07utt/sw_0752_2963.utt,2/sw2963,2963,215,sd,A,141,1,"{C Because, } {F uh, } I have got, {F uh, }  a four month old and a four year old. /","Because/IN ,/, uh/UH ,/, I/PRP have/VBP got/VBN ,/, uh/UH ,/, a/DT four/CD month/NN old/JJ and/CC a/DT four/CD year/NN old/JJ ./.",,,312.94,316.84
sw07utt/sw_0752_2963.utt,2/sw2963,2963,216,ba,B,142,1,"{F Oh, } Lord. /","Oh/UH ,/, Lord/UH ./.",,,316.9,317.4
sw07utt/sw_0752_2963.utt,2/sw2963,2963,217,sd,A,143,1,{C So } I am just starting.  /,So/RB I/PRP am/VBP just/RB starting/VBG ./.,,,317.8,318.86
sw07utt/sw_0752_2963.utt,2/sw2963,2963,218,sd,A,143,2,{C And } I just quit too <laughter>. /,And/CC I/PRP just/RB quit/VBD too/RB ./.,,,319.16,320.52
sw07utt/sw_0752_2963.utt,2/sw2963,2963,219,^h,B,144,1,"{F Oh, } I am telling you.  /","Oh/UH ,/, I/PRP am/VBP telling/VBG you/PRP ./.",,,320.58,321.53999999999996
sw07utt/sw_0752_2963.utt,2/sw2963,2963,220,%,B,144,2,"That is, {F uh, } -/","That/DT is/VBZ ,/, uh/UH ,/,",,,322.08,322.47999999999996
sw07utt/sw_0752_2963.utt,2/sw2963,2963,221,sd,A,145,1,"{F Uh, } I won't be adding any more to the family reunion <laughter>. /","Uh/UH ,/, I/PRP wo/MD n't/RB be/VB adding/VBG any/DT more/JJR to/IN the/DT family/NN reunion/NN ./.",,,322.42,325.18
sw07utt/sw_0752_2963.utt,2/sw2963,2963,222,aa,B,146,1,"<Laughter> No,  /","No/UH ,/,",,,325.24,325.5
sw07utt/sw_0752_2963.utt,2/sw2963,2963,223,sd,B,146,2,"[ I hope, it, + I know it ]  takes a lot of effort right [ [ with, + with  that, + with ] two little ones like that. /","I/PRP hope/VBP ,/, it/PRP ,/, I/PRP know/VBP it/PRP takes/VBZ a/DT lot/NN of/IN effort/NN right/UH with/IN ,/, with/IN that/DT ,/, with/IN two/CD little/JJ ones/NNS like/IN that/DT ./.",,,325.5,331.04
sw07utt/sw_0752_2963.utt,2/sw2963,2963,224,b,A,147,1,Yeah.  /,Yeah/UH ./.,,,330.98,331.06
sw07utt/sw_0752_2963.utt,2/sw2963,2963,225,sd,A,147,2,They are good kids though. /,They/PRP are/VBP good/JJ kids/NNS though/RB ./.,,,331.06,332.84
sw07utt/sw_0752_2963.utt,2/sw2963,2963,226,b,B,148,1,Yeah. /,Yeah/UH ./.,,,332.98,333.26
sw07utt/sw_0752_2963.utt,2/sw2963,2963,227,sd,A,149,1,"{C So, } {F uh, } I am not too upset.  /","So/RB ,/, uh/UH ,/, I/PRP am/VBP not/RB too/RB upset/JJ ./.",,,334.04,335.2
sw07utt/sw_0752_2963.utt,2/sw2963,2963,228,fc,A,149,2,"{D Anyways, }  I have enjoyed talking to you. /","Anyways/RB ,/, I/PRP have/VBP enjoyed/VBN talking/VBG to/IN you/PRP ./.",,,336.02,337.36
sw07utt/sw_0752_2963.utt,2/sw2963,2963,229,fc,B,150,1,Enjoyed talking to you. /,Enjoyed/VBD talking/VBG to/IN you/PRP ./.,,,337.42,338.15999999999997
sw07utt/sw_0752_2963.utt,2/sw2963,2963,230,fc,A,151,1,All right. /,All/RB right/JJ ./.,,,338.1,338.3
sw07utt/sw_0752_2963.utt,2/sw2963,2963,231,fc,B,152,1,Good luck in everything. /,Good/JJ luck/NN in/IN everything/NN ./.,,,338.36,339.32
sw07utt/sw_0752_2963.utt,2/sw2963,2963,232,fc,A,153,1,"All right, you too. /","All/RB right/JJ ,/, you/PRP too/RB ./.",,,339.32,340.03999999999996
sw07utt/sw_0752_2963.utt,2/sw2963,2963,233,fc,B,154,1,Bye-bye. /,Bye-bye/UH ./.,,,340.1,340.38
sw07utt/sw_0752_2963.utt,2/sw2963,2963,234,fc,A,155,1,Bye-bye. /,Bye-bye/UH ./.,,,340.32,340.52
