swda_filename,ptb_basename,conversation_no,transcript_index,act_tag,caller,utterance_index,subutterance_index,text,pos,trees,ptb_treenumbers,start_ts,end_ts
sw08utt/sw_0871_2930.utt,2/sw2930,2930,0,qy^d,A,1,1,There a lot of places to camp in Dallas? /,There/EX a/DT lot/NN of/IN places/NNS to/TO camp/VB in/IN Dallas/NNP ?/.,,,0.89,2.65
sw08utt/sw_0871_2930.utt,2/sw2930,2930,1,ng,B,2,1,"{D Well, } not necessarily in Dallas,  /","Well/UH ,/, not/RB necessarily/RB in/IN Dallas/NNP ,/,",,,3.3,5.08
sw08utt/sw_0871_2930.utt,2/sw2930,2930,2,sd,B,2,2,{C but } it's a very short drive to areas near here. /,but/CC it/PRP 's/BES a/DT very/RB short/JJ drive/NN to/IN areas/NNS near/RB here/RB ./.,,,5.08,7.36
sw08utt/sw_0871_2930.utt,2/sw2930,2930,3,b,A,3,1,Uh-huh.  /,Uh-huh/UH ./.,,,7.53,7.75
sw08utt/sw_0871_2930.utt,2/sw2930,2930,4,qy,A,3,2,Do you do a lot of camping? /,Do/VBP you/PRP do/VB a/DT lot/NN of/IN camping/NN ?/.,,,8.13,9.95
sw08utt/sw_0871_2930.utt,2/sw2930,2930,5,na,B,4,1,"{D Well, } I have done camping in the past.  /","Well/UH ,/, I/PRP have/VBP done/VBN camping/NN in/IN the/DT past/NN ./.",,,10.1,12.65
sw08utt/sw_0871_2930.utt,2/sw2930,2930,6,sd,B,4,2,"{F Uh, } I can't remember when the last time I actually went camping was.  /","Uh/UH ,/, I/PRP ca/MD n't/RB remember/VB when/WRB the/DT last/JJ time/NN I/PRP actually/UH went/VBD camping/VBG was/VBD ./.",,,12.87,17.71
sw08utt/sw_0871_2930.utt,2/sw2930,2930,7,sd,B,4,3,"It was, {F uh, } several years  ago,  /","It/PRP was/VBD ,/, uh/UH ,/, several/JJ years/NNS ago/RB ,/,",,,17.71,20.01
sw08utt/sw_0871_2930.utt,2/sw2930,2930,8,sd,B,4,4,{C and then } I did most of my camping in the mountains. /,and/CC then/RB I/PRP did/VBD most/RBS of/IN my/PRP$ camping/NN in/IN the/DT mountains/NNS ./.,,,20.01,22.009999999999998
sw08utt/sw_0871_2930.utt,2/sw2930,2930,9,b,A,5,1,Uh-huh.  /,Uh-huh/UH ./.,,,22.35,22.59
sw08utt/sw_0871_2930.utt,2/sw2930,2930,10,qy^d,A,5,2,"{D Well, } that must have been fun though. /","Well/UH ,/, that/DT must/MD have/VB been/VBN fun/NN though/RB ./.",,,23.63,24.630000000000003
sw08utt/sw_0871_2930.utt,2/sw2930,2930,11,na,B,6,1,"{D Well, } it is.  /","Well/UH ,/, it/PRP is/VBZ ./.",,,25.03,25.669999999999998
sw08utt/sw_0871_2930.utt,2/sw2930,2930,12,sd,B,6,2,I enjoy hiking and camping.  /,I/PRP enjoy/VBP hiking/NN and/CC camping/NN ./.,,,25.67,27.349999999999998
sw08utt/sw_0871_2930.utt,2/sw2930,2930,13,sd,B,6,3,We went to the  ((   )) - /,We/PRP went/VBD to/IN the/DT MUMBLEx/XX,,,27.35,28.45
sw08utt/sw_0871_2930.utt,2/sw2930,2930,14,sd,B,6,4,". I have, {F uh, } some land there,  /","./. I/PRP have/VBP ,/, uh/UH ,/, some/DT land/NN there/RB ,/,",,,28.79,31.59
sw08utt/sw_0871_2930.utt,2/sw2930,2930,15,sd,B,6,5,"{C and so } [ it's, + it's ] handy [ to, + to ] station yourself there on the land --","and/CC so/RB it/PRP 's/BES ,/, it/PRP 's/BES handy/JJ to/TO ,/, to/TO station/VB yourself/PRP there/RB on/IN the/DT land/NN --/:",,,31.59,35.38999999999999
sw08utt/sw_0871_2930.utt,2/sw2930,2930,16,b,A,7,1,Uh-huh. /,Uh-huh/UH ./.,,,35.39,35.51
sw08utt/sw_0871_2930.utt,2/sw2930,2930,17,+,B,8,1,"-- and then make trips up into the mountains for backpacking and hiking [ and, + and ] overnight camping. /","--/: and/CC then/RB make/VB trips/NNS up/IN into/IN the/DT mountains/NNS for/IN backpacking/NN and/CC hiking/NN and/CC ,/, and/CC overnight/JJ camping/NN ./.",,,35.51,40.97
sw08utt/sw_0871_2930.utt,2/sw2930,2930,18,ba,A,9,1,"{D Well, } that sounds fun. /","Well/UH ,/, that/DT sounds/VBZ fun/JJ ./.",,,41.37,42.43
sw08utt/sw_0871_2930.utt,2/sw2930,2930,19,qy,B,10,1,Do you do most of yours in tents? /,Do/VBP you/PRP do/VB most/RBS of/IN yours/PRP in/IN tents/NNS ?/.,,,42.63,44.11
sw08utt/sw_0871_2930.utt,2/sw2930,2930,20,ny,A,11,1,"Yeah,  /","Yeah/UH ,/,",,,44.78,45.04
sw08utt/sw_0871_2930.utt,2/sw2930,2930,21,sd^e,A,11,2,"we've done ours, - /","we/PRP 've/VBP done/VBN ours/PRP ,/,",,,45.2,45.84
sw08utt/sw_0871_2930.utt,2/sw2930,2930,22,sd,A,11,3,I've only been camping twice. /,I/PRP 've/VBP only/RB been/VBN camping/VBG twice/RB ./.,,,46.08,47.82
sw08utt/sw_0871_2930.utt,2/sw2930,2930,23,ba,B,12,1,"{F Oh, } wow. /","Oh/UH ,/, wow/UH ./.",,,47.87,48.69
sw08utt/sw_0871_2930.utt,2/sw2930,2930,24,sd,A,13,1,{C And } one of them I don't really consider camping. /,And/CC one/CD of/IN them/PRP I/PRP do/VBP n't/RB really/RB consider/VB camping/NN ./.,,,48.78,50.63999999999999
sw08utt/sw_0871_2930.utt,2/sw2930,2930,25,b,B,14,1,{F Um. } /,Um/UH ./.,,,50.87,51.07
sw08utt/sw_0871_2930.utt,2/sw2930,2930,26,sd,A,15,1,It was on the edge of the lake  /,It/PRP was/VBD on/IN the/DT edge/NN of/IN the/DT lake/NN,,,51.06,52.559999999999995
sw08utt/sw_0871_2930.utt,2/sw2930,2930,27,sd,A,15,2,{C and } it was at a camp.  /,and/CC it/PRP was/VBD at/IN a/DT camp/NN ./.,,,52.56,53.42
sw08utt/sw_0871_2930.utt,2/sw2930,2930,28,sd,A,15,3,I don't like those camping grounds --,I/PRP do/VBP n't/RB like/VB those/DT camping/NN grounds/NNS --/:,,,53.42,55.06
sw08utt/sw_0871_2930.utt,2/sw2930,2930,29,b,B,16,1,Uh-huh. /,Uh-huh/UH ./.,,,55.07,55.23
sw08utt/sw_0871_2930.utt,2/sw2930,2930,30,+,A,17,1,"-- where, {D you know, } you got R V beside you and then another people in tents beside you. /","--/: where/WRB ,/, you/PRP know/VBP ,/, you/PRP got/VBD R/NN V/NN beside/IN you/PRP and/CC then/RB another/DT people/NNS in/IN tents/NNS beside/IN you/PRP ./.",,,55.22,58.54
sw08utt/sw_0871_2930.utt,2/sw2930,2930,31,b,B,18,1,# Uh-huh. # /,Uh-huh/UH ./.,,,0.0,0.0
sw08utt/sw_0871_2930.utt,2/sw2930,2930,32,sd,A,19,1,# I # just don't care for that. /,I/PRP just/RB do/VBP n't/RB care/VB for/IN that/DT ./.,,,58.54,60.38
sw08utt/sw_0871_2930.utt,2/sw2930,2930,33,aa,B,20,1,"No,  /","No/UH ,/,",,,60.51,60.809999999999995
sw08utt/sw_0871_2930.utt,2/sw2930,2930,34,aa,B,20,2,I agree with you.  /,I/PRP agree/VBP with/IN you/PRP ./.,,,60.83,61.73
sw08utt/sw_0871_2930.utt,2/sw2930,2930,35,sv,B,20,3,"I think it's much nicer when you can really get out far enough away where,","I/PRP think/VBP it/PRP 's/BES much/RB nicer/JJR when/WRB you/PRP can/MD really/RB get/VB out/IN far/RB enough/RB away/RB where/WRB ,/,",,,61.73,65.77
sw08utt/sw_0871_2930.utt,2/sw2930,2930,36,b,A,21,1,# Uh-huh. # /,Uh-huh/UH ./.,,,0.0,0.0
sw08utt/sw_0871_2930.utt,2/sw2930,2930,37,+,B,22,1,# that # you can't see people --,that/IN you/PRP ca/MD n't/RB see/VB people/NNS --/:,,,65.77,67.31
sw08utt/sw_0871_2930.utt,2/sw2930,2930,38,b,A,23,1,Right. /,Right/UH ./.,,,68.04,68.24000000000001
sw08utt/sw_0871_2930.utt,2/sw2930,2930,39,+,B,24,1,-- <Laughter> right out the window.  /,--/: right/RB out/IN the/DT window/NN ./.,,,68.27,69.45
sw08utt/sw_0871_2930.utt,2/sw2930,2930,40,%,B,24,2,"{C But, } -/","But/CC ,/,",,,69.69,69.85
sw08utt/sw_0871_2930.utt,2/sw2930,2930,41,%,A,25,1,"{D Well, } it doesn't, {F uh, } - /","Well/UH ,/, it/PRP does/VBZ n't/RB ,/, uh/UH ,/,",,,69.84,71.60000000000001
sw08utt/sw_0871_2930.utt,2/sw2930,2930,42,%,A,25,2,"we, {F uh, } - /","we/PRP ,/, uh/UH ,/,",,,71.6,72.14
sw08utt/sw_0871_2930.utt,2/sw2930,2930,43,%,A,25,3,"four years ago, - /","four/CD years/NNS ago/RB ,/,",,,72.9,73.76
sw08utt/sw_0871_2930.utt,2/sw2930,2930,44,sd,A,25,4,"it was about four years ago, my little boy was three months old  /","it/PRP was/VBD about/RB four/CD years/NNS ago/RB ,/, my/PRP$ little/JJ boy/NN was/VBD three/CD months/NNS old/JJ",,,73.76,76.14
sw08utt/sw_0871_2930.utt,2/sw2930,2930,45,sd,A,25,5,{C and } the first time I left him we went overnight camping. /,and/CC the/DT first/JJ time/NN I/PRP left/VBD him/PRP we/PRP went/VBD overnight/JJ camping/VBG ./.,,,76.14,78.60000000000001
sw08utt/sw_0871_2930.utt,2/sw2930,2930,46,b,B,26,1,Uh-huh. /,Uh-huh/UH ./.,,,78.75,78.91
sw08utt/sw_0871_2930.utt,2/sw2930,2930,47,sd,A,27,1,"{C And } we went, and we found this little peninsula out in the middle of nowhere by the lake.  /","And/CC we/PRP went/VBD ,/, and/CC we/PRP found/VBD this/DT little/JJ peninsula/NN out/IN in/IN the/DT middle/NN of/IN nowhere/RB by/IN the/DT lake/NN ./.",,,78.94,82.86
sw08utt/sw_0871_2930.utt,2/sw2930,2930,48,sd,A,27,2,{C And } we had a ball. /,And/CC we/PRP had/VBD a/DT ball/NN ./.,,,83.52,84.3
sw08utt/sw_0871_2930.utt,2/sw2930,2930,49,b,B,28,1,Uh-huh. /,Uh-huh/UH ./.,,,84.31,84.43
sw08utt/sw_0871_2930.utt,2/sw2930,2930,50,sd,A,29,1,"Just sat out there with our, - /","Just/RB sat/VBD out/IN there/RB with/IN our/PRP$ ,/,",,,84.42,85.61999999999999
sw08utt/sw_0871_2930.utt,2/sw2930,2930,51,sd,A,29,2,"we didn't even use tents then,  /","we/PRP did/VBD n't/RB even/JJ use/VB tents/NNS then/RB ,/,",,,86.18,87.58
sw08utt/sw_0871_2930.utt,2/sw2930,2930,52,sd,A,29,3,"we just had, {F uh, } sleeping bags --","we/PRP just/RB had/VBD ,/, uh/UH ,/, sleeping/NN bags/NNS --/:",,,87.58,89.32000000000001
sw08utt/sw_0871_2930.utt,2/sw2930,2930,53,b,B,30,1,Uh-huh. /,Uh-huh/UH ./.,,,89.43,89.59
sw08utt/sw_0871_2930.utt,2/sw2930,2930,54,+,A,31,1,-- and fire going.  /,--/: and/CC fire/NN going/VBG ./.,,,90.06,90.86
sw08utt/sw_0871_2930.utt,2/sw2930,2930,55,sd,A,31,2,{C And } we fried potatoes and bacon and everything for breakfast the next morning. /,And/CC we/PRP fried/VBD potatoes/NNS and/CC bacon/NN and/CC everything/NN for/IN breakfast/NN the/DT next/JJ morning/NN ./.,,,90.86,94.8
sw08utt/sw_0871_2930.utt,2/sw2930,2930,56,qy^d,B,32,1,"Doesn't that always taste so much better,","Does/VBZ n't/RB that/DT always/RB taste/VB so/RB much/RB better/JJR ,/,",,,94.97,96.65
sw08utt/sw_0871_2930.utt,2/sw2930,2930,57,na,A,33,1,"# {F Oh, } it did,  /","Oh/UH ,/, it/PRP did/VBD ,/,",,,0.0,0.0
sw08utt/sw_0871_2930.utt,2/sw2930,2930,58,na^r,A,33,2,it did. # /,it/PRP did/VBD ./.,,,0.0,0.0
sw08utt/sw_0871_2930.utt,2/sw2930,2930,59,+,B,34,1,# when you're out like that.  /,when/WRB you/PRP 're/VBP out/RB like/IN that/DT ./.,,,96.65,97.57
sw08utt/sw_0871_2930.utt,2/sw2930,2930,60,%,B,34,2,# Yeah. /,Yeah/UH ./.,,,97.65,97.99000000000001
sw08utt/sw_0871_2930.utt,2/sw2930,2930,61,sd,A,35,1,I didn't even think about frying potatoes.  /,I/PRP did/VBD n't/RB even/RB think/VB about/IN frying/VBG potatoes/NNS ./.,,,98.27,100.05000000000001
sw08utt/sw_0871_2930.utt,2/sw2930,2930,62,sd,A,35,2,"{C But } my sister-in-law, she's always done a lot of camping. /","But/CC my/PRP$ sister-in-law/NN ,/, she/PRP 's/HVS always/RB done/VBN a/DT lot/NN of/IN camping/NN ./.",,,100.05,102.65
sw08utt/sw_0871_2930.utt,2/sw2930,2930,63,b,B,36,1,Uh-huh. /,Uh-huh/UH ./.,,,102.71,102.94999999999999
sw08utt/sw_0871_2930.utt,2/sw2930,2930,64,sd,A,37,1,{C And } she's good.  /,And/CC she/PRP 's/BES good/JJ ./.,,,103.35,104.21
sw08utt/sw_0871_2930.utt,2/sw2930,2930,65,sd,A,37,2,She'd think about bringing a rake so you can rake your area out.  /,She/PRP 'd/MD think/VB about/IN bringing/VBG a/DT rake/NN so/IN you/PRP can/MD rake/VB your/PRP$ area/NN out/RB ./.,,,104.21,107.81
sw08utt/sw_0871_2930.utt,2/sw2930,2930,66,b,A,37,3,"{C And, } yeah. /","And/CC ,/, yeah/UH ./.",,,107.83,108.08999999999999
sw08utt/sw_0871_2930.utt,2/sw2930,2930,67,b,B,38,1,That's right.  /,That/DT 's/BES right/JJ ./.,,,108.11,108.69
sw08utt/sw_0871_2930.utt,2/sw2930,2930,68,sv,B,38,2,If you don't you'll find every rock on it [ when you --,If/IN you/PRP do/VBP n't/RB you/PRP 'll/MD find/VB every/DT rock/NN on/IN it/PRP when/WRB you/PRP --/:,,,108.69,110.81
sw08utt/sw_0871_2930.utt,2/sw2930,2930,69,b,A,39,1,Uh-huh. /,Uh-huh/UH ./.,,,110.99,111.19
sw08utt/sw_0871_2930.utt,2/sw2930,2930,70,+,B,40,1,"-- put your + <laughter>, when you put your ] bag down. /","--/: put/VB your/PRP$ ,/, when/WRB you/PRP put/VBP your/PRP$ bag/NN down/RB ./.",,,112.09,113.42999999999999
sw08utt/sw_0871_2930.utt,2/sw2930,2930,71,%,A,41,1,"{D Well, } sh-, - /","Well/UH ,/, sh-/XX ,/,",,,0.0,0.0
sw08utt/sw_0871_2930.utt,2/sw2930,2930,72,%,A,41,2,"yeah,  /","yeah/UH ,/,",,,113.51,113.61
sw08utt/sw_0871_2930.utt,2/sw2930,2930,73,sd,A,41,3,"[ she was, + she is ] always prepared,  /","she/PRP was/VBD ,/, she/PRP is/VBZ always/RB prepared/JJ ,/,",,,113.75,116.00999999999999
sw08utt/sw_0871_2930.utt,2/sw2930,2930,74,sd,A,41,4,"{E I mean, } she brought everything from, like I said, toilet paper to the rake.  /","I/PRP mean/VBP ,/, she/PRP brought/VBD everything/NN from/IN ,/, like/IN I/PRP said/VBD ,/, toilet/NN paper/NN to/IN the/DT rake/NN ./.",,,116.01,119.01
sw08utt/sw_0871_2930.utt,2/sw2930,2930,75,sd,A,41,5,"The only thing we'd had to do, we had to go out looking for some kind of a grill, {D you know. } /","The/DT only/JJ thing/NN we/PRP 'd/MD had/VBD to/TO do/VB ,/, we/PRP had/VBD to/TO go/VB out/RP looking/VBG for/IN some/DT kind/NN of/IN a/DT grill/NN ,/, you/PRP know/VBP ./.",,,119.01,123.77
sw08utt/sw_0871_2930.utt,2/sw2930,2930,76,b,B,42,1,Uh-huh. /,Uh-huh/UH ./.,,,123.81,124.05
sw08utt/sw_0871_2930.utt,2/sw2930,2930,77,sd,A,43,1,"[ [ We, + {C and } we, ] + {C and } we ] seen this old refrigerator that somebody had dumped -- /","We/PRP ,/, and/CC we/PRP ,/, and/CC we/PRP seen/VBN this/DT old/JJ refrigerator/NN that/DT somebody/NN had/VBD dumped/VBN --/:",,,124.34,127.52000000000001
sw08utt/sw_0871_2930.utt,2/sw2930,2930,78,b,B,44,1,Uh-huh. /,Uh-huh/UH ./.,,,127.89,128.07
sw08utt/sw_0871_2930.utt,2/sw2930,2930,79,sd,A,45,1,"-- {C and } we broke the, I guess it's the freezing component -- /","--/: and/CC we/PRP broke/VBD the/DT ,/, I/PRP guess/VBP it/PRP 's/BES the/DT freezing/VBG component/NN --/:",,,128.38,131.76
sw08utt/sw_0871_2930.utt,2/sw2930,2930,80,b,B,46,1,Uh-huh. /,Uh-huh/UH ./.,,,132.05,132.25
sw08utt/sw_0871_2930.utt,2/sw2930,2930,81,sd,A,47,1,"-- {C and } we broke that out of there and put it over our, {F um, } hole. /","--/: and/CC we/PRP broke/VBD that/DT out/IN of/IN there/RB and/CC put/VBD it/PRP over/IN our/PRP$ ,/, um/UH ,/, hole/NN ./.",,,132.24,135.66
sw08utt/sw_0871_2930.utt,2/sw2930,2930,82,ba,B,48,1,"{F Oh, } what a clever idea -- /","Oh/UH ,/, what/WP a/DT clever/JJ idea/NN --/:",,,136.07,137.37
sw08utt/sw_0871_2930.utt,2/sw2930,2930,83,b,A,49,1,Yeah. /,Yeah/UH ./.,,,137.34,137.46
sw08utt/sw_0871_2930.utt,2/sw2930,2930,84,sd,B,50,1,-- I wouldn't have thought about that. /,--/: I/PRP would/MD n't/RB have/VB thought/VBN about/IN that/DT ./.,,,137.49,138.82999999999998
sw08utt/sw_0871_2930.utt,2/sw2930,2930,85,sd,A,51,1,"{D Well, } it held our pan and, {D you know, } the potatoes and stuff.  /","Well/UH ,/, it/PRP held/VBD our/PRP$ pan/NN and/CC ,/, you/PRP know/VBP ,/, the/DT potatoes/NNS and/CC stuff/NN ./.",,,138.8,141.62
sw08utt/sw_0871_2930.utt,2/sw2930,2930,86,sd,A,51,2,We had a good time. /,We/PRP had/VBD a/DT good/JJ time/NN ./.,,,141.72,143.0
sw08utt/sw_0871_2930.utt,2/sw2930,2930,87,ba,B,52,1,"{F Oh, } that's a good idea. /","Oh/UH ,/, that/DT 's/BES a/DT good/JJ idea/NN ./.",,,143.29,144.43
sw08utt/sw_0871_2930.utt,2/sw2930,2930,88,b,A,53,1,"Yeah,  /","Yeah/UH ,/,",,,144.4,144.58
sw08utt/sw_0871_2930.utt,2/sw2930,2930,89,sd,A,53,2,we're still waiting to go again. /,we/PRP 're/VBP still/RB waiting/VBG to/TO go/VB again/RB ./.,,,145.02,146.6
sw08utt/sw_0871_2930.utt,2/sw2930,2930,90,b,B,54,1,Uh-huh.  /,Uh-huh/UH ./.,,,146.69,146.89
sw08utt/sw_0871_2930.utt,2/sw2930,2930,91,sd,B,54,2,"{D Well } if you get a chance, - /","Well/UH if/IN you/PRP get/VBP a/DT chance/NN ,/,",,,147.13,148.61
sw08utt/sw_0871_2930.utt,2/sw2930,2930,92,sd,B,54,3,"{D now } there are some really nice camping areas, {F uh, } up in the Wichitas, which is in Oklahoma --","now/UH there/EX are/VBP some/DT really/RB nice/JJ camping/NN areas/NNS ,/, uh/UH ,/, up/IN in/IN the/DT Wichitas/NNPS ,/, which/WDT is/VBZ in/IN Oklahoma/NNP --/:",,,148.61,153.98999999999998
sw08utt/sw_0871_2930.utt,2/sw2930,2930,93,b,A,55,1,Uh-huh. /,Uh-huh/UH ./.,,,154.12,154.34
sw08utt/sw_0871_2930.utt,2/sw2930,2930,94,+,B,56,1,"-- and, {F uh, } Arkansas. /","--/: and/CC ,/, uh/UH ,/, Arkansas/NNP ./.",,,154.76,155.77
sw08utt/sw_0871_2930.utt,2/sw2930,2930,95,b^m,A,57,1,Arkansas. /,Arkansas/NNP ./.,,,156.0,156.46
sw08utt/sw_0871_2930.utt,2/sw2930,2930,96,sd,B,58,1,I can't remember the name.  /,I/PRP ca/MD n't/RB remember/VB the/DT name/NN ./.,,,156.48,158.56
sw08utt/sw_0871_2930.utt,2/sw2930,2930,97,sd,B,58,2,"[ It's, + it's ] on the Oklahoma-Arkansas border. /","It/PRP 's/BES ,/, it/PRP 's/BES on/IN the/DT Oklahoma-Arkansas/NNP border/NN ./.",,,158.92,160.94
sw08utt/sw_0871_2930.utt,2/sw2930,2930,98,b,A,59,1,Uh-huh. /,Uh-huh/UH ./.,,,161.24,161.52
sw08utt/sw_0871_2930.utt,2/sw2930,2930,99,sd,B,60,1,"{C And } it won't take but [ just a, + {D you know, } just a ] quick look at a map to find where those mountains are, /","And/CC it/PRP wo/MD n't/RB take/VB but/CC just/RB a/DT ,/, you/PRP know/VBP ,/, just/RB a/DT quick/JJ look/NN at/IN a/DT map/NN to/TO find/VB where/WRB those/DT mountains/NNS are/VBP ,/,",,,161.54,167.48
sw08utt/sw_0871_2930.utt,2/sw2930,2930,100,b,A,61,1,# Uh-huh. # /,Uh-huh/UH ./.,,,0.0,0.0
sw08utt/sw_0871_2930.utt,2/sw2930,2930,101,sd,B,62,1,"# {C but } # I took a drive up through there, as a matter of fact, last September, just took the drive through to see what was there. /","but/CC I/PRP took/VBD a/DT drive/NN up/IN through/IN there/RB ,/, as/IN a/DT matter/NN of/IN fact/NN ,/, last/JJ September/NNP ,/, just/RB took/VBD the/DT drive/NN through/IN to/TO see/VB what/WP was/VBD there/RB ./.",,,167.48,172.82000000000002
sw08utt/sw_0871_2930.utt,2/sw2930,2930,102,b,A,63,1,Uh-huh. /,Uh-huh/UH ./.,,,172.97,173.15
sw08utt/sw_0871_2930.utt,2/sw2930,2930,103,sd,B,64,1,They have some wonderful camping areas there. /,They/PRP have/VBP some/DT wonderful/JJ camping/NN areas/NNS there/RB ./.,,,173.36,175.5
sw08utt/sw_0871_2930.utt,2/sw2930,2930,104,qy^d,A,65,1,Pretty. /,Pretty/JJ ./.,,,175.47,175.57
sw08utt/sw_0871_2930.utt,2/sw2930,2930,105,na,B,66,1,"Beautiful, beautiful country. /","Beautiful/JJ ,/, beautiful/JJ country/NN ./.",,,175.8,177.38
sw08utt/sw_0871_2930.utt,2/sw2930,2930,106,sd,A,67,1,"{D Well, } I love to swim,  /","Well/UH ,/, I/PRP love/VBP to/TO swim/VB ,/,",,,177.81,178.82999999999998
sw08utt/sw_0871_2930.utt,2/sw2930,2930,107,sd,A,67,2,{C so } I like to get out by a lake --,so/RB I/PRP like/VBP to/TO get/VB out/IN by/IN a/DT lake/NN --/:,,,178.83,180.55
sw08utt/sw_0871_2930.utt,2/sw2930,2930,108,b,B,68,1,Uh-huh. /,Uh-huh/UH ./.,,,180.74,181.14000000000001
sw08utt/sw_0871_2930.utt,2/sw2930,2930,109,+,A,69,1,"-- or a, {F uh, } {D you know, } somewhere close --","--/: or/CC a/DT ,/, uh/UH ,/, you/PRP know/VBP ,/, somewhere/RB close/RB --/:",,,181.27,183.82999999999998
sw08utt/sw_0871_2930.utt,2/sw2930,2930,110,b,B,70,1,Yeah. /,Yeah/UH ./.,,,183.93,184.11
sw08utt/sw_0871_2930.utt,2/sw2930,2930,111,+,A,71,1,-- where we can swim. /,--/: where/WRB we/PRP can/MD swim/VB ./.,,,184.87,185.54999999999998
sw08utt/sw_0871_2930.utt,2/sw2930,2930,112,b,B,72,1,"Right,  /","Right/UH ,/,",,,185.57,185.91
sw08utt/sw_0871_2930.utt,2/sw2930,2930,113,sd,B,72,2,"{D well, } [ Lake, + Lake ] Tawakoni is a pretty nice place -- /","well/UH ,/, Lake/NNP ,/, Lake/NNP Tawakoni/NNP is/VBZ a/DT pretty/RB nice/JJ place/NN --/:",,,186.15,189.05
sw08utt/sw_0871_2930.utt,2/sw2930,2930,114,b,A,73,1,Uh-huh. /,Uh-huh/UH ./.,,,189.03,189.25
sw08utt/sw_0871_2930.utt,2/sw2930,2930,115,sd,B,74,1,"-- {C and } we had a two bedroom mobile home there,  /","--/: and/CC we/PRP had/VBD a/DT two/CD bedroom/NN mobile/JJ home/NN there/RB ,/,",,,189.55,192.41
sw08utt/sw_0871_2930.utt,2/sw2930,2930,116,sd,B,74,2,{C but } the boys still liked to throw their sleeping bags out by the lake and --,but/CC the/DT boys/NNS still/RB liked/VBD to/TO throw/VB their/PRP$ sleeping/NN bags/NNS out/IN by/IN the/DT lake/NN and/CC --/:,,,192.41,196.09
sw08utt/sw_0871_2930.utt,2/sw2930,2930,117,b,A,75,1,Uh-huh. /,Uh-huh/UH ./.,,,196.06,196.18
sw08utt/sw_0871_2930.utt,2/sw2930,2930,118,+,B,76,1,-- build a little fire and roast their marshmallows until the mosquitos bit --,--/: build/VB a/DT little/JJ fire/NN and/CC roast/VB their/PRP$ marshmallows/NNS until/IN the/DT mosquitos/NNS bit/VBD --/:,,,196.21,199.69
sw08utt/sw_0871_2930.utt,2/sw2930,2930,119,b,A,77,1,Yeah. /,Yeah/UH ./.,,,199.66,199.82
sw08utt/sw_0871_2930.utt,2/sw2930,2930,120,+,B,78,1,-- and then they came in. /,--/: and/CC then/RB they/PRP came/VBD in/RB ./.,,,199.95,200.75
sw08utt/sw_0871_2930.utt,2/sw2930,2930,121,qw,A,79,1,How old are your boys? /,How/WRB old/JJ are/VBP your/PRP$ boys/NNS ?/.,,,201.24,202.2
sw08utt/sw_0871_2930.utt,2/sw2930,2930,122,sd,B,80,1,"{F Oh, } {F oh } they're grown now. /","Oh/UH ,/, oh/UH they/PRP 're/VBP grown/JJ now/RB ./.",,,202.85,204.23000000000002
sw08utt/sw_0871_2930.utt,2/sw2930,2930,123,qy^d,A,81,1,"{F Oh, } {C so } they don't go camping with you. /","Oh/UH ,/, so/RB they/PRP do/VBP n't/RB go/VB camping/VBG with/IN you/PRP ./.",,,204.5,206.08
sw08utt/sw_0871_2930.utt,2/sw2930,2930,124,ng,B,82,1,They go camping on their own. /,They/PRP go/VBP camping/VBG on/IN their/PRP$ own/JJ ./.,,,206.43,207.67
sw08utt/sw_0871_2930.utt,2/sw2930,2930,125,b,A,83,1,Oh. /,Oh/UH ./.,,,207.64,207.73999999999998
sw08utt/sw_0871_2930.utt,2/sw2930,2930,126,sv,B,84,1,"Once you start them, they enjoy it all their lives. /","Once/RB you/PRP start/VBP them/PRP ,/, they/PRP enjoy/VBP it/PRP all/DT their/PRP$ lives/NNS ./.",,,208.07,210.57
sw08utt/sw_0871_2930.utt,2/sw2930,2930,127,b,A,85,1,"Yeah,  /","Yeah/UH ,/,",,,210.54,210.66
sw08utt/sw_0871_2930.utt,2/sw2930,2930,128,sd,A,85,2,"{D well, } I haven't taken my little boy yet. /","well/UH ,/, I/PRP have/VBP n't/RB taken/VBN my/PRP$ little/JJ boy/NN yet/RB ./.",,,211.08,212.70000000000002
sw08utt/sw_0871_2930.utt,2/sw2930,2930,129,b,B,86,1,Uh-huh. /,Uh-huh/UH ./.,,,212.73,212.85
sw08utt/sw_0871_2930.utt,2/sw2930,2930,130,sd,A,87,1,I'm afraid to get him out.  /,I/PRP 'm/VBP afraid/JJ to/TO get/VB him/PRP out/RB ./.,,,212.92,214.4
sw08utt/sw_0871_2930.utt,2/sw2930,2930,131,sd,A,87,2,"He is so fearless, [ he, + ] it terrifies me. /","He/PRP is/VBZ so/RB fearless/JJ ,/, he/PRP ,/, it/PRP terrifies/VBZ me/PRP ./.",,,214.4,218.5
sw08utt/sw_0871_2930.utt,2/sw2930,2930,132,b,B,88,1,Uh-huh  /,Uh-huh/UH,,,218.57,218.82999999999998
sw08utt/sw_0871_2930.utt,2/sw2930.pos,2930,133,x,B,88,2,<laughter>.,./.,,,0.0,0.0
sw08utt/sw_0871_2930.utt,2/sw2930,2930,134,%,A,89,1,"He, -/","He/PRP ,/,",,,218.8,218.88000000000002
sw08utt/sw_0871_2930.utt,2/sw2930,2930,135,ad,B,90,1,"{F Oh, } don't be concerned.  /","Oh/UH ,/, do/VBP n't/RB be/VB concerned/JJ ./.",,,219.03,220.39000000000001
sw08utt/sw_0871_2930.utt,2/sw2930,2930,136,sv,B,90,2,There's much less for them to get hurt on camping than there is elsewhere. /,There/EX 's/BES much/RB less/JJR for/IN them/PRP to/TO get/VB hurt/VBN on/IN camping/NN than/IN there/EX is/VBZ elsewhere/RB ./.,,,220.39,223.45
sw08utt/sw_0871_2930.utt,2/sw2930,2930,137,qy,A,91,1,Think so? /,Think/VBP so/RB ?/.,,,223.66,224.20000000000002
sw08utt/sw_0871_2930.utt,2/sw2930,2930,138,ny,B,92,1,Uh-huh. /,Uh-huh/UH ./.,,,224.37,224.63
sw08utt/sw_0871_2930.utt,2/sw2930,2930,139,sd,A,93,1,"{D Well, } it's the water he's not scared of.  /","Well/UH ,/, it/PRP 's/BES the/DT water/NN he/PRP 's/BES not/RB scared/JJ of/IN ./.",,,224.6,226.26000000000002
sw08utt/sw_0871_2930.utt,2/sw2930,2930,140,sd,A,93,2,He'll go out into it until it's up to his nose --,He/PRP 'll/MD go/VB out/IN into/IN it/PRP until/IN it/PRP 's/BES up/IN to/IN his/PRP$ nose/NN --/:,,,226.26,228.46
sw08utt/sw_0871_2930.utt,2/sw2930,2930,141,b,B,94,1,Uh-huh. /,Uh-huh/UH ./.,,,228.69,228.87
sw08utt/sw_0871_2930.utt,2/sw2930,2930,142,+,A,95,1,-- and then try to  (( tread ))  back <laughter>. /,--/: and/CC then/RB try/VB to/TO tread/VB back/RB ./.,,,229.14,230.57999999999998
sw08utt/sw_0871_2930.utt,2/sw2930,2930,143,b,B,96,1,Uh-huh.  /,Uh-huh/UH ./.,,,230.81,231.09
sw08utt/sw_0871_2930.utt,2/sw2930,2930,144,sd,B,96,2,"{D Well, } it's easy to keep him occupied though on land.  /","Well/UH ,/, it/PRP 's/BES easy/JJ to/TO keep/VB him/PRP occupied/JJ though/IN on/IN land/NN ./.",,,231.83,234.13
sw08utt/sw_0871_2930.utt,2/sw2930,2930,145,sd,B,96,3,"I know that I took my kids, we'd go out,  /","I/PRP know/VBP that/IN I/PRP took/VBD my/PRP$ kids/NNS ,/, we/PRP 'd/MD go/VB out/RB ,/,",,,234.13,236.11
sw08utt/sw_0871_2930.utt,2/sw2930,2930,146,sd,B,96,4,{C and } I've them walk with me along the lakefront -- /,and/CC I/PRP 've/VBP them/PRP walk/VB with/IN me/PRP along/IN the/DT lakefront/NN --/:,,,236.23,239.07
sw08utt/sw_0871_2930.utt,2/sw2930,2930,147,b,A,97,1,Uh-huh. /,Uh-huh/UH ./.,,,239.04,239.17999999999998
sw08utt/sw_0871_2930.utt,2/sw2930,2930,148,sd,B,98,1,"-- {C and } we'd have a little contest finding the tiniest shell, and finding the biggest shell.  /","--/: and/CC we/PRP 'd/MD have/VB a/DT little/JJ contest/NN finding/VBG the/DT tiniest/JJS shell/NN ,/, and/CC finding/VBG the/DT biggest/JJS shell/NN ./.",,,239.21,243.54999999999998
sw08utt/sw_0871_2930.utt,2/sw2930,2930,149,sd,B,98,2,"[ {C And, } + {C or } ] we'd hunt pine cones --","And/CC ,/, or/CC we/PRP 'd/MD hunt/VB pine/NN cones/NNS --/:",,,243.55,245.85
sw08utt/sw_0871_2930.utt,2/sw2930,2930,150,b,A,99,1,Uh-huh. /,Uh-huh/UH ./.,,,245.82,245.95999999999998
sw08utt/sw_0871_2930.utt,2/sw2930,2930,151,+,B,100,1,"-- {C or } we climbed some, {F uh, } pinon pines one year and gathered the cones so  that we could eat the pine nuts. /","--/: or/CC we/PRP climbed/VBD some/DT ,/, uh/UH ,/, pinon/NN pines/NNS one/CD year/NN and/CC gathered/VBD the/DT cones/NNS so/IN that/IN we/PRP could/MD eat/VB the/DT pine/NN nuts/NNS ./.",,,245.99,253.04
sw08utt/sw_0871_2930.utt,2/sw2930,2930,152,b,A,101,1,Uh-huh. /,Uh-huh/UH ./.,,,253.02,253.3
sw08utt/sw_0871_2930.utt,2/sw2930,2930,153,sd,B,102,1,"{C And, } we did a lot of naturalist work when we were out.  /","And/CC ,/, we/PRP did/VBD a/DT lot/NN of/IN naturalist/NN work/NN when/WRB we/PRP were/VBD out/RB ./.",,,253.82,256.56
sw08utt/sw_0871_2930.utt,2/sw2930,2930,154,sd,B,102,2,"[ [ We, + {D you know, } we, ] +","We/PRP ,/, you/PRP know/VBP ,/, we/PRP ,/,",,,256.6,258.36
sw08utt/sw_0871_2930.utt,2/sw2930,2930,155,b,A,103,1,# Uh-huh. # /,Uh-huh/UH ./.,,,0.0,0.0
sw08utt/sw_0871_2930.utt,2/sw2930,2930,156,+,B,104,1,# we ] # searched for  ((   )) - /,we/PRP searched/VBD for/IN MUMBLEx/XX,,,258.52,259.85999999999996
sw08utt/sw_0871_2930.utt,2/sw2930,2930,157,sd,B,104,2,{C and } we ate the wild plants  /,and/CC we/PRP ate/VBD the/DT wild/JJ plants/NNS,,,259.94,261.6
sw08utt/sw_0871_2930.utt,2/sw2930,2930,158,sd,B,104,3,"{C and } we gathered wild berries,  /","and/CC we/PRP gathered/VBD wild/JJ berries/NNS ,/,",,,261.6,263.06
sw08utt/sw_0871_2930.utt,2/sw2930,2930,159,%,B,104,4,"{C and, } {F uh, } it's really,  {D you know } -- -/","and/CC ,/, uh/UH ,/, it/PRP 's/BES really/RB ,/, you/PRP know/VBP --/:",,,263.06,265.86
sw08utt/sw_0871_2930.utt,2/sw2930,2930,160,b,A,105,1,Yeah. /,Yeah/UH ./.,,,265.84,266.02
sw08utt/sw_0871_2930.utt,2/sw2930,2930,161,sv,B,106,1,"-- [ the, + the ] mountains can accommodate you if you know what to find. /","--/: the/DT ,/, the/DT mountains/NNS can/MD accommodate/VB you/PRP if/IN you/PRP know/VBP what/WP to/TO find/VB ./.",,,266.04,268.78000000000003
sw08utt/sw_0871_2930.utt,2/sw2930,2930,162,bc,A,107,1,If you know what to look for. /,If/IN you/PRP know/VBP what/WP to/TO look/VB for/IN ./.,,,268.76,269.62
sw08utt/sw_0871_2930.utt,2/sw2930,2930,163,aa,B,108,1,Uh-huh.  /,Uh-huh/UH ./.,,,269.64,269.78
sw08utt/sw_0871_2930.utt,2/sw2930,2930,164,sd,B,108,2,"I had my boys build their own little [ c-, + ] {D you know, } three leg camp stools by cutting a branch off the tree and binding them together with bark. /","I/PRP had/VBD my/PRP$ boys/NNS build/VB their/PRP$ own/JJ little/JJ c-/XX ,/, you/PRP know/VBP ,/, three/CD leg/NN camp/NN stools/NNS by/IN cutting/VBG a/DT branch/NN off/IN the/DT tree/NN and/CC binding/VBG them/PRP together/RB with/IN bark/NN ./.",,,269.8,276.74
sw08utt/sw_0871_2930.utt,2/sw2930,2930,165,ba,A,109,1,"{D Well, } that sounds so neat. /","Well/UH ,/, that/DT sounds/VBZ so/RB neat/JJ ./.",,,277.51,278.78999999999996
sw08utt/sw_0871_2930.utt,2/sw2930,2930,166,sd,B,110,1,"{C And, } {F uh, } we cooked in a pot.  /","And/CC ,/, uh/UH ,/, we/PRP cooked/VBD in/IN a/DT pot/NN ./.",,,278.82,282.04
sw08utt/sw_0871_2930.utt,2/sw2930,2930,167,sd,B,110,2,"I baked them a cake, right there on a camp fire.  /","I/PRP baked/VBD them/PRP a/DT cake/NN ,/, right/RB there/RB on/IN a/DT camp/NN fire/NN ./.",,,282.4,284.3
sw08utt/sw_0871_2930.utt,2/sw2930,2930,168,sd,B,110,3,They were so impressed. /,They/PRP were/VBD so/RB impressed/JJ ./.,,,284.3,284.92
sw08utt/sw_0871_2930.utt,2/sw2930,2930,169,b,A,111,1,Yeah. /,Yeah/UH ./.,,,284.99,285.15000000000003
sw08utt/sw_0871_2930.utt,2/sw2930,2930,170,sd,B,112,1,I used a tire chain and the bottom of a Dutch oven. /,I/PRP used/VBD a/DT tire/NN chain/NN and/CC the/DT bottom/NN of/IN a/DT Dutch/JJ oven/NN ./.,,,285.26,287.88
sw08utt/sw_0871_2930.utt,2/sw2930,2930,171,sd,A,113,1,"{D Well, } I'm impressed <laughter>. /","Well/UH ,/, I/PRP 'm/VBP impressed/JJ ./.",,,288.33,289.47
sw08utt/sw_0871_2930.utt,2/sw2930,2930,172,x,B,114,1,<Laughter>.,,,,0.0,0.0
sw08utt/sw_0871_2930.utt,2/sw2930,2930,173,sd,A,115,1,My mother-in-law - /,My/PRP$ mother-in-law/NN,,,291.17,292.09000000000003
sw08utt/sw_0871_2930.utt,2/sw2930,2930,174,%,A,115,2,"{C and } my, - /","and/CC my/PRP$ ,/,",,,292.31,292.95
sw08utt/sw_0871_2930.utt,2/sw2930,2930,175,sd,A,115,3,"{D well, } they've always done a lot of camping.  /","well/UH ,/, they/PRP 've/VBP always/RB done/VBN a/DT lot/NN of/IN camping/NN ./.",,,293.25,294.72999999999996
sw08utt/sw_0871_2930.utt,2/sw2930,2930,176,sd,A,115,4,"I grew up in Louisville, Kentucky  /","I/PRP grew/VBD up/RP in/IN Louisville/NNP ,/, Kentucky/NNP",,,294.73,296.25
sw08utt/sw_0871_2930.utt,2/sw2930,2930,177,%,A,115,5,"{C and } there wasn't, - /","and/CC there/EX was/VBD n't/RB ,/,",,,296.25,296.75
sw08utt/sw_0871_2930.utt,2/sw2930,2930,178,h,A,115,6,"I don't know,  /","I/PRP do/VBP n't/RB know/VB ,/,",,,297.45,297.77
sw08utt/sw_0871_2930.utt,2/sw2930,2930,179,sd,A,115,7,{C but } we just  didn't get out.  /,but/CC we/PRP just/RB did/VBD n't/RB get/VB out/RB ./.,,,297.77,298.75
sw08utt/sw_0871_2930.utt,2/sw2930,2930,180,sd,A,115,8,"My mother and my father split up when we were young,  /","My/PRP$ mother/NN and/CC my/PRP$ father/NN split/VBP up/RP when/WRB we/PRP were/VBD young/JJ ,/,",,,298.77,301.43
sw08utt/sw_0871_2930.utt,2/sw2930,2930,181,sd,A,115,9,"[ {C so, } + {C and } ] my mother wasn't into that,  /","so/RB ,/, and/CC my/PRP$ mother/NN was/VBD n't/RB into/IN that/DT ,/,",,,301.43,302.89000000000004
sw08utt/sw_0871_2930.utt,2/sw2930,2930,182,sd,A,115,10,{C and } that's who I stayed with. /,and/CC that/DT 's/BES who/WP I/PRP stayed/VBD with/IN ./.,,,302.89,303.83
sw08utt/sw_0871_2930.utt,2/sw2930,2930,183,b,B,116,1,Uh-huh. /,Uh-huh/UH ./.,,,304.22,304.36
sw08utt/sw_0871_2930.utt,2/sw2930,2930,184,sd,A,117,1,"{C So } we didn't do much outdoors stuff, except swimming -- /","So/RB we/PRP did/VBD n't/RB do/VB much/JJ outdoors/JJ stuff/NN ,/, except/IN swimming/NN --/:",,,304.37,306.89000000000004
sw08utt/sw_0871_2930.utt,2/sw2930,2930,185,b,B,118,1,Uh-huh. /,Uh-huh/UH ./.,,,307.04,307.26000000000005
sw08utt/sw_0871_2930.utt,2/sw2930,2930,186,sd,A,119,1,-- {C and } we went swimming a lot. /,--/: and/CC we/PRP went/VBD swimming/VBG a/DT lot/NN ./.,,,307.23,308.67
sw08utt/sw_0871_2930.utt,2/sw2930,2930,187,b,B,120,1,Uh-huh. /,Uh-huh/UH ./.,,,309.02,309.28
sw08utt/sw_0871_2930.utt,2/sw2930,2930,188,sd,A,121,1,"{C And, } {F uh, } {F oh, } {E excuse me, } my baby's getting sick. /","And/CC ,/, uh/UH ,/, oh/UH ,/, excuse/VB me/PRP ,/, my/PRP$ baby/NN 's/BES getting/VBG sick/JJ ./.",,,309.36,312.74
sw08utt/sw_0871_2930.utt,2/sw2930,2930,189,b,B,122,1,Uh-oh. /,Uh-oh/UH ./.,,,313.1,313.6
sw08utt/sw_0871_2930.utt,2/sw2930,2930,190,ba,A,123,1,I know. /,I/PRP know/VBP ./.,,,313.9,314.32
sw08utt/sw_0871_2930.utt,2/sw2930,2930,191,ad,B,124,1,"{D Well, } if our time is up we can quit. /","Well/UH ,/, if/IN our/PRP$ time/NN is/VBZ up/RP we/PRP can/MD quit/VB ./.",,,314.98,316.82
sw08utt/sw_0871_2930.utt,2/sw2930,2930,192,aa,A,125,1,"Yeah,  /","Yeah/UH ,/,",,,317.04,317.38
sw08utt/sw_0871_2930.utt,2/sw2930,2930,193,sd,A,125,2,"{F um, } I've got to clean her up <laughter>.  /","um/UH ,/, I/PRP 've/VBP got/VBN to/TO clean/VB her/PRP$ up/RP ./.",,,317.38,319.24
sw08utt/sw_0871_2930.utt,2/sw2930,2930,194,fa,A,125,3,"I'm sorry,  /","I/PRP 'm/VBP sorry/JJ ,/,",,,319.24,319.98
sw08utt/sw_0871_2930.utt,2/sw2930,2930,195,sd,A,125,4,appreciate it. /,appreciate/VB it/PRP ./.,,,320.2,320.8
sw08utt/sw_0871_2930.utt,2/sw2930,2930,196,b,B,126,1,Okay.  /,Okay/UH ./.,,,320.84,320.97999999999996
sw08utt/sw_0871_2930.utt,2/sw2930,2930,197,b,B,126,2,Uh-huh. /,Uh-huh/UH ./.,,,321.06,321.26
sw08utt/sw_0871_2930.utt,2/sw2930,2930,198,fc,A,127,1,I enjoyed talking.  /,I/PRP enjoyed/VBD talking/VBG ./.,,,321.22,322.12
sw08utt/sw_0871_2930.utt,2/sw2930,2930,199,fc,A,127,2,Thank you. /,Thank/VB you/PRP ./.,,,322.12,322.44
sw08utt/sw_0871_2930.utt,2/sw2930,2930,200,fc,B,128,1,"You bet,  /","You/PRP bet/VBP ,/,",,,322.48,322.66
sw08utt/sw_0871_2930.utt,2/sw2930,2930,201,fc,B,128,2,bye-bye. /,bye-bye/UH ./.,,,322.8,323.16
sw08utt/sw_0871_2930.utt,2/sw2930,2930,202,fc^m,A,129,1,Bye-bye. /,Bye-bye/UH ./.,,,323.24,323.52
