swda_filename,ptb_basename,conversation_no,transcript_index,act_tag,caller,utterance_index,subutterance_index,text,pos,trees,ptb_treenumbers,start_ts,end_ts
sw10utt/sw_1006_2967.utt,2/sw2967,2967,0,qw,A,1,1,{C So } what movies have you seen? /,So/UH what/WP movies/NNS have/VBP you/PRP seen/VBN ?/.,,,0.76,2.0
sw10utt/sw_1006_2967.utt,2/sw2967,2967,1,sd,B,2,1,"{F Uh, } {D well, } I have, {F uh, } seen DANCES WITH WOLVES, which is probably [ the, + the  ] best movie that I have seen lately.  /","Uh/UH ,/, well/UH ,/, I/PRP have/VBP ,/, uh/UH ,/, seen/VBN DANCES/NNP WITH/NNP WOLVES/NNP ,/, which/WDT is/VBZ probably/RB the/DT ,/, the/DT best/JJS movie/NN that/WDT I/PRP have/VBP seen/VBN lately/RB ./.",,,2.94,10.850000000000001
sw10utt/sw_1006_2967.utt,2/sw2967,2967,2,sd,B,2,2,"{F Uh, } I do not go out to films very often.","Uh/UH ,/, I/PRP do/VBP not/RB go/VB out/RP to/IN films/NNS very/RB often/RB ./.",,,11.15,13.81
sw10utt/sw_1006_2967.utt,2/sw2967,2967,3,b,A,3,1,Uh-huh. /,Uh-huh/UH ./.,,,13.91,14.03
sw10utt/sw_1006_2967.utt,2/sw2967,2967,4,+,B,4,1,"{C So, } as far as out of the house.  /","So/UH ,/, as/RB far/RB as/IN out/IN of/IN the/DT house/NN ./.",,,14.13,15.93
sw10utt/sw_1006_2967.utt,2/sw2967,2967,5,sd,B,4,2,"{C So } we do get a lot of videos that we bring in, /","So/UH we/PRP do/VBP get/VB a/DT lot/NN of/IN videos/NNS that/WDT we/PRP bring/VBP in/RB ,/,",,,15.93,18.03
sw10utt/sw_1006_2967.utt,2/sw2967,2967,6,x,A,5,1,<Cough>.,,,,0.0,0.0
sw10utt/sw_1006_2967.utt,2/sw2967,2967,7,sd,B,6,1,"{F uh, } {C and } I see some that way.  /","uh/UH ,/, and/CC I/PRP see/VBP some/DT that/DT way/NN ./.",,,18.21,19.59
sw10utt/sw_1006_2967.utt,2/sw2967,2967,8,sd,B,6,2,"{C But, } {F uh, } I am not real current on films.  /","But/CC ,/, uh/UH ,/, I/PRP am/VBP not/RB real/RB current/JJ on/IN films/NNS ./.",,,19.99,22.47
sw10utt/sw_1006_2967.utt,2/sw2967,2967,9,qo,B,6,3,How about you? /,How/WRB about/IN you/PRP ?/.,,,22.47,22.990000000000002
sw10utt/sw_1006_2967.utt,2/sw2967,2967,10,o,A,7,1,Yeah.  /,Yeah/UH ./.,,,23.73,23.830000000000002
sw10utt/sw_1006_2967.utt,2/sw2967,2967,11,sd,A,7,2,"I saw DANCES WITH WOLVES and, {F uh, } HOME ALONE  /","I/PRP saw/VBD DANCES/NNP WITH/NNP WOLVES/NNP and/CC ,/, uh/UH ,/, HOME/NNP ALONE/NNP",,,23.83,27.33
sw10utt/sw_1006_2967.utt,2/sw2967,2967,12,%,A,7,3,"{C and, } -/","and/CC ,/,",,,28.11,28.21
sw10utt/sw_1006_2967.utt,2/sw2967,2967,13,sd,B,8,1,"I hear that is really good, but I have not seen it yet. /","I/PRP hear/VBP that/DT is/VBZ really/RB good/JJ ,/, but/CC I/PRP have/VBP not/RB seen/VBN it/PRP yet/RB ./.",,,28.11,29.97
sw10utt/sw_1006_2967.utt,2/sw2967,2967,14,aa,A,9,1,Yeah.  /,Yeah/UH ./.,,,30.21,30.470000000000002
sw10utt/sw_1006_2967.utt,2/sw2967,2967,15,sd,A,9,2,It is. /,It/PRP is/VBZ ./.,,,30.47,30.830000000000002
sw10utt/sw_1006_2967.utt,2/sw2967,2967,16,b,B,10,1,Yeah  /,Yeah/UH,,,31.17,31.470000000000002
sw10utt/sw_1006_2967.utt,2/sw2967.pos,2967,17,x,B,10,2,<sneezing>.,./.,,,0.0,0.0
sw10utt/sw_1006_2967.utt,2/sw2967,2967,18,sd,A,11,1,"It is about a little kid [ that, + that  ] his parents go off to Paris. /","It/PRP is/VBZ about/IN a/DT little/JJ kid/NN that/WDT ,/, that/WDT his/PRP$ parents/NNS go/VBP off/IN to/IN Paris/NNP ./.",,,31.57,34.89
sw10utt/sw_1006_2967.utt,2/sw2967,2967,19,b,B,12,1,Uh-huh. /,Uh-huh/UH ./.,,,35.33,35.629999999999995
sw10utt/sw_1006_2967.utt,2/sw2967,2967,20,sd,A,13,1,"{C And } [ they, + they  ] forget all about him. /","And/CC they/PRP ,/, they/PRP forget/VBP all/RB about/IN him/PRP ./.",,,35.91,37.75
sw10utt/sw_1006_2967.utt,2/sw2967,2967,21,x,B,14,1,<Laughter>.,,,,0.0,0.0
sw10utt/sw_1006_2967.utt,2/sw2967,2967,22,sd,A,15,1,"[ The oldest daughter, + they take a head count and the oldest daughter  ] counts one of the neighbor kids instead of, -/","The/DT oldest/JJS daughter/NN ,/, they/PRP take/VBP a/DT head/NN count/NN and/CC the/DT oldest/JJS daughter/NN counts/VBZ one/CD of/IN the/DT neighbor/NN kids/NNS instead/IN of/IN ,/,",,,38.93,43.550000000000004
sw10utt/sw_1006_2967.utt,2/sw2967,2967,23,ba,B,16,1,"{F Oh, } cute. /","Oh/UH ,/, cute/JJ ./.",,,43.45,44.010000000000005
sw10utt/sw_1006_2967.utt,2/sw2967,2967,24,sd,A,17,1,{C And } he is up in the attic asleep because he got in trouble. /,And/CC he/PRP is/VBZ up/IN in/IN the/DT attic/NN asleep/JJ because/IN he/PRP got/VBD in/IN trouble/NN ./.,,,45.01,47.95
sw10utt/sw_1006_2967.utt,2/sw2967,2967,25,ba,B,18,1,"{F Oh, } dear. /","Oh/UH ,/, dear/UH ./.",,,48.13,48.809999999999995
sw10utt/sw_1006_2967.utt,2/sw2967,2967,26,sd,A,19,1,{C So } she made him go sleep upstairs. /,So/RB she/PRP made/VBD him/PRP go/VBP sleep/VB upstairs/RB ./.,,,49.79,51.67
sw10utt/sw_1006_2967.utt,2/sw2967,2967,27,b,B,20,1,Uh-huh. /,Uh-huh/UH ./.,,,51.69,52.07
sw10utt/sw_1006_2967.utt,2/sw2967,2967,28,sd,A,21,1,"{C And } [ there is, +","And/CC there/EX is/VBZ ,/,",,,52.17,53.45
sw10utt/sw_1006_2967.utt,2/sw2967,2967,29,b,B,22,1,"{F Oh, } /","Oh/UH ,/,",,,53.39,53.45
sw10utt/sw_1006_2967.utt,2/sw2967,2967,30,+,A,23,1,"there is  ] a couple of burglars, {F uh, } breaking into the houses in the neighborhood.  /","there/EX is/VBZ a/DT couple/NN of/IN burglars/NNS ,/, uh/UH ,/, breaking/VBG into/IN the/DT houses/NNS in/IN the/DT neighborhood/NN ./.",,,54.41,58.71
sw10utt/sw_1006_2967.utt,2/sw2967,2967,31,%,A,23,2,"{C And, } {F uh, } -/","And/CC ,/, uh/UH ,/,",,,60.03,60.19
sw10utt/sw_1006_2967.utt,2/sw2967,2967,32,^2,B,24,1,"{F Oh, } {C and } he hears them or something  /","Oh/UH ,/, and/CC he/PRP hears/VBZ them/PRP or/CC something/NN",,,60.09,61.69
sw10utt/sw_1006_2967.utt,2/sw2967,2967,33,%,B,24,2,"{C and, } -/","and/CC ,/,",,,61.69,61.89
sw10utt/sw_1006_2967.utt,2/sw2967,2967,34,aa,A,25,1,Yeah.  /,Yeah/UH ./.,,,61.99,62.29
sw10utt/sw_1006_2967.utt,2/sw2967,2967,35,sd,A,25,2,{C And } he sets up traps for them all over the house. /,And/CC he/PRP sets/VBZ up/RP traps/NNS for/IN them/PRP all/RB over/IN the/DT house/NN ./.,,,62.29,64.69
sw10utt/sw_1006_2967.utt,2/sw2967,2967,36,qw,B,26,1,<Laughter> Who wins? /,Who/WP wins/VBZ ?/.,,,66.05,66.73
sw10utt/sw_1006_2967.utt,2/sw2967,2967,37,sd,A,27,1,"{F Uh, } he does. /","Uh/UH ,/, he/PRP does/VBZ ./.",,,67.09,67.77
sw10utt/sw_1006_2967.utt,2/sw2967,2967,38,ba,B,28,1,"{F Oh, } great,  /","Oh/UH ,/, great/UH ,/,",,,67.97,68.61
sw10utt/sw_1006_2967.utt,2/sw2967,2967,39,ba^r,B,28,2,great.  /,great/UH ./.,,,68.87,69.19
sw10utt/sw_1006_2967.utt,2/sw2967,2967,40,%,B,28,3,"Yeah,  /","Yeah/UH ,/,",,,69.81,69.91
sw10utt/sw_1006_2967.utt,2/sw2967,2967,41,sd,B,28,4,"I had heard people talk about it,  /","I/PRP had/VBD heard/VBN people/NNS talk/VB about/IN it/PRP ,/,",,,69.91,71.01
sw10utt/sw_1006_2967.utt,2/sw2967,2967,42,sd,B,28,5,"{C and } they say it was really cute,  but I had not seen it. /","and/CC they/PRP say/VBP it/PRP was/VBD really/RB cute/JJ ,/, but/CC I/PRP had/VBD not/RB seen/VBN it/PRP ./.",,,71.01,72.85
sw10utt/sw_1006_2967.utt,2/sw2967,2967,43,b,A,29,1,Uh-huh. /,Uh-huh/UH ./.,,,73.18,73.38000000000001
sw10utt/sw_1006_2967.utt,2/sw2967,2967,44,sd,B,30,1,"{F Uh, } we usually wait  /","Uh/UH ,/, we/PRP usually/RB wait/VBP",,,73.31,74.45
sw10utt/sw_1006_2967.utt,2/sw2967,2967,45,sd,B,30,2,"{C and } [ ev-, + eventually  ] it comes out on video,  /","and/CC ev-/RB ,/, eventually/RB it/PRP comes/VBZ out/RB on/IN video/NN ,/,",,,74.45,75.87
sw10utt/sw_1006_2967.utt,2/sw2967,2967,46,sd,B,30,3,{C and then } we get it and see it that way. /,and/CC then/RB we/PRP get/VBP it/PRP and/CC see/VBP it/PRP that/DT way/NN ./.,,,75.87,77.72999999999999
sw10utt/sw_1006_2967.utt,2/sw2967,2967,47,b,A,31,1,Right. /,Right/UH ./.,,,77.96,78.32
sw10utt/sw_1006_2967.utt,2/sw2967,2967,48,sd,B,32,1,"{C And } that is, it,  /","And/CC that/DT is/VBZ ,/, it/PRP ,/,",,,78.49,79.31
sw10utt/sw_1006_2967.utt,2/sw2967,2967,49,sd,B,32,2,movies are very expensive.  /,movies/NNS are/VBP very/RB expensive/JJ ./.,,,79.35,81.07
sw10utt/sw_1006_2967.utt,2/sw2967,2967,50,sd,B,32,3,"{F Uh, } movie theatres here, they are six dollars, {F uh, } for evening performances.  /","Uh/UH ,/, movie/NN theatres/NNS here/RB ,/, they/PRP are/VBP six/CD dollars/NNS ,/, uh/UH ,/, for/IN evening/NN performances/NNS ./.",,,81.09,85.88
sw10utt/sw_1006_2967.utt,2/sw2967,2967,51,sv,B,32,4,"{C And } that is kind of steep, /","And/CC that/DT is/VBZ kind/RB of/RB steep/JJ ,/,",,,85.88,87.4
sw10utt/sw_1006_2967.utt,2/sw2967,2967,52,b,A,33,1,Uh-huh. /,Uh-huh/UH ./.,,,87.63,87.85
sw10utt/sw_1006_2967.utt,2/sw2967,2967,53,sv,B,34,1,I think.  /,I/PRP think/VBP ./.,,,88.22,88.7
sw10utt/sw_1006_2967.utt,2/sw2967,2967,54,sd,B,34,2,I don't know.  /,I/PRP do/VBP n't/RB know/VB ./.,,,88.72,89.05999999999999
sw10utt/sw_1006_2967.utt,2/sw2967,2967,55,qw,B,34,3,How much is it in Dallas? /,How/WRB much/NN is/VBZ it/PRP in/IN Dallas/NNP ?/.,,,89.06,90.10000000000001
sw10utt/sw_1006_2967.utt,2/sw2967,2967,56,sd,A,35,1,"{D Well, } it is six dollars,  /","Well/UH ,/, it/PRP is/VBZ six/CD dollars/NNS ,/,",,,90.59,91.78999999999999
sw10utt/sw_1006_2967.utt,2/sw2967,2967,57,sd,A,35,2,"[ {C and then } + {C but }  ] you get, {F um, } matinee prices.  /","and/CC then/RB but/CC you/PRP get/VBP ,/, um/UH ,/, matinee/NN prices/NNS ./.",,,92.17,95.21
sw10utt/sw_1006_2967.utt,2/sw2967,2967,58,%,A,35,3,"{C But, } -/","But/CC ,/,",,,95.21,95.28999999999999
sw10utt/sw_1006_2967.utt,2/sw2967,2967,59,b,B,36,1,Yeah.  /,Yeah/UH ./.,,,95.28,95.44
sw10utt/sw_1006_2967.utt,2/sw2967,2967,60,sv,B,36,2,"You can do that, but it is difficult if you, if you work or,  {D you know, } -/","You/PRP can/MD do/VB that/DT ,/, but/CC it/PRP is/VBZ difficult/JJ if/IN you/PRP ,/, if/IN you/PRP work/VBP or/CC ,/, you/PRP know/VBP ,/,",,,95.62,99.5
sw10utt/sw_1006_2967.utt,2/sw2967,2967,61,b,A,37,1,Uh-huh. /,Uh-huh/UH ./.,,,100.16,100.32
sw10utt/sw_1006_2967.utt,2/sw2967,2967,62,sv,B,38,1,"{F uh, } that is taking the middle of the afternoon.  /","uh/UH ,/, that/WDT is/VBZ taking/VBG the/DT middle/NN of/IN the/DT afternoon/NN ./.",,,100.26,101.89999999999999
sw10utt/sw_1006_2967.utt,2/sw2967,2967,63,sd,B,38,2,"{C And } if I am looking for entertainment usually [ I, + I,  ] have more, {F uh, } time in the evening than I do in the middle of the day to, {F uh, } see things.  /","And/CC if/IN I/PRP am/VBP looking/VBG for/IN entertainment/NN usually/RB I/PRP ,/, I/PRP ,/, have/VBP more/JJR ,/, uh/UH ,/, time/NN in/IN the/DT evening/NN than/IN I/PRP do/VBP in/IN the/DT middle/NN of/IN the/DT day/NN to/TO ,/, uh/UH ,/, see/VB things/NNS ./.",,,101.9,109.14
sw10utt/sw_1006_2967.utt,2/sw2967,2967,64,qo,B,38,3,What do you think of movies in general?  /,What/WP do/VBP you/PRP think/VB of/IN movies/NNS in/IN general/NN ?/.,,,109.52,111.14
sw10utt/sw_1006_2967.utt,2/sw2967,2967,65,qo,B,38,4,"As far [ as the, + as the  ] trends? /","As/RB far/RB as/IN the/DT ,/, as/IN the/DT trends/NNS ?/.",,,111.22,112.89999999999999
sw10utt/sw_1006_2967.utt,2/sw2967,2967,66,sd,A,39,1,"{D Well, } I  think they are a lot better [ than they us-, + than they  ] were,  /","Well/UH ,/, I/PRP think/VBP they/PRP are/VBP a/DT lot/NN better/JJR than/IN they/PRP us/VBD ,/, than/IN they/PRP were/VBD ,/,",,,114.1,116.68
sw10utt/sw_1006_2967.utt,2/sw2967,2967,67,sd,A,39,2,"{D well, } {D like, } {F um, } in the  early eighties or [ the, + during [ the, +  {D like } the ] ] SMOKEY AND THE BANDIT era. /","well/UH ,/, like/UH ,/, um/UH ,/, in/IN the/DT early/JJ eighties/NNS or/CC the/DT ,/, during/IN the/DT ,/, like/UH the/DT SMOKEY/NNP AND/CC THE/DT BANDIT/NNP era/NN ./.",,,117.02,124.0
sw10utt/sw_1006_2967.utt,2/sw2967,2967,68,b,B,40,1,Uh-huh. /,Uh-huh/UH ./.,,,124.28,124.66
sw10utt/sw_1006_2967.utt,2/sw2967,2967,69,sd,A,41,1,"When it was, - /","When/WRB it/PRP was/VBD ,/,",,,124.98,125.52
sw10utt/sw_1006_2967.utt,2/sw2967,2967,70,%,A,41,2,"they, - /","they/PRP ,/,",,,125.78,125.88
sw10utt/sw_1006_2967.utt,2/sw2967,2967,71,sv,A,41,3,I do not think they were very good during that time. /,I/PRP do/VBP not/RB think/VB they/PRP were/VBD very/RB good/JJ during/IN that/DT time/NN ./.,,,125.88,127.48
sw10utt/sw_1006_2967.utt,2/sw2967,2967,72,b,B,42,1,Yeah. /,Yeah/UH ./.,,,127.42,127.5
sw10utt/sw_1006_2967.utt,2/sw2967,2967,73,sv,A,43,1,At least --,At/IN least/JJS --/:,,,127.56,127.75999999999999
sw10utt/sw_1006_2967.utt,2/sw2967,2967,74,b,B,44,1,"Did, -/","Did/VBD ,/,",,,127.7,127.84
sw10utt/sw_1006_2967.utt,2/sw2967,2967,75,+,A,45,1,-- there were not as many good ones. /,--/: there/EX were/VBD not/RB as/IN many/JJ good/JJ ones/NNS ./.,,,127.9,129.36
sw10utt/sw_1006_2967.utt,2/sw2967,2967,76,b,B,46,1,Yeah.  /,Yeah/UH ./.,,,129.62,129.94
sw10utt/sw_1006_2967.utt,2/sw2967,2967,77,sd,B,46,2,The quality I think maybe has improved in that respect. /,The/DT quality/NN I/PRP think/VBP maybe/RB has/VBZ improved/VBN in/IN that/DT respect/NN ./.,,,129.94,132.68
sw10utt/sw_1006_2967.utt,2/sw2967,2967,78,b,A,47,1,Uh-huh. /,Uh-huh/UH ./.,,,133.27,133.39000000000001
sw10utt/sw_1006_2967.utt,2/sw2967,2967,79,sv,B,48,1,"{F Uh, } the only thing that disturbs me is that now they think they have to add just a little bit of sex and violence in order to get [ a, + a  ] <noise> tougher rating.  Which suggests [ that, + that,  ] {D you know, } it will be more enticing to the, to the public.  /","Uh/UH ,/, the/DT only/JJ thing/NN that/WDT disturbs/VBZ me/PRP is/VBZ that/IN now/RB they/PRP think/VBP they/PRP have/VBP to/TO add/VB just/RB a/DT little/JJ bit/NN of/IN sex/NN and/CC violence/NN in/IN order/NN to/TO get/VB a/DT ,/, a/DT tougher/JJR rating/NN ./. Which/WDT suggests/VBZ that/IN ,/, that/IN ,/, you/PRP know/VBP ,/, it/PRP will/MD be/VB more/JJR enticing/VBG to/IN the/DT ,/, to/IN the/DT public/NN ./.",,,133.34,145.1
sw10utt/sw_1006_2967.utt,2/sw2967,2967,80,sv,B,48,2,"{C And } a lot of times it is added for no real, {F uh, } valid reason. /","And/CC a/DT lot/NN of/IN times/NNS it/PRP is/VBZ added/VBN for/IN no/DT real/NN ,/, uh/UH ,/, valid/JJ reason/NN ./.",,,145.64,149.92
sw10utt/sw_1006_2967.utt,2/sw2967,2967,81,b,A,49,1,Uh-huh. /,Uh-huh/UH ./.,,,150.69,150.99
sw10utt/sw_1006_2967.utt,2/sw2967,2967,82,sv,B,50,1,"{F Uh, } which does not make, - /","Uh/UH ,/, which/WDT does/VBZ not/RB make/VB ,/,",,,150.94,152.36
sw10utt/sw_1006_2967.utt,2/sw2967,2967,83,sv,B,50,2,{C and } I think SMOKEY AND THE BANDIT was a little bit like that. /,and/CC I/PRP think/VBP SMOKEY/NNP AND/CC THE/DT BANDIT/NNP was/VBD a/DT little/JJ bit/NN like/IN that/DT ./.,,,152.36,154.46
sw10utt/sw_1006_2967.utt,2/sw2967,2967,84,b,A,51,1,Yeah. /,Yeah/UH ./.,,,154.69,154.82999999999998
sw10utt/sw_1006_2967.utt,2/sw2967,2967,85,sv,B,52,1,"{F Uh, } {C but } DANCES WITH WOLVES did not seem to have anything added.  /","Uh/UH ,/, but/CC DANCES/NNP WITH/NNP WOLVES/NNP did/VBD not/RB seem/VB to/TO have/VB anything/NN added/VBN ./.",,,154.97,158.82999999999998
sw10utt/sw_1006_2967.utt,2/sw2967,2967,86,sv,B,52,2,"It was just all legitimate kind of, {F uh, } film.  /","It/PRP was/VBD just/RB all/DT legitimate/JJ kind/NN of/IN ,/, uh/UH ,/, film/NN ./.",,,158.83,162.20999999999998
sw10utt/sw_1006_2967.utt,2/sw2967,2967,87,sv,B,52,3,"{C And } that is where reason why I suppose it won so many Oscars, {F uh,  }  /","And/CC that/DT is/VBZ where/WRB reason/NN why/WRB I/PRP suppose/VBP it/PRP won/VBD so/RB many/JJ Oscars/NNS ,/, uh/UH ,/,",,,162.21,165.07
sw10utt/sw_1006_2967.utt,2/sw2967,2967,88,sv,B,52,4,{C because } it really was good even though it is such a long movie.  /,because/IN it/PRP really/RB was/VBD good/JJ even/RB though/IN it/PRP is/VBZ such/PDT a/DT long/JJ movie/NN ./.,,,165.09,169.04999999999998
sw10utt/sw_1006_2967.utt,2/sw2967,2967,89,sd(^q),B,52,5,"{D You know, } they said, ""Oh, people [ won't, + won't  ] be interested in a three hour movie.""  But it certainly gotten good acclaim everywhere it has gone. /","You/PRP know/VBP ,/, they/PRP said/VBD ,/, ``/`` Oh/UH ,/, people/NNS wo/MD n't/RB ,/, wo/MD n't/RB be/VB interested/JJ in/IN a/DT three/CD hour/NN movie/NN ./. ''/''  But/CC it/PRP certainly/RB gotten/VBN good/JJ acclaim/NN everywhere/RB it/PRP has/VBZ gone/VBN ./.",,,169.23,175.53
sw10utt/sw_1006_2967.utt,2/sw2967,2967,90,sv,A,53,1,{C And } it was shocking at the end too.  /,And/CC it/PRP was/VBD shocking/JJ at/IN the/DT end/NN too/RB ./.,,,176.38,178.23999999999998
sw10utt/sw_1006_2967.utt,2/sw2967,2967,91,%,A,53,2,"{C So, } -/","So/UH ,/,",,,178.24,178.46
sw10utt/sw_1006_2967.utt,2/sw2967,2967,92,b,B,54,1,"{F Oh, } {F oh, } yeah. /","Oh/UH ,/, oh/UH ,/, yeah/UH ./.",,,178.43,179.31
sw10utt/sw_1006_2967.utt,2/sw2967,2967,93,b,A,55,1,Yeah. /,Yeah/UH ./.,,,179.36,179.5
sw10utt/sw_1006_2967.utt,2/sw2967,2967,94,aa,B,56,1,Absolutely.  /,Absolutely/UH ./.,,,179.62,180.44
sw10utt/sw_1006_2967.utt,2/sw2967,2967,95,sv,B,56,2,"{F Uh, } but much more true to life  /","Uh/UH ,/, but/CC much/RB more/RBR true/JJ to/IN life/NN",,,181.16,182.82
sw10utt/sw_1006_2967.utt,2/sw2967,2967,96,sv,B,56,3,"{C and } I think [ that is, + that is  ] the point. /","and/CC I/PRP think/VBP that/DT is/VBZ ,/, that/WDT is/VBZ the/DT point/NN ./.",,,182.82,184.42
sw10utt/sw_1006_2967.utt,2/sw2967,2967,97,aa,A,57,1,Yeah.  /,Yeah/UH ./.,,,184.76,185.0
sw10utt/sw_1006_2967.utt,2/sw2967,2967,98,ba,A,57,2,That is right. /,That/DT is/VBZ right/JJ ./.,,,185.0,185.44
sw10utt/sw_1006_2967.utt,2/sw2967,2967,99,sd,B,58,1,"{F Uh, } they do not have to keep making up stuff if they want to make something good. /","Uh/UH ,/, they/PRP do/VBP not/RB have/VB to/TO keep/VB making/VBG up/RP stuff/NN if/IN they/PRP want/VBP to/TO make/VB something/NN good/JJ ./.",,,185.38,187.84
sw10utt/sw_1006_2967.utt,2/sw2967,2967,100,b,A,59,1,Uh-huh. /,Uh-huh/UH ./.,,,187.9,188.02
sw10utt/sw_1006_2967.utt,2/sw2967,2967,101,sd,B,60,1,I hate sequels too.  /,I/PRP hate/VBP sequels/NNS too/RB ./.,,,188.42,189.58
sw10utt/sw_1006_2967.utt,2/sw2967,2967,102,sd,B,60,2,"I hate these, {F uh, } {D you know, } number one, two, three, four. /","I/PRP hate/VBP these/DT ,/, uh/UH ,/, you/PRP know/VBP ,/, number/NN one/CD ,/, two/CD ,/, three/CD ,/, four/CD ./.",,,189.58,192.74
sw10utt/sw_1006_2967.utt,2/sw2967,2967,103,b,A,61,1,Uh-huh. /,Uh-huh/UH ./.,,,192.8,192.94
sw10utt/sw_1006_2967.utt,2/sw2967,2967,104,sv,B,62,1,"Usually if a movie is good, once is enough <laughter>. /","Usually/RB if/IN a/DT movie/NN is/VBZ good/JJ ,/, once/RB is/VBZ enough/RB ./.",,,193.42,195.5
sw10utt/sw_1006_2967.utt,2/sw2967,2967,105,aa,A,63,1,Yeah.  /,Yeah/UH ./.,,,196.09,196.23
sw10utt/sw_1006_2967.utt,2/sw2967,2967,106,sd,A,63,2,Especially JAWS. /,Especially/RB JAWS/NNP ./.,,,196.23,197.37
sw10utt/sw_1006_2967.utt,2/sw2967,2967,107,b,B,64,1,<Laughter> Right.  /,Right/UH ./.,,,197.62,198.04
sw10utt/sw_1006_2967.utt,2/sw2967,2967,108,sd,B,64,2,"That was on Prime Time Television here, {F uh, } recently at seven thirty in the evening.  /","That/DT was/VBD on/IN Prime/NN Time/NN Television/NN here/RB ,/, uh/UH ,/, recently/RB at/IN seven/CD thirty/CD in/IN the/DT evening/NN ./.",,,198.42,205.1
sw10utt/sw_1006_2967.utt,2/sw2967,2967,109,sv,B,64,3,"{C And, } {F uh, } it was kind of shocking because that is a scary movie.  And children, young children [ could see, + could have seen ] that movie,","And/CC ,/, uh/UH ,/, it/PRP was/VBD kind/RB of/RB shocking/JJ because/IN that/DT is/VBZ a/DT scary/JJ movie/NN ./. And/CC children/NNS ,/, young/JJ children/NNS could/MD see/VB ,/, could/MD have/VB seen/VBN that/DT movie/NN ,/,",,,205.66,213.17
sw10utt/sw_1006_2967.utt,2/sw2967,2967,110,b,A,65,1,Uh-huh. /,Uh-huh/UH ./.,,,213.36,213.56
sw10utt/sw_1006_2967.utt,2/sw2967,2967,111,+,B,66,1,"{F uh, } at that hour.  /","uh/UH ,/, at/IN that/DT hour/NN ./.",,,213.89,214.65
sw10utt/sw_1006_2967.utt,2/sw2967,2967,112,sd,B,66,2,"{C And } I thought, [ that, + {D you know, } that  ] would not have been the sort of thing I would have wanted my children to see at that age, {F uh, } {E I mean } when they were young.  /","And/CC I/PRP thought/VBD ,/, that/DT ,/, you/PRP know/VBP ,/, that/DT would/MD not/RB have/VB been/VBN the/DT sort/NN of/IN thing/NN I/PRP would/MD have/VB wanted/VBN my/PRP$ children/NNS to/TO see/VB at/IN that/DT age/NN ,/, uh/UH ,/, I/PRP mean/VBP when/WRB they/PRP were/VBD young/JJ ./.",,,214.65,220.93
sw10utt/sw_1006_2967.utt,2/sw2967,2967,113,sd,B,66,3,{C And } here it was quite easily seen by anybody that turned on the T V. /,And/CC here/RB it/PRP was/VBD quite/RB easily/RB seen/VBN by/IN anybody/NN that/WDT turned/VBD on/RB the/DT T/NN V/NN ./.,,,220.95,225.53
sw10utt/sw_1006_2967.utt,2/sw2967,2967,114,b,A,67,1,Right. /,Right/UH ./.,,,225.76,226.14
sw10utt/sw_1006_2967.utt,2/sw2967,2967,115,sd,B,68,1,"{F Uh, } which was a, - /","Uh/UH ,/, which/WDT was/VBD a/DT ,/,",,,226.51,227.60999999999999
sw10utt/sw_1006_2967.utt,2/sw2967,2967,116,sv,B,68,2,it was a good movie.  /,it/PRP was/VBD a/DT good/JJ movie/NN ./.,,,227.61,228.95000000000002
sw10utt/sw_1006_2967.utt,2/sw2967,2967,117,sv,B,68,3,"{E I mean } it was well done but, {F uh, } that is one reason why it was scary. /","I/PRP mean/VBP it/PRP was/VBD well/RB done/VBN but/CC ,/, uh/UH ,/, that/WDT is/VBZ one/CD reason/NN why/WRB it/PRP was/VBD scary/JJ ./.",,,228.95,232.73
sw10utt/sw_1006_2967.utt,2/sw2967,2967,118,b,A,69,1,Uh-huh. /,Uh-huh/UH ./.,,,232.94,233.18
sw10utt/sw_1006_2967.utt,2/sw2967,2967,119,sd,B,70,1,"{C So, } {C but } I do not know that I have seen any of the, {F uh, } sequels to that.  /","So/RB ,/, but/CC I/PRP do/VBP not/RB know/VB that/IN I/PRP have/VBP seen/VBN any/DT of/IN the/DT ,/, uh/UH ,/, sequels/NNS to/IN that/DT ./.",,,233.79,236.59
sw10utt/sw_1006_2967.utt,2/sw2967,2967,120,sv,B,70,2,I think one is enough.  /,I/PRP think/VBP one/CD is/VBZ enough/RB ./.,,,237.53,238.55
sw10utt/sw_1006_2967.utt,2/sw2967,2967,121,b,A,71,1,Yeah. /,Yeah/UH ./.,,,238.9,239.12
sw10utt/sw_1006_2967.utt,2/sw2967,2967,122,%,B,72,1,"{F Uh, } <<faintly>>. /","Uh/UH ,/, ./.",,,239.59,239.69
sw10utt/sw_1006_2967.utt,2/sw2967,2967,123,sv,A,73,1,Just more of the same. /,Just/RB more/JJR of/IN the/DT same/JJ ./.,,,240.8,241.92
sw10utt/sw_1006_2967.utt,2/sw2967,2967,124,b@,B,74,1,"Yes, uh-huh.  /","Yes/UH ,/, uh-huh/UH ./.",,,242.13,242.87
sw10utt/sw_1006_2967.utt,2/sw2967,2967,125,sd,B,74,2,That is what people say. /,That/DT is/VBZ what/WP people/NNS say/VBP ./.,,,242.91,243.85
sw10utt/sw_1006_2967.utt,2/sw2967,2967,126,sd,A,75,1,"In one of them they have a mother shark, {F uh, } destroy a whole, {F uh, } marina and aquarium.","In/IN one/CD of/IN them/PRP they/PRP have/VBP a/DT mother/NN shark/NN ,/, uh/UH ,/, destroy/VB a/DT whole/JJ ,/, uh/UH ,/, marina/NN and/CC aquarium/NN ./.",,,244.17,250.98999999999998
sw10utt/sw_1006_2967.utt,2/sw2967,2967,127,b,B,76,1,Oh. /,Oh/UH ./.,,,251.61,251.95000000000002
sw10utt/sw_1006_2967.utt,2/sw2967,2967,128,+,A,77,1,Which is kind of far fetched. /,Which/WDT is/VBZ kind/RB of/RB far/GW fetched/^JJ ./.,,,252.39,253.51
sw10utt/sw_1006_2967.utt,2/sw2967,2967,129,aa,B,78,1,Yeah.  /,Yeah/UH ./.,,,253.63,253.99
sw10utt/sw_1006_2967.utt,2/sw2967,2967,130,%,B,78,2,"It, - /","It/PRP ,/,",,,253.99,254.11
sw10utt/sw_1006_2967.utt,2/sw2967,2967,131,sv,B,78,3,just a touch. /,just/RB a/DT touch/NN ./.,,,254.21,254.95000000000002
sw10utt/sw_1006_2967.utt,2/sw2967,2967,132,b,A,79,1,Yeah. /,Yeah/UH ./.,,,255.31,255.43
sw10utt/sw_1006_2967.utt,2/sw2967,2967,133,x,B,80,1,<Laughter>.,,,,0.0,0.0
sw10utt/sw_1006_2967.utt,2/sw2967,2967,134,x,A,81,1,<Cough>.,,,,0.0,0.0
sw10utt/sw_1006_2967.utt,2/sw2967,2967,135,sv,B,82,1,"{D Well, } the whole movie is kind of far fetched. /","Well/UH ,/, the/DT whole/JJ movie/NN is/VBZ kind/NN of/IN far/GW fetched/^JJ ./.",,,256.31,257.99
sw10utt/sw_1006_2967.utt,2/sw2967,2967,136,b,A,83,1,Uh-huh. /,Uh-huh/UH ./.,,,258.05,258.15000000000003
sw10utt/sw_1006_2967.utt,2/sw2967,2967,137,sv,B,84,1,"{C But, } {E I mean } the whole idea behind it is far fetched. /","But/CC ,/, I/PRP mean/VBP the/DT whole/JJ idea/NN behind/IN it/PRP is/VBZ far/GW fetched/^JJ ./.",,,258.51,261.47
sw10utt/sw_1006_2967.utt,2/sw2967,2967,138,sv,A,85,1,They hardly ever play music when a shark attacks somebody. /,They/PRP hardly/RB ever/RB play/VBP music/NN when/WRB a/DT shark/NN attacks/VBZ somebody/NN ./.,,,262.19,264.77000000000004
sw10utt/sw_1006_2967.utt,2/sw2967,2967,139,sv,B,86,1,"[ Not, + not ] too often <laughter>. /","Not/RB ,/, not/RB too/RB often/RB ./.",,,264.87,266.01
sw10utt/sw_1006_2967.utt,2/sw2967,2967,140,b,A,87,1,Yeah. /,Yeah/UH ./.,,,266.97,267.07000000000005
sw10utt/sw_1006_2967.utt,2/sw2967,2967,141,sv,B,88,1,"That has gotten to be a whole camp [ i-, + idea  ] now though, {D you know. }  /","That/DT has/VBZ gotten/VBN to/TO be/VB a/DT whole/JJ camp/NN i-/NN ,/, idea/NN now/RB though/RB ,/, you/PRP know/VBP ./.",,,267.82,271.36
sw10utt/sw_1006_2967.utt,2/sw2967,2967,142,sv,B,88,2,"If you hear that music, {D you know, } everybody knows what you are talking about. /","If/IN you/PRP hear/VBP that/DT music/NN ,/, you/PRP know/VBP ,/, everybody/NN knows/VBZ what/WP you/PRP are/VBP talking/VBG about/RB ./.",,,271.36,273.66
sw10utt/sw_1006_2967.utt,2/sw2967,2967,143,b,A,89,1,<Laughter> Yeah. /,Yeah/UH ./.,,,273.7,273.96
sw10utt/sw_1006_2967.utt,2/sw2967,2967,144,sv,B,90,1,It's funny.  /,It/PRP 's/BES funny/JJ ./.,,,273.92,275.06
sw10utt/sw_1006_2967.utt,2/sw2967,2967,145,sv,B,90,2,"{D Well, } it sounds like neither one of us are real movie buffs. /","Well/UH ,/, it/PRP sounds/VBZ like/IN neither/DT one/NN of/IN us/PRP are/VBP real/JJ movie/NN buffs/NNS ./.",,,277.52,279.68
sw10utt/sw_1006_2967.utt,2/sw2967,2967,146,sd,A,91,1,"{D Well, } {F uh, } every once in a while, I go, <noise> but [ it, + it  ] has to be {D like } somebody that I like  /","Well/UH ,/, uh/UH ,/, every/DT once/RB in/IN a/DT while/NN ,/, I/PRP go/VBP ,/, but/CC it/PRP ,/, it/PRP has/VBZ to/TO be/VB like/UH somebody/NN that/WDT I/PRP like/VBP",,,280.68,285.52000000000004
sw10utt/sw_1006_2967.utt,2/sw2967,2967,147,%,A,91,2,"{C or, } -/","or/CC ,/,",,,285.56,285.66
sw10utt/sw_1006_2967.utt,2/sw2967,2967,148,b,B,92,1,Yeah. /,Yeah/UH ./.,,,285.84,286.32
sw10utt/sw_1006_2967.utt,2/sw2967,2967,149,sd,A,93,1,"{D you know. }  [ I did not, + I did not  ] go see FIELD OF DREAMS when it was in the theatre because I did not know it was any good. /","you/PRP know/VBP ./. I/PRP did/VBD not/RB ,/, I/PRP did/VBD not/RB go/VB see/VB FIELD/NNP OF/IN DREAMS/NNP when/WRB it/PRP was/VBD in/IN the/DT theatre/NN because/IN I/PRP did/VBD not/RB know/VB it/PRP was/VBD any/RB good/JJ ./.",,,286.4,292.5
sw10utt/sw_1006_2967.utt,2/sw2967,2967,150,b,B,94,1,Uh-huh. /,Uh-huh/UH ./.,,,292.52,292.79999999999995
sw10utt/sw_1006_2967.utt,2/sw2967,2967,151,sd,A,95,1,"{C And then } [ when it was, + [  I, +  I  ] found out it was Kevin Costner when it was  ] on, {F um, } I guess A B C the other week,  /","And/CC then/RB when/WRB it/PRP was/VBD ,/, I/PRP ,/, I/PRP found/VBD out/RP it/PRP was/VBD Kevin/NNP Costner/NNP when/WRB it/PRP was/VBD on/IN ,/, um/UH ,/, I/PRP guess/VBP A/NNP  B/NNP C/NNP the/DT other/JJ week/NN ,/,",,,292.84,298.88000000000005
sw10utt/sw_1006_2967.utt,2/sw2967,2967,152,%,A,95,2,"then I, -/","then/RB I/PRP ,/,",,,298.92,299.09999999999997
sw10utt/sw_1006_2967.utt,2/sw2967,2967,153,b,B,96,1,Right.  /,Right/UH ./.,,,299.06,299.26
sw10utt/sw_1006_2967.utt,2/sw2967,2967,154,b,B,96,2,Yeah.  /,Yeah/UH ./.,,,299.26,299.44
sw10utt/sw_1006_2967.utt,2/sw2967,2967,155,sd@,B,96,3,I saw it then too.,I/PRP saw/VBD it/PRP then/RB too/RB ./.,,,299.52,300.32
sw10utt/sw_1006_2967.utt,2/sw2967,2967,156,b,A,97,1,Yeah.  /,Yeah/UH ./.,,,300.36,300.62
sw10utt/sw_1006_2967.utt,2/sw2967,2967,157,sd,A,97,2,{C And } then I really liked it. /,And/CC then/RB I/PRP really/RB liked/VBD it/PRP ./.,,,300.73,301.99
sw10utt/sw_1006_2967.utt,2/sw2967,2967,158,+@,B,98,1,Yeah.  /,Yeah/UH ./.,,,301.96,302.35999999999996
sw10utt/sw_1006_2967.utt,2/sw2967,2967,159,sv,B,98,2,It was good. /,It/PRP was/VBD good/JJ ./.,,,302.36,302.78
sw10utt/sw_1006_2967.utt,2/sw2967,2967,160,b,A,99,1,Uh-huh. /,Uh-huh/UH ./.,,,302.81,302.97
sw10utt/sw_1006_2967.utt,2/sw2967,2967,161,sv,B,100,1,It was very good.  /,It/PRP was/VBD very/RB good/JJ ./.,,,302.94,303.6
sw10utt/sw_1006_2967.utt,2/sw2967,2967,162,sd,B,100,2,"{C But, } {F uh, } {F um, } {F uh, } {D see } I have, {F uh, } teenagers in my house.  /","But/CC ,/, uh/UH ,/, um/UH ,/, uh/UH ,/, see/VB I/PRP have/VBP ,/, uh/UH ,/, teenagers/NNS in/IN my/PRP$ house/NN ./.",,,304.04,307.24
sw10utt/sw_1006_2967.utt,2/sw2967,2967,163,sd,B,100,3,"{C And } of course sometimes they rent movies and, {D you know, } have friends over or  something.  /","And/CC of/IN course/NN sometimes/RB they/PRP rent/VBP movies/NNS and/CC ,/, you/PRP know/VBP ,/, have/VBP friends/NNS over/RB or/CC something/NN ./.",,,307.24,310.06
sw10utt/sw_1006_2967.utt,2/sw2967,2967,164,sd,B,100,4,"{C And } sometimes movies are here that [ I did not, + I  ] am not even aware that I could have seen, {D you know. }  /","And/CC sometimes/RB movies/NNS are/VBP here/RB that/WDT I/PRP did/VBD not/RB ,/, I/PRP am/VBP not/RB even/RB aware/JJ that/IN I/PRP could/MD have/VB seen/VBN ,/, you/PRP know/VBP ./.",,,310.4,314.54
sw10utt/sw_1006_2967.utt,2/sw2967,2967,165,sd,B,100,5,"{C Because } my family tells me [ [ that, + that,  ] +  that ] it had been actually in the house before <laughter>. /","Because/IN my/PRP$ family/NN tells/VBZ me/PRP that/IN ,/, that/IN ,/, that/IN it/PRP had/VBD been/VBN actually/RB in/IN the/DT house/NN before/RB ./.",,,314.54,317.98
sw10utt/sw_1006_2967.utt,2/sw2967,2967,166,b,A,101,1,{F Huh. } /,Huh/UH ./.,,,318.46,318.62
sw10utt/sw_1006_2967.utt,2/sw2967,2967,167,sd,B,102,1,{C But } I had missed it.  /,But/CC I/PRP had/VBD missed/VBN it/PRP ./.,,,319.2,319.78
sw10utt/sw_1006_2967.utt,2/sw2967,2967,168,sd,B,102,2,"{C But } I did see it on T V,  /","But/CC I/PRP did/VBD see/VB it/PRP on/IN T/NN V/NN ,/,",,,319.78,320.84
sw10utt/sw_1006_2967.utt,2/sw2967,2967,169,sd,B,102,3,{C and } I thought it was good. /,and/CC I/PRP thought/VBD it/PRP was/VBD good/JJ ./.,,,321.32,321.98
sw10utt/sw_1006_2967.utt,2/sw2967,2967,170,b,A,103,1,Yeah.  /,Yeah/UH ./.,,,322.0,322.18
sw10utt/sw_1006_2967.utt,2/sw2967,2967,171,%,A,103,2,"It was really,  /","It/PRP was/VBD really/RB ,/,",,,325.1,327.96
sw10utt/sw_1006_2967.utt,2/sw2967,2967,172,sv,A,103,3,"{C and then, }  {C and  then, } {F uh, } Shoeless Joe Jackson really was a player.  /","and/CC then/RB ,/, and/CC then/RB ,/, uh/UH ,/, Shoeless/NNP Joe/NNP Jackson/NNP really/RB was/VBD a/DT player/NN ./.",,,327.96,331.34
sw10utt/sw_1006_2967.utt,2/sw2967,2967,173,sd,A,103,4,"I thought they made him up, and then I found out, {D you know, } after I saw the movie that, [ they, + they  ] started talking about that scandal  /","I/PRP thought/VBD they/PRP made/VBD him/PRP up/RP ,/, and/CC then/RB I/PRP found/VBD out/RP ,/, you/PRP know/VBP ,/, after/IN I/PRP saw/VBD the/DT movie/NN that/IN ,/, they/PRP ,/, they/PRP started/VBD talking/VBG about/IN that/DT scandal/NN",,,331.34,338.36
sw10utt/sw_1006_2967.utt,2/sw2967,2967,174,%,A,103,5,"{C and, } -/","and/CC ,/,",,,338.36,338.48
sw10utt/sw_1006_2967.utt,2/sw2967,2967,175,bh,B,104,1,"{F Oh, } really? /","Oh/UH ,/, really/UH ?/.",,,338.8,339.54
sw10utt/sw_1006_2967.utt,2/sw2967,2967,176,ny,A,105,1,"Yeah,  /","Yeah/UH ,/,",,,339.56,339.8
sw10utt/sw_1006_2967.utt,2/sw2967,2967,177,sd^e,A,105,2,"[ when the, + when the  ] anniversary came up -- -/","when/WRB the/DT ,/, when/WRB the/DT anniversary/NN came/VBD up/RP --/:",,,339.84,341.5
sw10utt/sw_1006_2967.utt,2/sw2967,2967,178,b,B,106,1,Uh-huh. /,Uh-huh/UH ./.,,,341.7,342.02
sw10utt/sw_1006_2967.utt,2/sw2967,2967,179,sd,A,107,1,"-- that was around the time of anniversary, {D you know. } /","--/: that/DT was/VBD around/IN the/DT time/NN of/IN anniversary/NN ,/, you/PRP know/VBP ./.",,,342.06,344.26000000000005
sw10utt/sw_1006_2967.utt,2/sw2967,2967,180,b,B,108,1,No kidding. /,No/DT kidding/NN ./.,,,344.24,344.59999999999997
sw10utt/sw_1006_2967.utt,2/sw2967,2967,181,sd,A,109,1,{C And then } --,And/CC then/RB --/:,,,344.62,344.91999999999996
sw10utt/sw_1006_2967.utt,2/sw2967,2967,182,sd,B,110,1,"{F Oh, } I did not realize that. /","Oh/UH ,/, I/PRP did/VBD not/RB realize/VB that/DT ./.",,,344.92,345.64
sw10utt/sw_1006_2967.utt,2/sw2967,2967,183,+,A,111,1,-- it was on the news. /,--/: it/PRP was/VBD on/IN the/DT news/NN ./.,,,345.66,346.61
sw10utt/sw_1006_2967.utt,2/sw2967,2967,184,b,B,112,1,Yeah.  /,Yeah/UH ./.,,,346.98,347.06
sw10utt/sw_1006_2967.utt,2/sw2967,2967,185,sd,B,112,2,"{F Uh, } {D you know, } the character that, {F uh, } James Earle Jones played? /","Uh/UH ,/, you/PRP know/VBP ,/, the/DT character/NN that/WDT ,/, uh/UH ,/, James/NNP Earle/NNP Jones/NNP played/VBD ?/.",,,347.06,351.09999999999997
sw10utt/sw_1006_2967.utt,2/sw2967,2967,186,b,A,113,1,Uh-huh. /,Uh-huh/UH ./.,,,352.03,352.19
sw10utt/sw_1006_2967.utt,2/sw2967,2967,187,sd,B,114,1,"{F Uh, } {F uh, } I teach in school,  /","Uh/UH ,/, uh/UH ,/, I/PRP teach/VBP in/IN school/NN ,/,",,,352.17,354.91
sw10utt/sw_1006_2967.utt,2/sw2967,2967,188,sd,B,114,2,{C and } we are doing a book called INVISIBLE MAN by Ralph Ellison. /,and/CC we/PRP are/VBP doing/VBG a/DT book/NN called/VBN INVISIBLE/NNP MAN/NNP by/IN Ralph/NNP Ellison/NNP ./.,,,354.91,358.04999999999995
sw10utt/sw_1006_2967.utt,2/sw2967,2967,189,b,A,115,1,Uh-huh. /,Uh-huh/UH ./.,,,358.37,358.55
sw10utt/sw_1006_2967.utt,2/sw2967,2967,190,sd,B,116,1,{C And } I wondered if maybe he was patterned after him. /,And/CC I/PRP wondered/VBD if/IN maybe/RB he/PRP was/VBD patterned/VBN after/IN him/PRP ./.,,,358.75,361.29
sw10utt/sw_1006_2967.utt,2/sw2967,2967,191,b,A,117,1,Yeah. /,Yeah/UH ./.,,,361.57,361.84999999999997
sw10utt/sw_1006_2967.utt,2/sw2967,2967,192,h,B,118,1,"{F Uh, } I do not know,  /","Uh/UH ,/, I/PRP do/VBP not/RB know/VB ,/,",,,361.83,363.23
sw10utt/sw_1006_2967.utt,2/sw2967,2967,193,sd,B,118,2,I had not heard anybody talk about it.  /,I/PRP had/VBD not/RB heard/VBN anybody/NN talk/NN about/IN it/PRP ./.,,,363.23,364.73
sw10utt/sw_1006_2967.utt,2/sw2967,2967,194,sv,B,118,3,"{C But, } {F uh, } he certainly could have been.  {F Uh, } {A which was kind of interesting. }","But/CC ,/, uh/UH ,/, he/PRP certainly/RB could/MD have/VB been/VBN ./. Uh/UH ,/, which/WDT was/VBD kind/RB of/RB interesting/JJ ./.",,,364.73,368.73
sw10utt/sw_1006_2967.utt,2/sw2967,2967,195,b,A,119,1,Yeah. /,Yeah/UH ./.,,,369.04,369.14000000000004
sw10utt/sw_1006_2967.utt,2/sw2967,2967,196,+,B,120,1,"{D You know, } someone [ who, + {F uh, } who  ] was a real activist  but then took up the cause.  {F Uh, } kind of gave up, {D you know, } because he did not think anything was happening,  /","You/PRP know/VBP ,/, someone/NN who/WP ,/, uh/UH ,/, who/WP was/VBD a/DT real/JJ activist/NN but/CC then/RB took/VBD up/RP the/DT cause/NN ./. Uh/UH ,/, kind/RB of/RB gave/VBD up/RP ,/, you/PRP know/VBP ,/, because/IN he/PRP did/VBD not/RB think/VB anything/NN was/VBD happening/VBG ,/,",,,369.13,375.41
sw10utt/sw_1006_2967.utt,2/sw2967,2967,197,sd,B,120,2,"[ {C and } + {C so, }  ] {F uh, } it was kind of fun. /","and/CC so/RB ,/, uh/UH ,/, it/PRP was/VBD kind/RB of/RB fun/JJ ./.",,,375.41,377.65
sw10utt/sw_1006_2967.utt,2/sw2967,2967,198,b,A,121,1,Yeah.  /,Yeah/UH ./.,,,378.58,378.78
sw10utt/sw_1006_2967.utt,2/sw2967,2967,199,sd,A,121,2,{C And } I wondered who it was too. /,And/CC I/PRP wondered/VBD who/WP it/PRP was/VBD too/RB ./.,,,378.78,380.2
sw10utt/sw_1006_2967.utt,2/sw2967,2967,200,h,B,122,1,"I do not know for sure,  /","I/PRP do/VBP not/RB know/VB for/IN sure/JJ ,/,",,,380.51,381.39
sw10utt/sw_1006_2967.utt,2/sw2967,2967,201,sv,B,122,2,"{C but } there are certain, {F uh, } qualities that suggest it could be he.  /","but/CC there/EX are/VBP certain/JJ ,/, uh/UH ,/, qualities/NNS that/WDT suggest/VBP it/PRP could/MD be/VB he/PRP ./.",,,381.39,385.65000000000003
sw10utt/sw_1006_2967.utt,2/sw2967,2967,202,sd,B,122,3,"{C Because } [ they were, + {F uh, } they were  ] suggesting that this Ben was something of a recluse.  /","Because/IN they/PRP were/VBD ,/, uh/UH ,/, they/PRP were/VBD suggesting/VBG that/IN this/DT Ben/NNP was/VBD something/NN of/IN a/DT recluse/NN ./.",,,385.65,392.23999999999995
sw10utt/sw_1006_2967.utt,2/sw2967,2967,203,sd,B,122,4,"That he had stopped writing and had stopped,  {D you know, } - /","That/DT he/PRP had/VBD stopped/VBD writing/VBG and/CC had/VBD stopped/VBN ,/, you/PRP know/VBP ,/,",,,392.24,395.18
sw10utt/sw_1006_2967.utt,2/sw2967,2967,204,sd,B,122,5,{C and } that is true for Ellison.  /,and/CC that/DT is/VBZ true/JJ for/IN Ellison/NNP ./.,,,395.18,396.58
sw10utt/sw_1006_2967.utt,2/sw2967,2967,205,sd,B,122,6,"[ He, + he  ] wrote that one book and a few essays and that is about it.","He/PRP ,/, he/PRP wrote/VBD that/DT one/CD book/NN and/CC a/DT few/JJ essays/NNS and/CC that/DT is/VBZ about/RB it/PRP ./.",,,396.58,400.18
sw10utt/sw_1006_2967.utt,2/sw2967,2967,206,b,A,123,1,Huh. /,Huh/UH ./.,,,400.45,400.53
sw10utt/sw_1006_2967.utt,2/sw2967,2967,207,+,B,124,1,"{F And, } {F uh, } has pretty much dropped out of public life.  /","And/CC ,/, uh/UH ,/, has/VBZ pretty/RB much/RB dropped/VBN out/IN of/IN public/JJ life/NN ./.",,,400.99,403.54999999999995
sw10utt/sw_1006_2967.utt,2/sw2967,2967,208,sd,B,124,2,{C But } he is still alive  /,But/CC he/PRP is/VBZ still/RB alive/JJ,,,405.51,406.46999999999997
sw10utt/sw_1006_2967.utt,2/sw2967,2967,209,sv,B,124,3,"{C and } [ that, + {D you know, } that  ] is what makes it so interesting. /","and/CC that/DT ,/, you/PRP know/VBP ,/, that/DT is/VBZ what/WP makes/VBZ it/PRP so/RB interesting/JJ ./.",,,406.47,408.13
sw10utt/sw_1006_2967.utt,2/sw2967,2967,210,b,A,125,1,Uh-huh. /,Uh-huh/UH ./.,,,408.19,408.29
sw10utt/sw_1006_2967.utt,2/sw2967,2967,211,qy,B,126,1,"{C And } that book, have you ever read that book?","And/CC that/DT book/NN ,/, have/VBP you/PRP ever/RB read/VBN that/DT book/NN ?/.",,,408.63,410.45
sw10utt/sw_1006_2967.utt,2/sw2967,2967,212,%,A,127,1,"{F Uh, } I d-, -/","Uh/UH ,/, I/PRP d-/XX ,/,",,,410.47,410.59
sw10utt/sw_1006_2967.utt,2/sw2967,2967,213,+,B,128,1,INVISIBLE MAN. /,INVISIBLE/NNP MAN/NNP ./.,,,410.57,411.23
sw10utt/sw_1006_2967.utt,2/sw2967,2967,214,br,A,129,1,What is that?  /,What/WP is/VBZ that/DT ?/.,,,411.6,412.06
sw10utt/sw_1006_2967.utt,2/sw2967,2967,215,qy^d,A,129,2,INVISIBLE MAN? /,INVISIBLE/NNP MAN/NNP ?/.,,,412.22,412.74
sw10utt/sw_1006_2967.utt,2/sw2967,2967,216,qy^d,B,130,1,INVISIBLE MAN by Ralph Ellison. /,INVISIBLE/NNP MAN/NNP by/IN Ralph/NNP Ellison/NNP ./.,,,412.73,414.13
sw10utt/sw_1006_2967.utt,2/sw2967,2967,217,nn,A,131,1,"{F Uh, } no.  /","Uh/UH ,/, no/UH ./.",,,414.14,414.46
sw10utt/sw_1006_2967.utt,2/sw2967,2967,218,nn,A,131,2,Huh-uh. /,Huh-uh/UH ./.,,,414.46,414.64
sw10utt/sw_1006_2967.utt,2/sw2967,2967,219,sv,B,132,1,It is an incredible book.  /,It/PRP is/VBZ an/DT incredible/JJ book/NN ./.,,,414.63,415.77
sw10utt/sw_1006_2967.utt,2/sw2967,2967,220,sv,B,132,2,"It, {F uh, } really is [ very, + very  ] interesting.  /","It/PRP ,/, uh/UH ,/, really/RB is/VBZ very/RB ,/, very/RB interesting/JJ ./.",,,417.31,419.31
sw10utt/sw_1006_2967.utt,2/sw2967,2967,221,sd,B,132,3,I highly recommend it. /,I/PRP highly/RB recommend/VBP it/PRP ./.,,,419.49,420.37
sw10utt/sw_1006_2967.utt,2/sw2967,2967,222,qy,A,133,1,"{F Uh, } did they make the movies after that  /","Uh/UH ,/, did/VBD they/PRP make/VBP the/DT movies/NNS after/IN that/DT",,,420.5,422.2
sw10utt/sw_1006_2967.utt,2/sw2967,2967,223,%,A,133,2,"{C or, } -/","or/CC ,/,",,,423.06,423.28000000000003
sw10utt/sw_1006_2967.utt,2/sw2967,2967,224,%,B,134,1,"{F Uh, } the, - /","Uh/UH ,/, the/DT ,/,",,,423.27,423.87
sw10utt/sw_1006_2967.utt,2/sw2967,2967,225,%,B,134,2,"yeah,  /","yeah/UH ,/,",,,423.99,424.27
sw10utt/sw_1006_2967.utt,2/sw2967,2967,226,%,B,134,3,"the movie, - /","the/DT movie/NN ,/,",,,424.27,424.65
sw10utt/sw_1006_2967.utt,2/sw2967,2967,227,%,B,134,4,the - /,the/DT,,,424.85,424.97
sw10utt/sw_1006_2967.utt,2/sw2967,2967,228,%,B,134,5,in - /,in/NN,,,424.97,425.11
sw10utt/sw_1006_2967.utt,2/sw2967,2967,229,sd,B,134,6,"[ FIELD, + FIELD  ] OF DREAMS came out after, {F uh, } that novel. /","FIELD/NNP ,/, FIELD/NNP OF/IN DREAMS/NNP came/VBD out/RB after/IN ,/, uh/UH ,/, that/DT novel/NN ./.",,,425.27,429.18
sw10utt/sw_1006_2967.utt,2/sw2967,2967,230,b,A,135,1,Uh-huh. /,Uh-huh/UH ./.,,,429.19,429.31
sw10utt/sw_1006_2967.utt,2/sw2967,2967,231,sv,B,136,1,"{C So } [ i-, + it  ] could easily have been patterned after him.  /","So/RB i-/PRP ,/, it/PRP could/MD easily/RB have/VB been/VBN patterned/VBN after/IN him/PRP ./.",,,429.52,431.66
sw10utt/sw_1006_2967.utt,2/sw2967,2967,232,sd,B,136,2,"{C But } [ the, + the  ] movie did not have anything to do [ with, + with  ] the story that I am talking about.  /","But/CC the/DT ,/, the/DT movie/NN did/VBD not/RB have/VB anything/NN to/TO do/VB with/IN ,/, with/IN the/DT story/NN that/WDT I/PRP am/VBP talking/VBG about/IN ./.",,,431.9,436.3
sw10utt/sw_1006_2967.utt,2/sw2967,2967,233,%,B,136,3,{C But } -- -/,But/CC --/:,,,436.3,436.48
sw10utt/sw_1006_2967.utt,2/sw2967,2967,234,b,A,137,1,Right. /,Right/UH ./.,,,436.49,436.61
sw10utt/sw_1006_2967.utt,2/sw2967,2967,235,sv,B,138,1,"-- I just thought [ the act-, + the, {F uh, } author  ] could have been patterned after that, {F uh, }  /","--/: I/PRP just/RB thought/VBD the/DT act-/NN ,/, the/DT ,/, uh/UH ,/, author/NN could/MD have/VB been/VBN patterned/VBN after/IN that/DT ,/, uh/UH ,/,",,,436.6,441.06
sw10utt/sw_1006_2967.utt,2/sw2967,2967,236,sv,B,138,2,"{E I mean } [ th-, + that  ] character could have been patterned after him or  someone like him, certainly. /","I/PRP mean/VBP th-/DT ,/, that/DT character/NN could/MD have/VB been/VBN patterned/VBN after/IN him/PRP or/CC someone/NN like/IN him/PRP ,/, certainly/RB ./.",,,441.91,446.13
sw10utt/sw_1006_2967.utt,2/sw2967,2967,237,b,A,139,1,Uh-huh. /,Uh-huh/UH ./.,,,446.37,446.55
sw10utt/sw_1006_2967.utt,2/sw2967,2967,238,sv,B,140,1,"Sort of interesting,  /","Sort/RB of/RB interesting/JJ ,/,",,,448.29,449.29
sw10utt/sw_1006_2967.utt,2/sw2967,2967,239,qy^g^t,B,140,2,"{C so. }  {D Well, } I guess we have talked probably  our [ l-, + time limit,  ] haven't we? /","so/UH ./. Well/UH ,/, I/PRP guess/VBP we/PRP have/VBP talked/VBN probably/RB our/PRP$ l-/NN ,/, time/NN limit/NN ,/, have/VBP n't/RB we/PRP ?/.",,,449.47,453.81
sw10utt/sw_1006_2967.utt,2/sw2967,2967,240,aa,A,141,1,"{F Oh, } yeah. /","Oh/UH ,/, yeah/UH ./.",,,453.87,454.29
sw10utt/sw_1006_2967.utt,2/sw2967,2967,241,fc,B,142,1,Okay. /,Okay/UH ./.,,,454.69,455.23
sw10utt/sw_1006_2967.utt,2/sw2967,2967,242,fc,A,143,1,Okay.  /,Okay/UH ./.,,,455.28,455.55999999999995
sw10utt/sw_1006_2967.utt,2/sw2967,2967,243,fc,A,143,2,"It was [ n-, +","It/PRP was/VBD n/JJ ,/,",,,455.56,455.68
sw10utt/sw_1006_2967.utt,2/sw2967,2967,244,fc,B,144,1,Very good.  /,Very/RB good/JJ ./.,,,455.67,455.93
sw10utt/sw_1006_2967.utt,2/sw2967,2967,245,fc,B,144,2,It was nice talking to you. /,It/PRP was/VBD nice/JJ talking/VBG to/IN you/PRP ./.,,,455.93,456.89000000000004
sw10utt/sw_1006_2967.utt,2/sw2967,2967,246,+,A,145,1,Nice  ] talking to you. /,Nice/JJ talking/VBG to/IN you/PRP ./.,,,456.9,457.64
sw10utt/sw_1006_2967.utt,2/sw2967,2967,247,fc,B,146,1,Okay.  /,Okay/UH ./.,,,457.73,458.01
sw10utt/sw_1006_2967.utt,2/sw2967,2967,248,fc,B,146,2,Bye-bye. /,Bye-bye/UH ./.,,,458.01,458.43
sw10utt/sw_1006_2967.utt,2/sw2967,2967,249,fc^m,A,147,1,Bye-bye. /,Bye-bye/UH ./.,,,458.44,458.74
