swda_filename,ptb_basename,conversation_no,transcript_index,act_tag,caller,utterance_index,subutterance_index,text,pos,trees,ptb_treenumbers,start_ts,end_ts
sw07utt/sw_0788_2984.utt,2/sw2984,2984,0,o,B,1,1,"# Okay,  /","Okay/UH ,/,",,,1.37,1.77
sw07utt/sw_0788_2984.utt,2/sw2984,2984,1,%,B,1,2,{C so. } # -/,so/RB ./.,,,1.81,2.17
sw07utt/sw_0788_2984.utt,2/sw2984,2984,2,%,A,2,1,"# Okay,  /","Okay/UH ,/,",,,0.0,0.0
sw07utt/sw_0788_2984.utt,2/sw2984,2984,3,sd^t,A,2,2,# we're going to talk about lawn and garden today. /,we/PRP 're/VBP going/VBG to/TO talk/VB about/IN lawn/NN and/CC garden/NN today/RB ./.,,,2.34,4.34
sw07utt/sw_0788_2984.utt,2/sw2984,2984,4,aa,B,3,1,Right.  /,Right/UH ./.,,,4.45,4.8500000000000005
sw07utt/sw_0788_2984.utt,2/sw2984,2984,5,%,B,3,2,[ What -- +,What/WP --/:,,,4.85,4.989999999999999
sw07utt/sw_0788_2984.utt,2/sw2984,2984,6,b,A,4,1,Okay -- /,Okay/UH --/:,,,5.1,5.64
sw07utt/sw_0788_2984.utt,2/sw2984,2984,7,+,B,5,1,"-- what, ] -/","--/: what/WP ,/,",,,5.53,5.61
sw07utt/sw_0788_2984.utt,2/sw2984,2984,8,qw,A,6,1,"-- {F um, } where do you work at  /","--/: um/UH ,/, where/WRB do/VBP you/PRP work/VB at/IN",,,5.72,7.140000000000001
sw07utt/sw_0788_2984.utt,2/sw2984,2984,9,qrr,A,6,2,{C or } --,or/CC --/:,,,7.14,7.18
sw07utt/sw_0788_2984.utt,2/sw2984,2984,10,b,B,7,1,{F Uh. } /,Uh/UH ./.,,,7.07,7.13
sw07utt/sw_0788_2984.utt,2/sw2984,2984,11,+,A,8,1,"-- do [ you, + you ] wish to discuss that? /","--/: do/VBP you/PRP ,/, you/PRP wish/VB to/TO discuss/VB that/DT ?/.",,,7.24,9.219999999999999
sw07utt/sw_0788_2984.utt,2/sw2984,2984,12,nn,B,9,1,"No,  /","No/UH ,/,",,,9.19,9.45
sw07utt/sw_0788_2984.utt,2/sw2984,2984,13,sd^e,B,9,2,"I, I'm in, {F uh, } {D well } - /","I/PRP ,/, I/PRP 'm/VBP in/IN ,/, uh/UH ,/, well/UH",,,9.45,10.95
sw07utt/sw_0788_2984.utt,2/sw2984,2984,14,sd,B,9,3,"I live in, {F uh, } Richardson,","I/PRP live/VBP in/IN ,/, uh/UH ,/, Richardson/NNP ,/,",,,10.95,12.45
sw07utt/sw_0788_2984.utt,2/sw2984,2984,15,bk,A,10,1,"{F Oh, } # okay. # /","Oh/UH ,/, okay/UH ./.",,,0.0,0.0
sw07utt/sw_0788_2984.utt,2/sw2984,2984,16,+,B,11,1,"# Texas, #  /","Texas/NNP ,/,",,,12.77,13.19
sw07utt/sw_0788_2984.utt,2/sw2984,2984,17,%,B,11,2,"{C and, } {F uh, } -/","and/CC ,/, uh/UH ,/,",,,13.35,14.01
sw07utt/sw_0788_2984.utt,2/sw2984,2984,18,b,A,12,1,"Yeah,  /","Yeah/UH ,/,",,,15.06,15.24
sw07utt/sw_0788_2984.utt,2/sw2984,2984,19,sd,A,12,2,we're neighbors. /,we/PRP 're/VBP neighbors/NNS ./.,,,15.24,15.74
sw07utt/sw_0788_2984.utt,2/sw2984,2984,20,b,B,13,1,Yeah. /,Yeah/UH ./.,,,15.89,16.23
sw07utt/sw_0788_2984.utt,2/sw2984,2984,21,b,A,14,1,Okay <laughter>. /,Okay/UH ./.,,,16.7,17.18
sw07utt/sw_0788_2984.utt,2/sw2984,2984,22,sd,B,15,1,"[ And, + ] {F uh, }  but grew up in, {F uh, } Iowa on a farm with a considerably different philosophy in terms of <laughter> lawn and garden --","And/CC ,/, uh/UH ,/, but/CC grew/VBD up/RP in/IN ,/, uh/UH ,/, Iowa/NNP on/IN a/DT farm/NN with/IN a/DT considerably/RB different/JJ philosophy/NN in/IN terms/NNS of/IN lawn/NN and/CC garden/NN --/:",,,17.93,25.970000000000002
sw07utt/sw_0788_2984.utt,2/sw2984,2984,23,t3,A,16,1,Hi <talking> <<talking to someone in background>>. /,Hi/UH ./.,,,26.07,26.31
sw07utt/sw_0788_2984.utt,2/sw2984,2984,24,+,B,17,1,-- work.  /,--/: work/NN ./.,,,26.69,26.93
sw07utt/sw_0788_2984.utt,2/sw2984,2984,25,%,B,17,2,"{F Uh, } {C and } {F uh, } -/","Uh/UH ,/, and/CC uh/UH ,/,",,,28.09,29.41
sw07utt/sw_0788_2984.utt,2/sw2984,2984,26,ad,A,18,1,Can you hang on just a minute? /,Can/MD you/PRP hang/VB on/RP just/RB a/DT minute/NN ?/.,,,29.57,32.050000000000004
sw07utt/sw_0788_2984.utt,2/sw2984,2984,27,aa,B,19,1,Yeah. /,Yeah/UH ./.,,,32.13,32.39
sw07utt/sw_0788_2984.utt,2/sw2984,2984,28,ft,A,20,1,Thank you <talking>   <<Talking to someone else in background>>.  /,Thank/VB you/PRP ./.,,,32.51,32.99
sw07utt/sw_0788_2984.utt,2/sw2984,2984,29,t3,A,20,2,I have no idea.  /,I/PRP have/VBP no/DT idea/NN ./.,,,34.89,35.730000000000004
sw07utt/sw_0788_2984.utt,2/sw2984,2984,30,t3,A,20,3,He didn't broadcast.  /,He/PRP did/VBD n't/RB broadcast/VB ./.,,,36.61,37.81
sw07utt/sw_0788_2984.utt,2/sw2984,2984,31,t3,A,20,4,Thank you.  /,Thank/VB you/PRP ./.,,,38.35,38.87
sw07utt/sw_0788_2984.utt,2/sw2984,2984,32,t3,A,20,5,Uh-huh.  /,Uh-huh/UH ./.,,,38.95,39.09
sw07utt/sw_0788_2984.utt,2/sw2984,2984,33,fa,A,20,6,I'm sorry. /,I/PRP 'm/VBP sorry/JJ ./.,,,39.55,40.09
sw07utt/sw_0788_2984.utt,2/sw2984,2984,34,bd,B,21,1,No. /,No/UH ./.,,,40.29,40.449999999999996
sw07utt/sw_0788_2984.utt,2/sw2984,2984,35,ad,A,22,1,Go ahead. /,Go/VB ahead/RB ./.,,,40.55,40.93
sw07utt/sw_0788_2984.utt,2/sw2984,2984,36,sd,B,23,1,"{C So, } {F uh, } <lipsmack> {F uh, } [ not, + not ]  growing up familiar with here, {F uh, } {F uh, } when I get a chance I listen to that  Neil # Sperry and do that <laughter>. # -/","So/RB ,/, uh/UH ,/, uh/UH ,/, not/RB ,/, not/RB growing/VBG up/RP familiar/JJ with/IN here/RB ,/, uh/UH ,/, uh/UH ,/, when/WRB I/PRP get/VBP a/DT chance/NN I/PRP listen/VBP to/IN that/DT Neil/NNP Sperry/NNP and/CC do/VBP that/DT ./.",,,42.25,52.27
sw07utt/sw_0788_2984.utt,2/sw2984,2984,37,sd,A,24,1,"# <Noise> {F Oh, } I do all the time. #  /","Oh/UH ,/, I/PRP do/VBP all/PDT the/DT time/NN ./.",,,53.32,54.48
sw07utt/sw_0788_2984.utt,2/sw2984,2984,38,sd^r,A,24,2,# I do all the time. # /,I/PRP do/VBP all/PDT the/DT time/NN ./.,,,0.0,0.0
sw07utt/sw_0788_2984.utt,2/sw2984,2984,39,%,B,25,1,"# {C And, } {F uh, } # -/","And/CC ,/, uh/UH ,/,",,,0.0,0.0
sw07utt/sw_0788_2984.utt,2/sw2984,2984,40,sd,A,26,1,I get a lot of good tips from him. /,I/PRP get/VBP a/DT lot/NN of/IN good/JJ tips/NNS from/IN him/PRP ./.,,,54.56,55.94
sw07utt/sw_0788_2984.utt,2/sw2984,2984,41,b,B,27,1,Yeah.  /,Yeah/UH ./.,,,55.85,56.17
sw07utt/sw_0788_2984.utt,2/sw2984,2984,42,%,B,27,2,"# {F Uh, } # /","Uh/UH ,/,",,,57.31,57.510000000000005
sw07utt/sw_0788_2984.utt,2/sw2984,2984,43,sd,A,28,1,"# I have his book, # too. /","I/PRP have/VBP his/PRP$ book/NN ,/, too/RB ./.",,,57.82,58.24
sw07utt/sw_0788_2984.utt,2/sw2984,2984,44,bh,B,29,1,Yeah? /,Yeah/UH ?/.,,,58.35,58.65
sw07utt/sw_0788_2984.utt,2/sw2984,2984,45,ny,A,30,1,Uh-huh. /,Uh-huh/UH ./.,,,59.18,59.36
sw07utt/sw_0788_2984.utt,2/sw2984,2984,46,sd,B,31,1,"Don't do [ any, + {F uh, }","Do/VBP n't/RB do/VB any/DT ,/, uh/UH ,/,",,,59.49,60.49
sw07utt/sw_0788_2984.utt,2/sw2984,2984,47,x,A,32,1,<Swallowing>.,,,,0.0,0.0
sw07utt/sw_0788_2984.utt,2/sw2984,2984,48,+,B,33,1,"any ] gardening in the sense of, {F uh, }  vegetable gardening  /","any/DT gardening/NN in/IN the/DT sense/NN of/IN ,/, uh/UH ,/, vegetable/NN gardening/NN",,,60.49,64.50999999999999
sw07utt/sw_0788_2984.utt,2/sw2984,2984,49,sd,B,33,2,"{C but, } {F uh, }","but/CC ,/, uh/UH ,/,",,,64.55,65.15
sw07utt/sw_0788_2984.utt,2/sw2984,2984,50,sd,A,34,1,Not in # Texas. # /,Not/RB in/IN Texas/NNP ./.,,,65.4,66.38
sw07utt/sw_0788_2984.utt,2/sw2984,2984,51,+,B,35,1,"# [ [ [ Tr-, + tr-, ] + # tried ] some, + tried some ]  different,","Tr/VBD ,/, tr/VBD ,/, tried/VBD some/DT ,/, tried/VBD some/DT different/JJ ,/,",,,66.77,67.95
sw07utt/sw_0788_2984.utt,2/sw2984,2984,52,x,A,36,1,<Laughter>.,,,,0.0,0.0
sw07utt/sw_0788_2984.utt,2/sw2984,2984,53,+,B,37,1,"flowers, [ and, + and, ] {F uh, } bushes and stuff,","flowers/NNS ,/, and/CC ,/, and/CC ,/, uh/UH ,/, bushes/NNS and/CC stuff/NN ,/,",,,68.37,71.14999999999999
sw07utt/sw_0788_2984.utt,2/sw2984,2984,54,x,A,38,1,<Noise>.,,,,0.0,0.0
sw07utt/sw_0788_2984.utt,2/sw2984,2984,55,+,B,39,1,"and, {F uh, } {F uh, } [ have a, + have a ]  lawn service.  /","and/CC ,/, uh/UH ,/, uh/UH ,/, have/VBP a/DT ,/, have/VBP a/DT lawn/NN service/NN ./.",,,71.37,76.13
sw07utt/sw_0788_2984.utt,2/sw2984,2984,56,sd,B,39,2,"There was one [ when,","There/EX was/VBD one/CD when/WRB ,/,",,,76.13,76.79
sw07utt/sw_0788_2984.utt,2/sw2984,2984,57,x,A,40,1,<Swallowing>.,,,,0.0,0.0
sw07utt/sw_0788_2984.utt,2/sw2984,2984,58,+,B,41,1,"we, + when we ] bought the house  /","we/PRP ,/, when/WRB we/PRP bought/VBD the/DT house/NN",,,76.79,78.13000000000001
sw07utt/sw_0788_2984.utt,2/sw2984,2984,59,sd,B,41,2,"{C and } we just  continued with them for a long time and then switched to a different one,  /","and/CC we/PRP just/RB continued/VBD with/IN them/PRP for/IN a/DT long/JJ time/NN and/CC then/RB switched/VBD to/IN a/DT different/JJ one/CD ,/,",,,78.13,81.61
sw07utt/sw_0788_2984.utt,2/sw2984,2984,60,sd,B,41,3,"{C but } in terms  of the fertilizing and, {F uh, }","but/CC in/IN terms/NNS of/IN the/DT fertilizing/NN and/CC ,/, uh/UH ,/,",,,81.61,84.67
sw07utt/sw_0788_2984.utt,2/sw2984,2984,61,x,A,42,1,<Noise> <<Paper shuffling>>.,,,,0.0,0.0
sw07utt/sw_0788_2984.utt,2/sw2984,2984,62,+,B,43,1,"weed control,","weed/NN control/NN ,/,",,,85.19,86.17
sw07utt/sw_0788_2984.utt,2/sw2984,2984,63,b,A,44,1,Uh-huh. /,Uh-huh/UH ./.,,,86.25,86.47
sw07utt/sw_0788_2984.utt,2/sw2984,2984,64,+,B,45,1,mainly leave that up to them.  /,mainly/RB leave/VBP that/DT up/IN to/IN them/PRP ./.,,,86.39,87.65
sw07utt/sw_0788_2984.utt,2/sw2984,2984,65,qo,B,45,2,What about you? /,What/WP about/IN you/PRP ?/.,,,87.85,88.37
sw07utt/sw_0788_2984.utt,2/sw2984,2984,66,nn,A,46,1,"{D Well, } no,  /","Well/UH ,/, no/UH ,/,",,,88.69,89.25
sw07utt/sw_0788_2984.utt,2/sw2984,2984,67,sd^e,A,46,2,"I had a lawn service one year,  /","I/PRP had/VBD a/DT lawn/NN service/NN one/CD year/NN ,/,",,,89.25,90.91
sw07utt/sw_0788_2984.utt,2/sw2984,2984,68,sd(^q),A,46,3,"{C and } I thought phooey, I'm going to do it myself because I figured up the cost  /","and/CC I/PRP thought/VBD phooey/UH ,/, I/PRP 'm/VBP going/VBG to/TO do/VB it/PRP myself/PRP because/IN I/PRP figured/VBD up/RP the/DT cost/NN",,,90.91,94.35
sw07utt/sw_0788_2984.utt,2/sw2984,2984,69,sd(^q),A,46,4,"{C and } I said, # huh-uh <noise>, # /","and/CC I/PRP said/VBD ,/, huh-uh/UH ,/,",,,94.35,95.13000000000001
sw07utt/sw_0788_2984.utt,2/sw2984,2984,70,b,B,47,1,# Yeah. # /,Yeah/UH ./.,,,0.0,0.0
sw07utt/sw_0788_2984.utt,2/sw2984,2984,71,^q,A,48,1,I can do it much # cheaper and better. # /,I/PRP can/MD do/VB it/PRP much/RB cheaper/JJR and/CC better/JJR ./.,,,95.13,97.11
sw07utt/sw_0788_2984.utt,2/sw2984,2984,72,b,B,49,1,# Yeah. # /,Yeah/UH ./.,,,0.0,0.0
sw07utt/sw_0788_2984.utt,2/sw2984,2984,73,sd,A,50,1,"{C And so } what I did, I switched to liquid,  /","And/CC so/RB what/WP I/PRP did/VBD ,/, I/PRP switched/VBD to/IN liquid/NN ,/,",,,97.57,99.41
sw07utt/sw_0788_2984.utt,2/sw2984,2984,74,sd,A,50,2,"{C and } I do it with an applicator with my hose,  /","and/CC I/PRP do/VBP it/PRP with/IN an/DT applicator/NN with/IN my/PRP$ hose/NN ,/,",,,99.81,101.95
sw07utt/sw_0788_2984.utt,2/sw2984,2984,75,sd,A,50,3,{C and } it's so much easier than taking  that lawn spreader and  # walking all over # --,and/CC it/PRP 's/BES so/RB much/RB easier/JJR than/IN taking/VBG that/DT lawn/NN spreader/NN and/CC walking/VBG all/RB over/IN --/:,,,101.95,105.41000000000001
sw07utt/sw_0788_2984.utt,2/sw2984,2984,76,b,B,51,1,# <Noise> Yeah. # /,Yeah/UH ./.,,,105.32,105.58
sw07utt/sw_0788_2984.utt,2/sw2984,2984,77,+,A,52,1,-- the territory. /,--/: the/DT territory/NN ./.,,,106.09,106.97
sw07utt/sw_0788_2984.utt,2/sw2984,2984,78,b,B,53,1,Yeah. /,Yeah/UH ./.,,,106.94,107.24
sw07utt/sw_0788_2984.utt,2/sw2984,2984,79,sd,A,54,1,I was surprised how easy it was. /,I/PRP was/VBD surprised/JJ how/WRB easy/JJ it/PRP was/VBD ./.,,,107.45,109.47
sw07utt/sw_0788_2984.utt,2/sw2984,2984,80,%,B,55,1,{D Well } <noise> <<Sounds like eating something>>. /,Well/UH ./.,,,109.62,109.9
sw07utt/sw_0788_2984.utt,2/sw2984,2984,81,sd(^q),A,56,1,"{C And, } [ i-, + ] I thought, {D well, }  I'm going to do this all the time. /","And/CC ,/, i-/XX ,/, I/PRP thought/VBD ,/, well/UH ,/, I/PRP 'm/VBP going/VBG to/TO do/VB this/DT all/PDT the/DT time/NN ./.",,,110.69,113.15
sw07utt/sw_0788_2984.utt,2/sw2984,2984,82,ba,B,57,1,"{D Well, } good. /","Well/UH ,/, good/JJ ./.",,,113.22,113.76
sw07utt/sw_0788_2984.utt,2/sw2984,2984,83,sd,A,58,1,"{C So } I found, {D you know, } - /","So/RB I/PRP found/VBD ,/, you/PRP know/VBP ,/,",,,114.31,115.41
sw07utt/sw_0788_2984.utt,2/sw2984,2984,84,sd,A,58,2,"{C and } I've got  some problems with, {F uh, } two trees in my front yard,  /","and/CC I/PRP 've/VBP got/VBN some/DT problems/NNS with/IN ,/, uh/UH ,/, two/CD trees/NNS in/IN my/PRP$ front/JJ yard/NN ,/,",,,115.47,118.45
sw07utt/sw_0788_2984.utt,2/sw2984,2984,85,sd,A,58,3,"{C and } I took them to a certified, {F uh, }  nurseryman the other day, /","and/CC I/PRP took/VBD them/PRP to/IN a/DT certified/JJ ,/, uh/UH ,/, nurseryman/NN the/DT other/JJ day/NN ,/,",,,118.45,122.29
sw07utt/sw_0788_2984.utt,2/sw2984,2984,86,b,B,59,1,# Yeah. # /,Yeah/UH ./.,,,122.48,122.7
sw07utt/sw_0788_2984.utt,2/sw2984,2984,87,qh,A,60,1,"# {C and } do # you know what he told  me I [ h-, + ] needed to do? /","and/CC do/VBP you/PRP know/VB what/WP he/PRP told/VBD me/PRP I/PRP h-/XX ,/, needed/VBD to/TO do/VB ?/.",,,122.79,124.55000000000001
sw07utt/sw_0788_2984.utt,2/sw2984,2984,88,nn,B,61,1,# No. # /,No/UH ./.,,,124.86,125.16
sw07utt/sw_0788_2984.utt,2/sw2984,2984,89,%,A,62,1,"# Which is, # - /","Which/WDT is/VBZ ,/,",,,0.0,0.0
sw07utt/sw_0788_2984.utt,2/sw2984,2984,90,%,A,62,2,"a-, <laughter> - /","a-/XX ,/,",,,0.0,0.0
sw07utt/sw_0788_2984.utt,2/sw2984,2984,91,sd,A,62,3,it's just unreal.  /,it/PRP 's/BES just/RB unreal/JJ ./.,,,125.65,127.53
sw07utt/sw_0788_2984.utt,2/sw2984,2984,92,sd,A,62,4,"He said I needed to pull every leave off the tree,  /","He/PRP said/VBD I/PRP needed/VBD to/TO pull/VB every/DT leave/NN off/IN the/DT tree/NN ,/,",,,127.83,130.55
sw07utt/sw_0788_2984.utt,2/sw2984,2984,93,sd,A,62,5,"{C and } the tree is fifteen feet high,  /","and/CC the/DT tree/NN is/VBZ fifteen/CD feet/NNS high/JJ ,/,",,,130.55,132.10999999999999
sw07utt/sw_0788_2984.utt,2/sw2984,2984,94,sd,A,62,6,{C and } it probably has about ten thousand leaves on it  /,and/CC it/PRP probably/RB has/VBZ about/RB ten/CD thousand/CD leaves/VBZ on/IN it/PRP,,,132.55,134.59
sw07utt/sw_0788_2984.utt,2/sw2984,2984,95,sd,A,62,7,{C and } he told me I  needed to pull every leaf off and then spray it with this chemical that he said I should purchase. /,and/CC he/PRP told/VBD me/PRP I/PRP needed/VBD to/TO pull/VB every/DT leaf/NN off/RP and/CC then/JJ spray/VB it/PRP with/IN this/DT chemical/NN that/WDT he/PRP said/VBD I/PRP should/MD purchase/VB ./.,,,135.03,140.77
sw07utt/sw_0788_2984.utt,2/sw2984,2984,96,x,B,63,1,<Laughter>.,,,,0.0,0.0
sw07utt/sw_0788_2984.utt,2/sw2984,2984,97,sd(^q),A,64,1,"{C And } I thought, {D uh-huh, }  <laughter>  [ this is, +  this is ]  unreal,  /","And/CC I/PRP thought/VBD ,/, uh-huh/UH ,/, this/DT is/VBZ ,/, this/DT is/VBZ unreal/JJ ,/,",,,141.47,144.79000000000002
sw07utt/sw_0788_2984.utt,2/sw2984,2984,98,^q,A,64,2,this is # unreal. # /,this/DT is/VBZ unreal/JJ ./.,,,144.97,145.83
sw07utt/sw_0788_2984.utt,2/sw2984,2984,99,b,B,65,1,# Yeah. # /,Yeah/UH ./.,,,0.0,0.0
sw07utt/sw_0788_2984.utt,2/sw2984,2984,100,sd,A,66,1,"{C So, } {F uh, } I think I'll get my  son-in-law <laughter> to do that for me, if he will. /","So/RB ,/, uh/UH ,/, I/PRP think/VBP I/PRP 'll/MD get/VB my/PRP$ son-in-law/NN to/TO do/VB that/DT for/IN me/PRP ,/, if/IN he/PRP will/MD ./.",,,146.51,149.71
sw07utt/sw_0788_2984.utt,2/sw2984,2984,101,b,B,67,1,Yeah  /,Yeah/UH,,,149.62,149.72
sw07utt/sw_0788_2984.utt,2/sw2984,2984,102,qw,B,67,2,"<laughter>.  [ [ What, + what, ] + what ]  kind of a, - /","./. What/WP ,/, what/WP ,/, what/WP kind/NN of/IN a/DT ,/,",,,150.88,152.28
sw07utt/sw_0788_2984.utt,2/sw2984,2984,103,qy,B,67,3,"is this some sort of a disease,  /","is/VBZ this/DT some/DT sort/NN of/IN a/DT disease/NN ,/,",,,152.28,153.54
sw07utt/sw_0788_2984.utt,2/sw2984,2984,104,qrr,B,67,4,{C or } is # it a pest? # /,or/CC is/VBZ it/PRP a/DT pest/NN ?/.,,,153.56,153.73999999999998
sw07utt/sw_0788_2984.utt,2/sw2984,2984,105,ny,A,68,1,"# Yes, #  /","Yes/UH ,/,",,,153.88,154.16
sw07utt/sw_0788_2984.utt,2/sw2984,2984,106,sd^e,A,68,2,"it's a disease that it's got,  /","it/PRP 's/BES a/DT disease/NN that/WDT it/PRP 's/HVS got/VBD ,/,",,,154.16,155.56
sw07utt/sw_0788_2984.utt,2/sw2984,2984,107,sd,A,68,3,"{C and } I don't know,","and/CC I/PRP do/VBP n't/RB know/VB ,/,",,,155.56,156.22
sw07utt/sw_0788_2984.utt,2/sw2984,2984,108,qw,B,69,1,"[ [ What, +","What/WP ,/,",,,156.14,156.22
sw07utt/sw_0788_2984.utt,2/sw2984,2984,109,+,A,70,1,"what happened to it, {F uh, }  /","what/WP happened/VBD to/IN it/PRP ,/, uh/UH ,/,",,,156.3,157.6
sw07utt/sw_0788_2984.utt,2/sw2984,2984,110,sd,A,70,2,{C and # then } [ it + # --,and/CC then/RB it/PRP --/:,,,157.6,159.0
sw07utt/sw_0788_2984.utt,2/sw2984,2984,111,+,B,71,1,"# {D Well, } what ] kind + # --","Well/UH ,/, what/WDT kind/NN --/:",,,0.0,0.0
sw07utt/sw_0788_2984.utt,2/sw2984,2984,112,+,A,72,1,"-- it, ] {F um } <lipsmack>, -/","--/: it/PRP ,/, um/UH ,/,",,,159.0,159.44
sw07utt/sw_0788_2984.utt,2/sw2984,2984,113,+,B,73,1,-- what kind ] of trees are they? /,--/: what/WDT kind/NN of/IN trees/NNS are/VBP they/PRP ?/.,,,159.7,160.84
sw07utt/sw_0788_2984.utt,2/sw2984,2984,114,sd,A,74,1,"{D Well, } one is a  maple,  /","Well/UH ,/, one/CD is/VBZ a/DT maple/NN ,/,",,,161.08,162.4
sw07utt/sw_0788_2984.utt,2/sw2984,2984,115,sd^r,A,74,2,"one is, {F um } <lipsmack>,","one/CD is/VBZ ,/, um/UH ,/,",,,162.44,163.18
sw07utt/sw_0788_2984.utt,2/sw2984,2984,116,b,B,75,1,Huh. /,Huh/UH ./.,,,163.52,163.70000000000002
sw07utt/sw_0788_2984.utt,2/sw2984,2984,117,+,A,76,1,"a maple,  /","a/DT maple/NN ,/,",,,165.04,165.55999999999997
sw07utt/sw_0788_2984.utt,2/sw2984,2984,118,sd,A,76,2,"{C but } I would much prefer, - /","but/CC I/PRP would/MD much/RB prefer/VB ,/,",,,165.56,167.01999999999998
sw07utt/sw_0788_2984.utt,2/sw2984,2984,119,sd,A,76,3,I think it's not a native Texan tree. /,I/PRP think/VBP it/PRP 's/BES not/RB a/DT native/JJ Texan/NNP tree/NN ./.,,,167.02,169.56
sw07utt/sw_0788_2984.utt,2/sw2984,2984,120,b,B,77,1,Yeah. /,Yeah/UH ./.,,,169.68,170.0
sw07utt/sw_0788_2984.utt,2/sw2984,2984,121,sd,A,78,1,"{C And, } {F uh, } [ the one that, + the ones that ]  really do well are the ones that are on the city property,  /","And/CC ,/, uh/UH ,/, the/DT one/CD that/WDT ,/, the/DT ones/NNS that/WDT really/RB do/VBP well/RB are/VBP the/DT ones/NNS that/WDT are/VBP on/IN the/DT city/NN property/NN ,/,",,,170.33,175.57
sw07utt/sw_0788_2984.utt,2/sw2984,2984,122,sd,A,78,2,"{C and } they don't,","and/CC they/PRP do/VBP n't/RB ,/,",,,175.97,176.69
sw07utt/sw_0788_2984.utt,2/sw2984,2984,123,x,B,79,1,<Laughter>.,,,,0.0,0.0
sw07utt/sw_0788_2984.utt,2/sw2984,2984,124,+,A,80,1,"get any care, /","get/VB any/DT care/NN ,/,",,,176.71,177.54999999999998
sw07utt/sw_0788_2984.utt,2/sw2984,2984,125,b,B,81,1,# Uh-huh. # /,Uh-huh/UH ./.,,,0.0,0.0
sw07utt/sw_0788_2984.utt,2/sw2984,2984,126,sd,A,82,1,"# {C and } they're # cedar elm,  /","and/CC they/PRP 're/VBP cedar/NN elm/NN ,/,",,,177.79,179.01000000000002
sw07utt/sw_0788_2984.utt,2/sw2984,2984,127,sd,A,82,2,{C and } they're just beautiful. /,and/CC they/PRP 're/VBP just/RB beautiful/JJ ./.,,,179.01,180.32999999999998
sw07utt/sw_0788_2984.utt,2/sw2984,2984,128,b,B,83,1,Uh-huh  /,Uh-huh/UH,,,180.38,180.72
sw07utt/sw_0788_2984.utt,2/sw2984.pos,2984,129,x,B,83,2,<laughter>.,./.,,,0.0,0.0
sw07utt/sw_0788_2984.utt,2/sw2984,2984,130,sd,A,84,1,"{C So } {E I mean, } [ it, + it's, ] {D you know, }  these things that you pamper, - /","So/RB I/PRP mean/VBP ,/, it/PRP ,/, it/PRP 's/BES ,/, you/PRP know/VBP ,/, these/DT things/NNS that/WDT you/PRP pamper/VBP ,/,",,,181.05,184.33
sw07utt/sw_0788_2984.utt,2/sw2984,2984,131,sv,A,84,2,"some people have really a green thumb,  /","some/DT people/NNS have/VBP really/RB a/DT green/JJ thumb/NN ,/,",,,185.03,186.95
sw07utt/sw_0788_2984.utt,2/sw2984,2984,132,sd,A,84,3,"[ {C and, } + {D you know, }","and/CC ,/, you/PRP know/VBP ,/,",,,186.95,187.55
sw07utt/sw_0788_2984.utt,2/sw2984,2984,133,b,B,85,1,Yeah. /,Yeah/UH ./.,,,187.48,187.85999999999999
sw07utt/sw_0788_2984.utt,2/sw2984,2984,134,+,A,86,1,"{C and, } ] {F um, } although I don't have  too serious a problem,  /","and/CC ,/, um/UH ,/, although/IN I/PRP do/VBP n't/RB have/VB too/RB serious/JJ a/DT problem/NN ,/,",,,188.11,191.61
sw07utt/sw_0788_2984.utt,2/sw2984,2984,135,sd,A,86,2,"{C but, } I don't know if it was from [ [ the, + the, ] + the ]  late freezes that were, or the early freezes we had, that caused this tree damage,  /","but/CC ,/, I/PRP do/VBP n't/RB know/VB if/IN it/PRP was/VBD from/IN the/DT ,/, the/DT ,/, the/DT late/JJ freezes/NNS that/WDT were/VBD ,/, or/CC the/DT early/JJ freezes/NNS we/PRP had/VBD ,/, that/WDT caused/VBD this/DT tree/NN damage/NN ,/,",,,191.61,198.20999999999998
sw07utt/sw_0788_2984.utt,2/sw2984,2984,136,sd,A,86,3,"{C and } {D you know, }  Sperry said, {D you know, } that's what happened to the Crepe Myrtles,","and/CC you/PRP know/VBP ,/, Sperry/NNP said/VBD ,/, you/PRP know/VBP ,/, that/DT 's/BES what/WP happened/VBD to/TO the/DT Crepe/NNP Myrtles/NNPS ,/,",,,198.43,201.65
sw07utt/sw_0788_2984.utt,2/sw2984,2984,137,b,B,87,1,Yeah. /,Yeah/UH ./.,,,201.9,202.22
sw07utt/sw_0788_2984.utt,2/sw2984,2984,138,+,A,88,1,"the last two years that,  [ you, + we ]  are looking at all the freeze damage from the prior two years. /","the/DT last/JJ two/CD years/NNS that/WDT ,/, you/PRP ,/, we/PRP are/VBP looking/VBG at/IN all/PDT the/DT freeze/NN damage/NN from/IN the/DT prior/JJ two/CD years/NNS ./.",,,202.47,207.91
sw07utt/sw_0788_2984.utt,2/sw2984,2984,139,b,B,89,1,Yeah. /,Yeah/UH ./.,,,207.84,208.18
sw07utt/sw_0788_2984.utt,2/sw2984,2984,140,sd,A,90,1,"{C So, } I kind of think that maybe that, {F uh, }  happened to these large trees that I have. /","So/RB ,/, I/PRP kind/RB of/RB think/VBP that/IN maybe/RB that/DT ,/, uh/UH ,/, happened/VBD to/IN these/DT large/JJ trees/NNS that/WDT I/PRP have/VBP ./.",,,208.45,213.19
sw07utt/sw_0788_2984.utt,2/sw2984,2984,141,b,B,91,1,Yeah. /,Yeah/UH ./.,,,213.42,213.76
sw07utt/sw_0788_2984.utt,2/sw2984,2984,142,sd,A,92,1,"{C And } I really hate to lose them,  /","And/CC I/PRP really/RB hate/VBP to/TO lose/VB them/PRP ,/,",,,213.93,215.41
sw07utt/sw_0788_2984.utt,2/sw2984,2984,143,sv,A,92,2,"{C but, } {F um, } <lipsmack> that's one of the hazards I guess of, {F uh, } having [ a, + a ] yard. /","but/CC ,/, um/UH ,/, that/DT 's/BES one/CD of/IN the/DT hazards/NNS I/PRP guess/VBP of/IN ,/, uh/UH ,/, having/VBG a/DT ,/, a/DT yard/NN ./.",,,215.41,221.51000000000002
sw07utt/sw_0788_2984.utt,2/sw2984,2984,144,b,B,93,1,"Yeah,  /","Yeah/UH ,/,",,,221.6,221.94
sw07utt/sw_0788_2984.utt,2/sw2984,2984,145,b^r,B,93,2,# yeah. # /,yeah/UH ./.,,,222.16,222.56
sw07utt/sw_0788_2984.utt,2/sw2984,2984,146,%,A,94,1,"# {C Because } I, # -/","Because/IN I/PRP ,/,",,,0.0,0.0
sw07utt/sw_0788_2984.utt,2/sw2984,2984,147,sd,B,95,1,"{D Well, } [ that's, + that's ]  one thing that [ we a-, + we've  had ]  very poor luck [ with, + with, ] [ is, + ] [ in, + in ]  our yard [ is, + is ] trees -- /","Well/UH ,/, that/DT 's/BES ,/, that/DT 's/BES one/CD thing/NN that/WDT we/PRP a-/XX ,/, we/PRP 've/VBP had/VBN very/RB poor/JJ luck/NN with/IN ,/, with/IN ,/, is/VBZ ,/, in/IN ,/, in/IN our/PRP$ yard/NN is/VBZ ,/, is/VBZ trees/NNS --/:",,,222.68,229.2
sw07utt/sw_0788_2984.utt,2/sw2984,2984,148,b,A,96,1,# Uh-huh. # /,Uh-huh/UH ./.,,,0.0,0.0
sw07utt/sw_0788_2984.utt,2/sw2984,2984,149,sd,B,97,1,"-- # {C but } # [ the, + ] {F uh, } <noise>  [ what, + what ] trees [ were, + were ] there when we moved in,","--/: but/CC the/DT ,/, uh/UH ,/, what/WP ,/, what/WP trees/NNS were/VBD ,/, were/VBD there/RB when/WRB we/PRP moved/VBD in/RB ,/,",,,229.2,235.20000000000002
sw07utt/sw_0788_2984.utt,2/sw2984,2984,150,x,A,98,1,<Noise> <<sounds like a train whistle>>.,,,,0.0,0.0
sw07utt/sw_0788_2984.utt,2/sw2984,2984,151,+,B,99,1,"{F uh, } {F uh, } [ were, + ] had been put in by the  developer when he built the house,  /","uh/UH ,/, uh/UH ,/, were/VBD ,/, had/VBD been/VBN put/VBN in/RB by/IN the/DT developer/NN when/WRB he/PRP built/VBD the/DT house/NN ,/,",,,235.66,240.57999999999998
sw07utt/sw_0788_2984.utt,2/sw2984,2984,152,sd,B,99,2,{C and } he just put in whatever was cheapest <noise>  that he could # claim was a tree I think. # /,and/CC he/PRP just/RB put/VBP in/RB whatever/WDT was/VBD cheapest/JJS that/WDT he/PRP could/MD claim/VB was/VBD a/DT tree/NN I/PRP think/VBP ./.,,,240.58,243.74
sw07utt/sw_0788_2984.utt,2/sw2984,2984,153,aa,A,100,1,"# Right,  /","Right/UH ,/,",,,243.96,244.20000000000002
sw07utt/sw_0788_2984.utt,2/sw2984,2984,154,sv,A,100,2,"the quick growing,  /","the/DT quick/JJ growing/NN ,/,",,,244.2,245.02
sw07utt/sw_0788_2984.utt,2/sw2984,2984,155,%,A,100,3,"yeah,  /","yeah/UH ,/,",,,245.02,245.42000000000002
sw07utt/sw_0788_2984.utt,2/sw2984,2984,156,%,A,100,4,"[ {C and } they, + {C and } he, ] # -/","and/CC they/PRP ,/, and/CC he/PRP ,/,",,,245.48,246.62
sw07utt/sw_0788_2984.utt,2/sw2984,2984,157,sd,B,101,1,"And, {F uh, } figured <noise>  up last night, [ at, + ] - /","And/CC ,/, uh/UH ,/, figured/VBD up/IN last/JJ night/NN ,/, at/IN ,/,",,,246.56,248.96
sw07utt/sw_0788_2984.utt,2/sw2984,2984,158,sd,B,101,2,"there were seven different trees [ of, + of ] various kinds and sizes in the yard when  we moved in,  /","there/EX were/VBD seven/CD different/JJ trees/NNS of/IN ,/, of/IN various/JJ kinds/NNS and/CC sizes/NNS in/IN the/DT yard/NN when/WRB we/PRP moved/VBD in/RB ,/,",,,249.44,256.14
sw07utt/sw_0788_2984.utt,2/sw2984,2984,159,sd,B,101,3,"{C and } we got one left at this point,  /","and/CC we/PRP got/VBN one/CD left/VBN at/IN this/DT point/NN ,/,",,,256.14,257.76
sw07utt/sw_0788_2984.utt,2/sw2984,2984,160,sd,B,101,4,"{C but, } <sigh> {F uh, }  a couple of them [ we've lost to, + <sigh> {A the, [ w-, + weren't ] too good trees, } we've lost to wind, ]  # {F uh, } {F uh. } # /","but/CC ,/, uh/UH ,/, a/DT couple/NN of/IN them/PRP we/PRP 've/VBP lost/VBN to/IN ,/, the/DT ,/, w-/XX ,/, were/VBD n't/RB too/RB good/JJ trees/NNS ,/, we/PRP 've/VBP lost/VBN to/IN wind/NN ,/, uh/UH ,/, uh/UH ./.",,,257.76,264.0
sw07utt/sw_0788_2984.utt,2/sw2984,2984,161,b,A,102,1,"# {F Uh, } uh-huh  /","Uh/UH ,/, uh-huh/UH",,,0.0,0.0
sw07utt/sw_0788_2984.utt,2/sw2984.pos,2984,162,x,A,102,2,# <breathing>.,./.,,,0.0,0.0
sw07utt/sw_0788_2984.utt,2/sw2984,2984,163,sd,B,103,1,"[ Three we, + three we've ]  lost to, to, {F uh, } freezes between, {F uh, } eighty-three [ and + {F uh, } and ]  then, {F uh, } a year ago we lost, {F uh, } # another one. # /","Three/CD we/PRP ,/, three/CD we/PRP 've/VBP lost/VBN to/IN ,/, to/IN ,/, uh/UH ,/, freezes/NNS between/IN ,/, uh/UH ,/, eighty-three/CD and/CC uh/UH ,/, and/CC then/RB ,/, uh/UH ,/, a/DT year/NN ago/RB we/PRP lost/VBD ,/, uh/UH ,/, another/DT one/CD ./.",,,264.84,276.2
sw07utt/sw_0788_2984.utt,2/sw2984,2984,164,ad,A,104,1,# <Lipsmack> Can I pick your brain # about how  you got rid of those trees?  /,Can/MD I/PRP pick/VB your/PRP$ brain/NN about/IN how/WRB you/PRP got/VBD rid/VBN of/IN those/DT trees/NNS ?/.,,,276.98,279.58000000000004
sw07utt/sw_0788_2984.utt,2/sw2984,2984,165,%,A,104,2,"Did, - /","Did/VBD ,/,",,,279.64,279.76
sw07utt/sw_0788_2984.utt,2/sw2984,2984,166,qy,A,104,3,"are they still there,  /","are/VBP they/PRP still/RB there/RB ,/,",,,279.8,280.56
sw07utt/sw_0788_2984.utt,2/sw2984,2984,167,qy,A,104,4,"did you cut them down [ at the, + at the ]  ground level,  /","did/VBD you/PRP cut/VB them/PRP down/RB at/IN the/DT ,/, at/IN the/DT ground/NN level/NN ,/,",,,280.56,282.85999999999996
sw07utt/sw_0788_2984.utt,2/sw2984,2984,168,qrr,A,104,5,"{C or } did you pull them,","or/CC did/VBD you/PRP pull/VB them/PRP ,/,",,,282.86,284.26000000000005
sw07utt/sw_0788_2984.utt,2/sw2984,2984,169,x,B,105,1,<Breathing>.,,,,0.0,0.0
sw07utt/sw_0788_2984.utt,2/sw2984,2984,170,+,A,106,1,"up by the roots,  /","up/RB by/IN the/DT roots/NNS ,/,",,,284.26,284.92
sw07utt/sw_0788_2984.utt,2/sw2984,2984,171,qy,A,106,2,{C or } how did you get rid of them?  /,or/CC how/WRB did/VBD you/PRP get/VB rid/VBN of/IN them/PRP ?/.,,,284.94,286.28
sw07utt/sw_0788_2984.utt,2/sw2984,2984,172,%,A,106,3,# {C Because } [ if + ] I # -- -/,Because/IN if/IN I/PRP --/:,,,0.0,0.0
sw07utt/sw_0788_2984.utt,2/sw2984,2984,173,%,B,107,1,"# {D Well, } d-, # -/","Well/UH ,/, d-/XX ,/,",,,0.0,0.0
sw07utt/sw_0788_2984.utt,2/sw2984,2984,174,sd,A,108,1,"-- [ I, + I ] don't know how to get rid of  these big trees, because one has a circumference of about ten inches,  /","--/: I/PRP ,/, I/PRP do/VBP n't/RB know/VB how/WRB to/TO get/VB rid/VBN of/IN these/DT big/JJ trees/NNS ,/, because/IN one/CD has/VBZ a/DT circumference/NN of/IN about/RB ten/CD inches/NNS ,/,",,,287.64,292.21999999999997
sw07utt/sw_0788_2984.utt,2/sw2984,2984,175,%,A,108,2,"# {C and, } # -/","and/CC ,/,",,,0.0,0.0
sw07utt/sw_0788_2984.utt,2/sw2984,2984,176,b,B,109,1,"# Yeah,  /","Yeah/UH ,/,",,,292.18,292.52
sw07utt/sw_0788_2984.utt,2/sw2984,2984,177,sd,B,109,2,"# [ [ we-, + we ]  didn't ha-, + we didn't have ] any that were [ that, +","we-/PRP ,/, we/PRP did/VBD n't/RB ha/VB ,/, we/PRP did/VBD n't/RB have/VB any/DT that/WDT were/VBD that/RB ,/,",,,292.84,294.58000000000004
sw07utt/sw_0788_2984.utt,2/sw2984,2984,178,b,A,110,1,Oh. /,Oh/UH ./.,,,295.03,295.27
sw07utt/sw_0788_2984.utt,2/sw2984,2984,179,+,B,111,1,"that ] big when they, {F uh, } went.  /","that/RB big/JJ when/WRB they/PRP ,/, uh/UH ,/, went/VBD ./.",,,295.22,297.32
sw07utt/sw_0788_2984.utt,2/sw2984,2984,180,sd,B,111,2,"[ two o-, + two of ]  them, {F uh, } <laughter> [ the wind, + the wind ] blew over <lipsmack> --","two/CD o-/IN ,/, two/CD of/IN them/PRP ,/, uh/UH ,/, the/DT wind/NN ,/, the/DT wind/NN blew/VBD over/RB --/:",,,297.32,302.35
sw07utt/sw_0788_2984.utt,2/sw2984,2984,181,%,A,112,1,{F Uh. } /,Uh/UH ./.,,,302.75,302.93
sw07utt/sw_0788_2984.utt,2/sw2984,2984,182,+,B,113,1,"-- {F uh, } [ in, + in ] terms of getting them down. /","--/: uh/UH ,/, in/IN ,/, in/IN terms/NNS of/IN getting/VBG them/PRP down/RB ./.",,,302.87,306.47
sw07utt/sw_0788_2984.utt,2/sw2984,2984,183,b,A,114,1,Uh-huh. /,Uh-huh/UH ./.,,,306.53,306.65
sw07utt/sw_0788_2984.utt,2/sw2984,2984,184,%,B,115,1,{F Uh } <lipsmack> --,Uh/UH --/:,,,306.59,306.75
sw07utt/sw_0788_2984.utt,2/sw2984,2984,185,sd,A,116,1,{C Because } I don't # want # --,Because/IN I/PRP do/VBP n't/RB want/VB --/:,,,308.33,309.07
sw07utt/sw_0788_2984.utt,2/sw2984,2984,186,+,B,117,1,"-- # the, # -/","--/: the/DT ,/,",,,0.0,0.0
sw07utt/sw_0788_2984.utt,2/sw2984,2984,187,+,A,118,1,-- stubs in my lawn.  /,--/: stubs/NNS in/IN my/PRP$ lawn/NN ./.,,,309.07,310.05
sw07utt/sw_0788_2984.utt,2/sw2984,2984,188,sd,A,118,2,# {C Because } # --,Because/IN --/:,,,0.0,0.0
sw07utt/sw_0788_2984.utt,2/sw2984,2984,189,b,B,119,1,# Yeah. # /,Yeah/UH ./.,,,309.99,310.39
sw07utt/sw_0788_2984.utt,2/sw2984,2984,190,+,A,120,1,"-- # you still have to <music>, # /","--/: you/PRP still/RB have/VBP to/TO ,/,",,,0.0,0.0
sw07utt/sw_0788_2984.utt,2/sw2984,2984,191,b,B,121,1,# Yeah.  /,Yeah/UH ./.,,,310.95,311.28999999999996
sw07utt/sw_0788_2984.utt,2/sw2984,2984,192,sd,B,121,2,"# Now [ [ [ th-, + the ] one that, + the one that ]  we lost, + the last one that we lost ] [ a, + a ] year ago --","Now/RB th-/DT ,/, the/DT one/CD that/WDT ,/, the/DT one/CD that/WDT we/PRP lost/VBD ,/, the/DT last/JJ one/CD that/WDT we/PRP lost/VBD a/DT ,/, a/DT year/NN ago/RB --/:",,,311.73,316.21
sw07utt/sw_0788_2984.utt,2/sw2984,2984,193,b,A,122,1,# Uh-huh. # /,Uh-huh/UH ./.,,,0.0,0.0
sw07utt/sw_0788_2984.utt,2/sw2984,2984,194,+,B,123,1,"-- # {F uh, } # [ u-, + up ] until then,  they [ do-, + ] hadn't been big enough  /","--/: uh/UH ,/, u-/IN ,/, up/IN until/IN then/RB ,/, they/PRP do-/XX ,/, had/VBD n't/RB been/VBN big/JJ enough/RB",,,316.89,320.83
sw07utt/sw_0788_2984.utt,2/sw2984,2984,195,sd,B,123,2,"{C but } what I just used a hand saw  and sawed them off [ [ at, + at, ] +","but/CC what/WP I/PRP just/RB used/VBD a/DT hand/NN saw/NN and/CC sawed/VBD them/PRP off/RP at/IN ,/, at/IN ,/,",,,320.83,324.10999999999996
sw07utt/sw_0788_2984.utt,2/sw2984,2984,196,^2,A,124,1,# The base? # /,The/DT base/NN ?/.,,,324.45,324.77
sw07utt/sw_0788_2984.utt,2/sw2984,2984,197,+,B,125,1,"# as ] [ close, + #","as/IN close/RB ,/,",,,324.71,324.96999999999997
sw07utt/sw_0788_2984.utt,2/sw2984,2984,198,^2,A,126,1,# To the ground? # /,To/IN the/DT ground/NN ?/.,,,325.59,326.07
sw07utt/sw_0788_2984.utt,2/sw2984,2984,199,+,B,127,1,"# close ] to ground # level as I could,","close/RB to/IN ground/NN level/NN as/IN I/PRP could/MD ,/,",,,326.01,326.65000000000003
sw07utt/sw_0788_2984.utt,2/sw2984,2984,200,b,A,128,1,Uh-huh. /,Uh-huh/UH ./.,,,326.81,327.07
sw07utt/sw_0788_2984.utt,2/sw2984,2984,201,+,B,129,1,"and then, {F uh, } # [ got s-, + #","and/CC then/RB ,/, uh/UH ,/, got/VBD s-/XX ,/,",,,327.07,328.63
sw07utt/sw_0788_2984.utt,2/sw2984,2984,202,^2,A,130,1,# Bore? # /,Bore/NN ?/.,,,0.0,0.0
sw07utt/sw_0788_2984.utt,2/sw2984,2984,203,+,B,131,1,"got ] some chemical that drill  holes and pour in that [ helps + <noise>,","got/VBD some/DT chemical/NN that/WDT drill/VBZ holes/NNS and/CC pour/VB in/IN that/DT helps/VBZ ,/,",,,329.43,332.03
sw07utt/sw_0788_2984.utt,2/sw2984,2984,204,bf,A,132,1,I see --,I/PRP see/VBP --/:,,,332.09,332.45
sw07utt/sw_0788_2984.utt,2/sw2984,2984,205,+,B,133,1,"# helps ] rot the, # -/","helps/VBZ rot/VB the/DT ,/,",,,332.55,333.37
sw07utt/sw_0788_2984.utt,2/sw2984,2984,206,+,A,134,1,"-- # tr-, - /","--/: tr-/XX ,/,",,,0.0,0.0
sw07utt/sw_0788_2984.utt,2/sw2984,2984,207,bf,A,134,2,"{F uh, }  # a stump killer. /","uh/UH ,/, a/DT stump/NN killer/NN ./.",,,333.43,334.19
sw07utt/sw_0788_2984.utt,2/sw2984,2984,208,b^m,B,135,1,"[ stump ki-,  + {D yeah, }","stump/NN ki-/NN ,/, yeah/UH ,/,",,,334.21,334.73
sw07utt/sw_0788_2984.utt,2/sw2984,2984,209,b,A,136,1,Yeah. /,Yeah/UH ./.,,,334.79,335.09000000000003
sw07utt/sw_0788_2984.utt,2/sw2984,2984,210,+,B,137,1,"stump killer, ] and [ stump, + stump ] rotter, /","stump/NN killer/NN ,/, and/CC stump/NN ,/, stump/NN rotter/NN ,/,",,,335.03,336.83
sw07utt/sw_0788_2984.utt,2/sw2984,2984,211,b,A,138,1,Uh-huh. /,Uh-huh/UH ./.,,,337.03,337.34999999999997
sw07utt/sw_0788_2984.utt,2/sw2984,2984,212,sd,B,139,1,"{C But, } {F uh, } this last one had a fair  sized root  /","But/CC ,/, uh/UH ,/, this/DT last/JJ one/CD had/VBD a/DT fair/RB sized/JJ root/NN",,,337.45,340.27
sw07utt/sw_0788_2984.utt,2/sw2984,2984,213,sd,B,139,2,"{C and } some guy was doing a job in the neighborhood, {F uh, }  /","and/CC some/DT guy/NN was/VBD doing/VBG a/DT job/NN in/IN the/DT neighborhood/NN ,/, uh/UH ,/,",,,340.27,344.87
sw07utt/sw_0788_2984.utt,2/sw2984,2984,214,sd,B,139,3,"[ and, + and ] saw it and  stopped in and asked,","and/CC ,/, and/CC saw/VBD it/PRP and/CC stopped/VBD in/RP and/CC asked/VBD ,/,",,,344.87,347.65000000000003
sw07utt/sw_0788_2984.utt,2/sw2984,2984,215,x,A,140,1,<Swallowing>.,,,,0.0,0.0
sw07utt/sw_0788_2984.utt,2/sw2984,2984,216,+,B,141,1,"if I didn't want the stump dug out on the  spot for thirty-five bucks,  /","if/IN I/PRP did/VBD n't/RB want/VB the/DT stump/NN dug/VBN out/RB on/IN the/DT spot/NN for/IN thirty-five/CD bucks/NNS ,/,",,,347.65,351.27
sw07utt/sw_0788_2984.utt,2/sw2984,2984,217,sd(^q),B,141,2,{C and } I said fine.  /,and/CC I/PRP said/VBD fine/JJ ./.,,,351.27,352.07
sw07utt/sw_0788_2984.utt,2/sw2984,2984,218,sd,B,141,3,"[ He had, + he had ]  a trailer with a machine on it that was specifically for that,  /","He/PRP had/VBD ,/, he/PRP had/VBD a/DT trailer/NN with/IN a/DT machine/NN on/IN it/PRP that/WDT was/VBD specifically/RB for/IN that/DT ,/,",,,352.07,355.33
sw07utt/sw_0788_2984.utt,2/sw2984,2984,219,%,B,141,4,# {C and } it # -- -/,and/CC it/PRP --/:,,,355.33,355.59000000000003
sw07utt/sw_0788_2984.utt,2/sw2984,2984,220,b,A,142,1,"# Yeah,  /","Yeah/UH ,/,",,,0.0,0.0
sw07utt/sw_0788_2984.utt,2/sw2984,2984,221,sd,A,142,2,"# {C and } they get that saw,  /","and/CC they/PRP get/VBP that/DT saw/NN ,/,",,,355.81,356.84999999999997
sw07utt/sw_0788_2984.utt,2/sw2984,2984,222,sd,A,142,3,"{C and } I think it's [ a, k-, + some kind of a ] [ s-, a + ] screwing thing that # just rips it right out. # /","and/CC I/PRP think/VBP it/PRP 's/BES a/DT ,/, k-/XX ,/, some/DT kind/NN of/IN a/DT s-/XX ,/, a/DT screwing/NN thing/NN that/WDT just/RB rips/VBZ it/PRP right/NN out/RB ./.",,,356.85,359.83
sw07utt/sw_0788_2984.utt,2/sw2984,2984,223,b,B,143,1,"-- # yeah,  /","--/: yeah/UH ,/,",,,359.77,360.09
sw07utt/sw_0788_2984.utt,2/sw2984,2984,224,sd,B,143,2,"{C and } [ [ it, + it ] just, + # it just ]  ripped it --","and/CC it/PRP ,/, it/PRP just/RB ,/, it/PRP just/RB ripped/VBD it/PRP --/:",,,360.09,362.28999999999996
sw07utt/sw_0788_2984.utt,2/sw2984,2984,225,^2,A,144,1,"Right out,  /","Right/RB out/IN ,/,",,,362.53,363.01
sw07utt/sw_0788_2984.utt,2/sw2984,2984,226,%,A,144,2,yeah. /,yeah/UH ./.,,,363.01,363.28999999999996
sw07utt/sw_0788_2984.utt,2/sw2984,2984,227,+,B,145,1,"-- right out,  /","--/: right/NN out/IN ,/,",,,363.49,364.19
sw07utt/sw_0788_2984.utt,2/sw2984,2984,228,sd,B,145,2,"{C and, } {F uh, } I <lipsmack>  took the, - /","and/CC ,/, uh/UH ,/, I/PRP took/VBD the/DT ,/,",,,364.19,366.65000000000003
sw07utt/sw_0788_2984.utt,2/sw2984,2984,229,sd,B,145,3,"[ [ [ i-, + it ] left the, + it left, ] + he left ] the chips,  /","i-/XX ,/, it/PRP left/VBD the/DT ,/, it/PRP left/VBD ,/, he/PRP left/VBD the/DT chips/NNS ,/,",,,366.67,368.69
sw07utt/sw_0788_2984.utt,2/sw2984,2984,230,sd,B,145,4,{C and } I # put them up # --,and/CC I/PRP put/VBP them/PRP up/IN --/:,,,368.69,368.87
sw07utt/sw_0788_2984.utt,2/sw2984,2984,231,^2,A,146,1,"# Used those for, # {F uh, } # mulch,  /","Used/VBD those/DT for/IN ,/, uh/UH ,/, mulch/NN ,/,",,,369.79,371.57
sw07utt/sw_0788_2984.utt,2/sw2984,2984,232,%,A,146,2,sure. # /,sure/UH ./.,,,371.87,372.25
sw07utt/sw_0788_2984.utt,2/sw2984,2984,233,+,B,147,1,"-- # mulch [ [ ar-, + around, ] + # around ]  the other shrubs,","--/: mulch/NN ar-/IN ,/, around/IN ,/, around/IN the/DT other/JJ shrubs/NNS ,/,",,,372.27,373.59
sw07utt/sw_0788_2984.utt,2/sw2984,2984,234,b,A,148,1,Sure. /,Sure/UH ./.,,,373.65,373.84999999999997
sw07utt/sw_0788_2984.utt,2/sw2984,2984,235,+,B,149,1,"and, {F uh, } {F uh, } [ had, + had ]  a pile of dirt from various things, {F uh, } back by the garage that I filled in with  /","and/CC ,/, uh/UH ,/, uh/UH ,/, had/VBD ,/, had/VBD a/DT pile/NN of/IN dirt/NN from/IN various/JJ things/NNS ,/, uh/UH ,/, back/RB by/IN the/DT garage/NN that/WDT I/PRP filled/VBD in/RP with/IN",,,373.79,381.43
sw07utt/sw_0788_2984.utt,2/sw2984,2984,236,sd,B,149,2,"[ {C and, } +","and/CC ,/,",,,381.43,381.55
sw07utt/sw_0788_2984.utt,2/sw2984,2984,237,b,A,150,1,Uh-huh. /,Uh-huh/UH ./.,,,381.61,381.81
sw07utt/sw_0788_2984.utt,2/sw2984,2984,238,+,B,151,1,"{C and } ] it's filling in [ with, + with ]  grass, {F uh, } nicely this year,  so that, [ that was, + that was ] worth it  /","and/CC it/PRP 's/BES filling/VBG in/RP with/IN ,/, with/IN grass/NN ,/, uh/UH ,/, nicely/RB this/DT year/NN ,/, so/IN that/IN ,/, that/DT was/VBD ,/, that/DT was/VBD worth/JJ it/PRP",,,381.75,387.33000000000004
sw07utt/sw_0788_2984.utt,2/sw2984,2984,239,%,B,151,2,"{C but, } {F uh, } -/","but/CC ,/, uh/UH ,/,",,,387.33,387.83
sw07utt/sw_0788_2984.utt,2/sw2984,2984,240,bf,A,152,1,A blessing in disguise. /,A/DT blessing/NN in/IN disguise/NN ./.,,,387.89,388.84999999999997
sw07utt/sw_0788_2984.utt,2/sw2984,2984,241,aa,B,153,1,Yeah. /,Yeah/UH ./.,,,388.93,389.21
sw07utt/sw_0788_2984.utt,2/sw2984,2984,242,bf,A,154,1,"{E I mean, } [ y-, + ] two fold purpose. - /","I/PRP mean/VBP ,/, y-/XX ,/, two/CD fold/NN purpose/NN ./.",,,389.27,390.27
sw07utt/sw_0788_2984.utt,2/sw2984,2984,243,%,A,154,2,Yeah. /,Yeah/UH ./.,,,390.31,390.57
sw07utt/sw_0788_2984.utt,2/sw2984,2984,244,aa,B,155,1,Yeah  /,Yeah/UH,,,391.11,391.29
sw07utt/sw_0788_2984.utt,2/sw2984,2984,245,%,B,155,2,"{C but, } {F uh, } <sigh>. - /","but/CC ,/, uh/UH ,/, ./.",,,391.35,391.71
sw07utt/sw_0788_2984.utt,2/sw2984,2984,246,%,B,155,3,"Yeah,  /","Yeah/UH ,/,",,,394.29,394.55
sw07utt/sw_0788_2984.utt,2/sw2984,2984,247,%,B,155,4,"{D well } y-, - /","well/UH y-/PRP ,/,",,,0.0,0.0
sw07utt/sw_0788_2984.utt,2/sw2984,2984,248,qy,B,155,5,"do you do your own, {F uh, }","do/VBP you/PRP do/VB your/PRP$ own/JJ ,/, uh/UH ,/,",,,394.81,396.37
sw07utt/sw_0788_2984.utt,2/sw2984,2984,249,^2,A,156,1,# Lawn?  /,Lawn/NN ?/.,,,396.65,397.09
sw07utt/sw_0788_2984.utt,2/sw2984,2984,250,ny,A,156,2,"Yes,  /","Yes/UH ,/,",,,0.0,0.0
sw07utt/sw_0788_2984.utt,2/sw2984,2984,251,ny,A,156,3,Uh-huh. # /,Uh-huh/UH ./.,,,0.0,0.0
sw07utt/sw_0788_2984.utt,2/sw2984,2984,252,+,B,157,1,"# lawn in terms of, # {F uh, } mowing? /","lawn/NN in/IN terms/NNS of/IN ,/, uh/UH ,/, mowing/NN ?/.",,,397.03,397.99
sw07utt/sw_0788_2984.utt,2/sw2984,2984,253,ny,A,158,1,"Yes,  /","Yes/UH ,/,",,,398.05,398.15000000000003
sw07utt/sw_0788_2984.utt,2/sw2984,2984,254,sd^e,A,158,2,"[ I have a, + I have a ]  self-propelled, {F uh, } Snapper. /","I/PRP have/VBP a/DT ,/, I/PRP have/VBP a/DT self-propelled/JJ ,/, uh/UH ,/, Snapper/NNP ./.",,,398.17,400.59000000000003
sw07utt/sw_0788_2984.utt,2/sw2984,2984,255,b,B,159,1,Yeah. /,Yeah/UH ./.,,,400.85,401.17
sw07utt/sw_0788_2984.utt,2/sw2984,2984,256,sd,A,160,1,"<Beep> {C Because } I'm sitting on a hill,  /","Because/IN I/PRP 'm/VBP sitting/VBG on/IN a/DT hill/NN ,/,",,,401.61,403.01
sw07utt/sw_0788_2984.utt,2/sw2984,2984,257,sd,A,160,2,"[ {C and } it, + {F uh, }","and/CC it/PRP ,/, uh/UH ,/,",,,403.05,403.65000000000003
sw07utt/sw_0788_2984.utt,2/sw2984,2984,258,aa,B,161,1,"{F Oh, } yeah. /","Oh/UH ,/, yeah/UH ./.",,,403.95,404.49
sw07utt/sw_0788_2984.utt,2/sw2984,2984,259,+,A,162,1,{C and } it's ] very difficult to address. /,and/CC it/PRP 's/BES very/RB difficult/JJ to/TO address/VB ./.,,,404.72,406.56
sw07utt/sw_0788_2984.utt,2/sw2984,2984,260,b,B,163,1,"Yeah,  /","Yeah/UH ,/,",,,407.13,407.43
sw07utt/sw_0788_2984.utt,2/sw2984,2984,261,%,B,163,2,"I, - /","I/PRP ,/,",,,408.11,408.33000000000004
sw07utt/sw_0788_2984.utt,2/sw2984,2984,262,b,B,163,3,"{F uh, } yeah,  /","uh/UH ,/, yeah/UH ,/,",,,408.49,409.81
sw07utt/sw_0788_2984.utt,2/sw2984,2984,263,sd,B,163,4,"[ [ [ I, + I, ] + I, ] + we ]  just got [ a, + a ] old push, {F uh, } {F uh, }  Sears mower.  /","I/PRP ,/, I/PRP ,/, I/PRP ,/, we/PRP just/RB got/VBD a/DT ,/, a/DT old/JJ push/NN ,/, uh/UH ,/, uh/UH ,/, Sears/NNP mower/NN ./.",,,409.81,415.36999999999995
sw07utt/sw_0788_2984.utt,2/sw2984,2984,264,sd,B,163,5,"[ I, + it's ] been fifteen years now,  since we first moved to Texas,  we've had it,  /","I/PRP ,/, it/PRP 's/HVS been/VBN fifteen/CD years/NNS now/RB ,/, since/IN we/PRP first/RB moved/VBD to/IN Texas/NNP ,/, we/PRP 've/VBP had/VBN it/PRP ,/,",,,415.37,420.75
sw07utt/sw_0788_2984.utt,2/sw2984,2984,265,sd,B,163,6,"{C and } I keep waiting for it to die,  /","and/CC I/PRP keep/VBP waiting/VBG for/IN it/PRP to/TO die/VB ,/,",,,420.75,422.13
sw07utt/sw_0788_2984.utt,2/sw2984,2984,266,sd,B,163,7,"{C but, } every year  it just seems to hang on,  /","but/CC ,/, every/DT year/NN it/PRP just/RB seems/VBZ to/TO hang/VB on/RP ,/,",,,422.15,424.51
sw07utt/sw_0788_2984.utt,2/sw2984,2984,267,sd,B,163,8,"[ {C and, } + {F uh, } <lipsmack> {C and, } ] {F uh, } I [ do it #  my, + do it myself. ] # /","and/CC ,/, uh/UH ,/, and/CC ,/, uh/UH ,/, I/PRP do/VBP it/PRP my/PRP$ ,/, do/VBP it/PRP myself/PRP ./.",,,424.51,429.19
sw07utt/sw_0788_2984.utt,2/sw2984,2984,268,ba,A,164,1,"# {D Well, } that's good <laughter>. #  /","Well/UH ,/, that/DT 's/BES good/JJ ./.",,,0.0,0.0
sw07utt/sw_0788_2984.utt,2/sw2984,2984,269,sv,A,164,2,They're very expensive. /,They/PRP 're/VBP very/RB expensive/JJ ./.,,,429.24,430.14
sw07utt/sw_0788_2984.utt,2/sw2984,2984,270,b,B,165,1,"{C But, } {F uh, } yeah,  /","But/CC ,/, uh/UH ,/, yeah/UH ,/,",,,430.09,430.92999999999995
sw07utt/sw_0788_2984.utt,2/sw2984,2984,271,%,B,165,2,"we-, - /","we-/XX ,/,",,,0.0,0.0
sw07utt/sw_0788_2984.utt,2/sw2984,2984,272,sd,B,165,3,"<laughter>,  [ a year, + a year ] ago [ I took into, +",",/, a/DT year/NN ,/, a/DT year/NN ago/RB I/PRP took/VBD into/IN ,/,",,,430.93,433.40999999999997
sw07utt/sw_0788_2984.utt,2/sw2984,2984,273,x,A,166,1,<Noise> <<Paper shuffling>>.,,,,0.0,0.0
sw07utt/sw_0788_2984.utt,2/sw2984,2984,274,+,B,167,1,took it into ] Sears to have it tuned up for the season  /,took/VBD it/PRP into/IN Sears/NNP to/TO have/VB it/PRP tuned/VBN up/RP for/IN the/DT season/NN,,,433.41,435.63
sw07utt/sw_0788_2984.utt,2/sw2984,2984,275,sd(^q),B,167,2,"{C and } they said, no, [ it's, + it's ] too old,  /","and/CC they/PRP said/VBD ,/, no/UH ,/, it/PRP 's/BES ,/, it/PRP 's/BES too/RB old/JJ ,/,",,,435.63,437.87
sw07utt/sw_0788_2984.utt,2/sw2984,2984,276,^q,B,167,3,we won't even work on it. /,we/PRP wo/MD n't/RB even/JJ work/VBP on/IN it/PRP ./.,,,437.87,438.79
sw07utt/sw_0788_2984.utt,2/sw2984,2984,277,fe,A,168,1,"{F Oh, }  (( booey ))  /","Oh/UH ,/, booey/UH",,,438.84,439.38
sw07utt/sw_0788_2984.utt,2/sw2984,2984,278,%,A,168,2,yeah. /,yeah/UH ./.,,,439.6,439.92
sw07utt/sw_0788_2984.utt,2/sw2984,2984,279,sd,B,169,1,"{C And } I took it back home,  /","And/CC I/PRP took/VBD it/PRP back/RB home/NN ,/,",,,439.87,440.83
sw07utt/sw_0788_2984.utt,2/sw2984,2984,280,%,B,169,2,"{C and } it's, - /","and/CC it/PRP 's/BES ,/,",,,440.83,441.66999999999996
sw07utt/sw_0788_2984.utt,2/sw2984,2984,281,%,B,169,3,"<laughter> # can't, - /","ca/MD n't/RB ,/,",,,0.0,0.0
sw07utt/sw_0788_2984.utt,2/sw2984,2984,282,%,B,169,4,"kept, - /","kept/VBD ,/,",,,0.0,0.0
sw07utt/sw_0788_2984.utt,2/sw2984,2984,283,sd,B,169,5,plugs along. - /,plugs/VBZ along/RB ./.,,,0.0,0.0
sw07utt/sw_0788_2984.utt,2/sw2984,2984,284,%,B,169,6,"{C But, } {F uh, } # -/","But/CC ,/, uh/UH ,/,",,,0.0,0.0
sw07utt/sw_0788_2984.utt,2/sw2984,2984,285,aa,A,170,1,"# Yeah,  /","Yeah/UH ,/,",,,442.12,442.48
sw07utt/sw_0788_2984.utt,2/sw2984,2984,286,sv,A,170,2,they always try to give you a song and  dance. # /,they/PRP always/RB try/VBP to/TO give/VB you/PRP a/DT song/NN and/CC dance/NN ./.,,,442.48,444.88
sw07utt/sw_0788_2984.utt,2/sw2984,2984,287,sd,B,171,1,"{C But, } [ my son's, + {F uh, } [ o-, + one ] of my sons ]  and a couple of his friends this year have <<voices fade>>, -/","But/CC ,/, my/PRP$ son/NN 's/POS ,/, uh/UH ,/, o-/CD ,/, one/CD of/IN my/PRP$ sons/NNS and/CC a/DT couple/NN of/IN his/PRP$ friends/NNS this/DT year/NN have/VBP ,/,",,,445.15,448.95
