swda_filename,ptb_basename,conversation_no,transcript_index,act_tag,caller,utterance_index,subutterance_index,text,pos,trees,ptb_treenumbers,start_ts,end_ts
sw09utt/sw_0936_2917.utt,2/sw2917,2917,0,fp,A,1,1,"Hi,  /","Hi/UH ,/,",,,0.88,1.28
sw09utt/sw_0936_2917.utt,2/sw2917,2917,1,qo,A,1,2,what do you do with your credit cards? /,what/WP do/VBP you/PRP do/VB with/IN your/PRP$ credit/NN cards/NNS ?/.,,,1.4,3.3200000000000003
sw09utt/sw_0936_2917.utt,2/sw2917,2917,2,b,B,2,1,Oh <laughter>. /,Oh/UH ./.,,,3.21,3.4699999999999998
sw09utt/sw_0936_2917.utt,2/sw2917,2917,3,x,A,3,1,<Laughter>.,,,,0.0,0.0
sw09utt/sw_0936_2917.utt,2/sw2917,2917,4,sd,B,4,1,"{D Well, } my husband and I have gotten into [ some, + some ] problems with credit cards.  /","Well/UH ,/, my/PRP$ husband/NN and/CC I/PRP have/VBP gotten/VBN into/IN some/DT ,/, some/DT problems/NNS with/IN credit/NN cards/NNS ./.",,,4.11,9.57
sw09utt/sw_0936_2917.utt,2/sw2917,2917,5,sd,B,4,2,We don't handle them very well <laughter>. /,We/PRP do/VBP n't/RB handle/VB them/PRP very/RB well/RB ./.,,,9.57,11.03
sw09utt/sw_0936_2917.utt,2/sw2917,2917,6,x,A,5,1,<Laughter>.,,,,0.0,0.0
sw09utt/sw_0936_2917.utt,2/sw2917,2917,7,sd,B,6,1,"[ We, + we ] tend to run them up to the maximum and then ask for more. /","We/PRP ,/, we/PRP tend/VBP to/TO run/VB them/PRP up/RP to/IN the/DT maximum/NN and/CC then/RB ask/VB for/IN more/JJR ./.",,,12.39,15.790000000000001
sw09utt/sw_0936_2917.utt,2/sw2917,2917,8,ba,A,7,1,"{F Oh, } jeez. /","Oh/UH ,/, jeez/UH ./.",,,16.32,17.12
sw09utt/sw_0936_2917.utt,2/sw2917,2917,9,sd,B,8,1,"[ [ They, + they're, ] + they're ] really bad for us.  /","They/PRP ,/, they/PRP 're/VBP ,/, they/PRP 're/VBP really/RB bad/JJ for/IN us/PRP ./.",,,17.59,20.01
sw09utt/sw_0936_2917.utt,2/sw2917,2917,10,sd,B,8,2,"{F Um, } matter of fact, we've gotten rid of all of our credit cards except for a MasterCard and a Visa, /","Um/UH ,/, matter/NN of/IN fact/NN ,/, we/PRP 've/VBP gotten/VBN rid/VBN of/IN all/DT of/IN our/PRP$ credit/NN cards/NNS except/IN for/IN a/DT MasterCard/NNP and/CC a/DT Visa/NNP ,/,",,,20.07,24.87
sw09utt/sw_0936_2917.utt,2/sw2917,2917,11,x,A,9,1,<Laughter>.,,,,0.0,0.0
sw09utt/sw_0936_2917.utt,2/sw2917,2917,12,sd,B,10,1,{C and } we pretty much keep those maxed out. /,and/CC we/PRP pretty/RB much/RB keep/VBP those/DT maxed/VBN out/RP ./.,,,26.03,28.19
sw09utt/sw_0936_2917.utt,2/sw2917,2917,13,sd,A,11,1,"{F Oh, } I was going to say that, that sounds [ like, + like ] pretty many.  /","Oh/UH ,/, I/PRP was/VBD going/VBG to/TO say/VB that/IN ,/, that/DT sounds/VBZ like/IN ,/, like/IN pretty/RB many/JJ ./.",,,28.72,32.0
sw09utt/sw_0936_2917.utt,2/sw2917,2917,14,sd,A,11,2,"{C But } I see what you meant,  /","But/CC I/PRP see/VBP what/WP you/PRP meant/VBD ,/,",,,32.0,33.12
sw09utt/sw_0936_2917.utt,2/sw2917,2917,15,bf,A,11,3,you had them for each of the individual stores. /,you/PRP had/VBD them/PRP for/IN each/DT of/IN the/DT individual/JJ stores/NNS ./.,,,33.12,35.260000000000005
sw09utt/sw_0936_2917.utt,2/sw2917,2917,16,aa,B,12,1,"Yeah,  /","Yeah/UH ,/,",,,35.13,35.550000000000004
sw09utt/sw_0936_2917.utt,2/sw2917,2917,17,sd,B,12,2,"[ we had cre-, + I had ] probably twenty credit cards --","we/PRP had/VBD cre-/NN ,/, I/PRP had/VBD probably/RB twenty/CD credit/NN cards/NNS --/:",,,35.59,39.37
sw09utt/sw_0936_2917.utt,2/sw2917,2917,18,b,A,13,1,"Uh-huh,  /","Uh-huh/UH ,/,",,,40.36,40.54
sw09utt/sw_0936_2917.utt,2/sw2917,2917,19,b^r,A,13,2,uh-huh. /,uh-huh/UH ./.,,,40.54,40.74
sw09utt/sw_0936_2917.utt,2/sw2917,2917,20,+,B,14,1,"-- for, - /","--/: for/IN ,/,",,,40.63,41.21
sw09utt/sw_0936_2917.utt,2/sw2917,2917,21,sd,B,14,2,"[ I had, + I had ] an American Express, American Express Gold, an Optima, all the different department stores, {F um, } two Visas, two MasterCards <laughter>. /","I/PRP had/VBD ,/, I/PRP had/VBD an/DT American/NNP Express/NNP ,/, American/NNP Express/NNP Gold/NNP ,/, an/DT Optima/NNP ,/, all/PDT the/DT different/JJ department/NN stores/NNS ,/, um/UH ,/, two/CD Visas/NNPS ,/, two/CD MasterCards/NNPS ./.",,,41.79,53.150000000000006
sw09utt/sw_0936_2917.utt,2/sw2917,2917,22,ba,A,15,1,"{F Oh, } gee. /","Oh/UH ,/, gee/UH ./.",,,53.28,54.419999999999995
sw09utt/sw_0936_2917.utt,2/sw2917,2917,23,sd,B,16,1,"{E I mean, } I had, - /","I/PRP mean/VBP ,/, I/PRP had/VBD ,/,",,,54.73,55.57
sw09utt/sw_0936_2917.utt,2/sw2917,2917,24,sd,B,16,2,"any time anybody would, {D you know, } send me an application, {D you know, } preapproved or whatever, [ I went, + I took ] it,  /","any/DT time/NN anybody/NN would/MD ,/, you/PRP know/VBP ,/, send/VB me/PRP an/DT application/NN ,/, you/PRP know/VBP ,/, preapproved/VBN or/CC whatever/WP ,/, I/PRP went/VBD ,/, I/PRP took/VBD it/PRP ,/,",,,56.07,62.45
sw09utt/sw_0936_2917.utt,2/sw2917,2917,25,sd,B,16,3,{C and } it really ended up getting us in some real serious trouble. /,and/CC it/PRP really/RB ended/VBD up/RP getting/VBG us/PRP in/IN some/DT real/RB serious/JJ trouble/NN ./.,,,62.85,66.37
sw09utt/sw_0936_2917.utt,2/sw2917,2917,26,aa,A,17,1,"{F Oh, } sure. /","Oh/UH ,/, sure/UH ./.",,,66.58,66.96
sw09utt/sw_0936_2917.utt,2/sw2917,2917,27,sv,B,18,1,"{F Um, } {C because, } see, the more credit cards you have, the more people offer them to you. /","Um/UH ,/, because/IN ,/, see/VB ,/, the/DT more/JJR credit/NN cards/NNS you/PRP have/VBP ,/, the/DT more/RBR people/NNS offer/VBP them/PRP to/IN you/PRP ./.",,,67.33,73.09
sw09utt/sw_0936_2917.utt,2/sw2917,2917,28,aa,A,19,1,"Uh-huh,  /","Uh-huh/UH ,/,",,,74.58,74.8
sw09utt/sw_0936_2917.utt,2/sw2917,2917,29,aa^r,A,19,2,uh-huh. /,uh-huh/UH ./.,,,74.8,75.0
sw09utt/sw_0936_2917.utt,2/sw2917,2917,30,sv,B,20,1,"{C And } the more you use them, the more they send them to you. /","And/CC the/DT more/RBR you/PRP use/VBP them/PRP ,/, the/DT more/RBR they/PRP send/VBP them/PRP to/IN you/PRP ./.",,,74.87,77.49000000000001
sw09utt/sw_0936_2917.utt,2/sw2917,2917,31,qy^g,A,21,1,"{C But } each of these had an annual fee also, right. /","But/CC each/DT of/IN these/DT had/VBD an/DT annual/JJ fee/NN also/RB ,/, right/JJ ./.",,,77.96,80.89999999999999
sw09utt/sw_0936_2917.utt,2/sw2917,2917,32,na,B,22,1,Exactly.  /,Exactly/UH ./.,,,80.92,81.74
sw09utt/sw_0936_2917.utt,2/sw2917,2917,33,sd,B,22,2,"The American Express was probably the worst, {F um, } because with the Gold card, - /","The/DT American/NNP Express/NNP was/VBD probably/RB the/DT worst/JJS ,/, um/UH ,/, because/IN with/IN the/DT Gold/NNP card/NN ,/,",,,82.0,87.44
sw09utt/sw_0936_2917.utt,2/sw2917,2917,34,sd,B,22,3,I can't remember how much it was because I didn't even have it very long before I gave it up -- /,I/PRP ca/MD n't/RB remember/VB how/WRB much/JJ it/PRP was/VBD because/IN I/PRP did/VBD n't/RB even/RB have/VB it/PRP very/RB long/RB before/IN I/PRP gave/VBD it/PRP up/RP --/:,,,87.56,91.76
sw09utt/sw_0936_2917.utt,2/sw2917,2917,35,b,A,23,1,Uh-huh. /,Uh-huh/UH ./.,,,92.14,92.3
sw09utt/sw_0936_2917.utt,2/sw2917,2917,36,sd,B,24,1,"-- {C but } I know the Green card was like thirty-five, forty- five dollars a year. /","--/: but/CC I/PRP know/VBP the/DT Green/NNP card/NN was/VBD like/IN thirty-five/CD ,/, forty-/CD five/CD dollars/NNS a/DT year/NN ./.",,,92.46,96.67999999999999
sw09utt/sw_0936_2917.utt,2/sw2917,2917,37,b,A,25,1,"Yeah,  /","Yeah/UH ,/,",,,96.86,97.04
sw09utt/sw_0936_2917.utt,2/sw2917,2917,38,ar,A,25,2,forty five.  /,forty/CD five/CD ./.,,,97.06,97.84
sw09utt/sw_0936_2917.utt,2/sw2917,2917,39,%,A,25,3,"Right, {F uh, } <laughter>  /","Right/UH ,/, uh/UH ,/,",,,98.67,99.85
sw09utt/sw_0936_2917.utt,2/sw2917,2917,40,%,A,25,4,"I, -/","I/PRP ,/,",,,101.17,101.33
sw09utt/sw_0936_2917.utt,2/sw2917,2917,41,sv,B,26,1,"Which was a lot,  /","Which/WDT was/VBD a/DT lot/NN ,/,",,,101.2,102.08
sw09utt/sw_0936_2917.utt,2/sw2917,2917,42,sd,B,26,2,"{C because } {E I mean, } you had to pay it in full every month. /","because/IN I/PRP mean/VBP ,/, you/PRP had/VBD to/TO pay/VB it/PRP in/IN full/JJ every/DT month/NN ./.",,,102.12,104.7
sw09utt/sw_0936_2917.utt,2/sw2917,2917,43,aa,A,27,1,"Exactly, {D you know, }  /","Exactly/UH ,/, you/PRP know/VBP ,/,",,,105.17,106.19
sw09utt/sw_0936_2917.utt,2/sw2917,2917,44,aa,A,27,2,"[ I, + that's it,  /","I/PRP ,/, that/DT 's/BES it/PRP ,/,",,,106.19,107.01
sw09utt/sw_0936_2917.utt,2/sw2917,2917,45,sd,A,27,3,"I ] really resented the fact that they were charging me for cards,  /","I/PRP really/RB resented/VBD the/DT fact/NN that/WDT they/PRP were/VBD charging/VBG me/PRP for/IN cards/NNS ,/,",,,107.01,110.87
sw09utt/sw_0936_2917.utt,2/sw2917,2917,46,sd,A,27,4,"{C so } I sent back all of mine, except the ones that were free. /","so/IN I/PRP sent/VBD back/RB all/DT of/IN mine/PRP ,/, except/IN the/DT ones/NNS that/WDT were/VBD free/JJ ./.",,,110.87,114.14999999999999
sw09utt/sw_0936_2917.utt,2/sw2917,2917,47,b,B,28,1,Uh-huh. /,Uh-huh/UH ./.,,,114.39,114.75
sw09utt/sw_0936_2917.utt,2/sw2917,2917,48,sd,A,29,1,"{C And, } {F um, } [ then, + then ] I also limited it to one of each, one MasterCard and  one Visa,  /","And/CC ,/, um/UH ,/, then/RB ,/, then/RB I/PRP also/RB limited/VBD it/PRP to/IN one/CD of/IN each/DT ,/, one/CD MasterCard/NNP and/CC one/CD Visa/NNP ,/,",,,116.07,123.77000000000001
sw09utt/sw_0936_2917.utt,2/sw2917,2917,49,sd,A,29,2,"{C and } here, most of the stores will accept those,  /","and/CC here/RB ,/, most/JJS of/IN the/DT stores/NNS will/MD accept/VB those/DT ,/,",,,124.21,128.29
sw09utt/sw_0936_2917.utt,2/sw2917,2917,50,sd,A,29,3,{C and } {D actually } I then got a Discover card since they pay you back. /,and/CC actually/UH I/PRP then/RB got/VBD a/DT Discover/NNP card/NN since/IN they/PRP pay/VBP you/PRP back/RB ./.,,,128.29,132.17
sw09utt/sw_0936_2917.utt,2/sw2917,2917,51,b,B,30,1,"Uh-huh,  /","Uh-huh/UH ,/,",,,131.99,132.23000000000002
sw09utt/sw_0936_2917.utt,2/sw2917,2917,52,b,B,30,2,"yeah,  /","yeah/UH ,/,",,,132.73,133.09
sw09utt/sw_0936_2917.utt,2/sw2917,2917,53,sd,B,30,3,"I had a Discover,  /","I/PRP had/VBD a/DT Discover/NNP ,/,",,,133.73,134.99
sw09utt/sw_0936_2917.utt,2/sw2917,2917,54,sd,B,30,4,"{C and } that was one of the ones in the group that I ended up, {F um, } closing.  /","and/CC that/DT was/VBD one/CD of/IN the/DT ones/NNS in/IN the/DT group/NN that/WDT I/PRP ended/VBD up/RP ,/, um/UH ,/, closing/VBG ./.",,,135.47,140.03
sw09utt/sw_0936_2917.utt,2/sw2917,2917,55,sd,B,30,5,"{F Um, } it really wasn't my choice, though.  /","Um/UH ,/, it/PRP really/RB was/VBD n't/RB my/PRP$ choice/NN ,/, though/RB ./.",,,142.37,145.43
sw09utt/sw_0936_2917.utt,2/sw2917,2917,56,sd,B,30,6,"{E I mean, } [ I ended up having, + I ended up actually losing ] my credit cards. /","I/PRP mean/VBP ,/, I/PRP ended/VBD up/RP having/VBG ,/, I/PRP ended/VBD up/RP actually/RB losing/VBG my/PRP$ credit/NN cards/NNS ./.",,,145.55,149.09
sw09utt/sw_0936_2917.utt,2/sw2917,2917,57,b,A,31,1,Oh. /,Oh/UH ./.,,,149.85,150.04999999999998
sw09utt/sw_0936_2917.utt,2/sw2917,2917,58,sd,B,32,1,"{F Um, } I ended up going through a credit counseling service --","Um/UH ,/, I/PRP ended/VBD up/RP going/VBG through/IN a/DT credit/NN counseling/NN service/NN --/:",,,149.87,152.85000000000002
sw09utt/sw_0936_2917.utt,2/sw2917,2917,59,b,A,33,1,"Uh-huh,  /","Uh-huh/UH ,/,",,,153.79,153.92999999999998
sw09utt/sw_0936_2917.utt,2/sw2917,2917,60,b^r,A,33,2,uh-huh. /,uh-huh/UH ./.,,,153.93,154.03
sw09utt/sw_0936_2917.utt,2/sw2917,2917,61,+,B,34,1,"-- {F um, } because my husband and I just don't handle credit very well -- /","--/: um/UH ,/, because/IN my/PRP$ husband/NN and/CC I/PRP just/RB do/VBP n't/RB handle/VB credit/NN very/RB well/RB --/:",,,153.85,157.15
sw09utt/sw_0936_2917.utt,2/sw2917,2917,62,b,A,35,1,"Uh-huh,  /","Uh-huh/UH ,/,",,,158.11,158.31
sw09utt/sw_0936_2917.utt,2/sw2917,2917,63,b,A,35,2,yeah. /,yeah/UH ./.,,,158.39,158.64999999999998
sw09utt/sw_0936_2917.utt,2/sw2917,2917,64,sd,B,36,1,"-- {C and, } {F um, } [ [ when, + when ] you do that, they automatically, +  once you start with their service, they ] close your accounts out. /","--/: and/CC ,/, um/UH ,/, when/WRB ,/, when/WRB you/PRP do/VBP that/DT ,/, they/PRP automatically/RB ,/, once/RB you/PRP start/VBP with/IN their/PRP$ service/NN ,/, they/PRP close/VBP your/PRP$ accounts/NNS out/RP ./.",,,158.47,164.57000000000002
sw09utt/sw_0936_2917.utt,2/sw2917,2917,65,b,A,37,1,"{F Oh, } I see. /","Oh/UH ,/, I/PRP see/VBP ./.",,,165.03,165.75
sw09utt/sw_0936_2917.utt,2/sw2917,2917,66,sd,B,38,1,"{C So, } I'm still paying on all these accounts,  /","So/RB ,/, I/PRP 'm/VBP still/RB paying/VBG on/IN all/PDT these/DT accounts/NNS ,/,",,,165.83,167.73
sw09utt/sw_0936_2917.utt,2/sw2917,2917,67,sd,B,38,2,{C but } my accounts are closed. /,but/CC my/PRP$ accounts/NNS are/VBP closed/JJ ./.,,,167.73,169.52999999999997
sw09utt/sw_0936_2917.utt,2/sw2917,2917,68,b,A,39,1,Yeah. /,Yeah/UH ./.,,,169.71,169.97
sw09utt/sw_0936_2917.utt,2/sw2917,2917,69,sd,B,40,1,"[ {C So, } + {C and } ] I would prefer to keep it that way.  /","So/RB ,/, and/CC I/PRP would/MD prefer/VB to/TO keep/VB it/PRP that/DT way/NN ./.",,,170.43,172.15
sw09utt/sw_0936_2917.utt,2/sw2917,2917,70,sd,B,40,2,"[ Once we, + once we're ] paid off --","Once/RB we/PRP ,/, once/RB we/PRP 're/VBP paid/VBN off/RP --/:",,,172.15,173.79
sw09utt/sw_0936_2917.utt,2/sw2917,2917,71,b,A,41,1,Uh-huh. /,Uh-huh/UH ./.,,,174.73,174.95
sw09utt/sw_0936_2917.utt,2/sw2917,2917,72,+,B,42,1,"-- {F um, } I would prefer just to have one MasterCard and one Visa  /","--/: um/UH ,/, I/PRP would/MD prefer/VB just/RB to/TO have/VB one/CD MasterCard/NNP and/CC one/CD Visa/NNP",,,174.77,178.10999999999999
sw09utt/sw_0936_2917.utt,2/sw2917,2917,73,sd,B,42,2,{C and } that's it. /,and/CC that/DT 's/BES it/PRP ./.,,,178.11,178.77
sw09utt/sw_0936_2917.utt,2/sw2917,2917,74,b,A,43,1,"Yeah,  /","Yeah/UH ,/,",,,178.95,179.14999999999998
sw09utt/sw_0936_2917.utt,2/sw2917,2917,75,b^r,A,43,2,yeah.  /,yeah/UH ./.,,,179.65,179.83
sw09utt/sw_0936_2917.utt,2/sw2917,2917,76,sd,A,43,3,{D Actually } I pay off my cards every month.  /,Actually/UH I/PRP pay/VBP off/RP my/PRP$ cards/NNS every/DT month/NN ./.,,,179.83,182.04999999999998
sw09utt/sw_0936_2917.utt,2/sw2917,2917,77,sd,A,43,4,Only once in my life have I not paid. /,Only/RB once/RB in/IN my/PRP$ life/NN have/VBP I/PRP not/RB paid/VBN ./.,,,182.05,184.64999999999998
sw09utt/sw_0936_2917.utt,2/sw2917,2917,78,sv,B,44,1,"I think that's a really good way to handle it, because that way, [ if you, + if you ] paid off every month, you never have to worry about, {D well, } how much do I have to pay these guys, {D you know, } this month, {D you know. }  /","I/PRP think/VBP that/DT 's/BES a/DT really/RB good/JJ way/NN to/TO handle/VB it/PRP ,/, because/IN that/DT way/NN ,/, if/IN you/PRP ,/, if/IN you/PRP paid/VBD off/RP every/DT month/NN ,/, you/PRP never/RB have/VBP to/TO worry/VB about/IN ,/, well/UH ,/, how/WRB much/JJ do/VBP I/PRP have/VB to/TO pay/VB these/DT guys/NNS ,/, you/PRP know/VBP ,/, this/DT month/NN ,/, you/PRP know/VBP ./.",,,185.54,196.56
sw09utt/sw_0936_2917.utt,2/sw2917,2917,79,sv,B,44,2,"[ This, + ] you buy what you can afford.  /","This/DT ,/, you/PRP buy/VBP what/WP you/PRP can/MD afford/VB ./.",,,196.56,198.01999999999998
sw09utt/sw_0936_2917.utt,2/sw2917,2917,80,sv,B,44,3,{E I mean } --,I/PRP mean/VBP --/:,,,198.32,198.6
sw09utt/sw_0936_2917.utt,2/sw2917,2917,81,b,A,45,1,Right. /,Right/UH ./.,,,198.99,199.31
sw09utt/sw_0936_2917.utt,2/sw2917,2917,82,+,B,46,1,-- if you handle it just like you would like a check or cash --,--/: if/IN you/PRP handle/VBP it/PRP just/RB like/IN you/PRP would/MD like/IN a/DT check/NN or/CC cash/NN --/:,,,199.08,202.07999999999998
sw09utt/sw_0936_2917.utt,2/sw2917,2917,83,aa,A,47,1,"Uh-huh,  /","Uh-huh/UH ,/,",,,203.03,203.21
sw09utt/sw_0936_2917.utt,2/sw2917,2917,84,aa^r,A,47,2,uh-huh. /,uh-huh/UH ./.,,,203.21,203.41
sw09utt/sw_0936_2917.utt,2/sw2917,2917,85,+,B,48,1,-- it's a lot easier to keep it in check. /,--/: it/PRP 's/BES a/DT lot/NN easier/JJR to/TO keep/VB it/PRP in/IN check/NN ./.,,,203.54,205.05999999999997
sw09utt/sw_0936_2917.utt,2/sw2917,2917,86,sd,A,49,1,"{D Well, } {C and } also in a sense, they're giving you a loan for a month  /","Well/UH ,/, and/CC also/RB in/IN a/DT sense/NN ,/, they/PRP 're/VBP giving/VBG you/PRP a/DT loan/NN for/IN a/DT month/NN",,,205.59,209.03
sw09utt/sw_0936_2917.utt,2/sw2917,2917,87,sd,A,49,2,{C so } that --,so/RB that/DT --/:,,,209.11,209.52999999999997
sw09utt/sw_0936_2917.utt,2/sw2917,2917,88,b,B,50,1,Yeah. /,Yeah/UH ./.,,,209.45,209.82999999999998
sw09utt/sw_0936_2917.utt,2/sw2917,2917,89,+,A,51,1,"-- {D you know, } if I were smarter, I would have that same amount in savings and get the interest, which I don't --","--/: you/PRP know/VBP ,/, if/IN I/PRP were/VBD smarter/JJR ,/, I/PRP would/MD have/VB that/DT same/JJ amount/NN in/IN savings/NNS and/CC get/VB the/DT interest/NN ,/, which/WDT I/PRP do/VBP n't/RB --/:",,,210.13,215.44
sw09utt/sw_0936_2917.utt,2/sw2917,2917,90,b,B,52,1,Uh-huh. /,Uh-huh/UH ./.,,,215.57,215.89
sw09utt/sw_0936_2917.utt,2/sw2917,2917,91,+,A,53,1,"-- do,  /","--/: do/VB ,/,",,,216.12,216.16
sw09utt/sw_0936_2917.utt,2/sw2917,2917,92,%,A,53,2,"[ {C but, } + {C but } ] yeah,  /","but/CC ,/, but/CC yeah/UH ,/,",,,216.68,217.70000000000002
sw09utt/sw_0936_2917.utt,2/sw2917,2917,93,sd,A,53,3,"[ the, + the ] thought of adding, {D you know, } X percent [ to, + to ] the price of what I buy,","the/DT ,/, the/DT thought/NN of/IN adding/VBG ,/, you/PRP know/VBP ,/, X/SYM percent/NN to/IN ,/, to/IN the/DT price/NN of/IN what/WP I/PRP buy/VBP ,/,",,,217.71,223.69
sw09utt/sw_0936_2917.utt,2/sw2917,2917,94,b,B,54,1,"Yeah,  /","Yeah/UH ,/,",,,223.46,223.62
sw09utt/sw_0936_2917.utt,2/sw2917,2917,95,sv,B,54,2,"[ {C and } I, +","and/CC I/PRP ,/,",,,223.78,224.04000000000002
sw09utt/sw_0936_2917.utt,2/sw2917,2917,96,+,A,55,1,"[ I just, + I can't ] accept. /","I/PRP just/RB ,/, I/PRP ca/MD n't/RB accept/VB ./.",,,224.28,225.86
sw09utt/sw_0936_2917.utt,2/sw2917,2917,97,+,B,56,1,"{C and } I ] think [ at this, + at this ] point in time with the economy the way it is, I think that, {F um, } it's going to get even worse.  /","and/CC I/PRP think/VBP at/IN this/DT ,/, at/IN this/DT point/NN in/IN time/NN with/IN the/DT economy/NN the/DT way/NN it/PRP is/VBZ ,/, I/PRP think/VBP that/IN ,/, um/UH ,/, it/PRP 's/BES going/VBG to/TO get/VB even/RB worse/JJR ./.",,,225.7,233.44
sw09utt/sw_0936_2917.utt,2/sw2917,2917,98,sd,B,56,2,"{F Um, } [ I'm, + I'm ] glad that we're starting to pay our debts off, now, {F um, } {D you know, }  /","Um/UH ,/, I/PRP 'm/VBP ,/, I/PRP 'm/VBP glad/JJ that/IN we/PRP 're/VBP starting/VBG to/TO pay/VB our/PRP$ debts/NNS off/RP ,/, now/RB ,/, um/UH ,/, you/PRP know/VBP ,/,",,,234.44,242.55999999999997
sw09utt/sw_0936_2917.utt,2/sw2917,2917,99,sd,B,56,3,"[ we, + only we ] started this last year -- /","we/PRP ,/, only/RB we/PRP started/VBD this/DT last/JJ year/NN --/:",,,242.92,244.78
sw09utt/sw_0936_2917.utt,2/sw2917,2917,100,b,A,57,1,"Uh-huh,  /","Uh-huh/UH ,/,",,,245.02,245.14000000000001
sw09utt/sw_0936_2917.utt,2/sw2917,2917,101,b^r,A,57,2,uh-huh. /,uh-huh/UH ./.,,,245.9,246.20000000000002
sw09utt/sw_0936_2917.utt,2/sw2917,2917,102,sd,B,58,1,-- {C and } we probably still have about another year to go --,--/: and/CC we/PRP probably/RB still/RB have/VBP about/IN another/DT year/NN to/TO go/VB --/:,,,245.96,247.78
sw09utt/sw_0936_2917.utt,2/sw2917,2917,103,b,A,59,1,Uh-huh. /,Uh-huh/UH ./.,,,248.02,248.16
sw09utt/sw_0936_2917.utt,2/sw2917,2917,104,+,B,60,1,-- before we're completely out of the hole.  /,--/: before/IN we/PRP 're/VBP completely/RB out/IN of/IN the/DT hole/NN ./.,,,248.46,250.72000000000003
sw09utt/sw_0936_2917.utt,2/sw2917,2917,105,sv,B,60,2,"{C But } I think [ this, + they ] way the  whole economy is going right now, it's just not good to be in debt. /","But/CC I/PRP think/VBP this/DT ,/, they/PRP way/NN  the/DT whole/JJ economy/NN is/VBZ going/VBG right/RB now/RB ,/, it/PRP 's/BES just/RB not/RB good/JJ to/TO be/VB in/IN debt/NN ./.",,,251.66,256.5
sw09utt/sw_0936_2917.utt,2/sw2917,2917,106,aa,A,61,1,"That's right,  /","That/DT 's/BES right/JJ ,/,",,,257.04,257.58
sw09utt/sw_0936_2917.utt,2/sw2917,2917,107,aa^r,A,61,2,that's right.  /,that/DT 's/BES right/JJ ./.,,,257.68,258.12
sw09utt/sw_0936_2917.utt,2/sw2917,2917,108,aa,A,61,3,"Yeah,  /","Yeah/UH ,/,",,,259.8,260.0
sw09utt/sw_0936_2917.utt,2/sw2917,2917,109,aa^r,A,61,4,"yeah,  /","yeah/UH ,/,",,,260.42,260.64000000000004
sw09utt/sw_0936_2917.utt,2/sw2917,2917,110,sd,A,61,5,"[ [ that, + I would, ] + that would ] be a very scary feeling for me to know that I was, {D you know, } juggling payments to different people --","that/DT ,/, I/PRP would/MD ,/, that/DT would/MD be/VB a/DT very/RB scary/JJ feeling/NN for/IN me/PRP to/TO know/VB that/IN I/PRP was/VBD ,/, you/PRP know/VBP ,/, juggling/VBG payments/NNS to/IN different/JJ people/NNS --/:",,,260.88,267.65999999999997
sw09utt/sw_0936_2917.utt,2/sw2917,2917,111,b,B,62,1,Uh-huh. /,Uh-huh/UH ./.,,,267.5,267.9
sw09utt/sw_0936_2917.utt,2/sw2917,2917,112,+,A,63,1,-- I guess because I never experienced it.  /,--/: I/PRP guess/VBP because/IN I/PRP never/RB experienced/VBD it/PRP ./.,,,269.6,271.48
sw09utt/sw_0936_2917.utt,2/sw2917,2917,113,sd,A,63,2,"{C And } it's not, because {D you know, } I'm rich or anything,  /","And/CC it/PRP 's/BES not/RB ,/, because/IN you/PRP know/VBP ,/, I/PRP 'm/VBP rich/JJ or/CC anything/NN ,/,",,,271.48,274.3
sw09utt/sw_0936_2917.utt,2/sw2917,2917,114,sd,A,63,3,"it's just, a mental concept that I have.","it/PRP 's/BES just/RB ,/, a/DT mental/JJ concept/NN that/WDT I/PRP have/VBP ./.",,,274.44,276.28
sw09utt/sw_0936_2917.utt,2/sw2917,2917,115,b,B,64,1,Yeah. /,Yeah/UH ./.,,,276.02,276.4
sw09utt/sw_0936_2917.utt,2/sw2917,2917,116,+,A,65,1,"Yeah,  /","Yeah/UH ,/,",,,277.28,277.67999999999995
sw09utt/sw_0936_2917.utt,2/sw2917,2917,117,%,A,65,2,that I just. -/,that/WDT I/PRP just/RB ./.,,,278.68,279.44000000000005
sw09utt/sw_0936_2917.utt,2/sw2917,2917,118,sd,B,66,1,"{D Well, } [ when you, + when you're ] getting rid of the whole credit card cycle, and  if you really get into the mind set, I got really good at juggling money and  basically robbing Peter to pay Paul,  /","Well/UH ,/, when/WRB you/PRP ,/, when/WRB you/PRP 're/VBP getting/VBG rid/VBN of/IN the/DT whole/JJ credit/NN card/NN cycle/NN ,/, and/CC if/IN you/PRP really/RB get/VBP into/IN the/DT mind/NN set/NN ,/, I/PRP got/VBD really/RB good/JJ at/IN juggling/VBG money/NN and/CC basically/RB robbing/VBG Peter/NNP to/TO pay/VB Paul/NNP ,/,",,,279.26,291.44
sw09utt/sw_0936_2917.utt,2/sw2917,2917,119,sd,B,66,2,"{C and } it was scary, because I was so good at it. /","and/CC it/PRP was/VBD scary/JJ ,/, because/IN I/PRP was/VBD so/RB good/JJ at/IN it/PRP ./.",,,291.54,294.24
sw09utt/sw_0936_2917.utt,2/sw2917,2917,120,b,A,67,1,"Uh-huh,  /","Uh-huh/UH ,/,",,,294.5,294.76
sw09utt/sw_0936_2917.utt,2/sw2917,2917,121,b^r,A,67,2,uh-huh. /,uh-huh/UH ./.,,,294.94,295.2
sw09utt/sw_0936_2917.utt,2/sw2917,2917,122,sd(^q),B,68,1,"{C And } I thought, this is not right.  /","And/CC I/PRP thought/VBD ,/, this/DT is/VBZ not/RB right/JJ ./.",,,295.64,297.66
sw09utt/sw_0936_2917.utt,2/sw2917,2917,123,^q,B,68,2,"{E I mean, } this has got to stop, because eventually it'd end up [ catching up at, + catching up with ] me  /","I/PRP mean/VBP ,/, this/DT has/VBZ got/VBN to/TO stop/VB ,/, because/IN eventually/RB it/PRP 'd/MD end/VB up/RP catching/VBG up/IN at/IN ,/, catching/VBG up/IN with/IN me/PRP",,,297.66,303.26
sw09utt/sw_0936_2917.utt,2/sw2917,2917,124,sd,B,68,3,{C and } it hit me in the face. /,and/CC it/PRP hit/VBD me/PRP in/IN the/DT face/NN ./.,,,303.26,304.18
sw09utt/sw_0936_2917.utt,2/sw2917,2917,125,b,A,69,1,"Right,  /","Right/UH ,/,",,,304.44,304.78
sw09utt/sw_0936_2917.utt,2/sw2917,2917,126,b^r,A,69,2,right. /,right/UH ./.,,,305.26,305.52
sw09utt/sw_0936_2917.utt,2/sw2917,2917,127,b,B,70,1,{F Um. } /,Um/UH ./.,,,305.26,305.46
sw09utt/sw_0936_2917.utt,2/sw2917,2917,128,bf,A,71,1,"{C But } it sounds like, {D you know, } [ you, + you ] learned from it  /","But/CC it/PRP sounds/VBZ like/IN ,/, you/PRP know/VBP ,/, you/PRP ,/, you/PRP learned/VBD from/IN it/PRP",,,306.64,309.42
sw09utt/sw_0936_2917.utt,2/sw2917,2917,129,bf,A,71,2,{C and } you're coming out of it all right. /,and/CC you/PRP 're/VBP coming/VBG out/IN of/IN it/PRP all/RB right/JJ ./.,,,309.42,310.62
sw09utt/sw_0936_2917.utt,2/sw2917,2917,130,aa,B,72,1,"[ I, + yeah,  /","I/PRP ,/, yeah/UH ,/,",,,310.4,310.74
sw09utt/sw_0936_2917.utt,2/sw2917,2917,131,aa,B,72,2,"I ] have,  /","I/PRP have/VBP ,/,",,,311.22,311.59999999999997
sw09utt/sw_0936_2917.utt,2/sw2917,2917,132,aa,B,72,3,I've learned a lot from it. /,I/PRP 've/VBP learned/VBN a/DT lot/NN from/IN it/PRP ./.,,,311.7,313.04
sw09utt/sw_0936_2917.utt,2/sw2917,2917,133,b,A,73,1,Uh-huh. /,Uh-huh/UH ./.,,,313.74,314.0
sw09utt/sw_0936_2917.utt,2/sw2917,2917,134,sd,B,74,1,I've learned that credit cards are extremely dangerous in my hand --,I/PRP 've/VBP learned/VBN that/IN credit/NN cards/NNS are/VBP extremely/RB dangerous/JJ in/IN my/PRP$ hand/NN --/:,,,313.78,317.82
sw09utt/sw_0936_2917.utt,2/sw2917,2917,135,b,A,75,1,"Uh-huh,  /","Uh-huh/UH ,/,",,,318.12,318.3
sw09utt/sw_0936_2917.utt,2/sw2917,2917,136,b^r,A,75,2,uh-huh. /,uh-huh/UH ./.,,,318.3,318.5
sw09utt/sw_0936_2917.utt,2/sw2917,2917,137,+,B,76,1,"-- <Laughter> and my husband's too, because [ he's, + he's ] the same way I am. /","--/: and/CC my/PRP$ husband/NN 's/POS too/RB ,/, because/IN he/PRP 's/BES ,/, he/PRP 's/BES the/DT same/JJ way/NN I/PRP am/VBP ./.",,,319.6,321.78000000000003
sw09utt/sw_0936_2917.utt,2/sw2917,2917,138,b,A,77,1,Uh-huh. /,Uh-huh/UH ./.,,,322.06,322.2
sw09utt/sw_0936_2917.utt,2/sw2917,2917,139,%,B,78,1,"[ I don't, + I don't ] think that, - /","I/PRP do/VBP n't/RB ,/, I/PRP do/VBP n't/RB think/VB that/IN ,/,",,,322.6,324.04
sw09utt/sw_0936_2917.utt,2/sw2917,2917,140,sd,B,78,2,"{D well, } when we buy on credit we just don't have a concept of how much money we're spending --","well/UH ,/, when/WRB we/PRP buy/VBP on/IN credit/NN we/PRP just/RB do/VBP n't/RB have/VB a/DT concept/NN of/IN how/WRB much/JJ money/NN we/PRP 're/VBP spending/VBG --/:",,,324.68,329.40000000000003
sw09utt/sw_0936_2917.utt,2/sw2917,2917,141,b,A,79,1,Uh-huh. /,Uh-huh/UH ./.,,,329.7,329.94
sw09utt/sw_0936_2917.utt,2/sw2917,2917,142,+,B,80,1,-- until the bill comes in. /,--/: until/IN the/DT bill/NN comes/VBZ in/RB ./.,,,330.06,331.04
sw09utt/sw_0936_2917.utt,2/sw2917,2917,143,b,A,81,1,Uh-huh. /,Uh-huh/UH ./.,,,333.28,333.58
sw09utt/sw_0936_2917.utt,2/sw2917,2917,144,sv,B,82,1,{C And then } all of a sudden you look at the bill  /,And/CC then/RB all/DT of/IN a/DT sudden/JJ you/PRP look/VBP at/IN the/DT bill/NN,,,333.3,334.58000000000004
sw09utt/sw_0936_2917.utt,2/sw2917,2917,145,sv(^q),B,82,2,"{C and } you go, {F Oh } my gosh,  /","and/CC you/PRP go/VBP ,/, Oh/UH my/PRP$ gosh/UH ,/,",,,334.58,335.56
sw09utt/sw_0936_2917.utt,2/sw2917,2917,146,^q,B,82,3,I spent this much. /,I/PRP spent/VBD this/DT much/JJ ./.,,,335.56,336.4
sw09utt/sw_0936_2917.utt,2/sw2917,2917,147,%,A,83,1,"{C But } now, the fact that you still have two cards, - /","But/CC now/RB ,/, the/DT fact/NN that/IN you/PRP still/RB have/VBP two/CD cards/NNS ,/,",,,337.4,339.88
sw09utt/sw_0936_2917.utt,2/sw2917,2917,148,qy,A,83,2,"[ are you, + do you ] use them, more judiciously? /","are/VBP you/PRP ,/, do/VBP you/PRP use/VB them/PRP ,/, more/RBR judiciously/RB ?/.",,,340.08,344.03999999999996
sw09utt/sw_0936_2917.utt,2/sw2917,2917,149,ny,B,84,1,"Yeah,  /","Yeah/UH ,/,",,,344.39,344.81
sw09utt/sw_0936_2917.utt,2/sw2917,2917,150,sd^e,B,84,2,we pretty much use them for emergency type things like transmission fell out on our car -- /,we/PRP pretty/RB much/RB use/VBP them/PRP for/IN emergency/NN type/NN things/NNS like/IN transmission/NN fell/VBD out/RB on/IN our/PRP$ car/NN --/:,,,344.85,352.11
sw09utt/sw_0936_2917.utt,2/sw2917,2917,151,b,A,85,1,Yeah. /,Yeah/UH ./.,,,352.5,352.74
sw09utt/sw_0936_2917.utt,2/sw2917,2917,152,sd,B,86,1,-- {C and } that paid for a new transmission -- /,--/: and/CC that/DT paid/VBD for/IN a/DT new/JJ transmission/NN --/:,,,353.21,355.09
sw09utt/sw_0936_2917.utt,2/sw2917,2917,153,b,A,87,1,Uh-huh. /,Uh-huh/UH ./.,,,356.2,356.44
sw09utt/sw_0936_2917.utt,2/sw2917,2917,154,sd,B,88,1,"-- {F um, } [ and, + and ] things like that.  /","--/: um/UH ,/, and/CC ,/, and/CC things/NNS like/IN that/DT ./.",,,356.13,358.29
sw09utt/sw_0936_2917.utt,2/sw2917,2917,155,sd,B,88,2,"{F Um, } {C and } we try not to use them for --","Um/UH ,/, and/CC we/PRP try/VBP not/RB to/TO use/VB them/PRP for/IN --/:",,,358.29,361.89000000000004
sw09utt/sw_0936_2917.utt,2/sw2917,2917,156,^2,A,89,1,Purchases. /,Purchases/NNS ./.,,,362.78,363.52
sw09utt/sw_0936_2917.utt,2/sw2917,2917,157,+,B,90,1,"-- incidental type things, like, {D you know, } gas and stuff like that. /","--/: incidental/JJ type/NN things/NNS ,/, like/IN ,/, you/PRP know/VBP ,/, gas/NN and/CC stuff/NN like/IN that/DT ./.",,,363.21,366.57
sw09utt/sw_0936_2917.utt,2/sw2917,2917,158,b,A,91,1,"Uh-huh,  /","Uh-huh/UH ,/,",,,366.88,367.06
sw09utt/sw_0936_2917.utt,2/sw2917,2917,159,b^r,A,91,2,uh-huh <laughter>.  /,uh-huh/UH ./.,,,367.06,367.26
sw09utt/sw_0936_2917.utt,2/sw2917,2917,160,qy^d,A,91,3,"Clothing, sales. /","Clothing/NN ,/, sales/NNS ./.",,,369.24,370.26
sw09utt/sw_0936_2917.utt,2/sw2917,2917,161,ny,B,92,1,Yeah. /,Yeah/UH ./.,,,370.17,370.57
sw09utt/sw_0936_2917.utt,2/sw2917,2917,162,sd,A,93,1,Sales I find are a pain. /,Sales/NNS I/PRP find/VBP are/VBP a/DT pain/NN ./.,,,371.18,372.86
sw09utt/sw_0936_2917.utt,2/sw2917,2917,163,b,B,94,1,Yeah.  /,Yeah/UH ./.,,,372.75,372.99
sw09utt/sw_0936_2917.utt,2/sw2917,2917,164,sd,B,94,2,"[ [ I've, + I've gotten, ] + I've gotten ] a lot more away [ from, + from ] credit cards,  /","I/PRP 've/VBP ,/, I/PRP 've/VBP gotten/VBN ,/, I/PRP 've/VBP gotten/VBN a/DT lot/NN more/RBR away/RB from/IN ,/, from/IN credit/NN cards/NNS ,/,",,,372.99,377.65
sw09utt/sw_0936_2917.utt,2/sw2917,2917,165,sd,B,94,3,{C and } I pay by check a lot more now. /,and/CC I/PRP pay/VBP by/IN check/NN a/DT lot/NN more/RBR now/RB ./.,,,377.71,379.73
sw09utt/sw_0936_2917.utt,2/sw2917,2917,166,b,A,95,1,"Uh-huh,  /","Uh-huh/UH ,/,",,,382.7,382.86
sw09utt/sw_0936_2917.utt,2/sw2917,2917,167,b^r,A,95,2,uh-huh.  /,uh-huh/UH ./.,,,382.94,383.08
sw09utt/sw_0936_2917.utt,2/sw2917,2917,168,ba,A,95,3,"{D Well, } it sounds good, {D you know. }  /","Well/UH ,/, it/PRP sounds/VBZ good/JJ ,/, you/PRP know/VBP ./.",,,383.08,384.09999999999997
sw09utt/sw_0936_2917.utt,2/sw2917,2917,169,bf,A,95,4,"Like I said, it sounds like [ you're, + you've ] really got it under control. /","Like/IN I/PRP said/VBD ,/, it/PRP sounds/VBZ like/IN you/PRP 're/VBP ,/, you/PRP 've/VBP really/RB got/VBN it/PRP under/IN control/NN ./.",,,384.3,387.38
sw09utt/sw_0936_2917.utt,2/sw2917,2917,170,sd,B,96,1,"[ I, + I ] admire you for [ having, + having ] that mind set for [ not, + not even getting, {D you know, } past the thirty days,  /","I/PRP ,/, I/PRP admire/VBP you/PRP for/IN having/VBG ,/, having/VBG that/DT mind/NN set/NN for/IN not/RB ,/, not/RB even/RB getting/VBG ,/, you/PRP know/VBP ,/, past/IN the/DT thirty/CD days/NNS ,/,",,,388.28,398.32
sw09utt/sw_0936_2917.utt,2/sw2917,2917,171,sd,B,96,2,"[ I would, + that's ] ideally [ [ the + where, ] + where ] I would like to be. /","I/PRP would/MD ,/, that/DT 's/BES ideally/RB the/DT where/WRB ,/, where/WRB I/PRP would/MD like/VB to/TO be/VB ./.",,,398.32,401.32
sw09utt/sw_0936_2917.utt,2/sw2917,2917,172,b,A,97,1,"Uh-huh,  /","Uh-huh/UH ,/,",,,403.59,403.71
sw09utt/sw_0936_2917.utt,2/sw2917,2917,173,b^r,A,97,2,uh-huh.  /,uh-huh/UH ./.,,,403.71,403.83
sw09utt/sw_0936_2917.utt,2/sw2917,2917,174,b,A,97,3,"Yeah,  /","Yeah/UH ,/,",,,403.83,403.90999999999997
sw09utt/sw_0936_2917.utt,2/sw2917,2917,175,sd,A,97,4,"{C and } like I said, [ once, + once ] [ it, + it ] happened I couldn't because my son's tuition came due,  /","and/CC like/IN I/PRP said/VBD ,/, once/RB ,/, once/RB it/PRP ,/, it/PRP happened/VBD I/PRP could/MD n't/RB because/IN my/PRP$ son/NN 's/POS tuition/NN came/VBD due/JJ ,/,",,,403.91,409.35
sw09utt/sw_0936_2917.utt,2/sw2917,2917,176,sd,A,97,5,"{C and } I guess I had, {D you know, } not really counted on it quite at that point -- /","and/CC I/PRP guess/VBP I/PRP had/VBD ,/, you/PRP know/VBP ,/, not/RB really/RB counted/VBN on/IN it/PRP quite/RB at/IN that/DT point/NN --/:",,,409.35,413.73
sw09utt/sw_0936_2917.utt,2/sw2917,2917,177,b,B,98,1,Uh-huh. /,Uh-huh/UH ./.,,,413.53,414.03
sw09utt/sw_0936_2917.utt,2/sw2917,2917,178,b,A,99,1,"-- {C but, } {F um, } yeah,  /","--/: but/CC ,/, um/UH ,/, yeah/UH ,/,",,,415.45,416.17
sw09utt/sw_0936_2917.utt,2/sw2917,2917,179,sd,A,99,2,I didn't like it at all.  /,I/PRP did/VBD n't/RB like/VB it/PRP at/IN all/DT ./.,,,416.39,417.40999999999997
sw09utt/sw_0936_2917.utt,2/sw2917,2917,180,sd,A,99,3,I was very uncomfortable.  /,I/PRP was/VBD very/RB uncomfortable/JJ ./.,,,417.41,418.67
sw09utt/sw_0936_2917.utt,2/sw2917,2917,181,%,A,99,4,"{C So, } -/","So/RB ,/,",,,420.49,420.97
sw09utt/sw_0936_2917.utt,2/sw2917,2917,182,ba,B,100,1,I can imagine. /,I/PRP can/MD imagine/VB ./.,,,420.95,421.63
sw09utt/sw_0936_2917.utt,2/sw2917,2917,183,sd,A,101,1,"{D You know, } [ {C and, } + {C and } ] {E I mean, } it was, I thought a lot,  /","You/PRP know/VBP ,/, and/CC ,/, and/CC I/PRP mean/VBP ,/, it/PRP was/VBD ,/, I/PRP thought/VBD a/DT lot/NN ,/,",,,421.97,425.45
sw09utt/sw_0936_2917.utt,2/sw2917,2917,184,sd,A,101,2,"sixty dollars interest or something [ for, + for ] just a couple of months,  /","sixty/CD dollars/NNS interest/NN or/CC something/NN for/IN ,/, for/IN just/RB a/DT couple/NN of/IN months/NNS ,/,",,,425.45,429.51
sw09utt/sw_0936_2917.utt,2/sw2917,2917,185,sd(^q),A,101,3,{C and } I'm going --,and/CC I/PRP 'm/VBP going/VBG --/:,,,429.51,429.99
sw09utt/sw_0936_2917.utt,2/sw2917,2917,186,b,B,102,1,Yeah. /,Yeah/UH ./.,,,429.64,429.94
sw09utt/sw_0936_2917.utt,2/sw2917,2917,187,+,A,103,1,"-- jeez, that's outrageous,  /","--/: jeez/UH ,/, that/DT 's/BES outrageous/JJ ,/,",,,430.29,431.65
sw09utt/sw_0936_2917.utt,2/sw2917,2917,188,sv,A,103,2,"{C but } [ in, + in, ] {D you know, } retrospect it wasn't all that much,  /","but/CC in/IN ,/, in/IN ,/, you/PRP know/VBP ,/, retrospect/NN it/PRP was/VBD n't/RB all/DT that/RB much/JJ ,/,",,,432.11,435.53
sw09utt/sw_0936_2917.utt,2/sw2917,2917,189,sv,A,103,3,{E I mean } a lot of people pay a lot more  /,I/PRP mean/VBP a/DT lot/NN of/IN people/NNS pay/VBP a/DT lot/NN more/JJR,,,435.53,437.13
sw09utt/sw_0936_2917.utt,2/sw2917,2917,190,sd,A,103,4,[ [ {C and } -- +,and/CC --/:,,,437.13,437.37
sw09utt/sw_0936_2917.utt,2/sw2917,2917,191,b,B,104,1,"{F Oh, } yeah. /","Oh/UH ,/, yeah/UH ./.",,,437.46,438.04
sw09utt/sw_0936_2917.utt,2/sw2917,2917,192,+,A,105,1,"-- {C and, } ] + {D you know, } {C but ] } still, {E I mean, } I figured I didn't need those items if it cost me sixty dollars more to have them. /","--/: and/CC ,/, you/PRP know/VBP ,/, but/CC still/RB ,/, I/PRP mean/VBP ,/, I/PRP figured/VBD I/PRP did/VBD n't/RB need/VB those/DT items/NNS if/IN it/PRP cost/VBD me/PRP sixty/CD dollars/NNS more/JJR to/TO have/VB them/PRP ./.",,,438.39,445.65
sw09utt/sw_0936_2917.utt,2/sw2917,2917,193,b,B,106,1,Uh-huh.  /,Uh-huh/UH ./.,,,445.3,445.5
sw09utt/sw_0936_2917.utt,2/sw2917,2917,194,ad,B,106,2,Think about what you can buy for sixty dollars. /,Think/VB about/IN what/WP you/PRP can/MD buy/VB for/IN sixty/CD dollars/NNS ./.,,,446.7,448.7
sw09utt/sw_0936_2917.utt,2/sw2917,2917,195,aa,A,107,1,Exactly <laughter>.  /,Exactly/UH ./.,,,449.05,449.57
sw09utt/sw_0936_2917.utt,2/sw2917,2917,196,sv,A,107,2,Groceries for a week. /,Groceries/NNS for/IN a/DT week/NN ./.,,,451.29,452.41
sw09utt/sw_0936_2917.utt,2/sw2917,2917,197,aa,B,108,1,"Yeah,  /","Yeah/UH ,/,",,,452.31,452.79
sw09utt/sw_0936_2917.utt,2/sw2917,2917,198,aa^r,B,108,2,yeah. /,yeah/UH ./.,,,453.09,453.53
sw09utt/sw_0936_2917.utt,2/sw2917,2917,199,b^m,A,109,1,Yeah. /,Yeah/UH ./.,,,453.97,454.31
sw09utt/sw_0936_2917.utt,2/sw2917,2917,200,sd,B,110,1,"[ I, + I ] think about [ all, + all ] the money [ that, + that ] we've spent on interest --","I/PRP ,/, I/PRP think/VBP about/IN all/PDT ,/, all/PDT the/DT money/NN that/WDT ,/, that/WDT we/PRP 've/VBP spent/VBN on/IN interest/NN --/:",,,455.39,459.05
sw09utt/sw_0936_2917.utt,2/sw2917,2917,201,b,A,111,1,Uh-huh. /,Uh-huh/UH ./.,,,459.71,459.90999999999997
sw09utt/sw_0936_2917.utt,2/sw2917,2917,202,+,B,112,1,"-- on all of our credit cards,  /","--/: on/IN all/DT of/IN our/PRP$ credit/NN cards/NNS ,/,",,,459.91,461.15
sw09utt/sw_0936_2917.utt,2/sw2917,2917,203,sd,B,112,2,{C and } it's just incredible. /,and/CC it/PRP 's/BES just/RB incredible/JJ ./.,,,461.23,462.43
sw09utt/sw_0936_2917.utt,2/sw2917,2917,204,qy,A,113,1,{C But } {D now } did you use to not feel so badly because you could take it off your income tax? /,But/CC now/RB did/VBD you/PRP use/VB to/TO not/RB feel/VB so/RB badly/RB because/IN you/PRP could/MD take/VB it/PRP off/IN your/PRP$ income/NN tax/NN ?/.,,,462.97,467.45000000000005
sw09utt/sw_0936_2917.utt,2/sw2917,2917,205,nd,B,114,1,We've never been able to take it off our income tax.  /,We/PRP 've/VBP never/RB been/VBN able/JJ to/TO take/VB it/PRP off/IN our/PRP$ income/NN tax/NN ./.,,,467.59,469.71
sw09utt/sw_0936_2917.utt,2/sw2917,2917,206,sd,B,114,2,"[ I'm, + I'm ] fairly newly married.  /","I/PRP 'm/VBP ,/, I/PRP 'm/VBP fairly/RB newly/RB married/JJ ./.",,,469.77,471.15000000000003
sw09utt/sw_0936_2917.utt,2/sw2917,2917,207,sd,B,114,3,I've only been married less than two years -- /,I/PRP 've/VBP only/RB been/VBN married/VBN less/JJR than/IN two/CD years/NNS --/:,,,471.15,473.46999999999997
sw09utt/sw_0936_2917.utt,2/sw2917,2917,208,b,A,115,1,Uh-huh. /,Uh-huh/UH ./.,,,474.45,474.63
sw09utt/sw_0936_2917.utt,2/sw2917,2917,209,sd,B,116,1,"-- {C and } before that, I never owned a home or anything,  /","--/: and/CC before/IN that/DT ,/, I/PRP never/RB owned/VBD a/DT home/NN or/CC anything/NN ,/,",,,474.27,477.85
sw09utt/sw_0936_2917.utt,2/sw2917,2917,210,sd,B,116,2,{C so } I never had any deductions. /,so/RB I/PRP never/RB had/VBD any/DT deductions/NNS ./.,,,477.85,479.49
sw09utt/sw_0936_2917.utt,2/sw2917,2917,211,b,A,117,1,"Right,  /","Right/UH ,/,",,,479.85,480.19
sw09utt/sw_0936_2917.utt,2/sw2917,2917,212,b^r,A,117,2,right. /,right/UH ./.,,,480.45,480.59
sw09utt/sw_0936_2917.utt,2/sw2917,2917,213,sd,B,118,1,"{C So, } really, it was always just money --","So/RB ,/, really/RB ,/, it/PRP was/VBD always/RB just/RB money/NN --/:",,,480.39,483.15000000000003
sw09utt/sw_0936_2917.utt,2/sw2917,2917,214,^2,A,119,1,Thrown away. /,Thrown/VBN away/RB ./.,,,483.51,484.13
sw09utt/sw_0936_2917.utt,2/sw2917,2917,215,+,B,120,1,-- thrown away. /,--/: thrown/VBN away/RB ./.,,,483.97,484.53000000000003
sw09utt/sw_0936_2917.utt,2/sw2917,2917,216,b,A,121,1,"Yeah,  /","Yeah/UH ,/,",,,484.89,484.96999999999997
sw09utt/sw_0936_2917.utt,2/sw2917,2917,217,ba,A,121,2,jeez. /,jeez/UH ./.,,,485.31,485.63
sw09utt/sw_0936_2917.utt,2/sw2917,2917,218,sd,B,122,1,"{C And } I never really thought about it because, -/","And/CC I/PRP never/RB really/RB thought/VBD about/IN it/PRP because/IN ,/,",,,486.01,488.47
sw09utt/sw_0936_2917.utt,2/sw2917,2917,219,bf,A,123,1,You were good at it <laughter>. /,You/PRP were/VBD good/JJ at/IN it/PRP ./.,,,490.15,490.91
sw09utt/sw_0936_2917.utt,2/sw2917,2917,220,aa,B,124,1,"Yeah,  /","Yeah/UH ,/,",,,491.02,491.2
sw09utt/sw_0936_2917.utt,2/sw2917,2917,221,sd,B,124,2,I was so good at it that it just kind of got stuck in the back of my mind and just never --,I/PRP was/VBD so/RB good/JJ at/IN it/PRP that/IN it/PRP just/RB kind/RB of/RB got/VBD stuck/VBN in/IN the/DT back/RB of/IN my/PRP$ mind/NN and/CC just/RB never/RB --/:,,,491.2,496.03999999999996
sw09utt/sw_0936_2917.utt,2/sw2917,2917,222,b,A,125,1,Uh-huh. /,Uh-huh/UH ./.,,,497.19,497.46999999999997
sw09utt/sw_0936_2917.utt,2/sw2917,2917,223,+,B,126,1,"-- {F um, } became a real problem until all of a sudden it came an insurmountable problem. /","--/: um/UH ,/, became/VBD a/DT real/JJ problem/NN until/IN all/DT of/IN a/DT sudden/JJ it/PRP came/VBD an/DT insurmountable/JJ problem/NN ./.",,,497.1,501.88
sw09utt/sw_0936_2917.utt,2/sw2917,2917,224,b,A,127,1,Yeah.  /,Yeah/UH ./.,,,502.25,502.33
sw09utt/sw_0936_2917.utt,2/sw2917,2917,225,sd,A,127,2,"I suspect that, {D you know, } thinking about it and looking at my friends and the number of credit cards that they use and, {D you know, } the amount that I know they buy, I guess probably a lot of them are in a similar situation, and, {D you know, } just don't talk about it. /","I/PRP suspect/VBP that/IN ,/, you/PRP know/VBP ,/, thinking/VBG about/IN it/PRP and/CC looking/VBG at/IN my/PRP$ friends/NNS and/CC the/DT number/NN of/IN credit/NN cards/NNS that/WDT they/PRP use/VBP and/CC ,/, you/PRP know/VBP ,/, the/DT amount/NN that/WDT I/PRP know/VBP they/PRP buy/VBP ,/, I/PRP guess/VBP probably/RB a/DT lot/NN of/IN them/PRP are/VBP in/IN a/DT similar/JJ situation/NN ,/, and/CC ,/, you/PRP know/VBP ,/, just/RB do/VBP n't/RB talk/VB about/IN it/PRP ./.",,,502.91,518.6099999999999
sw09utt/sw_0936_2917.utt,2/sw2917,2917,226,aa,B,128,1,Yeah.  /,Yeah/UH ./.,,,518.76,519.08
sw09utt/sw_0936_2917.utt,2/sw2917,2917,227,sv,B,128,2,"[ Most, + most ] people don't like to talk about money.  /","Most/JJS ,/, most/JJS people/NNS do/VBP n't/RB like/VB to/TO talk/VB about/IN money/NN ./.",,,520.08,522.38
sw09utt/sw_0936_2917.utt,2/sw2917,2917,228,sv,B,128,3,"They feel uncomfortable, I think. /","They/PRP feel/VBP uncomfortable/JJ ,/, I/PRP think/VBP ./.",,,522.38,524.16
sw09utt/sw_0936_2917.utt,2/sw2917,2917,229,aa,A,129,1,"Uh-huh,  /","Uh-huh/UH ,/,",,,525.83,526.0300000000001
sw09utt/sw_0936_2917.utt,2/sw2917,2917,230,aa^r,A,129,2,"uh-huh, /","uh-huh/UH ,/,",,,526.17,526.41
sw09utt/sw_0936_2917.utt,2/sw2917,2917,231,sv,B,130,1,"{D You know, }","You/PRP know/VBP ,/,",,,526.02,526.4200000000001
sw09utt/sw_0936_2917.utt,2/sw2917,2917,232,sv,A,131,1,very personal. /,very/RB personal/JJ ./.,,,526.83,527.33
sw09utt/sw_0936_2917.utt,2/sw2917,2917,233,+,B,132,1,for a lot of people it is very personal. /,for/IN a/DT lot/NN of/IN people/NNS it/PRP is/VBZ very/RB personal/JJ ./.,,,526.94,528.2800000000001
sw09utt/sw_0936_2917.utt,2/sw2917,2917,234,aa,A,133,1,"Uh-huh,  /","Uh-huh/UH ,/,",,,528.67,528.81
sw09utt/sw_0936_2917.utt,2/sw2917,2917,235,aa,A,133,2,"yeah,  /","yeah/UH ,/,",,,530.25,530.45
sw09utt/sw_0936_2917.utt,2/sw2917,2917,236,sv,A,133,3,"and especially [ if you, + if you ] don't feel you're handling it quite right --","and/CC especially/RB if/IN you/PRP ,/, if/IN you/PRP do/VBP n't/RB feel/VB you/PRP 're/VBP handling/VBG it/PRP quite/RB right/JJ --/:",,,530.45,533.6999999999999
sw09utt/sw_0936_2917.utt,2/sw2917,2917,237,b,B,134,1,Yeah. /,Yeah/UH ./.,,,533.61,534.07
sw09utt/sw_0936_2917.utt,2/sw2917,2917,238,+,A,135,1,"-- or that somebody might make fun of you or that it would be, -/","--/: or/CC that/IN somebody/NN might/MD make/VB fun/NN of/IN you/PRP or/CC that/IN it/PRP would/MD be/VB ,/,",,,534.46,537.1
sw09utt/sw_0936_2917.utt,2/sw2917,2917,239,sv,B,136,1,"{C But } I think [ the, + the ] average American is probably pretty heavily in debt. [ Not, + not ] including {D like } a mortgage.  /","But/CC I/PRP think/VBP the/DT ,/, the/DT average/JJ American/NNP is/VBZ probably/RB pretty/RB heavily/RB in/IN debt/NN ./. Not/RB ,/, not/RB including/VBG like/UH a/DT mortgage/NN ./.",,,537.47,547.1700000000001
sw09utt/sw_0936_2917.utt,2/sw2917,2917,240,sv,B,136,2,A mortgage is an understandable debt --,A/DT mortgage/NN is/VBZ an/DT understandable/JJ debt/NN --/:,,,547.19,549.39
sw09utt/sw_0936_2917.utt,2/sw2917,2917,241,b,A,137,1,Uh-huh. /,Uh-huh/UH ./.,,,550.4,550.6
sw09utt/sw_0936_2917.utt,2/sw2917,2917,242,+,B,138,1,"-- because [ [ that's, + you have, ] + you have ] to have a roof over your head. /","--/: because/IN that/DT 's/BES ,/, you/PRP have/VBP ,/, you/PRP have/VBP to/TO have/VB a/DT roof/NN over/IN your/PRP$ head/NN ./.",,,550.25,552.3100000000001
sw09utt/sw_0936_2917.utt,2/sw2917,2917,243,b,A,139,1,Right. /,Right/UH ./.,,,552.7,552.84
sw09utt/sw_0936_2917.utt,2/sw2917,2917,244,sd,B,140,1,"{C And } I would much rather own my own home [ than, + than ] be renting it like we're doing.  /","And/CC I/PRP would/MD much/RB rather/RB own/VB my/PRP$ own/JJ home/NN than/IN ,/, than/IN be/VB renting/VBG it/PRP like/IN we/PRP 're/VBP doing/VBG ./.",,,552.45,559.53
sw09utt/sw_0936_2917.utt,2/sw2917,2917,245,sd,B,140,2,"{E I mean, } we're basically, {D you know, } kind of throwing seven hundred dollars a month away. /","I/PRP mean/VBP ,/, we/PRP 're/VBP basically/RB ,/, you/PRP know/VBP ,/, kind/RB of/RB throwing/VBG seven/CD hundred/CD dollars/NNS a/DT month/NN away/RB ./.",,,559.53,563.9499999999999
sw09utt/sw_0936_2917.utt,2/sw2917,2917,246,aa,A,141,1,"Uh-huh,  /","Uh-huh/UH ,/,",,,564.72,564.84
sw09utt/sw_0936_2917.utt,2/sw2917,2917,247,aa^r,A,141,2,uh-huh. /,uh-huh/UH ./.,,,564.98,565.12
sw09utt/sw_0936_2917.utt,2/sw2917,2917,248,sd,B,142,1,We're renting a house. /,We/PRP 're/VBP renting/VBG a/DT house/NN ./.,,,564.73,565.63
sw09utt/sw_0936_2917.utt,2/sw2917,2917,249,b,A,143,1,Uh-huh. /,Uh-huh/UH ./.,,,567.6,567.86
sw09utt/sw_0936_2917.utt,2/sw2917,2917,250,sd,B,144,1,"{C But, } {D you know, } right now with the way our credit card situation is, there's nobody in the world that's going to give us a mortgage on a house. /","But/CC ,/, you/PRP know/VBP ,/, right/RB now/RB with/IN the/DT way/NN our/PRP$ credit/NN card/NN situation/NN is/VBZ ,/, there/EX 's/BES nobody/NN in/IN the/DT world/NN that/WDT 's/BES going/VBG to/TO give/VB us/PRP a/DT mortgage/NN on/IN a/DT house/NN ./.",,,567.47,576.53
sw09utt/sw_0936_2917.utt,2/sw2917,2917,251,aa,A,145,1,"Right,  /","Right/UH ,/,",,,577.44,577.72
sw09utt/sw_0936_2917.utt,2/sw2917,2917,252,aa^r,A,145,2,right.  /,right/UH ./.,,,578.86,579.14
sw09utt/sw_0936_2917.utt,2/sw2917,2917,253,sv,A,145,3,"[ {C But, } + {C but, } ] once I suppose [ you, + you ] prove yourself by paying this off next year --","But/CC ,/, but/CC ,/, once/RB I/PRP suppose/VBP you/PRP ,/, you/PRP prove/VBP yourself/PRP by/IN paying/VBG this/DT off/RP next/JJ year/NN --/:",,,579.14,583.36
sw09utt/sw_0936_2917.utt,2/sw2917,2917,254,b,B,146,1,Yeah. /,Yeah/UH ./.,,,582.94,583.1600000000001
sw09utt/sw_0936_2917.utt,2/sw2917,2917,255,+,A,147,1,-- you'll be in very good shape. /,--/: you/PRP 'll/MD be/VB in/IN very/RB good/JJ shape/NN ./.,,,583.58,584.74
sw09utt/sw_0936_2917.utt,2/sw2917,2917,256,aa,B,148,1,Yeah.  /,Yeah/UH ./.,,,584.42,584.76
sw09utt/sw_0936_2917.utt,2/sw2917,2917,257,sv,B,148,2,"[ [ It's, + it's going to, ] + it's going to ] take quite a while. /","It/PRP 's/BES ,/, it/PRP 's/BES going/VBG to/TO ,/, it/PRP 's/BES going/VBG to/TO take/VB quite/PDT a/DT while/NN ./.",,,584.78,587.0
sw09utt/sw_0936_2917.utt,2/sw2917,2917,258,b,A,149,1,Uh-huh. /,Uh-huh/UH ./.,,,587.92,588.1999999999999
sw09utt/sw_0936_2917.utt,2/sw2917,2917,259,sd,B,150,1,Hopefully within five years we'll be in our own home. /,Hopefully/RB within/IN five/CD years/NNS we/PRP 'll/MD be/VB in/IN our/PRP$ own/JJ home/NN ./.,,,588.3,592.78
sw09utt/sw_0936_2917.utt,2/sw2917,2917,260,b,A,151,1,Uh-huh. /,Uh-huh/UH ./.,,,593.28,593.66
sw09utt/sw_0936_2917.utt,2/sw2917,2917,261,sd,B,152,1,"{C But, } {F um, } I'm not really counting on it real soon. /","But/CC ,/, um/UH ,/, I/PRP 'm/VBP not/RB really/RB counting/VBG on/IN it/PRP real/RB soon/RB ./.",,,593.4,599.64
