swda_filename,ptb_basename,conversation_no,transcript_index,act_tag,caller,utterance_index,subutterance_index,text,pos,trees,ptb_treenumbers,start_ts,end_ts
sw06utt/sw_0605_2989.utt,2/sw2989,2989,0,sv,A,1,1,"{D Well, } Wayne, I, {F uh, } feel very  strongly about parents doing things with their children, and making time available  even sometimes when time isn't available.  /","Well/UH ,/, Wayne/NNP ,/, I/PRP ,/, uh/UH ,/, feel/VBP very/RB strongly/RB about/IN parents/NNS doing/VBG things/NNS with/IN their/PRP$ children/NNS ,/, and/CC making/VBG time/NN available/JJ even/RB sometimes/RB when/WRB time/NN is/VBZ n't/RB available/JJ ./.","(S (INTJ (UH Well)) (, ,) (NP-VOC (NNP Wayne)) (, ,) (NP-SBJ (PRP I)) (, ,) (INTJ (UH uh)) (, ,) (VP (VBP feel) (ADVP (RB very) (RB strongly) (PP (IN about) (S-NOM (NP-SBJ (NNS parents)) (VP (VP (VBG doing) (NP (NP (NNS things)) (PP (IN with) (NP (PRP$ their) (NNS children))))) (, ,) (CC and) (VP (VBG making) (NP (NP (NN time)) (ADJP (JJ available))) (ADVP (RB even)) (ADVP-TMP (RB sometimes)) (SBAR-TMP (WHADVP-1 (WRB when)) (S (NP-SBJ (NN time)) (VP (VBZ is) (RB n't) (ADJP-PRD (JJ available)) (ADVP-TMP (-NONE- *T*-1))))))))))) (. .) (-DFL- E_S))",1,1.34,10.98
sw06utt/sw_0605_2989.utt,2/sw2989,2989,1,qo,A,1,2,How do you feel about it? /,How/WRB do/VBP you/PRP feel/VB about/IN it/PRP ?/.,(SBARQ (WHADVP-1 (WRB How)) (SQ (VBP do) (NP-SBJ (PRP you)) (VP (VB feel) (PP (IN about) (NP (PRP it))) (ADVP-MNR (-NONE- *T*-1)))) (. ?) (-DFL- E_S)),2,10.98,12.04
sw06utt/sw_0605_2989.utt,2/sw2989,2989,2,aa,B,2,1,"{D Well, } yeah,  /","Well/UH ,/, yeah/UH ,/,","(INTJ (INTJ (UH Well)) (, ,) (INTJ (UH yeah)) (, ,) (-DFL- E_S))",4,12.76,13.02
sw06utt/sw_0605_2989.utt,2/sw2989,2989,3,sv,B,2,2,I feel much the same way.  /,I/PRP feel/VBP much/RB the/DT same/JJ way/NN ./.,(S (NP-SBJ (PRP I)) (VP (VBP feel) (ADVP (RB much)) (NP-MNR (DT the) (JJ same) (NN way))) (. .) (-DFL- E_S)),5,13.02,14.28
sw06utt/sw_0605_2989.utt,2/sw2989,2989,4,sd,B,2,3,"I've, {F uh, } two kids right now -- /","I/PRP 've/VBP ,/, uh/UH ,/, two/CD kids/NNS right/RB now/RB --/:","(S (NP-SBJ (PRP I)) (VP (VBP 've) (, ,) (INTJ (UH uh)) (, ,) (NP (CD two) (NNS kids)) (ADVP-TMP (RB right) (RB now))) (-DFL- E_S))",6,14.28,16.52
sw06utt/sw_0605_2989.utt,2/sw2989,2989,5,b,A,3,1,Yeah. /,Yeah/UH ./.,(INTJ (UH Yeah) (. .) (-DFL- E_S)),8,16.64,16.78
sw06utt/sw_0605_2989.utt,2/sw2989,2989,6,sd,B,4,1,-- one is two and a half  /,--/: one/CD is/VBZ two/CD and/CC a/DT half/NN,(S (NP-SBJ (CD one)) (VP (VBZ is) (NP-PRD (QP (CD two) (CC and) (DT a) (NN half)))) (-DFL- E_S)),10,16.74,17.74
sw06utt/sw_0605_2989.utt,2/sw2989,2989,7,sd,B,4,2,"{C and } one's nine months,  /","and/CC one/CD 's/BES nine/CD months/NNS ,/,","(S (CC and) (NP-SBJ (CD one)) (VP (BES 's) (NP-PRD (CD nine) (NNS months))) (, ,) (-DFL- E_S))",11,17.74,18.680000000000003
sw06utt/sw_0605_2989.utt,2/sw2989,2989,8,sv,B,4,3,"{C and, } {F uh, } that age, of course, everything you do they're trying to  learn to do,  /","and/CC ,/, uh/UH ,/, that/DT age/NN ,/, of/IN course/NN ,/, everything/NN you/PRP do/VBP they/PRP 're/VBP trying/VBG to/TO learn/VB to/TO do/VB ,/,","(S (CC and) (, ,) (INTJ (UH uh)) (, ,) (NP-ADV (DT that) (NN age)) (, ,) (PP (IN of) (NP (NN course))) (, ,) (NP-ADV (NP (NN everything)) (SBAR (WHNP-1 (-NONE- 0)) (S (NP-SBJ (PRP you)) (VP (VBP do) (NP (-NONE- *T*-1)))))) (NP-SBJ-2 (PRP they)) (VP (VBP 're) (VP (VBG trying) (S (NP-SBJ-3 (-NONE- *-2)) (VP (TO to) (VP (VB learn) (S (NP-SBJ (-NONE- *-3)) (VP (TO to) (VP (VB do))))))))) (, ,) (-DFL- E_S))",12,19.3,23.849999999999998
sw06utt/sw_0605_2989.utt,2/sw2989,2989,9,sv,B,4,4,"{C and so, } {F uh, } it's important for you to spend time doing the  things that you want them to learn, {D you know, } [ that, +  that ]  they need to learn at the age, {D you know } --","and/CC so/RB ,/, uh/UH ,/, it/PRP 's/BES important/JJ for/IN you/PRP to/TO spend/VB time/NN doing/VBG the/DT things/NNS that/WDT you/PRP want/VBP them/PRP to/TO learn/VB ,/, you/PRP know/VBP ,/, that/WDT ,/, that/WDT they/PRP need/VBP to/TO learn/VB at/IN the/DT age/NN ,/, you/PRP know/VBP --/:","(S (CONJP (CC and) (RB so)) (, ,) (INTJ (UH uh)) (, ,) (NP-SBJ (NP (PRP it)) (S (-NONE- *EXP*-1))) (VP (BES 's) (ADJP-PRD (JJ important) (PP (IN for) (NP (PRP you)))) (S-1 (NP-SBJ (-NONE- *)) (VP (TO to) (VP (VB spend) (NP (NP (NN time)) (S-NOM (NP-SBJ (-NONE- *)) (VP (VBG doing) (NP (NP (NP (DT the) (NNS things)) (SBAR (WHNP-2 (WDT that)) (S (NP-SBJ (PRP you)) (VP (VBP want) (S (NP-SBJ (PRP them)) (VP (TO to) (VP (VB learn) (NP (-NONE- *T*-2)))))))) (PRN (, ,) (S (NP-SBJ (PRP you)) (VP (VBP know))) (, ,)) (SBAR (EDITED (RM (-DFL- \[)) (WHNP (WDT that)) (, ,) (IP (-DFL- \+))) (WHNP-4 (WDT that)) (RS (-DFL- \])) (S (NP-SBJ-3 (PRP they)) (VP (VBP need) (S (NP-SBJ (-NONE- *-3)) (VP (TO to) (VP (VB learn) (NP (-NONE- *T*-4)) (PP-TMP (IN at) (NP (DT the) (NN age)))))))))) (PRN (, ,) (S (NP-SBJ (PRP you)) (VP (VBP know)))) (S-NOM (NP-SBJ (-NONE- *)) (EDITED (RM (-DFL- \[)) (VP-UNF (NN reading)) (, ,) (CC and) (, ,) (IP (-DFL- \+))) (INTJ (UH uh)) (, ,) (VP (VP (NN reading)) (CC and) (RS (-DFL- \])) (VP (VBG playing) (ADVP (RB nice)) (PP (IN with) (NP (NNS others)))))) (, ,) (CC and) (NP (NP (DT that) (NN sort)) (PP (IN of) (NP (NN thing)))))))))))) (. .) (-DFL- E_S))",13,24.25,32.67
sw06utt/sw_0605_2989.utt,2/sw2989,2989,10,b,A,5,1,Yeah. /,Yeah/UH ./.,(INTJ (UH Yeah) (. .) (-DFL- E_S)),8,32.78,33.04
sw06utt/sw_0605_2989.utt,2/sw2989,2989,11,+,B,6,1,"-- [ reading, and, + {F uh, } reading and ]  playing nice with others, and that sort of thing. /","--/: reading/NN ,/, and/CC ,/, uh/UH ,/, reading/NN and/CC playing/VBG nice/RB with/IN others/NNS ,/, and/CC that/DT sort/NN of/IN thing/NN ./.","(S (CONJP (CC and) (RB so)) (, ,) (INTJ (UH uh)) (, ,) (NP-SBJ (NP (PRP it)) (S (-NONE- *EXP*-1))) (VP (BES 's) (ADJP-PRD (JJ important) (PP (IN for) (NP (PRP you)))) (S-1 (NP-SBJ (-NONE- *)) (VP (TO to) (VP (VB spend) (NP (NP (NN time)) (S-NOM (NP-SBJ (-NONE- *)) (VP (VBG doing) (NP (NP (NP (DT the) (NNS things)) (SBAR (WHNP-2 (WDT that)) (S (NP-SBJ (PRP you)) (VP (VBP want) (S (NP-SBJ (PRP them)) (VP (TO to) (VP (VB learn) (NP (-NONE- *T*-2)))))))) (PRN (, ,) (S (NP-SBJ (PRP you)) (VP (VBP know))) (, ,)) (SBAR (EDITED (RM (-DFL- \[)) (WHNP (WDT that)) (, ,) (IP (-DFL- \+))) (WHNP-4 (WDT that)) (RS (-DFL- \])) (S (NP-SBJ-3 (PRP they)) (VP (VBP need) (S (NP-SBJ (-NONE- *-3)) (VP (TO to) (VP (VB learn) (NP (-NONE- *T*-4)) (PP-TMP (IN at) (NP (DT the) (NN age)))))))))) (PRN (, ,) (S (NP-SBJ (PRP you)) (VP (VBP know)))) (S-NOM (NP-SBJ (-NONE- *)) (EDITED (RM (-DFL- \[)) (VP-UNF (NN reading)) (, ,) (CC and) (, ,) (IP (-DFL- \+))) (INTJ (UH uh)) (, ,) (VP (VP (NN reading)) (CC and) (RS (-DFL- \])) (VP (VBG playing) (ADVP (RB nice)) (PP (IN with) (NP (NNS others)))))) (, ,) (CC and) (NP (NP (DT that) (NN sort)) (PP (IN of) (NP (NN thing)))))))))))) (. .) (-DFL- E_S))",13,33.25,38.39
sw06utt/sw_0605_2989.utt,2/sw2989,2989,12,b^r,A,7,1,"Yeah,  /","Yeah/UH ,/,","(INTJ (UH Yeah) (, ,) (-DFL- E_S))",18,39.32,39.42
sw06utt/sw_0605_2989.utt,2/sw2989,2989,13,sd,A,7,2,"we went through this with our children,  and now with our grandchildren,  /","we/PRP went/VBD through/IN this/DT with/IN our/PRP$ children/NNS ,/, and/CC now/RB with/IN our/PRP$ grandchildren/NNS ,/,","(S (NP-SBJ (PRP we)) (VP (VBD went) (PP (IN through) (NP (DT this))) (PP (PP (IN with) (NP (PRP$ our) (NNS children))) (, ,) (CC and) (ADVP-TMP (RB now)) (PP (IN with) (NP (PRP$ our) (NNS grandchildren))))) (, ,) (-DFL- E_S))",19,39.42,43.56
sw06utt/sw_0605_2989.utt,2/sw2989,2989,14,sd,A,7,3,"{C and } I've always tried to  do things with them, {F uh, } like, when you're at the little league, helping out even  though I'm not a good athlete myself,  /","and/CC I/PRP 've/VBP always/RB tried/VBN to/TO do/VB things/NNS with/IN them/PRP ,/, uh/UH ,/, like/IN ,/, when/WRB you/PRP 're/VBP at/IN the/DT little/JJ league/NN ,/, helping/VBG out/RP even/RB though/IN I/PRP 'm/VBP not/RB a/DT good/JJ athlete/NN myself/PRP ,/,","(S (CC and) (NP-SBJ-1 (PRP I)) (VP (VBP 've) (ADVP-TMP (RB always)) (VP (VBN tried) (S (NP-SBJ (-NONE- *-1)) (VP (TO to) (VP (VB do) (NP (NP (NNS things)) (PP (IN with) (NP (PRP them))) (, ,) (INTJ (UH uh)) (, ,) (PP (IN like) (, ,) (S-NOM (SBAR-TMP (WHADVP-2 (WRB when)) (S (NP-SBJ (PRP you)) (VP (VBP 're) (PP-PRD-LOC (IN at) (NP (DT the) (JJ little) (NN league))) (ADVP-TMP (-NONE- *T*-2))))) (, ,) (NP-SBJ (-NONE- *)) (VP (VBG helping) (PRT (RP out)) (SBAR-ADV (RB even) (IN though) (S (NP-SBJ (PRP I)) (VP (VBP 'm) (RB not) (NP-PRD (DT a) (JJ good) (NN athlete)) (NP-ADV (PRP myself)))))))))))))) (, ,) (-DFL- E_S))",20,43.64,52.36
sw06utt/sw_0605_2989.utt,2/sw2989,2989,15,sd,A,7,4,"I was able to help the coach [ in, +   in ] just controlling the kids, if nothing else,  /","I/PRP was/VBD able/JJ to/TO help/VB the/DT coach/NN in/IN ,/, in/IN just/RB controlling/VBG the/DT kids/NNS ,/, if/IN nothing/NN else/RB ,/,","(S (NP-SBJ-1 (PRP I)) (VP (VBD was) (ADJP-PRD (JJ able) (S (NP-SBJ (-NONE- *-1)) (VP (TO to) (VP (VB help) (NP (DT the) (NN coach)) (EDITED (RM (-DFL- \[)) (PP-UNF (IN in)) (, ,) (IP (-DFL- \+))) (PP (IN in) (RS (-DFL- \])) (S-NOM (NP-SBJ (-NONE- *)) (ADVP (RB just)) (VP (VBG controlling) (NP (DT the) (NNS kids)) (, ,) (SBAR-ADV (IN if) (FRAG (NP (NP (NN nothing)) (ADVP (RB else))))))))))))) (, ,) (-DFL- E_S))",21,52.36,57.04
sw06utt/sw_0605_2989.utt,2/sw2989,2989,16,sd,A,7,5,"{C and } we've always, {F uh, }  {F oh } tried to take our children and [ no-, + now ] at this age our grandchildren to see and  do things that otherwise they might not be able to.  /","and/CC we/PRP 've/VBP always/RB ,/, uh/UH ,/, oh/UH tried/VBN to/TO take/VB our/PRP$ children/NNS and/CC no-/RB ,/, now/RB at/IN this/DT age/NN our/PRP$ grandchildren/NNS to/TO see/VB and/CC do/VB things/NNS that/WDT otherwise/RB they/PRP might/MD not/RB be/VB able/JJ to/TO ./.","(S (CC and) (NP-SBJ-1 (PRP we)) (VP (VBP 've) (ADVP-TMP (RB always)) (, ,) (INTJ (UH uh)) (, ,) (INTJ (UH oh)) (VP (VBN tried) (S (NP-SBJ (-NONE- *-1)) (VP (TO to) (VP (VB take) (S (NP-SBJ (NP (PRP$ our) (NNS children)) (CC and) (EDITED (RM (-DFL- \[)) (ADVP-TMP-UNF (RB no-)) (, ,) (IP (-DFL- \+))) (PRN (FRAG (ADVP-TMP (RB now) (RS (-DFL- \]))) (PP (IN at) (NP (DT this) (NN age))))) (NP (PRP$ our) (NNS grandchildren))) (VP (TO to) (VP (VB see) (CC and) (VB do) (NP (NP (NNS things)) (SBAR (WHNP-2 (WDT that)) (S (ADVP (RB otherwise)) (NP-SBJ-3 (PRP they)) (VP (MD might) (RB not) (VP (VB be) (ADJP-PRD (JJ able) (S (NP-SBJ (-NONE- *-3)) (VP (TO to) (VP (-NONE- *?*) (NP (-NONE- *T*-2))))))))))))))))))) (. .) (-DFL- E_S))",22,57.68,68.02000000000001
sw06utt/sw_0605_2989.utt,2/sw2989,2989,17,sv,A,7,6,"I think that's just  part of their overall educational process, is to get out and see and do things. /","I/PRP think/VBP that/DT 's/BES just/RB part/NN of/IN their/PRP$ overall/JJ educational/JJ process/NN ,/, is/VBZ to/TO get/VB out/RB and/CC see/VB and/CC do/VB things/NNS ./.","(S (NP-SBJ (PRP I)) (VP (VBP think) (SBAR (-NONE- 0) (S (S-SBJ (NP-SBJ (DT that)) (VP (BES 's) (ADVP (RB just)) (NP-PRD (NP (NN part)) (PP (IN of) (NP (PRP$ their) (JJ overall) (JJ educational) (NN process)))))) (, ,) (VP (VBZ is) (S-PRD (NP-SBJ (-NONE- *)) (VP (TO to) (VP (VP (VB get) (ADVP-LOC (RB out))) (CC and) (VP (VB see) (CC and) (VB do) (NP (NNS things)))))))))) (. .) (-DFL- E_S))",23,68.06,75.1
sw06utt/sw_0605_2989.utt,2/sw2989,2989,18,aa,B,8,1,"Right,  /","Right/UH ,/,","(INTJ (UH Right) (, ,) (-DFL- E_S))",25,77.17,77.57000000000001
sw06utt/sw_0605_2989.utt,2/sw2989,2989,19,aa,B,8,2,uh-huh. /,uh-huh/UH ./.,(INTJ (UH uh-huh) (. .) (-DFL- E_S)),26,77.87,78.19
sw06utt/sw_0605_2989.utt,2/sw2989,2989,20,b,A,9,1,"Yeah,  /","Yeah/UH ,/,","(INTJ (UH Yeah) (, ,) (-DFL- E_S))",18,78.59,78.67
sw06utt/sw_0605_2989.utt,2/sw2989,2989,21,b^r,A,9,2,yeah.  /,yeah/UH ./.,(INTJ (UH yeah) (. .) (-DFL- E_S)),29,78.67,78.75
sw06utt/sw_0605_2989.utt,2/sw2989,2989,22,%,A,9,3,"{C And so, } it's {F uh, } - /","And/CC so/RB ,/, it/PRP 's/BES uh/UH ,/,","(S (CONJP (CC And) (RB so)) (, ,) (NP-SBJ (PRP it)) (VP-UNF (BES 's) (INTJ (UH uh))) (, ,) (-DFL- N_S))",30,78.75,79.53
sw06utt/sw_0605_2989.utt,2/sw2989,2989,23,sd,A,9,4,"we have, {F uh, } lived several places around the U S  /","we/PRP have/VBP ,/, uh/UH ,/, lived/VBN several/JJ places/NNS around/IN the/DT U/NNP S/NNP","(S (NP-SBJ (PRP we)) (VP (VBP have) (, ,) (INTJ (UH uh)) (, ,) (VP (VBN lived) (NP (NP (JJ several) (NNS places)) (PP-LOC (IN around) (NP (DT the) (NNP U) (NNP S)))))) (-DFL- E_S))",31,79.91,83.75
sw06utt/sw_0605_2989.utt,2/sw2989,2989,24,sd,A,9,5,"{C and } [ we have, +  where we've ]  lived, we've taken them to see and do things of interest and of historical significance in the area,  /","and/CC we/PRP have/VBP ,/, where/WRB we/PRP 've/VBP lived/VBN ,/, we/PRP 've/VBP taken/VBN them/PRP to/TO see/VB and/CC do/VB things/NNS of/IN interest/NN and/CC of/IN historical/JJ significance/NN in/IN the/DT area/NN ,/,","(S (CC and) (EDITED (RM (-DFL- \[)) (S (NP-SBJ (PRP we)) (VP-UNF (VBP have))) (, ,) (IP (-DFL- \+))) (SBAR-LOC (WHADVP-1 (WRB where)) (S (NP-SBJ (PRP we)) (VP (VBP 've) (RS (-DFL- \])) (VP (VBN lived) (ADVP-LOC (-NONE- *T*-1)))))) (, ,) (NP-SBJ (PRP we)) (VP (VBP 've) (VP (VBN taken) (S (NP-SBJ (PRP them)) (VP (TO to) (VP (VB see) (CC and) (VB do) (NP (NP (NNS things)) (PP (PP (IN of) (NP (NN interest))) (CC and) (PP (IN of) (NP (JJ historical) (NN significance)))) (PP-LOC (IN in) (NP (DT the) (NN area))))))))) (, ,) (-DFL- E_S))",32,83.75,91.25
sw06utt/sw_0605_2989.utt,2/sw2989,2989,25,sd,A,9,6,"{D like } when we lived in Tennessee, [ we, +  we ] took them to Washington, D  C to see all the capitol [ and, + and ]  things like that when they were small.  /","like/IN when/WRB we/PRP lived/VBD in/IN Tennessee/NNP ,/, we/PRP ,/, we/PRP took/VBD them/PRP to/IN Washington/NNP ,/, D/NNP C/NNP to/TO see/VB all/PDT the/DT capitol/NN and/CC ,/, and/CC things/NNS like/IN that/DT when/WRB they/PRP were/VBD small/JJ ./.","(S (INTJ (UH like)) (SBAR-TMP (WHADVP-1 (WRB when)) (S (NP-SBJ (PRP we)) (VP (VBD lived) (PP-LOC (IN in) (NP (NNP Tennessee))) (ADVP-TMP (-NONE- *T*-1))))) (, ,) (EDITED (RM (-DFL- \[)) (NP-SBJ (PRP we)) (, ,) (IP (-DFL- \+))) (NP-SBJ (PRP we)) (RS (-DFL- \])) (VP (VBD took) (NP (PRP them)) (PP-DIR (IN to) (NP (NP (NNP Washington)) (, ,) (NP (NNP D) (NNP C)))) (S-PRP (NP-SBJ (-NONE- *)) (VP (TO to) (VP (VB see) (NP (NP (PDT all) (DT the) (NN capitol)) (EDITED (RM (-DFL- \[)) (CC and) (, ,) (IP (-DFL- \+))) (CC and) (RS (-DFL- \])) (NP (NP (NNS things)) (PP (IN like) (NP (DT that))))) (SBAR (WHADVP-2 (WRB when)) (S (NP-SBJ (PRP they)) (VP (VBD were) (ADJP-PRD (JJ small)) (ADVP-TMP (-NONE- *T*-2))))))))) (. .) (-DFL- E_S))",33,91.25,101.15
sw06utt/sw_0605_2989.utt,2/sw2989,2989,26,sd(^q),A,9,7,"{C And } [ it's just, +  {F uh, } it's ] helps, I think, the children [ to, +  when they're learning  in school, to ] say, {D well, } I've been there and I've seen that. /","And/CC it/PRP 's/BES just/RB ,/, uh/UH ,/, it/PRP 's/BES helps/VBZ ,/, I/PRP think/VBP ,/, the/DT children/NNS to/IN ,/, when/WRB they/PRP 're/VBP learning/VBG in/IN school/NN ,/, to/TO say/VB ,/, well/UH ,/, I/PRP 've/VBP been/VBN there/RB and/CC I/PRP 've/VBP seen/VBN that/DT ./.","(S (CC And) (EDITED (RM (-DFL- \[)) (S (NP-SBJ (PRP it)) (VP-UNF (BES 's) (ADVP (RB just)))) (, ,) (IP (-DFL- \+))) (INTJ (UH uh)) (, ,) (NP-SBJ (NP (PRP it)) (S (-NONE- *EXP*-2))) (X (BES 's)) (RS (-DFL- \])) (VP (VBZ helps) (PRN (, ,) (S (NP-SBJ (PRP I)) (VP (VBP think))) (, ,)) (NP (DT the) (NNS children)) (EDITED (RM (-DFL- \[)) (VP-UNF (IN to)) (, ,) (IP (-DFL- \+))) (SBAR-TMP (WHADVP-1 (WRB when)) (S (NP-SBJ (PRP they)) (VP (VBP 're) (VP (VBG learning) (PP (IN in) (NP (NN school))) (ADVP-TMP (-NONE- *T*-1)))))) (, ,) (S-2 (NP-SBJ (-NONE- *)) (VP (TO to) (RS (-DFL- \])) (VP (VB say) (, ,) (S-SEZ (INTJ (UH well)) (, ,) (NP-SBJ (PRP I)) (VP (VBP 've) (VP (VBN been) (ADVP-LOC-PRD (RB there))))))))))|||(S (CC and) (NP-SBJ (PRP I)) (VP (VBP 've) (VP (VBN seen) (NP (DT that)))) (. .) (-DFL- E_S))",34|||35,101.71,108.49
sw06utt/sw_0605_2989.utt,2/sw2989,2989,27,b,B,10,1,Right. /,Right/UH ./.,(INTJ (UH Right) (. .) (-DFL- E_S)),37,109.55,109.97
sw06utt/sw_0605_2989.utt,2/sw2989,2989,28,b,A,11,1,Yeah. /,Yeah/UH ./.,(INTJ (UH Yeah) (. .) (-DFL- E_S)),8,110.14,110.32000000000001
sw06utt/sw_0605_2989.utt,2/sw2989,2989,29,b,B,12,1,Uh-huh. /,Uh-huh/UH ./.,(INTJ (UH Uh-huh) (. .) (-DFL- E_S)),41,110.29,110.51
sw06utt/sw_0605_2989.utt,2/sw2989,2989,30,b^r,A,13,1,"Yeah,  /","Yeah/UH ,/,","(INTJ (UH Yeah) (, ,) (-DFL- E_S))",18,110.84,110.94
sw06utt/sw_0605_2989.utt,2/sw2989,2989,31,%,A,13,2,"{D So, } {F uh, } that's the type, -/","So/RB ,/, uh/UH ,/, that/DT 's/BES the/DT type/NN ,/,","(S (INTJ (UH So)) (, ,) (INTJ (UH uh)) (, ,) (NP-SBJ (DT that)) (VP (BES 's) (NP-PRD (DT the) (NN type))) (, ,) (-DFL- N_S))",44,111.38,112.78
sw06utt/sw_0605_2989.utt,2/sw2989,2989,32,aa,B,14,1,"Yeah,  /","Yeah/UH ,/,","(INTJ (UH Yeah) (, ,) (-DFL- E_S))",18,112.75,112.95
sw06utt/sw_0605_2989.utt,2/sw2989,2989,33,sv,B,14,2,"it certainly does,  because, {F uh, } {D you know, } the things in the books seem so dead to the kids, {D you know, }  unless they've actually been there or   whatever,  /","it/PRP certainly/RB does/VBZ ,/, because/IN ,/, uh/UH ,/, you/PRP know/VBP ,/, the/DT things/NNS in/IN the/DT books/NNS seem/VBP so/RB dead/JJ to/IN the/DT kids/NNS ,/, you/PRP know/VBP ,/, unless/IN they/PRP 've/VBP actually/RB been/VBN there/RB or/CC whatever/WP ,/,","(S (NP-SBJ (PRP it)) (ADVP (RB certainly)) (VP (VBZ does) (, ,) (SBAR-PRP (IN because) (, ,) (INTJ (UH uh)) (PRN (, ,) (S (NP-SBJ (PRP you)) (VP (VBP know))) (, ,)) (S (NP-SBJ (NP (DT the) (NNS things)) (PP-LOC (IN in) (NP (DT the) (NNS books)))) (VP (VBP seem) (ADJP-PRD (RB so) (JJ dead)) (PP (IN to) (NP (DT the) (NNS kids))) (PRN (, ,) (S (NP-SBJ (PRP you)) (VP (VBP know))) (, ,)) (SBAR-ADV (IN unless) (S (NP-SBJ (PRP they)) (VP (VBP 've) (ADVP (RB actually)) (VP (VP (VBN been) (ADVP-LOC-PRD (RB there))) (CC or) (NP-ETC (WP whatever)))))))))) (, ,) (-DFL- E_S))",47,112.95,119.81
sw06utt/sw_0605_2989.utt,2/sw2989,2989,34,sd,B,14,3,"{C because } I remember our family,   {D well, } [ [ we, +  we, ] +  we ] went everywhere.  /","because/RB I/PRP remember/VBP our/PRP$ family/NN ,/, well/UH ,/, we/PRP ,/, we/PRP ,/, we/PRP went/VBD everywhere/RB ./.","(S (SBAR-PRP (RB because) (S (NP-SBJ (PRP I)) (VP (VBP remember) (NP (PRP$ our) (NN family))))) (, ,) (INTJ (UH well)) (, ,) (EDITED (RM (-DFL- \[)) (EDITED (RM (-DFL- \[)) (NP-SBJ (PRP we)) (, ,) (IP (-DFL- \+))) (NP-SBJ (PRP we)) (, ,) (RS (-DFL- \])) (IP (-DFL- \+))) (NP-SBJ (PRP we)) (RS (-DFL- \])) (VP (VBD went) (ADVP-DIR (RB everywhere))) (. .) (-DFL- E_S))",48,119.81,123.47000000000001
sw06utt/sw_0605_2989.utt,2/sw2989,2989,35,sd,B,14,4,"{C And, } {F uh, } seeing New England  and, {F uh, } being on Plymouth Rock and stuff like  that [ was -- +","And/CC ,/, uh/UH ,/, seeing/VBG New/NNP England/NNP and/CC ,/, uh/UH ,/, being/VBG on/IN Plymouth/NNP Rock/NNP and/CC stuff/NN like/IN that/DT was/VBD --/:","(S (CC And) (, ,) (INTJ (UH uh)) (, ,) (S-NOM-SBJ (NP-SBJ (-NONE- *)) (VP (VP (VBG seeing) (NP (NNP New) (NNP England))) (CC and) (, ,) (INTJ (UH uh)) (, ,) (VP (VBG being) (PP-PRD (IN on) (NP (NNP Plymouth) (NNP Rock)))) (CC and) (NP-ETC (NP (NN stuff)) (PP (IN like) (NP (DT that)))))) (EDITED (RM (-DFL- \[)) (VP-UNF (VBD was)) (IP (-DFL- \+))) (ADVP (RB really)) (VP (VBD made) (RS (-DFL- \])) (S (NP-SBJ (DT the) (JJ whole) (NN thing)) (ADJP-PRD (RBR more) (, ,) (INTJ (UH uh)) (, ,) (JJ visual)))) (. .) (-DFL- E_S))",49,123.71,129.05
sw06utt/sw_0605_2989.utt,2/sw2989,2989,36,b,A,15,1,Yeah. /,Yeah/UH ./.,(INTJ (UH Yeah) (. .) (-DFL- E_S)),8,129.12,129.46
sw06utt/sw_0605_2989.utt,2/sw2989,2989,37,+,B,16,1,"-- really made ] the whole thing more, {F uh, } visual. /","--/: really/RB made/VBD the/DT whole/JJ thing/NN more/RBR ,/, uh/UH ,/, visual/JJ ./.","(S (CC And) (, ,) (INTJ (UH uh)) (, ,) (S-NOM-SBJ (NP-SBJ (-NONE- *)) (VP (VP (VBG seeing) (NP (NNP New) (NNP England))) (CC and) (, ,) (INTJ (UH uh)) (, ,) (VP (VBG being) (PP-PRD (IN on) (NP (NNP Plymouth) (NNP Rock)))) (CC and) (NP-ETC (NP (NN stuff)) (PP (IN like) (NP (DT that)))))) (EDITED (RM (-DFL- \[)) (VP-UNF (VBD was)) (IP (-DFL- \+))) (ADVP (RB really)) (VP (VBD made) (RS (-DFL- \])) (S (NP-SBJ (DT the) (JJ whole) (NN thing)) (ADJP-PRD (RBR more) (, ,) (INTJ (UH uh)) (, ,) (JJ visual)))) (. .) (-DFL- E_S))",49,129.75,132.83
sw06utt/sw_0605_2989.utt,2/sw2989,2989,38,b,A,17,1,Yes. /,Yes/UH ./.,(INTJ (UH Yes) (. .) (-DFL- E_S)),54,132.86,132.92000000000002
sw06utt/sw_0605_2989.utt,2/sw2989,2989,39,sd,B,18,1,"{C And } we could, {F uh, } read the things  in the history books and understand what they said, when it was like, [ we need food, +   we need to raise food ] quickly --","And/CC we/PRP could/MD ,/, uh/UH ,/, read/VB the/DT things/NNS in/IN the/DT history/NN books/NNS and/CC understand/VB what/WP they/PRP said/VBD ,/, when/WRB it/PRP was/VBD like/IN ,/, we/PRP need/VBP food/NN ,/, we/PRP need/VBP to/TO raise/VB food/NN quickly/RB --/:","(S (CC And) (NP-SBJ (PRP we)) (VP (MD could) (, ,) (INTJ (UH uh)) (, ,) (VP (VP (VB read) (NP (NP (DT the) (NNS things)) (PP (IN in) (NP (DT the) (NN history) (NNS books))))) (CC and) (VP (VB understand) (SBAR-NOM (WHNP-1 (WP what)) (S (NP-SBJ (PRP they)) (VP (VBD said) (NP (-NONE- *T*-1)) (, ,) (SBAR-TMP (WHADVP-3 (WRB when)) (S (NP-SBJ (PRP it)) (VP (VBD was) (INTJ (IN like)) (, ,) (S-SEZ (EDITED (RM (-DFL- \[)) (S (NP-SBJ (PRP we)) (VP (VBP need) (NP (NN food)))) (, ,) (IP (-DFL- \+))) (NP-SBJ-2 (PRP we)) (VP (VBP need) (S (NP-SBJ (-NONE- *-2)) (VP (TO to) (VP (VB raise) (NP (NN food)) (RS (-DFL- \])) (ADVP (RB quickly)) (SBAR-PRP (IN because) (S (NP-SBJ (DT this) (NN place)) (VP (VBZ gets) (ADJP-PRD (RB very) (JJ cold)) (ADVP-TMP (RB very) (RB soon)))))))))) (ADVP-TMP (-NONE- *T*-3))))))))))) (. .) (-DFL- E_S))",56,132.89,140.10999999999999
sw06utt/sw_0605_2989.utt,2/sw2989,2989,40,b,A,19,1,Yeah. /,Yeah/UH ./.,(INTJ (UH Yeah) (. .) (-DFL- E_S)),39,140.16,140.46
sw06utt/sw_0605_2989.utt,2/sw2989,2989,41,+,B,20,1,-- because this place gets very cold very soon. /,--/: because/IN this/DT place/NN gets/VBZ very/RB cold/JJ very/RB soon/RB ./.,"(S (CC And) (NP-SBJ (PRP we)) (VP (MD could) (, ,) (INTJ (UH uh)) (, ,) (VP (VP (VB read) (NP (NP (DT the) (NNS things)) (PP (IN in) (NP (DT the) (NN history) (NNS books))))) (CC and) (VP (VB understand) (SBAR-NOM (WHNP-1 (WP what)) (S (NP-SBJ (PRP they)) (VP (VBD said) (NP (-NONE- *T*-1)) (, ,) (SBAR-TMP (WHADVP-3 (WRB when)) (S (NP-SBJ (PRP it)) (VP (VBD was) (INTJ (IN like)) (, ,) (S-SEZ (EDITED (RM (-DFL- \[)) (S (NP-SBJ (PRP we)) (VP (VBP need) (NP (NN food)))) (, ,) (IP (-DFL- \+))) (NP-SBJ-2 (PRP we)) (VP (VBP need) (S (NP-SBJ (-NONE- *-2)) (VP (TO to) (VP (VB raise) (NP (NN food)) (RS (-DFL- \])) (ADVP (RB quickly)) (SBAR-PRP (IN because) (S (NP-SBJ (DT this) (NN place)) (VP (VBZ gets) (ADJP-PRD (RB very) (JJ cold)) (ADVP-TMP (RB very) (RB soon)))))))))) (ADVP-TMP (-NONE- *T*-3))))))))))) (. .) (-DFL- E_S))",56,140.43,142.53
sw06utt/sw_0605_2989.utt,2/sw2989,2989,42,b,A,21,1,"Yeah,  /","Yeah/UH ,/,","(INTJ (UH Yeah) (, ,) (-DFL- E_S))",28,143.02,143.3
sw06utt/sw_0605_2989.utt,2/sw2989,2989,43,sd,A,21,2,"we've, {F uh, }","we/PRP 've/VBP ,/, uh/UH ,/,","(S (NP-SBJ (PRP we)) (VP (VBP 've) (, ,) (INTJ (UH uh)) (, ,) (VP (VBN gone) (PP (IN through) (NP (DT that))) (, ,) (INTJ (UH uh)))) (, ,) (-DFL- E_S))",62,145.64,146.22
sw06utt/sw_0605_2989.utt,2/sw2989,2989,44,x,B,22,1,<Cough>.,,(INTJ (UH Right) (. .) (-DFL- E_S)),37,0.0,0.0
sw06utt/sw_0605_2989.utt,2/sw2989,2989,45,+,A,23,1,"<Throat_clearing> gone through that,  {F uh, }  /","gone/VBN through/IN that/DT ,/, uh/UH ,/,","(S (NP-SBJ (PRP we)) (VP (VBP 've) (, ,) (INTJ (UH uh)) (, ,) (VP (VBN gone) (PP (IN through) (NP (DT that))) (, ,) (INTJ (UH uh)))) (, ,) (-DFL- E_S))",62,147.0,148.20000000000002
sw06utt/sw_0605_2989.utt,2/sw2989,2989,46,sd,A,23,2,"I remember my parents didn't do all those type things,  /","I/PRP remember/VBP my/PRP$ parents/NNS did/VBD n't/RB do/VB all/PDT those/DT type/NN things/NNS ,/,","(S (NP-SBJ (PRP I)) (VP (VBP remember) (SBAR (-NONE- 0) (S (NP-SBJ (PRP$ my) (NNS parents)) (VP (VBD did) (RB n't) (VP (VB do) (NP (PDT all) (DT those) (NN type) (NNS things))))))) (, ,) (-DFL- E_S))",65,148.2,151.70000000000002
sw06utt/sw_0605_2989.utt,2/sw2989,2989,47,sd,A,23,3,{C and so } I made a  special effort with my children to do things like that.  /,and/CC so/RB I/PRP made/VBD a/DT special/JJ effort/NN with/IN my/PRP$ children/NNS to/TO do/VB things/NNS like/IN that/DT ./.,(S (CONJP (CC and) (RB so)) (NP-SBJ (PRP I)) (VP (VBD made) (NP (NP (DT a) (JJ special) (NN effort) (S (-NONE- *ICH*-1))) (PP (IN with) (NP (PRP$ my) (NNS children)))) (S-1 (NP-SBJ (-NONE- *)) (VP (TO to) (VP (VB do) (NP (NP (NNS things)) (PP (IN like) (NP (DT that)))))))) (. .) (-DFL- E_S)),66,151.7,155.26
sw06utt/sw_0605_2989.utt,2/sw2989,2989,48,sd,A,23,4,"{C And } even now with my  grandchildren, I feel it's a very important thing to be done. /","And/CC even/RB now/RB with/IN my/PRP$ grandchildren/NNS ,/, I/PRP feel/VBP it/PRP 's/BES a/DT very/RB important/JJ thing/NN to/TO be/VB done/VBN ./.","(S (CC And) (ADVP-TMP (RB even) (RB now)) (PP (IN with) (NP (PRP$ my) (NNS grandchildren))) (, ,) (NP-SBJ (PRP I)) (VP (VBP feel) (SBAR (-NONE- 0) (S (NP-SBJ (PRP it)) (VP (BES 's) (NP-PRD (NP (DT a) (ADJP (RB very) (JJ important)) (NN thing)) (SBAR (WHNP-1 (-NONE- 0)) (S (NP-SBJ-2 (-NONE- *T*-1)) (VP (TO to) (VP (VB be) (VP (VBN done) (NP (-NONE- *-2)))))))))))) (. .) (-DFL- E_S))",67,155.26,159.5
sw06utt/sw_0605_2989.utt,2/sw2989,2989,49,aa,B,24,1,"Right,  /","Right/UH ,/,","(INTJ (UH Right) (, ,) (-DFL- E_S))",69,159.99,160.41
sw06utt/sw_0605_2989.utt,2/sw2989,2989,50,sv,B,24,2,"because if, {F uh, } kids  don't look up to you, [ or, + or, ] [ ca-, + can't ] feel they can spend time with you, they're  going to find someone else -- /","because/IN if/IN ,/, uh/UH ,/, kids/NNS do/VBP n't/RB look/VB up/IN to/IN you/PRP ,/, or/CC ,/, or/CC ,/, ca/MD ,/, ca/MD n't/RB feel/VB they/PRP can/MD spend/VB time/NN with/IN you/PRP ,/, they/PRP 're/VBP going/VBG to/TO find/VB someone/NN else/RB --/:","(SBAR-PRP (IN because) (S (SBAR-ADV (IN if) (, ,) (INTJ (UH uh)) (, ,) (S (NP-SBJ (NNS kids)) (VP (VP (VBP do) (RB n't) (VP (VB look) (PP (IN up) (PP (IN to) (NP (PRP you)))))) (, ,) (EDITED (RM (-DFL- \[)) (CC or) (, ,) (IP (-DFL- \+))) (CC or) (, ,) (RS (-DFL- \])) (EDITED (RM (-DFL- \[)) (VP-UNF (MD ca-) (, ,) (IP (-DFL- \+)))) (VP (MD ca) (RB n't) (RS (-DFL- \])) (VP (VB feel) (SBAR (-NONE- 0) (S (NP-SBJ (PRP they)) (VP (MD can) (VP (VB spend) (NP (NN time)) (PP (IN with) (NP (PRP you)))))))))))) (, ,) (NP-SBJ-1 (PRP they)) (VP (VBP 're) (VP (VBG going) (S (NP-SBJ (-NONE- *-1)) (VP (TO to) (VP (VB find) (NP (NP (NN someone)) (ADVP (RB else))))))))) (-DFL- E_S))",70,160.71,166.89
sw06utt/sw_0605_2989.utt,2/sw2989,2989,51,b,A,25,1,Yeah. /,Yeah/UH ./.,(INTJ (UH Yeah) (. .) (-DFL- E_S)),51,166.92,167.11999999999998
sw06utt/sw_0605_2989.utt,2/sw2989,2989,52,sv,B,26,1,"-- {C and } {F uh, } {D you know, }  nowadays there's a lot of people out there that you don't want your kid [ to, + emulating ] or whatever. /","--/: and/CC uh/UH ,/, you/PRP know/VBP ,/, nowadays/RB there/EX 's/BES a/DT lot/NN of/IN people/NNS out/IN there/RB that/WDT you/PRP do/VBP n't/RB want/VB your/PRP$ kid/NN to/TO ,/, emulating/VBG or/CC whatever/WP ./.","(S (CC and) (INTJ (UH uh)) (PRN (, ,) (S (NP-SBJ (PRP you)) (VP (VBP know))) (, ,)) (ADVP-TMP (RB nowadays)) (NP-SBJ (EX there)) (VP (BES 's) (NP-PRD (NP (DT a) (NN lot)) (PP (IN of) (NP (NP (NNS people)) (PP (IN out) (ADVP (RB there))) (SBAR (WHNP-1 (WDT that)) (S (NP-SBJ (PRP you)) (VP (VBP do) (RB n't) (VP (VB want) (S (NP-SBJ (PRP$ your) (NN kid)) (EDITED (RM (-DFL- \[)) (VP-UNF (TO to)) (, ,) (IP (-DFL- \+))) (VP (VP (VBG emulating) (NP (-NONE- *T*-1))) (RS (-DFL- \])) (CC or) (NP-ETC (WP whatever)))))))))))) (. .) (-DFL- E_S))",74,167.09,173.32
sw06utt/sw_0605_2989.utt,2/sw2989,2989,53,b,A,27,1,Yeah.  /,Yeah/UH ./.,(INTJ (UH Yeah) (. .) (-DFL- E_S)),51,173.44,173.62
sw06utt/sw_0605_2989.utt,2/sw2989,2989,54,sd,A,27,2,"{D Well, } I can remember one  of the things I'm most proud of is, {F uh, } when my son was, - /","Well/UH ,/, I/PRP can/MD remember/VB one/CD of/IN the/DT things/NNS I/PRP 'm/VBP most/RBS proud/JJ of/IN is/VBZ ,/, uh/UH ,/, when/WRB my/PRP$ son/NN was/VBD ,/,","(S (INTJ (UH Well)) (, ,) (NP-SBJ (PRP I)) (VP (MD can) (VP (VB remember) (SBAR (-NONE- 0) (S (NP-SBJ (NP (CD one)) (PP (IN of) (NP (NP (DT the) (NNS things)) (SBAR (WHNP-1 (-NONE- 0)) (S (NP-SBJ (PRP I)) (VP (VBP 'm) (ADJP-PRD (RBS most) (JJ proud) (PP (IN of) (NP (-NONE- *T*-1)))))))))) (VP (VBZ is) (, ,) (INTJ (UH uh)) (, ,) (SBAR-PRD-TMP (WHADVP (WRB when)) (S (NP-SBJ (PRP$ my) (NN son)) (VP-UNF (VBD was))))))))) (, ,) (-DFL- N_S))",77,173.62,178.38
sw06utt/sw_0605_2989.utt,2/sw2989,2989,55,sd,A,27,3,"I think it was in the sixth grade,  /","I/PRP think/VBP it/PRP was/VBD in/IN the/DT sixth/JJ grade/NN ,/,","(S (NP-SBJ (PRP I)) (VP (VBP think) (SBAR (-NONE- 0) (S (NP-SBJ (PRP it)) (VP (VBD was) (PP-PRD (IN in) (NP (DT the) (JJ sixth) (NN grade))))))) (, ,) (-DFL- E_S))",78,178.52,180.0
sw06utt/sw_0605_2989.utt,2/sw2989,2989,56,sd,A,27,4,"they had to write [ a, +  a ] little brief autobiography of themselves,  and  about what they had done and  what they wanted to do,  /","they/PRP had/VBD to/TO write/VB a/DT ,/, a/DT little/JJ brief/JJ autobiography/NN of/IN themselves/PRP ,/, and/CC about/IN what/WP they/PRP had/VBD done/VBN and/CC what/WP they/PRP wanted/VBD to/TO do/VB ,/,","(S (NP-SBJ-1 (PRP they)) (VP (VBD had) (S (NP-SBJ (-NONE- *-1)) (VP (TO to) (VP (VB write) (EDITED (RM (-DFL- \[)) (NP-UNF (DT a)) (, ,) (IP (-DFL- \+))) (NP (NP (DT a) (RS (-DFL- \])) (JJ little) (JJ brief) (NN autobiography)) (PP (PP (IN of) (NP (PRP themselves))) (, ,) (CC and) (PP (IN about) (SBAR-NOM (SBAR (WHNP-2 (WP what)) (S (NP-SBJ (PRP they)) (VP (VBD had) (VP (VBN done) (NP (-NONE- *T*-2)))))) (CC and) (SBAR (WHNP-3 (WP what)) (S (NP-SBJ-4 (PRP they)) (VP (VBD wanted) (S (NP-SBJ (-NONE- *-4)) (VP (TO to) (VP (VB do) (NP (-NONE- *T*-3)))))))))))))))) (, ,) (-DFL- E_S))",79,180.68,188.14000000000001
sw06utt/sw_0605_2989.utt,2/sw2989,2989,57,sd,A,27,5,"{C and } I was  very proud when my son wrote that he wanted to, {F uh, } have a family and be able to help  coach little league and do things like his dad had done with him. /","and/CC I/PRP was/VBD very/RB proud/JJ when/WRB my/PRP$ son/NN wrote/VBD that/IN he/PRP wanted/VBD to/TO ,/, uh/UH ,/, have/VB a/DT family/NN and/CC be/VB able/JJ to/TO help/VB coach/VB little/JJ league/NN and/CC do/VB things/NNS like/IN his/PRP$ dad/NN had/VBD done/VBN with/IN him/PRP ./.","(S (CC and) (NP-SBJ (PRP I)) (VP (VBD was) (ADJP-PRD (RB very) (JJ proud)) (SBAR-TMP (WHADVP-4 (WRB when)) (S (NP-SBJ (PRP$ my) (NN son)) (VP (VBD wrote) (SBAR (IN that) (S (NP-SBJ-2 (PRP he)) (VP (VBD wanted) (S (NP-SBJ (-NONE- *-2)) (VP (TO to) (, ,) (INTJ (UH uh)) (, ,) (VP (VP (VB have) (NP (DT a) (NN family))) (CC and) (VP (VB be) (ADJP-PRD (JJ able) (S (NP-SBJ-1 (-NONE- *)) (VP (TO to) (VP (VB help) (S (NP-SBJ (-NONE- *-1)) (VP (VB coach) (NP (JJ little) (NN league))))))))) (CC and) (VP (VB do) (NP (NP (NNS things)) (SBAR (WHNP-3 (IN like)) (S (NP-SBJ (PRP$ his) (NN dad)) (VP (VBD had) (VP (VBN done) (NP (-NONE- *T*-3)) (PP (IN with) (NP (PRP him))))))))))))))) (ADVP-TMP (-NONE- *T*-4)))))) (. .) (-DFL- E_S))",80,188.14,197.94
sw06utt/sw_0605_2989.utt,2/sw2989,2989,58,x,B,28,1,<Laughter>.,,(INTJ (UH Yes) (. .) (-DFL- E_S)),54,0.0,0.0
sw06utt/sw_0605_2989.utt,2/sw2989,2989,59,sd,A,29,1,A real point of pride with me. /,A/DT real/JJ point/NN of/IN pride/NN with/IN me/PRP ./.,(NP (NP (DT A) (JJ real) (NN point)) (PP (IN of) (NP (NN pride))) (PP (IN with) (NP (PRP me))) (. .) (-DFL- E_S)),83,198.8,201.64
sw06utt/sw_0605_2989.utt,2/sw2989,2989,60,b,B,30,1,"Yeah,  /","Yeah/UH ,/,","(INTJ (UH Yeah) (, ,) (-DFL- E_S))",61,201.8,202.16000000000003
sw06utt/sw_0605_2989.utt,2/sw2989,2989,61,aa,B,30,2,that is nice. /,that/DT is/VBZ nice/JJ ./.,(S (NP-SBJ (DT that)) (VP (VBZ is) (ADJP-PRD (JJ nice))) (. .) (-DFL- E_S)),86,202.16,202.78
sw06utt/sw_0605_2989.utt,2/sw2989,2989,62,b,A,31,1,Yeah <cough>  /,Yeah/UH,(INTJ (UH Yeah) (-DFL- E_S)),88,203.06,203.26
sw06utt/sw_0605_2989.utt,2/sw2989,2989,63,sv,A,31,2,"{E excuse me, }  it sounds like we both have colds. /","excuse/VB me/PRP ,/, it/PRP sounds/VBZ like/IN we/PRP both/DT have/VBP colds/NNS ./.","(S (PRN (S-IMP (NP-SBJ (-NONE- *)) (VP (VB excuse) (NP (PRP me)))) (, ,)) (NP-SBJ (PRP it)) (VP (VBZ sounds) (SBAR (IN like) (S (NP-SBJ (NP (PRP we)) (NP (DT both))) (VP (VBP have) (NP (NNS colds)))))) (. .) (-DFL- E_S))",89,205.24,207.58
sw06utt/sw_0605_2989.utt,2/sw2989,2989,64,aa,B,32,1,"Yeah,  /","Yeah/UH ,/,","(INTJ (UH Yeah) (, ,) (-DFL- E_S))",61,207.86,208.38000000000002
sw06utt/sw_0605_2989.utt,2/sw2989,2989,65,sd,B,32,2,"[ {D well, } it's, +  {F um, } {D well, }  it's, ] {F uh, } ten o'clock here in Falls Church, Virginia. /","well/UH ,/, it/PRP 's/BES ,/, um/UH ,/, well/UH ,/, it/PRP 's/BES ,/, uh/UH ,/, ten/CD o'clock/RB here/RB in/IN Falls/NNP Church/NNP ,/, Virginia/NNP ./.","(S (EDITED (RM (-DFL- \[)) (S (INTJ (UH well)) (, ,) (NP-SBJ (PRP it)) (VP-UNF (BES 's))) (, ,) (IP (-DFL- \+))) (INTJ (UH um)) (, ,) (INTJ (UH well)) (, ,) (NP-SBJ (PRP it)) (VP (BES 's) (, ,) (RS (-DFL- \])) (INTJ (UH uh)) (, ,) (NP-PRD (CD ten) (RB o'clock)) (ADVP-LOC (RB here) (PP (IN in) (NP (NP (NNP Falls) (NNP Church)) (, ,) (NP (NNP Virginia)))))) (. .) (-DFL- E_S))",92,208.54,214.5
sw06utt/sw_0605_2989.utt,2/sw2989,2989,66,b,A,33,1,Oh. /,Oh/UH ./.,(INTJ (UH Oh) (. .) (-DFL- E_S)),94,214.62,214.76
sw06utt/sw_0605_2989.utt,2/sw2989,2989,67,sd,B,34,1,{C So } that the only reason I'm  home is because I'm home with a cold <laughter>. /,So/RB that/DT the/DT only/JJ reason/NN I/PRP 'm/VBP home/RB is/VBZ because/IN I/PRP 'm/VBP home/RB with/IN a/DT cold/NN ./.,(SBAR (RB So) (DT that) (S (NP-SBJ (NP (DT the) (JJ only) (NN reason)) (SBAR (WHADVP-1 (-NONE- 0)) (S (NP-SBJ (PRP I)) (VP (VBP 'm) (ADVP-LOC-PRD (RB home)) (ADVP-PRP (-NONE- *T*-1)))))) (VP (VBZ is) (SBAR-PRP-PRD (IN because) (S (NP-SBJ (PRP I)) (VP (VBP 'm) (ADVP-PRD-LOC (RB home)) (PP (IN with) (NP (DT a) (NN cold)))))))) (. .) (-DFL- E_S)),96,214.72,217.51999999999998
sw06utt/sw_0605_2989.utt,2/sw2989,2989,68,%,A,35,1,"{F Oh, } {D well, } we're -/","Oh/UH ,/, well/UH ,/, we/PRP 're/VBP","(S (INTJ (UH Oh)) (, ,) (INTJ (UH well)) (, ,) (NP-SBJ (PRP we)) (VP-UNF (VBP 're)) (-DFL- N_S))",98,217.56,217.88
sw06utt/sw_0605_2989.utt,2/sw2989,2989,69,sd(^q),B,36,1,"{C And } the wife says, {D Well, }  you need something to do,  /","And/CC the/DT wife/NN says/VBZ ,/, Well/UH ,/, you/PRP need/VBP something/NN to/TO do/VB ,/,","(S (CC And) (NP-SBJ (DT the) (NN wife)) (VP (VBZ says) (, ,) (S-SEZ (INTJ (UH Well)) (, ,) (NP-SBJ (PRP you)) (VP (VBP need) (NP (NP (NN something)) (SBAR (WHNP-1 (-NONE- 0)) (S (NP-SBJ (-NONE- *)) (VP (TO to) (VP (VB do) (NP (-NONE- *T*-1)))))))))) (, ,) (-DFL- E_S))",100,217.84,219.76
sw06utt/sw_0605_2989.utt,2/sw2989,2989,70,^q,B,36,2,talk to a guy on the phone. /,talk/VB to/IN a/DT guy/NN on/IN the/DT phone/NN ./.,(S-IMP (NP-SBJ (-NONE- *)) (VP (VB talk) (PP (IN to) (NP (NP (DT a) (NN guy)) (PP (IN on) (NP (DT the) (NN phone)))))) (. .) (-DFL- E_S)),101,219.76,220.67999999999998
sw06utt/sw_0605_2989.utt,2/sw2989,2989,71,b,A,37,1,"Yeah,  /","Yeah/UH ,/,","(INTJ (UH Yeah) (, ,) (-DFL- E_S))",85,220.82,221.12
sw06utt/sw_0605_2989.utt,2/sw2989,2989,72,sd,A,37,2,"{D well, } I'm sitting here on  the ninth floor of an office building on the north side of Dallas, Texas. /","well/UH ,/, I/PRP 'm/VBP sitting/VBG here/RB on/IN the/DT ninth/JJ floor/NN of/IN an/DT office/NN building/NN on/IN the/DT north/JJ side/NN of/IN Dallas/NNP ,/, Texas/NNP ./.","(S (INTJ (UH well)) (, ,) (NP-SBJ (PRP I)) (VP (VBP 'm) (VP (VBG sitting) (ADVP-LOC (RB here) (PP (IN on) (NP (NP (DT the) (JJ ninth) (NN floor)) (PP (IN of) (NP (NP (DT an) (NN office) (NN building)) (PP-LOC (IN on) (NP (NP (DT the) (JJ north) (NN side)) (PP (IN of) (NP (NP (NNP Dallas)) (, ,) (NP (NNP Texas))))))))))))) (. .) (-DFL- E_S))",104,221.36,226.14
sw06utt/sw_0605_2989.utt,2/sw2989,2989,73,x,B,38,1,<Laughter>.,,"(S (CC and) (INTJ (UH uh)) (PRN (, ,) (S (NP-SBJ (PRP you)) (VP (VBP know))) (, ,)) (ADVP-TMP (RB nowadays)) (NP-SBJ (EX there)) (VP (BES 's) (NP-PRD (NP (DT a) (NN lot)) (PP (IN of) (NP (NP (NNS people)) (PP (IN out) (ADVP (RB there))) (SBAR (WHNP-1 (WDT that)) (S (NP-SBJ (PRP you)) (VP (VBP do) (RB n't) (VP (VB want) (S (NP-SBJ (PRP$ your) (NN kid)) (EDITED (RM (-DFL- \[)) (VP-UNF (TO to)) (, ,) (IP (-DFL- \+))) (VP (VP (VBG emulating) (NP (-NONE- *T*-1))) (RS (-DFL- \])) (CC or) (NP-ETC (WP whatever)))))))))))) (. .) (-DFL- E_S))",74,0.0,0.0
sw06utt/sw_0605_2989.utt,2/sw2989,2989,74,sd,A,39,1,"{D So, } we're kind of far apart here. /","So/RB ,/, we/PRP 're/VBP kind/RB of/RB far/RB apart/RB here/RB ./.","(S (INTJ (UH So)) (, ,) (NP-SBJ (PRP we)) (VP (VBP 're) (ADVP (RB kind) (RB of)) (ADVP-LOC-PRD (RB far) (RB apart)) (ADVP-LOC (RB here))) (. .) (-DFL- E_S))",107,226.14,228.20000000000002
sw06utt/sw_0605_2989.utt,2/sw2989,2989,75,b,B,40,1,Yeah <cough>. /,Yeah/UH ./.,(INTJ (UH Yeah) (. .) (-DFL- E_S)),109,228.34,228.74
sw06utt/sw_0605_2989.utt,2/sw2989,2989,76,sd^t,A,41,1,"This is a very interesting program [ I, + I ] heard about here on this,  /","This/DT is/VBZ a/DT very/RB interesting/JJ program/NN I/PRP ,/, I/PRP heard/VBD about/IN here/RB on/IN this/DT ,/,","(S (NP-SBJ (DT This)) (VP (VBZ is) (NP-PRD (NP (DT a) (ADJP (RB very) (JJ interesting)) (NN program)) (SBAR (WHNP-1 (-NONE- 0)) (S (EDITED (RM (-DFL- \[)) (NP-SBJ (PRP I)) (, ,) (IP (-DFL- \+))) (NP-SBJ (PRP I)) (RS (-DFL- \])) (VP (VBD heard) (PP (IN about) (NP (-NONE- *T*-1))) (ADVP-LOC (RB here) (PP (IN on) (NP (DT this))))))))) (, ,) (-DFL- E_S))",111,229.46,234.42
sw06utt/sw_0605_2989.utt,2/sw2989,2989,77,sd^t,A,41,2,"{C and } when I signed up for  it, it, {F uh, } looked like  it could [ be, +  make ] a real contribution in participating. /","and/CC when/WRB I/PRP signed/VBD up/RP for/IN it/PRP ,/, it/PRP ,/, uh/UH ,/, looked/VBD like/IN it/PRP could/MD be/VB ,/, make/VB a/DT real/JJ contribution/NN in/IN participating/VBG ./.","(S (CC and) (SBAR-TMP (WHADVP-1 (WRB when)) (S (NP-SBJ (PRP I)) (VP (VBD signed) (PRT (RP up)) (PP (IN for) (NP (PRP it))) (ADVP-TMP (-NONE- *T*-1))))) (, ,) (NP-SBJ (PRP it)) (, ,) (INTJ (UH uh)) (, ,) (VP (VBD looked) (SBAR (IN like) (S (NP-SBJ (PRP it)) (VP (MD could) (EDITED (RM (-DFL- \[)) (VP (VB be)) (, ,) (IP (-DFL- \+))) (VP (VB make) (RS (-DFL- \])) (NP (NP (DT a) (JJ real) (NN contribution)) (PP (IN in) (S-NOM (NP-SBJ (-NONE- *)) (VP (VBG participating)))))))))) (. .) (-DFL- E_S))",112,234.42,241.64000000000001
sw06utt/sw_0605_2989.utt,2/sw2989,2989,78,aa,B,42,1,Right.  /,Right/UH ./.,(INTJ (UH Right) (. .) (-DFL- E_S)),114,242.14,242.57999999999998
sw06utt/sw_0605_2989.utt,2/sw2989,2989,79,aa,B,42,2,"Yeah,  /","Yeah/UH ,/,","(INTJ (UH Yeah) (, ,) (-DFL- E_S))",85,242.76,242.98
sw06utt/sw_0605_2989.utt,2/sw2989,2989,80,sd,B,42,3,I'm an electrical engineer by trade --,I/PRP 'm/VBP an/DT electrical/JJ engineer/NN by/IN trade/NN --/:,"(S (NP-SBJ (PRP I)) (VP (VBP 'm) (NP-PRD (DT an) (JJ electrical) (NN engineer)) (PP (IN by) (NP (NN trade))) (INTJ (UH uh)) (, ,) (ADVP-LOC (RB here) (PP (IN in) (NP (NNP Virginia))))) (. .) (-DFL- E_S))",116,243.0,244.62
sw06utt/sw_0605_2989.utt,2/sw2989,2989,81,b,A,43,1,Yeah. /,Yeah/UH ./.,(INTJ (UH Yeah) (. .) (-DFL- E_S)),109,244.65,244.75
sw06utt/sw_0605_2989.utt,2/sw2989,2989,82,+,B,44,1,"-- {F uh, } here in Virginia.  /","--/: uh/UH ,/, here/RB in/IN Virginia/NNP ./.","(S (NP-SBJ (PRP I)) (VP (VBP 'm) (NP-PRD (DT an) (JJ electrical) (NN engineer)) (PP (IN by) (NP (NN trade))) (INTJ (UH uh)) (, ,) (ADVP-LOC (RB here) (PP (IN in) (NP (NNP Virginia))))) (. .) (-DFL- E_S))",116,245.76,246.78
sw06utt/sw_0605_2989.utt,2/sw2989,2989,83,sd,B,44,2,"Likewise, [ we, +  {F uh, } we ] do some projects every now and then.  /","Likewise/RB ,/, we/PRP ,/, uh/UH ,/, we/PRP do/VBP some/DT projects/NNS every/DT now/RB and/CC then/RB ./.","(S (ADVP (RB Likewise)) (, ,) (EDITED (RM (-DFL- \[)) (NP-SBJ (PRP we)) (, ,) (IP (-DFL- \+))) (INTJ (UH uh)) (, ,) (NP-SBJ (PRP we)) (RS (-DFL- \])) (VP (VBP do) (NP (DT some) (NNS projects)) (ADVP-TMP (DT every) (RB now) (CC and) (RB then))) (. .) (-DFL- E_S))",120,247.52,252.0
sw06utt/sw_0605_2989.utt,2/sw2989,2989,84,sd,B,44,3,"We like to get support from, {F uh, }  [ other, + other ] companies as well. /","We/PRP like/VBP to/TO get/VB support/NN from/IN ,/, uh/UH ,/, other/JJ ,/, other/JJ companies/NNS as/IN well/RB ./.","(S (NP-SBJ-1 (PRP We)) (VP (VBP like) (S (NP-SBJ (-NONE- *-1)) (VP (TO to) (VP (VB get) (NP (NP (NN support)) (PP (IN from) (, ,) (INTJ (UH uh)) (, ,) (EDITED (RM (-DFL- \[)) (NP-UNF (JJ other)) (, ,) (IP (-DFL- \+))) (NP (JJ other) (RS (-DFL- \])) (NNS companies)))) (ADVP (IN as) (RB well)))))) (. .) (-DFL- E_S))",121,252.0,255.70000000000002
sw06utt/sw_0605_2989.utt,2/sw2989,2989,85,b,A,45,1,Yeah.  /,Yeah/UH ./.,(INTJ (UH Yeah) (. .) (-DFL- E_S)),109,256.69,256.79
sw06utt/sw_0605_2989.utt,2/sw2989,2989,86,sd,A,45,2,I'm an accountant presently  working as a contractor liquidating a failed savings and loan <laughter>. /,I/PRP 'm/VBP an/DT accountant/NN presently/RB working/VBG as/IN a/DT contractor/NN liquidating/VBG a/DT failed/JJ savings/NNS and/CC loan/NN ./.,(S (NP-SBJ (PRP I)) (VP (VBP 'm) (NP-PRD (NP (DT an) (NN accountant)) (ADVP-TMP (RB presently)) (VP (VBG working) (PP (IN as) (NP (NP (DT a) (NN contractor)) (VP (VBG liquidating) (NP (DT a) (JJ failed) (NNS savings) (CC and) (NN loan)))))))) (. .) (-DFL- E_S)),124,257.17,262.35
sw06utt/sw_0605_2989.utt,2/sw2989,2989,87,x,B,46,1,<Laughter>.,,(SBAR (RB So) (DT that) (S (NP-SBJ (NP (DT the) (JJ only) (NN reason)) (SBAR (WHADVP-1 (-NONE- 0)) (S (NP-SBJ (PRP I)) (VP (VBP 'm) (ADVP-LOC-PRD (RB home)) (ADVP-PRP (-NONE- *T*-1)))))) (VP (VBZ is) (SBAR-PRP-PRD (IN because) (S (NP-SBJ (PRP I)) (VP (VBP 'm) (ADVP-PRD-LOC (RB home)) (PP (IN with) (NP (DT a) (NN cold)))))))) (. .) (-DFL- E_S)),96,0.0,0.0
sw06utt/sw_0605_2989.utt,2/sw2989,2989,88,sd,A,47,1,"{D So, } Trying to work myself out of a job <laughter>. /","So/RB ,/, Trying/VBG to/TO work/VB myself/PRP out/RP of/IN a/DT job/NN ./.","(FRAG (INTJ (UH So)) (, ,) (VP (VBG Trying) (S (NP-SBJ (-NONE- *)) (VP (TO to) (VP (VB work) (NP (PRP myself)) (PP (RP out) (PP (IN of) (NP (DT a) (NN job)))))))) (. .) (-DFL- E_S))",127,262.77,266.83
sw06utt/sw_0605_2989.utt,2/sw2989,2989,89,x,B,48,1,<Laughter>.,,"(S (CC And) (NP-SBJ (DT the) (NN wife)) (VP (VBZ says) (, ,) (S-SEZ (INTJ (UH Well)) (, ,) (NP-SBJ (PRP you)) (VP (VBP need) (NP (NP (NN something)) (SBAR (WHNP-1 (-NONE- 0)) (S (NP-SBJ (-NONE- *)) (VP (TO to) (VP (VB do) (NP (-NONE- *T*-1)))))))))) (, ,) (-DFL- E_S))",100,0.0,0.0
sw06utt/sw_0605_2989.utt,2/sw2989,2989,90,sd,A,49,1,"{C But, } it's been an interesting,  {F uh, } roughly, {F oh, } nine months here,  /","But/CC ,/, it/PRP 's/HVS been/VBN an/DT interesting/JJ ,/, uh/UH ,/, roughly/RB ,/, oh/UH ,/, nine/CD months/NNS here/RB ,/,","(S (CC But) (, ,) (NP-SBJ (PRP it)) (VP (HVS 's) (VP (VBN been) (NP-PRD (DT an) (JJ interesting) (, ,) (INTJ (UH uh)) (, ,) (ADVP (RB roughly)) (, ,) (INTJ (UH oh)) (, ,) (CD nine) (NNS months)) (ADVP-LOC (RB here)))) (, ,) (-DFL- E_S))",130,267.15,272.51
sw06utt/sw_0605_2989.utt,2/sw2989,2989,91,sd,A,49,2,"{C and, } {F uh } --","and/CC ,/, uh/UH --/:","(S (CC and) (, ,) (INTJ (UH uh)) (ADVP (RB again)) (, ,) (NP-SBJ (DT this)) (VP (VBZ is) (NP-PRD (PRP$ our) (NN home) (NN area))) (. .) (-DFL- E_S))",131,272.51,272.75
sw06utt/sw_0605_2989.utt,2/sw2989,2989,92,b,B,50,1,Oh. /,Oh/UH ./.,(INTJ (UH Oh) (. .) (-DFL- E_S)),133,272.72,272.86
sw06utt/sw_0605_2989.utt,2/sw2989,2989,93,+,A,51,1,"-- {D again, } this is our home area.  /","--/: again/RB ,/, this/DT is/VBZ our/PRP$ home/NN area/NN ./.","(S (CC and) (, ,) (INTJ (UH uh)) (ADVP (RB again)) (, ,) (NP-SBJ (DT this)) (VP (VBZ is) (NP-PRD (PRP$ our) (NN home) (NN area))) (. .) (-DFL- E_S))",131,273.13,274.65000000000003
sw06utt/sw_0605_2989.utt,2/sw2989,2989,94,sd,A,51,2,"We've lived here about seventeen years,  /","We/PRP 've/VBP lived/VBN here/RB about/RB seventeen/CD years/NNS ,/,","(S (NP-SBJ (PRP We)) (VP (VBP 've) (VP (VBN lived) (ADVP-LOC (RB here)) (NP-TMP (QP (RB about) (CD seventeen)) (NNS years)))) (, ,) (-DFL- E_S))",135,274.67,276.75
sw06utt/sw_0605_2989.utt,2/sw2989,2989,95,%,A,51,3,"{C and } it's, {F uh, } - /","and/CC it/PRP 's/BES ,/, uh/UH ,/,","(S (CC and) (NP-SBJ (PRP it)) (VP-UNF (BES 's) (, ,) (INTJ (UH uh))) (, ,) (-DFL- N_S))",136,276.75,277.57
sw06utt/sw_0605_2989.utt,2/sw2989,2989,96,sd,A,51,4,we enjoy living here.  /,we/PRP enjoy/VBP living/VBG here/RB ./.,(S (NP-SBJ-1 (PRP we)) (VP (VBP enjoy) (S (NP-SBJ (-NONE- *-1)) (VP (VBG living) (ADVP-LOC (RB here))))) (. .) (-DFL- E_S)),137,278.09,279.34999999999997
sw06utt/sw_0605_2989.utt,2/sw2989,2989,97,sd,A,51,5,"It's where we originally started out,  /","It/PRP 's/BES where/WRB we/PRP originally/RB started/VBD out/RP ,/,","(S (NP-SBJ (PRP It)) (VP (BES 's) (SBAR-LOC-PRD (WHADVP-1 (WRB where)) (S (NP-SBJ (PRP we)) (ADVP (RB originally)) (VP (VBD started) (PRT (RP out)) (ADVP-LOC (-NONE- *T*-1)))))) (, ,) (-DFL- E_S))",138,279.35,281.39
sw06utt/sw_0605_2989.utt,2/sw2989,2989,98,sd,A,51,6,{C and } we've lived up north for a while in Chicago  and over in Tennessee.  /,and/CC we/PRP 've/VBP lived/VBN up/IN north/RB for/IN a/DT while/NN in/IN Chicago/NNP and/CC over/IN in/IN Tennessee/NNP ./.,(S (CC and) (NP-SBJ (PRP we)) (VP (VBP 've) (VP (VBN lived) (PP-LOC (IN up) (ADVP (RB north))) (PP-TMP (IN for) (NP (DT a) (NN while))) (PP (PP-LOC (IN in) (NP (NNP Chicago))) (CC and) (PP (IN over) (PP (IN in) (NP (NNP Tennessee))))))) (. .) (-DFL- E_S)),139,281.39,284.79
sw06utt/sw_0605_2989.utt,2/sw2989,2989,99,sd,A,51,7,"{C So, } wound up back about two hundred miles [ aware, +   away ] from where we started out. /","So/RB ,/, wound/VBD up/RP back/RB about/RB two/CD hundred/CD miles/NNS aware/JJ ,/, away/RB from/IN where/WRB we/PRP started/VBD out/RP ./.","(S (RB So) (, ,) (NP-SBJ (-NONE- *)) (VP (VBD wound) (PRT (RP up)) (ADVP-LOC (RB back)) (ADVP-LOC (NP (QP (RB about) (CD two) (CD hundred)) (NNS miles)) (EDITED (RM (-DFL- \[)) (ADJP (JJ aware)) (, ,) (IP (-DFL- \+))) (RB away) (RS (-DFL- \])) (PP (IN from) (SBAR (WHADVP-1 (WRB where)) (S (NP-SBJ (PRP we)) (VP (VBD started) (PRT (RP out)) (ADVP-LOC (-NONE- *T*-1)))))))) (. .) (-DFL- E_S))",140,284.79,289.07000000000005
sw06utt/sw_0605_2989.utt,2/sw2989,2989,100,b,B,52,1,Yep <laughter>. /,Yep/UH ./.,(INTJ (UH Yep) (. .) (-DFL- E_S)),142,289.42,289.66
sw06utt/sw_0605_2989.utt,2/sw2989,2989,101,sd,A,53,1,"{D Well, } {F uh, } that's about  all I can think to talk about right now.  /","Well/UH ,/, uh/UH ,/, that/DT 's/BES about/RB all/DT I/PRP can/MD think/VB to/TO talk/VB about/IN right/RB now/RB ./.","(S (INTJ (UH Well)) (, ,) (INTJ (UH uh)) (, ,) (NP-SBJ (DT that)) (VP (BES 's) (ADVP (RB about)) (NP-PRD (NP (DT all)) (SBAR (WHNP-2 (-NONE- 0)) (S (NP-SBJ-1 (PRP I)) (VP (MD can) (VP (VB think) (S (NP-SBJ (-NONE- *-1)) (VP (TO to) (VP (VB talk) (PP (IN about) (NP (-NONE- *T*-2))) (ADVP-TMP (RB right) (RB now))))))))))) (. .) (-DFL- E_S))",144,291.52,294.52
sw06utt/sw_0605_2989.utt,2/sw2989,2989,102,fc,A,53,2,It's been a pleasure talking with you. /,It/PRP 's/HVS been/VBN a/DT pleasure/NN talking/VBG with/IN you/PRP ./.,(S (NP-SBJ (NP (PRP It)) (S (-NONE- *EXP*-1))) (VP (HVS 's) (VP (VBN been) (NP-PRD (DT a) (NN pleasure)) (S-1 (NP-SBJ (-NONE- *)) (VP (VBG talking) (PP (IN with) (NP (PRP you))))))) (. .) (-DFL- E_S)),145,294.52,296.04
sw06utt/sw_0605_2989.utt,2/sw2989,2989,103,fc,B,54,1,Okay. /,Okay/UH ./.,(INTJ (UH Okay) (. .) (-DFL- E_S)),147,296.26,296.71999999999997
sw06utt/sw_0605_2989.utt,2/sw2989,2989,104,ft,A,55,1,Thank you. /,Thank/VB you/PRP ./.,(S (NP-SBJ (-NONE- *)) (VP (VB Thank) (NP (PRP you))) (. .) (-DFL- E_S)),149,296.74,297.26
sw06utt/sw_0605_2989.utt,2/sw2989,2989,105,bd,B,56,1,Right. /,Right/UH ./.,(INTJ (UH Right) (. .) (-DFL- E_S)),151,297.44,297.71999999999997
sw06utt/sw_0605_2989.utt,2/sw2989,2989,106,fc,A,57,1,Bye. /,Bye/UH ./.,(INTJ (UH Bye) (. .) (-DFL- E_S)),153,297.74,297.96000000000004
sw06utt/sw_0605_2989.utt,2/sw2989,2989,107,fc,B,58,1,Bye-bye. /,Bye-bye/UH ./.,(INTJ (UH Bye-bye) (. .) (-DFL- E_S)),155,298.06,298.42
