swda_filename,ptb_basename,conversation_no,transcript_index,act_tag,caller,utterance_index,subutterance_index,text,pos,trees,ptb_treenumbers,start_ts,end_ts
sw07utt/sw_0789_2999.utt,2/sw2999,2999,0,o,A,1,1,Okay. /,Okay/UH ./.,,,1.24,1.44
sw07utt/sw_0789_2999.utt,2/sw2999,2999,1,fp,B,2,1,Hi.  /,Hi/UH ./.,,,1.35,1.6500000000000001
sw07utt/sw_0789_2999.utt,2/sw2999,2999,2,qy,B,2,2,Do you have lots of credit cards <laughter>? /,Do/VBP you/PRP have/VB lots/NNS of/IN credit/NN cards/NNS ?/.,,,1.65,3.09
sw07utt/sw_0789_2999.utt,2/sw2999,2999,3,ny,A,3,1,"Yeah,  /","Yeah/UH ,/,",,,3.62,3.88
sw07utt/sw_0789_2999.utt,2/sw2999,2999,4,sd^e,A,3,2,"[ we, + {D well, } we ]  have quite a few  /","we/PRP ,/, well/UH ,/, we/PRP have/VBP quite/PDT a/DT few/JJ",,,3.94,5.3999999999999995
sw07utt/sw_0789_2999.utt,2/sw2999,2999,5,sd,A,3,3,{C but } we don't really use them a lot.  /,but/CC we/PRP do/VBP n't/RB really/RB use/VB them/PRP a/DT lot/NN ./.,,,5.4,6.66
sw07utt/sw_0789_2999.utt,2/sw2999,2999,6,sd,A,3,4,"[ We have, + {D well, } we like ] a lot of gasoline credit cards,","We/PRP have/VBP ,/, well/UH ,/, we/PRP like/VBP a/DT lot/NN of/IN gasoline/NN credit/NN cards/NNS ,/,",,,6.68,9.760000000000002
sw07utt/sw_0789_2999.utt,2/sw2999,2999,7,b,B,4,1,Uh-huh. /,Uh-huh/UH ./.,,,9.65,9.89
sw07utt/sw_0789_2999.utt,2/sw2999,2999,8,+,A,5,1,"because we like to be able to stop, {D you know, }  when we're traveling and  stuff wherever there's a station,  /","because/IN we/PRP like/VBP to/TO be/VB able/JJ to/TO stop/VB ,/, you/PRP know/VBP ,/, when/WRB we/PRP 're/VBP traveling/VBG and/CC stuff/NN wherever/WRB there/EX 's/BES a/DT station/NN ,/,",,,10.0,13.860000000000001
sw07utt/sw_0789_2999.utt,2/sw2999,2999,9,sd,A,5,2,"{C but } as far as like  MasterCard and Visa, we don't use those too often.  /","but/CC as/RB far/RB as/IN like/UH MasterCard/NNP and/CC Visa/NNP ,/, we/PRP do/VBP n't/RB use/VB those/DT too/RB often/RB ./.",,,13.86,18.119999999999997
sw07utt/sw_0789_2999.utt,2/sw2999,2999,10,qo,A,5,3,What about you? /,What/WP about/IN you/PRP ?/.,,,19.02,19.62
sw07utt/sw_0789_2999.utt,2/sw2999,2999,11,sd,B,6,1,"<TV> {F Um, } I used to have a ton of gas credit cards,  /","Um/UH ,/, I/PRP used/VBD to/TO have/VB a/DT ton/NN of/IN gas/NN credit/NN cards/NNS ,/,",,,20.27,23.89
sw07utt/sw_0789_2999.utt,2/sw2999,2999,12,sd,B,6,2,"{C and } now I have one or  two of them,  /","and/CC now/RB I/PRP have/VBP one/CD or/CC two/CD of/IN them/PRP ,/,",,,23.89,24.849999999999998
sw07utt/sw_0789_2999.utt,2/sw2999,2999,13,sd,B,6,3,{C but } I think I've even let some of them expire.  /,but/CC I/PRP think/VBP I/PRP 've/VBP even/RB let/VBN some/DT of/IN them/PRP expire/VB ./.,,,24.85,26.55
sw07utt/sw_0789_2999.utt,2/sw2999,2999,14,sd,B,6,4,{C But } I was living out of the country for a while  /,But/CC I/PRP was/VBD living/VBG out/IN of/IN the/DT country/NN for/IN a/DT while/NN,,,26.87,29.15
sw07utt/sw_0789_2999.utt,2/sw2999,2999,15,sd,B,6,5,{C so } I wasn't using them too much -- /,so/RB I/PRP was/VBD n't/RB using/VBG them/PRP too/RB much/JJ --/:,,,29.15,30.509999999999998
sw07utt/sw_0789_2999.utt,2/sw2999,2999,16,b,A,7,1,Uh-huh. /,Uh-huh/UH ./.,,,30.76,30.96
sw07utt/sw_0789_2999.utt,2/sw2999,2999,17,sd,B,8,1,-- {C and } I don't drive that much.  /,--/: and/CC I/PRP do/VBP n't/RB drive/VB that/DT much/JJ ./.,,,30.87,31.65
sw07utt/sw_0789_2999.utt,2/sw2999,2999,18,sd,B,8,2,"{C But }  I have, {D you know, } MasterCard and Visa (( as you know, ))   /","But/CC I/PRP have/VBP ,/, you/PRP know/VBP ,/, MasterCard/NNP and/CC Visa/NNP as/IN you/PRP know/VBP ,/,",,,31.65,34.69
sw07utt/sw_0789_2999.utt,2/sw2999,2999,19,sd,B,8,3,I have a MasterCard and an American Express now.  /,I/PRP have/VBP a/DT MasterCard/NNP and/CC an/DT American/NNP Express/NNP now/RB ./.,,,34.97,37.169999999999995
sw07utt/sw_0789_2999.utt,2/sw2999,2999,20,sd,B,8,4,I got rid of the Visa because it was getting out of hand having fifteen million <laughter> cards. /,I/PRP got/VBD rid/VBN of/IN the/DT Visa/NNP because/IN it/PRP was/VBD getting/VBG out/IN of/IN hand/NN having/VBG fifteen/CD million/CD cards/NNS ./.,,,37.17,40.43
sw07utt/sw_0789_2999.utt,2/sw2999,2999,21,b,A,9,1,Right. /,Right/UH ./.,,,40.52,40.86000000000001
sw07utt/sw_0789_2999.utt,2/sw2999,2999,22,sd,B,10,1,"{C But, } as long as, - /","But/CC ,/, as/RB long/RB as/IN ,/,",,,41.05,42.37
sw07utt/sw_0789_2999.utt,2/sw2999,2999,23,sd,B,10,2,"{D like } my MasterCard  is, {F um, } free as long as you spend (( about, {A I don't know } )) three thousand dollars a year or  something like that. /","like/IN my/PRP$ MasterCard/NNP is/VBZ ,/, um/UH ,/, free/JJ as/RB long/RB as/IN you/PRP spend/VBP about/RB ,/, I/PRP do/VBP n't/RB know/VB three/CD thousand/CD dollars/NNS a/DT year/NN or/CC something/NN like/IN that/DT ./.",,,42.67,48.53
sw07utt/sw_0789_2999.utt,2/sw2999,2999,24,b,A,11,1,Uh-huh. /,Uh-huh/UH ./.,,,48.62,48.8
sw07utt/sw_0789_2999.utt,2/sw2999,2999,25,sd,B,12,1,"{C And so, } I tend to buy almost all major  purchases on a credit card,","And/CC so/RB ,/, I/PRP tend/VBP to/TO buy/VB almost/RB all/DT major/JJ purchases/NNS on/IN a/DT credit/NN card/NN ,/,",,,49.21,52.61
sw07utt/sw_0789_2999.utt,2/sw2999,2999,26,b,A,13,1,Yeah. /,Yeah/UH ./.,,,52.9,53.12
sw07utt/sw_0789_2999.utt,2/sw2999,2999,27,+,B,14,1,when I have the choice.  /,when/WRB I/PRP have/VBP the/DT choice/NN ./.,,,53.03,53.769999999999996
sw07utt/sw_0789_2999.utt,2/sw2999,2999,28,sd,B,14,2,"{C And, } {F um, } I used to  even use it for my grocery shopping and stuff.  /","And/CC ,/, um/UH ,/, I/PRP used/VBD to/TO even/RB use/NN it/PRP for/IN my/PRP$ grocery/NN shopping/NN and/CC stuff/NN ./.",,,54.47,58.69
sw07utt/sw_0789_2999.utt,2/sw2999,2999,29,sd,B,14,3,The stores around here don't let  you do it too much. /,The/DT stores/NNS around/IN here/RB do/VBP n't/RB let/VB you/PRP do/VB it/PRP too/RB much/JJ ./.,,,58.83,60.73
sw07utt/sw_0789_2999.utt,2/sw2999,2999,30,bh,A,15,1,"{F Oh, } really? /","Oh/UH ,/, really/UH ?/.",,,60.88,61.42
sw07utt/sw_0789_2999.utt,2/sw2999,2999,31,sd,B,16,1,{C And so } I don't.  /,And/CC so/RB I/PRP do/VBP n't/RB ./.,,,61.33,61.97
sw07utt/sw_0789_2999.utt,2/sw2999,2999,32,sd,B,16,2,{C But } I was living in  France  /,But/CC I/PRP was/VBD living/VBG in/IN France/NNP,,,62.43,63.55
sw07utt/sw_0789_2999.utt,2/sw2999,2999,33,sd,B,16,3,"{C and } there you pay for everything by credit card, /","and/CC there/EX you/PRP pay/VBP for/IN everything/NN by/IN credit/NN card/NN ,/,",,,63.55,65.27
sw07utt/sw_0789_2999.utt,2/sw2999,2999,34,b,A,17,1,Huh. /,Huh/UH ./.,,,65.44,65.6
sw07utt/sw_0789_2999.utt,2/sw2999,2999,35,sd,B,18,1,{C but } it's not really a credit card <baby_crying>. /,but/CC it/PRP 's/BES not/RB really/RB a/DT credit/NN card/NN ./.,,,65.51,66.55
sw07utt/sw_0789_2999.utt,2/sw2999,2999,36,qy,A,19,1,"{F Oh, } is it like an automatic debit  /","Oh/UH ,/, is/VBZ it/PRP like/IN an/DT automatic/JJ debit/NN",,,67.16,68.72
sw07utt/sw_0789_2999.utt,2/sw2999,2999,37,%,A,19,2,"{C or } s-, -/","or/CC s-/XX ,/,",,,0.0,0.0
sw07utt/sw_0789_2999.utt,2/sw2999,2999,38,na,B,20,1,"[ It's a, + it's a ] debit card,  /","It/PRP 's/BES a/DT ,/, it/PRP 's/BES a/DT debit/NN card/NN ,/,",,,68.67,69.53
sw07utt/sw_0789_2999.utt,2/sw2999,2999,39,ny,B,20,2,yeah. /,yeah/UH ./.,,,69.61,69.87
sw07utt/sw_0789_2999.utt,2/sw2999,2999,40,b,A,21,1,"{F Oh, } huh. /","Oh/UH ,/, huh/UH ./.",,,69.96,70.47999999999999
sw07utt/sw_0789_2999.utt,2/sw2999,2999,41,sd,B,22,1,"{C And, } {F um, } just, {D you know, } [ it's sha-, + ] many times <baby> you get out of the store faster if you pay with that than if you pay  with cash.  /","And/CC ,/, um/UH ,/, just/RB ,/, you/PRP know/VBP ,/, it/PRP 's/BES sha-/XX ,/, many/JJ times/NNS you/PRP get/VBP out/IN of/IN the/DT store/NN faster/RBR if/IN you/PRP pay/VBP with/IN that/DT than/IN if/IN you/PRP pay/VBP with/IN cash/NN ./.",,,70.79,76.83000000000001
sw07utt/sw_0789_2999.utt,2/sw2999,2999,42,t3,B,22,2,"<<Talks to person in background>> # Bye,  /","Bye/UH ,/,",,,76.83,77.03
sw07utt/sw_0789_2999.utt,2/sw2999,2999,43,t3,B,22,3,thanks. # /,thanks/UH ./.,,,77.03,77.43
sw07utt/sw_0789_2999.utt,2/sw2999,2999,44,bh,A,23,1,"# {F Oh, } really? # /","Oh/UH ,/, really/UH ?/.",,,0.0,0.0
sw07utt/sw_0789_2999.utt,2/sw2999,2999,45,ny,B,24,1,"{F Um, } yeah.  /","Um/UH ,/, yeah/UH ./.",,,78.21,79.07000000000001
sw07utt/sw_0789_2999.utt,2/sw2999,2999,46,sd^e,B,24,2,{C Because } they're just so  well set up with it <laughter>. /,Because/IN they/PRP 're/VBP just/RB so/RB well/RB set/VBN up/RP with/IN it/PRP ./.,,,79.87,81.73
sw07utt/sw_0789_2999.utt,2/sw2999,2999,47,b,A,25,1,Yeah.  /,Yeah/UH ./.,,,82.0,82.48
sw07utt/sw_0789_2999.utt,2/sw2999,2999,48,sd,A,25,2,"We use our credit cards sometimes for a big purchase,  /","We/PRP use/VBP our/PRP$ credit/NN cards/NNS sometimes/RB for/IN a/DT big/JJ purchase/NN ,/,",,,83.02,85.36
sw07utt/sw_0789_2999.utt,2/sw2999,2999,49,sd,A,25,3,"{C but } we always have the money set aside already [ to, + ]  /","but/CC we/PRP always/RB have/VBP the/DT money/NN set/VBN aside/RB already/RB to/TO ,/,",,,85.36,88.62
sw07utt/sw_0789_2999.utt,2/sw2999,2999,50,sd,A,25,4,"{C and then }  we just pay it off the next,","and/CC then/RB we/PRP just/RB pay/VBP it/PRP off/RP the/DT next/JJ ,/,",,,88.62,89.9
sw07utt/sw_0789_2999.utt,2/sw2999,2999,51,b,B,26,1,"</TV>  Right,  /","Right/UH ,/,",,,89.81,89.95
sw07utt/sw_0789_2999.utt,2/sw2999,2999,52,%,B,26,2,"{D well, } -/","well/UH ,/,",,,89.95,90.07000000000001
sw07utt/sw_0789_2999.utt,2/sw2999,2999,53,+,A,27,1,month.  /,month/NN ./.,,,90.16,90.28
sw07utt/sw_0789_2999.utt,2/sw2999,2999,54,sd,A,27,2,"[ We never pay, + we don't like to pay ]  interest on the <laughter> credit cards at all. /","We/PRP never/RB pay/VBP ,/, we/PRP do/VBP n't/RB like/VB to/TO pay/VB interest/NN on/IN the/DT credit/NN cards/NNS at/IN all/DT ./.",,,90.28,92.5
sw07utt/sw_0789_2999.utt,2/sw2999,2999,55,aa,B,28,1,"Yeah,  /","Yeah/UH ,/,",,,92.41,92.49
sw07utt/sw_0789_2999.utt,2/sw2999,2999,56,sd,B,28,2,"[ I, + I ] never pay finance charges on  them except when I screw up which I occasionally <laughter> do. /","I/PRP ,/, I/PRP never/RB pay/VBP finance/NN charges/NNS on/IN them/PRP except/IN when/WRB I/PRP screw/VBP up/RP which/WDT I/PRP occasionally/RB do/VBP ./.",,,92.49,96.17
sw07utt/sw_0789_2999.utt,2/sw2999,2999,57,b,A,29,1,<Laughter> Yeah. /,Yeah/UH ./.,,,96.28,96.62
sw07utt/sw_0789_2999.utt,2/sw2999,2999,58,sd,B,30,1,"{C And, } {D you know, } I'll forget to pay the  bill by the due date,  /","And/CC ,/, you/PRP know/VBP ,/, I/PRP 'll/MD forget/VB to/TO pay/VB the/DT bill/NN by/IN the/DT due/JJ date/NN ,/,",,,96.71,98.69
sw07utt/sw_0789_2999.utt,2/sw2999,2999,59,sd,B,30,2,{C or } this last month I mailed a check to them on the twenty-second  /,or/CC this/DT last/JJ month/NN I/PRP mailed/VBD a/DT check/NN to/IN them/PRP on/IN the/DT twenty-second/NN,,,98.69,101.45
sw07utt/sw_0789_2999.utt,2/sw2999,2999,60,sd,B,30,3,"{C and }  they didn't get it until the thirtieth,  /","and/CC they/PRP did/VBD n't/RB get/VB it/PRP until/IN the/DT thirtieth/NN ,/,",,,101.45,102.79
sw07utt/sw_0789_2999.utt,2/sw2999,2999,61,sd,B,30,4,"{C and } it was,","and/CC it/PRP was/VBD ,/,",,,102.79,103.07
sw07utt/sw_0789_2999.utt,2/sw2999,2999,62,ba,A,31,1,Gosh. /,Gosh/UH ./.,,,103.15,103.29
sw07utt/sw_0789_2999.utt,2/sw2999,2999,63,+,B,32,1,due the twenty-fifth. /,due/JJ the/DT twenty-fifth/NN ./.,,,103.21,104.25
sw07utt/sw_0789_2999.utt,2/sw2999,2999,64,b,A,33,1,Uh-huh. /,Uh-huh/UH ./.,,,104.33,104.78999999999999
sw07utt/sw_0789_2999.utt,2/sw2999,2999,65,sd,B,34,1,"{C And } {D you know, }  {C so } I thought I, - /","And/CC you/PRP know/VBP ,/, so/RB I/PRP thought/VBD I/PRP ,/,",,,104.79,106.65
sw07utt/sw_0789_2999.utt,2/sw2999,2999,66,sd,B,34,2,"{C and so }  I got hit up with a [ cre-, + ] {F uh, } finance charge on it which pissed me off --","and/CC so/IN I/PRP got/VBD hit/VBN up/RP with/IN a/DT cre-/NN ,/, uh/UH ,/, finance/NN charge/NN on/IN it/PRP which/WDT pissed/VBD me/PRP off/RP --/:",,,106.77,110.39
sw07utt/sw_0789_2999.utt,2/sw2999,2999,67,b,A,35,1,Yeah. /,Yeah/UH ./.,,,110.55,111.14999999999999
sw07utt/sw_0789_2999.utt,2/sw2999,2999,68,+,B,36,1,"-- because, {F um, } {D you know, }  I really did mail it in time. /","--/: because/IN ,/, um/UH ,/, you/PRP know/VBP ,/, I/PRP really/RB did/VBD mail/VB it/PRP in/IN time/NN ./.",,,111.33,114.87
sw07utt/sw_0789_2999.utt,2/sw2999,2999,69,b,A,37,1,Right.  /,Right/UH ./.,,,115.15,115.45
sw07utt/sw_0789_2999.utt,2/sw2999,2999,70,b,A,37,2,Yeah. /,Yeah/UH ./.,,,115.45,115.61
sw07utt/sw_0789_2999.utt,2/sw2999,2999,71,sd,B,38,1,{C But } they have no proof of that.  /,But/CC they/PRP have/VBP no/DT proof/NN of/IN that/DT ./.,,,115.85,117.77
sw07utt/sw_0789_2999.utt,2/sw2999,2999,72,sd,B,38,2,"[  I don't, + I  (( don't ] want to ))  probably talk to them some more discuss it,  /","I/PRP do/VBP n't/RB ,/, I/PRP do/VBP n't/RB want/VB to/TO probably/RB talk/VB to/IN them/PRP some/DT more/JJR discuss/VB it/PRP ,/,",,,117.77,120.01
sw07utt/sw_0789_2999.utt,2/sw2999,2999,73,sd,B,38,3,"{C but } [ I, + I ]  [ never, + {F um, } usually never ] pay <laughter> finance charges. /","but/CC I/PRP ,/, I/PRP never/RB ,/, um/UH ,/, usually/RB never/RB pay/VBP finance/NN charges/NNS ./.",,,120.01,123.81
sw07utt/sw_0789_2999.utt,2/sw2999,2999,74,b,A,39,1,"<Laughter> Yeah,  /","Yeah/UH ,/,",,,123.88,124.06
sw07utt/sw_0789_2999.utt,2/sw2999,2999,75,%,A,39,2,"that, - /","that/IN ,/,",,,124.48,124.74000000000001
sw07utt/sw_0789_2999.utt,2/sw2999,2999,76,%,A,39,3,"yeah,  /","yeah/UH ,/,",,,124.74,124.88
sw07utt/sw_0789_2999.utt,2/sw2999,2999,77,sd,A,39,4,"[ we, + we ]  screwed up one time like that too.  /","we/PRP ,/, we/PRP screwed/VBD up/RP one/CD time/NN like/IN that/DT too/RB ./.",,,125.0,127.08
sw07utt/sw_0789_2999.utt,2/sw2999,2999,78,sd,A,39,5,We mailed it  /,We/PRP mailed/VBD it/PRP,,,127.08,127.55999999999999
sw07utt/sw_0789_2999.utt,2/sw2999,2999,79,sd,A,39,6,"{C and } they just never did get it,  /","and/CC they/PRP just/RB never/RB did/VBD get/VB it/PRP ,/,",,,127.56,128.54000000000002
sw07utt/sw_0789_2999.utt,2/sw2999,2999,80,sd,A,39,7,{C and } we  had to finally mail them another check. /,and/CC we/PRP had/VBD to/TO finally/RB mail/VB them/PRP another/DT check/NN ./.,,,128.54,129.96
sw07utt/sw_0789_2999.utt,2/sw2999,2999,81,sd,B,40,1,I had that hassle one time  /,I/PRP had/VBD that/DT hassle/NN one/CD time/NN,,,130.25,131.57000000000002
sw07utt/sw_0789_2999.utt,2/sw2999,2999,82,sd,B,40,2,"{C and } [ I-, + ]  that went on for months and months and  months [ because, + ]  /","and/CC I-/XX ,/, that/DT went/VBD on/RP for/IN months/NNS and/CC months/NNS and/CC months/NNS because/IN ,/,",,,131.57,135.45000000000002
sw07utt/sw_0789_2999.utt,2/sw2999,2999,83,sd,B,40,3,{C and } they eventually found the  check and deposited it -- /,and/CC they/PRP eventually/RB found/VBD the/DT check/NN and/CC deposited/VBD it/PRP --/:,,,135.85,138.91
sw07utt/sw_0789_2999.utt,2/sw2999,2999,84,b,A,41,1,Huh. /,Huh/UH ./.,,,139.07,139.31
sw07utt/sw_0789_2999.utt,2/sw2999,2999,85,sd,B,42,1,"-- {C and } months later they were still telling  me that I owed them finance charges and, {F um, } late fees and things like that.  /","--/: and/CC months/NNS later/RB they/PRP were/VBD still/RB telling/VBG me/PRP that/IN I/PRP owed/VBD them/PRP finance/NN charges/NNS and/CC ,/, um/UH ,/, late/JJ fees/NNS and/CC things/NNS like/IN that/DT ./.",,,139.25,144.91
sw07utt/sw_0789_2999.utt,2/sw2999,2999,86,sd(^q),B,42,2,"{C And } I said, {D well, } I mailed you a check  /","And/CC I/PRP said/VBD ,/, well/UH ,/, I/PRP mailed/VBD you/PRP a/DT check/NN",,,144.91,146.21
sw07utt/sw_0789_2999.utt,2/sw2999,2999,87,^q,B,42,3,{C and } you eventually did deposit it.  /,and/CC you/PRP eventually/RB did/VBD deposit/VB it/PRP ./.,,,146.21,147.65
sw07utt/sw_0789_2999.utt,2/sw2999,2999,88,sd,B,42,4,"{C So, } {D you know, } I guess I don't know who [ the, + the ] burden of proof is on. /","So/RB ,/, you/PRP know/VBP ,/, I/PRP guess/VBP I/PRP do/VBP n't/RB know/VB who/WP the/DT ,/, the/DT burden/NN of/IN proof/NN is/VBZ on/IN ./.",,,148.35,153.53
sw07utt/sw_0789_2999.utt,2/sw2999,2999,89,aa,A,43,1,"Yeah,  /","Yeah/UH ,/,",,,153.67,154.08999999999997
sw07utt/sw_0789_2999.utt,2/sw2999,2999,90,sd,A,43,2,I don't either. /,I/PRP do/VBP n't/RB either/RB ./.,,,154.19,154.69
sw07utt/sw_0789_2999.utt,2/sw2999,2999,91,sd,B,44,1,"{D You know, }  (( kind of the )) , - /","You/PRP know/VBP ,/, kind/RB of/RB the/DT ,/,",,,154.63,155.53
sw07utt/sw_0789_2999.utt,2/sw2999,2999,92,sd,B,44,2,"{C because } you never d-, - /","because/IN you/PRP never/RB d-/XX ,/,",,,156.07,156.91
sw07utt/sw_0789_2999.utt,2/sw2999,2999,93,sd,B,44,3,when I pay bills I don't make a Xerox copy of it  /,when/WRB I/PRP pay/VBP bills/NNS I/PRP do/VBP n't/RB make/VB a/DT Xerox/NNP copy/NN of/IN it/PRP,,,157.03,159.17
sw07utt/sw_0789_2999.utt,2/sw2999,2999,94,sd,B,44,4,{C or } I don't --,or/CC I/PRP do/VBP n't/RB --/:,,,159.17,159.69
sw07utt/sw_0789_2999.utt,2/sw2999,2999,95,aa,A,45,1,"No,  /","No/UH ,/,",,,159.75,159.93
sw07utt/sw_0789_2999.utt,2/sw2999,2999,96,bf,A,45,2,"you figure,","you/PRP figure/VBP ,/,",,,160.11,160.45
sw07utt/sw_0789_2999.utt,2/sw2999,2999,97,+,B,46,1,"-- {F um, } -/","--/: um/UH ,/,",,,160.39,160.45
sw07utt/sw_0789_2999.utt,2/sw2999,2999,98,+,A,47,1,you'll get your check back if you have to. /,you/PRP 'll/MD get/VB your/PRP$ check/NN back/RB if/IN you/PRP have/VBP to/TO ./.,,,160.51,161.93
sw07utt/sw_0789_2999.utt,2/sw2999,2999,99,aa,B,48,1,Right.  /,Right/UH ./.,,,162.05,162.31
sw07utt/sw_0789_2999.utt,2/sw2999,2999,100,sd,B,48,2,"{C Or } [ I don't get a, + I don't mail ]  them all a signed receipt whatever I,","Or/CC I/PRP do/VBP n't/RB get/VB a/DT ,/, I/PRP do/VBP n't/RB mail/VB them/PRP all/DT a/DT signed/JJ receipt/NN whatever/WDT I/PRP ,/,",,,162.31,165.59
sw07utt/sw_0789_2999.utt,2/sw2999,2999,101,b,A,49,1,Yeah. /,Yeah/UH ./.,,,165.67,166.08999999999997
sw07utt/sw_0789_2999.utt,2/sw2999,2999,102,+,B,50,1,"{D you know, } at the bank to have a proof of when I mailed it.  /","you/PRP know/VBP ,/, at/IN the/DT bank/NN to/TO have/VB a/DT proof/NN of/IN when/WRB I/PRP mailed/VBD it/PRP ./.",,,166.03,168.71
sw07utt/sw_0789_2999.utt,2/sw2999,2999,103,sv,B,50,2,"{C And, }  (( {E I mean } ))  you can't do that,  /","And/CC ,/, I/PRP mean/VBP you/PRP ca/MD n't/RB do/VB that/DT ,/,",,,169.39,170.65
sw07utt/sw_0789_2999.utt,2/sw2999,2999,104,sv,B,50,3,it would be ridiculous. /,it/PRP would/MD be/VB ridiculous/JJ ./.,,,170.65,171.57
sw07utt/sw_0789_2999.utt,2/sw2999,2999,105,aa,A,51,1,<Laughter> Really.  /,Really/UH ./.,,,171.63,171.93
sw07utt/sw_0789_2999.utt,2/sw2999,2999,106,sd,A,51,2,"I like to use my card if I buy  something through the mail which I don't do real often or something from out of state,  {D you know, } where if something is wrong,","I/PRP like/VBP to/TO use/VB my/PRP$ card/NN if/IN I/PRP buy/VBP something/NN through/IN the/DT mail/NN which/WDT I/PRP do/VBP n't/RB do/VB real/RB often/RB or/CC something/NN from/IN out/IN of/IN state/NN ,/, you/PRP know/VBP ,/, where/WRB if/IN something/NN is/VBZ wrong/JJ ,/,",,,172.25,178.43
sw07utt/sw_0789_2999.utt,2/sw2999,2999,107,b,B,52,1,Right. /,Right/UH ./.,,,178.37,178.75
sw07utt/sw_0789_2999.utt,2/sw2999,2999,108,+,A,53,1,you don't want to end up having to pay for it. /,you/PRP do/VBP n't/RB want/VB to/TO end/VB up/RP having/VBG to/TO pay/VB for/IN it/PRP ./.,,,179.27,181.04999999999998
sw07utt/sw_0789_2999.utt,2/sw2999,2999,109,sd,B,54,1,"{D Well, } you can, -/","Well/UH ,/, you/PRP can/MD ,/,",,,180.99,181.31
sw07utt/sw_0789_2999.utt,2/sw2999,2999,110,sd(^q),A,55,1,"A couple times I've had to write big credit  card companies and say, {D you know, } I didn't really  get this  /","A/DT couple/NN times/NNS I/PRP 've/VBP had/VBN to/TO write/VB big/JJ credit/NN card/NN companies/NNS and/CC say/VB ,/, you/PRP know/VBP ,/, I/PRP did/VBD n't/RB really/RB get/VB this/DT",,,181.37,185.17000000000002
sw07utt/sw_0789_2999.utt,2/sw2999,2999,111,^q,A,55,2,{C or } # I don't know what this is. # /,or/CC I/PRP do/VBP n't/RB know/VB what/WP this/DT is/VBZ ./.,,,0.0,0.0
sw07utt/sw_0789_2999.utt,2/sw2999,2999,112,aa,B,56,1,# Right.  /,Right/UH ./.,,,186.03,186.25
sw07utt/sw_0789_2999.utt,2/sw2999,2999,113,sd(^q),B,56,2,{C Or } I returned it #  /,Or/CC I/PRP returned/VBD it/PRP,,,186.25,186.93
sw07utt/sw_0789_2999.utt,2/sw2999,2999,114,^q,B,56,3,"{C so }  don't charge it,  /","so/RB do/VBP n't/RB charge/VB it/PRP ,/,",,,186.93,187.63
sw07utt/sw_0789_2999.utt,2/sw2999,2999,115,%,B,56,4,yeah. /,yeah/UH ./.,,,187.71,187.85
sw07utt/sw_0789_2999.utt,2/sw2999,2999,116,b,A,57,1,Yeah. /,Yeah/UH ./.,,,187.89,188.14999999999998
sw07utt/sw_0789_2999.utt,2/sw2999,2999,117,sd,B,58,1,"{D Well, } that's basically what happened with us  is we bought a computer,  /","Well/UH ,/, that/DT 's/BES basically/RB what/WP happened/VBD with/IN us/PRP is/VBZ we/PRP bought/VBD a/DT computer/NN ,/,",,,188.37,190.67000000000002
sw07utt/sw_0789_2999.utt,2/sw2999,2999,118,sd,B,58,2,"{C and } the computer, {F um, } [ [ d-, + wasn't, ] + didn't ]  do what these people said it would do. /","and/CC the/DT computer/NN ,/, um/UH ,/, d-/XX ,/, was/VBD n't/RB ,/, did/VBD n't/RB do/VB what/WP these/DT people/NNS said/VBD it/PRP would/MD do/VB ./.",,,191.13,197.81
sw07utt/sw_0789_2999.utt,2/sw2999,2999,119,b,A,59,1,Uh-huh. /,Uh-huh/UH ./.,,,197.97,198.27
sw07utt/sw_0789_2999.utt,2/sw2999,2999,120,sd,B,60,1,(( We need to just put ))  external cards in  /,We/PRP need/VBP to/TO just/RB put/VB external/JJ cards/NNS in/IN,,,198.23,199.65
sw07utt/sw_0789_2999.utt,2/sw2999,2999,121,sd,B,60,2,{C and } it wouldn't do that  /,and/CC it/PRP would/MD n't/RB do/VB that/DT,,,199.65,200.32999999999998
sw07utt/sw_0789_2999.utt,2/sw2999,2999,122,sd,B,60,3,"{C so } he brought it back to them,  /","so/RB he/PRP brought/VBD it/PRP back/RB to/IN them/PRP ,/,",,,200.33,201.29
sw07utt/sw_0789_2999.utt,2/sw2999,2999,123,sd,B,60,4,{C and } they're supposed to modify it.  /,and/CC they/PRP 're/VBP supposed/VBN to/TO modify/VB it/PRP ./.,,,201.29,202.32999999999998
sw07utt/sw_0789_2999.utt,2/sw2999,2999,124,sd(^q),B,60,5,"{C And so } I called the credit card company and said, {D well, } we haven't  really taken possession because it's not useful for us.  /","And/CC so/RB I/PRP called/VBD the/DT credit/NN card/NN company/NN and/CC said/VBD ,/, well/UH ,/, we/PRP have/VBP n't/RB really/RB taken/VBN possession/NN because/IN it/PRP 's/BES not/RB useful/JJ for/IN us/PRP ./.",,,202.81,207.51000000000002
sw07utt/sw_0789_2999.utt,2/sw2999,2999,125,^q,B,60,6,We can't use it. /,We/PRP ca/MD n't/RB use/VB it/PRP ./.,,,207.77,208.42999999999998
sw07utt/sw_0789_2999.utt,2/sw2999,2999,126,b,A,61,1,Uh-huh. /,Uh-huh/UH ./.,,,208.69,208.89
sw07utt/sw_0789_2999.utt,2/sw2999,2999,127,sd(^q),B,62,1,"{C And then } they said, {D well } then don't pay it.  /","And/CC then/RB they/PRP said/VBD ,/, well/UH then/RB do/VBP n't/RB pay/VB it/PRP ./.",,,209.03,211.60999999999999
sw07utt/sw_0789_2999.utt,2/sw2999,2999,128,sd,B,62,2,"{C And then } a month later, I had to dispute it in writing,  /","And/CC then/RB a/DT month/NN later/RB ,/, I/PRP had/VBD to/TO dispute/VB it/PRP in/IN writing/NN ,/,",,,212.53,215.23000000000002
sw07utt/sw_0789_2999.utt,2/sw2999,2999,129,sd,B,62,3,"{C and } I was out of the country and  got back,  /","and/CC I/PRP was/VBD out/IN of/IN the/DT country/NN and/CC got/VBD back/RB ,/,",,,215.23,217.45
sw07utt/sw_0789_2999.utt,2/sw2999,2999,130,sd,B,62,4,"{C and } I took care of it [ as soo-, + as soon ]  as we got the computer back  /","and/CC I/PRP took/VBD care/NN of/IN it/PRP as/IN soo-/RB ,/, as/RB soon/RB as/IN we/PRP got/VBD the/DT computer/NN back/RB",,,217.45,219.76999999999998
sw07utt/sw_0789_2999.utt,2/sw2999,2999,131,sd,B,62,5,{C and } it was okay.  /,and/CC it/PRP was/VBD okay/JJ ./.,,,219.77,220.29
sw07utt/sw_0789_2999.utt,2/sw2999,2999,132,sd,B,62,6,I mailed off a check  /,I/PRP mailed/VBD off/RP a/DT check/NN,,,220.29,221.53
sw07utt/sw_0789_2999.utt,2/sw2999,2999,133,sd,B,62,7,{C but then } it was too late.  /,but/CC then/RB it/PRP was/VBD too/RB late/JJ ./.,,,221.59,222.43
sw07utt/sw_0789_2999.utt,2/sw2999,2999,134,sd,B,62,8,{C So } now they're hitting  (( me up there ))  <laughter> with a finance charge. /,So/RB now/RB they/PRP 're/VBP hitting/VBG me/PRP up/IN there/RB with/IN a/DT finance/NN charge/NN ./.,,,222.43,224.39
sw07utt/sw_0789_2999.utt,2/sw2999,2999,135,b,A,63,1,Oh <laughter>. /,Oh/UH ./.,,,224.43,224.55
sw07utt/sw_0789_2999.utt,2/sw2999,2999,136,sd,B,64,1,"{C But } it's sort of, {D you know, } - /","But/CC it/PRP 's/BES sort/RB of/RB ,/, you/PRP know/VBP ,/,",,,224.51,225.36999999999998
sw07utt/sw_0789_2999.utt,2/sw2999,2999,137,sd,B,64,2,"[ it's, + it's ]  half our fault. /","it/PRP 's/BES ,/, it/PRP 's/BES half/RB our/PRP$ fault/NN ./.",,,225.37,226.85
sw07utt/sw_0789_2999.utt,2/sw2999,2999,138,aa,A,65,1,"Yes,  /","Yes/UH ,/,",,,227.23,227.81
sw07utt/sw_0789_2999.utt,2/sw2999,2999,139,%,A,65,2,"it's, - /","it/PRP 's/BES ,/,",,,227.83,227.99
sw07utt/sw_0789_2999.utt,2/sw2999,2999,140,%,A,65,3,"i-, -/","i-/XX ,/,",,,0.0,0.0
sw07utt/sw_0789_2999.utt,2/sw2999,2999,141,%,B,66,1,"{C And so } w-, -/","And/CC so/RB w-/XX ,/,",,,227.95,228.29
sw07utt/sw_0789_2999.utt,2/sw2999,2999,142,%,A,67,1,"w-, - /","w-/XX ,/,",,,0.0,0.0
sw07utt/sw_0789_2999.utt,2/sw2999,2999,143,b,A,67,2,"yeah,  /","yeah/UH ,/,",,,228.33,228.63000000000002
sw07utt/sw_0789_2999.utt,2/sw2999,2999,144,bf,A,67,3,"if you filed that letter with  them then they will kind of, -/","if/IN you/PRP filed/VBD that/DT letter/NN with/IN them/PRP then/RB they/PRP will/MD kind/RB of/RB ,/,",,,228.63,230.49
sw07utt/sw_0789_2999.utt,2/sw2999,2999,145,aa,B,68,1,"Right,  /","Right/UH ,/,",,,230.71,230.89000000000001
sw07utt/sw_0789_2999.utt,2/sw2999,2999,146,sd,B,68,2,"if I had filed the letter to  dispute it and then paid it eventually, it would have been okay. /","if/IN I/PRP had/VBD filed/VBN the/DT letter/NN to/TO dispute/VB it/PRP and/CC then/RB paid/VBN it/PRP eventually/RB ,/, it/PRP would/MD have/VB been/VBN okay/JJ ./.",,,230.89,233.99
sw07utt/sw_0789_2999.utt,2/sw2999,2999,147,b,A,69,1,Yeah. /,Yeah/UH ./.,,,234.06,234.3
sw07utt/sw_0789_2999.utt,2/sw2999,2999,148,sd,B,70,1,{C So } I learned that for the next time. /,So/RB I/PRP learned/VBD that/IN for/IN the/DT next/JJ time/NN ./.,,,234.49,235.81
sw07utt/sw_0789_2999.utt,2/sw2999,2999,149,sd,A,71,1,"<Breathing>  I'm like you, too,","I/PRP 'm/VBP like/IN you/PRP ,/, too/RB ,/,",,,236.7,237.2
sw07utt/sw_0789_2999.utt,2/sw2999,2999,150,b,B,72,1,(( Yeah. )) /,Yeah/UH ./.,,,237.17,237.26999999999998
sw07utt/sw_0789_2999.utt,2/sw2999,2999,151,+,A,73,1,about the yearly fees.  /,about/IN the/DT yearly/JJ fees/NNS ./.,,,237.3,238.28
sw07utt/sw_0789_2999.utt,2/sw2999,2999,152,sd,A,73,2,"[ I don't, + {F uh, } I don't ]  like to pay the yearly fee for a card.  /","I/PRP do/VBP n't/RB ,/, uh/UH ,/, I/PRP do/VBP n't/RB like/VB to/TO pay/VB the/DT yearly/JJ fee/NN for/IN a/DT card/NN ./.",,,238.28,240.78
sw07utt/sw_0789_2999.utt,2/sw2999,2999,153,sd,A,73,3,"Right now both the MasterCard and  the Visa, we don't have to pay a yearly fee on  /","Right/RB now/RB both/PDT the/DT MasterCard/NNP and/CC the/DT Visa/NNP ,/, we/PRP do/VBP n't/RB have/VB to/TO pay/VB a/DT yearly/JJ fee/NN on/IN",,,241.24,244.76
sw07utt/sw_0789_2999.utt,2/sw2999,2999,154,sd,A,73,4,{C and } --,and/CC --/:,,,244.86,244.9
sw07utt/sw_0789_2999.utt,2/sw2999,2999,155,b,B,74,1,Uh-huh. /,Uh-huh/UH ./.,,,244.87,245.11
sw07utt/sw_0789_2999.utt,2/sw2999,2999,156,+,A,75,1,"-- since we don't pay the interest  it doesn't really matter what the interest rate,","--/: since/IN we/PRP do/VBP n't/RB pay/VB the/DT interest/NN it/PRP does/VBZ n't/RB really/RB matter/VB what/WP the/DT interest/NN rate/NN ,/,",,,245.14,247.94
sw07utt/sw_0789_2999.utt,2/sw2999,2999,157,b,B,76,1,"Right,  /","Right/UH ,/,",,,248.17,248.45
sw07utt/sw_0789_2999.utt,2/sw2999,2999,158,b,B,76,2,yeah. /,yeah/UH ./.,,,248.55,248.83
sw07utt/sw_0789_2999.utt,2/sw2999,2999,159,+,A,77,1,"is  (( too, just ))  as long as we don't  have to pay that yearly fee.  /","is/VBZ too/RB ,/, just/RB as/RB long/RB as/IN we/PRP do/VBP n't/RB have/VB to/TO pay/VB that/DT yearly/JJ fee/NN ./.",,,248.86,250.51999999999998
sw07utt/sw_0789_2999.utt,2/sw2999,2999,160,sd,A,77,2,{D Now } we had American Express cards  /,Now/RB we/PRP had/VBD American/NNP Express/NNP cards/NNS,,,250.54,252.22
sw07utt/sw_0789_2999.utt,2/sw2999,2999,161,sd,A,77,3,"{C and } my husband had always  had that before we got married,  /","and/CC my/PRP$ husband/NN had/VBD always/RB had/VBN that/DT before/IN we/PRP got/VBD married/VBN ,/,",,,252.84,255.78
sw07utt/sw_0789_2999.utt,2/sw2999,2999,162,sd,A,77,4,"{C and } those got so high we finally decided  for him and me both to have a card it was {D like } ninety dollars <laughter> or something I think, /","and/CC those/DT got/VBD so/RB high/JJ we/PRP finally/RB decided/VBD for/IN him/PRP and/CC me/PRP both/DT to/TO have/VB a/DT card/NN it/PRP was/VBD like/IN ninety/CD dollars/NNS or/CC something/NN I/PRP think/VBP ,/,",,,255.78,262.04
sw07utt/sw_0789_2999.utt,2/sw2999,2999,163,b,B,78,1,Yeah. /,Yeah/UH ./.,,,262.01,262.09
sw07utt/sw_0789_2999.utt,2/sw2999,2999,164,sd,A,79,1,I can't remember  /,I/PRP ca/MD n't/RB remember/VB,,,262.12,262.86
sw07utt/sw_0789_2999.utt,2/sw2999,2999,165,sd,A,79,2,{C but } we decided let that  one go  /,but/CC we/PRP decided/VBD let/VB that/DT one/CD go/VB,,,262.86,264.24
sw07utt/sw_0789_2999.utt,2/sw2999,2999,166,%,A,79,3,"{C and, } -/","and/CC ,/,",,,264.24,264.54
sw07utt/sw_0789_2999.utt,2/sw2999,2999,167,sd,B,80,1,"{D Well, } my husband and I both have  that  /","Well/UH ,/, my/PRP$ husband/NN and/CC I/PRP both/DT have/VBP that/DT",,,264.55,265.63
sw07utt/sw_0789_2999.utt,2/sw2999,2999,168,sd,B,80,2,"{C and } I don't know what we pay for his card,  /","and/CC I/PRP do/VBP n't/RB know/VB what/WP we/PRP pay/VBP for/IN his/PRP$ card/NN ,/,",,,265.63,267.63
sw07utt/sw_0789_2999.utt,2/sw2999,2999,169,sd,B,80,3,"I pay I think, - /","I/PRP pay/VBP I/PRP think/VBP ,/,",,,267.63,268.33
sw07utt/sw_0789_2999.utt,2/sw2999,2999,170,sd,B,80,4,I have a gold one  /,I/PRP have/VBP a/DT gold/JJ one/NN,,,268.47,269.13
sw07utt/sw_0789_2999.utt,2/sw2999,2999,171,sd,B,80,5,"{C so, }","so/RB ,/,",,,269.13,269.21
sw07utt/sw_0789_2999.utt,2/sw2999,2999,172,b,A,81,1,Uh-huh. /,Uh-huh/UH ./.,,,269.21,269.31
sw07utt/sw_0789_2999.utt,2/sw2999,2999,173,+,B,82,1,I think it's like seventy-five dollars for me -- /,I/PRP think/VBP it/PRP 's/BES like/IN seventy-five/CD dollars/NNS for/IN me/PRP --/:,,,269.31,271.17
sw07utt/sw_0789_2999.utt,2/sw2999,2999,174,b,A,83,1,Yeah. /,Yeah/UH ./.,,,271.81,272.03000000000003
sw07utt/sw_0789_2999.utt,2/sw2999,2999,175,sd,B,84,1,-- {C and } I'm not quite sure what it is for him.  /,--/: and/CC I/PRP 'm/VBP not/RB quite/RB sure/JJ what/WP it/PRP is/VBZ for/IN him/PRP ./.,,,272.03,273.49
sw07utt/sw_0789_2999.utt,2/sw2999,2999,176,sd,B,84,2,"{C But } I had really like w-, - /","But/CC I/PRP had/VBD really/RB like/VB w-/XX ,/,",,,273.79,275.03000000000003
sw07utt/sw_0789_2999.utt,2/sw2999,2999,177,%,B,84,3,there <lipsmack> - /,there/EX,,,276.17,276.59000000000003
sw07utt/sw_0789_2999.utt,2/sw2999,2999,178,sd,B,84,4,"nowadays I'm not [ su-, + so sure ]  that it's worth it, /","nowadays/RB I/PRP 'm/VBP not/RB su/JJ ,/, so/RB sure/JJ that/IN it/PRP 's/BES worth/JJ it/PRP ,/,",,,277.46,279.46000000000004
sw07utt/sw_0789_2999.utt,2/sw2999,2999,179,b,A,85,1,Uh-huh. /,Uh-huh/UH ./.,,,279.89,280.27
sw07utt/sw_0789_2999.utt,2/sw2999,2999,180,sd,B,86,1,"{C but, } {F um, } in the past [ there, + {D you know, } there ]  are some places that only take American Express -- /","but/CC ,/, um/UH ,/, in/IN the/DT past/NN there/EX ,/, you/PRP know/VBP ,/, there/EX are/VBP some/DT places/NNS that/WDT only/RB take/VBP American/NNP Express/NNP --/:",,,280.26,284.16
sw07utt/sw_0789_2999.utt,2/sw2999,2999,181,b,A,87,1,Yeah. /,Yeah/UH ./.,,,284.43,284.71
sw07utt/sw_0789_2999.utt,2/sw2999,2999,182,sd,B,88,1,"-- {C and then } they don't have the credit limit  because I've over done the credit limit on the other card,  /","--/: and/CC then/RB they/PRP do/VBP n't/RB have/VB the/DT credit/NN limit/NN because/IN I/PRP 've/VBP over/GW done/^VBN the/DT credit/NN limit/NN on/IN the/DT other/JJ card/NN ,/,",,,284.92,289.9
sw07utt/sw_0789_2999.utt,2/sw2999,2999,183,sd,B,88,2,"if my husband and I both travel,","if/IN my/PRP$ husband/NN and/CC I/PRP both/DT travel/VBP ,/,",,,289.9,291.26
sw07utt/sw_0789_2999.utt,2/sw2999,2999,184,b,A,89,1,Yeah. /,Yeah/UH ./.,,,291.61,292.01
sw07utt/sw_0789_2999.utt,2/sw2999,2999,185,+,B,90,1,"[ it, + ] {D you know, } a couple of plain tickets and  a little bit more and you're over the limit on the credit card.  /","it/PRP ,/, you/PRP know/VBP ,/, a/DT couple/NN of/IN plain/JJ tickets/NNS and/CC a/DT little/JJ bit/NN  more/JJR and/CC you/PRP 're/VBP over/IN the/DT limit/NN on/IN the/DT credit/NN card/NN ./.",,,292.0,296.08
sw07utt/sw_0789_2999.utt,2/sw2999,2999,186,sd,B,90,2,"{C And, } {F um, }  with the American Express they say there is no limit.  /","And/CC ,/, um/UH ,/, with/IN the/DT American/NNP Express/NNP they/PRP say/VBP there/EX is/VBZ no/DT limit/NN ./.",,,296.8,301.26
sw07utt/sw_0789_2999.utt,2/sw2999,2999,187,sd,B,90,3,There really is  /,There/EX really/RB is/VBZ,,,301.26,301.86
sw07utt/sw_0789_2999.utt,2/sw2999,2999,188,sd,B,90,4,"{C but } they,","but/CC they/PRP ,/,",,,301.9,302.16
sw07utt/sw_0789_2999.utt,2/sw2999,2999,189,x,A,91,1,<Laughter>.,,,,0.0,0.0
sw07utt/sw_0789_2999.utt,2/sw2999,2999,190,+,B,92,1,"tell you that,  /","tell/VBP you/PRP that/DT ,/,",,,302.56,303.02
sw07utt/sw_0789_2999.utt,2/sw2999,2999,191,sd,B,92,2,{C but } then that was one  advantage  /,but/CC then/RB that/DT was/VBD one/CD advantage/NN,,,303.26,304.4
sw07utt/sw_0789_2999.utt,2/sw2999,2999,192,sd,B,92,3,"{C but } [ th-, + that's ] like, - /","but/CC th-/XX ,/, that/DT 's/BES like/IN ,/,",,,304.42,305.0
sw07utt/sw_0789_2999.utt,2/sw2999,2999,193,sd,B,92,4,"I don't, - /","I/PRP do/VBP n't/RB ,/,",,,305.6,305.82
sw07utt/sw_0789_2999.utt,2/sw2999,2999,194,sd,B,92,5,I think it's seventy-five dollars for me and forty  for him --,I/PRP think/VBP it/PRP 's/BES seventy-five/CD dollars/NNS for/IN me/PRP and/CC forty/CD for/IN him/PRP --/:,,,305.82,308.26
sw07utt/sw_0789_2999.utt,2/sw2999,2999,195,b,A,93,1,Uh-huh. /,Uh-huh/UH ./.,,,308.49,308.77
sw07utt/sw_0789_2999.utt,2/sw2999,2999,196,+,B,94,1,-- for a year which is a lot. /,--/: for/IN a/DT year/NN which/WDT is/VBZ a/DT lot/NN ./.,,,308.76,309.84
sw07utt/sw_0789_2999.utt,2/sw2999,2999,197,b,A,95,1,Yeah. /,Yeah/UH ./.,,,310.23,310.75
sw07utt/sw_0789_2999.utt,2/sw2999,2999,198,%,B,96,1,"Be n-, -/","Be/VB n-/XX ,/,",,,0.0,0.0
sw07utt/sw_0789_2999.utt,2/sw2999,2999,199,aa,A,97,1,"{C But, } yeah,  /","But/CC ,/, yeah/UH ,/,",,,311.77,312.23
sw07utt/sw_0789_2999.utt,2/sw2999,2999,200,sv,A,97,2,"like you said,  [ if you really, + if you need ] that extra for charging tickets and stuff,","like/IN you/PRP said/VBD ,/, if/IN you/PRP really/RB ,/, if/IN you/PRP need/VBP that/DT extra/NN for/IN charging/VBG tickets/NNS and/CC stuff/NN ,/,",,,312.23,315.59000000000003
sw07utt/sw_0789_2999.utt,2/sw2999,2999,201,b,B,98,1,"Yeah,  /","Yeah/UH ,/,",,,315.58,315.65999999999997
sw07utt/sw_0789_2999.utt,2/sw2999,2999,202,sd,B,98,2,"{D well, }","well/UH ,/,",,,315.66,315.74
sw07utt/sw_0789_2999.utt,2/sw2999,2999,203,+,A,99,1,it's more worth it. /,it/PRP 's/BES more/RBR worth/JJ it/PRP ./.,,,315.75,316.67
sw07utt/sw_0789_2999.utt,2/sw2999,2999,204,+,B,100,1,"we should probably get another, {F um, } Visa card,","we/PRP should/MD probably/RB get/VB another/DT ,/, um/UH ,/, Visa/NNP card/NN ,/,",,,316.66,319.12
sw07utt/sw_0789_2999.utt,2/sw2999,2999,205,b,A,101,1,Uh-huh. /,Uh-huh/UH ./.,,,319.43,319.57
sw07utt/sw_0789_2999.utt,2/sw2999,2999,206,+,B,102,1,"[ ye-, + ] [ one, + another one ] that's free.  /","ye-/UH ,/, one/CD ,/, another/DT one/CD that/WDT 's/BES free/JJ ./.",,,319.56,320.64
sw07utt/sw_0789_2999.utt,2/sw2999,2999,207,sd,B,102,2,"{C Because } there are some, - /","Because/IN there/EX are/VBP some/DT ,/,",,,320.64,321.38
sw07utt/sw_0789_2999.utt,2/sw2999,2999,208,sd,B,102,3,{D like } I think A T and T has one that's free if you make two purchases a year. /,like/IN I/PRP think/VBP A/NNP T/NNP and/CC T/NNP has/VBZ one/CD that/WDT 's/BES free/JJ if/IN you/PRP make/VBP two/CD purchases/NNS a/DT year/NN ./.,,,321.76,325.12
sw07utt/sw_0789_2999.utt,2/sw2999,2999,209,b,A,103,1,Oh. /,Oh/UH ./.,,,325.58,325.64
sw07utt/sw_0789_2999.utt,2/sw2999,2999,210,%,B,104,1,"{D Well } {C so, } -/","Well/UH so/RB ,/,",,,325.74,326.2
sw07utt/sw_0789_2999.utt,2/sw2999,2999,211,b,A,105,1,"<Laughter> Yeah,  /","Yeah/UH ,/,",,,326.56,326.84
sw07utt/sw_0789_2999.utt,2/sw2999,2999,212,sv,A,105,2,that wouldn't be too hard to do <laughter>. /,that/DT would/MD n't/RB be/VB too/RB hard/JJ to/TO do/VB ./.,,,326.84,327.74
sw07utt/sw_0789_2999.utt,2/sw2999,2999,213,b,B,106,1,"Yeah,  /","Yeah/UH ,/,",,,327.74,328.08
sw07utt/sw_0789_2999.utt,2/sw2999,2999,214,sv,B,106,2,"{C and so } that's easy enough to  do,  /","and/CC so/RB that/DT 's/BES easy/JJ enough/RB to/TO do/VB ,/,",,,328.2,330.0
sw07utt/sw_0789_2999.utt,2/sw2999,2999,215,sd,B,106,3,"{C and } if that's true, [ that's, + ] {F um, } it might be better off to have that as a second card  just to have the credit.","and/CC if/IN that/DT 's/BES true/JJ ,/, that/DT 's/BES ,/, um/UH ,/, it/PRP might/MD be/VB better/JJR off/RP to/TO have/VB that/DT as/IN a/DT second/JJ card/NN just/RB to/TO have/VB the/DT credit/NN ./.",,,330.0,335.28
sw07utt/sw_0789_2999.utt,2/sw2999,2999,216,b,A,107,1,Yeah. /,Yeah/UH ./.,,,336.02,336.28
sw07utt/sw_0789_2999.utt,2/sw2999,2999,217,+,B,108,1,And get rid of the American Express   because it costs so much. /,And/CC get/VB rid/VBN of/IN the/DT American/NNP Express/NNP because/IN it/PRP costs/VBZ so/RB much/JJ ./.,,,336.28,338.78000000000003
sw07utt/sw_0789_2999.utt,2/sw2999,2999,218,qy,A,109,1,"Have you ever run into problems of  charging up more than you meant to and  having to,","Have/VBP you/PRP ever/RB run/VBP into/IN problems/NNS of/IN charging/VBG up/RP more/JJR than/IN you/PRP meant/VBD to/TO and/CC having/VBG to/TO ,/,",,,339.21,343.19
sw07utt/sw_0789_2999.utt,2/sw2999,2999,219,nn,B,110,1,No. /,No/UH ./.,,,343.26,343.59999999999997
sw07utt/sw_0789_2999.utt,2/sw2999,2999,220,+,A,111,1,be stuck with that?  /,be/VB stuck/VBN with/IN that/DT ?/.,,,343.59,344.23
sw07utt/sw_0789_2999.utt,2/sw2999,2999,221,sd,A,111,2,"We've never had,","We/PRP 've/VBP never/RB had/VBN ,/,",,,344.23,344.67
sw07utt/sw_0789_2999.utt,2/sw2999,2999,222,nn,B,112,1,No. /,No/UH ./.,,,344.68,344.8
sw07utt/sw_0789_2999.utt,2/sw2999,2999,223,+,A,113,1,that problem either. /,that/DT problem/NN either/RB ./.,,,344.79,345.43
sw07utt/sw_0789_2999.utt,2/sw2999,2999,224,%,B,114,1,"I, - /","I/PRP ,/,",,,345.6,345.78000000000003
sw07utt/sw_0789_2999.utt,2/sw2999,2999,225,sd,B,114,2,"{C and } [ I don't under-, + {E I mean, } I guess I do  understand ] the mentality of people doing it  /","and/CC I/PRP do/VBP n't/RB under/VB ,/, I/PRP mean/VBP ,/, I/PRP guess/VBP I/PRP do/VBP understand/VB the/DT mentality/NN of/IN people/NNS doing/VBG it/PRP",,,345.86,349.24
sw07utt/sw_0789_2999.utt,2/sw2999,2999,226,sd,B,114,3,{C but } I don't understand.  /,but/CC I/PRP do/VBP n't/RB understand/VB ./.,,,349.28,350.24
sw07utt/sw_0789_2999.utt,2/sw2999,2999,227,%,B,114,4,"Yea-, - /","Yea-/UH ,/,",,,0.0,0.0
sw07utt/sw_0789_2999.utt,2/sw2999,2999,228,sv,B,114,5,{C because } people think it doesn't really cost them anything to pay.  /,because/IN people/NNS think/VBP it/PRP does/VBZ n't/RB really/RB cost/VB them/PRP anything/NN to/TO pay/VB ./.,,,351.88,354.16
sw07utt/sw_0789_2999.utt,2/sw2999,2999,229,sd,B,114,6,I have had months where I was shocked at how much had come in because {D like } I thought I would  buy a big expense and  think that it would take one or two months to process -- /,I/PRP have/VBP had/VBN months/NNS where/WRB I/PRP was/VBD shocked/JJ at/IN how/WRB much/JJ had/VBD come/VBN in/RB because/IN like/UH I/PRP thought/VBD I/PRP would/MD buy/VB a/DT big/JJ expense/NN and/CC think/VBP that/IN it/PRP would/MD take/VB one/CD or/CC two/CD months/NNS to/TO process/VB --/:,,,354.18,361.36
sw07utt/sw_0789_2999.utt,2/sw2999,2999,230,b,A,115,1,Uh-huh. /,Uh-huh/UH ./.,,,361.37,361.53000000000003
sw07utt/sw_0789_2999.utt,2/sw2999,2999,231,sd,B,116,1,-- {C and } sometimes it comes in right away  /,--/: and/CC sometimes/RB it/PRP comes/VBZ in/RB right/RB away/RB,,,361.58,363.18
sw07utt/sw_0789_2999.utt,2/sw2999,2999,232,sd(^q),B,116,2,"{C and } it's like, {F oh, } {D well, } guess,","and/CC it/PRP 's/BES like/IN ,/, oh/UH ,/, well/UH ,/, guess/VBP ,/,",,,363.18,364.38000000000005
sw07utt/sw_0789_2999.utt,2/sw2999,2999,233,x,A,117,1,<Laughter>.,,,,0.0,0.0
sw07utt/sw_0789_2999.utt,2/sw2999,2999,234,+,B,118,1,I have to pay that too. /,I/PRP have/VBP to/TO pay/VB that/DT too/RB ./.,,,364.38,365.22
sw07utt/sw_0789_2999.utt,2/sw2999,2999,235,b,A,119,1,Yeah. /,Yeah/UH ./.,,,365.5,365.84
sw07utt/sw_0789_2999.utt,2/sw2999,2999,236,sd(^q),B,120,1,"{C Because }  ((   ))  {D like } many times [ I'll tr-, + I'll ]  buy some things towards the end of the month thinking, hey, I won't get that bill  until the next bill,","Because/IN MUMBLEx/XX like/IN many/JJ times/NNS I/PRP 'll/MD tr/VB ,/, I/PRP 'll/MD buy/VB some/DT things/NNS towards/IN the/DT end/NN of/IN the/DT month/NN thinking/VBG ,/, hey/UH ,/, I/PRP wo/MD n't/RB get/VB that/DT bill/NN until/IN the/DT next/JJ bill/NN ,/,",,,365.86,372.64000000000004
sw07utt/sw_0789_2999.utt,2/sw2999,2999,237,b,A,121,1,Right. /,Right/UH ./.,,,372.68,372.8
sw07utt/sw_0789_2999.utt,2/sw2999,2999,238,+,B,122,1,not this bill.  /,not/RB this/DT bill/NN ./.,,,372.82,373.34000000000003
sw07utt/sw_0789_2999.utt,2/sw2999,2999,239,sd,B,122,2,"{C And } it will come in on the  next one,  /","And/CC it/PRP will/MD come/VB in/RB on/IN the/DT next/JJ one/NN ,/,",,,373.64,374.76
sw07utt/sw_0789_2999.utt,2/sw2999,2999,240,sd,B,122,3,you have to pay for it right away anyway. /,you/PRP have/VBP to/TO pay/VB for/IN it/PRP right/RB away/RB anyway/RB ./.,,,374.76,376.14
sw07utt/sw_0789_2999.utt,2/sw2999,2999,241,b,A,123,1,Yeah  /,Yeah/UH,,,376.12,376.42
sw07utt/sw_0789_2999.utt,2/sw2999.pos,2999,242,x,A,123,2,<laughter>.,./.,,,0.0,0.0
sw07utt/sw_0789_2999.utt,2/sw2999,2999,243,sd,B,124,1,{C But } sometimes the  ((   ))  is  (( long )) . - /,But/CC sometimes/RB the/DT MUMBLEx/XX is/VBZ long/JJ ./.,,,376.58,378.47999999999996
sw07utt/sw_0789_2999.utt,2/sw2999,2999,244,sd,B,124,2,{D Like } I've had things that I didn't get billed on for two or three months. /,Like/IN I/PRP 've/VBP had/VBN things/NNS that/WDT I/PRP did/VBD n't/RB get/VB billed/VBN on/RP for/IN two/CD or/CC three/CD months/NNS ./.,,,378.48,380.84000000000003
sw07utt/sw_0789_2999.utt,2/sw2999,2999,245,aa,A,125,1,"Yeah,  /","Yeah/UH ,/,",,,381.34,381.61999999999995
sw07utt/sw_0789_2999.utt,2/sw2999,2999,246,sd,A,125,2,I guess it depends on whoever  you buy it from how fast they turn them in or something. /,I/PRP guess/VBP it/PRP depends/VBZ on/IN whoever/WP you/PRP buy/VBP it/PRP from/IN how/WRB fast/RB they/PRP turn/VBP them/PRP in/RP or/CC something/NN ./.,,,381.62,385.18
sw07utt/sw_0789_2999.utt,2/sw2999,2999,247,b,B,126,1,Yeah. /,Yeah/UH ./.,,,385.2,385.47999999999996
sw07utt/sw_0789_2999.utt,2/sw2999,2999,248,sd,A,127,1,"Lot of places have tho-, - /","Lot/NN of/IN places/NNS have/VBP tho-/XX ,/,",,,385.6,386.44
sw07utt/sw_0789_2999.utt,2/sw2999,2999,249,sd,A,127,2,"I guess they're called those pointed sale terminals where it's like it goes in the minute,","I/PRP guess/VBP they/PRP 're/VBP called/VBN those/DT pointed/JJ sale/NN terminals/NNS where/WRB it/PRP 's/BES like/IN it/PRP goes/VBZ in/IN the/DT minute/NN ,/,",,,387.64,390.96000000000004
sw07utt/sw_0789_2999.utt,2/sw2999,2999,250,bf,B,128,1,# Immediately. # /,Immediately/RB ./.,,,0.0,0.0
sw07utt/sw_0789_2999.utt,2/sw2999,2999,251,+,A,129,1,# you charge it. # /,you/PRP charge/VBP it/PRP ./.,,,390.96,391.82
sw07utt/sw_0789_2999.utt,2/sw2999,2999,252,b,B,130,1,"Yeah, /","Yeah/UH ,/,",,,392.06,392.24
sw07utt/sw_0789_2999.utt,2/sw2999,2999,253,b,A,131,1,Yeah. /,Yeah/UH ./.,,,392.22,392.36
sw07utt/sw_0789_2999.utt,2/sw2999,2999,254,sd,B,132,1,"{C but, } that's what happened with us  /","but/CC ,/, that/DT 's/BES what/WP happened/VBN with/IN us/PRP",,,392.38,393.06
sw07utt/sw_0789_2999.utt,2/sw2999,2999,255,sd,B,132,2,"{D like } we bought a washing machine (( seven ))  months ago, /","like/UH we/PRP bought/VBD a/DT washing/NN machine/NN seven/CD months/NNS ago/RB ,/,",,,393.06,395.11999999999995
sw07utt/sw_0789_2999.utt,2/sw2999,2999,256,b,A,133,1,Oh. /,Oh/UH ./.,,,395.1,395.26000000000005
sw07utt/sw_0789_2999.utt,2/sw2999,2999,257,sd,B,134,1,{C and } [ that + ] I got billed {D like } the next day <laughter>. /,and/CC that/IN I/PRP got/VBD billed/VBN like/UH the/DT next/JJ day/NN ./.,,,395.56,397.67999999999995
sw07utt/sw_0789_2999.utt,2/sw2999,2999,258,ba,A,135,1,"{F Oh, } gosh. /","Oh/UH ,/, gosh/UH ./.",,,398.14,398.58000000000004
sw07utt/sw_0789_2999.utt,2/sw2999,2999,259,sd,B,136,1,It didn't matter because we couldn't  have paid for it by check  /,It/PRP did/VBD n't/RB matter/VB because/IN we/PRP could/MD n't/RB have/VB paid/VBN for/IN it/PRP by/IN check/NN,,,398.62,400.8
sw07utt/sw_0789_2999.utt,2/sw2999,2999,260,sd,B,136,2,"{C but } we prefer g-, - /","but/CC we/PRP prefer/VBP g-/XX ,/,",,,400.8,401.46
sw07utt/sw_0789_2999.utt,2/sw2999,2999,261,sd,B,136,3,"{D like } with the credit card you get  the automatic, {F um, } one year guarantee so if something breaks, things like that. /","like/UH with/IN the/DT credit/NN card/NN you/PRP get/VBP the/DT automatic/NN ,/, um/UH ,/, one/CD year/NN guarantee/NN so/IN if/IN something/NN breaks/VBZ ,/, things/NNS like/IN that/DT ./.",,,402.18,407.6
sw07utt/sw_0789_2999.utt,2/sw2999,2999,262,b,A,137,1,"Yeah,  /","Yeah/UH ,/,",,,407.56,407.88
sw07utt/sw_0789_2999.utt,2/sw2999,2999,263,ba,A,137,2,that's nice. /,that/DT 's/BES nice/JJ ./.,,,407.88,408.40000000000003
sw07utt/sw_0789_2999.utt,2/sw2999,2999,264,sd,B,138,1,"You can, {F uh, } return it so {D like } the washing machine  we bought it in October - /","You/PRP can/MD ,/, uh/UH ,/, return/VB it/PRP so/RB like/UH the/DT washing/NN machine/NN we/PRP bought/VBD it/PRP in/IN October/NNP",,,408.44,412.46000000000004
sw07utt/sw_0789_2999.utt,2/sw2999,2999,265,sd,B,138,2,"{C and, } {D you know, } if something goes wrong with  it within the first year we've got an automatic guarantee on it besides the manufacturer's guarantee. /","and/CC ,/, you/PRP know/VBP ,/, if/IN something/NN goes/VBZ wrong/RB with/IN it/PRP within/IN the/DT first/JJ year/NN we/PRP 've/VBP got/VBN an/DT automatic/JJ guarantee/NN on/IN it/PRP besides/IN the/DT manufacturer/NN 's/POS guarantee/NN ./.",,,412.78,419.9
sw07utt/sw_0789_2999.utt,2/sw2999,2999,266,b,A,139,1,Right. /,Right/UH ./.,,,420.1,420.56
sw07utt/sw_0789_2999.utt,2/sw2999,2999,267,sd,B,140,1,"{C And } somethings like that are, -/","And/CC somethings/NNS like/IN that/DT are/VBP ,/,",,,420.76,422.38
sw07utt/sw_0789_2999.utt,2/sw2999,2999,268,b,A,141,1,"Yeah,  /","Yeah/UH ,/,",,,422.36,422.46000000000004
sw07utt/sw_0789_2999.utt,2/sw2999,2999,269,sd,A,141,2,I like that feature  /,I/PRP like/VBP that/DT feature/NN,,,422.46,423.36
sw07utt/sw_0789_2999.utt,2/sw2999,2999,270,sd,A,141,3,"{C and } the insur-, {D like }  if you break it yourself even, {D you know, } -/","and/CC the/DT insur-/NN ,/, like/UH if/IN you/PRP break/VBP it/PRP yourself/PRP even/RB ,/, you/PRP know/VBP ,/,",,,423.36,425.76
sw07utt/sw_0789_2999.utt,2/sw2999,2999,271,b,B,142,1,Right. /,Right/UH ./.,,,425.8,426.02000000000004
sw07utt/sw_0789_2999.utt,2/sw2999,2999,272,sd,A,143,1,if you buy something that's breakable. -/,if/IN you/PRP buy/VBP something/NN that/WDT 's/BES breakable/JJ ./.,,,425.98,427.2
sw07utt/sw_0789_2999.utt,2/sw2999,2999,273,bf,B,144,1,{C Or } if it gets stolen or if you lose it or  whatever it might be -- /,Or/CC if/IN it/PRP gets/VBZ stolen/VBN or/CC if/IN you/PRP lose/VBP it/PRP or/CC whatever/WDT it/PRP might/MD be/VB --/:,,,427.3,429.71999999999997
sw07utt/sw_0789_2999.utt,2/sw2999,2999,274,b,A,145,1,Yeah. /,Yeah/UH ./.,,,429.68,429.96
sw07utt/sw_0789_2999.utt,2/sw2999,2999,275,sd,B,146,1,"-- {C and } [ {C so, } + {C so } ]  that's, {D you know, } another advantage.   {C And then } even things like airline tickets you automatically  get flight insurance which, {F um, } (( [ you )) , + hopefully you ] never use. /","--/: and/CC so/RB ,/, so/RB that/DT 's/BES ,/, you/PRP know/VBP ,/, another/DT advantage/NN ./. And/CC then/RB even/RB things/NNS like/IN airline/NN tickets/NNS you/PRP automatically/RB get/VBP flight/NN insurance/NN which/WDT ,/, um/UH ,/, you/PRP ,/, hopefully/RB you/PRP never/RB use/VBP ./.",,,430.0,439.18
sw07utt/sw_0789_2999.utt,2/sw2999,2999,276,x,A,147,1,<Laughter>.,,,,0.0,0.0
sw07utt/sw_0789_2999.utt,2/sw2999,2999,277,sd,B,148,1,"{C But } like if your bagga-, - /","But/CC like/UH if/IN your/PRP$ bagga-/NN ,/,",,,439.18,439.72
sw07utt/sw_0789_2999.utt,2/sw2999,2999,278,sd,B,148,2,"{C but } things like  if your baggage gets lost, you get money for that --","but/CC things/NNS like/IN if/IN your/PRP$ baggage/NN gets/VBZ lost/VBN ,/, you/PRP get/VBP money/NN for/IN that/DT --/:",,,439.72,443.12
sw07utt/sw_0789_2999.utt,2/sw2999,2999,279,bh,A,149,1,"{F Oh, } really? /","Oh/UH ,/, really/UH ?/.",,,443.23,443.77
sw07utt/sw_0789_2999.utt,2/sw2999,2999,280,+,B,150,1,-- to buy new bags # and things like that. # /,--/: to/TO buy/VB new/JJ bags/NNS and/CC things/NNS like/IN that/DT ./.,,,443.82,445.44
sw07utt/sw_0789_2999.utt,2/sw2999,2999,281,sd,A,151,1,"# {F Oh, } I didn't know that. # /","Oh/UH ,/, I/PRP did/VBD n't/RB know/VB that/DT ./.",,,0.0,0.0
sw07utt/sw_0789_2999.utt,2/sw2999,2999,282,aa,B,152,1,"{C And } yeah,  /","And/CC yeah/UH ,/,",,,445.86,446.15999999999997
sw07utt/sw_0789_2999.utt,2/sw2999,2999,283,sd,B,152,2,"when you rent a car,  you get that  /","when/WRB you/PRP rent/VBP a/DT car/NN ,/, you/PRP get/VBP that/DT",,,446.16,447.53999999999996
sw07utt/sw_0789_2999.utt,2/sw2999,2999,284,sd,B,152,3,{C and } sometimes you get discounts with the cards  /,and/CC sometimes/RB you/PRP get/VBP discounts/NNS with/IN the/DT cards/NNS,,,447.54,449.25
sw07utt/sw_0789_2999.utt,2/sw2999,2999,285,%,B,152,4,{C and so } ... -/,and/CC so/RB .../:,,,449.39,449.69
