swda_filename,ptb_basename,conversation_no,transcript_index,act_tag,caller,utterance_index,subutterance_index,text,pos,trees,ptb_treenumbers,start_ts,end_ts
sw10utt/sw_1008_3016.utt,3/sw3016,3016,0,qy,A,1,1,Do you have any? /,Do/VBP you/PRP have/VB any/DT ?/.,,,1.4,2.3600000000000003
sw10utt/sw_1008_3016.utt,3/sw3016,3016,1,no,B,2,1,I'm trying to think offhand  /,I/PRP 'm/VBP trying/VBG to/TO think/VB offhand/RB,,,3.14,4.68
sw10utt/sw_1008_3016.utt,3/sw3016,3016,2,ng,B,2,2,"I can't think of anything, {D you know. } /","I/PRP ca/MD n't/RB think/VB of/IN anything/NN ,/, you/PRP know/VBP ./.",,,4.68,6.44
sw10utt/sw_1008_3016.utt,3/sw3016,3016,3,sd,A,3,1,"[ I have, + I have  ] one, /","I/PRP have/VBP ,/, I/PRP have/VBP one/CD ,/,",,,6.68,7.84
sw10utt/sw_1008_3016.utt,3/sw3016,3016,4,bk,B,4,1,Okay. /,Okay/UH ./.,,,7.94,8.08
sw10utt/sw_1008_3016.utt,3/sw3016,3016,5,sd,A,5,1,((   ))  {C and } it's a real pet peeve of mine. /,MUMBLEx/XX and/CC it/PRP 's/BES a/DT real/JJ pet/NN peeve/NN of/IN mine/PRP ./.,,,8.22,10.180000000000001
sw10utt/sw_1008_3016.utt,3/sw3016,3016,6,x,B,6,1,<Laughter>.,,,,0.0,0.0
sw10utt/sw_1008_3016.utt,3/sw3016,3016,7,sd,A,7,1,"It seems [ I, + I  ] do work during the day  /","It/PRP seems/VBZ I/PRP ,/, I/PRP do/VBP work/NN during/IN the/DT day/NN",,,10.78,13.02
sw10utt/sw_1008_3016.utt,3/sw3016,3016,8,sd,A,7,2,"{C and } when I'm home, {F uh, } {D you know } I'm either cooking or running doing,","and/CC when/WRB I/PRP 'm/VBP home/RB ,/, uh/UH ,/, you/PRP know/VBP I/PRP 'm/VBP either/CC cooking/VBG or/CC running/VBG doing/VBG ,/,",,,13.02,16.74
sw10utt/sw_1008_3016.utt,3/sw3016,3016,9,b,B,8,1,Uh-huh. /,Uh-huh/UH ./.,,,16.74,16.9
sw10utt/sw_1008_3016.utt,3/sw3016,3016,10,+,A,9,1,"things or, {F uh, } laundry or stuff.  /","things/NNS or/CC ,/, uh/UH ,/, laundry/NN or/CC stuff/NN ./.",,,16.9,18.18
sw10utt/sw_1008_3016.utt,3/sw3016,3016,11,sd,A,9,2,{C And } I hate when the phone rings and it turns out to be a telephone salesman. /,And/CC I/PRP hate/VBP when/WRB the/DT phone/NN rings/VBZ and/CC it/PRP turns/VBZ out/RP to/TO be/VB a/DT telephone/NN salesman/NN ./.,,,18.18,23.54
sw10utt/sw_1008_3016.utt,3/sw3016,3016,12,b,B,10,1,Oh <laughter>. /,Oh/UH ./.,,,23.68,24.04
sw10utt/sw_1008_3016.utt,3/sw3016,3016,13,%,A,11,1,"{C And } it's real, - /","And/CC it/PRP 's/BES real/RB ,/,",,,24.96,25.740000000000002
sw10utt/sw_1008_3016.utt,3/sw3016,3016,14,sd,A,11,2,"the two pet peeves that, - /","the/DT two/CD pet/NN peeves/NNS that/IN ,/,",,,26.06,27.16
sw10utt/sw_1008_3016.utt,3/sw3016,3016,15,sd,A,11,3,"number one, I really feel that that's [ my private, + {D you know, } my own  ] home.  /","number/NN one/LS ,/, I/PRP really/RB feel/VBP that/IN that/DT 's/BES my/PRP$ private/JJ ,/, you/PRP know/VBP ,/, my/PRP$ own/JJ home/NN ./.",,,27.16,30.860000000000003
sw10utt/sw_1008_3016.utt,3/sw3016,3016,16,b,B,12,1,Uh-huh. /,Uh-huh/UH ./.,,,30.86,31.24
sw10utt/sw_1008_3016.utt,3/sw3016,3016,17,%,A,13,1,"{C And } I ha-, - /","And/CC I/PRP ha-/XX ,/,",,,31.5,31.96
sw10utt/sw_1008_3016.utt,3/sw3016,3016,18,sd,A,13,2,"{C and } if I want something, I will get it. /","and/CC if/IN I/PRP want/VBP something/NN ,/, I/PRP will/MD get/VB it/PRP ./.",,,32.34,34.78
sw10utt/sw_1008_3016.utt,3/sw3016,3016,19,b,B,14,1,Uh-huh. /,Uh-huh/UH ./.,,,34.78,34.9
sw10utt/sw_1008_3016.utt,3/sw3016,3016,20,sd,A,15,1,I will go out and get it myself.  /,I/PRP will/MD go/VB out/RB and/CC get/VB it/PRP myself/PRP ./.,,,35.36,36.78
sw10utt/sw_1008_3016.utt,3/sw3016,3016,21,sd,A,15,2,"{C And } [ I will never, + I never  ] buy anything from a telephone,","And/CC I/PRP will/MD never/RB ,/, I/PRP never/RB buy/VBP anything/NN from/IN a/DT telephone/NN ,/,",,,36.78,39.72
sw10utt/sw_1008_3016.utt,3/sw3016,3016,22,aa,B,16,1,"{F Oh, } I wouldn't,","Oh/UH ,/, I/PRP would/MD n't/RB ,/,",,,39.84,40.54
sw10utt/sw_1008_3016.utt,3/sw3016,3016,23,+,A,17,1,salesperson. /,salesperson/NN ./.,,,40.58,41.04
sw10utt/sw_1008_3016.utt,3/sw3016,3016,24,+,B,18,1,"either,  /","either/RB ,/,",,,41.04,41.18
sw10utt/sw_1008_3016.utt,3/sw3016,3016,25,aa,B,18,2,no. /,no/UH ./.,,,41.18,41.4
sw10utt/sw_1008_3016.utt,3/sw3016,3016,26,sd,A,19,1,"{C So, } I really feel [ that it  is a real invasion, + they're invading  ] my time and  my space --","So/RB ,/, I/PRP really/RB feel/VBP that/IN it/PRP is/VBZ a/DT real/JJ invasion/NN ,/, they/PRP 're/VBP invading/VBG my/PRP$ time/NN and/CC my/PRP$ space/NN --/:",,,41.68,46.42
sw10utt/sw_1008_3016.utt,3/sw3016,3016,27,b,B,20,1,Uh-huh. /,Uh-huh/UH ./.,,,46.72,47.08
sw10utt/sw_1008_3016.utt,3/sw3016,3016,28,+,A,21,1,"-- by, {D you know, } interfering in whatever I'm doing  /","--/: by/IN ,/, you/PRP know/VBP ,/, interfering/VBG in/IN whatever/WDT I/PRP 'm/VBP doing/VBG",,,47.08,50.08
sw10utt/sw_1008_3016.utt,3/sw3016,3016,29,%,A,21,2,"fr-, - /","fr-/XX ,/,",,,0.0,0.0
sw10utt/sw_1008_3016.utt,3/sw3016,3016,30,%,A,21,3,"{C and } I, - /","and/CC I/PRP ,/,",,,50.34,51.42
sw10utt/sw_1008_3016.utt,3/sw3016,3016,31,sd,A,21,4,it really bothers me. /,it/PRP really/RB bothers/VBZ me/PRP ./.,,,51.42,52.78
sw10utt/sw_1008_3016.utt,3/sw3016,3016,32,b,B,22,1,Uh-huh. /,Uh-huh/UH ./.,,,53.02,53.34
sw10utt/sw_1008_3016.utt,3/sw3016,3016,33,sv,A,23,1,"{F Um, } it's a little bit like junk mail [ but + ] except you can't, {D you know, } ignore it, {F uh, } quite as easily. /","Um/UH ,/, it/PRP 's/BES a/DT little/JJ bit/NN like/IN junk/NN mail/NN but/CC except/IN you/PRP ca/MD n't/RB ,/, you/PRP know/VBP ,/, ignore/VB it/PRP ,/, uh/UH ,/, quite/RB as/IN easily/RB ./.",,,53.74,58.48
sw10utt/sw_1008_3016.utt,3/sw3016,3016,34,b,B,24,1,Yeah. /,Yeah/UH ./.,,,58.48,58.9
sw10utt/sw_1008_3016.utt,3/sw3016,3016,35,sd,A,25,1,"{C And } [ I, + I  ] try to be polite, /","And/CC I/PRP ,/, I/PRP try/VBP to/TO be/VB polite/JJ ,/,",,,59.14,60.8
sw10utt/sw_1008_3016.utt,3/sw3016,3016,36,x,B,26,1,<Laughter>.,,,,0.0,0.0
sw10utt/sw_1008_3016.utt,3/sw3016,3016,37,sd,A,27,1,"{C but } at the same point, -/","but/CC at/IN the/DT same/JJ point/NN ,/,",,,61.26,62.64
sw10utt/sw_1008_3016.utt,3/sw3016,3016,38,^2,B,28,1,That doesn't always work. /,That/DT does/VBZ n't/RB always/RB work/VBP ./.,,,62.64,63.5
sw10utt/sw_1008_3016.utt,3/sw3016,3016,39,sd,A,29,1,"{D Well, } I just say thank you very much for calling but I'm not interested,  /","Well/UH ,/, I/PRP just/RB say/VBP thank/VB you/PRP very/RB much/RB for/IN calling/VBG but/CC I/PRP 'm/VBP not/RB interested/JJ ,/,",,,63.84,66.52000000000001
sw10utt/sw_1008_3016.utt,3/sw3016,3016,40,sd,A,29,2,{C and then } I hang up before they can say anything. /,and/CC then/RB I/PRP hang/VBP up/RP before/IN they/PRP can/MD say/VB anything/NN ./.,,,66.52,68.14
sw10utt/sw_1008_3016.utt,3/sw3016,3016,41,bh,B,30,1,"{F Oh, } really? /","Oh/UH ,/, really/UH ?/.",,,68.14,68.69999999999999
sw10utt/sw_1008_3016.utt,3/sw3016,3016,42,ny,A,31,1,"Yes,  /","Yes/UH ,/,",,,68.98,69.26
sw10utt/sw_1008_3016.utt,3/sw3016,3016,43,sv^e,A,31,2,{C and } it works very well <laughter>. /,and/CC it/PRP works/VBZ very/RB well/RB ./.,,,69.26,70.10000000000001
sw10utt/sw_1008_3016.utt,3/sw3016,3016,44,b,B,32,1,Oh <laughter>. /,Oh/UH ./.,,,70.14,70.34
sw10utt/sw_1008_3016.utt,3/sw3016,3016,45,sd,A,33,1,"{C Because } you don't hear, {D you know } how, - /","Because/IN you/PRP do/VBP n't/RB hear/VB ,/, you/PRP know/VBP how/WRB ,/,",,,70.34,71.84
sw10utt/sw_1008_3016.utt,3/sw3016,3016,46,sd,A,33,2,they can say anything they want  /,they/PRP can/MD say/VB anything/NN they/PRP want/VBP,,,71.84,72.88
sw10utt/sw_1008_3016.utt,3/sw3016,3016,47,%,A,33,3,"it's just, - /","it/PRP 's/BES just/RB ,/,",,,72.88,73.30000000000001
sw10utt/sw_1008_3016.utt,3/sw3016,3016,48,sd,A,33,4,"{C but } I just feel that's [ my big thing on the invasion of, + my thing on invasion of  ] privacy. /","but/CC I/PRP just/RB feel/VBP that/DT 's/BES my/PRP$ big/JJ thing/NN on/IN the/DT invasion/NN of/IN ,/, my/PRP$ thing/NN on/IN invasion/NN of/IN privacy/NN ./.",,,73.46,78.46000000000001
sw10utt/sw_1008_3016.utt,3/sw3016,3016,49,b,B,34,1,Uh-huh. /,Uh-huh/UH ./.,,,78.46,78.58
sw10utt/sw_1008_3016.utt,3/sw3016,3016,50,sd,A,35,1,"{C And, } {F um, } [ I have, + {F uh, } I sort of have  ] a sort {D like } - /","And/CC ,/, um/UH ,/, I/PRP have/VBP ,/, uh/UH ,/, I/PRP sort/RB of/RB have/VBP a/DT sort/NN like/IN",,,79.26,82.62
sw10utt/sw_1008_3016.utt,3/sw3016,3016,51,sd,A,35,2,you can prevent yourself from getting junk mail by getting yourself off of mailing lists.  /,you/PRP can/MD prevent/VB yourself/PRP from/IN getting/VBG junk/NN mail/NN by/IN getting/VBG yourself/PRP off/IN of/IN mailing/NN lists/NNS ./.,,,82.62,86.78
sw10utt/sw_1008_3016.utt,3/sw3016,3016,52,sd,A,35,3,"I wish that there were a way that you could, {F um, } [ get your tele-, + {D you know, } submit   your telephone ] number to the phone company and have a penalty for anyone who calls you to sell things,","I/PRP wish/VBP that/IN there/EX were/VBD a/DT way/NN that/IN you/PRP could/MD ,/, um/UH ,/, get/VB your/PRP$ tele-/NN ,/, you/PRP know/VBP ,/, submit/VB your/PRP$ telephone/NN number/NN to/IN the/DT phone/NN company/NN and/CC have/VB a/DT penalty/NN for/IN anyone/NN who/WP calls/VBZ you/PRP to/TO sell/VB things/NNS ,/,",,,87.12,97.25999999999999
sw10utt/sw_1008_3016.utt,3/sw3016,3016,53,b,B,36,1,"Uh-huh, /","Uh-huh/UH ,/,",,,97.38,97.6
sw10utt/sw_1008_3016.utt,3/sw3016,3016,54,+,A,37,1,"from a busi-, -/","from/IN a/DT busi-/NN ,/,",,,97.68,97.88
sw10utt/sw_1008_3016.utt,3/sw3016,3016,55,qw,B,38,1,"{D well, } how do you get your name off the junk mailing list? /","well/UH ,/, how/WRB do/VBP you/PRP get/VB your/PRP$ name/NN off/IN the/DT junk/NN mailing/NN list/NN ?/.",,,97.88,100.22
sw10utt/sw_1008_3016.utt,3/sw3016,3016,56,sd,A,39,1,"{F Uh, } [ [ [ you, + you, ] + you, ] + you ] do that by, {F uh, } {F um, } - /","Uh/UH ,/, you/PRP ,/, you/PRP ,/, you/PRP ,/, you/PRP do/VBP that/IN by/IN ,/, uh/UH ,/, um/UH ,/,",,,100.88,103.32
sw10utt/sw_1008_3016.utt,3/sw3016,3016,57,sd,A,39,2,"the postal service has some information which you fill out and they send,  /","the/DT postal/JJ service/NN has/VBZ some/DT information/NN which/WDT you/PRP fill/VBP out/RP and/CC they/PRP send/VBP ,/,",,,103.32,106.9
sw10utt/sw_1008_3016.utt,3/sw3016,3016,58,sd,A,39,3,"it's for every company,  /","it/PRP 's/BES for/IN every/DT company/NN ,/,",,,106.9,107.92
sw10utt/sw_1008_3016.utt,3/sw3016,3016,59,sd,A,39,4,"{E I mean } you can't do it for any compan-, /","I/PRP mean/VBP you/PRP ca/MD n't/RB do/VB it/PRP for/IN any/DT compan-/NN ,/,",,,107.92,109.03999999999999
sw10utt/sw_1008_3016.utt,3/sw3016,3016,60,b,B,40,1,Uh-huh. /,Uh-huh/UH ./.,,,109.12,109.38000000000001
sw10utt/sw_1008_3016.utt,3/sw3016,3016,61,sd,A,41,1,"{D you know, } {C but } you can then send it  /","you/PRP know/VBP ,/, but/CC you/PRP can/MD then/RB send/VB it/PRP",,,109.42,111.18
sw10utt/sw_1008_3016.utt,3/sw3016,3016,62,sd,A,41,2,"{C and }  they can pro-, - /","and/CC they/PRP can/MD pro-/XX ,/,",,,111.18,112.0
sw10utt/sw_1008_3016.utt,3/sw3016,3016,63,%,A,41,3,"they tell, - /","they/PRP tell/VBP ,/,",,,112.0,112.36
sw10utt/sw_1008_3016.utt,3/sw3016,3016,64,sd,A,41,4,"that company is not allowed to sent [ it, + ] you any junk mail. /","that/DT company/NN is/VBZ not/RB allowed/VBN to/TO sent/VBD it/PRP ,/, you/PRP any/DT junk/NN mail/NN ./.",,,112.38,114.61999999999999
sw10utt/sw_1008_3016.utt,3/sw3016,3016,65,bh,B,42,1,"{F Oh, } really? /","Oh/UH ,/, really/UH ?/.",,,114.62,115.1
sw10utt/sw_1008_3016.utt,3/sw3016,3016,66,sd,A,43,1,"If you get junk mail on a regular basis from any particular company you can, -/","If/IN you/PRP get/VBP junk/NN mail/NN on/IN a/DT regular/JJ basis/NN from/IN any/DT particular/JJ company/NN you/PRP can/MD ,/,",,,115.1,117.86
sw10utt/sw_1008_3016.utt,3/sw3016,3016,67,b,B,44,1,"{F Oh, } I didn't even know that. /","Oh/UH ,/, I/PRP did/VBD n't/RB even/RB know/VB that/DT ./.",,,117.86,118.94
sw10utt/sw_1008_3016.utt,3/sw3016,3016,68,b,A,45,1,"Yeah,  /","Yeah/UH ,/,",,,119.3,119.61999999999999
sw10utt/sw_1008_3016.utt,3/sw3016,3016,69,b^r,A,45,2,"yeah,  /","yeah/UH ,/,",,,119.82,119.97999999999999
sw10utt/sw_1008_3016.utt,3/sw3016,3016,70,sd,A,45,3,"you have to go to the post office and ask them for the form that you fill out [ to, +  not to ] get, {D you know, } junk mail from specific companies. /","you/PRP have/VBP to/TO go/VB to/IN the/DT post/NN office/NN and/CC ask/VB them/PRP for/IN the/DT form/NN that/WDT you/PRP fill/VBP out/RP to/TO ,/, not/RB to/TO get/VB ,/, you/PRP know/VBP ,/, junk/NN mail/NN from/IN specific/JJ companies/NNS ./.",,,119.98,126.03999999999999
sw10utt/sw_1008_3016.utt,3/sw3016,3016,71,ba,B,46,1,"{F Oh, } wow. /","Oh/UH ,/, wow/UH ./.",,,126.38,127.02
sw10utt/sw_1008_3016.utt,3/sw3016,3016,72,sd,A,47,1,{C And } I wish there were something like that where you can call the telephone company -- /,And/CC I/PRP wish/VBP there/EX were/VBD something/NN like/IN that/DT where/WRB you/PRP can/MD call/VB the/DT telephone/NN company/NN --/:,,,127.02,130.04
sw10utt/sw_1008_3016.utt,3/sw3016,3016,73,b,B,48,1,Yeah. /,Yeah/UH ./.,,,130.16,130.57999999999998
sw10utt/sw_1008_3016.utt,3/sw3016,3016,74,sd,A,49,1,"-- {C and } you could [ say that, + {F uh, } have  ] [ your na-, + your number  ] put in a registry.  /","--/: and/CC you/PRP could/MD say/VB that/IN ,/, uh/UH ,/, have/VBP your/PRP$ na-/NN ,/, your/PRP$ number/NN put/VBN in/IN a/DT registry/NN ./.",,,130.58,135.36
sw10utt/sw_1008_3016.utt,3/sw3016,3016,75,sd,A,49,2,{C And then } anyone making these calls have to check that registry for that area --,And/CC then/JJ anyone/NN making/VBG these/DT calls/NNS have/VBP to/TO check/VB that/DT registry/NN for/IN that/DT area/NN --/:,,,135.76,140.16
sw10utt/sw_1008_3016.utt,3/sw3016,3016,76,b,B,50,1,Uh-huh. /,Uh-huh/UH ./.,,,140.16,140.29999999999998
sw10utt/sw_1008_3016.utt,3/sw3016,3016,77,+,A,51,1,"-- [ and [ could not, + should,  ] + and  ] is not allowed under penalty of, {D you know, } being reported or something to call you. /","--/: and/CC could/MD not/RB ,/, should/MD ,/, and/CC is/VBZ not/RB allowed/VBN under/IN penalty/NN of/IN ,/, you/PRP know/VBP ,/, being/VBG reported/VBN or/CC something/NN to/TO call/VB you/PRP ./.",,,141.02,146.82
sw10utt/sw_1008_3016.utt,3/sw3016,3016,78,b,B,52,1,Yeah. /,Yeah/UH ./.,,,146.82,147.22
sw10utt/sw_1008_3016.utt,3/sw3016,3016,79,sd,A,53,1,{C So } that would be one way of doing it. /,So/RB that/DT would/MD be/VB one/CD way/NN of/IN doing/VBG it/PRP ./.,,,147.92,149.72
sw10utt/sw_1008_3016.utt,3/sw3016,3016,80,sd,B,54,1,"I can't really think of anything that invades my privacy,  /","I/PRP ca/MD n't/RB really/RB think/VB of/IN anything/NN that/WDT invades/VBZ my/PRP$ privacy/NN ,/,",,,149.74,153.26000000000002
sw10utt/sw_1008_3016.utt,3/sw3016,3016,81,sd,B,54,2,"{C but } one of my pet peeves, {A you came up with the telephone } is, when you have an answering machine and they hang up before they leave a message. /","but/CC one/CD of/IN my/PRP$ pet/NN peeves/NNS ,/, you/PRP came/VBD up/RP with/IN the/DT telephone/NN is/VBZ ,/, when/WRB you/PRP have/VBP an/DT answering/NN machine/NN and/CC they/PRP hang/VBP up/RP before/IN they/PRP leave/VBP a/DT message/NN ./.",,,153.26,161.34
sw10utt/sw_1008_3016.utt,3/sw3016,3016,82,b,A,55,1,Uh-huh. /,Uh-huh/UH ./.,,,161.84,162.24
sw10utt/sw_1008_3016.utt,3/sw3016,3016,83,sd,B,56,1,I can't stand that. /,I/PRP ca/MD n't/RB stand/VB that/DT ./.,,,162.42,163.36
sw10utt/sw_1008_3016.utt,3/sw3016,3016,84,x,A,57,1,<Laughter>.,,,,0.0,0.0
sw10utt/sw_1008_3016.utt,3/sw3016,3016,85,sd,B,58,1,"I think that is so stupid, {D you know, }  /","I/PRP think/VBP that/DT is/VBZ so/RB stupid/JJ ,/, you/PRP know/VBP ,/,",,,164.1,167.5
sw10utt/sw_1008_3016.utt,3/sw3016,3016,86,%,B,58,2,"{C because, } -/","because/IN ,/,",,,167.5,167.7
sw10utt/sw_1008_3016.utt,3/sw3016,3016,87,sd,A,59,1,"{F Oh, } I'm guilty of that sometimes  /","Oh/UH ,/, I/PRP 'm/VBP guilty/JJ of/IN that/DT sometimes/RB",,,167.84,169.68
sw10utt/sw_1008_3016.utt,3/sw3016,3016,88,sd,A,59,2,{C because } I've called and there really wasn't any significant message  /,because/IN I/PRP 've/VBP called/VBN and/CC there/EX really/RB was/VBD n't/RB any/DT significant/JJ message/NN,,,169.68,173.35999999999999
sw10utt/sw_1008_3016.utt,3/sw3016,3016,89,sd,A,59,3,"[ {C and } I, + {C and } I  ] wasn't going to be available to be called back. /","and/CC I/PRP ,/, and/CC I/PRP was/VBD n't/RB going/VBG to/TO be/VB available/JJ to/TO be/VB called/VBN back/RB ./.",,,173.36,175.79999999999998
sw10utt/sw_1008_3016.utt,3/sw3016,3016,90,b,B,60,1,Uh-huh. /,Uh-huh/UH ./.,,,175.8,176.06
sw10utt/sw_1008_3016.utt,3/sw3016,3016,91,sd,A,61,1,"{C And } it was sort of like, {F oh, } the hell,  /","And/CC it/PRP was/VBD sort/RB of/RB like/IN ,/, oh/UH ,/, the/DT hell/UH ,/,",,,176.06,177.62
sw10utt/sw_1008_3016.utt,3/sw3016,3016,92,sd,A,61,2,"I'm not going to spend the time [ giving, +","I/PRP 'm/VBP not/RB going/VBG to/TO spend/VB the/DT time/NN giving/VBG ,/,",,,177.62,178.78
sw10utt/sw_1008_3016.utt,3/sw3016,3016,93,x,B,62,1,<Laughter>.,,,,0.0,0.0
sw10utt/sw_1008_3016.utt,3/sw3016,3016,94,+,A,63,1,"leaving  ] a message,  /","leaving/VBG a/DT message/NN ,/,",,,178.78,179.5
sw10utt/sw_1008_3016.utt,3/sw3016,3016,95,sd,A,63,2,"{C and, } {F uh, } I'll call later,","and/CC ,/, uh/UH ,/, I/PRP 'll/MD call/VB later/RB ,/,",,,179.5,180.94000000000003
sw10utt/sw_1008_3016.utt,3/sw3016,3016,96,b,B,64,1,Yeah. /,Yeah/UH ./.,,,180.94,181.5
sw10utt/sw_1008_3016.utt,3/sw3016,3016,97,+,A,65,1,<Laughter> if I'm available.  /,if/IN I/PRP 'm/VBP available/JJ ./.,,,181.52,182.32000000000002
sw10utt/sw_1008_3016.utt,3/sw3016,3016,98,sd,A,65,2,"The other thing [ that, + {F um, } that  ] there is recourse to and that's another thing, is when [ you, + you  ] use your credit card and then they ask for a telephone number. /","The/DT other/JJ thing/NN that/WDT ,/, um/UH ,/, that/IN there/EX is/VBZ recourse/NN to/IN and/CC that/DT 's/BES another/DT thing/NN ,/, is/VBZ when/WRB you/PRP ,/, you/PRP use/VBP your/PRP$ credit/NN card/NN and/CC then/RB they/PRP ask/VBP for/IN a/DT telephone/NN number/NN ./.",,,182.86,191.92000000000002
sw10utt/sw_1008_3016.utt,3/sw3016,3016,99,b,B,66,1,Uh-huh. /,Uh-huh/UH ./.,,,192.28,192.74
sw10utt/sw_1008_3016.utt,3/sw3016,3016,100,sd,A,67,1,"{D Well, } [ leg-, + legally  ] {D now } they're not allowed,  /","Well/UH ,/, leg-/RB ,/, legally/RB now/RB they/PRP 're/VBP not/RB allowed/VBN ,/,",,,193.26,195.18
sw10utt/sw_1008_3016.utt,3/sw3016,3016,101,%,A,67,2,"they're n-, - /","they/PRP 're/VBP n-/RB ,/,",,,0.0,0.0
sw10utt/sw_1008_3016.utt,3/sw3016,3016,102,sd,A,67,3,you do not have to give a telephone number. /,you/PRP do/VBP not/RB have/VB to/TO give/VB a/DT telephone/NN number/NN ./.,,,195.54,197.34
sw10utt/sw_1008_3016.utt,3/sw3016,3016,103,bh,B,68,1,"{F Oh, } really? /","Oh/UH ,/, really/UH ?/.",,,197.34,197.7
sw10utt/sw_1008_3016.utt,3/sw3016,3016,104,ny,A,69,1,Yes.   /,Yes/UH ./.,,,198.2,198.44
sw10utt/sw_1008_3016.utt,3/sw3016,3016,105,sd,A,69,2,{C And } I don't really like announcing in public -- -/,And/CC I/PRP do/VBP n't/RB really/RB like/VB announcing/VBG in/IN public/NN --/:,,,198.64,200.64
sw10utt/sw_1008_3016.utt,3/sw3016,3016,106,b,B,70,1,Uh-huh. /,Uh-huh/UH ./.,,,200.64,200.85999999999999
sw10utt/sw_1008_3016.utt,3/sw3016,3016,107,sd,A,71,1,"-- {D you know, } when you're sitting there, - /","--/: you/PRP know/VBP ,/, when/WRB you/PRP 're/VBP sitting/VBG there/RB ,/,",,,200.86,202.06
sw10utt/sw_1008_3016.utt,3/sw3016,3016,108,sd,A,71,2,"my telephone and I don't like the [ wa-, + way  ] telephone numbers can be used. /","my/PRP$ telephone/NN and/CC I/PRP do/VBP n't/RB like/VB the/DT wa-/NN ,/, way/NN telephone/NN numbers/NNS can/MD be/VB used/VBN ./.",,,202.06,205.06
sw10utt/sw_1008_3016.utt,3/sw3016,3016,109,b,B,72,1,Uh-huh. /,Uh-huh/UH ./.,,,205.22,205.42
sw10utt/sw_1008_3016.utt,3/sw3016,3016,110,sd,A,73,1,"We once had a situation where someone was using a credit card number of ours and he actually had our phone number,  /","We/PRP once/RB had/VBD a/DT situation/NN where/WRB someone/NN was/VBD using/VBG a/DT credit/NN card/NN number/NN of/IN ours/PRP and/CC he/PRP actually/RB had/VBD our/PRP$ phone/NN number/NN ,/,",,,205.48,211.86
sw10utt/sw_1008_3016.utt,3/sw3016,3016,111,sd,A,73,2,{C but } it turned out  (( it had to have been ))  my husband's office phone number.  /,but/CC it/PRP turned/VBD out/RP it/PRP had/VBD to/TO have/VB been/VBN my/PRP$ husband/NN 's/POS office/NN phone/NN number/NN ./.,,,212.34,214.56
sw10utt/sw_1008_3016.utt,3/sw3016,3016,112,sd,A,73,3,"{C And, } {F uh, }  [ we were able, + we weren't actually able  ] to trace it, but we were able [ to, + to  ]  (( discard ))  the charges. /","And/CC ,/, uh/UH ,/, we/PRP were/VBD able/JJ ,/, we/PRP were/VBD n't/RB actually/RB able/JJ to/TO trace/VB it/PRP ,/, but/CC we/PRP were/VBD able/JJ to/TO ,/, to/TO discard/VB the/DT charges/NNS ./.",,,215.48,220.67999999999998
sw10utt/sw_1008_3016.utt,3/sw3016,3016,113,b,B,74,1,Uh-huh. /,Uh-huh/UH ./.,,,221.48,221.66
sw10utt/sw_1008_3016.utt,3/sw3016,3016,114,sd,A,75,1,"{F Um, } {C but } it was, -/","Um/UH ,/, but/CC it/PRP was/VBD ,/,",,,221.66,222.07999999999998
sw10utt/sw_1008_3016.utt,3/sw3016,3016,115,sd,B,76,1,"I don't like how they  a-, - /","I/PRP do/VBP n't/RB like/VB how/WRB they/PRP a-/XX ,/,",,,222.08,223.10000000000002
sw10utt/sw_1008_3016.utt,3/sw3016,3016,116,%,B,76,2,"the, - /","the/DT ,/,",,,223.1,223.22
sw10utt/sw_1008_3016.utt,3/sw3016,3016,117,sd,B,76,3,"[ I, + I ] realize that this is your identification  /","I/PRP ,/, I/PRP realize/VBP that/IN this/DT is/VBZ your/PRP$ identification/NN",,,223.64,226.34
sw10utt/sw_1008_3016.utt,3/sw3016,3016,118,sd,B,76,4,"{C but } I worked with someone that got hold  of his,","but/CC I/PRP worked/VBD with/IN someone/NN that/WDT got/VBD hold/NN of/IN his/PRP$ ,/,",,,226.78,229.22
sw10utt/sw_1008_3016.utt,3/sw3016,3016,119,b,A,77,1,Uh-huh. /,Uh-huh/UH ./.,,,229.22,229.34
sw10utt/sw_1008_3016.utt,3/sw3016,3016,120,+,B,78,1,"charge cards,","charge/NN cards/NNS ,/,",,,229.52,230.22
sw10utt/sw_1008_3016.utt,3/sw3016,3016,121,b,A,79,1,Uh-huh. /,Uh-huh/UH ./.,,,230.22,230.42
sw10utt/sw_1008_3016.utt,3/sw3016,3016,122,+,B,80,1,and his social security number. /,and/CC his/PRP$ social/JJ security/NN number/NN ./.,,,230.42,232.20000000000002
sw10utt/sw_1008_3016.utt,3/sw3016,3016,123,b,A,81,1,"Yeah,  /","Yeah/UH ,/,",,,232.64,232.77999999999997
sw10utt/sw_1008_3016.utt,3/sw3016,3016,124,sd,A,81,2,same with my husband.  /,same/JJ with/IN my/PRP$ husband/NN ./.,,,232.78,233.5
sw10utt/sw_1008_3016.utt,3/sw3016,3016,125,sd,A,81,3,It was the charge card and social security number. /,It/PRP was/VBD the/DT charge/NN card/NN and/CC social/JJ security/NN number/NN ./.,,,233.5,235.26000000000002
sw10utt/sw_1008_3016.utt,3/sw3016,3016,126,sd,B,82,1,"{C And, } {D you know, } [ [ I don't, + I don't  ] like, + I don't [ g-, +  ever get ]  ] anything over the phone because I don't want to give my social security number out. /","And/CC ,/, you/PRP know/VBP ,/, I/PRP do/VBP n't/RB ,/, I/PRP do/VBP n't/RB like/VB ,/, I/PRP do/VBP n't/RB g/VB ,/, ever/RB get/VB anything/NN over/IN the/DT phone/NN because/IN I/PRP do/VBP n't/RB want/VB to/TO give/VB my/PRP$ social/JJ security/NN number/NN out/RB ./.",,,235.26,242.45999999999998
sw10utt/sw_1008_3016.utt,3/sw3016,3016,127,sd,A,83,1,"{D Well, } you should never give the social security number.  /","Well/UH ,/, you/PRP should/MD never/RB give/VB the/DT social/JJ security/NN number/NN ./.",,,243.18,245.20000000000002
sw10utt/sw_1008_3016.utt,3/sw3016,3016,128,sd,A,83,2,"{F Uh, }  [ if + sometimes, if  ] you charge, - /","Uh/UH ,/, if/IN sometimes/RB ,/, if/IN you/PRP charge/VBP ,/,",,,245.94,247.26
sw10utt/sw_1008_3016.utt,3/sw3016,3016,129,sd,A,83,3,sometimes I charge theater tickets --,sometimes/RB I/PRP charge/VBP theater/NN tickets/NNS --/:,,,247.26,248.8
sw10utt/sw_1008_3016.utt,3/sw3016,3016,130,b,B,84,1,Uh-huh. /,Uh-huh/UH ./.,,,248.86,249.0
sw10utt/sw_1008_3016.utt,3/sw3016,3016,131,+,A,85,1,-- over the phone.  /,--/: over/IN the/DT phone/NN ./.,,,249.66,250.35999999999999
sw10utt/sw_1008_3016.utt,3/sw3016,3016,132,sd,A,85,2,"{C And then, } {D you know, } because they pick them up at the box office we'll call.  /","And/CC then/RB ,/, you/PRP know/VBP ,/, because/IN they/PRP pick/VBP them/PRP up/RP at/IN the/DT box/NN office/NN we/PRP 'll/MD call/VB ./.",,,250.7,253.39999999999998
sw10utt/sw_1008_3016.utt,3/sw3016,3016,133,sd,A,85,3,"{C But, } {F um, } that's the only thing I would ever have ever used it for the phone  /","But/CC ,/, um/UH ,/, that/DT 's/BES the/DT only/JJ thing/NN I/PRP would/MD ever/RB have/VB ever/RB used/VBN it/PRP for/IN the/DT phone/NN",,,253.98,257.24
sw10utt/sw_1008_3016.utt,3/sw3016,3016,134,sd,A,85,4,{C and } that was because I initiated it. /,and/CC that/DT was/VBD because/IN I/PRP initiated/VBD it/PRP ./.,,,257.24,258.82
sw10utt/sw_1008_3016.utt,3/sw3016,3016,135,b,B,86,1,Yes. /,Yes/UH ./.,,,258.82,259.18
sw10utt/sw_1008_3016.utt,3/sw3016,3016,136,sd,A,87,1,"{F Uh, } {C and } occasionally I do order things from catalogs --","Uh/UH ,/, and/CC occasionally/RB I/PRP do/VBP order/VB things/NNS from/IN catalogs/NNS --/:",,,260.08,262.58
sw10utt/sw_1008_3016.utt,3/sw3016,3016,137,b,B,88,1,Uh-huh. /,Uh-huh/UH ./.,,,262.58,262.71999999999997
sw10utt/sw_1008_3016.utt,3/sw3016,3016,138,+,A,89,1,-- over the phone.  /,--/: over/IN the/DT phone/NN ./.,,,263.42,263.88
sw10utt/sw_1008_3016.utt,3/sw3016,3016,139,sd,A,89,2,"{C But } again [ it's, + ] I initiate it not the company.  /","But/CC again/RB it/PRP 's/BES ,/, I/PRP initiate/VBP it/PRP not/RB the/DT company/NN ./.",,,264.34,267.46000000000004
sw10utt/sw_1008_3016.utt,3/sw3016,3016,140,sd,A,89,3,"The other thing is though you do not have to, - /","The/DT other/JJ thing/NN is/VBZ though/RB you/PRP do/VBP not/RB have/VB to/TO ,/,",,,267.78,269.5
sw10utt/sw_1008_3016.utt,3/sw3016,3016,141,sd,A,89,4,"if you're buying something in a store [ and + [ they as-, + ] and  ] you pay for it by charge and they ask you for your telephone number, you do not have to give it.  /","if/IN you/PRP 're/VBP buying/VBG something/NN in/IN a/DT store/NN and/CC they/PRP as/VBP ,/, and/CC you/PRP pay/VBP for/IN it/PRP by/IN charge/NN and/CC they/PRP ask/VBP you/PRP for/IN your/PRP$ telephone/NN number/NN ,/, you/PRP do/VBP not/RB have/VB to/TO give/VB it/PRP ./.",,,269.54,275.92
sw10utt/sw_1008_3016.utt,3/sw3016,3016,142,sd,A,89,5,"[ That is one, + that's  ] a law that went into effect, {A I don't know } a year or two ago. /","That/DT is/VBZ one/CD ,/, that/DT 's/BES a/DT law/NN that/WDT went/VBD into/IN effect/NN ,/, I/PRP do/VBP n't/RB know/VB a/DT year/NN or/CC two/CD ago/RB ./.",,,276.18,280.2
sw10utt/sw_1008_3016.utt,3/sw3016,3016,143,sd,B,90,1,"{F Oh, } I never even knew that. /","Oh/UH ,/, I/PRP never/RB even/RB knew/VBD that/DT ./.",,,280.2,281.54
sw10utt/sw_1008_3016.utt,3/sw3016,3016,144,sd,A,91,1,"{C And, } {F uh, } you can just say [ I'm sorry that yo-, + {F uh, } I'm  ] not required to give that by law  /","And/CC ,/, uh/UH ,/, you/PRP can/MD just/RB say/VB I/PRP 'm/VBP sorry/JJ that/IN yo-/PRP ,/, uh/UH ,/, I/PRP 'm/VBP not/RB required/VBN to/TO give/VB that/DT by/IN law/NN",,,281.66,286.32
sw10utt/sw_1008_3016.utt,3/sw3016,3016,145,%,A,91,2,"{C and then } they won't, - /","and/CC then/RB they/PRP wo/MD n't/RB ,/,",,,286.32,287.0
sw10utt/sw_1008_3016.utt,3/sw3016,3016,146,sd,A,91,3,a lot of stores will still ask. /,a/DT lot/NN of/IN stores/NNS will/MD still/RB ask/VB ./.,,,287.4,288.82000000000005
sw10utt/sw_1008_3016.utt,3/sw3016,3016,147,b,B,92,1,Uh-huh. /,Uh-huh/UH ./.,,,290.28,290.44
sw10utt/sw_1008_3016.utt,3/sw3016,3016,148,sd,A,93,1,"{C But, } {F uh, } the credit card company, {D you know, } accepts the charges.  /","But/CC ,/, uh/UH ,/, the/DT credit/NN card/NN company/NN ,/, you/PRP know/VBP ,/, accepts/VBZ the/DT charges/NNS ./.",,,290.44,293.82000000000005
sw10utt/sw_1008_3016.utt,3/sw3016,3016,149,%,A,93,2,"{E I mean }  it-, - /","I/PRP mean/VBP it-/XX ,/,",,,294.2,294.52
sw10utt/sw_1008_3016.utt,3/sw3016,3016,150,%,A,93,3,"a rea-, - /","a/DT rea-/NN ,/,",,,0.0,0.0
sw10utt/sw_1008_3016.utt,3/sw3016,3016,151,sd,A,93,4,the credit cards company's responsibility. -/,the/DT credit/NN cards/NNS company/NN 's/POS responsibility/NN ./.,,,294.6,297.4
sw10utt/sw_1008_3016.utt,3/sw3016,3016,152,b,B,94,1,Uh-huh.  /,Uh-huh/UH ./.,,,298.18,298.40000000000003
sw10utt/sw_1008_3016.utt,3/sw3016,3016,153,qy,B,94,2,"{D Well, } is there any,","Well/UH ,/, is/VBZ there/EX any/DT ,/,",,,298.42,299.24
sw10utt/sw_1008_3016.utt,3/sw3016,3016,154,%,A,95,1,"{C So } wha-,  (( in this )) , -/","So/UH wha/WP ,/, in/IN this/DT ,/,",,,299.24,299.62
sw10utt/sw_1008_3016.utt,3/sw3016,3016,155,+,B,96,1,{D like } pet peeves that you have that don't necessarily invade your privacy? /,like/UH pet/NN peeves/NNS that/WDT you/PRP have/VBP that/WDT do/VBP n't/RB necessarily/RB invade/VB your/PRP$ privacy/NN ?/.,,,299.64,303.42
sw10utt/sw_1008_3016.utt,3/sw3016,3016,156,sd^t,A,97,1,"{F Um, } {D well, } [ this would, + this is  ] limited to the privacy issue, the invasion of privacy. /","Um/UH ,/, well/UH ,/, this/DT would/MD ,/, this/DT is/VBZ limited/JJ to/IN the/DT privacy/NN issue/NN ,/, the/DT invasion/NN of/IN privacy/NN ./.",,,305.56,309.82
sw10utt/sw_1008_3016.utt,3/sw3016,3016,157,bk,B,98,1,"{F Oh, } okay. /","Oh/UH ,/, okay/UH ./.",,,309.82,310.12
sw10utt/sw_1008_3016.utt,3/sw3016,3016,158,b,A,99,1,"Yeah,  /","Yeah/UH ,/,",,,310.92,311.2
sw10utt/sw_1008_3016.utt,3/sw3016,3016,159,sd,A,99,2,"{C and } I guess, {F uh, } [ that was my, + that's probably my  ] biggest one in terms of invasion of privacy.  For people outside the family, of course,  /","and/CC I/PRP guess/VBP ,/, uh/UH ,/, that/DT was/VBD my/PRP$ ,/, that/DT 's/BES probably/RB my/PRP$ biggest/JJS one/NN in/IN terms/NNS of/IN invasion/NN of/IN privacy/NN ./. For/IN people/NNS outside/IN the/DT family/NN ,/, of/IN course/NN ,/,",,,311.2,317.88
sw10utt/sw_1008_3016.utt,3/sw3016,3016,160,sd,A,99,3,"I've got little pet peeves, {D you know, } with my family. /","I/PRP 've/VBP got/VBN little/JJ pet/NN peeves/NNS ,/, you/PRP know/VBP ,/, with/IN my/PRP$ family/NN ./.",,,317.88,320.2
sw10utt/sw_1008_3016.utt,3/sw3016,3016,161,x,B,100,1,<Laughter>.,,,,0.0,0.0
sw10utt/sw_1008_3016.utt,3/sw3016,3016,162,%,A,101,1,"<Laughter> {D You know. }  {C But } of course, th-, - /","You/PRP know/VBP ./. But/CC of/IN course/NN ,/, th-/XX ,/,",,,321.2,322.58
sw10utt/sw_1008_3016.utt,3/sw3016,3016,163,sv,A,101,2,"I guess that just comes  [ with the, + {F uh, } with  the ] territory with a family that <laughter> - /","I/PRP guess/VBP that/DT just/RB comes/VBZ with/IN the/DT ,/, uh/UH ,/, with/IN the/DT territory/NN with/IN a/DT family/NN that/WDT",,,323.5,327.21999999999997
sw10utt/sw_1008_3016.utt,3/sw3016,3016,164,%,A,101,3,(( does a mother can do )) some privacy. -/,does/VBZ a/DT mother/NN can/MD do/VB some/DT privacy/NN ./.,,,327.22,328.84000000000003
sw10utt/sw_1008_3016.utt,3/sw3016,3016,165,sd,B,102,1,"<Laughter>  I really,","I/PRP really/RB ,/,",,,328.84,329.34000000000003
sw10utt/sw_1008_3016.utt,3/sw3016,3016,166,%,A,103,1,"{C But, } {F uh, } -/","But/CC ,/, uh/UH ,/,",,,330.68,331.04
sw10utt/sw_1008_3016.utt,3/sw3016,3016,167,+,B,104,1,can't think of any that would invade my privacy --,ca/MD n't/RB think/VB of/IN any/DT that/WDT would/MD invade/VB my/PRP$ privacy/NN --/:,,,331.04,334.36
sw10utt/sw_1008_3016.utt,3/sw3016,3016,168,b,A,105,1,Uh-huh. /,Uh-huh/UH ./.,,,335.28,335.41999999999996
sw10utt/sw_1008_3016.utt,3/sw3016,3016,169,+,B,106,1,-- {D you know. } /,--/: you/PRP know/VBP ./.,,,335.44,335.92
sw10utt/sw_1008_3016.utt,3/sw3016,3016,170,qy^d,A,107,1,"Nothing that you felt that, {D you know, } - /","Nothing/NN that/WDT you/PRP felt/VBD that/IN ,/, you/PRP know/VBP ,/,",,,336.08,337.48
sw10utt/sw_1008_3016.utt,3/sw3016,3016,171,qy^d,A,107,2,any experiences you've had at work? /,any/DT experiences/NNS you/PRP 've/VBP had/VBN at/IN work/NN ?/.,,,337.48,339.09999999999997
sw10utt/sw_1008_3016.utt,3/sw3016,3016,172,nn,B,108,1,No.  /,No/UH ./.,,,340.94,341.38
sw10utt/sw_1008_3016.utt,3/sw3016,3016,173,%,B,108,2,"I, {D you know, } othe-, - /","I/PRP ,/, you/PRP know/VBP ,/, othe-/XX ,/,",,,341.38,342.41999999999996
sw10utt/sw_1008_3016.utt,3/sw3016,3016,174,sd,B,108,3,"[ I, + I  ] really can't say anything that would really bother me. /","I/PRP ,/, I/PRP really/RB ca/MD n't/RB say/VB anything/NN that/WDT would/MD really/RB bother/VB me/PRP ./.",,,342.42,346.74
sw10utt/sw_1008_3016.utt,3/sw3016,3016,175,sd,A,109,1,"So many things I think over the years have been, {F um, } accepted,  {E I mean }  [ when you, + ] {F uh, } that are no longer done. /","So/RB many/JJ things/NNS I/PRP think/VBP over/IN the/DT years/NNS have/VBP been/VBN ,/, um/UH ,/, accepted/VBN ,/, I/PRP mean/VBP when/WRB you/PRP ,/, uh/UH ,/, that/WDT are/VBP no/RB longer/RB done/VBN ./.",,,347.82,355.9
sw10utt/sw_1008_3016.utt,3/sw3016,3016,176,b,B,110,1,Uh-huh. /,Uh-huh/UH ./.,,,356.32,356.5
sw10utt/sw_1008_3016.utt,3/sw3016,3016,177,sd,A,111,1,"{E I mean } I can remember when I was very young, much younger and I applied for a job  /","I/PRP mean/VBP I/PRP can/MD remember/VB when/WRB I/PRP was/VBD very/RB young/JJ ,/, much/RB younger/JJR and/CC I/PRP applied/VBD for/IN a/DT job/NN",,,356.58,360.26
sw10utt/sw_1008_3016.utt,3/sw3016,3016,178,sd(^q),A,111,2,"they said, {D well, } [ d-, + ]  (( aren't ))  you planning to have children.  /","they/PRP said/VBD ,/, well/UH ,/, d/VBP ,/, are/VBP n't/RB you/PRP planning/VBG to/TO have/VB children/NNS ./.",,,360.26,361.9
sw10utt/sw_1008_3016.utt,3/sw3016,3016,179,sv,A,111,3,"{D Well, } {E I mean, } that's none of their business. /","Well/UH ,/, I/PRP mean/VBP ,/, that/DT 's/BES none/NN of/IN their/PRP$ business/NN ./.",,,361.9,363.54
sw10utt/sw_1008_3016.utt,3/sw3016,3016,180,b,B,112,1,Yeah. /,Yeah/UH ./.,,,364.16,364.26000000000005
sw10utt/sw_1008_3016.utt,3/sw3016,3016,181,sd,A,113,1,"[ {C And } + {C but }  ] of course, {D now } by law they  (( can't ))  ask that. /","And/CC but/CC of/IN course/NN ,/, now/RB by/IN law/NN they/PRP ca/MD n't/RB ask/VB that/DT ./.",,,364.26,366.54
sw10utt/sw_1008_3016.utt,3/sw3016,3016,182,b,B,114,1,Yeah. /,Yeah/UH ./.,,,366.54,366.82
sw10utt/sw_1008_3016.utt,3/sw3016,3016,183,sv,A,115,1,"{C So } {E I mean } there has been I think a lot [ to, +  done  to  ] protect privacy. /","So/UH I/PRP mean/VBP there/EX has/VBZ been/VBN I/PRP think/VBP a/DT lot/NN to/TO ,/, done/VBN to/TO protect/VB privacy/NN ./.",,,367.76,371.7
sw10utt/sw_1008_3016.utt,3/sw3016,3016,184,aa,B,116,1,"Yeah,  /","Yeah/UH ,/,",,,371.7,371.88
sw10utt/sw_1008_3016.utt,3/sw3016,3016,185,sd,B,116,2,"especially between women and, -/","especially/RB between/IN women/NNS and/CC ,/,",,,371.88,372.94
sw10utt/sw_1008_3016.utt,3/sw3016,3016,186,qo,A,117,1,"How do you feel, -/","How/WRB do/VBP you/PRP feel/VB ,/,",,,372.94,373.58
sw10utt/sw_1008_3016.utt,3/sw3016,3016,187,qy^d@,B,118,1,"{D you know, } {D like } AIDS and all that stuff?","you/PRP know/VBP ,/, like/IN AIDS/NNP and/CC all/PDT that/DT stuff/NN ?/.",,,373.58,376.42
sw10utt/sw_1008_3016.utt,3/sw3016,3016,188,b,A,119,1,Uh-huh. /,Uh-huh/UH ./.,,,378.02,378.32
sw10utt/sw_1008_3016.utt,3/sw3016,3016,189,+@,B,120,1,"{D You know, } with [ se-, + {D you know, } your sex,  ]  (( {D you know } )) . -/","You/PRP know/VBP ,/, with/IN se-/NN ,/, you/PRP know/VBP ,/, your/PRP$ sex/NN ,/, you/PRP know/VBP ./.",,,378.32,380.36
sw10utt/sw_1008_3016.utt,3/sw3016,3016,190,b,A,121,1,Yeah. /,Yeah/UH ./.,,,381.04,381.3
sw10utt/sw_1008_3016.utt,3/sw3016,3016,191,%,B,122,1,"I-, - /","I-/XX ,/,",,,0.0,0.0
sw10utt/sw_1008_3016.utt,3/sw3016,3016,192,%,B,122,2,"i-, - /","i-/XX ,/,",,,0.0,0.0
sw10utt/sw_1008_3016.utt,3/sw3016,3016,193,%,B,122,3,"they've gotten a lot with, {F uh, } - /","they/PRP 've/VBP gotten/VBN a/DT lot/NN with/IN ,/, uh/UH ,/,",,,381.5,383.44000000000005
sw10utt/sw_1008_3016.utt,3/sw3016,3016,194,sd,B,122,4,applications and stuff and aren't allowed to ask. -/,applications/NNS and/CC stuff/NN and/CC are/VBP n't/RB allowed/VBN to/TO ask/VB ./.,,,383.72,386.29999999999995
sw10utt/sw_1008_3016.utt,3/sw3016,3016,195,ba,A,123,1,That's right.  /,That/DT 's/BES right/JJ ./.,,,387.12,387.6
sw10utt/sw_1008_3016.utt,3/sw3016,3016,196,qy@,A,123,2,Do you feel that drug testing is an invasion of privacy?,Do/VBP you/PRP feel/VB that/DT drug/NN testing/NN is/VBZ an/DT invasion/NN of/IN privacy/NN ?/.,,,387.82,390.76
sw10utt/sw_1008_3016.utt,3/sw3016,3016,197,nn,B,124,1,"No,  /","No/UH ,/,",,,391.64,391.94
sw10utt/sw_1008_3016.utt,3/sw3016,3016,198,%,B,124,2,"{C because, } -/","because/IN ,/,",,,391.94,392.4
sw10utt/sw_1008_3016.utt,3/sw3016,3016,199,+@,A,125,1,Or AIDS testing? /,Or/CC AIDS/NNP testing/NN ?/.,,,392.4,393.38
sw10utt/sw_1008_3016.utt,3/sw3016,3016,200,sd,B,126,1,"I think it's for the better of {D like } i-, - /","I/PRP think/VBP it/PRP 's/BES for/IN the/DT better/JJR of/IN like/UH i-/XX ,/,",,,393.58,395.04
sw10utt/sw_1008_3016.utt,3/sw3016,3016,201,qy,B,126,2,you mean {D like } for working and  stuff? /,you/PRP mean/VBP like/UH for/IN working/VBG and/CC stuff/NN ?/.,,,395.08,397.3
sw10utt/sw_1008_3016.utt,3/sw3016,3016,202,ny,A,127,1,"Yeah,  /","Yeah/UH ,/,",,,397.9,398.12
sw10utt/sw_1008_3016.utt,3/sw3016,3016,203,ny,A,127,2,uh-huh. /,uh-huh/UH ./.,,,398.12,398.22
sw10utt/sw_1008_3016.utt,3/sw3016,3016,204,nn,B,128,1,"No,  /","No/UH ,/,",,,398.22,398.34000000000003
sw10utt/sw_1008_3016.utt,3/sw3016,3016,205,sd^e,B,128,2,"I don't because I think whenever, [ and + ] something like that - /","I/PRP do/VBP n't/RB because/IN I/PRP think/VBP whenever/WRB ,/, and/CC something/NN like/IN that/DT",,,398.34,401.52000000000004
sw10utt/sw_1008_3016.utt,3/sw3016,3016,206,sv,B,128,3,they're looking out for everyone.  /,they/PRP 're/VBP looking/VBG out/RP for/IN everyone/NN ./.,,,401.52,403.16
sw10utt/sw_1008_3016.utt,3/sw3016,3016,207,%,B,128,4,"They're not, -/","They/PRP 're/VBP not/RB ,/,",,,403.24,403.7
sw10utt/sw_1008_3016.utt,3/sw3016,3016,208,b,A,129,1,Yeah. /,Yeah/UH ./.,,,404.0,404.12
sw10utt/sw_1008_3016.utt,3/sw3016,3016,209,sv,B,130,1,"{D you know, } I think it's more safety than anything else. /","you/PRP know/VBP ,/, I/PRP think/VBP it/PRP 's/BES more/JJR safety/NN than/IN anything/NN else/RB ./.",,,404.12,407.82
sw10utt/sw_1008_3016.utt,3/sw3016,3016,210,aa,A,131,1,I feel that way too.  /,I/PRP feel/VBP that/DT way/NN too/RB ./.,,,408.62,409.52000000000004
sw10utt/sw_1008_3016.utt,3/sw3016,3016,211,sv,A,131,2,"I sometimes feel [ th-, + ] {D you know, } sometimes individual rights including the right to privacy have to be sacrificed for a greater benefit. /","I/PRP sometimes/RB feel/VBP th-/XX ,/, you/PRP know/VBP ,/, sometimes/RB individual/JJ rights/NNS including/VBG the/DT right/NN to/IN privacy/NN have/VBP to/TO be/VB sacrificed/VBN for/IN a/DT greater/JJR benefit/NN ./.",,,409.52,416.64
sw10utt/sw_1008_3016.utt,3/sw3016,3016,212,b,B,132,1,Yeah.  /,Yeah/UH ./.,,,416.64,416.84
sw10utt/sw_1008_3016.utt,3/sw3016,3016,213,%,B,132,2,"{C Because } I know, -/","Because/IN I/PRP know/VBP ,/,",,,417.16,417.97999999999996
sw10utt/sw_1008_3016.utt,3/sw3016,3016,214,sd,A,133,1,"{D You know, } for example airline pilots. - /","You/PRP know/VBP ,/, for/IN example/NN airline/NN pilots/NNS ./.",,,417.98,420.02
sw10utt/sw_1008_3016.utt,3/sw3016,3016,215,sv,A,133,2,{E I mean } I do want my pilot to be sober <laughter>. /,I/PRP mean/VBP I/PRP do/VBP want/VB my/PRP$ pilot/NN to/TO be/VB sober/JJ ./.,,,420.02,422.24
sw10utt/sw_1008_3016.utt,3/sw3016,3016,216,b,B,134,1,Yeah.  /,Yeah/UH ./.,,,422.24,422.36
sw10utt/sw_1008_3016.utt,3/sw3016,3016,217,%,B,134,2,"{C Because } I know, - /","Because/IN I/PRP know/VBP ,/,",,,422.58,423.32
sw10utt/sw_1008_3016.utt,3/sw3016,3016,218,sd,B,134,3,I worked at a still mill in this summer.  /,I/PRP worked/VBD at/IN a/DT still/NN mill/NN in/IN this/DT summer/NN ./.,,,423.32,425.21999999999997
sw10utt/sw_1008_3016.utt,3/sw3016,3016,219,sd,B,134,4,"{C And } I know,","And/CC I/PRP know/VBP ,/,",,,425.94,426.6
sw10utt/sw_1008_3016.utt,3/sw3016,3016,220,b,A,135,1,Uh-huh. /,Uh-huh/UH ./.,,,426.6,426.8
sw10utt/sw_1008_3016.utt,3/sw3016,3016,221,+,B,136,1,"that, {F um, } I've covered for people that came in drunk, {D you know, } on the late shift or something, /","that/IN ,/, um/UH ,/, I/PRP 've/VBP covered/VBN for/IN people/NNS that/WDT came/VBD in/RB drunk/JJ ,/, you/PRP know/VBP ,/, on/IN the/DT late/JJ shift/NN or/CC something/NN ,/,",,,426.86,431.16
sw10utt/sw_1008_3016.utt,3/sw3016,3016,222,b,A,137,1,"Yeah,  /","Yeah/UH ,/,",,,431.4,431.65999999999997
sw10utt/sw_1008_3016.utt,3/sw3016,3016,223,b^r,A,137,2,yeah. /,yeah/UH ./.,,,431.74,431.94
sw10utt/sw_1008_3016.utt,3/sw3016,3016,224,sd,B,138,1,"[ {C and } it, + {C and } it's  ] dangerous.  /","and/CC it/PRP ,/, and/CC it/PRP 's/BES dangerous/JJ ./.",,,431.94,432.84
sw10utt/sw_1008_3016.utt,3/sw3016,3016,225,sd,B,138,2,I don't even like having them around.  /,I/PRP do/VBP n't/RB even/RB like/IN having/VBG them/PRP around/RB ./.,,,432.84,434.5
sw10utt/sw_1008_3016.utt,3/sw3016,3016,226,sd,B,138,3,"I kind of do their work for them because they make it more hazardous than what it is without them, {D you know. } /","I/PRP kind/RB of/RB do/VBP their/PRP$ work/NN for/IN them/PRP because/IN they/PRP make/VBP it/PRP more/RBR hazardous/JJ than/IN what/WP it/PRP is/VBZ without/IN them/PRP ,/, you/PRP know/VBP ./.",,,434.5,441.32000000000005
sw10utt/sw_1008_3016.utt,3/sw3016,3016,227,ba,A,139,1,That's right.  /,That/DT 's/BES right/JJ ./.,,,441.32,441.71999999999997
sw10utt/sw_1008_3016.utt,3/sw3016,3016,228,b,A,139,2,"Yeah,  /","Yeah/UH ,/,",,,441.72,441.94000000000005
sw10utt/sw_1008_3016.utt,3/sw3016,3016,229,%,A,139,3,"I know i-, - /","I/PRP know/VBP i-/XX ,/,",,,441.94,442.4
sw10utt/sw_1008_3016.utt,3/sw3016,3016,230,%,A,139,4,"yeah,  /","yeah/UH ,/,",,,442.92,443.04
sw10utt/sw_1008_3016.utt,3/sw3016,3016,231,sv,A,139,5,"[ I feel, + {D you know, }  I think  ] some of the people that oppose, {D you know, } mandatory drug testing for certain areas say, {D well, } it's not, -/","I/PRP feel/VBP ,/, you/PRP know/VBP ,/, I/PRP think/VBP some/DT of/IN the/DT people/NNS that/WDT oppose/VBP ,/, you/PRP know/VBP ,/, mandatory/JJ drug/NN testing/NN for/IN certain/JJ areas/NNS say/VBP ,/, well/UH ,/, it/PRP 's/BES not/RB ,/,",,,443.04,449.44000000000005
