swda_filename,ptb_basename,conversation_no,transcript_index,act_tag,caller,utterance_index,subutterance_index,text,pos,trees,ptb_treenumbers,start_ts,end_ts
sw09utt/sw_0943_3028.utt,3/sw3028,3028,0,qy,A,1,1,Are you ready? /,Are/VBP you/PRP ready/JJ ?/.,,,0.82,1.5799999999999998
sw09utt/sw_0943_3028.utt,3/sw3028,3028,1,ny,B,2,1,Uh-huh. /,Uh-huh/UH ./.,,,1.81,1.9300000000000002
sw09utt/sw_0943_3028.utt,3/sw3028,3028,2,qy^t,A,3,1,She didn't announce that to you? /,She/PRP did/VBD n't/RB announce/VB that/DT to/IN you/PRP ?/.,,,2.14,3.4
sw09utt/sw_0943_3028.utt,3/sw3028,3028,3,nd^t,B,4,1,"{F Oh, } [ I didn't, + I didn't ] quite hear all of it. /","Oh/UH ,/, I/PRP did/VBD n't/RB ,/, I/PRP did/VBD n't/RB quite/RB hear/VB all/DT of/IN it/PRP ./.",,,4.31,6.09
sw09utt/sw_0943_3028.utt,3/sw3028,3028,4,bk,A,5,1,"{F Oh, } I see.  /","Oh/UH ,/, I/PRP see/VBP ./.",,,6.2,6.72
sw09utt/sw_0943_3028.utt,3/sw3028,3028,5,ba,A,5,2,That's fine.  /,That/DT 's/BES fine/JJ ./.,,,6.72,7.28
sw09utt/sw_0943_3028.utt,3/sw3028,3028,6,sv,A,5,3,"{F Um, } I think, {F uh, } that's pleasurable for all of us, <laughter> if we choose the right restaurant <laughter>. /","Um/UH ,/, I/PRP think/VBP ,/, uh/UH ,/, that/DT 's/BES pleasurable/JJ for/IN all/DT of/IN us/PRP ,/, if/IN we/PRP choose/VBP the/DT right/JJ restaurant/NN ./.",,,7.84,12.82
sw09utt/sw_0943_3028.utt,3/sw3028,3028,7,b,B,6,1,Right <laughter>. /,Right/UH ./.,,,13.17,13.39
sw09utt/sw_0943_3028.utt,3/sw3028,3028,8,qw,A,7,1,"{D So, } what are your thoughts on dining out? /","So/UH ,/, what/WP are/VBP your/PRP$ thoughts/NNS on/IN dining/VBG out/RB ?/.",,,14.66,16.42
sw09utt/sw_0943_3028.utt,3/sw3028,3028,9,sd,B,8,1,"{D Well, } [ I, + I ] really choose restaurants more for the quality of food than anything else. /","Well/UH ,/, I/PRP ,/, I/PRP really/RB choose/VBP restaurants/NNS more/RBR for/IN the/DT quality/NN of/IN food/NN than/IN anything/NN else/RB ./.",,,16.91,22.49
sw09utt/sw_0943_3028.utt,3/sw3028,3028,10,qy^d,A,9,1,Not for the price? /,Not/RB for/IN the/DT price/NN ?/.,,,22.6,23.44
sw09utt/sw_0943_3028.utt,3/sw3028,3028,11,na,B,10,1,"{D Well, } a little bit --","Well/UH ,/, a/DT little/JJ bit/NN --/:",,,24.05,25.03
sw09utt/sw_0943_3028.utt,3/sw3028,3028,12,bk,A,11,1,Okay. /,Okay/UH ./.,,,25.32,25.7
sw09utt/sw_0943_3028.utt,3/sw3028,3028,13,+,B,12,1,"-- for the price,  /","--/: for/IN the/DT price/NN ,/,",,,25.59,26.529999999999998
sw09utt/sw_0943_3028.utt,3/sw3028,3028,14,sd,B,12,2,"{C but, } {F uh, } I think that as far as quality of food goes [ the m-, + some of the most ] expensive places I've been --","but/CC ,/, uh/UH ,/, I/PRP think/VBP that/IN as/RB far/RB as/IN quality/NN of/IN food/NN goes/VBZ the/DT m/JJS ,/, some/DT of/IN the/DT most/JJS expensive/JJ places/NNS I/PRP 've/VBP been/VBN --/:",,,26.53,33.39
sw09utt/sw_0943_3028.utt,3/sw3028,3028,15,b,A,13,1,Uh-huh. /,Uh-huh/UH ./.,,,33.9,34.1
sw09utt/sw_0943_3028.utt,3/sw3028,3028,16,+,B,14,1,"-- had [ [ [ the w-, + the, ] + really the, ] +","--/: had/VBD the/DT w/JJS ,/, the/DT ,/, really/RB the/DT ,/,",,,33.99,35.47
sw09utt/sw_0943_3028.utt,3/sw3028,3028,17,%,A,15,1,"The be-, -/","The/DT be/JJS ,/,",,,0.0,0.0
sw09utt/sw_0943_3028.utt,3/sw3028,3028,18,+,B,16,1,the worst ] quality of food. /,the/DT worst/JJS quality/NN of/IN food/NN ./.,,,35.91,37.29
sw09utt/sw_0943_3028.utt,3/sw3028,3028,19,bh,A,17,1,Really?  /,Really/UH ?/.,,,37.4,37.699999999999996
sw09utt/sw_0943_3028.utt,3/sw3028,3028,20,bk,A,17,2,Okay. /,Okay/UH ./.,,,37.88,38.1
sw09utt/sw_0943_3028.utt,3/sw3028,3028,21,na^m,B,18,1,Really.  /,Really/UH ./.,,,38.43,38.77
sw09utt/sw_0943_3028.utt,3/sw3028,3028,22,sd,B,18,2,"{F Um, } a lot of places that even [ don't look, + don't look ] like much. /","Um/UH ,/, a/DT lot/NN of/IN places/NNS that/WDT even/RB do/VBP n't/RB look/VB ,/, do/VB n't/RB look/VB like/IN much/JJ ./.",,,38.77,43.45
sw09utt/sw_0943_3028.utt,3/sw3028,3028,23,b,A,19,1,Uh-huh. /,Uh-huh/UH ./.,,,43.56,43.760000000000005
sw09utt/sw_0943_3028.utt,3/sw3028,3028,24,sd,B,20,1,"[ Some of the, + some of the ] best food I have ever had was [ [ out of a, + outside ] + {E or } inside of a ] place that we drove up  /","Some/DT of/IN the/DT ,/, some/DT of/IN the/DT best/JJS food/NN I/PRP have/VBP ever/RB had/VBN was/VBD out/IN of/IN a/DT ,/, outside/IN or/CC inside/IN of/IN a/DT place/NN that/WDT we/PRP drove/VBD up/RP",,,43.95,50.33
sw09utt/sw_0943_3028.utt,3/sw3028,3028,25,sd(^q),B,20,2,"{C and } I was like, I'm not eating in there <laughter>. /","and/CC I/PRP was/VBD like/IN ,/, I/PRP 'm/VBP not/RB eating/VBG in/IN there/RB ./.",,,50.33,52.91
sw09utt/sw_0943_3028.utt,3/sw3028,3028,26,x,A,21,1,<Laughter>.,,,,0.0,0.0
sw09utt/sw_0943_3028.utt,3/sw3028,3028,27,^q,B,22,1,Are you nuts?  /,Are/VBP you/PRP nuts/JJ ?/.,,,52.91,54.349999999999994
sw09utt/sw_0943_3028.utt,3/sw3028,3028,28,sd,B,22,2,"{C And, } {F uh, } we went in  /","And/CC ,/, uh/UH ,/, we/PRP went/VBD in/RB",,,54.79,55.87
sw09utt/sw_0943_3028.utt,3/sw3028,3028,29,sd,B,22,3,"{C and } [ it was the m-, + it was the most ] wonderful food. /","and/CC it/PRP was/VBD the/DT m-/RBS ,/, it/PRP was/VBD the/DT most/RBS wonderful/JJ food/NN ./.",,,55.87,58.75
sw09utt/sw_0943_3028.utt,3/sw3028,3028,30,ba,A,23,1,"My word,  /","My/PRP$ word/NN ,/,",,,59.52,60.1
sw09utt/sw_0943_3028.utt,3/sw3028,3028,31,qy^g,A,23,2,"it's like mama in the back kitchen, huh? /","it/PRP 's/BES like/IN mama/NN in/IN the/DT back/JJ kitchen/NN ,/, huh/UH ?/.",,,60.1,61.76
sw09utt/sw_0943_3028.utt,3/sw3028,3028,32,qy,B,24,1,Yeah. /,Yeah/UH ./.,,,61.89,62.21
sw09utt/sw_0943_3028.utt,3/sw3028,3028,33,bk,A,25,1,Oh. /,Oh/UH ./.,,,62.32,62.48
sw09utt/sw_0943_3028.utt,3/sw3028,3028,34,sd,B,26,1,I'm serious. /,I/PRP 'm/VBP serious/JJ ./.,,,62.63,63.35
sw09utt/sw_0943_3028.utt,3/sw3028,3028,35,b,A,27,1,Yeah. /,Yeah/UH ./.,,,63.52,63.82
sw09utt/sw_0943_3028.utt,3/sw3028,3028,36,sd,B,28,1,"{F Um, } [ a lot of, + {F uh, } one ] place that we went just recently --","Um/UH ,/, a/DT lot/NN of/IN ,/, uh/UH ,/, one/CD place/NN that/WDT we/PRP went/VBD just/RB recently/RB --/:",,,64.39,68.00999999999999
sw09utt/sw_0943_3028.utt,3/sw3028,3028,37,b,A,29,1,Uh-huh. /,Uh-huh/UH ./.,,,68.69,68.89
sw09utt/sw_0943_3028.utt,3/sw3028,3028,38,+,B,30,1,"-- {F uh, } was to Atchafalaya.  /","--/: uh/UH ,/, was/VBD to/IN Atchafalaya/NNP ./.",,,68.79,70.87
sw09utt/sw_0943_3028.utt,3/sw3028,3028,39,ar,B,30,2,"No,  /","No/UH ,/,",,,71.37,71.51
sw09utt/sw_0943_3028.utt,3/sw3028,3028,40,ar,B,30,3,that's not right. /,that/DT 's/BES not/RB right/JJ ./.,,,71.51,72.19
sw09utt/sw_0943_3028.utt,3/sw3028,3028,41,x,A,31,1,<Laughter>.,,,,0.0,0.0
sw09utt/sw_0943_3028.utt,3/sw3028,3028,42,ar^r,B,32,1,That's not right.  /,That/DT 's/BES not/RB right/JJ ./.,,,72.57,73.55
sw09utt/sw_0943_3028.utt,3/sw3028,3028,43,ar^r,B,32,2,That's not right. /,That/DT 's/BES not/RB right/JJ ./.,,,73.55,74.17
sw09utt/sw_0943_3028.utt,3/sw3028,3028,44,b,A,33,1,Okay. /,Okay/UH ./.,,,74.27,74.71
sw09utt/sw_0943_3028.utt,3/sw3028,3028,45,t3,B,34,1,<<Asks someone in the background>> What's the name of that restaurant?  /,What/WP 's/BES the/DT name/NN of/IN that/DT restaurant/NN ?/.,,,74.75,76.07000000000001
sw09utt/sw_0943_3028.utt,3/sw3028,3028,46,t3,B,34,2,<<Person in the background replies>>  (( Where at? )) .  /,Where/WRB at/IN ?/. ./.,,,76.51,76.89
sw09utt/sw_0943_3028.utt,3/sw3028,3028,47,t3,B,34,3,<<Asks someone in the background again>> The Hari Krishna.  /,The/DT Hari/NNP Krishna/NNP ./.,,,77.87,78.66999999999999
sw09utt/sw_0943_3028.utt,3/sw3028,3028,48,t3,B,34,4,<<Person in the background relies again>>  (( Oh.  Kalachandji's )) .  /,Oh/UH ./. Kalachandji/NNP 's/POS ./.,,,79.23,80.57
sw09utt/sw_0943_3028.utt,3/sw3028,3028,49,sd,B,34,5,Kalachandji's.  /,Kalachandji/NNP 's/POS ./.,,,80.87,82.03
sw09utt/sw_0943_3028.utt,3/sw3028,3028,50,sd,B,34,6,"It's all vegetarian,  /","It/PRP 's/BES all/DT vegetarian/JJ ,/,",,,82.49,83.69
sw09utt/sw_0943_3028.utt,3/sw3028,3028,51,sd,B,34,7,"{C and } [ it, + it ] was just fabulous.  /","and/CC it/PRP ,/, it/PRP was/VBD just/RB fabulous/JJ ./.",,,84.13,86.31
sw09utt/sw_0943_3028.utt,3/sw3028,3028,52,sd,B,34,8,"{E I mean, } my husband was aghast because I ate turnip greens and  liked it. /","I/PRP mean/VBP ,/, my/PRP$ husband/NN was/VBD aghast/JJ because/IN I/PRP ate/VBD turnip/NN greens/NNS and/CC liked/VBD it/PRP ./.",,,86.69,90.51
sw09utt/sw_0943_3028.utt,3/sw3028,3028,53,ba,A,35,1,Wow.  /,Wow/UH ./.,,,90.77,91.19
sw09utt/sw_0943_3028.utt,3/sw3028,3028,54,qw,A,35,2,"{C And } where was that at, near your, -/","And/CC where/WRB was/VBD that/DT at/IN ,/, near/RB your/PRP$ ,/,",,,91.25,92.79
sw09utt/sw_0943_3028.utt,3/sw3028,3028,55,sd,B,36,1,"{F Um, } Kalachandji's.  /","Um/UH ,/, Kalachandji/NNP 's/POS ./.",,,92.69,94.35
sw09utt/sw_0943_3028.utt,3/sw3028,3028,56,sd,B,36,2,"[ It's, + {F uh, } it's ] a Hari Krishna run restaurant. /","It/PRP 's/BES ,/, uh/UH ,/, it/PRP 's/BES a/DT Hari/NNP Krishna/NNP run/VBN restaurant/NN ./.",,,94.47,97.51
sw09utt/sw_0943_3028.utt,3/sw3028,3028,57,qw,A,37,1,"Where,  /","Where/WRB ,/,",,,98.13,98.27
sw09utt/sw_0943_3028.utt,3/sw3028,3028,58,qy,A,37,2,is it in Dallas? /,is/VBZ it/PRP in/IN Dallas/NNP ?/.,,,98.33,99.27
sw09utt/sw_0943_3028.utt,3/sw3028,3028,59,ny,B,38,1,Yes. /,Yes/UH ./.,,,99.17,99.57000000000001
sw09utt/sw_0943_3028.utt,3/sw3028,3028,60,qy,A,39,1,Is it in the phone book? /,Is/VBZ it/PRP in/IN the/DT phone/NN book/NN ?/.,,,99.71,100.91000000000001
sw09utt/sw_0943_3028.utt,3/sw3028,3028,61,na,B,40,1,"{F Uh, } I think so.  /","Uh/UH ,/, I/PRP think/VBP so/RB ./.",,,100.81,102.25
sw09utt/sw_0943_3028.utt,3/sw3028,3028,62,sd,B,40,2,It should be. /,It/PRP should/MD be/VB ./.,,,102.65,103.25
sw09utt/sw_0943_3028.utt,3/sw3028,3028,63,qy,A,41,1,Do you know how to spell it? /,Do/VBP you/PRP know/VB how/WRB to/TO spell/VB it/PRP ?/.,,,103.35,104.95
sw09utt/sw_0943_3028.utt,3/sw3028,3028,64,sd,B,42,1,"{F Uh, } it starts with a K. /","Uh/UH ,/, it/PRP starts/VBZ with/IN a/DT K/SYM ./.",,,104.85,105.85
sw09utt/sw_0943_3028.utt,3/sw3028,3028,65,bk,A,43,1,Okay. /,Okay/UH ./.,,,105.97,106.47
sw09utt/sw_0943_3028.utt,3/sw3028,3028,66,sd,B,44,1,{D So } <laughter>.,So/RB ./.,,,106.57,106.71
sw09utt/sw_0943_3028.utt,3/sw3028,3028,67,qy,A,45,1,"(( Kalli )) , K A L L I? /","Kalli/NNP ,/, K/SYM A/SYM L/SYM L/SYM I/SYM ?/.",,,106.81,108.69000000000001
sw09utt/sw_0943_3028.utt,3/sw3028,3028,68,+,B,46,1,"K A L A, I think, C H A N D. /","K/SYM A/SYM L/SYM A/SYM ,/, I/PRP think/VBP ,/, C/SYM H/SYM A/SYM N/SYM D/SYM ./.",,,109.17,112.81
sw09utt/sw_0943_3028.utt,3/sw3028,3028,69,bk,A,47,1,Okay. /,Okay/UH ./.,,,113.83,114.25
sw09utt/sw_0943_3028.utt,3/sw3028,3028,70,sd,B,48,1,"That should get you close enough [ to, + to ] be able to find it.  /","That/DT should/MD get/VB you/PRP close/RB enough/RB to/TO ,/, to/TO be/VB able/JJ to/TO find/VB it/PRP ./.",,,114.15,117.15
sw09utt/sw_0943_3028.utt,3/sw3028,3028,71,sd,B,48,2,"I think it's, {F uh, } probably listed in the restaurants, {D you know. } /","I/PRP think/VBP it/PRP 's/BES ,/, uh/UH ,/, probably/RB listed/VBN in/IN the/DT restaurants/NNS ,/, you/PRP know/VBP ./.",,,117.15,119.65
sw09utt/sw_0943_3028.utt,3/sw3028,3028,72,b,A,49,1,"Uh-huh,  /","Uh-huh/UH ,/,",,,119.75,119.89
sw09utt/sw_0943_3028.utt,3/sw3028,3028,73,b,A,49,2,"section,  /","section/NN ,/,",,,120.29,120.73
sw09utt/sw_0943_3028.utt,3/sw3028,3028,74,b,A,49,3,"yes,  /","yes/UH ,/,",,,120.73,121.07000000000001
sw09utt/sw_0943_3028.utt,3/sw3028,3028,75,b^r,A,49,4,uh-huh. /,uh-huh/UH ./.,,,121.07,121.22999999999999
sw09utt/sw_0943_3028.utt,3/sw3028,3028,76,sd,B,50,1,"{C But } [ it's, + {F uh, } it's ] just fabulous food. /","But/CC it/PRP 's/BES ,/, uh/UH ,/, it/PRP 's/BES just/RB fabulous/JJ food/NN ./.",,,121.13,123.27
sw09utt/sw_0943_3028.utt,3/sw3028,3028,77,qo,A,51,1,What about fast foods?  /,What/WP about/IN fast/JJ foods/NNS ?/.,,,123.37,124.19000000000001
sw09utt/sw_0943_3028.utt,3/sw3028,3028,78,qy,A,51,2,"Do you have a preference if you were going to,","Do/VBP you/PRP have/VB a/DT preference/NN if/IN you/PRP were/VBD going/VBG to/TO ,/,",,,124.19,125.81
sw09utt/sw_0943_3028.utt,3/sw3028,3028,79,x,B,52,1,<Breathing>.,,,,0.0,0.0
sw09utt/sw_0943_3028.utt,3/sw3028,3028,80,+,A,53,1,eat a fast food? /,eat/VB a/DT fast/JJ food/NN ?/.,,,125.81,126.87
sw09utt/sw_0943_3028.utt,3/sw3028,3028,81,na,B,54,1,"{D Well, } we like Arby's.","Well/UH ,/, we/PRP like/VBP Arby/NNP 's/POS ./.",,,126.97,128.21
sw09utt/sw_0943_3028.utt,3/sw3028,3028,82,bh,A,55,1,"You do,","You/PRP do/VBP ,/,",,,128.75,129.01
sw09utt/sw_0943_3028.utt,3/sw3028,3028,83,+,B,56,1,"As far as,","As/RB far/RB as/IN ,/,",,,128.91,129.17000000000002
sw09utt/sw_0943_3028.utt,3/sw3028,3028,84,+,A,57,1,like Arby's? /,like/VB Arby/NNP 's/POS ?/.,,,129.27,129.75
sw09utt/sw_0943_3028.utt,3/sw3028,3028,85,+,B,58,1,fast food goes. /,fast/JJ food/NN goes/VBZ ./.,,,129.65,130.13
sw09utt/sw_0943_3028.utt,3/sw3028,3028,86,sd,A,59,1,See I don't like Arby's. /,See/UH I/PRP do/VBP n't/RB like/VB Arby/NNP 's/POS ./.,,,130.23,131.01
sw09utt/sw_0943_3028.utt,3/sw3028,3028,87,bh,B,60,1,"{F Oh, } really?  /","Oh/UH ,/, really/UH ?/.",,,131.29,131.67
sw09utt/sw_0943_3028.utt,3/sw3028,3028,88,qw,B,60,2,Why? /,Why/WRB ?/.,,,131.69,132.03
sw09utt/sw_0943_3028.utt,3/sw3028,3028,89,nn,A,61,1,"No,  /","No/UH ,/,",,,132.13,132.39
sw09utt/sw_0943_3028.utt,3/sw3028,3028,90,sv^e,A,61,2,because they use everything they can and make this into pressed whatever.  /,because/IN they/PRP use/VBP everything/NN they/PRP can/MD and/CC make/VBP this/DT into/IN pressed/JJ whatever/WP ./.,,,132.45,136.31
sw09utt/sw_0943_3028.utt,3/sw3028,3028,91,sv,A,61,3,"[ They use the, + they use the ] insides of the animals, heart and liver  /","They/PRP use/VBP the/DT ,/, they/PRP use/VBP the/DT insides/NNS of/IN the/DT animals/NNS ,/, heart/NN and/CC liver/NN",,,136.85,140.89000000000001
sw09utt/sw_0943_3028.utt,3/sw3028,3028,92,sv,A,61,4,"{C and } [ they, + they ] form it,  /","and/CC they/PRP ,/, they/PRP form/VBP it/PRP ,/,",,,140.89,142.26999999999998
sw09utt/sw_0943_3028.utt,3/sw3028,3028,93,sv,A,61,5,"{C and } they make it look like roast beef,  /","and/CC they/PRP make/VBP it/PRP look/VB like/IN roast/NN beef/NN ,/,",,,142.27,143.77
sw09utt/sw_0943_3028.utt,3/sw3028,3028,94,sd(^q),A,61,6,"{C and } I said, no,  /","and/CC I/PRP said/VBD ,/, no/UH ,/,",,,143.77,145.17
sw09utt/sw_0943_3028.utt,3/sw3028,3028,95,^q,A,61,7,thank you. /,thank/VB you/PRP ./.,,,145.17,145.61
sw09utt/sw_0943_3028.utt,3/sw3028,3028,96,ar,B,62,1,"{F Oh, } no,  /","Oh/UH ,/, no/UH ,/,",,,145.51,145.93
sw09utt/sw_0943_3028.utt,3/sw3028,3028,97,ar^r,B,62,2,"no,  /","no/UH ,/,",,,145.93,146.19
sw09utt/sw_0943_3028.utt,3/sw3028,3028,98,ar^r,B,62,3,no.  /,no/UH ./.,,,146.19,146.43
sw09utt/sw_0943_3028.utt,3/sw3028,3028,99,sv,B,62,4,Someone has been lying to you.  /,Someone/NN has/VBZ been/VBN lying/VBG to/IN you/PRP ./.,,,146.81,148.45000000000002
sw09utt/sw_0943_3028.utt,3/sw3028,3028,100,sv,B,62,5,What they use is roast beef. /,What/WP they/PRP use/VBP is/VBZ roast/NN beef/NN ./.,,,148.81,150.91
sw09utt/sw_0943_3028.utt,3/sw3028,3028,101,sd,A,63,1,"{D Well, } that's not what I heard,","Well/UH ,/, that/DT 's/BES not/RB what/WP I/PRP heard/VBD ,/,",,,151.61,153.15
sw09utt/sw_0943_3028.utt,3/sw3028,3028,102,%,B,64,1,"That's what, -/","That/DT 's/BES what/WP ,/,",,,153.05,153.47
sw09utt/sw_0943_3028.utt,3/sw3028,3028,103,+,A,65,1,"from [ one of, + somebody ] that was supposed to know what they were talking about. /","from/IN one/CD of/IN ,/, somebody/NN that/WDT was/VBD supposed/VBN to/TO know/VB what/WP they/PRP were/VBD talking/VBG about/IN ./.",,,153.57,157.03
sw09utt/sw_0943_3028.utt,3/sw3028,3028,104,ba,B,66,1,"{F Oh, } my goodness. /","Oh/UH ,/, my/PRP$ goodness/NN ./.",,,157.14,158.02
sw09utt/sw_0943_3028.utt,3/sw3028,3028,105,b,A,67,1,Uh-huh. /,Uh-huh/UH ./.,,,158.53,158.69
sw09utt/sw_0943_3028.utt,3/sw3028,3028,106,sd,B,68,1,I'm surprised.  /,I/PRP 'm/VBP surprised/JJ ./.,,,158.6,159.28
sw09utt/sw_0943_3028.utt,3/sw3028,3028,107,sd,B,68,2,My dad worked for Arby's for several years. /,My/PRP$ dad/NN worked/VBD for/IN Arby/NNP 's/POS for/IN several/JJ years/NNS ./.,,,159.28,161.44
sw09utt/sw_0943_3028.utt,3/sw3028,3028,108,bh,A,69,1,Really? /,Really/UH ?/.,,,161.55,162.05
sw09utt/sw_0943_3028.utt,3/sw3028,3028,109,ny,B,70,1,Yeah. /,Yeah/UH ./.,,,161.96,162.42000000000002
sw09utt/sw_0943_3028.utt,3/sw3028,3028,110,sv,A,71,1,Unless somebody is trying to blackball them. /,Unless/IN somebody/NN is/VBZ trying/VBG to/TO blackball/VB them/PRP ./.,,,163.93,165.73
sw09utt/sw_0943_3028.utt,3/sw3028,3028,111,sd,B,72,1,"{D Well, } that's happened before. /","Well/UH ,/, that/DT 's/HVS happened/VBN before/RB ./.",,,166.6,167.86
sw09utt/sw_0943_3028.utt,3/sw3028,3028,112,b,A,73,1,Uh-huh. /,Uh-huh/UH ./.,,,167.97,168.10999999999999
sw09utt/sw_0943_3028.utt,3/sw3028,3028,113,sd,B,74,1,"{C But } [ [ [ we like good s-, + {F uh, } w-, ] + we're, ] + we like ] Mexican food. /","But/CC we/PRP like/VBP good/JJ s-/XX ,/, uh/UH ,/, w-/PRP ,/, we/PRP 're/VBP ,/, we/PRP like/VBP Mexican/JJ food/NN ./.",,,168.22,171.8
sw09utt/sw_0943_3028.utt,3/sw3028,3028,114,bk,A,75,1,Okay. /,Okay/UH ./.,,,172.19,172.75
sw09utt/sw_0943_3028.utt,3/sw3028,3028,115,sd,B,76,1,And stuff like that.  /,And/CC stuff/NN like/IN that/DT ./.,,,173.06,174.14000000000001
sw09utt/sw_0943_3028.utt,3/sw3028,3028,116,%,B,76,2,"{C And so, } {F um, } -/","And/CC so/RB ,/, um/UH ,/,",,,174.24,175.02
sw09utt/sw_0943_3028.utt,3/sw3028,3028,117,qo,A,77,1,"How about the health food, {F uh, } restaurants?  {D Well, } like this one  /","How/WRB about/IN the/DT health/NN food/NN ,/, uh/UH ,/, restaurants/NNS ?/. Well/UH ,/, like/IN this/DT one/CD",,,175.85,179.61
sw09utt/sw_0943_3028.utt,3/sw3028,3028,118,qy^g,A,77,2,"{C but } it's probably not advertised as such, is it?  /","but/CC it/PRP 's/BES probably/RB not/RB advertised/VBN as/IN such/JJ ,/, is/VBZ it/PRP ?/.",,,179.61,182.82999999999998
sw09utt/sw_0943_3028.utt,3/sw3028,3028,119,%,A,77,3,"{C Or, } -/","Or/CC ,/,",,,184.91,184.95
sw09utt/sw_0943_3028.utt,3/sw3028,3028,120,qy^h,B,78,1,<Breathing> A health food? /,A/DT health/NN food/NN ?/.,,,184.84,185.62
sw09utt/sw_0943_3028.utt,3/sw3028,3028,121,ny,A,79,1,Uh-huh.  /,Uh-huh/UH ./.,,,185.83,186.11
sw09utt/sw_0943_3028.utt,3/sw3028,3028,122,sd^e,A,79,2,"Health food, {F uh, } restaurants that, -/","Health/NN food/NN ,/, uh/UH ,/, restaurants/NNS that/WDT ,/,",,,186.51,188.15
sw09utt/sw_0943_3028.utt,3/sw3028,3028,123,%,B,80,1,"[ Like, + like, ] - /","Like/IN ,/, like/IN ,/,",,,188.14,188.8
sw09utt/sw_0943_3028.utt,3/sw3028,3028,124,ad,B,80,2,name one <laughter>. /,name/VB one/CD ./.,,,188.8,189.42000000000002
sw09utt/sw_0943_3028.utt,3/sw3028,3028,125,aa,A,81,1,[ [ {D Well } -- +,Well/UH --/:,,,189.53,189.73
sw09utt/sw_0943_3028.utt,3/sw3028,3028,126,sd,B,82,1,I'm not sure what you're talking about. /,I/PRP 'm/VBP not/RB sure/JJ what/WP you/PRP 're/VBP talking/VBG about/IN ./.,,,189.72,191.14000000000001
sw09utt/sw_0943_3028.utt,3/sw3028,3028,127,+,A,83,1,"-- {D well, } ] like, {F um, } <lipsmack> {D well, } ] I can't really think of any off the top of my head right now because there's so few and far between.  /","--/: well/UH ,/, like/IN ,/, um/UH ,/, well/UH ,/, I/PRP ca/MD n't/RB really/RB think/VB of/IN any/DT off/IN the/DT top/NN of/IN my/PRP$ head/NN right/RB now/RB because/IN there/EX 's/BES so/RB few/JJ and/CC  far/RB between/IN ./.",,,191.25,198.08999999999997
sw09utt/sw_0943_3028.utt,3/sw3028,3028,128,sd,A,83,2,"{C But } [ they ought, +  there are ] restaurants that cater to the people that are very health conscious. {D You know, } as far as their cholesterol levels and [ their, + their ] fat content and,  {D you know, } the amount of calcium and so forth that are in each product  /","But/CC they/PRP ought/MD ,/, there/EX are/VBP restaurants/NNS that/WDT cater/VBP to/IN the/DT people/NNS that/WDT are/VBP very/JJ health/NN conscious/JJ ./. You/PRP know/VBP ,/, as/RB far/RB as/IN their/PRP$ cholesterol/NN levels/NNS and/CC their/PRP$ ,/, their/PRP$ fat/NN content/NN and/CC ,/, you/PRP know/VBP ,/, the/DT amount/NN of/IN calcium/NN and/CC so/RB forth/RB that/WDT are/VBP in/IN each/DT product/NN",,,198.59,211.81
sw09utt/sw_0943_3028.utt,3/sw3028,3028,129,sd,A,83,3,{C and } they list them.  /,and/CC they/PRP list/VBP them/PRP ./.,,,211.81,212.47
sw09utt/sw_0943_3028.utt,3/sw3028,3028,130,sd,A,83,4,Now there's one restaurant that does that  /,Now/RB there/EX 's/BES one/CD restaurant/NN that/WDT does/VBZ that/DT,,,213.01,215.01
sw09utt/sw_0943_3028.utt,3/sw3028,3028,131,sd,A,83,5,{C and } it's called Rodolfo's  /,and/CC it/PRP 's/BES called/VBN Rodolfo/NNP 's/POS,,,215.01,216.21
sw09utt/sw_0943_3028.utt,3/sw3028,3028,132,sd,A,83,6,over on Preston Road and Royal Lane I believe. /,over/IN on/IN Preston/NNP Road/NNP and/CC Royal/NNP Lane/NNP I/PRP believe/VBP ./.,,,216.21,219.69
sw09utt/sw_0943_3028.utt,3/sw3028,3028,133,b,B,84,1,{F Huh. } /,Huh/UH ./.,,,220.16,220.29999999999998
sw09utt/sw_0943_3028.utt,3/sw3028,3028,134,sd,A,85,1,"{C And } they [ r-, + have ] very good food over there. /","And/CC they/PRP r-/XX ,/, have/VBP very/RB good/JJ food/NN over/IN there/RB ./.",,,220.41,222.15
sw09utt/sw_0943_3028.utt,3/sw3028,3028,135,sd,B,86,1,I don't guess I've ever been to anything like that  /,I/PRP do/VBP n't/RB guess/VB I/PRP 've/VBP ever/RB been/VBN to/IN anything/NN like/IN that/DT,,,222.04,224.35999999999999
sw09utt/sw_0943_3028.utt,3/sw3028,3028,136,sd,B,86,2,"{C so, }","so/RB ,/,",,,224.36,224.52
sw09utt/sw_0943_3028.utt,3/sw3028,3028,137,b,A,87,1,"Uh-huh,  /","Uh-huh/UH ,/,",,,224.63,224.76999999999998
sw09utt/sw_0943_3028.utt,3/sw3028,3028,138,b^r,A,87,2,uh-huh. /,uh-huh/UH ./.,,,225.11,225.25
sw09utt/sw_0943_3028.utt,3/sw3028,3028,139,+,B,88,1,I really don't have anything to compare it to. /,I/PRP really/RB do/VBP n't/RB have/VB anything/NN to/TO compare/VB it/PRP to/IN ./.,,,225.14,226.5
sw09utt/sw_0943_3028.utt,3/sw3028,3028,140,sd,A,89,1,"<Lipsmack> They do [ list, + {F um, } {D you know, } list ] the fat, /","They/PRP do/VBP list/VB ,/, um/UH ,/, you/PRP know/VBP ,/, list/VB the/DT fat/NN ,/,",,,226.63,228.21
sw09utt/sw_0943_3028.utt,3/sw3028,3028,141,sv,B,90,1,"It would be good I think, /","It/PRP would/MD be/VB good/JJ I/PRP think/VBP ,/,",,,228.1,229.31
sw09utt/sw_0943_3028.utt,3/sw3028,3028,142,aa,A,91,1,"Uh-huh,  /","Uh-huh/UH ,/,",,,229.43,229.61
sw09utt/sw_0943_3028.utt,3/sw3028,3028,143,aa^r,A,91,2,uh-huh. /,uh-huh/UH ./.,,,229.61,229.71
sw09utt/sw_0943_3028.utt,3/sw3028,3028,144,qw^d,B,92,1,"{F uh, } I don't know how expensive they are.  /","uh/UH ,/, I/PRP do/VBP n't/RB know/VB how/WRB expensive/JJ they/PRP are/VBP ./.",,,229.59,231.19
sw09utt/sw_0943_3028.utt,3/sw3028,3028,145,sv,B,92,2,"It sounds like that it would probably, -/","It/PRP sounds/VBZ like/IN that/IN it/PRP would/MD probably/RB ,/,",,,231.19,232.77
sw09utt/sw_0943_3028.utt,3/sw3028,3028,146,sv,A,93,1,"{D Well, } it was pretty reasonable.  /","Well/UH ,/, it/PRP was/VBD pretty/RB reasonable/JJ ./.",,,232.95,234.07
sw09utt/sw_0943_3028.utt,3/sw3028,3028,147,sd,A,93,2,"[ I, + it ] was around ten dollars for lunch. Okay,  /","I/PRP ,/, it/PRP was/VBD around/RB ten/CD dollars/NNS for/IN lunch/NN ./. Okay/UH ,/,",,,234.11,237.17000000000002
sw09utt/sw_0943_3028.utt,3/sw3028,3028,148,sv,A,93,3,"[ wha-, + which ] is kind of high for lunch I guess. /","wha-/XX ,/, which/WDT is/VBZ kind/RB of/RB high/JJ for/IN lunch/NN I/PRP guess/VBP ./.",,,237.59,239.27
sw09utt/sw_0943_3028.utt,3/sw3028,3028,149,qy,B,94,1,For one person? /,For/IN one/CD person/NN ?/.,,,239.15,239.83
sw09utt/sw_0943_3028.utt,3/sw3028,3028,150,ny,A,95,1,Yes. /,Yes/UH ./.,,,240.33,240.69000000000003
sw09utt/sw_0943_3028.utt,3/sw3028,3028,151,bk,B,96,1,Oh <laughter>. /,Oh/UH ./.,,,240.57,240.79
sw09utt/sw_0943_3028.utt,3/sw3028,3028,152,ny^r,A,97,1,"Yes,  /","Yes/UH ,/,",,,241.29,241.53
sw09utt/sw_0943_3028.utt,3/sw3028,3028,153,ny,A,97,2,uh-huh. /,uh-huh/UH ./.,,,241.81,242.01
sw09utt/sw_0943_3028.utt,3/sw3028,3028,154,sv,B,98,1,A bit <laughter>. /,A/DT bit/NN ./.,,,242.01,242.45000000000002
sw09utt/sw_0943_3028.utt,3/sw3028,3028,155,aa,A,99,1,Yeah.  /,Yeah/UH ./.,,,242.79,242.97
sw09utt/sw_0943_3028.utt,3/sw3028,3028,156,sd,A,99,2,"{F Uh, } {C but, }","Uh/UH ,/, but/CC ,/,",,,243.87,244.57000000000002
sw09utt/sw_0943_3028.utt,3/sw3028,3028,157,x,B,100,1,<Sniffing>.,,,,0.0,0.0
sw09utt/sw_0943_3028.utt,3/sw3028,3028,158,+,A,101,1,"{F um, } you were served by maitre d's [ and, + and, ] {F uh, } {F um, } men waiters. /","um/UH ,/, you/PRP were/VBD served/VBN by/IN maitre/FW d/FW 's/NNS and/CC ,/, and/CC ,/, uh/UH ,/, um/UH ,/, men/NNS waiters/NNS ./.",,,244.73,251.45000000000002
sw09utt/sw_0943_3028.utt,3/sw3028,3028,159,b,B,102,1,"Yeah,  /","Yeah/UH ,/,",,,251.85,252.04999999999998
sw09utt/sw_0943_3028.utt,3/sw3028,3028,160,sd,B,102,2,"[ I, + I ] won't really be interested [ in going to, + in going ] there.","I/PRP ,/, I/PRP wo/MD n't/RB really/RB be/VB interested/JJ in/IN going/VBG to/IN ,/, in/IN going/VBG there/RB ./.",,,252.09,254.95
sw09utt/sw_0943_3028.utt,3/sw3028,3028,161,sv,A,103,1,"{D Well, }","Well/UH ,/,",,,255.07,255.20999999999998
sw09utt/sw_0943_3028.utt,3/sw3028,3028,162,+,B,104,1,"Because,","Because/IN ,/,",,,255.09,255.25
sw09utt/sw_0943_3028.utt,3/sw3028,3028,163,+,A,105,1,"if you're looking for a nice, -/","if/IN you/PRP 're/VBP looking/VBG for/IN a/DT nice/JJ ,/,",,,255.37,256.69
sw09utt/sw_0943_3028.utt,3/sw3028,3028,164,+,B,106,1,"I feel like [ I'm, + I'm ] paying, {D you know, } five dollars for the food probably and five dollars for something that I could get along quite well without <laughter>. /","I/PRP feel/VBP like/IN I/PRP 'm/VBP ,/, I/PRP 'm/VBP paying/VBG ,/, you/PRP know/VBP ,/, five/CD dollars/NNS for/IN the/DT food/NN probably/RB and/CC five/CD dollars/NNS for/IN something/NN that/WDT I/PRP could/MD get/VB along/RP quite/RB well/RB without/IN ./.",,,256.57,263.79
sw09utt/sw_0943_3028.utt,3/sw3028,3028,165,b,A,107,1,Uh-huh.  /,Uh-huh/UH ./.,,,263.91,264.17
sw09utt/sw_0943_3028.utt,3/sw3028,3028,166,sv,A,107,2,"{D Well, } I guess [ if you were having, + if you were trying ] to impress somebody [ w-, + like ] taking somebody that you hadn't seen for a long time and  wanted to show them a good restaurant.","Well/UH ,/, I/PRP guess/VBP if/IN you/PRP were/VBD having/VBG ,/, if/IN you/PRP were/VBD trying/VBG to/TO impress/VB somebody/NN w-/XX ,/, like/IN taking/VBG somebody/NN that/WDT you/PRP had/VBD n't/RB seen/VBN for/IN a/DT long/JJ time/NN and/CC wanted/VBD to/TO show/VB them/PRP a/DT good/JJ restaurant/NN ./.",,,264.53,272.99
sw09utt/sw_0943_3028.utt,3/sw3028,3028,167,aa,B,108,1,Yeah.  /,Yeah/UH ./.,,,272.87,273.15
sw09utt/sw_0943_3028.utt,3/sw3028,3028,168,aa,B,108,2,"[ Maybe, +","Maybe/RB ,/,",,,273.15,273.27
sw09utt/sw_0943_3028.utt,3/sw3028,3028,169,+,A,109,1,"It's a special occasion,","It/PRP 's/BES a/DT special/JJ occasion/NN ,/,",,,273.39,274.35
sw09utt/sw_0943_3028.utt,3/sw3028,3028,170,+,B,110,1,maybe ] that.  /,maybe/RB that/DT ./.,,,274.23,274.61
sw09utt/sw_0943_3028.utt,3/sw3028,3028,171,aa,B,110,2,Yeah. /,Yeah/UH ./.,,,274.61,274.87
sw09utt/sw_0943_3028.utt,3/sw3028,3028,172,+,A,111,1,type thing.  /,type/NN thing/NN ./.,,,274.99,275.37
sw09utt/sw_0943_3028.utt,3/sw3028,3028,173,%,A,111,2,# Yeah. # /,Yeah/UH ./.,,,275.93,276.37
sw09utt/sw_0943_3028.utt,3/sw3028,3028,174,aa^m,B,112,1,# Yeah.  /,Yeah/UH ./.,,,0.0,0.0
sw09utt/sw_0943_3028.utt,3/sw3028,3028,175,aa,B,112,2,"#  I could see that,","I/PRP could/MD see/VB that/DT ,/,",,,276.75,277.39000000000004
sw09utt/sw_0943_3028.utt,3/sw3028,3028,176,b,A,113,1,Uh-huh. /,Uh-huh/UH ./.,,,277.51,277.67
sw09utt/sw_0943_3028.utt,3/sw3028,3028,177,+,B,114,1,then maybe. /,then/RB maybe/RB ./.,,,277.55,277.90999999999997
sw09utt/sw_0943_3028.utt,3/sw3028,3028,178,sv,A,115,1,{C And } now the Red Lobster I found is very nice at lunchtime. /,And/CC now/RB the/DT Red/NNP Lobster/NNP I/PRP found/VBD is/VBZ very/RB nice/JJ at/IN lunchtime/NN ./.,,,278.03,281.71
sw09utt/sw_0943_3028.utt,3/sw3028,3028,179,aa,B,116,1,"Yeah,  /","Yeah/UH ,/,",,,282.67,282.89000000000004
sw09utt/sw_0943_3028.utt,3/sw3028,3028,180,sd,B,116,2,"I like [ the, +","I/PRP like/VBP the/DT ,/,",,,282.89,283.65
sw09utt/sw_0943_3028.utt,3/sw3028,3028,181,%,A,117,1,"Because they're, -/","Because/IN they/PRP 're/VBP ,/,",,,283.77,284.25
sw09utt/sw_0943_3028.utt,3/sw3028,3028,182,+,B,118,1,"the ] seafood [ that they, + when they ] had it, {D you know, } the broiled, -/","the/DT seafood/NN that/WDT they/PRP ,/, when/WRB they/PRP had/VBD it/PRP ,/, you/PRP know/VBP ,/, the/DT broiled/JJ ,/,",,,284.13,286.43
sw09utt/sw_0943_3028.utt,3/sw3028,3028,183,%,A,119,1,"{D Well, } they have lunch specials that - /","Well/UH ,/, they/PRP have/VBP lunch/NN specials/NNS that/WDT",,,287.23,288.95
sw09utt/sw_0943_3028.utt,3/sw3028,3028,184,sv,A,119,2,"[ you can't, + you can't ] beat that price, {F uh, } if you went to a cafeteria. /","you/PRP ca/MD n't/RB ,/, you/PRP ca/MD n't/RB beat/VB that/DT price/NN ,/, uh/UH ,/, if/IN you/PRP went/VBD to/IN a/DT cafeteria/NN ./.",,,288.95,292.97
sw09utt/sw_0943_3028.utt,3/sw3028,3028,185,aa,B,120,1,Yeah.  /,Yeah/UH ./.,,,293.11,293.47
sw09utt/sw_0943_3028.utt,3/sw3028,3028,186,aa,B,120,2,Probably that's true.  /,Probably/RB that/DT 's/BES true/JJ ./.,,,293.47,294.46999999999997
sw09utt/sw_0943_3028.utt,3/sw3028,3028,187,sv,B,120,3,"{C But } I know [ a lot of their, + a lot of their ] specials sometimes are fried things,","But/CC I/PRP know/VBP a/DT lot/NN of/IN their/PRP$ ,/, a/DT lot/NN of/IN their/PRP$ specials/NNS sometimes/RB are/VBP fried/JJ things/NNS ,/,",,,294.65,299.07
sw09utt/sw_0943_3028.utt,3/sw3028,3028,188,sd,A,121,1,"{D Well, } [ I had the, +","Well/UH ,/, I/PRP had/VBD the/DT ,/,",,,299.63,300.07
sw09utt/sw_0943_3028.utt,3/sw3028,3028,189,+,B,122,1,"that you can't really get away from the fried, /","that/IN you/PRP ca/MD n't/RB really/RB get/VB away/RB from/IN the/DT fried/JJ ,/,",,,299.95,300.99
sw09utt/sw_0943_3028.utt,3/sw3028,3028,190,+,A,123,1,I had a ] broiled chicken breast  /,I/PRP had/VBD a/DT broiled/JJ chicken/NN breast/NN,,,301.11,301.97
sw09utt/sw_0943_3028.utt,3/sw3028,3028,191,sd,A,123,2,{C and } it was excellent.  /,and/CC it/PRP was/VBD excellent/JJ ./.,,,301.97,302.87
sw09utt/sw_0943_3028.utt,3/sw3028,3028,192,sd,A,123,3,"It was a marinated, broiled chicken breast  /","It/PRP was/VBD a/DT marinated/JJ ,/, broiled/JJ chicken/NN breast/NN",,,303.57,305.54999999999995
sw09utt/sw_0943_3028.utt,3/sw3028,3028,193,sd,A,123,4,"{C and } it was exce-, -/","and/CC it/PRP was/VBD exce/JJ ,/,",,,305.55,305.75
sw09utt/sw_0943_3028.utt,3/sw3028,3028,194,qw,B,124,1,{D Now } why would you go to a seafood restaurant <laughter> to eat chicken? /,Now/UH why/WRB would/MD you/PRP go/VB to/IN a/DT seafood/NN restaurant/NN to/TO eat/VB chicken/NN ?/.,,,305.63,308.59
sw09utt/sw_0943_3028.utt,3/sw3028,3028,195,sd,A,125,1,"{F Oh, } it was, /","Oh/UH ,/, it/PRP was/VBD ,/,",,,309.07,309.41
sw09utt/sw_0943_3028.utt,3/sw3028,3028,196,sd,B,126,1,That's one of my husband's pet peeves.  /,That/DT 's/BES one/CD of/IN my/PRP$ husband/NN 's/POS pet/NN peeves/NNS ./.,,,309.29,310.65
sw09utt/sw_0943_3028.utt,3/sw3028,3028,197,sd,B,126,2,"He doesn't understand why somebody would go to a seafood place and eat either chicken or steak, {D you know. } /","He/PRP does/VBZ n't/RB understand/VB why/WRB somebody/NN would/MD go/VB to/IN a/DT seafood/NN place/NN and/CC eat/VB either/DT chicken/NN or/CC steak/NN ,/, you/PRP know/VBP ./.",,,310.65,314.89000000000004
sw09utt/sw_0943_3028.utt,3/sw3028,3028,198,sd,A,127,1,"{D Well, } I've never had catfish either in a restaurant because I'm from the north /","Well/UH ,/, I/PRP 've/VBP never/RB had/VBN catfish/NN either/RB in/IN a/DT restaurant/NN because/IN I/PRP 'm/VBP from/IN the/DT north/NN",,,315.13,319.27
sw09utt/sw_0943_3028.utt,3/sw3028,3028,199,sd,A,127,2,{C and } that was a no no. /,and/CC that/DT was/VBD a/DT no/NN no/NN ./.,,,319.27,320.61
sw09utt/sw_0943_3028.utt,3/sw3028,3028,200,bh,B,128,1,"{F Oh, } really? /","Oh/UH ,/, really/UH ?/.",,,320.85,321.27000000000004
sw09utt/sw_0943_3028.utt,3/sw3028,3028,201,sd,A,129,1,{C And } I haven't gotten over that from the north. /,And/CC I/PRP have/VBP n't/RB gotten/VBN over/IN that/DT from/IN the/DT north/NN ./.,,,321.39,323.25
sw09utt/sw_0943_3028.utt,3/sw3028,3028,202,sv,B,130,1,"{F Oh, } catfish is wonderful. /","Oh/UH ,/, catfish/NN is/VBZ wonderful/JJ ./.",,,323.13,324.61
sw09utt/sw_0943_3028.utt,3/sw3028,3028,203,sd,A,131,1,"I know they say that,","I/PRP know/VBP they/PRP say/VBP that/IN ,/,",,,324.77,325.51
sw09utt/sw_0943_3028.utt,3/sw3028,3028,204,b,B,132,1,"{F Oh, } really. /","Oh/UH ,/, really/UH ./.",,,325.39,325.63
sw09utt/sw_0943_3028.utt,3/sw3028,3028,205,+,A,133,1,"that is,  /","that/DT is/VBZ ,/,",,,325.75,326.09000000000003
sw09utt/sw_0943_3028.utt,3/sw3028,3028,206,sd,A,133,2,"[ {C but } I'm, +","but/CC I/PRP 'm/VBP ,/,",,,326.11,326.54999999999995
sw09utt/sw_0943_3028.utt,3/sw3028,3028,207,b,B,134,1,Really. /,Really/UH ./.,,,326.93,327.13
sw09utt/sw_0943_3028.utt,3/sw3028,3028,208,+,A,135,1,<Lipsmack> {C but } they've ] got all these caution signs now on fish /,but/CC they/PRP 've/VBP got/VBN all/PDT these/DT caution/NN signs/NNS now/RB on/IN fish/NN,,,327.51,330.27
sw09utt/sw_0943_3028.utt,3/sw3028,3028,209,sd,A,135,2,"{C and so } I kind of stay a-, -/","and/CC so/RB I/PRP kind/RB of/RB stay/VBP a-/RB ,/,",,,330.99,331.69
sw09utt/sw_0943_3028.utt,3/sw3028,3028,210,qw,B,136,1,Why? /,Why/WRB ?/.,,,331.57,331.96999999999997
sw09utt/sw_0943_3028.utt,3/sw3028,3028,211,sv,A,137,1,"Because of all the pollution in the lakes and [ the, +","Because/IN of/IN all/PDT the/DT pollution/NN in/IN the/DT lakes/NNS and/CC the/DT ,/,",,,332.63,334.53000000000003
sw09utt/sw_0943_3028.utt,3/sw3028,3028,212,bk,B,138,1,Oh. /,Oh/UH ./.,,,334.41,334.57000000000005
sw09utt/sw_0943_3028.utt,3/sw3028,3028,213,+,A,139,1,everywhere. ]  {E I mean } there isn't any safe haven anymore for fish. /,everywhere/RB ./. I/PRP mean/VBP there/EX is/VBZ n't/RB any/DT safe/JJ haven/NN anymore/RB for/IN fish/NN ./.,,,335.33,339.33000000000004
sw09utt/sw_0943_3028.utt,3/sw3028,3028,214,b,B,140,1,{F Huh. } /,Huh/UH ./.,,,339.69,339.85
sw09utt/sw_0943_3028.utt,3/sw3028,3028,215,sd(^q),A,141,1,"[ I-, + {C and } ] especially, {F uh, } in Wisconsin and Michigan they say, no, buying of our fish. /","I-/XX ,/, and/CC especially/RB ,/, uh/UH ,/, in/IN Wisconsin/NNP and/CC Michigan/NNP they/PRP say/VBP ,/, no/DT ,/, buying/VBG of/IN our/PRP$ fish/NN ./.",,,339.97,345.21
sw09utt/sw_0943_3028.utt,3/sw3028,3028,216,sd,B,142,1,"That's too bad,","That/DT 's/BES too/RB bad/JJ ,/,",,,345.37,346.09
sw09utt/sw_0943_3028.utt,3/sw3028,3028,217,%,A,143,1,"I, -/","I/PRP ,/,",,,346.21,346.28999999999996
sw09utt/sw_0943_3028.utt,3/sw3028,3028,218,+,B,144,1,because I'm probably not going to stop eating it <laughter>. /,because/IN I/PRP 'm/VBP probably/RB not/RB going/VBG to/TO stop/VB eating/VBG it/PRP ./.,,,346.17,348.75
sw09utt/sw_0943_3028.utt,3/sw3028,3028,219,b,A,145,1,"<Laughter>  {D Well, } yeah.  /","Well/UH ,/, yeah/UH ./.",,,349.81,351.31
sw09utt/sw_0943_3028.utt,3/sw3028,3028,220,%,A,145,2,"{C So } [ yo-, + I ] am, <lipsmack>  /","So/RB yo-/XX ,/, I/PRP am/VBP ,/,",,,351.83,352.49
sw09utt/sw_0943_3028.utt,3/sw3028,3028,221,sv,A,145,3,"{C and } [ the, + the ] best brand of chicken to buy is the, {F uh, } Pilgrim Pride because they don't use all these hormones to  (( remote )) , {F uh, } unnatural growth in their products. /","and/CC the/DT ,/, the/DT best/JJS brand/NN of/IN chicken/NN to/TO buy/VB is/VBZ the/DT ,/, uh/UH ,/, Pilgrim/NNP Pride/NNP because/IN they/PRP do/VBP n't/RB use/VB all/PDT these/DT hormones/NNS to/TO remote/VB ,/, uh/UH ,/,  unnatural/JJ growth/NN in/IN their/PRP$ products/NNS ./.",,,353.73,364.93
sw09utt/sw_0943_3028.utt,3/sw3028,3028,222,b,B,146,1,Uh-huh.  /,Uh-huh/UH ./.,,,364.8,364.94
sw09utt/sw_0943_3028.utt,3/sw3028,3028,223,b,B,146,2,Yeah. /,Yeah/UH ./.,,,365.66,366.02000000000004
sw09utt/sw_0943_3028.utt,3/sw3028,3028,224,sv,A,147,1,"{C So } {E I mean, } we have to be on the lookout if we want to stay healthy. /","So/RB I/PRP mean/VBP ,/, we/PRP have/VBP to/TO be/VB on/IN the/DT lookout/NN if/IN we/PRP want/VBP to/TO stay/VB healthy/JJ ./.",,,366.53,369.53
sw09utt/sw_0943_3028.utt,3/sw3028,3028,225,aa,B,148,1,That's true. /,That/DT 's/BES true/JJ ./.,,,370.04,370.8
sw09utt/sw_0943_3028.utt,3/sw3028,3028,226,%,A,149,1,"{C So } [ [ I'm, + I, ] + {D you know, } I, ] -/","So/RB I/PRP 'm/VBP ,/, I/PRP ,/, you/PRP know/VBP ,/, I/PRP ,/,",,,371.53,372.99
sw09utt/sw_0943_3028.utt,3/sw3028,3028,227,sd,B,150,1,"{F Oh, } on one hand I see that  /","Oh/UH ,/, on/IN one/CD hand/NN I/PRP see/VBP that/DT",,,372.86,374.46
sw09utt/sw_0943_3028.utt,3/sw3028,3028,228,sd,B,150,2,"{C and } on the other hand, {F uh, } my older sister --","and/CC on/IN the/DT other/JJ hand/NN ,/, uh/UH ,/, my/PRP$ older/JJR sister/NN --/:",,,374.46,377.24
sw09utt/sw_0943_3028.utt,3/sw3028,3028,229,b,A,151,1,Uh-huh. /,Uh-huh/UH ./.,,,378.19,378.31
sw09utt/sw_0943_3028.utt,3/sw3028,3028,230,+,B,152,1,"-- remembers when, {F uh, } at one point they were taking radioactive wastes --","--/: remembers/VBZ when/WRB ,/, uh/UH ,/, at/IN one/CD point/NN they/PRP were/VBD taking/VBG radioactive/JJ wastes/NNS --/:",,,378.18,382.36
sw09utt/sw_0943_3028.utt,3/sw3028,3028,231,b,A,153,1,Yeah. /,Yeah/UH ./.,,,382.73,382.95000000000005
sw09utt/sw_0943_3028.utt,3/sw3028,3028,232,+,B,154,1,"-- and storing them in tin barrels which [ i-, + I ] guess,","--/: and/CC storing/VBG them/PRP in/IN tin/NN barrels/NNS which/WDT i-/XX ,/, I/PRP guess/VBP ,/,",,,382.98,386.34
sw09utt/sw_0943_3028.utt,3/sw3028,3028,233,^2,A,155,1,Corrode. /,Corrode/VBP ./.,,,386.83,387.01
sw09utt/sw_0943_3028.utt,3/sw3028,3028,234,+,B,156,1,"had a half-life of, {F oh, } five years if they sit empty on dry land. /","had/VBD a/DT half-life/NN of/IN ,/, oh/UH ,/, five/CD years/NNS if/IN they/PRP sit/VBP empty/JJ on/IN dry/JJ land/NN ./.",,,386.88,391.1
sw09utt/sw_0943_3028.utt,3/sw3028,3028,235,b,A,157,1,{F Huh. } /,Huh/UH ./.,,,391.29,391.41
sw09utt/sw_0943_3028.utt,3/sw3028,3028,236,sd,B,158,1,{C So } they're putting radioactive waste in it which reduces it dramatically. /,So/RB they/PRP 're/VBP putting/VBG radioactive/JJ waste/NN in/IN it/PRP which/WDT reduces/VBZ it/PRP dramatically/RB ./.,,,391.56,394.94
sw09utt/sw_0943_3028.utt,3/sw3028,3028,237,b,A,159,1,Uh-huh. /,Uh-huh/UH ./.,,,395.19,395.37
sw09utt/sw_0943_3028.utt,3/sw3028,3028,238,sd,B,160,1,{C And then } they take these things that will rust  /,And/CC then/RB they/PRP take/VBP these/DT things/NNS that/WDT will/MD rust/VB,,,395.24,397.02000000000004
sw09utt/sw_0943_3028.utt,3/sw3028,3028,239,sd,B,160,2,{C and } they throw them in the ocean which is going to speedup the process even more. /,and/CC they/PRP throw/VBP them/PRP in/IN the/DT ocean/NN which/WDT is/VBZ going/VBG to/TO speedup/VB the/DT process/NN even/RB  more/RBR ./.,,,397.02,400.91999999999996
sw09utt/sw_0943_3028.utt,3/sw3028,3028,240,sd,A,161,1,"{D Well, } I'd like to get ahold of some engineers and knock their heads together if it would do any good. /","Well/UH ,/, I/PRP 'd/MD like/VB to/TO get/VB ahold/RB  of/IN some/DT engineers/NNS and/CC knock/VB their/PRP$ heads/NNS together/RB if/IN it/PRP would/MD do/VB any/DT good/NN ./.",,,401.05,404.67
sw09utt/sw_0943_3028.utt,3/sw3028,3028,241,b,B,162,1,Oh.  /,Oh/UH ./.,,,405.12,405.18
sw09utt/sw_0943_3028.utt,3/sw3028,3028,242,sd,B,162,2,{C And } then they wouldn't think.  /,And/CC then/RB they/PRP would/MD n't/RB think/VB ./.,,,405.46,407.08
sw09utt/sw_0943_3028.utt,3/sw3028,3028,243,sd,B,162,3,They were floating around  /,They/PRP were/VBD floating/VBG around/RB,,,407.08,408.46
sw09utt/sw_0943_3028.utt,3/sw3028,3028,244,sd,B,162,4,{C so } they shot holes in them to sink them. /,so/RB they/PRP shot/VBP holes/NNS in/IN them/PRP to/TO sink/VB them/PRP ./.,,,408.46,410.22
sw09utt/sw_0943_3028.utt,3/sw3028,3028,245,ba,A,163,1,"{F Oh, } dear. /","Oh/UH ,/, dear/UH ./.",,,410.43,410.57
sw09utt/sw_0943_3028.utt,3/sw3028,3028,246,sd,B,164,1,{C And } this is before I was born. /,And/CC this/DT is/VBZ before/IN I/PRP was/VBD born/VBN ./.,,,410.58,412.0
sw09utt/sw_0943_3028.utt,3/sw3028,3028,247,ba,A,165,1,Wow. /,Wow/UH ./.,,,412.13,412.35
sw09utt/sw_0943_3028.utt,3/sw3028,3028,248,sd,B,166,1,"{C So, } {E I mean } we're taking thirty years ago,","So/RB ,/, I/PRP mean/VBP we/PRP 're/VBP taking/VBG  thirty/CD years/NNS ago/RB ,/,",,,413.84,415.9
sw09utt/sw_0943_3028.utt,3/sw3028,3028,249,b,A,167,1,Sure. /,Sure/UH ./.,,,416.03,416.30999999999995
sw09utt/sw_0943_3028.utt,3/sw3028,3028,250,+,B,168,1,"this happened, /","this/DT happened/VBD ,/,",,,416.18,416.7
sw09utt/sw_0943_3028.utt,3/sw3028,3028,251,b,A,169,1,Yeah. /,Yeah/UH ./.,,,416.83,417.03
sw09utt/sw_0943_3028.utt,3/sw3028,3028,252,sv,B,170,1,"[ {C and, } + {C and } ] [ who's, + {D you know, } the tuna is ] radioactive --","and/CC ,/, and/CC who/WP 's/BES ,/, you/PRP know/VBP ,/, the/DT tuna/NN is/VBZ radioactive/JJ --/:",,,418.04,421.85999999999996
sw09utt/sw_0943_3028.utt,3/sw3028,3028,253,aa,A,171,1,That's right.  /,That/DT 's/BES right/JJ ./.,,,422.15,422.65
sw09utt/sw_0943_3028.utt,3/sw3028,3028,254,sv,A,171,2,Everything we eat. /,Everything/NN we/PRP eat/VBP ./.,,,422.65,423.19
sw09utt/sw_0943_3028.utt,3/sw3028,3028,255,+,B,172,1,-- to a certain extent. /,--/: to/IN a/DT certain/JJ extent/NN ./.,,,423.1,423.86
sw09utt/sw_0943_3028.utt,3/sw3028,3028,256,sv,A,173,1,"[ Everything, +","Everything/NN ,/,",,,423.99,424.39
sw09utt/sw_0943_3028.utt,3/sw3028,3028,257,sv,B,174,1,You can't get away from it  /,You/PRP ca/MD n't/RB get/VB away/RB from/IN it/PRP,,,424.26,425.09999999999997
sw09utt/sw_0943_3028.utt,3/sw3028,3028,258,%,B,174,2,"{C so } I think,","so/RB I/PRP think/VBP ,/,",,,425.1,425.4
sw09utt/sw_0943_3028.utt,3/sw3028,3028,259,+,A,175,1,everything ] we eat should have a label on it <laughter>. /,everything/NN we/PRP eat/VBP should/MD have/VB a/DT label/NN on/IN it/PRP ./.,,,425.53,427.01
sw09utt/sw_0943_3028.utt,3/sw3028,3028,260,+,B,176,1,"To some point, -/","To/IN some/DT point/NN ,/,",,,427.05,427.96999999999997
sw09utt/sw_0943_3028.utt,3/sw3028,3028,261,b,A,177,1,# Yeah. # /,Yeah/UH ./.,,,428.11,428.47
sw09utt/sw_0943_3028.utt,3/sw3028,3028,262,b^m,B,178,1,"# yeah,  /","yeah/UH ,/,",,,0.0,0.0
sw09utt/sw_0943_3028.utt,3/sw3028,3028,263,sv,B,178,2,"# {D you know. }  {C So } [ there's, + {D you know, } there's ] some things I think [ [ we can av-, + we, ] + ((   ))  {D you know } we can't avoid ] for health purposes and some things that we just need to like, {D you know, } - /","you/PRP know/VBP ./. So/RB there/EX 's/BES ,/, you/PRP know/VBP ,/, there/EX 's/BES some/DT things/NNS I/PRP think/VBP we/PRP can/MD av/VB ,/, we/PRP ,/, MUMBLEx/XX you/PRP know/VBP we/PRP ca/MD n't/RB avoid/VB for/IN health/NN purposes/NNS and/CC some/DT things/NNS that/WDT we/PRP just/RB need/VBP to/TO like/UH ,/, you/PRP know/VBP ,/,",,,428.55,436.87
sw09utt/sw_0943_3028.utt,3/sw3028,3028,264,sv,B,178,3,this is not in my control. /,this/DT is/VBZ not/RB in/IN my/PRP$ control/NN ./.,,,436.87,438.19
sw09utt/sw_0943_3028.utt,3/sw3028,3028,265,%,A,179,1,"{D Well, } {D you know, } -/","Well/UH ,/, you/PRP know/VBP ,/,",,,438.33,438.99
sw09utt/sw_0943_3028.utt,3/sw3028,3028,266,sv,B,180,1,"{C So } [ I'm {C either } going to be, + I'm {C either } going to starve ] to death  /","So/RB I/PRP 'm/VBP either/CC going/VBG to/TO be/VB ,/, I/PRP 'm/VBP either/CC going/VBG to/TO starve/VB to/IN death/NN",,,438.85,441.43
sw09utt/sw_0943_3028.utt,3/sw3028,3028,267,sv,B,180,2,"{C or } I'm going to get over it and just go ahead and eat as healthily as I possibly can, {D you know. } /","or/CC I/PRP 'm/VBP going/VBG to/TO get/VB over/IN it/PRP and/CC just/RB go/VB ahead/RB and/CC eat/VB as/RB healthily/RB as/IN I/PRP possibly/RB can/MD ,/, you/PRP know/VB ./.",,,441.43,445.41
sw09utt/sw_0943_3028.utt,3/sw3028,3028,268,sv,A,181,1,"<Laughter> {D Well, } Becky, you know, even if you lived off your own land, that you would have to put caution signs, /","Well/UH ,/, Becky/NNP ,/, you/PRP know/VBP ,/, even/RB if/IN you/PRP lived/VBD off/IN your/PRP$ own/JJ land/NN ,/, that/IN you/PRP would/MD have/VB to/TO put/VB caution/NN signs/NNS ,/,",,,445.55,449.75
