act_tag,caller,conversation_no,end_ts,pos,ptb_basename,ptb_treenumbers,start_ts,subutterance_index,swda_filename,text,transcript_index,trees,utterance_index
qy,B,3047,1.73,Do/VBP  [ you/PRP ] have/VB  [ children/NNS ] ?/.,3/sw3047,1,1.11,1,sw03utt/sw_0346_3047.utt,Do you have children? /,0,(SQ (VBP Do) (NP-SBJ (PRP you)) (VP (VB have) (NP (NNS children))) (. ?) (-DFL- E_S)),1
ny,A,3047,2.86,"[ Uh/UH ] ,/, yes/UH ,/,",3/sw3047,3,2.6,1,sw03utt/sw_0346_3047.utt,"{F Uh, } yes,  /",1,"(INTJ (INTJ (UH Uh)) (, ,) (INTJ (UH yes)) (, ,) (-DFL- E_S))",2
ny^r,A,3047,3.12,"yes/UH ,/,",3/sw3047,4,2.86,2,sw03utt/sw_0346_3047.utt,"yes,  /",2,"(INTJ (UH yes) (, ,) (-DFL- E_S))",2
sd^e,A,3047,3.6599999999999997,[ I/PRP ] have/VBP  [ a/DT daughter/NN ] ./.,3/sw3047,5,3.12,3,sw03utt/sw_0346_3047.utt,I have a daughter. /,3,(S (NP-SBJ (PRP I)) (VP (VBP have) (NP (DT a) (NN daughter))) (. .) (-DFL- E_S)),2
bh,B,3047,3.82,Do/VBP  [ you/PRP ] ./.,3/sw3047,7,3.74,1,sw03utt/sw_0346_3047.utt,Do you. /,4,(SQ (VBP Do) (NP-SBJ (PRP you)) (. .) (-DFL- E_S)),3
ny,A,3047,4.34,Yeah/UH ./.,3/sw3047,9,4.1,1,sw03utt/sw_0346_3047.utt,Yeah. /,5,(INTJ (UH Yeah) (. .) (-DFL- E_S)),4
qw,B,3047,5.04,How/WRB  [ old/JJ ] is/VBZ  [ she/PRP ] ?/.,3/sw3047,11,4.44,1,sw03utt/sw_0346_3047.utt,How old is she? /,6,(SBARQ (WHADJP-1 (WRB How) (JJ old)) (SQ (VBZ is) (NP-SBJ (PRP she)) (ADJP-PRD (-NONE- *T*-1))) (. ?) (-DFL- E_S)),5
sd,A,3047,8.6,"[ She/PRP ] 's/BES only/RB about/RB ,/,  [ uh/UH ] ,/,  [ uh/UH ] ,/,  [ a/DT ] little/RB less/JJR than/IN  [ two/CD years/NNS ] old/JJ ./.",3/sw3047,13,5.68,1,sw03utt/sw_0346_3047.utt,"She's only about, {F uh, } {F uh, }  a little less than two years old. /",7,"(S (NP-SBJ (PRP She)) (VP (BES 's) (ADVP (RB only)) (ADJP-PRD (NP-ADV (QP (RB about) (, ,) (INTJ (UH uh)) (, ,) (INTJ (UH uh)) (, ,) (DT a) (RB little) (JJR less) (IN than) (CD two)) (NNS years)) (JJ old))) (. .) (-DFL- E_S))",6
qy^d,B,3047,14.74,"[ Uh/UH ] ,/,  [ I/PRP ] guess/VBP  [ you/PRP ] have/VBP not/RB reached/VBN  [ the/DT stage/NN ] where/WRB  [ you/PRP ] need/VBP to/TO ,/,  [ uh/UH ] ,/, promote/VB  [ a/DT college/NN ] or/CC  [ anything/NN ] ,/, huh/UH ./.",3/sw3047,15,8.58,1,sw03utt/sw_0346_3047.utt,"{F Uh, } <laughter> I guess you have not  reached the stage where you need to, {F uh, } promote a college or anything,  {F huh. } /",8,"(S (INTJ (UH Uh)) (, ,) (NP-SBJ (PRP I)) (VP (VBP guess) (SBAR (-NONE- 0) (S (NP-SBJ (PRP you)) (VP (VBP have) (RB not) (VP (VBN reached) (NP (NP (DT the) (NN stage)) (SBAR (WHADVP-2 (WRB where)) (S (NP-SBJ-1 (PRP you)) (VP (VBP need) (S (NP-SBJ (-NONE- *-1)) (VP (TO to) (, ,) (INTJ (UH uh)) (, ,) (VP (VP (VB promote) (NP (DT a) (NN college))) (CC or) (NP-ETC (NN anything))))) (ADVP (-NONE- *T*-2)))))))))) (, ,) (INTJ (UH huh))) (. .) (-DFL- E_S))",7
nn,A,3047,15.46,[ No/UH ] ./.,3/sw3047,17,15.24,1,sw03utt/sw_0346_3047.utt,No. /,9,(INTJ (UH No) (. .) (-DFL- E_S)),8
sd,B,3047,18.42,"[ I/PRP ] 've/VBP got/VBN  [ one/CD ] [ that/WDT ] 's/BES  [ seven/CD ] and/CC  [ one/CD that/WDT 's/BES three/CD ] ,/,",3/sw3047,19,16.02,1,sw03utt/sw_0346_3047.utt,"<Laughter> I've got one that's seven and  one that's three,  /",10,"(S (NP-SBJ (PRP I)) (VP (VBP 've) (VP (VBN got) (NP (NP (NP (CD one)) (SBAR (WHNP-1 (WDT that)) (S (NP-SBJ (-NONE- *T*-1)) (VP (BES 's) (NP-PRD (CD seven)))))) (CC and) (NP (NP (CD one)) (SBAR (WHNP-2 (WDT that)) (S (NP-SBJ (-NONE- *T*-2)) (VP (BES 's) (NP-PRD (CD three))))))))) (, ,) (-DFL- E_S))",9
sd,B,3047,21.419999999999998,"so/RB ,/,  [ we/PRP ] ,/,  [ uh/UH ] ,/,  [ we/PRP ] started/VBD saving/VBG ,/,",3/sw3047,20,18.68,2,sw03utt/sw_0346_3047.utt,"{C so, } [ we, + {F uh, } we ] started saving,  /",11,"(S (RB so) (, ,) (EDITED (RM (-DFL- \[)) (NP-SBJ (PRP we)) (, ,) (IP (-DFL- \+))) (INTJ (UH uh)) (, ,) (NP-SBJ-1 (PRP we)) (RS (-DFL- \])) (VP (VBD started) (S (NP-SBJ (-NONE- *-1)) (VP (VBG saving)))) (, ,) (-DFL- E_S))",9
sd,B,3047,22.02,but/CC  [ that/DT ] 's/BES  [ all/DT ] ./.,3/sw3047,21,21.42,3,sw03utt/sw_0346_3047.utt,{C but } that's all. /,12,(S (CC but) (NP-SBJ (DT that)) (VP (BES 's) (NP-PRD (DT all))) (. .) (-DFL- E_S)),9
b,A,3047,22.64,Yeah/UH ./.,3/sw3047,9,22.42,1,sw03utt/sw_0346_3047.utt,Yeah <laughter>. /,13,(INTJ (UH Yeah) (. .) (-DFL- E_S)),10
qy,B,3047,28.439999999999998,"So/RB ,/, do/VBP  [ you/PRP ] ,/, is/VBZ  [ there/EX ] ,/, are/VBP  [ you/PRP ] planning/VBG to/TO ,/, like/IN ,/, encourage/VB  [ your/PRP$ children/NNS ] to/TO go/VB to/IN  [ a/DT particular/JJ school/NN ] ?/.",3/sw3047,25,23.26,1,sw03utt/sw_0346_3047.utt,"{D So, } [ [ do you, +  is there, ] +  are you ] planning to, {D like, }  encourage your children to go to a particular school? /",14,"(SQ (INTJ (UH So)) (, ,) (EDITED (RM (-DFL- \[)) (EDITED (RM (-DFL- \[)) (SQ-UNF (VBP do) (NP-SBJ (PRP you))) (, ,) (IP (-DFL- \+))) (SQ-UNF (VBZ is) (NP-SBJ (EX there))) (, ,) (RS (-DFL- \])) (IP (-DFL- \+))) (VBP are) (NP-SBJ-1 (PRP you)) (RS (-DFL- \])) (VP (VBG planning) (S (NP-SBJ (-NONE- *-1)) (VP (TO to) (, ,) (INTJ (UH like)) (, ,) (VP (VB encourage) (S (NP-SBJ (PRP$ your) (NNS children)) (VP (TO to) (VP (VB go) (PP (IN to) (NP (DT a) (JJ particular) (NN school)))))))))) (. ?) (-DFL- E_S))",11
nn,A,3047,32.64,"[ Uh/UH ] ,/, ,/, no/UH ,/,  [ uh/UH ] ,/, um/UH ,/,",3/sw3047,27,30.08,1,sw03utt/sw_0346_3047.utt,"<Sigh> {F Uh, } <sigh>,   no, {F uh, } {F um, }  /",15,"(INTJ (INTJ (UH Uh)) (, ,) (, ,) (INTJ (UH no)) (, ,) (INTJ (UH uh)) (, ,) (INTJ (UH um)) (, ,) (-DFL- E_S))",12
nn,A,3047,34.24,[ no/DT particular/JJ school/NN ] ./.,3/sw3047,28,33.04,2,sw03utt/sw_0346_3047.utt,no  particular school.  /,16,(NP (DT no) (JJ particular) (NN school) (. .) (-DFL- E_S)),12
sv,A,3047,39.199999999999996,"[ Uh/UH ] ,/,  [ I/PRP ] think/VBP  [ that/DT ] 's/BES really/RB  [ a/DT decision/NN th/WDT ] ,/, that/WDT ,/,",3/sw3047,29,34.54,3,sw03utt/sw_0346_3047.utt,"{F Uh, } I  think that's really a decision [ th-, +  # that, ] # -/",17,"(S (INTJ (UH Uh)) (, ,) (NP-SBJ (PRP I)) (VP (VBP think) (SBAR (-NONE- 0) (S (NP-SBJ (DT that)) (VP (BES 's) (ADVP (RB really)) (NP-PRD (NP (DT a) (NN decision)) (SBAR-UNF (EDITED (RM (-DFL- \[)) (WHNP-UNF (WDT th-)) (, ,) (IP (-DFL- \+))) (WHNP (WDT that)))))))) (, ,) (RS (-DFL- \])) (-DFL- N_S))",12
qy^d,B,3047,40.94,That/WDT  [ you/PRP ] are/VBP going/VBG to/TO let/VB  [ them/PRP ] make/VB ./.,3/sw3047,31,40.14,1,sw03utt/sw_0346_3047.utt,# That # you are going to let them make. /,18,(SBAR (WHNP-2 (WDT That)) (S (NP-SBJ-1 (PRP you)) (VP (VBP are) (VP (VBG going) (S (NP-SBJ (-NONE- *-1)) (VP (TO to) (VP (VB let) (S (NP-SBJ (PRP them)) (VP (VB make) (NP (-NONE- *T*-2)))))))))) (. .) (-DFL- E_S)),13
%,A,3047,41.31,"[ They/PRP ] ,/,",3/sw3047,33,41.03,1,sw03utt/sw_0346_3047.utt,"They, - /",19,"(S-UNF (NP-SBJ (PRP They)) (, ,) (-DFL- N_S))",14
nd,A,3047,45.25,"well/UH ,/, help/VBP  [ them/PRP ] make/VB in/IN  [ terms/NNS ] of/IN ,/,  [ you/PRP ] know/VBP ,/,  [ what/WP ] [ they/PRP ] are/VBP ,/,  [ they/PRP ] are/VBP --/:",3/sw3047,34,41.53,2,sw03utt/sw_0346_3047.utt,"{D well, } help them make in  terms of, {D you know, } what [ they are, + they are ] --",20,"(S (INTJ (UH well)) (, ,) (NP-SBJ (-NONE- *)) (VP (VBP help) (S (NP-SBJ (PRP them)) (VP (VB make) (NP (-NONE- *?*)) (PP (IN in) (NP (NP (NNS terms)) (PP (IN of) (PRN (, ,) (S (NP-SBJ (PRP you)) (VP (VBP know))) (, ,)) (SBAR-NOM (WHNP-2 (WP what)) (S (EDITED (RM (-DFL- \[)) (S (NP-SBJ (PRP they)) (VP-UNF (VBP are))) (, ,) (IP (-DFL- \+))) (NP-SBJ-1 (PRP they)) (VP (VBP are) (RS (-DFL- \])) (VP (VBG wanting) (S (NP-SBJ (-NONE- *-1)) (VP (TO to) (VP (VB do) (NP (-NONE- *T*-2))))))))))))))) (. .) (-DFL- E_S))",14
b,B,3047,45.739999999999995,[ Right/UH ] ./.,3/sw3047,36,45.48,1,sw03utt/sw_0346_3047.utt,Right. /,21,(INTJ (UH Right) (. .) (-DFL- E_S)),15
+,A,3047,46.71,--/: wanting/VBG to/TO do/VB ./.,3/sw3047,34,45.81,1,sw03utt/sw_0346_3047.utt,-- wanting to do. /,22,"(S (INTJ (UH well)) (, ,) (NP-SBJ (-NONE- *)) (VP (VBP help) (S (NP-SBJ (PRP them)) (VP (VB make) (NP (-NONE- *?*)) (PP (IN in) (NP (NP (NNS terms)) (PP (IN of) (PRN (, ,) (S (NP-SBJ (PRP you)) (VP (VBP know))) (, ,)) (SBAR-NOM (WHNP-2 (WP what)) (S (EDITED (RM (-DFL- \[)) (S (NP-SBJ (PRP they)) (VP-UNF (VBP are))) (, ,) (IP (-DFL- \+))) (NP-SBJ-1 (PRP they)) (VP (VBP are) (RS (-DFL- \])) (VP (VBG wanting) (S (NP-SBJ (-NONE- *-1)) (VP (TO to) (VP (VB do) (NP (-NONE- *T*-2))))))))))))))) (. .) (-DFL- E_S))",16
b,B,3047,46.92,[ Uh-huh/UH ] ./.,3/sw3047,39,46.7,1,sw03utt/sw_0346_3047.utt,Uh-huh. /,23,(INTJ (UH Uh-huh) (. .) (-DFL- E_S)),17
sv,A,3047,49.33,"[ You/PRP ] know/VBP ,/, that/DT ,/,  [ that/DT ] 's/BES  [ a/DT big/JJ influence/NN ] ,/,  [ I/PRP ] think/VBP and/CC ,/,",3/sw3047,41|||42,47.03,1,sw03utt/sw_0346_3047.utt,"{D You know, } [ that, + that's ] a big influence,  I think and,",24,"(S (PRN (S (NP-SBJ (PRP You)) (VP (VBP know))) (, ,)) (S-TPC-1 (EDITED (RM (-DFL- \[)) (NP-SBJ (DT that)) (, ,) (IP (-DFL- \+))) (NP-SBJ (DT that)) (VP (BES 's) (RS (-DFL- \])) (NP-PRD (DT a) (JJ big) (NN influence)))) (, ,) (NP-SBJ (PRP I)) (VP (VBP think) (SBAR (-NONE- 0) (S (-NONE- *T*-1)))))|||(FRAG (CC and) (PRN (, ,) (S (NP-SBJ (PRP You)) (VP (VBP know)))) (EDITED (RM (-DFL- \[)) (WHNP (WP what)) (, ,) (IP (-DFL- \+))) (CONJP (RB not) (RB only)) (NP (SBAR-NOM (WHNP-3 (WP what)) (RS (-DFL- \])) (S (NP-SBJ (PRP you)) (VP (MD can) (VP (VB afford) (NP (-NONE- *T*-3)))))) (, ,) (CC but) (SBAR-NOM (EDITED (RM (-DFL- \[)) (WHNP (WP what)) (, ,) (IP (-DFL- \+))) (WHNP-1 (WP what)) (S (NP-SBJ-2 (-NONE- *T*-1)) (VP (BES 's) (RS (-DFL- \])) (VP (VBG going) (S (NP-SBJ (-NONE- *-2)) (VP (TO to) (VP (VB be) (ADJP-PRD (JJS best) (PP (IN for) (NP (PRP them)))) (PP (IN in) (NP (NP (NNS terms)) (PP (IN of) (SBAR (WHNP-4 (WP what)) (S (NP-SBJ (PRP$ their) (NN career) (NNS goals)) (VP (VBP are) (NP-PRD (-NONE- *T*-4)))))))))))))))) (. .) (-DFL- E_S))",18
aa,B,3047,49.56,"Yeah/UH ,/,",3/sw3047,44,49.32,1,sw03utt/sw_0346_3047.utt,"Yeah,  /",25,"(INTJ (UH Yeah) (, ,) (-DFL- E_S))",19
aa^r,B,3047,50.48,yeah/UH ./.,3/sw3047,45,50.4,2,sw03utt/sw_0346_3047.utt,yeah. /,26,(INTJ (UH yeah) (. .) (-DFL- E_S)),19
+,A,3047,55.11,"[ You/PRP ] know/VBP  [ what/WP ] ,/, not/RB only/RB  [ what/WP ] [ you/PRP ] can/MD afford/VB ,/, but/CC  [ what/WP ] ,/,  [ what/WP ] 's/BES going/VBG to/TO be/VB best/JJS for/IN  [ them/PRP ] --/:",3/sw3047,42,50.49,1,sw03utt/sw_0346_3047.utt,"{D You know } [ what, + not only what ]  you can afford, but [ what, + what's ] going to be best for them --",27,"(FRAG (CC and) (PRN (, ,) (S (NP-SBJ (PRP You)) (VP (VBP know)))) (EDITED (RM (-DFL- \[)) (WHNP (WP what)) (, ,) (IP (-DFL- \+))) (CONJP (RB not) (RB only)) (NP (SBAR-NOM (WHNP-3 (WP what)) (RS (-DFL- \])) (S (NP-SBJ (PRP you)) (VP (MD can) (VP (VB afford) (NP (-NONE- *T*-3)))))) (, ,) (CC but) (SBAR-NOM (EDITED (RM (-DFL- \[)) (WHNP (WP what)) (, ,) (IP (-DFL- \+))) (WHNP-1 (WP what)) (S (NP-SBJ-2 (-NONE- *T*-1)) (VP (BES 's) (RS (-DFL- \])) (VP (VBG going) (S (NP-SBJ (-NONE- *-2)) (VP (TO to) (VP (VB be) (ADJP-PRD (JJS best) (PP (IN for) (NP (PRP them)))) (PP (IN in) (NP (NP (NNS terms)) (PP (IN of) (SBAR (WHNP-4 (WP what)) (S (NP-SBJ (PRP$ their) (NN career) (NNS goals)) (VP (VBP are) (NP-PRD (-NONE- *T*-4)))))))))))))))) (. .) (-DFL- E_S))",20
b,B,3047,55.370000000000005,[ Right/UH ] ./.,3/sw3047,36,55.17,1,sw03utt/sw_0346_3047.utt,Right. /,28,(INTJ (UH Right) (. .) (-DFL- E_S)),21
+,A,3047,57.97,--/: in/IN  [ terms/NNS ] of/IN  [ what/WP ] [ their/PRP$ career/NN goals/NNS ] are/VBP ./.,3/sw3047,42,55.39,1,sw03utt/sw_0346_3047.utt,-- in terms of what their career goals are. /,29,"(FRAG (CC and) (PRN (, ,) (S (NP-SBJ (PRP You)) (VP (VBP know)))) (EDITED (RM (-DFL- \[)) (WHNP (WP what)) (, ,) (IP (-DFL- \+))) (CONJP (RB not) (RB only)) (NP (SBAR-NOM (WHNP-3 (WP what)) (RS (-DFL- \])) (S (NP-SBJ (PRP you)) (VP (MD can) (VP (VB afford) (NP (-NONE- *T*-3)))))) (, ,) (CC but) (SBAR-NOM (EDITED (RM (-DFL- \[)) (WHNP (WP what)) (, ,) (IP (-DFL- \+))) (WHNP-1 (WP what)) (S (NP-SBJ-2 (-NONE- *T*-1)) (VP (BES 's) (RS (-DFL- \])) (VP (VBG going) (S (NP-SBJ (-NONE- *-2)) (VP (TO to) (VP (VB be) (ADJP-PRD (JJS best) (PP (IN for) (NP (PRP them)))) (PP (IN in) (NP (NP (NNS terms)) (PP (IN of) (SBAR (WHNP-4 (WP what)) (S (NP-SBJ (PRP$ their) (NN career) (NNS goals)) (VP (VBP are) (NP-PRD (-NONE- *T*-4)))))))))))))))) (. .) (-DFL- E_S))",22
b,B,3047,58.13,[ Uh-huh/UH ] ./.,3/sw3047,39,57.95,1,sw03utt/sw_0346_3047.utt,Uh-huh. /,30,(INTJ (UH Uh-huh) (. .) (-DFL- E_S)),23
sv,A,3047,66.38000000000001,"So/RB ,/,  [ uh/UH ] ,/,  [ you/PRP ] know/VBP ,/,  [ you/PRP ] need/VBP to/TO go/VB to/IN  [ a/DT school/NN ] [ that/WDT ] handles/VBZ  [ whatever/WDT ] [ it/PRP ] is/VBZ  [ you/PRP ] want/VBP to/TO do/VB ./.",3/sw3047,53,60.09,1,sw03utt/sw_0346_3047.utt,"{C So, } {F uh, } {D you know, }  you need to go to a school that handles whatever it is you want to do. /",31,"(S (RB So) (, ,) (INTJ (UH uh)) (PRN (, ,) (S (NP-SBJ (PRP you)) (VP (VBP know))) (, ,)) (NP-SBJ-1 (PRP you)) (VP (VBP need) (S (NP-SBJ (-NONE- *-1)) (VP (TO to) (VP (VB go) (PP (IN to) (NP (NP (DT a) (NN school)) (SBAR (WHNP-2 (WDT that)) (S (NP-SBJ (-NONE- *T*-2)) (VP (VBZ handles) (SBAR-NOM (WHNP-3 (WDT whatever)) (S-CLF (NP-SBJ (PRP it)) (VP (VBZ is) (NP-PRD (-NONE- *T*-3)) (SBAR (WHNP-5 (-NONE- 0)) (S (NP-SBJ-4 (PRP you)) (VP (VBP want) (S (NP-SBJ (-NONE- *-4)) (VP (TO to) (VP (VB do) (NP (-NONE- *T*-5)))))))))))))))))))) (. .) (-DFL- E_S))",24
aa,B,3047,66.75,Yeah/UH ./.,3/sw3047,55,66.53,1,sw03utt/sw_0346_3047.utt,Yeah.  /,32,(INTJ (UH Yeah) (. .) (-DFL- E_S)),25
qw,B,3047,68.11,Where/WRB did/VBD  [ you/PRP ] go/VB to/IN  [ school/NN ] ?/.,3/sw3047,56,67.33,2,sw03utt/sw_0346_3047.utt,Where did you go to school? /,33,(SBARQ (WHADVP-1 (WRB Where)) (SQ (VBD did) (NP-SBJ (PRP you)) (VP (VB go) (PP (IN to) (NP (NN school))) (ADVP-LOC (-NONE- *T*-1)))) (. ?) (-DFL- E_S)),25
sd,A,3047,70.78,"[ Uh/UH ] ,/,  [ University/NNP ] of/IN  [ Mississippi/NNP ] ./.",3/sw3047,58,69.2,1,sw03utt/sw_0346_3047.utt,"{F Uh, } University of Mississippi. /",34,"(FRAG (INTJ (UH Uh)) (, ,) (NP (NP (NNP University)) (PP (IN of) (NP (NNP Mississippi)))) (. .) (-DFL- E_S))",26
bk,B,3047,71.2,Oh/UH ./.,3/sw3047,60,71.0,1,sw03utt/sw_0346_3047.utt,Oh.  /,35,(INTJ (UH Oh) (. .) (-DFL- E_S)),27
qy,B,3047,74.0,"Was/VBD that/DT local/JJ or/CC ,/,  [ uh/UH ] ,/,",3/sw3047,61,71.46,2,sw03utt/sw_0346_3047.utt,"Was that local or, {F uh, } -/",36,"(SQ (VBD Was) (NP-SBJ (DT that)) (ADJP-PRD-UNF (JJ local) (CC or) (, ,) (INTJ (UH uh))) (, ,) (-DFL- N_S))",27
sd,A,3047,78.86,"[ Uh/UH ] ,/, well/UH ,/,  [ it/PRP ] was/VBD ,/, well/UH ,/,  [ it/PRP ] was/VBD within/IN  [ the/DT state/NN ] ./.",3/sw3047,63,74.02,1,sw03utt/sw_0346_3047.utt,"{F Uh, } {D well, } [ it was, + <sigh> {D well, }  it was ] within the state. /",37,"(S (INTJ (UH Uh)) (, ,) (INTJ (UH well)) (, ,) (EDITED (RM (-DFL- \[)) (S (NP-SBJ (PRP it)) (VP-UNF (VBD was))) (, ,) (IP (-DFL- \+))) (INTJ (UH well)) (, ,) (NP-SBJ (PRP it)) (VP (VBD was) (RS (-DFL- \])) (PP-LOC-PRD (IN within) (NP (DT the) (NN state)))) (. .) (-DFL- E_S))",28
b,B,3047,79.08,[ Uh-huh/UH ] ./.,3/sw3047,39,78.84,1,sw03utt/sw_0346_3047.utt,Uh-huh. /,38,(INTJ (UH Uh-huh) (. .) (-DFL- E_S)),29
sd,A,3047,80.95,"But/CC  [ it/PRP ] ,/,  [ it/PRP ] was/VBD not/RB necessarily/RB  [ local/JJ ] ,/,  [ it/PRP ] was/VBD ,/,",3/sw3047,67|||68,79.17,1,sw03utt/sw_0346_3047.utt,"{C But } [ it, + it ] was not necessarily  local, it was, -/",39,"(S (CC But) (EDITED (RM (-DFL- \[)) (NP-SBJ (PRP it)) (, ,) (IP (-DFL- \+))) (NP-SBJ (PRP it)) (RS (-DFL- \])) (VP (VBD was) (RB not) (ADVP (RB necessarily)) (ADJP-PRD (JJ local))) (, ,))|||(S (NP-SBJ (PRP it)) (VP-UNF (VBD was)) (, ,) (-DFL- N_S))",30
b,B,3047,81.17999999999999,Yeah/UH ./.,3/sw3047,55,80.94,1,sw03utt/sw_0346_3047.utt,Yeah.  /,40,(INTJ (UH Yeah) (. .) (-DFL- E_S)),31
%,B,3047,83.68,"But/CC  [ I/PRP ] ,/,  [ I/PRP ] mean/VBP ,/, so/RB  [ what/WP ] 's/BES ,/,  [ MUMBLEx/XX ] ,/,",3/sw3047,71,82.0,2,sw03utt/sw_0346_3047.utt,"{C But } [ I, + ] {E I mean, }  so what's,  ((   )) , -/",41,"(SBARQ (EDITED (S-UNF (CC But) (RM (-DFL- \[)) (NP-SBJ (PRP I))) (, ,) (IP (-DFL- \+)) (RS (-DFL- \]))) (PRN (S (NP-SBJ (PRP I)) (VP (VBP mean))) (, ,)) (RB so) (WHNP (WP what)) (SQ-UNF (BES 's) (, ,) (X (XX MUMBLEx))) (, ,) (-DFL- N_S))",31
qy,A,3047,86.29,[ What/WP ] 's/BES  [ the/DT criterion/NN ] for/IN choosing/VBG to/TO go/VB there/RB ?/.,3/sw3047,73,83.69,1,sw03utt/sw_0346_3047.utt,What's the criterion for choosing to go there? /,42,(SBARQ (WHNP-2 (WP What)) (SQ (BES 's) (NP-SBJ (NP (DT the) (NN criterion)) (PP (IN for) (S-NOM (NP-SBJ-1 (-NONE- *)) (VP (VBG choosing) (S (NP-SBJ (-NONE- *-1)) (VP (TO to) (VP (VB go) (ADVP-DIR (RB there))))))))) (NP-PRD (-NONE- *T*-2))) (. ?) (-DFL- E_S)),32
ny,B,3047,86.66,Yeah/UH ./.,3/sw3047,55,86.38,1,sw03utt/sw_0346_3047.utt,Yeah. /,43,(INTJ (UH Yeah) (. .) (-DFL- E_S)),33
sd,A,3047,92.75,"[ Uh/UH ] ,/, well/UH ,/, at/IN  [ the/DT time/NN ] ,/,  [ I/PRP ] was/VBD ,/,  [ uh/UH ] ,/, thinking/VBG of/IN  [ going/VBG pre/JJ ] med/NN --/:",3/sw3047,77,87.73,1,sw03utt/sw_0346_3047.utt,"{F Uh, } {D well, } at the time, I was, {F uh, }  thinking of going pre med -- /",44,"(S (INTJ (UH Uh)) (, ,) (INTJ (UH well)) (, ,) (PP-TMP (IN at) (NP (DT the) (NN time))) (, ,) (NP-SBJ-1 (PRP I)) (VP (VBD was) (, ,) (INTJ (UH uh)) (, ,) (VP (VBG thinking) (PP (IN of) (S-NOM (NP-SBJ (-NONE- *-1)) (VP (VBG going) (NP-PRD (TYPO (JJ pre) (NN med)))))))) (-DFL- E_S))",34
b,B,3047,93.13000000000001,[ Uh-huh/UH ] ./.,3/sw3047,51,92.95,1,sw03utt/sw_0346_3047.utt,Uh-huh. /,45,(INTJ (UH Uh-huh) (. .) (-DFL- E_S)),35
sd,A,3047,103.31,"--/: and/CC in/IN  [ the/DT state/NN ] ,/,  [ uh/UH ] ,/,  [ they/PRP ] had/VBD  [ the/DT best/JJS pre/JJ med/NN uh/UH ]  ,/,  [ curriculum/NN ] for/IN  [ the/DT ] ,/,  [ uh/UH ] ,/,  [ state/NN institutions/NNS ] ./.",3/sw3047,81,93.15,1,sw03utt/sw_0346_3047.utt,"-- {C and } in the state, {F uh, } they had the  best pre med {F uh, } curriculum for the,  {F uh, } state institutions. /",46,"(S (CC and) (PP-LOC (IN in) (NP (DT the) (NN state))) (, ,) (INTJ (UH uh)) (, ,) (NP-SBJ (PRP they)) (VP (VBD had) (NP (NP (DT the) (JJS best) (TYPO (JJ pre) (NN med)) (INTJ (UH uh)) (, ,) (NN curriculum)) (PP (IN for) (NP (DT the) (, ,) (INTJ (UH uh)) (, ,) (NN state) (NNS institutions))))) (. .) (-DFL- E_S))",36
b,B,3047,103.63000000000001,[ Uh-huh/UH ] ./.,3/sw3047,65,103.37,1,sw03utt/sw_0346_3047.utt,Uh-huh. /,47,(INTJ (UH Uh-huh) (. .) (-DFL- E_S)),37
sd,A,3047,108.83999999999999,"[ It/PRP ] was/VBD  [ choice/NN ] between/IN there/RB and/CC ,/,  [ uh/UH ] ,/,  [ a/DT private/JJ college/NN ] --/:",3/sw3047,85,104.55,1,sw03utt/sw_0346_3047.utt,"It was choice between there  and, {F uh, } a private college --",48,"(S (NP-SBJ (PRP It)) (VP (VBD was) (NP-PRD (NP (NN choice)) (PP (IN between) (NP (NP (RB there)) (CC and) (, ,) (INTJ (UH uh)) (, ,) (NP (NP (DT a) (JJ private) (NN college)) (SBAR (WHNP-1 (WDT that)) (, ,) (INTJ (UH uh)) (, ,) (S (NP-SBJ (-NONE- *T*-1)) (VP (VBD was) (ADJP-PRD (ADVP (NP-ADV (DT a) (NN bit)) (RBR more)) (JJ expensive)))))))))) (. .) (-DFL- E_S))",38
b,B,3047,108.92999999999999,[ Uh-huh/UH ] ./.,3/sw3047,65,108.83,1,sw03utt/sw_0346_3047.utt,Uh-huh. /,49,(INTJ (UH Uh-huh) (. .) (-DFL- E_S)),39
+,A,3047,111.46,"--/:  [ that/WDT ] ,/,  [ uh/UH ] ,/, was/VBD  [ a/DT bit/NN ] more/RBR expensive/JJ ./.",3/sw3047,85,109.08,1,sw03utt/sw_0346_3047.utt,"-- that, {F uh, } was a bit more expensive. /",50,"(S (NP-SBJ (PRP It)) (VP (VBD was) (NP-PRD (NP (NN choice)) (PP (IN between) (NP (NP (RB there)) (CC and) (, ,) (INTJ (UH uh)) (, ,) (NP (NP (DT a) (JJ private) (NN college)) (SBAR (WHNP-1 (WDT that)) (, ,) (INTJ (UH uh)) (, ,) (S (NP-SBJ (-NONE- *T*-1)) (VP (VBD was) (ADJP-PRD (ADVP (NP-ADV (DT a) (NN bit)) (RBR more)) (JJ expensive)))))))))) (. .) (-DFL- E_S))",40
b,B,3047,111.87,Yeah/UH ./.,3/sw3047,70,111.65,1,sw03utt/sw_0346_3047.utt,Yeah. /,51,(INTJ (UH Yeah) (. .) (-DFL- E_S)),41
sd,A,3047,114.41999999999999,"At/IN  [ the/DT time/NN ] ,/,  [ we/PRP ] really/RB could/MD not/RB afford/VB  [ it/PRP ]",3/sw3047,92,111.88,1,sw03utt/sw_0346_3047.utt,"At the time, <sigh> we really could  not afford it  /",52,"(S (PP-TMP (IN At) (NP (DT the) (NN time))) (, ,) (NP-SBJ (PRP we)) (ADVP (RB really)) (VP (MD could) (RB not) (VP (VB afford) (NP (PRP it)))) (-DFL- E_S))",42
sd,A,3047,114.66,so/RB --/:,3/sw3047,71,114.42,2,sw03utt/sw_0346_3047.utt,{C so } --,53,"(SBARQ (EDITED (S-UNF (CC But) (RM (-DFL- \[)) (NP-SBJ (PRP I))) (, ,) (IP (-DFL- \+)) (RS (-DFL- \]))) (PRN (S (NP-SBJ (PRP I)) (VP (VBP mean))) (, ,)) (RB so) (WHNP (WP what)) (SQ-UNF (BES 's) (, ,) (X (XX MUMBLEx))) (, ,) (-DFL- N_S))",42
b,B,3047,115.2,Yeah/UH ./.,3/sw3047,70,115.04,1,sw03utt/sw_0346_3047.utt,Yeah. /,54,(INTJ (UH Yeah) (. .) (-DFL- E_S)),43
+,A,3047,119.02000000000001,--/:  [ I/PRP ] ended/VBD up/RP going/VBG there/RB although/IN  [ it/PRP ] was/VBD quite/PDT  [ a/DT drive/NN ] away/RP for/IN  [ me/PRP ] ./.,3/sw3047,93,115.22,1,sw03utt/sw_0346_3047.utt,-- I ended up going there although it  was quite a drive away for me.  /,55,(S (RB so) (NP-SBJ-1 (PRP I)) (VP (VBD ended) (PRT (RP up)) (S (NP-SBJ (-NONE- *-1)) (VP (VBG going) (ADVP-DIR (RB there)))) (SBAR-ADV (IN although) (S (NP-SBJ (PRP it)) (VP (VBD was) (ADVP-LOC-PRD (NP (PDT quite) (DT a) (NN drive)) (RP away)) (PP (IN for) (NP (PRP me))))))) (. .) (-DFL- E_S)),44
%,A,3047,119.74000000000001,"[ It/PRP ] ,/,",3/sw3047,97,119.48,2,sw03utt/sw_0346_3047.utt,"It, - /",56,"(S-UNF (NP-SBJ (PRP It)) (, ,) (-DFL- N_S))",44
sd,A,3047,121.16,"[ uh/UH ] ,/,  [ I/PRP ] enjoyed/VBD  [ it/PRP ] ./.",3/sw3047,98,119.74,3,sw03utt/sw_0346_3047.utt,"{F uh, } I enjoyed it. /",57,"(S (INTJ (UH uh)) (, ,) (NP-SBJ (PRP I)) (VP (VBD enjoyed) (NP (PRP it))) (. .) (-DFL- E_S))",44
qy,B,3047,123.76,"So/RB  [ you/PRP ] ,/, did/VBD  [ you/PRP ] commute/VB  [ everyday/JJ ] then/RB",3/sw3047,100,121.48,1,sw03utt/sw_0346_3047.utt,"{D So } [ you, + did you ] commute everyday  then  /",58,"(SQ (INTJ (UH So)) (EDITED (RM (-DFL- \[)) (NP-SBJ (PRP you)) (, ,) (IP (-DFL- \+))) (VBD did) (NP-SBJ (PRP you)) (RS (-DFL- \])) (VP (VB commute) (NP-TMP (TYPO (JJ everyday))) (ADVP (RB then))) (-DFL- E_S))",45
%,B,3047,123.94000000000001,"or/CC ,/,",3/sw3047,101,123.76,2,sw03utt/sw_0346_3047.utt,"{C or, } -/",59,"(S-UNF (CC or) (, ,) (-DFL- N_S))",45
nn,A,3047,124.44,[ No/UH ] ./.,3/sw3047,103,124.36,1,sw03utt/sw_0346_3047.utt,No. /,60,(INTJ (UH No) (. .) (-DFL- E_S)),46
bk,B,3047,13.04,"Oh/UH ,/, okay/UH ./.",3/sw3047,105,124.68,1,sw03utt/sw_0346_3047.utt,"{F Oh, } okay. /",61,"(INTJ (INTJ (UH Oh)) (, ,) (INTJ (UH okay)) (. .) (-DFL- E_S))",47
nn,A,3047,125.14,"No/UH ,/,",3/sw3047,107,125.06,1,sw03utt/sw_0346_3047.utt,"No,  /",62,"(INTJ (UH No) (, ,) (-DFL- E_S))",48
nn^r,A,3047,125.24,"no/UH ,/,",3/sw3047,108,125.14,2,sw03utt/sw_0346_3047.utt,"no,  /",63,"(INTJ (UH no) (, ,) (-DFL- E_S))",48
sd^e,A,3047,126.02000000000001,[ it/PRP ] was/VBD  [ a/DT six/CD hour/NN drive/NN ] ./.,3/sw3047,109,125.24,3,sw03utt/sw_0346_3047.utt,it was a six hour drive. /,64,(S (NP-SBJ (PRP it)) (VP (VBD was) (NP-PRD (DT a) (CD six) (NN hour) (NN drive))) (. .) (-DFL- E_S)),48
bk,B,3047,126.47999999999999,"Oh/UH ,/, okay/UH ,/,",3/sw3047,111,126.0,1,sw03utt/sw_0346_3047.utt,"{F Oh, } okay,  /",65,"(INTJ (INTJ (UH Oh)) (, ,) (INTJ (UH okay)) (, ,) (-DFL- E_S))",49
sd,B,3047,130.76,"when/WRB  [ you/PRP ] said/VBD  [ it/PRP ] was/VBD quite/PDT  [ a/DT ] ,/, quite/PDT  [ a/DT way/NN ] away/RB ,/,  [ I/PRP ] did/VBD not/RB know/VB  [ it/PRP ] that/DT meant/VBD  [ you/PRP ] had/VBD to/TO drive/VB like/IN  [ an/DT hour/NN ]",3/sw3047,112,126.48,2,sw03utt/sw_0346_3047.utt,"when you said it was [ quite a, + quite a ] way away, I did not know [ it +  that ] meant you had to drive like an hour  /",66,"(S (SBAR-TMP (WHADVP-2 (WRB when)) (S (NP-SBJ (PRP you)) (VP (VBD said) (SBAR (-NONE- 0) (S (NP-SBJ (PRP it)) (VP (VBD was) (EDITED (RM (-DFL- \[)) (NP-UNF (PDT quite) (DT a)) (, ,) (IP (-DFL- \+))) (ADVP-LOC-PRD (NP (PDT quite) (DT a) (RS (-DFL- \])) (NN way)) (RB away))))) (ADVP-TMP (-NONE- *T*-2))))) (, ,) (NP-SBJ (PRP I)) (VP (VBD did) (RB not) (VP (VB know) (SBAR (-NONE- 0) (S (EDITED (RM (-DFL- \[)) (NP-SBJ (PRP it)) (IP (-DFL- \+))) (NP-SBJ (DT that)) (RS (-DFL- \])) (VP (VBD meant) (SBAR (-NONE- 0) (S (NP-SBJ-1 (PRP you)) (VP (VBD had) (S (NP-SBJ (-NONE- *-1)) (VP (TO to) (VP (VB drive) (INTJ (IN like)) (NP-TMP (DT an) (NN hour))))))))))))) (-DFL- E_S))",49
%,B,3047,130.96,"or/CC ,/,",3/sw3047,101,130.84,3,sw03utt/sw_0346_3047.utt,"{C or, } -/",67,"(S-UNF (CC or) (, ,) (-DFL- N_S))",49
sd,A,3047,136.73999999999998,"[ MUMBLEx/XX MUMBLEx/XX I/PRP ] was/VBD ,/,  [ uh/UH ] ,/,  [ it/PRP ] was/VBD like/IN  [ another/DT world/NN ] ./.",3/sw3047,115,133.38,1,sw03utt/sw_0346_3047.utt,"((   ))   ((   ))  [ I was, +  {F uh, }   it was ] like another world. /",68,"(S (X (XX MUMBLEx) (XX MUMBLEx)) (EDITED (RM (-DFL- \[)) (S (NP-SBJ (PRP I)) (VP-UNF (VBD was))) (, ,) (IP (-DFL- \+))) (INTJ (UH uh)) (, ,) (NP-SBJ (PRP it)) (VP (VBD was) (RS (-DFL- \])) (PP-PRD (IN like) (NP (DT another) (NN world)))) (. .) (-DFL- E_S))",50
b,B,3047,137.2,[ Uh-huh/UH ] ./.,3/sw3047,87,136.98,1,sw03utt/sw_0346_3047.utt,Uh-huh. /,69,(INTJ (UH Uh-huh) (. .) (-DFL- E_S)),51
sd,A,3047,139.66,"Basically/RB ,/,  [ it/PRP ] was/VBD  [ a/DT ] ,/, no/UH  [ it/PRP ] was/VBD  [ a/DT ] ,/,",3/sw3047,119,137.22,1,sw03utt/sw_0346_3047.utt,"Basically, [ it was a, + {D no } it was a, ] - /",70,"(S (ADVP (RB Basically)) (, ,) (EDITED (RM (-DFL- \[)) (S (NP-SBJ (PRP it)) (VP (VBD was) (NP-PRD-UNF (DT a)))) (, ,) (IP (-DFL- \+)) (INTJ (UH no))) (NP-SBJ (PRP it)) (VP (VBD was) (NP-PRD-UNF (DT a))) (, ,) (RS (-DFL- \])) (-DFL- N_S))",52
sd,A,3047,142.5,"did/VBD not/RB get/VB  [ home/RB ] that/RB often/RB ,/,  [ you/PRP ] know/VBP ,/,",3/sw3047,120,139.66,2,sw03utt/sw_0346_3047.utt,"did not  get home that often, {D you know, }  /",71,"(S (NP-SBJ (-NONE- *)) (VP (VBD did) (RB not) (VP (VB get) (ADVP-LOC (RB home)) (ADVP-TMP (RB that) (RB often)) (PRN (, ,) (S (NP-SBJ (PRP you)) (VP (VBP know)))))) (, ,) (-DFL- E_S))",52
sv,A,3047,143.18,and/CC at/IN  [ that/DT age/NN ] --/:,3/sw3047,121,142.5,3,sw03utt/sw_0346_3047.utt,{C and } at that age --,72,"(S (CC and) (PP-TMP (IN at) (NP (DT that) (NN age))) (EDITED (RM (-DFL- \[)) (S (NP-SBJ (PRP it)) (VP-UNF (BES 's))) (, ,) (IP (-DFL- \+))) (INTJ (UH uh)) (, ,) (NP-SBJ (PRP it)) (VP (BES 's) (RS (-DFL- \])) (EDITED (RM (-DFL- \[)) (ADVP (RB kind) (RB of)) (, ,) (IP (-DFL- \+))) (ADVP (RB kind) (RB of)) (RS (-DFL- \])) (ADJP-PRD (JJ difficult)) (ADVP-TMP (RB sometimes))) (. .) (-DFL- E_S))",52
b,B,3047,143.26,Yeah/UH ./.,3/sw3047,90,143.16,1,sw03utt/sw_0346_3047.utt,Yeah. /,73,(INTJ (UH Yeah) (. .) (-DFL- E_S)),53
+,A,3047,147.17999999999998,"--/:  [ it/PRP ] 's/BES ,/,  [ uh/UH ] ,/,  [ it/PRP ] 's/BES  [ kind/RB ] of/RB ,/,  [ kind/RB ] of/RB  [ difficult/JJ ] sometimes/RB ./.",3/sw3047,121,143.28,1,sw03utt/sw_0346_3047.utt,"-- [ it's, + {F uh, } it's ] [ kind of, + kind of ]  difficult sometimes. /",74,"(S (CC and) (PP-TMP (IN at) (NP (DT that) (NN age))) (EDITED (RM (-DFL- \[)) (S (NP-SBJ (PRP it)) (VP-UNF (BES 's))) (, ,) (IP (-DFL- \+))) (INTJ (UH uh)) (, ,) (NP-SBJ (PRP it)) (VP (BES 's) (RS (-DFL- \])) (EDITED (RM (-DFL- \[)) (ADVP (RB kind) (RB of)) (, ,) (IP (-DFL- \+))) (ADVP (RB kind) (RB of)) (RS (-DFL- \])) (ADJP-PRD (JJ difficult)) (ADVP-TMP (RB sometimes))) (. .) (-DFL- E_S))",54
b,B,3047,147.39999999999998,Yeah/UH ./.,3/sw3047,95,147.2,1,sw03utt/sw_0346_3047.utt,Yeah. /,75,(INTJ (UH Yeah) (. .) (-DFL- E_S)),55
sv,A,3047,149.46,"Especially/RB ,/, if/IN  [ you/PRP ] have/VBP not/RB been/VBN away/RB  [ a/DT lot/NN ] --/:",3/sw3047,128,148.1,1,sw03utt/sw_0346_3047.utt,"Especially, if you have not  been away a lot --",76,"(SBAR-ADV (ADVP (RB Especially)) (, ,) (IN if) (S (NP-SBJ (PRP you)) (VP (VBP have) (RB not) (VP (VBN been) (ADVP-LOC-PRD (RB away)) (NP-ADV (DT a) (NN lot)) (X (RB that) (VBN extended))))) (. .) (-DFL- E_S))",56
b,B,3047,149.96,Yeah/UH ./.,3/sw3047,123,149.66,1,sw03utt/sw_0346_3047.utt,Yeah. /,77,(INTJ (UH Yeah) (. .) (-DFL- E_S)),57
+,A,3047,151.14,--/: that/RB extended/VBN ./.,3/sw3047,128,150.22,1,sw03utt/sw_0346_3047.utt,-- that extended <sigh>. /,78,"(SBAR-ADV (ADVP (RB Especially)) (, ,) (IN if) (S (NP-SBJ (PRP you)) (VP (VBP have) (RB not) (VP (VBN been) (ADVP-LOC-PRD (RB away)) (NP-ADV (DT a) (NN lot)) (X (RB that) (VBN extended))))) (. .) (-DFL- E_S))",58
qy,B,3047,153.85,"So/RB ,/, did/VBD  [ you/PRP ] go/VB there/RB ,/, like/UH ,/, straight/RB out/IN of/IN  [ high/JJ school/NN ] ?/.",3/sw3047,133,152.29,1,sw03utt/sw_0346_3047.utt,"{D So, } did you go there, {D like, }   straight out of high school? /",79,"(SQ (INTJ (UH So)) (, ,) (VBD did) (NP-SBJ (PRP you)) (VP (VB go) (ADVP (RB there)) (, ,) (INTJ (UH like)) (, ,) (PP-TMP (ADVP (RB straight)) (IN out) (PP (IN of) (NP (JJ high) (NN school))))) (. ?) (-DFL- E_S))",59
ny,A,3047,154.29999999999998,Yeah/UH ./.,3/sw3047,123,154.16,1,sw03utt/sw_0346_3047.utt,Yeah. /,80,(INTJ (UH Yeah) (. .) (-DFL- E_S)),60
b^m,B,3047,154.47,Yeah/UH ./.,3/sw3047,123,154.27,1,sw03utt/sw_0346_3047.utt,Yeah.  /,81,(INTJ (UH Yeah) (. .) (-DFL- E_S)),61
sd,B,3047,159.05,"[ Uh/UH ] ,/, see/UH  [ I/PRP ] did/VBD not/RB get/VB  [ my/PRP$ degree/NN ] until/IN later/RBR on/RP ,/,",3/sw3047,138,154.47,2,sw03utt/sw_0346_3047.utt,"{F Uh, } {D see } I did not get my degree  until later on,  /",82,"(S (INTJ (UH Uh)) (, ,) (INTJ (UH see)) (NP-SBJ (PRP I)) (VP (VBD did) (RB not) (VP (VB get) (NP (PRP$ my) (NN degree)) (PP-TMP (IN until) (ADVP (RBR later) (RP on))))) (, ,) (-DFL- E_S))",61
sd,B,3047,160.65,so/RB  [ I/PRP ] just/RB finished/VBD  [ mine/PRP a/DT couple/NN ] of/IN  [ years/NNS ] ago/RB ./.,3/sw3047,139,159.05,3,sw03utt/sw_0346_3047.utt,{C so } I just finished mine a couple of years ago. /,83,(S (RB so) (NP-SBJ (PRP I)) (ADVP (RB just)) (VP (VBD finished) (NP (PRP mine)) (ADVP-TMP (NP (NP (DT a) (NN couple)) (PP (IN of) (NP (NNS years)))) (RB ago))) (. .) (-DFL- E_S)),61
b,A,3047,161.23999999999998,[ Uh-huh/UH ] ./.,3/sw3047,117,161.04,1,sw03utt/sw_0346_3047.utt,Uh-huh. /,84,(INTJ (UH Uh-huh) (. .) (-DFL- E_S)),62
sv,B,3047,167.32999999999998,"And/CC ,/,  [ uh/UH ] ,/,  [ you/PRP ] know/VBP ,/,  [ I/PRP ] guess/VBP ,/,  [ you/PRP ] know/VBP ,/, when/WRB  [ you/PRP ] have/VBP to/TO do/VB  [ it/PRP ] [ that/DT way/NN ] ,/,  [ it/PRP ] makes/VBZ ,/, makes/VBZ  [ your/PRP$ choices/NNS ] [ a/DT lot/NN ] easier/JJR",3/sw3047,143,161.53,1,sw03utt/sw_0346_3047.utt,"{C And, }  {F uh, } {D you know, }  I guess, {D you know, } when you have to do it that way, it [ makes, + makes ] your choices a lot easier  /",85,"(S (CC And) (, ,) (INTJ (UH uh)) (PRN (, ,) (S (NP-SBJ (PRP you)) (VP (VBP know))) (, ,)) (NP-SBJ (PRP I)) (VP (VBP guess) (PRN (, ,) (S (NP-SBJ (PRP you)) (VP (VBP know))) (, ,)) (SBAR (-NONE- 0) (S (SBAR-TMP (WHADVP-2 (WRB when)) (S (NP-SBJ-1 (PRP you)) (VP (VBP have) (S (NP-SBJ (-NONE- *-1)) (VP (TO to) (VP (VB do) (NP (PRP it)) (NP-MNR (DT that) (NN way))))) (ADVP-TMP (-NONE- *T*-2))))) (, ,) (NP-SBJ (PRP it)) (EDITED (RM (-DFL- \[)) (VP-UNF (VBZ makes)) (, ,) (IP (-DFL- \+))) (VP (VBZ makes) (RS (-DFL- \])) (S (NP-SBJ (PRP$ your) (NNS choices)) (ADJP-PRD (NP-ADV (DT a) (NN lot)) (JJR easier))))))) (-DFL- E_S))",63
%,B,3047,167.60999999999999,"but/CC ,/,",3/sw3047,144,167.39,2,sw03utt/sw_0346_3047.utt,"{C but, } -/",86,"(S-UNF (CC but) (, ,) (-DFL- N_S))",63
aa,A,3047,168.57999999999998,"[ Uh/UH ] ,/,  [ that/DT ] 's/BES true/JJ ./.",3/sw3047,146,167.94,1,sw03utt/sw_0346_3047.utt,"{F Uh, } that's true.  /",87,"(S (INTJ (UH Uh)) (, ,) (NP-SBJ (DT that)) (VP (BES 's) (ADJP-PRD (JJ true))) (. .) (-DFL- E_S))",64
aa,A,3047,169.58,"Yeah/UH ,/,",3/sw3047,147,169.34,2,sw03utt/sw_0346_3047.utt,"Yeah,  /",88,"(INTJ (UH Yeah) (, ,) (-DFL- E_S))",64
sd,A,3047,173.57999999999998,"that/DT ,/, that/DT  [ 's/BES ] like/IN ,/,  [ you/PRP ] know/VBP ,/, when/WRB  [ I/PRP ] went/VBD on/IN to/TO get/VB  [ my/PRP$ ] ,/,  [ my/PRP$ master/NN 's/POS ]  --/:",3/sw3047,148,169.72,3,sw03utt/sw_0346_3047.utt,"[ that, + that's ] like,  {D you know, } when I went on to get [ my, + my ] master's --",89,"(S (EDITED (RM (-DFL- \[)) (NP-SBJ (DT that)) (, ,) (IP (-DFL- \+))) (NP-SBJ (DT that)) (VP (BES 's) (RS (-DFL- \])) (SBAR-PRD (IN like) (PRN (, ,) (S (NP-SBJ (PRP you)) (VP (VBP know))) (, ,)) (S (SBAR-TMP (WHADVP-2 (WRB when)) (S (NP-SBJ-1 (PRP I)) (VP (VBD went) (PRT (IN on)) (S (NP-SBJ (-NONE- *-1)) (VP (TO to) (VP (VB get) (EDITED (RM (-DFL- \[)) (NP-UNF (PRP$ my)) (, ,) (IP (-DFL- \+))) (NP (PRP$ my) (RS (-DFL- \])) (NN master) (POS 's))))) (ADVP-TMP (-NONE- *T*-2))))) (EDITED (RM (-DFL- \[)) (S (NP-SBJ (PRP I)) (, ,) (INTJ (UH uh)) (, ,) (ADVP (RB basically)) (VP-UNF (VBD was)) (, ,) (IP (-DFL- \+)))) (PRN (S (NP-SBJ (PRP you)) (VP (VBP know))) (, ,)) (NP-SBJ (PRP it)) (VP (VBD was) (SBAR-LOC-PRD (WHADVP-3 (WRB where)) (S (NP-SBJ (PRP I)) (VP (VBD was) (ADVP-LOC-PRD (-NONE- *T*-3)) (RS (-DFL- \])) (PP-TMP (IN at) (NP (DT the) (NN time)))))))))) (. .) (-DFL- E_S))",64
b,B,3047,173.65,[ Uh-huh/UH ] ./.,3/sw3047,141,173.55,1,sw03utt/sw_0346_3047.utt,Uh-huh. /,90,(INTJ (UH Uh-huh) (. .) (-DFL- E_S)),65
+,A,3047,180.47,"--/:  [ I/PRP ] ,/,  [ uh/UH ] ,/, basically/RB was/VBD ,/,  [ you/PRP ] know/VBP ,/,  [ it/PRP ] was/VBD where/WRB  [ I/PRP ] was/VBD at/IN  [ the/DT time/NN ] ./.",3/sw3047,148,173.68,1,sw03utt/sw_0346_3047.utt,"-- [ I, {F uh, } basically was, +  {D you know, } it was  where I was ] at the time. /",91,"(S (EDITED (RM (-DFL- \[)) (NP-SBJ (DT that)) (, ,) (IP (-DFL- \+))) (NP-SBJ (DT that)) (VP (BES 's) (RS (-DFL- \])) (SBAR-PRD (IN like) (PRN (, ,) (S (NP-SBJ (PRP you)) (VP (VBP know))) (, ,)) (S (SBAR-TMP (WHADVP-2 (WRB when)) (S (NP-SBJ-1 (PRP I)) (VP (VBD went) (PRT (IN on)) (S (NP-SBJ (-NONE- *-1)) (VP (TO to) (VP (VB get) (EDITED (RM (-DFL- \[)) (NP-UNF (PRP$ my)) (, ,) (IP (-DFL- \+))) (NP (PRP$ my) (RS (-DFL- \])) (NN master) (POS 's))))) (ADVP-TMP (-NONE- *T*-2))))) (EDITED (RM (-DFL- \[)) (S (NP-SBJ (PRP I)) (, ,) (INTJ (UH uh)) (, ,) (ADVP (RB basically)) (VP-UNF (VBD was)) (, ,) (IP (-DFL- \+)))) (PRN (S (NP-SBJ (PRP you)) (VP (VBP know))) (, ,)) (NP-SBJ (PRP it)) (VP (VBD was) (SBAR-LOC-PRD (WHADVP-3 (WRB where)) (S (NP-SBJ (PRP I)) (VP (VBD was) (ADVP-LOC-PRD (-NONE- *T*-3)) (RS (-DFL- \])) (PP-TMP (IN at) (NP (DT the) (NN time)))))))))) (. .) (-DFL- E_S))",66
b,B,3047,180.60999999999999,[ Right/UH ] ./.,3/sw3047,153,180.45,1,sw03utt/sw_0346_3047.utt,Right. /,92,(INTJ (UH Right) (. .) (-DFL- E_S)),67
sd,A,3047,184.17000000000002,"[ You/PRP ] know/VBP ,/,  [ I/PRP ] was/VBD not/RB going/VBG to/TO try/VB to/TO pick/VB and/CC go/VB somewhere/RB  else/RB --/:",3/sw3047,155,180.63,1,sw03utt/sw_0346_3047.utt,"{D You know, } I was not going to try to pick  and go somewhere else --",93,"(S (PRN (S (NP-SBJ (PRP You)) (VP (VBP know))) (, ,)) (NP-SBJ-1 (PRP I)) (VP (VBD was) (RB not) (VP (VBG going) (S (NP-SBJ-2 (-NONE- *-1)) (VP (TO to) (VP (VB try) (S (NP-SBJ (-NONE- *-2)) (VP (TO to) (VP (VP (VB pick) (ADVP (-NONE- *ICH*-3))) (CC and) (VP (VB go) (ADVP-3 (ADVP (RB somewhere)) (ADVP (RB else)))))))))) (SBAR-PRP (IN because) (S (NP-SBJ (PRP I)) (VP (VBD was) (ADVP (RB pretty) (RB much)) (ADJP-PRD (JJ settled))))))) (-DFL- E_S))",68
b,B,3047,184.38,"Right/UH ,/,",3/sw3047,157,184.14,1,sw03utt/sw_0346_3047.utt,"Right,  /",94,"(INTJ (UH Right) (, ,) (-DFL- E_S))",69
b^r,B,3047,184.5,right/UH ./.,3/sw3047,158,184.38,2,sw03utt/sw_0346_3047.utt,right. /,95,(INTJ (UH right) (. .) (-DFL- E_S)),69
+,A,3047,185.97,--/: because/IN  [ I/PRP ] was/VBD pretty/RB much/RB settled/JJ,3/sw3047,155,184.53,1,sw03utt/sw_0346_3047.utt,-- because I was pretty much settled  /,96,"(S (PRN (S (NP-SBJ (PRP You)) (VP (VBP know))) (, ,)) (NP-SBJ-1 (PRP I)) (VP (VBD was) (RB not) (VP (VBG going) (S (NP-SBJ-2 (-NONE- *-1)) (VP (TO to) (VP (VB try) (S (NP-SBJ (-NONE- *-2)) (VP (TO to) (VP (VP (VB pick) (ADVP (-NONE- *ICH*-3))) (CC and) (VP (VB go) (ADVP-3 (ADVP (RB somewhere)) (ADVP (RB else)))))))))) (SBAR-PRP (IN because) (S (NP-SBJ (PRP I)) (VP (VBD was) (ADVP (RB pretty) (RB much)) (ADJP-PRD (JJ settled))))))) (-DFL- E_S))",70
sd,A,3047,186.93,and/CC  [ I/PRP ] was/VBD trying/VBG to/TO work/VB ./.,3/sw3047,160,185.97,2,sw03utt/sw_0346_3047.utt,{C and }  I was trying to work.  /,97,(S (CC and) (NP-SBJ-1 (PRP I)) (VP (VBD was) (VP (VBG trying) (S (NP-SBJ (-NONE- *-1)) (VP (TO to) (VP (VB work)))))) (. .) (-DFL- E_S)),70
sv,A,3047,194.03,"But/CC ,/,  [ uh/UH ] ,/, so/RB when/WRB  [ you/PRP ] are/VBP first/RB going/VBG to/IN school/NN  [ that/IN ] ,/,  [ you/PRP ] [ kind/RB ] of/RB have/VBP  [ the/DT luxury/NN ] of/IN being/VBG  [ able/JJ ] to/TO --/:",3/sw3047,161,188.37,3,sw03utt/sw_0346_3047.utt,"[ {C But, } + {F uh, } {C so } ] when you are first going to school [ that, + ] you kind of  have the luxury of being able to --",98,"(S (EDITED (RM (-DFL- \[)) (CC But) (, ,) (IP (-DFL- \+))) (INTJ (UH uh)) (, ,) (RB so) (RS (-DFL- \])) (SBAR-TMP (WHADVP-4 (WRB when)) (S (NP-SBJ (PRP you)) (VP (VBP are) (ADVP (RB first)) (VP (VBG going) (PP (IN to) (NP (NN school))) (ADVP-TMP (-NONE- *T*-4)))))) (EDITED (RM (-DFL- \[)) (NP-SBJ (IN that)) (, ,) (IP (-DFL- \+)) (RS (-DFL- \]))) (NP-SBJ-1 (PRP you)) (ADVP (RB kind) (RB of)) (VP (VBP have) (NP (NP (DT the) (NN luxury)) (PP (IN of) (S-NOM (NP-SBJ-2 (-NONE- *-1)) (VP (VBG being) (ADJP-PRD (JJ able) (S (NP-SBJ (-NONE- *-2)) (VP (TO to) (VP (VB have) (NP (NP (DT some) (NN latitude)) (PP (IN in) (S-NOM (NP-SBJ (-NONE- *)) (VP (VBG choosing) (NP (NP (DT the) (NN place)) (SBAR (WHADVP-3 (-NONE- 0)) (S (NP-SBJ (-NONE- *)) (VP (TO to) (VP (VB go) (ADVP (-NONE- *T*-3)))))))))))))))))))) (. .) (-DFL- E_S))",70
aa,B,3047,194.56,Exactly/UH ./.,3/sw3047,163,194.24,1,sw03utt/sw_0346_3047.utt,Exactly. /,99,(INTJ (UH Exactly) (. .) (-DFL- E_S)),71
+,A,3047,197.81,--/: have/VB [ some/DT latitude/NN ] in/IN choosing/VBG  [ the/DT place/NN ] to/TO go/VB ./.,3/sw3047,161,195.25,1,sw03utt/sw_0346_3047.utt,-- have some latitude in choosing the place to go. /,100,"(S (EDITED (RM (-DFL- \[)) (CC But) (, ,) (IP (-DFL- \+))) (INTJ (UH uh)) (, ,) (RB so) (RS (-DFL- \])) (SBAR-TMP (WHADVP-4 (WRB when)) (S (NP-SBJ (PRP you)) (VP (VBP are) (ADVP (RB first)) (VP (VBG going) (PP (IN to) (NP (NN school))) (ADVP-TMP (-NONE- *T*-4)))))) (EDITED (RM (-DFL- \[)) (NP-SBJ (IN that)) (, ,) (IP (-DFL- \+)) (RS (-DFL- \]))) (NP-SBJ-1 (PRP you)) (ADVP (RB kind) (RB of)) (VP (VBP have) (NP (NP (DT the) (NN luxury)) (PP (IN of) (S-NOM (NP-SBJ-2 (-NONE- *-1)) (VP (VBG being) (ADJP-PRD (JJ able) (S (NP-SBJ (-NONE- *-2)) (VP (TO to) (VP (VB have) (NP (NP (DT some) (NN latitude)) (PP (IN in) (S-NOM (NP-SBJ (-NONE- *)) (VP (VBG choosing) (NP (NP (DT the) (NN place)) (SBAR (WHADVP-3 (-NONE- 0)) (S (NP-SBJ (-NONE- *)) (VP (TO to) (VP (VB go) (ADVP (-NONE- *T*-3)))))))))))))))))))) (. .) (-DFL- E_S))",72
b,B,3047,198.2,Yeah/UH ./.,3/sw3047,137,197.94,1,sw03utt/sw_0346_3047.utt,Yeah.  /,101,(INTJ (UH Yeah) (. .) (-DFL- E_S)),73
qw,B,3047,201.82,"[ Wh/WDT ] ,/,  [ which/WDT group/NN ] do/VBP  [ you/PRP ] work/VB in/IN in/IN  [ T/NNP I/NNP ] ?/.",3/sw3047,167,199.14,2,sw03utt/sw_0346_3047.utt,"[ Wh-, + which ] group do you work in in T I? /",102,"(SBARQ (WHNP-1 (EDITED (RM (-DFL- \[)) (WHNP-UNF (WDT Wh-)) (, ,) (IP (-DFL- \+))) (WHNP (WDT which) (RS (-DFL- \])) (NN group)) (PP (-NONE- *ICH*-2))) (SQ (VBP do) (NP-SBJ (PRP you)) (VP (VB work) (PP (IN in) (NP (-NONE- *T*-1))) (PP-2 (IN in) (NP (NNP T) (NNP I))))) (. ?) (-DFL- E_S))",73
sd,A,3047,204.93,"Um/UH ,/,  [ uh/UH ] ,/,  [ the/DT computer/NN science/NN center/NN ] ./.",3/sw3047,169,201.85,1,sw03utt/sw_0346_3047.utt,"{F Um, } {F uh, } the computer science center. /",103,"(FRAG (INTJ (UH Um)) (, ,) (INTJ (UH uh)) (, ,) (NP (DT the) (NN computer) (NN science) (NN center)) (. .) (-DFL- E_S))",74
qw,B,3047,207.42000000000002,"Oh/UH ,/,  [ uh/UH ] ,/, where/WRB is/VBZ  [ that/DT ] at/IN ?/.",3/sw3047,171,205.8,1,sw03utt/sw_0346_3047.utt,"{F Oh, } {F uh, } where is that at? /",104,"(SBARQ (INTJ (UH Oh)) (, ,) (INTJ (UH uh)) (, ,) (WHADVP-1 (WRB where)) (SQ (VBZ is) (NP-SBJ (DT that)) (PP-LOC-PRD (IN at) (ADVP (-NONE- *T*-1)))) (. ?) (-DFL- E_S))",75
sd,A,3047,208.76,"[ Uh/UH ] ,/,  [ north/JJ building/NN ] ./.",3/sw3047,173,207.94,1,sw03utt/sw_0346_3047.utt,"{F Uh, } north building. /",105,"(FRAG (INTJ (UH Uh)) (, ,) (NP (JJ north) (NN building)) (. .) (-DFL- E_S))",76
bk,B,3047,209.63,[ I/PRP ] see/VBP ./.,3/sw3047,175,209.17,1,sw03utt/sw_0346_3047.utt,I see.  /,106,(S (NP-SBJ (PRP I)) (VP (VBP see)) (. .) (-DFL- E_S)),77
qw,B,3047,213.17,How/WRB long/RB do/VBP  [ you/PRP ] work/VB for/IN  [ T/NNP I/NNP ] ?/.,3/sw3047,176,210.69,2,sw03utt/sw_0346_3047.utt,How long do you work for T I? /,107,(SBARQ (WHADVP-1 (WRB How) (RB long)) (SQ (VBP do) (NP-SBJ (PRP you)) (VP (VB work) (PP (IN for) (NP (NNP T) (NNP I))) (ADVP-TMP (-NONE- *T*-1)))) (. ?) (-DFL- E_S)),77
sd,A,3047,216.14,"[ Uh/UH ] ,/, about/RB  [ three/CD years/NNS ] ./.",3/sw3047,178,213.2,1,sw03utt/sw_0346_3047.utt,"{F Uh, } about three years. /",108,"(FRAG (INTJ (UH Uh)) (, ,) (NP-TMP (QP (RB about) (CD three)) (NNS years)) (. .) (-DFL- E_S))",78
qy,B,3047,218.53,"Did/VBD  [ you/PRP ] work/VB somewhere/RB else/RB ,/,",3/sw3047,180,217.55,1,sw03utt/sw_0346_3047.utt,"Did you work somewhere else,  /",109,"(SQ (VBD Did) (NP-SBJ (PRP you)) (VP (VB work) (ADVP-LOC (ADVP (RB somewhere)) (ADVP (RB else)))) (, ,) (-DFL- E_S))",79
bf,B,3047,222.31,like/IN  [ sounds/VBZ ] like/IN  [ you/PRP ] got/VBD  [ your/PRP$ master/NN 's/POS ]   before/IN here/RB,3/sw3047,181,218.53,2,sw03utt/sw_0346_3047.utt,{D like }  sounds like you got your master's before here  /,110,(S (INTJ (UH like)) (NP-SBJ (-NONE- *)) (VP (VBZ sounds) (SBAR (IN like) (S (NP-SBJ (PRP you)) (VP (VBD got) (NP (PRP$ your) (NN master) (POS 's)) (PP-TMP (IN before) (ADVP-LOC (RB here))))))) (-DFL- E_S)),79
%,B,3047,223.53,"or/CC ,/,",3/sw3047,182,223.21,3,sw03utt/sw_0346_3047.utt,"{C or, } -/",111,"(S-UNF (CC or) (, ,) (-DFL- N_S))",79
ny,A,3047,224.86,"[ Uh/UH ] ,/, yeah/UH ,/,",3/sw3047,184,223.56,1,sw03utt/sw_0346_3047.utt,"{F Uh, } yeah,  /",112,"(INTJ (INTJ (UH Uh)) (, ,) (INTJ (UH yeah)) (, ,) (-DFL- E_S))",80
sd^e,A,3047,225.54,"[ I/PRP ] have/VBP ,/,  [ uh/UH ] ,/,  [ uh/UH ] ,/,",3/sw3047,185,224.86,2,sw03utt/sw_0346_3047.utt,"I have, {F uh, } {F uh, }  /",113,"(S (NP-SBJ (PRP I)) (VP-UNF (VBP have) (, ,) (INTJ (UH uh)) (, ,) (INTJ (UH uh))) (, ,) (-DFL- E_S))",80
ar,A,3047,226.46,no/UH,3/sw3047,186,226.18,3,sw03utt/sw_0346_3047.utt,no  /,114,(INTJ (UH no) (-DFL- E_S)),80
sd,A,3047,230.92000000000002,"actually/RB ,/,  [ I/PRP ] mean/VBP  [ I/PRP ] came/VBD straight/RB from/IN  [ school/NN ] to/IN here/RB ./.",3/sw3047,187,226.72,4,sw03utt/sw_0346_3047.utt,"{D actually, }  {E I mean } I came straight from school to here. /",115,"(S (ADVP (RB actually)) (PRN (, ,) (S (NP-SBJ (PRP I)) (VP (VBP mean)))) (NP-SBJ (PRP I)) (VP (VBD came) (ADVP (RB straight)) (PP (IN from) (NP (NN school))) (PP-DIR (IN to) (ADVP (RB here)))) (. .) (-DFL- E_S))",80
bk,B,3047,231.21,[ I/PRP ] see/VBP ./.,3/sw3047,175,230.89,1,sw03utt/sw_0346_3047.utt,I see. /,116,(S (NP-SBJ (PRP I)) (VP (VBP see)) (. .) (-DFL- E_S)),81
sd,A,3047,237.85000000000002,"So/RB ,/, cause/IN  [ this/DT ] was/VBD  [ the/DT first/JJ ] ,/,  [ first/JJ real/JJ job/NN ] after/IN getting/VBG  [ my/PRP$ degree/NN ] ./.",3/sw3047,191,231.92,1,sw03utt/sw_0346_3047.utt,"{D So, } cause this was the [ first, + first ] real job  after getting my degree. /",117,"(SBAR-PRP (INTJ (UH So)) (, ,) (IN cause) (S (NP-SBJ (DT this)) (VP (VBD was) (NP-PRD (NP (DT the) (EDITED (RM (-DFL- \[)) (JJ first) (, ,) (IP (-DFL- \+))) (JJ first) (RS (-DFL- \])) (JJ real) (NN job)) (PP-TMP (IN after) (S-NOM (NP-SBJ (-NONE- *)) (VP (VBG getting) (NP (PRP$ my) (NN degree)))))))) (. .) (-DFL- E_S))",82
b,B,3047,238.38,[ Uh-huh/UH ] ./.,3/sw3047,193,238.18,1,sw03utt/sw_0346_3047.utt,Uh-huh.  /,118,(INTJ (UH Uh-huh) (. .) (-DFL- E_S)),83
qy,B,3047,240.32,"After/IN  [ your/PRP$ master/NN 's/POS ]   or/CC after/IN  [ your/PRP$ ] ,/,",3/sw3047,194,238.98,2,sw03utt/sw_0346_3047.utt,"After your master's or after your, -/",119,"(PP-TMP (PP (IN After) (NP (PRP$ your) (NN master) (POS 's))) (CC or) (PP (IN after) (NP-UNF (PRP$ your))) (, ,) (-DFL- N_S))",83
sd,A,3047,241.51000000000002,After/IN  [ my/PRP$ master/NN 's/POS ]   ./.,3/sw3047,196,240.71,1,sw03utt/sw_0346_3047.utt,After my master's. /,120,(PP-TMP (IN After) (NP (PRP$ my) (NN master) (POS 's)) (. .) (-DFL- E_S)),84
bk,B,3047,241.8,[ I/PRP ] see/VBP ./.,3/sw3047,175,241.5,1,sw03utt/sw_0346_3047.utt,I see. /,121,(S (NP-SBJ (PRP I)) (VP (VBP see)) (. .) (-DFL- E_S)),85
sd,A,3047,245.87,"[ My/PRP$ undergraduate/NN degree/NN ] was/VBD not/RB in/IN ,/, not/RB in/IN  [ what/WP ] [ my/PRP$ master/NN 's/POS ]    was/VBD ./.",3/sw3047,200,241.83,1,sw03utt/sw_0346_3047.utt,"My undergraduate degree was [ not in, + not in ]  what my master's was. /",122,"(S (NP-SBJ (PRP$ My) (NN undergraduate) (NN degree)) (VP (VBD was) (EDITED (RM (-DFL- \[)) (RB not) (PP-PRD-UNF (IN in)) (, ,) (IP (-DFL- \+))) (RB not) (PP-PRD (IN in) (RS (-DFL- \])) (SBAR-NOM (WHNP-1 (WP what)) (S (NP-SBJ (PRP$ my) (NN master) (POS 's)) (VP (VBD was) (NP-PRD (-NONE- *T*-1))))))) (. .) (-DFL- E_S))",86
b,B,3047,246.32000000000002,[ I/PRP ] see/VBP ./.,3/sw3047,175,245.86,1,sw03utt/sw_0346_3047.utt,I see. /,123,(S (NP-SBJ (PRP I)) (VP (VBP see)) (. .) (-DFL- E_S)),87
sd,A,3047,249.43,So/RB  [ I/PRP ] made/VBD  [ a/DT career/NN change/NN ] --/:,3/sw3047,204,247.39,1,sw03utt/sw_0346_3047.utt,{C So } I made a career change --,124,(S (RB So) (NP-SBJ (PRP I)) (VP (VBD made) (NP (DT a) (NN career) (NN change)) (ADVP (RB basically))) (. .) (-DFL- E_S)),88
b,B,3047,249.66,[ Uh-huh/UH ] ./.,3/sw3047,193,249.4,1,sw03utt/sw_0346_3047.utt,Uh-huh. /,125,(INTJ (UH Uh-huh) (. .) (-DFL- E_S)),89
+,A,3047,250.36999999999998,--/: basically/RB ./.,3/sw3047,204,249.89,1,sw03utt/sw_0346_3047.utt,-- basically. /,126,(S (RB So) (NP-SBJ (PRP I)) (VP (VBD made) (NP (DT a) (NN career) (NN change)) (ADVP (RB basically))) (. .) (-DFL- E_S)),90
b,B,3047,251.23999999999998,[ I/PRP ] see/VBP ./.,3/sw3047,189,250.9,1,sw03utt/sw_0346_3047.utt,I see.  /,127,(S (NP-SBJ (PRP I)) (VP (VBP see)) (. .) (-DFL- E_S)),91
^h,B,3047,254.72,"Well/UH ,/, let/VB  [ 's/PRP ] see/VB",3/sw3047,210,253.64,2,sw03utt/sw_0346_3047.utt,"{D Well, } let's see <laughter>  /",128,"(S-IMP (INTJ (UH Well)) (, ,) (NP-SBJ (-NONE- *)) (VP (VB let) (S (NP-SBJ (PRP 's)) (VP (VB see)))) (-DFL- E_S))",91
%,B,3047,257.59999999999997,"[ I/PRP ] ,/, have/VBP not/RB MUMBLEx/XX  [ you/PRP ] know/VBP ,/,",3/sw3047,211,256.44,3,sw03utt/sw_0346_3047.utt,"I, have not  ((   ))  {D you know, } - /",129,"(S (NP-SBJ (PRP I)) (, ,) (VP-UNF (VBP have) (RB not) (X (XX MUMBLEx)) (PRN (S (NP-SBJ (PRP you)) (VP (VBP know))))) (, ,) (-DFL- N_S))",91
aa,B,3047,260.94,"[ there/EX ] 's/BES  [ a/DT lot/NN ] of/IN  [ pluses/NNS ] and/CC  [ minuses/NNS ] for/IN  [ different/JJ schools/NNS ] ,/,  [ you/PRP ] know/VBP ,/, just/RB like/IN  [ you/PRP ] said/VBD ./.",3/sw3047,212,257.6,4,sw03utt/sw_0346_3047.utt,"there's a lot of pluses and minuses for different schools, {D you know, }  just like you said.  /",130,"(S (NP-SBJ (EX there)) (VP (BES 's) (NP-PRD (NP (DT a) (NN lot)) (PP (IN of) (NP (NNS pluses) (CC and) (NNS minuses))) (PP (IN for) (NP (JJ different) (NNS schools)))) (PRN (, ,) (S (NP-SBJ (PRP you)) (VP (VBP know))) (, ,)) (SBAR-ADV (ADVP (RB just)) (IN like) (S (NP-SBJ (PRP you)) (VP (VBD said))))) (. .) (-DFL- E_S))",91
sv,B,3047,266.28,"[ Uh/UH ] ,/, depending/VBG on/IN  [ what/WP ] [ they/PRP ] want/VBP to/TO specialize/VB in/IN and/CC  [ what/WP ] [ you/PRP ] can/MD afford/VB ,/,  [ different/JJ things/NNS ] like/IN that/DT ,/,",3/sw3047,213,262.08,5,sw03utt/sw_0346_3047.utt,"{F Uh, } depending on what they want to specialize  in and what you can afford, different things like that,  /",131,"(FRAG (INTJ (UH Uh)) (, ,) (PP (VBG depending) (PP (IN on) (NP (NP (SBAR-NOM (WHNP-2 (WP what)) (S (NP-SBJ-1 (PRP they)) (VP (VBP want) (S (NP-SBJ (-NONE- *-1)) (VP (TO to) (VP (VB specialize) (PP (IN in) (NP (-NONE- *T*-2))))))))) (CC and) (SBAR-NOM (WHNP-3 (WP what)) (S (NP-SBJ (PRP you)) (VP (MD can) (VP (VB afford) (NP (-NONE- *T*-3))))))) (, ,) (NP (NP (JJ different) (NNS things)) (PP (IN like) (NP (DT that))))))) (, ,) (-DFL- E_S))",91
sd,B,3047,267.14000000000004,"so/RB  [ I/PRP ] ,/,  [ I/PRP ] have/VBP not/RB --/:",3/sw3047,214,266.28,6,sw03utt/sw_0346_3047.utt,"{C so } [ I, + I ] have not --",132,"(S (RB so) (EDITED (RM (-DFL- \[)) (NP-SBJ (PRP I)) (, ,) (IP (-DFL- \+))) (NP-SBJ-1 (PRP I)) (RS (-DFL- \])) (VP (VBP have) (RB not) (ADVP (RB really)) (VP (VBN made) (PRT (RP up)) (NP (PRP$ my) (NN mind)) (PRN (, ,) (S (NP-SBJ (PRP you)) (VP (VBP know))) (, ,)) (SBAR (IN whether) (S (NP-SBJ (-NONE- *-1)) (VP (TO to) (VP (VB encourage) (S (NP-SBJ (PRP them)) (VP (TO to) (VP (VB go) (NP-DIR (JJ different) (NNS places))))))))))) (-DFL- E_S))",91
b,A,3047,267.25,Yeah/UH ./.,3/sw3047,216,267.17,1,sw03utt/sw_0346_3047.utt,Yeah. /,133,(INTJ (UH Yeah) (. .) (-DFL- E_S)),92
+,B,3047,270.88,"--/: really/RB made/VBN up/RP  [ my/PRP$ mind/NN ] ,/,  [ you/PRP ] know/VBP ,/, whether/IN to/TO encourage/VB  [ them/PRP ] to/TO go/VB  [ different/JJ places/NNS ]",3/sw3047,214,267.22,1,sw03utt/sw_0346_3047.utt,"-- really made up my mind, {D you know, } whether  to encourage them to go different places  /",134,"(S (RB so) (EDITED (RM (-DFL- \[)) (NP-SBJ (PRP I)) (, ,) (IP (-DFL- \+))) (NP-SBJ-1 (PRP I)) (RS (-DFL- \])) (VP (VBP have) (RB not) (ADVP (RB really)) (VP (VBN made) (PRT (RP up)) (NP (PRP$ my) (NN mind)) (PRN (, ,) (S (NP-SBJ (PRP you)) (VP (VBP know))) (, ,)) (SBAR (IN whether) (S (NP-SBJ (-NONE- *-1)) (VP (TO to) (VP (VB encourage) (S (NP-SBJ (PRP them)) (VP (TO to) (VP (VB go) (NP-DIR (JJ different) (NNS places))))))))))) (-DFL- E_S))",93
%,B,3047,271.03999999999996,"or/CC ,/,",3/sw3047,218,270.9,2,sw03utt/sw_0346_3047.utt,"{C or, } -/",135,"(S-UNF (CC or) (, ,) (-DFL- N_S))",93
sd,A,3047,273.93,"[ One/CD day/NN ] [ I/PRP ] would/MD like/VB to/TO ,/,  [ uh/UH ] ,/,  [ you/PRP ] know/VBP ,/,  [ the/DT ] ,/,  [ uh/UH ] ,/,",3/sw3047,220,271.55,1,sw03utt/sw_0346_3047.utt,"(( One day ))   I would like to, {F uh, }  {D you know, } the,   {F uh, } - /",136,"(S (NP-TMP (CD One) (NN day)) (NP-SBJ-1 (PRP I)) (VP (MD would) (VP (VB like) (S (NP-SBJ (-NONE- *-1)) (VP-UNF (TO to) (, ,) (INTJ (UH uh)) (PRN (, ,) (S (NP-SBJ (PRP you)) (VP (VBP know))) (, ,)) (X (NP-UNF (DT the)) (, ,)) (INTJ (UH uh)))))) (, ,) (-DFL- N_S))",94
sd,A,3047,276.11,"[ I/PRP ] ,/,  [ I/PRP ] like/VBP  [ the/DT school/NN ] where/WRB  [ I/PRP ] went/VBD ./.",3/sw3047,221,273.99,2,sw03utt/sw_0346_3047.utt,"[ I, + I ] like the  school where I went. /",137,"(S (EDITED (RM (-DFL- \[)) (NP-SBJ (PRP I)) (, ,) (IP (-DFL- \+))) (NP-SBJ (PRP I)) (RS (-DFL- \])) (VP (VBP like) (NP (NP (DT the) (NN school)) (SBAR (WHADVP-1 (WRB where)) (S (NP-SBJ (PRP I)) (VP (VBD went) (ADVP (-NONE- *T*-1))))))) (. .) (-DFL- E_S))",94
b,B,3047,276.19,[ Uh-huh/UH ] ./.,3/sw3047,193,276.07,1,sw03utt/sw_0346_3047.utt,Uh-huh. /,138,(INTJ (UH Uh-huh) (. .) (-DFL- E_S)),95
sd,A,3047,281.57,"[ I/PRP ] mean/VBP ,/, and/CC  [ I/PRP ] would/MD not/RB hesitate/VB at/IN  [ all/DT ] to/TO ,/, to/TO encourage/VB  [ her/PRP ] to/TO go/VB  [ there/RB ] --/:",3/sw3047,225,276.29,1,sw03utt/sw_0346_3047.utt,"{E I mean, } {C and } I would not hesitate at all  [ to, + to ] encourage her to go [ there + --",139,"(S (PRN (S (NP-SBJ (PRP I)) (VP (VBP mean))) (, ,)) (CC and) (NP-SBJ-1 (PRP I)) (VP (MD would) (RB not) (VP (VB hesitate) (ADVP (IN at) (DT all)) (S (NP-SBJ (-NONE- *-1)) (EDITED (RM (-DFL- \[)) (VP-UNF (TO to)) (, ,) (IP (-DFL- \+))) (VP (TO to) (RS (-DFL- \])) (VP (VB encourage) (S (NP-SBJ (PRP her)) (VP (TO to) (VP (VB go) (EDITED (RM (-DFL- \[)) (ADVP (RB there)) (IP (-DFL- \+))) (ADVP (RB there)) (RS (-DFL- \])) (SBAR-ADV (IN if) (S (NP-SBJ-2 (PRP she)) (VP (VBD wanted) (S (NP-SBJ (-NONE- *-2)) (VP (TO to) (VP (-NONE- *?*))))))))))))))) (. .) (-DFL- E_S))",96
b,B,3047,281.83000000000004,[ Right/UH ] ./.,3/sw3047,227,281.67,1,sw03utt/sw_0346_3047.utt,Right. /,140,(INTJ (UH Right) (. .) (-DFL- E_S)),97
+,A,3047,282.91,--/:  [ there/RB ] if/IN  [ she/PRP ] wanted/VBD to/TO ./.,3/sw3047,225,281.95,1,sw03utt/sw_0346_3047.utt,-- there ] if she wanted to. /,141,"(S (PRN (S (NP-SBJ (PRP I)) (VP (VBP mean))) (, ,)) (CC and) (NP-SBJ-1 (PRP I)) (VP (MD would) (RB not) (VP (VB hesitate) (ADVP (IN at) (DT all)) (S (NP-SBJ (-NONE- *-1)) (EDITED (RM (-DFL- \[)) (VP-UNF (TO to)) (, ,) (IP (-DFL- \+))) (VP (TO to) (RS (-DFL- \])) (VP (VB encourage) (S (NP-SBJ (PRP her)) (VP (TO to) (VP (VB go) (EDITED (RM (-DFL- \[)) (ADVP (RB there)) (IP (-DFL- \+))) (ADVP (RB there)) (RS (-DFL- \])) (SBAR-ADV (IN if) (S (NP-SBJ-2 (PRP she)) (VP (VBD wanted) (S (NP-SBJ (-NONE- *-2)) (VP (TO to) (VP (-NONE- *?*))))))))))))))) (. .) (-DFL- E_S))",98
b,B,3047,283.09000000000003,[ Right/UH ] ./.,3/sw3047,227,282.87,1,sw03utt/sw_0346_3047.utt,Right. /,142,(INTJ (UH Right) (. .) (-DFL- E_S)),99
sd,A,3047,287.19,"Or/CC  [ the/DT school/NN ] where/WRB  [ I/PRP ] got/VBD  [ my/PRP$ master/NN 's/POS ]   at/IN ,/,  [ which/WDT ] ,/,  [ which/WDT ] was/VBD  [ a/DT different/JJ school/NN ] ./.",3/sw3047,232,283.13,1,sw03utt/sw_0346_3047.utt,"{C Or } the school where I got my master's  at, [ which, + which ] was a different school. /",143,"(FRAG (CC Or) (NP (NP (DT the) (NN school)) (SBAR (WHADVP-1 (WRB where)) (S (NP-SBJ (PRP I)) (VP (VBD got) (NP (PRP$ my) (NN master) (POS 's)) (PP-LOC (IN at) (ADVP (-NONE- *T*-1)))))) (, ,) (SBAR (EDITED (RM (-DFL- \[)) (WHNP (WDT which)) (, ,) (IP (-DFL- \+))) (WHNP-2 (WDT which)) (RS (-DFL- \])) (S (NP-SBJ (-NONE- *T*-2)) (VP (VBD was) (NP-PRD (DT a) (JJ different) (NN school)))))) (. .) (-DFL- E_S))",100
b,B,3047,287.45,[ Right/UH ] ./.,3/sw3047,227,287.33,1,sw03utt/sw_0346_3047.utt,Right. /,144,(INTJ (UH Right) (. .) (-DFL- E_S)),101
sd,A,3047,291.2,"And/CC ,/,  [ uh/UH ] ,/,  [ I/PRP ] liked/VBD  [ it/PRP ] almost/RB as/RB well/RB ./.",3/sw3047,236,287.49,1,sw03utt/sw_0346_3047.utt,"{C And, }  {F uh, } I liked it almost as well. /",145,"(S (CC And) (, ,) (INTJ (UH uh)) (, ,) (NP-SBJ (PRP I)) (VP (VBD liked) (NP (PRP it)) (ADVP-MNR (RB almost) (RB as) (RB well))) (. .) (-DFL- E_S))",102
b,B,3047,292.27000000000004,[ Uh-huh/UH ] ./.,3/sw3047,223,292.05,1,sw03utt/sw_0346_3047.utt,Uh-huh. /,146,(INTJ (UH Uh-huh) (. .) (-DFL- E_S)),103
sd,A,3047,295.88,"[ Uh/UH ] ,/, but/CC ,/,  [ uh/UH ] ,/,  [ you/PRP ] know/VBP ,/, that/IN ,/,  [ I/PRP ] 'm/VBP not/RB going/VBG to/TO hold/VB  [ them/PRP ] to/IN  [ that/DT ] --/:",3/sw3047,240,292.3,1,sw03utt/sw_0346_3047.utt,"{F Uh, } {C but, }  {F uh, } {D you know, }  that, I'm not going to hold them to that --",147,"(S (INTJ (UH Uh)) (, ,) (CC but) (, ,) (INTJ (UH uh)) (, ,) (NP-SBJ (PRP you)) (VP (VBP know) (, ,) (SBAR (IN that) (, ,) (S (NP-SBJ-1 (PRP I)) (VP (VBP 'm) (RB not) (VP (VBG going) (S (NP-SBJ (-NONE- *-1)) (VP (TO to) (VP (VB hold) (NP (PRP them)) (PP (IN to) (NP (DT that)))))) (SBAR-PRP (RB just) (IN because) (S (NP-SBJ (PRP I)) (VP (VBD went) (ADVP (RB there)))))))))) (. .) (-DFL- E_S))",104
b,B,3047,296.03000000000003,[ Right/UH ] ./.,3/sw3047,227,295.85,1,sw03utt/sw_0346_3047.utt,Right. /,148,(INTJ (UH Right) (. .) (-DFL- E_S)),105
+,A,3047,297.28000000000003,--/: just/RB because/IN  [ I/PRP ] went/VBD there/RB ./.,3/sw3047,240,296.06,1,sw03utt/sw_0346_3047.utt,-- just because I went there.  /,149,"(S (INTJ (UH Uh)) (, ,) (CC but) (, ,) (INTJ (UH uh)) (, ,) (NP-SBJ (PRP you)) (VP (VBP know) (, ,) (SBAR (IN that) (, ,) (S (NP-SBJ-1 (PRP I)) (VP (VBP 'm) (RB not) (VP (VBG going) (S (NP-SBJ (-NONE- *-1)) (VP (TO to) (VP (VB hold) (NP (PRP them)) (PP (IN to) (NP (DT that)))))) (SBAR-PRP (RB just) (IN because) (S (NP-SBJ (PRP I)) (VP (VBD went) (ADVP (RB there)))))))))) (. .) (-DFL- E_S))",106
sv,A,3047,298.5,"[ I/PRP ] ,/,  [ you/PRP ] know/VBP ,/, think/VBP that/DT  [ 's/BES ] --/:",3/sw3047,244,297.42,2,sw03utt/sw_0346_3047.utt,"I, {D you know, } think that's <sigh> -- -/",150,"(S (NP-SBJ (PRP I)) (PRN (, ,) (S (NP-SBJ (PRP you)) (VP (VBP know))) (, ,)) (VP (VBP think) (SBAR (-NONE- 0) (S (NP-SBJ (DT that)) (VP-UNF (BES 's))))) (-DFL- N_S))",106
b,B,3047,298.99,Yeah/UH ./.,3/sw3047,246,298.75,1,sw03utt/sw_0346_3047.utt,Yeah. /,151,(INTJ (UH Yeah) (. .) (-DFL- E_S)),107
sd,A,3047,300.40000000000003,"--/: If/IN  [ they/PRP ] want/VBP to/TO ,/,  [ that/DT ] 's/BES fine/JJ ,/, but/CC --/:",3/sw3047,248|||249,299.02,1,sw03utt/sw_0346_3047.utt,"-- If they want to, that's fine, but --",152,"(S (SBAR-ADV (IN If) (S (NP-SBJ-1 (PRP they)) (VP (VBP want) (S (NP-SBJ (-NONE- *-1)) (VP (TO to) (VP (-NONE- *?*))))))) (, ,) (NP-SBJ (DT that)) (VP (BES 's) (ADJP-PRD (JJ fine))) (, ,))|||(FRAG (CC but) (ADVP (RB otherwise)) (RB not) (ADJP-PRD (-NONE- *?*)) (. .) (SBAR-ADV (IN Although) (S (NP-SBJ (PRP I)) (EDITED (RM (-DFL- \[)) (VP-UNF (XX ca-)) (, ,) (IP (-DFL- \+))) (INTJ (UH uh)) (, ,) (VP (MD would) (RS (-DFL- \])) (VP (VB get) (NP (NP (PDT quite) (DT a) (NN break)) (EDITED (PP-UNF (IN on)) (, ,)) (PP (IN on) (NP (NN tuition)))))))) (. .) (-DFL- E_S))",108
b,B,3047,300.61,Yeah/UH ./.,3/sw3047,246,300.37,1,sw03utt/sw_0346_3047.utt,Yeah. /,153,(INTJ (UH Yeah) (. .) (-DFL- E_S)),109
+,A,3047,306.58,"--/: otherwise/RB not/RB ./.  Although/IN  [ I/PRP ca-/XX ] ,/,  [ uh/UH ] ,/, would/MD get/VB quite/PDT  [ a/DT break/NN ] on/IN ,/, on/IN  [ tuition/NN ] ./.",3/sw3047,249,300.64,1,sw03utt/sw_0346_3047.utt,"-- otherwise not. <sigh> Although I [ ca-, +  {F uh, }  would ] get quite a break on, on tuition <laughter>. /",154,"(FRAG (CC but) (ADVP (RB otherwise)) (RB not) (ADJP-PRD (-NONE- *?*)) (. .) (SBAR-ADV (IN Although) (S (NP-SBJ (PRP I)) (EDITED (RM (-DFL- \[)) (VP-UNF (XX ca-)) (, ,) (IP (-DFL- \+))) (INTJ (UH uh)) (, ,) (VP (MD would) (RS (-DFL- \])) (VP (VB get) (NP (NP (PDT quite) (DT a) (NN break)) (EDITED (PP-UNF (IN on)) (, ,)) (PP (IN on) (NP (NN tuition)))))))) (. .) (-DFL- E_S))",110
qy^d,B,3047,308.17,"Um/UH ,/, because/IN  [ you/PRP ] went/VBD there/RB ./.",3/sw3047,254,306.83,1,sw03utt/sw_0346_3047.utt,"{F Um, } because you went there. /",155,"(SBAR-PRP (INTJ (UH Um)) (, ,) (IN because) (S (NP-SBJ (PRP you)) (VP (VBD went) (ADVP (RB there)))) (. .) (-DFL- E_S))",111
ny,A,3047,309.08,"Yeah/UH ,/,",3/sw3047,256,308.8,1,sw03utt/sw_0346_3047.utt,"Yeah,  /",156,"(INTJ (UH Yeah) (, ,) (-DFL- E_S))",112
sd^e,A,3047,316.92,"because/IN  [ they/PRP ] ,/,  [ uh/UH ] ,/, allow/VBP for/IN ,/,  [ uh/UH ] ,/,  [ uh/UH ] ,/,  [ tuition/NN ] ,/,  [ uh/UH ] ,/, break/NN for/IN out/IN of/IN [ state/NN students/NNS ] --/:",3/sw3047,257,309.08,2,sw03utt/sw_0346_3047.utt,"{C because } they, {F uh, } allow  for, {F uh, } {F uh, } tuition, {F uh, } break for out of state students --",157,"(SBAR-PRP (IN because) (S (NP-SBJ (PRP they)) (, ,) (INTJ (UH uh)) (, ,) (VP (VBP allow) (PP (IN for) (, ,) (INTJ (UH uh)) (, ,) (INTJ (UH uh)) (, ,) (NP (NP (NN tuition) (, ,) (INTJ (UH uh)) (, ,) (NN break)) (PP (IN for) (NP (NP (PP (IN out) (PP (IN of) (NP (NN state)))) (NNS students)) (SBAR (WHNP-1 (WP who)) (S (NP-SBJ (-NONE- *T*-1)) (NP-PRD (NP (NNS children)) (PP (IN of) (NP (NNS alumnae)))))))))))) (. .) (-DFL- E_S))",112
b,B,3047,317.21999999999997,Um/UH ./.,3/sw3047,259,317.02,1,sw03utt/sw_0346_3047.utt,{F Um. } /,158,(INTJ (UH Um) (. .) (-DFL- E_S)),113
+,A,3047,319.19,--/:  [ who/WP ] [ children/NNS ] of/IN  [ alumnae/NNS ] ./.,3/sw3047,257,317.51,1,sw03utt/sw_0346_3047.utt,-- who children of alumnae. /,159,"(SBAR-PRP (IN because) (S (NP-SBJ (PRP they)) (, ,) (INTJ (UH uh)) (, ,) (VP (VBP allow) (PP (IN for) (, ,) (INTJ (UH uh)) (, ,) (INTJ (UH uh)) (, ,) (NP (NP (NN tuition) (, ,) (INTJ (UH uh)) (, ,) (NN break)) (PP (IN for) (NP (NP (PP (IN out) (PP (IN of) (NP (NN state)))) (NNS students)) (SBAR (WHNP-1 (WP who)) (S (NP-SBJ (-NONE- *T*-1)) (NP-PRD (NP (NNS children)) (PP (IN of) (NP (NNS alumnae)))))))))))) (. .) (-DFL- E_S))",114
sd,B,3047,320.0,[ I/PRP ] did/VBD n't/RB know/VB  [ that/DT ] ./.,3/sw3047,262,319.16,1,sw03utt/sw_0346_3047.utt,I didn't know that. /,160,(S (NP-SBJ (PRP I)) (VP (VBD did) (RB n't) (VP (VB know) (NP (DT that)))) (. .) (-DFL- E_S)),115
sd,A,3047,321.81,Well/UH  [ certain/JJ schools/NNS ] do/VBP  [ it/PRP ] ./.,3/sw3047,264,320.83,1,sw03utt/sw_0346_3047.utt,{D Well } certain schools do it. /,161,(S (INTJ (UH Well)) (NP-SBJ (JJ certain) (NNS schools)) (VP (VBP do) (NP (PRP it))) (. .) (-DFL- E_S)),116
b,B,3047,322.05999999999995,Yeah/UH ./.,3/sw3047,246,321.78,1,sw03utt/sw_0346_3047.utt,Yeah. /,162,(INTJ (UH Yeah) (. .) (-DFL- E_S)),117
sd,A,3047,322.92999999999995,[ This/DT school/NN ] does/VBZ ./.,3/sw3047,268,322.11,1,sw03utt/sw_0346_3047.utt,This school does.  /,163,(S (NP-SBJ (DT This) (NN school)) (VP (VBZ does)) (. .) (-DFL- E_S)),118
%,A,3047,324.01,"So/RB ,/,  [ uh/UH ] ,/,",3/sw3047,269,323.05,2,sw03utt/sw_0346_3047.utt,"{C So, } {F uh, }",164,"(S-UNF (RB So) (, ,) (INTJ (UH uh)) (, ,) (EDITED (RM (-DFL- \[)) (S (NP-SBJ (PRP It)) (VP-UNF (BES 's))) (, ,) (IP (-DFL- \+))) (NP-SBJ (PRP it)) (X (XX MUMBLEx)) (RS (-DFL- \])) (, ,) (-DFL- N_S))",118
b,B,3047,324.74,Huh/UH ./.,3/sw3047,271,324.64,1,sw03utt/sw_0346_3047.utt,{F Huh. } /,165,(INTJ (UH Huh) (. .) (-DFL- E_S)),119
+,A,3047,326.25,"[ It/PRP ] 's/BES ,/,  [ it/PRP ] [ MUMBLEx/XX ] ,/,",3/sw3047,269,325.73,1,sw03utt/sw_0346_3047.utt,"[ It's, +  it  ((   )) ] , - /",166,"(S-UNF (RB So) (, ,) (INTJ (UH uh)) (, ,) (EDITED (RM (-DFL- \[)) (S (NP-SBJ (PRP It)) (VP-UNF (BES 's))) (, ,) (IP (-DFL- \+))) (NP-SBJ (PRP it)) (X (XX MUMBLEx)) (RS (-DFL- \])) (, ,) (-DFL- N_S))",120
sd,A,3047,336.19,"[ I/PRP ] ,/,  [ I/PRP ] was/VBD involved/VBN in/IN  [ some/DT ] ,/,  [ uh/UH ] ,/, oh/UH ,/,  [ alumnae/NNS ] recruiting/NN ,/,  [ uh/UH ] ,/, here/RB in/IN  [ town/NN ] ,/,  [ uh/UH ] ,/, recently/RB ,/,  [ uh/UH ] ,/, well/UH  [ last/JJ year/NN ] ./.",3/sw3047,273,326.25,2,sw03utt/sw_0346_3047.utt,"[ I, + I ] was involved in some, {F uh, } {F oh, } alumnae  recruiting, {F uh, } here in town, {F uh, } recently, {F uh, }  {D well } last year <sigh>. /",167,"(S (EDITED (RM (-DFL- \[)) (NP-SBJ (PRP I)) (, ,) (IP (-DFL- \+))) (NP-SBJ (PRP I)) (RS (-DFL- \])) (VP (VBD was) (ADJP-PRD (VBN involved) (PP (IN in) (NP (NP (DT some) (, ,) (INTJ (UH uh)) (, ,) (INTJ (UH oh)) (, ,) (NNS alumnae) (NN recruiting)) (, ,) (INTJ (UH uh)) (, ,) (ADVP-LOC (RB here) (PP (IN in) (NP (NN town)))) (, ,) (INTJ (UH uh)) (, ,) (EDITED (ADVP-TMP (RB recently)) (, ,)) (INTJ (UH uh)) (, ,) (INTJ (UH well)) (NP-TMP (JJ last) (NN year)))))) (. .) (-DFL- E_S))",120
b,B,3047,337.34,[ Uh-huh/UH ] ./.,3/sw3047,275,337.08,1,sw03utt/sw_0346_3047.utt,Uh-huh. /,168,(INTJ (UH Uh-huh) (. .) (-DFL- E_S)),121
sd,A,3047,344.33,"[ Uh/UH ] ,/, and/CC  [ it/PRP ] was/VBD  [ kind/RB ] of/RB  [ fun/JJ ] ,/, because/IN  [ you/PRP ] are/VBP trying/VBG to/TO to/TO ,/, trying/VBG to/TO get/VB  [ people/NNS ] interested/JJ in/IN  [ your/PRP$ school/NN ] ,/,  [ you/PRP ] know/VBP ./.",3/sw3047,277,337.37,1,sw03utt/sw_0346_3047.utt,"{F Uh, } {C and } it was kind of fun, because you  are [ trying [ to +  <sigh> to, ] +  trying to ] get people interested in your school, {D you know. } /",169,"(S (INTJ (UH Uh)) (, ,) (CC and) (NP-SBJ (PRP it)) (VP (VBD was) (ADJP-PRD (ADVP (RB kind) (RB of)) (JJ fun)) (, ,) (SBAR-PRP (IN because) (S (NP-SBJ-1 (PRP you)) (VP (VBP are) (EDITED (RM (-DFL- \[)) (VP (VBG trying) (S (NP-SBJ (-NONE- *)) (EDITED (RM (-DFL- \[)) (VP-UNF (TO to)) (IP (-DFL- \+))) (VP-UNF (TO to)))) (, ,) (RS (-DFL- \])) (IP (-DFL- \+))) (VP (VBG trying) (S (NP-SBJ (-NONE- *-1)) (VP (TO to) (RS (-DFL- \])) (VP (VB get) (S (NP-SBJ (NNS people)) (ADJP-PRD (JJ interested) (PP (IN in) (NP (PRP$ your) (NN school)))))))))))) (PRN (, ,) (S (NP-SBJ (PRP you)) (VP (VBP know))))) (. .) (-DFL- E_S))",122
b,B,3047,344.54,[ Uh-huh/UH ] ./.,3/sw3047,275,344.3,1,sw03utt/sw_0346_3047.utt,Uh-huh. /,170,(INTJ (UH Uh-huh) (. .) (-DFL- E_S)),123
%,A,3047,345.15,"And/CC  [ they/PRP ] were/VBD ,/,",3/sw3047,281,344.57,1,sw03utt/sw_0346_3047.utt,"{C And } they were, - /",171,"(S (CC And) (NP-SBJ (PRP they)) (VP-UNF (VBD were)) (, ,) (-DFL- N_S))",124
sd,A,3047,348.39000000000004,"[ this/DT ] was/VBD  [ a/DT college/NN night/NN ] at/IN  [ a/DT ] ,/, at/IN  [ a/DT high/JJ school/NN ] in/IN  [ Richardson/NNP ] ./.",3/sw3047,282,345.33,2,sw03utt/sw_0346_3047.utt,"this was a college night  [ at a, + at a ] high school in Richardson.  /",172,"(S (NP-SBJ (DT this)) (VP (VBD was) (NP-PRD (NP (DT a) (NN college) (NN night)) (EDITED (RM (-DFL- \[)) (PP-LOC (IN at) (NP-UNF (DT a))) (, ,) (IP (-DFL- \+))) (PP-LOC (IN at) (NP (NP (DT a) (RS (-DFL- \])) (JJ high) (NN school)) (PP-LOC (IN in) (NP (NNP Richardson))))))) (. .) (-DFL- E_S))",124
%,A,3047,348.90999999999997,"And/CC  [ it/PRP ] was/VBD ,/,",3/sw3047,283,348.39,3,sw03utt/sw_0346_3047.utt,"{C And } it was, -/",173,"(S (CC And) (NP-SBJ (PRP it)) (VP-UNF (VBD was)) (, ,) (-DFL- N_S))",124
b,B,3047,349.53000000000003,[ Uh-huh/UH ] ./.,3/sw3047,275,349.37,1,sw03utt/sw_0346_3047.utt,Uh-huh. /,174,(INTJ (UH Uh-huh) (. .) (-DFL- E_S)),125
sd,A,3047,354.13000000000005,"And/CC  [ there/EX ] were/VBD  [ a/DT bunch/NN ] of/IN  [ kids/NNS ] ,/,  [ you/PRP ] know/VBP ,/, and/CC  [ a/DT bunch/NN ] of/IN  [ schools/NNS ] ./.",3/sw3047,287,349.57,1,sw03utt/sw_0346_3047.utt,"{C And } there were a bunch of kids, {D you know, }   {C and } a bunch of schools.  /",175,"(S (CC And) (NP-SBJ (EX there)) (VP (VBD were) (NP-PRD (NP (NP (DT a) (NN bunch)) (PP (IN of) (NP (NNS kids)))) (PRN (, ,) (S (NP-SBJ (PRP you)) (VP (VBP know))) (, ,)) (CC and) (NP (NP (DT a) (NN bunch)) (PP (IN of) (NP (NNS schools)))))) (. .) (-DFL- E_S))",126
sv,A,3047,355.81,"[ There/EX ] were/VBD  [ a/DT hundred/CD schools/NNS ] ,/, probably/RB  [ there/RB ] --/:",3/sw3047,288,354.15,2,sw03utt/sw_0346_3047.utt,"There were a hundred schools, probably there --",176,"(S (NP-SBJ (EX There)) (VP (VBD were) (NP-PRD (NP (QP (DT a) (CD hundred)) (NNS schools) (, ,) (RB probably)) (ADVP-LOC (RB there))) (S-ADV (NP-SBJ (DT all)) (VP (VBG competing) (PP (IN for) (NP (DT the) (JJ same) (NNS kids)))))) (. .) (-DFL- E_S))",126
b,B,3047,356.17,[ Uh-huh/UH ] ./.,3/sw3047,275,356.07,1,sw03utt/sw_0346_3047.utt,Uh-huh. /,177,(INTJ (UH Uh-huh) (. .) (-DFL- E_S)),127
+,A,3047,357.99,--/:  [ all/DT ] competing/VBG for/IN  [ the/DT same/JJ kids/NNS ] ./.,3/sw3047,288,356.21,1,sw03utt/sw_0346_3047.utt,-- all competing for the same kids. /,178,"(S (NP-SBJ (EX There)) (VP (VBD were) (NP-PRD (NP (QP (DT a) (CD hundred)) (NNS schools) (, ,) (RB probably)) (ADVP-LOC (RB there))) (S-ADV (NP-SBJ (DT all)) (VP (VBG competing) (PP (IN for) (NP (DT the) (JJ same) (NNS kids)))))) (. .) (-DFL- E_S))",128
b,B,3047,358.31,[ Uh-huh/UH ] ./.,3/sw3047,275,358.11,1,sw03utt/sw_0346_3047.utt,Uh-huh. /,179,(INTJ (UH Uh-huh) (. .) (-DFL- E_S)),129
sv,A,3047,363.62,"[ It/PRP ] [ 's/BES kind/RB ] of/RB  [ interesting/JJ ] to/TO ,/, to/TO ,/, to/TO talk/VB up/RP ,/,  [ you/PRP ] know/VBP ,/,  [ your/PRP$ ] ,/,",3/sw3047,295,358.35,1,sw03utt/sw_0346_3047.utt,"It's kind of interesting [ [ to, + to, ] + to ]  talk up, {D you know, } your,",180,"(S (NP-SBJ (NP (PRP It)) (S (-NONE- *EXP*-1))) (VP (BES 's) (ADJP-PRD (ADVP (RB kind) (RB of)) (JJ interesting)) (S-1 (NP-SBJ (-NONE- *)) (EDITED (RM (-DFL- \[)) (EDITED (RM (-DFL- \[)) (VP-UNF (TO to)) (, ,) (IP (-DFL- \+))) (VP-UNF (TO to)) (, ,) (RS (-DFL- \])) (IP (-DFL- \+))) (VP (TO to) (RS (-DFL- \])) (VP (VB talk) (PRT (RP up)) (PRN (, ,) (S (NP-SBJ (PRP you)) (VP (VBP know))) (, ,)) (NP (PRP$ your) (, ,) (NN school)))))) (-DFL- E_S))",130
aa,B,3047,363.72999999999996,"Yeah/UH ,/,",3/sw3047,297,363.59,1,sw03utt/sw_0346_3047.utt,"Yeah,  /",181,"(INTJ (UH Yeah) (, ,) (-DFL- E_S))",131
^2,B,3047,364.39,"[ your/PRP$ own/JJ school/NN ] ,/,",3/sw3047,298,363.81,2,sw03utt/sw_0346_3047.utt,"your # own school, # /",182,"(NP (PRP$ your) (JJ own) (NN school) (, ,) (-DFL- E_S))",131
+,A,3047,0.0,[ school/NN ],3/sw3047,277,0.0,1,sw03utt/sw_0346_3047.utt,# school #  /,183,"(S (INTJ (UH Uh)) (, ,) (CC and) (NP-SBJ (PRP it)) (VP (VBD was) (ADJP-PRD (ADVP (RB kind) (RB of)) (JJ fun)) (, ,) (SBAR-PRP (IN because) (S (NP-SBJ-1 (PRP you)) (VP (VBP are) (EDITED (RM (-DFL- \[)) (VP (VBG trying) (S (NP-SBJ (-NONE- *)) (EDITED (RM (-DFL- \[)) (VP-UNF (TO to)) (IP (-DFL- \+))) (VP-UNF (TO to)))) (, ,) (RS (-DFL- \])) (IP (-DFL- \+))) (VP (VBG trying) (S (NP-SBJ (-NONE- *-1)) (VP (TO to) (RS (-DFL- \])) (VP (VB get) (S (NP-SBJ (NNS people)) (ADJP-PRD (JJ interested) (PP (IN in) (NP (PRP$ your) (NN school)))))))))))) (PRN (, ,) (S (NP-SBJ (PRP you)) (VP (VBP know))))) (. .) (-DFL- E_S))",132
sd,A,3047,369.36,"And/CC ,/,  [ I/PRP ] was/VBD surprised/JJ by/IN  [ the/DT number/NN ] of/IN  [ kids/NNS ] [ that/WDT ] came/VBD ,/, came/VBD by/RB and/CC had/VBD heard/VBN of/IN ,/,  [ you/PRP ] know/VBP ,/,  [ our/PRP$ school/NN ] ./.",3/sw3047,300,364.42,2,sw03utt/sw_0346_3047.utt,"{C And, }  I was surprised by the  number of kids that [ came, + came ] by and  had heard of, {D you know, } our school.",184,"(S (CC And) (, ,) (NP-SBJ (PRP I)) (VP (VBD was) (ADJP-PRD (JJ surprised) (PP (IN by) (NP (NP (DT the) (NN number)) (PP (IN of) (NP (NNS kids))) (SBAR (WHNP-1 (WDT that)) (S (NP-SBJ (-NONE- *T*-1)) (EDITED (RM (-DFL- \[)) (VP-UNF (VBD came)) (, ,) (IP (-DFL- \+))) (VP (VP (VBD came) (RS (-DFL- \])) (ADVP (RB by))) (CC and) (VP (VBD had) (VP (VBN heard) (PP (IN of) (PRN (, ,) (S (NP-SBJ (PRP you)) (VP (VBP know))) (, ,)) (NP (PRP$ our) (NN school))))) (. .) (EDITED (RM (-DFL- \[)) (CC And) (, ,) (IP (-DFL- \+))) (CC and) (RS (-DFL- \])) (VP (VBD were) (ADJP-PRD (JJ interested) (PP (IN in) (NP (PRP it)))))))))))) (. .) (-DFL- E_S))",132
b,B,3047,369.70000000000005,[ Uh-huh/UH ] ./.,3/sw3047,275,369.48,1,sw03utt/sw_0346_3047.utt,Uh-huh. /,185,(INTJ (UH Uh-huh) (. .) (-DFL- E_S)),133
+,A,3047,372.32,"And/CC ,/, and/CC were/VBD interested/JJ in/IN  [ it/PRP ] ./.",3/sw3047,300,369.74,1,sw03utt/sw_0346_3047.utt,"[ And, + and ] were interested in it. /",186,"(S (CC And) (, ,) (NP-SBJ (PRP I)) (VP (VBD was) (ADJP-PRD (JJ surprised) (PP (IN by) (NP (NP (DT the) (NN number)) (PP (IN of) (NP (NNS kids))) (SBAR (WHNP-1 (WDT that)) (S (NP-SBJ (-NONE- *T*-1)) (EDITED (RM (-DFL- \[)) (VP-UNF (VBD came)) (, ,) (IP (-DFL- \+))) (VP (VP (VBD came) (RS (-DFL- \])) (ADVP (RB by))) (CC and) (VP (VBD had) (VP (VBN heard) (PP (IN of) (PRN (, ,) (S (NP-SBJ (PRP you)) (VP (VBP know))) (, ,)) (NP (PRP$ our) (NN school))))) (. .) (EDITED (RM (-DFL- \[)) (CC And) (, ,) (IP (-DFL- \+))) (CC and) (RS (-DFL- \])) (VP (VBD were) (ADJP-PRD (JJ interested) (PP (IN in) (NP (PRP it)))))))))))) (. .) (-DFL- E_S))",134
b,B,3047,373.2,Um/UH ./.,3/sw3047,305,373.12,1,sw03utt/sw_0346_3047.utt,{F Um. } /,187,(INTJ (UH Um) (. .) (-DFL- E_S)),135
%,A,3047,374.08000000000004,"[ Uh/UH ] ,/,  [ you/PRP ] know/VBP ,/,  [ we/PRP ] ,/,  [ uh/UH ] ,/,  [ MUMBLEx/XX",3/sw3047,307,373.24,1,sw03utt/sw_0346_3047.utt,"{F Uh, } {D you know, } we, {F uh, }  ((   )) - /",188,"(S-UNF (INTJ (UH Uh)) (PRN (, ,) (S (NP-SBJ (PRP you)) (VP (VBP know))) (, ,)) (NP-SBJ (PRP we)) (, ,) (INTJ (UH uh)) (, ,) (X (XX MUMBLEx)) (-DFL- N_S))",136
sv,A,3047,383.61,"situations/NNS ] like/IN  [ that/DT ] ,/,  [ you/PRP ] do/VBP n't/RB realize/VB ,/,  [ you/PRP ] know/VBP ,/, until/IN  [ you/PRP ] start/VBP thinking/VBG about/IN  [ it/PRP ] ,/,  [ the/DT kinds/NNS ] of/IN  [ MUMBLEx/XX ] advantages/NNS  [ you/PRP ] [ school/NN ] may/MD have/VB over/IN  [ others/NNS ] ./.",3/sw3047,308,375.64,2,sw03utt/sw_0346_3047.utt,"situations like that, you don't realize,  {D you know, } until you start thinking about it,  the kinds of  ((   ))  advantages you school may have over others. /",189,"(S (NP-ADV (NP (NNS situations)) (PP (IN like) (NP (DT that)))) (, ,) (NP-SBJ (PRP you)) (VP (VBP do) (RB n't) (VP (VB realize) (PRN (, ,) (S (NP-SBJ (PRP you)) (VP (VBP know))) (, ,)) (SBAR-TMP (IN until) (S (NP-SBJ-1 (PRP you)) (VP (VBP start) (S (NP-SBJ (-NONE- *-1)) (VP (VBG thinking) (PP (IN about) (NP (PRP it)))))))) (, ,) (NP (NP (DT the) (NNS kinds)) (PP (IN of) (X (XX MUMBLEx)) (NP (NP (NNS advantages)) (SBAR (WHNP-2 (-NONE- 0)) (S (NP-SBJ (PRP you) (NN school)) (VP (MD may) (VP (VB have) (NP (-NONE- *T*-2)))))) (PP (IN over) (NP (NNS others)))))))) (. .) (-DFL- E_S))",136
b,B,3047,384.12,[ Uh-huh/UH ] ./.,3/sw3047,285,383.94,1,sw03utt/sw_0346_3047.utt,Uh-huh. /,190,(INTJ (UH Uh-huh) (. .) (-DFL- E_S)),137
sd,A,3047,387.95,"And/CC so/RB ,/,  [ I/PRP ] ,/,  [ I/PRP ] was/VBD real/RB ,/, real/RB pleased/JJ with/IN  [ that/DT ] ./.",3/sw3047,312,385.45,1,sw03utt/sw_0346_3047.utt,"{C And so, } [ I, + I ] was [ real, + real ] pleased  with that.  /",191,"(S (CONJP (CC And) (RB so)) (, ,) (EDITED (RM (-DFL- \[)) (NP-SBJ (PRP I)) (, ,) (IP (-DFL- \+))) (NP-SBJ (PRP I)) (RS (-DFL- \])) (VP (VBD was) (ADJP-PRD (RM (-DFL- \[)) (RB real) (, ,) (IP (-DFL- \+)) (RB real) (RS (-DFL- \])) (JJ pleased) (PP (IN with) (NP (DT that))))) (. .) (-DFL- E_S))",138
sd,A,3047,389.17,That/DT worked/VBD out/RP so/RB well/RB ./.,3/sw3047,313,388.23,2,sw03utt/sw_0346_3047.utt,That worked out so well. /,192,(S (NP-SBJ (DT That)) (VP (VBD worked) (PRT (RP out)) (ADVP-MNR (RB so) (RB well))) (. .) (-DFL- E_S)),138
b,B,3047,389.65999999999997,Yeah/UH ./.,3/sw3047,315,389.4,1,sw03utt/sw_0346_3047.utt,Yeah.  /,193,(INTJ (UH Yeah) (. .) (-DFL- E_S)),139
qy,B,3047,392.72,So/RB did/VBD  [ you/PRP ] drum/VB up/RP  [ any/DT interest/NN ] then/RB,3/sw3047,316,390.52,2,sw03utt/sw_0346_3047.utt,{D So } did you drum up any  interest  (( then ))  /,194,(SQ (INTJ (UH So)) (VBD did) (NP-SBJ (PRP you)) (VP (VB drum) (PRT (RP up)) (NP (DT any) (NN interest)) (ADVP (RB then))) (-DFL- E_S)),139
%@,B,3047,392.90000000000003,"or/CC ,/,",3/sw3047,317,392.72,3,sw03utt/sw_0346_3047.utt,"{C or, }",195,"(S (CC or) (, ,) (INTJ (UH Well)) (, ,) (NP-SBJ (DT that)) (VP (BES 's) (ADJP-PRD (JJ good))) (. .) (-DFL- E_S))",139
am,A,3047,393.81,[ I/PRP ] think/VBP so/RB ./.,3/sw3047,319,393.47,1,sw03utt/sw_0346_3047.utt,I think so. /,196,(S (NP-SBJ (PRP I)) (VP (VBP think) (ADVP (RB so))) (. .) (-DFL- E_S)),140
+@,B,3047,394.36,"Well/UH ,/,  [ that/DT ] 's/BES good/JJ ./.",3/sw3047,317,393.78,1,sw03utt/sw_0346_3047.utt,"{D Well, } that's good. /",197,"(S (CC or) (, ,) (INTJ (UH Well)) (, ,) (NP-SBJ (DT that)) (VP (BES 's) (ADJP-PRD (JJ good))) (. .) (-DFL- E_S))",141
no,A,3047,395.27,[ I/PRP ] do/VBP n't/RB know/VB offhand/RB,3/sw3047,322,394.39,1,sw03utt/sw_0346_3047.utt,I don't know offhand  /,198,(S (NP-SBJ (PRP I)) (VP (VBP do) (RB n't) (VP (VB know) (ADVP (RB offhand)))) (-DFL- E_S)),142
sd,A,3047,396.93,"but/CC ,/,  [ uh/UH ] ,/,  [ it/PRP ] seemed/VBD like/IN  [ there/EX ] were/VBD quite/PDT  [ a/DT few/JJ ] --/:",3/sw3047,323,395.27,2,sw03utt/sw_0346_3047.utt,"{C but, }  {F uh, } it seemed like  there were quite a few --",199,"(S (CC but) (, ,) (INTJ (UH uh)) (, ,) (NP-SBJ (PRP it)) (VP (VBD seemed) (SBAR (IN like) (S (NP-SBJ (EX there)) (VP (VBD were) (NP-PRD (NP (PDT quite) (DT a) (JJ few) (NNS kids)) (SBAR (WHNP-1 (WDT that)) (S (NP-SBJ-2 (-NONE- *T*-1)) (VP (VBD were) (ADVP (RB definitely)) (ADJP-PRD (JJ interested) (PP (IN in) (S-NOM (NP-SBJ (-NONE- *-2)) (VP (VBG going) (ADVP (RB there)))))))))))))) (. .) (-DFL- E_S))",142
b,B,3047,397.57,[ Uh-huh/UH ] ./.,3/sw3047,302,397.43,1,sw03utt/sw_0346_3047.utt,Uh-huh. /,200,(INTJ (UH Uh-huh) (. .) (-DFL- E_S)),143
+,A,3047,401.01,--/:  [ kids/NNS ] [ that/WDT ] were/VBD definitely/RB interested/JJ in/IN going/VBG there/RB ./.,3/sw3047,323,397.61,1,sw03utt/sw_0346_3047.utt,-- kids that were definitely interested in  going there.  /,201,"(S (CC but) (, ,) (INTJ (UH uh)) (, ,) (NP-SBJ (PRP it)) (VP (VBD seemed) (SBAR (IN like) (S (NP-SBJ (EX there)) (VP (VBD were) (NP-PRD (NP (PDT quite) (DT a) (JJ few) (NNS kids)) (SBAR (WHNP-1 (WDT that)) (S (NP-SBJ-2 (-NONE- *T*-1)) (VP (VBD were) (ADVP (RB definitely)) (ADJP-PRD (JJ interested) (PP (IN in) (S-NOM (NP-SBJ (-NONE- *-2)) (VP (VBG going) (ADVP (RB there)))))))))))))) (. .) (-DFL- E_S))",144
sd,A,3047,401.27,"So/RB ,/, there/EX ,/,",3/sw3047,327,401.01,2,sw03utt/sw_0346_3047.utt,"<sigh> # {C So, } [ there, # +",202,"(S (RB So) (, ,) (EDITED (RM (-DFL- \[)) (NP-SBJ (EX there)) (, ,) (IP (-DFL- \+))) (NP-SBJ (EX There)) (RS (-DFL- \])) (VP (VBD was) (NP-PRD (NP (CD one) (NN mother)) (SBAR (WHNP-1 (WP who)) (, ,) (INTJ (UH uh)) (, ,) (S (NP-SBJ (-NONE- *T*-1)) (VP (VBD came) (ADVP (IN by)) (SBAR-TMP (ADVP (RB right)) (, ,) (RB even) (, ,) (IN before) (S (NP-SBJ (PRP we)) (VP (VBD started))))))) (, ,) (SBAR (EDITED (RM (-DFL- \[)) (WHNP (WP who)) (, ,) (IP (-DFL- \+))) (WHNP-2 (WP who)) (RS (-DFL- \])) (S (NP-SBJ-3 (-NONE- *T*-2)) (ADVP (RB obviously)) (VP (VBD was) (, ,) (INTJ (UH uh)) (, ,) (ADJP-PRD (RB very) (JJ interested) (PP (IN in) (S-NOM (NP-SBJ (-NONE- *-3)) (VP (VP (VBG getting) (EDITED (RM (-DFL- \[)) (NP-UNF (PRP$ her)) (, ,) (IP (-DFL- \+))) (NP (PRP$ her) (RS (-DFL- \])) (NN daughter)) (ADVP (RB in))) (EDITED (RM (-DFL- \[)) (CC or) (, ,) (IP (-DFL- \+))) (CC or) (RS (-DFL- \])) (VP (VBG having) (VP (VBN gotten) (NP (PRP$ her) (NN daughter)) (ADVP (RB in)))) (CC or) (NP-ETC (NN something))))))))))) (-DFL- E_S))",144
%,B,3047,0.0,"And/CC  [ that/DT ] ,/,",3/sw3047,329,0.0,1,sw03utt/sw_0346_3047.utt,"# {C And } that, # -/",203,"(S-UNF (CC And) (NP-SBJ (DT that)) (, ,) (-DFL- N_S))",145
+,A,3047,414.25,"[ There/EX ] was/VBD  [ one/CD ] [ mother/NN ] [ who/WP ] ,/,  [ uh/UH ] ,/, came/VBD by/IN  [ right/RB ] ,/, even/RB ,/, before/IN  [ we/PRP ] started/VBD ,/,  [ who/WP ] ,/,  [ who/WP ] obviously/RB was/VBD ,/,  [ uh/UH ] ,/, very/RB interested/JJ in/IN getting/VBG  [ her/PRP$ ] ,/,  [ her/PRP$ daughter/NN ] in/RB or/CC ,/, or/CC having/VBG gotten/VBN  [ her/PRP$ daughter/NN ] in/RB or/CC  [ something/NN ]",3/sw3047,327,401.43,1,sw03utt/sw_0346_3047.utt,"There ] was one mother who, {F uh, } came by right,  even, before we started, [ who, + who ] obviously was, {F uh, } very interested in getting [ her, + her ]  daughter in [ or, + or ] having gotten her daughter in or something  /",204,"(S (RB So) (, ,) (EDITED (RM (-DFL- \[)) (NP-SBJ (EX there)) (, ,) (IP (-DFL- \+))) (NP-SBJ (EX There)) (RS (-DFL- \])) (VP (VBD was) (NP-PRD (NP (CD one) (NN mother)) (SBAR (WHNP-1 (WP who)) (, ,) (INTJ (UH uh)) (, ,) (S (NP-SBJ (-NONE- *T*-1)) (VP (VBD came) (ADVP (IN by)) (SBAR-TMP (ADVP (RB right)) (, ,) (RB even) (, ,) (IN before) (S (NP-SBJ (PRP we)) (VP (VBD started))))))) (, ,) (SBAR (EDITED (RM (-DFL- \[)) (WHNP (WP who)) (, ,) (IP (-DFL- \+))) (WHNP-2 (WP who)) (RS (-DFL- \])) (S (NP-SBJ-3 (-NONE- *T*-2)) (ADVP (RB obviously)) (VP (VBD was) (, ,) (INTJ (UH uh)) (, ,) (ADJP-PRD (RB very) (JJ interested) (PP (IN in) (S-NOM (NP-SBJ (-NONE- *-3)) (VP (VP (VBG getting) (EDITED (RM (-DFL- \[)) (NP-UNF (PRP$ her)) (, ,) (IP (-DFL- \+))) (NP (PRP$ her) (RS (-DFL- \])) (NN daughter)) (ADVP (RB in))) (EDITED (RM (-DFL- \[)) (CC or) (, ,) (IP (-DFL- \+))) (CC or) (RS (-DFL- \])) (VP (VBG having) (VP (VBN gotten) (NP (PRP$ her) (NN daughter)) (ADVP (RB in)))) (CC or) (NP-ETC (NN something))))))))))) (-DFL- E_S))",146
sd,A,3047,416.15,and/CC  [ she/PRP ] was/VBD wanting/VBG  [ some/DT more/JJR information/NN ] ./.,3/sw3047,331,414.25,2,sw03utt/sw_0346_3047.utt,{C and } she was  wanting some more information.  /,205,(S (CC and) (NP-SBJ (PRP she)) (VP (VBD was) (VP (VBG wanting) (NP (DT some) (JJR more) (NN information)))) (. .) (-DFL- E_S)),146
sd,A,3047,422.89,"But/CC  [ she/PRP ] was/VBD ,/,  [ her/PRP$ ] ,/,  [ her/PRP$ daughter/NN ] was/VBD ,/,  [ uh/UH ] ,/,  [ a/DT ] ,/,  [ a/DT ] ,/,  [ ma-/NN ] ,/,  [ ma-/NN ] ,/,  [ dru-/NN ] ,/,  [ a/DT majorette/NN ] or/CC  [ something/NN ] ./.",3/sw3047,332,416.15,3,sw03utt/sw_0346_3047.utt,"{C But } [ she was, + [ her, + her ] daughter  was, ]  {F uh, }  [ [ [ a, +   a, ] +  [ [ ma-, +   ma-, ] +   dru-, ] a ] majorette or something. +",206,"(S (CC But) (EDITED (RM (-DFL- \[)) (S (NP-SBJ (PRP she)) (VP-UNF (VBD was))) (, ,) (IP (-DFL- \+))) (EDITED (RM (-DFL- \[)) (NP-SBJ-UNF (PRP$ her)) (, ,) (IP (-DFL- \+))) (NP-SBJ (PRP$ her) (RS (-DFL- \])) (NN daughter)) (VP (VBD was) (, ,) (RS (-DFL- \])) (INTJ (UH uh)) (, ,) (EDITED (RM (-DFL- \[)) (EDITED (EDITED (RM (-DFL- \[)) (EDITED (RM (-DFL- \[)) (NP-PRD-UNF (DT a)) (, ,) (IP (-DFL- \+))) (NP-PRD-UNF (DT a)) (, ,) (RS (-DFL- \])) (IP (-DFL- \+)) (EDITED (RM (-DFL- \[)) (EDITED (RM (-DFL- \[)) (NP-PRD-UNF (NN ma-)) (, ,) (IP (-DFL- \+))) (NP-PRD-UNF (NN ma-)) (, ,) (RS (-DFL- \])) (IP (-DFL- \+)))) (NP-PRD-UNF (NN dru-)) (, ,) (RS (-DFL- \]))) (NP-PRD (NP (DT a) (RS (-DFL- \])) (NN majorette)) (CC or) (NP (NN something))) (. .) (IP (-DFL- \+))) (PRN (S (NP-SBJ (PRP You)) (VP (VBP know))) (, ,)) (NP-PRD (NP (DT a) (NN baton) (NN twirler)) (CC or) (NP (NN something)))) (RS (-DFL- \])) (-DFL- E_S))",146
b,B,3047,423.05,[ Uh-huh/UH ] ./.,3/sw3047,310,422.85,1,sw03utt/sw_0346_3047.utt,Uh-huh. /,207,(INTJ (UH Uh-huh) (. .) (-DFL- E_S)),147
+,A,3047,424.42999999999995,"[ You/PRP ] know/VBP ,/,  [ a/DT baton/NN twirler/NN ] or/CC  [ something/NN ] --/:",3/sw3047,332,423.09,1,sw03utt/sw_0346_3047.utt,"{D You know, } a baton twirler or something ] -- /",208,"(S (CC But) (EDITED (RM (-DFL- \[)) (S (NP-SBJ (PRP she)) (VP-UNF (VBD was))) (, ,) (IP (-DFL- \+))) (EDITED (RM (-DFL- \[)) (NP-SBJ-UNF (PRP$ her)) (, ,) (IP (-DFL- \+))) (NP-SBJ (PRP$ her) (RS (-DFL- \])) (NN daughter)) (VP (VBD was) (, ,) (RS (-DFL- \])) (INTJ (UH uh)) (, ,) (EDITED (RM (-DFL- \[)) (EDITED (EDITED (RM (-DFL- \[)) (EDITED (RM (-DFL- \[)) (NP-PRD-UNF (DT a)) (, ,) (IP (-DFL- \+))) (NP-PRD-UNF (DT a)) (, ,) (RS (-DFL- \])) (IP (-DFL- \+)) (EDITED (RM (-DFL- \[)) (EDITED (RM (-DFL- \[)) (NP-PRD-UNF (NN ma-)) (, ,) (IP (-DFL- \+))) (NP-PRD-UNF (NN ma-)) (, ,) (RS (-DFL- \])) (IP (-DFL- \+)))) (NP-PRD-UNF (NN dru-)) (, ,) (RS (-DFL- \]))) (NP-PRD (NP (DT a) (RS (-DFL- \])) (NN majorette)) (CC or) (NP (NN something))) (. .) (IP (-DFL- \+))) (PRN (S (NP-SBJ (PRP You)) (VP (VBP know))) (, ,)) (NP-PRD (NP (DT a) (NN baton) (NN twirler)) (CC or) (NP (NN something)))) (RS (-DFL- \])) (-DFL- E_S))",148
b,B,3047,424.51,[ Uh-huh/UH ] ./.,3/sw3047,310,424.39,1,sw03utt/sw_0346_3047.utt,Uh-huh. /,209,(INTJ (UH Uh-huh) (. .) (-DFL- E_S)),149
sd,A,3047,430.03,"--/: and/CC  [ she/PRP ] was/VBD  [ she/PRP ] was/VBD ,/, letting/VBG  [ us/PRP ] know/VBP  [ she/PRP ] ,/,  [ MUMBLEx/XX ] how/WRB ,/, how/WRB  [ good/JJ her/PRP$ daughter/NN ] was/VBD ./.",3/sw3047,339,424.55,1,sw03utt/sw_0346_3047.utt,"-- {C and } [ she was + <laughter> she was, ] letting  us know [ she, + ] ((   ))  [ how, + how ] good her daughter was. /",210,"(S (CC and) (EDITED (RM (-DFL- \[)) (S (NP-SBJ (PRP she)) (VP-UNF (VBD was))) (IP (-DFL- \+))) (NP-SBJ (PRP she)) (VP (VBD was) (, ,) (RS (-DFL- \])) (VP (VBG letting) (S (NP-SBJ (PRP us)) (VP (VBP know) (EDITED (RM (-DFL- \[)) (NP (PRP she)) (, ,) (IP (-DFL- \+)) (RS (-DFL- \]))) (X (XX MUMBLEx)) (SBAR (EDITED (RM (-DFL- \[)) (WHADJP-UNF (WRB how)) (, ,) (IP (-DFL- \+))) (WHADJP-1 (WRB how) (RS (-DFL- \])) (JJ good)) (S (NP-SBJ (PRP$ her) (NN daughter)) (VP (VBD was) (ADJP-PRD (-NONE- *T*-1))))))))) (. .) (-DFL- E_S))",150
x,B,3047,0.0,./.,3/sw3047.pos,,0.0,1,sw03utt/sw_0346_3047.utt,<Laughter>.  -/,211,,151
sd,A,3047,432.27,"[ She/PRP ] had/VBD  [ cards/NNS ] printed/VBN up/RP ,/, actually/RB --/:",3/sw3047,342,430.39,1,sw03utt/sw_0346_3047.utt,"She had [ cards printed up, {D actually } --",212,"(S (NP-SBJ (PRP She)) (VP (VBD had) (EDITED (RM (-DFL- \[)) (NP (NP (NNS cards)) (VP (VP (VBN printed) (NP (-NONE- *)) (PRT (RP up))) (, ,) (VP-UNF (ADVP (RB actually)) (VBG describing))) (, ,)) (IP (-DFL- \+))) (PRN (S (NP-SBJ (PRP you)) (VP (VBP know))) (, ,)) (NP (NP (NN business) (NNS cards)) (VP (VBG describing) (RS (-DFL- \])) (NP-UNF (NP (PRP$ her) (NN daughter) (POS 's)) (, ,) (INTJ (UH uh)) (PRN (, ,) (S (NP-SBJ (PRP you)) (VP (VBP know)))))))) (, ,))",152
b,B,3047,432.65000000000003,"Oh/UH ,/, really/UH ./.",3/sw3047,345,432.23,1,sw03utt/sw_0346_3047.utt,"{F Oh, } really. /",213,"(INTJ (INTJ (UH Oh)) (, ,) (INTJ (UH really)) (. .) (-DFL- E_S))",153
+,A,3047,438.78,"--/: describing/VBG ,/,  [ you/PRP ] know/VBP ,/,  [ business/NN cards/NNS ] describing/VBG  [ her/PRP$ daughter/NN ] 's/POS ,/,  [ uh/UH ] ,/,  [ you/PRP ] know/VBP ,/,  [ she/PRP ] had/VBD won/VBN  [ several/JJ different/JJ twirling/NN awards/NNS ] ,/, and/CC  [ all/PDT this/DT ] ,/,",3/sw3047,342|||343,432.69,1,sw03utt/sw_0346_3047.utt,"-- describing, +  {D you know, }  business cards describing ] her daughter's, {F uh, } {D you know, }   she had won several different twirling awards, and all # this, # /",214,"(S (NP-SBJ (PRP She)) (VP (VBD had) (EDITED (RM (-DFL- \[)) (NP (NP (NNS cards)) (VP (VP (VBN printed) (NP (-NONE- *)) (PRT (RP up))) (, ,) (VP-UNF (ADVP (RB actually)) (VBG describing))) (, ,)) (IP (-DFL- \+))) (PRN (S (NP-SBJ (PRP you)) (VP (VBP know))) (, ,)) (NP (NP (NN business) (NNS cards)) (VP (VBG describing) (RS (-DFL- \])) (NP-UNF (NP (PRP$ her) (NN daughter) (POS 's)) (, ,) (INTJ (UH uh)) (PRN (, ,) (S (NP-SBJ (PRP you)) (VP (VBP know)))))))) (, ,))|||(S (NP-SBJ (PRP she)) (VP (VBD had) (VP (VP (VBN won) (NP (JJ several) (JJ different) (NN twirling) (NNS awards))) (, ,) (CC and) (NP-ETC (PDT all) (DT this)))) (, ,) (-DFL- E_S))",154
b,B,3047,0.0,[ Uh-huh/UH ] ./.,3/sw3047,325,0.0,1,sw03utt/sw_0346_3047.utt,# Uh-huh. # /,215,(INTJ (UH Uh-huh) (. .) (-DFL- E_S)),155
sd,A,3047,440.92,"and/CC  [ she/PRP ] was/VBD ,/, had/VBD  [ these/DT business/NN cards/NNS ] [ she/PRP ] was/VBD passing/VBG out/RP",3/sw3047,350,438.78,1,sw03utt/sw_0346_3047.utt,"{C and } she [ was, + had ] these business cards  she was passing out  /",216,"(S (CC and) (NP-SBJ (PRP she)) (EDITED (RM (-DFL- \[)) (VP-UNF (VBD was)) (, ,) (IP (-DFL- \+))) (VP (VBD had) (RS (-DFL- \])) (NP (NP (DT these) (NN business) (NNS cards)) (SBAR (WHNP-1 (-NONE- 0)) (S (NP-SBJ (PRP she)) (VP (VBD was) (VP (VBG passing) (NP (-NONE- *T*-1)) (PRT (RP out)))))))) (-DFL- E_S))",156
sd,A,3047,442.64000000000004,and/CC  [ it/PRP ] was/VBD quite/PDT  [ a/DT production/NN ] ./.,3/sw3047,351,440.92,2,sw03utt/sw_0346_3047.utt,{C and } it was <sigh> quite a production.  /,217,(S (CC and) (NP-SBJ (PRP it)) (VP (VBD was) (NP-PRD (PDT quite) (DT a) (NN production))) (. .) (-DFL- E_S)),156
sv,A,3047,445.1,[ I/PRP ] think/VBP  [ some/DT parents/NNS ] go/VBP  [ a/DT little/JJ bit/NN ] overboard/RB ./.,3/sw3047,352,442.64,3,sw03utt/sw_0346_3047.utt,<laughter> I think some parents go a little bit overboard. /,218,(S (NP-SBJ (PRP I)) (VP (VBP think) (SBAR (-NONE- 0) (S (NP-SBJ (DT some) (NNS parents)) (VP (VBP go) (ADJP-PRD (NP-ADV (DT a) (JJ little) (NN bit)) (RB overboard)))))) (. .) (-DFL- E_S)),156
aa,B,3047,,Yeah/UH,3/sw3047,354,,1,sw03utt/sw_0346_3047.utt,Yeah  /,219,(INTJ (UH Yeah) (-DFL- E_S)),157
aa,B,3047,,[ it/PRP ] sounds/VBZ like/IN  [ it/PRP ] ./.,3/sw3047,355,,2,sw03utt/sw_0346_3047.utt,it sounds like it. /,220,(S (NP-SBJ (PRP it)) (VP (VBZ sounds) (PP (IN like) (NP (PRP it)))) (. .) (-DFL- E_S)),157
b,A,3047,,Yes/UH ./.,3/sw3047,357,,1,sw03utt/sw_0346_3047.utt,<breathing> Yes. <exhaling> /,221,(INTJ (UH Yes) (. .) (-DFL- E_S)),158
sv,B,3047,,Well/UH  [ you/PRP ] know/VBP  [ I/PRP ] think/VBP  [ Richardson/NNP ] is/VBZ probably/RB  [ you/PRP ] know/VBP  [ one/CD ] of/IN  [ the/DT places/NNS ] [ that/WDT ] would/MD definitely/RB,3/sw3047,359,,1,sw03utt/sw_0346_3047.utt,{D Well } {D you know } I think Richardson is probably  {D you know } one of the places that would definitely -/,222,(S (INTJ (UH Well)) (PRN (S (NP-SBJ (PRP you)) (VP (VBP know)))) (NP-SBJ (PRP I)) (VP (VBP think) (SBAR (-NONE- 0) (S (NP-SBJ (NNP Richardson)) (VP (VBZ is) (ADVP (RB probably)) (PRN (S (NP-SBJ (PRP you)) (VP (VBP know)))) (NP-PRD (NP (CD one)) (PP (IN of) (NP (NP (DT the) (NNS places)) (SBAR (WHNP-1 (WDT that)) (S (NP-SBJ (-NONE- *T*-1)) (VP-UNF (MD would) (ADVP (RB definitely)))))))))))) (-DFL- N_S)),159
