swda_filename,ptb_basename,conversation_no,transcript_index,act_tag,caller,utterance_index,subutterance_index,text,pos,trees,ptb_treenumbers,start_ts,end_ts
sw01utt/sw_0178_3038.utt,3/sw3038,3038,0,o,A,1,1,Okay. /,Okay/UH ./.,(INTJ (UH Okay) (. .) (-DFL- E_S)),1,1.68,1.9
sw01utt/sw_0178_3038.utt,3/sw3038,3038,1,b,B,2,1,Okay. /,Okay/UH ./.,(INTJ (UH Okay) (. .) (-DFL- E_S)),1,1.79,1.95
sw01utt/sw_0178_3038.utt,3/sw3038,3038,2,ad,A,3,1,{D So } tell me about CHINA CRY. /,So/UH tell/VB  [ me/PRP ] about/IN  [ CHINA/NNP CRY/NN ] ./.,(S-IMP (INTJ (UH So)) (NP-SBJ (-NONE- *)) (VP (VB tell) (NP (PRP me)) (PP (IN about) (NP-TTL (NNP CHINA) (NN CRY)))) (. .) (-DFL- E_S)),5,2.06,3.38
sw01utt/sw_0178_3038.utt,3/sw3038,3038,3,aa,B,4,1,"Okay,  /","[ Okay/UH ] ,/,","(INTJ (UH Okay) (, ,) (-DFL- E_S))",7,3.41,3.6900000000000004
sw01utt/sw_0178_3038.utt,3/sw3038,3038,4,sd,B,4,2,"CHINA CRY was basically [ the, +   the ] true story written by [ this, +  this ] lady who [ had, + {F uh, } <lipsmack> was ]  [ a native, +  a native ] Chinese, {F uh, } {F uh, } who was raised by Christian parents. /","[ CHINA/NNP CRY/NN ] was/VBD basically/RB  [ the/DT ] ,/,  [ the/DT true/JJ story/NN ] written/VBN by/IN  [ this/DT ] ,/,  [ this/DT lady/NN ] [ who/WP ] had/VBD ,/,  [ uh/UH ] ,/, was/VBD  [ a/DT native/JJ ] ,/,  [ a/DT native/JJ Chinese/NNP ] ,/,  [ uh/UH ] ,/,  [ uh/UH ] ,/,  [ who/WP ] was/VBD raised/VBN by/IN  [ Christian/NNP parents/NNS ] ./.","(S (NP-TTL-SBJ (NNP CHINA) (NN CRY)) (VP (VBD was) (ADVP (RB basically)) (EDITED (RM (-DFL- \[)) (NP-PRD-UNF (DT the)) (, ,) (IP (-DFL- \+))) (NP-PRD (NP (DT the) (RS (-DFL- \])) (JJ true) (NN story)) (VP (VBN written) (NP (-NONE- *)) (PP (IN by) (EDITED (RM (-DFL- \[)) (NP-LGS-UNF (DT this)) (, ,) (IP (-DFL- \+))) (NP-LGS (NP (DT this) (RS (-DFL- \])) (NN lady)) (SBAR (WHNP-3 (WP who)) (S (NP-SBJ (-NONE- *T*-3)) (EDITED (RM (-DFL- \[)) (VP-UNF (VBD had)) (, ,) (IP (-DFL- \+))) (INTJ (UH uh)) (, ,) (VP (VBD was) (RS (-DFL- \])) (EDITED (RM (-DFL- \[)) (NP-PRD-UNF (DT a) (JJ native)) (, ,) (IP (-DFL- \+))) (NP-PRD (NP (DT a) (JJ native) (RS (-DFL- \])) (NNP Chinese)) (, ,) (INTJ (UH uh)) (, ,) (INTJ (UH uh)) (, ,) (SBAR (WHNP-4 (WP who)) (S (NP-SBJ-5 (-NONE- *T*-4)) (VP (VBD was) (VP (VBN raised) (NP (-NONE- *-5)) (PP (IN by) (NP-LGS (NNP Christian) (NNS parents)))))))))))))))) (. .) (-DFL- E_S))",8,3.69,17.93
sw01utt/sw_0178_3038.utt,3/sw3038,3038,5,b,A,5,1,Uh-huh. /,[ Uh-huh/UH ] ./.,(INTJ (UH Uh-huh) (. .) (-DFL- E_S)),10,18.24,18.459999999999997
sw01utt/sw_0178_3038.utt,3/sw3038,3038,6,sd,B,6,1,"{C And } [ her, + her ] time frame  was prior to the nineteen forty-nine revolution. /","And/CC  [ her/PRP$ ] ,/,  [ her/PRP$ time/NN frame/NN ] was/VBD prior/IN to/IN  [ the/DT nineteen/CD forty-nine/CD revolution/NN ] ./.","(S (CC And) (EDITED (RM (-DFL- \[)) (NP-SBJ-UNF (PRP$ her)) (, ,) (IP (-DFL- \+))) (NP-SBJ (PRP$ her) (RS (-DFL- \])) (NN time) (NN frame)) (VP (VBD was) (PP-TMP-PRD (IN prior) (PP (IN to) (NP (DT the) (CD nineteen) (CD forty-nine) (NN revolution))))) (. .) (-DFL- E_S))",12,18.79,23.49
sw01utt/sw_0178_3038.utt,3/sw3038,3038,7,bk,A,7,1,I see. /,[ I/PRP ] see/VBP ./.,(S (NP-SBJ (PRP I)) (VP (VBP see)) (. .) (-DFL- E_S)),14,24.34,24.66
sw01utt/sw_0178_3038.utt,3/sw3038,3038,8,sd,B,8,1,"Although she, herself, had never really  accepted Jesus or gone through any of the other, {F uh, } Christian, {F uh, }  portions [ of, +  of ] the faith, repentance, baptisms, et cetera, et cetera.    She had always felt a very strong, {F uh, } leaning in this direction.  /","Although/IN  [ she/PRP ] ,/,  [ herself/PRP ] ,/, had/VBD never/RB really/RB accepted/VBN  [ Jesus/NNP ] or/CC gone/VBN through/IN  [ any/DT ] of/IN  [ the/DT other/JJ ] ,/,  [ uh/UH ] ,/,  [ Christian/JJ ] ,/,  [ uh/UH ] ,/,  [ portions/NNS ] of/IN ,/, of/IN  [ the/DT faith/NN ] ,/,  [ repentance/NN ] ,/,  [ baptisms/NNS ] ,/, et/FW  [ cetera/FW ] ,/, et/FW  [ cetera/FW ] ./.  [ She/PRP ] had/VBD always/RB felt/VBN  [ a/DT very/RB strong/JJ ] ,/,  [ uh/UH ] ,/, leaning/VBG in/IN  [ this/DT direction/NN ] ./.","(S (SBAR-ADV (IN Although) (S (NP-SBJ (NP (PRP she)) (, ,) (NP (PRP herself))) (, ,) (VP (VBD had) (ADVP-TMP (RB never)) (ADVP (RB really)) (VP (VP (VBN accepted) (NP (NNP Jesus))) (CC or) (VP (VBN gone) (PP (IN through) (NP (NP (NP (DT any)) (PP (IN of) (NP (NP (DT the) (JJ other) (, ,) (INTJ (UH uh)) (, ,) (JJ Christian) (, ,) (INTJ (UH uh)) (, ,) (NNS portions)) (EDITED (RM (-DFL- \[)) (PP-UNF (IN of)) (, ,) (IP (-DFL- \+))) (PP (IN of) (RS (-DFL- \])) (NP (DT the) (NN faith)))))) (, ,) (NP (NN repentance)) (, ,) (NP (NNS baptisms)) (, ,) (NP (FW et) (FW cetera)) (, ,) (NP (FW et) (FW cetera))))))))) (. .) (NP-SBJ (PRP She)) (VP (VBD had) (ADVP-TMP (RB always)) (VP (VBN felt) (NP-PRD (NP (DT a) (ADJP (RB very) (JJ strong)) (, ,) (INTJ (UH uh)) (, ,) (VBG leaning)) (PP (IN in) (NP (DT this) (NN direction)))))) (. .) (-DFL- E_S))",16,24.55,45.01
sw01utt/sw_0178_3038.utt,3/sw3038,3038,9,sd,B,8,2,"{C And } whenever the cultural revolution of nineteen forty-nine occurred and most churches were either  banned or [ their, + all the ] clergy and so forth were killed [ or, +  or ]  imprisoned [ or, +  and ] the property confiscated, she was safe because she had,  {D you know, } not officially joined [ the, +  the ] Christian movement. /","And/CC whenever/WRB  [ the/DT cultural/JJ revolution/NN ] of/IN  [ nineteen/CD forty-nine/CD ] occurred/VBD and/CC  [ most/JJS churches/NNS ] were/VBD  [ either/CC ] banned/VBN or/CC  [ their/PRP$ ] ,/,  [ all/PDT the/DT clergy/NN ] and/CC so/RB forth/RB were/VBD killed/VBN  or/CC ,/, or/CC imprisoned/VBN or/CC ,/, and/CC  [ the/DT property/NN ] confiscated/VBN ,/,  [ she/PRP ] was/VBD safe/JJ because/IN  [ she/PRP ] had/VBD ,/,  [ you/PRP ] know/VBP ,/, not/RB officially/RB joined/VBD  [ the/DT ] ,/,  [ the/DT Christian/JJ movement/NN ] ./.","(S (CC And) (SBAR-TMP (WHADVP-1 (WRB whenever)) (S (S (NP-SBJ (NP (DT the) (JJ cultural) (NN revolution)) (PP (IN of) (NP (CD nineteen) (CD forty-nine)))) (VP (VBD occurred) (ADVP-TMP (-NONE- *T*-1)))) (CC and) (S (NP-SBJ-2 (JJS most) (NNS churches)) (VP (VBD were) (ADVP (CC either)) (VP (VBN banned) (NP (-NONE- *-2))))) (CC or) (S (EDITED (RM (-DFL- \[)) (NP-SBJ-UNF (PRP$ their)) (, ,) (IP (-DFL- \+))) (NP-SBJ-3 (NP (PDT all) (DT the) (RS (-DFL- \])) (NN clergy)) (CC and) (ADVP-ETC (RB so) (RB forth))) (VP (VBD were) (VP (VP (VBN killed) (NP (-NONE- *-3))) (EDITED (RM (-DFL- \[)) (CC or) (, ,) (IP (-DFL- \+))) (CC or) (RS (-DFL- \])) (VP (VBN imprisoned) (NP (-NONE- *-3)))))) (EDITED (RM (-DFL- \[)) (CC or) (, ,) (IP (-DFL- \+))) (CC and) (RS (-DFL- \])) (S (NP-SBJ-4 (DT the) (NN property)) (VP (VBN confiscated) (NP (-NONE- *-4)))))) (, ,) (NP-SBJ (PRP she)) (VP (VBD was) (ADJP-PRD (JJ safe)) (SBAR-PRP (IN because) (S (NP-SBJ (PRP she)) (VP (VBD had) (PRN (, ,) (S (NP-SBJ (PRP you)) (VP (VBP know))) (, ,)) (RB not) (ADVP (RB officially)) (VP (VBD joined) (EDITED (RM (-DFL- \[)) (NP-UNF (DT the)) (, ,) (IP (-DFL- \+))) (NP (DT the) (RS (-DFL- \])) (JJ Christian) (NN movement))))))) (. .) (-DFL- E_S))",17,45.83,65.17
sw01utt/sw_0178_3038.utt,3/sw3038,3038,10,b,A,9,1,Uh-huh. /,[ Uh-huh/UH ] ./.,(INTJ (UH Uh-huh) (. .) (-DFL- E_S)),10,67.06,67.4
sw01utt/sw_0178_3038.utt,3/sw3038,3038,11,sd,B,10,1,"<Breathing> {D So } <lipsmack>, {D anyway, } [ she, +   as she ] grew up towards maturity,  her parents, {D well, } - /","So/UH ,/, anyway/UH ,/,  [ she/PRP ] ,/, as/IN  [ she/PRP ] grew/VBD up/RP towards/IN  [ maturity/NN ] ,/,  [ her/PRP$ parents/NNS ] ,/, well/UH ,/,","(S-UNF (INTJ (UH So)) (, ,) (INTJ (UH anyway)) (, ,) (EDITED (RM (-DFL- \[)) (NP-SBJ (PRP she)) (, ,) (IP (-DFL- \+))) (SBAR-ADV (IN as) (S (NP-SBJ (PRP she)) (RS (-DFL- \])) (VP (VBD grew) (PRT (RP up)) (PP (IN towards) (NP (NN maturity)))))) (, ,) (NP-SBJ (PRP$ her) (NNS parents)) (, ,))|||(S (INTJ (UH well)) (, ,) (-DFL- N_S) (NP-SBJ (PRP$ her) (NN dad)) (VP (VBD was) (NP-PRD (DT a) (NN doctor))) (-DFL- E_S))",21|||22,67.63,74.09
sw01utt/sw_0178_3038.utt,3/sw3038,3038,12,sd,B,10,2,her dad was a doctor  /,[ her/PRP$ dad/NN ] was/VBD  [ a/DT doctor/NN ],"(S (INTJ (UH well)) (, ,) (-DFL- N_S) (NP-SBJ (PRP$ her) (NN dad)) (VP (VBD was) (NP-PRD (DT a) (NN doctor))) (-DFL- E_S))",22,74.09,75.21000000000001
sw01utt/sw_0178_3038.utt,3/sw3038,3038,13,sd,B,10,3,"[ {C and, } + {C and } ] he was [ rather +  {D well, } {D you know, } rather ] well to do in the old regime  /","and/CC ,/, and/CC  [ he/PRP ] was/VBD rather/RB well/UH ,/,  [ you/PRP ] know/VBP ,/, rather/RB well/UH to/TO do/VB in/IN  [ the/DT old/JJ regime/NN ]","(S (EDITED (RM (-DFL- \[)) (CC and) (, ,) (IP (-DFL- \+))) (CC and) (RS (-DFL- \])) (NP-SBJ-1 (PRP he)) (VP (VBD was) (EDITED (RM (-DFL- \[)) (ADJP-PRD-UNF (RB rather)) (IP (-DFL- \+))) (INTJ (UH well)) (PRN (, ,) (S (NP-SBJ (PRP you)) (VP (VBP know))) (, ,)) (ADJP-PRD (RB rather) (RS (-DFL- \])) (UH well) (S (NP-SBJ (-NONE- *-1)) (VP (TO to) (VP (VB do))))) (PP (IN in) (NP (DT the) (JJ old) (NN regime)))) (-DFL- E_S))",23,75.25,79.08
sw01utt/sw_0178_3038.utt,3/sw3038,3038,14,sd,B,10,4,"{C and } [ [ [ the, + the Chin-, ] +  the commu-, ] + the communist Chinese ] didn't like this at all.  /","and/CC  [ the/DT ] ,/,  [ the/DT Chin-/NNP ] ,/,  [ the/DT commu-/NN ] ,/,  [ the/DT communist/NN Chinese/NNP ] did/VBD n't/RB like/IN  [ this/DT ] at/IN  [ all/DT ] ./.","(S (CC and) (EDITED (RM (-DFL- \[)) (EDITED (RM (-DFL- \[)) (EDITED (RM (-DFL- \[)) (NP-SBJ-UNF (DT the)) (, ,) (IP (-DFL- \+))) (NP-SBJ-UNF (DT the) (NNP Chin-)) (, ,) (RS (-DFL- \])) (IP (-DFL- \+))) (NP-SBJ-UNF (DT the) (NN commu-)) (, ,) (RS (-DFL- \])) (IP (-DFL- \+))) (NP-SBJ (DT the) (NN communist) (NNP Chinese)) (RS (-DFL- \])) (VP (VBD did) (RB n't) (PP (IN like) (NP (DT this)) (ADVP (IN at) (DT all)))) (. .) (-DFL- E_S))",24,79.7,83.75999999999999
sw01utt/sw_0178_3038.utt,3/sw3038,3038,15,sd,B,10,5,"{D You know, } the bourgeoisie   [ [ was, + was, ] + was  ] [ definitely + ] out of, {F uh, } style, then. /","[ You/PRP ] know/VBP ,/,  [ the/DT bourgeoisie/NN ] was/VBD ,/, was/VBD ,/, was/VBD definitely/RB out/IN of/IN ,/,  [ uh/UH ] ,/,  [ style/NN ] ,/, then/RB ./.","(S (PRN (S (NP-SBJ (PRP You)) (VP (VBP know))) (, ,)) (NP-SBJ (DT the) (NN bourgeoisie)) (EDITED (RM (-DFL- \[)) (EDITED (RM (-DFL- \[)) (VP-UNF (VBD was)) (, ,) (IP (-DFL- \+))) (VP-UNF (VBD was)) (, ,) (RS (-DFL- \])) (IP (-DFL- \+))) (VP (VBD was) (RS (-DFL- \])) (RM (-DFL- \[)) (ADVP (RB definitely)) (IP (-DFL- \+)) (RS (-DFL- \])) (PP-PRD (IN out) (PP (IN of) (, ,) (INTJ (UH uh)) (, ,) (NP (NN style)))) (, ,) (ADVP-TMP (RB then))) (. .) (-DFL- E_S))",25,84.44,88.27999999999999
sw01utt/sw_0178_3038.utt,3/sw3038,3038,16,b,A,11,1,Right. /,[ Right/UH ] ./.,(INTJ (UH Right) (. .) (-DFL- E_S)),27,88.48,88.86
sw01utt/sw_0178_3038.utt,3/sw3038,3038,17,sd,B,12,1,Everybody was back to a commonality of one.  /,[ Everybody/NN ] was/VBD back/RB to/IN  [ a/DT commonality/NN ] of/IN  [ one/CD ] ./.,(S (NP-SBJ (NN Everybody)) (VP (VBD was) (PP-PRD (ADVP (RB back)) (IN to) (NP (NP (DT a) (NN commonality)) (PP (IN of) (NP (CD one)))))) (. .) (-DFL- E_S)),29,89.08,91.62
sw01utt/sw_0178_3038.utt,3/sw3038,3038,18,sd,B,12,2,"{C And so } they kept picking at him, picking [ at his, + at her ] mother and, {F uh, } finally, {F uh, } started picking on her.","And/CC so/RB  [ they/PRP ] kept/VBD picking/VBG at/IN  [ him/PRP ] ,/, picking/VBG at/IN  [ his/PRP$ ] ,/, at/IN  [ her/PRP$ mother/NN ] and/CC ,/,  [ uh/UH ] ,/, finally/RB ,/,  [ uh/UH ] ,/, started/VBD picking/VBG on/IN  [ her/PRP ] ./.","(S (CONJP (CC And) (RB so)) (NP-SBJ-1 (PRP they)) (VP (VP (VBD kept) (S (NP-SBJ (-NONE- *-1)) (VP (VP (VBG picking) (PP (IN at) (NP (PRP him)))) (, ,) (VP (VBG picking) (EDITED (RM (-DFL- \[)) (PP (IN at) (NP-UNF (PRP$ his))) (, ,) (IP (-DFL- \+))) (PP (IN at) (NP (PRP$ her) (RS (-DFL- \])) (NN mother))))))) (CC and) (, ,) (INTJ (UH uh)) (, ,) (ADVP-TMP (RB finally)) (, ,) (INTJ (UH uh)) (, ,) (VP (VBD started) (S (NP-SBJ (-NONE- *-1)) (VP (VP (VBG picking) (PP (IN on) (NP (PRP her)))) (. .) (CC And) (VP (VBG getting) (S (NP-SBJ (PRP her)) (VP-UNF (TO to) (PRN (, ,) (S (NP-SBJ (PRP you)) (VP (VBP know))))))))))) (, ,) (-DFL- N_S))",30,92.72,100.88
sw01utt/sw_0178_3038.utt,3/sw3038,3038,19,b,A,13,1,Uh-huh. /,[ Uh-huh/UH ] ./.,(INTJ (UH Uh-huh) (. .) (-DFL- E_S)),10,101.0,101.26
sw01utt/sw_0178_3038.utt,3/sw3038,3038,20,+,B,14,1,"And getting her to, {D you know, } - /","And/CC getting/VBG  [ her/PRP ] to/TO ,/,  [ you/PRP ] know/VBP ,/,","(S (CONJP (CC And) (RB so)) (NP-SBJ-1 (PRP they)) (VP (VP (VBD kept) (S (NP-SBJ (-NONE- *-1)) (VP (VP (VBG picking) (PP (IN at) (NP (PRP him)))) (, ,) (VP (VBG picking) (EDITED (RM (-DFL- \[)) (PP (IN at) (NP-UNF (PRP$ his))) (, ,) (IP (-DFL- \+))) (PP (IN at) (NP (PRP$ her) (RS (-DFL- \])) (NN mother))))))) (CC and) (, ,) (INTJ (UH uh)) (, ,) (ADVP-TMP (RB finally)) (, ,) (INTJ (UH uh)) (, ,) (VP (VBD started) (S (NP-SBJ (-NONE- *-1)) (VP (VP (VBG picking) (PP (IN on) (NP (PRP her)))) (. .) (CC And) (VP (VBG getting) (S (NP-SBJ (PRP her)) (VP-UNF (TO to) (PRN (, ,) (S (NP-SBJ (PRP you)) (VP (VBP know))))))))))) (, ,) (-DFL- N_S))",30,101.9,103.48
sw01utt/sw_0178_3038.utt,3/sw3038,3038,21,sd,B,14,2,"they were starting to, {F uh, } accuse her [ [ of, + of, ] + of, ] {F uh, } crimes and atrocities before [ the, + the ] revolution [ and, + and ] had her write her own story over and over and over.  /","[ they/PRP ] were/VBD starting/VBG to/TO ,/,  [ uh/UH ] ,/, accuse/VB  [ her/PRP ] of/IN ,/, of/IN ,/, of/IN ,/,  [ uh/UH ] ,/,  [ crimes/NNS ] and/CC  [ atrocities/NNS ] before/IN  [ the/DT ] ,/,  [ the/DT revolution/NN ] and/CC ,/, and/CC had/VBD  [ her/PRP ] write/VB  [ her/PRP$ own/JJ story/NN ] over/RP and/CC over/RP and/CC over/RP ./.","(S (NP-SBJ-1 (PRP they)) (VP (VP (VBD were) (VP (VBG starting) (S (NP-SBJ (-NONE- *-1)) (VP (TO to) (, ,) (INTJ (UH uh)) (, ,) (VP (VB accuse) (NP (PRP her)) (EDITED (RM (-DFL- \[)) (EDITED (RM (-DFL- \[)) (PP-UNF (IN of)) (, ,) (IP (-DFL- \+))) (PP-UNF (IN of)) (, ,) (RS (-DFL- \])) (IP (-DFL- \+))) (PP (IN of) (, ,) (RS (-DFL- \])) (INTJ (UH uh)) (, ,) (NP (NP (NNS crimes) (CC and) (NNS atrocities)) (PP-TMP (IN before) (EDITED (RM (-DFL- \[)) (NP-UNF (DT the)) (, ,) (IP (-DFL- \+))) (NP (DT the) (RS (-DFL- \])) (NN revolution)))))))))) (EDITED (RM (-DFL- \[)) (CC and) (, ,) (IP (-DFL- \+))) (CC and) (RS (-DFL- \])) (VP (VBD had) (S (NP-SBJ (PRP her)) (VP (VB write) (NP (PRP$ her) (JJ own) (NN story)) (ADVP (RP over) (CC and) (RP over) (CC and) (RP over)))))) (. .) (-DFL- E_S))",34,103.48,115.2
sw01utt/sw_0178_3038.utt,3/sw3038,3038,22,sd,B,14,3,"{F Uh, } <breathing> {C and } [ the, + {F uh, } the ] major point of the movie was [ that, + that ] she had, {F uh, } married [ this, + this ] Chinese fellow and was with child when they started this mass court.  /","[ Uh/UH ] ,/, and/CC  [ the/DT ] ,/,  [ uh/UH ] ,/,  [ the/DT major/JJ point/NN ] of/IN  [ the/DT movie/NN ] was/VBD that/IN ,/, that/IN  [ she/PRP ] had/VBD ,/,  [ uh/UH ] ,/, married/VBN  [ this/DT ] ,/,  [ this/DT Chinese/JJ fellow/NN ] and/CC was/VBD with/IN  [ child/NN ] when/WRB  [ they/PRP ] started/VBD  [ this/DT mass/NN court/NN ] ./.","(S (INTJ (UH Uh)) (, ,) (CC and) (EDITED (RM (-DFL- \[)) (NP-SBJ-UNF (DT the)) (, ,) (IP (-DFL- \+))) (INTJ (UH uh)) (, ,) (NP-SBJ (NP (DT the) (RS (-DFL- \])) (JJ major) (NN point)) (PP (IN of) (NP (DT the) (NN movie)))) (VP (VBD was) (SBAR-PRD (EDITED (RM (-DFL- \[)) (SBAR-UNF (IN that)) (, ,) (IP (-DFL- \+))) (IN that) (RS (-DFL- \])) (S (NP-SBJ (PRP she)) (VP (VP (VBD had) (, ,) (INTJ (UH uh)) (, ,) (VP (VBN married) (EDITED (RM (-DFL- \[)) (NP-UNF (DT this)) (, ,) (IP (-DFL- \+))) (NP (DT this) (RS (-DFL- \])) (JJ Chinese) (NN fellow)))) (CC and) (VP (VBD was) (PP-PRD (IN with) (NP (NN child)))) (SBAR-TMP (WHADVP-1 (WRB when)) (S (NP-SBJ (PRP they)) (VP (VBD started) (NP (DT this) (NN mass) (NN court)) (ADVP-TMP (-NONE- *T*-1))))))))) (. .) (-DFL- E_S))",35,116.16,127.96
sw01utt/sw_0178_3038.utt,3/sw3038,3038,23,sd,B,14,4,"{D Now, } I think I'm leaving out a portion.  /","Now/RB ,/,  [ I/PRP ] think/VBP  [ I/PRP ] 'm/VBP leaving/VBG out/RP  [ a/DT portion/NN ] ./.","(S (INTJ (RB Now)) (, ,) (NP-SBJ (PRP I)) (VP (VBP think) (SBAR (-NONE- 0) (S (NP-SBJ (PRP I)) (VP (VBP 'm) (VP (VBG leaving) (PRT (RP out)) (NP (DT a) (NN portion))))))) (. .) (-DFL- E_S))",36,128.06,130.0
sw01utt/sw_0178_3038.utt,3/sw3038,3038,24,sd,B,14,5,"[ She gr-, + she went ] through college and graduated very high up in her class and had, {F uh, } gotten a job [ as, + as ] an instructor  /","[ She/PRP ] [ gr/VBD ] ,/,  [ she/PRP ] went/VBD through/IN  [ college/NN ] and/CC graduated/VBD very/RB high/JJ up/IN in/IN  [ her/PRP$ class/NN ] and/CC had/VBD ,/,  [ uh/UH ] ,/, gotten/VBN  [ a/DT job/NN ] as/IN ,/, as/IN  [ an/DT instructor/NN ]","(S (EDITED (RM (-DFL- \[)) (S (NP-SBJ (PRP She)) (VP-UNF (VBD gr-))) (, ,) (IP (-DFL- \+))) (NP-SBJ-1 (PRP she)) (VP (VP (VBD went) (RS (-DFL- \])) (PP (IN through) (NP (NN college)))) (CC and) (VP (VBD graduated) (S-ADV (NP-SBJ (-NONE- *-1)) (ADJP-PRD (RB very) (JJ high) (IN up) (PP (IN in) (NP (PRP$ her) (NN class)))))) (CC and) (VP (VBD had) (, ,) (INTJ (UH uh)) (, ,) (VP (VBN gotten) (NP (DT a) (NN job)) (EDITED (RM (-DFL- \[)) (PP-UNF (IN as)) (, ,) (IP (-DFL- \+))) (PP (IN as) (RS (-DFL- \])) (NP (DT an) (NN instructor)))))) (-DFL- E_S))",37,130.04,138.04
sw01utt/sw_0178_3038.utt,3/sw3038,3038,25,sd,B,14,6,"{C and } they [ had her teaching, + {E or } were starting to have her teach ] history for the soldiers.","and/CC  [ they/PRP ] had/VBD  [ her/PRP ] teaching/VBG ,/, or/CC were/VBD starting/VBG to/TO have/VB  [ her/PRP ] teach/VB  [ history/NN ] for/IN  [ the/DT soldiers/NNS ] ./.","(S (CC and) (NP-SBJ-1 (PRP they)) (EDITED (RM (-DFL- \[)) (VP (VBD had) (S (NP-SBJ (PRP her)) (VP-UNF (VBG teaching)))) (, ,) (IP (-DFL- \+)) (CC or)) (VP (VBD were) (VP (VBG starting) (S (NP-SBJ (-NONE- *-1)) (VP (TO to) (VP (VB have) (S (NP-SBJ (PRP her)) (VP (VB teach) (RS (-DFL- \])) (NP (NN history)) (PP (IN for) (NP (DT the) (NNS soldiers)))))))) (. .) (SBAR-TMP (WHADVP-4 (WRB When)) (S (EDITED (RM (-DFL- \[)) (NP-SBJ-UNF (DT the)) (, ,) (IP (-DFL- \+))) (NP-SBJ (PRP they)) (RS (-DFL- \])) (VP (VBD decided) (SBAR (EDITED (RM (-DFL- \[)) (SBAR-UNF (IN that)) (, ,) (IP (-DFL- \+))) (IN that) (RS (-DFL- \])) (S (NP-SBJ-2 (PRP she)) (VP (VBD needed) (S (NP-SBJ-3 (-NONE- *-2)) (VP (TO to) (VP (VB start) (S (NP-SBJ (-NONE- *-3)) (VP (VBG recanting) (PP (IN of) (NP (NP (DT all)) (PP (IN of) (NP (PRP her) (ADJP (JJ pre) (, ,) (INTJ (UH uh)) (, ,) (NN regime)) (NNS crimes))))) (SBAR-ADV (IN as) (S (NP-SBJ (PRP it)) (VP (VBD were)))))))))))) (ADVP-TMP (-NONE- *T*-4))))))) (. .) (-DFL- E_S))",38,138.18,143.29999999999998
sw01utt/sw_0178_3038.utt,3/sw3038,3038,26,b,A,15,1,Uh-huh. /,[ Uh-huh/UH ] ./.,(INTJ (UH Uh-huh) (. .) (-DFL- E_S)),10,144.15,144.41
sw01utt/sw_0178_3038.utt,3/sw3038,3038,27,+,B,16,1,"When [ the, + they ] decided [ that, + that ] she needed to start recanting of all of her pre, {F uh, } <breathing> regime crimes as it were. /","When/WRB  [ the/DT ] ,/,  [ they/PRP ] decided/VBD that/IN ,/, that/IN  [ she/PRP ] needed/VBD to/TO start/VB recanting/VBG of/IN  [ all/DT ] of/IN  [ her/PRP ] [ pre/JJ ]  ,/,  [ uh/UH ] ,/,  [ regime/NN crimes/NNS ] as/IN  [ it/PRP ] were/VBD ./.","(S (CC and) (NP-SBJ-1 (PRP they)) (EDITED (RM (-DFL- \[)) (VP (VBD had) (S (NP-SBJ (PRP her)) (VP-UNF (VBG teaching)))) (, ,) (IP (-DFL- \+)) (CC or)) (VP (VBD were) (VP (VBG starting) (S (NP-SBJ (-NONE- *-1)) (VP (TO to) (VP (VB have) (S (NP-SBJ (PRP her)) (VP (VB teach) (RS (-DFL- \])) (NP (NN history)) (PP (IN for) (NP (DT the) (NNS soldiers)))))))) (. .) (SBAR-TMP (WHADVP-4 (WRB When)) (S (EDITED (RM (-DFL- \[)) (NP-SBJ-UNF (DT the)) (, ,) (IP (-DFL- \+))) (NP-SBJ (PRP they)) (RS (-DFL- \])) (VP (VBD decided) (SBAR (EDITED (RM (-DFL- \[)) (SBAR-UNF (IN that)) (, ,) (IP (-DFL- \+))) (IN that) (RS (-DFL- \])) (S (NP-SBJ-2 (PRP she)) (VP (VBD needed) (S (NP-SBJ-3 (-NONE- *-2)) (VP (TO to) (VP (VB start) (S (NP-SBJ (-NONE- *-3)) (VP (VBG recanting) (PP (IN of) (NP (NP (DT all)) (PP (IN of) (NP (PRP her) (ADJP (JJ pre) (, ,) (INTJ (UH uh)) (, ,) (NN regime)) (NNS crimes))))) (SBAR-ADV (IN as) (S (NP-SBJ (PRP it)) (VP (VBD were)))))))))))) (ADVP-TMP (-NONE- *T*-4))))))) (. .) (-DFL- E_S))",38,144.96,154.16000000000003
sw01utt/sw_0178_3038.utt,3/sw3038,3038,28,b,A,17,1,Uh-huh. /,[ Uh-huh/UH ] ./.,(INTJ (UH Uh-huh) (. .) (-DFL- E_S)),10,154.27,154.55
sw01utt/sw_0178_3038.utt,3/sw3038,3038,29,sd,B,18,1,"<Throat_clearing> Being a child, {D you know. } - /","Being/VBG  [ a/DT child/NN ] ,/,  [ you/PRP ] know/VBP ./.","(FRAG (S-ADV (NP-SBJ (-NONE- *)) (VP (VBG Being) (NP-PRD (DT a) (NN child)) (PRN (, ,) (S (NP-SBJ (PRP you)) (VP (VBP know)))))) (. .) (-DFL- N_S))",45,154.78,156.04
sw01utt/sw_0178_3038.utt,3/sw3038,3038,30,sd,B,18,2,"{D So, }  they kept on and on [ at, +  at ] her, /","So/RB ,/,  [ they/PRP ] kept/VBD on/RP and/CC on/RP at/IN ,/, at/IN  [ her/PRP ] ,/,","(S (INTJ (UH So)) (, ,) (NP-SBJ (PRP they)) (VP (VBD kept) (ADVP (RP on) (CC and) (RP on)) (EDITED (RM (-DFL- \[)) (PP-UNF (IN at)) (, ,) (IP (-DFL- \+))) (PP (IN at) (RS (-DFL- \])) (NP (PRP her)))) (, ,) (-DFL- E_S))",46,156.7,159.98
sw01utt/sw_0178_3038.utt,3/sw3038,3038,31,sd,B,18,3,"{C and } in the meantime, she and  her husband, {F uh, } [  were + [ [ ex-, +  ex-, ] + were  expecting ] ] [ a child, + their own child. ]  /","and/CC in/IN  [ the/DT meantime/NN ] ,/,  [ she/PRP ] and/CC  [ her/PRP ] [ husband/NN ] ,/,  [ uh/UH ] ,/, were/VBD  [ ex/VBG ] ,/,  [ ex/VBG ] ,/, were/VBD expecting/VBG  [ a/DT child/NN ] ,/,  [ their/PRP$ own/JJ child/NN ] ./.","(S (CC and) (PP-TMP (IN in) (NP (DT the) (NN meantime))) (, ,) (NP-SBJ (NP (PRP she)) (CC and) (NP (PRP her) (NN husband))) (, ,) (INTJ (UH uh)) (, ,) (EDITED (RM (-DFL- \[)) (VP-UNF (VBD were)) (IP (-DFL- \+))) (EDITED (RM (-DFL- \[)) (EDITED (RM (-DFL- \[)) (VP-UNF (VBG ex-)) (, ,) (IP (-DFL- \+))) (VP-UNF (VBG ex-)) (, ,) (RS (-DFL- \])) (IP (-DFL- \+))) (VP (VBD were) (VP (VBG expecting) (RS (-DFL- \])) (RS (-DFL- \])) (EDITED (RM (-DFL- \[)) (NP (DT a) (NN child)) (, ,) (IP (-DFL- \+))) (NP (PRP$ their) (JJ own) (NN child)))) (. .) (RS (-DFL- \])) (-DFL- E_S))",47,160.48,166.06
sw01utt/sw_0178_3038.utt,3/sw3038,3038,32,sd,B,18,4,"{C And, }  {F uh, } [ the, +  the ] people kept harassing her [ over, + {D you know, } over ] a period of months  /","And/CC ,/,  [ uh/UH ] ,/,  [ the/DT ] ,/,  [ the/DT people/NNS ] kept/VBD harassing/VBG  [ her/PRP ] over/IN ,/,  [ you/PRP ] know/VBP ,/, over/IN  [ a/DT period/NN ] of/IN  [ months/NNS ]","(S (CC And) (, ,) (INTJ (UH uh)) (, ,) (EDITED (RM (-DFL- \[)) (NP-SBJ-UNF (DT the)) (, ,) (IP (-DFL- \+))) (NP-SBJ-1 (DT the) (RS (-DFL- \])) (NNS people)) (VP (VBD kept) (S (NP-SBJ (-NONE- *-1)) (VP (VBG harassing) (NP (PRP her)) (EDITED (RM (-DFL- \[)) (PP-TMP-UNF (IN over)) (, ,) (IP (-DFL- \+))) (PRN (S (NP-SBJ (PRP you)) (VP (VBP know))) (, ,)) (PP-TMP (IN over) (RS (-DFL- \])) (NP (NP (DT a) (NN period)) (PP (IN of) (NP (NNS months)))))))) (-DFL- E_S))",48,167.18,173.12
sw01utt/sw_0178_3038.utt,3/sw3038,3038,33,sd,B,18,5,"{C and } finally they, {F uh, } carried her, {F uh, } out into the courtyard [ [ to, +  to, ] +   either really to ] shoot her or to go through the motions [ of, +  of ] shooting her, {F uh, }  [ with by firing, +  {E or, } {D you know, } executing her by firing ] squad. /","and/CC finally/RB  [ they/PRP ] ,/,  [ uh/UH ] ,/, carried/VBD  [ her/PRP ] ,/,  [ uh/UH ] ,/, out/RP into/IN  [ the/DT courtyard/NN ] to/TO ,/, to/TO ,/, either/CC really/RB to/TO shoot/VB  [ her/PRP ] or/CC to/TO go/VB through/IN  [ the/DT motions/NNS ] of/IN ,/, of/IN shooting/VBG  [ her/PRP ] ,/,  [ uh/UH ] ,/, with/IN by/IN firing/VBG ,/, or/CC ,/,  [ you/PRP ] know/VBP ,/, executing/VBG  [ her/PRP ] by/IN  [ firing/NN squad/NN ] ./.","(S (CC and) (ADVP-TMP (RB finally)) (NP-SBJ (PRP they)) (, ,) (INTJ (UH uh)) (, ,) (VP (VBD carried) (NP (PRP her)) (, ,) (INTJ (UH uh)) (, ,) (PP-DIR (RP out) (PP (IN into) (NP (DT the) (NN courtyard)))) (S-PRP (NP-SBJ (-NONE- *)) (EDITED (RM (-DFL- \[)) (EDITED (RM (-DFL- \[)) (VP-UNF (TO to)) (, ,) (IP (-DFL- \+))) (VP-UNF (TO to)) (, ,) (RS (-DFL- \])) (IP (-DFL- \+))) (ADVP (CC either)) (ADVP (RB really)) (VP (VP (TO to) (RS (-DFL- \])) (VP (VB shoot) (NP (PRP her)))) (CC or) (VP (TO to) (VP (VB go) (PP (IN through) (NP (NP (DT the) (NNS motions)) (EDITED (RM (-DFL- \[)) (PP-UNF (IN of)) (, ,) (IP (-DFL- \+))) (PP (IN of) (RS (-DFL- \])) (S-NOM (NP-SBJ (-NONE- *)) (VP (VP (VBG shooting) (NP (PRP her))) (, ,) (INTJ (UH uh)) (, ,) (EDITED (RM (-DFL- \[)) (PP-UNF (IN with)) (PP (IN by) (NP-UNF (VBG firing))) (, ,) (IP (-DFL- \+))) (CC or) (PRN (, ,) (S (NP-SBJ (PRP you)) (VP (VBP know))) (, ,)) (VP (VBG executing) (NP (PRP her)) (PP (IN by) (NP (NN firing) (RS (-DFL- \])) (NN squad)))))))))))))) (. .) (-DFL- E_S))",49,173.68,188.74
sw01utt/sw_0178_3038.utt,3/sw3038,3038,34,b,A,19,1,Uh-huh. /,[ Uh-huh/UH ] ./.,(INTJ (UH Uh-huh) (. .) (-DFL- E_S)),19,189.33,189.49
sw01utt/sw_0178_3038.utt,3/sw3038,3038,35,sd(^q),B,20,1,"{C And, }  {F uh, } the Lord just said no,  /","And/CC ,/,  [ uh/UH ] ,/,  [ the/DT Lord/NNP ] just/RB said/VBD  [ no/DT ] ,/,","(S (CC And) (, ,) (INTJ (UH uh)) (, ,) (NP-SBJ (DT the) (NNP Lord)) (ADVP (RB just)) (VP (VBD said) (NP (DT no))) (, ,) (-DFL- E_S))",53,189.38,191.14
sw01utt/sw_0178_3038.utt,3/sw3038,3038,36,^q,B,20,2,"this is not going to happen even though this lady has not really, {D you know, } - /","[ this/DT ] is/VBZ not/RB going/VBG to/TO happen/VB even/RB though/IN  [ this/DT lady/NN ] has/VBZ not/RB really/RB ,/,  [ you/PRP ] know/VBP ,/,","(S (NP-SBJ-1 (DT this)) (VP (VBZ is) (RB not) (VP (VBG going) (S (NP-SBJ (-NONE- *-1)) (VP (TO to) (VP (VB happen) (SBAR (ADVP (RB even)) (IN though) (S (NP-SBJ (DT this) (NN lady)) (VP-UNF (VBZ has) (RB not) (ADVP (RB really)) (PRN (, ,) (S (NP-SBJ (PRP you)) (VP (VBP know)))))))))))) (, ,) (-DFL- N_S))",54,191.14,196.18
sw01utt/sw_0178_3038.utt,3/sw3038,3038,37,^q,B,20,3,"[ she's, +  she's ] one of mine,  /","[ she/PRP ] 's/BES ,/,  [ she/PRP ] 's/BES  [ one/CD ] of/IN  [ mine/NN ] ,/,","(S (EDITED (RM (-DFL- \[)) (S (NP-SBJ (PRP she)) (VP-UNF (BES 's))) (, ,) (IP (-DFL- \+))) (NP-SBJ (PRP she)) (VP (BES 's) (RS (-DFL- \])) (NP-PRD (NP (CD one)) (PP (IN of) (NP (NN mine))))) (, ,) (-DFL- E_S))",55,196.42,197.7
sw01utt/sw_0178_3038.utt,3/sw3038,3038,38,^q,B,20,4,she is not going to die  /,[ she/PRP ] is/VBZ not/RB going/VBG to/TO die/VB,(S (NP-SBJ-1 (PRP she)) (VP (VBZ is) (RB not) (VP (VBG going) (S (NP-SBJ (-NONE- *-1)) (VP (TO to) (VP (VB die)))))) (-DFL- E_S)),56,197.78,199.16
sw01utt/sw_0178_3038.utt,3/sw3038,3038,39,sd,B,20,5,"{C and, }  {F uh, } [ the, +  the ]  soldiers were blinded when they shot. /","and/CC ,/,  [ uh/UH ] ,/,  [ the/DT ] ,/,  [ the/DT soldiers/NNS ] were/VBD blinded/VBN when/WRB  [ they/PRP ] shot/VBD ./.","(S (CC and) (, ,) (INTJ (UH uh)) (, ,) (EDITED (RM (-DFL- \[)) (NP-SBJ-UNF (DT the)) (, ,) (IP (-DFL- \+))) (NP-SBJ-1 (DT the) (RS (-DFL- \])) (NNS soldiers)) (VP (VBD were) (VP (VBN blinded) (NP (-NONE- *-1))) (SBAR-TMP (WHADVP-2 (WRB when)) (S (NP-SBJ (PRP they)) (VP (VBD shot) (ADVP-TMP (-NONE- *T*-2)))))) (. .) (-DFL- E_S))",57,199.76,204.88
sw01utt/sw_0178_3038.utt,3/sw3038,3038,40,%,A,21,1,{F Huh. } /,Huh/UH ./.,(INTJ (UH Huh) (. .) (-DFL- E_S)),59,204.99,205.07000000000002
sw01utt/sw_0178_3038.utt,3/sw3038,3038,41,sd,B,22,1,"{C And } [ she, + her ] life was spared.  /","And/CC  [ she/PRP ] ,/,  [ her/PRP$ life/NN ] was/VBD spared/VBN ./.","(S (CC And) (EDITED (RM (-DFL- \[)) (NP-SBJ (PRP she)) (, ,) (IP (-DFL- \+))) (NP-SBJ-1 (PRP$ her) (RS (-DFL- \])) (NN life)) (VP (VBD was) (VP (VBN spared) (NP (-NONE- *-1)))) (. .) (-DFL- E_S))",61,205.22,207.16
sw01utt/sw_0178_3038.utt,3/sw3038,3038,42,sd,B,22,2,"{C And } [ this, + this ] frightened [ [ the, + the, ] +   {F uh, } the ] commandant  /","And/CC  [ this/DT ] ,/,  [ this/DT ] frightened/VBD  [ the/DT ] ,/,  [ the/DT ] ,/,  [ uh/UH ] ,/,  [ the/DT commandant/NN ]","(S (CC And) (EDITED (RM (-DFL- \[)) (NP-SBJ (DT this)) (, ,) (IP (-DFL- \+))) (NP-SBJ (DT this)) (RS (-DFL- \])) (VP (VBD frightened) (EDITED (RM (-DFL- \[)) (EDITED (RM (-DFL- \[)) (NP-UNF (DT the)) (, ,) (IP (-DFL- \+))) (NP-UNF (DT the)) (, ,) (RS (-DFL- \])) (IP (-DFL- \+))) (INTJ (UH uh)) (, ,) (NP (DT the) (RS (-DFL- \])) (NN commandant))) (-DFL- E_S))",62,208.42,211.88
sw01utt/sw_0178_3038.utt,3/sw3038,3038,43,sd,B,22,3,{C and so } he called this kind of stuff off and just put her in the labor camp. /,and/CC so/RB  [ he/PRP ] called/VBD  [ this/DT kind/NN ] of/IN  [ stuff/NN ] off/RP and/CC just/RB put/VBD  [ her/PRP ] in/IN  [ the/DT labor/NN camp/NN ] ./.,(S (CONJP (CC and) (RB so)) (NP-SBJ (PRP he)) (VP (VP (VBD called) (NP (NP (DT this) (NN kind)) (PP (IN of) (NP (NN stuff)))) (PRT (RP off))) (CC and) (VP (ADVP (RB just)) (VBD put) (NP (PRP her)) (PP-PUT (IN in) (NP (DT the) (NN labor) (NN camp))))) (. .) (-DFL- E_S)),63,211.88,215.44
sw01utt/sw_0178_3038.utt,3/sw3038,3038,44,%,A,23,1,{F Huh. } /,Huh/UH ./.,(INTJ (UH Huh) (. .) (-DFL- E_S)),59,216.85,217.17
sw01utt/sw_0178_3038.utt,3/sw3038,3038,45,sd,B,24,1,"{D Well, } {F uh, } {C and, }  course, here's  [ this, +  this ] woman who is heavy with child dragging rocks around. /","Well/UH ,/,  [ uh/UH ] ,/, and/CC ,/,  [ course/NN ] ,/, here/RB 's/BES  [ this/DT ] ,/,  [ this/DT woman/NN ] [ who/WP ] is/VBZ  [ heavy/JJ ] with/IN  [ child/NN ] dragging/NN  [ rocks/NNS ] around/RB ./.","(SINV (INTJ (UH Well)) (, ,) (INTJ (UH uh)) (, ,) (CC and) (, ,) (NP-ADV (NN course)) (, ,) (ADVP-LOC-TPC-2 (RB here)) (VP (BES 's) (ADVP-LOC-PRD (-NONE- *T*-2))) (EDITED (RM (-DFL- \[)) (NP-SBJ-UNF (DT this)) (, ,) (IP (-DFL- \+))) (NP-SBJ-3 (NP (DT this) (RS (-DFL- \])) (NN woman)) (SBAR (WHNP-1 (WP who)) (S (NP-SBJ (-NONE- *T*-1)) (VP (VBZ is) (ADJP-PRD (JJ heavy) (PP (IN with) (NP (NN child)))))))) (S-ADV (NP-SBJ (-NONE- *-3)) (VP (NN dragging) (NP (NNS rocks)) (ADVP (RB around)))) (. .) (-DFL- E_S))",67,217.28,223.01999999999998
sw01utt/sw_0178_3038.utt,3/sw3038,3038,46,%,A,25,1,{F Huh. } /,Huh/UH ./.,(INTJ (UH Huh) (. .) (-DFL- E_S)),59,223.91,223.99
sw01utt/sw_0178_3038.utt,3/sw3038,3038,47,sd,B,26,1,"{D Well } [ she, + she  ] put in for  [ going, + going ] to, {F uh, } - /","Well/UH  [ she/PRP ] ,/,  [ she/PRP ] put/VBD in/IN for/IN going/VBG ,/, going/VBG to/TO ,/,  [ uh/UH ] ,/,","(S (INTJ (UH Well)) (EDITED (RM (-DFL- \[)) (NP-SBJ (PRP she)) (, ,) (IP (-DFL- \+))) (NP-SBJ (PRP she)) (RS (-DFL- \])) (VP (VBD put) (PRT (IN in)) (PP (IN for) (S-NOM (NP-SBJ (-NONE- *)) (EDITED (RM (-DFL- \[)) (VP-UNF (VBG going)) (, ,) (IP (-DFL- \+))) (VP (VBG going) (RS (-DFL- \])) (PP-DIR-UNF (TO to) (, ,) (INTJ (UH uh))))))) (, ,) (-DFL- N_S))",71,223.88,227.28
sw01utt/sw_0178_3038.utt,3/sw3038,3038,48,sd,B,26,2,"{C and } her husband had escaped to Hong Kong, {F uh, }  /","and/CC  [ her/PRP$ husband/NN ] had/VBD escaped/VBN to/IN  [ Hong/NNP Kong/NNP ] ,/,  [ uh/UH ] ,/,","(S (CC and) (NP-SBJ (PRP$ her) (NN husband)) (VP (VBD had) (VP (VBN escaped) (PP (IN to) (NP (NNP Hong) (NNP Kong))) (, ,) (INTJ (UH uh)))) (, ,) (-DFL- E_S))",72,228.1,231.17999999999998
sw01utt/sw_0178_3038.utt,3/sw3038,3038,49,sd,B,26,3,{C and then } she put in to go see him.  /,and/CC then/RB  [ she/PRP ] put/VBD in/RP to/TO go/VB see/VB  [ him/PRP ] ./.,(S (CONJP (CC and) (RB then)) (NP-SBJ-1 (PRP she)) (VP (VBD put) (PRT (RP in)) (S-PRP (NP-SBJ-2 (-NONE- *-1)) (VP (TO to) (VP (VB go) (S (NP-SBJ (-NONE- *-2)) (VP (VB see) (NP (PRP him)))))))) (. .) (-DFL- E_S)),73,231.18,233.2
sw01utt/sw_0178_3038.utt,3/sw3038,3038,50,sd,B,26,4,"{C And } over time she, {F uh, } {F uh, } - /","And/CC over/IN  [ time/NN ] [ she/PRP ] ,/,  [ uh/UH ] ,/,  [ uh/UH ] ,/,","(S (CC And) (PP-TMP (IN over) (NP (NN time))) (NP-SBJ (PRP she)) (, ,) (INTJ (UH uh)) (, ,) (INTJ (UH uh)) (, ,) (-DFL- N_S) (ADVP-TMP (RB finally)) (, ,) (PP (IN through) (NP (NP (PRP$ her) (NN perseverance)) (CC and) (S-NOM (NP-SBJ (-NONE- *)) (VP (VBG writing) (NP (JJ enough) (NNS letters)) (PP-DTV (IN to) (NP (JJ enough) (JJ different) (NNS people))))))) (VP (JJ embarrassed) (NP (NP (RB enough)) (PP (IN of) (EDITED (RM (-DFL- \[)) (NP-UNF (DT the)) (, ,) (IP (-DFL- \+))) (NP (DT the) (RS (-DFL- \])) (JJ middle) (, ,) (INTJ (UH uh)) (, ,) (EDITED (RM (-DFL- \[)) (NN bureauc-) (, ,) (IP (-DFL- \+))) (NN bureaucracy)))) (RS (-DFL- \])) (SBAR-ADV (IN that) (S (NP-SBJ (PRP they)) (ADVP-TMP (RB finally)) (VP (VBP let) (S (NP-SBJ (PRP her)) (VP (VB go))))))) (. .) (-DFL- E_S))",74,234.08,237.5
sw01utt/sw_0178_3038.utt,3/sw3038,3038,51,sd,B,26,5,"finally, through her perseverance  and writing enough letters to enough different people embarrassed enough of [ the, +  the ]  middle, {F uh, } [ bureauc-, +  bureaucracy ] that they finally let her go. /","finally/RB ,/, through/IN  [ her/PRP$ perseverance/NN ] and/CC writing/VBG  [ enough/JJ letters/NNS ] to/IN  [ enough/JJ different/JJ people/NNS ] embarrassed/JJ enough/RB of/IN  [ the/DT ] ,/,  [ the/DT middle/JJ ] ,/,  [ uh/UH ] ,/,  [ bureauc-/NN ] ,/,  [ bureaucracy/NN ] that/IN  [ they/PRP ] finally/RB let/VBP  [ her/PRP ] go/VB ./.","(S (CC And) (PP-TMP (IN over) (NP (NN time))) (NP-SBJ (PRP she)) (, ,) (INTJ (UH uh)) (, ,) (INTJ (UH uh)) (, ,) (-DFL- N_S) (ADVP-TMP (RB finally)) (, ,) (PP (IN through) (NP (NP (PRP$ her) (NN perseverance)) (CC and) (S-NOM (NP-SBJ (-NONE- *)) (VP (VBG writing) (NP (JJ enough) (NNS letters)) (PP-DTV (IN to) (NP (JJ enough) (JJ different) (NNS people))))))) (VP (JJ embarrassed) (NP (NP (RB enough)) (PP (IN of) (EDITED (RM (-DFL- \[)) (NP-UNF (DT the)) (, ,) (IP (-DFL- \+))) (NP (DT the) (RS (-DFL- \])) (JJ middle) (, ,) (INTJ (UH uh)) (, ,) (EDITED (RM (-DFL- \[)) (NN bureauc-) (, ,) (IP (-DFL- \+))) (NN bureaucracy)))) (RS (-DFL- \])) (SBAR-ADV (IN that) (S (NP-SBJ (PRP they)) (ADVP-TMP (RB finally)) (VP (VBP let) (S (NP-SBJ (PRP her)) (VP (VB go))))))) (. .) (-DFL- E_S))",74,238.16,248.70000000000002
sw01utt/sw_0178_3038.utt,3/sw3038,3038,52,%,A,27,1,{F Huh. } /,Huh/UH ./.,(INTJ (UH Huh) (. .) (-DFL- E_S)),59,248.81,248.89000000000001
sw01utt/sw_0178_3038.utt,3/sw3038,3038,53,sd,B,28,1,"{C And, }  of course, she had to walk.  /","And/CC ,/, of/IN  [ course/NN ] ,/,  [ she/PRP ] had/VBD to/TO walk/VB ./.","(S (CC And) (, ,) (PP (IN of) (NP (NN course))) (, ,) (NP-SBJ-1 (PRP she)) (VP (VBD had) (S (NP-SBJ (-NONE- *-1)) (VP (TO to) (VP (VB walk))))) (. .) (-DFL- E_S))",78,248.86,250.51999999999998
sw01utt/sw_0178_3038.utt,3/sw3038,3038,54,sd,B,28,2,"{D You know, } [ they, +  they ] stripped her of everything, practically besides [ the, +  the ]  clothes on her back.  /","[ You/PRP ] know/VBP ,/,  [ they/PRP ] ,/,  [ they/PRP ] stripped/VBD  [ her/PRP ] of/IN  [ everything/NN ] ,/, practically/RB besides/IN  [ the/DT ] ,/,  [ the/DT clothes/NNS ] on/IN  [ her/PRP$ back/NN ] ./.","(S (PRN (S (NP-SBJ (PRP You)) (VP (VBP know))) (, ,)) (EDITED (RM (-DFL- \[)) (NP-SBJ (PRP they)) (, ,) (IP (-DFL- \+))) (NP-SBJ (PRP they)) (RS (-DFL- \])) (VP (VBD stripped) (NP (PRP her)) (PP (IN of) (NP (NP (NN everything)) (, ,) (ADVP (RB practically)) (PP (IN besides) (EDITED (RM (-DFL- \[)) (NP-UNF (DT the)) (, ,) (IP (-DFL- \+))) (NP (NP (DT the) (RS (-DFL- \])) (NNS clothes)) (PP (IN on) (NP (PRP$ her) (NN back)))))))) (. .) (-DFL- E_S))",79,250.74,254.73999999999998
sw01utt/sw_0178_3038.utt,3/sw3038,3038,55,sd,B,28,3,"[ [ {C And, } + {F uh, } {C so } she, ] +  {C so } she ] went across the border  to her husband [ and  another, +  and other ] child that they'd already had --","And/CC ,/,  [ uh/UH ] ,/, so/RB  [ she/PRP ] ,/, so/RB  [ she/PRP ] went/VBD across/IN  [ the/DT border/NN ] to/IN  [ her/PRP$ husband/NN ] and/CC  [ another/DT ] ,/, and/CC  [ other/JJ child/NN ] that/WDT  [ they/PRP ] 'd/VBD already/RB had/VBN --/:","(S (EDITED (RM (-DFL- \[)) (EDITED (RM (-DFL- \[)) (CC And) (, ,) (IP (-DFL- \+))) (INTJ (UH uh)) (, ,) (S-UNF (RB so) (NP-SBJ (PRP she))) (, ,) (RS (-DFL- \])) (IP (-DFL- \+))) (RB so) (NP-SBJ (PRP she)) (RS (-DFL- \])) (VP (VBD went) (PP-DIR (IN across) (NP (DT the) (NN border))) (PP (IN to) (NP (NP (PRP$ her) (NN husband)) (EDITED (RM (-DFL- \[)) (CC and) (NP-UNF (DT another)) (, ,) (IP (-DFL- \+))) (CC and) (NP (NP (JJ other) (RS (-DFL- \])) (NN child)) (SBAR (WHNP-1 (WDT that)) (S (NP-SBJ (PRP they)) (VP (VBD 'd) (ADVP-TMP (RB already)) (VP (VBN had) (NP (-NONE- *T*-1))))))))) (INTJ (UH uh)) (, ,) (PP (IN to) (NP (NN freedom)))) (. .) (-DFL- E_S))",80,254.74,261.24
sw01utt/sw_0178_3038.utt,3/sw3038,3038,56,b,A,29,1,Uh-huh. /,[ Uh-huh/UH ] ./.,(INTJ (UH Uh-huh) (. .) (-DFL- E_S)),43,261.97,262.15000000000003
sw01utt/sw_0178_3038.utt,3/sw3038,3038,57,+,B,30,1,"-- {F uh, } to freedom. /","--/:  [ uh/UH ] ,/, to/IN  [ freedom/NN ] ./.","(S (EDITED (RM (-DFL- \[)) (EDITED (RM (-DFL- \[)) (CC And) (, ,) (IP (-DFL- \+))) (INTJ (UH uh)) (, ,) (S-UNF (RB so) (NP-SBJ (PRP she))) (, ,) (RS (-DFL- \])) (IP (-DFL- \+))) (RB so) (NP-SBJ (PRP she)) (RS (-DFL- \])) (VP (VBD went) (PP-DIR (IN across) (NP (DT the) (NN border))) (PP (IN to) (NP (NP (PRP$ her) (NN husband)) (EDITED (RM (-DFL- \[)) (CC and) (NP-UNF (DT another)) (, ,) (IP (-DFL- \+))) (CC and) (NP (NP (JJ other) (RS (-DFL- \])) (NN child)) (SBAR (WHNP-1 (WDT that)) (S (NP-SBJ (PRP they)) (VP (VBD 'd) (ADVP-TMP (RB already)) (VP (VBN had) (NP (-NONE- *T*-1))))))))) (INTJ (UH uh)) (, ,) (PP (IN to) (NP (NN freedom)))) (. .) (-DFL- E_S))",80,262.04,262.7
sw01utt/sw_0178_3038.utt,3/sw3038,3038,58,b,A,31,1,Oh. /,Oh/UH ./.,(INTJ (UH Oh) (. .) (-DFL- E_S)),85,263.33,263.51
sw01utt/sw_0178_3038.utt,3/sw3038,3038,59,sd,B,32,1,"{C And } they knew that she wasn't  going to come back,  /","And/CC  [ they/PRP ] knew/VBD that/IN  [ she/PRP ] was/VBD n't/RB going/VBG to/TO come/VB back/RB ,/,","(S (CC And) (NP-SBJ (PRP they)) (VP (VBD knew) (SBAR (IN that) (S (NP-SBJ-1 (PRP she)) (VP (VBD was) (RB n't) (VP (VBG going) (S (NP-SBJ (-NONE- *-1)) (VP (TO to) (VP (VB come) (ADVP-DIR (RB back)))))))))) (, ,) (-DFL- E_S))",87,263.42,265.02000000000004
sw01utt/sw_0178_3038.utt,3/sw3038,3038,60,sd,B,32,2,"{C but } {D yeah, } she did, years later when the, {F uh, } [ liberalization, {D you know, } in real life -- +","but/CC yeah/UH ,/,  [ she/PRP ] did/VBD ,/,  [ years/NNS ] later/RB when/WRB  [ the/DT ] ,/,  [ uh/UH ] ,/,  [ liberalization/NN ] ,/,  [ you/PRP ] know/VBP ,/, in/IN  [ real/JJ life/NN ] --/:","(S (CC but) (INTJ (UH yeah)) (, ,) (NP-SBJ (PRP she)) (VP (VBD did) (, ,) (ADVP-TMP (NP (NNS years)) (RB later)) (SBAR-TMP (WHADVP-1 (WRB when)) (S (NP-SBJ (NP (DT the) (, ,) (INTJ (UH uh)) (, ,) (EDITED (RM (-DFL- \[)) (NN liberalization) (PRN (, ,) (S (NP-SBJ (PRP you)) (VP (VBP know))) (, ,)) (PP (IN in) (NP (JJ real) (NN life))) (IP (-DFL- \+))) (NN liberalization)) (PP (IN of) (NP (NNP China)))) (RS (-DFL- \])) (VP (VBD happened) (ADVP-TMP (-NONE- *T*-1)))))) (, ,) (-DFL- E_S))",88,265.02,270.14
sw01utt/sw_0178_3038.utt,3/sw3038,3038,61,b,A,33,1,Uh-huh. /,[ Uh-huh/UH ] ./.,(INTJ (UH Uh-huh) (. .) (-DFL- E_S)),82,270.71,270.87
sw01utt/sw_0178_3038.utt,3/sw3038,3038,62,+,B,34,1,"-- liberalization of China ] happened,  /","--/:  [ liberalization/NN ] of/IN  [ China/NNP ] happened/VBD ,/,","(S (CC but) (INTJ (UH yeah)) (, ,) (NP-SBJ (PRP she)) (VP (VBD did) (, ,) (ADVP-TMP (NP (NNS years)) (RB later)) (SBAR-TMP (WHADVP-1 (WRB when)) (S (NP-SBJ (NP (DT the) (, ,) (INTJ (UH uh)) (, ,) (EDITED (RM (-DFL- \[)) (NN liberalization) (PRN (, ,) (S (NP-SBJ (PRP you)) (VP (VBP know))) (, ,)) (PP (IN in) (NP (JJ real) (NN life))) (IP (-DFL- \+))) (NN liberalization)) (PP (IN of) (NP (NNP China)))) (RS (-DFL- \])) (VP (VBD happened) (ADVP-TMP (-NONE- *T*-1)))))) (, ,) (-DFL- E_S))",88,270.76,272.62
sw01utt/sw_0178_3038.utt,3/sw3038,3038,63,sd,B,34,2,"{C and, }  {F uh, } she was not persecuted or anything else like that. /","and/CC ,/,  [ uh/UH ] ,/,  [ she/PRP ] was/VBD not/RB persecuted/VBN or/CC  [ anything/NN ] else/RB like/IN  [ that/DT ] ./.","(S (CC and) (, ,) (INTJ (UH uh)) (, ,) (NP-SBJ-1 (PRP she)) (VP (VBD was) (RB not) (VP (VP (VBN persecuted) (NP (-NONE- *-1))) (CC or) (NP-ETC (NP (NN anything)) (ADVP (RB else)) (PP (IN like) (NP (DT that)))))) (. .) (-DFL- E_S))",92,272.64,275.72
sw01utt/sw_0178_3038.utt,3/sw3038,3038,64,ba,A,35,1,{F Huh. }  Interesting story. /,Huh/UH ./.  [ Interesting/JJ story/NN ] ./.,(FRAG (INTJ (UH Huh)) (. .) (NP (JJ Interesting) (NN story)) (. .) (-DFL- E_S)),94,275.83,277.69
sw01utt/sw_0178_3038.utt,3/sw3038,3038,65,aa,B,36,1,"Yes,  /","Yes/UH ,/,","(INTJ (UH Yes) (, ,) (-DFL- E_S))",96,277.78,278.11999999999995
sw01utt/sw_0178_3038.utt,3/sw3038,3038,66,aa,B,36,2,it was.  /,[ it/PRP ] was/VBD ./.,(S (NP-SBJ (PRP it)) (VP (VBD was) (NP-PRD (-NONE- *?*))) (. .) (-DFL- E_S)),97,278.12,278.7
sw01utt/sw_0178_3038.utt,3/sw3038,3038,67,sd,B,36,3,"{F Uh, } very moving, too. /","[ Uh/UH ] ,/, very/RB moving/VBG ,/, too/RB ./.","(FRAG (INTJ (UH Uh)) (, ,) (ADJP (RB very) (VBG moving)) (, ,) (ADVP (RB too)) (. .) (-DFL- E_S))",98,278.7,280.1
sw01utt/sw_0178_3038.utt,3/sw3038,3038,68,sd,A,37,1,"[ I, +  {F uh, } I ] don't even remember  seeing that advertised  /","[ I/PRP ] ,/,  [ uh/UH ] ,/,  [ I/PRP ] do/VBP n't/RB even/RB remember/VB seeing/VBG  that/DT advertised/VBN","(S (EDITED (RM (-DFL- \[)) (NP-SBJ (PRP I)) (, ,) (IP (-DFL- \+))) (INTJ (UH uh)) (, ,) (NP-SBJ-1 (PRP I)) (RS (-DFL- \])) (VP (VBP do) (RB n't) (RB even) (VP (VB remember) (S (NP-SBJ (-NONE- *-1)) (VP (VBG seeing) (S (NP-SBJ-2 (DT that)) (VP (VBN advertised) (NP (-NONE- *-2)))))))) (-DFL- E_S))",100,281.33,284.57
sw01utt/sw_0178_3038.utt,3/sw3038,3038,69,sd,A,37,2,{C and } it was probably here and gone fairly quickly. /,and/CC  [ it/PRP ] was/VBD probably/RB here/RB and/CC gone/VBN fairly/RB quickly/RB ./.,(S (CC and) (NP-SBJ (PRP it)) (VP (VBD was) (ADVP (RB probably)) (UCP-PRD (ADVP-LOC (RB here)) (CC and) (VP (VBN gone))) (ADVP (RB fairly) (RB quickly))) (. .) (-DFL- E_S)),101,284.57,287.09
sw01utt/sw_0178_3038.utt,3/sw3038,3038,70,sd,B,38,1,"{D Well, } it was within, {F oh, } ninety days. /","Well/UH ,/,  [ it/PRP ] was/VBD within/IN ,/, oh/UH ,/,  [ ninety/CD days/NNS ] ./.","(S (INTJ (UH Well)) (, ,) (NP-SBJ (PRP it)) (VP (VBD was) (PP-TMP-PRD (IN within) (, ,) (INTJ (UH oh)) (, ,) (NP (CD ninety) (NNS days)))) (. .) (-DFL- E_S))",103,287.38,291.22
sw01utt/sw_0178_3038.utt,3/sw3038,3038,71,bh,A,39,1,{F Oh. } That recent. /,Oh/UH ./.  That/RB  [ recent/JJ ] ./.,(FRAG (INTJ (UH Oh)) (. .) (ADJP (RB That) (JJ recent)) (. .) (-DFL- E_S)),105,291.57,292.69
sw01utt/sw_0178_3038.utt,3/sw3038,3038,72,ny,B,40,1,Yeah.  /,Yeah/UH ./.,(INTJ (UH Yeah) (. .) (-DFL- E_S)),107,292.82,293.08
sw01utt/sw_0178_3038.utt,3/sw3038,3038,73,ar,B,40,2,"No,  /","No/UH ,/,","(INTJ (UH No) (, ,) (-DFL- E_S))",108,293.08,293.18
sw01utt/sw_0178_3038.utt,3/sw3038,3038,74,sd,B,40,3,"{E I mean } [ [ it's, + it was, ] +   it was ] advertised over a period of about ninety days. /","[ I/PRP ] mean/VBP  [ it/PRP ] 's/BES ,/,  [ it/PRP ] was/VBD ,/,  [ it/PRP ] was/VBD advertised/VBN over/IN  [ a/DT period/NN ] of/IN about/RB  [ ninety/CD days/NNS ] ./.","(S (PRN (S (NP-SBJ (PRP I)) (VP (VBP mean)))) (EDITED (RM (-DFL- \[)) (EDITED (RM (-DFL- \[)) (S (NP-SBJ (PRP it)) (VP-UNF (BES 's))) (, ,) (IP (-DFL- \+))) (S (NP-SBJ (PRP it)) (VP-UNF (VBD was))) (, ,) (RS (-DFL- \])) (IP (-DFL- \+))) (NP-SBJ-1 (PRP it)) (VP (VBD was) (RS (-DFL- \])) (VP (VBN advertised) (NP (-NONE- *-1)) (PP-TMP (IN over) (NP (NP (DT a) (NN period)) (PP (IN of) (NP (QP (RB about) (CD ninety)) (NNS days))))))) (. .) (-DFL- E_S))",109,293.62,297.44
sw01utt/sw_0178_3038.utt,3/sw3038,3038,75,sd,A,41,1,"{F Oh, } I see what you mean. /","Oh/UH ,/,  [ I/PRP ] see/VBP  [ what/WP ] [ you/PRP ] mean/VBP ./.","(S (INTJ (UH Oh)) (, ,) (NP-SBJ (PRP I)) (VP (VBP see) (SBAR-NOM (WHNP-1 (WP what)) (S (NP-SBJ (PRP you)) (VP (VBP mean) (NP (-NONE- *T*-1)))))) (. .) (-DFL- E_S))",111,297.55,298.40999999999997
sw01utt/sw_0178_3038.utt,3/sw3038,3038,76,sd,B,42,1,"{C But } it wasn't, - /","But/CC  [ it/PRP ] [ was/VBD n't/RB ] ,/,","(S (CC But) (NP-SBJ (PRP it)) (VP-UNF (VBD was) (RB n't)) (, ,) (-DFL- N_S))",113,298.42,299.14
sw01utt/sw_0178_3038.utt,3/sw3038,3038,77,sd,B,42,2,"{F uh, } they  didn't have it  in, {F uh, } too awfully many movie houses,  /","[ uh/UH ] ,/,  [ they/PRP ] did/VBD n't/RB have/VB  [ it/PRP ] in/IN ,/,  [ uh/UH ] ,/, too/RB awfully/RB  [ many/JJ movie/NN houses/NNS ] ,/,","(S (INTJ (UH uh)) (, ,) (NP-SBJ (PRP they)) (VP (VBD did) (RB n't) (VP (VB have) (NP (PRP it)) (PP-LOC (IN in) (, ,) (INTJ (UH uh)) (, ,) (NP (ADJP (RB too) (RB awfully) (JJ many)) (NN movie) (NNS houses))))) (, ,) (-DFL- E_S))",114,299.14,304.91999999999996
sw01utt/sw_0178_3038.utt,3/sw3038,3038,78,sd,B,42,3,"{C but } [ it was, +  it was, ] in the, - /","but/CC  [ it/PRP ] was/VBD ,/,  [ it/PRP ] was/VBD ,/, in/IN  [ the/DT ] ,/,","(S (CC but) (EDITED (RM (-DFL- \[)) (S (NP-SBJ (PRP it)) (VP-UNF (VBD was))) (, ,) (IP (-DFL- \+))) (NP-SBJ (PRP it)) (VP (VBD was) (, ,) (RS (-DFL- \])) (PP-LOC-PRD (IN in) (NP-UNF (DT the)))) (, ,) (-DFL- N_S))",115,304.92,306.0
sw01utt/sw_0178_3038.utt,3/sw3038,3038,79,sd,B,42,4,"it had large, {F uh, } {F uh, } {F uh, } <lipsmack> press release. /","[ it/PRP ] had/VBD  [ large/JJ ] ,/,  [ uh/UH ] ,/,  [ uh/UH ] ,/,  [ uh/UH ] ,/,  [ press/NN release/NN ] ./.","(S (NP-SBJ (PRP it)) (VP (VBD had) (NP (JJ large) (, ,) (INTJ (UH uh)) (, ,) (INTJ (UH uh)) (, ,) (INTJ (UH uh)) (, ,) (NN press) (NN release))) (. .) (-DFL- E_S))",116,306.44,310.58
sw01utt/sw_0178_3038.utt,3/sw3038,3038,80,b,A,43,1,Uh-huh.  /,[ Uh-huh/UH ] ./.,(INTJ (UH Uh-huh) (. .) (-DFL- E_S)),90,310.78,311.03999999999996
sw01utt/sw_0178_3038.utt,3/sw3038,3038,81,sd,A,43,2,"{D Well, } {F uh, } I guess [ what I,  +  what I ] saw most recently and luckily I saw it only a week ago <laughter> so I'd [ remember -- +","Well/UH ,/,  [ uh/UH ] ,/,  [ I/PRP ] guess/VBP  [ what/WP ] [ I/PRP ] ,/,  [ what/WP ] [ I/PRP ] saw/VBD most/RBS recently/RB and/CC luckily/RB  [ I/PRP ] saw/VBD  [ it/PRP ] only/RB  [ a/DT week/NN ] ago/RB so/RB  [ I/PRP ] 'd/MD remember/VB --/:","(S (INTJ (UH Well)) (, ,) (INTJ (UH uh)) (, ,) (NP-SBJ (PRP I)) (VP (VBP guess) (SBAR (-NONE- 0) (S (SBAR-NOM-SBJ (EDITED (RM (-DFL- \[)) (SBAR-NOM-SBJ (WHNP (WP what)) (S-UNF (NP-SBJ (PRP I)))) (, ,) (IP (-DFL- \+))) (WHNP-1 (WP what)) (S (NP-SBJ (PRP I)) (RS (-DFL- \])) (VP (VBD saw) (NP (-NONE- *T*-1)) (ADVP (RBS most) (RB recently)) (PRN (S (S (CC and) (ADVP (RB luckily)) (NP-SBJ (PRP I)) (VP (VBD saw) (NP (PRP it)) (ADVP (RB only)) (ADVP-TMP (NP (DT a) (NN week)) (RB ago)))) (RB so) (S (NP-SBJ (PRP I)) (VP (MD 'd) (EDITED (RM (-DFL- \[)) (VP-UNF (VB remember)) (IP (-DFL- \+))) (VP (VB remember) (RS (-DFL- \])) (NP (PRP it)) (ADVP-MNR (RB well)))))))))) (VP (VBD was) (, ,) (INTJ (UH uh)) (, ,) (ADJP-PRD (ADVP (RB sort) (RB of)) (JJ light)) (PP (IN by) (NP (NN comparison))))))) (. .) (-DFL- E_S))",119,312.48,317.78
sw01utt/sw_0178_3038.utt,3/sw3038,3038,82,b,B,44,1,Okay. /,Okay/UH ./.,(INTJ (UH Okay) (. .) (-DFL- E_S)),121,317.68,318.1
sw01utt/sw_0178_3038.utt,3/sw3038,3038,83,+,A,45,1,"-- remember ] it well was, {F uh, }  sort of light by comparison. /","--/: remember/VB  [ it/PRP ] well/RB was/VBD ,/,  [ uh/UH ] ,/,  [ sort/RB ] of/RB  [ light/JJ ] by/IN  [ comparison/NN ] ./.","(S (INTJ (UH Well)) (, ,) (INTJ (UH uh)) (, ,) (NP-SBJ (PRP I)) (VP (VBP guess) (SBAR (-NONE- 0) (S (SBAR-NOM-SBJ (EDITED (RM (-DFL- \[)) (SBAR-NOM-SBJ (WHNP (WP what)) (S-UNF (NP-SBJ (PRP I)))) (, ,) (IP (-DFL- \+))) (WHNP-1 (WP what)) (S (NP-SBJ (PRP I)) (RS (-DFL- \])) (VP (VBD saw) (NP (-NONE- *T*-1)) (ADVP (RBS most) (RB recently)) (PRN (S (S (CC and) (ADVP (RB luckily)) (NP-SBJ (PRP I)) (VP (VBD saw) (NP (PRP it)) (ADVP (RB only)) (ADVP-TMP (NP (DT a) (NN week)) (RB ago)))) (RB so) (S (NP-SBJ (PRP I)) (VP (MD 'd) (EDITED (RM (-DFL- \[)) (VP-UNF (VB remember)) (IP (-DFL- \+))) (VP (VB remember) (RS (-DFL- \])) (NP (PRP it)) (ADVP-MNR (RB well)))))))))) (VP (VBD was) (, ,) (INTJ (UH uh)) (, ,) (ADJP-PRD (ADVP (RB sort) (RB of)) (JJ light)) (PP (IN by) (NP (NN comparison))))))) (. .) (-DFL- E_S))",119,318.44,322.4
sw01utt/sw_0178_3038.utt,3/sw3038,3038,84,b,B,46,1,Uh-huh. /,[ Uh-huh/UH ] ./.,(INTJ (UH Uh-huh) (. .) (-DFL- E_S)),118,322.38,322.7
sw01utt/sw_0178_3038.utt,3/sw3038,3038,85,sd,A,47,1,"{F Uh, } my husband and I had this great  desire to go see a comedy  /","[ Uh/UH ] ,/,  [ my/PRP$ husband/NN ] and/CC  [ I/PRP ] had/VBD  [ this/DT great/JJ desire/NN ] to/TO go/VB see/VB  [ a/DT comedy/NN ]","(S (INTJ (UH Uh)) (, ,) (NP-SBJ-1 (NP (PRP$ my) (NN husband)) (CC and) (NP (PRP I))) (VP (VBD had) (NP (DT this) (JJ great) (NN desire) (S (NP-SBJ-2 (-NONE- *-1)) (VP (TO to) (VP (VB go) (S (NP-SBJ (-NONE- *-2)) (VP (VB see) (NP (DT a) (NN comedy))))))))) (-DFL- E_S))",126,322.8,326.16
sw01utt/sw_0178_3038.utt,3/sw3038,3038,86,sd,A,47,2,"[ {C and, } + {C and, } ]  {F uh, } we ended up going to see GREEN CARD. /","and/CC ,/, and/CC ,/,  [ uh/UH ] ,/,  [ we/PRP ] ended/VBD up/RP going/VBG to/TO see/VB  [ GREEN/JJ CARD/NN ] ./.","(S (EDITED (RM (-DFL- \[)) (CC and) (, ,) (IP (-DFL- \+))) (CC and) (, ,) (RS (-DFL- \])) (INTJ (UH uh)) (, ,) (NP-SBJ-1 (PRP we)) (VP (VBD ended) (PRT (RP up)) (S (NP-SBJ-2 (-NONE- *-1)) (VP (VBG going) (S (NP-SBJ (-NONE- *-2)) (VP (TO to) (VP (VB see) (NP-TTL (JJ GREEN) (NN CARD)))))))) (. .) (-DFL- E_S))",127,326.16,329.54
sw01utt/sw_0178_3038.utt,3/sw3038,3038,87,br^m,B,48,1,GREEN CARD? /,[ GREEN/JJ CARD/NN ] ?/.,(NP-TTL (JJ GREEN) (NN CARD) (. ?) (-DFL- E_S)),129,329.86,330.5
sw01utt/sw_0178_3038.utt,3/sw3038,3038,88,na^r,A,49,1,GREEN CARD. /,[ GREEN/JJ CARD/NN ] ./.,(NP-TTL (JJ GREEN) (NN CARD) (. .) (-DFL- E_S)),131,330.6,331.18
sw01utt/sw_0178_3038.utt,3/sw3038,3038,89,b,B,50,1,Uh-huh. /,[ Uh-huh/UH ] ./.,(INTJ (UH Uh-huh) (. .) (-DFL- E_S)),118,331.22,331.58000000000004
sw01utt/sw_0178_3038.utt,3/sw3038,3038,90,sd,A,51,1,"{C And, }  {F uh, } he chose it  /","And/CC ,/,  [ uh/UH ] ,/,  [ he/PRP ] chose/VBD  [ it/PRP ]","(S (CC And) (, ,) (INTJ (UH uh)) (, ,) (NP-SBJ (PRP he)) (VP (VBD chose) (NP (PRP it))) (-DFL- E_S))",135,332.08,334.06
sw01utt/sw_0178_3038.utt,3/sw3038,3038,91,sd,A,51,2,"{C and, }  {F uh, } it's got this wonderful French actor who's, - /","and/CC ,/,  [ uh/UH ] ,/,  [ it/PRP ] 's/HVS got/VBN  [ this/DT wonderful/JJ French/JJ actor/NN ] [ who/WP ] 's/BES ,/,","(S (CC and) (, ,) (INTJ (UH uh)) (, ,) (NP-SBJ (PRP it)) (VP (HVS 's) (VP (VBN got) (NP (NP (DT this) (JJ wonderful) (JJ French) (NN actor)) (SBAR (WHNP-1 (WP who)) (S (NP-SBJ (-NONE- *T*-1)) (VP-UNF (BES 's))))))) (, ,) (-DFL- N_S))",136,334.26,337.76
sw01utt/sw_0178_3038.utt,3/sw3038,3038,92,sd,A,51,3,"it was [ his, +  {D like, } his, ] - /","[ it/PRP ] was/VBD his/PRP$ ,/,  [ like/UH ] ,/,  [ his/PRP$ ] ,/,","(S (NP-SBJ (PRP it)) (VP (VBD was) (EDITED (RM (-DFL- \[)) (NP-PRD-UNF (PRP$ his)) (, ,) (IP (-DFL- \+))) (INTJ (UH like)) (, ,) (NP-PRD-UNF (PRP$ his))) (, ,) (RS (-DFL- \])) (-DFL- N_S))",137,338.38,339.08
sw01utt/sw_0178_3038.utt,3/sw3038,3038,93,sd,A,51,4,"{C and } he's been a star in France and a wonderful actor who we've enjoyed for years,  /","and/CC  [ he/PRP ] 's/HVS been/VBN  [ a/DT star/NN ] in/IN  [ France/NNP ] and/CC  [ a/DT wonderful/JJ actor/NN ] [ who/WP ] [ we/PRP ] 've/VBP enjoyed/VBN for/IN  [ years/NNS ] ,/,","(S (CC and) (NP-SBJ (PRP he)) (VP (HVS 's) (VP (VBN been) (NP-PRD (NP (NP (DT a) (NN star)) (PP-LOC (IN in) (NP (NNP France)))) (CC and) (NP (NP (DT a) (JJ wonderful) (NN actor)) (SBAR (WHNP-1 (WP who)) (S (NP-SBJ (PRP we)) (VP (VBP 've) (VP (VBN enjoyed) (NP (-NONE- *T*-1)) (PP-TMP (IN for) (NP (NNS years))))))))))) (, ,) (-DFL- E_S))",138,339.22,342.65999999999997
sw01utt/sw_0178_3038.utt,3/sw3038,3038,94,sd,A,51,5,{C but } he's never made an American film.  /,but/CC  [ he/PRP ] 's/HVS never/RB made/VBN  [ an/DT American/JJ film/NN ] ./.,(S (CC but) (NP-SBJ (PRP he)) (VP (HVS 's) (ADVP-TMP (RB never)) (VP (VBN made) (NP (DT an) (JJ American) (NN film)))) (. .) (-DFL- E_S)),139,343.3,344.71999999999997
sw01utt/sw_0178_3038.utt,3/sw3038,3038,95,sd,A,51,6,This was his American film debut -- /,[ This/DT ] was/VBD  [ his/PRP$ American/JJ film/NN debut/NN ] --/:,(S (NP-SBJ (DT This)) (VP (VBD was) (NP-PRD (PRP$ his) (JJ American) (NN film) (NN debut))) (-DFL- E_S)),140,344.72,346.46
sw01utt/sw_0178_3038.utt,3/sw3038,3038,96,bk,B,52,1,"{F Oh, } I see,  /","Oh/UH ,/,  [ I/PRP ] see/VBP ,/,","(S (INTJ (UH Oh)) (, ,) (NP-SBJ (PRP I)) (VP (VBP see)) (, ,) (-DFL- E_S))",142,346.36,346.62
sw01utt/sw_0178_3038.utt,3/sw3038,3038,97,b,B,52,2,uh-huh. /,[ uh-huh/UH ] ./.,(INTJ (UH uh-huh) (. .) (-DFL- E_S)),143,346.62,346.72
sw01utt/sw_0178_3038.utt,3/sw3038,3038,98,sd,A,53,1,-- {C and } he speaks very broken English.  /,--/: and/CC  [ he/PRP ] speaks/VBZ very/RB broken/VBN  [ English/NNP ] ./.,(S (CC and) (NP-SBJ (PRP he)) (VP (VBZ speaks) (NP (ADJP (RB very) (VBN broken)) (NNP English))) (. .) (-DFL- E_S)),145,346.82,348.34
sw01utt/sw_0178_3038.utt,3/sw3038,3038,99,sd,A,53,2,"{C And } basically he played, {F uh, } a Frenchman who married an American girl, {F uh, }  in a marriage of convenience --","And/CC basically/RB  [ he/PRP ] played/VBD ,/,  [ uh/UH ] ,/,  [ a/DT Frenchman/NNP ] [ who/WP ] married/VBD  [ an/DT American/JJ girl/NN ] ,/,  [ uh/UH ] ,/, in/IN  [ a/DT marriage/NN ] of/IN  [ convenience/NN ] --/:","(S (CC And) (ADVP (RB basically)) (NP-SBJ (PRP he)) (VP (VBD played) (, ,) (INTJ (UH uh)) (, ,) (NP (NP (DT a) (NNP Frenchman)) (SBAR (WHNP-1 (WP who)) (S (NP-SBJ (-NONE- *T*-1)) (VP (VBD married) (NP (DT an) (JJ American) (NN girl)) (, ,) (INTJ (UH uh)) (, ,) (PP (IN in) (NP (NP (DT a) (NN marriage)) (PP (IN of) (NP (NN convenience))))) (SBAR-ADV (IN so) (IN that) (S (NP-SBJ (PRP he)) (VP (MD could) (VP (VB get) (NP (NP (PRP$ his) (JJ green) (NN card)) (, ,) (SBAR (WHNP-2 (WDT which)) (S (NP-SBJ (-NONE- *T*-2)) (VP (VBZ is) (SBAR-NOM-PRD (WHNP-3 (WP what)) (S (NP-SBJ-4 (DT an) (JJ alien)) (VP (VBZ needs) (NP (-NONE- *T*-3)) (S-ADV (NP-SBJ (-NONE- *-4)) (VP (TO to) (VP (VB work) (PP-LOC (IN in) (NP (DT this) (NN country)))))))))))))))))))))) (. .) (-DFL- E_S))",146,349.42,357.5
sw01utt/sw_0178_3038.utt,3/sw3038,3038,100,b,B,54,1,Uh-huh. /,[ Uh-huh/UH ] ./.,(INTJ (UH Uh-huh) (. .) (-DFL- E_S)),118,357.58,357.97999999999996
sw01utt/sw_0178_3038.utt,3/sw3038,3038,101,+,A,55,1,"-- so that he could get his green card,  which is what an alien needs to work in this country. /","--/: so/IN that/IN  [ he/PRP ] could/MD get/VB  [ his/PRP$ green/JJ card/NN ] ,/,  [ which/WDT ] is/VBZ  [ what/WP ] [ an/DT alien/JJ needs/VBZ ] to/TO work/VB in/IN  [ this/DT country/NN ] ./.","(S (CC And) (ADVP (RB basically)) (NP-SBJ (PRP he)) (VP (VBD played) (, ,) (INTJ (UH uh)) (, ,) (NP (NP (DT a) (NNP Frenchman)) (SBAR (WHNP-1 (WP who)) (S (NP-SBJ (-NONE- *T*-1)) (VP (VBD married) (NP (DT an) (JJ American) (NN girl)) (, ,) (INTJ (UH uh)) (, ,) (PP (IN in) (NP (NP (DT a) (NN marriage)) (PP (IN of) (NP (NN convenience))))) (SBAR-ADV (IN so) (IN that) (S (NP-SBJ (PRP he)) (VP (MD could) (VP (VB get) (NP (NP (PRP$ his) (JJ green) (NN card)) (, ,) (SBAR (WHNP-2 (WDT which)) (S (NP-SBJ (-NONE- *T*-2)) (VP (VBZ is) (SBAR-NOM-PRD (WHNP-3 (WP what)) (S (NP-SBJ-4 (DT an) (JJ alien)) (VP (VBZ needs) (NP (-NONE- *T*-3)) (S-ADV (NP-SBJ (-NONE- *-4)) (VP (TO to) (VP (VB work) (PP-LOC (IN in) (NP (DT this) (NN country)))))))))))))))))))))) (. .) (-DFL- E_S))",146,358.08,362.02
sw01utt/sw_0178_3038.utt,3/sw3038,3038,102,b,B,56,1,"Right,  /","Right/UH ,/,","(INTJ (UH Right) (, ,) (-DFL- E_S))",151,362.0,362.42
sw01utt/sw_0178_3038.utt,3/sw3038,3038,103,b^r,B,56,2,uh-huh. /,[ uh-huh/UH ] ./.,(INTJ (UH uh-huh) (. .) (-DFL- E_S)),143,362.81,362.93
sw01utt/sw_0178_3038.utt,3/sw3038,3038,104,sd,A,57,1,"{C And, }  {F uh, } because she  could claim she was married, she could get, {F uh, } an apartment or a condominium in a very exclusive  building in New York that had [ a garden, +  [ [ an, +  an, ] +  an ] outside garden, ] which is very unusual there. /","And/CC ,/,  [ uh/UH ] ,/, because/IN  [ she/PRP ] could/MD claim/VB  [ she/PRP ] was/VBD married/JJ ,/,  [ she/PRP ] could/MD get/VB ,/,  [ uh/UH ] ,/,  [ an/DT apartment/NN ] or/CC  [ a/DT condominium/NN ] in/IN  [ a/DT very/RB exclusive/JJ building/NN ] in/IN  [ New/NNP York/NNP ] [ that/WDT ] had/VBD  [ a/DT garden/NN ] ,/,  [ an/DT ] ,/,  [ an/DT ] ,/,  [ an/DT outside/JJ garden/NN ] ,/,  [ which/WDT ] is/VBZ very/RB unusual/JJ there/RB ./.","(S (CC And) (, ,) (INTJ (UH uh)) (, ,) (SBAR-PRP (IN because) (S (NP-SBJ (PRP she)) (VP (MD could) (VP (VB claim) (SBAR (-NONE- 0) (S (NP-SBJ (PRP she)) (VP (VBD was) (ADJP-PRD (JJ married))))))))) (, ,) (NP-SBJ (PRP she)) (VP (MD could) (VP (VB get) (, ,) (INTJ (UH uh)) (, ,) (NP (NP (NP (DT an) (NN apartment)) (CC or) (NP (DT a) (NN condominium))) (PP-LOC (IN in) (NP (NP (DT a) (ADJP (RB very) (JJ exclusive)) (NN building)) (PP-LOC (IN in) (NP (NNP New) (NNP York))))) (SBAR (WHNP-1 (WDT that)) (S (NP-SBJ (-NONE- *T*-1)) (VP (VP (VBD had) (EDITED (RM (-DFL- \[)) (NP (DT a) (NN garden)) (, ,) (IP (-DFL- \+))) (EDITED (RM (-DFL- \[)) (EDITED (RM (-DFL- \[)) (NP-UNF (DT an)) (, ,) (IP (-DFL- \+))) (NP-UNF (DT an)) (, ,) (RS (-DFL- \])) (IP (-DFL- \+))) (NP (DT an) (RS (-DFL- \])) (JJ outside) (NN garden))) (, ,) (RS (-DFL- \])) (SBAR (WHNP-2 (WDT which)) (S (NP-SBJ (-NONE- *T*-2)) (VP (VBZ is) (ADJP-PRD (RB very) (JJ unusual)) (ADVP-LOC (RB there))))))))))) (. .) (-DFL- E_S))",154,363.04,373.91999999999996
sw01utt/sw_0178_3038.utt,3/sw3038,3038,105,b,B,58,1,Uh-huh. /,[ Uh-huh/UH ] ./.,(INTJ (UH Uh-huh) (. .) (-DFL- E_S)),124,374.13,374.40999999999997
sw01utt/sw_0178_3038.utt,3/sw3038,3038,106,sd,A,59,1,"{C So } she was a horticulturist,  /","So/RB  [ she/PRP ] was/VBD  [ a/DT horticulturist/NN ] ,/,","(S (RB So) (NP-SBJ (PRP she)) (VP (VBD was) (NP-PRD (DT a) (NN horticulturist))) (, ,) (-DFL- E_S))",158,374.52,375.84000000000003
sw01utt/sw_0178_3038.utt,3/sw3038,3038,107,sd,A,59,2,{C and } that was sort of her dream. /,and/CC  [ that/DT ] was/VBD  [ sort/RB ] of/RB  [ her/PRP$ dream/NN ] ./.,(S (CC and) (NP-SBJ (DT that)) (VP (VBD was) (ADVP (RB sort) (RB of)) (NP-PRD (PRP$ her) (NN dream))) (. .) (-DFL- E_S)),159,375.84,376.88
sw01utt/sw_0178_3038.utt,3/sw3038,3038,108,bk,B,60,1,"{F Oh, } I see,  /","Oh/UH ,/,  [ I/PRP ] see/VBP ,/,","(S (INTJ (UH Oh)) (, ,) (NP-SBJ (PRP I)) (VP (VBP see)) (, ,) (-DFL- E_S))",142,377.13,377.57
sw01utt/sw_0178_3038.utt,3/sw3038,3038,109,b,B,60,2,uh-huh. /,[ uh-huh/UH ] ./.,(INTJ (UH uh-huh) (. .) (-DFL- E_S)),143,377.57,377.69
sw01utt/sw_0178_3038.utt,3/sw3038,3038,110,sd,A,61,1,"Of course, {D you know, } they got married  /","Of/IN  [ course/NN ] ,/,  [ you/PRP ] know/VBP ,/,  [ they/PRP ] got/VBD married/JJ","(S (PP (IN Of) (NP (NN course))) (PRN (, ,) (S (NP-SBJ (PRP you)) (VP (VBP know))) (, ,)) (NP-SBJ (PRP they)) (VP (VBD got) (ADJP-PRD (JJ married))) (-DFL- E_S))",164,377.8,378.85999999999996
sw01utt/sw_0178_3038.utt,3/sw3038,3038,111,sd,A,61,2,{C and } they never saw each other again. /,and/CC  [ they/PRP ] never/RB saw/VBD  [ each/DT other/JJ ] again/RB ./.,(S (CC and) (NP-SBJ (PRP they)) (ADVP-TMP (RB never)) (VP (VBD saw) (NP (DT each) (JJ other)) (ADVP (RB again))) (. .) (-DFL- E_S)),165,378.86,380.08
sw01utt/sw_0178_3038.utt,3/sw3038.pos,3038,112,x,B,62,1,<Laughter>.,./.,,,0.0,0.0
sw01utt/sw_0178_3038.utt,3/sw3038,3038,113,sd,A,63,1,"[ Except, +  except ] fate through them together / *[[through -> threw]]","Except/IN ,/, except/IN  [ fate/NN ] through/IN  [ them/PRP ] together/RB","(S (EDITED (RM (-DFL- \[)) (ADVP (IN Except)) (, ,) (IP (-DFL- \+))) (ADVP (IN except)) (RS (-DFL- \])) (NP-SBJ (NN fate)) (VP (TYPO (IN through)) (NP (PRP them)) (ADVP (RB together))) (-DFL- E_S))",168,380.44,382.41999999999996
sw01utt/sw_0178_3038.utt,3/sw3038,3038,114,sd,A,63,2,"{C and } the Immigration and  [ national-, + Naturalization ] Service, {F uh, } started investigating.  /","and/CC  [ the/DT Immigration/NNP ] and/CC  [ national-/NNP ] ,/,  [ Naturalization/NNP Service/NNP ] ,/,  [ uh/UH ] ,/, started/VBD investigating/VBG ./.","(S (CC and) (NP-SBJ-1 (DT the) (NNP Immigration) (CC and) (EDITED (RM (-DFL- \[)) (NNP national-) (, ,) (IP (-DFL- \+))) (NNP Naturalization) (RS (-DFL- \])) (NNP Service)) (, ,) (INTJ (UH uh)) (, ,) (VP (VBD started) (S (NP-SBJ (-NONE- *-1)) (VP (VBG investigating)))) (. .) (-DFL- E_S))",169,382.42,388.3
sw01utt/sw_0178_3038.utt,3/sw3038,3038,115,sd,A,63,3,"{C So } they had to get back together and get their stories straight, /","So/RB  [ they/PRP ] had/VBD to/TO get/VB back/RB together/RB and/CC get/VB  [ their/PRP$ stories/NNS ] straight/JJ ,/,","(S (RB So) (NP-SBJ-1 (PRP they)) (VP (VBD had) (S (NP-SBJ (-NONE- *-1)) (VP (TO to) (VP (VP (VB get) (ADVP (RB back) (RB together))) (CC and) (VP (VB get) (S (NP-SBJ (PRP$ their) (NNS stories)) (ADJP-PRD (JJ straight)))))))) (, ,) (-DFL- E_S))",170,388.3,390.7
sw01utt/sw_0178_3038.utt,3/sw3038.pos,3038,116,x,B,64,1,<Laughter>.,./.,,,0.0,0.0
sw01utt/sw_0178_3038.utt,3/sw3038,3038,117,sd,A,65,1,"<Laughter> [ {C and, } + {C and } ]  she was a very svelte, sophisticated urban New Yorker -- /","and/CC ,/, and/CC  [ she/PRP ] was/VBD  [ a/DT very/RB svelte/JJ ] ,/,  [ sophisticated/JJ urban/JJ New/NNP Yorker/NNP ] --/:","(S (EDITED (RM (-DFL- \[)) (CC and) (, ,) (IP (-DFL- \+))) (CC and) (RS (-DFL- \])) (NP-SBJ (PRP she)) (VP (VBD was) (NP-PRD (DT a) (ADJP (RB very) (JJ svelte)) (, ,) (JJ sophisticated) (JJ urban) (NNP New) (NNP Yorker))) (-DFL- E_S))",173,392.66,398.52
sw01utt/sw_0178_3038.utt,3/sw3038,3038,118,%,B,66,1,{F Oh. } /,Oh/UH ./.,(INTJ (UH Oh) (. .) (-DFL- E_S)),175,398.41,398.47
sw01utt/sw_0178_3038.utt,3/sw3038,3038,119,sd,A,67,1,"-- {C and } he was [ a, +  a ]  poor Frenchman who had grown up [ on the, +  on the ] streets and sort of pulled himself up by his bootstraps  and claimed to be a composer,  /","--/: and/CC  [ he/PRP ] was/VBD  [ a/DT ] ,/,  [ a/DT poor/JJ Frenchman/NNP ] [ who/WP ] had/VBD grown/VBN up/RP on/IN  [ the/DT ] ,/, on/IN  [ the/DT streets/NNS ] and/CC  [ sort/RB ] of/RB pulled/VBN  [ himself/PRP ] up/RP by/IN  [ his/PRP$ bootstraps/NNS ] and/CC claimed/VBN to/TO be/VB  [ a/DT composer/NN ] ,/,","(S (CC and) (NP-SBJ (PRP he)) (VP (VBD was) (EDITED (RM (-DFL- \[)) (NP-PRD-UNF (DT a)) (, ,) (IP (-DFL- \+))) (NP-PRD (NP (DT a) (RS (-DFL- \])) (JJ poor) (NNP Frenchman)) (SBAR (WHNP-1 (WP who)) (S (NP-SBJ-2 (-NONE- *T*-1)) (VP (VP (VBD had) (VP (VP (VBN grown) (PRT (RP up)) (EDITED (RM (-DFL- \[)) (PP-LOC (IN on) (NP-UNF (DT the))) (, ,) (IP (-DFL- \+))) (PP-LOC (IN on) (NP (DT the) (RS (-DFL- \])) (NNS streets)))) (CC and) (ADVP (RB sort) (RB of)) (VP (VBN pulled) (NP (PRP himself)) (PRT (RP up)) (PP (IN by) (NP (PRP$ his) (NNS bootstraps)))))) (CC and) (VP (VBN claimed) (S (NP-SBJ (-NONE- *-2)) (VP (TO to) (VP (VB be) (NP-PRD (DT a) (NN composer))))))))))) (, ,) (-DFL- E_S))",177,398.58,406.59999999999997
sw01utt/sw_0178_3038.utt,3/sw3038,3038,120,sd,A,67,2,{C but } there was no proof whatsoever <noise> that he really was. /,but/CC  [ there/EX ] was/VBD  [ no/DT proof/NN ] whatsoever/WRB that/IN  [ he/PRP ] really/RB was/VBD ./.,(S (CC but) (NP-SBJ (EX there)) (VP (VBD was) (NP-PRD (NP (NP (DT no) (NN proof)) (ADVP (WRB whatsoever))) (SBAR (IN that) (S (NP-SBJ (PRP he)) (ADVP (RB really)) (VP (VBD was) (NP-PRD (-NONE- *?*))))))) (. .) (-DFL- E_S)),178,406.6,408.71999999999997
sw01utt/sw_0178_3038.utt,3/sw3038,3038,121,b,B,68,1,Uh-huh. /,[ Uh-huh/UH ] ./.,(INTJ (UH Uh-huh) (. .) (-DFL- E_S)),156,408.79,408.97
sw01utt/sw_0178_3038.utt,3/sw3038,3038,122,sd,A,69,1,He'd been working in a restaurant when they met. /,[ He/PRP ] 'd/VBD been/VBN working/VBG in/IN  [ a/DT restaurant/NN ] when/WRB  [ they/PRP ] met/VBD ./.,(S (NP-SBJ (PRP He)) (VP (VBD 'd) (VP (VBN been) (VP (VBG working) (PP-LOC (IN in) (NP (DT a) (NN restaurant))) (SBAR-TMP (WHADVP-1 (WRB when)) (S (NP-SBJ (PRP they)) (VP (VBD met) (ADVP-TMP (-NONE- *T*-1)))))))) (. .) (-DFL- E_S)),182,409.08,411.18
sw01utt/sw_0178_3038.utt,3/sw3038,3038,123,b,B,70,1,Uh-huh. /,[ Uh-huh/UH ] ./.,(INTJ (UH Uh-huh) (. .) (-DFL- E_S)),156,411.35,411.63
sw01utt/sw_0178_3038.utt,3/sw3038,3038,124,sd,A,71,1,"<Lipsmack> {C And, }  {F uh, } they had to  learn all about each other basically --","And/CC ,/,  [ uh/UH ] ,/,  [ they/PRP ] had/VBD to/TO learn/VB  [ all/DT ] about/IN  [ each/DT other/JJ ] basically/RB --/:","(S (CC And) (, ,) (INTJ (UH uh)) (, ,) (NP-SBJ-1 (PRP they)) (VP (VBD had) (S (NP-SBJ (-NONE- *-1)) (VP (TO to) (VP (VB learn) (PP (DT all) (IN about) (NP (DT each) (JJ other))) (ADVP (RB basically)) (EDITED (RM (-DFL- \[)) (PP-TMP (IN in) (NP-UNF (DT a))) (, ,) (IP (-DFL- \+))) (PP-TMP (IN in) (NP (DT a) (RS (-DFL- \])) (NN weekend))))))) (. .) (-DFL- E_S))",186,412.18,415.78000000000003
sw01utt/sw_0178_3038.utt,3/sw3038,3038,125,bf,B,72,1,Just then. /,Just/RB then/RB ./.,(ADVP-TMP (RB Just) (RB then) (. .) (-DFL- E_S)),188,415.67,415.99
sw01utt/sw_0178_3038.utt,3/sw3038,3038,126,+,A,73,1,"-- [ in a, + in a ] weekend.  /","--/: in/IN  [ a/DT ] ,/, in/IN  [ a/DT weekend/NN ] ./.","(S (CC And) (, ,) (INTJ (UH uh)) (, ,) (NP-SBJ-1 (PRP they)) (VP (VBD had) (S (NP-SBJ (-NONE- *-1)) (VP (TO to) (VP (VB learn) (PP (DT all) (IN about) (NP (DT each) (JJ other))) (ADVP (RB basically)) (EDITED (RM (-DFL- \[)) (PP-TMP (IN in) (NP-UNF (DT a))) (, ,) (IP (-DFL- \+))) (PP-TMP (IN in) (NP (DT a) (RS (-DFL- \])) (NN weekend))))))) (. .) (-DFL- E_S))",186,416.1,416.84
sw01utt/sw_0178_3038.utt,3/sw3038,3038,127,sd,A,73,2,"{C And, }  {F uh, } it was, - /","And/CC ,/,  [ uh/UH ] ,/,  [ it/PRP ] was/VBD ,/,","(S (CC And) (, ,) (INTJ (UH uh)) (, ,) (NP-SBJ (PRP it)) (VP-UNF (VBD was)) (, ,) (-DFL- N_S))",190,417.26,418.32
sw01utt/sw_0178_3038.utt,3/sw3038,3038,128,sd,A,73,3,"you knew what was going to happen, of course.","[ you/PRP ] knew/VBD  [ what/WP ] was/VBD going/VBG to/TO happen/VB ,/, of/IN  [ course/NN ] ./.","(S (NP-SBJ (PRP you)) (VP (VBD knew) (SBAR (SBAR (WHNP-1 (WP what)) (S (NP-SBJ-2 (-NONE- *T*-1)) (VP (VBD was) (VP (VBG going) (S (NP-SBJ (-NONE- *-2)) (VP (TO to) (VP (VB happen)))))))) (, ,) (PP (IN of) (NP (NN course))) (. .) (SBAR (IN That) (S (NP-SBJ (PRP they)) (VP (MD would) (VP (VB fall) (PP (IN in) (NP (NN love))))))))) (. .) (-DFL- E_S))",191,418.32,420.46
sw01utt/sw_0178_3038.utt,3/sw3038,3038,129,b,B,74,1,Uh-huh. /,[ Uh-huh/UH ] ./.,(INTJ (UH Uh-huh) (. .) (-DFL- E_S)),180,420.55,420.83
sw01utt/sw_0178_3038.utt,3/sw3038,3038,130,+,A,75,1,That they would fall in love.  /,That/IN  [ they/PRP ] would/MD fall/VB in/IN  [ love/NN ] ./.,"(S (NP-SBJ (PRP you)) (VP (VBD knew) (SBAR (SBAR (WHNP-1 (WP what)) (S (NP-SBJ-2 (-NONE- *T*-1)) (VP (VBD was) (VP (VBG going) (S (NP-SBJ (-NONE- *-2)) (VP (TO to) (VP (VB happen)))))))) (, ,) (PP (IN of) (NP (NN course))) (. .) (SBAR (IN That) (S (NP-SBJ (PRP they)) (VP (MD would) (VP (VB fall) (PP (IN in) (NP (NN love))))))))) (. .) (-DFL- E_S))",191,421.18,422.36
sw01utt/sw_0178_3038.utt,3/sw3038,3038,131,sd,A,75,2,"{D Well, } they fell into like, at any rate  /","Well/UH ,/,  [ they/PRP ] fell/VBD into/IN like/IN ,/, at/IN  [ any/DT rate/NN ]","(S (INTJ (UH Well)) (, ,) (NP-SBJ (PRP they)) (VP (VBD fell) (PP (IN into) (NP (IN like))) (, ,) (PP (IN at) (NP (DT any) (NN rate)))) (-DFL- E_S))",195,422.48,424.54
sw01utt/sw_0178_3038.utt,3/sw3038,3038,132,sd,A,75,3,[ {C and } -- +,and/CC --/:,"(S (CC and) (NP-SBJ-1 (DT the) (NNP Immigration) (CC and) (EDITED (RM (-DFL- \[)) (NNP national-) (, ,) (IP (-DFL- \+))) (NNP Naturalization) (RS (-DFL- \])) (NNP Service)) (, ,) (INTJ (UH uh)) (, ,) (VP (VBD started) (S (NP-SBJ (-NONE- *-1)) (VP (VBG investigating)))) (. .) (-DFL- E_S))",169,424.64,424.82
sw01utt/sw_0178_3038.utt,3/sw3038,3038,133,b,B,76,1,"Right,  /","Right/UH ,/,","(INTJ (UH Right) (, ,) (-DFL- E_S))",198,424.71,425.10999999999996
sw01utt/sw_0178_3038.utt,3/sw3038,3038,134,b,B,76,2,uh-huh. /,[ uh-huh/UH ] ./.,(INTJ (UH uh-huh) (. .) (-DFL- E_S)),199,425.11,425.35
sw01utt/sw_0178_3038.utt,3/sw3038,3038,135,+,A,77,1,"-- {C and } ] when they went to the  query or inquisition or whatever, {F uh, } <lipsmack> they did perfectly  /","--/: and/CC when/WRB  [ they/PRP ] went/VBD to/IN  [ the/DT query/NN ] or/CC  [ inquisition/NN ] or/CC  [ whatever/WP ] ,/,  [ uh/UH ] ,/,  [ they/PRP ] did/VBD perfectly/RB","(S (EDITED (RM (-DFL- \[)) (CC and) (IP (-DFL- \+))) (CC and) (RS (-DFL- \])) (SBAR-TMP (WHADVP-1 (WRB when)) (S (NP-SBJ (PRP they)) (VP (VBD went) (PP (IN to) (NP (DT the) (NN query) (CC or) (NN inquisition) (CC or) (WP whatever))) (ADVP-TMP (-NONE- *T*-1))))) (, ,) (INTJ (UH uh)) (, ,) (NP-SBJ (PRP they)) (VP (VBD did) (ADVP-MNR (RB perfectly))) (-DFL- E_S))",196,426.06,432.9
sw01utt/sw_0178_3038.utt,3/sw3038,3038,136,sd,A,77,2,"{C and then } he said something, because his English was so poor [ on, +  for ] the most part,  /","and/CC then/RB  [ he/PRP ] said/VBD  [ something/NN ] ,/, because/IN  [ his/PRP$ English/NNP ] was/VBD so/RB poor/JJ on/IN ,/, for/IN  [ the/DT most/JJS part/NN ] ,/,","(S (CONJP (CC and) (RB then)) (NP-SBJ (PRP he)) (VP (VBD said) (NP (NN something)) (, ,) (SBAR-PRP (IN because) (S (NP-SBJ (PRP$ his) (NNP English)) (VP (VBD was) (ADJP-PRD (RB so) (JJ poor)) (EDITED (RM (-DFL- \[)) (PP-UNF (IN on)) (, ,) (IP (-DFL- \+))) (PP (IN for) (RS (-DFL- \])) (NP (DT the) (JJS most) (NN part))))))) (, ,) (-DFL- E_S))",201,432.9,436.24
sw01utt/sw_0178_3038.utt,3/sw3038,3038,137,sd(^q),A,77,3,"[ he, +  he ] was so proud of himself for giving [ ex-, +  all the correct ] answers [ that, +  that ]  on the last one he said, {F oh, } I never remember that answer  /","[ he/PRP ] ,/,  [ he/PRP ] was/VBD so/RB proud/JJ of/IN  [ himself/PRP ] for/IN giving/VBG  [ ex-/XX ] ,/,  [ all/PDT the/DT correct/JJ answers/NNS ] that/IN ,/, that/IN on/IN  [ the/DT last/JJ one/NN he/PRP ] said/VBD ,/, oh/UH ,/,  [ I/PRP ] never/RB remember/VBP  [ that/DT answer/NN ]","(S (EDITED (RM (-DFL- \[)) (NP-SBJ (PRP he)) (, ,) (IP (-DFL- \+))) (NP-SBJ (PRP he)) (RS (-DFL- \])) (VP (VBD was) (ADJP-PRD (ADJP (RB so) (JJ proud)) (PP (IN of) (NP (PRP himself))) (PP (IN for) (S-NOM (NP-SBJ (-NONE- *)) (VP (VBG giving) (EDITED (RM (-DFL- \[)) (X (XX ex-)) (, ,) (IP (-DFL- \+))) (NP (PDT all) (DT the) (JJ correct) (RS (-DFL- \])) (NNS answers))))) (SBAR (EDITED (RM (-DFL- \[)) (SBAR-UNF (IN that)) (, ,) (IP (-DFL- \+))) (IN that) (RS (-DFL- \])) (S (PP (IN on) (NP (DT the) (JJ last) (NN one))) (NP-SBJ (PRP he)) (VP (VBD said) (, ,) (S-SEZ (INTJ (UH oh)) (, ,) (NP-SBJ (PRP I)) (ADVP-TMP (RB never)) (VP (VBP remember) (NP (DT that) (NN answer))))))))) (-DFL- E_S))",202,436.26,443.17999999999995
sw01utt/sw_0178_3038.utt,3/sw3038,3038,138,sd,A,77,4,{C and } that clued the  investigator that he had memorized a series of answers. /,and/CC  [ that/WDT ] clued/VBD  [ the/DT investigator/NN ] that/IN  [ he/PRP ] had/VBD memorized/VBN  [ a/DT series/NN ] of/IN  [ answers/NNS ] ./.,(S (CC and) (NP-SBJ (WDT that)) (VP (VBD clued) (NP (DT the) (NN investigator)) (SBAR (IN that) (S (NP-SBJ (PRP he)) (VP (VBD had) (VP (VBN memorized) (NP (NP (DT a) (NN series)) (PP (IN of) (NP (NNS answers))))))))) (. .) (-DFL- E_S)),203,443.18,447.46000000000004
sw01utt/sw_0178_3038.utt,3/sw3038,3038,139,b,B,78,1,Uh-huh.  /,[ Uh-huh/UH ] ./.,(INTJ (UH Uh-huh) (. .) (-DFL- E_S)),180,447.57,448.11
sw01utt/sw_0178_3038.utt,3/sw3038,3038,140,b^r,B,78,2,Uh-huh. /,[ Uh-huh/UH ] ./.,(INTJ (UH Uh-huh) (. .) (-DFL- E_S)),180,448.23,448.47
sw01utt/sw_0178_3038.utt,3/sw3038,3038,141,%,A,79,1,"{C So, }  {F uh, } -/","So/UH ,/,  [ uh/UH ] ,/,","(S-UNF (RB So) (, ,) (INTJ (UH uh)) (, ,) (-DFL- N_S))",208,448.58,449.44
