swda_filename,ptb_basename,conversation_no,transcript_index,act_tag,caller,utterance_index,subutterance_index,text,pos,trees,ptb_treenumbers,start_ts,end_ts
sw02utt/sw_0292_3023.utt,3/sw3023,3023,0,%,A,1,1,"I have, {F uh, } - /","[ I/PRP ] have/VBP ,/,  [ uh/UH ] ,/,","(S (NP-SBJ (PRP I)) (VP-UNF (VBP have) (, ,) (INTJ (UH uh))) (, ,) (-DFL- N_S))",1,0.86,2.4800000000000004
sw02utt/sw_0292_3023.utt,3/sw3023,3023,1,sd,A,1,2,"[ I, + {D well, } I ] used to have the opinion [ that there + [ wa-, + ] that there ] really was not any more crime in America, in the cities, {D anyway, } than there was in previous centuries, {F uh, } before, {F uh, } - /","[ I/PRP ] ,/, well/UH ,/,  [ I/PRP ] used/VBD to/TO have/VB  [ the/DT opinion/NN ] that/IN there/EX  [ wa/VBD ] ,/, that/IN  [ there/EX ] really/RB was/VBD not/RB  [ any/DT more/JJR crime/NN ] in/IN  [ America/NNP ] ,/, in/IN  [ the/DT cities/NNS ] ,/, anyway/UH ,/, than/IN  [ there/EX ] was/VBD in/IN  [ previous/JJ centuries/NNS ] ,/,  [ uh/UH ] ,/, before/RB ,/,  [ uh/UH ] ,/,","(S (EDITED (RM (-DFL- \[)) (NP-SBJ (PRP I)) (, ,) (IP (-DFL- \+))) (INTJ (UH well)) (, ,) (NP-SBJ-1 (PRP I)) (RS (-DFL- \])) (VP (VBD used) (S (NP-SBJ (-NONE- *-1)) (VP (TO to) (VP (VB have) (NP (DT the) (NN opinion) (SBAR (EDITED (RM (-DFL- \[)) (SBAR (IN that) (S (NP-SBJ (EX there)) (IP (-DFL- \+)) (RM (-DFL- \[)) (VP-UNF (VBD wa-)))) (, ,) (IP (-DFL- \+)) (RS (-DFL- \]))) (IN that) (S (NP-SBJ (EX there)) (RS (-DFL- \])) (ADVP (RB really)) (VP (VBD was) (RB not) (NP-PRD (NP (DT any) (JJR more) (NN crime)) (SBAR (-NONE- *ICH*-2))) (PP-LOC (IN in) (NP (NNP America))) (, ,) (PP-LOC (IN in) (NP (DT the) (NNS cities))) (, ,) (ADVP (UH anyway)) (, ,) (SBAR-2 (IN than) (S (NP-SBJ (EX there)) (VP (VBD was) (NP-PRD (-NONE- *?*)) (PP-TMP (IN in) (NP (JJ previous) (NNS centuries))) (, ,) (INTJ (UH uh)) (, ,) (PP-TMP-UNF (RB before) (, ,) (INTJ (UH uh)))))))))))))) (, ,) (-DFL- N_S))",2,3.34,13.48
sw02utt/sw_0292_3023.utt,3/sw3023,3023,2,%,A,1,3,simply because. - /,simply/RB because/IN ./.,(SBAR-PRP-UNF (ADVP (RB simply)) (IN because) (. .) (-DFL- N_S)),3,13.92,14.74
sw02utt/sw_0292_3023.utt,3/sw3023,3023,3,sv,A,1,4,"The reason there seems to be so much was the fact that the police now had advanced, {F uh, } reporting methods, with computers and other devices. /","[ The/DT reason/NN ] there/EX seems/VBZ to/TO be/VB so/RB much/JJ was/VBD  [ the/DT fact/NN ] that/IN  [ the/DT police/NN ] now/RB had/VBD advanced/JJ ,/,  [ uh/UH ] ,/, reporting/NN  [ methods/NNS ] ,/, with/IN  [ computers/NNS ] and/CC  [ other/JJ devices/NNS ] ./.","(S (NP-SBJ (NP (DT The) (NN reason)) (SBAR (WHADVP-2 (-NONE- 0)) (S (NP-SBJ-1 (EX there)) (VP (VBZ seems) (S (NP-SBJ (-NONE- *-1)) (VP (TO to) (VP (VB be) (NP-PRD (ADJP (RB so) (JJ much))) (ADVP-PRP (-NONE- *T*-2))))))))) (VP (VBD was) (NP-PRD (DT the) (NN fact) (SBAR (IN that) (S (NP-SBJ (DT the) (NN police)) (ADVP-TMP (RB now)) (VP (VBD had) (NP (NP (JJ advanced) (, ,) (INTJ (UH uh)) (, ,) (NN reporting) (NNS methods)) (, ,) (PP (IN with) (NP (NP (NNS computers)) (CC and) (NP (JJ other) (NNS devices)))))))))) (. .) (-DFL- E_S))",4,14.94,24.28
sw02utt/sw_0292_3023.utt,3/sw3023,3023,4,bf,B,2,1,Compile more statistics. /,Compile/VB  [ more/JJR statistics/NNS ] ./.,(S (NP-SBJ (-NONE- *)) (VP (VB Compile) (NP (JJR more) (NNS statistics))) (. .) (-DFL- E_S)),6,24.21,25.43
sw02utt/sw_0292_3023.utt,3/sw3023,3023,5,aa,A,3,1,"That's right,  /","[ That/DT ] 's/BES right/JJ ,/,","(S (NP-SBJ (DT That)) (VP (BES 's) (ADJP-PRD (JJ right))) (, ,) (-DFL- E_S))",8,25.5,26.16
sw02utt/sw_0292_3023.utt,3/sw3023,3023,6,sv,A,3,2,{C and } those statistics <throat_clearing> in turn got them bigger budgets. /,and/CC  [ those/DT statistics/NNS ] in/IN  [ turn/NN ] got/VBD  [ them/PRP bigger/JJR budgets/NNS ] ./.,(S (CC and) (NP-SBJ (DT those) (NNS statistics)) (PP (IN in) (NP (NN turn))) (VP (VBD got) (NP-BNF (PRP them)) (NP (JJR bigger) (NNS budgets))) (. .) (-DFL- E_S)),9,26.16,29.88
sw02utt/sw_0292_3023.utt,3/sw3023,3023,7,b,B,4,1,Uh-huh. /,[ Uh-huh/UH ] ./.,(INTJ (UH Uh-huh) (. .) (-DFL- E_S)),11,30.55,30.67
sw02utt/sw_0292_3023.utt,3/sw3023,3023,8,sv,A,5,1,"However, I have been persuaded, lately, I guess, simply by the, {F uh, } overwhelming data that seems to be available that there is indeed a lot more violent crime. /","However/RB ,/,  [ I/PRP ] have/VBP been/VBN persuaded/VBN ,/, lately/RB ,/,  [ I/PRP ] guess/VBP ,/, simply/RB by/IN  [ the/DT ] ,/,  [ uh/UH ] ,/,  [ overwhelming/JJ data/NN ] [ that/WDT ] seems/VBZ to/TO be/VB available/JJ that/IN  [ there/EX ] is/VBZ indeed/RB  [ a/DT lot/NN ] [ more/RBR violent/JJ crime/NN ] ./.","(S-4 (ADVP (RB However)) (, ,) (NP-SBJ-1 (PRP I)) (VP (VBP have) (VP (VBN been) (VP (VBN persuaded) (NP (-NONE- *-1)) (, ,) (ADVP-TMP (RB lately)) (PRN (, ,) (S (NP-SBJ (PRP I)) (VP (VBP guess) (SBAR (-NONE- 0) (S (-NONE- *T*-4))))) (, ,)) (PP (ADVP (RB simply)) (IN by) (NP-LGS (NP (DT the) (, ,) (INTJ (UH uh)) (, ,) (JJ overwhelming) (NN data)) (SBAR (WHNP-2 (WDT that)) (S (NP-SBJ-3 (-NONE- *T*-2)) (VP (VBZ seems) (S (NP-SBJ (-NONE- *-3)) (VP (TO to) (VP (VB be) (ADJP-PRD (JJ available)))))))))) (SBAR (IN that) (S (NP-SBJ (EX there)) (VP (VBZ is) (ADVP (RB indeed)) (NP-PRD (ADJP (NP-ADV (DT a) (NN lot)) (RBR more)) (JJ violent) (NN crime)))))))) (. .) (-DFL- E_S))",13,30.74,39.13
sw02utt/sw_0292_3023.utt,3/sw3023,3023,9,aa,B,6,1,More especially where you are.  /,More/RBR especially/RB where/WRB  [ you/PRP ] are/VBP ./.,(FRAG (NP (RBR More)) (ADVP (RB especially)) (SBAR-LOC (WHADVP-1 (WRB where)) (S (NP-SBJ (PRP you)) (VP (VBP are) (ADVP-LOC-PRD (-NONE- *T*-1))))) (. .) (-DFL- E_S)),15,39.25,40.33
sw02utt/sw_0292_3023.utt,3/sw3023,3023,10,qr,B,6,2,"Are you,","[ Are/VBP you/PRP ] ,/,","(SQ (VBP Are) (NP-SBJ (PRP you)) (, ,) (PP-LOC-PRD (IN in) (NP (NP (NNP Washington) (NNP D) (NNP C)) (CC or) (NP (NNP Washington) (NN state)))) (. ?) (-DFL- E_S))",16,40.33,40.89
sw02utt/sw_0292_3023.utt,3/sw3023,3023,11,b,A,7,1,"{D Well, } yeah. /","Well/UH ,/, yeah/UH ./.","(INTJ (INTJ (UH Well)) (, ,) (INTJ (UH yeah)) (. .) (-DFL- E_S))",18,40.95,41.23
sw02utt/sw_0292_3023.utt,3/sw3023,3023,12,+,B,8,1,in Washington D C or Washington state? /,in/IN  [ Washington/NNP D/NNP C/NNP ] or/CC  [ Washington/NNP state/NN ] ?/.,"(SQ (VBP Are) (NP-SBJ (PRP you)) (, ,) (PP-LOC-PRD (IN in) (NP (NP (NNP Washington) (NNP D) (NNP C)) (CC or) (NP (NNP Washington) (NN state)))) (. ?) (-DFL- E_S))",16,41.17,42.47
sw02utt/sw_0292_3023.utt,3/sw3023,3023,13,nn,A,9,1,"No,  /","No/UH ,/,","(INTJ (UH No) (, ,) (-DFL- E_S))",21,43.01,43.129999999999995
sw02utt/sw_0292_3023.utt,3/sw3023,3023,14,sd^e,A,9,2,"[ I am in, + I am in ] Washington D C. /","[ I/PRP ] am/VBP in/IN ,/,  [ I/PRP ] am/VBP in/IN  [ Washington/NNP D/NNP C/NNP ] ./.","(S (EDITED (RM (-DFL- \[)) (S (NP-SBJ (PRP I)) (VP (VBP am) (PP-LOC-PRD-UNF (IN in)))) (, ,) (IP (-DFL- \+))) (NP-SBJ (PRP I)) (VP (VBP am) (PP-PRD-LOC (IN in) (RS (-DFL- \])) (NP (NNP Washington) (NNP D) (NNP C)))) (. .) (-DFL- E_S))",22,43.13,44.69
sw02utt/sw_0292_3023.utt,3/sw3023,3023,15,b,B,10,1,"Yeah,  /","Yeah/UH ,/,","(INTJ (UH Yeah) (, ,) (-DFL- E_S))",24,44.63,44.89
sw02utt/sw_0292_3023.utt,3/sw3023,3023,16,b^r,B,10,2,"yeah,  /","yeah/UH ,/,","(INTJ (UH yeah) (, ,) (-DFL- E_S))",25,44.89,45.05
sw02utt/sw_0292_3023.utt,3/sw3023,3023,17,%,B,10,3,"I was going to say, -/","[ I/PRP ] was/VBD going/VBG to/TO say/VB ,/,","(S (NP-SBJ-1 (PRP I)) (VP (VBD was) (VP (VBG going) (S (NP-SBJ (-NONE- *-1)) (VP (TO to) (VP (VB say)))))) (, ,) (-DFL- N_S))",26,45.05,45.47
sw02utt/sw_0292_3023.utt,3/sw3023,3023,18,%,A,11,1,"{D Actually } it, - /","Actually/UH  [ it/PRP ] ,/,","(S-UNF (INTJ (UH Actually)) (NP-SBJ (PRP it)) (, ,) (-DFL- N_S))",28,45.53,46.19
sw02utt/sw_0292_3023.utt,3/sw3023,3023,19,sd,A,11,2,"{D you know, } I do a lot of business here,  /","[ you/PRP ] know/VBP ,/,  [ I/PRP ] do/VBP  [ a/DT lot/NN ] of/IN  [ business/NN ] here/RB ,/,","(S (PRN (S (NP-SBJ (PRP you)) (VP (VBP know))) (, ,)) (NP-SBJ (PRP I)) (VP (VBP do) (NP (NP (DT a) (NN lot)) (PP (IN of) (NP (NN business)))) (ADVP-LOC (RB here))) (, ,) (-DFL- E_S))",29,46.67,47.989999999999995
sw02utt/sw_0292_3023.utt,3/sw3023,3023,20,sd,A,11,3,{C and } I come here quite often  /,and/CC  [ I/PRP ] come/VBP here/RB quite/RB often/RB,(S (CC and) (NP-SBJ (PRP I)) (VP (VBP come) (ADVP-DIR (RB here)) (ADVP-TMP (RB quite) (RB often))) (-DFL- E_S)),30,47.99,49.15
sw02utt/sw_0292_3023.utt,3/sw3023,3023,21,sd,A,11,4,"[ {C and, } +  {C and } ] that again [ is a, + is a ] sort of media perception there's some absolutely lovely and marvelous and peaceful areas in Washington.","and/CC ,/, and/CC  [ that/DT ] again/RB is/VBZ  [ a/DT ] ,/, is/VBZ  [ a/DT sort/NN ] of/IN  [ media/NN perception/NN ] [ there/EX ] 's/BES  [ some/DT ] [ absolutely/RB lovely/JJ ] and/CC  [ marvelous/JJ ] and/CC  [ peaceful/JJ areas/NNS ] in/IN  [ Washington/NNP ] ./.","(S (EDITED (RM (-DFL- \[)) (CC and) (, ,) (IP (-DFL- \+))) (CC and) (RS (-DFL- \])) (NP-SBJ (DT that)) (ADVP (RB again)) (EDITED (RM (-DFL- \[)) (VP (VBZ is) (NP-PRD-UNF (DT a))) (, ,) (IP (-DFL- \+))) (VP (VBZ is) (NP-PRD (NP (DT a) (RS (-DFL- \])) (NN sort)) (PP (IN of) (NP (NN media) (NN perception))))))|||(S (NP-SBJ (EX there)) (VP (BES 's) (NP-PRD (DT some) (ADJP (RB absolutely) (JJ lovely) (CC and) (JJ marvelous) (CC and) (JJ peaceful)) (NNS areas)) (PP-LOC (IN in) (NP (NNP Washington))) (. .) (ADVP (RB Regardless) (PP (IN of) (NP (DT the) (JJ racial) (NN makeup))))) (, ,) (-DFL- E_S))",31|||32,49.15,56.57
sw02utt/sw_0292_3023.utt,3/sw3023,3023,22,b,B,12,1,"{F Oh, } yeah. /","Oh/UH ,/, yeah/UH ./.","(INTJ (INTJ (UH Oh)) (, ,) (INTJ (UH yeah)) (. .) (-DFL- E_S))",34,56.66,57.040000000000006
sw02utt/sw_0292_3023.utt,3/sw3023,3023,23,+,A,13,1,"Regardless of the racial makeup,  /","Regardless/RB of/IN  [ the/DT racial/JJ makeup/NN ] ,/,","(S (NP-SBJ (EX there)) (VP (BES 's) (NP-PRD (DT some) (ADJP (RB absolutely) (JJ lovely) (CC and) (JJ marvelous) (CC and) (JJ peaceful)) (NNS areas)) (PP-LOC (IN in) (NP (NNP Washington))) (. .) (ADVP (RB Regardless) (PP (IN of) (NP (DT the) (JJ racial) (NN makeup))))) (, ,) (-DFL- E_S))",32,57.23,59.089999999999996
sw02utt/sw_0292_3023.utt,3/sw3023,3023,24,%,A,13,2,"{C but } [ it's, + it's ] real, {F uh, } - /","but/CC  [ it/PRP ] 's/BES ,/,  [ it/PRP ] 's/BES real/JJ ,/,  [ uh/UH ] ,/,","(S (CC but) (EDITED (RM (-DFL- \[)) (S (NP-SBJ (PRP it)) (VP-UNF (BES 's))) (, ,) (IP (-DFL- \+))) (NP-SBJ (PRP it)) (VP (BES 's) (RS (-DFL- \])) (ADJP-PRD-UNF (JJ real) (, ,) (INTJ (UH uh)))) (, ,) (-DFL- N_S))",36,59.09,61.550000000000004
sw02utt/sw_0292_3023.utt,3/sw3023,3023,25,sd,A,13,3,"there's pockets of violence that is so violent that they, {F uh, } -/","[ there/EX ] [ 's/BES pockets/NNS ] of/IN  [ violence/NN ] [ that/WDT ] is/VBZ so/RB violent/JJ that/IN  [ they/PRP ] ,/,  [ uh/UH ] ,/,","(S (NP-SBJ (EX there)) (VP (BES 's) (NP-PRD (NP (NNS pockets)) (PP (IN of) (NP (NP (NN violence)) (SBAR (WHNP-1 (WDT that)) (S (NP-SBJ (-NONE- *T*-1)) (VP (VBZ is) (ADJP-PRD (ADJP (RB so) (JJ violent)) (SBAR (IN that) (S-UNF (NP-SBJ (PRP they)) (, ,) (INTJ (UH uh)))))))))))) (, ,) (-DFL- N_S))",37,61.81,64.75
sw02utt/sw_0292_3023.utt,3/sw3023,3023,26,ba,B,14,1,It just really grabs your attention. /,[ It/PRP ] just/RB really/RB grabs/VBZ  [ your/PRP$ attention/NN ] ./.,(S (NP-SBJ (PRP It)) (ADVP (RB just)) (ADVP (RB really)) (VP (VBZ grabs) (NP (PRP$ your) (NN attention))) (. .) (-DFL- E_S)),39,64.68,66.56
sw02utt/sw_0292_3023.utt,3/sw3023,3023,27,aa,A,15,1,Yeah. /,Yeah/UH ./.,(INTJ (UH Yeah) (. .) (-DFL- E_S)),41,66.63,66.85
sw02utt/sw_0292_3023.utt,3/sw3023,3023,28,sv,B,16,1,It just makes the whole place seem like that. /,[ It/PRP ] just/RB makes/VBZ  [ the/DT whole/JJ place/NN ] seem/VB like/IN  [ that/DT ] ./.,(S (NP-SBJ (PRP It)) (ADVP (RB just)) (VP (VBZ makes) (S (NP-SBJ (DT the) (JJ whole) (NN place)) (VP (VB seem) (PP (IN like) (NP (DT that)))))) (. .) (-DFL- E_S)),43,66.78,68.04
sw02utt/sw_0292_3023.utt,3/sw3023,3023,29,b,A,17,1,Right.  /,[ Right/UH ] ./.,(INTJ (UH Right) (. .) (-DFL- E_S)),45,68.11,68.31
sw02utt/sw_0292_3023.utt,3/sw3023,3023,30,sd,A,17,2,"{D Now } just to focus on that a minute, I guess, {F uh, } {F uh, } - /","Now/UH just/RB to/TO focus/VB on/IN that/DT  [ a/DT minute/NN ] ,/,  [ I/PRP ] guess/VBP ,/,  [ uh/UH ] ,/,  [ uh/UH ] ,/,","(S-UNF (INTJ (UH Now)) (ADVP (RB just)) (S-PRP (NP-SBJ (-NONE- *)) (VP (TO to) (VP (VB focus) (PP (IN on) (NP (DT that))) (NP-TMP (DT a) (NN minute))))) (PRN (, ,) (S (NP-SBJ (PRP I)) (VP (VBP guess))) (, ,)) (INTJ (UH uh)) (, ,) (INTJ (UH uh)) (, ,) (-DFL- N_S))",46,68.31,72.99000000000001
sw02utt/sw_0292_3023.utt,3/sw3023,3023,31,sd,A,17,3,"when, {F uh, } <sigh> previous secretary of, {F uh, }  educa-, Bennett, I think his name was,","when/WRB ,/,  [ uh/UH ] ,/,  [ previous/JJ secretary/NN ] of/IN ,/,  [ uh/UH ] ,/,  [ educa-/NN ] ,/,  [ Bennett/NNP ] ,/,  [ I/PRP ] think/VBP  [ his/PRP$ name/NN ] was/VBD ,/,","(S (SBAR-TMP (WHADVP-3 (WRB when)) (, ,) (INTJ (UH uh)) (, ,) (S (EDITED (NP-SBJ (NP (JJ previous) (NN secretary)) (PP (IN of) (, ,) (INTJ (UH uh)) (, ,) (NP-UNF (NN educa-))))) (, ,) (NP-SBJ (NNP Bennett)) (PRN (, ,) (S (NP-SBJ (PRP I)) (VP (VBP think) (SBAR (-NONE- 0) (S (NP-SBJ (PRP$ his) (NN name)) (VP (VBD was) (NP-PRD (-NONE- *?*))))))) (, ,)) (VP (VBD became) (NP-PRD (NP (DT the) (NN drug) (NN czar)) (, ,) (INTJ (UH uh)) (, ,) (PP (IN for) (, ,) (INTJ (UH uh)) (, ,) (NP (NNP President) (NNP Bush)))) (ADVP-TMP (-NONE- *T*-3))))) (, ,) (NP-SBJ-2 (PRP he)) (VP (VBD was) (VP (VBG going) (S (NP-SBJ (-NONE- *-2)) (VP (TO to) (VP (VP (VB focus) (EDITED (RM (-DFL- \[)) (PP (IN on) (NP (PRP it))) (, ,) (IP (-DFL- \+))) (PP (IN on) (RS (-DFL- \])) (NP (DT this) (NN area)))) (CC and) (VP (VB do) (NP (NN something)) (PP (IN about) (NP (PRP it))))))))) (-DFL- E_S))",47,73.65,79.81
sw02utt/sw_0292_3023.utt,3/sw3023,3023,32,b,B,18,1,Yeah. /,Yeah/UH ./.,(INTJ (UH Yeah) (. .) (-DFL- E_S)),41,79.74,80.14
sw02utt/sw_0292_3023.utt,3/sw3023,3023,33,+,A,19,1,"became the drug czar, {F uh, } for, {F uh, } President Bush, he was going to focus [ on it, + on ] this area and do something about it  /","became/VBD  [ the/DT drug/NN czar/NN ] ,/,  [ uh/UH ] ,/, for/IN ,/,  [ uh/UH ] ,/,  [ President/NNP Bush/NNP ] ,/,  [ he/PRP ] was/VBD going/VBG to/TO focus/VB on/IN  [ it/PRP ] ,/, on/IN  [ this/DT area/NN ] and/CC do/VB  [ something/NN ] about/IN  [ it/PRP ]","(S (SBAR-TMP (WHADVP-3 (WRB when)) (, ,) (INTJ (UH uh)) (, ,) (S (EDITED (NP-SBJ (NP (JJ previous) (NN secretary)) (PP (IN of) (, ,) (INTJ (UH uh)) (, ,) (NP-UNF (NN educa-))))) (, ,) (NP-SBJ (NNP Bennett)) (PRN (, ,) (S (NP-SBJ (PRP I)) (VP (VBP think) (SBAR (-NONE- 0) (S (NP-SBJ (PRP$ his) (NN name)) (VP (VBD was) (NP-PRD (-NONE- *?*))))))) (, ,)) (VP (VBD became) (NP-PRD (NP (DT the) (NN drug) (NN czar)) (, ,) (INTJ (UH uh)) (, ,) (PP (IN for) (, ,) (INTJ (UH uh)) (, ,) (NP (NNP President) (NNP Bush)))) (ADVP-TMP (-NONE- *T*-3))))) (, ,) (NP-SBJ-2 (PRP he)) (VP (VBD was) (VP (VBG going) (S (NP-SBJ (-NONE- *-2)) (VP (TO to) (VP (VP (VB focus) (EDITED (RM (-DFL- \[)) (PP (IN on) (NP (PRP it))) (, ,) (IP (-DFL- \+))) (PP (IN on) (RS (-DFL- \])) (NP (DT this) (NN area)))) (CC and) (VP (VB do) (NP (NN something)) (PP (IN about) (NP (PRP it))))))))) (-DFL- E_S))",47,80.21,88.29
sw02utt/sw_0292_3023.utt,3/sw3023,3023,34,sd,A,19,2,"{C and } I see that even he was met [ [ without, + with, ] + with ] little success, even though [ the entire, + ] I guess  [ [ a, + a ] + quite a  ] bit of money and other, {F uh, } planning efforts went into that. /","and/CC  [ I/PRP ] see/VBP that/IN even/RB  [ he/PRP ] was/VBD met/VBN without/IN ,/, with/IN ,/, with/IN  [ little/JJ success/NN ] ,/, even/RB though/IN  [ the/DT entire/JJ ] ,/,  [ I/PRP ] guess/VBP  [ a/DT ] ,/,  [ a/DT ] quite/PDT  [ a/DT bit/NN ] of/IN  [ money/NN ] and/CC  [ other/JJ ] ,/,  [ uh/UH ] ,/, planning/NN  [ efforts/NNS ] went/VBD into/IN  [ that/DT ] ./.","(S (CC and) (NP-SBJ (PRP I)) (VP (VBP see) (SBAR (IN that) (S (NP-SBJ-1 (RB even) (PRP he)) (VP (VBD was) (VP (VBN met) (NP (-NONE- *-1)) (EDITED (RM (-DFL- \[)) (EDITED (RM (-DFL- \[)) (PP-UNF (IN without)) (, ,) (IP (-DFL- \+))) (PP-UNF (IN with)) (, ,) (RS (-DFL- \])) (IP (-DFL- \+))) (PP (IN with) (RS (-DFL- \])) (NP (JJ little) (NN success))) (, ,) (SBAR-ADV (RB even) (IN though) (S-2 (EDITED (RM (-DFL- \[)) (NP-SBJ-UNF (DT the) (JJ entire)) (, ,) (IP (-DFL- \+)) (RS (-DFL- \]))) (PRN (S (NP-SBJ (PRP I)) (VP (VBP guess) (SBAR (-NONE- 0) (S (-NONE- *T*-2)))))) (EDITED (RM (-DFL- \[)) (EDITED (RM (-DFL- \[)) (NP-SBJ-UNF (DT a)) (, ,) (IP (-DFL- \+))) (NP-SBJ-UNF (DT a)) (RS (-DFL- \])) (IP (-DFL- \+))) (NP-SBJ (NP (NP (PDT quite) (DT a) (RS (-DFL- \])) (NN bit)) (PP (IN of) (NP (NN money)))) (CC and) (NP (JJ other) (, ,) (INTJ (UH uh)) (, ,) (NN planning) (NNS efforts))) (VP (VBD went) (PP (IN into) (NP (DT that))))))))))) (. .) (-DFL- E_S))",51,88.29,100.39
sw02utt/sw_0292_3023.utt,3/sw3023,3023,35,qo,B,20,1,"[ What do you, + what do you ] think is causing all this, /","[ What/WP ] do/VBP  [ you/PRP ] ,/,  [ what/WP ] do/VBP  [ you/PRP ] think/VB is/VBZ causing/VBG  [ all/PDT this/DT ] ,/,","(SBARQ (EDITED (RM (-DFL- \[)) (SBARQ (WHNP (WP What)) (SQ-UNF (VBP do) (NP-SBJ (PRP you)))) (, ,) (IP (-DFL- \+))) (WHNP-1 (WP what)) (SQ (VBP do) (NP-SBJ (PRP you)) (RS (-DFL- \])) (VP (VB think) (SBAR (-NONE- 0) (S (NP-SBJ (-NONE- *T*-1)) (VP (VBZ is) (VP (VBG causing) (NP (PDT all) (DT this)))))))) (, ,) (-DFL- E_S))",53,100.78,102.78
sw02utt/sw_0292_3023.utt,3/sw3023,3023,36,%,A,21,1,"{D Well, } -/","Well/UH ,/,","(INTJ (UH Well) (, ,) (-DFL- N_S))",55,102.85,102.99
sw02utt/sw_0292_3023.utt,3/sw3023,3023,37,%,B,22,1,"{C because, } it seems that there - /","because/IN ,/,  [ it/PRP ] seems/VBZ that/IN  [ there/EX ]","(SBAR-PRP (IN because) (, ,) (S (NP-SBJ (PRP it)) (VP (VBZ seems) (SBAR (IN that) (S-UNF (NP-SBJ (EX there)))))) (-DFL- N_S))",57,102.92,103.89999999999999
sw02utt/sw_0292_3023.utt,3/sw3023,3023,38,%,B,22,2,even though - /,even/RB though/IN,(SBAR-ADV-UNF (RB even) (IN though) (-DFL- N_S)),58,104.18,104.67999999999999
sw02utt/sw_0292_3023.utt,3/sw3023,3023,39,sv,B,22,3,"crime, though I think it is increasing in number, it sure does seem to be increasing in intensity,","[ crime/NN ] ,/, though/IN  [ I/PRP ] think/VBP  [ it/PRP ] is/VBZ increasing/VBG in/IN  [ number/NN ] ,/,  [ it/PRP ] sure/RB does/VBZ seem/VB to/TO be/VB increasing/VBG in/IN  [ intensity/NN ] ,/,","(S (NP-TPC (NN crime)) (, ,) (SBAR-ADV (IN though) (S (NP-SBJ (PRP I)) (VP (VBP think) (SBAR (-NONE- 0) (S (NP-SBJ (PRP it)) (VP (VBZ is) (VP (VBG increasing) (PP (IN in) (NP (NN number)))))))))) (, ,) (NP-SBJ-1 (PRP it)) (ADVP (RB sure)) (VP (VBZ does) (VP (VB seem) (S (NP-SBJ (-NONE- *-1)) (VP (TO to) (VP (VB be) (VP (VBG increasing) (PP (IN in) (NP (NP (NN intensity)) (, ,) (CC and) (NP (NN violence)))) (ADVP (RB too)))))))) (. .) (-DFL- E_S))",59,104.88,110.16
sw02utt/sw_0292_3023.utt,3/sw3023,3023,40,aa,A,23,1,Yes. /,Yes/UH ./.,(INTJ (UH Yes) (. .) (-DFL- E_S)),61,110.23,110.39
sw02utt/sw_0292_3023.utt,3/sw3023,3023,41,+,B,24,1,and violence too. /,and/CC  [ violence/NN ] too/RB ./.,"(S (NP-TPC (NN crime)) (, ,) (SBAR-ADV (IN though) (S (NP-SBJ (PRP I)) (VP (VBP think) (SBAR (-NONE- 0) (S (NP-SBJ (PRP it)) (VP (VBZ is) (VP (VBG increasing) (PP (IN in) (NP (NN number)))))))))) (, ,) (NP-SBJ-1 (PRP it)) (ADVP (RB sure)) (VP (VBZ does) (VP (VB seem) (S (NP-SBJ (-NONE- *-1)) (VP (TO to) (VP (VB be) (VP (VBG increasing) (PP (IN in) (NP (NP (NN intensity)) (, ,) (CC and) (NP (NN violence)))) (ADVP (RB too)))))))) (. .) (-DFL- E_S))",59,110.32,110.94
sw02utt/sw_0292_3023.utt,3/sw3023,3023,42,sd,A,25,1,"{D Well, } [ I, + I ] have three theories about it,  (( {D you know, } three things. ))  /","Well/UH ,/,  [ I/PRP ] ,/,  [ I/PRP ] have/VBP  [ three/CD theories/NNS ] about/IN  [ it/PRP ] ,/,  [ you/PRP ] know/VBP ,/,  [ three/CD things/NNS ] ./.","(S (INTJ (UH Well)) (, ,) (EDITED (RM (-DFL- \[)) (NP-SBJ (PRP I)) (, ,) (IP (-DFL- \+))) (NP-SBJ (PRP I)) (RS (-DFL- \])) (VP (VBP have) (NP (NP (NP (CD three) (NNS theories)) (PP (IN about) (NP (PRP it)))) (PRN (, ,) (S (NP-SBJ (PRP you)) (VP (VBP know))) (, ,)) (NP (CD three) (NNS things)))) (. .) (-DFL- E_S))",64,111.01,113.86999999999999
sw02utt/sw_0292_3023.utt,3/sw3023,3023,43,sd,A,25,2,"I have one theory,  /","[ I/PRP ] have/VBP  [ one/CD theory/NN ] ,/,","(S (NP-SBJ (PRP I)) (VP (VBP have) (NP (CD one) (NN theory))) (, ,) (-DFL- E_S))",65,113.87,114.78999999999999
sw02utt/sw_0292_3023.utt,3/sw3023,3023,44,sd,A,25,3,{C and } it's  (( brought to us ))  by two things.  /,and/CC  [ it/PRP ] 's/BES brought/VBN to/IN  [ us/PRP ] by/IN  [ two/CD things/NNS ] ./.,(S (CC and) (NP-SBJ-1 (PRP it)) (VP (BES 's) (VP (VBN brought) (NP (-NONE- *-1)) (PP (IN to) (NP (PRP us))) (PP (IN by) (NP-LGS (CD two) (NNS things))))) (. .) (-DFL- E_S)),66,115.33,116.93
sw02utt/sw_0292_3023.utt,3/sw3023,3023,45,sv,A,25,4,"One [ I, + I ] believe that this is a function of, {F uh, } the violence that young people see on television and the movies. /","[ One/CD ] [ I/PRP ] ,/,  [ I/PRP ] believe/VBP that/IN  [ this/DT ] is/VBZ  [ a/DT function/NN ] of/IN ,/,  [ uh/UH ] ,/,  [ the/DT violence/NN ] that/WDT  [ young/JJ people/NNS ] see/VBP on/IN  [ television/NN ] and/CC  [ the/DT movies/NNS ] ./.","(S (LST (CD One)) (EDITED (RM (-DFL- \[)) (NP-SBJ (PRP I)) (, ,) (IP (-DFL- \+))) (NP-SBJ (PRP I)) (RS (-DFL- \])) (VP (VBP believe) (SBAR (IN that) (S (NP-SBJ (DT this)) (VP (VBZ is) (NP-PRD (NP (DT a) (NN function)) (PP (IN of) (, ,) (INTJ (UH uh)) (, ,) (NP (NP (DT the) (NN violence)) (SBAR (WHNP-1 (WDT that)) (S (NP-SBJ (JJ young) (NNS people)) (VP (VBP see) (NP (-NONE- *T*-1)) (PP (IN on) (NP (NP (NN television)) (CC and) (NP (DT the) (NNS movies)))))))))))))) (. .) (-DFL- E_S))",67,116.93,124.14999999999999
sw02utt/sw_0292_3023.utt,3/sw3023,3023,46,b,B,26,1,Uh-huh. /,[ Uh-huh/UH ] ./.,(INTJ (UH Uh-huh) (. .) (-DFL- E_S)),69,124.38,124.58
sw02utt/sw_0292_3023.utt,3/sw3023,3023,47,sd,A,27,1,"{C And, }  I am not just talking about, {D you know, } {F uh, } role models [ of gu-, + of  tough guys ] and gangsters and things like that,  /","And/CC ,/,  [ I/PRP ] am/VBP not/RB just/RB talking/VBG about/IN ,/,  [ you/PRP ] know/VBP ,/,  [ uh/UH ] ,/,  [ role/NN models/NNS ] of/IN  [ gu-/NNS ] ,/, of/IN  [ tough/JJ guys/NNS ] and/CC  [ gangsters/NNS ] and/CC  [ things/NNS ] like/IN  [ that/DT ] ,/,","(S (CC And) (, ,) (NP-SBJ (PRP I)) (VP (VBP am) (RB not) (ADVP (RB just)) (VP (VBG talking) (PP (IN about) (PRN (, ,) (S (NP-SBJ (PRP you)) (VP (VBP know))) (, ,)) (INTJ (UH uh)) (, ,) (NP (NP (NN role) (NNS models)) (EDITED (RM (-DFL- \[)) (PP (IN of) (NP-UNF (NNS gu-))) (, ,) (IP (-DFL- \+))) (PP (IN of) (NP (NP (JJ tough) (NNS guys)) (RS (-DFL- \])) (CC and) (NP (NNS gangsters)) (CC and) (NP (NP (NNS things)) (PP (IN like) (NP (DT that)))))))))) (, ,) (-DFL- E_S))",71,125.03,132.57
sw02utt/sw_0292_3023.utt,3/sw3023,3023,48,sv,A,27,2,"[ I am not even, + I am not even  ] convinced that maybe things like football, hockey [ and, [ [ [ th-, + th-,  ] + the,  ] + {D you know, } the,  ] + and  ] even baseball games now where [ the, + ] everything is settled with a fight.  {D You know, } [ the, + the ] immediate need to <inhaling> show some sort of violence to settle [ th-, +","[ I/PRP ] am/VBP not/RB even/RB ,/,  [ I/PRP ] am/VBP not/RB even/RB convinced/JJ that/IN maybe/RB  [ things/NNS ] like/IN  [ football/NN ] ,/,  [ hockey/NN ] and/CC ,/,  [ th-/DT ] ,/,  [ th-/DT ] ,/,  [ the/DT ] ,/,  [ you/PRP ] know/VBP ,/,  [ the/DT ] ,/, and/CC even/RB  [ baseball/NN games/NNS ] now/UH where/WRB  [ the/DT ] ,/,  [ everything/NN ] is/VBZ settled/VBN with/IN  [ a/DT fight/NN ] ./.  [ You/PRP ] know/VBP ,/,  [ the/DT ] ,/,  [ the/DT immediate/JJ need/NN ] to/TO show/VB  [ some/DT sort/NN ] of/IN  [ violence/NN ] to/TO settle/VB  [ th-/DT ] ,/,","(S (EDITED (RM (-DFL- \[)) (S (NP-SBJ (PRP I)) (VP-UNF (VBP am) (RB not) (ADVP (RB even)))) (, ,) (IP (-DFL- \+))) (NP-SBJ-3 (PRP I)) (VP (VBP am) (RB not) (ADVP (RB even)) (RS (-DFL- \])) (VP (JJ convinced) (NP (-NONE- *-3)) (SBAR (IN that) (S-UNF (ADVP (RB maybe)) (NP-SBJ (NP (NNS things)) (PP (IN like) (NP (NP (NN football)) (, ,) (NP (NN hockey)) (EDITED (RM (-DFL- \[)) (CC and) (, ,) (EDITED (RM (-DFL- \[)) (EDITED (RM (-DFL- \[)) (EDITED (RM (-DFL- \[)) (NP-UNF (DT th-)) (, ,) (IP (-DFL- \+))) (NP-UNF (DT th-)) (, ,) (RS (-DFL- \])) (IP (-DFL- \+))) (NP-UNF (DT the)) (, ,) (RS (-DFL- \])) (IP (-DFL- \+))) (PRN (S (NP-SBJ (PRP you)) (VP (VBP know))) (, ,)) (NP-UNF (DT the)) (, ,) (RS (-DFL- \])) (IP (-DFL- \+))) (CC and) (RS (-DFL- \])) (ADVP (RB even)) (NP (NN baseball) (NNS games)))) (INTJ (UH now)) (SBAR (WHADVP-1 (WRB where)) (S (EDITED (RM (-DFL- \[)) (NP-SBJ-UNF (DT the)) (, ,) (IP (-DFL- \+)) (RS (-DFL- \]))) (NP-SBJ-2 (NN everything)) (VP (VBZ is) (VP (VBN settled) (NP (-NONE- *-2)) (PP (IN with) (NP (DT a) (NN fight))) (ADVP (-NONE- *T*-1))))))))))) (. .))|||(FRAG (PRN (S (NP-SBJ (PRP You)) (VP (VBP know))) (, ,)) (EDITED (RM (-DFL- \[)) (NP-UNF (DT the)) (, ,) (IP (-DFL- \+))) (NP (DT the) (RS (-DFL- \])) (JJ immediate) (NN need) (S (NP-SBJ-1 (-NONE- *)) (VP (TO to) (VP (VB show) (NP (NP (DT some) (NN sort)) (PP (IN of) (NP (NN violence)))) (S-PRP (NP-SBJ (-NONE- *-1)) (VP (TO to) (VP (VB settle) (EDITED (RM (-DFL- \[)) (NP-UNF (DT th-)) (, ,) (IP (-DFL- \+))) (NP (DT the) (RS (-DFL- \])) (NN argument))))))))) (. .) (-DFL- N_S))",72|||73,132.57,148.17
sw02utt/sw_0292_3023.utt,3/sw3023.pos,3023,49,x@,B,28,1,<Breathing>.   *[[slash error]],./.,,,0.0,0.0
sw02utt/sw_0292_3023.utt,3/sw3023,3023,50,+,A,29,1,the  ] argument. - /,[ the/DT argument/NN ] ./.,"(FRAG (PRN (S (NP-SBJ (PRP You)) (VP (VBP know))) (, ,)) (EDITED (RM (-DFL- \[)) (NP-UNF (DT the)) (, ,) (IP (-DFL- \+))) (NP (DT the) (RS (-DFL- \])) (JJ immediate) (NN need) (S (NP-SBJ-1 (-NONE- *)) (VP (TO to) (VP (VB show) (NP (NP (DT some) (NN sort)) (PP (IN of) (NP (NN violence)))) (S-PRP (NP-SBJ (-NONE- *-1)) (VP (TO to) (VP (VB settle) (EDITED (RM (-DFL- \[)) (NP-UNF (DT th-)) (, ,) (IP (-DFL- \+))) (NP (DT the) (RS (-DFL- \])) (NN argument))))))))) (. .) (-DFL- N_S))",73,148.43,149.37
sw02utt/sw_0292_3023.utt,3/sw3023,3023,51,sd,A,29,2,"[ {C And, } + {C and then } ] [ I, + I ] am an advocate of hand gun control to some degree,  /","And/CC ,/, and/CC then/RB  [ I/PRP ] ,/,  [ I/PRP ] am/VBP  [ an/DT advocate/NN ] of/IN  [ hand/NN gun/NN control/NN ] to/IN  [ some/DT degree/NN ] ,/,","(S (EDITED (RM (-DFL- \[)) (CC And) (, ,) (IP (-DFL- \+))) (CONJP (CC and) (RB then)) (RS (-DFL- \])) (EDITED (RM (-DFL- \[)) (NP-SBJ (PRP I)) (, ,) (IP (-DFL- \+))) (NP-SBJ (PRP I)) (RS (-DFL- \])) (VP (VBP am) (NP-PRD (NP (DT an) (NN advocate)) (PP (IN of) (NP (NN hand) (NN gun) (NN control)))) (PP (IN to) (NP (DT some) (NN degree)))) (, ,) (-DFL- E_S))",76,149.41,153.43
sw02utt/sw_0292_3023.utt,3/sw3023,3023,52,%,A,29,3,{C so } I think that particularly - /,so/RB  [ I/PRP ] think/VBP that/IN particularly/RB,(S (RB so) (NP-SBJ (PRP I)) (VP (VBP think) (SBAR (IN that) (S-UNF (ADVP (RB particularly))))) (-DFL- N_S)),77,153.43,155.07000000000002
sw02utt/sw_0292_3023.utt,3/sw3023,3023,53,sd,A,29,4,"[ I, + I ] was reading the other day about, {F uh, } Corpus Christi, Texas which has [ the + ((   ))  the  ] highest, - /","[ I/PRP ] ,/,  [ I/PRP ] was/VBD reading/VBG  [ the/DT other/JJ day/NN ] about/IN ,/,  [ uh/UH ] ,/,  [ Corpus/NNP Christi/NNP ] ,/,  [ Texas/NNP ] [ which/WDT ] has/VBZ  [ the/DT MUMBLEx/XX ] [ the/DT highest/JJS ] ,/,","(S (EDITED (RM (-DFL- \[)) (NP-SBJ (PRP I)) (, ,) (IP (-DFL- \+))) (NP-SBJ (PRP I)) (RS (-DFL- \])) (VP (VBD was) (VP (VBG reading) (NP-TMP (DT the) (JJ other) (NN day)) (PP (IN about) (, ,) (INTJ (UH uh)) (, ,) (NP (NP (NP (NNP Corpus) (NNP Christi)) (, ,) (NP (NNP Texas))) (SBAR (WHNP-1 (WDT which)) (S (NP-SBJ (-NONE- *T*-1)) (VP (VBZ has) (EDITED (RM (-DFL- \[)) (NP-UNF (DT the)) (IP (-DFL- \+))) (X (XX MUMBLEx)) (NP-UNF (DT the) (RS (-DFL- \])) (JJS highest))))))))) (, ,) (-DFL- N_S))",78,155.07,159.99
sw02utt/sw_0292_3023.utt,3/sw3023,3023,54,sd,A,29,5,"I think it's Corpus Christi, that had the highest rates per hand gun death in America --","[ I/PRP ] think/VBP  [ it/PRP ] [ 's/BES Corpus/NNP Christi/NNP ] ,/,  [ that/WDT ] had/VBD  [ the/DT highest/JJS rates/NNS ] per/IN  [ hand/NN gun/NN death/NN ] in/IN  [ America/NNP ] --/:","(S (NP-SBJ (PRP I)) (VP (VBP think) (SBAR (-NONE- 0) (S-CLF (NP-SBJ (PRP it)) (VP (BES 's) (NP-PRD (NNP Corpus) (NNP Christi)) (, ,) (SBAR (WHNP-1 (WDT that)) (S (NP-SBJ (-NONE- *T*-1)) (VP (VBD had) (NP (NP (DT the) (JJS highest) (NNS rates)) (PP (IN per) (NP (NN hand) (NN gun) (NN death))) (PP-LOC (IN in) (NP (NNP America))) (INTJ (UH uh)) (, ,) (PP (FW per) (NP (FW capita))))))))))) (. .) (-DFL- E_S))",79,160.97,165.43
sw02utt/sw_0292_3023.utt,3/sw3023,3023,55,+@,B,30,1,{F Um. } /    *[[slash error should be 'b']],Um/UH ./.,(INTJ (UH Um) (. .) (-DFL- E_S)),81,165.35,165.43
sw02utt/sw_0292_3023.utt,3/sw3023,3023,56,+,A,31,1,"-- {F uh, } per capita. /","--/:  [ uh/UH ] ,/, per/FW  [ capita/FW ] ./.","(S (NP-SBJ (PRP I)) (VP (VBP think) (SBAR (-NONE- 0) (S-CLF (NP-SBJ (PRP it)) (VP (BES 's) (NP-PRD (NNP Corpus) (NNP Christi)) (, ,) (SBAR (WHNP-1 (WDT that)) (S (NP-SBJ (-NONE- *T*-1)) (VP (VBD had) (NP (NP (DT the) (JJS highest) (NNS rates)) (PP (IN per) (NP (NN hand) (NN gun) (NN death))) (PP-LOC (IN in) (NP (NNP America))) (INTJ (UH uh)) (, ,) (PP (FW per) (NP (FW capita))))))))))) (. .) (-DFL- E_S))",79,165.51,166.21
sw02utt/sw_0292_3023.utt,3/sw3023,3023,57,b,B,32,1,"Yeah,  /","[ Yeah/UH ] ,/,","(INTJ (UH Yeah) (, ,) (-DFL- E_S))",84,166.73,166.81
sw02utt/sw_0292_3023.utt,3/sw3023,3023,58,sd,B,32,2,"[ I was, + I have ] not seen that,  /","[ I/PRP ] was/VBD ,/,  [ I/PRP ] have/VBP not/RB seen/VBN that/DT ,/,","(S (EDITED (RM (-DFL- \[)) (S (NP-SBJ (PRP I)) (VP-UNF (VBD was))) (, ,) (IP (-DFL- \+))) (NP-SBJ (PRP I)) (VP (VBP have) (RS (-DFL- \])) (RB not) (VP (VBN seen) (NP (DT that)))) (, ,) (-DFL- E_S))",85,166.81,167.77
sw02utt/sw_0292_3023.utt,3/sw3023,3023,59,%,B,32,3,"{C but, }  {F uh, } -/","but/CC ,/,  [ uh/UH ] ,/,","(S-UNF (CC but) (, ,) (INTJ (UH uh)) (, ,) (-DFL- N_S))",86,167.99,168.17000000000002
sw02utt/sw_0292_3023.utt,3/sw3023,3023,60,sd,A,33,1,{E I mean } the Saturday night special stuff  /,[ I/PRP ] mean/VBP  [ the/DT Saturday/NNP night/NN special/JJ stuff/NN ],(FRAG (PRN (S (NP-SBJ (PRP I)) (VP (VBP mean)))) (NP (DT the) (NNP Saturday) (NN night) (JJ special) (NN stuff)) (-DFL- E_S)),88,168.25,169.83
sw02utt/sw_0292_3023.utt,3/sw3023,3023,61,%,A,33,2,"{C so, } -/","so/RB ,/,","(S-UNF (RB so) (, ,) (-DFL- N_S))",89,169.83,170.09
sw02utt/sw_0292_3023.utt,3/sw3023,3023,62,b,B,34,1,Yeah. /,Yeah/UH ./.,(INTJ (UH Yeah) (. .) (-DFL- E_S)),91,170.01,170.14999999999998
sw02utt/sw_0292_3023.utt,3/sw3023,3023,63,sd,A,35,1,"<Inhaling> [ That, + that's ] what I think about it,  /","[ That/DT ] ,/,  [ that/DT ] 's/BES  [ what/WP ] [ I/PRP ] think/VBP about/IN  [ it/PRP ] ,/,","(S (EDITED (RM (-DFL- \[)) (NP-SBJ (DT That)) (, ,) (IP (-DFL- \+))) (NP-SBJ (DT that)) (VP (BES 's) (RS (-DFL- \])) (SBAR-NOM-PRD (WHNP-1 (WP what)) (S (NP-SBJ (PRP I)) (VP (VBP think) (NP (-NONE- *T*-1)) (PP (IN about) (NP (PRP it))))))) (, ,) (-DFL- E_S))",93,170.81,172.21
sw02utt/sw_0292_3023.utt,3/sw3023,3023,64,sd,A,35,2,"that's some of the things I think about it,  /","[ that/DT ] 's/BES  [ some/DT ] of/IN  [ the/DT things/NNS I/PRP ] think/VBP about/IN  [ it/PRP ] ,/,","(S (NP-SBJ (DT that)) (VP (BES 's) (NP-PRD (NP (DT some)) (PP (IN of) (NP (NP (DT the) (NNS things)) (SBAR (WHNP-1 (-NONE- 0)) (S (NP-SBJ (PRP I)) (VP (VBP think) (NP (-NONE- *T*-1)) (PP (IN about) (NP (PRP it)))))))))) (, ,) (-DFL- E_S))",94,172.21,173.57
sw02utt/sw_0292_3023.utt,3/sw3023,3023,65,sd,A,35,3,"{C plus } <<sounds like drop out>> I do not know,  /","plus/CC  [ I/PRP ] do/VBP not/RB know/VB ,/,","(S (CC plus) (NP-SBJ (PRP I)) (VP (VBP do) (RB not) (VP (VB know))) (, ,) (-DFL- E_S))",95,173.57,175.65
sw02utt/sw_0292_3023.utt,3/sw3023,3023,66,qo,A,35,4,[ what are your views? /,[ what/WP ] are/VBP  [ your/PRP$ views/NNS ] ?/.,(SBARQ (RM (-DFL- \[)) (WHNP-1 (WP what)) (SQ (VBP are) (NP-SBJ (PRP$ your) (NNS views)) (NP-PRD (-NONE- *T*-1))) (. ?) (-DFL- E_S)),96,175.65,176.36999999999998
sw02utt/sw_0292_3023.utt,3/sw3023,3023,67,b,B,36,1,"{D Well, } yeah,  /","Well/UH ,/, yeah/UH ,/,","(INTJ (INTJ (UH Well)) (, ,) (INTJ (UH yeah)) (, ,) (-DFL- E_S))",98,176.87,178.03
sw02utt/sw_0292_3023.utt,3/sw3023,3023,68,aa,B,36,2,"I tend to agree with you with,  {D you know, } - /","[ I/PRP ] tend/VBP to/TO agree/VB with/IN  [ you/PRP ] with/IN ,/,  [ you/PRP ] know/VBP ,/,","(S (NP-SBJ-1 (PRP I)) (VP (VBP tend) (S (NP-SBJ (-NONE- *-1)) (VP (TO to) (VP (VB agree) (PP (IN with) (NP (PRP you))) (PP-UNF (IN with) (PRN (, ,) (S (NP-SBJ (PRP you)) (VP (VBP know))))))))) (, ,) (-DFL- N_S))",99,178.03,179.73
sw02utt/sw_0292_3023.utt,3/sw3023,3023,69,sv,B,36,3,"it seems anymore, {F uh, } a movie can not be considered good unless there's just [  some, + some ] sort of violence,","[ it/PRP ] seems/VBZ anymore/RB ,/,  [ uh/UH ] ,/,  [ a/DT movie/NN ] can/MD not/RB be/VB considered/VBN good/JJ unless/IN  [ there/EX ] 's/BES just/RB  [ some/DT ] ,/,  [ some/DT sort/NN ] of/IN  [ violence/NN ] ,/,","(S (NP-SBJ (PRP it)) (VP (VBZ seems) (ADVP (RB anymore)) (, ,) (INTJ (UH uh)) (, ,) (SBAR (-NONE- 0) (S (NP-SBJ-1 (DT a) (NN movie)) (VP (MD can) (RB not) (VP (VB be) (VP (VBN considered) (S (NP-SBJ (-NONE- *-1)) (ADJP-PRD (JJ good))) (SBAR-ADV (IN unless) (S (NP-SBJ (EX there)) (VP (BES 's) (ADVP (RB just)) (EDITED (RM (-DFL- \[)) (NP-UNF-PRD (DT some)) (, ,) (IP (-DFL- \+))) (NP-PRD (NP (NP (DT some) (RS (-DFL- \])) (NN sort)) (PP (IN of) (NP (NN violence)))) (, ,) (CC or) (NP (NN something))) (PP (IN in) (NP (PRP it)))))))))))) (. .) (-DFL- E_S))",100,179.73,185.64999999999998
sw02utt/sw_0292_3023.utt,3/sw3023,3023,70,aa,A,37,1,Yes. /,Yes/UH ./.,(INTJ (UH Yes) (. .) (-DFL- E_S)),102,185.73,185.85
sw02utt/sw_0292_3023.utt,3/sw3023,3023,71,+,B,38,1,or something in it.  /,or/CC  [ something/NN ] in/IN  [ it/PRP ] ./.,"(S (NP-SBJ (PRP it)) (VP (VBZ seems) (ADVP (RB anymore)) (, ,) (INTJ (UH uh)) (, ,) (SBAR (-NONE- 0) (S (NP-SBJ-1 (DT a) (NN movie)) (VP (MD can) (RB not) (VP (VB be) (VP (VBN considered) (S (NP-SBJ (-NONE- *-1)) (ADJP-PRD (JJ good))) (SBAR-ADV (IN unless) (S (NP-SBJ (EX there)) (VP (BES 's) (ADVP (RB just)) (EDITED (RM (-DFL- \[)) (NP-UNF-PRD (DT some)) (, ,) (IP (-DFL- \+))) (NP-PRD (NP (NP (DT some) (RS (-DFL- \])) (NN sort)) (PP (IN of) (NP (NN violence)))) (, ,) (CC or) (NP (NN something))) (PP (IN in) (NP (PRP it)))))))))))) (. .) (-DFL- E_S))",100,185.77,186.43
sw02utt/sw_0292_3023.utt,3/sw3023,3023,72,%,B,38,2,"[ {C And, } + {C and } ] along with that, {D you know, } - /","And/CC ,/, and/CC along/IN with/IN  [ that/DT ] ,/,  [ you/PRP ] know/VBP ,/,","(S-UNF (EDITED (RM (-DFL- \[)) (CC And) (, ,) (IP (-DFL- \+))) (CC and) (RS (-DFL- \])) (PP (IN along) (PP (IN with) (NP (DT that)))) (PRN (, ,) (S (NP-SBJ (PRP you)) (VP (VBP know)))) (, ,) (-DFL- N_S))",104,186.43,188.17
sw02utt/sw_0292_3023.utt,3/sw3023,3023,73,sv,B,38,3,"{C and then } you start making a movie and <inhaling> [ it has no, + ] there's no call for something violent,  /","and/CC then/RB  [ you/PRP ] start/VBP making/VBG  [ a/DT movie/NN ] and/CC  [ it/PRP ] has/VBZ no/DT ,/,  [ there/EX ] 's/BES  [ no/DT call/NN ] for/IN  [ something/NN ] violent/JJ ,/,","(S (CONJP (CC and) (RB then)) (NP-SBJ-1 (PRP you)) (VP (VBP start) (S (NP-SBJ (-NONE- *-1)) (VP (VBG making) (NP (DT a) (NN movie))))))|||(S (CC and) (EDITED (RM (-DFL- \[)) (S (NP-SBJ (PRP it)) (VP (VBZ has) (NP-UNF (DT no)))) (, ,) (IP (-DFL- \+)) (RS (-DFL- \]))) (NP-SBJ (EX there)) (VP (BES 's) (NP-PRD (NP (DT no) (NN call)) (PP (IN for) (NP (NP (NN something)) (ADJP (JJ violent)))))) (, ,) (-DFL- E_S))",105|||106,188.17,193.59
sw02utt/sw_0292_3023.utt,3/sw3023,3023,74,sv,B,38,4,"[ {C but, } + {C so }  ] they just throw something in there just to say they have it <laughter>. /","but/CC ,/, so/RB  [ they/PRP ] just/RB throw/VBP  [ something/NN ] in/IN there/RB just/RB to/TO say/VB  [ they/PRP ] have/VBP  [ it/PRP ] ./.","(S (EDITED (RM (-DFL- \[)) (CC but) (, ,) (IP (-DFL- \+))) (RB so) (RS (-DFL- \])) (NP-SBJ (PRP they)) (ADVP (RB just)) (VP (VBP throw) (NP (NN something)) (PP (IN in) (ADVP (RB there))) (S-PRP (NP-SBJ (-NONE- *)) (ADVP (RB just)) (VP (TO to) (VP (VB say) (SBAR (-NONE- 0) (S (NP-SBJ (PRP they)) (VP (VBP have) (NP (PRP it))))))))) (. .) (-DFL- E_S))",107,193.59,196.13
sw02utt/sw_0292_3023.utt,3/sw3023,3023,75,aa,A,39,1,"Exac-, - /","[ Exac-/UH ] ,/,","(INTJ-UNF (UH Exac-) (, ,) (-DFL- N_S))",109,0.0,0.0
sw02utt/sw_0292_3023.utt,3/sw3023,3023,76,aa,A,39,2,"{D well } [ [ that's, + that's, ] + that's ] the impression I get, {D you know. } /","well/UH that/DT  [ 's/BES ] ,/,  [ that/DT ] 's/BES ,/,  [ that/DT ] 's/BES  [ the/DT impression/NN ] [ I/PRP ] get/VBP ,/,  [ you/PRP ] know/VBP ./.","(S (INTJ (UH well)) (EDITED (RM (-DFL- \[)) (EDITED (RM (-DFL- \[)) (S (NP-SBJ (DT that)) (VP-UNF (BES 's))) (, ,) (IP (-DFL- \+))) (S (NP-SBJ (DT that)) (VP-UNF (BES 's))) (, ,) (RS (-DFL- \])) (IP (-DFL- \+))) (NP-SBJ (DT that)) (VP (BES 's) (RS (-DFL- \])) (NP-PRD (NP (DT the) (NN impression)) (SBAR (WHNP-1 (-NONE- 0)) (S (NP-SBJ (PRP I)) (VP (VBP get) (NP (-NONE- *T*-1)))))) (PRN (, ,) (S (NP-SBJ (PRP you)) (VP (VBP know))))) (. .) (-DFL- E_S))",110,196.21,198.45000000000002
sw02utt/sw_0292_3023.utt,3/sw3023,3023,77,b,B,40,1,Yeah. /,Yeah/UH ./.,(INTJ (UH Yeah) (. .) (-DFL- E_S)),91,199.52,199.74
sw02utt/sw_0292_3023.utt,3/sw3023,3023,78,sv,A,41,1,"[ {C And } I, + {C and } I ] imagine that [ it's, + ((   ))  {D you know, } it ] just feeds upon itself when we have this sort of violence in society,  /","And/CC  [ I/PRP ] ,/, and/CC  [ I/PRP ] imagine/VBP that/IN  [ it/PRP ] 's/BES ,/, MUMBLEx/XX  [ you/PRP ] know/VBP ,/,  [ it/PRP ] just/RB feeds/VBZ upon/IN  [ itself/PRP ] when/WRB  [ we/PRP ] have/VBP  [ this/DT sort/NN ] of/IN  [ violence/NN ] in/IN  [ society/NN ] ,/,","(S (EDITED (RM (-DFL- \[)) (CC And) (NP-SBJ (PRP I)) (, ,) (IP (-DFL- \+))) (CC and) (NP-SBJ (PRP I)) (RS (-DFL- \])) (VP (VBP imagine) (SBAR (IN that) (S (EDITED (RM (-DFL- \[)) (S (NP-SBJ (PRP it)) (VP-UNF (BES 's))) (, ,) (IP (-DFL- \+))) (X (XX MUMBLEx)) (PRN (S (NP-SBJ (PRP you)) (VP (VBP know))) (, ,)) (NP-SBJ (PRP it)) (RS (-DFL- \])) (ADVP (RB just)) (VP (VBZ feeds) (PP (IN upon) (NP (PRP itself))) (SBAR-TMP (WHADVP-1 (WRB when)) (S (NP-SBJ (PRP we)) (VP (VBP have) (NP (NP (DT this) (NN sort)) (PP (IN of) (NP (NN violence)))) (PP (IN in) (NP (NN society))) (ADVP-TMP (-NONE- *T*-1))))))))) (, ,) (-DFL- E_S))",114,199.83,205.98999999999998
sw02utt/sw_0292_3023.utt,3/sw3023,3023,79,%,A,41,2,"people want to, - /","[ people/NNS ] want/VBP to/TO ,/,","(S (NP-SBJ-1 (NNS people)) (VP (VBP want) (S (NP-SBJ (-NONE- *-1)) (VP-UNF (TO to)))) (, ,) (-DFL- N_S))",115,205.99,206.67000000000002
sw02utt/sw_0292_3023.utt,3/sw3023,3023,80,sv,A,41,3,it conditions people to it  /,[ it/PRP ] conditions/VBZ  [ people/NNS ] to/IN  [ it/PRP ],(S (NP-SBJ (PRP it)) (VP (VBZ conditions) (NP (NNS people)) (PP (IN to) (NP (PRP it)))) (-DFL- E_S)),116,207.39,209.59
sw02utt/sw_0292_3023.utt,3/sw3023,3023,81,%,A,41,4,"{C and, }  {F uh, } you have to amp-, - /","and/CC ,/,  [ uh/UH ] ,/,  [ you/PRP ] have/VBP to/TO amp/VB ,/,","(S (CC and) (, ,) (INTJ (UH uh)) (, ,) (NP-SBJ-1 (PRP you)) (VP (VBP have) (S (NP-SBJ (-NONE- *-1)) (VP (TO to) (VP-UNF (VB amp-))))) (, ,) (-DFL- N_S))",117,209.59,212.03
sw02utt/sw_0292_3023.utt,3/sw3023,3023,82,sv,A,41,5,"it has to be even, {F uh, } magnified [ to + to  ] attract people's attention.  I guess,","[ it/PRP ] has/VBZ to/TO be/VB even/RB ,/,  [ uh/UH ] ,/, magnified/JJ to/TO to/TO attract/VB  [ people/NNS 's/POS attention/NN ] ./.  [ I/PRP ] guess/VBP ,/,","(S (NP-SBJ-1 (PRP it)) (VP (VBZ has) (S (NP-SBJ-2 (-NONE- *-1)) (VP (TO to) (VP (VB be) (ADVP (RB even)) (, ,) (INTJ (UH uh)) (, ,) (VP (JJ magnified) (NP (-NONE- *-2)) (S-PRP (NP-SBJ (-NONE- *)) (EDITED (RM (-DFL- \[)) (VP-UNF (TO to)) (IP (-DFL- \+))) (VP (VP (TO to) (RS (-DFL- \])) (VP (VB attract) (NP (NP (NNS people) (POS 's)) (NN attention)))) (PRN (. .) (S (NP-SBJ (PRP I)) (VP (VBP guess))) (, ,)) (VP (TO to) (VP (VB have) (S (NP-SBJ (PRP them)) (VP (VB spend) (NP (NN money)) (PP (IN on) (NP (NP (NN something)) (PP (IN like) (NP (DT that)))))))))))))))) (. .) (-DFL- E_S))",118,212.03,218.15
sw02utt/sw_0292_3023.utt,3/sw3023,3023,83,aa,B,42,1,"Yeah,  /","Yeah/UH ,/,","(INTJ (UH Yeah) (, ,) (-DFL- E_S))",84,218.06,218.18
sw02utt/sw_0292_3023.utt,3/sw3023,3023,84,bf,B,42,2,you become callous. /,[ you/PRP ] become/VBP  [ callous/JJ ] ./.,(S (NP-SBJ (PRP you)) (VP (VBP become) (ADJP-PRD (JJ callous))) (. .) (-DFL- E_S)),121,218.18,218.54000000000002
sw02utt/sw_0292_3023.utt,3/sw3023,3023,85,+,A,43,1,to have them spend money on something like that. /,to/TO have/VB  [ them/PRP ] spend/VB  [ money/NN ] on/IN  [ something/NN ] like/IN  [ that/DT ] ./.,"(S (NP-SBJ-1 (PRP it)) (VP (VBZ has) (S (NP-SBJ-2 (-NONE- *-1)) (VP (TO to) (VP (VB be) (ADVP (RB even)) (, ,) (INTJ (UH uh)) (, ,) (VP (JJ magnified) (NP (-NONE- *-2)) (S-PRP (NP-SBJ (-NONE- *)) (EDITED (RM (-DFL- \[)) (VP-UNF (TO to)) (IP (-DFL- \+))) (VP (VP (TO to) (RS (-DFL- \])) (VP (VB attract) (NP (NP (NNS people) (POS 's)) (NN attention)))) (PRN (. .) (S (NP-SBJ (PRP I)) (VP (VBP guess))) (, ,)) (VP (TO to) (VP (VB have) (S (NP-SBJ (PRP them)) (VP (VB spend) (NP (NN money)) (PP (IN on) (NP (NP (NN something)) (PP (IN like) (NP (DT that)))))))))))))))) (. .) (-DFL- E_S))",118,218.63,219.93
sw02utt/sw_0292_3023.utt,3/sw3023,3023,86,b,B,44,1,Yeah. /,Yeah/UH ./.,(INTJ (UH Yeah) (. .) (-DFL- E_S)),91,219.84,220.04
sw02utt/sw_0292_3023.utt,3/sw3023,3023,87,sv,A,45,1,"{C And } I am sure that it does form role models [ for young, + for young ] men and  young women  /","And/CC  [ I/PRP ] am/VBP sure/JJ that/IN  [ it/PRP ] does/VBZ  [ form/VB role/NN models/NNS ] for/IN  [ young/JJ ] ,/, for/IN  [ young/JJ men/NNS ] and/CC  [ young/JJ women/NNS ]","(S (CC And) (NP-SBJ (PRP I)) (VP (VBP am) (ADJP-PRD (JJ sure) (SBAR (IN that) (S (NP-SBJ (PRP it)) (VP (VBZ does) (VP (VB form) (NP (NP (NN role) (NNS models)) (EDITED (RM (-DFL- \[)) (PP (IN for) (NP-UNF (JJ young)) (, ,) (IP (-DFL- \+)))) (PP (IN for) (NP (NP (JJ young) (RS (-DFL- \])) (NNS men)) (CC and) (NP (JJ young) (NNS women))))))))))) (-DFL- E_S))",126,220.13,224.13000000000002
sw02utt/sw_0292_3023.utt,3/sw3023,3023,88,%,A,45,2,"{C and, } -/","and/CC ,/,","(S-UNF (CC and) (, ,) (-DFL- N_S))",127,224.13,224.37
sw02utt/sw_0292_3023.utt,3/sw3023,3023,89,b,B,46,1,Yeah. /,Yeah/UH ./.,(INTJ (UH Yeah) (. .) (-DFL- E_S)),91,224.82,225.26
sw02utt/sw_0292_3023.utt,3/sw3023,3023,90,sd,A,47,1,"{F uh, } {E I mean } [ I, + I, ] read now where we are, {D you know, } - /","[ uh/UH ] ,/,  [ I/PRP ] mean/VBP  [ I/PRP ] ,/,  [ I/PRP ] ,/, read/VBP now/RB where/WRB  [ we/PRP ] are/VBP ,/,  [ you/PRP ] know/VBP ,/,","(S (INTJ (UH uh)) (PRN (, ,) (S (NP-SBJ (PRP I)) (VP (VBP mean)))) (EDITED (RM (-DFL- \[)) (NP-SBJ (PRP I)) (, ,) (IP (-DFL- \+))) (NP-SBJ (PRP I)) (, ,) (RS (-DFL- \])) (VP (VBP read) (SBAR (WHADVP (TYPO (RB now))) (S-UNF (SBAR-LOC (WHADVP-1 (WRB where)) (S (NP-SBJ (PRP we)) (VP (VBP are) (ADVP-LOC-PRD (-NONE- *T*-1))))) (PRN (, ,) (S (NP-SBJ (PRP you)) (VP (VBP know))))))) (, ,) (-DFL- N_S))",131,225.35,230.15
sw02utt/sw_0292_3023.utt,3/sw3023,3023,91,sd,A,47,2,"[ women are arr-, + young women are arrested ] fighting with knives [ over, + over ] [ whatever. +","[ women/NNS ] are/VBP arr/VBN ,/,  [ young/JJ women/NNS ] are/VBP arrested/VBN fighting/VBG with/IN  [ knives/NNS ] over/IN ,/, over/IN  [ whatever/WDT ] ./.","(S (EDITED (RM (-DFL- \[)) (S (NP-SBJ (NNS women)) (VP (VBP are) (VP-UNF (VBN arr-)))) (, ,) (IP (-DFL- \+))) (NP-SBJ-1 (JJ young) (NNS women)) (VP (VBP are) (VP (VBN arrested) (NP-4 (-NONE- *-1)) (S-ADV (NP-SBJ (-NONE- *-4)) (RS (-DFL- \])) (VP (VP (VBG fighting) (PP (IN with) (NP (NNS knives))) (EDITED (RM (-DFL- \[)) (PP-UNF (IN over)) (, ,) (IP (-DFL- \+))) (PP (IN over) (RS (-DFL- \])) (EDITED (RM (-DFL- \[)) (NP (WDT whatever)) (. .) (IP (-DFL- \+))) (X (XX MUMBLEx)) (NP (WDT whatever) (RS (-DFL- \])) (NN reason)))) (, ,) (SBAR (WHNP-2 (WDT which)) (S (NP-SBJ (-NONE- *T*-2)) (VP (VBZ is) (ADJP-PRD (ADVP (RB kind) (RB of)) (JJ unheard) (IN of)) (SBAR-TMP (WHADVP-3 (WRB when)) (S (NP-SBJ (PRP I)) (VP (VBD was) (ADJP-PRD (JJ young)) (ADVP-TMP (-NONE- *T*-3)))))))))))) (. .) (-DFL- E_S))",132,230.15,234.69
sw02utt/sw_0292_3023.utt,3/sw3023,3023,92,b,B,48,1,{F Um. } /,Um/UH ./.,(INTJ (UH Um) (. .) (-DFL- E_S)),134,234.6,234.7
sw02utt/sw_0292_3023.utt,3/sw3023,3023,93,+,A,49,1,"((   ))  whatever ] reason, which is kind of unheard of when I was young.  /","MUMBLEx/XX  [ whatever/WDT reason/NN ] ,/,  [ which/WDT ] is/VBZ  [ kind/RB ] of/RB  [ unheard/JJ ] of/IN when/WRB  [ I/PRP ] was/VBD young/JJ ./.","(S (EDITED (RM (-DFL- \[)) (S (NP-SBJ (NNS women)) (VP (VBP are) (VP-UNF (VBN arr-)))) (, ,) (IP (-DFL- \+))) (NP-SBJ-1 (JJ young) (NNS women)) (VP (VBP are) (VP (VBN arrested) (NP-4 (-NONE- *-1)) (S-ADV (NP-SBJ (-NONE- *-4)) (RS (-DFL- \])) (VP (VP (VBG fighting) (PP (IN with) (NP (NNS knives))) (EDITED (RM (-DFL- \[)) (PP-UNF (IN over)) (, ,) (IP (-DFL- \+))) (PP (IN over) (RS (-DFL- \])) (EDITED (RM (-DFL- \[)) (NP (WDT whatever)) (. .) (IP (-DFL- \+))) (X (XX MUMBLEx)) (NP (WDT whatever) (RS (-DFL- \])) (NN reason)))) (, ,) (SBAR (WHNP-2 (WDT which)) (S (NP-SBJ (-NONE- *T*-2)) (VP (VBZ is) (ADJP-PRD (ADVP (RB kind) (RB of)) (JJ unheard) (IN of)) (SBAR-TMP (WHADVP-3 (WRB when)) (S (NP-SBJ (PRP I)) (VP (VBD was) (ADJP-PRD (JJ young)) (ADVP-TMP (-NONE- *T*-3)))))))))))) (. .) (-DFL- E_S))",132,234.85,239.14999999999998
sw02utt/sw_0292_3023.utt,3/sw3023,3023,94,nd,A,49,2,"{D Now, } I do not want to sound like an old fart,  /","Now/UH ,/,  [ I/PRP ] do/VBP not/RB want/VB to/TO sound/VB like/IN  [ an/DT old/JJ fart/NN ] ,/,","(S (INTJ (UH Now)) (, ,) (NP-SBJ-1 (PRP I)) (VP (VBP do) (RB not) (VP (VB want) (S (NP-SBJ (-NONE- *-1)) (VP (TO to) (VP (VB sound) (PP (IN like) (NP (DT an) (JJ old) (NN fart)))))))) (, ,) (-DFL- E_S))",136,239.15,241.69
sw02utt/sw_0292_3023.utt,3/sw3023,3023,95,%,A,49,3,"{C but, }","but/CC ,/,","(S (EDITED (RM (-DFL- \[)) (CC but) (, ,) (IP (-DFL- \+))) (RB so) (RS (-DFL- \])) (NP-SBJ (PRP they)) (ADVP (RB just)) (VP (VBP throw) (NP (NN something)) (PP (IN in) (ADVP (RB there))) (S-PRP (NP-SBJ (-NONE- *)) (ADVP (RB just)) (VP (TO to) (VP (VB say) (SBAR (-NONE- 0) (S (NP-SBJ (PRP they)) (VP (VBP have) (NP (PRP it))))))))) (. .) (-DFL- E_S))",107,241.69,241.87
sw02utt/sw_0292_3023.utt,3/sw3023.pos,3023,96,o@,B,50,1,<Laughter>.,./.,,,0.0,0.0
sw02utt/sw_0292_3023.utt,3/sw3023,3023,97,+,A,51,1,<Laughter> that's what - /,[ that/DT ] 's/BES  [ what/WP ],"(S (CC but) (, ,) (NP-SBJ (DT that)) (VP (BES 's) (SBAR-NOM-PRD-UNF (WHNP (WP what)))) (-DFL- N_S))",137,241.87,242.29
sw02utt/sw_0292_3023.utt,3/sw3023,3023,98,sv,A,51,2,"seems that those things [ happened befor-, + ] did not happen in that manner before television. /","seems/VBZ that/IN  [ those/DT things/NNS ] happened/VBD  [ befor-/RB ] ,/, did/VBD not/RB happen/VB in/IN  [ that/DT manner/NN ] before/IN  [ television/NN ] ./.","(S (NP-SBJ (-NONE- *)) (VP (VBZ seems) (SBAR (IN that) (S (NP-SBJ (DT those) (NNS things)) (EDITED (RM (-DFL- \[)) (VP (VBD happened) (PP-TMP-UNF (RB befor-))) (, ,) (IP (-DFL- \+)) (RS (-DFL- \]))) (VP (VBD did) (RB not) (VP (VB happen) (PP-MNR (IN in) (NP (DT that) (NN manner))) (PP-TMP (IN before) (NP (NN television)))))))) (. .) (-DFL- E_S))",140,242.69,247.97
sw02utt/sw_0292_3023.utt,3/sw3023,3023,99,+@,B,52,1,Yeah. /,Yeah/UH ./.,(INTJ (UH Yeah) (. .) (-DFL- E_S)),112,248.04,248.32
sw02utt/sw_0292_3023.utt,3/sw3023,3023,100,sv,A,53,1,"{C And } [ [ [ I, + I, ] + I, ] + I ] have to think [ that, + that ] it has some influence on it.  /","And/CC  [ I/PRP ] ,/,  [ I/PRP ] ,/,  [ I/PRP ] ,/,  [ I/PRP ] have/VBP to/TO think/VB that/IN ,/, that/IN  [ it/PRP ] has/VBZ  [ some/DT influence/NN ] on/IN  [ it/PRP ] ./.","(S (CC And) (EDITED (RM (-DFL- \[)) (EDITED (RM (-DFL- \[)) (EDITED (RM (-DFL- \[)) (NP-SBJ (PRP I)) (, ,) (IP (-DFL- \+))) (NP-SBJ (PRP I)) (, ,) (RS (-DFL- \])) (IP (-DFL- \+))) (NP-SBJ (PRP I)) (, ,) (RS (-DFL- \])) (IP (-DFL- \+))) (NP-SBJ-1 (PRP I)) (RS (-DFL- \])) (VP (VBP have) (S (NP-SBJ (-NONE- *-1)) (VP (TO to) (VP (VB think) (SBAR (EDITED (RM (-DFL- \[)) (SBAR-UNF (IN that)) (, ,) (IP (-DFL- \+))) (IN that) (RS (-DFL- \])) (S (NP-SBJ (PRP it)) (VP (VBZ has) (NP (NP (DT some) (NN influence)) (PP (IN on) (NP (PRP it))))))))))) (. .) (-DFL- E_S))",144,248.41,252.43
sw02utt/sw_0292_3023.utt,3/sw3023,3023,101,%,A,53,2,"{C But, } -/","But/CC ,/,","(S-UNF (CC But) (, ,) (-DFL- N_S))",145,252.43,252.49
sw02utt/sw_0292_3023.utt,3/sw3023,3023,102,sd,B,54,1,I listened to a radio talk show today at lunch time --,[ I/PRP ] listened/VBD to/IN  [ a/DT radio/NN talk/NN show/NN today/NN ] at/IN  [ lunch/NN time/NN ] --/:,"(S (NP-SBJ (PRP I)) (VP (VBD listened) (PP (IN to) (NP (NP (DT a) (NN radio) (NN talk) (NN show)) (NP (-NONE- *ICH*-1)))) (NP-TMP (NN today)) (PP-TMP (IN at) (NP (NN lunch) (NN time))) (INTJ (UH uh)) (, ,) (NP-1 (NNP Rush) (TYPO (NNP Lynn) (NNP Bottom)))) (-DFL- E_S))",147,253.26,255.96
sw02utt/sw_0292_3023.utt,3/sw3023,3023,103,b,A,55,1,Yeah. /,Yeah/UH ./.,(INTJ (UH Yeah) (. .) (-DFL- E_S)),124,256.05,256.33
sw02utt/sw_0292_3023.utt,3/sw3023,3023,104,+@,B,56,1,"-- {F uh, }  (( Rush Lynn Bottom ))  /  *[[sp: Limbaugh]]","--/:  [ uh/UH ] ,/,  [ Rush/NNP Lynn/NNP Bottom/NNP","(S (NP-SBJ (PRP I)) (VP (VBD listened) (PP (IN to) (NP (NP (DT a) (NN radio) (NN talk) (NN show)) (NP (-NONE- *ICH*-1)))) (NP-TMP (NN today)) (PP-TMP (IN at) (NP (NN lunch) (NN time))) (INTJ (UH uh)) (, ,) (NP-1 (NNP Rush) (TYPO (NNP Lynn) (NNP Bottom)))) (-DFL- E_S))",147,256.24,257.28000000000003
sw02utt/sw_0292_3023.utt,3/sw3023,3023,105,qy^d,B,56,2,"I do not know if you listen to him or not, /","I/PRP ] do/VBP not/RB know/VB if/IN  [ you/PRP ] listen/VBP to/IN  [ him/PRP ] or/CC not/RB ,/,","(S (NP-SBJ (PRP I)) (VP (VBP do) (RB not) (VP (VB know) (SBAR (IN if) (S (NP-SBJ (PRP you)) (VP (VP (VBP listen) (PP (IN to) (NP (PRP him)))) (CC or) (VP (FRAG (RB not)))))))) (, ,) (-DFL- E_S))",151,257.28,258.7
sw02utt/sw_0292_3023.utt,3/sw3023,3023,106,nn,A,57,1,No. /,[ No/UH ] ./.,(INTJ (UH No) (. .) (-DFL- E_S)),153,258.79,259.15000000000003
sw02utt/sw_0292_3023.utt,3/sw3023,3023,107,sd,B,58,1,"he's on A M,  /","[ he/PRP ] 's/BES on/IN  [ A/NN M/NN ] ,/,","(S (NP-SBJ (PRP he)) (VP (BES 's) (PP-PRD (IN on) (NP (NN A) (NN M)))) (, ,) (-DFL- E_S))",155,259.06,259.86
sw02utt/sw_0292_3023.utt,3/sw3023,3023,108,sd,B,58,2,"{C but, } [  ther-, + there's ] a fellow that had called in and was lamenting about the, - /","but/CC ,/, ther-/EX ,/,  [ there/EX ] 's/BES  [ a/DT fellow/NN ] [ that/WDT ] had/VBD called/VBN in/RP and/CC  was/VBD lamenting/VBG about/IN  [ the/DT ] ,/,","(S (CC but) (, ,) (EDITED (RM (-DFL- \[)) (NP-SBJ-UNF (EX ther-)) (, ,) (IP (-DFL- \+))) (NP-SBJ (EX there)) (VP (BES 's) (RS (-DFL- \])) (NP-PRD (NP (DT a) (NN fellow)) (SBAR (WHNP-1 (WDT that)) (S (NP-SBJ (-NONE- *T*-1)) (VP (VP (VBD had) (VP (VBN called) (PRT (RP in)))) (CC and) (VP (VBD was) (VP (VBG lamenting) (PP (IN about) (NP-UNF (DT the)))))))))) (, ,) (-DFL- N_S))",156,259.86,263.76
sw02utt/sw_0292_3023.utt,3/sw3023,3023,109,sd,B,58,3,"there was an interview done on the assistant chief of police for Los Angeles, the guy under Gates, /","[ there/EX ] was/VBD  [ an/DT interview/NN ] done/VBN on/IN  [ the/DT assistant/JJ chief/NN ] of/IN  [ police/NN ] for/IN  [ Los/NNP Angeles/NNP ] ,/,  [ the/DT guy/NN ] under/IN  [ Gates/NNP ] ,/,","(S (NP-SBJ (EX there)) (VP (VBD was) (NP-PRD (NP (DT an) (NN interview)) (VP (VBN done) (NP (-NONE- *)) (PP (IN on) (NP (NP (NP (NP (DT the) (JJ assistant) (NN chief)) (PP (IN of) (NP (NN police)))) (PP (IN for) (NP (NNP Los) (NNP Angeles)))) (, ,) (NP (NP (DT the) (NN guy)) (PP (IN under) (NP (NNP Gates))))))))) (, ,) (-DFL- E_S))",157,263.82,269.65999999999997
sw02utt/sw_0292_3023.utt,3/sw3023,3023,110,ny,A,59,1,"{F Oh, } yes. /","Oh/UH ,/, yes/UH ./.","(INTJ (INTJ (UH Oh)) (, ,) (INTJ (UH yes)) (. .) (-DFL- E_S))",159,269.89,270.45
sw02utt/sw_0292_3023.utt,3/sw3023,3023,111,sd,B,60,1,"{C and } they were just really coming down on him because of [ some of the things he was, + just some of the things ] that he believed in, some of his morals.  /","and/CC  [ they/PRP ] were/VBD just/RB really/RB coming/VBG down/RP on/IN  [ him/PRP ] because/IN of/IN  [ some/DT ] of/IN  [ the/DT things/NNS ] [ he/PRP ] was/VBD ,/, just/RB  [ some/DT ] of/IN  [ the/DT things/NNS ] that/WDT  [ he/PRP ] believed/VBD in/RP ,/,  [ some/DT ] of/IN  [ his/PRP$ morals/NNS ] ./.","(S (CC and) (NP-SBJ (PRP they)) (VP (VBD were) (ADVP (RB just)) (ADVP (RB really)) (VP (VBG coming) (PP (RP down) (PP (IN on) (NP (PRP him)))) (PP-PRP (IN because) (IN of) (EDITED (RM (-DFL- \[)) (NP (NP (DT some)) (PP (IN of) (NP (NP (DT the) (NNS things)) (SBAR (WHNP (-NONE- 0)) (S (NP-SBJ (PRP he)) (VP-UNF (VBD was))))))) (, ,) (IP (-DFL- \+))) (ADVP (RB just)) (NP (NP (NP (DT some)) (PP (IN of) (NP (NP (DT the) (NNS things)) (RS (-DFL- \])) (SBAR (WHNP-1 (WDT that)) (S (NP-SBJ (PRP he)) (VP (VBD believed) (PP (RP in) (NP (-NONE- *T*-1))))))))) (, ,) (NP (NP (DT some)) (PP (IN of) (NP (PRP$ his) (NNS morals)))))))) (. .) (-DFL- E_S))",161,270.42,277.58000000000004
sw02utt/sw_0292_3023.utt,3/sw3023,3023,112,sd,B,60,2,"For instance, {F uh, } they asked him if he spanked his kids,  /","For/IN  [ instance/NN ] ,/,  [ uh/UH ] ,/,  [ they/PRP ] asked/VBD  [ him/PRP ] if/IN  [ he/PRP ] spanked/VBD  [ his/PRP$ kids/NNS ] ,/,","(S (PP (IN For) (NP (NN instance))) (, ,) (INTJ (UH uh)) (, ,) (NP-SBJ (PRP they)) (VP (VBD asked) (NP (PRP him)) (SBAR (IN if) (S (NP-SBJ (PRP he)) (VP (VBD spanked) (NP (PRP$ his) (NNS kids)))))) (, ,) (-DFL- E_S))",162,277.58,280.34
sw02utt/sw_0292_3023.utt,3/sw3023,3023,113,sd(^q),B,60,3,"{C and } he said ""You bet, I believe in discipline"".  /","and/CC  [ he/PRP ] said/VBD ``/``  [ You/PRP ] bet/VBP ,/,  [ I/PRP ] believe/VBP in/IN  [ discipline/NN ''/'' ] ./.","(S (CC and) (NP-SBJ (PRP he)) (VP (VBD said) (`` ``) (S-SEZ (NP-SBJ (PRP You)) (VP (VBP bet)))) (, ,))|||(S (NP-SBJ (PRP I)) (VP (VBP believe) (PP (IN in) (NP (NN discipline)))) ('' '') (. .) (-DFL- E_S))",163|||164,280.34,281.9
sw02utt/sw_0292_3023.utt,3/sw3023,3023,114,sd,B,60,4,"{C And } people, [ [ [ I, + I, ] + I, ] + I ] guess they [ confus-, + confused ] discipline with punishment. /","And/CC  [ people/NNS ] ,/,  [ I/PRP ] ,/,  [ I/PRP ] ,/,  [ I/PRP ] ,/,  [ I/PRP ] guess/VBP  [ they/PRP ] [ confus/VBD ] ,/, confused/VBD  [ discipline/NN ] with/IN  [ punishment/NN ] ./.","(S (CC And) (NP-TPC (NNS people)) (, ,) (EDITED (RM (-DFL- \[)) (EDITED (RM (-DFL- \[)) (EDITED (RM (-DFL- \[)) (NP-SBJ (PRP I)) (, ,) (IP (-DFL- \+))) (NP-SBJ (PRP I)) (, ,) (RS (-DFL- \])) (IP (-DFL- \+))) (NP-SBJ (PRP I)) (, ,) (RS (-DFL- \])) (IP (-DFL- \+))) (NP-SBJ (PRP I)) (RS (-DFL- \])) (VP (VBP guess) (SBAR (-NONE- 0) (S (NP-SBJ (PRP they)) (EDITED (RM (-DFL- \[)) (VP-UNF (VBD confus-)) (, ,) (IP (-DFL- \+))) (VP (VBD confused) (RS (-DFL- \])) (NP (NN discipline)) (PP (IN with) (NP (NN punishment))))))) (. .) (-DFL- E_S))",165,281.9,285.91999999999996
sw02utt/sw_0292_3023.utt,3/sw3023,3023,115,b,A,61,1,Yeah. /,Yeah/UH ./.,(INTJ (UH Yeah) (. .) (-DFL- E_S)),142,286.17,286.55
sw02utt/sw_0292_3023.utt,3/sw3023,3023,116,%,B,62,1,{D You know. } -/,[ You/PRP ] know/VBP ./.,(PRN (S (NP-SBJ (PRP You)) (VP (VBP know))) (. .) (-DFL- N_S)),169,286.76,287.14
sw02utt/sw_0292_3023.utt,3/sw3023,3023,117,b,A,63,1,Yeah. /,Yeah/UH ./.,(INTJ (UH Yeah) (. .) (-DFL- E_S)),142,287.25,287.71
sw02utt/sw_0292_3023.utt,3/sw3023,3023,118,%,B,64,1,"{C And, }  just, - /","And/CC ,/, just/RB ,/,","(S-UNF (CC And) (, ,) (ADVP (RB just)) (, ,) (-DFL- N_S))",173,287.86,288.38
sw02utt/sw_0292_3023.utt,3/sw3023,3023,119,sv,B,64,2,"it seems anymore that, {F uh, } [ if, + if ] you have, {D you know, } this type of a moral stance, that people come down on you.  /","[ it/PRP ] seems/VBZ anymore/RB that/IN ,/,  [ uh/UH ] ,/, if/IN ,/, if/IN  [ you/PRP ] have/VBP ,/,  [ you/PRP ] know/VBP ,/,  [ this/DT type/NN ] of/IN  [ a/DT moral/JJ stance/NN ] ,/, that/IN  [ people/NNS ] come/VBP down/RP on/IN  [ you/PRP ] ./.","(S (NP-SBJ (PRP it)) (VP (VBZ seems) (ADVP-TMP (RB anymore)) (SBAR (IN that) (, ,) (INTJ (UH uh)) (, ,) (SBAR-TPC (EDITED (RM (-DFL- \[)) (SBAR-ADV-UNF (IN if)) (, ,) (IP (-DFL- \+))) (IN if) (RS (-DFL- \])) (S (NP-SBJ (PRP you)) (VP (VBP have) (PRN (, ,) (S (NP-SBJ (PRP you)) (VP (VBP know))) (, ,)) (NP (NP (DT this) (NN type)) (PP (IN of) (NP (DT a) (JJ moral) (NN stance))))))) (, ,) (SBAR (IN that) (S (NP-SBJ (NNS people)) (VP (VBP come) (PP (RP down) (PP (IN on) (NP (PRP you))))))))) (. .) (-DFL- E_S))",174,288.38,296.72
sw02utt/sw_0292_3023.utt,3/sw3023,3023,120,sv,B,64,3,"It's like, {D you know, } hey,  everybody has to be free to do their own thing.  /","[ It/PRP ] [ 's/BES ] like/IN ,/,  [ you/PRP ] know/VBP ,/, hey/UH ,/,  [ everybody/NN ] has/VBZ to/TO be/VB free/JJ to/TO do/VB  [ their/PRP$ own/JJ thing/NN ] ./.","(S (NP-SBJ (PRP It)) (VP (BES 's) (INTJ (IN like)) (PRN (, ,) (S (NP-SBJ (PRP you)) (VP (VBP know))) (, ,)) (S-SEZ (INTJ (UH hey)) (, ,) (NP-SBJ-1 (NN everybody)) (VP (VBZ has) (S (NP-SBJ-2 (-NONE- *-1)) (VP (TO to) (VP (VB be) (ADJP-PRD (JJ free) (S (NP-SBJ (-NONE- *-2)) (VP (TO to) (VP (VB do) (NP (PRP$ their) (JJ own) (NN thing)))))))))))) (. .) (-DFL- E_S))",175,296.72,299.3
sw02utt/sw_0292_3023.utt,3/sw3023,3023,121,ar,B,64,4,"{C And } I disagree,  /","And/CC  [ I/PRP ] disagree/VBP ,/,","(S (CC And) (NP-SBJ (PRP I)) (VP (VBP disagree)) (, ,) (-DFL- E_S))",176,299.3,299.96
sw02utt/sw_0292_3023.utt,3/sw3023,3023,122,sv,B,64,5,{C and } I think that's really contributing to this high rate of crime. /,and/CC  [ I/PRP ] think/VBP  [ that/DT ] 's/BES really/RB contributing/VBG to/IN  [ this/DT high/JJ rate/NN ] of/IN  [ crime/NN ] ./.,(S (CC and) (NP-SBJ (PRP I)) (VP (VBP think) (SBAR (-NONE- 0) (S (NP-SBJ (DT that)) (VP (BES 's) (ADVP (RB really)) (VP (VBG contributing) (PP (IN to) (NP (NP (DT this) (JJ high) (NN rate)) (PP (IN of) (NP (NN crime)))))))))) (. .) (-DFL- E_S)),177,299.96,302.59999999999997
sw02utt/sw_0292_3023.utt,3/sw3023,3023,123,aa,A,65,1,"Yes,  /","Yes/UH ,/,","(INTJ (UH Yes) (, ,) (-DFL- E_S))",179,302.69,302.81
sw02utt/sw_0292_3023.utt,3/sw3023,3023,124,aa^r,A,65,2,yes.  /,yes/UH ./.,(INTJ (UH yes) (. .) (-DFL- E_S)),180,302.83,303.33
sw02utt/sw_0292_3023.utt,3/sw3023,3023,125,sv,A,65,3,"{D Well, } {E I mean, } [ I, + I ] guess what I wanted to say {A and I stopped, {F uh, } I do not know, I got diverted, } was [ that, + that, ] {F uh, } [ there's so mu-, + there's so  much ] of a return [ from pris-, + to prison ] that the rehabilitation programs seem to be a failure.  /","Well/UH ,/,  [ I/PRP ] mean/VBP ,/,  [ I/PRP ] ,/,  [ I/PRP ] guess/VBP  [ what/WP ] [ I/PRP ] wanted/VBD to/TO say/VB and/CC  [ I/PRP ] stopped/VBD ,/,  [ uh/UH ] ,/,  [ I/PRP ] do/VBP not/RB know/VB ,/,  [ I/PRP ] got/VBD diverted/VBN ,/, was/VBD that/IN ,/, that/IN ,/,  [ uh/UH ] ,/,  [ there/EX ] 's/BES so/RB  [ mu/JJ ] ,/,  [ there/EX ] 's/BES so/RB much/JJ of/IN  [ a/DT return/NN ] from/IN  [ pris-/NN ] ,/, to/IN prison/NN that/IN  [ the/DT rehabilitation/NN programs/NNS ] seem/VBP to/TO be/VB  [ a/DT failure/NN ] ./.","(S (INTJ (UH Well)) (PRN (, ,) (S (NP-SBJ (PRP I)) (VP (VBP mean))) (, ,)) (EDITED (RM (-DFL- \[)) (NP-SBJ (PRP I)) (, ,) (IP (-DFL- \+))) (NP-SBJ (PRP I)) (RS (-DFL- \])) (VP (VBP guess) (SBAR (-NONE- 0) (S (SBAR-NOM-SBJ (WHNP-1 (WP what)) (S (S (NP-SBJ-3 (PRP I)) (VP (VBD wanted) (S (NP-SBJ (-NONE- *-3)) (VP (TO to) (VP (VB say) (NP (-NONE- *T*-1))))))) (CC and) (S (NP-SBJ (PRP I)) (VP (VBD stopped))))) (PRN (, ,) (S (S (INTJ (UH uh)) (, ,) (NP-SBJ (PRP I)) (VP (VBP do) (RB not) (VP (VB know)))) (, ,) (S (NP-SBJ-2 (PRP I)) (VP (VBD got) (VP (VBN diverted) (NP (-NONE- *-2)))))) (, ,)) (VP (VBD was) (SBAR-PRD (EDITED (RM (-DFL- \[)) (SBAR-PRD-UNF (IN that)) (, ,) (IP (-DFL- \+))) (IN that) (, ,) (RS (-DFL- \])) (INTJ (UH uh)) (, ,) (S (EDITED (RM (-DFL- \[)) (S (NP-SBJ (EX there)) (VP (BES 's) (NP-PRD-UNF (ADJP-UNF (RB so) (JJ mu-))))) (, ,) (IP (-DFL- \+))) (NP-SBJ (EX there)) (VP (BES 's) (NP-PRD (NP (ADJP (RB so) (JJ much))) (RS (-DFL- \])) (PP (IN of) (NP (NP (DT a) (NN return)) (EDITED (RM (-DFL- \[)) (PP-DIR (IN from) (NP-UNF (NN pris-))) (, ,) (IP (-DFL- \+))) (PP-DIR (IN to) (NP (NN prison))))) (RS (-DFL- \])) (SBAR (IN that) (S (NP-SBJ-4 (DT the) (NN rehabilitation) (NNS programs)) (VP (VBP seem) (S (NP-SBJ (-NONE- *-4)) (VP (TO to) (VP (VB be) (NP-PRD (DT a) (NN failure)))))))))))))))) (. .) (-DFL- E_S))",181,303.49,319.46
sw02utt/sw_0292_3023.utt,3/sw3023,3023,126,sv,A,65,4,"<inhaling> [ {C And, } +  {C and } ] that is not emphasized.  /","And/CC ,/, and/CC  [ that/DT ] is/VBZ not/RB emphasized/VBN ./.","(S (EDITED (RM (-DFL- \[)) (CC And) (, ,) (IP (-DFL- \+))) (CC and) (RS (-DFL- \])) (NP-SBJ-1 (DT that)) (VP (VBZ is) (RB not) (VP (VBN emphasized) (NP (-NONE- *-1)))) (. .) (-DFL- E_S))",182,320.0,322.84000000000003
sw02utt/sw_0292_3023.utt,3/sw3023,3023,127,sd,A,65,5,"I recognize [ there's, + there's ] over crowding problems  /","[ I/PRP ] recognize/VBP  [ there/EX ] 's/BES ,/,  [ there/EX ] 's/BES over/GW crowding/^NN  [ problems/NNS ]","(S (NP-SBJ (PRP I)) (VP (VBP recognize) (SBAR (-NONE- 0) (S (EDITED (RM (-DFL- \[)) (S (NP-SBJ (EX there)) (VP-UNF (BES 's))) (, ,) (IP (-DFL- \+))) (NP-SBJ (EX there)) (VP (BES 's) (RS (-DFL- \])) (NP-PRD (TYPO (GW over) (^NN crowding)) (NNS problems)))))) (-DFL- E_S))",183,322.84,325.54
sw02utt/sw_0292_3023.utt,3/sw3023,3023,128,sv,A,65,6,"[ {C and, } +  {C and } ] since we have decided to put everybody in jail that commits a crime now, [ that + ] that's complicated the entire process. /","and/CC ,/, and/CC since/IN  [ we/PRP ] have/VBP decided/VBN to/TO put/VB  [ everybody/NN ] in/IN  [ jail/NN ] [ that/WDT ] commits/VBZ  [ a/DT crime/NN ] now/RB ,/, that/DT  [ that/DT ] 's/HVS complicated/VBN  [ the/DT entire/JJ process/NN ] ./.","(S (EDITED (RM (-DFL- \[)) (CC and) (, ,) (IP (-DFL- \+))) (CC and) (RS (-DFL- \])) (SBAR-PRP (IN since) (S (NP-SBJ-1 (PRP we)) (VP (VBP have) (VP (VBN decided) (S (NP-SBJ (-NONE- *-1)) (VP (TO to) (VP (VB put) (NP (NP (NN everybody)) (SBAR (-NONE- *ICH*-2))) (PP-PUT (IN in) (NP (NN jail))) (SBAR-2 (WHNP-3 (WDT that)) (S (NP-SBJ (-NONE- *T*-3)) (VP (VBZ commits) (NP (DT a) (NN crime)))))))) (ADVP-TMP (RB now)))))) (, ,) (EDITED (RM (-DFL- \[)) (NP-SBJ (DT that)) (IP (-DFL- \+)) (RS (-DFL- \]))) (NP-SBJ (DT that)) (VP (HVS 's) (VP (VBN complicated) (NP (DT the) (JJ entire) (NN process)))) (. .) (-DFL- E_S))",184,325.54,332.24
sw02utt/sw_0292_3023.utt,3/sw3023,3023,129,b,B,66,1,Yeah. /,Yeah/UH ./.,(INTJ (UH Yeah) (. .) (-DFL- E_S)),149,332.62,332.74
sw02utt/sw_0292_3023.utt,3/sw3023,3023,130,%,A,67,1,"What I also think that, - /","[ What/WP ] [ I/PRP ] also/RB think/VBP  [ that/DT ] ,/,","(SBAR-NOM (WHNP (WP What)) (S (NP-SBJ (PRP I)) (ADVP (RB also)) (VP (VBP think) (SBAR-UNF (DT that)))) (, ,) (-DFL- N_S))",188,333.02,334.46
sw02utt/sw_0292_3023.utt,3/sw3023,3023,131,sv,A,67,2,"I guess it's the reflection of the society [ where, + where ] we have so much more mobility and less attachment to, {F uh, } - /","[ I/PRP ] guess/VBP  [ it/PRP ] 's/BES  [ the/DT reflection/NN ] of/IN  [ the/DT society/NN ] where/WRB ,/, where/WRB  [ we/PRP ] have/VBP so/RB  [ much/RB more/JJR mobility/NN ] and/CC  [ less/JJR attachment/NN ] to/IN ,/,  [ uh/UH ] ,/,","(S (NP-SBJ (PRP I)) (VP (VBP guess) (SBAR (-NONE- 0) (S (NP-SBJ (PRP it)) (VP (BES 's) (NP-PRD (NP (DT the) (NN reflection)) (PP (IN of) (NP (NP (DT the) (NN society)) (SBAR (EDITED (RM (-DFL- \[)) (WHADVP (WRB where)) (, ,) (IP (-DFL- \+))) (WHADVP (WRB where)) (RS (-DFL- \])) (S (NP-SBJ (PRP we)) (VP (VBP have) (NP (NP (ADJP (ADVP (RB so) (RB much)) (JJR more)) (NN mobility)) (CC and) (NP (NP (JJR less) (NN attachment)) (PP-UNF (IN to) (, ,) (INTJ (UH uh))))))))))))))) (, ,) (-DFL- N_S))",189,336.06,346.70000000000005
sw02utt/sw_0292_3023.utt,3/sw3023,3023,132,sv,A,67,3,"{D you know, } it does not seem to be any responsibility to the community [ where you, + where you ] live  /","[ you/PRP ] know/VBP ,/,  [ it/PRP ] does/VBZ not/RB seem/VB to/TO be/VB  [ any/DT responsibility/NN ] to/IN  [ the/DT community/NN ] where/WRB  [ you/PRP ] ,/, where/WRB  [ you/PRP ] live/VBP","(S (PRN (S (NP-SBJ (PRP you)) (VP (VBP know))) (, ,)) (NP-SBJ-1 (PRP it)) (VP (VBZ does) (RB not) (VP (VB seem) (S (NP-SBJ (-NONE- *-1)) (VP (TO to) (VP (VB be) (NP-PRD (NP (DT any) (NN responsibility)) (PP (IN to) (NP (NP (DT the) (NN community)) (EDITED (RM (-DFL- \[)) (SBAR-LOC (WHADVP (WRB where)) (S-UNF (NP-SBJ (PRP you)))) (, ,) (IP (-DFL- \+))) (SBAR-LOC (WHADVP-2 (WRB where)) (S (NP-SBJ (PRP you)) (RS (-DFL- \])) (VP (VBP live) (ADVP-LOC (-NONE- *T*-2))))))))))))) (-DFL- E_S))",190,346.7,351.48
sw02utt/sw_0292_3023.utt,3/sw3023,3023,133,sd,A,67,4,"{C or. }   I do not mean [ respons-, + ] attachment and responsibility,  /","or/CC ./.  [ I/PRP ] do/VBP not/RB mean/VB  [ respons-/NN ] ,/,  [ attachment/NN ] and/CC  [ responsibility/NN ] ,/,","(S (CC or) (. .) (NP-SBJ (PRP I)) (VP (VBP do) (RB not) (VP (VB mean) (EDITED (RM (-DFL- \[)) (NP-UNF (NN respons-)) (, ,) (IP (-DFL- \+)) (RS (-DFL- \]))) (NP (NN attachment) (CC and) (NN responsibility)))) (, ,) (-DFL- E_S))",191,351.48,354.46
sw02utt/sw_0292_3023.utt,3/sw3023,3023,134,%,A,67,5,"I guess I mean any sort of, -/","[ I/PRP ] guess/VBP  [ I/PRP ] mean/VBP  [ any/DT sort/NN ] of/IN ,/,","(S (NP-SBJ (PRP I)) (VP (VBP guess) (SBAR (-NONE- 0) (S (NP-SBJ (PRP I)) (VP (VBP mean) (NP (NP (DT any) (NN sort)) (PP-UNF (IN of))))))) (, ,) (-DFL- N_S))",192,354.46,356.84000000000003
sw02utt/sw_0292_3023.utt,3/sw3023,3023,135,sv,B,68,1,"{D Well, } nobody feels responsibility to do something.  /","Well/UH ,/,  [ nobody/NN ] feels/VBZ  [ responsibility/NN ] to/TO do/VB  [ something/NN ] ./.","(S (INTJ (UH Well)) (, ,) (NP-SBJ (NN nobody)) (VP (VBZ feels) (NP-PRD (NN responsibility) (S (NP-SBJ (-NONE- *)) (VP (TO to) (VP (VB do) (NP (NN something))))))) (. .) (-DFL- E_S))",194,356.74,359.15
sw02utt/sw_0292_3023.utt,3/sw3023,3023,136,sv,B,68,2,"It's like, {F oh } boy, I wish they would stop doing that. /","[ It/PRP ] [ 's/BES ] like/IN ,/, oh/UH  [ boy/UH ] ,/,  [ I/PRP ] wish/VBP  [ they/PRP ] would/MD stop/VB doing/VBG  [ that/DT ] ./.","(S (NP-SBJ (PRP It)) (VP (BES 's) (INTJ (IN like)) (, ,) (S-SEZ (INTJ (UH oh)) (INTJ (UH boy)) (, ,) (NP-SBJ (PRP I)) (VP (VBP wish) (SBAR (-NONE- 0) (S (NP-SBJ-1 (PRP they)) (VP (MD would) (VP (VB stop) (S (NP-SBJ (-NONE- *-1)) (VP (VBG doing) (NP (DT that))))))))))) (. .) (-DFL- E_S))",195,359.15,361.33
sw02utt/sw_0292_3023.utt,3/sw3023,3023,137,aa,A,69,1,"Yes,  /","Yes/UH ,/,","(INTJ (UH Yes) (, ,) (-DFL- E_S))",179,361.44,361.62
sw02utt/sw_0292_3023.utt,3/sw3023,3023,138,aa,A,69,2,that's right. /,[ that/DT ] 's/BES right/JJ ./.,(S (NP-SBJ (DT that)) (VP (BES 's) (ADJP-PRD (JJ right))) (. .) (-DFL- E_S)),198,361.62,362.14
sw02utt/sw_0292_3023.utt,3/sw3023,3023,139,b,B,70,1,# Yeah. # /,Yeah/UH ./.,(INTJ (UH Yeah) (. .) (-DFL- E_S)),167,362.03,362.39
sw02utt/sw_0292_3023.utt,3/sw3023,3023,140,b,A,71,1,# Yeah #  /,[ Yeah/UH,(INTJ (UH Yeah) (-DFL- E_S)),202,0.0,0.0
sw02utt/sw_0292_3023.utt,3/sw3023,3023,141,h,A,71,2,"[ I, + I ] do not know how that's, - /","I/PRP ] ,/,  [ I/PRP ] do/VBP not/RB know/VB how/WRB  [ that/DT ] 's/BES ,/,","(S (EDITED (RM (-DFL- \[)) (NP-SBJ (PRP I)) (, ,) (IP (-DFL- \+))) (NP-SBJ (PRP I)) (RS (-DFL- \])) (VP (VBP do) (RB not) (VP (VB know) (SBAR (WHADVP (WRB how)) (S (NP-SBJ (DT that)) (VP-UNF (BES 's)))))) (, ,) (-DFL- N_S))",203,363.06,364.0
sw02utt/sw_0292_3023.utt,3/sw3023,3023,142,h,A,71,3,"I do not think it's done by, {F uh, } - /","[ I/PRP ] do/VBP not/RB think/VB  [ it/PRP ] 's/BES done/VBN by/IN ,/,  [ uh/UH ] ,/,","(S (NP-SBJ (PRP I)) (VP (VBP do) (RB not) (VP (VB think) (SBAR (-NONE- 0) (S (NP-SBJ-1 (PRP it)) (VP (BES 's) (VP (VBN done) (NP (-NONE- *-1)) (PP-UNF (IN by) (, ,) (INTJ (UH uh))))))))) (, ,) (-DFL- N_S))",204,364.0,365.7
sw02utt/sw_0292_3023.utt,3/sw3023,3023,143,sv,A,71,4,the changes come simply by statutory nature.  /,[ the/DT changes/NNS ] come/VBP simply/RB by/IN  [ statutory/JJ nature/NN ] ./.,(S (NP-SBJ (DT the) (NNS changes)) (VP (VBP come) (PP (ADVP (RB simply)) (IN by) (NP (JJ statutory) (NN nature)))) (. .) (-DFL- E_S)),205,366.34,369.58
sw02utt/sw_0292_3023.utt,3/sw3023,3023,144,sd,A,71,5,I do not know what it really will take <laughter>. /,[ I/PRP ] do/VBP not/RB know/VB  [ what/WP ] [ it/PRP ] really/RB will/MD take/VB ./.,(S (NP-SBJ (PRP I)) (VP (VBP do) (RB not) (VP (VB know) (SBAR (WHNP-1 (WP what)) (S (NP-SBJ (PRP it)) (ADVP (RB really)) (VP (MD will) (VP (VB take) (NP (-NONE- *T*-1)))))))) (. .) (-DFL- E_S)),206,370.24,371.9
sw02utt/sw_0292_3023.utt,3/sw3023,3023,145,b,B,72,1,{F Um. } /,Um/UH ./.,(INTJ (UH Um) (. .) (-DFL- E_S)),208,371.79,371.89000000000004
sw02utt/sw_0292_3023.utt,3/sw3023,3023,146,sd,A,73,1,"</Laughter> {C And, }  I do not know if I have solutions, [ except, + except ] to, - /","And/CC ,/,  [ I/PRP ] do/VBP not/RB know/VB if/IN  [ I/PRP ] have/VBP  [ solutions/NNS ] ,/, except/IN ,/, except/IN to/TO ,/,","(S (CC And) (, ,) (NP-SBJ (PRP I)) (VP (VBP do) (RB not) (VP (VB know) (SBAR (IN if) (S (NP-SBJ (PRP I)) (VP (VBP have) (NP (NNS solutions)) (, ,) (EDITED (RM (-DFL- \[)) (PP-UNF (IN except)) (, ,) (IP (-DFL- \+))) (PP (IN except) (RS (-DFL- \])) (SBAR (-NONE- 0) (S (NP-SBJ (-NONE- *)) (VP-UNF (TO to)))))))))) (, ,) (-DFL- N_S))",210,372.44,376.06
sw02utt/sw_0292_3023.utt,3/sw3023,3023,147,sd,A,73,2,"{D you know, } I am sort of [ [ a, + a, ] + an ] advocate [ [ [ of, + of, ] + {F uh, } of  letting people, ] + of having ] free speech  /","[ you/PRP ] know/VBP ,/,  [ I/PRP ] am/VBP  [ sort/RB ] of/RB  [ a/DT ] ,/,  [ a/DT ] ,/,  [ an/DT advocate/NN ] of/IN ,/, of/IN ,/,  [ uh/UH ] ,/, of/IN letting/VBG  [ people/NNS ] ,/, of/IN having/VBG  [ free/JJ speech/NN ]","(S (PRN (S (NP-SBJ (PRP you)) (VP (VBP know))) (, ,)) (NP-SBJ (PRP I)) (VP (VBP am) (ADVP (RB sort) (RB of)) (EDITED (RM (-DFL- \[)) (EDITED (RM (-DFL- \[)) (NP-PRD-UNF (DT a)) (, ,) (IP (-DFL- \+))) (NP-PRD-UNF (DT a)) (, ,) (RS (-DFL- \])) (IP (-DFL- \+))) (NP-PRD (NP (DT an) (RS (-DFL- \])) (NN advocate)) (EDITED (RM (-DFL- \[)) (EDITED (RM (-DFL- \[)) (EDITED (RM (-DFL- \[)) (PP-UNF (IN of)) (, ,) (IP (-DFL- \+))) (PP-UNF (IN of)) (, ,) (RS (-DFL- \])) (IP (-DFL- \+))) (INTJ (UH uh)) (, ,) (PP (IN of) (S-NOM (NP-SBJ (-NONE- *)) (VP (VBG letting) (S-UNF (NP-SBJ (NNS people)))))) (, ,) (RS (-DFL- \])) (IP (-DFL- \+))) (PP (IN of) (S-NOM (NP-SBJ (-NONE- *)) (VP (VBG having) (RS (-DFL- \])) (NP (JJ free) (NN speech))))))) (-DFL- E_S))",211,376.22,384.72
sw02utt/sw_0292_3023.utt,3/sw3023,3023,148,%,A,73,3,"{C and } I guess to curb, {F uh, } - /","and/CC  [ I/PRP ] guess/VBP to/TO curb/VB ,/,  [ uh/UH ] ,/,","(S (CC and) (NP-SBJ (PRP I)) (VP (VBP guess) (SBAR (-NONE- 0) (S (S-SBJ (NP-SBJ (-NONE- *)) (VP (TO to) (VP (VB curb) (, ,) (INTJ (UH uh)) (, ,) (-DFL- N_S) (EDITED (RM (-DFL- \[)) (NP (NN television)) (, ,) (IP (-DFL- \+))) (INTJ (UH uh)) (, ,) (NP (NP (DT the) (NN violence)) (PP (PP (IN on) (NP (NN television))) (RS (-DFL- \])) (CC and) (PP (IN in) (NP (DT the) (NNS movies)))))))) (VP (MD would) (VP (VB be) (ADJP-PRD (JJ contrary) (PP (IN to) (NP (NP (PRP$ my) (NNS beliefs)) (PP (IN in) (NP (DT that))))))))))) (. .) (-DFL- E_S))",212,384.72,385.96000000000004
sw02utt/sw_0292_3023.utt,3/sw3023,3023,149,sv,A,73,4,"[ television, + {F uh, } the violence on television ] and in the movies would be contrary to my beliefs in that. /","[ television/NN ] ,/,  [ uh/UH ] ,/,  [ the/DT violence/NN ] on/IN  [ television/NN ] and/CC in/IN  [ the/DT movies/NNS ] would/MD be/VB contrary/JJ to/IN  [ my/PRP$ beliefs/NNS ] in/IN  [ that/DT ] ./.","(S (CC and) (NP-SBJ (PRP I)) (VP (VBP guess) (SBAR (-NONE- 0) (S (S-SBJ (NP-SBJ (-NONE- *)) (VP (TO to) (VP (VB curb) (, ,) (INTJ (UH uh)) (, ,) (-DFL- N_S) (EDITED (RM (-DFL- \[)) (NP (NN television)) (, ,) (IP (-DFL- \+))) (INTJ (UH uh)) (, ,) (NP (NP (DT the) (NN violence)) (PP (PP (IN on) (NP (NN television))) (RS (-DFL- \])) (CC and) (PP (IN in) (NP (DT the) (NNS movies)))))))) (VP (MD would) (VP (VB be) (ADJP-PRD (JJ contrary) (PP (IN to) (NP (NP (PRP$ my) (NNS beliefs)) (PP (IN in) (NP (DT that))))))))))) (. .) (-DFL- E_S))",212,387.02,392.46
sw02utt/sw_0292_3023.utt,3/sw3023,3023,150,b,B,74,1,Yeah. /,Yeah/UH ./.,(INTJ (UH Yeah) (. .) (-DFL- E_S)),171,392.34,392.44
sw02utt/sw_0292_3023.utt,3/sw3023,3023,151,%,A,75,1,"However, there does seem to be a, - /","However/RB ,/,  [ there/EX ] does/VBZ seem/VB to/TO be/VB  [ a/DT ] ,/,","(S (ADVP (RB However)) (, ,) (NP-SBJ-1 (EX there)) (VP (VBZ does) (VP (VB seem) (S (NP-SBJ (-NONE- *-1)) (VP (TO to) (VP (VB be) (NP-PRD-UNF (DT a))))))) (, ,) (-DFL- N_S))",216,392.8,394.09999999999997
sw02utt/sw_0292_3023.utt,3/sw3023,3023,152,%,A,75,2,"right now in verbalizing, - /","right/NN now/RB in/IN verbalizing/VBG ,/,","(S-UNF (ADVP-TMP (NN right) (RB now)) (PP (IN in) (S-NOM (NP-SBJ (-NONE- *)) (VP-UNF (VBG verbalizing)))) (, ,) (-DFL- N_S))",217,394.54,395.58
sw02utt/sw_0292_3023.utt,3/sw3023,3023,153,sv,A,75,3,it does seem to be a higher need for something of that sort. /,[ it/PRP ] does/VBZ seem/VB to/TO be/VB  [ a/DT higher/JJR need/NN ] for/IN  [ something/NN ] of/IN  [ that/DT sort/NN ] ./.,(S (NP-SBJ-1 (PRP it)) (VP (VBZ does) (VP (VB seem) (S (NP-SBJ (-NONE- *-1)) (VP (TO to) (VP (VB be) (NP-PRD (NP (DT a) (JJR higher) (NN need)) (PP (IN for) (NP (NP (NN something)) (PP (IN of) (NP (DT that) (NN sort))))))))))) (. .) (-DFL- E_S)),218,395.58,398.32
sw02utt/sw_0292_3023.utt,3/sw3023,3023,154,b,B,76,1,"Yeah,  /","Yeah/UH ,/,","(INTJ (UH Yeah) (, ,) (-DFL- E_S))",220,398.2,398.28
sw02utt/sw_0292_3023.utt,3/sw3023,3023,155,%,B,76,2,"{C and then } how many, -/","and/CC then/RB how/WRB many/JJ ,/,","(SBARQ-UNF (CONJP (CC and) (RB then)) (WHNP-UNF (WHADJP (WRB how) (JJ many))) (, ,) (-DFL- N_S))",221,398.28,399.46
sw02utt/sw_0292_3023.utt,3/sw3023,3023,156,sv,A,77,1,{C And } the sacrifice is not that great. /,And/CC  [ the/DT sacrifice/NN ] is/VBZ not/RB that/RB  [ great/JJ ] ./.,(S (CC And) (NP-SBJ (DT the) (NN sacrifice)) (VP (VBZ is) (RB not) (ADJP-PRD (RB that) (JJ great))) (. .) (-DFL- E_S)),223,399.64,401.46
sw02utt/sw_0292_3023.utt,3/sw3023,3023,157,qh,B,78,1,"How many studies have to be done to show that there is a link between,","How/WRB  [ many/JJ studies/NNS ] have/VBP to/TO be/VB done/VBN to/TO show/VB that/IN  [ there/EX ] is/VBZ  [ a/DT link/NN ] between/IN ,/,","(SBARQ (WHNP-2 (WHADJP (WRB How) (JJ many)) (NNS studies)) (SQ (NP-SBJ-3 (-NONE- *T*-2)) (VP (VBP have) (S (NP-SBJ-4 (-NONE- *-3)) (VP (TO to) (VP (VB be) (VP (VBN done) (NP (-NONE- *-4)) (S-PRP (NP-SBJ (-NONE- *)) (VP (TO to) (VP (VB show) (SBAR (IN that) (S (NP-SBJ (EX there)) (VP (VBZ is) (NP-PRD (NP (DT a) (NN link)) (PP (IN between) (PRN (, ,) (S (NP-SBJ (PRP you)) (VP (VBP know))) (, ,)) (SBAR (SBAR-NOM (WHNP-1 (WP what)) (S (NP-SBJ (PRP you)) (VP (VBP see) (NP (-NONE- *T*-1))))) (CC and) (SBAR-MNR (WHADVP (WRB how)) (S-UNF (NP-SBJ-UNF (PRP yo-))))))))))))))))))) (, ,) (-DFL- N_S))",225,401.84,405.44
sw02utt/sw_0292_3023.utt,3/sw3023,3023,158,b,A,79,1,Yeah. /,Yeah/UH ./.,(INTJ (UH Yeah) (. .) (-DFL- E_S)),200,405.56,405.9
sw02utt/sw_0292_3023.utt,3/sw3023,3023,159,+,B,80,1,"{D you know, }  what you see and how yo-, - /","[ you/PRP ] know/VBP ,/,  [ what/WP ] [ you/PRP ] see/VBP and/CC how/WRB  [ yo-/PRP ] ,/,","(SBARQ (WHNP-2 (WHADJP (WRB How) (JJ many)) (NNS studies)) (SQ (NP-SBJ-3 (-NONE- *T*-2)) (VP (VBP have) (S (NP-SBJ-4 (-NONE- *-3)) (VP (TO to) (VP (VB be) (VP (VBN done) (NP (-NONE- *-4)) (S-PRP (NP-SBJ (-NONE- *)) (VP (TO to) (VP (VB show) (SBAR (IN that) (S (NP-SBJ (EX there)) (VP (VBZ is) (NP-PRD (NP (DT a) (NN link)) (PP (IN between) (PRN (, ,) (S (NP-SBJ (PRP you)) (VP (VBP know))) (, ,)) (SBAR (SBAR-NOM (WHNP-1 (WP what)) (S (NP-SBJ (PRP you)) (VP (VBP see) (NP (-NONE- *T*-1))))) (CC and) (SBAR-MNR (WHADVP (WRB how)) (S-UNF (NP-SBJ-UNF (PRP yo-))))))))))))))))))) (, ,) (-DFL- N_S))",225,405.78,406.84000000000003
sw02utt/sw_0292_3023.utt,3/sw3023,3023,160,sv,B,80,2,"{E I mean, } what you see  affects how you think and therefore what you do. /","[ I/PRP ] mean/VBP ,/,  [ what/WP ] [ you/PRP ] see/VBP affects/VBZ how/WRB  [ you/PRP ] think/VBP and/CC therefore/RB  [ what/WP ] [ you/PRP ] do/VBP ./.","(S (PRN (S (NP-SBJ (PRP I)) (VP (VBP mean))) (, ,)) (SBAR-NOM-SBJ (WHNP-1 (WP what)) (S (NP-SBJ (PRP you)) (VP (VBP see) (NP (-NONE- *T*-1))))) (VP (VBZ affects) (SBAR-NOM (SBAR (WHADVP-2 (WRB how)) (S (NP-SBJ (PRP you)) (VP (VBP think) (ADVP-MNR (-NONE- *T*-2))))) (CC and) (ADVP (RB therefore)) (SBAR (WHNP-3 (WP what)) (S (NP-SBJ (PRP you)) (VP (VBP do) (NP (-NONE- *T*-3))))))) (. .) (-DFL- E_S))",229,406.84,409.7
sw02utt/sw_0292_3023.utt,3/sw3023,3023,161,aa,A,81,1,"Yes,  /","Yes/UH ,/,","(INTJ (UH Yes) (, ,) (-DFL- E_S))",197,409.82,410.15999999999997
sw02utt/sw_0292_3023.utt,3/sw3023,3023,162,aa,A,81,2,"yes,  /","yes/UH ,/,","(INTJ (UH yes) (, ,) (-DFL- E_S))",232,410.16,410.42
sw02utt/sw_0292_3023.utt,3/sw3023,3023,163,aa,A,81,3,"[ I think, + I think ] that's correct. /","[ I/PRP ] think/VBP ,/,  [ I/PRP ] think/VBP  [ that/DT ] 's/BES correct/JJ ./.","(S (EDITED (RM (-DFL- \[)) (S (NP-SBJ (PRP I)) (VP-UNF (VBP think))) (, ,) (IP (-DFL- \+))) (NP-SBJ (PRP I)) (VP (VBP think) (RS (-DFL- \])) (SBAR (-NONE- 0) (S (NP-SBJ (DT that)) (VP (BES 's) (ADJP-PRD (JJ correct)))))) (. .) (-DFL- E_S))",233,410.42,411.86
sw02utt/sw_0292_3023.utt,3/sw3023,3023,164,%,B,82,1,"{C And, }  <throat_clearing> yes  /","And/CC ,/, yes/UH","(FRAG (CC And) (, ,) (INTJ (UH yes)) (-DFL- E_S))",235,411.78,413.16
sw02utt/sw_0292_3023.utt,3/sw3023,3023,165,%,B,82,2,"{C but, } {D you know, } as soon as you start, {F uh, } -/","but/CC ,/,  [ you/PRP ] know/VBP ,/, as/RB soon/RB as/IN  [ you/PRP ] start/VBP ,/, uh/UH ,/,","(S-UNF (CC but) (PRN (, ,) (S (NP-SBJ (PRP you)) (VP (VBP know))) (, ,)) (ADVP (ADVP (RB as) (RB soon)) (SBAR (IN as) (S (NP-SBJ (PRP you)) (VP-UNF (VBP start) (, ,) (INTJ (UH uh)))))) (, ,) (-DFL- N_S))",236,413.22,415.48
sw02utt/sw_0292_3023.utt,3/sw3023,3023,166,sd,A,83,1,"{D Well, } [ Texas has, + {F uh, } Texas  [ has, + {F uh, } has ] ] always struck me, - /","Well/UH ,/,  [ Texas/NNP ] has/VBZ ,/,  [ uh/UH ] ,/,  [ Texas/NNP ] has/VBZ ,/,  [ uh/UH ] ,/, has/VBZ always/RB struck/VBN  [ me/PRP ] ,/,","(S (INTJ (UH Well)) (, ,) (EDITED (RM (-DFL- \[)) (S (NP-SBJ (NNP Texas)) (VP-UNF (VBZ has))) (, ,) (IP (-DFL- \+))) (INTJ (UH uh)) (, ,) (NP-SBJ (NNP Texas)) (EDITED (RM (-DFL- \[)) (VP-UNF (VBZ has)) (, ,) (IP (-DFL- \+))) (INTJ (UH uh)) (, ,) (VP (VBZ has) (RS (-DFL- \])) (RS (-DFL- \])) (ADVP-TMP (RB always)) (VP-UNF (VBN struck) (NP (PRP me)))) (, ,) (-DFL- N_S))",238,415.6,418.8
sw02utt/sw_0292_3023.utt,3/sw3023,3023,167,sd,A,83,2,"{E I mean } [ [ I, + I, ] + I ] have lived in and out of Texas, both in the service and, {F uh, } {F uh, } short business stints.  /","[ I/PRP ] mean/VBP  [ I/PRP ] ,/,  [ I/PRP ] ,/,  [ I/PRP ] have/VBP lived/VBN in/IN and/CC out/IN of/IN  [ Texas/NNP ] ,/,  [ both/DT ] in/IN  [ the/DT service/NN ] and/CC ,/,  [ uh/UH ] ,/,  [ uh/UH ] ,/,  [ short/JJ business/NN stints/NNS ] ./.","(S (PRN (S (NP-SBJ (PRP I)) (VP (VBP mean)))) (EDITED (RM (-DFL- \[)) (EDITED (RM (-DFL- \[)) (NP-SBJ (PRP I)) (, ,) (IP (-DFL- \+))) (NP-SBJ (PRP I)) (, ,) (RS (-DFL- \])) (IP (-DFL- \+))) (NP-SBJ (PRP I)) (RS (-DFL- \])) (VP (VBP have) (VP (VBN lived) (PP-LOC (IN in) (CC and) (IN out) (PP (IN of) (NP (NNP Texas)))) (, ,) (DT both) (PP (IN in) (NP (NP (DT the) (NN service)) (CC and) (, ,) (INTJ (UH uh)) (, ,) (INTJ (UH uh)) (, ,) (NP (JJ short) (NN business) (NNS stints)))))) (. .) (-DFL- E_S))",239,418.8,424.88
sw02utt/sw_0292_3023.utt,3/sw3023,3023,168,sv,A,83,3,"{C And } it seems to me they are a [ pretty, + pretty  ] tough law and order  state,  /","And/CC  [ it/PRP ] seems/VBZ to/IN  [ me/PRP ] [ they/PRP ] are/VBP  [ a/DT ] pretty/RB ,/,  [ pretty/RB tough/JJ law/NN ] and/CC  [ order/NN state/NN ] ,/,","(S (CC And) (NP-SBJ (PRP it)) (VP (VBZ seems) (PP (IN to) (NP (PRP me))) (SBAR (-NONE- 0) (S (NP-SBJ (PRP they)) (VP (VBP are) (NP-PRD (DT a) (EDITED (RM (-DFL- \[)) (ADJP-UNF (RB pretty)) (, ,) (IP (-DFL- \+))) (ADJP (RB pretty) (RS (-DFL- \])) (JJ tough)) (NN law) (CC and) (NN order) (NN state)))))) (, ,) (-DFL- E_S))",240,424.88,428.32
sw02utt/sw_0292_3023.utt,3/sw3023,3023,169,%,A,83,4,"{C but }  (( that's a, )) - /","but/CC  [ that/DT ] 's/BES  [ a/DT ] ,/,","(S (CC but) (NP-SBJ (DT that)) (VP (BES 's) (NP-PRD-UNF (DT a))) (, ,) (-DFL- N_S))",241,428.32,429.03999999999996
sw02utt/sw_0292_3023.utt,3/sw3023,3023,170,sv,A,83,5,{C but } yet that does not seem to have effected the amount of violent right in the state.  /,but/CC yet/RB that/DT  does/VBZ not/RB seem/VB to/TO have/VB effected/VBN  [ the/DT amount/NN ] of/IN  [ violent/JJ right/RB ] in/IN  [ the/DT state/NN ] ./.,(S (CONJP (CC but) (RB yet)) (NP-SBJ-1 (DT that)) (VP (VBZ does) (RB not) (VP (VB seem) (S (NP-SBJ (-NONE- *-1)) (VP (TO to) (VP (VB have) (VP (TYPO (VBN effected)) (NP (NP (DT the) (NN amount)) (PP (IN of) (NP (JJ violent))) (PP-LOC (ADVP (RB right)) (IN in) (NP (DT the) (NN state)))))))))) (. .) (-DFL- E_S)),242,429.04,434.23999999999995
sw02utt/sw_0292_3023.utt,3/sw3023,3023,171,%,A,83,6,"Just citing that, {D you know. } -/","Just/RB citing/VBG  [ that/DT ] ,/,  [ you/PRP ] know/VBP ./.","(S (NP-SBJ (-NONE- *)) (ADVP (RB Just)) (VP (VBG citing) (NP (DT that)) (PRN (, ,) (S (NP-SBJ (PRP you)) (VP (VBP know))))) (. .) (-DFL- N_S))",243,434.32,435.54
sw02utt/sw_0292_3023.utt,3/sw3023,3023,172,b,B,84,1,"Yeah,  /","Yeah/UH ,/,","(INTJ (UH Yeah) (, ,) (-DFL- E_S))",220,435.65,435.95
sw02utt/sw_0292_3023.utt,3/sw3023,3023,173,%,B,84,2,"{F uh, } unfortunately you have got a lot of the, <inhaling> {F uh, } - /","[ uh/UH ] ,/, unfortunately/RB  [ you/PRP ] have/VBP got/VBN  [ a/DT lot/NN ] of/IN  [ the/DT ] ,/,  [ uh/UH ] ,/,","(S (INTJ (UH uh)) (, ,) (ADVP (RB unfortunately)) (NP-SBJ (PRP you)) (VP (VBP have) (VP (VBN got) (NP (NP (DT a) (NN lot)) (PP (IN of) (NP-UNF (DT the) (, ,) (INTJ (UH uh))))))) (, ,) (-DFL- N_S))",246,436.25,440.03
sw02utt/sw_0292_3023.utt,3/sw3023,3023,174,sv,B,84,3,"[ some, +  {D well } a lot  ] of it can be contributed to [ th-, + the ] racial differences,  {E I mean, } just that we are so close,","some/RB ,/, well/UH  [ a/DT lot/NN ] of/IN  [ it/PRP ] can/MD be/VB contributed/VBN to/IN  [ th-/DT ] ,/,  [ the/DT racial/JJ differences/NNS ] ,/,  [ I/PRP ] mean/VBP ,/, just/RB that/IN  [ we/PRP ] are/VBP so/RB close/RB ,/,","(S (EDITED (RM (-DFL- \[)) (NP-SBJ-UNF (RB some)) (, ,) (IP (-DFL- \+))) (INTJ (UH well)) (NP-SBJ-1 (NP (DT a) (NN lot)) (RS (-DFL- \])) (PP (IN of) (NP (PRP it)))) (VP (MD can) (VP (VB be) (VP (VBN contributed) (NP (-NONE- *-1)) (PP (IN to) (UCP (EDITED (RM (-DFL- \[)) (NP-UNF (DT th-)) (, ,) (IP (-DFL- \+))) (NP (DT the) (RS (-DFL- \])) (JJ racial) (NNS differences)) (PRN (, ,) (S (NP-SBJ (PRP I)) (VP (VBP mean))) (, ,)) (SBAR (ADVP (RB just)) (IN that) (S (NP-SBJ (PRP we)) (VP (VBP are) (ADVP-LOC-PRD (RB so) (RB close) (, ,) (PP (IN to) (NP (NP (DT the) (NN border)) (PP (IN with) (NP (NNP Mexico)))))))))))))) (, ,) (-DFL- E_S))",247,440.61,446.96999999999997
sw02utt/sw_0292_3023.utt,3/sw3023,3023,175,b,A,85,1,Yeah. /,Yeah/UH ./.,(INTJ (UH Yeah) (. .) (-DFL- E_S)),214,447.1,447.32000000000005
sw02utt/sw_0292_3023.utt,3/sw3023,3023,176,+,B,86,1,"to the border with Mexico,  /","to/IN  [ the/DT border/NN ] with/IN  [ Mexico/NNP ] ,/,","(S (EDITED (RM (-DFL- \[)) (NP-SBJ-UNF (RB some)) (, ,) (IP (-DFL- \+))) (INTJ (UH well)) (NP-SBJ-1 (NP (DT a) (NN lot)) (RS (-DFL- \])) (PP (IN of) (NP (PRP it)))) (VP (MD can) (VP (VB be) (VP (VBN contributed) (NP (-NONE- *-1)) (PP (IN to) (UCP (EDITED (RM (-DFL- \[)) (NP-UNF (DT th-)) (, ,) (IP (-DFL- \+))) (NP (DT the) (RS (-DFL- \])) (JJ racial) (NNS differences)) (PRN (, ,) (S (NP-SBJ (PRP I)) (VP (VBP mean))) (, ,)) (SBAR (ADVP (RB just)) (IN that) (S (NP-SBJ (PRP we)) (VP (VBP are) (ADVP-LOC-PRD (RB so) (RB close) (, ,) (PP (IN to) (NP (NP (DT the) (NN border)) (PP (IN with) (NP (NNP Mexico)))))))))))))) (, ,) (-DFL- E_S))",247,447.19,448.37
sw02utt/sw_0292_3023.utt,3/sw3023,3023,177,sv,B,86,2,we have got a lot of that influence. /,[ we/PRP ] have/VBP got/VBN  [ a/DT lot/NN ] of/IN  [ that/DT influence/NN ] ./.,(S (NP-SBJ (PRP we)) (VP (VBP have) (VP (VBN got) (NP (NP (DT a) (NN lot)) (PP (IN of) (NP (DT that) (NN influence)))))) (. .) (-DFL- E_S)),251,448.37,449.59
sw02utt/sw_0292_3023.utt,3/sw3023,3023,178,b,A,87,1,Yeah. /,Yeah/UH ./.,(INTJ (UH Yeah) (. .) (-DFL- E_S)),227,449.72,449.8
